#VRML V2.0 utf8
# 3D model generated by easyeda2kicad.py (https://github.com/uPesy/easyeda2kicad.py)

Shape{
    appearance Appearance {
        material  Material 	{
            diffuseColor 0.2235294117647059 0.2235294117647059 0.2235294117647059
            specularColor 0.11372549019607843 0.11372549019607843 0.11372549019607843
            ambientIntensity 0.2235
            transparency 0.0
            shininess 0.5
        }
    }
    geometry IndexedFaceSet {
        ccw TRUE
        solid FALSE
        coord DEF co Coordinate {
            point [
                -0.0796 1.0273 0.0787, -0.0642 -0.0638 0.0787, -0.0796 -0.0821 0.0787, -0.0642 -0.0811 0.0787, 0.0203 -0.0811 0.0787, -0.0604 0.0591 0.0787, -0.0008 0.0591 0.0787, -0.0008 0.0073 0.0787, 0.051 -0.0729 0.0787, 0.051 -0.0556 0.0787, 0.0203 0.0764 0.0787, -0.0008 -0.01 0.0787, -0.0008 -0.0638 0.0787, -0.0565 -0.01 0.0787, -0.0565 0.0073 0.0787, 0.129 -0.0757 0.0787, 0.1816 -0.0811 0.0787, 0.1138 -0.081 0.0787, 0.1036 -0.0821 0.0787, -0.0604 0.0764 0.0787, 0.1599 0.0349 0.0787, 0.1506 0.0496 0.0787, 0.2411 0.0764 0.0787, 0.1034 0.0593 0.0787, 0.1152 0.055 0.0787, 0.0538 -0.0572 0.0787, 0.1261 0.0477 0.0787, 0.1356 0.0372 0.0787, 0.147 -0.004 0.0787, 0.1454 -0.0211 0.0787, 0.1412 -0.0346 0.0787, 0.1061 -0.0641 0.0787, 0.0914 -0.0657 0.0787, 0.1176 -0.0599 0.0787, 0.1273 -0.0533 0.0787, 0.1347 -0.0455 0.0787, 0.0705 -0.0634 0.0787, 0.1421 0.0251 0.0787, 0.1463 0.0082 0.0787, 0.1364 0.0633 0.0787, 0.2623 0.0764 0.0787, 2.484 1.0273 0.0787, 0.2623 -0.0811 0.0787, 2.484 -0.0821 0.0787, 0.1417 -0.0677 0.0787, 0.1535 -0.0552 0.0787, 0.1816 -0.0638 0.0787, 0.1619 -0.0402 0.0787, 0.2411 -0.0638 0.0787, 0.1666 -0.0236 0.0787, 0.1682 -0.0053 0.0787, 0.1659 0.0171 0.0787, 0.1214 0.0719 0.0787, 0.1039 0.077 0.0787, 0.0881 0.0783 0.0787, 0.0692 0.077 0.0787, 0.051 0.0721 0.0787, 0.051 0.0509 0.0787, 0.0688 0.0585 0.0787, 0.0879 0.061 0.0787, 0.0943 -0.083 0.0787, 2.484 -1.0273 0.0787, 0.09 -0.0829 0.0787, -0.0796 -1.0273 0.0787, 0.0837 -0.0821 0.0787, -2.484 -1.0273 0.0787, -2.484 -0.0821 0.0787, 0.0678 -0.0798 0.0787, -0.2332 -0.0811 0.0787, -0.2138 -0.0379 0.0787, -0.2048 -0.052 0.0787, -0.3523 -0.0811 0.0787, -0.3753 -0.0811 0.0787, -0.3139 0.0764 0.0787, -2.484 1.0273 0.0787, -0.2928 0.0764 0.0787, -0.1918 -0.0644 0.0787, -0.1754 -0.074 0.0787, -0.1572 -0.0794 0.0787, -0.1378 -0.0811 0.0787, -0.0949 -0.0811 0.0787, -0.0949 0.0764 0.0787, -0.1394 0.0764 0.0787, -0.1979 0.0559 0.0787, -0.209 0.0435 0.0787, -0.2163 0.03 0.0787, -0.1621 0.074 0.0787, -0.1806 0.0675 0.0787, -0.1977 0.056 0.0787, -0.2563 -0.0811 0.0787, -0.2713 -0.0369 0.0787, -0.3364 -0.0369 0.0787, -0.2206 0.0144 0.0787, -0.2217 -0.0004 0.0787, -0.2195 -0.0214 0.0787, 2.5225 1.0801 0.4539, 2.5337 1.077 0.432, -2.5004 1.0827 0.4724, -2.3307 1.0827 0.4724, -2.3307 1.0744 0.4134, -2.5337 1.077 0.432, -2.5225 1.0801 0.4539, -2.5168 1.0812 0.4619, -2.503 1.0826 0.4721, -2.5057 1.0825 0.4713, -2.1693 1.0827 0.4724, -1.8307 1.0827 0.4724, -2.1693 1.0744 0.4134, -1.8307 1.0744 0.4134, -1.6693 1.0744 0.4134, -0.8307 1.0744 0.4134, -0.6693 1.0744 0.4134, -2.5112 1.082 0.4677, -2.5084 1.0823 0.4698, -1.1693 1.0744 0.4134, -1.1693 1.0827 0.4724, -0.8307 1.0827 0.4724, -1.3307 1.0744 0.4134, -1.3307 1.0827 0.4724, -1.6693 1.0827 0.4724, 0.1693 1.0744 0.4134, 0.3307 1.0744 0.4134, -0.1693 1.0744 0.4134, -0.1693 1.0827 0.4724, 0.1693 1.0827 0.4724, -0.3307 1.0744 0.4134, -0.3307 1.0827 0.4724, -0.6693 1.0827 0.4724, 1.1693 1.0744 0.4134, 1.3307 1.0744 0.4134, 0.8307 1.0744 0.4134, 0.8307 1.0827 0.4724, 1.1693 1.0827 0.4724, 0.6693 1.0744 0.4134, 0.6693 1.0827 0.4724, 0.3307 1.0827 0.4724, 1.8307 1.0744 0.4134, 1.8307 1.0827 0.4724, 2.1693 1.0827 0.4724, 2.1693 1.0744 0.4134, 1.6693 1.0744 0.4134, 1.6693 1.0827 0.4724, 1.3307 1.0827 0.4724, 2.3307 1.0744 0.4134, 2.3307 1.0827 0.4724, 2.5004 1.0827 0.4724, 2.503 1.0826 0.4721, 2.5057 1.0825 0.4713, 2.5084 1.0823 0.4698, 2.5112 1.082 0.4677, 2.5168 1.0812 0.4619, 2.4498 1.0321 0.8323, 2.3307 1.081 0.4843, 2.1693 1.081 0.4843, 1.8307 1.081 0.4843, 1.6693 1.081 0.4843, 1.3307 1.081 0.4843, 1.1693 1.081 0.4843, 0.8307 1.081 0.4843, 0.6693 1.081 0.4843, 0.3307 1.081 0.4843, 0.1693 1.081 0.4843, -0.1693 1.081 0.4843, -0.3307 1.081 0.4843, -1.3307 1.081 0.4843, -0.6693 1.081 0.4843, -0.8307 1.081 0.4843, -1.1693 1.081 0.4843, -1.6693 1.081 0.4843, -1.8307 1.081 0.4843, -2.1693 1.081 0.4843, -2.3307 1.081 0.4843, -2.4498 1.0321 0.8323, -2.5225 -1.0801 0.4539, -2.5337 -1.077 0.432, 2.5004 -1.0827 0.4724, 2.3307 -1.0827 0.4724, 2.3307 -1.0744 0.4134, 2.1693 -1.0827 0.4724, 1.8307 -1.0827 0.4724, 2.1693 -1.0744 0.4134, 1.8307 -1.0744 0.4134, 2.5337 -1.077 0.432, 2.5225 -1.0801 0.4539, 2.5168 -1.0812 0.4619, 2.503 -1.0826 0.4721, 2.5057 -1.0825 0.4713, 1.6693 -1.0744 0.4134, 2.5112 -1.082 0.4677, 2.5084 -1.0823 0.4698, 1.1693 -1.0744 0.4134, 1.1693 -1.0827 0.4724, 0.8307 -1.0827 0.4724, 0.8307 -1.0744 0.4134, 0.6693 -1.0744 0.4134, 1.3307 -1.0744 0.4134, 1.3307 -1.0827 0.4724, 1.6693 -1.0827 0.4724, 0.1693 -1.0744 0.4134, 0.1693 -1.0827 0.4724, -0.1693 -1.0827 0.4724, -0.1693 -1.0744 0.4134, -0.3307 -1.0744 0.4134, 0.3307 -1.0744 0.4134, 0.3307 -1.0827 0.4724, 0.6693 -1.0827 0.4724, -0.8307 -1.0744 0.4134, -0.8307 -1.0827 0.4724, -1.1693 -1.0827 0.4724, -1.1693 -1.0744 0.4134, -1.3307 -1.0744 0.4134, -0.6693 -1.0744 0.4134, -0.6693 -1.0827 0.4724, -0.3307 -1.0827 0.4724, -1.8307 -1.0744 0.4134, -1.8307 -1.0827 0.4724, -2.1693 -1.0827 0.4724, -2.1693 -1.0744 0.4134, -1.6693 -1.0744 0.4134, -1.6693 -1.0827 0.4724, -1.3307 -1.0827 0.4724, -2.3307 -1.0744 0.4134, -2.3307 -1.0827 0.4724, -2.5004 -1.0827 0.4724, -2.503 -1.0826 0.4721, -2.5057 -1.0825 0.4713, -2.5084 -1.0823 0.4698, -2.5112 -1.082 0.4677, -2.5168 -1.0812 0.4619, -2.4498 -1.0321 0.8323, -2.3307 -1.081 0.4843, -2.1693 -1.081 0.4843, -1.8307 -1.081 0.4843, -1.6693 -1.081 0.4843, -1.3307 -1.081 0.4843, -1.1693 -1.081 0.4843, -0.8307 -1.081 0.4843, -0.6693 -1.081 0.4843, -0.3307 -1.081 0.4843, -0.1693 -1.081 0.4843, 0.1693 -1.081 0.4843, 0.3307 -1.081 0.4843, 1.3307 -1.081 0.4843, 0.6693 -1.081 0.4843, 0.8307 -1.081 0.4843, 1.1693 -1.081 0.4843, 1.6693 -1.081 0.4843, 1.8307 -1.081 0.4843, 2.1693 -1.081 0.4843, 2.3307 -1.081 0.4843, 2.4498 -1.0321 0.8323, 2.5378 1.0606 0.4614, 2.5386 1.0554 0.467, 2.5386 -1.0554 0.467, 2.5368 1.0658 0.4539, 2.5368 -1.0658 0.4539, 2.5378 -1.0606 0.4614, -2.5378 -1.0606 0.4614, -2.5386 -1.0554 0.467, -2.5386 1.0554 0.467, -2.5368 -1.0658 0.4539, -2.5368 1.0658 0.4539, -2.5378 1.0606 0.4614, 2.5386 1.0429 0.4779, 2.4888 0.9931 0.8323, 2.5386 -1.0429 0.4779, 2.4888 -0.9931 0.8323, -2.5386 -1.0429 0.4779, -2.4888 -0.9931 0.8323, -2.5386 1.0429 0.4779, -2.4888 0.9931 0.8323, -2.2251 -0.8771 0.8661, -2.252 -0.866 0.8661, -2.4498 -0.9931 0.8661, -2.3038 -0.7984 0.8661, -2.3076 -0.7696 0.8661, -2.3038 -0.7408 0.8661, -2.4498 0.9931 0.8661, -2.2927 -0.7139 0.8661, -2.275 -0.8483 0.8661, -2.2927 -0.8253 0.8661, -2.085 -0.7696 0.8661, 2.4498 -0.9931 0.8661, -2.0888 -0.7408 0.8661, 2.4498 0.9931 0.8661, -2.0999 -0.7139 0.8661, -2.1176 -0.6909 0.8661, -2.0888 -0.7984 0.8661, -2.0999 -0.8253 0.8661, -2.1176 -0.8483 0.8661, -2.275 -0.6909 0.8661, -2.252 -0.6732 0.8661, -2.2251 -0.6621 0.8661, -2.1963 -0.6583 0.8661, -2.1675 -0.6621 0.8661, -2.1406 -0.6732 0.8661, -2.1406 -0.866 0.8661, -2.1675 -0.8771 0.8661, -2.1963 -0.8809 0.8661
            ]
        }
        coordIndex [
            0,1,2,-1,2,1,3,-1,2,3,4,-1,5,6,7,-1,8,4,9,-1,9,4,10,-1,11,12,13,-1,13,12,1,-1,13,1,14,-1,15,16,17,-1,17,16,18,-1,7,14,5,-1,5,14,1,-1,5,1,19,-1,19,1,0,-1,19,0,10,-1,20,21,22,-1,23,24,25,-1,25,24,26,-1,25,26,27,-1,28,29,25,-1,25,29,30,-1,31,32,33,-1,33,32,34,-1,30,35,25,-1,25,35,34,-1,25,34,36,-1,36,34,32,-1,27,37,25,-1,25,37,38,-1,25,38,28,-1,21,39,22,-1,22,39,0,-1,22,0,40,-1,40,0,41,-1,40,41,42,-1,42,41,43,-1,15,44,16,-1,16,44,45,-1,16,45,46,-1,46,45,47,-1,46,47,48,-1,47,49,48,-1,48,49,50,-1,48,50,22,-1,22,50,51,-1,22,51,20,-1,39,52,0,-1,0,52,53,-1,0,53,54,-1,54,55,0,-1,0,55,56,-1,0,56,10,-1,10,56,57,-1,10,57,9,-1,9,57,58,-1,9,58,25,-1,25,58,59,-1,25,59,23,-1,16,42,18,-1,18,42,43,-1,18,43,60,-1,60,43,61,-1,60,61,62,-1,62,61,63,-1,62,63,64,-1,65,66,63,-1,63,66,2,-1,63,2,64,-1,64,2,4,-1,64,4,67,-1,67,4,8,-1,68,69,70,-1,71,2,72,-1,72,2,66,-1,72,66,73,-1,73,66,74,-1,73,74,75,-1,75,74,0,-1,70,76,68,-1,68,76,77,-1,68,77,78,-1,79,80,2,-1,2,80,81,-1,2,81,0,-1,0,81,82,-1,83,84,75,-1,75,84,85,-1,82,86,0,-1,0,86,87,-1,0,87,75,-1,75,87,88,-1,75,88,83,-1,78,79,68,-1,68,79,2,-1,68,2,89,-1,89,2,71,-1,89,71,90,-1,90,71,91,-1,85,92,75,-1,75,92,93,-1,75,93,68,-1,68,93,94,-1,68,94,69,-1,95,96,41,-1,97,98,99,-1,100,101,74,-1,74,101,102,-1,97,74,103,-1,103,74,104,-1,105,106,107,-1,107,106,108,-1,97,99,74,-1,74,99,107,-1,74,107,41,-1,41,107,108,-1,41,108,109,-1,110,111,41,-1,102,112,74,-1,74,112,113,-1,74,113,104,-1,114,115,116,-1,116,110,114,-1,114,110,41,-1,114,41,117,-1,117,41,109,-1,117,109,118,-1,118,109,119,-1,120,121,41,-1,122,123,124,-1,124,120,122,-1,122,120,41,-1,122,41,125,-1,125,41,111,-1,125,111,126,-1,126,111,127,-1,128,129,41,-1,130,131,132,-1,132,128,130,-1,130,128,41,-1,130,41,133,-1,133,41,121,-1,133,121,134,-1,134,121,135,-1,136,137,138,-1,138,139,136,-1,136,139,41,-1,136,41,140,-1,140,41,129,-1,140,129,141,-1,141,129,142,-1,139,143,41,-1,41,143,144,-1,41,144,145,-1,145,146,41,-1,41,146,147,-1,41,147,148,-1,148,149,41,-1,41,149,150,-1,41,150,95,-1,145,144,151,-1,151,144,152,-1,151,152,153,-1,138,137,153,-1,153,137,154,-1,153,154,151,-1,151,154,155,-1,141,142,155,-1,155,142,156,-1,155,156,151,-1,151,156,157,-1,132,131,157,-1,157,131,158,-1,157,158,151,-1,151,158,159,-1,134,135,159,-1,159,135,160,-1,159,160,151,-1,151,160,161,-1,124,123,161,-1,161,123,162,-1,161,162,151,-1,151,162,163,-1,164,118,119,-1,126,127,163,-1,163,127,165,-1,163,165,151,-1,151,165,166,-1,116,115,166,-1,166,115,167,-1,166,167,151,-1,151,167,164,-1,151,164,168,-1,168,164,119,-1,106,105,169,-1,169,105,170,-1,98,97,171,-1,171,97,172,-1,171,172,170,-1,170,172,151,-1,170,151,169,-1,169,151,168,-1,173,174,65,-1,175,176,177,-1,178,179,180,-1,180,179,181,-1,182,183,61,-1,61,183,184,-1,175,61,185,-1,185,61,186,-1,175,177,61,-1,61,177,180,-1,61,180,65,-1,65,180,181,-1,65,181,187,-1,184,188,61,-1,61,188,189,-1,61,189,186,-1,190,191,192,-1,193,194,65,-1,192,193,190,-1,190,193,65,-1,190,65,195,-1,195,65,187,-1,195,187,196,-1,196,187,197,-1,198,199,200,-1,201,202,65,-1,200,201,198,-1,198,201,65,-1,198,65,203,-1,203,65,194,-1,203,194,204,-1,204,194,205,-1,206,207,208,-1,209,210,65,-1,208,209,206,-1,206,209,65,-1,206,65,211,-1,211,65,202,-1,211,202,212,-1,212,202,213,-1,214,215,216,-1,216,217,214,-1,214,217,65,-1,214,65,218,-1,218,65,210,-1,218,210,219,-1,219,210,220,-1,217,221,65,-1,65,221,222,-1,65,222,223,-1,223,224,65,-1,65,224,225,-1,65,225,226,-1,226,227,65,-1,65,227,228,-1,65,228,173,-1,223,222,229,-1,229,222,230,-1,229,230,231,-1,216,215,231,-1,231,215,232,-1,231,232,229,-1,229,232,233,-1,219,220,233,-1,233,220,234,-1,233,234,229,-1,229,234,235,-1,208,207,235,-1,235,207,236,-1,235,236,229,-1,229,236,237,-1,212,213,237,-1,237,213,238,-1,237,238,229,-1,229,238,239,-1,200,199,239,-1,239,199,240,-1,239,240,229,-1,229,240,241,-1,242,196,197,-1,204,205,241,-1,241,205,243,-1,241,243,229,-1,229,243,244,-1,192,191,244,-1,244,191,245,-1,244,245,229,-1,229,245,242,-1,229,242,246,-1,246,242,197,-1,179,178,247,-1,247,178,248,-1,176,175,249,-1,249,175,250,-1,249,250,248,-1,248,250,229,-1,248,229,247,-1,247,229,246,-1,251,252,253,-1,41,96,61,-1,61,96,254,-1,61,254,251,-1,182,61,255,-1,255,61,251,-1,255,251,256,-1,256,251,253,-1,257,258,259,-1,65,174,74,-1,74,174,260,-1,74,260,257,-1,100,74,261,-1,261,74,257,-1,261,257,262,-1,262,257,259,-1,263,264,265,-1,265,264,266,-1,267,268,269,-1,269,268,270,-1,271,272,273,-1,274,275,273,-1,273,275,276,-1,273,276,277,-1,277,276,278,-1,272,279,273,-1,273,279,280,-1,273,280,274,-1,281,282,283,-1,283,282,284,-1,283,284,285,-1,285,284,286,-1,281,287,282,-1,282,287,288,-1,282,288,289,-1,278,290,277,-1,277,290,291,-1,277,291,292,-1,292,293,277,-1,277,293,294,-1,277,294,284,-1,284,294,295,-1,284,295,286,-1,289,296,282,-1,282,296,297,-1,282,297,273,-1,273,297,298,-1,273,298,271,-1,
        ]
    }
}
Shape{
    appearance Appearance {
        material  Material 	{
            diffuseColor 1.0 1.0 1.0
            specularColor 0.5019607843137255 0.5019607843137255 0.5019607843137255
            ambientIntensity 1.0
            transparency 0.0
            shininess 0.5
        }
    }
    geometry IndexedFaceSet {
        ccw TRUE
        solid FALSE
        coord DEF co Coordinate {
            point [
                0.1693 -1.081 0.4843, 0.1693 -1.1344 0.4843, 0.3307 -1.081 0.4843, 0.3307 -1.1344 0.4843, 0.3307 -1.5354 0.0709, 0.3307 -1.3031 0.0709, 0.1693 -1.5354 0.0709, 0.1693 -1.3031 0.0709, 0.3307 -1.5354 0.0, 0.1693 -1.5354 0.0, 0.3307 -1.3031 0.0, 0.1693 -1.3031 0.0, 0.1693 -1.2804 0.0027, 0.3307 -1.2804 0.0027, 0.1693 -1.2589 0.0105, 0.3307 -1.2589 0.0105, 0.1693 -1.2398 0.023, 0.3307 -1.2398 0.023, 0.1693 -1.2241 0.0396, 0.3307 -1.2241 0.0396, 0.1693 -1.2127 0.0594, 0.3307 -1.2127 0.0594, 0.1693 -1.2061 0.0813, 0.3307 -1.2061 0.0813, 0.3307 -1.1499 0.4004, 0.1693 -1.1499 0.4004, 0.3307 -1.1488 0.4039, 0.1693 -1.1488 0.4039, 0.3307 -1.147 0.407, 0.1693 -1.147 0.407, 0.3307 -1.1445 0.4097, 0.1693 -1.1445 0.4097, 0.3307 -1.1414 0.4117, 0.1693 -1.1414 0.4117, 0.3307 -1.138 0.413, 0.1693 -1.138 0.413, 0.3307 -1.1344 0.4134, 0.1693 -1.1344 0.4134, 0.3307 -1.0744 0.4134, 0.1693 -1.0744 0.4134, 0.1693 -1.1543 0.4819, 0.3307 -1.1543 0.4819, 0.1693 -1.1732 0.475, 0.3307 -1.1732 0.475, 0.1693 -1.19 0.464, 0.3307 -1.19 0.464, 0.1693 -1.2038 0.4494, 0.3307 -1.2038 0.4494, 0.1693 -1.2139 0.4319, 0.3307 -1.2139 0.4319, 0.1693 -1.2197 0.4127, 0.3307 -1.2197 0.4127, 0.3307 -1.2759 0.0936, 0.1693 -1.2759 0.0936, 0.3307 -1.2778 0.0875, 0.1693 -1.2778 0.0875, 0.3307 -1.281 0.082, 0.1693 -1.281 0.082, 0.3307 -1.2853 0.0773, 0.1693 -1.2853 0.0773, 0.3307 -1.2907 0.0738, 0.1693 -1.2907 0.0738, 0.3307 -1.2967 0.0716, 0.1693 -1.2967 0.0716, 0.3307 -1.0827 0.4724, 0.1693 -1.0827 0.4724, 0.6693 -1.081 0.4843, 0.6693 -1.1344 0.4843, 0.8307 -1.081 0.4843, 0.8307 -1.1344 0.4843, 0.8307 -1.5354 0.0709, 0.8307 -1.3031 0.0709, 0.6693 -1.5354 0.0709, 0.6693 -1.3031 0.0709, 0.8307 -1.5354 0.0, 0.6693 -1.5354 0.0, 0.8307 -1.3031 0.0, 0.6693 -1.3031 0.0, 0.6693 -1.2804 0.0027, 0.8307 -1.2804 0.0027, 0.6693 -1.2589 0.0105, 0.8307 -1.2589 0.0105, 0.6693 -1.2398 0.023, 0.8307 -1.2398 0.023, 0.6693 -1.2241 0.0396, 0.8307 -1.2241 0.0396, 0.6693 -1.2127 0.0594, 0.8307 -1.2127 0.0594, 0.6693 -1.2061 0.0813, 0.8307 -1.2061 0.0813, 0.8307 -1.1499 0.4004, 0.6693 -1.1499 0.4004, 0.8307 -1.1488 0.4039, 0.6693 -1.1488 0.4039, 0.8307 -1.147 0.407, 0.6693 -1.147 0.407, 0.8307 -1.1445 0.4097, 0.6693 -1.1445 0.4097, 0.8307 -1.1414 0.4117, 0.6693 -1.1414 0.4117, 0.8307 -1.138 0.413, 0.6693 -1.138 0.413, 0.8307 -1.1344 0.4134, 0.6693 -1.1344 0.4134, 0.8307 -1.0744 0.4134, 0.6693 -1.0744 0.4134, 0.6693 -1.1543 0.4819, 0.8307 -1.1543 0.4819, 0.6693 -1.1732 0.475, 0.8307 -1.1732 0.475, 0.6693 -1.19 0.464, 0.8307 -1.19 0.464, 0.6693 -1.2038 0.4494, 0.8307 -1.2038 0.4494, 0.6693 -1.2139 0.4319, 0.8307 -1.2139 0.4319, 0.6693 -1.2197 0.4127, 0.8307 -1.2197 0.4127, 0.8307 -1.2759 0.0936, 0.6693 -1.2759 0.0936, 0.8307 -1.2778 0.0875, 0.6693 -1.2778 0.0875, 0.8307 -1.281 0.082, 0.6693 -1.281 0.082, 0.8307 -1.2853 0.0773, 0.6693 -1.2853 0.0773, 0.8307 -1.2907 0.0738, 0.6693 -1.2907 0.0738, 0.8307 -1.2967 0.0716, 0.6693 -1.2967 0.0716, 0.8307 -1.0827 0.4724, 0.6693 -1.0827 0.4724, 1.1693 -1.081 0.4843, 1.1693 -1.1344 0.4843, 1.3307 -1.081 0.4843, 1.3307 -1.1344 0.4843, 1.3307 -1.5354 0.0709, 1.3307 -1.3031 0.0709, 1.1693 -1.5354 0.0709, 1.1693 -1.3031 0.0709, 1.3307 -1.5354 0.0, 1.1693 -1.5354 0.0, 1.3307 -1.3031 0.0, 1.1693 -1.3031 0.0, 1.1693 -1.2804 0.0027, 1.3307 -1.2804 0.0027, 1.1693 -1.2589 0.0105, 1.3307 -1.2589 0.0105, 1.1693 -1.2398 0.023, 1.3307 -1.2398 0.023, 1.1693 -1.2241 0.0396, 1.3307 -1.2241 0.0396, 1.1693 -1.2127 0.0594, 1.3307 -1.2127 0.0594, 1.1693 -1.2061 0.0813, 1.3307 -1.2061 0.0813, 1.3307 -1.1499 0.4004, 1.1693 -1.1499 0.4004, 1.3307 -1.1488 0.4039, 1.1693 -1.1488 0.4039, 1.3307 -1.147 0.407, 1.1693 -1.147 0.407, 1.3307 -1.1445 0.4097, 1.1693 -1.1445 0.4097, 1.3307 -1.1414 0.4117, 1.1693 -1.1414 0.4117, 1.3307 -1.138 0.413, 1.1693 -1.138 0.413, 1.3307 -1.1344 0.4134, 1.1693 -1.1344 0.4134, 1.3307 -1.0744 0.4134, 1.1693 -1.0744 0.4134, 1.1693 -1.1543 0.4819, 1.3307 -1.1543 0.4819, 1.1693 -1.1732 0.475, 1.3307 -1.1732 0.475, 1.1693 -1.19 0.464, 1.3307 -1.19 0.464, 1.1693 -1.2038 0.4494, 1.3307 -1.2038 0.4494, 1.1693 -1.2139 0.4319, 1.3307 -1.2139 0.4319, 1.1693 -1.2197 0.4127, 1.3307 -1.2197 0.4127, 1.3307 -1.2759 0.0936, 1.1693 -1.2759 0.0936, 1.3307 -1.2778 0.0875, 1.1693 -1.2778 0.0875, 1.3307 -1.281 0.082, 1.1693 -1.281 0.082, 1.3307 -1.2853 0.0773, 1.1693 -1.2853 0.0773, 1.3307 -1.2907 0.0738, 1.1693 -1.2907 0.0738, 1.3307 -1.2967 0.0716, 1.1693 -1.2967 0.0716, 1.3307 -1.0827 0.4724, 1.1693 -1.0827 0.4724, 1.6693 -1.081 0.4843, 1.6693 -1.1344 0.4843, 1.8307 -1.081 0.4843, 1.8307 -1.1344 0.4843, 1.8307 -1.5354 0.0709, 1.8307 -1.3031 0.0709, 1.6693 -1.5354 0.0709, 1.6693 -1.3031 0.0709, 1.8307 -1.5354 0.0, 1.6693 -1.5354 0.0, 1.8307 -1.3031 0.0, 1.6693 -1.3031 0.0, 1.6693 -1.2804 0.0027, 1.8307 -1.2804 0.0027, 1.6693 -1.2589 0.0105, 1.8307 -1.2589 0.0105, 1.6693 -1.2398 0.023, 1.8307 -1.2398 0.023, 1.6693 -1.2241 0.0396, 1.8307 -1.2241 0.0396, 1.6693 -1.2127 0.0594, 1.8307 -1.2127 0.0594, 1.6693 -1.2061 0.0813, 1.8307 -1.2061 0.0813, 1.8307 -1.1499 0.4004, 1.6693 -1.1499 0.4004, 1.8307 -1.1488 0.4039, 1.6693 -1.1488 0.4039, 1.8307 -1.147 0.407, 1.6693 -1.147 0.407, 1.8307 -1.1445 0.4097, 1.6693 -1.1445 0.4097, 1.8307 -1.1414 0.4117, 1.6693 -1.1414 0.4117, 1.8307 -1.138 0.413, 1.6693 -1.138 0.413, 1.8307 -1.1344 0.4134, 1.6693 -1.1344 0.4134, 1.8307 -1.0744 0.4134, 1.6693 -1.0744 0.4134, 1.6693 -1.1543 0.4819, 1.8307 -1.1543 0.4819, 1.6693 -1.1732 0.475, 1.8307 -1.1732 0.475, 1.6693 -1.19 0.464, 1.8307 -1.19 0.464, 1.6693 -1.2038 0.4494, 1.8307 -1.2038 0.4494, 1.6693 -1.2139 0.4319, 1.8307 -1.2139 0.4319, 1.6693 -1.2197 0.4127, 1.8307 -1.2197 0.4127, 1.8307 -1.2759 0.0936, 1.6693 -1.2759 0.0936, 1.8307 -1.2778 0.0875, 1.6693 -1.2778 0.0875, 1.8307 -1.281 0.082, 1.6693 -1.281 0.082, 1.8307 -1.2853 0.0773, 1.6693 -1.2853 0.0773, 1.8307 -1.2907 0.0738, 1.6693 -1.2907 0.0738, 1.8307 -1.2967 0.0716, 1.6693 -1.2967 0.0716, 1.8307 -1.0827 0.4724, 1.6693 -1.0827 0.4724, 2.1693 -1.081 0.4843, 2.1693 -1.1344 0.4843, 2.3307 -1.081 0.4843, 2.3307 -1.1344 0.4843, 2.3307 -1.5354 0.0709, 2.3307 -1.3031 0.0709, 2.1693 -1.5354 0.0709, 2.1693 -1.3031 0.0709, 2.3307 -1.5354 0.0, 2.1693 -1.5354 0.0, 2.3307 -1.3031 0.0, 2.1693 -1.3031 0.0, 2.1693 -1.2804 0.0027, 2.3307 -1.2804 0.0027, 2.1693 -1.2589 0.0105, 2.3307 -1.2589 0.0105, 2.1693 -1.2398 0.023, 2.3307 -1.2398 0.023, 2.1693 -1.2241 0.0396, 2.3307 -1.2241 0.0396, 2.1693 -1.2127 0.0594, 2.3307 -1.2127 0.0594, 2.1693 -1.2061 0.0813, 2.3307 -1.2061 0.0813, 2.3307 -1.1499 0.4004, 2.1693 -1.1499 0.4004, 2.3307 -1.1488 0.4039, 2.1693 -1.1488 0.4039, 2.3307 -1.147 0.407, 2.1693 -1.147 0.407, 2.3307 -1.1445 0.4097, 2.1693 -1.1445 0.4097, 2.3307 -1.1414 0.4117, 2.1693 -1.1414 0.4117, 2.3307 -1.138 0.413, 2.1693 -1.138 0.413, 2.3307 -1.1344 0.4134, 2.1693 -1.1344 0.4134, 2.3307 -1.0744 0.4134, 2.1693 -1.0744 0.4134, 2.1693 -1.1543 0.4819, 2.3307 -1.1543 0.4819, 2.1693 -1.1732 0.475, 2.3307 -1.1732 0.475, 2.1693 -1.19 0.464, 2.3307 -1.19 0.464, 2.1693 -1.2038 0.4494, 2.3307 -1.2038 0.4494, 2.1693 -1.2139 0.4319, 2.3307 -1.2139 0.4319, 2.1693 -1.2197 0.4127, 2.3307 -1.2197 0.4127, 2.3307 -1.2759 0.0936, 2.1693 -1.2759 0.0936, 2.3307 -1.2778 0.0875, 2.1693 -1.2778 0.0875, 2.3307 -1.281 0.082, 2.1693 -1.281 0.082, 2.3307 -1.2853 0.0773, 2.1693 -1.2853 0.0773, 2.3307 -1.2907 0.0738, 2.1693 -1.2907 0.0738, 2.3307 -1.2967 0.0716, 2.1693 -1.2967 0.0716, 2.3307 -1.0827 0.4724, 2.1693 -1.0827 0.4724, -0.3307 -1.081 0.4843, -0.3307 -1.1344 0.4843, -0.1693 -1.081 0.4843, -0.1693 -1.1344 0.4843, -0.1693 -1.5354 0.0709, -0.1693 -1.3031 0.0709, -0.3307 -1.5354 0.0709, -0.3307 -1.3031 0.0709, -0.1693 -1.5354 0.0, -0.3307 -1.5354 0.0, -0.1693 -1.3031 0.0, -0.3307 -1.3031 0.0, -0.3307 -1.2804 0.0027, -0.1693 -1.2804 0.0027, -0.3307 -1.2589 0.0105, -0.1693 -1.2589 0.0105, -0.3307 -1.2398 0.023, -0.1693 -1.2398 0.023, -0.3307 -1.2241 0.0396, -0.1693 -1.2241 0.0396, -0.3307 -1.2127 0.0594, -0.1693 -1.2127 0.0594, -0.3307 -1.2061 0.0813, -0.1693 -1.2061 0.0813, -0.1693 -1.1499 0.4004, -0.3307 -1.1499 0.4004, -0.1693 -1.1488 0.4039, -0.3307 -1.1488 0.4039, -0.1693 -1.147 0.407, -0.3307 -1.147 0.407, -0.1693 -1.1445 0.4097, -0.3307 -1.1445 0.4097, -0.1693 -1.1414 0.4117, -0.3307 -1.1414 0.4117, -0.1693 -1.138 0.413, -0.3307 -1.138 0.413, -0.1693 -1.1344 0.4134, -0.3307 -1.1344 0.4134, -0.1693 -1.0744 0.4134, -0.3307 -1.0744 0.4134, -0.3307 -1.1543 0.4819, -0.1693 -1.1543 0.4819, -0.3307 -1.1732 0.475, -0.1693 -1.1732 0.475, -0.3307 -1.19 0.464, -0.1693 -1.19 0.464, -0.3307 -1.2038 0.4494, -0.1693 -1.2038 0.4494, -0.3307 -1.2139 0.4319, -0.1693 -1.2139 0.4319, -0.3307 -1.2197 0.4127, -0.1693 -1.2197 0.4127, -0.1693 -1.2759 0.0936, -0.3307 -1.2759 0.0936, -0.1693 -1.2778 0.0875, -0.3307 -1.2778 0.0875, -0.1693 -1.281 0.082, -0.3307 -1.281 0.082, -0.1693 -1.2853 0.0773, -0.3307 -1.2853 0.0773, -0.1693 -1.2907 0.0738, -0.3307 -1.2907 0.0738, -0.1693 -1.2967 0.0716, -0.3307 -1.2967 0.0716, -0.1693 -1.0827 0.4724, -0.3307 -1.0827 0.4724, -0.8307 -1.081 0.4843, -0.8307 -1.1344 0.4843, -0.6693 -1.081 0.4843, -0.6693 -1.1344 0.4843, -0.6693 -1.5354 0.0709, -0.6693 -1.3031 0.0709, -0.8307 -1.5354 0.0709, -0.8307 -1.3031 0.0709, -0.6693 -1.5354 0.0, -0.8307 -1.5354 0.0, -0.6693 -1.3031 0.0, -0.8307 -1.3031 0.0, -0.8307 -1.2804 0.0027, -0.6693 -1.2804 0.0027, -0.8307 -1.2589 0.0105, -0.6693 -1.2589 0.0105, -0.8307 -1.2398 0.023, -0.6693 -1.2398 0.023, -0.8307 -1.2241 0.0396, -0.6693 -1.2241 0.0396, -0.8307 -1.2127 0.0594, -0.6693 -1.2127 0.0594, -0.8307 -1.2061 0.0813, -0.6693 -1.2061 0.0813, -0.6693 -1.1499 0.4004, -0.8307 -1.1499 0.4004, -0.6693 -1.1488 0.4039, -0.8307 -1.1488 0.4039, -0.6693 -1.147 0.407, -0.8307 -1.147 0.407, -0.6693 -1.1445 0.4097, -0.8307 -1.1445 0.4097, -0.6693 -1.1414 0.4117, -0.8307 -1.1414 0.4117, -0.6693 -1.138 0.413, -0.8307 -1.138 0.413, -0.6693 -1.1344 0.4134, -0.8307 -1.1344 0.4134, -0.6693 -1.0744 0.4134, -0.8307 -1.0744 0.4134, -0.8307 -1.1543 0.4819, -0.6693 -1.1543 0.4819, -0.8307 -1.1732 0.475, -0.6693 -1.1732 0.475, -0.8307 -1.19 0.464, -0.6693 -1.19 0.464, -0.8307 -1.2038 0.4494, -0.6693 -1.2038 0.4494, -0.8307 -1.2139 0.4319, -0.6693 -1.2139 0.4319, -0.8307 -1.2197 0.4127, -0.6693 -1.2197 0.4127, -0.6693 -1.2759 0.0936, -0.8307 -1.2759 0.0936, -0.6693 -1.2778 0.0875, -0.8307 -1.2778 0.0875, -0.6693 -1.281 0.082, -0.8307 -1.281 0.082, -0.6693 -1.2853 0.0773, -0.8307 -1.2853 0.0773, -0.6693 -1.2907 0.0738, -0.8307 -1.2907 0.0738, -0.6693 -1.2967 0.0716, -0.8307 -1.2967 0.0716, -0.6693 -1.0827 0.4724, -0.8307 -1.0827 0.4724, -1.3307 -1.081 0.4843, -1.3307 -1.1344 0.4843, -1.1693 -1.081 0.4843, -1.1693 -1.1344 0.4843, -1.1693 -1.5354 0.0709, -1.1693 -1.3031 0.0709, -1.3307 -1.5354 0.0709, -1.3307 -1.3031 0.0709, -1.1693 -1.5354 0.0, -1.3307 -1.5354 0.0, -1.1693 -1.3031 0.0, -1.3307 -1.3031 0.0, -1.3307 -1.2804 0.0027, -1.1693 -1.2804 0.0027, -1.3307 -1.2589 0.0105, -1.1693 -1.2589 0.0105, -1.3307 -1.2398 0.023, -1.1693 -1.2398 0.023, -1.3307 -1.2241 0.0396, -1.1693 -1.2241 0.0396, -1.3307 -1.2127 0.0594, -1.1693 -1.2127 0.0594, -1.3307 -1.2061 0.0813, -1.1693 -1.2061 0.0813, -1.1693 -1.1499 0.4004, -1.3307 -1.1499 0.4004, -1.1693 -1.1488 0.4039, -1.3307 -1.1488 0.4039, -1.1693 -1.147 0.407, -1.3307 -1.147 0.407, -1.1693 -1.1445 0.4097, -1.3307 -1.1445 0.4097, -1.1693 -1.1414 0.4117, -1.3307 -1.1414 0.4117, -1.1693 -1.138 0.413, -1.3307 -1.138 0.413, -1.1693 -1.1344 0.4134, -1.3307 -1.1344 0.4134, -1.1693 -1.0744 0.4134, -1.3307 -1.0744 0.4134, -1.3307 -1.1543 0.4819, -1.1693 -1.1543 0.4819, -1.3307 -1.1732 0.475, -1.1693 -1.1732 0.475, -1.3307 -1.19 0.464, -1.1693 -1.19 0.464, -1.3307 -1.2038 0.4494, -1.1693 -1.2038 0.4494, -1.3307 -1.2139 0.4319, -1.1693 -1.2139 0.4319, -1.3307 -1.2197 0.4127, -1.1693 -1.2197 0.4127, -1.1693 -1.2759 0.0936, -1.3307 -1.2759 0.0936, -1.1693 -1.2778 0.0875, -1.3307 -1.2778 0.0875, -1.1693 -1.281 0.082, -1.3307 -1.281 0.082, -1.1693 -1.2853 0.0773, -1.3307 -1.2853 0.0773, -1.1693 -1.2907 0.0738, -1.3307 -1.2907 0.0738, -1.1693 -1.2967 0.0716, -1.3307 -1.2967 0.0716, -1.1693 -1.0827 0.4724, -1.3307 -1.0827 0.4724, -1.8307 -1.081 0.4843, -1.8307 -1.1344 0.4843, -1.6693 -1.081 0.4843, -1.6693 -1.1344 0.4843, -1.6693 -1.5354 0.0709, -1.6693 -1.3031 0.0709, -1.8307 -1.5354 0.0709, -1.8307 -1.3031 0.0709, -1.6693 -1.5354 0.0, -1.8307 -1.5354 0.0, -1.6693 -1.3031 0.0, -1.8307 -1.3031 0.0, -1.8307 -1.2804 0.0027, -1.6693 -1.2804 0.0027, -1.8307 -1.2589 0.0105, -1.6693 -1.2589 0.0105, -1.8307 -1.2398 0.023, -1.6693 -1.2398 0.023, -1.8307 -1.2241 0.0396, -1.6693 -1.2241 0.0396, -1.8307 -1.2127 0.0594, -1.6693 -1.2127 0.0594, -1.8307 -1.2061 0.0813, -1.6693 -1.2061 0.0813, -1.6693 -1.1499 0.4004, -1.8307 -1.1499 0.4004, -1.6693 -1.1488 0.4039, -1.8307 -1.1488 0.4039, -1.6693 -1.147 0.407, -1.8307 -1.147 0.407, -1.6693 -1.1445 0.4097, -1.8307 -1.1445 0.4097, -1.6693 -1.1414 0.4117, -1.8307 -1.1414 0.4117, -1.6693 -1.138 0.413, -1.8307 -1.138 0.413, -1.6693 -1.1344 0.4134, -1.8307 -1.1344 0.4134, -1.6693 -1.0744 0.4134, -1.8307 -1.0744 0.4134, -1.8307 -1.1543 0.4819, -1.6693 -1.1543 0.4819, -1.8307 -1.1732 0.475, -1.6693 -1.1732 0.475, -1.8307 -1.19 0.464, -1.6693 -1.19 0.464, -1.8307 -1.2038 0.4494, -1.6693 -1.2038 0.4494, -1.8307 -1.2139 0.4319, -1.6693 -1.2139 0.4319, -1.8307 -1.2197 0.4127, -1.6693 -1.2197 0.4127, -1.6693 -1.2759 0.0936, -1.8307 -1.2759 0.0936, -1.6693 -1.2778 0.0875, -1.8307 -1.2778 0.0875, -1.6693 -1.281 0.082, -1.8307 -1.281 0.082, -1.6693 -1.2853 0.0773, -1.8307 -1.2853 0.0773, -1.6693 -1.2907 0.0738, -1.8307 -1.2907 0.0738, -1.6693 -1.2967 0.0716, -1.8307 -1.2967 0.0716, -1.6693 -1.0827 0.4724, -1.8307 -1.0827 0.4724, -2.3307 -1.081 0.4843, -2.3307 -1.1344 0.4843, -2.1693 -1.081 0.4843, -2.1693 -1.1344 0.4843, -2.1693 -1.5354 0.0709, -2.1693 -1.3031 0.0709, -2.3307 -1.5354 0.0709, -2.3307 -1.3031 0.0709, -2.1693 -1.5354 0.0, -2.3307 -1.5354 0.0, -2.1693 -1.3031 0.0, -2.3307 -1.3031 0.0, -2.3307 -1.2804 0.0027, -2.1693 -1.2804 0.0027, -2.3307 -1.2589 0.0105, -2.1693 -1.2589 0.0105, -2.3307 -1.2398 0.023, -2.1693 -1.2398 0.023, -2.3307 -1.2241 0.0396, -2.1693 -1.2241 0.0396, -2.3307 -1.2127 0.0594, -2.1693 -1.2127 0.0594, -2.3307 -1.2061 0.0813, -2.1693 -1.2061 0.0813, -2.1693 -1.1499 0.4004, -2.3307 -1.1499 0.4004, -2.1693 -1.1488 0.4039, -2.3307 -1.1488 0.4039, -2.1693 -1.147 0.407, -2.3307 -1.147 0.407, -2.1693 -1.1445 0.4097, -2.3307 -1.1445 0.4097, -2.1693 -1.1414 0.4117, -2.3307 -1.1414 0.4117, -2.1693 -1.138 0.413, -2.3307 -1.138 0.413, -2.1693 -1.1344 0.4134, -2.3307 -1.1344 0.4134, -2.1693 -1.0744 0.4134, -2.3307 -1.0744 0.4134, -2.3307 -1.1543 0.4819, -2.1693 -1.1543 0.4819, -2.3307 -1.1732 0.475, -2.1693 -1.1732 0.475, -2.3307 -1.19 0.464, -2.1693 -1.19 0.464, -2.3307 -1.2038 0.4494, -2.1693 -1.2038 0.4494, -2.3307 -1.2139 0.4319, -2.1693 -1.2139 0.4319, -2.3307 -1.2197 0.4127, -2.1693 -1.2197 0.4127, -2.1693 -1.2759 0.0936, -2.3307 -1.2759 0.0936, -2.1693 -1.2778 0.0875, -2.3307 -1.2778 0.0875, -2.1693 -1.281 0.082, -2.3307 -1.281 0.082, -2.1693 -1.2853 0.0773, -2.3307 -1.2853 0.0773, -2.1693 -1.2907 0.0738, -2.3307 -1.2907 0.0738, -2.1693 -1.2967 0.0716, -2.3307 -1.2967 0.0716, -2.1693 -1.0827 0.4724, -2.3307 -1.0827 0.4724, 0.3307 1.1344 0.4843, 0.1693 1.1344 0.4843, 0.3307 1.081 0.4843, 0.1693 1.081 0.4843, 0.3307 1.3031 0.0709, 0.3307 1.5354 0.0709, 0.1693 1.3031 0.0709, 0.1693 1.5354 0.0709, 0.3307 1.2967 0.0716, 0.1693 1.2967 0.0716, 0.3307 1.2907 0.0738, 0.1693 1.2907 0.0738, 0.3307 1.2853 0.0773, 0.1693 1.2853 0.0773, 0.3307 1.281 0.082, 0.1693 1.281 0.082, 0.3307 1.2778 0.0875, 0.1693 1.2778 0.0875, 0.3307 1.2759 0.0936, 0.1693 1.2759 0.0936, 0.3307 1.2197 0.4127, 0.1693 1.2197 0.4127, 0.1693 1.2139 0.4319, 0.3307 1.2139 0.4319, 0.1693 1.2038 0.4494, 0.3307 1.2038 0.4494, 0.1693 1.19 0.464, 0.3307 1.19 0.464, 0.1693 1.1732 0.475, 0.3307 1.1732 0.475, 0.1693 1.1543 0.4819, 0.3307 1.1543 0.4819, 0.1693 1.1344 0.4134, 0.3307 1.1344 0.4134, 0.1693 1.0744 0.4134, 0.3307 1.0744 0.4134, 0.3307 1.138 0.413, 0.1693 1.138 0.413, 0.3307 1.1414 0.4117, 0.1693 1.1414 0.4117, 0.3307 1.1445 0.4097, 0.1693 1.1445 0.4097, 0.3307 1.147 0.407, 0.1693 1.147 0.407, 0.3307 1.1488 0.4039, 0.1693 1.1488 0.4039, 0.3307 1.1499 0.4004, 0.1693 1.1499 0.4004, 0.3307 1.2061 0.0813, 0.1693 1.2061 0.0813, 0.1693 1.2127 0.0594, 0.3307 1.2127 0.0594, 0.1693 1.2241 0.0396, 0.3307 1.2241 0.0396, 0.1693 1.2398 0.023, 0.3307 1.2398 0.023, 0.1693 1.2589 0.0105, 0.3307 1.2589 0.0105, 0.1693 1.2804 0.0027, 0.3307 1.2804 0.0027, 0.1693 1.3031 0.0, 0.3307 1.3031 0.0, 0.3307 1.5354 0.0, 0.1693 1.5354 0.0, 0.3307 1.0827 0.4724, 0.1693 1.0827 0.4724, 0.8307 1.1344 0.4843, 0.6693 1.1344 0.4843, 0.8307 1.081 0.4843, 0.6693 1.081 0.4843, 0.8307 1.3031 0.0709, 0.8307 1.5354 0.0709, 0.6693 1.3031 0.0709, 0.6693 1.5354 0.0709, 0.8307 1.2967 0.0716, 0.6693 1.2967 0.0716, 0.8307 1.2907 0.0738, 0.6693 1.2907 0.0738, 0.8307 1.2853 0.0773, 0.6693 1.2853 0.0773, 0.8307 1.281 0.082, 0.6693 1.281 0.082, 0.8307 1.2778 0.0875, 0.6693 1.2778 0.0875, 0.8307 1.2759 0.0936, 0.6693 1.2759 0.0936, 0.8307 1.2197 0.4127, 0.6693 1.2197 0.4127, 0.6693 1.2139 0.4319, 0.8307 1.2139 0.4319, 0.6693 1.2038 0.4494, 0.8307 1.2038 0.4494, 0.6693 1.19 0.464, 0.8307 1.19 0.464, 0.6693 1.1732 0.475, 0.8307 1.1732 0.475, 0.6693 1.1543 0.4819, 0.8307 1.1543 0.4819, 0.6693 1.1344 0.4134, 0.8307 1.1344 0.4134, 0.6693 1.0744 0.4134, 0.8307 1.0744 0.4134, 0.8307 1.138 0.413, 0.6693 1.138 0.413, 0.8307 1.1414 0.4117, 0.6693 1.1414 0.4117, 0.8307 1.1445 0.4097, 0.6693 1.1445 0.4097, 0.8307 1.147 0.407, 0.6693 1.147 0.407, 0.8307 1.1488 0.4039, 0.6693 1.1488 0.4039, 0.8307 1.1499 0.4004, 0.6693 1.1499 0.4004, 0.8307 1.2061 0.0813, 0.6693 1.2061 0.0813, 0.6693 1.2127 0.0594, 0.8307 1.2127 0.0594, 0.6693 1.2241 0.0396, 0.8307 1.2241 0.0396, 0.6693 1.2398 0.023, 0.8307 1.2398 0.023, 0.6693 1.2589 0.0105, 0.8307 1.2589 0.0105, 0.6693 1.2804 0.0027, 0.8307 1.2804 0.0027, 0.6693 1.3031 0.0, 0.8307 1.3031 0.0, 0.8307 1.5354 0.0, 0.6693 1.5354 0.0, 0.8307 1.0827 0.4724, 0.6693 1.0827 0.4724, 1.3307 1.1344 0.4843, 1.1693 1.1344 0.4843, 1.3307 1.081 0.4843, 1.1693 1.081 0.4843, 1.3307 1.3031 0.0709, 1.3307 1.5354 0.0709, 1.1693 1.3031 0.0709, 1.1693 1.5354 0.0709, 1.3307 1.2967 0.0716, 1.1693 1.2967 0.0716, 1.3307 1.2907 0.0738, 1.1693 1.2907 0.0738, 1.3307 1.2853 0.0773, 1.1693 1.2853 0.0773, 1.3307 1.281 0.082, 1.1693 1.281 0.082, 1.3307 1.2778 0.0875, 1.1693 1.2778 0.0875, 1.3307 1.2759 0.0936, 1.1693 1.2759 0.0936, 1.3307 1.2197 0.4127, 1.1693 1.2197 0.4127, 1.1693 1.2139 0.4319, 1.3307 1.2139 0.4319, 1.1693 1.2038 0.4494, 1.3307 1.2038 0.4494, 1.1693 1.19 0.464, 1.3307 1.19 0.464, 1.1693 1.1732 0.475, 1.3307 1.1732 0.475, 1.1693 1.1543 0.4819, 1.3307 1.1543 0.4819, 1.1693 1.1344 0.4134, 1.3307 1.1344 0.4134, 1.1693 1.0744 0.4134, 1.3307 1.0744 0.4134, 1.3307 1.138 0.413, 1.1693 1.138 0.413, 1.3307 1.1414 0.4117, 1.1693 1.1414 0.4117, 1.3307 1.1445 0.4097, 1.1693 1.1445 0.4097, 1.3307 1.147 0.407, 1.1693 1.147 0.407, 1.3307 1.1488 0.4039, 1.1693 1.1488 0.4039, 1.3307 1.1499 0.4004, 1.1693 1.1499 0.4004, 1.3307 1.2061 0.0813, 1.1693 1.2061 0.0813, 1.1693 1.2127 0.0594, 1.3307 1.2127 0.0594, 1.1693 1.2241 0.0396, 1.3307 1.2241 0.0396, 1.1693 1.2398 0.023, 1.3307 1.2398 0.023, 1.1693 1.2589 0.0105, 1.3307 1.2589 0.0105, 1.1693 1.2804 0.0027, 1.3307 1.2804 0.0027, 1.1693 1.3031 0.0, 1.3307 1.3031 0.0, 1.3307 1.5354 0.0, 1.1693 1.5354 0.0, 1.3307 1.0827 0.4724, 1.1693 1.0827 0.4724, 1.8307 1.1344 0.4843, 1.6693 1.1344 0.4843, 1.8307 1.081 0.4843, 1.6693 1.081 0.4843, 1.8307 1.3031 0.0709, 1.8307 1.5354 0.0709, 1.6693 1.3031 0.0709, 1.6693 1.5354 0.0709, 1.8307 1.2967 0.0716, 1.6693 1.2967 0.0716, 1.8307 1.2907 0.0738, 1.6693 1.2907 0.0738, 1.8307 1.2853 0.0773, 1.6693 1.2853 0.0773, 1.8307 1.281 0.082, 1.6693 1.281 0.082, 1.8307 1.2778 0.0875, 1.6693 1.2778 0.0875, 1.8307 1.2759 0.0936, 1.6693 1.2759 0.0936, 1.8307 1.2197 0.4127, 1.6693 1.2197 0.4127, 1.6693 1.2139 0.4319, 1.8307 1.2139 0.4319, 1.6693 1.2038 0.4494, 1.8307 1.2038 0.4494, 1.6693 1.19 0.464, 1.8307 1.19 0.464, 1.6693 1.1732 0.475, 1.8307 1.1732 0.475, 1.6693 1.1543 0.4819, 1.8307 1.1543 0.4819, 1.6693 1.1344 0.4134, 1.8307 1.1344 0.4134, 1.6693 1.0744 0.4134, 1.8307 1.0744 0.4134, 1.8307 1.138 0.413, 1.6693 1.138 0.413, 1.8307 1.1414 0.4117, 1.6693 1.1414 0.4117, 1.8307 1.1445 0.4097, 1.6693 1.1445 0.4097, 1.8307 1.147 0.407, 1.6693 1.147 0.407, 1.8307 1.1488 0.4039, 1.6693 1.1488 0.4039, 1.8307 1.1499 0.4004, 1.6693 1.1499 0.4004, 1.8307 1.2061 0.0813, 1.6693 1.2061 0.0813, 1.6693 1.2127 0.0594, 1.8307 1.2127 0.0594, 1.6693 1.2241 0.0396, 1.8307 1.2241 0.0396, 1.6693 1.2398 0.023, 1.8307 1.2398 0.023, 1.6693 1.2589 0.0105, 1.8307 1.2589 0.0105, 1.6693 1.2804 0.0027, 1.8307 1.2804 0.0027, 1.6693 1.3031 0.0, 1.8307 1.3031 0.0, 1.8307 1.5354 0.0, 1.6693 1.5354 0.0, 1.8307 1.0827 0.4724, 1.6693 1.0827 0.4724, 2.3307 1.1344 0.4843, 2.1693 1.1344 0.4843, 2.3307 1.081 0.4843, 2.1693 1.081 0.4843, 2.3307 1.3031 0.0709, 2.3307 1.5354 0.0709, 2.1693 1.3031 0.0709, 2.1693 1.5354 0.0709, 2.3307 1.2967 0.0716, 2.1693 1.2967 0.0716, 2.3307 1.2907 0.0738, 2.1693 1.2907 0.0738, 2.3307 1.2853 0.0773, 2.1693 1.2853 0.0773, 2.3307 1.281 0.082, 2.1693 1.281 0.082, 2.3307 1.2778 0.0875, 2.1693 1.2778 0.0875, 2.3307 1.2759 0.0936, 2.1693 1.2759 0.0936, 2.3307 1.2197 0.4127, 2.1693 1.2197 0.4127, 2.1693 1.2139 0.4319, 2.3307 1.2139 0.4319, 2.1693 1.2038 0.4494, 2.3307 1.2038 0.4494, 2.1693 1.19 0.464, 2.3307 1.19 0.464, 2.1693 1.1732 0.475, 2.3307 1.1732 0.475, 2.1693 1.1543 0.4819, 2.3307 1.1543 0.4819, 2.1693 1.1344 0.4134, 2.3307 1.1344 0.4134, 2.1693 1.0744 0.4134, 2.3307 1.0744 0.4134, 2.3307 1.138 0.413, 2.1693 1.138 0.413, 2.3307 1.1414 0.4117, 2.1693 1.1414 0.4117, 2.3307 1.1445 0.4097, 2.1693 1.1445 0.4097, 2.3307 1.147 0.407, 2.1693 1.147 0.407, 2.3307 1.1488 0.4039, 2.1693 1.1488 0.4039, 2.3307 1.1499 0.4004, 2.1693 1.1499 0.4004, 2.3307 1.2061 0.0813, 2.1693 1.2061 0.0813, 2.1693 1.2127 0.0594, 2.3307 1.2127 0.0594, 2.1693 1.2241 0.0396, 2.3307 1.2241 0.0396, 2.1693 1.2398 0.023, 2.3307 1.2398 0.023, 2.1693 1.2589 0.0105, 2.3307 1.2589 0.0105, 2.1693 1.2804 0.0027, 2.3307 1.2804 0.0027, 2.1693 1.3031 0.0, 2.3307 1.3031 0.0, 2.3307 1.5354 0.0, 2.1693 1.5354 0.0, 2.3307 1.0827 0.4724, 2.1693 1.0827 0.4724, -0.1693 1.1344 0.4843, -0.3307 1.1344 0.4843, -0.1693 1.081 0.4843, -0.3307 1.081 0.4843, -0.1693 1.3031 0.0709, -0.1693 1.5354 0.0709, -0.3307 1.3031 0.0709, -0.3307 1.5354 0.0709, -0.1693 1.2967 0.0716, -0.3307 1.2967 0.0716, -0.1693 1.2907 0.0738, -0.3307 1.2907 0.0738, -0.1693 1.2853 0.0773, -0.3307 1.2853 0.0773, -0.1693 1.281 0.082, -0.3307 1.281 0.082, -0.1693 1.2778 0.0875, -0.3307 1.2778 0.0875, -0.1693 1.2759 0.0936, -0.3307 1.2759 0.0936, -0.1693 1.2197 0.4127, -0.3307 1.2197 0.4127, -0.3307 1.2139 0.4319, -0.1693 1.2139 0.4319, -0.3307 1.2038 0.4494, -0.1693 1.2038 0.4494, -0.3307 1.19 0.464, -0.1693 1.19 0.464, -0.3307 1.1732 0.475, -0.1693 1.1732 0.475, -0.3307 1.1543 0.4819, -0.1693 1.1543 0.4819, -0.3307 1.1344 0.4134, -0.1693 1.1344 0.4134, -0.3307 1.0744 0.4134, -0.1693 1.0744 0.4134, -0.1693 1.138 0.413, -0.3307 1.138 0.413, -0.1693 1.1414 0.4117, -0.3307 1.1414 0.4117, -0.1693 1.1445 0.4097, -0.3307 1.1445 0.4097, -0.1693 1.147 0.407, -0.3307 1.147 0.407, -0.1693 1.1488 0.4039, -0.3307 1.1488 0.4039, -0.1693 1.1499 0.4004, -0.3307 1.1499 0.4004, -0.1693 1.2061 0.0813, -0.3307 1.2061 0.0813, -0.3307 1.2127 0.0594, -0.1693 1.2127 0.0594, -0.3307 1.2241 0.0396, -0.1693 1.2241 0.0396, -0.3307 1.2398 0.023, -0.1693 1.2398 0.023, -0.3307 1.2589 0.0105, -0.1693 1.2589 0.0105, -0.3307 1.2804 0.0027, -0.1693 1.2804 0.0027, -0.3307 1.3031 0.0, -0.1693 1.3031 0.0, -0.1693 1.5354 0.0, -0.3307 1.5354 0.0, -0.1693 1.0827 0.4724, -0.3307 1.0827 0.4724, -0.6693 1.1344 0.4843, -0.8307 1.1344 0.4843, -0.6693 1.081 0.4843, -0.8307 1.081 0.4843, -0.6693 1.3031 0.0709, -0.6693 1.5354 0.0709, -0.8307 1.3031 0.0709, -0.8307 1.5354 0.0709, -0.6693 1.2967 0.0716, -0.8307 1.2967 0.0716, -0.6693 1.2907 0.0738, -0.8307 1.2907 0.0738, -0.6693 1.2853 0.0773, -0.8307 1.2853 0.0773, -0.6693 1.281 0.082, -0.8307 1.281 0.082, -0.6693 1.2778 0.0875, -0.8307 1.2778 0.0875, -0.6693 1.2759 0.0936, -0.8307 1.2759 0.0936, -0.6693 1.2197 0.4127, -0.8307 1.2197 0.4127, -0.8307 1.2139 0.4319, -0.6693 1.2139 0.4319, -0.8307 1.2038 0.4494, -0.6693 1.2038 0.4494, -0.8307 1.19 0.464, -0.6693 1.19 0.464, -0.8307 1.1732 0.475, -0.6693 1.1732 0.475, -0.8307 1.1543 0.4819, -0.6693 1.1543 0.4819, -0.8307 1.1344 0.4134, -0.6693 1.1344 0.4134, -0.8307 1.0744 0.4134, -0.6693 1.0744 0.4134, -0.6693 1.138 0.413, -0.8307 1.138 0.413, -0.6693 1.1414 0.4117, -0.8307 1.1414 0.4117, -0.6693 1.1445 0.4097, -0.8307 1.1445 0.4097, -0.6693 1.147 0.407, -0.8307 1.147 0.407, -0.6693 1.1488 0.4039, -0.8307 1.1488 0.4039, -0.6693 1.1499 0.4004, -0.8307 1.1499 0.4004, -0.6693 1.2061 0.0813, -0.8307 1.2061 0.0813, -0.8307 1.2127 0.0594, -0.6693 1.2127 0.0594, -0.8307 1.2241 0.0396, -0.6693 1.2241 0.0396, -0.8307 1.2398 0.023, -0.6693 1.2398 0.023, -0.8307 1.2589 0.0105, -0.6693 1.2589 0.0105, -0.8307 1.2804 0.0027, -0.6693 1.2804 0.0027, -0.8307 1.3031 0.0, -0.6693 1.3031 0.0, -0.6693 1.5354 0.0, -0.8307 1.5354 0.0, -0.6693 1.0827 0.4724, -0.8307 1.0827 0.4724, -1.1693 1.1344 0.4843, -1.3307 1.1344 0.4843, -1.1693 1.081 0.4843, -1.3307 1.081 0.4843, -1.1693 1.3031 0.0709, -1.1693 1.5354 0.0709, -1.3307 1.3031 0.0709, -1.3307 1.5354 0.0709, -1.1693 1.2967 0.0716, -1.3307 1.2967 0.0716, -1.1693 1.2907 0.0738, -1.3307 1.2907 0.0738, -1.1693 1.2853 0.0773, -1.3307 1.2853 0.0773, -1.1693 1.281 0.082, -1.3307 1.281 0.082, -1.1693 1.2778 0.0875, -1.3307 1.2778 0.0875, -1.1693 1.2759 0.0936, -1.3307 1.2759 0.0936, -1.1693 1.2197 0.4127, -1.3307 1.2197 0.4127, -1.3307 1.2139 0.4319, -1.1693 1.2139 0.4319, -1.3307 1.2038 0.4494, -1.1693 1.2038 0.4494, -1.3307 1.19 0.464, -1.1693 1.19 0.464, -1.3307 1.1732 0.475, -1.1693 1.1732 0.475, -1.3307 1.1543 0.4819, -1.1693 1.1543 0.4819, -1.3307 1.1344 0.4134, -1.1693 1.1344 0.4134, -1.3307 1.0744 0.4134, -1.1693 1.0744 0.4134, -1.1693 1.138 0.413, -1.3307 1.138 0.413, -1.1693 1.1414 0.4117, -1.3307 1.1414 0.4117, -1.1693 1.1445 0.4097, -1.3307 1.1445 0.4097, -1.1693 1.147 0.407, -1.3307 1.147 0.407, -1.1693 1.1488 0.4039, -1.3307 1.1488 0.4039, -1.1693 1.1499 0.4004, -1.3307 1.1499 0.4004, -1.1693 1.2061 0.0813, -1.3307 1.2061 0.0813, -1.3307 1.2127 0.0594, -1.1693 1.2127 0.0594, -1.3307 1.2241 0.0396, -1.1693 1.2241 0.0396, -1.3307 1.2398 0.023, -1.1693 1.2398 0.023, -1.3307 1.2589 0.0105, -1.1693 1.2589 0.0105, -1.3307 1.2804 0.0027, -1.1693 1.2804 0.0027, -1.3307 1.3031 0.0, -1.1693 1.3031 0.0, -1.1693 1.5354 0.0, -1.3307 1.5354 0.0, -1.1693 1.0827 0.4724, -1.3307 1.0827 0.4724, -1.6693 1.1344 0.4843, -1.8307 1.1344 0.4843, -1.6693 1.081 0.4843, -1.8307 1.081 0.4843, -1.6693 1.3031 0.0709, -1.6693 1.5354 0.0709, -1.8307 1.3031 0.0709, -1.8307 1.5354 0.0709, -1.6693 1.2967 0.0716, -1.8307 1.2967 0.0716, -1.6693 1.2907 0.0738, -1.8307 1.2907 0.0738, -1.6693 1.2853 0.0773, -1.8307 1.2853 0.0773, -1.6693 1.281 0.082, -1.8307 1.281 0.082, -1.6693 1.2778 0.0875, -1.8307 1.2778 0.0875, -1.6693 1.2759 0.0936, -1.8307 1.2759 0.0936, -1.6693 1.2197 0.4127, -1.8307 1.2197 0.4127, -1.8307 1.2139 0.4319, -1.6693 1.2139 0.4319, -1.8307 1.2038 0.4494, -1.6693 1.2038 0.4494, -1.8307 1.19 0.464, -1.6693 1.19 0.464, -1.8307 1.1732 0.475, -1.6693 1.1732 0.475, -1.8307 1.1543 0.4819, -1.6693 1.1543 0.4819, -1.8307 1.1344 0.4134, -1.6693 1.1344 0.4134, -1.8307 1.0744 0.4134, -1.6693 1.0744 0.4134, -1.6693 1.138 0.413, -1.8307 1.138 0.413, -1.6693 1.1414 0.4117, -1.8307 1.1414 0.4117, -1.6693 1.1445 0.4097, -1.8307 1.1445 0.4097, -1.6693 1.147 0.407, -1.8307 1.147 0.407, -1.6693 1.1488 0.4039, -1.8307 1.1488 0.4039, -1.6693 1.1499 0.4004, -1.8307 1.1499 0.4004, -1.6693 1.2061 0.0813, -1.8307 1.2061 0.0813, -1.8307 1.2127 0.0594, -1.6693 1.2127 0.0594, -1.8307 1.2241 0.0396, -1.6693 1.2241 0.0396, -1.8307 1.2398 0.023, -1.6693 1.2398 0.023, -1.8307 1.2589 0.0105, -1.6693 1.2589 0.0105, -1.8307 1.2804 0.0027, -1.6693 1.2804 0.0027, -1.8307 1.3031 0.0, -1.6693 1.3031 0.0, -1.6693 1.5354 0.0, -1.8307 1.5354 0.0, -1.6693 1.0827 0.4724, -1.8307 1.0827 0.4724, -2.1693 1.1344 0.4843, -2.3307 1.1344 0.4843, -2.1693 1.081 0.4843, -2.3307 1.081 0.4843, -2.1693 1.3031 0.0709, -2.1693 1.5354 0.0709, -2.3307 1.3031 0.0709, -2.3307 1.5354 0.0709, -2.1693 1.2967 0.0716, -2.3307 1.2967 0.0716, -2.1693 1.2907 0.0738, -2.3307 1.2907 0.0738, -2.1693 1.2853 0.0773, -2.3307 1.2853 0.0773, -2.1693 1.281 0.082, -2.3307 1.281 0.082, -2.1693 1.2778 0.0875, -2.3307 1.2778 0.0875, -2.1693 1.2759 0.0936, -2.3307 1.2759 0.0936, -2.1693 1.2197 0.4127, -2.3307 1.2197 0.4127, -2.3307 1.2139 0.4319, -2.1693 1.2139 0.4319, -2.3307 1.2038 0.4494, -2.1693 1.2038 0.4494, -2.3307 1.19 0.464, -2.1693 1.19 0.464, -2.3307 1.1732 0.475, -2.1693 1.1732 0.475, -2.3307 1.1543 0.4819, -2.1693 1.1543 0.4819, -2.3307 1.1344 0.4134, -2.1693 1.1344 0.4134, -2.3307 1.0744 0.4134, -2.1693 1.0744 0.4134, -2.1693 1.138 0.413, -2.3307 1.138 0.413, -2.1693 1.1414 0.4117, -2.3307 1.1414 0.4117, -2.1693 1.1445 0.4097, -2.3307 1.1445 0.4097, -2.1693 1.147 0.407, -2.3307 1.147 0.407, -2.1693 1.1488 0.4039, -2.3307 1.1488 0.4039, -2.1693 1.1499 0.4004, -2.3307 1.1499 0.4004, -2.1693 1.2061 0.0813, -2.3307 1.2061 0.0813, -2.3307 1.2127 0.0594, -2.1693 1.2127 0.0594, -2.3307 1.2241 0.0396, -2.1693 1.2241 0.0396, -2.3307 1.2398 0.023, -2.1693 1.2398 0.023, -2.3307 1.2589 0.0105, -2.1693 1.2589 0.0105, -2.3307 1.2804 0.0027, -2.1693 1.2804 0.0027, -2.3307 1.3031 0.0, -2.1693 1.3031 0.0, -2.1693 1.5354 0.0, -2.3307 1.5354 0.0, -2.1693 1.0827 0.4724, -2.3307 1.0827 0.4724
            ]
        }
        coordIndex [
            0,1,2,-1,2,1,3,-1,4,5,6,-1,6,5,7,-1,8,4,9,-1,9,4,6,-1,10,8,11,-1,11,8,9,-1,10,11,12,-1,10,12,13,-1,13,12,14,-1,13,14,15,-1,15,14,16,-1,15,16,17,-1,17,16,18,-1,17,18,19,-1,19,18,20,-1,19,20,21,-1,21,20,22,-1,21,22,23,-1,24,23,25,-1,25,23,22,-1,24,25,26,-1,26,25,27,-1,26,27,28,-1,28,27,29,-1,28,29,30,-1,30,29,31,-1,30,31,32,-1,32,31,33,-1,32,33,34,-1,34,33,35,-1,34,35,36,-1,36,35,37,-1,38,36,39,-1,39,36,37,-1,3,1,40,-1,3,40,41,-1,41,40,42,-1,41,42,43,-1,43,42,44,-1,43,44,45,-1,45,44,46,-1,45,46,47,-1,47,46,48,-1,47,48,49,-1,49,48,50,-1,49,50,51,-1,52,51,53,-1,53,51,50,-1,52,53,54,-1,54,53,55,-1,54,55,56,-1,56,55,57,-1,56,57,58,-1,58,57,59,-1,58,59,60,-1,60,59,61,-1,60,61,62,-1,62,61,63,-1,62,63,5,-1,5,63,7,-1,36,38,64,-1,64,2,3,-1,34,36,43,-1,43,36,64,-1,43,64,41,-1,41,64,3,-1,4,8,5,-1,5,8,10,-1,5,10,62,-1,62,10,13,-1,62,13,60,-1,60,13,15,-1,60,15,58,-1,58,15,17,-1,58,17,56,-1,56,17,19,-1,56,19,54,-1,54,19,21,-1,54,21,52,-1,52,21,23,-1,52,23,51,-1,51,23,24,-1,51,24,49,-1,49,24,26,-1,49,26,47,-1,47,26,28,-1,47,28,45,-1,45,28,30,-1,45,30,43,-1,43,30,32,-1,43,32,34,-1,1,0,65,-1,1,65,40,-1,37,35,42,-1,42,35,33,-1,42,33,44,-1,44,33,31,-1,44,31,46,-1,46,31,29,-1,46,29,48,-1,48,29,27,-1,48,27,50,-1,50,27,25,-1,50,25,53,-1,53,25,22,-1,53,22,55,-1,55,22,20,-1,55,20,57,-1,57,20,18,-1,57,18,59,-1,59,18,16,-1,59,16,61,-1,61,16,14,-1,61,14,63,-1,63,14,12,-1,63,12,7,-1,7,12,11,-1,7,11,6,-1,6,11,9,-1,40,65,42,-1,42,65,39,-1,42,39,37,-1,66,67,68,-1,68,67,69,-1,70,71,72,-1,72,71,73,-1,74,70,75,-1,75,70,72,-1,76,74,77,-1,77,74,75,-1,76,77,78,-1,76,78,79,-1,79,78,80,-1,79,80,81,-1,81,80,82,-1,81,82,83,-1,83,82,84,-1,83,84,85,-1,85,84,86,-1,85,86,87,-1,87,86,88,-1,87,88,89,-1,90,89,91,-1,91,89,88,-1,90,91,92,-1,92,91,93,-1,92,93,94,-1,94,93,95,-1,94,95,96,-1,96,95,97,-1,96,97,98,-1,98,97,99,-1,98,99,100,-1,100,99,101,-1,100,101,102,-1,102,101,103,-1,104,102,105,-1,105,102,103,-1,69,67,106,-1,69,106,107,-1,107,106,108,-1,107,108,109,-1,109,108,110,-1,109,110,111,-1,111,110,112,-1,111,112,113,-1,113,112,114,-1,113,114,115,-1,115,114,116,-1,115,116,117,-1,118,117,119,-1,119,117,116,-1,118,119,120,-1,120,119,121,-1,120,121,122,-1,122,121,123,-1,122,123,124,-1,124,123,125,-1,124,125,126,-1,126,125,127,-1,126,127,128,-1,128,127,129,-1,128,129,71,-1,71,129,73,-1,102,104,130,-1,130,68,69,-1,100,102,109,-1,109,102,130,-1,109,130,107,-1,107,130,69,-1,70,74,71,-1,71,74,76,-1,71,76,128,-1,128,76,79,-1,128,79,126,-1,126,79,81,-1,126,81,124,-1,124,81,83,-1,124,83,122,-1,122,83,85,-1,122,85,120,-1,120,85,87,-1,120,87,118,-1,118,87,89,-1,118,89,117,-1,117,89,90,-1,117,90,115,-1,115,90,92,-1,115,92,113,-1,113,92,94,-1,113,94,111,-1,111,94,96,-1,111,96,109,-1,109,96,98,-1,109,98,100,-1,67,66,131,-1,67,131,106,-1,103,101,108,-1,108,101,99,-1,108,99,110,-1,110,99,97,-1,110,97,112,-1,112,97,95,-1,112,95,114,-1,114,95,93,-1,114,93,116,-1,116,93,91,-1,116,91,119,-1,119,91,88,-1,119,88,121,-1,121,88,86,-1,121,86,123,-1,123,86,84,-1,123,84,125,-1,125,84,82,-1,125,82,127,-1,127,82,80,-1,127,80,129,-1,129,80,78,-1,129,78,73,-1,73,78,77,-1,73,77,72,-1,72,77,75,-1,106,131,108,-1,108,131,105,-1,108,105,103,-1,132,133,134,-1,134,133,135,-1,136,137,138,-1,138,137,139,-1,140,136,141,-1,141,136,138,-1,142,140,143,-1,143,140,141,-1,142,143,144,-1,142,144,145,-1,145,144,146,-1,145,146,147,-1,147,146,148,-1,147,148,149,-1,149,148,150,-1,149,150,151,-1,151,150,152,-1,151,152,153,-1,153,152,154,-1,153,154,155,-1,156,155,157,-1,157,155,154,-1,156,157,158,-1,158,157,159,-1,158,159,160,-1,160,159,161,-1,160,161,162,-1,162,161,163,-1,162,163,164,-1,164,163,165,-1,164,165,166,-1,166,165,167,-1,166,167,168,-1,168,167,169,-1,170,168,171,-1,171,168,169,-1,135,133,172,-1,135,172,173,-1,173,172,174,-1,173,174,175,-1,175,174,176,-1,175,176,177,-1,177,176,178,-1,177,178,179,-1,179,178,180,-1,179,180,181,-1,181,180,182,-1,181,182,183,-1,184,183,185,-1,185,183,182,-1,184,185,186,-1,186,185,187,-1,186,187,188,-1,188,187,189,-1,188,189,190,-1,190,189,191,-1,190,191,192,-1,192,191,193,-1,192,193,194,-1,194,193,195,-1,194,195,137,-1,137,195,139,-1,168,170,196,-1,196,134,135,-1,166,168,175,-1,175,168,196,-1,175,196,173,-1,173,196,135,-1,136,140,137,-1,137,140,142,-1,137,142,194,-1,194,142,145,-1,194,145,192,-1,192,145,147,-1,192,147,190,-1,190,147,149,-1,190,149,188,-1,188,149,151,-1,188,151,186,-1,186,151,153,-1,186,153,184,-1,184,153,155,-1,184,155,183,-1,183,155,156,-1,183,156,181,-1,181,156,158,-1,181,158,179,-1,179,158,160,-1,179,160,177,-1,177,160,162,-1,177,162,175,-1,175,162,164,-1,175,164,166,-1,133,132,197,-1,133,197,172,-1,169,167,174,-1,174,167,165,-1,174,165,176,-1,176,165,163,-1,176,163,178,-1,178,163,161,-1,178,161,180,-1,180,161,159,-1,180,159,182,-1,182,159,157,-1,182,157,185,-1,185,157,154,-1,185,154,187,-1,187,154,152,-1,187,152,189,-1,189,152,150,-1,189,150,191,-1,191,150,148,-1,191,148,193,-1,193,148,146,-1,193,146,195,-1,195,146,144,-1,195,144,139,-1,139,144,143,-1,139,143,138,-1,138,143,141,-1,172,197,174,-1,174,197,171,-1,174,171,169,-1,198,199,200,-1,200,199,201,-1,202,203,204,-1,204,203,205,-1,206,202,207,-1,207,202,204,-1,208,206,209,-1,209,206,207,-1,208,209,210,-1,208,210,211,-1,211,210,212,-1,211,212,213,-1,213,212,214,-1,213,214,215,-1,215,214,216,-1,215,216,217,-1,217,216,218,-1,217,218,219,-1,219,218,220,-1,219,220,221,-1,222,221,223,-1,223,221,220,-1,222,223,224,-1,224,223,225,-1,224,225,226,-1,226,225,227,-1,226,227,228,-1,228,227,229,-1,228,229,230,-1,230,229,231,-1,230,231,232,-1,232,231,233,-1,232,233,234,-1,234,233,235,-1,236,234,237,-1,237,234,235,-1,201,199,238,-1,201,238,239,-1,239,238,240,-1,239,240,241,-1,241,240,242,-1,241,242,243,-1,243,242,244,-1,243,244,245,-1,245,244,246,-1,245,246,247,-1,247,246,248,-1,247,248,249,-1,250,249,251,-1,251,249,248,-1,250,251,252,-1,252,251,253,-1,252,253,254,-1,254,253,255,-1,254,255,256,-1,256,255,257,-1,256,257,258,-1,258,257,259,-1,258,259,260,-1,260,259,261,-1,260,261,203,-1,203,261,205,-1,234,236,262,-1,262,200,201,-1,232,234,241,-1,241,234,262,-1,241,262,239,-1,239,262,201,-1,202,206,203,-1,203,206,208,-1,203,208,260,-1,260,208,211,-1,260,211,258,-1,258,211,213,-1,258,213,256,-1,256,213,215,-1,256,215,254,-1,254,215,217,-1,254,217,252,-1,252,217,219,-1,252,219,250,-1,250,219,221,-1,250,221,249,-1,249,221,222,-1,249,222,247,-1,247,222,224,-1,247,224,245,-1,245,224,226,-1,245,226,243,-1,243,226,228,-1,243,228,241,-1,241,228,230,-1,241,230,232,-1,199,198,263,-1,199,263,238,-1,235,233,240,-1,240,233,231,-1,240,231,242,-1,242,231,229,-1,242,229,244,-1,244,229,227,-1,244,227,246,-1,246,227,225,-1,246,225,248,-1,248,225,223,-1,248,223,251,-1,251,223,220,-1,251,220,253,-1,253,220,218,-1,253,218,255,-1,255,218,216,-1,255,216,257,-1,257,216,214,-1,257,214,259,-1,259,214,212,-1,259,212,261,-1,261,212,210,-1,261,210,205,-1,205,210,209,-1,205,209,204,-1,204,209,207,-1,238,263,240,-1,240,263,237,-1,240,237,235,-1,264,265,266,-1,266,265,267,-1,268,269,270,-1,270,269,271,-1,272,268,273,-1,273,268,270,-1,274,272,275,-1,275,272,273,-1,274,275,276,-1,274,276,277,-1,277,276,278,-1,277,278,279,-1,279,278,280,-1,279,280,281,-1,281,280,282,-1,281,282,283,-1,283,282,284,-1,283,284,285,-1,285,284,286,-1,285,286,287,-1,288,287,289,-1,289,287,286,-1,288,289,290,-1,290,289,291,-1,290,291,292,-1,292,291,293,-1,292,293,294,-1,294,293,295,-1,294,295,296,-1,296,295,297,-1,296,297,298,-1,298,297,299,-1,298,299,300,-1,300,299,301,-1,302,300,303,-1,303,300,301,-1,267,265,304,-1,267,304,305,-1,305,304,306,-1,305,306,307,-1,307,306,308,-1,307,308,309,-1,309,308,310,-1,309,310,311,-1,311,310,312,-1,311,312,313,-1,313,312,314,-1,313,314,315,-1,316,315,317,-1,317,315,314,-1,316,317,318,-1,318,317,319,-1,318,319,320,-1,320,319,321,-1,320,321,322,-1,322,321,323,-1,322,323,324,-1,324,323,325,-1,324,325,326,-1,326,325,327,-1,326,327,269,-1,269,327,271,-1,300,302,328,-1,328,266,267,-1,298,300,307,-1,307,300,328,-1,307,328,305,-1,305,328,267,-1,268,272,269,-1,269,272,274,-1,269,274,326,-1,326,274,277,-1,326,277,324,-1,324,277,279,-1,324,279,322,-1,322,279,281,-1,322,281,320,-1,320,281,283,-1,320,283,318,-1,318,283,285,-1,318,285,316,-1,316,285,287,-1,316,287,315,-1,315,287,288,-1,315,288,313,-1,313,288,290,-1,313,290,311,-1,311,290,292,-1,311,292,309,-1,309,292,294,-1,309,294,307,-1,307,294,296,-1,307,296,298,-1,265,264,329,-1,265,329,304,-1,301,299,306,-1,306,299,297,-1,306,297,308,-1,308,297,295,-1,308,295,310,-1,310,295,293,-1,310,293,312,-1,312,293,291,-1,312,291,314,-1,314,291,289,-1,314,289,317,-1,317,289,286,-1,317,286,319,-1,319,286,284,-1,319,284,321,-1,321,284,282,-1,321,282,323,-1,323,282,280,-1,323,280,325,-1,325,280,278,-1,325,278,327,-1,327,278,276,-1,327,276,271,-1,271,276,275,-1,271,275,270,-1,270,275,273,-1,304,329,306,-1,306,329,303,-1,306,303,301,-1,330,331,332,-1,332,331,333,-1,334,335,336,-1,336,335,337,-1,338,334,339,-1,339,334,336,-1,340,338,341,-1,341,338,339,-1,340,341,342,-1,340,342,343,-1,343,342,344,-1,343,344,345,-1,345,344,346,-1,345,346,347,-1,347,346,348,-1,347,348,349,-1,349,348,350,-1,349,350,351,-1,351,350,352,-1,351,352,353,-1,354,353,355,-1,355,353,352,-1,354,355,356,-1,356,355,357,-1,356,357,358,-1,358,357,359,-1,358,359,360,-1,360,359,361,-1,360,361,362,-1,362,361,363,-1,362,363,364,-1,364,363,365,-1,364,365,366,-1,366,365,367,-1,368,366,369,-1,369,366,367,-1,333,331,370,-1,333,370,371,-1,371,370,372,-1,371,372,373,-1,373,372,374,-1,373,374,375,-1,375,374,376,-1,375,376,377,-1,377,376,378,-1,377,378,379,-1,379,378,380,-1,379,380,381,-1,382,381,383,-1,383,381,380,-1,382,383,384,-1,384,383,385,-1,384,385,386,-1,386,385,387,-1,386,387,388,-1,388,387,389,-1,388,389,390,-1,390,389,391,-1,390,391,392,-1,392,391,393,-1,392,393,335,-1,335,393,337,-1,366,368,394,-1,394,332,333,-1,364,366,373,-1,373,366,394,-1,373,394,371,-1,371,394,333,-1,334,338,335,-1,335,338,340,-1,335,340,392,-1,392,340,343,-1,392,343,390,-1,390,343,345,-1,390,345,388,-1,388,345,347,-1,388,347,386,-1,386,347,349,-1,386,349,384,-1,384,349,351,-1,384,351,382,-1,382,351,353,-1,382,353,381,-1,381,353,354,-1,381,354,379,-1,379,354,356,-1,379,356,377,-1,377,356,358,-1,377,358,375,-1,375,358,360,-1,375,360,373,-1,373,360,362,-1,373,362,364,-1,331,330,395,-1,331,395,370,-1,367,365,372,-1,372,365,363,-1,372,363,374,-1,374,363,361,-1,374,361,376,-1,376,361,359,-1,376,359,378,-1,378,359,357,-1,378,357,380,-1,380,357,355,-1,380,355,383,-1,383,355,352,-1,383,352,385,-1,385,352,350,-1,385,350,387,-1,387,350,348,-1,387,348,389,-1,389,348,346,-1,389,346,391,-1,391,346,344,-1,391,344,393,-1,393,344,342,-1,393,342,337,-1,337,342,341,-1,337,341,336,-1,336,341,339,-1,370,395,372,-1,372,395,369,-1,372,369,367,-1,396,397,398,-1,398,397,399,-1,400,401,402,-1,402,401,403,-1,404,400,405,-1,405,400,402,-1,406,404,407,-1,407,404,405,-1,406,407,408,-1,406,408,409,-1,409,408,410,-1,409,410,411,-1,411,410,412,-1,411,412,413,-1,413,412,414,-1,413,414,415,-1,415,414,416,-1,415,416,417,-1,417,416,418,-1,417,418,419,-1,420,419,421,-1,421,419,418,-1,420,421,422,-1,422,421,423,-1,422,423,424,-1,424,423,425,-1,424,425,426,-1,426,425,427,-1,426,427,428,-1,428,427,429,-1,428,429,430,-1,430,429,431,-1,430,431,432,-1,432,431,433,-1,434,432,435,-1,435,432,433,-1,399,397,436,-1,399,436,437,-1,437,436,438,-1,437,438,439,-1,439,438,440,-1,439,440,441,-1,441,440,442,-1,441,442,443,-1,443,442,444,-1,443,444,445,-1,445,444,446,-1,445,446,447,-1,448,447,449,-1,449,447,446,-1,448,449,450,-1,450,449,451,-1,450,451,452,-1,452,451,453,-1,452,453,454,-1,454,453,455,-1,454,455,456,-1,456,455,457,-1,456,457,458,-1,458,457,459,-1,458,459,401,-1,401,459,403,-1,432,434,460,-1,460,398,399,-1,430,432,439,-1,439,432,460,-1,439,460,437,-1,437,460,399,-1,400,404,401,-1,401,404,406,-1,401,406,458,-1,458,406,409,-1,458,409,456,-1,456,409,411,-1,456,411,454,-1,454,411,413,-1,454,413,452,-1,452,413,415,-1,452,415,450,-1,450,415,417,-1,450,417,448,-1,448,417,419,-1,448,419,447,-1,447,419,420,-1,447,420,445,-1,445,420,422,-1,445,422,443,-1,443,422,424,-1,443,424,441,-1,441,424,426,-1,441,426,439,-1,439,426,428,-1,439,428,430,-1,397,396,461,-1,397,461,436,-1,433,431,438,-1,438,431,429,-1,438,429,440,-1,440,429,427,-1,440,427,442,-1,442,427,425,-1,442,425,444,-1,444,425,423,-1,444,423,446,-1,446,423,421,-1,446,421,449,-1,449,421,418,-1,449,418,451,-1,451,418,416,-1,451,416,453,-1,453,416,414,-1,453,414,455,-1,455,414,412,-1,455,412,457,-1,457,412,410,-1,457,410,459,-1,459,410,408,-1,459,408,403,-1,403,408,407,-1,403,407,402,-1,402,407,405,-1,436,461,438,-1,438,461,435,-1,438,435,433,-1,462,463,464,-1,464,463,465,-1,466,467,468,-1,468,467,469,-1,470,466,471,-1,471,466,468,-1,472,470,473,-1,473,470,471,-1,472,473,474,-1,472,474,475,-1,475,474,476,-1,475,476,477,-1,477,476,478,-1,477,478,479,-1,479,478,480,-1,479,480,481,-1,481,480,482,-1,481,482,483,-1,483,482,484,-1,483,484,485,-1,486,485,487,-1,487,485,484,-1,486,487,488,-1,488,487,489,-1,488,489,490,-1,490,489,491,-1,490,491,492,-1,492,491,493,-1,492,493,494,-1,494,493,495,-1,494,495,496,-1,496,495,497,-1,496,497,498,-1,498,497,499,-1,500,498,501,-1,501,498,499,-1,465,463,502,-1,465,502,503,-1,503,502,504,-1,503,504,505,-1,505,504,506,-1,505,506,507,-1,507,506,508,-1,507,508,509,-1,509,508,510,-1,509,510,511,-1,511,510,512,-1,511,512,513,-1,514,513,515,-1,515,513,512,-1,514,515,516,-1,516,515,517,-1,516,517,518,-1,518,517,519,-1,518,519,520,-1,520,519,521,-1,520,521,522,-1,522,521,523,-1,522,523,524,-1,524,523,525,-1,524,525,467,-1,467,525,469,-1,498,500,526,-1,526,464,465,-1,496,498,505,-1,505,498,526,-1,505,526,503,-1,503,526,465,-1,466,470,467,-1,467,470,472,-1,467,472,524,-1,524,472,475,-1,524,475,522,-1,522,475,477,-1,522,477,520,-1,520,477,479,-1,520,479,518,-1,518,479,481,-1,518,481,516,-1,516,481,483,-1,516,483,514,-1,514,483,485,-1,514,485,513,-1,513,485,486,-1,513,486,511,-1,511,486,488,-1,511,488,509,-1,509,488,490,-1,509,490,507,-1,507,490,492,-1,507,492,505,-1,505,492,494,-1,505,494,496,-1,463,462,527,-1,463,527,502,-1,499,497,504,-1,504,497,495,-1,504,495,506,-1,506,495,493,-1,506,493,508,-1,508,493,491,-1,508,491,510,-1,510,491,489,-1,510,489,512,-1,512,489,487,-1,512,487,515,-1,515,487,484,-1,515,484,517,-1,517,484,482,-1,517,482,519,-1,519,482,480,-1,519,480,521,-1,521,480,478,-1,521,478,523,-1,523,478,476,-1,523,476,525,-1,525,476,474,-1,525,474,469,-1,469,474,473,-1,469,473,468,-1,468,473,471,-1,502,527,504,-1,504,527,501,-1,504,501,499,-1,528,529,530,-1,530,529,531,-1,532,533,534,-1,534,533,535,-1,536,532,537,-1,537,532,534,-1,538,536,539,-1,539,536,537,-1,538,539,540,-1,538,540,541,-1,541,540,542,-1,541,542,543,-1,543,542,544,-1,543,544,545,-1,545,544,546,-1,545,546,547,-1,547,546,548,-1,547,548,549,-1,549,548,550,-1,549,550,551,-1,552,551,553,-1,553,551,550,-1,552,553,554,-1,554,553,555,-1,554,555,556,-1,556,555,557,-1,556,557,558,-1,558,557,559,-1,558,559,560,-1,560,559,561,-1,560,561,562,-1,562,561,563,-1,562,563,564,-1,564,563,565,-1,566,564,567,-1,567,564,565,-1,531,529,568,-1,531,568,569,-1,569,568,570,-1,569,570,571,-1,571,570,572,-1,571,572,573,-1,573,572,574,-1,573,574,575,-1,575,574,576,-1,575,576,577,-1,577,576,578,-1,577,578,579,-1,580,579,581,-1,581,579,578,-1,580,581,582,-1,582,581,583,-1,582,583,584,-1,584,583,585,-1,584,585,586,-1,586,585,587,-1,586,587,588,-1,588,587,589,-1,588,589,590,-1,590,589,591,-1,590,591,533,-1,533,591,535,-1,564,566,592,-1,592,530,531,-1,562,564,571,-1,571,564,592,-1,571,592,569,-1,569,592,531,-1,532,536,533,-1,533,536,538,-1,533,538,590,-1,590,538,541,-1,590,541,588,-1,588,541,543,-1,588,543,586,-1,586,543,545,-1,586,545,584,-1,584,545,547,-1,584,547,582,-1,582,547,549,-1,582,549,580,-1,580,549,551,-1,580,551,579,-1,579,551,552,-1,579,552,577,-1,577,552,554,-1,577,554,575,-1,575,554,556,-1,575,556,573,-1,573,556,558,-1,573,558,571,-1,571,558,560,-1,571,560,562,-1,529,528,593,-1,529,593,568,-1,565,563,570,-1,570,563,561,-1,570,561,572,-1,572,561,559,-1,572,559,574,-1,574,559,557,-1,574,557,576,-1,576,557,555,-1,576,555,578,-1,578,555,553,-1,578,553,581,-1,581,553,550,-1,581,550,583,-1,583,550,548,-1,583,548,585,-1,585,548,546,-1,585,546,587,-1,587,546,544,-1,587,544,589,-1,589,544,542,-1,589,542,591,-1,591,542,540,-1,591,540,535,-1,535,540,539,-1,535,539,534,-1,534,539,537,-1,568,593,570,-1,570,593,567,-1,570,567,565,-1,594,595,596,-1,596,595,597,-1,598,599,600,-1,600,599,601,-1,602,598,603,-1,603,598,600,-1,604,602,605,-1,605,602,603,-1,604,605,606,-1,604,606,607,-1,607,606,608,-1,607,608,609,-1,609,608,610,-1,609,610,611,-1,611,610,612,-1,611,612,613,-1,613,612,614,-1,613,614,615,-1,615,614,616,-1,615,616,617,-1,618,617,619,-1,619,617,616,-1,618,619,620,-1,620,619,621,-1,620,621,622,-1,622,621,623,-1,622,623,624,-1,624,623,625,-1,624,625,626,-1,626,625,627,-1,626,627,628,-1,628,627,629,-1,628,629,630,-1,630,629,631,-1,632,630,633,-1,633,630,631,-1,597,595,634,-1,597,634,635,-1,635,634,636,-1,635,636,637,-1,637,636,638,-1,637,638,639,-1,639,638,640,-1,639,640,641,-1,641,640,642,-1,641,642,643,-1,643,642,644,-1,643,644,645,-1,646,645,647,-1,647,645,644,-1,646,647,648,-1,648,647,649,-1,648,649,650,-1,650,649,651,-1,650,651,652,-1,652,651,653,-1,652,653,654,-1,654,653,655,-1,654,655,656,-1,656,655,657,-1,656,657,599,-1,599,657,601,-1,630,632,658,-1,658,596,597,-1,628,630,637,-1,637,630,658,-1,637,658,635,-1,635,658,597,-1,598,602,599,-1,599,602,604,-1,599,604,656,-1,656,604,607,-1,656,607,654,-1,654,607,609,-1,654,609,652,-1,652,609,611,-1,652,611,650,-1,650,611,613,-1,650,613,648,-1,648,613,615,-1,648,615,646,-1,646,615,617,-1,646,617,645,-1,645,617,618,-1,645,618,643,-1,643,618,620,-1,643,620,641,-1,641,620,622,-1,641,622,639,-1,639,622,624,-1,639,624,637,-1,637,624,626,-1,637,626,628,-1,595,594,659,-1,595,659,634,-1,631,629,636,-1,636,629,627,-1,636,627,638,-1,638,627,625,-1,638,625,640,-1,640,625,623,-1,640,623,642,-1,642,623,621,-1,642,621,644,-1,644,621,619,-1,644,619,647,-1,647,619,616,-1,647,616,649,-1,649,616,614,-1,649,614,651,-1,651,614,612,-1,651,612,653,-1,653,612,610,-1,653,610,655,-1,655,610,608,-1,655,608,657,-1,657,608,606,-1,657,606,601,-1,601,606,605,-1,601,605,600,-1,600,605,603,-1,634,659,636,-1,636,659,633,-1,636,633,631,-1,660,661,662,-1,662,661,663,-1,664,665,666,-1,666,665,667,-1,664,666,668,-1,668,666,669,-1,668,669,670,-1,670,669,671,-1,670,671,672,-1,672,671,673,-1,672,673,674,-1,674,673,675,-1,674,675,676,-1,676,675,677,-1,676,677,678,-1,678,677,679,-1,680,678,681,-1,681,678,679,-1,680,681,682,-1,680,682,683,-1,683,682,684,-1,683,684,685,-1,685,684,686,-1,685,686,687,-1,687,686,688,-1,687,688,689,-1,689,688,690,-1,689,690,691,-1,691,690,661,-1,691,661,660,-1,692,693,694,-1,694,693,695,-1,693,692,696,-1,696,692,697,-1,696,697,698,-1,698,697,699,-1,698,699,700,-1,700,699,701,-1,700,701,702,-1,702,701,703,-1,702,703,704,-1,704,703,705,-1,704,705,706,-1,706,705,707,-1,708,706,709,-1,709,706,707,-1,708,709,710,-1,708,710,711,-1,711,710,712,-1,711,712,713,-1,713,712,714,-1,713,714,715,-1,715,714,716,-1,715,716,717,-1,717,716,718,-1,717,718,719,-1,719,718,720,-1,719,720,721,-1,722,721,723,-1,723,721,720,-1,665,722,667,-1,667,722,723,-1,660,662,724,-1,660,724,691,-1,693,696,689,-1,689,696,698,-1,689,698,687,-1,687,698,700,-1,687,700,685,-1,685,700,702,-1,685,702,683,-1,683,702,704,-1,683,704,680,-1,680,704,706,-1,680,706,678,-1,678,706,708,-1,678,708,676,-1,676,708,711,-1,676,711,674,-1,674,711,713,-1,674,713,672,-1,672,713,715,-1,672,715,670,-1,670,715,717,-1,670,717,668,-1,668,717,719,-1,668,719,664,-1,664,719,721,-1,664,721,665,-1,665,721,722,-1,691,724,689,-1,689,724,695,-1,689,695,693,-1,663,661,725,-1,725,661,690,-1,725,690,688,-1,667,723,666,-1,666,723,720,-1,666,720,669,-1,669,720,718,-1,669,718,671,-1,671,718,716,-1,671,716,673,-1,673,716,714,-1,673,714,675,-1,675,714,712,-1,675,712,677,-1,677,712,710,-1,677,710,679,-1,679,710,709,-1,679,709,681,-1,681,709,707,-1,681,707,682,-1,682,707,705,-1,682,705,684,-1,684,705,703,-1,684,703,686,-1,686,703,701,-1,686,701,688,-1,688,701,699,-1,694,725,692,-1,692,725,688,-1,692,688,697,-1,697,688,699,-1,726,727,728,-1,728,727,729,-1,730,731,732,-1,732,731,733,-1,730,732,734,-1,734,732,735,-1,734,735,736,-1,736,735,737,-1,736,737,738,-1,738,737,739,-1,738,739,740,-1,740,739,741,-1,740,741,742,-1,742,741,743,-1,742,743,744,-1,744,743,745,-1,746,744,747,-1,747,744,745,-1,746,747,748,-1,746,748,749,-1,749,748,750,-1,749,750,751,-1,751,750,752,-1,751,752,753,-1,753,752,754,-1,753,754,755,-1,755,754,756,-1,755,756,757,-1,757,756,727,-1,757,727,726,-1,758,759,760,-1,760,759,761,-1,759,758,762,-1,762,758,763,-1,762,763,764,-1,764,763,765,-1,764,765,766,-1,766,765,767,-1,766,767,768,-1,768,767,769,-1,768,769,770,-1,770,769,771,-1,770,771,772,-1,772,771,773,-1,774,772,775,-1,775,772,773,-1,774,775,776,-1,774,776,777,-1,777,776,778,-1,777,778,779,-1,779,778,780,-1,779,780,781,-1,781,780,782,-1,781,782,783,-1,783,782,784,-1,783,784,785,-1,785,784,786,-1,785,786,787,-1,788,787,789,-1,789,787,786,-1,731,788,733,-1,733,788,789,-1,726,728,790,-1,726,790,757,-1,759,762,755,-1,755,762,764,-1,755,764,753,-1,753,764,766,-1,753,766,751,-1,751,766,768,-1,751,768,749,-1,749,768,770,-1,749,770,746,-1,746,770,772,-1,746,772,744,-1,744,772,774,-1,744,774,742,-1,742,774,777,-1,742,777,740,-1,740,777,779,-1,740,779,738,-1,738,779,781,-1,738,781,736,-1,736,781,783,-1,736,783,734,-1,734,783,785,-1,734,785,730,-1,730,785,787,-1,730,787,731,-1,731,787,788,-1,757,790,755,-1,755,790,761,-1,755,761,759,-1,729,727,791,-1,791,727,756,-1,791,756,754,-1,733,789,732,-1,732,789,786,-1,732,786,735,-1,735,786,784,-1,735,784,737,-1,737,784,782,-1,737,782,739,-1,739,782,780,-1,739,780,741,-1,741,780,778,-1,741,778,743,-1,743,778,776,-1,743,776,745,-1,745,776,775,-1,745,775,747,-1,747,775,773,-1,747,773,748,-1,748,773,771,-1,748,771,750,-1,750,771,769,-1,750,769,752,-1,752,769,767,-1,752,767,754,-1,754,767,765,-1,760,791,758,-1,758,791,754,-1,758,754,763,-1,763,754,765,-1,792,793,794,-1,794,793,795,-1,796,797,798,-1,798,797,799,-1,796,798,800,-1,800,798,801,-1,800,801,802,-1,802,801,803,-1,802,803,804,-1,804,803,805,-1,804,805,806,-1,806,805,807,-1,806,807,808,-1,808,807,809,-1,808,809,810,-1,810,809,811,-1,812,810,813,-1,813,810,811,-1,812,813,814,-1,812,814,815,-1,815,814,816,-1,815,816,817,-1,817,816,818,-1,817,818,819,-1,819,818,820,-1,819,820,821,-1,821,820,822,-1,821,822,823,-1,823,822,793,-1,823,793,792,-1,824,825,826,-1,826,825,827,-1,825,824,828,-1,828,824,829,-1,828,829,830,-1,830,829,831,-1,830,831,832,-1,832,831,833,-1,832,833,834,-1,834,833,835,-1,834,835,836,-1,836,835,837,-1,836,837,838,-1,838,837,839,-1,840,838,841,-1,841,838,839,-1,840,841,842,-1,840,842,843,-1,843,842,844,-1,843,844,845,-1,845,844,846,-1,845,846,847,-1,847,846,848,-1,847,848,849,-1,849,848,850,-1,849,850,851,-1,851,850,852,-1,851,852,853,-1,854,853,855,-1,855,853,852,-1,797,854,799,-1,799,854,855,-1,792,794,856,-1,792,856,823,-1,825,828,821,-1,821,828,830,-1,821,830,819,-1,819,830,832,-1,819,832,817,-1,817,832,834,-1,817,834,815,-1,815,834,836,-1,815,836,812,-1,812,836,838,-1,812,838,810,-1,810,838,840,-1,810,840,808,-1,808,840,843,-1,808,843,806,-1,806,843,845,-1,806,845,804,-1,804,845,847,-1,804,847,802,-1,802,847,849,-1,802,849,800,-1,800,849,851,-1,800,851,796,-1,796,851,853,-1,796,853,797,-1,797,853,854,-1,823,856,821,-1,821,856,827,-1,821,827,825,-1,795,793,857,-1,857,793,822,-1,857,822,820,-1,799,855,798,-1,798,855,852,-1,798,852,801,-1,801,852,850,-1,801,850,803,-1,803,850,848,-1,803,848,805,-1,805,848,846,-1,805,846,807,-1,807,846,844,-1,807,844,809,-1,809,844,842,-1,809,842,811,-1,811,842,841,-1,811,841,813,-1,813,841,839,-1,813,839,814,-1,814,839,837,-1,814,837,816,-1,816,837,835,-1,816,835,818,-1,818,835,833,-1,818,833,820,-1,820,833,831,-1,826,857,824,-1,824,857,820,-1,824,820,829,-1,829,820,831,-1,858,859,860,-1,860,859,861,-1,862,863,864,-1,864,863,865,-1,862,864,866,-1,866,864,867,-1,866,867,868,-1,868,867,869,-1,868,869,870,-1,870,869,871,-1,870,871,872,-1,872,871,873,-1,872,873,874,-1,874,873,875,-1,874,875,876,-1,876,875,877,-1,878,876,879,-1,879,876,877,-1,878,879,880,-1,878,880,881,-1,881,880,882,-1,881,882,883,-1,883,882,884,-1,883,884,885,-1,885,884,886,-1,885,886,887,-1,887,886,888,-1,887,888,889,-1,889,888,859,-1,889,859,858,-1,890,891,892,-1,892,891,893,-1,891,890,894,-1,894,890,895,-1,894,895,896,-1,896,895,897,-1,896,897,898,-1,898,897,899,-1,898,899,900,-1,900,899,901,-1,900,901,902,-1,902,901,903,-1,902,903,904,-1,904,903,905,-1,906,904,907,-1,907,904,905,-1,906,907,908,-1,906,908,909,-1,909,908,910,-1,909,910,911,-1,911,910,912,-1,911,912,913,-1,913,912,914,-1,913,914,915,-1,915,914,916,-1,915,916,917,-1,917,916,918,-1,917,918,919,-1,920,919,921,-1,921,919,918,-1,863,920,865,-1,865,920,921,-1,858,860,922,-1,858,922,889,-1,891,894,887,-1,887,894,896,-1,887,896,885,-1,885,896,898,-1,885,898,883,-1,883,898,900,-1,883,900,881,-1,881,900,902,-1,881,902,878,-1,878,902,904,-1,878,904,876,-1,876,904,906,-1,876,906,874,-1,874,906,909,-1,874,909,872,-1,872,909,911,-1,872,911,870,-1,870,911,913,-1,870,913,868,-1,868,913,915,-1,868,915,866,-1,866,915,917,-1,866,917,862,-1,862,917,919,-1,862,919,863,-1,863,919,920,-1,889,922,887,-1,887,922,893,-1,887,893,891,-1,861,859,923,-1,923,859,888,-1,923,888,886,-1,865,921,864,-1,864,921,918,-1,864,918,867,-1,867,918,916,-1,867,916,869,-1,869,916,914,-1,869,914,871,-1,871,914,912,-1,871,912,873,-1,873,912,910,-1,873,910,875,-1,875,910,908,-1,875,908,877,-1,877,908,907,-1,877,907,879,-1,879,907,905,-1,879,905,880,-1,880,905,903,-1,880,903,882,-1,882,903,901,-1,882,901,884,-1,884,901,899,-1,884,899,886,-1,886,899,897,-1,892,923,890,-1,890,923,886,-1,890,886,895,-1,895,886,897,-1,924,925,926,-1,926,925,927,-1,928,929,930,-1,930,929,931,-1,928,930,932,-1,932,930,933,-1,932,933,934,-1,934,933,935,-1,934,935,936,-1,936,935,937,-1,936,937,938,-1,938,937,939,-1,938,939,940,-1,940,939,941,-1,940,941,942,-1,942,941,943,-1,944,942,945,-1,945,942,943,-1,944,945,946,-1,944,946,947,-1,947,946,948,-1,947,948,949,-1,949,948,950,-1,949,950,951,-1,951,950,952,-1,951,952,953,-1,953,952,954,-1,953,954,955,-1,955,954,925,-1,955,925,924,-1,956,957,958,-1,958,957,959,-1,957,956,960,-1,960,956,961,-1,960,961,962,-1,962,961,963,-1,962,963,964,-1,964,963,965,-1,964,965,966,-1,966,965,967,-1,966,967,968,-1,968,967,969,-1,968,969,970,-1,970,969,971,-1,972,970,973,-1,973,970,971,-1,972,973,974,-1,972,974,975,-1,975,974,976,-1,975,976,977,-1,977,976,978,-1,977,978,979,-1,979,978,980,-1,979,980,981,-1,981,980,982,-1,981,982,983,-1,983,982,984,-1,983,984,985,-1,986,985,987,-1,987,985,984,-1,929,986,931,-1,931,986,987,-1,924,926,988,-1,924,988,955,-1,957,960,953,-1,953,960,962,-1,953,962,951,-1,951,962,964,-1,951,964,949,-1,949,964,966,-1,949,966,947,-1,947,966,968,-1,947,968,944,-1,944,968,970,-1,944,970,942,-1,942,970,972,-1,942,972,940,-1,940,972,975,-1,940,975,938,-1,938,975,977,-1,938,977,936,-1,936,977,979,-1,936,979,934,-1,934,979,981,-1,934,981,932,-1,932,981,983,-1,932,983,928,-1,928,983,985,-1,928,985,929,-1,929,985,986,-1,955,988,953,-1,953,988,959,-1,953,959,957,-1,927,925,989,-1,989,925,954,-1,989,954,952,-1,931,987,930,-1,930,987,984,-1,930,984,933,-1,933,984,982,-1,933,982,935,-1,935,982,980,-1,935,980,937,-1,937,980,978,-1,937,978,939,-1,939,978,976,-1,939,976,941,-1,941,976,974,-1,941,974,943,-1,943,974,973,-1,943,973,945,-1,945,973,971,-1,945,971,946,-1,946,971,969,-1,946,969,948,-1,948,969,967,-1,948,967,950,-1,950,967,965,-1,950,965,952,-1,952,965,963,-1,958,989,956,-1,956,989,952,-1,956,952,961,-1,961,952,963,-1,990,991,992,-1,992,991,993,-1,994,995,996,-1,996,995,997,-1,994,996,998,-1,998,996,999,-1,998,999,1000,-1,1000,999,1001,-1,1000,1001,1002,-1,1002,1001,1003,-1,1002,1003,1004,-1,1004,1003,1005,-1,1004,1005,1006,-1,1006,1005,1007,-1,1006,1007,1008,-1,1008,1007,1009,-1,1010,1008,1011,-1,1011,1008,1009,-1,1010,1011,1012,-1,1010,1012,1013,-1,1013,1012,1014,-1,1013,1014,1015,-1,1015,1014,1016,-1,1015,1016,1017,-1,1017,1016,1018,-1,1017,1018,1019,-1,1019,1018,1020,-1,1019,1020,1021,-1,1021,1020,991,-1,1021,991,990,-1,1022,1023,1024,-1,1024,1023,1025,-1,1023,1022,1026,-1,1026,1022,1027,-1,1026,1027,1028,-1,1028,1027,1029,-1,1028,1029,1030,-1,1030,1029,1031,-1,1030,1031,1032,-1,1032,1031,1033,-1,1032,1033,1034,-1,1034,1033,1035,-1,1034,1035,1036,-1,1036,1035,1037,-1,1038,1036,1039,-1,1039,1036,1037,-1,1038,1039,1040,-1,1038,1040,1041,-1,1041,1040,1042,-1,1041,1042,1043,-1,1043,1042,1044,-1,1043,1044,1045,-1,1045,1044,1046,-1,1045,1046,1047,-1,1047,1046,1048,-1,1047,1048,1049,-1,1049,1048,1050,-1,1049,1050,1051,-1,1052,1051,1053,-1,1053,1051,1050,-1,995,1052,997,-1,997,1052,1053,-1,990,992,1054,-1,990,1054,1021,-1,1023,1026,1019,-1,1019,1026,1028,-1,1019,1028,1017,-1,1017,1028,1030,-1,1017,1030,1015,-1,1015,1030,1032,-1,1015,1032,1013,-1,1013,1032,1034,-1,1013,1034,1010,-1,1010,1034,1036,-1,1010,1036,1008,-1,1008,1036,1038,-1,1008,1038,1006,-1,1006,1038,1041,-1,1006,1041,1004,-1,1004,1041,1043,-1,1004,1043,1002,-1,1002,1043,1045,-1,1002,1045,1000,-1,1000,1045,1047,-1,1000,1047,998,-1,998,1047,1049,-1,998,1049,994,-1,994,1049,1051,-1,994,1051,995,-1,995,1051,1052,-1,1021,1054,1019,-1,1019,1054,1025,-1,1019,1025,1023,-1,993,991,1055,-1,1055,991,1020,-1,1055,1020,1018,-1,997,1053,996,-1,996,1053,1050,-1,996,1050,999,-1,999,1050,1048,-1,999,1048,1001,-1,1001,1048,1046,-1,1001,1046,1003,-1,1003,1046,1044,-1,1003,1044,1005,-1,1005,1044,1042,-1,1005,1042,1007,-1,1007,1042,1040,-1,1007,1040,1009,-1,1009,1040,1039,-1,1009,1039,1011,-1,1011,1039,1037,-1,1011,1037,1012,-1,1012,1037,1035,-1,1012,1035,1014,-1,1014,1035,1033,-1,1014,1033,1016,-1,1016,1033,1031,-1,1016,1031,1018,-1,1018,1031,1029,-1,1024,1055,1022,-1,1022,1055,1018,-1,1022,1018,1027,-1,1027,1018,1029,-1,1056,1057,1058,-1,1058,1057,1059,-1,1060,1061,1062,-1,1062,1061,1063,-1,1060,1062,1064,-1,1064,1062,1065,-1,1064,1065,1066,-1,1066,1065,1067,-1,1066,1067,1068,-1,1068,1067,1069,-1,1068,1069,1070,-1,1070,1069,1071,-1,1070,1071,1072,-1,1072,1071,1073,-1,1072,1073,1074,-1,1074,1073,1075,-1,1076,1074,1077,-1,1077,1074,1075,-1,1076,1077,1078,-1,1076,1078,1079,-1,1079,1078,1080,-1,1079,1080,1081,-1,1081,1080,1082,-1,1081,1082,1083,-1,1083,1082,1084,-1,1083,1084,1085,-1,1085,1084,1086,-1,1085,1086,1087,-1,1087,1086,1057,-1,1087,1057,1056,-1,1088,1089,1090,-1,1090,1089,1091,-1,1089,1088,1092,-1,1092,1088,1093,-1,1092,1093,1094,-1,1094,1093,1095,-1,1094,1095,1096,-1,1096,1095,1097,-1,1096,1097,1098,-1,1098,1097,1099,-1,1098,1099,1100,-1,1100,1099,1101,-1,1100,1101,1102,-1,1102,1101,1103,-1,1104,1102,1105,-1,1105,1102,1103,-1,1104,1105,1106,-1,1104,1106,1107,-1,1107,1106,1108,-1,1107,1108,1109,-1,1109,1108,1110,-1,1109,1110,1111,-1,1111,1110,1112,-1,1111,1112,1113,-1,1113,1112,1114,-1,1113,1114,1115,-1,1115,1114,1116,-1,1115,1116,1117,-1,1118,1117,1119,-1,1119,1117,1116,-1,1061,1118,1063,-1,1063,1118,1119,-1,1056,1058,1120,-1,1056,1120,1087,-1,1089,1092,1085,-1,1085,1092,1094,-1,1085,1094,1083,-1,1083,1094,1096,-1,1083,1096,1081,-1,1081,1096,1098,-1,1081,1098,1079,-1,1079,1098,1100,-1,1079,1100,1076,-1,1076,1100,1102,-1,1076,1102,1074,-1,1074,1102,1104,-1,1074,1104,1072,-1,1072,1104,1107,-1,1072,1107,1070,-1,1070,1107,1109,-1,1070,1109,1068,-1,1068,1109,1111,-1,1068,1111,1066,-1,1066,1111,1113,-1,1066,1113,1064,-1,1064,1113,1115,-1,1064,1115,1060,-1,1060,1115,1117,-1,1060,1117,1061,-1,1061,1117,1118,-1,1087,1120,1085,-1,1085,1120,1091,-1,1085,1091,1089,-1,1059,1057,1121,-1,1121,1057,1086,-1,1121,1086,1084,-1,1063,1119,1062,-1,1062,1119,1116,-1,1062,1116,1065,-1,1065,1116,1114,-1,1065,1114,1067,-1,1067,1114,1112,-1,1067,1112,1069,-1,1069,1112,1110,-1,1069,1110,1071,-1,1071,1110,1108,-1,1071,1108,1073,-1,1073,1108,1106,-1,1073,1106,1075,-1,1075,1106,1105,-1,1075,1105,1077,-1,1077,1105,1103,-1,1077,1103,1078,-1,1078,1103,1101,-1,1078,1101,1080,-1,1080,1101,1099,-1,1080,1099,1082,-1,1082,1099,1097,-1,1082,1097,1084,-1,1084,1097,1095,-1,1090,1121,1088,-1,1088,1121,1084,-1,1088,1084,1093,-1,1093,1084,1095,-1,1122,1123,1124,-1,1124,1123,1125,-1,1126,1127,1128,-1,1128,1127,1129,-1,1126,1128,1130,-1,1130,1128,1131,-1,1130,1131,1132,-1,1132,1131,1133,-1,1132,1133,1134,-1,1134,1133,1135,-1,1134,1135,1136,-1,1136,1135,1137,-1,1136,1137,1138,-1,1138,1137,1139,-1,1138,1139,1140,-1,1140,1139,1141,-1,1142,1140,1143,-1,1143,1140,1141,-1,1142,1143,1144,-1,1142,1144,1145,-1,1145,1144,1146,-1,1145,1146,1147,-1,1147,1146,1148,-1,1147,1148,1149,-1,1149,1148,1150,-1,1149,1150,1151,-1,1151,1150,1152,-1,1151,1152,1153,-1,1153,1152,1123,-1,1153,1123,1122,-1,1154,1155,1156,-1,1156,1155,1157,-1,1155,1154,1158,-1,1158,1154,1159,-1,1158,1159,1160,-1,1160,1159,1161,-1,1160,1161,1162,-1,1162,1161,1163,-1,1162,1163,1164,-1,1164,1163,1165,-1,1164,1165,1166,-1,1166,1165,1167,-1,1166,1167,1168,-1,1168,1167,1169,-1,1170,1168,1171,-1,1171,1168,1169,-1,1170,1171,1172,-1,1170,1172,1173,-1,1173,1172,1174,-1,1173,1174,1175,-1,1175,1174,1176,-1,1175,1176,1177,-1,1177,1176,1178,-1,1177,1178,1179,-1,1179,1178,1180,-1,1179,1180,1181,-1,1181,1180,1182,-1,1181,1182,1183,-1,1184,1183,1185,-1,1185,1183,1182,-1,1127,1184,1129,-1,1129,1184,1185,-1,1122,1124,1186,-1,1122,1186,1153,-1,1155,1158,1151,-1,1151,1158,1160,-1,1151,1160,1149,-1,1149,1160,1162,-1,1149,1162,1147,-1,1147,1162,1164,-1,1147,1164,1145,-1,1145,1164,1166,-1,1145,1166,1142,-1,1142,1166,1168,-1,1142,1168,1140,-1,1140,1168,1170,-1,1140,1170,1138,-1,1138,1170,1173,-1,1138,1173,1136,-1,1136,1173,1175,-1,1136,1175,1134,-1,1134,1175,1177,-1,1134,1177,1132,-1,1132,1177,1179,-1,1132,1179,1130,-1,1130,1179,1181,-1,1130,1181,1126,-1,1126,1181,1183,-1,1126,1183,1127,-1,1127,1183,1184,-1,1153,1186,1151,-1,1151,1186,1157,-1,1151,1157,1155,-1,1125,1123,1187,-1,1187,1123,1152,-1,1187,1152,1150,-1,1129,1185,1128,-1,1128,1185,1182,-1,1128,1182,1131,-1,1131,1182,1180,-1,1131,1180,1133,-1,1133,1180,1178,-1,1133,1178,1135,-1,1135,1178,1176,-1,1135,1176,1137,-1,1137,1176,1174,-1,1137,1174,1139,-1,1139,1174,1172,-1,1139,1172,1141,-1,1141,1172,1171,-1,1141,1171,1143,-1,1143,1171,1169,-1,1143,1169,1144,-1,1144,1169,1167,-1,1144,1167,1146,-1,1146,1167,1165,-1,1146,1165,1148,-1,1148,1165,1163,-1,1148,1163,1150,-1,1150,1163,1161,-1,1156,1187,1154,-1,1154,1187,1150,-1,1154,1150,1159,-1,1159,1150,1161,-1,1188,1189,1190,-1,1190,1189,1191,-1,1192,1193,1194,-1,1194,1193,1195,-1,1192,1194,1196,-1,1196,1194,1197,-1,1196,1197,1198,-1,1198,1197,1199,-1,1198,1199,1200,-1,1200,1199,1201,-1,1200,1201,1202,-1,1202,1201,1203,-1,1202,1203,1204,-1,1204,1203,1205,-1,1204,1205,1206,-1,1206,1205,1207,-1,1208,1206,1209,-1,1209,1206,1207,-1,1208,1209,1210,-1,1208,1210,1211,-1,1211,1210,1212,-1,1211,1212,1213,-1,1213,1212,1214,-1,1213,1214,1215,-1,1215,1214,1216,-1,1215,1216,1217,-1,1217,1216,1218,-1,1217,1218,1219,-1,1219,1218,1189,-1,1219,1189,1188,-1,1220,1221,1222,-1,1222,1221,1223,-1,1221,1220,1224,-1,1224,1220,1225,-1,1224,1225,1226,-1,1226,1225,1227,-1,1226,1227,1228,-1,1228,1227,1229,-1,1228,1229,1230,-1,1230,1229,1231,-1,1230,1231,1232,-1,1232,1231,1233,-1,1232,1233,1234,-1,1234,1233,1235,-1,1236,1234,1237,-1,1237,1234,1235,-1,1236,1237,1238,-1,1236,1238,1239,-1,1239,1238,1240,-1,1239,1240,1241,-1,1241,1240,1242,-1,1241,1242,1243,-1,1243,1242,1244,-1,1243,1244,1245,-1,1245,1244,1246,-1,1245,1246,1247,-1,1247,1246,1248,-1,1247,1248,1249,-1,1250,1249,1251,-1,1251,1249,1248,-1,1193,1250,1195,-1,1195,1250,1251,-1,1188,1190,1252,-1,1188,1252,1219,-1,1221,1224,1217,-1,1217,1224,1226,-1,1217,1226,1215,-1,1215,1226,1228,-1,1215,1228,1213,-1,1213,1228,1230,-1,1213,1230,1211,-1,1211,1230,1232,-1,1211,1232,1208,-1,1208,1232,1234,-1,1208,1234,1206,-1,1206,1234,1236,-1,1206,1236,1204,-1,1204,1236,1239,-1,1204,1239,1202,-1,1202,1239,1241,-1,1202,1241,1200,-1,1200,1241,1243,-1,1200,1243,1198,-1,1198,1243,1245,-1,1198,1245,1196,-1,1196,1245,1247,-1,1196,1247,1192,-1,1192,1247,1249,-1,1192,1249,1193,-1,1193,1249,1250,-1,1219,1252,1217,-1,1217,1252,1223,-1,1217,1223,1221,-1,1191,1189,1253,-1,1253,1189,1218,-1,1253,1218,1216,-1,1195,1251,1194,-1,1194,1251,1248,-1,1194,1248,1197,-1,1197,1248,1246,-1,1197,1246,1199,-1,1199,1246,1244,-1,1199,1244,1201,-1,1201,1244,1242,-1,1201,1242,1203,-1,1203,1242,1240,-1,1203,1240,1205,-1,1205,1240,1238,-1,1205,1238,1207,-1,1207,1238,1237,-1,1207,1237,1209,-1,1209,1237,1235,-1,1209,1235,1210,-1,1210,1235,1233,-1,1210,1233,1212,-1,1212,1233,1231,-1,1212,1231,1214,-1,1214,1231,1229,-1,1214,1229,1216,-1,1216,1229,1227,-1,1222,1253,1220,-1,1220,1253,1216,-1,1220,1216,1225,-1,1225,1216,1227,-1,1254,1255,1256,-1,1256,1255,1257,-1,1258,1259,1260,-1,1260,1259,1261,-1,1258,1260,1262,-1,1262,1260,1263,-1,1262,1263,1264,-1,1264,1263,1265,-1,1264,1265,1266,-1,1266,1265,1267,-1,1266,1267,1268,-1,1268,1267,1269,-1,1268,1269,1270,-1,1270,1269,1271,-1,1270,1271,1272,-1,1272,1271,1273,-1,1274,1272,1275,-1,1275,1272,1273,-1,1274,1275,1276,-1,1274,1276,1277,-1,1277,1276,1278,-1,1277,1278,1279,-1,1279,1278,1280,-1,1279,1280,1281,-1,1281,1280,1282,-1,1281,1282,1283,-1,1283,1282,1284,-1,1283,1284,1285,-1,1285,1284,1255,-1,1285,1255,1254,-1,1286,1287,1288,-1,1288,1287,1289,-1,1287,1286,1290,-1,1290,1286,1291,-1,1290,1291,1292,-1,1292,1291,1293,-1,1292,1293,1294,-1,1294,1293,1295,-1,1294,1295,1296,-1,1296,1295,1297,-1,1296,1297,1298,-1,1298,1297,1299,-1,1298,1299,1300,-1,1300,1299,1301,-1,1302,1300,1303,-1,1303,1300,1301,-1,1302,1303,1304,-1,1302,1304,1305,-1,1305,1304,1306,-1,1305,1306,1307,-1,1307,1306,1308,-1,1307,1308,1309,-1,1309,1308,1310,-1,1309,1310,1311,-1,1311,1310,1312,-1,1311,1312,1313,-1,1313,1312,1314,-1,1313,1314,1315,-1,1316,1315,1317,-1,1317,1315,1314,-1,1259,1316,1261,-1,1261,1316,1317,-1,1254,1256,1318,-1,1254,1318,1285,-1,1287,1290,1283,-1,1283,1290,1292,-1,1283,1292,1281,-1,1281,1292,1294,-1,1281,1294,1279,-1,1279,1294,1296,-1,1279,1296,1277,-1,1277,1296,1298,-1,1277,1298,1274,-1,1274,1298,1300,-1,1274,1300,1272,-1,1272,1300,1302,-1,1272,1302,1270,-1,1270,1302,1305,-1,1270,1305,1268,-1,1268,1305,1307,-1,1268,1307,1266,-1,1266,1307,1309,-1,1266,1309,1264,-1,1264,1309,1311,-1,1264,1311,1262,-1,1262,1311,1313,-1,1262,1313,1258,-1,1258,1313,1315,-1,1258,1315,1259,-1,1259,1315,1316,-1,1285,1318,1283,-1,1283,1318,1289,-1,1283,1289,1287,-1,1257,1255,1319,-1,1319,1255,1284,-1,1319,1284,1282,-1,1261,1317,1260,-1,1260,1317,1314,-1,1260,1314,1263,-1,1263,1314,1312,-1,1263,1312,1265,-1,1265,1312,1310,-1,1265,1310,1267,-1,1267,1310,1308,-1,1267,1308,1269,-1,1269,1308,1306,-1,1269,1306,1271,-1,1271,1306,1304,-1,1271,1304,1273,-1,1273,1304,1303,-1,1273,1303,1275,-1,1275,1303,1301,-1,1275,1301,1276,-1,1276,1301,1299,-1,1276,1299,1278,-1,1278,1299,1297,-1,1278,1297,1280,-1,1280,1297,1295,-1,1280,1295,1282,-1,1282,1295,1293,-1,1288,1319,1286,-1,1286,1319,1282,-1,1286,1282,1291,-1,1291,1282,1293,-1,
        ]
    }
}
Shape{
    appearance Appearance {
        material  Material 	{
            diffuseColor 0.0 0.0 0.0
            specularColor 0.0 0.0 0.0
            ambientIntensity 0.0
            transparency 0.0
            shininess 0.5
        }
    }
    geometry IndexedFaceSet {
        ccw TRUE
        solid FALSE
        coord DEF co Coordinate {
            point [
                -0.3139 0.0764 0.0791, -0.3753 -0.0811 0.0791, -0.3139 0.0764 0.0787, -0.3753 -0.0811 0.0787, -0.3523 -0.0811 0.0791, -0.3523 -0.0811 0.0787, -0.3364 -0.0369 0.0791, -0.3364 -0.0369 0.0787, -0.2713 -0.0369 0.0791, -0.2713 -0.0369 0.0787, -0.2563 -0.0811 0.0791, -0.2563 -0.0811 0.0787, -0.2332 -0.0811 0.0791, -0.2332 -0.0811 0.0787, -0.2928 0.0764 0.0791, -0.2928 0.0764 0.0787, -0.2766 -0.0196 0.0791, -0.3293 -0.0196 0.0791, -0.3001 0.0461 0.0791, -0.3016 0.0516 0.0791, -0.3026 0.0572 0.0791, -0.3031 0.0572 0.0791, -0.3042 0.0516 0.0791, -0.3056 0.0461 0.0791, -0.2766 -0.0196 0.0787, -0.3293 -0.0196 0.0787, -0.3001 0.0461 0.0787, -0.3016 0.0516 0.0787, -0.3026 0.0572 0.0787, -0.3031 0.0572 0.0787, -0.3042 0.0516 0.0787, -0.3056 0.0461 0.0787, -0.1378 -0.0811 0.0791, -0.0949 -0.0811 0.0791, -0.1378 -0.0811 0.0787, -0.0949 -0.0811 0.0787, -0.0949 0.0764 0.0791, -0.0949 0.0764 0.0787, -0.1394 0.0764 0.0791, -0.1394 0.0764 0.0787, -0.2217 -0.0004 0.0791, -0.2217 -0.0004 0.0787, -0.2206 0.0144 0.0787, -0.2206 0.0144 0.0791, -0.2163 0.03 0.0787, -0.2163 0.03 0.0791, -0.209 0.0435 0.0787, -0.209 0.0435 0.0791, -0.1979 0.0559 0.0787, -0.1979 0.0559 0.0791, -0.1977 0.056 0.0787, -0.1977 0.056 0.0791, -0.1806 0.0675 0.0787, -0.1806 0.0675 0.0791, -0.1621 0.074 0.0787, -0.1621 0.074 0.0791, -0.1572 -0.0794 0.0787, -0.1572 -0.0794 0.0791, -0.1754 -0.074 0.0787, -0.1754 -0.074 0.0791, -0.1918 -0.0644 0.0787, -0.1918 -0.0644 0.0791, -0.2048 -0.052 0.0787, -0.2048 -0.052 0.0791, -0.2138 -0.0379 0.0787, -0.2138 -0.0379 0.0791, -0.2195 -0.0214 0.0787, -0.2195 -0.0214 0.0791, -0.1901 0.037 0.0791, -0.1824 0.0451 0.0791, -0.1709 0.0526 0.0791, -0.1579 0.0571 0.0791, -0.1393 0.0591 0.0791, -0.1161 0.0591 0.0791, -0.1161 -0.0638 0.0791, -0.1384 -0.0638 0.0791, -0.155 -0.0623 0.0791, -0.1683 -0.0581 0.0791, -0.179 -0.0517 0.0791, -0.1879 -0.043 0.0791, -0.1945 -0.0322 0.0791, -0.1991 -0.0174 0.0791, -0.2006 -0.0008 0.0791, -0.1992 0.0149 0.0791, -0.1956 0.0273 0.0791, -0.1393 0.0591 0.0787, -0.1161 0.0591 0.0787, -0.1579 0.0571 0.0787, -0.1709 0.0526 0.0787, -0.1824 0.0451 0.0787, -0.1901 0.037 0.0787, -0.1956 0.0273 0.0787, -0.1992 0.0149 0.0787, -0.2006 -0.0008 0.0787, -0.1991 -0.0174 0.0787, -0.1945 -0.0322 0.0787, -0.1879 -0.043 0.0787, -0.179 -0.0517 0.0787, -0.1683 -0.0581 0.0787, -0.155 -0.0623 0.0787, -0.1384 -0.0638 0.0787, -0.1161 -0.0638 0.0787, -0.0642 -0.0638 0.0791, -0.0642 -0.0811 0.0791, -0.0642 -0.0638 0.0787, -0.0642 -0.0811 0.0787, 0.0203 -0.0811 0.0791, 0.0203 -0.0811 0.0787, 0.0203 0.0764 0.0791, 0.0203 0.0764 0.0787, -0.0604 0.0764 0.0791, -0.0604 0.0764 0.0787, -0.0604 0.0591 0.0791, -0.0604 0.0591 0.0787, -0.0008 0.0591 0.0791, -0.0008 0.0591 0.0787, -0.0008 0.0073 0.0791, -0.0008 0.0073 0.0787, -0.0565 0.0073 0.0791, -0.0565 0.0073 0.0787, -0.0565 -0.01 0.0791, -0.0565 -0.01 0.0787, -0.0008 -0.01 0.0791, -0.0008 -0.01 0.0787, -0.0008 -0.0638 0.0791, -0.0008 -0.0638 0.0787, 0.051 -0.0556 0.0791, 0.051 -0.0729 0.0791, 0.051 -0.0556 0.0787, 0.051 -0.0729 0.0787, 0.0678 -0.0798 0.0791, 0.0943 -0.083 0.0791, 0.0943 -0.083 0.0787, 0.09 -0.0829 0.0787, 0.09 -0.0829 0.0791, 0.0837 -0.0821 0.0787, 0.0678 -0.0798 0.0787, 0.1036 -0.0821 0.0787, 0.1138 -0.081 0.0791, 0.1138 -0.081 0.0787, 0.129 -0.0757 0.0791, 0.129 -0.0757 0.0787, 0.1417 -0.0677 0.0791, 0.1417 -0.0677 0.0787, 0.1535 -0.0552 0.0791, 0.1535 -0.0552 0.0787, 0.1619 -0.0402 0.0791, 0.1619 -0.0402 0.0787, 0.1666 -0.0236 0.0791, 0.1666 -0.0236 0.0787, 0.1682 -0.0053 0.0791, 0.1682 -0.0053 0.0787, 0.0881 0.0783 0.0791, 0.0881 0.0783 0.0787, 0.1039 0.077 0.0787, 0.1039 0.077 0.0791, 0.1214 0.0719 0.0787, 0.1214 0.0719 0.0791, 0.1364 0.0633 0.0787, 0.1364 0.0633 0.0791, 0.1506 0.0496 0.0787, 0.1506 0.0496 0.0791, 0.1599 0.0349 0.0787, 0.1599 0.0349 0.0791, 0.1659 0.0171 0.0787, 0.1659 0.0171 0.0791, 0.051 0.0721 0.0791, 0.051 0.0721 0.0787, 0.0692 0.077 0.0787, 0.0692 0.077 0.0791, 0.051 0.0509 0.0791, 0.051 0.0509 0.0787, 0.0879 0.061 0.0791, 0.0879 0.061 0.0787, 0.0688 0.0585 0.0787, 0.0688 0.0585 0.0791, 0.147 -0.004 0.0791, 0.147 -0.004 0.0787, 0.1463 0.0082 0.0787, 0.1463 0.0082 0.0791, 0.1421 0.0251 0.0787, 0.1421 0.0251 0.0791, 0.1356 0.0372 0.0787, 0.1356 0.0372 0.0791, 0.1261 0.0477 0.0787, 0.1261 0.0477 0.0791, 0.1152 0.055 0.0787, 0.1152 0.055 0.0791, 0.1034 0.0593 0.0787, 0.1034 0.0593 0.0791, 0.0914 -0.0657 0.0791, 0.0914 -0.0657 0.0787, 0.1061 -0.0641 0.0787, 0.1061 -0.0641 0.0791, 0.1176 -0.0599 0.0787, 0.1176 -0.0599 0.0791, 0.1273 -0.0533 0.0787, 0.1273 -0.0533 0.0791, 0.1347 -0.0455 0.0787, 0.1347 -0.0455 0.0791, 0.1412 -0.0346 0.0787, 0.1412 -0.0346 0.0791, 0.1454 -0.0211 0.0787, 0.1454 -0.0211 0.0791, 0.0538 -0.0572 0.0787, 0.0538 -0.0572 0.0791, 0.0705 -0.0634 0.0787, 0.0705 -0.0634 0.0791, 0.1816 -0.0638 0.0791, 0.1816 -0.0811 0.0791, 0.1816 -0.0638 0.0787, 0.1816 -0.0811 0.0787, 0.2623 -0.0811 0.0791, 0.2623 -0.0811 0.0787, 0.2623 0.0764 0.0791, 0.2623 0.0764 0.0787, 0.2411 0.0764 0.0791, 0.2411 0.0764 0.0787, 0.2411 -0.0638 0.0791, 0.2411 -0.0638 0.0787
            ]
        }
        coordIndex [
            0,1,2,-1,2,1,3,-1,1,4,3,-1,3,4,5,-1,4,6,5,-1,5,6,7,-1,6,8,7,-1,7,8,9,-1,8,10,9,-1,9,10,11,-1,10,12,11,-1,11,12,13,-1,12,14,13,-1,13,14,15,-1,14,0,15,-1,15,0,2,-1,16,8,17,-1,17,8,6,-1,18,14,16,-1,16,14,12,-1,16,12,8,-1,8,12,10,-1,18,19,14,-1,14,19,20,-1,14,20,0,-1,0,20,21,-1,0,21,22,-1,22,23,0,-1,0,23,17,-1,0,17,1,-1,1,17,6,-1,1,6,4,-1,16,17,24,-1,24,17,25,-1,18,16,26,-1,26,16,24,-1,18,26,27,-1,18,27,19,-1,19,27,28,-1,19,28,20,-1,21,20,29,-1,29,20,28,-1,21,29,30,-1,21,30,22,-1,22,30,31,-1,22,31,23,-1,17,23,25,-1,25,23,31,-1,32,33,34,-1,34,33,35,-1,33,36,35,-1,35,36,37,-1,36,38,37,-1,37,38,39,-1,40,41,42,-1,40,42,43,-1,43,42,44,-1,43,44,45,-1,45,44,46,-1,45,46,47,-1,47,46,48,-1,47,48,49,-1,49,48,50,-1,49,50,51,-1,51,50,52,-1,51,52,53,-1,53,52,54,-1,53,54,55,-1,55,54,39,-1,55,39,38,-1,32,34,56,-1,32,56,57,-1,57,56,58,-1,57,58,59,-1,59,58,60,-1,59,60,61,-1,61,60,62,-1,61,62,63,-1,63,62,64,-1,63,64,65,-1,65,64,66,-1,65,66,67,-1,67,66,41,-1,67,41,40,-1,45,47,68,-1,68,47,49,-1,68,49,69,-1,69,49,51,-1,69,51,70,-1,70,51,53,-1,70,53,71,-1,71,53,55,-1,71,55,72,-1,72,55,38,-1,72,38,73,-1,73,38,36,-1,73,36,74,-1,74,36,33,-1,74,33,75,-1,75,33,32,-1,75,32,76,-1,76,32,57,-1,76,57,77,-1,77,57,59,-1,77,59,78,-1,78,59,61,-1,78,61,79,-1,79,61,63,-1,79,63,80,-1,80,63,65,-1,80,65,81,-1,81,65,67,-1,81,67,82,-1,82,67,40,-1,82,40,83,-1,83,40,43,-1,83,43,84,-1,84,43,45,-1,84,45,68,-1,72,73,85,-1,85,73,86,-1,72,85,87,-1,72,87,71,-1,71,87,88,-1,71,88,70,-1,70,88,89,-1,70,89,69,-1,69,89,90,-1,69,90,68,-1,68,90,91,-1,68,91,84,-1,84,91,92,-1,84,92,83,-1,83,92,93,-1,83,93,82,-1,82,93,94,-1,82,94,81,-1,81,94,95,-1,81,95,80,-1,80,95,96,-1,80,96,79,-1,79,96,97,-1,79,97,78,-1,78,97,98,-1,78,98,77,-1,77,98,99,-1,77,99,76,-1,76,99,100,-1,76,100,75,-1,74,75,101,-1,101,75,100,-1,73,74,86,-1,86,74,101,-1,102,103,104,-1,104,103,105,-1,103,106,105,-1,105,106,107,-1,106,108,107,-1,107,108,109,-1,108,110,109,-1,109,110,111,-1,110,112,111,-1,111,112,113,-1,112,114,113,-1,113,114,115,-1,114,116,115,-1,115,116,117,-1,116,118,117,-1,117,118,119,-1,118,120,119,-1,119,120,121,-1,120,122,121,-1,121,122,123,-1,122,124,123,-1,123,124,125,-1,124,102,125,-1,125,102,104,-1,106,103,102,-1,102,124,106,-1,106,124,122,-1,106,122,108,-1,112,110,114,-1,114,110,108,-1,114,108,116,-1,116,108,122,-1,116,122,118,-1,118,122,120,-1,126,127,128,-1,128,127,129,-1,129,127,130,-1,131,132,133,-1,131,133,134,-1,134,133,135,-1,134,135,130,-1,130,135,136,-1,130,136,129,-1,132,131,137,-1,137,131,138,-1,137,138,139,-1,139,138,140,-1,139,140,141,-1,141,140,142,-1,141,142,143,-1,143,142,144,-1,143,144,145,-1,145,144,146,-1,145,146,147,-1,147,146,148,-1,147,148,149,-1,149,148,150,-1,149,150,151,-1,152,153,154,-1,152,154,155,-1,155,154,156,-1,155,156,157,-1,157,156,158,-1,157,158,159,-1,159,158,160,-1,159,160,161,-1,161,160,162,-1,161,162,163,-1,163,162,164,-1,163,164,165,-1,165,164,151,-1,165,151,150,-1,166,167,168,-1,166,168,169,-1,169,168,153,-1,169,153,152,-1,166,170,167,-1,167,170,171,-1,172,173,174,-1,172,174,175,-1,175,174,171,-1,175,171,170,-1,176,177,178,-1,176,178,179,-1,179,178,180,-1,179,180,181,-1,181,180,182,-1,181,182,183,-1,183,182,184,-1,183,184,185,-1,185,184,186,-1,185,186,187,-1,187,186,188,-1,187,188,189,-1,189,188,173,-1,189,173,172,-1,190,191,192,-1,190,192,193,-1,193,192,194,-1,193,194,195,-1,195,194,196,-1,195,196,197,-1,197,196,198,-1,197,198,199,-1,199,198,200,-1,199,200,201,-1,201,200,202,-1,201,202,203,-1,203,202,177,-1,203,177,176,-1,126,128,204,-1,126,204,205,-1,205,204,206,-1,205,206,207,-1,207,206,191,-1,207,191,190,-1,193,131,190,-1,190,131,134,-1,190,134,207,-1,207,134,130,-1,207,130,205,-1,205,130,127,-1,205,127,126,-1,170,166,175,-1,175,166,169,-1,175,169,172,-1,172,169,152,-1,172,152,189,-1,189,152,155,-1,189,155,187,-1,187,155,157,-1,187,157,185,-1,185,157,159,-1,185,159,183,-1,183,159,161,-1,183,161,181,-1,181,161,163,-1,181,163,179,-1,179,163,165,-1,179,165,176,-1,176,165,150,-1,176,150,203,-1,203,150,148,-1,203,148,201,-1,201,148,146,-1,201,146,199,-1,199,146,144,-1,199,144,197,-1,197,144,142,-1,197,142,195,-1,195,142,140,-1,195,140,193,-1,193,140,138,-1,193,138,131,-1,208,209,210,-1,210,209,211,-1,209,212,211,-1,211,212,213,-1,212,214,213,-1,213,214,215,-1,214,216,215,-1,215,216,217,-1,216,218,217,-1,217,218,219,-1,218,208,219,-1,219,208,210,-1,216,214,218,-1,218,214,212,-1,218,212,208,-1,208,212,209,-1,
        ]
    }
}
Shape{
    appearance Appearance {
        material  Material 	{
            diffuseColor 0.2235294117647059 0.2235294117647059 0.2235294117647059
            specularColor 0.11372549019607843 0.11372549019607843 0.11372549019607843
            ambientIntensity 0.2235
            transparency 0.0
            shininess 0.5
        }
    }
    geometry IndexedFaceSet {
        ccw TRUE
        solid FALSE
        coord DEF co Coordinate {
            point [
                -0.2766 -0.0196 0.0787, -0.3293 -0.0196 0.0787, -0.3001 0.0461 0.0787, -0.3056 0.0461 0.0787, -0.3016 0.0516 0.0787, -0.3042 0.0516 0.0787, -0.3026 0.0572 0.0787, -0.3031 0.0572 0.0787, -0.1161 0.0591 0.0787, -0.1161 -0.0638 0.0787, -0.1393 0.0591 0.0787, -0.1384 -0.0638 0.0787, -0.155 -0.0623 0.0787, -0.2006 -0.0008 0.0787, -0.1992 0.0149 0.0787, -0.1956 0.0273 0.0787, -0.1579 0.0571 0.0787, -0.1683 -0.0581 0.0787, -0.179 -0.0517 0.0787, -0.1879 -0.043 0.0787, -0.1945 -0.0322 0.0787, -0.1991 -0.0174 0.0787, -0.1901 0.037 0.0787, -0.1824 0.0451 0.0787, -0.1709 0.0526 0.0787
            ]
        }
        coordIndex [
            0,1,2,-1,2,1,3,-1,2,3,4,-1,4,3,5,-1,4,5,6,-1,6,5,7,-1,8,9,10,-1,10,9,11,-1,10,11,12,-1,13,14,10,-1,10,14,15,-1,10,15,16,-1,12,17,10,-1,10,17,18,-1,10,18,19,-1,19,20,10,-1,10,20,21,-1,10,21,13,-1,22,23,15,-1,15,23,24,-1,15,24,16,-1,
        ]
    }
}
Shape{
    appearance Appearance {
        material  Material 	{
            diffuseColor 0.5019607843137255 0.5019607843137255 0.5019607843137255
            specularColor 0.25098039215686274 0.25098039215686274 0.25098039215686274
            ambientIntensity 0.502
            transparency 0.0
            shininess 0.5
        }
    }
    geometry IndexedFaceSet {
        ccw TRUE
        solid FALSE
        coord DEF co Coordinate {
            point [
                -2.1047 -0.8225 0.8657, -2.0941 -0.797 0.8657, -2.1963 -0.7696 0.8657, -2.0905 -0.7696 0.8657, -2.0941 -0.7422 0.8657, -2.1689 -0.8718 0.8657, -2.1434 -0.8612 0.8657, -2.1215 -0.8444 0.8657, -2.2492 -0.8612 0.8657, -2.2237 -0.8718 0.8657, -2.1963 -0.8754 0.8657, -2.2985 -0.797 0.8657, -2.2879 -0.8225 0.8657, -2.2711 -0.8444 0.8657, -2.2879 -0.7167 0.8657, -2.2985 -0.7422 0.8657, -2.3021 -0.7696 0.8657, -2.2237 -0.6674 0.8657, -2.2492 -0.678 0.8657, -2.2711 -0.6948 0.8657, -2.1434 -0.678 0.8657, -2.1689 -0.6674 0.8657, -2.1963 -0.6638 0.8657, -2.1047 -0.7167 0.8657, -2.1215 -0.6948 0.8657
            ]
        }
        coordIndex [
            0,1,2,-1,2,1,3,-1,2,3,4,-1,5,6,2,-1,2,6,7,-1,2,7,0,-1,8,9,2,-1,2,9,10,-1,2,10,5,-1,11,12,2,-1,2,12,13,-1,2,13,8,-1,14,15,2,-1,2,15,16,-1,2,16,11,-1,17,18,2,-1,2,18,19,-1,2,19,14,-1,20,21,2,-1,2,21,22,-1,2,22,17,-1,4,23,2,-1,2,23,24,-1,2,24,20,-1,
        ]
    }
}
Shape{
    appearance Appearance {
        material  Material 	{
            diffuseColor 0.2235294117647059 0.2235294117647059 0.2235294117647059
            specularColor 0.11372549019607843 0.11372549019607843 0.11372549019607843
            ambientIntensity 0.2235
            transparency 0.0
            shininess 0.5
        }
    }
    geometry IndexedFaceSet {
        ccw TRUE
        solid FALSE
        coord DEF co Coordinate {
            point [
                2.5386 -1.0429 0.4779, 2.4888 -0.9931 0.8323, 2.5386 -1.0492 0.4724, 2.4873 -1.0031 0.8334, 2.5386 -1.0545 0.4678, 2.5386 -1.0554 0.467, 2.4873 -1.0032 0.8334, 2.4833 -1.0124 0.8342, 2.5337 -1.077 0.432, 2.5368 -1.0658 0.4539, 2.5378 -1.0606 0.4614, 2.4833 -1.0124 0.8342, 2.4771 -1.0204 0.8344, 2.5225 -1.0801 0.4539, 2.4691 -1.0266 0.8342, 2.4691 -1.0266 0.8342, 2.5168 -1.0812 0.4619, 2.5112 -1.082 0.4677, 2.4498 -1.0321 0.8323, 2.5004 -1.0827 0.4724, 2.4598 -1.0306 0.8334, 2.503 -1.0826 0.4721, 2.5057 -1.0825 0.4713, 2.4599 -1.0306 0.8334, 2.5084 -1.0823 0.4698, 2.5386 1.0545 0.4678, 2.5386 1.0492 0.4724, 2.5386 1.0429 0.4779, 2.5386 1.0554 0.467, 2.4819 -0.9931 0.8495, 2.4758 -0.9931 0.8564, 2.4749 -0.9998 0.8564, 2.4674 -0.9978 0.8617, 2.4589 -0.9955 0.865, 2.4579 -0.9978 0.865, 2.4498 -0.9931 0.8661, 2.4545 -1.0012 0.865, 2.4564 -0.9997 0.865, 2.4522 -1.0022 0.865, 2.4591 -0.9931 0.865, 2.4853 -1.0026 0.841, 2.4816 -1.0115 0.841, 2.4758 -1.0191 0.841, 2.4682 -1.0249 0.841, 2.4593 -1.0286 0.841, 2.4498 -1.0298 0.841, 2.4498 -1.0024 0.865, 2.4756 -0.9931 0.8565, 2.468 -0.9931 0.8617, 2.4679 -0.9931 0.8617, 2.4592 -0.9931 0.865, 2.4656 -1.0022 0.8617, 2.4627 -1.006 0.8617, 2.4589 -1.0089 0.8617, 2.4545 -1.0107 0.8617, 2.4498 -1.0025 0.865, 2.4498 -1.0112 0.8617, 2.4498 -1.0113 0.8617, 2.4498 -1.0189 0.8565, 2.4723 -1.0061 0.8564, 2.4682 -1.0115 0.8564, 2.4628 -1.0156 0.8564, 2.4565 -1.0182 0.8564, 2.4864 -0.9931 0.8413, 2.4821 -0.9931 0.8494, 2.481 -1.0015 0.8494, 2.4777 -1.0092 0.8494, 2.4726 -1.0159 0.8494, 2.4659 -1.0211 0.8494, 2.4582 -1.0243 0.8494, 2.4865 -0.9931 0.841, 2.4498 -1.0191 0.8564, 2.4498 -1.0252 0.8495, 2.4498 -1.0254 0.8494, 2.4498 -1.0297 0.8413, 2.4833 1.0124 0.8342, 2.5368 1.0658 0.4539, 2.4798 1.017 0.8343, 2.5337 1.077 0.432, 2.4771 1.0204 0.8344, 2.4875 1.0017 0.8333, 2.4888 0.9931 0.8323, 2.4873 1.0031 0.8334, 2.4844 1.0098 0.834, 2.5378 1.0606 0.4614, 2.4598 1.0306 0.8334, 2.5112 1.082 0.4677, 2.5084 1.0823 0.4698, 2.5057 1.0825 0.4713, 2.503 1.0826 0.4721, 2.4584 1.0308 0.8333, 2.5004 1.0827 0.4724, 2.4498 1.0321 0.8323, 2.4691 1.0266 0.8342, 2.5225 1.0801 0.4539, 2.5168 1.0812 0.4619, 2.4665 1.0277 0.834, 2.4737 1.0231 0.8343, 2.4865 0.9931 0.841, 2.4864 0.9931 0.8413, 2.4821 0.9931 0.8494, 2.4819 0.9931 0.8495, 2.4758 0.9931 0.8564, 2.4756 0.9931 0.8565, 2.468 0.9931 0.8617, 2.4679 0.9931 0.8617, 2.4592 0.9931 0.865, 2.4591 0.9931 0.865, 2.4498 0.9931 0.8661, -2.4498 -1.0321 0.8323, -2.4498 -1.0298 0.841, -2.4498 -1.0297 0.8413, -2.4498 -1.0254 0.8494, -2.4498 -1.0252 0.8495, -2.4498 -1.0191 0.8564, -2.4498 -1.0189 0.8565, -2.4498 -1.0113 0.8617, -2.4498 -1.0112 0.8617, -2.4498 -1.0025 0.865, -2.4498 -1.0024 0.865, -2.4498 -0.9931 0.8661, 2.4498 1.0297 0.8413, 2.4498 1.0254 0.8494, 2.457 1.0246 0.8494, 2.4498 1.0252 0.8495, 2.4498 1.0191 0.8564, 2.4556 1.0184 0.8564, 2.4539 1.0108 0.8617, 2.4519 1.0022 0.865, 2.4539 1.0016 0.865, 2.4582 0.9972 0.865, 2.4571 0.999 0.865, 2.4589 0.9952 0.865, 2.4498 1.0024 0.865, 2.458 1.0289 0.841, 2.4657 1.0262 0.841, 2.4727 1.0218 0.841, 2.4785 1.016 0.841, 2.4829 1.009 0.841, 2.4856 1.0013 0.841, 2.4498 1.0189 0.8565, 2.4498 1.0113 0.8617, 2.4498 1.0112 0.8617, 2.4498 1.0025 0.865, 2.4611 1.0073 0.8617, 2.464 1.0045 0.8617, 2.4662 1.001 0.8617, 2.4675 0.9972 0.8617, 2.4577 1.0095 0.8617, 2.4556 1.0004 0.865, 2.4611 1.0165 0.8564, 2.466 1.0134 0.8564, 2.4701 1.0093 0.8564, 2.4732 1.0044 0.8564, 2.4751 0.9989 0.8564, 2.4638 1.0222 0.8494, 2.4699 1.0183 0.8494, 2.475 1.0132 0.8494, 2.4789 1.0071 0.8494, 2.4813 1.0003 0.8494, 2.4498 1.0298 0.841, -2.4565 -1.0182 0.8564, -2.4545 -1.0107 0.8617, -2.4522 -1.0022 0.865, -2.4545 -1.0012 0.865, -2.4579 -0.9978 0.865, -2.4564 -0.9997 0.865, -2.4589 -0.9955 0.865, -2.4593 -1.0286 0.841, -2.4599 -1.0306 0.8334, -2.4598 -1.0306 0.8334, -2.4691 -1.0266 0.8342, -2.4682 -1.0249 0.841, -2.4691 -1.0266 0.8342, -2.4758 -1.0191 0.841, -2.4771 -1.0204 0.8344, -2.4816 -1.0115 0.841, -2.4833 -1.0124 0.8342, -2.4833 -1.0124 0.8342, -2.4853 -1.0026 0.841, -2.4873 -1.0032 0.8334, -2.4873 -1.0031 0.8334, -2.4865 -0.9931 0.841, -2.4888 -0.9931 0.8323, -2.4591 -0.9931 0.865, -2.4589 -1.0089 0.8617, -2.4627 -1.006 0.8617, -2.4656 -1.0022 0.8617, -2.4674 -0.9978 0.8617, -2.4592 -0.9931 0.865, -2.4679 -0.9931 0.8617, -2.468 -0.9931 0.8617, -2.4756 -0.9931 0.8565, -2.4628 -1.0156 0.8564, -2.4682 -1.0115 0.8564, -2.4723 -1.0061 0.8564, -2.4749 -0.9998 0.8564, -2.4582 -1.0243 0.8494, -2.4659 -1.0211 0.8494, -2.4726 -1.0159 0.8494, -2.4777 -1.0092 0.8494, -2.481 -1.0015 0.8494, -2.4758 -0.9931 0.8564, -2.4819 -0.9931 0.8495, -2.4821 -0.9931 0.8494, -2.4864 -0.9931 0.8413, -2.4498 1.0321 0.8323, -2.4498 1.0298 0.841, -2.4498 1.0297 0.8413, -2.4498 1.0254 0.8494, -2.4498 1.0252 0.8495, -2.4498 1.0191 0.8564, -2.4498 1.0189 0.8565, -2.4498 1.0113 0.8617, -2.4498 1.0112 0.8617, -2.4498 1.0025 0.865, -2.4498 1.0024 0.865, -2.4498 0.9931 0.8661, -2.4888 0.9931 0.8323, -2.4865 0.9931 0.841, -2.4864 0.9931 0.8413, -2.4821 0.9931 0.8494, -2.4819 0.9931 0.8495, -2.4758 0.9931 0.8564, -2.4756 0.9931 0.8565, -2.468 0.9931 0.8617, -2.4679 0.9931 0.8617, -2.4592 0.9931 0.865, -2.4591 0.9931 0.865, -2.5004 -1.0827 0.4724, -2.503 -1.0826 0.4721, -2.5057 -1.0825 0.4713, -2.5168 -1.0812 0.4619, -2.5112 -1.082 0.4677, -2.5084 -1.0823 0.4698, -2.5225 -1.0801 0.4539, -2.5337 -1.077 0.432, -2.5368 -1.0658 0.4539, -2.5386 -1.0545 0.4678, -2.5386 -1.0554 0.467, -2.5378 -1.0606 0.4614, -2.5386 -1.0429 0.4779, -2.5386 -1.0492 0.4724, -2.4813 1.0003 0.8494, -2.4751 0.9989 0.8564, -2.4675 0.9972 0.8617, -2.4589 0.9952 0.865, -2.4582 0.9972 0.865, -2.4539 1.0016 0.865, -2.4556 1.0004 0.865, -2.4519 1.0022 0.865, -2.4875 1.0017 0.8333, -2.4856 1.0013 0.841, -2.4873 1.0031 0.8334, -2.4829 1.009 0.841, -2.4844 1.0098 0.834, -2.4833 1.0124 0.8342, -2.4785 1.016 0.841, -2.4798 1.017 0.8343, -2.4771 1.0204 0.8344, -2.4727 1.0218 0.841, -2.4737 1.0231 0.8343, -2.4691 1.0266 0.8342, -2.4657 1.0262 0.841, -2.4665 1.0277 0.834, -2.4598 1.0306 0.8334, -2.458 1.0289 0.841, -2.4584 1.0308 0.8333, -2.464 1.0045 0.8617, -2.4611 1.0073 0.8617, -2.4577 1.0095 0.8617, -2.4539 1.0108 0.8617, -2.4662 1.001 0.8617, -2.4571 0.999 0.865, -2.4732 1.0044 0.8564, -2.4701 1.0093 0.8564, -2.466 1.0134 0.8564, -2.4611 1.0165 0.8564, -2.4556 1.0184 0.8564, -2.4789 1.0071 0.8494, -2.475 1.0132 0.8494, -2.4699 1.0183 0.8494, -2.4638 1.0222 0.8494, -2.457 1.0246 0.8494, -2.5386 1.0492 0.4724, -2.5386 1.0545 0.4678, -2.5386 1.0554 0.467, -2.5386 1.0429 0.4779, -2.5378 1.0606 0.4614, -2.5337 1.077 0.432, -2.5368 1.0658 0.4539, -2.5004 1.0827 0.4724, -2.503 1.0826 0.4721, -2.5057 1.0825 0.4713, -2.5225 1.0801 0.4539, -2.5168 1.0812 0.4619, -2.5112 1.082 0.4677, -2.5084 1.0823 0.4698, -2.0905 -0.7696 0.8657, -2.0888 -0.7408 0.8661, -2.0941 -0.7422 0.8657, -2.0999 -0.7139 0.8661, -2.1047 -0.7167 0.8657, -2.1176 -0.6909 0.8661, -2.1215 -0.6948 0.8657, -2.1406 -0.6732 0.8661, -2.1434 -0.678 0.8657, -2.1675 -0.6621 0.8661, -2.1689 -0.6674 0.8657, -2.1963 -0.6583 0.8661, -2.1963 -0.6638 0.8657, -2.2251 -0.6621 0.8661, -2.2237 -0.6674 0.8657, -2.252 -0.6732 0.8661, -2.2492 -0.678 0.8657, -2.275 -0.6909 0.8661, -2.2711 -0.6948 0.8657, -2.2927 -0.7139 0.8661, -2.2879 -0.7167 0.8657, -2.3038 -0.7408 0.8661, -2.2985 -0.7422 0.8657, -2.3076 -0.7696 0.8661, -2.3021 -0.7696 0.8657, -2.3038 -0.7984 0.8661, -2.2985 -0.797 0.8657, -2.2927 -0.8253 0.8661, -2.2879 -0.8225 0.8657, -2.275 -0.8483 0.8661, -2.2711 -0.8444 0.8657, -2.252 -0.866 0.8661, -2.2492 -0.8612 0.8657, -2.2251 -0.8771 0.8661, -2.2237 -0.8718 0.8657, -2.1963 -0.8809 0.8661, -2.1963 -0.8754 0.8657, -2.1675 -0.8771 0.8661, -2.1689 -0.8718 0.8657, -2.1406 -0.866 0.8661, -2.1434 -0.8612 0.8657, -2.1176 -0.8483 0.8661, -2.1215 -0.8444 0.8657, -2.0999 -0.8253 0.8661, -2.1047 -0.8225 0.8657, -2.0888 -0.7984 0.8661, -2.0941 -0.797 0.8657, -2.085 -0.7696 0.8661
            ]
        }
        coordIndex [
            0,1,2,-1,2,1,3,-1,2,3,4,-1,4,3,5,-1,5,3,6,-1,5,6,7,-1,8,9,7,-1,7,9,10,-1,7,10,5,-1,7,11,8,-1,8,11,12,-1,8,12,13,-1,12,14,13,-1,13,14,15,-1,13,15,16,-1,16,15,17,-1,18,19,20,-1,20,19,21,-1,20,21,22,-1,15,23,17,-1,17,23,20,-1,17,20,24,-1,24,20,22,-1,25,26,2,-1,2,26,27,-1,2,27,0,-1,25,2,28,-1,28,2,4,-1,28,4,5,-1,29,30,31,-1,32,33,34,-1,35,36,37,-1,38,36,35,-1,34,33,35,-1,39,35,33,-1,40,6,3,-1,6,40,7,-1,7,40,41,-1,7,41,11,-1,11,41,42,-1,11,42,12,-1,12,42,43,-1,12,43,14,-1,14,43,15,-1,15,43,44,-1,15,44,23,-1,23,44,20,-1,20,44,45,-1,20,45,18,-1,46,38,35,-1,47,48,32,-1,32,48,49,-1,32,49,33,-1,33,49,50,-1,33,50,39,-1,51,37,52,-1,52,37,36,-1,52,36,53,-1,53,36,38,-1,53,38,54,-1,46,55,38,-1,38,55,56,-1,38,56,54,-1,54,56,57,-1,54,57,58,-1,31,51,59,-1,59,51,52,-1,59,52,60,-1,60,52,53,-1,60,53,61,-1,61,53,54,-1,61,54,62,-1,62,54,58,-1,63,64,65,-1,65,64,29,-1,29,31,65,-1,65,31,59,-1,65,59,66,-1,66,59,60,-1,66,60,67,-1,67,60,61,-1,67,61,68,-1,68,61,62,-1,68,62,69,-1,30,47,31,-1,31,47,32,-1,31,32,51,-1,51,32,34,-1,51,34,37,-1,37,34,35,-1,63,40,70,-1,70,40,3,-1,70,3,1,-1,58,71,62,-1,62,71,72,-1,62,72,69,-1,69,72,73,-1,69,73,74,-1,63,65,40,-1,40,65,66,-1,40,66,41,-1,41,66,67,-1,41,67,42,-1,42,67,68,-1,42,68,43,-1,43,68,69,-1,43,69,44,-1,44,69,74,-1,44,74,45,-1,75,76,77,-1,77,76,78,-1,77,78,79,-1,80,81,27,-1,80,27,82,-1,27,26,82,-1,82,26,25,-1,82,25,83,-1,83,25,28,-1,83,28,75,-1,75,28,84,-1,75,84,76,-1,85,86,87,-1,87,88,85,-1,85,88,89,-1,85,89,90,-1,90,89,91,-1,90,91,92,-1,93,94,95,-1,86,85,95,-1,95,85,96,-1,95,96,93,-1,94,93,78,-1,78,93,97,-1,78,97,79,-1,1,81,70,-1,70,81,98,-1,70,98,63,-1,63,98,99,-1,63,99,64,-1,64,99,100,-1,64,100,29,-1,29,100,101,-1,29,101,30,-1,30,101,102,-1,30,102,47,-1,47,102,103,-1,47,103,48,-1,48,103,104,-1,48,104,49,-1,49,104,105,-1,49,105,50,-1,50,105,106,-1,50,106,39,-1,106,107,39,-1,39,107,108,-1,39,108,35,-1,109,18,110,-1,110,18,45,-1,110,45,111,-1,111,45,74,-1,111,74,112,-1,112,74,73,-1,112,73,113,-1,113,73,72,-1,113,72,114,-1,114,72,71,-1,114,71,115,-1,115,71,58,-1,115,58,116,-1,116,58,57,-1,116,57,117,-1,117,57,56,-1,117,56,118,-1,118,56,55,-1,118,55,119,-1,55,46,119,-1,119,46,35,-1,119,35,120,-1,121,122,123,-1,124,125,126,-1,127,128,129,-1,108,130,131,-1,132,130,108,-1,129,128,108,-1,133,108,128,-1,90,134,85,-1,85,134,135,-1,85,135,96,-1,96,135,93,-1,93,135,136,-1,93,136,97,-1,97,136,79,-1,79,136,137,-1,79,137,77,-1,77,137,75,-1,75,137,138,-1,75,138,83,-1,83,138,82,-1,82,138,139,-1,82,139,80,-1,80,139,98,-1,80,98,81,-1,107,132,108,-1,140,141,127,-1,127,141,142,-1,127,142,128,-1,128,142,143,-1,128,143,133,-1,144,131,145,-1,145,131,130,-1,145,130,146,-1,146,130,132,-1,146,132,147,-1,125,140,126,-1,126,140,127,-1,126,127,148,-1,148,127,129,-1,148,129,149,-1,149,129,108,-1,107,106,132,-1,132,106,105,-1,132,105,147,-1,147,105,104,-1,147,104,103,-1,150,144,151,-1,151,144,145,-1,151,145,152,-1,152,145,146,-1,152,146,153,-1,153,146,147,-1,153,147,154,-1,154,147,103,-1,123,150,155,-1,155,150,151,-1,155,151,156,-1,156,151,152,-1,156,152,157,-1,157,152,153,-1,157,153,158,-1,158,153,154,-1,158,154,159,-1,122,124,123,-1,123,124,126,-1,123,126,150,-1,150,126,148,-1,150,148,144,-1,144,148,149,-1,144,149,131,-1,131,149,108,-1,90,92,134,-1,134,92,160,-1,134,160,121,-1,103,102,154,-1,154,102,101,-1,154,101,159,-1,159,101,100,-1,159,100,99,-1,121,123,134,-1,134,123,155,-1,134,155,135,-1,135,155,156,-1,135,156,136,-1,136,156,157,-1,136,157,137,-1,137,157,158,-1,137,158,138,-1,138,158,159,-1,138,159,139,-1,139,159,99,-1,139,99,98,-1,113,114,161,-1,162,163,164,-1,120,165,166,-1,167,165,120,-1,164,163,120,-1,119,120,163,-1,168,169,170,-1,169,168,171,-1,171,168,172,-1,171,172,173,-1,173,172,174,-1,173,174,175,-1,175,174,176,-1,175,176,177,-1,177,176,178,-1,178,176,179,-1,178,179,180,-1,180,179,181,-1,181,179,182,-1,181,182,183,-1,184,167,120,-1,115,116,162,-1,162,116,117,-1,162,117,163,-1,163,117,118,-1,163,118,119,-1,185,166,186,-1,186,166,165,-1,186,165,187,-1,187,165,167,-1,187,167,188,-1,184,189,167,-1,167,189,190,-1,167,190,188,-1,188,190,191,-1,188,191,192,-1,161,185,193,-1,193,185,186,-1,193,186,194,-1,194,186,187,-1,194,187,195,-1,195,187,188,-1,195,188,196,-1,196,188,192,-1,111,112,197,-1,197,112,113,-1,113,161,197,-1,197,161,193,-1,197,193,198,-1,198,193,194,-1,198,194,199,-1,199,194,195,-1,199,195,200,-1,200,195,196,-1,200,196,201,-1,114,115,161,-1,161,115,162,-1,161,162,185,-1,185,162,164,-1,185,164,166,-1,166,164,120,-1,111,168,110,-1,110,168,170,-1,110,170,109,-1,192,202,196,-1,196,202,203,-1,196,203,201,-1,201,203,204,-1,201,204,205,-1,111,197,168,-1,168,197,198,-1,168,198,172,-1,172,198,199,-1,172,199,174,-1,174,199,200,-1,174,200,176,-1,176,200,201,-1,176,201,179,-1,179,201,205,-1,179,205,182,-1,92,206,160,-1,160,206,207,-1,160,207,121,-1,121,207,208,-1,121,208,122,-1,122,208,209,-1,122,209,124,-1,124,209,210,-1,124,210,125,-1,125,210,211,-1,125,211,140,-1,140,211,212,-1,140,212,141,-1,141,212,213,-1,141,213,142,-1,142,213,214,-1,142,214,143,-1,143,214,215,-1,143,215,133,-1,215,216,133,-1,133,216,217,-1,133,217,108,-1,218,183,219,-1,219,183,182,-1,219,182,220,-1,220,182,205,-1,220,205,221,-1,221,205,204,-1,221,204,222,-1,222,204,203,-1,222,203,223,-1,223,203,202,-1,223,202,224,-1,224,202,192,-1,224,192,225,-1,225,192,191,-1,225,191,226,-1,226,191,190,-1,226,190,227,-1,227,190,189,-1,227,189,228,-1,189,184,228,-1,228,184,120,-1,228,120,217,-1,229,109,230,-1,230,109,170,-1,230,170,231,-1,232,233,170,-1,170,233,234,-1,170,234,231,-1,170,169,232,-1,232,169,171,-1,232,171,235,-1,235,171,236,-1,171,173,236,-1,236,173,175,-1,236,175,237,-1,237,175,177,-1,237,177,178,-1,238,239,178,-1,178,239,240,-1,178,240,237,-1,181,183,241,-1,178,180,238,-1,238,180,181,-1,238,181,242,-1,242,181,241,-1,220,221,243,-1,222,223,244,-1,245,246,247,-1,217,248,249,-1,250,248,217,-1,247,246,217,-1,228,217,246,-1,251,252,253,-1,253,252,254,-1,253,254,255,-1,255,254,256,-1,256,254,257,-1,256,257,258,-1,258,257,259,-1,259,257,260,-1,259,260,261,-1,261,260,262,-1,262,260,263,-1,262,263,264,-1,264,263,265,-1,265,263,266,-1,265,266,267,-1,267,266,207,-1,267,207,206,-1,216,250,217,-1,224,225,245,-1,245,225,226,-1,245,226,246,-1,246,226,227,-1,246,227,228,-1,268,249,269,-1,269,249,248,-1,269,248,270,-1,270,248,250,-1,270,250,271,-1,223,224,244,-1,244,224,245,-1,244,245,272,-1,272,245,247,-1,272,247,273,-1,273,247,217,-1,216,215,250,-1,250,215,214,-1,250,214,271,-1,271,214,213,-1,271,213,212,-1,274,268,275,-1,275,268,269,-1,275,269,276,-1,276,269,270,-1,276,270,277,-1,277,270,271,-1,277,271,278,-1,278,271,212,-1,243,274,279,-1,279,274,275,-1,279,275,280,-1,280,275,276,-1,280,276,281,-1,281,276,277,-1,281,277,282,-1,282,277,278,-1,282,278,283,-1,221,222,243,-1,243,222,244,-1,243,244,274,-1,274,244,272,-1,274,272,268,-1,268,272,273,-1,268,273,249,-1,249,273,217,-1,251,218,252,-1,252,218,219,-1,252,219,220,-1,212,211,278,-1,278,211,210,-1,278,210,283,-1,283,210,209,-1,283,209,208,-1,220,243,252,-1,252,243,279,-1,252,279,254,-1,254,279,280,-1,254,280,257,-1,257,280,281,-1,257,281,260,-1,260,281,282,-1,260,282,263,-1,263,282,283,-1,263,283,266,-1,266,283,208,-1,266,208,207,-1,238,284,239,-1,239,284,285,-1,239,285,286,-1,238,242,284,-1,284,242,241,-1,284,241,287,-1,256,288,286,-1,287,218,284,-1,284,218,251,-1,284,251,285,-1,285,251,253,-1,285,253,286,-1,286,253,255,-1,286,255,256,-1,258,289,256,-1,256,289,290,-1,256,290,288,-1,267,206,291,-1,267,291,265,-1,265,291,292,-1,265,292,293,-1,258,259,289,-1,289,259,261,-1,289,261,294,-1,294,261,262,-1,294,262,295,-1,295,262,264,-1,295,264,296,-1,296,264,265,-1,296,265,297,-1,297,265,293,-1,298,299,300,-1,300,299,301,-1,300,301,302,-1,302,301,303,-1,302,303,304,-1,304,303,305,-1,304,305,306,-1,306,305,307,-1,306,307,308,-1,308,307,309,-1,308,309,310,-1,310,309,311,-1,310,311,312,-1,312,311,313,-1,312,313,314,-1,314,313,315,-1,314,315,316,-1,316,315,317,-1,316,317,318,-1,318,317,319,-1,318,319,320,-1,320,319,321,-1,320,321,322,-1,322,321,323,-1,322,323,324,-1,324,323,325,-1,324,325,326,-1,326,325,327,-1,326,327,328,-1,328,327,329,-1,328,329,330,-1,330,329,331,-1,330,331,332,-1,332,331,333,-1,332,333,334,-1,334,333,335,-1,334,335,336,-1,336,335,337,-1,336,337,338,-1,338,337,339,-1,338,339,340,-1,340,339,341,-1,340,341,342,-1,342,341,343,-1,342,343,344,-1,344,343,345,-1,344,345,298,-1,298,345,299,-1,
        ]
    }
}