#VRML V2.0 utf8
# 3D model generated by easyeda2kicad.py (https://github.com/uPesy/easyeda2kicad.py)

Shape{
    appearance Appearance {
        material  Material 	{
            diffuseColor 0.7529411764705882 0.7529411764705882 0.7529411764705882
            specularColor 0.7529411764705882 0.7529411764705882 0.7529411764705882
            ambientIntensity 0.7529
            transparency 0.0
            shininess 0.5
        }
    }
    geometry IndexedFaceSet {
        ccw TRUE
        solid FALSE
        coord DEF co Coordinate {
            point [
                -0.9012 -2.4803 0.0, -0.8224 -1.8524 0.0, -0.8224 -2.4016 0.0, -1.6098 -1.8524 0.0, -1.5311 -2.4803 0.0, -1.6098 -2.4016 0.0, -0.833 -2.4409 0.0, -0.8455 -2.4573 0.0, -0.8251 -2.422 0.0, -0.8618 -2.4698 0.0, -0.8808 -2.4776 0.0, -1.5515 -2.4776 0.0, -1.5705 -2.4698 0.0, -1.6072 -2.422 0.0, -1.5868 -2.4573 0.0, -1.5993 -2.4409 0.0, -0.9012 -2.4803 0.0787, -1.5311 -2.4803 0.0787, -0.8224 -2.4016 0.0787, -0.8224 -1.8524 0.0787, -1.6098 -1.8524 0.0787, -1.6098 -2.4016 0.0787, -0.8808 -2.4776 0.0787, -0.8618 -2.4698 0.0787, -0.8251 -2.422 0.0787, -0.8455 -2.4573 0.0787, -0.833 -2.4409 0.0787, -1.5993 -2.4409 0.0787, -1.5868 -2.4573 0.0787, -1.6072 -2.422 0.0787, -1.5705 -2.4698 0.0787, -1.5515 -2.4776 0.0787, -1.6098 -1.8524 0.3937, -0.8224 -1.8524 0.3937, -1.6098 -1.7736 0.0787, -1.6098 -1.7736 0.4724, -0.8224 -1.7736 0.0787, -0.8224 -1.7736 0.4724, -0.8224 -1.7756 0.0612, -1.6098 -1.7756 0.0612, -0.8224 -1.7814 0.0446, -1.6098 -1.7814 0.0446, -0.8224 -1.7908 0.0296, -1.6098 -1.7908 0.0296, -0.8224 -1.8033 0.0172, -1.6098 -1.8033 0.0172, -0.8224 -1.8182 0.0078, -1.6098 -1.8182 0.0078, -0.8224 -1.8348 0.002, -1.6098 -1.8348 0.002, -1.6098 -1.8497 0.4141, -1.6098 -1.794 0.4698, -1.6098 -1.8418 0.4331, -1.6098 -1.8293 0.4494, -1.6098 -1.813 0.4619, -0.8224 -1.8418 0.4331, -0.8224 -1.794 0.4698, -0.8224 -1.8293 0.4494, -0.8224 -1.813 0.4619, -0.8224 -1.8497 0.4141, 0.7917 -2.4016 0.0, 0.7917 -1.8524 0.0, 1.5791 -1.8524 0.0, 1.5686 -2.4409 0.0, 1.5561 -2.4573 0.0, 1.5398 -2.4698 0.0, 1.5791 -2.4016 0.0, 1.5004 -2.4803 0.0, 0.8705 -2.4803 0.0, 1.5765 -2.422 0.0, 1.5208 -2.4776 0.0, 0.8501 -2.4776 0.0, 0.8311 -2.4698 0.0, 0.7944 -2.422 0.0, 0.8148 -2.4573 0.0, 0.8023 -2.4409 0.0, 1.5004 -2.4803 0.0787, 0.8705 -2.4803 0.0787, 1.5791 -2.4016 0.0787, 1.5791 -1.8524 0.0787, 0.7917 -1.8524 0.0787, 0.7917 -2.4016 0.0787, 0.8023 -2.4409 0.0787, 0.8148 -2.4573 0.0787, 0.7944 -2.422 0.0787, 0.8311 -2.4698 0.0787, 0.8501 -2.4776 0.0787, 1.5398 -2.4698 0.0787, 1.5561 -2.4573 0.0787, 1.5686 -2.4409 0.0787, 1.5208 -2.4776 0.0787, 1.5765 -2.422 0.0787, 0.7917 -1.8524 0.3937, 1.5791 -1.8524 0.3937, 0.7917 -1.7736 0.0787, 0.7917 -1.7736 0.4724, 1.5791 -1.7736 0.0787, 1.5791 -1.7736 0.4724, 1.5791 -1.7756 0.0612, 0.7917 -1.7756 0.0612, 1.5791 -1.7814 0.0446, 0.7917 -1.7814 0.0446, 1.5791 -1.7908 0.0296, 0.7917 -1.7908 0.0296, 1.5791 -1.8033 0.0172, 0.7917 -1.8033 0.0172, 1.5791 -1.8182 0.0078, 0.7917 -1.8182 0.0078, 1.5791 -1.8348 0.002, 0.7917 -1.8348 0.002, 0.7917 -1.8497 0.4141, 0.7917 -1.794 0.4698, 0.7917 -1.8418 0.4331, 0.7917 -1.8293 0.4494, 0.7917 -1.813 0.4619, 1.5791 -1.8418 0.4331, 1.5791 -1.794 0.4698, 1.5791 -1.8293 0.4494, 1.5791 -1.813 0.4619, 1.5791 -1.8497 0.4141
            ]
        }
        coordIndex [
            0,1,2,-1,1,0,3,-1,3,0,4,-1,3,4,5,-1,6,7,8,-1,8,7,9,-1,8,9,2,-1,2,9,10,-1,2,10,0,-1,4,11,5,-1,5,11,12,-1,5,12,13,-1,13,12,14,-1,13,14,15,-1,16,17,0,-1,0,17,4,-1,18,19,16,-1,16,19,17,-1,17,19,20,-1,17,20,21,-1,16,22,18,-1,18,22,23,-1,18,23,24,-1,24,23,25,-1,24,25,26,-1,27,28,29,-1,29,28,30,-1,29,30,21,-1,21,30,31,-1,21,31,17,-1,32,20,33,-1,33,20,19,-1,34,35,36,-1,36,35,37,-1,34,36,38,-1,34,38,39,-1,39,38,40,-1,39,40,41,-1,41,40,42,-1,41,42,43,-1,43,42,44,-1,43,44,45,-1,45,44,46,-1,45,46,47,-1,47,46,48,-1,47,48,49,-1,49,48,1,-1,49,1,3,-1,20,45,47,-1,5,21,3,-1,3,21,20,-1,3,20,49,-1,49,20,47,-1,39,41,20,-1,20,41,43,-1,20,43,45,-1,50,51,32,-1,32,51,35,-1,32,35,20,-1,20,35,34,-1,20,34,39,-1,50,52,51,-1,51,52,53,-1,51,53,54,-1,18,2,19,-1,19,2,1,-1,44,42,19,-1,19,42,40,-1,1,48,19,-1,19,48,46,-1,19,46,44,-1,40,38,19,-1,19,38,36,-1,19,36,33,-1,55,56,57,-1,57,56,58,-1,36,37,33,-1,33,37,56,-1,33,56,59,-1,59,56,55,-1,2,18,24,-1,2,24,8,-1,8,24,26,-1,8,26,6,-1,6,26,25,-1,6,25,7,-1,7,25,23,-1,7,23,9,-1,9,23,22,-1,9,22,10,-1,10,22,16,-1,10,16,0,-1,21,5,13,-1,21,13,29,-1,29,13,15,-1,29,15,27,-1,27,15,14,-1,27,14,28,-1,28,14,12,-1,28,12,30,-1,30,12,11,-1,30,11,31,-1,31,11,4,-1,31,4,17,-1,32,33,59,-1,32,59,50,-1,50,59,55,-1,50,55,52,-1,52,55,57,-1,52,57,53,-1,53,57,58,-1,53,58,54,-1,54,58,56,-1,54,56,51,-1,51,56,37,-1,51,37,35,-1,60,61,62,-1,63,64,65,-1,62,66,60,-1,60,66,67,-1,60,67,68,-1,66,69,67,-1,67,69,63,-1,67,63,70,-1,70,63,65,-1,68,71,60,-1,60,71,72,-1,60,72,73,-1,73,72,74,-1,73,74,75,-1,76,77,67,-1,67,77,68,-1,78,79,80,-1,80,81,78,-1,78,81,77,-1,78,77,76,-1,82,83,84,-1,84,83,85,-1,84,85,81,-1,81,85,86,-1,81,86,77,-1,87,88,89,-1,76,90,78,-1,78,90,87,-1,78,87,91,-1,91,87,89,-1,92,80,93,-1,93,80,79,-1,94,95,96,-1,96,95,97,-1,94,96,98,-1,94,98,99,-1,99,98,100,-1,99,100,101,-1,101,100,102,-1,101,102,103,-1,103,102,104,-1,103,104,105,-1,105,104,106,-1,105,106,107,-1,107,106,108,-1,107,108,109,-1,109,108,62,-1,109,62,61,-1,80,105,107,-1,60,81,61,-1,61,81,80,-1,61,80,109,-1,109,80,107,-1,99,101,80,-1,80,101,103,-1,80,103,105,-1,110,111,92,-1,92,111,95,-1,92,95,80,-1,80,95,94,-1,80,94,99,-1,110,112,111,-1,111,112,113,-1,111,113,114,-1,78,66,79,-1,79,66,62,-1,104,102,79,-1,79,102,100,-1,62,108,79,-1,79,108,106,-1,79,106,104,-1,100,98,79,-1,79,98,96,-1,79,96,93,-1,115,116,117,-1,117,116,118,-1,96,97,93,-1,93,97,116,-1,93,116,119,-1,119,116,115,-1,66,78,91,-1,66,91,69,-1,69,91,89,-1,69,89,63,-1,63,89,88,-1,63,88,64,-1,64,88,87,-1,64,87,65,-1,65,87,90,-1,65,90,70,-1,70,90,76,-1,70,76,67,-1,81,60,73,-1,81,73,84,-1,84,73,75,-1,84,75,82,-1,82,75,74,-1,82,74,83,-1,83,74,72,-1,83,72,85,-1,85,72,71,-1,85,71,86,-1,86,71,68,-1,86,68,77,-1,92,93,119,-1,92,119,110,-1,110,119,115,-1,110,115,112,-1,112,115,117,-1,112,117,113,-1,113,117,118,-1,113,118,114,-1,114,118,116,-1,114,116,111,-1,111,116,97,-1,111,97,95,-1,
        ]
    }
}
Shape{
    appearance Appearance {
        material  Material 	{
            diffuseColor 0.25098039215686274 0.25098039215686274 0.25098039215686274
            specularColor 0.25098039215686274 0.25098039215686274 0.25098039215686274
            ambientIntensity 0.251
            transparency 0.0
            shininess 0.5
        }
    }
    geometry IndexedFaceSet {
        ccw TRUE
        solid FALSE
        coord DEF co Coordinate {
            point [
                -3.1846 -1.7717 0.0, -2.0062 -1.7717 0.0, -2.0062 -1.7717 1.1923, 0.2565 -1.7717 1.3797, 0.2987 -1.7717 1.3797, 0.2987 -1.7717 1.4177, 0.1128 -1.7717 1.2453, 0.1112 -1.7717 1.2451, 0.1427 -1.7717 1.2451, 0.4035 -1.7717 1.458, 0.3899 -1.7717 1.4945, 0.3409 -1.7717 1.4945, -0.2299 -1.7717 1.4177, -0.1677 -1.7717 1.4177, -0.2383 -1.7717 1.4386, -0.1677 -1.7717 1.5925, -0.2577 -1.7717 1.4656, -0.2834 -1.7717 1.4873, -0.3355 -1.7717 1.5405, -0.3163 -1.7717 1.5029, -0.3116 -1.7717 1.5014, -0.4058 -1.7717 1.6043, -0.3888 -1.7717 1.5925, -0.3675 -1.7717 1.5779, -2.0062 -1.7717 2.9199, -2.0062 -1.7717 1.5925, -1.8067 -1.7717 1.9685, -0.4531 -1.7717 1.6221, -0.1677 -1.7717 1.9685, -0.4966 -1.7717 1.6272, -0.5408 -1.7717 1.6221, -0.5847 -1.7717 1.6059, -0.6066 -1.7717 1.5925, -0.6104 -1.7717 1.5902, -0.8059 -1.7717 1.4756, -0.7831 -1.7717 1.5048, -0.7114 -1.7717 1.5457, -0.674 -1.7717 1.5504, -0.6327 -1.7717 1.5711, -0.6631 -1.7717 1.5498, -0.6522 -1.7717 1.5485, -0.7767 -1.7717 1.5109, -0.7465 -1.7717 1.5321, -0.7582 -1.7717 1.268, -0.7879 -1.7717 1.2932, -2.0062 -1.7717 1.2451, -0.7239 -1.7717 1.2513, -0.8095 -1.7717 1.3242, -0.8231 -1.7717 1.3595, -2.0062 -1.7717 1.4177, -0.8277 -1.7717 1.3967, -0.8274 -1.7717 1.4058, -0.8253 -1.7717 1.4177, -0.8211 -1.7717 1.4414, -0.712 -1.7717 1.2477, -0.7108 -1.7717 1.2451, -0.7024 -1.7717 1.2273, -0.6883 -1.7717 1.2099, -0.1677 -1.7717 0.0, -0.1677 -1.7717 1.1923, -0.5825 -1.7717 1.1923, -0.5988 -1.7717 1.186, -0.6218 -1.7717 1.1832, -0.6255 -1.7717 1.1832, -0.6479 -1.7717 1.1867, -0.661 -1.7717 1.1923, -0.6698 -1.7717 1.1959, -0.1677 -1.7717 1.2451, -0.5329 -1.7717 1.2451, -0.533 -1.7717 1.2447, -0.5442 -1.7717 1.2236, -0.5588 -1.7717 1.2073, -0.5777 -1.7717 1.1941, -0.4118 -1.7717 1.3011, -0.4052 -1.7717 1.3037, -0.3941 -1.7717 1.3578, -0.2575 -1.7717 1.2885, -0.2833 -1.7717 1.2666, -0.5507 -1.7717 1.3416, -0.4235 -1.7717 1.408, -0.5672 -1.7717 1.3567, -0.5874 -1.7717 1.3675, -0.4176 -1.7717 1.297, -0.2386 -1.7717 1.3147, -0.2817 -1.7717 1.386, -0.2861 -1.7717 1.4042, -0.2934 -1.7717 1.4177, -0.7656 -1.7717 1.4177, -0.2267 -1.7717 1.4096, -0.2224 -1.7717 1.3786, -0.2267 -1.7717 1.3448, -0.3979 -1.7717 1.3046, -0.397 -1.7717 1.3046, -0.3941 -1.7717 1.3039, -0.76 -1.7717 1.3607, -0.7487 -1.7717 1.3415, -0.7005 -1.7717 1.3317, -0.7317 -1.7717 1.324, -0.711 -1.7717 1.3113, -0.6654 -1.7717 1.3631, -0.6848 -1.7717 1.3496, -0.7679 -1.7717 1.3986, -0.7668 -1.7717 1.3839, -0.6445 -1.7717 1.3711, -0.6218 -1.7717 1.3739, -0.6103 -1.7717 1.3732, -0.4273 -1.7717 1.2752, -0.4271 -1.7717 1.279, -0.5269 -1.7717 1.2875, -0.4252 -1.7717 1.2862, -0.4215 -1.7717 1.2926, -0.3005 -1.7717 1.3275, -0.29 -1.7717 1.3423, -0.2835 -1.7717 1.3592, -0.2812 -1.7717 1.3777, -0.4051 -1.7717 1.2467, -0.4114 -1.7717 1.2491, -0.4176 -1.7717 1.2535, -0.4198 -1.7717 1.2557, -0.4239 -1.7717 1.2617, -0.4264 -1.7717 1.2681, -0.5274 -1.7717 1.2682, -0.5269 -1.7717 1.2781, -0.3122 -1.7717 1.2525, -0.3438 -1.7717 1.2458, -0.3998 -1.7717 1.2458, -0.3922 -1.7717 1.3037, -0.3495 -1.7717 1.3037, -0.3325 -1.7717 1.3069, -0.3157 -1.7717 1.3147, -0.3017 -1.7717 1.3262, -0.3833 -1.7717 1.5087, -0.4047 -1.7717 1.5343, -0.6228 -1.7717 1.4792, -0.407 -1.7717 1.5364, -0.4337 -1.7717 1.5549, -0.6083 -1.7717 1.5092, -0.6295 -1.7717 1.4829, -0.6508 -1.7717 1.4907, -0.2949 -1.7717 1.4206, -0.3059 -1.7717 1.4328, -0.3552 -1.7717 1.4517, -0.3206 -1.7717 1.4431, -0.3371 -1.7717 1.4495, -0.3628 -1.7717 1.4517, -0.3686 -1.7717 1.4781, -0.7064 -1.7717 1.4874, -0.7275 -1.7717 1.4761, -0.6829 -1.7717 1.4929, -0.7438 -1.7717 1.4616, -0.757 -1.7717 1.4427, -0.587 -1.7717 1.5346, -0.4634 -1.7717 1.5663, -0.5615 -1.7717 1.5532, -0.4956 -1.7717 1.5703, -0.5306 -1.7717 1.5658, -0.673 -1.7717 1.4934, -0.7651 -1.7717 1.4215, 0.4225 -1.7717 1.458, 0.3409 -1.7717 1.4177, 2.0909 -1.7717 1.4177, 2.0909 -1.7717 1.5925, 0.3717 -1.7717 1.5914, 0.3409 -1.7717 1.5925, 0.3533 -1.7717 1.5914, 0.3409 -1.7717 1.5589, 0.3215 -1.7717 1.458, 0.3024 -1.7717 1.458, 0.3343 -1.7717 1.4945, 0.1612 -1.7717 1.4732, 0.1612 -1.7717 1.458, 0.1738 -1.7717 1.4177, 0.1581 -1.7717 1.5761, 0.1738 -1.7717 1.5925, 0.1581 -1.7717 1.5914, 0.1427 -1.7717 1.5925, 0.1427 -1.7717 1.5914, 0.1066 -1.7717 1.5181, 0.1066 -1.7717 1.4732, 0.1427 -1.7717 1.5181, 0.1427 -1.7717 1.4732, 0.1543 -1.7717 1.5181, 0.1543 -1.7717 1.5334, 0.1066 -1.7717 1.5761, 0.1066 -1.7717 1.5334, 0.1427 -1.7717 1.5761, 0.1427 -1.7717 1.5334, 0.1427 -1.7717 1.4177, 0.1427 -1.7717 1.458, 0.0817 -1.7717 1.4177, 0.0894 -1.7717 1.5914, 0.0817 -1.7717 1.5925, 0.0894 -1.7717 1.458, 0.0627 -1.7717 1.5882, 0.0485 -1.7717 1.5923, 0.0454 -1.7717 1.5925, 0.0627 -1.7717 1.5702, 0.0312 -1.7717 1.5781, 0.0253 -1.7717 1.5778, 0.0162 -1.7717 1.4723, 0.0282 -1.7717 1.4711, 0.0344 -1.7717 1.4713, 0.0612 -1.7717 1.571, 0.0495 -1.7717 1.4741, 0.0627 -1.7717 1.48, 0.0627 -1.7717 1.4635, 0.0604 -1.7717 1.4624, -0.0025 -1.7717 1.4817, -0.019 -1.7717 1.5176, -0.0061 -1.7717 1.4851, -0.0167 -1.7717 1.5044, -0.0123 -1.7717 1.4937, 0.0477 -1.7717 1.5761, 0.0138 -1.7717 1.5754, 0.0033 -1.7717 1.5704, -0.0051 -1.7717 1.5633, -0.0061 -1.7717 1.5623, -0.0125 -1.7717 1.553, -0.017 -1.7717 1.5414, -0.0192 -1.7717 1.5232, 0.0065 -1.7717 1.4758, 0.0461 -1.7717 1.4577, 0.0257 -1.7717 1.4557, -0.0313 -1.7717 1.4177, 0.0155 -1.7717 1.4563, 0.0014 -1.7717 1.4597, -0.011 -1.7717 1.4661, -0.0201 -1.7717 1.4739, -0.0213 -1.7717 1.4752, -0.0313 -1.7717 1.5925, -0.0276 -1.7717 1.5614, -0.018 -1.7717 1.574, -0.0146 -1.7717 1.5772, -0.0021 -1.7717 1.5859, 0.0118 -1.7717 1.5913, -0.0292 -1.7717 1.4866, -0.0313 -1.7717 1.4919, -0.0393 -1.7717 1.4177, -0.0393 -1.7717 1.5925, -0.034 -1.7717 1.5466, -0.0313 -1.7717 1.5529, -0.0346 -1.7717 1.5005, -0.0372 -1.7717 1.5222, -0.037 -1.7717 1.5291, 0.0218 -1.7717 1.5925, -0.0313 -1.7717 1.9685, -0.0393 -1.7717 1.9685, 0.0311 -1.7717 1.5937, 0.0817 -1.7717 1.9685, 0.1427 -1.7717 1.9685, 0.1738 -1.7717 1.9685, 0.2475 -1.7717 1.9685, 0.2475 -1.7717 1.5925, 0.2987 -1.7717 1.9685, 2.0909 -1.7717 1.9685, 0.3409 -1.7717 1.9685, 0.2987 -1.7717 1.5925, 2.6421 -1.7717 1.2451, 2.6421 -1.7717 1.378, 2.0909 -1.7717 1.378, 0.5896 -1.7717 1.2463, 0.5706 -1.7717 1.2463, 0.3409 -1.7717 1.2451, 0.3535 -1.7717 1.3797, 0.3535 -1.7717 1.2463, 0.3902 -1.7717 1.2463, 0.557 -1.7717 1.2828, 0.5014 -1.7717 1.2828, 0.4886 -1.7717 1.2463, 0.4695 -1.7717 1.2463, 0.5388 -1.7717 1.3797, 0.5204 -1.7717 1.3797, 0.4519 -1.7717 1.2768, 0.442 -1.7717 1.265, 0.428 -1.7717 1.2549, 0.4128 -1.7717 1.249, 0.442 -1.7717 1.362, 0.4468 -1.7717 1.3574, 0.455 -1.7717 1.3457, 0.4599 -1.7717 1.333, 0.3916 -1.7717 1.3797, 0.4119 -1.7717 1.3775, 0.428 -1.7717 1.3716, 0.4621 -1.7717 1.3147, 0.4617 -1.7717 1.3062, 0.4585 -1.7717 1.2906, -1.8067 -1.7717 2.9199, -1.8067 -1.7717 4.2126, -2.0062 -1.7717 4.2126, 0.2946 -1.7717 1.5179, 0.2914 -1.7717 1.5023, 0.2848 -1.7717 1.4885, 0.2749 -1.7717 1.4767, 0.2475 -1.7717 1.5882, 0.2609 -1.7717 1.5833, 0.2879 -1.7717 1.5575, 0.2928 -1.7717 1.5447, 0.295 -1.7717 1.5264, 0.2749 -1.7717 1.5737, 0.2796 -1.7717 1.5691, 0.2609 -1.7717 1.4666, 0.2475 -1.7717 1.4614, 0.2475 -1.7717 1.4177, 0.2457 -1.7717 1.4607, 0.2231 -1.7717 1.458, 0.1864 -1.7717 1.458, 0.1864 -1.7717 1.5914, 0.2244 -1.7717 1.5914, 0.2448 -1.7717 1.5892, -0.0218 -1.7717 1.287, -0.0185 -1.7717 1.2918, -0.016 -1.7717 1.3186, 0.0204 -1.7717 1.2474, 0.014 -1.7717 1.2451, 0.0346 -1.7717 1.2463, 0.0261 -1.7717 1.2513, -0.0115 -1.7717 1.2476, -0.0313 -1.7717 1.2451, -0.0051 -1.7717 1.2452, -0.0048 -1.7717 1.2451, -0.0224 -1.7717 1.2585, -0.0245 -1.7717 1.2642, -0.0253 -1.7717 1.2718, 0.034 -1.7717 1.3407, 0.0767 -1.7717 1.3272, 0.0798 -1.7717 1.3317, -0.0133 -1.7717 1.2962, -0.0061 -1.7717 1.2999, -0.0058 -1.7717 1.3252, 0.0063 -1.7717 1.3029, 0.0209 -1.7717 1.3296, 0.0153 -1.7717 1.3302, 0.0046 -1.7717 1.329, -0.0171 -1.7717 1.2515, -0.019 -1.7717 1.2534, 0.0346 -1.7717 1.261, 0.0341 -1.7717 1.261, 0.0314 -1.7717 1.2569, -0.0252 -1.7717 1.274, -0.0241 -1.7717 1.2812, -0.0 -1.7717 1.3417, 0.0168 -1.7717 1.3438, 0.0269 -1.7717 1.3428, -0.016 -1.7717 1.3349, -0.0125 -1.7717 1.3369, 0.0395 -1.7717 1.3375, 0.044 -1.7717 1.3333, 0.0747 -1.7717 1.3218, 0.0474 -1.7717 1.3278, 0.05 -1.7717 1.3202, 0.0346 -1.7717 1.3068, 0.034 -1.7717 1.3142, 0.0323 -1.7717 1.3202, 0.0303 -1.7717 1.3236, 0.0815 -1.7717 1.2979, 0.0739 -1.7717 1.2669, 0.0817 -1.7717 1.2978, 0.0803 -1.7717 1.2629, 0.0817 -1.7717 1.2624, 0.0788 -1.7717 1.3008, 0.0766 -1.7717 1.3043, 0.0513 -1.7717 1.3076, 0.0748 -1.7717 1.3094, 0.074 -1.7717 1.3158, 0.0278 -1.7717 1.3263, 0.0248 -1.7717 1.3282, 0.0049 -1.7717 1.244, -0.0313 -1.7717 1.1923, 0.0136 -1.7717 1.245, 0.0817 -1.7717 1.1923, 0.0739 -1.7717 1.2496, 0.0513 -1.7717 1.2463, 0.0817 -1.7717 1.2468, 0.0817 -1.7717 1.2451, 0.0845 -1.7717 1.2458, 0.09 -1.7717 1.2451, 0.0998 -1.7717 1.244, 0.1337 -1.7717 1.3395, 0.1337 -1.7717 1.3233, 0.0847 -1.7717 1.3362, 0.0899 -1.7717 1.3392, 0.1375 -1.7717 1.2655, 0.1355 -1.7717 1.2602, 0.1323 -1.7717 1.2558, 0.0817 -1.7717 1.3334, 0.0991 -1.7717 1.3425, 0.1112 -1.7717 1.3438, 0.1226 -1.7717 1.3428, 0.1327 -1.7717 1.2879, 0.1358 -1.7717 1.2833, 0.1376 -1.7717 1.2784, 0.1383 -1.7717 1.2722, 0.1276 -1.7717 1.2516, 0.1221 -1.7717 1.2484, 0.1095 -1.7717 1.3302, 0.1046 -1.7717 1.3298, 0.0913 -1.7717 1.3174, 0.1001 -1.7717 1.3286, 0.0963 -1.7717 1.3266, 0.0914 -1.7717 1.3151, 0.0921 -1.7717 1.3125, 0.0933 -1.7717 1.3103, 0.0949 -1.7717 1.3085, 0.1008 -1.7717 1.3048, 0.1205 -1.7717 1.3289, 0.1112 -1.7717 1.3003, 0.13 -1.7717 1.3255, 0.1176 -1.7717 1.2977, 0.1287 -1.7717 1.2915, 0.0938 -1.7717 1.3244, 0.0924 -1.7717 1.3223, 0.0916 -1.7717 1.32, 0.0908 -1.7717 1.2589, 0.0993 -1.7717 1.2881, 0.0894 -1.7717 1.2927, 0.1014 -1.7717 1.2577, 0.1022 -1.7717 1.2577, 0.1103 -1.7717 1.2836, 0.1107 -1.7717 1.2586, 0.1211 -1.7717 1.2705, 0.121 -1.7717 1.2726, 0.115 -1.7717 1.2602, 0.1166 -1.7717 1.2611, 0.1185 -1.7717 1.2628, 0.12 -1.7717 1.265, 0.1208 -1.7717 1.2674, 0.1202 -1.7717 1.2752, 0.1189 -1.7717 1.2775, 0.1168 -1.7717 1.2796, 0.2212 -1.7717 1.3416, 0.2385 -1.7717 1.3416, 0.2475 -1.7717 1.2451, 0.1906 -1.7717 1.2699, 0.1926 -1.7717 1.2621, 0.1931 -1.7717 1.2621, 0.1738 -1.7717 1.3184, 0.1951 -1.7717 1.2698, 0.1939 -1.7717 1.2654, 0.1738 -1.7717 1.2451, 0.1738 -1.7717 1.2735, 0.147 -1.7717 1.3416, 0.1657 -1.7717 1.3416, 0.1844 -1.7717 1.2465, 0.1838 -1.7717 1.2451, 0.1771 -1.7717 1.2291, 0.1427 -1.7717 1.1923, 0.1504 -1.7717 1.2027, 0.1504 -1.7717 1.2176, 0.1706 -1.7717 1.2196, 0.1738 -1.7717 1.2231, 0.1738 -1.7717 1.2231, 0.1539 -1.7717 1.2165, 0.1599 -1.7717 1.2157, 0.1738 -1.7717 1.2043, 0.168 -1.7717 1.2021, 0.1738 -1.7717 1.1923, 0.1612 -1.7717 1.2014, 0.1575 -1.7717 1.2015, 0.1641 -1.7717 1.2162, 0.1677 -1.7717 1.2176, 0.1952 -1.7717 1.2319, 0.1877 -1.7717 1.2171, 0.2475 -1.7717 1.1923, 0.2005 -1.7717 1.2451, 0.1816 -1.7717 1.2098, 0.1804 -1.7717 1.2087, 0.1746 -1.7717 1.2047, 0.3252 -1.7717 1.3797, 0.3252 -1.7717 1.3644, 0.3283 -1.7717 1.2615, 0.3283 -1.7717 1.2463, 0.2987 -1.7717 1.2451, 0.2737 -1.7717 1.3064, 0.2737 -1.7717 1.2615, 0.2987 -1.7717 1.3064, 0.2987 -1.7717 1.2615, 0.3215 -1.7717 1.3064, 0.3215 -1.7717 1.3216, 0.2987 -1.7717 1.3216, 0.2987 -1.7717 1.3644, 0.2737 -1.7717 1.3216, 0.2737 -1.7717 1.3644, 0.2987 -1.7717 1.2463, 0.2565 -1.7717 1.2463, 2.6421 -1.7717 1.1923, 0.3409 -1.7717 1.1923, 0.2987 -1.7717 1.1923, 2.6421 -1.7717 0.0, 0.3409 -1.7717 0.0, 0.2987 -1.7717 0.0, 0.2475 -1.7717 0.0, 0.1738 -1.7717 0.0, 0.1427 -1.7717 0.0, 0.0817 -1.7717 0.0, -0.0313 -1.7717 0.0, -0.0393 -1.7717 0.0, -0.0393 -1.7717 1.1923, -0.0393 -1.7717 1.2451, -0.0413 -1.7717 1.2615, -0.0413 -1.7717 1.2463, -0.1131 -1.7717 1.2463, -0.0443 -1.7717 1.3644, -0.1131 -1.7717 1.3797, -0.0443 -1.7717 1.3797, -0.0958 -1.7717 1.3064, -0.0958 -1.7717 1.2615, -0.0481 -1.7717 1.3064, -0.0481 -1.7717 1.3216, -0.0958 -1.7717 1.3216, -0.0958 -1.7717 1.3644, -0.0958 -1.7717 1.5914, -0.0958 -1.7717 1.4732, -0.0427 -1.7717 1.4732, -0.1131 -1.7717 1.458, -0.1131 -1.7717 1.5914, -0.0427 -1.7717 1.458, -3.1846 -1.7717 1.1923, -3.1846 -1.7717 1.2451, -3.1846 -1.7717 1.4177, -3.1846 -1.7717 1.5925, -3.1846 -1.7717 2.9199, -3.1846 -1.7717 4.2126, -3.1846 1.7717 4.2126, -1.8067 1.7717 4.2126, -1.8067 1.7717 1.9685, -1.9637 1.7717 0.6064, -3.1846 1.7717 0.0, -1.9637 1.7717 0.4489, -1.5392 1.7717 0.4489, 2.0909 1.7717 1.9685, 2.0909 1.7717 0.9252, -1.5392 1.7717 0.6064, 2.0909 1.7717 0.1378, 2.0909 1.7717 0.0, -1.9637 1.7717 0.9767, -1.9637 1.7717 1.1342, -1.5392 1.7717 1.1342, -1.5392 1.7717 0.9767
            ]
        }
        coordIndex [
            0,1,2,-1,3,4,5,-1,6,7,8,-1,9,10,11,-1,12,13,14,-1,14,13,15,-1,14,15,16,-1,16,15,17,-1,18,19,15,-1,15,19,20,-1,15,20,17,-1,21,22,15,-1,15,22,23,-1,15,23,18,-1,24,25,26,-1,27,28,29,-1,29,28,30,-1,30,28,31,-1,31,28,26,-1,31,26,32,-1,32,26,25,-1,32,25,33,-1,25,34,35,-1,25,36,33,-1,33,36,37,-1,33,37,38,-1,38,37,39,-1,38,39,40,-1,35,41,25,-1,25,41,42,-1,25,42,36,-1,43,44,45,-1,43,45,46,-1,44,47,45,-1,45,47,48,-1,45,48,49,-1,49,48,50,-1,50,51,49,-1,49,51,52,-1,49,52,25,-1,25,52,53,-1,25,53,34,-1,54,46,55,-1,55,46,45,-1,55,45,56,-1,56,45,57,-1,58,59,60,-1,60,61,58,-1,58,61,62,-1,58,62,1,-1,62,63,1,-1,1,63,64,-1,1,64,2,-1,2,64,65,-1,2,65,45,-1,45,65,66,-1,45,66,57,-1,67,68,59,-1,59,68,69,-1,59,69,70,-1,70,71,59,-1,59,71,72,-1,59,72,60,-1,73,74,75,-1,76,77,67,-1,78,79,80,-1,80,79,81,-1,73,75,82,-1,76,67,83,-1,84,85,79,-1,79,85,86,-1,79,86,87,-1,12,88,13,-1,13,88,89,-1,13,89,67,-1,67,89,90,-1,67,90,83,-1,74,91,75,-1,75,91,92,-1,75,92,93,-1,94,95,96,-1,96,95,97,-1,96,97,98,-1,99,87,100,-1,100,87,101,-1,100,101,96,-1,96,101,102,-1,96,102,94,-1,99,103,87,-1,87,103,104,-1,87,104,79,-1,79,104,105,-1,79,105,81,-1,106,107,108,-1,108,107,109,-1,108,109,75,-1,75,109,110,-1,75,110,82,-1,111,112,75,-1,75,112,113,-1,75,113,79,-1,79,113,114,-1,79,114,84,-1,115,116,68,-1,68,116,117,-1,68,117,118,-1,118,119,68,-1,68,119,120,-1,68,120,121,-1,121,120,106,-1,121,106,122,-1,122,106,108,-1,77,123,67,-1,67,123,124,-1,67,124,68,-1,68,124,125,-1,68,125,115,-1,93,126,75,-1,75,126,127,-1,75,127,128,-1,128,129,75,-1,75,129,130,-1,75,130,111,-1,131,132,133,-1,132,134,133,-1,133,134,135,-1,133,135,136,-1,86,133,87,-1,87,133,137,-1,87,137,138,-1,139,140,141,-1,141,140,142,-1,141,142,143,-1,139,141,86,-1,86,141,144,-1,86,144,133,-1,133,144,145,-1,133,145,131,-1,146,147,148,-1,148,147,149,-1,148,149,150,-1,136,135,151,-1,151,135,152,-1,151,152,153,-1,153,152,154,-1,153,154,155,-1,138,156,87,-1,87,156,148,-1,87,148,157,-1,157,148,150,-1,158,9,159,-1,160,161,162,-1,162,161,163,-1,162,163,164,-1,164,163,165,-1,166,167,5,-1,9,11,159,-1,159,11,168,-1,159,168,166,-1,169,170,171,-1,172,173,174,-1,174,173,175,-1,174,175,176,-1,177,178,179,-1,179,178,180,-1,179,180,181,-1,181,180,169,-1,181,169,182,-1,183,184,185,-1,185,184,186,-1,185,186,172,-1,171,170,187,-1,187,170,188,-1,187,188,189,-1,176,175,190,-1,190,175,191,-1,190,191,192,-1,193,191,194,-1,194,191,195,-1,188,192,189,-1,189,192,191,-1,189,191,196,-1,196,191,193,-1,197,198,199,-1,200,201,202,-1,202,201,203,-1,202,203,196,-1,196,203,204,-1,196,204,189,-1,189,204,205,-1,189,205,206,-1,207,208,209,-1,209,208,210,-1,209,210,211,-1,200,202,199,-1,199,202,212,-1,199,212,197,-1,198,213,199,-1,199,213,214,-1,199,214,215,-1,215,216,199,-1,199,216,217,-1,199,217,218,-1,218,219,199,-1,199,219,208,-1,199,208,220,-1,220,208,207,-1,206,221,189,-1,189,221,222,-1,189,222,223,-1,223,222,224,-1,223,224,225,-1,225,226,223,-1,223,226,227,-1,223,227,228,-1,229,230,231,-1,231,232,229,-1,229,232,233,-1,229,233,234,-1,228,235,223,-1,223,235,236,-1,223,236,237,-1,238,239,229,-1,229,239,240,-1,229,240,230,-1,236,241,237,-1,237,241,242,-1,237,242,238,-1,238,242,243,-1,238,243,239,-1,234,244,229,-1,229,244,245,-1,229,245,238,-1,238,245,246,-1,238,246,15,-1,15,246,28,-1,15,28,21,-1,21,28,27,-1,244,247,245,-1,245,247,195,-1,245,195,248,-1,248,195,191,-1,248,191,249,-1,249,191,175,-1,249,175,250,-1,250,175,173,-1,250,173,251,-1,251,173,252,-1,251,252,253,-1,161,254,163,-1,163,254,255,-1,163,255,256,-1,256,255,253,-1,257,258,259,-1,260,261,262,-1,263,159,264,-1,264,159,262,-1,264,262,265,-1,266,267,261,-1,261,267,268,-1,261,268,262,-1,262,268,269,-1,262,269,265,-1,262,257,260,-1,260,257,259,-1,260,259,270,-1,270,259,160,-1,162,158,160,-1,160,158,159,-1,160,159,270,-1,270,159,271,-1,269,272,273,-1,273,274,269,-1,269,274,275,-1,269,275,265,-1,276,277,271,-1,271,277,278,-1,271,278,279,-1,263,280,159,-1,159,280,281,-1,159,281,271,-1,271,281,282,-1,271,282,276,-1,279,283,271,-1,271,283,284,-1,271,284,269,-1,269,284,285,-1,269,285,272,-1,26,286,24,-1,24,286,287,-1,24,287,288,-1,289,290,5,-1,5,290,291,-1,5,291,292,-1,253,252,256,-1,256,252,293,-1,256,293,294,-1,295,296,256,-1,256,296,297,-1,294,298,256,-1,256,298,299,-1,256,299,295,-1,165,163,167,-1,167,163,256,-1,167,256,5,-1,5,256,297,-1,5,297,289,-1,300,301,302,-1,302,301,303,-1,304,305,171,-1,171,305,173,-1,171,173,169,-1,169,173,172,-1,169,172,182,-1,182,172,186,-1,305,306,173,-1,173,306,307,-1,173,307,252,-1,252,307,308,-1,252,308,293,-1,309,310,311,-1,312,313,314,-1,312,314,315,-1,316,317,318,-1,318,317,319,-1,320,321,317,-1,317,321,322,-1,323,324,325,-1,310,326,311,-1,311,326,327,-1,311,327,328,-1,328,327,329,-1,330,331,329,-1,329,331,332,-1,329,332,328,-1,316,333,317,-1,317,333,334,-1,317,334,320,-1,335,336,314,-1,314,336,337,-1,314,337,315,-1,223,338,339,-1,340,341,223,-1,223,341,342,-1,309,311,339,-1,339,311,343,-1,339,343,223,-1,223,343,344,-1,223,344,340,-1,323,345,324,-1,324,345,346,-1,324,346,347,-1,347,346,348,-1,347,348,349,-1,350,351,329,-1,329,351,352,-1,329,352,353,-1,354,355,356,-1,356,355,357,-1,356,357,358,-1,359,360,361,-1,361,360,362,-1,361,362,349,-1,349,362,363,-1,349,363,347,-1,353,364,329,-1,329,364,365,-1,329,365,330,-1,366,367,368,-1,368,367,369,-1,368,369,313,-1,354,359,355,-1,355,359,361,-1,355,361,370,-1,370,361,371,-1,370,371,372,-1,372,371,373,-1,372,373,374,-1,374,373,375,-1,376,375,369,-1,369,375,373,-1,369,373,313,-1,313,373,371,-1,313,371,314,-1,377,378,8,-1,379,380,189,-1,381,382,8,-1,8,382,383,-1,342,323,223,-1,223,323,325,-1,223,325,189,-1,189,325,384,-1,189,384,379,-1,380,385,189,-1,189,385,386,-1,189,386,187,-1,187,386,387,-1,187,387,377,-1,388,389,378,-1,378,389,390,-1,378,390,8,-1,8,390,391,-1,8,391,381,-1,383,392,8,-1,8,392,393,-1,8,393,6,-1,394,395,396,-1,396,395,397,-1,396,397,398,-1,396,399,394,-1,394,399,400,-1,394,400,401,-1,401,402,394,-1,394,402,403,-1,394,403,404,-1,404,403,405,-1,404,405,406,-1,406,405,407,-1,406,407,378,-1,378,407,408,-1,378,408,388,-1,409,410,398,-1,398,410,411,-1,398,411,396,-1,412,413,358,-1,358,413,414,-1,358,414,356,-1,412,415,413,-1,413,415,416,-1,413,416,417,-1,417,416,418,-1,417,419,420,-1,418,421,417,-1,417,421,422,-1,417,422,423,-1,423,424,417,-1,417,424,425,-1,417,425,419,-1,420,426,417,-1,417,426,427,-1,417,427,428,-1,429,430,302,-1,302,430,431,-1,432,433,434,-1,303,304,302,-1,302,304,171,-1,302,171,429,-1,429,171,435,-1,429,435,436,-1,436,435,432,-1,436,432,437,-1,437,432,434,-1,438,439,8,-1,8,439,440,-1,377,8,187,-1,187,8,440,-1,187,440,171,-1,171,440,441,-1,171,441,435,-1,442,439,443,-1,443,439,438,-1,443,438,444,-1,445,446,447,-1,448,449,438,-1,438,449,450,-1,438,450,444,-1,376,369,7,-1,7,369,445,-1,7,445,8,-1,8,445,447,-1,8,447,438,-1,438,447,451,-1,438,451,452,-1,453,454,455,-1,455,454,456,-1,455,456,445,-1,445,456,457,-1,445,457,446,-1,452,458,438,-1,438,458,459,-1,438,459,448,-1,460,461,462,-1,460,462,463,-1,461,464,462,-1,462,464,465,-1,462,465,455,-1,455,465,466,-1,455,466,453,-1,166,5,159,-1,159,5,4,-1,159,4,467,-1,467,468,159,-1,159,468,469,-1,159,469,262,-1,262,469,470,-1,262,470,471,-1,472,473,474,-1,474,473,475,-1,474,475,476,-1,476,475,469,-1,476,469,477,-1,477,469,468,-1,477,468,478,-1,478,468,479,-1,478,479,480,-1,480,479,481,-1,470,482,471,-1,471,482,483,-1,471,483,431,-1,431,483,3,-1,431,3,302,-1,302,3,5,-1,302,5,300,-1,300,5,292,-1,484,257,485,-1,485,257,262,-1,485,262,486,-1,486,262,471,-1,486,471,462,-1,462,471,431,-1,462,431,463,-1,463,431,430,-1,487,484,488,-1,488,484,485,-1,488,485,489,-1,489,485,486,-1,489,486,490,-1,490,486,462,-1,490,462,491,-1,491,462,455,-1,491,455,492,-1,492,455,445,-1,492,445,493,-1,493,445,369,-1,493,369,494,-1,494,369,367,-1,494,367,495,-1,495,367,496,-1,495,496,58,-1,366,319,367,-1,367,319,317,-1,367,317,496,-1,496,317,497,-1,498,499,497,-1,497,499,500,-1,322,338,317,-1,317,338,223,-1,317,223,497,-1,497,223,237,-1,497,237,498,-1,498,237,501,-1,58,496,59,-1,59,496,497,-1,59,497,67,-1,67,497,500,-1,67,500,13,-1,13,500,502,-1,13,502,237,-1,237,502,503,-1,237,503,501,-1,504,505,506,-1,506,505,498,-1,506,498,507,-1,507,498,501,-1,507,501,508,-1,508,501,509,-1,510,511,512,-1,513,514,15,-1,15,514,510,-1,15,510,238,-1,238,510,512,-1,238,512,237,-1,237,512,515,-1,237,515,13,-1,13,515,513,-1,13,513,15,-1,0,2,516,-1,516,2,45,-1,516,45,517,-1,517,45,49,-1,517,49,518,-1,518,49,25,-1,518,25,519,-1,519,25,24,-1,519,24,520,-1,520,24,288,-1,520,288,521,-1,522,523,524,-1,522,525,526,-1,526,525,527,-1,526,527,528,-1,529,530,531,-1,531,530,532,-1,531,532,528,-1,528,532,533,-1,528,533,526,-1,531,525,534,-1,534,525,522,-1,534,522,535,-1,535,522,524,-1,535,524,536,-1,536,524,529,-1,536,529,537,-1,537,529,531,-1,537,531,534,-1,
        ]
    }
}
Shape{
    appearance Appearance {
        material  Material 	{
            diffuseColor 0.7529411764705882 0.7529411764705882 0.7529411764705882
            specularColor 0.7529411764705882 0.7529411764705882 0.7529411764705882
            ambientIntensity 0.7529
            transparency 0.0
            shininess 0.5
        }
    }
    geometry IndexedFaceSet {
        ccw TRUE
        solid FALSE
        coord DEF co Coordinate {
            point [
                -1.8461 1.8504 0.1378, -1.8461 1.7756 0.1378, -1.8461 1.8504 0.4331, -1.8461 1.7756 0.4331, 1.5791 1.7756 0.1378, 1.5791 1.8504 0.1378, 2.0909 1.7756 0.1378, 2.0909 1.8504 0.1378, 2.1466 1.8273 0.1378, 2.0909 1.7717 0.1378, 2.1591 1.811 0.1378, 2.1697 -0.4724 0.1378, 2.0909 -0.4724 0.1378, 2.1697 1.7717 0.1378, 2.167 1.792 0.1378, 2.1113 1.8477 0.1378, 2.1303 1.8398 0.1378, 0.7917 1.7756 0.1378, -0.8224 1.7756 0.1378, 0.7917 1.8504 0.1378, -0.8224 1.8504 0.1378, 2.0909 1.7756 0.9252, 2.0909 1.7717 0.9252, 2.1697 -0.5906 2.0382, 2.1697 -0.5906 0.2559, 2.1697 -0.1019 2.1788, 2.1697 1.7717 0.9252, 2.1697 0.7087 0.9252, 2.1697 0.6781 0.9292, 2.1697 -0.5747 0.1969, 2.1697 -0.556 0.1724, 2.1697 -0.5865 0.2253, 2.1697 -0.5315 0.1536, 2.1697 -0.503 0.1418, 2.1697 0.6496 0.941, 2.1697 0.6251 0.9598, 2.1697 0.6064 0.9843, 2.1697 0.5946 1.0127, 2.1697 0.5906 1.0433, 2.1697 0.5906 2.0382, 2.1697 0.2784 2.2807, 2.1697 0.1969 2.2181, 2.1697 0.1019 2.1788, 2.1697 0.0 2.1654, 2.1697 0.341 2.3622, 2.1697 0.6935 2.1861, 2.1697 0.3803 2.4572, 2.1697 0.7601 2.3536, 2.1697 0.3937 2.5591, 2.1697 0.7869 2.5318, 2.1697 0.3803 2.661, 2.1697 0.7725 2.7114, 2.1697 0.341 2.7559, 2.1697 -0.2784 2.8374, 2.1697 -0.6252 3.0377, 2.1697 -0.341 2.7559, 2.1697 -0.7177 2.883, 2.1697 -0.3803 2.661, 2.1697 -0.7725 2.7114, 2.1697 -0.3937 2.5591, 2.1697 -0.7869 2.5318, 2.1697 -0.3803 2.4572, 2.1697 -0.7601 2.3536, 2.1697 -0.341 2.3622, 2.1697 -0.6935 2.1861, 2.1697 -0.2784 2.2807, 2.1697 -0.1969 2.2181, 2.1697 0.7177 2.883, 2.1697 0.6252 3.0377, 2.1697 0.2784 2.8374, 2.1697 0.5 3.1673, 2.1697 0.1969 2.9, 2.1697 0.3487 3.2651, 2.1697 0.1019 2.9393, 2.1697 0.179 3.3258, 2.1697 0.0 2.9528, 2.1697 -0.0 3.3465, 2.1697 -0.1019 2.9393, 2.1697 -0.179 3.3258, 2.1697 -0.1969 2.9, 2.1697 -0.3487 3.2651, 2.1697 -0.5 3.1673
            ]
        }
        coordIndex [
            0,1,2,-1,2,1,3,-1,4,5,6,-1,6,5,7,-1,6,8,9,-1,9,8,10,-1,11,12,13,-1,13,12,9,-1,13,9,14,-1,14,9,10,-1,7,15,6,-1,6,15,16,-1,6,16,8,-1,17,18,19,-1,19,18,20,-1,6,9,21,-1,21,9,22,-1,23,24,25,-1,25,24,11,-1,13,26,11,-1,11,26,27,-1,11,27,28,-1,29,30,31,-1,31,30,32,-1,31,32,24,-1,24,32,33,-1,24,33,11,-1,28,34,11,-1,11,34,35,-1,11,35,36,-1,36,37,11,-1,11,37,38,-1,11,38,39,-1,40,41,39,-1,39,41,42,-1,39,42,11,-1,11,42,43,-1,11,43,25,-1,40,39,44,-1,44,39,45,-1,44,45,46,-1,46,45,47,-1,46,47,48,-1,48,47,49,-1,48,49,50,-1,50,49,51,-1,50,51,52,-1,53,54,55,-1,55,54,56,-1,55,56,57,-1,57,56,58,-1,57,58,59,-1,59,58,60,-1,59,60,61,-1,61,60,62,-1,61,62,63,-1,63,62,64,-1,63,64,65,-1,65,64,23,-1,65,23,66,-1,66,23,25,-1,51,67,52,-1,52,67,68,-1,52,68,69,-1,69,68,70,-1,69,70,71,-1,71,70,72,-1,71,72,73,-1,73,72,74,-1,73,74,75,-1,75,74,76,-1,75,76,77,-1,77,76,78,-1,77,78,79,-1,79,78,80,-1,79,80,53,-1,53,80,81,-1,53,81,54,-1,
        ]
    }
}
Shape{
    appearance Appearance {
        material  Material 	{
            diffuseColor 0.25098039215686274 0.25098039215686274 0.25098039215686274
            specularColor 0.25098039215686274 0.25098039215686274 0.25098039215686274
            ambientIntensity 0.251
            transparency 0.0
            shininess 0.5
        }
    }
    geometry IndexedFaceSet {
        ccw TRUE
        solid FALSE
        coord DEF co Coordinate {
            point [
                2.0909 1.7717 0.9252, 2.0909 1.7717 1.9685, 2.0909 0.7087 0.9252, 2.0909 1.6732 1.9685, 2.0909 0.6781 0.9292, 2.0909 -1.7717 1.9685, 2.0909 -1.7717 1.378, 2.0909 -1.6732 1.9685, 2.0909 -0.7874 1.378, 2.0909 1.7717 0.0, 2.0909 1.7717 0.1378, 2.0909 -0.7874 0.0, 2.0909 -0.4724 0.1378, 2.0909 -0.503 0.1418, 2.0909 -0.5315 0.1536, 2.0909 -0.556 0.1724, 2.0909 -0.5747 0.1969, 2.0909 -0.179 3.3258, 2.0909 -0.5171 4.052, 2.0909 -0.3487 3.2651, 2.0909 -0.7596 3.9515, 2.0909 -0.5 3.1673, 2.0909 0.7869 2.5318, 2.0909 0.7601 2.3536, 2.0909 0.6935 2.1861, 2.0909 0.5906 2.0382, 2.0909 0.6252 3.0377, 2.0909 1.1832 3.6438, 2.0909 0.5 3.1673, 2.0909 0.9835 3.8143, 2.0909 0.3487 3.2651, 2.0909 0.5906 1.0433, 2.0909 0.5946 1.0127, 2.0909 0.6064 0.9843, 2.0909 0.6251 0.9598, 2.0909 0.6496 0.941, 2.0909 -0.5865 0.2253, 2.0909 -0.5906 0.2559, 2.0909 -0.5906 2.0382, 2.0909 0.7596 3.9515, 2.0909 0.5171 4.052, 2.0909 0.179 3.3258, 2.0909 0.2618 4.1133, 2.0909 -0.0 3.3465, 2.0909 -0.0 4.1339, 2.0909 -0.2618 4.1133, 2.0909 1.6732 2.4606, 2.0909 1.6526 2.7224, 2.0909 0.7725 2.7114, 2.0909 1.5913 2.9777, 2.0909 0.7177 2.883, 2.0909 1.4909 3.2203, 2.0909 1.3537 3.4441, 2.0909 -0.6935 2.1861, 2.0909 -0.7601 2.3536, 2.0909 -1.6732 2.4606, 2.0909 -0.7869 2.5318, 2.0909 -1.6526 2.7224, 2.0909 -0.7725 2.7114, 2.0909 -0.9835 3.8143, 2.0909 -1.1832 3.6438, 2.0909 -0.6252 3.0377, 2.0909 -1.3537 3.4441, 2.0909 -0.7177 2.883, 2.0909 -1.4909 3.2203, 2.0909 -1.5913 2.9777, -1.8067 -1.7717 4.2126, -1.8067 -1.6526 2.7224, -1.8067 -1.5913 2.9777, -1.8067 -1.6732 2.4606, -1.8067 -1.7717 1.9685, -1.8067 -1.6732 1.9685, -1.8067 -1.4909 3.2203, -1.8067 -1.3537 3.4441, -1.8067 -1.7676 4.2432, -1.8067 -1.1832 3.6438, -1.8067 -1.7558 4.2717, -1.8067 -0.9843 3.8138, -1.8067 -0.9843 4.3307, -1.8067 -1.6535 4.3307, -1.8067 -1.6841 4.3267, -1.8067 -1.7126 4.3149, -1.8067 -1.7371 4.2961, 0.7524 -0.1969 2.9, 0.7524 -0.417 3.6007, 0.7524 -0.1019 2.9393, 0.7524 -0.2123 3.6608, 0.7524 0.0 2.9528, 0.7524 0.0 3.6811, 0.7524 0.1019 2.9393, 0.7524 -0.1969 2.2181, 0.7524 -0.6936 1.6771, 0.7524 -0.2784 2.2807, 0.7524 -0.848 1.8243, 0.7524 -0.341 2.3622, 0.7524 -0.9717 1.998, 0.7524 -0.3803 2.4572, 0.7524 0.1019 2.1788, 0.7524 0.1067 1.4421, 0.7524 0.0 2.1654, 0.7524 -0.1067 1.4421, 0.7524 -0.1019 2.1788, 0.7524 -0.3161 1.4825, 0.7524 -0.5142 1.5617, 0.7524 0.2784 2.2807, 0.7524 0.6936 1.6771, 0.7524 0.1969 2.2181, 0.7524 0.5142 1.5617, 0.7524 0.3161 1.4825, 0.7524 0.3937 2.5591, 0.7524 1.1106 2.3994, 0.7524 0.3803 2.4572, 0.7524 1.0603 2.1921, 0.7524 0.341 2.3622, 0.7524 0.9717 1.998, 0.7524 0.848 1.8243, 0.7524 0.2784 2.8374, 0.7524 0.914 3.2099, 0.7524 0.341 2.7559, 0.7524 1.0207 3.0252, 0.7524 0.3803 2.661, 0.7524 1.0904 2.8236, 0.7524 1.1208 2.6124, 0.7524 0.2123 3.6608, 0.7524 0.417 3.6007, 0.7524 0.1969 2.9, 0.7524 0.6066 3.503, 0.7524 0.7743 3.3711, 0.7524 -0.3803 2.661, 0.7524 -1.0207 3.0252, 0.7524 -0.341 2.7559, 0.7524 -0.914 3.2099, 0.7524 -0.2784 2.8374, 0.7524 -0.7743 3.3711, 0.7524 -0.6066 3.503, 0.7524 -1.0603 2.1921, 0.7524 -1.1106 2.3994, 0.7524 -0.3937 2.5591, 0.7524 -1.1208 2.6124, 0.7524 -1.0904 2.8236, -3.1846 0.3161 1.4825, -3.1846 0.5142 1.5617, -3.1846 1.7717 0.0, -3.1846 -0.2123 3.6608, -3.1846 -1.6535 4.3307, -3.1846 -0.0 3.6811, -3.1846 1.6535 4.3307, -3.1846 0.2123 3.6608, -3.1846 -0.417 3.6007, -3.1846 -0.6066 3.503, -3.1846 -1.6841 4.3267, -3.1846 -0.7743 3.3711, -3.1846 -1.7717 4.2126, -3.1846 -0.914 3.2099, -3.1846 -1.0207 3.0252, -3.1846 -1.0603 2.1921, -3.1846 -0.9717 1.998, -3.1846 -1.7717 0.0, -3.1846 0.6936 1.6771, -3.1846 0.848 1.8243, -3.1846 0.9717 1.998, -3.1846 -1.7676 4.2432, -3.1846 -1.7558 4.2717, -3.1846 -1.7371 4.2961, -3.1846 -1.7126 4.3149, -3.1846 1.0603 2.1921, -3.1846 1.1106 2.3994, -3.1846 1.7717 4.2126, -3.1846 1.1208 2.6124, -3.1846 1.0904 2.8236, -3.1846 -1.0904 2.8236, -3.1846 -1.1208 2.6124, -3.1846 -1.1106 2.3994, -3.1846 -0.848 1.8243, -3.1846 -0.6936 1.6771, -3.1846 -0.5142 1.5617, -3.1846 -0.3161 1.4825, -3.1846 -0.1067 1.4421, -3.1846 0.1067 1.4421, -3.1846 0.7743 3.3711, -3.1846 0.6066 3.503, -3.1846 0.417 3.6007, -3.1846 1.6841 4.3267, -3.1846 1.7126 4.3149, -3.1846 1.7371 4.2961, -3.1846 1.0207 3.0252, -3.1846 0.914 3.2099, -3.1846 1.7676 4.2432, -3.1846 1.7558 4.2717, 2.6421 -0.7874 0.0, 2.6421 -1.7717 0.0, -1.3638 0.2557 0.0, -1.4249 0.2088 0.0, -1.4719 0.1476 0.0, -1.5014 0.0764 0.0, -1.5114 -0.0 0.0, -1.5014 -0.0764 0.0, 0.3094 0.4262 0.0, 0.2075 0.348 0.0, 0.1293 0.2461 0.0, 0.0802 0.1274 0.0, -1.1397 -0.2852 0.0, -1.0685 -0.2557 0.0, 0.0634 -0.0 0.0, -1.0074 -0.2088 0.0, -0.9604 -0.1476 0.0, -1.4719 -0.1476 0.0, -1.4249 -0.2088 0.0, -1.3638 -0.2557 0.0, 0.9817 -0.2461 0.0, 0.9035 -0.348 0.0, 0.8016 -0.4262 0.0, -0.9309 0.0764 0.0, -0.9209 -0.0 0.0, -0.9309 -0.0764 0.0, -0.9604 0.1476 0.0, -1.0074 0.2088 0.0, -1.0685 0.2557 0.0, -1.2926 -0.2852 0.0, -1.2161 -0.2953 0.0, 0.3094 -0.4262 0.0, 0.4281 -0.4754 0.0, 0.5555 -0.4921 0.0, 0.6829 -0.4754 0.0, 1.0309 0.1274 0.0, 1.0476 -0.0 0.0, 1.0309 -0.1274 0.0, 0.9817 0.2461 0.0, 0.9035 0.348 0.0, 0.8016 0.4262 0.0, -1.1397 0.2852 0.0, -1.2161 0.2953 0.0, -1.2926 0.2852 0.0, 0.0802 -0.1274 0.0, 0.1293 -0.2461 0.0, 0.2075 -0.348 0.0, 0.6829 0.4754 0.0, 0.5555 0.4921 0.0, 0.4281 0.4754 0.0, -1.8067 1.6535 4.3307, -1.8067 0.9843 4.3307, 0.3626 0.9843 4.3307, 0.3626 -0.9843 4.3307, 1.2683 -0.3791 4.3307, 1.3241 -0.1952 4.3307, 1.3429 -0.0039 4.3307, 1.3429 0.0039 4.3307, 1.3241 0.1952 4.3307, 0.5538 -0.9654 4.3307, 0.7377 -0.9096 4.3307, 0.9072 -0.819 4.3307, 1.0558 -0.6971 4.3307, 1.1777 -0.5486 4.3307, 1.2683 0.3791 4.3307, 1.1777 0.5486 4.3307, 1.0558 0.6971 4.3307, 0.9072 0.819 4.3307, 0.7377 0.9096 4.3307, 0.5538 0.9654 4.3307, -1.8067 1.6732 1.9685, -1.8067 1.7717 1.9685, -1.8067 1.6732 2.4606, -1.8067 1.7717 4.2126, -1.8067 1.6526 2.7224, -1.8067 1.3537 3.4441, -1.8067 1.4909 3.2203, -1.8067 1.5913 2.9777, -1.8067 0.9843 3.8138, -1.8067 1.1832 3.6438, -1.8067 1.6841 4.3267, -1.8067 1.7676 4.2432, -1.8067 1.7558 4.2717, -1.8067 1.7371 4.2961, -1.8067 1.7126 4.3149, 1.3241 0.1952 4.1224, 1.3381 0.1005 4.1308, 1.3429 0.0039 4.1339, 1.3429 0.0 4.1339, 1.227 0.4664 4.0676, 1.2683 0.3791 4.0904, 1.3006 0.2889 4.1087, 1.3074 0.2617 4.1127, 1.0558 0.6971 3.9817, 1.1201 0.6262 4.0123, 1.1777 0.5486 4.0414, 1.1967 0.5169 4.0515, 0.5538 0.9654 3.8273, 0.6475 0.9419 3.8435, 0.7377 0.9096 3.865, 0.8249 0.8684 3.8909, 0.9072 0.819 3.9197, 0.9848 0.7615 3.9505, 0.9869 0.7596 3.9514, 0.3626 0.9843 3.8138, 0.4593 0.9795 3.8172, 0.3778 0.9835 3.8143, 0.3626 -0.9843 3.8138, 0.3779 -0.9835 3.8143, 0.6477 -0.9419 3.8436, 0.5538 -0.9654 3.8273, 0.4592 -0.9795 3.8172, 0.9072 -0.819 3.9197, 0.825 -0.8684 3.8909, 0.7377 -0.9096 3.865, 1.12 -0.6263 4.0122, 1.0558 -0.6971 3.9817, 0.9869 -0.7596 3.9514, 0.9848 -0.7615 3.9505, 1.2683 -0.3791 4.0904, 1.227 -0.4663 4.0676, 1.1967 -0.5169 4.0515, 1.1777 -0.5486 4.0414, 1.3381 -0.1005 4.1308, 1.3429 -0.0039 4.1339, 1.3241 -0.1952 4.1224, 1.3074 -0.2617 4.1127, 1.3006 -0.2887 4.1088
            ]
        }
        coordIndex [
            0,1,2,-1,2,1,3,-1,2,3,4,-1,5,6,7,-1,7,6,8,-1,9,10,11,-1,11,10,12,-1,11,12,13,-1,13,14,11,-1,11,14,15,-1,11,15,16,-1,17,18,19,-1,19,18,20,-1,19,20,21,-1,22,23,3,-1,3,23,24,-1,3,24,25,-1,26,27,28,-1,28,27,29,-1,28,29,30,-1,25,31,3,-1,3,31,32,-1,3,32,33,-1,33,34,3,-1,3,34,35,-1,3,35,4,-1,16,36,11,-1,11,36,37,-1,11,37,8,-1,8,37,38,-1,8,38,7,-1,29,39,30,-1,30,39,40,-1,30,40,41,-1,41,40,42,-1,41,42,43,-1,43,42,44,-1,43,44,17,-1,17,44,45,-1,17,45,18,-1,3,46,22,-1,22,46,47,-1,22,47,48,-1,48,47,49,-1,48,49,50,-1,50,49,51,-1,50,51,26,-1,26,51,52,-1,26,52,27,-1,38,53,7,-1,7,53,54,-1,7,54,55,-1,55,54,56,-1,55,56,57,-1,57,56,58,-1,20,59,21,-1,21,59,60,-1,21,60,61,-1,61,60,62,-1,61,62,63,-1,63,62,64,-1,63,64,58,-1,58,64,65,-1,58,65,57,-1,66,67,68,-1,67,66,69,-1,69,66,70,-1,69,70,71,-1,68,72,66,-1,66,72,73,-1,66,73,74,-1,74,73,75,-1,74,75,76,-1,77,78,75,-1,75,78,79,-1,75,79,80,-1,80,81,75,-1,75,81,82,-1,75,82,76,-1,83,84,85,-1,85,84,86,-1,85,86,87,-1,87,86,88,-1,87,88,89,-1,90,91,92,-1,92,91,93,-1,92,93,94,-1,94,93,95,-1,94,95,96,-1,97,98,99,-1,99,98,100,-1,99,100,101,-1,101,100,102,-1,101,102,90,-1,90,102,103,-1,90,103,91,-1,104,105,106,-1,106,105,107,-1,106,107,97,-1,97,107,108,-1,97,108,98,-1,109,110,111,-1,111,110,112,-1,111,112,113,-1,113,112,114,-1,113,114,104,-1,104,114,115,-1,104,115,105,-1,116,117,118,-1,118,117,119,-1,118,119,120,-1,120,119,121,-1,120,121,109,-1,109,121,122,-1,109,122,110,-1,88,123,89,-1,89,123,124,-1,89,124,125,-1,125,124,126,-1,125,126,116,-1,116,126,127,-1,116,127,117,-1,128,129,130,-1,130,129,131,-1,130,131,132,-1,132,131,133,-1,132,133,83,-1,83,133,134,-1,83,134,84,-1,95,135,96,-1,96,135,136,-1,96,136,137,-1,137,136,138,-1,137,138,128,-1,128,138,139,-1,128,139,129,-1,140,141,142,-1,143,144,145,-1,145,144,146,-1,145,146,147,-1,143,148,144,-1,144,148,149,-1,144,149,150,-1,150,149,151,-1,152,153,154,-1,155,156,157,-1,141,158,142,-1,142,158,159,-1,142,159,160,-1,153,152,151,-1,151,152,161,-1,151,161,162,-1,162,163,151,-1,151,163,164,-1,151,164,150,-1,160,165,142,-1,142,165,166,-1,142,166,167,-1,167,166,168,-1,167,168,169,-1,154,170,152,-1,152,170,171,-1,152,171,157,-1,157,171,172,-1,157,172,155,-1,156,173,157,-1,157,173,174,-1,157,174,175,-1,175,176,157,-1,157,176,177,-1,157,177,142,-1,142,177,178,-1,142,178,140,-1,179,180,146,-1,146,180,181,-1,146,181,147,-1,146,182,179,-1,179,182,183,-1,179,183,184,-1,169,185,167,-1,167,185,186,-1,167,186,187,-1,187,186,179,-1,187,179,188,-1,188,179,184,-1,189,190,11,-1,11,190,157,-1,191,192,142,-1,192,193,142,-1,142,193,194,-1,142,194,157,-1,157,194,195,-1,157,195,196,-1,197,198,142,-1,142,198,199,-1,142,199,200,-1,201,202,203,-1,203,202,204,-1,203,204,205,-1,196,206,157,-1,157,206,207,-1,157,207,208,-1,209,11,210,-1,210,11,211,-1,212,200,213,-1,213,200,203,-1,213,203,214,-1,214,203,205,-1,212,215,200,-1,200,215,216,-1,200,216,217,-1,208,218,157,-1,157,218,219,-1,157,219,201,-1,220,221,157,-1,157,221,222,-1,157,222,11,-1,11,222,223,-1,11,223,211,-1,224,9,225,-1,225,9,11,-1,225,11,226,-1,226,11,209,-1,224,227,9,-1,9,227,228,-1,9,228,229,-1,217,230,200,-1,200,230,231,-1,200,231,142,-1,142,231,232,-1,142,232,191,-1,203,233,201,-1,201,233,234,-1,201,234,157,-1,157,234,235,-1,157,235,220,-1,229,236,9,-1,9,236,237,-1,9,237,142,-1,142,237,238,-1,142,238,197,-1,144,79,146,-1,146,79,78,-1,239,146,240,-1,240,146,78,-1,240,78,241,-1,241,78,242,-1,243,244,241,-1,244,245,241,-1,241,245,246,-1,241,246,247,-1,242,248,241,-1,241,248,249,-1,241,249,250,-1,250,251,241,-1,241,251,252,-1,241,252,243,-1,247,253,241,-1,241,253,254,-1,241,254,255,-1,255,256,241,-1,241,256,257,-1,241,257,258,-1,259,260,261,-1,261,260,262,-1,261,262,263,-1,264,265,262,-1,262,265,266,-1,262,266,263,-1,240,267,239,-1,239,267,268,-1,239,268,269,-1,264,262,268,-1,268,262,270,-1,268,270,271,-1,271,272,268,-1,268,272,273,-1,268,273,269,-1,46,3,261,-1,261,3,259,-1,3,1,259,-1,259,1,260,-1,69,71,55,-1,55,71,7,-1,5,7,70,-1,70,7,71,-1,274,275,42,-1,42,275,44,-1,44,275,276,-1,44,276,277,-1,278,279,40,-1,40,279,280,-1,40,280,42,-1,42,280,281,-1,42,281,274,-1,282,283,39,-1,39,283,284,-1,39,284,40,-1,40,284,285,-1,40,285,278,-1,286,287,39,-1,287,288,39,-1,39,288,289,-1,39,289,290,-1,290,291,39,-1,39,291,292,-1,39,292,282,-1,268,267,293,-1,286,39,294,-1,294,39,29,-1,294,29,295,-1,295,29,27,-1,295,27,293,-1,293,27,268,-1,268,27,52,-1,268,52,264,-1,264,52,51,-1,264,51,265,-1,265,51,49,-1,265,49,266,-1,266,49,47,-1,266,47,263,-1,263,47,46,-1,263,46,261,-1,296,77,75,-1,296,60,297,-1,297,60,59,-1,298,299,59,-1,59,299,300,-1,59,300,297,-1,301,302,59,-1,59,302,303,-1,59,303,298,-1,304,305,20,-1,20,305,306,-1,20,306,59,-1,59,306,307,-1,59,307,301,-1,308,309,18,-1,18,309,310,-1,18,310,20,-1,20,310,311,-1,20,311,304,-1,312,45,313,-1,313,45,44,-1,313,44,277,-1,312,314,45,-1,45,314,315,-1,45,315,18,-1,18,315,316,-1,18,316,308,-1,296,75,60,-1,60,75,73,-1,60,73,62,-1,62,73,72,-1,62,72,64,-1,64,72,68,-1,64,68,65,-1,65,68,67,-1,65,67,57,-1,57,67,69,-1,57,69,55,-1,79,144,150,-1,79,150,80,-1,80,150,164,-1,80,164,81,-1,81,164,163,-1,81,163,82,-1,82,163,162,-1,82,162,76,-1,76,162,161,-1,76,161,74,-1,74,161,152,-1,74,152,66,-1,146,239,269,-1,146,269,182,-1,182,269,273,-1,182,273,183,-1,183,273,272,-1,183,272,184,-1,184,272,271,-1,184,271,188,-1,188,271,270,-1,188,270,187,-1,187,270,262,-1,187,262,167,-1,88,145,123,-1,123,145,147,-1,123,147,124,-1,124,147,181,-1,124,181,126,-1,126,181,180,-1,126,180,127,-1,127,180,179,-1,127,179,117,-1,117,179,186,-1,117,186,119,-1,119,186,185,-1,119,185,121,-1,121,185,169,-1,121,169,122,-1,122,169,168,-1,122,168,110,-1,110,168,166,-1,110,166,112,-1,112,166,165,-1,112,165,114,-1,114,165,160,-1,114,160,115,-1,115,160,159,-1,115,159,105,-1,105,159,158,-1,105,158,107,-1,107,158,141,-1,107,141,108,-1,108,141,140,-1,108,140,98,-1,98,140,178,-1,98,178,100,-1,100,178,177,-1,100,177,102,-1,102,177,176,-1,102,176,103,-1,103,176,175,-1,103,175,91,-1,91,175,174,-1,91,174,93,-1,93,174,173,-1,93,173,95,-1,95,173,156,-1,95,156,135,-1,135,156,155,-1,135,155,136,-1,136,155,172,-1,136,172,138,-1,138,172,171,-1,138,171,139,-1,139,171,170,-1,139,170,129,-1,129,170,154,-1,129,154,131,-1,131,154,153,-1,131,153,133,-1,133,153,151,-1,133,151,134,-1,134,151,149,-1,134,149,84,-1,84,149,148,-1,84,148,86,-1,86,148,143,-1,86,143,88,-1,88,143,145,-1,
        ]
    }
}
Shape{
    appearance Appearance {
        material  Material 	{
            diffuseColor 0.7529411764705882 0.7529411764705882 0.7529411764705882
            specularColor 0.7529411764705882 0.7529411764705882 0.7529411764705882
            ambientIntensity 0.7529
            transparency 0.0
            shininess 0.5
        }
    }
    geometry IndexedFaceSet {
        ccw TRUE
        solid FALSE
        coord DEF co Coordinate {
            point [
                -2.3972 -0.0874 2.1769, 0.7524 0.0 2.1654, -2.3972 -0.1019 2.1788, 0.7524 -0.1019 2.1788, -2.3972 -0.1698 2.2069, 0.7524 -0.1969 2.2181, -2.3972 -0.1969 2.2181, -2.3972 -0.2435 2.2539, 0.7524 -0.2784 2.2807, -2.3972 -0.2784 2.2807, -2.3972 -0.3052 2.3156, 0.7524 -0.341 2.3622, -2.3972 -0.341 2.3622, -2.3972 -0.3522 2.3893, 0.7524 -0.3803 2.4572, -2.3972 -0.3803 2.4572, -2.3972 -0.3822 2.4717, 0.7524 -0.3937 2.5591, -2.3972 -0.3937 2.5591, 0.7524 -0.341 2.7559, -2.3972 -0.3522 2.7288, 0.7524 -0.3803 2.661, -2.3972 -0.3803 2.661, -2.3972 -0.3822 2.6464, 0.7524 -0.2784 2.8374, -2.3972 -0.3052 2.8025, -2.3972 -0.341 2.7559, 0.7524 -0.1969 2.9, -2.3972 -0.2435 2.8642, -2.3972 -0.2784 2.8374, 0.7524 -0.1019 2.9393, -2.3972 -0.1698 2.9112, -2.3972 -0.1969 2.9, -2.3972 0.0874 2.9413, -2.3972 0.0 2.9528, 0.7524 0.0 2.9528, -2.3972 -0.0874 2.9413, -2.3972 -0.1019 2.9393, -2.3972 0.1019 2.9393, 0.7524 0.1019 2.9393, -2.3972 0.1698 2.9112, 0.7524 0.1969 2.9, -2.3972 0.1969 2.9, -2.3972 0.2435 2.8642, 0.7524 0.2784 2.8374, -2.3972 0.2784 2.8374, -2.3972 0.3052 2.8025, 0.7524 0.341 2.7559, -2.3972 0.341 2.7559, -2.3972 0.3522 2.7288, 0.7524 0.3803 2.661, -2.3972 0.3803 2.661, -2.3972 0.3822 2.6464, 0.7524 0.3937 2.5591, -2.3972 0.3937 2.5591, 0.7524 0.341 2.3622, -2.3972 0.3522 2.3893, 0.7524 0.3803 2.4572, -2.3972 0.3803 2.4572, -2.3972 0.3822 2.4717, 0.7524 0.2784 2.2807, -2.3972 0.3052 2.3156, -2.3972 0.341 2.3622, 0.7524 0.1969 2.2181, -2.3972 0.2435 2.2539, -2.3972 0.2784 2.2807, 0.7524 0.1019 2.1788, -2.3972 0.1698 2.2069, -2.3972 0.1969 2.2181, -2.3972 -0.0 2.1654, -2.3972 0.0874 2.1769, -2.3972 0.1019 2.1788, -2.4353 0.0789 2.1752, -2.4167 0.0854 2.1752, -2.4657 0.0546 2.1752, -2.4519 0.0685 2.1752, -2.4762 0.038 2.1752, -2.4827 0.0195 2.1752, -2.4849 0.0 2.1752, -2.4827 -0.0195 2.1752, -2.4762 -0.038 2.1752, -2.4657 -0.0546 2.1752, -2.4519 -0.0685 2.1752, -2.4353 -0.0789 2.1752, -2.4353 0.1665 2.2043, -2.4657 -0.3001 2.3136, -2.4762 -0.3458 2.3882, -2.4827 -0.3742 2.6467, -2.4762 -0.3458 2.7299, -2.4657 -0.3001 2.8045, -2.4353 -0.1665 2.9138, -2.4167 -0.0854 2.9429, -2.4353 -0.0789 2.9429, -2.4519 0.0685 2.9429, -2.4657 0.0546 2.9429, -2.4353 0.0789 2.9429, -2.5511 0.0741 2.9138, -2.5308 0.1065 2.9138, -2.5037 0.1336 2.9138, -2.4714 0.1539 2.9138, -2.4167 0.0854 2.9429, -2.4353 0.1665 2.9138, -2.4519 -0.2393 2.8669, -2.4714 -0.1539 2.9138, -2.4519 -0.0685 2.9429, -2.6366 0.0546 2.8669, -2.6184 0.1065 2.8669, -2.5892 0.153 2.8669, -2.5503 0.1919 2.8669, -2.5037 0.2212 2.8669, -2.4519 0.2393 2.8669, -2.5037 -0.2212 2.8669, -2.5037 -0.1336 2.9138, -2.4657 -0.0546 2.9429, -2.7051 0.0 2.8045, -2.6973 0.0685 2.8045, -2.6746 0.1336 2.8045, -2.6379 0.1919 2.8045, -2.5892 0.2407 2.8045, -2.5308 0.2773 2.8045, -2.4657 0.3001 2.8045, -2.5308 -0.2773 2.8045, -2.5503 -0.1919 2.8669, -2.5308 -0.1065 2.9138, -2.4762 -0.038 2.9429, -2.7431 -0.0789 2.7299, -2.752 0.0 2.7299, -2.7431 0.0789 2.7299, -2.7168 0.1539 2.7299, -2.6746 0.2212 2.7299, -2.6184 0.2773 2.7299, -2.5511 0.3196 2.7299, -2.4762 0.3458 2.7299, -2.5511 -0.3196 2.7299, -2.5892 -0.2407 2.8045, -2.5892 -0.153 2.8669, -2.5511 -0.0741 2.9138, -2.4827 -0.0195 2.9429, -2.7431 -0.1665 2.6467, -2.7715 -0.0854 2.6467, -2.7811 0.0 2.6467, -2.7715 0.0854 2.6467, -2.7431 0.1665 2.6467, -2.6973 0.2393 2.6467, -2.6366 0.3001 2.6467, -2.5638 0.3458 2.6467, -2.4849 -0.3838 2.5591, -2.5638 -0.3458 2.6467, -2.6184 -0.2773 2.7299, -2.6379 -0.1919 2.8045, -2.6184 -0.1065 2.8669, -2.5638 -0.038 2.9138, -2.4849 0.0 2.9429, -2.7051 -0.2455 2.5591, -2.752 -0.1708 2.5591, -2.7811 -0.0876 2.5591, -2.7909 0.0 2.5591, -2.7811 0.0876 2.5591, -2.752 0.1708 2.5591, -2.7051 0.2455 2.5591, -2.6427 0.3078 2.5591, -2.5681 0.3547 2.5591, -2.4827 0.3742 2.6467, -2.4849 0.3838 2.5591, -2.4827 0.3742 2.4714, -2.4827 -0.3742 2.4714, -2.5681 -0.3547 2.5591, -2.6366 -0.3001 2.6467, -2.6746 -0.2212 2.7299, -2.6746 -0.1336 2.8045, -2.6366 -0.0546 2.8669, -2.5681 0.0 2.9138, -2.4827 0.0195 2.9429, -2.6366 -0.3001 2.4714, -2.6973 -0.2393 2.4714, -2.7431 -0.1665 2.4714, -2.7715 -0.0854 2.4714, -2.7811 0.0 2.4714, -2.7715 0.0854 2.4714, -2.7431 0.1665 2.4714, -2.6973 0.2393 2.4714, -2.6366 0.3001 2.4714, -2.5638 0.3458 2.4714, -2.5638 -0.3458 2.4714, -2.6427 -0.3078 2.5591, -2.6973 -0.2393 2.6467, -2.7168 -0.1539 2.7299, -2.6973 -0.0685 2.8045, -2.6427 0.0 2.8669, -2.5638 0.038 2.9138, -2.4762 0.038 2.9429, -2.5511 -0.3196 2.3882, -2.6184 -0.2773 2.3882, -2.6746 -0.2212 2.3882, -2.7168 -0.1539 2.3882, -2.7431 -0.0789 2.3882, -2.752 0.0 2.3882, -2.7431 0.0789 2.3882, -2.7168 0.1539 2.3882, -2.6746 0.2212 2.3882, -2.6184 0.2773 2.3882, -2.5511 0.3196 2.3882, -2.4762 0.3458 2.3882, -2.5308 -0.2773 2.3136, -2.5892 -0.2407 2.3136, -2.6379 -0.1919 2.3136, -2.6746 -0.1336 2.3136, -2.6973 -0.0685 2.3136, -2.7051 0.0 2.3136, -2.6973 0.0685 2.3136, -2.6746 0.1336 2.3136, -2.6379 0.1919 2.3136, -2.5892 0.2407 2.3136, -2.5308 0.2773 2.3136, -2.4657 0.3001 2.3136, -2.4519 -0.2393 2.2512, -2.5037 -0.2212 2.2512, -2.5503 -0.1919 2.2512, -2.5892 -0.153 2.2512, -2.6184 -0.1065 2.2512, -2.6366 -0.0546 2.2512, -2.6427 0.0 2.2512, -2.6366 0.0546 2.2512, -2.6184 0.1065 2.2512, -2.5892 0.153 2.2512, -2.5503 0.1919 2.2512, -2.5037 0.2212 2.2512, -2.4519 0.2393 2.2512, -2.4353 -0.1665 2.2043, -2.4714 -0.1539 2.2043, -2.5037 -0.1336 2.2043, -2.5308 -0.1065 2.2043, -2.5511 -0.0741 2.2043, -2.5638 -0.038 2.2043, -2.5681 0.0 2.2043, -2.5638 0.038 2.2043, -2.5511 0.0741 2.2043, -2.5308 0.1065 2.2043, -2.5037 0.1336 2.2043, -2.4714 0.1539 2.2043, -2.4167 -0.0854 2.1752
            ]
        }
        coordIndex [
            0,1,2,-1,2,1,3,-1,2,3,4,-1,4,3,5,-1,4,5,6,-1,6,5,7,-1,7,5,8,-1,7,8,9,-1,9,8,10,-1,10,8,11,-1,10,11,12,-1,12,11,13,-1,13,11,14,-1,13,14,15,-1,15,14,16,-1,16,14,17,-1,16,17,18,-1,19,20,21,-1,21,20,22,-1,21,22,17,-1,17,22,23,-1,17,23,18,-1,24,25,19,-1,19,25,26,-1,19,26,20,-1,27,28,24,-1,24,28,29,-1,24,29,25,-1,30,31,27,-1,27,31,32,-1,27,32,28,-1,33,34,35,-1,35,34,36,-1,35,36,30,-1,30,36,37,-1,30,37,31,-1,33,35,38,-1,38,35,39,-1,38,39,40,-1,40,39,41,-1,40,41,42,-1,42,41,43,-1,43,41,44,-1,43,44,45,-1,45,44,46,-1,46,44,47,-1,46,47,48,-1,48,47,49,-1,49,47,50,-1,49,50,51,-1,51,50,52,-1,52,50,53,-1,52,53,54,-1,55,56,57,-1,57,56,58,-1,57,58,53,-1,53,58,59,-1,53,59,54,-1,60,61,55,-1,55,61,62,-1,55,62,56,-1,63,64,60,-1,60,64,65,-1,60,65,61,-1,66,67,63,-1,63,67,68,-1,63,68,64,-1,0,69,1,-1,1,69,70,-1,1,70,66,-1,66,70,71,-1,66,71,67,-1,72,73,69,-1,74,75,69,-1,74,69,76,-1,77,76,69,-1,78,77,69,-1,79,78,69,-1,80,79,69,-1,81,80,69,-1,82,81,69,-1,83,82,69,-1,71,70,73,-1,73,70,69,-1,75,72,69,-1,68,67,84,-1,9,10,85,-1,12,13,86,-1,18,23,87,-1,22,20,88,-1,26,25,89,-1,90,91,92,-1,34,93,94,-1,95,93,34,-1,92,91,34,-1,36,34,91,-1,96,94,97,-1,97,94,93,-1,97,93,98,-1,98,93,95,-1,98,95,99,-1,34,33,100,-1,100,33,38,-1,100,38,101,-1,29,28,102,-1,102,28,90,-1,102,90,103,-1,103,90,92,-1,103,92,104,-1,104,92,34,-1,28,32,90,-1,90,32,31,-1,90,31,91,-1,91,31,37,-1,91,37,36,-1,105,96,106,-1,106,96,97,-1,106,97,107,-1,107,97,98,-1,107,98,108,-1,108,98,99,-1,108,99,109,-1,38,40,101,-1,101,40,42,-1,101,42,110,-1,25,29,89,-1,89,29,102,-1,89,102,111,-1,111,102,103,-1,111,103,112,-1,112,103,104,-1,112,104,113,-1,113,104,34,-1,114,105,115,-1,115,105,106,-1,115,106,116,-1,116,106,107,-1,116,107,117,-1,117,107,108,-1,117,108,118,-1,118,108,109,-1,118,109,119,-1,42,43,110,-1,110,43,45,-1,110,45,120,-1,20,26,88,-1,88,26,89,-1,88,89,121,-1,121,89,111,-1,121,111,122,-1,122,111,112,-1,122,112,123,-1,123,112,113,-1,123,113,124,-1,124,113,34,-1,125,114,126,-1,126,114,115,-1,126,115,127,-1,127,115,116,-1,127,116,128,-1,128,116,117,-1,128,117,129,-1,129,117,118,-1,129,118,130,-1,130,118,119,-1,130,119,131,-1,45,46,120,-1,120,46,48,-1,120,48,132,-1,23,22,87,-1,87,22,88,-1,87,88,133,-1,133,88,121,-1,133,121,134,-1,134,121,122,-1,134,122,135,-1,135,122,123,-1,135,123,136,-1,136,123,124,-1,136,124,137,-1,137,124,34,-1,138,125,139,-1,139,125,126,-1,139,126,140,-1,140,126,127,-1,140,127,141,-1,141,127,128,-1,141,128,142,-1,142,128,129,-1,142,129,143,-1,143,129,130,-1,143,130,144,-1,144,130,131,-1,144,131,145,-1,16,18,146,-1,146,18,87,-1,146,87,147,-1,147,87,133,-1,147,133,148,-1,148,133,134,-1,148,134,149,-1,149,134,135,-1,149,135,150,-1,150,135,136,-1,150,136,151,-1,151,136,137,-1,151,137,152,-1,152,137,34,-1,153,138,154,-1,154,138,139,-1,154,139,155,-1,155,139,140,-1,155,140,156,-1,156,140,141,-1,156,141,157,-1,157,141,142,-1,157,142,158,-1,158,142,143,-1,158,143,159,-1,159,143,144,-1,159,144,160,-1,160,144,145,-1,160,145,161,-1,48,49,132,-1,132,49,51,-1,132,51,162,-1,162,51,52,-1,162,52,163,-1,163,52,54,-1,163,54,164,-1,15,16,165,-1,165,16,146,-1,165,146,166,-1,166,146,147,-1,166,147,167,-1,167,147,148,-1,167,148,168,-1,168,148,149,-1,168,149,169,-1,169,149,150,-1,169,150,170,-1,170,150,151,-1,170,151,171,-1,171,151,152,-1,171,152,172,-1,172,152,34,-1,173,153,174,-1,174,153,154,-1,174,154,175,-1,175,154,155,-1,175,155,176,-1,176,155,156,-1,176,156,177,-1,177,156,157,-1,177,157,178,-1,178,157,158,-1,178,158,179,-1,179,158,159,-1,179,159,180,-1,180,159,160,-1,180,160,181,-1,181,160,161,-1,181,161,182,-1,13,15,86,-1,86,15,165,-1,86,165,183,-1,183,165,166,-1,183,166,184,-1,184,166,167,-1,184,167,185,-1,185,167,168,-1,185,168,186,-1,186,168,169,-1,186,169,187,-1,187,169,170,-1,187,170,188,-1,188,170,171,-1,188,171,189,-1,189,171,172,-1,189,172,190,-1,190,172,34,-1,191,173,192,-1,192,173,174,-1,192,174,193,-1,193,174,175,-1,193,175,194,-1,194,175,176,-1,194,176,195,-1,195,176,177,-1,195,177,196,-1,196,177,178,-1,196,178,197,-1,197,178,179,-1,197,179,198,-1,198,179,180,-1,198,180,199,-1,199,180,181,-1,199,181,200,-1,200,181,182,-1,200,182,201,-1,54,59,164,-1,164,59,58,-1,164,58,202,-1,85,191,203,-1,203,191,192,-1,203,192,204,-1,204,192,193,-1,204,193,205,-1,205,193,194,-1,205,194,206,-1,206,194,195,-1,206,195,207,-1,207,195,196,-1,207,196,208,-1,208,196,197,-1,208,197,209,-1,209,197,198,-1,209,198,210,-1,210,198,199,-1,210,199,211,-1,211,199,200,-1,211,200,212,-1,212,200,201,-1,212,201,213,-1,10,12,85,-1,85,12,86,-1,85,86,191,-1,191,86,183,-1,191,183,173,-1,173,183,184,-1,173,184,153,-1,153,184,185,-1,153,185,138,-1,138,185,186,-1,138,186,125,-1,125,186,187,-1,125,187,114,-1,114,187,188,-1,114,188,105,-1,105,188,189,-1,105,189,96,-1,96,189,190,-1,96,190,94,-1,94,190,34,-1,214,213,202,-1,202,213,201,-1,202,201,164,-1,164,201,182,-1,164,182,163,-1,163,182,161,-1,163,161,162,-1,162,161,145,-1,162,145,132,-1,132,145,131,-1,132,131,120,-1,120,131,119,-1,120,119,110,-1,110,119,109,-1,110,109,101,-1,101,109,99,-1,101,99,100,-1,100,99,95,-1,100,95,34,-1,6,7,215,-1,215,7,9,-1,58,56,202,-1,202,56,62,-1,202,62,214,-1,214,62,61,-1,214,61,65,-1,9,85,215,-1,215,85,203,-1,215,203,216,-1,216,203,204,-1,216,204,217,-1,217,204,205,-1,217,205,218,-1,218,205,206,-1,218,206,219,-1,219,206,207,-1,219,207,220,-1,220,207,208,-1,220,208,221,-1,221,208,209,-1,221,209,222,-1,222,209,210,-1,222,210,223,-1,223,210,211,-1,223,211,224,-1,224,211,212,-1,224,212,225,-1,225,212,213,-1,225,213,226,-1,226,213,214,-1,226,214,227,-1,227,214,65,-1,227,65,64,-1,2,4,228,-1,228,4,6,-1,6,215,228,-1,228,215,216,-1,228,216,229,-1,229,216,217,-1,229,217,230,-1,230,217,218,-1,230,218,231,-1,231,218,219,-1,231,219,232,-1,232,219,220,-1,232,220,233,-1,233,220,221,-1,233,221,234,-1,234,221,222,-1,234,222,235,-1,235,222,223,-1,235,223,236,-1,236,223,224,-1,236,224,237,-1,237,224,225,-1,237,225,238,-1,238,225,226,-1,238,226,239,-1,239,226,227,-1,239,227,84,-1,84,227,64,-1,84,64,68,-1,69,0,240,-1,240,0,2,-1,83,69,240,-1,2,228,240,-1,240,228,229,-1,240,229,83,-1,83,229,230,-1,83,230,82,-1,82,230,231,-1,82,231,81,-1,81,231,232,-1,81,232,80,-1,80,232,233,-1,80,233,79,-1,79,233,234,-1,79,234,78,-1,78,234,235,-1,78,235,77,-1,77,235,236,-1,77,236,76,-1,76,236,237,-1,76,237,74,-1,74,237,238,-1,74,238,75,-1,75,238,239,-1,75,239,72,-1,72,239,84,-1,72,84,73,-1,73,84,67,-1,73,67,71,-1,
        ]
    }
}
Shape{
    appearance Appearance {
        material  Material 	{
            diffuseColor 0.25098039215686274 0.25098039215686274 0.25098039215686274
            specularColor 0.25098039215686274 0.25098039215686274 0.25098039215686274
            ambientIntensity 0.251
            transparency 0.0
            shininess 0.5
        }
    }
    geometry IndexedFaceSet {
        ccw TRUE
        solid FALSE
        coord DEF co Coordinate {
            point [
                2.6421 -0.7874 1.378, 2.6421 -0.7874 0.0, 2.0909 -0.7874 1.378, 2.0909 -0.7874 0.0, 2.6421 -1.7717 1.378, 2.0909 -1.7717 1.378, 2.6421 -1.7717 0.0, 0.0634 -0.0 0.0787, 0.0634 -0.0 0.0, 0.0802 0.1274 0.0787, 0.0802 0.1274 0.0, 0.1293 0.2461 0.0787, 0.1293 0.2461 0.0, 0.2075 0.348 0.0787, 0.2075 0.348 0.0, 0.3094 0.4262 0.0787, 0.3094 0.4262 0.0, 0.4281 0.4754 0.0787, 0.4281 0.4754 0.0, 0.5555 0.4921 0.0787, 0.5555 0.4921 0.0, 0.6829 0.4754 0.0787, 0.6829 0.4754 0.0, 0.8016 0.4262 0.0787, 0.8016 0.4262 0.0, 0.9035 0.348 0.0787, 0.9035 0.348 0.0, 0.9817 0.2461 0.0787, 0.9817 0.2461 0.0, 1.0309 0.1274 0.0787, 1.0309 0.1274 0.0, 1.0476 -0.0 0.0787, 1.0476 -0.0 0.0, 1.0309 -0.1274 0.0787, 1.0309 -0.1274 0.0, 0.9817 -0.2461 0.0787, 0.9817 -0.2461 0.0, 0.9035 -0.348 0.0787, 0.9035 -0.348 0.0, 0.8016 -0.4262 0.0787, 0.8016 -0.4262 0.0, 0.6829 -0.4754 0.0787, 0.6829 -0.4754 0.0, 0.5555 -0.4921 0.0787, 0.5555 -0.4921 0.0, 0.4281 -0.4754 0.0787, 0.4281 -0.4754 0.0, 0.3094 -0.4262 0.0787, 0.3094 -0.4262 0.0, 0.2075 -0.348 0.0787, 0.2075 -0.348 0.0, 0.1293 -0.2461 0.0787, 0.1293 -0.2461 0.0, 0.0802 -0.1274 0.0787, 0.0802 -0.1274 0.0, 0.713 0.2728 0.0787, 0.7782 0.2227 0.0787, 0.8283 0.1575 0.0787, 0.8597 0.0815 0.0787, 0.8705 -0.0 0.0787, 0.8597 -0.0815 0.0787, 0.8283 -0.1575 0.0787, 0.7782 -0.2227 0.0787, 0.713 -0.2728 0.0787, 0.637 -0.3042 0.0787, 0.5555 -0.315 0.0787, 0.474 -0.3042 0.0787, 0.398 -0.2728 0.0787, 0.3328 -0.2227 0.0787, 0.2827 -0.1575 0.0787, 0.2513 -0.0815 0.0787, 0.2406 -0.0 0.0787, 0.2513 0.0815 0.0787, 0.2827 0.1575 0.0787, 0.3328 0.2227 0.0787, 0.398 0.2728 0.0787, 0.474 0.3042 0.0787, 0.5555 0.315 0.0787, 0.637 0.3042 0.0787, -1.5114 -0.0 -0.3543, -1.5014 0.0764 0.0, -1.5014 0.0764 -0.3543, -1.4719 0.1476 0.0, -1.4719 0.1476 -0.3543, -1.4249 0.2088 0.0, -1.4249 0.2088 -0.3543, -1.3638 0.2557 0.0, -1.3638 0.2557 -0.3543, -1.2926 0.2852 0.0, -1.2926 0.2852 -0.3543, -1.2161 0.2953 0.0, -1.2161 0.2953 -0.3543, -1.1397 0.2852 0.0, -1.1397 0.2852 -0.3543, -1.0685 0.2557 0.0, -1.0685 0.2557 -0.3543, -1.0074 0.2088 0.0, -1.0074 0.2088 -0.3543, -0.9604 0.1476 0.0, -0.9604 0.1476 -0.3543, -0.9309 0.0764 0.0, -0.9309 0.0764 -0.3543, -0.9209 -0.0 0.0, -0.9209 -0.0 -0.3543, -0.9309 -0.0764 0.0, -0.9309 -0.0764 -0.3543, -0.9604 -0.1476 0.0, -0.9604 -0.1476 -0.3543, -1.0074 -0.2088 0.0, -1.0074 -0.2088 -0.3543, -1.0685 -0.2557 0.0, -1.0685 -0.2557 -0.3543, -1.1397 -0.2852 0.0, -1.1397 -0.2852 -0.3543, -1.2161 -0.2953 0.0, -1.2161 -0.2953 -0.3543, -1.2926 -0.2852 0.0, -1.2926 -0.2852 -0.3543, -1.3638 -0.2557 0.0, -1.3638 -0.2557 -0.3543, -1.4249 -0.2088 0.0, -1.4249 -0.2088 -0.3543, -1.4719 -0.1476 0.0, -1.4719 -0.1476 -0.3543, -1.5014 -0.0764 0.0, -1.5014 -0.0764 -0.3543, -1.5114 -0.0 0.0, -1.4378 -0.128 -0.3937, -1.4633 -0.0662 -0.3937, -1.2161 -0.0 -0.3937, -1.472 -0.0 -0.3937, -1.4633 0.0662 -0.3937, -1.2824 -0.2472 -0.3937, -1.3441 -0.2216 -0.3937, -1.3971 -0.181 -0.3937, -1.0882 -0.2216 -0.3937, -1.1499 -0.2472 -0.3937, -1.2161 -0.2559 -0.3937, -0.969 -0.0662 -0.3937, -0.9945 -0.128 -0.3937, -1.0352 -0.181 -0.3937, -0.9945 0.128 -0.3937, -0.969 0.0662 -0.3937, -0.9602 -0.0 -0.3937, -1.1499 0.2472 -0.3937, -1.0882 0.2216 -0.3937, -1.0352 0.181 -0.3937, -1.3441 0.2216 -0.3937, -1.2824 0.2472 -0.3937, -1.2161 0.2559 -0.3937, -1.4378 0.128 -0.3937, -1.3971 0.181 -0.3937, 0.2406 -0.0 -0.3543, 0.2513 0.0815 -0.3543, 0.2827 0.1575 -0.3543, 0.3328 0.2227 -0.3543, 0.398 0.2728 -0.3543, 0.474 0.3042 -0.3543, 0.5555 0.315 -0.3543, 0.637 0.3042 -0.3543, 0.713 0.2728 -0.3543, 0.7782 0.2227 -0.3543, 0.8283 0.1575 -0.3543, 0.8597 0.0815 -0.3543, 0.8705 -0.0 -0.3543, 0.8597 -0.0815 -0.3543, 0.8283 -0.1575 -0.3543, 0.7782 -0.2227 -0.3543, 0.713 -0.2728 -0.3543, 0.637 -0.3042 -0.3543, 0.5555 -0.315 -0.3543, 0.474 -0.3042 -0.3543, 0.398 -0.2728 -0.3543, 0.3328 -0.2227 -0.3543, 0.2827 -0.1575 -0.3543, 0.2513 -0.0815 -0.3543, 0.3168 -0.1378 -0.3937, 0.2893 -0.0713 -0.3937, 0.5555 -0.0 -0.3937, 0.2799 -0.0 -0.3937, 0.2893 0.0713 -0.3937, 0.4842 -0.2662 -0.3937, 0.4177 -0.2387 -0.3937, 0.3606 -0.1949 -0.3937, 0.6933 -0.2387 -0.3937, 0.6268 -0.2662 -0.3937, 0.5555 -0.2756 -0.3937, 0.8217 -0.0713 -0.3937, 0.7942 -0.1378 -0.3937, 0.7504 -0.1949 -0.3937, 0.7942 0.1378 -0.3937, 0.8217 0.0713 -0.3937, 0.8311 -0.0 -0.3937, 0.6268 0.2662 -0.3937, 0.6933 0.2387 -0.3937, 0.7504 0.1949 -0.3937, 0.4177 0.2387 -0.3937, 0.4842 0.2662 -0.3937, 0.5555 0.2756 -0.3937, 0.3168 0.1378 -0.3937, 0.3606 0.1949 -0.3937, 0.3626 -0.9843 4.3307, -1.8067 -0.9843 4.3307, 0.3626 -0.9843 3.8138, -1.8067 -0.9843 3.8138, 1.3429 -0.0039 4.1339, 1.3429 -0.0039 4.3307, 1.3381 -0.1005 4.1308, 1.3241 -0.1952 4.3307, 1.3241 -0.1952 4.1224, 1.3074 -0.2617 4.1127, 1.2683 -0.3791 4.3307, 1.3006 -0.2887 4.1088, 1.1777 -0.5486 4.0414, 1.1967 -0.5169 4.0515, 1.1777 -0.5486 4.3307, 1.227 -0.4663 4.0676, 1.2683 -0.3791 4.0904, 1.12 -0.6263 4.0122, 1.0558 -0.6971 4.3307, 1.0558 -0.6971 3.9817, 0.9869 -0.7596 3.9514, 0.9072 -0.819 4.3307, 0.9848 -0.7615 3.9505, 0.7377 -0.9096 4.3307, 0.825 -0.8684 3.8909, 0.9072 -0.819 3.9197, 0.5538 -0.9654 4.3307, 0.6477 -0.9419 3.8436, 0.7377 -0.9096 3.865, 0.3779 -0.9835 3.8143, 0.4592 -0.9795 3.8172, 0.5538 -0.9654 3.8273, 1.3429 0.0039 4.1339, 1.3429 0.0039 4.3307, 1.3429 0.0 4.1339, 0.5538 0.9654 4.3307, 0.4593 0.9795 3.8172, 0.3626 0.9843 4.3307, 0.3778 0.9835 3.8143, 0.3626 0.9843 3.8138, 0.7377 0.9096 4.3307, 0.6475 0.9419 3.8435, 0.5538 0.9654 3.8273, 0.9072 0.819 4.3307, 0.8249 0.8684 3.8909, 0.7377 0.9096 3.865, 1.0558 0.6971 4.3307, 1.0558 0.6971 3.9817, 0.9869 0.7596 3.9514, 0.9848 0.7615 3.9505, 0.9072 0.819 3.9197, 1.227 0.4664 4.0676, 1.1777 0.5486 4.3307, 1.2683 0.3791 4.0904, 1.2683 0.3791 4.3307, 1.3006 0.2889 4.1087, 1.1967 0.5169 4.0515, 1.1777 0.5486 4.0414, 1.1201 0.6262 4.0123, 1.3074 0.2617 4.1127, 1.3241 0.1952 4.3307, 1.3241 0.1952 4.1224, 1.3381 0.1005 4.1308, -1.8067 0.9843 4.3307, -1.8067 0.9843 3.8138
            ]
        }
        coordIndex [
            0,1,2,-1,2,1,3,-1,4,0,5,-1,5,0,2,-1,0,4,1,-1,1,4,6,-1,7,8,9,-1,9,8,10,-1,9,10,11,-1,11,10,12,-1,11,12,13,-1,13,12,14,-1,13,14,15,-1,15,14,16,-1,15,16,17,-1,17,16,18,-1,17,18,19,-1,19,18,20,-1,19,20,21,-1,21,20,22,-1,21,22,23,-1,23,22,24,-1,23,24,25,-1,25,24,26,-1,25,26,27,-1,27,26,28,-1,27,28,29,-1,29,28,30,-1,29,30,31,-1,31,30,32,-1,31,32,33,-1,33,32,34,-1,33,34,35,-1,35,34,36,-1,35,36,37,-1,37,36,38,-1,37,38,39,-1,39,38,40,-1,39,40,41,-1,41,40,42,-1,41,42,43,-1,43,42,44,-1,43,44,45,-1,45,44,46,-1,45,46,47,-1,47,46,48,-1,47,48,49,-1,49,48,50,-1,49,50,51,-1,51,50,52,-1,51,52,53,-1,53,52,54,-1,53,54,7,-1,7,54,8,-1,55,23,56,-1,56,23,25,-1,56,25,57,-1,57,25,27,-1,57,27,58,-1,58,27,29,-1,58,29,59,-1,59,29,31,-1,59,31,60,-1,60,31,33,-1,60,33,61,-1,61,33,35,-1,61,35,62,-1,62,35,37,-1,62,37,63,-1,63,37,39,-1,63,39,64,-1,64,39,41,-1,64,41,65,-1,65,41,43,-1,65,43,66,-1,66,43,45,-1,66,45,67,-1,67,45,47,-1,67,47,68,-1,68,47,49,-1,68,49,69,-1,69,49,51,-1,69,51,70,-1,70,51,53,-1,70,53,71,-1,71,53,7,-1,71,7,72,-1,72,7,9,-1,72,9,73,-1,73,9,11,-1,73,11,74,-1,74,11,13,-1,74,13,75,-1,75,13,15,-1,75,15,76,-1,76,15,17,-1,76,17,77,-1,77,17,19,-1,77,19,78,-1,78,19,21,-1,78,21,55,-1,55,21,23,-1,79,80,81,-1,81,80,82,-1,81,82,83,-1,83,82,84,-1,83,84,85,-1,85,84,86,-1,85,86,87,-1,87,86,88,-1,87,88,89,-1,89,88,90,-1,89,90,91,-1,91,90,92,-1,91,92,93,-1,93,92,94,-1,93,94,95,-1,95,94,96,-1,95,96,97,-1,97,96,98,-1,97,98,99,-1,99,98,100,-1,99,100,101,-1,101,100,102,-1,101,102,103,-1,103,102,104,-1,103,104,105,-1,105,104,106,-1,105,106,107,-1,107,106,108,-1,107,108,109,-1,109,108,110,-1,109,110,111,-1,111,110,112,-1,111,112,113,-1,113,112,114,-1,113,114,115,-1,115,114,116,-1,115,116,117,-1,117,116,118,-1,117,118,119,-1,119,118,120,-1,119,120,121,-1,121,120,122,-1,121,122,123,-1,123,122,124,-1,123,124,125,-1,125,124,126,-1,125,126,79,-1,79,126,80,-1,127,128,129,-1,129,128,130,-1,129,130,131,-1,132,133,129,-1,129,133,134,-1,129,134,127,-1,135,136,129,-1,129,136,137,-1,129,137,132,-1,138,139,129,-1,129,139,140,-1,129,140,135,-1,141,142,129,-1,129,142,143,-1,129,143,138,-1,144,145,129,-1,129,145,146,-1,129,146,141,-1,147,148,129,-1,129,148,149,-1,129,149,144,-1,131,150,129,-1,129,150,151,-1,129,151,147,-1,152,72,153,-1,153,72,73,-1,153,73,154,-1,154,73,74,-1,154,74,155,-1,155,74,75,-1,155,75,156,-1,156,75,76,-1,156,76,157,-1,157,76,77,-1,157,77,158,-1,158,77,78,-1,158,78,159,-1,159,78,55,-1,159,55,160,-1,160,55,56,-1,160,56,161,-1,161,56,57,-1,161,57,162,-1,162,57,58,-1,162,58,163,-1,163,58,59,-1,163,59,164,-1,164,59,60,-1,164,60,165,-1,165,60,61,-1,165,61,166,-1,166,61,62,-1,166,62,167,-1,167,62,63,-1,167,63,168,-1,168,63,64,-1,168,64,169,-1,169,64,65,-1,169,65,170,-1,170,65,66,-1,170,66,171,-1,171,66,67,-1,171,67,172,-1,172,67,68,-1,172,68,173,-1,173,68,69,-1,173,69,174,-1,174,69,70,-1,174,70,175,-1,175,70,71,-1,175,71,152,-1,152,71,72,-1,176,177,178,-1,178,177,179,-1,178,179,180,-1,181,182,178,-1,178,182,183,-1,178,183,176,-1,184,185,178,-1,178,185,186,-1,178,186,181,-1,187,188,178,-1,178,188,189,-1,178,189,184,-1,190,191,178,-1,178,191,192,-1,178,192,187,-1,193,194,178,-1,178,194,195,-1,178,195,190,-1,196,197,178,-1,178,197,198,-1,178,198,193,-1,180,199,178,-1,178,199,200,-1,178,200,196,-1,164,191,163,-1,163,191,190,-1,163,190,162,-1,162,190,195,-1,162,195,161,-1,161,195,194,-1,161,194,160,-1,160,194,193,-1,160,193,159,-1,159,193,198,-1,159,198,158,-1,158,198,197,-1,158,197,157,-1,157,197,196,-1,157,196,156,-1,156,196,200,-1,156,200,155,-1,155,200,199,-1,155,199,154,-1,154,199,180,-1,154,180,153,-1,153,180,179,-1,153,179,152,-1,152,179,177,-1,152,177,175,-1,175,177,176,-1,175,176,174,-1,174,176,183,-1,174,183,173,-1,173,183,182,-1,173,182,172,-1,172,182,181,-1,172,181,171,-1,171,181,186,-1,171,186,170,-1,170,186,185,-1,170,185,169,-1,169,185,184,-1,169,184,168,-1,168,184,189,-1,168,189,167,-1,167,189,188,-1,167,188,166,-1,166,188,187,-1,166,187,165,-1,165,187,192,-1,165,192,164,-1,164,192,191,-1,103,142,101,-1,101,142,141,-1,101,141,99,-1,99,141,146,-1,99,146,97,-1,97,146,145,-1,97,145,95,-1,95,145,144,-1,95,144,93,-1,93,144,149,-1,93,149,91,-1,91,149,148,-1,91,148,89,-1,89,148,147,-1,89,147,87,-1,87,147,151,-1,87,151,85,-1,85,151,150,-1,85,150,83,-1,83,150,131,-1,83,131,81,-1,81,131,130,-1,81,130,79,-1,79,130,128,-1,79,128,125,-1,125,128,127,-1,125,127,123,-1,123,127,134,-1,123,134,121,-1,121,134,133,-1,121,133,119,-1,119,133,132,-1,119,132,117,-1,117,132,137,-1,117,137,115,-1,115,137,136,-1,115,136,113,-1,113,136,135,-1,113,135,111,-1,111,135,140,-1,111,140,109,-1,109,140,139,-1,109,139,107,-1,107,139,138,-1,107,138,105,-1,105,138,143,-1,105,143,103,-1,103,143,142,-1,201,202,203,-1,203,202,204,-1,205,206,207,-1,207,206,208,-1,207,208,209,-1,209,208,210,-1,210,208,211,-1,210,211,212,-1,213,214,215,-1,215,214,216,-1,215,216,211,-1,211,216,217,-1,211,217,212,-1,213,215,218,-1,218,215,219,-1,218,219,220,-1,220,219,221,-1,221,219,222,-1,221,222,223,-1,224,225,222,-1,222,225,226,-1,222,226,223,-1,227,228,224,-1,224,228,229,-1,224,229,225,-1,203,230,201,-1,201,230,231,-1,201,231,227,-1,227,231,232,-1,227,232,228,-1,233,234,235,-1,235,234,206,-1,235,206,205,-1,236,237,238,-1,238,237,239,-1,238,239,240,-1,241,242,236,-1,236,242,243,-1,236,243,237,-1,244,245,241,-1,241,245,246,-1,241,246,242,-1,247,248,244,-1,244,248,249,-1,249,250,244,-1,244,250,251,-1,244,251,245,-1,252,253,254,-1,254,253,255,-1,254,255,256,-1,252,257,253,-1,253,257,258,-1,253,258,247,-1,247,258,259,-1,247,259,248,-1,256,255,260,-1,260,255,261,-1,260,261,262,-1,234,233,261,-1,261,233,263,-1,261,263,262,-1,264,238,265,-1,265,238,240,-1,
        ]
    }
}
Shape{
    appearance Appearance {
        material  Material 	{
            diffuseColor 0.7529411764705882 0.7529411764705882 0.7529411764705882
            specularColor 0.7529411764705882 0.7529411764705882 0.7529411764705882
            ambientIntensity 0.7529
            transparency 0.0
            shininess 0.5
        }
    }
    geometry IndexedFaceSet {
        ccw TRUE
        solid FALSE
        coord DEF co Coordinate {
            point [
                2.1697 -0.5906 0.2559, 2.0909 -0.5906 0.2559, 2.0909 -0.5865 0.2253, 2.1697 -0.5865 0.2253, 2.0909 -0.5747 0.1969, 2.1697 -0.5747 0.1969, 2.0909 -0.556 0.1724, 2.1697 -0.556 0.1724, 2.0909 -0.5315 0.1536, 2.1697 -0.5315 0.1536, 2.0909 -0.503 0.1418, 2.1697 -0.503 0.1418, 2.0909 -0.4724 0.1378, 2.1697 -0.4724 0.1378, -1.6098 1.7756 0.1378, -1.8461 1.7756 0.1378, -1.6098 1.8504 0.1378, -1.8461 1.8504 0.1378, -1.4917 1.8504 0.6299, -1.8461 1.8504 0.6299, -1.8461 1.8504 0.9252, 2.0909 1.8504 0.1378, 1.5791 1.8504 0.1378, 2.0909 1.8504 0.9252, 0.7917 1.8504 0.1378, -0.8224 1.8504 0.1378, -1.4917 1.8504 0.4331, -1.8461 1.8504 0.4331, 2.0909 0.7087 0.9252, 2.1697 0.7087 0.9252, 2.0909 1.7717 0.9252, 2.1697 1.7717 0.9252, -1.8461 1.7756 0.9252, 2.0909 1.7756 0.9252, 2.1113 1.8477 0.9252, 2.1303 1.8398 0.9252, 2.167 1.792 0.9252, 2.1591 1.811 0.9252, 2.1466 1.8273 0.9252, 2.1697 0.6781 0.9292, 2.0909 0.6781 0.9292, 2.1697 0.6496 0.941, 2.0909 0.6496 0.941, 2.1697 0.6251 0.9598, 2.0909 0.6251 0.9598, 2.1697 0.6064 0.9843, 2.0909 0.6064 0.9843, 2.1697 0.5946 1.0127, 2.0909 0.5946 1.0127, 2.1697 0.5906 1.0433, 2.0909 0.5906 1.0433, 2.1697 0.5906 2.0382, 2.0909 0.5906 2.0382, 2.0909 0.6935 2.1861, 2.1697 0.6935 2.1861, 2.0909 0.7601 2.3536, 2.1697 0.7601 2.3536, 2.0909 0.7869 2.5318, 2.1697 0.7869 2.5318, 2.0909 0.7725 2.7114, 2.1697 0.7725 2.7114, 2.0909 0.7177 2.883, 2.1697 0.7177 2.883, 2.0909 0.6252 3.0377, 2.1697 0.6252 3.0377, 2.0909 0.5 3.1673, 2.1697 0.5 3.1673, 2.0909 0.3487 3.2651, 2.1697 0.3487 3.2651, 2.0909 0.179 3.3258, 2.1697 0.179 3.3258, 2.0909 -0.0 3.3465, 2.1697 -0.0 3.3465, 2.0909 -0.179 3.3258, 2.1697 -0.179 3.3258, 2.0909 -0.3487 3.2651, 2.1697 -0.3487 3.2651, 2.0909 -0.5 3.1673, 2.1697 -0.5 3.1673, 2.0909 -0.6252 3.0377, 2.1697 -0.6252 3.0377, 2.0909 -0.7177 2.883, 2.1697 -0.7177 2.883, 2.0909 -0.7725 2.7114, 2.1697 -0.7725 2.7114, 2.0909 -0.7869 2.5318, 2.1697 -0.7869 2.5318, 2.0909 -0.7601 2.3536, 2.1697 -0.7601 2.3536, 2.0909 -0.6935 2.1861, 2.1697 -0.6935 2.1861, 2.0909 -0.5906 2.0382, 2.1697 -0.5906 2.0382, 2.1697 0.0 2.9528, 2.2091 0.1019 2.9393, 2.1697 0.1019 2.9393, 2.2091 0.1969 2.9, 2.1697 0.1969 2.9, 2.2091 0.2784 2.8374, 2.1697 0.2784 2.8374, 2.2091 0.341 2.7559, 2.1697 0.341 2.7559, 2.2091 0.3803 2.661, 2.1697 0.3803 2.661, 2.2091 0.3937 2.5591, 2.1697 0.3937 2.5591, 2.2091 0.3803 2.4572, 2.1697 0.3803 2.4572, 2.2091 0.341 2.3622, 2.1697 0.341 2.3622, 2.2091 0.2784 2.2807, 2.1697 0.2784 2.2807, 2.2091 0.1969 2.2181, 2.1697 0.1969 2.2181, 2.2091 0.1019 2.1788, 2.1697 0.1019 2.1788, 2.2091 0.0 2.1654, 2.1697 0.0 2.1654, 2.2091 -0.1019 2.1788, 2.1697 -0.1019 2.1788, 2.2091 -0.1969 2.2181, 2.1697 -0.1969 2.2181, 2.2091 -0.2784 2.2807, 2.1697 -0.2784 2.2807, 2.2091 -0.341 2.3622, 2.1697 -0.341 2.3622, 2.2091 -0.3803 2.4572, 2.1697 -0.3803 2.4572, 2.2091 -0.3937 2.5591, 2.1697 -0.3937 2.5591, 2.2091 -0.3803 2.661, 2.1697 -0.3803 2.661, 2.2091 -0.341 2.7559, 2.1697 -0.341 2.7559, 2.2091 -0.2784 2.8374, 2.1697 -0.2784 2.8374, 2.2091 -0.1969 2.9, 2.1697 -0.1969 2.9, 2.2091 -0.1019 2.9393, 2.1697 -0.1019 2.9393, 2.2091 0.0 2.9528, 2.2091 0.0 2.5591
            ]
        }
        coordIndex [
            0,1,2,-1,0,2,3,-1,3,2,4,-1,3,4,5,-1,5,4,6,-1,5,6,7,-1,7,6,8,-1,7,8,9,-1,9,8,10,-1,9,10,11,-1,11,10,12,-1,11,12,13,-1,14,15,16,-1,16,15,17,-1,18,19,20,-1,21,22,23,-1,23,22,24,-1,23,24,25,-1,20,23,18,-1,18,23,25,-1,18,25,26,-1,26,25,16,-1,26,16,27,-1,27,16,17,-1,28,29,30,-1,30,29,31,-1,20,32,23,-1,23,32,33,-1,23,33,34,-1,34,33,35,-1,31,36,30,-1,30,36,37,-1,30,37,33,-1,33,37,38,-1,33,38,35,-1,29,28,39,-1,39,28,40,-1,39,40,41,-1,41,40,42,-1,41,42,43,-1,43,42,44,-1,43,44,45,-1,45,44,46,-1,45,46,47,-1,47,46,48,-1,47,48,49,-1,49,48,50,-1,51,49,52,-1,52,49,50,-1,51,52,53,-1,51,53,54,-1,54,53,55,-1,54,55,56,-1,56,55,57,-1,56,57,58,-1,58,57,59,-1,58,59,60,-1,60,59,61,-1,60,61,62,-1,62,61,63,-1,62,63,64,-1,64,63,65,-1,64,65,66,-1,66,65,67,-1,66,67,68,-1,68,67,69,-1,68,69,70,-1,70,69,71,-1,70,71,72,-1,72,71,73,-1,72,73,74,-1,74,73,75,-1,74,75,76,-1,76,75,77,-1,76,77,78,-1,78,77,79,-1,78,79,80,-1,80,79,81,-1,80,81,82,-1,82,81,83,-1,82,83,84,-1,84,83,85,-1,84,85,86,-1,86,85,87,-1,86,87,88,-1,88,87,89,-1,88,89,90,-1,90,89,91,-1,90,91,92,-1,0,92,1,-1,1,92,91,-1,93,94,95,-1,95,94,96,-1,95,96,97,-1,97,96,98,-1,97,98,99,-1,99,98,100,-1,99,100,101,-1,101,100,102,-1,101,102,103,-1,103,102,104,-1,103,104,105,-1,105,104,106,-1,105,106,107,-1,107,106,108,-1,107,108,109,-1,109,108,110,-1,109,110,111,-1,111,110,112,-1,111,112,113,-1,113,112,114,-1,113,114,115,-1,115,114,116,-1,115,116,117,-1,117,116,118,-1,117,118,119,-1,119,118,120,-1,119,120,121,-1,121,120,122,-1,121,122,123,-1,123,122,124,-1,123,124,125,-1,125,124,126,-1,125,126,127,-1,127,126,128,-1,127,128,129,-1,129,128,130,-1,129,130,131,-1,131,130,132,-1,131,132,133,-1,133,132,134,-1,133,134,135,-1,135,134,136,-1,135,136,137,-1,137,136,138,-1,137,138,139,-1,139,138,140,-1,139,140,93,-1,93,140,94,-1,120,118,141,-1,141,118,116,-1,141,116,114,-1,126,124,141,-1,141,124,122,-1,141,122,120,-1,132,130,141,-1,141,130,128,-1,141,128,126,-1,138,136,141,-1,141,136,134,-1,141,134,132,-1,96,94,141,-1,141,94,140,-1,141,140,138,-1,102,100,141,-1,141,100,98,-1,141,98,96,-1,108,106,141,-1,141,106,104,-1,141,104,102,-1,114,112,141,-1,141,112,110,-1,141,110,108,-1,
        ]
    }
}
Shape{
    appearance Appearance {
        material  Material 	{
            diffuseColor 1.0 1.0 1.0
            specularColor 0.8784313725490196 0.8784313725490196 0.8784313725490196
            ambientIntensity 1.0
            transparency 0.0
            shininess 0.5
        }
    }
    geometry IndexedFaceSet {
        ccw TRUE
        solid FALSE
        coord DEF co Coordinate {
            point [
                -1.4917 1.7756 0.4331, 2.0909 1.7756 0.9252, -1.4917 1.7756 0.6299, -1.8461 1.7756 0.9252, -1.8461 1.7756 0.6299, 2.0909 1.7756 0.1378, 1.5791 1.7756 0.1378, 0.7917 1.7756 0.1378, -0.8224 1.7756 0.1378, -1.6098 1.7756 0.1378, -1.8461 1.7756 0.4331, -1.8461 1.7756 0.1378, -1.8461 1.8504 0.9252, -1.8461 1.8504 0.6299
            ]
        }
        coordIndex [
            0,1,2,-1,2,1,3,-1,2,3,4,-1,5,1,6,-1,6,1,7,-1,7,1,8,-1,8,1,0,-1,8,0,9,-1,9,0,10,-1,9,10,11,-1,3,12,4,-1,4,12,13,-1,
        ]
    }
}
Shape{
    appearance Appearance {
        material  Material 	{
            diffuseColor 0.7529411764705882 0.7529411764705882 0.7529411764705882
            specularColor 0.7529411764705882 0.7529411764705882 0.7529411764705882
            ambientIntensity 0.7529
            transparency 0.0
            shininess 0.5
        }
    }
    geometry IndexedFaceSet {
        ccw TRUE
        solid FALSE
        coord DEF co Coordinate {
            point [
                -0.8224 1.8524 0.1378, -1.6098 1.8524 0.1378, -0.8224 1.8504 0.1378, -1.6098 1.8504 0.1378, -1.6098 1.7736 0.1378, -0.8224 1.7736 0.1378, -1.6098 1.7756 0.1378, -0.8224 1.7756 0.1378, -0.9012 2.4803 0.0787, -0.8224 1.8524 0.0787, -0.8224 2.4016 0.0787, -0.833 2.4409 0.0787, -0.8455 2.4573 0.0787, -0.8251 2.422 0.0787, -0.8618 2.4698 0.0787, -0.8808 2.4776 0.0787, -1.6098 1.8524 0.0787, -1.5311 2.4803 0.0787, -1.6098 2.4016 0.0787, -1.5515 2.4776 0.0787, -1.5705 2.4698 0.0787, -1.5868 2.4573 0.0787, -1.5993 2.4409 0.0787, -1.6072 2.422 0.0787, -0.9012 2.4803 0.0, -1.5311 2.4803 0.0, -0.8224 2.4016 0.0, -0.8224 1.8524 0.0, -1.5515 2.4776 0.0, -1.6098 2.4016 0.0, -1.6098 1.8524 0.0, -1.5993 2.4409 0.0, -1.5868 2.4573 0.0, -1.5705 2.4698 0.0, -0.8808 2.4776 0.0, -0.8618 2.4698 0.0, -0.8251 2.422 0.0, -0.8455 2.4573 0.0, -0.833 2.4409 0.0, -1.6072 2.422 0.0, -0.8224 1.8348 0.002, -1.6098 1.8348 0.002, -0.8224 1.8182 0.0078, -1.6098 1.8182 0.0078, -0.8224 1.8033 0.0172, -1.6098 1.8033 0.0172, -0.8224 1.7908 0.0296, -1.6098 1.7908 0.0296, -0.8224 1.7814 0.0446, -1.6098 1.7814 0.0446, -0.8224 1.7756 0.0612, -1.6098 1.7756 0.0612, -0.8224 1.7736 0.0787, -1.6098 1.7736 0.0787, 1.5791 1.8524 0.1378, 0.7917 1.8524 0.1378, 1.5791 1.8504 0.1378, 0.7917 1.8504 0.1378, 0.7917 1.7736 0.1378, 1.5791 1.7736 0.1378, 0.7917 1.7756 0.1378, 1.5791 1.7756 0.1378, 0.7917 1.8524 0.0787, 1.5791 1.8524 0.0787, 0.7917 2.4016 0.0787, 1.5791 2.4016 0.0787, 1.5686 2.4409 0.0787, 1.5561 2.4573 0.0787, 1.5398 2.4698 0.0787, 0.8501 2.4776 0.0787, 0.8311 2.4698 0.0787, 1.5765 2.422 0.0787, 1.5004 2.4803 0.0787, 1.5208 2.4776 0.0787, 0.8705 2.4803 0.0787, 0.8148 2.4573 0.0787, 0.8023 2.4409 0.0787, 0.7944 2.422 0.0787, 1.5004 2.4803 0.0, 0.8705 2.4803 0.0, 1.5791 1.8524 0.0, 0.7917 1.8524 0.0, 1.5791 2.4016 0.0, 0.7917 2.4016 0.0, 0.8023 2.4409 0.0, 0.8148 2.4573 0.0, 0.8311 2.4698 0.0, 0.8501 2.4776 0.0, 0.7944 2.422 0.0, 1.5398 2.4698 0.0, 1.5561 2.4573 0.0, 1.5686 2.4409 0.0, 1.5208 2.4776 0.0, 1.5765 2.422 0.0, 1.5791 1.8348 0.002, 0.7917 1.8348 0.002, 1.5791 1.8182 0.0078, 0.7917 1.8182 0.0078, 1.5791 1.8033 0.0172, 0.7917 1.8033 0.0172, 1.5791 1.7908 0.0296, 0.7917 1.7908 0.0296, 1.5791 1.7814 0.0446, 0.7917 1.7814 0.0446, 1.5791 1.7756 0.0612, 0.7917 1.7756 0.0612, 1.5791 1.7736 0.0787, 0.7917 1.7736 0.0787, 2.0909 1.8504 0.1378, 2.0909 1.8504 0.9252, 2.1113 1.8477 0.9252, 2.1113 1.8477 0.1378, 2.1303 1.8398 0.9252, 2.1303 1.8398 0.1378, 2.1466 1.8273 0.9252, 2.1466 1.8273 0.1378, 2.1591 1.811 0.9252, 2.1591 1.811 0.1378, 2.167 1.792 0.9252, 2.167 1.792 0.1378, 2.1697 1.7717 0.9252, 2.1697 1.7717 0.1378, -1.4917 1.8504 0.4331, -1.4917 1.7756 0.4331, -1.4917 1.8504 0.6299, -1.4917 1.7756 0.6299, -1.8461 1.8504 0.4331, -1.8461 1.7756 0.4331, -1.8461 1.8504 0.6299, -1.8461 1.7756 0.6299
            ]
        }
        coordIndex [
            0,1,2,-1,2,1,3,-1,4,5,6,-1,6,5,7,-1,8,9,10,-1,11,12,13,-1,13,12,14,-1,13,14,10,-1,10,14,15,-1,10,15,8,-1,9,8,16,-1,16,8,17,-1,16,17,18,-1,18,17,19,-1,18,19,20,-1,21,22,20,-1,20,22,23,-1,20,23,18,-1,24,25,8,-1,8,25,17,-1,26,27,24,-1,28,25,29,-1,24,27,25,-1,25,27,30,-1,25,30,29,-1,31,32,33,-1,24,34,26,-1,26,34,35,-1,26,35,36,-1,36,35,37,-1,36,37,38,-1,28,29,33,-1,33,29,39,-1,33,39,31,-1,30,27,40,-1,30,40,41,-1,41,40,42,-1,41,42,43,-1,43,42,44,-1,43,44,45,-1,45,44,46,-1,45,46,47,-1,47,46,48,-1,47,48,49,-1,49,48,50,-1,49,50,51,-1,51,50,52,-1,51,52,53,-1,4,53,5,-1,5,53,52,-1,16,1,9,-1,9,1,0,-1,18,29,16,-1,16,29,30,-1,30,41,16,-1,16,41,43,-1,16,43,45,-1,45,47,16,-1,16,47,49,-1,16,49,51,-1,1,16,3,-1,3,16,51,-1,3,51,6,-1,6,51,53,-1,6,53,4,-1,9,0,2,-1,9,44,42,-1,44,9,46,-1,26,10,27,-1,27,10,9,-1,27,9,40,-1,40,9,42,-1,5,52,7,-1,7,52,50,-1,7,50,2,-1,2,50,9,-1,9,50,48,-1,9,48,46,-1,10,26,36,-1,10,36,13,-1,13,36,38,-1,13,38,11,-1,11,38,37,-1,11,37,12,-1,12,37,35,-1,12,35,14,-1,14,35,34,-1,14,34,15,-1,15,34,24,-1,15,24,8,-1,29,18,23,-1,29,23,39,-1,39,23,22,-1,39,22,31,-1,31,22,21,-1,31,21,32,-1,32,21,20,-1,32,20,33,-1,33,20,19,-1,33,19,28,-1,28,19,17,-1,28,17,25,-1,54,55,56,-1,56,55,57,-1,58,59,60,-1,60,59,61,-1,62,63,64,-1,64,63,65,-1,66,67,68,-1,69,70,64,-1,65,71,72,-1,72,71,66,-1,72,66,73,-1,73,66,68,-1,65,72,64,-1,64,72,74,-1,64,74,69,-1,75,76,70,-1,70,76,77,-1,70,77,64,-1,78,79,72,-1,72,79,74,-1,80,81,82,-1,82,81,83,-1,84,85,86,-1,78,82,79,-1,79,82,83,-1,79,83,87,-1,87,83,86,-1,86,83,88,-1,86,88,84,-1,89,90,91,-1,78,92,82,-1,82,92,89,-1,82,89,93,-1,93,89,91,-1,81,80,94,-1,81,94,95,-1,95,94,96,-1,95,96,97,-1,97,96,98,-1,97,98,99,-1,99,98,100,-1,99,100,101,-1,101,100,102,-1,101,102,103,-1,103,102,104,-1,103,104,105,-1,105,104,106,-1,105,106,107,-1,58,107,59,-1,59,107,106,-1,62,55,63,-1,63,55,54,-1,64,83,62,-1,62,83,81,-1,81,95,62,-1,62,95,97,-1,62,97,99,-1,99,101,62,-1,62,101,103,-1,62,103,105,-1,55,62,57,-1,57,62,105,-1,57,105,60,-1,60,105,107,-1,60,107,58,-1,63,54,56,-1,63,98,96,-1,98,63,100,-1,82,65,80,-1,80,65,63,-1,80,63,94,-1,94,63,96,-1,59,106,61,-1,61,106,104,-1,61,104,56,-1,56,104,63,-1,63,104,102,-1,63,102,100,-1,65,82,93,-1,65,93,71,-1,71,93,91,-1,71,91,66,-1,66,91,90,-1,66,90,67,-1,67,90,89,-1,67,89,68,-1,68,89,92,-1,68,92,73,-1,73,92,78,-1,73,78,72,-1,83,64,77,-1,83,77,88,-1,88,77,76,-1,88,76,84,-1,84,76,75,-1,84,75,85,-1,85,75,70,-1,85,70,86,-1,86,70,69,-1,86,69,87,-1,87,69,74,-1,87,74,79,-1,108,109,110,-1,108,110,111,-1,111,110,112,-1,111,112,113,-1,113,112,114,-1,113,114,115,-1,115,114,116,-1,115,116,117,-1,117,116,118,-1,117,118,119,-1,119,118,120,-1,119,120,121,-1,122,123,124,-1,124,123,125,-1,126,127,122,-1,122,127,123,-1,124,125,128,-1,128,125,129,-1,
        ]
    }
}
Shape{
    appearance Appearance {
        material  Material 	{
            diffuseColor 0.25098039215686274 0.25098039215686274 0.25098039215686274
            specularColor 0.25098039215686274 0.25098039215686274 0.25098039215686274
            ambientIntensity 0.251
            transparency 0.0
            shininess 0.5
        }
    }
    geometry IndexedFaceSet {
        ccw TRUE
        solid FALSE
        coord DEF co Coordinate {
            point [
                -1.9637 1.9685 0.6064, -1.9637 1.9685 0.4489, -1.9637 1.7717 0.6064, -1.9637 1.7717 0.4489, -1.5392 1.9685 0.6064, -1.5392 1.7717 0.6064, -1.5392 1.9685 0.4489, -1.5392 1.7717 0.4489, -1.9637 1.9685 1.1342, -1.9637 1.9685 0.9767, -1.9637 1.7717 1.1342, -1.9637 1.7717 0.9767, -1.5392 1.9685 1.1342, -1.5392 1.7717 1.1342, -1.5392 1.9685 0.9767, -1.5392 1.7717 0.9767
            ]
        }
        coordIndex [
            0,1,2,-1,2,1,3,-1,4,0,5,-1,5,0,2,-1,6,4,7,-1,7,4,5,-1,1,6,3,-1,3,6,7,-1,4,6,0,-1,0,6,1,-1,8,9,10,-1,10,9,11,-1,12,8,13,-1,13,8,10,-1,14,12,15,-1,15,12,13,-1,9,14,11,-1,11,14,15,-1,12,14,8,-1,8,14,9,-1,
        ]
    }
}
Shape{
    appearance Appearance {
        material  Material 	{
            diffuseColor 1.0 1.0 1.0
            specularColor 0.5019607843137255 0.5019607843137255 0.5019607843137255
            ambientIntensity 1.0
            transparency 0.0
            shininess 0.5
        }
    }
    geometry IndexedFaceSet {
        ccw TRUE
        solid FALSE
        coord DEF co Coordinate {
            point [
                -0.0427 -1.772 1.4732, -0.0427 -1.772 1.458, -0.0427 -1.7717 1.4732, -0.0427 -1.7717 1.458, -0.0958 -1.772 1.4732, -0.0958 -1.7717 1.4732, -0.0958 -1.772 1.5914, -0.0958 -1.7717 1.5914, -0.1131 -1.772 1.5914, -0.1131 -1.7717 1.5914, -0.1131 -1.772 1.458, -0.1131 -1.7717 1.458, 0.0257 -1.772 1.4557, 0.0257 -1.7717 1.4557, 0.0461 -1.7717 1.4577, 0.0461 -1.772 1.4577, 0.0604 -1.7717 1.4624, 0.0604 -1.772 1.4624, 0.0627 -1.7717 1.4635, 0.0627 -1.772 1.4635, 0.0627 -1.772 1.48, 0.0627 -1.7717 1.48, 0.0495 -1.7717 1.4741, 0.0495 -1.772 1.4741, 0.0344 -1.7717 1.4713, 0.0344 -1.772 1.4713, 0.0282 -1.7717 1.4711, 0.0282 -1.772 1.4711, 0.0162 -1.7717 1.4723, 0.0162 -1.772 1.4723, 0.0065 -1.7717 1.4758, 0.0065 -1.772 1.4758, -0.0025 -1.7717 1.4817, -0.0025 -1.772 1.4817, -0.0061 -1.7717 1.4851, -0.0061 -1.772 1.4851, -0.0123 -1.7717 1.4937, -0.0123 -1.772 1.4937, -0.0167 -1.7717 1.5044, -0.0167 -1.772 1.5044, -0.019 -1.7717 1.5176, -0.019 -1.772 1.5176, -0.0192 -1.7717 1.5232, -0.0192 -1.772 1.5232, -0.017 -1.7717 1.5414, -0.017 -1.772 1.5414, -0.0125 -1.7717 1.553, -0.0125 -1.772 1.553, -0.0061 -1.7717 1.5623, -0.0061 -1.772 1.5623, -0.0051 -1.7717 1.5633, -0.0051 -1.772 1.5633, 0.0033 -1.7717 1.5704, 0.0033 -1.772 1.5704, 0.0138 -1.7717 1.5754, 0.0138 -1.772 1.5754, 0.0253 -1.7717 1.5778, 0.0253 -1.772 1.5778, 0.0312 -1.7717 1.5781, 0.0312 -1.772 1.5781, 0.0477 -1.7717 1.5761, 0.0477 -1.772 1.5761, 0.0612 -1.7717 1.571, 0.0612 -1.772 1.571, 0.0627 -1.7717 1.5702, 0.0627 -1.772 1.5702, 0.0627 -1.772 1.5882, 0.0627 -1.7717 1.5882, 0.0311 -1.7717 1.5937, 0.0311 -1.772 1.5937, 0.0454 -1.7717 1.5925, 0.0485 -1.772 1.5923, 0.0485 -1.7717 1.5923, 0.0218 -1.7717 1.5925, 0.0118 -1.772 1.5913, 0.0118 -1.7717 1.5913, -0.0021 -1.7717 1.5859, -0.0021 -1.772 1.5859, -0.0146 -1.7717 1.5772, -0.0146 -1.772 1.5772, -0.018 -1.7717 1.574, -0.018 -1.772 1.574, -0.0276 -1.7717 1.5614, -0.0276 -1.772 1.5614, -0.0313 -1.7717 1.5529, -0.034 -1.772 1.5466, -0.034 -1.7717 1.5466, -0.037 -1.7717 1.5291, -0.037 -1.772 1.5291, -0.0372 -1.7717 1.5222, -0.0372 -1.772 1.5222, -0.0346 -1.7717 1.5005, -0.0346 -1.772 1.5005, -0.0313 -1.7717 1.4919, -0.0292 -1.772 1.4866, -0.0292 -1.7717 1.4866, -0.0213 -1.7717 1.4752, -0.0213 -1.772 1.4752, -0.0201 -1.7717 1.4739, -0.0201 -1.772 1.4739, -0.011 -1.7717 1.4661, -0.011 -1.772 1.4661, 0.0014 -1.7717 1.4597, 0.0014 -1.772 1.4597, 0.0155 -1.7717 1.4563, 0.0155 -1.772 1.4563, 0.1612 -1.772 1.4732, 0.1612 -1.772 1.458, 0.1612 -1.7717 1.4732, 0.1612 -1.7717 1.458, 0.1066 -1.7717 1.4732, 0.1066 -1.772 1.4732, 0.1427 -1.7717 1.4732, 0.1066 -1.772 1.5181, 0.1066 -1.7717 1.5181, 0.1543 -1.7717 1.5181, 0.1543 -1.772 1.5181, 0.1427 -1.7717 1.5181, 0.1543 -1.772 1.5334, 0.1543 -1.7717 1.5334, 0.1066 -1.7717 1.5334, 0.1066 -1.772 1.5334, 0.1427 -1.7717 1.5334, 0.1066 -1.772 1.5761, 0.1066 -1.7717 1.5761, 0.1581 -1.7717 1.5761, 0.1581 -1.772 1.5761, 0.1427 -1.7717 1.5761, 0.1581 -1.772 1.5914, 0.1581 -1.7717 1.5914, 0.0894 -1.7717 1.5914, 0.0894 -1.772 1.5914, 0.1427 -1.7717 1.5914, 0.0894 -1.772 1.458, 0.0894 -1.7717 1.458, 0.1427 -1.7717 1.458, 0.2692 -1.772 1.4951, 0.2626 -1.772 1.4871, 0.2749 -1.772 1.4767, 0.261 -1.772 1.4856, 0.2609 -1.772 1.4666, 0.2524 -1.772 1.4796, 0.2457 -1.772 1.4607, 0.2414 -1.772 1.4754, 0.2231 -1.772 1.458, 0.223 -1.772 1.4732, 0.1864 -1.772 1.458, 0.2036 -1.772 1.4732, 0.1864 -1.772 1.5914, 0.2036 -1.772 1.5761, 0.2244 -1.772 1.5914, 0.2238 -1.772 1.5761, 0.2448 -1.772 1.5892, 0.2418 -1.772 1.5739, 0.2609 -1.772 1.5833, 0.2532 -1.772 1.5696, 0.2749 -1.772 1.5737, 0.2623 -1.772 1.5635, 0.2796 -1.772 1.5691, 0.266 -1.772 1.5598, 0.2879 -1.772 1.5575, 0.2712 -1.772 1.5523, 0.2928 -1.772 1.5447, 0.275 -1.772 1.5425, 0.295 -1.772 1.5264, 0.2769 -1.772 1.5259, 0.2946 -1.772 1.5179, 0.2764 -1.772 1.5172, 0.2914 -1.772 1.5023, 0.2738 -1.772 1.505, 0.2848 -1.772 1.4885, 0.2231 -1.7717 1.458, 0.1864 -1.7717 1.458, 0.2749 -1.7717 1.4767, 0.2457 -1.7717 1.4607, 0.2475 -1.7717 1.4614, 0.2609 -1.7717 1.4666, 0.2848 -1.7717 1.4885, 0.2914 -1.7717 1.5023, 0.2946 -1.7717 1.5179, 0.295 -1.7717 1.5264, 0.2928 -1.7717 1.5447, 0.2879 -1.7717 1.5575, 0.2796 -1.7717 1.5691, 0.2749 -1.7717 1.5737, 0.2244 -1.7717 1.5914, 0.2609 -1.7717 1.5833, 0.2475 -1.7717 1.5882, 0.2448 -1.7717 1.5892, 0.1864 -1.7717 1.5914, 0.2238 -1.7717 1.5761, 0.2036 -1.7717 1.5761, 0.2036 -1.7717 1.4732, 0.223 -1.7717 1.4732, 0.2626 -1.7717 1.4871, 0.261 -1.7717 1.4856, 0.2524 -1.7717 1.4796, 0.2414 -1.7717 1.4754, 0.2769 -1.7717 1.5259, 0.2764 -1.7717 1.5172, 0.2738 -1.7717 1.505, 0.2692 -1.7717 1.4951, 0.2623 -1.7717 1.5635, 0.266 -1.7717 1.5598, 0.2712 -1.7717 1.5523, 0.275 -1.7717 1.5425, 0.2418 -1.7717 1.5739, 0.2532 -1.7717 1.5696
            ]
        }
        coordIndex [
            0,1,2,-1,2,1,3,-1,4,0,5,-1,5,0,2,-1,6,4,7,-1,7,4,5,-1,8,6,9,-1,9,6,7,-1,10,8,11,-1,11,8,9,-1,1,10,3,-1,3,10,11,-1,6,8,4,-1,4,8,10,-1,4,10,0,-1,0,10,1,-1,12,13,14,-1,12,14,15,-1,15,14,16,-1,15,16,17,-1,17,16,18,-1,17,18,19,-1,20,19,21,-1,21,19,18,-1,20,21,22,-1,20,22,23,-1,23,22,24,-1,23,24,25,-1,25,24,26,-1,25,26,27,-1,27,26,28,-1,27,28,29,-1,29,28,30,-1,29,30,31,-1,31,30,32,-1,31,32,33,-1,33,32,34,-1,33,34,35,-1,35,34,36,-1,35,36,37,-1,37,36,38,-1,37,38,39,-1,39,38,40,-1,39,40,41,-1,41,40,42,-1,41,42,43,-1,43,42,44,-1,43,44,45,-1,45,44,46,-1,45,46,47,-1,47,46,48,-1,47,48,49,-1,49,48,50,-1,49,50,51,-1,51,50,52,-1,51,52,53,-1,53,52,54,-1,53,54,55,-1,55,54,56,-1,55,56,57,-1,57,56,58,-1,57,58,59,-1,59,58,60,-1,59,60,61,-1,61,60,62,-1,61,62,63,-1,63,62,64,-1,63,64,65,-1,66,65,67,-1,67,65,64,-1,68,69,70,-1,70,69,71,-1,70,71,72,-1,72,71,66,-1,72,66,67,-1,69,68,73,-1,69,73,74,-1,73,75,74,-1,74,75,76,-1,74,76,77,-1,77,76,78,-1,77,78,79,-1,79,78,80,-1,79,80,81,-1,81,80,82,-1,81,82,83,-1,83,82,84,-1,83,84,85,-1,84,86,85,-1,85,86,87,-1,85,87,88,-1,88,87,89,-1,88,89,90,-1,90,89,91,-1,90,91,92,-1,92,91,93,-1,92,93,94,-1,93,95,94,-1,94,95,96,-1,94,96,97,-1,97,96,98,-1,97,98,99,-1,99,98,100,-1,99,100,101,-1,101,100,102,-1,101,102,103,-1,103,102,104,-1,103,104,105,-1,105,104,13,-1,105,13,12,-1,81,51,79,-1,79,51,53,-1,79,53,77,-1,90,43,88,-1,88,43,45,-1,88,45,85,-1,85,45,83,-1,83,45,47,-1,83,47,81,-1,81,47,49,-1,81,49,51,-1,77,53,74,-1,74,53,55,-1,74,55,69,-1,19,20,17,-1,17,20,23,-1,17,23,15,-1,15,23,25,-1,15,25,12,-1,12,25,27,-1,12,27,105,-1,105,27,29,-1,105,29,103,-1,103,29,31,-1,103,31,101,-1,101,31,33,-1,101,33,99,-1,99,33,35,-1,99,35,97,-1,97,35,37,-1,97,37,94,-1,94,37,92,-1,92,37,39,-1,92,39,90,-1,90,39,41,-1,90,41,43,-1,55,57,69,-1,69,57,59,-1,69,59,71,-1,71,59,61,-1,71,61,66,-1,66,61,63,-1,66,63,65,-1,106,107,108,-1,108,107,109,-1,110,111,112,-1,112,111,106,-1,112,106,108,-1,113,111,114,-1,114,111,110,-1,115,116,117,-1,117,116,113,-1,117,113,114,-1,118,116,119,-1,119,116,115,-1,120,121,122,-1,122,121,118,-1,122,118,119,-1,123,121,124,-1,124,121,120,-1,125,126,127,-1,127,126,123,-1,127,123,124,-1,128,126,129,-1,129,126,125,-1,130,131,132,-1,132,131,128,-1,132,128,129,-1,133,131,134,-1,134,131,130,-1,109,107,135,-1,135,107,133,-1,135,133,134,-1,133,107,106,-1,106,111,133,-1,133,111,113,-1,133,113,131,-1,126,128,123,-1,123,128,131,-1,123,131,121,-1,121,131,113,-1,121,113,118,-1,118,113,116,-1,136,137,138,-1,138,137,139,-1,138,139,140,-1,140,139,141,-1,140,141,142,-1,142,141,143,-1,142,143,144,-1,144,143,145,-1,144,145,146,-1,146,145,147,-1,146,147,148,-1,148,147,149,-1,148,149,150,-1,150,149,151,-1,150,151,152,-1,152,151,153,-1,152,153,154,-1,154,153,155,-1,154,155,156,-1,156,155,157,-1,156,157,158,-1,158,157,159,-1,158,159,160,-1,160,159,161,-1,160,161,162,-1,162,161,163,-1,162,163,164,-1,164,163,165,-1,164,165,166,-1,166,165,167,-1,166,167,168,-1,168,167,169,-1,168,169,170,-1,170,169,136,-1,170,136,138,-1,144,146,171,-1,171,146,172,-1,173,138,140,-1,144,171,174,-1,144,174,142,-1,142,174,175,-1,142,175,140,-1,140,175,176,-1,140,176,173,-1,138,173,177,-1,138,177,170,-1,170,177,178,-1,170,178,168,-1,168,178,179,-1,168,179,166,-1,166,179,180,-1,166,180,164,-1,164,180,181,-1,164,181,162,-1,162,181,182,-1,162,182,160,-1,160,182,183,-1,160,183,158,-1,158,183,184,-1,158,184,156,-1,185,150,152,-1,156,184,186,-1,156,186,154,-1,154,186,187,-1,154,187,152,-1,152,187,188,-1,152,188,185,-1,148,150,189,-1,189,150,185,-1,146,148,172,-1,172,148,189,-1,151,149,190,-1,190,149,191,-1,149,147,191,-1,191,147,192,-1,147,145,192,-1,192,145,193,-1,137,194,195,-1,137,195,139,-1,139,195,196,-1,139,196,141,-1,141,196,197,-1,141,197,143,-1,143,197,193,-1,143,193,145,-1,165,198,199,-1,165,199,167,-1,167,199,200,-1,167,200,169,-1,169,200,201,-1,169,201,136,-1,136,201,194,-1,136,194,137,-1,157,202,203,-1,157,203,159,-1,159,203,204,-1,159,204,161,-1,161,204,205,-1,161,205,163,-1,163,205,198,-1,163,198,165,-1,151,190,206,-1,151,206,153,-1,153,206,207,-1,153,207,155,-1,155,207,202,-1,155,202,157,-1,
        ]
    }
}
Shape{
    appearance Appearance {
        material  Material 	{
            diffuseColor 0.25098039215686274 0.25098039215686274 0.25098039215686274
            specularColor 0.25098039215686274 0.25098039215686274 0.25098039215686274
            ambientIntensity 0.251
            transparency 0.0
            shininess 0.5
        }
    }
    geometry IndexedFaceSet {
        ccw TRUE
        solid FALSE
        coord DEF co Coordinate {
            point [
                0.2036 -1.7717 1.5761, 0.2036 -1.7717 1.4732, 0.2238 -1.7717 1.5761, 0.223 -1.7717 1.4732, 0.2414 -1.7717 1.4754, 0.2524 -1.7717 1.4796, 0.261 -1.7717 1.4856, 0.2626 -1.7717 1.4871, 0.2692 -1.7717 1.4951, 0.2738 -1.7717 1.505, 0.2769 -1.7717 1.5259, 0.2623 -1.7717 1.5635, 0.2532 -1.7717 1.5696, 0.275 -1.7717 1.5425, 0.2712 -1.7717 1.5523, 0.266 -1.7717 1.5598, 0.2764 -1.7717 1.5172, 0.2418 -1.7717 1.5739
            ]
        }
        coordIndex [
            0,1,2,-1,2,1,3,-1,3,4,2,-1,2,4,5,-1,2,5,6,-1,6,7,2,-1,2,7,8,-1,2,8,9,-1,10,11,12,-1,13,14,10,-1,10,14,15,-1,10,15,11,-1,9,16,2,-1,2,16,10,-1,2,10,17,-1,17,10,12,-1,
        ]
    }
}
Shape{
    appearance Appearance {
        material  Material 	{
            diffuseColor 1.0 1.0 1.0
            specularColor 0.5019607843137255 0.5019607843137255 0.5019607843137255
            ambientIntensity 1.0
            transparency 0.0
            shininess 0.5
        }
    }
    geometry IndexedFaceSet {
        ccw TRUE
        solid FALSE
        coord DEF co Coordinate {
            point [
                0.3397 -1.772 1.5095, 0.3343 -1.772 1.4945, 0.3845 -1.772 1.5095, 0.3899 -1.772 1.4945, 0.3597 -1.772 1.565, 0.3533 -1.772 1.5914, 0.3024 -1.772 1.458, 0.3215 -1.772 1.458, 0.3609 -1.772 1.569, 0.3619 -1.772 1.5744, 0.3717 -1.772 1.5914, 0.3623 -1.772 1.5744, 0.3634 -1.772 1.5687, 0.3644 -1.772 1.565, 0.4225 -1.772 1.458, 0.4035 -1.772 1.458, 0.3717 -1.7717 1.5914, 0.4225 -1.7717 1.458, 0.3533 -1.7717 1.5914, 0.3024 -1.7717 1.458, 0.3409 -1.7717 1.5589, 0.3215 -1.7717 1.458, 0.3343 -1.7717 1.4945, 0.3899 -1.7717 1.4945, 0.3409 -1.7717 1.4945, 0.4035 -1.7717 1.458, 0.3397 -1.7717 1.5095, 0.3845 -1.7717 1.5095, 0.3644 -1.7717 1.565, 0.3623 -1.7717 1.5744, 0.3634 -1.7717 1.5687, 0.3619 -1.7717 1.5744, 0.3597 -1.7717 1.565, 0.3609 -1.7717 1.569
            ]
        }
        coordIndex [
            0,1,2,-1,2,1,3,-1,4,5,0,-1,0,5,6,-1,0,6,1,-1,1,6,7,-1,4,8,5,-1,5,8,9,-1,5,9,10,-1,10,9,11,-1,10,11,12,-1,12,13,10,-1,10,13,2,-1,10,2,14,-1,14,2,3,-1,14,3,15,-1,10,14,16,-1,16,14,17,-1,5,10,18,-1,18,10,16,-1,19,6,20,-1,20,6,5,-1,20,5,18,-1,7,6,21,-1,21,6,19,-1,1,7,22,-1,22,7,21,-1,23,3,24,-1,24,3,1,-1,24,1,22,-1,15,3,25,-1,25,3,23,-1,14,15,17,-1,17,15,25,-1,0,2,26,-1,26,2,27,-1,2,13,27,-1,27,13,28,-1,11,29,30,-1,11,30,12,-1,12,30,28,-1,12,28,13,-1,11,9,29,-1,29,9,31,-1,4,32,33,-1,4,33,8,-1,8,33,31,-1,8,31,9,-1,4,0,32,-1,32,0,26,-1,
        ]
    }
}
Shape{
    appearance Appearance {
        material  Material 	{
            diffuseColor 0.25098039215686274 0.25098039215686274 0.25098039215686274
            specularColor 0.25098039215686274 0.25098039215686274 0.25098039215686274
            ambientIntensity 0.251
            transparency 0.0
            shininess 0.5
        }
    }
    geometry IndexedFaceSet {
        ccw TRUE
        solid FALSE
        coord DEF co Coordinate {
            point [
                0.3623 -1.7717 1.5744, 0.3619 -1.7717 1.5744, 0.3634 -1.7717 1.5687, 0.3609 -1.7717 1.569, 0.3644 -1.7717 1.565, 0.3597 -1.7717 1.565, 0.3845 -1.7717 1.5095, 0.3397 -1.7717 1.5095
            ]
        }
        coordIndex [
            0,1,2,-1,2,1,3,-1,2,3,4,-1,4,3,5,-1,4,5,6,-1,6,5,7,-1,
        ]
    }
}
Shape{
    appearance Appearance {
        material  Material 	{
            diffuseColor 1.0 1.0 1.0
            specularColor 0.5019607843137255 0.5019607843137255 0.5019607843137255
            ambientIntensity 1.0
            transparency 0.0
            shininess 0.5
        }
    }
    geometry IndexedFaceSet {
        ccw TRUE
        solid FALSE
        coord DEF co Coordinate {
            point [
                -0.0413 -1.772 1.2615, -0.0413 -1.772 1.2463, -0.0413 -1.7717 1.2615, -0.0413 -1.7717 1.2463, -0.0958 -1.772 1.2615, -0.0958 -1.7717 1.2615, -0.0958 -1.772 1.3064, -0.0958 -1.7717 1.3064, -0.0481 -1.772 1.3064, -0.0481 -1.7717 1.3064, -0.0481 -1.772 1.3216, -0.0481 -1.7717 1.3216, -0.0958 -1.772 1.3216, -0.0958 -1.7717 1.3216, -0.0958 -1.772 1.3644, -0.0958 -1.7717 1.3644, -0.0443 -1.772 1.3644, -0.0443 -1.7717 1.3644, -0.0443 -1.772 1.3797, -0.0443 -1.7717 1.3797, -0.1131 -1.772 1.3797, -0.1131 -1.7717 1.3797, -0.1131 -1.772 1.2463, -0.1131 -1.7717 1.2463, 0.0341 -1.772 1.261, 0.0346 -1.772 1.261, 0.0335 -1.772 1.2764, 0.0346 -1.772 1.2838, 0.0513 -1.772 1.3076, 0.0346 -1.772 1.2849, 0.0346 -1.772 1.2941, 0.0346 -1.772 1.2463, 0.0513 -1.772 1.2463, -0.0082 -1.772 1.2758, -0.0074 -1.772 1.2796, -0.0218 -1.772 1.287, 0.031 -1.772 1.2704, 0.0274 -1.772 1.2655, 0.0314 -1.772 1.2569, 0.0253 -1.772 1.2635, 0.0261 -1.772 1.2513, 0.0206 -1.772 1.2603, 0.0204 -1.772 1.2474, 0.0155 -1.772 1.2584, 0.0136 -1.772 1.245, 0.0093 -1.772 1.2577, 0.0049 -1.772 1.244, 0.0036 -1.772 1.2584, -0.0051 -1.772 1.2452, -0.0002 -1.772 1.2597, -0.0115 -1.772 1.2476, -0.0035 -1.772 1.262, -0.0171 -1.772 1.2515, -0.0049 -1.772 1.2634, -0.0185 -1.772 1.2918, -0.0059 -1.772 1.2827, -0.0133 -1.772 1.2962, -0.0039 -1.772 1.2852, -0.0061 -1.772 1.2999, -0.0018 -1.772 1.2868, 0.002 -1.772 1.2887, 0.0063 -1.772 1.3029, 0.0123 -1.772 1.2911, 0.0346 -1.772 1.3068, -0.0241 -1.772 1.2812, -0.0252 -1.772 1.274, -0.0083 -1.772 1.2731, -0.0253 -1.772 1.2718, -0.0079 -1.772 1.2693, -0.0245 -1.772 1.2642, -0.0068 -1.772 1.2663, -0.0224 -1.772 1.2585, -0.019 -1.772 1.2534, -0.016 -1.772 1.3349, -0.016 -1.772 1.3186, -0.0125 -1.772 1.3369, -0.0058 -1.772 1.3252, -0.0 -1.772 1.3417, 0.0046 -1.772 1.329, 0.0168 -1.772 1.3438, 0.0153 -1.772 1.3302, 0.0269 -1.772 1.3428, 0.0209 -1.772 1.3296, 0.034 -1.772 1.3407, 0.0248 -1.772 1.3282, 0.0395 -1.772 1.3375, 0.0278 -1.772 1.3263, 0.044 -1.772 1.3333, 0.0303 -1.772 1.3236, 0.0474 -1.772 1.3278, 0.0323 -1.772 1.3202, 0.05 -1.772 1.3202, 0.034 -1.772 1.3142, 0.0168 -1.7717 1.3438, -0.0 -1.7717 1.3417, -0.0125 -1.7717 1.3369, -0.016 -1.7717 1.3349, -0.016 -1.7717 1.3186, -0.0058 -1.7717 1.3252, 0.0046 -1.7717 1.329, 0.0153 -1.7717 1.3302, 0.0209 -1.7717 1.3296, 0.0248 -1.7717 1.3282, 0.0278 -1.7717 1.3263, 0.0303 -1.7717 1.3236, 0.0323 -1.7717 1.3202, 0.034 -1.7717 1.3142, 0.0346 -1.7717 1.3068, 0.0063 -1.7717 1.3029, -0.0061 -1.7717 1.2999, -0.0133 -1.7717 1.2962, -0.0185 -1.7717 1.2918, -0.0218 -1.7717 1.287, -0.0241 -1.7717 1.2812, -0.0252 -1.7717 1.274, -0.0253 -1.7717 1.2718, -0.0245 -1.7717 1.2642, -0.0224 -1.7717 1.2585, -0.019 -1.7717 1.2534, -0.0171 -1.7717 1.2515, 0.0049 -1.7717 1.244, -0.0048 -1.7717 1.2451, -0.0051 -1.7717 1.2452, -0.0115 -1.7717 1.2476, 0.0136 -1.7717 1.245, 0.014 -1.7717 1.2451, 0.0204 -1.7717 1.2474, 0.0261 -1.7717 1.2513, 0.0314 -1.7717 1.2569, 0.0341 -1.7717 1.261, 0.0346 -1.7717 1.261, 0.0346 -1.7717 1.2463, 0.0513 -1.7717 1.2463, 0.0513 -1.7717 1.3076, 0.05 -1.7717 1.3202, 0.0474 -1.7717 1.3278, 0.044 -1.7717 1.3333, 0.0395 -1.7717 1.3375, 0.034 -1.7717 1.3407, 0.0269 -1.7717 1.3428, -0.0039 -1.7717 1.2852, -0.0018 -1.7717 1.2868, 0.002 -1.7717 1.2887, 0.0123 -1.7717 1.2911, -0.0083 -1.7717 1.2731, -0.0082 -1.7717 1.2758, -0.0074 -1.7717 1.2796, -0.0059 -1.7717 1.2827, -0.0035 -1.7717 1.262, -0.0049 -1.7717 1.2634, -0.0068 -1.7717 1.2663, -0.0079 -1.7717 1.2693, 0.0093 -1.7717 1.2577, 0.0036 -1.7717 1.2584, -0.0002 -1.7717 1.2597, 0.0274 -1.7717 1.2655, 0.0253 -1.7717 1.2635, 0.0206 -1.7717 1.2603, 0.0155 -1.7717 1.2584, 0.0346 -1.7717 1.2849, 0.0346 -1.7717 1.2838, 0.0335 -1.7717 1.2764, 0.031 -1.7717 1.2704, 0.0346 -1.7717 1.2941
            ]
        }
        coordIndex [
            0,1,2,-1,2,1,3,-1,4,0,5,-1,5,0,2,-1,6,4,7,-1,7,4,5,-1,8,6,9,-1,9,6,7,-1,10,8,11,-1,11,8,9,-1,12,10,13,-1,13,10,11,-1,14,12,15,-1,15,12,13,-1,16,14,17,-1,17,14,15,-1,18,16,19,-1,19,16,17,-1,20,18,21,-1,21,18,19,-1,22,20,23,-1,23,20,21,-1,1,22,3,-1,3,22,23,-1,22,1,0,-1,0,4,22,-1,22,4,6,-1,22,6,20,-1,16,18,14,-1,14,18,20,-1,14,20,12,-1,12,20,6,-1,12,6,10,-1,10,6,8,-1,24,25,26,-1,27,28,29,-1,29,28,30,-1,31,32,25,-1,25,32,28,-1,25,28,26,-1,26,28,27,-1,33,34,35,-1,26,36,24,-1,24,36,37,-1,24,37,38,-1,38,37,39,-1,38,39,40,-1,40,39,41,-1,40,41,42,-1,42,41,43,-1,42,43,44,-1,44,43,45,-1,44,45,46,-1,46,45,47,-1,46,47,48,-1,48,47,49,-1,48,49,50,-1,50,49,51,-1,50,51,52,-1,52,51,53,-1,35,34,54,-1,54,34,55,-1,54,55,56,-1,56,55,57,-1,56,57,58,-1,57,59,58,-1,58,59,60,-1,58,60,61,-1,61,60,62,-1,61,62,63,-1,35,64,33,-1,33,64,65,-1,33,65,66,-1,66,65,67,-1,66,67,68,-1,68,67,69,-1,68,69,70,-1,70,69,71,-1,70,71,53,-1,53,71,72,-1,53,72,52,-1,73,74,75,-1,75,74,76,-1,75,76,77,-1,77,76,78,-1,77,78,79,-1,79,78,80,-1,79,80,81,-1,81,80,82,-1,81,82,83,-1,83,82,84,-1,83,84,85,-1,85,84,86,-1,85,86,87,-1,87,86,88,-1,87,88,89,-1,89,88,90,-1,89,90,91,-1,91,90,92,-1,91,92,28,-1,28,92,63,-1,28,63,30,-1,30,63,62,-1,79,93,94,-1,79,94,77,-1,77,94,95,-1,77,95,75,-1,75,95,96,-1,75,96,73,-1,74,73,97,-1,97,73,96,-1,74,97,98,-1,74,98,76,-1,76,98,99,-1,76,99,78,-1,78,99,100,-1,78,100,80,-1,80,100,101,-1,80,101,82,-1,82,101,102,-1,82,102,84,-1,84,102,103,-1,84,103,86,-1,86,103,104,-1,86,104,88,-1,88,104,105,-1,88,105,90,-1,90,105,106,-1,90,106,92,-1,92,106,107,-1,92,107,63,-1,61,63,108,-1,108,63,107,-1,61,108,109,-1,61,109,58,-1,58,109,110,-1,58,110,56,-1,56,110,111,-1,56,111,54,-1,54,111,112,-1,54,112,35,-1,35,112,113,-1,35,113,64,-1,64,113,114,-1,64,114,65,-1,65,114,115,-1,65,115,67,-1,67,115,116,-1,67,116,69,-1,69,116,117,-1,69,117,71,-1,71,117,118,-1,71,118,72,-1,72,118,119,-1,72,119,52,-1,120,46,121,-1,121,46,48,-1,121,48,122,-1,122,48,50,-1,122,50,123,-1,123,50,52,-1,123,52,119,-1,46,120,124,-1,46,124,44,-1,44,124,125,-1,44,125,42,-1,125,126,42,-1,42,126,127,-1,42,127,40,-1,40,127,128,-1,40,128,38,-1,38,128,129,-1,38,129,24,-1,25,24,130,-1,130,24,129,-1,31,25,131,-1,131,25,130,-1,32,31,132,-1,132,31,131,-1,28,32,133,-1,133,32,132,-1,28,133,134,-1,28,134,91,-1,91,134,135,-1,91,135,89,-1,89,135,136,-1,89,136,87,-1,87,136,137,-1,87,137,85,-1,85,137,138,-1,85,138,83,-1,83,138,139,-1,83,139,81,-1,81,139,93,-1,81,93,79,-1,57,140,141,-1,57,141,59,-1,59,141,142,-1,59,142,60,-1,60,142,143,-1,60,143,62,-1,66,144,145,-1,66,145,33,-1,33,145,146,-1,33,146,34,-1,34,146,147,-1,34,147,55,-1,55,147,140,-1,55,140,57,-1,51,148,149,-1,51,149,53,-1,53,149,150,-1,53,150,70,-1,70,150,151,-1,70,151,68,-1,68,151,144,-1,68,144,66,-1,45,152,153,-1,45,153,47,-1,47,153,154,-1,47,154,49,-1,49,154,148,-1,49,148,51,-1,37,155,156,-1,37,156,39,-1,39,156,157,-1,39,157,41,-1,41,157,158,-1,41,158,43,-1,43,158,152,-1,43,152,45,-1,29,159,160,-1,29,160,27,-1,27,160,161,-1,27,161,26,-1,26,161,162,-1,26,162,36,-1,36,162,155,-1,36,155,37,-1,29,30,159,-1,159,30,163,-1,30,62,163,-1,163,62,143,-1,
        ]
    }
}
Shape{
    appearance Appearance {
        material  Material 	{
            diffuseColor 0.25098039215686274 0.25098039215686274 0.25098039215686274
            specularColor 0.25098039215686274 0.25098039215686274 0.25098039215686274
            ambientIntensity 0.251
            transparency 0.0
            shininess 0.5
        }
    }
    geometry IndexedFaceSet {
        ccw TRUE
        solid FALSE
        coord DEF co Coordinate {
            point [
                0.0346 -1.7717 1.2838, 0.0346 -1.7717 1.2849, -0.0039 -1.7717 1.2852, 0.0346 -1.7717 1.2941, 0.0123 -1.7717 1.2911, 0.002 -1.7717 1.2887, -0.0018 -1.7717 1.2868, 0.0335 -1.7717 1.2764, -0.0059 -1.7717 1.2827, 0.031 -1.7717 1.2704, -0.0049 -1.7717 1.2634, -0.0035 -1.7717 1.262, 0.0253 -1.7717 1.2635, -0.0068 -1.7717 1.2663, 0.0206 -1.7717 1.2603, 0.0155 -1.7717 1.2584, 0.0093 -1.7717 1.2577, -0.0074 -1.7717 1.2796, -0.0082 -1.7717 1.2758, 0.0274 -1.7717 1.2655, -0.0083 -1.7717 1.2731, -0.0079 -1.7717 1.2693, -0.0002 -1.7717 1.2597, 0.0036 -1.7717 1.2584
            ]
        }
        coordIndex [
            0,1,2,-1,1,3,4,-1,4,5,1,-1,1,5,6,-1,1,6,2,-1,0,2,7,-1,7,2,8,-1,7,8,9,-1,10,11,12,-1,10,12,13,-1,14,12,15,-1,15,12,16,-1,8,17,9,-1,9,17,18,-1,9,18,19,-1,19,18,20,-1,19,20,12,-1,12,20,21,-1,12,21,13,-1,11,22,12,-1,12,22,23,-1,12,23,16,-1,
        ]
    }
}
Shape{
    appearance Appearance {
        material  Material 	{
            diffuseColor 1.0 1.0 1.0
            specularColor 0.5019607843137255 0.5019607843137255 0.5019607843137255
            ambientIntensity 1.0
            transparency 0.0
            shininess 0.5
        }
    }
    geometry IndexedFaceSet {
        ccw TRUE
        solid FALSE
        coord DEF co Coordinate {
            point [
                0.0739 -1.7717 1.2669, 0.0739 -1.772 1.2669, 0.0803 -1.772 1.2629, 0.1014 -1.772 1.2577, 0.1014 -1.7717 1.2577, 0.0908 -1.7717 1.2589, 0.0908 -1.772 1.2589, 0.0817 -1.7717 1.2624, 0.0803 -1.7717 1.2629, 0.0739 -1.772 1.2496, 0.0739 -1.7717 1.2496, 0.0845 -1.772 1.2458, 0.0817 -1.7717 1.2468, 0.0998 -1.7717 1.244, 0.0998 -1.772 1.244, 0.09 -1.7717 1.2451, 0.0845 -1.7717 1.2458, 0.1128 -1.772 1.2453, 0.1112 -1.7717 1.2451, 0.1128 -1.7717 1.2453, 0.1221 -1.7717 1.2484, 0.1221 -1.772 1.2484, 0.1276 -1.7717 1.2516, 0.1276 -1.772 1.2516, 0.1323 -1.7717 1.2558, 0.1323 -1.772 1.2558, 0.1355 -1.7717 1.2602, 0.1355 -1.772 1.2602, 0.1375 -1.7717 1.2655, 0.1375 -1.772 1.2655, 0.1383 -1.7717 1.2722, 0.1383 -1.772 1.2722, 0.1376 -1.7717 1.2784, 0.1376 -1.772 1.2784, 0.1358 -1.7717 1.2833, 0.1358 -1.772 1.2833, 0.1327 -1.7717 1.2879, 0.1327 -1.772 1.2879, 0.1287 -1.7717 1.2915, 0.1287 -1.772 1.2915, 0.1176 -1.7717 1.2977, 0.1176 -1.772 1.2977, 0.1112 -1.7717 1.3003, 0.1112 -1.772 1.3003, 0.1008 -1.7717 1.3048, 0.1008 -1.772 1.3048, 0.0949 -1.7717 1.3085, 0.0949 -1.772 1.3085, 0.0933 -1.7717 1.3103, 0.0933 -1.772 1.3103, 0.0921 -1.7717 1.3125, 0.0921 -1.772 1.3125, 0.0914 -1.7717 1.3151, 0.0914 -1.772 1.3151, 0.0913 -1.7717 1.3174, 0.0913 -1.772 1.3174, 0.0916 -1.7717 1.32, 0.0916 -1.772 1.32, 0.0924 -1.7717 1.3223, 0.0924 -1.772 1.3223, 0.0938 -1.7717 1.3244, 0.0938 -1.772 1.3244, 0.0963 -1.7717 1.3266, 0.0963 -1.772 1.3266, 0.1001 -1.7717 1.3286, 0.1001 -1.772 1.3286, 0.1046 -1.7717 1.3298, 0.1046 -1.772 1.3298, 0.1095 -1.7717 1.3302, 0.1095 -1.772 1.3302, 0.1205 -1.7717 1.3289, 0.1205 -1.772 1.3289, 0.13 -1.7717 1.3255, 0.13 -1.772 1.3255, 0.1337 -1.7717 1.3233, 0.1337 -1.772 1.3233, 0.1337 -1.772 1.3395, 0.1337 -1.7717 1.3395, 0.1226 -1.7717 1.3428, 0.1226 -1.772 1.3428, 0.1112 -1.7717 1.3438, 0.1112 -1.772 1.3438, 0.0991 -1.7717 1.3425, 0.0991 -1.772 1.3425, 0.0899 -1.7717 1.3392, 0.0899 -1.772 1.3392, 0.0847 -1.7717 1.3362, 0.0847 -1.772 1.3362, 0.0798 -1.772 1.3317, 0.0817 -1.7717 1.3334, 0.0798 -1.7717 1.3317, 0.0767 -1.7717 1.3272, 0.0767 -1.772 1.3272, 0.0747 -1.7717 1.3218, 0.0747 -1.772 1.3218, 0.074 -1.7717 1.3158, 0.074 -1.772 1.3158, 0.0748 -1.7717 1.3094, 0.0748 -1.772 1.3094, 0.0766 -1.7717 1.3043, 0.0766 -1.772 1.3043, 0.0788 -1.7717 1.3008, 0.0788 -1.772 1.3008, 0.0993 -1.7717 1.2881, 0.0993 -1.772 1.2881, 0.0894 -1.772 1.2927, 0.0815 -1.7717 1.2979, 0.0815 -1.772 1.2979, 0.0817 -1.7717 1.2978, 0.0894 -1.7717 1.2927, 0.1103 -1.7717 1.2836, 0.1103 -1.772 1.2836, 0.1168 -1.7717 1.2796, 0.1168 -1.772 1.2796, 0.1189 -1.7717 1.2775, 0.1189 -1.772 1.2775, 0.1202 -1.7717 1.2752, 0.1202 -1.772 1.2752, 0.121 -1.7717 1.2726, 0.121 -1.772 1.2726, 0.1211 -1.7717 1.2705, 0.1211 -1.772 1.2705, 0.1208 -1.7717 1.2674, 0.1208 -1.772 1.2674, 0.12 -1.7717 1.265, 0.12 -1.772 1.265, 0.1185 -1.7717 1.2628, 0.1185 -1.772 1.2628, 0.1166 -1.7717 1.2611, 0.1166 -1.772 1.2611, 0.115 -1.7717 1.2602, 0.115 -1.772 1.2602, 0.1107 -1.7717 1.2586, 0.1107 -1.772 1.2586, 0.1022 -1.7717 1.2577, 0.1022 -1.772 1.2577, 0.2212 -1.772 1.3416, 0.2385 -1.772 1.3416, 0.2212 -1.7717 1.3416, 0.2385 -1.7717 1.3416, 0.1951 -1.772 1.2698, 0.1951 -1.7717 1.2698, 0.1939 -1.7717 1.2654, 0.1939 -1.772 1.2654, 0.1931 -1.7717 1.2621, 0.1931 -1.772 1.2621, 0.1926 -1.772 1.2621, 0.1926 -1.7717 1.2621, 0.1906 -1.772 1.2699, 0.1906 -1.7717 1.2699, 0.1657 -1.7717 1.3416, 0.1657 -1.772 1.3416, 0.1738 -1.7717 1.3184, 0.147 -1.772 1.3416, 0.147 -1.7717 1.3416, 0.1844 -1.7717 1.2465, 0.1844 -1.772 1.2465, 0.1738 -1.7717 1.2735, 0.1771 -1.7717 1.2291, 0.1771 -1.772 1.2291, 0.1838 -1.7717 1.2451, 0.1738 -1.7717 1.2231, 0.1738 -1.772 1.2231, 0.1738 -1.7717 1.2231, 0.1706 -1.7717 1.2196, 0.1706 -1.772 1.2196, 0.1677 -1.7717 1.2176, 0.1677 -1.772 1.2176, 0.1641 -1.7717 1.2162, 0.1641 -1.772 1.2162, 0.1599 -1.7717 1.2157, 0.1599 -1.772 1.2157, 0.1539 -1.7717 1.2165, 0.1539 -1.772 1.2165, 0.1504 -1.7717 1.2176, 0.1504 -1.772 1.2176, 0.1504 -1.772 1.2027, 0.1504 -1.7717 1.2027, 0.1575 -1.7717 1.2015, 0.1575 -1.772 1.2015, 0.1612 -1.7717 1.2014, 0.1612 -1.772 1.2014, 0.168 -1.7717 1.2021, 0.1738 -1.7717 1.2043, 0.1746 -1.772 1.2047, 0.168 -1.772 1.2021, 0.1746 -1.7717 1.2047, 0.1804 -1.7717 1.2087, 0.1804 -1.772 1.2087, 0.1816 -1.7717 1.2098, 0.1816 -1.772 1.2098, 0.1877 -1.7717 1.2171, 0.1877 -1.772 1.2171, 0.1952 -1.7717 1.2319, 0.1952 -1.772 1.2319, 0.2005 -1.7717 1.2451, 0.3283 -1.772 1.2615, 0.3283 -1.772 1.2463, 0.3283 -1.7717 1.2615, 0.3283 -1.7717 1.2463, 0.2737 -1.7717 1.2615, 0.2737 -1.772 1.2615, 0.2987 -1.7717 1.2615, 0.2737 -1.772 1.3064, 0.2737 -1.7717 1.3064, 0.3215 -1.7717 1.3064, 0.3215 -1.772 1.3064, 0.2987 -1.7717 1.3064, 0.3215 -1.772 1.3216, 0.3215 -1.7717 1.3216, 0.2737 -1.7717 1.3216, 0.2737 -1.772 1.3216, 0.2987 -1.7717 1.3216, 0.2737 -1.772 1.3644, 0.2737 -1.7717 1.3644, 0.3252 -1.7717 1.3644, 0.3252 -1.772 1.3644, 0.2987 -1.7717 1.3644, 0.3252 -1.772 1.3797, 0.3252 -1.7717 1.3797, 0.2565 -1.7717 1.3797, 0.2565 -1.772 1.3797, 0.2987 -1.7717 1.3797, 0.2565 -1.772 1.2463, 0.2565 -1.7717 1.2463, 0.2987 -1.7717 1.2463, 0.4363 -1.772 1.2834, 0.4298 -1.772 1.2754, 0.442 -1.772 1.265, 0.4282 -1.772 1.2739, 0.428 -1.772 1.2549, 0.4195 -1.772 1.2679, 0.4128 -1.772 1.249, 0.4085 -1.772 1.2637, 0.3902 -1.772 1.2463, 0.3901 -1.772 1.2615, 0.3535 -1.772 1.2463, 0.3707 -1.772 1.2615, 0.3535 -1.772 1.3797, 0.3707 -1.772 1.3644, 0.3916 -1.772 1.3797, 0.3909 -1.772 1.3644, 0.4119 -1.772 1.3775, 0.4089 -1.772 1.3622, 0.428 -1.772 1.3716, 0.4204 -1.772 1.3579, 0.442 -1.772 1.362, 0.4294 -1.772 1.3518, 0.4468 -1.772 1.3574, 0.4332 -1.772 1.3481, 0.455 -1.772 1.3457, 0.4383 -1.772 1.3406, 0.4599 -1.772 1.333, 0.4421 -1.772 1.3308, 0.4621 -1.772 1.3147, 0.444 -1.772 1.3142, 0.4617 -1.772 1.3062, 0.4436 -1.772 1.3055, 0.4585 -1.772 1.2906, 0.4409 -1.772 1.2933, 0.4519 -1.772 1.2768, 0.3902 -1.7717 1.2463, 0.3535 -1.7717 1.2463, 0.4128 -1.7717 1.249, 0.428 -1.7717 1.2549, 0.442 -1.7717 1.265, 0.4519 -1.7717 1.2768, 0.4585 -1.7717 1.2906, 0.4617 -1.7717 1.3062, 0.4621 -1.7717 1.3147, 0.4599 -1.7717 1.333, 0.455 -1.7717 1.3457, 0.4468 -1.7717 1.3574, 0.442 -1.7717 1.362, 0.428 -1.7717 1.3716, 0.4119 -1.7717 1.3775, 0.3916 -1.7717 1.3797, 0.3535 -1.7717 1.3797, 0.3909 -1.7717 1.3644, 0.3707 -1.7717 1.3644, 0.3707 -1.7717 1.2615, 0.3901 -1.7717 1.2615, 0.4298 -1.7717 1.2754, 0.4282 -1.7717 1.2739, 0.4195 -1.7717 1.2679, 0.4085 -1.7717 1.2637, 0.444 -1.7717 1.3142, 0.4436 -1.7717 1.3055, 0.4409 -1.7717 1.2933, 0.4363 -1.7717 1.2834, 0.4294 -1.7717 1.3518, 0.4332 -1.7717 1.3481, 0.4383 -1.7717 1.3406, 0.4421 -1.7717 1.3308, 0.4089 -1.7717 1.3622, 0.4204 -1.7717 1.3579
            ]
        }
        coordIndex [
            0,1,2,-1,3,4,5,-1,3,5,6,-1,6,5,7,-1,6,7,2,-1,2,7,8,-1,2,8,0,-1,9,1,10,-1,10,1,0,-1,11,9,12,-1,12,9,10,-1,13,14,15,-1,15,14,11,-1,15,11,16,-1,16,11,12,-1,17,14,18,-1,18,14,13,-1,18,19,17,-1,17,19,20,-1,17,20,21,-1,21,20,22,-1,21,22,23,-1,23,22,24,-1,23,24,25,-1,25,24,26,-1,25,26,27,-1,27,26,28,-1,27,28,29,-1,29,28,30,-1,29,30,31,-1,31,30,32,-1,31,32,33,-1,33,32,34,-1,33,34,35,-1,35,34,36,-1,35,36,37,-1,37,36,38,-1,37,38,39,-1,39,38,40,-1,39,40,41,-1,41,40,42,-1,41,42,43,-1,43,42,44,-1,43,44,45,-1,45,44,46,-1,45,46,47,-1,47,46,48,-1,47,48,49,-1,49,48,50,-1,49,50,51,-1,51,50,52,-1,51,52,53,-1,53,52,54,-1,53,54,55,-1,55,54,56,-1,55,56,57,-1,57,56,58,-1,57,58,59,-1,59,58,60,-1,59,60,61,-1,61,60,62,-1,61,62,63,-1,63,62,64,-1,63,64,65,-1,65,64,66,-1,65,66,67,-1,67,66,68,-1,67,68,69,-1,69,68,70,-1,69,70,71,-1,71,70,72,-1,71,72,73,-1,73,72,74,-1,73,74,75,-1,76,75,77,-1,77,75,74,-1,76,77,78,-1,76,78,79,-1,79,78,80,-1,79,80,81,-1,81,80,82,-1,81,82,83,-1,83,82,84,-1,83,84,85,-1,85,84,86,-1,85,86,87,-1,88,87,89,-1,89,87,86,-1,89,90,88,-1,88,90,91,-1,88,91,92,-1,92,91,93,-1,92,93,94,-1,94,93,95,-1,94,95,96,-1,96,95,97,-1,96,97,98,-1,98,97,99,-1,98,99,100,-1,100,99,101,-1,100,101,102,-1,103,104,105,-1,102,101,106,-1,102,106,107,-1,107,106,108,-1,107,108,105,-1,105,108,109,-1,105,109,103,-1,104,103,110,-1,104,110,111,-1,111,110,112,-1,111,112,113,-1,113,112,114,-1,113,114,115,-1,115,114,116,-1,115,116,117,-1,117,116,118,-1,117,118,119,-1,119,118,120,-1,119,120,121,-1,121,120,122,-1,121,122,123,-1,123,122,124,-1,123,124,125,-1,125,124,126,-1,125,126,127,-1,127,126,128,-1,127,128,129,-1,129,128,130,-1,129,130,131,-1,131,130,132,-1,131,132,133,-1,133,132,134,-1,133,134,135,-1,135,134,4,-1,135,4,3,-1,61,63,85,-1,85,63,83,-1,45,104,43,-1,43,104,111,-1,43,111,41,-1,14,3,11,-1,11,3,6,-1,11,6,9,-1,9,6,2,-1,9,2,1,-1,63,65,83,-1,83,65,67,-1,83,67,81,-1,81,67,69,-1,81,69,79,-1,79,69,71,-1,79,71,76,-1,76,71,73,-1,76,73,75,-1,41,111,39,-1,39,111,113,-1,39,113,37,-1,37,113,115,-1,37,115,35,-1,35,115,117,-1,35,117,33,-1,33,117,119,-1,33,119,31,-1,31,119,121,-1,31,121,29,-1,29,121,123,-1,29,123,27,-1,27,123,125,-1,27,125,25,-1,25,125,127,-1,25,127,23,-1,23,127,129,-1,23,129,21,-1,21,129,131,-1,21,131,17,-1,17,131,133,-1,17,133,14,-1,14,133,135,-1,14,135,3,-1,85,87,61,-1,61,87,88,-1,61,88,59,-1,59,88,92,-1,59,92,57,-1,57,92,94,-1,57,94,55,-1,55,94,96,-1,55,96,53,-1,53,96,98,-1,53,98,51,-1,51,98,100,-1,51,100,49,-1,49,100,102,-1,49,102,47,-1,47,102,107,-1,47,107,45,-1,45,107,105,-1,45,105,104,-1,136,137,138,-1,138,137,139,-1,140,136,141,-1,141,136,138,-1,140,141,142,-1,140,142,143,-1,143,142,144,-1,143,144,145,-1,146,145,147,-1,147,145,144,-1,148,146,149,-1,149,146,147,-1,150,151,152,-1,152,151,148,-1,152,148,149,-1,153,151,154,-1,154,151,150,-1,155,156,157,-1,157,156,153,-1,157,153,154,-1,158,159,160,-1,160,159,156,-1,160,156,155,-1,158,161,159,-1,159,161,162,-1,161,163,162,-1,162,163,164,-1,162,164,165,-1,165,164,166,-1,165,166,167,-1,167,166,168,-1,167,168,169,-1,169,168,170,-1,169,170,171,-1,171,170,172,-1,171,172,173,-1,173,172,174,-1,173,174,175,-1,176,175,177,-1,177,175,174,-1,176,177,178,-1,176,178,179,-1,179,178,180,-1,179,180,181,-1,181,180,182,-1,183,184,182,-1,182,184,185,-1,182,185,181,-1,183,186,184,-1,184,186,187,-1,184,187,188,-1,188,187,189,-1,188,189,190,-1,190,189,191,-1,190,191,192,-1,192,191,193,-1,192,193,194,-1,139,137,195,-1,195,137,194,-1,195,194,193,-1,143,145,194,-1,137,136,194,-1,194,136,140,-1,194,140,143,-1,151,153,148,-1,148,153,156,-1,148,156,146,-1,175,176,173,-1,173,176,179,-1,173,179,171,-1,171,179,181,-1,171,181,169,-1,169,181,185,-1,169,185,167,-1,167,185,184,-1,167,184,165,-1,145,146,194,-1,194,146,156,-1,194,156,192,-1,156,159,192,-1,192,159,162,-1,192,162,190,-1,190,162,165,-1,190,165,188,-1,188,165,184,-1,196,197,198,-1,198,197,199,-1,200,201,202,-1,202,201,196,-1,202,196,198,-1,203,201,204,-1,204,201,200,-1,205,206,207,-1,207,206,203,-1,207,203,204,-1,208,206,209,-1,209,206,205,-1,210,211,212,-1,212,211,208,-1,212,208,209,-1,213,211,214,-1,214,211,210,-1,215,216,217,-1,217,216,213,-1,217,213,214,-1,218,216,219,-1,219,216,215,-1,220,221,222,-1,222,221,218,-1,222,218,219,-1,223,221,224,-1,224,221,220,-1,199,197,225,-1,225,197,223,-1,225,223,224,-1,223,197,196,-1,196,201,223,-1,223,201,203,-1,223,203,221,-1,216,218,213,-1,213,218,221,-1,213,221,211,-1,211,221,203,-1,211,203,208,-1,208,203,206,-1,226,227,228,-1,228,227,229,-1,228,229,230,-1,230,229,231,-1,230,231,232,-1,232,231,233,-1,232,233,234,-1,234,233,235,-1,234,235,236,-1,236,235,237,-1,236,237,238,-1,238,237,239,-1,238,239,240,-1,240,239,241,-1,240,241,242,-1,242,241,243,-1,242,243,244,-1,244,243,245,-1,244,245,246,-1,246,245,247,-1,246,247,248,-1,248,247,249,-1,248,249,250,-1,250,249,251,-1,250,251,252,-1,252,251,253,-1,252,253,254,-1,254,253,255,-1,254,255,256,-1,256,255,257,-1,256,257,258,-1,258,257,259,-1,258,259,260,-1,260,259,226,-1,260,226,228,-1,234,236,261,-1,261,236,262,-1,234,261,263,-1,234,263,232,-1,232,263,264,-1,232,264,230,-1,230,264,265,-1,230,265,228,-1,228,265,266,-1,228,266,260,-1,260,266,267,-1,260,267,258,-1,258,267,268,-1,258,268,256,-1,256,268,269,-1,256,269,254,-1,254,269,270,-1,254,270,252,-1,252,270,271,-1,252,271,250,-1,250,271,272,-1,250,272,248,-1,248,272,273,-1,248,273,246,-1,246,273,274,-1,246,274,244,-1,244,274,275,-1,244,275,242,-1,242,275,276,-1,242,276,240,-1,238,240,277,-1,277,240,276,-1,236,238,262,-1,262,238,277,-1,241,239,278,-1,278,239,279,-1,239,237,279,-1,279,237,280,-1,237,235,280,-1,280,235,281,-1,227,282,283,-1,227,283,229,-1,229,283,284,-1,229,284,231,-1,231,284,285,-1,231,285,233,-1,233,285,281,-1,233,281,235,-1,255,286,287,-1,255,287,257,-1,257,287,288,-1,257,288,259,-1,259,288,289,-1,259,289,226,-1,226,289,282,-1,226,282,227,-1,247,290,291,-1,247,291,249,-1,249,291,292,-1,249,292,251,-1,251,292,293,-1,251,293,253,-1,253,293,286,-1,253,286,255,-1,241,278,294,-1,241,294,243,-1,243,294,295,-1,243,295,245,-1,245,295,290,-1,245,290,247,-1,
        ]
    }
}
Shape{
    appearance Appearance {
        material  Material 	{
            diffuseColor 0.25098039215686274 0.25098039215686274 0.25098039215686274
            specularColor 0.25098039215686274 0.25098039215686274 0.25098039215686274
            ambientIntensity 0.251
            transparency 0.0
            shininess 0.5
        }
    }
    geometry IndexedFaceSet {
        ccw TRUE
        solid FALSE
        coord DEF co Coordinate {
            point [
                0.3707 -1.7717 1.3644, 0.3707 -1.7717 1.2615, 0.3909 -1.7717 1.3644, 0.3901 -1.7717 1.2615, 0.4085 -1.7717 1.2637, 0.4195 -1.7717 1.2679, 0.4282 -1.7717 1.2739, 0.4298 -1.7717 1.2754, 0.4363 -1.7717 1.2834, 0.4409 -1.7717 1.2933, 0.444 -1.7717 1.3142, 0.4294 -1.7717 1.3518, 0.4204 -1.7717 1.3579, 0.4421 -1.7717 1.3308, 0.4383 -1.7717 1.3406, 0.4332 -1.7717 1.3481, 0.4436 -1.7717 1.3055, 0.4089 -1.7717 1.3622
            ]
        }
        coordIndex [
            0,1,2,-1,2,1,3,-1,3,4,2,-1,2,4,5,-1,2,5,6,-1,6,7,2,-1,2,7,8,-1,2,8,9,-1,10,11,12,-1,13,14,10,-1,10,14,15,-1,10,15,11,-1,9,16,2,-1,2,16,10,-1,2,10,17,-1,17,10,12,-1,
        ]
    }
}
Shape{
    appearance Appearance {
        material  Material 	{
            diffuseColor 1.0 1.0 1.0
            specularColor 0.5019607843137255 0.5019607843137255 0.5019607843137255
            ambientIntensity 1.0
            transparency 0.0
            shininess 0.5
        }
    }
    geometry IndexedFaceSet {
        ccw TRUE
        solid FALSE
        coord DEF co Coordinate {
            point [
                0.5069 -1.772 1.2978, 0.5014 -1.772 1.2828, 0.5517 -1.772 1.2978, 0.557 -1.772 1.2828, 0.5268 -1.772 1.3533, 0.5204 -1.772 1.3797, 0.4695 -1.772 1.2463, 0.4886 -1.772 1.2463, 0.528 -1.772 1.3573, 0.529 -1.772 1.3627, 0.5388 -1.772 1.3797, 0.5294 -1.772 1.3627, 0.5305 -1.772 1.357, 0.5315 -1.772 1.3533, 0.5896 -1.772 1.2463, 0.5706 -1.772 1.2463, 0.5388 -1.7717 1.3797, 0.5896 -1.7717 1.2463, 0.5204 -1.7717 1.3797, 0.4695 -1.7717 1.2463, 0.4886 -1.7717 1.2463, 0.5014 -1.7717 1.2828, 0.557 -1.7717 1.2828, 0.5706 -1.7717 1.2463, 0.5069 -1.7717 1.2978, 0.5517 -1.7717 1.2978, 0.5315 -1.7717 1.3533, 0.5294 -1.7717 1.3627, 0.5305 -1.7717 1.357, 0.529 -1.7717 1.3627, 0.5268 -1.7717 1.3533, 0.528 -1.7717 1.3573
            ]
        }
        coordIndex [
            0,1,2,-1,2,1,3,-1,4,5,0,-1,0,5,6,-1,0,6,1,-1,1,6,7,-1,4,8,5,-1,5,8,9,-1,5,9,10,-1,10,9,11,-1,10,11,12,-1,12,13,10,-1,10,13,2,-1,10,2,14,-1,14,2,3,-1,14,3,15,-1,10,14,16,-1,16,14,17,-1,5,10,18,-1,18,10,16,-1,6,5,19,-1,19,5,18,-1,7,6,20,-1,20,6,19,-1,1,7,21,-1,21,7,20,-1,3,1,22,-1,22,1,21,-1,15,3,23,-1,23,3,22,-1,14,15,17,-1,17,15,23,-1,0,2,24,-1,24,2,25,-1,2,13,25,-1,25,13,26,-1,11,27,28,-1,11,28,12,-1,12,28,26,-1,12,26,13,-1,11,9,27,-1,27,9,29,-1,4,30,31,-1,4,31,8,-1,8,31,29,-1,8,29,9,-1,4,0,30,-1,30,0,24,-1,
        ]
    }
}
Shape{
    appearance Appearance {
        material  Material 	{
            diffuseColor 0.25098039215686274 0.25098039215686274 0.25098039215686274
            specularColor 0.25098039215686274 0.25098039215686274 0.25098039215686274
            ambientIntensity 0.251
            transparency 0.0
            shininess 0.5
        }
    }
    geometry IndexedFaceSet {
        ccw TRUE
        solid FALSE
        coord DEF co Coordinate {
            point [
                0.5294 -1.7717 1.3627, 0.529 -1.7717 1.3627, 0.5305 -1.7717 1.357, 0.528 -1.7717 1.3573, 0.5315 -1.7717 1.3533, 0.5268 -1.7717 1.3533, 0.5517 -1.7717 1.2978, 0.5069 -1.7717 1.2978
            ]
        }
        coordIndex [
            0,1,2,-1,2,1,3,-1,2,3,4,-1,4,3,5,-1,4,5,6,-1,6,5,7,-1,
        ]
    }
}
Shape{
    appearance Appearance {
        material  Material 	{
            diffuseColor 1.0 1.0 1.0
            specularColor 0.5019607843137255 0.5019607843137255 0.5019607843137255
            ambientIntensity 1.0
            transparency 0.0
            shininess 0.5
        }
    }
    geometry IndexedFaceSet {
        ccw TRUE
        solid FALSE
        coord DEF co Coordinate {
            point [
                -0.7275 -1.772 1.4761, -0.7064 -1.772 1.4874, -0.7114 -1.772 1.5457, -0.5442 -1.772 1.2236, -0.533 -1.772 1.2447, -0.5274 -1.772 1.2682, -0.6522 -1.772 1.5485, -0.6228 -1.772 1.4792, -0.6083 -1.772 1.5092, -0.6579 -1.772 1.2655, -0.6597 -1.772 1.2744, -0.711 -1.772 1.3113, -0.712 -1.772 1.2477, -0.7239 -1.772 1.2513, -0.7317 -1.772 1.324, -0.674 -1.772 1.5504, -0.3941 -1.772 1.3578, -0.4235 -1.772 1.408, -0.5269 -1.772 1.2875, -0.5507 -1.772 1.3416, -0.5269 -1.772 1.2781, -0.5777 -1.772 1.1941, -0.5588 -1.772 1.2073, -0.5886 -1.772 1.2913, -0.5862 -1.772 1.2826, -0.5859 -1.772 1.2734, -0.5881 -1.772 1.2642, -0.5924 -1.772 1.256, -0.6541 -1.772 1.2575, -0.6883 -1.772 1.2099, -0.7024 -1.772 1.2273, -0.3628 -1.772 1.4517, -0.3552 -1.772 1.4517, -0.3163 -1.772 1.5029, -0.3371 -1.772 1.4495, -0.3116 -1.772 1.5014, -0.3206 -1.772 1.4431, -0.2834 -1.772 1.4873, -0.2577 -1.772 1.4656, -0.6327 -1.772 1.5711, -0.587 -1.772 1.5346, -0.6104 -1.772 1.5902, -0.5615 -1.772 1.5532, -0.5847 -1.772 1.6059, -0.6829 -1.772 1.4929, -0.673 -1.772 1.4934, -0.6631 -1.772 1.5498, -0.6508 -1.772 1.4907, -0.6295 -1.772 1.4829, -0.598 -1.772 1.2497, -0.6052 -1.772 1.2445, -0.5988 -1.772 1.186, -0.6134 -1.772 1.2413, -0.6218 -1.772 1.1832, -0.6228 -1.772 1.2401, -0.6255 -1.772 1.1832, -0.6244 -1.772 1.2401, -0.6479 -1.772 1.1867, -0.6329 -1.772 1.2415, -0.6698 -1.772 1.1959, -0.6415 -1.772 1.2452, -0.6487 -1.772 1.2508, -0.2575 -1.772 1.2885, -0.3017 -1.772 1.3262, -0.2833 -1.772 1.2666, -0.3157 -1.772 1.3147, -0.3122 -1.772 1.2525, -0.3325 -1.772 1.3069, -0.3438 -1.772 1.2458, -0.3495 -1.772 1.3037, -0.3998 -1.772 1.2458, -0.3922 -1.772 1.3037, -0.4051 -1.772 1.2467, -0.3059 -1.772 1.4328, -0.2949 -1.772 1.4206, -0.2383 -1.772 1.4386, -0.2861 -1.772 1.4042, -0.2267 -1.772 1.4096, -0.2817 -1.772 1.386, -0.2224 -1.772 1.3786, -0.2812 -1.772 1.3777, -0.2267 -1.772 1.3448, -0.2835 -1.772 1.3592, -0.2386 -1.772 1.3147, -0.29 -1.772 1.3423, -0.3005 -1.772 1.3275, -0.3675 -1.772 1.5779, -0.4047 -1.772 1.5343, -0.3355 -1.772 1.5405, -0.3833 -1.772 1.5087, -0.3686 -1.772 1.4781, -0.7651 -1.772 1.4215, -0.8274 -1.772 1.4058, -0.7679 -1.772 1.3986, -0.8277 -1.772 1.3967, -0.7668 -1.772 1.3839, -0.8231 -1.772 1.3595, -0.76 -1.772 1.3607, -0.8095 -1.772 1.3242, -0.7487 -1.772 1.3415, -0.7879 -1.772 1.2932, -0.7582 -1.772 1.268, -0.6592 -1.772 1.2836, -0.6564 -1.772 1.2925, -0.7005 -1.772 1.3317, -0.6515 -1.772 1.3004, -0.6848 -1.772 1.3496, -0.6477 -1.772 1.3044, -0.6654 -1.772 1.3631, -0.6403 -1.772 1.3097, -0.6445 -1.772 1.3711, -0.632 -1.772 1.3129, -0.6218 -1.772 1.3739, -0.6228 -1.772 1.3141, -0.6103 -1.772 1.3732, -0.6159 -1.772 1.3135, -0.5874 -1.772 1.3675, -0.607 -1.772 1.3105, -0.5672 -1.772 1.3567, -0.5992 -1.772 1.3056, -0.5929 -1.772 1.2989, -0.5408 -1.772 1.6221, -0.5306 -1.772 1.5658, -0.4966 -1.772 1.6272, -0.4956 -1.772 1.5703, -0.4531 -1.772 1.6221, -0.4634 -1.772 1.5663, -0.4058 -1.772 1.6043, -0.4337 -1.772 1.5549, -0.407 -1.772 1.5364, -0.7465 -1.772 1.5321, -0.7767 -1.772 1.5109, -0.7438 -1.772 1.4616, -0.7831 -1.772 1.5048, -0.757 -1.772 1.4427, -0.8059 -1.772 1.4756, -0.8211 -1.772 1.4414, -0.397 -1.772 1.3046, -0.4198 -1.772 1.2557, -0.4176 -1.772 1.2535, -0.3941 -1.772 1.3039, -0.4114 -1.772 1.2491, -0.4273 -1.772 1.2752, -0.4264 -1.772 1.2681, -0.4239 -1.772 1.2617, -0.4052 -1.772 1.3037, -0.4118 -1.772 1.3011, -0.4271 -1.772 1.279, -0.4176 -1.772 1.297, -0.4215 -1.772 1.2926, -0.4252 -1.772 1.2862, -0.3979 -1.772 1.3046, -0.2224 -1.7717 1.3786, -0.2267 -1.7717 1.4096, -0.2299 -1.7717 1.4177, -0.2383 -1.7717 1.4386, -0.2577 -1.7717 1.4656, -0.2834 -1.7717 1.4873, -0.3116 -1.7717 1.5014, -0.3163 -1.7717 1.5029, -0.3355 -1.7717 1.5405, -0.3675 -1.7717 1.5779, -0.3888 -1.7717 1.5925, -0.4058 -1.7717 1.6043, -0.4531 -1.7717 1.6221, -0.4966 -1.7717 1.6272, -0.6104 -1.7717 1.5902, -0.6066 -1.7717 1.5925, -0.5847 -1.7717 1.6059, -0.5408 -1.7717 1.6221, -0.6327 -1.7717 1.5711, -0.6522 -1.7717 1.5485, -0.6631 -1.7717 1.5498, -0.674 -1.7717 1.5504, -0.7114 -1.7717 1.5457, -0.7465 -1.7717 1.5321, -0.7767 -1.7717 1.5109, -0.7831 -1.7717 1.5048, -0.8277 -1.7717 1.3967, -0.8059 -1.7717 1.4756, -0.8211 -1.7717 1.4414, -0.8253 -1.7717 1.4177, -0.8274 -1.7717 1.4058, -0.8231 -1.7717 1.3595, -0.8095 -1.7717 1.3242, -0.7879 -1.7717 1.2932, -0.7582 -1.7717 1.268, -0.7239 -1.7717 1.2513, -0.712 -1.7717 1.2477, -0.7108 -1.7717 1.2451, -0.7024 -1.7717 1.2273, -0.6883 -1.7717 1.2099, -0.6698 -1.7717 1.1959, -0.661 -1.7717 1.1923, -0.6479 -1.7717 1.1867, -0.6255 -1.7717 1.1832, -0.6218 -1.7717 1.1832, -0.5269 -1.7717 1.2781, -0.5988 -1.7717 1.186, -0.5825 -1.7717 1.1923, -0.5777 -1.7717 1.1941, -0.5588 -1.7717 1.2073, -0.5442 -1.7717 1.2236, -0.533 -1.7717 1.2447, -0.5329 -1.7717 1.2451, -0.5274 -1.7717 1.2682, -0.5269 -1.7717 1.2875, -0.3941 -1.7717 1.3578, -0.4235 -1.7717 1.408, -0.5507 -1.7717 1.3416, -0.5672 -1.7717 1.3567, -0.5874 -1.7717 1.3675, -0.6103 -1.7717 1.3732, -0.6218 -1.7717 1.3739, -0.6445 -1.7717 1.3711, -0.6654 -1.7717 1.3631, -0.6848 -1.7717 1.3496, -0.7005 -1.7717 1.3317, -0.711 -1.7717 1.3113, -0.7317 -1.7717 1.324, -0.7487 -1.7717 1.3415, -0.76 -1.7717 1.3607, -0.7668 -1.7717 1.3839, -0.7679 -1.7717 1.3986, -0.7656 -1.7717 1.4177, -0.7651 -1.7717 1.4215, -0.757 -1.7717 1.4427, -0.7438 -1.7717 1.4616, -0.7275 -1.7717 1.4761, -0.7064 -1.7717 1.4874, -0.6829 -1.7717 1.4929, -0.673 -1.7717 1.4934, -0.6508 -1.7717 1.4907, -0.6295 -1.7717 1.4829, -0.6228 -1.7717 1.4792, -0.6083 -1.7717 1.5092, -0.587 -1.7717 1.5346, -0.5615 -1.7717 1.5532, -0.5306 -1.7717 1.5658, -0.4956 -1.7717 1.5703, -0.4634 -1.7717 1.5663, -0.4337 -1.7717 1.5549, -0.407 -1.7717 1.5364, -0.4047 -1.7717 1.5343, -0.3833 -1.7717 1.5087, -0.3686 -1.7717 1.4781, -0.3628 -1.7717 1.4517, -0.3552 -1.7717 1.4517, -0.3371 -1.7717 1.4495, -0.3206 -1.7717 1.4431, -0.3059 -1.7717 1.4328, -0.2949 -1.7717 1.4206, -0.2934 -1.7717 1.4177, -0.2861 -1.7717 1.4042, -0.2817 -1.7717 1.386, -0.2812 -1.7717 1.3777, -0.2835 -1.7717 1.3592, -0.29 -1.7717 1.3423, -0.3005 -1.7717 1.3275, -0.3017 -1.7717 1.3262, -0.3157 -1.7717 1.3147, -0.3325 -1.7717 1.3069, -0.3495 -1.7717 1.3037, -0.3922 -1.7717 1.3037, -0.3941 -1.7717 1.3039, -0.397 -1.7717 1.3046, -0.3979 -1.7717 1.3046, -0.4052 -1.7717 1.3037, -0.4118 -1.7717 1.3011, -0.4176 -1.7717 1.297, -0.4215 -1.7717 1.2926, -0.4252 -1.7717 1.2862, -0.4271 -1.7717 1.279, -0.4273 -1.7717 1.2752, -0.4264 -1.7717 1.2681, -0.4239 -1.7717 1.2617, -0.4198 -1.7717 1.2557, -0.4176 -1.7717 1.2535, -0.4114 -1.7717 1.2491, -0.4051 -1.7717 1.2467, -0.3998 -1.7717 1.2458, -0.3438 -1.7717 1.2458, -0.3122 -1.7717 1.2525, -0.2833 -1.7717 1.2666, -0.2575 -1.7717 1.2885, -0.2386 -1.7717 1.3147, -0.2267 -1.7717 1.3448, -0.6228 -1.7717 1.3141, -0.6159 -1.7717 1.3135, -0.607 -1.7717 1.3105, -0.5992 -1.7717 1.3056, -0.5929 -1.7717 1.2989, -0.5886 -1.7717 1.2913, -0.5862 -1.7717 1.2826, -0.5859 -1.7717 1.2734, -0.5881 -1.7717 1.2642, -0.5924 -1.7717 1.256, -0.598 -1.7717 1.2497, -0.6052 -1.7717 1.2445, -0.6134 -1.7717 1.2413, -0.6228 -1.7717 1.2401, -0.6244 -1.7717 1.2401, -0.6329 -1.7717 1.2415, -0.6415 -1.7717 1.2452, -0.6487 -1.7717 1.2508, -0.6541 -1.7717 1.2575, -0.6579 -1.7717 1.2655, -0.6597 -1.7717 1.2744, -0.6592 -1.7717 1.2836, -0.6564 -1.7717 1.2925, -0.6515 -1.7717 1.3004, -0.6477 -1.7717 1.3044, -0.6403 -1.7717 1.3097, -0.632 -1.7717 1.3129
            ]
        }
        coordIndex [
            0,1,2,-1,3,4,5,-1,6,7,8,-1,9,10,11,-1,12,11,13,-1,13,11,14,-1,2,1,15,-1,16,17,18,-1,18,17,19,-1,18,19,20,-1,20,19,21,-1,20,21,5,-1,5,21,22,-1,5,22,3,-1,23,24,19,-1,19,24,25,-1,19,25,21,-1,21,25,26,-1,21,26,27,-1,28,9,29,-1,29,9,11,-1,29,11,30,-1,30,11,12,-1,31,32,33,-1,33,32,34,-1,33,34,35,-1,35,34,36,-1,35,36,37,-1,37,36,38,-1,6,8,39,-1,39,8,40,-1,39,40,41,-1,41,40,42,-1,41,42,43,-1,1,44,15,-1,15,44,45,-1,15,45,46,-1,46,45,47,-1,46,47,6,-1,6,47,48,-1,6,48,7,-1,27,49,21,-1,21,49,50,-1,21,50,51,-1,51,50,52,-1,51,52,53,-1,53,52,54,-1,53,54,55,-1,55,54,56,-1,55,56,57,-1,57,56,58,-1,57,58,59,-1,59,58,60,-1,59,60,29,-1,29,60,61,-1,29,61,28,-1,62,63,64,-1,64,63,65,-1,64,65,66,-1,66,65,67,-1,66,67,68,-1,68,67,69,-1,68,69,70,-1,70,69,71,-1,70,71,72,-1,36,73,38,-1,38,73,74,-1,38,74,75,-1,75,74,76,-1,75,76,77,-1,77,76,78,-1,77,78,79,-1,79,78,80,-1,79,80,81,-1,81,80,82,-1,81,82,83,-1,83,82,84,-1,83,84,62,-1,62,84,85,-1,62,85,63,-1,86,87,88,-1,88,87,89,-1,88,89,33,-1,33,89,90,-1,33,90,31,-1,91,92,93,-1,93,92,94,-1,93,94,95,-1,95,94,96,-1,95,96,97,-1,97,96,98,-1,97,98,99,-1,99,98,100,-1,99,100,14,-1,14,100,101,-1,14,101,13,-1,10,102,11,-1,11,102,103,-1,11,103,104,-1,104,103,105,-1,104,105,106,-1,106,105,107,-1,106,107,108,-1,108,107,109,-1,108,109,110,-1,110,109,111,-1,110,111,112,-1,112,111,113,-1,112,113,114,-1,114,113,115,-1,114,115,116,-1,116,115,117,-1,116,117,118,-1,118,117,119,-1,118,119,19,-1,19,119,120,-1,19,120,23,-1,43,42,121,-1,121,42,122,-1,121,122,123,-1,123,122,124,-1,123,124,125,-1,125,124,126,-1,125,126,127,-1,127,126,128,-1,127,128,86,-1,86,128,129,-1,86,129,87,-1,2,130,0,-1,0,130,131,-1,0,131,132,-1,132,131,133,-1,132,133,134,-1,134,133,135,-1,134,135,91,-1,91,135,136,-1,91,136,92,-1,137,138,139,-1,71,140,72,-1,72,140,137,-1,72,137,141,-1,141,137,139,-1,142,143,137,-1,137,143,144,-1,137,144,138,-1,145,146,147,-1,146,148,147,-1,147,148,149,-1,147,149,150,-1,142,137,147,-1,147,137,151,-1,147,151,145,-1,79,152,153,-1,79,153,77,-1,77,153,154,-1,77,154,75,-1,154,155,75,-1,75,155,156,-1,75,156,38,-1,38,156,157,-1,38,157,37,-1,37,157,158,-1,37,158,35,-1,35,158,159,-1,35,159,33,-1,33,159,160,-1,33,160,88,-1,88,160,161,-1,88,161,86,-1,127,86,162,-1,162,86,161,-1,162,163,127,-1,127,163,164,-1,127,164,125,-1,125,164,165,-1,125,165,123,-1,166,41,167,-1,167,41,43,-1,167,43,168,-1,168,43,121,-1,168,121,169,-1,169,121,123,-1,169,123,165,-1,41,166,170,-1,41,170,39,-1,39,170,171,-1,39,171,6,-1,6,171,172,-1,6,172,46,-1,46,172,173,-1,46,173,15,-1,15,173,174,-1,15,174,2,-1,2,174,175,-1,2,175,130,-1,130,175,176,-1,130,176,131,-1,131,176,177,-1,131,177,133,-1,178,94,92,-1,133,177,179,-1,133,179,135,-1,135,179,180,-1,135,180,136,-1,136,180,181,-1,136,181,92,-1,92,181,182,-1,92,182,178,-1,94,178,183,-1,94,183,96,-1,96,183,184,-1,96,184,98,-1,98,184,185,-1,98,185,100,-1,100,185,186,-1,100,186,101,-1,101,186,187,-1,101,187,13,-1,13,187,188,-1,13,188,12,-1,12,188,189,-1,12,189,30,-1,189,190,30,-1,30,190,191,-1,30,191,29,-1,29,191,192,-1,29,192,59,-1,59,192,193,-1,59,193,57,-1,193,194,57,-1,57,194,195,-1,57,195,55,-1,55,195,196,-1,55,196,53,-1,197,20,5,-1,53,196,198,-1,53,198,51,-1,51,198,199,-1,51,199,21,-1,199,200,21,-1,21,200,201,-1,21,201,22,-1,22,201,202,-1,22,202,3,-1,3,202,203,-1,3,203,4,-1,4,203,204,-1,4,204,5,-1,5,204,205,-1,5,205,197,-1,18,20,206,-1,206,20,197,-1,16,18,207,-1,207,18,206,-1,17,16,208,-1,208,16,207,-1,19,17,209,-1,209,17,208,-1,19,209,210,-1,19,210,118,-1,118,210,211,-1,118,211,116,-1,116,211,212,-1,116,212,114,-1,114,212,213,-1,114,213,112,-1,112,213,214,-1,112,214,110,-1,110,214,215,-1,110,215,108,-1,108,215,216,-1,108,216,106,-1,106,216,217,-1,106,217,104,-1,104,217,218,-1,104,218,11,-1,11,218,219,-1,11,219,14,-1,14,219,220,-1,14,220,99,-1,99,220,221,-1,99,221,97,-1,97,221,222,-1,97,222,95,-1,95,222,223,-1,95,223,93,-1,91,93,224,-1,224,93,223,-1,224,225,91,-1,91,225,226,-1,91,226,134,-1,134,226,227,-1,134,227,132,-1,132,227,228,-1,132,228,0,-1,0,228,229,-1,0,229,1,-1,1,229,230,-1,1,230,44,-1,44,230,231,-1,44,231,45,-1,45,231,232,-1,45,232,47,-1,47,232,233,-1,47,233,48,-1,48,233,234,-1,48,234,7,-1,7,234,235,-1,7,235,8,-1,8,235,236,-1,8,236,40,-1,40,236,237,-1,40,237,42,-1,42,237,238,-1,42,238,122,-1,122,238,239,-1,122,239,124,-1,124,239,240,-1,124,240,126,-1,126,240,241,-1,126,241,128,-1,128,241,242,-1,128,242,129,-1,129,242,243,-1,129,243,87,-1,87,243,244,-1,87,244,89,-1,89,244,245,-1,89,245,90,-1,90,245,246,-1,90,246,31,-1,32,31,247,-1,247,31,246,-1,32,247,248,-1,32,248,34,-1,34,248,249,-1,34,249,36,-1,36,249,250,-1,36,250,73,-1,73,250,251,-1,73,251,74,-1,74,251,252,-1,74,252,76,-1,252,253,76,-1,76,253,254,-1,76,254,78,-1,78,254,255,-1,78,255,80,-1,80,255,256,-1,80,256,82,-1,82,256,257,-1,82,257,84,-1,84,257,258,-1,84,258,85,-1,85,258,259,-1,85,259,63,-1,63,259,260,-1,63,260,65,-1,65,260,261,-1,65,261,67,-1,67,261,262,-1,67,262,69,-1,71,69,263,-1,263,69,262,-1,71,263,264,-1,71,264,140,-1,140,264,265,-1,140,265,137,-1,137,265,266,-1,137,266,151,-1,151,266,267,-1,151,267,145,-1,145,267,268,-1,145,268,146,-1,146,268,269,-1,146,269,148,-1,148,269,270,-1,148,270,149,-1,149,270,271,-1,149,271,150,-1,150,271,272,-1,150,272,147,-1,147,272,273,-1,147,273,142,-1,142,273,274,-1,142,274,143,-1,143,274,275,-1,143,275,144,-1,144,275,276,-1,144,276,138,-1,138,276,277,-1,138,277,139,-1,139,277,278,-1,139,278,141,-1,141,278,279,-1,141,279,72,-1,72,279,280,-1,72,280,70,-1,68,70,281,-1,281,70,280,-1,68,281,282,-1,68,282,66,-1,66,282,283,-1,66,283,64,-1,64,283,284,-1,64,284,62,-1,62,284,285,-1,62,285,83,-1,83,285,286,-1,83,286,81,-1,81,286,152,-1,81,152,79,-1,113,287,288,-1,113,288,115,-1,115,288,289,-1,115,289,117,-1,117,289,290,-1,117,290,119,-1,119,290,291,-1,119,291,120,-1,120,291,292,-1,120,292,23,-1,23,292,293,-1,23,293,24,-1,24,293,294,-1,24,294,25,-1,25,294,295,-1,25,295,26,-1,26,295,296,-1,26,296,27,-1,27,296,297,-1,27,297,49,-1,49,297,298,-1,49,298,50,-1,50,298,299,-1,50,299,52,-1,52,299,300,-1,52,300,54,-1,54,300,301,-1,54,301,56,-1,56,301,302,-1,56,302,58,-1,58,302,303,-1,58,303,60,-1,60,303,304,-1,60,304,61,-1,61,304,305,-1,61,305,28,-1,28,305,306,-1,28,306,9,-1,9,306,307,-1,9,307,10,-1,10,307,308,-1,10,308,102,-1,102,308,309,-1,102,309,103,-1,103,309,310,-1,103,310,105,-1,105,310,311,-1,105,311,107,-1,107,311,312,-1,107,312,109,-1,109,312,313,-1,109,313,111,-1,111,313,287,-1,111,287,113,-1,
        ]
    }
}
Shape{
    appearance Appearance {
        material  Material 	{
            diffuseColor 0.25098039215686274 0.25098039215686274 0.25098039215686274
            specularColor 0.25098039215686274 0.25098039215686274 0.25098039215686274
            ambientIntensity 0.251
            transparency 0.0
            shininess 0.5
        }
    }
    geometry IndexedFaceSet {
        ccw TRUE
        solid FALSE
        coord DEF co Coordinate {
            point [
                -0.6244 -1.7717 1.2401, -0.6477 -1.7717 1.3044, -0.6515 -1.7717 1.3004, -0.6134 -1.7717 1.2413, -0.6052 -1.7717 1.2445, -0.6159 -1.7717 1.3135, -0.6228 -1.7717 1.3141, -0.632 -1.7717 1.3129, -0.6403 -1.7717 1.3097, -0.6579 -1.7717 1.2655, -0.6541 -1.7717 1.2575, -0.6487 -1.7717 1.2508, -0.6228 -1.7717 1.2401, -0.5886 -1.7717 1.2913, -0.5929 -1.7717 1.2989, -0.5924 -1.7717 1.256, -0.5992 -1.7717 1.3056, -0.6564 -1.7717 1.2925, -0.6592 -1.7717 1.2836, -0.6597 -1.7717 1.2744, -0.6415 -1.7717 1.2452, -0.6329 -1.7717 1.2415, -0.598 -1.7717 1.2497, -0.607 -1.7717 1.3105, -0.5881 -1.7717 1.2642, -0.5859 -1.7717 1.2734, -0.5862 -1.7717 1.2826
            ]
        }
        coordIndex [
            0,1,2,-1,3,4,5,-1,6,7,0,-1,0,7,8,-1,0,8,1,-1,9,10,2,-1,2,10,11,-1,6,0,5,-1,5,0,12,-1,5,12,3,-1,13,14,15,-1,15,14,16,-1,17,18,2,-1,2,18,19,-1,2,19,9,-1,11,20,2,-1,2,20,21,-1,2,21,0,-1,4,22,5,-1,5,22,15,-1,5,15,23,-1,23,15,16,-1,24,25,15,-1,15,25,26,-1,15,26,13,-1,
        ]
    }
}