#VRML V2.0 utf8
# 3D model generated by easyeda2kicad.py (https://github.com/uPesy/easyeda2kicad.py)

Shape{
    appearance Appearance {
        material  Material 	{
            diffuseColor 0.15294117647058825 0.6078431372549019 1.0
            specularColor 0.047058823529411764 0.1843137254901961 0.30196078431372547
            ambientIntensity 0.5165
            transparency 0.0
            shininess 0.5
        }
    }
    geometry IndexedFaceSet {
        ccw TRUE
        solid FALSE
        coord DEF co Coordinate {
            point [
                -1.2443 3.1083 0.0, -3.2339 3.1083 0.0, -3.2339 3.1083 2.2556, 0.9676 3.1083 0.0, -1.2443 3.1083 2.2556, 1.1929 3.1083 0.0, 0.9676 3.1083 2.2556, 1.861 3.1083 0.0, 1.7014 3.1083 0.0, 1.7014 3.1083 2.2556, 1.4553 3.1083 4.5885, 1.4641 3.1083 4.5717, 1.2657 3.1083 4.5717, 1.7014 3.1083 5.2352, 1.7014 3.1083 5.2384, 1.712 3.1083 5.2384, 1.9746 3.1083 5.2394, 1.9747 3.1083 5.2384, 1.8753 3.1083 5.2384, 2.7659 3.1083 4.6212, 2.771 3.1083 4.6117, 2.1076 3.1083 4.6117, 3.2936 3.1083 4.9183, 3.2921 3.1083 4.9256, 3.9315 3.1083 4.9256, 2.5397 3.1083 5.2703, 2.4929 3.1083 5.2384, 2.1076 3.1083 5.2384, 2.3135 3.1083 5.0544, 2.2675 3.1083 5.0149, 2.1076 3.1083 4.9943, 2.4638 3.1083 5.2185, 2.4555 3.1083 5.2106, 2.4021 3.1083 5.1439, 2.3726 3.1083 5.083, 2.3641 3.1083 5.0801, 2.6251 3.1083 5.3011, 2.1076 3.1083 6.0236, 3.9315 3.1083 5.2384, 2.9074 3.1083 5.2384, 3.9315 3.1083 6.0236, 2.9009 3.1083 5.2438, 2.8593 3.1083 5.2692, 2.7804 3.1083 5.2991, 2.6955 3.1083 5.309, 3.2128 3.1083 5.0923, 3.198 3.1083 5.1059, 3.1429 3.1083 5.1429, 3.0792 3.1083 5.166, 3.0158 3.1083 5.1729, 2.9413 3.1083 5.2098, 2.9962 3.1083 5.1717, 2.9766 3.1083 5.1692, 3.9315 3.1083 4.9943, 3.2808 3.1083 4.9823, 3.2752 3.1083 4.9943, 3.2523 3.1083 5.0431, 3.1752 3.1083 4.6685, 3.224 3.1083 4.7116, 3.9315 3.1083 4.6117, 3.0802 3.1083 4.6117, 3.088 3.1083 4.6286, 3.1143 3.1083 4.6369, 3.2645 3.1083 4.7712, 3.2876 3.1083 4.8352, 3.2944 3.1083 4.8982, 3.0712 3.1083 4.5919, 3.9315 3.1083 4.5717, 3.0551 3.1083 4.5717, 3.046 3.1083 4.5604, 3.9315 3.1083 2.2556, 3.0128 3.1083 4.5349, 2.8471 3.1083 4.5305, 2.8853 3.1083 4.5161, 2.1076 3.1083 2.2556, 2.9266 3.1083 4.5113, 2.9332 3.1083 4.5115, 2.9735 3.1083 4.5181, 2.1076 3.1083 4.5717, 2.7863 3.1083 4.5833, 2.7967 3.1083 4.5717, 2.8129 3.1083 4.5539, 2.2125 3.1083 4.9138, 2.2051 3.1083 4.8581, 2.1076 3.1083 4.9256, 2.5469 3.1083 4.721, 2.5352 3.1083 4.7255, 2.5145 3.1083 4.8227, 2.7965 3.1083 4.7956, 2.5668 3.1083 4.9136, 2.8261 3.1083 4.823, 2.8622 3.1083 4.8427, 2.5575 3.1083 4.7136, 2.3117 3.1083 4.8719, 2.3195 3.1083 4.9048, 2.3305 3.1083 4.9256, 3.1836 3.1083 4.9256, 2.2352 3.1083 4.7432, 2.2694 3.1083 4.6963, 2.3162 3.1083 4.6572, 2.3685 3.1083 4.6321, 2.522 3.1083 4.7271, 2.5203 3.1083 4.7269, 2.5152 3.1083 4.7258, 2.2134 3.1083 4.7971, 3.1731 3.1083 4.8328, 3.1529 3.1083 4.7978, 3.0663 3.1083 4.7797, 3.1225 3.1083 4.7662, 3.0855 3.1083 4.743, 3.0027 3.1083 4.8357, 3.0378 3.1083 4.8117, 3.1868 3.1083 4.9009, 3.185 3.1083 4.8747, 2.9649 3.1083 4.8499, 2.9241 3.1083 4.8546, 2.9033 3.1083 4.8532, 2.3463 3.1083 4.767, 2.3273 3.1083 4.7935, 2.3153 3.1083 4.8239, 2.311 3.1083 4.8571, 2.5753 3.1083 4.6745, 2.5748 3.1083 4.6811, 2.7545 3.1083 4.698, 2.5714 3.1083 4.6941, 2.5647 3.1083 4.7057, 2.547 3.1083 4.6274, 2.558 3.1083 4.6353, 2.562 3.1083 4.6394, 2.5694 3.1083 4.6502, 2.5738 3.1083 4.6618, 2.7556 3.1083 4.6633, 2.7546 3.1083 4.6809, 2.5117 3.1083 4.7253, 2.4349 3.1083 4.7248, 2.4043 3.1083 4.7304, 2.4254 3.1083 4.6205, 2.5261 3.1083 4.6212, 2.5358 3.1083 4.6228, 2.3741 3.1083 4.7441, 2.3487 3.1083 4.7645, 2.4569 3.1083 4.9913, 3.1666 3.1083 4.9801, 3.1815 3.1083 4.9421, 2.4433 3.1083 4.9912, 2.3351 3.1083 4.9344, 2.3548 3.1083 4.9567, 2.3811 3.1083 4.9753, 2.4108 3.1083 4.987, 2.5311 3.1083 5.1404, 2.5355 3.1083 5.1445, 2.9245 3.1083 5.0442, 2.4929 3.1083 5.094, 3.1566 3.1083 4.9943, 2.9369 3.1083 5.0511, 2.4575 3.1083 4.9943, 2.467 3.1083 5.0388, 2.9751 3.1083 5.0653, 3.0148 3.1083 5.0704, 3.0324 3.1083 5.0697, 2.5833 3.1083 5.1781, 2.6367 3.1083 5.199, 2.8982 3.1083 5.0978, 2.8596 3.1083 5.1433, 2.8131 3.1083 5.1768, 2.6945 3.1083 5.2065, 2.7571 3.1083 5.1989, 3.0747 3.1083 5.06, 3.1129 3.1083 5.0401, 3.1427 3.1083 5.014, 2.2529 3.1083 4.9943, 2.233 3.1083 4.9661, 2.2171 3.1083 4.9256, 0.9676 3.1083 4.9256, 0.8682 3.1083 4.8505, 0.835 3.1083 4.8503, 0.9611 3.1083 4.6117, 0.9676 3.1083 4.6117, 0.9614 3.1083 4.611, 0.9676 3.1083 4.5717, 0.9271 3.1083 4.6107, 0.7795 3.1083 4.6097, 0.7803 3.1083 4.6117, 0.9268 3.1083 4.6117, 0.8035 3.1083 4.6755, 0.9036 3.1083 4.6762, 1.2155 3.1083 4.6401, 1.2156 3.1083 4.6128, 1.1929 3.1083 4.6117, 1.2657 3.1083 4.8533, 1.2194 3.1083 4.853, 1.1929 3.1083 4.9256, 1.2196 3.1083 4.8254, 1.2272 3.1083 4.721, 1.227 3.1083 4.7485, 1.2657 3.1083 4.7488, 1.2657 3.1083 4.7213, 1.3131 3.1083 4.7216, 1.2657 3.1083 4.6405, 1.3136 3.1083 4.6408, 1.2657 3.1083 4.8257, 1.3123 3.1083 4.826, 1.3129 3.1083 4.7492, 1.4632 3.1083 4.6571, 1.4596 3.1083 4.643, 1.4588 3.1083 4.643, 1.2657 3.1083 4.6117, 1.2657 3.1083 4.6131, 1.3448 3.1083 4.6137, 1.376 3.1083 4.7855, 1.491 3.1083 4.9256, 1.4072 3.1083 4.7857, 1.491 3.1083 4.739, 1.455 3.1083 4.6568, 1.4574 3.1083 4.6488, 1.6582 3.1083 4.6166, 1.6734 3.1083 4.622, 1.7014 3.1083 4.6117, 1.6732 3.1083 4.6531, 1.6724 3.1083 4.7413, 1.6711 3.1083 4.752, 1.7014 3.1083 4.9256, 1.6679 3.1083 4.7203, 1.6712 3.1083 4.7295, 1.6598 3.1083 4.6449, 1.6582 3.1083 4.6443, 1.6582 3.1083 4.7082, 1.664 3.1083 4.7141, 1.6592 3.1083 4.7089, 1.6263 3.1083 4.6117, 1.6269 3.1083 4.6116, 1.6582 3.1083 4.5717, 1.6276 3.1083 4.6117, 1.6582 3.1083 4.6117, 1.6523 3.1083 4.6144, 1.5646 3.1083 4.7831, 1.5648 3.1083 4.7539, 1.549 3.1083 4.6117, 1.6528 3.1083 4.7777, 1.6454 3.1083 4.7822, 1.6582 3.1083 4.9256, 1.6675 3.1083 4.7616, 1.6619 3.1083 4.7697, 1.6582 3.1083 4.773, 1.5588 3.1083 4.6498, 1.5625 3.1083 4.6403, 1.5682 3.1083 4.6324, 1.6292 3.1083 4.7883, 1.6052 3.1083 4.791, 1.549 3.1083 4.9256, 1.5841 3.1083 4.789, 1.5671 3.1083 4.6903, 1.5616 3.1083 4.682, 1.5584 3.1083 4.6731, 1.5573 3.1083 4.6619, 1.5769 3.1083 4.6249, 1.5839 3.1083 4.6207, 1.5997 3.1083 4.6147, 1.6083 3.1083 4.7666, 1.6173 3.1083 4.766, 1.6414 3.1083 4.7437, 1.6253 3.1083 4.7639, 1.6321 3.1083 4.7604, 1.6411 3.1083 4.7397, 1.64 3.1083 4.7351, 1.6378 3.1083 4.731, 1.6349 3.1083 4.7277, 1.6243 3.1083 4.721, 1.5905 3.1083 4.7647, 1.6058 3.1083 4.7128, 1.5734 3.1083 4.7587, 1.5942 3.1083 4.708, 1.5743 3.1083 4.6967, 1.6367 3.1083 4.7564, 1.6393 3.1083 4.7526, 1.6408 3.1083 4.7485, 1.6409 3.1083 4.6381, 1.6272 3.1083 4.6911, 1.6451 3.1083 4.6994, 1.6238 3.1083 4.6362, 1.6225 3.1083 4.6362, 1.6075 3.1083 4.6827, 1.6071 3.1083 4.6378, 1.5882 3.1083 4.6591, 1.5884 3.1083 4.6629, 1.5993 3.1083 4.6406, 1.5965 3.1083 4.6422, 1.593 3.1083 4.6453, 1.5904 3.1083 4.6491, 1.5888 3.1083 4.6534, 1.5898 3.1083 4.6676, 1.5921 3.1083 4.6716, 1.5958 3.1083 4.6755, 1.1929 3.1083 5.2384, 1.1663 3.1083 5.2337, 1.1331 3.1083 5.2335, 1.2595 3.1083 4.9941, 1.2594 3.1083 4.9943, 1.2657 3.1083 4.9943, 1.1929 3.1083 5.1654, 1.2251 3.1083 4.9943, 1.2252 3.1083 4.9939, 1.2657 3.1083 4.9256, 1.3431 3.1083 4.8539, 1.1929 3.1083 4.9943, 1.1929 3.1083 5.0594, 1.2017 3.1083 5.0594, 1.1017 3.1083 5.0587, 1.0781 3.1083 4.9943, 1.0776 3.1083 4.9929, 1.0434 3.1083 4.9926, 1.044 3.1083 4.9943, 0.9676 3.1083 4.9943, 0.9676 3.1083 5.2384, 1.549 3.1083 5.2384, 1.5175 3.1083 5.2362, 1.491 3.1083 5.2384, 1.5177 3.1083 5.2086, 1.5251 3.1083 5.1317, 1.549 3.1083 5.1319, 1.549 3.1083 5.0236, 1.5136 3.1083 5.0233, 1.5253 3.1083 5.1042, 1.549 3.1083 5.1044, 1.6112 3.1083 5.1048, 1.6117 3.1083 5.024, 1.549 3.1083 5.2088, 1.6104 3.1083 5.2092, 1.611 3.1083 5.1323, 1.6429 3.1083 4.9969, 1.6582 3.1083 4.9943, 1.549 3.1083 4.9943, 1.6582 3.1083 5.2384, 1.6412 3.1083 5.2371, 1.549 3.1083 5.2364, 1.491 3.1083 4.9943, 1.5138 3.1083 4.996, 1.549 3.1083 4.9962, 1.9762 3.1083 5.0266, 1.8805 3.1083 5.0259, 1.8753 3.1083 4.9943, 1.8807 3.1083 4.9986, 2.0074 3.1083 4.9995, 2.0057 3.1083 5.2384, 2.0057 3.1083 5.2397, 1.8753 3.1083 6.0236, 1.6894 3.1083 5.2316, 1.6896 3.1083 5.1992, 1.7416 3.1083 5.0216, 1.7144 3.1083 5.0264, 1.7014 3.1083 5.2042, 1.7014 3.1083 5.0322, 1.6922 3.1083 5.2007, 1.6907 3.1083 5.0369, 1.7165 3.1083 5.2101, 1.837 3.1083 5.1028, 1.8327 3.1083 5.0796, 1.8246 3.1083 5.0607, 1.8117 3.1083 5.1877, 1.825 3.1083 5.1695, 1.7953 3.1083 5.2011, 1.7764 3.1083 5.2097, 1.7461 3.1083 5.2139, 1.7554 3.1083 5.2136, 1.8375 3.1083 5.1157, 1.8332 3.1083 5.1488, 1.8144 3.1083 5.047, 1.8097 3.1083 5.0422, 1.794 3.1083 5.031, 1.777 3.1083 5.0243, 1.7529 3.1083 5.0212, 1.7767 3.1083 5.2384, 1.7462 3.1083 5.2419, 1.861 3.1083 6.0236, 1.7014 3.1083 6.0236, 1.746 3.1083 5.2419, 1.7146 3.1083 5.2391, 1.861 3.1083 5.2384, 1.8523 3.1083 5.1845, 1.8347 3.1083 5.2071, 1.8288 3.1083 5.2127, 1.8062 3.1083 5.2283, 1.7811 3.1083 5.2379, 1.8639 3.1083 5.1579, 1.861 3.1083 5.1645, 1.861 3.1083 5.0628, 1.8655 3.1083 5.0747, 1.87 3.1083 5.114, 1.8695 3.1083 5.1266, 1.861 3.1083 4.9943, 1.8559 3.1083 5.0496, 1.8398 3.1083 5.027, 1.772 3.1083 4.9944, 1.798 3.1083 5.0, 1.8206 3.1083 5.0108, 1.7501 3.1083 4.9943, 1.7575 3.1083 4.9936, 1.7697 3.1083 4.9943, 1.6909 3.1083 5.0072, 1.6951 3.1083 5.0051, 1.7014 3.1083 4.9943, 1.7014 3.1083 5.0031, 1.7209 3.1083 4.9969, 1.491 3.1083 4.6117, 1.491 3.1083 4.6574, 1.5407 3.1083 4.7866, 1.5071 3.1083 4.7864, 1.4746 3.1083 4.615, 1.476 3.1083 4.6117, 1.4881 3.1083 4.5839, 1.549 3.1083 4.5717, 1.4952 3.1083 4.5717, 1.4942 3.1083 4.5728, 1.491 3.1083 4.5787, 1.491 3.1083 2.2556, 1.491 3.1083 4.5411, 1.4928 3.1083 4.5398, 1.5047 3.1083 4.5354, 1.5169 3.1083 4.5341, 1.549 3.1083 2.2556, 1.5111 3.1083 4.5608, 1.5046 3.1083 4.5634, 1.5191 3.1083 4.5599, 1.53 3.1083 4.5614, 1.4999 3.1083 4.5667, 1.5361 3.1083 4.5635, 1.5363 3.1083 4.5367, 1.5235 3.1083 4.5344, 1.4691 3.1083 4.5621, 1.4802 3.1083 4.549, 1.2657 3.1083 2.2556, 1.4823 3.1083 4.5471, 1.446 3.1083 4.6117, 3.9315 3.1083 0.0, 2.1076 3.1083 0.0, 1.1929 3.1083 2.2556, 1.2657 3.1083 0.0, 1.491 3.1083 0.0, 1.549 3.1083 0.0, 1.6582 3.1083 2.2556, 1.6582 3.1083 0.0, 1.1929 3.1083 4.5717, -1.2443 3.1083 4.5717, 1.861 3.1083 2.2556, 1.7014 3.1083 4.5717, 1.861 3.1083 4.5717, 1.861 3.1083 4.6117, 1.8753 3.1083 4.6117, 1.8753 3.1083 4.9256, 1.8848 3.1083 4.8301, 1.8846 3.1083 4.8577, 1.8924 3.1083 4.7258, 1.8922 3.1083 4.7533, 1.9781 3.1083 4.7539, 1.9775 3.1083 4.8307, 1.9783 3.1083 4.7264, 1.9789 3.1083 4.6456, 1.8807 3.1083 4.6449, 1.8809 3.1083 4.6175, 2.0101 3.1083 4.6184, 2.0084 3.1083 4.8586, 1.8753 3.1083 4.5717, 1.8753 3.1083 2.2556, 1.8753 3.1083 0.0, 1.8466 3.1083 4.6881, 1.8403 3.1083 4.6978, 1.8344 3.1083 4.7474, 1.76 3.1083 4.6251, 1.7696 3.1083 4.6189, 1.7443 3.1083 4.6165, 1.7818 3.1083 4.6145, 1.7977 3.1083 4.6128, 1.7678 3.1083 4.7667, 1.778 3.1083 4.7678, 1.7944 3.1083 4.7188, 1.7162 3.1083 4.752, 1.7134 3.1083 4.7267, 1.8315 3.1083 4.7059, 1.8194 3.1083 4.7125, 1.8135 3.1083 4.7604, 1.7946 3.1083 4.7663, 1.7142 3.1083 4.6163, 1.861 3.1083 4.9256, 1.8056 3.1083 4.7887, 1.775 3.1083 4.7922, 1.7441 3.1083 4.643, 1.7449 3.1083 4.643, 1.7504 3.1083 4.635, 1.7542 3.1083 4.7898, 1.7422 3.1083 4.7856, 1.7327 3.1083 4.7795, 1.8272 3.1083 4.6195, 1.8373 3.1083 4.6266, 1.8503 3.1083 4.6771, 1.8517 3.1083 4.6632, 1.8501 3.1083 4.6483, 1.8342 3.1083 4.7767, 1.828 3.1083 4.7802, 1.7435 3.1083 4.7256, 1.7445 3.1083 4.7388, 1.7475 3.1083 4.7496, 1.751 3.1083 4.7558, 1.7274 3.1083 4.7743, 1.7211 3.1083 4.7649, 1.8399 3.1083 4.6293, 1.8463 3.1083 4.6383, 1.7555 3.1083 4.7607, 1.7608 3.1083 4.7642, 1.8157 3.1083 4.6151, 1.1703 3.1083 4.6124, 0.9807 3.1083 4.6909, 0.9927 3.1083 4.6661, 1.0107 3.1083 4.645, 1.0358 3.1083 4.6272, 1.0632 3.1083 4.6167, 1.1042 3.1083 4.612, 1.1686 3.1083 4.8526, 1.1 3.1083 4.8522, 1.0634 3.1083 4.8478, 1.0345 3.1083 4.8371, 1.0095 3.1083 4.8197, 1.0011 3.1083 4.8114, 0.9864 3.1083 4.7904, 0.9776 3.1083 4.7675, 0.9738 3.1083 4.7342, 0.9747 3.1083 4.719, 1.2728 3.1083 5.1021, 1.2788 3.1083 5.0741, 1.2845 3.1083 5.1736, 1.2757 3.1083 5.1507, 1.2657 3.1083 5.2384, 1.2719 3.1083 5.1174, 1.2908 3.1083 5.0493, 1.3088 3.1083 5.0281, 1.3339 3.1083 5.0104, 1.3981 3.1083 5.2353, 1.3615 3.1083 5.231, 1.3326 3.1083 5.2202, 1.3613 3.1083 4.9999, 1.4023 3.1083 4.9952, 1.4684 3.1083 4.9956, 1.4667 3.1083 5.2358, 1.3076 3.1083 5.2029, 1.2992 3.1083 5.1946, 0.7453 3.1083 4.6094, 0.7461 3.1083 4.6117, -1.2443 3.1083 4.6117, -1.2443 3.1083 4.9256, -1.2443 3.1083 4.9943, -1.2443 3.1083 5.2384, -3.2339 3.1083 4.5717, -3.2339 3.1083 4.6117, -3.2339 3.1083 4.9256, -3.2339 3.1083 4.9943, -3.2339 3.1083 5.2384, -3.2339 3.1083 6.0236, -1.2443 3.1083 6.0236, 0.9676 3.1083 6.0236, 1.1929 3.1083 6.0236, 1.2657 3.1083 6.0236, 1.491 3.1083 6.0236, 1.549 3.1083 6.0236, 1.6582 3.1083 6.0236, -3.4307 -2.9154 6.0236, -3.4307 2.9114 6.0236, -3.4307 -2.9154 0.0, -3.4307 2.9114 0.0, -3.2339 -3.1122 0.0, 3.9315 -3.1122 0.0, -3.2339 -3.1122 6.0236, 3.9315 -3.1122 6.0236, 4.1283 -2.9154 0.0, 4.1283 2.9114 0.0, 4.1283 -2.9154 6.0236, 4.1283 2.9114 6.0236, 0.6737 0.3606 6.2205, 0.7544 0.3272 6.2205, 3.9315 2.9114 6.2205, 0.8237 0.274 6.2205, 0.8769 0.2047 6.2205, 0.8769 -0.1299 6.2205, 0.8237 -0.1992 6.2205, 3.9315 -2.9154 6.2205, 0.7544 -0.2524 6.2205, -2.2102 -2.3248 6.2205, -2.225 -2.4369 6.2205, 0.5004 -0.2858 6.2205, 0.9103 0.124 6.2205, 0.9217 0.0374 6.2205, 0.9103 -0.0492 6.2205, -2.3371 -2.631 6.2205, -2.4268 -2.6999 6.2205, 0.2972 -0.1299 6.2205, -2.6433 -1.8917 6.2205, -2.5312 -1.9065 6.2205, -2.4268 -1.9498 6.2205, -2.3371 -2.0186 6.2205, 0.3504 -0.1992 6.2205, -2.2683 -2.1083 6.2205, 0.4197 -0.2524 6.2205, -2.225 -2.2127 6.2205, -2.8598 -2.6999 6.2205, -2.9495 -2.631 6.2205, -3.2339 -2.9154 6.2205, -3.0184 -2.5413 6.2205, 0.2638 -0.0492 6.2205, -2.8598 -1.9498 6.2205, -2.7554 -1.9065 6.2205, 0.3504 0.274 6.2205, 0.4197 0.3272 6.2205, -3.2339 2.9114 6.2205, 0.5004 0.3606 6.2205, 0.5871 0.372 6.2205, -3.0184 -2.1083 6.2205, -2.9495 -2.0186 6.2205, -2.5312 -2.7431 6.2205, -2.6433 -2.7579 6.2205, -2.7554 -2.7431 6.2205, -3.0616 -2.4369 6.2205, -3.0764 -2.3248 6.2205, -3.0616 -2.2127 6.2205, 0.2524 0.0374 6.2205, 0.2638 0.124 6.2205, 0.2972 0.2047 6.2205, -2.2683 -2.5413 6.2205, 0.5871 -0.2972 6.2205, 0.6737 -0.2858 6.2205, -3.2848 -3.1055 0.0, -3.3323 -3.0858 0.0, -3.1551 -2.9154 0.0, -3.3731 -3.0545 0.0, -3.4043 -3.0138 0.0, -3.424 -2.9663 0.0, -3.1551 2.6752 0.0, 4.0299 -3.0858 0.0, 3.9824 -3.1055 0.0, 3.9315 -2.9154 0.0, 4.1216 -2.9663 0.0, 4.102 -3.0138 0.0, 4.0707 -3.0545 0.0, 3.9315 2.6752 0.0, 3.9824 3.1016 0.0, 4.102 3.0098 0.0, 4.1216 2.9624 0.0, -3.424 2.9624 0.0, -3.4043 3.0098 0.0, -3.3731 3.0506 0.0, -3.3323 3.0819 0.0, -3.2848 3.1016 0.0, 4.0299 3.0819 0.0, 4.0707 3.0506 0.0, -3.1551 -2.9154 0.1575, -3.1551 1.2628 0.1575, -3.1551 2.6752 0.1575, 3.9315 -2.9154 0.1575, 0.3439 -2.9154 0.1575, 3.9315 2.6752 0.1575, 3.9315 1.2628 0.1575, 0.3439 2.6752 0.1575
            ]
        }
        coordIndex [
            0,1,2,-1,3,0,4,-1,5,3,6,-1,7,8,9,-1,10,11,12,-1,13,14,15,-1,16,17,18,-1,19,20,21,-1,22,23,24,-1,25,26,27,-1,28,29,27,-1,27,29,30,-1,26,31,27,-1,27,31,32,-1,27,32,33,-1,33,34,27,-1,27,34,35,-1,27,35,28,-1,36,25,37,-1,38,39,40,-1,40,39,41,-1,41,42,40,-1,40,42,43,-1,40,43,37,-1,37,43,44,-1,37,44,36,-1,45,46,38,-1,46,47,38,-1,38,47,48,-1,38,48,39,-1,39,48,49,-1,39,49,50,-1,50,49,51,-1,50,51,52,-1,24,23,53,-1,23,54,53,-1,53,54,55,-1,53,55,38,-1,38,55,56,-1,38,56,45,-1,57,58,59,-1,60,61,59,-1,59,61,62,-1,59,62,57,-1,58,63,59,-1,59,63,64,-1,59,64,24,-1,24,64,65,-1,24,65,22,-1,60,59,66,-1,66,59,67,-1,66,67,68,-1,68,67,69,-1,69,67,70,-1,69,70,71,-1,72,73,74,-1,74,73,75,-1,75,76,70,-1,70,76,77,-1,70,77,71,-1,21,20,78,-1,20,79,78,-1,78,79,80,-1,78,80,74,-1,74,80,81,-1,74,81,72,-1,82,83,84,-1,85,86,87,-1,88,89,90,-1,90,89,91,-1,85,87,92,-1,93,94,89,-1,89,94,95,-1,89,95,96,-1,97,98,21,-1,21,98,99,-1,21,99,100,-1,86,101,87,-1,87,101,102,-1,87,102,103,-1,84,83,21,-1,21,83,104,-1,21,104,97,-1,105,106,107,-1,107,106,108,-1,107,108,109,-1,110,96,111,-1,111,96,112,-1,111,112,107,-1,107,112,113,-1,107,113,105,-1,110,114,96,-1,96,114,115,-1,96,115,89,-1,89,115,116,-1,89,116,91,-1,117,118,87,-1,87,118,119,-1,87,119,89,-1,89,119,120,-1,89,120,93,-1,121,122,123,-1,123,122,124,-1,123,124,87,-1,87,124,125,-1,87,125,92,-1,126,127,19,-1,19,127,128,-1,128,129,19,-1,19,129,130,-1,19,130,131,-1,131,130,121,-1,131,121,132,-1,132,121,123,-1,103,133,87,-1,87,133,134,-1,87,134,135,-1,100,136,21,-1,21,136,137,-1,21,137,19,-1,19,137,138,-1,19,138,126,-1,135,139,87,-1,87,139,140,-1,87,140,117,-1,141,142,143,-1,143,96,141,-1,141,96,95,-1,141,95,144,-1,144,95,145,-1,145,146,144,-1,144,146,147,-1,144,147,148,-1,149,150,151,-1,149,151,152,-1,153,151,154,-1,142,141,153,-1,153,141,155,-1,153,155,151,-1,151,155,156,-1,151,156,152,-1,154,157,153,-1,153,157,158,-1,153,158,159,-1,150,160,151,-1,151,160,161,-1,151,161,162,-1,162,161,163,-1,163,161,164,-1,164,161,165,-1,164,165,166,-1,167,168,159,-1,159,168,169,-1,159,169,153,-1,29,170,30,-1,30,170,171,-1,30,171,84,-1,84,171,172,-1,84,172,82,-1,173,174,175,-1,174,173,176,-1,176,173,177,-1,176,177,178,-1,178,177,179,-1,178,179,180,-1,181,182,183,-1,183,182,184,-1,183,184,185,-1,186,187,188,-1,189,190,191,-1,191,190,192,-1,193,191,194,-1,194,191,192,-1,194,192,195,-1,196,197,198,-1,198,197,199,-1,192,200,195,-1,195,200,201,-1,195,201,202,-1,203,204,205,-1,188,187,206,-1,206,187,207,-1,206,207,208,-1,209,210,211,-1,211,210,212,-1,211,212,213,-1,213,212,203,-1,213,203,214,-1,214,203,205,-1,215,216,217,-1,217,216,218,-1,219,220,221,-1,222,223,218,-1,224,225,226,-1,222,218,227,-1,224,226,218,-1,218,226,228,-1,218,228,227,-1,229,230,231,-1,231,230,232,-1,231,232,233,-1,233,232,234,-1,233,234,215,-1,235,236,237,-1,238,239,240,-1,220,241,221,-1,221,241,242,-1,221,242,240,-1,240,242,243,-1,240,243,238,-1,244,245,237,-1,237,245,246,-1,239,247,240,-1,240,247,248,-1,240,248,249,-1,249,248,250,-1,249,250,235,-1,251,252,236,-1,236,252,253,-1,236,253,237,-1,237,253,254,-1,237,254,244,-1,246,255,237,-1,237,255,256,-1,237,256,257,-1,258,259,260,-1,260,259,261,-1,260,261,262,-1,260,263,258,-1,258,263,264,-1,258,264,265,-1,265,266,258,-1,258,266,267,-1,258,267,268,-1,268,267,269,-1,268,269,270,-1,270,269,271,-1,270,271,236,-1,236,271,272,-1,236,272,251,-1,273,274,262,-1,262,274,275,-1,262,275,260,-1,276,277,225,-1,225,277,278,-1,225,278,226,-1,276,279,277,-1,277,279,280,-1,277,280,281,-1,281,280,282,-1,281,283,284,-1,282,285,281,-1,281,285,286,-1,281,286,287,-1,287,288,281,-1,281,288,289,-1,281,289,283,-1,284,290,281,-1,281,290,291,-1,281,291,292,-1,293,294,295,-1,296,297,298,-1,298,297,299,-1,300,301,191,-1,191,301,302,-1,191,302,189,-1,189,302,303,-1,191,304,300,-1,300,304,305,-1,300,305,306,-1,307,305,308,-1,308,305,304,-1,308,304,309,-1,309,304,191,-1,309,191,310,-1,310,191,173,-1,310,173,311,-1,311,173,312,-1,311,312,295,-1,295,312,313,-1,295,313,293,-1,314,315,316,-1,316,315,317,-1,316,317,318,-1,318,317,319,-1,320,321,322,-1,322,323,320,-1,320,323,324,-1,320,324,325,-1,317,326,319,-1,319,326,327,-1,319,327,328,-1,329,330,331,-1,332,333,314,-1,314,333,334,-1,314,334,315,-1,318,322,316,-1,316,322,321,-1,316,321,335,-1,335,321,336,-1,335,336,331,-1,331,336,337,-1,331,337,329,-1,17,338,18,-1,18,338,339,-1,18,339,340,-1,340,339,341,-1,340,341,342,-1,27,343,344,-1,25,27,37,-1,37,27,344,-1,37,344,345,-1,14,13,332,-1,332,13,346,-1,332,346,347,-1,348,349,350,-1,350,349,351,-1,350,351,352,-1,352,351,353,-1,352,353,347,-1,347,353,330,-1,347,330,332,-1,332,330,329,-1,332,329,333,-1,354,355,350,-1,350,355,356,-1,350,356,357,-1,358,359,360,-1,360,359,361,-1,354,362,355,-1,355,362,363,-1,355,363,364,-1,364,363,361,-1,364,361,365,-1,365,361,359,-1,357,366,350,-1,350,366,367,-1,350,367,368,-1,368,369,350,-1,350,369,370,-1,350,370,348,-1,371,372,373,-1,373,372,374,-1,374,372,375,-1,374,375,376,-1,377,378,379,-1,379,380,377,-1,377,380,381,-1,377,381,382,-1,18,383,377,-1,377,383,384,-1,377,384,378,-1,385,386,340,-1,340,386,387,-1,340,387,18,-1,18,387,388,-1,18,388,383,-1,385,389,390,-1,390,389,391,-1,392,393,389,-1,389,393,394,-1,389,394,391,-1,395,396,221,-1,221,396,397,-1,353,398,330,-1,330,398,399,-1,330,399,400,-1,400,399,401,-1,400,401,402,-1,403,404,237,-1,237,404,405,-1,235,237,249,-1,249,237,405,-1,249,405,210,-1,210,405,406,-1,210,406,212,-1,407,404,408,-1,408,404,403,-1,408,403,409,-1,410,411,237,-1,237,411,412,-1,237,412,403,-1,403,412,413,-1,403,413,409,-1,414,415,416,-1,416,417,414,-1,414,417,418,-1,414,418,419,-1,420,421,422,-1,422,421,423,-1,421,424,423,-1,423,424,411,-1,423,411,425,-1,425,411,410,-1,425,410,426,-1,426,410,419,-1,426,419,427,-1,427,419,418,-1,428,429,430,-1,430,429,414,-1,414,429,431,-1,414,431,415,-1,10,12,432,-1,75,70,74,-1,74,70,433,-1,74,433,434,-1,5,435,436,-1,436,435,430,-1,436,430,437,-1,437,430,414,-1,437,414,438,-1,438,414,419,-1,257,229,237,-1,237,229,231,-1,237,231,410,-1,410,231,439,-1,410,439,419,-1,419,439,440,-1,419,440,438,-1,435,441,430,-1,430,441,12,-1,430,12,428,-1,428,12,11,-1,3,4,6,-1,6,4,442,-1,6,442,179,-1,7,9,443,-1,443,9,444,-1,443,444,445,-1,445,444,217,-1,445,217,446,-1,215,217,233,-1,233,217,444,-1,233,444,231,-1,231,444,9,-1,231,9,439,-1,439,9,8,-1,439,8,440,-1,441,188,12,-1,12,188,206,-1,12,206,432,-1,432,206,208,-1,432,208,209,-1,209,208,303,-1,209,303,210,-1,210,303,302,-1,447,448,449,-1,449,448,450,-1,451,447,452,-1,452,447,449,-1,452,449,453,-1,453,449,454,-1,455,456,451,-1,451,456,457,-1,451,457,447,-1,447,457,458,-1,447,458,459,-1,460,84,459,-1,459,84,21,-1,459,21,447,-1,447,21,78,-1,447,78,461,-1,461,78,74,-1,461,74,462,-1,462,74,434,-1,462,434,463,-1,464,465,466,-1,467,468,469,-1,469,468,470,-1,469,470,471,-1,472,473,474,-1,221,475,476,-1,465,477,466,-1,466,477,478,-1,466,478,479,-1,479,478,474,-1,479,474,480,-1,480,474,473,-1,223,219,218,-1,218,219,221,-1,218,221,217,-1,217,221,476,-1,217,476,481,-1,392,389,397,-1,397,389,482,-1,397,482,221,-1,221,482,483,-1,221,483,484,-1,485,486,469,-1,469,486,487,-1,469,487,467,-1,484,488,221,-1,221,488,489,-1,221,489,490,-1,446,491,492,-1,493,482,494,-1,494,482,446,-1,494,446,495,-1,464,466,493,-1,493,466,496,-1,493,496,482,-1,482,496,497,-1,482,497,483,-1,498,499,474,-1,474,499,500,-1,474,500,501,-1,490,502,221,-1,221,502,503,-1,221,503,475,-1,492,504,446,-1,446,504,505,-1,446,505,495,-1,501,506,474,-1,474,506,507,-1,474,507,472,-1,481,469,217,-1,217,469,471,-1,217,471,446,-1,446,471,508,-1,446,508,491,-1,196,198,193,-1,193,198,186,-1,193,186,191,-1,191,186,188,-1,191,188,509,-1,510,511,177,-1,177,511,512,-1,512,513,177,-1,177,513,514,-1,177,514,515,-1,5,6,435,-1,435,6,179,-1,435,179,441,-1,441,179,177,-1,441,177,188,-1,188,177,515,-1,188,515,509,-1,509,516,191,-1,191,516,517,-1,191,517,173,-1,173,517,518,-1,173,518,519,-1,519,520,173,-1,173,520,521,-1,173,521,522,-1,522,523,173,-1,173,523,524,-1,173,524,177,-1,177,524,525,-1,177,525,510,-1,343,27,342,-1,342,27,30,-1,342,30,340,-1,340,30,84,-1,340,84,448,-1,448,84,460,-1,448,460,450,-1,385,340,389,-1,389,340,448,-1,389,448,482,-1,482,448,447,-1,482,447,446,-1,446,447,461,-1,446,461,445,-1,445,461,462,-1,445,462,443,-1,443,462,463,-1,443,463,7,-1,301,296,302,-1,302,296,298,-1,302,298,210,-1,210,298,335,-1,210,335,249,-1,249,335,331,-1,249,331,240,-1,240,331,330,-1,240,330,221,-1,221,330,400,-1,221,400,395,-1,395,400,402,-1,526,527,298,-1,528,529,530,-1,530,529,531,-1,527,532,298,-1,298,532,533,-1,298,533,534,-1,316,535,530,-1,530,535,536,-1,530,536,537,-1,534,538,298,-1,298,538,539,-1,298,539,335,-1,335,539,540,-1,335,540,316,-1,316,540,541,-1,316,541,535,-1,537,542,530,-1,530,542,543,-1,530,543,528,-1,294,293,299,-1,299,293,530,-1,299,530,298,-1,298,530,531,-1,298,531,526,-1,183,180,181,-1,181,180,179,-1,181,179,544,-1,544,179,442,-1,544,442,545,-1,545,442,546,-1,545,546,175,-1,175,546,547,-1,175,547,173,-1,173,547,548,-1,173,548,312,-1,312,548,549,-1,312,549,313,-1,0,2,4,-1,4,2,550,-1,4,550,442,-1,442,550,551,-1,442,551,546,-1,546,551,552,-1,546,552,547,-1,547,552,553,-1,547,553,548,-1,548,553,554,-1,548,554,549,-1,382,371,377,-1,377,371,373,-1,377,373,18,-1,18,373,345,-1,18,345,16,-1,16,345,344,-1,554,555,549,-1,549,555,556,-1,549,556,313,-1,313,556,557,-1,313,557,293,-1,293,557,558,-1,293,558,530,-1,530,558,559,-1,530,559,316,-1,316,559,560,-1,316,560,314,-1,314,560,561,-1,314,561,332,-1,332,561,562,-1,332,562,14,-1,14,562,374,-1,14,374,15,-1,15,374,376,-1,563,564,565,-1,565,564,566,-1,567,568,569,-1,569,568,570,-1,571,572,573,-1,573,572,574,-1,575,576,577,-1,577,576,578,-1,577,578,579,-1,580,581,582,-1,582,581,583,-1,584,585,586,-1,579,587,577,-1,577,587,588,-1,577,588,582,-1,582,588,589,-1,582,589,580,-1,590,591,582,-1,592,593,594,-1,594,595,592,-1,592,595,596,-1,592,596,597,-1,597,596,598,-1,597,598,599,-1,599,598,586,-1,586,598,600,-1,586,600,584,-1,601,602,603,-1,603,602,604,-1,605,606,592,-1,592,606,607,-1,592,607,593,-1,608,609,610,-1,610,609,611,-1,610,611,577,-1,577,611,612,-1,577,612,575,-1,613,614,610,-1,610,614,606,-1,591,615,582,-1,582,615,616,-1,582,616,603,-1,603,616,617,-1,603,617,601,-1,604,618,603,-1,603,618,619,-1,603,619,610,-1,610,619,620,-1,610,620,613,-1,605,621,606,-1,606,621,622,-1,606,622,610,-1,610,622,623,-1,610,623,608,-1,585,624,586,-1,586,624,590,-1,586,590,625,-1,625,590,582,-1,625,582,626,-1,626,582,583,-1,627,628,629,-1,629,628,630,-1,629,630,631,-1,631,632,629,-1,629,632,565,-1,629,565,633,-1,633,565,566,-1,634,635,636,-1,636,635,568,-1,636,568,629,-1,629,568,567,-1,629,567,627,-1,637,638,636,-1,636,638,639,-1,636,639,634,-1,1,0,633,-1,633,0,3,-1,633,3,640,-1,640,3,5,-1,640,433,641,-1,642,643,640,-1,640,643,572,-1,640,572,636,-1,636,572,571,-1,636,571,637,-1,566,644,633,-1,633,644,645,-1,633,645,646,-1,646,647,633,-1,633,647,648,-1,633,648,1,-1,641,649,640,-1,640,649,650,-1,640,650,642,-1,5,436,640,-1,640,436,437,-1,640,437,438,-1,438,440,640,-1,640,440,8,-1,640,8,7,-1,7,463,640,-1,640,463,434,-1,640,434,433,-1,651,629,652,-1,652,629,633,-1,652,633,653,-1,654,636,655,-1,655,636,629,-1,655,629,651,-1,656,640,657,-1,657,640,636,-1,657,636,654,-1,653,633,658,-1,658,633,640,-1,658,640,656,-1,
        ]
    }
}
Shape{
    appearance Appearance {
        material  Material 	{
            diffuseColor 0.2235294117647059 0.2235294117647059 0.2235294117647059
            specularColor 0.11372549019607843 0.11372549019607843 0.11372549019607843
            ambientIntensity 0.2235
            transparency 0.0
            shininess 0.5
        }
    }
    geometry IndexedFaceSet {
        ccw TRUE
        solid FALSE
        coord DEF co Coordinate {
            point [
                -1.897 -2.4412 0.1575, 0.3439 -2.9154 0.1575, -1.9051 -2.4475 0.1575, -1.9146 -2.4514 0.1575, -2.7315 0.2526 0.1575, -3.1551 1.2628 0.1575, -2.722 0.2487 0.1575, 0.3439 1.2628 0.1575, -2.7139 0.2424 0.1575, -2.7417 0.2539 0.1575, -2.8598 0.2539 0.1575, -2.87 0.2526 0.1575, -1.9248 -2.1969 0.1575, -2.722 -0.1739 0.1575, -2.7139 -0.1676 0.1575, -2.1217 -2.4475 0.1575, -2.1122 -2.4514 0.1575, -3.1551 -2.9154 0.1575, -2.102 -2.4528 0.1575, -1.9248 -2.4528 0.1575, -1.8907 -2.4331 0.1575, -1.8868 -2.4236 0.1575, -1.8854 -2.4134 0.1575, -2.8979 -0.15 0.1575, -2.8939 -0.1594 0.1575, -2.8877 -0.1676 0.1575, -2.8795 -0.1739 0.1575, -2.7076 -0.1594 0.1575, -2.7037 -0.15 0.1575, -2.7024 -0.1398 0.1575, -1.8854 -2.2362 0.1575, -1.8868 -2.226 0.1575, -1.8907 -2.2165 0.1575, -1.897 -2.2084 0.1575, -1.9051 -2.2021 0.1575, -1.9146 -2.1982 0.1575, -2.8795 0.2487 0.1575, -2.8877 0.2424 0.1575, -2.8939 0.2343 0.1575, -2.1413 -2.4134 0.1575, -2.14 -2.4236 0.1575, -2.7024 0.2146 0.1575, -2.7037 0.2248 0.1575, -2.7076 0.2343 0.1575, -2.8979 0.2248 0.1575, -2.8992 0.2146 0.1575, -2.8992 -0.1398 0.1575, -2.1413 -2.2362 0.1575, -2.1361 -2.4331 0.1575, -2.1298 -2.4412 0.1575, -2.8598 -0.1791 0.1575, -2.1217 -2.2021 0.1575, -2.87 -0.1778 0.1575, -2.102 -2.1969 0.1575, -2.1122 -2.1982 0.1575, -2.7315 -0.1778 0.1575, -2.7417 -0.1791 0.1575, -2.1298 -2.2084 0.1575, -2.1361 -2.2165 0.1575, -2.14 -2.226 0.1575, -1.9051 2.2769 0.1575, -1.897 2.2832 0.1575, -3.1551 2.6752 0.1575, -2.1122 2.5262 0.1575, -2.1217 2.5223 0.1575, 0.3439 2.6752 0.1575, -1.9248 2.5276 0.1575, -2.102 2.5276 0.1575, -1.8854 2.4882 0.1575, -1.8868 2.4984 0.1575, -1.8907 2.5079 0.1575, -1.897 2.516 0.1575, -1.9051 2.5223 0.1575, -1.9146 2.5262 0.1575, -2.1361 2.2913 0.1575, -2.1298 2.2832 0.1575, -2.1217 2.2769 0.1575, -2.1122 2.273 0.1575, -2.1298 2.516 0.1575, -2.1361 2.5079 0.1575, -2.14 2.4984 0.1575, -1.8907 2.2913 0.1575, -1.8868 2.3008 0.1575, -1.8854 2.311 0.1575, -2.102 2.2717 0.1575, -1.9248 2.2717 0.1575, -1.9146 2.273 0.1575, -2.1413 2.4882 0.1575, -2.1413 2.311 0.1575, -2.14 2.3008 0.1575, 2.6024 -2.2277 0.1575, 2.6126 -2.2264 0.1575, 3.9315 1.2628 0.1575, 2.9669 -2.2264 0.1575, 2.5929 -2.2317 0.1575, 2.5848 -2.2379 0.1575, 2.5785 -2.2461 0.1575, 2.9948 -2.2379 0.1575, 2.9866 -2.2317 0.1575, 2.9771 -2.2277 0.1575, 2.5746 -2.2556 0.1575, 2.5732 -2.2657 0.1575, 2.5732 -2.3839 0.1575, 2.5746 -2.394 0.1575, 2.5785 -2.4035 0.1575, 2.5848 -2.4117 0.1575, 2.9669 -2.4232 0.1575, 2.9771 -2.4219 0.1575, 3.9315 -2.9154 0.1575, 2.9866 -2.418 0.1575, 2.9948 -2.4117 0.1575, 3.001 -2.4035 0.1575, 3.005 -2.394 0.1575, 3.0063 -2.3839 0.1575, 2.5929 -2.418 0.1575, 2.6024 -2.4219 0.1575, 2.6126 -2.4232 0.1575, 3.0063 -2.2657 0.1575, 3.005 -2.2556 0.1575, 3.001 -2.2461 0.1575, 2.9866 2.3065 0.1575, 2.9948 2.3127 0.1575, 3.9315 2.6752 0.1575, 2.6126 2.498 0.1575, 2.6024 2.4967 0.1575, 2.5929 2.4928 0.1575, 2.5848 2.4865 0.1575, 2.5785 2.4783 0.1575, 2.5746 2.4689 0.1575, 3.0063 2.4587 0.1575, 3.005 2.4689 0.1575, 2.9866 2.4928 0.1575, 2.9771 2.4967 0.1575, 2.9669 2.498 0.1575, 2.5732 2.4587 0.1575, 2.5732 2.3406 0.1575, 2.5746 2.3304 0.1575, 2.5785 2.3209 0.1575, 2.6126 2.3012 0.1575, 2.9669 2.3012 0.1575, 2.9771 2.3025 0.1575, 3.001 2.4783 0.1575, 2.9948 2.4865 0.1575, 2.5848 2.3127 0.1575, 2.5929 2.3065 0.1575, 2.6024 2.3025 0.1575, 3.001 2.3209 0.1575, 3.005 2.3304 0.1575, 3.0063 2.3406 0.1575
            ]
        }
        coordIndex [
            0,1,2,-1,2,1,3,-1,4,5,6,-1,6,5,7,-1,6,7,8,-1,4,9,5,-1,5,9,10,-1,5,10,11,-1,12,13,14,-1,15,16,17,-1,17,16,18,-1,17,18,1,-1,1,18,19,-1,1,19,3,-1,0,20,1,-1,1,20,21,-1,1,21,22,-1,23,24,17,-1,17,24,25,-1,17,25,26,-1,14,27,12,-1,12,27,28,-1,12,28,29,-1,22,30,1,-1,1,30,31,-1,1,31,7,-1,7,31,32,-1,7,32,33,-1,33,34,7,-1,7,34,35,-1,7,35,12,-1,11,36,5,-1,5,36,37,-1,5,37,38,-1,39,40,17,-1,29,41,12,-1,12,41,42,-1,12,42,7,-1,7,42,43,-1,7,43,8,-1,38,44,5,-1,5,44,45,-1,5,45,17,-1,17,45,46,-1,17,46,23,-1,39,17,47,-1,40,48,17,-1,17,48,49,-1,17,49,15,-1,50,51,52,-1,52,51,26,-1,12,53,13,-1,13,53,54,-1,13,54,55,-1,55,54,51,-1,55,51,56,-1,56,51,50,-1,51,57,26,-1,26,57,58,-1,26,58,17,-1,17,58,59,-1,17,59,47,-1,60,61,7,-1,62,63,64,-1,65,66,62,-1,62,66,67,-1,62,67,63,-1,68,69,65,-1,65,69,70,-1,65,70,71,-1,71,72,65,-1,65,72,73,-1,65,73,66,-1,74,75,5,-1,5,75,76,-1,5,76,77,-1,64,78,62,-1,62,78,79,-1,62,79,80,-1,61,81,7,-1,7,81,82,-1,7,82,65,-1,65,82,83,-1,65,83,68,-1,77,84,5,-1,5,84,85,-1,5,85,7,-1,7,85,86,-1,7,86,60,-1,80,87,62,-1,62,87,88,-1,62,88,5,-1,5,88,89,-1,5,89,74,-1,90,7,91,-1,91,7,92,-1,91,92,93,-1,90,94,7,-1,7,94,95,-1,7,95,1,-1,1,95,96,-1,97,98,92,-1,92,98,99,-1,92,99,93,-1,96,100,1,-1,1,100,101,-1,1,101,102,-1,102,103,1,-1,1,103,104,-1,1,104,105,-1,106,107,108,-1,108,107,109,-1,108,109,110,-1,110,111,108,-1,108,111,112,-1,108,112,113,-1,105,114,1,-1,1,114,115,-1,1,115,108,-1,108,115,116,-1,108,116,106,-1,113,117,108,-1,108,117,118,-1,108,118,92,-1,92,118,119,-1,92,119,97,-1,120,121,92,-1,122,123,65,-1,65,123,124,-1,65,124,125,-1,125,126,65,-1,65,126,127,-1,65,127,128,-1,129,130,122,-1,131,132,122,-1,122,132,133,-1,122,133,123,-1,128,134,65,-1,65,134,135,-1,65,135,7,-1,7,135,136,-1,7,136,137,-1,138,139,92,-1,92,139,140,-1,92,140,120,-1,130,141,122,-1,122,141,142,-1,122,142,131,-1,137,143,7,-1,7,143,144,-1,7,144,92,-1,92,144,145,-1,92,145,138,-1,121,146,92,-1,92,146,147,-1,92,147,122,-1,122,147,148,-1,122,148,129,-1,
        ]
    }
}
Shape{
    appearance Appearance {
        material  Material 	{
            diffuseColor 0.15294117647058825 0.6078431372549019 1.0
            specularColor 0.047058823529411764 0.1843137254901961 0.30196078431372547
            ambientIntensity 0.5165
            transparency 0.0
            shininess 0.5
        }
    }
    geometry IndexedFaceSet {
        ccw TRUE
        solid FALSE
        coord DEF co Coordinate {
            point [
                4.1283 2.9114 6.0236, 4.1283 2.9114 0.0, 4.1216 2.9624 0.0, 4.1216 2.9624 6.0236, 4.102 3.0098 0.0, 4.102 3.0098 6.0236, 4.0707 3.0506 0.0, 4.0707 3.0506 6.0236, 4.0299 3.0819 0.0, 4.0299 3.0819 6.0236, 3.9824 3.1016 0.0, 3.9824 3.1016 6.0236, 3.9315 3.1083 0.0, 3.9315 3.1083 2.2556, 3.9315 3.1083 4.6117, 3.9315 3.1083 4.9256, 3.9315 3.1083 4.5717, 3.9315 3.1083 4.9943, 3.9315 3.1083 5.2384, 3.9315 3.1083 6.0236, 3.9315 2.9114 6.2205, 3.9315 -2.9154 6.2205, 3.9824 -2.9154 6.2138, 3.9824 2.9114 6.2138, 4.0299 -2.9154 6.1941, 4.0299 2.9114 6.1941, 4.0707 -2.9154 6.1628, 4.0707 2.9114 6.1628, 4.102 -2.9154 6.122, 4.102 2.9114 6.122, 4.1216 -2.9154 6.0746, 4.1216 2.9114 6.0746, 4.1283 -2.9154 6.0236, 3.9315 -3.1122 6.0236, 3.9315 -3.1122 0.0, 3.9824 -3.1055 0.0, 3.9824 -3.1055 6.0236, 4.0299 -3.0858 0.0, 4.0299 -3.0858 6.0236, 4.0707 -3.0545 0.0, 4.0707 -3.0545 6.0236, 4.102 -3.0138 0.0, 4.102 -3.0138 6.0236, 4.1216 -2.9663 0.0, 4.1216 -2.9663 6.0236, 4.1283 -2.9154 0.0, 3.9675 3.1016 6.0597, 3.9756 3.1016 6.0491, 3.9315 3.0875 6.1085, 3.9315 3.0819 6.122, 3.957 3.0819 6.1187, 3.9315 3.064 6.1454, 3.9315 3.0506 6.1628, 3.9675 3.0506 6.1581, 4.1152 2.9624 6.0728, 4.0659 2.9624 6.1581, 3.9315 2.9551 6.2147, 3.9807 2.9624 6.2073, 3.9315 2.9624 6.2138, 4.0266 2.9624 6.1883, 4.0167 3.0098 6.1713, 3.9315 2.9963 6.1997, 3.9756 3.0098 6.1883, 3.9315 3.0098 6.1941, 3.9315 3.0331 6.1762, 4.0659 3.0506 6.0597, 4.0011 3.0506 6.1442, 4.052 3.0098 6.1442, 4.0962 2.9624 6.1187, 4.0266 3.0819 6.0491, 4.0167 3.0819 6.0728, 4.0791 3.0098 6.1089, 4.0299 3.0506 6.122, 3.9807 3.0819 6.1089, 3.9447 3.1016 6.0728, 3.9807 3.1016 6.0368, 3.9315 3.1025 6.0673, 3.9315 3.1016 6.0746, 4.0962 3.0098 6.0677, 4.052 3.0506 6.0932, 4.0011 3.0819 6.0932, 3.957 3.1016 6.0677, 3.9315 -2.9663 6.2138, 3.9807 -2.9663 6.2073, 3.9807 -3.0858 6.1089, 3.957 -3.1055 6.0677, 3.9675 -3.1055 6.0597, 3.9807 -3.1055 6.0368, 3.9447 -3.1055 6.0728, 3.957 -3.0858 6.1187, 3.9675 -3.0545 6.1581, 3.9315 -3.1055 6.0746, 4.0011 -3.0858 6.0932, 3.9756 -3.1055 6.0491, 4.0167 -3.0858 6.0728, 4.0266 -3.0858 6.0491, 3.9315 -3.0858 6.122, 3.9315 -3.0545 6.1628, 3.9315 -3.0138 6.1941, 4.0011 -3.0545 6.1442, 4.0299 -3.0545 6.122, 4.052 -3.0545 6.0932, 4.0659 -3.0545 6.0597, 3.9756 -3.0138 6.1883, 4.0167 -3.0138 6.1713, 4.052 -3.0138 6.1442, 4.0791 -3.0138 6.1089, 4.0962 -3.0138 6.0677, 4.0266 -2.9663 6.1883, 4.0659 -2.9663 6.1581, 4.0962 -2.9663 6.1187, 4.1152 -2.9663 6.0728, -3.2339 3.1083 4.9943, -3.2848 3.1016 6.0236, -3.2339 3.1083 5.2384, -3.2339 3.1083 6.0236, -3.2339 3.1083 4.9256, -3.2339 3.1083 4.6117, -3.2339 3.1083 4.5717, -3.2339 3.1083 0.0, -3.2848 3.1016 0.0, -3.2339 3.1083 2.2556, -3.3323 3.0819 0.0, -3.3323 3.0819 6.0236, -3.3731 3.0506 0.0, -3.3731 3.0506 6.0236, -3.4043 3.0098 0.0, -3.4043 3.0098 6.0236, -3.424 2.9624 0.0, -3.424 2.9624 6.0236, -3.4307 2.9114 0.0, -3.4307 2.9114 6.0236, -3.2339 2.9114 6.2205, -3.2339 3.1025 6.0673, -3.2339 3.1016 6.0746, -3.2339 3.0875 6.1085, -3.2339 3.0819 6.122, -3.2339 3.064 6.1454, -3.2339 3.0506 6.1628, -3.2339 3.0331 6.1762, -3.2339 3.0098 6.1941, -3.2339 2.9963 6.1997, -3.2339 2.9624 6.2138, -3.2339 2.9551 6.2147, 2.1076 3.1083 6.0236, 1.8753 3.1083 6.0236, 1.861 3.1083 6.0236, 1.7014 3.1083 6.0236, 1.6582 3.1083 6.0236, 1.549 3.1083 6.0236, 1.491 3.1083 6.0236, 1.2657 3.1083 6.0236, 1.1929 3.1083 6.0236, 0.9676 3.1083 6.0236, -1.2443 3.1083 6.0236, -3.2339 -2.9154 6.2205, -3.2339 -2.9663 6.2138, -3.2339 -3.0138 6.1941, -3.2339 -3.0545 6.1628, -3.2339 -3.0858 6.122, -3.2339 -3.1055 6.0746, -3.2339 -3.1122 6.0236, -3.4307 -2.9154 6.0236, -3.4307 -2.9154 0.0, -3.424 -2.9663 0.0, -3.424 -2.9663 6.0236, -3.4043 -3.0138 0.0, -3.4043 -3.0138 6.0236, -3.3731 -3.0545 0.0, -3.3731 -3.0545 6.0236, -3.3323 -3.0858 0.0, -3.3323 -3.0858 6.0236, -3.2848 -3.1055 0.0, -3.2848 -3.1055 6.0236, -3.2339 -3.1122 0.0, -3.247 3.1016 6.0728, -3.2848 2.9114 6.2138, -3.2831 2.9624 6.2073, -3.278 3.0098 6.1883, -3.2699 3.0506 6.1581, -3.2593 3.0819 6.1187, -3.424 2.9114 6.0746, -3.4043 2.9114 6.122, -3.4175 2.9624 6.0728, -3.3985 2.9624 6.1187, -3.3985 3.0098 6.0677, -3.3815 3.0098 6.1089, -3.3683 3.0506 6.0597, -3.3544 3.0506 6.0932, -3.3289 3.0819 6.0491, -3.3191 3.0819 6.0728, -3.2831 3.1016 6.0368, -3.278 3.1016 6.0491, -3.3731 2.9114 6.1628, -3.3683 2.9624 6.1581, -3.3544 3.0098 6.1442, -3.3323 3.0506 6.122, -3.3035 3.0819 6.0932, -3.2699 3.1016 6.0597, -3.3323 2.9114 6.1941, -3.3289 2.9624 6.1883, -3.3191 3.0098 6.1713, -3.3035 3.0506 6.1442, -3.2831 3.0819 6.1089, -3.2593 3.1016 6.0677, -3.4175 -2.9663 6.0728, -3.3191 -3.0858 6.0728, -3.278 -3.1055 6.0491, -3.2699 -3.1055 6.0597, -3.247 -3.1055 6.0728, -3.2831 -3.1055 6.0368, -3.3289 -3.0858 6.0491, -3.3683 -3.0545 6.0597, -3.3035 -3.0858 6.0932, -3.2593 -3.1055 6.0677, -3.2831 -3.0858 6.1089, -3.2593 -3.0858 6.1187, -3.3544 -3.0545 6.0932, -3.3323 -3.0545 6.122, -3.3035 -3.0545 6.1442, -3.2699 -3.0545 6.1581, -3.3985 -3.0138 6.0677, -3.3815 -3.0138 6.1089, -3.3544 -3.0138 6.1442, -3.3191 -3.0138 6.1713, -3.278 -3.0138 6.1883, -3.3985 -2.9663 6.1187, -3.3683 -2.9663 6.1581, -3.3289 -2.9663 6.1883, -3.2831 -2.9663 6.2073, -3.424 -2.9154 6.0746, -3.4043 -2.9154 6.122, -3.3731 -2.9154 6.1628, -3.3323 -2.9154 6.1941, -3.2848 -2.9154 6.2138
            ]
        }
        coordIndex [
            0,1,2,-1,0,2,3,-1,3,2,4,-1,3,4,5,-1,5,4,6,-1,5,6,7,-1,7,6,8,-1,7,8,9,-1,9,8,10,-1,9,10,11,-1,10,12,13,-1,14,15,11,-1,10,13,11,-1,11,13,16,-1,11,16,14,-1,15,17,11,-1,11,17,18,-1,11,18,19,-1,20,21,22,-1,20,22,23,-1,23,22,24,-1,23,24,25,-1,25,24,26,-1,25,26,27,-1,27,26,28,-1,27,28,29,-1,29,28,30,-1,29,30,31,-1,31,30,32,-1,31,32,0,-1,33,34,35,-1,33,35,36,-1,36,35,37,-1,36,37,38,-1,38,37,39,-1,38,39,40,-1,40,39,41,-1,40,41,42,-1,42,41,43,-1,42,43,44,-1,44,43,45,-1,44,45,32,-1,46,47,19,-1,48,49,50,-1,51,52,53,-1,54,31,0,-1,55,27,29,-1,20,23,56,-1,56,23,57,-1,56,57,58,-1,25,27,59,-1,59,27,55,-1,59,55,60,-1,58,57,61,-1,61,57,62,-1,61,62,63,-1,23,25,57,-1,57,25,59,-1,57,59,62,-1,62,59,60,-1,62,60,53,-1,53,52,62,-1,62,52,64,-1,62,64,63,-1,5,7,65,-1,49,51,50,-1,50,51,53,-1,50,53,66,-1,66,53,60,-1,66,60,67,-1,67,60,55,-1,67,55,68,-1,68,55,29,-1,68,29,31,-1,65,69,70,-1,31,54,68,-1,68,54,71,-1,68,71,67,-1,67,71,72,-1,67,72,66,-1,66,72,73,-1,66,73,50,-1,50,73,74,-1,50,74,48,-1,47,46,70,-1,70,69,47,-1,47,69,75,-1,47,75,19,-1,65,7,69,-1,69,7,9,-1,69,9,75,-1,75,9,11,-1,75,11,19,-1,19,76,74,-1,74,76,77,-1,74,77,48,-1,0,3,54,-1,54,3,78,-1,54,78,71,-1,71,78,79,-1,71,79,72,-1,72,79,80,-1,72,80,73,-1,73,80,81,-1,73,81,74,-1,74,81,19,-1,3,5,78,-1,78,5,65,-1,78,65,79,-1,79,65,70,-1,79,70,80,-1,80,70,46,-1,80,46,81,-1,81,46,19,-1,21,82,83,-1,84,85,86,-1,33,36,87,-1,86,85,33,-1,88,33,85,-1,88,85,89,-1,89,85,84,-1,89,84,90,-1,91,33,88,-1,92,93,94,-1,94,93,87,-1,94,87,95,-1,95,87,36,-1,95,36,38,-1,91,88,96,-1,96,88,89,-1,96,89,97,-1,97,89,90,-1,97,90,98,-1,99,92,100,-1,100,92,94,-1,100,94,101,-1,101,94,95,-1,101,95,102,-1,102,95,38,-1,102,38,40,-1,103,99,104,-1,104,99,100,-1,104,100,105,-1,105,100,101,-1,105,101,106,-1,106,101,102,-1,106,102,107,-1,107,102,40,-1,107,40,42,-1,82,103,83,-1,83,103,104,-1,83,104,108,-1,108,104,105,-1,108,105,109,-1,109,105,106,-1,109,106,110,-1,110,106,107,-1,110,107,111,-1,111,107,42,-1,111,42,44,-1,21,83,22,-1,22,83,108,-1,22,108,24,-1,24,108,109,-1,24,109,26,-1,26,109,110,-1,26,110,28,-1,28,110,111,-1,28,111,30,-1,30,111,44,-1,30,44,32,-1,93,33,87,-1,82,98,103,-1,103,98,90,-1,103,90,99,-1,99,90,84,-1,99,84,92,-1,92,84,86,-1,92,86,93,-1,93,86,33,-1,112,113,114,-1,114,113,115,-1,112,116,113,-1,113,116,117,-1,113,117,118,-1,119,120,121,-1,121,120,118,-1,118,120,113,-1,113,120,122,-1,113,122,123,-1,123,122,124,-1,123,124,125,-1,125,124,126,-1,125,126,127,-1,127,126,128,-1,127,128,129,-1,129,128,130,-1,129,130,131,-1,132,20,56,-1,76,133,77,-1,77,133,134,-1,77,134,48,-1,48,134,135,-1,48,135,49,-1,49,135,136,-1,49,136,51,-1,51,136,137,-1,51,137,52,-1,52,137,138,-1,52,138,64,-1,64,138,139,-1,64,139,63,-1,63,139,140,-1,63,140,61,-1,61,140,141,-1,61,141,58,-1,58,141,142,-1,58,142,56,-1,56,142,143,-1,56,143,132,-1,19,144,76,-1,76,144,145,-1,76,145,133,-1,133,145,146,-1,146,147,133,-1,133,147,148,-1,133,148,149,-1,149,150,133,-1,133,150,151,-1,133,151,152,-1,152,153,133,-1,133,153,154,-1,133,154,115,-1,21,155,156,-1,21,156,82,-1,82,156,157,-1,82,157,98,-1,98,157,158,-1,98,158,97,-1,97,158,159,-1,97,159,96,-1,96,159,160,-1,96,160,91,-1,91,160,161,-1,91,161,33,-1,162,163,164,-1,162,164,165,-1,165,164,166,-1,165,166,167,-1,167,166,168,-1,167,168,169,-1,169,168,170,-1,169,170,171,-1,171,170,172,-1,171,172,173,-1,173,172,174,-1,173,174,161,-1,133,115,175,-1,132,143,176,-1,176,143,177,-1,143,142,177,-1,177,142,141,-1,177,141,178,-1,141,140,178,-1,178,140,139,-1,178,139,179,-1,139,138,179,-1,179,138,137,-1,179,137,180,-1,181,182,183,-1,183,182,184,-1,183,184,185,-1,185,184,186,-1,185,186,187,-1,187,186,188,-1,187,188,189,-1,189,188,190,-1,189,190,191,-1,191,190,192,-1,191,192,115,-1,182,193,184,-1,184,193,194,-1,184,194,186,-1,186,194,195,-1,186,195,188,-1,188,195,196,-1,188,196,190,-1,190,196,197,-1,190,197,192,-1,192,197,198,-1,192,198,115,-1,131,181,129,-1,129,181,183,-1,129,183,127,-1,127,183,185,-1,127,185,125,-1,125,185,187,-1,125,187,123,-1,123,187,189,-1,123,189,113,-1,113,189,191,-1,113,191,115,-1,199,176,200,-1,200,176,177,-1,200,177,201,-1,201,177,178,-1,201,178,202,-1,202,178,179,-1,202,179,203,-1,203,179,180,-1,203,180,204,-1,204,180,175,-1,204,175,115,-1,137,136,180,-1,180,136,135,-1,180,135,175,-1,175,135,134,-1,175,134,133,-1,193,199,194,-1,194,199,200,-1,194,200,195,-1,195,200,201,-1,195,201,196,-1,196,201,202,-1,196,202,197,-1,197,202,203,-1,197,203,198,-1,198,203,204,-1,198,204,115,-1,162,165,205,-1,206,207,208,-1,161,160,209,-1,208,207,161,-1,210,161,207,-1,210,207,211,-1,211,207,206,-1,211,206,212,-1,173,161,210,-1,213,214,215,-1,215,214,209,-1,215,209,216,-1,216,209,160,-1,216,160,159,-1,173,210,171,-1,171,210,211,-1,171,211,169,-1,169,211,212,-1,169,212,167,-1,217,213,218,-1,218,213,215,-1,218,215,219,-1,219,215,216,-1,219,216,220,-1,220,216,159,-1,220,159,158,-1,221,217,222,-1,222,217,218,-1,222,218,223,-1,223,218,219,-1,223,219,224,-1,224,219,220,-1,224,220,225,-1,225,220,158,-1,225,158,157,-1,165,221,205,-1,205,221,222,-1,205,222,226,-1,226,222,223,-1,226,223,227,-1,227,223,224,-1,227,224,228,-1,228,224,225,-1,228,225,229,-1,229,225,157,-1,229,157,156,-1,162,205,230,-1,230,205,226,-1,230,226,231,-1,231,226,227,-1,231,227,232,-1,232,227,228,-1,232,228,233,-1,233,228,229,-1,233,229,234,-1,234,229,156,-1,234,156,155,-1,214,161,209,-1,165,167,221,-1,221,167,212,-1,221,212,217,-1,217,212,206,-1,217,206,213,-1,213,206,208,-1,213,208,214,-1,214,208,161,-1,155,132,176,-1,155,176,234,-1,234,176,199,-1,234,199,233,-1,233,199,193,-1,233,193,232,-1,232,193,182,-1,232,182,231,-1,231,182,181,-1,231,181,230,-1,230,181,131,-1,230,131,162,-1,
        ]
    }
}
Shape{
    appearance Appearance {
        material  Material 	{
            diffuseColor 0.7686274509803922 0.7686274509803922 0.7686274509803922
            specularColor 0.615686274509804 0.615686274509804 0.615686274509804
            ambientIntensity 0.7686
            transparency 0.0
            shininess 0.5
        }
    }
    geometry IndexedFaceSet {
        ccw TRUE
        solid FALSE
        coord DEF co Coordinate {
            point [
                -2.7024 0.2146 0.1575, -2.7024 -0.1398 0.1575, -2.7024 0.2146 -0.9646, -2.7024 -0.1398 -0.9646, -2.7024 -0.1337 -1.0104, -2.7024 -0.116 -1.0531, -2.7024 -0.0879 -1.0898, -2.7024 -0.0512 -1.118, -2.7024 -0.0085 -1.1357, -2.7024 0.2085 -1.0104, -2.7024 0.126 -1.118, -2.7024 0.0833 -1.1357, -2.7024 0.0374 -1.1417, -2.7024 0.1627 -1.0898, -2.7024 0.1908 -1.0531, -2.7417 -0.1791 0.1575, -2.8598 -0.1791 0.1575, -2.7417 -0.1791 -0.9646, -2.8598 -0.1791 -0.9646, -2.8992 -0.0879 -1.0898, -2.8992 -0.116 -1.0531, -2.8992 0.2146 -0.9646, -2.8992 -0.0512 -1.118, -2.8992 -0.1398 0.1575, -2.8992 0.2146 0.1575, -2.8992 -0.1398 -0.9646, -2.8992 -0.1337 -1.0104, -2.8992 0.1908 -1.0531, -2.8992 0.1627 -1.0898, -2.8992 -0.0085 -1.1357, -2.8992 0.126 -1.118, -2.8992 0.0833 -1.1357, -2.8992 0.0374 -1.1417, -2.8992 0.2085 -1.0104, -2.7417 0.2539 -0.9646, -2.8598 0.2539 -0.9646, -2.7417 0.2539 0.1575, -2.8598 0.2539 0.1575, -1.8854 -2.4134 -1.1024, -1.8854 -2.2362 -1.1024, -1.8854 -2.4134 0.1575, -1.8854 -2.2362 0.1575, -1.9248 -2.4528 0.1575, -2.102 -2.4528 0.1575, -1.9248 -2.4528 -1.1024, -2.102 -2.4528 -1.1024, -2.1413 -2.4134 0.1575, -2.1413 -2.2362 0.1575, -2.1413 -2.4134 -1.1024, -2.1413 -2.2362 -1.1024, -1.9248 -2.1969 -1.1024, -2.102 -2.1969 -1.1024, -1.9248 -2.1969 0.1575, -2.102 -2.1969 0.1575, -1.9642 -2.2756 -1.1811, -1.9642 -2.374 -1.1811, -2.0626 -2.2756 -1.1811, -2.0626 -2.374 -1.1811, 3.0063 -2.3839 -0.9646, 3.0063 -2.2657 -0.9646, 3.0063 -2.3839 0.1575, 3.0063 -2.2657 0.1575, 2.9669 -2.4232 0.1575, 2.6126 -2.4232 0.1575, 2.9669 -2.4232 -0.9646, 2.6126 -2.4232 -0.9646, 2.6363 -2.4232 -1.0531, 2.7898 -2.4232 -1.1417, 2.6186 -2.4232 -1.0104, 2.8356 -2.4232 -1.1357, 2.8783 -2.4232 -1.118, 2.915 -2.4232 -1.0898, 2.6645 -2.4232 -1.0898, 2.7012 -2.4232 -1.118, 2.7439 -2.4232 -1.1357, 2.9432 -2.4232 -1.0531, 2.9609 -2.4232 -1.0104, 2.5732 -2.3839 0.1575, 2.5732 -2.2657 0.1575, 2.5732 -2.3839 -0.9646, 2.5732 -2.2657 -0.9646, 2.7439 -2.2264 -1.1357, 2.9669 -2.2264 -0.9646, 2.7898 -2.2264 -1.1417, 2.9609 -2.2264 -1.0104, 2.9432 -2.2264 -1.0531, 2.915 -2.2264 -1.0898, 2.8783 -2.2264 -1.118, 2.8356 -2.2264 -1.1357, 2.7012 -2.2264 -1.118, 2.6645 -2.2264 -1.0898, 2.6363 -2.2264 -1.0531, 2.6126 -2.2264 0.1575, 2.9669 -2.2264 0.1575, 2.6126 -2.2264 -0.9646, 2.6186 -2.2264 -1.0104, -1.8854 2.311 -1.1024, -1.8854 2.4882 -1.1024, -1.8854 2.311 0.1575, -1.8854 2.4882 0.1575, -2.102 2.2717 -1.1024, -1.9248 2.2717 -1.1024, -2.102 2.2717 0.1575, -1.9248 2.2717 0.1575, -2.1413 2.311 0.1575, -2.1413 2.4882 0.1575, -2.1413 2.311 -1.1024, -2.1413 2.4882 -1.1024, -1.9248 2.5276 -1.1024, -2.102 2.5276 -1.1024, -1.9248 2.5276 0.1575, -2.102 2.5276 0.1575, -1.9642 2.4488 -1.1811, -1.9642 2.3504 -1.1811, -2.0626 2.4488 -1.1811, -2.0626 2.3504 -1.1811, 3.0063 2.4587 0.1575, 3.0063 2.3406 0.1575, 3.0063 2.4587 -0.9646, 3.0063 2.3406 -0.9646, 2.9669 2.3012 0.1575, 2.6126 2.3012 0.1575, 2.9669 2.3012 -0.9646, 2.6126 2.3012 -0.9646, 2.8783 2.3012 -1.118, 2.915 2.3012 -1.0898, 2.6363 2.3012 -1.0531, 2.6645 2.3012 -1.0898, 2.8356 2.3012 -1.1357, 2.7012 2.3012 -1.118, 2.7439 2.3012 -1.1357, 2.7898 2.3012 -1.1417, 2.9432 2.3012 -1.0531, 2.9609 2.3012 -1.0104, 2.6186 2.3012 -1.0104, 2.5732 2.4587 -0.9646, 2.5732 2.3406 -0.9646, 2.5732 2.4587 0.1575, 2.5732 2.3406 0.1575, 2.6126 2.498 -0.9646, 2.6126 2.498 0.1575, 2.9669 2.498 0.1575, 2.9669 2.498 -0.9646, 2.9609 2.498 -1.0104, 2.9432 2.498 -1.0531, 2.7898 2.498 -1.1417, 2.7439 2.498 -1.1357, 2.8356 2.498 -1.1357, 2.7012 2.498 -1.118, 2.8783 2.498 -1.118, 2.6645 2.498 -1.0898, 2.6363 2.498 -1.0531, 2.915 2.498 -1.0898, 2.6186 2.498 -1.0104, 2.7898 -2.3839 -1.1811, 2.7898 -2.2657 -1.1811, 2.8458 -2.2657 -1.1737, 2.8458 -2.3839 -1.1737, 2.898 -2.2657 -1.1521, 2.898 -2.3839 -1.1521, 2.9429 -2.2657 -1.1177, 2.9429 -2.3839 -1.1177, 2.9773 -2.2657 -1.0728, 2.9773 -2.3839 -1.0728, 2.9989 -2.2657 -1.0206, 2.9989 -2.3839 -1.0206, 2.7337 -2.3839 -1.1737, 2.7337 -2.2657 -1.1737, 2.6815 -2.3839 -1.1521, 2.6815 -2.2657 -1.1521, 2.6367 -2.3839 -1.1177, 2.6367 -2.2657 -1.1177, 2.6022 -2.3839 -1.0728, 2.6022 -2.2657 -1.0728, 2.5806 -2.3839 -1.0206, 2.5806 -2.2657 -1.0206, 2.7898 2.3406 -1.1811, 2.7898 2.4587 -1.1811, 2.8458 2.4587 -1.1737, 2.8458 2.3406 -1.1737, 2.898 2.4587 -1.1521, 2.898 2.3406 -1.1521, 2.9429 2.4587 -1.1177, 2.9429 2.3406 -1.1177, 2.9773 2.4587 -1.0728, 2.9773 2.3406 -1.0728, 2.9989 2.4587 -1.0206, 2.9989 2.3406 -1.0206, 2.7337 2.3406 -1.1737, 2.7337 2.4587 -1.1737, 2.6815 2.3406 -1.1521, 2.6815 2.4587 -1.1521, 2.6367 2.3406 -1.1177, 2.6367 2.4587 -1.1177, 2.6022 2.3406 -1.0728, 2.6022 2.4587 -1.0728, 2.5806 2.3406 -1.0206, 2.5806 2.4587 -1.0206, -2.7417 0.0374 -1.1811, -2.8598 0.0374 -1.1811, -2.8598 0.0934 -1.1737, -2.7417 0.0934 -1.1737, -2.8598 0.1457 -1.1521, -2.7417 0.1457 -1.1521, -2.8598 0.1905 -1.1177, -2.7417 0.1905 -1.1177, -2.8598 0.2249 -1.0728, -2.7417 0.2249 -1.0728, -2.8598 0.2466 -1.0206, -2.7417 0.2466 -1.0206, -2.7417 -0.0186 -1.1737, -2.8598 -0.0186 -1.1737, -2.7417 -0.0709 -1.1521, -2.8598 -0.0709 -1.1521, -2.7417 -0.1157 -1.1177, -2.8598 -0.1157 -1.1177, -2.7417 -0.1501 -1.0728, -2.8598 -0.1501 -1.0728, -2.7417 -0.1718 -1.0206, -2.8598 -0.1718 -1.0206, -2.0965 2.2826 -1.1415, -2.0947 2.2861 -1.1478, -1.9354 2.2928 -1.1561, -2.0914 2.2928 -1.1561, -1.9364 2.2948 -1.1579, -1.9255 2.273 -1.117, -2.1013 2.273 -1.117, -1.9263 2.2747 -1.1226, -2.1004 2.2747 -1.1226, -1.9277 2.2775 -1.1321, -2.099 2.2775 -1.1321, -1.9303 2.2826 -1.1415, -1.932 2.2861 -1.1478, -2.0904 2.2948 -1.1579, -2.0871 2.3014 -1.164, -1.9397 2.3014 -1.164, -2.0823 2.3111 -1.1705, -1.9445 2.3111 -1.1705, -1.954 2.3301 -1.1782, -1.9512 2.3245 -1.1767, -2.0755 2.3245 -1.1767, -2.0818 2.312 -1.1711, -1.945 2.312 -1.1711, -2.0728 2.3301 -1.1782, -2.0692 2.3373 -1.18, -1.9576 2.3373 -1.18, -1.9152 2.4733 -1.164, -1.9151 2.4734 -1.1639, -1.9151 2.3259 -1.1639, -1.8868 2.4875 -1.117, -1.8868 2.3117 -1.117, -1.8876 2.4871 -1.1198, -1.8876 2.3121 -1.1198, -1.8913 2.3139 -1.1321, -1.8913 2.4853 -1.1321, -1.8936 2.3151 -1.1363, -1.9066 2.3216 -1.1561, -1.9066 2.4776 -1.1561, -1.9027 2.3197 -1.1513, -1.9027 2.4795 -1.1513, -1.8999 2.3182 -1.1478, -1.8999 2.481 -1.1478, -1.8936 2.4841 -1.1363, -1.9152 2.3259 -1.164, -1.9258 2.3312 -1.1711, -1.9258 2.468 -1.1711, -1.9301 2.3334 -1.1731, -1.9301 2.4658 -1.1731, -1.9383 2.3375 -1.1767, -1.9383 2.4617 -1.1767, -1.9467 2.3417 -1.1789, -1.9467 2.4575 -1.1789, -1.9511 2.3438 -1.18, -1.9511 2.4554 -1.18, -2.0757 2.4554 -1.18, -2.0757 2.3438 -1.18, -2.0801 2.4575 -1.1789, -2.1332 2.3151 -1.1363, -2.1269 2.481 -1.1478, -2.1269 2.3182 -1.1478, -2.124 2.4795 -1.1513, -2.124 2.3197 -1.1513, -2.1202 2.4776 -1.1561, -2.1202 2.3216 -1.1561, -2.1117 2.4734 -1.1639, -2.1117 2.3259 -1.1639, -2.1116 2.4733 -1.164, -2.1116 2.3259 -1.164, -2.101 2.468 -1.1711, -2.101 2.3312 -1.1711, -2.0967 2.4658 -1.1731, -2.0967 2.3334 -1.1731, -2.0885 2.4617 -1.1767, -2.0885 2.3375 -1.1767, -2.0801 2.3417 -1.1789, -2.14 2.3117 -1.117, -2.14 2.4875 -1.117, -2.1391 2.3121 -1.1198, -2.1391 2.4871 -1.1198, -2.1355 2.3139 -1.1321, -2.1355 2.4853 -1.1321, -2.1332 2.4841 -1.1363, -2.0871 2.4978 -1.164, -2.0871 2.4979 -1.1639, -1.9396 2.4979 -1.1639, -1.9259 2.5254 -1.1198, -2.1013 2.5262 -1.117, -1.9255 2.5262 -1.117, -1.9354 2.5064 -1.1561, -2.0914 2.5064 -1.1561, -1.9335 2.5102 -1.1513, -2.0933 2.5102 -1.1513, -1.932 2.5131 -1.1478, -2.0947 2.5131 -1.1478, -1.9289 2.5194 -1.1363, -2.0979 2.5194 -1.1363, -1.9277 2.5217 -1.1321, -2.099 2.5217 -1.1321, -2.1009 2.5254 -1.1198, -1.9397 2.4978 -1.164, -1.945 2.4872 -1.1711, -2.0818 2.4872 -1.1711, -1.9471 2.4829 -1.1731, -2.0796 2.4829 -1.1731, -1.9512 2.4747 -1.1767, -2.0755 2.4747 -1.1767, -1.9554 2.4663 -1.1789, -1.9576 2.4619 -1.18, -2.0692 2.4619 -1.18, -2.0713 2.4663 -1.1789, -1.932 -2.4383 -1.1478, -1.9303 -2.4418 -1.1415, -2.0914 -2.4316 -1.1561, -1.954 -2.3943 -1.1782, -2.0692 -2.3871 -1.18, -1.9576 -2.3871 -1.18, -2.0823 -2.4133 -1.1705, -2.0818 -2.4124 -1.1711, -1.9512 -2.3999 -1.1767, -2.0755 -2.3999 -1.1767, -2.0728 -2.3943 -1.1782, -1.945 -2.4124 -1.1711, -1.9445 -2.4133 -1.1705, -2.0871 -2.423 -1.164, -1.9397 -2.423 -1.164, -2.0904 -2.4296 -1.1579, -1.9364 -2.4296 -1.1579, -1.9354 -2.4316 -1.1561, -1.9263 -2.4497 -1.1226, -2.099 -2.4469 -1.1321, -1.9277 -2.4469 -1.1321, -2.0965 -2.4418 -1.1415, -2.0947 -2.4383 -1.1478, -1.9255 -2.4514 -1.117, -2.1013 -2.4514 -1.117, -2.1004 -2.4497 -1.1226, -1.8868 -2.4127 -1.117, -1.8868 -2.2369 -1.117, -1.8876 -2.4123 -1.1198, -1.8876 -2.2373 -1.1198, -1.8913 -2.2391 -1.1321, -1.8913 -2.4105 -1.1321, -1.8936 -2.2403 -1.1363, -1.8936 -2.4093 -1.1363, -1.8999 -2.2434 -1.1478, -1.8999 -2.4062 -1.1478, -1.9027 -2.2449 -1.1513, -1.9027 -2.4047 -1.1513, -1.9066 -2.4028 -1.1561, -1.9066 -2.2468 -1.1561, -1.9151 -2.3986 -1.1639, -1.9151 -2.251 -1.1639, -1.9152 -2.3985 -1.164, -1.9152 -2.2511 -1.164, -1.9258 -2.2564 -1.1711, -1.9258 -2.3932 -1.1711, -1.9301 -2.2586 -1.1731, -1.9301 -2.391 -1.1731, -1.9383 -2.2627 -1.1767, -1.9383 -2.3869 -1.1767, -1.9467 -2.2669 -1.1789, -1.9467 -2.3827 -1.1789, -1.9511 -2.3806 -1.18, -1.9511 -2.269 -1.18, -2.0757 -2.269 -1.18, -2.0757 -2.3806 -1.18, -2.0801 -2.2669 -1.1789, -2.0801 -2.3827 -1.1789, -2.0885 -2.3869 -1.1767, -2.0885 -2.2627 -1.1767, -2.0967 -2.391 -1.1731, -2.0967 -2.2586 -1.1731, -2.101 -2.3932 -1.1711, -2.101 -2.2564 -1.1711, -2.1116 -2.3985 -1.164, -2.1116 -2.2511 -1.164, -2.1117 -2.251 -1.1639, -2.1117 -2.3986 -1.1639, -2.1202 -2.2468 -1.1561, -2.1202 -2.4028 -1.1561, -2.124 -2.2449 -1.1513, -2.124 -2.4047 -1.1513, -2.1269 -2.4062 -1.1478, -2.1269 -2.2434 -1.1478, -2.1332 -2.4093 -1.1363, -2.1332 -2.2403 -1.1363, -2.1355 -2.2391 -1.1321, -2.1355 -2.4105 -1.1321, -2.1391 -2.2373 -1.1198, -2.1391 -2.4123 -1.1198, -2.14 -2.4127 -1.117, -2.14 -2.2369 -1.117, -1.9255 -2.1982 -1.117, -2.1013 -2.1982 -1.117, -1.9259 -2.1991 -1.1198, -2.1009 -2.1991 -1.1198, -2.099 -2.2027 -1.1321, -1.9277 -2.2027 -1.1321, -2.0979 -2.205 -1.1363, -1.9289 -2.205 -1.1363, -1.932 -2.2113 -1.1478, -2.0947 -2.2113 -1.1478, -1.9335 -2.2142 -1.1513, -2.0933 -2.2142 -1.1513, -2.0914 -2.218 -1.1561, -1.9354 -2.218 -1.1561, -2.0871 -2.2265 -1.1639, -1.9396 -2.2265 -1.1639, -1.9397 -2.2266 -1.164, -2.0871 -2.2266 -1.164, -1.945 -2.2372 -1.1711, -2.0818 -2.2372 -1.1711, -1.9471 -2.2415 -1.1731, -2.0796 -2.2415 -1.1731, -1.9512 -2.2497 -1.1767, -2.0755 -2.2497 -1.1767, -1.9554 -2.2581 -1.1789, -1.9576 -2.2625 -1.18, -2.0692 -2.2625 -1.18, -2.0713 -2.2581 -1.1789, -1.8868 -2.4236 0.1575, -1.8868 -2.4236 -1.1024, -1.8907 -2.4331 0.1575, -1.8907 -2.4331 -1.1024, -1.897 -2.4412 0.1575, -1.897 -2.4412 -1.1024, -1.9051 -2.4475 0.1575, -1.9051 -2.4475 -1.1024, -1.9146 -2.4514 0.1575, -1.9146 -2.4514 -1.1024, -1.919 -2.4446 -1.1347, -1.8884 -2.4225 -1.1186, -1.9251 -2.4353 -1.1506, -1.8935 -2.4191 -1.1347, -1.9029 -2.4131 -1.1506, -1.935 -2.4198 -1.1659, -1.9098 -2.4087 -1.1586, -1.9286 -2.3967 -1.1724, -1.9532 -2.3828 -1.1802, -1.9521 -2.3817 -1.1802, -1.9403 -2.3892 -1.1773, -1.9554 -2.385 -1.1802, -1.9565 -2.3861 -1.1802, -1.9543 -2.3839 -1.1803, -1.949 -2.3978 -1.1773, -1.9468 -2.3957 -1.1777, -1.9446 -2.3936 -1.1778, -1.9424 -2.3914 -1.1777, -1.9415 -2.4096 -1.1724, -1.9381 -2.4066 -1.1731, -1.9348 -2.4034 -1.1734, -1.9316 -2.4001 -1.1731, -1.9184 -2.4032 -1.1659, -1.922 -2.4078 -1.1671, -1.9261 -2.4121 -1.1675, -1.9304 -2.4162 -1.1671, -1.9295 -2.4284 -1.1586, -1.9239 -2.4244 -1.1601, -1.9186 -2.4196 -1.1606, -1.9138 -2.4143 -1.1601, -1.9184 -2.4311 -1.1523, -1.9123 -2.4258 -1.1529, -1.9071 -2.4198 -1.1523, -1.9109 -2.4405 -1.1364, -1.9036 -2.4346 -1.1369, -1.8977 -2.4273 -1.1364, -1.9157 -2.4498 -1.1186, -1.9065 -2.4458 -1.1195, -1.8986 -2.4396 -1.1199, -1.8924 -2.4317 -1.1195, -2.1122 2.273 0.1575, -2.1122 2.273 -1.1024, -2.1217 2.2769 0.1575, -2.1217 2.2769 -1.1024, -2.1298 2.2832 0.1575, -2.1298 2.2832 -1.1024, -2.1361 2.2913 0.1575, -2.1361 2.2913 -1.1024, -2.14 2.3008 0.1575, -2.14 2.3008 -1.1024, -2.1332 2.3053 -1.1347, -2.1111 2.2746 -1.1186, -2.1239 2.3113 -1.1506, -2.1077 2.2798 -1.1347, -2.117 2.3157 -1.1586, -2.1084 2.3212 -1.1659, -2.0918 2.3046 -1.1659, -2.0864 2.3352 -1.1773, -2.0778 2.3266 -1.1773, -2.0735 2.3416 -1.1802, -2.0746 2.3427 -1.1802, -2.0725 2.3405 -1.1803, -2.0714 2.3394 -1.1802, -2.0703 2.3384 -1.1802, -2.0843 2.333 -1.1777, -2.0822 2.3308 -1.1778, -2.08 2.3287 -1.1777, -2.0982 2.3277 -1.1724, -2.0952 2.3243 -1.1731, -2.092 2.321 -1.1734, -2.0887 2.3178 -1.1731, -2.0852 2.3148 -1.1724, -2.1048 2.3166 -1.1671, -2.1007 2.3123 -1.1675, -2.0964 2.3082 -1.1671, -2.1129 2.3101 -1.1601, -2.1082 2.3048 -1.1606, -2.1029 2.3001 -1.1601, -2.0972 2.296 -1.1586, -2.1197 2.3046 -1.1523, -2.1144 2.2986 -1.1529, -2.1083 2.2933 -1.1523, -2.1017 2.2891 -1.1506, -2.129 2.2971 -1.1364, -2.1232 2.2898 -1.1369, -2.1159 2.284 -1.1364, -2.1384 2.3019 -1.1186, -2.1343 2.2927 -1.1195, -2.1282 2.2848 -1.1199, -2.1202 2.2786 -1.1195, -1.8868 2.3008 0.1575, -1.8868 2.3008 -1.1024, -1.8907 2.2913 0.1575, -1.8907 2.2913 -1.1024, -1.897 2.2832 0.1575, -1.897 2.2832 -1.1024, -1.9051 2.2769 0.1575, -1.9051 2.2769 -1.1024, -1.9146 2.273 0.1575, -1.9146 2.273 -1.1024, -1.919 2.2798 -1.1347, -1.8884 2.3019 -1.1186, -1.9251 2.2891 -1.1506, -1.8935 2.3053 -1.1347, -1.9029 2.3113 -1.1506, -1.935 2.3046 -1.1659, -1.9098 2.3157 -1.1586, -1.9286 2.3277 -1.1724, -1.9532 2.3416 -1.1802, -1.9521 2.3427 -1.1802, -1.9403 2.3352 -1.1773, -1.9554 2.3394 -1.1802, -1.9565 2.3384 -1.1802, -1.9543 2.3405 -1.1803, -1.949 2.3266 -1.1773, -1.9468 2.3287 -1.1777, -1.9446 2.3308 -1.1778, -1.9424 2.333 -1.1777, -1.9415 2.3148 -1.1724, -1.9381 2.3178 -1.1731, -1.9348 2.321 -1.1734, -1.9316 2.3243 -1.1731, -1.9184 2.3212 -1.1659, -1.922 2.3166 -1.1671, -1.9261 2.3123 -1.1675, -1.9304 2.3082 -1.1671, -1.9295 2.296 -1.1586, -1.9239 2.3001 -1.1601, -1.9186 2.3048 -1.1606, -1.9138 2.3101 -1.1601, -1.9184 2.2933 -1.1523, -1.9123 2.2986 -1.1529, -1.9071 2.3046 -1.1523, -1.9109 2.284 -1.1364, -1.9036 2.2898 -1.1369, -1.8977 2.2971 -1.1364, -1.9157 2.2746 -1.1186, -1.9065 2.2786 -1.1195, -1.8986 2.2848 -1.1199, -1.8924 2.2927 -1.1195, -2.1122 -2.4514 0.1575, -2.1122 -2.4514 -1.1024, -2.1217 -2.4475 0.1575, -2.1217 -2.4475 -1.1024, -2.1298 -2.4412 0.1575, -2.1298 -2.4412 -1.1024, -2.1361 -2.4331 0.1575, -2.1361 -2.4331 -1.1024, -2.14 -2.4236 0.1575, -2.14 -2.4236 -1.1024, -2.1332 -2.4191 -1.1347, -2.1111 -2.4498 -1.1186, -2.1239 -2.4131 -1.1506, -2.1077 -2.4446 -1.1347, -2.117 -2.4087 -1.1586, -2.1084 -2.4032 -1.1659, -2.0918 -2.4198 -1.1659, -2.0864 -2.3892 -1.1773, -2.0778 -2.3978 -1.1773, -2.0735 -2.3828 -1.1802, -2.0746 -2.3817 -1.1802, -2.0725 -2.3839 -1.1803, -2.0714 -2.385 -1.1802, -2.0703 -2.3861 -1.1802, -2.0843 -2.3914 -1.1777, -2.0822 -2.3936 -1.1778, -2.08 -2.3957 -1.1777, -2.0982 -2.3967 -1.1724, -2.0952 -2.4001 -1.1731, -2.092 -2.4034 -1.1734, -2.0887 -2.4066 -1.1731, -2.0852 -2.4096 -1.1724, -2.1048 -2.4078 -1.1671, -2.1007 -2.4121 -1.1675, -2.0964 -2.4162 -1.1671, -2.1129 -2.4143 -1.1601, -2.1082 -2.4196 -1.1606, -2.1029 -2.4244 -1.1601, -2.0972 -2.4284 -1.1586, -2.1197 -2.4198 -1.1523, -2.1144 -2.4258 -1.1529, -2.1083 -2.4311 -1.1523, -2.1017 -2.4353 -1.1506, -2.129 -2.4273 -1.1364, -2.1232 -2.4346 -1.1369, -2.1159 -2.4405 -1.1364, -2.1384 -2.4225 -1.1186, -2.1343 -2.4317 -1.1195, -2.1282 -2.4396 -1.1199, -2.1202 -2.4458 -1.1195, -1.9146 -2.1982 0.1575, -1.9146 -2.1982 -1.1024, -1.9051 -2.2021 0.1575, -1.9051 -2.2021 -1.1024, -1.897 -2.2084 0.1575, -1.897 -2.2084 -1.1024, -1.8907 -2.2165 0.1575, -1.8907 -2.2165 -1.1024, -1.8868 -2.226 0.1575, -1.8868 -2.226 -1.1024, -1.8935 -2.2305 -1.1347, -1.9157 -2.1998 -1.1186, -1.9029 -2.2365 -1.1506, -1.919 -2.205 -1.1347, -1.9098 -2.2409 -1.1586, -1.9251 -2.2143 -1.1506, -1.9184 -2.2464 -1.1659, -1.9295 -2.2212 -1.1586, -1.9403 -2.2604 -1.1773, -1.9415 -2.24 -1.1724, -1.9532 -2.2668 -1.1802, -1.9521 -2.2679 -1.1802, -1.9543 -2.2657 -1.1803, -1.9554 -2.2646 -1.1802, -1.9565 -2.2636 -1.1802, -1.949 -2.2518 -1.1773, -1.9424 -2.2582 -1.1777, -1.9446 -2.256 -1.1778, -1.9468 -2.2539 -1.1777, -1.9286 -2.2529 -1.1724, -1.9316 -2.2495 -1.1731, -1.9348 -2.2462 -1.1734, -1.9381 -2.243 -1.1731, -1.922 -2.2418 -1.1671, -1.9261 -2.2375 -1.1675, -1.9304 -2.2334 -1.1671, -1.935 -2.2298 -1.1659, -1.9138 -2.2353 -1.1601, -1.9186 -2.23 -1.1606, -1.9239 -2.2253 -1.1601, -1.9071 -2.2298 -1.1523, -1.9123 -2.2238 -1.1529, -1.9184 -2.2185 -1.1523, -1.8977 -2.2223 -1.1364, -1.9036 -2.215 -1.1369, -1.9109 -2.2091 -1.1364, -1.8884 -2.2271 -1.1186, -1.8924 -2.2179 -1.1195, -1.8986 -2.21 -1.1199, -1.9065 -2.2038 -1.1195, -2.14 -2.226 0.1575, -2.14 -2.226 -1.1024, -2.1361 -2.2165 0.1575, -2.1361 -2.2165 -1.1024, -2.1298 -2.2084 0.1575, -2.1298 -2.2084 -1.1024, -2.1217 -2.2021 0.1575, -2.1217 -2.2021 -1.1024, -2.1122 -2.1982 0.1575, -2.1122 -2.1982 -1.1024, -2.1077 -2.205 -1.1347, -2.1384 -2.2271 -1.1186, -2.1017 -2.2143 -1.1506, -2.1332 -2.2305 -1.1347, -2.0972 -2.2212 -1.1586, -2.1239 -2.2365 -1.1506, -2.0918 -2.2298 -1.1659, -2.117 -2.2409 -1.1586, -2.0778 -2.2518 -1.1773, -2.0982 -2.2529 -1.1724, -2.0714 -2.2646 -1.1802, -2.0703 -2.2636 -1.1802, -2.0725 -2.2657 -1.1803, -2.0735 -2.2668 -1.1802, -2.0746 -2.2679 -1.1802, -2.0864 -2.2604 -1.1773, -2.08 -2.2539 -1.1777, -2.0822 -2.256 -1.1778, -2.0843 -2.2582 -1.1777, -2.0852 -2.24 -1.1724, -2.0887 -2.243 -1.1731, -2.092 -2.2462 -1.1734, -2.0952 -2.2495 -1.1731, -2.0964 -2.2334 -1.1671, -2.1007 -2.2375 -1.1675, -2.1048 -2.2418 -1.1671, -2.1084 -2.2464 -1.1659, -2.1029 -2.2253 -1.1601, -2.1082 -2.23 -1.1606, -2.1129 -2.2353 -1.1601, -2.1083 -2.2185 -1.1523, -2.1144 -2.2238 -1.1529, -2.1197 -2.2298 -1.1523, -2.1159 -2.2091 -1.1364, -2.1232 -2.215 -1.1369, -2.129 -2.2223 -1.1364, -2.1111 -2.1998 -1.1186, -2.1202 -2.2038 -1.1195, -2.1282 -2.21 -1.1199, -2.1343 -2.2179 -1.1195, -1.9146 2.5262 0.1575, -1.9146 2.5262 -1.1024, -1.9051 2.5223 0.1575, -1.9051 2.5223 -1.1024, -1.897 2.516 0.1575, -1.897 2.516 -1.1024, -1.8907 2.5079 0.1575, -1.8907 2.5079 -1.1024, -1.8868 2.4984 0.1575, -1.8868 2.4984 -1.1024, -1.8935 2.4939 -1.1347, -1.9157 2.5246 -1.1186, -1.9029 2.4879 -1.1506, -1.919 2.5195 -1.1347, -1.9098 2.4835 -1.1586, -1.9251 2.5101 -1.1506, -1.9184 2.478 -1.1659, -1.9295 2.5032 -1.1586, -1.9403 2.464 -1.1773, -1.9415 2.4844 -1.1724, -1.9532 2.4576 -1.1802, -1.9521 2.4565 -1.1802, -1.9543 2.4587 -1.1803, -1.9554 2.4598 -1.1802, -1.9565 2.4609 -1.1802, -1.949 2.4726 -1.1773, -1.9424 2.4662 -1.1777, -1.9446 2.4684 -1.1778, -1.9468 2.4705 -1.1777, -1.9286 2.4715 -1.1724, -1.9316 2.4749 -1.1731, -1.9348 2.4782 -1.1734, -1.9381 2.4814 -1.1731, -1.922 2.4826 -1.1671, -1.9261 2.4869 -1.1675, -1.9304 2.491 -1.1671, -1.935 2.4946 -1.1659, -1.9138 2.4891 -1.1601, -1.9186 2.4944 -1.1606, -1.9239 2.4992 -1.1601, -1.9071 2.4946 -1.1523, -1.9123 2.5006 -1.1529, -1.9184 2.5059 -1.1523, -1.8977 2.5021 -1.1364, -1.9036 2.5094 -1.1369, -1.9109 2.5153 -1.1364, -1.8884 2.4973 -1.1186, -1.8924 2.5065 -1.1195, -1.8986 2.5144 -1.1199, -1.9065 2.5206 -1.1195, -2.14 2.4984 0.1575, -2.14 2.4984 -1.1024, -2.1361 2.5079 0.1575, -2.1361 2.5079 -1.1024, -2.1298 2.516 0.1575, -2.1298 2.516 -1.1024, -2.1217 2.5223 0.1575, -2.1217 2.5223 -1.1024, -2.1122 2.5262 0.1575, -2.1122 2.5262 -1.1024, -2.1077 2.5195 -1.1347, -2.1384 2.4973 -1.1186, -2.1017 2.5101 -1.1506, -2.1332 2.4939 -1.1347, -2.0972 2.5032 -1.1586, -2.1239 2.4879 -1.1506, -2.0918 2.4946 -1.1659, -2.117 2.4835 -1.1586, -2.0778 2.4726 -1.1773, -2.0982 2.4715 -1.1724, -2.0714 2.4598 -1.1802, -2.0703 2.4609 -1.1802, -2.0725 2.4587 -1.1803, -2.0735 2.4576 -1.1802, -2.0746 2.4565 -1.1802, -2.0864 2.464 -1.1773, -2.08 2.4705 -1.1777, -2.0822 2.4684 -1.1778, -2.0843 2.4662 -1.1777, -2.0852 2.4844 -1.1724, -2.0887 2.4814 -1.1731, -2.092 2.4782 -1.1734, -2.0952 2.4749 -1.1731, -2.0964 2.491 -1.1671, -2.1007 2.4869 -1.1675, -2.1048 2.4826 -1.1671, -2.1084 2.478 -1.1659, -2.1029 2.4992 -1.1601, -2.1082 2.4944 -1.1606, -2.1129 2.4891 -1.1601, -2.1083 2.5059 -1.1523, -2.1144 2.5006 -1.1529, -2.1197 2.4946 -1.1523, -2.1159 2.5153 -1.1364, -2.1232 2.5094 -1.1369, -2.129 2.5021 -1.1364, -2.1111 2.5246 -1.1186, -2.1202 2.5206 -1.1195, -2.1282 2.5144 -1.1199, -2.1343 2.5065 -1.1195, 2.5746 2.4689 0.1575, 2.5746 2.4689 -0.9646, 2.5785 2.4783 0.1575, 2.5785 2.4783 -0.9646, 2.5848 2.4865 0.1575, 2.5848 2.4865 -0.9646, 2.5929 2.4928 0.1575, 2.5929 2.4928 -0.9646, 2.6024 2.4967 0.1575, 2.6024 2.4967 -0.9646, 2.7388 2.4928 -1.1547, 2.7413 2.4967 -1.1455, 2.7898 2.4967 -1.1519, 2.7898 2.4969 -1.1505, 2.7898 2.4928 -1.1614, 2.7898 2.4892 -1.1661, 2.7367 2.4865 -1.1626, 2.6088 2.4967 -1.0131, 2.5996 2.4928 -1.0155, 2.5917 2.4865 -1.0176, 2.5857 2.4783 -1.0192, 2.5819 2.4689 -1.0203, 2.6275 2.4967 -1.0582, 2.6193 2.4928 -1.063, 2.6122 2.4865 -1.0671, 2.6068 2.4783 -1.0702, 2.6034 2.4689 -1.0722, 2.6573 2.4967 -1.097, 2.6506 2.4928 -1.1038, 2.6448 2.4865 -1.1095, 2.6404 2.4783 -1.1139, 2.6376 2.4689 -1.1167, 2.6961 2.4967 -1.1268, 2.6913 2.4928 -1.135, 2.6873 2.4865 -1.1421, 2.6841 2.4783 -1.1475, 2.6822 2.4689 -1.1509, 2.7351 2.4783 -1.1686, 2.7341 2.4689 -1.1724, 2.7898 2.4865 -1.1696, 2.7898 2.483 -1.1722, 2.7898 2.4783 -1.1758, 2.7898 2.4689 -1.1798, 2.7898 2.4674 -1.1799, 2.9694 2.497 -1.0127, 2.8379 2.497 -1.1442, 2.84 2.4941 -1.1522, 2.842 2.4894 -1.1594, 2.9757 2.497 -0.9646, 2.9771 2.4966 -0.9646, 2.9774 2.4941 -1.0148, 2.984 2.4941 -0.9646, 2.9865 2.4926 -0.9646, 2.9846 2.4894 -1.0168, 2.9915 2.4894 -0.9646, 2.9946 2.4863 -0.9646, 2.9906 2.4832 -1.0184, 2.8448 2.4757 -1.17, 2.8436 2.4832 -1.1654, 2.8827 2.497 -1.1256, 2.8869 2.4941 -1.1328, 2.8906 2.4894 -1.1393, 2.8937 2.4832 -1.1447, 2.8961 2.4757 -1.1487, 2.9212 2.497 -1.096, 2.9271 2.4941 -1.1019, 2.9324 2.4894 -1.1072, 2.9368 2.4832 -1.1116, 2.9401 2.4757 -1.1149, 2.9508 2.497 -1.0575, 2.958 2.4941 -1.0617, 2.9645 2.4894 -1.0654, 2.9699 2.4832 -1.0685, 2.9739 2.4757 -1.0709, 2.9952 2.4757 -1.0196, 2.8456 2.4674 -1.1728, 2.9977 2.4832 -0.9646, 3.0008 2.4782 -0.9646, 3.0024 2.4757 -0.9646, 3.0048 2.4688 -0.9646, 2.8975 2.4674 -1.1512, 2.9422 2.4674 -1.117, 2.9764 2.4674 -1.0723, 2.998 2.4674 -1.0204, 3.0053 2.4674 -0.9646, 2.9771 2.4967 0.1575, 2.9866 2.4928 0.1575, 2.9948 2.4865 0.1575, 3.001 2.4783 0.1575, 3.005 2.4689 0.1575, 2.6024 2.3025 0.1575, 2.6024 2.3025 -0.9646, 2.5929 2.3065 0.1575, 2.5929 2.3065 -0.9646, 2.5848 2.3127 0.1575, 2.5848 2.3127 -0.9646, 2.5785 2.3209 0.1575, 2.5785 2.3209 -0.9646, 2.5746 2.3304 0.1575, 2.5746 2.3304 -0.9646, 2.7898 2.3025 -1.1519, 2.7413 2.3025 -1.1455, 2.7898 2.3065 -1.1614, 2.7388 2.3065 -1.1547, 2.7898 2.3127 -1.1696, 2.7367 2.3127 -1.1626, 2.7898 2.3209 -1.1758, 2.7351 2.3209 -1.1686, 2.7898 2.3304 -1.1798, 2.7341 2.3304 -1.1724, 2.6961 2.3025 -1.1268, 2.6913 2.3065 -1.135, 2.6873 2.3127 -1.1421, 2.6841 2.3209 -1.1475, 2.6822 2.3304 -1.1509, 2.6573 2.3025 -1.097, 2.6506 2.3065 -1.1038, 2.6448 2.3127 -1.1095, 2.6404 2.3209 -1.1139, 2.6376 2.3304 -1.1167, 2.6275 2.3025 -1.0582, 2.6193 2.3065 -1.063, 2.6122 2.3127 -1.0671, 2.6068 2.3209 -1.0702, 2.6034 2.3304 -1.0722, 2.6088 2.3025 -1.0131, 2.5996 2.3065 -1.0155, 2.5917 2.3127 -1.0176, 2.5857 2.3209 -1.0192, 2.5819 2.3304 -1.0203, 2.9771 2.3025 -0.9646, 2.9707 2.3025 -1.0131, 2.9866 2.3065 -0.9646, 2.9799 2.3065 -1.0155, 2.9948 2.3127 -0.9646, 2.9878 2.3127 -1.0176, 3.001 2.3209 -0.9646, 2.9938 2.3209 -1.0192, 3.005 2.3304 -0.9646, 2.9976 2.3304 -1.0203, 2.952 2.3025 -1.0582, 2.9602 2.3065 -1.063, 2.9673 2.3127 -1.0671, 2.9727 2.3209 -1.0702, 2.9761 2.3304 -1.0722, 2.9222 2.3025 -1.097, 2.929 2.3065 -1.1038, 2.9347 2.3127 -1.1095, 2.9391 2.3209 -1.1139, 2.9419 2.3304 -1.1167, 2.8834 2.3025 -1.1268, 2.8882 2.3065 -1.135, 2.8923 2.3127 -1.1421, 2.8954 2.3209 -1.1475, 2.8974 2.3304 -1.1509, 2.8383 2.3025 -1.1455, 2.8407 2.3065 -1.1547, 2.8428 2.3127 -1.1626, 2.8444 2.3209 -1.1686, 2.8455 2.3304 -1.1724, 3.005 2.3304 0.1575, 3.001 2.3209 0.1575, 2.9948 2.3127 0.1575, 2.9866 2.3065 0.1575, 2.9771 2.3025 0.1575, 2.6038 -2.4222 -0.9646, 2.6025 -2.4218 -0.9646, 2.6024 -2.4219 0.1575, 2.5955 -2.4193 -0.9646, 2.593 -2.4178 -0.9646, 2.5929 -2.418 0.1575, 2.5881 -2.4146 -0.9646, 2.5849 -2.4115 -0.9646, 2.5848 -2.4117 0.1575, 2.5818 -2.4084 -0.9646, 2.5785 -2.4035 0.1575, 2.5787 -2.4034 -0.9646, 2.5771 -2.4009 -0.9646, 2.5746 -2.394 0.1575, 2.5747 -2.394 -0.9646, 2.5742 -2.3926 -0.9646, 2.7898 -2.3926 -1.1801, 2.734 -2.3926 -1.1728, 2.6102 -2.4222 -1.0127, 2.6021 -2.4193 -1.0148, 2.5949 -2.4146 -1.0168, 2.5889 -2.4084 -1.0184, 2.7898 -2.4222 -1.1505, 2.7416 -2.4222 -1.1442, 2.7898 -2.4193 -1.1588, 2.7395 -2.4193 -1.1522, 2.7898 -2.4146 -1.1663, 2.7376 -2.4146 -1.1594, 2.7898 -2.4084 -1.1725, 2.7359 -2.4084 -1.1654, 2.7898 -2.4009 -1.1772, 2.7347 -2.4009 -1.17, 2.6968 -2.4222 -1.1256, 2.6926 -2.4193 -1.1328, 2.6889 -2.4146 -1.1393, 2.6858 -2.4084 -1.1447, 2.6834 -2.4009 -1.1487, 2.6583 -2.4222 -1.096, 2.6524 -2.4193 -1.1019, 2.6471 -2.4146 -1.1072, 2.6427 -2.4084 -1.1116, 2.6394 -2.4009 -1.1149, 2.6287 -2.4222 -1.0575, 2.6215 -2.4193 -1.0617, 2.6151 -2.4146 -1.0654, 2.6097 -2.4084 -1.0685, 2.6056 -2.4009 -1.0709, 2.5844 -2.4009 -1.0196, 2.682 -2.3926 -1.1512, 2.6373 -2.3926 -1.117, 2.6031 -2.3926 -1.0723, 2.5816 -2.3926 -1.0204, 2.9757 -2.4222 -0.9646, 2.9694 -2.4222 -1.0127, 2.9771 -2.4218 -0.9646, 2.9774 -2.4193 -1.0148, 2.9846 -2.4146 -1.0168, 2.9865 -2.4178 -0.9646, 2.984 -2.4193 -0.9646, 2.9906 -2.4084 -1.0184, 2.9946 -2.4115 -0.9646, 2.9915 -2.4146 -0.9646, 2.9952 -2.4009 -1.0196, 3.0008 -2.4034 -0.9646, 2.9977 -2.4084 -0.9646, 2.998 -2.3926 -1.0204, 3.0048 -2.394 -0.9646, 3.0024 -2.4009 -0.9646, 3.0053 -2.3926 -0.9646, 2.9508 -2.4222 -1.0575, 2.958 -2.4193 -1.0617, 2.9645 -2.4146 -1.0654, 2.9699 -2.4084 -1.0685, 2.9739 -2.4009 -1.0709, 2.9764 -2.3926 -1.0723, 2.9212 -2.4222 -1.096, 2.9271 -2.4193 -1.1019, 2.9324 -2.4146 -1.1072, 2.9368 -2.4084 -1.1116, 2.9401 -2.4009 -1.1149, 2.9422 -2.3926 -1.117, 2.8827 -2.4222 -1.1256, 2.8869 -2.4193 -1.1328, 2.8906 -2.4146 -1.1393, 2.8937 -2.4084 -1.1447, 2.8961 -2.4009 -1.1487, 2.8975 -2.3926 -1.1512, 2.8379 -2.4222 -1.1442, 2.84 -2.4193 -1.1522, 2.842 -2.4146 -1.1594, 2.8436 -2.4084 -1.1654, 2.8448 -2.4009 -1.17, 2.8456 -2.3926 -1.1728, 3.005 -2.394 0.1575, 3.001 -2.4035 0.1575, 2.9948 -2.4117 0.1575, 2.9866 -2.418 0.1575, 2.9771 -2.4219 0.1575, 2.5742 -2.257 -0.9646, 2.5747 -2.2556 -0.9646, 2.5746 -2.2556 0.1575, 2.5771 -2.2487 -0.9646, 2.5787 -2.2462 -0.9646, 2.5785 -2.2461 0.1575, 2.5818 -2.2412 -0.9646, 2.5849 -2.2381 -0.9646, 2.5848 -2.2379 0.1575, 2.5881 -2.235 -0.9646, 2.5929 -2.2317 0.1575, 2.593 -2.2318 -0.9646, 2.5955 -2.2303 -0.9646, 2.6024 -2.2277 0.1575, 2.6025 -2.2278 -0.9646, 2.6038 -2.2274 -0.9646, 2.6102 -2.2274 -1.0127, 2.6021 -2.2303 -1.0148, 2.5949 -2.235 -1.0168, 2.5889 -2.2412 -1.0184, 2.5844 -2.2487 -1.0196, 2.5816 -2.257 -1.0204, 2.6287 -2.2274 -1.0575, 2.6215 -2.2303 -1.0617, 2.6151 -2.235 -1.0654, 2.6097 -2.2412 -1.0685, 2.6056 -2.2487 -1.0709, 2.6031 -2.257 -1.0723, 2.6583 -2.2274 -1.096, 2.6524 -2.2303 -1.1019, 2.6471 -2.235 -1.1072, 2.6427 -2.2412 -1.1116, 2.6394 -2.2487 -1.1149, 2.6373 -2.257 -1.117, 2.6968 -2.2274 -1.1256, 2.6926 -2.2303 -1.1328, 2.6889 -2.235 -1.1393, 2.6858 -2.2412 -1.1447, 2.6834 -2.2487 -1.1487, 2.682 -2.257 -1.1512, 2.7416 -2.2274 -1.1442, 2.7395 -2.2303 -1.1522, 2.7376 -2.235 -1.1594, 2.7359 -2.2412 -1.1654, 2.7347 -2.2487 -1.17, 2.734 -2.257 -1.1728, 2.7898 -2.2274 -1.1505, 2.7898 -2.2303 -1.1588, 2.7898 -2.235 -1.1663, 2.7898 -2.2412 -1.1725, 2.7898 -2.2487 -1.1772, 2.7898 -2.257 -1.1801, 2.8456 -2.257 -1.1728, 2.9694 -2.2274 -1.0127, 2.9757 -2.2274 -0.9646, 2.9771 -2.2278 -0.9646, 2.9774 -2.2303 -1.0148, 2.984 -2.2303 -0.9646, 2.9865 -2.2318 -0.9646, 2.9846 -2.235 -1.0168, 2.9915 -2.235 -0.9646, 2.9946 -2.2381 -0.9646, 2.9906 -2.2412 -1.0184, 2.8379 -2.2274 -1.1442, 2.84 -2.2303 -1.1522, 2.842 -2.235 -1.1594, 2.8436 -2.2412 -1.1654, 2.8448 -2.2487 -1.17, 2.8827 -2.2274 -1.1256, 2.8869 -2.2303 -1.1328, 2.8906 -2.235 -1.1393, 2.8937 -2.2412 -1.1447, 2.8961 -2.2487 -1.1487, 2.9212 -2.2274 -1.096, 2.9271 -2.2303 -1.1019, 2.9324 -2.235 -1.1072, 2.9368 -2.2412 -1.1116, 2.9401 -2.2487 -1.1149, 2.9508 -2.2274 -1.0575, 2.958 -2.2303 -1.0617, 2.9645 -2.235 -1.0654, 2.9699 -2.2412 -1.0685, 2.9739 -2.2487 -1.0709, 2.9952 -2.2487 -1.0196, 2.9977 -2.2412 -0.9646, 3.0008 -2.2462 -0.9646, 3.0024 -2.2487 -0.9646, 3.0048 -2.2556 -0.9646, 2.8975 -2.257 -1.1512, 2.9422 -2.257 -1.117, 2.9764 -2.257 -1.0723, 2.998 -2.257 -1.0204, 3.0053 -2.257 -0.9646, 2.9771 -2.2277 0.1575, 2.9866 -2.2317 0.1575, 2.9948 -2.2379 0.1575, 3.001 -2.2461 0.1575, 3.005 -2.2556 0.1575, -2.7315 0.2526 0.1575, -2.7315 0.2526 -0.9646, -2.722 0.2487 0.1575, -2.722 0.2487 -0.9646, -2.7139 0.2424 0.1575, -2.7139 0.2424 -0.9646, -2.7076 0.2343 0.1575, -2.7076 0.2343 -0.9646, -2.7037 0.2248 0.1575, -2.7037 0.2248 -0.9646, -2.7037 0.2184 -1.0131, -2.7076 0.2275 -1.0155, -2.7139 0.2354 -1.0176, -2.722 0.2415 -1.0192, -2.7315 0.2453 -1.0203, -2.7037 0.1997 -1.0582, -2.7076 0.2079 -1.063, -2.7139 0.2149 -1.0671, -2.722 0.2204 -1.0702, -2.7315 0.2238 -1.0722, -2.7037 0.1699 -1.097, -2.7076 0.1766 -1.1038, -2.7139 0.1824 -1.1095, -2.722 0.1868 -1.1139, -2.7315 0.1896 -1.1167, -2.7037 0.1311 -1.1268, -2.7076 0.1358 -1.135, -2.7139 0.1399 -1.1421, -2.722 0.143 -1.1475, -2.7315 0.145 -1.1509, -2.7037 0.0859 -1.1455, -2.7076 0.0884 -1.1547, -2.7139 0.0905 -1.1626, -2.722 0.0921 -1.1686, -2.7315 0.0931 -1.1724, -2.7037 0.0374 -1.1519, -2.7076 0.0374 -1.1614, -2.7139 0.0374 -1.1696, -2.722 0.0374 -1.1758, -2.7315 0.0374 -1.1798, -2.7037 -0.0111 -1.1455, -2.7076 -0.0135 -1.1547, -2.7139 -0.0157 -1.1626, -2.722 -0.0173 -1.1686, -2.7315 -0.0183 -1.1724, -2.7037 -0.0563 -1.1268, -2.7076 -0.061 -1.135, -2.7139 -0.0651 -1.1421, -2.722 -0.0682 -1.1475, -2.7315 -0.0702 -1.1509, -2.7037 -0.0951 -1.097, -2.7076 -0.1018 -1.1038, -2.7139 -0.1076 -1.1095, -2.722 -0.112 -1.1139, -2.7315 -0.1148 -1.1167, -2.7037 -0.1249 -1.0582, -2.7076 -0.1331 -1.063, -2.7139 -0.1401 -1.0671, -2.722 -0.1456 -1.0702, -2.7315 -0.149 -1.0722, -2.7037 -0.1436 -1.0131, -2.7076 -0.1527 -1.0155, -2.7139 -0.1606 -1.0176, -2.722 -0.1667 -1.0192, -2.7315 -0.1705 -1.0203, -2.7037 -0.15 -0.9646, -2.7076 -0.1594 -0.9646, -2.7139 -0.1676 -0.9646, -2.722 -0.1739 -0.9646, -2.7315 -0.1778 -0.9646, -2.7037 -0.15 0.1575, -2.7076 -0.1594 0.1575, -2.7139 -0.1676 0.1575, -2.722 -0.1739 0.1575, -2.7315 -0.1778 0.1575, -2.8979 0.2248 0.1575, -2.8979 0.2248 -0.9646, -2.8939 0.2343 0.1575, -2.8939 0.2343 -0.9646, -2.8877 0.2424 0.1575, -2.8877 0.2424 -0.9646, -2.8795 0.2487 0.1575, -2.8795 0.2487 -0.9646, -2.87 0.2526 0.1575, -2.87 0.2526 -0.9646, -2.8979 0.0374 -1.1519, -2.8979 0.0859 -1.1455, -2.8939 0.0374 -1.1614, -2.8939 0.0884 -1.1547, -2.8877 0.0374 -1.1696, -2.8877 0.0905 -1.1626, -2.8795 0.0374 -1.1758, -2.8795 0.0921 -1.1686, -2.87 0.0374 -1.1798, -2.87 0.0931 -1.1724, -2.8979 0.1311 -1.1268, -2.8939 0.1358 -1.135, -2.8877 0.1399 -1.1421, -2.8795 0.143 -1.1475, -2.87 0.145 -1.1509, -2.8979 0.1699 -1.097, -2.8939 0.1766 -1.1038, -2.8877 0.1824 -1.1095, -2.8795 0.1868 -1.1139, -2.87 0.1896 -1.1167, -2.8979 0.1997 -1.0582, -2.8939 0.2079 -1.063, -2.8877 0.2149 -1.0671, -2.8795 0.2204 -1.0702, -2.87 0.2238 -1.0722, -2.8979 0.2184 -1.0131, -2.8939 0.2275 -1.0155, -2.8877 0.2354 -1.0176, -2.8795 0.2415 -1.0192, -2.87 0.2453 -1.0203, -2.8979 -0.15 -0.9646, -2.8979 -0.1436 -1.0131, -2.8939 -0.1594 -0.9646, -2.8939 -0.1527 -1.0155, -2.8877 -0.1676 -0.9646, -2.8877 -0.1606 -1.0176, -2.8795 -0.1739 -0.9646, -2.8795 -0.1667 -1.0192, -2.87 -0.1778 -0.9646, -2.87 -0.1705 -1.0203, -2.8979 -0.1249 -1.0582, -2.8939 -0.1331 -1.063, -2.8877 -0.1401 -1.0671, -2.8795 -0.1456 -1.0702, -2.87 -0.149 -1.0722, -2.8979 -0.0951 -1.097, -2.8939 -0.1018 -1.1038, -2.8877 -0.1076 -1.1095, -2.8795 -0.112 -1.1139, -2.87 -0.1148 -1.1167, -2.8979 -0.0563 -1.1268, -2.8939 -0.061 -1.135, -2.8877 -0.0651 -1.1421, -2.8795 -0.0682 -1.1475, -2.87 -0.0702 -1.1509, -2.8979 -0.0111 -1.1455, -2.8939 -0.0135 -1.1547, -2.8877 -0.0157 -1.1626, -2.8795 -0.0173 -1.1686, -2.87 -0.0183 -1.1724, -2.87 -0.1778 0.1575, -2.8795 -0.1739 0.1575, -2.8877 -0.1676 0.1575, -2.8939 -0.1594 0.1575, -2.8979 -0.15 0.1575
            ]
        }
        coordIndex [
            0,1,2,-1,2,1,3,-1,3,4,2,-1,2,4,5,-1,2,5,6,-1,6,7,2,-1,2,7,8,-1,2,8,9,-1,10,8,11,-1,11,8,12,-1,10,13,8,-1,8,13,14,-1,8,14,9,-1,15,16,17,-1,17,16,18,-1,19,20,21,-1,19,21,22,-1,23,24,25,-1,25,24,21,-1,25,21,26,-1,26,21,20,-1,27,28,29,-1,28,30,29,-1,29,30,31,-1,29,31,32,-1,22,21,29,-1,29,21,33,-1,29,33,27,-1,34,35,36,-1,36,35,37,-1,38,39,40,-1,40,39,41,-1,42,43,44,-1,44,43,45,-1,46,47,48,-1,48,47,49,-1,50,51,52,-1,52,51,53,-1,54,55,56,-1,56,55,57,-1,58,59,60,-1,60,59,61,-1,62,63,64,-1,64,63,65,-1,66,67,68,-1,68,67,65,-1,67,69,65,-1,65,69,70,-1,65,70,71,-1,66,72,67,-1,67,72,73,-1,67,73,74,-1,71,75,65,-1,65,75,76,-1,65,76,64,-1,77,78,79,-1,79,78,80,-1,81,82,83,-1,83,82,84,-1,83,84,85,-1,85,86,83,-1,83,86,87,-1,83,87,88,-1,81,89,82,-1,82,89,90,-1,82,90,91,-1,92,93,94,-1,94,93,82,-1,94,82,95,-1,95,82,91,-1,96,97,98,-1,98,97,99,-1,100,101,102,-1,102,101,103,-1,104,105,106,-1,106,105,107,-1,108,109,110,-1,110,109,111,-1,112,113,114,-1,114,113,115,-1,116,117,118,-1,118,117,119,-1,120,121,122,-1,122,121,123,-1,124,125,123,-1,126,127,128,-1,127,129,128,-1,128,129,130,-1,128,130,131,-1,125,132,123,-1,123,132,133,-1,123,133,122,-1,124,123,128,-1,128,123,134,-1,128,134,126,-1,135,136,137,-1,137,136,138,-1,139,140,141,-1,141,142,139,-1,139,142,143,-1,139,143,144,-1,145,146,147,-1,147,146,148,-1,147,148,149,-1,149,148,150,-1,149,150,151,-1,144,152,139,-1,139,152,149,-1,139,149,153,-1,153,149,151,-1,154,155,156,-1,154,156,157,-1,157,156,158,-1,157,158,159,-1,159,158,160,-1,159,160,161,-1,161,160,162,-1,161,162,163,-1,163,162,164,-1,163,164,165,-1,165,164,59,-1,165,59,58,-1,155,154,166,-1,155,166,167,-1,167,166,168,-1,167,168,169,-1,169,168,170,-1,169,170,171,-1,171,170,172,-1,171,172,173,-1,173,172,174,-1,173,174,175,-1,175,174,79,-1,175,79,80,-1,176,177,178,-1,176,178,179,-1,179,178,180,-1,179,180,181,-1,181,180,182,-1,181,182,183,-1,183,182,184,-1,183,184,185,-1,185,184,186,-1,185,186,187,-1,187,186,118,-1,187,118,119,-1,177,176,188,-1,177,188,189,-1,189,188,190,-1,189,190,191,-1,191,190,192,-1,191,192,193,-1,193,192,194,-1,193,194,195,-1,195,194,196,-1,195,196,197,-1,197,196,136,-1,197,136,135,-1,198,199,200,-1,198,200,201,-1,201,200,202,-1,201,202,203,-1,203,202,204,-1,203,204,205,-1,205,204,206,-1,205,206,207,-1,207,206,208,-1,207,208,209,-1,209,208,35,-1,209,35,34,-1,199,198,210,-1,199,210,211,-1,211,210,212,-1,211,212,213,-1,213,212,214,-1,213,214,215,-1,215,214,216,-1,215,216,217,-1,217,216,218,-1,217,218,219,-1,219,218,17,-1,219,17,18,-1,220,221,222,-1,222,221,223,-1,222,223,224,-1,101,100,225,-1,225,100,226,-1,225,226,227,-1,227,226,228,-1,227,228,229,-1,229,228,230,-1,229,230,231,-1,231,230,220,-1,231,220,232,-1,232,220,222,-1,223,233,224,-1,224,233,234,-1,224,234,235,-1,235,234,236,-1,235,236,237,-1,238,239,240,-1,236,241,237,-1,237,241,240,-1,237,240,242,-1,242,240,239,-1,240,243,238,-1,238,243,244,-1,238,244,245,-1,245,244,115,-1,245,115,113,-1,246,247,248,-1,97,96,249,-1,249,96,250,-1,249,250,251,-1,250,252,251,-1,251,252,253,-1,251,253,254,-1,254,253,255,-1,248,247,256,-1,256,247,257,-1,256,257,258,-1,258,257,259,-1,258,259,260,-1,260,259,261,-1,260,261,255,-1,255,261,262,-1,255,262,254,-1,248,263,246,-1,246,263,264,-1,246,264,265,-1,265,264,266,-1,265,266,267,-1,267,266,268,-1,267,268,269,-1,269,268,270,-1,269,270,271,-1,271,270,272,-1,271,272,273,-1,273,272,113,-1,273,113,112,-1,114,115,274,-1,274,115,275,-1,274,275,276,-1,277,278,279,-1,279,278,280,-1,279,280,281,-1,281,280,282,-1,281,282,283,-1,283,282,284,-1,283,284,285,-1,285,284,286,-1,285,286,287,-1,287,286,288,-1,287,288,289,-1,289,288,290,-1,289,290,291,-1,291,290,292,-1,291,292,293,-1,293,292,276,-1,293,276,294,-1,294,276,275,-1,106,107,295,-1,295,107,296,-1,295,296,297,-1,297,296,298,-1,297,298,299,-1,299,298,300,-1,299,300,277,-1,277,300,301,-1,277,301,278,-1,302,303,304,-1,305,306,307,-1,307,306,109,-1,307,109,108,-1,304,303,308,-1,308,303,309,-1,308,309,310,-1,310,309,311,-1,310,311,312,-1,312,311,313,-1,312,313,314,-1,314,313,315,-1,314,315,316,-1,316,315,317,-1,316,317,305,-1,305,317,318,-1,305,318,306,-1,304,319,302,-1,302,319,320,-1,302,320,321,-1,321,320,322,-1,321,322,323,-1,323,322,324,-1,323,324,325,-1,325,324,326,-1,112,114,327,-1,327,114,328,-1,327,328,326,-1,326,328,329,-1,326,329,325,-1,330,331,332,-1,333,334,335,-1,335,334,57,-1,335,57,55,-1,336,337,338,-1,338,337,339,-1,338,339,333,-1,333,339,340,-1,333,340,334,-1,338,341,336,-1,336,341,342,-1,336,342,343,-1,343,342,344,-1,343,344,345,-1,345,344,346,-1,345,346,332,-1,332,346,347,-1,332,347,330,-1,348,349,350,-1,350,349,351,-1,350,351,331,-1,331,351,352,-1,331,352,332,-1,44,45,353,-1,353,45,354,-1,353,354,348,-1,348,354,355,-1,348,355,349,-1,39,38,356,-1,39,356,357,-1,357,356,358,-1,357,358,359,-1,359,358,360,-1,360,358,361,-1,360,361,362,-1,362,361,363,-1,362,363,364,-1,364,363,365,-1,364,365,366,-1,365,367,366,-1,366,367,368,-1,366,368,369,-1,369,368,370,-1,369,370,371,-1,371,370,372,-1,371,372,373,-1,373,372,374,-1,374,372,375,-1,374,375,376,-1,376,375,377,-1,376,377,378,-1,378,377,379,-1,378,379,380,-1,379,381,380,-1,380,381,382,-1,380,382,383,-1,383,382,55,-1,383,55,54,-1,56,57,384,-1,384,57,385,-1,384,385,386,-1,385,387,386,-1,386,387,388,-1,386,388,389,-1,389,388,390,-1,389,390,391,-1,391,390,392,-1,391,392,393,-1,393,392,394,-1,393,394,395,-1,395,394,396,-1,396,394,397,-1,396,397,398,-1,398,397,399,-1,398,399,400,-1,399,401,400,-1,400,401,402,-1,400,402,403,-1,403,402,404,-1,403,404,405,-1,405,404,406,-1,406,404,407,-1,406,407,408,-1,407,409,408,-1,408,409,410,-1,408,410,411,-1,411,410,48,-1,411,48,49,-1,51,50,412,-1,51,412,413,-1,413,412,414,-1,413,414,415,-1,415,414,416,-1,416,414,417,-1,416,417,418,-1,417,419,418,-1,418,419,420,-1,418,420,421,-1,421,420,422,-1,421,422,423,-1,423,422,424,-1,424,422,425,-1,424,425,426,-1,425,427,426,-1,426,427,428,-1,426,428,429,-1,429,428,430,-1,429,430,431,-1,431,430,432,-1,431,432,433,-1,433,432,434,-1,433,434,435,-1,435,434,436,-1,54,56,437,-1,437,56,438,-1,437,438,436,-1,436,438,439,-1,436,439,435,-1,38,40,440,-1,38,440,441,-1,441,440,442,-1,441,442,443,-1,443,442,444,-1,443,444,445,-1,445,444,446,-1,445,446,447,-1,447,446,448,-1,447,448,449,-1,449,448,42,-1,449,42,44,-1,348,350,450,-1,358,356,451,-1,331,330,452,-1,363,361,453,-1,367,365,454,-1,346,344,455,-1,370,368,456,-1,377,375,457,-1,458,459,460,-1,461,462,55,-1,461,55,463,-1,333,335,462,-1,462,335,55,-1,382,459,55,-1,459,382,460,-1,460,382,381,-1,460,381,379,-1,458,55,459,-1,338,333,464,-1,464,333,462,-1,464,462,465,-1,465,462,461,-1,465,461,466,-1,466,461,463,-1,466,463,467,-1,377,457,379,-1,341,338,468,-1,468,338,464,-1,468,464,469,-1,469,464,465,-1,469,465,470,-1,470,465,466,-1,470,466,471,-1,471,466,467,-1,471,467,457,-1,375,372,457,-1,457,372,472,-1,457,472,471,-1,471,472,473,-1,471,473,470,-1,470,473,474,-1,470,474,469,-1,469,474,475,-1,469,475,468,-1,468,475,455,-1,379,457,460,-1,460,457,467,-1,460,467,458,-1,458,467,463,-1,458,463,55,-1,455,344,468,-1,468,344,342,-1,468,342,341,-1,347,346,476,-1,476,346,455,-1,476,455,477,-1,477,455,475,-1,477,475,478,-1,478,475,474,-1,478,474,479,-1,479,474,473,-1,479,473,456,-1,456,473,472,-1,456,472,370,-1,370,472,372,-1,330,347,452,-1,452,347,476,-1,452,476,480,-1,480,476,477,-1,480,477,481,-1,481,477,478,-1,481,478,482,-1,482,478,479,-1,482,479,454,-1,454,479,456,-1,454,456,367,-1,367,456,368,-1,350,331,450,-1,450,331,452,-1,450,452,483,-1,483,452,480,-1,483,480,484,-1,484,480,481,-1,484,481,485,-1,485,481,482,-1,485,482,453,-1,453,482,454,-1,453,454,363,-1,363,454,365,-1,353,348,486,-1,486,348,450,-1,486,450,487,-1,487,450,483,-1,487,483,488,-1,488,483,484,-1,488,484,489,-1,489,484,485,-1,489,485,451,-1,451,485,453,-1,451,453,358,-1,358,453,361,-1,44,353,449,-1,449,353,486,-1,449,486,447,-1,447,486,487,-1,447,487,445,-1,445,487,488,-1,445,488,443,-1,443,488,489,-1,443,489,441,-1,441,489,451,-1,441,451,38,-1,38,451,356,-1,100,102,490,-1,100,490,491,-1,491,490,492,-1,491,492,493,-1,493,492,494,-1,493,494,495,-1,495,494,496,-1,495,496,497,-1,497,496,498,-1,497,498,499,-1,499,498,104,-1,499,104,106,-1,297,299,500,-1,228,226,501,-1,277,279,502,-1,220,230,503,-1,281,283,504,-1,285,287,505,-1,236,234,506,-1,291,293,507,-1,243,240,508,-1,509,510,115,-1,509,115,511,-1,294,275,510,-1,510,275,115,-1,512,511,115,-1,513,512,115,-1,243,508,244,-1,293,294,507,-1,507,294,510,-1,507,510,514,-1,514,510,509,-1,514,509,515,-1,515,509,511,-1,515,511,516,-1,516,511,512,-1,516,512,508,-1,508,512,513,-1,508,513,244,-1,244,513,115,-1,289,291,517,-1,517,291,507,-1,517,507,518,-1,518,507,514,-1,518,514,519,-1,519,514,515,-1,519,515,520,-1,520,515,516,-1,520,516,521,-1,521,516,508,-1,521,508,241,-1,241,508,240,-1,287,289,505,-1,505,289,517,-1,505,517,522,-1,522,517,518,-1,522,518,523,-1,523,518,519,-1,523,519,524,-1,524,519,520,-1,524,520,506,-1,506,520,521,-1,506,521,236,-1,236,521,241,-1,283,285,504,-1,504,285,505,-1,504,505,525,-1,525,505,522,-1,525,522,526,-1,526,522,523,-1,526,523,527,-1,527,523,524,-1,527,524,528,-1,528,524,506,-1,528,506,233,-1,233,506,234,-1,279,281,502,-1,502,281,504,-1,502,504,529,-1,529,504,525,-1,529,525,530,-1,530,525,526,-1,530,526,531,-1,531,526,527,-1,531,527,532,-1,532,527,528,-1,220,503,221,-1,299,277,500,-1,500,277,502,-1,500,502,533,-1,533,502,529,-1,533,529,534,-1,534,529,530,-1,534,530,535,-1,535,530,531,-1,535,531,503,-1,503,531,532,-1,503,532,221,-1,221,532,528,-1,221,528,223,-1,223,528,233,-1,295,297,536,-1,536,297,500,-1,536,500,537,-1,537,500,533,-1,537,533,538,-1,538,533,534,-1,538,534,539,-1,539,534,535,-1,539,535,501,-1,501,535,503,-1,501,503,228,-1,228,503,230,-1,106,295,499,-1,499,295,536,-1,499,536,497,-1,497,536,537,-1,497,537,495,-1,495,537,538,-1,495,538,493,-1,493,538,539,-1,493,539,491,-1,491,539,501,-1,491,501,100,-1,100,501,226,-1,96,98,540,-1,96,540,541,-1,541,540,542,-1,541,542,543,-1,543,542,544,-1,543,544,545,-1,545,544,546,-1,545,546,547,-1,547,546,548,-1,547,548,549,-1,549,548,103,-1,549,103,101,-1,227,229,550,-1,252,250,551,-1,231,232,552,-1,255,253,553,-1,258,260,554,-1,224,235,555,-1,248,256,556,-1,266,264,557,-1,558,559,560,-1,561,562,113,-1,561,113,563,-1,238,245,562,-1,562,245,113,-1,272,559,113,-1,559,272,560,-1,560,272,270,-1,560,270,268,-1,558,113,559,-1,239,238,564,-1,564,238,562,-1,564,562,565,-1,565,562,561,-1,565,561,566,-1,566,561,563,-1,566,563,567,-1,266,557,268,-1,242,239,568,-1,568,239,564,-1,568,564,569,-1,569,564,565,-1,569,565,570,-1,570,565,566,-1,570,566,571,-1,571,566,567,-1,571,567,557,-1,264,263,557,-1,557,263,572,-1,557,572,571,-1,571,572,573,-1,571,573,570,-1,570,573,574,-1,570,574,569,-1,569,574,575,-1,569,575,568,-1,568,575,555,-1,268,557,560,-1,560,557,567,-1,560,567,558,-1,558,567,563,-1,558,563,113,-1,555,235,568,-1,568,235,237,-1,568,237,242,-1,222,224,576,-1,576,224,555,-1,576,555,577,-1,577,555,575,-1,577,575,578,-1,578,575,574,-1,578,574,579,-1,579,574,573,-1,579,573,556,-1,556,573,572,-1,556,572,248,-1,248,572,263,-1,232,222,552,-1,552,222,576,-1,552,576,580,-1,580,576,577,-1,580,577,581,-1,581,577,578,-1,581,578,582,-1,582,578,579,-1,582,579,554,-1,554,579,556,-1,554,556,258,-1,258,556,256,-1,229,231,550,-1,550,231,552,-1,550,552,583,-1,583,552,580,-1,583,580,584,-1,584,580,581,-1,584,581,585,-1,585,581,582,-1,585,582,553,-1,553,582,554,-1,553,554,255,-1,255,554,260,-1,225,227,586,-1,586,227,550,-1,586,550,587,-1,587,550,583,-1,587,583,588,-1,588,583,584,-1,588,584,589,-1,589,584,585,-1,589,585,551,-1,551,585,553,-1,551,553,252,-1,252,553,253,-1,101,225,549,-1,549,225,586,-1,549,586,547,-1,547,586,587,-1,547,587,545,-1,545,587,588,-1,545,588,543,-1,543,588,589,-1,543,589,541,-1,541,589,551,-1,541,551,96,-1,96,551,250,-1,45,43,590,-1,45,590,591,-1,591,590,592,-1,591,592,593,-1,593,592,594,-1,593,594,595,-1,595,594,596,-1,595,596,597,-1,597,596,598,-1,597,598,599,-1,599,598,46,-1,599,46,48,-1,409,407,600,-1,355,354,601,-1,404,402,602,-1,351,349,603,-1,401,399,604,-1,397,394,605,-1,336,343,606,-1,390,388,607,-1,340,339,608,-1,609,610,57,-1,609,57,611,-1,387,385,610,-1,610,385,57,-1,612,611,57,-1,613,612,57,-1,340,608,334,-1,388,387,607,-1,607,387,610,-1,607,610,614,-1,614,610,609,-1,614,609,615,-1,615,609,611,-1,615,611,616,-1,616,611,612,-1,616,612,608,-1,608,612,613,-1,608,613,334,-1,334,613,57,-1,392,390,617,-1,617,390,607,-1,617,607,618,-1,618,607,614,-1,618,614,619,-1,619,614,615,-1,619,615,620,-1,620,615,616,-1,620,616,621,-1,621,616,608,-1,621,608,337,-1,337,608,339,-1,394,392,605,-1,605,392,617,-1,605,617,622,-1,622,617,618,-1,622,618,623,-1,623,618,619,-1,623,619,624,-1,624,619,620,-1,624,620,606,-1,606,620,621,-1,606,621,336,-1,336,621,337,-1,399,397,604,-1,604,397,605,-1,604,605,625,-1,625,605,622,-1,625,622,626,-1,626,622,623,-1,626,623,627,-1,627,623,624,-1,627,624,628,-1,628,624,606,-1,628,606,345,-1,345,606,343,-1,402,401,602,-1,602,401,604,-1,602,604,629,-1,629,604,625,-1,629,625,630,-1,630,625,626,-1,630,626,631,-1,631,626,627,-1,631,627,632,-1,632,627,628,-1,351,603,352,-1,407,404,600,-1,600,404,602,-1,600,602,633,-1,633,602,629,-1,633,629,634,-1,634,629,630,-1,634,630,635,-1,635,630,631,-1,635,631,603,-1,603,631,632,-1,603,632,352,-1,352,632,628,-1,352,628,332,-1,332,628,345,-1,410,409,636,-1,636,409,600,-1,636,600,637,-1,637,600,633,-1,637,633,638,-1,638,633,634,-1,638,634,639,-1,639,634,635,-1,639,635,601,-1,601,635,603,-1,601,603,355,-1,355,603,349,-1,48,410,599,-1,599,410,636,-1,599,636,597,-1,597,636,637,-1,597,637,595,-1,595,637,638,-1,595,638,593,-1,593,638,639,-1,593,639,591,-1,591,639,601,-1,591,601,45,-1,45,601,354,-1,50,52,640,-1,50,640,641,-1,641,640,642,-1,641,642,643,-1,643,642,644,-1,643,644,645,-1,645,644,646,-1,645,646,647,-1,647,646,648,-1,647,648,649,-1,649,648,41,-1,649,41,39,-1,359,360,650,-1,414,412,651,-1,362,364,652,-1,419,417,653,-1,366,369,654,-1,422,420,655,-1,371,373,656,-1,427,425,657,-1,376,378,658,-1,432,430,659,-1,660,661,54,-1,660,54,662,-1,380,383,661,-1,661,383,54,-1,663,662,54,-1,664,663,54,-1,437,436,665,-1,378,380,658,-1,658,380,661,-1,658,661,666,-1,666,661,660,-1,666,660,667,-1,667,660,662,-1,667,662,668,-1,668,662,663,-1,668,663,665,-1,665,663,664,-1,665,664,437,-1,437,664,54,-1,432,659,434,-1,374,376,669,-1,669,376,658,-1,669,658,670,-1,670,658,666,-1,670,666,671,-1,671,666,667,-1,671,667,672,-1,672,667,668,-1,672,668,659,-1,659,668,665,-1,659,665,434,-1,434,665,436,-1,373,374,656,-1,656,374,669,-1,656,669,673,-1,673,669,670,-1,673,670,674,-1,674,670,671,-1,674,671,675,-1,675,671,672,-1,675,672,676,-1,676,672,659,-1,676,659,428,-1,428,659,430,-1,369,371,654,-1,654,371,656,-1,654,656,677,-1,677,656,673,-1,677,673,678,-1,678,673,674,-1,678,674,679,-1,679,674,675,-1,679,675,657,-1,657,675,676,-1,657,676,427,-1,427,676,428,-1,364,366,652,-1,652,366,654,-1,652,654,680,-1,680,654,677,-1,680,677,681,-1,681,677,678,-1,681,678,682,-1,682,678,679,-1,682,679,655,-1,655,679,657,-1,655,657,422,-1,422,657,425,-1,360,362,650,-1,650,362,652,-1,650,652,683,-1,683,652,680,-1,683,680,684,-1,684,680,681,-1,684,681,685,-1,685,681,682,-1,685,682,653,-1,653,682,655,-1,653,655,419,-1,419,655,420,-1,357,359,686,-1,686,359,650,-1,686,650,687,-1,687,650,683,-1,687,683,688,-1,688,683,684,-1,688,684,689,-1,689,684,685,-1,689,685,651,-1,651,685,653,-1,651,653,414,-1,414,653,417,-1,39,357,649,-1,649,357,686,-1,649,686,647,-1,647,686,687,-1,647,687,645,-1,645,687,688,-1,645,688,643,-1,643,688,689,-1,643,689,641,-1,641,689,651,-1,641,651,50,-1,50,651,412,-1,49,47,690,-1,49,690,691,-1,691,690,692,-1,691,692,693,-1,693,692,694,-1,693,694,695,-1,695,694,696,-1,695,696,697,-1,697,696,698,-1,697,698,699,-1,699,698,53,-1,699,53,51,-1,415,416,700,-1,408,411,701,-1,418,421,702,-1,405,406,703,-1,423,424,704,-1,400,403,705,-1,426,429,706,-1,396,398,707,-1,433,435,708,-1,391,393,709,-1,710,711,56,-1,710,56,712,-1,439,438,711,-1,711,438,56,-1,713,712,56,-1,714,713,56,-1,384,386,715,-1,435,439,708,-1,708,439,711,-1,708,711,716,-1,716,711,710,-1,716,710,717,-1,717,710,712,-1,717,712,718,-1,718,712,713,-1,718,713,715,-1,715,713,714,-1,715,714,384,-1,384,714,56,-1,391,709,389,-1,431,433,719,-1,719,433,708,-1,719,708,720,-1,720,708,716,-1,720,716,721,-1,721,716,717,-1,721,717,722,-1,722,717,718,-1,722,718,709,-1,709,718,715,-1,709,715,389,-1,389,715,386,-1,429,431,706,-1,706,431,719,-1,706,719,723,-1,723,719,720,-1,723,720,724,-1,724,720,721,-1,724,721,725,-1,725,721,722,-1,725,722,726,-1,726,722,709,-1,726,709,395,-1,395,709,393,-1,424,426,704,-1,704,426,706,-1,704,706,727,-1,727,706,723,-1,727,723,728,-1,728,723,724,-1,728,724,729,-1,729,724,725,-1,729,725,707,-1,707,725,726,-1,707,726,396,-1,396,726,395,-1,421,423,702,-1,702,423,704,-1,702,704,730,-1,730,704,727,-1,730,727,731,-1,731,727,728,-1,731,728,732,-1,732,728,729,-1,732,729,705,-1,705,729,707,-1,705,707,400,-1,400,707,398,-1,416,418,700,-1,700,418,702,-1,700,702,733,-1,733,702,730,-1,733,730,734,-1,734,730,731,-1,734,731,735,-1,735,731,732,-1,735,732,703,-1,703,732,705,-1,703,705,405,-1,405,705,403,-1,413,415,736,-1,736,415,700,-1,736,700,737,-1,737,700,733,-1,737,733,738,-1,738,733,734,-1,738,734,739,-1,739,734,735,-1,739,735,701,-1,701,735,703,-1,701,703,408,-1,408,703,406,-1,51,413,699,-1,699,413,736,-1,699,736,697,-1,697,736,737,-1,697,737,695,-1,695,737,738,-1,695,738,693,-1,693,738,739,-1,693,739,691,-1,691,739,701,-1,691,701,49,-1,49,701,411,-1,108,110,740,-1,108,740,741,-1,741,740,742,-1,741,742,743,-1,743,742,744,-1,743,744,745,-1,745,744,746,-1,745,746,747,-1,747,746,748,-1,747,748,749,-1,749,748,99,-1,749,99,97,-1,251,254,750,-1,305,307,751,-1,262,261,752,-1,314,316,753,-1,259,257,754,-1,310,312,755,-1,247,246,756,-1,304,308,757,-1,267,269,758,-1,322,320,759,-1,760,761,112,-1,760,112,762,-1,271,273,761,-1,761,273,112,-1,763,762,112,-1,764,763,112,-1,327,326,765,-1,269,271,758,-1,758,271,761,-1,758,761,766,-1,766,761,760,-1,766,760,767,-1,767,760,762,-1,767,762,768,-1,768,762,763,-1,768,763,765,-1,765,763,764,-1,765,764,327,-1,327,764,112,-1,322,759,324,-1,265,267,769,-1,769,267,758,-1,769,758,770,-1,770,758,766,-1,770,766,771,-1,771,766,767,-1,771,767,772,-1,772,767,768,-1,772,768,759,-1,759,768,765,-1,759,765,324,-1,324,765,326,-1,246,265,756,-1,756,265,769,-1,756,769,773,-1,773,769,770,-1,773,770,774,-1,774,770,771,-1,774,771,775,-1,775,771,772,-1,775,772,776,-1,776,772,759,-1,776,759,319,-1,319,759,320,-1,257,247,754,-1,754,247,756,-1,754,756,777,-1,777,756,773,-1,777,773,778,-1,778,773,774,-1,778,774,779,-1,779,774,775,-1,779,775,757,-1,757,775,776,-1,757,776,304,-1,304,776,319,-1,261,259,752,-1,752,259,754,-1,752,754,780,-1,780,754,777,-1,780,777,781,-1,781,777,778,-1,781,778,782,-1,782,778,779,-1,782,779,755,-1,755,779,757,-1,755,757,310,-1,310,757,308,-1,254,262,750,-1,750,262,752,-1,750,752,783,-1,783,752,780,-1,783,780,784,-1,784,780,781,-1,784,781,785,-1,785,781,782,-1,785,782,753,-1,753,782,755,-1,753,755,314,-1,314,755,312,-1,249,251,786,-1,786,251,750,-1,786,750,787,-1,787,750,783,-1,787,783,788,-1,788,783,784,-1,788,784,789,-1,789,784,785,-1,789,785,751,-1,751,785,753,-1,751,753,305,-1,305,753,316,-1,97,249,749,-1,749,249,786,-1,749,786,747,-1,747,786,787,-1,747,787,745,-1,745,787,788,-1,745,788,743,-1,743,788,789,-1,743,789,741,-1,741,789,751,-1,741,751,108,-1,108,751,307,-1,107,105,790,-1,107,790,791,-1,791,790,792,-1,791,792,793,-1,793,792,794,-1,793,794,795,-1,795,794,796,-1,795,796,797,-1,797,796,798,-1,797,798,799,-1,799,798,111,-1,799,111,109,-1,318,317,800,-1,298,296,801,-1,315,313,802,-1,301,300,803,-1,311,309,804,-1,280,278,805,-1,303,302,806,-1,284,282,807,-1,323,325,808,-1,290,288,809,-1,810,811,114,-1,810,114,812,-1,329,328,811,-1,811,328,114,-1,813,812,114,-1,814,813,114,-1,274,276,815,-1,325,329,808,-1,808,329,811,-1,808,811,816,-1,816,811,810,-1,816,810,817,-1,817,810,812,-1,817,812,818,-1,818,812,813,-1,818,813,815,-1,815,813,814,-1,815,814,274,-1,274,814,114,-1,290,809,292,-1,321,323,819,-1,819,323,808,-1,819,808,820,-1,820,808,816,-1,820,816,821,-1,821,816,817,-1,821,817,822,-1,822,817,818,-1,822,818,809,-1,809,818,815,-1,809,815,292,-1,292,815,276,-1,302,321,806,-1,806,321,819,-1,806,819,823,-1,823,819,820,-1,823,820,824,-1,824,820,821,-1,824,821,825,-1,825,821,822,-1,825,822,826,-1,826,822,809,-1,826,809,286,-1,286,809,288,-1,309,303,804,-1,804,303,806,-1,804,806,827,-1,827,806,823,-1,827,823,828,-1,828,823,824,-1,828,824,829,-1,829,824,825,-1,829,825,807,-1,807,825,826,-1,807,826,284,-1,284,826,286,-1,313,311,802,-1,802,311,804,-1,802,804,830,-1,830,804,827,-1,830,827,831,-1,831,827,828,-1,831,828,832,-1,832,828,829,-1,832,829,805,-1,805,829,807,-1,805,807,280,-1,280,807,282,-1,317,315,800,-1,800,315,802,-1,800,802,833,-1,833,802,830,-1,833,830,834,-1,834,830,831,-1,834,831,835,-1,835,831,832,-1,835,832,803,-1,803,832,805,-1,803,805,301,-1,301,805,278,-1,306,318,836,-1,836,318,800,-1,836,800,837,-1,837,800,833,-1,837,833,838,-1,838,833,834,-1,838,834,839,-1,839,834,835,-1,839,835,801,-1,801,835,803,-1,801,803,298,-1,298,803,300,-1,109,306,799,-1,799,306,836,-1,799,836,797,-1,797,836,837,-1,797,837,795,-1,795,837,838,-1,795,838,793,-1,793,838,839,-1,793,839,791,-1,791,839,801,-1,791,801,107,-1,107,801,296,-1,135,137,840,-1,135,840,841,-1,841,840,842,-1,841,842,843,-1,843,842,844,-1,843,844,845,-1,845,844,846,-1,845,846,847,-1,847,846,848,-1,847,848,849,-1,849,848,140,-1,849,140,139,-1,850,851,852,-1,852,851,853,-1,853,851,146,-1,853,146,145,-1,852,854,850,-1,850,854,855,-1,850,855,856,-1,139,153,849,-1,849,153,857,-1,849,857,847,-1,847,857,858,-1,847,858,845,-1,845,858,859,-1,845,859,843,-1,843,859,860,-1,843,860,841,-1,841,860,861,-1,841,861,135,-1,153,151,857,-1,857,151,862,-1,857,862,858,-1,858,862,863,-1,858,863,859,-1,859,863,864,-1,859,864,860,-1,860,864,865,-1,860,865,861,-1,861,865,866,-1,151,150,862,-1,862,150,867,-1,862,867,863,-1,863,867,868,-1,863,868,864,-1,864,868,869,-1,864,869,865,-1,865,869,870,-1,865,870,866,-1,866,870,871,-1,150,148,867,-1,867,148,872,-1,867,872,868,-1,868,872,873,-1,868,873,869,-1,869,873,874,-1,869,874,870,-1,870,874,875,-1,870,875,871,-1,871,875,876,-1,148,146,872,-1,872,146,851,-1,872,851,873,-1,873,851,850,-1,873,850,874,-1,874,850,856,-1,874,856,875,-1,875,856,877,-1,875,877,876,-1,876,877,878,-1,855,879,856,-1,856,879,880,-1,856,880,877,-1,877,880,881,-1,877,881,878,-1,878,881,882,-1,878,882,883,-1,135,861,197,-1,197,861,866,-1,197,866,195,-1,195,866,871,-1,195,871,193,-1,193,871,876,-1,193,876,191,-1,191,876,878,-1,191,878,189,-1,189,878,883,-1,189,883,177,-1,884,143,142,-1,145,147,853,-1,853,147,885,-1,853,885,852,-1,852,885,886,-1,852,886,854,-1,854,886,887,-1,142,888,884,-1,884,888,889,-1,884,889,890,-1,889,891,890,-1,890,891,892,-1,890,892,893,-1,892,894,893,-1,893,894,895,-1,893,895,896,-1,882,881,897,-1,897,881,880,-1,897,880,898,-1,898,880,879,-1,898,879,887,-1,887,879,855,-1,887,855,854,-1,147,149,885,-1,885,149,899,-1,885,899,886,-1,886,899,900,-1,886,900,887,-1,887,900,901,-1,887,901,898,-1,898,901,902,-1,898,902,897,-1,897,902,903,-1,149,152,899,-1,899,152,904,-1,899,904,900,-1,900,904,905,-1,900,905,901,-1,901,905,906,-1,901,906,902,-1,902,906,907,-1,902,907,903,-1,903,907,908,-1,152,144,904,-1,904,144,909,-1,904,909,905,-1,905,909,910,-1,905,910,906,-1,906,910,911,-1,906,911,907,-1,907,911,912,-1,907,912,908,-1,908,912,913,-1,144,143,909,-1,909,143,884,-1,909,884,910,-1,910,884,890,-1,910,890,911,-1,911,890,893,-1,911,893,912,-1,912,893,896,-1,912,896,913,-1,913,896,914,-1,177,883,915,-1,915,883,882,-1,895,916,896,-1,896,916,917,-1,896,917,914,-1,914,917,918,-1,914,918,919,-1,882,897,915,-1,915,897,903,-1,915,903,920,-1,920,903,908,-1,920,908,921,-1,921,908,913,-1,921,913,922,-1,922,913,914,-1,922,914,923,-1,923,914,919,-1,923,919,924,-1,177,915,178,-1,178,915,920,-1,178,920,180,-1,180,920,921,-1,180,921,182,-1,182,921,922,-1,182,922,184,-1,184,922,923,-1,184,923,186,-1,186,923,924,-1,186,924,118,-1,888,142,141,-1,888,141,889,-1,889,141,925,-1,889,925,891,-1,891,925,892,-1,892,925,926,-1,892,926,894,-1,894,926,895,-1,895,926,927,-1,895,927,916,-1,916,927,928,-1,916,928,917,-1,917,928,918,-1,918,928,929,-1,918,929,919,-1,919,929,924,-1,924,929,116,-1,924,116,118,-1,123,121,930,-1,123,930,931,-1,931,930,932,-1,931,932,933,-1,933,932,934,-1,933,934,935,-1,935,934,936,-1,935,936,937,-1,937,936,938,-1,937,938,939,-1,939,938,138,-1,939,138,136,-1,131,130,940,-1,940,130,941,-1,940,941,942,-1,942,941,943,-1,942,943,944,-1,944,943,945,-1,944,945,946,-1,946,945,947,-1,946,947,948,-1,948,947,949,-1,948,949,176,-1,176,949,188,-1,130,129,941,-1,941,129,950,-1,941,950,943,-1,943,950,951,-1,943,951,945,-1,945,951,952,-1,945,952,947,-1,947,952,953,-1,947,953,949,-1,949,953,954,-1,949,954,188,-1,188,954,190,-1,129,127,950,-1,950,127,955,-1,950,955,951,-1,951,955,956,-1,951,956,952,-1,952,956,957,-1,952,957,953,-1,953,957,958,-1,953,958,954,-1,954,958,959,-1,954,959,190,-1,190,959,192,-1,127,126,955,-1,955,126,960,-1,955,960,956,-1,956,960,961,-1,956,961,957,-1,957,961,962,-1,957,962,958,-1,958,962,963,-1,958,963,959,-1,959,963,964,-1,959,964,192,-1,192,964,194,-1,126,134,960,-1,960,134,965,-1,960,965,961,-1,961,965,966,-1,961,966,962,-1,962,966,967,-1,962,967,963,-1,963,967,968,-1,963,968,964,-1,964,968,969,-1,964,969,194,-1,194,969,196,-1,134,123,965,-1,965,123,931,-1,965,931,966,-1,966,931,933,-1,966,933,967,-1,967,933,935,-1,967,935,968,-1,968,935,937,-1,968,937,969,-1,969,937,939,-1,969,939,196,-1,196,939,136,-1,122,133,970,-1,970,133,971,-1,970,971,972,-1,972,971,973,-1,972,973,974,-1,974,973,975,-1,974,975,976,-1,976,975,977,-1,976,977,978,-1,978,977,979,-1,978,979,119,-1,119,979,187,-1,133,132,971,-1,971,132,980,-1,971,980,973,-1,973,980,981,-1,973,981,975,-1,975,981,982,-1,975,982,977,-1,977,982,983,-1,977,983,979,-1,979,983,984,-1,979,984,187,-1,187,984,185,-1,132,125,980,-1,980,125,985,-1,980,985,981,-1,981,985,986,-1,981,986,982,-1,982,986,987,-1,982,987,983,-1,983,987,988,-1,983,988,984,-1,984,988,989,-1,984,989,185,-1,185,989,183,-1,125,124,985,-1,985,124,990,-1,985,990,986,-1,986,990,991,-1,986,991,987,-1,987,991,992,-1,987,992,988,-1,988,992,993,-1,988,993,989,-1,989,993,994,-1,989,994,183,-1,183,994,181,-1,124,128,990,-1,990,128,995,-1,990,995,991,-1,991,995,996,-1,991,996,992,-1,992,996,997,-1,992,997,993,-1,993,997,998,-1,993,998,994,-1,994,998,999,-1,994,999,181,-1,181,999,179,-1,128,131,995,-1,995,131,940,-1,995,940,996,-1,996,940,942,-1,996,942,997,-1,997,942,944,-1,997,944,998,-1,998,944,946,-1,998,946,999,-1,999,946,948,-1,999,948,179,-1,179,948,176,-1,119,117,1000,-1,119,1000,978,-1,978,1000,1001,-1,978,1001,976,-1,976,1001,1002,-1,976,1002,974,-1,974,1002,1003,-1,974,1003,972,-1,972,1003,1004,-1,972,1004,970,-1,970,1004,120,-1,970,120,122,-1,1005,65,63,-1,1005,63,1006,-1,1006,63,1007,-1,1006,1007,1008,-1,1008,1007,1009,-1,1009,1007,1010,-1,1009,1010,1011,-1,1011,1010,1012,-1,1012,1010,1013,-1,1012,1013,1014,-1,1014,1013,1015,-1,1014,1015,1016,-1,1016,1015,1017,-1,1017,1015,1018,-1,1017,1018,1019,-1,1019,1018,1020,-1,1020,1018,77,-1,1020,77,79,-1,154,1021,1022,-1,1023,68,65,-1,65,1005,1023,-1,1023,1005,1006,-1,1023,1006,1024,-1,1006,1008,1024,-1,1024,1008,1009,-1,1024,1009,1025,-1,1009,1011,1025,-1,1025,1011,1012,-1,1025,1012,1026,-1,67,74,1027,-1,1027,74,1028,-1,1027,1028,1029,-1,1029,1028,1030,-1,1029,1030,1031,-1,1031,1030,1032,-1,1031,1032,1033,-1,1033,1032,1034,-1,1033,1034,1035,-1,1035,1034,1036,-1,1035,1036,1021,-1,74,73,1028,-1,1028,73,1037,-1,1028,1037,1030,-1,1030,1037,1038,-1,1030,1038,1032,-1,1032,1038,1039,-1,1032,1039,1034,-1,1034,1039,1040,-1,1034,1040,1036,-1,1036,1040,1041,-1,73,72,1037,-1,1037,72,1042,-1,1037,1042,1038,-1,1038,1042,1043,-1,1038,1043,1039,-1,1039,1043,1044,-1,1039,1044,1040,-1,1040,1044,1045,-1,1040,1045,1041,-1,1041,1045,1046,-1,72,66,1042,-1,1042,66,1047,-1,1042,1047,1043,-1,1043,1047,1048,-1,1043,1048,1044,-1,1044,1048,1049,-1,1044,1049,1045,-1,1045,1049,1050,-1,1045,1050,1046,-1,1046,1050,1051,-1,66,68,1047,-1,1047,68,1023,-1,1047,1023,1048,-1,1048,1023,1024,-1,1048,1024,1049,-1,1049,1024,1025,-1,1049,1025,1050,-1,1050,1025,1026,-1,1050,1026,1051,-1,1051,1026,1052,-1,1012,1014,1026,-1,1026,1014,1016,-1,1026,1016,1052,-1,1052,1016,1017,-1,1052,1017,1019,-1,1021,1036,1022,-1,1022,1036,1041,-1,1022,1041,1053,-1,1053,1041,1046,-1,1053,1046,1054,-1,1054,1046,1051,-1,1054,1051,1055,-1,1055,1051,1052,-1,1055,1052,1056,-1,1056,1052,1019,-1,1056,1019,1020,-1,154,1022,166,-1,166,1022,1053,-1,166,1053,168,-1,168,1053,1054,-1,168,1054,170,-1,170,1054,1055,-1,170,1055,172,-1,172,1055,1056,-1,172,1056,174,-1,174,1056,1020,-1,174,1020,79,-1,64,76,1057,-1,1057,76,1058,-1,1057,1058,1059,-1,1059,1058,1060,-1,1061,1062,1060,-1,1060,1062,1063,-1,1060,1063,1059,-1,1064,1065,1061,-1,1061,1065,1066,-1,1061,1066,1062,-1,1067,1068,1064,-1,1064,1068,1069,-1,1064,1069,1065,-1,1070,1071,1067,-1,1067,1071,1072,-1,1067,1072,1068,-1,165,58,1070,-1,1070,58,1073,-1,1070,1073,1071,-1,76,75,1058,-1,1058,75,1074,-1,1058,1074,1060,-1,1060,1074,1075,-1,1060,1075,1061,-1,1061,1075,1076,-1,1061,1076,1064,-1,1064,1076,1077,-1,1064,1077,1067,-1,1067,1077,1078,-1,1067,1078,1070,-1,1070,1078,1079,-1,1070,1079,165,-1,165,1079,163,-1,75,71,1074,-1,1074,71,1080,-1,1074,1080,1075,-1,1075,1080,1081,-1,1075,1081,1076,-1,1076,1081,1082,-1,1076,1082,1077,-1,1077,1082,1083,-1,1077,1083,1078,-1,1078,1083,1084,-1,1078,1084,1079,-1,1079,1084,1085,-1,1079,1085,163,-1,163,1085,161,-1,71,70,1080,-1,1080,70,1086,-1,1080,1086,1081,-1,1081,1086,1087,-1,1081,1087,1082,-1,1082,1087,1088,-1,1082,1088,1083,-1,1083,1088,1089,-1,1083,1089,1084,-1,1084,1089,1090,-1,1084,1090,1085,-1,1085,1090,1091,-1,1085,1091,161,-1,161,1091,159,-1,70,69,1086,-1,1086,69,1092,-1,1086,1092,1087,-1,1087,1092,1093,-1,1087,1093,1088,-1,1088,1093,1094,-1,1088,1094,1089,-1,1089,1094,1095,-1,1089,1095,1090,-1,1090,1095,1096,-1,1090,1096,1091,-1,1091,1096,1097,-1,1091,1097,159,-1,159,1097,157,-1,69,67,1092,-1,1092,67,1027,-1,1092,1027,1093,-1,1093,1027,1029,-1,1093,1029,1094,-1,1094,1029,1031,-1,1094,1031,1095,-1,1095,1031,1033,-1,1095,1033,1096,-1,1096,1033,1035,-1,1096,1035,1097,-1,1097,1035,1021,-1,1097,1021,157,-1,157,1021,154,-1,1073,58,60,-1,1073,60,1071,-1,1071,60,1098,-1,1071,1098,1072,-1,1072,1098,1068,-1,1068,1098,1099,-1,1068,1099,1069,-1,1069,1099,1065,-1,1065,1099,1100,-1,1065,1100,1066,-1,1066,1100,1101,-1,1066,1101,1062,-1,1062,1101,1063,-1,1063,1101,1102,-1,1063,1102,1059,-1,1059,1102,1057,-1,1057,1102,62,-1,1057,62,64,-1,1103,80,78,-1,1103,78,1104,-1,1104,78,1105,-1,1104,1105,1106,-1,1106,1105,1107,-1,1107,1105,1108,-1,1107,1108,1109,-1,1109,1108,1110,-1,1110,1108,1111,-1,1110,1111,1112,-1,1112,1111,1113,-1,1112,1113,1114,-1,1114,1113,1115,-1,1115,1113,1116,-1,1115,1116,1117,-1,1117,1116,1118,-1,1118,1116,92,-1,1118,92,94,-1,94,95,1118,-1,1118,95,1119,-1,1118,1119,1117,-1,1117,1119,1120,-1,1121,1114,1120,-1,1120,1114,1115,-1,1120,1115,1117,-1,1122,1110,1121,-1,1121,1110,1112,-1,1121,1112,1114,-1,1123,1107,1122,-1,1122,1107,1109,-1,1122,1109,1110,-1,1124,1104,1123,-1,1123,1104,1106,-1,1123,1106,1107,-1,175,80,1124,-1,1124,80,1103,-1,1124,1103,1104,-1,95,91,1119,-1,1119,91,1125,-1,1119,1125,1120,-1,1120,1125,1126,-1,1120,1126,1121,-1,1121,1126,1127,-1,1121,1127,1122,-1,1122,1127,1128,-1,1122,1128,1123,-1,1123,1128,1129,-1,1123,1129,1124,-1,1124,1129,1130,-1,1124,1130,175,-1,175,1130,173,-1,91,90,1125,-1,1125,90,1131,-1,1125,1131,1126,-1,1126,1131,1132,-1,1126,1132,1127,-1,1127,1132,1133,-1,1127,1133,1128,-1,1128,1133,1134,-1,1128,1134,1129,-1,1129,1134,1135,-1,1129,1135,1130,-1,1130,1135,1136,-1,1130,1136,173,-1,173,1136,171,-1,90,89,1131,-1,1131,89,1137,-1,1131,1137,1132,-1,1132,1137,1138,-1,1132,1138,1133,-1,1133,1138,1139,-1,1133,1139,1134,-1,1134,1139,1140,-1,1134,1140,1135,-1,1135,1140,1141,-1,1135,1141,1136,-1,1136,1141,1142,-1,1136,1142,171,-1,171,1142,169,-1,89,81,1137,-1,1137,81,1143,-1,1137,1143,1138,-1,1138,1143,1144,-1,1138,1144,1139,-1,1139,1144,1145,-1,1139,1145,1140,-1,1140,1145,1146,-1,1140,1146,1141,-1,1141,1146,1147,-1,1141,1147,1142,-1,1142,1147,1148,-1,1142,1148,169,-1,169,1148,167,-1,81,83,1143,-1,1143,83,1149,-1,1143,1149,1144,-1,1144,1149,1150,-1,1144,1150,1145,-1,1145,1150,1151,-1,1145,1151,1146,-1,1146,1151,1152,-1,1146,1152,1147,-1,1147,1152,1153,-1,1147,1153,1148,-1,1148,1153,1154,-1,1148,1154,167,-1,167,1154,155,-1,155,1154,1155,-1,1156,84,82,-1,82,1157,1156,-1,1156,1157,1158,-1,1156,1158,1159,-1,1158,1160,1159,-1,1159,1160,1161,-1,1159,1161,1162,-1,1161,1163,1162,-1,1162,1163,1164,-1,1162,1164,1165,-1,83,88,1149,-1,1149,88,1166,-1,1149,1166,1150,-1,1150,1166,1167,-1,1150,1167,1151,-1,1151,1167,1168,-1,1151,1168,1152,-1,1152,1168,1169,-1,1152,1169,1153,-1,1153,1169,1170,-1,1153,1170,1154,-1,88,87,1166,-1,1166,87,1171,-1,1166,1171,1167,-1,1167,1171,1172,-1,1167,1172,1168,-1,1168,1172,1173,-1,1168,1173,1169,-1,1169,1173,1174,-1,1169,1174,1170,-1,1170,1174,1175,-1,87,86,1171,-1,1171,86,1176,-1,1171,1176,1172,-1,1172,1176,1177,-1,1172,1177,1173,-1,1173,1177,1178,-1,1173,1178,1174,-1,1174,1178,1179,-1,1174,1179,1175,-1,1175,1179,1180,-1,86,85,1176,-1,1176,85,1181,-1,1176,1181,1177,-1,1177,1181,1182,-1,1177,1182,1178,-1,1178,1182,1183,-1,1178,1183,1179,-1,1179,1183,1184,-1,1179,1184,1180,-1,1180,1184,1185,-1,85,84,1181,-1,1181,84,1156,-1,1181,1156,1182,-1,1182,1156,1159,-1,1182,1159,1183,-1,1183,1159,1162,-1,1183,1162,1184,-1,1184,1162,1165,-1,1184,1165,1185,-1,1185,1165,1186,-1,1164,1187,1165,-1,1165,1187,1188,-1,1165,1188,1186,-1,1186,1188,1189,-1,1186,1189,1190,-1,1154,1170,1155,-1,1155,1170,1175,-1,1155,1175,1191,-1,1191,1175,1180,-1,1191,1180,1192,-1,1192,1180,1185,-1,1192,1185,1193,-1,1193,1185,1186,-1,1193,1186,1194,-1,1194,1186,1190,-1,1194,1190,1195,-1,155,1155,156,-1,156,1155,1191,-1,156,1191,158,-1,158,1191,1192,-1,158,1192,160,-1,160,1192,1193,-1,160,1193,162,-1,162,1193,1194,-1,162,1194,164,-1,164,1194,1195,-1,164,1195,59,-1,1157,82,93,-1,1157,93,1158,-1,1158,93,1196,-1,1158,1196,1160,-1,1160,1196,1161,-1,1161,1196,1197,-1,1161,1197,1163,-1,1163,1197,1164,-1,1164,1197,1198,-1,1164,1198,1187,-1,1187,1198,1199,-1,1187,1199,1188,-1,1188,1199,1189,-1,1189,1199,1200,-1,1189,1200,1190,-1,1190,1200,1195,-1,1195,1200,61,-1,1195,61,59,-1,34,36,1201,-1,34,1201,1202,-1,1202,1201,1203,-1,1202,1203,1204,-1,1204,1203,1205,-1,1204,1205,1206,-1,1206,1205,1207,-1,1206,1207,1208,-1,1208,1207,1209,-1,1208,1209,1210,-1,1210,1209,0,-1,1210,0,2,-1,2,9,1210,-1,1210,9,1211,-1,1210,1211,1208,-1,1208,1211,1212,-1,1208,1212,1206,-1,1206,1212,1213,-1,1206,1213,1204,-1,1204,1213,1214,-1,1204,1214,1202,-1,1202,1214,1215,-1,1202,1215,34,-1,34,1215,209,-1,9,14,1211,-1,1211,14,1216,-1,1211,1216,1212,-1,1212,1216,1217,-1,1212,1217,1213,-1,1213,1217,1218,-1,1213,1218,1214,-1,1214,1218,1219,-1,1214,1219,1215,-1,1215,1219,1220,-1,1215,1220,209,-1,209,1220,207,-1,14,13,1216,-1,1216,13,1221,-1,1216,1221,1217,-1,1217,1221,1222,-1,1217,1222,1218,-1,1218,1222,1223,-1,1218,1223,1219,-1,1219,1223,1224,-1,1219,1224,1220,-1,1220,1224,1225,-1,1220,1225,207,-1,207,1225,205,-1,13,10,1221,-1,1221,10,1226,-1,1221,1226,1222,-1,1222,1226,1227,-1,1222,1227,1223,-1,1223,1227,1228,-1,1223,1228,1224,-1,1224,1228,1229,-1,1224,1229,1225,-1,1225,1229,1230,-1,1225,1230,205,-1,205,1230,203,-1,10,11,1226,-1,1226,11,1231,-1,1226,1231,1227,-1,1227,1231,1232,-1,1227,1232,1228,-1,1228,1232,1233,-1,1228,1233,1229,-1,1229,1233,1234,-1,1229,1234,1230,-1,1230,1234,1235,-1,1230,1235,203,-1,203,1235,201,-1,11,12,1231,-1,1231,12,1236,-1,1231,1236,1232,-1,1232,1236,1237,-1,1232,1237,1233,-1,1233,1237,1238,-1,1233,1238,1234,-1,1234,1238,1239,-1,1234,1239,1235,-1,1235,1239,1240,-1,1235,1240,201,-1,201,1240,198,-1,12,8,1236,-1,1236,8,1241,-1,1236,1241,1237,-1,1237,1241,1242,-1,1237,1242,1238,-1,1238,1242,1243,-1,1238,1243,1239,-1,1239,1243,1244,-1,1239,1244,1240,-1,1240,1244,1245,-1,1240,1245,198,-1,198,1245,210,-1,8,7,1241,-1,1241,7,1246,-1,1241,1246,1242,-1,1242,1246,1247,-1,1242,1247,1243,-1,1243,1247,1248,-1,1243,1248,1244,-1,1244,1248,1249,-1,1244,1249,1245,-1,1245,1249,1250,-1,1245,1250,210,-1,210,1250,212,-1,7,6,1246,-1,1246,6,1251,-1,1246,1251,1247,-1,1247,1251,1252,-1,1247,1252,1248,-1,1248,1252,1253,-1,1248,1253,1249,-1,1249,1253,1254,-1,1249,1254,1250,-1,1250,1254,1255,-1,1250,1255,212,-1,212,1255,214,-1,6,5,1251,-1,1251,5,1256,-1,1251,1256,1252,-1,1252,1256,1257,-1,1252,1257,1253,-1,1253,1257,1258,-1,1253,1258,1254,-1,1254,1258,1259,-1,1254,1259,1255,-1,1255,1259,1260,-1,1255,1260,214,-1,214,1260,216,-1,5,4,1256,-1,1256,4,1261,-1,1256,1261,1257,-1,1257,1261,1262,-1,1257,1262,1258,-1,1258,1262,1263,-1,1258,1263,1259,-1,1259,1263,1264,-1,1259,1264,1260,-1,1260,1264,1265,-1,1260,1265,216,-1,216,1265,218,-1,4,3,1261,-1,1261,3,1266,-1,1261,1266,1262,-1,1262,1266,1267,-1,1262,1267,1263,-1,1263,1267,1268,-1,1263,1268,1264,-1,1264,1268,1269,-1,1264,1269,1265,-1,1265,1269,1270,-1,1265,1270,218,-1,218,1270,17,-1,3,1,1271,-1,3,1271,1266,-1,1266,1271,1272,-1,1266,1272,1267,-1,1267,1272,1273,-1,1267,1273,1268,-1,1268,1273,1274,-1,1268,1274,1269,-1,1269,1274,1275,-1,1269,1275,1270,-1,1270,1275,15,-1,1270,15,17,-1,21,24,1276,-1,21,1276,1277,-1,1277,1276,1278,-1,1277,1278,1279,-1,1279,1278,1280,-1,1279,1280,1281,-1,1281,1280,1282,-1,1281,1282,1283,-1,1283,1282,1284,-1,1283,1284,1285,-1,1285,1284,37,-1,1285,37,35,-1,32,31,1286,-1,1286,31,1287,-1,1286,1287,1288,-1,1288,1287,1289,-1,1288,1289,1290,-1,1290,1289,1291,-1,1290,1291,1292,-1,1292,1291,1293,-1,1292,1293,1294,-1,1294,1293,1295,-1,1294,1295,199,-1,199,1295,200,-1,31,30,1287,-1,1287,30,1296,-1,1287,1296,1289,-1,1289,1296,1297,-1,1289,1297,1291,-1,1291,1297,1298,-1,1291,1298,1293,-1,1293,1298,1299,-1,1293,1299,1295,-1,1295,1299,1300,-1,1295,1300,200,-1,200,1300,202,-1,30,28,1296,-1,1296,28,1301,-1,1296,1301,1297,-1,1297,1301,1302,-1,1297,1302,1298,-1,1298,1302,1303,-1,1298,1303,1299,-1,1299,1303,1304,-1,1299,1304,1300,-1,1300,1304,1305,-1,1300,1305,202,-1,202,1305,204,-1,28,27,1301,-1,1301,27,1306,-1,1301,1306,1302,-1,1302,1306,1307,-1,1302,1307,1303,-1,1303,1307,1308,-1,1303,1308,1304,-1,1304,1308,1309,-1,1304,1309,1305,-1,1305,1309,1310,-1,1305,1310,204,-1,204,1310,206,-1,27,33,1306,-1,1306,33,1311,-1,1306,1311,1307,-1,1307,1311,1312,-1,1307,1312,1308,-1,1308,1312,1313,-1,1308,1313,1309,-1,1309,1313,1314,-1,1309,1314,1310,-1,1310,1314,1315,-1,1310,1315,206,-1,206,1315,208,-1,33,21,1311,-1,1311,21,1277,-1,1311,1277,1312,-1,1312,1277,1279,-1,1312,1279,1313,-1,1313,1279,1281,-1,1313,1281,1314,-1,1314,1281,1283,-1,1314,1283,1315,-1,1315,1283,1285,-1,1315,1285,208,-1,208,1285,35,-1,25,26,1316,-1,1316,26,1317,-1,1316,1317,1318,-1,1318,1317,1319,-1,1318,1319,1320,-1,1320,1319,1321,-1,1320,1321,1322,-1,1322,1321,1323,-1,1322,1323,1324,-1,1324,1323,1325,-1,1324,1325,18,-1,18,1325,219,-1,26,20,1317,-1,1317,20,1326,-1,1317,1326,1319,-1,1319,1326,1327,-1,1319,1327,1321,-1,1321,1327,1328,-1,1321,1328,1323,-1,1323,1328,1329,-1,1323,1329,1325,-1,1325,1329,1330,-1,1325,1330,219,-1,219,1330,217,-1,20,19,1326,-1,1326,19,1331,-1,1326,1331,1327,-1,1327,1331,1332,-1,1327,1332,1328,-1,1328,1332,1333,-1,1328,1333,1329,-1,1329,1333,1334,-1,1329,1334,1330,-1,1330,1334,1335,-1,1330,1335,217,-1,217,1335,215,-1,19,22,1331,-1,1331,22,1336,-1,1331,1336,1332,-1,1332,1336,1337,-1,1332,1337,1333,-1,1333,1337,1338,-1,1333,1338,1334,-1,1334,1338,1339,-1,1334,1339,1335,-1,1335,1339,1340,-1,1335,1340,215,-1,215,1340,213,-1,22,29,1336,-1,1336,29,1341,-1,1336,1341,1337,-1,1337,1341,1342,-1,1337,1342,1338,-1,1338,1342,1343,-1,1338,1343,1339,-1,1339,1343,1344,-1,1339,1344,1340,-1,1340,1344,1345,-1,1340,1345,213,-1,213,1345,211,-1,29,32,1341,-1,1341,32,1286,-1,1341,1286,1342,-1,1342,1286,1288,-1,1342,1288,1343,-1,1343,1288,1290,-1,1343,1290,1344,-1,1344,1290,1292,-1,1344,1292,1345,-1,1345,1292,1294,-1,1345,1294,211,-1,211,1294,199,-1,18,16,1346,-1,18,1346,1324,-1,1324,1346,1347,-1,1324,1347,1322,-1,1322,1347,1348,-1,1322,1348,1320,-1,1320,1348,1349,-1,1320,1349,1318,-1,1318,1349,1350,-1,1318,1350,1316,-1,1316,1350,23,-1,1316,23,25,-1,
        ]
    }
}
Shape{
    appearance Appearance {
        material  Material 	{
            diffuseColor 0.15294117647058825 0.6078431372549019 1.0
            specularColor 0.047058823529411764 0.1843137254901961 0.30196078431372547
            ambientIntensity 0.5165
            transparency 0.0
            shininess 0.5
        }
    }
    geometry IndexedFaceSet {
        ccw TRUE
        solid FALSE
        coord DEF co Coordinate {
            point [
                0.5871 -0.2579 6.0236, 0.5871 -0.2579 6.1811, 0.6635 -0.2478 6.0236, 0.6635 -0.2478 6.1811, 0.7347 -0.2183 6.0236, 0.7347 -0.2183 6.1811, 0.7958 -0.1714 6.0236, 0.7958 -0.1714 6.1811, 0.8428 -0.1102 6.0236, 0.8428 -0.1102 6.1811, 0.8723 -0.039 6.0236, 0.8723 -0.039 6.1811, 0.8823 0.0374 6.0236, 0.8823 0.0374 6.1811, 0.8723 0.1138 6.0236, 0.8723 0.1138 6.1811, 0.8428 0.185 6.0236, 0.8428 0.185 6.1811, 0.7958 0.2462 6.0236, 0.7958 0.2462 6.1811, 0.7347 0.2931 6.0236, 0.7347 0.2931 6.1811, 0.6635 0.3226 6.0236, 0.6635 0.3226 6.1811, 0.5871 0.3327 6.0236, 0.5871 0.3327 6.1811, 0.5106 0.3226 6.0236, 0.5106 0.3226 6.1811, 0.4394 0.2931 6.0236, 0.4394 0.2931 6.1811, 0.3783 0.2462 6.0236, 0.3783 0.2462 6.1811, 0.3313 0.185 6.0236, 0.3313 0.185 6.1811, 0.3018 0.1138 6.0236, 0.3018 0.1138 6.1811, 0.2918 0.0374 6.0236, 0.2918 0.0374 6.1811, 0.3018 -0.039 6.0236, 0.3018 -0.039 6.1811, 0.3313 -0.1102 6.0236, 0.3313 -0.1102 6.1811, 0.3783 -0.1714 6.0236, 0.3783 -0.1714 6.1811, 0.4394 -0.2183 6.0236, 0.4394 -0.2183 6.1811, 0.5106 -0.2478 6.0236, 0.5106 -0.2478 6.1811, 0.5871 0.0374 6.0236, -2.6433 -2.7185 6.0236, -2.6433 -2.7185 6.1811, -2.5414 -2.7051 6.0236, -2.5414 -2.7051 6.1811, -2.4465 -2.6658 6.0236, -2.4465 -2.6658 6.1811, -2.3649 -2.6032 6.0236, -2.3649 -2.6032 6.1811, -2.3024 -2.5217 6.0236, -2.3024 -2.5217 6.1811, -2.263 -2.4267 6.0236, -2.263 -2.4267 6.1811, -2.2496 -2.3248 6.0236, -2.2496 -2.3248 6.1811, -2.263 -2.2229 6.0236, -2.263 -2.2229 6.1811, -2.3024 -2.128 6.0236, -2.3024 -2.128 6.1811, -2.3649 -2.0464 6.0236, -2.3649 -2.0464 6.1811, -2.4465 -1.9838 6.0236, -2.4465 -1.9838 6.1811, -2.5414 -1.9445 6.0236, -2.5414 -1.9445 6.1811, -2.6433 -1.9311 6.0236, -2.6433 -1.9311 6.1811, -2.7452 -1.9445 6.0236, -2.7452 -1.9445 6.1811, -2.8402 -1.9838 6.0236, -2.8402 -1.9838 6.1811, -2.9217 -2.0464 6.0236, -2.9217 -2.0464 6.1811, -2.9843 -2.128 6.0236, -2.9843 -2.128 6.1811, -3.0236 -2.2229 6.0236, -3.0236 -2.2229 6.1811, -3.037 -2.3248 6.0236, -3.037 -2.3248 6.1811, -3.0236 -2.4267 6.0236, -3.0236 -2.4267 6.1811, -2.9843 -2.5217 6.0236, -2.9843 -2.5217 6.1811, -2.9217 -2.6032 6.0236, -2.9217 -2.6032 6.1811, -2.8402 -2.6658 6.0236, -2.8402 -2.6658 6.1811, -2.7452 -2.7051 6.0236, -2.7452 -2.7051 6.1811, -2.6433 -2.3248 6.0236, 0.6638 -0.2491 6.1913, 0.7354 -0.2195 6.1913, 0.7968 -0.1723 6.1913, 0.8439 -0.1109 6.1913, 0.8736 -0.0394 6.1913, 0.8837 0.0374 6.1913, 0.8736 0.1142 6.1913, 0.8439 0.1857 6.1913, 0.7968 0.2471 6.1913, 0.7354 0.2943 6.1913, 0.6638 0.3239 6.1913, 0.5871 0.334 6.1913, 0.5103 0.3239 6.1913, 0.4387 0.2943 6.1913, 0.3773 0.2471 6.1913, 0.3302 0.1857 6.1913, 0.3005 0.1142 6.1913, 0.2904 0.0374 6.1913, 0.3005 -0.0394 6.1913, 0.3302 -0.1109 6.1913, 0.3773 -0.1723 6.1913, 0.4387 -0.2195 6.1913, 0.5103 -0.2491 6.1913, 0.5871 -0.2592 6.1913, 0.6648 -0.2529 6.2008, 0.7373 -0.2229 6.2008, 0.7996 -0.1751 6.2008, 0.8473 -0.1129 6.2008, 0.8774 -0.0404 6.2008, 0.8876 0.0374 6.2008, 0.8774 0.1152 6.2008, 0.8473 0.1877 6.2008, 0.7996 0.2499 6.2008, 0.7373 0.2977 6.2008, 0.6648 0.3277 6.2008, 0.5871 0.338 6.2008, 0.5093 0.3277 6.2008, 0.4368 0.2977 6.2008, 0.3745 0.2499 6.2008, 0.3268 0.1877 6.2008, 0.2967 0.1152 6.2008, 0.2865 0.0374 6.2008, 0.2967 -0.0404 6.2008, 0.3268 -0.1129 6.2008, 0.3745 -0.1751 6.2008, 0.4368 -0.2229 6.2008, 0.5093 -0.2529 6.2008, 0.5871 -0.2631 6.2008, 0.6665 -0.259 6.2089, 0.7405 -0.2283 6.2089, 0.804 -0.1795 6.2089, 0.8528 -0.116 6.2089, 0.8834 -0.042 6.2089, 0.8939 0.0374 6.2089, 0.8834 0.1168 6.2089, 0.8528 0.1908 6.2089, 0.804 0.2543 6.2089, 0.7405 0.3031 6.2089, 0.6665 0.3338 6.2089, 0.5871 0.3442 6.2089, 0.5076 0.3338 6.2089, 0.4337 0.3031 6.2089, 0.3701 0.2543 6.2089, 0.3214 0.1908 6.2089, 0.2907 0.1168 6.2089, 0.2802 0.0374 6.2089, 0.2907 -0.042 6.2089, 0.3214 -0.116 6.2089, 0.3701 -0.1795 6.2089, 0.4337 -0.2283 6.2089, 0.5076 -0.259 6.2089, 0.5871 -0.2694 6.2089, 0.6686 -0.2668 6.2152, 0.7445 -0.2354 6.2152, 0.8098 -0.1853 6.2152, 0.8598 -0.1201 6.2152, 0.8913 -0.0441 6.2152, 0.902 0.0374 6.2152, 0.8913 0.1189 6.2152, 0.8598 0.1949 6.2152, 0.8098 0.2601 6.2152, 0.7445 0.3102 6.2152, 0.6686 0.3416 6.2152, 0.5871 0.3524 6.2152, 0.5055 0.3416 6.2152, 0.4296 0.3102 6.2152, 0.3643 0.2601 6.2152, 0.3143 0.1949 6.2152, 0.2828 0.1189 6.2152, 0.2721 0.0374 6.2152, 0.2828 -0.0441 6.2152, 0.3143 -0.1201 6.2152, 0.3643 -0.1853 6.2152, 0.4296 -0.2354 6.2152, 0.5055 -0.2668 6.2152, 0.5871 -0.2776 6.2152, 0.671 -0.276 6.2191, 0.7493 -0.2436 6.2191, 0.8165 -0.192 6.2191, 0.868 -0.1248 6.2191, 0.9005 -0.0466 6.2191, 0.9115 0.0374 6.2191, 0.9005 0.1214 6.2191, 0.868 0.1996 6.2191, 0.8165 0.2668 6.2191, 0.7493 0.3184 6.2191, 0.671 0.3508 6.2191, 0.5871 0.3619 6.2191, 0.5031 0.3508 6.2191, 0.4248 0.3184 6.2191, 0.3576 0.2668 6.2191, 0.3061 0.1996 6.2191, 0.2737 0.1214 6.2191, 0.2626 0.0374 6.2191, 0.2737 -0.0466 6.2191, 0.3061 -0.1248 6.2191, 0.3576 -0.192 6.2191, 0.4248 -0.2436 6.2191, 0.5031 -0.276 6.2191, 0.5871 -0.2871 6.2191, 0.6737 -0.2858 6.2205, 0.7544 -0.2524 6.2205, 0.8237 -0.1992 6.2205, 0.8769 -0.1299 6.2205, 0.9103 -0.0492 6.2205, 0.9217 0.0374 6.2205, 0.9103 0.124 6.2205, 0.8769 0.2047 6.2205, 0.8237 0.274 6.2205, 0.7544 0.3272 6.2205, 0.6737 0.3606 6.2205, 0.5871 0.372 6.2205, 0.5004 0.3606 6.2205, 0.4197 0.3272 6.2205, 0.3504 0.274 6.2205, 0.2972 0.2047 6.2205, 0.2638 0.124 6.2205, 0.2524 0.0374 6.2205, 0.2638 -0.0492 6.2205, 0.2972 -0.1299 6.2205, 0.3504 -0.1992 6.2205, 0.4197 -0.2524 6.2205, 0.5004 -0.2858 6.2205, 0.5871 -0.2972 6.2205, -2.5412 -2.706 6.1899, -2.446 -2.6666 6.1899, -2.3642 -2.6039 6.1899, -2.3015 -2.5221 6.1899, -2.2621 -2.427 6.1899, -2.2486 -2.3248 6.1899, -2.2621 -2.2227 6.1899, -2.3015 -2.1275 6.1899, -2.3642 -2.0457 6.1899, -2.446 -1.983 6.1899, -2.5412 -1.9436 6.1899, -2.6433 -1.9301 6.1899, -2.7455 -1.9436 6.1899, -2.8407 -1.983 6.1899, -2.9224 -2.0457 6.1899, -2.9851 -2.1275 6.1899, -3.0245 -2.2227 6.1899, -3.038 -2.3248 6.1899, -3.0245 -2.427 6.1899, -2.9851 -2.5221 6.1899, -2.9224 -2.6039 6.1899, -2.8407 -2.6666 6.1899, -2.7455 -2.706 6.1899, -2.6433 -2.7195 6.1899, -2.5404 -2.7089 6.1982, -2.4445 -2.6691 6.1982, -2.3622 -2.6059 6.1982, -2.299 -2.5236 6.1982, -2.2593 -2.4277 6.1982, -2.2457 -2.3248 6.1982, -2.2593 -2.2219 6.1982, -2.299 -2.126 6.1982, -2.3622 -2.0437 6.1982, -2.4445 -1.9805 6.1982, -2.5404 -1.9408 6.1982, -2.6433 -1.9272 6.1982, -2.7462 -1.9408 6.1982, -2.8421 -1.9805 6.1982, -2.9245 -2.0437 6.1982, -2.9876 -2.126 6.1982, -3.0274 -2.2219 6.1982, -3.0409 -2.3248 6.1982, -3.0274 -2.4277 6.1982, -2.9876 -2.5236 6.1982, -2.9245 -2.6059 6.1982, -2.8421 -2.6691 6.1982, -2.7462 -2.7089 6.1982, -2.6433 -2.7224 6.1982, -2.5392 -2.7134 6.2057, -2.4422 -2.6732 6.2057, -2.3588 -2.6093 6.2057, -2.2949 -2.5259 6.2057, -2.2547 -2.4289 6.2057, -2.241 -2.3248 6.2057, -2.2547 -2.2207 6.2057, -2.2949 -2.1237 6.2057, -2.3588 -2.0403 6.2057, -2.4422 -1.9764 6.2057, -2.5392 -1.9362 6.2057, -2.6433 -1.9225 6.2057, -2.7474 -1.9362 6.2057, -2.8445 -1.9764 6.2057, -2.9278 -2.0403 6.2057, -2.9917 -2.1237 6.2057, -3.0319 -2.2207 6.2057, -3.0456 -2.3248 6.2057, -3.0319 -2.4289 6.2057, -2.9917 -2.5259 6.2057, -2.9278 -2.6093 6.2057, -2.8445 -2.6732 6.2057, -2.7474 -2.7134 6.2057, -2.6433 -2.7271 6.2057, -2.5376 -2.7194 6.2119, -2.439 -2.6786 6.2119, -2.3544 -2.6137 6.2119, -2.2895 -2.5291 6.2119, -2.2487 -2.4305 6.2119, -2.2348 -2.3248 6.2119, -2.2487 -2.2191 6.2119, -2.2895 -2.1205 6.2119, -2.3544 -2.0359 6.2119, -2.439 -1.971 6.2119, -2.5376 -1.9302 6.2119, -2.6433 -1.9163 6.2119, -2.749 -1.9302 6.2119, -2.8476 -1.971 6.2119, -2.9322 -2.0359 6.2119, -2.9971 -2.1205 6.2119, -3.0379 -2.2191 6.2119, -3.0518 -2.3248 6.2119, -3.0379 -2.4305 6.2119, -2.9971 -2.5291 6.2119, -2.9322 -2.6137 6.2119, -2.8476 -2.6786 6.2119, -2.749 -2.7194 6.2119, -2.6433 -2.7333 6.2119, -2.5356 -2.7266 6.2166, -2.4353 -2.6851 6.2166, -2.3492 -2.619 6.2166, -2.283 -2.5328 6.2166, -2.2415 -2.4325 6.2166, -2.2273 -2.3248 6.2166, -2.2415 -2.2171 6.2166, -2.283 -2.1168 6.2166, -2.3492 -2.0307 6.2166, -2.4353 -1.9645 6.2166, -2.5356 -1.923 6.2166, -2.6433 -1.9088 6.2166, -2.751 -1.923 6.2166, -2.8513 -1.9645 6.2166, -2.9375 -2.0307 6.2166, -3.0036 -2.1168 6.2166, -3.0451 -2.2171 6.2166, -3.0593 -2.3248 6.2166, -3.0451 -2.4325 6.2166, -3.0036 -2.5328 6.2166, -2.9375 -2.619 6.2166, -2.8513 -2.6851 6.2166, -2.751 -2.7266 6.2166, -2.6433 -2.7408 6.2166, -2.5335 -2.7347 6.2195, -2.4312 -2.6923 6.2195, -2.3433 -2.6248 6.2195, -2.2758 -2.537 6.2195, -2.2335 -2.4346 6.2195, -2.219 -2.3248 6.2195, -2.2335 -2.215 6.2195, -2.2758 -2.1126 6.2195, -2.3433 -2.0248 6.2195, -2.4312 -1.9573 6.2195, -2.5335 -1.915 6.2195, -2.6433 -1.9005 6.2195, -2.7531 -1.915 6.2195, -2.8555 -1.9573 6.2195, -2.9433 -2.0248 6.2195, -3.0108 -2.1126 6.2195, -3.0532 -2.215 6.2195, -3.0676 -2.3248 6.2195, -3.0532 -2.4346 6.2195, -3.0108 -2.537 6.2195, -2.9433 -2.6248 6.2195, -2.8555 -2.6923 6.2195, -2.7531 -2.7347 6.2195, -2.6433 -2.7491 6.2195, -2.5312 -2.7431 6.2205, -2.4268 -2.6999 6.2205, -2.3371 -2.631 6.2205, -2.2683 -2.5413 6.2205, -2.225 -2.4369 6.2205, -2.2102 -2.3248 6.2205, -2.225 -2.2127 6.2205, -2.2683 -2.1083 6.2205, -2.3371 -2.0186 6.2205, -2.4268 -1.9498 6.2205, -2.5312 -1.9065 6.2205, -2.6433 -1.8917 6.2205, -2.7554 -1.9065 6.2205, -2.8598 -1.9498 6.2205, -2.9495 -2.0186 6.2205, -3.0184 -2.1083 6.2205, -3.0616 -2.2127 6.2205, -3.0764 -2.3248 6.2205, -3.0616 -2.4369 6.2205, -3.0184 -2.5413 6.2205, -2.9495 -2.631 6.2205, -2.8598 -2.6999 6.2205, -2.7554 -2.7431 6.2205, -2.6433 -2.7579 6.2205
            ]
        }
        coordIndex [
            0,1,2,-1,2,1,3,-1,2,3,4,-1,4,3,5,-1,4,5,6,-1,6,5,7,-1,6,7,8,-1,8,7,9,-1,8,9,10,-1,10,9,11,-1,10,11,12,-1,12,11,13,-1,12,13,14,-1,14,13,15,-1,14,15,16,-1,16,15,17,-1,16,17,18,-1,18,17,19,-1,18,19,20,-1,20,19,21,-1,20,21,22,-1,22,21,23,-1,22,23,24,-1,24,23,25,-1,24,25,26,-1,26,25,27,-1,26,27,28,-1,28,27,29,-1,28,29,30,-1,30,29,31,-1,30,31,32,-1,32,31,33,-1,32,33,34,-1,34,33,35,-1,34,35,36,-1,36,35,37,-1,36,37,38,-1,38,37,39,-1,38,39,40,-1,40,39,41,-1,40,41,42,-1,42,41,43,-1,42,43,44,-1,44,43,45,-1,44,45,46,-1,46,45,47,-1,46,47,0,-1,0,47,1,-1,44,46,48,-1,48,46,0,-1,48,0,2,-1,38,40,48,-1,48,40,42,-1,48,42,44,-1,32,34,48,-1,48,34,36,-1,48,36,38,-1,26,28,48,-1,48,28,30,-1,48,30,32,-1,20,22,48,-1,48,22,24,-1,48,24,26,-1,14,16,48,-1,48,16,18,-1,48,18,20,-1,8,10,48,-1,48,10,12,-1,48,12,14,-1,2,4,48,-1,48,4,6,-1,48,6,8,-1,49,50,51,-1,51,50,52,-1,51,52,53,-1,53,52,54,-1,53,54,55,-1,55,54,56,-1,55,56,57,-1,57,56,58,-1,57,58,59,-1,59,58,60,-1,59,60,61,-1,61,60,62,-1,61,62,63,-1,63,62,64,-1,63,64,65,-1,65,64,66,-1,65,66,67,-1,67,66,68,-1,67,68,69,-1,69,68,70,-1,69,70,71,-1,71,70,72,-1,71,72,73,-1,73,72,74,-1,73,74,75,-1,75,74,76,-1,75,76,77,-1,77,76,78,-1,77,78,79,-1,79,78,80,-1,79,80,81,-1,81,80,82,-1,81,82,83,-1,83,82,84,-1,83,84,85,-1,85,84,86,-1,85,86,87,-1,87,86,88,-1,87,88,89,-1,89,88,90,-1,89,90,91,-1,91,90,92,-1,91,92,93,-1,93,92,94,-1,93,94,95,-1,95,94,96,-1,95,96,49,-1,49,96,50,-1,93,95,97,-1,97,95,49,-1,97,49,51,-1,87,89,97,-1,97,89,91,-1,97,91,93,-1,81,83,97,-1,97,83,85,-1,97,85,87,-1,75,77,97,-1,97,77,79,-1,97,79,81,-1,69,71,97,-1,97,71,73,-1,97,73,75,-1,63,65,97,-1,97,65,67,-1,97,67,69,-1,57,59,97,-1,97,59,61,-1,97,61,63,-1,51,53,97,-1,97,53,55,-1,97,55,57,-1,1,98,3,-1,3,98,99,-1,3,99,5,-1,5,99,100,-1,5,100,7,-1,7,100,101,-1,7,101,9,-1,9,101,102,-1,9,102,11,-1,11,102,103,-1,11,103,13,-1,13,103,104,-1,13,104,15,-1,15,104,105,-1,15,105,17,-1,17,105,106,-1,17,106,19,-1,19,106,107,-1,19,107,21,-1,21,107,108,-1,21,108,23,-1,23,108,109,-1,23,109,25,-1,25,109,110,-1,25,110,27,-1,27,110,111,-1,27,111,29,-1,29,111,112,-1,29,112,31,-1,31,112,113,-1,31,113,33,-1,33,113,114,-1,33,114,35,-1,35,114,115,-1,35,115,37,-1,37,115,116,-1,37,116,39,-1,39,116,117,-1,39,117,41,-1,41,117,118,-1,41,118,43,-1,43,118,119,-1,43,119,45,-1,45,119,120,-1,45,120,47,-1,47,120,121,-1,47,121,1,-1,1,121,98,-1,121,122,98,-1,98,122,123,-1,98,123,99,-1,99,123,124,-1,99,124,100,-1,100,124,125,-1,100,125,101,-1,101,125,126,-1,101,126,102,-1,102,126,127,-1,102,127,103,-1,103,127,128,-1,103,128,104,-1,104,128,129,-1,104,129,105,-1,105,129,130,-1,105,130,106,-1,106,130,131,-1,106,131,107,-1,107,131,132,-1,107,132,108,-1,108,132,133,-1,108,133,109,-1,109,133,134,-1,109,134,110,-1,110,134,135,-1,110,135,111,-1,111,135,136,-1,111,136,112,-1,112,136,137,-1,112,137,113,-1,113,137,138,-1,113,138,114,-1,114,138,139,-1,114,139,115,-1,115,139,140,-1,115,140,116,-1,116,140,141,-1,116,141,117,-1,117,141,142,-1,117,142,118,-1,118,142,143,-1,118,143,119,-1,119,143,144,-1,119,144,120,-1,120,144,145,-1,120,145,121,-1,121,145,122,-1,145,146,122,-1,122,146,147,-1,122,147,123,-1,123,147,148,-1,123,148,124,-1,124,148,149,-1,124,149,125,-1,125,149,150,-1,125,150,126,-1,126,150,151,-1,126,151,127,-1,127,151,152,-1,127,152,128,-1,128,152,153,-1,128,153,129,-1,129,153,154,-1,129,154,130,-1,130,154,155,-1,130,155,131,-1,131,155,156,-1,131,156,132,-1,132,156,157,-1,132,157,133,-1,133,157,158,-1,133,158,134,-1,134,158,159,-1,134,159,135,-1,135,159,160,-1,135,160,136,-1,136,160,161,-1,136,161,137,-1,137,161,162,-1,137,162,138,-1,138,162,163,-1,138,163,139,-1,139,163,164,-1,139,164,140,-1,140,164,165,-1,140,165,141,-1,141,165,166,-1,141,166,142,-1,142,166,167,-1,142,167,143,-1,143,167,168,-1,143,168,144,-1,144,168,169,-1,144,169,145,-1,145,169,146,-1,169,170,146,-1,146,170,171,-1,146,171,147,-1,147,171,172,-1,147,172,148,-1,148,172,173,-1,148,173,149,-1,149,173,174,-1,149,174,150,-1,150,174,175,-1,150,175,151,-1,151,175,176,-1,151,176,152,-1,152,176,177,-1,152,177,153,-1,153,177,178,-1,153,178,154,-1,154,178,179,-1,154,179,155,-1,155,179,180,-1,155,180,156,-1,156,180,181,-1,156,181,157,-1,157,181,182,-1,157,182,158,-1,158,182,183,-1,158,183,159,-1,159,183,184,-1,159,184,160,-1,160,184,185,-1,160,185,161,-1,161,185,186,-1,161,186,162,-1,162,186,187,-1,162,187,163,-1,163,187,188,-1,163,188,164,-1,164,188,189,-1,164,189,165,-1,165,189,190,-1,165,190,166,-1,166,190,191,-1,166,191,167,-1,167,191,192,-1,167,192,168,-1,168,192,193,-1,168,193,169,-1,169,193,170,-1,193,194,170,-1,170,194,195,-1,170,195,171,-1,171,195,196,-1,171,196,172,-1,172,196,197,-1,172,197,173,-1,173,197,198,-1,173,198,174,-1,174,198,199,-1,174,199,175,-1,175,199,200,-1,175,200,176,-1,176,200,201,-1,176,201,177,-1,177,201,202,-1,177,202,178,-1,178,202,203,-1,178,203,179,-1,179,203,204,-1,179,204,180,-1,180,204,205,-1,180,205,181,-1,181,205,206,-1,181,206,182,-1,182,206,207,-1,182,207,183,-1,183,207,208,-1,183,208,184,-1,184,208,209,-1,184,209,185,-1,185,209,210,-1,185,210,186,-1,186,210,211,-1,186,211,187,-1,187,211,212,-1,187,212,188,-1,188,212,213,-1,188,213,189,-1,189,213,214,-1,189,214,190,-1,190,214,215,-1,190,215,191,-1,191,215,216,-1,191,216,192,-1,192,216,217,-1,192,217,193,-1,193,217,194,-1,217,218,194,-1,194,218,219,-1,194,219,195,-1,195,219,220,-1,195,220,196,-1,196,220,221,-1,196,221,197,-1,197,221,222,-1,197,222,198,-1,198,222,223,-1,198,223,199,-1,199,223,224,-1,199,224,200,-1,200,224,225,-1,200,225,201,-1,201,225,226,-1,201,226,202,-1,202,226,227,-1,202,227,203,-1,203,227,228,-1,203,228,204,-1,204,228,229,-1,204,229,205,-1,205,229,230,-1,205,230,206,-1,206,230,231,-1,206,231,207,-1,207,231,232,-1,207,232,208,-1,208,232,233,-1,208,233,209,-1,209,233,234,-1,209,234,210,-1,210,234,235,-1,210,235,211,-1,211,235,236,-1,211,236,212,-1,212,236,237,-1,212,237,213,-1,213,237,238,-1,213,238,214,-1,214,238,239,-1,214,239,215,-1,215,239,240,-1,215,240,216,-1,216,240,241,-1,216,241,217,-1,217,241,218,-1,50,242,52,-1,52,242,243,-1,52,243,54,-1,54,243,244,-1,54,244,56,-1,56,244,245,-1,56,245,58,-1,58,245,246,-1,58,246,60,-1,60,246,247,-1,60,247,62,-1,62,247,248,-1,62,248,64,-1,64,248,249,-1,64,249,66,-1,66,249,250,-1,66,250,68,-1,68,250,251,-1,68,251,70,-1,70,251,252,-1,70,252,72,-1,72,252,253,-1,72,253,74,-1,74,253,254,-1,74,254,76,-1,76,254,255,-1,76,255,78,-1,78,255,256,-1,78,256,80,-1,80,256,257,-1,80,257,82,-1,82,257,258,-1,82,258,84,-1,84,258,259,-1,84,259,86,-1,86,259,260,-1,86,260,88,-1,88,260,261,-1,88,261,90,-1,90,261,262,-1,90,262,92,-1,92,262,263,-1,92,263,94,-1,94,263,264,-1,94,264,96,-1,96,264,265,-1,96,265,50,-1,50,265,242,-1,265,266,242,-1,242,266,267,-1,242,267,243,-1,243,267,268,-1,243,268,244,-1,244,268,269,-1,244,269,245,-1,245,269,270,-1,245,270,246,-1,246,270,271,-1,246,271,247,-1,247,271,272,-1,247,272,248,-1,248,272,273,-1,248,273,249,-1,249,273,274,-1,249,274,250,-1,250,274,275,-1,250,275,251,-1,251,275,276,-1,251,276,252,-1,252,276,277,-1,252,277,253,-1,253,277,278,-1,253,278,254,-1,254,278,279,-1,254,279,255,-1,255,279,280,-1,255,280,256,-1,256,280,281,-1,256,281,257,-1,257,281,282,-1,257,282,258,-1,258,282,283,-1,258,283,259,-1,259,283,284,-1,259,284,260,-1,260,284,285,-1,260,285,261,-1,261,285,286,-1,261,286,262,-1,262,286,287,-1,262,287,263,-1,263,287,288,-1,263,288,264,-1,264,288,289,-1,264,289,265,-1,265,289,266,-1,289,290,266,-1,266,290,291,-1,266,291,267,-1,267,291,292,-1,267,292,268,-1,268,292,293,-1,268,293,269,-1,269,293,294,-1,269,294,270,-1,270,294,295,-1,270,295,271,-1,271,295,296,-1,271,296,272,-1,272,296,297,-1,272,297,273,-1,273,297,298,-1,273,298,274,-1,274,298,299,-1,274,299,275,-1,275,299,300,-1,275,300,276,-1,276,300,301,-1,276,301,277,-1,277,301,302,-1,277,302,278,-1,278,302,303,-1,278,303,279,-1,279,303,304,-1,279,304,280,-1,280,304,305,-1,280,305,281,-1,281,305,306,-1,281,306,282,-1,282,306,307,-1,282,307,283,-1,283,307,308,-1,283,308,284,-1,284,308,309,-1,284,309,285,-1,285,309,310,-1,285,310,286,-1,286,310,311,-1,286,311,287,-1,287,311,312,-1,287,312,288,-1,288,312,313,-1,288,313,289,-1,289,313,290,-1,313,314,290,-1,290,314,315,-1,290,315,291,-1,291,315,316,-1,291,316,292,-1,292,316,317,-1,292,317,293,-1,293,317,318,-1,293,318,294,-1,294,318,319,-1,294,319,295,-1,295,319,320,-1,295,320,296,-1,296,320,321,-1,296,321,297,-1,297,321,322,-1,297,322,298,-1,298,322,323,-1,298,323,299,-1,299,323,324,-1,299,324,300,-1,300,324,325,-1,300,325,301,-1,301,325,326,-1,301,326,302,-1,302,326,327,-1,302,327,303,-1,303,327,328,-1,303,328,304,-1,304,328,329,-1,304,329,305,-1,305,329,330,-1,305,330,306,-1,306,330,331,-1,306,331,307,-1,307,331,332,-1,307,332,308,-1,308,332,333,-1,308,333,309,-1,309,333,334,-1,309,334,310,-1,310,334,335,-1,310,335,311,-1,311,335,336,-1,311,336,312,-1,312,336,337,-1,312,337,313,-1,313,337,314,-1,337,338,314,-1,314,338,339,-1,314,339,315,-1,315,339,340,-1,315,340,316,-1,316,340,341,-1,316,341,317,-1,317,341,342,-1,317,342,318,-1,318,342,343,-1,318,343,319,-1,319,343,344,-1,319,344,320,-1,320,344,345,-1,320,345,321,-1,321,345,346,-1,321,346,322,-1,322,346,347,-1,322,347,323,-1,323,347,348,-1,323,348,324,-1,324,348,349,-1,324,349,325,-1,325,349,350,-1,325,350,326,-1,326,350,351,-1,326,351,327,-1,327,351,352,-1,327,352,328,-1,328,352,353,-1,328,353,329,-1,329,353,354,-1,329,354,330,-1,330,354,355,-1,330,355,331,-1,331,355,356,-1,331,356,332,-1,332,356,357,-1,332,357,333,-1,333,357,358,-1,333,358,334,-1,334,358,359,-1,334,359,335,-1,335,359,360,-1,335,360,336,-1,336,360,361,-1,336,361,337,-1,337,361,338,-1,361,362,338,-1,338,362,363,-1,338,363,339,-1,339,363,364,-1,339,364,340,-1,340,364,365,-1,340,365,341,-1,341,365,366,-1,341,366,342,-1,342,366,367,-1,342,367,343,-1,343,367,368,-1,343,368,344,-1,344,368,369,-1,344,369,345,-1,345,369,370,-1,345,370,346,-1,346,370,371,-1,346,371,347,-1,347,371,372,-1,347,372,348,-1,348,372,373,-1,348,373,349,-1,349,373,374,-1,349,374,350,-1,350,374,375,-1,350,375,351,-1,351,375,376,-1,351,376,352,-1,352,376,377,-1,352,377,353,-1,353,377,378,-1,353,378,354,-1,354,378,379,-1,354,379,355,-1,355,379,380,-1,355,380,356,-1,356,380,381,-1,356,381,357,-1,357,381,382,-1,357,382,358,-1,358,382,383,-1,358,383,359,-1,359,383,384,-1,359,384,360,-1,360,384,385,-1,360,385,361,-1,361,385,362,-1,385,386,362,-1,362,386,387,-1,362,387,363,-1,363,387,388,-1,363,388,364,-1,364,388,389,-1,364,389,365,-1,365,389,390,-1,365,390,366,-1,366,390,391,-1,366,391,367,-1,367,391,392,-1,367,392,368,-1,368,392,393,-1,368,393,369,-1,369,393,394,-1,369,394,370,-1,370,394,395,-1,370,395,371,-1,371,395,396,-1,371,396,372,-1,372,396,397,-1,372,397,373,-1,373,397,398,-1,373,398,374,-1,374,398,399,-1,374,399,375,-1,375,399,400,-1,375,400,376,-1,376,400,401,-1,376,401,377,-1,377,401,402,-1,377,402,378,-1,378,402,403,-1,378,403,379,-1,379,403,404,-1,379,404,380,-1,380,404,405,-1,380,405,381,-1,381,405,406,-1,381,406,382,-1,382,406,407,-1,382,407,383,-1,383,407,408,-1,383,408,384,-1,384,408,409,-1,384,409,385,-1,385,409,386,-1,
        ]
    }
}
Shape{
    appearance Appearance {
        material  Material 	{
            diffuseColor 1.0 1.0 1.0
            specularColor 0.5019607843137255 0.5019607843137255 0.5019607843137255
            ambientIntensity 1.0
            transparency 0.0
            shininess 0.5
        }
    }
    geometry IndexedFaceSet {
        ccw TRUE
        solid FALSE
        coord DEF co Coordinate {
            point [
                1.8805 3.1122 5.0259, 1.8807 3.1122 4.9986, 1.8805 3.1083 5.0259, 1.8807 3.1083 4.9986, 1.9762 3.1122 5.0266, 1.9762 3.1083 5.0266, 1.9746 3.1083 5.2394, 1.9746 3.1122 5.2394, 1.9747 3.1083 5.2384, 2.0057 3.1122 5.2397, 2.0057 3.1083 5.2397, 2.0074 3.1083 4.9995, 2.0074 3.1122 4.9995, 2.0057 3.1083 5.2384, 1.7014 3.1083 5.0031, 1.6951 3.1122 5.0051, 1.7209 3.1083 4.9969, 1.7209 3.1122 4.9969, 1.7501 3.1083 4.9943, 1.7575 3.1122 4.9936, 1.7575 3.1083 4.9936, 1.6951 3.1083 5.0051, 1.6909 3.1083 5.0072, 1.6909 3.1122 5.0072, 1.6907 3.1122 5.0369, 1.6907 3.1083 5.0369, 1.7014 3.1083 5.0322, 1.7144 3.1122 5.0264, 1.7144 3.1083 5.0264, 1.7416 3.1083 5.0216, 1.7416 3.1122 5.0216, 1.7529 3.1083 5.0212, 1.7529 3.1122 5.0212, 1.777 3.1083 5.0243, 1.777 3.1122 5.0243, 1.794 3.1083 5.031, 1.794 3.1122 5.031, 1.8097 3.1083 5.0422, 1.8097 3.1122 5.0422, 1.8144 3.1083 5.047, 1.8144 3.1122 5.047, 1.8246 3.1083 5.0607, 1.8246 3.1122 5.0607, 1.8327 3.1083 5.0796, 1.8327 3.1122 5.0796, 1.837 3.1083 5.1028, 1.837 3.1122 5.1028, 1.8375 3.1083 5.1157, 1.8375 3.1122 5.1157, 1.8332 3.1083 5.1488, 1.8332 3.1122 5.1488, 1.825 3.1083 5.1695, 1.825 3.1122 5.1695, 1.8117 3.1083 5.1877, 1.8117 3.1122 5.1877, 1.7953 3.1083 5.2011, 1.7953 3.1122 5.2011, 1.7764 3.1083 5.2097, 1.7764 3.1122 5.2097, 1.7554 3.1083 5.2136, 1.7554 3.1122 5.2136, 1.7461 3.1083 5.2139, 1.7461 3.1122 5.2139, 1.7165 3.1083 5.2101, 1.7014 3.1083 5.2042, 1.6922 3.1122 5.2007, 1.7165 3.1122 5.2101, 1.6922 3.1083 5.2007, 1.6896 3.1083 5.1992, 1.6896 3.1122 5.1992, 1.6894 3.1122 5.2316, 1.6894 3.1083 5.2316, 1.712 3.1083 5.2384, 1.7146 3.1122 5.2391, 1.7014 3.1083 5.2352, 1.7146 3.1083 5.2391, 1.746 3.1083 5.2419, 1.746 3.1122 5.2419, 1.7462 3.1083 5.2419, 1.7462 3.1122 5.2419, 1.7811 3.1122 5.2379, 1.7767 3.1083 5.2384, 1.7811 3.1083 5.2379, 1.8062 3.1083 5.2283, 1.8062 3.1122 5.2283, 1.8288 3.1083 5.2127, 1.8288 3.1122 5.2127, 1.8347 3.1083 5.2071, 1.8347 3.1122 5.2071, 1.8523 3.1083 5.1845, 1.861 3.1083 5.1645, 1.8639 3.1122 5.1579, 1.8523 3.1122 5.1845, 1.8639 3.1083 5.1579, 1.8695 3.1083 5.1266, 1.8695 3.1122 5.1266, 1.87 3.1083 5.114, 1.87 3.1122 5.114, 1.8398 3.1083 5.027, 1.8398 3.1122 5.027, 1.8559 3.1122 5.0496, 1.8655 3.1083 5.0747, 1.8655 3.1122 5.0747, 1.861 3.1083 5.0628, 1.8559 3.1083 5.0496, 1.7697 3.1083 4.9943, 1.772 3.1122 4.9944, 1.772 3.1083 4.9944, 1.798 3.1122 5.0, 1.798 3.1083 5.0, 1.8206 3.1122 5.0108, 1.8206 3.1083 5.0108, 1.5136 3.1122 5.0233, 1.5138 3.1122 4.996, 1.5136 3.1083 5.0233, 1.5138 3.1083 4.996, 1.6117 3.1083 5.024, 1.6117 3.1122 5.024, 1.549 3.1083 5.0236, 1.6112 3.1122 5.1048, 1.6112 3.1083 5.1048, 1.5253 3.1083 5.1042, 1.5253 3.1122 5.1042, 1.549 3.1083 5.1044, 1.5251 3.1122 5.1317, 1.5251 3.1083 5.1317, 1.611 3.1083 5.1323, 1.611 3.1122 5.1323, 1.549 3.1083 5.1319, 1.6104 3.1122 5.2092, 1.6104 3.1083 5.2092, 1.5177 3.1083 5.2086, 1.5177 3.1122 5.2086, 1.549 3.1083 5.2088, 1.5175 3.1122 5.2362, 1.5175 3.1083 5.2362, 1.6412 3.1083 5.2371, 1.6412 3.1122 5.2371, 1.549 3.1083 5.2364, 1.6429 3.1122 4.9969, 1.6429 3.1083 4.9969, 1.549 3.1083 4.9962, 1.3199 3.1122 5.0599, 1.3307 3.1122 5.0471, 1.3088 3.1122 5.0281, 1.3334 3.1122 5.0446, 1.3339 3.1122 5.0104, 1.3489 3.1122 5.0339, 1.3613 3.1122 4.9999, 1.3688 3.1122 5.0263, 1.4023 3.1122 4.9952, 1.4023 3.1122 5.0225, 1.4684 3.1122 4.9956, 1.4372 3.1122 5.0228, 1.4667 3.1122 5.2358, 1.4359 3.1122 5.208, 1.3981 3.1122 5.2353, 1.3996 3.1122 5.2077, 1.3615 3.1122 5.231, 1.3687 3.1122 5.2041, 1.3326 3.1122 5.2202, 1.3479 3.1122 5.1965, 1.3076 3.1122 5.2029, 1.3304 3.1122 5.1846, 1.2992 3.1122 5.1946, 1.3239 3.1122 5.1781, 1.2845 3.1122 5.1736, 1.3146 3.1122 5.1646, 1.2757 3.1122 5.1507, 1.308 3.1122 5.1471, 1.2719 3.1122 5.1174, 1.3045 3.1122 5.1168, 1.2728 3.1122 5.1021, 1.3058 3.1122 5.0985, 1.2788 3.1122 5.0741, 1.3111 3.1122 5.0772, 1.2908 3.1122 5.0493, 1.4023 3.1083 4.9952, 1.4684 3.1083 4.9956, 1.3613 3.1083 4.9999, 1.3339 3.1083 5.0104, 1.3088 3.1083 5.0281, 1.2908 3.1083 5.0493, 1.2788 3.1083 5.0741, 1.2728 3.1083 5.1021, 1.2719 3.1083 5.1174, 1.2757 3.1083 5.1507, 1.2845 3.1083 5.1736, 1.2992 3.1083 5.1946, 1.3076 3.1083 5.2029, 1.3326 3.1083 5.2202, 1.3615 3.1083 5.231, 1.3981 3.1083 5.2353, 1.4667 3.1083 5.2358, 1.3996 3.1083 5.2077, 1.4359 3.1083 5.208, 1.4372 3.1083 5.0228, 1.4023 3.1083 5.0225, 1.3307 3.1083 5.0471, 1.3334 3.1083 5.0446, 1.3489 3.1083 5.0339, 1.3688 3.1083 5.0263, 1.3045 3.1083 5.1168, 1.3058 3.1083 5.0985, 1.3111 3.1083 5.0772, 1.3199 3.1083 5.0599, 1.3304 3.1083 5.1846, 1.3239 3.1083 5.1781, 1.3146 3.1083 5.1646, 1.308 3.1083 5.1471, 1.3687 3.1083 5.2041, 1.3479 3.1083 5.1965
            ]
        }
        coordIndex [
            0,1,2,-1,2,1,3,-1,4,0,5,-1,5,0,2,-1,6,7,8,-1,8,7,4,-1,8,4,5,-1,9,7,10,-1,10,7,6,-1,11,12,13,-1,13,12,9,-1,13,9,10,-1,1,12,3,-1,3,12,11,-1,7,9,4,-1,4,9,12,-1,4,12,0,-1,0,12,1,-1,14,15,16,-1,16,15,17,-1,16,17,18,-1,18,17,19,-1,18,19,20,-1,14,21,15,-1,15,21,22,-1,15,22,23,-1,24,23,25,-1,25,23,22,-1,24,25,26,-1,24,26,27,-1,26,28,27,-1,27,28,29,-1,27,29,30,-1,30,29,31,-1,30,31,32,-1,32,31,33,-1,32,33,34,-1,34,33,35,-1,34,35,36,-1,36,35,37,-1,36,37,38,-1,38,37,39,-1,38,39,40,-1,40,39,41,-1,40,41,42,-1,42,41,43,-1,42,43,44,-1,44,43,45,-1,44,45,46,-1,46,45,47,-1,46,47,48,-1,48,47,49,-1,48,49,50,-1,50,49,51,-1,50,51,52,-1,52,51,53,-1,52,53,54,-1,54,53,55,-1,54,55,56,-1,56,55,57,-1,56,57,58,-1,58,57,59,-1,58,59,60,-1,60,59,61,-1,60,61,62,-1,62,61,63,-1,64,65,63,-1,63,65,66,-1,63,66,62,-1,64,67,65,-1,65,67,68,-1,65,68,69,-1,70,69,71,-1,71,69,68,-1,72,73,74,-1,74,73,70,-1,74,70,71,-1,72,75,73,-1,73,75,76,-1,73,76,77,-1,77,76,78,-1,77,78,79,-1,79,78,80,-1,80,78,81,-1,81,82,80,-1,80,82,83,-1,80,83,84,-1,84,83,85,-1,84,85,86,-1,86,85,87,-1,86,87,88,-1,88,87,89,-1,90,91,89,-1,89,91,92,-1,89,92,88,-1,90,93,91,-1,91,93,94,-1,91,94,95,-1,95,94,96,-1,95,96,97,-1,98,99,100,-1,97,96,101,-1,97,101,102,-1,102,101,103,-1,102,103,100,-1,100,103,104,-1,100,104,98,-1,20,19,105,-1,105,19,106,-1,105,106,107,-1,107,106,108,-1,107,108,109,-1,109,108,110,-1,109,110,111,-1,111,110,99,-1,111,99,98,-1,65,69,70,-1,56,86,54,-1,54,86,88,-1,54,88,52,-1,52,88,92,-1,52,92,50,-1,65,70,66,-1,66,70,73,-1,66,73,62,-1,62,73,77,-1,62,77,60,-1,60,77,79,-1,60,79,58,-1,58,79,80,-1,58,80,56,-1,56,80,84,-1,56,84,86,-1,97,48,95,-1,95,48,50,-1,95,50,91,-1,91,50,92,-1,23,24,15,-1,15,24,27,-1,15,27,17,-1,17,27,30,-1,17,30,19,-1,19,30,32,-1,19,32,106,-1,106,32,34,-1,106,34,108,-1,108,34,36,-1,108,36,110,-1,110,36,38,-1,110,38,99,-1,99,38,40,-1,99,40,100,-1,100,40,42,-1,100,42,102,-1,102,42,44,-1,102,44,97,-1,97,44,46,-1,97,46,48,-1,112,113,114,-1,114,113,115,-1,116,117,118,-1,118,117,112,-1,118,112,114,-1,119,117,120,-1,120,117,116,-1,121,122,123,-1,123,122,119,-1,123,119,120,-1,124,122,125,-1,125,122,121,-1,126,127,128,-1,128,127,124,-1,128,124,125,-1,129,127,130,-1,130,127,126,-1,131,132,133,-1,133,132,129,-1,133,129,130,-1,134,132,135,-1,135,132,131,-1,136,137,138,-1,138,137,134,-1,138,134,135,-1,139,137,140,-1,140,137,136,-1,115,113,141,-1,141,113,139,-1,141,139,140,-1,139,113,112,-1,112,117,139,-1,139,117,119,-1,139,119,137,-1,132,134,129,-1,129,134,137,-1,129,137,127,-1,127,137,119,-1,127,119,124,-1,124,119,122,-1,142,143,144,-1,144,143,145,-1,144,145,146,-1,146,145,147,-1,146,147,148,-1,148,147,149,-1,148,149,150,-1,150,149,151,-1,150,151,152,-1,152,151,153,-1,152,153,154,-1,154,153,155,-1,154,155,156,-1,156,155,157,-1,156,157,158,-1,158,157,159,-1,158,159,160,-1,160,159,161,-1,160,161,162,-1,162,161,163,-1,162,163,164,-1,164,163,165,-1,164,165,166,-1,166,165,167,-1,166,167,168,-1,168,167,169,-1,168,169,170,-1,170,169,171,-1,170,171,172,-1,172,171,173,-1,172,173,174,-1,174,173,175,-1,174,175,176,-1,176,175,142,-1,176,142,144,-1,150,152,177,-1,177,152,178,-1,150,177,179,-1,150,179,148,-1,148,179,180,-1,148,180,146,-1,146,180,181,-1,146,181,144,-1,144,181,182,-1,144,182,176,-1,176,182,183,-1,176,183,174,-1,174,183,184,-1,174,184,172,-1,172,184,185,-1,172,185,170,-1,170,185,186,-1,170,186,168,-1,168,186,187,-1,168,187,166,-1,166,187,188,-1,166,188,164,-1,164,188,189,-1,164,189,162,-1,162,189,190,-1,162,190,160,-1,160,190,191,-1,160,191,158,-1,158,191,192,-1,158,192,156,-1,154,156,193,-1,193,156,192,-1,152,154,178,-1,178,154,193,-1,157,155,194,-1,194,155,195,-1,155,153,195,-1,195,153,196,-1,153,151,196,-1,196,151,197,-1,143,198,199,-1,143,199,145,-1,145,199,200,-1,145,200,147,-1,147,200,201,-1,147,201,149,-1,149,201,197,-1,149,197,151,-1,171,202,203,-1,171,203,173,-1,173,203,204,-1,173,204,175,-1,175,204,205,-1,175,205,142,-1,142,205,198,-1,142,198,143,-1,163,206,207,-1,163,207,165,-1,165,207,208,-1,165,208,167,-1,167,208,209,-1,167,209,169,-1,169,209,202,-1,169,202,171,-1,157,194,210,-1,157,210,159,-1,159,210,211,-1,159,211,161,-1,161,211,206,-1,161,206,163,-1,
        ]
    }
}
Shape{
    appearance Appearance {
        material  Material 	{
            diffuseColor 0.15294117647058825 0.6078431372549019 1.0
            specularColor 0.047058823529411764 0.1843137254901961 0.30196078431372547
            ambientIntensity 0.5165
            transparency 0.0
            shininess 0.5
        }
    }
    geometry IndexedFaceSet {
        ccw TRUE
        solid FALSE
        coord DEF co Coordinate {
            point [
                1.3334 3.1083 5.0446, 1.3307 3.1083 5.0471, 1.3996 3.1083 5.2077, 1.4359 3.1083 5.208, 1.4372 3.1083 5.0228, 1.4023 3.1083 5.0225, 1.3688 3.1083 5.0263, 1.3489 3.1083 5.0339, 1.3199 3.1083 5.0599, 1.3111 3.1083 5.0772, 1.3058 3.1083 5.0985, 1.3045 3.1083 5.1168, 1.308 3.1083 5.1471, 1.3146 3.1083 5.1646, 1.3239 3.1083 5.1781, 1.3304 3.1083 5.1846, 1.3687 3.1083 5.2041, 1.3479 3.1083 5.1965
            ]
        }
        coordIndex [
            0,1,2,-1,3,4,2,-1,2,4,5,-1,5,6,2,-1,2,6,7,-1,2,7,0,-1,1,8,2,-1,2,8,9,-1,2,9,10,-1,10,11,2,-1,2,11,12,-1,2,12,13,-1,13,14,2,-1,2,14,15,-1,2,15,16,-1,16,15,17,-1,
        ]
    }
}
Shape{
    appearance Appearance {
        material  Material 	{
            diffuseColor 1.0 1.0 1.0
            specularColor 0.5019607843137255 0.5019607843137255 0.5019607843137255
            ambientIntensity 1.0
            transparency 0.0
            shininess 0.5
        }
    }
    geometry IndexedFaceSet {
        ccw TRUE
        solid FALSE
        coord DEF co Coordinate {
            point [
                1.1917 3.1122 5.0865, 1.155 3.1122 5.1861, 1.1663 3.1122 5.2337, 1.2595 3.1122 4.9941, 1.2252 3.1122 4.9939, 1.2017 3.1122 5.0594, 1.1529 3.1122 5.1932, 1.151 3.1122 5.2029, 1.1331 3.1122 5.2335, 1.1502 3.1122 5.2029, 1.1484 3.1122 5.1927, 1.1466 3.1122 5.186, 1.111 3.1122 5.0859, 1.0434 3.1122 4.9926, 1.0776 3.1122 4.9929, 1.1017 3.1122 5.0587, 1.1331 3.1083 5.2335, 1.044 3.1083 4.9943, 1.0434 3.1083 4.9926, 1.1663 3.1083 5.2337, 1.2594 3.1083 4.9943, 1.2595 3.1083 4.9941, 1.1929 3.1083 5.1654, 1.2252 3.1083 4.9939, 1.2017 3.1083 5.0594, 1.2251 3.1083 4.9943, 1.1017 3.1083 5.0587, 1.1929 3.1083 5.0594, 1.0776 3.1083 4.9929, 1.0781 3.1083 4.9943, 1.1917 3.1083 5.0865, 1.111 3.1083 5.0859, 1.1466 3.1083 5.186, 1.1502 3.1083 5.2029, 1.1484 3.1083 5.1927, 1.151 3.1083 5.2029, 1.155 3.1083 5.1861, 1.1529 3.1083 5.1932
            ]
        }
        coordIndex [
            0,1,2,-1,3,4,5,-1,1,6,2,-1,2,6,7,-1,2,7,8,-1,8,7,9,-1,8,9,10,-1,10,11,8,-1,8,11,12,-1,8,12,13,-1,14,13,15,-1,15,13,12,-1,15,12,5,-1,5,12,0,-1,5,0,3,-1,3,0,2,-1,16,8,17,-1,17,8,13,-1,17,13,18,-1,2,8,19,-1,19,8,16,-1,20,21,3,-1,20,3,22,-1,22,3,2,-1,22,2,19,-1,4,3,23,-1,23,3,21,-1,24,5,25,-1,25,5,4,-1,25,4,23,-1,26,15,27,-1,27,15,5,-1,27,5,24,-1,28,14,29,-1,29,14,15,-1,29,15,26,-1,13,14,18,-1,18,14,28,-1,0,12,30,-1,30,12,31,-1,12,11,31,-1,31,11,32,-1,9,33,34,-1,9,34,10,-1,10,34,32,-1,10,32,11,-1,9,7,33,-1,33,7,35,-1,1,36,37,-1,1,37,6,-1,6,37,35,-1,6,35,7,-1,1,0,36,-1,36,0,30,-1,
        ]
    }
}
Shape{
    appearance Appearance {
        material  Material 	{
            diffuseColor 0.15294117647058825 0.6078431372549019 1.0
            specularColor 0.047058823529411764 0.1843137254901961 0.30196078431372547
            ambientIntensity 0.5165
            transparency 0.0
            shininess 0.5
        }
    }
    geometry IndexedFaceSet {
        ccw TRUE
        solid FALSE
        coord DEF co Coordinate {
            point [
                1.1502 3.1083 5.2029, 1.151 3.1083 5.2029, 1.1484 3.1083 5.1927, 1.1529 3.1083 5.1932, 1.1466 3.1083 5.186, 1.155 3.1083 5.1861, 1.111 3.1083 5.0859, 1.1917 3.1083 5.0865
            ]
        }
        coordIndex [
            0,1,2,-1,2,1,3,-1,2,3,4,-1,4,3,5,-1,4,5,6,-1,6,5,7,-1,
        ]
    }
}
Shape{
    appearance Appearance {
        material  Material 	{
            diffuseColor 1.0 1.0 1.0
            specularColor 0.5019607843137255 0.5019607843137255 0.5019607843137255
            ambientIntensity 1.0
            transparency 0.0
            shininess 0.5
        }
    }
    geometry IndexedFaceSet {
        ccw TRUE
        solid FALSE
        coord DEF co Coordinate {
            point [
                1.8807 3.1122 4.6449, 1.8809 3.1122 4.6175, 1.8807 3.1083 4.6449, 1.8809 3.1083 4.6175, 1.9789 3.1122 4.6456, 1.9789 3.1083 4.6456, 1.9783 3.1122 4.7264, 1.9783 3.1083 4.7264, 1.8924 3.1122 4.7258, 1.8924 3.1083 4.7258, 1.8922 3.1122 4.7533, 1.8922 3.1083 4.7533, 1.9781 3.1122 4.7539, 1.9781 3.1083 4.7539, 1.9775 3.1122 4.8307, 1.9775 3.1083 4.8307, 1.8848 3.1122 4.8301, 1.8848 3.1083 4.8301, 1.8846 3.1122 4.8577, 1.8846 3.1083 4.8577, 2.0084 3.1122 4.8586, 2.0084 3.1083 4.8586, 2.0101 3.1122 4.6184, 2.0101 3.1083 4.6184, 1.7443 3.1122 4.6165, 1.7142 3.1122 4.6163, 1.7441 3.1122 4.643, 1.7134 3.1122 4.7267, 1.7449 3.1122 4.643, 1.7607 3.1122 4.6476, 1.7504 3.1122 4.635, 1.7693 3.1122 4.6419, 1.8031 3.1122 4.693, 1.7839 3.1122 4.6975, 1.7437 3.1122 4.7026, 1.7438 3.1122 4.6861, 1.7439 3.1122 4.6841, 1.7459 3.1122 4.6707, 1.7504 3.1122 4.66, 1.757 3.1122 4.6512, 1.7542 3.1122 4.7898, 1.7608 3.1122 4.7642, 1.7422 3.1122 4.7856, 1.7555 3.1122 4.7607, 1.8098 3.1122 4.6897, 1.7435 3.1122 4.7256, 1.7445 3.1122 4.7388, 1.7162 3.1122 4.752, 1.7475 3.1122 4.7496, 1.7211 3.1122 4.7649, 1.751 3.1122 4.7558, 1.7274 3.1122 4.7743, 1.7327 3.1122 4.7795, 1.8342 3.1122 4.7767, 1.8344 3.1122 4.7474, 1.828 3.1122 4.7802, 1.8135 3.1122 4.7604, 1.8056 3.1122 4.7887, 1.7946 3.1122 4.7663, 1.775 3.1122 4.7922, 1.778 3.1122 4.7678, 1.7678 3.1122 4.7667, 1.8152 3.1122 4.648, 1.8373 3.1122 4.6266, 1.8126 3.1122 4.6454, 1.8272 3.1122 4.6195, 1.8067 3.1122 4.6412, 1.8157 3.1122 4.6151, 1.7999 3.1122 4.6387, 1.7977 3.1122 4.6128, 1.7897 3.1122 4.6375, 1.7818 3.1122 4.6145, 1.7784 3.1122 4.6386, 1.7696 3.1122 4.6189, 1.76 3.1122 4.6251, 1.7944 3.1122 4.7188, 1.8194 3.1122 4.7125, 1.8131 3.1122 4.6871, 1.8315 3.1122 4.7059, 1.8167 3.1122 4.6827, 1.8403 3.1122 4.6978, 1.8194 3.1122 4.6771, 1.8466 3.1122 4.6881, 1.8209 3.1122 4.6702, 1.8503 3.1122 4.6771, 1.8212 3.1122 4.6654, 1.8517 3.1122 4.6632, 1.8205 3.1122 4.6585, 1.8501 3.1122 4.6483, 1.8186 3.1122 4.653, 1.8463 3.1122 4.6383, 1.8399 3.1122 4.6293, 1.775 3.1083 4.7922, 1.8056 3.1083 4.7887, 1.828 3.1083 4.7802, 1.8342 3.1083 4.7767, 1.8344 3.1083 4.7474, 1.8135 3.1083 4.7604, 1.7946 3.1083 4.7663, 1.778 3.1083 4.7678, 1.7678 3.1083 4.7667, 1.7608 3.1083 4.7642, 1.7555 3.1083 4.7607, 1.751 3.1083 4.7558, 1.7475 3.1083 4.7496, 1.7445 3.1083 4.7388, 1.7435 3.1083 4.7256, 1.7944 3.1083 4.7188, 1.8194 3.1083 4.7125, 1.8315 3.1083 4.7059, 1.8403 3.1083 4.6978, 1.8466 3.1083 4.6881, 1.8503 3.1083 4.6771, 1.8517 3.1083 4.6632, 1.8501 3.1083 4.6483, 1.8463 3.1083 4.6383, 1.8399 3.1083 4.6293, 1.8373 3.1083 4.6266, 1.8272 3.1083 4.6195, 1.8157 3.1083 4.6151, 1.7977 3.1083 4.6128, 1.7818 3.1083 4.6145, 1.7696 3.1083 4.6189, 1.76 3.1083 4.6251, 1.7504 3.1083 4.635, 1.7449 3.1083 4.643, 1.7441 3.1083 4.643, 1.7443 3.1083 4.6165, 1.7142 3.1083 4.6163, 1.7134 3.1083 4.7267, 1.7162 3.1083 4.752, 1.7211 3.1083 4.7649, 1.7274 3.1083 4.7743, 1.7327 3.1083 4.7795, 1.7422 3.1083 4.7856, 1.7542 3.1083 4.7898, 1.8131 3.1083 4.6871, 1.8098 3.1083 4.6897, 1.8031 3.1083 4.693, 1.7839 3.1083 4.6975, 1.8212 3.1083 4.6654, 1.8209 3.1083 4.6702, 1.8194 3.1083 4.6771, 1.8167 3.1083 4.6827, 1.8126 3.1083 4.6454, 1.8152 3.1083 4.648, 1.8186 3.1083 4.653, 1.8205 3.1083 4.6585, 1.7897 3.1083 4.6375, 1.7999 3.1083 4.6387, 1.8067 3.1083 4.6412, 1.757 3.1083 4.6512, 1.7607 3.1083 4.6476, 1.7693 3.1083 4.6419, 1.7784 3.1083 4.6386, 1.7438 3.1083 4.6861, 1.7439 3.1083 4.6841, 1.7459 3.1083 4.6707, 1.7504 3.1083 4.66, 1.7437 3.1083 4.7026
            ]
        }
        coordIndex [
            0,1,2,-1,2,1,3,-1,4,0,5,-1,5,0,2,-1,6,4,7,-1,7,4,5,-1,8,6,9,-1,9,6,7,-1,10,8,11,-1,11,8,9,-1,12,10,13,-1,13,10,11,-1,14,12,15,-1,15,12,13,-1,16,14,17,-1,17,14,15,-1,18,16,19,-1,19,16,17,-1,20,18,21,-1,21,18,19,-1,22,20,23,-1,23,20,21,-1,1,22,3,-1,3,22,23,-1,22,1,0,-1,0,4,22,-1,22,4,6,-1,22,6,20,-1,16,18,14,-1,14,18,20,-1,14,20,12,-1,12,20,6,-1,12,6,10,-1,10,6,8,-1,24,25,26,-1,26,25,27,-1,28,29,30,-1,30,29,31,-1,32,33,27,-1,27,33,34,-1,27,34,35,-1,35,36,27,-1,27,36,37,-1,27,37,26,-1,26,37,38,-1,26,38,28,-1,28,38,39,-1,28,39,29,-1,40,41,42,-1,42,41,43,-1,44,32,45,-1,45,32,27,-1,45,27,46,-1,46,27,47,-1,46,47,48,-1,48,47,49,-1,48,49,50,-1,50,49,51,-1,50,51,43,-1,43,51,52,-1,43,52,42,-1,53,54,55,-1,55,54,56,-1,55,56,57,-1,57,56,58,-1,57,58,59,-1,59,58,60,-1,59,60,40,-1,40,60,61,-1,40,61,41,-1,62,63,64,-1,64,63,65,-1,64,65,66,-1,66,65,67,-1,66,67,68,-1,68,67,69,-1,68,69,70,-1,70,69,71,-1,70,71,72,-1,72,71,73,-1,72,73,31,-1,31,73,74,-1,31,74,30,-1,45,75,44,-1,44,75,76,-1,44,76,77,-1,77,76,78,-1,77,78,79,-1,79,78,80,-1,79,80,81,-1,81,80,82,-1,81,82,83,-1,83,82,84,-1,83,84,85,-1,85,84,86,-1,85,86,87,-1,87,86,88,-1,87,88,89,-1,89,88,90,-1,89,90,62,-1,62,90,91,-1,62,91,63,-1,59,92,93,-1,59,93,57,-1,57,93,94,-1,57,94,55,-1,55,94,95,-1,55,95,53,-1,54,53,96,-1,96,53,95,-1,54,96,97,-1,54,97,56,-1,56,97,98,-1,56,98,58,-1,58,98,99,-1,58,99,60,-1,60,99,100,-1,60,100,61,-1,61,100,101,-1,61,101,41,-1,41,101,102,-1,41,102,43,-1,43,102,103,-1,43,103,50,-1,50,103,104,-1,50,104,48,-1,48,104,105,-1,48,105,46,-1,46,105,106,-1,46,106,45,-1,75,45,107,-1,107,45,106,-1,75,107,108,-1,75,108,76,-1,76,108,109,-1,76,109,78,-1,78,109,110,-1,78,110,80,-1,80,110,111,-1,80,111,82,-1,82,111,112,-1,82,112,84,-1,84,112,113,-1,84,113,86,-1,86,113,114,-1,86,114,88,-1,88,114,115,-1,88,115,90,-1,90,115,116,-1,90,116,91,-1,91,116,117,-1,91,117,63,-1,63,117,118,-1,63,118,65,-1,65,118,119,-1,65,119,67,-1,67,119,120,-1,67,120,69,-1,69,120,121,-1,69,121,71,-1,71,121,122,-1,71,122,73,-1,73,122,123,-1,73,123,74,-1,74,123,124,-1,74,124,30,-1,30,124,125,-1,30,125,28,-1,26,28,126,-1,126,28,125,-1,24,26,127,-1,127,26,126,-1,25,24,128,-1,128,24,127,-1,27,25,129,-1,129,25,128,-1,27,129,130,-1,27,130,47,-1,47,130,131,-1,47,131,49,-1,49,131,132,-1,49,132,51,-1,51,132,133,-1,51,133,52,-1,52,133,134,-1,52,134,42,-1,42,134,135,-1,42,135,40,-1,40,135,92,-1,40,92,59,-1,77,136,137,-1,77,137,44,-1,44,137,138,-1,44,138,32,-1,32,138,139,-1,32,139,33,-1,85,140,141,-1,85,141,83,-1,83,141,142,-1,83,142,81,-1,81,142,143,-1,81,143,79,-1,79,143,136,-1,79,136,77,-1,64,144,145,-1,64,145,62,-1,62,145,146,-1,62,146,89,-1,89,146,147,-1,89,147,87,-1,87,147,140,-1,87,140,85,-1,70,148,149,-1,70,149,68,-1,68,149,150,-1,68,150,66,-1,66,150,144,-1,66,144,64,-1,39,151,152,-1,39,152,29,-1,29,152,153,-1,29,153,31,-1,31,153,154,-1,31,154,72,-1,72,154,148,-1,72,148,70,-1,35,155,156,-1,35,156,36,-1,36,156,157,-1,36,157,37,-1,37,157,158,-1,37,158,38,-1,38,158,151,-1,38,151,39,-1,35,34,155,-1,155,34,159,-1,34,33,159,-1,159,33,139,-1,
        ]
    }
}
Shape{
    appearance Appearance {
        material  Material 	{
            diffuseColor 0.15294117647058825 0.6078431372549019 1.0
            specularColor 0.047058823529411764 0.1843137254901961 0.30196078431372547
            ambientIntensity 0.5165
            transparency 0.0
            shininess 0.5
        }
    }
    geometry IndexedFaceSet {
        ccw TRUE
        solid FALSE
        coord DEF co Coordinate {
            point [
                1.7439 3.1083 4.6841, 1.7438 3.1083 4.6861, 1.8131 3.1083 4.6871, 1.7437 3.1083 4.7026, 1.7839 3.1083 4.6975, 1.8031 3.1083 4.693, 1.8098 3.1083 4.6897, 1.7459 3.1083 4.6707, 1.8167 3.1083 4.6827, 1.7504 3.1083 4.66, 1.8152 3.1083 4.648, 1.8126 3.1083 4.6454, 1.7607 3.1083 4.6476, 1.8186 3.1083 4.653, 1.7693 3.1083 4.6419, 1.7784 3.1083 4.6386, 1.7897 3.1083 4.6375, 1.8194 3.1083 4.6771, 1.8209 3.1083 4.6702, 1.757 3.1083 4.6512, 1.8212 3.1083 4.6654, 1.8205 3.1083 4.6585, 1.8067 3.1083 4.6412, 1.7999 3.1083 4.6387
            ]
        }
        coordIndex [
            0,1,2,-1,1,3,4,-1,4,5,1,-1,1,5,6,-1,1,6,2,-1,0,2,7,-1,7,2,8,-1,7,8,9,-1,10,11,12,-1,10,12,13,-1,14,12,15,-1,15,12,16,-1,8,17,9,-1,9,17,18,-1,9,18,19,-1,19,18,20,-1,19,20,12,-1,12,20,21,-1,12,21,13,-1,11,22,12,-1,12,22,23,-1,12,23,16,-1,
        ]
    }
}
Shape{
    appearance Appearance {
        material  Material 	{
            diffuseColor 1.0 1.0 1.0
            specularColor 0.5019607843137255 0.5019607843137255 0.5019607843137255
            ambientIntensity 1.0
            transparency 0.0
            shininess 0.5
        }
    }
    geometry IndexedFaceSet {
        ccw TRUE
        solid FALSE
        coord DEF co Coordinate {
            point [
                1.6732 3.1083 4.6531, 1.6732 3.1122 4.6531, 1.6598 3.1122 4.6449, 1.6238 3.1122 4.6362, 1.6238 3.1083 4.6362, 1.6409 3.1083 4.6381, 1.6409 3.1122 4.6381, 1.6582 3.1083 4.6443, 1.6598 3.1083 4.6449, 1.6734 3.1122 4.622, 1.6734 3.1083 4.622, 1.6523 3.1122 4.6144, 1.6582 3.1083 4.6166, 1.6269 3.1083 4.6116, 1.6269 3.1122 4.6116, 1.6276 3.1083 4.6117, 1.6523 3.1083 4.6144, 1.6263 3.1083 4.6117, 1.5997 3.1122 4.6147, 1.5997 3.1083 4.6147, 1.5839 3.1083 4.6207, 1.5839 3.1122 4.6207, 1.5769 3.1083 4.6249, 1.5769 3.1122 4.6249, 1.5682 3.1083 4.6324, 1.5682 3.1122 4.6324, 1.5625 3.1083 4.6403, 1.5625 3.1122 4.6403, 1.5588 3.1083 4.6498, 1.5588 3.1122 4.6498, 1.5573 3.1083 4.6619, 1.5573 3.1122 4.6619, 1.5584 3.1083 4.6731, 1.5584 3.1122 4.6731, 1.5616 3.1083 4.682, 1.5616 3.1122 4.682, 1.5671 3.1083 4.6903, 1.5671 3.1122 4.6903, 1.5743 3.1083 4.6967, 1.5743 3.1122 4.6967, 1.5942 3.1083 4.708, 1.5942 3.1122 4.708, 1.6058 3.1083 4.7128, 1.6058 3.1122 4.7128, 1.6243 3.1083 4.721, 1.6243 3.1122 4.721, 1.6349 3.1083 4.7277, 1.6349 3.1122 4.7277, 1.6378 3.1083 4.731, 1.6378 3.1122 4.731, 1.64 3.1083 4.7351, 1.64 3.1122 4.7351, 1.6411 3.1083 4.7397, 1.6411 3.1122 4.7397, 1.6414 3.1083 4.7437, 1.6414 3.1122 4.7437, 1.6408 3.1083 4.7485, 1.6408 3.1122 4.7485, 1.6393 3.1083 4.7526, 1.6393 3.1122 4.7526, 1.6367 3.1083 4.7564, 1.6367 3.1122 4.7564, 1.6321 3.1083 4.7604, 1.6321 3.1122 4.7604, 1.6253 3.1083 4.7639, 1.6253 3.1122 4.7639, 1.6173 3.1083 4.766, 1.6173 3.1122 4.766, 1.6083 3.1083 4.7666, 1.6083 3.1122 4.7666, 1.5905 3.1083 4.7647, 1.5905 3.1122 4.7647, 1.5734 3.1083 4.7587, 1.5734 3.1122 4.7587, 1.5648 3.1083 4.7539, 1.5648 3.1122 4.7539, 1.5646 3.1122 4.7831, 1.5646 3.1083 4.7831, 1.5841 3.1083 4.789, 1.5841 3.1122 4.789, 1.6052 3.1083 4.791, 1.6052 3.1122 4.791, 1.6292 3.1083 4.7883, 1.6292 3.1122 4.7883, 1.6454 3.1083 4.7822, 1.6454 3.1122 4.7822, 1.6528 3.1083 4.7777, 1.6528 3.1122 4.7777, 1.6619 3.1122 4.7697, 1.6582 3.1083 4.773, 1.6619 3.1083 4.7697, 1.6675 3.1083 4.7616, 1.6675 3.1122 4.7616, 1.6711 3.1083 4.752, 1.6711 3.1122 4.752, 1.6724 3.1083 4.7413, 1.6724 3.1122 4.7413, 1.6712 3.1083 4.7295, 1.6712 3.1122 4.7295, 1.6679 3.1083 4.7203, 1.6679 3.1122 4.7203, 1.664 3.1083 4.7141, 1.664 3.1122 4.7141, 1.6272 3.1083 4.6911, 1.6272 3.1122 4.6911, 1.6451 3.1122 4.6994, 1.6592 3.1083 4.7089, 1.6592 3.1122 4.7089, 1.6582 3.1083 4.7082, 1.6451 3.1083 4.6994, 1.6075 3.1083 4.6827, 1.6075 3.1122 4.6827, 1.5958 3.1083 4.6755, 1.5958 3.1122 4.6755, 1.5921 3.1083 4.6716, 1.5921 3.1122 4.6716, 1.5898 3.1083 4.6676, 1.5898 3.1122 4.6676, 1.5884 3.1083 4.6629, 1.5884 3.1122 4.6629, 1.5882 3.1083 4.6591, 1.5882 3.1122 4.6591, 1.5888 3.1083 4.6534, 1.5888 3.1122 4.6534, 1.5904 3.1083 4.6491, 1.5904 3.1122 4.6491, 1.593 3.1083 4.6453, 1.593 3.1122 4.6453, 1.5965 3.1083 4.6422, 1.5965 3.1122 4.6422, 1.5993 3.1083 4.6406, 1.5993 3.1122 4.6406, 1.6071 3.1083 4.6378, 1.6071 3.1122 4.6378, 1.6225 3.1083 4.6362, 1.6225 3.1122 4.6362, 1.4072 3.1122 4.7857, 1.376 3.1122 4.7855, 1.4072 3.1083 4.7857, 1.376 3.1083 4.7855, 1.455 3.1122 4.6568, 1.455 3.1083 4.6568, 1.4574 3.1083 4.6488, 1.4574 3.1122 4.6488, 1.4588 3.1083 4.643, 1.4588 3.1122 4.643, 1.4596 3.1122 4.643, 1.4596 3.1083 4.643, 1.4632 3.1122 4.6571, 1.4632 3.1083 4.6571, 1.5071 3.1083 4.7864, 1.5071 3.1122 4.7864, 1.491 3.1083 4.739, 1.5407 3.1122 4.7866, 1.5407 3.1083 4.7866, 1.4746 3.1083 4.615, 1.4746 3.1122 4.615, 1.491 3.1083 4.6574, 1.4881 3.1083 4.5839, 1.4881 3.1122 4.5839, 1.476 3.1083 4.6117, 1.491 3.1083 4.5787, 1.4942 3.1122 4.5728, 1.4942 3.1083 4.5728, 1.4952 3.1083 4.5717, 1.4999 3.1122 4.5667, 1.4999 3.1083 4.5667, 1.5046 3.1083 4.5634, 1.5046 3.1122 4.5634, 1.5111 3.1083 4.5608, 1.5111 3.1122 4.5608, 1.5191 3.1083 4.5599, 1.5191 3.1122 4.5599, 1.53 3.1083 4.5614, 1.53 3.1122 4.5614, 1.5361 3.1083 4.5635, 1.5361 3.1122 4.5635, 1.5363 3.1122 4.5367, 1.5363 3.1083 4.5367, 1.5235 3.1083 4.5344, 1.5235 3.1122 4.5344, 1.5169 3.1083 4.5341, 1.5169 3.1122 4.5341, 1.5047 3.1083 4.5354, 1.5047 3.1122 4.5354, 1.4928 3.1083 4.5398, 1.4928 3.1122 4.5398, 1.491 3.1083 4.5411, 1.4823 3.1122 4.5471, 1.4553 3.1083 4.5885, 1.4553 3.1122 4.5885, 1.4641 3.1083 4.5717, 1.4691 3.1122 4.5621, 1.4691 3.1083 4.5621, 1.4802 3.1122 4.549, 1.4802 3.1083 4.549, 1.4823 3.1083 4.5471, 1.446 3.1083 4.6117, 1.2155 3.1122 4.6401, 1.2156 3.1122 4.6128, 1.2155 3.1083 4.6401, 1.2156 3.1083 4.6128, 1.3136 3.1083 4.6408, 1.3136 3.1122 4.6408, 1.2657 3.1083 4.6405, 1.3131 3.1122 4.7216, 1.3131 3.1083 4.7216, 1.2272 3.1083 4.721, 1.2272 3.1122 4.721, 1.2657 3.1083 4.7213, 1.227 3.1122 4.7485, 1.227 3.1083 4.7485, 1.3129 3.1083 4.7492, 1.3129 3.1122 4.7492, 1.2657 3.1083 4.7488, 1.3123 3.1122 4.826, 1.3123 3.1083 4.826, 1.2196 3.1083 4.8254, 1.2196 3.1122 4.8254, 1.2657 3.1083 4.8257, 1.2194 3.1122 4.853, 1.2194 3.1083 4.853, 1.3431 3.1083 4.8539, 1.3431 3.1122 4.8539, 1.2657 3.1083 4.8533, 1.3448 3.1122 4.6137, 1.3448 3.1083 4.6137, 1.2657 3.1083 4.6131, 1.0218 3.1122 4.6767, 1.0326 3.1122 4.6639, 1.0107 3.1122 4.645, 1.0353 3.1122 4.6614, 1.0358 3.1122 4.6272, 1.0508 3.1122 4.6507, 1.0632 3.1122 4.6167, 1.0707 3.1122 4.6432, 1.1042 3.1122 4.612, 1.1042 3.1122 4.6394, 1.1703 3.1122 4.6124, 1.1391 3.1122 4.6396, 1.1686 3.1122 4.8526, 1.1378 3.1122 4.8248, 1.1 3.1122 4.8522, 1.1015 3.1122 4.8245, 1.0634 3.1122 4.8478, 1.0706 3.1122 4.8209, 1.0345 3.1122 4.8371, 1.0498 3.1122 4.8133, 1.0095 3.1122 4.8197, 1.0323 3.1122 4.8014, 1.0011 3.1122 4.8114, 1.0258 3.1122 4.7949, 0.9864 3.1122 4.7904, 1.0165 3.1122 4.7814, 0.9776 3.1122 4.7675, 1.0098 3.1122 4.7639, 0.9738 3.1122 4.7342, 1.0064 3.1122 4.7336, 0.9747 3.1122 4.719, 1.0077 3.1122 4.7153, 0.9807 3.1122 4.6909, 1.013 3.1122 4.694, 0.9927 3.1122 4.6661, 1.1042 3.1083 4.612, 1.1703 3.1083 4.6124, 1.0632 3.1083 4.6167, 1.0358 3.1083 4.6272, 1.0107 3.1083 4.645, 0.9927 3.1083 4.6661, 0.9807 3.1083 4.6909, 0.9747 3.1083 4.719, 0.9738 3.1083 4.7342, 0.9776 3.1083 4.7675, 0.9864 3.1083 4.7904, 1.0011 3.1083 4.8114, 1.0095 3.1083 4.8197, 1.0345 3.1083 4.8371, 1.0634 3.1083 4.8478, 1.1 3.1083 4.8522, 1.1686 3.1083 4.8526, 1.1015 3.1083 4.8245, 1.1378 3.1083 4.8248, 1.1391 3.1083 4.6396, 1.1042 3.1083 4.6394, 1.0326 3.1083 4.6639, 1.0353 3.1083 4.6614, 1.0508 3.1083 4.6507, 1.0707 3.1083 4.6432, 1.0064 3.1083 4.7336, 1.0077 3.1083 4.7153, 1.013 3.1083 4.694, 1.0218 3.1083 4.6767, 1.0323 3.1083 4.8014, 1.0258 3.1083 4.7949, 1.0165 3.1083 4.7814, 1.0098 3.1083 4.7639, 1.0706 3.1083 4.8209, 1.0498 3.1083 4.8133
            ]
        }
        coordIndex [
            0,1,2,-1,3,4,5,-1,3,5,6,-1,6,5,7,-1,6,7,2,-1,2,7,8,-1,2,8,0,-1,9,1,10,-1,10,1,0,-1,9,10,11,-1,11,10,12,-1,13,14,15,-1,15,14,11,-1,15,11,16,-1,16,11,12,-1,14,13,17,-1,14,17,18,-1,17,19,18,-1,18,19,20,-1,18,20,21,-1,21,20,22,-1,21,22,23,-1,23,22,24,-1,23,24,25,-1,25,24,26,-1,25,26,27,-1,27,26,28,-1,27,28,29,-1,29,28,30,-1,29,30,31,-1,31,30,32,-1,31,32,33,-1,33,32,34,-1,33,34,35,-1,35,34,36,-1,35,36,37,-1,37,36,38,-1,37,38,39,-1,39,38,40,-1,39,40,41,-1,41,40,42,-1,41,42,43,-1,43,42,44,-1,43,44,45,-1,45,44,46,-1,45,46,47,-1,47,46,48,-1,47,48,49,-1,49,48,50,-1,49,50,51,-1,51,50,52,-1,51,52,53,-1,53,52,54,-1,53,54,55,-1,55,54,56,-1,55,56,57,-1,57,56,58,-1,57,58,59,-1,59,58,60,-1,59,60,61,-1,61,60,62,-1,61,62,63,-1,63,62,64,-1,63,64,65,-1,65,64,66,-1,65,66,67,-1,67,66,68,-1,67,68,69,-1,69,68,70,-1,69,70,71,-1,71,70,72,-1,71,72,73,-1,73,72,74,-1,73,74,75,-1,76,75,77,-1,77,75,74,-1,76,77,78,-1,76,78,79,-1,79,78,80,-1,79,80,81,-1,81,80,82,-1,81,82,83,-1,83,82,84,-1,83,84,85,-1,85,84,86,-1,85,86,87,-1,87,86,88,-1,88,86,89,-1,89,90,88,-1,88,90,91,-1,88,91,92,-1,92,91,93,-1,92,93,94,-1,94,93,95,-1,94,95,96,-1,96,95,97,-1,96,97,98,-1,98,97,99,-1,98,99,100,-1,100,99,101,-1,100,101,102,-1,103,104,105,-1,102,101,106,-1,102,106,107,-1,107,106,108,-1,107,108,105,-1,105,108,109,-1,105,109,103,-1,104,103,110,-1,104,110,111,-1,111,110,112,-1,111,112,113,-1,113,112,114,-1,113,114,115,-1,115,114,116,-1,115,116,117,-1,117,116,118,-1,117,118,119,-1,119,118,120,-1,119,120,121,-1,121,120,122,-1,121,122,123,-1,123,122,124,-1,123,124,125,-1,125,124,126,-1,125,126,127,-1,127,126,128,-1,127,128,129,-1,129,128,130,-1,129,130,131,-1,131,130,132,-1,131,132,133,-1,133,132,134,-1,133,134,135,-1,135,134,4,-1,135,4,3,-1,61,63,85,-1,85,63,83,-1,111,43,104,-1,104,43,45,-1,21,23,127,-1,127,23,25,-1,127,25,125,-1,125,25,27,-1,125,27,123,-1,123,27,29,-1,123,29,121,-1,121,29,31,-1,121,31,119,-1,119,31,33,-1,119,33,117,-1,117,33,35,-1,117,35,115,-1,115,35,37,-1,115,37,113,-1,113,37,39,-1,113,39,111,-1,111,39,41,-1,111,41,43,-1,14,3,11,-1,11,3,6,-1,11,6,9,-1,9,6,2,-1,9,2,1,-1,63,65,83,-1,83,65,67,-1,83,67,81,-1,81,67,69,-1,81,69,79,-1,79,69,71,-1,79,71,76,-1,76,71,73,-1,76,73,75,-1,127,129,21,-1,21,129,131,-1,21,131,18,-1,18,131,133,-1,18,133,14,-1,14,133,135,-1,14,135,3,-1,85,87,61,-1,61,87,88,-1,61,88,59,-1,59,88,92,-1,59,92,57,-1,57,92,94,-1,57,94,55,-1,55,94,96,-1,55,96,53,-1,53,96,98,-1,53,98,51,-1,51,98,100,-1,51,100,49,-1,49,100,102,-1,49,102,47,-1,47,102,107,-1,47,107,45,-1,45,107,105,-1,45,105,104,-1,136,137,138,-1,138,137,139,-1,140,136,141,-1,141,136,138,-1,140,141,142,-1,140,142,143,-1,143,142,144,-1,143,144,145,-1,146,145,147,-1,147,145,144,-1,148,146,149,-1,149,146,147,-1,150,151,152,-1,152,151,148,-1,152,148,149,-1,153,151,154,-1,154,151,150,-1,155,156,157,-1,157,156,153,-1,157,153,154,-1,158,159,160,-1,160,159,156,-1,160,156,155,-1,159,158,161,-1,159,161,162,-1,161,163,162,-1,162,163,164,-1,162,164,165,-1,164,166,165,-1,165,166,167,-1,165,167,168,-1,168,167,169,-1,168,169,170,-1,170,169,171,-1,170,171,172,-1,172,171,173,-1,172,173,174,-1,174,173,175,-1,174,175,176,-1,177,176,178,-1,178,176,175,-1,177,178,179,-1,177,179,180,-1,180,179,181,-1,180,181,182,-1,182,181,183,-1,182,183,184,-1,184,183,185,-1,184,185,186,-1,186,185,187,-1,186,187,188,-1,189,190,191,-1,191,190,192,-1,191,192,193,-1,193,192,194,-1,193,194,195,-1,195,194,188,-1,195,188,196,-1,196,188,187,-1,139,137,197,-1,197,137,190,-1,197,190,189,-1,143,145,190,-1,137,136,190,-1,190,136,140,-1,190,140,143,-1,151,153,148,-1,148,153,156,-1,148,156,146,-1,176,177,174,-1,174,177,180,-1,174,180,172,-1,172,180,182,-1,172,182,170,-1,170,182,184,-1,170,184,168,-1,168,184,186,-1,168,186,165,-1,145,146,190,-1,190,146,156,-1,190,156,192,-1,156,159,192,-1,192,159,162,-1,192,162,194,-1,194,162,165,-1,194,165,188,-1,188,165,186,-1,198,199,200,-1,200,199,201,-1,202,203,204,-1,204,203,198,-1,204,198,200,-1,205,203,206,-1,206,203,202,-1,207,208,209,-1,209,208,205,-1,209,205,206,-1,210,208,211,-1,211,208,207,-1,212,213,214,-1,214,213,210,-1,214,210,211,-1,215,213,216,-1,216,213,212,-1,217,218,219,-1,219,218,215,-1,219,215,216,-1,220,218,221,-1,221,218,217,-1,222,223,224,-1,224,223,220,-1,224,220,221,-1,225,223,226,-1,226,223,222,-1,201,199,227,-1,227,199,225,-1,227,225,226,-1,225,199,198,-1,198,203,225,-1,225,203,205,-1,225,205,223,-1,218,220,215,-1,215,220,223,-1,215,223,213,-1,213,223,205,-1,213,205,210,-1,210,205,208,-1,228,229,230,-1,230,229,231,-1,230,231,232,-1,232,231,233,-1,232,233,234,-1,234,233,235,-1,234,235,236,-1,236,235,237,-1,236,237,238,-1,238,237,239,-1,238,239,240,-1,240,239,241,-1,240,241,242,-1,242,241,243,-1,242,243,244,-1,244,243,245,-1,244,245,246,-1,246,245,247,-1,246,247,248,-1,248,247,249,-1,248,249,250,-1,250,249,251,-1,250,251,252,-1,252,251,253,-1,252,253,254,-1,254,253,255,-1,254,255,256,-1,256,255,257,-1,256,257,258,-1,258,257,259,-1,258,259,260,-1,260,259,261,-1,260,261,262,-1,262,261,228,-1,262,228,230,-1,236,238,263,-1,263,238,264,-1,236,263,265,-1,236,265,234,-1,234,265,266,-1,234,266,232,-1,232,266,267,-1,232,267,230,-1,230,267,268,-1,230,268,262,-1,262,268,269,-1,262,269,260,-1,260,269,270,-1,260,270,258,-1,258,270,271,-1,258,271,256,-1,256,271,272,-1,256,272,254,-1,254,272,273,-1,254,273,252,-1,252,273,274,-1,252,274,250,-1,250,274,275,-1,250,275,248,-1,248,275,276,-1,248,276,246,-1,246,276,277,-1,246,277,244,-1,244,277,278,-1,244,278,242,-1,240,242,279,-1,279,242,278,-1,238,240,264,-1,264,240,279,-1,243,241,280,-1,280,241,281,-1,241,239,281,-1,281,239,282,-1,239,237,282,-1,282,237,283,-1,229,284,285,-1,229,285,231,-1,231,285,286,-1,231,286,233,-1,233,286,287,-1,233,287,235,-1,235,287,283,-1,235,283,237,-1,257,288,289,-1,257,289,259,-1,259,289,290,-1,259,290,261,-1,261,290,291,-1,261,291,228,-1,228,291,284,-1,228,284,229,-1,249,292,293,-1,249,293,251,-1,251,293,294,-1,251,294,253,-1,253,294,295,-1,253,295,255,-1,255,295,288,-1,255,288,257,-1,243,280,296,-1,243,296,245,-1,245,296,297,-1,245,297,247,-1,247,297,292,-1,247,292,249,-1,
        ]
    }
}
Shape{
    appearance Appearance {
        material  Material 	{
            diffuseColor 0.15294117647058825 0.6078431372549019 1.0
            specularColor 0.047058823529411764 0.1843137254901961 0.30196078431372547
            ambientIntensity 0.5165
            transparency 0.0
            shininess 0.5
        }
    }
    geometry IndexedFaceSet {
        ccw TRUE
        solid FALSE
        coord DEF co Coordinate {
            point [
                1.0353 3.1083 4.6614, 1.0326 3.1083 4.6639, 1.1015 3.1083 4.8245, 1.1378 3.1083 4.8248, 1.1391 3.1083 4.6396, 1.1042 3.1083 4.6394, 1.0707 3.1083 4.6432, 1.0508 3.1083 4.6507, 1.0218 3.1083 4.6767, 1.013 3.1083 4.694, 1.0077 3.1083 4.7153, 1.0064 3.1083 4.7336, 1.0098 3.1083 4.7639, 1.0165 3.1083 4.7814, 1.0258 3.1083 4.7949, 1.0323 3.1083 4.8014, 1.0706 3.1083 4.8209, 1.0498 3.1083 4.8133
            ]
        }
        coordIndex [
            0,1,2,-1,3,4,2,-1,2,4,5,-1,5,6,2,-1,2,6,7,-1,2,7,0,-1,1,8,2,-1,2,8,9,-1,2,9,10,-1,10,11,2,-1,2,11,12,-1,2,12,13,-1,13,14,2,-1,2,14,15,-1,2,15,16,-1,16,15,17,-1,
        ]
    }
}
Shape{
    appearance Appearance {
        material  Material 	{
            diffuseColor 1.0 1.0 1.0
            specularColor 0.5019607843137255 0.5019607843137255 0.5019607843137255
            ambientIntensity 1.0
            transparency 0.0
            shininess 0.5
        }
    }
    geometry IndexedFaceSet {
        ccw TRUE
        solid FALSE
        coord DEF co Coordinate {
            point [
                0.8936 3.1122 4.7033, 0.8569 3.1122 4.8029, 0.8682 3.1122 4.8505, 0.9614 3.1122 4.611, 0.9271 3.1122 4.6107, 0.9036 3.1122 4.6762, 0.8548 3.1122 4.8101, 0.8529 3.1122 4.8197, 0.835 3.1122 4.8503, 0.8521 3.1122 4.8197, 0.8503 3.1122 4.8095, 0.8485 3.1122 4.8028, 0.8129 3.1122 4.7027, 0.7453 3.1122 4.6094, 0.7795 3.1122 4.6097, 0.8035 3.1122 4.6755, 0.835 3.1083 4.8503, 0.7461 3.1083 4.6117, 0.7453 3.1083 4.6094, 0.8682 3.1083 4.8505, 0.9614 3.1083 4.611, 0.9611 3.1083 4.6117, 0.9271 3.1083 4.6107, 0.9036 3.1083 4.6762, 0.9268 3.1083 4.6117, 0.8035 3.1083 4.6755, 0.7795 3.1083 4.6097, 0.7803 3.1083 4.6117, 0.8936 3.1083 4.7033, 0.8129 3.1083 4.7027, 0.8485 3.1083 4.8028, 0.8521 3.1083 4.8197, 0.8503 3.1083 4.8095, 0.8529 3.1083 4.8197, 0.8569 3.1083 4.8029, 0.8548 3.1083 4.8101
            ]
        }
        coordIndex [
            0,1,2,-1,3,4,5,-1,1,6,2,-1,2,6,7,-1,2,7,8,-1,8,7,9,-1,8,9,10,-1,10,11,8,-1,8,11,12,-1,8,12,13,-1,14,13,15,-1,15,13,12,-1,15,12,5,-1,5,12,0,-1,5,0,3,-1,3,0,2,-1,16,8,17,-1,17,8,13,-1,17,13,18,-1,2,8,19,-1,19,8,16,-1,20,3,21,-1,21,3,2,-1,21,2,19,-1,4,3,22,-1,22,3,20,-1,23,5,24,-1,24,5,4,-1,24,4,22,-1,15,5,25,-1,25,5,23,-1,26,14,27,-1,27,14,15,-1,27,15,25,-1,13,14,18,-1,18,14,26,-1,0,12,28,-1,28,12,29,-1,12,11,29,-1,29,11,30,-1,9,31,32,-1,9,32,10,-1,10,32,30,-1,10,30,11,-1,9,7,31,-1,31,7,33,-1,1,34,35,-1,1,35,6,-1,6,35,33,-1,6,33,7,-1,1,0,34,-1,34,0,28,-1,
        ]
    }
}
Shape{
    appearance Appearance {
        material  Material 	{
            diffuseColor 0.15294117647058825 0.6078431372549019 1.0
            specularColor 0.047058823529411764 0.1843137254901961 0.30196078431372547
            ambientIntensity 0.5165
            transparency 0.0
            shininess 0.5
        }
    }
    geometry IndexedFaceSet {
        ccw TRUE
        solid FALSE
        coord DEF co Coordinate {
            point [
                0.8521 3.1083 4.8197, 0.8529 3.1083 4.8197, 0.8503 3.1083 4.8095, 0.8548 3.1083 4.8101, 0.8485 3.1083 4.8028, 0.8569 3.1083 4.8029, 0.8129 3.1083 4.7027, 0.8936 3.1083 4.7033
            ]
        }
        coordIndex [
            0,1,2,-1,2,1,3,-1,2,3,4,-1,4,3,5,-1,4,5,6,-1,6,5,7,-1,
        ]
    }
}
Shape{
    appearance Appearance {
        material  Material 	{
            diffuseColor 1.0 1.0 1.0
            specularColor 0.5019607843137255 0.5019607843137255 0.5019607843137255
            ambientIntensity 1.0
            transparency 0.0
            shininess 0.5
        }
    }
    geometry IndexedFaceSet {
        ccw TRUE
        solid FALSE
        coord DEF co Coordinate {
            point [
                3.0712 3.1122 4.5919, 3.046 3.1122 4.5604, 3.0855 3.1122 4.743, 2.8645 3.1122 4.7032, 2.8608 3.1122 4.6873, 2.5145 3.1122 4.8227, 2.467 3.1122 5.0388, 2.4569 3.1122 4.9913, 2.3726 3.1122 5.083, 2.9266 3.1122 4.747, 2.9118 3.1122 4.7452, 2.7965 3.1122 4.7956, 2.896 3.1122 4.7393, 2.8825 3.1122 4.7298, 2.8717 3.1122 4.7174, 2.5668 3.1122 4.9136, 2.8609 3.1122 4.6729, 2.7546 3.1122 4.6809, 2.7545 3.1122 4.698, 3.1225 3.1122 4.7662, 3.1143 3.1122 4.6369, 3.088 3.1122 4.6286, 2.4433 3.1122 4.9912, 2.4108 3.1122 4.987, 2.3641 3.1122 5.0801, 2.3811 3.1122 4.9753, 2.3135 3.1122 5.0544, 2.2675 3.1122 5.0149, 2.8131 3.1122 5.1768, 2.9009 3.1122 5.2438, 2.8596 3.1122 5.1433, 2.9413 3.1122 5.2098, 2.8982 3.1122 5.0978, 2.9766 3.1122 5.1692, 2.9245 3.1122 5.0442, 3.0747 3.1122 5.06, 3.0324 3.1122 5.0697, 3.0158 3.1122 5.1729, 3.0148 3.1122 5.0704, 2.9962 3.1122 5.1717, 2.9751 3.1122 5.0653, 2.9369 3.1122 5.0511, 2.9698 3.1122 4.6294, 2.9558 3.1122 4.6204, 3.0128 3.1122 4.5349, 2.9398 3.1122 4.6151, 2.9416 3.1122 4.7454, 2.9649 3.1122 4.8499, 2.9567 3.1122 4.74, 3.0027 3.1122 4.8357, 2.9703 3.1122 4.731, 3.0378 3.1122 4.8117, 2.9815 3.1122 4.7188, 3.0663 3.1122 4.7797, 2.9894 3.1122 4.704, 2.9933 3.1122 4.6875, 2.2694 3.1122 4.6963, 2.3487 3.1122 4.7645, 2.3162 3.1122 4.6572, 2.3741 3.1122 4.7441, 2.3685 3.1122 4.6321, 2.4043 3.1122 4.7304, 2.4254 3.1122 4.6205, 2.4349 3.1122 4.7248, 2.5261 3.1122 4.6212, 2.5117 3.1122 4.7253, 2.5358 3.1122 4.6228, 3.1815 3.1122 4.9421, 3.2936 3.1122 4.9183, 3.1868 3.1122 4.9009, 3.2944 3.1122 4.8982, 3.185 3.1122 4.8747, 3.2876 3.1122 4.8352, 3.1731 3.1122 4.8328, 3.2645 3.1122 4.7712, 3.1529 3.1122 4.7978, 3.224 3.1122 4.7116, 3.1752 3.1122 4.6685, 2.8622 3.1122 4.8427, 2.9033 3.1122 4.8532, 2.9241 3.1122 4.8546, 2.3548 3.1122 4.9567, 2.3351 3.1122 4.9344, 2.233 3.1122 4.9661, 2.3195 3.1122 4.9048, 2.2125 3.1122 4.9138, 2.3117 3.1122 4.8719, 2.2051 3.1122 4.8581, 2.311 3.1122 4.8571, 2.2134 3.1122 4.7971, 2.3153 3.1122 4.8239, 2.2352 3.1122 4.7432, 2.3273 3.1122 4.7935, 2.3463 3.1122 4.767, 3.0792 3.1122 5.166, 3.1429 3.1122 5.1429, 3.1129 3.1122 5.0401, 3.198 3.1122 5.1059, 3.1427 3.1122 5.014, 3.2128 3.1122 5.0923, 3.1666 3.1122 4.9801, 3.2523 3.1122 5.0431, 3.2808 3.1122 4.9823, 2.9811 3.1122 4.6414, 2.9888 3.1122 4.6553, 2.993 3.1122 4.6708, 2.4929 3.1122 5.094, 2.4021 3.1122 5.1439, 2.5311 3.1122 5.1404, 2.4555 3.1122 5.2106, 2.5355 3.1122 5.1445, 2.4638 3.1122 5.2185, 2.5833 3.1122 5.1781, 2.5397 3.1122 5.2703, 2.6367 3.1122 5.199, 2.6251 3.1122 5.3011, 2.6945 3.1122 5.2065, 2.6955 3.1122 5.309, 2.7571 3.1122 5.1989, 2.7804 3.1122 5.2991, 2.8593 3.1122 5.2692, 2.8261 3.1122 4.823, 2.5203 3.1122 4.7269, 2.562 3.1122 4.6394, 2.558 3.1122 4.6353, 2.5152 3.1122 4.7258, 2.547 3.1122 4.6274, 2.9735 3.1122 4.5181, 2.9332 3.1122 4.5115, 2.9276 3.1122 4.6138, 2.9266 3.1122 4.5113, 2.9124 3.1122 4.6154, 2.8853 3.1122 4.5161, 2.8974 3.1122 4.6208, 2.8471 3.1122 4.5305, 2.8841 3.1122 4.6296, 2.8129 3.1122 4.5539, 2.8729 3.1122 4.6418, 2.7863 3.1122 4.5833, 2.865 3.1122 4.6565, 2.7659 3.1122 4.6212, 2.7556 3.1122 4.6633, 2.5753 3.1122 4.6745, 2.5738 3.1122 4.6618, 2.5694 3.1122 4.6502, 2.5352 3.1122 4.7255, 2.5469 3.1122 4.721, 2.5748 3.1122 4.6811, 2.5575 3.1122 4.7136, 2.5647 3.1122 4.7057, 2.5714 3.1122 4.6941, 2.522 3.1122 4.7271, 2.2051 3.1083 4.8581, 2.2125 3.1083 4.9138, 2.2529 3.1083 4.9943, 2.2171 3.1083 4.9256, 2.233 3.1083 4.9661, 2.2675 3.1083 5.0149, 2.3135 3.1083 5.0544, 2.3641 3.1083 5.0801, 2.3726 3.1083 5.083, 2.4021 3.1083 5.1439, 2.4555 3.1083 5.2106, 2.4638 3.1083 5.2185, 2.4929 3.1083 5.2384, 2.5397 3.1083 5.2703, 2.6251 3.1083 5.3011, 2.6955 3.1083 5.309, 2.7804 3.1083 5.2991, 2.8593 3.1083 5.2692, 2.9009 3.1083 5.2438, 2.9766 3.1083 5.1692, 2.9074 3.1083 5.2384, 2.9413 3.1083 5.2098, 2.9962 3.1083 5.1717, 3.0158 3.1083 5.1729, 3.0792 3.1083 5.166, 3.1429 3.1083 5.1429, 3.198 3.1083 5.1059, 3.2128 3.1083 5.0923, 3.2921 3.1083 4.9256, 3.2808 3.1083 4.9823, 3.2752 3.1083 4.9943, 3.2523 3.1083 5.0431, 3.2936 3.1083 4.9183, 3.2944 3.1083 4.8982, 3.2876 3.1083 4.8352, 3.2645 3.1083 4.7712, 3.224 3.1083 4.7116, 3.1752 3.1083 4.6685, 3.1143 3.1083 4.6369, 3.088 3.1083 4.6286, 3.0802 3.1083 4.6117, 3.0551 3.1083 4.5717, 3.0712 3.1083 4.5919, 3.046 3.1083 4.5604, 3.0128 3.1083 4.5349, 2.9735 3.1083 4.5181, 2.9332 3.1083 4.5115, 2.9266 3.1083 4.5113, 2.771 3.1083 4.6117, 2.7863 3.1083 4.5833, 2.7967 3.1083 4.5717, 2.8129 3.1083 4.5539, 2.8471 3.1083 4.5305, 2.8853 3.1083 4.5161, 2.7659 3.1083 4.6212, 2.7556 3.1083 4.6633, 2.7546 3.1083 4.6809, 2.7545 3.1083 4.698, 2.5145 3.1083 4.8227, 2.5668 3.1083 4.9136, 2.7965 3.1083 4.7956, 2.8261 3.1083 4.823, 2.8622 3.1083 4.8427, 2.9033 3.1083 4.8532, 2.9241 3.1083 4.8546, 2.9649 3.1083 4.8499, 3.0027 3.1083 4.8357, 3.0378 3.1083 4.8117, 3.0663 3.1083 4.7797, 3.0855 3.1083 4.743, 3.1225 3.1083 4.7662, 3.1529 3.1083 4.7978, 3.1731 3.1083 4.8328, 3.185 3.1083 4.8747, 3.1868 3.1083 4.9009, 3.1836 3.1083 4.9256, 3.1815 3.1083 4.9421, 3.1666 3.1083 4.9801, 3.1566 3.1083 4.9943, 3.1427 3.1083 5.014, 3.1129 3.1083 5.0401, 3.0747 3.1083 5.06, 3.0324 3.1083 5.0697, 3.0148 3.1083 5.0704, 2.9751 3.1083 5.0653, 2.9369 3.1083 5.0511, 2.9245 3.1083 5.0442, 2.8982 3.1083 5.0978, 2.8596 3.1083 5.1433, 2.8131 3.1083 5.1768, 2.7571 3.1083 5.1989, 2.6945 3.1083 5.2065, 2.6367 3.1083 5.199, 2.5833 3.1083 5.1781, 2.5355 3.1083 5.1445, 2.5311 3.1083 5.1404, 2.4929 3.1083 5.094, 2.467 3.1083 5.0388, 2.4575 3.1083 4.9943, 2.4569 3.1083 4.9913, 2.4433 3.1083 4.9912, 2.4108 3.1083 4.987, 2.3811 3.1083 4.9753, 2.3548 3.1083 4.9567, 2.3351 3.1083 4.9344, 2.3305 3.1083 4.9256, 2.3195 3.1083 4.9048, 2.3117 3.1083 4.8719, 2.311 3.1083 4.8571, 2.3153 3.1083 4.8239, 2.3273 3.1083 4.7935, 2.3463 3.1083 4.767, 2.3487 3.1083 4.7645, 2.3741 3.1083 4.7441, 2.4043 3.1083 4.7304, 2.4349 3.1083 4.7248, 2.5117 3.1083 4.7253, 2.5152 3.1083 4.7258, 2.5203 3.1083 4.7269, 2.522 3.1083 4.7271, 2.5352 3.1083 4.7255, 2.5469 3.1083 4.721, 2.5575 3.1083 4.7136, 2.5647 3.1083 4.7057, 2.5714 3.1083 4.6941, 2.5748 3.1083 4.6811, 2.5753 3.1083 4.6745, 2.5738 3.1083 4.6618, 2.5694 3.1083 4.6502, 2.562 3.1083 4.6394, 2.558 3.1083 4.6353, 2.547 3.1083 4.6274, 2.5358 3.1083 4.6228, 2.5261 3.1083 4.6212, 2.4254 3.1083 4.6205, 2.3685 3.1083 4.6321, 2.3162 3.1083 4.6572, 2.2694 3.1083 4.6963, 2.2352 3.1083 4.7432, 2.2134 3.1083 4.7971, 2.9266 3.1083 4.747, 2.9118 3.1083 4.7452, 2.896 3.1083 4.7393, 2.8825 3.1083 4.7298, 2.8717 3.1083 4.7174, 2.8645 3.1083 4.7032, 2.8608 3.1083 4.6873, 2.8609 3.1083 4.6729, 2.865 3.1083 4.6565, 2.8729 3.1083 4.6418, 2.8841 3.1083 4.6296, 2.8974 3.1083 4.6208, 2.9124 3.1083 4.6154, 2.9276 3.1083 4.6138, 2.9398 3.1083 4.6151, 2.9558 3.1083 4.6204, 2.9698 3.1083 4.6294, 2.9811 3.1083 4.6414, 2.9888 3.1083 4.6553, 2.993 3.1083 4.6708, 2.9933 3.1083 4.6875, 2.9894 3.1083 4.704, 2.9815 3.1083 4.7188, 2.9703 3.1083 4.731, 2.9567 3.1083 4.74, 2.9416 3.1083 4.7454
            ]
        }
        coordIndex [
            0,1,2,-1,3,4,5,-1,6,7,8,-1,9,10,11,-1,10,12,11,-1,11,12,13,-1,11,13,14,-1,3,5,14,-1,14,5,15,-1,14,15,11,-1,16,17,4,-1,4,17,18,-1,4,18,5,-1,19,20,2,-1,2,20,21,-1,2,21,0,-1,7,22,8,-1,8,22,23,-1,8,23,24,-1,24,23,25,-1,24,25,26,-1,26,25,27,-1,28,29,30,-1,30,29,31,-1,30,31,32,-1,32,31,33,-1,32,33,34,-1,35,36,37,-1,37,36,38,-1,37,38,39,-1,39,38,40,-1,39,40,33,-1,33,40,41,-1,33,41,34,-1,42,1,43,-1,43,1,44,-1,43,44,45,-1,46,47,48,-1,48,47,49,-1,48,49,50,-1,50,49,51,-1,50,51,52,-1,52,51,53,-1,52,53,54,-1,54,53,2,-1,54,2,55,-1,56,57,58,-1,58,57,59,-1,58,59,60,-1,60,59,61,-1,60,61,62,-1,62,61,63,-1,62,63,64,-1,64,63,65,-1,64,65,66,-1,67,68,69,-1,69,68,70,-1,69,70,71,-1,71,70,72,-1,71,72,73,-1,73,72,74,-1,73,74,75,-1,75,74,76,-1,75,76,19,-1,19,76,77,-1,19,77,20,-1,78,79,46,-1,46,79,80,-1,46,80,47,-1,25,81,27,-1,27,81,82,-1,27,82,83,-1,83,82,84,-1,83,84,85,-1,85,84,86,-1,85,86,87,-1,87,86,88,-1,87,88,89,-1,89,88,90,-1,89,90,91,-1,91,90,92,-1,91,92,56,-1,56,92,93,-1,56,93,57,-1,37,94,35,-1,35,94,95,-1,35,95,96,-1,96,95,97,-1,96,97,98,-1,98,97,99,-1,98,99,100,-1,100,99,101,-1,100,101,67,-1,67,101,102,-1,67,102,68,-1,42,103,1,-1,1,103,104,-1,1,104,2,-1,2,104,105,-1,2,105,55,-1,6,8,106,-1,106,8,107,-1,106,107,108,-1,108,107,109,-1,108,109,110,-1,110,109,111,-1,110,111,112,-1,112,111,113,-1,112,113,114,-1,114,113,115,-1,114,115,116,-1,116,115,117,-1,116,117,118,-1,118,117,119,-1,118,119,28,-1,28,119,120,-1,28,120,29,-1,9,11,46,-1,46,11,121,-1,46,121,78,-1,122,123,124,-1,65,125,66,-1,66,125,122,-1,66,122,126,-1,126,122,124,-1,44,127,45,-1,45,127,128,-1,45,128,129,-1,129,128,130,-1,129,130,131,-1,131,130,132,-1,131,132,133,-1,133,132,134,-1,133,134,135,-1,135,134,136,-1,135,136,137,-1,137,136,138,-1,137,138,139,-1,139,138,140,-1,139,140,16,-1,16,140,141,-1,16,141,17,-1,142,143,122,-1,122,143,144,-1,122,144,123,-1,145,146,147,-1,146,148,147,-1,147,148,149,-1,147,149,150,-1,142,122,147,-1,147,122,151,-1,147,151,145,-1,87,152,153,-1,154,27,83,-1,87,153,85,-1,85,153,155,-1,85,155,83,-1,83,155,156,-1,83,156,154,-1,154,157,27,-1,27,157,158,-1,27,158,26,-1,26,158,159,-1,26,159,24,-1,24,159,160,-1,24,160,8,-1,8,160,161,-1,8,161,107,-1,107,161,162,-1,107,162,109,-1,109,162,163,-1,109,163,111,-1,111,163,164,-1,111,164,113,-1,164,165,113,-1,113,165,166,-1,113,166,115,-1,115,166,167,-1,115,167,117,-1,117,167,168,-1,117,168,119,-1,119,168,169,-1,119,169,120,-1,120,169,170,-1,120,170,29,-1,171,33,31,-1,29,170,172,-1,29,172,31,-1,31,172,173,-1,31,173,171,-1,33,171,174,-1,33,174,39,-1,39,174,175,-1,39,175,37,-1,37,175,176,-1,37,176,94,-1,94,176,177,-1,94,177,95,-1,95,177,178,-1,95,178,97,-1,97,178,179,-1,97,179,99,-1,180,68,181,-1,181,68,102,-1,181,102,182,-1,182,102,101,-1,182,101,183,-1,183,101,99,-1,183,99,179,-1,180,184,68,-1,68,184,185,-1,68,185,70,-1,70,185,186,-1,70,186,72,-1,72,186,187,-1,72,187,74,-1,74,187,188,-1,74,188,76,-1,76,188,189,-1,76,189,77,-1,77,189,190,-1,77,190,20,-1,20,190,191,-1,20,191,21,-1,21,191,192,-1,193,1,0,-1,21,192,0,-1,0,192,194,-1,0,194,193,-1,193,195,1,-1,1,195,196,-1,1,196,44,-1,44,196,197,-1,44,197,127,-1,127,197,198,-1,127,198,128,-1,128,198,199,-1,128,199,130,-1,200,140,201,-1,201,140,138,-1,201,138,202,-1,202,138,136,-1,202,136,203,-1,203,136,134,-1,203,134,204,-1,204,134,132,-1,204,132,205,-1,205,132,130,-1,205,130,199,-1,200,206,140,-1,140,206,207,-1,140,207,141,-1,141,207,208,-1,141,208,17,-1,18,17,209,-1,209,17,208,-1,5,18,210,-1,210,18,209,-1,15,5,211,-1,211,5,210,-1,11,15,212,-1,212,15,211,-1,11,212,213,-1,11,213,121,-1,121,213,214,-1,121,214,78,-1,78,214,215,-1,78,215,79,-1,79,215,216,-1,79,216,80,-1,80,216,217,-1,80,217,47,-1,47,217,218,-1,47,218,49,-1,49,218,219,-1,49,219,51,-1,51,219,220,-1,51,220,53,-1,53,220,221,-1,53,221,2,-1,2,221,222,-1,2,222,19,-1,19,222,223,-1,19,223,75,-1,75,223,224,-1,75,224,73,-1,73,224,225,-1,73,225,71,-1,71,225,226,-1,71,226,69,-1,67,69,227,-1,227,69,226,-1,227,228,67,-1,67,228,229,-1,67,229,100,-1,100,229,230,-1,100,230,98,-1,230,231,98,-1,98,231,232,-1,98,232,96,-1,96,232,233,-1,96,233,35,-1,35,233,234,-1,35,234,36,-1,36,234,235,-1,36,235,38,-1,38,235,236,-1,38,236,40,-1,40,236,237,-1,40,237,41,-1,41,237,238,-1,41,238,34,-1,34,238,239,-1,34,239,32,-1,32,239,240,-1,32,240,30,-1,30,240,241,-1,30,241,28,-1,28,241,242,-1,28,242,118,-1,118,242,243,-1,118,243,116,-1,116,243,244,-1,116,244,114,-1,114,244,245,-1,114,245,112,-1,112,245,246,-1,112,246,110,-1,110,246,247,-1,110,247,108,-1,108,247,248,-1,108,248,106,-1,106,248,249,-1,106,249,6,-1,6,249,7,-1,7,249,250,-1,7,250,251,-1,22,7,252,-1,252,7,251,-1,22,252,253,-1,22,253,23,-1,23,253,254,-1,23,254,25,-1,25,254,255,-1,25,255,81,-1,81,255,256,-1,81,256,82,-1,82,256,257,-1,82,257,84,-1,257,258,84,-1,84,258,259,-1,84,259,86,-1,86,259,260,-1,86,260,88,-1,88,260,261,-1,88,261,90,-1,90,261,262,-1,90,262,92,-1,92,262,263,-1,92,263,93,-1,93,263,264,-1,93,264,57,-1,57,264,265,-1,57,265,59,-1,59,265,266,-1,59,266,61,-1,61,266,267,-1,61,267,63,-1,65,63,268,-1,268,63,267,-1,65,268,269,-1,65,269,125,-1,125,269,270,-1,125,270,122,-1,122,270,271,-1,122,271,151,-1,151,271,272,-1,151,272,145,-1,145,272,273,-1,145,273,146,-1,146,273,274,-1,146,274,148,-1,148,274,275,-1,148,275,149,-1,149,275,276,-1,149,276,150,-1,150,276,277,-1,150,277,147,-1,147,277,278,-1,147,278,142,-1,142,278,279,-1,142,279,143,-1,143,279,280,-1,143,280,144,-1,144,280,281,-1,144,281,123,-1,123,281,282,-1,123,282,124,-1,124,282,283,-1,124,283,126,-1,126,283,284,-1,126,284,66,-1,66,284,285,-1,66,285,64,-1,62,64,286,-1,286,64,285,-1,62,286,287,-1,62,287,60,-1,60,287,288,-1,60,288,58,-1,58,288,289,-1,58,289,56,-1,56,289,290,-1,56,290,91,-1,91,290,291,-1,91,291,89,-1,89,291,152,-1,89,152,87,-1,9,292,293,-1,9,293,10,-1,10,293,294,-1,10,294,12,-1,12,294,295,-1,12,295,13,-1,13,295,296,-1,13,296,14,-1,14,296,297,-1,14,297,3,-1,3,297,298,-1,3,298,4,-1,4,298,299,-1,4,299,16,-1,16,299,300,-1,16,300,139,-1,139,300,301,-1,139,301,137,-1,137,301,302,-1,137,302,135,-1,135,302,303,-1,135,303,133,-1,133,303,304,-1,133,304,131,-1,131,304,305,-1,131,305,129,-1,129,305,306,-1,129,306,45,-1,45,306,307,-1,45,307,43,-1,43,307,308,-1,43,308,42,-1,42,308,309,-1,42,309,103,-1,103,309,310,-1,103,310,104,-1,104,310,311,-1,104,311,105,-1,105,311,312,-1,105,312,55,-1,55,312,313,-1,55,313,54,-1,54,313,314,-1,54,314,52,-1,52,314,315,-1,52,315,50,-1,50,315,316,-1,50,316,48,-1,48,316,317,-1,48,317,46,-1,46,317,292,-1,46,292,9,-1,
        ]
    }
}
Shape{
    appearance Appearance {
        material  Material 	{
            diffuseColor 0.15294117647058825 0.6078431372549019 1.0
            specularColor 0.047058823529411764 0.1843137254901961 0.30196078431372547
            ambientIntensity 0.5165
            transparency 0.0
            shininess 0.5
        }
    }
    geometry IndexedFaceSet {
        ccw TRUE
        solid FALSE
        coord DEF co Coordinate {
            point [
                2.9398 3.1083 4.6151, 2.9276 3.1083 4.6138, 2.9266 3.1083 4.747, 2.8974 3.1083 4.6208, 2.8609 3.1083 4.6729, 2.9124 3.1083 4.6154, 2.8608 3.1083 4.6873, 2.8645 3.1083 4.7032, 2.8717 3.1083 4.7174, 2.8825 3.1083 4.7298, 2.9567 3.1083 4.74, 2.9811 3.1083 4.6414, 2.9698 3.1083 4.6294, 2.896 3.1083 4.7393, 2.9118 3.1083 4.7452, 2.9888 3.1083 4.6553, 2.9703 3.1083 4.731, 2.993 3.1083 4.6708, 2.9416 3.1083 4.7454, 2.9558 3.1083 4.6204, 2.8841 3.1083 4.6296, 2.8729 3.1083 4.6418, 2.865 3.1083 4.6565, 2.9933 3.1083 4.6875, 2.9815 3.1083 4.7188, 2.9894 3.1083 4.704
            ]
        }
        coordIndex [
            0,1,2,-1,3,4,5,-1,5,4,6,-1,5,6,1,-1,6,7,1,-1,1,7,8,-1,1,8,9,-1,10,11,12,-1,9,13,1,-1,1,13,14,-1,1,14,2,-1,11,10,15,-1,15,10,16,-1,15,16,17,-1,2,18,0,-1,0,18,10,-1,0,10,19,-1,19,10,12,-1,3,20,4,-1,4,20,21,-1,4,21,22,-1,17,16,23,-1,23,16,24,-1,23,24,25,-1,
        ]
    }
}