#VRML V2.0 utf8
# 3D model generated by easyeda2kicad.py (https://github.com/uPesy/easyeda2kicad.py)

Shape{
    appearance Appearance {
        material  Material 	{
            diffuseColor 0.9686274509803922 0.8784313725490196 0.6
            specularColor 0.6784313725490196 0.615686274509804 0.4196078431372549
            ambientIntensity 0.8737
            transparency 0.0
            shininess 0.5
        }
    }
    geometry IndexedFaceSet {
        ccw TRUE
        solid FALSE
        coord DEF co Coordinate {
            point [
                -3.1496 2.9134 0.3937, -3.1496 2.9134 0.0, -3.1291 2.912 0.3937, -3.1291 2.912 0.0, -3.1088 2.908 0.3937, -3.1088 2.908 0.0, -3.0893 2.9014 0.3937, -3.0893 2.9014 0.0, -3.0709 2.8923 0.3937, -3.0709 2.8923 0.0, -3.0537 2.8808 0.3937, -3.0537 2.8808 0.0, -3.0383 2.8673 0.3937, -3.0383 2.8673 0.0, -3.0247 2.8518 0.3937, -3.0247 2.8518 0.0, -3.0132 2.8346 0.3937, -3.0132 2.8346 0.0, -3.0041 2.8162 0.3937, -3.0041 2.8162 0.0, -2.9975 2.7967 0.3937, -2.9975 2.7967 0.0, -2.9935 2.7765 0.3937, -2.9935 2.7765 0.0, -2.9921 2.7559 0.3937, -2.9921 2.7559 0.0, -2.9935 2.7353 0.3937, -2.9935 2.7353 0.0, -2.9975 2.7151 0.3937, -2.9975 2.7151 0.0, -3.0041 2.6956 0.3937, -3.0041 2.6956 0.0, -3.0132 2.6772 0.3937, -3.0132 2.6772 0.0, -3.0247 2.66 0.3937, -3.0247 2.66 0.0, -3.0383 2.6446 0.3937, -3.0383 2.6446 0.0, -3.0537 2.631 0.3937, -3.0537 2.631 0.0, -3.0709 2.6195 0.3937, -3.0709 2.6195 0.0, -3.0893 2.6104 0.3937, -3.0893 2.6104 0.0, -3.1088 2.6038 0.3937, -3.1088 2.6038 0.0, -3.1291 2.5998 0.3937, -3.1291 2.5998 0.0, -3.1496 2.5984 0.3937, -3.1496 2.5984 0.0, -3.1496 2.561 0.3937, -3.1496 2.561 0.0, -3.1261 2.5624 0.0, -3.1261 2.5624 0.3937, -3.103 2.5667 0.0, -3.103 2.5667 0.3937, -3.0805 2.5737 0.0, -3.0805 2.5737 0.3937, -3.059 2.5833 0.0, -3.059 2.5833 0.3937, -3.0389 2.5955 0.0, -3.0389 2.5955 0.3937, -3.0204 2.61 0.0, -3.0204 2.61 0.3937, -3.0037 2.6267 0.0, -3.0037 2.6267 0.3937, -2.9892 2.6452 0.0, -2.9892 2.6452 0.3937, -2.977 2.6653 0.0, -2.977 2.6653 0.3937, -2.9674 2.6868 0.0, -2.9674 2.6868 0.3937, -2.9604 2.7093 0.0, -2.9604 2.7093 0.3937, -2.9561 2.7324 0.0, -2.9561 2.7324 0.3937, -2.9547 2.7559 0.0, -2.9547 2.7559 0.3937, -2.9561 2.7794 0.0, -2.9561 2.7794 0.3937, -2.9604 2.8025 0.0, -2.9604 2.8025 0.3937, -2.9674 2.825 0.0, -2.9674 2.825 0.3937, -2.977 2.8465 0.0, -2.977 2.8465 0.3937, -2.9892 2.8666 0.0, -2.9892 2.8666 0.3937, -3.0037 2.8851 0.0, -3.0037 2.8851 0.3937, -3.0204 2.9018 0.0, -3.0204 2.9018 0.3937, -3.0389 2.9163 0.0, -3.0389 2.9163 0.3937, -3.059 2.9285 0.0, -3.059 2.9285 0.3937, -3.0805 2.9381 0.0, -3.0805 2.9381 0.3937, -3.103 2.9451 0.0, -3.103 2.9451 0.3937, -3.1261 2.9494 0.0, -3.1261 2.9494 0.3937, -3.1496 2.9508 0.0, -3.1496 2.9508 0.3937, 3.1496 2.5984 0.3937, 3.1496 2.5984 0.0, 3.1291 2.5998 0.3937, 3.1291 2.5998 0.0, 3.1088 2.6038 0.3937, 3.1088 2.6038 0.0, 3.0893 2.6104 0.3937, 3.0893 2.6104 0.0, 3.0709 2.6195 0.3937, 3.0709 2.6195 0.0, 3.0537 2.631 0.3937, 3.0537 2.631 0.0, 3.0383 2.6446 0.3937, 3.0383 2.6446 0.0, 3.0247 2.66 0.3937, 3.0247 2.66 0.0, 3.0132 2.6772 0.3937, 3.0132 2.6772 0.0, 3.0041 2.6956 0.3937, 3.0041 2.6956 0.0, 2.9975 2.7151 0.3937, 2.9975 2.7151 0.0, 2.9935 2.7353 0.3937, 2.9935 2.7353 0.0, 2.9921 2.7559 0.3937, 2.9921 2.7559 0.0, 2.9935 2.7765 0.3937, 2.9935 2.7765 0.0, 2.9975 2.7967 0.3937, 2.9975 2.7967 0.0, 3.0041 2.8162 0.3937, 3.0041 2.8162 0.0, 3.0132 2.8346 0.3937, 3.0132 2.8346 0.0, 3.0247 2.8518 0.3937, 3.0247 2.8518 0.0, 3.0383 2.8673 0.3937, 3.0383 2.8673 0.0, 3.0537 2.8808 0.3937, 3.0537 2.8808 0.0, 3.0709 2.8923 0.3937, 3.0709 2.8923 0.0, 3.0893 2.9014 0.3937, 3.0893 2.9014 0.0, 3.1088 2.908 0.3937, 3.1088 2.908 0.0, 3.1291 2.912 0.3937, 3.1291 2.912 0.0, 3.1496 2.9134 0.3937, 3.1496 2.9134 0.0, 3.1496 2.561 0.3937, 3.1496 2.561 0.0, 3.1496 2.9508 0.3937, 3.1496 2.9508 0.0, 3.1261 2.9494 0.0, 3.1261 2.9494 0.3937, 3.103 2.9451 0.0, 3.103 2.9451 0.3937, 3.0805 2.9381 0.0, 3.0805 2.9381 0.3937, 3.059 2.9285 0.0, 3.059 2.9285 0.3937, 3.0389 2.9163 0.0, 3.0389 2.9163 0.3937, 3.0204 2.9018 0.0, 3.0204 2.9018 0.3937, 3.0037 2.8851 0.0, 3.0037 2.8851 0.3937, 2.9892 2.8666 0.0, 2.9892 2.8666 0.3937, 2.977 2.8465 0.0, 2.977 2.8465 0.3937, 2.9674 2.825 0.0, 2.9674 2.825 0.3937, 2.9604 2.8025 0.0, 2.9604 2.8025 0.3937, 2.9561 2.7794 0.0, 2.9561 2.7794 0.3937, 2.9547 2.7559 0.0, 2.9547 2.7559 0.3937, 2.9561 2.7324 0.0, 2.9561 2.7324 0.3937, 2.9604 2.7093 0.0, 2.9604 2.7093 0.3937, 2.9674 2.6868 0.0, 2.9674 2.6868 0.3937, 2.977 2.6653 0.0, 2.977 2.6653 0.3937, 2.9892 2.6452 0.0, 2.9892 2.6452 0.3937, 3.0037 2.6267 0.0, 3.0037 2.6267 0.3937, 3.0204 2.61 0.0, 3.0204 2.61 0.3937, 3.0389 2.5955 0.0, 3.0389 2.5955 0.3937, 3.059 2.5833 0.0, 3.059 2.5833 0.3937, 3.0805 2.5737 0.0, 3.0805 2.5737 0.3937, 3.103 2.5667 0.0, 3.103 2.5667 0.3937, 3.1261 2.5624 0.0, 3.1261 2.5624 0.3937, 3.1496 1.811 0.3937, 3.1496 1.811 0.0, 3.1291 1.8124 0.3937, 3.1291 1.8124 0.0, 3.1088 1.8164 0.3937, 3.1088 1.8164 0.0, 3.0893 1.823 0.3937, 3.0893 1.823 0.0, 3.0709 1.8321 0.3937, 3.0709 1.8321 0.0, 3.0537 1.8436 0.3937, 3.0537 1.8436 0.0, 3.0383 1.8571 0.3937, 3.0383 1.8571 0.0, 3.0247 1.8726 0.3937, 3.0247 1.8726 0.0, 3.0132 1.8898 0.3937, 3.0132 1.8898 0.0, 3.0041 1.9082 0.3937, 3.0041 1.9082 0.0, 2.9975 1.9277 0.3937, 2.9975 1.9277 0.0, 2.9935 1.9479 0.3937, 2.9935 1.9479 0.0, 2.9921 1.9685 0.3937, 2.9921 1.9685 0.0, 2.9935 1.9891 0.3937, 2.9935 1.9891 0.0, 2.9975 2.0093 0.3937, 2.9975 2.0093 0.0, 3.0041 2.0288 0.3937, 3.0041 2.0288 0.0, 3.0132 2.0472 0.3937, 3.0132 2.0472 0.0, 3.0247 2.0644 0.3937, 3.0247 2.0644 0.0, 3.0383 2.0799 0.3937, 3.0383 2.0799 0.0, 3.0537 2.0934 0.3937, 3.0537 2.0934 0.0, 3.0709 2.1049 0.3937, 3.0709 2.1049 0.0, 3.0893 2.114 0.3937, 3.0893 2.114 0.0, 3.1088 2.1206 0.3937, 3.1088 2.1206 0.0, 3.1291 2.1246 0.3937, 3.1291 2.1246 0.0, 3.1496 2.126 0.3937, 3.1496 2.126 0.0, 3.1496 1.7736 0.3937, 3.1496 1.7736 0.0, 3.1496 2.1634 0.3937, 3.1496 2.1634 0.0, 3.1261 2.162 0.0, 3.1261 2.162 0.3937, 3.103 2.1577 0.0, 3.103 2.1577 0.3937, 3.0805 2.1507 0.0, 3.0805 2.1507 0.3937, 3.059 2.1411 0.0, 3.059 2.1411 0.3937, 3.0389 2.1289 0.0, 3.0389 2.1289 0.3937, 3.0204 2.1144 0.0, 3.0204 2.1144 0.3937, 3.0037 2.0977 0.0, 3.0037 2.0977 0.3937, 2.9892 2.0792 0.0, 2.9892 2.0792 0.3937, 2.977 2.0591 0.0, 2.977 2.0591 0.3937, 2.9674 2.0376 0.0, 2.9674 2.0376 0.3937, 2.9604 2.0151 0.0, 2.9604 2.0151 0.3937, 2.9561 1.992 0.0, 2.9561 1.992 0.3937, 2.9547 1.9685 0.0, 2.9547 1.9685 0.3937, 2.9561 1.945 0.0, 2.9561 1.945 0.3937, 2.9604 1.9219 0.0, 2.9604 1.9219 0.3937, 2.9674 1.8994 0.0, 2.9674 1.8994 0.3937, 2.977 1.8779 0.0, 2.977 1.8779 0.3937, 2.9892 1.8578 0.0, 2.9892 1.8578 0.3937, 3.0037 1.8393 0.0, 3.0037 1.8393 0.3937, 3.0204 1.8226 0.0, 3.0204 1.8226 0.3937, 3.0389 1.8081 0.0, 3.0389 1.8081 0.3937, 3.059 1.7959 0.0, 3.059 1.7959 0.3937, 3.0805 1.7863 0.0, 3.0805 1.7863 0.3937, 3.103 1.7793 0.0, 3.103 1.7793 0.3937, 3.1261 1.775 0.0, 3.1261 1.775 0.3937, 3.1496 1.0236 0.3937, 3.1496 1.0236 0.0, 3.1291 1.025 0.3937, 3.1291 1.025 0.0, 3.1088 1.029 0.3937, 3.1088 1.029 0.0, 3.0893 1.0356 0.3937, 3.0893 1.0356 0.0, 3.0709 1.0447 0.3937, 3.0709 1.0447 0.0, 3.0537 1.0562 0.3937, 3.0537 1.0562 0.0, 3.0383 1.0697 0.3937, 3.0383 1.0697 0.0, 3.0247 1.0852 0.3937, 3.0247 1.0852 0.0, 3.0132 1.1024 0.3937, 3.0132 1.1024 0.0, 3.0041 1.1208 0.3937, 3.0041 1.1208 0.0, 2.9975 1.1403 0.3937, 2.9975 1.1403 0.0, 2.9935 1.1605 0.3937, 2.9935 1.1605 0.0, 2.9921 1.1811 0.3937, 2.9921 1.1811 0.0, 2.9935 1.2017 0.3937, 2.9935 1.2017 0.0, 2.9975 1.2219 0.3937, 2.9975 1.2219 0.0, 3.0041 1.2414 0.3937, 3.0041 1.2414 0.0, 3.0132 1.2598 0.3937, 3.0132 1.2598 0.0, 3.0247 1.277 0.3937, 3.0247 1.277 0.0, 3.0383 1.2925 0.3937, 3.0383 1.2925 0.0, 3.0537 1.306 0.3937, 3.0537 1.306 0.0, 3.0709 1.3175 0.3937, 3.0709 1.3175 0.0, 3.0893 1.3266 0.3937, 3.0893 1.3266 0.0, 3.1088 1.3332 0.3937, 3.1088 1.3332 0.0, 3.1291 1.3372 0.3937, 3.1291 1.3372 0.0, 3.1496 1.3386 0.3937, 3.1496 1.3386 0.0, 3.1496 0.9862 0.3937, 3.1496 0.9862 0.0, 3.1496 1.376 0.3937, 3.1496 1.376 0.0, 3.1261 1.3746 0.0, 3.1261 1.3746 0.3937, 3.103 1.3703 0.0, 3.103 1.3703 0.3937, 3.0805 1.3633 0.0, 3.0805 1.3633 0.3937, 3.059 1.3537 0.0, 3.059 1.3537 0.3937, 3.0389 1.3415 0.0, 3.0389 1.3415 0.3937, 3.0204 1.327 0.0, 3.0204 1.327 0.3937, 3.0037 1.3103 0.0, 3.0037 1.3103 0.3937, 2.9892 1.2918 0.0, 2.9892 1.2918 0.3937, 2.977 1.2717 0.0, 2.977 1.2717 0.3937, 2.9674 1.2502 0.0, 2.9674 1.2502 0.3937, 2.9604 1.2277 0.0, 2.9604 1.2277 0.3937, 2.9561 1.2046 0.0, 2.9561 1.2046 0.3937, 2.9547 1.1811 0.0, 2.9547 1.1811 0.3937, 2.9561 1.1576 0.0, 2.9561 1.1576 0.3937, 2.9604 1.1345 0.0, 2.9604 1.1345 0.3937, 2.9674 1.112 0.0, 2.9674 1.112 0.3937, 2.977 1.0905 0.0, 2.977 1.0905 0.3937, 2.9892 1.0704 0.0, 2.9892 1.0704 0.3937, 3.0037 1.0519 0.0, 3.0037 1.0519 0.3937, 3.0204 1.0352 0.0, 3.0204 1.0352 0.3937, 3.0389 1.0207 0.0, 3.0389 1.0207 0.3937, 3.059 1.0085 0.0, 3.059 1.0085 0.3937, 3.0805 0.9989 0.0, 3.0805 0.9989 0.3937, 3.103 0.9919 0.0, 3.103 0.9919 0.3937, 3.1261 0.9876 0.0, 3.1261 0.9876 0.3937, 3.1496 0.2362 0.3937, 3.1496 0.2362 0.0, 3.1291 0.2376 0.3937, 3.1291 0.2376 0.0, 3.1088 0.2416 0.3937, 3.1088 0.2416 0.0, 3.0893 0.2482 0.3937, 3.0893 0.2482 0.0, 3.0709 0.2573 0.3937, 3.0709 0.2573 0.0, 3.0537 0.2688 0.3937, 3.0537 0.2688 0.0, 3.0383 0.2823 0.3937, 3.0383 0.2823 0.0, 3.0247 0.2978 0.3937, 3.0247 0.2978 0.0, 3.0132 0.315 0.3937, 3.0132 0.315 0.0, 3.0041 0.3334 0.3937, 3.0041 0.3334 0.0, 2.9975 0.3529 0.3937, 2.9975 0.3529 0.0, 2.9935 0.3731 0.3937, 2.9935 0.3731 0.0, 2.9921 0.3937 0.3937, 2.9921 0.3937 0.0, 2.9935 0.4143 0.3937, 2.9935 0.4143 0.0, 2.9975 0.4345 0.3937, 2.9975 0.4345 0.0, 3.0041 0.454 0.3937, 3.0041 0.454 0.0, 3.0132 0.4724 0.3937, 3.0132 0.4724 0.0, 3.0247 0.4896 0.3937, 3.0247 0.4896 0.0, 3.0383 0.5051 0.3937, 3.0383 0.5051 0.0, 3.0537 0.5186 0.3937, 3.0537 0.5186 0.0, 3.0709 0.5301 0.3937, 3.0709 0.5301 0.0, 3.0893 0.5392 0.3937, 3.0893 0.5392 0.0, 3.1088 0.5458 0.3937, 3.1088 0.5458 0.0, 3.1291 0.5498 0.3937, 3.1291 0.5498 0.0, 3.1496 0.5512 0.3937, 3.1496 0.5512 0.0, 3.1496 0.1988 0.3937, 3.1496 0.1988 0.0, 3.1496 0.5886 0.3937, 3.1496 0.5886 0.0, 3.1261 0.5872 0.0, 3.1261 0.5872 0.3937, 3.103 0.5829 0.0, 3.103 0.5829 0.3937, 3.0805 0.5759 0.0, 3.0805 0.5759 0.3937, 3.059 0.5663 0.0, 3.059 0.5663 0.3937, 3.0389 0.5541 0.0, 3.0389 0.5541 0.3937, 3.0204 0.5396 0.0, 3.0204 0.5396 0.3937, 3.0037 0.5229 0.0, 3.0037 0.5229 0.3937, 2.9892 0.5044 0.0, 2.9892 0.5044 0.3937, 2.977 0.4843 0.0, 2.977 0.4843 0.3937, 2.9674 0.4628 0.0, 2.9674 0.4628 0.3937, 2.9604 0.4403 0.0, 2.9604 0.4403 0.3937, 2.9561 0.4172 0.0, 2.9561 0.4172 0.3937, 2.9547 0.3937 0.0, 2.9547 0.3937 0.3937, 2.9561 0.3702 0.0, 2.9561 0.3702 0.3937, 2.9604 0.3471 0.0, 2.9604 0.3471 0.3937, 2.9674 0.3246 0.0, 2.9674 0.3246 0.3937, 2.977 0.3031 0.0, 2.977 0.3031 0.3937, 2.9892 0.283 0.0, 2.9892 0.283 0.3937, 3.0037 0.2645 0.0, 3.0037 0.2645 0.3937, 3.0204 0.2478 0.0, 3.0204 0.2478 0.3937, 3.0389 0.2333 0.0, 3.0389 0.2333 0.3937, 3.059 0.2211 0.0, 3.059 0.2211 0.3937, 3.0805 0.2115 0.0, 3.0805 0.2115 0.3937, 3.103 0.2045 0.0, 3.103 0.2045 0.3937, 3.1261 0.2002 0.0, 3.1261 0.2002 0.3937, 3.1496 -0.5512 0.3937, 3.1496 -0.5512 0.0, 3.1291 -0.5498 0.3937, 3.1291 -0.5498 0.0, 3.1088 -0.5458 0.3937, 3.1088 -0.5458 0.0, 3.0893 -0.5392 0.3937, 3.0893 -0.5392 0.0, 3.0709 -0.5301 0.3937, 3.0709 -0.5301 0.0, 3.0537 -0.5186 0.3937, 3.0537 -0.5186 0.0, 3.0383 -0.5051 0.3937, 3.0383 -0.5051 0.0, 3.0247 -0.4896 0.3937, 3.0247 -0.4896 0.0, 3.0132 -0.4724 0.3937, 3.0132 -0.4724 0.0, 3.0041 -0.454 0.3937, 3.0041 -0.454 0.0, 2.9975 -0.4345 0.3937, 2.9975 -0.4345 0.0, 2.9935 -0.4143 0.3937, 2.9935 -0.4143 0.0, 2.9921 -0.3937 0.3937, 2.9921 -0.3937 0.0, 2.9935 -0.3731 0.3937, 2.9935 -0.3731 0.0, 2.9975 -0.3529 0.3937, 2.9975 -0.3529 0.0, 3.0041 -0.3334 0.3937, 3.0041 -0.3334 0.0, 3.0132 -0.315 0.3937, 3.0132 -0.315 0.0, 3.0247 -0.2978 0.3937, 3.0247 -0.2978 0.0, 3.0383 -0.2823 0.3937, 3.0383 -0.2823 0.0, 3.0537 -0.2688 0.3937, 3.0537 -0.2688 0.0, 3.0709 -0.2573 0.3937, 3.0709 -0.2573 0.0, 3.0893 -0.2482 0.3937, 3.0893 -0.2482 0.0, 3.1088 -0.2416 0.3937, 3.1088 -0.2416 0.0, 3.1291 -0.2376 0.3937, 3.1291 -0.2376 0.0, 3.1496 -0.2362 0.3937, 3.1496 -0.2362 0.0, 3.1496 -0.5886 0.3937, 3.1496 -0.5886 0.0, 3.1496 -0.1988 0.3937, 3.1496 -0.1988 0.0, 3.1261 -0.2002 0.0, 3.1261 -0.2002 0.3937, 3.103 -0.2045 0.0, 3.103 -0.2045 0.3937, 3.0805 -0.2115 0.0, 3.0805 -0.2115 0.3937, 3.059 -0.2211 0.0, 3.059 -0.2211 0.3937, 3.0389 -0.2333 0.0, 3.0389 -0.2333 0.3937, 3.0204 -0.2478 0.0, 3.0204 -0.2478 0.3937, 3.0037 -0.2645 0.0, 3.0037 -0.2645 0.3937, 2.9892 -0.283 0.0, 2.9892 -0.283 0.3937, 2.977 -0.3031 0.0, 2.977 -0.3031 0.3937, 2.9674 -0.3246 0.0, 2.9674 -0.3246 0.3937, 2.9604 -0.3471 0.0, 2.9604 -0.3471 0.3937, 2.9561 -0.3702 0.0, 2.9561 -0.3702 0.3937, 2.9547 -0.3937 0.0, 2.9547 -0.3937 0.3937, 2.9561 -0.4172 0.0, 2.9561 -0.4172 0.3937, 2.9604 -0.4403 0.0, 2.9604 -0.4403 0.3937, 2.9674 -0.4628 0.0, 2.9674 -0.4628 0.3937, 2.977 -0.4843 0.0, 2.977 -0.4843 0.3937, 2.9892 -0.5044 0.0, 2.9892 -0.5044 0.3937, 3.0037 -0.5229 0.0, 3.0037 -0.5229 0.3937, 3.0204 -0.5396 0.0, 3.0204 -0.5396 0.3937, 3.0389 -0.5541 0.0, 3.0389 -0.5541 0.3937, 3.059 -0.5663 0.0, 3.059 -0.5663 0.3937, 3.0805 -0.5759 0.0, 3.0805 -0.5759 0.3937, 3.103 -0.5829 0.0, 3.103 -0.5829 0.3937, 3.1261 -0.5872 0.0, 3.1261 -0.5872 0.3937, 3.1496 -1.3386 0.3937, 3.1496 -1.3386 0.0, 3.1291 -1.3372 0.3937, 3.1291 -1.3372 0.0, 3.1088 -1.3332 0.3937, 3.1088 -1.3332 0.0, 3.0893 -1.3266 0.3937, 3.0893 -1.3266 0.0, 3.0709 -1.3175 0.3937, 3.0709 -1.3175 0.0, 3.0537 -1.306 0.3937, 3.0537 -1.306 0.0, 3.0383 -1.2925 0.3937, 3.0383 -1.2925 0.0, 3.0247 -1.277 0.3937, 3.0247 -1.277 0.0, 3.0132 -1.2598 0.3937, 3.0132 -1.2598 0.0, 3.0041 -1.2414 0.3937, 3.0041 -1.2414 0.0, 2.9975 -1.2219 0.3937, 2.9975 -1.2219 0.0, 2.9935 -1.2017 0.3937, 2.9935 -1.2017 0.0, 2.9921 -1.1811 0.3937, 2.9921 -1.1811 0.0, 2.9935 -1.1605 0.3937, 2.9935 -1.1605 0.0, 2.9975 -1.1403 0.3937, 2.9975 -1.1403 0.0, 3.0041 -1.1208 0.3937, 3.0041 -1.1208 0.0, 3.0132 -1.1024 0.3937, 3.0132 -1.1024 0.0, 3.0247 -1.0852 0.3937, 3.0247 -1.0852 0.0, 3.0383 -1.0697 0.3937, 3.0383 -1.0697 0.0, 3.0537 -1.0562 0.3937, 3.0537 -1.0562 0.0, 3.0709 -1.0447 0.3937, 3.0709 -1.0447 0.0, 3.0893 -1.0356 0.3937, 3.0893 -1.0356 0.0, 3.1088 -1.029 0.3937, 3.1088 -1.029 0.0, 3.1291 -1.025 0.3937, 3.1291 -1.025 0.0, 3.1496 -1.0236 0.3937, 3.1496 -1.0236 0.0, 3.1496 -1.376 0.3937, 3.1496 -1.376 0.0, 3.1496 -0.9862 0.3937, 3.1496 -0.9862 0.0, 3.1261 -0.9876 0.0, 3.1261 -0.9876 0.3937, 3.103 -0.9919 0.0, 3.103 -0.9919 0.3937, 3.0805 -0.9989 0.0, 3.0805 -0.9989 0.3937, 3.059 -1.0085 0.0, 3.059 -1.0085 0.3937, 3.0389 -1.0207 0.0, 3.0389 -1.0207 0.3937, 3.0204 -1.0352 0.0, 3.0204 -1.0352 0.3937, 3.0037 -1.0519 0.0, 3.0037 -1.0519 0.3937, 2.9892 -1.0704 0.0, 2.9892 -1.0704 0.3937, 2.977 -1.0905 0.0, 2.977 -1.0905 0.3937, 2.9674 -1.112 0.0, 2.9674 -1.112 0.3937, 2.9604 -1.1345 0.0, 2.9604 -1.1345 0.3937, 2.9561 -1.1576 0.0, 2.9561 -1.1576 0.3937, 2.9547 -1.1811 0.0, 2.9547 -1.1811 0.3937, 2.9561 -1.2046 0.0, 2.9561 -1.2046 0.3937, 2.9604 -1.2277 0.0, 2.9604 -1.2277 0.3937, 2.9674 -1.2502 0.0, 2.9674 -1.2502 0.3937, 2.977 -1.2717 0.0, 2.977 -1.2717 0.3937, 2.9892 -1.2918 0.0, 2.9892 -1.2918 0.3937, 3.0037 -1.3103 0.0, 3.0037 -1.3103 0.3937, 3.0204 -1.327 0.0, 3.0204 -1.327 0.3937, 3.0389 -1.3415 0.0, 3.0389 -1.3415 0.3937, 3.059 -1.3537 0.0, 3.059 -1.3537 0.3937, 3.0805 -1.3633 0.0, 3.0805 -1.3633 0.3937, 3.103 -1.3703 0.0, 3.103 -1.3703 0.3937, 3.1261 -1.3746 0.0, 3.1261 -1.3746 0.3937, 3.1496 -2.126 0.3937, 3.1496 -2.126 0.0, 3.1291 -2.1246 0.3937, 3.1291 -2.1246 0.0, 3.1088 -2.1206 0.3937, 3.1088 -2.1206 0.0, 3.0893 -2.114 0.3937, 3.0893 -2.114 0.0, 3.0709 -2.1049 0.3937, 3.0709 -2.1049 0.0, 3.0537 -2.0934 0.3937, 3.0537 -2.0934 0.0, 3.0383 -2.0799 0.3937, 3.0383 -2.0799 0.0, 3.0247 -2.0644 0.3937, 3.0247 -2.0644 0.0, 3.0132 -2.0472 0.3937, 3.0132 -2.0472 0.0, 3.0041 -2.0288 0.3937, 3.0041 -2.0288 0.0, 2.9975 -2.0093 0.3937, 2.9975 -2.0093 0.0, 2.9935 -1.9891 0.3937, 2.9935 -1.9891 0.0, 2.9921 -1.9685 0.3937, 2.9921 -1.9685 0.0, 2.9935 -1.9479 0.3937, 2.9935 -1.9479 0.0, 2.9975 -1.9277 0.3937, 2.9975 -1.9277 0.0, 3.0041 -1.9082 0.3937, 3.0041 -1.9082 0.0, 3.0132 -1.8898 0.3937, 3.0132 -1.8898 0.0, 3.0247 -1.8726 0.3937, 3.0247 -1.8726 0.0, 3.0383 -1.8571 0.3937, 3.0383 -1.8571 0.0, 3.0537 -1.8436 0.3937, 3.0537 -1.8436 0.0, 3.0709 -1.8321 0.3937, 3.0709 -1.8321 0.0, 3.0893 -1.823 0.3937, 3.0893 -1.823 0.0, 3.1088 -1.8164 0.3937, 3.1088 -1.8164 0.0, 3.1291 -1.8124 0.3937, 3.1291 -1.8124 0.0, 3.1496 -1.811 0.3937, 3.1496 -1.811 0.0, 3.1496 -2.1634 0.3937, 3.1496 -2.1634 0.0, 3.1496 -1.7736 0.3937, 3.1496 -1.7736 0.0, 3.1261 -1.775 0.0, 3.1261 -1.775 0.3937, 3.103 -1.7793 0.0, 3.103 -1.7793 0.3937, 3.0805 -1.7863 0.0, 3.0805 -1.7863 0.3937, 3.059 -1.7959 0.0, 3.059 -1.7959 0.3937, 3.0389 -1.8081 0.0, 3.0389 -1.8081 0.3937, 3.0204 -1.8226 0.0, 3.0204 -1.8226 0.3937, 3.0037 -1.8393 0.0, 3.0037 -1.8393 0.3937, 2.9892 -1.8578 0.0, 2.9892 -1.8578 0.3937, 2.977 -1.8779 0.0, 2.977 -1.8779 0.3937, 2.9674 -1.8994 0.0, 2.9674 -1.8994 0.3937, 2.9604 -1.9219 0.0, 2.9604 -1.9219 0.3937, 2.9561 -1.945 0.0, 2.9561 -1.945 0.3937, 2.9547 -1.9685 0.0, 2.9547 -1.9685 0.3937, 2.9561 -1.992 0.0, 2.9561 -1.992 0.3937, 2.9604 -2.0151 0.0, 2.9604 -2.0151 0.3937, 2.9674 -2.0376 0.0, 2.9674 -2.0376 0.3937, 2.977 -2.0591 0.0, 2.977 -2.0591 0.3937, 2.9892 -2.0792 0.0, 2.9892 -2.0792 0.3937, 3.0037 -2.0977 0.0, 3.0037 -2.0977 0.3937, 3.0204 -2.1144 0.0, 3.0204 -2.1144 0.3937, 3.0389 -2.1289 0.0, 3.0389 -2.1289 0.3937, 3.059 -2.1411 0.0, 3.059 -2.1411 0.3937, 3.0805 -2.1507 0.0, 3.0805 -2.1507 0.3937, 3.103 -2.1577 0.0, 3.103 -2.1577 0.3937, 3.1261 -2.162 0.0, 3.1261 -2.162 0.3937, 3.1496 -2.9134 0.3937, 3.1496 -2.9134 0.0, 3.1291 -2.912 0.3937, 3.1291 -2.912 0.0, 3.1088 -2.908 0.3937, 3.1088 -2.908 0.0, 3.0893 -2.9014 0.3937, 3.0893 -2.9014 0.0, 3.0709 -2.8923 0.3937, 3.0709 -2.8923 0.0, 3.0537 -2.8808 0.3937, 3.0537 -2.8808 0.0, 3.0383 -2.8673 0.3937, 3.0383 -2.8673 0.0, 3.0247 -2.8518 0.3937, 3.0247 -2.8518 0.0, 3.0132 -2.8346 0.3937, 3.0132 -2.8346 0.0, 3.0041 -2.8162 0.3937, 3.0041 -2.8162 0.0, 2.9975 -2.7967 0.3937, 2.9975 -2.7967 0.0, 2.9935 -2.7765 0.3937, 2.9935 -2.7765 0.0, 2.9921 -2.7559 0.3937, 2.9921 -2.7559 0.0, 2.9935 -2.7353 0.3937, 2.9935 -2.7353 0.0, 2.9975 -2.7151 0.3937, 2.9975 -2.7151 0.0, 3.0041 -2.6956 0.3937, 3.0041 -2.6956 0.0, 3.0132 -2.6772 0.3937, 3.0132 -2.6772 0.0, 3.0247 -2.66 0.3937, 3.0247 -2.66 0.0, 3.0383 -2.6446 0.3937, 3.0383 -2.6446 0.0, 3.0537 -2.631 0.3937, 3.0537 -2.631 0.0, 3.0709 -2.6195 0.3937, 3.0709 -2.6195 0.0, 3.0893 -2.6104 0.3937, 3.0893 -2.6104 0.0, 3.1088 -2.6038 0.3937, 3.1088 -2.6038 0.0, 3.1291 -2.5998 0.3937, 3.1291 -2.5998 0.0, 3.1496 -2.5984 0.3937, 3.1496 -2.5984 0.0, 3.1496 -2.9508 0.3937, 3.1496 -2.9508 0.0, 3.1496 -2.561 0.3937, 3.1496 -2.561 0.0, 3.1261 -2.5624 0.0, 3.1261 -2.5624 0.3937, 3.103 -2.5667 0.0, 3.103 -2.5667 0.3937, 3.0805 -2.5737 0.0, 3.0805 -2.5737 0.3937, 3.059 -2.5833 0.0, 3.059 -2.5833 0.3937, 3.0389 -2.5955 0.0, 3.0389 -2.5955 0.3937, 3.0204 -2.61 0.0, 3.0204 -2.61 0.3937, 3.0037 -2.6267 0.0, 3.0037 -2.6267 0.3937, 2.9892 -2.6452 0.0, 2.9892 -2.6452 0.3937, 2.977 -2.6653 0.0, 2.977 -2.6653 0.3937, 2.9674 -2.6868 0.0, 2.9674 -2.6868 0.3937, 2.9604 -2.7093 0.0, 2.9604 -2.7093 0.3937, 2.9561 -2.7324 0.0, 2.9561 -2.7324 0.3937, 2.9547 -2.7559 0.0, 2.9547 -2.7559 0.3937, 2.9561 -2.7794 0.0, 2.9561 -2.7794 0.3937, 2.9604 -2.8025 0.0, 2.9604 -2.8025 0.3937, 2.9674 -2.825 0.0, 2.9674 -2.825 0.3937, 2.977 -2.8465 0.0, 2.977 -2.8465 0.3937, 2.9892 -2.8666 0.0, 2.9892 -2.8666 0.3937, 3.0037 -2.8851 0.0, 3.0037 -2.8851 0.3937, 3.0204 -2.9018 0.0, 3.0204 -2.9018 0.3937, 3.0389 -2.9163 0.0, 3.0389 -2.9163 0.3937, 3.059 -2.9285 0.0, 3.059 -2.9285 0.3937, 3.0805 -2.9381 0.0, 3.0805 -2.9381 0.3937, 3.103 -2.9451 0.0, 3.103 -2.9451 0.3937, 3.1261 -2.9494 0.0, 3.1261 -2.9494 0.3937, -3.1496 2.126 0.3937, -3.1496 2.126 0.0, -3.1291 2.1246 0.3937, -3.1291 2.1246 0.0, -3.1088 2.1206 0.3937, -3.1088 2.1206 0.0, -3.0893 2.114 0.3937, -3.0893 2.114 0.0, -3.0709 2.1049 0.3937, -3.0709 2.1049 0.0, -3.0537 2.0934 0.3937, -3.0537 2.0934 0.0, -3.0383 2.0799 0.3937, -3.0383 2.0799 0.0, -3.0247 2.0644 0.3937, -3.0247 2.0644 0.0, -3.0132 2.0472 0.3937, -3.0132 2.0472 0.0, -3.0041 2.0288 0.3937, -3.0041 2.0288 0.0, -2.9975 2.0093 0.3937, -2.9975 2.0093 0.0, -2.9935 1.9891 0.3937, -2.9935 1.9891 0.0, -2.9921 1.9685 0.3937, -2.9921 1.9685 0.0, -2.9935 1.9479 0.3937, -2.9935 1.9479 0.0, -2.9975 1.9277 0.3937, -2.9975 1.9277 0.0, -3.0041 1.9082 0.3937, -3.0041 1.9082 0.0, -3.0132 1.8898 0.3937, -3.0132 1.8898 0.0, -3.0247 1.8726 0.3937, -3.0247 1.8726 0.0, -3.0383 1.8571 0.3937, -3.0383 1.8571 0.0, -3.0537 1.8436 0.3937, -3.0537 1.8436 0.0, -3.0709 1.8321 0.3937, -3.0709 1.8321 0.0, -3.0893 1.823 0.3937, -3.0893 1.823 0.0, -3.1088 1.8164 0.3937, -3.1088 1.8164 0.0, -3.1291 1.8124 0.3937, -3.1291 1.8124 0.0, -3.1496 1.811 0.3937, -3.1496 1.811 0.0, -3.1496 1.7736 0.3937, -3.1496 1.7736 0.0, -3.1261 1.775 0.0, -3.1261 1.775 0.3937, -3.103 1.7793 0.0, -3.103 1.7793 0.3937, -3.0805 1.7863 0.0, -3.0805 1.7863 0.3937, -3.059 1.7959 0.0, -3.059 1.7959 0.3937, -3.0389 1.8081 0.0, -3.0389 1.8081 0.3937, -3.0204 1.8226 0.0, -3.0204 1.8226 0.3937, -3.0037 1.8393 0.0, -3.0037 1.8393 0.3937, -2.9892 1.8578 0.0, -2.9892 1.8578 0.3937, -2.977 1.8779 0.0, -2.977 1.8779 0.3937, -2.9674 1.8994 0.0, -2.9674 1.8994 0.3937, -2.9604 1.9219 0.0, -2.9604 1.9219 0.3937, -2.9561 1.945 0.0, -2.9561 1.945 0.3937, -2.9547 1.9685 0.0, -2.9547 1.9685 0.3937, -2.9561 1.992 0.0, -2.9561 1.992 0.3937, -2.9604 2.0151 0.0, -2.9604 2.0151 0.3937, -2.9674 2.0376 0.0, -2.9674 2.0376 0.3937, -2.977 2.0591 0.0, -2.977 2.0591 0.3937, -2.9892 2.0792 0.0, -2.9892 2.0792 0.3937, -3.0037 2.0977 0.0, -3.0037 2.0977 0.3937, -3.0204 2.1144 0.0, -3.0204 2.1144 0.3937, -3.0389 2.1289 0.0, -3.0389 2.1289 0.3937, -3.059 2.1411 0.0, -3.059 2.1411 0.3937, -3.0805 2.1507 0.0, -3.0805 2.1507 0.3937, -3.103 2.1577 0.0, -3.103 2.1577 0.3937, -3.1261 2.162 0.0, -3.1261 2.162 0.3937, -3.1496 2.1634 0.0, -3.1496 2.1634 0.3937, -3.1496 1.3386 0.3937, -3.1496 1.3386 0.0, -3.1291 1.3372 0.3937, -3.1291 1.3372 0.0, -3.1088 1.3332 0.3937, -3.1088 1.3332 0.0, -3.0893 1.3266 0.3937, -3.0893 1.3266 0.0, -3.0709 1.3175 0.3937, -3.0709 1.3175 0.0, -3.0537 1.306 0.3937, -3.0537 1.306 0.0, -3.0383 1.2925 0.3937, -3.0383 1.2925 0.0, -3.0247 1.277 0.3937, -3.0247 1.277 0.0, -3.0132 1.2598 0.3937, -3.0132 1.2598 0.0, -3.0041 1.2414 0.3937, -3.0041 1.2414 0.0, -2.9975 1.2219 0.3937, -2.9975 1.2219 0.0, -2.9935 1.2017 0.3937, -2.9935 1.2017 0.0, -2.9921 1.1811 0.3937, -2.9921 1.1811 0.0, -2.9935 1.1605 0.3937, -2.9935 1.1605 0.0, -2.9975 1.1403 0.3937, -2.9975 1.1403 0.0, -3.0041 1.1208 0.3937, -3.0041 1.1208 0.0, -3.0132 1.1024 0.3937, -3.0132 1.1024 0.0, -3.0247 1.0852 0.3937, -3.0247 1.0852 0.0, -3.0383 1.0697 0.3937, -3.0383 1.0697 0.0, -3.0537 1.0562 0.3937, -3.0537 1.0562 0.0, -3.0709 1.0447 0.3937, -3.0709 1.0447 0.0, -3.0893 1.0356 0.3937, -3.0893 1.0356 0.0, -3.1088 1.029 0.3937, -3.1088 1.029 0.0, -3.1291 1.025 0.3937, -3.1291 1.025 0.0, -3.1496 1.0236 0.3937, -3.1496 1.0236 0.0, -3.1496 0.9862 0.3937, -3.1496 0.9862 0.0, -3.1261 0.9876 0.0, -3.1261 0.9876 0.3937, -3.103 0.9919 0.0, -3.103 0.9919 0.3937, -3.0805 0.9989 0.0, -3.0805 0.9989 0.3937, -3.059 1.0085 0.0, -3.059 1.0085 0.3937, -3.0389 1.0207 0.0, -3.0389 1.0207 0.3937, -3.0204 1.0352 0.0, -3.0204 1.0352 0.3937, -3.0037 1.0519 0.0, -3.0037 1.0519 0.3937, -2.9892 1.0704 0.0, -2.9892 1.0704 0.3937, -2.977 1.0905 0.0, -2.977 1.0905 0.3937, -2.9674 1.112 0.0, -2.9674 1.112 0.3937, -2.9604 1.1345 0.0, -2.9604 1.1345 0.3937, -2.9561 1.1576 0.0, -2.9561 1.1576 0.3937, -2.9547 1.1811 0.0, -2.9547 1.1811 0.3937, -2.9561 1.2046 0.0, -2.9561 1.2046 0.3937, -2.9604 1.2277 0.0, -2.9604 1.2277 0.3937, -2.9674 1.2502 0.0, -2.9674 1.2502 0.3937, -2.977 1.2717 0.0, -2.977 1.2717 0.3937, -2.9892 1.2918 0.0, -2.9892 1.2918 0.3937, -3.0037 1.3103 0.0, -3.0037 1.3103 0.3937, -3.0204 1.327 0.0, -3.0204 1.327 0.3937, -3.0389 1.3415 0.0, -3.0389 1.3415 0.3937, -3.059 1.3537 0.0, -3.059 1.3537 0.3937, -3.0805 1.3633 0.0, -3.0805 1.3633 0.3937, -3.103 1.3703 0.0, -3.103 1.3703 0.3937, -3.1261 1.3746 0.0, -3.1261 1.3746 0.3937, -3.1496 1.376 0.0, -3.1496 1.376 0.3937, -3.1496 0.5512 0.3937, -3.1496 0.5512 0.0, -3.1291 0.5498 0.3937, -3.1291 0.5498 0.0, -3.1088 0.5458 0.3937, -3.1088 0.5458 0.0, -3.0893 0.5392 0.3937, -3.0893 0.5392 0.0, -3.0709 0.5301 0.3937, -3.0709 0.5301 0.0, -3.0537 0.5186 0.3937, -3.0537 0.5186 0.0, -3.0383 0.5051 0.3937, -3.0383 0.5051 0.0, -3.0247 0.4896 0.3937, -3.0247 0.4896 0.0, -3.0132 0.4724 0.3937, -3.0132 0.4724 0.0, -3.0041 0.454 0.3937, -3.0041 0.454 0.0, -2.9975 0.4345 0.3937, -2.9975 0.4345 0.0, -2.9935 0.4143 0.3937, -2.9935 0.4143 0.0, -2.9921 0.3937 0.3937, -2.9921 0.3937 0.0, -2.9935 0.3731 0.3937, -2.9935 0.3731 0.0, -2.9975 0.3529 0.3937, -2.9975 0.3529 0.0, -3.0041 0.3334 0.3937, -3.0041 0.3334 0.0, -3.0132 0.315 0.3937, -3.0132 0.315 0.0, -3.0247 0.2978 0.3937, -3.0247 0.2978 0.0, -3.0383 0.2823 0.3937, -3.0383 0.2823 0.0, -3.0537 0.2688 0.3937, -3.0537 0.2688 0.0, -3.0709 0.2573 0.3937, -3.0709 0.2573 0.0, -3.0893 0.2482 0.3937, -3.0893 0.2482 0.0, -3.1088 0.2416 0.3937, -3.1088 0.2416 0.0, -3.1291 0.2376 0.3937, -3.1291 0.2376 0.0, -3.1496 0.2362 0.3937, -3.1496 0.2362 0.0, -3.1496 0.1988 0.3937, -3.1496 0.1988 0.0, -3.1261 0.2002 0.0, -3.1261 0.2002 0.3937, -3.103 0.2045 0.0, -3.103 0.2045 0.3937, -3.0805 0.2115 0.0, -3.0805 0.2115 0.3937, -3.059 0.2211 0.0, -3.059 0.2211 0.3937, -3.0389 0.2333 0.0, -3.0389 0.2333 0.3937, -3.0204 0.2478 0.0, -3.0204 0.2478 0.3937, -3.0037 0.2645 0.0, -3.0037 0.2645 0.3937, -2.9892 0.283 0.0, -2.9892 0.283 0.3937, -2.977 0.3031 0.0, -2.977 0.3031 0.3937, -2.9674 0.3246 0.0, -2.9674 0.3246 0.3937, -2.9604 0.3471 0.0, -2.9604 0.3471 0.3937, -2.9561 0.3702 0.0, -2.9561 0.3702 0.3937, -2.9547 0.3937 0.0, -2.9547 0.3937 0.3937, -2.9561 0.4172 0.0, -2.9561 0.4172 0.3937, -2.9604 0.4403 0.0, -2.9604 0.4403 0.3937, -2.9674 0.4628 0.0, -2.9674 0.4628 0.3937, -2.977 0.4843 0.0, -2.977 0.4843 0.3937, -2.9892 0.5044 0.0, -2.9892 0.5044 0.3937, -3.0037 0.5229 0.0, -3.0037 0.5229 0.3937, -3.0204 0.5396 0.0, -3.0204 0.5396 0.3937, -3.0389 0.5541 0.0, -3.0389 0.5541 0.3937, -3.059 0.5663 0.0, -3.059 0.5663 0.3937, -3.0805 0.5759 0.0, -3.0805 0.5759 0.3937, -3.103 0.5829 0.0, -3.103 0.5829 0.3937, -3.1261 0.5872 0.0, -3.1261 0.5872 0.3937, -3.1496 0.5886 0.0, -3.1496 0.5886 0.3937, -3.1496 -0.2362 0.3937, -3.1496 -0.2362 0.0, -3.1291 -0.2376 0.3937, -3.1291 -0.2376 0.0, -3.1088 -0.2416 0.3937, -3.1088 -0.2416 0.0, -3.0893 -0.2482 0.3937, -3.0893 -0.2482 0.0, -3.0709 -0.2573 0.3937, -3.0709 -0.2573 0.0, -3.0537 -0.2688 0.3937, -3.0537 -0.2688 0.0, -3.0383 -0.2823 0.3937, -3.0383 -0.2823 0.0, -3.0247 -0.2978 0.3937, -3.0247 -0.2978 0.0, -3.0132 -0.315 0.3937, -3.0132 -0.315 0.0, -3.0041 -0.3334 0.3937, -3.0041 -0.3334 0.0, -2.9975 -0.3529 0.3937, -2.9975 -0.3529 0.0, -2.9935 -0.3731 0.3937, -2.9935 -0.3731 0.0, -2.9921 -0.3937 0.3937, -2.9921 -0.3937 0.0, -2.9935 -0.4143 0.3937, -2.9935 -0.4143 0.0, -2.9975 -0.4345 0.3937, -2.9975 -0.4345 0.0, -3.0041 -0.454 0.3937, -3.0041 -0.454 0.0, -3.0132 -0.4724 0.3937, -3.0132 -0.4724 0.0, -3.0247 -0.4896 0.3937, -3.0247 -0.4896 0.0, -3.0383 -0.5051 0.3937, -3.0383 -0.5051 0.0, -3.0537 -0.5186 0.3937, -3.0537 -0.5186 0.0, -3.0709 -0.5301 0.3937, -3.0709 -0.5301 0.0, -3.0893 -0.5392 0.3937, -3.0893 -0.5392 0.0, -3.1088 -0.5458 0.3937, -3.1088 -0.5458 0.0, -3.1291 -0.5498 0.3937, -3.1291 -0.5498 0.0, -3.1496 -0.5512 0.3937, -3.1496 -0.5512 0.0, -3.1496 -0.5886 0.3937, -3.1496 -0.5886 0.0, -3.1261 -0.5872 0.0, -3.1261 -0.5872 0.3937, -3.103 -0.5829 0.0, -3.103 -0.5829 0.3937, -3.0805 -0.5759 0.0, -3.0805 -0.5759 0.3937, -3.059 -0.5663 0.0, -3.059 -0.5663 0.3937, -3.0389 -0.5541 0.0, -3.0389 -0.5541 0.3937, -3.0204 -0.5396 0.0, -3.0204 -0.5396 0.3937, -3.0037 -0.5229 0.0, -3.0037 -0.5229 0.3937, -2.9892 -0.5044 0.0, -2.9892 -0.5044 0.3937, -2.977 -0.4843 0.0, -2.977 -0.4843 0.3937, -2.9674 -0.4628 0.0, -2.9674 -0.4628 0.3937, -2.9604 -0.4403 0.0, -2.9604 -0.4403 0.3937, -2.9561 -0.4172 0.0, -2.9561 -0.4172 0.3937, -2.9547 -0.3937 0.0, -2.9547 -0.3937 0.3937, -2.9561 -0.3702 0.0, -2.9561 -0.3702 0.3937, -2.9604 -0.3471 0.0, -2.9604 -0.3471 0.3937, -2.9674 -0.3246 0.0, -2.9674 -0.3246 0.3937, -2.977 -0.3031 0.0, -2.977 -0.3031 0.3937, -2.9892 -0.283 0.0, -2.9892 -0.283 0.3937, -3.0037 -0.2645 0.0, -3.0037 -0.2645 0.3937, -3.0204 -0.2478 0.0, -3.0204 -0.2478 0.3937, -3.0389 -0.2333 0.0, -3.0389 -0.2333 0.3937, -3.059 -0.2211 0.0, -3.059 -0.2211 0.3937, -3.0805 -0.2115 0.0, -3.0805 -0.2115 0.3937, -3.103 -0.2045 0.0, -3.103 -0.2045 0.3937, -3.1261 -0.2002 0.0, -3.1261 -0.2002 0.3937, -3.1496 -0.1988 0.0, -3.1496 -0.1988 0.3937, -3.1496 -1.0236 0.3937, -3.1496 -1.0236 0.0, -3.1291 -1.025 0.3937, -3.1291 -1.025 0.0, -3.1088 -1.029 0.3937, -3.1088 -1.029 0.0, -3.0893 -1.0356 0.3937, -3.0893 -1.0356 0.0, -3.0709 -1.0447 0.3937, -3.0709 -1.0447 0.0, -3.0537 -1.0562 0.3937, -3.0537 -1.0562 0.0, -3.0383 -1.0697 0.3937, -3.0383 -1.0697 0.0, -3.0247 -1.0852 0.3937, -3.0247 -1.0852 0.0, -3.0132 -1.1024 0.3937, -3.0132 -1.1024 0.0, -3.0041 -1.1208 0.3937, -3.0041 -1.1208 0.0, -2.9975 -1.1403 0.3937, -2.9975 -1.1403 0.0, -2.9935 -1.1605 0.3937, -2.9935 -1.1605 0.0, -2.9921 -1.1811 0.3937, -2.9921 -1.1811 0.0, -2.9935 -1.2017 0.3937, -2.9935 -1.2017 0.0, -2.9975 -1.2219 0.3937, -2.9975 -1.2219 0.0, -3.0041 -1.2414 0.3937, -3.0041 -1.2414 0.0, -3.0132 -1.2598 0.3937, -3.0132 -1.2598 0.0, -3.0247 -1.277 0.3937, -3.0247 -1.277 0.0, -3.0383 -1.2925 0.3937, -3.0383 -1.2925 0.0, -3.0537 -1.306 0.3937, -3.0537 -1.306 0.0, -3.0709 -1.3175 0.3937, -3.0709 -1.3175 0.0, -3.0893 -1.3266 0.3937, -3.0893 -1.3266 0.0, -3.1088 -1.3332 0.3937, -3.1088 -1.3332 0.0, -3.1291 -1.3372 0.3937, -3.1291 -1.3372 0.0, -3.1496 -1.3386 0.3937, -3.1496 -1.3386 0.0, -3.1496 -1.376 0.3937, -3.1496 -1.376 0.0, -3.1261 -1.3746 0.0, -3.1261 -1.3746 0.3937, -3.103 -1.3703 0.0, -3.103 -1.3703 0.3937, -3.0805 -1.3633 0.0, -3.0805 -1.3633 0.3937, -3.059 -1.3537 0.0, -3.059 -1.3537 0.3937, -3.0389 -1.3415 0.0, -3.0389 -1.3415 0.3937, -3.0204 -1.327 0.0, -3.0204 -1.327 0.3937, -3.0037 -1.3103 0.0, -3.0037 -1.3103 0.3937, -2.9892 -1.2918 0.0, -2.9892 -1.2918 0.3937, -2.977 -1.2717 0.0, -2.977 -1.2717 0.3937, -2.9674 -1.2502 0.0, -2.9674 -1.2502 0.3937, -2.9604 -1.2277 0.0, -2.9604 -1.2277 0.3937, -2.9561 -1.2046 0.0, -2.9561 -1.2046 0.3937, -2.9547 -1.1811 0.0, -2.9547 -1.1811 0.3937, -2.9561 -1.1576 0.0, -2.9561 -1.1576 0.3937, -2.9604 -1.1345 0.0, -2.9604 -1.1345 0.3937, -2.9674 -1.112 0.0, -2.9674 -1.112 0.3937, -2.977 -1.0905 0.0, -2.977 -1.0905 0.3937, -2.9892 -1.0704 0.0, -2.9892 -1.0704 0.3937, -3.0037 -1.0519 0.0, -3.0037 -1.0519 0.3937, -3.0204 -1.0352 0.0, -3.0204 -1.0352 0.3937, -3.0389 -1.0207 0.0, -3.0389 -1.0207 0.3937, -3.059 -1.0085 0.0, -3.059 -1.0085 0.3937, -3.0805 -0.9989 0.0, -3.0805 -0.9989 0.3937, -3.103 -0.9919 0.0, -3.103 -0.9919 0.3937, -3.1261 -0.9876 0.0, -3.1261 -0.9876 0.3937, -3.1496 -0.9862 0.0, -3.1496 -0.9862 0.3937, -3.1496 -1.811 0.3937, -3.1496 -1.811 0.0, -3.1291 -1.8124 0.3937, -3.1291 -1.8124 0.0, -3.1088 -1.8164 0.3937, -3.1088 -1.8164 0.0, -3.0893 -1.823 0.3937, -3.0893 -1.823 0.0, -3.0709 -1.8321 0.3937, -3.0709 -1.8321 0.0, -3.0537 -1.8436 0.3937, -3.0537 -1.8436 0.0, -3.0383 -1.8571 0.3937, -3.0383 -1.8571 0.0, -3.0247 -1.8726 0.3937, -3.0247 -1.8726 0.0, -3.0132 -1.8898 0.3937, -3.0132 -1.8898 0.0, -3.0041 -1.9082 0.3937, -3.0041 -1.9082 0.0, -2.9975 -1.9277 0.3937, -2.9975 -1.9277 0.0, -2.9935 -1.9479 0.3937, -2.9935 -1.9479 0.0, -2.9921 -1.9685 0.3937, -2.9921 -1.9685 0.0, -2.9935 -1.9891 0.3937, -2.9935 -1.9891 0.0, -2.9975 -2.0093 0.3937, -2.9975 -2.0093 0.0, -3.0041 -2.0288 0.3937, -3.0041 -2.0288 0.0, -3.0132 -2.0472 0.3937, -3.0132 -2.0472 0.0, -3.0247 -2.0644 0.3937, -3.0247 -2.0644 0.0, -3.0383 -2.0799 0.3937, -3.0383 -2.0799 0.0, -3.0537 -2.0934 0.3937, -3.0537 -2.0934 0.0, -3.0709 -2.1049 0.3937, -3.0709 -2.1049 0.0, -3.0893 -2.114 0.3937, -3.0893 -2.114 0.0, -3.1088 -2.1206 0.3937, -3.1088 -2.1206 0.0, -3.1291 -2.1246 0.3937, -3.1291 -2.1246 0.0, -3.1496 -2.126 0.3937, -3.1496 -2.126 0.0, -3.1496 -2.1634 0.3937, -3.1496 -2.1634 0.0, -3.1261 -2.162 0.0, -3.1261 -2.162 0.3937, -3.103 -2.1577 0.0, -3.103 -2.1577 0.3937, -3.0805 -2.1507 0.0, -3.0805 -2.1507 0.3937, -3.059 -2.1411 0.0, -3.059 -2.1411 0.3937, -3.0389 -2.1289 0.0, -3.0389 -2.1289 0.3937, -3.0204 -2.1144 0.0, -3.0204 -2.1144 0.3937, -3.0037 -2.0977 0.0, -3.0037 -2.0977 0.3937, -2.9892 -2.0792 0.0, -2.9892 -2.0792 0.3937, -2.977 -2.0591 0.0, -2.977 -2.0591 0.3937, -2.9674 -2.0376 0.0, -2.9674 -2.0376 0.3937, -2.9604 -2.0151 0.0, -2.9604 -2.0151 0.3937, -2.9561 -1.992 0.0, -2.9561 -1.992 0.3937, -2.9547 -1.9685 0.0, -2.9547 -1.9685 0.3937, -2.9561 -1.945 0.0, -2.9561 -1.945 0.3937, -2.9604 -1.9219 0.0, -2.9604 -1.9219 0.3937, -2.9674 -1.8994 0.0, -2.9674 -1.8994 0.3937, -2.977 -1.8779 0.0, -2.977 -1.8779 0.3937, -2.9892 -1.8578 0.0, -2.9892 -1.8578 0.3937, -3.0037 -1.8393 0.0, -3.0037 -1.8393 0.3937, -3.0204 -1.8226 0.0, -3.0204 -1.8226 0.3937, -3.0389 -1.8081 0.0, -3.0389 -1.8081 0.3937, -3.059 -1.7959 0.0, -3.059 -1.7959 0.3937, -3.0805 -1.7863 0.0, -3.0805 -1.7863 0.3937, -3.103 -1.7793 0.0, -3.103 -1.7793 0.3937, -3.1261 -1.775 0.0, -3.1261 -1.775 0.3937, -3.1496 -1.7736 0.0, -3.1496 -1.7736 0.3937, -3.1496 -2.5984 0.3937, -3.1496 -2.5984 0.0, -3.1291 -2.5998 0.3937, -3.1291 -2.5998 0.0, -3.1088 -2.6038 0.3937, -3.1088 -2.6038 0.0, -3.0893 -2.6104 0.3937, -3.0893 -2.6104 0.0, -3.0709 -2.6195 0.3937, -3.0709 -2.6195 0.0, -3.0537 -2.631 0.3937, -3.0537 -2.631 0.0, -3.0383 -2.6446 0.3937, -3.0383 -2.6446 0.0, -3.0247 -2.66 0.3937, -3.0247 -2.66 0.0, -3.0132 -2.6772 0.3937, -3.0132 -2.6772 0.0, -3.0041 -2.6956 0.3937, -3.0041 -2.6956 0.0, -2.9975 -2.7151 0.3937, -2.9975 -2.7151 0.0, -2.9935 -2.7353 0.3937, -2.9935 -2.7353 0.0, -2.9921 -2.7559 0.3937, -2.9921 -2.7559 0.0, -2.9935 -2.7765 0.3937, -2.9935 -2.7765 0.0, -2.9975 -2.7967 0.3937, -2.9975 -2.7967 0.0, -3.0041 -2.8162 0.3937, -3.0041 -2.8162 0.0, -3.0132 -2.8346 0.3937, -3.0132 -2.8346 0.0, -3.0247 -2.8518 0.3937, -3.0247 -2.8518 0.0, -3.0383 -2.8673 0.3937, -3.0383 -2.8673 0.0, -3.0537 -2.8808 0.3937, -3.0537 -2.8808 0.0, -3.0709 -2.8923 0.3937, -3.0709 -2.8923 0.0, -3.0893 -2.9014 0.3937, -3.0893 -2.9014 0.0, -3.1088 -2.908 0.3937, -3.1088 -2.908 0.0, -3.1291 -2.912 0.3937, -3.1291 -2.912 0.0, -3.1496 -2.9134 0.3937, -3.1496 -2.9134 0.0, -3.1496 -2.9508 0.3937, -3.1496 -2.9508 0.0, -3.1261 -2.9494 0.0, -3.1261 -2.9494 0.3937, -3.103 -2.9451 0.0, -3.103 -2.9451 0.3937, -3.0805 -2.9381 0.0, -3.0805 -2.9381 0.3937, -3.059 -2.9285 0.0, -3.059 -2.9285 0.3937, -3.0389 -2.9163 0.0, -3.0389 -2.9163 0.3937, -3.0204 -2.9018 0.0, -3.0204 -2.9018 0.3937, -3.0037 -2.8851 0.0, -3.0037 -2.8851 0.3937, -2.9892 -2.8666 0.0, -2.9892 -2.8666 0.3937, -2.977 -2.8465 0.0, -2.977 -2.8465 0.3937, -2.9674 -2.825 0.0, -2.9674 -2.825 0.3937, -2.9604 -2.8025 0.0, -2.9604 -2.8025 0.3937, -2.9561 -2.7794 0.0, -2.9561 -2.7794 0.3937, -2.9547 -2.7559 0.0, -2.9547 -2.7559 0.3937, -2.9561 -2.7324 0.0, -2.9561 -2.7324 0.3937, -2.9604 -2.7093 0.0, -2.9604 -2.7093 0.3937, -2.9674 -2.6868 0.0, -2.9674 -2.6868 0.3937, -2.977 -2.6653 0.0, -2.977 -2.6653 0.3937, -2.9892 -2.6452 0.0, -2.9892 -2.6452 0.3937, -3.0037 -2.6267 0.0, -3.0037 -2.6267 0.3937, -3.0204 -2.61 0.0, -3.0204 -2.61 0.3937, -3.0389 -2.5955 0.0, -3.0389 -2.5955 0.3937, -3.059 -2.5833 0.0, -3.059 -2.5833 0.3937, -3.0805 -2.5737 0.0, -3.0805 -2.5737 0.3937, -3.103 -2.5667 0.0, -3.103 -2.5667 0.3937, -3.1261 -2.5624 0.0, -3.1261 -2.5624 0.3937, -3.1496 -2.561 0.0, -3.1496 -2.561 0.3937
            ]
        }
        coordIndex [
            0,1,2,-1,2,1,3,-1,2,3,4,-1,4,3,5,-1,4,5,6,-1,6,5,7,-1,6,7,8,-1,8,7,9,-1,8,9,10,-1,10,9,11,-1,10,11,12,-1,12,11,13,-1,12,13,14,-1,14,13,15,-1,14,15,16,-1,16,15,17,-1,16,17,18,-1,18,17,19,-1,18,19,20,-1,20,19,21,-1,20,21,22,-1,22,21,23,-1,22,23,24,-1,24,23,25,-1,24,25,26,-1,26,25,27,-1,26,27,28,-1,28,27,29,-1,28,29,30,-1,30,29,31,-1,30,31,32,-1,32,31,33,-1,32,33,34,-1,34,33,35,-1,34,35,36,-1,36,35,37,-1,36,37,38,-1,38,37,39,-1,38,39,40,-1,40,39,41,-1,40,41,42,-1,42,41,43,-1,42,43,44,-1,44,43,45,-1,44,45,46,-1,46,45,47,-1,46,47,48,-1,48,47,49,-1,50,48,51,-1,51,48,49,-1,50,51,52,-1,50,52,53,-1,53,52,54,-1,53,54,55,-1,55,54,56,-1,55,56,57,-1,57,56,58,-1,57,58,59,-1,59,58,60,-1,59,60,61,-1,61,60,62,-1,61,62,63,-1,63,62,64,-1,63,64,65,-1,65,64,66,-1,65,66,67,-1,67,66,68,-1,67,68,69,-1,69,68,70,-1,69,70,71,-1,71,70,72,-1,71,72,73,-1,73,72,74,-1,73,74,75,-1,75,74,76,-1,75,76,77,-1,77,76,78,-1,77,78,79,-1,79,78,80,-1,79,80,81,-1,81,80,82,-1,81,82,83,-1,83,82,84,-1,83,84,85,-1,85,84,86,-1,85,86,87,-1,87,86,88,-1,87,88,89,-1,89,88,90,-1,89,90,91,-1,91,90,92,-1,91,92,93,-1,93,92,94,-1,93,94,95,-1,95,94,96,-1,95,96,97,-1,97,96,98,-1,97,98,99,-1,99,98,100,-1,99,100,101,-1,101,100,102,-1,101,102,103,-1,0,103,1,-1,1,103,102,-1,48,50,46,-1,46,50,53,-1,46,53,44,-1,44,53,55,-1,44,55,42,-1,42,55,57,-1,42,57,40,-1,40,57,59,-1,40,59,38,-1,103,0,101,-1,101,0,2,-1,101,2,99,-1,99,2,4,-1,99,4,97,-1,97,4,6,-1,97,6,95,-1,95,6,8,-1,95,8,93,-1,93,8,10,-1,93,10,91,-1,91,10,12,-1,91,12,89,-1,89,12,14,-1,59,61,38,-1,38,61,63,-1,38,63,36,-1,36,63,65,-1,36,65,34,-1,34,65,67,-1,34,67,32,-1,32,67,69,-1,32,69,30,-1,30,69,71,-1,30,71,28,-1,28,71,73,-1,28,73,26,-1,26,73,75,-1,26,75,24,-1,24,75,77,-1,24,77,22,-1,22,77,79,-1,22,79,20,-1,20,79,81,-1,20,81,18,-1,18,81,83,-1,18,83,16,-1,16,83,85,-1,16,85,14,-1,14,85,87,-1,14,87,89,-1,1,102,3,-1,3,102,100,-1,3,100,5,-1,5,100,98,-1,5,98,7,-1,7,98,96,-1,7,96,9,-1,9,96,94,-1,9,94,11,-1,51,49,52,-1,52,49,47,-1,52,47,54,-1,54,47,45,-1,54,45,56,-1,56,45,43,-1,56,43,58,-1,58,43,41,-1,58,41,60,-1,60,41,39,-1,60,39,62,-1,62,39,37,-1,94,92,11,-1,11,92,90,-1,11,90,13,-1,13,90,88,-1,13,88,15,-1,15,88,86,-1,15,86,17,-1,17,86,84,-1,17,84,19,-1,19,84,82,-1,19,82,21,-1,21,82,80,-1,21,80,23,-1,23,80,78,-1,23,78,25,-1,25,78,76,-1,25,76,27,-1,27,76,74,-1,27,74,29,-1,29,74,72,-1,29,72,31,-1,31,72,70,-1,31,70,33,-1,33,70,68,-1,33,68,35,-1,35,68,66,-1,35,66,37,-1,37,66,64,-1,37,64,62,-1,104,105,106,-1,106,105,107,-1,106,107,108,-1,108,107,109,-1,108,109,110,-1,110,109,111,-1,110,111,112,-1,112,111,113,-1,112,113,114,-1,114,113,115,-1,114,115,116,-1,116,115,117,-1,116,117,118,-1,118,117,119,-1,118,119,120,-1,120,119,121,-1,120,121,122,-1,122,121,123,-1,122,123,124,-1,124,123,125,-1,124,125,126,-1,126,125,127,-1,126,127,128,-1,128,127,129,-1,128,129,130,-1,130,129,131,-1,130,131,132,-1,132,131,133,-1,132,133,134,-1,134,133,135,-1,134,135,136,-1,136,135,137,-1,136,137,138,-1,138,137,139,-1,138,139,140,-1,140,139,141,-1,140,141,142,-1,142,141,143,-1,142,143,144,-1,144,143,145,-1,144,145,146,-1,146,145,147,-1,146,147,148,-1,148,147,149,-1,148,149,150,-1,150,149,151,-1,150,151,152,-1,152,151,153,-1,104,154,105,-1,105,154,155,-1,156,157,158,-1,156,158,159,-1,159,158,160,-1,159,160,161,-1,161,160,162,-1,161,162,163,-1,163,162,164,-1,163,164,165,-1,165,164,166,-1,165,166,167,-1,167,166,168,-1,167,168,169,-1,169,168,170,-1,169,170,171,-1,171,170,172,-1,171,172,173,-1,173,172,174,-1,173,174,175,-1,175,174,176,-1,175,176,177,-1,177,176,178,-1,177,178,179,-1,179,178,180,-1,179,180,181,-1,181,180,182,-1,181,182,183,-1,183,182,184,-1,183,184,185,-1,185,184,186,-1,185,186,187,-1,187,186,188,-1,187,188,189,-1,189,188,190,-1,189,190,191,-1,191,190,192,-1,191,192,193,-1,193,192,194,-1,193,194,195,-1,195,194,196,-1,195,196,197,-1,197,196,198,-1,197,198,199,-1,199,198,200,-1,199,200,201,-1,201,200,202,-1,201,202,203,-1,203,202,204,-1,203,204,205,-1,205,204,206,-1,205,206,207,-1,207,206,155,-1,207,155,154,-1,156,152,157,-1,157,152,153,-1,152,156,150,-1,150,156,159,-1,150,159,148,-1,148,159,161,-1,148,161,146,-1,146,161,163,-1,146,163,144,-1,144,163,165,-1,144,165,142,-1,154,104,207,-1,207,104,106,-1,207,106,205,-1,205,106,108,-1,205,108,203,-1,203,108,110,-1,203,110,201,-1,201,110,112,-1,201,112,199,-1,199,112,114,-1,199,114,197,-1,197,114,116,-1,165,167,142,-1,142,167,169,-1,142,169,140,-1,140,169,171,-1,140,171,138,-1,138,171,173,-1,138,173,136,-1,136,173,175,-1,136,175,134,-1,134,175,177,-1,134,177,132,-1,132,177,179,-1,132,179,130,-1,130,179,181,-1,130,181,128,-1,128,181,183,-1,128,183,126,-1,126,183,185,-1,126,185,124,-1,124,185,187,-1,124,187,122,-1,122,187,189,-1,122,189,120,-1,120,189,191,-1,120,191,118,-1,118,191,193,-1,118,193,116,-1,116,193,195,-1,116,195,197,-1,105,155,107,-1,107,155,206,-1,107,206,109,-1,109,206,204,-1,109,204,111,-1,111,204,202,-1,111,202,113,-1,113,202,200,-1,113,200,115,-1,157,153,158,-1,158,153,151,-1,158,151,160,-1,160,151,149,-1,160,149,162,-1,162,149,147,-1,162,147,164,-1,164,147,145,-1,164,145,166,-1,166,145,143,-1,166,143,168,-1,168,143,141,-1,200,198,115,-1,115,198,196,-1,115,196,117,-1,117,196,194,-1,117,194,119,-1,119,194,192,-1,119,192,121,-1,121,192,190,-1,121,190,123,-1,123,190,188,-1,123,188,125,-1,125,188,186,-1,125,186,127,-1,127,186,184,-1,127,184,129,-1,129,184,182,-1,129,182,131,-1,131,182,180,-1,131,180,133,-1,133,180,178,-1,133,178,135,-1,135,178,176,-1,135,176,137,-1,137,176,174,-1,137,174,139,-1,139,174,172,-1,139,172,141,-1,141,172,170,-1,141,170,168,-1,208,209,210,-1,210,209,211,-1,210,211,212,-1,212,211,213,-1,212,213,214,-1,214,213,215,-1,214,215,216,-1,216,215,217,-1,216,217,218,-1,218,217,219,-1,218,219,220,-1,220,219,221,-1,220,221,222,-1,222,221,223,-1,222,223,224,-1,224,223,225,-1,224,225,226,-1,226,225,227,-1,226,227,228,-1,228,227,229,-1,228,229,230,-1,230,229,231,-1,230,231,232,-1,232,231,233,-1,232,233,234,-1,234,233,235,-1,234,235,236,-1,236,235,237,-1,236,237,238,-1,238,237,239,-1,238,239,240,-1,240,239,241,-1,240,241,242,-1,242,241,243,-1,242,243,244,-1,244,243,245,-1,244,245,246,-1,246,245,247,-1,246,247,248,-1,248,247,249,-1,248,249,250,-1,250,249,251,-1,250,251,252,-1,252,251,253,-1,252,253,254,-1,254,253,255,-1,254,255,256,-1,256,255,257,-1,208,258,209,-1,209,258,259,-1,260,261,262,-1,260,262,263,-1,263,262,264,-1,263,264,265,-1,265,264,266,-1,265,266,267,-1,267,266,268,-1,267,268,269,-1,269,268,270,-1,269,270,271,-1,271,270,272,-1,271,272,273,-1,273,272,274,-1,273,274,275,-1,275,274,276,-1,275,276,277,-1,277,276,278,-1,277,278,279,-1,279,278,280,-1,279,280,281,-1,281,280,282,-1,281,282,283,-1,283,282,284,-1,283,284,285,-1,285,284,286,-1,285,286,287,-1,287,286,288,-1,287,288,289,-1,289,288,290,-1,289,290,291,-1,291,290,292,-1,291,292,293,-1,293,292,294,-1,293,294,295,-1,295,294,296,-1,295,296,297,-1,297,296,298,-1,297,298,299,-1,299,298,300,-1,299,300,301,-1,301,300,302,-1,301,302,303,-1,303,302,304,-1,303,304,305,-1,305,304,306,-1,305,306,307,-1,307,306,308,-1,307,308,309,-1,309,308,310,-1,309,310,311,-1,311,310,259,-1,311,259,258,-1,260,256,261,-1,261,256,257,-1,256,260,254,-1,254,260,263,-1,254,263,252,-1,252,263,265,-1,252,265,250,-1,250,265,267,-1,250,267,248,-1,248,267,269,-1,248,269,246,-1,258,208,311,-1,311,208,210,-1,311,210,309,-1,309,210,212,-1,309,212,307,-1,307,212,214,-1,307,214,305,-1,305,214,216,-1,305,216,303,-1,303,216,218,-1,303,218,301,-1,301,218,220,-1,269,271,246,-1,246,271,273,-1,246,273,244,-1,244,273,275,-1,244,275,242,-1,242,275,277,-1,242,277,240,-1,240,277,279,-1,240,279,238,-1,238,279,281,-1,238,281,236,-1,236,281,283,-1,236,283,234,-1,234,283,285,-1,234,285,232,-1,232,285,287,-1,232,287,230,-1,230,287,289,-1,230,289,228,-1,228,289,291,-1,228,291,226,-1,226,291,293,-1,226,293,224,-1,224,293,295,-1,224,295,222,-1,222,295,297,-1,222,297,220,-1,220,297,299,-1,220,299,301,-1,209,259,211,-1,211,259,310,-1,211,310,213,-1,213,310,308,-1,213,308,215,-1,215,308,306,-1,215,306,217,-1,217,306,304,-1,217,304,219,-1,261,257,262,-1,262,257,255,-1,262,255,264,-1,264,255,253,-1,264,253,266,-1,266,253,251,-1,266,251,268,-1,268,251,249,-1,268,249,270,-1,270,249,247,-1,270,247,272,-1,272,247,245,-1,304,302,219,-1,219,302,300,-1,219,300,221,-1,221,300,298,-1,221,298,223,-1,223,298,296,-1,223,296,225,-1,225,296,294,-1,225,294,227,-1,227,294,292,-1,227,292,229,-1,229,292,290,-1,229,290,231,-1,231,290,288,-1,231,288,233,-1,233,288,286,-1,233,286,235,-1,235,286,284,-1,235,284,237,-1,237,284,282,-1,237,282,239,-1,239,282,280,-1,239,280,241,-1,241,280,278,-1,241,278,243,-1,243,278,276,-1,243,276,245,-1,245,276,274,-1,245,274,272,-1,312,313,314,-1,314,313,315,-1,314,315,316,-1,316,315,317,-1,316,317,318,-1,318,317,319,-1,318,319,320,-1,320,319,321,-1,320,321,322,-1,322,321,323,-1,322,323,324,-1,324,323,325,-1,324,325,326,-1,326,325,327,-1,326,327,328,-1,328,327,329,-1,328,329,330,-1,330,329,331,-1,330,331,332,-1,332,331,333,-1,332,333,334,-1,334,333,335,-1,334,335,336,-1,336,335,337,-1,336,337,338,-1,338,337,339,-1,338,339,340,-1,340,339,341,-1,340,341,342,-1,342,341,343,-1,342,343,344,-1,344,343,345,-1,344,345,346,-1,346,345,347,-1,346,347,348,-1,348,347,349,-1,348,349,350,-1,350,349,351,-1,350,351,352,-1,352,351,353,-1,352,353,354,-1,354,353,355,-1,354,355,356,-1,356,355,357,-1,356,357,358,-1,358,357,359,-1,358,359,360,-1,360,359,361,-1,312,362,313,-1,313,362,363,-1,364,365,366,-1,364,366,367,-1,367,366,368,-1,367,368,369,-1,369,368,370,-1,369,370,371,-1,371,370,372,-1,371,372,373,-1,373,372,374,-1,373,374,375,-1,375,374,376,-1,375,376,377,-1,377,376,378,-1,377,378,379,-1,379,378,380,-1,379,380,381,-1,381,380,382,-1,381,382,383,-1,383,382,384,-1,383,384,385,-1,385,384,386,-1,385,386,387,-1,387,386,388,-1,387,388,389,-1,389,388,390,-1,389,390,391,-1,391,390,392,-1,391,392,393,-1,393,392,394,-1,393,394,395,-1,395,394,396,-1,395,396,397,-1,397,396,398,-1,397,398,399,-1,399,398,400,-1,399,400,401,-1,401,400,402,-1,401,402,403,-1,403,402,404,-1,403,404,405,-1,405,404,406,-1,405,406,407,-1,407,406,408,-1,407,408,409,-1,409,408,410,-1,409,410,411,-1,411,410,412,-1,411,412,413,-1,413,412,414,-1,413,414,415,-1,415,414,363,-1,415,363,362,-1,364,360,365,-1,365,360,361,-1,360,364,358,-1,358,364,367,-1,358,367,356,-1,356,367,369,-1,356,369,354,-1,354,369,371,-1,354,371,352,-1,352,371,373,-1,352,373,350,-1,373,375,350,-1,350,375,377,-1,350,377,348,-1,348,377,379,-1,348,379,346,-1,346,379,381,-1,346,381,344,-1,344,381,383,-1,344,383,342,-1,342,383,385,-1,342,385,340,-1,340,385,387,-1,340,387,338,-1,338,387,389,-1,338,389,336,-1,336,389,391,-1,336,391,334,-1,334,391,393,-1,334,393,332,-1,332,393,395,-1,332,395,330,-1,330,395,397,-1,330,397,328,-1,328,397,399,-1,328,399,326,-1,326,399,401,-1,326,401,324,-1,362,312,415,-1,415,312,314,-1,415,314,413,-1,413,314,316,-1,413,316,411,-1,411,316,318,-1,411,318,409,-1,409,318,320,-1,409,320,407,-1,407,320,322,-1,407,322,405,-1,405,322,324,-1,405,324,403,-1,403,324,401,-1,365,361,366,-1,366,361,359,-1,366,359,368,-1,368,359,357,-1,368,357,370,-1,370,357,355,-1,370,355,372,-1,372,355,353,-1,372,353,374,-1,374,353,351,-1,374,351,376,-1,376,351,349,-1,323,404,325,-1,325,404,402,-1,325,402,327,-1,327,402,400,-1,327,400,329,-1,329,400,398,-1,329,398,331,-1,331,398,396,-1,331,396,333,-1,333,396,394,-1,333,394,335,-1,335,394,392,-1,335,392,337,-1,337,392,390,-1,337,390,339,-1,339,390,388,-1,339,388,341,-1,341,388,386,-1,341,386,343,-1,343,386,384,-1,343,384,345,-1,345,384,382,-1,345,382,347,-1,347,382,380,-1,347,380,349,-1,349,380,378,-1,349,378,376,-1,313,363,315,-1,315,363,414,-1,315,414,317,-1,317,414,412,-1,317,412,319,-1,319,412,410,-1,319,410,321,-1,321,410,408,-1,321,408,323,-1,323,408,406,-1,323,406,404,-1,416,417,418,-1,418,417,419,-1,418,419,420,-1,420,419,421,-1,420,421,422,-1,422,421,423,-1,422,423,424,-1,424,423,425,-1,424,425,426,-1,426,425,427,-1,426,427,428,-1,428,427,429,-1,428,429,430,-1,430,429,431,-1,430,431,432,-1,432,431,433,-1,432,433,434,-1,434,433,435,-1,434,435,436,-1,436,435,437,-1,436,437,438,-1,438,437,439,-1,438,439,440,-1,440,439,441,-1,440,441,442,-1,442,441,443,-1,442,443,444,-1,444,443,445,-1,444,445,446,-1,446,445,447,-1,446,447,448,-1,448,447,449,-1,448,449,450,-1,450,449,451,-1,450,451,452,-1,452,451,453,-1,452,453,454,-1,454,453,455,-1,454,455,456,-1,456,455,457,-1,456,457,458,-1,458,457,459,-1,458,459,460,-1,460,459,461,-1,460,461,462,-1,462,461,463,-1,462,463,464,-1,464,463,465,-1,416,466,417,-1,417,466,467,-1,468,469,470,-1,468,470,471,-1,471,470,472,-1,471,472,473,-1,473,472,474,-1,473,474,475,-1,475,474,476,-1,475,476,477,-1,477,476,478,-1,477,478,479,-1,479,478,480,-1,479,480,481,-1,481,480,482,-1,481,482,483,-1,483,482,484,-1,483,484,485,-1,485,484,486,-1,485,486,487,-1,487,486,488,-1,487,488,489,-1,489,488,490,-1,489,490,491,-1,491,490,492,-1,491,492,493,-1,493,492,494,-1,493,494,495,-1,495,494,496,-1,495,496,497,-1,497,496,498,-1,497,498,499,-1,499,498,500,-1,499,500,501,-1,501,500,502,-1,501,502,503,-1,503,502,504,-1,503,504,505,-1,505,504,506,-1,505,506,507,-1,507,506,508,-1,507,508,509,-1,509,508,510,-1,509,510,511,-1,511,510,512,-1,511,512,513,-1,513,512,514,-1,513,514,515,-1,515,514,516,-1,515,516,517,-1,517,516,518,-1,517,518,519,-1,519,518,467,-1,519,467,466,-1,468,464,469,-1,469,464,465,-1,454,481,452,-1,452,481,483,-1,452,483,450,-1,450,483,485,-1,450,485,448,-1,448,485,487,-1,448,487,446,-1,446,487,489,-1,446,489,444,-1,444,489,491,-1,444,491,442,-1,442,491,493,-1,442,493,440,-1,440,493,495,-1,440,495,438,-1,438,495,497,-1,438,497,436,-1,436,497,499,-1,436,499,434,-1,434,499,501,-1,434,501,432,-1,432,501,503,-1,432,503,430,-1,430,503,505,-1,430,505,428,-1,464,468,462,-1,462,468,471,-1,462,471,460,-1,460,471,473,-1,460,473,458,-1,458,473,475,-1,458,475,456,-1,456,475,477,-1,456,477,454,-1,454,477,479,-1,454,479,481,-1,466,416,519,-1,519,416,418,-1,519,418,517,-1,517,418,420,-1,517,420,515,-1,515,420,422,-1,515,422,513,-1,513,422,424,-1,513,424,511,-1,511,424,426,-1,511,426,509,-1,509,426,428,-1,509,428,507,-1,507,428,505,-1,469,465,470,-1,470,465,463,-1,470,463,472,-1,472,463,461,-1,472,461,474,-1,474,461,459,-1,474,459,476,-1,476,459,457,-1,476,457,478,-1,478,457,455,-1,478,455,480,-1,480,455,453,-1,427,508,429,-1,429,508,506,-1,429,506,431,-1,431,506,504,-1,431,504,433,-1,433,504,502,-1,433,502,435,-1,435,502,500,-1,435,500,437,-1,437,500,498,-1,437,498,439,-1,439,498,496,-1,439,496,441,-1,441,496,494,-1,441,494,443,-1,443,494,492,-1,443,492,445,-1,445,492,490,-1,445,490,447,-1,447,490,488,-1,447,488,449,-1,449,488,486,-1,449,486,451,-1,451,486,484,-1,451,484,453,-1,453,484,482,-1,453,482,480,-1,417,467,419,-1,419,467,518,-1,419,518,421,-1,421,518,516,-1,421,516,423,-1,423,516,514,-1,423,514,425,-1,425,514,512,-1,425,512,427,-1,427,512,510,-1,427,510,508,-1,520,521,522,-1,522,521,523,-1,522,523,524,-1,524,523,525,-1,524,525,526,-1,526,525,527,-1,526,527,528,-1,528,527,529,-1,528,529,530,-1,530,529,531,-1,530,531,532,-1,532,531,533,-1,532,533,534,-1,534,533,535,-1,534,535,536,-1,536,535,537,-1,536,537,538,-1,538,537,539,-1,538,539,540,-1,540,539,541,-1,540,541,542,-1,542,541,543,-1,542,543,544,-1,544,543,545,-1,544,545,546,-1,546,545,547,-1,546,547,548,-1,548,547,549,-1,548,549,550,-1,550,549,551,-1,550,551,552,-1,552,551,553,-1,552,553,554,-1,554,553,555,-1,554,555,556,-1,556,555,557,-1,556,557,558,-1,558,557,559,-1,558,559,560,-1,560,559,561,-1,560,561,562,-1,562,561,563,-1,562,563,564,-1,564,563,565,-1,564,565,566,-1,566,565,567,-1,566,567,568,-1,568,567,569,-1,520,570,521,-1,521,570,571,-1,572,573,574,-1,572,574,575,-1,575,574,576,-1,575,576,577,-1,577,576,578,-1,577,578,579,-1,579,578,580,-1,579,580,581,-1,581,580,582,-1,581,582,583,-1,583,582,584,-1,583,584,585,-1,585,584,586,-1,585,586,587,-1,587,586,588,-1,587,588,589,-1,589,588,590,-1,589,590,591,-1,591,590,592,-1,591,592,593,-1,593,592,594,-1,593,594,595,-1,595,594,596,-1,595,596,597,-1,597,596,598,-1,597,598,599,-1,599,598,600,-1,599,600,601,-1,601,600,602,-1,601,602,603,-1,603,602,604,-1,603,604,605,-1,605,604,606,-1,605,606,607,-1,607,606,608,-1,607,608,609,-1,609,608,610,-1,609,610,611,-1,611,610,612,-1,611,612,613,-1,613,612,614,-1,613,614,615,-1,615,614,616,-1,615,616,617,-1,617,616,618,-1,617,618,619,-1,619,618,620,-1,619,620,621,-1,621,620,622,-1,621,622,623,-1,623,622,571,-1,623,571,570,-1,572,568,573,-1,573,568,569,-1,558,585,556,-1,556,585,587,-1,556,587,554,-1,554,587,589,-1,554,589,552,-1,552,589,591,-1,552,591,550,-1,550,591,593,-1,550,593,548,-1,548,593,595,-1,548,595,546,-1,546,595,597,-1,546,597,544,-1,544,597,599,-1,544,599,542,-1,542,599,601,-1,542,601,540,-1,540,601,603,-1,540,603,538,-1,538,603,605,-1,538,605,536,-1,536,605,607,-1,536,607,534,-1,534,607,609,-1,534,609,532,-1,568,572,566,-1,566,572,575,-1,566,575,564,-1,564,575,577,-1,564,577,562,-1,562,577,579,-1,562,579,560,-1,560,579,581,-1,560,581,558,-1,558,581,583,-1,558,583,585,-1,570,520,623,-1,623,520,522,-1,623,522,621,-1,621,522,524,-1,621,524,619,-1,619,524,526,-1,619,526,617,-1,617,526,528,-1,617,528,615,-1,615,528,530,-1,615,530,613,-1,613,530,532,-1,613,532,611,-1,611,532,609,-1,573,569,574,-1,574,569,567,-1,574,567,576,-1,576,567,565,-1,576,565,578,-1,578,565,563,-1,578,563,580,-1,580,563,561,-1,580,561,582,-1,582,561,559,-1,582,559,584,-1,584,559,557,-1,531,612,533,-1,533,612,610,-1,533,610,535,-1,535,610,608,-1,535,608,537,-1,537,608,606,-1,537,606,539,-1,539,606,604,-1,539,604,541,-1,541,604,602,-1,541,602,543,-1,543,602,600,-1,543,600,545,-1,545,600,598,-1,545,598,547,-1,547,598,596,-1,547,596,549,-1,549,596,594,-1,549,594,551,-1,551,594,592,-1,551,592,553,-1,553,592,590,-1,553,590,555,-1,555,590,588,-1,555,588,557,-1,557,588,586,-1,557,586,584,-1,521,571,523,-1,523,571,622,-1,523,622,525,-1,525,622,620,-1,525,620,527,-1,527,620,618,-1,527,618,529,-1,529,618,616,-1,529,616,531,-1,531,616,614,-1,531,614,612,-1,624,625,626,-1,626,625,627,-1,626,627,628,-1,628,627,629,-1,628,629,630,-1,630,629,631,-1,630,631,632,-1,632,631,633,-1,632,633,634,-1,634,633,635,-1,634,635,636,-1,636,635,637,-1,636,637,638,-1,638,637,639,-1,638,639,640,-1,640,639,641,-1,640,641,642,-1,642,641,643,-1,642,643,644,-1,644,643,645,-1,644,645,646,-1,646,645,647,-1,646,647,648,-1,648,647,649,-1,648,649,650,-1,650,649,651,-1,650,651,652,-1,652,651,653,-1,652,653,654,-1,654,653,655,-1,654,655,656,-1,656,655,657,-1,656,657,658,-1,658,657,659,-1,658,659,660,-1,660,659,661,-1,660,661,662,-1,662,661,663,-1,662,663,664,-1,664,663,665,-1,664,665,666,-1,666,665,667,-1,666,667,668,-1,668,667,669,-1,668,669,670,-1,670,669,671,-1,670,671,672,-1,672,671,673,-1,624,674,625,-1,625,674,675,-1,676,677,678,-1,676,678,679,-1,679,678,680,-1,679,680,681,-1,681,680,682,-1,681,682,683,-1,683,682,684,-1,683,684,685,-1,685,684,686,-1,685,686,687,-1,687,686,688,-1,687,688,689,-1,689,688,690,-1,689,690,691,-1,691,690,692,-1,691,692,693,-1,693,692,694,-1,693,694,695,-1,695,694,696,-1,695,696,697,-1,697,696,698,-1,697,698,699,-1,699,698,700,-1,699,700,701,-1,701,700,702,-1,701,702,703,-1,703,702,704,-1,703,704,705,-1,705,704,706,-1,705,706,707,-1,707,706,708,-1,707,708,709,-1,709,708,710,-1,709,710,711,-1,711,710,712,-1,711,712,713,-1,713,712,714,-1,713,714,715,-1,715,714,716,-1,715,716,717,-1,717,716,718,-1,717,718,719,-1,719,718,720,-1,719,720,721,-1,721,720,722,-1,721,722,723,-1,723,722,724,-1,723,724,725,-1,725,724,726,-1,725,726,727,-1,727,726,675,-1,727,675,674,-1,676,672,677,-1,677,672,673,-1,672,676,670,-1,670,676,679,-1,670,679,668,-1,668,679,681,-1,668,681,666,-1,666,681,683,-1,666,683,664,-1,664,683,685,-1,664,685,662,-1,685,687,662,-1,662,687,689,-1,662,689,660,-1,660,689,691,-1,660,691,658,-1,658,691,693,-1,658,693,656,-1,656,693,695,-1,656,695,654,-1,654,695,697,-1,654,697,652,-1,652,697,699,-1,652,699,650,-1,650,699,701,-1,650,701,648,-1,648,701,703,-1,648,703,646,-1,646,703,705,-1,646,705,644,-1,644,705,707,-1,644,707,642,-1,642,707,709,-1,642,709,640,-1,640,709,711,-1,640,711,638,-1,638,711,713,-1,638,713,636,-1,674,624,727,-1,727,624,626,-1,727,626,725,-1,725,626,628,-1,725,628,723,-1,723,628,630,-1,723,630,721,-1,721,630,632,-1,721,632,719,-1,719,632,634,-1,719,634,717,-1,717,634,636,-1,717,636,715,-1,715,636,713,-1,677,673,678,-1,678,673,671,-1,678,671,680,-1,680,671,669,-1,680,669,682,-1,682,669,667,-1,682,667,684,-1,684,667,665,-1,684,665,686,-1,686,665,663,-1,686,663,688,-1,688,663,661,-1,635,716,637,-1,637,716,714,-1,637,714,639,-1,639,714,712,-1,639,712,641,-1,641,712,710,-1,641,710,643,-1,643,710,708,-1,643,708,645,-1,645,708,706,-1,645,706,647,-1,647,706,704,-1,647,704,649,-1,649,704,702,-1,649,702,651,-1,651,702,700,-1,651,700,653,-1,653,700,698,-1,653,698,655,-1,655,698,696,-1,655,696,657,-1,657,696,694,-1,657,694,659,-1,659,694,692,-1,659,692,661,-1,661,692,690,-1,661,690,688,-1,625,675,627,-1,627,675,726,-1,627,726,629,-1,629,726,724,-1,629,724,631,-1,631,724,722,-1,631,722,633,-1,633,722,720,-1,633,720,635,-1,635,720,718,-1,635,718,716,-1,728,729,730,-1,730,729,731,-1,730,731,732,-1,732,731,733,-1,732,733,734,-1,734,733,735,-1,734,735,736,-1,736,735,737,-1,736,737,738,-1,738,737,739,-1,738,739,740,-1,740,739,741,-1,740,741,742,-1,742,741,743,-1,742,743,744,-1,744,743,745,-1,744,745,746,-1,746,745,747,-1,746,747,748,-1,748,747,749,-1,748,749,750,-1,750,749,751,-1,750,751,752,-1,752,751,753,-1,752,753,754,-1,754,753,755,-1,754,755,756,-1,756,755,757,-1,756,757,758,-1,758,757,759,-1,758,759,760,-1,760,759,761,-1,760,761,762,-1,762,761,763,-1,762,763,764,-1,764,763,765,-1,764,765,766,-1,766,765,767,-1,766,767,768,-1,768,767,769,-1,768,769,770,-1,770,769,771,-1,770,771,772,-1,772,771,773,-1,772,773,774,-1,774,773,775,-1,774,775,776,-1,776,775,777,-1,728,778,729,-1,729,778,779,-1,780,781,782,-1,780,782,783,-1,783,782,784,-1,783,784,785,-1,785,784,786,-1,785,786,787,-1,787,786,788,-1,787,788,789,-1,789,788,790,-1,789,790,791,-1,791,790,792,-1,791,792,793,-1,793,792,794,-1,793,794,795,-1,795,794,796,-1,795,796,797,-1,797,796,798,-1,797,798,799,-1,799,798,800,-1,799,800,801,-1,801,800,802,-1,801,802,803,-1,803,802,804,-1,803,804,805,-1,805,804,806,-1,805,806,807,-1,807,806,808,-1,807,808,809,-1,809,808,810,-1,809,810,811,-1,811,810,812,-1,811,812,813,-1,813,812,814,-1,813,814,815,-1,815,814,816,-1,815,816,817,-1,817,816,818,-1,817,818,819,-1,819,818,820,-1,819,820,821,-1,821,820,822,-1,821,822,823,-1,823,822,824,-1,823,824,825,-1,825,824,826,-1,825,826,827,-1,827,826,828,-1,827,828,829,-1,829,828,830,-1,829,830,831,-1,831,830,779,-1,831,779,778,-1,780,776,781,-1,781,776,777,-1,776,780,774,-1,774,780,783,-1,774,783,772,-1,772,783,785,-1,772,785,770,-1,770,785,787,-1,770,787,768,-1,768,787,789,-1,768,789,766,-1,778,728,831,-1,831,728,730,-1,831,730,829,-1,829,730,732,-1,829,732,827,-1,827,732,734,-1,827,734,825,-1,825,734,736,-1,825,736,823,-1,823,736,738,-1,823,738,821,-1,821,738,740,-1,789,791,766,-1,766,791,793,-1,766,793,764,-1,764,793,795,-1,764,795,762,-1,762,795,797,-1,762,797,760,-1,760,797,799,-1,760,799,758,-1,758,799,801,-1,758,801,756,-1,756,801,803,-1,756,803,754,-1,754,803,805,-1,754,805,752,-1,752,805,807,-1,752,807,750,-1,750,807,809,-1,750,809,748,-1,748,809,811,-1,748,811,746,-1,746,811,813,-1,746,813,744,-1,744,813,815,-1,744,815,742,-1,742,815,817,-1,742,817,740,-1,740,817,819,-1,740,819,821,-1,729,779,731,-1,731,779,830,-1,731,830,733,-1,733,830,828,-1,733,828,735,-1,735,828,826,-1,735,826,737,-1,737,826,824,-1,737,824,739,-1,781,777,782,-1,782,777,775,-1,782,775,784,-1,784,775,773,-1,784,773,786,-1,786,773,771,-1,786,771,788,-1,788,771,769,-1,788,769,790,-1,790,769,767,-1,790,767,792,-1,792,767,765,-1,824,822,739,-1,739,822,820,-1,739,820,741,-1,741,820,818,-1,741,818,743,-1,743,818,816,-1,743,816,745,-1,745,816,814,-1,745,814,747,-1,747,814,812,-1,747,812,749,-1,749,812,810,-1,749,810,751,-1,751,810,808,-1,751,808,753,-1,753,808,806,-1,753,806,755,-1,755,806,804,-1,755,804,757,-1,757,804,802,-1,757,802,759,-1,759,802,800,-1,759,800,761,-1,761,800,798,-1,761,798,763,-1,763,798,796,-1,763,796,765,-1,765,796,794,-1,765,794,792,-1,832,833,834,-1,834,833,835,-1,834,835,836,-1,836,835,837,-1,836,837,838,-1,838,837,839,-1,838,839,840,-1,840,839,841,-1,840,841,842,-1,842,841,843,-1,842,843,844,-1,844,843,845,-1,844,845,846,-1,846,845,847,-1,846,847,848,-1,848,847,849,-1,848,849,850,-1,850,849,851,-1,850,851,852,-1,852,851,853,-1,852,853,854,-1,854,853,855,-1,854,855,856,-1,856,855,857,-1,856,857,858,-1,858,857,859,-1,858,859,860,-1,860,859,861,-1,860,861,862,-1,862,861,863,-1,862,863,864,-1,864,863,865,-1,864,865,866,-1,866,865,867,-1,866,867,868,-1,868,867,869,-1,868,869,870,-1,870,869,871,-1,870,871,872,-1,872,871,873,-1,872,873,874,-1,874,873,875,-1,874,875,876,-1,876,875,877,-1,876,877,878,-1,878,877,879,-1,878,879,880,-1,880,879,881,-1,832,882,833,-1,833,882,883,-1,884,885,886,-1,884,886,887,-1,887,886,888,-1,887,888,889,-1,889,888,890,-1,889,890,891,-1,891,890,892,-1,891,892,893,-1,893,892,894,-1,893,894,895,-1,895,894,896,-1,895,896,897,-1,897,896,898,-1,897,898,899,-1,899,898,900,-1,899,900,901,-1,901,900,902,-1,901,902,903,-1,903,902,904,-1,903,904,905,-1,905,904,906,-1,905,906,907,-1,907,906,908,-1,907,908,909,-1,909,908,910,-1,909,910,911,-1,911,910,912,-1,911,912,913,-1,913,912,914,-1,913,914,915,-1,915,914,916,-1,915,916,917,-1,917,916,918,-1,917,918,919,-1,919,918,920,-1,919,920,921,-1,921,920,922,-1,921,922,923,-1,923,922,924,-1,923,924,925,-1,925,924,926,-1,925,926,927,-1,927,926,928,-1,927,928,929,-1,929,928,930,-1,929,930,931,-1,931,930,932,-1,931,932,933,-1,933,932,934,-1,933,934,935,-1,935,934,883,-1,935,883,882,-1,884,880,885,-1,885,880,881,-1,880,884,878,-1,878,884,887,-1,878,887,876,-1,876,887,889,-1,876,889,874,-1,874,889,891,-1,874,891,872,-1,872,891,893,-1,872,893,870,-1,882,832,935,-1,935,832,834,-1,935,834,933,-1,933,834,836,-1,933,836,931,-1,931,836,838,-1,931,838,929,-1,929,838,840,-1,929,840,927,-1,927,840,842,-1,927,842,925,-1,925,842,844,-1,893,895,870,-1,870,895,897,-1,870,897,868,-1,868,897,899,-1,868,899,866,-1,866,899,901,-1,866,901,864,-1,864,901,903,-1,864,903,862,-1,862,903,905,-1,862,905,860,-1,860,905,907,-1,860,907,858,-1,858,907,909,-1,858,909,856,-1,856,909,911,-1,856,911,854,-1,854,911,913,-1,854,913,852,-1,852,913,915,-1,852,915,850,-1,850,915,917,-1,850,917,848,-1,848,917,919,-1,848,919,846,-1,846,919,921,-1,846,921,844,-1,844,921,923,-1,844,923,925,-1,833,883,835,-1,835,883,934,-1,835,934,837,-1,837,934,932,-1,837,932,839,-1,839,932,930,-1,839,930,841,-1,841,930,928,-1,841,928,843,-1,885,881,886,-1,886,881,879,-1,886,879,888,-1,888,879,877,-1,888,877,890,-1,890,877,875,-1,890,875,892,-1,892,875,873,-1,892,873,894,-1,894,873,871,-1,894,871,896,-1,896,871,869,-1,928,926,843,-1,843,926,924,-1,843,924,845,-1,845,924,922,-1,845,922,847,-1,847,922,920,-1,847,920,849,-1,849,920,918,-1,849,918,851,-1,851,918,916,-1,851,916,853,-1,853,916,914,-1,853,914,855,-1,855,914,912,-1,855,912,857,-1,857,912,910,-1,857,910,859,-1,859,910,908,-1,859,908,861,-1,861,908,906,-1,861,906,863,-1,863,906,904,-1,863,904,865,-1,865,904,902,-1,865,902,867,-1,867,902,900,-1,867,900,869,-1,869,900,898,-1,869,898,896,-1,936,937,938,-1,938,937,939,-1,938,939,940,-1,940,939,941,-1,940,941,942,-1,942,941,943,-1,942,943,944,-1,944,943,945,-1,944,945,946,-1,946,945,947,-1,946,947,948,-1,948,947,949,-1,948,949,950,-1,950,949,951,-1,950,951,952,-1,952,951,953,-1,952,953,954,-1,954,953,955,-1,954,955,956,-1,956,955,957,-1,956,957,958,-1,958,957,959,-1,958,959,960,-1,960,959,961,-1,960,961,962,-1,962,961,963,-1,962,963,964,-1,964,963,965,-1,964,965,966,-1,966,965,967,-1,966,967,968,-1,968,967,969,-1,968,969,970,-1,970,969,971,-1,970,971,972,-1,972,971,973,-1,972,973,974,-1,974,973,975,-1,974,975,976,-1,976,975,977,-1,976,977,978,-1,978,977,979,-1,978,979,980,-1,980,979,981,-1,980,981,982,-1,982,981,983,-1,982,983,984,-1,984,983,985,-1,986,984,987,-1,987,984,985,-1,986,987,988,-1,986,988,989,-1,989,988,990,-1,989,990,991,-1,991,990,992,-1,991,992,993,-1,993,992,994,-1,993,994,995,-1,995,994,996,-1,995,996,997,-1,997,996,998,-1,997,998,999,-1,999,998,1000,-1,999,1000,1001,-1,1001,1000,1002,-1,1001,1002,1003,-1,1003,1002,1004,-1,1003,1004,1005,-1,1005,1004,1006,-1,1005,1006,1007,-1,1007,1006,1008,-1,1007,1008,1009,-1,1009,1008,1010,-1,1009,1010,1011,-1,1011,1010,1012,-1,1011,1012,1013,-1,1013,1012,1014,-1,1013,1014,1015,-1,1015,1014,1016,-1,1015,1016,1017,-1,1017,1016,1018,-1,1017,1018,1019,-1,1019,1018,1020,-1,1019,1020,1021,-1,1021,1020,1022,-1,1021,1022,1023,-1,1023,1022,1024,-1,1023,1024,1025,-1,1025,1024,1026,-1,1025,1026,1027,-1,1027,1026,1028,-1,1027,1028,1029,-1,1029,1028,1030,-1,1029,1030,1031,-1,1031,1030,1032,-1,1031,1032,1033,-1,1033,1032,1034,-1,1033,1034,1035,-1,1035,1034,1036,-1,1035,1036,1037,-1,1037,1036,1038,-1,1037,1038,1039,-1,936,1039,937,-1,937,1039,1038,-1,984,986,982,-1,982,986,989,-1,982,989,980,-1,980,989,991,-1,980,991,978,-1,978,991,993,-1,978,993,976,-1,976,993,995,-1,976,995,974,-1,1039,936,1037,-1,1037,936,938,-1,1037,938,1035,-1,1035,938,940,-1,1035,940,1033,-1,1033,940,942,-1,1033,942,1031,-1,1031,942,944,-1,1031,944,1029,-1,1029,944,946,-1,1029,946,1027,-1,1027,946,948,-1,1027,948,1025,-1,1025,948,950,-1,995,997,974,-1,974,997,999,-1,974,999,972,-1,972,999,1001,-1,972,1001,970,-1,970,1001,1003,-1,970,1003,968,-1,968,1003,1005,-1,968,1005,966,-1,966,1005,1007,-1,966,1007,964,-1,964,1007,1009,-1,964,1009,962,-1,962,1009,1011,-1,962,1011,960,-1,960,1011,1013,-1,960,1013,958,-1,958,1013,1015,-1,958,1015,956,-1,956,1015,1017,-1,956,1017,954,-1,954,1017,1019,-1,954,1019,952,-1,952,1019,1021,-1,952,1021,950,-1,950,1021,1023,-1,950,1023,1025,-1,937,1038,939,-1,939,1038,1036,-1,939,1036,941,-1,941,1036,1034,-1,941,1034,943,-1,943,1034,1032,-1,943,1032,945,-1,945,1032,1030,-1,945,1030,947,-1,987,985,988,-1,988,985,983,-1,988,983,990,-1,990,983,981,-1,990,981,992,-1,992,981,979,-1,992,979,994,-1,994,979,977,-1,994,977,996,-1,996,977,975,-1,996,975,998,-1,998,975,973,-1,1030,1028,947,-1,947,1028,1026,-1,947,1026,949,-1,949,1026,1024,-1,949,1024,951,-1,951,1024,1022,-1,951,1022,953,-1,953,1022,1020,-1,953,1020,955,-1,955,1020,1018,-1,955,1018,957,-1,957,1018,1016,-1,957,1016,959,-1,959,1016,1014,-1,959,1014,961,-1,961,1014,1012,-1,961,1012,963,-1,963,1012,1010,-1,963,1010,965,-1,965,1010,1008,-1,965,1008,967,-1,967,1008,1006,-1,967,1006,969,-1,969,1006,1004,-1,969,1004,971,-1,971,1004,1002,-1,971,1002,973,-1,973,1002,1000,-1,973,1000,998,-1,1040,1041,1042,-1,1042,1041,1043,-1,1042,1043,1044,-1,1044,1043,1045,-1,1044,1045,1046,-1,1046,1045,1047,-1,1046,1047,1048,-1,1048,1047,1049,-1,1048,1049,1050,-1,1050,1049,1051,-1,1050,1051,1052,-1,1052,1051,1053,-1,1052,1053,1054,-1,1054,1053,1055,-1,1054,1055,1056,-1,1056,1055,1057,-1,1056,1057,1058,-1,1058,1057,1059,-1,1058,1059,1060,-1,1060,1059,1061,-1,1060,1061,1062,-1,1062,1061,1063,-1,1062,1063,1064,-1,1064,1063,1065,-1,1064,1065,1066,-1,1066,1065,1067,-1,1066,1067,1068,-1,1068,1067,1069,-1,1068,1069,1070,-1,1070,1069,1071,-1,1070,1071,1072,-1,1072,1071,1073,-1,1072,1073,1074,-1,1074,1073,1075,-1,1074,1075,1076,-1,1076,1075,1077,-1,1076,1077,1078,-1,1078,1077,1079,-1,1078,1079,1080,-1,1080,1079,1081,-1,1080,1081,1082,-1,1082,1081,1083,-1,1082,1083,1084,-1,1084,1083,1085,-1,1084,1085,1086,-1,1086,1085,1087,-1,1086,1087,1088,-1,1088,1087,1089,-1,1090,1088,1091,-1,1091,1088,1089,-1,1090,1091,1092,-1,1090,1092,1093,-1,1093,1092,1094,-1,1093,1094,1095,-1,1095,1094,1096,-1,1095,1096,1097,-1,1097,1096,1098,-1,1097,1098,1099,-1,1099,1098,1100,-1,1099,1100,1101,-1,1101,1100,1102,-1,1101,1102,1103,-1,1103,1102,1104,-1,1103,1104,1105,-1,1105,1104,1106,-1,1105,1106,1107,-1,1107,1106,1108,-1,1107,1108,1109,-1,1109,1108,1110,-1,1109,1110,1111,-1,1111,1110,1112,-1,1111,1112,1113,-1,1113,1112,1114,-1,1113,1114,1115,-1,1115,1114,1116,-1,1115,1116,1117,-1,1117,1116,1118,-1,1117,1118,1119,-1,1119,1118,1120,-1,1119,1120,1121,-1,1121,1120,1122,-1,1121,1122,1123,-1,1123,1122,1124,-1,1123,1124,1125,-1,1125,1124,1126,-1,1125,1126,1127,-1,1127,1126,1128,-1,1127,1128,1129,-1,1129,1128,1130,-1,1129,1130,1131,-1,1131,1130,1132,-1,1131,1132,1133,-1,1133,1132,1134,-1,1133,1134,1135,-1,1135,1134,1136,-1,1135,1136,1137,-1,1137,1136,1138,-1,1137,1138,1139,-1,1139,1138,1140,-1,1139,1140,1141,-1,1141,1140,1142,-1,1141,1142,1143,-1,1040,1143,1041,-1,1041,1143,1142,-1,1088,1090,1086,-1,1086,1090,1093,-1,1086,1093,1084,-1,1084,1093,1095,-1,1084,1095,1082,-1,1082,1095,1097,-1,1082,1097,1080,-1,1080,1097,1099,-1,1080,1099,1078,-1,1143,1040,1141,-1,1141,1040,1042,-1,1141,1042,1139,-1,1139,1042,1044,-1,1139,1044,1137,-1,1137,1044,1046,-1,1137,1046,1135,-1,1135,1046,1048,-1,1135,1048,1133,-1,1133,1048,1050,-1,1133,1050,1131,-1,1131,1050,1052,-1,1099,1101,1078,-1,1078,1101,1103,-1,1078,1103,1076,-1,1076,1103,1105,-1,1076,1105,1074,-1,1074,1105,1107,-1,1074,1107,1072,-1,1072,1107,1109,-1,1072,1109,1070,-1,1070,1109,1111,-1,1070,1111,1068,-1,1068,1111,1113,-1,1068,1113,1066,-1,1066,1113,1115,-1,1066,1115,1064,-1,1064,1115,1117,-1,1064,1117,1062,-1,1062,1117,1119,-1,1062,1119,1060,-1,1060,1119,1121,-1,1060,1121,1058,-1,1058,1121,1123,-1,1058,1123,1056,-1,1056,1123,1125,-1,1056,1125,1054,-1,1054,1125,1127,-1,1054,1127,1052,-1,1052,1127,1129,-1,1052,1129,1131,-1,1091,1089,1092,-1,1092,1089,1087,-1,1092,1087,1094,-1,1094,1087,1085,-1,1094,1085,1096,-1,1096,1085,1083,-1,1096,1083,1098,-1,1098,1083,1081,-1,1098,1081,1100,-1,1100,1081,1079,-1,1100,1079,1102,-1,1102,1079,1077,-1,1051,1130,1053,-1,1053,1130,1128,-1,1053,1128,1055,-1,1055,1128,1126,-1,1055,1126,1057,-1,1057,1126,1124,-1,1057,1124,1059,-1,1059,1124,1122,-1,1059,1122,1061,-1,1061,1122,1120,-1,1061,1120,1063,-1,1063,1120,1118,-1,1063,1118,1065,-1,1065,1118,1116,-1,1065,1116,1067,-1,1067,1116,1114,-1,1067,1114,1069,-1,1069,1114,1112,-1,1069,1112,1071,-1,1071,1112,1110,-1,1071,1110,1073,-1,1073,1110,1108,-1,1073,1108,1075,-1,1075,1108,1106,-1,1075,1106,1077,-1,1077,1106,1104,-1,1077,1104,1102,-1,1041,1142,1043,-1,1043,1142,1140,-1,1043,1140,1045,-1,1045,1140,1138,-1,1045,1138,1047,-1,1047,1138,1136,-1,1047,1136,1049,-1,1049,1136,1134,-1,1049,1134,1051,-1,1051,1134,1132,-1,1051,1132,1130,-1,1144,1145,1146,-1,1146,1145,1147,-1,1146,1147,1148,-1,1148,1147,1149,-1,1148,1149,1150,-1,1150,1149,1151,-1,1150,1151,1152,-1,1152,1151,1153,-1,1152,1153,1154,-1,1154,1153,1155,-1,1154,1155,1156,-1,1156,1155,1157,-1,1156,1157,1158,-1,1158,1157,1159,-1,1158,1159,1160,-1,1160,1159,1161,-1,1160,1161,1162,-1,1162,1161,1163,-1,1162,1163,1164,-1,1164,1163,1165,-1,1164,1165,1166,-1,1166,1165,1167,-1,1166,1167,1168,-1,1168,1167,1169,-1,1168,1169,1170,-1,1170,1169,1171,-1,1170,1171,1172,-1,1172,1171,1173,-1,1172,1173,1174,-1,1174,1173,1175,-1,1174,1175,1176,-1,1176,1175,1177,-1,1176,1177,1178,-1,1178,1177,1179,-1,1178,1179,1180,-1,1180,1179,1181,-1,1180,1181,1182,-1,1182,1181,1183,-1,1182,1183,1184,-1,1184,1183,1185,-1,1184,1185,1186,-1,1186,1185,1187,-1,1186,1187,1188,-1,1188,1187,1189,-1,1188,1189,1190,-1,1190,1189,1191,-1,1190,1191,1192,-1,1192,1191,1193,-1,1194,1192,1195,-1,1195,1192,1193,-1,1194,1195,1196,-1,1194,1196,1197,-1,1197,1196,1198,-1,1197,1198,1199,-1,1199,1198,1200,-1,1199,1200,1201,-1,1201,1200,1202,-1,1201,1202,1203,-1,1203,1202,1204,-1,1203,1204,1205,-1,1205,1204,1206,-1,1205,1206,1207,-1,1207,1206,1208,-1,1207,1208,1209,-1,1209,1208,1210,-1,1209,1210,1211,-1,1211,1210,1212,-1,1211,1212,1213,-1,1213,1212,1214,-1,1213,1214,1215,-1,1215,1214,1216,-1,1215,1216,1217,-1,1217,1216,1218,-1,1217,1218,1219,-1,1219,1218,1220,-1,1219,1220,1221,-1,1221,1220,1222,-1,1221,1222,1223,-1,1223,1222,1224,-1,1223,1224,1225,-1,1225,1224,1226,-1,1225,1226,1227,-1,1227,1226,1228,-1,1227,1228,1229,-1,1229,1228,1230,-1,1229,1230,1231,-1,1231,1230,1232,-1,1231,1232,1233,-1,1233,1232,1234,-1,1233,1234,1235,-1,1235,1234,1236,-1,1235,1236,1237,-1,1237,1236,1238,-1,1237,1238,1239,-1,1239,1238,1240,-1,1239,1240,1241,-1,1241,1240,1242,-1,1241,1242,1243,-1,1243,1242,1244,-1,1243,1244,1245,-1,1245,1244,1246,-1,1245,1246,1247,-1,1144,1247,1145,-1,1145,1247,1246,-1,1182,1207,1180,-1,1180,1207,1209,-1,1180,1209,1178,-1,1178,1209,1211,-1,1178,1211,1176,-1,1176,1211,1213,-1,1176,1213,1174,-1,1174,1213,1215,-1,1174,1215,1172,-1,1172,1215,1217,-1,1172,1217,1170,-1,1170,1217,1219,-1,1170,1219,1168,-1,1168,1219,1221,-1,1168,1221,1166,-1,1166,1221,1223,-1,1166,1223,1164,-1,1164,1223,1225,-1,1164,1225,1162,-1,1162,1225,1227,-1,1162,1227,1160,-1,1160,1227,1229,-1,1160,1229,1158,-1,1158,1229,1231,-1,1158,1231,1156,-1,1192,1194,1190,-1,1190,1194,1197,-1,1190,1197,1188,-1,1188,1197,1199,-1,1188,1199,1186,-1,1186,1199,1201,-1,1186,1201,1184,-1,1184,1201,1203,-1,1184,1203,1182,-1,1182,1203,1205,-1,1182,1205,1207,-1,1247,1144,1245,-1,1245,1144,1146,-1,1245,1146,1243,-1,1243,1146,1148,-1,1243,1148,1241,-1,1241,1148,1150,-1,1241,1150,1239,-1,1239,1150,1152,-1,1239,1152,1237,-1,1237,1152,1154,-1,1237,1154,1235,-1,1235,1154,1156,-1,1235,1156,1233,-1,1233,1156,1231,-1,1181,1206,1183,-1,1183,1206,1204,-1,1183,1204,1185,-1,1185,1204,1202,-1,1185,1202,1187,-1,1187,1202,1200,-1,1187,1200,1189,-1,1189,1200,1198,-1,1189,1198,1191,-1,1191,1198,1196,-1,1191,1196,1193,-1,1193,1196,1195,-1,1155,1234,1157,-1,1157,1234,1232,-1,1157,1232,1159,-1,1159,1232,1230,-1,1159,1230,1161,-1,1161,1230,1228,-1,1161,1228,1163,-1,1163,1228,1226,-1,1163,1226,1165,-1,1165,1226,1224,-1,1165,1224,1167,-1,1167,1224,1222,-1,1167,1222,1169,-1,1169,1222,1220,-1,1169,1220,1171,-1,1171,1220,1218,-1,1171,1218,1173,-1,1173,1218,1216,-1,1173,1216,1175,-1,1175,1216,1214,-1,1175,1214,1177,-1,1177,1214,1212,-1,1177,1212,1179,-1,1179,1212,1210,-1,1179,1210,1181,-1,1181,1210,1208,-1,1181,1208,1206,-1,1145,1246,1147,-1,1147,1246,1244,-1,1147,1244,1149,-1,1149,1244,1242,-1,1149,1242,1151,-1,1151,1242,1240,-1,1151,1240,1153,-1,1153,1240,1238,-1,1153,1238,1155,-1,1155,1238,1236,-1,1155,1236,1234,-1,1248,1249,1250,-1,1250,1249,1251,-1,1250,1251,1252,-1,1252,1251,1253,-1,1252,1253,1254,-1,1254,1253,1255,-1,1254,1255,1256,-1,1256,1255,1257,-1,1256,1257,1258,-1,1258,1257,1259,-1,1258,1259,1260,-1,1260,1259,1261,-1,1260,1261,1262,-1,1262,1261,1263,-1,1262,1263,1264,-1,1264,1263,1265,-1,1264,1265,1266,-1,1266,1265,1267,-1,1266,1267,1268,-1,1268,1267,1269,-1,1268,1269,1270,-1,1270,1269,1271,-1,1270,1271,1272,-1,1272,1271,1273,-1,1272,1273,1274,-1,1274,1273,1275,-1,1274,1275,1276,-1,1276,1275,1277,-1,1276,1277,1278,-1,1278,1277,1279,-1,1278,1279,1280,-1,1280,1279,1281,-1,1280,1281,1282,-1,1282,1281,1283,-1,1282,1283,1284,-1,1284,1283,1285,-1,1284,1285,1286,-1,1286,1285,1287,-1,1286,1287,1288,-1,1288,1287,1289,-1,1288,1289,1290,-1,1290,1289,1291,-1,1290,1291,1292,-1,1292,1291,1293,-1,1292,1293,1294,-1,1294,1293,1295,-1,1294,1295,1296,-1,1296,1295,1297,-1,1298,1296,1299,-1,1299,1296,1297,-1,1298,1299,1300,-1,1298,1300,1301,-1,1301,1300,1302,-1,1301,1302,1303,-1,1303,1302,1304,-1,1303,1304,1305,-1,1305,1304,1306,-1,1305,1306,1307,-1,1307,1306,1308,-1,1307,1308,1309,-1,1309,1308,1310,-1,1309,1310,1311,-1,1311,1310,1312,-1,1311,1312,1313,-1,1313,1312,1314,-1,1313,1314,1315,-1,1315,1314,1316,-1,1315,1316,1317,-1,1317,1316,1318,-1,1317,1318,1319,-1,1319,1318,1320,-1,1319,1320,1321,-1,1321,1320,1322,-1,1321,1322,1323,-1,1323,1322,1324,-1,1323,1324,1325,-1,1325,1324,1326,-1,1325,1326,1327,-1,1327,1326,1328,-1,1327,1328,1329,-1,1329,1328,1330,-1,1329,1330,1331,-1,1331,1330,1332,-1,1331,1332,1333,-1,1333,1332,1334,-1,1333,1334,1335,-1,1335,1334,1336,-1,1335,1336,1337,-1,1337,1336,1338,-1,1337,1338,1339,-1,1339,1338,1340,-1,1339,1340,1341,-1,1341,1340,1342,-1,1341,1342,1343,-1,1343,1342,1344,-1,1343,1344,1345,-1,1345,1344,1346,-1,1345,1346,1347,-1,1347,1346,1348,-1,1347,1348,1349,-1,1349,1348,1350,-1,1349,1350,1351,-1,1248,1351,1249,-1,1249,1351,1350,-1,1284,1313,1282,-1,1282,1313,1315,-1,1282,1315,1280,-1,1280,1315,1317,-1,1280,1317,1278,-1,1278,1317,1319,-1,1278,1319,1276,-1,1276,1319,1321,-1,1276,1321,1274,-1,1274,1321,1323,-1,1274,1323,1272,-1,1272,1323,1325,-1,1272,1325,1270,-1,1270,1325,1327,-1,1270,1327,1268,-1,1268,1327,1329,-1,1268,1329,1266,-1,1266,1329,1331,-1,1266,1331,1264,-1,1264,1331,1333,-1,1264,1333,1262,-1,1262,1333,1335,-1,1262,1335,1260,-1,1296,1298,1294,-1,1294,1298,1301,-1,1294,1301,1292,-1,1292,1301,1303,-1,1292,1303,1290,-1,1290,1303,1305,-1,1290,1305,1288,-1,1288,1305,1307,-1,1288,1307,1286,-1,1286,1307,1309,-1,1286,1309,1284,-1,1284,1309,1311,-1,1284,1311,1313,-1,1351,1248,1349,-1,1349,1248,1250,-1,1349,1250,1347,-1,1347,1250,1252,-1,1347,1252,1345,-1,1345,1252,1254,-1,1345,1254,1343,-1,1343,1254,1256,-1,1343,1256,1341,-1,1341,1256,1258,-1,1341,1258,1339,-1,1339,1258,1260,-1,1339,1260,1337,-1,1337,1260,1335,-1,1283,1312,1285,-1,1285,1312,1310,-1,1285,1310,1287,-1,1287,1310,1308,-1,1287,1308,1289,-1,1289,1308,1306,-1,1289,1306,1291,-1,1291,1306,1304,-1,1291,1304,1293,-1,1293,1304,1302,-1,1293,1302,1295,-1,1295,1302,1300,-1,1295,1300,1297,-1,1297,1300,1299,-1,1259,1338,1261,-1,1261,1338,1336,-1,1261,1336,1263,-1,1263,1336,1334,-1,1263,1334,1265,-1,1265,1334,1332,-1,1265,1332,1267,-1,1267,1332,1330,-1,1267,1330,1269,-1,1269,1330,1328,-1,1269,1328,1271,-1,1271,1328,1326,-1,1271,1326,1273,-1,1273,1326,1324,-1,1273,1324,1275,-1,1275,1324,1322,-1,1275,1322,1277,-1,1277,1322,1320,-1,1277,1320,1279,-1,1279,1320,1318,-1,1279,1318,1281,-1,1281,1318,1316,-1,1281,1316,1283,-1,1283,1316,1314,-1,1283,1314,1312,-1,1249,1350,1251,-1,1251,1350,1348,-1,1251,1348,1253,-1,1253,1348,1346,-1,1253,1346,1255,-1,1255,1346,1344,-1,1255,1344,1257,-1,1257,1344,1342,-1,1257,1342,1259,-1,1259,1342,1340,-1,1259,1340,1338,-1,1352,1353,1354,-1,1354,1353,1355,-1,1354,1355,1356,-1,1356,1355,1357,-1,1356,1357,1358,-1,1358,1357,1359,-1,1358,1359,1360,-1,1360,1359,1361,-1,1360,1361,1362,-1,1362,1361,1363,-1,1362,1363,1364,-1,1364,1363,1365,-1,1364,1365,1366,-1,1366,1365,1367,-1,1366,1367,1368,-1,1368,1367,1369,-1,1368,1369,1370,-1,1370,1369,1371,-1,1370,1371,1372,-1,1372,1371,1373,-1,1372,1373,1374,-1,1374,1373,1375,-1,1374,1375,1376,-1,1376,1375,1377,-1,1376,1377,1378,-1,1378,1377,1379,-1,1378,1379,1380,-1,1380,1379,1381,-1,1380,1381,1382,-1,1382,1381,1383,-1,1382,1383,1384,-1,1384,1383,1385,-1,1384,1385,1386,-1,1386,1385,1387,-1,1386,1387,1388,-1,1388,1387,1389,-1,1388,1389,1390,-1,1390,1389,1391,-1,1390,1391,1392,-1,1392,1391,1393,-1,1392,1393,1394,-1,1394,1393,1395,-1,1394,1395,1396,-1,1396,1395,1397,-1,1396,1397,1398,-1,1398,1397,1399,-1,1398,1399,1400,-1,1400,1399,1401,-1,1402,1400,1403,-1,1403,1400,1401,-1,1402,1403,1404,-1,1402,1404,1405,-1,1405,1404,1406,-1,1405,1406,1407,-1,1407,1406,1408,-1,1407,1408,1409,-1,1409,1408,1410,-1,1409,1410,1411,-1,1411,1410,1412,-1,1411,1412,1413,-1,1413,1412,1414,-1,1413,1414,1415,-1,1415,1414,1416,-1,1415,1416,1417,-1,1417,1416,1418,-1,1417,1418,1419,-1,1419,1418,1420,-1,1419,1420,1421,-1,1421,1420,1422,-1,1421,1422,1423,-1,1423,1422,1424,-1,1423,1424,1425,-1,1425,1424,1426,-1,1425,1426,1427,-1,1427,1426,1428,-1,1427,1428,1429,-1,1429,1428,1430,-1,1429,1430,1431,-1,1431,1430,1432,-1,1431,1432,1433,-1,1433,1432,1434,-1,1433,1434,1435,-1,1435,1434,1436,-1,1435,1436,1437,-1,1437,1436,1438,-1,1437,1438,1439,-1,1439,1438,1440,-1,1439,1440,1441,-1,1441,1440,1442,-1,1441,1442,1443,-1,1443,1442,1444,-1,1443,1444,1445,-1,1445,1444,1446,-1,1445,1446,1447,-1,1447,1446,1448,-1,1447,1448,1449,-1,1449,1448,1450,-1,1449,1450,1451,-1,1451,1450,1452,-1,1451,1452,1453,-1,1453,1452,1454,-1,1453,1454,1455,-1,1352,1455,1353,-1,1353,1455,1454,-1,1400,1402,1398,-1,1398,1402,1405,-1,1398,1405,1396,-1,1396,1405,1407,-1,1396,1407,1394,-1,1394,1407,1409,-1,1394,1409,1392,-1,1392,1409,1411,-1,1392,1411,1390,-1,1455,1352,1453,-1,1453,1352,1354,-1,1453,1354,1451,-1,1451,1354,1356,-1,1451,1356,1449,-1,1449,1356,1358,-1,1449,1358,1447,-1,1447,1358,1360,-1,1447,1360,1445,-1,1445,1360,1362,-1,1445,1362,1443,-1,1443,1362,1364,-1,1411,1413,1390,-1,1390,1413,1415,-1,1390,1415,1388,-1,1388,1415,1417,-1,1388,1417,1386,-1,1386,1417,1419,-1,1386,1419,1384,-1,1384,1419,1421,-1,1384,1421,1382,-1,1382,1421,1423,-1,1382,1423,1380,-1,1380,1423,1425,-1,1380,1425,1378,-1,1378,1425,1427,-1,1378,1427,1376,-1,1376,1427,1429,-1,1376,1429,1374,-1,1374,1429,1431,-1,1374,1431,1372,-1,1372,1431,1433,-1,1372,1433,1370,-1,1370,1433,1435,-1,1370,1435,1368,-1,1368,1435,1437,-1,1368,1437,1366,-1,1366,1437,1439,-1,1366,1439,1364,-1,1364,1439,1441,-1,1364,1441,1443,-1,1403,1401,1404,-1,1404,1401,1399,-1,1404,1399,1406,-1,1406,1399,1397,-1,1406,1397,1408,-1,1408,1397,1395,-1,1408,1395,1410,-1,1410,1395,1393,-1,1410,1393,1412,-1,1412,1393,1391,-1,1412,1391,1414,-1,1414,1391,1389,-1,1363,1442,1365,-1,1365,1442,1440,-1,1365,1440,1367,-1,1367,1440,1438,-1,1367,1438,1369,-1,1369,1438,1436,-1,1369,1436,1371,-1,1371,1436,1434,-1,1371,1434,1373,-1,1373,1434,1432,-1,1373,1432,1375,-1,1375,1432,1430,-1,1375,1430,1377,-1,1377,1430,1428,-1,1377,1428,1379,-1,1379,1428,1426,-1,1379,1426,1381,-1,1381,1426,1424,-1,1381,1424,1383,-1,1383,1424,1422,-1,1383,1422,1385,-1,1385,1422,1420,-1,1385,1420,1387,-1,1387,1420,1418,-1,1387,1418,1389,-1,1389,1418,1416,-1,1389,1416,1414,-1,1353,1454,1355,-1,1355,1454,1452,-1,1355,1452,1357,-1,1357,1452,1450,-1,1357,1450,1359,-1,1359,1450,1448,-1,1359,1448,1361,-1,1361,1448,1446,-1,1361,1446,1363,-1,1363,1446,1444,-1,1363,1444,1442,-1,1456,1457,1458,-1,1458,1457,1459,-1,1458,1459,1460,-1,1460,1459,1461,-1,1460,1461,1462,-1,1462,1461,1463,-1,1462,1463,1464,-1,1464,1463,1465,-1,1464,1465,1466,-1,1466,1465,1467,-1,1466,1467,1468,-1,1468,1467,1469,-1,1468,1469,1470,-1,1470,1469,1471,-1,1470,1471,1472,-1,1472,1471,1473,-1,1472,1473,1474,-1,1474,1473,1475,-1,1474,1475,1476,-1,1476,1475,1477,-1,1476,1477,1478,-1,1478,1477,1479,-1,1478,1479,1480,-1,1480,1479,1481,-1,1480,1481,1482,-1,1482,1481,1483,-1,1482,1483,1484,-1,1484,1483,1485,-1,1484,1485,1486,-1,1486,1485,1487,-1,1486,1487,1488,-1,1488,1487,1489,-1,1488,1489,1490,-1,1490,1489,1491,-1,1490,1491,1492,-1,1492,1491,1493,-1,1492,1493,1494,-1,1494,1493,1495,-1,1494,1495,1496,-1,1496,1495,1497,-1,1496,1497,1498,-1,1498,1497,1499,-1,1498,1499,1500,-1,1500,1499,1501,-1,1500,1501,1502,-1,1502,1501,1503,-1,1502,1503,1504,-1,1504,1503,1505,-1,1506,1504,1507,-1,1507,1504,1505,-1,1506,1507,1508,-1,1506,1508,1509,-1,1509,1508,1510,-1,1509,1510,1511,-1,1511,1510,1512,-1,1511,1512,1513,-1,1513,1512,1514,-1,1513,1514,1515,-1,1515,1514,1516,-1,1515,1516,1517,-1,1517,1516,1518,-1,1517,1518,1519,-1,1519,1518,1520,-1,1519,1520,1521,-1,1521,1520,1522,-1,1521,1522,1523,-1,1523,1522,1524,-1,1523,1524,1525,-1,1525,1524,1526,-1,1525,1526,1527,-1,1527,1526,1528,-1,1527,1528,1529,-1,1529,1528,1530,-1,1529,1530,1531,-1,1531,1530,1532,-1,1531,1532,1533,-1,1533,1532,1534,-1,1533,1534,1535,-1,1535,1534,1536,-1,1535,1536,1537,-1,1537,1536,1538,-1,1537,1538,1539,-1,1539,1538,1540,-1,1539,1540,1541,-1,1541,1540,1542,-1,1541,1542,1543,-1,1543,1542,1544,-1,1543,1544,1545,-1,1545,1544,1546,-1,1545,1546,1547,-1,1547,1546,1548,-1,1547,1548,1549,-1,1549,1548,1550,-1,1549,1550,1551,-1,1551,1550,1552,-1,1551,1552,1553,-1,1553,1552,1554,-1,1553,1554,1555,-1,1555,1554,1556,-1,1555,1556,1557,-1,1557,1556,1558,-1,1557,1558,1559,-1,1456,1559,1457,-1,1457,1559,1558,-1,1504,1506,1502,-1,1502,1506,1509,-1,1502,1509,1500,-1,1500,1509,1511,-1,1500,1511,1498,-1,1498,1511,1513,-1,1498,1513,1496,-1,1496,1513,1515,-1,1496,1515,1494,-1,1559,1456,1557,-1,1557,1456,1458,-1,1557,1458,1555,-1,1555,1458,1460,-1,1555,1460,1553,-1,1553,1460,1462,-1,1553,1462,1551,-1,1551,1462,1464,-1,1551,1464,1549,-1,1549,1464,1466,-1,1549,1466,1547,-1,1547,1466,1468,-1,1547,1468,1545,-1,1545,1468,1470,-1,1515,1517,1494,-1,1494,1517,1519,-1,1494,1519,1492,-1,1492,1519,1521,-1,1492,1521,1490,-1,1490,1521,1523,-1,1490,1523,1488,-1,1488,1523,1525,-1,1488,1525,1486,-1,1486,1525,1527,-1,1486,1527,1484,-1,1484,1527,1529,-1,1484,1529,1482,-1,1482,1529,1531,-1,1482,1531,1480,-1,1480,1531,1533,-1,1480,1533,1478,-1,1478,1533,1535,-1,1478,1535,1476,-1,1476,1535,1537,-1,1476,1537,1474,-1,1474,1537,1539,-1,1474,1539,1472,-1,1472,1539,1541,-1,1472,1541,1470,-1,1470,1541,1543,-1,1470,1543,1545,-1,1457,1558,1459,-1,1459,1558,1556,-1,1459,1556,1461,-1,1461,1556,1554,-1,1461,1554,1463,-1,1463,1554,1552,-1,1463,1552,1465,-1,1465,1552,1550,-1,1465,1550,1467,-1,1507,1505,1508,-1,1508,1505,1503,-1,1508,1503,1510,-1,1510,1503,1501,-1,1510,1501,1512,-1,1512,1501,1499,-1,1512,1499,1514,-1,1514,1499,1497,-1,1514,1497,1516,-1,1516,1497,1495,-1,1516,1495,1518,-1,1518,1495,1493,-1,1550,1548,1467,-1,1467,1548,1546,-1,1467,1546,1469,-1,1469,1546,1544,-1,1469,1544,1471,-1,1471,1544,1542,-1,1471,1542,1473,-1,1473,1542,1540,-1,1473,1540,1475,-1,1475,1540,1538,-1,1475,1538,1477,-1,1477,1538,1536,-1,1477,1536,1479,-1,1479,1536,1534,-1,1479,1534,1481,-1,1481,1534,1532,-1,1481,1532,1483,-1,1483,1532,1530,-1,1483,1530,1485,-1,1485,1530,1528,-1,1485,1528,1487,-1,1487,1528,1526,-1,1487,1526,1489,-1,1489,1526,1524,-1,1489,1524,1491,-1,1491,1524,1522,-1,1491,1522,1493,-1,1493,1522,1520,-1,1493,1520,1518,-1,1560,1561,1562,-1,1562,1561,1563,-1,1562,1563,1564,-1,1564,1563,1565,-1,1564,1565,1566,-1,1566,1565,1567,-1,1566,1567,1568,-1,1568,1567,1569,-1,1568,1569,1570,-1,1570,1569,1571,-1,1570,1571,1572,-1,1572,1571,1573,-1,1572,1573,1574,-1,1574,1573,1575,-1,1574,1575,1576,-1,1576,1575,1577,-1,1576,1577,1578,-1,1578,1577,1579,-1,1578,1579,1580,-1,1580,1579,1581,-1,1580,1581,1582,-1,1582,1581,1583,-1,1582,1583,1584,-1,1584,1583,1585,-1,1584,1585,1586,-1,1586,1585,1587,-1,1586,1587,1588,-1,1588,1587,1589,-1,1588,1589,1590,-1,1590,1589,1591,-1,1590,1591,1592,-1,1592,1591,1593,-1,1592,1593,1594,-1,1594,1593,1595,-1,1594,1595,1596,-1,1596,1595,1597,-1,1596,1597,1598,-1,1598,1597,1599,-1,1598,1599,1600,-1,1600,1599,1601,-1,1600,1601,1602,-1,1602,1601,1603,-1,1602,1603,1604,-1,1604,1603,1605,-1,1604,1605,1606,-1,1606,1605,1607,-1,1606,1607,1608,-1,1608,1607,1609,-1,1610,1608,1611,-1,1611,1608,1609,-1,1610,1611,1612,-1,1610,1612,1613,-1,1613,1612,1614,-1,1613,1614,1615,-1,1615,1614,1616,-1,1615,1616,1617,-1,1617,1616,1618,-1,1617,1618,1619,-1,1619,1618,1620,-1,1619,1620,1621,-1,1621,1620,1622,-1,1621,1622,1623,-1,1623,1622,1624,-1,1623,1624,1625,-1,1625,1624,1626,-1,1625,1626,1627,-1,1627,1626,1628,-1,1627,1628,1629,-1,1629,1628,1630,-1,1629,1630,1631,-1,1631,1630,1632,-1,1631,1632,1633,-1,1633,1632,1634,-1,1633,1634,1635,-1,1635,1634,1636,-1,1635,1636,1637,-1,1637,1636,1638,-1,1637,1638,1639,-1,1639,1638,1640,-1,1639,1640,1641,-1,1641,1640,1642,-1,1641,1642,1643,-1,1643,1642,1644,-1,1643,1644,1645,-1,1645,1644,1646,-1,1645,1646,1647,-1,1647,1646,1648,-1,1647,1648,1649,-1,1649,1648,1650,-1,1649,1650,1651,-1,1651,1650,1652,-1,1651,1652,1653,-1,1653,1652,1654,-1,1653,1654,1655,-1,1655,1654,1656,-1,1655,1656,1657,-1,1657,1656,1658,-1,1657,1658,1659,-1,1659,1658,1660,-1,1659,1660,1661,-1,1661,1660,1662,-1,1661,1662,1663,-1,1560,1663,1561,-1,1561,1663,1662,-1,1608,1610,1606,-1,1606,1610,1613,-1,1606,1613,1604,-1,1604,1613,1615,-1,1604,1615,1602,-1,1602,1615,1617,-1,1602,1617,1600,-1,1600,1617,1619,-1,1600,1619,1598,-1,1663,1560,1661,-1,1661,1560,1562,-1,1661,1562,1659,-1,1659,1562,1564,-1,1659,1564,1657,-1,1657,1564,1566,-1,1657,1566,1655,-1,1655,1566,1568,-1,1655,1568,1653,-1,1653,1568,1570,-1,1653,1570,1651,-1,1651,1570,1572,-1,1651,1572,1649,-1,1649,1572,1574,-1,1619,1621,1598,-1,1598,1621,1623,-1,1598,1623,1596,-1,1596,1623,1625,-1,1596,1625,1594,-1,1594,1625,1627,-1,1594,1627,1592,-1,1592,1627,1629,-1,1592,1629,1590,-1,1590,1629,1631,-1,1590,1631,1588,-1,1588,1631,1633,-1,1588,1633,1586,-1,1586,1633,1635,-1,1586,1635,1584,-1,1584,1635,1637,-1,1584,1637,1582,-1,1582,1637,1639,-1,1582,1639,1580,-1,1580,1639,1641,-1,1580,1641,1578,-1,1578,1641,1643,-1,1578,1643,1576,-1,1576,1643,1645,-1,1576,1645,1574,-1,1574,1645,1647,-1,1574,1647,1649,-1,1561,1662,1563,-1,1563,1662,1660,-1,1563,1660,1565,-1,1565,1660,1658,-1,1565,1658,1567,-1,1567,1658,1656,-1,1567,1656,1569,-1,1569,1656,1654,-1,1569,1654,1571,-1,1611,1609,1612,-1,1612,1609,1607,-1,1612,1607,1614,-1,1614,1607,1605,-1,1614,1605,1616,-1,1616,1605,1603,-1,1616,1603,1618,-1,1618,1603,1601,-1,1618,1601,1620,-1,1620,1601,1599,-1,1620,1599,1622,-1,1622,1599,1597,-1,1654,1652,1571,-1,1571,1652,1650,-1,1571,1650,1573,-1,1573,1650,1648,-1,1573,1648,1575,-1,1575,1648,1646,-1,1575,1646,1577,-1,1577,1646,1644,-1,1577,1644,1579,-1,1579,1644,1642,-1,1579,1642,1581,-1,1581,1642,1640,-1,1581,1640,1583,-1,1583,1640,1638,-1,1583,1638,1585,-1,1585,1638,1636,-1,1585,1636,1587,-1,1587,1636,1634,-1,1587,1634,1589,-1,1589,1634,1632,-1,1589,1632,1591,-1,1591,1632,1630,-1,1591,1630,1593,-1,1593,1630,1628,-1,1593,1628,1595,-1,1595,1628,1626,-1,1595,1626,1597,-1,1597,1626,1624,-1,1597,1624,1622,-1,
        ]
    }
}
Shape{
    appearance Appearance {
        material  Material 	{
            diffuseColor 0.0 0.5294117647058824 0.011764705882352941
            specularColor 0.0 0.4666666666666667 0.011764705882352941
            ambientIntensity 0.3121
            transparency 0.0
            shininess 0.5
        }
    }
    geometry IndexedFaceSet {
        ccw TRUE
        solid FALSE
        coord DEF co Coordinate {
            point [
                0.1012 0.0221 0.0, 0.0769 0.0318 0.0, 0.1327 0.1749 0.0, 0.3145 0.0216 0.0, 0.2401 0.0216 0.0, 0.3145 0.1969 0.0, -0.0864 3.1496 0.0, -0.0624 0.1969 0.0, -0.0624 0.1752 0.0, -0.0672 0.0216 0.0, 0.0385 -0.0 0.0, 0.0385 0.1969 0.0, 0.0769 0.0102 0.0, 0.1032 0.0004 0.0, 0.119 -0.0012 0.0, -0.0864 -0.0012 0.0, -0.0672 -0.0 0.0, 0.012 0.0888 0.0, 0.012 0.0216 0.0, -0.0576 0.0888 0.0, -0.0576 0.1104 0.0, 0.012 0.1104 0.0, 0.012 0.1752 0.0, 0.1274 0.0192 0.0, 0.3409 0.1969 0.0, 2.6167 2.6167 0.0, 0.1769 0.1542 0.0, 0.1839 0.1461 0.0, 0.1494 0.0243 0.0, 0.1892 0.1357 0.0, 0.1934 0.1205 0.0, 0.1969 0.0963 0.0, 0.1923 0.0724 0.0, 0.1633 0.0295 0.0, 3.1496 2.9528 0.0, 2.7559 2.9528 0.0, 3.1496 3.1496 0.0, 2.705 2.946 0.0, 2.6575 2.9264 0.0, 2.6167 2.8951 0.0, 2.5854 2.8543 0.0, 2.5658 2.8069 0.0, 0.3409 -0.0 0.0, 2.6167 2.1077 0.0, 2.5854 2.0669 0.0, 2.7559 2.5591 0.0, 2.705 2.1586 0.0, 2.6575 2.139 0.0, 0.1872 0.1776 0.0, 0.1972 0.1677 0.0, 0.2072 0.1511 0.0, 0.123 0.1776 0.0, 0.0991 0.1745 0.0, 0.0769 0.165 0.0, 0.0769 0.1914 0.0, 0.0996 0.1977 0.0, 0.1232 0.1993 0.0, 0.165 0.1625 0.0, 0.1853 0.0517 0.0, 0.1787 0.0412 0.0, 0.1726 0.0352 0.0, 2.5658 2.0195 0.0, 2.5591 1.9685 0.0, 2.5658 1.9176 0.0, 3.1496 2.5591 0.0, 3.1496 2.1654 0.0, 2.7559 2.1654 0.0, 2.6575 2.5854 0.0, 2.705 2.5658 0.0, 2.5591 2.7559 0.0, 2.5658 2.705 0.0, 2.5854 2.6575 0.0, 0.1838 0.0152 0.0, 0.1981 0.0249 0.0, 0.2401 -0.0 0.0, 0.2066 0.0346 0.0, 0.2132 0.0471 0.0, 0.2186 0.0655 0.0, 0.2233 0.0947 0.0, 0.2209 0.1059 0.0, 0.174 0.1855 0.0, 0.1544 0.1925 0.0, 2.5854 1.8701 0.0, 2.6167 1.8293 0.0, 2.6575 1.798 0.0, 2.705 1.7784 0.0, 2.7559 1.7717 0.0, 3.1496 1.7717 0.0, 2.5854 1.2795 0.0, 2.5658 1.2321 0.0, 3.1496 1.378 0.0, 2.7559 1.378 0.0, 2.705 1.3712 0.0, 2.6575 1.3516 0.0, 2.6167 1.3203 0.0, 2.5591 1.1811 0.0, 2.5658 1.1302 0.0, 2.5854 1.0827 0.0, 2.6167 1.0419 0.0, 2.6575 1.0106 0.0, 2.705 0.991 0.0, 2.7559 0.1969 0.0, 3.1496 0.1969 0.0, 3.1496 -0.0012 0.0, 3.1496 0.9843 0.0, 3.1496 0.5906 0.0, 2.7559 0.5906 0.0, 2.7559 0.9843 0.0, 2.705 0.5838 0.0, 2.6575 0.5642 0.0, 2.6167 0.5329 0.0, 2.5854 0.4921 0.0, 2.5658 0.4446 0.0, 2.5591 0.3937 0.0, 2.5658 0.3428 0.0, 2.6575 0.2232 0.0, 2.705 0.2036 0.0, 2.5854 0.2953 0.0, 2.6167 0.2545 0.0, 0.1356 -0.0012 0.0, 0.1467 0.0017 0.0, 0.131 -0.0024 0.0, -0.0864 -3.1496 0.0, 2.6575 -1.798 0.0, 2.6167 -1.8293 0.0, 2.705 -1.3712 0.0, 2.6167 -0.2545 0.0, 2.5854 -0.2953 0.0, 2.5658 -0.3428 0.0, 2.6167 -0.5329 0.0, 2.6575 -0.5642 0.0, 3.1496 -1.378 0.0, 3.1496 -1.7717 0.0, 2.7559 -1.378 0.0, 2.7559 -1.7717 0.0, 2.705 -1.7784 0.0, 3.1496 -0.1969 0.0, 2.7559 -0.1969 0.0, 2.705 -0.2036 0.0, 2.6575 -0.2232 0.0, 2.7559 -2.1654 0.0, 3.1496 -2.1654 0.0, 3.1496 -2.5591 0.0, 2.6167 -2.6167 0.0, 2.5854 -2.6575 0.0, 2.5658 -2.705 0.0, 2.5591 -2.7559 0.0, 2.5658 -2.8069 0.0, 2.5854 -2.8543 0.0, 2.6167 -2.8951 0.0, 2.6575 -2.9264 0.0, 2.705 -2.946 0.0, 3.1496 -3.1496 0.0, 2.7559 -2.9528 0.0, 3.1496 -2.9528 0.0, 2.5591 -0.3937 0.0, 2.5658 -0.4446 0.0, 2.5854 -0.4921 0.0, 2.7559 -2.5591 0.0, 2.705 -2.5658 0.0, 2.705 -2.1586 0.0, 2.6575 -2.5854 0.0, 2.5658 -1.1302 0.0, 2.5854 -1.0827 0.0, 2.6167 -1.0419 0.0, 2.705 -0.5838 0.0, 2.6575 -1.0106 0.0, 2.5591 -1.1811 0.0, 2.5658 -1.2321 0.0, 2.5854 -1.2795 0.0, 2.5591 -1.9685 0.0, 2.5658 -2.0195 0.0, 2.5658 -1.9176 0.0, 2.5854 -2.0669 0.0, 2.6167 -2.1077 0.0, 2.6575 -2.139 0.0, 3.1496 -0.5906 0.0, 3.1496 -0.9843 0.0, 2.7559 -0.5906 0.0, 2.7559 -0.9843 0.0, 2.705 -0.991 0.0, 2.5854 -1.8701 0.0, 2.6575 -1.3516 0.0, 2.6167 -1.3203 0.0, -0.3072 -0.0 0.0, -0.2784 -0.0 0.0, -0.4273 -0.0 0.0, -0.4073 0.0552 0.0, -0.326 0.0552 0.0, -2.6575 1.798 0.0, -2.6167 1.8293 0.0, -2.705 1.3712 0.0, -0.2456 0.0449 0.0, -0.2349 0.0287 0.0, -0.2245 0.0192 0.0, -0.2109 0.0118 0.0, -2.6575 1.3516 0.0, -0.1909 0.0055 0.0, -0.1591 -0.0 0.0, -0.1056 -0.0 0.0, -0.1056 0.1969 0.0, -0.1611 0.1969 0.0, -0.1747 0.1941 0.0, -0.3528 0.1969 0.0, -0.3793 0.1969 0.0, -2.705 2.946 0.0, -3.1496 3.1496 0.0, -2.7559 2.9528 0.0, -3.1496 2.9528 0.0, -2.6167 0.5329 0.0, -2.6575 0.5642 0.0, -2.6575 1.0106 0.0, -2.705 0.5838 0.0, -2.6167 2.6167 0.0, -2.5854 2.6575 0.0, -0.2169 0.1817 0.0, -0.2329 0.1723 0.0, -0.2426 0.1627 0.0, -0.2503 0.1499 0.0, -2.705 2.1586 0.0, -2.6575 2.139 0.0, -2.6167 2.1077 0.0, -2.5658 2.705 0.0, -2.5591 2.7559 0.0, -2.5658 2.8069 0.0, -2.5854 2.8543 0.0, -2.6167 2.8951 0.0, -2.6575 2.9264 0.0, -0.2572 0.131 0.0, -0.264 0.1009 0.0, -0.261 0.0891 0.0, -2.705 0.2036 0.0, -2.6575 0.2232 0.0, -0.4561 -0.0 0.0, -2.6167 0.2545 0.0, -2.5854 0.2953 0.0, -2.5854 1.8701 0.0, -2.5658 1.9176 0.0, -2.5854 1.0827 0.0, -2.5658 1.1302 0.0, -2.5591 1.1811 0.0, -3.1496 1.378 0.0, -3.1496 1.7717 0.0, -2.7559 1.378 0.0, -2.7559 1.7717 0.0, -2.705 1.7784 0.0, -2.5591 1.9685 0.0, -2.5658 2.0195 0.0, -2.5854 2.0669 0.0, -2.7559 2.1654 0.0, -3.1496 2.1654 0.0, -3.1496 2.5591 0.0, -3.1496 0.5906 0.0, -3.1496 0.9843 0.0, -2.7559 0.5906 0.0, -2.7559 0.9843 0.0, -2.705 0.991 0.0, -3.1496 -0.0012 0.0, -3.1496 0.1969 0.0, -2.7559 0.1969 0.0, -2.5658 0.3428 0.0, -2.5591 0.3937 0.0, -2.5658 0.4446 0.0, -2.7559 2.5591 0.0, -2.705 2.5658 0.0, -2.6575 2.5854 0.0, -2.6167 1.0419 0.0, -2.5854 0.4921 0.0, -2.5658 1.2321 0.0, -2.5854 1.2795 0.0, -2.6167 1.3203 0.0, -3.1496 -2.9528 0.0, -2.7559 -2.9528 0.0, -3.1496 -3.1496 0.0, -2.705 -2.946 0.0, -2.6575 -2.9264 0.0, -2.6167 -2.8951 0.0, -2.5854 -2.8543 0.0, -2.5658 -2.8069 0.0, -2.6575 -2.5854 0.0, -2.705 -2.5658 0.0, -2.6167 -2.1077 0.0, -2.5591 -2.7559 0.0, -2.5658 -2.705 0.0, -2.5854 -2.6575 0.0, -2.6167 -2.6167 0.0, -2.5854 -0.2953 0.0, -2.6167 -0.2545 0.0, -2.7559 -2.5591 0.0, -3.1496 -2.5591 0.0, -3.1496 -2.1654 0.0, -2.5854 -2.0669 0.0, -2.5658 -2.0195 0.0, -2.5591 -1.9685 0.0, -2.5658 -1.9176 0.0, -2.5854 -1.8701 0.0, -2.6167 -1.8293 0.0, -2.705 -0.991 0.0, -2.6575 -0.5642 0.0, -2.6167 -0.5329 0.0, -2.7559 -2.1654 0.0, -2.705 -2.1586 0.0, -2.6575 -2.139 0.0, -2.6575 -1.798 0.0, -2.705 -1.7784 0.0, -2.6575 -1.3516 0.0, -2.6575 -0.2232 0.0, -2.705 -0.2036 0.0, -2.7559 -0.1969 0.0, -3.1496 -0.1969 0.0, -2.5658 -0.4446 0.0, -2.5591 -0.3937 0.0, -2.5658 -0.3428 0.0, -3.1496 -0.9843 0.0, -3.1496 -0.5906 0.0, -2.7559 -0.9843 0.0, -2.7559 -0.5906 0.0, -2.705 -0.5838 0.0, -2.5658 -1.2321 0.0, -2.5591 -1.1811 0.0, -2.5658 -1.1302 0.0, -2.5854 -1.0827 0.0, -2.6167 -1.3203 0.0, -2.5854 -1.2795 0.0, -2.5854 -0.4921 0.0, -2.6575 -1.0106 0.0, -2.6167 -1.0419 0.0, -3.1496 -1.7717 0.0, -3.1496 -1.378 0.0, -2.7559 -1.7717 0.0, -2.7559 -1.378 0.0, -2.705 -1.3712 0.0, 1.5673 0.7012 0.3937, 1.5673 0.7334 0.3937, 1.2527 0.7334 0.3937, -0.2027 0.8643 0.3937, -0.2027 0.9505 0.3937, -0.5353 0.9505 0.3937, -2.7559 -0.5906 0.3937, -3.1496 -0.5906 0.3937, -3.1496 -0.7506 0.3937, -2.5854 -1.2795 0.3937, -2.6165 -1.32 0.3937, -2.0325 -1.32 0.3937, 2.7559 0.5906 0.3937, 3.1496 0.5906 0.3937, 3.1496 0.6052 0.3937, 2.7559 2.1654 0.3937, 3.1496 2.1654 0.3937, 3.1496 2.1708 0.3937, 2.5591 0.3937 0.3937, 2.5602 0.4023 0.3937, 2.179 0.2026 0.3937, 2.7559 -0.1969 0.3937, 3.1496 -0.1969 0.3937, 3.1496 -0.0131 0.3937, 2.7559 -0.9843 0.3937, 3.1496 -0.9843 0.3937, 3.1496 -0.7506 0.3937, -0.5954 -1.8781 0.3937, -0.5954 -1.32 0.3937, -0.7067 -1.32 0.3937, -0.5954 -1.2163 0.3937, -0.7067 -1.2163 0.3937, -1.6634 -2.1299 0.3937, -1.6634 -2.6006 0.3937, -1.2569 -2.6006 0.3937, -2.7559 -2.9528 0.3937, -3.1496 -2.9528 0.3937, -3.1496 -3.1496 0.3937, -2.2772 -2.1299 0.3937, -2.0325 -2.1299 0.3937, -2.0325 -1.8781 0.3937, -1.7861 0.8654 0.3937, -1.9742 0.8654 0.3937, -1.9742 0.8643 0.3937, -2.7559 0.9843 0.3937, -3.1496 0.9843 0.3937, -3.1496 0.9827 0.3937, -2.3876 1.3074 0.3937, -2.0325 1.3074 0.3937, -2.0325 1.3531 0.3937, -1.0128 2.2281 0.3937, -1.1246 2.2281 0.3937, -1.1246 2.1996 0.3937, -1.9766 0.3967 0.3937, -1.9742 0.3967 0.3937, -1.9742 0.4023 0.3937, 0.3219 0.601 0.3937, 0.3219 0.6052 0.3937, 0.2295 0.6052 0.3937, -0.7232 1.2374 0.3937, -0.7308 1.2374 0.3937, -0.7308 1.2317 0.3937, -0.7279 0.9884 0.3937, -0.7308 0.9884 0.3937, -0.7308 0.9827 0.3937, -1.1223 0.1004 0.3937, -0.9826 0.1004 0.3937, -0.9826 0.1386 0.3937, -0.9826 -0.7506 0.3937, -0.9826 -0.5052 0.3937, -1.1246 -0.5052 0.3937, 1.2498 0.5673 0.3937, 1.2498 0.5841 0.3937, 1.1816 0.5841 0.3937, 1.2498 0.6747 0.3937, 1.2527 0.6747 0.3937, 1.2527 0.7012 0.3937, 1.4686 0.6747 0.3937, 1.1816 0.7012 0.3937, 1.1816 0.6052 0.3937, 1.2498 0.6052 0.3937, 1.2527 0.8643 0.3937, 1.2557 0.924 0.3937, 1.2527 0.9505 0.3937, 1.4744 0.924 0.3937, -1.1246 -0.3269 0.3937, -1.1246 -0.3979 0.3937, -0.9826 -0.3979 0.3937, -1.1328 -0.3979 0.3937, -1.2569 -0.3269 0.3937, -1.1328 -0.5052 0.3937, -1.2569 -0.7506 0.3937, -1.1246 -0.7506 0.3937, -1.1269 -0.1486 0.3937, -1.1246 -0.1486 0.3937, -1.1246 -0.0131 0.3937, -0.9826 -0.1486 0.3937, -0.914 -0.5052 0.3937, -0.7308 -0.7506 0.3937, -0.914 -0.3979 0.3937, -0.7308 -0.3269 0.3937, -0.9826 -0.3269 0.3937, -1.1246 -0.2559 0.3937, -1.1269 -0.2559 0.3937, -1.2569 -0.0131 0.3937, -0.9826 -0.0069 0.3937, -0.9826 -0.0131 0.3937, -0.9035 -0.0069 0.3937, -0.7308 -0.0131 0.3937, -0.9035 0.1004 0.3937, -0.7308 0.1386 0.3937, -0.9082 -0.1486 0.3937, -0.9082 -0.2559 0.3937, -0.9826 -0.2559 0.3937, -0.5382 0.8351 0.3937, -0.5353 0.8351 0.3937, -0.5353 0.8643 0.3937, -0.3195 0.8351 0.3937, -0.5353 0.9967 0.3937, -0.5324 0.9967 0.3937, -0.5324 1.0844 0.3937, -0.5324 0.9827 0.3937, -0.5353 0.9827 0.3937, -0.5324 0.9771 0.3937, -0.3136 0.9771 0.3937, -0.3136 0.9827 0.3937, -0.2027 0.9827 0.3937, -0.3136 0.9967 0.3937, -0.2027 0.9967 0.3937, -0.3136 1.0844 0.3937, -0.2027 1.1995 0.3937, -0.5353 1.1995 0.3937, -0.5277 1.3334 0.3937, -0.5353 1.3531 0.3937, -0.5277 1.2317 0.3937, -0.5353 1.2317 0.3937, -0.5277 1.2261 0.3937, -0.3089 1.2261 0.3937, -0.3089 1.2317 0.3937, -0.2027 1.2317 0.3937, -0.3089 1.3334 0.3937, -0.2027 1.3531 0.3937, -0.7162 0.9827 0.3937, -0.7162 0.9967 0.3937, -0.7279 0.9967 0.3937, -0.7279 1.0957 0.3937, -0.7162 1.1995 0.3937, -0.7308 1.0957 0.3937, -0.9826 0.9827 0.3937, -0.9467 0.9884 0.3937, -0.9826 0.9967 0.3937, -0.9467 0.9967 0.3937, -0.9826 1.1995 0.3937, -0.7308 1.3447 0.3937, -0.7232 1.3447 0.3937, -0.7162 1.3531 0.3937, -0.7162 1.2317 0.3937, -0.9826 1.3531 0.3937, -0.9826 1.2317 0.3937, -0.942 1.2374 0.3937, 1.1816 1.6809 0.3937, 1.1816 1.961 0.3937, 1.1028 1.961 0.3937, 1.1028 2.0284 0.3937, 1.1816 2.1393 0.3937, 0.887 2.0284 0.3937, 0.887 2.1393 0.3937, 0.884 2.0284 0.3937, 0.7903 2.1393 0.3937, 0.7903 1.961 0.3937, 0.884 1.961 0.3937, 0.884 1.921 0.3937, 0.7903 1.6809 0.3937, 0.887 1.921 0.3937, 0.887 2.1996 0.3937, 0.8899 2.1996 0.3937, 0.8899 2.2777 0.3937, 0.8899 2.1708 0.3937, 0.887 2.1708 0.3937, 0.8899 2.1703 0.3937, 1.1086 2.1703 0.3937, 1.1086 2.1708 0.3937, 1.1816 2.1708 0.3937, 1.1086 2.1996 0.3937, 1.1816 2.1996 0.3937, 1.1086 2.2777 0.3937, 1.1816 2.4085 0.3937, 0.887 2.4085 0.3937, 2.5854 1.2795 0.3937, 2.6167 1.3203 0.3937, 2.2737 1.3531 0.3937, 2.6575 1.3516 0.3937, 2.6611 1.3531 0.3937, 2.2737 1.3614 0.3937, 2.0549 1.3531 0.3937, 2.042 1.3531 0.3937, 2.0549 1.2541 0.3937, 2.042 1.2317 0.3937, 2.2737 1.2541 0.3937, 2.5657 1.2317 0.3937, 2.5658 1.2321 0.3937, 2.2654 1.5026 0.3937, 2.0466 1.5026 0.3937, 2.0549 1.3614 0.3937, 2.0466 1.6099 0.3937, 2.042 1.6809 0.3937, 2.2654 1.6099 0.3937, 2.705 1.3712 0.3937, 3.1496 1.6809 0.3937, 2.7559 1.378 0.3937, 3.1496 1.378 0.3937, 0.4963 0.8643 0.3937, 0.4963 0.7334 0.3937, 0.5721 0.7334 0.3937, 0.5721 0.7012 0.3937, 0.4963 0.7012 0.3937, 0.5721 0.6095 0.3937, 0.4963 0.6052 0.3937, 0.6966 0.6095 0.3937, 0.7903 0.6052 0.3937, 0.6966 0.7012 0.3937, 0.7903 0.7012 0.3937, 0.6966 0.7334 0.3937, 0.7903 0.7334 0.3937, 0.6966 0.8115 0.3937, 0.7903 0.8643 0.3937, 0.5721 0.8115 0.3937, 2.0397 -2.7126 0.3937, 2.0397 -2.9308 0.3937, 2.042 -2.9308 0.3937, 2.0397 -2.9324 0.3937, 1.9213 -2.9324 0.3937, 1.8476 -3.1496 0.3937, 2.042 -3.1496 0.3937, 1.8476 -2.9308 0.3937, 1.9213 -2.9308 0.3937, 1.8476 -2.6006 0.3937, 1.9213 -2.7126 0.3937, 2.042 -2.6006 0.3937, 0.4205 0.6052 0.3937, 0.4205 0.601 0.3937, 0.4963 0.5841 0.3937, 0.2295 0.5841 0.3937, 0.2295 0.8643 0.3937, 0.2295 0.7334 0.3937, 0.3219 0.7334 0.3937, 0.4205 0.7012 0.3937, 0.4205 0.7334 0.3937, 0.4205 0.8208 0.3937, 0.3219 0.8208 0.3937, 0.3219 0.7012 0.3937, 0.2295 0.7012 0.3937, -1.9742 -1.2163 0.3937, -1.9742 -1.32 0.3937, -1.8988 -1.2168 0.3937, -1.7804 -1.2168 0.3937, -1.7164 -1.32 0.3937, -1.7804 -1.2163 0.3937, -1.7164 -1.2163 0.3937, -1.7804 -0.997 0.3937, -1.7164 -0.7506 0.3937, -1.8988 -0.997 0.3937, -1.7164 0.1386 0.3937, -1.7164 0.4023 0.3937, -1.8582 0.3967 0.3937, -1.9742 0.1769 0.3937, -1.9766 0.1769 0.3937, -2.0325 0.1386 0.3937, -2.0325 0.4023 0.3937, -2.3256 0.4023 0.3937, -2.5591 0.3937 0.3937, -2.3256 0.188 0.3937, -2.5658 0.3428 0.3937, -2.5854 0.2953 0.3937, -2.6167 0.2545 0.3937, -2.6575 0.2232 0.3937, -3.1496 0.1969 0.3937, -3.1496 0.1386 0.3937, -2.7559 0.1969 0.3937, -2.705 0.2036 0.3937, -2.2072 0.188 0.3937, -2.2072 0.4023 0.3937, -2.2072 0.4079 0.3937, -2.0325 0.5841 0.3937, -2.6167 0.5329 0.3937, -2.5854 0.4921 0.3937, -2.3256 0.4079 0.3937, -2.5658 0.4446 0.3937, -2.5602 0.4023 0.3937, -0.559 2.1708 0.3937, -0.559 2.1996 0.3937, -0.5798 2.1996 0.3937, -0.5798 2.1712 0.3937, -0.7043 2.1712 0.3937, -0.7067 2.1708 0.3937, -0.7067 2.1996 0.3937, -0.5798 2.3733 0.3937, -0.559 2.4085 0.3937, -0.7043 2.3733 0.3937, -0.559 2.5331 0.3937, -0.559 2.6876 0.3937, -0.5907 2.6876 0.3937, -0.7162 2.6876 0.3937, -0.7091 2.6876 0.3937, -0.7091 2.8004 0.3937, -0.5907 2.8004 0.3937, -0.559 3.1496 0.3937, -0.7067 2.8004 0.3937, -0.7067 3.1496 0.3937, -0.7162 3.1496 0.3937, -0.7091 2.5806 0.3937, -0.7162 2.5331 0.3937, -0.7067 2.5806 0.3937, 0.2295 2.4576 0.3937, 0.2295 2.5331 0.3937, 0.1318 2.5331 0.3937, 0.1318 2.4959 0.3937, -0.087 2.4959 0.3937, -0.0918 2.4576 0.3937, -0.0918 2.5331 0.3937, 0.1318 2.6032 0.3937, 0.2295 2.6876 0.3937, -0.087 2.6032 0.3937, -0.087 2.5331 0.3937, -0.0918 2.6876 0.3937, 0.1222 2.7283 0.3937, 0.1222 2.8356 0.3937, 0.2295 3.1496 0.3937, -0.0918 2.8356 0.3937, -0.0918 3.1496 0.3937, -0.0965 2.8356 0.3937, -0.2027 3.1496 0.3937, -0.0965 2.7283 0.3937, -0.2027 2.6876 0.3937, -0.0918 2.7283 0.3937, -0.9826 2.1996 0.3937, -0.9826 2.4085 0.3937, -1.0128 2.4085 0.3937, -1.0128 2.4576 0.3937, -0.9826 2.4576 0.3937, -1.0128 2.5331 0.3937, -0.9826 2.5331 0.3937, -1.0128 2.6876 0.3937, -0.9826 2.6876 0.3937, -1.0128 2.8173 0.3937, -0.9826 3.1496 0.3937, -1.1246 2.8173 0.3937, -1.1246 3.1496 0.3937, -1.2569 3.1496 0.3937, -1.7164 2.1996 0.3937, -1.381 2.2281 0.3937, -1.7164 2.4085 0.3937, -1.381 2.4085 0.3937, -1.7164 2.4576 0.3937, -1.381 2.4576 0.3937, -1.7164 2.5331 0.3937, -1.381 2.5331 0.3937, -1.7164 2.6876 0.3937, -1.381 2.6876 0.3937, -1.7164 3.1496 0.3937, -1.381 2.8173 0.3937, -1.2569 2.8173 0.3937, -2.6575 1.3516 0.3937, -2.6167 1.3203 0.3937, -2.5854 1.2795 0.3937, -2.5658 1.2321 0.3937, -2.3876 1.2317 0.3937, -2.5854 1.0827 0.3937, -2.6167 1.0419 0.3937, -2.3876 0.9967 0.3937, -2.5657 1.2317 0.3937, -2.5615 1.1995 0.3937, -2.3876 1.1995 0.3937, -2.5591 1.1811 0.3937, -2.5658 1.1302 0.3937, -2.6575 1.0106 0.3937, -2.691 0.9967 0.3937, -2.3876 0.9827 0.3937, -2.705 0.991 0.3937, -2.3876 0.9505 0.3937, -3.1496 0.9505 0.3937, -2.3876 0.8654 0.3937, -3.1496 0.8643 0.3937, -1.7164 0.8643 0.3937, -1.7164 0.9505 0.3937, -1.7861 0.9505 0.3937, -1.7861 0.9827 0.3937, -1.7164 0.9827 0.3937, -1.7861 0.9967 0.3937, -1.7164 0.9967 0.3937, -1.7861 1.1995 0.3937, -1.7164 1.1995 0.3937, -1.7861 1.2317 0.3937, -1.7164 1.2317 0.3937, -1.7861 1.3074 0.3937, -1.7164 1.3531 0.3937, -1.9742 1.3074 0.3937, -2.5821 -1.8781 0.3937, -2.5658 -1.9176 0.3937, -2.5591 -1.9685 0.3937, -2.705 -2.5658 0.3937, -2.6167 -2.1077 0.3937, -2.6575 -2.139 0.3937, -2.6575 -2.5854 0.3937, -2.2772 -2.6006 0.3937, -2.5854 -2.0669 0.3937, -2.5658 -2.0195 0.3937, -2.7559 -2.1654 0.3937, -3.1496 -2.1654 0.3937, -3.1496 -2.5591 0.3937, -2.705 -2.1586 0.3937, -2.7559 -2.5591 0.3937, -2.5854 -2.8543 0.3937, -2.6167 -2.8951 0.3937, -2.2772 -2.9308 0.3937, -2.6378 -2.6006 0.3937, -2.6167 -2.6167 0.3937, -2.5854 -2.6575 0.3937, -2.5658 -2.705 0.3937, -2.5591 -2.7559 0.3937, -2.5658 -2.8069 0.3937, -2.6575 -2.9264 0.3937, -2.668 -2.9308 0.3937, -2.2772 -2.9892 0.3937, -2.705 -2.946 0.3937, -2.0325 -3.1496 0.3937, -2.0325 -2.9892 0.3937, -1.9742 -3.1496 0.3937, -1.9742 -2.9892 0.3937, -1.7164 -3.1496 0.3937, -1.7164 -2.9892 0.3937, -1.6634 -2.9892 0.3937, -1.2569 -3.1496 0.3937, -1.6634 -2.9308 0.3937, -1.2569 -2.9308 0.3937, -1.7164 -2.1299 0.3937, -1.2569 -1.8781 0.3937, -1.7164 -1.8781 0.3937, -1.9742 -1.8781 0.3937, -1.9742 -2.1299 0.3937, -0.7067 0.4023 0.3937, -0.7067 0.1386 0.3937, -0.5954 0.1386 0.3937, -0.5954 -0.0131 0.3937, -0.7067 -0.0131 0.3937, -0.5954 -0.3269 0.3937, -0.7067 -0.3269 0.3937, -0.5954 -0.7506 0.3937, -0.7067 -0.7506 0.3937, -0.559 -2.4981 0.3937, -0.5954 -2.4981 0.3937, -0.7067 -2.6006 0.3937, -0.559 -2.6006 0.3937, -0.5353 -2.6006 0.3937, -0.5353 -2.4981 0.3937, -0.2027 -2.6006 0.3937, -0.2027 -2.4981 0.3937, -0.0918 -2.6006 0.3937, -0.0918 -2.4981 0.3937, 0.2295 -2.6006 0.3937, 0.2295 -2.4981 0.3937, 0.4963 -2.6006 0.3937, 0.4963 -2.4981 0.3937, 0.7903 -2.6006 0.3937, 0.7903 -2.4981 0.3937, 0.887 -2.6006 0.3937, 0.887 -2.4981 0.3937, 1.1816 -2.6006 0.3937, 1.1816 -2.4981 0.3937, 1.2527 -2.6006 0.3937, 1.2527 -2.4981 0.3937, 1.5673 -2.6006 0.3937, 1.5673 -2.4981 0.3937, 1.8476 -2.4981 0.3937, 2.042 -2.4981 0.3937, 2.179 -2.4981 0.3937, 2.6575 -2.5854 0.3937, 2.705 -2.5658 0.3937, 2.6167 -2.1077 0.3937, 2.5591 -1.9685 0.3937, 2.5658 -1.9176 0.3937, 2.179 -1.8781 0.3937, 2.6378 -2.6006 0.3937, 2.7559 -2.5591 0.3937, 3.1496 -2.5591 0.3937, 3.1496 -2.1654 0.3937, 2.5854 -2.0669 0.3937, 2.5658 -2.0195 0.3937, 2.7559 -2.1654 0.3937, 2.705 -2.1586 0.3937, 2.6575 -2.139 0.3937, 2.6575 -1.3516 0.3937, 2.6167 -1.3203 0.3937, 2.705 -1.7784 0.3937, 2.6165 -1.32 0.3937, 2.179 -1.32 0.3937, 2.6575 -1.798 0.3937, 2.5821 -1.8781 0.3937, 2.5854 -1.8701 0.3937, 2.6167 -1.8293 0.3937, 3.1496 -1.7717 0.3937, 3.1496 -1.378 0.3937, 2.7559 -1.7717 0.3937, 2.7559 -1.378 0.3937, 2.705 -1.3712 0.3937, 2.5637 -1.2163 0.3937, 2.179 -1.2163 0.3937, 2.5658 -1.2321 0.3937, 2.5854 -1.2795 0.3937, 2.179 -0.7506 0.3937, 2.6167 -1.0419 0.3937, 2.6575 -1.0106 0.3937, 2.5591 -1.1811 0.3937, 2.5658 -1.1302 0.3937, 2.5854 -1.0827 0.3937, 2.705 -0.991 0.3937, 2.7559 -0.5906 0.3937, 2.705 -0.5838 0.3937, 2.6575 -0.5642 0.3937, 2.6167 -0.5329 0.3937, 2.5591 -0.3937 0.3937, 2.179 -0.3269 0.3937, 2.5658 -0.4446 0.3937, 2.5854 -0.4921 0.3937, 3.1496 -0.5906 0.3937, 2.5658 -0.3428 0.3937, 2.5723 -0.3269 0.3937, 2.179 -0.0131 0.3937, 2.5854 -0.2953 0.3937, 2.6167 -0.2545 0.3937, 2.6575 -0.2232 0.3937, 2.705 -0.2036 0.3937, 2.042 0.2026 0.3937, 2.705 0.2036 0.3937, 2.6575 0.2232 0.3937, 2.179 0.1386 0.3937, 2.7559 0.1969 0.3937, 3.1496 0.1386 0.3937, 3.1496 0.1969 0.3937, 2.6167 0.2545 0.3937, 2.5854 0.2953 0.3937, 2.5658 0.3428 0.3937, -0.5954 0.2026 0.3937, -0.559 0.2026 0.3937, -0.559 0.4023 0.3937, -0.5353 0.2026 0.3937, -0.5353 0.4023 0.3937, -0.2027 0.2026 0.3937, -0.2027 0.4023 0.3937, -0.0918 0.2026 0.3937, -0.0918 0.4023 0.3937, 0.2295 0.2026 0.3937, 0.2295 0.4023 0.3937, 0.4963 0.2026 0.3937, 0.4963 0.4023 0.3937, 0.7903 0.2026 0.3937, 0.7903 0.4023 0.3937, 0.887 0.2026 0.3937, 0.887 0.4023 0.3937, 1.1816 0.2026 0.3937, 1.1816 0.4023 0.3937, 1.2527 0.2026 0.3937, 1.2527 0.4023 0.3937, 1.5673 0.2026 0.3937, 1.5673 0.4023 0.3937, 2.6582 2.1393 0.3937, 2.705 2.1586 0.3937, 2.042 2.1708 0.3937, 2.2759 2.0009 0.3937, 2.0571 2.0009 0.3937, 2.042 1.961 0.3937, 2.042 2.1393 0.3937, 2.0571 2.1082 0.3937, 2.2759 2.1082 0.3937, 2.56 1.961 0.3937, 2.5591 1.9685 0.3937, 2.5854 2.0669 0.3937, 2.6167 2.1077 0.3937, 2.6575 2.139 0.3937, 2.5658 2.0195 0.3937, 2.2712 1.7519 0.3937, 2.0525 1.7519 0.3937, 2.0525 1.8592 0.3937, 2.2712 1.8592 0.3937, 3.1496 1.7717 0.3937, 2.7559 1.7717 0.3937, 2.705 1.7784 0.3937, 2.6575 1.798 0.3937, 2.6167 1.8293 0.3937, 2.5854 1.8701 0.3937, 2.5658 1.9176 0.3937, 2.269 1.0051 0.3937, 2.0502 1.0051 0.3937, 2.042 0.9967 0.3937, 2.0502 1.1124 0.3937, 2.042 1.1995 0.3937, 2.269 1.1124 0.3937, 2.6575 1.0106 0.3937, 2.6167 1.0419 0.3937, 2.5854 1.0827 0.3937, 2.5658 1.1302 0.3937, 2.5591 1.1811 0.3937, 2.5615 1.1995 0.3937, 2.691 0.9967 0.3937, 2.705 0.991 0.3937, 2.042 0.9827 0.3937, 2.7559 0.9843 0.3937, 2.5658 0.4446 0.3937, 2.042 0.5841 0.3937, 2.042 0.4023 0.3937, 2.5854 0.4921 0.3937, 2.6167 0.5329 0.3937, 2.6575 0.5642 0.3937, 2.705 0.5838 0.3937, 2.7073 0.5841 0.3937, 2.042 0.6052 0.3937, 2.3072 -2.9228 0.3937, 2.1888 -2.9228 0.3937, 2.1888 -2.703 0.3937, 2.3072 -2.703 0.3937, 2.6575 -2.9264 0.3937, 2.6167 -2.8951 0.3937, 2.5658 -2.705 0.3937, 2.5854 -2.6575 0.3937, 2.6167 -2.6167 0.3937, 2.5854 -2.8543 0.3937, 2.5658 -2.8069 0.3937, 2.5591 -2.7559 0.3937, 2.668 -2.9308 0.3937, 2.705 -2.946 0.3937, 2.7559 -2.9528 0.3937, 3.1496 -3.1496 0.3937, 3.1496 -2.9528 0.3937, -2.6167 -1.8293 0.3937, -2.5854 -1.8701 0.3937, -2.213 -1.6251 0.3937, -2.0885 -1.6251 0.3937, -2.705 -1.7784 0.3937, -2.6575 -1.798 0.3937, -2.6575 -1.3516 0.3937, -2.6167 -1.3203 0.3937, -2.213 -1.4231 0.3937, -2.0885 -1.4231 0.3937, -2.7559 -1.378 0.3937, -3.1496 -1.378 0.3937, -3.1496 -1.7717 0.3937, -2.705 -1.3712 0.3937, -2.7559 -1.7717 0.3937, -2.0995 -1.2157 0.3937, -2.0325 -1.2163 0.3937, -2.0995 -0.9959 0.3937, -2.0325 -0.7506 0.3937, -2.2178 -0.9959 0.3937, -3.1496 -0.9843 0.3937, -2.7559 -0.9843 0.3937, -2.705 -0.991 0.3937, -2.6575 -1.0106 0.3937, -2.2178 -1.2157 0.3937, -2.6167 -1.0419 0.3937, -2.5854 -1.0827 0.3937, -2.5658 -1.1302 0.3937, -2.5591 -1.1811 0.3937, -2.5637 -1.2163 0.3937, -2.5658 -1.2321 0.3937, -2.5854 -0.4921 0.3937, -2.6167 -0.5329 0.3937, -2.6575 -0.5642 0.3937, -2.705 -0.5838 0.3937, -2.5723 -0.3269 0.3937, -2.5658 -0.3428 0.3937, -2.0325 -0.3269 0.3937, -2.5591 -0.3937 0.3937, -2.5658 -0.4446 0.3937, -2.7559 -0.1969 0.3937, -2.705 -0.2036 0.3937, -2.3208 -0.0193 0.3937, -2.6575 -0.2232 0.3937, -2.6167 -0.2545 0.3937, -2.3208 -0.2214 0.3937, -2.5854 -0.2953 0.3937, -2.1963 -0.2214 0.3937, -2.1963 -0.0193 0.3937, -2.0325 -0.0131 0.3937, -2.6575 0.5642 0.3937, -2.705 0.5838 0.3937, -2.7073 0.5841 0.3937, -2.0325 0.6052 0.3937, -2.7559 0.5906 0.3937, -2.6611 1.3531 0.3937, -2.705 1.3712 0.3937, -2.0325 1.6809 0.3937, -2.7559 1.378 0.3937, -3.1496 1.6809 0.3937, -3.1496 1.378 0.3937, -2.0325 1.961 0.3937, -2.56 1.961 0.3937, -2.5658 1.9176 0.3937, -2.5854 1.8701 0.3937, -2.6167 1.8293 0.3937, -2.6575 1.798 0.3937, -3.1496 1.7717 0.3937, -2.7559 1.7717 0.3937, -2.705 1.7784 0.3937, -2.6167 2.1077 0.3937, -2.0325 2.1393 0.3937, -2.6575 2.139 0.3937, -2.6582 2.1393 0.3937, -2.5854 2.0669 0.3937, -2.5658 2.0195 0.3937, -2.5591 1.9685 0.3937, -2.705 2.1586 0.3937, -2.0325 2.1708 0.3937, -2.7559 2.1654 0.3937, -2.1216 2.5396 0.3937, -2.0325 2.5331 0.3937, -2.1216 2.6469 0.3937, -2.0325 2.6876 0.3937, -2.3403 2.6469 0.3937, -2.573 2.6876 0.3937, -2.3403 2.5396 0.3937, -2.5854 2.6575 0.3937, -2.6167 2.6167 0.3937, -2.6575 2.5854 0.3937, -3.1496 2.5591 0.3937, -3.1496 2.5331 0.3937, -2.7559 2.5591 0.3937, -2.705 2.5658 0.3937, -2.6575 2.9264 0.3937, -2.6167 2.8951 0.3937, -2.3357 2.8959 0.3937, -3.1496 3.1496 0.3937, -3.1496 2.9528 0.3937, -2.7559 2.9528 0.3937, -2.705 2.946 0.3937, -2.0325 3.1496 0.3937, -2.1169 2.8959 0.3937, -2.1169 2.7885 0.3937, -2.3357 2.7885 0.3937, -2.5658 2.705 0.3937, -2.5854 2.8543 0.3937, -2.5658 2.8069 0.3937, -2.5591 2.7559 0.3937, 2.6167 2.8951 0.3937, 2.042 3.1496 0.3937, 2.5854 2.8543 0.3937, 2.5658 2.8069 0.3937, 2.6575 2.9264 0.3937, 2.705 2.946 0.3937, 3.1496 3.1496 0.3937, 2.7559 2.9528 0.3937, 3.1496 2.9528 0.3937, 2.5591 2.7559 0.3937, 2.042 2.6876 0.3937, 2.5658 2.705 0.3937, 2.7559 2.5591 0.3937, 2.705 2.5658 0.3937, 2.042 2.5331 0.3937, 2.6575 2.5854 0.3937, 2.6167 2.6167 0.3937, 2.5854 2.6575 0.3937, 2.573 2.6876 0.3937, 1.1816 3.1496 0.3937, 0.887 3.1496 0.3937, 1.1816 2.6876 0.3937, 0.887 2.6876 0.3937, 1.1816 2.5331 0.3937, 0.887 2.5331 0.3937, 1.1133 2.5267 0.3937, 1.1816 2.4576 0.3937, 1.1133 2.4576 0.3937, 1.1133 2.4193 0.3937, 0.8946 2.4193 0.3937, 0.887 2.4576 0.3937, 0.8946 2.4576 0.3937, 0.8946 2.5267 0.3937, 0.2295 2.4085 0.3937, -0.0918 2.4085 0.3937, -0.5907 2.5806 0.3937, -0.7067 2.5331 0.3937, -0.559 2.4576 0.3937, -0.7067 2.4576 0.3937, -0.7067 2.4085 0.3937, -0.7043 2.1996 0.3937, -2.0325 2.4576 0.3937, -3.1496 2.4576 0.3937, -2.0325 2.4085 0.3937, -3.1496 2.4085 0.3937, 0.1371 2.2577 0.3937, -0.0816 2.2577 0.3937, -0.0918 2.1996 0.3937, -0.0816 2.365 0.3937, 0.1371 2.365 0.3937, 0.2295 2.1996 0.3937, -2.1274 2.2903 0.3937, -2.0325 2.1996 0.3937, -2.1274 2.3976 0.3937, -2.3462 2.3976 0.3937, -2.3462 2.2903 0.3937, -3.1496 2.1996 0.3937, 3.1496 2.5591 0.3937, 3.1496 2.5331 0.3937, 3.1496 2.4576 0.3937, 2.042 2.4576 0.3937, 3.1496 2.4085 0.3937, 2.042 2.4085 0.3937, 3.1496 2.1996 0.3937, 2.042 2.1996 0.3937, -3.1496 2.1708 0.3937, -3.1496 2.1654 0.3937, 0.7903 3.1496 0.3937, 0.7903 2.6876 0.3937, 0.7903 2.5331 0.3937, 0.7903 2.4576 0.3937, 0.7903 2.4085 0.3937, 0.7903 2.1996 0.3937, 0.7903 2.1708 0.3937, -0.5353 3.1496 0.3937, -0.5353 2.6876 0.3937, -0.2027 2.5331 0.3937, -0.5353 2.5331 0.3937, -0.2027 2.4576 0.3937, -0.5353 2.4576 0.3937, -0.2027 2.4085 0.3937, -0.5353 2.4085 0.3937, -0.2027 2.1996 0.3937, -0.5353 2.1996 0.3937, -0.2027 2.1708 0.3937, -0.5353 2.1708 0.3937, -0.2027 2.1393 0.3937, -0.5353 2.1393 0.3937, -0.2027 1.961 0.3937, -0.5353 1.961 0.3937, -0.2027 1.6809 0.3937, -0.5353 1.6809 0.3937, -0.7308 3.1496 0.3937, -0.7308 2.6876 0.3937, -0.7308 2.5331 0.3937, -0.7162 2.4576 0.3937, -0.7308 2.4576 0.3937, -0.7162 2.4085 0.3937, -0.7308 2.4085 0.3937, -0.7162 2.1996 0.3937, -0.7308 2.1996 0.3937, -0.7162 2.1708 0.3937, -0.7308 2.1708 0.3937, -0.7162 2.1393 0.3937, -0.7308 2.1393 0.3937, -0.7162 1.961 0.3937, -0.7308 1.961 0.3937, -0.7162 1.6809 0.3937, -0.7308 1.6809 0.3937, -0.7308 1.3531 0.3937, -0.942 1.3447 0.3937, -0.9826 2.1708 0.3937, -0.9826 2.1393 0.3937, -0.9826 1.961 0.3937, -0.9826 1.6809 0.3937, -1.9742 3.1496 0.3937, -1.9742 2.6876 0.3937, -1.9742 2.5331 0.3937, -1.9742 2.4576 0.3937, -1.9742 2.4085 0.3937, -1.9742 2.1996 0.3937, -1.7164 2.1708 0.3937, -1.9742 2.1708 0.3937, -1.7164 2.1393 0.3937, -1.9742 2.1393 0.3937, -1.7164 1.961 0.3937, -1.9742 1.961 0.3937, -1.7164 1.6809 0.3937, -1.9742 1.6809 0.3937, -1.9742 1.3531 0.3937, 1.5673 3.1496 0.3937, 1.2527 3.1496 0.3937, 1.5673 2.6876 0.3937, 1.2527 2.6876 0.3937, 1.5673 2.5331 0.3937, 1.2527 2.5331 0.3937, 1.5673 2.4576 0.3937, 1.2527 2.4576 0.3937, 1.5673 2.4085 0.3937, 1.2527 2.4085 0.3937, 1.5673 2.1996 0.3937, 1.2527 2.1996 0.3937, 1.5673 2.1708 0.3937, 1.2527 2.1708 0.3937, 1.5673 2.1393 0.3937, 1.2527 2.1393 0.3937, 1.5673 1.961 0.3937, 1.2527 1.961 0.3937, 1.5673 1.6809 0.3937, 1.2527 1.6809 0.3937, 1.5673 1.3531 0.3937, 1.2527 1.3531 0.3937, 1.5673 1.2317 0.3937, 1.2527 1.2317 0.3937, 1.5673 1.1995 0.3937, 1.2527 1.1995 0.3937, -0.7308 1.1995 0.3937, -0.9467 1.0957 0.3937, 1.4791 1.0656 0.3937, 1.2603 1.0656 0.3937, 1.2527 0.9967 0.3937, 1.2603 1.173 0.3937, 1.4791 1.173 0.3937, 1.5673 0.9967 0.3937, 1.5673 0.9827 0.3937, 1.2527 0.9827 0.3937, 1.5673 0.9505 0.3937, 1.5673 0.8643 0.3937, 1.4744 0.8643 0.3937, 1.4744 0.8166 0.3937, 1.2557 0.8166 0.3937, 1.2557 0.8643 0.3937, 0.4963 3.1496 0.3937, 0.4963 2.6876 0.3937, 0.4963 2.5331 0.3937, 0.4963 2.4576 0.3937, 0.4963 2.4085 0.3937, 0.4963 2.1996 0.3937, 0.4963 2.1708 0.3937, 0.4963 2.1393 0.3937, 0.4963 1.961 0.3937, 0.4963 1.6809 0.3937, 0.7903 1.3531 0.3937, 0.4963 1.3531 0.3937, 0.7903 1.2317 0.3937, 0.4963 1.2317 0.3937, 0.7903 1.1995 0.3937, 0.4963 1.1995 0.3937, 0.7903 0.9967 0.3937, 0.4963 0.9967 0.3937, 0.7903 0.9827 0.3937, 0.4963 0.9827 0.3937, 0.7903 0.9505 0.3937, 0.4963 0.9505 0.3937, 0.2295 2.1708 0.3937, 0.2295 2.1393 0.3937, 0.2295 1.961 0.3937, 0.2295 1.6809 0.3937, 0.2295 1.3531 0.3937, 0.2295 1.2317 0.3937, 0.2295 1.1995 0.3937, 0.2295 0.9967 0.3937, 0.2295 0.9827 0.3937, 0.2295 0.9505 0.3937, -0.2027 0.7334 0.3937, -0.3195 0.7334 0.3937, -0.2027 0.7012 0.3937, -0.3195 0.7278 0.3937, -0.5353 0.7012 0.3937, -0.5353 0.7278 0.3937, -0.559 0.7012 0.3937, -0.5382 0.7278 0.3937, -0.559 0.7334 0.3937, -0.5382 0.7334 0.3937, -0.559 0.8643 0.3937, -0.559 2.1393 0.3937, -0.559 1.961 0.3937, -0.559 1.6809 0.3937, -0.559 1.3531 0.3937, -0.559 1.2317 0.3937, -0.559 1.1995 0.3937, -0.559 0.9967 0.3937, -0.559 0.9827 0.3937, -0.559 0.9505 0.3937, -0.7308 0.9505 0.3937, -0.9826 0.9505 0.3937, -0.7308 0.8643 0.3937, -0.9826 0.8643 0.3937, 2.0444 0.8631 0.3937, 2.042 0.8643 0.3937, 2.0444 0.7558 0.3937, 2.042 0.7334 0.3937, 2.2631 0.7558 0.3937, 2.2631 0.8631 0.3937, 3.1496 0.7334 0.3937, 3.1496 0.8643 0.3937, 2.042 0.9505 0.3937, 3.1496 0.9505 0.3937, 3.1496 0.9827 0.3937, 3.1496 0.9843 0.3937, -0.7338 0.7391 0.3937, -0.7308 0.7334 0.3937, -0.7338 0.8464 0.3937, -0.9525 0.8464 0.3937, -0.9525 0.7391 0.3937, -0.9826 0.7334 0.3937, 1.2527 0.5673 0.3937, 1.4686 0.5673 0.3937, 1.4686 0.5841 0.3937, 1.5673 0.5841 0.3937, 1.4686 0.6052 0.3937, 1.5673 0.6052 0.3937, 1.1816 1.3531 0.3937, 1.1816 1.2317 0.3937, 1.1816 1.1995 0.3937, 1.1816 0.9967 0.3937, 1.1816 0.9827 0.3937, 1.1816 0.9505 0.3937, 1.1816 0.8643 0.3937, 1.1816 0.7334 0.3937, -0.0918 2.1708 0.3937, -0.0918 2.1393 0.3937, -0.0918 1.961 0.3937, -0.0918 1.6809 0.3937, -0.0918 1.3531 0.3937, -0.0918 1.2317 0.3937, -0.0918 1.1995 0.3937, -0.0918 0.9967 0.3937, -0.0918 0.9827 0.3937, -0.0918 0.9505 0.3937, -0.0918 0.8643 0.3937, -0.0918 0.7334 0.3937, -0.0918 0.7012 0.3937, 3.1496 0.7012 0.3937, 2.042 0.7012 0.3937, 1.1028 1.921 0.3937, 0.887 1.6809 0.3937, 0.887 1.3531 0.3937, 0.887 1.2317 0.3937, 0.887 1.1995 0.3937, 0.887 0.9967 0.3937, 0.887 0.9827 0.3937, 0.887 0.9505 0.3937, 0.887 0.8643 0.3937, 0.887 0.7334 0.3937, 0.887 0.7012 0.3937, 0.887 0.6052 0.3937, -0.0918 0.6052 0.3937, -0.2027 0.6052 0.3937, -0.5353 0.6052 0.3937, -0.559 0.6052 0.3937, -2.0325 0.8654 0.3937, -2.0325 0.8643 0.3937, -2.0325 0.7334 0.3937, -3.1496 0.7334 0.3937, -2.0325 0.7012 0.3937, -3.1496 0.7012 0.3937, -3.1496 0.6052 0.3937, -3.1496 0.5906 0.3937, 0.7903 0.5841 0.3937, 0.887 0.5841 0.3937, -0.0918 0.5841 0.3937, -0.2027 0.5841 0.3937, -0.5353 0.5841 0.3937, -0.559 0.5841 0.3937, 1.8476 3.1496 0.3937, 1.8476 2.6876 0.3937, 1.8476 2.5331 0.3937, 1.8476 2.4576 0.3937, 1.8476 2.4085 0.3937, 1.8476 2.1996 0.3937, 1.8476 2.1708 0.3937, 1.8476 2.1393 0.3937, 1.8476 1.961 0.3937, 1.8476 1.6809 0.3937, 1.8476 1.3531 0.3937, 1.8476 1.2317 0.3937, 1.8476 1.1995 0.3937, 1.8476 0.9967 0.3937, 1.8476 0.9827 0.3937, 1.8476 0.9505 0.3937, 1.8476 0.8643 0.3937, 1.8476 0.7334 0.3937, 1.8476 0.7012 0.3937, 1.8476 0.6052 0.3937, 1.8476 0.5841 0.3937, 1.8476 0.4023 0.3937, 1.8476 0.2026 0.3937, -0.7067 2.1393 0.3937, -0.7067 1.961 0.3937, -0.7067 1.6809 0.3937, -0.7067 1.3531 0.3937, -0.7067 1.2317 0.3937, -0.7067 1.1995 0.3937, -0.7067 0.9967 0.3937, -0.7067 0.9827 0.3937, -0.7067 0.9505 0.3937, -0.7067 0.8643 0.3937, -0.7067 0.7334 0.3937, -0.7067 0.7012 0.3937, -0.7067 0.6052 0.3937, -0.7067 0.5841 0.3937, -1.7164 0.7334 0.3937, -1.9742 0.7334 0.3937, -1.7164 0.7012 0.3937, -1.9742 0.7012 0.3937, -1.7164 0.6052 0.3937, -1.9742 0.6052 0.3937, -1.7164 0.5841 0.3937, -1.9742 0.5841 0.3937, -0.7308 0.7012 0.3937, -0.9826 0.7012 0.3937, -0.7308 0.6052 0.3937, -0.9826 0.6052 0.3937, -0.7308 0.5841 0.3937, -0.9826 0.5841 0.3937, -0.7308 0.4023 0.3937, -0.9826 0.4023 0.3937, -1.1246 2.1708 0.3937, -1.1246 2.1393 0.3937, -1.1246 1.961 0.3937, -1.1246 1.6809 0.3937, -1.1246 1.3531 0.3937, -1.1246 1.2317 0.3937, -1.1246 1.1995 0.3937, -1.1246 0.9967 0.3937, -1.1246 0.9827 0.3937, -1.1246 0.9505 0.3937, -1.1246 0.8643 0.3937, -1.1246 0.7334 0.3937, -1.1246 0.7012 0.3937, -1.1246 0.6052 0.3937, -1.1246 0.5841 0.3937, -1.1246 0.4023 0.3937, -1.1246 0.1386 0.3937, -1.1223 -0.0069 0.3937, -1.2569 2.2281 0.3937, -1.2569 2.1996 0.3937, -1.2569 2.1708 0.3937, -1.2569 2.1393 0.3937, -1.2569 1.961 0.3937, -1.2569 1.6809 0.3937, -1.2569 1.3531 0.3937, -1.2569 1.2317 0.3937, -1.2569 1.1995 0.3937, -1.2569 0.9967 0.3937, -1.2569 0.9827 0.3937, -1.2569 0.9505 0.3937, -1.2569 0.8643 0.3937, -1.2569 0.7334 0.3937, -1.2569 0.7012 0.3937, -1.2569 0.6052 0.3937, -1.2569 0.5841 0.3937, -1.2569 0.4023 0.3937, -1.2569 0.1386 0.3937, -1.8582 0.1769 0.3937, -1.9742 0.1386 0.3937, -1.7164 -0.0131 0.3937, -1.9742 -0.0131 0.3937, -3.1496 -0.0131 0.3937, -3.1496 -0.1969 0.3937, -1.8472 -0.2325 0.3937, -1.9717 -0.2325 0.3937, -1.9742 -0.3269 0.3937, -1.9717 -0.0304 0.3937, -1.8472 -0.0304 0.3937, -1.7164 -0.3269 0.3937, -0.7162 0.9505 0.3937, -0.7162 0.8643 0.3937, -0.7162 0.7334 0.3937, -0.7162 0.7012 0.3937, -0.7162 0.6052 0.3937, -0.7162 0.5841 0.3937, -0.7162 0.4023 0.3937, -0.7162 0.1386 0.3937, -0.7162 -0.0131 0.3937, -0.7162 -0.3269 0.3937, -0.7162 -0.7506 0.3937, -1.9742 -0.7506 0.3937, -1.8988 -1.2163 0.3937, -0.7162 -1.2163 0.3937, -0.7308 -1.2163 0.3937, -0.9826 -1.2163 0.3937, -1.1246 -1.2163 0.3937, -1.2569 -1.2163 0.3937, -0.7162 -1.32 0.3937, -0.7308 -1.32 0.3937, -0.9826 -1.32 0.3937, -1.1246 -1.32 0.3937, -1.2569 -1.32 0.3937, -0.7067 -1.8781 0.3937, -0.7162 -1.8781 0.3937, -0.7308 -1.8781 0.3937, -0.9826 -1.8781 0.3937, -1.1246 -1.8781 0.3937, -1.7695 -1.6262 0.3937, -1.894 -1.6262 0.3937, -1.894 -1.4242 0.3937, -1.7695 -1.4242 0.3937, -1.1246 -2.6006 0.3937, -0.9826 -2.6006 0.3937, -0.7308 -2.6006 0.3937, -0.7162 -2.6006 0.3937, 1.6555 -2.9291 0.3937, 1.5673 -2.9308 0.3937, 1.6555 -2.7092 0.3937, 1.7739 -2.7092 0.3937, 1.7739 -2.9291 0.3937, -1.1246 -2.9308 0.3937, -0.9826 -2.9308 0.3937, -0.7308 -2.9308 0.3937, -0.7162 -2.9308 0.3937, -0.7067 -2.9308 0.3937, -0.559 -2.9308 0.3937, -0.5353 -2.9308 0.3937, -0.2027 -2.9308 0.3937, -0.0918 -2.9308 0.3937, 0.2295 -2.9308 0.3937, 0.4963 -2.9308 0.3937, 0.7903 -2.9308 0.3937, 0.887 -2.9308 0.3937, 1.1816 -2.9308 0.3937, 1.2527 -2.9308 0.3937, -1.1246 -3.1496 0.3937, -0.9826 -3.1496 0.3937, -0.7308 -3.1496 0.3937, -0.7162 -3.1496 0.3937, -0.7067 -3.1496 0.3937, -0.559 -3.1496 0.3937, -0.5353 -3.1496 0.3937, -0.2027 -3.1496 0.3937, -0.0918 -3.1496 0.3937, 0.2295 -3.1496 0.3937, 0.4963 -3.1496 0.3937, 0.7903 -3.1496 0.3937, 0.887 -3.1496 0.3937, 1.1816 -3.1496 0.3937, 1.2527 -3.1496 0.3937, 1.5673 -3.1496 0.3937
            ]
        }
        coordIndex [
            0,1,2,-1,3,4,5,-1,5,4,6,-1,7,8,9,-1,10,11,1,-1,1,12,10,-1,10,12,13,-1,10,13,14,-1,11,7,6,-1,6,7,9,-1,6,9,15,-1,15,9,16,-1,17,18,19,-1,19,18,9,-1,19,9,20,-1,20,9,8,-1,20,8,21,-1,21,8,22,-1,0,2,23,-1,24,5,25,-1,26,27,28,-1,28,27,29,-1,28,29,30,-1,30,31,28,-1,28,31,32,-1,28,32,33,-1,34,35,36,-1,36,35,37,-1,36,37,6,-1,6,37,38,-1,38,39,6,-1,6,39,40,-1,6,40,41,-1,42,43,44,-1,45,46,47,-1,48,6,49,-1,49,6,50,-1,51,2,52,-1,52,2,1,-1,52,1,53,-1,53,1,11,-1,53,11,54,-1,54,11,6,-1,54,6,55,-1,55,6,56,-1,23,2,28,-1,28,2,57,-1,28,57,26,-1,58,59,32,-1,32,59,60,-1,32,60,33,-1,44,61,42,-1,42,61,62,-1,42,62,63,-1,64,65,45,-1,45,65,66,-1,45,66,46,-1,25,67,24,-1,24,67,68,-1,24,68,42,-1,42,68,45,-1,42,45,43,-1,43,45,47,-1,41,69,6,-1,6,69,70,-1,6,70,5,-1,5,70,71,-1,5,71,25,-1,72,73,74,-1,74,73,75,-1,74,75,4,-1,4,75,76,-1,76,77,4,-1,4,77,78,-1,4,78,6,-1,6,78,79,-1,6,79,50,-1,48,80,6,-1,6,80,81,-1,6,81,56,-1,63,82,42,-1,42,82,83,-1,42,83,84,-1,84,85,42,-1,42,85,86,-1,42,86,87,-1,42,88,89,-1,87,90,91,-1,91,92,87,-1,87,92,93,-1,87,93,42,-1,42,93,94,-1,42,94,88,-1,89,95,42,-1,42,95,96,-1,42,96,97,-1,97,98,42,-1,42,98,99,-1,42,99,100,-1,101,102,103,-1,104,105,106,-1,100,107,42,-1,42,107,104,-1,42,104,108,-1,108,104,106,-1,108,109,42,-1,42,109,110,-1,42,110,111,-1,111,112,42,-1,42,112,113,-1,42,113,114,-1,42,115,116,-1,114,117,42,-1,42,117,118,-1,42,118,115,-1,101,103,116,-1,116,103,42,-1,42,103,119,-1,42,119,74,-1,74,119,120,-1,74,120,72,-1,121,122,14,-1,14,122,15,-1,14,15,10,-1,10,15,16,-1,123,124,125,-1,126,127,119,-1,119,127,128,-1,119,128,121,-1,129,130,122,-1,131,132,133,-1,133,132,134,-1,133,134,125,-1,125,134,135,-1,125,135,123,-1,136,137,103,-1,103,137,138,-1,103,138,119,-1,119,138,139,-1,119,139,126,-1,140,141,142,-1,143,144,122,-1,122,144,145,-1,122,145,146,-1,146,147,122,-1,122,147,148,-1,122,148,149,-1,149,150,122,-1,122,150,151,-1,122,151,152,-1,152,151,153,-1,152,153,154,-1,128,155,121,-1,121,155,156,-1,121,156,122,-1,122,156,157,-1,122,157,129,-1,142,158,140,-1,140,158,159,-1,140,159,160,-1,160,159,161,-1,160,161,143,-1,162,122,163,-1,163,122,130,-1,163,130,164,-1,164,130,165,-1,164,165,166,-1,162,167,122,-1,122,167,168,-1,122,168,169,-1,170,171,122,-1,170,122,172,-1,171,173,122,-1,122,173,174,-1,122,174,143,-1,143,174,175,-1,143,175,160,-1,176,177,178,-1,178,177,179,-1,178,179,165,-1,165,179,180,-1,165,180,166,-1,124,181,125,-1,125,181,172,-1,125,172,182,-1,182,172,122,-1,182,122,183,-1,183,122,169,-1,184,185,15,-1,186,187,188,-1,189,190,191,-1,192,193,185,-1,185,193,194,-1,185,194,195,-1,191,190,196,-1,195,197,185,-1,185,197,198,-1,185,198,15,-1,198,199,15,-1,15,199,200,-1,15,200,6,-1,6,200,201,-1,6,201,202,-1,6,203,204,-1,6,205,206,-1,206,205,207,-1,206,207,208,-1,209,210,211,-1,211,210,212,-1,204,213,214,-1,202,215,6,-1,6,215,216,-1,6,216,203,-1,203,216,217,-1,203,217,218,-1,219,213,220,-1,220,213,221,-1,214,222,204,-1,204,222,223,-1,204,223,224,-1,224,225,204,-1,204,225,226,-1,204,226,6,-1,6,226,227,-1,6,227,205,-1,218,228,203,-1,203,228,229,-1,203,229,185,-1,185,229,230,-1,185,230,192,-1,231,232,233,-1,233,232,234,-1,233,234,235,-1,233,190,204,-1,204,190,236,-1,204,236,237,-1,238,239,233,-1,233,239,240,-1,241,242,243,-1,243,242,244,-1,243,244,191,-1,191,244,245,-1,191,245,189,-1,237,246,204,-1,204,246,247,-1,204,247,213,-1,213,247,248,-1,213,248,221,-1,249,250,251,-1,252,253,254,-1,254,253,255,-1,254,255,212,-1,212,255,256,-1,212,256,211,-1,257,258,259,-1,235,260,233,-1,233,260,261,-1,233,261,262,-1,251,263,249,-1,249,263,264,-1,249,264,219,-1,219,264,265,-1,219,265,213,-1,188,184,186,-1,186,184,15,-1,186,15,233,-1,233,15,257,-1,233,257,231,-1,231,257,259,-1,238,233,266,-1,266,233,262,-1,266,262,211,-1,211,262,267,-1,211,267,209,-1,240,268,233,-1,233,268,269,-1,233,269,190,-1,190,269,270,-1,190,270,196,-1,271,272,273,-1,273,272,274,-1,273,274,122,-1,122,274,275,-1,275,276,122,-1,122,276,277,-1,122,277,278,-1,279,280,281,-1,278,282,122,-1,122,282,283,-1,122,283,15,-1,15,283,284,-1,15,284,285,-1,286,287,15,-1,288,289,290,-1,279,281,285,-1,285,281,291,-1,285,291,15,-1,15,291,292,-1,15,292,293,-1,293,294,15,-1,15,294,295,-1,15,295,296,-1,297,298,299,-1,290,300,288,-1,288,300,301,-1,288,301,280,-1,280,301,302,-1,280,302,281,-1,303,304,305,-1,287,306,15,-1,15,306,307,-1,15,307,257,-1,257,307,308,-1,257,308,309,-1,310,311,15,-1,15,311,312,-1,15,312,286,-1,313,314,315,-1,315,314,316,-1,315,316,297,-1,297,316,317,-1,297,317,298,-1,318,319,15,-1,15,319,320,-1,15,320,321,-1,303,305,296,-1,296,305,322,-1,296,322,15,-1,15,322,323,-1,15,323,318,-1,299,324,297,-1,297,324,310,-1,297,310,325,-1,325,310,15,-1,325,15,326,-1,326,15,321,-1,327,328,329,-1,329,328,330,-1,329,330,304,-1,304,330,331,-1,304,331,305,-1,332,333,334,-1,335,336,337,-1,338,339,340,-1,341,342,343,-1,344,345,346,-1,347,348,349,-1,350,351,352,-1,353,354,355,-1,356,357,358,-1,359,360,361,-1,360,362,363,-1,364,365,366,-1,367,368,369,-1,370,371,372,-1,373,374,375,-1,376,377,378,-1,379,380,381,-1,382,383,384,-1,385,386,387,-1,388,389,390,-1,391,392,393,-1,394,395,396,-1,397,398,399,-1,400,401,402,-1,403,404,405,-1,406,407,408,-1,408,407,409,-1,410,411,412,-1,413,414,415,-1,415,414,416,-1,417,418,419,-1,418,417,420,-1,420,417,421,-1,420,421,422,-1,422,421,423,-1,422,423,402,-1,402,423,424,-1,402,424,400,-1,425,426,427,-1,427,426,428,-1,401,400,429,-1,429,400,430,-1,429,430,431,-1,431,430,432,-1,431,432,419,-1,419,432,433,-1,419,433,417,-1,417,433,434,-1,417,434,421,-1,421,434,435,-1,421,435,436,-1,437,438,439,-1,439,438,440,-1,439,440,441,-1,441,440,442,-1,437,427,438,-1,438,427,428,-1,438,428,440,-1,440,428,443,-1,440,443,432,-1,432,443,444,-1,432,444,433,-1,433,444,445,-1,433,445,434,-1,446,447,448,-1,448,447,449,-1,450,451,452,-1,451,450,453,-1,453,450,454,-1,453,454,455,-1,455,454,337,-1,455,337,456,-1,456,337,336,-1,456,336,457,-1,457,336,458,-1,457,458,459,-1,459,458,460,-1,459,460,461,-1,461,460,462,-1,461,462,452,-1,452,462,463,-1,452,463,450,-1,464,465,466,-1,466,465,467,-1,466,467,468,-1,468,467,463,-1,468,463,469,-1,469,463,462,-1,469,462,470,-1,470,462,471,-1,470,471,472,-1,472,471,473,-1,474,475,476,-1,476,475,477,-1,477,475,478,-1,477,478,479,-1,480,481,482,-1,482,481,483,-1,482,483,484,-1,485,486,487,-1,487,486,488,-1,489,490,491,-1,492,493,494,-1,494,493,495,-1,495,493,496,-1,495,496,497,-1,497,496,498,-1,497,498,499,-1,500,501,502,-1,502,501,503,-1,503,501,504,-1,503,504,505,-1,506,507,508,-1,507,506,509,-1,509,506,510,-1,509,510,511,-1,511,510,498,-1,511,498,512,-1,512,498,496,-1,512,496,513,-1,513,496,514,-1,513,514,515,-1,515,514,516,-1,515,516,517,-1,517,516,518,-1,517,518,508,-1,508,518,519,-1,508,519,506,-1,520,521,522,-1,521,523,522,-1,522,523,524,-1,522,524,525,-1,526,527,528,-1,528,527,529,-1,530,531,522,-1,522,531,532,-1,522,532,520,-1,533,534,535,-1,536,537,534,-1,534,537,527,-1,534,527,535,-1,535,527,526,-1,535,525,533,-1,533,525,524,-1,533,524,538,-1,538,524,539,-1,538,539,540,-1,540,539,541,-1,540,541,542,-1,543,544,545,-1,545,544,546,-1,546,544,547,-1,546,547,548,-1,548,547,549,-1,548,549,550,-1,550,549,551,-1,550,551,552,-1,552,551,553,-1,552,553,554,-1,554,553,555,-1,554,555,556,-1,556,555,557,-1,556,557,558,-1,559,560,561,-1,561,560,562,-1,563,564,562,-1,562,564,565,-1,562,565,561,-1,566,567,568,-1,568,567,569,-1,568,569,570,-1,570,569,559,-1,571,572,573,-1,573,572,388,-1,573,388,574,-1,575,576,577,-1,571,549,578,-1,578,549,547,-1,578,547,579,-1,579,547,544,-1,579,544,580,-1,580,544,543,-1,580,543,581,-1,577,576,582,-1,582,576,583,-1,582,583,389,-1,584,585,586,-1,586,585,587,-1,587,585,588,-1,587,588,589,-1,589,588,590,-1,589,590,591,-1,591,590,592,-1,591,592,593,-1,594,595,596,-1,597,598,599,-1,599,598,600,-1,601,602,603,-1,603,602,604,-1,604,605,603,-1,603,605,606,-1,603,606,607,-1,608,609,610,-1,610,609,603,-1,610,603,611,-1,611,603,607,-1,612,599,613,-1,613,599,600,-1,613,600,614,-1,614,600,615,-1,616,617,618,-1,618,617,619,-1,618,619,601,-1,601,619,620,-1,601,620,602,-1,621,622,623,-1,624,625,626,-1,626,625,627,-1,623,622,628,-1,628,622,629,-1,628,629,630,-1,631,632,633,-1,634,635,636,-1,633,632,637,-1,637,632,638,-1,637,638,639,-1,639,638,640,-1,639,640,636,-1,636,640,641,-1,636,641,634,-1,635,634,642,-1,642,634,643,-1,642,643,644,-1,645,646,647,-1,648,649,650,-1,650,649,651,-1,647,646,652,-1,652,646,653,-1,652,653,654,-1,649,655,651,-1,651,655,654,-1,651,654,656,-1,656,654,653,-1,656,653,657,-1,657,653,658,-1,658,653,659,-1,658,659,660,-1,660,659,661,-1,660,661,662,-1,662,661,663,-1,662,663,664,-1,664,663,665,-1,664,665,666,-1,667,668,669,-1,669,668,670,-1,670,668,671,-1,670,671,672,-1,672,671,673,-1,672,673,674,-1,674,673,675,-1,674,675,676,-1,676,675,677,-1,676,677,678,-1,678,677,679,-1,678,679,680,-1,681,682,683,-1,683,682,684,-1,683,684,685,-1,685,684,686,-1,685,686,687,-1,687,686,688,-1,687,688,689,-1,689,688,690,-1,689,690,691,-1,691,690,692,-1,691,692,680,-1,680,692,693,-1,680,693,678,-1,694,695,379,-1,695,696,379,-1,379,696,697,-1,379,697,698,-1,699,700,701,-1,697,702,698,-1,698,702,703,-1,698,703,704,-1,704,703,705,-1,704,705,701,-1,701,705,706,-1,701,706,699,-1,700,707,701,-1,701,707,708,-1,701,708,709,-1,709,708,710,-1,710,376,709,-1,709,376,378,-1,709,378,711,-1,711,378,712,-1,711,712,713,-1,713,712,714,-1,715,716,717,-1,717,716,718,-1,718,716,719,-1,718,719,720,-1,720,719,721,-1,720,721,722,-1,722,721,723,-1,722,723,724,-1,724,723,725,-1,724,725,726,-1,726,725,727,-1,726,727,728,-1,372,729,370,-1,370,729,730,-1,370,730,731,-1,732,733,734,-1,732,735,733,-1,733,735,736,-1,733,736,737,-1,737,736,370,-1,737,370,738,-1,738,370,731,-1,739,740,741,-1,734,742,732,-1,732,742,739,-1,732,739,743,-1,743,739,741,-1,744,745,746,-1,735,747,736,-1,736,747,748,-1,736,748,749,-1,749,750,736,-1,736,750,751,-1,736,751,746,-1,746,751,752,-1,746,752,744,-1,745,753,746,-1,746,753,754,-1,746,754,755,-1,755,754,756,-1,367,369,756,-1,756,369,755,-1,755,369,757,-1,755,757,758,-1,758,757,759,-1,758,759,760,-1,760,759,761,-1,760,761,762,-1,762,761,763,-1,763,761,764,-1,763,764,765,-1,365,765,766,-1,767,364,768,-1,768,769,767,-1,767,769,770,-1,767,770,771,-1,772,773,774,-1,774,773,775,-1,775,773,776,-1,775,776,777,-1,777,776,778,-1,777,778,779,-1,779,778,780,-1,779,780,362,-1,781,782,783,-1,783,784,781,-1,781,784,785,-1,781,785,786,-1,786,785,787,-1,786,787,788,-1,788,787,789,-1,788,789,790,-1,790,789,791,-1,790,791,792,-1,792,791,793,-1,792,793,794,-1,794,793,795,-1,794,795,796,-1,796,795,797,-1,796,797,798,-1,798,797,799,-1,798,799,800,-1,800,799,801,-1,800,801,802,-1,802,801,803,-1,802,803,804,-1,804,803,568,-1,804,568,805,-1,805,568,570,-1,805,570,806,-1,806,570,807,-1,808,809,810,-1,811,812,813,-1,808,810,814,-1,815,816,817,-1,807,818,813,-1,813,818,819,-1,813,819,811,-1,817,820,815,-1,815,820,821,-1,815,821,809,-1,809,821,822,-1,809,822,810,-1,823,824,825,-1,826,827,824,-1,824,827,813,-1,825,824,828,-1,812,829,813,-1,813,829,830,-1,813,830,824,-1,824,830,831,-1,824,831,828,-1,832,833,834,-1,834,833,835,-1,834,835,825,-1,825,835,836,-1,825,836,823,-1,837,838,839,-1,839,838,827,-1,839,827,840,-1,840,827,826,-1,841,842,843,-1,837,844,838,-1,838,844,845,-1,838,845,841,-1,841,845,846,-1,841,846,842,-1,356,358,847,-1,848,849,841,-1,841,849,850,-1,841,850,851,-1,852,853,854,-1,854,853,841,-1,854,841,855,-1,855,841,851,-1,843,847,841,-1,841,847,358,-1,841,358,848,-1,848,358,856,-1,852,857,853,-1,853,857,858,-1,853,858,859,-1,859,858,860,-1,860,861,859,-1,859,861,862,-1,859,862,863,-1,352,351,864,-1,865,866,867,-1,865,867,868,-1,863,353,859,-1,859,353,355,-1,859,355,867,-1,867,355,869,-1,867,869,868,-1,868,869,870,-1,866,871,867,-1,867,871,872,-1,867,872,352,-1,352,872,873,-1,352,873,350,-1,874,875,876,-1,876,875,877,-1,876,877,878,-1,878,877,879,-1,878,879,880,-1,880,879,881,-1,880,881,882,-1,882,881,883,-1,882,883,884,-1,884,883,885,-1,884,885,886,-1,886,885,887,-1,886,887,888,-1,888,887,889,-1,888,889,890,-1,890,889,891,-1,890,891,892,-1,892,891,893,-1,892,893,894,-1,894,893,895,-1,894,895,896,-1,897,898,899,-1,900,901,902,-1,902,901,903,-1,903,901,904,-1,903,904,905,-1,900,906,907,-1,908,909,905,-1,899,903,897,-1,897,903,905,-1,897,905,910,-1,910,905,909,-1,900,907,905,-1,905,907,911,-1,905,911,908,-1,912,913,537,-1,537,913,914,-1,537,914,902,-1,900,902,906,-1,906,902,914,-1,906,914,915,-1,540,916,917,-1,912,918,919,-1,536,538,537,-1,537,538,540,-1,537,540,912,-1,912,540,917,-1,912,917,918,-1,919,920,912,-1,912,920,921,-1,912,921,915,-1,915,921,922,-1,915,922,906,-1,923,924,925,-1,925,924,926,-1,925,926,927,-1,927,926,928,-1,929,930,923,-1,930,931,923,-1,923,931,932,-1,923,932,928,-1,932,933,928,-1,928,933,934,-1,928,934,927,-1,927,934,531,-1,927,531,529,-1,529,531,530,-1,529,530,528,-1,929,923,935,-1,935,923,925,-1,935,925,936,-1,936,925,937,-1,936,937,938,-1,939,940,351,-1,351,940,941,-1,351,941,864,-1,939,942,940,-1,940,942,943,-1,940,943,944,-1,944,945,940,-1,940,945,946,-1,940,946,947,-1,948,949,561,-1,559,561,570,-1,570,561,949,-1,570,949,950,-1,950,951,570,-1,570,951,814,-1,570,814,807,-1,807,814,810,-1,807,810,818,-1,952,953,948,-1,954,955,951,-1,951,955,956,-1,951,956,814,-1,953,957,948,-1,948,957,958,-1,948,958,951,-1,951,958,959,-1,951,959,954,-1,952,948,960,-1,960,948,561,-1,960,561,961,-1,961,561,565,-1,961,565,962,-1,962,565,963,-1,962,963,964,-1,965,966,967,-1,967,966,729,-1,967,729,968,-1,968,729,372,-1,968,372,343,-1,969,970,971,-1,971,970,965,-1,971,965,972,-1,972,965,967,-1,972,967,342,-1,342,967,973,-1,342,973,343,-1,343,973,974,-1,343,974,968,-1,975,976,977,-1,971,978,969,-1,969,978,975,-1,969,975,979,-1,979,975,977,-1,980,981,982,-1,982,981,983,-1,982,983,984,-1,340,985,986,-1,986,987,340,-1,340,987,988,-1,340,988,989,-1,989,988,990,-1,989,990,991,-1,991,992,989,-1,989,992,993,-1,989,993,994,-1,980,989,981,-1,981,989,994,-1,981,994,343,-1,343,994,995,-1,343,995,341,-1,996,997,983,-1,983,997,998,-1,983,998,999,-1,1000,1001,1002,-1,1002,1001,1003,-1,1002,1003,983,-1,983,1003,1004,-1,983,1004,996,-1,989,984,340,-1,340,984,983,-1,340,983,338,-1,338,983,999,-1,1005,1006,1007,-1,1006,1008,1007,-1,1007,1008,1009,-1,1007,1009,1010,-1,1009,1011,1010,-1,1010,1011,1000,-1,1010,1000,1012,-1,1012,1000,1002,-1,1012,1002,1013,-1,1013,1002,1014,-1,1013,1014,1007,-1,616,618,1015,-1,1015,618,614,-1,1015,614,1016,-1,1016,614,615,-1,1016,615,1017,-1,1017,615,1018,-1,1017,1018,1019,-1,694,379,1020,-1,1020,379,381,-1,1020,381,1021,-1,1021,381,1022,-1,1021,1022,1023,-1,1023,1022,1024,-1,1023,1024,1025,-1,1026,1027,1022,-1,1022,1027,1028,-1,1028,1029,1022,-1,1022,1029,1030,-1,1022,1030,1031,-1,1032,1024,1033,-1,1033,1024,1022,-1,1033,1022,1034,-1,1034,1022,1031,-1,1035,1036,1037,-1,1037,1036,1038,-1,1035,1039,1036,-1,1036,1039,1040,-1,1036,1040,1026,-1,1026,1040,1041,-1,1026,1041,1027,-1,1038,1036,1042,-1,1042,1036,1043,-1,1042,1043,1044,-1,1045,1046,1047,-1,1047,1046,1048,-1,1047,1048,1049,-1,1049,1048,1050,-1,1049,1050,1051,-1,1050,1052,1051,-1,1051,1052,1053,-1,1051,1053,1054,-1,1055,1056,1057,-1,1057,1056,1051,-1,1057,1051,1058,-1,1058,1051,1054,-1,1059,1060,1061,-1,1062,1063,1064,-1,1059,1061,1065,-1,1064,1065,1062,-1,1062,1065,1061,-1,1062,1061,1066,-1,1066,1061,1067,-1,1066,1067,1048,-1,1048,1067,1068,-1,1048,1068,1050,-1,1050,1068,1069,-1,1050,1069,1070,-1,1060,1071,1061,-1,1061,1071,1072,-1,1061,1072,1069,-1,1069,1072,1073,-1,1069,1073,1070,-1,1074,1075,1076,-1,1076,1075,1077,-1,1074,1078,1075,-1,1075,1078,1079,-1,1075,1079,1080,-1,1080,1079,1081,-1,1080,1081,1082,-1,1077,1075,1083,-1,1083,1075,1084,-1,1083,1084,1085,-1,1086,1087,1088,-1,1088,1087,1089,-1,1089,1090,1088,-1,1088,1090,1091,-1,1088,1091,1084,-1,1084,1091,1092,-1,1084,1092,1085,-1,1093,1094,1095,-1,1095,1094,1096,-1,1095,1096,1097,-1,1096,1098,1097,-1,1097,1098,1099,-1,1097,1099,1100,-1,1100,1099,1101,-1,1100,1101,518,-1,518,1101,1102,-1,518,1102,519,-1,519,1102,1103,-1,519,1103,1104,-1,1104,1103,1105,-1,1104,1105,1098,-1,1098,1105,1106,-1,1098,1106,1099,-1,647,648,645,-1,645,648,650,-1,645,650,1107,-1,1107,650,1108,-1,633,1109,631,-1,631,1109,1110,-1,631,1110,1111,-1,1111,1110,1112,-1,1111,1112,629,-1,629,1112,1113,-1,629,1113,630,-1,630,1113,627,-1,630,627,1114,-1,1114,627,625,-1,1045,1051,1046,-1,1046,1051,1056,-1,1046,1056,1115,-1,1115,1056,1116,-1,1115,1116,1117,-1,1117,1116,1118,-1,1119,1120,1121,-1,1121,1120,1108,-1,1108,1120,1122,-1,1108,1122,1107,-1,1107,1122,1123,-1,1107,1123,1124,-1,1125,1126,1127,-1,1127,1126,1117,-1,1127,1117,1128,-1,1128,1117,1118,-1,1128,1118,1129,-1,1129,1118,1130,-1,1131,1086,1132,-1,1132,1086,1088,-1,1132,1088,1133,-1,1133,1088,1134,-1,1133,1134,1135,-1,1135,1134,1136,-1,1135,1136,1137,-1,1137,1136,1138,-1,1137,1138,349,-1,349,1138,899,-1,349,899,347,-1,347,899,898,-1,1125,1129,1126,-1,1126,1129,1130,-1,1126,1130,1043,-1,1043,1130,1139,-1,1043,1139,1044,-1,1044,1139,1140,-1,1094,1141,1096,-1,1096,1141,1142,-1,1096,1142,1098,-1,1098,1142,1143,-1,1098,1143,1104,-1,1104,1143,1144,-1,1104,1144,519,-1,519,1144,1145,-1,519,1145,506,-1,506,1145,1146,-1,506,1146,510,-1,510,1146,1147,-1,510,1147,498,-1,498,1147,500,-1,498,500,499,-1,499,500,502,-1,663,1148,665,-1,665,1148,1149,-1,665,1149,1150,-1,1150,1149,1151,-1,1150,1151,1152,-1,1152,1151,1153,-1,1152,1153,1154,-1,1154,1153,1155,-1,1154,1155,1156,-1,1156,1155,1157,-1,1156,1157,1158,-1,1158,1157,1159,-1,1158,1159,1160,-1,1160,1159,1161,-1,1160,1161,1162,-1,1162,1161,1163,-1,1162,1163,1164,-1,1164,1163,1165,-1,1164,1165,473,-1,473,1165,465,-1,473,465,472,-1,472,465,464,-1,641,1166,634,-1,634,1166,1167,-1,634,1167,643,-1,643,1167,1168,-1,643,1168,1169,-1,1169,1168,1170,-1,1169,1170,1171,-1,1171,1170,1172,-1,1171,1172,1173,-1,1173,1172,1174,-1,1173,1174,1175,-1,1175,1174,1176,-1,1175,1176,1177,-1,1177,1176,1178,-1,1177,1178,1179,-1,1179,1178,1180,-1,1179,1180,1181,-1,1181,1180,1182,-1,1181,1182,487,-1,487,1182,1183,-1,487,1183,485,-1,485,1183,1184,-1,1166,677,1167,-1,1167,677,675,-1,1167,675,1168,-1,1168,675,673,-1,1168,673,1170,-1,1170,673,671,-1,1170,671,1172,-1,1172,671,668,-1,1172,668,1174,-1,1174,668,667,-1,1174,667,1176,-1,1176,667,1185,-1,1176,1185,1178,-1,1178,1185,1186,-1,1178,1186,1180,-1,1180,1186,1187,-1,1180,1187,1182,-1,1182,1187,1188,-1,1182,1188,1183,-1,1183,1188,489,-1,1183,489,1184,-1,1184,489,491,-1,691,1189,689,-1,689,1189,1190,-1,689,1190,687,-1,687,1190,1191,-1,687,1191,685,-1,685,1191,1192,-1,685,1192,683,-1,683,1192,1193,-1,683,1193,681,-1,681,1193,1194,-1,681,1194,1195,-1,1195,1194,1196,-1,1195,1196,1197,-1,1197,1196,1198,-1,1197,1198,1199,-1,1199,1198,1200,-1,1199,1200,1201,-1,1201,1200,1202,-1,1201,1202,727,-1,727,1202,1203,-1,727,1203,728,-1,1189,1066,1190,-1,1190,1066,1048,-1,1190,1048,1191,-1,1191,1048,1046,-1,1191,1046,1192,-1,1192,1046,1115,-1,1192,1115,1193,-1,1193,1115,1117,-1,1193,1117,1194,-1,1194,1117,1126,-1,1194,1126,1196,-1,1196,1126,1043,-1,1196,1043,1198,-1,1198,1043,1036,-1,1198,1036,1200,-1,1200,1036,1026,-1,1200,1026,1202,-1,1202,1026,1022,-1,1202,1022,1203,-1,1203,1022,381,-1,1203,381,728,-1,728,381,380,-1,1204,1205,1206,-1,1206,1205,1207,-1,1206,1207,1208,-1,1208,1207,1209,-1,1208,1209,1210,-1,1210,1209,1211,-1,1210,1211,1212,-1,1212,1211,1213,-1,1212,1213,1214,-1,1214,1213,1215,-1,1214,1215,1216,-1,1216,1215,1217,-1,1216,1217,1218,-1,1218,1217,1219,-1,1218,1219,1220,-1,1220,1219,1221,-1,1220,1221,1222,-1,1222,1221,1223,-1,1222,1223,1224,-1,1224,1223,1225,-1,1224,1225,1226,-1,1226,1225,1227,-1,1226,1227,1228,-1,1228,1227,1229,-1,486,391,488,-1,488,391,393,-1,488,393,478,-1,478,393,1230,-1,478,1230,479,-1,479,1230,1231,-1,392,491,393,-1,393,491,490,-1,393,490,1230,-1,1230,490,484,-1,1230,484,1231,-1,1231,484,483,-1,1232,1233,1234,-1,1234,1233,1229,-1,1233,1235,1229,-1,1229,1235,1236,-1,1229,1236,1228,-1,1228,1236,1237,-1,1236,1232,1237,-1,1237,1232,1234,-1,1237,1234,1238,-1,1238,1234,1239,-1,1238,1239,1240,-1,1239,415,1240,-1,1240,415,416,-1,1240,416,1241,-1,1241,416,1242,-1,1241,1242,333,-1,333,1242,1243,-1,333,1243,334,-1,334,1243,1244,-1,334,1244,413,-1,413,1244,1245,-1,413,1245,414,-1,1141,1246,1142,-1,1142,1246,1247,-1,1142,1247,1143,-1,1143,1247,1248,-1,1143,1248,1144,-1,1144,1248,1249,-1,1144,1249,1145,-1,1145,1249,1250,-1,1145,1250,1146,-1,1146,1250,1251,-1,1146,1251,1147,-1,1147,1251,1252,-1,1147,1252,500,-1,500,1252,1253,-1,500,1253,501,-1,501,1253,1254,-1,501,1254,504,-1,504,1254,1255,-1,504,1255,1256,-1,1256,1255,1257,-1,1256,1257,1258,-1,1258,1257,1259,-1,1258,1259,1260,-1,1260,1259,1261,-1,1260,1261,1262,-1,1262,1261,1263,-1,1262,1263,1264,-1,1264,1263,1265,-1,1264,1265,1266,-1,1266,1265,1267,-1,1266,1267,557,-1,557,1267,543,-1,557,543,558,-1,558,543,545,-1,1246,659,1247,-1,1247,659,653,-1,1247,653,1248,-1,1248,653,646,-1,1248,646,1249,-1,1249,646,645,-1,1249,645,1250,-1,1250,645,1107,-1,1250,1107,1251,-1,1251,1107,1124,-1,1251,1124,1252,-1,1252,1124,1268,-1,1252,1268,1253,-1,1253,1268,1269,-1,1253,1269,1254,-1,1254,1269,1270,-1,1254,1270,1255,-1,1255,1270,1271,-1,1255,1271,1257,-1,1257,1271,1272,-1,1257,1272,1259,-1,1259,1272,1273,-1,1259,1273,1261,-1,1261,1273,1274,-1,1261,1274,1263,-1,1263,1274,1275,-1,1263,1275,1265,-1,1265,1275,1276,-1,1265,1276,1267,-1,1267,1276,1277,-1,1267,1277,543,-1,543,1277,575,-1,543,575,581,-1,581,575,577,-1,337,448,335,-1,335,448,449,-1,335,449,1278,-1,1278,449,1279,-1,1278,1279,1280,-1,1280,1279,1281,-1,1280,1281,1282,-1,1282,1281,1283,-1,1282,1283,1284,-1,1284,1283,1285,-1,1284,1285,1286,-1,1286,1285,1287,-1,1286,1287,1288,-1,1148,638,1149,-1,1149,638,632,-1,1149,632,1151,-1,1151,632,631,-1,1151,631,1153,-1,1153,631,1111,-1,1153,1111,1155,-1,1155,1111,629,-1,1155,629,1157,-1,1157,629,622,-1,1157,622,1159,-1,1159,622,621,-1,1159,621,1161,-1,1161,621,1289,-1,1161,1289,1163,-1,1163,1289,1290,-1,1163,1290,1165,-1,1165,1290,1291,-1,1165,1291,465,-1,465,1291,1292,-1,465,1292,467,-1,467,1292,1293,-1,467,1293,463,-1,463,1293,1294,-1,463,1294,450,-1,450,1294,1295,-1,450,1295,454,-1,454,1295,1296,-1,454,1296,337,-1,337,1296,1297,-1,337,1297,448,-1,448,1297,1288,-1,448,1288,446,-1,446,1288,1287,-1,395,481,396,-1,396,481,480,-1,396,480,1298,-1,1298,480,1299,-1,1298,1299,1300,-1,1300,1299,1301,-1,1302,1303,1304,-1,1304,1303,1305,-1,1304,1305,1306,-1,1307,1308,1309,-1,1302,1307,1303,-1,1303,1307,1309,-1,1303,1309,1310,-1,1310,1309,1311,-1,1310,1311,937,-1,937,1311,1312,-1,937,1312,938,-1,938,1312,1313,-1,1314,1315,1316,-1,1316,1315,1300,-1,1316,1300,1317,-1,1317,1300,1301,-1,1317,1301,1318,-1,1318,1301,1319,-1,403,892,1320,-1,1320,892,894,-1,1320,894,1321,-1,1321,894,896,-1,1321,896,1322,-1,1322,896,1323,-1,1322,1323,1324,-1,1324,1323,1325,-1,1324,1325,409,-1,409,1325,332,-1,409,332,408,-1,408,332,334,-1,1205,1093,1207,-1,1207,1093,1095,-1,1207,1095,1209,-1,1209,1095,1097,-1,1209,1097,1211,-1,1211,1097,1100,-1,1211,1100,1213,-1,1213,1100,518,-1,1213,518,1215,-1,1215,518,516,-1,1215,516,1217,-1,1217,516,514,-1,1217,514,1219,-1,1219,514,496,-1,1219,496,1221,-1,1221,496,493,-1,1221,493,1223,-1,1223,493,492,-1,1223,492,1225,-1,1225,492,1326,-1,1225,1326,1227,-1,1227,1326,1327,-1,1227,1327,1229,-1,1229,1327,1328,-1,1229,1328,1234,-1,1234,1328,1329,-1,1234,1329,1239,-1,1239,1329,1330,-1,1239,1330,415,-1,415,1330,1331,-1,415,1331,413,-1,413,1331,1332,-1,413,1332,334,-1,334,1332,1333,-1,334,1333,408,-1,408,1333,410,-1,408,410,406,-1,406,410,412,-1,1123,1119,1124,-1,1124,1119,1121,-1,1124,1121,1268,-1,1268,1121,1334,-1,1268,1334,1269,-1,1269,1334,1335,-1,1269,1335,1270,-1,1270,1335,1336,-1,1270,1336,1271,-1,1271,1336,1337,-1,1271,1337,1272,-1,1272,1337,1338,-1,1272,1338,1273,-1,1273,1338,1339,-1,1273,1339,1274,-1,1274,1339,1340,-1,1274,1340,1275,-1,1275,1340,1341,-1,1275,1341,1276,-1,1276,1341,1342,-1,1276,1342,1277,-1,1277,1342,1343,-1,1277,1343,575,-1,575,1343,1344,-1,575,1344,576,-1,576,1344,1345,-1,576,1345,583,-1,583,1345,1346,-1,657,666,656,-1,656,666,665,-1,656,665,651,-1,651,665,1150,-1,651,1150,650,-1,650,1150,1152,-1,650,1152,1108,-1,1108,1152,1154,-1,1108,1154,1121,-1,1121,1154,1156,-1,1121,1156,1334,-1,1334,1156,1158,-1,1334,1158,1335,-1,1335,1158,1160,-1,1335,1160,1336,-1,1336,1160,1162,-1,1336,1162,1337,-1,1337,1162,1164,-1,1337,1164,1338,-1,1338,1164,473,-1,1338,473,1339,-1,1339,473,471,-1,1339,471,1340,-1,1340,471,462,-1,1340,462,1341,-1,1341,462,460,-1,1341,460,1342,-1,1342,460,458,-1,1342,458,1343,-1,1343,458,336,-1,1343,336,1344,-1,1344,336,335,-1,1344,335,1345,-1,1345,335,1278,-1,1345,1278,1346,-1,1346,1278,1280,-1,1307,1306,1308,-1,1308,1306,1305,-1,1308,1305,1347,-1,1347,1305,1348,-1,1347,1348,346,-1,346,1348,947,-1,346,947,344,-1,344,947,946,-1,494,1349,492,-1,492,1349,1350,-1,492,1350,1326,-1,1326,1350,1351,-1,1326,1351,1327,-1,1327,1351,1352,-1,1327,1352,1328,-1,1328,1352,1353,-1,1328,1353,1329,-1,1329,1353,1354,-1,1329,1354,1330,-1,1330,1354,1355,-1,1330,1355,1331,-1,1331,1355,1356,-1,1331,1356,1332,-1,1332,1356,1357,-1,1332,1357,1333,-1,1333,1357,1358,-1,1333,1358,410,-1,410,1358,1359,-1,410,1359,411,-1,411,1359,1360,-1,1349,505,1350,-1,1350,505,504,-1,1350,504,1351,-1,1351,504,1256,-1,1351,1256,1352,-1,1352,1256,1258,-1,1352,1258,1353,-1,1353,1258,1260,-1,1353,1260,1354,-1,1354,1260,1262,-1,1354,1262,1355,-1,1355,1262,1264,-1,1355,1264,1356,-1,1356,1264,1266,-1,1356,1266,1357,-1,1357,1266,557,-1,1357,557,1358,-1,1358,557,555,-1,1358,555,1359,-1,1359,555,553,-1,1359,553,1360,-1,1360,553,551,-1,389,583,390,-1,390,583,1346,-1,390,1346,1361,-1,1361,1346,1280,-1,1361,1280,1362,-1,1362,1280,1282,-1,1362,1282,1363,-1,1363,1282,1284,-1,1363,1284,1364,-1,1365,713,1366,-1,1366,713,714,-1,1366,714,1367,-1,1367,714,1368,-1,1367,1368,1369,-1,1369,1368,1370,-1,1369,1370,1018,-1,1018,1370,1371,-1,1018,1371,1019,-1,1019,1371,1372,-1,571,573,549,-1,549,573,1373,-1,549,1373,551,-1,551,1373,1374,-1,551,1374,1360,-1,1360,1374,405,-1,1360,405,411,-1,411,405,404,-1,411,404,412,-1,388,390,574,-1,574,390,1361,-1,574,1361,1375,-1,1375,1361,1362,-1,1375,1362,1376,-1,1376,1362,1363,-1,1376,1363,1377,-1,1377,1363,1364,-1,1377,1364,1378,-1,1075,1379,1084,-1,1084,1379,1380,-1,1084,1380,1088,-1,1088,1380,1381,-1,1088,1381,1134,-1,1134,1381,1382,-1,1134,1382,1136,-1,1136,1382,1383,-1,1136,1383,1138,-1,1138,1383,1384,-1,1138,1384,899,-1,899,1384,1385,-1,899,1385,903,-1,903,1385,1386,-1,903,1386,902,-1,902,1386,1387,-1,902,1387,537,-1,537,1387,1388,-1,537,1388,527,-1,527,1388,1389,-1,527,1389,529,-1,529,1389,1390,-1,529,1390,927,-1,927,1390,1391,-1,927,1391,925,-1,925,1391,1392,-1,925,1392,937,-1,937,1392,1393,-1,937,1393,1310,-1,1310,1393,1394,-1,1310,1394,1303,-1,1303,1394,1395,-1,1303,1395,1305,-1,1305,1395,1396,-1,1305,1396,1348,-1,1348,1396,1397,-1,1348,1397,947,-1,947,1397,1398,-1,947,1398,940,-1,940,1398,1399,-1,940,1399,941,-1,941,1399,1400,-1,941,1400,864,-1,864,1400,1401,-1,1379,1204,1380,-1,1380,1204,1206,-1,1380,1206,1381,-1,1381,1206,1208,-1,1381,1208,1382,-1,1382,1208,1210,-1,1382,1210,1383,-1,1383,1210,1212,-1,1383,1212,1384,-1,1384,1212,1214,-1,1384,1214,1385,-1,1385,1214,1216,-1,1385,1216,1386,-1,1386,1216,1218,-1,1386,1218,1387,-1,1387,1218,1220,-1,1387,1220,1388,-1,1388,1220,1222,-1,1388,1222,1389,-1,1389,1222,1224,-1,1389,1224,1390,-1,1390,1224,1226,-1,1390,1226,1391,-1,1391,1226,1228,-1,1391,1228,1392,-1,1392,1228,1237,-1,1392,1237,1393,-1,1393,1237,1238,-1,1393,1238,1394,-1,1394,1238,1240,-1,1394,1240,1395,-1,1395,1240,1241,-1,1395,1241,1396,-1,1396,1241,333,-1,1396,333,1397,-1,1397,333,332,-1,1397,332,1398,-1,1398,332,1325,-1,1398,1325,1399,-1,1399,1325,1323,-1,1399,1323,1400,-1,1400,1323,896,-1,1400,896,1401,-1,1401,896,895,-1,403,405,892,-1,892,405,1374,-1,892,1374,890,-1,890,1374,1373,-1,890,1373,888,-1,888,1373,573,-1,888,573,886,-1,886,573,574,-1,886,574,884,-1,884,574,1375,-1,884,1375,882,-1,882,1375,1376,-1,882,1376,880,-1,880,1376,1377,-1,880,1377,878,-1,878,1377,1378,-1,878,1378,876,-1,623,624,621,-1,621,624,626,-1,621,626,1289,-1,1289,626,1402,-1,1289,1402,1290,-1,1290,1402,1403,-1,1290,1403,1291,-1,1291,1403,1404,-1,1291,1404,1292,-1,1292,1404,1405,-1,1292,1405,1293,-1,1293,1405,1406,-1,1293,1406,1294,-1,1294,1406,1407,-1,1294,1407,1295,-1,1295,1407,1408,-1,1295,1408,1296,-1,1296,1408,1409,-1,1296,1409,1297,-1,1297,1409,1410,-1,1297,1410,1288,-1,1288,1410,1411,-1,1288,1411,1286,-1,1286,1411,1412,-1,1286,1412,1284,-1,1284,1412,1413,-1,1284,1413,1364,-1,1364,1413,1414,-1,1364,1414,1378,-1,1378,1414,1415,-1,1378,1415,876,-1,876,1415,772,-1,876,772,874,-1,874,772,774,-1,717,373,715,-1,715,373,375,-1,715,375,1416,-1,1416,375,1417,-1,1416,1417,1418,-1,1418,1417,1419,-1,1418,1419,1420,-1,1420,1419,1421,-1,1420,1421,1422,-1,1422,1421,1423,-1,1422,1423,595,-1,595,1423,387,-1,595,387,596,-1,596,387,386,-1,374,1365,375,-1,375,1365,1366,-1,375,1366,1417,-1,1417,1366,1367,-1,1417,1367,1419,-1,1419,1367,1369,-1,1419,1369,1421,-1,1421,1369,1018,-1,1421,1018,1423,-1,1423,1018,615,-1,1423,615,387,-1,387,615,600,-1,387,600,385,-1,385,600,598,-1,1314,1318,1315,-1,1315,1318,1319,-1,1315,1319,1424,-1,1424,1319,1425,-1,1424,1425,1426,-1,1426,1425,1427,-1,1426,1427,1428,-1,1428,1427,1429,-1,1428,1429,1430,-1,1430,1429,1431,-1,1430,1431,442,-1,442,1431,399,-1,442,399,441,-1,441,399,398,-1,669,382,667,-1,667,382,384,-1,667,384,1185,-1,1185,384,1432,-1,1185,1432,1186,-1,1186,1432,1433,-1,1186,1433,1187,-1,1187,1433,1434,-1,1187,1434,1188,-1,1188,1434,1435,-1,1188,1435,489,-1,489,1435,1436,-1,489,1436,490,-1,490,1436,1437,-1,490,1437,484,-1,484,1437,1438,-1,484,1438,482,-1,482,1438,1439,-1,482,1439,480,-1,480,1439,1440,-1,480,1440,1299,-1,1299,1440,1441,-1,1299,1441,1301,-1,1301,1441,1442,-1,1301,1442,1319,-1,1319,1442,1443,-1,1319,1443,1425,-1,1425,1443,1444,-1,1425,1444,1427,-1,1427,1444,1445,-1,1427,1445,1429,-1,1429,1445,1446,-1,1429,1446,1431,-1,1431,1446,1447,-1,1431,1447,399,-1,399,1447,1448,-1,399,1448,397,-1,397,1448,427,-1,397,427,1449,-1,1449,427,437,-1,383,1450,384,-1,384,1450,1451,-1,384,1451,1432,-1,1432,1451,1452,-1,1432,1452,1433,-1,1433,1452,1453,-1,1433,1453,1434,-1,1434,1453,1454,-1,1434,1454,1435,-1,1435,1454,1455,-1,1435,1455,1436,-1,1436,1455,1456,-1,1436,1456,1437,-1,1437,1456,1457,-1,1437,1457,1438,-1,1438,1457,1458,-1,1438,1458,1439,-1,1439,1458,1459,-1,1439,1459,1440,-1,1440,1459,1460,-1,1440,1460,1441,-1,1441,1460,1461,-1,1441,1461,1442,-1,1442,1461,1462,-1,1442,1462,1443,-1,1443,1462,1463,-1,1443,1463,1444,-1,1444,1463,1464,-1,1444,1464,1445,-1,1445,1464,1465,-1,1445,1465,1446,-1,1446,1465,1466,-1,1446,1466,1447,-1,1447,1466,1467,-1,1447,1467,1448,-1,1448,1467,1468,-1,1448,1468,427,-1,427,1468,436,-1,427,436,425,-1,425,436,435,-1,596,1469,594,-1,594,1469,1470,-1,594,1470,1471,-1,1471,1470,1472,-1,612,603,599,-1,599,603,609,-1,599,609,1014,-1,1014,609,1473,-1,1014,1473,1007,-1,1007,1473,1474,-1,1007,1474,1005,-1,1475,1476,1477,-1,1477,1476,1472,-1,1476,1478,1472,-1,1472,1478,1479,-1,1472,1479,1471,-1,1471,1479,1480,-1,1109,644,1110,-1,1110,644,643,-1,1110,643,1112,-1,1112,643,1169,-1,1112,1169,1113,-1,1113,1169,1171,-1,1113,1171,627,-1,627,1171,1173,-1,627,1173,626,-1,626,1173,1175,-1,626,1175,1402,-1,1402,1175,1177,-1,1402,1177,1403,-1,1403,1177,1179,-1,1403,1179,1404,-1,1404,1179,1181,-1,1404,1181,1405,-1,1405,1181,487,-1,1405,487,1406,-1,1406,487,488,-1,1406,488,1407,-1,1407,488,478,-1,1407,478,1408,-1,1408,478,475,-1,1408,475,1409,-1,1409,475,474,-1,1409,474,1410,-1,1410,474,1481,-1,1410,1481,1411,-1,1411,1481,1482,-1,1411,1482,1412,-1,1412,1482,1483,-1,1412,1483,1413,-1,1413,1483,1484,-1,1413,1484,1414,-1,1414,1484,1485,-1,1414,1485,1415,-1,1415,1485,1486,-1,1415,1486,772,-1,772,1486,1487,-1,772,1487,773,-1,773,1487,1488,-1,773,1488,776,-1,776,1488,1489,-1,776,1489,778,-1,778,1489,1490,-1,778,1490,780,-1,780,1490,1491,-1,476,394,474,-1,474,394,396,-1,474,396,1481,-1,1481,396,1298,-1,1481,1298,1482,-1,1482,1298,1300,-1,1482,1300,1483,-1,1483,1300,1315,-1,1483,1315,1484,-1,1484,1315,1424,-1,1484,1424,1485,-1,1485,1424,1426,-1,1485,1426,1486,-1,1486,1426,1428,-1,1486,1428,1487,-1,1487,1428,1430,-1,1487,1430,1488,-1,1488,1430,442,-1,1488,442,1489,-1,1489,442,440,-1,1489,440,1490,-1,1490,440,432,-1,1490,432,1491,-1,1491,432,430,-1,1479,1475,1480,-1,1480,1475,1477,-1,1480,1477,592,-1,592,1477,1492,-1,592,1492,593,-1,593,1492,584,-1,593,584,1493,-1,1493,584,586,-1,362,780,363,-1,363,780,1491,-1,363,1491,1494,-1,1494,1491,430,-1,1494,430,1495,-1,1495,430,400,-1,1495,400,1496,-1,1496,400,424,-1,1496,424,1497,-1,1497,424,423,-1,1497,423,1498,-1,360,363,361,-1,361,363,1494,-1,361,1494,1499,-1,1499,1494,1495,-1,1499,1495,1500,-1,1500,1495,1496,-1,1500,1496,1501,-1,1501,1496,1497,-1,1501,1497,1502,-1,1502,1497,1498,-1,1502,1498,1503,-1,1450,682,1451,-1,1451,682,681,-1,1451,681,1452,-1,1452,681,1195,-1,1452,1195,1453,-1,1453,1195,1197,-1,1453,1197,1454,-1,1454,1197,1199,-1,1454,1199,1455,-1,1455,1199,1201,-1,1455,1201,1456,-1,1456,1201,727,-1,1456,727,1457,-1,1457,727,725,-1,1457,725,1458,-1,1458,725,723,-1,1458,723,1459,-1,1459,723,721,-1,1459,721,1460,-1,1460,721,719,-1,1460,719,1461,-1,1461,719,716,-1,1461,716,1462,-1,1462,716,715,-1,1462,715,1463,-1,1463,715,1416,-1,1463,1416,1464,-1,1464,1416,1418,-1,1464,1418,1465,-1,1465,1418,1420,-1,1465,1420,1466,-1,1466,1420,1422,-1,1466,1422,1467,-1,1467,1422,595,-1,1467,595,1468,-1,1468,595,594,-1,1468,594,436,-1,436,594,1471,-1,436,1471,421,-1,421,1471,1480,-1,421,1480,423,-1,423,1480,592,-1,423,592,1498,-1,1498,592,590,-1,1498,590,1503,-1,1503,590,588,-1,359,361,1504,-1,1504,361,1499,-1,1504,1499,1505,-1,1505,1499,1500,-1,1505,1500,1506,-1,1506,1500,1501,-1,1506,1501,1507,-1,1507,1501,1502,-1,1507,1502,1508,-1,1508,1502,1503,-1,1508,1503,768,-1,768,1503,588,-1,768,588,769,-1,769,588,1509,-1,769,1509,770,-1,770,1509,1510,-1,770,1510,585,-1,585,1510,1511,-1,585,1511,588,-1,588,1511,1512,-1,588,1512,1509,-1,1469,597,1470,-1,1470,597,599,-1,1470,599,1472,-1,1472,599,1014,-1,1472,1014,1477,-1,1477,1014,1002,-1,1477,1002,1492,-1,1492,1002,983,-1,1492,983,584,-1,584,983,981,-1,584,981,585,-1,585,981,343,-1,585,343,770,-1,770,343,372,-1,770,372,771,-1,771,372,371,-1,364,366,768,-1,768,366,1513,-1,768,1513,1508,-1,1508,1513,1514,-1,1508,1514,1507,-1,1507,1514,1515,-1,1507,1515,1506,-1,1506,1515,1516,-1,1506,1516,1505,-1,1505,1516,783,-1,1505,783,1504,-1,1504,783,782,-1,1504,782,359,-1,1517,1518,566,-1,803,1519,568,-1,568,1519,1520,-1,568,1520,566,-1,566,1520,1521,-1,566,1521,1517,-1,365,766,366,-1,366,766,1522,-1,366,1522,1513,-1,1513,1522,1523,-1,1513,1523,1514,-1,1514,1523,1524,-1,1514,1524,1515,-1,1515,1524,1525,-1,1515,1525,1516,-1,1516,1525,1526,-1,1516,1526,783,-1,783,1526,1527,-1,783,1527,784,-1,784,1527,1528,-1,784,1528,785,-1,785,1528,1529,-1,785,1529,787,-1,787,1529,1530,-1,787,1530,789,-1,789,1530,1531,-1,789,1531,791,-1,791,1531,1532,-1,791,1532,793,-1,793,1532,1533,-1,793,1533,795,-1,795,1533,1534,-1,795,1534,797,-1,797,1534,1535,-1,797,1535,799,-1,799,1535,1536,-1,799,1536,801,-1,801,1536,1518,-1,801,1518,803,-1,803,1518,1517,-1,803,1517,1519,-1,765,764,766,-1,766,764,1537,-1,766,1537,1522,-1,1522,1537,1538,-1,1522,1538,1523,-1,1523,1538,1539,-1,1523,1539,1524,-1,1524,1539,1540,-1,1524,1540,1525,-1,1525,1540,1541,-1,1525,1541,1526,-1,1526,1541,1542,-1,1526,1542,1527,-1,1527,1542,1543,-1,1527,1543,1528,-1,1528,1543,1544,-1,1528,1544,1529,-1,1529,1544,1545,-1,1529,1545,1530,-1,1530,1545,1546,-1,1530,1546,1531,-1,1531,1546,1547,-1,1531,1547,1532,-1,1532,1547,1548,-1,1532,1548,1533,-1,1533,1548,1549,-1,1533,1549,1534,-1,1534,1549,1550,-1,1534,1550,1535,-1,1535,1550,1551,-1,1535,1551,1536,-1,1536,1551,1552,-1,1536,1552,1518,-1,1518,1552,564,-1,1518,564,566,-1,566,564,563,-1,566,563,567,-1,
        ]
    }
}
Shape{
    appearance Appearance {
        material  Material 	{
            diffuseColor 0.9686274509803922 0.8784313725490196 0.6
            specularColor 0.6784313725490196 0.615686274509804 0.4196078431372549
            ambientIntensity 0.8737
            transparency 0.0
            shininess 0.5
        }
    }
    geometry IndexedFaceSet {
        ccw TRUE
        solid FALSE
        coord DEF co Coordinate {
            point [
                3.0987 -0.5838 0.0, 3.1496 -0.5906 0.0, 2.7559 -0.5906 0.0, 3.1496 -0.1969 0.0, 3.0987 -0.2036 0.0, 2.7559 -0.1969 0.0, 3.0512 -0.2232 0.0, 3.0104 -0.2545 0.0, 2.9595 -0.4446 0.0, 2.9791 -0.4921 0.0, 2.8673 -0.5051 0.0, 3.0104 -0.5329 0.0, 3.0512 -0.5642 0.0, 2.8346 -0.5301 0.0, 2.7967 -0.5458 0.0, 2.9595 -0.3428 0.0, 2.8923 -0.315 0.0, 2.9791 -0.2953 0.0, 2.8673 -0.2823 0.0, 2.8346 -0.2573 0.0, 2.7967 -0.2416 0.0, 2.7559 -0.2362 0.0, 2.705 -0.2036 0.0, 2.7151 -0.2416 0.0, 2.6575 -0.2232 0.0, 2.6772 -0.2573 0.0, 2.6167 -0.2545 0.0, 2.6446 -0.2823 0.0, 2.5854 -0.2953 0.0, 2.6195 -0.315 0.0, 2.5658 -0.3428 0.0, 2.6038 -0.3529 0.0, 2.5591 -0.3937 0.0, 2.5984 -0.3937 0.0, 2.5658 -0.4446 0.0, 2.6038 -0.4345 0.0, 2.5854 -0.4921 0.0, 2.6195 -0.4724 0.0, 2.6167 -0.5329 0.0, 2.6446 -0.5051 0.0, 2.6575 -0.5642 0.0, 2.6772 -0.5301 0.0, 2.705 -0.5838 0.0, 2.7151 -0.5458 0.0, 2.7559 -0.5512 0.0, 2.8923 -0.4724 0.0, 2.908 -0.4345 0.0, 2.9528 -0.3937 0.0, 2.9134 -0.3937 0.0, 2.908 -0.3529 0.0, 3.0987 0.2036 0.0, 3.1496 0.1969 0.0, 2.7559 0.1969 0.0, 2.8673 0.5051 0.0, 3.0987 0.5838 0.0, 3.0512 0.5642 0.0, 2.7559 0.5906 0.0, 3.1496 0.5906 0.0, 2.9595 0.3428 0.0, 2.9791 0.2953 0.0, 2.8673 0.2823 0.0, 3.0104 0.2545 0.0, 2.9595 0.4446 0.0, 2.8923 0.4724 0.0, 2.9791 0.4921 0.0, 3.0104 0.5329 0.0, 3.0512 0.2232 0.0, 2.8346 0.2573 0.0, 2.7967 0.2416 0.0, 2.8346 0.5301 0.0, 2.7967 0.5458 0.0, 2.7559 0.5512 0.0, 2.705 0.5838 0.0, 2.7151 0.5458 0.0, 2.6575 0.5642 0.0, 2.6772 0.5301 0.0, 2.6167 0.5329 0.0, 2.6446 0.5051 0.0, 2.5854 0.4921 0.0, 2.6195 0.4724 0.0, 2.5658 0.4446 0.0, 2.6038 0.4345 0.0, 2.5591 0.3937 0.0, 2.5984 0.3937 0.0, 2.5658 0.3428 0.0, 2.6038 0.3529 0.0, 2.5854 0.2953 0.0, 2.6195 0.315 0.0, 2.6167 0.2545 0.0, 2.6446 0.2823 0.0, 2.6575 0.2232 0.0, 2.6772 0.2573 0.0, 2.705 0.2036 0.0, 2.7151 0.2416 0.0, 2.7559 0.2362 0.0, 2.8923 0.315 0.0, 2.908 0.3529 0.0, 2.9528 0.3937 0.0, 2.9134 0.3937 0.0, 2.908 0.4345 0.0, 3.1496 1.378 0.0, 3.0987 1.3712 0.0, 2.7559 1.378 0.0, 3.0512 1.3516 0.0, 3.0104 1.3203 0.0, 3.0987 0.991 0.0, 3.1496 0.9843 0.0, 2.7559 0.9843 0.0, 2.9595 1.1302 0.0, 2.9791 1.0827 0.0, 2.8673 1.0697 0.0, 3.0104 1.0419 0.0, 2.9595 1.2321 0.0, 2.8923 1.2598 0.0, 2.9791 1.2795 0.0, 2.8673 1.2925 0.0, 2.8346 1.3175 0.0, 3.0512 1.0106 0.0, 2.8346 1.0447 0.0, 2.7967 1.029 0.0, 2.7967 1.3332 0.0, 2.7559 1.3386 0.0, 2.705 1.3712 0.0, 2.7151 1.3332 0.0, 2.6575 1.3516 0.0, 2.6772 1.3175 0.0, 2.6167 1.3203 0.0, 2.6446 1.2925 0.0, 2.5854 1.2795 0.0, 2.6195 1.2598 0.0, 2.5658 1.2321 0.0, 2.6038 1.2219 0.0, 2.5591 1.1811 0.0, 2.5984 1.1811 0.0, 2.5658 1.1302 0.0, 2.6038 1.1403 0.0, 2.5854 1.0827 0.0, 2.6195 1.1024 0.0, 2.6167 1.0419 0.0, 2.6446 1.0697 0.0, 2.6575 1.0106 0.0, 2.6772 1.0447 0.0, 2.705 0.991 0.0, 2.7151 1.029 0.0, 2.7559 1.0236 0.0, 2.8923 1.1024 0.0, 2.908 1.1403 0.0, 2.9528 1.1811 0.0, 2.9134 1.1811 0.0, 2.908 1.2219 0.0, 3.0512 2.139 0.0, 2.7559 2.1654 0.0, 3.0987 2.1586 0.0, 3.1496 2.1654 0.0, 3.0104 1.8293 0.0, 3.0512 1.798 0.0, 2.7559 1.7717 0.0, 3.0987 1.7784 0.0, 3.1496 1.7717 0.0, 2.9595 2.0195 0.0, 2.8923 2.0472 0.0, 2.9791 2.0669 0.0, 2.8673 2.0799 0.0, 3.0104 2.1077 0.0, 2.7967 1.8164 0.0, 2.8346 1.8321 0.0, 2.9791 1.8701 0.0, 2.8673 1.8571 0.0, 2.8923 1.8898 0.0, 2.9595 1.9176 0.0, 2.908 1.9277 0.0, 2.9528 1.9685 0.0, 2.9134 1.9685 0.0, 2.908 2.0093 0.0, 2.8346 2.1049 0.0, 2.7967 2.1206 0.0, 2.7559 2.126 0.0, 2.705 2.1586 0.0, 2.7151 2.1206 0.0, 2.6575 2.139 0.0, 2.6772 2.1049 0.0, 2.6167 2.1077 0.0, 2.6446 2.0799 0.0, 2.5854 2.0669 0.0, 2.6195 2.0472 0.0, 2.5658 2.0195 0.0, 2.6038 2.0093 0.0, 2.5591 1.9685 0.0, 2.5984 1.9685 0.0, 2.5658 1.9176 0.0, 2.6038 1.9277 0.0, 2.5854 1.8701 0.0, 2.6195 1.8898 0.0, 2.6167 1.8293 0.0, 2.6446 1.8571 0.0, 2.6575 1.798 0.0, 2.6772 1.8321 0.0, 2.705 1.7784 0.0, 2.7151 1.8164 0.0, 2.7559 1.811 0.0, 3.0512 2.9264 0.0, 2.7559 2.9528 0.0, 3.0987 2.946 0.0, 3.1496 2.9528 0.0, 3.0104 2.6167 0.0, 3.0512 2.5854 0.0, 2.7559 2.5591 0.0, 3.0987 2.5658 0.0, 3.1496 2.5591 0.0, 2.9595 2.8069 0.0, 2.8923 2.8346 0.0, 2.9791 2.8543 0.0, 2.8673 2.8673 0.0, 3.0104 2.8951 0.0, 2.7967 2.6038 0.0, 2.8346 2.6195 0.0, 2.9791 2.6575 0.0, 2.8673 2.6446 0.0, 2.8923 2.6772 0.0, 2.9595 2.705 0.0, 2.908 2.7151 0.0, 2.9528 2.7559 0.0, 2.9134 2.7559 0.0, 2.908 2.7967 0.0, 2.8346 2.8923 0.0, 2.7967 2.908 0.0, 2.7559 2.9134 0.0, 2.705 2.946 0.0, 2.7151 2.908 0.0, 2.6575 2.9264 0.0, 2.6772 2.8923 0.0, 2.6167 2.8951 0.0, 2.6446 2.8673 0.0, 2.5854 2.8543 0.0, 2.6195 2.8346 0.0, 2.5658 2.8069 0.0, 2.6038 2.7967 0.0, 2.5591 2.7559 0.0, 2.5984 2.7559 0.0, 2.5658 2.705 0.0, 2.6038 2.7151 0.0, 2.5854 2.6575 0.0, 2.6195 2.6772 0.0, 2.6167 2.6167 0.0, 2.6446 2.6446 0.0, 2.6575 2.5854 0.0, 2.6772 2.6195 0.0, 2.705 2.5658 0.0, 2.7151 2.6038 0.0, 2.7559 2.5984 0.0, 3.0191 -2.9033 0.0, 3.0581 -2.9302 0.0, 2.8923 -2.8346 0.0, 3.1025 -2.947 0.0, 3.1496 -2.9528 0.0, 2.7559 -2.9528 0.0, 2.8923 -2.6772 0.0, 2.8673 -2.6446 0.0, 3.0581 -2.5816 0.0, 3.1025 -2.5648 0.0, 2.8673 -2.8673 0.0, 2.8346 -2.8923 0.0, 2.7967 -2.908 0.0, 2.7559 -2.5591 0.0, 3.1496 -2.5591 0.0, 2.908 -2.7967 0.0, 2.9655 -2.8257 0.0, 2.9876 -2.8677 0.0, 3.0191 -2.6086 0.0, 2.9876 -2.6441 0.0, 2.908 -2.7151 0.0, 2.9655 -2.6861 0.0, 2.9134 -2.7559 0.0, 2.9542 -2.7322 0.0, 2.9542 -2.7796 0.0, 2.8346 -2.6195 0.0, 2.7967 -2.6038 0.0, 2.7559 -2.5984 0.0, 2.705 -2.5658 0.0, 2.7151 -2.6038 0.0, 2.6575 -2.5854 0.0, 2.6772 -2.6195 0.0, 2.6167 -2.6167 0.0, 2.6446 -2.6446 0.0, 2.5854 -2.6575 0.0, 2.6195 -2.6772 0.0, 2.5658 -2.705 0.0, 2.6038 -2.7151 0.0, 2.5591 -2.7559 0.0, 2.5984 -2.7559 0.0, 2.5658 -2.8069 0.0, 2.6038 -2.7967 0.0, 2.5854 -2.8543 0.0, 2.6195 -2.8346 0.0, 2.6167 -2.8951 0.0, 2.6446 -2.8673 0.0, 2.6575 -2.9264 0.0, 2.6772 -2.8923 0.0, 2.705 -2.946 0.0, 2.7151 -2.908 0.0, 2.7559 -2.9134 0.0, 3.0191 -2.1158 0.0, 3.0581 -2.1428 0.0, 2.8923 -2.0472 0.0, 3.1025 -2.1596 0.0, 3.1496 -2.1654 0.0, 2.7559 -2.1654 0.0, 2.8923 -1.8898 0.0, 2.8673 -1.8571 0.0, 3.0581 -1.7942 0.0, 3.1025 -1.7774 0.0, 2.8673 -2.0799 0.0, 2.8346 -2.1049 0.0, 2.7967 -2.1206 0.0, 2.7559 -1.7717 0.0, 3.1496 -1.7717 0.0, 2.908 -2.0093 0.0, 2.9655 -2.0383 0.0, 2.9876 -2.0803 0.0, 3.0191 -1.8212 0.0, 2.9876 -1.8567 0.0, 2.908 -1.9277 0.0, 2.9655 -1.8987 0.0, 2.9134 -1.9685 0.0, 2.9542 -1.9448 0.0, 2.9542 -1.9922 0.0, 2.8346 -1.8321 0.0, 2.7967 -1.8164 0.0, 2.7559 -1.811 0.0, 2.705 -1.7784 0.0, 2.7151 -1.8164 0.0, 2.6575 -1.798 0.0, 2.6772 -1.8321 0.0, 2.6167 -1.8293 0.0, 2.6446 -1.8571 0.0, 2.5854 -1.8701 0.0, 2.6195 -1.8898 0.0, 2.5658 -1.9176 0.0, 2.6038 -1.9277 0.0, 2.5591 -1.9685 0.0, 2.5984 -1.9685 0.0, 2.5658 -2.0195 0.0, 2.6038 -2.0093 0.0, 2.5854 -2.0669 0.0, 2.6195 -2.0472 0.0, 2.6167 -2.1077 0.0, 2.6446 -2.0799 0.0, 2.6575 -2.139 0.0, 2.6772 -2.1049 0.0, 2.705 -2.1586 0.0, 2.7151 -2.1206 0.0, 2.7559 -2.126 0.0, 3.1496 -0.9843 0.0, 3.0987 -0.991 0.0, 2.7559 -0.9843 0.0, 3.0512 -1.0106 0.0, 3.0104 -1.0419 0.0, 3.0987 -1.3712 0.0, 3.1496 -1.378 0.0, 2.7559 -1.378 0.0, 2.9595 -1.2321 0.0, 2.9791 -1.2795 0.0, 2.8673 -1.2925 0.0, 3.0104 -1.3203 0.0, 2.9595 -1.1302 0.0, 2.8923 -1.1024 0.0, 2.9791 -1.0827 0.0, 2.8673 -1.0697 0.0, 2.8346 -1.0447 0.0, 3.0512 -1.3516 0.0, 2.8346 -1.3175 0.0, 2.7967 -1.3332 0.0, 2.7967 -1.029 0.0, 2.7559 -1.0236 0.0, 2.705 -0.991 0.0, 2.7151 -1.029 0.0, 2.6575 -1.0106 0.0, 2.6772 -1.0447 0.0, 2.6167 -1.0419 0.0, 2.6446 -1.0697 0.0, 2.5854 -1.0827 0.0, 2.6195 -1.1024 0.0, 2.5658 -1.1302 0.0, 2.6038 -1.1403 0.0, 2.5591 -1.1811 0.0, 2.5984 -1.1811 0.0, 2.5658 -1.2321 0.0, 2.6038 -1.2219 0.0, 2.5854 -1.2795 0.0, 2.6195 -1.2598 0.0, 2.6167 -1.3203 0.0, 2.6446 -1.2925 0.0, 2.6575 -1.3516 0.0, 2.6772 -1.3175 0.0, 2.705 -1.3712 0.0, 2.7151 -1.3332 0.0, 2.7559 -1.3386 0.0, 2.8923 -1.2598 0.0, 2.908 -1.2219 0.0, 2.9528 -1.1811 0.0, 2.9134 -1.1811 0.0, 2.908 -1.1403 0.0, -3.0512 -2.9264 0.0, -2.7559 -2.9528 0.0, -3.0987 -2.946 0.0, -3.1496 -2.9528 0.0, -2.7559 -2.5591 0.0, -2.9791 -2.6575 0.0, -3.0104 -2.6167 0.0, -3.0512 -2.5854 0.0, -3.0987 -2.5658 0.0, -3.1496 -2.5591 0.0, -2.8673 -2.8673 0.0, -2.8346 -2.8923 0.0, -2.9791 -2.8543 0.0, -3.0104 -2.8951 0.0, -2.8923 -2.6772 0.0, -2.9595 -2.705 0.0, -2.908 -2.7151 0.0, -2.9528 -2.7559 0.0, -2.9134 -2.7559 0.0, -2.9595 -2.8069 0.0, -2.908 -2.7967 0.0, -2.8923 -2.8346 0.0, -2.7559 -2.5984 0.0, -2.7151 -2.6038 0.0, -2.705 -2.5658 0.0, -2.6772 -2.6195 0.0, -2.6575 -2.5854 0.0, -2.6446 -2.6446 0.0, -2.6167 -2.6167 0.0, -2.6195 -2.6772 0.0, -2.5854 -2.6575 0.0, -2.6038 -2.7151 0.0, -2.5658 -2.705 0.0, -2.5984 -2.7559 0.0, -2.5591 -2.7559 0.0, -2.6038 -2.7967 0.0, -2.5658 -2.8069 0.0, -2.6195 -2.8346 0.0, -2.5854 -2.8543 0.0, -2.6446 -2.8673 0.0, -2.6167 -2.8951 0.0, -2.6772 -2.8923 0.0, -2.6575 -2.9264 0.0, -2.7151 -2.908 0.0, -2.705 -2.946 0.0, -2.7559 -2.9134 0.0, -2.7967 -2.908 0.0, -2.7967 -2.6038 0.0, -2.8346 -2.6195 0.0, -2.8673 -2.6446 0.0, -2.9791 0.2953 0.0, -2.9595 0.3428 0.0, -2.8923 0.315 0.0, -3.0104 0.5329 0.0, -3.0512 0.5642 0.0, -2.7559 0.5906 0.0, -3.0987 0.5838 0.0, -3.1496 0.5906 0.0, -3.1496 0.1969 0.0, -3.0987 0.2036 0.0, -2.7559 0.1969 0.0, -2.8346 0.2573 0.0, -2.8673 0.2823 0.0, -3.0512 0.2232 0.0, -3.0104 0.2545 0.0, -2.7967 0.2416 0.0, -2.7559 0.2362 0.0, -2.705 0.2036 0.0, -2.7151 0.2416 0.0, -2.6575 0.2232 0.0, -2.6772 0.2573 0.0, -2.6167 0.2545 0.0, -2.6446 0.2823 0.0, -2.5854 0.2953 0.0, -2.6195 0.315 0.0, -2.5658 0.3428 0.0, -2.6038 0.3529 0.0, -2.5591 0.3937 0.0, -2.5984 0.3937 0.0, -2.5658 0.4446 0.0, -2.6038 0.4345 0.0, -2.5854 0.4921 0.0, -2.6195 0.4724 0.0, -2.6167 0.5329 0.0, -2.6446 0.5051 0.0, -2.6575 0.5642 0.0, -2.6772 0.5301 0.0, -2.705 0.5838 0.0, -2.7151 0.5458 0.0, -2.7559 0.5512 0.0, -2.7967 0.5458 0.0, -2.8346 0.5301 0.0, -2.9791 0.4921 0.0, -2.8673 0.5051 0.0, -2.8923 0.4724 0.0, -2.9595 0.4446 0.0, -2.908 0.4345 0.0, -2.9528 0.3937 0.0, -2.9134 0.3937 0.0, -2.908 0.3529 0.0, -2.9791 -0.4921 0.0, -2.9595 -0.4446 0.0, -2.8923 -0.4724 0.0, -3.0104 -0.5329 0.0, -3.0104 -0.2545 0.0, -3.0512 -0.2232 0.0, -2.7559 -0.1969 0.0, -3.0987 -0.2036 0.0, -3.1496 -0.1969 0.0, -3.0512 -0.5642 0.0, -2.8673 -0.5051 0.0, -3.0987 -0.5838 0.0, -2.7967 -0.2416 0.0, -2.8346 -0.2573 0.0, -2.9791 -0.2953 0.0, -2.7559 -0.5906 0.0, -3.1496 -0.5906 0.0, -2.8673 -0.2823 0.0, -2.8923 -0.315 0.0, -2.9595 -0.3428 0.0, -2.908 -0.3529 0.0, -2.9528 -0.3937 0.0, -2.9134 -0.3937 0.0, -2.908 -0.4345 0.0, -2.8346 -0.5301 0.0, -2.7967 -0.5458 0.0, -2.7559 -0.5512 0.0, -2.705 -0.5838 0.0, -2.7151 -0.5458 0.0, -2.6575 -0.5642 0.0, -2.6772 -0.5301 0.0, -2.6167 -0.5329 0.0, -2.6446 -0.5051 0.0, -2.5854 -0.4921 0.0, -2.6195 -0.4724 0.0, -2.5658 -0.4446 0.0, -2.6038 -0.4345 0.0, -2.5591 -0.3937 0.0, -2.5984 -0.3937 0.0, -2.5658 -0.3428 0.0, -2.6038 -0.3529 0.0, -2.5854 -0.2953 0.0, -2.6195 -0.315 0.0, -2.6167 -0.2545 0.0, -2.6446 -0.2823 0.0, -2.6575 -0.2232 0.0, -2.6772 -0.2573 0.0, -2.705 -0.2036 0.0, -2.7151 -0.2416 0.0, -2.7559 -0.2362 0.0, -3.0987 -0.991 0.0, -3.1496 -0.9843 0.0, -2.7559 -0.9843 0.0, -3.0104 -1.3203 0.0, -2.9791 -1.2795 0.0, -2.8923 -1.2598 0.0, -2.9595 -1.2321 0.0, -3.0512 -1.3516 0.0, -2.8673 -1.2925 0.0, -3.0987 -1.3712 0.0, -2.9791 -1.0827 0.0, -3.0104 -1.0419 0.0, -3.0512 -1.0106 0.0, -2.7559 -1.378 0.0, -3.1496 -1.378 0.0, -2.8923 -1.1024 0.0, -2.9595 -1.1302 0.0, -2.908 -1.1403 0.0, -2.9528 -1.1811 0.0, -2.9134 -1.1811 0.0, -2.908 -1.2219 0.0, -2.8346 -1.3175 0.0, -2.7967 -1.3332 0.0, -2.7559 -1.3386 0.0, -2.705 -1.3712 0.0, -2.7151 -1.3332 0.0, -2.6575 -1.3516 0.0, -2.6772 -1.3175 0.0, -2.6167 -1.3203 0.0, -2.6446 -1.2925 0.0, -2.5854 -1.2795 0.0, -2.6195 -1.2598 0.0, -2.5658 -1.2321 0.0, -2.6038 -1.2219 0.0, -2.5591 -1.1811 0.0, -2.5984 -1.1811 0.0, -2.5658 -1.1302 0.0, -2.6038 -1.1403 0.0, -2.5854 -1.0827 0.0, -2.6195 -1.1024 0.0, -2.6167 -1.0419 0.0, -2.6446 -1.0697 0.0, -2.6575 -1.0106 0.0, -2.6772 -1.0447 0.0, -2.705 -0.991 0.0, -2.7151 -1.029 0.0, -2.7559 -1.0236 0.0, -2.7967 -1.029 0.0, -2.8346 -1.0447 0.0, -2.8673 -1.0697 0.0, -3.0512 -2.139 0.0, -2.7559 -2.1654 0.0, -3.0987 -2.1586 0.0, -3.1496 -2.1654 0.0, -2.7559 -1.7717 0.0, -2.9791 -1.8701 0.0, -3.0104 -1.8293 0.0, -3.0512 -1.798 0.0, -3.0987 -1.7784 0.0, -3.1496 -1.7717 0.0, -2.8673 -2.0799 0.0, -2.8346 -2.1049 0.0, -2.9791 -2.0669 0.0, -3.0104 -2.1077 0.0, -2.8923 -1.8898 0.0, -2.9595 -1.9176 0.0, -2.908 -1.9277 0.0, -2.9528 -1.9685 0.0, -2.9134 -1.9685 0.0, -2.9595 -2.0195 0.0, -2.908 -2.0093 0.0, -2.8923 -2.0472 0.0, -2.7559 -1.811 0.0, -2.7151 -1.8164 0.0, -2.705 -1.7784 0.0, -2.6772 -1.8321 0.0, -2.6575 -1.798 0.0, -2.6446 -1.8571 0.0, -2.6167 -1.8293 0.0, -2.6195 -1.8898 0.0, -2.5854 -1.8701 0.0, -2.6038 -1.9277 0.0, -2.5658 -1.9176 0.0, -2.5984 -1.9685 0.0, -2.5591 -1.9685 0.0, -2.6038 -2.0093 0.0, -2.5658 -2.0195 0.0, -2.6195 -2.0472 0.0, -2.5854 -2.0669 0.0, -2.6446 -2.0799 0.0, -2.6167 -2.1077 0.0, -2.6772 -2.1049 0.0, -2.6575 -2.139 0.0, -2.7151 -2.1206 0.0, -2.705 -2.1586 0.0, -2.7559 -2.126 0.0, -2.7967 -2.1206 0.0, -2.7967 -1.8164 0.0, -2.8346 -1.8321 0.0, -2.8673 -1.8571 0.0, -3.0512 1.798 0.0, -2.7559 1.7717 0.0, -3.0987 1.7784 0.0, -3.1496 1.7717 0.0, -2.7559 2.1654 0.0, -2.9791 2.0669 0.0, -3.0104 2.1077 0.0, -3.0512 2.139 0.0, -3.0987 2.1586 0.0, -3.1496 2.1654 0.0, -2.8673 1.8571 0.0, -2.8346 1.8321 0.0, -2.9791 1.8701 0.0, -3.0104 1.8293 0.0, -2.8923 2.0472 0.0, -2.9595 2.0195 0.0, -2.908 2.0093 0.0, -2.9528 1.9685 0.0, -2.9134 1.9685 0.0, -2.9595 1.9176 0.0, -2.908 1.9277 0.0, -2.8923 1.8898 0.0, -2.7559 2.126 0.0, -2.7151 2.1206 0.0, -2.705 2.1586 0.0, -2.6772 2.1049 0.0, -2.6575 2.139 0.0, -2.6446 2.0799 0.0, -2.6167 2.1077 0.0, -2.6195 2.0472 0.0, -2.5854 2.0669 0.0, -2.6038 2.0093 0.0, -2.5658 2.0195 0.0, -2.5984 1.9685 0.0, -2.5591 1.9685 0.0, -2.6038 1.9277 0.0, -2.5658 1.9176 0.0, -2.6195 1.8898 0.0, -2.5854 1.8701 0.0, -2.6446 1.8571 0.0, -2.6167 1.8293 0.0, -2.6772 1.8321 0.0, -2.6575 1.798 0.0, -2.7151 1.8164 0.0, -2.705 1.7784 0.0, -2.7559 1.811 0.0, -2.7967 1.8164 0.0, -2.7967 2.1206 0.0, -2.8346 2.1049 0.0, -2.8673 2.0799 0.0, -3.0512 2.5854 0.0, -2.7559 2.5591 0.0, -3.0987 2.5658 0.0, -3.1496 2.5591 0.0, -2.7559 2.9528 0.0, -2.9791 2.8543 0.0, -3.0104 2.8951 0.0, -3.0512 2.9264 0.0, -3.0987 2.946 0.0, -3.1496 2.9528 0.0, -2.8673 2.6446 0.0, -2.8346 2.6195 0.0, -2.9791 2.6575 0.0, -3.0104 2.6167 0.0, -2.8923 2.8346 0.0, -2.9595 2.8069 0.0, -2.908 2.7967 0.0, -2.9528 2.7559 0.0, -2.9134 2.7559 0.0, -2.9595 2.705 0.0, -2.908 2.7151 0.0, -2.8923 2.6772 0.0, -2.7559 2.9134 0.0, -2.7151 2.908 0.0, -2.705 2.946 0.0, -2.6772 2.8923 0.0, -2.6575 2.9264 0.0, -2.6446 2.8673 0.0, -2.6167 2.8951 0.0, -2.6195 2.8346 0.0, -2.5854 2.8543 0.0, -2.6038 2.7967 0.0, -2.5658 2.8069 0.0, -2.5984 2.7559 0.0, -2.5591 2.7559 0.0, -2.6038 2.7151 0.0, -2.5658 2.705 0.0, -2.6195 2.6772 0.0, -2.5854 2.6575 0.0, -2.6446 2.6446 0.0, -2.6167 2.6167 0.0, -2.6772 2.6195 0.0, -2.6575 2.5854 0.0, -2.7151 2.6038 0.0, -2.705 2.5658 0.0, -2.7559 2.5984 0.0, -2.7967 2.6038 0.0, -2.7967 2.908 0.0, -2.8346 2.8923 0.0, -2.8673 2.8673 0.0, 3.0987 2.946 0.3937, 3.1496 2.9528 0.3937, 2.7559 2.9528 0.3937, 3.1496 2.5591 0.3937, 3.0987 2.5658 0.3937, 2.7559 2.5591 0.3937, 3.0512 2.5854 0.3937, 2.9595 2.8069 0.3937, 2.8346 2.8923 0.3937, 2.8673 2.8673 0.3937, 2.8673 2.6446 0.3937, 2.8346 2.6195 0.3937, 2.9791 2.6575 0.3937, 3.0104 2.6167 0.3937, 2.8923 2.8346 0.3937, 2.908 2.7967 0.3937, 2.9528 2.7559 0.3937, 2.9134 2.7559 0.3937, 2.9595 2.705 0.3937, 2.908 2.7151 0.3937, 2.8923 2.6772 0.3937, 2.9791 2.8543 0.3937, 3.0104 2.8951 0.3937, 3.0512 2.9264 0.3937, 2.7559 2.9134 0.3937, 2.7151 2.908 0.3937, 2.705 2.946 0.3937, 2.6772 2.8923 0.3937, 2.6575 2.9264 0.3937, 2.6446 2.8673 0.3937, 2.6167 2.8951 0.3937, 2.6195 2.8346 0.3937, 2.5854 2.8543 0.3937, 2.6038 2.7967 0.3937, 2.5658 2.8069 0.3937, 2.5984 2.7559 0.3937, 2.5591 2.7559 0.3937, 2.6038 2.7151 0.3937, 2.5658 2.705 0.3937, 2.6195 2.6772 0.3937, 2.5854 2.6575 0.3937, 2.6446 2.6446 0.3937, 2.6167 2.6167 0.3937, 2.6772 2.6195 0.3937, 2.6575 2.5854 0.3937, 2.7151 2.6038 0.3937, 2.705 2.5658 0.3937, 2.7559 2.5984 0.3937, 2.7967 2.6038 0.3937, 2.7967 2.908 0.3937, 3.0987 2.1586 0.3937, 3.1496 2.1654 0.3937, 2.7559 2.1654 0.3937, 3.1496 1.7717 0.3937, 3.0987 1.7784 0.3937, 2.7559 1.7717 0.3937, 3.0512 1.798 0.3937, 2.9595 2.0195 0.3937, 2.8346 2.1049 0.3937, 2.8673 2.0799 0.3937, 2.8673 1.8571 0.3937, 2.8346 1.8321 0.3937, 2.9791 1.8701 0.3937, 3.0104 1.8293 0.3937, 2.8923 2.0472 0.3937, 2.908 2.0093 0.3937, 2.9528 1.9685 0.3937, 2.9134 1.9685 0.3937, 2.9595 1.9176 0.3937, 2.908 1.9277 0.3937, 2.8923 1.8898 0.3937, 2.9791 2.0669 0.3937, 3.0104 2.1077 0.3937, 3.0512 2.139 0.3937, 2.7559 2.126 0.3937, 2.7151 2.1206 0.3937, 2.705 2.1586 0.3937, 2.6772 2.1049 0.3937, 2.6575 2.139 0.3937, 2.6446 2.0799 0.3937, 2.6167 2.1077 0.3937, 2.6195 2.0472 0.3937, 2.5854 2.0669 0.3937, 2.6038 2.0093 0.3937, 2.5658 2.0195 0.3937, 2.5984 1.9685 0.3937, 2.5591 1.9685 0.3937, 2.6038 1.9277 0.3937, 2.5658 1.9176 0.3937, 2.6195 1.8898 0.3937, 2.5854 1.8701 0.3937, 2.6446 1.8571 0.3937, 2.6167 1.8293 0.3937, 2.6772 1.8321 0.3937, 2.6575 1.798 0.3937, 2.7151 1.8164 0.3937, 2.705 1.7784 0.3937, 2.7559 1.811 0.3937, 2.7967 1.8164 0.3937, 2.7967 2.1206 0.3937, 3.0104 1.3203 0.3937, 3.0512 1.3516 0.3937, 2.7559 1.378 0.3937, 3.0987 1.3712 0.3937, 3.1496 1.378 0.3937, 2.8673 1.0697 0.3937, 3.0987 0.991 0.3937, 3.0512 1.0106 0.3937, 3.0104 1.0419 0.3937, 2.9791 1.0827 0.3937, 2.8923 1.1024 0.3937, 2.9595 1.1302 0.3937, 2.908 1.1403 0.3937, 2.7559 0.9843 0.3937, 3.1496 0.9843 0.3937, 2.9134 1.1811 0.3937, 2.9528 1.1811 0.3937, 2.908 1.2219 0.3937, 2.9595 1.2321 0.3937, 2.8923 1.2598 0.3937, 2.8673 1.2925 0.3937, 2.9791 1.2795 0.3937, 2.8346 1.0447 0.3937, 2.7967 1.029 0.3937, 2.7559 1.0236 0.3937, 2.705 0.991 0.3937, 2.7151 1.029 0.3937, 2.6575 1.0106 0.3937, 2.6772 1.0447 0.3937, 2.6167 1.0419 0.3937, 2.6446 1.0697 0.3937, 2.5854 1.0827 0.3937, 2.6195 1.1024 0.3937, 2.5658 1.1302 0.3937, 2.6038 1.1403 0.3937, 2.5591 1.1811 0.3937, 2.5984 1.1811 0.3937, 2.5658 1.2321 0.3937, 2.6038 1.2219 0.3937, 2.5854 1.2795 0.3937, 2.6195 1.2598 0.3937, 2.6167 1.3203 0.3937, 2.6446 1.2925 0.3937, 2.6575 1.3516 0.3937, 2.6772 1.3175 0.3937, 2.705 1.3712 0.3937, 2.7151 1.3332 0.3937, 2.7559 1.3386 0.3937, 2.7967 1.3332 0.3937, 2.8346 1.3175 0.3937, 2.8673 0.2823 0.3937, 3.0987 0.2036 0.3937, 3.0512 0.2232 0.3937, 3.0104 0.2545 0.3937, 2.9791 0.2953 0.3937, 2.8923 0.315 0.3937, 2.9595 0.3428 0.3937, 2.908 0.3529 0.3937, 3.0987 0.5838 0.3937, 3.1496 0.5906 0.3937, 2.7559 0.5906 0.3937, 2.7559 0.1969 0.3937, 3.1496 0.1969 0.3937, 2.9134 0.3937 0.3937, 2.9528 0.3937 0.3937, 2.908 0.4345 0.3937, 2.9595 0.4446 0.3937, 2.8923 0.4724 0.3937, 2.8673 0.5051 0.3937, 2.9791 0.4921 0.3937, 3.0104 0.5329 0.3937, 3.0512 0.5642 0.3937, 2.8346 0.5301 0.3937, 2.7967 0.5458 0.3937, 2.8346 0.2573 0.3937, 2.7967 0.2416 0.3937, 2.7559 0.2362 0.3937, 2.705 0.2036 0.3937, 2.7151 0.2416 0.3937, 2.6575 0.2232 0.3937, 2.6772 0.2573 0.3937, 2.6167 0.2545 0.3937, 2.6446 0.2823 0.3937, 2.5854 0.2953 0.3937, 2.6195 0.315 0.3937, 2.5658 0.3428 0.3937, 2.6038 0.3529 0.3937, 2.5591 0.3937 0.3937, 2.5984 0.3937 0.3937, 2.5658 0.4446 0.3937, 2.6038 0.4345 0.3937, 2.5854 0.4921 0.3937, 2.6195 0.4724 0.3937, 2.6167 0.5329 0.3937, 2.6446 0.5051 0.3937, 2.6575 0.5642 0.3937, 2.6772 0.5301 0.3937, 2.705 0.5838 0.3937, 2.7151 0.5458 0.3937, 2.7559 0.5512 0.3937, 3.0987 -0.2036 0.3937, 3.1496 -0.1969 0.3937, 2.7559 -0.1969 0.3937, 3.0512 -0.2232 0.3937, 2.8673 -0.5051 0.3937, 3.0987 -0.5838 0.3937, 3.0512 -0.5642 0.3937, 3.0104 -0.5329 0.3937, 2.9791 -0.4921 0.3937, 2.8923 -0.4724 0.3937, 2.9595 -0.4446 0.3937, 2.908 -0.4345 0.3937, 2.7559 -0.5906 0.3937, 3.1496 -0.5906 0.3937, 2.8346 -0.2573 0.3937, 2.8673 -0.2823 0.3937, 3.0104 -0.2545 0.3937, 2.9134 -0.3937 0.3937, 2.9528 -0.3937 0.3937, 2.908 -0.3529 0.3937, 2.9595 -0.3428 0.3937, 2.8923 -0.315 0.3937, 2.9791 -0.2953 0.3937, 2.7967 -0.2416 0.3937, 2.8346 -0.5301 0.3937, 2.7967 -0.5458 0.3937, 2.7559 -0.5512 0.3937, 2.705 -0.5838 0.3937, 2.7151 -0.5458 0.3937, 2.6575 -0.5642 0.3937, 2.6772 -0.5301 0.3937, 2.6167 -0.5329 0.3937, 2.6446 -0.5051 0.3937, 2.5854 -0.4921 0.3937, 2.6195 -0.4724 0.3937, 2.5658 -0.4446 0.3937, 2.6038 -0.4345 0.3937, 2.5591 -0.3937 0.3937, 2.5984 -0.3937 0.3937, 2.5658 -0.3428 0.3937, 2.6038 -0.3529 0.3937, 2.5854 -0.2953 0.3937, 2.6195 -0.315 0.3937, 2.6167 -0.2545 0.3937, 2.6446 -0.2823 0.3937, 2.6575 -0.2232 0.3937, 2.6772 -0.2573 0.3937, 2.705 -0.2036 0.3937, 2.7151 -0.2416 0.3937, 2.7559 -0.2362 0.3937, 3.0104 -1.0419 0.3937, 3.0512 -1.0106 0.3937, 2.7559 -0.9843 0.3937, 3.0987 -0.991 0.3937, 3.1496 -0.9843 0.3937, 2.8673 -1.2925 0.3937, 3.0987 -1.3712 0.3937, 3.0512 -1.3516 0.3937, 3.0104 -1.3203 0.3937, 2.9791 -1.2795 0.3937, 2.8923 -1.2598 0.3937, 2.9595 -1.2321 0.3937, 2.908 -1.2219 0.3937, 2.7559 -1.378 0.3937, 3.1496 -1.378 0.3937, 2.9134 -1.1811 0.3937, 2.9528 -1.1811 0.3937, 2.908 -1.1403 0.3937, 2.9595 -1.1302 0.3937, 2.8923 -1.1024 0.3937, 2.8673 -1.0697 0.3937, 2.9791 -1.0827 0.3937, 2.8346 -1.3175 0.3937, 2.7967 -1.3332 0.3937, 2.7559 -1.3386 0.3937, 2.705 -1.3712 0.3937, 2.7151 -1.3332 0.3937, 2.6575 -1.3516 0.3937, 2.6772 -1.3175 0.3937, 2.6167 -1.3203 0.3937, 2.6446 -1.2925 0.3937, 2.5854 -1.2795 0.3937, 2.6195 -1.2598 0.3937, 2.5658 -1.2321 0.3937, 2.6038 -1.2219 0.3937, 2.5591 -1.1811 0.3937, 2.5984 -1.1811 0.3937, 2.5658 -1.1302 0.3937, 2.6038 -1.1403 0.3937, 2.5854 -1.0827 0.3937, 2.6195 -1.1024 0.3937, 2.6167 -1.0419 0.3937, 2.6446 -1.0697 0.3937, 2.6575 -1.0106 0.3937, 2.6772 -1.0447 0.3937, 2.705 -0.991 0.3937, 2.7151 -1.029 0.3937, 2.7559 -1.0236 0.3937, 2.7967 -1.029 0.3937, 2.8346 -1.0447 0.3937, 2.8923 -2.0472 0.3937, 2.8673 -2.0799 0.3937, 3.0581 -2.1428 0.3937, 3.1025 -2.1596 0.3937, 2.7559 -2.1654 0.3937, 3.1496 -2.1654 0.3937, 3.0191 -2.1158 0.3937, 2.9876 -2.0803 0.3937, 2.908 -2.0093 0.3937, 3.1025 -1.7774 0.3937, 3.1496 -1.7717 0.3937, 2.7559 -1.7717 0.3937, 2.7559 -1.811 0.3937, 2.7151 -1.8164 0.3937, 2.705 -1.7784 0.3937, 2.6772 -1.8321 0.3937, 2.6575 -1.798 0.3937, 2.6446 -1.8571 0.3937, 2.6167 -1.8293 0.3937, 2.6195 -1.8898 0.3937, 2.5854 -1.8701 0.3937, 2.6038 -1.9277 0.3937, 2.5658 -1.9176 0.3937, 2.5984 -1.9685 0.3937, 2.5591 -1.9685 0.3937, 2.6038 -2.0093 0.3937, 2.5658 -2.0195 0.3937, 2.6195 -2.0472 0.3937, 2.5854 -2.0669 0.3937, 2.6446 -2.0799 0.3937, 2.6167 -2.1077 0.3937, 2.6772 -2.1049 0.3937, 2.6575 -2.139 0.3937, 2.7151 -2.1206 0.3937, 2.705 -2.1586 0.3937, 2.7559 -2.126 0.3937, 2.7967 -2.1206 0.3937, 2.8346 -2.1049 0.3937, 2.9655 -2.0383 0.3937, 2.9542 -1.9922 0.3937, 2.9134 -1.9685 0.3937, 2.9542 -1.9448 0.3937, 2.908 -1.9277 0.3937, 2.9655 -1.8987 0.3937, 2.8923 -1.8898 0.3937, 2.9876 -1.8567 0.3937, 3.0191 -1.8212 0.3937, 3.0581 -1.7942 0.3937, 2.8673 -1.8571 0.3937, 2.8346 -1.8321 0.3937, 2.7967 -1.8164 0.3937, 2.8923 -2.8346 0.3937, 2.8673 -2.8673 0.3937, 3.0581 -2.9302 0.3937, 3.1025 -2.947 0.3937, 2.7559 -2.9528 0.3937, 3.1496 -2.9528 0.3937, 3.0191 -2.9033 0.3937, 2.9876 -2.8677 0.3937, 2.908 -2.7967 0.3937, 3.1025 -2.5648 0.3937, 3.1496 -2.5591 0.3937, 2.7559 -2.5591 0.3937, 2.7559 -2.5984 0.3937, 2.7151 -2.6038 0.3937, 2.705 -2.5658 0.3937, 2.6772 -2.6195 0.3937, 2.6575 -2.5854 0.3937, 2.6446 -2.6446 0.3937, 2.6167 -2.6167 0.3937, 2.6195 -2.6772 0.3937, 2.5854 -2.6575 0.3937, 2.6038 -2.7151 0.3937, 2.5658 -2.705 0.3937, 2.5984 -2.7559 0.3937, 2.5591 -2.7559 0.3937, 2.6038 -2.7967 0.3937, 2.5658 -2.8069 0.3937, 2.6195 -2.8346 0.3937, 2.5854 -2.8543 0.3937, 2.6446 -2.8673 0.3937, 2.6167 -2.8951 0.3937, 2.6772 -2.8923 0.3937, 2.6575 -2.9264 0.3937, 2.7151 -2.908 0.3937, 2.705 -2.946 0.3937, 2.7559 -2.9134 0.3937, 2.7967 -2.908 0.3937, 2.8346 -2.8923 0.3937, 2.9655 -2.8257 0.3937, 2.9542 -2.7796 0.3937, 2.9134 -2.7559 0.3937, 2.9542 -2.7322 0.3937, 2.908 -2.7151 0.3937, 2.9655 -2.6861 0.3937, 2.8923 -2.6772 0.3937, 2.9876 -2.6441 0.3937, 3.0191 -2.6086 0.3937, 3.0581 -2.5816 0.3937, 2.8673 -2.6446 0.3937, 2.8346 -2.6195 0.3937, 2.7967 -2.6038 0.3937, -3.0104 -2.8951 0.3937, -3.0512 -2.9264 0.3937, -2.7559 -2.9528 0.3937, -3.0987 -2.946 0.3937, -3.1496 -2.9528 0.3937, -3.1496 -2.5591 0.3937, -3.0987 -2.5658 0.3937, -2.7559 -2.5591 0.3937, -3.0512 -2.5854 0.3937, -2.7967 -2.908 0.3937, -2.8346 -2.8923 0.3937, -2.9791 -2.8543 0.3937, -2.8673 -2.8673 0.3937, -2.8923 -2.8346 0.3937, -2.9595 -2.8069 0.3937, -2.908 -2.7967 0.3937, -2.9528 -2.7559 0.3937, -2.9134 -2.7559 0.3937, -2.9595 -2.705 0.3937, -2.908 -2.7151 0.3937, -2.9791 -2.6575 0.3937, -2.8923 -2.6772 0.3937, -2.8673 -2.6446 0.3937, -2.8346 -2.6195 0.3937, -3.0104 -2.6167 0.3937, -2.7967 -2.6038 0.3937, -2.7559 -2.5984 0.3937, -2.705 -2.5658 0.3937, -2.7151 -2.6038 0.3937, -2.6575 -2.5854 0.3937, -2.6772 -2.6195 0.3937, -2.6167 -2.6167 0.3937, -2.6446 -2.6446 0.3937, -2.5854 -2.6575 0.3937, -2.6195 -2.6772 0.3937, -2.5658 -2.705 0.3937, -2.6038 -2.7151 0.3937, -2.5591 -2.7559 0.3937, -2.5984 -2.7559 0.3937, -2.5658 -2.8069 0.3937, -2.6038 -2.7967 0.3937, -2.5854 -2.8543 0.3937, -2.6195 -2.8346 0.3937, -2.6167 -2.8951 0.3937, -2.6446 -2.8673 0.3937, -2.6575 -2.9264 0.3937, -2.6772 -2.8923 0.3937, -2.705 -2.946 0.3937, -2.7151 -2.908 0.3937, -2.7559 -2.9134 0.3937, -3.0104 -2.1077 0.3937, -3.0512 -2.139 0.3937, -2.7559 -2.1654 0.3937, -3.0987 -2.1586 0.3937, -3.1496 -2.1654 0.3937, -3.1496 -1.7717 0.3937, -3.0987 -1.7784 0.3937, -2.7559 -1.7717 0.3937, -3.0512 -1.798 0.3937, -2.7967 -2.1206 0.3937, -2.8346 -2.1049 0.3937, -2.9791 -2.0669 0.3937, -2.8673 -2.0799 0.3937, -2.8923 -2.0472 0.3937, -2.9595 -2.0195 0.3937, -2.908 -2.0093 0.3937, -2.9528 -1.9685 0.3937, -2.9134 -1.9685 0.3937, -2.9595 -1.9176 0.3937, -2.908 -1.9277 0.3937, -2.9791 -1.8701 0.3937, -2.8923 -1.8898 0.3937, -2.8673 -1.8571 0.3937, -2.8346 -1.8321 0.3937, -3.0104 -1.8293 0.3937, -2.7967 -1.8164 0.3937, -2.7559 -1.811 0.3937, -2.705 -1.7784 0.3937, -2.7151 -1.8164 0.3937, -2.6575 -1.798 0.3937, -2.6772 -1.8321 0.3937, -2.6167 -1.8293 0.3937, -2.6446 -1.8571 0.3937, -2.5854 -1.8701 0.3937, -2.6195 -1.8898 0.3937, -2.5658 -1.9176 0.3937, -2.6038 -1.9277 0.3937, -2.5591 -1.9685 0.3937, -2.5984 -1.9685 0.3937, -2.5658 -2.0195 0.3937, -2.6038 -2.0093 0.3937, -2.5854 -2.0669 0.3937, -2.6195 -2.0472 0.3937, -2.6167 -2.1077 0.3937, -2.6446 -2.0799 0.3937, -2.6575 -2.139 0.3937, -2.6772 -2.1049 0.3937, -2.705 -2.1586 0.3937, -2.7151 -2.1206 0.3937, -2.7559 -2.126 0.3937, -3.1496 -0.9843 0.3937, -3.0987 -0.991 0.3937, -2.7559 -0.9843 0.3937, -3.0512 -1.0106 0.3937, -3.0987 -1.3712 0.3937, -3.1496 -1.378 0.3937, -2.7559 -1.378 0.3937, -2.9791 -1.2795 0.3937, -3.0104 -1.3203 0.3937, -2.8923 -1.2598 0.3937, -3.0512 -1.3516 0.3937, -2.8673 -1.2925 0.3937, -2.8346 -1.3175 0.3937, -2.7967 -1.3332 0.3937, -2.8673 -1.0697 0.3937, -2.8346 -1.0447 0.3937, -2.9791 -1.0827 0.3937, -3.0104 -1.0419 0.3937, -2.7967 -1.029 0.3937, -2.7559 -1.0236 0.3937, -2.705 -0.991 0.3937, -2.7151 -1.029 0.3937, -2.6575 -1.0106 0.3937, -2.6772 -1.0447 0.3937, -2.6167 -1.0419 0.3937, -2.6446 -1.0697 0.3937, -2.5854 -1.0827 0.3937, -2.6195 -1.1024 0.3937, -2.5658 -1.1302 0.3937, -2.6038 -1.1403 0.3937, -2.5591 -1.1811 0.3937, -2.5984 -1.1811 0.3937, -2.5658 -1.2321 0.3937, -2.6038 -1.2219 0.3937, -2.5854 -1.2795 0.3937, -2.6195 -1.2598 0.3937, -2.6167 -1.3203 0.3937, -2.6446 -1.2925 0.3937, -2.6575 -1.3516 0.3937, -2.6772 -1.3175 0.3937, -2.705 -1.3712 0.3937, -2.7151 -1.3332 0.3937, -2.7559 -1.3386 0.3937, -2.9595 -1.2321 0.3937, -2.908 -1.2219 0.3937, -2.9528 -1.1811 0.3937, -2.9134 -1.1811 0.3937, -2.9595 -1.1302 0.3937, -2.908 -1.1403 0.3937, -2.8923 -1.1024 0.3937, -3.0104 -0.5329 0.3937, -3.0512 -0.5642 0.3937, -2.8923 -0.4724 0.3937, -3.1496 -0.1969 0.3937, -3.0987 -0.2036 0.3937, -2.7559 -0.1969 0.3937, -3.0512 -0.2232 0.3937, -2.8923 -0.315 0.3937, -2.8673 -0.2823 0.3937, -2.9791 -0.2953 0.3937, -3.0987 -0.5838 0.3937, -3.1496 -0.5906 0.3937, -2.7559 -0.5906 0.3937, -2.8346 -0.2573 0.3937, -3.0104 -0.2545 0.3937, -2.8673 -0.5051 0.3937, -2.8346 -0.5301 0.3937, -2.7967 -0.5458 0.3937, -2.908 -0.3529 0.3937, -2.9595 -0.3428 0.3937, -2.9134 -0.3937 0.3937, -2.9528 -0.3937 0.3937, -2.908 -0.4345 0.3937, -2.9595 -0.4446 0.3937, -2.9791 -0.4921 0.3937, -2.7967 -0.2416 0.3937, -2.7559 -0.2362 0.3937, -2.705 -0.2036 0.3937, -2.7151 -0.2416 0.3937, -2.6575 -0.2232 0.3937, -2.6772 -0.2573 0.3937, -2.6167 -0.2545 0.3937, -2.6446 -0.2823 0.3937, -2.5854 -0.2953 0.3937, -2.6195 -0.315 0.3937, -2.5658 -0.3428 0.3937, -2.6038 -0.3529 0.3937, -2.5591 -0.3937 0.3937, -2.5984 -0.3937 0.3937, -2.5658 -0.4446 0.3937, -2.6038 -0.4345 0.3937, -2.5854 -0.4921 0.3937, -2.6195 -0.4724 0.3937, -2.6167 -0.5329 0.3937, -2.6446 -0.5051 0.3937, -2.6575 -0.5642 0.3937, -2.6772 -0.5301 0.3937, -2.705 -0.5838 0.3937, -2.7151 -0.5458 0.3937, -2.7559 -0.5512 0.3937, -3.0987 0.2036 0.3937, -3.1496 0.1969 0.3937, -2.7559 0.1969 0.3937, -3.1496 0.5906 0.3937, -3.0987 0.5838 0.3937, -2.7559 0.5906 0.3937, -3.0512 0.5642 0.3937, -2.9791 0.2953 0.3937, -3.0104 0.2545 0.3937, -2.8923 0.315 0.3937, -3.0512 0.2232 0.3937, -2.8673 0.2823 0.3937, -2.8346 0.2573 0.3937, -2.7967 0.2416 0.3937, -2.8673 0.5051 0.3937, -2.8346 0.5301 0.3937, -2.9791 0.4921 0.3937, -3.0104 0.5329 0.3937, -2.7967 0.5458 0.3937, -2.7559 0.5512 0.3937, -2.705 0.5838 0.3937, -2.7151 0.5458 0.3937, -2.6575 0.5642 0.3937, -2.6772 0.5301 0.3937, -2.6167 0.5329 0.3937, -2.6446 0.5051 0.3937, -2.5854 0.4921 0.3937, -2.6195 0.4724 0.3937, -2.5658 0.4446 0.3937, -2.6038 0.4345 0.3937, -2.5591 0.3937 0.3937, -2.5984 0.3937 0.3937, -2.5658 0.3428 0.3937, -2.6038 0.3529 0.3937, -2.5854 0.2953 0.3937, -2.6195 0.315 0.3937, -2.6167 0.2545 0.3937, -2.6446 0.2823 0.3937, -2.6575 0.2232 0.3937, -2.6772 0.2573 0.3937, -2.705 0.2036 0.3937, -2.7151 0.2416 0.3937, -2.7559 0.2362 0.3937, -2.9595 0.3428 0.3937, -2.908 0.3529 0.3937, -2.9528 0.3937 0.3937, -2.9134 0.3937 0.3937, -2.9595 0.4446 0.3937, -2.908 0.4345 0.3937, -2.8923 0.4724 0.3937, -3.1496 1.378 0.3937, -3.0987 1.3712 0.3937, -2.7559 1.378 0.3937, -3.0512 1.3516 0.3937, -3.0987 0.991 0.3937, -3.1496 0.9843 0.3937, -2.7559 0.9843 0.3937, -2.9791 1.0827 0.3937, -3.0104 1.0419 0.3937, -2.8923 1.1024 0.3937, -3.0512 1.0106 0.3937, -2.8673 1.0697 0.3937, -2.8346 1.0447 0.3937, -2.7967 1.029 0.3937, -2.8673 1.2925 0.3937, -2.8346 1.3175 0.3937, -2.9791 1.2795 0.3937, -3.0104 1.3203 0.3937, -2.7967 1.3332 0.3937, -2.7559 1.3386 0.3937, -2.705 1.3712 0.3937, -2.7151 1.3332 0.3937, -2.6575 1.3516 0.3937, -2.6772 1.3175 0.3937, -2.6167 1.3203 0.3937, -2.6446 1.2925 0.3937, -2.5854 1.2795 0.3937, -2.6195 1.2598 0.3937, -2.5658 1.2321 0.3937, -2.6038 1.2219 0.3937, -2.5591 1.1811 0.3937, -2.5984 1.1811 0.3937, -2.5658 1.1302 0.3937, -2.6038 1.1403 0.3937, -2.5854 1.0827 0.3937, -2.6195 1.1024 0.3937, -2.6167 1.0419 0.3937, -2.6446 1.0697 0.3937, -2.6575 1.0106 0.3937, -2.6772 1.0447 0.3937, -2.705 0.991 0.3937, -2.7151 1.029 0.3937, -2.7559 1.0236 0.3937, -2.9595 1.1302 0.3937, -2.908 1.1403 0.3937, -2.9528 1.1811 0.3937, -2.9134 1.1811 0.3937, -2.9595 1.2321 0.3937, -2.908 1.2219 0.3937, -2.8923 1.2598 0.3937, -3.0104 1.8293 0.3937, -3.0512 1.798 0.3937, -2.7559 1.7717 0.3937, -3.0987 1.7784 0.3937, -3.1496 1.7717 0.3937, -3.1496 2.1654 0.3937, -3.0987 2.1586 0.3937, -2.7559 2.1654 0.3937, -3.0512 2.139 0.3937, -2.7967 1.8164 0.3937, -2.8346 1.8321 0.3937, -2.9791 1.8701 0.3937, -2.8673 1.8571 0.3937, -2.8923 1.8898 0.3937, -2.9595 1.9176 0.3937, -2.908 1.9277 0.3937, -2.9528 1.9685 0.3937, -2.9134 1.9685 0.3937, -2.9595 2.0195 0.3937, -2.908 2.0093 0.3937, -2.9791 2.0669 0.3937, -2.8923 2.0472 0.3937, -2.8673 2.0799 0.3937, -2.8346 2.1049 0.3937, -3.0104 2.1077 0.3937, -2.7967 2.1206 0.3937, -2.7559 2.126 0.3937, -2.705 2.1586 0.3937, -2.7151 2.1206 0.3937, -2.6575 2.139 0.3937, -2.6772 2.1049 0.3937, -2.6167 2.1077 0.3937, -2.6446 2.0799 0.3937, -2.5854 2.0669 0.3937, -2.6195 2.0472 0.3937, -2.5658 2.0195 0.3937, -2.6038 2.0093 0.3937, -2.5591 1.9685 0.3937, -2.5984 1.9685 0.3937, -2.5658 1.9176 0.3937, -2.6038 1.9277 0.3937, -2.5854 1.8701 0.3937, -2.6195 1.8898 0.3937, -2.6167 1.8293 0.3937, -2.6446 1.8571 0.3937, -2.6575 1.798 0.3937, -2.6772 1.8321 0.3937, -2.705 1.7784 0.3937, -2.7151 1.8164 0.3937, -2.7559 1.811 0.3937
            ]
        }
        coordIndex [
            0,1,2,-1,3,4,5,-1,5,4,6,-1,5,6,7,-1,8,9,10,-1,10,9,11,-1,11,12,10,-1,10,12,0,-1,10,0,13,-1,13,0,2,-1,13,2,14,-1,15,16,17,-1,17,16,18,-1,17,18,7,-1,7,18,19,-1,7,19,5,-1,19,20,5,-1,5,20,21,-1,5,21,22,-1,22,21,23,-1,22,23,24,-1,24,23,25,-1,24,25,26,-1,26,25,27,-1,26,27,28,-1,28,27,29,-1,28,29,30,-1,30,29,31,-1,30,31,32,-1,32,31,33,-1,32,33,34,-1,34,33,35,-1,34,35,36,-1,36,35,37,-1,36,37,38,-1,38,37,39,-1,38,39,40,-1,40,39,41,-1,40,41,42,-1,42,41,43,-1,42,43,2,-1,2,43,44,-1,2,44,14,-1,10,45,8,-1,8,45,46,-1,8,46,47,-1,47,46,48,-1,47,48,15,-1,15,48,49,-1,15,49,16,-1,50,51,52,-1,53,54,55,-1,56,57,54,-1,58,59,60,-1,60,59,61,-1,62,63,64,-1,64,63,53,-1,64,53,65,-1,65,53,55,-1,61,66,60,-1,60,66,50,-1,60,50,67,-1,67,50,52,-1,67,52,68,-1,53,69,54,-1,54,69,70,-1,54,70,56,-1,56,70,71,-1,56,71,72,-1,72,71,73,-1,72,73,74,-1,74,73,75,-1,74,75,76,-1,76,75,77,-1,76,77,78,-1,78,77,79,-1,78,79,80,-1,80,79,81,-1,80,81,82,-1,82,81,83,-1,82,83,84,-1,84,83,85,-1,84,85,86,-1,86,85,87,-1,86,87,88,-1,88,87,89,-1,88,89,90,-1,90,89,91,-1,90,91,92,-1,92,91,93,-1,92,93,52,-1,52,93,94,-1,52,94,68,-1,60,95,58,-1,58,95,96,-1,58,96,97,-1,97,96,98,-1,97,98,62,-1,62,98,99,-1,62,99,63,-1,100,101,102,-1,102,101,103,-1,102,103,104,-1,105,106,107,-1,108,109,110,-1,110,109,111,-1,112,113,114,-1,114,113,115,-1,114,115,104,-1,104,115,116,-1,104,116,102,-1,111,117,110,-1,110,117,105,-1,110,105,118,-1,118,105,107,-1,118,107,119,-1,116,120,102,-1,102,120,121,-1,102,121,122,-1,122,121,123,-1,122,123,124,-1,124,123,125,-1,124,125,126,-1,126,125,127,-1,126,127,128,-1,128,127,129,-1,128,129,130,-1,130,129,131,-1,130,131,132,-1,132,131,133,-1,132,133,134,-1,134,133,135,-1,134,135,136,-1,136,135,137,-1,136,137,138,-1,138,137,139,-1,138,139,140,-1,140,139,141,-1,140,141,142,-1,142,141,143,-1,142,143,107,-1,107,143,144,-1,107,144,119,-1,110,145,108,-1,108,145,146,-1,108,146,147,-1,147,146,148,-1,147,148,112,-1,112,148,149,-1,112,149,113,-1,150,151,152,-1,152,151,153,-1,154,155,156,-1,156,155,157,-1,156,157,158,-1,159,160,161,-1,161,160,162,-1,161,162,163,-1,164,165,156,-1,156,165,166,-1,156,166,154,-1,165,167,166,-1,166,167,168,-1,166,168,169,-1,169,168,170,-1,169,170,171,-1,171,170,172,-1,171,172,159,-1,159,172,173,-1,159,173,160,-1,163,162,150,-1,150,162,174,-1,150,174,151,-1,174,175,151,-1,151,175,176,-1,151,176,177,-1,177,176,178,-1,177,178,179,-1,179,178,180,-1,179,180,181,-1,181,180,182,-1,181,182,183,-1,183,182,184,-1,183,184,185,-1,185,184,186,-1,185,186,187,-1,187,186,188,-1,187,188,189,-1,189,188,190,-1,189,190,191,-1,191,190,192,-1,191,192,193,-1,193,192,194,-1,193,194,195,-1,195,194,196,-1,195,196,197,-1,197,196,198,-1,197,198,156,-1,156,198,199,-1,156,199,164,-1,200,201,202,-1,202,201,203,-1,204,205,206,-1,206,205,207,-1,206,207,208,-1,209,210,211,-1,211,210,212,-1,211,212,213,-1,214,215,206,-1,206,215,216,-1,206,216,204,-1,215,217,216,-1,216,217,218,-1,216,218,219,-1,219,218,220,-1,219,220,221,-1,221,220,222,-1,221,222,209,-1,209,222,223,-1,209,223,210,-1,213,212,200,-1,200,212,224,-1,200,224,201,-1,224,225,201,-1,201,225,226,-1,201,226,227,-1,227,226,228,-1,227,228,229,-1,229,228,230,-1,229,230,231,-1,231,230,232,-1,231,232,233,-1,233,232,234,-1,233,234,235,-1,235,234,236,-1,235,236,237,-1,237,236,238,-1,237,238,239,-1,239,238,240,-1,239,240,241,-1,241,240,242,-1,241,242,243,-1,243,242,244,-1,243,244,245,-1,245,244,246,-1,245,246,247,-1,247,246,248,-1,247,248,206,-1,206,248,249,-1,206,249,214,-1,250,251,252,-1,253,254,255,-1,256,257,258,-1,258,257,259,-1,252,251,260,-1,260,251,253,-1,260,253,261,-1,261,253,255,-1,261,255,262,-1,263,264,259,-1,265,266,252,-1,252,266,267,-1,252,267,250,-1,258,268,256,-1,256,268,269,-1,256,269,270,-1,270,269,271,-1,270,271,272,-1,272,271,273,-1,272,273,265,-1,265,273,274,-1,265,274,266,-1,257,275,259,-1,259,275,276,-1,259,276,263,-1,263,276,277,-1,263,277,278,-1,278,277,279,-1,278,279,280,-1,280,279,281,-1,280,281,282,-1,282,281,283,-1,282,283,284,-1,284,283,285,-1,284,285,286,-1,286,285,287,-1,286,287,288,-1,288,287,289,-1,288,289,290,-1,290,289,291,-1,290,291,292,-1,292,291,293,-1,292,293,294,-1,294,293,295,-1,294,295,296,-1,296,295,297,-1,296,297,298,-1,298,297,299,-1,298,299,255,-1,255,299,300,-1,255,300,262,-1,301,302,303,-1,304,305,306,-1,307,308,309,-1,309,308,310,-1,303,302,311,-1,311,302,304,-1,311,304,312,-1,312,304,306,-1,312,306,313,-1,314,315,310,-1,316,317,303,-1,303,317,318,-1,303,318,301,-1,309,319,307,-1,307,319,320,-1,307,320,321,-1,321,320,322,-1,321,322,323,-1,323,322,324,-1,323,324,316,-1,316,324,325,-1,316,325,317,-1,308,326,310,-1,310,326,327,-1,310,327,314,-1,314,327,328,-1,314,328,329,-1,329,328,330,-1,329,330,331,-1,331,330,332,-1,331,332,333,-1,333,332,334,-1,333,334,335,-1,335,334,336,-1,335,336,337,-1,337,336,338,-1,337,338,339,-1,339,338,340,-1,339,340,341,-1,341,340,342,-1,341,342,343,-1,343,342,344,-1,343,344,345,-1,345,344,346,-1,345,346,347,-1,347,346,348,-1,347,348,349,-1,349,348,350,-1,349,350,306,-1,306,350,351,-1,306,351,313,-1,352,353,354,-1,354,353,355,-1,354,355,356,-1,357,358,359,-1,360,361,362,-1,362,361,363,-1,364,365,366,-1,366,365,367,-1,366,367,356,-1,356,367,368,-1,356,368,354,-1,363,369,362,-1,362,369,357,-1,362,357,370,-1,370,357,359,-1,370,359,371,-1,368,372,354,-1,354,372,373,-1,354,373,374,-1,374,373,375,-1,374,375,376,-1,376,375,377,-1,376,377,378,-1,378,377,379,-1,378,379,380,-1,380,379,381,-1,380,381,382,-1,382,381,383,-1,382,383,384,-1,384,383,385,-1,384,385,386,-1,386,385,387,-1,386,387,388,-1,388,387,389,-1,388,389,390,-1,390,389,391,-1,390,391,392,-1,392,391,393,-1,392,393,394,-1,394,393,395,-1,394,395,359,-1,359,395,396,-1,359,396,371,-1,362,397,360,-1,360,397,398,-1,360,398,399,-1,399,398,400,-1,399,400,364,-1,364,400,401,-1,364,401,365,-1,402,403,404,-1,404,403,405,-1,406,407,408,-1,408,409,406,-1,406,409,410,-1,406,410,411,-1,412,413,414,-1,414,413,403,-1,414,403,415,-1,415,403,402,-1,407,416,417,-1,417,416,418,-1,417,418,419,-1,419,418,420,-1,419,420,421,-1,421,420,422,-1,421,422,414,-1,414,422,423,-1,414,423,412,-1,424,406,425,-1,425,406,426,-1,425,426,427,-1,427,426,428,-1,427,428,429,-1,429,428,430,-1,429,430,431,-1,431,430,432,-1,431,432,433,-1,433,432,434,-1,433,434,435,-1,435,434,436,-1,435,436,437,-1,437,436,438,-1,437,438,439,-1,439,438,440,-1,439,440,441,-1,441,440,442,-1,441,442,443,-1,443,442,444,-1,443,444,445,-1,445,444,446,-1,445,446,447,-1,447,446,403,-1,447,403,448,-1,448,403,413,-1,424,449,406,-1,406,449,450,-1,406,450,407,-1,407,450,451,-1,407,451,416,-1,452,453,454,-1,455,456,457,-1,457,456,458,-1,457,458,459,-1,460,461,462,-1,462,461,463,-1,463,461,464,-1,464,461,465,-1,464,465,454,-1,454,465,466,-1,454,466,452,-1,463,467,462,-1,462,467,468,-1,462,468,469,-1,469,468,470,-1,469,470,471,-1,471,470,472,-1,471,472,473,-1,473,472,474,-1,473,474,475,-1,475,474,476,-1,475,476,477,-1,477,476,478,-1,477,478,479,-1,479,478,480,-1,479,480,481,-1,481,480,482,-1,481,482,483,-1,483,482,484,-1,483,484,485,-1,485,484,486,-1,485,486,487,-1,487,486,488,-1,487,488,489,-1,489,488,490,-1,489,490,457,-1,457,490,491,-1,457,491,492,-1,492,493,457,-1,457,493,494,-1,457,494,455,-1,493,495,494,-1,494,495,496,-1,494,496,497,-1,497,496,498,-1,497,498,499,-1,499,498,500,-1,499,500,453,-1,453,500,501,-1,453,501,454,-1,502,503,504,-1,502,504,505,-1,506,507,508,-1,508,507,509,-1,508,509,510,-1,505,504,511,-1,511,504,512,-1,511,512,513,-1,514,515,508,-1,508,515,516,-1,508,516,506,-1,517,518,513,-1,515,519,516,-1,516,519,520,-1,516,520,521,-1,521,520,522,-1,521,522,523,-1,523,522,524,-1,523,524,503,-1,503,524,525,-1,503,525,504,-1,512,526,513,-1,513,526,527,-1,513,527,517,-1,517,527,528,-1,517,528,529,-1,529,528,530,-1,529,530,531,-1,531,530,532,-1,531,532,533,-1,533,532,534,-1,533,534,535,-1,535,534,536,-1,535,536,537,-1,537,536,538,-1,537,538,539,-1,539,538,540,-1,539,540,541,-1,541,540,542,-1,541,542,543,-1,543,542,544,-1,543,544,545,-1,545,544,546,-1,545,546,547,-1,547,546,548,-1,547,548,549,-1,549,548,550,-1,549,550,508,-1,508,550,551,-1,508,551,514,-1,552,553,554,-1,555,556,557,-1,557,556,558,-1,555,557,559,-1,559,557,560,-1,559,560,561,-1,562,563,554,-1,554,563,564,-1,554,564,552,-1,565,566,561,-1,562,567,568,-1,568,567,569,-1,568,569,570,-1,570,569,571,-1,570,571,558,-1,558,571,572,-1,558,572,557,-1,560,573,561,-1,561,573,574,-1,561,574,565,-1,565,574,575,-1,565,575,576,-1,576,575,577,-1,576,577,578,-1,578,577,579,-1,578,579,580,-1,580,579,581,-1,580,581,582,-1,582,581,583,-1,582,583,584,-1,584,583,585,-1,584,585,586,-1,586,585,587,-1,586,587,588,-1,588,587,589,-1,588,589,590,-1,590,589,591,-1,590,591,592,-1,592,591,593,-1,592,593,594,-1,594,593,595,-1,594,595,596,-1,596,595,597,-1,596,597,554,-1,554,597,598,-1,598,599,554,-1,554,599,600,-1,554,600,562,-1,562,600,601,-1,562,601,567,-1,602,603,604,-1,604,603,605,-1,606,607,608,-1,608,609,606,-1,606,609,610,-1,606,610,611,-1,612,613,614,-1,614,613,603,-1,614,603,615,-1,615,603,602,-1,607,616,617,-1,617,616,618,-1,617,618,619,-1,619,618,620,-1,619,620,621,-1,621,620,622,-1,621,622,614,-1,614,622,623,-1,614,623,612,-1,624,606,625,-1,625,606,626,-1,625,626,627,-1,627,626,628,-1,627,628,629,-1,629,628,630,-1,629,630,631,-1,631,630,632,-1,631,632,633,-1,633,632,634,-1,633,634,635,-1,635,634,636,-1,635,636,637,-1,637,636,638,-1,637,638,639,-1,639,638,640,-1,639,640,641,-1,641,640,642,-1,641,642,643,-1,643,642,644,-1,643,644,645,-1,645,644,646,-1,645,646,647,-1,647,646,603,-1,647,603,648,-1,648,603,613,-1,624,649,606,-1,606,649,650,-1,606,650,607,-1,607,650,651,-1,607,651,616,-1,652,653,654,-1,654,653,655,-1,656,657,658,-1,658,659,656,-1,656,659,660,-1,656,660,661,-1,662,663,664,-1,664,663,653,-1,664,653,665,-1,665,653,652,-1,657,666,667,-1,667,666,668,-1,667,668,669,-1,669,668,670,-1,669,670,671,-1,671,670,672,-1,671,672,664,-1,664,672,673,-1,664,673,662,-1,674,656,675,-1,675,656,676,-1,675,676,677,-1,677,676,678,-1,677,678,679,-1,679,678,680,-1,679,680,681,-1,681,680,682,-1,681,682,683,-1,683,682,684,-1,683,684,685,-1,685,684,686,-1,685,686,687,-1,687,686,688,-1,687,688,689,-1,689,688,690,-1,689,690,691,-1,691,690,692,-1,691,692,693,-1,693,692,694,-1,693,694,695,-1,695,694,696,-1,695,696,697,-1,697,696,653,-1,697,653,698,-1,698,653,663,-1,674,699,656,-1,656,699,700,-1,656,700,657,-1,657,700,701,-1,657,701,666,-1,702,703,704,-1,704,703,705,-1,706,707,708,-1,708,709,706,-1,706,709,710,-1,706,710,711,-1,712,713,714,-1,714,713,703,-1,714,703,715,-1,715,703,702,-1,707,716,717,-1,717,716,718,-1,717,718,719,-1,719,718,720,-1,719,720,721,-1,721,720,722,-1,721,722,714,-1,714,722,723,-1,714,723,712,-1,724,706,725,-1,725,706,726,-1,725,726,727,-1,727,726,728,-1,727,728,729,-1,729,728,730,-1,729,730,731,-1,731,730,732,-1,731,732,733,-1,733,732,734,-1,733,734,735,-1,735,734,736,-1,735,736,737,-1,737,736,738,-1,737,738,739,-1,739,738,740,-1,739,740,741,-1,741,740,742,-1,741,742,743,-1,743,742,744,-1,743,744,745,-1,745,744,746,-1,745,746,747,-1,747,746,703,-1,747,703,748,-1,748,703,713,-1,724,749,706,-1,706,749,750,-1,706,750,707,-1,707,750,751,-1,707,751,716,-1,752,753,754,-1,755,756,757,-1,757,756,758,-1,759,760,761,-1,762,763,764,-1,764,763,757,-1,764,757,765,-1,765,757,758,-1,761,766,759,-1,759,766,767,-1,759,767,768,-1,768,767,769,-1,768,769,770,-1,770,769,771,-1,770,771,764,-1,764,771,772,-1,764,772,762,-1,773,774,754,-1,754,774,775,-1,754,775,752,-1,776,754,777,-1,777,754,778,-1,777,778,779,-1,779,778,780,-1,779,780,781,-1,781,780,782,-1,781,782,783,-1,783,782,784,-1,783,784,785,-1,785,784,786,-1,785,786,787,-1,787,786,788,-1,787,788,789,-1,789,788,790,-1,789,790,791,-1,791,790,792,-1,791,792,793,-1,793,792,794,-1,793,794,795,-1,795,794,796,-1,795,796,797,-1,797,796,798,-1,797,798,799,-1,799,798,757,-1,799,757,800,-1,800,757,763,-1,776,801,754,-1,754,801,760,-1,754,760,773,-1,773,760,759,-1,802,803,804,-1,805,806,807,-1,807,806,808,-1,809,810,811,-1,812,813,814,-1,814,813,807,-1,814,807,815,-1,815,807,808,-1,811,816,809,-1,809,816,817,-1,809,817,818,-1,818,817,819,-1,818,819,820,-1,820,819,821,-1,820,821,814,-1,814,821,822,-1,814,822,812,-1,823,824,804,-1,804,824,825,-1,804,825,802,-1,826,804,827,-1,827,804,828,-1,827,828,829,-1,829,828,830,-1,829,830,831,-1,831,830,832,-1,831,832,833,-1,833,832,834,-1,833,834,835,-1,835,834,836,-1,835,836,837,-1,837,836,838,-1,837,838,839,-1,839,838,840,-1,839,840,841,-1,841,840,842,-1,841,842,843,-1,843,842,844,-1,843,844,845,-1,845,844,846,-1,845,846,847,-1,847,846,848,-1,847,848,849,-1,849,848,807,-1,849,807,850,-1,850,807,813,-1,826,851,804,-1,804,851,810,-1,804,810,823,-1,823,810,809,-1,852,853,854,-1,854,853,855,-1,854,855,856,-1,857,858,859,-1,859,860,857,-1,857,860,861,-1,857,861,862,-1,862,861,863,-1,862,863,864,-1,865,866,858,-1,864,863,867,-1,867,863,868,-1,867,868,869,-1,869,868,870,-1,869,870,871,-1,871,870,872,-1,872,870,873,-1,872,873,852,-1,857,874,858,-1,858,874,875,-1,858,875,865,-1,865,875,876,-1,865,876,877,-1,877,876,878,-1,877,878,879,-1,879,878,880,-1,879,880,881,-1,881,880,882,-1,881,882,883,-1,883,882,884,-1,883,884,885,-1,885,884,886,-1,885,886,887,-1,887,886,888,-1,887,888,889,-1,889,888,890,-1,889,890,891,-1,891,890,892,-1,891,892,893,-1,893,892,894,-1,893,894,895,-1,895,894,896,-1,895,896,897,-1,897,896,898,-1,897,898,854,-1,898,899,854,-1,854,899,900,-1,854,900,852,-1,852,900,901,-1,852,901,872,-1,902,903,904,-1,904,905,902,-1,902,905,906,-1,902,906,907,-1,907,906,908,-1,907,908,909,-1,910,911,912,-1,913,914,903,-1,909,908,915,-1,915,908,916,-1,915,916,917,-1,917,916,918,-1,917,918,919,-1,919,918,920,-1,920,918,921,-1,920,921,922,-1,922,923,920,-1,920,923,910,-1,920,910,924,-1,924,910,912,-1,924,912,925,-1,902,926,903,-1,903,926,927,-1,903,927,913,-1,913,927,928,-1,913,928,929,-1,929,928,930,-1,929,930,931,-1,931,930,932,-1,931,932,933,-1,933,932,934,-1,933,934,935,-1,935,934,936,-1,935,936,937,-1,937,936,938,-1,937,938,939,-1,939,938,940,-1,939,940,941,-1,941,940,942,-1,941,942,943,-1,943,942,944,-1,943,944,945,-1,945,944,946,-1,945,946,947,-1,947,946,948,-1,947,948,949,-1,949,948,950,-1,949,950,912,-1,912,950,951,-1,912,951,925,-1,952,953,954,-1,952,954,955,-1,956,957,958,-1,958,959,956,-1,956,959,960,-1,956,960,961,-1,961,960,962,-1,961,962,963,-1,964,965,957,-1,966,967,968,-1,963,962,969,-1,969,962,970,-1,969,970,971,-1,971,970,972,-1,971,972,973,-1,973,972,967,-1,967,972,974,-1,967,974,968,-1,955,954,968,-1,968,954,975,-1,968,975,966,-1,956,976,957,-1,957,976,977,-1,957,977,964,-1,964,977,978,-1,964,978,979,-1,979,978,980,-1,979,980,981,-1,981,980,982,-1,981,982,983,-1,983,982,984,-1,983,984,985,-1,985,984,986,-1,985,986,987,-1,987,986,988,-1,987,988,989,-1,989,988,990,-1,989,990,991,-1,991,990,992,-1,991,992,993,-1,993,992,994,-1,993,994,995,-1,995,994,996,-1,995,996,997,-1,997,996,998,-1,997,998,999,-1,999,998,1000,-1,999,1000,954,-1,954,1000,1001,-1,954,1001,975,-1,1002,1003,1004,-1,1004,1003,1005,-1,1004,1005,1006,-1,1007,1008,1009,-1,1009,1010,1007,-1,1007,1010,1011,-1,1007,1011,1012,-1,1012,1011,1013,-1,1012,1013,1014,-1,1015,1016,1008,-1,1014,1013,1017,-1,1017,1013,1018,-1,1017,1018,1019,-1,1019,1018,1020,-1,1019,1020,1021,-1,1021,1020,1022,-1,1022,1020,1023,-1,1022,1023,1002,-1,1007,1024,1008,-1,1008,1024,1025,-1,1008,1025,1015,-1,1015,1025,1026,-1,1015,1026,1027,-1,1027,1026,1028,-1,1027,1028,1029,-1,1029,1028,1030,-1,1029,1030,1031,-1,1031,1030,1032,-1,1031,1032,1033,-1,1033,1032,1034,-1,1033,1034,1035,-1,1035,1034,1036,-1,1035,1036,1037,-1,1037,1036,1038,-1,1037,1038,1039,-1,1039,1038,1040,-1,1039,1040,1041,-1,1041,1040,1042,-1,1041,1042,1043,-1,1043,1042,1044,-1,1043,1044,1045,-1,1045,1044,1046,-1,1045,1046,1047,-1,1047,1046,1048,-1,1047,1048,1004,-1,1048,1049,1004,-1,1004,1049,1050,-1,1004,1050,1002,-1,1002,1050,1051,-1,1002,1051,1022,-1,1052,1053,1054,-1,1054,1053,1055,-1,1056,1057,1055,-1,1054,1058,1052,-1,1052,1058,1059,-1,1052,1059,1060,-1,1061,1062,1063,-1,1064,1063,1065,-1,1065,1063,1066,-1,1065,1066,1067,-1,1067,1066,1068,-1,1067,1068,1069,-1,1069,1068,1070,-1,1069,1070,1071,-1,1071,1070,1072,-1,1071,1072,1073,-1,1073,1072,1074,-1,1073,1074,1075,-1,1075,1074,1076,-1,1075,1076,1077,-1,1077,1076,1078,-1,1077,1078,1079,-1,1079,1078,1080,-1,1079,1080,1081,-1,1081,1080,1082,-1,1081,1082,1083,-1,1083,1082,1084,-1,1083,1084,1085,-1,1085,1084,1086,-1,1085,1086,1087,-1,1087,1086,1056,-1,1087,1056,1088,-1,1088,1056,1055,-1,1088,1055,1089,-1,1089,1055,1053,-1,1059,1090,1060,-1,1060,1090,1091,-1,1060,1091,1092,-1,1092,1091,1093,-1,1092,1093,1094,-1,1094,1093,1095,-1,1094,1095,1096,-1,1096,1095,1097,-1,1097,1098,1096,-1,1096,1098,1099,-1,1096,1099,1100,-1,1100,1099,1061,-1,1100,1061,1101,-1,1101,1061,1063,-1,1101,1063,1102,-1,1102,1063,1064,-1,1103,1104,1105,-1,1105,1104,1106,-1,1107,1108,1106,-1,1105,1109,1103,-1,1103,1109,1110,-1,1103,1110,1111,-1,1112,1113,1114,-1,1115,1114,1116,-1,1116,1114,1117,-1,1116,1117,1118,-1,1118,1117,1119,-1,1118,1119,1120,-1,1120,1119,1121,-1,1120,1121,1122,-1,1122,1121,1123,-1,1122,1123,1124,-1,1124,1123,1125,-1,1124,1125,1126,-1,1126,1125,1127,-1,1126,1127,1128,-1,1128,1127,1129,-1,1128,1129,1130,-1,1130,1129,1131,-1,1130,1131,1132,-1,1132,1131,1133,-1,1132,1133,1134,-1,1134,1133,1135,-1,1134,1135,1136,-1,1136,1135,1137,-1,1136,1137,1138,-1,1138,1137,1107,-1,1138,1107,1139,-1,1139,1107,1106,-1,1139,1106,1140,-1,1140,1106,1104,-1,1110,1141,1111,-1,1111,1141,1142,-1,1111,1142,1143,-1,1143,1142,1144,-1,1143,1144,1145,-1,1145,1144,1146,-1,1145,1146,1147,-1,1147,1146,1148,-1,1148,1149,1147,-1,1147,1149,1150,-1,1147,1150,1151,-1,1151,1150,1112,-1,1151,1112,1152,-1,1152,1112,1114,-1,1152,1114,1153,-1,1153,1114,1115,-1,1154,1155,1156,-1,1156,1155,1157,-1,1156,1157,1158,-1,1159,1160,1161,-1,1161,1160,1162,-1,1163,1164,1156,-1,1156,1164,1165,-1,1156,1165,1154,-1,1164,1166,1165,-1,1165,1166,1167,-1,1165,1167,1168,-1,1168,1167,1169,-1,1168,1169,1170,-1,1170,1169,1171,-1,1170,1171,1172,-1,1172,1171,1173,-1,1172,1173,1174,-1,1174,1173,1175,-1,1174,1175,1176,-1,1176,1177,1174,-1,1174,1177,1161,-1,1174,1161,1178,-1,1178,1161,1162,-1,1177,1179,1161,-1,1161,1179,1180,-1,1161,1180,1181,-1,1181,1180,1182,-1,1181,1182,1183,-1,1183,1182,1184,-1,1183,1184,1185,-1,1185,1184,1186,-1,1185,1186,1187,-1,1187,1186,1188,-1,1187,1188,1189,-1,1189,1188,1190,-1,1189,1190,1191,-1,1191,1190,1192,-1,1191,1192,1193,-1,1193,1192,1194,-1,1193,1194,1195,-1,1195,1194,1196,-1,1195,1196,1197,-1,1197,1196,1198,-1,1197,1198,1199,-1,1199,1198,1200,-1,1199,1200,1201,-1,1201,1200,1202,-1,1201,1202,1156,-1,1156,1202,1203,-1,1156,1203,1163,-1,1204,1205,1206,-1,1206,1205,1207,-1,1206,1207,1208,-1,1209,1210,1211,-1,1211,1210,1212,-1,1213,1214,1206,-1,1206,1214,1215,-1,1206,1215,1204,-1,1214,1216,1215,-1,1215,1216,1217,-1,1215,1217,1218,-1,1218,1217,1219,-1,1218,1219,1220,-1,1220,1219,1221,-1,1220,1221,1222,-1,1222,1221,1223,-1,1222,1223,1224,-1,1224,1223,1225,-1,1224,1225,1226,-1,1226,1227,1224,-1,1224,1227,1211,-1,1224,1211,1228,-1,1228,1211,1212,-1,1227,1229,1211,-1,1211,1229,1230,-1,1211,1230,1231,-1,1231,1230,1232,-1,1231,1232,1233,-1,1233,1232,1234,-1,1233,1234,1235,-1,1235,1234,1236,-1,1235,1236,1237,-1,1237,1236,1238,-1,1237,1238,1239,-1,1239,1238,1240,-1,1239,1240,1241,-1,1241,1240,1242,-1,1241,1242,1243,-1,1243,1242,1244,-1,1243,1244,1245,-1,1245,1244,1246,-1,1245,1246,1247,-1,1247,1246,1248,-1,1247,1248,1249,-1,1249,1248,1250,-1,1249,1250,1251,-1,1251,1250,1252,-1,1251,1252,1206,-1,1206,1252,1253,-1,1206,1253,1213,-1,1254,1255,1256,-1,1256,1255,1257,-1,1258,1259,1260,-1,1261,1262,1263,-1,1263,1262,1264,-1,1263,1264,1265,-1,1265,1264,1258,-1,1265,1258,1266,-1,1266,1258,1260,-1,1266,1260,1267,-1,1268,1269,1270,-1,1270,1269,1256,-1,1270,1256,1271,-1,1271,1256,1257,-1,1269,1272,1256,-1,1256,1272,1273,-1,1256,1273,1274,-1,1274,1273,1275,-1,1274,1275,1276,-1,1276,1275,1277,-1,1276,1277,1278,-1,1278,1277,1279,-1,1278,1279,1280,-1,1280,1279,1281,-1,1280,1281,1282,-1,1282,1281,1283,-1,1282,1283,1284,-1,1284,1283,1285,-1,1284,1285,1286,-1,1286,1285,1287,-1,1286,1287,1288,-1,1288,1287,1289,-1,1288,1289,1290,-1,1290,1289,1291,-1,1290,1291,1292,-1,1292,1291,1293,-1,1292,1293,1294,-1,1294,1293,1295,-1,1294,1295,1260,-1,1260,1295,1296,-1,1260,1296,1267,-1,1261,1263,1297,-1,1297,1263,1298,-1,1297,1298,1299,-1,1299,1298,1300,-1,1299,1300,1301,-1,1301,1300,1302,-1,1301,1302,1270,-1,1270,1302,1303,-1,1270,1303,1268,-1,1304,1305,1306,-1,1307,1308,1309,-1,1309,1308,1310,-1,1311,1312,1313,-1,1314,1315,1316,-1,1312,1317,1313,-1,1313,1317,1309,-1,1313,1309,1318,-1,1318,1309,1310,-1,1306,1305,1319,-1,1319,1305,1314,-1,1319,1314,1320,-1,1320,1314,1316,-1,1320,1316,1321,-1,1311,1313,1322,-1,1322,1313,1323,-1,1322,1323,1324,-1,1324,1323,1325,-1,1324,1325,1326,-1,1326,1325,1327,-1,1326,1327,1306,-1,1306,1327,1328,-1,1306,1328,1304,-1,1317,1329,1309,-1,1309,1329,1330,-1,1309,1330,1331,-1,1331,1330,1332,-1,1331,1332,1333,-1,1333,1332,1334,-1,1333,1334,1335,-1,1335,1334,1336,-1,1335,1336,1337,-1,1337,1336,1338,-1,1337,1338,1339,-1,1339,1338,1340,-1,1339,1340,1341,-1,1341,1340,1342,-1,1341,1342,1343,-1,1343,1342,1344,-1,1343,1344,1345,-1,1345,1344,1346,-1,1345,1346,1347,-1,1347,1346,1348,-1,1347,1348,1349,-1,1349,1348,1350,-1,1349,1350,1351,-1,1351,1350,1352,-1,1351,1352,1316,-1,1316,1352,1353,-1,1316,1353,1321,-1,1354,1355,1356,-1,1357,1358,1359,-1,1359,1358,1360,-1,1361,1362,1363,-1,1363,1362,1364,-1,1363,1364,1365,-1,1365,1364,1354,-1,1365,1354,1366,-1,1366,1354,1356,-1,1366,1356,1367,-1,1368,1369,1370,-1,1370,1369,1359,-1,1370,1359,1371,-1,1371,1359,1360,-1,1369,1372,1359,-1,1359,1372,1373,-1,1359,1373,1374,-1,1374,1373,1375,-1,1374,1375,1376,-1,1376,1375,1377,-1,1376,1377,1378,-1,1378,1377,1379,-1,1378,1379,1380,-1,1380,1379,1381,-1,1380,1381,1382,-1,1382,1381,1383,-1,1382,1383,1384,-1,1384,1383,1385,-1,1384,1385,1386,-1,1386,1385,1387,-1,1386,1387,1388,-1,1388,1387,1389,-1,1388,1389,1390,-1,1390,1389,1391,-1,1390,1391,1392,-1,1392,1391,1393,-1,1392,1393,1394,-1,1394,1393,1395,-1,1394,1395,1356,-1,1356,1395,1396,-1,1356,1396,1367,-1,1361,1363,1397,-1,1397,1363,1398,-1,1397,1398,1399,-1,1399,1398,1400,-1,1399,1400,1401,-1,1401,1400,1402,-1,1401,1402,1370,-1,1370,1402,1403,-1,1370,1403,1368,-1,1404,1405,1406,-1,1406,1405,1407,-1,1408,1409,1410,-1,1411,1412,1413,-1,1413,1412,1414,-1,1413,1414,1415,-1,1415,1414,1408,-1,1415,1408,1416,-1,1416,1408,1410,-1,1416,1410,1417,-1,1418,1419,1420,-1,1420,1419,1406,-1,1420,1406,1421,-1,1421,1406,1407,-1,1419,1422,1406,-1,1406,1422,1423,-1,1406,1423,1424,-1,1424,1423,1425,-1,1424,1425,1426,-1,1426,1425,1427,-1,1426,1427,1428,-1,1428,1427,1429,-1,1428,1429,1430,-1,1430,1429,1431,-1,1430,1431,1432,-1,1432,1431,1433,-1,1432,1433,1434,-1,1434,1433,1435,-1,1434,1435,1436,-1,1436,1435,1437,-1,1436,1437,1438,-1,1438,1437,1439,-1,1438,1439,1440,-1,1440,1439,1441,-1,1440,1441,1442,-1,1442,1441,1443,-1,1442,1443,1444,-1,1444,1443,1445,-1,1444,1445,1410,-1,1410,1445,1446,-1,1410,1446,1417,-1,1411,1413,1447,-1,1447,1413,1448,-1,1447,1448,1449,-1,1449,1448,1450,-1,1449,1450,1451,-1,1451,1450,1452,-1,1451,1452,1420,-1,1420,1452,1453,-1,1420,1453,1418,-1,1454,1455,1456,-1,1456,1455,1457,-1,1456,1457,1458,-1,1459,1460,1461,-1,1461,1460,1462,-1,1463,1464,1456,-1,1456,1464,1465,-1,1456,1465,1454,-1,1464,1466,1465,-1,1465,1466,1467,-1,1465,1467,1468,-1,1468,1467,1469,-1,1468,1469,1470,-1,1470,1469,1471,-1,1470,1471,1472,-1,1472,1471,1473,-1,1472,1473,1474,-1,1474,1473,1475,-1,1474,1475,1476,-1,1476,1477,1474,-1,1474,1477,1461,-1,1474,1461,1478,-1,1478,1461,1462,-1,1477,1479,1461,-1,1461,1479,1480,-1,1461,1480,1481,-1,1481,1480,1482,-1,1481,1482,1483,-1,1483,1482,1484,-1,1483,1484,1485,-1,1485,1484,1486,-1,1485,1486,1487,-1,1487,1486,1488,-1,1487,1488,1489,-1,1489,1488,1490,-1,1489,1490,1491,-1,1491,1490,1492,-1,1491,1492,1493,-1,1493,1492,1494,-1,1493,1494,1495,-1,1495,1494,1496,-1,1495,1496,1497,-1,1497,1496,1498,-1,1497,1498,1499,-1,1499,1498,1500,-1,1499,1500,1501,-1,1501,1500,1502,-1,1501,1502,1456,-1,1456,1502,1503,-1,1456,1503,1463,-1,
        ]
    }
}
Shape{
    appearance Appearance {
        material  Material 	{
            diffuseColor 0.0 0.5294117647058824 0.011764705882352941
            specularColor 0.0 0.4666666666666667 0.011764705882352941
            ambientIntensity 0.3121
            transparency 0.0
            shininess 0.5
        }
    }
    geometry IndexedFaceSet {
        ccw TRUE
        solid FALSE
        coord DEF co Coordinate {
            point [
                3.1496 -0.9843 0.3937, 3.1496 -0.9843 0.0, 3.1496 -0.5906 0.3937, 3.1496 -0.5906 0.0, 3.1496 0.1969 0.0, 3.1496 0.1969 0.3937, 3.1496 -0.1969 0.0, 3.1496 -0.1969 0.3937, 3.1496 -1.7717 0.3937, 3.1496 -1.7717 0.0, 3.1496 -1.378 0.3937, 3.1496 -1.378 0.0, 3.1496 0.5906 0.3937, 3.1496 0.5906 0.0, 3.1496 0.9843 0.3937, 3.1496 0.9843 0.0, 3.1496 1.7717 0.0, 3.1496 1.7717 0.3937, 3.1496 1.378 0.0, 3.1496 1.378 0.3937, 3.1496 -2.5591 0.3937, 3.1496 -2.5591 0.0, 3.1496 -2.1654 0.3937, 3.1496 -2.1654 0.0, 3.1496 -3.1496 0.3937, 3.1496 -3.1496 0.0, 3.1496 -2.9528 0.3937, 3.1496 -2.9528 0.0, 3.1496 2.5591 0.0, 3.1496 2.5591 0.3937, 3.1496 2.1654 0.0, 3.1496 2.1654 0.3937, 3.1496 3.1496 0.0, 3.1496 3.1496 0.3937, 3.1496 2.9528 0.0, 3.1496 2.9528 0.3937, -3.1496 -0.1969 0.3937, -3.1496 0.1969 0.3937, -3.1496 -0.1969 0.0, -3.1496 0.1969 0.0, -3.1496 -0.5906 0.0, -3.1496 -0.9843 0.0, -3.1496 -0.5906 0.3937, -3.1496 -0.9843 0.3937, -3.1496 1.378 0.3937, -3.1496 1.7717 0.3937, -3.1496 1.378 0.0, -3.1496 1.7717 0.0, -3.1496 0.9843 0.0, -3.1496 0.5906 0.0, -3.1496 0.9843 0.3937, -3.1496 0.5906 0.3937, -3.1496 -1.378 0.0, -3.1496 -1.7717 0.0, -3.1496 -1.378 0.3937, -3.1496 -1.7717 0.3937, -3.1496 -2.1654 0.0, -3.1496 -2.5591 0.0, -3.1496 -2.1654 0.3937, -3.1496 -2.5591 0.3937, -3.1496 2.1654 0.3937, -3.1496 2.5591 0.3937, -3.1496 2.1654 0.0, -3.1496 2.5591 0.0, -3.1496 2.9528 0.3937, -3.1496 3.1496 0.3937, -3.1496 2.9528 0.0, -3.1496 3.1496 0.0, -3.1496 -2.9528 0.0, -3.1496 -3.1496 0.0, -3.1496 -2.9528 0.3937, -3.1496 -3.1496 0.3937
            ]
        }
        coordIndex [
            0,1,2,-1,2,1,3,-1,4,5,6,-1,6,5,7,-1,8,9,10,-1,10,9,11,-1,12,13,14,-1,14,13,15,-1,16,17,18,-1,18,17,19,-1,20,21,22,-1,22,21,23,-1,24,25,26,-1,26,25,27,-1,28,29,30,-1,30,29,31,-1,32,33,34,-1,34,33,35,-1,36,37,38,-1,38,37,39,-1,40,41,42,-1,42,41,43,-1,44,45,46,-1,46,45,47,-1,48,49,50,-1,50,49,51,-1,52,53,54,-1,54,53,55,-1,56,57,58,-1,58,57,59,-1,60,61,62,-1,62,61,63,-1,64,65,66,-1,66,65,67,-1,65,33,67,-1,67,33,32,-1,68,69,70,-1,70,69,71,-1,24,71,25,-1,25,71,69,-1,
        ]
    }
}
Shape{
    appearance Appearance {
        material  Material 	{
            diffuseColor 0.9686274509803922 0.8784313725490196 0.6
            specularColor 0.6784313725490196 0.615686274509804 0.4196078431372549
            ambientIntensity 0.8737
            transparency 0.0
            shininess 0.5
        }
    }
    geometry IndexedFaceSet {
        ccw TRUE
        solid FALSE
        coord DEF co Coordinate {
            point [
                -3.0104 2.6167 0.3937, -3.0512 2.5854 0.3937, -2.7559 2.5591 0.3937, -3.0987 2.5658 0.3937, -3.1496 2.5591 0.3937, -3.1496 2.9528 0.3937, -3.0987 2.946 0.3937, -2.7559 2.9528 0.3937, -3.0512 2.9264 0.3937, -2.7967 2.6038 0.3937, -2.8346 2.6195 0.3937, -2.9791 2.6575 0.3937, -2.8673 2.6446 0.3937, -2.8923 2.6772 0.3937, -2.9595 2.705 0.3937, -2.908 2.7151 0.3937, -2.9528 2.7559 0.3937, -2.9134 2.7559 0.3937, -2.9595 2.8069 0.3937, -2.908 2.7967 0.3937, -2.9791 2.8543 0.3937, -2.8923 2.8346 0.3937, -2.8673 2.8673 0.3937, -2.8346 2.8923 0.3937, -3.0104 2.8951 0.3937, -2.7967 2.908 0.3937, -2.7559 2.9134 0.3937, -2.705 2.946 0.3937, -2.7151 2.908 0.3937, -2.6575 2.9264 0.3937, -2.6772 2.8923 0.3937, -2.6167 2.8951 0.3937, -2.6446 2.8673 0.3937, -2.5854 2.8543 0.3937, -2.6195 2.8346 0.3937, -2.5658 2.8069 0.3937, -2.6038 2.7967 0.3937, -2.5591 2.7559 0.3937, -2.5984 2.7559 0.3937, -2.5658 2.705 0.3937, -2.6038 2.7151 0.3937, -2.5854 2.6575 0.3937, -2.6195 2.6772 0.3937, -2.6167 2.6167 0.3937, -2.6446 2.6446 0.3937, -2.6575 2.5854 0.3937, -2.6772 2.6195 0.3937, -2.705 2.5658 0.3937, -2.7151 2.6038 0.3937, -2.7559 2.5984 0.3937, -3.0987 1.3712 0.0, -3.1496 1.378 0.0, -2.7559 1.378 0.0, -3.0104 1.0419 0.0, -2.9791 1.0827 0.0, -2.8923 1.1024 0.0, -2.9595 1.1302 0.0, -3.0512 1.0106 0.0, -2.8673 1.0697 0.0, -3.0987 0.991 0.0, -2.9791 1.2795 0.0, -3.0104 1.3203 0.0, -3.0512 1.3516 0.0, -2.7559 0.9843 0.0, -3.1496 0.9843 0.0, -2.8923 1.2598 0.0, -2.9595 1.2321 0.0, -2.908 1.2219 0.0, -2.9528 1.1811 0.0, -2.9134 1.1811 0.0, -2.908 1.1403 0.0, -2.8346 1.0447 0.0, -2.7967 1.029 0.0, -2.7559 1.0236 0.0, -2.705 0.991 0.0, -2.7151 1.029 0.0, -2.6575 1.0106 0.0, -2.6772 1.0447 0.0, -2.6167 1.0419 0.0, -2.6446 1.0697 0.0, -2.5854 1.0827 0.0, -2.6195 1.1024 0.0, -2.5658 1.1302 0.0, -2.6038 1.1403 0.0, -2.5591 1.1811 0.0, -2.5984 1.1811 0.0, -2.5658 1.2321 0.0, -2.6038 1.2219 0.0, -2.5854 1.2795 0.0, -2.6195 1.2598 0.0, -2.6167 1.3203 0.0, -2.6446 1.2925 0.0, -2.6575 1.3516 0.0, -2.6772 1.3175 0.0, -2.705 1.3712 0.0, -2.7151 1.3332 0.0, -2.7559 1.3386 0.0, -2.7967 1.3332 0.0, -2.8346 1.3175 0.0, -2.8673 1.2925 0.0, -2.5984 2.7559 0.0, -2.6038 2.7967 0.0, -2.6195 2.8346 0.0, -2.6446 2.8673 0.0, -2.6772 2.8923 0.0, -2.7151 2.908 0.0, -2.7559 2.9134 0.0, -2.7967 2.908 0.0, -2.8346 2.8923 0.0, -2.8673 2.8673 0.0, -2.8923 2.8346 0.0, -2.908 2.7967 0.0, -2.9134 2.7559 0.0, -2.908 2.7151 0.0, -2.8923 2.6772 0.0, -2.8673 2.6446 0.0, -2.8346 2.6195 0.0, -2.7967 2.6038 0.0, -2.7559 2.5984 0.0, -2.7151 2.6038 0.0, -2.6772 2.6195 0.0, -2.6446 2.6446 0.0, -2.6195 2.6772 0.0, -2.6038 2.7151 0.0, -3.1496 2.5591 0.0, -3.0987 2.5658 0.0, -3.0512 2.5854 0.0, -3.0104 2.6167 0.0, -2.9791 2.6575 0.0, -2.9595 2.705 0.0, -2.9528 2.7559 0.0, -2.9595 2.8069 0.0, -2.9791 2.8543 0.0, -3.0104 2.8951 0.0, -3.0512 2.9264 0.0, -3.0987 2.946 0.0, -3.1496 2.9528 0.0, -3.1496 1.7717 0.0, -3.1496 1.7717 0.3937, -3.0987 1.7784 0.0, -3.0987 1.7784 0.3937, -3.0512 1.798 0.0, -3.0512 1.798 0.3937, -3.0104 1.8293 0.0, -3.0104 1.8293 0.3937, -2.9791 1.8701 0.0, -2.9791 1.8701 0.3937, -2.9595 1.9176 0.0, -2.9595 1.9176 0.3937, -2.9528 1.9685 0.0, -2.9528 1.9685 0.3937, -2.9595 2.0195 0.0, -2.9595 2.0195 0.3937, -2.9791 2.0669 0.0, -2.9791 2.0669 0.3937, -3.0104 2.1077 0.0, -3.0104 2.1077 0.3937, -3.0512 2.139 0.0, -3.0512 2.139 0.3937, -3.0987 2.1586 0.0, -3.0987 2.1586 0.3937, -3.1496 2.1654 0.0, -3.1496 2.1654 0.3937, -3.1496 -2.9528 0.0, -3.1496 -2.9528 0.3937, -3.0987 -2.946 0.0, -3.0987 -2.946 0.3937, -3.0512 -2.9264 0.0, -3.0512 -2.9264 0.3937, -3.0104 -2.8951 0.0, -3.0104 -2.8951 0.3937, -2.9791 -2.8543 0.0, -2.9791 -2.8543 0.3937, -2.9595 -2.8069 0.0, -2.9595 -2.8069 0.3937, -2.9528 -2.7559 0.0, -2.9528 -2.7559 0.3937, -2.9595 -2.705 0.0, -2.9595 -2.705 0.3937, -2.9791 -2.6575 0.0, -2.9791 -2.6575 0.3937, -3.0104 -2.6167 0.0, -3.0104 -2.6167 0.3937, -3.0512 -2.5854 0.0, -3.0512 -2.5854 0.3937, -3.0987 -2.5658 0.0, -3.0987 -2.5658 0.3937, -3.1496 -2.5591 0.0, -3.1496 -2.5591 0.3937, -2.5984 -1.9685 0.0, -2.5984 -1.9685 0.3937, -2.6038 -1.9277 0.0, -2.6038 -1.9277 0.3937, -2.6195 -1.8898 0.0, -2.6195 -1.8898 0.3937, -2.6446 -1.8571 0.0, -2.6446 -1.8571 0.3937, -2.6772 -1.8321 0.0, -2.6772 -1.8321 0.3937, -2.7151 -1.8164 0.0, -2.7151 -1.8164 0.3937, -2.7559 -1.811 0.0, -2.7559 -1.811 0.3937, -2.7967 -1.8164 0.0, -2.7967 -1.8164 0.3937, -2.8346 -1.8321 0.0, -2.8346 -1.8321 0.3937, -2.8673 -1.8571 0.0, -2.8673 -1.8571 0.3937, -2.8923 -1.8898 0.0, -2.8923 -1.8898 0.3937, -2.908 -1.9277 0.0, -2.908 -1.9277 0.3937, -2.9134 -1.9685 0.0, -2.9134 -1.9685 0.3937, -2.908 -2.0093 0.0, -2.908 -2.0093 0.3937, -2.8923 -2.0472 0.0, -2.8923 -2.0472 0.3937, -2.8673 -2.0799 0.0, -2.8673 -2.0799 0.3937, -2.8346 -2.1049 0.0, -2.8346 -2.1049 0.3937, -2.7967 -2.1206 0.0, -2.7967 -2.1206 0.3937, -2.7559 -2.126 0.0, -2.7559 -2.126 0.3937, -2.7151 -2.1206 0.0, -2.7151 -2.1206 0.3937, -2.6772 -2.1049 0.0, -2.6772 -2.1049 0.3937, -2.6446 -2.0799 0.0, -2.6446 -2.0799 0.3937, -2.6195 -2.0472 0.0, -2.6195 -2.0472 0.3937, -2.6038 -2.0093 0.0, -2.6038 -2.0093 0.3937, -3.1496 -2.1654 0.0, -3.1496 -2.1654 0.3937, -3.0987 -2.1586 0.0, -3.0987 -2.1586 0.3937, -3.0512 -2.139 0.0, -3.0512 -2.139 0.3937, -3.0104 -2.1077 0.0, -3.0104 -2.1077 0.3937, -2.9791 -2.0669 0.0, -2.9791 -2.0669 0.3937, -2.9595 -2.0195 0.0, -2.9595 -2.0195 0.3937, -2.9528 -1.9685 0.0, -2.9528 -1.9685 0.3937, -2.9595 -1.9176 0.0, -2.9595 -1.9176 0.3937, -2.9791 -1.8701 0.0, -2.9791 -1.8701 0.3937, -3.0104 -1.8293 0.0, -3.0104 -1.8293 0.3937, -3.0512 -1.798 0.0, -3.0512 -1.798 0.3937, -3.0987 -1.7784 0.0, -3.0987 -1.7784 0.3937, -3.1496 -1.7717 0.0, -3.1496 -1.7717 0.3937, -2.5984 -1.1811 0.0, -2.5984 -1.1811 0.3937, -2.6038 -1.1403 0.0, -2.6038 -1.1403 0.3937, -2.6195 -1.1024 0.0, -2.6195 -1.1024 0.3937, -2.6446 -1.0697 0.0, -2.6446 -1.0697 0.3937, -2.6772 -1.0447 0.0, -2.6772 -1.0447 0.3937, -2.7151 -1.029 0.0, -2.7151 -1.029 0.3937, -2.7559 -1.0236 0.0, -2.7559 -1.0236 0.3937, -2.7967 -1.029 0.0, -2.7967 -1.029 0.3937, -2.8346 -1.0447 0.0, -2.8346 -1.0447 0.3937, -2.8673 -1.0697 0.0, -2.8673 -1.0697 0.3937, -2.8923 -1.1024 0.0, -2.8923 -1.1024 0.3937, -2.908 -1.1403 0.0, -2.908 -1.1403 0.3937, -2.9134 -1.1811 0.0, -2.9134 -1.1811 0.3937, -2.908 -1.2219 0.0, -2.908 -1.2219 0.3937, -2.8923 -1.2598 0.0, -2.8923 -1.2598 0.3937, -2.8673 -1.2925 0.0, -2.8673 -1.2925 0.3937, -2.8346 -1.3175 0.0, -2.8346 -1.3175 0.3937, -2.7967 -1.3332 0.0, -2.7967 -1.3332 0.3937, -2.7559 -1.3386 0.0, -2.7559 -1.3386 0.3937, -2.7151 -1.3332 0.0, -2.7151 -1.3332 0.3937, -2.6772 -1.3175 0.0, -2.6772 -1.3175 0.3937, -2.6446 -1.2925 0.0, -2.6446 -1.2925 0.3937, -2.6195 -1.2598 0.0, -2.6195 -1.2598 0.3937, -2.6038 -1.2219 0.0, -2.6038 -1.2219 0.3937, -2.5984 -2.7559 0.0, -2.5984 -2.7559 0.3937, -2.6038 -2.7151 0.0, -2.6038 -2.7151 0.3937, -2.6195 -2.6772 0.0, -2.6195 -2.6772 0.3937, -2.6446 -2.6446 0.0, -2.6446 -2.6446 0.3937, -2.6772 -2.6195 0.0, -2.6772 -2.6195 0.3937, -2.7151 -2.6038 0.0, -2.7151 -2.6038 0.3937, -2.7559 -2.5984 0.0, -2.7559 -2.5984 0.3937, -2.7967 -2.6038 0.0, -2.7967 -2.6038 0.3937, -2.8346 -2.6195 0.0, -2.8346 -2.6195 0.3937, -2.8673 -2.6446 0.0, -2.8673 -2.6446 0.3937, -2.8923 -2.6772 0.0, -2.8923 -2.6772 0.3937, -2.908 -2.7151 0.0, -2.908 -2.7151 0.3937, -2.9134 -2.7559 0.0, -2.9134 -2.7559 0.3937, -2.908 -2.7967 0.0, -2.908 -2.7967 0.3937, -2.8923 -2.8346 0.0, -2.8923 -2.8346 0.3937, -2.8673 -2.8673 0.0, -2.8673 -2.8673 0.3937, -2.8346 -2.8923 0.0, -2.8346 -2.8923 0.3937, -2.7967 -2.908 0.0, -2.7967 -2.908 0.3937, -2.7559 -2.9134 0.0, -2.7559 -2.9134 0.3937, -2.7151 -2.908 0.0, -2.7151 -2.908 0.3937, -2.6772 -2.8923 0.0, -2.6772 -2.8923 0.3937, -2.6446 -2.8673 0.0, -2.6446 -2.8673 0.3937, -2.6195 -2.8346 0.0, -2.6195 -2.8346 0.3937, -2.6038 -2.7967 0.0, -2.6038 -2.7967 0.3937, -3.1496 0.1969 0.0, -3.1496 0.1969 0.3937, -3.0987 0.2036 0.0, -3.0987 0.2036 0.3937, -3.0512 0.2232 0.0, -3.0512 0.2232 0.3937, -3.0104 0.2545 0.0, -3.0104 0.2545 0.3937, -2.9791 0.2953 0.0, -2.9791 0.2953 0.3937, -2.9595 0.3428 0.0, -2.9595 0.3428 0.3937, -2.9528 0.3937 0.0, -2.9528 0.3937 0.3937, -2.9595 0.4446 0.0, -2.9595 0.4446 0.3937, -2.9791 0.4921 0.0, -2.9791 0.4921 0.3937, -3.0104 0.5329 0.0, -3.0104 0.5329 0.3937, -3.0512 0.5642 0.0, -3.0512 0.5642 0.3937, -3.0987 0.5838 0.0, -3.0987 0.5838 0.3937, -3.1496 0.5906 0.0, -3.1496 0.5906 0.3937, -2.5984 1.1811 0.3937, -2.6038 1.2219 0.3937, -2.6195 1.2598 0.3937, -2.6446 1.2925 0.3937, -2.6772 1.3175 0.3937, -2.7151 1.3332 0.3937, -2.7559 1.3386 0.3937, -2.7967 1.3332 0.3937, -2.8346 1.3175 0.3937, -2.8673 1.2925 0.3937, -2.8923 1.2598 0.3937, -2.908 1.2219 0.3937, -2.9134 1.1811 0.3937, -2.908 1.1403 0.3937, -2.8923 1.1024 0.3937, -2.8673 1.0697 0.3937, -2.8346 1.0447 0.3937, -2.7967 1.029 0.3937, -2.7559 1.0236 0.3937, -2.7151 1.029 0.3937, -2.6772 1.0447 0.3937, -2.6446 1.0697 0.3937, -2.6195 1.1024 0.3937, -2.6038 1.1403 0.3937, -3.1496 0.9843 0.3937, -3.0987 0.991 0.3937, -3.0512 1.0106 0.3937, -3.0104 1.0419 0.3937, -2.9791 1.0827 0.3937, -2.9595 1.1302 0.3937, -2.9528 1.1811 0.3937, -2.9595 1.2321 0.3937, -2.9791 1.2795 0.3937, -3.0104 1.3203 0.3937, -3.0512 1.3516 0.3937, -3.0987 1.3712 0.3937, -3.1496 1.378 0.3937, -2.5984 1.9685 0.0, -2.5984 1.9685 0.3937, -2.6038 2.0093 0.0, -2.6038 2.0093 0.3937, -2.6195 2.0472 0.0, -2.6195 2.0472 0.3937, -2.6446 2.0799 0.0, -2.6446 2.0799 0.3937, -2.6772 2.1049 0.0, -2.6772 2.1049 0.3937, -2.7151 2.1206 0.0, -2.7151 2.1206 0.3937, -2.7559 2.126 0.0, -2.7559 2.126 0.3937, -2.7967 2.1206 0.0, -2.7967 2.1206 0.3937, -2.8346 2.1049 0.0, -2.8346 2.1049 0.3937, -2.8673 2.0799 0.0, -2.8673 2.0799 0.3937, -2.8923 2.0472 0.0, -2.8923 2.0472 0.3937, -2.908 2.0093 0.0, -2.908 2.0093 0.3937, -2.9134 1.9685 0.0, -2.9134 1.9685 0.3937, -2.908 1.9277 0.0, -2.908 1.9277 0.3937, -2.8923 1.8898 0.0, -2.8923 1.8898 0.3937, -2.8673 1.8571 0.0, -2.8673 1.8571 0.3937, -2.8346 1.8321 0.0, -2.8346 1.8321 0.3937, -2.7967 1.8164 0.0, -2.7967 1.8164 0.3937, -2.7559 1.811 0.0, -2.7559 1.811 0.3937, -2.7151 1.8164 0.0, -2.7151 1.8164 0.3937, -2.6772 1.8321 0.0, -2.6772 1.8321 0.3937, -2.6446 1.8571 0.0, -2.6446 1.8571 0.3937, -2.6195 1.8898 0.0, -2.6195 1.8898 0.3937, -2.6038 1.9277 0.0, -2.6038 1.9277 0.3937, -3.1496 -1.378 0.0, -3.1496 -1.378 0.3937, -3.0987 -1.3712 0.0, -3.0987 -1.3712 0.3937, -3.0512 -1.3516 0.0, -3.0512 -1.3516 0.3937, -3.0104 -1.3203 0.0, -3.0104 -1.3203 0.3937, -2.9791 -1.2795 0.0, -2.9791 -1.2795 0.3937, -2.9595 -1.2321 0.0, -2.9595 -1.2321 0.3937, -2.9528 -1.1811 0.0, -2.9528 -1.1811 0.3937, -2.9595 -1.1302 0.0, -2.9595 -1.1302 0.3937, -2.9791 -1.0827 0.0, -2.9791 -1.0827 0.3937, -3.0104 -1.0419 0.0, -3.0104 -1.0419 0.3937, -3.0512 -1.0106 0.0, -3.0512 -1.0106 0.3937, -3.0987 -0.991 0.0, -3.0987 -0.991 0.3937, -3.1496 -0.9843 0.0, -3.1496 -0.9843 0.3937, -2.5984 -0.3937 0.0, -2.5984 -0.3937 0.3937, -2.6038 -0.3529 0.0, -2.6038 -0.3529 0.3937, -2.6195 -0.315 0.0, -2.6195 -0.315 0.3937, -2.6446 -0.2823 0.0, -2.6446 -0.2823 0.3937, -2.6772 -0.2573 0.0, -2.6772 -0.2573 0.3937, -2.7151 -0.2416 0.0, -2.7151 -0.2416 0.3937, -2.7559 -0.2362 0.0, -2.7559 -0.2362 0.3937, -2.7967 -0.2416 0.0, -2.7967 -0.2416 0.3937, -2.8346 -0.2573 0.0, -2.8346 -0.2573 0.3937, -2.8673 -0.2823 0.0, -2.8673 -0.2823 0.3937, -2.8923 -0.315 0.0, -2.8923 -0.315 0.3937, -2.908 -0.3529 0.0, -2.908 -0.3529 0.3937, -2.9134 -0.3937 0.0, -2.9134 -0.3937 0.3937, -2.908 -0.4345 0.0, -2.908 -0.4345 0.3937, -2.8923 -0.4724 0.0, -2.8923 -0.4724 0.3937, -2.8673 -0.5051 0.0, -2.8673 -0.5051 0.3937, -2.8346 -0.5301 0.0, -2.8346 -0.5301 0.3937, -2.7967 -0.5458 0.0, -2.7967 -0.5458 0.3937, -2.7559 -0.5512 0.0, -2.7559 -0.5512 0.3937, -2.7151 -0.5458 0.0, -2.7151 -0.5458 0.3937, -2.6772 -0.5301 0.0, -2.6772 -0.5301 0.3937, -2.6446 -0.5051 0.0, -2.6446 -0.5051 0.3937, -2.6195 -0.4724 0.0, -2.6195 -0.4724 0.3937, -2.6038 -0.4345 0.0, -2.6038 -0.4345 0.3937, -3.1496 -0.5906 0.0, -3.1496 -0.5906 0.3937, -3.0987 -0.5838 0.0, -3.0987 -0.5838 0.3937, -3.0512 -0.5642 0.0, -3.0512 -0.5642 0.3937, -3.0104 -0.5329 0.0, -3.0104 -0.5329 0.3937, -2.9791 -0.4921 0.0, -2.9791 -0.4921 0.3937, -2.9595 -0.4446 0.0, -2.9595 -0.4446 0.3937, -2.9528 -0.3937 0.0, -2.9528 -0.3937 0.3937, -2.9595 -0.3428 0.0, -2.9595 -0.3428 0.3937, -2.9791 -0.2953 0.0, -2.9791 -0.2953 0.3937, -3.0104 -0.2545 0.0, -3.0104 -0.2545 0.3937, -3.0512 -0.2232 0.0, -3.0512 -0.2232 0.3937, -3.0987 -0.2036 0.0, -3.0987 -0.2036 0.3937, -3.1496 -0.1969 0.0, -3.1496 -0.1969 0.3937, -2.5984 0.3937 0.0, -2.5984 0.3937 0.3937, -2.6038 0.4345 0.0, -2.6038 0.4345 0.3937, -2.6195 0.4724 0.0, -2.6195 0.4724 0.3937, -2.6446 0.5051 0.0, -2.6446 0.5051 0.3937, -2.6772 0.5301 0.0, -2.6772 0.5301 0.3937, -2.7151 0.5458 0.0, -2.7151 0.5458 0.3937, -2.7559 0.5512 0.0, -2.7559 0.5512 0.3937, -2.7967 0.5458 0.0, -2.7967 0.5458 0.3937, -2.8346 0.5301 0.0, -2.8346 0.5301 0.3937, -2.8673 0.5051 0.0, -2.8673 0.5051 0.3937, -2.8923 0.4724 0.0, -2.8923 0.4724 0.3937, -2.908 0.4345 0.0, -2.908 0.4345 0.3937, -2.9134 0.3937 0.0, -2.9134 0.3937 0.3937, -2.908 0.3529 0.0, -2.908 0.3529 0.3937, -2.8923 0.315 0.0, -2.8923 0.315 0.3937, -2.8673 0.2823 0.0, -2.8673 0.2823 0.3937, -2.8346 0.2573 0.0, -2.8346 0.2573 0.3937, -2.7967 0.2416 0.0, -2.7967 0.2416 0.3937, -2.7559 0.2362 0.0, -2.7559 0.2362 0.3937, -2.7151 0.2416 0.0, -2.7151 0.2416 0.3937, -2.6772 0.2573 0.0, -2.6772 0.2573 0.3937, -2.6446 0.2823 0.0, -2.6446 0.2823 0.3937, -2.6195 0.315 0.0, -2.6195 0.315 0.3937, -2.6038 0.3529 0.0, -2.6038 0.3529 0.3937, 2.9134 2.7559 0.0, 2.9134 2.7559 0.3937, 2.908 2.7967 0.0, 2.908 2.7967 0.3937, 2.8923 2.8346 0.0, 2.8923 2.8346 0.3937, 2.8673 2.8673 0.0, 2.8673 2.8673 0.3937, 2.8346 2.8923 0.0, 2.8346 2.8923 0.3937, 2.7967 2.908 0.0, 2.7967 2.908 0.3937, 2.7559 2.9134 0.0, 2.7559 2.9134 0.3937, 2.7151 2.908 0.0, 2.7151 2.908 0.3937, 2.6772 2.8923 0.0, 2.6772 2.8923 0.3937, 2.6446 2.8673 0.0, 2.6446 2.8673 0.3937, 2.6195 2.8346 0.0, 2.6195 2.8346 0.3937, 2.6038 2.7967 0.0, 2.6038 2.7967 0.3937, 2.5984 2.7559 0.0, 2.5984 2.7559 0.3937, 2.6038 2.7151 0.0, 2.6038 2.7151 0.3937, 2.6195 2.6772 0.0, 2.6195 2.6772 0.3937, 2.6446 2.6446 0.0, 2.6446 2.6446 0.3937, 2.6772 2.6195 0.0, 2.6772 2.6195 0.3937, 2.7151 2.6038 0.0, 2.7151 2.6038 0.3937, 2.7559 2.5984 0.0, 2.7559 2.5984 0.3937, 2.7967 2.6038 0.0, 2.7967 2.6038 0.3937, 2.8346 2.6195 0.0, 2.8346 2.6195 0.3937, 2.8673 2.6446 0.0, 2.8673 2.6446 0.3937, 2.8923 2.6772 0.0, 2.8923 2.6772 0.3937, 2.908 2.7151 0.0, 2.908 2.7151 0.3937, 3.1496 2.9528 0.0, 3.1496 2.9528 0.3937, 3.0987 2.946 0.0, 3.0987 2.946 0.3937, 3.0512 2.9264 0.0, 3.0512 2.9264 0.3937, 3.0104 2.8951 0.0, 3.0104 2.8951 0.3937, 2.9791 2.8543 0.0, 2.9791 2.8543 0.3937, 2.9595 2.8069 0.0, 2.9595 2.8069 0.3937, 2.9528 2.7559 0.0, 2.9528 2.7559 0.3937, 2.9595 2.705 0.0, 2.9595 2.705 0.3937, 2.9791 2.6575 0.0, 2.9791 2.6575 0.3937, 3.0104 2.6167 0.0, 3.0104 2.6167 0.3937, 3.0512 2.5854 0.0, 3.0512 2.5854 0.3937, 3.0987 2.5658 0.0, 3.0987 2.5658 0.3937, 3.1496 2.5591 0.0, 3.1496 2.5591 0.3937, 3.1496 2.1654 0.0, 3.1496 2.1654 0.3937, 3.0987 2.1586 0.0, 3.0987 2.1586 0.3937, 3.0512 2.139 0.0, 3.0512 2.139 0.3937, 3.0104 2.1077 0.0, 3.0104 2.1077 0.3937, 2.9791 2.0669 0.0, 2.9791 2.0669 0.3937, 2.9595 2.0195 0.0, 2.9595 2.0195 0.3937, 2.9528 1.9685 0.0, 2.9528 1.9685 0.3937, 2.9595 1.9176 0.0, 2.9595 1.9176 0.3937, 2.9791 1.8701 0.0, 2.9791 1.8701 0.3937, 3.0104 1.8293 0.0, 3.0104 1.8293 0.3937, 3.0512 1.798 0.0, 3.0512 1.798 0.3937, 3.0987 1.7784 0.0, 3.0987 1.7784 0.3937, 3.1496 1.7717 0.0, 3.1496 1.7717 0.3937, 3.1496 -2.5591 0.0, 3.1496 -2.5591 0.3937, 3.1025 -2.5648 0.0, 3.1025 -2.5648 0.3937, 3.0581 -2.5816 0.0, 3.0581 -2.5816 0.3937, 3.0191 -2.6086 0.0, 3.0191 -2.6086 0.3937, 2.9876 -2.6441 0.0, 2.9876 -2.6441 0.3937, 2.9655 -2.6861 0.0, 2.9655 -2.6861 0.3937, 2.9542 -2.7322 0.0, 2.9542 -2.7322 0.3937, 2.9542 -2.7796 0.0, 2.9542 -2.7796 0.3937, 2.9655 -2.8257 0.0, 2.9655 -2.8257 0.3937, 2.9876 -2.8677 0.0, 2.9876 -2.8677 0.3937, 3.0191 -2.9033 0.0, 3.0191 -2.9033 0.3937, 3.0581 -2.9302 0.0, 3.0581 -2.9302 0.3937, 3.1025 -2.947 0.0, 3.1025 -2.947 0.3937, 3.1496 -2.9528 0.0, 3.1496 -2.9528 0.3937, 2.9134 -1.9685 0.0, 2.9134 -1.9685 0.3937, 2.908 -1.9277 0.0, 2.908 -1.9277 0.3937, 2.8923 -1.8898 0.0, 2.8923 -1.8898 0.3937, 2.8673 -1.8571 0.0, 2.8673 -1.8571 0.3937, 2.8346 -1.8321 0.0, 2.8346 -1.8321 0.3937, 2.7967 -1.8164 0.0, 2.7967 -1.8164 0.3937, 2.7559 -1.811 0.0, 2.7559 -1.811 0.3937, 2.7151 -1.8164 0.0, 2.7151 -1.8164 0.3937, 2.6772 -1.8321 0.0, 2.6772 -1.8321 0.3937, 2.6446 -1.8571 0.0, 2.6446 -1.8571 0.3937, 2.6195 -1.8898 0.0, 2.6195 -1.8898 0.3937, 2.6038 -1.9277 0.0, 2.6038 -1.9277 0.3937, 2.5984 -1.9685 0.0, 2.5984 -1.9685 0.3937, 2.6038 -2.0093 0.0, 2.6038 -2.0093 0.3937, 2.6195 -2.0472 0.0, 2.6195 -2.0472 0.3937, 2.6446 -2.0799 0.0, 2.6446 -2.0799 0.3937, 2.6772 -2.1049 0.0, 2.6772 -2.1049 0.3937, 2.7151 -2.1206 0.0, 2.7151 -2.1206 0.3937, 2.7559 -2.126 0.0, 2.7559 -2.126 0.3937, 2.7967 -2.1206 0.0, 2.7967 -2.1206 0.3937, 2.8346 -2.1049 0.0, 2.8346 -2.1049 0.3937, 2.8673 -2.0799 0.0, 2.8673 -2.0799 0.3937, 2.8923 -2.0472 0.0, 2.8923 -2.0472 0.3937, 2.908 -2.0093 0.0, 2.908 -2.0093 0.3937, 3.1496 -1.7717 0.0, 3.1496 -1.7717 0.3937, 3.1025 -1.7774 0.0, 3.1025 -1.7774 0.3937, 3.0581 -1.7942 0.0, 3.0581 -1.7942 0.3937, 3.0191 -1.8212 0.0, 3.0191 -1.8212 0.3937, 2.9876 -1.8567 0.0, 2.9876 -1.8567 0.3937, 2.9655 -1.8987 0.0, 2.9655 -1.8987 0.3937, 2.9542 -1.9448 0.0, 2.9542 -1.9448 0.3937, 2.9542 -1.9922 0.0, 2.9542 -1.9922 0.3937, 2.9655 -2.0383 0.0, 2.9655 -2.0383 0.3937, 2.9876 -2.0803 0.0, 2.9876 -2.0803 0.3937, 3.0191 -2.1158 0.0, 3.0191 -2.1158 0.3937, 3.0581 -2.1428 0.0, 3.0581 -2.1428 0.3937, 3.1025 -2.1596 0.0, 3.1025 -2.1596 0.3937, 3.1496 -2.1654 0.0, 3.1496 -2.1654 0.3937, 2.9134 -1.1811 0.0, 2.9134 -1.1811 0.3937, 2.908 -1.1403 0.0, 2.908 -1.1403 0.3937, 2.8923 -1.1024 0.0, 2.8923 -1.1024 0.3937, 2.8673 -1.0697 0.0, 2.8673 -1.0697 0.3937, 2.8346 -1.0447 0.0, 2.8346 -1.0447 0.3937, 2.7967 -1.029 0.0, 2.7967 -1.029 0.3937, 2.7559 -1.0236 0.0, 2.7559 -1.0236 0.3937, 2.7151 -1.029 0.0, 2.7151 -1.029 0.3937, 2.6772 -1.0447 0.0, 2.6772 -1.0447 0.3937, 2.6446 -1.0697 0.0, 2.6446 -1.0697 0.3937, 2.6195 -1.1024 0.0, 2.6195 -1.1024 0.3937, 2.6038 -1.1403 0.0, 2.6038 -1.1403 0.3937, 2.5984 -1.1811 0.0, 2.5984 -1.1811 0.3937, 2.6038 -1.2219 0.0, 2.6038 -1.2219 0.3937, 2.6195 -1.2598 0.0, 2.6195 -1.2598 0.3937, 2.6446 -1.2925 0.0, 2.6446 -1.2925 0.3937, 2.6772 -1.3175 0.0, 2.6772 -1.3175 0.3937, 2.7151 -1.3332 0.0, 2.7151 -1.3332 0.3937, 2.7559 -1.3386 0.0, 2.7559 -1.3386 0.3937, 2.7967 -1.3332 0.0, 2.7967 -1.3332 0.3937, 2.8346 -1.3175 0.0, 2.8346 -1.3175 0.3937, 2.8673 -1.2925 0.0, 2.8673 -1.2925 0.3937, 2.8923 -1.2598 0.0, 2.8923 -1.2598 0.3937, 2.908 -1.2219 0.0, 2.908 -1.2219 0.3937, 2.9134 -2.7559 0.0, 2.9134 -2.7559 0.3937, 2.908 -2.7151 0.0, 2.908 -2.7151 0.3937, 2.8923 -2.6772 0.0, 2.8923 -2.6772 0.3937, 2.8673 -2.6446 0.0, 2.8673 -2.6446 0.3937, 2.8346 -2.6195 0.0, 2.8346 -2.6195 0.3937, 2.7967 -2.6038 0.0, 2.7967 -2.6038 0.3937, 2.7559 -2.5984 0.0, 2.7559 -2.5984 0.3937, 2.7151 -2.6038 0.0, 2.7151 -2.6038 0.3937, 2.6772 -2.6195 0.0, 2.6772 -2.6195 0.3937, 2.6446 -2.6446 0.0, 2.6446 -2.6446 0.3937, 2.6195 -2.6772 0.0, 2.6195 -2.6772 0.3937, 2.6038 -2.7151 0.0, 2.6038 -2.7151 0.3937, 2.5984 -2.7559 0.0, 2.5984 -2.7559 0.3937, 2.6038 -2.7967 0.0, 2.6038 -2.7967 0.3937, 2.6195 -2.8346 0.0, 2.6195 -2.8346 0.3937, 2.6446 -2.8673 0.0, 2.6446 -2.8673 0.3937, 2.6772 -2.8923 0.0, 2.6772 -2.8923 0.3937, 2.7151 -2.908 0.0, 2.7151 -2.908 0.3937, 2.7559 -2.9134 0.0, 2.7559 -2.9134 0.3937, 2.7967 -2.908 0.0, 2.7967 -2.908 0.3937, 2.8346 -2.8923 0.0, 2.8346 -2.8923 0.3937, 2.8673 -2.8673 0.0, 2.8673 -2.8673 0.3937, 2.8923 -2.8346 0.0, 2.8923 -2.8346 0.3937, 2.908 -2.7967 0.0, 2.908 -2.7967 0.3937, 3.1496 0.5906 0.0, 3.1496 0.5906 0.3937, 3.0987 0.5838 0.0, 3.0987 0.5838 0.3937, 3.0512 0.5642 0.0, 3.0512 0.5642 0.3937, 3.0104 0.5329 0.0, 3.0104 0.5329 0.3937, 2.9791 0.4921 0.0, 2.9791 0.4921 0.3937, 2.9595 0.4446 0.0, 2.9595 0.4446 0.3937, 2.9528 0.3937 0.0, 2.9528 0.3937 0.3937, 2.9595 0.3428 0.0, 2.9595 0.3428 0.3937, 2.9791 0.2953 0.0, 2.9791 0.2953 0.3937, 3.0104 0.2545 0.0, 3.0104 0.2545 0.3937, 3.0512 0.2232 0.0, 3.0512 0.2232 0.3937, 3.0987 0.2036 0.0, 3.0987 0.2036 0.3937, 3.1496 0.1969 0.0, 3.1496 0.1969 0.3937, 2.9134 1.1811 0.0, 2.9134 1.1811 0.3937, 2.908 1.2219 0.0, 2.908 1.2219 0.3937, 2.8923 1.2598 0.0, 2.8923 1.2598 0.3937, 2.8673 1.2925 0.0, 2.8673 1.2925 0.3937, 2.8346 1.3175 0.0, 2.8346 1.3175 0.3937, 2.7967 1.3332 0.0, 2.7967 1.3332 0.3937, 2.7559 1.3386 0.0, 2.7559 1.3386 0.3937, 2.7151 1.3332 0.0, 2.7151 1.3332 0.3937, 2.6772 1.3175 0.0, 2.6772 1.3175 0.3937, 2.6446 1.2925 0.0, 2.6446 1.2925 0.3937, 2.6195 1.2598 0.0, 2.6195 1.2598 0.3937, 2.6038 1.2219 0.0, 2.6038 1.2219 0.3937, 2.5984 1.1811 0.0, 2.5984 1.1811 0.3937, 2.6038 1.1403 0.0, 2.6038 1.1403 0.3937, 2.6195 1.1024 0.0, 2.6195 1.1024 0.3937, 2.6446 1.0697 0.0, 2.6446 1.0697 0.3937, 2.6772 1.0447 0.0, 2.6772 1.0447 0.3937, 2.7151 1.029 0.0, 2.7151 1.029 0.3937, 2.7559 1.0236 0.0, 2.7559 1.0236 0.3937, 2.7967 1.029 0.0, 2.7967 1.029 0.3937, 2.8346 1.0447 0.0, 2.8346 1.0447 0.3937, 2.8673 1.0697 0.0, 2.8673 1.0697 0.3937, 2.8923 1.1024 0.0, 2.8923 1.1024 0.3937, 2.908 1.1403 0.0, 2.908 1.1403 0.3937, 3.1496 1.378 0.0, 3.1496 1.378 0.3937, 3.0987 1.3712 0.0, 3.0987 1.3712 0.3937, 3.0512 1.3516 0.0, 3.0512 1.3516 0.3937, 3.0104 1.3203 0.0, 3.0104 1.3203 0.3937, 2.9791 1.2795 0.0, 2.9791 1.2795 0.3937, 2.9595 1.2321 0.0, 2.9595 1.2321 0.3937, 2.9528 1.1811 0.0, 2.9528 1.1811 0.3937, 2.9595 1.1302 0.0, 2.9595 1.1302 0.3937, 2.9791 1.0827 0.0, 2.9791 1.0827 0.3937, 3.0104 1.0419 0.0, 3.0104 1.0419 0.3937, 3.0512 1.0106 0.0, 3.0512 1.0106 0.3937, 3.0987 0.991 0.0, 3.0987 0.991 0.3937, 3.1496 0.9843 0.0, 3.1496 0.9843 0.3937, 2.9134 1.9685 0.0, 2.9134 1.9685 0.3937, 2.908 2.0093 0.0, 2.908 2.0093 0.3937, 2.8923 2.0472 0.0, 2.8923 2.0472 0.3937, 2.8673 2.0799 0.0, 2.8673 2.0799 0.3937, 2.8346 2.1049 0.0, 2.8346 2.1049 0.3937, 2.7967 2.1206 0.0, 2.7967 2.1206 0.3937, 2.7559 2.126 0.0, 2.7559 2.126 0.3937, 2.7151 2.1206 0.0, 2.7151 2.1206 0.3937, 2.6772 2.1049 0.0, 2.6772 2.1049 0.3937, 2.6446 2.0799 0.0, 2.6446 2.0799 0.3937, 2.6195 2.0472 0.0, 2.6195 2.0472 0.3937, 2.6038 2.0093 0.0, 2.6038 2.0093 0.3937, 2.5984 1.9685 0.0, 2.5984 1.9685 0.3937, 2.6038 1.9277 0.0, 2.6038 1.9277 0.3937, 2.6195 1.8898 0.0, 2.6195 1.8898 0.3937, 2.6446 1.8571 0.0, 2.6446 1.8571 0.3937, 2.6772 1.8321 0.0, 2.6772 1.8321 0.3937, 2.7151 1.8164 0.0, 2.7151 1.8164 0.3937, 2.7559 1.811 0.0, 2.7559 1.811 0.3937, 2.7967 1.8164 0.0, 2.7967 1.8164 0.3937, 2.8346 1.8321 0.0, 2.8346 1.8321 0.3937, 2.8673 1.8571 0.0, 2.8673 1.8571 0.3937, 2.8923 1.8898 0.0, 2.8923 1.8898 0.3937, 2.908 1.9277 0.0, 2.908 1.9277 0.3937, 3.1496 -0.9843 0.0, 3.1496 -0.9843 0.3937, 3.0987 -0.991 0.0, 3.0987 -0.991 0.3937, 3.0512 -1.0106 0.0, 3.0512 -1.0106 0.3937, 3.0104 -1.0419 0.0, 3.0104 -1.0419 0.3937, 2.9791 -1.0827 0.0, 2.9791 -1.0827 0.3937, 2.9595 -1.1302 0.0, 2.9595 -1.1302 0.3937, 2.9528 -1.1811 0.0, 2.9528 -1.1811 0.3937, 2.9595 -1.2321 0.0, 2.9595 -1.2321 0.3937, 2.9791 -1.2795 0.0, 2.9791 -1.2795 0.3937, 3.0104 -1.3203 0.0, 3.0104 -1.3203 0.3937, 3.0512 -1.3516 0.0, 3.0512 -1.3516 0.3937, 3.0987 -1.3712 0.0, 3.0987 -1.3712 0.3937, 3.1496 -1.378 0.0, 3.1496 -1.378 0.3937, 2.9134 -0.3937 0.0, 2.9134 -0.3937 0.3937, 2.908 -0.3529 0.0, 2.908 -0.3529 0.3937, 2.8923 -0.315 0.0, 2.8923 -0.315 0.3937, 2.8673 -0.2823 0.0, 2.8673 -0.2823 0.3937, 2.8346 -0.2573 0.0, 2.8346 -0.2573 0.3937, 2.7967 -0.2416 0.0, 2.7967 -0.2416 0.3937, 2.7559 -0.2362 0.0, 2.7559 -0.2362 0.3937, 2.7151 -0.2416 0.0, 2.7151 -0.2416 0.3937, 2.6772 -0.2573 0.0, 2.6772 -0.2573 0.3937, 2.6446 -0.2823 0.0, 2.6446 -0.2823 0.3937, 2.6195 -0.315 0.0, 2.6195 -0.315 0.3937, 2.6038 -0.3529 0.0, 2.6038 -0.3529 0.3937, 2.5984 -0.3937 0.0, 2.5984 -0.3937 0.3937, 2.6038 -0.4345 0.0, 2.6038 -0.4345 0.3937, 2.6195 -0.4724 0.0, 2.6195 -0.4724 0.3937, 2.6446 -0.5051 0.0, 2.6446 -0.5051 0.3937, 2.6772 -0.5301 0.0, 2.6772 -0.5301 0.3937, 2.7151 -0.5458 0.0, 2.7151 -0.5458 0.3937, 2.7559 -0.5512 0.0, 2.7559 -0.5512 0.3937, 2.7967 -0.5458 0.0, 2.7967 -0.5458 0.3937, 2.8346 -0.5301 0.0, 2.8346 -0.5301 0.3937, 2.8673 -0.5051 0.0, 2.8673 -0.5051 0.3937, 2.8923 -0.4724 0.0, 2.8923 -0.4724 0.3937, 2.908 -0.4345 0.0, 2.908 -0.4345 0.3937, 3.1496 -0.1969 0.0, 3.1496 -0.1969 0.3937, 3.0987 -0.2036 0.0, 3.0987 -0.2036 0.3937, 3.0512 -0.2232 0.0, 3.0512 -0.2232 0.3937, 3.0104 -0.2545 0.0, 3.0104 -0.2545 0.3937, 2.9791 -0.2953 0.0, 2.9791 -0.2953 0.3937, 2.9595 -0.3428 0.0, 2.9595 -0.3428 0.3937, 2.9528 -0.3937 0.0, 2.9528 -0.3937 0.3937, 2.9595 -0.4446 0.0, 2.9595 -0.4446 0.3937, 2.9791 -0.4921 0.0, 2.9791 -0.4921 0.3937, 3.0104 -0.5329 0.0, 3.0104 -0.5329 0.3937, 3.0512 -0.5642 0.0, 3.0512 -0.5642 0.3937, 3.0987 -0.5838 0.0, 3.0987 -0.5838 0.3937, 3.1496 -0.5906 0.0, 3.1496 -0.5906 0.3937, 2.9134 0.3937 0.0, 2.9134 0.3937 0.3937, 2.908 0.4345 0.0, 2.908 0.4345 0.3937, 2.8923 0.4724 0.0, 2.8923 0.4724 0.3937, 2.8673 0.5051 0.0, 2.8673 0.5051 0.3937, 2.8346 0.5301 0.0, 2.8346 0.5301 0.3937, 2.7967 0.5458 0.0, 2.7967 0.5458 0.3937, 2.7559 0.5512 0.0, 2.7559 0.5512 0.3937, 2.7151 0.5458 0.0, 2.7151 0.5458 0.3937, 2.6772 0.5301 0.0, 2.6772 0.5301 0.3937, 2.6446 0.5051 0.0, 2.6446 0.5051 0.3937, 2.6195 0.4724 0.0, 2.6195 0.4724 0.3937, 2.6038 0.4345 0.0, 2.6038 0.4345 0.3937, 2.5984 0.3937 0.0, 2.5984 0.3937 0.3937, 2.6038 0.3529 0.0, 2.6038 0.3529 0.3937, 2.6195 0.315 0.0, 2.6195 0.315 0.3937, 2.6446 0.2823 0.0, 2.6446 0.2823 0.3937, 2.6772 0.2573 0.0, 2.6772 0.2573 0.3937, 2.7151 0.2416 0.0, 2.7151 0.2416 0.3937, 2.7559 0.2362 0.0, 2.7559 0.2362 0.3937, 2.7967 0.2416 0.0, 2.7967 0.2416 0.3937, 2.8346 0.2573 0.0, 2.8346 0.2573 0.3937, 2.8673 0.2823 0.0, 2.8673 0.2823 0.3937, 2.8923 0.315 0.0, 2.8923 0.315 0.3937, 2.908 0.3529 0.0, 2.908 0.3529 0.3937
            ]
        }
        coordIndex [
            0,1,2,-1,2,1,3,-1,2,3,4,-1,5,6,7,-1,7,6,8,-1,9,10,2,-1,2,10,11,-1,2,11,0,-1,10,12,11,-1,11,12,13,-1,11,13,14,-1,14,13,15,-1,14,15,16,-1,16,15,17,-1,16,17,18,-1,18,17,19,-1,18,19,20,-1,20,19,21,-1,20,21,22,-1,22,23,20,-1,20,23,7,-1,20,7,24,-1,24,7,8,-1,23,25,7,-1,7,25,26,-1,7,26,27,-1,27,26,28,-1,27,28,29,-1,29,28,30,-1,29,30,31,-1,31,30,32,-1,31,32,33,-1,33,32,34,-1,33,34,35,-1,35,34,36,-1,35,36,37,-1,37,36,38,-1,37,38,39,-1,39,38,40,-1,39,40,41,-1,41,40,42,-1,41,42,43,-1,43,42,44,-1,43,44,45,-1,45,44,46,-1,45,46,47,-1,47,46,48,-1,47,48,2,-1,2,48,49,-1,2,49,9,-1,50,51,52,-1,53,54,55,-1,55,54,56,-1,53,55,57,-1,57,55,58,-1,57,58,59,-1,60,61,52,-1,52,61,62,-1,52,62,50,-1,63,64,59,-1,60,65,66,-1,66,65,67,-1,66,67,68,-1,68,67,69,-1,68,69,56,-1,56,69,70,-1,56,70,55,-1,58,71,59,-1,59,71,72,-1,59,72,63,-1,63,72,73,-1,63,73,74,-1,74,73,75,-1,74,75,76,-1,76,75,77,-1,76,77,78,-1,78,77,79,-1,78,79,80,-1,80,79,81,-1,80,81,82,-1,82,81,83,-1,82,83,84,-1,84,83,85,-1,84,85,86,-1,86,85,87,-1,86,87,88,-1,88,87,89,-1,88,89,90,-1,90,89,91,-1,90,91,92,-1,92,91,93,-1,92,93,94,-1,94,93,95,-1,94,95,52,-1,52,95,96,-1,96,97,52,-1,52,97,98,-1,52,98,60,-1,60,98,99,-1,60,99,65,-1,100,38,101,-1,101,38,36,-1,101,36,102,-1,102,36,34,-1,102,34,103,-1,103,34,32,-1,103,32,104,-1,104,32,30,-1,104,30,105,-1,105,30,28,-1,105,28,106,-1,106,28,26,-1,106,26,107,-1,107,26,25,-1,107,25,108,-1,108,25,23,-1,108,23,109,-1,109,23,22,-1,109,22,110,-1,110,22,21,-1,110,21,111,-1,111,21,19,-1,111,19,112,-1,112,19,17,-1,112,17,113,-1,113,17,15,-1,113,15,114,-1,114,15,13,-1,114,13,115,-1,115,13,12,-1,115,12,116,-1,116,12,10,-1,116,10,117,-1,117,10,9,-1,117,9,118,-1,118,9,49,-1,118,49,119,-1,119,49,48,-1,119,48,120,-1,120,48,46,-1,120,46,121,-1,121,46,44,-1,121,44,122,-1,122,44,42,-1,122,42,123,-1,123,42,40,-1,123,40,100,-1,100,40,38,-1,124,4,125,-1,125,4,3,-1,125,3,126,-1,126,3,1,-1,126,1,127,-1,127,1,0,-1,127,0,128,-1,128,0,11,-1,128,11,129,-1,129,11,14,-1,129,14,130,-1,130,14,16,-1,130,16,131,-1,131,16,18,-1,131,18,132,-1,132,18,20,-1,132,20,133,-1,133,20,24,-1,133,24,134,-1,134,24,8,-1,134,8,135,-1,135,8,6,-1,135,6,136,-1,136,6,5,-1,137,138,139,-1,139,138,140,-1,139,140,141,-1,141,140,142,-1,141,142,143,-1,143,142,144,-1,143,144,145,-1,145,144,146,-1,145,146,147,-1,147,146,148,-1,147,148,149,-1,149,148,150,-1,149,150,151,-1,151,150,152,-1,151,152,153,-1,153,152,154,-1,153,154,155,-1,155,154,156,-1,155,156,157,-1,157,156,158,-1,157,158,159,-1,159,158,160,-1,159,160,161,-1,161,160,162,-1,163,164,165,-1,165,164,166,-1,165,166,167,-1,167,166,168,-1,167,168,169,-1,169,168,170,-1,169,170,171,-1,171,170,172,-1,171,172,173,-1,173,172,174,-1,173,174,175,-1,175,174,176,-1,175,176,177,-1,177,176,178,-1,177,178,179,-1,179,178,180,-1,179,180,181,-1,181,180,182,-1,181,182,183,-1,183,182,184,-1,183,184,185,-1,185,184,186,-1,185,186,187,-1,187,186,188,-1,189,190,191,-1,191,190,192,-1,191,192,193,-1,193,192,194,-1,193,194,195,-1,195,194,196,-1,195,196,197,-1,197,196,198,-1,197,198,199,-1,199,198,200,-1,199,200,201,-1,201,200,202,-1,201,202,203,-1,203,202,204,-1,203,204,205,-1,205,204,206,-1,205,206,207,-1,207,206,208,-1,207,208,209,-1,209,208,210,-1,209,210,211,-1,211,210,212,-1,211,212,213,-1,213,212,214,-1,213,214,215,-1,215,214,216,-1,215,216,217,-1,217,216,218,-1,217,218,219,-1,219,218,220,-1,219,220,221,-1,221,220,222,-1,221,222,223,-1,223,222,224,-1,223,224,225,-1,225,224,226,-1,225,226,227,-1,227,226,228,-1,227,228,229,-1,229,228,230,-1,229,230,231,-1,231,230,232,-1,231,232,233,-1,233,232,234,-1,233,234,235,-1,235,234,236,-1,235,236,189,-1,189,236,190,-1,237,238,239,-1,239,238,240,-1,239,240,241,-1,241,240,242,-1,241,242,243,-1,243,242,244,-1,243,244,245,-1,245,244,246,-1,245,246,247,-1,247,246,248,-1,247,248,249,-1,249,248,250,-1,249,250,251,-1,251,250,252,-1,251,252,253,-1,253,252,254,-1,253,254,255,-1,255,254,256,-1,255,256,257,-1,257,256,258,-1,257,258,259,-1,259,258,260,-1,259,260,261,-1,261,260,262,-1,263,264,265,-1,265,264,266,-1,265,266,267,-1,267,266,268,-1,267,268,269,-1,269,268,270,-1,269,270,271,-1,271,270,272,-1,271,272,273,-1,273,272,274,-1,273,274,275,-1,275,274,276,-1,275,276,277,-1,277,276,278,-1,277,278,279,-1,279,278,280,-1,279,280,281,-1,281,280,282,-1,281,282,283,-1,283,282,284,-1,283,284,285,-1,285,284,286,-1,285,286,287,-1,287,286,288,-1,287,288,289,-1,289,288,290,-1,289,290,291,-1,291,290,292,-1,291,292,293,-1,293,292,294,-1,293,294,295,-1,295,294,296,-1,295,296,297,-1,297,296,298,-1,297,298,299,-1,299,298,300,-1,299,300,301,-1,301,300,302,-1,301,302,303,-1,303,302,304,-1,303,304,305,-1,305,304,306,-1,305,306,307,-1,307,306,308,-1,307,308,309,-1,309,308,310,-1,309,310,263,-1,263,310,264,-1,311,312,313,-1,313,312,314,-1,313,314,315,-1,315,314,316,-1,315,316,317,-1,317,316,318,-1,317,318,319,-1,319,318,320,-1,319,320,321,-1,321,320,322,-1,321,322,323,-1,323,322,324,-1,323,324,325,-1,325,324,326,-1,325,326,327,-1,327,326,328,-1,327,328,329,-1,329,328,330,-1,329,330,331,-1,331,330,332,-1,331,332,333,-1,333,332,334,-1,333,334,335,-1,335,334,336,-1,335,336,337,-1,337,336,338,-1,337,338,339,-1,339,338,340,-1,339,340,341,-1,341,340,342,-1,341,342,343,-1,343,342,344,-1,343,344,345,-1,345,344,346,-1,345,346,347,-1,347,346,348,-1,347,348,349,-1,349,348,350,-1,349,350,351,-1,351,350,352,-1,351,352,353,-1,353,352,354,-1,353,354,355,-1,355,354,356,-1,355,356,357,-1,357,356,358,-1,357,358,311,-1,311,358,312,-1,359,360,361,-1,361,360,362,-1,361,362,363,-1,363,362,364,-1,363,364,365,-1,365,364,366,-1,365,366,367,-1,367,366,368,-1,367,368,369,-1,369,368,370,-1,369,370,371,-1,371,370,372,-1,371,372,373,-1,373,372,374,-1,373,374,375,-1,375,374,376,-1,375,376,377,-1,377,376,378,-1,377,378,379,-1,379,378,380,-1,379,380,381,-1,381,380,382,-1,381,382,383,-1,383,382,384,-1,85,385,87,-1,87,385,386,-1,87,386,89,-1,89,386,387,-1,89,387,91,-1,91,387,388,-1,91,388,93,-1,93,388,389,-1,93,389,95,-1,95,389,390,-1,95,390,96,-1,96,390,391,-1,96,391,97,-1,97,391,392,-1,97,392,98,-1,98,392,393,-1,98,393,99,-1,99,393,394,-1,99,394,65,-1,65,394,395,-1,65,395,67,-1,67,395,396,-1,67,396,69,-1,69,396,397,-1,69,397,70,-1,70,397,398,-1,70,398,55,-1,55,398,399,-1,55,399,58,-1,58,399,400,-1,58,400,71,-1,71,400,401,-1,71,401,72,-1,72,401,402,-1,72,402,73,-1,73,402,403,-1,73,403,75,-1,75,403,404,-1,75,404,77,-1,77,404,405,-1,77,405,79,-1,79,405,406,-1,79,406,81,-1,81,406,407,-1,81,407,83,-1,83,407,408,-1,83,408,85,-1,85,408,385,-1,64,409,59,-1,59,409,410,-1,59,410,57,-1,57,410,411,-1,57,411,53,-1,53,411,412,-1,53,412,54,-1,54,412,413,-1,54,413,56,-1,56,413,414,-1,56,414,68,-1,68,414,415,-1,68,415,66,-1,66,415,416,-1,66,416,60,-1,60,416,417,-1,60,417,61,-1,61,417,418,-1,61,418,62,-1,62,418,419,-1,62,419,50,-1,50,419,420,-1,50,420,51,-1,51,420,421,-1,422,423,424,-1,424,423,425,-1,424,425,426,-1,426,425,427,-1,426,427,428,-1,428,427,429,-1,428,429,430,-1,430,429,431,-1,430,431,432,-1,432,431,433,-1,432,433,434,-1,434,433,435,-1,434,435,436,-1,436,435,437,-1,436,437,438,-1,438,437,439,-1,438,439,440,-1,440,439,441,-1,440,441,442,-1,442,441,443,-1,442,443,444,-1,444,443,445,-1,444,445,446,-1,446,445,447,-1,446,447,448,-1,448,447,449,-1,448,449,450,-1,450,449,451,-1,450,451,452,-1,452,451,453,-1,452,453,454,-1,454,453,455,-1,454,455,456,-1,456,455,457,-1,456,457,458,-1,458,457,459,-1,458,459,460,-1,460,459,461,-1,460,461,462,-1,462,461,463,-1,462,463,464,-1,464,463,465,-1,464,465,466,-1,466,465,467,-1,466,467,468,-1,468,467,469,-1,468,469,422,-1,422,469,423,-1,470,471,472,-1,472,471,473,-1,472,473,474,-1,474,473,475,-1,474,475,476,-1,476,475,477,-1,476,477,478,-1,478,477,479,-1,478,479,480,-1,480,479,481,-1,480,481,482,-1,482,481,483,-1,482,483,484,-1,484,483,485,-1,484,485,486,-1,486,485,487,-1,486,487,488,-1,488,487,489,-1,488,489,490,-1,490,489,491,-1,490,491,492,-1,492,491,493,-1,492,493,494,-1,494,493,495,-1,496,497,498,-1,498,497,499,-1,498,499,500,-1,500,499,501,-1,500,501,502,-1,502,501,503,-1,502,503,504,-1,504,503,505,-1,504,505,506,-1,506,505,507,-1,506,507,508,-1,508,507,509,-1,508,509,510,-1,510,509,511,-1,510,511,512,-1,512,511,513,-1,512,513,514,-1,514,513,515,-1,514,515,516,-1,516,515,517,-1,516,517,518,-1,518,517,519,-1,518,519,520,-1,520,519,521,-1,520,521,522,-1,522,521,523,-1,522,523,524,-1,524,523,525,-1,524,525,526,-1,526,525,527,-1,526,527,528,-1,528,527,529,-1,528,529,530,-1,530,529,531,-1,530,531,532,-1,532,531,533,-1,532,533,534,-1,534,533,535,-1,534,535,536,-1,536,535,537,-1,536,537,538,-1,538,537,539,-1,538,539,540,-1,540,539,541,-1,540,541,542,-1,542,541,543,-1,542,543,496,-1,496,543,497,-1,544,545,546,-1,546,545,547,-1,546,547,548,-1,548,547,549,-1,548,549,550,-1,550,549,551,-1,550,551,552,-1,552,551,553,-1,552,553,554,-1,554,553,555,-1,554,555,556,-1,556,555,557,-1,556,557,558,-1,558,557,559,-1,558,559,560,-1,560,559,561,-1,560,561,562,-1,562,561,563,-1,562,563,564,-1,564,563,565,-1,564,565,566,-1,566,565,567,-1,566,567,568,-1,568,567,569,-1,570,571,572,-1,572,571,573,-1,572,573,574,-1,574,573,575,-1,574,575,576,-1,576,575,577,-1,576,577,578,-1,578,577,579,-1,578,579,580,-1,580,579,581,-1,580,581,582,-1,582,581,583,-1,582,583,584,-1,584,583,585,-1,584,585,586,-1,586,585,587,-1,586,587,588,-1,588,587,589,-1,588,589,590,-1,590,589,591,-1,590,591,592,-1,592,591,593,-1,592,593,594,-1,594,593,595,-1,594,595,596,-1,596,595,597,-1,596,597,598,-1,598,597,599,-1,598,599,600,-1,600,599,601,-1,600,601,602,-1,602,601,603,-1,602,603,604,-1,604,603,605,-1,604,605,606,-1,606,605,607,-1,606,607,608,-1,608,607,609,-1,608,609,610,-1,610,609,611,-1,610,611,612,-1,612,611,613,-1,612,613,614,-1,614,613,615,-1,614,615,616,-1,616,615,617,-1,616,617,570,-1,570,617,571,-1,618,619,620,-1,620,619,621,-1,620,621,622,-1,622,621,623,-1,622,623,624,-1,624,623,625,-1,624,625,626,-1,626,625,627,-1,626,627,628,-1,628,627,629,-1,628,629,630,-1,630,629,631,-1,630,631,632,-1,632,631,633,-1,632,633,634,-1,634,633,635,-1,634,635,636,-1,636,635,637,-1,636,637,638,-1,638,637,639,-1,638,639,640,-1,640,639,641,-1,640,641,642,-1,642,641,643,-1,642,643,644,-1,644,643,645,-1,644,645,646,-1,646,645,647,-1,646,647,648,-1,648,647,649,-1,648,649,650,-1,650,649,651,-1,650,651,652,-1,652,651,653,-1,652,653,654,-1,654,653,655,-1,654,655,656,-1,656,655,657,-1,656,657,658,-1,658,657,659,-1,658,659,660,-1,660,659,661,-1,660,661,662,-1,662,661,663,-1,662,663,664,-1,664,663,665,-1,664,665,618,-1,618,665,619,-1,666,667,668,-1,668,667,669,-1,668,669,670,-1,670,669,671,-1,670,671,672,-1,672,671,673,-1,672,673,674,-1,674,673,675,-1,674,675,676,-1,676,675,677,-1,676,677,678,-1,678,677,679,-1,678,679,680,-1,680,679,681,-1,680,681,682,-1,682,681,683,-1,682,683,684,-1,684,683,685,-1,684,685,686,-1,686,685,687,-1,686,687,688,-1,688,687,689,-1,688,689,690,-1,690,689,691,-1,692,693,694,-1,694,693,695,-1,694,695,696,-1,696,695,697,-1,696,697,698,-1,698,697,699,-1,698,699,700,-1,700,699,701,-1,700,701,702,-1,702,701,703,-1,702,703,704,-1,704,703,705,-1,704,705,706,-1,706,705,707,-1,706,707,708,-1,708,707,709,-1,708,709,710,-1,710,709,711,-1,710,711,712,-1,712,711,713,-1,712,713,714,-1,714,713,715,-1,714,715,716,-1,716,715,717,-1,718,719,720,-1,720,719,721,-1,720,721,722,-1,722,721,723,-1,722,723,724,-1,724,723,725,-1,724,725,726,-1,726,725,727,-1,726,727,728,-1,728,727,729,-1,728,729,730,-1,730,729,731,-1,730,731,732,-1,732,731,733,-1,732,733,734,-1,734,733,735,-1,734,735,736,-1,736,735,737,-1,736,737,738,-1,738,737,739,-1,738,739,740,-1,740,739,741,-1,740,741,742,-1,742,741,743,-1,742,743,744,-1,744,743,745,-1,746,747,748,-1,748,747,749,-1,748,749,750,-1,750,749,751,-1,750,751,752,-1,752,751,753,-1,752,753,754,-1,754,753,755,-1,754,755,756,-1,756,755,757,-1,756,757,758,-1,758,757,759,-1,758,759,760,-1,760,759,761,-1,760,761,762,-1,762,761,763,-1,762,763,764,-1,764,763,765,-1,764,765,766,-1,766,765,767,-1,766,767,768,-1,768,767,769,-1,768,769,770,-1,770,769,771,-1,770,771,772,-1,772,771,773,-1,772,773,774,-1,774,773,775,-1,774,775,776,-1,776,775,777,-1,776,777,778,-1,778,777,779,-1,778,779,780,-1,780,779,781,-1,780,781,782,-1,782,781,783,-1,782,783,784,-1,784,783,785,-1,784,785,786,-1,786,785,787,-1,786,787,788,-1,788,787,789,-1,788,789,790,-1,790,789,791,-1,790,791,792,-1,792,791,793,-1,792,793,746,-1,746,793,747,-1,794,795,796,-1,796,795,797,-1,796,797,798,-1,798,797,799,-1,798,799,800,-1,800,799,801,-1,800,801,802,-1,802,801,803,-1,802,803,804,-1,804,803,805,-1,804,805,806,-1,806,805,807,-1,806,807,808,-1,808,807,809,-1,808,809,810,-1,810,809,811,-1,810,811,812,-1,812,811,813,-1,812,813,814,-1,814,813,815,-1,814,815,816,-1,816,815,817,-1,816,817,818,-1,818,817,819,-1,818,819,820,-1,820,819,821,-1,822,823,824,-1,824,823,825,-1,824,825,826,-1,826,825,827,-1,826,827,828,-1,828,827,829,-1,828,829,830,-1,830,829,831,-1,830,831,832,-1,832,831,833,-1,832,833,834,-1,834,833,835,-1,834,835,836,-1,836,835,837,-1,836,837,838,-1,838,837,839,-1,838,839,840,-1,840,839,841,-1,840,841,842,-1,842,841,843,-1,842,843,844,-1,844,843,845,-1,844,845,846,-1,846,845,847,-1,846,847,848,-1,848,847,849,-1,848,849,850,-1,850,849,851,-1,850,851,852,-1,852,851,853,-1,852,853,854,-1,854,853,855,-1,854,855,856,-1,856,855,857,-1,856,857,858,-1,858,857,859,-1,858,859,860,-1,860,859,861,-1,860,861,862,-1,862,861,863,-1,862,863,864,-1,864,863,865,-1,864,865,866,-1,866,865,867,-1,866,867,868,-1,868,867,869,-1,868,869,822,-1,822,869,823,-1,870,871,872,-1,872,871,873,-1,872,873,874,-1,874,873,875,-1,874,875,876,-1,876,875,877,-1,876,877,878,-1,878,877,879,-1,878,879,880,-1,880,879,881,-1,880,881,882,-1,882,881,883,-1,882,883,884,-1,884,883,885,-1,884,885,886,-1,886,885,887,-1,886,887,888,-1,888,887,889,-1,888,889,890,-1,890,889,891,-1,890,891,892,-1,892,891,893,-1,892,893,894,-1,894,893,895,-1,894,895,896,-1,896,895,897,-1,896,897,898,-1,898,897,899,-1,898,899,900,-1,900,899,901,-1,900,901,902,-1,902,901,903,-1,902,903,904,-1,904,903,905,-1,904,905,906,-1,906,905,907,-1,906,907,908,-1,908,907,909,-1,908,909,910,-1,910,909,911,-1,910,911,912,-1,912,911,913,-1,912,913,914,-1,914,913,915,-1,914,915,916,-1,916,915,917,-1,916,917,870,-1,870,917,871,-1,918,919,920,-1,920,919,921,-1,920,921,922,-1,922,921,923,-1,922,923,924,-1,924,923,925,-1,924,925,926,-1,926,925,927,-1,926,927,928,-1,928,927,929,-1,928,929,930,-1,930,929,931,-1,930,931,932,-1,932,931,933,-1,932,933,934,-1,934,933,935,-1,934,935,936,-1,936,935,937,-1,936,937,938,-1,938,937,939,-1,938,939,940,-1,940,939,941,-1,940,941,942,-1,942,941,943,-1,944,945,946,-1,946,945,947,-1,946,947,948,-1,948,947,949,-1,948,949,950,-1,950,949,951,-1,950,951,952,-1,952,951,953,-1,952,953,954,-1,954,953,955,-1,954,955,956,-1,956,955,957,-1,956,957,958,-1,958,957,959,-1,958,959,960,-1,960,959,961,-1,960,961,962,-1,962,961,963,-1,962,963,964,-1,964,963,965,-1,964,965,966,-1,966,965,967,-1,966,967,968,-1,968,967,969,-1,968,969,970,-1,970,969,971,-1,970,971,972,-1,972,971,973,-1,972,973,974,-1,974,973,975,-1,974,975,976,-1,976,975,977,-1,976,977,978,-1,978,977,979,-1,978,979,980,-1,980,979,981,-1,980,981,982,-1,982,981,983,-1,982,983,984,-1,984,983,985,-1,984,985,986,-1,986,985,987,-1,986,987,988,-1,988,987,989,-1,988,989,990,-1,990,989,991,-1,990,991,944,-1,944,991,945,-1,992,993,994,-1,994,993,995,-1,994,995,996,-1,996,995,997,-1,996,997,998,-1,998,997,999,-1,998,999,1000,-1,1000,999,1001,-1,1000,1001,1002,-1,1002,1001,1003,-1,1002,1003,1004,-1,1004,1003,1005,-1,1004,1005,1006,-1,1006,1005,1007,-1,1006,1007,1008,-1,1008,1007,1009,-1,1008,1009,1010,-1,1010,1009,1011,-1,1010,1011,1012,-1,1012,1011,1013,-1,1012,1013,1014,-1,1014,1013,1015,-1,1014,1015,1016,-1,1016,1015,1017,-1,1018,1019,1020,-1,1020,1019,1021,-1,1020,1021,1022,-1,1022,1021,1023,-1,1022,1023,1024,-1,1024,1023,1025,-1,1024,1025,1026,-1,1026,1025,1027,-1,1026,1027,1028,-1,1028,1027,1029,-1,1028,1029,1030,-1,1030,1029,1031,-1,1030,1031,1032,-1,1032,1031,1033,-1,1032,1033,1034,-1,1034,1033,1035,-1,1034,1035,1036,-1,1036,1035,1037,-1,1036,1037,1038,-1,1038,1037,1039,-1,1038,1039,1040,-1,1040,1039,1041,-1,1040,1041,1042,-1,1042,1041,1043,-1,1042,1043,1044,-1,1044,1043,1045,-1,1044,1045,1046,-1,1046,1045,1047,-1,1046,1047,1048,-1,1048,1047,1049,-1,1048,1049,1050,-1,1050,1049,1051,-1,1050,1051,1052,-1,1052,1051,1053,-1,1052,1053,1054,-1,1054,1053,1055,-1,1054,1055,1056,-1,1056,1055,1057,-1,1056,1057,1058,-1,1058,1057,1059,-1,1058,1059,1060,-1,1060,1059,1061,-1,1060,1061,1062,-1,1062,1061,1063,-1,1062,1063,1064,-1,1064,1063,1065,-1,1064,1065,1018,-1,1018,1065,1019,-1,1066,1067,1068,-1,1068,1067,1069,-1,1068,1069,1070,-1,1070,1069,1071,-1,1070,1071,1072,-1,1072,1071,1073,-1,1072,1073,1074,-1,1074,1073,1075,-1,1074,1075,1076,-1,1076,1075,1077,-1,1076,1077,1078,-1,1078,1077,1079,-1,1078,1079,1080,-1,1080,1079,1081,-1,1080,1081,1082,-1,1082,1081,1083,-1,1082,1083,1084,-1,1084,1083,1085,-1,1084,1085,1086,-1,1086,1085,1087,-1,1086,1087,1088,-1,1088,1087,1089,-1,1088,1089,1090,-1,1090,1089,1091,-1,1092,1093,1094,-1,1094,1093,1095,-1,1094,1095,1096,-1,1096,1095,1097,-1,1096,1097,1098,-1,1098,1097,1099,-1,1098,1099,1100,-1,1100,1099,1101,-1,1100,1101,1102,-1,1102,1101,1103,-1,1102,1103,1104,-1,1104,1103,1105,-1,1104,1105,1106,-1,1106,1105,1107,-1,1106,1107,1108,-1,1108,1107,1109,-1,1108,1109,1110,-1,1110,1109,1111,-1,1110,1111,1112,-1,1112,1111,1113,-1,1112,1113,1114,-1,1114,1113,1115,-1,1114,1115,1116,-1,1116,1115,1117,-1,1116,1117,1118,-1,1118,1117,1119,-1,1118,1119,1120,-1,1120,1119,1121,-1,1120,1121,1122,-1,1122,1121,1123,-1,1122,1123,1124,-1,1124,1123,1125,-1,1124,1125,1126,-1,1126,1125,1127,-1,1126,1127,1128,-1,1128,1127,1129,-1,1128,1129,1130,-1,1130,1129,1131,-1,1130,1131,1132,-1,1132,1131,1133,-1,1132,1133,1134,-1,1134,1133,1135,-1,1134,1135,1136,-1,1136,1135,1137,-1,1136,1137,1138,-1,1138,1137,1139,-1,1138,1139,1092,-1,1092,1139,1093,-1,1140,1141,1142,-1,1142,1141,1143,-1,1142,1143,1144,-1,1144,1143,1145,-1,1144,1145,1146,-1,1146,1145,1147,-1,1146,1147,1148,-1,1148,1147,1149,-1,1148,1149,1150,-1,1150,1149,1151,-1,1150,1151,1152,-1,1152,1151,1153,-1,1152,1153,1154,-1,1154,1153,1155,-1,1154,1155,1156,-1,1156,1155,1157,-1,1156,1157,1158,-1,1158,1157,1159,-1,1158,1159,1160,-1,1160,1159,1161,-1,1160,1161,1162,-1,1162,1161,1163,-1,1162,1163,1164,-1,1164,1163,1165,-1,1166,1167,1168,-1,1168,1167,1169,-1,1168,1169,1170,-1,1170,1169,1171,-1,1170,1171,1172,-1,1172,1171,1173,-1,1172,1173,1174,-1,1174,1173,1175,-1,1174,1175,1176,-1,1176,1175,1177,-1,1176,1177,1178,-1,1178,1177,1179,-1,1178,1179,1180,-1,1180,1179,1181,-1,1180,1181,1182,-1,1182,1181,1183,-1,1182,1183,1184,-1,1184,1183,1185,-1,1184,1185,1186,-1,1186,1185,1187,-1,1186,1187,1188,-1,1188,1187,1189,-1,1188,1189,1190,-1,1190,1189,1191,-1,1190,1191,1192,-1,1192,1191,1193,-1,1192,1193,1194,-1,1194,1193,1195,-1,1194,1195,1196,-1,1196,1195,1197,-1,1196,1197,1198,-1,1198,1197,1199,-1,1198,1199,1200,-1,1200,1199,1201,-1,1200,1201,1202,-1,1202,1201,1203,-1,1202,1203,1204,-1,1204,1203,1205,-1,1204,1205,1206,-1,1206,1205,1207,-1,1206,1207,1208,-1,1208,1207,1209,-1,1208,1209,1210,-1,1210,1209,1211,-1,1210,1211,1212,-1,1212,1211,1213,-1,1212,1213,1166,-1,1166,1213,1167,-1,
        ]
    }
}
Shape{
    appearance Appearance {
        material  Material 	{
            diffuseColor 0.10980392156862745 0.10980392156862745 0.10980392156862745
            specularColor 0.0784313725490196 0.0784313725490196 0.0784313725490196
            ambientIntensity 0.1098
            transparency 0.0
            shininess 0.5
        }
    }
    geometry IndexedFaceSet {
        ccw TRUE
        solid FALSE
        coord DEF co Coordinate {
            point [
                2.179 0.2026 0.7087, 2.179 -2.4981 0.7087, 2.179 0.2026 0.3937, 2.179 -2.4981 0.3937, -0.5954 0.2026 0.7087, -0.5954 0.2026 0.3937, -0.5954 -2.4981 0.7087, -0.5954 -2.4981 0.3937
            ]
        }
        coordIndex [
            0,1,2,-1,2,1,3,-1,4,0,5,-1,5,0,2,-1,6,4,7,-1,7,4,5,-1,1,6,3,-1,3,6,7,-1,4,6,0,-1,0,6,1,-1,
        ]
    }
}
Shape{
    appearance Appearance {
        material  Material 	{
            diffuseColor 0.7764705882352941 0.7568627450980392 0.7372549019607844
            specularColor 0.38823529411764707 0.3764705882352941 0.3686274509803922
            ambientIntensity 0.7605
            transparency 0.0
            shininess 0.5
        }
    }
    geometry IndexedFaceSet {
        ccw TRUE
        solid FALSE
        coord DEF co Coordinate {
            point [
                -1.6634 -2.1299 0.5906, -1.6634 -2.9892 0.5906, -1.6634 -2.1299 0.3937, -1.6634 -2.9892 0.3937, -2.2772 -2.1299 0.5906, -2.2772 -2.1299 0.3937, -2.2772 -2.9892 0.5906, -2.2772 -2.9892 0.3937, -1.7861 1.3074 0.5906, -1.7861 0.8654 0.5906, -1.7861 1.3074 0.3937, -1.7861 0.8654 0.3937, -2.3876 1.3074 0.5906, -2.3876 1.3074 0.3937, -2.3876 0.8654 0.5906, -2.3876 0.8654 0.3937, -1.0128 2.8173 0.5906, -1.0128 2.2281 0.5906, -1.0128 2.8173 0.3937, -1.0128 2.2281 0.3937, -1.381 2.8173 0.5906, -1.381 2.8173 0.3937, -1.381 2.2281 0.5906, -1.381 2.2281 0.3937
            ]
        }
        coordIndex [
            0,1,2,-1,2,1,3,-1,4,0,5,-1,5,0,2,-1,6,4,7,-1,7,4,5,-1,1,6,3,-1,3,6,7,-1,4,6,0,-1,0,6,1,-1,8,9,10,-1,10,9,11,-1,12,8,13,-1,13,8,10,-1,14,12,15,-1,15,12,13,-1,9,14,11,-1,11,14,15,-1,12,14,8,-1,8,14,9,-1,16,17,18,-1,18,17,19,-1,20,16,21,-1,21,16,18,-1,22,20,23,-1,23,20,21,-1,17,22,19,-1,19,22,23,-1,20,22,16,-1,16,22,17,-1,
        ]
    }
}
Shape{
    appearance Appearance {
        material  Material 	{
            diffuseColor 0.10980392156862745 0.10980392156862745 0.10980392156862745
            specularColor 0.0784313725490196 0.0784313725490196 0.0784313725490196
            ambientIntensity 0.1098
            transparency 0.0
            shininess 0.5
        }
    }
    geometry IndexedFaceSet {
        ccw TRUE
        solid FALSE
        coord DEF co Coordinate {
            point [
                -2.3357 2.7885 0.4921, -2.3357 2.8959 0.4921, -2.3357 2.7885 0.3937, -2.3357 2.8959 0.3937, -2.1169 2.7885 0.4921, -2.1169 2.7885 0.3937, -2.1169 2.8959 0.4921, -2.1169 2.8959 0.3937, -2.3403 2.5396 0.4921, -2.3403 2.6469 0.4921, -2.3403 2.5396 0.3937, -2.3403 2.6469 0.3937, -2.1216 2.5396 0.4921, -2.1216 2.5396 0.3937, -2.1216 2.6469 0.4921, -2.1216 2.6469 0.3937, -2.3462 2.2903 0.4921, -2.3462 2.3976 0.4921, -2.3462 2.2903 0.3937, -2.3462 2.3976 0.3937, -2.1274 2.2903 0.4921, -2.1274 2.2903 0.3937, -2.1274 2.3976 0.4921, -2.1274 2.3976 0.3937, -0.0965 2.7283 0.4921, -0.0965 2.8356 0.4921, -0.0965 2.7283 0.3937, -0.0965 2.8356 0.3937, 0.1222 2.7283 0.3937, 0.1222 2.7283 0.4921, -0.0918 2.7283 0.3937, 0.1222 2.8356 0.4921, 0.1222 2.8356 0.3937, -0.0918 2.8356 0.3937, -0.087 2.4959 0.3937, -0.087 2.4959 0.4921, -0.087 2.5331 0.3937, -0.087 2.6032 0.4921, -0.087 2.6032 0.3937, 0.1318 2.4959 0.4921, 0.1318 2.4959 0.3937, 0.1318 2.6032 0.3937, 0.1318 2.6032 0.4921, 0.1318 2.5331 0.3937, -0.0816 2.2577 0.4921, -0.0816 2.365 0.4921, -0.0816 2.2577 0.3937, -0.0816 2.365 0.3937, 0.1371 2.2577 0.4921, 0.1371 2.2577 0.3937, 0.1371 2.365 0.4921, 0.1371 2.365 0.3937, -0.7091 2.8004 0.4921, -0.7091 2.8004 0.3937, -0.7091 2.5806 0.4921, -0.7091 2.6876 0.3937, -0.7091 2.5806 0.3937, -0.5907 2.5806 0.3937, -0.5907 2.5806 0.4921, -0.7067 2.5806 0.3937, -0.5907 2.8004 0.3937, -0.5907 2.8004 0.4921, -0.5907 2.6876 0.3937, -0.7067 2.8004 0.3937, -0.7043 2.1712 0.3937, -0.7043 2.1712 0.4921, -0.7043 2.1996 0.3937, -0.7043 2.3733 0.4921, -0.7043 2.3733 0.3937, -0.5798 2.1712 0.4921, -0.5798 2.1712 0.3937, -0.5798 2.3733 0.3937, -0.5798 2.3733 0.4921, -0.5798 2.1996 0.3937, -2.3256 0.188 0.3937, -2.3256 0.188 0.4921, -2.3256 0.4023 0.3937, -2.3256 0.4079 0.4921, -2.3256 0.4079 0.3937, -2.2072 0.188 0.4921, -2.2072 0.188 0.3937, -2.2072 0.4079 0.3937, -2.2072 0.4079 0.4921, -2.2072 0.4023 0.3937, -2.3208 -0.2214 0.4921, -2.3208 -0.0193 0.4921, -2.3208 -0.2214 0.3937, -2.3208 -0.0193 0.3937, -2.1963 -0.2214 0.4921, -2.1963 -0.2214 0.3937, -2.1963 -0.0193 0.4921, -2.1963 -0.0193 0.3937, -1.9766 0.1769 0.4921, -1.9766 0.3967 0.4921, -1.9766 0.1769 0.3937, -1.9766 0.3967 0.3937, -1.8582 0.1769 0.3937, -1.8582 0.1769 0.4921, -1.9742 0.1769 0.3937, -1.8582 0.3967 0.4921, -1.8582 0.3967 0.3937, -1.9742 0.3967 0.3937, -1.9717 -0.2325 0.4921, -1.9717 -0.0304 0.4921, -1.9717 -0.2325 0.3937, -1.9717 -0.0304 0.3937, -1.8472 -0.2325 0.4921, -1.8472 -0.2325 0.3937, -1.8472 -0.0304 0.4921, -1.8472 -0.0304 0.3937, -2.2178 -1.2157 0.4921, -2.2178 -0.9959 0.4921, -2.2178 -1.2157 0.3937, -2.2178 -0.9959 0.3937, -2.0995 -1.2157 0.4921, -2.0995 -1.2157 0.3937, -2.0995 -0.9959 0.4921, -2.0995 -0.9959 0.3937, -2.213 -1.6251 0.4921, -2.213 -1.4231 0.4921, -2.213 -1.6251 0.3937, -2.213 -1.4231 0.3937, -2.0885 -1.6251 0.4921, -2.0885 -1.6251 0.3937, -2.0885 -1.4231 0.4921, -2.0885 -1.4231 0.3937, -1.8988 -1.2168 0.3937, -1.8988 -1.2168 0.4921, -1.8988 -1.2163 0.3937, -1.8988 -0.997 0.4921, -1.8988 -0.997 0.3937, -1.7804 -1.2168 0.4921, -1.7804 -1.2168 0.3937, -1.7804 -0.997 0.3937, -1.7804 -0.997 0.4921, -1.7804 -1.2163 0.3937, -1.894 -1.6262 0.4921, -1.894 -1.4242 0.4921, -1.894 -1.6262 0.3937, -1.894 -1.4242 0.3937, -1.7695 -1.6262 0.4921, -1.7695 -1.6262 0.3937, -1.7695 -1.4242 0.4921, -1.7695 -1.4242 0.3937, 1.6555 -2.9291 0.4921, 1.6555 -2.7092 0.4921, 1.6555 -2.9291 0.3937, 1.6555 -2.7092 0.3937, 1.7739 -2.9291 0.4921, 1.7739 -2.9291 0.3937, 1.7739 -2.7092 0.4921, 1.7739 -2.7092 0.3937, 0.3219 0.6052 0.3937, 0.3219 0.601 0.3937, 0.3219 0.601 0.4921, 0.3219 0.8208 0.4921, 0.3219 0.8208 0.3937, 0.3219 0.7334 0.3937, 0.3219 0.7012 0.3937, 0.4205 0.601 0.4921, 0.4205 0.601 0.3937, 0.4205 0.6052 0.3937, 0.4205 0.7012 0.3937, 0.4205 0.8208 0.4921, 0.4205 0.7334 0.3937, 0.4205 0.8208 0.3937, 1.9213 -2.9324 0.3937, 1.9213 -2.9324 0.4921, 1.9213 -2.9308 0.3937, 1.9213 -2.7126 0.4921, 1.9213 -2.7126 0.3937, 2.0397 -2.9324 0.4921, 2.0397 -2.9324 0.3937, 2.0397 -2.7126 0.3937, 2.0397 -2.7126 0.4921, 2.0397 -2.9308 0.3937, 0.5721 0.8115 0.4921, 0.5721 0.8115 0.3937, 0.5721 0.7334 0.3937, 0.5721 0.6095 0.4921, 0.5721 0.7012 0.3937, 0.5721 0.6095 0.3937, 0.6966 0.6095 0.4921, 0.6966 0.6095 0.3937, 0.6966 0.7012 0.3937, 0.6966 0.8115 0.4921, 0.6966 0.7334 0.3937, 0.6966 0.8115 0.3937, 2.1888 -2.9228 0.4921, 2.1888 -2.703 0.4921, 2.1888 -2.9228 0.3937, 2.1888 -2.703 0.3937, 2.3072 -2.9228 0.4921, 2.3072 -2.9228 0.3937, 2.3072 -2.703 0.4921, 2.3072 -2.703 0.3937, 2.0549 1.2541 0.3937, 2.0549 1.2541 0.4921, 2.0549 1.3531 0.3937, 2.0549 1.3614 0.4921, 2.0549 1.3614 0.3937, 2.2737 1.2541 0.4921, 2.2737 1.2541 0.3937, 2.2737 1.3614 0.3937, 2.2737 1.3614 0.4921, 2.2737 1.3531 0.3937, 2.0502 1.0051 0.4921, 2.0502 1.1124 0.4921, 2.0502 1.0051 0.3937, 2.0502 1.1124 0.3937, 2.269 1.0051 0.4921, 2.269 1.0051 0.3937, 2.269 1.1124 0.4921, 2.269 1.1124 0.3937, 2.0444 0.7558 0.4921, 2.0444 0.8631 0.4921, 2.0444 0.7558 0.3937, 2.0444 0.8631 0.3937, 2.2631 0.7558 0.4921, 2.2631 0.7558 0.3937, 2.2631 0.8631 0.4921, 2.2631 0.8631 0.3937, 2.0571 2.0009 0.4921, 2.0571 2.1082 0.4921, 2.0571 2.0009 0.3937, 2.0571 2.1082 0.3937, 2.2759 2.0009 0.4921, 2.2759 2.0009 0.3937, 2.2759 2.1082 0.4921, 2.2759 2.1082 0.3937, 2.0525 1.7519 0.4921, 2.0525 1.8592 0.4921, 2.0525 1.7519 0.3937, 2.0525 1.8592 0.3937, 2.2712 1.7519 0.4921, 2.2712 1.7519 0.3937, 2.2712 1.8592 0.4921, 2.2712 1.8592 0.3937, 2.0466 1.5026 0.4921, 2.0466 1.6099 0.4921, 2.0466 1.5026 0.3937, 2.0466 1.6099 0.3937, 2.2654 1.5026 0.4921, 2.2654 1.5026 0.3937, 2.2654 1.6099 0.4921, 2.2654 1.6099 0.3937, 0.8946 2.4193 0.3937, 0.8946 2.4193 0.4921, 0.8946 2.4576 0.3937, 0.8946 2.5267 0.4921, 0.8946 2.5267 0.3937, 1.1133 2.4193 0.4921, 1.1133 2.4193 0.3937, 1.1133 2.5267 0.3937, 1.1133 2.5267 0.4921, 1.1133 2.4576 0.3937, 0.8899 2.1703 0.4921, 0.8899 2.2777 0.4921, 0.8899 2.2777 0.3937, 0.8899 2.1996 0.3937, 0.8899 2.1708 0.3937, 0.8899 2.1703 0.3937, 1.1086 2.1703 0.4921, 1.1086 2.1703 0.3937, 1.1086 2.2777 0.4921, 1.1086 2.1708 0.3937, 1.1086 2.1996 0.3937, 1.1086 2.2777 0.3937, 0.884 1.921 0.3937, 0.884 1.921 0.4921, 0.884 1.961 0.3937, 0.884 2.0284 0.4921, 0.884 2.0284 0.3937, 1.1028 1.921 0.3937, 1.1028 1.921 0.4921, 0.887 1.921 0.3937, 1.1028 2.0284 0.3937, 1.1028 2.0284 0.4921, 1.1028 1.961 0.3937, 0.887 2.0284 0.3937, -0.942 1.2374 0.4921, -0.942 1.3447 0.4921, -0.942 1.2374 0.3937, -0.942 1.3447 0.3937, -0.7232 1.2374 0.3937, -0.7232 1.2374 0.4921, -0.7308 1.2374 0.3937, -0.7232 1.3447 0.4921, -0.7232 1.3447 0.3937, -0.7308 1.3447 0.3937, -0.9467 0.9884 0.3937, -0.9467 0.9884 0.4921, -0.9467 0.9967 0.3937, -0.9467 1.0957 0.4921, -0.9467 1.0957 0.3937, -0.7279 0.9884 0.3937, -0.7279 0.9884 0.4921, -0.7308 0.9884 0.3937, -0.7279 1.0957 0.3937, -0.7279 1.0957 0.4921, -0.7279 0.9967 0.3937, -0.7308 1.0957 0.3937, -0.9525 0.7391 0.4921, -0.9525 0.8464 0.4921, -0.9525 0.7391 0.3937, -0.9525 0.8464 0.3937, -0.7338 0.7391 0.4921, -0.7338 0.7391 0.3937, -0.7338 0.8464 0.4921, -0.7338 0.8464 0.3937, -0.5277 1.2261 0.3937, -0.5277 1.2261 0.4921, -0.5277 1.2317 0.3937, -0.5277 1.3334 0.4921, -0.5277 1.3334 0.3937, -0.3089 1.2261 0.4921, -0.3089 1.2261 0.3937, -0.3089 1.3334 0.3937, -0.3089 1.3334 0.4921, -0.3089 1.2317 0.3937, -0.5324 0.9771 0.4921, -0.5324 1.0844 0.4921, -0.5324 1.0844 0.3937, -0.5324 0.9967 0.3937, -0.5324 0.9827 0.3937, -0.5324 0.9771 0.3937, -0.3136 0.9771 0.4921, -0.3136 0.9771 0.3937, -0.3136 1.0844 0.3937, -0.3136 1.0844 0.4921, -0.3136 0.9967 0.3937, -0.3136 0.9827 0.3937, -0.5382 0.7278 0.3937, -0.5382 0.7278 0.4921, -0.5382 0.7334 0.3937, -0.5382 0.8351 0.4921, -0.5382 0.8351 0.3937, -0.3195 0.7278 0.3937, -0.3195 0.7278 0.4921, -0.5353 0.7278 0.3937, -0.3195 0.8351 0.3937, -0.3195 0.8351 0.4921, -0.3195 0.7334 0.3937, -0.5353 0.8351 0.3937, -1.1223 -0.0069 0.4921, -1.1223 0.1004 0.4921, -1.1223 -0.0069 0.3937, -1.1223 0.1004 0.3937, -0.9035 -0.0069 0.4921, -0.9826 -0.0069 0.3937, -0.9035 -0.0069 0.3937, -0.9035 0.1004 0.4921, -0.9035 0.1004 0.3937, -0.9826 0.1004 0.3937, -1.1269 -0.2559 0.4921, -1.1269 -0.1486 0.4921, -1.1269 -0.2559 0.3937, -1.1269 -0.1486 0.3937, -1.1246 -0.2559 0.3937, -0.9082 -0.2559 0.4921, -0.9826 -0.2559 0.3937, -0.9082 -0.2559 0.3937, -0.9082 -0.1486 0.4921, -0.9082 -0.1486 0.3937, -0.9826 -0.1486 0.3937, -1.1246 -0.1486 0.3937, -1.1328 -0.5052 0.4921, -1.1328 -0.3979 0.4921, -1.1328 -0.5052 0.3937, -1.1328 -0.3979 0.3937, -1.1246 -0.5052 0.3937, -0.914 -0.5052 0.4921, -0.9826 -0.5052 0.3937, -0.914 -0.5052 0.3937, -0.914 -0.3979 0.4921, -0.914 -0.3979 0.3937, -0.9826 -0.3979 0.3937, -1.1246 -0.3979 0.3937, 1.2603 1.0656 0.4921, 1.2603 1.173 0.4921, 1.2603 1.0656 0.3937, 1.2603 1.173 0.3937, 1.4791 1.0656 0.4921, 1.4791 1.0656 0.3937, 1.4791 1.173 0.4921, 1.4791 1.173 0.3937, 1.2557 0.8166 0.3937, 1.2557 0.8166 0.4921, 1.2557 0.8643 0.3937, 1.2557 0.924 0.4921, 1.2557 0.924 0.3937, 1.4744 0.8166 0.4921, 1.4744 0.8166 0.3937, 1.4744 0.924 0.3937, 1.4744 0.924 0.4921, 1.4744 0.8643 0.3937, 1.2498 0.5673 0.4921, 1.2498 0.6747 0.4921, 1.2498 0.6747 0.3937, 1.2498 0.6052 0.3937, 1.2498 0.5841 0.3937, 1.2498 0.5673 0.3937, 1.4686 0.5673 0.3937, 1.4686 0.5673 0.4921, 1.2527 0.5673 0.3937, 1.4686 0.6747 0.3937, 1.4686 0.6747 0.4921, 1.4686 0.6052 0.3937, 1.4686 0.5841 0.3937, 1.2527 0.6747 0.3937
            ]
        }
        coordIndex [
            0,1,2,-1,2,1,3,-1,4,0,5,-1,5,0,2,-1,6,4,7,-1,7,4,5,-1,1,6,3,-1,3,6,7,-1,4,6,0,-1,0,6,1,-1,8,9,10,-1,10,9,11,-1,12,8,13,-1,13,8,10,-1,14,12,15,-1,15,12,13,-1,9,14,11,-1,11,14,15,-1,12,14,8,-1,8,14,9,-1,16,17,18,-1,18,17,19,-1,20,16,21,-1,21,16,18,-1,22,20,23,-1,23,20,21,-1,17,22,19,-1,19,22,23,-1,20,22,16,-1,16,22,17,-1,24,25,26,-1,26,25,27,-1,28,29,30,-1,30,29,24,-1,30,24,26,-1,31,29,32,-1,32,29,28,-1,27,25,33,-1,33,25,31,-1,33,31,32,-1,29,31,24,-1,24,31,25,-1,34,35,36,-1,36,35,37,-1,36,37,38,-1,39,35,40,-1,40,35,34,-1,41,42,43,-1,43,42,39,-1,43,39,40,-1,37,42,38,-1,38,42,41,-1,39,42,35,-1,35,42,37,-1,44,45,46,-1,46,45,47,-1,48,44,49,-1,49,44,46,-1,50,48,51,-1,51,48,49,-1,45,50,47,-1,47,50,51,-1,48,50,44,-1,44,50,45,-1,52,53,54,-1,54,53,55,-1,54,55,56,-1,57,58,59,-1,59,58,54,-1,59,54,56,-1,60,61,62,-1,62,61,58,-1,62,58,57,-1,53,52,63,-1,63,52,61,-1,63,61,60,-1,58,61,54,-1,54,61,52,-1,64,65,66,-1,66,65,67,-1,66,67,68,-1,69,65,70,-1,70,65,64,-1,71,72,73,-1,73,72,69,-1,73,69,70,-1,67,72,68,-1,68,72,71,-1,69,72,65,-1,65,72,67,-1,74,75,76,-1,76,75,77,-1,76,77,78,-1,79,75,80,-1,80,75,74,-1,81,82,83,-1,83,82,79,-1,83,79,80,-1,77,82,78,-1,78,82,81,-1,79,82,75,-1,75,82,77,-1,84,85,86,-1,86,85,87,-1,88,84,89,-1,89,84,86,-1,90,88,91,-1,91,88,89,-1,85,90,87,-1,87,90,91,-1,88,90,84,-1,84,90,85,-1,92,93,94,-1,94,93,95,-1,96,97,98,-1,98,97,92,-1,98,92,94,-1,99,97,100,-1,100,97,96,-1,95,93,101,-1,101,93,99,-1,101,99,100,-1,97,99,92,-1,92,99,93,-1,102,103,104,-1,104,103,105,-1,106,102,107,-1,107,102,104,-1,108,106,109,-1,109,106,107,-1,103,108,105,-1,105,108,109,-1,106,108,102,-1,102,108,103,-1,110,111,112,-1,112,111,113,-1,114,110,115,-1,115,110,112,-1,116,114,117,-1,117,114,115,-1,111,116,113,-1,113,116,117,-1,114,116,110,-1,110,116,111,-1,118,119,120,-1,120,119,121,-1,122,118,123,-1,123,118,120,-1,124,122,125,-1,125,122,123,-1,119,124,121,-1,121,124,125,-1,122,124,118,-1,118,124,119,-1,126,127,128,-1,128,127,129,-1,128,129,130,-1,131,127,132,-1,132,127,126,-1,133,134,135,-1,135,134,131,-1,135,131,132,-1,129,134,130,-1,130,134,133,-1,131,134,127,-1,127,134,129,-1,136,137,138,-1,138,137,139,-1,140,136,141,-1,141,136,138,-1,142,140,143,-1,143,140,141,-1,137,142,139,-1,139,142,143,-1,140,142,136,-1,136,142,137,-1,144,145,146,-1,146,145,147,-1,148,144,149,-1,149,144,146,-1,150,148,151,-1,151,148,149,-1,145,150,147,-1,147,150,151,-1,148,150,144,-1,144,150,145,-1,152,153,154,-1,155,156,157,-1,155,157,154,-1,154,157,158,-1,154,158,152,-1,159,154,160,-1,160,154,153,-1,160,161,159,-1,159,161,162,-1,159,162,163,-1,163,162,164,-1,163,164,165,-1,155,163,156,-1,156,163,165,-1,159,163,154,-1,154,163,155,-1,166,167,168,-1,168,167,169,-1,168,169,170,-1,171,167,172,-1,172,167,166,-1,173,174,175,-1,175,174,171,-1,175,171,172,-1,169,174,170,-1,170,174,173,-1,171,174,167,-1,167,174,169,-1,176,177,178,-1,176,178,179,-1,179,178,180,-1,179,180,181,-1,182,179,183,-1,183,179,181,-1,182,183,184,-1,182,184,185,-1,185,184,186,-1,185,186,187,-1,176,185,177,-1,177,185,187,-1,182,185,179,-1,179,185,176,-1,188,189,190,-1,190,189,191,-1,192,188,193,-1,193,188,190,-1,194,192,195,-1,195,192,193,-1,189,194,191,-1,191,194,195,-1,192,194,188,-1,188,194,189,-1,196,197,198,-1,198,197,199,-1,198,199,200,-1,201,197,202,-1,202,197,196,-1,203,204,205,-1,205,204,201,-1,205,201,202,-1,199,204,200,-1,200,204,203,-1,201,204,197,-1,197,204,199,-1,206,207,208,-1,208,207,209,-1,210,206,211,-1,211,206,208,-1,212,210,213,-1,213,210,211,-1,207,212,209,-1,209,212,213,-1,210,212,206,-1,206,212,207,-1,214,215,216,-1,216,215,217,-1,218,214,219,-1,219,214,216,-1,220,218,221,-1,221,218,219,-1,215,220,217,-1,217,220,221,-1,218,220,214,-1,214,220,215,-1,222,223,224,-1,224,223,225,-1,226,222,227,-1,227,222,224,-1,228,226,229,-1,229,226,227,-1,223,228,225,-1,225,228,229,-1,226,228,222,-1,222,228,223,-1,230,231,232,-1,232,231,233,-1,234,230,235,-1,235,230,232,-1,236,234,237,-1,237,234,235,-1,231,236,233,-1,233,236,237,-1,234,236,230,-1,230,236,231,-1,238,239,240,-1,240,239,241,-1,242,238,243,-1,243,238,240,-1,244,242,245,-1,245,242,243,-1,239,244,241,-1,241,244,245,-1,242,244,238,-1,238,244,239,-1,246,247,248,-1,248,247,249,-1,248,249,250,-1,251,247,252,-1,252,247,246,-1,253,254,255,-1,255,254,251,-1,255,251,252,-1,249,254,250,-1,250,254,253,-1,251,254,247,-1,247,254,249,-1,256,257,258,-1,258,259,256,-1,256,259,260,-1,256,260,261,-1,262,256,263,-1,263,256,261,-1,264,262,263,-1,263,265,264,-1,264,265,266,-1,264,266,267,-1,257,264,258,-1,258,264,267,-1,262,264,256,-1,256,264,257,-1,268,269,270,-1,270,269,271,-1,270,271,272,-1,273,274,275,-1,275,274,269,-1,275,269,268,-1,276,277,278,-1,278,277,274,-1,278,274,273,-1,272,271,279,-1,279,271,277,-1,279,277,276,-1,274,277,269,-1,269,277,271,-1,280,281,282,-1,282,281,283,-1,284,285,286,-1,286,285,280,-1,286,280,282,-1,287,285,288,-1,288,285,284,-1,283,281,289,-1,289,281,287,-1,289,287,288,-1,285,287,280,-1,280,287,281,-1,290,291,292,-1,292,291,293,-1,292,293,294,-1,295,296,297,-1,297,296,291,-1,297,291,290,-1,298,299,300,-1,300,299,296,-1,300,296,295,-1,294,293,301,-1,301,293,299,-1,301,299,298,-1,296,299,291,-1,291,299,293,-1,302,303,304,-1,304,303,305,-1,306,302,307,-1,307,302,304,-1,308,306,309,-1,309,306,307,-1,303,308,305,-1,305,308,309,-1,306,308,302,-1,302,308,303,-1,310,311,312,-1,312,311,313,-1,312,313,314,-1,315,311,316,-1,316,311,310,-1,317,318,319,-1,319,318,315,-1,319,315,316,-1,313,318,314,-1,314,318,317,-1,315,318,311,-1,311,318,313,-1,320,321,322,-1,322,323,320,-1,320,323,324,-1,320,324,325,-1,326,320,327,-1,327,320,325,-1,328,329,330,-1,330,329,326,-1,330,326,331,-1,331,326,327,-1,321,329,322,-1,322,329,328,-1,326,329,320,-1,320,329,321,-1,332,333,334,-1,334,333,335,-1,334,335,336,-1,337,338,339,-1,339,338,333,-1,339,333,332,-1,340,341,342,-1,342,341,338,-1,342,338,337,-1,336,335,343,-1,343,335,341,-1,343,341,340,-1,338,341,333,-1,333,341,335,-1,344,345,346,-1,346,345,347,-1,344,346,348,-1,348,346,349,-1,348,349,350,-1,351,348,352,-1,352,348,350,-1,347,345,353,-1,353,345,351,-1,353,351,352,-1,348,351,344,-1,344,351,345,-1,354,355,356,-1,356,355,357,-1,354,356,358,-1,354,358,359,-1,359,358,360,-1,359,360,361,-1,362,359,363,-1,363,359,361,-1,362,363,364,-1,362,364,355,-1,355,364,365,-1,355,365,357,-1,359,362,354,-1,354,362,355,-1,366,367,368,-1,368,367,369,-1,366,368,370,-1,366,370,371,-1,371,370,372,-1,371,372,373,-1,374,371,375,-1,375,371,373,-1,374,375,376,-1,374,376,367,-1,367,376,377,-1,367,377,369,-1,371,374,366,-1,366,374,367,-1,378,379,380,-1,380,379,381,-1,382,378,383,-1,383,378,380,-1,384,382,385,-1,385,382,383,-1,379,384,381,-1,381,384,385,-1,382,384,378,-1,378,384,379,-1,386,387,388,-1,388,387,389,-1,388,389,390,-1,391,387,392,-1,392,387,386,-1,393,394,395,-1,395,394,391,-1,395,391,392,-1,389,394,390,-1,390,394,393,-1,391,394,387,-1,387,394,389,-1,396,397,398,-1,398,399,396,-1,396,399,400,-1,396,400,401,-1,402,403,404,-1,404,403,396,-1,404,396,401,-1,405,406,407,-1,407,406,403,-1,407,403,408,-1,408,403,402,-1,398,397,409,-1,409,397,406,-1,409,406,405,-1,403,406,396,-1,396,406,397,-1,
        ]
    }
}
Shape{
    appearance Appearance {
        material  Material 	{
            diffuseColor 1.0 1.0 1.0
            specularColor 0.8784313725490196 0.8784313725490196 0.8784313725490196
            ambientIntensity 1.0
            transparency 0.0
            shininess 0.5
        }
    }
    geometry IndexedFaceSet {
        ccw TRUE
        solid FALSE
        coord DEF co Coordinate {
            point [
                -0.326 0.0552 0.0, -0.326 0.0552 0.0079, -0.3072 -0.0 0.0, -0.3072 -0.0 0.0079, -0.4073 0.0552 0.0, -0.4073 0.0552 0.0079, -0.4273 -0.0 0.0, -0.4273 -0.0 0.0079, -0.4561 -0.0 0.0, -0.4561 -0.0 0.0079, -0.3793 0.1969 0.0, -0.3793 0.1969 0.0079, -0.3528 0.1969 0.0, -0.3528 0.1969 0.0079, -0.2784 -0.0 0.0, -0.2784 -0.0 0.0079, -0.3327 0.0768 0.0079, -0.362 0.159 0.0079, -0.3671 0.166 0.0079, -0.3652 0.1728 0.0079, -0.3639 0.1659 0.0079, -0.3985 0.0768 0.0079, -0.3689 0.159 0.0079, -0.3327 0.0768 0.0, -0.362 0.159 0.0, -0.3985 0.0768 0.0, -0.3689 0.159 0.0, -0.3671 0.166 0.0, -0.3652 0.1728 0.0, -0.3639 0.1659 0.0, -0.1056 -0.0 0.0, -0.1056 -0.0 0.0079, -0.1056 0.1969 0.0, -0.1056 0.1969 0.0079, -0.1591 -0.0 0.0, -0.1591 -0.0 0.0079, -0.264 0.1009 0.0, -0.264 0.1009 0.0079, -0.261 0.0891 0.0079, -0.261 0.0891 0.0, -0.2456 0.0449 0.0079, -0.2456 0.0449 0.0, -0.2349 0.0287 0.0079, -0.2349 0.0287 0.0, -0.2245 0.0192 0.0079, -0.2245 0.0192 0.0, -0.2109 0.0118 0.0079, -0.2109 0.0118 0.0, -0.1909 0.0055 0.0079, -0.1909 0.0055 0.0, -0.1611 0.1969 0.0, -0.1611 0.1969 0.0079, -0.1747 0.1941 0.0079, -0.1747 0.1941 0.0, -0.2169 0.1817 0.0079, -0.2169 0.1817 0.0, -0.2329 0.1723 0.0079, -0.2329 0.1723 0.0, -0.2426 0.1627 0.0079, -0.2426 0.1627 0.0, -0.2503 0.1499 0.0079, -0.2503 0.1499 0.0, -0.2572 0.131 0.0079, -0.2572 0.131 0.0, -0.231 0.127 0.0079, -0.2376 0.1003 0.0079, -0.2339 0.0767 0.0079, -0.2297 0.0616 0.0079, -0.2245 0.0513 0.0079, -0.2181 0.0438 0.0079, -0.2078 0.0364 0.0079, -0.1875 0.0283 0.0079, -0.223 0.1465 0.0079, -0.2158 0.1565 0.0079, -0.2086 0.1626 0.0079, -0.1987 0.1676 0.0079, -0.184 0.1717 0.0079, -0.161 0.1752 0.0079, -0.132 0.1752 0.0079, -0.132 0.0216 0.0079, -0.1599 0.0216 0.0079, -0.2376 0.1003 0.0, -0.231 0.127 0.0, -0.223 0.1465 0.0, -0.2158 0.1565 0.0, -0.2086 0.1626 0.0, -0.1987 0.1676 0.0, -0.184 0.1717 0.0, -0.161 0.1752 0.0, -0.132 0.1752 0.0, -0.132 0.0216 0.0, -0.1599 0.0216 0.0, -0.1875 0.0283 0.0, -0.2078 0.0364 0.0, -0.2181 0.0438 0.0, -0.2245 0.0513 0.0, -0.2297 0.0616 0.0, -0.2339 0.0767 0.0, -0.0576 0.1104 0.0, -0.0576 0.1104 0.0079, -0.0576 0.0888 0.0, -0.0576 0.0888 0.0079, 0.012 0.1104 0.0, 0.012 0.1104 0.0079, 0.012 0.1752 0.0, 0.012 0.1752 0.0079, -0.0624 0.1752 0.0, -0.0624 0.1752 0.0079, -0.0624 0.1969 0.0, -0.0624 0.1969 0.0079, 0.0385 0.1969 0.0, 0.0385 0.1969 0.0079, 0.0385 -0.0 0.0, 0.0385 -0.0 0.0079, -0.0672 -0.0 0.0, -0.0672 -0.0 0.0079, -0.0672 0.0216 0.0, -0.0672 0.0216 0.0079, 0.012 0.0216 0.0, 0.012 0.0216 0.0079, 0.012 0.0888 0.0, 0.012 0.0888 0.0079, 0.0769 0.165 0.0, 0.0769 0.165 0.0079, 0.0991 0.1745 0.0079, 0.0991 0.1745 0.0, 0.123 0.1776 0.0079, 0.123 0.1776 0.0, 0.0769 0.1914 0.0, 0.0769 0.1914 0.0079, 0.1232 0.1993 0.0, 0.1232 0.1993 0.0079, 0.0996 0.1977 0.0079, 0.0996 0.1977 0.0, 0.2233 0.0947 0.0, 0.2233 0.0947 0.0079, 0.2209 0.1059 0.0079, 0.2209 0.1059 0.0, 0.2072 0.1511 0.0079, 0.2072 0.1511 0.0, 0.1972 0.1677 0.0079, 0.1972 0.1677 0.0, 0.1872 0.1776 0.0079, 0.1872 0.1776 0.0, 0.174 0.1855 0.0079, 0.174 0.1855 0.0, 0.1544 0.1925 0.0079, 0.1544 0.1925 0.0, 0.1356 -0.0012 0.0, 0.131 -0.0024 0.0, 0.131 -0.0024 0.0079, 0.1467 0.0017 0.0, 0.1467 0.0017 0.0079, 0.1838 0.0152 0.0079, 0.1838 0.0152 0.0, 0.1981 0.0249 0.0079, 0.1981 0.0249 0.0, 0.2066 0.0346 0.0079, 0.2066 0.0346 0.0, 0.2132 0.0471 0.0079, 0.2132 0.0471 0.0, 0.2186 0.0655 0.0079, 0.2186 0.0655 0.0, 0.1032 0.0004 0.0, 0.0769 0.0102 0.0, 0.1032 0.0004 0.0079, 0.0769 0.0102 0.0079, 0.119 -0.0012 0.0, 0.0769 0.0318 0.0, 0.0769 0.0318 0.0079, 0.1274 0.0192 0.0, 0.1274 0.0192 0.0079, 0.1012 0.0221 0.0079, 0.1012 0.0221 0.0, 0.1969 0.0963 0.0, 0.1969 0.0963 0.0079, 0.1923 0.0724 0.0079, 0.1923 0.0724 0.0, 0.1853 0.0517 0.0079, 0.1853 0.0517 0.0, 0.1787 0.0412 0.0079, 0.1787 0.0412 0.0, 0.1726 0.0352 0.0079, 0.1726 0.0352 0.0, 0.1633 0.0295 0.0079, 0.1633 0.0295 0.0, 0.1494 0.0243 0.0079, 0.1494 0.0243 0.0, 0.1327 0.1749 0.0079, 0.1327 0.1749 0.0, 0.165 0.1625 0.0079, 0.165 0.1625 0.0, 0.1769 0.1542 0.0079, 0.1769 0.1542 0.0, 0.1839 0.1461 0.0079, 0.1839 0.1461 0.0, 0.1892 0.1357 0.0079, 0.1892 0.1357 0.0, 0.1934 0.1205 0.0079, 0.1934 0.1205 0.0, 0.3409 -0.0 0.0, 0.3409 -0.0 0.0079, 0.3409 0.1969 0.0, 0.3409 0.1969 0.0079, 0.2401 -0.0 0.0, 0.2401 -0.0 0.0079, 0.2401 0.0216 0.0, 0.2401 0.0216 0.0079, 0.3145 0.0216 0.0, 0.3145 0.0216 0.0079, 0.3145 0.1969 0.0, 0.3145 0.1969 0.0079
            ]
        }
        coordIndex [
            0,1,2,-1,2,1,3,-1,4,5,0,-1,0,5,1,-1,6,7,4,-1,4,7,5,-1,8,9,6,-1,6,9,7,-1,10,11,8,-1,8,11,9,-1,12,13,10,-1,10,13,11,-1,14,15,12,-1,12,15,13,-1,14,2,15,-1,15,2,3,-1,16,17,13,-1,15,3,1,-1,18,11,19,-1,19,11,13,-1,19,13,20,-1,20,13,17,-1,13,15,16,-1,16,15,1,-1,16,1,21,-1,21,1,5,-1,18,22,11,-1,11,22,21,-1,11,21,9,-1,9,21,5,-1,9,5,7,-1,16,23,17,-1,17,23,24,-1,21,25,16,-1,16,25,23,-1,22,26,21,-1,21,26,25,-1,26,22,18,-1,26,18,27,-1,27,18,19,-1,27,19,28,-1,28,19,20,-1,28,20,29,-1,29,20,17,-1,29,17,24,-1,30,31,32,-1,32,31,33,-1,34,35,30,-1,30,35,31,-1,36,37,38,-1,36,38,39,-1,39,38,40,-1,39,40,41,-1,41,40,42,-1,41,42,43,-1,43,42,44,-1,43,44,45,-1,45,44,46,-1,45,46,47,-1,47,46,48,-1,47,48,49,-1,49,48,35,-1,49,35,34,-1,50,51,52,-1,50,52,53,-1,53,52,54,-1,53,54,55,-1,55,54,56,-1,55,56,57,-1,57,56,58,-1,57,58,59,-1,59,58,60,-1,59,60,61,-1,61,60,62,-1,61,62,63,-1,63,62,37,-1,63,37,36,-1,50,32,51,-1,51,32,33,-1,64,65,37,-1,37,65,38,-1,38,65,66,-1,38,66,40,-1,66,67,40,-1,40,67,68,-1,40,68,42,-1,42,68,69,-1,42,69,44,-1,44,69,70,-1,44,70,46,-1,46,70,71,-1,37,62,64,-1,64,62,60,-1,64,60,72,-1,72,60,58,-1,72,58,73,-1,73,58,56,-1,73,56,74,-1,74,56,54,-1,74,54,75,-1,75,54,76,-1,76,54,52,-1,76,52,77,-1,77,52,51,-1,77,51,78,-1,78,51,33,-1,78,33,79,-1,79,33,31,-1,79,31,80,-1,80,31,35,-1,80,35,71,-1,71,35,48,-1,71,48,46,-1,81,65,64,-1,81,64,82,-1,82,64,72,-1,82,72,83,-1,83,72,73,-1,83,73,84,-1,84,73,74,-1,84,74,85,-1,85,74,75,-1,85,75,86,-1,86,75,76,-1,86,76,87,-1,87,76,77,-1,87,77,88,-1,78,89,77,-1,77,89,88,-1,79,90,78,-1,78,90,89,-1,80,91,79,-1,79,91,90,-1,91,80,71,-1,91,71,92,-1,92,71,70,-1,92,70,93,-1,93,70,69,-1,93,69,94,-1,94,69,68,-1,94,68,95,-1,95,68,67,-1,95,67,96,-1,96,67,66,-1,96,66,97,-1,97,66,65,-1,97,65,81,-1,98,99,100,-1,100,99,101,-1,102,103,98,-1,98,103,99,-1,104,105,102,-1,102,105,103,-1,106,107,104,-1,104,107,105,-1,108,109,106,-1,106,109,107,-1,110,111,108,-1,108,111,109,-1,112,113,110,-1,110,113,111,-1,114,115,112,-1,112,115,113,-1,116,117,114,-1,114,117,115,-1,118,119,116,-1,116,119,117,-1,120,121,118,-1,118,121,119,-1,120,100,121,-1,121,100,101,-1,113,115,117,-1,117,119,113,-1,113,119,121,-1,113,121,111,-1,107,109,105,-1,105,109,111,-1,105,111,103,-1,103,111,121,-1,103,121,99,-1,99,121,101,-1,122,123,124,-1,122,124,125,-1,125,124,126,-1,125,126,127,-1,128,129,122,-1,122,129,123,-1,130,131,132,-1,130,132,133,-1,133,132,129,-1,133,129,128,-1,134,135,136,-1,134,136,137,-1,137,136,138,-1,137,138,139,-1,139,138,140,-1,139,140,141,-1,141,140,142,-1,141,142,143,-1,143,142,144,-1,143,144,145,-1,145,144,146,-1,145,146,147,-1,147,146,131,-1,147,131,130,-1,148,149,150,-1,148,150,151,-1,150,152,151,-1,151,152,153,-1,151,153,154,-1,154,153,155,-1,154,155,156,-1,156,155,157,-1,156,157,158,-1,158,157,159,-1,158,159,160,-1,160,159,161,-1,160,161,162,-1,162,161,135,-1,162,135,134,-1,163,164,165,-1,165,164,166,-1,163,165,167,-1,167,165,150,-1,167,150,149,-1,168,169,164,-1,164,169,166,-1,170,171,172,-1,170,172,173,-1,173,172,169,-1,173,169,168,-1,174,175,176,-1,174,176,177,-1,177,176,178,-1,177,178,179,-1,179,178,180,-1,179,180,181,-1,181,180,182,-1,181,182,183,-1,183,182,184,-1,183,184,185,-1,185,184,186,-1,185,186,187,-1,187,186,171,-1,187,171,170,-1,127,126,188,-1,127,188,189,-1,189,188,190,-1,189,190,191,-1,191,190,192,-1,191,192,193,-1,193,192,194,-1,193,194,195,-1,195,194,196,-1,195,196,197,-1,197,196,198,-1,197,198,199,-1,199,198,175,-1,199,175,174,-1,123,129,124,-1,124,129,132,-1,124,132,126,-1,126,132,131,-1,126,131,188,-1,188,131,146,-1,188,146,190,-1,176,159,178,-1,178,159,157,-1,178,157,180,-1,180,157,155,-1,180,155,182,-1,182,155,153,-1,146,144,190,-1,190,144,142,-1,190,142,192,-1,192,142,140,-1,192,140,194,-1,194,140,138,-1,194,138,196,-1,166,169,165,-1,165,169,172,-1,165,172,150,-1,150,172,171,-1,150,171,152,-1,152,171,186,-1,152,186,153,-1,153,186,184,-1,153,184,182,-1,196,138,198,-1,198,138,136,-1,198,136,175,-1,175,136,135,-1,175,135,176,-1,176,135,161,-1,176,161,159,-1,200,201,202,-1,202,201,203,-1,204,205,200,-1,200,205,201,-1,206,207,204,-1,204,207,205,-1,208,209,206,-1,206,209,207,-1,210,211,208,-1,208,211,209,-1,210,202,211,-1,211,202,203,-1,211,203,209,-1,209,203,201,-1,209,201,207,-1,207,201,205,-1,
        ]
    }
}
Shape{
    appearance Appearance {
        material  Material 	{
            diffuseColor 0.9686274509803922 0.8784313725490196 0.6
            specularColor 0.6784313725490196 0.615686274509804 0.4196078431372549
            ambientIntensity 0.8737
            transparency 0.0
            shininess 0.5
        }
    }
    geometry IndexedFaceSet {
        ccw TRUE
        solid FALSE
        coord DEF co Coordinate {
            point [
                -0.3327 0.0768 0.0, -0.3985 0.0768 0.0, -0.362 0.159 0.0, -0.3689 0.159 0.0, -0.3639 0.1659 0.0, -0.3671 0.166 0.0, -0.3652 0.1728 0.0, -0.161 0.1752 0.0, -0.132 0.1752 0.0, -0.2339 0.0767 0.0, -0.2297 0.0616 0.0, -0.1987 0.1676 0.0, -0.184 0.1717 0.0, -0.231 0.127 0.0, -0.2376 0.1003 0.0, -0.132 0.0216 0.0, -0.1599 0.0216 0.0, -0.1875 0.0283 0.0, -0.2078 0.0364 0.0, -0.2181 0.0438 0.0, -0.2245 0.0513 0.0, -0.2086 0.1626 0.0, -0.223 0.1465 0.0, -0.2158 0.1565 0.0
            ]
        }
        coordIndex [
            0,1,2,-1,2,1,3,-1,2,3,4,-1,4,3,5,-1,4,5,6,-1,7,8,9,-1,9,8,10,-1,11,12,13,-1,7,9,12,-1,12,9,14,-1,12,14,13,-1,15,16,8,-1,8,16,17,-1,8,17,18,-1,18,19,8,-1,8,19,20,-1,8,20,10,-1,11,13,21,-1,21,13,22,-1,21,22,23,-1,
        ]
    }
}