#VRML V2.0 utf8
# 3D model generated by easyeda2kicad.py (https://github.com/uPesy/easyeda2kicad.py)

Shape{
    appearance Appearance {
        material  Material 	{
            diffuseColor 0.2235294117647059 0.2235294117647059 0.2235294117647059
            specularColor 0.11372549019607843 0.11372549019607843 0.11372549019607843
            ambientIntensity 0.2235
            transparency 0.0
            shininess 0.5
        }
    }
    geometry IndexedFaceSet {
        ccw TRUE
        solid FALSE
        coord DEF co Coordinate {
            point [
                0.4724 -0.8071 0.4016, 0.4724 -0.8071 0.0866, 0.4724 -0.3937 0.4016, 0.4724 -0.3937 0.0866, -0.4724 0.8071 0.4016, -0.4724 0.8071 0.0866, -0.4724 0.3937 0.4016, -0.4724 0.3937 0.0866, -0.4606 0.3937 0.0866, 0.4606 -0.3937 0.0866, 0.4528 -0.8071 0.0866, 0.4606 0.3937 0.0866, 0.4528 0.8071 0.0866, -0.4528 0.8071 0.0866, -0.4528 -0.8071 0.0866, -0.4606 -0.3937 0.0866, -0.4514 0.8173 0.0866, -0.4704 0.8224 0.0866, -0.4475 0.8268 0.0866, -0.4645 0.8366 0.0866, -0.4412 0.8349 0.0866, -0.4551 0.8488 0.0866, -0.4331 0.8412 0.0866, -0.4429 0.8582 0.0866, -0.4236 0.8451 0.0866, -0.4287 0.8641 0.0866, -0.4134 0.8465 0.0866, -0.4134 0.8661 0.0866, 0.4134 0.8465 0.0866, 0.4134 0.8661 0.0866, 0.4236 0.8451 0.0866, 0.4287 0.8641 0.0866, 0.4331 0.8412 0.0866, 0.4429 0.8582 0.0866, 0.4412 0.8349 0.0866, 0.4551 0.8488 0.0866, 0.4475 0.8268 0.0866, 0.4645 0.8366 0.0866, 0.4514 0.8173 0.0866, 0.4704 0.8224 0.0866, 0.4724 0.8071 0.0866, 0.4724 0.3937 0.0866, 0.4514 -0.8173 0.0866, 0.4704 -0.8224 0.0866, 0.4475 -0.8268 0.0866, 0.4645 -0.8366 0.0866, 0.4412 -0.8349 0.0866, 0.4551 -0.8488 0.0866, 0.4331 -0.8412 0.0866, 0.4429 -0.8582 0.0866, 0.4236 -0.8451 0.0866, 0.4287 -0.8641 0.0866, 0.4134 -0.8465 0.0866, 0.4134 -0.8661 0.0866, -0.4134 -0.8465 0.0866, -0.4134 -0.8661 0.0866, -0.4236 -0.8451 0.0866, -0.4287 -0.8641 0.0866, -0.4331 -0.8412 0.0866, -0.4429 -0.8582 0.0866, -0.4412 -0.8349 0.0866, -0.4551 -0.8488 0.0866, -0.4475 -0.8268 0.0866, -0.4645 -0.8366 0.0866, -0.4514 -0.8173 0.0866, -0.4704 -0.8224 0.0866, -0.4724 -0.8071 0.0866, -0.4724 -0.3937 0.0866, -0.4724 -0.8071 0.4016, -0.4724 -0.3937 0.4016, -0.4134 0.8661 0.4016, 0.4134 0.8661 0.4016, 0.4724 0.8071 0.4016, 0.4724 0.3937 0.4016, -0.4134 -0.8661 0.4016, 0.4134 -0.8661 0.4016, 0.038 0.6145 0.4016, 0.0394 0.6043 0.4016, 0.4606 0.3937 0.4016, -0.0278 0.6322 0.4016, -0.0197 0.6384 0.4016, -0.4606 0.3937 0.4016, 0.0 0.6437 0.4016, 0.0102 0.6424 0.4016, -0.4704 0.8224 0.4016, 0.0341 0.624 0.4016, 0.4287 0.8641 0.4016, 0.0278 0.6322 0.4016, 0.0197 0.6384 0.4016, 0.4704 0.8224 0.4016, 0.4645 0.8366 0.4016, -0.0204 -0.5007 0.4016, 0.0 -0.498 0.4016, 0.4606 -0.3937 0.4016, 0.0204 -0.5007 0.4016, 0.0394 -0.5086 0.4016, -0.038 0.5941 0.4016, -0.0394 0.6043 0.4016, 0.4551 0.8488 0.4016, 0.4429 0.8582 0.4016, 0.0557 -0.5211 0.4016, 0.0682 -0.5374 0.4016, 0.0557 -0.6324 0.4016, 0.0394 -0.645 0.4016, 0.0204 -0.6528 0.4016, 0.0 -0.6555 0.4016, -0.0394 -0.645 0.4016, -0.4704 -0.8224 0.4016, -0.4606 -0.3937 0.4016, -0.0557 -0.6324 0.4016, -0.0682 -0.6161 0.4016, -0.038 0.6145 0.4016, -0.0341 0.624 0.4016, 0.0761 -0.5564 0.4016, 0.0787 -0.5768 0.4016, 0.0761 -0.5972 0.4016, 0.4704 -0.8224 0.4016, 0.0682 -0.6161 0.4016, 0.4287 -0.8641 0.4016, 0.4429 -0.8582 0.4016, -0.4645 -0.8366 0.4016, -0.4551 -0.8488 0.4016, -0.4429 -0.8582 0.4016, -0.0204 -0.6528 0.4016, -0.4287 -0.8641 0.4016, -0.0102 0.6424 0.4016, -0.4287 0.8641 0.4016, -0.4429 0.8582 0.4016, 0.4551 -0.8488 0.4016, 0.4645 -0.8366 0.4016, -0.4551 0.8488 0.4016, -0.4645 0.8366 0.4016, -0.0761 -0.5972 0.4016, -0.0787 -0.5768 0.4016, -0.0761 -0.5564 0.4016, -0.0102 0.5663 0.4016, -0.0197 0.5702 0.4016, -0.0278 0.5765 0.4016, -0.0341 0.5846 0.4016, 0.0278 0.5765 0.4016, 0.0341 0.5846 0.4016, 0.038 0.5941 0.4016, 0.0197 0.5702 0.4016, 0.0102 0.5663 0.4016, 0.0 0.565 0.4016, -0.0394 -0.5086 0.4016, -0.0557 -0.5211 0.4016, -0.0682 -0.5374 0.4016, 0.0394 0.6043 0.3819, 0.038 0.6145 0.3819, 0.0341 0.624 0.3819, 0.0278 0.6322 0.3819, 0.0197 0.6384 0.3819, 0.0102 0.6424 0.3819, 0.0 0.6437 0.3819, -0.0102 0.6424 0.3819, -0.0197 0.6384 0.3819, -0.0278 0.6322 0.3819, -0.0341 0.624 0.3819, -0.038 0.6145 0.3819, -0.0394 0.6043 0.3819, -0.038 0.5941 0.3819, -0.0341 0.5846 0.3819, -0.0278 0.5765 0.3819, -0.0197 0.5702 0.3819, -0.0102 0.5663 0.3819, 0.0 0.565 0.3819, 0.0102 0.5663 0.3819, 0.0197 0.5702 0.3819, 0.0278 0.5765 0.3819, 0.0341 0.5846 0.3819, 0.038 0.5941 0.3819, 0.0787 -0.5768 0.3819, 0.0761 -0.5564 0.3819, 0.0682 -0.5374 0.3819, 0.0557 -0.5211 0.3819, 0.0394 -0.5086 0.3819, 0.0204 -0.5007 0.3819, 0.0 -0.498 0.3819, -0.0204 -0.5007 0.3819, -0.0394 -0.5086 0.3819, -0.0557 -0.5211 0.3819, -0.0682 -0.5374 0.3819, -0.0761 -0.5564 0.3819, -0.0787 -0.5768 0.3819, -0.0761 -0.5972 0.3819, -0.0682 -0.6161 0.3819, -0.0557 -0.6324 0.3819, -0.0394 -0.645 0.3819, -0.0204 -0.6528 0.3819, 0.0 -0.6555 0.3819, 0.0204 -0.6528 0.3819, 0.0394 -0.645 0.3819, 0.0557 -0.6324 0.3819, 0.0682 -0.6161 0.3819, 0.0761 -0.5972 0.3819
            ]
        }
        coordIndex [
            0,1,2,-1,2,1,3,-1,4,5,6,-1,6,5,7,-1,8,7,5,-1,9,10,11,-1,11,10,12,-1,13,14,15,-1,15,8,13,-1,13,8,5,-1,13,5,16,-1,16,5,17,-1,16,17,18,-1,18,17,19,-1,18,19,20,-1,20,19,21,-1,20,21,22,-1,22,21,23,-1,22,23,24,-1,24,23,25,-1,24,25,26,-1,26,25,27,-1,26,27,28,-1,28,27,29,-1,28,29,30,-1,30,29,31,-1,30,31,32,-1,32,31,33,-1,32,33,34,-1,34,33,35,-1,34,35,36,-1,36,35,37,-1,36,37,38,-1,38,37,39,-1,38,39,12,-1,12,39,40,-1,12,40,11,-1,11,40,41,-1,9,3,10,-1,10,3,1,-1,10,1,42,-1,42,1,43,-1,42,43,44,-1,44,43,45,-1,44,45,46,-1,46,45,47,-1,46,47,48,-1,48,47,49,-1,48,49,50,-1,50,49,51,-1,50,51,52,-1,52,51,53,-1,52,53,54,-1,54,53,55,-1,54,55,56,-1,56,55,57,-1,56,57,58,-1,58,57,59,-1,58,59,60,-1,60,59,61,-1,60,61,62,-1,62,61,63,-1,62,63,64,-1,64,63,65,-1,64,65,14,-1,14,65,66,-1,14,66,15,-1,15,66,67,-1,66,68,67,-1,67,68,69,-1,70,71,27,-1,27,71,29,-1,40,72,41,-1,41,72,73,-1,55,53,74,-1,74,53,75,-1,76,77,72,-1,72,77,78,-1,72,78,73,-1,79,80,81,-1,71,82,83,-1,6,81,4,-1,4,81,80,-1,4,80,84,-1,85,86,87,-1,87,86,71,-1,87,71,88,-1,88,71,83,-1,76,72,85,-1,85,72,89,-1,85,89,90,-1,91,92,93,-1,93,92,94,-1,93,94,95,-1,96,97,81,-1,90,98,85,-1,85,98,99,-1,85,99,86,-1,95,100,93,-1,93,100,101,-1,93,101,2,-1,102,103,75,-1,75,103,104,-1,75,104,74,-1,74,104,105,-1,69,68,106,-1,106,68,107,-1,69,106,108,-1,108,106,109,-1,108,109,110,-1,97,111,81,-1,81,111,112,-1,81,112,79,-1,101,113,2,-1,2,113,114,-1,2,114,0,-1,0,114,115,-1,0,115,116,-1,116,115,117,-1,102,75,117,-1,117,75,118,-1,117,118,119,-1,107,120,106,-1,106,120,121,-1,106,121,122,-1,105,123,74,-1,74,123,106,-1,74,106,124,-1,124,106,122,-1,82,71,125,-1,125,71,70,-1,125,70,80,-1,80,70,126,-1,80,126,127,-1,119,128,117,-1,117,128,129,-1,117,129,116,-1,127,130,80,-1,80,130,131,-1,80,131,84,-1,110,132,108,-1,108,132,133,-1,108,133,134,-1,135,136,108,-1,108,136,137,-1,108,137,81,-1,81,137,138,-1,81,138,96,-1,139,93,140,-1,140,93,78,-1,140,78,141,-1,141,78,77,-1,139,142,93,-1,93,142,143,-1,93,143,91,-1,91,143,144,-1,91,144,145,-1,145,144,135,-1,145,135,146,-1,146,135,108,-1,146,108,147,-1,147,108,134,-1,5,4,84,-1,5,84,17,-1,17,84,131,-1,17,131,19,-1,19,131,130,-1,19,130,21,-1,21,130,127,-1,21,127,23,-1,23,127,126,-1,23,126,25,-1,25,126,70,-1,25,70,27,-1,55,74,124,-1,55,124,57,-1,57,124,122,-1,57,122,59,-1,59,122,121,-1,59,121,61,-1,61,121,120,-1,61,120,63,-1,63,120,107,-1,63,107,65,-1,65,107,68,-1,65,68,66,-1,1,0,116,-1,1,116,43,-1,43,116,129,-1,43,129,45,-1,45,129,128,-1,45,128,47,-1,47,128,119,-1,47,119,49,-1,49,119,118,-1,49,118,51,-1,51,118,75,-1,51,75,53,-1,29,71,86,-1,29,86,31,-1,31,86,99,-1,31,99,33,-1,33,99,98,-1,33,98,35,-1,35,98,90,-1,35,90,37,-1,37,90,89,-1,37,89,39,-1,39,89,72,-1,39,72,40,-1,148,77,149,-1,149,77,76,-1,149,76,150,-1,150,76,85,-1,150,85,151,-1,151,85,87,-1,151,87,152,-1,152,87,88,-1,152,88,153,-1,153,88,83,-1,153,83,154,-1,154,83,82,-1,154,82,155,-1,155,82,125,-1,155,125,156,-1,156,125,80,-1,156,80,157,-1,157,80,79,-1,157,79,158,-1,158,79,112,-1,158,112,159,-1,159,112,111,-1,159,111,160,-1,160,111,97,-1,160,97,161,-1,161,97,96,-1,161,96,162,-1,162,96,138,-1,162,138,163,-1,163,138,137,-1,163,137,164,-1,164,137,136,-1,164,136,165,-1,165,136,135,-1,165,135,166,-1,166,135,144,-1,166,144,167,-1,167,144,143,-1,167,143,168,-1,168,143,142,-1,168,142,169,-1,169,142,139,-1,169,139,170,-1,170,139,140,-1,170,140,171,-1,171,140,141,-1,171,141,148,-1,148,141,77,-1,172,114,173,-1,173,114,113,-1,173,113,174,-1,174,113,101,-1,174,101,175,-1,175,101,100,-1,175,100,176,-1,176,100,95,-1,176,95,177,-1,177,95,94,-1,177,94,178,-1,178,94,92,-1,178,92,179,-1,179,92,91,-1,179,91,180,-1,180,91,145,-1,180,145,181,-1,181,145,146,-1,181,146,182,-1,182,146,147,-1,182,147,183,-1,183,147,134,-1,183,134,184,-1,184,134,133,-1,184,133,185,-1,185,133,132,-1,185,132,186,-1,186,132,110,-1,186,110,187,-1,187,110,109,-1,187,109,188,-1,188,109,106,-1,188,106,189,-1,189,106,123,-1,189,123,190,-1,190,123,105,-1,190,105,191,-1,191,105,104,-1,191,104,192,-1,192,104,103,-1,192,103,193,-1,193,103,102,-1,193,102,194,-1,194,102,117,-1,194,117,195,-1,195,117,115,-1,195,115,172,-1,172,115,114,-1,6,7,81,-1,81,7,8,-1,81,8,108,-1,108,8,15,-1,108,15,69,-1,69,15,67,-1,2,3,93,-1,93,3,9,-1,93,9,78,-1,78,9,11,-1,78,11,73,-1,73,11,41,-1,
        ]
    }
}
Shape{
    appearance Appearance {
        material  Material 	{
            diffuseColor 0.0 0.5607843137254902 0.06274509803921569
            specularColor 0.0 0.2784313725490196 0.03137254901960784
            ambientIntensity 0.3363
            transparency 0.0
            shininess 0.5
        }
    }
    geometry IndexedFaceSet {
        ccw TRUE
        solid FALSE
        coord DEF co Coordinate {
            point [
                0.0682 -0.6161 0.3819, 0.0761 -0.5972 0.3819, 0.0 -0.5768 0.3819, 0.0787 -0.5768 0.3819, 0.0761 -0.5564 0.3819, 0.0204 -0.6528 0.3819, 0.0394 -0.645 0.3819, 0.0557 -0.6324 0.3819, -0.0394 -0.645 0.3819, -0.0204 -0.6528 0.3819, 0.0 -0.6555 0.3819, -0.0761 -0.5972 0.3819, -0.0682 -0.6161 0.3819, -0.0557 -0.6324 0.3819, -0.0682 -0.5374 0.3819, -0.0761 -0.5564 0.3819, -0.0787 -0.5768 0.3819, -0.0204 -0.5007 0.3819, -0.0394 -0.5086 0.3819, -0.0557 -0.5211 0.3819, 0.0394 -0.5086 0.3819, 0.0204 -0.5007 0.3819, 0.0 -0.498 0.3819, 0.0682 -0.5374 0.3819, 0.0557 -0.5211 0.3819, 0.0341 0.5846 0.3819, 0.038 0.5941 0.3819, 0.0 0.6043 0.3819, 0.0394 0.6043 0.3819, 0.038 0.6145 0.3819, 0.0102 0.5663 0.3819, 0.0197 0.5702 0.3819, 0.0278 0.5765 0.3819, -0.0197 0.5702 0.3819, -0.0102 0.5663 0.3819, 0.0 0.565 0.3819, -0.038 0.5941 0.3819, -0.0341 0.5846 0.3819, -0.0278 0.5765 0.3819, -0.0341 0.624 0.3819, -0.038 0.6145 0.3819, -0.0394 0.6043 0.3819, -0.0102 0.6424 0.3819, -0.0197 0.6384 0.3819, -0.0278 0.6322 0.3819, 0.0197 0.6384 0.3819, 0.0102 0.6424 0.3819, 0.0 0.6437 0.3819, 0.0341 0.624 0.3819, 0.0278 0.6322 0.3819, 0.4134 0.8465 0.0669, 0.4134 0.8465 0.0866, 0.4236 0.8451 0.0866, 0.4236 0.8451 0.0669, 0.4331 0.8412 0.0866, 0.4331 0.8412 0.0669, 0.4412 0.8349 0.0866, 0.4412 0.8349 0.0669, 0.4475 0.8268 0.0866, 0.4475 0.8268 0.0669, 0.4514 0.8173 0.0866, 0.4514 0.8173 0.0669, 0.4528 0.8071 0.0866, 0.4528 0.8071 0.0669, 0.4528 -0.8071 0.0669, 0.4528 -0.8071 0.0866, 0.4514 -0.8173 0.0866, 0.4514 -0.8173 0.0669, 0.4475 -0.8268 0.0866, 0.4475 -0.8268 0.0669, 0.4412 -0.8349 0.0866, 0.4412 -0.8349 0.0669, 0.4331 -0.8412 0.0866, 0.4331 -0.8412 0.0669, 0.4236 -0.8451 0.0866, 0.4236 -0.8451 0.0669, 0.4134 -0.8465 0.0866, 0.4134 -0.8465 0.0669, -0.4134 -0.8465 0.0669, -0.4134 -0.8465 0.0866, -0.4236 -0.8451 0.0866, -0.4236 -0.8451 0.0669, -0.4331 -0.8412 0.0866, -0.4331 -0.8412 0.0669, -0.4412 -0.8349 0.0866, -0.4412 -0.8349 0.0669, -0.4475 -0.8268 0.0866, -0.4475 -0.8268 0.0669, -0.4514 -0.8173 0.0866, -0.4514 -0.8173 0.0669, -0.4528 -0.8071 0.0866, -0.4528 -0.8071 0.0669, -0.4528 0.8071 0.0669, -0.4528 0.8071 0.0866, -0.4514 0.8173 0.0866, -0.4514 0.8173 0.0669, -0.4475 0.8268 0.0866, -0.4475 0.8268 0.0669, -0.4412 0.8349 0.0866, -0.4412 0.8349 0.0669, -0.4331 0.8412 0.0866, -0.4331 0.8412 0.0669, -0.4236 0.8451 0.0866, -0.4236 0.8451 0.0669, -0.4134 0.8465 0.0866, -0.4134 0.8465 0.0669
            ]
        }
        coordIndex [
            0,1,2,-1,2,1,3,-1,2,3,4,-1,5,6,2,-1,2,6,7,-1,2,7,0,-1,8,9,2,-1,2,9,10,-1,2,10,5,-1,11,12,2,-1,2,12,13,-1,2,13,8,-1,14,15,2,-1,2,15,16,-1,2,16,11,-1,17,18,2,-1,2,18,19,-1,2,19,14,-1,20,21,2,-1,2,21,22,-1,2,22,17,-1,4,23,2,-1,2,23,24,-1,2,24,20,-1,25,26,27,-1,27,26,28,-1,27,28,29,-1,30,31,27,-1,27,31,32,-1,27,32,25,-1,33,34,27,-1,27,34,35,-1,27,35,30,-1,36,37,27,-1,27,37,38,-1,27,38,33,-1,39,40,27,-1,27,40,41,-1,27,41,36,-1,42,43,27,-1,27,43,44,-1,27,44,39,-1,45,46,27,-1,27,46,47,-1,27,47,42,-1,29,48,27,-1,27,48,49,-1,27,49,45,-1,50,51,52,-1,50,52,53,-1,53,52,54,-1,53,54,55,-1,55,54,56,-1,55,56,57,-1,57,56,58,-1,57,58,59,-1,59,58,60,-1,59,60,61,-1,61,60,62,-1,61,62,63,-1,64,65,66,-1,64,66,67,-1,67,66,68,-1,67,68,69,-1,69,68,70,-1,69,70,71,-1,71,70,72,-1,71,72,73,-1,73,72,74,-1,73,74,75,-1,75,74,76,-1,75,76,77,-1,78,79,80,-1,78,80,81,-1,81,80,82,-1,81,82,83,-1,83,82,84,-1,83,84,85,-1,85,84,86,-1,85,86,87,-1,87,86,88,-1,87,88,89,-1,89,88,90,-1,89,90,91,-1,92,93,94,-1,92,94,95,-1,95,94,96,-1,95,96,97,-1,97,96,98,-1,97,98,99,-1,99,98,100,-1,99,100,101,-1,101,100,102,-1,101,102,103,-1,103,102,104,-1,103,104,105,-1,93,92,90,-1,90,92,91,-1,79,78,76,-1,76,78,77,-1,65,64,62,-1,62,64,63,-1,51,50,104,-1,104,50,105,-1,64,91,63,-1,63,91,92,-1,67,69,64,-1,64,69,71,-1,64,71,73,-1,95,97,105,-1,97,99,105,-1,105,99,101,-1,105,101,103,-1,78,91,77,-1,77,91,64,-1,77,64,75,-1,75,64,73,-1,83,85,87,-1,59,50,57,-1,57,50,53,-1,57,53,55,-1,78,81,91,-1,91,81,83,-1,91,83,89,-1,89,83,87,-1,59,61,50,-1,50,61,63,-1,50,63,105,-1,105,63,92,-1,105,92,95,-1,
        ]
    }
}
Shape{
    appearance Appearance {
        material  Material 	{
            diffuseColor 1.0 1.0 1.0
            specularColor 0.011764705882352941 0.011764705882352941 0.011764705882352941
            ambientIntensity 1.0
            transparency 0.0
            shininess 0.5
        }
    }
    geometry IndexedFaceSet {
        ccw TRUE
        solid FALSE
        coord DEF co Coordinate {
            point [
                0.4134 0.8465 0.0157, 0.4134 0.8465 0.0669, 0.4236 0.8451 0.0669, 0.4236 0.8451 0.0157, 0.4331 0.8412 0.0669, 0.4331 0.8412 0.0157, 0.4412 0.8349 0.0669, 0.4412 0.8349 0.0157, 0.4475 0.8268 0.0669, 0.4475 0.8268 0.0157, 0.4514 0.8173 0.0669, 0.4514 0.8173 0.0157, 0.4528 0.8071 0.0669, 0.4528 0.8071 0.0157, 0.4528 -0.8071 0.0157, 0.4528 -0.8071 0.0669, 0.4514 -0.8173 0.0669, 0.4514 -0.8173 0.0157, 0.4475 -0.8268 0.0669, 0.4475 -0.8268 0.0157, 0.4412 -0.8349 0.0669, 0.4412 -0.8349 0.0157, 0.4331 -0.8412 0.0669, 0.4331 -0.8412 0.0157, 0.4236 -0.8451 0.0669, 0.4236 -0.8451 0.0157, 0.4134 -0.8465 0.0669, 0.4134 -0.8465 0.0157, -0.4134 -0.8465 0.0157, -0.4134 -0.8465 0.0669, -0.4236 -0.8451 0.0669, -0.4236 -0.8451 0.0157, -0.4331 -0.8412 0.0669, -0.4331 -0.8412 0.0157, -0.4412 -0.8349 0.0669, -0.4412 -0.8349 0.0157, -0.4475 -0.8268 0.0669, -0.4475 -0.8268 0.0157, -0.4514 -0.8173 0.0669, -0.4514 -0.8173 0.0157, -0.4528 -0.8071 0.0669, -0.4528 -0.8071 0.0157, -0.4528 0.8071 0.0157, -0.4528 0.8071 0.0669, -0.4514 0.8173 0.0669, -0.4514 0.8173 0.0157, -0.4475 0.8268 0.0669, -0.4475 0.8268 0.0157, -0.4412 0.8349 0.0669, -0.4412 0.8349 0.0157, -0.4331 0.8412 0.0669, -0.4331 0.8412 0.0157, -0.4236 0.8451 0.0669, -0.4236 0.8451 0.0157, -0.4134 0.8465 0.0669, -0.4134 0.8465 0.0157
            ]
        }
        coordIndex [
            0,1,2,-1,0,2,3,-1,3,2,4,-1,3,4,5,-1,5,4,6,-1,5,6,7,-1,7,6,8,-1,7,8,9,-1,9,8,10,-1,9,10,11,-1,11,10,12,-1,11,12,13,-1,14,13,15,-1,15,13,12,-1,14,15,16,-1,14,16,17,-1,17,16,18,-1,17,18,19,-1,19,18,20,-1,19,20,21,-1,21,20,22,-1,21,22,23,-1,23,22,24,-1,23,24,25,-1,25,24,26,-1,25,26,27,-1,28,27,29,-1,29,27,26,-1,28,29,30,-1,28,30,31,-1,31,30,32,-1,31,32,33,-1,33,32,34,-1,33,34,35,-1,35,34,36,-1,35,36,37,-1,37,36,38,-1,37,38,39,-1,39,38,40,-1,39,40,41,-1,42,41,43,-1,43,41,40,-1,42,43,44,-1,42,44,45,-1,45,44,46,-1,45,46,47,-1,47,46,48,-1,47,48,49,-1,49,48,50,-1,49,50,51,-1,51,50,52,-1,51,52,53,-1,53,52,54,-1,53,54,55,-1,0,55,1,-1,1,55,54,-1,14,41,13,-1,13,41,42,-1,17,19,14,-1,14,19,21,-1,14,21,23,-1,45,47,55,-1,47,49,55,-1,55,49,51,-1,55,51,53,-1,28,41,27,-1,27,41,14,-1,27,14,25,-1,25,14,23,-1,33,35,37,-1,9,0,7,-1,7,0,3,-1,7,3,5,-1,28,31,41,-1,41,31,33,-1,41,33,39,-1,39,33,37,-1,9,11,0,-1,0,11,13,-1,0,13,55,-1,55,13,42,-1,55,42,45,-1,1,54,40,-1,40,32,30,-1,29,26,15,-1,40,38,32,-1,32,38,36,-1,32,36,34,-1,16,15,18,-1,18,15,20,-1,50,48,43,-1,43,48,46,-1,43,46,44,-1,26,24,15,-1,15,24,22,-1,15,22,20,-1,10,8,1,-1,1,8,6,-1,1,6,2,-1,2,6,4,-1,40,54,43,-1,43,54,52,-1,43,52,50,-1,30,29,40,-1,40,29,15,-1,40,15,1,-1,1,15,12,-1,1,12,10,-1,
        ]
    }
}
Shape{
    appearance Appearance {
        material  Material 	{
            diffuseColor 1.0 0.8392156862745098 0.30980392156862746
            specularColor 0.5019607843137255 0.4196078431372549 0.1568627450980392
            ambientIntensity 0.8269
            transparency 0.0
            shininess 0.5
        }
    }
    geometry IndexedFaceSet {
        ccw TRUE
        solid FALSE
        coord DEF co Coordinate {
            point [
                -0.0984 0.7283 0.0, -0.0984 0.5315 0.0, -0.0984 0.7283 0.0079, -0.0984 0.5315 0.0079, 0.0984 0.7283 0.0, 0.0984 0.7283 0.0079, 0.0984 0.5315 0.0, 0.0984 0.5315 0.0079
            ]
        }
        coordIndex [
            0,1,2,-1,2,1,3,-1,4,0,5,-1,5,0,2,-1,6,4,7,-1,7,4,5,-1,1,6,3,-1,3,6,7,-1,4,6,0,-1,0,6,1,-1,7,5,3,-1,3,5,2,-1,
        ]
    }
}
Shape{
    appearance Appearance {
        material  Material 	{
            diffuseColor 0.0 0.5607843137254902 0.06274509803921569
            specularColor 0.0 0.2784313725490196 0.03137254901960784
            ambientIntensity 0.3363
            transparency 0.0
            shininess 0.5
        }
    }
    geometry IndexedFaceSet {
        ccw TRUE
        solid FALSE
        coord DEF co Coordinate {
            point [
                0.4528 -0.7283 0.0157, 0.4528 -0.8071 0.0157, 0.4528 -0.7283 0.0079, 0.4528 -0.8071 0.0079, 0.4528 -0.5315 0.0079, 0.4528 -0.4134 0.0079, 0.4528 -0.5315 0.0157, 0.4528 -0.4134 0.0157, 0.4528 -0.2165 0.0079, 0.4528 -0.0984 0.0079, 0.4528 -0.2165 0.0157, 0.4528 -0.0984 0.0157, 0.4528 0.0984 0.0079, 0.4528 0.2165 0.0079, 0.4528 0.0984 0.0157, 0.4528 0.2165 0.0157, 0.4528 0.4134 0.0079, 0.4528 0.5315 0.0079, 0.4528 0.4134 0.0157, 0.4528 0.5315 0.0157, 0.0394 -0.8465 0.0079, 0.4134 -0.8465 0.0079, 0.0394 -0.8465 0.0157, 0.4134 -0.8465 0.0157, -0.4528 0.7283 0.0157, -0.4528 0.8071 0.0157, -0.4528 0.7283 0.0079, -0.4528 0.8071 0.0079, -0.4528 0.5315 0.0079, -0.4528 0.4134 0.0079, -0.4528 0.5315 0.0157, -0.4528 0.4134 0.0157, -0.4528 0.2165 0.0079, -0.4528 0.0984 0.0079, -0.4528 0.2165 0.0157, -0.4528 0.0984 0.0157, -0.4528 -0.0984 0.0079, -0.4528 -0.2165 0.0079, -0.4528 -0.0984 0.0157, -0.4528 -0.2165 0.0157, -0.4528 -0.4134 0.0079, -0.4528 -0.5315 0.0079, -0.4528 -0.4134 0.0157, -0.4528 -0.5315 0.0157, 0.0394 0.8465 0.0157, 0.4134 0.8465 0.0157, 0.0394 0.8465 0.0079, 0.4134 0.8465 0.0079, 0.4236 0.8451 0.0157, 0.4236 0.8451 0.0079, 0.4331 0.8412 0.0157, 0.4331 0.8412 0.0079, 0.4412 0.8349 0.0157, 0.4412 0.8349 0.0079, 0.4475 0.8268 0.0157, 0.4475 0.8268 0.0079, 0.4514 0.8173 0.0157, 0.4514 0.8173 0.0079, 0.4528 0.8071 0.0157, 0.4528 0.8071 0.0079, 0.4528 0.7283 0.0079, 0.4528 0.7283 0.0157, 0.4514 -0.8173 0.0157, 0.4514 -0.8173 0.0079, 0.4475 -0.8268 0.0157, 0.4475 -0.8268 0.0079, 0.4412 -0.8349 0.0157, 0.4412 -0.8349 0.0079, 0.4331 -0.8412 0.0157, 0.4331 -0.8412 0.0079, 0.4236 -0.8451 0.0157, 0.4236 -0.8451 0.0079, -0.0394 -0.8465 0.0157, -0.4134 -0.8465 0.0157, -0.0394 -0.8465 0.0079, -0.4134 -0.8465 0.0079, -0.4236 -0.8451 0.0157, -0.4236 -0.8451 0.0079, -0.4331 -0.8412 0.0157, -0.4331 -0.8412 0.0079, -0.4412 -0.8349 0.0157, -0.4412 -0.8349 0.0079, -0.4475 -0.8268 0.0157, -0.4475 -0.8268 0.0079, -0.4514 -0.8173 0.0157, -0.4514 -0.8173 0.0079, -0.4528 -0.8071 0.0157, -0.4528 -0.8071 0.0079, -0.4528 -0.7283 0.0079, -0.4528 -0.7283 0.0157, -0.4514 0.8173 0.0157, -0.4514 0.8173 0.0079, -0.4475 0.8268 0.0157, -0.4475 0.8268 0.0079, -0.4412 0.8349 0.0157, -0.4412 0.8349 0.0079, -0.4331 0.8412 0.0157, -0.4331 0.8412 0.0079, -0.4236 0.8451 0.0157, -0.4236 0.8451 0.0079, -0.4134 0.8465 0.0157, -0.4134 0.8465 0.0079, -0.0394 0.8465 0.0079, -0.0394 0.8465 0.0157, -0.0394 0.8071 0.0079, 0.1575 0.4134 0.0079, -0.1575 0.4134 0.0079, 0.0394 0.8071 0.0079, 0.4134 0.4134 0.0079, 0.1575 -0.4134 0.0079, 0.4134 0.2165 0.0079, 0.4134 0.7283 0.0079, 0.4134 0.5315 0.0079, -0.4134 0.4134 0.0079, 0.4134 0.0984 0.0079, 0.4134 -0.0984 0.0079, 0.4134 -0.2165 0.0079, 0.4134 -0.4134 0.0079, 0.4134 -0.5315 0.0079, -0.0394 -0.8071 0.0079, -0.4134 -0.7283 0.0079, -0.4134 -0.4134 0.0079, -0.4134 -0.5315 0.0079, -0.4134 -0.2165 0.0079, 0.4134 -0.7283 0.0079, 0.0394 -0.8071 0.0079, -0.1575 -0.4134 0.0079, -0.4134 -0.0984 0.0079, -0.4134 0.0984 0.0079, -0.4134 0.7283 0.0079, -0.4134 0.5315 0.0079, -0.4134 0.2165 0.0079, -0.4134 0.7283 0.0157, 0.4134 -0.2165 0.0157, -0.4134 0.5315 0.0157, -0.4134 0.4134 0.0157, -0.4134 0.2165 0.0157, -0.4134 0.0984 0.0157, 0.4134 0.0984 0.0157, 0.4134 -0.0984 0.0157, 0.4134 -0.5315 0.0157, 0.4134 -0.4134 0.0157, -0.4134 -0.0984 0.0157, 0.4134 0.4134 0.0157, 0.4134 0.2165 0.0157, -0.4134 -0.2165 0.0157, -0.4134 -0.4134 0.0157, 0.4134 0.5315 0.0157, 0.4134 -0.7283 0.0157, -0.4134 -0.5315 0.0157, 0.4134 0.7283 0.0157, 0.0394 0.8071 0.0157, -0.0394 0.8071 0.0157, 0.0394 -0.8071 0.0157, -0.0394 -0.8071 0.0157, -0.4134 -0.7283 0.0157, 0.1575 -0.4134 0.0118, 0.1575 0.4134 0.0118, -0.1575 0.4134 0.0118, -0.1575 -0.4134 0.0118
            ]
        }
        coordIndex [
            0,1,2,-1,2,1,3,-1,4,5,6,-1,6,5,7,-1,8,9,10,-1,10,9,11,-1,12,13,14,-1,14,13,15,-1,16,17,18,-1,18,17,19,-1,20,21,22,-1,22,21,23,-1,24,25,26,-1,26,25,27,-1,28,29,30,-1,30,29,31,-1,32,33,34,-1,34,33,35,-1,36,37,38,-1,38,37,39,-1,40,41,42,-1,42,41,43,-1,44,45,46,-1,46,45,47,-1,47,45,48,-1,47,48,49,-1,49,48,50,-1,49,50,51,-1,51,50,52,-1,51,52,53,-1,53,52,54,-1,53,54,55,-1,55,54,56,-1,55,56,57,-1,57,56,58,-1,57,58,59,-1,60,59,61,-1,61,59,58,-1,3,1,62,-1,3,62,63,-1,63,62,64,-1,63,64,65,-1,65,64,66,-1,65,66,67,-1,67,66,68,-1,67,68,69,-1,69,68,70,-1,69,70,71,-1,71,70,23,-1,71,23,21,-1,72,73,74,-1,74,73,75,-1,75,73,76,-1,75,76,77,-1,77,76,78,-1,77,78,79,-1,79,78,80,-1,79,80,81,-1,81,80,82,-1,81,82,83,-1,83,82,84,-1,83,84,85,-1,85,84,86,-1,85,86,87,-1,88,87,89,-1,89,87,86,-1,27,25,90,-1,27,90,91,-1,91,90,92,-1,91,92,93,-1,93,92,94,-1,93,94,95,-1,95,94,96,-1,95,96,97,-1,97,96,98,-1,97,98,99,-1,99,98,100,-1,99,100,101,-1,102,101,103,-1,103,101,100,-1,104,105,106,-1,107,16,108,-1,95,27,93,-1,93,27,91,-1,95,97,27,-1,27,97,99,-1,27,99,101,-1,104,107,105,-1,105,107,108,-1,105,108,109,-1,109,108,110,-1,21,20,3,-1,60,111,59,-1,59,111,47,-1,17,16,112,-1,112,16,107,-1,112,107,111,-1,111,107,46,-1,111,46,47,-1,51,53,55,-1,113,29,28,-1,47,49,59,-1,59,49,51,-1,59,51,57,-1,57,51,55,-1,13,12,110,-1,110,12,114,-1,110,114,109,-1,109,114,115,-1,9,8,115,-1,115,8,116,-1,115,116,109,-1,109,116,117,-1,5,4,117,-1,117,4,118,-1,119,74,75,-1,88,120,87,-1,87,120,75,-1,79,81,83,-1,40,121,41,-1,41,121,122,-1,21,3,71,-1,75,77,87,-1,87,77,79,-1,87,79,85,-1,85,79,83,-1,123,37,36,-1,2,3,124,-1,124,3,20,-1,124,20,118,-1,118,20,125,-1,118,125,117,-1,125,119,117,-1,117,119,75,-1,117,75,109,-1,109,75,120,-1,109,120,126,-1,127,128,106,-1,63,65,67,-1,36,127,123,-1,123,127,106,-1,123,106,121,-1,121,106,126,-1,121,126,122,-1,122,126,120,-1,63,67,3,-1,3,67,69,-1,3,69,71,-1,129,26,27,-1,130,129,106,-1,106,129,27,-1,106,27,104,-1,104,27,101,-1,104,101,102,-1,33,32,128,-1,128,32,131,-1,128,131,106,-1,106,131,113,-1,106,113,130,-1,130,113,28,-1,45,44,58,-1,25,24,132,-1,133,10,11,-1,30,31,134,-1,134,31,135,-1,25,98,96,-1,96,94,25,-1,25,94,92,-1,25,92,90,-1,34,35,136,-1,136,35,137,-1,138,132,139,-1,139,132,134,-1,6,7,140,-1,140,7,141,-1,142,38,39,-1,143,132,144,-1,144,132,138,-1,144,138,15,-1,15,138,14,-1,145,146,23,-1,18,19,143,-1,143,19,147,-1,0,148,1,-1,1,148,23,-1,1,23,70,-1,39,145,142,-1,142,145,23,-1,142,23,137,-1,137,23,148,-1,137,148,136,-1,136,148,140,-1,136,140,135,-1,135,140,141,-1,135,141,134,-1,134,141,133,-1,134,133,139,-1,139,133,11,-1,42,43,146,-1,146,43,149,-1,45,58,48,-1,70,68,1,-1,1,68,66,-1,1,66,62,-1,62,66,64,-1,76,73,86,-1,61,58,150,-1,150,58,44,-1,150,44,147,-1,147,44,151,-1,147,151,143,-1,143,151,152,-1,143,152,132,-1,132,152,103,-1,132,103,25,-1,25,103,100,-1,25,100,98,-1,58,56,54,-1,22,23,153,-1,153,23,146,-1,153,146,154,-1,154,146,149,-1,154,149,72,-1,72,149,155,-1,72,155,73,-1,73,155,89,-1,73,89,86,-1,82,80,78,-1,54,52,58,-1,58,52,50,-1,58,50,48,-1,76,86,78,-1,78,86,84,-1,78,84,82,-1,156,157,109,-1,109,157,105,-1,157,158,105,-1,105,158,106,-1,158,159,106,-1,106,159,126,-1,159,156,126,-1,126,156,109,-1,159,158,156,-1,156,158,157,-1,151,44,107,-1,107,44,46,-1,103,152,102,-1,102,152,104,-1,152,151,104,-1,104,151,107,-1,22,153,20,-1,20,153,125,-1,153,154,125,-1,125,154,119,-1,154,72,119,-1,119,72,74,-1,150,147,111,-1,111,147,112,-1,147,19,112,-1,112,19,17,-1,61,150,60,-1,60,150,111,-1,143,144,108,-1,108,144,110,-1,144,15,110,-1,110,15,13,-1,18,143,16,-1,16,143,108,-1,138,139,114,-1,114,139,115,-1,139,11,115,-1,115,11,9,-1,14,138,12,-1,12,138,114,-1,133,141,116,-1,116,141,117,-1,141,7,117,-1,117,7,5,-1,10,133,8,-1,8,133,116,-1,140,148,118,-1,118,148,124,-1,148,0,124,-1,124,0,2,-1,6,140,4,-1,4,140,118,-1,155,149,120,-1,120,149,122,-1,149,43,122,-1,122,43,41,-1,89,155,88,-1,88,155,120,-1,146,145,121,-1,121,145,123,-1,145,39,123,-1,123,39,37,-1,42,146,40,-1,40,146,121,-1,142,137,127,-1,127,137,128,-1,137,35,128,-1,128,35,33,-1,38,142,36,-1,36,142,127,-1,136,135,131,-1,131,135,113,-1,135,31,113,-1,113,31,29,-1,34,136,32,-1,32,136,131,-1,134,132,130,-1,130,132,129,-1,132,24,129,-1,129,24,26,-1,30,134,28,-1,28,134,130,-1,
        ]
    }
}
Shape{
    appearance Appearance {
        material  Material 	{
            diffuseColor 1.0 0.8392156862745098 0.30980392156862746
            specularColor 0.5019607843137255 0.4196078431372549 0.1568627450980392
            ambientIntensity 0.8269
            transparency 0.0
            shininess 0.5
        }
    }
    geometry IndexedFaceSet {
        ccw TRUE
        solid FALSE
        coord DEF co Coordinate {
            point [
                -0.2165 0.5315 0.0, -0.2165 0.7283 0.0, -0.2165 0.5315 0.0079, -0.2165 0.7283 0.0079, -0.4134 0.5315 0.0, -0.4134 0.5315 0.0079, -0.4134 0.7283 0.0, -0.4134 0.7283 0.0079, -0.2165 0.2165 0.0, -0.2165 0.4134 0.0, -0.2165 0.2165 0.0079, -0.2165 0.4134 0.0079, -0.4134 0.2165 0.0, -0.4134 0.2165 0.0079, -0.4134 0.4134 0.0, -0.4134 0.4134 0.0079, -0.2165 -0.0984 0.0, -0.2165 0.0984 0.0, -0.2165 -0.0984 0.0079, -0.2165 0.0984 0.0079, -0.4134 -0.0984 0.0, -0.4134 -0.0984 0.0079, -0.4134 0.0984 0.0, -0.4134 0.0984 0.0079, -0.2165 -0.4134 0.0, -0.2165 -0.2165 0.0, -0.2165 -0.4134 0.0079, -0.2165 -0.2165 0.0079, -0.4134 -0.4134 0.0, -0.4134 -0.4134 0.0079, -0.4134 -0.2165 0.0, -0.4134 -0.2165 0.0079, -0.2165 -0.7283 0.0, -0.2165 -0.5315 0.0, -0.2165 -0.7283 0.0079, -0.2165 -0.5315 0.0079, -0.4134 -0.7283 0.0, -0.4134 -0.7283 0.0079, -0.4134 -0.5315 0.0, -0.4134 -0.5315 0.0079, -0.0984 -0.5315 0.0, -0.0984 -0.7283 0.0, -0.0984 -0.5315 0.0079, -0.0984 -0.7283 0.0079, 0.0984 -0.5315 0.0, 0.0984 -0.5315 0.0079, 0.0984 -0.7283 0.0, 0.0984 -0.7283 0.0079, 0.2165 -0.5315 0.0, 0.2165 -0.7283 0.0, 0.2165 -0.5315 0.0079, 0.2165 -0.7283 0.0079, 0.4134 -0.5315 0.0, 0.4134 -0.5315 0.0079, 0.4134 -0.7283 0.0, 0.4134 -0.7283 0.0079, 0.2165 -0.2165 0.0, 0.2165 -0.4134 0.0, 0.2165 -0.2165 0.0079, 0.2165 -0.4134 0.0079, 0.4134 -0.2165 0.0, 0.4134 -0.2165 0.0079, 0.4134 -0.4134 0.0, 0.4134 -0.4134 0.0079, 0.2165 0.0984 0.0, 0.2165 -0.0984 0.0, 0.2165 0.0984 0.0079, 0.2165 -0.0984 0.0079, 0.4134 0.0984 0.0, 0.4134 0.0984 0.0079, 0.4134 -0.0984 0.0, 0.4134 -0.0984 0.0079, 0.2165 0.4134 0.0, 0.2165 0.2165 0.0, 0.2165 0.4134 0.0079, 0.2165 0.2165 0.0079, 0.4134 0.4134 0.0, 0.4134 0.4134 0.0079, 0.4134 0.2165 0.0, 0.4134 0.2165 0.0079, 0.2165 0.7598 0.0, 0.2165 0.5315 0.0, 0.2165 0.7598 0.0079, 0.2165 0.5315 0.0079, 0.315 0.7598 0.0, 0.315 0.7598 0.0079, 0.315 0.7283 0.0, 0.315 0.7283 0.0079, 0.4134 0.7283 0.0, 0.4134 0.7283 0.0079, 0.4134 0.5315 0.0, 0.4134 0.5315 0.0079
            ]
        }
        coordIndex [
            0,1,2,-1,2,1,3,-1,4,0,5,-1,5,0,2,-1,6,4,7,-1,7,4,5,-1,1,6,3,-1,3,6,7,-1,4,6,0,-1,0,6,1,-1,7,5,3,-1,3,5,2,-1,8,9,10,-1,10,9,11,-1,12,8,13,-1,13,8,10,-1,14,12,15,-1,15,12,13,-1,9,14,11,-1,11,14,15,-1,12,14,8,-1,8,14,9,-1,15,13,11,-1,11,13,10,-1,16,17,18,-1,18,17,19,-1,20,16,21,-1,21,16,18,-1,22,20,23,-1,23,20,21,-1,17,22,19,-1,19,22,23,-1,20,22,16,-1,16,22,17,-1,23,21,19,-1,19,21,18,-1,24,25,26,-1,26,25,27,-1,28,24,29,-1,29,24,26,-1,30,28,31,-1,31,28,29,-1,25,30,27,-1,27,30,31,-1,28,30,24,-1,24,30,25,-1,31,29,27,-1,27,29,26,-1,32,33,34,-1,34,33,35,-1,36,32,37,-1,37,32,34,-1,38,36,39,-1,39,36,37,-1,33,38,35,-1,35,38,39,-1,36,38,32,-1,32,38,33,-1,39,37,35,-1,35,37,34,-1,40,41,42,-1,42,41,43,-1,44,40,45,-1,45,40,42,-1,46,44,47,-1,47,44,45,-1,41,46,43,-1,43,46,47,-1,44,46,40,-1,40,46,41,-1,47,45,43,-1,43,45,42,-1,48,49,50,-1,50,49,51,-1,52,48,53,-1,53,48,50,-1,54,52,55,-1,55,52,53,-1,49,54,51,-1,51,54,55,-1,52,54,48,-1,48,54,49,-1,55,53,51,-1,51,53,50,-1,56,57,58,-1,58,57,59,-1,60,56,61,-1,61,56,58,-1,62,60,63,-1,63,60,61,-1,57,62,59,-1,59,62,63,-1,60,62,56,-1,56,62,57,-1,63,61,59,-1,59,61,58,-1,64,65,66,-1,66,65,67,-1,68,64,69,-1,69,64,66,-1,70,68,71,-1,71,68,69,-1,65,70,67,-1,67,70,71,-1,68,70,64,-1,64,70,65,-1,71,69,67,-1,67,69,66,-1,72,73,74,-1,74,73,75,-1,76,72,77,-1,77,72,74,-1,78,76,79,-1,79,76,77,-1,73,78,75,-1,75,78,79,-1,76,78,72,-1,72,78,73,-1,79,77,75,-1,75,77,74,-1,80,81,82,-1,82,81,83,-1,84,80,85,-1,85,80,82,-1,86,84,87,-1,87,84,85,-1,88,86,89,-1,89,86,87,-1,90,88,91,-1,91,88,89,-1,81,90,83,-1,83,90,91,-1,88,90,86,-1,86,90,81,-1,86,81,84,-1,84,81,80,-1,85,82,87,-1,87,82,83,-1,87,83,89,-1,89,83,91,-1,
        ]
    }
}
Shape{
    appearance Appearance {
        material  Material 	{
            diffuseColor 0.0 0.0 0.0
            specularColor 0.0 0.0 0.0
            ambientIntensity 0.0
            transparency 0.0
            shininess 0.5
        }
    }
    geometry IndexedFaceSet {
        ccw TRUE
        solid FALSE
        coord DEF co Coordinate {
            point [
                -0.1066 0.0722 0.0079, -0.1066 0.0616 0.0079, -0.1066 0.0722 0.0157, -0.1066 0.0616 0.0157, -0.0455 0.0932 0.0079, -0.0455 0.0932 0.0157, -0.0443 0.0936 0.0157, -0.0443 0.0936 0.0079, -0.0413 0.0945 0.0157, -0.0413 0.0945 0.0079, -0.0384 0.095 0.0157, -0.0384 0.095 0.0079, -0.0384 0.0952 0.0079, -0.0384 0.0952 0.0157, -0.0393 0.0953 0.0157, -0.0393 0.0953 0.0079, -0.0424 0.0959 0.0157, -0.0424 0.0959 0.0079, -0.0454 0.0968 0.0157, -0.0454 0.0968 0.0079, -0.1066 0.1183 0.0079, -0.1066 0.1183 0.0157, -0.1066 0.1298 0.0079, -0.1066 0.1298 0.0157, -0.0278 0.101 0.0079, -0.0278 0.101 0.0157, -0.0278 0.0895 0.0079, -0.0278 0.0895 0.0157, -0.0365 0.0098 0.0079, -0.0278 0.0098 0.0079, -0.0365 0.0098 0.0157, -0.0278 0.0098 0.0157, -0.0365 0.0396 0.0079, -0.0365 0.0396 0.0157, -0.1066 0.0396 0.0079, -0.1066 0.0396 0.0157, -0.1066 0.0501 0.0079, -0.1066 0.0501 0.0157, -0.0278 0.0501 0.0079, -0.0278 0.0501 0.0157, -0.03 -0.0008 0.0079, -0.0406 -0.0008 0.0079, -0.03 -0.0008 0.0157, -0.0406 -0.0008 0.0157, -0.0292 -0.0024 0.0157, -0.0292 -0.0024 0.0079, -0.0285 -0.0045 0.0157, -0.0285 -0.0045 0.0079, -0.0278 -0.0072 0.0157, -0.0278 -0.0072 0.0079, -0.0273 -0.0103 0.0157, -0.0273 -0.0103 0.0079, -0.027 -0.0139 0.0157, -0.027 -0.0139 0.0079, -0.0269 -0.0176 0.0157, -0.0269 -0.0176 0.0079, -0.027 -0.0206 0.0157, -0.027 -0.0206 0.0079, -0.0273 -0.0238 0.0157, -0.0273 -0.0238 0.0079, -0.0279 -0.0268 0.0157, -0.0279 -0.0268 0.0079, -0.0287 -0.0296 0.0157, -0.0287 -0.0296 0.0079, -0.0297 -0.032 0.0157, -0.0297 -0.032 0.0079, -0.0309 -0.0344 0.0157, -0.0309 -0.0344 0.0079, -0.0324 -0.0366 0.0157, -0.0324 -0.0366 0.0079, -0.0335 -0.0379 0.0157, -0.0335 -0.0379 0.0079, -0.0354 -0.0398 0.0157, -0.0354 -0.0398 0.0079, -0.0373 -0.0414 0.0157, -0.0373 -0.0414 0.0079, -0.0396 -0.0428 0.0157, -0.0396 -0.0428 0.0079, -0.0418 -0.0439 0.0157, -0.0418 -0.0439 0.0079, -0.0444 -0.0448 0.0157, -0.0444 -0.0448 0.0079, -0.0471 -0.0455 0.0157, -0.0471 -0.0455 0.0079, -0.0497 -0.0458 0.0157, -0.0497 -0.0458 0.0079, -0.0523 -0.0459 0.0157, -0.0523 -0.0459 0.0079, -0.0535 -0.0459 0.0157, -0.0535 -0.0459 0.0079, -0.0565 -0.0456 0.0157, -0.0565 -0.0456 0.0079, -0.0589 -0.0452 0.0157, -0.0589 -0.0452 0.0079, -0.0612 -0.0445 0.0157, -0.0612 -0.0445 0.0079, -0.0634 -0.0436 0.0157, -0.0634 -0.0436 0.0079, -0.0656 -0.0424 0.0157, -0.0656 -0.0424 0.0079, -0.0676 -0.0409 0.0157, -0.0676 -0.0409 0.0079, -0.0695 -0.0392 0.0157, -0.0695 -0.0392 0.0079, -0.0703 -0.0382 0.0157, -0.0703 -0.0382 0.0079, -0.0718 -0.0361 0.0157, -0.0718 -0.0361 0.0079, -0.0731 -0.0337 0.0157, -0.0731 -0.0337 0.0079, -0.0742 -0.0312 0.0157, -0.0742 -0.0312 0.0079, -0.0749 -0.0287 0.0157, -0.0749 -0.0287 0.0079, -0.0755 -0.0255 0.0157, -0.0755 -0.0255 0.0079, -0.0758 -0.0225 0.0157, -0.0758 -0.0225 0.0079, -0.0759 -0.0198 0.0157, -0.0759 -0.0198 0.0079, -0.0758 -0.0166 0.0157, -0.0758 -0.0166 0.0079, -0.0756 -0.0133 0.0157, -0.0756 -0.0133 0.0079, -0.0979 -0.0133 0.0079, -0.0979 -0.0133 0.0157, -0.0979 -0.0421 0.0079, -0.0979 -0.0421 0.0157, -0.1066 -0.0421 0.0079, -0.1066 -0.0421 0.0157, -0.1066 -0.0037 0.0079, -0.1066 -0.0037 0.0157, -0.0665 -0.0037 0.0079, -0.0665 -0.0037 0.0157, -0.067 -0.0098 0.0157, -0.067 -0.0098 0.0079, -0.0672 -0.0159 0.0157, -0.0672 -0.0159 0.0079, -0.0672 -0.0165 0.0157, -0.0672 -0.0165 0.0079, -0.067 -0.0196 0.0157, -0.067 -0.0196 0.0079, -0.0667 -0.0222 0.0157, -0.0667 -0.0222 0.0079, -0.0661 -0.0246 0.0157, -0.0661 -0.0246 0.0079, -0.0654 -0.0266 0.0157, -0.0654 -0.0266 0.0079, -0.0644 -0.0285 0.0157, -0.0644 -0.0285 0.0079, -0.0637 -0.0297 0.0157, -0.0637 -0.0297 0.0079, -0.0624 -0.0312 0.0157, -0.0624 -0.0312 0.0079, -0.0609 -0.0326 0.0157, -0.0609 -0.0326 0.0079, -0.0593 -0.0336 0.0157, -0.0593 -0.0336 0.0079, -0.0576 -0.0344 0.0157, -0.0576 -0.0344 0.0079, -0.0558 -0.0349 0.0157, -0.0558 -0.0349 0.0079, -0.0537 -0.0353 0.0157, -0.0537 -0.0353 0.0079, -0.0517 -0.0353 0.0157, -0.0517 -0.0353 0.0079, -0.0495 -0.0352 0.0157, -0.0495 -0.0352 0.0079, -0.0474 -0.0348 0.0157, -0.0474 -0.0348 0.0079, -0.0454 -0.0342 0.0157, -0.0454 -0.0342 0.0079, -0.0436 -0.0333 0.0157, -0.0436 -0.0333 0.0079, -0.0418 -0.0322 0.0157, -0.0418 -0.0322 0.0079, -0.0404 -0.0308 0.0157, -0.0404 -0.0308 0.0079, -0.0394 -0.0297 0.0157, -0.0394 -0.0297 0.0079, -0.0382 -0.0279 0.0157, -0.0382 -0.0279 0.0079, -0.0372 -0.0261 0.0157, -0.0372 -0.0261 0.0079, -0.0365 -0.0241 0.0157, -0.0365 -0.0241 0.0079, -0.0359 -0.0219 0.0157, -0.0359 -0.0219 0.0079, -0.0356 -0.0195 0.0157, -0.0356 -0.0195 0.0079, -0.0355 -0.0173 0.0157, -0.0355 -0.0173 0.0079, -0.0356 -0.0146 0.0157, -0.0356 -0.0146 0.0079, -0.0361 -0.0118 0.0157, -0.0361 -0.0118 0.0079, -0.0368 -0.0089 0.0157, -0.0368 -0.0089 0.0079, -0.0377 -0.0063 0.0157, -0.0377 -0.0063 0.0079, -0.0391 -0.0033 0.0157, -0.0391 -0.0033 0.0079, -0.031 -0.0603 0.0079, -0.0415 -0.0603 0.0079, -0.031 -0.0603 0.0157, -0.0415 -0.0603 0.0157, -0.0297 -0.0627 0.0157, -0.0297 -0.0627 0.0079, -0.0287 -0.0655 0.0157, -0.0287 -0.0655 0.0079, -0.0279 -0.0682 0.0157, -0.0279 -0.0682 0.0079, -0.0273 -0.0714 0.0157, -0.0273 -0.0714 0.0079, -0.027 -0.0749 0.0157, -0.027 -0.0749 0.0079, -0.0269 -0.0784 0.0157, -0.0269 -0.0784 0.0079, -0.027 -0.0822 0.0157, -0.027 -0.0822 0.0079, -0.0274 -0.0854 0.0157, -0.0274 -0.0854 0.0079, -0.0281 -0.0883 0.0157, -0.0281 -0.0883 0.0079, -0.0289 -0.0911 0.0157, -0.0289 -0.0911 0.0079, -0.03 -0.0937 0.0157, -0.03 -0.0937 0.0079, -0.0314 -0.0961 0.0157, -0.0314 -0.0961 0.0079, -0.033 -0.0984 0.0157, -0.033 -0.0984 0.0079, -0.0347 -0.1002 0.0157, -0.0347 -0.1002 0.0079, -0.0366 -0.1019 0.0157, -0.0366 -0.1019 0.0079, -0.0386 -0.1033 0.0157, -0.0386 -0.1033 0.0079, -0.0405 -0.1043 0.0157, -0.0405 -0.1043 0.0079, -0.043 -0.1053 0.0157, -0.043 -0.1053 0.0079, -0.0455 -0.1059 0.0157, -0.0455 -0.1059 0.0079, -0.0479 -0.1063 0.0157, -0.0479 -0.1063 0.0079, -0.0504 -0.1064 0.0157, -0.0504 -0.1064 0.0079, -0.0515 -0.1064 0.0157, -0.0515 -0.1064 0.0079, -0.0539 -0.1061 0.0157, -0.0539 -0.1061 0.0079, -0.0561 -0.1056 0.0157, -0.0561 -0.1056 0.0079, -0.0581 -0.1048 0.0157, -0.0581 -0.1048 0.0079, -0.0599 -0.1038 0.0157, -0.0599 -0.1038 0.0079, -0.0618 -0.1025 0.0157, -0.0618 -0.1025 0.0079, -0.0635 -0.1008 0.0157, -0.0635 -0.1008 0.0079, -0.0636 -0.1008 0.0157, -0.0636 -0.1008 0.0079, -0.0651 -0.099 0.0157, -0.0651 -0.099 0.0079, -0.0664 -0.0969 0.0157, -0.0664 -0.0969 0.0079, -0.0673 -0.0949 0.0157, -0.0673 -0.0949 0.0079, -0.0681 -0.0925 0.0157, -0.0681 -0.0925 0.0079, -0.0687 -0.0899 0.0157, -0.0687 -0.0899 0.0079, -0.0691 -0.0874 0.0157, -0.0691 -0.0874 0.0079, -0.0693 -0.0874 0.0079, -0.0693 -0.0874 0.0157, -0.0696 -0.0884 0.0157, -0.0696 -0.0884 0.0079, -0.0705 -0.0912 0.0157, -0.0705 -0.0912 0.0079, -0.0716 -0.0935 0.0157, -0.0716 -0.0935 0.0079, -0.0729 -0.0956 0.0157, -0.0729 -0.0956 0.0079, -0.0742 -0.0974 0.0157, -0.0742 -0.0974 0.0079, -0.0758 -0.099 0.0157, -0.0758 -0.099 0.0079, -0.0775 -0.1004 0.0157, -0.0775 -0.1004 0.0079, -0.0795 -0.1015 0.0157, -0.0795 -0.1015 0.0079, -0.0817 -0.1024 0.0157, -0.0817 -0.1024 0.0079, -0.0839 -0.103 0.0157, -0.0839 -0.103 0.0079, -0.0866 -0.1034 0.0157, -0.0866 -0.1034 0.0079, -0.0889 -0.1035 0.0157, -0.0889 -0.1035 0.0079, -0.0901 -0.1035 0.0157, -0.0901 -0.1035 0.0079, -0.0924 -0.1032 0.0157, -0.0924 -0.1032 0.0079, -0.0946 -0.1027 0.0157, -0.0946 -0.1027 0.0079, -0.0966 -0.1019 0.0157, -0.0966 -0.1019 0.0079, -0.0986 -0.1008 0.0157, -0.0986 -0.1008 0.0079, -0.1002 -0.0995 0.0157, -0.1002 -0.0995 0.0079, -0.102 -0.0979 0.0157, -0.102 -0.0979 0.0079, -0.1033 -0.0962 0.0157, -0.1033 -0.0962 0.0079, -0.1047 -0.094 0.0157, -0.1047 -0.094 0.0079, -0.1058 -0.0917 0.0157, -0.1058 -0.0917 0.0079, -0.1065 -0.0894 0.0157, -0.1065 -0.0894 0.0079, -0.1071 -0.0866 0.0157, -0.1071 -0.0866 0.0079, -0.1075 -0.0838 0.0157, -0.1075 -0.0838 0.0079, -0.1075 -0.0812 0.0157, -0.1075 -0.0812 0.0079, -0.1075 -0.0793 0.0157, -0.1075 -0.0793 0.0079, -0.1072 -0.0764 0.0157, -0.1072 -0.0764 0.0079, -0.1066 -0.0735 0.0157, -0.1066 -0.0735 0.0079, -0.1057 -0.0707 0.0157, -0.1057 -0.0707 0.0079, -0.1046 -0.0681 0.0157, -0.1046 -0.0681 0.0079, -0.1032 -0.0655 0.0157, -0.1032 -0.0655 0.0079, -0.1015 -0.0632 0.0157, -0.1015 -0.0632 0.0079, -0.0929 -0.0632 0.0079, -0.0929 -0.0632 0.0157, -0.0937 -0.0642 0.0157, -0.0937 -0.0642 0.0079, -0.0953 -0.0664 0.0157, -0.0953 -0.0664 0.0079, -0.0966 -0.0688 0.0157, -0.0966 -0.0688 0.0079, -0.0976 -0.0712 0.0157, -0.0976 -0.0712 0.0079, -0.0983 -0.0736 0.0157, -0.0983 -0.0736 0.0079, -0.0988 -0.0761 0.0157, -0.0988 -0.0761 0.0079, -0.0989 -0.0786 0.0157, -0.0989 -0.0786 0.0079, -0.0988 -0.0812 0.0157, -0.0988 -0.0812 0.0079, -0.0985 -0.0835 0.0157, -0.0985 -0.0835 0.0079, -0.098 -0.0854 0.0157, -0.098 -0.0854 0.0079, -0.0973 -0.0871 0.0157, -0.0973 -0.0871 0.0079, -0.0964 -0.0886 0.0157, -0.0964 -0.0886 0.0079, -0.096 -0.0891 0.0157, -0.096 -0.0891 0.0079, -0.0949 -0.0903 0.0157, -0.0949 -0.0903 0.0079, -0.0935 -0.0913 0.0157, -0.0935 -0.0913 0.0079, -0.0921 -0.092 0.0157, -0.0921 -0.092 0.0079, -0.0901 -0.0926 0.0157, -0.0901 -0.0926 0.0079, -0.0882 -0.0929 0.0157, -0.0882 -0.0929 0.0079, -0.0864 -0.093 0.0157, -0.0864 -0.093 0.0079, -0.0854 -0.0929 0.0157, -0.0854 -0.0929 0.0079, -0.0835 -0.0927 0.0157, -0.0835 -0.0927 0.0079, -0.0817 -0.0922 0.0157, -0.0817 -0.0922 0.0079, -0.0801 -0.0916 0.0157, -0.0801 -0.0916 0.0079, -0.0786 -0.0906 0.0157, -0.0786 -0.0906 0.0079, -0.0773 -0.0895 0.0157, -0.0773 -0.0895 0.0079, -0.0763 -0.0882 0.0157, -0.0763 -0.0882 0.0079, -0.0752 -0.0864 0.0157, -0.0752 -0.0864 0.0079, -0.0745 -0.0846 0.0157, -0.0745 -0.0846 0.0079, -0.0738 -0.0823 0.0157, -0.0738 -0.0823 0.0079, -0.0733 -0.0797 0.0157, -0.0733 -0.0797 0.0079, -0.073 -0.0766 0.0157, -0.073 -0.0766 0.0079, -0.073 -0.0742 0.0157, -0.073 -0.0742 0.0079, -0.073 -0.068 0.0079, -0.073 -0.068 0.0157, -0.0643 -0.068 0.0079, -0.0643 -0.068 0.0157, -0.0643 -0.0745 0.0079, -0.0643 -0.0745 0.0157, -0.0643 -0.0774 0.0157, -0.0643 -0.0774 0.0079, -0.0639 -0.081 0.0157, -0.0639 -0.081 0.0079, -0.0635 -0.0836 0.0157, -0.0635 -0.0836 0.0079, -0.0629 -0.0859 0.0157, -0.0629 -0.0859 0.0079, -0.0621 -0.088 0.0157, -0.0621 -0.088 0.0079, -0.061 -0.09 0.0157, -0.061 -0.09 0.0079, -0.0599 -0.0915 0.0157, -0.0599 -0.0915 0.0079, -0.0586 -0.0929 0.0157, -0.0586 -0.0929 0.0079, -0.0571 -0.094 0.0157, -0.0571 -0.094 0.0079, -0.0555 -0.0948 0.0157, -0.0555 -0.0948 0.0079, -0.0536 -0.0954 0.0157, -0.0536 -0.0954 0.0079, -0.0517 -0.0957 0.0157, -0.0517 -0.0957 0.0079, -0.0498 -0.0958 0.0157, -0.0498 -0.0958 0.0079, -0.0478 -0.0957 0.0157, -0.0478 -0.0957 0.0079, -0.0459 -0.0953 0.0157, -0.0459 -0.0953 0.0079, -0.0441 -0.0947 0.0157, -0.0441 -0.0947 0.0079, -0.0424 -0.0938 0.0157, -0.0424 -0.0938 0.0079, -0.0408 -0.0926 0.0157, -0.0408 -0.0926 0.0079, -0.0394 -0.0911 0.0157, -0.0394 -0.0911 0.0079, -0.0382 -0.0895 0.0157, -0.0382 -0.0895 0.0079, -0.0373 -0.0878 0.0157, -0.0373 -0.0878 0.0079, -0.0364 -0.0854 0.0157, -0.0364 -0.0854 0.0079, -0.0359 -0.0831 0.0157, -0.0359 -0.0831 0.0079, -0.0356 -0.0806 0.0157, -0.0356 -0.0806 0.0079, -0.0355 -0.0784 0.0157, -0.0355 -0.0784 0.0079, -0.0356 -0.0768 0.0157, -0.0356 -0.0768 0.0079, -0.0358 -0.0738 0.0157, -0.0358 -0.0738 0.0079, -0.0364 -0.0709 0.0157, -0.0364 -0.0709 0.0079, -0.0373 -0.0681 0.0157, -0.0373 -0.0681 0.0079, -0.0384 -0.0654 0.0157, -0.0384 -0.0654 0.0079, -0.0399 -0.0627 0.0157, -0.0399 -0.0627 0.0079, -0.0365 -0.164 0.0079, -0.0278 -0.164 0.0079, -0.0365 -0.164 0.0157, -0.0278 -0.164 0.0157, -0.0365 -0.1343 0.0079, -0.0365 -0.1343 0.0157, -0.1066 -0.1343 0.0079, -0.1066 -0.1343 0.0157, -0.1066 -0.1237 0.0079, -0.1066 -0.1237 0.0157, -0.0278 -0.1237 0.0079, -0.0278 -0.1237 0.0157, -0.0984 -0.1935 0.0079, -0.0988 -0.1952 0.0079, -0.1074 -0.1947 0.0079, -0.1075 -0.1976 0.0079, -0.107 -0.192 0.0079, -0.1063 -0.1895 0.0079, -0.0977 -0.1917 0.0079, -0.1054 -0.187 0.0079, -0.0968 -0.1901 0.0079, -0.1042 -0.1848 0.0079, -0.0956 -0.1886 0.0079, -0.0376 -0.1897 0.0079, -0.039 -0.1881 0.0079, -0.0309 -0.1828 0.0079, -0.0989 -0.1971 0.0079, -0.0989 -0.1973 0.0079, -0.1074 -0.2001 0.0079, -0.0987 -0.1992 0.0079, -0.1071 -0.2026 0.0079, -0.0983 -0.2008 0.0079, -0.1065 -0.2051 0.0079, -0.0976 -0.2024 0.0079, -0.0302 -0.1838 0.0079, -0.029 -0.186 0.0079, -0.0367 -0.1914 0.0079, -0.028 -0.1885 0.0079, -0.036 -0.1932 0.0079, -0.0273 -0.191 0.0079, -0.0356 -0.195 0.0079, -0.027 -0.1934 0.0079, -0.0355 -0.1968 0.0079, -0.0269 -0.1959 0.0079, -0.0356 -0.1986 0.0079, -0.0271 -0.199 0.0079, -0.036 -0.2004 0.0079, -0.094 -0.2065 0.0079, -0.1014 -0.2134 0.0079, -0.0956 -0.2051 0.0079, -0.103 -0.2116 0.0079, -0.0968 -0.2038 0.0079, -0.1044 -0.2096 0.0079, -0.1056 -0.2073 0.0079, -0.0275 -0.2017 0.0079, -0.0282 -0.2042 0.0079, -0.0367 -0.2021 0.0079, -0.0292 -0.2066 0.0079, -0.0376 -0.2037 0.0079, -0.0305 -0.2089 0.0079, -0.0389 -0.2051 0.0079, -0.0319 -0.2107 0.0079, -0.04 -0.2062 0.0079, -0.0446 -0.1845 0.0079, -0.039 -0.176 0.0079, -0.0424 -0.1856 0.0079, -0.0366 -0.1775 0.0079, -0.0405 -0.1868 0.0079, -0.0344 -0.1791 0.0079, -0.0325 -0.1808 0.0079, -0.084 -0.2105 0.0079, -0.0886 -0.2201 0.0079, -0.0874 -0.2096 0.0079, -0.0918 -0.2191 0.0079, -0.0901 -0.2086 0.0079, -0.0948 -0.2178 0.0079, -0.0922 -0.2076 0.0079, -0.0973 -0.2165 0.0079, -0.0995 -0.215 0.0079, -0.0336 -0.2126 0.0079, -0.0356 -0.2143 0.0079, -0.0417 -0.2074 0.0079, -0.0382 -0.2162 0.0079, -0.0437 -0.2084 0.0079, -0.0409 -0.2176 0.0079, -0.046 -0.2093 0.0079, -0.0434 -0.2188 0.0079, -0.049 -0.2102 0.0079, -0.0466 -0.2199 0.0079, -0.0522 -0.2109 0.0079, -0.0502 -0.2209 0.0079, -0.0569 -0.2116 0.0079, -0.0541 -0.2216 0.0079, -0.0615 -0.2119 0.0079, -0.059 -0.2222 0.0079, -0.0637 -0.2225 0.0079, -0.0667 -0.212 0.0079, -0.0675 -0.2226 0.0079, -0.0708 -0.212 0.0079, -0.0719 -0.2225 0.0079, -0.0761 -0.2117 0.0079, -0.077 -0.2222 0.0079, -0.0803 -0.2112 0.0079, -0.0812 -0.2217 0.0079, -0.0852 -0.221 0.0079, -0.1027 -0.1828 0.0079, -0.1009 -0.1808 0.0079, -0.094 -0.1872 0.0079, -0.099 -0.1791 0.0079, -0.0923 -0.1861 0.0079, -0.0968 -0.1775 0.0079, -0.0902 -0.185 0.0079, -0.0939 -0.1759 0.0079, -0.0877 -0.184 0.0079, -0.0908 -0.1745 0.0079, -0.0846 -0.1831 0.0079, -0.0874 -0.1734 0.0079, -0.0813 -0.1824 0.0079, -0.0838 -0.1725 0.0079, -0.0774 -0.1819 0.0079, -0.0798 -0.1717 0.0079, -0.0729 -0.1815 0.0079, -0.0746 -0.1711 0.0079, -0.0679 -0.1813 0.0079, -0.0696 -0.1708 0.0079, -0.0662 -0.1813 0.0079, -0.0657 -0.1707 0.0079, -0.0623 -0.1814 0.0079, -0.0613 -0.1708 0.0079, -0.0575 -0.1817 0.0079, -0.0565 -0.1712 0.0079, -0.0536 -0.1821 0.0079, -0.0516 -0.1719 0.0079, -0.0499 -0.1828 0.0079, -0.0479 -0.1726 0.0079, -0.0472 -0.1836 0.0079, -0.0446 -0.1736 0.0079, -0.0416 -0.1747 0.0079, -0.029 -0.186 0.0157, -0.0376 -0.1897 0.0157, -0.0367 -0.1914 0.0157, -0.0956 -0.2051 0.0157, -0.0968 -0.2038 0.0157, -0.1044 -0.2096 0.0157, -0.0367 -0.2021 0.0157, -0.0282 -0.2042 0.0157, -0.036 -0.2004 0.0157, -0.0275 -0.2017 0.0157, -0.0356 -0.1986 0.0157, -0.0271 -0.199 0.0157, -0.0355 -0.1968 0.0157, -0.0269 -0.1959 0.0157, -0.0356 -0.195 0.0157, -0.027 -0.1934 0.0157, -0.036 -0.1932 0.0157, -0.0273 -0.191 0.0157, -0.028 -0.1885 0.0157, -0.1056 -0.2073 0.0157, -0.0976 -0.2024 0.0157, -0.1065 -0.2051 0.0157, -0.0983 -0.2008 0.0157, -0.1071 -0.2026 0.0157, -0.1074 -0.2001 0.0157, -0.0987 -0.1992 0.0157, -0.1075 -0.1976 0.0157, -0.0989 -0.1973 0.0157, -0.0989 -0.1971 0.0157, -0.1074 -0.1947 0.0157, -0.0988 -0.1952 0.0157, -0.107 -0.192 0.0157, -0.0984 -0.1935 0.0157, -0.1063 -0.1895 0.0157, -0.0977 -0.1917 0.0157, -0.0302 -0.1838 0.0157, -0.0309 -0.1828 0.0157, -0.039 -0.1881 0.0157, -0.0325 -0.1808 0.0157, -0.0405 -0.1868 0.0157, -0.0344 -0.1791 0.0157, -0.0424 -0.1856 0.0157, -0.094 -0.1872 0.0157, -0.1009 -0.1808 0.0157, -0.0956 -0.1886 0.0157, -0.1027 -0.1828 0.0157, -0.0968 -0.1901 0.0157, -0.1042 -0.1848 0.0157, -0.1054 -0.187 0.0157, -0.0417 -0.2074 0.0157, -0.0356 -0.2143 0.0157, -0.04 -0.2062 0.0157, -0.0336 -0.2126 0.0157, -0.0389 -0.2051 0.0157, -0.0319 -0.2107 0.0157, -0.0376 -0.2037 0.0157, -0.0305 -0.2089 0.0157, -0.0292 -0.2066 0.0157, -0.103 -0.2116 0.0157, -0.1014 -0.2134 0.0157, -0.094 -0.2065 0.0157, -0.0995 -0.215 0.0157, -0.0922 -0.2076 0.0157, -0.0973 -0.2165 0.0157, -0.0901 -0.2086 0.0157, -0.0948 -0.2178 0.0157, -0.0874 -0.2096 0.0157, -0.0918 -0.2191 0.0157, -0.0886 -0.2201 0.0157, -0.084 -0.2105 0.0157, -0.0852 -0.221 0.0157, -0.0803 -0.2112 0.0157, -0.0812 -0.2217 0.0157, -0.0761 -0.2117 0.0157, -0.077 -0.2222 0.0157, -0.0708 -0.212 0.0157, -0.0719 -0.2225 0.0157, -0.0667 -0.212 0.0157, -0.0675 -0.2226 0.0157, -0.0637 -0.2225 0.0157, -0.0615 -0.2119 0.0157, -0.059 -0.2222 0.0157, -0.0569 -0.2116 0.0157, -0.0541 -0.2216 0.0157, -0.0522 -0.2109 0.0157, -0.0502 -0.2209 0.0157, -0.049 -0.2102 0.0157, -0.0466 -0.2199 0.0157, -0.046 -0.2093 0.0157, -0.0434 -0.2188 0.0157, -0.0437 -0.2084 0.0157, -0.0409 -0.2176 0.0157, -0.0382 -0.2162 0.0157, -0.0366 -0.1775 0.0157, -0.039 -0.176 0.0157, -0.0446 -0.1845 0.0157, -0.0416 -0.1747 0.0157, -0.0472 -0.1836 0.0157, -0.0446 -0.1736 0.0157, -0.0499 -0.1828 0.0157, -0.0479 -0.1726 0.0157, -0.0536 -0.1821 0.0157, -0.0516 -0.1719 0.0157, -0.0575 -0.1817 0.0157, -0.0565 -0.1712 0.0157, -0.0623 -0.1814 0.0157, -0.0613 -0.1708 0.0157, -0.0662 -0.1813 0.0157, -0.0657 -0.1707 0.0157, -0.0679 -0.1813 0.0157, -0.0696 -0.1708 0.0157, -0.0729 -0.1815 0.0157, -0.0746 -0.1711 0.0157, -0.0774 -0.1819 0.0157, -0.0798 -0.1717 0.0157, -0.0813 -0.1824 0.0157, -0.0838 -0.1725 0.0157, -0.0846 -0.1831 0.0157, -0.0874 -0.1734 0.0157, -0.0877 -0.184 0.0157, -0.0908 -0.1745 0.0157, -0.0902 -0.185 0.0157, -0.0939 -0.1759 0.0157, -0.0923 -0.1861 0.0157, -0.0968 -0.1775 0.0157, -0.099 -0.1791 0.0157, -0.1066 -0.237 0.0079, -0.0278 -0.237 0.0079, -0.0643 -0.2476 0.0079, -0.0365 -0.2476 0.0079, -0.0643 -0.2577 0.0079, -0.073 -0.2476 0.0079, -0.0641 -0.2619 0.0079, -0.0697 -0.2685 0.0079, -0.0699 -0.2685 0.0079, -0.0578 -0.2737 0.0079, -0.0639 -0.281 0.0079, -0.0592 -0.2727 0.0079, -0.0655 -0.2793 0.0079, -0.0605 -0.2715 0.0079, -0.0668 -0.2773 0.0079, -0.0616 -0.27 0.0079, -0.0561 -0.2745 0.0079, -0.0614 -0.283 0.0079, -0.0633 -0.2816 0.0079, -0.0417 -0.2726 0.0079, -0.0367 -0.2813 0.0079, -0.0433 -0.2737 0.0079, -0.0387 -0.2828 0.0079, -0.045 -0.2745 0.0079, -0.0374 -0.2661 0.0079, -0.0294 -0.2706 0.0079, -0.0381 -0.268 0.0079, -0.0304 -0.2731 0.0079, -0.0392 -0.2699 0.0079, -0.0317 -0.2755 0.0079, -0.0403 -0.2713 0.0079, -0.0332 -0.2777 0.0079, -0.0349 -0.2797 0.0079, -0.0916 -0.2707 0.0079, -0.0977 -0.2796 0.0079, -0.0931 -0.2699 0.0079, -0.0992 -0.2785 0.0079, -0.0943 -0.2689 0.0079, -0.0779 -0.2688 0.0079, -0.074 -0.2757 0.0079, -0.0794 -0.2698 0.0079, -0.0756 -0.2774 0.0079, -0.0811 -0.2706 0.0079, -0.0704 -0.2696 0.0079, -0.0755 -0.2662 0.0079, -0.0637 -0.2643 0.0079, -0.0632 -0.2665 0.0079, -0.0694 -0.2708 0.0079, -0.0624 -0.2684 0.0079, -0.0688 -0.2731 0.0079, -0.0679 -0.2754 0.0079, -0.0883 -0.2715 0.0079, -0.0916 -0.2819 0.0079, -0.0901 -0.2712 0.0079, -0.0938 -0.2814 0.0079, -0.0959 -0.2806 0.0079, -0.0767 -0.2676 0.0079, -0.0713 -0.2718 0.0079, -0.0725 -0.2738 0.0079, -0.0746 -0.2646 0.0079, -0.0739 -0.2627 0.0079, -0.0733 -0.2607 0.0079, -0.0643 -0.259 0.0079, -0.0731 -0.2585 0.0079, -0.073 -0.2564 0.0079, -0.0365 -0.2593 0.0079, -0.0278 -0.2604 0.0079, -0.0366 -0.2614 0.0079, -0.0279 -0.2621 0.0079, -0.0369 -0.264 0.0079, -0.0281 -0.265 0.0079, -0.0287 -0.2679 0.0079, -0.0867 -0.2716 0.0079, -0.0885 -0.2821 0.0079, -0.0894 -0.2821 0.0079, -0.0775 -0.2788 0.0079, -0.0795 -0.28 0.0079, -0.0829 -0.2712 0.0079, -0.0817 -0.281 0.0079, -0.0849 -0.2715 0.0079, -0.084 -0.2817 0.0079, -0.0862 -0.282 0.0079, -0.0524 -0.2753 0.0079, -0.0555 -0.2854 0.0079, -0.0543 -0.275 0.0079, -0.0576 -0.2848 0.0079, -0.0596 -0.284 0.0079, -0.0409 -0.284 0.0079, -0.0432 -0.2849 0.0079, -0.0468 -0.275 0.0079, -0.0457 -0.2855 0.0079, -0.0488 -0.2753 0.0079, -0.0481 -0.2859 0.0079, -0.0506 -0.2754 0.0079, -0.0506 -0.286 0.0079, -0.0532 -0.2858 0.0079, -0.0979 -0.2476 0.0079, -0.1066 -0.2597 0.0079, -0.1009 -0.2768 0.0079, -0.1023 -0.2751 0.0079, -0.0953 -0.2677 0.0079, -0.1037 -0.2729 0.0079, -0.0962 -0.2662 0.0079, -0.1048 -0.2705 0.0079, -0.0969 -0.2646 0.0079, -0.1056 -0.2679 0.0079, -0.0974 -0.2627 0.0079, -0.1062 -0.2653 0.0079, -0.0978 -0.2605 0.0079, -0.1065 -0.2623 0.0079, -0.0979 -0.2575 0.0079, -0.0979 -0.2573 0.0079, -0.073 -0.2476 0.0157, -0.0278 -0.237 0.0157, -0.1066 -0.237 0.0157, -0.0901 -0.2712 0.0157, -0.0916 -0.2707 0.0157, -0.0959 -0.2806 0.0157, -0.0731 -0.2585 0.0157, -0.0733 -0.2607 0.0157, -0.0641 -0.2619 0.0157, -0.0739 -0.2627 0.0157, -0.0578 -0.2737 0.0157, -0.0614 -0.283 0.0157, -0.0561 -0.2745 0.0157, -0.0596 -0.284 0.0157, -0.0543 -0.275 0.0157, -0.0592 -0.2727 0.0157, -0.0639 -0.281 0.0157, -0.0633 -0.2816 0.0157, -0.0977 -0.2796 0.0157, -0.0931 -0.2699 0.0157, -0.0992 -0.2785 0.0157, -0.1009 -0.2768 0.0157, -0.0943 -0.2689 0.0157, -0.1023 -0.2751 0.0157, -0.0953 -0.2677 0.0157, -0.1037 -0.2729 0.0157, -0.0643 -0.2476 0.0157, -0.073 -0.2564 0.0157, -0.0643 -0.2577 0.0157, -0.0643 -0.259 0.0157, -0.0624 -0.2684 0.0157, -0.0632 -0.2665 0.0157, -0.0697 -0.2685 0.0157, -0.0637 -0.2643 0.0157, -0.0433 -0.2737 0.0157, -0.0367 -0.2813 0.0157, -0.0417 -0.2726 0.0157, -0.0349 -0.2797 0.0157, -0.0403 -0.2713 0.0157, -0.0332 -0.2777 0.0157, -0.0392 -0.2699 0.0157, -0.0317 -0.2755 0.0157, -0.0381 -0.268 0.0157, -0.0694 -0.2708 0.0157, -0.0688 -0.2731 0.0157, -0.0616 -0.27 0.0157, -0.0679 -0.2754 0.0157, -0.0605 -0.2715 0.0157, -0.0668 -0.2773 0.0157, -0.0655 -0.2793 0.0157, -0.0699 -0.2685 0.0157, -0.0746 -0.2646 0.0157, -0.0704 -0.2696 0.0157, -0.0755 -0.2662 0.0157, -0.0713 -0.2718 0.0157, -0.0767 -0.2676 0.0157, -0.0725 -0.2738 0.0157, -0.0779 -0.2688 0.0157, -0.074 -0.2757 0.0157, -0.0794 -0.2698 0.0157, -0.0829 -0.2712 0.0157, -0.0795 -0.28 0.0157, -0.0811 -0.2706 0.0157, -0.0775 -0.2788 0.0157, -0.0756 -0.2774 0.0157, -0.0938 -0.2814 0.0157, -0.0916 -0.2819 0.0157, -0.0883 -0.2715 0.0157, -0.0468 -0.275 0.0157, -0.0432 -0.2849 0.0157, -0.045 -0.2745 0.0157, -0.0409 -0.284 0.0157, -0.0387 -0.2828 0.0157, -0.1048 -0.2705 0.0157, -0.0962 -0.2662 0.0157, -0.1056 -0.2679 0.0157, -0.0969 -0.2646 0.0157, -0.1062 -0.2653 0.0157, -0.0974 -0.2627 0.0157, -0.1065 -0.2623 0.0157, -0.0978 -0.2605 0.0157, -0.1066 -0.2597 0.0157, -0.0304 -0.2731 0.0157, -0.0294 -0.2706 0.0157, -0.0374 -0.2661 0.0157, -0.0287 -0.2679 0.0157, -0.0369 -0.264 0.0157, -0.0281 -0.265 0.0157, -0.0366 -0.2614 0.0157, -0.0279 -0.2621 0.0157, -0.0365 -0.2593 0.0157, -0.0278 -0.2604 0.0157, -0.0365 -0.2476 0.0157, -0.0894 -0.2821 0.0157, -0.0885 -0.2821 0.0157, -0.0867 -0.2716 0.0157, -0.0862 -0.282 0.0157, -0.0849 -0.2715 0.0157, -0.084 -0.2817 0.0157, -0.0817 -0.281 0.0157, -0.0576 -0.2848 0.0157, -0.0555 -0.2854 0.0157, -0.0524 -0.2753 0.0157, -0.0532 -0.2858 0.0157, -0.0506 -0.2754 0.0157, -0.0506 -0.286 0.0157, -0.0488 -0.2753 0.0157, -0.0481 -0.2859 0.0157, -0.0457 -0.2855 0.0157, -0.0979 -0.2575 0.0157, -0.0979 -0.2573 0.0157, -0.0979 -0.2476 0.0157, 0.0424 0.1 0.0079, 0.0833 0.0645 0.0079, 0.0424 0.1 0.0157, 0.0833 0.0645 0.0157, 0.0046 0.0664 0.0079, 0.0046 0.0664 0.0157, 0.0046 0.0789 0.0079, 0.0046 0.0789 0.0157, 0.0386 0.1077 0.0079, 0.0386 0.1077 0.0157, 0.0401 0.1086 0.0157, 0.0401 0.1086 0.0079, 0.0415 0.1094 0.0157, 0.0415 0.1094 0.0079, 0.0415 0.1097 0.0079, 0.0415 0.1097 0.0157, 0.0046 0.1097 0.0079, 0.0046 0.1097 0.0157, 0.0046 0.1202 0.0079, 0.0046 0.1202 0.0157, 0.0833 0.1202 0.0079, 0.0833 0.1202 0.0157, 0.0833 0.1097 0.0079, 0.0833 0.1097 0.0157, 0.0448 0.1097 0.0079, 0.0448 0.1097 0.0157, 0.0448 0.1094 0.0079, 0.0448 0.1094 0.0157, 0.0463 0.1086 0.0157, 0.0463 0.1086 0.0079, 0.0477 0.1077 0.0157, 0.0477 0.1077 0.0079, 0.0833 0.078 0.0079, 0.0833 0.078 0.0157, 0.0128 0.037 0.0079, 0.0124 0.0352 0.0079, 0.0038 0.0358 0.0079, 0.0036 0.0328 0.0079, 0.0042 0.0385 0.0079, 0.0048 0.041 0.0079, 0.0135 0.0388 0.0079, 0.0058 0.0434 0.0079, 0.0144 0.0404 0.0079, 0.007 0.0456 0.0079, 0.0156 0.0418 0.0079, 0.0735 0.0408 0.0079, 0.0722 0.0423 0.0079, 0.0803 0.0477 0.0079, 0.0123 0.0334 0.0079, 0.0123 0.0331 0.0079, 0.0037 0.0304 0.0079, 0.0124 0.0313 0.0079, 0.0041 0.0279 0.0079, 0.0129 0.0297 0.0079, 0.0047 0.0254 0.0079, 0.0135 0.0281 0.0079, 0.081 0.0467 0.0079, 0.0822 0.0444 0.0079, 0.0745 0.0391 0.0079, 0.0832 0.042 0.0079, 0.0752 0.0373 0.0079, 0.0839 0.0395 0.0079, 0.0756 0.0354 0.0079, 0.0842 0.0371 0.0079, 0.0757 0.0337 0.0079, 0.0843 0.0346 0.0079, 0.0755 0.0318 0.0079, 0.0841 0.0314 0.0079, 0.0752 0.0301 0.0079, 0.0172 0.024 0.0079, 0.0098 0.0171 0.0079, 0.0156 0.0254 0.0079, 0.0082 0.0189 0.0079, 0.0144 0.0267 0.0079, 0.0067 0.0209 0.0079, 0.0056 0.0231 0.0079, 0.0837 0.0288 0.0079, 0.083 0.0263 0.0079, 0.0745 0.0284 0.0079, 0.082 0.0239 0.0079, 0.0735 0.0268 0.0079, 0.0807 0.0216 0.0079, 0.0723 0.0253 0.0079, 0.0793 0.0198 0.0079, 0.0712 0.0243 0.0079, 0.0666 0.0459 0.0079, 0.0722 0.0545 0.0079, 0.0688 0.0449 0.0079, 0.0746 0.053 0.0079, 0.0706 0.0437 0.0079, 0.0768 0.0514 0.0079, 0.0786 0.0496 0.0079, 0.0272 0.02 0.0079, 0.0226 0.0103 0.0079, 0.0238 0.0209 0.0079, 0.0194 0.0113 0.0079, 0.0211 0.0218 0.0079, 0.0163 0.0126 0.0079, 0.019 0.0229 0.0079, 0.0139 0.0139 0.0079, 0.0117 0.0154 0.0079, 0.0776 0.0179 0.0079, 0.0755 0.0161 0.0079, 0.0694 0.0231 0.0079, 0.0729 0.0143 0.0079, 0.0675 0.0221 0.0079, 0.0703 0.0128 0.0079, 0.0652 0.0211 0.0079, 0.0678 0.0117 0.0079, 0.0622 0.0202 0.0079, 0.0646 0.0106 0.0079, 0.0589 0.0195 0.0079, 0.0609 0.0096 0.0079, 0.0543 0.0189 0.0079, 0.0571 0.0088 0.0079, 0.0497 0.0185 0.0079, 0.0521 0.0082 0.0079, 0.0474 0.0079 0.0079, 0.0445 0.0184 0.0079, 0.0436 0.0079 0.0079, 0.0404 0.0185 0.0079, 0.0393 0.008 0.0079, 0.0351 0.0188 0.0079, 0.0342 0.0083 0.0079, 0.0309 0.0193 0.0079, 0.03 0.0088 0.0079, 0.0259 0.0095 0.0079, 0.0085 0.0477 0.0079, 0.0103 0.0497 0.0079, 0.0172 0.0432 0.0079, 0.0122 0.0514 0.0079, 0.0189 0.0444 0.0079, 0.0144 0.0529 0.0079, 0.021 0.0455 0.0079, 0.0173 0.0546 0.0079, 0.0235 0.0464 0.0079, 0.0204 0.0559 0.0079, 0.0266 0.0473 0.0079, 0.0237 0.0571 0.0079, 0.0299 0.048 0.0079, 0.0274 0.058 0.0079, 0.0338 0.0486 0.0079, 0.0314 0.0587 0.0079, 0.0383 0.049 0.0079, 0.0366 0.0594 0.0079, 0.0433 0.0491 0.0079, 0.0416 0.0597 0.0079, 0.045 0.0492 0.0079, 0.0455 0.0597 0.0079, 0.0489 0.0491 0.0079, 0.0499 0.0596 0.0079, 0.0537 0.0488 0.0079, 0.0547 0.0593 0.0079, 0.0576 0.0483 0.0079, 0.0596 0.0586 0.0079, 0.0612 0.0476 0.0079, 0.0633 0.0578 0.0079, 0.0639 0.0469 0.0079, 0.0666 0.0568 0.0079, 0.0696 0.0557 0.0079, 0.0822 0.0444 0.0157, 0.0735 0.0408 0.0157, 0.0745 0.0391 0.0157, 0.0156 0.0254 0.0157, 0.0144 0.0267 0.0157, 0.0067 0.0209 0.0157, 0.0745 0.0284 0.0157, 0.083 0.0263 0.0157, 0.0752 0.0301 0.0157, 0.0837 0.0288 0.0157, 0.0755 0.0318 0.0157, 0.0841 0.0314 0.0157, 0.0757 0.0337 0.0157, 0.0843 0.0346 0.0157, 0.0756 0.0354 0.0157, 0.0842 0.0371 0.0157, 0.0752 0.0373 0.0157, 0.0839 0.0395 0.0157, 0.0832 0.042 0.0157, 0.0056 0.0231 0.0157, 0.0135 0.0281 0.0157, 0.0047 0.0254 0.0157, 0.0129 0.0297 0.0157, 0.0041 0.0279 0.0157, 0.0037 0.0304 0.0157, 0.0124 0.0313 0.0157, 0.0036 0.0328 0.0157, 0.0123 0.0331 0.0157, 0.0123 0.0334 0.0157, 0.0038 0.0358 0.0157, 0.0124 0.0352 0.0157, 0.0042 0.0385 0.0157, 0.0128 0.037 0.0157, 0.0048 0.041 0.0157, 0.0135 0.0388 0.0157, 0.081 0.0467 0.0157, 0.0803 0.0477 0.0157, 0.0722 0.0423 0.0157, 0.0786 0.0496 0.0157, 0.0706 0.0437 0.0157, 0.0768 0.0514 0.0157, 0.0688 0.0449 0.0157, 0.0172 0.0432 0.0157, 0.0103 0.0497 0.0157, 0.0156 0.0418 0.0157, 0.0085 0.0477 0.0157, 0.0144 0.0404 0.0157, 0.007 0.0456 0.0157, 0.0058 0.0434 0.0157, 0.0694 0.0231 0.0157, 0.0755 0.0161 0.0157, 0.0712 0.0243 0.0157, 0.0776 0.0179 0.0157, 0.0723 0.0253 0.0157, 0.0793 0.0198 0.0157, 0.0735 0.0268 0.0157, 0.0807 0.0216 0.0157, 0.082 0.0239 0.0157, 0.0082 0.0189 0.0157, 0.0098 0.0171 0.0157, 0.0172 0.024 0.0157, 0.0117 0.0154 0.0157, 0.019 0.0229 0.0157, 0.0139 0.0139 0.0157, 0.0211 0.0218 0.0157, 0.0163 0.0126 0.0157, 0.0238 0.0209 0.0157, 0.0194 0.0113 0.0157, 0.0226 0.0103 0.0157, 0.0272 0.02 0.0157, 0.0259 0.0095 0.0157, 0.0309 0.0193 0.0157, 0.03 0.0088 0.0157, 0.0351 0.0188 0.0157, 0.0342 0.0083 0.0157, 0.0404 0.0185 0.0157, 0.0393 0.008 0.0157, 0.0445 0.0184 0.0157, 0.0436 0.0079 0.0157, 0.0474 0.0079 0.0157, 0.0497 0.0185 0.0157, 0.0521 0.0082 0.0157, 0.0543 0.0189 0.0157, 0.0571 0.0088 0.0157, 0.0589 0.0195 0.0157, 0.0609 0.0096 0.0157, 0.0622 0.0202 0.0157, 0.0646 0.0106 0.0157, 0.0652 0.0211 0.0157, 0.0678 0.0117 0.0157, 0.0675 0.0221 0.0157, 0.0703 0.0128 0.0157, 0.0729 0.0143 0.0157, 0.0746 0.053 0.0157, 0.0722 0.0545 0.0157, 0.0666 0.0459 0.0157, 0.0696 0.0557 0.0157, 0.0639 0.0469 0.0157, 0.0666 0.0568 0.0157, 0.0612 0.0476 0.0157, 0.0633 0.0578 0.0157, 0.0576 0.0483 0.0157, 0.0596 0.0586 0.0157, 0.0537 0.0488 0.0157, 0.0547 0.0593 0.0157, 0.0489 0.0491 0.0157, 0.0499 0.0596 0.0157, 0.045 0.0492 0.0157, 0.0455 0.0597 0.0157, 0.0433 0.0491 0.0157, 0.0416 0.0597 0.0157, 0.0383 0.049 0.0157, 0.0366 0.0594 0.0157, 0.0338 0.0486 0.0157, 0.0314 0.0587 0.0157, 0.0299 0.048 0.0157, 0.0274 0.058 0.0157, 0.0266 0.0473 0.0157, 0.0237 0.0571 0.0157, 0.0235 0.0464 0.0157, 0.0204 0.0559 0.0157, 0.021 0.0455 0.0157, 0.0173 0.0546 0.0157, 0.0189 0.0444 0.0157, 0.0144 0.0529 0.0157, 0.0122 0.0514 0.0157, 0.0378 -0.0269 0.0079, 0.0419 -0.0183 0.0079, 0.0421 -0.0183 0.0079, 0.0421 -0.0344 0.0079, 0.0419 -0.0344 0.0079, 0.0466 -0.0258 0.0079, 0.0555 -0.0135 0.0079, 0.0537 -0.0148 0.0079, 0.0263 -0.0379 0.0079, 0.0281 -0.0374 0.0079, 0.03 -0.0365 0.0079, 0.0316 -0.0354 0.0079, 0.0325 -0.0346 0.0079, 0.034 -0.0331 0.0079, 0.0354 -0.0312 0.0079, 0.0368 -0.029 0.0079, 0.0612 -0.041 0.0079, 0.0578 -0.0501 0.0079, 0.0591 -0.0405 0.0079, 0.0556 -0.0495 0.0079, 0.0572 -0.0398 0.0079, 0.0533 -0.0485 0.0079, 0.0554 -0.0387 0.0079, 0.0649 -0.0115 0.0079, 0.0684 -0.0022 0.0079, 0.0666 -0.0118 0.0079, 0.0706 -0.0028 0.0079, 0.0684 -0.0126 0.0079, 0.0196 -0.0377 0.0079, 0.0146 -0.0473 0.0079, 0.0181 -0.0372 0.0079, 0.0127 -0.0463 0.0079, 0.0167 -0.0364 0.0079, 0.0111 -0.0452 0.0079, 0.0154 -0.0354 0.0079, 0.0216 -0.0381 0.0079, 0.0187 -0.0485 0.0079, 0.0166 -0.0481 0.0079, 0.0169 -0.0172 0.0079, 0.0125 -0.0079 0.0079, 0.0183 -0.0163 0.0079, 0.0144 -0.0067 0.0079, 0.0199 -0.0157 0.0079, 0.0143 -0.0199 0.0079, 0.0076 -0.0131 0.0079, 0.0156 -0.0184 0.0079, 0.0091 -0.0111 0.0079, 0.0107 -0.0094 0.0079, 0.0129 -0.0314 0.0079, 0.0041 -0.0327 0.0079, 0.0125 -0.0297 0.0079, 0.0037 -0.0301 0.0079, 0.0123 -0.0278 0.0079, 0.0036 -0.0276 0.0079, 0.0123 -0.0269 0.0079, 0.0037 -0.0259 0.0079, 0.0124 -0.025 0.0079, 0.004 -0.0229 0.0079, 0.0128 -0.0233 0.0079, 0.0045 -0.0203 0.0079, 0.0134 -0.0215 0.0079, 0.0053 -0.0176 0.0079, 0.0063 -0.0153 0.0079, 0.0521 -0.0164 0.0079, 0.0505 -0.0184 0.0079, 0.0491 -0.0206 0.0079, 0.0678 -0.0402 0.0079, 0.0702 -0.0496 0.0079, 0.0661 -0.0408 0.0079, 0.0678 -0.0502 0.0079, 0.0643 -0.0411 0.0079, 0.0654 -0.0506 0.0079, 0.0633 -0.0411 0.0079, 0.063 -0.0507 0.0079, 0.0603 -0.0506 0.0079, 0.0093 -0.0435 0.0079, 0.0078 -0.0416 0.0079, 0.0146 -0.0344 0.0079, 0.0065 -0.0396 0.0079, 0.0136 -0.0329 0.0079, 0.0055 -0.0376 0.0079, 0.0047 -0.0354 0.0079, 0.0288 -0.0163 0.0079, 0.0342 -0.0082 0.0079, 0.0306 -0.0173 0.0079, 0.0359 -0.0097 0.0079, 0.0322 -0.0185 0.0079, 0.0376 -0.0114 0.0079, 0.0328 -0.0191 0.0079, 0.0392 -0.0135 0.0079, 0.0343 -0.0207 0.0079, 0.0407 -0.0159 0.0079, 0.0356 -0.0226 0.0079, 0.0368 -0.0248 0.0079, 0.0477 -0.0233 0.0079, 0.0512 -0.0472 0.0079, 0.0492 -0.0456 0.0079, 0.0538 -0.0375 0.0079, 0.0475 -0.0439 0.0079, 0.0521 -0.0358 0.0079, 0.0459 -0.0419 0.0079, 0.0507 -0.0339 0.0079, 0.0726 -0.0036 0.0079, 0.0747 -0.0047 0.0079, 0.07 -0.0135 0.0079, 0.0765 -0.0061 0.0079, 0.0714 -0.0147 0.0079, 0.0784 -0.0078 0.0079, 0.0727 -0.0163 0.0079, 0.0611 -0.0115 0.0079, 0.0614 -0.0018 0.0079, 0.063 -0.0113 0.0079, 0.0638 -0.0017 0.0079, 0.066 -0.0018 0.0079, 0.0572 -0.0126 0.0079, 0.0437 -0.015 0.0079, 0.0451 -0.0124 0.0079, 0.0266 -0.0483 0.0079, 0.0243 -0.0382 0.0079, 0.0243 -0.0487 0.0079, 0.0233 -0.0382 0.0079, 0.0219 -0.0488 0.0079, 0.021 -0.0488 0.0079, 0.0747 -0.0327 0.0079, 0.0822 -0.0376 0.0079, 0.0738 -0.0347 0.0079, 0.0811 -0.0399 0.0079, 0.0727 -0.0364 0.0079, 0.0798 -0.0421 0.0079, 0.0723 -0.0368 0.0079, 0.0782 -0.0442 0.0079, 0.0709 -0.0383 0.0079, 0.0765 -0.046 0.0079, 0.0695 -0.0394 0.0079, 0.0746 -0.0474 0.0079, 0.0725 -0.0486 0.0079, 0.0252 -0.0153 0.0079, 0.028 -0.0052 0.0079, 0.027 -0.0157 0.0079, 0.0303 -0.006 0.0079, 0.0323 -0.007 0.0079, 0.0163 -0.0058 0.0079, 0.0186 -0.0051 0.0079, 0.0216 -0.0153 0.0079, 0.0208 -0.0047 0.0079, 0.0232 -0.0152 0.0079, 0.0231 -0.0046 0.0079, 0.0257 -0.0048 0.0079, 0.08 -0.0098 0.0079, 0.0814 -0.012 0.0079, 0.0737 -0.0179 0.0079, 0.0824 -0.0142 0.0079, 0.0746 -0.0197 0.0079, 0.0833 -0.0167 0.0079, 0.0752 -0.0218 0.0079, 0.0839 -0.0192 0.0079, 0.0755 -0.0239 0.0079, 0.0417 -0.0349 0.0079, 0.0401 -0.0378 0.0079, 0.0385 -0.0401 0.0079, 0.048 -0.0291 0.0079, 0.0493 -0.0318 0.0079, 0.0431 -0.0369 0.0079, 0.0445 -0.0396 0.0079, 0.0467 -0.0102 0.0079, 0.0485 -0.0081 0.0079, 0.0503 -0.0064 0.0079, 0.052 -0.0051 0.0079, 0.0542 -0.0039 0.0079, 0.0591 -0.0119 0.0079, 0.0565 -0.0029 0.0079, 0.059 -0.0022 0.0079, 0.0369 -0.0421 0.0079, 0.035 -0.0439 0.0079, 0.033 -0.0455 0.0079, 0.0311 -0.0466 0.0079, 0.029 -0.0476 0.0079, 0.0842 -0.022 0.0079, 0.0843 -0.0246 0.0079, 0.0757 -0.0264 0.0079, 0.0843 -0.0256 0.0079, 0.0756 -0.0285 0.0079, 0.0841 -0.029 0.0079, 0.0752 -0.0307 0.0079, 0.0837 -0.0321 0.0079, 0.083 -0.035 0.0079, 0.0661 -0.0408 0.0157, 0.0702 -0.0496 0.0157, 0.0678 -0.0402 0.0157, 0.0725 -0.0486 0.0157, 0.0695 -0.0394 0.0157, 0.0746 -0.0474 0.0157, 0.0709 -0.0383 0.0157, 0.0378 -0.0269 0.0157, 0.0554 -0.0387 0.0157, 0.0538 -0.0375 0.0157, 0.07 -0.0135 0.0157, 0.0747 -0.0047 0.0157, 0.0684 -0.0126 0.0157, 0.0726 -0.0036 0.0157, 0.0666 -0.0118 0.0157, 0.0706 -0.0028 0.0157, 0.0684 -0.0022 0.0157, 0.0649 -0.0115 0.0157, 0.066 -0.0018 0.0157, 0.063 -0.0113 0.0157, 0.0288 -0.0163 0.0157, 0.0419 -0.0183 0.0157, 0.027 -0.0157 0.0157, 0.0252 -0.0153 0.0157, 0.0798 -0.0421 0.0157, 0.0811 -0.0399 0.0157, 0.0738 -0.0347 0.0157, 0.0822 -0.0376 0.0157, 0.0747 -0.0327 0.0157, 0.083 -0.035 0.0157, 0.0752 -0.0307 0.0157, 0.0837 -0.0321 0.0157, 0.0756 -0.0285 0.0157, 0.0841 -0.029 0.0157, 0.0757 -0.0264 0.0157, 0.0727 -0.0364 0.0157, 0.0723 -0.0368 0.0157, 0.0782 -0.0442 0.0157, 0.0765 -0.046 0.0157, 0.0591 -0.0405 0.0157, 0.0578 -0.0501 0.0157, 0.0612 -0.041 0.0157, 0.0603 -0.0506 0.0157, 0.0633 -0.0411 0.0157, 0.063 -0.0507 0.0157, 0.0643 -0.0411 0.0157, 0.0654 -0.0506 0.0157, 0.0678 -0.0502 0.0157, 0.0737 -0.0179 0.0157, 0.0814 -0.012 0.0157, 0.0727 -0.0163 0.0157, 0.08 -0.0098 0.0157, 0.0714 -0.0147 0.0157, 0.0784 -0.0078 0.0157, 0.0765 -0.0061 0.0157, 0.0521 -0.0358 0.0157, 0.0507 -0.0339 0.0157, 0.0493 -0.0318 0.0157, 0.0306 -0.0173 0.0157, 0.0322 -0.0185 0.0157, 0.0328 -0.0191 0.0157, 0.0343 -0.0207 0.0157, 0.0356 -0.0226 0.0157, 0.0368 -0.0248 0.0157, 0.0216 -0.0153 0.0157, 0.0186 -0.0051 0.0157, 0.0199 -0.0157 0.0157, 0.0163 -0.0058 0.0157, 0.0183 -0.0163 0.0157, 0.0843 -0.0256 0.0157, 0.0843 -0.0246 0.0157, 0.0755 -0.0239 0.0157, 0.0842 -0.022 0.0157, 0.0752 -0.0218 0.0157, 0.0839 -0.0192 0.0157, 0.0746 -0.0197 0.0157, 0.0833 -0.0167 0.0157, 0.0824 -0.0142 0.0157, 0.0421 -0.0183 0.0157, 0.048 -0.0291 0.0157, 0.0466 -0.0258 0.0157, 0.0146 -0.0473 0.0157, 0.0196 -0.0377 0.0157, 0.0181 -0.0372 0.0157, 0.0257 -0.0048 0.0157, 0.0232 -0.0152 0.0157, 0.0231 -0.0046 0.0157, 0.0208 -0.0047 0.0157, 0.0445 -0.0396 0.0157, 0.0459 -0.0419 0.0157, 0.0475 -0.0439 0.0157, 0.0572 -0.0126 0.0157, 0.052 -0.0051 0.0157, 0.0555 -0.0135 0.0157, 0.0503 -0.0064 0.0157, 0.0537 -0.0148 0.0157, 0.0485 -0.0081 0.0157, 0.0521 -0.0164 0.0157, 0.0638 -0.0017 0.0157, 0.0614 -0.0018 0.0157, 0.0611 -0.0115 0.0157, 0.059 -0.0022 0.0157, 0.0591 -0.0119 0.0157, 0.0565 -0.0029 0.0157, 0.0542 -0.0039 0.0157, 0.0146 -0.0344 0.0157, 0.0078 -0.0416 0.0157, 0.0154 -0.0354 0.0157, 0.0093 -0.0435 0.0157, 0.0167 -0.0364 0.0157, 0.0111 -0.0452 0.0157, 0.0127 -0.0463 0.0157, 0.0125 -0.0297 0.0157, 0.0041 -0.0327 0.0157, 0.0129 -0.0314 0.0157, 0.0047 -0.0354 0.0157, 0.0136 -0.0329 0.0157, 0.0055 -0.0376 0.0157, 0.0065 -0.0396 0.0157, 0.0144 -0.0067 0.0157, 0.0125 -0.0079 0.0157, 0.0169 -0.0172 0.0157, 0.0107 -0.0094 0.0157, 0.0156 -0.0184 0.0157, 0.0166 -0.0481 0.0157, 0.0187 -0.0485 0.0157, 0.0216 -0.0381 0.0157, 0.0407 -0.0159 0.0157, 0.0392 -0.0135 0.0157, 0.0376 -0.0114 0.0157, 0.0492 -0.0456 0.0157, 0.0512 -0.0472 0.0157, 0.0572 -0.0398 0.0157, 0.0533 -0.0485 0.0157, 0.0556 -0.0495 0.0157, 0.0477 -0.0233 0.0157, 0.0491 -0.0206 0.0157, 0.0437 -0.015 0.0157, 0.0505 -0.0184 0.0157, 0.0451 -0.0124 0.0157, 0.0467 -0.0102 0.0157, 0.0281 -0.0374 0.0157, 0.033 -0.0455 0.0157, 0.03 -0.0365 0.0157, 0.035 -0.0439 0.0157, 0.0316 -0.0354 0.0157, 0.0369 -0.0421 0.0157, 0.0325 -0.0346 0.0157, 0.0385 -0.0401 0.0157, 0.034 -0.0331 0.0157, 0.0401 -0.0378 0.0157, 0.0354 -0.0312 0.0157, 0.0417 -0.0349 0.0157, 0.0368 -0.029 0.0157, 0.0419 -0.0344 0.0157, 0.0421 -0.0344 0.0157, 0.0431 -0.0369 0.0157, 0.021 -0.0488 0.0157, 0.0219 -0.0488 0.0157, 0.0233 -0.0382 0.0157, 0.0243 -0.0487 0.0157, 0.0243 -0.0382 0.0157, 0.0266 -0.0483 0.0157, 0.0263 -0.0379 0.0157, 0.029 -0.0476 0.0157, 0.0311 -0.0466 0.0157, 0.0091 -0.0111 0.0157, 0.0076 -0.0131 0.0157, 0.0143 -0.0199 0.0157, 0.0063 -0.0153 0.0157, 0.0134 -0.0215 0.0157, 0.0053 -0.0176 0.0157, 0.0128 -0.0233 0.0157, 0.0045 -0.0203 0.0157, 0.0124 -0.025 0.0157, 0.004 -0.0229 0.0157, 0.0123 -0.0269 0.0157, 0.0037 -0.0259 0.0157, 0.0123 -0.0278 0.0157, 0.0036 -0.0276 0.0157, 0.0037 -0.0301 0.0157, 0.0359 -0.0097 0.0157, 0.0342 -0.0082 0.0157, 0.0323 -0.007 0.0157, 0.0303 -0.006 0.0157, 0.028 -0.0052 0.0157, 0.0812 -0.0651 0.0079, 0.0706 -0.0651 0.0079, 0.0812 -0.0651 0.0157, 0.0706 -0.0651 0.0157, 0.082 -0.0668 0.0157, 0.082 -0.0668 0.0079, 0.0827 -0.0688 0.0157, 0.0827 -0.0688 0.0079, 0.0834 -0.0715 0.0157, 0.0834 -0.0715 0.0079, 0.0839 -0.0746 0.0157, 0.0839 -0.0746 0.0079, 0.0842 -0.0782 0.0157, 0.0842 -0.0782 0.0079, 0.0843 -0.0819 0.0157, 0.0843 -0.0819 0.0079, 0.0842 -0.0849 0.0157, 0.0842 -0.0849 0.0079, 0.0839 -0.0882 0.0157, 0.0839 -0.0882 0.0079, 0.0833 -0.0911 0.0157, 0.0833 -0.0911 0.0079, 0.0825 -0.0939 0.0157, 0.0825 -0.0939 0.0079, 0.0815 -0.0964 0.0157, 0.0815 -0.0964 0.0079, 0.0803 -0.0987 0.0157, 0.0803 -0.0987 0.0079, 0.0788 -0.101 0.0157, 0.0788 -0.101 0.0079, 0.0777 -0.1023 0.0157, 0.0777 -0.1023 0.0079, 0.0758 -0.1042 0.0157, 0.0758 -0.1042 0.0079, 0.0738 -0.1058 0.0157, 0.0738 -0.1058 0.0079, 0.0716 -0.1072 0.0157, 0.0716 -0.1072 0.0079, 0.0694 -0.1083 0.0157, 0.0694 -0.1083 0.0079, 0.0668 -0.1092 0.0157, 0.0668 -0.1092 0.0079, 0.0641 -0.1098 0.0157, 0.0641 -0.1098 0.0079, 0.0615 -0.1101 0.0157, 0.0615 -0.1101 0.0079, 0.0589 -0.1102 0.0157, 0.0589 -0.1102 0.0079, 0.0577 -0.1102 0.0157, 0.0577 -0.1102 0.0079, 0.0547 -0.11 0.0157, 0.0547 -0.11 0.0079, 0.0523 -0.1095 0.0157, 0.0523 -0.1095 0.0079, 0.05 -0.1089 0.0157, 0.05 -0.1089 0.0079, 0.0478 -0.108 0.0157, 0.0478 -0.108 0.0079, 0.0456 -0.1067 0.0157, 0.0456 -0.1067 0.0079, 0.0436 -0.1053 0.0157, 0.0436 -0.1053 0.0079, 0.0417 -0.1035 0.0157, 0.0417 -0.1035 0.0079, 0.0409 -0.1026 0.0157, 0.0409 -0.1026 0.0079, 0.0394 -0.1005 0.0157, 0.0394 -0.1005 0.0079, 0.0381 -0.0981 0.0157, 0.0381 -0.0981 0.0079, 0.037 -0.0955 0.0157, 0.037 -0.0955 0.0079, 0.0363 -0.093 0.0157, 0.0363 -0.093 0.0079, 0.0357 -0.0898 0.0157, 0.0357 -0.0898 0.0079, 0.0354 -0.0868 0.0157, 0.0354 -0.0868 0.0079, 0.0353 -0.0842 0.0157, 0.0353 -0.0842 0.0079, 0.0354 -0.0809 0.0157, 0.0354 -0.0809 0.0079, 0.0356 -0.0776 0.0157, 0.0356 -0.0776 0.0079, 0.0132 -0.0776 0.0079, 0.0132 -0.0776 0.0157, 0.0132 -0.1064 0.0079, 0.0132 -0.1064 0.0157, 0.0046 -0.1064 0.0079, 0.0046 -0.1064 0.0157, 0.0046 -0.068 0.0079, 0.0046 -0.068 0.0157, 0.0447 -0.068 0.0079, 0.0447 -0.068 0.0157, 0.0442 -0.0741 0.0157, 0.0442 -0.0741 0.0079, 0.044 -0.0803 0.0157, 0.044 -0.0803 0.0079, 0.044 -0.0809 0.0157, 0.044 -0.0809 0.0079, 0.0441 -0.0839 0.0157, 0.0441 -0.0839 0.0079, 0.0445 -0.0866 0.0157, 0.0445 -0.0866 0.0079, 0.0451 -0.0889 0.0157, 0.0451 -0.0889 0.0079, 0.0458 -0.091 0.0157, 0.0458 -0.091 0.0079, 0.0468 -0.0929 0.0157, 0.0468 -0.0929 0.0079, 0.0475 -0.094 0.0157, 0.0475 -0.094 0.0079, 0.0488 -0.0955 0.0157, 0.0488 -0.0955 0.0079, 0.0503 -0.0969 0.0157, 0.0503 -0.0969 0.0079, 0.0519 -0.0979 0.0157, 0.0519 -0.0979 0.0079, 0.0535 -0.0987 0.0157, 0.0535 -0.0987 0.0079, 0.0554 -0.0992 0.0157, 0.0554 -0.0992 0.0079, 0.0575 -0.0996 0.0157, 0.0575 -0.0996 0.0079, 0.0595 -0.0997 0.0157, 0.0595 -0.0997 0.0079, 0.0617 -0.0996 0.0157, 0.0617 -0.0996 0.0079, 0.0638 -0.0992 0.0157, 0.0638 -0.0992 0.0079, 0.0658 -0.0986 0.0157, 0.0658 -0.0986 0.0079, 0.0676 -0.0977 0.0157, 0.0676 -0.0977 0.0079, 0.0693 -0.0965 0.0157, 0.0693 -0.0965 0.0079, 0.0708 -0.0952 0.0157, 0.0708 -0.0952 0.0079, 0.0718 -0.0941 0.0157, 0.0718 -0.0941 0.0079, 0.073 -0.0923 0.0157, 0.073 -0.0923 0.0079, 0.074 -0.0904 0.0157, 0.074 -0.0904 0.0079, 0.0747 -0.0884 0.0157, 0.0747 -0.0884 0.0079, 0.0753 -0.0862 0.0157, 0.0753 -0.0862 0.0079, 0.0756 -0.0839 0.0157, 0.0756 -0.0839 0.0079, 0.0757 -0.0816 0.0157, 0.0757 -0.0816 0.0079, 0.0755 -0.0789 0.0157, 0.0755 -0.0789 0.0079, 0.0751 -0.0761 0.0157, 0.0751 -0.0761 0.0079, 0.0744 -0.0733 0.0157, 0.0744 -0.0733 0.0079, 0.0735 -0.0706 0.0157, 0.0735 -0.0706 0.0079, 0.0721 -0.0677 0.0157, 0.0721 -0.0677 0.0079, 0.0538 -0.1336 0.0079, 0.0519 -0.1341 0.0079, 0.0446 -0.1329 0.0079, 0.0709 -0.138 0.0079, 0.076 -0.1303 0.0079, 0.0779 -0.1321 0.0079, 0.0502 -0.1349 0.0079, 0.0485 -0.1359 0.0079, 0.0426 -0.1341 0.0079, 0.0468 -0.1372 0.0079, 0.0406 -0.1354 0.0079, 0.0452 -0.1388 0.0079, 0.0387 -0.1371 0.0079, 0.044 -0.1405 0.0079, 0.0371 -0.139 0.0079, 0.0431 -0.1424 0.0079, 0.0358 -0.141 0.0079, 0.0425 -0.1442 0.0079, 0.045 -0.1577 0.0079, 0.0364 -0.163 0.0079, 0.044 -0.1563 0.0079, 0.0353 -0.1608 0.0079, 0.0432 -0.1547 0.0079, 0.0345 -0.1586 0.0079, 0.0426 -0.1528 0.0079, 0.0339 -0.156 0.0079, 0.0335 -0.1534 0.0079, 0.0422 -0.1507 0.0079, 0.0334 -0.151 0.0079, 0.0421 -0.1483 0.0079, 0.0481 -0.1604 0.0079, 0.0414 -0.1686 0.0079, 0.0464 -0.1592 0.0079, 0.0395 -0.1669 0.0079, 0.0379 -0.1651 0.0079, 0.0134 -0.1636 0.0079, 0.0046 -0.1639 0.0079, 0.0127 -0.1609 0.0079, 0.0041 -0.1613 0.0079, 0.0124 -0.1582 0.0079, 0.0037 -0.1585 0.0079, 0.0123 -0.1558 0.0079, 0.0036 -0.1556 0.0079, 0.0124 -0.1534 0.0079, 0.0038 -0.1524 0.0079, 0.0128 -0.1511 0.0079, 0.0042 -0.1494 0.0079, 0.0134 -0.1488 0.0079, 0.0154 -0.1688 0.0079, 0.0068 -0.1688 0.0079, 0.0142 -0.1662 0.0079, 0.0063 -0.1681 0.0079, 0.0054 -0.1661 0.0079, 0.0334 -0.1503 0.0079, 0.0336 -0.1478 0.0079, 0.0422 -0.1463 0.0079, 0.0341 -0.1454 0.0079, 0.0348 -0.1432 0.0079, 0.0724 -0.1394 0.0079, 0.0796 -0.134 0.0079, 0.0735 -0.1408 0.0079, 0.0811 -0.1361 0.0079, 0.0744 -0.1425 0.0079, 0.0823 -0.1385 0.0079, 0.0751 -0.1443 0.0079, 0.0736 -0.1287 0.0079, 0.0689 -0.1365 0.0079, 0.071 -0.1271 0.0079, 0.0667 -0.1353 0.0079, 0.0682 -0.1259 0.0079, 0.0644 -0.1344 0.0079, 0.0652 -0.1248 0.0079, 0.0621 -0.1338 0.0079, 0.0618 -0.124 0.0079, 0.0596 -0.1334 0.0079, 0.0582 -0.1234 0.0079, 0.0751 -0.1526 0.0079, 0.0831 -0.1568 0.0079, 0.0745 -0.1544 0.0079, 0.0821 -0.1593 0.0079, 0.0735 -0.1561 0.0079, 0.0808 -0.1617 0.0079, 0.0724 -0.1576 0.0079, 0.0794 -0.1637 0.0079, 0.071 -0.159 0.0079, 0.0446 -0.1327 0.0079, 0.0572 -0.1333 0.0079, 0.0558 -0.1333 0.0079, 0.0832 -0.1407 0.0079, 0.0838 -0.1434 0.0079, 0.0755 -0.1462 0.0079, 0.0842 -0.146 0.0079, 0.0757 -0.1484 0.0079, 0.0843 -0.1485 0.0079, 0.0755 -0.1505 0.0079, 0.0842 -0.1514 0.0079, 0.0837 -0.1542 0.0079, 0.0536 -0.1229 0.0079, 0.0486 -0.1227 0.0079, 0.0776 -0.1659 0.0079, 0.0763 -0.1671 0.0079, 0.0693 -0.1603 0.0079, 0.0741 -0.1688 0.0079, 0.0674 -0.1613 0.0079, 0.0718 -0.1703 0.0079, 0.0653 -0.1621 0.0079, 0.0691 -0.1716 0.0079, 0.063 -0.1627 0.0079, 0.0049 -0.1466 0.0079, 0.0059 -0.1438 0.0079, 0.0144 -0.1465 0.0079, 0.0073 -0.1412 0.0079, 0.0156 -0.1445 0.0079, 0.0089 -0.1386 0.0079, 0.0171 -0.1426 0.0079, 0.0109 -0.1362 0.0079, 0.0189 -0.1408 0.0079, 0.0133 -0.1339 0.0079, 0.0209 -0.1391 0.0079, 0.0157 -0.1319 0.0079, 0.0232 -0.1376 0.0079, 0.0187 -0.1299 0.0079, 0.0258 -0.1363 0.0079, 0.0215 -0.1283 0.0079, 0.0285 -0.1352 0.0079, 0.0245 -0.1269 0.0079, 0.0317 -0.1342 0.0079, 0.0283 -0.1255 0.0079, 0.035 -0.1335 0.0079, 0.032 -0.1245 0.0079, 0.0386 -0.133 0.0079, 0.0359 -0.1237 0.0079, 0.0426 -0.1327 0.0079, 0.0405 -0.1231 0.0079, 0.0448 -0.1228 0.0079, 0.0542 -0.1627 0.0079, 0.0508 -0.1729 0.0079, 0.0519 -0.1621 0.0079, 0.0482 -0.1722 0.0079, 0.0498 -0.1614 0.0079, 0.0458 -0.1712 0.0079, 0.0435 -0.17 0.0079, 0.0663 -0.1725 0.0079, 0.0634 -0.1732 0.0079, 0.0607 -0.163 0.0079, 0.0606 -0.1735 0.0079, 0.0589 -0.1631 0.0079, 0.0578 -0.1736 0.0079, 0.0567 -0.163 0.0079, 0.0564 -0.1736 0.0079, 0.0536 -0.1734 0.0079, 0.044 -0.1405 0.0157, 0.0452 -0.1388 0.0157, 0.0446 -0.1329 0.0157, 0.044 -0.1563 0.0157, 0.0364 -0.163 0.0157, 0.045 -0.1577 0.0157, 0.0379 -0.1651 0.0157, 0.0464 -0.1592 0.0157, 0.0755 -0.1462 0.0157, 0.0838 -0.1434 0.0157, 0.0751 -0.1443 0.0157, 0.0832 -0.1407 0.0157, 0.0744 -0.1425 0.0157, 0.0823 -0.1385 0.0157, 0.0735 -0.1408 0.0157, 0.0811 -0.1361 0.0157, 0.0724 -0.1394 0.0157, 0.0468 -0.1372 0.0157, 0.0485 -0.1359 0.0157, 0.0502 -0.1349 0.0157, 0.0422 -0.1507 0.0157, 0.0335 -0.1534 0.0157, 0.0426 -0.1528 0.0157, 0.0339 -0.156 0.0157, 0.0432 -0.1547 0.0157, 0.0345 -0.1586 0.0157, 0.0353 -0.1608 0.0157, 0.0745 -0.1544 0.0157, 0.0831 -0.1568 0.0157, 0.0751 -0.1526 0.0157, 0.0837 -0.1542 0.0157, 0.0755 -0.1505 0.0157, 0.0842 -0.1514 0.0157, 0.0757 -0.1484 0.0157, 0.0843 -0.1485 0.0157, 0.0842 -0.146 0.0157, 0.0134 -0.1636 0.0157, 0.0127 -0.1609 0.0157, 0.0046 -0.1639 0.0157, 0.0144 -0.1465 0.0157, 0.0059 -0.1438 0.0157, 0.0134 -0.1488 0.0157, 0.0049 -0.1466 0.0157, 0.0128 -0.1511 0.0157, 0.0042 -0.1494 0.0157, 0.0124 -0.1534 0.0157, 0.0038 -0.1524 0.0157, 0.0123 -0.1558 0.0157, 0.0036 -0.1556 0.0157, 0.0124 -0.1582 0.0157, 0.0037 -0.1585 0.0157, 0.0041 -0.1613 0.0157, 0.0421 -0.1483 0.0157, 0.0334 -0.1503 0.0157, 0.0334 -0.151 0.0157, 0.0426 -0.1341 0.0157, 0.0425 -0.1442 0.0157, 0.0431 -0.1424 0.0157, 0.0054 -0.1661 0.0157, 0.0063 -0.1681 0.0157, 0.0142 -0.1662 0.0157, 0.0068 -0.1688 0.0157, 0.0154 -0.1688 0.0157, 0.0536 -0.1229 0.0157, 0.0446 -0.1327 0.0157, 0.0395 -0.1669 0.0157, 0.0414 -0.1686 0.0157, 0.0481 -0.1604 0.0157, 0.0435 -0.17 0.0157, 0.0498 -0.1614 0.0157, 0.0458 -0.1712 0.0157, 0.0519 -0.1621 0.0157, 0.0693 -0.1603 0.0157, 0.0763 -0.1671 0.0157, 0.071 -0.159 0.0157, 0.0776 -0.1659 0.0157, 0.0724 -0.1576 0.0157, 0.0794 -0.1637 0.0157, 0.0735 -0.1561 0.0157, 0.0808 -0.1617 0.0157, 0.0821 -0.1593 0.0157, 0.0406 -0.1354 0.0157, 0.0387 -0.1371 0.0157, 0.0371 -0.139 0.0157, 0.0796 -0.134 0.0157, 0.0779 -0.1321 0.0157, 0.0709 -0.138 0.0157, 0.076 -0.1303 0.0157, 0.0689 -0.1365 0.0157, 0.0736 -0.1287 0.0157, 0.0667 -0.1353 0.0157, 0.071 -0.1271 0.0157, 0.0644 -0.1344 0.0157, 0.0682 -0.1259 0.0157, 0.0621 -0.1338 0.0157, 0.0652 -0.1248 0.0157, 0.0596 -0.1334 0.0157, 0.0618 -0.124 0.0157, 0.0572 -0.1333 0.0157, 0.0582 -0.1234 0.0157, 0.0558 -0.1333 0.0157, 0.0538 -0.1336 0.0157, 0.0519 -0.1341 0.0157, 0.0358 -0.141 0.0157, 0.0348 -0.1432 0.0157, 0.0422 -0.1463 0.0157, 0.0341 -0.1454 0.0157, 0.0336 -0.1478 0.0157, 0.0486 -0.1227 0.0157, 0.0448 -0.1228 0.0157, 0.0426 -0.1327 0.0157, 0.0405 -0.1231 0.0157, 0.0386 -0.133 0.0157, 0.0359 -0.1237 0.0157, 0.035 -0.1335 0.0157, 0.032 -0.1245 0.0157, 0.0317 -0.1342 0.0157, 0.0283 -0.1255 0.0157, 0.0285 -0.1352 0.0157, 0.0245 -0.1269 0.0157, 0.0258 -0.1363 0.0157, 0.0215 -0.1283 0.0157, 0.0232 -0.1376 0.0157, 0.0187 -0.1299 0.0157, 0.0209 -0.1391 0.0157, 0.0157 -0.1319 0.0157, 0.0189 -0.1408 0.0157, 0.0133 -0.1339 0.0157, 0.0171 -0.1426 0.0157, 0.0109 -0.1362 0.0157, 0.0156 -0.1445 0.0157, 0.0089 -0.1386 0.0157, 0.0073 -0.1412 0.0157, 0.0607 -0.163 0.0157, 0.0634 -0.1732 0.0157, 0.063 -0.1627 0.0157, 0.0663 -0.1725 0.0157, 0.0653 -0.1621 0.0157, 0.0691 -0.1716 0.0157, 0.0674 -0.1613 0.0157, 0.0718 -0.1703 0.0157, 0.0741 -0.1688 0.0157, 0.0482 -0.1722 0.0157, 0.0508 -0.1729 0.0157, 0.0542 -0.1627 0.0157, 0.0536 -0.1734 0.0157, 0.0567 -0.163 0.0157, 0.0564 -0.1736 0.0157, 0.0589 -0.1631 0.0157, 0.0578 -0.1736 0.0157, 0.0606 -0.1735 0.0157, 0.0128 -0.205 0.0079, 0.0124 -0.2067 0.0079, 0.0038 -0.2062 0.0079, 0.0036 -0.2092 0.0079, 0.0042 -0.2035 0.0079, 0.0048 -0.201 0.0079, 0.0135 -0.2032 0.0079, 0.0058 -0.1986 0.0079, 0.0144 -0.2016 0.0079, 0.007 -0.1963 0.0079, 0.0156 -0.2001 0.0079, 0.0735 -0.2012 0.0079, 0.0722 -0.1997 0.0079, 0.0803 -0.1943 0.0079, 0.0123 -0.2086 0.0079, 0.0123 -0.2089 0.0079, 0.0037 -0.2116 0.0079, 0.0124 -0.2107 0.0079, 0.0041 -0.2141 0.0079, 0.0129 -0.2123 0.0079, 0.0047 -0.2166 0.0079, 0.0135 -0.2139 0.0079, 0.081 -0.1953 0.0079, 0.0822 -0.1975 0.0079, 0.0745 -0.2029 0.0079, 0.0832 -0.2 0.0079, 0.0752 -0.2047 0.0079, 0.0839 -0.2025 0.0079, 0.0756 -0.2066 0.0079, 0.0842 -0.2049 0.0079, 0.0757 -0.2083 0.0079, 0.0843 -0.2074 0.0079, 0.0755 -0.2102 0.0079, 0.0841 -0.2106 0.0079, 0.0752 -0.2119 0.0079, 0.0172 -0.218 0.0079, 0.0098 -0.2249 0.0079, 0.0156 -0.2166 0.0079, 0.0082 -0.2231 0.0079, 0.0144 -0.2153 0.0079, 0.0067 -0.2211 0.0079, 0.0056 -0.2189 0.0079, 0.0837 -0.2132 0.0079, 0.083 -0.2157 0.0079, 0.0745 -0.2136 0.0079, 0.082 -0.2181 0.0079, 0.0735 -0.2152 0.0079, 0.0807 -0.2204 0.0079, 0.0723 -0.2167 0.0079, 0.0793 -0.2222 0.0079, 0.0712 -0.2177 0.0079, 0.0666 -0.1961 0.0079, 0.0722 -0.1875 0.0079, 0.0688 -0.1971 0.0079, 0.0746 -0.189 0.0079, 0.0706 -0.1983 0.0079, 0.0768 -0.1906 0.0079, 0.0786 -0.1924 0.0079, 0.0272 -0.222 0.0079, 0.0226 -0.2317 0.0079, 0.0238 -0.2211 0.0079, 0.0194 -0.2307 0.0079, 0.0211 -0.2202 0.0079, 0.0163 -0.2293 0.0079, 0.019 -0.2191 0.0079, 0.0139 -0.2281 0.0079, 0.0117 -0.2265 0.0079, 0.0776 -0.2241 0.0079, 0.0755 -0.2259 0.0079, 0.0694 -0.2189 0.0079, 0.0729 -0.2277 0.0079, 0.0675 -0.2199 0.0079, 0.0703 -0.2291 0.0079, 0.0652 -0.2209 0.0079, 0.0678 -0.2303 0.0079, 0.0622 -0.2218 0.0079, 0.0646 -0.2314 0.0079, 0.0589 -0.2225 0.0079, 0.0609 -0.2324 0.0079, 0.0543 -0.2231 0.0079, 0.0571 -0.2331 0.0079, 0.0497 -0.2234 0.0079, 0.0521 -0.2338 0.0079, 0.0474 -0.234 0.0079, 0.0445 -0.2236 0.0079, 0.0436 -0.2341 0.0079, 0.0404 -0.2235 0.0079, 0.0393 -0.234 0.0079, 0.0351 -0.2232 0.0079, 0.0342 -0.2337 0.0079, 0.0309 -0.2227 0.0079, 0.03 -0.2332 0.0079, 0.0259 -0.2325 0.0079, 0.0085 -0.1943 0.0079, 0.0103 -0.1923 0.0079, 0.0172 -0.1988 0.0079, 0.0122 -0.1906 0.0079, 0.0189 -0.1976 0.0079, 0.0144 -0.1891 0.0079, 0.021 -0.1965 0.0079, 0.0173 -0.1874 0.0079, 0.0235 -0.1956 0.0079, 0.0204 -0.1861 0.0079, 0.0266 -0.1946 0.0079, 0.0237 -0.1849 0.0079, 0.0299 -0.194 0.0079, 0.0274 -0.184 0.0079, 0.0338 -0.1934 0.0079, 0.0314 -0.1832 0.0079, 0.0383 -0.193 0.0079, 0.0366 -0.1826 0.0079, 0.0433 -0.1928 0.0079, 0.0416 -0.1823 0.0079, 0.045 -0.1928 0.0079, 0.0455 -0.1823 0.0079, 0.0489 -0.1929 0.0079, 0.0499 -0.1824 0.0079, 0.0537 -0.1932 0.0079, 0.0547 -0.1827 0.0079, 0.0576 -0.1937 0.0079, 0.0596 -0.1834 0.0079, 0.0612 -0.1944 0.0079, 0.0633 -0.1842 0.0079, 0.0639 -0.1951 0.0079, 0.0666 -0.1851 0.0079, 0.0696 -0.1863 0.0079, 0.0822 -0.1975 0.0157, 0.0735 -0.2012 0.0157, 0.0745 -0.2029 0.0157, 0.0156 -0.2166 0.0157, 0.0144 -0.2153 0.0157, 0.0067 -0.2211 0.0157, 0.0745 -0.2136 0.0157, 0.083 -0.2157 0.0157, 0.0752 -0.2119 0.0157, 0.0837 -0.2132 0.0157, 0.0755 -0.2102 0.0157, 0.0841 -0.2106 0.0157, 0.0757 -0.2083 0.0157, 0.0843 -0.2074 0.0157, 0.0756 -0.2066 0.0157, 0.0842 -0.2049 0.0157, 0.0752 -0.2047 0.0157, 0.0839 -0.2025 0.0157, 0.0832 -0.2 0.0157, 0.0056 -0.2189 0.0157, 0.0135 -0.2139 0.0157, 0.0047 -0.2166 0.0157, 0.0129 -0.2123 0.0157, 0.0041 -0.2141 0.0157, 0.0037 -0.2116 0.0157, 0.0124 -0.2107 0.0157, 0.0036 -0.2092 0.0157, 0.0123 -0.2089 0.0157, 0.0123 -0.2086 0.0157, 0.0038 -0.2062 0.0157, 0.0124 -0.2067 0.0157, 0.0042 -0.2035 0.0157, 0.0128 -0.205 0.0157, 0.0048 -0.201 0.0157, 0.0135 -0.2032 0.0157, 0.081 -0.1953 0.0157, 0.0803 -0.1943 0.0157, 0.0722 -0.1997 0.0157, 0.0786 -0.1924 0.0157, 0.0706 -0.1983 0.0157, 0.0768 -0.1906 0.0157, 0.0688 -0.1971 0.0157, 0.0172 -0.1988 0.0157, 0.0103 -0.1923 0.0157, 0.0156 -0.2001 0.0157, 0.0085 -0.1943 0.0157, 0.0144 -0.2016 0.0157, 0.007 -0.1963 0.0157, 0.0058 -0.1986 0.0157, 0.0694 -0.2189 0.0157, 0.0755 -0.2259 0.0157, 0.0712 -0.2177 0.0157, 0.0776 -0.2241 0.0157, 0.0723 -0.2167 0.0157, 0.0793 -0.2222 0.0157, 0.0735 -0.2152 0.0157, 0.0807 -0.2204 0.0157, 0.082 -0.2181 0.0157, 0.0082 -0.2231 0.0157, 0.0098 -0.2249 0.0157, 0.0172 -0.218 0.0157, 0.0117 -0.2265 0.0157, 0.019 -0.2191 0.0157, 0.0139 -0.2281 0.0157, 0.0211 -0.2202 0.0157, 0.0163 -0.2293 0.0157, 0.0238 -0.2211 0.0157, 0.0194 -0.2307 0.0157, 0.0226 -0.2317 0.0157, 0.0272 -0.222 0.0157, 0.0259 -0.2325 0.0157, 0.0309 -0.2227 0.0157, 0.03 -0.2332 0.0157, 0.0351 -0.2232 0.0157, 0.0342 -0.2337 0.0157, 0.0404 -0.2235 0.0157, 0.0393 -0.234 0.0157, 0.0445 -0.2236 0.0157, 0.0436 -0.2341 0.0157, 0.0474 -0.234 0.0157, 0.0497 -0.2234 0.0157, 0.0521 -0.2338 0.0157, 0.0543 -0.2231 0.0157, 0.0571 -0.2331 0.0157, 0.0589 -0.2225 0.0157, 0.0609 -0.2324 0.0157, 0.0622 -0.2218 0.0157, 0.0646 -0.2314 0.0157, 0.0652 -0.2209 0.0157, 0.0678 -0.2303 0.0157, 0.0675 -0.2199 0.0157, 0.0703 -0.2291 0.0157, 0.0729 -0.2277 0.0157, 0.0746 -0.189 0.0157, 0.0722 -0.1875 0.0157, 0.0666 -0.1961 0.0157, 0.0696 -0.1863 0.0157, 0.0639 -0.1951 0.0157, 0.0666 -0.1851 0.0157, 0.0612 -0.1944 0.0157, 0.0633 -0.1842 0.0157, 0.0576 -0.1937 0.0157, 0.0596 -0.1834 0.0157, 0.0537 -0.1932 0.0157, 0.0547 -0.1827 0.0157, 0.0489 -0.1929 0.0157, 0.0499 -0.1824 0.0157, 0.045 -0.1928 0.0157, 0.0455 -0.1823 0.0157, 0.0433 -0.1928 0.0157, 0.0416 -0.1823 0.0157, 0.0383 -0.193 0.0157, 0.0366 -0.1826 0.0157, 0.0338 -0.1934 0.0157, 0.0314 -0.1832 0.0157, 0.0299 -0.194 0.0157, 0.0274 -0.184 0.0157, 0.0266 -0.1946 0.0157, 0.0237 -0.1849 0.0157, 0.0235 -0.1956 0.0157, 0.0204 -0.1861 0.0157, 0.021 -0.1965 0.0157, 0.0173 -0.1874 0.0157, 0.0189 -0.1976 0.0157, 0.0144 -0.1891 0.0157, 0.0122 -0.1906 0.0157, 0.0378 -0.2689 0.0079, 0.0419 -0.2603 0.0079, 0.0421 -0.2603 0.0079, 0.0421 -0.2764 0.0079, 0.0419 -0.2764 0.0079, 0.0466 -0.2678 0.0079, 0.0555 -0.2555 0.0079, 0.0537 -0.2568 0.0079, 0.0263 -0.2799 0.0079, 0.0281 -0.2794 0.0079, 0.03 -0.2785 0.0079, 0.0316 -0.2774 0.0079, 0.0325 -0.2766 0.0079, 0.034 -0.2751 0.0079, 0.0354 -0.2732 0.0079, 0.0368 -0.271 0.0079, 0.0612 -0.2829 0.0079, 0.0578 -0.2921 0.0079, 0.0591 -0.2825 0.0079, 0.0556 -0.2915 0.0079, 0.0572 -0.2817 0.0079, 0.0533 -0.2905 0.0079, 0.0554 -0.2807 0.0079, 0.0649 -0.2534 0.0079, 0.0684 -0.2442 0.0079, 0.0666 -0.2538 0.0079, 0.0706 -0.2448 0.0079, 0.0684 -0.2545 0.0079, 0.0196 -0.2797 0.0079, 0.0146 -0.2893 0.0079, 0.0181 -0.2792 0.0079, 0.0127 -0.2883 0.0079, 0.0167 -0.2784 0.0079, 0.0111 -0.2871 0.0079, 0.0154 -0.2773 0.0079, 0.0216 -0.2801 0.0079, 0.0187 -0.2905 0.0079, 0.0166 -0.29 0.0079, 0.0169 -0.2592 0.0079, 0.0125 -0.2499 0.0079, 0.0183 -0.2583 0.0079, 0.0144 -0.2487 0.0079, 0.0199 -0.2576 0.0079, 0.0143 -0.2619 0.0079, 0.0076 -0.2551 0.0079, 0.0156 -0.2603 0.0079, 0.0091 -0.253 0.0079, 0.0107 -0.2514 0.0079, 0.0129 -0.2733 0.0079, 0.0041 -0.2747 0.0079, 0.0125 -0.2716 0.0079, 0.0037 -0.2721 0.0079, 0.0123 -0.2698 0.0079, 0.0036 -0.2696 0.0079, 0.0123 -0.2689 0.0079, 0.0037 -0.2678 0.0079, 0.0124 -0.267 0.0079, 0.004 -0.2649 0.0079, 0.0128 -0.2653 0.0079, 0.0045 -0.2622 0.0079, 0.0134 -0.2635 0.0079, 0.0053 -0.2596 0.0079, 0.0063 -0.2573 0.0079, 0.0521 -0.2584 0.0079, 0.0505 -0.2604 0.0079, 0.0491 -0.2626 0.0079, 0.0678 -0.2822 0.0079, 0.0702 -0.2916 0.0079, 0.0661 -0.2828 0.0079, 0.0678 -0.2922 0.0079, 0.0643 -0.2831 0.0079, 0.0654 -0.2926 0.0079, 0.0633 -0.2831 0.0079, 0.063 -0.2927 0.0079, 0.0603 -0.2925 0.0079, 0.0093 -0.2855 0.0079, 0.0078 -0.2836 0.0079, 0.0146 -0.2764 0.0079, 0.0065 -0.2816 0.0079, 0.0136 -0.2749 0.0079, 0.0055 -0.2796 0.0079, 0.0047 -0.2774 0.0079, 0.0288 -0.2583 0.0079, 0.0342 -0.2501 0.0079, 0.0306 -0.2593 0.0079, 0.0359 -0.2517 0.0079, 0.0322 -0.2605 0.0079, 0.0376 -0.2534 0.0079, 0.0328 -0.261 0.0079, 0.0392 -0.2555 0.0079, 0.0343 -0.2627 0.0079, 0.0407 -0.2579 0.0079, 0.0356 -0.2646 0.0079, 0.0368 -0.2668 0.0079, 0.0477 -0.2653 0.0079, 0.0512 -0.2892 0.0079, 0.0492 -0.2876 0.0079, 0.0538 -0.2794 0.0079, 0.0475 -0.2859 0.0079, 0.0521 -0.2778 0.0079, 0.0459 -0.2839 0.0079, 0.0507 -0.2759 0.0079, 0.0726 -0.2456 0.0079, 0.0747 -0.2467 0.0079, 0.07 -0.2555 0.0079, 0.0765 -0.2481 0.0079, 0.0714 -0.2567 0.0079, 0.0784 -0.2498 0.0079, 0.0727 -0.2583 0.0079, 0.0611 -0.2534 0.0079, 0.0614 -0.2438 0.0079, 0.063 -0.2533 0.0079, 0.0638 -0.2437 0.0079, 0.066 -0.2438 0.0079, 0.0572 -0.2545 0.0079, 0.0437 -0.2569 0.0079, 0.0451 -0.2544 0.0079, 0.0266 -0.2903 0.0079, 0.0243 -0.2802 0.0079, 0.0243 -0.2906 0.0079, 0.0233 -0.2802 0.0079, 0.0219 -0.2908 0.0079, 0.021 -0.2907 0.0079, 0.0747 -0.2746 0.0079, 0.0822 -0.2795 0.0079, 0.0738 -0.2766 0.0079, 0.0811 -0.2819 0.0079, 0.0727 -0.2784 0.0079, 0.0798 -0.2841 0.0079, 0.0723 -0.2788 0.0079, 0.0782 -0.2862 0.0079, 0.0709 -0.2803 0.0079, 0.0765 -0.2879 0.0079, 0.0695 -0.2813 0.0079, 0.0746 -0.2894 0.0079, 0.0725 -0.2906 0.0079, 0.0252 -0.2573 0.0079, 0.028 -0.2472 0.0079, 0.027 -0.2577 0.0079, 0.0303 -0.2479 0.0079, 0.0323 -0.2489 0.0079, 0.0163 -0.2478 0.0079, 0.0186 -0.2471 0.0079, 0.0216 -0.2573 0.0079, 0.0208 -0.2467 0.0079, 0.0232 -0.2572 0.0079, 0.0231 -0.2466 0.0079, 0.0257 -0.2468 0.0079, 0.08 -0.2518 0.0079, 0.0814 -0.254 0.0079, 0.0737 -0.2599 0.0079, 0.0824 -0.2562 0.0079, 0.0746 -0.2617 0.0079, 0.0833 -0.2587 0.0079, 0.0752 -0.2638 0.0079, 0.0839 -0.2612 0.0079, 0.0755 -0.2659 0.0079, 0.0417 -0.2769 0.0079, 0.0401 -0.2797 0.0079, 0.0385 -0.2821 0.0079, 0.048 -0.2711 0.0079, 0.0493 -0.2738 0.0079, 0.0431 -0.2788 0.0079, 0.0445 -0.2815 0.0079, 0.0467 -0.2522 0.0079, 0.0485 -0.2501 0.0079, 0.0503 -0.2484 0.0079, 0.052 -0.2471 0.0079, 0.0542 -0.2458 0.0079, 0.0591 -0.2538 0.0079, 0.0565 -0.2449 0.0079, 0.059 -0.2442 0.0079, 0.0369 -0.284 0.0079, 0.035 -0.2859 0.0079, 0.033 -0.2874 0.0079, 0.0311 -0.2886 0.0079, 0.029 -0.2895 0.0079, 0.0842 -0.264 0.0079, 0.0843 -0.2666 0.0079, 0.0757 -0.2684 0.0079, 0.0843 -0.2676 0.0079, 0.0756 -0.2705 0.0079, 0.0841 -0.271 0.0079, 0.0752 -0.2727 0.0079, 0.0837 -0.2741 0.0079, 0.083 -0.2769 0.0079, 0.0661 -0.2828 0.0157, 0.0702 -0.2916 0.0157, 0.0678 -0.2822 0.0157, 0.0725 -0.2906 0.0157, 0.0695 -0.2813 0.0157, 0.0746 -0.2894 0.0157, 0.0709 -0.2803 0.0157, 0.0378 -0.2689 0.0157, 0.0554 -0.2807 0.0157, 0.0538 -0.2794 0.0157, 0.07 -0.2555 0.0157, 0.0747 -0.2467 0.0157, 0.0684 -0.2545 0.0157, 0.0726 -0.2456 0.0157, 0.0666 -0.2538 0.0157, 0.0706 -0.2448 0.0157, 0.0684 -0.2442 0.0157, 0.0649 -0.2534 0.0157, 0.066 -0.2438 0.0157, 0.063 -0.2533 0.0157, 0.0288 -0.2583 0.0157, 0.0419 -0.2603 0.0157, 0.027 -0.2577 0.0157, 0.0252 -0.2573 0.0157, 0.0798 -0.2841 0.0157, 0.0811 -0.2819 0.0157, 0.0738 -0.2766 0.0157, 0.0822 -0.2795 0.0157, 0.0747 -0.2746 0.0157, 0.083 -0.2769 0.0157, 0.0752 -0.2727 0.0157, 0.0837 -0.2741 0.0157, 0.0756 -0.2705 0.0157, 0.0841 -0.271 0.0157, 0.0757 -0.2684 0.0157, 0.0727 -0.2784 0.0157, 0.0723 -0.2788 0.0157, 0.0782 -0.2862 0.0157, 0.0765 -0.2879 0.0157, 0.0591 -0.2825 0.0157, 0.0578 -0.2921 0.0157, 0.0612 -0.2829 0.0157, 0.0603 -0.2925 0.0157, 0.0633 -0.2831 0.0157, 0.063 -0.2927 0.0157, 0.0643 -0.2831 0.0157, 0.0654 -0.2926 0.0157, 0.0678 -0.2922 0.0157, 0.0737 -0.2599 0.0157, 0.0814 -0.254 0.0157, 0.0727 -0.2583 0.0157, 0.08 -0.2518 0.0157, 0.0714 -0.2567 0.0157, 0.0784 -0.2498 0.0157, 0.0765 -0.2481 0.0157, 0.0521 -0.2778 0.0157, 0.0507 -0.2759 0.0157, 0.0493 -0.2738 0.0157, 0.0306 -0.2593 0.0157, 0.0322 -0.2605 0.0157, 0.0328 -0.261 0.0157, 0.0343 -0.2627 0.0157, 0.0356 -0.2646 0.0157, 0.0368 -0.2668 0.0157, 0.0216 -0.2573 0.0157, 0.0186 -0.2471 0.0157, 0.0199 -0.2576 0.0157, 0.0163 -0.2478 0.0157, 0.0183 -0.2583 0.0157, 0.0843 -0.2676 0.0157, 0.0843 -0.2666 0.0157, 0.0755 -0.2659 0.0157, 0.0842 -0.264 0.0157, 0.0752 -0.2638 0.0157, 0.0839 -0.2612 0.0157, 0.0746 -0.2617 0.0157, 0.0833 -0.2587 0.0157, 0.0824 -0.2562 0.0157, 0.0421 -0.2603 0.0157, 0.048 -0.2711 0.0157, 0.0466 -0.2678 0.0157, 0.0146 -0.2893 0.0157, 0.0196 -0.2797 0.0157, 0.0181 -0.2792 0.0157, 0.0257 -0.2468 0.0157, 0.0232 -0.2572 0.0157, 0.0231 -0.2466 0.0157, 0.0208 -0.2467 0.0157, 0.0445 -0.2815 0.0157, 0.0459 -0.2839 0.0157, 0.0475 -0.2859 0.0157, 0.0572 -0.2545 0.0157, 0.052 -0.2471 0.0157, 0.0555 -0.2555 0.0157, 0.0503 -0.2484 0.0157, 0.0537 -0.2568 0.0157, 0.0485 -0.2501 0.0157, 0.0521 -0.2584 0.0157, 0.0638 -0.2437 0.0157, 0.0614 -0.2438 0.0157, 0.0611 -0.2534 0.0157, 0.059 -0.2442 0.0157, 0.0591 -0.2538 0.0157, 0.0565 -0.2449 0.0157, 0.0542 -0.2458 0.0157, 0.0146 -0.2764 0.0157, 0.0078 -0.2836 0.0157, 0.0154 -0.2773 0.0157, 0.0093 -0.2855 0.0157, 0.0167 -0.2784 0.0157, 0.0111 -0.2871 0.0157, 0.0127 -0.2883 0.0157, 0.0125 -0.2716 0.0157, 0.0041 -0.2747 0.0157, 0.0129 -0.2733 0.0157, 0.0047 -0.2774 0.0157, 0.0136 -0.2749 0.0157, 0.0055 -0.2796 0.0157, 0.0065 -0.2816 0.0157, 0.0144 -0.2487 0.0157, 0.0125 -0.2499 0.0157, 0.0169 -0.2592 0.0157, 0.0107 -0.2514 0.0157, 0.0156 -0.2603 0.0157, 0.0166 -0.29 0.0157, 0.0187 -0.2905 0.0157, 0.0216 -0.2801 0.0157, 0.0407 -0.2579 0.0157, 0.0392 -0.2555 0.0157, 0.0376 -0.2534 0.0157, 0.0492 -0.2876 0.0157, 0.0512 -0.2892 0.0157, 0.0572 -0.2817 0.0157, 0.0533 -0.2905 0.0157, 0.0556 -0.2915 0.0157, 0.0477 -0.2653 0.0157, 0.0491 -0.2626 0.0157, 0.0437 -0.2569 0.0157, 0.0505 -0.2604 0.0157, 0.0451 -0.2544 0.0157, 0.0467 -0.2522 0.0157, 0.0281 -0.2794 0.0157, 0.033 -0.2874 0.0157, 0.03 -0.2785 0.0157, 0.035 -0.2859 0.0157, 0.0316 -0.2774 0.0157, 0.0369 -0.284 0.0157, 0.0325 -0.2766 0.0157, 0.0385 -0.2821 0.0157, 0.034 -0.2751 0.0157, 0.0401 -0.2797 0.0157, 0.0354 -0.2732 0.0157, 0.0417 -0.2769 0.0157, 0.0368 -0.271 0.0157, 0.0419 -0.2764 0.0157, 0.0421 -0.2764 0.0157, 0.0431 -0.2788 0.0157, 0.021 -0.2907 0.0157, 0.0219 -0.2908 0.0157, 0.0233 -0.2802 0.0157, 0.0243 -0.2906 0.0157, 0.0243 -0.2802 0.0157, 0.0266 -0.2903 0.0157, 0.0263 -0.2799 0.0157, 0.029 -0.2895 0.0157, 0.0311 -0.2886 0.0157, 0.0091 -0.253 0.0157, 0.0076 -0.2551 0.0157, 0.0143 -0.2619 0.0157, 0.0063 -0.2573 0.0157, 0.0134 -0.2635 0.0157, 0.0053 -0.2596 0.0157, 0.0128 -0.2653 0.0157, 0.0045 -0.2622 0.0157, 0.0124 -0.267 0.0157, 0.004 -0.2649 0.0157, 0.0123 -0.2689 0.0157, 0.0037 -0.2678 0.0157, 0.0123 -0.2698 0.0157, 0.0036 -0.2696 0.0157, 0.0037 -0.2721 0.0157, 0.0359 -0.2517 0.0157, 0.0342 -0.2501 0.0157, 0.0323 -0.2489 0.0157, 0.0303 -0.2479 0.0157, 0.028 -0.2472 0.0157, 0.0419 0.3164 0.0079, 0.0419 0.3121 0.0079, 0.0419 0.3164 0.0157, 0.0419 0.3121 0.0157, 0.0567 0.3164 0.0079, 0.0567 0.3164 0.0157, 0.0567 0.3515 0.0079, 0.0567 0.3515 0.0157, 0.062 0.3515 0.0079, 0.062 0.3515 0.0157, 0.062 0.3121 0.0079, 0.062 0.3121 0.0157, 0.0092 0.3185 0.0079, 0.0092 0.3141 0.0079, 0.0092 0.3185 0.0157, 0.0092 0.3141 0.0157, 0.0094 0.3184 0.0157, 0.0094 0.3184 0.0079, 0.0107 0.3177 0.0157, 0.0107 0.3177 0.0079, 0.0123 0.317 0.0157, 0.0123 0.317 0.0079, 0.0139 0.3166 0.0157, 0.0139 0.3166 0.0079, 0.0155 0.3162 0.0157, 0.0155 0.3162 0.0079, 0.0175 0.316 0.0157, 0.0175 0.316 0.0079, 0.0193 0.3159 0.0157, 0.0193 0.3159 0.0079, 0.0202 0.316 0.0157, 0.0202 0.316 0.0079, 0.0218 0.3161 0.0157, 0.0218 0.3161 0.0079, 0.0232 0.3164 0.0157, 0.0232 0.3164 0.0079, 0.0246 0.3168 0.0157, 0.0246 0.3168 0.0079, 0.0259 0.3174 0.0157, 0.0259 0.3174 0.0079, 0.0271 0.3182 0.0157, 0.0271 0.3182 0.0079, 0.0282 0.319 0.0157, 0.0282 0.319 0.0079, 0.0293 0.32 0.0157, 0.0293 0.32 0.0079, 0.0301 0.321 0.0157, 0.0301 0.321 0.0079, 0.0309 0.3222 0.0157, 0.0309 0.3222 0.0079, 0.0316 0.3234 0.0157, 0.0316 0.3234 0.0079, 0.0322 0.3249 0.0157, 0.0322 0.3249 0.0079, 0.0327 0.3264 0.0157, 0.0327 0.3264 0.0079, 0.033 0.3282 0.0157, 0.033 0.3282 0.0079, 0.0332 0.3299 0.0157, 0.0332 0.3299 0.0079, 0.0332 0.3314 0.0157, 0.0332 0.3314 0.0079, 0.0332 0.3331 0.0157, 0.0332 0.3331 0.0079, 0.033 0.3349 0.0157, 0.033 0.3349 0.0079, 0.0326 0.3365 0.0157, 0.0326 0.3365 0.0079, 0.0322 0.338 0.0157, 0.0322 0.338 0.0079, 0.0316 0.3395 0.0157, 0.0316 0.3395 0.0079, 0.0309 0.3408 0.0157, 0.0309 0.3408 0.0079, 0.0301 0.3421 0.0157, 0.0301 0.3421 0.0079, 0.0291 0.3432 0.0157, 0.0291 0.3432 0.0079, 0.028 0.3443 0.0157, 0.028 0.3443 0.0079, 0.0268 0.3452 0.0157, 0.0268 0.3452 0.0079, 0.0256 0.346 0.0157, 0.0256 0.346 0.0079, 0.0242 0.3466 0.0157, 0.0242 0.3466 0.0079, 0.0229 0.3471 0.0157, 0.0229 0.3471 0.0079, 0.0214 0.3474 0.0157, 0.0214 0.3474 0.0079, 0.0199 0.3476 0.0157, 0.0199 0.3476 0.0079, 0.0184 0.3476 0.0157, 0.0184 0.3476 0.0079, 0.0171 0.3476 0.0157, 0.0171 0.3476 0.0079, 0.0154 0.3474 0.0157, 0.0154 0.3474 0.0079, 0.0138 0.3471 0.0157, 0.0138 0.3471 0.0079, 0.0122 0.3465 0.0157, 0.0122 0.3465 0.0079, 0.0106 0.3459 0.0157, 0.0106 0.3459 0.0079, 0.0092 0.3451 0.0157, 0.0092 0.3451 0.0079, 0.0092 0.3504 0.0079, 0.0092 0.3504 0.0157, 0.0095 0.3505 0.0157, 0.0095 0.3505 0.0079, 0.0109 0.351 0.0157, 0.0109 0.351 0.0079, 0.0126 0.3514 0.0157, 0.0126 0.3514 0.0079, 0.0144 0.3517 0.0157, 0.0144 0.3517 0.0079, 0.0164 0.3519 0.0157, 0.0164 0.3519 0.0079, 0.0185 0.352 0.0157, 0.0185 0.352 0.0079, 0.0204 0.3519 0.0157, 0.0204 0.3519 0.0079, 0.0222 0.3517 0.0157, 0.0222 0.3517 0.0079, 0.024 0.3513 0.0157, 0.024 0.3513 0.0079, 0.0257 0.3508 0.0157, 0.0257 0.3508 0.0079, 0.0273 0.3501 0.0157, 0.0273 0.3501 0.0079, 0.0289 0.3493 0.0157, 0.0289 0.3493 0.0079, 0.0304 0.3484 0.0157, 0.0304 0.3484 0.0079, 0.0318 0.3472 0.0157, 0.0318 0.3472 0.0079, 0.0331 0.346 0.0157, 0.0331 0.346 0.0079, 0.0341 0.3448 0.0157, 0.0341 0.3448 0.0079, 0.0351 0.3434 0.0157, 0.0351 0.3434 0.0079, 0.0361 0.3418 0.0157, 0.0361 0.3418 0.0079, 0.0368 0.3401 0.0157, 0.0368 0.3401 0.0079, 0.0375 0.3384 0.0157, 0.0375 0.3384 0.0079, 0.0379 0.3367 0.0157, 0.0379 0.3367 0.0079, 0.0383 0.3347 0.0157, 0.0383 0.3347 0.0079, 0.0384 0.3328 0.0157, 0.0384 0.3328 0.0079, 0.0385 0.331 0.0157, 0.0385 0.331 0.0079, 0.0385 0.3301 0.0157, 0.0385 0.3301 0.0079, 0.0384 0.3281 0.0157, 0.0384 0.3281 0.0079, 0.0381 0.3263 0.0157, 0.0381 0.3263 0.0079, 0.0377 0.3245 0.0157, 0.0377 0.3245 0.0079, 0.0371 0.3229 0.0157, 0.0371 0.3229 0.0079, 0.0365 0.3213 0.0157, 0.0365 0.3213 0.0079, 0.0357 0.3198 0.0157, 0.0357 0.3198 0.0079, 0.0347 0.3184 0.0157, 0.0347 0.3184 0.0079, 0.0336 0.3171 0.0157, 0.0336 0.3171 0.0079, 0.0325 0.316 0.0157, 0.0325 0.316 0.0079, 0.0312 0.315 0.0157, 0.0312 0.315 0.0079, 0.0299 0.3141 0.0157, 0.0299 0.3141 0.0079, 0.0285 0.3134 0.0157, 0.0285 0.3134 0.0079, 0.0269 0.3127 0.0157, 0.0269 0.3127 0.0079, 0.0252 0.3122 0.0157, 0.0252 0.3122 0.0079, 0.0234 0.3119 0.0157, 0.0234 0.3119 0.0079, 0.0217 0.3117 0.0157, 0.0217 0.3117 0.0079, 0.02 0.3116 0.0157, 0.02 0.3116 0.0079, 0.0195 0.3116 0.0157, 0.0195 0.3116 0.0079, 0.0175 0.3117 0.0157, 0.0175 0.3117 0.0079, 0.0156 0.312 0.0157, 0.0156 0.312 0.0079, 0.0139 0.3123 0.0157, 0.0139 0.3123 0.0079, 0.0122 0.3128 0.0157, 0.0122 0.3128 0.0079, 0.0107 0.3134 0.0157, 0.0107 0.3134 0.0079, -0.0196 0.3164 0.0079, -0.0196 0.3121 0.0079, -0.0196 0.3164 0.0157, -0.0196 0.3121 0.0157, -0.0038 0.3164 0.0079, -0.0038 0.3164 0.0157, -0.0038 0.3299 0.0079, -0.0038 0.3299 0.0157, -0.0177 0.3299 0.0079, -0.0177 0.3299 0.0157, -0.0177 0.3342 0.0079, -0.0177 0.3342 0.0157, -0.0038 0.3342 0.0079, -0.0038 0.3342 0.0157, -0.0038 0.3472 0.0079, -0.0038 0.3472 0.0157, -0.0186 0.3472 0.0079, -0.0186 0.3472 0.0157, -0.0186 0.3515 0.0079, -0.0186 0.3515 0.0157, 0.0015 0.3515 0.0079, 0.0015 0.3515 0.0157, 0.0015 0.3121 0.0079, 0.0015 0.3121 0.0157, -0.0473 0.3188 0.0079, -0.0506 0.3156 0.0079, -0.0486 0.3197 0.0079, -0.052 0.3167 0.0079, -0.0496 0.3206 0.0079, -0.0533 0.3178 0.0079, -0.0506 0.3217 0.0079, -0.0545 0.3191 0.0079, -0.0514 0.323 0.0079, -0.0556 0.3205 0.0079, -0.0521 0.3242 0.0079, -0.0565 0.3219 0.0079, -0.0527 0.3256 0.0079, -0.0573 0.3235 0.0079, -0.0531 0.3271 0.0079, -0.0535 0.3353 0.0079, -0.0585 0.3371 0.0079, -0.0532 0.3369 0.0079, -0.058 0.3388 0.0079, -0.0528 0.3383 0.0079, -0.0574 0.3403 0.0079, -0.0522 0.3396 0.0079, -0.0567 0.3418 0.0079, -0.0516 0.3408 0.0079, -0.0558 0.3432 0.0079, -0.0508 0.342 0.0079, -0.0547 0.3446 0.0079, -0.0499 0.343 0.0079, -0.0536 0.3458 0.0079, -0.0488 0.344 0.0079, -0.0579 0.3252 0.0079, -0.0584 0.3269 0.0079, -0.0534 0.3287 0.0079, -0.0587 0.3288 0.0079, -0.0536 0.3305 0.0079, -0.0589 0.3306 0.0079, -0.0537 0.3322 0.0079, -0.059 0.3323 0.0079, -0.0536 0.3336 0.0079, -0.0589 0.3335 0.0079, -0.0588 0.3354 0.0079, -0.0522 0.347 0.0079, -0.0507 0.3481 0.0079, -0.0476 0.3448 0.0079, -0.0492 0.349 0.0079, -0.0462 0.3455 0.0079, -0.0475 0.3498 0.0079, -0.0448 0.3461 0.0079, -0.0459 0.3504 0.0079, -0.0433 0.3466 0.0079, -0.044 0.3509 0.0079, -0.0417 0.3469 0.0079, -0.042 0.3512 0.0079, -0.04 0.3471 0.0079, -0.0402 0.3514 0.0079, -0.0384 0.3472 0.0079, -0.0384 0.3515 0.0079, -0.0326 0.3472 0.0079, -0.0273 0.3515 0.0079, -0.0326 0.3164 0.0079, -0.0273 0.3121 0.0079, -0.0382 0.3164 0.0079, -0.038 0.3121 0.0079, -0.0396 0.3165 0.0079, -0.0403 0.3122 0.0079, -0.0413 0.3166 0.0079, -0.0422 0.3124 0.0079, -0.0431 0.317 0.0079, -0.0441 0.3128 0.0079, -0.0445 0.3174 0.0079, -0.0459 0.3133 0.0079, -0.046 0.318 0.0079, -0.0476 0.314 0.0079, -0.0491 0.3147 0.0079, -0.0476 0.3448 0.0157, -0.0507 0.3481 0.0157, -0.0488 0.344 0.0157, -0.0522 0.347 0.0157, -0.0499 0.343 0.0157, -0.0536 0.3458 0.0157, -0.0508 0.342 0.0157, -0.0547 0.3446 0.0157, -0.0516 0.3408 0.0157, -0.0558 0.3432 0.0157, -0.0522 0.3396 0.0157, -0.0567 0.3418 0.0157, -0.0528 0.3383 0.0157, -0.0574 0.3403 0.0157, -0.0532 0.3369 0.0157, -0.0486 0.3197 0.0157, -0.0506 0.3156 0.0157, -0.0473 0.3188 0.0157, -0.0491 0.3147 0.0157, -0.046 0.318 0.0157, -0.0476 0.314 0.0157, -0.0445 0.3174 0.0157, -0.0459 0.3133 0.0157, -0.0431 0.317 0.0157, -0.0441 0.3128 0.0157, -0.0413 0.3166 0.0157, -0.0422 0.3124 0.0157, -0.0396 0.3165 0.0157, -0.0403 0.3122 0.0157, -0.0382 0.3164 0.0157, -0.038 0.3121 0.0157, -0.0326 0.3164 0.0157, -0.0273 0.3121 0.0157, -0.0326 0.3472 0.0157, -0.0273 0.3515 0.0157, -0.0384 0.3472 0.0157, -0.0384 0.3515 0.0157, -0.04 0.3471 0.0157, -0.0402 0.3514 0.0157, -0.0417 0.3469 0.0157, -0.042 0.3512 0.0157, -0.0433 0.3466 0.0157, -0.044 0.3509 0.0157, -0.0448 0.3461 0.0157, -0.0459 0.3504 0.0157, -0.0462 0.3455 0.0157, -0.0475 0.3498 0.0157, -0.0492 0.349 0.0157, -0.0534 0.3287 0.0157, -0.0584 0.3269 0.0157, -0.0531 0.3271 0.0157, -0.0579 0.3252 0.0157, -0.0527 0.3256 0.0157, -0.0573 0.3235 0.0157, -0.0521 0.3242 0.0157, -0.0565 0.3219 0.0157, -0.0514 0.323 0.0157, -0.0556 0.3205 0.0157, -0.0506 0.3217 0.0157, -0.0545 0.3191 0.0157, -0.0496 0.3206 0.0157, -0.0533 0.3178 0.0157, -0.052 0.3167 0.0157, -0.058 0.3388 0.0157, -0.0585 0.3371 0.0157, -0.0535 0.3353 0.0157, -0.0588 0.3354 0.0157, -0.0536 0.3336 0.0157, -0.0589 0.3335 0.0157, -0.0537 0.3322 0.0157, -0.059 0.3323 0.0157, -0.0536 0.3305 0.0157, -0.0589 0.3306 0.0157, -0.0587 0.3288 0.0157, -0.0727 0.3275 0.0079, -0.0714 0.3231 0.0079, -0.0859 0.3275 0.0079, -0.0876 0.3231 0.0079, -0.0786 0.3439 0.0079, -0.0767 0.3515 0.0079, -0.0618 0.3121 0.0079, -0.0676 0.3121 0.0079, -0.0789 0.3453 0.0079, -0.0792 0.3467 0.0079, -0.082 0.3515 0.0079, -0.0793 0.3467 0.0079, -0.0796 0.3453 0.0079, -0.0799 0.3439 0.0079, -0.0974 0.3121 0.0079, -0.0916 0.3121 0.0079, -0.0974 0.3121 0.0157, -0.0916 0.3121 0.0157, -0.0876 0.3231 0.0157, -0.082 0.3515 0.0157, -0.0793 0.3467 0.0157, -0.0767 0.3515 0.0157, -0.0792 0.3467 0.0157, -0.0789 0.3453 0.0157, -0.0786 0.3439 0.0157, -0.0727 0.3275 0.0157, -0.0618 0.3121 0.0157, -0.0859 0.3275 0.0157, -0.0799 0.3439 0.0157, -0.0796 0.3453 0.0157, -0.0676 0.3121 0.0157, -0.0714 0.3231 0.0157
            ]
        }
        coordIndex [
            0,1,2,-1,2,1,3,-1,4,0,5,-1,5,0,2,-1,4,5,6,-1,4,6,7,-1,7,6,8,-1,7,8,9,-1,9,8,10,-1,9,10,11,-1,12,11,13,-1,13,11,10,-1,12,13,14,-1,12,14,15,-1,15,14,16,-1,15,16,17,-1,17,16,18,-1,17,18,19,-1,20,19,21,-1,21,19,18,-1,22,20,23,-1,23,20,21,-1,24,22,25,-1,25,22,23,-1,26,24,27,-1,27,24,25,-1,1,26,3,-1,3,26,27,-1,1,0,26,-1,26,0,4,-1,26,4,7,-1,20,22,19,-1,19,22,24,-1,19,24,17,-1,17,24,15,-1,7,9,26,-1,26,9,11,-1,26,11,24,-1,24,11,12,-1,24,12,15,-1,23,21,25,-1,25,21,18,-1,25,18,16,-1,2,3,5,-1,5,3,27,-1,5,27,6,-1,6,27,8,-1,16,14,25,-1,25,14,13,-1,25,13,27,-1,27,13,10,-1,27,10,8,-1,28,29,30,-1,30,29,31,-1,32,28,33,-1,33,28,30,-1,34,32,35,-1,35,32,33,-1,36,34,37,-1,37,34,35,-1,38,36,39,-1,39,36,37,-1,29,38,31,-1,31,38,39,-1,34,36,32,-1,32,36,38,-1,32,38,28,-1,28,38,29,-1,30,31,33,-1,33,31,39,-1,33,39,35,-1,35,39,37,-1,40,41,42,-1,42,41,43,-1,40,42,44,-1,40,44,45,-1,45,44,46,-1,45,46,47,-1,47,46,48,-1,47,48,49,-1,49,48,50,-1,49,50,51,-1,51,50,52,-1,51,52,53,-1,53,52,54,-1,53,54,55,-1,55,54,56,-1,55,56,57,-1,57,56,58,-1,57,58,59,-1,59,58,60,-1,59,60,61,-1,61,60,62,-1,61,62,63,-1,63,62,64,-1,63,64,65,-1,65,64,66,-1,65,66,67,-1,67,66,68,-1,67,68,69,-1,69,68,70,-1,69,70,71,-1,71,70,72,-1,71,72,73,-1,73,72,74,-1,73,74,75,-1,75,74,76,-1,75,76,77,-1,77,76,78,-1,77,78,79,-1,79,78,80,-1,79,80,81,-1,81,80,82,-1,81,82,83,-1,83,82,84,-1,83,84,85,-1,85,84,86,-1,85,86,87,-1,87,86,88,-1,87,88,89,-1,89,88,90,-1,89,90,91,-1,91,90,92,-1,91,92,93,-1,93,92,94,-1,93,94,95,-1,95,94,96,-1,95,96,97,-1,97,96,98,-1,97,98,99,-1,99,98,100,-1,99,100,101,-1,101,100,102,-1,101,102,103,-1,103,102,104,-1,103,104,105,-1,105,104,106,-1,105,106,107,-1,107,106,108,-1,107,108,109,-1,109,108,110,-1,109,110,111,-1,111,110,112,-1,111,112,113,-1,113,112,114,-1,113,114,115,-1,115,114,116,-1,115,116,117,-1,117,116,118,-1,117,118,119,-1,119,118,120,-1,119,120,121,-1,121,120,122,-1,121,122,123,-1,124,123,125,-1,125,123,122,-1,126,124,127,-1,127,124,125,-1,128,126,129,-1,129,126,127,-1,130,128,131,-1,131,128,129,-1,132,130,133,-1,133,130,131,-1,132,133,134,-1,132,134,135,-1,135,134,136,-1,135,136,137,-1,137,136,138,-1,137,138,139,-1,139,138,140,-1,139,140,141,-1,141,140,142,-1,141,142,143,-1,143,142,144,-1,143,144,145,-1,145,144,146,-1,145,146,147,-1,147,146,148,-1,147,148,149,-1,149,148,150,-1,149,150,151,-1,151,150,152,-1,151,152,153,-1,153,152,154,-1,153,154,155,-1,155,154,156,-1,155,156,157,-1,157,156,158,-1,157,158,159,-1,159,158,160,-1,159,160,161,-1,161,160,162,-1,161,162,163,-1,163,162,164,-1,163,164,165,-1,165,164,166,-1,165,166,167,-1,167,166,168,-1,167,168,169,-1,169,168,170,-1,169,170,171,-1,171,170,172,-1,171,172,173,-1,173,172,174,-1,173,174,175,-1,175,174,176,-1,175,176,177,-1,177,176,178,-1,177,178,179,-1,179,178,180,-1,179,180,181,-1,181,180,182,-1,181,182,183,-1,183,182,184,-1,183,184,185,-1,185,184,186,-1,185,186,187,-1,187,186,188,-1,187,188,189,-1,189,188,190,-1,189,190,191,-1,191,190,192,-1,191,192,193,-1,193,192,194,-1,193,194,195,-1,195,194,196,-1,195,196,197,-1,197,196,198,-1,197,198,199,-1,199,198,200,-1,199,200,201,-1,201,200,43,-1,201,43,41,-1,201,41,40,-1,126,128,124,-1,124,128,130,-1,124,130,123,-1,155,157,99,-1,175,75,173,-1,173,75,77,-1,173,77,171,-1,171,77,79,-1,171,79,169,-1,169,79,81,-1,169,81,167,-1,99,101,155,-1,155,101,103,-1,155,103,153,-1,153,103,105,-1,153,105,151,-1,151,105,107,-1,151,107,149,-1,149,107,109,-1,149,109,147,-1,147,109,111,-1,147,111,145,-1,181,67,179,-1,179,67,69,-1,179,69,177,-1,177,69,71,-1,177,71,175,-1,175,71,73,-1,175,73,75,-1,201,40,199,-1,163,91,161,-1,161,91,93,-1,161,93,159,-1,159,93,95,-1,159,95,157,-1,157,95,97,-1,157,97,99,-1,40,45,199,-1,199,45,47,-1,199,47,197,-1,197,47,49,-1,197,49,195,-1,195,49,51,-1,195,51,193,-1,193,51,53,-1,193,53,191,-1,191,53,55,-1,191,55,189,-1,189,55,57,-1,189,57,187,-1,187,57,59,-1,187,59,185,-1,185,59,61,-1,185,61,183,-1,183,61,63,-1,183,63,181,-1,181,63,65,-1,181,65,67,-1,130,132,123,-1,123,132,135,-1,123,135,121,-1,111,113,145,-1,145,113,115,-1,145,115,143,-1,143,115,117,-1,143,117,141,-1,141,117,119,-1,141,119,139,-1,139,119,121,-1,139,121,137,-1,137,121,135,-1,81,83,167,-1,167,83,85,-1,167,85,165,-1,165,85,87,-1,165,87,163,-1,163,87,89,-1,163,89,91,-1,160,158,94,-1,94,158,96,-1,96,158,156,-1,96,156,98,-1,98,156,154,-1,98,154,100,-1,100,154,102,-1,102,154,152,-1,102,152,104,-1,172,74,174,-1,174,74,72,-1,174,72,176,-1,176,72,70,-1,176,70,178,-1,104,152,106,-1,106,152,150,-1,106,150,108,-1,108,150,148,-1,108,148,110,-1,110,148,146,-1,110,146,112,-1,112,146,144,-1,112,144,114,-1,114,144,142,-1,114,142,116,-1,196,46,198,-1,198,46,44,-1,198,44,200,-1,200,44,42,-1,200,42,43,-1,70,68,178,-1,178,68,66,-1,178,66,180,-1,180,66,64,-1,180,64,182,-1,182,64,62,-1,182,62,184,-1,184,62,60,-1,184,60,186,-1,186,60,58,-1,186,58,188,-1,188,58,56,-1,188,56,190,-1,190,56,54,-1,190,54,192,-1,192,54,52,-1,192,52,194,-1,194,52,50,-1,194,50,196,-1,196,50,48,-1,196,48,46,-1,122,120,136,-1,164,84,166,-1,166,84,82,-1,166,82,168,-1,168,82,80,-1,168,80,170,-1,170,80,78,-1,170,78,172,-1,172,78,76,-1,172,76,74,-1,94,92,160,-1,160,92,90,-1,160,90,162,-1,162,90,88,-1,162,88,164,-1,164,88,86,-1,164,86,84,-1,116,142,118,-1,118,142,140,-1,118,140,120,-1,120,140,138,-1,120,138,136,-1,129,127,131,-1,131,127,125,-1,131,125,133,-1,133,125,122,-1,133,122,134,-1,134,122,136,-1,202,203,204,-1,204,203,205,-1,202,204,206,-1,202,206,207,-1,207,206,208,-1,207,208,209,-1,209,208,210,-1,209,210,211,-1,211,210,212,-1,211,212,213,-1,213,212,214,-1,213,214,215,-1,215,214,216,-1,215,216,217,-1,217,216,218,-1,217,218,219,-1,219,218,220,-1,219,220,221,-1,221,220,222,-1,221,222,223,-1,223,222,224,-1,223,224,225,-1,225,224,226,-1,225,226,227,-1,227,226,228,-1,227,228,229,-1,229,228,230,-1,229,230,231,-1,231,230,232,-1,231,232,233,-1,233,232,234,-1,233,234,235,-1,235,234,236,-1,235,236,237,-1,237,236,238,-1,237,238,239,-1,239,238,240,-1,239,240,241,-1,241,240,242,-1,241,242,243,-1,243,242,244,-1,243,244,245,-1,245,244,246,-1,245,246,247,-1,247,246,248,-1,247,248,249,-1,249,248,250,-1,249,250,251,-1,251,250,252,-1,251,252,253,-1,253,252,254,-1,253,254,255,-1,255,254,256,-1,255,256,257,-1,257,256,258,-1,257,258,259,-1,259,258,260,-1,259,260,261,-1,261,260,262,-1,261,262,263,-1,263,262,264,-1,263,264,265,-1,265,264,266,-1,265,266,267,-1,267,266,268,-1,267,268,269,-1,269,268,270,-1,269,270,271,-1,271,270,272,-1,271,272,273,-1,273,272,274,-1,273,274,275,-1,276,275,277,-1,277,275,274,-1,276,277,278,-1,276,278,279,-1,279,278,280,-1,279,280,281,-1,281,280,282,-1,281,282,283,-1,283,282,284,-1,283,284,285,-1,285,284,286,-1,285,286,287,-1,287,286,288,-1,287,288,289,-1,289,288,290,-1,289,290,291,-1,291,290,292,-1,291,292,293,-1,293,292,294,-1,293,294,295,-1,295,294,296,-1,295,296,297,-1,297,296,298,-1,297,298,299,-1,299,298,300,-1,299,300,301,-1,301,300,302,-1,301,302,303,-1,303,302,304,-1,303,304,305,-1,305,304,306,-1,305,306,307,-1,307,306,308,-1,307,308,309,-1,309,308,310,-1,309,310,311,-1,311,310,312,-1,311,312,313,-1,313,312,314,-1,313,314,315,-1,315,314,316,-1,315,316,317,-1,317,316,318,-1,317,318,319,-1,319,318,320,-1,319,320,321,-1,321,320,322,-1,321,322,323,-1,323,322,324,-1,323,324,325,-1,325,324,326,-1,325,326,327,-1,327,326,328,-1,327,328,329,-1,329,328,330,-1,329,330,331,-1,331,330,332,-1,331,332,333,-1,333,332,334,-1,333,334,335,-1,335,334,336,-1,335,336,337,-1,337,336,338,-1,337,338,339,-1,339,338,340,-1,339,340,341,-1,341,340,342,-1,341,342,343,-1,344,343,345,-1,345,343,342,-1,344,345,346,-1,344,346,347,-1,347,346,348,-1,347,348,349,-1,349,348,350,-1,349,350,351,-1,351,350,352,-1,351,352,353,-1,353,352,354,-1,353,354,355,-1,355,354,356,-1,355,356,357,-1,357,356,358,-1,357,358,359,-1,359,358,360,-1,359,360,361,-1,361,360,362,-1,361,362,363,-1,363,362,364,-1,363,364,365,-1,365,364,366,-1,365,366,367,-1,367,366,368,-1,367,368,369,-1,369,368,370,-1,369,370,371,-1,371,370,372,-1,371,372,373,-1,373,372,374,-1,373,374,375,-1,375,374,376,-1,375,376,377,-1,377,376,378,-1,377,378,379,-1,379,378,380,-1,379,380,381,-1,381,380,382,-1,381,382,383,-1,383,382,384,-1,383,384,385,-1,385,384,386,-1,385,386,387,-1,387,386,388,-1,387,388,389,-1,389,388,390,-1,389,390,391,-1,391,390,392,-1,391,392,393,-1,393,392,394,-1,393,394,395,-1,395,394,396,-1,395,396,397,-1,397,396,398,-1,397,398,399,-1,399,398,400,-1,399,400,401,-1,401,400,402,-1,401,402,403,-1,403,402,404,-1,403,404,405,-1,405,404,406,-1,405,406,407,-1,407,406,408,-1,407,408,409,-1,410,409,411,-1,411,409,408,-1,412,410,413,-1,413,410,411,-1,414,412,415,-1,415,412,413,-1,414,415,416,-1,414,416,417,-1,417,416,418,-1,417,418,419,-1,419,418,420,-1,419,420,421,-1,421,420,422,-1,421,422,423,-1,423,422,424,-1,423,424,425,-1,425,424,426,-1,425,426,427,-1,427,426,428,-1,427,428,429,-1,429,428,430,-1,429,430,431,-1,431,430,432,-1,431,432,433,-1,433,432,434,-1,433,434,435,-1,435,434,436,-1,435,436,437,-1,437,436,438,-1,437,438,439,-1,439,438,440,-1,439,440,441,-1,441,440,442,-1,441,442,443,-1,443,442,444,-1,443,444,445,-1,445,444,446,-1,445,446,447,-1,447,446,448,-1,447,448,449,-1,449,448,450,-1,449,450,451,-1,451,450,452,-1,451,452,453,-1,453,452,454,-1,453,454,455,-1,455,454,456,-1,455,456,457,-1,457,456,458,-1,457,458,459,-1,459,458,460,-1,459,460,461,-1,461,460,462,-1,461,462,463,-1,463,462,464,-1,463,464,465,-1,465,464,466,-1,465,466,467,-1,467,466,468,-1,467,468,469,-1,469,468,470,-1,469,470,471,-1,471,470,472,-1,471,472,473,-1,473,472,474,-1,473,474,475,-1,475,474,476,-1,475,476,477,-1,477,476,205,-1,477,205,203,-1,276,403,405,-1,427,429,267,-1,449,451,233,-1,233,451,231,-1,231,451,453,-1,231,453,229,-1,410,412,409,-1,409,412,414,-1,409,414,407,-1,407,414,417,-1,407,417,405,-1,405,417,419,-1,405,419,276,-1,276,419,275,-1,267,429,265,-1,265,429,431,-1,265,431,263,-1,263,431,433,-1,263,433,261,-1,391,393,287,-1,287,393,285,-1,285,393,395,-1,285,395,283,-1,437,255,435,-1,435,255,257,-1,435,257,433,-1,433,257,259,-1,433,259,261,-1,233,235,449,-1,449,235,237,-1,449,237,447,-1,447,237,239,-1,447,239,445,-1,445,239,241,-1,445,241,443,-1,375,313,373,-1,373,313,315,-1,373,315,371,-1,371,315,317,-1,371,317,369,-1,369,317,319,-1,369,319,367,-1,367,319,321,-1,367,321,365,-1,365,321,323,-1,365,323,363,-1,379,307,377,-1,377,307,309,-1,377,309,375,-1,375,309,311,-1,375,311,313,-1,283,395,281,-1,281,395,397,-1,281,397,279,-1,279,397,399,-1,279,399,276,-1,276,399,401,-1,276,401,403,-1,267,269,427,-1,427,269,271,-1,427,271,425,-1,425,271,273,-1,425,273,423,-1,423,273,275,-1,423,275,421,-1,421,275,419,-1,241,243,443,-1,443,243,245,-1,443,245,441,-1,381,303,379,-1,379,303,305,-1,379,305,307,-1,245,247,441,-1,441,247,249,-1,441,249,439,-1,439,249,251,-1,439,251,437,-1,437,251,253,-1,437,253,255,-1,323,325,363,-1,363,325,327,-1,363,327,361,-1,361,327,329,-1,361,329,359,-1,359,329,331,-1,359,331,357,-1,229,453,227,-1,227,453,455,-1,227,455,225,-1,225,455,457,-1,225,457,223,-1,223,457,459,-1,223,459,221,-1,221,459,461,-1,221,461,219,-1,219,461,463,-1,219,463,217,-1,217,463,465,-1,217,465,215,-1,215,465,467,-1,215,467,213,-1,213,467,469,-1,213,469,211,-1,211,469,471,-1,211,471,209,-1,209,471,473,-1,209,473,207,-1,207,473,475,-1,207,475,202,-1,202,475,477,-1,202,477,203,-1,331,333,357,-1,357,333,335,-1,357,335,355,-1,355,335,337,-1,355,337,353,-1,353,337,339,-1,353,339,351,-1,351,339,341,-1,351,341,349,-1,349,341,343,-1,349,343,347,-1,347,343,344,-1,287,289,391,-1,391,289,291,-1,391,291,389,-1,389,291,293,-1,389,293,387,-1,387,293,295,-1,387,295,385,-1,385,295,297,-1,385,297,383,-1,383,297,299,-1,383,299,381,-1,381,299,301,-1,381,301,303,-1,420,418,274,-1,274,418,277,-1,346,345,342,-1,372,312,374,-1,374,312,310,-1,374,310,376,-1,413,411,415,-1,415,411,408,-1,415,408,416,-1,416,408,406,-1,416,406,418,-1,446,236,448,-1,448,236,234,-1,448,234,450,-1,434,254,436,-1,436,254,252,-1,436,252,438,-1,262,260,432,-1,432,260,258,-1,432,258,434,-1,434,258,256,-1,434,256,254,-1,262,432,264,-1,264,432,430,-1,264,430,266,-1,266,430,428,-1,266,428,268,-1,268,428,426,-1,268,426,270,-1,270,426,424,-1,270,424,272,-1,406,404,418,-1,418,404,402,-1,418,402,277,-1,277,402,400,-1,277,400,278,-1,278,400,398,-1,278,398,280,-1,280,398,396,-1,280,396,282,-1,282,396,394,-1,282,394,284,-1,284,394,392,-1,388,290,390,-1,390,290,288,-1,390,288,392,-1,392,288,286,-1,392,286,284,-1,310,308,376,-1,376,308,306,-1,376,306,378,-1,354,336,334,-1,272,424,274,-1,274,424,422,-1,274,422,420,-1,360,326,362,-1,362,326,324,-1,362,324,364,-1,364,324,322,-1,364,322,366,-1,366,322,320,-1,366,320,368,-1,368,320,318,-1,368,318,370,-1,370,318,316,-1,370,316,372,-1,372,316,314,-1,372,314,312,-1,354,334,356,-1,356,334,332,-1,356,332,358,-1,358,332,330,-1,358,330,360,-1,360,330,328,-1,360,328,326,-1,205,476,204,-1,204,476,474,-1,204,474,206,-1,206,474,472,-1,440,244,442,-1,442,244,242,-1,442,242,444,-1,444,242,240,-1,444,240,446,-1,446,240,238,-1,446,238,236,-1,306,304,378,-1,378,304,302,-1,378,302,380,-1,380,302,300,-1,380,300,382,-1,382,300,298,-1,382,298,384,-1,384,298,296,-1,384,296,386,-1,386,296,294,-1,386,294,388,-1,388,294,292,-1,388,292,290,-1,336,354,338,-1,338,354,352,-1,338,352,340,-1,340,352,350,-1,340,350,342,-1,342,350,348,-1,342,348,346,-1,234,232,450,-1,450,232,230,-1,450,230,452,-1,452,230,228,-1,452,228,454,-1,454,228,226,-1,454,226,456,-1,456,226,224,-1,456,224,458,-1,458,224,222,-1,458,222,460,-1,460,222,220,-1,460,220,462,-1,462,220,218,-1,462,218,464,-1,464,218,216,-1,464,216,466,-1,466,216,214,-1,466,214,468,-1,468,214,212,-1,468,212,470,-1,470,212,210,-1,470,210,472,-1,472,210,208,-1,472,208,206,-1,252,250,438,-1,438,250,248,-1,438,248,440,-1,440,248,246,-1,440,246,244,-1,478,479,480,-1,480,479,481,-1,482,478,483,-1,483,478,480,-1,484,482,485,-1,485,482,483,-1,486,484,487,-1,487,484,485,-1,488,486,489,-1,489,486,487,-1,479,488,481,-1,481,488,489,-1,484,486,482,-1,482,486,488,-1,482,488,478,-1,478,488,479,-1,480,481,483,-1,483,481,489,-1,483,489,485,-1,485,489,487,-1,490,491,492,-1,492,491,493,-1,492,494,490,-1,490,494,495,-1,490,495,496,-1,496,495,497,-1,496,497,498,-1,498,497,499,-1,498,499,500,-1,501,502,503,-1,491,504,493,-1,493,504,505,-1,493,505,506,-1,506,505,507,-1,506,507,508,-1,508,507,509,-1,508,509,510,-1,510,509,511,-1,503,512,501,-1,501,512,513,-1,501,513,514,-1,514,513,515,-1,514,515,516,-1,516,515,517,-1,516,517,518,-1,518,517,519,-1,518,519,520,-1,520,519,521,-1,520,521,522,-1,522,521,523,-1,522,523,524,-1,525,526,527,-1,527,526,528,-1,527,528,529,-1,529,528,530,-1,529,530,511,-1,511,530,531,-1,511,531,510,-1,523,532,524,-1,524,532,533,-1,524,533,534,-1,534,533,535,-1,534,535,536,-1,536,535,537,-1,536,537,538,-1,538,537,539,-1,538,539,540,-1,541,542,543,-1,543,542,544,-1,543,544,545,-1,545,544,546,-1,545,546,502,-1,502,546,547,-1,502,547,503,-1,548,549,550,-1,550,549,551,-1,550,551,552,-1,552,551,553,-1,552,553,554,-1,554,553,555,-1,554,555,525,-1,525,555,556,-1,525,556,526,-1,539,557,540,-1,540,557,558,-1,540,558,559,-1,559,558,560,-1,559,560,561,-1,561,560,562,-1,561,562,563,-1,563,562,564,-1,563,564,565,-1,565,564,566,-1,565,566,567,-1,567,566,568,-1,567,568,569,-1,569,568,570,-1,569,570,571,-1,570,572,571,-1,571,572,573,-1,571,573,574,-1,574,573,575,-1,574,575,576,-1,576,575,577,-1,576,577,578,-1,578,577,579,-1,578,579,580,-1,580,579,581,-1,580,581,548,-1,548,581,582,-1,548,582,549,-1,499,583,500,-1,500,583,584,-1,500,584,585,-1,585,584,586,-1,585,586,587,-1,587,586,588,-1,587,588,589,-1,589,588,590,-1,589,590,591,-1,591,590,592,-1,591,592,593,-1,593,592,594,-1,593,594,595,-1,595,594,596,-1,595,596,597,-1,597,596,598,-1,597,598,599,-1,599,598,600,-1,599,600,601,-1,601,600,602,-1,601,602,603,-1,603,602,604,-1,603,604,605,-1,605,604,606,-1,605,606,607,-1,607,606,608,-1,607,608,609,-1,609,608,610,-1,609,610,611,-1,611,610,612,-1,611,612,613,-1,613,612,614,-1,613,614,541,-1,541,614,615,-1,541,615,542,-1,616,617,618,-1,619,620,621,-1,622,623,624,-1,624,623,625,-1,624,625,626,-1,626,625,627,-1,626,627,628,-1,628,627,629,-1,628,629,630,-1,630,629,631,-1,630,631,632,-1,632,631,633,-1,632,633,618,-1,618,633,634,-1,618,634,616,-1,621,620,635,-1,635,620,636,-1,635,636,637,-1,637,636,638,-1,637,638,639,-1,639,638,640,-1,640,638,641,-1,640,641,642,-1,641,643,642,-1,642,643,644,-1,642,644,645,-1,645,644,646,-1,645,646,647,-1,647,646,648,-1,647,648,649,-1,649,648,650,-1,616,651,617,-1,617,651,652,-1,617,652,653,-1,653,652,654,-1,653,654,655,-1,655,654,656,-1,655,656,657,-1,658,659,660,-1,660,659,661,-1,660,661,662,-1,662,661,663,-1,662,663,650,-1,650,663,664,-1,650,664,649,-1,665,666,667,-1,667,666,668,-1,667,668,669,-1,669,668,670,-1,669,670,671,-1,671,670,672,-1,671,672,622,-1,622,672,673,-1,622,673,623,-1,621,674,619,-1,619,674,675,-1,619,675,676,-1,676,675,677,-1,676,677,678,-1,678,677,679,-1,678,679,680,-1,680,679,681,-1,680,681,682,-1,681,683,682,-1,682,683,684,-1,682,684,685,-1,685,684,686,-1,685,686,687,-1,687,686,688,-1,687,688,689,-1,689,688,690,-1,689,690,691,-1,691,690,692,-1,691,692,693,-1,692,694,693,-1,693,694,695,-1,693,695,696,-1,696,695,697,-1,696,697,698,-1,698,697,699,-1,698,699,700,-1,700,699,701,-1,700,701,702,-1,702,701,703,-1,702,703,704,-1,704,703,705,-1,704,705,706,-1,706,705,707,-1,706,707,665,-1,665,707,708,-1,665,708,666,-1,656,709,657,-1,657,709,710,-1,657,710,711,-1,711,710,712,-1,711,712,713,-1,713,712,714,-1,713,714,715,-1,715,714,716,-1,715,716,717,-1,717,716,718,-1,717,718,719,-1,719,718,720,-1,719,720,721,-1,721,720,722,-1,721,722,723,-1,723,722,724,-1,723,724,725,-1,725,724,726,-1,725,726,727,-1,727,726,728,-1,727,728,729,-1,729,728,730,-1,729,730,731,-1,731,730,732,-1,731,732,733,-1,733,732,734,-1,733,734,735,-1,735,734,736,-1,735,736,737,-1,737,736,738,-1,737,738,739,-1,739,738,740,-1,739,740,658,-1,658,740,741,-1,658,741,659,-1,604,724,722,-1,604,722,606,-1,606,722,720,-1,606,720,608,-1,608,720,718,-1,608,718,610,-1,610,718,716,-1,610,716,612,-1,612,716,714,-1,612,714,614,-1,614,714,712,-1,614,712,615,-1,615,712,710,-1,615,710,542,-1,542,710,709,-1,542,709,544,-1,544,709,656,-1,544,656,546,-1,546,656,654,-1,546,654,547,-1,547,654,652,-1,547,652,503,-1,503,652,651,-1,503,651,512,-1,512,651,616,-1,512,616,513,-1,513,616,634,-1,513,634,515,-1,515,634,633,-1,515,633,517,-1,517,633,631,-1,517,631,519,-1,519,631,629,-1,519,629,521,-1,521,629,627,-1,521,627,523,-1,523,627,625,-1,523,625,532,-1,532,625,623,-1,532,623,533,-1,533,623,673,-1,533,673,535,-1,535,673,672,-1,535,672,537,-1,537,672,670,-1,537,670,539,-1,539,670,668,-1,539,668,557,-1,557,668,666,-1,557,666,558,-1,558,666,708,-1,558,708,560,-1,560,708,707,-1,560,707,562,-1,562,707,705,-1,562,705,564,-1,564,705,703,-1,564,703,566,-1,566,703,701,-1,566,701,568,-1,568,701,699,-1,568,699,570,-1,570,699,697,-1,570,697,572,-1,572,697,695,-1,572,695,573,-1,573,695,694,-1,573,694,575,-1,575,694,692,-1,575,692,577,-1,577,692,690,-1,577,690,579,-1,579,690,688,-1,579,688,581,-1,581,688,686,-1,581,686,582,-1,582,686,684,-1,582,684,549,-1,549,684,683,-1,549,683,551,-1,551,683,681,-1,551,681,553,-1,553,681,679,-1,553,679,555,-1,555,679,677,-1,555,677,556,-1,556,677,675,-1,556,675,526,-1,526,675,674,-1,526,674,528,-1,528,674,621,-1,528,621,530,-1,530,621,635,-1,530,635,531,-1,531,635,637,-1,531,637,510,-1,510,637,639,-1,510,639,508,-1,508,639,640,-1,508,640,506,-1,506,640,642,-1,506,642,493,-1,493,642,645,-1,493,645,492,-1,492,645,647,-1,492,647,494,-1,494,647,649,-1,494,649,495,-1,495,649,664,-1,495,664,497,-1,497,664,663,-1,497,663,499,-1,499,663,661,-1,499,661,583,-1,583,661,659,-1,583,659,584,-1,584,659,741,-1,584,741,586,-1,586,741,740,-1,586,740,588,-1,588,740,738,-1,588,738,590,-1,590,738,736,-1,590,736,592,-1,592,736,734,-1,592,734,594,-1,594,734,732,-1,594,732,596,-1,596,732,730,-1,596,730,598,-1,598,730,728,-1,598,728,600,-1,600,728,726,-1,600,726,602,-1,602,726,724,-1,602,724,604,-1,603,723,725,-1,603,725,601,-1,601,725,727,-1,601,727,599,-1,599,727,729,-1,599,729,597,-1,597,729,731,-1,597,731,595,-1,595,731,733,-1,595,733,593,-1,593,733,735,-1,593,735,591,-1,591,735,737,-1,591,737,589,-1,589,737,739,-1,589,739,587,-1,587,739,658,-1,587,658,585,-1,585,658,660,-1,585,660,500,-1,500,660,662,-1,500,662,498,-1,498,662,650,-1,498,650,496,-1,496,650,648,-1,496,648,490,-1,490,648,646,-1,490,646,491,-1,491,646,644,-1,491,644,504,-1,520,628,630,-1,520,630,518,-1,518,630,632,-1,518,632,516,-1,516,632,618,-1,516,618,514,-1,514,618,617,-1,514,617,501,-1,501,617,653,-1,501,653,502,-1,502,653,655,-1,502,655,545,-1,545,655,657,-1,545,657,543,-1,543,657,711,-1,543,711,541,-1,541,711,713,-1,541,713,613,-1,613,713,715,-1,613,715,611,-1,611,715,717,-1,611,717,609,-1,609,717,719,-1,609,719,607,-1,607,719,721,-1,607,721,605,-1,605,721,723,-1,605,723,603,-1,574,693,696,-1,574,696,571,-1,571,696,698,-1,571,698,569,-1,569,698,700,-1,569,700,567,-1,567,700,702,-1,567,702,565,-1,565,702,704,-1,565,704,563,-1,563,704,706,-1,563,706,561,-1,561,706,665,-1,561,665,559,-1,559,665,667,-1,559,667,540,-1,540,667,669,-1,540,669,538,-1,538,669,671,-1,538,671,536,-1,536,671,622,-1,536,622,534,-1,534,622,624,-1,534,624,524,-1,524,624,626,-1,524,626,522,-1,522,626,628,-1,522,628,520,-1,504,644,643,-1,504,643,505,-1,505,643,641,-1,505,641,507,-1,507,641,638,-1,507,638,509,-1,509,638,636,-1,509,636,511,-1,511,636,620,-1,511,620,529,-1,529,620,619,-1,529,619,527,-1,527,619,676,-1,527,676,525,-1,525,676,678,-1,525,678,554,-1,554,678,680,-1,554,680,552,-1,552,680,682,-1,552,682,550,-1,550,682,685,-1,550,685,548,-1,548,685,687,-1,548,687,580,-1,580,687,689,-1,580,689,578,-1,578,689,691,-1,578,691,576,-1,576,691,693,-1,576,693,574,-1,742,743,744,-1,744,743,745,-1,744,746,747,-1,748,749,750,-1,751,752,753,-1,753,752,754,-1,753,754,755,-1,755,754,756,-1,755,756,757,-1,758,759,751,-1,751,759,760,-1,751,760,752,-1,761,762,763,-1,763,762,764,-1,763,764,765,-1,766,767,768,-1,768,767,769,-1,768,769,770,-1,770,769,771,-1,770,771,772,-1,772,771,773,-1,772,773,761,-1,761,773,774,-1,761,774,762,-1,775,776,777,-1,777,776,778,-1,777,778,779,-1,780,781,782,-1,782,781,783,-1,782,783,784,-1,750,785,786,-1,748,787,749,-1,749,787,788,-1,749,788,789,-1,789,788,790,-1,789,790,791,-1,791,790,757,-1,791,757,792,-1,792,757,756,-1,793,794,795,-1,795,794,796,-1,795,796,775,-1,775,796,797,-1,775,797,776,-1,786,785,798,-1,798,785,799,-1,798,799,780,-1,780,799,800,-1,780,800,781,-1,786,801,750,-1,750,801,802,-1,750,802,748,-1,748,802,803,-1,748,803,804,-1,804,803,805,-1,804,805,746,-1,746,805,806,-1,746,806,747,-1,745,743,807,-1,807,743,808,-1,807,808,809,-1,809,808,810,-1,809,810,811,-1,811,810,812,-1,811,812,766,-1,766,812,813,-1,766,813,767,-1,814,815,793,-1,793,815,816,-1,793,816,794,-1,783,817,784,-1,784,817,818,-1,784,818,819,-1,819,818,820,-1,819,820,821,-1,821,820,822,-1,821,822,814,-1,814,822,823,-1,814,823,815,-1,824,825,826,-1,826,825,827,-1,826,827,758,-1,758,827,828,-1,758,828,759,-1,764,829,765,-1,765,829,830,-1,765,830,831,-1,831,830,832,-1,831,832,833,-1,833,832,834,-1,833,834,835,-1,835,834,836,-1,835,836,824,-1,824,836,837,-1,824,837,825,-1,744,747,742,-1,742,747,838,-1,742,838,839,-1,778,840,779,-1,779,840,841,-1,779,841,842,-1,842,841,843,-1,842,843,844,-1,844,843,845,-1,844,845,846,-1,846,845,847,-1,846,847,848,-1,848,847,849,-1,848,849,850,-1,850,849,851,-1,850,851,852,-1,852,851,839,-1,852,839,853,-1,853,839,838,-1,854,855,856,-1,857,858,859,-1,860,861,862,-1,862,861,863,-1,864,865,866,-1,866,865,867,-1,866,867,868,-1,869,870,864,-1,864,870,871,-1,864,871,865,-1,859,858,872,-1,872,858,873,-1,872,873,874,-1,874,873,875,-1,875,873,876,-1,875,876,877,-1,877,876,878,-1,877,878,879,-1,880,881,882,-1,882,881,860,-1,882,860,883,-1,883,860,862,-1,884,885,886,-1,886,885,887,-1,888,889,890,-1,890,889,891,-1,890,891,892,-1,892,891,893,-1,892,893,894,-1,894,893,895,-1,894,895,896,-1,886,897,884,-1,884,897,898,-1,884,898,899,-1,899,898,900,-1,899,900,901,-1,901,900,902,-1,901,902,869,-1,869,902,903,-1,869,903,870,-1,887,862,886,-1,886,862,863,-1,886,863,904,-1,904,863,905,-1,904,905,906,-1,906,905,907,-1,906,907,908,-1,908,907,909,-1,908,909,910,-1,910,909,911,-1,910,911,912,-1,912,911,913,-1,914,915,916,-1,916,915,917,-1,916,917,913,-1,913,917,918,-1,913,918,912,-1,859,919,857,-1,857,919,920,-1,857,920,921,-1,922,923,924,-1,924,923,925,-1,924,925,888,-1,888,925,926,-1,888,926,889,-1,879,878,927,-1,927,878,928,-1,927,928,929,-1,929,928,930,-1,929,930,931,-1,931,930,932,-1,931,932,933,-1,933,932,934,-1,933,934,935,-1,895,936,896,-1,896,936,937,-1,896,937,938,-1,938,937,939,-1,938,939,940,-1,940,939,941,-1,940,941,942,-1,942,941,943,-1,942,943,944,-1,944,943,945,-1,944,945,946,-1,946,945,855,-1,946,855,880,-1,880,855,854,-1,880,854,881,-1,920,947,921,-1,921,947,948,-1,921,948,949,-1,949,948,950,-1,949,950,951,-1,951,950,952,-1,951,952,914,-1,914,952,953,-1,914,953,915,-1,867,954,868,-1,868,954,955,-1,868,955,956,-1,956,955,957,-1,956,957,958,-1,958,957,959,-1,958,959,960,-1,960,959,961,-1,960,961,922,-1,922,961,962,-1,922,962,923,-1,934,963,935,-1,935,963,964,-1,935,964,856,-1,856,964,965,-1,856,965,854,-1,808,743,945,-1,945,743,855,-1,808,945,943,-1,808,943,810,-1,810,943,941,-1,810,941,812,-1,812,941,939,-1,812,939,813,-1,813,939,937,-1,813,937,767,-1,767,937,936,-1,767,936,769,-1,769,936,895,-1,769,895,771,-1,771,895,893,-1,771,893,773,-1,773,893,891,-1,773,891,774,-1,774,891,889,-1,774,889,762,-1,762,889,926,-1,762,926,764,-1,764,926,925,-1,764,925,829,-1,829,925,923,-1,829,923,830,-1,830,923,962,-1,830,962,832,-1,832,962,961,-1,832,961,834,-1,834,961,959,-1,834,959,836,-1,836,959,957,-1,836,957,837,-1,837,957,955,-1,837,955,825,-1,825,955,954,-1,825,954,827,-1,827,954,867,-1,827,867,828,-1,828,867,865,-1,828,865,759,-1,759,865,871,-1,759,871,760,-1,760,871,870,-1,760,870,752,-1,752,870,903,-1,752,903,754,-1,754,903,902,-1,754,902,756,-1,756,902,900,-1,756,900,792,-1,792,900,898,-1,792,898,791,-1,791,898,897,-1,791,897,789,-1,789,897,886,-1,789,886,749,-1,750,749,904,-1,904,749,886,-1,750,904,906,-1,750,906,785,-1,785,906,908,-1,785,908,799,-1,799,908,910,-1,799,910,800,-1,800,910,912,-1,800,912,781,-1,781,912,918,-1,781,918,783,-1,783,918,917,-1,783,917,817,-1,817,917,915,-1,817,915,818,-1,818,915,953,-1,818,953,820,-1,820,953,952,-1,820,952,822,-1,822,952,950,-1,822,950,823,-1,823,950,948,-1,823,948,815,-1,815,948,947,-1,815,947,816,-1,816,947,920,-1,816,920,794,-1,794,920,919,-1,794,919,796,-1,796,919,859,-1,796,859,797,-1,797,859,872,-1,797,872,776,-1,776,872,874,-1,776,874,778,-1,778,874,875,-1,778,875,840,-1,840,875,877,-1,840,877,841,-1,841,877,879,-1,841,879,843,-1,843,879,927,-1,843,927,845,-1,845,927,929,-1,845,929,847,-1,847,929,931,-1,847,931,849,-1,849,931,933,-1,849,933,851,-1,851,933,935,-1,851,935,839,-1,742,839,856,-1,856,839,935,-1,743,742,855,-1,855,742,856,-1,853,838,964,-1,964,838,965,-1,838,747,965,-1,965,747,854,-1,747,806,854,-1,854,806,881,-1,814,949,951,-1,814,951,821,-1,821,951,914,-1,821,914,819,-1,819,914,916,-1,819,916,784,-1,784,916,913,-1,784,913,782,-1,782,913,911,-1,782,911,780,-1,780,911,909,-1,780,909,798,-1,798,909,907,-1,798,907,786,-1,786,907,905,-1,786,905,801,-1,801,905,863,-1,801,863,802,-1,802,863,861,-1,802,861,803,-1,803,861,860,-1,803,860,805,-1,805,860,881,-1,805,881,806,-1,853,964,963,-1,853,963,852,-1,852,963,934,-1,852,934,850,-1,850,934,932,-1,850,932,848,-1,848,932,930,-1,848,930,846,-1,846,930,928,-1,846,928,844,-1,844,928,878,-1,844,878,842,-1,842,878,876,-1,842,876,779,-1,779,876,873,-1,779,873,777,-1,777,873,858,-1,777,858,775,-1,775,858,857,-1,775,857,795,-1,795,857,921,-1,795,921,793,-1,793,921,949,-1,793,949,814,-1,746,744,882,-1,882,744,880,-1,744,745,880,-1,880,745,946,-1,745,807,946,-1,946,807,944,-1,835,958,960,-1,835,960,833,-1,833,960,922,-1,833,922,831,-1,831,922,924,-1,831,924,765,-1,765,924,888,-1,765,888,763,-1,763,888,890,-1,763,890,761,-1,761,890,892,-1,761,892,772,-1,772,892,894,-1,772,894,770,-1,770,894,896,-1,770,896,768,-1,768,896,938,-1,768,938,766,-1,766,938,940,-1,766,940,811,-1,811,940,942,-1,811,942,809,-1,809,942,944,-1,809,944,807,-1,746,882,883,-1,746,883,804,-1,804,883,862,-1,804,862,748,-1,748,862,887,-1,748,887,787,-1,787,887,885,-1,787,885,788,-1,788,885,884,-1,788,884,790,-1,790,884,899,-1,790,899,757,-1,757,899,901,-1,757,901,755,-1,755,901,869,-1,755,869,753,-1,753,869,864,-1,753,864,751,-1,751,864,866,-1,751,866,758,-1,758,866,868,-1,758,868,826,-1,826,868,956,-1,826,956,824,-1,824,956,958,-1,824,958,835,-1,966,967,968,-1,968,967,969,-1,970,966,971,-1,971,966,968,-1,972,970,973,-1,973,970,971,-1,974,972,975,-1,975,972,973,-1,974,975,976,-1,974,976,977,-1,977,976,978,-1,977,978,979,-1,980,979,981,-1,981,979,978,-1,982,980,983,-1,983,980,981,-1,984,982,985,-1,985,982,983,-1,986,984,987,-1,987,984,985,-1,988,986,989,-1,989,986,987,-1,990,988,991,-1,991,988,989,-1,992,990,993,-1,993,990,991,-1,992,993,994,-1,992,994,995,-1,995,994,996,-1,995,996,997,-1,998,997,999,-1,999,997,996,-1,967,998,969,-1,969,998,999,-1,979,980,966,-1,982,984,980,-1,980,984,986,-1,986,988,990,-1,979,966,977,-1,986,990,980,-1,980,990,992,-1,980,992,966,-1,998,967,997,-1,997,967,966,-1,997,966,995,-1,995,966,992,-1,970,972,966,-1,966,972,974,-1,966,974,977,-1,989,987,991,-1,991,987,985,-1,991,985,981,-1,981,985,983,-1,976,975,978,-1,978,975,973,-1,968,969,999,-1,973,971,978,-1,978,971,968,-1,978,968,981,-1,999,996,968,-1,968,996,994,-1,968,994,981,-1,981,994,993,-1,981,993,991,-1,1000,1001,1002,-1,1002,1001,1003,-1,1002,1004,1000,-1,1000,1004,1005,-1,1000,1005,1006,-1,1006,1005,1007,-1,1006,1007,1008,-1,1008,1007,1009,-1,1008,1009,1010,-1,1011,1012,1013,-1,1001,1014,1003,-1,1003,1014,1015,-1,1003,1015,1016,-1,1016,1015,1017,-1,1016,1017,1018,-1,1018,1017,1019,-1,1018,1019,1020,-1,1020,1019,1021,-1,1013,1022,1011,-1,1011,1022,1023,-1,1011,1023,1024,-1,1024,1023,1025,-1,1024,1025,1026,-1,1026,1025,1027,-1,1026,1027,1028,-1,1028,1027,1029,-1,1028,1029,1030,-1,1030,1029,1031,-1,1030,1031,1032,-1,1032,1031,1033,-1,1032,1033,1034,-1,1035,1036,1037,-1,1037,1036,1038,-1,1037,1038,1039,-1,1039,1038,1040,-1,1039,1040,1021,-1,1021,1040,1041,-1,1021,1041,1020,-1,1033,1042,1034,-1,1034,1042,1043,-1,1034,1043,1044,-1,1044,1043,1045,-1,1044,1045,1046,-1,1046,1045,1047,-1,1046,1047,1048,-1,1048,1047,1049,-1,1048,1049,1050,-1,1051,1052,1053,-1,1053,1052,1054,-1,1053,1054,1055,-1,1055,1054,1056,-1,1055,1056,1012,-1,1012,1056,1057,-1,1012,1057,1013,-1,1058,1059,1060,-1,1060,1059,1061,-1,1060,1061,1062,-1,1062,1061,1063,-1,1062,1063,1064,-1,1064,1063,1065,-1,1064,1065,1035,-1,1035,1065,1066,-1,1035,1066,1036,-1,1049,1067,1050,-1,1050,1067,1068,-1,1050,1068,1069,-1,1069,1068,1070,-1,1069,1070,1071,-1,1071,1070,1072,-1,1071,1072,1073,-1,1073,1072,1074,-1,1073,1074,1075,-1,1075,1074,1076,-1,1075,1076,1077,-1,1077,1076,1078,-1,1077,1078,1079,-1,1079,1078,1080,-1,1079,1080,1081,-1,1080,1082,1081,-1,1081,1082,1083,-1,1081,1083,1084,-1,1084,1083,1085,-1,1084,1085,1086,-1,1086,1085,1087,-1,1086,1087,1088,-1,1088,1087,1089,-1,1088,1089,1090,-1,1090,1089,1091,-1,1090,1091,1058,-1,1058,1091,1092,-1,1058,1092,1059,-1,1009,1093,1010,-1,1010,1093,1094,-1,1010,1094,1095,-1,1095,1094,1096,-1,1095,1096,1097,-1,1097,1096,1098,-1,1097,1098,1099,-1,1099,1098,1100,-1,1099,1100,1101,-1,1101,1100,1102,-1,1101,1102,1103,-1,1103,1102,1104,-1,1103,1104,1105,-1,1105,1104,1106,-1,1105,1106,1107,-1,1107,1106,1108,-1,1107,1108,1109,-1,1109,1108,1110,-1,1109,1110,1111,-1,1111,1110,1112,-1,1111,1112,1113,-1,1113,1112,1114,-1,1113,1114,1115,-1,1115,1114,1116,-1,1115,1116,1117,-1,1117,1116,1118,-1,1117,1118,1119,-1,1119,1118,1120,-1,1119,1120,1121,-1,1121,1120,1122,-1,1121,1122,1123,-1,1123,1122,1124,-1,1123,1124,1051,-1,1051,1124,1125,-1,1051,1125,1052,-1,1126,1127,1128,-1,1129,1130,1131,-1,1132,1133,1134,-1,1134,1133,1135,-1,1134,1135,1136,-1,1136,1135,1137,-1,1136,1137,1138,-1,1138,1137,1139,-1,1138,1139,1140,-1,1140,1139,1141,-1,1140,1141,1142,-1,1142,1141,1143,-1,1142,1143,1128,-1,1128,1143,1144,-1,1128,1144,1126,-1,1131,1130,1145,-1,1145,1130,1146,-1,1145,1146,1147,-1,1147,1146,1148,-1,1147,1148,1149,-1,1149,1148,1150,-1,1150,1148,1151,-1,1150,1151,1152,-1,1151,1153,1152,-1,1152,1153,1154,-1,1152,1154,1155,-1,1155,1154,1156,-1,1155,1156,1157,-1,1157,1156,1158,-1,1157,1158,1159,-1,1159,1158,1160,-1,1126,1161,1127,-1,1127,1161,1162,-1,1127,1162,1163,-1,1163,1162,1164,-1,1163,1164,1165,-1,1165,1164,1166,-1,1165,1166,1167,-1,1168,1169,1170,-1,1170,1169,1171,-1,1170,1171,1172,-1,1172,1171,1173,-1,1172,1173,1160,-1,1160,1173,1174,-1,1160,1174,1159,-1,1175,1176,1177,-1,1177,1176,1178,-1,1177,1178,1179,-1,1179,1178,1180,-1,1179,1180,1181,-1,1181,1180,1182,-1,1181,1182,1132,-1,1132,1182,1183,-1,1132,1183,1133,-1,1131,1184,1129,-1,1129,1184,1185,-1,1129,1185,1186,-1,1186,1185,1187,-1,1186,1187,1188,-1,1188,1187,1189,-1,1188,1189,1190,-1,1190,1189,1191,-1,1190,1191,1192,-1,1191,1193,1192,-1,1192,1193,1194,-1,1192,1194,1195,-1,1195,1194,1196,-1,1195,1196,1197,-1,1197,1196,1198,-1,1197,1198,1199,-1,1199,1198,1200,-1,1199,1200,1201,-1,1201,1200,1202,-1,1201,1202,1203,-1,1202,1204,1203,-1,1203,1204,1205,-1,1203,1205,1206,-1,1206,1205,1207,-1,1206,1207,1208,-1,1208,1207,1209,-1,1208,1209,1210,-1,1210,1209,1211,-1,1210,1211,1212,-1,1212,1211,1213,-1,1212,1213,1214,-1,1214,1213,1215,-1,1214,1215,1216,-1,1216,1215,1217,-1,1216,1217,1175,-1,1175,1217,1218,-1,1175,1218,1176,-1,1166,1219,1167,-1,1167,1219,1220,-1,1167,1220,1221,-1,1221,1220,1222,-1,1221,1222,1223,-1,1223,1222,1224,-1,1223,1224,1225,-1,1225,1224,1226,-1,1225,1226,1227,-1,1227,1226,1228,-1,1227,1228,1229,-1,1229,1228,1230,-1,1229,1230,1231,-1,1231,1230,1232,-1,1231,1232,1233,-1,1233,1232,1234,-1,1233,1234,1235,-1,1235,1234,1236,-1,1235,1236,1237,-1,1237,1236,1238,-1,1237,1238,1239,-1,1239,1238,1240,-1,1239,1240,1241,-1,1241,1240,1242,-1,1241,1242,1243,-1,1243,1242,1244,-1,1243,1244,1245,-1,1245,1244,1246,-1,1245,1246,1247,-1,1247,1246,1248,-1,1247,1248,1249,-1,1249,1248,1250,-1,1249,1250,1168,-1,1168,1250,1251,-1,1168,1251,1169,-1,1114,1234,1232,-1,1114,1232,1116,-1,1116,1232,1230,-1,1116,1230,1118,-1,1118,1230,1228,-1,1118,1228,1120,-1,1120,1228,1226,-1,1120,1226,1122,-1,1122,1226,1224,-1,1122,1224,1124,-1,1124,1224,1222,-1,1124,1222,1125,-1,1125,1222,1220,-1,1125,1220,1052,-1,1052,1220,1219,-1,1052,1219,1054,-1,1054,1219,1166,-1,1054,1166,1056,-1,1056,1166,1164,-1,1056,1164,1057,-1,1057,1164,1162,-1,1057,1162,1013,-1,1013,1162,1161,-1,1013,1161,1022,-1,1022,1161,1126,-1,1022,1126,1023,-1,1023,1126,1144,-1,1023,1144,1025,-1,1025,1144,1143,-1,1025,1143,1027,-1,1027,1143,1141,-1,1027,1141,1029,-1,1029,1141,1139,-1,1029,1139,1031,-1,1031,1139,1137,-1,1031,1137,1033,-1,1033,1137,1135,-1,1033,1135,1042,-1,1042,1135,1133,-1,1042,1133,1043,-1,1043,1133,1183,-1,1043,1183,1045,-1,1045,1183,1182,-1,1045,1182,1047,-1,1047,1182,1180,-1,1047,1180,1049,-1,1049,1180,1178,-1,1049,1178,1067,-1,1067,1178,1176,-1,1067,1176,1068,-1,1068,1176,1218,-1,1068,1218,1070,-1,1070,1218,1217,-1,1070,1217,1072,-1,1072,1217,1215,-1,1072,1215,1074,-1,1074,1215,1213,-1,1074,1213,1076,-1,1076,1213,1211,-1,1076,1211,1078,-1,1078,1211,1209,-1,1078,1209,1080,-1,1080,1209,1207,-1,1080,1207,1082,-1,1082,1207,1205,-1,1082,1205,1083,-1,1083,1205,1204,-1,1083,1204,1085,-1,1085,1204,1202,-1,1085,1202,1087,-1,1087,1202,1200,-1,1087,1200,1089,-1,1089,1200,1198,-1,1089,1198,1091,-1,1091,1198,1196,-1,1091,1196,1092,-1,1092,1196,1194,-1,1092,1194,1059,-1,1059,1194,1193,-1,1059,1193,1061,-1,1061,1193,1191,-1,1061,1191,1063,-1,1063,1191,1189,-1,1063,1189,1065,-1,1065,1189,1187,-1,1065,1187,1066,-1,1066,1187,1185,-1,1066,1185,1036,-1,1036,1185,1184,-1,1036,1184,1038,-1,1038,1184,1131,-1,1038,1131,1040,-1,1040,1131,1145,-1,1040,1145,1041,-1,1041,1145,1147,-1,1041,1147,1020,-1,1020,1147,1149,-1,1020,1149,1018,-1,1018,1149,1150,-1,1018,1150,1016,-1,1016,1150,1152,-1,1016,1152,1003,-1,1003,1152,1155,-1,1003,1155,1002,-1,1002,1155,1157,-1,1002,1157,1004,-1,1004,1157,1159,-1,1004,1159,1005,-1,1005,1159,1174,-1,1005,1174,1007,-1,1007,1174,1173,-1,1007,1173,1009,-1,1009,1173,1171,-1,1009,1171,1093,-1,1093,1171,1169,-1,1093,1169,1094,-1,1094,1169,1251,-1,1094,1251,1096,-1,1096,1251,1250,-1,1096,1250,1098,-1,1098,1250,1248,-1,1098,1248,1100,-1,1100,1248,1246,-1,1100,1246,1102,-1,1102,1246,1244,-1,1102,1244,1104,-1,1104,1244,1242,-1,1104,1242,1106,-1,1106,1242,1240,-1,1106,1240,1108,-1,1108,1240,1238,-1,1108,1238,1110,-1,1110,1238,1236,-1,1110,1236,1112,-1,1112,1236,1234,-1,1112,1234,1114,-1,1113,1233,1235,-1,1113,1235,1111,-1,1111,1235,1237,-1,1111,1237,1109,-1,1109,1237,1239,-1,1109,1239,1107,-1,1107,1239,1241,-1,1107,1241,1105,-1,1105,1241,1243,-1,1105,1243,1103,-1,1103,1243,1245,-1,1103,1245,1101,-1,1101,1245,1247,-1,1101,1247,1099,-1,1099,1247,1249,-1,1099,1249,1097,-1,1097,1249,1168,-1,1097,1168,1095,-1,1095,1168,1170,-1,1095,1170,1010,-1,1010,1170,1172,-1,1010,1172,1008,-1,1008,1172,1160,-1,1008,1160,1006,-1,1006,1160,1158,-1,1006,1158,1000,-1,1000,1158,1156,-1,1000,1156,1001,-1,1001,1156,1154,-1,1001,1154,1014,-1,1030,1138,1140,-1,1030,1140,1028,-1,1028,1140,1142,-1,1028,1142,1026,-1,1026,1142,1128,-1,1026,1128,1024,-1,1024,1128,1127,-1,1024,1127,1011,-1,1011,1127,1163,-1,1011,1163,1012,-1,1012,1163,1165,-1,1012,1165,1055,-1,1055,1165,1167,-1,1055,1167,1053,-1,1053,1167,1221,-1,1053,1221,1051,-1,1051,1221,1223,-1,1051,1223,1123,-1,1123,1223,1225,-1,1123,1225,1121,-1,1121,1225,1227,-1,1121,1227,1119,-1,1119,1227,1229,-1,1119,1229,1117,-1,1117,1229,1231,-1,1117,1231,1115,-1,1115,1231,1233,-1,1115,1233,1113,-1,1084,1203,1206,-1,1084,1206,1081,-1,1081,1206,1208,-1,1081,1208,1079,-1,1079,1208,1210,-1,1079,1210,1077,-1,1077,1210,1212,-1,1077,1212,1075,-1,1075,1212,1214,-1,1075,1214,1073,-1,1073,1214,1216,-1,1073,1216,1071,-1,1071,1216,1175,-1,1071,1175,1069,-1,1069,1175,1177,-1,1069,1177,1050,-1,1050,1177,1179,-1,1050,1179,1048,-1,1048,1179,1181,-1,1048,1181,1046,-1,1046,1181,1132,-1,1046,1132,1044,-1,1044,1132,1134,-1,1044,1134,1034,-1,1034,1134,1136,-1,1034,1136,1032,-1,1032,1136,1138,-1,1032,1138,1030,-1,1014,1154,1153,-1,1014,1153,1015,-1,1015,1153,1151,-1,1015,1151,1017,-1,1017,1151,1148,-1,1017,1148,1019,-1,1019,1148,1146,-1,1019,1146,1021,-1,1021,1146,1130,-1,1021,1130,1039,-1,1039,1130,1129,-1,1039,1129,1037,-1,1037,1129,1186,-1,1037,1186,1035,-1,1035,1186,1188,-1,1035,1188,1064,-1,1064,1188,1190,-1,1064,1190,1062,-1,1062,1190,1192,-1,1062,1192,1060,-1,1060,1192,1195,-1,1060,1195,1058,-1,1058,1195,1197,-1,1058,1197,1090,-1,1090,1197,1199,-1,1090,1199,1088,-1,1088,1199,1201,-1,1088,1201,1086,-1,1086,1201,1203,-1,1086,1203,1084,-1,1252,1253,1254,-1,1255,1256,1257,-1,1254,1258,1259,-1,1260,1261,1256,-1,1256,1261,1262,-1,1256,1262,1257,-1,1257,1262,1263,-1,1257,1263,1264,-1,1264,1265,1257,-1,1257,1265,1266,-1,1257,1266,1267,-1,1268,1269,1270,-1,1270,1269,1271,-1,1270,1271,1272,-1,1272,1271,1273,-1,1272,1273,1274,-1,1275,1276,1277,-1,1277,1276,1278,-1,1277,1278,1279,-1,1280,1281,1282,-1,1282,1281,1283,-1,1282,1283,1284,-1,1284,1283,1285,-1,1284,1285,1286,-1,1287,1288,1280,-1,1280,1288,1289,-1,1280,1289,1281,-1,1290,1291,1292,-1,1292,1291,1293,-1,1292,1293,1294,-1,1295,1296,1297,-1,1297,1296,1298,-1,1297,1298,1290,-1,1290,1298,1299,-1,1290,1299,1291,-1,1300,1301,1302,-1,1302,1301,1303,-1,1302,1303,1304,-1,1304,1303,1305,-1,1304,1305,1306,-1,1306,1305,1307,-1,1306,1307,1308,-1,1308,1307,1309,-1,1308,1309,1310,-1,1310,1309,1311,-1,1310,1311,1312,-1,1312,1311,1313,-1,1312,1313,1295,-1,1295,1313,1314,-1,1295,1314,1296,-1,1259,1315,1254,-1,1254,1315,1316,-1,1254,1316,1317,-1,1318,1319,1320,-1,1320,1319,1321,-1,1320,1321,1322,-1,1322,1321,1323,-1,1322,1323,1324,-1,1324,1323,1325,-1,1324,1325,1268,-1,1268,1325,1326,-1,1268,1326,1269,-1,1285,1327,1286,-1,1286,1327,1328,-1,1286,1328,1329,-1,1329,1328,1330,-1,1329,1330,1331,-1,1331,1330,1332,-1,1331,1332,1300,-1,1300,1332,1333,-1,1300,1333,1301,-1,1334,1335,1336,-1,1336,1335,1337,-1,1336,1337,1338,-1,1338,1337,1339,-1,1338,1339,1340,-1,1340,1339,1341,-1,1340,1341,1342,-1,1342,1341,1343,-1,1342,1343,1344,-1,1344,1343,1253,-1,1344,1253,1345,-1,1345,1253,1252,-1,1267,1252,1257,-1,1257,1252,1254,-1,1257,1254,1346,-1,1346,1254,1317,-1,1273,1347,1274,-1,1274,1347,1348,-1,1274,1348,1349,-1,1349,1348,1350,-1,1349,1350,1351,-1,1351,1350,1352,-1,1351,1352,1353,-1,1278,1354,1279,-1,1279,1354,1355,-1,1279,1355,1356,-1,1356,1355,1357,-1,1356,1357,1358,-1,1358,1357,1359,-1,1358,1359,1360,-1,1361,1362,1363,-1,1363,1362,1364,-1,1363,1364,1275,-1,1275,1364,1365,-1,1275,1365,1276,-1,1258,1254,1366,-1,1366,1254,1367,-1,1366,1367,1368,-1,1260,1369,1370,-1,1370,1369,1371,-1,1370,1371,1372,-1,1372,1371,1373,-1,1372,1373,1287,-1,1287,1373,1374,-1,1287,1374,1288,-1,1375,1376,1377,-1,1377,1376,1378,-1,1377,1378,1379,-1,1379,1378,1380,-1,1379,1380,1381,-1,1381,1380,1382,-1,1381,1382,1383,-1,1383,1382,1384,-1,1383,1384,1385,-1,1385,1384,1386,-1,1385,1386,1318,-1,1318,1386,1387,-1,1318,1387,1319,-1,1388,1389,1390,-1,1390,1389,1391,-1,1390,1391,1334,-1,1334,1391,1392,-1,1334,1392,1335,-1,1293,1393,1294,-1,1294,1393,1394,-1,1294,1394,1395,-1,1395,1394,1396,-1,1395,1396,1397,-1,1397,1396,1398,-1,1397,1398,1388,-1,1388,1398,1399,-1,1388,1399,1389,-1,1359,1400,1360,-1,1360,1400,1401,-1,1360,1401,1402,-1,1402,1401,1403,-1,1402,1403,1404,-1,1404,1403,1405,-1,1404,1405,1406,-1,1406,1405,1407,-1,1406,1407,1408,-1,1256,1409,1260,-1,1260,1409,1410,-1,1260,1410,1411,-1,1257,1412,1255,-1,1255,1412,1413,-1,1255,1413,1414,-1,1414,1413,1353,-1,1414,1353,1415,-1,1415,1353,1352,-1,1368,1416,1366,-1,1366,1416,1417,-1,1366,1417,1418,-1,1418,1419,1366,-1,1366,1419,1420,-1,1366,1420,1421,-1,1421,1420,1422,-1,1421,1422,1361,-1,1361,1422,1423,-1,1361,1423,1362,-1,1411,1424,1260,-1,1260,1424,1425,-1,1260,1425,1426,-1,1426,1427,1260,-1,1260,1427,1428,-1,1260,1428,1369,-1,1407,1429,1408,-1,1408,1429,1430,-1,1408,1430,1431,-1,1431,1430,1432,-1,1431,1432,1433,-1,1433,1432,1434,-1,1433,1434,1435,-1,1435,1434,1436,-1,1435,1436,1375,-1,1375,1436,1437,-1,1375,1437,1376,-1,1438,1439,1440,-1,1440,1439,1441,-1,1440,1441,1442,-1,1442,1441,1443,-1,1442,1443,1444,-1,1445,1446,1447,-1,1448,1449,1450,-1,1450,1449,1451,-1,1450,1451,1452,-1,1451,1453,1452,-1,1452,1453,1454,-1,1452,1454,1455,-1,1455,1454,1456,-1,1455,1456,1457,-1,1458,1459,1460,-1,1460,1459,1461,-1,1462,1463,1464,-1,1464,1463,1465,-1,1464,1465,1466,-1,1466,1465,1467,-1,1466,1467,1468,-1,1468,1467,1469,-1,1468,1469,1470,-1,1470,1469,1471,-1,1470,1471,1472,-1,1464,1473,1462,-1,1462,1473,1474,-1,1462,1474,1475,-1,1475,1474,1444,-1,1475,1444,1476,-1,1476,1444,1443,-1,1477,1478,1479,-1,1479,1478,1480,-1,1479,1480,1481,-1,1481,1480,1482,-1,1481,1482,1483,-1,1483,1482,1484,-1,1483,1484,1438,-1,1438,1484,1485,-1,1438,1485,1439,-1,1486,1487,1488,-1,1488,1487,1489,-1,1488,1489,1490,-1,1490,1489,1491,-1,1490,1491,1448,-1,1448,1491,1492,-1,1448,1492,1449,-1,1447,1493,1445,-1,1445,1493,1494,-1,1445,1494,1495,-1,1458,1496,1459,-1,1459,1496,1497,-1,1459,1497,1498,-1,1498,1499,1459,-1,1459,1499,1500,-1,1459,1500,1501,-1,1502,1503,1504,-1,1504,1503,1505,-1,1504,1505,1506,-1,1471,1507,1472,-1,1472,1507,1508,-1,1472,1508,1509,-1,1509,1508,1510,-1,1509,1510,1511,-1,1511,1510,1512,-1,1511,1512,1513,-1,1513,1512,1514,-1,1513,1514,1486,-1,1486,1514,1515,-1,1486,1515,1487,-1,1501,1445,1459,-1,1459,1445,1495,-1,1459,1495,1516,-1,1516,1495,1517,-1,1516,1517,1518,-1,1519,1520,1521,-1,1461,1522,1523,-1,1523,1522,1524,-1,1523,1524,1502,-1,1502,1524,1525,-1,1502,1525,1503,-1,1526,1527,1446,-1,1446,1527,1528,-1,1529,1530,1531,-1,1531,1530,1532,-1,1531,1532,1533,-1,1533,1532,1534,-1,1533,1534,1535,-1,1456,1536,1457,-1,1457,1536,1537,-1,1457,1537,1538,-1,1538,1537,1539,-1,1538,1539,1540,-1,1540,1539,1541,-1,1540,1541,1529,-1,1529,1541,1542,-1,1529,1542,1530,-1,1543,1544,1545,-1,1545,1544,1546,-1,1545,1546,1547,-1,1547,1546,1548,-1,1547,1548,1521,-1,1521,1548,1549,-1,1521,1549,1519,-1,1550,1551,1552,-1,1552,1551,1553,-1,1552,1553,1554,-1,1554,1553,1555,-1,1554,1555,1543,-1,1543,1555,1556,-1,1543,1556,1544,-1,1505,1557,1506,-1,1506,1557,1558,-1,1506,1558,1559,-1,1559,1558,1560,-1,1559,1560,1561,-1,1519,1562,1520,-1,1520,1562,1563,-1,1520,1563,1564,-1,1459,1565,1461,-1,1461,1565,1566,-1,1461,1566,1567,-1,1528,1568,1446,-1,1446,1568,1569,-1,1446,1569,1570,-1,1570,1569,1571,-1,1570,1571,1477,-1,1477,1571,1572,-1,1477,1572,1478,-1,1518,1573,1516,-1,1516,1573,1574,-1,1516,1574,1575,-1,1575,1574,1576,-1,1575,1576,1577,-1,1577,1576,1535,-1,1577,1535,1578,-1,1578,1535,1534,-1,1579,1580,1581,-1,1581,1580,1582,-1,1581,1582,1583,-1,1583,1582,1584,-1,1583,1584,1585,-1,1585,1584,1586,-1,1585,1586,1587,-1,1587,1586,1588,-1,1587,1588,1589,-1,1589,1588,1590,-1,1589,1590,1591,-1,1591,1590,1592,-1,1591,1592,1445,-1,1445,1592,1593,-1,1445,1593,1446,-1,1446,1593,1594,-1,1446,1594,1526,-1,1563,1595,1564,-1,1564,1595,1596,-1,1564,1596,1597,-1,1597,1596,1598,-1,1597,1598,1599,-1,1599,1598,1600,-1,1599,1600,1601,-1,1601,1600,1602,-1,1601,1602,1579,-1,1579,1602,1603,-1,1579,1603,1580,-1,1560,1604,1561,-1,1561,1604,1605,-1,1561,1605,1606,-1,1606,1605,1607,-1,1606,1607,1608,-1,1608,1607,1609,-1,1608,1609,1610,-1,1610,1609,1611,-1,1610,1611,1612,-1,1612,1611,1613,-1,1612,1613,1614,-1,1614,1613,1615,-1,1614,1615,1616,-1,1616,1615,1617,-1,1616,1617,1550,-1,1550,1617,1618,-1,1550,1618,1551,-1,1567,1619,1461,-1,1461,1619,1620,-1,1461,1620,1621,-1,1621,1622,1461,-1,1461,1622,1623,-1,1461,1623,1522,-1,1254,1253,1516,-1,1516,1253,1459,-1,1254,1516,1575,-1,1254,1575,1367,-1,1367,1575,1577,-1,1367,1577,1368,-1,1368,1577,1578,-1,1368,1578,1416,-1,1416,1578,1534,-1,1416,1534,1417,-1,1417,1534,1532,-1,1417,1532,1418,-1,1418,1532,1530,-1,1418,1530,1419,-1,1419,1530,1542,-1,1419,1542,1420,-1,1420,1542,1541,-1,1420,1541,1422,-1,1422,1541,1539,-1,1422,1539,1423,-1,1423,1539,1537,-1,1423,1537,1362,-1,1362,1537,1536,-1,1362,1536,1364,-1,1364,1536,1456,-1,1364,1456,1365,-1,1365,1456,1454,-1,1365,1454,1276,-1,1276,1454,1453,-1,1276,1453,1278,-1,1278,1453,1451,-1,1278,1451,1354,-1,1354,1451,1449,-1,1354,1449,1355,-1,1355,1449,1492,-1,1355,1492,1357,-1,1357,1492,1491,-1,1357,1491,1359,-1,1359,1491,1489,-1,1359,1489,1400,-1,1400,1489,1487,-1,1400,1487,1401,-1,1401,1487,1515,-1,1401,1515,1403,-1,1403,1515,1514,-1,1403,1514,1405,-1,1405,1514,1512,-1,1405,1512,1407,-1,1407,1512,1510,-1,1407,1510,1429,-1,1429,1510,1508,-1,1429,1508,1430,-1,1430,1508,1507,-1,1430,1507,1432,-1,1432,1507,1471,-1,1432,1471,1434,-1,1434,1471,1469,-1,1434,1469,1436,-1,1436,1469,1467,-1,1436,1467,1437,-1,1437,1467,1465,-1,1437,1465,1376,-1,1376,1465,1463,-1,1376,1463,1378,-1,1378,1463,1462,-1,1378,1462,1380,-1,1380,1462,1475,-1,1380,1475,1382,-1,1382,1475,1476,-1,1382,1476,1384,-1,1384,1476,1443,-1,1384,1443,1386,-1,1386,1443,1441,-1,1386,1441,1387,-1,1387,1441,1439,-1,1387,1439,1319,-1,1319,1439,1485,-1,1319,1485,1321,-1,1321,1485,1484,-1,1321,1484,1323,-1,1323,1484,1482,-1,1323,1482,1325,-1,1325,1482,1480,-1,1325,1480,1326,-1,1326,1480,1478,-1,1326,1478,1269,-1,1269,1478,1572,-1,1269,1572,1271,-1,1271,1572,1571,-1,1271,1571,1273,-1,1273,1571,1569,-1,1273,1569,1347,-1,1347,1569,1568,-1,1347,1568,1348,-1,1348,1568,1528,-1,1348,1528,1350,-1,1350,1528,1527,-1,1350,1527,1352,-1,1352,1527,1526,-1,1352,1526,1415,-1,1415,1526,1594,-1,1415,1594,1414,-1,1414,1594,1593,-1,1414,1593,1255,-1,1256,1255,1592,-1,1592,1255,1593,-1,1256,1592,1590,-1,1256,1590,1409,-1,1409,1590,1588,-1,1409,1588,1410,-1,1410,1588,1586,-1,1410,1586,1411,-1,1411,1586,1584,-1,1411,1584,1424,-1,1424,1584,1582,-1,1424,1582,1425,-1,1425,1582,1580,-1,1425,1580,1426,-1,1426,1580,1603,-1,1426,1603,1427,-1,1427,1603,1602,-1,1427,1602,1428,-1,1428,1602,1600,-1,1428,1600,1369,-1,1369,1600,1598,-1,1369,1598,1371,-1,1371,1598,1596,-1,1371,1596,1373,-1,1373,1596,1595,-1,1373,1595,1374,-1,1374,1595,1563,-1,1374,1563,1288,-1,1288,1563,1562,-1,1288,1562,1289,-1,1289,1562,1519,-1,1289,1519,1281,-1,1281,1519,1549,-1,1281,1549,1283,-1,1283,1549,1548,-1,1283,1548,1285,-1,1285,1548,1546,-1,1285,1546,1327,-1,1327,1546,1544,-1,1327,1544,1328,-1,1328,1544,1556,-1,1328,1556,1330,-1,1330,1556,1555,-1,1330,1555,1332,-1,1332,1555,1553,-1,1332,1553,1333,-1,1333,1553,1551,-1,1333,1551,1301,-1,1301,1551,1618,-1,1301,1618,1303,-1,1303,1618,1617,-1,1303,1617,1305,-1,1305,1617,1615,-1,1305,1615,1307,-1,1307,1615,1613,-1,1307,1613,1309,-1,1309,1613,1611,-1,1309,1611,1311,-1,1311,1611,1609,-1,1311,1609,1313,-1,1313,1609,1607,-1,1313,1607,1314,-1,1314,1607,1605,-1,1314,1605,1296,-1,1296,1605,1604,-1,1296,1604,1298,-1,1298,1604,1560,-1,1298,1560,1299,-1,1299,1560,1558,-1,1299,1558,1291,-1,1291,1558,1557,-1,1291,1557,1293,-1,1293,1557,1505,-1,1293,1505,1393,-1,1393,1505,1503,-1,1393,1503,1394,-1,1394,1503,1525,-1,1394,1525,1396,-1,1396,1525,1524,-1,1396,1524,1398,-1,1398,1524,1522,-1,1398,1522,1399,-1,1399,1522,1623,-1,1399,1623,1389,-1,1389,1623,1622,-1,1389,1622,1391,-1,1391,1622,1621,-1,1391,1621,1392,-1,1392,1621,1620,-1,1392,1620,1335,-1,1335,1620,1619,-1,1335,1619,1337,-1,1337,1619,1567,-1,1337,1567,1339,-1,1339,1567,1566,-1,1339,1566,1341,-1,1341,1566,1565,-1,1341,1565,1343,-1,1343,1565,1459,-1,1343,1459,1253,-1,1372,1597,1599,-1,1372,1599,1370,-1,1370,1599,1601,-1,1370,1601,1260,-1,1260,1601,1579,-1,1260,1579,1261,-1,1261,1579,1581,-1,1261,1581,1262,-1,1262,1581,1583,-1,1262,1583,1263,-1,1263,1583,1585,-1,1263,1585,1264,-1,1264,1585,1587,-1,1264,1587,1265,-1,1265,1587,1589,-1,1265,1589,1266,-1,1266,1589,1591,-1,1266,1591,1267,-1,1267,1591,1445,-1,1267,1445,1252,-1,1306,1614,1616,-1,1306,1616,1304,-1,1304,1616,1550,-1,1304,1550,1302,-1,1302,1550,1552,-1,1302,1552,1300,-1,1300,1552,1554,-1,1300,1554,1331,-1,1331,1554,1543,-1,1331,1543,1329,-1,1329,1543,1545,-1,1329,1545,1286,-1,1286,1545,1547,-1,1286,1547,1284,-1,1284,1547,1521,-1,1284,1521,1282,-1,1282,1521,1520,-1,1282,1520,1280,-1,1280,1520,1564,-1,1280,1564,1287,-1,1287,1564,1597,-1,1287,1597,1372,-1,1397,1523,1502,-1,1397,1502,1395,-1,1395,1502,1504,-1,1395,1504,1294,-1,1294,1504,1506,-1,1294,1506,1292,-1,1292,1506,1559,-1,1292,1559,1290,-1,1290,1559,1561,-1,1290,1561,1297,-1,1297,1561,1606,-1,1297,1606,1295,-1,1295,1606,1608,-1,1295,1608,1312,-1,1312,1608,1610,-1,1312,1610,1310,-1,1310,1610,1612,-1,1310,1612,1308,-1,1308,1612,1614,-1,1308,1614,1306,-1,1252,1445,1501,-1,1252,1501,1345,-1,1345,1501,1500,-1,1345,1500,1344,-1,1344,1500,1499,-1,1344,1499,1342,-1,1342,1499,1498,-1,1342,1498,1340,-1,1340,1498,1497,-1,1340,1497,1338,-1,1338,1497,1496,-1,1338,1496,1336,-1,1336,1496,1458,-1,1336,1458,1334,-1,1334,1458,1460,-1,1334,1460,1390,-1,1390,1460,1461,-1,1390,1461,1388,-1,1388,1461,1523,-1,1388,1523,1397,-1,1257,1518,1517,-1,1257,1517,1412,-1,1412,1517,1495,-1,1412,1495,1413,-1,1413,1495,1494,-1,1413,1494,1353,-1,1353,1494,1493,-1,1353,1493,1351,-1,1351,1493,1447,-1,1351,1447,1349,-1,1349,1447,1446,-1,1349,1446,1274,-1,1274,1446,1570,-1,1274,1570,1272,-1,1272,1570,1477,-1,1272,1477,1270,-1,1270,1477,1479,-1,1270,1479,1268,-1,1268,1479,1481,-1,1268,1481,1324,-1,1363,1457,1538,-1,1363,1538,1361,-1,1361,1538,1540,-1,1361,1540,1421,-1,1421,1540,1529,-1,1421,1529,1366,-1,1366,1529,1531,-1,1366,1531,1258,-1,1258,1531,1533,-1,1258,1533,1259,-1,1259,1533,1535,-1,1259,1535,1315,-1,1315,1535,1576,-1,1315,1576,1316,-1,1316,1576,1574,-1,1316,1574,1317,-1,1317,1574,1573,-1,1317,1573,1346,-1,1346,1573,1518,-1,1346,1518,1257,-1,1431,1472,1509,-1,1431,1509,1408,-1,1408,1509,1511,-1,1408,1511,1406,-1,1406,1511,1513,-1,1406,1513,1404,-1,1404,1513,1486,-1,1404,1486,1402,-1,1402,1486,1488,-1,1402,1488,1360,-1,1360,1488,1490,-1,1360,1490,1358,-1,1358,1490,1448,-1,1358,1448,1356,-1,1356,1448,1450,-1,1356,1450,1279,-1,1279,1450,1452,-1,1279,1452,1277,-1,1277,1452,1455,-1,1277,1455,1275,-1,1275,1455,1457,-1,1275,1457,1363,-1,1324,1481,1483,-1,1324,1483,1322,-1,1322,1483,1438,-1,1322,1438,1320,-1,1320,1438,1440,-1,1320,1440,1318,-1,1318,1440,1442,-1,1318,1442,1385,-1,1385,1442,1444,-1,1385,1444,1383,-1,1383,1444,1474,-1,1383,1474,1381,-1,1381,1474,1473,-1,1381,1473,1379,-1,1379,1473,1464,-1,1379,1464,1377,-1,1377,1464,1466,-1,1377,1466,1375,-1,1375,1466,1468,-1,1375,1468,1435,-1,1435,1468,1470,-1,1435,1470,1433,-1,1433,1470,1472,-1,1433,1472,1431,-1,1624,1625,1626,-1,1626,1625,1627,-1,1624,1626,1628,-1,1624,1628,1629,-1,1629,1628,1630,-1,1629,1630,1631,-1,1631,1630,1632,-1,1631,1632,1633,-1,1633,1632,1634,-1,1633,1634,1635,-1,1635,1634,1636,-1,1635,1636,1637,-1,1637,1636,1638,-1,1637,1638,1639,-1,1639,1638,1640,-1,1639,1640,1641,-1,1641,1640,1642,-1,1641,1642,1643,-1,1643,1642,1644,-1,1643,1644,1645,-1,1645,1644,1646,-1,1645,1646,1647,-1,1647,1646,1648,-1,1647,1648,1649,-1,1649,1648,1650,-1,1649,1650,1651,-1,1651,1650,1652,-1,1651,1652,1653,-1,1653,1652,1654,-1,1653,1654,1655,-1,1655,1654,1656,-1,1655,1656,1657,-1,1657,1656,1658,-1,1657,1658,1659,-1,1659,1658,1660,-1,1659,1660,1661,-1,1661,1660,1662,-1,1661,1662,1663,-1,1663,1662,1664,-1,1663,1664,1665,-1,1665,1664,1666,-1,1665,1666,1667,-1,1667,1666,1668,-1,1667,1668,1669,-1,1669,1668,1670,-1,1669,1670,1671,-1,1671,1670,1672,-1,1671,1672,1673,-1,1673,1672,1674,-1,1673,1674,1675,-1,1675,1674,1676,-1,1675,1676,1677,-1,1677,1676,1678,-1,1677,1678,1679,-1,1679,1678,1680,-1,1679,1680,1681,-1,1681,1680,1682,-1,1681,1682,1683,-1,1683,1682,1684,-1,1683,1684,1685,-1,1685,1684,1686,-1,1685,1686,1687,-1,1687,1686,1688,-1,1687,1688,1689,-1,1689,1688,1690,-1,1689,1690,1691,-1,1691,1690,1692,-1,1691,1692,1693,-1,1693,1692,1694,-1,1693,1694,1695,-1,1695,1694,1696,-1,1695,1696,1697,-1,1697,1696,1698,-1,1697,1698,1699,-1,1699,1698,1700,-1,1699,1700,1701,-1,1701,1700,1702,-1,1701,1702,1703,-1,1703,1702,1704,-1,1703,1704,1705,-1,1705,1704,1706,-1,1705,1706,1707,-1,1708,1707,1709,-1,1709,1707,1706,-1,1710,1708,1711,-1,1711,1708,1709,-1,1712,1710,1713,-1,1713,1710,1711,-1,1714,1712,1715,-1,1715,1712,1713,-1,1716,1714,1717,-1,1717,1714,1715,-1,1716,1717,1718,-1,1716,1718,1719,-1,1719,1718,1720,-1,1719,1720,1721,-1,1721,1720,1722,-1,1721,1722,1723,-1,1723,1722,1724,-1,1723,1724,1725,-1,1725,1724,1726,-1,1725,1726,1727,-1,1727,1726,1728,-1,1727,1728,1729,-1,1729,1728,1730,-1,1729,1730,1731,-1,1731,1730,1732,-1,1731,1732,1733,-1,1733,1732,1734,-1,1733,1734,1735,-1,1735,1734,1736,-1,1735,1736,1737,-1,1737,1736,1738,-1,1737,1738,1739,-1,1739,1738,1740,-1,1739,1740,1741,-1,1741,1740,1742,-1,1741,1742,1743,-1,1743,1742,1744,-1,1743,1744,1745,-1,1745,1744,1746,-1,1745,1746,1747,-1,1747,1746,1748,-1,1747,1748,1749,-1,1749,1748,1750,-1,1749,1750,1751,-1,1751,1750,1752,-1,1751,1752,1753,-1,1753,1752,1754,-1,1753,1754,1755,-1,1755,1754,1756,-1,1755,1756,1757,-1,1757,1756,1758,-1,1757,1758,1759,-1,1759,1758,1760,-1,1759,1760,1761,-1,1761,1760,1762,-1,1761,1762,1763,-1,1763,1762,1764,-1,1763,1764,1765,-1,1765,1764,1766,-1,1765,1766,1767,-1,1767,1766,1768,-1,1767,1768,1769,-1,1769,1768,1770,-1,1769,1770,1771,-1,1771,1770,1772,-1,1771,1772,1773,-1,1773,1772,1774,-1,1773,1774,1775,-1,1775,1774,1776,-1,1775,1776,1777,-1,1777,1776,1778,-1,1777,1778,1779,-1,1779,1778,1780,-1,1779,1780,1781,-1,1781,1780,1782,-1,1781,1782,1783,-1,1783,1782,1784,-1,1783,1784,1785,-1,1785,1784,1627,-1,1785,1627,1625,-1,1785,1625,1624,-1,1710,1712,1708,-1,1708,1712,1714,-1,1708,1714,1707,-1,1739,1741,1683,-1,1759,1659,1757,-1,1757,1659,1661,-1,1757,1661,1755,-1,1755,1661,1663,-1,1755,1663,1753,-1,1753,1663,1665,-1,1753,1665,1751,-1,1683,1685,1739,-1,1739,1685,1687,-1,1739,1687,1737,-1,1737,1687,1689,-1,1737,1689,1735,-1,1735,1689,1691,-1,1735,1691,1733,-1,1733,1691,1693,-1,1733,1693,1731,-1,1731,1693,1695,-1,1731,1695,1729,-1,1765,1651,1763,-1,1763,1651,1653,-1,1763,1653,1761,-1,1761,1653,1655,-1,1761,1655,1759,-1,1759,1655,1657,-1,1759,1657,1659,-1,1785,1624,1783,-1,1747,1675,1745,-1,1745,1675,1677,-1,1745,1677,1743,-1,1743,1677,1679,-1,1743,1679,1741,-1,1741,1679,1681,-1,1741,1681,1683,-1,1624,1629,1783,-1,1783,1629,1631,-1,1783,1631,1781,-1,1781,1631,1633,-1,1781,1633,1779,-1,1779,1633,1635,-1,1779,1635,1777,-1,1777,1635,1637,-1,1777,1637,1775,-1,1775,1637,1639,-1,1775,1639,1773,-1,1773,1639,1641,-1,1773,1641,1771,-1,1771,1641,1643,-1,1771,1643,1769,-1,1769,1643,1645,-1,1769,1645,1767,-1,1767,1645,1647,-1,1767,1647,1765,-1,1765,1647,1649,-1,1765,1649,1651,-1,1714,1716,1707,-1,1707,1716,1719,-1,1707,1719,1705,-1,1695,1697,1729,-1,1729,1697,1699,-1,1729,1699,1727,-1,1727,1699,1701,-1,1727,1701,1725,-1,1725,1701,1703,-1,1725,1703,1723,-1,1723,1703,1705,-1,1723,1705,1721,-1,1721,1705,1719,-1,1665,1667,1751,-1,1751,1667,1669,-1,1751,1669,1749,-1,1749,1669,1671,-1,1749,1671,1747,-1,1747,1671,1673,-1,1747,1673,1675,-1,1744,1742,1678,-1,1678,1742,1680,-1,1680,1742,1740,-1,1680,1740,1682,-1,1682,1740,1738,-1,1682,1738,1684,-1,1684,1738,1686,-1,1686,1738,1736,-1,1686,1736,1688,-1,1756,1658,1758,-1,1758,1658,1656,-1,1758,1656,1760,-1,1760,1656,1654,-1,1760,1654,1762,-1,1688,1736,1690,-1,1690,1736,1734,-1,1690,1734,1692,-1,1692,1734,1732,-1,1692,1732,1694,-1,1694,1732,1730,-1,1694,1730,1696,-1,1696,1730,1728,-1,1696,1728,1698,-1,1698,1728,1726,-1,1698,1726,1700,-1,1780,1630,1782,-1,1782,1630,1628,-1,1782,1628,1784,-1,1784,1628,1626,-1,1784,1626,1627,-1,1654,1652,1762,-1,1762,1652,1650,-1,1762,1650,1764,-1,1764,1650,1648,-1,1764,1648,1766,-1,1766,1648,1646,-1,1766,1646,1768,-1,1768,1646,1644,-1,1768,1644,1770,-1,1770,1644,1642,-1,1770,1642,1772,-1,1772,1642,1640,-1,1772,1640,1774,-1,1774,1640,1638,-1,1774,1638,1776,-1,1776,1638,1636,-1,1776,1636,1778,-1,1778,1636,1634,-1,1778,1634,1780,-1,1780,1634,1632,-1,1780,1632,1630,-1,1706,1704,1720,-1,1748,1668,1750,-1,1750,1668,1666,-1,1750,1666,1752,-1,1752,1666,1664,-1,1752,1664,1754,-1,1754,1664,1662,-1,1754,1662,1756,-1,1756,1662,1660,-1,1756,1660,1658,-1,1678,1676,1744,-1,1744,1676,1674,-1,1744,1674,1746,-1,1746,1674,1672,-1,1746,1672,1748,-1,1748,1672,1670,-1,1748,1670,1668,-1,1700,1726,1702,-1,1702,1726,1724,-1,1702,1724,1704,-1,1704,1724,1722,-1,1704,1722,1720,-1,1713,1711,1715,-1,1715,1711,1709,-1,1715,1709,1717,-1,1717,1709,1706,-1,1717,1706,1718,-1,1718,1706,1720,-1,1786,1787,1788,-1,1789,1790,1791,-1,1787,1792,1788,-1,1788,1792,1793,-1,1788,1793,1794,-1,1794,1793,1795,-1,1794,1795,1796,-1,1796,1795,1797,-1,1796,1797,1798,-1,1798,1797,1799,-1,1798,1799,1800,-1,1800,1799,1801,-1,1800,1801,1802,-1,1802,1801,1803,-1,1804,1805,1806,-1,1806,1805,1807,-1,1806,1807,1808,-1,1808,1807,1809,-1,1808,1809,1810,-1,1809,1811,1810,-1,1810,1811,1812,-1,1810,1812,1813,-1,1813,1812,1814,-1,1813,1814,1815,-1,1816,1817,1818,-1,1818,1817,1819,-1,1818,1819,1804,-1,1804,1819,1820,-1,1804,1820,1805,-1,1821,1822,1823,-1,1823,1822,1824,-1,1823,1824,1825,-1,1825,1824,1826,-1,1825,1826,1827,-1,1827,1826,1828,-1,1827,1828,1829,-1,1829,1828,1830,-1,1829,1830,1831,-1,1831,1830,1832,-1,1831,1832,1833,-1,1834,1835,1836,-1,1836,1835,1837,-1,1836,1837,1821,-1,1821,1837,1838,-1,1821,1838,1822,-1,1814,1839,1815,-1,1815,1839,1840,-1,1815,1840,1841,-1,1841,1840,1842,-1,1841,1842,1803,-1,1803,1842,1843,-1,1803,1843,1802,-1,1789,1791,1844,-1,1844,1791,1845,-1,1844,1845,1846,-1,1846,1845,1847,-1,1846,1847,1848,-1,1848,1847,1849,-1,1848,1849,1850,-1,1790,1789,1851,-1,1851,1789,1852,-1,1851,1852,1853,-1,1853,1852,1854,-1,1853,1854,1855,-1,1855,1854,1856,-1,1855,1856,1857,-1,1857,1856,1858,-1,1857,1858,1859,-1,1859,1858,1860,-1,1859,1860,1861,-1,1862,1863,1864,-1,1864,1863,1865,-1,1864,1865,1866,-1,1866,1865,1867,-1,1866,1867,1868,-1,1868,1867,1869,-1,1868,1869,1870,-1,1871,1872,1788,-1,1788,1872,1873,-1,1788,1873,1786,-1,1849,1874,1850,-1,1850,1874,1875,-1,1850,1875,1876,-1,1876,1875,1877,-1,1876,1877,1878,-1,1878,1877,1879,-1,1878,1879,1880,-1,1880,1879,1881,-1,1880,1881,1862,-1,1862,1881,1882,-1,1862,1882,1863,-1,1860,1872,1861,-1,1861,1872,1871,-1,1861,1871,1883,-1,1883,1871,1884,-1,1869,1885,1870,-1,1870,1885,1886,-1,1870,1886,1887,-1,1887,1886,1888,-1,1887,1888,1889,-1,1889,1888,1890,-1,1889,1890,1891,-1,1891,1890,1892,-1,1891,1892,1893,-1,1832,1894,1833,-1,1833,1894,1895,-1,1833,1895,1896,-1,1896,1895,1897,-1,1896,1897,1898,-1,1898,1897,1899,-1,1898,1899,1900,-1,1900,1899,1901,-1,1900,1901,1902,-1,1902,1901,1903,-1,1902,1903,1904,-1,1904,1903,1905,-1,1904,1905,1906,-1,1906,1905,1907,-1,1906,1907,1908,-1,1908,1907,1909,-1,1908,1909,1910,-1,1910,1909,1911,-1,1910,1911,1912,-1,1912,1911,1913,-1,1912,1913,1914,-1,1914,1913,1915,-1,1914,1915,1916,-1,1916,1915,1917,-1,1916,1917,1918,-1,1918,1917,1919,-1,1918,1919,1871,-1,1871,1919,1920,-1,1871,1920,1884,-1,1921,1922,1923,-1,1923,1922,1924,-1,1923,1924,1925,-1,1925,1924,1926,-1,1925,1926,1816,-1,1816,1926,1927,-1,1816,1927,1817,-1,1892,1928,1893,-1,1893,1928,1929,-1,1893,1929,1930,-1,1930,1929,1931,-1,1930,1931,1932,-1,1932,1931,1933,-1,1932,1933,1934,-1,1934,1933,1935,-1,1934,1935,1921,-1,1921,1935,1936,-1,1921,1936,1922,-1,1937,1938,1939,-1,1940,1941,1942,-1,1942,1941,1943,-1,1942,1943,1944,-1,1945,1946,1947,-1,1947,1946,1948,-1,1947,1948,1949,-1,1949,1948,1950,-1,1949,1950,1951,-1,1951,1950,1952,-1,1951,1952,1953,-1,1938,1954,1939,-1,1939,1954,1955,-1,1939,1955,1956,-1,1957,1958,1959,-1,1959,1958,1960,-1,1959,1960,1961,-1,1961,1960,1962,-1,1961,1962,1940,-1,1940,1962,1963,-1,1940,1963,1941,-1,1964,1965,1966,-1,1966,1965,1967,-1,1966,1967,1968,-1,1968,1967,1969,-1,1968,1969,1970,-1,1970,1969,1971,-1,1970,1971,1945,-1,1945,1971,1972,-1,1945,1972,1946,-1,1973,1974,1975,-1,1976,1977,1978,-1,1978,1977,1979,-1,1978,1979,1980,-1,1980,1979,1981,-1,1980,1981,1982,-1,1982,1981,1983,-1,1982,1983,1984,-1,1984,1983,1985,-1,1984,1985,1986,-1,1986,1985,1987,-1,1986,1987,1974,-1,1974,1987,1988,-1,1974,1988,1975,-1,1989,1990,1957,-1,1957,1990,1991,-1,1957,1991,1958,-1,1992,1993,1939,-1,1939,1993,1994,-1,1939,1994,1937,-1,1975,1995,1973,-1,1973,1995,1996,-1,1973,1996,1997,-1,1997,1996,1998,-1,1997,1998,1999,-1,2000,2001,1939,-1,1943,2002,1944,-1,1944,2002,2003,-1,1944,2003,2004,-1,2004,2003,2005,-1,2004,2005,2006,-1,2006,2005,2007,-1,2006,2007,2008,-1,2009,2010,2011,-1,2011,2010,2012,-1,2011,2012,2013,-1,2013,2012,2014,-1,2013,2014,2015,-1,2015,2014,2016,-1,2015,2016,1964,-1,1964,2016,2017,-1,1964,2017,1965,-1,1992,2018,1993,-1,1993,2018,2019,-1,1993,2019,2020,-1,1952,2021,1953,-1,1953,2021,2022,-1,1953,2022,2023,-1,2023,2022,2024,-1,2023,2024,2025,-1,2025,2024,2026,-1,2025,2026,2027,-1,2027,2026,2028,-1,2027,2028,2029,-1,2029,2028,2030,-1,2029,2030,2031,-1,2031,2030,2032,-1,2031,2032,2033,-1,2033,2032,2034,-1,2033,2034,2035,-1,2035,2034,2036,-1,2035,2036,2037,-1,2037,2036,2000,-1,2037,2000,2038,-1,2038,2000,1939,-1,2038,1939,2039,-1,2039,1939,1956,-1,2020,2040,1993,-1,1993,2040,2041,-1,1993,2041,2042,-1,2042,2041,2043,-1,2042,2043,1989,-1,1989,2043,2044,-1,1989,2044,1990,-1,2000,2045,2001,-1,2001,2045,2046,-1,2001,2046,2047,-1,2047,2046,2048,-1,2047,2048,2049,-1,2049,2048,2050,-1,2049,2050,2051,-1,2051,2050,2052,-1,2051,2052,2053,-1,2053,2052,2054,-1,2053,2054,2055,-1,2055,2054,2056,-1,2055,2056,2057,-1,2057,2056,2058,-1,2057,2058,2059,-1,2059,2058,2060,-1,2059,2060,2061,-1,2061,2060,2062,-1,2061,2062,2063,-1,2063,2062,2064,-1,2063,2064,2065,-1,2065,2064,2066,-1,2065,2066,2067,-1,2067,2066,2068,-1,2067,2068,1976,-1,1976,2068,2069,-1,1976,2069,1977,-1,2070,2071,2072,-1,2072,2071,2073,-1,2072,2073,2074,-1,2074,2073,2075,-1,2074,2075,2076,-1,2076,2075,2077,-1,2076,2077,2009,-1,2009,2077,2078,-1,2009,2078,2010,-1,2007,2079,2008,-1,2008,2079,2080,-1,2008,2080,2081,-1,2081,2080,2082,-1,2081,2082,2083,-1,2083,2082,2084,-1,2083,2084,2085,-1,2085,2084,2086,-1,2085,2086,2070,-1,2070,2086,2087,-1,2070,2087,2071,-1,1835,1834,1998,-1,1998,1834,1999,-1,1835,1998,1996,-1,1835,1996,1837,-1,1837,1996,1995,-1,1837,1995,1838,-1,1838,1995,1975,-1,1838,1975,1822,-1,1822,1975,1988,-1,1822,1988,1824,-1,1824,1988,1987,-1,1824,1987,1826,-1,1826,1987,1985,-1,1826,1985,1828,-1,1828,1985,1983,-1,1828,1983,1830,-1,1830,1983,1981,-1,1830,1981,1832,-1,1832,1981,1979,-1,1832,1979,1894,-1,1894,1979,1977,-1,1894,1977,1895,-1,1895,1977,2069,-1,1895,2069,1897,-1,1897,2069,2068,-1,1897,2068,1899,-1,1899,2068,2066,-1,1899,2066,1901,-1,1901,2066,2064,-1,1901,2064,1903,-1,1903,2064,2062,-1,1903,2062,1905,-1,1905,2062,2060,-1,1905,2060,1907,-1,1907,2060,2058,-1,1907,2058,1909,-1,1909,2058,2056,-1,1909,2056,1911,-1,1911,2056,2054,-1,1911,2054,1913,-1,1913,2054,2052,-1,1913,2052,1915,-1,1915,2052,2050,-1,1915,2050,1917,-1,1917,2050,2048,-1,1917,2048,1919,-1,1919,2048,2046,-1,1919,2046,1920,-1,1920,2046,2045,-1,1920,2045,1884,-1,1884,2045,2000,-1,1884,2000,1883,-1,1883,2000,2036,-1,1883,2036,1861,-1,1861,2036,2034,-1,1861,2034,1859,-1,1859,2034,2032,-1,1859,2032,1857,-1,1857,2032,2030,-1,1857,2030,1855,-1,1855,2030,2028,-1,1855,2028,1853,-1,1853,2028,2026,-1,1853,2026,1851,-1,1851,2026,2024,-1,1851,2024,1790,-1,1790,2024,2022,-1,1790,2022,1791,-1,1791,2022,2021,-1,1791,2021,1845,-1,1845,2021,1952,-1,1845,1952,1847,-1,1847,1952,1950,-1,1847,1950,1849,-1,1849,1950,1948,-1,1849,1948,1874,-1,1874,1948,1946,-1,1874,1946,1875,-1,1875,1946,1972,-1,1875,1972,1877,-1,1877,1972,1971,-1,1877,1971,1879,-1,1879,1971,1969,-1,1879,1969,1881,-1,1881,1969,1967,-1,1881,1967,1882,-1,1882,1967,1965,-1,1882,1965,1863,-1,1863,1965,2017,-1,1863,2017,1865,-1,1865,2017,2016,-1,1865,2016,1867,-1,1867,2016,2014,-1,1867,2014,1869,-1,1869,2014,2012,-1,1869,2012,1885,-1,1885,2012,2010,-1,1885,2010,1886,-1,1886,2010,2078,-1,1886,2078,1888,-1,1888,2078,2077,-1,1888,2077,1890,-1,1890,2077,2075,-1,1890,2075,1892,-1,1892,2075,2073,-1,1892,2073,1928,-1,1928,2073,2071,-1,1928,2071,1929,-1,1929,2071,2087,-1,1929,2087,1931,-1,1931,2087,2086,-1,1931,2086,1933,-1,1933,2086,2084,-1,1933,2084,1935,-1,1935,2084,2082,-1,1935,2082,1936,-1,1936,2082,2080,-1,1936,2080,1922,-1,1922,2080,2079,-1,1922,2079,1924,-1,1924,2079,2007,-1,1924,2007,1926,-1,1926,2007,2005,-1,1926,2005,1927,-1,1927,2005,2003,-1,1927,2003,1817,-1,1817,2003,2002,-1,1817,2002,1819,-1,1819,2002,1943,-1,1819,1943,1820,-1,1820,1943,1941,-1,1820,1941,1805,-1,1805,1941,1963,-1,1805,1963,1807,-1,1807,1963,1962,-1,1807,1962,1809,-1,1809,1962,1960,-1,1809,1960,1811,-1,1811,1960,1958,-1,1811,1958,1812,-1,1812,1958,1991,-1,1812,1991,1814,-1,1814,1991,1990,-1,1814,1990,1839,-1,1839,1990,2044,-1,1839,2044,1840,-1,1840,2044,2043,-1,1840,2043,1842,-1,1842,2043,2041,-1,1842,2041,1843,-1,1843,2041,2040,-1,1843,2040,1802,-1,1802,2040,2020,-1,1802,2020,1800,-1,1800,2020,2019,-1,1800,2019,1798,-1,1798,2019,2018,-1,1798,2018,1796,-1,1796,2018,1992,-1,1796,1992,1794,-1,1794,1992,1939,-1,1794,1939,1788,-1,1871,1788,2001,-1,2001,1788,1939,-1,1871,2001,2047,-1,1871,2047,1918,-1,1918,2047,2049,-1,1918,2049,1916,-1,1916,2049,2051,-1,1916,2051,1914,-1,1914,2051,2053,-1,1914,2053,1912,-1,1912,2053,2055,-1,1912,2055,1910,-1,1910,2055,2057,-1,1910,2057,1908,-1,1908,2057,2059,-1,1908,2059,1906,-1,1906,2059,2061,-1,1906,2061,1904,-1,1904,2061,2063,-1,1904,2063,1902,-1,1902,2063,2065,-1,1902,2065,1900,-1,1900,2065,2067,-1,1900,2067,1898,-1,1898,2067,1976,-1,1898,1976,1896,-1,1896,1976,1978,-1,1896,1978,1833,-1,1833,1978,1980,-1,1833,1980,1831,-1,1831,1980,1982,-1,1831,1982,1829,-1,1829,1982,1984,-1,1829,1984,1827,-1,1827,1984,1986,-1,1827,1986,1825,-1,1825,1986,1974,-1,1825,1974,1823,-1,1823,1974,1973,-1,1823,1973,1821,-1,1821,1973,1997,-1,1821,1997,1836,-1,1836,1997,1999,-1,1836,1999,1834,-1,1872,2035,2037,-1,1872,2037,1873,-1,1873,2037,2038,-1,1873,2038,1786,-1,1786,2038,2039,-1,1786,2039,1787,-1,1787,2039,1956,-1,1787,1956,1792,-1,1792,1956,1955,-1,1792,1955,1793,-1,1793,1955,1954,-1,1793,1954,1795,-1,1795,1954,1938,-1,1795,1938,1797,-1,1797,1938,1937,-1,1797,1937,1799,-1,1799,1937,1994,-1,1799,1994,1801,-1,1801,1994,1993,-1,1801,1993,1803,-1,1803,1993,2042,-1,1803,2042,1841,-1,1841,2042,1989,-1,1841,1989,1815,-1,1878,1970,1945,-1,1878,1945,1876,-1,1876,1945,1947,-1,1876,1947,1850,-1,1850,1947,1949,-1,1850,1949,1848,-1,1848,1949,1951,-1,1848,1951,1846,-1,1846,1951,1953,-1,1846,1953,1844,-1,1844,1953,2023,-1,1844,2023,1789,-1,1789,2023,2025,-1,1789,2025,1852,-1,1852,2025,2027,-1,1852,2027,1854,-1,1854,2027,2029,-1,1854,2029,1856,-1,1856,2029,2031,-1,1856,2031,1858,-1,1858,2031,2033,-1,1858,2033,1860,-1,1860,2033,2035,-1,1860,2035,1872,-1,1932,2085,2070,-1,1932,2070,1930,-1,1930,2070,2072,-1,1930,2072,1893,-1,1893,2072,2074,-1,1893,2074,1891,-1,1891,2074,2076,-1,1891,2076,1889,-1,1889,2076,2009,-1,1889,2009,1887,-1,1887,2009,2011,-1,1887,2011,1870,-1,1870,2011,2013,-1,1870,2013,1868,-1,1868,2013,2015,-1,1868,2015,1866,-1,1866,2015,1964,-1,1866,1964,1864,-1,1864,1964,1966,-1,1864,1966,1862,-1,1862,1966,1968,-1,1862,1968,1880,-1,1880,1968,1970,-1,1880,1970,1878,-1,1815,1989,1957,-1,1815,1957,1813,-1,1813,1957,1959,-1,1813,1959,1810,-1,1810,1959,1961,-1,1810,1961,1808,-1,1808,1961,1940,-1,1808,1940,1806,-1,1806,1940,1942,-1,1806,1942,1804,-1,1804,1942,1944,-1,1804,1944,1818,-1,1818,1944,2004,-1,1818,2004,1816,-1,1816,2004,2006,-1,1816,2006,1925,-1,1925,2006,2008,-1,1925,2008,1923,-1,1923,2008,2081,-1,1923,2081,1921,-1,1921,2081,2083,-1,1921,2083,1934,-1,1934,2083,2085,-1,1934,2085,1932,-1,2088,2089,2090,-1,2090,2089,2091,-1,2090,2092,2088,-1,2088,2092,2093,-1,2088,2093,2094,-1,2094,2093,2095,-1,2094,2095,2096,-1,2096,2095,2097,-1,2096,2097,2098,-1,2099,2100,2101,-1,2089,2102,2091,-1,2091,2102,2103,-1,2091,2103,2104,-1,2104,2103,2105,-1,2104,2105,2106,-1,2106,2105,2107,-1,2106,2107,2108,-1,2108,2107,2109,-1,2101,2110,2099,-1,2099,2110,2111,-1,2099,2111,2112,-1,2112,2111,2113,-1,2112,2113,2114,-1,2114,2113,2115,-1,2114,2115,2116,-1,2116,2115,2117,-1,2116,2117,2118,-1,2118,2117,2119,-1,2118,2119,2120,-1,2120,2119,2121,-1,2120,2121,2122,-1,2123,2124,2125,-1,2125,2124,2126,-1,2125,2126,2127,-1,2127,2126,2128,-1,2127,2128,2109,-1,2109,2128,2129,-1,2109,2129,2108,-1,2121,2130,2122,-1,2122,2130,2131,-1,2122,2131,2132,-1,2132,2131,2133,-1,2132,2133,2134,-1,2134,2133,2135,-1,2134,2135,2136,-1,2136,2135,2137,-1,2136,2137,2138,-1,2139,2140,2141,-1,2141,2140,2142,-1,2141,2142,2143,-1,2143,2142,2144,-1,2143,2144,2100,-1,2100,2144,2145,-1,2100,2145,2101,-1,2146,2147,2148,-1,2148,2147,2149,-1,2148,2149,2150,-1,2150,2149,2151,-1,2150,2151,2152,-1,2152,2151,2153,-1,2152,2153,2123,-1,2123,2153,2154,-1,2123,2154,2124,-1,2137,2155,2138,-1,2138,2155,2156,-1,2138,2156,2157,-1,2157,2156,2158,-1,2157,2158,2159,-1,2159,2158,2160,-1,2159,2160,2161,-1,2161,2160,2162,-1,2161,2162,2163,-1,2163,2162,2164,-1,2163,2164,2165,-1,2165,2164,2166,-1,2165,2166,2167,-1,2167,2166,2168,-1,2167,2168,2169,-1,2168,2170,2169,-1,2169,2170,2171,-1,2169,2171,2172,-1,2172,2171,2173,-1,2172,2173,2174,-1,2174,2173,2175,-1,2174,2175,2176,-1,2176,2175,2177,-1,2176,2177,2178,-1,2178,2177,2179,-1,2178,2179,2146,-1,2146,2179,2180,-1,2146,2180,2147,-1,2097,2181,2098,-1,2098,2181,2182,-1,2098,2182,2183,-1,2183,2182,2184,-1,2183,2184,2185,-1,2185,2184,2186,-1,2185,2186,2187,-1,2187,2186,2188,-1,2187,2188,2189,-1,2189,2188,2190,-1,2189,2190,2191,-1,2191,2190,2192,-1,2191,2192,2193,-1,2193,2192,2194,-1,2193,2194,2195,-1,2195,2194,2196,-1,2195,2196,2197,-1,2197,2196,2198,-1,2197,2198,2199,-1,2199,2198,2200,-1,2199,2200,2201,-1,2201,2200,2202,-1,2201,2202,2203,-1,2203,2202,2204,-1,2203,2204,2205,-1,2205,2204,2206,-1,2205,2206,2207,-1,2207,2206,2208,-1,2207,2208,2209,-1,2209,2208,2210,-1,2209,2210,2211,-1,2211,2210,2212,-1,2211,2212,2139,-1,2139,2212,2213,-1,2139,2213,2140,-1,2214,2215,2216,-1,2217,2218,2219,-1,2220,2221,2222,-1,2222,2221,2223,-1,2222,2223,2224,-1,2224,2223,2225,-1,2224,2225,2226,-1,2226,2225,2227,-1,2226,2227,2228,-1,2228,2227,2229,-1,2228,2229,2230,-1,2230,2229,2231,-1,2230,2231,2216,-1,2216,2231,2232,-1,2216,2232,2214,-1,2219,2218,2233,-1,2233,2218,2234,-1,2233,2234,2235,-1,2235,2234,2236,-1,2235,2236,2237,-1,2237,2236,2238,-1,2238,2236,2239,-1,2238,2239,2240,-1,2239,2241,2240,-1,2240,2241,2242,-1,2240,2242,2243,-1,2243,2242,2244,-1,2243,2244,2245,-1,2245,2244,2246,-1,2245,2246,2247,-1,2247,2246,2248,-1,2214,2249,2215,-1,2215,2249,2250,-1,2215,2250,2251,-1,2251,2250,2252,-1,2251,2252,2253,-1,2253,2252,2254,-1,2253,2254,2255,-1,2256,2257,2258,-1,2258,2257,2259,-1,2258,2259,2260,-1,2260,2259,2261,-1,2260,2261,2248,-1,2248,2261,2262,-1,2248,2262,2247,-1,2263,2264,2265,-1,2265,2264,2266,-1,2265,2266,2267,-1,2267,2266,2268,-1,2267,2268,2269,-1,2269,2268,2270,-1,2269,2270,2220,-1,2220,2270,2271,-1,2220,2271,2221,-1,2219,2272,2217,-1,2217,2272,2273,-1,2217,2273,2274,-1,2274,2273,2275,-1,2274,2275,2276,-1,2276,2275,2277,-1,2276,2277,2278,-1,2278,2277,2279,-1,2278,2279,2280,-1,2279,2281,2280,-1,2280,2281,2282,-1,2280,2282,2283,-1,2283,2282,2284,-1,2283,2284,2285,-1,2285,2284,2286,-1,2285,2286,2287,-1,2287,2286,2288,-1,2287,2288,2289,-1,2289,2288,2290,-1,2289,2290,2291,-1,2290,2292,2291,-1,2291,2292,2293,-1,2291,2293,2294,-1,2294,2293,2295,-1,2294,2295,2296,-1,2296,2295,2297,-1,2296,2297,2298,-1,2298,2297,2299,-1,2298,2299,2300,-1,2300,2299,2301,-1,2300,2301,2302,-1,2302,2301,2303,-1,2302,2303,2304,-1,2304,2303,2305,-1,2304,2305,2263,-1,2263,2305,2306,-1,2263,2306,2264,-1,2254,2307,2255,-1,2255,2307,2308,-1,2255,2308,2309,-1,2309,2308,2310,-1,2309,2310,2311,-1,2311,2310,2312,-1,2311,2312,2313,-1,2313,2312,2314,-1,2313,2314,2315,-1,2315,2314,2316,-1,2315,2316,2317,-1,2317,2316,2318,-1,2317,2318,2319,-1,2319,2318,2320,-1,2319,2320,2321,-1,2321,2320,2322,-1,2321,2322,2323,-1,2323,2322,2324,-1,2323,2324,2325,-1,2325,2324,2326,-1,2325,2326,2327,-1,2327,2326,2328,-1,2327,2328,2329,-1,2329,2328,2330,-1,2329,2330,2331,-1,2331,2330,2332,-1,2331,2332,2333,-1,2333,2332,2334,-1,2333,2334,2335,-1,2335,2334,2336,-1,2335,2336,2337,-1,2337,2336,2338,-1,2337,2338,2256,-1,2256,2338,2339,-1,2256,2339,2257,-1,2202,2322,2320,-1,2202,2320,2204,-1,2204,2320,2318,-1,2204,2318,2206,-1,2206,2318,2316,-1,2206,2316,2208,-1,2208,2316,2314,-1,2208,2314,2210,-1,2210,2314,2312,-1,2210,2312,2212,-1,2212,2312,2310,-1,2212,2310,2213,-1,2213,2310,2308,-1,2213,2308,2140,-1,2140,2308,2307,-1,2140,2307,2142,-1,2142,2307,2254,-1,2142,2254,2144,-1,2144,2254,2252,-1,2144,2252,2145,-1,2145,2252,2250,-1,2145,2250,2101,-1,2101,2250,2249,-1,2101,2249,2110,-1,2110,2249,2214,-1,2110,2214,2111,-1,2111,2214,2232,-1,2111,2232,2113,-1,2113,2232,2231,-1,2113,2231,2115,-1,2115,2231,2229,-1,2115,2229,2117,-1,2117,2229,2227,-1,2117,2227,2119,-1,2119,2227,2225,-1,2119,2225,2121,-1,2121,2225,2223,-1,2121,2223,2130,-1,2130,2223,2221,-1,2130,2221,2131,-1,2131,2221,2271,-1,2131,2271,2133,-1,2133,2271,2270,-1,2133,2270,2135,-1,2135,2270,2268,-1,2135,2268,2137,-1,2137,2268,2266,-1,2137,2266,2155,-1,2155,2266,2264,-1,2155,2264,2156,-1,2156,2264,2306,-1,2156,2306,2158,-1,2158,2306,2305,-1,2158,2305,2160,-1,2160,2305,2303,-1,2160,2303,2162,-1,2162,2303,2301,-1,2162,2301,2164,-1,2164,2301,2299,-1,2164,2299,2166,-1,2166,2299,2297,-1,2166,2297,2168,-1,2168,2297,2295,-1,2168,2295,2170,-1,2170,2295,2293,-1,2170,2293,2171,-1,2171,2293,2292,-1,2171,2292,2173,-1,2173,2292,2290,-1,2173,2290,2175,-1,2175,2290,2288,-1,2175,2288,2177,-1,2177,2288,2286,-1,2177,2286,2179,-1,2179,2286,2284,-1,2179,2284,2180,-1,2180,2284,2282,-1,2180,2282,2147,-1,2147,2282,2281,-1,2147,2281,2149,-1,2149,2281,2279,-1,2149,2279,2151,-1,2151,2279,2277,-1,2151,2277,2153,-1,2153,2277,2275,-1,2153,2275,2154,-1,2154,2275,2273,-1,2154,2273,2124,-1,2124,2273,2272,-1,2124,2272,2126,-1,2126,2272,2219,-1,2126,2219,2128,-1,2128,2219,2233,-1,2128,2233,2129,-1,2129,2233,2235,-1,2129,2235,2108,-1,2108,2235,2237,-1,2108,2237,2106,-1,2106,2237,2238,-1,2106,2238,2104,-1,2104,2238,2240,-1,2104,2240,2091,-1,2091,2240,2243,-1,2091,2243,2090,-1,2090,2243,2245,-1,2090,2245,2092,-1,2092,2245,2247,-1,2092,2247,2093,-1,2093,2247,2262,-1,2093,2262,2095,-1,2095,2262,2261,-1,2095,2261,2097,-1,2097,2261,2259,-1,2097,2259,2181,-1,2181,2259,2257,-1,2181,2257,2182,-1,2182,2257,2339,-1,2182,2339,2184,-1,2184,2339,2338,-1,2184,2338,2186,-1,2186,2338,2336,-1,2186,2336,2188,-1,2188,2336,2334,-1,2188,2334,2190,-1,2190,2334,2332,-1,2190,2332,2192,-1,2192,2332,2330,-1,2192,2330,2194,-1,2194,2330,2328,-1,2194,2328,2196,-1,2196,2328,2326,-1,2196,2326,2198,-1,2198,2326,2324,-1,2198,2324,2200,-1,2200,2324,2322,-1,2200,2322,2202,-1,2201,2321,2323,-1,2201,2323,2199,-1,2199,2323,2325,-1,2199,2325,2197,-1,2197,2325,2327,-1,2197,2327,2195,-1,2195,2327,2329,-1,2195,2329,2193,-1,2193,2329,2331,-1,2193,2331,2191,-1,2191,2331,2333,-1,2191,2333,2189,-1,2189,2333,2335,-1,2189,2335,2187,-1,2187,2335,2337,-1,2187,2337,2185,-1,2185,2337,2256,-1,2185,2256,2183,-1,2183,2256,2258,-1,2183,2258,2098,-1,2098,2258,2260,-1,2098,2260,2096,-1,2096,2260,2248,-1,2096,2248,2094,-1,2094,2248,2246,-1,2094,2246,2088,-1,2088,2246,2244,-1,2088,2244,2089,-1,2089,2244,2242,-1,2089,2242,2102,-1,2118,2226,2228,-1,2118,2228,2116,-1,2116,2228,2230,-1,2116,2230,2114,-1,2114,2230,2216,-1,2114,2216,2112,-1,2112,2216,2215,-1,2112,2215,2099,-1,2099,2215,2251,-1,2099,2251,2100,-1,2100,2251,2253,-1,2100,2253,2143,-1,2143,2253,2255,-1,2143,2255,2141,-1,2141,2255,2309,-1,2141,2309,2139,-1,2139,2309,2311,-1,2139,2311,2211,-1,2211,2311,2313,-1,2211,2313,2209,-1,2209,2313,2315,-1,2209,2315,2207,-1,2207,2315,2317,-1,2207,2317,2205,-1,2205,2317,2319,-1,2205,2319,2203,-1,2203,2319,2321,-1,2203,2321,2201,-1,2172,2291,2294,-1,2172,2294,2169,-1,2169,2294,2296,-1,2169,2296,2167,-1,2167,2296,2298,-1,2167,2298,2165,-1,2165,2298,2300,-1,2165,2300,2163,-1,2163,2300,2302,-1,2163,2302,2161,-1,2161,2302,2304,-1,2161,2304,2159,-1,2159,2304,2263,-1,2159,2263,2157,-1,2157,2263,2265,-1,2157,2265,2138,-1,2138,2265,2267,-1,2138,2267,2136,-1,2136,2267,2269,-1,2136,2269,2134,-1,2134,2269,2220,-1,2134,2220,2132,-1,2132,2220,2222,-1,2132,2222,2122,-1,2122,2222,2224,-1,2122,2224,2120,-1,2120,2224,2226,-1,2120,2226,2118,-1,2102,2242,2241,-1,2102,2241,2103,-1,2103,2241,2239,-1,2103,2239,2105,-1,2105,2239,2236,-1,2105,2236,2107,-1,2107,2236,2234,-1,2107,2234,2109,-1,2109,2234,2218,-1,2109,2218,2127,-1,2127,2218,2217,-1,2127,2217,2125,-1,2125,2217,2274,-1,2125,2274,2123,-1,2123,2274,2276,-1,2123,2276,2152,-1,2152,2276,2278,-1,2152,2278,2150,-1,2150,2278,2280,-1,2150,2280,2148,-1,2148,2280,2283,-1,2148,2283,2146,-1,2146,2283,2285,-1,2146,2285,2178,-1,2178,2285,2287,-1,2178,2287,2176,-1,2176,2287,2289,-1,2176,2289,2174,-1,2174,2289,2291,-1,2174,2291,2172,-1,2340,2341,2342,-1,2343,2344,2345,-1,2342,2346,2347,-1,2348,2349,2344,-1,2344,2349,2350,-1,2344,2350,2345,-1,2345,2350,2351,-1,2345,2351,2352,-1,2352,2353,2345,-1,2345,2353,2354,-1,2345,2354,2355,-1,2356,2357,2358,-1,2358,2357,2359,-1,2358,2359,2360,-1,2360,2359,2361,-1,2360,2361,2362,-1,2363,2364,2365,-1,2365,2364,2366,-1,2365,2366,2367,-1,2368,2369,2370,-1,2370,2369,2371,-1,2370,2371,2372,-1,2372,2371,2373,-1,2372,2373,2374,-1,2375,2376,2368,-1,2368,2376,2377,-1,2368,2377,2369,-1,2378,2379,2380,-1,2380,2379,2381,-1,2380,2381,2382,-1,2383,2384,2385,-1,2385,2384,2386,-1,2385,2386,2378,-1,2378,2386,2387,-1,2378,2387,2379,-1,2388,2389,2390,-1,2390,2389,2391,-1,2390,2391,2392,-1,2392,2391,2393,-1,2392,2393,2394,-1,2394,2393,2395,-1,2394,2395,2396,-1,2396,2395,2397,-1,2396,2397,2398,-1,2398,2397,2399,-1,2398,2399,2400,-1,2400,2399,2401,-1,2400,2401,2383,-1,2383,2401,2402,-1,2383,2402,2384,-1,2347,2403,2342,-1,2342,2403,2404,-1,2342,2404,2405,-1,2406,2407,2408,-1,2408,2407,2409,-1,2408,2409,2410,-1,2410,2409,2411,-1,2410,2411,2412,-1,2412,2411,2413,-1,2412,2413,2356,-1,2356,2413,2414,-1,2356,2414,2357,-1,2373,2415,2374,-1,2374,2415,2416,-1,2374,2416,2417,-1,2417,2416,2418,-1,2417,2418,2419,-1,2419,2418,2420,-1,2419,2420,2388,-1,2388,2420,2421,-1,2388,2421,2389,-1,2422,2423,2424,-1,2424,2423,2425,-1,2424,2425,2426,-1,2426,2425,2427,-1,2426,2427,2428,-1,2428,2427,2429,-1,2428,2429,2430,-1,2430,2429,2431,-1,2430,2431,2432,-1,2432,2431,2341,-1,2432,2341,2433,-1,2433,2341,2340,-1,2355,2340,2345,-1,2345,2340,2342,-1,2345,2342,2434,-1,2434,2342,2405,-1,2361,2435,2362,-1,2362,2435,2436,-1,2362,2436,2437,-1,2437,2436,2438,-1,2437,2438,2439,-1,2439,2438,2440,-1,2439,2440,2441,-1,2366,2442,2367,-1,2367,2442,2443,-1,2367,2443,2444,-1,2444,2443,2445,-1,2444,2445,2446,-1,2446,2445,2447,-1,2446,2447,2448,-1,2449,2450,2451,-1,2451,2450,2452,-1,2451,2452,2363,-1,2363,2452,2453,-1,2363,2453,2364,-1,2346,2342,2454,-1,2454,2342,2455,-1,2454,2455,2456,-1,2348,2457,2458,-1,2458,2457,2459,-1,2458,2459,2460,-1,2460,2459,2461,-1,2460,2461,2375,-1,2375,2461,2462,-1,2375,2462,2376,-1,2463,2464,2465,-1,2465,2464,2466,-1,2465,2466,2467,-1,2467,2466,2468,-1,2467,2468,2469,-1,2469,2468,2470,-1,2469,2470,2471,-1,2471,2470,2472,-1,2471,2472,2473,-1,2473,2472,2474,-1,2473,2474,2406,-1,2406,2474,2475,-1,2406,2475,2407,-1,2476,2477,2478,-1,2478,2477,2479,-1,2478,2479,2422,-1,2422,2479,2480,-1,2422,2480,2423,-1,2381,2481,2382,-1,2382,2481,2482,-1,2382,2482,2483,-1,2483,2482,2484,-1,2483,2484,2485,-1,2485,2484,2486,-1,2485,2486,2476,-1,2476,2486,2487,-1,2476,2487,2477,-1,2447,2488,2448,-1,2448,2488,2489,-1,2448,2489,2490,-1,2490,2489,2491,-1,2490,2491,2492,-1,2492,2491,2493,-1,2492,2493,2494,-1,2494,2493,2495,-1,2494,2495,2496,-1,2344,2497,2348,-1,2348,2497,2498,-1,2348,2498,2499,-1,2345,2500,2343,-1,2343,2500,2501,-1,2343,2501,2502,-1,2502,2501,2441,-1,2502,2441,2503,-1,2503,2441,2440,-1,2456,2504,2454,-1,2454,2504,2505,-1,2454,2505,2506,-1,2506,2507,2454,-1,2454,2507,2508,-1,2454,2508,2509,-1,2509,2508,2510,-1,2509,2510,2449,-1,2449,2510,2511,-1,2449,2511,2450,-1,2499,2512,2348,-1,2348,2512,2513,-1,2348,2513,2514,-1,2514,2515,2348,-1,2348,2515,2516,-1,2348,2516,2457,-1,2495,2517,2496,-1,2496,2517,2518,-1,2496,2518,2519,-1,2519,2518,2520,-1,2519,2520,2521,-1,2521,2520,2522,-1,2521,2522,2523,-1,2523,2522,2524,-1,2523,2524,2463,-1,2463,2524,2525,-1,2463,2525,2464,-1,2526,2527,2528,-1,2528,2527,2529,-1,2528,2529,2530,-1,2530,2529,2531,-1,2530,2531,2532,-1,2533,2534,2535,-1,2536,2537,2538,-1,2538,2537,2539,-1,2538,2539,2540,-1,2539,2541,2540,-1,2540,2541,2542,-1,2540,2542,2543,-1,2543,2542,2544,-1,2543,2544,2545,-1,2546,2547,2548,-1,2548,2547,2549,-1,2550,2551,2552,-1,2552,2551,2553,-1,2552,2553,2554,-1,2554,2553,2555,-1,2554,2555,2556,-1,2556,2555,2557,-1,2556,2557,2558,-1,2558,2557,2559,-1,2558,2559,2560,-1,2552,2561,2550,-1,2550,2561,2562,-1,2550,2562,2563,-1,2563,2562,2532,-1,2563,2532,2564,-1,2564,2532,2531,-1,2565,2566,2567,-1,2567,2566,2568,-1,2567,2568,2569,-1,2569,2568,2570,-1,2569,2570,2571,-1,2571,2570,2572,-1,2571,2572,2526,-1,2526,2572,2573,-1,2526,2573,2527,-1,2574,2575,2576,-1,2576,2575,2577,-1,2576,2577,2578,-1,2578,2577,2579,-1,2578,2579,2536,-1,2536,2579,2580,-1,2536,2580,2537,-1,2535,2581,2533,-1,2533,2581,2582,-1,2533,2582,2583,-1,2546,2584,2547,-1,2547,2584,2585,-1,2547,2585,2586,-1,2586,2587,2547,-1,2547,2587,2588,-1,2547,2588,2589,-1,2590,2591,2592,-1,2592,2591,2593,-1,2592,2593,2594,-1,2559,2595,2560,-1,2560,2595,2596,-1,2560,2596,2597,-1,2597,2596,2598,-1,2597,2598,2599,-1,2599,2598,2600,-1,2599,2600,2601,-1,2601,2600,2602,-1,2601,2602,2574,-1,2574,2602,2603,-1,2574,2603,2575,-1,2589,2533,2547,-1,2547,2533,2583,-1,2547,2583,2604,-1,2604,2583,2605,-1,2604,2605,2606,-1,2607,2608,2609,-1,2549,2610,2611,-1,2611,2610,2612,-1,2611,2612,2590,-1,2590,2612,2613,-1,2590,2613,2591,-1,2614,2615,2534,-1,2534,2615,2616,-1,2617,2618,2619,-1,2619,2618,2620,-1,2619,2620,2621,-1,2621,2620,2622,-1,2621,2622,2623,-1,2544,2624,2545,-1,2545,2624,2625,-1,2545,2625,2626,-1,2626,2625,2627,-1,2626,2627,2628,-1,2628,2627,2629,-1,2628,2629,2617,-1,2617,2629,2630,-1,2617,2630,2618,-1,2631,2632,2633,-1,2633,2632,2634,-1,2633,2634,2635,-1,2635,2634,2636,-1,2635,2636,2609,-1,2609,2636,2637,-1,2609,2637,2607,-1,2638,2639,2640,-1,2640,2639,2641,-1,2640,2641,2642,-1,2642,2641,2643,-1,2642,2643,2631,-1,2631,2643,2644,-1,2631,2644,2632,-1,2593,2645,2594,-1,2594,2645,2646,-1,2594,2646,2647,-1,2647,2646,2648,-1,2647,2648,2649,-1,2607,2650,2608,-1,2608,2650,2651,-1,2608,2651,2652,-1,2547,2653,2549,-1,2549,2653,2654,-1,2549,2654,2655,-1,2616,2656,2534,-1,2534,2656,2657,-1,2534,2657,2658,-1,2658,2657,2659,-1,2658,2659,2565,-1,2565,2659,2660,-1,2565,2660,2566,-1,2606,2661,2604,-1,2604,2661,2662,-1,2604,2662,2663,-1,2663,2662,2664,-1,2663,2664,2665,-1,2665,2664,2623,-1,2665,2623,2666,-1,2666,2623,2622,-1,2667,2668,2669,-1,2669,2668,2670,-1,2669,2670,2671,-1,2671,2670,2672,-1,2671,2672,2673,-1,2673,2672,2674,-1,2673,2674,2675,-1,2675,2674,2676,-1,2675,2676,2677,-1,2677,2676,2678,-1,2677,2678,2679,-1,2679,2678,2680,-1,2679,2680,2533,-1,2533,2680,2681,-1,2533,2681,2534,-1,2534,2681,2682,-1,2534,2682,2614,-1,2651,2683,2652,-1,2652,2683,2684,-1,2652,2684,2685,-1,2685,2684,2686,-1,2685,2686,2687,-1,2687,2686,2688,-1,2687,2688,2689,-1,2689,2688,2690,-1,2689,2690,2667,-1,2667,2690,2691,-1,2667,2691,2668,-1,2648,2692,2649,-1,2649,2692,2693,-1,2649,2693,2694,-1,2694,2693,2695,-1,2694,2695,2696,-1,2696,2695,2697,-1,2696,2697,2698,-1,2698,2697,2699,-1,2698,2699,2700,-1,2700,2699,2701,-1,2700,2701,2702,-1,2702,2701,2703,-1,2702,2703,2704,-1,2704,2703,2705,-1,2704,2705,2638,-1,2638,2705,2706,-1,2638,2706,2639,-1,2655,2707,2549,-1,2549,2707,2708,-1,2549,2708,2709,-1,2709,2710,2549,-1,2549,2710,2711,-1,2549,2711,2610,-1,2342,2341,2604,-1,2604,2341,2547,-1,2342,2604,2663,-1,2342,2663,2455,-1,2455,2663,2665,-1,2455,2665,2456,-1,2456,2665,2666,-1,2456,2666,2504,-1,2504,2666,2622,-1,2504,2622,2505,-1,2505,2622,2620,-1,2505,2620,2506,-1,2506,2620,2618,-1,2506,2618,2507,-1,2507,2618,2630,-1,2507,2630,2508,-1,2508,2630,2629,-1,2508,2629,2510,-1,2510,2629,2627,-1,2510,2627,2511,-1,2511,2627,2625,-1,2511,2625,2450,-1,2450,2625,2624,-1,2450,2624,2452,-1,2452,2624,2544,-1,2452,2544,2453,-1,2453,2544,2542,-1,2453,2542,2364,-1,2364,2542,2541,-1,2364,2541,2366,-1,2366,2541,2539,-1,2366,2539,2442,-1,2442,2539,2537,-1,2442,2537,2443,-1,2443,2537,2580,-1,2443,2580,2445,-1,2445,2580,2579,-1,2445,2579,2447,-1,2447,2579,2577,-1,2447,2577,2488,-1,2488,2577,2575,-1,2488,2575,2489,-1,2489,2575,2603,-1,2489,2603,2491,-1,2491,2603,2602,-1,2491,2602,2493,-1,2493,2602,2600,-1,2493,2600,2495,-1,2495,2600,2598,-1,2495,2598,2517,-1,2517,2598,2596,-1,2517,2596,2518,-1,2518,2596,2595,-1,2518,2595,2520,-1,2520,2595,2559,-1,2520,2559,2522,-1,2522,2559,2557,-1,2522,2557,2524,-1,2524,2557,2555,-1,2524,2555,2525,-1,2525,2555,2553,-1,2525,2553,2464,-1,2464,2553,2551,-1,2464,2551,2466,-1,2466,2551,2550,-1,2466,2550,2468,-1,2468,2550,2563,-1,2468,2563,2470,-1,2470,2563,2564,-1,2470,2564,2472,-1,2472,2564,2531,-1,2472,2531,2474,-1,2474,2531,2529,-1,2474,2529,2475,-1,2475,2529,2527,-1,2475,2527,2407,-1,2407,2527,2573,-1,2407,2573,2409,-1,2409,2573,2572,-1,2409,2572,2411,-1,2411,2572,2570,-1,2411,2570,2413,-1,2413,2570,2568,-1,2413,2568,2414,-1,2414,2568,2566,-1,2414,2566,2357,-1,2357,2566,2660,-1,2357,2660,2359,-1,2359,2660,2659,-1,2359,2659,2361,-1,2361,2659,2657,-1,2361,2657,2435,-1,2435,2657,2656,-1,2435,2656,2436,-1,2436,2656,2616,-1,2436,2616,2438,-1,2438,2616,2615,-1,2438,2615,2440,-1,2440,2615,2614,-1,2440,2614,2503,-1,2503,2614,2682,-1,2503,2682,2502,-1,2502,2682,2681,-1,2502,2681,2343,-1,2344,2343,2680,-1,2680,2343,2681,-1,2344,2680,2678,-1,2344,2678,2497,-1,2497,2678,2676,-1,2497,2676,2498,-1,2498,2676,2674,-1,2498,2674,2499,-1,2499,2674,2672,-1,2499,2672,2512,-1,2512,2672,2670,-1,2512,2670,2513,-1,2513,2670,2668,-1,2513,2668,2514,-1,2514,2668,2691,-1,2514,2691,2515,-1,2515,2691,2690,-1,2515,2690,2516,-1,2516,2690,2688,-1,2516,2688,2457,-1,2457,2688,2686,-1,2457,2686,2459,-1,2459,2686,2684,-1,2459,2684,2461,-1,2461,2684,2683,-1,2461,2683,2462,-1,2462,2683,2651,-1,2462,2651,2376,-1,2376,2651,2650,-1,2376,2650,2377,-1,2377,2650,2607,-1,2377,2607,2369,-1,2369,2607,2637,-1,2369,2637,2371,-1,2371,2637,2636,-1,2371,2636,2373,-1,2373,2636,2634,-1,2373,2634,2415,-1,2415,2634,2632,-1,2415,2632,2416,-1,2416,2632,2644,-1,2416,2644,2418,-1,2418,2644,2643,-1,2418,2643,2420,-1,2420,2643,2641,-1,2420,2641,2421,-1,2421,2641,2639,-1,2421,2639,2389,-1,2389,2639,2706,-1,2389,2706,2391,-1,2391,2706,2705,-1,2391,2705,2393,-1,2393,2705,2703,-1,2393,2703,2395,-1,2395,2703,2701,-1,2395,2701,2397,-1,2397,2701,2699,-1,2397,2699,2399,-1,2399,2699,2697,-1,2399,2697,2401,-1,2401,2697,2695,-1,2401,2695,2402,-1,2402,2695,2693,-1,2402,2693,2384,-1,2384,2693,2692,-1,2384,2692,2386,-1,2386,2692,2648,-1,2386,2648,2387,-1,2387,2648,2646,-1,2387,2646,2379,-1,2379,2646,2645,-1,2379,2645,2381,-1,2381,2645,2593,-1,2381,2593,2481,-1,2481,2593,2591,-1,2481,2591,2482,-1,2482,2591,2613,-1,2482,2613,2484,-1,2484,2613,2612,-1,2484,2612,2486,-1,2486,2612,2610,-1,2486,2610,2487,-1,2487,2610,2711,-1,2487,2711,2477,-1,2477,2711,2710,-1,2477,2710,2479,-1,2479,2710,2709,-1,2479,2709,2480,-1,2480,2709,2708,-1,2480,2708,2423,-1,2423,2708,2707,-1,2423,2707,2425,-1,2425,2707,2655,-1,2425,2655,2427,-1,2427,2655,2654,-1,2427,2654,2429,-1,2429,2654,2653,-1,2429,2653,2431,-1,2431,2653,2547,-1,2431,2547,2341,-1,2460,2685,2687,-1,2460,2687,2458,-1,2458,2687,2689,-1,2458,2689,2348,-1,2348,2689,2667,-1,2348,2667,2349,-1,2349,2667,2669,-1,2349,2669,2350,-1,2350,2669,2671,-1,2350,2671,2351,-1,2351,2671,2673,-1,2351,2673,2352,-1,2352,2673,2675,-1,2352,2675,2353,-1,2353,2675,2677,-1,2353,2677,2354,-1,2354,2677,2679,-1,2354,2679,2355,-1,2355,2679,2533,-1,2355,2533,2340,-1,2394,2702,2704,-1,2394,2704,2392,-1,2392,2704,2638,-1,2392,2638,2390,-1,2390,2638,2640,-1,2390,2640,2388,-1,2388,2640,2642,-1,2388,2642,2419,-1,2419,2642,2631,-1,2419,2631,2417,-1,2417,2631,2633,-1,2417,2633,2374,-1,2374,2633,2635,-1,2374,2635,2372,-1,2372,2635,2609,-1,2372,2609,2370,-1,2370,2609,2608,-1,2370,2608,2368,-1,2368,2608,2652,-1,2368,2652,2375,-1,2375,2652,2685,-1,2375,2685,2460,-1,2485,2611,2590,-1,2485,2590,2483,-1,2483,2590,2592,-1,2483,2592,2382,-1,2382,2592,2594,-1,2382,2594,2380,-1,2380,2594,2647,-1,2380,2647,2378,-1,2378,2647,2649,-1,2378,2649,2385,-1,2385,2649,2694,-1,2385,2694,2383,-1,2383,2694,2696,-1,2383,2696,2400,-1,2400,2696,2698,-1,2400,2698,2398,-1,2398,2698,2700,-1,2398,2700,2396,-1,2396,2700,2702,-1,2396,2702,2394,-1,2340,2533,2589,-1,2340,2589,2433,-1,2433,2589,2588,-1,2433,2588,2432,-1,2432,2588,2587,-1,2432,2587,2430,-1,2430,2587,2586,-1,2430,2586,2428,-1,2428,2586,2585,-1,2428,2585,2426,-1,2426,2585,2584,-1,2426,2584,2424,-1,2424,2584,2546,-1,2424,2546,2422,-1,2422,2546,2548,-1,2422,2548,2478,-1,2478,2548,2549,-1,2478,2549,2476,-1,2476,2549,2611,-1,2476,2611,2485,-1,2345,2606,2605,-1,2345,2605,2500,-1,2500,2605,2583,-1,2500,2583,2501,-1,2501,2583,2582,-1,2501,2582,2441,-1,2441,2582,2581,-1,2441,2581,2439,-1,2439,2581,2535,-1,2439,2535,2437,-1,2437,2535,2534,-1,2437,2534,2362,-1,2362,2534,2658,-1,2362,2658,2360,-1,2360,2658,2565,-1,2360,2565,2358,-1,2358,2565,2567,-1,2358,2567,2356,-1,2356,2567,2569,-1,2356,2569,2412,-1,2451,2545,2626,-1,2451,2626,2449,-1,2449,2626,2628,-1,2449,2628,2509,-1,2509,2628,2617,-1,2509,2617,2454,-1,2454,2617,2619,-1,2454,2619,2346,-1,2346,2619,2621,-1,2346,2621,2347,-1,2347,2621,2623,-1,2347,2623,2403,-1,2403,2623,2664,-1,2403,2664,2404,-1,2404,2664,2662,-1,2404,2662,2405,-1,2405,2662,2661,-1,2405,2661,2434,-1,2434,2661,2606,-1,2434,2606,2345,-1,2519,2560,2597,-1,2519,2597,2496,-1,2496,2597,2599,-1,2496,2599,2494,-1,2494,2599,2601,-1,2494,2601,2492,-1,2492,2601,2574,-1,2492,2574,2490,-1,2490,2574,2576,-1,2490,2576,2448,-1,2448,2576,2578,-1,2448,2578,2446,-1,2446,2578,2536,-1,2446,2536,2444,-1,2444,2536,2538,-1,2444,2538,2367,-1,2367,2538,2540,-1,2367,2540,2365,-1,2365,2540,2543,-1,2365,2543,2363,-1,2363,2543,2545,-1,2363,2545,2451,-1,2412,2569,2571,-1,2412,2571,2410,-1,2410,2571,2526,-1,2410,2526,2408,-1,2408,2526,2528,-1,2408,2528,2406,-1,2406,2528,2530,-1,2406,2530,2473,-1,2473,2530,2532,-1,2473,2532,2471,-1,2471,2532,2562,-1,2471,2562,2469,-1,2469,2562,2561,-1,2469,2561,2467,-1,2467,2561,2552,-1,2467,2552,2465,-1,2465,2552,2554,-1,2465,2554,2463,-1,2463,2554,2556,-1,2463,2556,2523,-1,2523,2556,2558,-1,2523,2558,2521,-1,2521,2558,2560,-1,2521,2560,2519,-1,2712,2713,2714,-1,2714,2713,2715,-1,2716,2712,2717,-1,2717,2712,2714,-1,2718,2716,2719,-1,2719,2716,2717,-1,2720,2718,2721,-1,2721,2718,2719,-1,2722,2720,2723,-1,2723,2720,2721,-1,2713,2722,2715,-1,2715,2722,2723,-1,2718,2720,2716,-1,2716,2720,2722,-1,2716,2722,2712,-1,2712,2722,2713,-1,2714,2715,2717,-1,2717,2715,2723,-1,2717,2723,2719,-1,2719,2723,2721,-1,2724,2725,2726,-1,2726,2725,2727,-1,2724,2726,2728,-1,2724,2728,2729,-1,2729,2728,2730,-1,2729,2730,2731,-1,2731,2730,2732,-1,2731,2732,2733,-1,2733,2732,2734,-1,2733,2734,2735,-1,2735,2734,2736,-1,2735,2736,2737,-1,2737,2736,2738,-1,2737,2738,2739,-1,2739,2738,2740,-1,2739,2740,2741,-1,2741,2740,2742,-1,2741,2742,2743,-1,2743,2742,2744,-1,2743,2744,2745,-1,2745,2744,2746,-1,2745,2746,2747,-1,2747,2746,2748,-1,2747,2748,2749,-1,2749,2748,2750,-1,2749,2750,2751,-1,2751,2750,2752,-1,2751,2752,2753,-1,2753,2752,2754,-1,2753,2754,2755,-1,2755,2754,2756,-1,2755,2756,2757,-1,2757,2756,2758,-1,2757,2758,2759,-1,2759,2758,2760,-1,2759,2760,2761,-1,2761,2760,2762,-1,2761,2762,2763,-1,2763,2762,2764,-1,2763,2764,2765,-1,2765,2764,2766,-1,2765,2766,2767,-1,2767,2766,2768,-1,2767,2768,2769,-1,2769,2768,2770,-1,2769,2770,2771,-1,2771,2770,2772,-1,2771,2772,2773,-1,2773,2772,2774,-1,2773,2774,2775,-1,2775,2774,2776,-1,2775,2776,2777,-1,2777,2776,2778,-1,2777,2778,2779,-1,2779,2778,2780,-1,2779,2780,2781,-1,2781,2780,2782,-1,2781,2782,2783,-1,2783,2782,2784,-1,2783,2784,2785,-1,2785,2784,2786,-1,2785,2786,2787,-1,2787,2786,2788,-1,2787,2788,2789,-1,2789,2788,2790,-1,2789,2790,2791,-1,2791,2790,2792,-1,2791,2792,2793,-1,2793,2792,2794,-1,2793,2794,2795,-1,2795,2794,2796,-1,2795,2796,2797,-1,2797,2796,2798,-1,2797,2798,2799,-1,2799,2798,2800,-1,2799,2800,2801,-1,2801,2800,2802,-1,2801,2802,2803,-1,2803,2802,2804,-1,2803,2804,2805,-1,2805,2804,2806,-1,2805,2806,2807,-1,2807,2806,2808,-1,2807,2808,2809,-1,2809,2808,2810,-1,2809,2810,2811,-1,2811,2810,2812,-1,2811,2812,2813,-1,2813,2812,2814,-1,2813,2814,2815,-1,2815,2814,2816,-1,2815,2816,2817,-1,2818,2817,2819,-1,2819,2817,2816,-1,2818,2819,2820,-1,2818,2820,2821,-1,2821,2820,2822,-1,2821,2822,2823,-1,2823,2822,2824,-1,2823,2824,2825,-1,2825,2824,2826,-1,2825,2826,2827,-1,2827,2826,2828,-1,2827,2828,2829,-1,2829,2828,2830,-1,2829,2830,2831,-1,2831,2830,2832,-1,2831,2832,2833,-1,2833,2832,2834,-1,2833,2834,2835,-1,2835,2834,2836,-1,2835,2836,2837,-1,2837,2836,2838,-1,2837,2838,2839,-1,2839,2838,2840,-1,2839,2840,2841,-1,2841,2840,2842,-1,2841,2842,2843,-1,2843,2842,2844,-1,2843,2844,2845,-1,2845,2844,2846,-1,2845,2846,2847,-1,2847,2846,2848,-1,2847,2848,2849,-1,2849,2848,2850,-1,2849,2850,2851,-1,2851,2850,2852,-1,2851,2852,2853,-1,2853,2852,2854,-1,2853,2854,2855,-1,2855,2854,2856,-1,2855,2856,2857,-1,2857,2856,2858,-1,2857,2858,2859,-1,2859,2858,2860,-1,2859,2860,2861,-1,2861,2860,2862,-1,2861,2862,2863,-1,2863,2862,2864,-1,2863,2864,2865,-1,2865,2864,2866,-1,2865,2866,2867,-1,2867,2866,2868,-1,2867,2868,2869,-1,2869,2868,2870,-1,2869,2870,2871,-1,2871,2870,2872,-1,2871,2872,2873,-1,2873,2872,2874,-1,2873,2874,2875,-1,2875,2874,2876,-1,2875,2876,2877,-1,2877,2876,2878,-1,2877,2878,2879,-1,2879,2878,2880,-1,2879,2880,2881,-1,2881,2880,2882,-1,2881,2882,2883,-1,2883,2882,2884,-1,2883,2884,2885,-1,2885,2884,2886,-1,2885,2886,2887,-1,2887,2886,2888,-1,2887,2888,2889,-1,2889,2888,2890,-1,2889,2890,2891,-1,2891,2890,2892,-1,2891,2892,2893,-1,2893,2892,2894,-1,2893,2894,2895,-1,2895,2894,2896,-1,2895,2896,2897,-1,2897,2896,2898,-1,2897,2898,2899,-1,2899,2898,2900,-1,2899,2900,2901,-1,2901,2900,2902,-1,2901,2902,2903,-1,2903,2902,2904,-1,2903,2904,2905,-1,2905,2904,2906,-1,2905,2906,2907,-1,2907,2906,2908,-1,2907,2908,2909,-1,2909,2908,2910,-1,2909,2910,2911,-1,2911,2910,2912,-1,2911,2912,2913,-1,2913,2912,2914,-1,2913,2914,2915,-1,2915,2914,2727,-1,2915,2727,2725,-1,2724,2729,2725,-1,2725,2729,2731,-1,2725,2731,2915,-1,2915,2731,2733,-1,2915,2733,2913,-1,2913,2733,2735,-1,2913,2735,2911,-1,2911,2735,2737,-1,2747,2899,2745,-1,2745,2899,2901,-1,2745,2901,2743,-1,2743,2901,2903,-1,2743,2903,2741,-1,2741,2903,2905,-1,2741,2905,2739,-1,2739,2905,2907,-1,2739,2907,2737,-1,2737,2907,2909,-1,2737,2909,2911,-1,2759,2885,2757,-1,2757,2885,2887,-1,2757,2887,2755,-1,2755,2887,2889,-1,2755,2889,2753,-1,2753,2889,2891,-1,2753,2891,2751,-1,2751,2891,2893,-1,2751,2893,2749,-1,2749,2893,2895,-1,2749,2895,2747,-1,2747,2895,2897,-1,2747,2897,2899,-1,2791,2847,2789,-1,2789,2847,2849,-1,2789,2849,2787,-1,2787,2849,2851,-1,2787,2851,2785,-1,2785,2851,2853,-1,2785,2853,2783,-1,2783,2853,2855,-1,2783,2855,2781,-1,2781,2855,2857,-1,2781,2857,2779,-1,2769,2873,2767,-1,2767,2873,2875,-1,2767,2875,2765,-1,2765,2875,2877,-1,2765,2877,2763,-1,2763,2877,2879,-1,2763,2879,2761,-1,2761,2879,2881,-1,2761,2881,2759,-1,2759,2881,2883,-1,2759,2883,2885,-1,2817,2818,2815,-1,2815,2818,2821,-1,2815,2821,2813,-1,2813,2821,2823,-1,2813,2823,2811,-1,2811,2823,2825,-1,2811,2825,2809,-1,2809,2825,2827,-1,2809,2827,2807,-1,2807,2827,2829,-1,2807,2829,2805,-1,2805,2829,2831,-1,2805,2831,2803,-1,2803,2831,2833,-1,2803,2833,2801,-1,2801,2833,2835,-1,2801,2835,2799,-1,2799,2835,2837,-1,2799,2837,2797,-1,2797,2837,2839,-1,2797,2839,2795,-1,2795,2839,2841,-1,2795,2841,2793,-1,2793,2841,2843,-1,2793,2843,2791,-1,2791,2843,2845,-1,2791,2845,2847,-1,2857,2859,2779,-1,2779,2859,2861,-1,2779,2861,2777,-1,2777,2861,2863,-1,2777,2863,2775,-1,2775,2863,2865,-1,2775,2865,2773,-1,2773,2865,2867,-1,2773,2867,2771,-1,2771,2867,2869,-1,2771,2869,2769,-1,2769,2869,2871,-1,2769,2871,2873,-1,2726,2727,2728,-1,2728,2727,2730,-1,2730,2727,2732,-1,2732,2727,2914,-1,2732,2914,2734,-1,2812,2820,2814,-1,2814,2820,2819,-1,2814,2819,2816,-1,2756,2884,2758,-1,2758,2884,2882,-1,2758,2882,2760,-1,2760,2882,2880,-1,2760,2880,2762,-1,2762,2880,2878,-1,2762,2878,2764,-1,2764,2878,2876,-1,2764,2876,2766,-1,2744,2898,2746,-1,2746,2898,2896,-1,2746,2896,2748,-1,2748,2896,2894,-1,2748,2894,2750,-1,2750,2894,2892,-1,2750,2892,2752,-1,2752,2892,2890,-1,2752,2890,2754,-1,2754,2890,2888,-1,2754,2888,2756,-1,2756,2888,2886,-1,2756,2886,2884,-1,2914,2912,2734,-1,2734,2912,2910,-1,2734,2910,2736,-1,2736,2910,2908,-1,2736,2908,2738,-1,2738,2908,2906,-1,2738,2906,2740,-1,2740,2906,2904,-1,2740,2904,2742,-1,2742,2904,2902,-1,2742,2902,2744,-1,2744,2902,2900,-1,2744,2900,2898,-1,2788,2846,2790,-1,2790,2846,2844,-1,2790,2844,2792,-1,2792,2844,2842,-1,2792,2842,2794,-1,2794,2842,2840,-1,2794,2840,2796,-1,2796,2840,2838,-1,2796,2838,2798,-1,2798,2838,2836,-1,2798,2836,2800,-1,2800,2836,2834,-1,2800,2834,2802,-1,2802,2834,2832,-1,2802,2832,2804,-1,2804,2832,2830,-1,2804,2830,2806,-1,2806,2830,2828,-1,2806,2828,2808,-1,2808,2828,2826,-1,2808,2826,2810,-1,2810,2826,2824,-1,2810,2824,2812,-1,2812,2824,2822,-1,2812,2822,2820,-1,2776,2860,2778,-1,2778,2860,2858,-1,2778,2858,2780,-1,2780,2858,2856,-1,2780,2856,2782,-1,2782,2856,2854,-1,2782,2854,2784,-1,2784,2854,2852,-1,2784,2852,2786,-1,2786,2852,2850,-1,2786,2850,2788,-1,2788,2850,2848,-1,2788,2848,2846,-1,2876,2874,2766,-1,2766,2874,2872,-1,2766,2872,2768,-1,2768,2872,2870,-1,2768,2870,2770,-1,2770,2870,2868,-1,2770,2868,2772,-1,2772,2868,2866,-1,2772,2866,2774,-1,2774,2866,2864,-1,2774,2864,2776,-1,2776,2864,2862,-1,2776,2862,2860,-1,2916,2917,2918,-1,2918,2917,2919,-1,2920,2916,2921,-1,2921,2916,2918,-1,2922,2920,2923,-1,2923,2920,2921,-1,2924,2922,2925,-1,2925,2922,2923,-1,2926,2924,2927,-1,2927,2924,2925,-1,2928,2926,2929,-1,2929,2926,2927,-1,2930,2928,2931,-1,2931,2928,2929,-1,2932,2930,2933,-1,2933,2930,2931,-1,2934,2932,2935,-1,2935,2932,2933,-1,2936,2934,2937,-1,2937,2934,2935,-1,2938,2936,2939,-1,2939,2936,2937,-1,2917,2938,2919,-1,2919,2938,2939,-1,2938,2917,2916,-1,2916,2920,2938,-1,2938,2920,2922,-1,2938,2922,2936,-1,2932,2934,2930,-1,2930,2934,2936,-1,2930,2936,2928,-1,2928,2936,2922,-1,2928,2922,2926,-1,2926,2922,2924,-1,2937,2935,2933,-1,2933,2931,2937,-1,2937,2931,2929,-1,2937,2929,2939,-1,2918,2919,2921,-1,2921,2919,2939,-1,2921,2939,2923,-1,2923,2939,2929,-1,2923,2929,2925,-1,2925,2929,2927,-1,2940,2941,2942,-1,2942,2941,2943,-1,2942,2943,2944,-1,2944,2943,2945,-1,2944,2945,2946,-1,2946,2945,2947,-1,2946,2947,2948,-1,2948,2947,2949,-1,2948,2949,2950,-1,2950,2949,2951,-1,2950,2951,2952,-1,2952,2951,2953,-1,2952,2953,2954,-1,2955,2956,2957,-1,2957,2956,2958,-1,2957,2958,2959,-1,2959,2958,2960,-1,2959,2960,2961,-1,2961,2960,2962,-1,2961,2962,2963,-1,2963,2962,2964,-1,2963,2964,2965,-1,2965,2964,2966,-1,2965,2966,2967,-1,2967,2966,2968,-1,2967,2968,2969,-1,2953,2970,2954,-1,2954,2970,2971,-1,2954,2971,2972,-1,2972,2971,2973,-1,2972,2973,2974,-1,2974,2973,2975,-1,2974,2975,2976,-1,2976,2975,2977,-1,2976,2977,2978,-1,2978,2977,2979,-1,2978,2979,2955,-1,2955,2979,2980,-1,2955,2980,2956,-1,2968,2981,2969,-1,2969,2981,2982,-1,2969,2982,2983,-1,2983,2982,2984,-1,2983,2984,2985,-1,2985,2984,2986,-1,2985,2986,2987,-1,2987,2986,2988,-1,2987,2988,2989,-1,2989,2988,2990,-1,2989,2990,2991,-1,2991,2990,2992,-1,2991,2992,2993,-1,2993,2992,2994,-1,2993,2994,2995,-1,2995,2994,2996,-1,2995,2996,2997,-1,2997,2996,2998,-1,2997,2998,2999,-1,2999,2998,3000,-1,2999,3000,3001,-1,3001,3000,3002,-1,3001,3002,3003,-1,3003,3002,3004,-1,3003,3004,3005,-1,3005,3004,3006,-1,3005,3006,3007,-1,3007,3006,3008,-1,3007,3008,3009,-1,3009,3008,3010,-1,3009,3010,3011,-1,3011,3010,3012,-1,3011,3012,2940,-1,2940,3012,3013,-1,2940,3013,2941,-1,3014,3015,3016,-1,3016,3015,3017,-1,3016,3017,3018,-1,3018,3017,3019,-1,3018,3019,3020,-1,3020,3019,3021,-1,3020,3021,3022,-1,3022,3021,3023,-1,3022,3023,3024,-1,3024,3023,3025,-1,3024,3025,3026,-1,3026,3025,3027,-1,3026,3027,3028,-1,3029,3030,3031,-1,3031,3030,3032,-1,3031,3032,3033,-1,3033,3032,3034,-1,3033,3034,3035,-1,3035,3034,3036,-1,3035,3036,3037,-1,3037,3036,3038,-1,3037,3038,3039,-1,3039,3038,3040,-1,3039,3040,3041,-1,3041,3040,3042,-1,3041,3042,3043,-1,3043,3042,3044,-1,3043,3044,3045,-1,3045,3044,3046,-1,3045,3046,3047,-1,3047,3046,3048,-1,3047,3048,3049,-1,3049,3048,3050,-1,3049,3050,3051,-1,3051,3050,3052,-1,3051,3052,3053,-1,3053,3052,3054,-1,3053,3054,3055,-1,3055,3054,3056,-1,3055,3056,3057,-1,3057,3056,3058,-1,3057,3058,3059,-1,3059,3058,3060,-1,3059,3060,3014,-1,3014,3060,3061,-1,3014,3061,3015,-1,3062,3063,3064,-1,3064,3063,3065,-1,3064,3065,3066,-1,3066,3065,3067,-1,3066,3067,3068,-1,3068,3067,3069,-1,3068,3069,3070,-1,3070,3069,3071,-1,3070,3071,3072,-1,3072,3071,3073,-1,3072,3073,3074,-1,3074,3073,3075,-1,3074,3075,3029,-1,3029,3075,3076,-1,3029,3076,3030,-1,3027,3077,3028,-1,3028,3077,3078,-1,3028,3078,3079,-1,3079,3078,3080,-1,3079,3080,3081,-1,3081,3080,3082,-1,3081,3082,3083,-1,3083,3082,3084,-1,3083,3084,3085,-1,3085,3084,3086,-1,3085,3086,3062,-1,3062,3086,3087,-1,3062,3087,3063,-1,3002,3000,3044,-1,3044,3000,3046,-1,3002,3044,3042,-1,3002,3042,3004,-1,3004,3042,3040,-1,3004,3040,3006,-1,3006,3040,3038,-1,3006,3038,3008,-1,3008,3038,3036,-1,3008,3036,3010,-1,3010,3036,3034,-1,3010,3034,3012,-1,3012,3034,3032,-1,3012,3032,3013,-1,3013,3032,3030,-1,3013,3030,2941,-1,2941,3030,3076,-1,2941,3076,2943,-1,2943,3076,3075,-1,2943,3075,2945,-1,2945,3075,3073,-1,2945,3073,2947,-1,2947,3073,3071,-1,2947,3071,2949,-1,2949,3071,3069,-1,2949,3069,2951,-1,2951,3069,3067,-1,2951,3067,2953,-1,2953,3067,3065,-1,2953,3065,2970,-1,2970,3065,3063,-1,2970,3063,2971,-1,2971,3063,3087,-1,2971,3087,2973,-1,2973,3087,3086,-1,2973,3086,2975,-1,2975,3086,3084,-1,2975,3084,2977,-1,2977,3084,3082,-1,2977,3082,2979,-1,2979,3082,3080,-1,2979,3080,2980,-1,2980,3080,3078,-1,2980,3078,2956,-1,2956,3078,3077,-1,2956,3077,2958,-1,2958,3077,3027,-1,2958,3027,2960,-1,2960,3027,3025,-1,2960,3025,2962,-1,2962,3025,3023,-1,2962,3023,2964,-1,2964,3023,3021,-1,2964,3021,2966,-1,2966,3021,3019,-1,2966,3019,2968,-1,2968,3019,3017,-1,2968,3017,2981,-1,2981,3017,3015,-1,2981,3015,2982,-1,2982,3015,3061,-1,2982,3061,2984,-1,2984,3061,3060,-1,2984,3060,2986,-1,2986,3060,3058,-1,2986,3058,2988,-1,2988,3058,3056,-1,2988,3056,2990,-1,2990,3056,3054,-1,2990,3054,2992,-1,2992,3054,3052,-1,2992,3052,2994,-1,2994,3052,3050,-1,2994,3050,2996,-1,2998,2996,3048,-1,3048,2996,3050,-1,3000,2998,3046,-1,3046,2998,3048,-1,2995,2997,3049,-1,3049,2997,3047,-1,2997,2999,3047,-1,3047,2999,3045,-1,2999,3001,3045,-1,3045,3001,3043,-1,2976,3083,3085,-1,2976,3085,2974,-1,2974,3085,3062,-1,2974,3062,2972,-1,2972,3062,3064,-1,2972,3064,2954,-1,2954,3064,3066,-1,2954,3066,2952,-1,2952,3066,3068,-1,2952,3068,2950,-1,2950,3068,3070,-1,2950,3070,2948,-1,2948,3070,3072,-1,2948,3072,2946,-1,2946,3072,3074,-1,2946,3074,2944,-1,2944,3074,3029,-1,2944,3029,2942,-1,2942,3029,3031,-1,2942,3031,2940,-1,2940,3031,3033,-1,2940,3033,3011,-1,3011,3033,3035,-1,3011,3035,3009,-1,3009,3035,3037,-1,3009,3037,3007,-1,3007,3037,3039,-1,3007,3039,3005,-1,3005,3039,3041,-1,3005,3041,3003,-1,3003,3041,3043,-1,3003,3043,3001,-1,2995,3049,3051,-1,2995,3051,2993,-1,2993,3051,3053,-1,2993,3053,2991,-1,2991,3053,3055,-1,2991,3055,2989,-1,2989,3055,3057,-1,2989,3057,2987,-1,2987,3057,3059,-1,2987,3059,2985,-1,2985,3059,3014,-1,2985,3014,2983,-1,2983,3014,3016,-1,2983,3016,2969,-1,2969,3016,3018,-1,2969,3018,2967,-1,2967,3018,3020,-1,2967,3020,2965,-1,2965,3020,3022,-1,2965,3022,2963,-1,2963,3022,3024,-1,2963,3024,2961,-1,2961,3024,3026,-1,2961,3026,2959,-1,2959,3026,3028,-1,2959,3028,2957,-1,2957,3028,3079,-1,2957,3079,2955,-1,2955,3079,3081,-1,2955,3081,2978,-1,2978,3081,3083,-1,2978,3083,2976,-1,3088,3089,3090,-1,3090,3089,3091,-1,3092,3093,3088,-1,3088,3093,3094,-1,3088,3094,3089,-1,3089,3094,3095,-1,3092,3096,3093,-1,3093,3096,3097,-1,3093,3097,3098,-1,3098,3097,3099,-1,3098,3099,3100,-1,3100,3101,3098,-1,3098,3101,3090,-1,3098,3090,3102,-1,3102,3090,3091,-1,3102,3091,3103,-1,3104,3105,3106,-1,3107,3108,3109,-1,3109,3108,3110,-1,3109,3110,3111,-1,3111,3112,3109,-1,3109,3112,3113,-1,3109,3113,3114,-1,3115,3116,3107,-1,3107,3116,3117,-1,3107,3117,3108,-1,3118,3114,3119,-1,3119,3114,3113,-1,3119,3113,3106,-1,3106,3113,3115,-1,3106,3115,3104,-1,3104,3115,3107,-1,3098,3102,3107,-1,3107,3102,3104,-1,3093,3098,3109,-1,3109,3098,3107,-1,3094,3093,3114,-1,3114,3093,3109,-1,3095,3094,3118,-1,3118,3094,3114,-1,3089,3095,3119,-1,3119,3095,3118,-1,3091,3089,3106,-1,3106,3089,3119,-1,3103,3091,3105,-1,3105,3091,3106,-1,3102,3103,3104,-1,3104,3103,3105,-1,3088,3090,3113,-1,3113,3090,3115,-1,3090,3101,3115,-1,3115,3101,3116,-1,3099,3108,3117,-1,3099,3117,3100,-1,3100,3117,3116,-1,3100,3116,3101,-1,3099,3097,3108,-1,3108,3097,3110,-1,3092,3112,3111,-1,3092,3111,3096,-1,3096,3111,3110,-1,3096,3110,3097,-1,3092,3088,3112,-1,3112,3088,3113,-1,
        ]
    }
}