#VRML V2.0 utf8
# 3D model generated by easyeda2kicad.py (https://github.com/uPesy/easyeda2kicad.py)

Shape{
    appearance Appearance {
        material  Material 	{
            diffuseColor 0.8117647058823529 0.0 0.0
            specularColor 0.403921568627451 0.0 0.0
            ambientIntensity 0.2427
            transparency 0.0
            shininess 0.5
        }
    }
    geometry IndexedFaceSet {
        ccw TRUE
        solid FALSE
        coord DEF co Coordinate {
            point [
                -0.1517 1.1809 2.0605, -0.1364 1.1809 2.0591, -0.1618 1.1809 2.0591, -0.0811 1.1809 2.0881, -0.0786 1.1809 2.0949, -0.0786 1.1809 2.0591, -0.1204 1.1809 2.1863, -0.1224 1.1809 2.1865, -0.0786 1.1809 2.1865, -0.1618 1.1809 2.1848, -0.1618 1.1809 2.1865, -0.1563 1.1809 2.1865, -0.0193 1.1809 2.1871, -0.0193 1.1809 2.1865, -0.0711 1.1809 2.1865, -0.4583 1.1809 2.1839, -0.5049 1.1809 2.0591, -0.5447 1.1809 2.0591, 0.1156 1.1809 2.0445, 0.1073 1.1809 2.0233, 0.0501 1.1809 2.0233, 0.462 1.1809 1.9847, 0.3527 1.1809 1.9847, 0.348 1.1809 1.9871, 0.6691 1.1809 2.0176, 0.668 1.1809 2.0233, 0.8268 1.1809 2.0233, 0.4395 1.1809 2.204, 0.4342 1.1809 2.206, 0.8268 1.1809 2.206, 0.236 1.1809 2.1762, 0.206 1.1809 2.1406, 0.0501 1.1809 2.1865, 0.1884 1.1809 2.1054, 0.184 1.1809 2.1039, 0.3158 1.1809 2.2182, 0.2842 1.1809 2.206, 0.0501 1.1809 2.206, 0.2716 1.1809 2.201, 0.2508 1.1809 2.1865, 0.8268 1.1809 3.937, 0.3981 1.1809 2.2189, 0.0501 1.1809 3.937, 0.3569 1.1809 2.2234, 0.8268 1.1809 2.1865, 0.4674 1.1809 2.1865, 0.464 1.1809 2.1894, 0.5592 1.1809 2.1483, 0.524 1.1809 2.1524, 0.4851 1.1809 2.1716, 0.5138 1.1809 2.1517, 0.5035 1.1809 2.1504, 0.6268 1.1809 2.1103, 0.6207 1.1809 2.116, 0.5923 1.1809 2.1357, 0.8268 1.1809 2.0591, 0.6629 1.1809 2.051, 0.6592 1.1809 2.0591, 0.6484 1.1809 2.083, 0.6694 1.1809 2.009, 0.8268 1.1809 1.9871, 0.6669 1.1809 1.9871, 0.8268 1.1809 1.9847, 0.6666 1.1809 1.9847, 0.2794 1.1809 1.9165, 0.2733 1.1809 1.9189, 0.2624 1.1809 1.9696, 0.2849 1.1809 1.9127, 0.2663 1.1809 1.9197, 0.2655 1.1809 1.9196, 0.2628 1.1809 1.919, 0.605 1.1809 1.8877, 0.6327 1.1809 1.9116, 0.8268 1.1809 1.5748, 0.6528 1.1809 1.9408, 0.6653 1.1809 1.9741, 0.0501 1.1809 1.9871, 0.1014 1.1809 1.9847, 0.0501 1.1809 1.9847, 0.1053 1.1809 1.9563, 0.0501 1.1809 1.5748, 0.1167 1.1809 1.9281, 0.1346 1.1809 1.9036, 0.5019 1.1809 1.8107, 0.5224 1.1809 1.8194, 0.5397 1.1809 1.8327, 0.5529 1.1809 1.8492, 0.1747 1.1809 1.9405, 0.1648 1.1809 1.9544, 0.1585 1.1809 1.9702, 0.2711 1.1809 1.9847, 0.159 1.1809 1.8833, 0.1862 1.1809 1.8702, 0.2159 1.1809 1.8641, 0.2942 1.1809 1.8923, 0.2939 1.1809 1.8958, 0.3876 1.1809 1.9045, 0.2921 1.1809 1.9026, 0.2886 1.1809 1.9086, 0.3936 1.1809 1.8644, 0.4043 1.1809 1.8446, 0.4181 1.1809 1.8294, 0.4359 1.1809 1.8171, 0.5617 1.1809 1.8683, 0.5729 1.1809 1.8718, 0.2685 1.1809 1.8645, 0.2735 1.1809 1.8653, 0.2794 1.1809 1.8677, 0.2852 1.1809 1.8718, 0.2872 1.1809 1.874, 0.2911 1.1809 1.8796, 0.2934 1.1809 1.8856, 0.3883 1.1809 1.8863, 0.3877 1.1809 1.8956, 0.4559 1.1809 1.8097, 0.4775 1.1809 1.8071, 0.4809 1.1809 1.8072, 0.261 1.1809 1.9188, 0.2209 1.1809 1.9185, 0.2049 1.1809 1.9215, 0.1891 1.1809 1.9286, 0.1758 1.1809 1.9393, 0.1566 1.1809 1.9847, 0.1563 1.1809 1.9871, 0.2725 1.1809 1.9871, 0.1562 1.1809 1.9876, 0.6096 1.1809 1.9871, 0.6123 1.1809 1.9966, 0.2897 1.1809 2.017, 0.6133 1.1809 2.0104, 0.6116 1.1809 2.0233, 0.1566 1.1809 1.9954, 0.1607 1.1809 2.0125, 0.1664 1.1809 2.0233, 0.4439 1.1809 1.98, 0.425 1.1809 1.9698, 0.4096 1.1809 1.9555, 0.5172 1.1809 1.9764, 0.4975 1.1809 1.9838, 0.6089 1.1809 1.9847, 0.4898 1.1809 1.9847, 0.4762 1.1809 1.9863, 0.4654 1.1809 1.9855, 0.606 1.1809 1.9748, 0.5504 1.1809 1.9471, 0.5355 1.1809 1.9639, 0.5956 1.1809 1.9567, 0.5797 1.1809 1.9401, 0.5604 1.1809 1.928, 0.2324 1.1809 2.0576, 0.6027 1.1809 2.0518, 0.6104 1.1809 2.032, 0.2253 1.1809 2.0576, 0.1689 1.1809 2.028, 0.1791 1.1809 2.0395, 0.1928 1.1809 2.0492, 0.2083 1.1809 2.0553, 0.2512 1.1809 2.1113, 0.2712 1.1809 2.1354, 0.4764 1.1809 2.0852, 0.2734 1.1809 2.1375, 0.2983 1.1809 2.155, 0.4626 1.1809 2.1133, 0.5975 1.1809 2.0591, 0.4827 1.1809 2.0887, 0.2327 1.1809 2.0591, 0.2377 1.1809 2.0825, 0.5026 1.1809 2.0961, 0.5235 1.1809 2.0989, 0.5328 1.1809 2.0985, 0.4424 1.1809 2.137, 0.3262 1.1809 2.166, 0.4184 1.1809 2.1543, 0.3564 1.1809 2.1699, 0.3892 1.1809 2.1659, 0.5548 1.1809 2.0934, 0.5748 1.1809 2.083, 0.5902 1.1809 2.0694, 0.1049 1.1809 2.0172, 0.101 1.1809 1.9881, 0.1011 1.1809 1.9871, 0.1576 1.1809 2.0906, 0.1336 1.1809 2.0699, 0.0501 1.1809 2.0591, 0.1259 1.1809 2.0591, -0.5098 1.1809 1.9771, -0.5447 1.1809 1.9847, -0.4947 1.1809 1.9827, -0.4782 1.1809 1.9847, -0.5379 1.1809 1.9008, -0.5316 1.1809 1.8879, -0.5447 1.1809 1.5748, -0.5222 1.1809 1.8769, -0.509 1.1809 1.8675, -0.439 1.1809 1.8599, -0.4272 1.1809 1.5748, -0.4734 1.1809 1.8597, -0.4947 1.1809 1.8621, -0.5229 1.1809 1.968, -0.5273 1.1809 1.9637, -0.535 1.1809 1.9527, -0.5395 1.1809 1.9407, -0.5415 1.1809 1.9234, -0.541 1.1809 1.9154, -0.4272 1.1809 1.9871, -0.4272 1.1809 1.9847, -0.4399 1.1809 1.9847, -0.4399 1.1809 1.9852, -0.4756 1.1809 1.985, -0.5447 1.1809 1.9871, -0.4154 1.1809 1.8744, -0.4153 1.1809 1.8601, -0.3892 1.1809 1.8745, -0.4093 1.1809 1.9166, -0.3892 1.1809 1.5748, -0.4133 1.1809 1.9847, -0.4132 1.1809 1.971, -0.3892 1.1809 1.9311, -0.4094 1.1809 1.9309, -0.3892 1.1809 1.9167, -0.3645 1.1809 1.9169, -0.3642 1.1809 1.8747, -0.3892 1.1809 1.9712, -0.3648 1.1809 1.9713, -0.3646 1.1809 1.9312, -0.4133 1.1809 1.9854, -0.3892 1.1809 1.9871, -0.2716 1.1809 1.9871, -0.3488 1.1809 1.9859, -0.3892 1.1809 1.9856, -0.2716 1.1809 1.9259, -0.2861 1.1809 1.8832, -0.2904 1.1809 1.8831, -0.288 1.1809 1.8758, -0.2884 1.1809 1.8758, -0.2892 1.1809 1.8789, -0.2716 1.1809 1.9847, -0.3153 1.1809 1.9503, -0.3488 1.1809 1.9847, -0.3316 1.1809 1.9502, -0.3479 1.1809 1.8605, -0.2902 1.1809 1.8474, -0.283 1.1809 1.8336, -0.2772 1.1809 1.8268, -0.2762 1.1809 1.8258, -0.2716 1.1809 1.8227, -0.1764 1.1809 1.8649, -0.1765 1.1809 1.8811, -0.1618 1.1809 1.9847, -0.1618 1.1809 1.5748, -0.1844 1.1809 1.5748, -0.1844 1.1809 1.8619, -0.1826 1.1809 1.8773, -0.1844 1.1809 1.8766, -0.1844 1.1809 1.9099, -0.1813 1.1809 1.9129, -0.1793 1.1809 1.9162, -0.1776 1.1809 1.921, -0.177 1.1809 1.9271, -0.1776 1.1809 1.9327, -0.1839 1.1809 1.9102, -0.1862 1.1809 1.8612, -0.2319 1.1809 1.9005, -0.2348 1.1809 1.8962, -0.2331 1.1809 1.9337, -0.237 1.1809 1.8857, -0.2362 1.1809 1.8794, -0.2414 1.1809 1.5748, -0.1872 1.1809 1.9461, -0.1921 1.1809 1.949, -0.1844 1.1809 1.9847, -0.1795 1.1809 1.9378, -0.1825 1.1809 1.942, -0.1844 1.1809 1.9437, -0.2008 1.1809 1.952, -0.212 1.1809 1.9531, -0.2414 1.1809 1.9847, -0.2228 1.1809 1.9521, -0.2332 1.1809 1.949, -0.2343 1.1809 1.8744, -0.2313 1.1809 1.8703, -0.2268 1.1809 1.8664, -0.2216 1.1809 1.8634, -0.2128 1.1809 1.8606, -0.2007 1.1809 1.8595, -0.2104 1.1809 1.9403, -0.2057 1.1809 1.94, -0.1932 1.1809 1.9284, -0.2015 1.1809 1.9389, -0.198 1.1809 1.9371, -0.1933 1.1809 1.9263, -0.1939 1.1809 1.9239, -0.195 1.1809 1.9218, -0.1965 1.1809 1.9201, -0.202 1.1809 1.9166, -0.2207 1.1809 1.9391, -0.2117 1.1809 1.9123, -0.2295 1.1809 1.9358, -0.2178 1.1809 1.9098, -0.2282 1.1809 1.9039, -0.1956 1.1809 1.935, -0.1943 1.1809 1.933, -0.1935 1.1809 1.9309, -0.1924 1.1809 1.8735, -0.2006 1.1809 1.9009, -0.1912 1.1809 1.9053, -0.2023 1.1809 1.8723, -0.203 1.1809 1.8723, -0.2108 1.1809 1.8965, -0.2111 1.1809 1.8731, -0.2209 1.1809 1.8843, -0.2208 1.1809 1.8862, -0.2151 1.1809 1.8746, -0.2166 1.1809 1.8754, -0.2184 1.1809 1.877, -0.2198 1.1809 1.879, -0.2206 1.1809 1.8813, -0.2201 1.1809 1.8887, -0.2189 1.1809 1.8908, -0.2169 1.1809 1.8928, -0.5447 1.1809 2.1865, -0.4272 1.1809 2.1865, -0.441 1.1809 2.1841, -0.3892 1.1809 2.0591, -0.3924 1.1809 2.0591, -0.4272 1.1809 2.1484, -0.3924 1.1809 2.0591, -0.3892 1.1809 2.0233, -0.4103 1.1809 2.0589, -0.4272 1.1809 2.0233, -0.4104 1.1809 2.0591, -0.4272 1.1809 2.0591, -0.4272 1.1809 2.0931, -0.4226 1.1809 2.0931, -0.4748 1.1809 2.0928, -0.487 1.1809 2.0591, -0.4873 1.1809 2.0584, -0.5052 1.1809 2.0583, -0.5447 1.1809 2.0233, -0.2414 1.1809 2.1865, -0.2414 1.1809 2.1855, -0.2578 1.1809 2.1854, -0.2414 1.1809 2.1309, -0.2538 1.1809 2.1309, -0.2577 1.1809 2.1709, -0.2716 1.1809 2.1865, -0.2716 1.1809 2.0591, -0.2537 1.1809 2.1165, -0.2414 1.1809 2.1166, -0.2089 1.1809 2.1168, -0.2414 1.1809 2.0744, -0.2086 1.1809 2.0747, -0.2414 1.1809 2.1711, -0.2093 1.1809 2.1713, -0.209 1.1809 2.1312, -0.1923 1.1809 2.0605, -0.1844 1.1809 2.0591, -0.2414 1.1809 2.0591, -0.1932 1.1809 2.1858, -0.1844 1.1809 2.1865, -0.2598 1.1809 2.0743, -0.2597 1.1809 2.06, -0.2414 1.1809 2.0601, -0.0185 1.1809 2.076, -0.0684 1.1809 2.0757, -0.0711 1.1809 2.0591, -0.0683 1.1809 2.0614, -0.0022 1.1809 2.0618, -0.0711 1.1809 2.206, -0.0031 1.1809 2.1872, -0.0031 1.1809 2.1865, -0.1681 1.1809 2.183, -0.168 1.1809 2.1661, -0.1385 1.1809 2.1737, -0.1328 1.1809 2.1735, -0.1618 1.1809 2.0789, -0.1539 1.1809 2.1718, -0.1674 1.1809 2.0814, -0.1666 1.1809 2.1668, -0.1618 1.1809 2.1687, -0.122 1.1809 2.1713, -0.1122 1.1809 2.1666, -0.1043 1.1809 2.1601, -0.1034 1.1809 2.1591, -0.0973 1.1809 2.1504, -0.093 1.1809 2.1396, -0.0908 1.1809 2.1225, -0.091 1.1809 2.1171, -0.155 1.1809 2.0759, -0.1408 1.1809 2.0734, -0.135 1.1809 2.0732, -0.093 1.1809 2.1047, -0.0971 1.1809 2.0947, -0.1029 1.1809 2.0866, -0.1062 1.1809 2.0834, -0.1238 1.1809 2.0745, -0.1146 1.1809 2.0777, -0.1618 1.1809 2.206, -0.1549 1.1809 2.1869, -0.0831 1.1809 2.1584, -0.0923 1.1809 2.1702, -0.0954 1.1809 2.1732, -0.1072 1.1809 2.1813, -0.0771 1.1809 2.1445, -0.0786 1.1809 2.148, -0.0761 1.1809 2.1013, -0.0738 1.1809 2.1216, -0.0741 1.1809 2.1282, -0.1228 1.1809 2.0595, -0.1096 1.1809 2.0627, -0.0981 1.1809 2.0688, -0.0896 1.1809 2.0762, -0.0885 1.1809 2.0774, -0.1325 1.1809 2.0588, -0.1618 1.1809 2.0233, -0.1275 1.1809 2.0591, -0.0786 1.1809 2.0233, -0.1673 1.1809 2.0659, -0.1651 1.1809 2.0648, -0.1618 1.1809 2.0638, -0.0174 1.1809 1.9193, -0.0171 1.1809 1.8772, -0.0622 1.1809 1.919, -0.0683 1.1809 1.8768, -0.0623 1.1809 1.9334, -0.0661 1.1809 1.9735, -0.0177 1.1809 1.9738, -0.0175 1.1809 1.9337, -0.0711 1.1809 1.9847, -0.0662 1.1809 1.9847, -0.0682 1.1809 1.8625, -0.0662 1.1809 1.9879, -0.0662 1.1809 1.9871, -0.0711 1.1809 1.9871, -0.0711 1.1809 2.0233, -0.0017 1.1809 1.9883, -0.0017 1.1809 1.9871, -0.0016 1.1809 1.9847, -0.248 1.1809 1.8204, -0.2481 1.1809 1.8343, -0.2632 1.1809 1.9507, -0.2457 1.1809 1.9508, -0.2364 1.1809 1.8915, -0.3892 1.1809 1.8603, -0.2716 1.1809 1.5748, -0.2707 1.1809 1.822, -0.2716 1.1809 1.8834, -0.2671 1.1809 1.8361, -0.27 1.1809 1.8393, -0.2644 1.1809 1.8197, -0.2581 1.1809 1.819, -0.2546 1.1809 1.8192, -0.2513 1.1809 1.8333, -0.257 1.1809 1.8325, -0.2609 1.1809 1.8329, -0.2643 1.1809 1.8342, -0.2716 1.1809 1.8423, -0.2732 1.1809 1.845, -0.2802 1.1809 1.8612, -0.8268 1.1809 1.9847, -0.7438 1.1809 1.9847, -0.8268 1.1809 1.5748, -0.7438 1.1809 1.5748, -0.6429 1.1809 1.8585, -0.6303 1.1809 1.8928, -0.5781 1.1809 1.8932, -0.5658 1.1809 1.859, -0.548 1.1809 1.8591, -0.5966 1.1809 1.9841, -0.6139 1.1809 1.984, -0.6607 1.1809 1.8583, -0.7438 1.1809 1.9871, -0.8268 1.1809 1.9871, -0.7438 1.1809 2.0233, -0.7438 1.1809 2.0591, -0.8268 1.1809 2.0233, -0.8268 1.1809 2.0591, -0.7438 1.1809 2.1865, -0.8268 1.1809 2.1865, -0.3855 1.1809 2.1154, -0.3823 1.1809 2.1007, -0.3794 1.1809 2.1526, -0.384 1.1809 2.1406, -0.3892 1.1809 2.1865, -0.3859 1.1809 2.1234, -0.3761 1.1809 2.0878, -0.3667 1.1809 2.0768, -0.3535 1.1809 2.0675, -0.3201 1.1809 2.1849, -0.3392 1.1809 2.1827, -0.3543 1.1809 2.177, -0.3391 1.1809 2.062, -0.3179 1.1809 2.0596, -0.2834 1.1809 2.0598, -0.2843 1.1809 2.1852, -0.3673 1.1809 2.168, -0.3718 1.1809 2.1636, -0.1844 1.1809 2.0233, -0.2414 1.1809 2.0233, -0.2716 1.1809 2.0233, -0.1844 1.1809 2.206, -0.2414 1.1809 2.206, -0.2716 1.1809 2.206, -0.3892 1.1809 2.206, -0.4272 1.1809 2.206, -0.5447 1.1809 2.206, -0.7438 1.1809 2.206, -0.8268 1.1809 2.206, -0.0868 1.1809 1.9007, -0.09 1.1809 1.9052, -0.0924 1.1809 1.9303, -0.1394 1.1809 1.862, -0.0786 1.1809 1.5748, -0.1551 1.1809 1.8619, -0.133 1.1809 1.9528, -0.1395 1.1809 1.9507, -0.1447 1.1809 1.9477, -0.1489 1.1809 1.9436, -0.0925 1.1809 1.9456, -0.0958 1.1809 1.9475, -0.0786 1.1809 1.9847, -0.1076 1.1809 1.9519, -0.1234 1.1809 1.9537, -0.0949 1.1809 1.9093, -0.1017 1.1809 1.9127, -0.1019 1.1809 1.9364, -0.1133 1.1809 1.9154, -0.1272 1.1809 1.9404, -0.1219 1.1809 1.941, -0.1118 1.1809 1.9399, -0.0892 1.1809 1.8691, -0.0909 1.1809 1.8673, -0.0962 1.1809 1.8636, -0.086 1.1809 1.8739, -0.0841 1.1809 1.8792, -0.0834 1.1809 1.8864, -0.0835 1.1809 1.8885, -0.0845 1.1809 1.8952, -0.152 1.1809 1.9385, -0.1544 1.1809 1.9313, -0.1555 1.1809 1.9195, -0.1197 1.1809 1.861, -0.1116 1.1809 1.8601, -0.1022 1.1809 1.8613, -0.1398 1.1809 1.9189, -0.1393 1.1809 1.9259, -0.1378 1.1809 1.9315, -0.1359 1.1809 1.9347, -0.1395 1.1809 1.8759, -0.1391 1.1809 1.8759, -0.1366 1.1809 1.872, -0.1316 1.1809 1.8668, -0.1261 1.1809 1.8632, -0.1336 1.1809 1.9373, -0.1308 1.1809 1.9391, -0.0008 1.1809 1.863, -0.0711 1.1809 1.5748, -0.0786 1.1809 1.9871, -0.1618 1.1809 1.9871, -0.1844 1.1809 1.9871, -0.2414 1.1809 1.9871, -0.0786 1.1809 2.206, -0.1385 1.1809 2.1883, -0.0711 1.1809 3.937, -0.0786 1.1809 3.937, -0.1618 1.1809 3.937, -0.1844 1.1809 3.937, -0.2414 1.1809 3.937, -0.2716 1.1809 3.937, -0.3892 1.1809 3.937, -0.4272 1.1809 3.937, -0.5447 1.1809 3.937, -0.7438 1.1809 3.937, -0.8268 1.1809 3.937, -0.8268 1.1716 4.085, -0.8268 -1.1813 3.937, 0.8268 -1.1813 3.937, -0.8268 -1.172 4.085, 0.8268 -1.172 4.085, -0.8268 -1.1612 4.1417, 0.8268 -1.1612 4.1417, -0.8268 -1.1442 4.2307, 0.8268 -1.1442 4.2307, -0.8268 -1.1085 4.3405, 0.8268 -1.1085 4.3405, -0.8268 -1.0984 4.3718, 0.8268 -1.0984 4.3718, -0.8268 -1.0352 4.506, 0.8268 -1.0352 4.506, -0.8268 -1.022 4.5269, 0.8268 -1.022 4.5269, -0.8268 -0.9557 4.6312, 0.8268 -0.9557 4.6312, -0.8268 -0.9032 4.6947, 0.8268 -0.9032 4.6947, -0.8268 -0.8612 4.7455, 0.8268 -0.8612 4.7455, -0.8268 -0.7591 4.8414, 0.8268 -0.7591 4.8414, -0.8268 -0.7531 4.8471, 0.8268 -0.7531 4.8471, -0.8268 -0.6331 4.9342, 0.8268 -0.6331 4.9342, -0.8268 -0.5897 4.9581, 0.8268 -0.5897 4.9581, -0.8268 -0.5031 5.0057, 0.8268 -0.5031 5.0057, -0.8268 -0.4035 5.0451, 0.8268 -0.4035 5.0451, -0.8268 -0.3652 5.0603, 0.8268 -0.3652 5.0603, -0.8268 -0.2215 5.0972, 0.8268 -0.2215 5.0972, -0.8268 -0.2052 5.0993, 0.8268 -0.2052 5.0993, -0.8268 -0.0744 5.1158, 0.8268 -0.0744 5.1158, -0.8268 -0.0002 5.1158, 0.8268 -0.0002 5.1158, -0.8268 0.074 5.1158, 0.8268 0.074 5.1158, -0.8268 0.2048 5.0993, 0.8268 0.2048 5.0993, -0.8268 0.2211 5.0972, 0.8268 0.2211 5.0972, -0.8268 0.3648 5.0603, 0.8268 0.3648 5.0603, -0.8268 0.4031 5.0451, 0.8268 0.4031 5.0451, -0.8268 0.5027 5.0057, 0.8268 0.5027 5.0057, -0.8268 0.5894 4.9581, 0.8268 0.5894 4.9581, -0.8268 0.6327 4.9342, 0.8268 0.6327 4.9342, -0.8268 0.7527 4.8471, 0.8268 0.7527 4.8471, -0.8268 0.7587 4.8414, 0.8268 0.7587 4.8414, -0.8268 0.8608 4.7455, 0.8268 0.8608 4.7455, -0.8268 0.9028 4.6947, 0.8268 0.9028 4.6947, -0.8268 0.9553 4.6312, 0.8268 0.9553 4.6312, -0.8268 1.0216 4.5269, 0.8268 1.0216 4.5269, -0.8268 1.0348 4.506, 0.8268 1.0348 4.506, -0.8268 1.098 4.3718, 0.8268 1.098 4.3718, -0.8268 1.1081 4.3405, 0.8268 1.1081 4.3405, -0.8268 1.1438 4.2307, 0.8268 1.1438 4.2307, -0.8268 1.1608 4.1417, 0.8268 1.1608 4.1417, 0.8268 1.1716 4.085, -0.8268 -1.1813 1.5748, 0.8268 -1.1813 1.5748, 0.306 -0.0811 0.3965, 0.3171 -0.115 0.3993, -0.2978 -0.0394 0.3944, 0.7367 0.4284 0.4742, 0.6883 0.4146 0.4689, 0.8268 0.5894 0.5538, 0.7863 0.4398 0.4787, 0.8268 0.5027 0.5061, 0.8268 0.447 0.4816, -0.6772 0.411 0.4676, -0.7257 0.4256 0.4731, -0.8268 0.5894 0.5538, -0.7755 0.4375 0.4778, -0.8268 0.5027 0.5061, -0.8268 0.447 0.4816, 0.4669 0.3031 0.4333, 0.4322 0.2746 0.4261, -0.6574 0.4038 0.465, 0.5047 0.3296 0.4407, 0.6412 0.3981 0.4629, 0.5957 0.3791 0.4563, 0.6573 0.4038 0.465, 0.5889 0.376 0.4552, 0.5454 0.3539 0.448, 0.3682 0.2049 0.4117, -0.3682 0.2049 0.4117, 0.3741 0.2131 0.4131, -0.3856 0.2272 0.4158, -0.414 0.2576 0.4222, -0.4461 0.2866 0.4291, -0.4516 0.2911 0.4302, -0.488 0.3184 0.4375, -0.5275 0.3437 0.4449, -0.5699 0.3668 0.4522, -0.6152 0.3877 0.4592, 0.4009 0.2442 0.4193, -0.6302 0.3938 0.4614, 0.3511 0.1809 0.4077, 0.3319 0.1475 0.403, 0.3286 0.1409 0.4022, 0.3144 0.1074 0.3986, 0.3042 0.0734 0.396, -0.3611 0.1957 0.4101, -0.3403 0.1631 0.4051, -0.2988 0.0465 0.3946, -0.306 0.0807 0.3965, 0.2978 0.039 0.3944, -0.3171 0.1146 0.3993, -0.3322 0.1481 0.4031, -0.3682 -0.2053 0.4117, -0.3511 -0.1813 0.4077, 0.3682 -0.2053 0.4117, -0.3319 -0.1479 0.403, -0.3286 -0.1413 0.4022, -0.3144 -0.1078 0.3986, -0.3042 -0.0738 0.396, 0.3611 -0.1961 0.4101, 0.3403 -0.1635 0.4051, 0.3322 -0.1485 0.4031, -0.2955 0.0121 0.3938, 0.2953 0.0042 0.3937, -0.2954 -0.0002 0.3937, 0.2954 -0.0002 0.3937, -0.2953 -0.0046 0.3937, 0.2955 -0.0125 0.3938, 0.2988 -0.0469 0.3946, -0.4669 -0.3035 0.4333, -0.4322 -0.275 0.4261, 0.6574 -0.4041 0.465, -0.5047 -0.33 0.4407, -0.5957 -0.3795 0.4563, -0.5889 -0.3764 0.4552, -0.5454 -0.3543 0.448, -0.3741 -0.2135 0.4131, 0.3856 -0.2276 0.4158, 0.414 -0.2579 0.4222, 0.4461 -0.287 0.4291, 0.4516 -0.2915 0.4302, 0.488 -0.3188 0.4375, 0.5275 -0.3441 0.4449, 0.5699 -0.3672 0.4522, 0.6152 -0.3881 0.4592, -0.4009 -0.2445 0.4193, 0.6302 -0.3942 0.4614, 0.6772 -0.4114 0.4676, 0.8268 -0.5897 0.5538, -0.7367 -0.4288 0.4742, -0.6883 -0.415 0.4689, -0.8268 -0.5897 0.5538, -0.7863 -0.4402 0.4787, -0.8268 -0.5031 0.5061, -0.8268 -0.4474 0.4816, -0.6573 -0.4041 0.465, -0.6412 -0.3985 0.4629, 0.7257 -0.426 0.4731, 0.7755 -0.4379 0.4778, 0.8268 -0.5031 0.5061, 0.8268 -0.4474 0.4816, 0.8268 -1.172 1.4268, -0.8268 -1.172 1.4268, 0.8268 -1.1612 1.3701, -0.8268 -1.1612 1.3701, 0.8268 -1.1442 1.2811, -0.8268 -1.1442 1.2811, 0.8268 -1.1085 1.1713, -0.8268 -1.1085 1.1713, 0.8268 -1.0984 1.14, -0.8268 -1.0984 1.14, 0.8268 -1.0352 1.0058, -0.8268 -1.0352 1.0058, 0.8268 -1.022 0.9849, -0.8268 -1.022 0.9849, 0.8268 -0.9557 0.8806, -0.8268 -0.9557 0.8806, 0.8268 -0.9032 0.8171, -0.8268 -0.9032 0.8171, 0.8268 -0.8612 0.7663, -0.8268 -0.8612 0.7663, 0.8268 -0.7591 0.6704, -0.8268 -0.7591 0.6704, 0.8268 -0.7531 0.6648, -0.8268 -0.7531 0.6648, 0.8268 -0.6331 0.5776, -0.8268 -0.6331 0.5776, 0.8268 0.6327 0.5776, -0.8268 0.6327 0.5776, 0.8268 0.7527 0.6648, -0.8268 0.7527 0.6648, 0.8268 0.7587 0.6704, -0.8268 0.7587 0.6704, 0.8268 0.8608 0.7663, -0.8268 0.8608 0.7663, 0.8268 0.9028 0.8171, -0.8268 0.9028 0.8171, 0.8268 0.9553 0.8806, -0.8268 0.9553 0.8806, 0.8268 1.0216 0.9849, -0.8268 1.0216 0.9849, 0.8268 1.0348 1.0058, -0.8268 1.0348 1.0058, 0.8268 1.098 1.14, -0.8268 1.098 1.14, 0.8268 1.1081 1.1713, -0.8268 1.1081 1.1713, 0.8268 1.1438 1.2811, -0.8268 1.1438 1.2811, 0.8268 1.1608 1.3701, -0.8268 1.1608 1.3701, 0.8268 1.1716 1.4268, -0.8268 1.1716 1.4268, 1.4173 -0.5907 1.5748, 1.4173 -0.5861 1.5008, 1.4173 0.5904 1.5748, 1.4173 -0.5722 1.4279, 1.4173 -0.5493 1.3574, 1.4173 -0.0373 0.9854, 1.4173 -0.1109 0.9947, 1.4173 -0.1827 1.0132, 1.4173 0.3762 1.1198, 1.4173 0.4303 1.1705, 1.4173 -0.5907 3.937, 1.4173 0.5904 3.937, 1.4173 0.5857 4.011, 1.4173 0.5718 4.0839, 1.4173 0.5489 4.1544, 1.4173 0.5173 4.2215, 1.4173 0.4776 4.2841, 1.4173 0.4303 4.3413, 1.4173 0.3762 4.392, 1.4173 0.0369 0.9854, 1.4173 0.1105 0.9947, 1.4173 0.1823 1.0132, 1.4173 0.2512 1.0405, 1.4173 0.3162 1.0762, 1.4173 0.4776 1.2277, 1.4173 0.5173 1.2903, 1.4173 0.5489 1.3574, 1.4173 0.5718 1.4279, 1.4173 0.5857 1.5008, 1.4173 0.3162 4.4356, 1.4173 0.2512 4.4714, 1.4173 -0.5861 4.011, 1.4173 0.1823 4.4987, 1.4173 -0.5177 1.2903, 1.4173 -0.3166 1.0762, 1.4173 -0.2516 1.0405, 1.4173 -0.478 1.2277, 1.4173 -0.4307 1.1705, 1.4173 -0.3766 1.1198, 1.4173 0.1105 4.5171, 1.4173 0.0369 4.5264, 1.4173 -0.0373 4.5264, 1.4173 -0.5493 4.1544, 1.4173 -0.1827 4.4987, 1.4173 -0.5177 4.2215, 1.4173 -0.2516 4.4714, 1.4173 -0.3166 4.4356, 1.4173 -0.5722 4.0839, 1.4173 -0.1109 4.5171, 1.4173 -0.3766 4.392, 1.4173 -0.4307 4.3413, 1.4173 -0.478 4.2841, -1.4173 0.1823 4.4987, -1.4173 0.2512 4.4714, -1.4173 -0.5907 3.937, -1.4173 0.5904 1.5748, -1.4173 -0.5907 1.5748, -1.4173 0.5904 3.937, -1.4173 0.5857 4.011, -1.4173 0.4303 1.1705, -1.4173 0.3762 1.1198, -1.4173 -0.1827 1.0132, -1.4173 0.5173 4.2215, -1.4173 0.4776 4.2841, -1.4173 0.4303 4.3413, -1.4173 0.5857 1.5008, -1.4173 0.5718 1.4279, -1.4173 0.5489 1.3574, -1.4173 -0.1827 4.4987, -1.4173 -0.5861 4.011, -1.4173 -0.5722 4.0839, -1.4173 -0.5177 4.2215, -1.4173 -0.478 4.2841, -1.4173 -0.4307 4.3413, -1.4173 -0.1109 4.5171, -1.4173 -0.0373 4.5264, -1.4173 0.0369 4.5264, -1.4173 0.1105 4.5171, -1.4173 0.3162 4.4356, -1.4173 0.3762 4.392, -1.4173 0.5489 4.1544, -1.4173 0.5718 4.0839, -1.4173 -0.5722 1.4279, -1.4173 -0.5861 1.5008, -1.4173 0.4776 1.2277, -1.4173 0.5173 1.2903, -1.4173 0.3162 1.0762, -1.4173 0.2512 1.0405, -1.4173 -0.1109 0.9947, -1.4173 0.1105 0.9947, -1.4173 0.0369 0.9854, -1.4173 -0.0373 0.9854, -1.4173 -0.2516 1.0405, -1.4173 -0.3166 1.0762, -1.4173 -0.5493 4.1544, -1.4173 -0.2516 4.4714, -1.4173 -0.3766 4.392, -1.4173 -0.3166 4.4356, -1.4173 -0.3766 1.1198, -1.4173 -0.4307 1.1705, -1.4173 -0.478 1.2277, -1.4173 0.1823 1.0132, -1.4173 -0.5177 1.2903, -1.4173 -0.5493 1.3574, -1.4084 0.6929 1.5748, -1.4084 0.6929 3.937, -1.4007 0.7213 1.5748, -1.4007 0.7213 3.937, -1.3817 0.7923 1.5748, -1.3817 0.7923 3.937, -1.3568 0.8457 1.5748, -1.3568 0.8457 3.937, -1.3382 0.8856 1.5748, -1.3382 0.8856 3.937, -1.2876 0.9579 1.5748, -1.2876 0.9579 3.937, -1.2792 0.97 1.5748, -1.2792 0.97 3.937, -1.2064 1.0427 1.5748, -1.2064 1.0427 3.937, -1.1943 1.0512 1.5748, -1.1943 1.0512 3.937, -1.122 1.1018 1.5748, -1.122 1.1018 3.937, -1.0821 1.1204 1.5748, -1.0821 1.1204 3.937, -1.0288 1.1453 1.5748, -1.0288 1.1453 3.937, -0.9577 1.1643 1.5748, -0.9577 1.1643 3.937, -0.9293 1.1719 3.937, -0.9293 1.1719 1.5748, -0.9577 -1.1647 3.937, -0.9293 -1.1723 3.937, -0.9293 -1.1631 4.0839, -0.9293 -1.1355 4.2285, -0.9293 -1.09 4.3685, -0.9293 -1.0273 4.5017, -0.9293 -0.9485 4.626, -0.9293 -0.8546 4.7394, -0.9293 -0.7473 4.8402, -0.9293 -0.6283 4.9267, -0.9293 -0.4993 4.9976, -0.9293 -0.3624 5.0518, -0.9293 -0.2198 5.0884, -0.9293 -0.0738 5.1068, -0.9293 0.0734 5.1068, -0.9293 0.2194 5.0884, -0.9293 0.362 5.0518, -0.9293 0.4989 4.9976, -0.9293 0.6279 4.9267, -0.9293 0.7469 4.8402, -0.9293 0.8542 4.7394, -0.9293 0.9481 4.626, -0.9293 1.0269 4.5017, -0.9293 1.0896 4.3685, -0.9293 1.1351 4.2285, -0.9293 1.1627 4.0839, -1.0288 -1.1367 4.0806, -1.0288 -1.1457 3.937, -1.0288 -1.1097 4.2219, -1.0288 -1.0652 4.3587, -1.0288 -1.004 4.4889, -1.0288 -0.9269 4.6103, -1.0288 -0.8352 4.7212, -1.0288 -0.7304 4.8196, -1.0288 -0.614 4.9042, -1.0288 -0.4879 4.9735, -1.0288 -0.3542 5.0264, -1.0288 -0.2148 5.0622, -1.0288 -0.0721 5.0802, -1.0288 0.0717 5.0802, -1.0288 0.2144 5.0622, -1.0288 0.3538 5.0264, -1.0288 0.4875 4.9735, -1.0288 0.6136 4.9042, -1.0288 0.73 4.8196, -1.0288 0.8348 4.7212, -1.0288 0.9265 4.6103, -1.0288 1.0036 4.4889, -1.0288 1.0649 4.3587, -1.0288 1.1093 4.2219, -1.0288 1.1363 4.0806, -1.1943 -1.0516 3.937, -1.122 -1.1022 3.937, -1.122 -1.0935 4.0751, -1.0821 -1.1208 3.937, -1.122 1.0931 4.0751, -1.122 1.0672 4.2111, -1.122 1.0244 4.3427, -1.122 0.9655 4.4679, -1.122 0.8913 4.5847, -1.122 0.8031 4.6914, -1.122 0.7022 4.7861, -1.122 0.5903 4.8674, -1.122 0.469 4.9341, -1.122 0.3403 4.9851, -1.122 0.2063 5.0195, -1.122 0.069 5.0368, -1.122 -0.0694 5.0368, -1.122 -0.2067 5.0195, -1.122 -0.3407 4.9851, -1.122 -0.4694 4.9341, -1.122 -0.5907 4.8674, -1.122 -0.7026 4.7861, -1.122 -0.8035 4.6914, -1.122 -0.8917 4.5847, -1.122 -0.9659 4.4679, -1.122 -1.0248 4.3427, -1.122 -1.0676 4.2111, -1.2792 -0.9703 3.937, -1.2064 -1.0431 3.937, -1.2064 -1.0349 4.0677, -1.2064 -1.0104 4.1964, -1.2064 -0.9699 4.3209, -1.2064 -0.9141 4.4395, -1.2064 -0.844 4.55, -1.2064 -0.7605 4.651, -1.2064 -0.665 4.7406, -1.2064 -0.559 4.8176, -1.2064 -0.4443 4.8807, -1.2064 -0.3225 4.9289, -1.2064 -0.1956 4.9615, -1.2064 -0.0657 4.9779, -1.2064 0.0653 4.9779, -1.2064 0.1952 4.9615, -1.2064 0.3221 4.9289, -1.2064 0.4439 4.8807, -1.2064 0.5586 4.8176, -1.2064 0.6646 4.7406, -1.2064 0.7601 4.651, -1.2064 0.8436 4.55, -1.2064 0.9137 4.4395, -1.2064 0.9695 4.3209, -1.2064 1.01 4.1964, -1.2064 1.0345 4.0677, -1.2792 -0.9627 4.0586, -1.2792 -0.9399 4.1783, -1.2792 -0.9022 4.2941, -1.2792 -0.8503 4.4044, -1.2792 -0.7851 4.5073, -1.2792 -0.7074 4.6011, -1.2792 -0.6186 4.6845, -1.2792 -0.52 4.7561, -1.2792 -0.4133 4.8148, -1.2792 -0.3 4.8597, -1.2792 -0.182 4.89, -1.2792 -0.0611 4.9052, -1.2792 0.0607 4.9052, -1.2792 0.1816 4.89, -1.2792 0.2996 4.8597, -1.2792 0.4129 4.8148, -1.2792 0.5196 4.7561, -1.2792 0.6182 4.6845, -1.2792 0.707 4.6011, -1.2792 0.7847 4.5073, -1.2792 0.85 4.4044, -1.2792 0.9018 4.2941, -1.2792 0.9395 4.1783, -1.2792 0.9623 4.0586, -1.3568 -0.846 3.937, -1.3382 -0.886 3.937, -1.3382 -0.879 4.048, -1.2876 -0.9583 3.937, -1.3382 0.8786 4.048, -1.3382 0.8578 4.1573, -1.3382 0.8234 4.2631, -1.3382 0.7761 4.3638, -1.3382 0.7165 4.4577, -1.3382 0.6455 4.5434, -1.3382 0.5645 4.6196, -1.3382 0.4745 4.6849, -1.3382 0.377 4.7385, -1.3382 0.2735 4.7795, -1.3382 0.1658 4.8071, -1.3382 0.0554 4.8211, -1.3382 -0.0558 4.8211, -1.3382 -0.1662 4.8071, -1.3382 -0.2739 4.7795, -1.3382 -0.3774 4.7385, -1.3382 -0.4748 4.6849, -1.3382 -0.5648 4.6196, -1.3382 -0.6459 4.5434, -1.3382 -0.7168 4.4577, -1.3382 -0.7765 4.3638, -1.3382 -0.8238 4.2631, -1.3382 -0.8582 4.1573, -1.4007 -0.7217 3.937, -1.3817 -0.7927 3.937, -1.3817 -0.7865 4.0363, -1.3817 -0.7678 4.1341, -1.3817 -0.7371 4.2288, -1.3817 -0.6947 4.3188, -1.3817 -0.6414 4.4028, -1.3817 -0.5779 4.4795, -1.3817 -0.5054 4.5477, -1.3817 -0.4249 4.6062, -1.3817 -0.3376 4.6541, -1.3817 -0.2451 4.6908, -1.3817 -0.1487 4.7155, -1.3817 -0.05 4.728, -1.3817 0.0496 4.728, -1.3817 0.1483 4.7155, -1.3817 0.2447 4.6908, -1.3817 0.3372 4.6541, -1.3817 0.4245 4.6062, -1.3817 0.505 4.5477, -1.3817 0.5775 4.4795, -1.3817 0.641 4.4028, -1.3817 0.6943 4.3188, -1.3817 0.7367 4.2288, -1.3817 0.7674 4.1341, -1.3817 0.7861 4.0363, -1.4084 -0.6933 3.937, -1.4084 -0.6878 4.0239, -1.4084 -0.6715 4.1094, -1.4084 -0.6446 4.1922, -1.4084 -0.6076 4.2709, -1.4084 -0.5609 4.3444, -1.4084 -0.5054 4.4115, -1.4084 -0.442 4.4711, -1.4084 -0.3716 4.5222, -1.4084 -0.2953 4.5641, -1.4084 -0.2144 4.5962, -1.4084 -0.1301 4.6178, -1.4084 -0.0437 4.6287, -1.4084 0.0433 4.6287, -1.4084 0.1297 4.6178, -1.4084 0.214 4.5962, -1.4084 0.2949 4.5641, -1.4084 0.3712 4.5222, -1.4084 0.4416 4.4711, -1.4084 0.5051 4.4115, -1.4084 0.5605 4.3444, -1.4084 0.6072 4.2709, -1.4084 0.6442 4.1922, -1.4084 0.6711 4.1094, -1.4084 0.6874 4.0239, -1.1004 0.3863 0.5301, -1.122 0.3658 0.5354, -1.122 0.469 0.5777, -1.2166 -0.2073 0.5616, -1.2064 -0.2339 0.5585, -1.2064 -0.3225 0.5829, -0.8924 -0.4597 0.4907, -0.9293 -0.4993 0.5142, -0.9047 -0.4602 0.4926, -0.9293 -0.4595 0.4965, -0.8655 -0.4566 0.4868, -0.839 -0.4509 0.4832, -0.9847 -0.45 0.506, -0.9582 -0.456 0.5013, -0.9316 -0.4594 0.4968, -1.0287 -0.4333 0.5145, -1.0207 -0.4372 0.5129, -1.0288 -0.4879 0.5383, -1.0108 -0.4413 0.5109, -1.1387 -0.3478 0.5396, -1.122 -0.3658 0.5354, -1.122 -0.4694 0.5777, -1.1163 -0.372 0.534, -1.0939 -0.3922 0.5286, -1.0704 -0.4098 0.5233, -1.046 -0.4248 0.518, -1.2064 -0.4443 0.6311, -1.1479 -0.3358 0.542, -1.1581 -0.3226 0.5447, -1.176 -0.2951 0.5496, -1.2042 -0.2394 0.5578, -1.1922 -0.2654 0.5543, -1.2792 -0.3 0.6521, -1.221 -0.1933 0.563, -1.2792 -0.182 0.6218, -1.227 -0.1739 0.5649, -1.2356 -0.1393 0.5676, -1.2495 -0.0275 0.5722, -1.2472 -0.0627 0.5714, -1.2792 -0.0611 0.6066, -1.243 -0.0975 0.5701, -1.2371 -0.132 0.5681, -1.247 0.0629 0.5714, -1.2492 0.0336 0.5721, -1.2792 0.0607 0.6066, -1.2499 0.0081 0.5724, -1.2499 -0.0098 0.5724, -1.2211 0.1928 0.563, -1.2227 0.1884 0.5635, -1.2792 0.1816 0.6218, -1.2277 0.1712 0.5651, -1.2359 0.1375 0.5677, -1.2421 0.1033 0.5698, -1.2466 0.0686 0.5712, -1.2114 0.2212 0.56, -1.2792 0.2996 0.6521, -1.2063 0.2332 0.5585, -1.2064 0.3221 0.5829, -1.1623 0.3162 0.5458, -1.1663 0.3103 0.5469, -1.1832 0.2823 0.5517, -1.1982 0.2525 0.556, -1.1225 0.3653 0.5355, -1.2064 0.4439 0.6311, -1.1432 0.3419 0.5407, -1.148 0.3354 0.542, -1.0287 0.433 0.5145, -1.0489 0.4228 0.5186, -1.0733 0.4075 0.5239, -1.0769 0.4049 0.5247, -0.9656 0.4542 0.5026, -0.9712 0.453 0.5036, -1.0288 0.4875 0.5383, -0.9293 0.4989 0.5142, -0.939 0.4584 0.498, -0.9978 0.4456 0.5084, -1.0237 0.4355 0.5135, -0.8584 0.4549 0.4858, -0.853 0.4538 0.4851, -0.8853 0.4587 0.4897, -0.9122 0.4598 0.4937, -0.9293 0.4589 0.4965, -0.9293 1.1627 1.4279, -0.9293 1.1351 1.2833, -0.9293 1.0896 1.1433, -0.9293 1.0269 1.0101, -0.9293 0.9481 0.8858, -0.9293 0.8542 0.7724, -0.9293 0.7469 0.6717, -0.9293 0.6279 0.5851, -0.9293 -0.6283 0.5851, -0.9293 -0.7473 0.6717, -0.9293 -0.8546 0.7724, -0.9293 -0.9485 0.8858, -0.9293 -1.0273 1.0101, -0.9293 -1.09 1.1433, -0.9293 -1.1355 1.2833, -0.9293 -1.1631 1.4279, -1.0288 1.1363 1.4312, -1.0288 0.6136 0.6076, -1.0288 0.73 0.6922, -1.0288 0.8348 0.7907, -1.0288 0.9265 0.9015, -1.0288 1.0036 1.023, -1.0288 1.0649 1.1531, -1.0288 1.1093 1.2899, -1.0288 -0.614 0.6076, -1.0288 -0.7304 0.6922, -1.0288 -0.8352 0.7907, -1.0288 -0.9269 0.9015, -1.0288 -1.004 1.023, -1.0288 -1.0652 1.1531, -1.0288 -1.1097 1.2899, -1.0288 -1.1367 1.4312, -1.122 1.0931 1.4367, -1.122 0.5903 0.6444, -1.122 0.7022 0.7257, -1.122 0.8031 0.8204, -1.122 0.8913 0.9271, -1.122 0.9655 1.0439, -1.122 1.0244 1.1691, -1.122 1.0672 1.3008, -0.9293 -1.1723 1.5748, -0.9577 -1.1647 1.5748, -1.0288 -1.1457 1.5748, -1.0821 -1.1208 1.5748, -1.122 -1.0935 1.4367, -1.122 -1.0676 1.3008, -1.122 -1.0248 1.1691, -1.122 -0.9659 1.0439, -1.122 -0.8917 0.9271, -1.122 -0.8035 0.8204, -1.122 -0.7026 0.7257, -1.122 -0.5907 0.6444, -1.2064 1.0345 1.4441, -1.2064 0.5586 0.6942, -1.2064 0.6646 0.7712, -1.2064 0.7601 0.8609, -1.2064 0.8436 0.9618, -1.2064 0.9137 1.0724, -1.2064 0.9695 1.1909, -1.2064 1.01 1.3154, -1.2064 -0.559 0.6942, -1.2064 -0.665 0.7712, -1.2064 -0.7605 0.8609, -1.2064 -0.844 0.9618, -1.2064 -0.9141 1.0724, -1.2064 -0.9699 1.1909, -1.2064 -1.0104 1.3154, -1.2064 -1.0349 1.4441, -1.2792 0.4129 0.697, -1.2792 0.5196 0.7557, -1.2792 0.6182 0.8273, -1.2792 0.707 0.9107, -1.2792 0.7847 1.0046, -1.2792 0.85 1.1074, -1.2792 0.9018 1.2177, -1.2792 0.9395 1.3335, -1.2792 0.9623 1.4532, -1.2792 -0.4133 0.697, -1.2792 -0.52 0.7557, -1.2792 -0.6186 0.8273, -1.2792 -0.7074 0.9107, -1.2792 -0.7851 1.0046, -1.2792 -0.8503 1.1074, -1.2792 -0.9022 1.2177, -1.2792 -0.9399 1.3335, -1.2792 -0.9627 1.4532, -1.3382 0.8786 1.4638, -1.122 -1.1022 1.5748, -1.1943 -1.0516 1.5748, -1.2064 -1.0431 1.5748, -1.2792 -0.9703 1.5748, -1.2876 -0.9583 1.5748, -1.3382 -0.879 1.4638, -1.3382 -0.8582 1.3545, -1.3382 -0.8238 1.2487, -1.3382 -0.7765 1.1481, -1.3382 -0.7168 1.0541, -1.3382 -0.6459 0.9684, -1.3382 -0.5648 0.8923, -1.3382 -0.4748 0.8269, -1.3382 -0.3774 0.7733, -1.3382 -0.2739 0.7323, -1.3382 -0.1662 0.7047, -1.3382 -0.0558 0.6907, -1.3382 0.0554 0.6907, -1.3382 0.1658 0.7047, -1.3382 0.2735 0.7323, -1.3382 0.377 0.7733, -1.3382 0.4745 0.8269, -1.3382 0.5645 0.8923, -1.3382 0.6455 0.9684, -1.3382 0.7165 1.0541, -1.3382 0.7761 1.1481, -1.3382 0.8234 1.2487, -1.3382 0.8578 1.3545, -1.3817 0.7861 1.4755, -1.3817 0.7674 1.3777, -1.3817 0.7367 1.2831, -1.3817 0.6943 1.193, -1.3817 0.641 1.109, -1.3817 0.5775 1.0323, -1.3817 0.505 0.9642, -1.3817 0.4245 0.9057, -1.3817 0.3372 0.8577, -1.3817 0.2447 0.8211, -1.3817 0.1483 0.7963, -1.3817 0.0496 0.7838, -1.3817 -0.05 0.7838, -1.3817 -0.1487 0.7963, -1.3817 -0.2451 0.8211, -1.3817 -0.3376 0.8577, -1.3817 -0.4249 0.9057, -1.3817 -0.5054 0.9642, -1.3817 -0.5779 1.0323, -1.3817 -0.6414 1.109, -1.3817 -0.6947 1.193, -1.3817 -0.7371 1.2831, -1.3817 -0.7678 1.3777, -1.3817 -0.7865 1.4755, -1.4084 0.6874 1.4879, -1.3382 -0.886 1.5748, -1.3568 -0.846 1.5748, -1.3817 -0.7927 1.5748, -1.4007 -0.7217 1.5748, -1.4084 0.6711 1.4024, -1.4084 0.6442 1.3197, -1.4084 0.6072 1.2409, -1.4084 0.5605 1.1674, -1.4084 0.5051 1.1003, -1.4084 0.4416 1.0408, -1.4084 0.3712 0.9896, -1.4084 0.2949 0.9477, -1.4084 0.214 0.9156, -1.4084 0.1297 0.894, -1.4084 0.0433 0.8831, -1.4084 -0.0437 0.8831, -1.4084 -0.1301 0.894, -1.4084 -0.2144 0.9156, -1.4084 -0.2953 0.9477, -1.4084 -0.3716 0.9896, -1.4084 -0.442 1.0408, -1.4084 -0.5054 1.1003, -1.4084 -0.5609 1.1674, -1.4084 -0.6076 1.2409, -1.4084 -0.6446 1.3197, -1.4084 -0.6715 1.4024, -1.4084 -0.6878 1.4879, -1.4084 -0.6933 1.5748, 1.4084 -0.6933 1.5748, 1.4084 -0.6933 3.937, 1.4007 -0.7217 1.5748, 1.4007 -0.7217 3.937, 1.3817 -0.7927 1.5748, 1.3817 -0.7927 3.937, 1.3568 -0.846 1.5748, 1.3568 -0.846 3.937, 1.3382 -0.886 1.5748, 1.3382 -0.886 3.937, 1.2876 -0.9583 1.5748, 1.2876 -0.9583 3.937, 1.2792 -0.9703 1.5748, 1.2792 -0.9703 3.937, 1.2064 -1.0431 1.5748, 1.2064 -1.0431 3.937, 1.1943 -1.0516 1.5748, 1.1943 -1.0516 3.937, 1.122 -1.1022 1.5748, 1.122 -1.1022 3.937, 1.0821 -1.1208 1.5748, 1.0821 -1.1208 3.937, 1.0288 -1.1457 1.5748, 1.0288 -1.1457 3.937, 0.9577 -1.1647 1.5748, 0.9577 -1.1647 3.937, 0.9293 -1.1723 1.5748, 0.9293 -1.1723 3.937, 0.9293 -1.1355 1.2833, 0.9293 -1.09 1.1433, 0.9293 -0.9485 0.8858, 0.9293 -0.7473 0.6717, 0.9293 -0.4993 0.5142, 0.9293 0.6279 0.5851, 0.9293 0.8542 0.7724, 0.9293 0.9481 0.8858, 0.9293 1.0269 1.0101, 0.9293 1.1351 1.2833, 0.9293 1.1627 1.4279, 1.4084 -0.6878 1.4879, 1.1465 -0.3382 0.5416, 1.1484 -0.3357 0.5421, 1.2064 -0.3225 0.5829, 0.8547 0.4542 0.4853, 0.9351 0.4587 0.4974, 0.9293 0.459 0.4965, 0.9293 0.4989 0.5142, 0.9081 0.4598 0.4931, 0.8813 0.4583 0.4891, 1.0252 0.4349 0.5138, 0.9994 0.445 0.5087, 1.0288 0.4875 0.5383, 0.9732 0.4525 0.5039, 0.9466 0.4574 0.4993, 1.105 0.3822 0.5312, 1.0821 0.4011 0.5259, 1.122 0.469 0.5777, 1.058 0.4174 0.5206, 1.0503 0.422 0.5189, 1.0287 0.433 0.5145, 1.1484 0.3354 0.5421, 1.1473 0.3368 0.5418, 1.2064 0.4439 0.6311, 1.1268 0.3608 0.5366, 1.122 0.3655 0.5354, 1.2064 0.3221 0.5829, 1.2064 0.2334 0.5585, 1.2033 0.2411 0.5576, 1.1887 0.272 0.5532, 1.1723 0.3009 0.5486, 1.154 0.3279 0.5436, 1.2143 0.2134 0.5609, 1.2792 0.2996 0.6521, 1.221 0.1929 0.563, 1.245 0.0821 0.5707, 1.2408 0.1114 0.5693, 1.2792 0.1816 0.6218, 1.2339 0.1464 0.5671, 1.2251 0.1804 0.5643, 1.25 -0.0055 0.5724, 1.2499 0.0122 0.5724, 1.2792 0.0607 0.6066, 1.2484 0.0473 0.5718, 1.2469 0.0629 0.5713, 1.2792 -0.0611 0.6066, 1.2488 -0.041 0.572, 1.2496 -0.0232 0.5723, 1.2182 -0.2025 0.5621, 1.2211 -0.1932 0.563, 1.2792 -0.182 0.6218, 1.2282 -0.1697 0.5653, 1.2363 -0.136 0.5678, 1.2424 -0.1018 0.5699, 1.2468 -0.0669 0.5713, 1.247 -0.0633 0.5714, 1.1502 -0.3334 0.5426, 1.1687 -0.307 0.5476, 1.1854 -0.2787 0.5523, 1.2132 -0.2168 0.5606, 1.2792 -0.3 0.6521, 1.2063 -0.2336 0.5585, 1.2002 -0.2486 0.5566, 1.0567 -0.4186 0.5203, 1.0811 -0.4022 0.5257, 1.122 -0.4694 0.5777, 1.126 -0.362 0.5364, 1.2064 -0.4443 0.6311, 1.122 -0.3659 0.5354, 1.1042 -0.3834 0.531, 0.9758 -0.4523 0.5044, 1.0288 -0.4879 0.5383, 0.9489 -0.4575 0.4997, 0.9433 -0.4583 0.4988, 0.9293 -0.4593 0.4965, 1.0021 -0.4445 0.5093, 1.0278 -0.434 0.5143, 1.0529 -0.4209 0.5195, 0.8363 -0.4502 0.4829, 0.863 -0.4561 0.4865, 0.8897 -0.4595 0.4903, 0.9165 -0.4602 0.4944, 1.4084 0.6929 1.5748, 1.4084 0.6874 1.4879, 1.4007 0.7213 1.5748, 1.3817 0.7861 1.4755, 1.3817 -0.7865 1.4755, 1.3382 0.8786 1.4638, 1.3568 0.8457 1.5748, 1.3817 0.7923 1.5748, 1.3382 -0.879 1.4638, 1.2792 0.9623 1.4532, 1.2876 0.9579 1.5748, 1.3382 0.8856 1.5748, 1.4084 0.214 0.9156, 1.4084 0.1297 0.894, 1.3817 0.2447 0.8211, 1.3817 0.1483 0.7963, 1.3382 0.2735 0.7323, 1.3382 0.1658 0.7047, 1.4084 0.0433 0.8831, 1.3817 0.0496 0.7838, 1.3382 0.0554 0.6907, 1.4084 -0.0437 0.8831, 1.3817 -0.05 0.7838, 1.3382 -0.0558 0.6907, 1.4084 -0.1301 0.894, 1.3817 -0.1487 0.7963, 1.3382 -0.1662 0.7047, 1.4084 -0.2144 0.9156, 1.3817 -0.2451 0.8211, 1.3382 -0.2739 0.7323, 1.2792 -0.9627 1.4532, 1.2064 -1.0349 1.4441, 1.4084 0.2949 0.9477, 1.3817 0.3372 0.8577, 1.3382 0.377 0.7733, 1.2792 0.4129 0.697, 1.4084 -0.2953 0.9477, 1.3817 -0.3376 0.8577, 1.3382 -0.3774 0.7733, 1.2792 -0.4133 0.697, 1.122 1.0931 1.4367, 1.1943 1.0512 1.5748, 1.2064 1.0345 1.4441, 1.2064 1.0427 1.5748, 1.2792 0.97 1.5748, 1.122 -1.0935 1.4367, 1.0288 1.1363 1.4312, 1.0821 1.1204 1.5748, 1.122 1.1018 1.5748, 1.0288 -1.1367 1.4312, 0.9577 1.1643 1.5748, 1.0288 1.1453 1.5748, 1.4084 -0.5054 1.1003, 1.4084 -0.5609 1.1674, 1.3817 -0.5779 1.0323, 1.3817 -0.6414 1.109, 1.3382 -0.6459 0.9684, 1.3382 -0.7168 1.0541, 1.2792 -0.7074 0.9107, 1.2792 -0.7851 1.0046, 1.2064 -0.7605 0.8609, 1.2064 -0.844 0.9618, 1.122 -0.8035 0.8204, 1.122 -0.8917 0.9271, 1.0288 -0.8352 0.7907, 1.0288 -0.9269 0.9015, 0.9293 -0.8546 0.7724, 0.9293 1.1719 1.5748, 1.0288 1.1093 1.2899, 1.122 1.0672 1.3008, 1.2064 1.01 1.3154, 1.2792 0.9395 1.3335, 1.3382 0.8578 1.3545, 1.3817 0.7674 1.3777, 1.4084 0.6711 1.4024, 0.9293 1.0896 1.1433, 1.0288 1.0649 1.1531, 1.122 1.0244 1.1691, 1.2064 0.9695 1.1909, 1.2792 0.9018 1.2177, 1.3382 0.8234 1.2487, 1.3817 0.7367 1.2831, 1.4084 0.6442 1.3197, 1.4084 0.6072 1.2409, 1.3817 0.6943 1.193, 1.3382 0.7761 1.1481, 1.2792 0.85 1.1074, 1.2064 0.9137 1.0724, 1.122 0.9655 1.0439, 1.0288 1.0036 1.023, 1.0288 0.9265 0.9015, 1.122 0.8913 0.9271, 1.2064 0.8436 0.9618, 1.2792 0.7847 1.0046, 1.3382 0.7165 1.0541, 1.3817 0.641 1.109, 1.4084 0.5605 1.1674, 1.0288 0.8348 0.7907, 1.122 0.8031 0.8204, 1.2064 0.7601 0.8609, 1.2792 0.707 0.9107, 1.3382 0.6455 0.9684, 1.3817 0.5775 1.0323, 1.4084 0.5051 1.1003, 0.9293 0.7469 0.6717, 1.0288 0.73 0.6922, 1.122 0.7022 0.7257, 1.2064 0.6646 0.7712, 1.2792 0.6182 0.8273, 1.3382 0.5645 0.8923, 1.3817 0.505 0.9642, 1.4084 0.4416 1.0408, 1.4084 0.3712 0.9896, 1.3817 0.4245 0.9057, 1.3382 0.4745 0.8269, 1.2792 0.5196 0.7557, 1.2064 0.5586 0.6942, 1.122 0.5903 0.6444, 1.0288 0.6136 0.6076, 0.9293 -0.6283 0.5851, 1.0288 -0.614 0.6076, 1.122 -0.5907 0.6444, 1.2064 -0.559 0.6942, 1.2792 -0.52 0.7557, 1.3382 -0.4748 0.8269, 1.3817 -0.4249 0.9057, 1.4084 -0.3716 0.9896, 1.4084 -0.442 1.0408, 1.3817 -0.5054 0.9642, 1.3382 -0.5648 0.8923, 1.2792 -0.6186 0.8273, 1.2064 -0.665 0.7712, 1.122 -0.7026 0.7257, 1.0288 -0.7304 0.6922, 0.9293 -1.0273 1.0101, 1.0288 -1.004 1.023, 1.122 -0.9659 1.0439, 1.2064 -0.9141 1.0724, 1.2792 -0.8503 1.1074, 1.3382 -0.7765 1.1481, 1.3817 -0.6947 1.193, 1.4084 -0.6076 1.2409, 1.4084 -0.6446 1.3197, 1.3817 -0.7371 1.2831, 1.3382 -0.8238 1.2487, 1.2792 -0.9022 1.2177, 1.2064 -0.9699 1.1909, 1.122 -1.0248 1.1691, 1.0288 -1.0652 1.1531, 1.0288 -1.1097 1.2899, 1.122 -1.0676 1.3008, 1.2064 -1.0104 1.3154, 1.2792 -0.9399 1.3335, 1.3382 -0.8582 1.3545, 1.3817 -0.7678 1.3777, 1.4084 -0.6715 1.4024, 0.9293 -1.1631 1.4279, 0.9293 1.1351 4.2285, 0.9293 1.0896 4.3685, 0.9293 0.9481 4.626, 0.9293 0.7469 4.8402, 0.9293 0.4989 4.9976, 0.9293 0.362 5.0518, 0.9293 0.0734 5.1068, 0.9293 -0.2198 5.0884, 0.9293 -0.4993 4.9976, 0.9293 -0.6283 4.9267, 0.9293 -0.8546 4.7394, 0.9293 -0.9485 4.626, 0.9293 -1.0273 4.5017, 0.9293 -1.1355 4.2285, 0.9293 -1.1631 4.0839, 1.4084 0.6874 4.0239, 1.4084 -0.6878 4.0239, 1.3817 -0.7865 4.0363, 1.4084 0.6929 3.937, 1.4007 0.7213 3.937, 1.3817 0.7861 4.0363, 1.3382 -0.879 4.048, 1.3817 0.7923 3.937, 1.3568 0.8457 3.937, 1.3382 0.8786 4.048, 1.2792 -0.9627 4.0586, 1.3382 0.8856 3.937, 1.2876 0.9579 3.937, 1.2792 0.9623 4.0586, 1.2792 0.97 3.937, 1.2064 1.0345 4.0677, 1.122 -1.0935 4.0751, 1.2064 -1.0349 4.0677, 1.2064 1.0427 3.937, 1.1943 1.0512 3.937, 1.122 1.0931 4.0751, 1.0288 -1.1367 4.0806, 1.122 1.1018 3.937, 1.0821 1.1204 3.937, 1.0288 1.1363 4.0806, 1.4084 -0.0437 4.6287, 1.4084 0.0433 4.6287, 1.3817 -0.05 4.728, 1.3817 0.0496 4.728, 1.3382 -0.0558 4.8211, 1.3382 0.0554 4.8211, 1.2792 -0.0611 4.9052, 1.2792 0.0607 4.9052, 1.2064 -0.0657 4.9779, 1.2064 0.0653 4.9779, 1.122 -0.0694 5.0368, 1.122 0.069 5.0368, 1.0288 -0.0721 5.0802, 1.0288 0.0717 5.0802, 0.9293 -0.0738 5.1068, 1.4084 0.5051 4.4115, 1.4084 0.5605 4.3444, 1.3817 0.5775 4.4795, 1.3817 0.641 4.4028, 1.3382 0.6455 4.5434, 1.3382 0.7165 4.4577, 1.2792 0.707 4.6011, 1.2792 0.7847 4.5073, 1.2064 0.7601 4.651, 1.2064 0.8436 4.55, 1.122 0.8031 4.6914, 1.122 0.8913 4.5847, 1.0288 0.8348 4.7212, 1.0288 0.9265 4.6103, 0.9293 0.8542 4.7394, 1.0288 -1.1097 4.2219, 1.122 -1.0676 4.2111, 1.2064 -1.0104 4.1964, 1.2792 -0.9399 4.1783, 1.3382 -0.8582 4.1573, 1.3817 -0.7678 4.1341, 1.4084 -0.6715 4.1094, 0.9293 -1.09 4.3685, 1.0288 -1.0652 4.3587, 1.122 -1.0248 4.3427, 1.2064 -0.9699 4.3209, 1.2792 -0.9022 4.2941, 1.3382 -0.8238 4.2631, 1.3817 -0.7371 4.2288, 1.4084 -0.6446 4.1922, 1.4084 -0.6076 4.2709, 1.3817 -0.6947 4.3188, 1.3382 -0.7765 4.3638, 1.2792 -0.8503 4.4044, 1.2064 -0.9141 4.4395, 1.122 -0.9659 4.4679, 1.0288 -1.004 4.4889, 1.0288 -0.9269 4.6103, 1.122 -0.8917 4.5847, 1.2064 -0.844 4.55, 1.2792 -0.7851 4.5073, 1.3382 -0.7168 4.4577, 1.3817 -0.6414 4.4028, 1.4084 -0.5609 4.3444, 1.0288 -0.8352 4.7212, 1.122 -0.8035 4.6914, 1.2064 -0.7605 4.651, 1.2792 -0.7074 4.6011, 1.3382 -0.6459 4.5434, 1.3817 -0.5779 4.4795, 1.4084 -0.5054 4.4115, 0.9293 -0.7473 4.8402, 1.0288 -0.7304 4.8196, 1.122 -0.7026 4.7861, 1.2064 -0.665 4.7406, 1.2792 -0.6186 4.6845, 1.3382 -0.5648 4.6196, 1.3817 -0.5054 4.5477, 1.4084 -0.442 4.4711, 1.4084 -0.3716 4.5222, 1.3817 -0.4249 4.6062, 1.3382 -0.4748 4.6849, 1.2792 -0.52 4.7561, 1.2064 -0.559 4.8176, 1.122 -0.5907 4.8674, 1.0288 -0.614 4.9042, 1.0288 -0.4879 4.9735, 1.122 -0.4694 4.9341, 1.2064 -0.4443 4.8807, 1.2792 -0.4133 4.8148, 1.3382 -0.3774 4.7385, 1.3817 -0.3376 4.6541, 1.4084 -0.2953 4.5641, 0.9293 -0.3624 5.0518, 1.0288 -0.3542 5.0264, 1.122 -0.3407 4.9851, 1.2064 -0.3225 4.9289, 1.2792 -0.3 4.8597, 1.3382 -0.2739 4.7795, 1.3817 -0.2451 4.6908, 1.4084 -0.2144 4.5962, 1.4084 -0.1301 4.6178, 1.3817 -0.1487 4.7155, 1.3382 -0.1662 4.8071, 1.2792 -0.182 4.89, 1.2064 -0.1956 4.9615, 1.122 -0.2067 5.0195, 1.0288 -0.2148 5.0622, 0.9293 0.2194 5.0884, 1.0288 0.2144 5.0622, 1.122 0.2063 5.0195, 1.2064 0.1952 4.9615, 1.2792 0.1816 4.89, 1.3382 0.1658 4.8071, 1.3817 0.1483 4.7155, 1.4084 0.1297 4.6178, 1.4084 0.214 4.5962, 1.3817 0.2447 4.6908, 1.3382 0.2735 4.7795, 1.2792 0.2996 4.8597, 1.2064 0.3221 4.9289, 1.122 0.3403 4.9851, 1.0288 0.3538 5.0264, 1.0288 0.4875 4.9735, 1.122 0.469 4.9341, 1.2064 0.4439 4.8807, 1.2792 0.4129 4.8148, 1.3382 0.377 4.7385, 1.3817 0.3372 4.6541, 1.4084 0.2949 4.5641, 0.9293 0.6279 4.9267, 1.0288 0.6136 4.9042, 1.122 0.5903 4.8674, 1.2064 0.5586 4.8176, 1.2792 0.5196 4.7561, 1.3382 0.4745 4.6849, 1.3817 0.4245 4.6062, 1.4084 0.3712 4.5222, 1.4084 0.4416 4.4711, 1.3817 0.505 4.5477, 1.3382 0.5645 4.6196, 1.2792 0.6182 4.6845, 1.2064 0.6646 4.7406, 1.122 0.7022 4.7861, 1.0288 0.73 4.8196, 0.9293 1.0269 4.5017, 1.0288 1.0036 4.4889, 1.122 0.9655 4.4679, 1.2064 0.9137 4.4395, 1.2792 0.85 4.4044, 1.3382 0.7761 4.3638, 1.3817 0.6943 4.3188, 1.4084 0.6072 4.2709, 1.4084 0.6442 4.1922, 1.3817 0.7367 4.2288, 1.3382 0.8234 4.2631, 1.2792 0.9018 4.2941, 1.2064 0.9695 4.3209, 1.122 1.0244 4.3427, 1.0288 1.0649 4.3587, 1.0288 1.1093 4.2219, 1.122 1.0672 4.2111, 1.2064 1.01 4.1964, 1.2792 0.9395 4.1783, 1.3382 0.8578 4.1573, 1.3817 0.7674 4.1341, 1.4084 0.6711 4.1094, 0.9293 1.1627 4.0839, 1.0288 1.1453 3.937, 0.9577 1.1643 3.937, 0.9293 1.1719 3.937
            ]
        }
        coordIndex [
            0,1,2,-1,3,4,5,-1,6,7,8,-1,9,10,11,-1,12,13,14,-1,15,16,17,-1,18,19,20,-1,21,22,23,-1,24,25,26,-1,27,28,29,-1,30,31,32,-1,32,31,33,-1,32,33,34,-1,35,36,37,-1,37,36,38,-1,37,38,32,-1,32,38,39,-1,32,39,30,-1,29,28,40,-1,40,28,41,-1,40,41,42,-1,42,41,43,-1,42,43,35,-1,44,45,29,-1,29,45,46,-1,29,46,27,-1,44,47,45,-1,45,47,48,-1,45,48,49,-1,49,48,50,-1,49,50,51,-1,52,53,44,-1,44,53,54,-1,44,54,47,-1,26,25,55,-1,25,56,55,-1,55,56,57,-1,55,57,44,-1,44,57,58,-1,44,58,52,-1,24,26,59,-1,59,26,60,-1,59,60,61,-1,61,60,62,-1,61,62,63,-1,64,65,66,-1,64,66,67,-1,65,68,66,-1,66,68,69,-1,66,69,70,-1,71,72,73,-1,73,72,74,-1,73,74,62,-1,62,74,75,-1,62,75,63,-1,76,77,78,-1,78,77,79,-1,78,79,80,-1,80,79,81,-1,80,81,82,-1,83,84,73,-1,73,84,85,-1,73,85,86,-1,87,88,66,-1,66,88,89,-1,66,89,90,-1,82,91,80,-1,80,91,92,-1,80,92,93,-1,94,95,96,-1,96,95,97,-1,96,97,66,-1,66,97,98,-1,66,98,67,-1,99,100,80,-1,80,100,101,-1,80,101,102,-1,86,103,73,-1,73,103,104,-1,73,104,71,-1,93,105,80,-1,80,105,106,-1,80,106,99,-1,106,107,99,-1,99,107,108,-1,99,108,109,-1,109,110,99,-1,99,110,111,-1,99,111,112,-1,112,111,94,-1,112,94,113,-1,113,94,96,-1,102,114,80,-1,80,114,115,-1,80,115,73,-1,73,115,116,-1,73,116,83,-1,70,117,66,-1,66,117,118,-1,66,118,119,-1,119,120,66,-1,66,120,121,-1,66,121,87,-1,89,122,90,-1,90,122,123,-1,90,123,124,-1,124,123,125,-1,126,23,127,-1,127,23,128,-1,127,128,129,-1,129,128,130,-1,125,131,124,-1,124,131,132,-1,124,132,128,-1,128,132,133,-1,128,133,130,-1,21,134,22,-1,22,134,135,-1,22,135,136,-1,137,138,139,-1,139,138,140,-1,139,140,126,-1,126,140,141,-1,126,141,23,-1,23,141,142,-1,23,142,21,-1,143,144,139,-1,139,144,145,-1,139,145,137,-1,143,146,144,-1,144,146,147,-1,144,147,148,-1,149,150,151,-1,151,130,149,-1,149,130,133,-1,149,133,152,-1,152,133,153,-1,153,154,152,-1,152,154,155,-1,152,155,156,-1,157,158,159,-1,158,160,159,-1,159,160,161,-1,159,161,162,-1,163,159,164,-1,150,149,163,-1,163,149,165,-1,163,165,159,-1,159,165,166,-1,159,166,157,-1,164,167,163,-1,163,167,168,-1,163,168,169,-1,162,161,170,-1,170,161,171,-1,170,171,172,-1,172,171,173,-1,172,173,174,-1,175,176,169,-1,169,176,177,-1,169,177,163,-1,178,179,76,-1,76,179,180,-1,76,180,77,-1,34,181,32,-1,32,181,182,-1,32,182,183,-1,183,182,184,-1,183,184,18,-1,185,186,187,-1,187,186,188,-1,189,190,191,-1,191,190,192,-1,191,192,193,-1,194,195,196,-1,196,195,191,-1,196,191,197,-1,197,191,193,-1,185,198,186,-1,186,198,199,-1,186,199,200,-1,200,201,186,-1,186,201,202,-1,186,202,191,-1,191,202,203,-1,191,203,189,-1,204,205,206,-1,206,207,204,-1,204,207,208,-1,204,208,209,-1,209,208,188,-1,210,211,195,-1,212,210,213,-1,195,211,214,-1,205,215,216,-1,217,218,216,-1,213,210,218,-1,218,210,216,-1,216,210,195,-1,216,195,205,-1,205,195,194,-1,205,194,206,-1,213,219,212,-1,212,219,220,-1,212,220,221,-1,216,222,217,-1,217,222,223,-1,217,223,224,-1,215,205,225,-1,225,205,204,-1,225,204,226,-1,227,228,226,-1,226,228,229,-1,226,229,225,-1,230,231,232,-1,233,234,231,-1,231,234,235,-1,231,235,232,-1,236,237,238,-1,238,237,239,-1,238,239,240,-1,240,239,241,-1,240,241,242,-1,242,243,240,-1,240,243,244,-1,240,244,245,-1,246,247,248,-1,249,250,251,-1,252,253,254,-1,255,256,247,-1,247,256,257,-1,247,257,248,-1,248,257,258,-1,248,258,259,-1,252,254,247,-1,247,254,260,-1,247,260,255,-1,251,250,261,-1,262,263,264,-1,265,266,267,-1,268,269,270,-1,259,271,248,-1,248,271,272,-1,248,272,270,-1,270,272,273,-1,270,273,268,-1,269,274,270,-1,270,274,275,-1,270,275,276,-1,275,277,276,-1,276,277,278,-1,276,278,264,-1,266,279,267,-1,267,279,280,-1,267,280,281,-1,281,282,267,-1,267,282,283,-1,267,283,250,-1,250,283,284,-1,250,284,261,-1,285,286,287,-1,287,286,288,-1,287,288,289,-1,287,290,285,-1,285,290,291,-1,285,291,292,-1,292,293,285,-1,285,293,294,-1,285,294,295,-1,295,294,296,-1,295,296,297,-1,297,296,298,-1,297,298,264,-1,264,298,299,-1,264,299,262,-1,300,301,289,-1,289,301,302,-1,289,302,287,-1,303,304,253,-1,253,304,305,-1,253,305,254,-1,303,306,304,-1,304,306,307,-1,304,307,308,-1,308,307,309,-1,308,310,311,-1,309,312,308,-1,308,312,313,-1,308,313,314,-1,314,315,308,-1,308,315,316,-1,308,316,310,-1,311,317,308,-1,308,317,318,-1,308,318,319,-1,320,321,15,-1,15,321,322,-1,323,324,325,-1,326,327,328,-1,328,327,329,-1,328,329,330,-1,329,331,330,-1,330,331,332,-1,330,332,333,-1,334,332,335,-1,335,332,331,-1,335,331,336,-1,336,331,329,-1,336,329,337,-1,337,329,338,-1,337,338,16,-1,339,340,341,-1,342,343,344,-1,339,341,345,-1,345,341,344,-1,345,344,346,-1,346,344,343,-1,346,343,347,-1,348,349,350,-1,350,349,351,-1,344,352,342,-1,342,352,353,-1,342,353,354,-1,355,356,357,-1,340,339,358,-1,358,339,359,-1,358,359,355,-1,348,350,347,-1,347,350,360,-1,347,360,346,-1,346,360,361,-1,346,361,357,-1,357,361,362,-1,357,362,355,-1,13,363,14,-1,14,363,364,-1,14,364,365,-1,365,364,366,-1,365,366,367,-1,12,368,369,-1,369,368,37,-1,369,37,370,-1,370,37,32,-1,370,32,367,-1,367,32,183,-1,367,183,365,-1,10,9,359,-1,359,9,371,-1,359,371,372,-1,373,374,375,-1,373,375,376,-1,355,359,356,-1,356,359,372,-1,356,372,377,-1,377,372,378,-1,377,378,375,-1,375,378,379,-1,375,379,376,-1,374,380,375,-1,375,380,381,-1,375,381,382,-1,382,383,375,-1,375,383,384,-1,375,384,385,-1,385,386,375,-1,375,386,387,-1,375,387,388,-1,388,387,389,-1,389,387,390,-1,390,387,391,-1,390,391,392,-1,392,393,390,-1,390,393,394,-1,390,394,395,-1,395,394,396,-1,397,398,11,-1,8,399,400,-1,400,401,8,-1,8,401,402,-1,8,402,6,-1,5,4,365,-1,14,403,8,-1,8,403,404,-1,8,404,399,-1,4,405,365,-1,365,405,406,-1,365,406,14,-1,14,406,407,-1,14,407,403,-1,408,409,5,-1,5,409,410,-1,410,411,5,-1,5,411,412,-1,5,412,3,-1,1,413,414,-1,414,413,415,-1,414,415,416,-1,377,417,356,-1,356,417,418,-1,356,418,2,-1,2,418,419,-1,2,419,0,-1,420,421,422,-1,422,421,423,-1,422,423,424,-1,425,426,427,-1,428,429,425,-1,427,424,425,-1,425,424,423,-1,425,423,428,-1,428,423,430,-1,431,432,433,-1,433,432,429,-1,431,434,435,-1,435,434,20,-1,435,20,436,-1,19,178,20,-1,20,178,76,-1,20,76,436,-1,436,76,78,-1,436,78,437,-1,438,439,276,-1,232,237,230,-1,230,237,236,-1,230,236,440,-1,440,236,441,-1,263,442,264,-1,264,442,265,-1,264,265,276,-1,276,265,267,-1,276,267,438,-1,211,443,214,-1,214,443,240,-1,214,240,444,-1,444,240,245,-1,444,245,445,-1,446,447,448,-1,445,449,444,-1,444,449,450,-1,444,450,267,-1,267,450,451,-1,267,451,438,-1,236,276,441,-1,441,276,439,-1,441,439,446,-1,446,439,452,-1,446,452,453,-1,453,454,446,-1,446,454,455,-1,446,455,447,-1,448,456,446,-1,446,456,457,-1,446,457,458,-1,459,460,461,-1,461,460,462,-1,463,464,465,-1,462,466,191,-1,191,466,467,-1,191,467,186,-1,186,467,468,-1,186,468,460,-1,468,469,460,-1,460,469,470,-1,460,470,462,-1,462,470,463,-1,462,463,466,-1,466,463,465,-1,188,186,209,-1,209,186,460,-1,209,460,471,-1,471,460,459,-1,471,459,472,-1,16,338,17,-1,17,338,473,-1,17,473,474,-1,474,473,475,-1,474,475,476,-1,15,17,320,-1,320,17,474,-1,320,474,477,-1,477,474,476,-1,477,476,478,-1,479,480,323,-1,481,482,483,-1,483,482,484,-1,480,485,323,-1,323,485,486,-1,323,486,487,-1,345,488,483,-1,483,488,489,-1,483,489,490,-1,487,491,323,-1,323,491,492,-1,323,492,346,-1,346,492,493,-1,346,493,345,-1,345,493,494,-1,345,494,488,-1,490,495,483,-1,483,495,496,-1,483,496,481,-1,322,321,325,-1,325,321,483,-1,325,483,323,-1,323,483,484,-1,323,484,479,-1,1,414,2,-1,2,414,497,-1,2,497,356,-1,356,497,498,-1,356,498,357,-1,357,498,499,-1,357,499,346,-1,346,499,327,-1,346,327,323,-1,323,327,326,-1,323,326,324,-1,11,10,397,-1,397,10,359,-1,397,359,500,-1,500,359,339,-1,500,339,501,-1,501,339,345,-1,501,345,502,-1,502,345,483,-1,502,483,503,-1,503,483,321,-1,503,321,504,-1,504,321,320,-1,504,320,505,-1,505,320,477,-1,505,477,506,-1,506,477,478,-1,506,478,507,-1,508,509,510,-1,511,512,513,-1,513,512,249,-1,514,515,248,-1,248,515,516,-1,248,516,517,-1,518,519,520,-1,520,519,521,-1,520,521,248,-1,248,521,522,-1,248,522,514,-1,509,523,510,-1,510,523,524,-1,510,524,525,-1,525,524,526,-1,527,528,526,-1,526,528,529,-1,526,529,525,-1,530,512,531,-1,531,512,532,-1,530,533,512,-1,512,533,534,-1,512,534,535,-1,536,537,520,-1,517,538,248,-1,248,538,539,-1,248,539,540,-1,541,542,512,-1,512,542,543,-1,512,543,532,-1,518,520,510,-1,510,520,537,-1,510,537,508,-1,251,246,249,-1,249,246,248,-1,249,248,513,-1,513,248,540,-1,544,545,526,-1,526,545,546,-1,526,546,547,-1,511,548,549,-1,549,550,511,-1,511,550,551,-1,511,551,512,-1,512,551,552,-1,512,552,541,-1,547,553,526,-1,526,553,554,-1,526,554,527,-1,437,78,555,-1,555,78,80,-1,555,80,430,-1,430,80,556,-1,430,556,428,-1,428,556,512,-1,428,512,520,-1,520,512,535,-1,520,535,536,-1,429,428,433,-1,433,428,520,-1,433,520,557,-1,557,520,248,-1,557,248,558,-1,558,248,270,-1,558,270,559,-1,559,270,276,-1,559,276,560,-1,560,276,236,-1,560,236,227,-1,227,236,238,-1,227,238,228,-1,431,433,434,-1,434,433,557,-1,434,557,416,-1,416,557,558,-1,416,558,414,-1,414,558,559,-1,414,559,497,-1,497,559,560,-1,497,560,498,-1,498,560,227,-1,498,227,499,-1,499,227,226,-1,499,226,327,-1,327,226,204,-1,327,204,329,-1,329,204,209,-1,329,209,338,-1,338,209,471,-1,338,471,473,-1,473,471,472,-1,473,472,475,-1,12,14,368,-1,368,14,8,-1,368,8,561,-1,561,8,7,-1,561,7,397,-1,397,7,562,-1,397,562,398,-1,18,20,183,-1,183,20,434,-1,183,434,365,-1,365,434,416,-1,365,416,5,-1,5,416,415,-1,5,415,408,-1,35,37,42,-1,42,37,368,-1,42,368,563,-1,563,368,561,-1,563,561,564,-1,564,561,397,-1,564,397,565,-1,565,397,500,-1,565,500,566,-1,566,500,501,-1,566,501,567,-1,567,501,502,-1,567,502,568,-1,568,502,503,-1,568,503,569,-1,569,503,504,-1,569,504,570,-1,570,504,505,-1,570,505,571,-1,571,505,506,-1,571,506,572,-1,572,506,507,-1,572,507,573,-1,42,563,574,-1,574,563,564,-1,564,565,574,-1,574,565,566,-1,574,566,567,-1,567,568,574,-1,574,568,569,-1,574,569,570,-1,570,571,574,-1,574,571,572,-1,574,572,573,-1,575,576,577,-1,577,576,578,-1,577,578,579,-1,579,578,580,-1,579,580,581,-1,581,580,582,-1,581,582,583,-1,583,582,584,-1,583,584,585,-1,585,584,586,-1,585,586,587,-1,587,586,588,-1,587,588,589,-1,589,588,590,-1,589,590,591,-1,591,590,592,-1,591,592,593,-1,593,592,594,-1,593,594,595,-1,595,594,596,-1,595,596,597,-1,597,596,598,-1,597,598,599,-1,599,598,600,-1,599,600,601,-1,601,600,602,-1,601,602,603,-1,603,602,604,-1,603,604,605,-1,605,604,606,-1,605,606,607,-1,607,606,608,-1,607,608,609,-1,609,608,610,-1,609,610,611,-1,611,610,612,-1,611,612,613,-1,613,612,614,-1,613,614,615,-1,615,614,616,-1,615,616,617,-1,617,616,618,-1,617,618,619,-1,619,618,620,-1,619,620,621,-1,621,620,622,-1,621,622,623,-1,623,622,624,-1,623,624,625,-1,625,624,626,-1,625,626,627,-1,627,626,628,-1,627,628,629,-1,629,628,630,-1,629,630,631,-1,631,630,632,-1,631,632,633,-1,633,632,634,-1,633,634,635,-1,635,634,636,-1,635,636,637,-1,637,636,638,-1,637,638,639,-1,639,638,640,-1,639,640,641,-1,641,640,642,-1,641,642,643,-1,643,642,644,-1,643,644,645,-1,645,644,646,-1,645,646,647,-1,647,646,648,-1,647,648,649,-1,649,648,650,-1,649,650,651,-1,651,650,652,-1,651,652,653,-1,653,652,654,-1,653,654,655,-1,655,654,656,-1,655,656,574,-1,574,656,657,-1,574,657,42,-1,42,657,40,-1,658,659,575,-1,575,659,576,-1,660,661,662,-1,663,664,665,-1,663,665,666,-1,666,665,667,-1,666,667,668,-1,669,670,671,-1,671,670,672,-1,671,672,673,-1,673,672,674,-1,675,676,677,-1,675,677,678,-1,679,680,677,-1,669,671,677,-1,677,671,681,-1,677,681,679,-1,680,682,677,-1,677,682,683,-1,677,683,678,-1,684,685,686,-1,686,685,687,-1,686,687,688,-1,688,689,686,-1,686,689,690,-1,686,690,691,-1,691,692,686,-1,686,692,693,-1,686,693,694,-1,676,695,677,-1,677,695,686,-1,677,686,696,-1,696,686,694,-1,684,697,685,-1,685,697,698,-1,685,698,699,-1,699,700,685,-1,685,700,701,-1,685,701,702,-1,702,701,703,-1,704,705,706,-1,706,705,707,-1,706,707,701,-1,701,707,708,-1,701,708,703,-1,709,710,711,-1,711,710,712,-1,711,712,713,-1,713,714,711,-1,711,714,715,-1,711,715,716,-1,716,715,717,-1,662,661,715,-1,715,661,718,-1,715,718,717,-1,704,706,719,-1,719,706,720,-1,719,720,721,-1,721,720,722,-1,721,722,723,-1,723,722,724,-1,723,724,662,-1,662,724,725,-1,662,725,660,-1,726,727,728,-1,726,728,729,-1,730,731,728,-1,728,731,732,-1,728,732,729,-1,709,711,733,-1,733,711,734,-1,733,734,735,-1,735,736,733,-1,733,736,737,-1,733,737,738,-1,738,739,733,-1,733,739,740,-1,733,740,741,-1,727,742,728,-1,728,742,733,-1,728,733,743,-1,743,733,741,-1,728,744,745,-1,746,747,748,-1,746,748,749,-1,749,748,750,-1,749,750,751,-1,745,752,728,-1,728,752,753,-1,728,753,730,-1,744,754,745,-1,745,754,755,-1,745,755,756,-1,756,755,757,-1,659,658,758,-1,758,658,759,-1,758,759,760,-1,760,759,761,-1,760,761,762,-1,762,761,763,-1,762,763,764,-1,764,763,765,-1,764,765,766,-1,766,765,767,-1,766,767,768,-1,768,767,769,-1,768,769,770,-1,770,769,771,-1,770,771,772,-1,772,771,773,-1,772,773,774,-1,774,773,775,-1,774,775,776,-1,776,775,777,-1,776,777,778,-1,778,777,779,-1,778,779,780,-1,780,779,781,-1,780,781,782,-1,782,781,783,-1,782,783,745,-1,745,783,748,-1,745,748,752,-1,752,748,747,-1,664,681,665,-1,665,681,671,-1,665,671,784,-1,784,671,785,-1,784,785,786,-1,786,785,787,-1,786,787,788,-1,788,787,789,-1,788,789,790,-1,790,789,791,-1,790,791,792,-1,792,791,793,-1,792,793,794,-1,794,793,795,-1,794,795,796,-1,796,795,797,-1,796,797,798,-1,798,797,799,-1,798,799,800,-1,800,799,801,-1,800,801,802,-1,802,801,803,-1,802,803,804,-1,804,803,805,-1,804,805,806,-1,806,805,807,-1,806,807,808,-1,808,807,809,-1,461,462,809,-1,809,462,191,-1,191,195,809,-1,809,195,214,-1,809,214,444,-1,444,267,809,-1,809,267,250,-1,809,250,249,-1,249,512,809,-1,809,512,556,-1,809,556,808,-1,808,556,80,-1,808,80,73,-1,810,811,812,-1,812,811,813,-1,812,813,814,-1,815,814,816,-1,816,814,817,-1,814,818,819,-1,810,812,820,-1,820,812,821,-1,820,821,822,-1,822,823,820,-1,820,823,824,-1,820,824,825,-1,825,826,820,-1,820,826,827,-1,820,827,828,-1,815,829,814,-1,814,829,830,-1,814,830,831,-1,831,832,814,-1,814,832,833,-1,814,833,818,-1,819,834,814,-1,814,834,835,-1,814,835,836,-1,836,837,814,-1,814,837,838,-1,814,838,812,-1,828,839,820,-1,820,839,840,-1,820,840,841,-1,841,840,842,-1,843,844,814,-1,814,844,845,-1,814,845,817,-1,843,846,844,-1,844,846,847,-1,844,847,848,-1,842,849,841,-1,841,849,850,-1,841,850,851,-1,852,853,854,-1,854,853,855,-1,854,855,856,-1,852,857,853,-1,853,857,841,-1,853,841,858,-1,858,841,851,-1,856,859,854,-1,854,859,860,-1,854,860,861,-1,862,863,864,-1,865,866,867,-1,867,866,864,-1,867,864,868,-1,869,870,871,-1,872,864,873,-1,873,864,874,-1,865,875,866,-1,866,875,876,-1,866,876,877,-1,878,879,880,-1,881,882,883,-1,879,878,864,-1,864,878,884,-1,864,884,885,-1,885,886,864,-1,864,886,887,-1,864,887,862,-1,863,888,864,-1,864,888,889,-1,864,889,874,-1,872,890,864,-1,864,890,891,-1,864,891,868,-1,892,893,894,-1,894,893,866,-1,894,866,895,-1,895,866,877,-1,870,896,871,-1,871,896,897,-1,871,897,898,-1,899,900,901,-1,869,871,894,-1,894,871,902,-1,894,902,903,-1,880,904,878,-1,878,904,881,-1,878,881,905,-1,883,906,881,-1,881,906,907,-1,881,907,905,-1,903,908,894,-1,894,908,909,-1,894,909,910,-1,898,897,901,-1,901,897,911,-1,901,911,899,-1,910,912,894,-1,894,912,913,-1,894,913,892,-1,865,867,914,-1,914,867,915,-1,914,915,916,-1,916,915,917,-1,916,917,918,-1,918,917,919,-1,918,919,920,-1,920,919,921,-1,920,921,922,-1,922,921,923,-1,922,923,924,-1,924,923,925,-1,924,925,926,-1,926,925,927,-1,926,927,928,-1,928,927,929,-1,928,929,930,-1,930,929,931,-1,930,931,932,-1,932,931,933,-1,932,933,934,-1,934,933,935,-1,934,935,936,-1,936,935,937,-1,936,937,938,-1,937,939,938,-1,938,939,940,-1,938,940,507,-1,507,940,573,-1,507,478,938,-1,938,478,476,-1,938,476,475,-1,475,472,938,-1,938,472,459,-1,938,459,941,-1,941,459,461,-1,942,943,944,-1,943,575,577,-1,943,577,944,-1,944,577,579,-1,944,579,945,-1,579,581,945,-1,945,581,583,-1,945,583,946,-1,583,585,946,-1,946,585,587,-1,946,587,947,-1,947,587,589,-1,947,589,948,-1,948,589,591,-1,948,591,949,-1,949,591,593,-1,593,595,949,-1,949,595,597,-1,949,597,950,-1,597,599,950,-1,950,599,601,-1,950,601,951,-1,951,601,603,-1,951,603,952,-1,603,605,952,-1,952,605,607,-1,952,607,953,-1,607,609,953,-1,953,609,611,-1,953,611,954,-1,954,611,613,-1,954,613,955,-1,613,615,955,-1,955,615,617,-1,955,617,956,-1,617,619,956,-1,956,619,621,-1,956,621,957,-1,621,623,957,-1,957,623,625,-1,957,625,958,-1,958,625,627,-1,958,627,959,-1,627,629,959,-1,959,629,631,-1,959,631,960,-1,631,633,960,-1,960,633,635,-1,960,635,961,-1,961,635,637,-1,961,637,962,-1,637,639,962,-1,962,639,641,-1,962,641,963,-1,641,643,963,-1,963,643,645,-1,963,645,964,-1,645,647,964,-1,964,647,649,-1,964,649,965,-1,965,649,651,-1,965,651,966,-1,651,653,966,-1,966,653,655,-1,966,655,967,-1,967,655,574,-1,967,574,573,-1,968,969,942,-1,942,944,968,-1,968,944,945,-1,968,945,970,-1,970,945,946,-1,970,946,971,-1,971,946,947,-1,971,947,972,-1,972,947,948,-1,972,948,973,-1,973,948,949,-1,973,949,974,-1,974,949,950,-1,974,950,975,-1,975,950,951,-1,975,951,976,-1,976,951,952,-1,976,952,977,-1,977,952,953,-1,977,953,978,-1,978,953,954,-1,978,954,979,-1,979,954,955,-1,979,955,980,-1,980,955,956,-1,980,956,981,-1,981,956,957,-1,981,957,982,-1,982,957,958,-1,982,958,983,-1,983,958,959,-1,983,959,984,-1,984,959,960,-1,984,960,985,-1,985,960,961,-1,985,961,986,-1,986,961,962,-1,986,962,987,-1,987,962,963,-1,987,963,988,-1,988,963,964,-1,988,964,989,-1,989,964,965,-1,989,965,990,-1,990,965,966,-1,990,966,991,-1,991,966,967,-1,991,967,992,-1,993,994,995,-1,995,994,996,-1,573,940,967,-1,967,940,939,-1,967,939,992,-1,992,939,937,-1,992,937,935,-1,935,997,992,-1,992,997,998,-1,992,998,991,-1,991,998,999,-1,991,999,990,-1,990,999,1000,-1,990,1000,989,-1,989,1000,1001,-1,989,1001,988,-1,988,1001,1002,-1,988,1002,987,-1,987,1002,1003,-1,987,1003,986,-1,986,1003,1004,-1,986,1004,985,-1,985,1004,1005,-1,985,1005,984,-1,984,1005,1006,-1,984,1006,983,-1,983,1006,1007,-1,983,1007,982,-1,982,1007,1008,-1,982,1008,981,-1,981,1008,1009,-1,981,1009,980,-1,980,1009,1010,-1,980,1010,979,-1,979,1010,1011,-1,979,1011,978,-1,978,1011,1012,-1,978,1012,977,-1,977,1012,1013,-1,977,1013,976,-1,976,1013,1014,-1,976,1014,975,-1,975,1014,1015,-1,975,1015,974,-1,974,1015,1016,-1,974,1016,973,-1,973,1016,1017,-1,973,1017,972,-1,972,1017,1018,-1,972,1018,971,-1,971,1018,1019,-1,971,1019,970,-1,970,1019,995,-1,970,995,968,-1,968,995,996,-1,968,996,969,-1,1020,1021,1022,-1,1022,1021,993,-1,993,995,1022,-1,1022,995,1019,-1,1022,1019,1023,-1,1023,1019,1018,-1,1023,1018,1024,-1,1024,1018,1017,-1,1024,1017,1025,-1,1025,1017,1016,-1,1025,1016,1026,-1,1026,1016,1015,-1,1026,1015,1027,-1,1027,1015,1014,-1,1027,1014,1028,-1,1028,1014,1013,-1,1028,1013,1029,-1,1029,1013,1012,-1,1029,1012,1030,-1,1030,1012,1011,-1,1030,1011,1031,-1,1031,1011,1010,-1,1031,1010,1032,-1,1032,1010,1009,-1,1032,1009,1033,-1,1033,1009,1008,-1,1033,1008,1034,-1,1034,1008,1007,-1,1034,1007,1035,-1,1035,1007,1006,-1,1035,1006,1036,-1,1036,1006,1005,-1,1036,1005,1037,-1,1037,1005,1004,-1,1037,1004,1038,-1,1038,1004,1003,-1,1038,1003,1039,-1,1039,1003,1002,-1,1039,1002,1040,-1,1040,1002,1001,-1,1040,1001,1041,-1,1041,1001,1000,-1,1041,1000,1042,-1,1042,1000,999,-1,1042,999,1043,-1,1043,999,998,-1,1043,998,1044,-1,1044,998,997,-1,1044,997,1045,-1,1020,1022,1046,-1,1046,1022,1023,-1,1046,1023,1047,-1,1047,1023,1024,-1,1047,1024,1048,-1,1048,1024,1025,-1,1048,1025,1049,-1,1049,1025,1026,-1,1049,1026,1050,-1,1050,1026,1027,-1,1050,1027,1051,-1,1051,1027,1028,-1,1051,1028,1052,-1,1052,1028,1029,-1,1052,1029,1053,-1,1053,1029,1030,-1,1053,1030,1054,-1,1054,1030,1031,-1,1054,1031,1055,-1,1055,1031,1032,-1,1055,1032,1056,-1,1056,1032,1033,-1,1056,1033,1057,-1,1057,1033,1034,-1,1057,1034,1058,-1,1058,1034,1035,-1,1058,1035,1059,-1,1059,1035,1036,-1,1059,1036,1060,-1,1060,1036,1037,-1,1060,1037,1061,-1,1061,1037,1038,-1,1061,1038,1062,-1,1062,1038,1039,-1,1062,1039,1063,-1,1063,1039,1040,-1,1063,1040,1064,-1,1064,1040,1041,-1,1064,1041,1065,-1,1065,1041,1042,-1,1065,1042,1066,-1,1066,1042,1043,-1,1066,1043,1067,-1,1067,1043,1044,-1,1067,1044,1068,-1,1068,1044,1045,-1,1068,1045,1069,-1,1070,1071,1072,-1,1072,1071,1073,-1,935,933,997,-1,997,933,931,-1,997,931,1045,-1,1045,931,929,-1,1045,929,1069,-1,1069,929,927,-1,1069,927,925,-1,925,1074,1069,-1,1069,1074,1075,-1,1069,1075,1068,-1,1068,1075,1076,-1,1068,1076,1067,-1,1067,1076,1077,-1,1067,1077,1066,-1,1066,1077,1078,-1,1066,1078,1065,-1,1065,1078,1079,-1,1065,1079,1064,-1,1064,1079,1080,-1,1064,1080,1063,-1,1063,1080,1081,-1,1063,1081,1062,-1,1062,1081,1082,-1,1062,1082,1061,-1,1061,1082,1083,-1,1061,1083,1060,-1,1060,1083,1084,-1,1060,1084,1059,-1,1059,1084,1085,-1,1059,1085,1058,-1,1058,1085,1086,-1,1058,1086,1057,-1,1057,1086,1087,-1,1057,1087,1056,-1,1056,1087,1088,-1,1056,1088,1055,-1,1055,1088,1089,-1,1055,1089,1054,-1,1054,1089,1090,-1,1054,1090,1053,-1,1053,1090,1091,-1,1053,1091,1052,-1,1052,1091,1092,-1,1052,1092,1051,-1,1051,1092,1093,-1,1051,1093,1050,-1,1050,1093,1094,-1,1050,1094,1049,-1,1049,1094,1095,-1,1049,1095,1048,-1,1048,1095,1096,-1,1048,1096,1047,-1,1047,1096,1072,-1,1047,1072,1046,-1,1046,1072,1073,-1,1046,1073,1020,-1,1097,1098,1099,-1,1099,1098,1070,-1,1070,1072,1099,-1,1099,1072,1096,-1,1099,1096,1100,-1,1100,1096,1095,-1,1100,1095,1101,-1,1101,1095,1094,-1,1101,1094,1102,-1,1102,1094,1093,-1,1102,1093,1103,-1,1103,1093,1092,-1,1103,1092,1104,-1,1104,1092,1091,-1,1104,1091,1105,-1,1105,1091,1090,-1,1105,1090,1106,-1,1106,1090,1089,-1,1106,1089,1107,-1,1107,1089,1088,-1,1107,1088,1108,-1,1108,1088,1087,-1,1108,1087,1109,-1,1109,1087,1086,-1,1109,1086,1110,-1,1110,1086,1085,-1,1110,1085,1111,-1,1111,1085,1084,-1,1111,1084,1112,-1,1112,1084,1083,-1,1112,1083,1113,-1,1113,1083,1082,-1,1113,1082,1114,-1,1114,1082,1081,-1,1114,1081,1115,-1,1115,1081,1080,-1,1115,1080,1116,-1,1116,1080,1079,-1,1116,1079,1117,-1,1117,1079,1078,-1,1117,1078,1118,-1,1118,1078,1077,-1,1118,1077,1119,-1,1119,1077,1076,-1,1119,1076,1120,-1,1120,1076,1075,-1,1120,1075,1121,-1,1121,1075,1074,-1,1121,1074,1122,-1,864,1123,1124,-1,1124,1123,1097,-1,925,923,1074,-1,1074,923,921,-1,1074,921,1122,-1,1122,921,919,-1,1122,919,917,-1,1097,1099,1124,-1,1124,1099,1100,-1,1124,1100,1125,-1,1125,1100,1101,-1,1125,1101,1126,-1,1126,1101,1102,-1,1126,1102,1127,-1,1127,1102,1103,-1,1127,1103,1128,-1,1128,1103,1104,-1,1128,1104,1129,-1,1129,1104,1105,-1,1129,1105,1130,-1,1130,1105,1106,-1,1130,1106,1131,-1,1131,1106,1107,-1,1131,1107,1132,-1,1132,1107,1108,-1,1132,1108,1133,-1,1133,1108,1109,-1,1133,1109,1134,-1,1134,1109,1110,-1,1134,1110,1135,-1,1135,1110,1111,-1,1135,1111,1136,-1,1136,1111,1112,-1,1136,1112,1137,-1,1137,1112,1113,-1,1137,1113,1138,-1,1138,1113,1114,-1,1138,1114,1139,-1,1139,1114,1115,-1,1139,1115,1140,-1,1140,1115,1116,-1,1140,1116,1141,-1,1141,1116,1117,-1,1141,1117,1142,-1,1142,1117,1118,-1,1142,1118,1143,-1,1143,1118,1119,-1,1143,1119,1144,-1,1144,1119,1120,-1,1144,1120,1145,-1,1145,1120,1121,-1,1145,1121,1146,-1,1146,1121,1122,-1,1146,1122,1147,-1,1147,1122,917,-1,1147,917,915,-1,864,1124,879,-1,879,1124,1125,-1,879,1125,880,-1,880,1125,1126,-1,880,1126,904,-1,904,1126,1127,-1,904,1127,881,-1,881,1127,1128,-1,881,1128,882,-1,882,1128,1129,-1,882,1129,883,-1,883,1129,1130,-1,883,1130,906,-1,906,1130,1131,-1,906,1131,907,-1,907,1131,1132,-1,907,1132,905,-1,905,1132,1133,-1,905,1133,878,-1,878,1133,1134,-1,878,1134,884,-1,884,1134,1135,-1,884,1135,885,-1,885,1135,1136,-1,885,1136,886,-1,886,1136,1137,-1,886,1137,887,-1,887,1137,1138,-1,887,1138,862,-1,862,1138,1139,-1,862,1139,863,-1,863,1139,1140,-1,863,1140,888,-1,888,1140,1141,-1,888,1141,889,-1,889,1141,1142,-1,889,1142,874,-1,874,1142,1143,-1,874,1143,873,-1,873,1143,1144,-1,873,1144,872,-1,872,1144,1145,-1,872,1145,890,-1,890,1145,1146,-1,890,1146,891,-1,891,1146,1147,-1,891,1147,868,-1,868,1147,915,-1,868,915,867,-1,941,461,809,-1,1148,1149,1150,-1,1151,1152,1153,-1,1154,1155,1156,-1,1156,1155,1157,-1,1154,1158,750,-1,750,1158,1159,-1,750,1159,751,-1,1160,1161,1155,-1,1155,1161,1162,-1,1155,1162,1157,-1,1163,1164,1165,-1,1165,1164,1166,-1,1165,1166,1160,-1,1167,1168,1169,-1,1169,1168,1170,-1,1170,1171,1169,-1,1169,1171,1172,-1,1169,1172,1173,-1,1167,1174,1175,-1,1175,1174,1153,-1,1175,1153,1176,-1,1176,1153,1177,-1,1152,1178,1153,-1,1153,1178,1179,-1,1153,1179,1177,-1,1151,1180,1181,-1,1181,1180,1182,-1,1181,1182,1183,-1,1183,1182,1184,-1,1185,1186,1187,-1,1187,1186,1188,-1,1187,1188,1182,-1,1182,1188,1189,-1,1182,1189,1184,-1,1190,1191,1192,-1,1192,1191,1193,-1,1192,1193,1187,-1,1187,1193,1194,-1,1187,1194,1185,-1,1195,1196,1197,-1,1197,1196,1198,-1,1198,1199,1197,-1,1197,1199,1200,-1,1197,1200,1192,-1,1192,1200,1201,-1,1192,1201,1190,-1,1195,1197,1202,-1,1202,1197,1203,-1,1202,1203,1204,-1,1205,1206,1207,-1,1207,1208,1205,-1,1205,1208,1209,-1,1205,1209,1204,-1,1149,1210,1211,-1,1211,1210,1212,-1,1211,1212,1205,-1,1205,1212,1213,-1,1205,1213,1206,-1,1214,1215,1150,-1,1215,1216,1150,-1,1150,1216,1217,-1,1150,1217,1148,-1,1218,1219,1220,-1,1221,1222,1218,-1,1219,1223,1220,-1,1220,1223,1224,-1,1220,1224,1214,-1,1225,673,1226,-1,1226,673,674,-1,1227,1228,1221,-1,1221,1228,1229,-1,1221,1229,1222,-1,941,809,1230,-1,1230,809,807,-1,1230,807,1231,-1,807,805,1231,-1,1231,805,803,-1,1231,803,1232,-1,803,801,1232,-1,1232,801,799,-1,1232,799,1233,-1,1233,799,797,-1,1233,797,1234,-1,1234,797,795,-1,1234,795,1235,-1,1235,795,793,-1,793,791,1235,-1,1235,791,789,-1,1235,789,1236,-1,1225,1227,673,-1,673,1227,1221,-1,673,1221,671,-1,671,1221,1237,-1,671,1237,785,-1,785,1237,1236,-1,785,1236,787,-1,787,1236,789,-1,1154,750,1155,-1,1155,750,748,-1,1155,748,1238,-1,748,783,1238,-1,1238,783,781,-1,1238,781,1239,-1,1239,781,779,-1,1239,779,1240,-1,779,777,1240,-1,1240,777,775,-1,1240,775,1241,-1,775,773,1241,-1,1241,773,771,-1,1241,771,1242,-1,771,769,1242,-1,1242,769,767,-1,1242,767,1243,-1,1243,767,765,-1,1243,765,1244,-1,765,763,1244,-1,1244,763,761,-1,1244,761,1245,-1,1245,761,759,-1,1245,759,658,-1,1246,936,938,-1,1218,1220,1221,-1,1221,1220,1247,-1,1221,1247,1237,-1,1237,1247,1248,-1,1237,1248,1236,-1,1236,1248,1249,-1,1236,1249,1235,-1,1235,1249,1250,-1,1235,1250,1234,-1,1234,1250,1251,-1,1234,1251,1233,-1,1233,1251,1252,-1,1233,1252,1232,-1,1232,1252,1253,-1,1232,1253,1231,-1,1231,1253,1246,-1,1231,1246,1230,-1,1230,1246,938,-1,1230,938,941,-1,1160,1155,1165,-1,1165,1155,1238,-1,1165,1238,1254,-1,1254,1238,1239,-1,1254,1239,1255,-1,1255,1239,1240,-1,1255,1240,1256,-1,1256,1240,1241,-1,1256,1241,1257,-1,1257,1241,1242,-1,1257,1242,1258,-1,1258,1242,1243,-1,1258,1243,1259,-1,1259,1243,1244,-1,1259,1244,1260,-1,1260,1244,1245,-1,1260,1245,1261,-1,1262,932,934,-1,1214,1150,1220,-1,1220,1150,1263,-1,1220,1263,1247,-1,1247,1263,1264,-1,1247,1264,1248,-1,1248,1264,1265,-1,1248,1265,1249,-1,1249,1265,1266,-1,1249,1266,1250,-1,1250,1266,1267,-1,1250,1267,1251,-1,1251,1267,1268,-1,1251,1268,1252,-1,1252,1268,1269,-1,1252,1269,1253,-1,1253,1269,1262,-1,1253,1262,1246,-1,1246,1262,934,-1,1246,934,936,-1,658,1270,1245,-1,1245,1270,1271,-1,1245,1271,1261,-1,1261,1271,1272,-1,1261,1272,1273,-1,1273,1274,1261,-1,1261,1274,1275,-1,1261,1275,1260,-1,1260,1275,1276,-1,1260,1276,1259,-1,1259,1276,1277,-1,1259,1277,1258,-1,1258,1277,1278,-1,1258,1278,1257,-1,1257,1278,1279,-1,1257,1279,1256,-1,1256,1279,1280,-1,1256,1280,1255,-1,1255,1280,1281,-1,1255,1281,1254,-1,1254,1281,1169,-1,1254,1169,1165,-1,1165,1169,1173,-1,1165,1173,1163,-1,1282,928,930,-1,1149,1211,1150,-1,1150,1211,1283,-1,1150,1283,1263,-1,1263,1283,1284,-1,1263,1284,1264,-1,1264,1284,1285,-1,1264,1285,1265,-1,1265,1285,1286,-1,1265,1286,1266,-1,1266,1286,1287,-1,1266,1287,1267,-1,1267,1287,1288,-1,1267,1288,1268,-1,1268,1288,1289,-1,1268,1289,1269,-1,1269,1289,1282,-1,1269,1282,1262,-1,1262,1282,930,-1,1262,930,932,-1,1167,1169,1174,-1,1174,1169,1281,-1,1174,1281,1290,-1,1290,1281,1280,-1,1290,1280,1291,-1,1291,1280,1279,-1,1291,1279,1292,-1,1292,1279,1278,-1,1292,1278,1293,-1,1293,1278,1277,-1,1293,1277,1294,-1,1294,1277,1276,-1,1294,1276,1295,-1,1295,1276,1275,-1,1295,1275,1296,-1,1296,1275,1274,-1,1296,1274,1297,-1,1204,1203,1205,-1,1205,1203,1298,-1,1205,1298,1211,-1,1211,1298,1299,-1,1211,1299,1283,-1,1283,1299,1300,-1,1283,1300,1284,-1,1284,1300,1301,-1,1284,1301,1285,-1,1285,1301,1302,-1,1285,1302,1286,-1,1286,1302,1303,-1,1286,1303,1287,-1,1287,1303,1304,-1,1287,1304,1288,-1,1288,1304,1305,-1,1288,1305,1289,-1,1289,1305,1306,-1,1289,1306,1282,-1,1282,1306,926,-1,1282,926,928,-1,1151,1153,1180,-1,1180,1153,1174,-1,1180,1174,1307,-1,1307,1174,1290,-1,1307,1290,1308,-1,1308,1290,1291,-1,1308,1291,1309,-1,1309,1291,1292,-1,1309,1292,1310,-1,1310,1292,1293,-1,1310,1293,1311,-1,1311,1293,1294,-1,1311,1294,1312,-1,1312,1294,1295,-1,1312,1295,1313,-1,1313,1295,1296,-1,1313,1296,1314,-1,1314,1296,1297,-1,1314,1297,1315,-1,920,922,1316,-1,1316,922,924,-1,1273,1317,1274,-1,1274,1317,1318,-1,1274,1318,1297,-1,1297,1318,1319,-1,1297,1319,1315,-1,1315,1319,1320,-1,1315,1320,1321,-1,1321,1322,1315,-1,1315,1322,1323,-1,1315,1323,1314,-1,1314,1323,1324,-1,1314,1324,1313,-1,1313,1324,1325,-1,1313,1325,1312,-1,1312,1325,1326,-1,1312,1326,1311,-1,1311,1326,1327,-1,1311,1327,1310,-1,1310,1327,1328,-1,1310,1328,1309,-1,1309,1328,1329,-1,1309,1329,1308,-1,1308,1329,1330,-1,1308,1330,1307,-1,1307,1330,1331,-1,1307,1331,1180,-1,1180,1331,1332,-1,1180,1332,1182,-1,1182,1332,1333,-1,1182,1333,1187,-1,1187,1333,1334,-1,1187,1334,1192,-1,1192,1334,1335,-1,1192,1335,1197,-1,1197,1335,1336,-1,1197,1336,1203,-1,1203,1336,1337,-1,1203,1337,1298,-1,1298,1337,1338,-1,1298,1338,1299,-1,1299,1338,1339,-1,1299,1339,1300,-1,1300,1339,1340,-1,1300,1340,1301,-1,1301,1340,1341,-1,1301,1341,1302,-1,1302,1341,1342,-1,1302,1342,1303,-1,1303,1342,1343,-1,1303,1343,1304,-1,1304,1343,1344,-1,1304,1344,1305,-1,1305,1344,1316,-1,1305,1316,1306,-1,1306,1316,924,-1,1306,924,926,-1,916,918,1345,-1,1345,918,920,-1,920,1316,1345,-1,1345,1316,1344,-1,1345,1344,1346,-1,1346,1344,1343,-1,1346,1343,1347,-1,1347,1343,1342,-1,1347,1342,1348,-1,1348,1342,1341,-1,1348,1341,1349,-1,1349,1341,1340,-1,1349,1340,1350,-1,1350,1340,1339,-1,1350,1339,1351,-1,1351,1339,1338,-1,1351,1338,1352,-1,1352,1338,1337,-1,1352,1337,1353,-1,1353,1337,1336,-1,1353,1336,1354,-1,1354,1336,1335,-1,1354,1335,1355,-1,1355,1335,1334,-1,1355,1334,1356,-1,1356,1334,1333,-1,1356,1333,1357,-1,1357,1333,1332,-1,1357,1332,1358,-1,1358,1332,1331,-1,1358,1331,1359,-1,1359,1331,1330,-1,1359,1330,1360,-1,1360,1330,1329,-1,1360,1329,1361,-1,1361,1329,1328,-1,1361,1328,1362,-1,1362,1328,1327,-1,1362,1327,1363,-1,1363,1327,1326,-1,1363,1326,1364,-1,1364,1326,1325,-1,1364,1325,1365,-1,1365,1325,1324,-1,1365,1324,1366,-1,1366,1324,1323,-1,1366,1323,1367,-1,1367,1323,1322,-1,1367,1322,1368,-1,865,914,1369,-1,1369,914,916,-1,1321,1370,1322,-1,1322,1370,1371,-1,1322,1371,1368,-1,1368,1371,1372,-1,1368,1372,1373,-1,916,1345,1369,-1,1369,1345,1346,-1,1369,1346,1374,-1,1374,1346,1347,-1,1374,1347,1375,-1,1375,1347,1348,-1,1375,1348,1376,-1,1376,1348,1349,-1,1376,1349,1377,-1,1377,1349,1350,-1,1377,1350,1378,-1,1378,1350,1351,-1,1378,1351,1379,-1,1379,1351,1352,-1,1379,1352,1380,-1,1380,1352,1353,-1,1380,1353,1381,-1,1381,1353,1354,-1,1381,1354,1382,-1,1382,1354,1355,-1,1382,1355,1383,-1,1383,1355,1356,-1,1383,1356,1384,-1,1384,1356,1357,-1,1384,1357,1385,-1,1385,1357,1358,-1,1385,1358,1386,-1,1386,1358,1359,-1,1386,1359,1387,-1,1387,1359,1360,-1,1387,1360,1388,-1,1388,1360,1361,-1,1388,1361,1389,-1,1389,1361,1362,-1,1389,1362,1390,-1,1390,1362,1363,-1,1390,1363,1391,-1,1391,1363,1364,-1,1391,1364,1392,-1,1392,1364,1365,-1,1392,1365,1393,-1,1393,1365,1366,-1,1393,1366,1394,-1,1394,1366,1367,-1,1394,1367,1395,-1,1395,1367,1368,-1,1395,1368,1396,-1,1396,1368,1373,-1,1396,1373,1397,-1,865,1369,875,-1,875,1369,1374,-1,875,1374,876,-1,876,1374,1375,-1,876,1375,877,-1,877,1375,1376,-1,877,1376,895,-1,895,1376,1377,-1,895,1377,894,-1,894,1377,1378,-1,894,1378,869,-1,869,1378,1379,-1,869,1379,870,-1,870,1379,1380,-1,870,1380,896,-1,896,1380,1381,-1,896,1381,897,-1,897,1381,1382,-1,897,1382,911,-1,911,1382,1383,-1,911,1383,899,-1,899,1383,1384,-1,899,1384,900,-1,900,1384,1385,-1,900,1385,901,-1,901,1385,1386,-1,901,1386,898,-1,898,1386,1387,-1,898,1387,871,-1,871,1387,1388,-1,871,1388,902,-1,902,1388,1389,-1,902,1389,903,-1,903,1389,1390,-1,903,1390,908,-1,908,1390,1391,-1,908,1391,909,-1,909,1391,1392,-1,909,1392,910,-1,910,1392,1393,-1,910,1393,912,-1,912,1393,1394,-1,912,1394,913,-1,913,1394,1395,-1,913,1395,892,-1,892,1395,1396,-1,892,1396,893,-1,893,1396,1397,-1,893,1397,866,-1,864,866,1123,-1,1123,866,1397,-1,1123,1397,1097,-1,1097,1397,1373,-1,1097,1373,1098,-1,1098,1373,1372,-1,1098,1372,1070,-1,1070,1372,1371,-1,1070,1371,1071,-1,1071,1371,1370,-1,1071,1370,1073,-1,1073,1370,1321,-1,1073,1321,1020,-1,1020,1321,1320,-1,1020,1320,1021,-1,1021,1320,1319,-1,1021,1319,993,-1,993,1319,1318,-1,993,1318,994,-1,994,1318,1317,-1,994,1317,996,-1,996,1317,1273,-1,996,1273,969,-1,969,1273,1272,-1,969,1272,942,-1,942,1272,1271,-1,942,1271,943,-1,943,1271,1270,-1,943,1270,575,-1,575,1270,658,-1,810,820,1398,-1,1398,820,1399,-1,1398,1399,1400,-1,1400,1399,1401,-1,1400,1401,1402,-1,1402,1401,1403,-1,1402,1403,1404,-1,1404,1403,1405,-1,1404,1405,1406,-1,1406,1405,1407,-1,1406,1407,1408,-1,1408,1407,1409,-1,1408,1409,1410,-1,1410,1409,1411,-1,1410,1411,1412,-1,1412,1411,1413,-1,1412,1413,1414,-1,1414,1413,1415,-1,1414,1415,1416,-1,1416,1415,1417,-1,1416,1417,1418,-1,1418,1417,1419,-1,1418,1419,1420,-1,1420,1419,1421,-1,1420,1421,1422,-1,1422,1421,1423,-1,1422,1423,1424,-1,1424,1423,1425,-1,1424,1425,659,-1,659,1425,576,-1,760,762,1426,-1,764,766,1427,-1,770,772,1428,-1,778,780,1429,-1,745,756,1430,-1,665,784,1431,-1,788,790,1432,-1,792,794,1433,-1,796,798,1434,-1,802,804,1435,-1,806,808,1436,-1,1437,811,810,-1,1438,1439,1440,-1,1441,668,667,-1,1442,1443,1444,-1,1444,1443,1445,-1,1444,1445,667,-1,667,1445,1446,-1,667,1446,1441,-1,1447,1448,1449,-1,1449,1448,1450,-1,1449,1450,1444,-1,1444,1450,1451,-1,1444,1451,1442,-1,1452,1453,1454,-1,1453,1455,1454,-1,1454,1455,1456,-1,1454,1456,1449,-1,1449,1456,1457,-1,1449,1457,1447,-1,1458,1459,1460,-1,1460,1459,1461,-1,1460,1461,1454,-1,1454,1461,1462,-1,1454,1462,1452,-1,1463,1464,1465,-1,1465,1466,1463,-1,1463,1466,1467,-1,1463,1467,1468,-1,1464,1463,1469,-1,1469,1463,1470,-1,1469,1470,1471,-1,1472,1473,1474,-1,1474,1473,1475,-1,1474,1475,1476,-1,1477,1478,1479,-1,1479,1478,1480,-1,1479,1480,1481,-1,1482,1483,1484,-1,1485,1486,1487,-1,1487,1486,1488,-1,1487,1488,1489,-1,1490,1491,1482,-1,1482,1491,1492,-1,1482,1492,1483,-1,1439,1493,1440,-1,1440,1493,1494,-1,1440,1494,1495,-1,1496,1497,1498,-1,1498,1497,1440,-1,1498,1440,1499,-1,1499,1440,1495,-1,1500,1501,1502,-1,1503,1504,1505,-1,1505,1504,1502,-1,1505,1502,1506,-1,1506,1502,1501,-1,1507,1508,1509,-1,1509,1508,1430,-1,1509,1430,1510,-1,1510,1430,1511,-1,1507,1512,1508,-1,1508,1512,1513,-1,1508,1513,1502,-1,1502,1513,1514,-1,1502,1514,1500,-1,756,757,1515,-1,1515,1516,756,-1,756,1516,1517,-1,756,1517,1430,-1,1430,1517,1518,-1,1430,1518,1511,-1,812,838,1519,-1,1519,838,1520,-1,1519,1520,1521,-1,1521,1520,1522,-1,810,1398,1437,-1,1437,1398,1400,-1,1437,1400,1523,-1,1524,1525,1522,-1,1522,1525,1526,-1,1522,1526,1521,-1,1400,1402,1523,-1,1523,1402,1404,-1,1523,1404,1527,-1,1528,1529,1524,-1,1524,1529,1530,-1,1524,1530,1525,-1,831,830,1531,-1,1531,830,1532,-1,1531,1532,1533,-1,1533,1532,1534,-1,1533,1534,1535,-1,1535,1534,1536,-1,1535,1536,1470,-1,1470,1536,1474,-1,1470,1474,1471,-1,1471,1474,1476,-1,830,829,1532,-1,1532,829,1537,-1,1532,1537,1534,-1,1534,1537,1538,-1,1534,1538,1536,-1,1536,1538,1539,-1,1536,1539,1474,-1,1474,1539,1479,-1,1474,1479,1472,-1,1472,1479,1481,-1,829,815,1537,-1,1537,815,1540,-1,1537,1540,1538,-1,1538,1540,1541,-1,1538,1541,1539,-1,1539,1541,1542,-1,1539,1542,1479,-1,1479,1542,1482,-1,1479,1482,1477,-1,1477,1482,1484,-1,815,816,1540,-1,1540,816,1543,-1,1540,1543,1541,-1,1541,1543,1544,-1,1541,1544,1542,-1,1542,1544,1545,-1,1542,1545,1482,-1,1482,1545,1487,-1,1482,1487,1490,-1,1490,1487,1489,-1,816,817,1543,-1,1543,817,1546,-1,1543,1546,1544,-1,1544,1546,1547,-1,1544,1547,1545,-1,1545,1547,1548,-1,1545,1548,1487,-1,1487,1548,1497,-1,1487,1497,1485,-1,1485,1497,1496,-1,1404,1406,1527,-1,1527,1406,1408,-1,1527,1408,1549,-1,1549,1408,1410,-1,1549,1410,1550,-1,832,831,1551,-1,1551,831,1531,-1,1551,1531,1552,-1,1552,1531,1533,-1,1552,1533,1553,-1,1553,1533,1535,-1,1553,1535,1554,-1,1554,1535,1470,-1,1554,1470,1460,-1,1460,1470,1463,-1,1460,1463,1458,-1,1458,1463,1468,-1,817,845,1546,-1,1546,845,1555,-1,1546,1555,1547,-1,1547,1555,1556,-1,1547,1556,1548,-1,1548,1556,1557,-1,1548,1557,1497,-1,1497,1557,1558,-1,1497,1558,1440,-1,1440,1558,1504,-1,1440,1504,1438,-1,1438,1504,1503,-1,1559,1560,1561,-1,1561,1560,1562,-1,1561,1562,1528,-1,1528,1562,1563,-1,1528,1563,1529,-1,1410,1412,1550,-1,1550,1412,1414,-1,1550,1414,1564,-1,1565,1566,1559,-1,1559,1566,1567,-1,1559,1567,1560,-1,1414,1416,1564,-1,1564,1416,1418,-1,1564,1418,1568,-1,1436,1569,1565,-1,1565,1569,1570,-1,1565,1570,1566,-1,847,846,1571,-1,1571,846,1572,-1,1571,1572,1573,-1,1573,1572,1574,-1,1573,1574,1575,-1,1575,1574,1576,-1,1575,1576,1577,-1,1577,1576,1578,-1,1577,1578,1579,-1,1579,1578,1580,-1,1579,1580,1581,-1,1581,1580,1582,-1,1581,1582,1583,-1,1583,1582,1584,-1,1583,1584,1585,-1,1585,1584,1428,-1,808,73,1436,-1,1436,73,1586,-1,1436,1586,1569,-1,804,806,1435,-1,1435,806,1436,-1,1435,1436,1587,-1,1587,1436,1565,-1,1587,1565,1588,-1,1588,1565,1559,-1,1588,1559,1589,-1,1589,1559,1561,-1,1589,1561,1590,-1,1590,1561,1528,-1,1590,1528,1591,-1,1591,1528,1524,-1,1591,1524,1592,-1,1592,1524,1522,-1,1592,1522,1593,-1,1593,1522,1520,-1,1593,1520,837,-1,837,1520,838,-1,800,802,1594,-1,1594,802,1435,-1,1594,1435,1595,-1,1595,1435,1587,-1,1595,1587,1596,-1,1596,1587,1588,-1,1596,1588,1597,-1,1597,1588,1589,-1,1597,1589,1598,-1,1598,1589,1590,-1,1598,1590,1599,-1,1599,1590,1591,-1,1599,1591,1600,-1,1600,1591,1592,-1,1600,1592,1601,-1,1601,1592,1593,-1,1601,1593,836,-1,836,1593,837,-1,836,835,1601,-1,1601,835,1602,-1,1601,1602,1600,-1,1600,1602,1603,-1,1600,1603,1599,-1,1599,1603,1604,-1,1599,1604,1598,-1,1598,1604,1605,-1,1598,1605,1597,-1,1597,1605,1606,-1,1597,1606,1596,-1,1596,1606,1607,-1,1596,1607,1595,-1,1595,1607,1608,-1,1595,1608,1594,-1,1594,1608,1434,-1,1594,1434,800,-1,800,1434,798,-1,794,796,1433,-1,1433,796,1434,-1,1433,1434,1609,-1,1609,1434,1608,-1,1609,1608,1610,-1,1610,1608,1607,-1,1610,1607,1611,-1,1611,1607,1606,-1,1611,1606,1612,-1,1612,1606,1605,-1,1612,1605,1613,-1,1613,1605,1604,-1,1613,1604,1614,-1,1614,1604,1603,-1,1614,1603,1615,-1,1615,1603,1602,-1,1615,1602,834,-1,834,1602,835,-1,790,792,1432,-1,1432,792,1433,-1,1432,1433,1616,-1,1616,1433,1609,-1,1616,1609,1617,-1,1617,1609,1610,-1,1617,1610,1618,-1,1618,1610,1611,-1,1618,1611,1619,-1,1619,1611,1612,-1,1619,1612,1620,-1,1620,1612,1613,-1,1620,1613,1621,-1,1621,1613,1614,-1,1621,1614,1622,-1,1622,1614,1615,-1,1622,1615,819,-1,819,1615,834,-1,786,788,1623,-1,1623,788,1432,-1,1623,1432,1624,-1,1624,1432,1616,-1,1624,1616,1625,-1,1625,1616,1617,-1,1625,1617,1626,-1,1626,1617,1618,-1,1626,1618,1627,-1,1627,1618,1619,-1,1627,1619,1628,-1,1628,1619,1620,-1,1628,1620,1629,-1,1629,1620,1621,-1,1629,1621,1630,-1,1630,1621,1622,-1,1630,1622,818,-1,818,1622,819,-1,818,833,1630,-1,1630,833,1631,-1,1630,1631,1629,-1,1629,1631,1632,-1,1629,1632,1628,-1,1628,1632,1633,-1,1628,1633,1627,-1,1627,1633,1634,-1,1627,1634,1626,-1,1626,1634,1635,-1,1626,1635,1625,-1,1625,1635,1636,-1,1625,1636,1624,-1,1624,1636,1637,-1,1624,1637,1623,-1,1623,1637,1431,-1,1623,1431,786,-1,786,1431,784,-1,667,665,1444,-1,1444,665,1431,-1,1444,1431,1449,-1,1449,1431,1637,-1,1449,1637,1454,-1,1454,1637,1636,-1,1454,1636,1460,-1,1460,1636,1635,-1,1460,1635,1554,-1,1554,1635,1634,-1,1554,1634,1553,-1,1553,1634,1633,-1,1553,1633,1552,-1,1552,1633,1632,-1,1552,1632,1551,-1,1551,1632,1631,-1,1551,1631,832,-1,832,1631,833,-1,782,745,1638,-1,1638,745,1430,-1,1638,1430,1639,-1,1639,1430,1508,-1,1639,1508,1640,-1,1640,1508,1502,-1,1640,1502,1641,-1,1641,1502,1504,-1,1641,1504,1642,-1,1642,1504,1558,-1,1642,1558,1643,-1,1643,1558,1557,-1,1643,1557,1644,-1,1644,1557,1556,-1,1644,1556,1645,-1,1645,1556,1555,-1,1645,1555,844,-1,844,1555,845,-1,844,848,1645,-1,1645,848,1646,-1,1645,1646,1644,-1,1644,1646,1647,-1,1644,1647,1643,-1,1643,1647,1648,-1,1643,1648,1642,-1,1642,1648,1649,-1,1642,1649,1641,-1,1641,1649,1650,-1,1641,1650,1640,-1,1640,1650,1651,-1,1640,1651,1639,-1,1639,1651,1652,-1,1639,1652,1638,-1,1638,1652,1429,-1,1638,1429,782,-1,782,1429,780,-1,776,778,1585,-1,1585,778,1429,-1,1585,1429,1583,-1,1583,1429,1652,-1,1583,1652,1581,-1,1581,1652,1651,-1,1581,1651,1579,-1,1579,1651,1650,-1,1579,1650,1577,-1,1577,1650,1649,-1,1577,1649,1575,-1,1575,1649,1648,-1,1575,1648,1573,-1,1573,1648,1647,-1,1573,1647,1571,-1,1571,1647,1646,-1,1571,1646,847,-1,847,1646,848,-1,1428,772,1585,-1,1585,772,774,-1,1585,774,776,-1,768,770,1653,-1,1653,770,1428,-1,1653,1428,1654,-1,1654,1428,1584,-1,1654,1584,1655,-1,1655,1584,1582,-1,1655,1582,1656,-1,1656,1582,1580,-1,1656,1580,1657,-1,1657,1580,1578,-1,1657,1578,1658,-1,1658,1578,1576,-1,1658,1576,1659,-1,1659,1576,1574,-1,1659,1574,1660,-1,1660,1574,1572,-1,1660,1572,843,-1,843,1572,846,-1,843,814,1660,-1,1660,814,1661,-1,1660,1661,1659,-1,1659,1661,1662,-1,1659,1662,1658,-1,1658,1662,1663,-1,1658,1663,1657,-1,1657,1663,1664,-1,1657,1664,1656,-1,1656,1664,1665,-1,1656,1665,1655,-1,1655,1665,1666,-1,1655,1666,1654,-1,1654,1666,1667,-1,1654,1667,1653,-1,1653,1667,1427,-1,1653,1427,768,-1,768,1427,766,-1,762,764,1426,-1,1426,764,1427,-1,1426,1427,1668,-1,1668,1427,1667,-1,1668,1667,1669,-1,1669,1667,1666,-1,1669,1666,1670,-1,1670,1666,1665,-1,1670,1665,1671,-1,1671,1665,1664,-1,1671,1664,1672,-1,1672,1664,1663,-1,1672,1663,1673,-1,1673,1663,1662,-1,1673,1662,1674,-1,1674,1662,1661,-1,1674,1661,813,-1,813,1661,814,-1,758,760,1675,-1,1675,760,1426,-1,1675,1426,1568,-1,1568,1426,1668,-1,1568,1668,1564,-1,1564,1668,1669,-1,1564,1669,1550,-1,1550,1669,1670,-1,1550,1670,1549,-1,1549,1670,1671,-1,1549,1671,1527,-1,1527,1671,1672,-1,1527,1672,1523,-1,1523,1672,1673,-1,1523,1673,1437,-1,1437,1673,1674,-1,1437,1674,811,-1,811,1674,813,-1,1418,1420,1568,-1,1568,1420,1422,-1,1568,1422,1675,-1,1675,1422,1424,-1,1675,1424,758,-1,758,1424,659,-1,656,654,1676,-1,652,650,1677,-1,646,644,1678,-1,638,636,1679,-1,632,630,1680,-1,628,626,1681,-1,622,620,1682,-1,614,612,1683,-1,608,606,1684,-1,604,602,1685,-1,598,596,1686,-1,594,592,1687,-1,590,588,1688,-1,584,582,1689,-1,580,578,1690,-1,1691,822,821,-1,820,841,1399,-1,1399,841,1692,-1,1399,1692,1401,-1,1401,1692,1693,-1,821,1694,1691,-1,1691,1694,1695,-1,1691,1695,1696,-1,1697,1405,1693,-1,1693,1405,1403,-1,1693,1403,1401,-1,1695,1698,1696,-1,1696,1698,1699,-1,1696,1699,1700,-1,1701,1409,1697,-1,1697,1409,1407,-1,1697,1407,1405,-1,1699,1702,1700,-1,1700,1702,1703,-1,1700,1703,1704,-1,1704,1703,1705,-1,1704,1705,1706,-1,1707,1415,1708,-1,1708,1415,1413,-1,1708,1413,1701,-1,1701,1413,1411,-1,1701,1411,1409,-1,1705,1709,1706,-1,1706,1709,1710,-1,1706,1710,1711,-1,1712,1419,1707,-1,1707,1419,1417,-1,1707,1417,1415,-1,1710,1713,1711,-1,1711,1713,1714,-1,1711,1714,1715,-1,1690,1423,1712,-1,1712,1423,1421,-1,1712,1421,1419,-1,851,850,1716,-1,1716,850,1717,-1,1716,1717,1718,-1,1718,1717,1719,-1,1718,1719,1720,-1,1720,1719,1721,-1,1720,1721,1722,-1,1722,1721,1723,-1,1722,1723,1724,-1,1724,1723,1725,-1,1724,1725,1726,-1,1726,1725,1727,-1,1726,1727,1728,-1,1728,1727,1729,-1,1728,1729,1730,-1,1730,1729,1682,-1,827,826,1731,-1,1731,826,1732,-1,1731,1732,1733,-1,1733,1732,1734,-1,1733,1734,1735,-1,1735,1734,1736,-1,1735,1736,1737,-1,1737,1736,1738,-1,1737,1738,1739,-1,1739,1738,1740,-1,1739,1740,1741,-1,1741,1740,1742,-1,1741,1742,1743,-1,1743,1742,1744,-1,1743,1744,1745,-1,1745,1744,1678,-1,578,576,1690,-1,1690,576,1425,-1,1690,1425,1423,-1,582,580,1689,-1,1689,580,1690,-1,1689,1690,1746,-1,1746,1690,1712,-1,1746,1712,1747,-1,1747,1712,1707,-1,1747,1707,1748,-1,1748,1707,1708,-1,1748,1708,1749,-1,1749,1708,1701,-1,1749,1701,1750,-1,1750,1701,1697,-1,1750,1697,1751,-1,1751,1697,1693,-1,1751,1693,1752,-1,1752,1693,1692,-1,1752,1692,857,-1,857,1692,841,-1,586,584,1753,-1,1753,584,1689,-1,1753,1689,1754,-1,1754,1689,1746,-1,1754,1746,1755,-1,1755,1746,1747,-1,1755,1747,1756,-1,1756,1747,1748,-1,1756,1748,1757,-1,1757,1748,1749,-1,1757,1749,1758,-1,1758,1749,1750,-1,1758,1750,1759,-1,1759,1750,1751,-1,1759,1751,1760,-1,1760,1751,1752,-1,1760,1752,852,-1,852,1752,857,-1,852,854,1760,-1,1760,854,1761,-1,1760,1761,1759,-1,1759,1761,1762,-1,1759,1762,1758,-1,1758,1762,1763,-1,1758,1763,1757,-1,1757,1763,1764,-1,1757,1764,1756,-1,1756,1764,1765,-1,1756,1765,1755,-1,1755,1765,1766,-1,1755,1766,1754,-1,1754,1766,1767,-1,1754,1767,1753,-1,1753,1767,1688,-1,1753,1688,586,-1,586,1688,588,-1,592,590,1687,-1,1687,590,1688,-1,1687,1688,1768,-1,1768,1688,1767,-1,1768,1767,1769,-1,1769,1767,1766,-1,1769,1766,1770,-1,1770,1766,1765,-1,1770,1765,1771,-1,1771,1765,1764,-1,1771,1764,1772,-1,1772,1764,1763,-1,1772,1763,1773,-1,1773,1763,1762,-1,1773,1762,1774,-1,1774,1762,1761,-1,1774,1761,861,-1,861,1761,854,-1,596,594,1686,-1,1686,594,1687,-1,1686,1687,1775,-1,1775,1687,1768,-1,1775,1768,1776,-1,1776,1768,1769,-1,1776,1769,1777,-1,1777,1769,1770,-1,1777,1770,1778,-1,1778,1770,1771,-1,1778,1771,1779,-1,1779,1771,1772,-1,1779,1772,1780,-1,1780,1772,1773,-1,1780,1773,1781,-1,1781,1773,1774,-1,1781,1774,860,-1,860,1774,861,-1,600,598,1782,-1,1782,598,1686,-1,1782,1686,1783,-1,1783,1686,1775,-1,1783,1775,1784,-1,1784,1775,1776,-1,1784,1776,1785,-1,1785,1776,1777,-1,1785,1777,1786,-1,1786,1777,1778,-1,1786,1778,1787,-1,1787,1778,1779,-1,1787,1779,1788,-1,1788,1779,1780,-1,1788,1780,1789,-1,1789,1780,1781,-1,1789,1781,859,-1,859,1781,860,-1,859,856,1789,-1,1789,856,1790,-1,1789,1790,1788,-1,1788,1790,1791,-1,1788,1791,1787,-1,1787,1791,1792,-1,1787,1792,1786,-1,1786,1792,1793,-1,1786,1793,1785,-1,1785,1793,1794,-1,1785,1794,1784,-1,1784,1794,1795,-1,1784,1795,1783,-1,1783,1795,1796,-1,1783,1796,1782,-1,1782,1796,1685,-1,1782,1685,600,-1,600,1685,602,-1,606,604,1684,-1,1684,604,1685,-1,1684,1685,1797,-1,1797,1685,1796,-1,1797,1796,1798,-1,1798,1796,1795,-1,1798,1795,1799,-1,1799,1795,1794,-1,1799,1794,1800,-1,1800,1794,1793,-1,1800,1793,1801,-1,1801,1793,1792,-1,1801,1792,1802,-1,1802,1792,1791,-1,1802,1791,1803,-1,1803,1791,1790,-1,1803,1790,855,-1,855,1790,856,-1,610,608,1804,-1,1804,608,1684,-1,1804,1684,1805,-1,1805,1684,1797,-1,1805,1797,1806,-1,1806,1797,1798,-1,1806,1798,1807,-1,1807,1798,1799,-1,1807,1799,1808,-1,1808,1799,1800,-1,1808,1800,1809,-1,1809,1800,1801,-1,1809,1801,1810,-1,1810,1801,1802,-1,1810,1802,1811,-1,1811,1802,1803,-1,1811,1803,853,-1,853,1803,855,-1,853,858,1811,-1,1811,858,1812,-1,1811,1812,1810,-1,1810,1812,1813,-1,1810,1813,1809,-1,1809,1813,1814,-1,1809,1814,1808,-1,1808,1814,1815,-1,1808,1815,1807,-1,1807,1815,1816,-1,1807,1816,1806,-1,1806,1816,1817,-1,1806,1817,1805,-1,1805,1817,1818,-1,1805,1818,1804,-1,1804,1818,1683,-1,1804,1683,610,-1,610,1683,612,-1,616,614,1730,-1,1730,614,1683,-1,1730,1683,1728,-1,1728,1683,1818,-1,1728,1818,1726,-1,1726,1818,1817,-1,1726,1817,1724,-1,1724,1817,1816,-1,1724,1816,1722,-1,1722,1816,1815,-1,1722,1815,1720,-1,1720,1815,1814,-1,1720,1814,1718,-1,1718,1814,1813,-1,1718,1813,1716,-1,1716,1813,1812,-1,1716,1812,851,-1,851,1812,858,-1,1682,620,1730,-1,1730,620,618,-1,1730,618,616,-1,624,622,1819,-1,1819,622,1682,-1,1819,1682,1820,-1,1820,1682,1729,-1,1820,1729,1821,-1,1821,1729,1727,-1,1821,1727,1822,-1,1822,1727,1725,-1,1822,1725,1823,-1,1823,1725,1723,-1,1823,1723,1824,-1,1824,1723,1721,-1,1824,1721,1825,-1,1825,1721,1719,-1,1825,1719,1826,-1,1826,1719,1717,-1,1826,1717,849,-1,849,1717,850,-1,849,842,1826,-1,1826,842,1827,-1,1826,1827,1825,-1,1825,1827,1828,-1,1825,1828,1824,-1,1824,1828,1829,-1,1824,1829,1823,-1,1823,1829,1830,-1,1823,1830,1822,-1,1822,1830,1831,-1,1822,1831,1821,-1,1821,1831,1832,-1,1821,1832,1820,-1,1820,1832,1833,-1,1820,1833,1819,-1,1819,1833,1681,-1,1819,1681,624,-1,624,1681,626,-1,630,628,1680,-1,1680,628,1681,-1,1680,1681,1834,-1,1834,1681,1833,-1,1834,1833,1835,-1,1835,1833,1832,-1,1835,1832,1836,-1,1836,1832,1831,-1,1836,1831,1837,-1,1837,1831,1830,-1,1837,1830,1838,-1,1838,1830,1829,-1,1838,1829,1839,-1,1839,1829,1828,-1,1839,1828,1840,-1,1840,1828,1827,-1,1840,1827,840,-1,840,1827,842,-1,634,632,1841,-1,1841,632,1680,-1,1841,1680,1842,-1,1842,1680,1834,-1,1842,1834,1843,-1,1843,1834,1835,-1,1843,1835,1844,-1,1844,1835,1836,-1,1844,1836,1845,-1,1845,1836,1837,-1,1845,1837,1846,-1,1846,1837,1838,-1,1846,1838,1847,-1,1847,1838,1839,-1,1847,1839,1848,-1,1848,1839,1840,-1,1848,1840,839,-1,839,1840,840,-1,839,828,1848,-1,1848,828,1849,-1,1848,1849,1847,-1,1847,1849,1850,-1,1847,1850,1846,-1,1846,1850,1851,-1,1846,1851,1845,-1,1845,1851,1852,-1,1845,1852,1844,-1,1844,1852,1853,-1,1844,1853,1843,-1,1843,1853,1854,-1,1843,1854,1842,-1,1842,1854,1855,-1,1842,1855,1841,-1,1841,1855,1679,-1,1841,1679,634,-1,634,1679,636,-1,640,638,1745,-1,1745,638,1679,-1,1745,1679,1743,-1,1743,1679,1855,-1,1743,1855,1741,-1,1741,1855,1854,-1,1741,1854,1739,-1,1739,1854,1853,-1,1739,1853,1737,-1,1737,1853,1852,-1,1737,1852,1735,-1,1735,1852,1851,-1,1735,1851,1733,-1,1733,1851,1850,-1,1733,1850,1731,-1,1731,1850,1849,-1,1731,1849,827,-1,827,1849,828,-1,1678,644,1745,-1,1745,644,642,-1,1745,642,640,-1,648,646,1856,-1,1856,646,1678,-1,1856,1678,1857,-1,1857,1678,1744,-1,1857,1744,1858,-1,1858,1744,1742,-1,1858,1742,1859,-1,1859,1742,1740,-1,1859,1740,1860,-1,1860,1740,1738,-1,1860,1738,1861,-1,1861,1738,1736,-1,1861,1736,1862,-1,1862,1736,1734,-1,1862,1734,1863,-1,1863,1734,1732,-1,1863,1732,825,-1,825,1732,826,-1,825,824,1863,-1,1863,824,1864,-1,1863,1864,1862,-1,1862,1864,1865,-1,1862,1865,1861,-1,1861,1865,1866,-1,1861,1866,1860,-1,1860,1866,1867,-1,1860,1867,1859,-1,1859,1867,1868,-1,1859,1868,1858,-1,1858,1868,1869,-1,1858,1869,1857,-1,1857,1869,1870,-1,1857,1870,1856,-1,1856,1870,1677,-1,1856,1677,648,-1,648,1677,650,-1,654,652,1676,-1,1676,652,1677,-1,1676,1677,1871,-1,1871,1677,1870,-1,1871,1870,1872,-1,1872,1870,1869,-1,1872,1869,1873,-1,1873,1869,1868,-1,1873,1868,1874,-1,1874,1868,1867,-1,1874,1867,1875,-1,1875,1867,1866,-1,1875,1866,1876,-1,1876,1866,1865,-1,1876,1865,1877,-1,1877,1865,1864,-1,1877,1864,823,-1,823,1864,824,-1,657,656,1878,-1,1878,656,1676,-1,1878,1676,1715,-1,1715,1676,1871,-1,1715,1871,1711,-1,1711,1871,1872,-1,1711,1872,1706,-1,1706,1872,1873,-1,1706,1873,1704,-1,1704,1873,1874,-1,1704,1874,1700,-1,1700,1874,1875,-1,1700,1875,1696,-1,1696,1875,1876,-1,1696,1876,1691,-1,1691,1876,1877,-1,1691,1877,822,-1,822,1877,823,-1,1714,1879,1715,-1,1715,1879,1880,-1,1715,1880,1878,-1,1878,1880,1881,-1,1878,1881,657,-1,657,1881,40,-1,821,812,1694,-1,1694,812,1519,-1,1694,1519,1695,-1,1695,1519,1521,-1,1695,1521,1698,-1,1698,1521,1526,-1,1698,1526,1699,-1,1699,1526,1525,-1,1699,1525,1702,-1,1702,1525,1530,-1,1702,1530,1703,-1,1703,1530,1529,-1,1703,1529,1705,-1,1705,1529,1563,-1,1705,1563,1709,-1,1709,1563,1562,-1,1709,1562,1710,-1,1710,1562,1560,-1,1710,1560,1713,-1,1713,1560,1567,-1,1713,1567,1714,-1,1714,1567,1566,-1,1714,1566,1879,-1,1879,1566,1570,-1,1879,1570,1880,-1,60,1569,62,-1,62,1569,1586,-1,62,1586,73,-1,1570,1569,1880,-1,1880,1569,60,-1,1880,60,1881,-1,1881,60,26,-1,1881,26,55,-1,55,44,1881,-1,1881,44,29,-1,1881,29,40,-1,
        ]
    }
}
Shape{
    appearance Appearance {
        material  Material 	{
            diffuseColor 0.8509803921568627 0.8509803921568627 0.8509803921568627
            specularColor 0.4235294117647059 0.4235294117647059 0.4235294117647059
            ambientIntensity 0.851
            transparency 0.0
            shininess 0.5
        }
    }
    geometry IndexedFaceSet {
        ccw TRUE
        solid FALSE
        coord DEF co Coordinate {
            point [
                -0.9653 -0.0968 -0.0625, -0.9728 -0.098 -0.0566, -0.9843 -0.0986 -1.9685, -0.9805 -0.0986 -0.0497, -0.9588 -0.0953 -1.9685, -0.942 -0.0891 -0.084, -0.9489 -0.092 -0.0761, -0.956 -0.0945 -0.0693, -0.9588 -0.0952 -0.0672, -0.9618 -0.096 -0.065, -0.9216 -0.0761 -0.1154, -0.9278 -0.0808 -0.1046, -0.935 -0.0854 -1.9685, -0.9287 -0.0815 -0.103, -0.935 -0.0854 -0.0934, -0.9352 -0.0856 -0.093, -0.9054 -0.0591 -0.1482, -0.9103 -0.0652 -0.1374, -0.9147 -0.0698 -1.9685, -0.9147 -0.0698 -0.1285, -0.9157 -0.0709 -0.1264, -0.899 -0.0494 -1.9685, -0.8892 -0.0257 -1.9685, -0.8892 -0.0257 -0.1877, -0.8906 -0.0304 -0.1842, -0.8911 -0.0318 -0.1829, -0.8938 -0.039 -0.1759, -0.8971 -0.0459 -0.1677, -0.8991 -0.0494 -0.1629, -0.9009 -0.0526 -0.1585, -0.8858 -0.0002 -1.9685, -0.8858 -0.0002 -0.1968, -0.8858 -0.0011 -0.1968, -0.8862 -0.0086 -0.1959, -0.8871 -0.016 -0.1934, -0.8886 -0.0232 -0.1895, -0.8889 0.0244 -0.1885, -0.8874 0.0171 -0.1927, -0.8892 0.0253 -1.9685, -0.8863 0.0098 -0.1955, -0.8859 0.0024 -0.1967, -0.8987 0.0485 -0.1637, -0.8952 0.0418 -0.1723, -0.899 0.049 -1.9685, -0.8923 0.0348 -0.1798, -0.8911 0.0316 -0.1828, -0.8892 0.0253 -0.1878, -0.9134 0.0681 -0.1312, -0.9082 0.0622 -0.1421, -0.9147 0.0694 -1.9685, -0.9074 0.0613 -0.1438, -0.9028 0.055 -0.1541, -0.899 0.049 -0.163, -0.9337 0.0842 -0.0954, -0.9315 0.0829 -0.0986, -0.935 0.085 -1.9685, -0.9251 0.0784 -0.1092, -0.919 0.0735 -0.1201, -0.9147 0.0694 -0.1285, -0.9588 0.0949 -1.9685, -0.9588 0.0948 -0.0673, -0.9544 0.0936 -0.0707, -0.9473 0.091 -0.0777, -0.9404 0.0879 -0.086, -0.9351 0.085 -0.0934, -0.9708 0.0973 -0.0583, -0.9693 0.0971 -0.0595, -0.9618 0.0956 -0.065, -1.003 0.0964 -0.0238, -1.0014 0.0967 -0.0259, -1.0097 0.0949 -1.9685, -0.9938 0.0978 -0.0354, -0.9862 0.0982 -0.044, -0.9843 0.0982 -1.9685, -0.9843 0.0982 -0.0458, -0.9785 0.0981 -0.0516, -1.0322 0.0858 0.0236, -1.0252 0.0893 0.0107, -1.0335 0.085 -1.9685, -1.0332 0.0852 0.0256, -1.018 0.0923 -0.0016, -1.0106 0.0946 -0.0131, -1.0097 0.0948 -0.0143, -1.0522 0.0711 0.0673, -1.0463 0.0762 0.0533, -1.0538 0.0694 -1.9685, -1.0399 0.081 0.0393, -1.0335 0.085 0.0261, -1.0679 0.0517 0.1104, -1.0636 0.0581 0.0978, -1.0695 0.049 -1.9685, -1.0588 0.0641 0.0844, -1.0576 0.0654 0.0814, -1.0538 0.0694 0.0716, -1.0786 0.0277 0.1457, -1.0763 0.0347 0.1376, -1.0793 0.0253 -1.9685, -1.0749 0.0382 0.1327, -1.0716 0.0451 0.1222, -1.0694 0.049 0.1153, -1.0827 -0.0002 0.1605, -1.0827 0.0015 0.1605, -1.0827 -0.0002 -1.9685, -1.0824 0.0066 0.1596, -1.0817 0.0137 0.1568, -1.0804 0.0207 0.1522, -1.0793 0.0253 0.148, -1.0819 -0.0128 0.1575, -1.0825 -0.0057 0.16, -1.0827 -0.0021 0.1605, -1.0785 -0.0284 0.1454, -1.0793 -0.0257 -1.9685, -1.0761 -0.0355 0.137, -1.0731 -0.0425 0.127, -1.079 -0.0269 0.147, -1.0793 -0.0257 0.1481, -1.0807 -0.0199 0.1531, -1.0615 -0.0611 0.092, -1.0662 -0.0548 0.1053, -1.0695 -0.0494 -1.9685, -1.0695 -0.0494 0.1154, -1.0696 -0.0492 0.1157, -1.0445 -0.078 0.0493, -1.0509 -0.0727 0.0642, -1.0538 -0.0698 -1.9685, -1.0538 -0.0697 0.0716, -1.0564 -0.0671 0.0782, -1.0172 -0.093 -0.003, -1.0244 -0.0901 0.0092, -1.0335 -0.0854 -1.9685, -1.0314 -0.0866 0.022, -1.0334 -0.0854 0.0261, -1.0381 -0.0826 0.0354, -0.9993 -0.0975 -0.0286, -1.0069 -0.096 -0.0185, -1.0097 -0.0953 -1.9685, -1.0097 -0.0952 -0.0143, -1.0143 -0.0939 -0.0074, -0.984 -0.0986 -0.0462, -0.9843 -0.0986 -0.0459, -0.9917 -0.0983 -0.0379, -0.9843 -0.0002 -1.9685, 0.9588 0.0949 -1.9685, 0.942 0.0887 -0.084, 0.9489 0.0917 -0.0761, 0.956 0.0941 -0.0693, 0.9588 0.0948 -0.0672, 0.9843 0.0982 -1.9685, 0.9618 0.0956 -0.065, 0.9697 0.0972 -0.0591, 0.9216 0.0757 -0.1154, 0.9278 0.0804 -0.1046, 0.935 0.085 -1.9685, 0.9287 0.0811 -0.103, 0.935 0.085 -0.0934, 0.9352 0.0852 -0.093, 0.9054 0.0587 -0.1482, 0.9103 0.0648 -0.1374, 0.9147 0.0694 -1.9685, 0.9147 0.0694 -0.1285, 0.9157 0.0705 -0.1264, 0.899 0.049 -1.9685, 0.8892 0.0253 -1.9685, 0.8892 0.0253 -0.1877, 0.8906 0.03 -0.1842, 0.8911 0.0315 -0.1829, 0.8938 0.0386 -0.1759, 0.8971 0.0455 -0.1677, 0.8991 0.049 -0.1629, 0.9009 0.0522 -0.1585, 0.8858 -0.0002 -1.9685, 0.8858 -0.0002 -0.1968, 0.8858 0.0007 -0.1968, 0.8862 0.0082 -0.1959, 0.8871 0.0156 -0.1934, 0.8886 0.0229 -0.1895, 0.8889 -0.0248 -0.1885, 0.8874 -0.0175 -0.1927, 0.8892 -0.0257 -1.9685, 0.8863 -0.0102 -0.1955, 0.8859 -0.0028 -0.1967, 0.8987 -0.0489 -0.1637, 0.8952 -0.0422 -0.1723, 0.899 -0.0494 -1.9685, 0.8923 -0.0352 -0.1798, 0.8911 -0.032 -0.1828, 0.8892 -0.0257 -0.1878, 0.9134 -0.0685 -0.1312, 0.9082 -0.0626 -0.1421, 0.9147 -0.0698 -1.9685, 0.9074 -0.0617 -0.1438, 0.9028 -0.0554 -0.1541, 0.899 -0.0494 -0.163, 0.9315 -0.0833 -0.0986, 0.935 -0.0854 -1.9685, 0.9337 -0.0846 -0.0954, 0.9351 -0.0854 -0.0934, 0.9251 -0.0788 -0.1092, 0.919 -0.0739 -0.1201, 0.9147 -0.0698 -0.1285, 0.9404 -0.0883 -0.086, 0.9588 -0.0953 -1.9685, 0.9473 -0.0914 -0.0777, 0.9797 -0.0985 -0.0504, 0.9721 -0.0979 -0.0572, 0.9843 -0.0986 -1.9685, 0.9618 -0.096 -0.065, 0.9588 -0.0952 -0.0673, 0.9544 -0.094 -0.0707, 0.9645 -0.0966 -0.0631, 1.0043 -0.0965 -0.022, 0.9966 -0.0978 -0.032, 1.0097 -0.0953 -1.9685, 0.995 -0.098 -0.0339, 0.9874 -0.0986 -0.0426, 0.9843 -0.0985 -0.0458, 1.0275 -0.0886 0.0147, 1.0264 -0.0892 0.0127, 1.0335 -0.0854 -1.9685, 1.0192 -0.0922 0.0004, 1.0119 -0.0947 -0.0112, 1.0097 -0.0952 -0.0143, 1.0531 -0.0705 0.0697, 1.0473 -0.0758 0.0556, 1.0538 -0.0698 -1.9685, 1.041 -0.0806 0.0416, 1.0344 -0.0849 0.028, 1.0334 -0.0854 0.0261, 1.0684 -0.0512 0.1122, 1.0642 -0.0576 0.0996, 1.0695 -0.0494 -1.9685, 1.0594 -0.0637 0.0862, 1.0542 -0.0695 0.0724, 1.0538 -0.0698 0.0716, 1.0787 -0.0277 0.1461, 1.0764 -0.0346 0.1381, 1.0793 -0.0257 -1.9685, 1.0736 -0.0415 0.1285, 1.0722 -0.0445 0.1238, 1.0694 -0.0494 0.1153, 1.0827 -0.0002 0.1605, 1.0827 -0.0013 0.1605, 1.0827 -0.0002 -1.9685, 1.0826 -0.0048 0.1601, 1.0823 -0.0084 0.1592, 1.0818 -0.0137 0.1571, 1.0805 -0.0207 0.1525, 1.0793 -0.0257 0.148, 1.0813 0.0164 0.1552, 1.0822 0.0094 0.1588, 1.0826 0.0023 0.1604, 1.0756 0.0366 0.135, 1.0781 0.0296 0.1437, 1.0793 0.0253 -1.9685, 1.0793 0.0253 0.148, 1.0801 0.0224 0.1508, 1.0695 0.049 -1.9685, 1.0605 0.0621 0.089, 1.0652 0.0558 0.1023, 1.0693 0.0493 0.1149, 1.0695 0.049 0.1154, 1.0725 0.0434 0.1248, 1.0413 0.08 0.0422, 1.0475 0.0752 0.0561, 1.0538 0.0694 -1.9685, 1.0533 0.0699 0.0703, 1.0538 0.0694 0.0716, 1.0553 0.068 0.0752, 1.0335 0.085 -1.9685, 1.0097 0.0949 -1.9685, 1.0097 0.0948 -0.0143, 1.0111 0.0945 -0.0124, 1.0184 0.0921 -0.0009, 1.0256 0.0891 0.0114, 1.0278 0.0881 0.0154, 1.0334 0.085 0.0261, 1.0347 0.0843 0.0285, 0.9927 0.0979 -0.0367, 0.996 0.0975 -0.0328, 1.0036 0.0963 -0.023, 0.9773 0.098 -0.0526, 0.9843 0.0982 -0.0459, 0.985 0.0982 -0.0452, 0.9843 -0.0002 -1.9685
            ]
        }
        coordIndex [
            0,1,2,-1,2,1,3,-1,4,5,6,-1,6,7,4,-1,4,7,8,-1,4,8,2,-1,2,8,9,-1,2,9,0,-1,10,11,12,-1,11,13,12,-1,12,13,14,-1,12,14,4,-1,4,14,15,-1,4,15,5,-1,16,17,18,-1,18,17,19,-1,18,19,12,-1,12,19,20,-1,12,20,10,-1,21,22,23,-1,23,24,21,-1,21,24,25,-1,21,25,26,-1,26,27,21,-1,21,27,28,-1,21,28,18,-1,18,28,29,-1,18,29,16,-1,30,31,22,-1,22,31,32,-1,22,32,33,-1,33,34,22,-1,22,34,35,-1,22,35,23,-1,36,37,38,-1,38,37,39,-1,38,39,30,-1,30,39,40,-1,30,40,31,-1,41,42,43,-1,42,44,43,-1,43,44,45,-1,43,45,38,-1,38,45,46,-1,38,46,36,-1,47,48,49,-1,48,50,49,-1,49,50,51,-1,49,51,43,-1,43,51,52,-1,43,52,41,-1,53,54,55,-1,54,56,55,-1,55,56,57,-1,55,57,49,-1,49,57,58,-1,49,58,47,-1,59,60,61,-1,61,62,59,-1,59,62,63,-1,59,63,55,-1,55,63,64,-1,55,64,53,-1,65,66,59,-1,59,66,67,-1,59,67,60,-1,68,69,70,-1,69,71,70,-1,70,71,72,-1,70,72,73,-1,73,72,74,-1,73,74,59,-1,59,74,75,-1,59,75,65,-1,76,77,78,-1,76,78,79,-1,77,80,78,-1,78,80,81,-1,78,81,70,-1,70,81,82,-1,70,82,68,-1,83,84,85,-1,85,84,86,-1,85,86,78,-1,78,86,87,-1,78,87,79,-1,88,89,90,-1,89,91,90,-1,90,91,92,-1,90,92,85,-1,85,92,93,-1,85,93,83,-1,94,95,96,-1,95,97,96,-1,96,97,98,-1,96,98,90,-1,90,98,99,-1,90,99,88,-1,100,101,102,-1,102,101,103,-1,103,104,102,-1,102,104,105,-1,102,105,96,-1,96,105,106,-1,96,106,94,-1,107,108,102,-1,102,108,109,-1,102,109,100,-1,110,111,112,-1,112,111,113,-1,110,114,111,-1,111,114,115,-1,111,115,102,-1,102,115,116,-1,102,116,107,-1,117,118,119,-1,119,118,120,-1,119,120,111,-1,111,120,121,-1,111,121,113,-1,122,123,124,-1,124,123,125,-1,124,125,119,-1,119,125,126,-1,119,126,117,-1,127,128,129,-1,128,130,129,-1,129,130,131,-1,129,131,124,-1,124,131,132,-1,124,132,122,-1,133,134,135,-1,135,134,136,-1,135,136,129,-1,129,136,137,-1,129,137,127,-1,3,138,2,-1,2,138,139,-1,2,139,135,-1,135,139,140,-1,135,140,133,-1,43,38,141,-1,141,38,30,-1,141,30,22,-1,59,55,141,-1,141,55,49,-1,141,49,43,-1,78,70,141,-1,141,70,73,-1,141,73,59,-1,96,90,141,-1,141,90,85,-1,141,85,78,-1,119,111,141,-1,141,111,102,-1,141,102,96,-1,135,129,141,-1,141,129,124,-1,141,124,119,-1,12,4,141,-1,141,4,2,-1,141,2,135,-1,22,21,141,-1,141,21,18,-1,141,18,12,-1,142,143,144,-1,144,145,142,-1,142,145,146,-1,142,146,147,-1,147,146,148,-1,147,148,149,-1,150,151,152,-1,151,153,152,-1,152,153,154,-1,152,154,142,-1,142,154,155,-1,142,155,143,-1,156,157,158,-1,158,157,159,-1,158,159,152,-1,152,159,160,-1,152,160,150,-1,161,162,163,-1,163,164,161,-1,161,164,165,-1,161,165,166,-1,166,167,161,-1,161,167,168,-1,161,168,158,-1,158,168,169,-1,158,169,156,-1,170,171,162,-1,162,171,172,-1,162,172,173,-1,173,174,162,-1,162,174,175,-1,162,175,163,-1,176,177,178,-1,178,177,179,-1,178,179,170,-1,170,179,180,-1,170,180,171,-1,181,182,183,-1,182,184,183,-1,183,184,185,-1,183,185,178,-1,178,185,186,-1,178,186,176,-1,187,188,189,-1,188,190,189,-1,189,190,191,-1,189,191,183,-1,183,191,192,-1,183,192,181,-1,193,194,195,-1,195,194,196,-1,193,197,194,-1,194,197,198,-1,194,198,189,-1,189,198,199,-1,189,199,187,-1,196,194,200,-1,200,194,201,-1,200,201,202,-1,203,204,205,-1,206,207,201,-1,201,207,208,-1,201,208,202,-1,205,204,201,-1,201,204,209,-1,201,209,206,-1,210,211,212,-1,211,213,212,-1,212,213,214,-1,212,214,205,-1,205,214,215,-1,205,215,203,-1,216,217,218,-1,217,219,218,-1,218,219,220,-1,218,220,212,-1,212,220,221,-1,212,221,210,-1,222,223,224,-1,223,225,224,-1,224,225,226,-1,224,226,218,-1,218,226,227,-1,218,227,216,-1,228,229,230,-1,229,231,230,-1,230,231,232,-1,230,232,224,-1,224,232,233,-1,224,233,222,-1,234,235,236,-1,235,237,236,-1,236,237,238,-1,236,238,230,-1,230,238,239,-1,230,239,228,-1,240,241,242,-1,242,241,243,-1,242,243,244,-1,244,245,242,-1,242,245,246,-1,242,246,236,-1,236,246,247,-1,236,247,234,-1,248,249,242,-1,242,249,250,-1,242,250,240,-1,251,252,253,-1,253,252,254,-1,253,254,242,-1,242,254,255,-1,242,255,248,-1,256,257,258,-1,258,259,256,-1,256,259,260,-1,256,260,253,-1,253,260,261,-1,253,261,251,-1,262,263,264,-1,263,265,264,-1,264,265,266,-1,264,266,256,-1,256,266,267,-1,256,267,257,-1,268,269,270,-1,270,271,268,-1,268,271,272,-1,268,272,273,-1,273,274,268,-1,268,274,275,-1,268,275,264,-1,264,275,276,-1,264,276,262,-1,277,278,269,-1,269,278,279,-1,269,279,270,-1,149,280,147,-1,147,280,281,-1,147,281,269,-1,269,281,282,-1,269,282,277,-1,256,253,283,-1,283,253,242,-1,283,242,236,-1,269,268,283,-1,283,268,264,-1,283,264,256,-1,152,142,283,-1,283,142,147,-1,283,147,269,-1,162,161,283,-1,283,161,158,-1,283,158,152,-1,183,178,283,-1,283,178,170,-1,283,170,162,-1,201,194,283,-1,283,194,189,-1,283,189,183,-1,218,212,283,-1,283,212,205,-1,283,205,201,-1,236,230,283,-1,283,230,224,-1,283,224,218,-1,
        ]
    }
}
Shape{
    appearance Appearance {
        material  Material 	{
            diffuseColor 0.8117647058823529 0.0 0.0
            specularColor 0.403921568627451 0.0 0.0
            ambientIntensity 0.2427
            transparency 0.0
            shininess 0.5
        }
    }
    geometry IndexedFaceSet {
        ccw TRUE
        solid FALSE
        coord DEF co Coordinate {
            point [
                0.9353 0.1283 0.1302, 0.9221 0.1541 0.2052, 0.9303 0.1574 0.2094, 0.8976 0.2179 0.3045, 0.8935 0.2286 0.321, 0.9059 0.2331 0.3247, 0.8513 0.362 0.4339, 0.8268 0.447 0.4816, 0.8547 0.4542 0.4853, 0.875 0.2854 0.3747, 0.8611 0.328 0.4149, 0.8803 0.3339 0.4184, 0.918 0.1647 0.2217, 0.9697 0.0972 -0.0591, 0.9618 0.0956 -0.065, 0.95 0.1051 0.0344, 0.9584 0.1131 0.0844, 0.952 0.1113 0.079, 0.9453 0.1089 0.074, 0.985 0.0982 -0.0452, 0.9843 0.0982 -0.0459, 0.9773 0.098 -0.0526, 0.8813 0.4583 0.4891, 0.8986 0.3376 0.422, 0.9081 0.4598 0.4931, 0.9172 0.3397 0.4257, 0.9293 0.459 0.4965, 0.9362 0.3401 0.4296, 0.9651 0.1145 0.0905, 0.972 0.1155 0.0972, 0.9927 0.0979 -0.0367, 0.975 0.1158 0.1003, 0.996 0.0975 -0.0328, 0.9823 0.1161 0.108, 1.0111 0.0945 -0.0124, 1.0097 0.0948 -0.0143, 1.0036 0.0963 -0.023, 0.9351 0.4587 0.4974, 0.9466 0.4574 0.4993, 0.9443 0.3397 0.4313, 0.9732 0.4525 0.5039, 0.9634 0.3375 0.4355, 0.9994 0.445 0.5087, 0.9825 0.3335 0.4398, 1.0252 0.4349 0.5138, 1.0017 0.3276 0.4443, 1.0287 0.433 0.5145, 1.0208 0.3197 0.449, 0.9898 0.1159 0.1163, 0.9975 0.1151 0.1252, 1.0184 0.0921 -0.0009, 1.0055 0.1136 0.1348, 1.0256 0.0891 0.0114, 1.008 0.113 0.1378, 1.0347 0.0843 0.0285, 1.0334 0.085 0.0261, 1.0278 0.0881 0.0154, 1.0503 0.422 0.5189, 1.058 0.4174 0.5206, 1.0267 0.3168 0.4505, 1.0821 0.4011 0.5259, 1.0455 0.3062 0.4554, 1.105 0.3822 0.5312, 1.0639 0.2936 0.4604, 1.122 0.3655 0.5354, 1.0817 0.2788 0.4655, 1.0162 0.1104 0.148, 1.0245 0.1071 0.1586, 1.0413 0.08 0.0422, 1.0328 0.1028 0.1694, 1.0475 0.0752 0.0561, 1.041 0.0975 0.1804, 1.1268 0.3608 0.5366, 1.1473 0.3368 0.5418, 1.0989 0.2617 0.4706, 1.1484 0.3354 0.5421, 1.1046 0.2553 0.4724, 1.0553 0.068 0.0752, 1.0538 0.0694 0.0716, 1.0533 0.0699 0.0703, 1.0439 0.0955 0.1842, 1.0517 0.0889 0.195, 1.0605 0.0621 0.089, 1.0591 0.0815 0.2055, 1.0652 0.0558 0.1023, 1.0659 0.0731 0.2153, 1.154 0.3279 0.5436, 1.1723 0.3009 0.5486, 1.1203 0.2356 0.4773, 1.1887 0.272 0.5532, 1.1348 0.214 0.482, 1.2033 0.2411 0.5576, 1.148 0.1906 0.4865, 1.2064 0.2334 0.5585, 1.158 0.1693 0.49, 1.0725 0.0434 0.1248, 1.0695 0.049 0.1154, 1.0693 0.0493 0.1149, 1.2143 0.2134 0.5609, 1.221 0.1929 0.563, 1.168 0.1437 0.4935, 1.0712 0.0653 0.2231, 1.0766 0.0557 0.2312, 1.0756 0.0366 0.135, 1.0811 0.0456 0.238, 1.0801 0.0224 0.1508, 1.0793 0.0253 0.148, 1.0781 0.0296 0.1437, 1.2251 0.1804 0.5643, 1.2339 0.1464 0.5671, 1.1763 0.1169 0.4966, 1.2408 0.1114 0.5693, 1.1829 0.0892 0.499, 1.245 0.0821 0.5707, 1.1869 0.0658 0.5006, 1.2469 0.0629 0.5713, 1.1901 0.0379 0.5018, 1.0848 0.0348 0.2436, 1.087 0.0257 0.2471, 1.0813 0.0164 0.1552, 1.0888 0.0148 0.2499, 1.0822 0.0094 0.1588, 1.0896 0.0037 0.2512, 1.0826 0.0023 0.1604, 1.2484 0.0473 0.5718, 1.2499 0.0122 0.5724, 1.1916 0.0098 0.5024, 1.25 -0.0055 0.5724, 1.1917 -0.0044 0.5024, 1.2496 -0.0232 0.5723, 1.1913 -0.0187 0.5023, 1.2488 -0.041 0.572, 1.1905 -0.0329 0.502, 1.247 -0.0633 0.5714, 1.1886 -0.0538 0.5012, 1.0827 -0.0002 0.1605, 1.0897 -0.0019 0.2513, 1.0827 -0.0013 0.1605, 1.0895 -0.0075 0.251, 1.0826 -0.0048 0.1601, 1.089 -0.0131 0.2503, 1.0823 -0.0084 0.1592, 1.0879 -0.0213 0.2486, 1.0818 -0.0137 0.1571, 1.0856 -0.0321 0.245, 1.0805 -0.0207 0.1525, 1.2468 -0.0669 0.5713, 1.2424 -0.1018 0.5699, 1.1844 -0.0816 0.4996, 1.2363 -0.136 0.5678, 1.1785 -0.1088 0.4974, 1.2282 -0.1697 0.5653, 1.1709 -0.1353 0.4946, 1.2211 -0.1932 0.563, 1.1617 -0.161 0.4912, 1.0793 -0.0257 0.148, 1.0824 -0.0427 0.2399, 1.0787 -0.0277 0.1461, 1.0782 -0.0528 0.2336, 1.0764 -0.0346 0.1381, 1.0732 -0.0625 0.226, 1.0736 -0.0415 0.1285, 1.0707 -0.0666 0.2224, 1.0722 -0.0445 0.1238, 1.2182 -0.2025 0.5621, 1.2132 -0.2168 0.5606, 1.157 -0.172 0.4896, 1.2063 -0.2336 0.5585, 1.1452 -0.1964 0.4855, 1.0694 -0.0494 0.1153, 1.0644 -0.0755 0.2132, 1.0684 -0.0512 0.1122, 1.0575 -0.0835 0.2033, 1.0642 -0.0576 0.0996, 1.0501 -0.0907 0.1929, 1.0594 -0.0637 0.0862, 1.0423 -0.097 0.1821, 1.0542 -0.0695 0.0724, 1.2002 -0.2486 0.5566, 1.1854 -0.2787 0.5523, 1.1319 -0.2192 0.481, 1.1687 -0.307 0.5476, 1.1172 -0.2402 0.4763, 1.1502 -0.3334 0.5426, 1.1014 -0.2594 0.4714, 1.1484 -0.3357 0.5421, 1.0982 -0.2629 0.4704, 1.1465 -0.3382 0.5416, 1.126 -0.362 0.5364, 1.0811 -0.2797 0.4653, 1.122 -0.3659 0.5354, 1.0632 -0.2945 0.4603, 1.0538 -0.0698 0.0716, 1.0407 -0.0981 0.18, 1.0531 -0.0705 0.0697, 1.0325 -0.1033 0.169, 1.0473 -0.0758 0.0556, 1.0242 -0.1076 0.1582, 1.041 -0.0806 0.0416, 1.0159 -0.1109 0.1476, 1.0344 -0.0849 0.028, 1.0334 -0.0854 0.0261, 1.0076 -0.1135 0.1373, 1.0275 -0.0886 0.0147, 1.0063 -0.1138 0.1358, 1.0264 -0.0892 0.0127, 0.9983 -0.1154 0.1262, 1.0192 -0.0922 0.0004, 0.9905 -0.1163 0.1172, 1.0119 -0.0947 -0.0112, 1.1042 -0.3834 0.531, 1.0811 -0.4022 0.5257, 1.0448 -0.3071 0.4552, 1.0567 -0.4186 0.5203, 1.0257 -0.3177 0.4503, 1.0529 -0.4209 0.5195, 1.0227 -0.3192 0.4495, 1.0278 -0.434 0.5143, 1.0037 -0.3273 0.4448, 1.0021 -0.4445 0.5093, 0.9845 -0.3334 0.4403, 0.9758 -0.4523 0.5044, 0.9653 -0.3376 0.4359, 0.9489 -0.4575 0.4997, 0.9459 -0.34 0.4317, 0.9433 -0.4583 0.4988, 0.9419 -0.3402 0.4308, 0.9293 -0.4593 0.4965, 0.9231 -0.3404 0.4269, 1.0097 -0.0952 -0.0143, 0.983 -0.1165 0.1088, 1.0043 -0.0965 -0.022, 0.9756 -0.1163 0.101, 0.9966 -0.0978 -0.032, 0.9741 -0.1161 0.0994, 0.995 -0.098 -0.0339, 0.9672 -0.1153 0.0925, 0.9874 -0.0986 -0.0426, 0.8859 -0.3356 0.4195, 0.9096 -0.2346 0.3259, 0.9044 -0.3389 0.4231, 0.9217 -0.2376 0.3297, 0.9341 -0.2396 0.3338, 0.9469 -0.2405 0.3381, 0.9496 -0.2406 0.3391, 0.9629 -0.2403 0.3438, 0.9765 -0.2387 0.3487, 0.9904 -0.2358 0.3539, 1.0045 -0.2315 0.3594, 1.0067 -0.2307 0.3602, 1.0212 -0.2246 0.366, 1.0356 -0.2168 0.372, 1.0498 -0.2074 0.378, 1.0637 -0.1961 0.3842, 1.0663 -0.1938 0.3853, 1.0795 -0.1805 0.3914, 1.0919 -0.1657 0.3972, 1.1034 -0.1493 0.4028, 1.1138 -0.1313 0.4079, 1.1178 -0.1231 0.41, 1.1261 -0.1038 0.4143, 1.1329 -0.0837 0.4179, 1.1382 -0.0629 0.4207, 1.142 -0.0415 0.4228, 1.1438 -0.0255 0.4238, 1.1445 -0.0145 0.4241, 1.1449 -0.0035 0.4243, 1.1448 0.0075 0.4243, 1.1434 0.0293 0.4235, 1.1405 0.0508 0.422, 1.1368 0.0687 0.42, 1.1309 0.0898 0.4168, 1.1235 0.11 0.4129, 1.1146 0.1292 0.4084, 1.1059 0.1449 0.404, 1.0945 0.1619 0.3984, 1.0821 0.1772 0.3926, 1.069 0.1909 0.3865, 1.0642 0.1953 0.3844, 1.0503 0.2066 0.3782, 1.0361 0.2161 0.3722, 1.0218 0.2239 0.3663, 1.0074 0.23 0.3605, 1.003 0.2316 0.3588, 0.9889 0.2358 0.3534, 0.9751 0.2385 0.3482, 0.9616 0.2399 0.3433, 0.9485 0.2402 0.3387, 0.9429 0.24 0.3368, 0.9302 0.2386 0.3325, 0.9179 0.2363 0.3285, 0.9165 -0.4602 0.4944, 0.8897 -0.4595 0.4903, 0.863 -0.4561 0.4865, 0.8363 -0.4502 0.4829, 0.9249 -0.1557 0.2066, 0.9475 -0.1102 0.0757, 0.9327 -0.1587 0.2108, 0.9539 -0.1123 0.0806, 0.9408 -0.1612 0.2153, 0.9605 -0.114 0.0863, 0.9491 -0.1631 0.2203, 0.9578 -0.1645 0.2257, 0.9597 -0.1647 0.2269, 0.9689 -0.1653 0.2329, 0.9786 -0.1651 0.2392, 0.9885 -0.164 0.246, 0.9989 -0.162 0.2531, 1.0006 -0.1616 0.2543, 1.0114 -0.1582 0.262, 1.0224 -0.1536 0.2699, 1.0334 -0.1478 0.2779, 1.0443 -0.1405 0.2861, 1.0464 -0.139 0.2877, 1.0569 -0.1301 0.2958, 1.0669 -0.12 0.3036, 1.0762 -0.1085 0.3111, 1.0847 -0.0958 0.318, 1.0881 -0.0899 0.3208, 1.0949 -0.0761 0.3265, 1.1006 -0.0615 0.3313, 1.105 -0.0463 0.3351, 1.1082 -0.0306 0.3379, 1.1097 -0.0188 0.3392, 1.1103 -0.0107 0.3397, 1.1106 -0.0026 0.34, 1.1105 0.0055 0.3399, 1.1094 0.0215 0.3389, 1.1069 0.0373 0.3368, 1.1038 0.0504 0.3341, 1.0989 0.0658 0.3299, 1.0927 0.0804 0.3247, 1.0854 0.0942 0.3186, 1.0782 0.1053 0.3127, 1.069 0.1172 0.3052, 1.059 0.1278 0.2974, 1.0485 0.1369 0.2893, 1.0447 0.1398 0.2865, 1.0338 0.1472 0.2782, 1.0228 0.153 0.2701, 1.0119 0.1576 0.2623, 1.0011 0.161 0.2547, 0.9978 0.1618 0.2524, 0.9875 0.1638 0.2452, 0.9776 0.1647 0.2385, 0.968 0.1649 0.2323, 0.9589 0.1642 0.2264, 0.9551 0.1638 0.224, 0.9465 0.1622 0.2187, 0.9382 0.1601 0.2139, 0.8268 -0.4474 0.4816, 0.8513 -0.3624 0.4339, 0.8676 -0.3306 0.4161, 0.8977 -0.2306 0.3222, 0.8611 -0.3284 0.4149, 0.875 -0.2858 0.3747, 0.8935 -0.2289 0.321, 0.8976 -0.2183 0.3045, 0.918 -0.1651 0.2217, 0.9221 -0.1545 0.2052, 0.9353 -0.1287 0.1302, 0.9453 -0.1093 0.074, 0.95 -0.1055 0.0344, 0.9843 -0.0985 -0.0458, 0.9797 -0.0985 -0.0504, 0.9721 -0.0979 -0.0572, 0.9645 -0.0966 -0.0631, 0.9618 -0.096 -0.065, 0.8084 -0.352 0.434, 0.9588 -0.0952 -0.0673, 0.9121 -0.0832 0.0103, 0.9208 -0.0891 0.0178, 0.8934 -0.1068 0.1183, 0.9251 -0.0788 -0.1092, 0.9017 -0.0744 -0.0005, 0.895 -0.0672 -0.0091, 0.9241 0.1208 0.1288, 0.9424 0.0991 0.0312, 0.9588 0.0948 -0.0672, 0.9018 0.1584 0.2205, 0.8761 0.2108 0.3037, 0.8175 0.3536 0.4347, 0.7863 0.4398 0.4787, 0.776 0.3432 0.4313, 0.7367 0.4284 0.4742, 0.7357 0.3304 0.4274, 0.6883 0.4146 0.4689, 0.956 0.0941 -0.0693, 0.9489 0.0917 -0.0761, 0.9323 0.095 0.0258, 0.942 0.0887 -0.084, 0.9229 0.09 0.0194, 0.9352 0.0852 -0.093, 0.935 0.085 -0.0934, 0.906 0.0779 0.0043, 0.9141 0.0843 0.0122, 0.9287 0.0811 -0.103, 0.9278 0.0804 -0.1046, 0.9049 0.0769 0.003, 0.9216 0.0757 -0.1154, 0.8977 0.0699 -0.0054, 0.9157 0.0705 -0.1264, 0.9147 0.0694 -0.1285, 0.8863 0.0553 -0.0223, 0.8916 0.0627 -0.0139, 0.9103 0.0648 -0.1374, 0.9054 0.0587 -0.1482, 0.882 0.048 -0.0305, 0.9009 0.0522 -0.1585, 0.8991 0.049 -0.1629, 0.8761 0.034 -0.0448, 0.8786 0.0407 -0.0381, 0.6573 0.4038 0.465, 0.6969 0.3155 0.4229, 0.6412 0.3981 0.4629, 0.6596 0.2985 0.4182, 0.5957 0.3791 0.4563, 0.6541 0.2957 0.4174, 0.5889 0.376 0.4552, 0.6188 0.2762 0.4124, 0.5454 0.3539 0.448, 0.5862 0.2552 0.4073, 0.5047 0.3296 0.4407, 0.5563 0.2327 0.4024, 0.4669 0.3031 0.4333, 0.5292 0.209 0.3978, 0.4322 0.2746 0.4261, 0.5051 0.1841 0.3935, 0.4009 0.2442 0.4193, 0.4847 0.1594 0.3898, 0.3741 0.2131 0.4131, 0.8971 0.0455 -0.1677, 0.8938 0.0386 -0.1759, 0.8742 0.0276 -0.0507, 0.8911 0.0315 -0.1829, 0.8729 0.0216 -0.0557, 0.8906 0.03 -0.1842, 0.8727 0.0205 -0.0566, 0.8892 0.0253 -0.1877, 0.8719 0.0151 -0.0603, 0.3682 0.2049 0.4117, 0.4675 0.1342 0.3866, 0.3511 0.1809 0.4077, 0.4533 0.1087 0.3839, 0.3319 0.1475 0.403, 0.4509 0.1037 0.3835, 0.3286 0.1409 0.4022, 0.4405 0.0786 0.3815, 0.3144 0.1074 0.3986, 0.4331 0.0535 0.3801, 0.3042 0.0734 0.396, 0.4285 0.0283 0.3792, 0.2978 0.039 0.3944, 0.4267 0.003 0.3789, 0.2953 0.0042 0.3937, 0.8886 0.0229 -0.1895, 0.8871 0.0156 -0.1934, 0.8714 0.01 -0.0631, 0.8862 0.0082 -0.1959, 0.8711 0.0051 -0.0648, 0.8858 0.0007 -0.1968, 0.871 0.0004 -0.0654, 0.8858 -0.0002 -0.1968, 0.871 -0.0019 -0.0654, 0.8859 -0.0028 -0.1967, 0.8863 -0.0102 -0.1955, 0.8712 -0.0066 -0.0645, 0.8874 -0.0175 -0.1927, 0.8715 -0.0114 -0.0626, 0.8889 -0.0248 -0.1885, 0.872 -0.0166 -0.0596, 0.8892 -0.0257 -0.1878, 0.8729 -0.0221 -0.0557, 0.2954 -0.0002 0.3937, 0.4269 -0.0092 0.3789, 0.2955 -0.0125 0.3938, 0.4292 -0.0342 0.3794, 0.2988 -0.0469 0.3946, 0.4344 -0.0592 0.3804, 0.306 -0.0811 0.3965, 0.4425 -0.0843 0.3819, 0.3171 -0.115 0.3993, 0.4535 -0.1096 0.384, 0.3322 -0.1485 0.4031, 0.4595 -0.121 0.3851, 0.3403 -0.1635 0.4051, 0.475 -0.1461 0.388, 0.3611 -0.1961 0.4101, 0.8911 -0.032 -0.1828, 0.8923 -0.0352 -0.1798, 0.8734 -0.0247 -0.0535, 0.8952 -0.0422 -0.1723, 0.875 -0.0309 -0.0482, 0.8987 -0.0489 -0.1637, 0.8771 -0.0374 -0.0419, 0.899 -0.0494 -0.163, 0.88 -0.0442 -0.0349, 0.9028 -0.0554 -0.1541, 0.9074 -0.0617 -0.1438, 0.8837 -0.0514 -0.0272, 0.9082 -0.0626 -0.1421, 0.8844 -0.0526 -0.0259, 0.9134 -0.0685 -0.1312, 0.8892 -0.0599 -0.0176, 0.9147 -0.0698 -0.1285, 0.919 -0.0739 -0.1201, 0.9098 0.115 0.1245, 0.8964 0.1081 0.1195, 0.884 0.1003 0.1139, 0.8726 0.0917 0.1079, 0.871 0.0903 0.1069, 0.8611 0.081 0.1006, 0.8526 0.0714 0.0943, 0.8456 0.0618 0.0882, 0.8399 0.0524 0.0824, 0.8356 0.0434 0.0771, 0.8325 0.0353 0.0725, 0.8303 0.0279 0.0686, 0.8289 0.0213 0.0654, 0.8287 0.0201 0.0649, 0.828 0.0144 0.0625, 0.8276 0.0094 0.0608, 0.8274 0.0048 0.0598, 0.8273 0.0004 0.0594, 0.8273 -0.0017 0.0594, 0.8274 -0.0061 0.06, 0.8276 -0.0108 0.0611, 0.8281 -0.0159 0.0629, 0.8289 -0.0218 0.0655, 0.8295 -0.0246 0.0668, 0.8312 -0.0316 0.0703, 0.8337 -0.0392 0.0745, 0.8373 -0.0476 0.0793, 0.8421 -0.0566 0.0847, 0.843 -0.0581 0.0856, 0.8494 -0.0676 0.0916, 0.8573 -0.0773 0.0979, 0.8666 -0.0868 0.1042, 0.8774 -0.0959 0.1105, 0.882 0.1512 0.2171, 0.8633 0.1426 0.2132, 0.8458 0.1328 0.2088, 0.8297 0.122 0.2042, 0.8274 0.1202 0.2035, 0.813 0.1084 0.1987, 0.8004 0.0962 0.1941, 0.7898 0.084 0.1897, 0.7808 0.0718 0.1856, 0.7737 0.0601 0.182, 0.7683 0.0494 0.1791, 0.7642 0.0395 0.1766, 0.7613 0.0304 0.1747, 0.7608 0.0288 0.1744, 0.759 0.0209 0.1731, 0.7579 0.0137 0.1721, 0.7572 0.0071 0.1716, 0.757 0.0006 0.1714, 0.757 -0.0025 0.1714, 0.7573 -0.0089 0.1717, 0.7581 -0.0156 0.1723, 0.7593 -0.0229 0.1733, 0.7613 -0.031 0.1747, 0.7625 -0.0349 0.1755, 0.7659 -0.0443 0.1777, 0.7705 -0.0545 0.1803, 0.7766 -0.0655 0.1835, 0.7843 -0.0772 0.1872, 0.7857 -0.0791 0.1879, 0.7956 -0.0913 0.1921, 0.8073 -0.1036 0.1967, 0.821 -0.1156 0.2014, 0.8365 -0.1272 0.2062, 0.8418 -0.1307 0.2077, 0.3682 -0.2053 0.4117, 0.4935 -0.171 0.3914, 0.3856 -0.2276 0.4158, 0.5151 -0.1954 0.3953, 0.414 -0.2579 0.4222, 0.54 -0.2193 0.3996, 0.4461 -0.287 0.4291, 0.5443 -0.223 0.4004, 0.4516 -0.2915 0.4302, 0.573 -0.246 0.4052, 0.488 -0.3188 0.4375, 0.6044 -0.2677 0.4102, 0.5275 -0.3441 0.4449, 0.6386 -0.2879 0.4152, 0.5699 -0.3672 0.4522, 0.6755 -0.3065 0.4203, 0.6152 -0.3881 0.4592, 0.6878 -0.312 0.4218, 0.6302 -0.3942 0.4614, 0.9337 -0.0846 -0.0954, 0.9351 -0.0854 -0.0934, 0.8498 0.2024 0.3008, 0.8246 0.1923 0.2974, 0.8009 0.1806 0.2938, 0.7786 0.1676 0.2899, 0.7754 0.1656 0.2893, 0.7551 0.1512 0.2854, 0.737 0.1362 0.2816, 0.721 0.1209 0.2781, 0.7072 0.1054 0.275, 0.6956 0.0901 0.2722, 0.6863 0.0756 0.2701, 0.679 0.0619 0.2683, 0.6732 0.0487 0.267, 0.6723 0.0463 0.2668, 0.6684 0.0343 0.2659, 0.6657 0.0229 0.2653, 0.6641 0.0119 0.265, 0.6635 0.0012 0.2649, 0.6635 -0.004 0.2649, 0.6644 -0.0147 0.265, 0.6662 -0.0256 0.2654, 0.6691 -0.0371 0.2661, 0.6733 -0.0494 0.267, 0.6757 -0.0551 0.2676, 0.6821 -0.0684 0.2691, 0.6903 -0.0824 0.271, 0.7004 -0.0971 0.2734, 0.7127 -0.1122 0.2762, 0.7148 -0.1146 0.2767, 0.7298 -0.13 0.2801, 0.747 -0.1452 0.2837, 0.7664 -0.1599 0.2876, 0.7881 -0.1738 0.2916, 0.7954 -0.178 0.2929, 0.819 -0.1901 0.2966, 0.9404 -0.0883 -0.086, 0.9473 -0.0914 -0.0777, 0.8477 0.2765 0.3758, 0.814 0.267 0.3729, 0.7817 0.2555 0.3696, 0.7507 0.2422 0.3659, 0.7213 0.2272 0.3621, 0.717 0.2247 0.3615, 0.6896 0.2078 0.3575, 0.6646 0.1899 0.3536, 0.6422 0.1711 0.35, 0.6222 0.1518 0.3467, 0.6048 0.132 0.3437, 0.5904 0.1129 0.3414, 0.5785 0.0939 0.3394, 0.5689 0.0752 0.3379, 0.5673 0.0716 0.3376, 0.5604 0.0538 0.3365, 0.5556 0.0364 0.3358, 0.5527 0.0191 0.3354, 0.5515 0.002 0.3352, 0.5516 -0.0063 0.3352, 0.5531 -0.0233 0.3355, 0.5565 -0.0404 0.3359, 0.5617 -0.058 0.3367, 0.569 -0.076 0.3379, 0.5731 -0.0843 0.3385, 0.5836 -0.1029 0.3402, 0.5965 -0.1218 0.3424, 0.612 -0.141 0.345, 0.6301 -0.1602 0.348, 0.6333 -0.1633 0.3485, 0.6546 -0.1823 0.352, 0.6785 -0.2006 0.3558, 0.7049 -0.218 0.3597, 0.7338 -0.2343 0.3638, 0.7435 -0.2392 0.365, 0.7743 -0.253 0.3688, 0.8067 -0.265 0.3722, 0.8777 -0.1498 0.2163, 0.9067 -0.1139 0.1235, 0.9302 -0.0943 0.0244, 0.9544 -0.094 -0.0707, 0.7266 -0.3276 0.4264, 0.7668 -0.3409 0.4305, 0.8703 -0.2095 0.3031, 0.8975 -0.1573 0.2199, 0.921 -0.12 0.128, 0.9402 -0.0987 0.0301, 0.9315 -0.0833 -0.0986, 0.9094 -0.0811 0.0078, 0.8812 -0.0987 0.1125, 0.8591 -0.1408 0.2122, 0.844 -0.2006 0.3001, 0.8403 -0.2751 0.3752, 0.6574 -0.4041 0.465, 0.6772 -0.4114 0.4676, 0.7257 -0.426 0.4731, 0.7755 -0.4379 0.4778, -0.8828 0.3345 0.4189, -0.8791 0.3336 0.4182, -0.9052 0.2328 0.3245, -0.8853 0.4587 0.4897, -0.9013 0.338 0.4225, -0.92 0.3399 0.4262, -0.9353 -0.1287 0.1302, -0.9221 -0.1545 0.2052, -0.9257 -0.156 0.207, -0.8976 -0.2183 0.3045, -0.8935 -0.2289 0.321, -0.8989 -0.2311 0.3226, -0.8513 -0.3624 0.4339, -0.8268 -0.4474 0.4816, -0.839 -0.4509 0.4832, -0.875 -0.2858 0.3747, -0.8611 -0.3284 0.4149, -0.8695 -0.3312 0.4164, -0.918 -0.1651 0.2217, -0.9653 -0.0968 -0.0625, -0.9618 -0.096 -0.065, -0.95 -0.1055 0.0344, -0.9642 -0.1148 0.0897, -0.9805 -0.0986 -0.0497, -0.9611 -0.1141 0.0868, -0.9728 -0.098 -0.0566, -0.9546 -0.1125 0.0812, -0.9482 -0.1104 0.0762, -0.9453 -0.1093 0.074, -0.8655 -0.4566 0.4868, -0.8877 -0.336 0.4199, -0.8924 -0.4597 0.4907, -0.9063 -0.3391 0.4235, -0.9047 -0.4602 0.4926, -0.9148 -0.3399 0.4252, -0.9293 -0.4595 0.4965, -0.9336 -0.3405 0.4291, -0.9917 -0.0983 -0.0379, -0.9843 -0.0986 -0.0459, -0.984 -0.0986 -0.0462, -0.9711 -0.1158 0.0963, -0.9781 -0.1164 0.1036, -0.9993 -0.0975 -0.0286, -0.9855 -0.1165 0.1115, -1.0143 -0.0939 -0.0074, -1.0097 -0.0952 -0.0143, -1.0069 -0.096 -0.0185, -0.9316 -0.4594 0.4968, -0.9582 -0.456 0.5013, -0.9526 -0.3394 0.4331, -0.9847 -0.45 0.506, -0.9717 -0.3364 0.4373, -1.0108 -0.4413 0.5109, -0.9909 -0.3316 0.4418, -1.0207 -0.4372 0.5129, -0.9983 -0.3292 0.4435, -1.0287 -0.4333 0.5145, -1.0175 -0.3216 0.4482, -0.9931 -0.116 0.1202, -0.9961 -0.1157 0.1236, -1.0172 -0.093 -0.003, -1.0041 -0.1143 0.1331, -1.0244 -0.0901 0.0092, -1.0122 -0.1122 0.143, -1.0381 -0.0826 0.0354, -1.0334 -0.0854 0.0261, -1.0314 -0.0866 0.022, -1.046 -0.4248 0.518, -1.0704 -0.4098 0.5233, -1.0363 -0.3121 0.453, -1.0939 -0.3922 0.5286, -1.0549 -0.3005 0.458, -1.1163 -0.372 0.534, -1.0731 -0.2867 0.463, -1.122 -0.3658 0.5354, -1.0916 -0.2697 0.4684, -1.0204 -0.1092 0.1533, -1.0288 -0.1054 0.1641, -1.0445 -0.078 0.0493, -1.0375 -0.1003 0.1757, -1.1387 -0.3478 0.5396, -1.1479 -0.3358 0.542, -1.1081 -0.2516 0.4734, -1.0564 -0.0671 0.0782, -1.0538 -0.0697 0.0716, -1.0509 -0.0727 0.0642, -1.0456 -0.0945 0.1866, -1.0533 -0.0878 0.1974, -1.0615 -0.0611 0.092, -1.0607 -0.08 0.2078, -1.0696 -0.0492 0.1157, -1.0695 -0.0494 0.1154, -1.0662 -0.0548 0.1053, -1.1581 -0.3226 0.5447, -1.176 -0.2951 0.5496, -1.1236 -0.2314 0.4783, -1.1922 -0.2654 0.5543, -1.138 -0.2092 0.4831, -1.2042 -0.2394 0.5578, -1.1488 -0.1894 0.4867, -1.2064 -0.2339 0.5585, -1.1601 -0.1647 0.4907, -1.2166 -0.2073 0.5616, -1.221 -0.1933 0.563, -1.1698 -0.1387 0.4942, -1.0664 -0.0729 0.216, -1.0724 -0.0638 0.2248, -1.0731 -0.0425 0.127, -1.0776 -0.0541 0.2327, -1.0761 -0.0355 0.137, -1.082 -0.0437 0.2394, -1.0785 -0.0284 0.1454, -1.0828 -0.0414 0.2406, -1.0807 -0.0199 0.1531, -1.0793 -0.0257 0.1481, -1.079 -0.0269 0.147, -1.086 -0.0308 0.2455, -1.0882 -0.0199 0.2489, -1.0819 -0.0128 0.1575, -1.0894 -0.0088 0.2509, -1.0825 -0.0057 0.16, -1.0897 -0.0032 0.2513, -1.227 -0.1739 0.5649, -1.2356 -0.1393 0.5676, -1.1779 -0.1114 0.4972, -1.2371 -0.132 0.5681, -1.1793 -0.1056 0.4977, -1.243 -0.0975 0.5701, -1.185 -0.0782 0.4999, -1.2472 -0.0627 0.5714, -1.189 -0.0504 0.5014, -1.2495 -0.0275 0.5722, -1.1912 -0.0221 0.5022, -1.2499 -0.0098 0.5724, -1.1916 -0.0079 0.5024, -1.2499 0.0081 0.5724, -1.1917 0.0065 0.5024, -1.2492 0.0336 0.5721, -1.1909 0.027 0.5021, -1.247 0.0629 0.5714, -1.1884 0.055 0.5011, -1.0855 0.0323 0.2447, -1.0817 0.0137 0.1568, -1.0878 0.0215 0.2484, -1.0824 0.0066 0.1596, -1.0892 0.0105 0.2506, -1.0827 0.0015 0.1605, -1.0897 0.0024 0.2513, -1.0827 -0.0002 0.1605, -1.0827 -0.0021 0.1605, -1.2466 0.0686 0.5712, -1.2421 0.1033 0.5698, -1.1841 0.0827 0.4995, -1.2359 0.1375 0.5677, -1.1782 0.1099 0.4973, -1.2277 0.1712 0.5651, -1.1704 0.1364 0.4944, -1.2227 0.1884 0.5635, -1.1658 0.1499 0.4927, -1.2211 0.1928 0.563, -1.1553 0.1754 0.489, -1.0698 0.0676 0.221, -1.0749 0.0382 0.1327, -1.0754 0.0581 0.2294, -1.0763 0.0347 0.1376, -1.0779 0.053 0.2332, -1.0786 0.0277 0.1457, -1.0822 0.0428 0.2396, -1.0793 0.0253 0.148, -1.0804 0.0207 0.1522, -1.2114 0.2212 0.56, -1.2063 0.2332 0.5585, -1.1434 0.1993 0.4849, -1.0474 0.0927 0.1891, -1.0588 0.0641 0.0844, -1.0491 0.0913 0.1914, -1.0636 0.0581 0.0978, -1.0566 0.0842 0.2019, -1.0679 0.0517 0.1104, -1.0635 0.0763 0.2118, -1.0694 0.049 0.1153, -1.0716 0.0451 0.1222, -1.1982 0.2525 0.556, -1.1832 0.2823 0.5517, -1.1299 0.2218 0.4804, -1.1663 0.3103 0.5469, -1.1151 0.2425 0.4756, -1.1623 0.3162 0.5458, -1.1117 0.2468 0.4746, -1.148 0.3354 0.542, -1.0954 0.2654 0.4696, -1.1432 0.3419 0.5407, -1.1225 0.3653 0.5355, -1.0782 0.2819 0.4645, -1.122 0.3658 0.5354, -1.0602 0.2963 0.4594, -1.0228 0.1078 0.1564, -1.0463 0.0762 0.0533, -1.0312 0.1037 0.1672, -1.0522 0.0711 0.0673, -1.0394 0.0987 0.1781, -1.0538 0.0694 0.0716, -1.0576 0.0654 0.0814, -1.0332 0.0852 0.0256, -1.0335 0.085 0.0261, -1.0399 0.081 0.0393, -1.1004 0.3863 0.5301, -1.0769 0.4049 0.5247, -1.0415 0.3087 0.4544, -1.0733 0.4075 0.5239, -1.0386 0.3104 0.4536, -1.0489 0.4228 0.5186, -1.0197 0.3202 0.4488, -1.0287 0.433 0.5145, -1.0006 0.328 0.4441, -1.0144 0.111 0.1458, -1.0132 0.1115 0.1442, -1.0322 0.0858 0.0236, -1.005 0.1137 0.1342, -1.0252 0.0893 0.0107, -0.9971 0.1152 0.1247, -1.018 0.0923 -0.0016, -0.9893 0.116 0.1158, -1.0106 0.0946 -0.0131, -1.0097 0.0948 -0.0143, -0.9817 0.1161 0.1074, -1.003 0.0964 -0.0238, -0.9802 0.1161 0.1057, -1.0014 0.0967 -0.0259, -0.973 0.1156 0.0983, -0.9938 0.0978 -0.0354, -0.9661 0.1147 0.0914, -0.9862 0.0982 -0.044, -1.0237 0.4355 0.5135, -0.9978 0.4456 0.5084, -0.9813 0.3338 0.4395, -0.9712 0.453 0.5036, -0.9619 0.3378 0.4351, -0.9656 0.4542 0.5026, -0.9579 0.3383 0.4343, -0.939 0.4584 0.498, -0.9389 0.34 0.4302, -0.9293 0.4589 0.4965, -0.9122 0.4598 0.4937, -0.9108 -0.2349 0.3262, -0.923 -0.2378 0.3301, -0.9286 -0.2388 0.332, -0.9412 -0.2402 0.3362, -0.9541 -0.2406 0.3407, -0.9674 -0.2399 0.3454, -0.9811 -0.2379 0.3504, -0.9865 -0.2367 0.3524, -1.0005 -0.2328 0.3578, -1.0147 -0.2275 0.3634, -1.029 -0.2205 0.3693, -1.0434 -0.2118 0.3753, -1.0583 -0.2007 0.3818, -1.0719 -0.1885 0.3879, -1.0849 -0.1744 0.3939, -1.0972 -0.1585 0.3997, -1.1066 -0.1441 0.4043, -1.1165 -0.1258 0.4093, -1.1251 -0.1064 0.4138, -1.1323 -0.0857 0.4176, -1.1336 -0.0813 0.4183, -1.1388 -0.0603 0.421, -1.1424 -0.0389 0.423, -1.1444 -0.0172 0.4241, -1.1448 -0.0061 0.4243, -1.1448 0.005 0.4243, -1.1441 0.0208 0.4239, -1.1418 0.0424 0.4227, -1.138 0.0637 0.4206, -1.1326 0.0845 0.4177, -1.1257 0.1046 0.4141, -1.1215 0.1147 0.4119, -1.1123 0.1337 0.4072, -1.1018 0.1513 0.402, -1.0903 0.1674 0.3964, -1.0778 0.1821 0.3906, -1.0749 0.185 0.3892, -1.0614 0.1977 0.3831, -1.0474 0.2086 0.377, -1.0332 0.2178 0.371, -1.0187 0.2253 0.365, -1.0164 0.2263 0.3641, -1.0022 0.2319 0.3585, -0.9881 0.236 0.3531, -0.9743 0.2386 0.3479, -0.9606 0.24 0.343, -0.9578 0.2401 0.342, -0.9448 0.2401 0.3374, -0.9321 0.2389 0.3331, -0.9197 0.2367 0.3291, -0.9075 0.2336 0.3252, -0.8584 0.4549 0.4858, -0.853 0.4538 0.4851, -0.9335 -0.159 0.2112, -0.9416 -0.1614 0.2158, -0.9454 -0.1623 0.2181, -0.9539 -0.164 0.2233, -0.9628 -0.165 0.2289, -0.9721 -0.1653 0.2349, -0.9819 -0.1648 0.2414, -0.9857 -0.1644 0.2441, -0.996 -0.1626 0.2511, -1.0066 -0.1598 0.2585, -1.0174 -0.1559 0.2662, -1.0284 -0.1506 0.2743, -1.04 -0.1435 0.2829, -1.0508 -0.1355 0.2911, -1.0612 -0.126 0.2992, -1.0711 -0.115 0.307, -1.0788 -0.1049 0.3132, -1.087 -0.0919 0.3199, -1.0941 -0.0779 0.3258, -1.1001 -0.0629 0.3309, -1.1012 -0.0597 0.3318, -1.1055 -0.0444 0.3355, -1.1085 -0.0287 0.3381, -1.1102 -0.0127 0.3396, -1.1105 -0.0046 0.3399, -1.1106 0.0036 0.3399, -1.11 0.0153 0.3394, -1.108 0.0312 0.3377, -1.1048 0.0468 0.3349, -1.1003 0.0619 0.3311, -1.0945 0.0765 0.3262, -1.0911 0.0838 0.3233, -1.0835 0.0974 0.317, -1.0749 0.1098 0.31, -1.0656 0.121 0.3026, -1.0555 0.131 0.2947, -1.0532 0.133 0.2929, -1.0425 0.1415 0.2848, -1.0316 0.1484 0.2766, -1.0205 0.1541 0.2685, -1.0095 0.1585 0.2606, -1.0078 0.159 0.2594, -0.9972 0.162 0.252, -0.9869 0.1638 0.2449, -0.977 0.1648 0.2381, -0.9673 0.1648 0.2318, -0.9654 0.1648 0.2305, -0.9564 0.1639 0.2248, -0.9477 0.1625 0.2195, -0.9394 0.1604 0.2146, -0.9313 0.1578 0.21, -0.9298 0.1573 0.2092, -0.9515 0.1112 0.0787, -0.9528 0.1116 0.0797, -0.9594 0.1133 0.0853, -0.8268 0.447 0.4816, -0.8513 0.362 0.4339, -0.8611 0.328 0.4149, -0.875 0.2854 0.3747, -0.8935 0.2286 0.321, -0.8976 0.2179 0.3045, -0.918 0.1647 0.2217, -0.9221 0.1541 0.2052, -0.9353 0.1283 0.1302, -0.9453 0.1089 0.074, -0.95 0.1051 0.0344, -0.9843 0.0982 -0.0458, -0.9785 0.0981 -0.0516, -0.9708 0.0973 -0.0583, -0.9693 0.0971 -0.0595, -0.9618 0.0956 -0.065, -0.8084 0.3516 0.434, -0.9588 0.0948 -0.0673, -0.9121 0.0828 0.0103, -0.9208 0.0887 0.0178, -0.8934 0.1064 0.1183, -0.9251 0.0784 -0.1092, -0.9017 0.074 -0.0005, -0.895 0.0668 -0.0091, -0.9241 -0.1212 0.1288, -0.9424 -0.0995 0.0312, -0.9588 -0.0952 -0.0672, -0.9018 -0.1588 0.2205, -0.8761 -0.2112 0.3037, -0.8175 -0.354 0.4347, -0.7863 -0.4402 0.4787, -0.776 -0.3435 0.4313, -0.7367 -0.4288 0.4742, -0.7357 -0.3308 0.4274, -0.6883 -0.415 0.4689, -0.956 -0.0945 -0.0693, -0.9489 -0.092 -0.0761, -0.9323 -0.0953 0.0258, -0.942 -0.0891 -0.084, -0.9229 -0.0904 0.0194, -0.9352 -0.0856 -0.093, -0.935 -0.0854 -0.0934, -0.906 -0.0783 0.0043, -0.9141 -0.0847 0.0122, -0.9287 -0.0815 -0.103, -0.9278 -0.0808 -0.1046, -0.9049 -0.0773 0.003, -0.9216 -0.0761 -0.1154, -0.8977 -0.0703 -0.0054, -0.9157 -0.0709 -0.1264, -0.9147 -0.0698 -0.1285, -0.8863 -0.0557 -0.0223, -0.8916 -0.0631 -0.0139, -0.9103 -0.0652 -0.1374, -0.9054 -0.0591 -0.1482, -0.882 -0.0484 -0.0305, -0.9009 -0.0526 -0.1585, -0.8991 -0.0494 -0.1629, -0.8761 -0.0344 -0.0448, -0.8786 -0.0411 -0.0381, -0.6573 -0.4041 0.465, -0.6969 -0.3159 0.4229, -0.6412 -0.3985 0.4629, -0.6596 -0.2989 0.4182, -0.5957 -0.3795 0.4563, -0.6541 -0.2961 0.4174, -0.5889 -0.3764 0.4552, -0.6188 -0.2766 0.4124, -0.5454 -0.3543 0.448, -0.5862 -0.2556 0.4073, -0.5047 -0.33 0.4407, -0.5563 -0.2331 0.4024, -0.4669 -0.3035 0.4333, -0.5292 -0.2093 0.3978, -0.4322 -0.275 0.4261, -0.5051 -0.1845 0.3935, -0.4009 -0.2445 0.4193, -0.4847 -0.1598 0.3898, -0.3741 -0.2135 0.4131, -0.8971 -0.0459 -0.1677, -0.8938 -0.039 -0.1759, -0.8742 -0.028 -0.0507, -0.8911 -0.0318 -0.1829, -0.8729 -0.022 -0.0557, -0.8906 -0.0304 -0.1842, -0.8727 -0.0209 -0.0566, -0.8892 -0.0257 -0.1877, -0.8719 -0.0155 -0.0603, -0.3682 -0.2053 0.4117, -0.4675 -0.1346 0.3866, -0.3511 -0.1813 0.4077, -0.4533 -0.1091 0.3839, -0.3319 -0.1479 0.403, -0.4509 -0.1041 0.3835, -0.3286 -0.1413 0.4022, -0.4405 -0.079 0.3815, -0.3144 -0.1078 0.3986, -0.4331 -0.0539 0.3801, -0.3042 -0.0738 0.396, -0.4285 -0.0287 0.3792, -0.2978 -0.0394 0.3944, -0.4267 -0.0034 0.3789, -0.2953 -0.0046 0.3937, -0.8886 -0.0232 -0.1895, -0.8871 -0.016 -0.1934, -0.8714 -0.0104 -0.0631, -0.8862 -0.0086 -0.1959, -0.8711 -0.0055 -0.0648, -0.8858 -0.0011 -0.1968, -0.871 -0.0008 -0.0654, -0.8858 -0.0002 -0.1968, -0.871 0.0015 -0.0654, -0.8859 0.0024 -0.1967, -0.8863 0.0098 -0.1955, -0.8712 0.0062 -0.0645, -0.8874 0.0171 -0.1927, -0.8715 0.011 -0.0626, -0.8889 0.0244 -0.1885, -0.872 0.0162 -0.0596, -0.8892 0.0253 -0.1878, -0.8729 0.0217 -0.0557, -0.2954 -0.0002 0.3937, -0.4269 0.0088 0.3789, -0.2955 0.0121 0.3938, -0.4292 0.0338 0.3794, -0.2988 0.0465 0.3946, -0.4344 0.0588 0.3804, -0.306 0.0807 0.3965, -0.4425 0.0839 0.3819, -0.3171 0.1146 0.3993, -0.4535 0.1092 0.384, -0.3322 0.1481 0.4031, -0.4595 0.1206 0.3851, -0.3403 0.1631 0.4051, -0.475 0.1457 0.388, -0.3611 0.1957 0.4101, -0.8911 0.0316 -0.1828, -0.8923 0.0348 -0.1798, -0.8734 0.0243 -0.0535, -0.8952 0.0418 -0.1723, -0.875 0.0305 -0.0482, -0.8987 0.0485 -0.1637, -0.8771 0.037 -0.0419, -0.899 0.049 -0.163, -0.88 0.0438 -0.0349, -0.9028 0.055 -0.1541, -0.9074 0.0613 -0.1438, -0.8837 0.051 -0.0272, -0.9082 0.0622 -0.1421, -0.8844 0.0522 -0.0259, -0.9134 0.0681 -0.1312, -0.8892 0.0595 -0.0176, -0.9147 0.0694 -0.1285, -0.919 0.0735 -0.1201, -0.9098 -0.1154 0.1245, -0.8964 -0.1085 0.1195, -0.884 -0.1007 0.1139, -0.8726 -0.0921 0.1079, -0.871 -0.0907 0.1069, -0.8611 -0.0814 0.1006, -0.8526 -0.0718 0.0943, -0.8456 -0.0622 0.0882, -0.8399 -0.0528 0.0824, -0.8356 -0.0438 0.0771, -0.8325 -0.0357 0.0725, -0.8303 -0.0283 0.0686, -0.8289 -0.0217 0.0654, -0.8287 -0.0204 0.0649, -0.828 -0.0148 0.0625, -0.8276 -0.0098 0.0608, -0.8274 -0.0051 0.0598, -0.8273 -0.0007 0.0594, -0.8273 0.0013 0.0594, -0.8274 0.0057 0.06, -0.8276 0.0104 0.0611, -0.8281 0.0156 0.0629, -0.8289 0.0214 0.0655, -0.8295 0.0243 0.0668, -0.8312 0.0312 0.0703, -0.8337 0.0388 0.0745, -0.8373 0.0472 0.0793, -0.8421 0.0562 0.0847, -0.843 0.0577 0.0856, -0.8494 0.0673 0.0916, -0.8573 0.0769 0.0979, -0.8666 0.0864 0.1042, -0.8774 0.0955 0.1105, -0.882 -0.1516 0.2171, -0.8633 -0.143 0.2132, -0.8458 -0.1332 0.2088, -0.8297 -0.1224 0.2042, -0.8274 -0.1206 0.2035, -0.813 -0.1088 0.1987, -0.8004 -0.0966 0.1941, -0.7898 -0.0843 0.1897, -0.7808 -0.0722 0.1856, -0.7737 -0.0605 0.182, -0.7683 -0.0498 0.1791, -0.7642 -0.0399 0.1766, -0.7613 -0.0308 0.1747, -0.7608 -0.0292 0.1744, -0.759 -0.0213 0.1731, -0.7579 -0.0141 0.1721, -0.7572 -0.0074 0.1716, -0.757 -0.001 0.1714, -0.757 0.0021 0.1714, -0.7573 0.0085 0.1717, -0.7581 0.0152 0.1723, -0.7593 0.0225 0.1733, -0.7613 0.0306 0.1747, -0.7625 0.0345 0.1755, -0.7659 0.0439 0.1777, -0.7705 0.0541 0.1803, -0.7766 0.0651 0.1835, -0.7843 0.0768 0.1872, -0.7857 0.0787 0.1879, -0.7956 0.0909 0.1921, -0.8073 0.1032 0.1967, -0.821 0.1152 0.2014, -0.8365 0.1268 0.2062, -0.8418 0.1303 0.2077, -0.3682 0.2049 0.4117, -0.4935 0.1706 0.3914, -0.3856 0.2272 0.4158, -0.5151 0.195 0.3953, -0.414 0.2576 0.4222, -0.54 0.2189 0.3996, -0.4461 0.2866 0.4291, -0.5443 0.2227 0.4004, -0.4516 0.2911 0.4302, -0.573 0.2457 0.4052, -0.488 0.3184 0.4375, -0.6044 0.2673 0.4102, -0.5275 0.3437 0.4449, -0.6386 0.2875 0.4152, -0.5699 0.3668 0.4522, -0.6755 0.3061 0.4203, -0.6152 0.3877 0.4592, -0.6878 0.3116 0.4218, -0.6302 0.3938 0.4614, -0.9337 0.0842 -0.0954, -0.9351 0.085 -0.0934, -0.8498 -0.2028 0.3008, -0.8246 -0.1927 0.2974, -0.8009 -0.181 0.2938, -0.7786 -0.168 0.2899, -0.7754 -0.1659 0.2893, -0.7551 -0.1516 0.2854, -0.737 -0.1366 0.2816, -0.721 -0.1213 0.2781, -0.7072 -0.1058 0.275, -0.6956 -0.0905 0.2722, -0.6863 -0.076 0.2701, -0.679 -0.0623 0.2683, -0.6732 -0.0491 0.267, -0.6723 -0.0466 0.2668, -0.6684 -0.0346 0.2659, -0.6657 -0.0233 0.2653, -0.6641 -0.0123 0.265, -0.6635 -0.0015 0.2649, -0.6635 0.0036 0.2649, -0.6644 0.0143 0.265, -0.6662 0.0253 0.2654, -0.6691 0.0368 0.2661, -0.6733 0.049 0.267, -0.6757 0.0547 0.2676, -0.6821 0.0681 0.2691, -0.6903 0.082 0.271, -0.7004 0.0967 0.2734, -0.7127 0.1118 0.2762, -0.7148 0.1142 0.2767, -0.7298 0.1296 0.2801, -0.747 0.1448 0.2837, -0.7664 0.1595 0.2876, -0.7881 0.1734 0.2916, -0.7954 0.1776 0.2929, -0.819 0.1897 0.2966, -0.9404 0.0879 -0.086, -0.9473 0.091 -0.0777, -0.8477 -0.2769 0.3758, -0.814 -0.2674 0.3729, -0.7817 -0.2559 0.3696, -0.7507 -0.2426 0.3659, -0.7213 -0.2275 0.3621, -0.717 -0.2251 0.3615, -0.6896 -0.2082 0.3575, -0.6646 -0.1903 0.3536, -0.6422 -0.1715 0.35, -0.6222 -0.1521 0.3467, -0.6048 -0.1324 0.3437, -0.5904 -0.1133 0.3414, -0.5785 -0.0943 0.3394, -0.5689 -0.0756 0.3379, -0.5673 -0.072 0.3376, -0.5604 -0.0542 0.3365, -0.5556 -0.0367 0.3358, -0.5527 -0.0195 0.3354, -0.5515 -0.0024 0.3352, -0.5516 0.0059 0.3352, -0.5531 0.0229 0.3355, -0.5565 0.04 0.3359, -0.5617 0.0576 0.3367, -0.569 0.0756 0.3379, -0.5731 0.0839 0.3385, -0.5836 0.1025 0.3402, -0.5965 0.1214 0.3424, -0.612 0.1406 0.345, -0.6301 0.1598 0.348, -0.6333 0.1629 0.3485, -0.6546 0.1819 0.352, -0.6785 0.2002 0.3558, -0.7049 0.2176 0.3597, -0.7338 0.2339 0.3638, -0.7435 0.2388 0.365, -0.7743 0.2526 0.3688, -0.8067 0.2646 0.3722, -0.8777 0.1494 0.2163, -0.9067 0.1136 0.1235, -0.9302 0.0939 0.0244, -0.9544 0.0936 -0.0707, -0.7266 0.3272 0.4264, -0.7668 0.3405 0.4305, -0.8703 0.2091 0.3031, -0.8975 0.1569 0.2199, -0.921 0.1196 0.128, -0.9402 0.0983 0.0301, -0.9315 0.0829 -0.0986, -0.9094 0.0807 0.0078, -0.8812 0.0983 0.1125, -0.8591 0.1404 0.2122, -0.844 0.2002 0.3001, -0.8403 0.2747 0.3752, -0.6574 0.4038 0.465, -0.6772 0.411 0.4676, -0.7257 0.4256 0.4731, -0.7755 0.4375 0.4778
            ]
        }
        coordIndex [
            0,1,2,-1,3,4,5,-1,6,7,8,-1,9,10,11,-1,11,10,6,-1,3,5,12,-1,13,14,15,-1,16,13,17,-1,17,13,15,-1,17,15,18,-1,19,20,16,-1,16,20,21,-1,16,21,13,-1,6,8,11,-1,11,8,22,-1,11,22,23,-1,23,22,24,-1,23,24,25,-1,25,24,26,-1,25,26,27,-1,16,28,19,-1,19,28,29,-1,19,29,30,-1,30,29,31,-1,30,31,32,-1,32,31,33,-1,34,35,33,-1,33,35,36,-1,33,36,32,-1,26,37,27,-1,27,37,38,-1,27,38,39,-1,39,38,40,-1,39,40,41,-1,41,40,42,-1,41,42,43,-1,43,42,44,-1,43,44,45,-1,45,44,46,-1,45,46,47,-1,33,48,34,-1,34,48,49,-1,34,49,50,-1,50,49,51,-1,50,51,52,-1,52,51,53,-1,54,55,53,-1,53,55,56,-1,53,56,52,-1,46,57,47,-1,47,57,58,-1,47,58,59,-1,59,58,60,-1,59,60,61,-1,61,60,62,-1,61,62,63,-1,63,62,64,-1,63,64,65,-1,53,66,54,-1,54,66,67,-1,54,67,68,-1,68,67,69,-1,68,69,70,-1,70,69,71,-1,64,72,65,-1,65,72,73,-1,65,73,74,-1,74,73,75,-1,74,75,76,-1,77,78,71,-1,71,78,79,-1,71,79,70,-1,71,80,77,-1,77,80,81,-1,77,81,82,-1,82,81,83,-1,82,83,84,-1,84,83,85,-1,75,86,76,-1,76,86,87,-1,76,87,88,-1,88,87,89,-1,88,89,90,-1,90,89,91,-1,90,91,92,-1,92,91,93,-1,92,93,94,-1,95,96,85,-1,85,96,97,-1,85,97,84,-1,93,98,94,-1,94,98,99,-1,94,99,100,-1,85,101,95,-1,95,101,102,-1,95,102,103,-1,103,102,104,-1,105,106,104,-1,104,106,107,-1,104,107,103,-1,99,108,100,-1,100,108,109,-1,100,109,110,-1,110,109,111,-1,110,111,112,-1,112,111,113,-1,112,113,114,-1,114,113,115,-1,114,115,116,-1,104,117,105,-1,105,117,118,-1,105,118,119,-1,119,118,120,-1,119,120,121,-1,121,120,122,-1,121,122,123,-1,115,124,116,-1,116,124,125,-1,116,125,126,-1,126,125,127,-1,126,127,128,-1,128,127,129,-1,128,129,130,-1,130,129,131,-1,130,131,132,-1,132,131,133,-1,132,133,134,-1,123,122,135,-1,135,122,136,-1,135,136,137,-1,137,136,138,-1,137,138,139,-1,139,138,140,-1,139,140,141,-1,141,140,142,-1,141,142,143,-1,143,142,144,-1,143,144,145,-1,133,146,134,-1,134,146,147,-1,134,147,148,-1,148,147,149,-1,148,149,150,-1,150,149,151,-1,150,151,152,-1,152,151,153,-1,152,153,154,-1,145,144,155,-1,155,144,156,-1,155,156,157,-1,157,156,158,-1,157,158,159,-1,159,158,160,-1,159,160,161,-1,161,160,162,-1,161,162,163,-1,153,164,154,-1,154,164,165,-1,154,165,166,-1,166,165,167,-1,166,167,168,-1,163,162,169,-1,169,162,170,-1,169,170,171,-1,171,170,172,-1,171,172,173,-1,173,172,174,-1,173,174,175,-1,175,174,176,-1,175,176,177,-1,167,178,168,-1,168,178,179,-1,168,179,180,-1,180,179,181,-1,180,181,182,-1,182,181,183,-1,182,183,184,-1,184,183,185,-1,184,185,186,-1,185,187,186,-1,186,187,188,-1,186,188,189,-1,189,188,190,-1,189,190,191,-1,177,176,192,-1,192,176,193,-1,192,193,194,-1,194,193,195,-1,194,195,196,-1,196,195,197,-1,196,197,198,-1,198,197,199,-1,198,199,200,-1,200,199,201,-1,201,199,202,-1,201,202,203,-1,203,202,204,-1,203,204,205,-1,205,204,206,-1,205,206,207,-1,207,206,208,-1,207,208,209,-1,190,210,191,-1,191,210,211,-1,191,211,212,-1,212,211,213,-1,212,213,214,-1,214,213,215,-1,214,215,216,-1,216,215,217,-1,216,217,218,-1,218,217,219,-1,218,219,220,-1,220,219,221,-1,220,221,222,-1,222,221,223,-1,222,223,224,-1,224,223,225,-1,224,225,226,-1,226,225,227,-1,226,227,228,-1,209,208,229,-1,229,208,230,-1,229,230,231,-1,231,230,232,-1,231,232,233,-1,233,232,234,-1,233,234,235,-1,235,234,236,-1,235,236,237,-1,238,239,240,-1,240,239,241,-1,240,241,228,-1,228,241,242,-1,228,242,226,-1,226,242,243,-1,226,243,224,-1,224,243,244,-1,224,244,222,-1,222,244,245,-1,222,245,220,-1,220,245,246,-1,220,246,218,-1,218,246,247,-1,218,247,216,-1,216,247,248,-1,216,248,214,-1,214,248,249,-1,214,249,212,-1,212,249,250,-1,212,250,191,-1,191,250,251,-1,191,251,189,-1,189,251,252,-1,189,252,186,-1,186,252,253,-1,186,253,184,-1,184,253,254,-1,184,254,182,-1,182,254,255,-1,182,255,180,-1,180,255,256,-1,180,256,168,-1,168,256,257,-1,168,257,166,-1,166,257,258,-1,166,258,154,-1,154,258,259,-1,154,259,152,-1,152,259,260,-1,152,260,150,-1,150,260,261,-1,150,261,148,-1,148,261,262,-1,148,262,134,-1,134,262,263,-1,134,263,132,-1,132,263,264,-1,132,264,130,-1,130,264,265,-1,130,265,128,-1,128,265,266,-1,128,266,126,-1,126,266,267,-1,126,267,116,-1,116,267,268,-1,116,268,114,-1,114,268,269,-1,114,269,112,-1,112,269,270,-1,112,270,110,-1,110,270,271,-1,110,271,100,-1,100,271,272,-1,100,272,94,-1,94,272,273,-1,94,273,92,-1,92,273,274,-1,92,274,90,-1,90,274,275,-1,90,275,88,-1,88,275,276,-1,88,276,76,-1,76,276,277,-1,76,277,74,-1,74,277,278,-1,74,278,65,-1,65,278,279,-1,65,279,63,-1,63,279,280,-1,63,280,61,-1,61,280,281,-1,61,281,59,-1,59,281,282,-1,59,282,47,-1,47,282,283,-1,47,283,45,-1,45,283,284,-1,45,284,43,-1,43,284,285,-1,43,285,41,-1,41,285,286,-1,41,286,39,-1,39,286,287,-1,39,287,27,-1,27,287,288,-1,27,288,25,-1,25,288,289,-1,25,289,23,-1,23,289,290,-1,23,290,11,-1,11,290,5,-1,11,5,9,-1,9,5,4,-1,227,291,228,-1,228,291,292,-1,228,292,240,-1,240,292,293,-1,240,293,238,-1,238,293,294,-1,295,296,297,-1,297,296,298,-1,297,298,299,-1,299,298,300,-1,299,300,301,-1,301,300,236,-1,301,236,302,-1,302,236,234,-1,302,234,303,-1,303,234,232,-1,303,232,304,-1,304,232,230,-1,304,230,305,-1,305,230,208,-1,305,208,306,-1,306,208,206,-1,306,206,307,-1,307,206,204,-1,307,204,308,-1,308,204,202,-1,308,202,309,-1,309,202,199,-1,309,199,310,-1,310,199,197,-1,310,197,311,-1,311,197,195,-1,311,195,312,-1,312,195,193,-1,312,193,313,-1,313,193,176,-1,313,176,314,-1,314,176,174,-1,314,174,315,-1,315,174,172,-1,315,172,316,-1,316,172,170,-1,316,170,317,-1,317,170,162,-1,317,162,318,-1,318,162,160,-1,318,160,319,-1,319,160,158,-1,319,158,320,-1,320,158,156,-1,320,156,321,-1,321,156,144,-1,321,144,322,-1,322,144,142,-1,322,142,323,-1,323,142,140,-1,323,140,324,-1,324,140,138,-1,324,138,325,-1,325,138,136,-1,325,136,326,-1,326,136,122,-1,326,122,327,-1,327,122,120,-1,327,120,328,-1,328,120,118,-1,328,118,329,-1,329,118,117,-1,329,117,330,-1,330,117,104,-1,330,104,331,-1,331,104,102,-1,331,102,332,-1,332,102,101,-1,332,101,333,-1,333,101,85,-1,333,85,334,-1,334,85,83,-1,334,83,335,-1,335,83,81,-1,335,81,336,-1,336,81,80,-1,336,80,337,-1,337,80,71,-1,337,71,338,-1,338,71,69,-1,338,69,339,-1,339,69,67,-1,339,67,340,-1,340,67,66,-1,340,66,341,-1,341,66,53,-1,341,53,342,-1,342,53,51,-1,342,51,343,-1,343,51,49,-1,343,49,344,-1,344,49,48,-1,344,48,345,-1,345,48,33,-1,345,33,346,-1,346,33,31,-1,346,31,347,-1,347,31,29,-1,347,29,348,-1,348,29,28,-1,348,28,349,-1,349,28,16,-1,349,16,2,-1,2,16,17,-1,2,17,0,-1,0,17,18,-1,350,351,294,-1,294,351,352,-1,294,352,238,-1,238,352,353,-1,238,353,239,-1,351,354,352,-1,352,354,355,-1,352,355,353,-1,353,355,356,-1,353,356,357,-1,1,12,2,-1,2,12,5,-1,2,5,349,-1,349,5,290,-1,349,290,348,-1,348,290,289,-1,348,289,347,-1,347,289,288,-1,347,288,346,-1,346,288,287,-1,346,287,345,-1,345,287,286,-1,345,286,344,-1,344,286,285,-1,344,285,343,-1,343,285,284,-1,343,284,342,-1,342,284,283,-1,342,283,341,-1,341,283,282,-1,341,282,340,-1,340,282,281,-1,340,281,339,-1,339,281,280,-1,339,280,338,-1,338,280,279,-1,338,279,337,-1,337,279,278,-1,337,278,336,-1,336,278,277,-1,336,277,335,-1,335,277,276,-1,335,276,334,-1,334,276,275,-1,334,275,333,-1,333,275,274,-1,333,274,332,-1,332,274,273,-1,332,273,331,-1,331,273,272,-1,331,272,330,-1,330,272,271,-1,330,271,329,-1,329,271,270,-1,329,270,328,-1,328,270,269,-1,328,269,327,-1,327,269,268,-1,327,268,326,-1,326,268,267,-1,326,267,325,-1,325,267,266,-1,325,266,324,-1,324,266,265,-1,324,265,323,-1,323,265,264,-1,323,264,322,-1,322,264,263,-1,322,263,321,-1,321,263,262,-1,321,262,320,-1,320,262,261,-1,320,261,319,-1,319,261,260,-1,319,260,318,-1,318,260,259,-1,318,259,317,-1,317,259,258,-1,317,258,316,-1,316,258,257,-1,316,257,315,-1,315,257,256,-1,315,256,314,-1,314,256,255,-1,314,255,313,-1,313,255,254,-1,313,254,312,-1,312,254,253,-1,312,253,311,-1,311,253,252,-1,311,252,310,-1,310,252,251,-1,310,251,309,-1,309,251,250,-1,309,250,308,-1,308,250,249,-1,308,249,307,-1,307,249,248,-1,307,248,306,-1,306,248,247,-1,306,247,305,-1,305,247,246,-1,305,246,304,-1,304,246,245,-1,304,245,303,-1,303,245,244,-1,303,244,302,-1,302,244,243,-1,302,243,301,-1,301,243,242,-1,301,242,299,-1,299,242,241,-1,299,241,297,-1,297,241,239,-1,297,239,295,-1,295,239,353,-1,295,353,358,-1,358,353,357,-1,358,359,295,-1,295,359,360,-1,295,360,296,-1,296,360,361,-1,296,361,362,-1,237,236,363,-1,363,236,300,-1,363,300,364,-1,364,300,298,-1,364,298,365,-1,365,298,296,-1,365,296,366,-1,366,296,362,-1,366,362,367,-1,354,351,368,-1,369,367,362,-1,370,371,372,-1,373,374,375,-1,1,0,376,-1,18,15,377,-1,377,15,14,-1,377,14,378,-1,3,12,379,-1,9,4,380,-1,7,6,381,-1,7,381,382,-1,382,381,383,-1,382,383,384,-1,384,383,385,-1,384,385,386,-1,378,387,377,-1,377,387,388,-1,377,388,389,-1,389,388,390,-1,389,390,391,-1,391,390,392,-1,393,394,392,-1,392,394,395,-1,392,395,391,-1,393,396,394,-1,394,396,397,-1,394,397,398,-1,398,397,399,-1,398,399,400,-1,400,399,401,-1,402,403,401,-1,401,403,404,-1,401,404,400,-1,402,405,403,-1,403,405,406,-1,403,406,407,-1,407,406,408,-1,409,410,408,-1,408,410,411,-1,408,411,407,-1,386,385,412,-1,412,385,413,-1,412,413,414,-1,414,413,415,-1,414,415,416,-1,416,415,417,-1,416,417,418,-1,418,417,419,-1,418,419,420,-1,420,419,421,-1,420,421,422,-1,422,421,423,-1,422,423,424,-1,424,423,425,-1,424,425,426,-1,426,425,427,-1,426,427,428,-1,428,427,429,-1,428,429,430,-1,409,431,410,-1,410,431,432,-1,410,432,433,-1,433,432,434,-1,433,434,435,-1,435,434,436,-1,435,436,437,-1,437,436,438,-1,437,438,439,-1,430,429,440,-1,440,429,441,-1,440,441,442,-1,442,441,443,-1,442,443,444,-1,444,443,445,-1,444,445,446,-1,446,445,447,-1,446,447,448,-1,448,447,449,-1,448,449,450,-1,450,449,451,-1,450,451,452,-1,452,451,453,-1,452,453,454,-1,438,455,439,-1,439,455,456,-1,439,456,457,-1,457,456,458,-1,457,458,459,-1,459,458,460,-1,459,460,461,-1,461,460,462,-1,461,462,463,-1,462,464,463,-1,463,464,465,-1,463,465,466,-1,466,465,467,-1,466,467,468,-1,468,467,469,-1,468,469,470,-1,470,469,471,-1,470,471,472,-1,454,453,473,-1,473,453,474,-1,473,474,475,-1,475,474,476,-1,475,476,477,-1,477,476,478,-1,477,478,479,-1,479,478,480,-1,479,480,481,-1,481,480,482,-1,481,482,483,-1,483,482,484,-1,483,484,485,-1,485,484,486,-1,485,486,487,-1,471,488,472,-1,472,488,489,-1,472,489,490,-1,490,489,491,-1,490,491,492,-1,492,491,493,-1,492,493,494,-1,494,493,495,-1,494,495,496,-1,495,497,496,-1,496,497,498,-1,496,498,499,-1,499,498,500,-1,499,500,501,-1,501,500,502,-1,501,502,503,-1,503,502,504,-1,503,504,375,-1,375,504,505,-1,375,505,373,-1,0,18,376,-1,376,18,377,-1,376,377,506,-1,506,377,389,-1,506,389,507,-1,507,389,391,-1,507,391,508,-1,508,391,395,-1,508,395,509,-1,509,395,394,-1,509,394,510,-1,510,394,398,-1,510,398,511,-1,511,398,400,-1,511,400,512,-1,512,400,404,-1,512,404,513,-1,513,404,403,-1,513,403,514,-1,514,403,407,-1,514,407,515,-1,515,407,411,-1,515,411,516,-1,516,411,410,-1,516,410,517,-1,517,410,433,-1,517,433,518,-1,518,433,435,-1,518,435,519,-1,519,435,437,-1,519,437,520,-1,520,437,439,-1,520,439,521,-1,521,439,457,-1,521,457,522,-1,522,457,459,-1,522,459,523,-1,523,459,461,-1,523,461,524,-1,524,461,463,-1,524,463,525,-1,525,463,466,-1,525,466,526,-1,526,466,468,-1,526,468,527,-1,527,468,470,-1,527,470,528,-1,528,470,472,-1,528,472,529,-1,529,472,490,-1,529,490,530,-1,530,490,492,-1,530,492,531,-1,531,492,494,-1,531,494,532,-1,532,494,496,-1,532,496,533,-1,533,496,499,-1,533,499,534,-1,534,499,501,-1,534,501,535,-1,535,501,503,-1,535,503,536,-1,536,503,375,-1,536,375,537,-1,537,375,374,-1,537,374,538,-1,12,1,379,-1,379,1,376,-1,379,376,539,-1,539,376,506,-1,539,506,540,-1,540,506,507,-1,540,507,541,-1,541,507,508,-1,541,508,542,-1,542,508,509,-1,542,509,543,-1,543,509,510,-1,543,510,544,-1,544,510,511,-1,544,511,545,-1,545,511,512,-1,545,512,546,-1,546,512,513,-1,546,513,547,-1,547,513,514,-1,547,514,548,-1,548,514,515,-1,548,515,549,-1,549,515,516,-1,549,516,550,-1,550,516,517,-1,550,517,551,-1,551,517,518,-1,551,518,552,-1,552,518,519,-1,552,519,553,-1,553,519,520,-1,553,520,554,-1,554,520,521,-1,554,521,555,-1,555,521,522,-1,555,522,556,-1,556,522,523,-1,556,523,557,-1,557,523,524,-1,557,524,558,-1,558,524,525,-1,558,525,559,-1,559,525,526,-1,559,526,560,-1,560,526,527,-1,560,527,561,-1,561,527,528,-1,561,528,562,-1,562,528,529,-1,562,529,563,-1,563,529,530,-1,563,530,564,-1,564,530,531,-1,564,531,565,-1,565,531,532,-1,565,532,566,-1,566,532,533,-1,566,533,567,-1,567,533,534,-1,567,534,568,-1,568,534,535,-1,568,535,569,-1,569,535,536,-1,569,536,570,-1,570,536,537,-1,570,537,571,-1,571,537,538,-1,571,538,572,-1,487,486,573,-1,573,486,574,-1,573,574,575,-1,575,574,576,-1,575,576,577,-1,577,576,578,-1,577,578,579,-1,579,578,580,-1,579,580,581,-1,581,580,582,-1,581,582,583,-1,583,582,584,-1,583,584,585,-1,585,584,586,-1,585,586,587,-1,587,586,588,-1,587,588,589,-1,589,588,590,-1,589,590,591,-1,370,592,593,-1,4,3,380,-1,380,3,379,-1,380,379,594,-1,594,379,539,-1,594,539,595,-1,595,539,540,-1,595,540,596,-1,596,540,541,-1,596,541,597,-1,597,541,542,-1,597,542,598,-1,598,542,543,-1,598,543,599,-1,599,543,544,-1,599,544,600,-1,600,544,545,-1,600,545,601,-1,601,545,546,-1,601,546,602,-1,602,546,547,-1,602,547,603,-1,603,547,548,-1,603,548,604,-1,604,548,549,-1,604,549,605,-1,605,549,550,-1,605,550,606,-1,606,550,551,-1,606,551,607,-1,607,551,552,-1,607,552,608,-1,608,552,553,-1,608,553,609,-1,609,553,554,-1,609,554,610,-1,610,554,555,-1,610,555,611,-1,611,555,556,-1,611,556,612,-1,612,556,557,-1,612,557,613,-1,613,557,558,-1,613,558,614,-1,614,558,559,-1,614,559,615,-1,615,559,560,-1,615,560,616,-1,616,560,561,-1,616,561,617,-1,617,561,562,-1,617,562,618,-1,618,562,563,-1,618,563,619,-1,619,563,564,-1,619,564,620,-1,620,564,565,-1,620,565,621,-1,621,565,566,-1,621,566,622,-1,622,566,567,-1,622,567,623,-1,623,567,568,-1,623,568,624,-1,624,568,569,-1,624,569,625,-1,625,569,570,-1,625,570,626,-1,626,570,571,-1,626,571,627,-1,627,571,572,-1,627,572,628,-1,370,593,371,-1,371,593,629,-1,371,629,630,-1,10,9,631,-1,631,9,380,-1,631,380,632,-1,632,380,594,-1,632,594,633,-1,633,594,595,-1,633,595,634,-1,634,595,596,-1,634,596,635,-1,635,596,597,-1,635,597,636,-1,636,597,598,-1,636,598,637,-1,637,598,599,-1,637,599,638,-1,638,599,600,-1,638,600,639,-1,639,600,601,-1,639,601,640,-1,640,601,602,-1,640,602,641,-1,641,602,603,-1,641,603,642,-1,642,603,604,-1,642,604,643,-1,643,604,605,-1,643,605,644,-1,644,605,606,-1,644,606,645,-1,645,606,607,-1,645,607,646,-1,646,607,608,-1,646,608,647,-1,647,608,609,-1,647,609,648,-1,648,609,610,-1,648,610,649,-1,649,610,611,-1,649,611,650,-1,650,611,612,-1,650,612,651,-1,651,612,613,-1,651,613,652,-1,652,613,614,-1,652,614,653,-1,653,614,615,-1,653,615,654,-1,654,615,616,-1,654,616,655,-1,655,616,617,-1,655,617,656,-1,656,617,618,-1,656,618,657,-1,657,618,619,-1,657,619,658,-1,658,619,620,-1,658,620,659,-1,659,620,621,-1,659,621,660,-1,660,621,622,-1,660,622,661,-1,661,622,623,-1,661,623,662,-1,662,623,624,-1,662,624,663,-1,663,624,625,-1,663,625,664,-1,664,625,626,-1,664,626,665,-1,665,626,627,-1,665,627,666,-1,666,627,628,-1,666,628,667,-1,668,372,669,-1,669,372,371,-1,669,371,670,-1,670,371,630,-1,670,630,671,-1,6,10,381,-1,381,10,631,-1,381,631,383,-1,383,631,632,-1,383,632,385,-1,385,632,633,-1,385,633,413,-1,413,633,634,-1,413,634,415,-1,415,634,635,-1,415,635,417,-1,417,635,636,-1,417,636,419,-1,419,636,637,-1,419,637,421,-1,421,637,638,-1,421,638,423,-1,423,638,639,-1,423,639,425,-1,425,639,640,-1,425,640,427,-1,427,640,641,-1,427,641,429,-1,429,641,642,-1,429,642,441,-1,441,642,643,-1,441,643,443,-1,443,643,644,-1,443,644,445,-1,445,644,645,-1,445,645,447,-1,447,645,646,-1,447,646,449,-1,449,646,647,-1,449,647,451,-1,451,647,648,-1,451,648,453,-1,453,648,649,-1,453,649,474,-1,474,649,650,-1,474,650,476,-1,476,650,651,-1,476,651,478,-1,478,651,652,-1,478,652,480,-1,480,652,653,-1,480,653,482,-1,482,653,654,-1,482,654,484,-1,484,654,655,-1,484,655,486,-1,486,655,656,-1,486,656,574,-1,574,656,657,-1,574,657,576,-1,576,657,658,-1,576,658,578,-1,578,658,659,-1,578,659,580,-1,580,659,660,-1,580,660,582,-1,582,660,661,-1,582,661,584,-1,584,661,662,-1,584,662,586,-1,586,662,663,-1,586,663,588,-1,588,663,664,-1,588,664,590,-1,590,664,665,-1,590,665,672,-1,672,665,666,-1,672,666,673,-1,673,666,667,-1,673,667,368,-1,674,668,675,-1,675,668,669,-1,675,669,676,-1,676,669,670,-1,676,670,677,-1,677,670,671,-1,677,671,369,-1,369,362,677,-1,677,362,361,-1,677,361,676,-1,676,361,360,-1,676,360,675,-1,360,359,675,-1,675,359,358,-1,675,358,674,-1,674,358,357,-1,674,357,356,-1,678,592,679,-1,679,592,370,-1,679,370,680,-1,680,370,372,-1,680,372,681,-1,681,372,668,-1,681,668,682,-1,682,668,674,-1,682,674,683,-1,683,674,356,-1,683,356,355,-1,373,678,374,-1,374,678,679,-1,374,679,538,-1,538,679,680,-1,538,680,572,-1,572,680,681,-1,572,681,628,-1,628,681,682,-1,628,682,667,-1,667,682,683,-1,667,683,368,-1,368,683,355,-1,368,355,354,-1,591,590,684,-1,684,590,672,-1,684,672,685,-1,685,672,673,-1,685,673,686,-1,686,673,368,-1,686,368,687,-1,687,368,351,-1,687,351,350,-1,688,689,690,-1,691,692,693,-1,694,695,696,-1,697,698,699,-1,700,701,702,-1,703,704,705,-1,705,704,700,-1,697,699,706,-1,707,708,709,-1,710,711,712,-1,712,711,713,-1,712,713,714,-1,714,713,707,-1,714,707,715,-1,715,707,709,-1,715,709,716,-1,700,702,705,-1,705,702,717,-1,705,717,718,-1,718,717,719,-1,718,719,720,-1,720,719,721,-1,720,721,722,-1,722,721,723,-1,722,723,724,-1,725,726,710,-1,710,726,727,-1,710,727,711,-1,710,728,725,-1,725,728,729,-1,725,729,730,-1,730,729,731,-1,732,733,731,-1,731,733,734,-1,731,734,730,-1,723,735,724,-1,724,735,736,-1,724,736,737,-1,737,736,738,-1,737,738,739,-1,739,738,740,-1,739,740,741,-1,741,740,742,-1,741,742,743,-1,743,742,744,-1,743,744,745,-1,731,746,732,-1,732,746,747,-1,732,747,748,-1,748,747,749,-1,748,749,750,-1,750,749,751,-1,752,753,751,-1,751,753,754,-1,751,754,750,-1,744,755,745,-1,745,755,756,-1,745,756,757,-1,757,756,758,-1,757,758,759,-1,759,758,760,-1,759,760,761,-1,761,760,762,-1,761,762,763,-1,751,764,752,-1,752,764,765,-1,752,765,766,-1,766,765,767,-1,762,768,763,-1,763,768,769,-1,763,769,770,-1,771,772,767,-1,767,772,773,-1,767,773,766,-1,767,774,771,-1,771,774,775,-1,771,775,776,-1,776,775,777,-1,778,779,777,-1,777,779,780,-1,777,780,776,-1,769,781,770,-1,770,781,782,-1,770,782,783,-1,783,782,784,-1,783,784,785,-1,785,784,786,-1,785,786,787,-1,787,786,788,-1,787,788,789,-1,788,790,789,-1,789,790,791,-1,789,791,792,-1,777,793,778,-1,778,793,794,-1,778,794,795,-1,795,794,796,-1,795,796,797,-1,797,796,798,-1,797,798,799,-1,799,798,800,-1,801,802,800,-1,800,802,803,-1,800,803,799,-1,800,804,801,-1,801,804,805,-1,801,805,806,-1,806,805,807,-1,806,807,808,-1,808,807,809,-1,791,810,792,-1,792,810,811,-1,792,811,812,-1,812,811,813,-1,812,813,814,-1,814,813,815,-1,814,815,816,-1,816,815,817,-1,816,817,818,-1,818,817,819,-1,818,819,820,-1,820,819,821,-1,820,821,822,-1,822,821,823,-1,822,823,824,-1,824,823,825,-1,824,825,826,-1,826,825,827,-1,826,827,828,-1,829,830,831,-1,831,830,832,-1,831,832,833,-1,833,832,834,-1,833,834,835,-1,835,834,836,-1,835,836,809,-1,809,836,837,-1,809,837,808,-1,827,838,828,-1,828,838,839,-1,828,839,840,-1,840,839,841,-1,840,841,842,-1,842,841,843,-1,842,843,844,-1,844,843,845,-1,844,845,846,-1,846,845,847,-1,846,847,848,-1,849,850,851,-1,851,850,852,-1,851,852,853,-1,853,852,854,-1,853,854,855,-1,855,854,856,-1,855,856,829,-1,829,856,857,-1,829,857,830,-1,847,858,848,-1,848,858,859,-1,848,859,860,-1,861,862,863,-1,863,862,864,-1,863,864,865,-1,865,864,866,-1,865,866,867,-1,867,866,868,-1,867,868,849,-1,849,868,869,-1,849,869,850,-1,859,870,860,-1,860,870,871,-1,860,871,872,-1,872,871,873,-1,872,873,874,-1,874,873,875,-1,874,875,876,-1,876,875,877,-1,876,877,878,-1,877,879,878,-1,878,879,880,-1,878,880,881,-1,881,880,882,-1,881,882,883,-1,884,885,886,-1,886,885,887,-1,886,887,888,-1,888,887,889,-1,888,889,861,-1,861,889,890,-1,861,890,862,-1,891,892,884,-1,884,892,893,-1,884,893,885,-1,882,894,883,-1,883,894,895,-1,883,895,896,-1,896,895,897,-1,896,897,898,-1,898,897,899,-1,898,899,900,-1,900,899,901,-1,900,901,902,-1,884,903,891,-1,891,903,904,-1,891,904,905,-1,905,904,906,-1,905,906,907,-1,907,906,908,-1,907,908,909,-1,909,908,910,-1,909,910,911,-1,911,910,912,-1,912,910,913,-1,912,913,914,-1,914,913,915,-1,914,915,916,-1,916,915,917,-1,916,917,918,-1,918,917,919,-1,918,919,920,-1,901,921,902,-1,902,921,922,-1,902,922,923,-1,923,922,924,-1,923,924,925,-1,925,924,926,-1,925,926,927,-1,927,926,928,-1,927,928,929,-1,929,928,930,-1,929,930,693,-1,693,930,931,-1,693,931,691,-1,698,703,699,-1,699,703,705,-1,699,705,932,-1,932,705,718,-1,932,718,933,-1,933,718,720,-1,933,720,934,-1,934,720,722,-1,934,722,935,-1,935,722,724,-1,935,724,936,-1,936,724,737,-1,936,737,937,-1,937,737,739,-1,937,739,938,-1,938,739,741,-1,938,741,939,-1,939,741,743,-1,939,743,940,-1,940,743,745,-1,940,745,941,-1,941,745,757,-1,941,757,942,-1,942,757,759,-1,942,759,943,-1,943,759,761,-1,943,761,944,-1,944,761,763,-1,944,763,945,-1,945,763,770,-1,945,770,946,-1,946,770,783,-1,946,783,947,-1,947,783,785,-1,947,785,948,-1,948,785,787,-1,948,787,949,-1,949,787,789,-1,949,789,950,-1,950,789,792,-1,950,792,951,-1,951,792,812,-1,951,812,952,-1,952,812,814,-1,952,814,953,-1,953,814,816,-1,953,816,954,-1,954,816,818,-1,954,818,955,-1,955,818,820,-1,955,820,956,-1,956,820,822,-1,956,822,957,-1,957,822,824,-1,957,824,958,-1,958,824,826,-1,958,826,959,-1,959,826,828,-1,959,828,960,-1,960,828,840,-1,960,840,961,-1,961,840,842,-1,961,842,962,-1,962,842,844,-1,962,844,963,-1,963,844,846,-1,963,846,964,-1,964,846,848,-1,964,848,965,-1,965,848,860,-1,965,860,966,-1,966,860,872,-1,966,872,967,-1,967,872,874,-1,967,874,968,-1,968,874,876,-1,968,876,969,-1,969,876,878,-1,969,878,970,-1,970,878,881,-1,970,881,971,-1,971,881,883,-1,971,883,972,-1,972,883,896,-1,972,896,973,-1,973,896,898,-1,973,898,974,-1,974,898,900,-1,974,900,975,-1,975,900,902,-1,975,902,976,-1,976,902,923,-1,976,923,977,-1,977,923,925,-1,977,925,978,-1,978,925,927,-1,978,927,979,-1,979,927,929,-1,979,929,980,-1,980,929,693,-1,980,693,981,-1,981,693,692,-1,981,692,982,-1,688,983,984,-1,695,706,696,-1,696,706,699,-1,696,699,985,-1,985,699,932,-1,985,932,986,-1,986,932,933,-1,986,933,987,-1,987,933,934,-1,987,934,988,-1,988,934,935,-1,988,935,989,-1,989,935,936,-1,989,936,990,-1,990,936,937,-1,990,937,991,-1,991,937,938,-1,991,938,992,-1,992,938,939,-1,992,939,993,-1,993,939,940,-1,993,940,994,-1,994,940,941,-1,994,941,995,-1,995,941,942,-1,995,942,996,-1,996,942,943,-1,996,943,997,-1,997,943,944,-1,997,944,998,-1,998,944,945,-1,998,945,999,-1,999,945,946,-1,999,946,1000,-1,1000,946,947,-1,1000,947,1001,-1,1001,947,948,-1,1001,948,1002,-1,1002,948,949,-1,1002,949,1003,-1,1003,949,950,-1,1003,950,1004,-1,1004,950,951,-1,1004,951,1005,-1,1005,951,952,-1,1005,952,1006,-1,1006,952,953,-1,1006,953,1007,-1,1007,953,954,-1,1007,954,1008,-1,1008,954,955,-1,1008,955,1009,-1,1009,955,956,-1,1009,956,1010,-1,1010,956,957,-1,1010,957,1011,-1,1011,957,958,-1,1011,958,1012,-1,1012,958,959,-1,1012,959,1013,-1,1013,959,960,-1,1013,960,1014,-1,1014,960,961,-1,1014,961,1015,-1,1015,961,962,-1,1015,962,1016,-1,1016,962,963,-1,1016,963,1017,-1,1017,963,964,-1,1017,964,1018,-1,1018,964,965,-1,1018,965,1019,-1,1019,965,966,-1,1019,966,1020,-1,1020,966,967,-1,1020,967,1021,-1,1021,967,968,-1,1021,968,1022,-1,1022,968,969,-1,1022,969,1023,-1,1023,969,970,-1,1023,970,1024,-1,1024,970,971,-1,1024,971,1025,-1,1025,971,972,-1,1025,972,1026,-1,1026,972,973,-1,1026,973,1027,-1,1027,973,974,-1,1027,974,1028,-1,1028,974,975,-1,1028,975,1029,-1,1029,975,976,-1,1029,976,1030,-1,1030,976,977,-1,1030,977,1031,-1,1031,977,978,-1,1031,978,1032,-1,1032,978,979,-1,1032,979,1033,-1,1033,979,980,-1,1033,980,1034,-1,1034,980,981,-1,1034,981,1035,-1,1035,981,982,-1,1035,982,1036,-1,1036,1037,1035,-1,1035,1037,1038,-1,1035,1038,1034,-1,1034,1038,1039,-1,1034,1039,1033,-1,1033,1039,919,-1,1033,919,1032,-1,1032,919,917,-1,1032,917,1031,-1,1031,917,915,-1,1031,915,1030,-1,1030,915,913,-1,1030,913,1029,-1,1029,913,910,-1,1029,910,1028,-1,1028,910,908,-1,1028,908,1027,-1,1027,908,906,-1,1027,906,1026,-1,1026,906,904,-1,1026,904,1025,-1,1025,904,903,-1,1025,903,1024,-1,1024,903,884,-1,1024,884,1023,-1,1023,884,886,-1,1023,886,1022,-1,1022,886,888,-1,1022,888,1021,-1,1021,888,861,-1,1021,861,1020,-1,1020,861,863,-1,1020,863,1019,-1,1019,863,865,-1,1019,865,1018,-1,1018,865,867,-1,1018,867,1017,-1,1017,867,849,-1,1017,849,1016,-1,1016,849,851,-1,1016,851,1015,-1,1015,851,853,-1,1015,853,1014,-1,1014,853,855,-1,1014,855,1013,-1,1013,855,829,-1,1013,829,1012,-1,1012,829,831,-1,1012,831,1011,-1,1011,831,833,-1,1011,833,1010,-1,1010,833,835,-1,1010,835,1009,-1,1009,835,809,-1,1009,809,1008,-1,1008,809,807,-1,1008,807,1007,-1,1007,807,805,-1,1007,805,1006,-1,1006,805,804,-1,1006,804,1005,-1,1005,804,800,-1,1005,800,1004,-1,1004,800,798,-1,1004,798,1003,-1,1003,798,796,-1,1003,796,1002,-1,1002,796,794,-1,1002,794,1001,-1,1001,794,793,-1,1001,793,1000,-1,1000,793,777,-1,1000,777,999,-1,999,777,775,-1,999,775,998,-1,998,775,774,-1,998,774,997,-1,997,774,767,-1,997,767,996,-1,996,767,765,-1,996,765,995,-1,995,765,764,-1,995,764,994,-1,994,764,751,-1,994,751,993,-1,993,751,749,-1,993,749,992,-1,992,749,747,-1,992,747,991,-1,991,747,746,-1,991,746,990,-1,990,746,731,-1,990,731,989,-1,989,731,729,-1,989,729,988,-1,988,729,728,-1,988,728,987,-1,987,728,710,-1,987,710,986,-1,986,710,712,-1,986,712,985,-1,985,712,714,-1,985,714,696,-1,696,714,715,-1,696,715,694,-1,694,715,716,-1,688,984,689,-1,689,984,1040,-1,689,1040,1041,-1,1041,1042,689,-1,689,1042,1043,-1,689,1043,690,-1,690,1043,1044,-1,690,1044,1045,-1,691,983,692,-1,692,983,688,-1,692,688,982,-1,982,688,690,-1,982,690,1036,-1,1036,690,1045,-1,1036,1045,1046,-1,1046,1047,1036,-1,1036,1047,1048,-1,1036,1048,1037,-1,1037,1048,1049,-1,1037,1049,1050,-1,920,919,1051,-1,1051,919,1039,-1,1051,1039,1052,-1,1052,1039,1038,-1,1052,1038,1053,-1,1053,1038,1037,-1,1053,1037,1054,-1,1054,1037,1050,-1,1054,1050,1055,-1,1042,1041,1056,-1,1057,1055,1050,-1,1058,1059,1060,-1,1061,1062,1063,-1,695,694,1064,-1,716,709,1065,-1,1065,709,708,-1,1065,708,1066,-1,697,706,1067,-1,703,698,1068,-1,701,700,1069,-1,701,1069,1070,-1,1070,1069,1071,-1,1070,1071,1072,-1,1072,1071,1073,-1,1072,1073,1074,-1,1066,1075,1065,-1,1065,1075,1076,-1,1065,1076,1077,-1,1077,1076,1078,-1,1077,1078,1079,-1,1079,1078,1080,-1,1081,1082,1080,-1,1080,1082,1083,-1,1080,1083,1079,-1,1081,1084,1082,-1,1082,1084,1085,-1,1082,1085,1086,-1,1086,1085,1087,-1,1086,1087,1088,-1,1088,1087,1089,-1,1090,1091,1089,-1,1089,1091,1092,-1,1089,1092,1088,-1,1090,1093,1091,-1,1091,1093,1094,-1,1091,1094,1095,-1,1095,1094,1096,-1,1097,1098,1096,-1,1096,1098,1099,-1,1096,1099,1095,-1,1074,1073,1100,-1,1100,1073,1101,-1,1100,1101,1102,-1,1102,1101,1103,-1,1102,1103,1104,-1,1104,1103,1105,-1,1104,1105,1106,-1,1106,1105,1107,-1,1106,1107,1108,-1,1108,1107,1109,-1,1108,1109,1110,-1,1110,1109,1111,-1,1110,1111,1112,-1,1112,1111,1113,-1,1112,1113,1114,-1,1114,1113,1115,-1,1114,1115,1116,-1,1116,1115,1117,-1,1116,1117,1118,-1,1097,1119,1098,-1,1098,1119,1120,-1,1098,1120,1121,-1,1121,1120,1122,-1,1121,1122,1123,-1,1123,1122,1124,-1,1123,1124,1125,-1,1125,1124,1126,-1,1125,1126,1127,-1,1118,1117,1128,-1,1128,1117,1129,-1,1128,1129,1130,-1,1130,1129,1131,-1,1130,1131,1132,-1,1132,1131,1133,-1,1132,1133,1134,-1,1134,1133,1135,-1,1134,1135,1136,-1,1136,1135,1137,-1,1136,1137,1138,-1,1138,1137,1139,-1,1138,1139,1140,-1,1140,1139,1141,-1,1140,1141,1142,-1,1126,1143,1127,-1,1127,1143,1144,-1,1127,1144,1145,-1,1145,1144,1146,-1,1145,1146,1147,-1,1147,1146,1148,-1,1147,1148,1149,-1,1149,1148,1150,-1,1149,1150,1151,-1,1150,1152,1151,-1,1151,1152,1153,-1,1151,1153,1154,-1,1154,1153,1155,-1,1154,1155,1156,-1,1156,1155,1157,-1,1156,1157,1158,-1,1158,1157,1159,-1,1158,1159,1160,-1,1142,1141,1161,-1,1161,1141,1162,-1,1161,1162,1163,-1,1163,1162,1164,-1,1163,1164,1165,-1,1165,1164,1166,-1,1165,1166,1167,-1,1167,1166,1168,-1,1167,1168,1169,-1,1169,1168,1170,-1,1169,1170,1171,-1,1171,1170,1172,-1,1171,1172,1173,-1,1173,1172,1174,-1,1173,1174,1175,-1,1159,1176,1160,-1,1160,1176,1177,-1,1160,1177,1178,-1,1178,1177,1179,-1,1178,1179,1180,-1,1180,1179,1181,-1,1180,1181,1182,-1,1182,1181,1183,-1,1182,1183,1184,-1,1183,1185,1184,-1,1184,1185,1186,-1,1184,1186,1187,-1,1187,1186,1188,-1,1187,1188,1189,-1,1189,1188,1190,-1,1189,1190,1191,-1,1191,1190,1192,-1,1191,1192,1063,-1,1063,1192,1193,-1,1063,1193,1061,-1,694,716,1064,-1,1064,716,1065,-1,1064,1065,1194,-1,1194,1065,1077,-1,1194,1077,1195,-1,1195,1077,1079,-1,1195,1079,1196,-1,1196,1079,1083,-1,1196,1083,1197,-1,1197,1083,1082,-1,1197,1082,1198,-1,1198,1082,1086,-1,1198,1086,1199,-1,1199,1086,1088,-1,1199,1088,1200,-1,1200,1088,1092,-1,1200,1092,1201,-1,1201,1092,1091,-1,1201,1091,1202,-1,1202,1091,1095,-1,1202,1095,1203,-1,1203,1095,1099,-1,1203,1099,1204,-1,1204,1099,1098,-1,1204,1098,1205,-1,1205,1098,1121,-1,1205,1121,1206,-1,1206,1121,1123,-1,1206,1123,1207,-1,1207,1123,1125,-1,1207,1125,1208,-1,1208,1125,1127,-1,1208,1127,1209,-1,1209,1127,1145,-1,1209,1145,1210,-1,1210,1145,1147,-1,1210,1147,1211,-1,1211,1147,1149,-1,1211,1149,1212,-1,1212,1149,1151,-1,1212,1151,1213,-1,1213,1151,1154,-1,1213,1154,1214,-1,1214,1154,1156,-1,1214,1156,1215,-1,1215,1156,1158,-1,1215,1158,1216,-1,1216,1158,1160,-1,1216,1160,1217,-1,1217,1160,1178,-1,1217,1178,1218,-1,1218,1178,1180,-1,1218,1180,1219,-1,1219,1180,1182,-1,1219,1182,1220,-1,1220,1182,1184,-1,1220,1184,1221,-1,1221,1184,1187,-1,1221,1187,1222,-1,1222,1187,1189,-1,1222,1189,1223,-1,1223,1189,1191,-1,1223,1191,1224,-1,1224,1191,1063,-1,1224,1063,1225,-1,1225,1063,1062,-1,1225,1062,1226,-1,706,695,1067,-1,1067,695,1064,-1,1067,1064,1227,-1,1227,1064,1194,-1,1227,1194,1228,-1,1228,1194,1195,-1,1228,1195,1229,-1,1229,1195,1196,-1,1229,1196,1230,-1,1230,1196,1197,-1,1230,1197,1231,-1,1231,1197,1198,-1,1231,1198,1232,-1,1232,1198,1199,-1,1232,1199,1233,-1,1233,1199,1200,-1,1233,1200,1234,-1,1234,1200,1201,-1,1234,1201,1235,-1,1235,1201,1202,-1,1235,1202,1236,-1,1236,1202,1203,-1,1236,1203,1237,-1,1237,1203,1204,-1,1237,1204,1238,-1,1238,1204,1205,-1,1238,1205,1239,-1,1239,1205,1206,-1,1239,1206,1240,-1,1240,1206,1207,-1,1240,1207,1241,-1,1241,1207,1208,-1,1241,1208,1242,-1,1242,1208,1209,-1,1242,1209,1243,-1,1243,1209,1210,-1,1243,1210,1244,-1,1244,1210,1211,-1,1244,1211,1245,-1,1245,1211,1212,-1,1245,1212,1246,-1,1246,1212,1213,-1,1246,1213,1247,-1,1247,1213,1214,-1,1247,1214,1248,-1,1248,1214,1215,-1,1248,1215,1249,-1,1249,1215,1216,-1,1249,1216,1250,-1,1250,1216,1217,-1,1250,1217,1251,-1,1251,1217,1218,-1,1251,1218,1252,-1,1252,1218,1219,-1,1252,1219,1253,-1,1253,1219,1220,-1,1253,1220,1254,-1,1254,1220,1221,-1,1254,1221,1255,-1,1255,1221,1222,-1,1255,1222,1256,-1,1256,1222,1223,-1,1256,1223,1257,-1,1257,1223,1224,-1,1257,1224,1258,-1,1258,1224,1225,-1,1258,1225,1259,-1,1259,1225,1226,-1,1259,1226,1260,-1,1175,1174,1261,-1,1261,1174,1262,-1,1261,1262,1263,-1,1263,1262,1264,-1,1263,1264,1265,-1,1265,1264,1266,-1,1265,1266,1267,-1,1267,1266,1268,-1,1267,1268,1269,-1,1269,1268,1270,-1,1269,1270,1271,-1,1271,1270,1272,-1,1271,1272,1273,-1,1273,1272,1274,-1,1273,1274,1275,-1,1275,1274,1276,-1,1275,1276,1277,-1,1277,1276,1278,-1,1277,1278,1279,-1,1058,1280,1281,-1,698,697,1068,-1,1068,697,1067,-1,1068,1067,1282,-1,1282,1067,1227,-1,1282,1227,1283,-1,1283,1227,1228,-1,1283,1228,1284,-1,1284,1228,1229,-1,1284,1229,1285,-1,1285,1229,1230,-1,1285,1230,1286,-1,1286,1230,1231,-1,1286,1231,1287,-1,1287,1231,1232,-1,1287,1232,1288,-1,1288,1232,1233,-1,1288,1233,1289,-1,1289,1233,1234,-1,1289,1234,1290,-1,1290,1234,1235,-1,1290,1235,1291,-1,1291,1235,1236,-1,1291,1236,1292,-1,1292,1236,1237,-1,1292,1237,1293,-1,1293,1237,1238,-1,1293,1238,1294,-1,1294,1238,1239,-1,1294,1239,1295,-1,1295,1239,1240,-1,1295,1240,1296,-1,1296,1240,1241,-1,1296,1241,1297,-1,1297,1241,1242,-1,1297,1242,1298,-1,1298,1242,1243,-1,1298,1243,1299,-1,1299,1243,1244,-1,1299,1244,1300,-1,1300,1244,1245,-1,1300,1245,1301,-1,1301,1245,1246,-1,1301,1246,1302,-1,1302,1246,1247,-1,1302,1247,1303,-1,1303,1247,1248,-1,1303,1248,1304,-1,1304,1248,1249,-1,1304,1249,1305,-1,1305,1249,1250,-1,1305,1250,1306,-1,1306,1250,1251,-1,1306,1251,1307,-1,1307,1251,1252,-1,1307,1252,1308,-1,1308,1252,1253,-1,1308,1253,1309,-1,1309,1253,1254,-1,1309,1254,1310,-1,1310,1254,1255,-1,1310,1255,1311,-1,1311,1255,1256,-1,1311,1256,1312,-1,1312,1256,1257,-1,1312,1257,1313,-1,1313,1257,1258,-1,1313,1258,1314,-1,1314,1258,1259,-1,1314,1259,1315,-1,1315,1259,1260,-1,1315,1260,1316,-1,1058,1281,1059,-1,1059,1281,1317,-1,1059,1317,1318,-1,704,703,1319,-1,1319,703,1068,-1,1319,1068,1320,-1,1320,1068,1282,-1,1320,1282,1321,-1,1321,1282,1283,-1,1321,1283,1322,-1,1322,1283,1284,-1,1322,1284,1323,-1,1323,1284,1285,-1,1323,1285,1324,-1,1324,1285,1286,-1,1324,1286,1325,-1,1325,1286,1287,-1,1325,1287,1326,-1,1326,1287,1288,-1,1326,1288,1327,-1,1327,1288,1289,-1,1327,1289,1328,-1,1328,1289,1290,-1,1328,1290,1329,-1,1329,1290,1291,-1,1329,1291,1330,-1,1330,1291,1292,-1,1330,1292,1331,-1,1331,1292,1293,-1,1331,1293,1332,-1,1332,1293,1294,-1,1332,1294,1333,-1,1333,1294,1295,-1,1333,1295,1334,-1,1334,1295,1296,-1,1334,1296,1335,-1,1335,1296,1297,-1,1335,1297,1336,-1,1336,1297,1298,-1,1336,1298,1337,-1,1337,1298,1299,-1,1337,1299,1338,-1,1338,1299,1300,-1,1338,1300,1339,-1,1339,1300,1301,-1,1339,1301,1340,-1,1340,1301,1302,-1,1340,1302,1341,-1,1341,1302,1303,-1,1341,1303,1342,-1,1342,1303,1304,-1,1342,1304,1343,-1,1343,1304,1305,-1,1343,1305,1344,-1,1344,1305,1306,-1,1344,1306,1345,-1,1345,1306,1307,-1,1345,1307,1346,-1,1346,1307,1308,-1,1346,1308,1347,-1,1347,1308,1309,-1,1347,1309,1348,-1,1348,1309,1310,-1,1348,1310,1349,-1,1349,1310,1311,-1,1349,1311,1350,-1,1350,1311,1312,-1,1350,1312,1351,-1,1351,1312,1313,-1,1351,1313,1352,-1,1352,1313,1314,-1,1352,1314,1353,-1,1353,1314,1315,-1,1353,1315,1354,-1,1354,1315,1316,-1,1354,1316,1355,-1,1356,1060,1357,-1,1357,1060,1059,-1,1357,1059,1358,-1,1358,1059,1318,-1,1358,1318,1359,-1,700,704,1069,-1,1069,704,1319,-1,1069,1319,1071,-1,1071,1319,1320,-1,1071,1320,1073,-1,1073,1320,1321,-1,1073,1321,1101,-1,1101,1321,1322,-1,1101,1322,1103,-1,1103,1322,1323,-1,1103,1323,1105,-1,1105,1323,1324,-1,1105,1324,1107,-1,1107,1324,1325,-1,1107,1325,1109,-1,1109,1325,1326,-1,1109,1326,1111,-1,1111,1326,1327,-1,1111,1327,1113,-1,1113,1327,1328,-1,1113,1328,1115,-1,1115,1328,1329,-1,1115,1329,1117,-1,1117,1329,1330,-1,1117,1330,1129,-1,1129,1330,1331,-1,1129,1331,1131,-1,1131,1331,1332,-1,1131,1332,1133,-1,1133,1332,1333,-1,1133,1333,1135,-1,1135,1333,1334,-1,1135,1334,1137,-1,1137,1334,1335,-1,1137,1335,1139,-1,1139,1335,1336,-1,1139,1336,1141,-1,1141,1336,1337,-1,1141,1337,1162,-1,1162,1337,1338,-1,1162,1338,1164,-1,1164,1338,1339,-1,1164,1339,1166,-1,1166,1339,1340,-1,1166,1340,1168,-1,1168,1340,1341,-1,1168,1341,1170,-1,1170,1341,1342,-1,1170,1342,1172,-1,1172,1342,1343,-1,1172,1343,1174,-1,1174,1343,1344,-1,1174,1344,1262,-1,1262,1344,1345,-1,1262,1345,1264,-1,1264,1345,1346,-1,1264,1346,1266,-1,1266,1346,1347,-1,1266,1347,1268,-1,1268,1347,1348,-1,1268,1348,1270,-1,1270,1348,1349,-1,1270,1349,1272,-1,1272,1349,1350,-1,1272,1350,1274,-1,1274,1350,1351,-1,1274,1351,1276,-1,1276,1351,1352,-1,1276,1352,1278,-1,1278,1352,1353,-1,1278,1353,1360,-1,1360,1353,1354,-1,1360,1354,1361,-1,1361,1354,1355,-1,1361,1355,1056,-1,1362,1356,1363,-1,1363,1356,1357,-1,1363,1357,1364,-1,1364,1357,1358,-1,1364,1358,1365,-1,1365,1358,1359,-1,1365,1359,1057,-1,1057,1050,1365,-1,1365,1050,1049,-1,1365,1049,1364,-1,1364,1049,1048,-1,1364,1048,1363,-1,1048,1047,1363,-1,1363,1047,1046,-1,1363,1046,1362,-1,1362,1046,1045,-1,1362,1045,1044,-1,1366,1280,1367,-1,1367,1280,1058,-1,1367,1058,1368,-1,1368,1058,1060,-1,1368,1060,1369,-1,1369,1060,1356,-1,1369,1356,1370,-1,1370,1356,1362,-1,1370,1362,1371,-1,1371,1362,1044,-1,1371,1044,1043,-1,1061,1366,1062,-1,1062,1366,1367,-1,1062,1367,1226,-1,1226,1367,1368,-1,1226,1368,1260,-1,1260,1368,1369,-1,1260,1369,1316,-1,1316,1369,1370,-1,1316,1370,1355,-1,1355,1370,1371,-1,1355,1371,1056,-1,1056,1371,1043,-1,1056,1043,1042,-1,1279,1278,1372,-1,1372,1278,1360,-1,1372,1360,1373,-1,1373,1360,1361,-1,1373,1361,1374,-1,1374,1361,1056,-1,1374,1056,1375,-1,1375,1056,1041,-1,1375,1041,1040,-1,
        ]
    }
}
Shape{
    appearance Appearance {
        material  Material 	{
            diffuseColor 0.0 0.0 0.0
            specularColor 0.0 0.0 0.0
            ambientIntensity 0.0
            transparency 0.0
            shininess 0.5
        }
    }
    geometry IndexedFaceSet {
        ccw TRUE
        solid FALSE
        coord DEF co Coordinate {
            point [
                -0.0684 1.1813 2.0757, -0.0683 1.1813 2.0614, -0.0684 1.1809 2.0757, -0.0683 1.1809 2.0614, -0.0185 1.1813 2.076, -0.0185 1.1809 2.076, -0.0193 1.1813 2.1871, -0.0193 1.1809 2.1865, -0.0193 1.1809 2.1871, -0.0031 1.1813 2.1872, -0.0031 1.1809 2.1872, -0.0022 1.1809 2.0618, -0.0022 1.1813 2.0618, -0.0031 1.1809 2.1865, -0.1673 1.1809 2.0659, -0.1673 1.1813 2.0659, -0.1651 1.1813 2.0648, -0.1325 1.1813 2.0588, -0.1325 1.1809 2.0588, -0.1364 1.1809 2.0591, -0.1517 1.1813 2.0605, -0.1517 1.1809 2.0605, -0.1618 1.1809 2.0638, -0.1651 1.1809 2.0648, -0.1674 1.1813 2.0814, -0.1674 1.1809 2.0814, -0.1618 1.1809 2.0789, -0.155 1.1813 2.0759, -0.155 1.1809 2.0759, -0.1408 1.1809 2.0734, -0.1408 1.1813 2.0734, -0.135 1.1809 2.0732, -0.135 1.1813 2.0732, -0.1238 1.1809 2.0745, -0.1238 1.1813 2.0745, -0.1146 1.1809 2.0777, -0.1146 1.1813 2.0777, -0.1062 1.1809 2.0834, -0.1062 1.1813 2.0834, -0.1029 1.1809 2.0866, -0.1029 1.1813 2.0866, -0.0971 1.1809 2.0947, -0.0971 1.1813 2.0947, -0.093 1.1809 2.1047, -0.093 1.1813 2.1047, -0.091 1.1809 2.1171, -0.091 1.1813 2.1171, -0.0908 1.1809 2.1225, -0.0908 1.1813 2.1225, -0.093 1.1809 2.1396, -0.093 1.1813 2.1396, -0.0973 1.1809 2.1504, -0.0973 1.1813 2.1504, -0.1034 1.1809 2.1591, -0.1034 1.1813 2.1591, -0.1043 1.1809 2.1601, -0.1043 1.1813 2.1601, -0.1122 1.1809 2.1666, -0.1122 1.1813 2.1666, -0.122 1.1809 2.1713, -0.122 1.1813 2.1713, -0.1328 1.1809 2.1735, -0.1328 1.1813 2.1735, -0.1385 1.1809 2.1737, -0.1385 1.1813 2.1737, -0.168 1.1809 2.1661, -0.168 1.1813 2.1661, -0.1666 1.1813 2.1668, -0.1539 1.1809 2.1718, -0.1539 1.1813 2.1718, -0.1618 1.1809 2.1687, -0.1666 1.1809 2.1668, -0.1681 1.1813 2.183, -0.1681 1.1809 2.183, -0.1563 1.1809 2.1865, -0.1549 1.1813 2.1869, -0.1618 1.1809 2.1848, -0.1549 1.1809 2.1869, -0.1385 1.1809 2.1883, -0.1385 1.1813 2.1883, -0.1204 1.1813 2.1863, -0.1224 1.1809 2.1865, -0.1204 1.1809 2.1863, -0.1072 1.1809 2.1813, -0.1072 1.1813 2.1813, -0.0954 1.1809 2.1732, -0.0954 1.1813 2.1732, -0.0923 1.1809 2.1702, -0.0923 1.1813 2.1702, -0.0831 1.1809 2.1584, -0.0831 1.1813 2.1584, -0.0786 1.1809 2.148, -0.0771 1.1813 2.1445, -0.0771 1.1809 2.1445, -0.0741 1.1809 2.1282, -0.0741 1.1813 2.1282, -0.0738 1.1809 2.1216, -0.0738 1.1813 2.1216, -0.0761 1.1809 2.1013, -0.0761 1.1813 2.1013, -0.0786 1.1809 2.0949, -0.0811 1.1813 2.0881, -0.0811 1.1809 2.0881, -0.0885 1.1809 2.0774, -0.0885 1.1813 2.0774, -0.0896 1.1809 2.0762, -0.0896 1.1813 2.0762, -0.1275 1.1809 2.0591, -0.1228 1.1813 2.0595, -0.1228 1.1809 2.0595, -0.1096 1.1813 2.0627, -0.1096 1.1809 2.0627, -0.0981 1.1813 2.0688, -0.0981 1.1809 2.0688, -0.2598 1.1813 2.0743, -0.2597 1.1813 2.06, -0.2598 1.1809 2.0743, -0.2597 1.1809 2.06, -0.2086 1.1809 2.0747, -0.2086 1.1813 2.0747, -0.2414 1.1809 2.0744, -0.2089 1.1813 2.1168, -0.2089 1.1809 2.1168, -0.2537 1.1809 2.1165, -0.2537 1.1813 2.1165, -0.2414 1.1809 2.1166, -0.2538 1.1813 2.1309, -0.2538 1.1809 2.1309, -0.209 1.1809 2.1312, -0.209 1.1813 2.1312, -0.2414 1.1809 2.1309, -0.2093 1.1813 2.1713, -0.2093 1.1809 2.1713, -0.2577 1.1809 2.1709, -0.2577 1.1813 2.1709, -0.2414 1.1809 2.1711, -0.2578 1.1813 2.1854, -0.2578 1.1809 2.1854, -0.1932 1.1809 2.1858, -0.1932 1.1813 2.1858, -0.2414 1.1809 2.1855, -0.1923 1.1813 2.0605, -0.1923 1.1809 2.0605, -0.2414 1.1809 2.0601, -0.3667 1.1813 2.0768, -0.3537 1.1813 2.0853, -0.3535 1.1813 2.0675, -0.3456 1.1813 2.0798, -0.3391 1.1813 2.062, -0.3352 1.1813 2.0758, -0.3179 1.1813 2.0596, -0.3179 1.1813 2.0739, -0.2834 1.1813 2.0598, -0.2997 1.1813 2.074, -0.2843 1.1813 2.1852, -0.3004 1.1813 2.1706, -0.3201 1.1813 2.1849, -0.3193 1.1813 2.1705, -0.3202 1.1813 2.1705, -0.3392 1.1813 2.1827, -0.3363 1.1813 2.1684, -0.3543 1.1813 2.177, -0.347 1.1813 2.1642, -0.3673 1.1813 2.168, -0.3554 1.1813 2.1585, -0.3718 1.1813 2.1636, -0.3589 1.1813 2.155, -0.3794 1.1813 2.1526, -0.3637 1.1813 2.1479, -0.384 1.1813 2.1406, -0.3672 1.1813 2.1387, -0.3859 1.1813 2.1234, -0.3689 1.1813 2.1231, -0.3855 1.1813 2.1154, -0.3684 1.1813 2.1148, -0.3823 1.1813 2.1007, -0.3658 1.1813 2.1034, -0.3761 1.1813 2.0878, -0.3614 1.1813 2.0942, -0.3553 1.1813 2.0867, -0.3179 1.1809 2.0596, -0.2834 1.1809 2.0598, -0.3391 1.1809 2.062, -0.3535 1.1809 2.0675, -0.3667 1.1809 2.0768, -0.3761 1.1809 2.0878, -0.3823 1.1809 2.1007, -0.3855 1.1809 2.1154, -0.3859 1.1809 2.1234, -0.384 1.1809 2.1406, -0.3794 1.1809 2.1526, -0.3718 1.1809 2.1636, -0.3673 1.1809 2.168, -0.3543 1.1809 2.177, -0.3392 1.1809 2.1827, -0.3201 1.1809 2.1849, -0.2843 1.1809 2.1852, -0.3193 1.1809 2.1705, -0.3004 1.1809 2.1706, -0.2997 1.1809 2.074, -0.3179 1.1809 2.0739, -0.3553 1.1809 2.0867, -0.3537 1.1809 2.0853, -0.3456 1.1809 2.0798, -0.3352 1.1809 2.0758, -0.3689 1.1809 2.1231, -0.3684 1.1809 2.1148, -0.3658 1.1809 2.1034, -0.3614 1.1809 2.0942, -0.3554 1.1809 2.1585, -0.3589 1.1809 2.155, -0.3637 1.1809 2.1479, -0.3672 1.1809 2.1387, -0.3202 1.1809 2.1705, -0.3363 1.1809 2.1684, -0.347 1.1809 2.1642
            ]
        }
        coordIndex [
            0,1,2,-1,2,1,3,-1,4,0,5,-1,5,0,2,-1,4,5,6,-1,6,5,7,-1,6,7,8,-1,9,6,10,-1,10,6,8,-1,11,12,13,-1,13,12,9,-1,13,9,10,-1,1,12,3,-1,3,12,11,-1,6,9,4,-1,4,9,12,-1,4,12,0,-1,0,12,1,-1,14,15,16,-1,17,18,19,-1,17,19,20,-1,19,21,20,-1,20,21,22,-1,20,22,16,-1,16,22,23,-1,16,23,14,-1,24,15,25,-1,25,15,14,-1,24,25,26,-1,24,26,27,-1,26,28,27,-1,27,28,29,-1,27,29,30,-1,30,29,31,-1,30,31,32,-1,32,31,33,-1,32,33,34,-1,34,33,35,-1,34,35,36,-1,36,35,37,-1,36,37,38,-1,38,37,39,-1,38,39,40,-1,40,39,41,-1,40,41,42,-1,42,41,43,-1,42,43,44,-1,44,43,45,-1,44,45,46,-1,46,45,47,-1,46,47,48,-1,48,47,49,-1,48,49,50,-1,50,49,51,-1,50,51,52,-1,52,51,53,-1,52,53,54,-1,54,53,55,-1,54,55,56,-1,56,55,57,-1,56,57,58,-1,58,57,59,-1,58,59,60,-1,60,59,61,-1,60,61,62,-1,62,61,63,-1,62,63,64,-1,65,66,67,-1,64,63,68,-1,64,68,69,-1,69,68,70,-1,69,70,67,-1,67,70,71,-1,67,71,65,-1,72,66,73,-1,73,66,65,-1,74,75,76,-1,76,75,72,-1,76,72,73,-1,74,77,75,-1,75,77,78,-1,75,78,79,-1,80,79,81,-1,81,79,78,-1,81,82,80,-1,80,82,83,-1,80,83,84,-1,84,83,85,-1,84,85,86,-1,86,85,87,-1,86,87,88,-1,88,87,89,-1,88,89,90,-1,90,89,91,-1,90,91,92,-1,91,93,92,-1,92,93,94,-1,92,94,95,-1,95,94,96,-1,95,96,97,-1,97,96,98,-1,97,98,99,-1,99,98,100,-1,99,100,101,-1,100,102,101,-1,101,102,103,-1,101,103,104,-1,104,103,105,-1,104,105,106,-1,18,17,107,-1,107,17,108,-1,107,108,109,-1,109,108,110,-1,109,110,111,-1,111,110,112,-1,111,112,113,-1,113,112,106,-1,113,106,105,-1,88,56,86,-1,86,56,58,-1,86,58,84,-1,97,48,95,-1,95,48,50,-1,95,50,92,-1,92,50,90,-1,90,50,52,-1,90,52,88,-1,88,52,54,-1,88,54,56,-1,84,58,80,-1,80,58,60,-1,80,60,79,-1,15,24,16,-1,16,24,27,-1,16,27,20,-1,20,27,30,-1,20,30,17,-1,17,30,32,-1,17,32,108,-1,108,32,34,-1,108,34,110,-1,110,34,36,-1,110,36,112,-1,112,36,38,-1,112,38,106,-1,106,38,40,-1,106,40,104,-1,104,40,42,-1,104,42,101,-1,101,42,99,-1,99,42,44,-1,99,44,97,-1,97,44,46,-1,97,46,48,-1,60,62,79,-1,79,62,64,-1,79,64,75,-1,75,64,69,-1,75,69,72,-1,72,69,67,-1,72,67,66,-1,114,115,116,-1,116,115,117,-1,118,119,120,-1,120,119,114,-1,120,114,116,-1,121,119,122,-1,122,119,118,-1,123,124,125,-1,125,124,121,-1,125,121,122,-1,126,124,127,-1,127,124,123,-1,128,129,130,-1,130,129,126,-1,130,126,127,-1,131,129,132,-1,132,129,128,-1,133,134,135,-1,135,134,131,-1,135,131,132,-1,136,134,137,-1,137,134,133,-1,138,139,140,-1,140,139,136,-1,140,136,137,-1,141,139,142,-1,142,139,138,-1,117,115,143,-1,143,115,141,-1,143,141,142,-1,141,115,114,-1,114,119,141,-1,141,119,121,-1,141,121,139,-1,134,136,131,-1,131,136,139,-1,131,139,129,-1,129,139,121,-1,129,121,126,-1,126,121,124,-1,144,145,146,-1,146,145,147,-1,146,147,148,-1,148,147,149,-1,148,149,150,-1,150,149,151,-1,150,151,152,-1,152,151,153,-1,152,153,154,-1,154,153,155,-1,154,155,156,-1,155,157,156,-1,156,157,158,-1,156,158,159,-1,159,158,160,-1,159,160,161,-1,161,160,162,-1,161,162,163,-1,163,162,164,-1,163,164,165,-1,165,164,166,-1,165,166,167,-1,167,166,168,-1,167,168,169,-1,169,168,170,-1,169,170,171,-1,171,170,172,-1,171,172,173,-1,173,172,174,-1,173,174,175,-1,175,174,176,-1,175,176,177,-1,177,176,178,-1,177,178,144,-1,144,178,179,-1,144,179,145,-1,150,152,180,-1,180,152,181,-1,150,180,182,-1,150,182,148,-1,148,182,183,-1,148,183,146,-1,146,183,184,-1,146,184,144,-1,144,184,185,-1,144,185,177,-1,177,185,186,-1,177,186,175,-1,175,186,187,-1,175,187,173,-1,173,187,188,-1,173,188,171,-1,171,188,189,-1,171,189,169,-1,169,189,190,-1,169,190,167,-1,167,190,191,-1,167,191,165,-1,165,191,192,-1,165,192,163,-1,163,192,193,-1,163,193,161,-1,161,193,194,-1,161,194,159,-1,159,194,195,-1,159,195,156,-1,154,156,196,-1,196,156,195,-1,152,154,181,-1,181,154,196,-1,157,155,197,-1,197,155,198,-1,155,153,198,-1,198,153,199,-1,153,151,199,-1,199,151,200,-1,179,201,202,-1,179,202,145,-1,145,202,203,-1,145,203,147,-1,147,203,204,-1,147,204,149,-1,149,204,200,-1,149,200,151,-1,172,205,206,-1,172,206,174,-1,174,206,207,-1,174,207,176,-1,176,207,208,-1,176,208,178,-1,178,208,201,-1,178,201,179,-1,164,209,210,-1,164,210,166,-1,166,210,211,-1,166,211,168,-1,168,211,212,-1,168,212,170,-1,170,212,205,-1,170,205,172,-1,157,197,213,-1,157,213,158,-1,158,213,214,-1,158,214,160,-1,160,214,215,-1,160,215,162,-1,162,215,209,-1,162,209,164,-1,
        ]
    }
}
Shape{
    appearance Appearance {
        material  Material 	{
            diffuseColor 0.8117647058823529 0.0 0.0
            specularColor 0.403921568627451 0.0 0.0
            ambientIntensity 0.2427
            transparency 0.0
            shininess 0.5
        }
    }
    geometry IndexedFaceSet {
        ccw TRUE
        solid FALSE
        coord DEF co Coordinate {
            point [
                -0.3456 1.1809 2.0798, -0.3537 1.1809 2.0853, -0.3202 1.1809 2.1705, -0.3004 1.1809 2.1706, -0.2997 1.1809 2.074, -0.3193 1.1809 2.1705, -0.3179 1.1809 2.0739, -0.3352 1.1809 2.0758, -0.3553 1.1809 2.0867, -0.3614 1.1809 2.0942, -0.3658 1.1809 2.1034, -0.3689 1.1809 2.1231, -0.3554 1.1809 2.1585, -0.347 1.1809 2.1642, -0.3672 1.1809 2.1387, -0.3637 1.1809 2.1479, -0.3589 1.1809 2.155, -0.3684 1.1809 2.1148, -0.3363 1.1809 2.1684
            ]
        }
        coordIndex [
            0,1,2,-1,3,4,5,-1,5,4,6,-1,5,6,2,-1,2,6,7,-1,2,7,0,-1,1,8,2,-1,2,8,9,-1,2,9,10,-1,11,12,13,-1,14,15,11,-1,11,15,16,-1,11,16,12,-1,10,17,2,-1,2,17,11,-1,2,11,18,-1,18,11,13,-1,
        ]
    }
}
Shape{
    appearance Appearance {
        material  Material 	{
            diffuseColor 0.0 0.0 0.0
            specularColor 0.0 0.0 0.0
            ambientIntensity 0.0
            transparency 0.0
            shininess 0.5
        }
    }
    geometry IndexedFaceSet {
        ccw TRUE
        solid FALSE
        coord DEF co Coordinate {
            point [
                -0.4278 1.1813 2.1073, -0.4469 1.1813 2.1592, -0.441 1.1813 2.1841, -0.3924 1.1813 2.0591, -0.4103 1.1813 2.0589, -0.4226 1.1813 2.0931, -0.448 1.1813 2.163, -0.449 1.1813 2.168, -0.4583 1.1813 2.1839, -0.4494 1.1813 2.168, -0.4504 1.1813 2.1627, -0.4513 1.1813 2.1592, -0.4699 1.1813 2.107, -0.5052 1.1813 2.0583, -0.4873 1.1813 2.0584, -0.4748 1.1813 2.0928, -0.4583 1.1809 2.1839, -0.5049 1.1809 2.0591, -0.5052 1.1809 2.0583, -0.441 1.1809 2.1841, -0.3924 1.1809 2.0591, -0.3924 1.1809 2.0591, -0.4272 1.1809 2.1484, -0.4103 1.1809 2.0589, -0.4226 1.1809 2.0931, -0.4104 1.1809 2.0591, -0.4748 1.1809 2.0928, -0.4272 1.1809 2.0931, -0.487 1.1809 2.0591, -0.4873 1.1809 2.0584, -0.4278 1.1809 2.1073, -0.4699 1.1809 2.107, -0.4513 1.1809 2.1592, -0.4494 1.1809 2.168, -0.4504 1.1809 2.1627, -0.449 1.1809 2.168, -0.4469 1.1809 2.1592, -0.448 1.1809 2.163
            ]
        }
        coordIndex [
            0,1,2,-1,3,4,5,-1,1,6,2,-1,2,6,7,-1,2,7,8,-1,8,7,9,-1,8,9,10,-1,10,11,8,-1,8,11,12,-1,8,12,13,-1,14,13,15,-1,15,13,12,-1,15,12,5,-1,5,12,0,-1,5,0,3,-1,3,0,2,-1,16,8,17,-1,17,8,13,-1,17,13,18,-1,2,8,19,-1,19,8,16,-1,20,21,3,-1,20,3,22,-1,22,3,2,-1,22,2,19,-1,4,3,23,-1,23,3,21,-1,24,5,25,-1,25,5,4,-1,25,4,23,-1,26,15,27,-1,27,15,5,-1,27,5,24,-1,15,26,14,-1,14,26,28,-1,14,28,29,-1,13,14,18,-1,18,14,29,-1,0,12,30,-1,30,12,31,-1,12,11,31,-1,31,11,32,-1,9,33,34,-1,9,34,10,-1,10,34,32,-1,10,32,11,-1,9,7,33,-1,33,7,35,-1,1,36,37,-1,1,37,6,-1,6,37,35,-1,6,35,7,-1,1,0,36,-1,36,0,30,-1,
        ]
    }
}
Shape{
    appearance Appearance {
        material  Material 	{
            diffuseColor 0.8117647058823529 0.0 0.0
            specularColor 0.403921568627451 0.0 0.0
            ambientIntensity 0.2427
            transparency 0.0
            shininess 0.5
        }
    }
    geometry IndexedFaceSet {
        ccw TRUE
        solid FALSE
        coord DEF co Coordinate {
            point [
                -0.4494 1.1809 2.168, -0.449 1.1809 2.168, -0.4504 1.1809 2.1627, -0.448 1.1809 2.163, -0.4513 1.1809 2.1592, -0.4469 1.1809 2.1592, -0.4699 1.1809 2.107, -0.4278 1.1809 2.1073
            ]
        }
        coordIndex [
            0,1,2,-1,2,1,3,-1,2,3,4,-1,4,3,5,-1,4,5,6,-1,6,5,7,-1,
        ]
    }
}
Shape{
    appearance Appearance {
        material  Material 	{
            diffuseColor 0.0 0.0 0.0
            specularColor 0.0 0.0 0.0
            ambientIntensity 0.0
            transparency 0.0
            shininess 0.5
        }
    }
    geometry IndexedFaceSet {
        ccw TRUE
        solid FALSE
        coord DEF co Coordinate {
            point [
                -0.0683 1.1813 1.8768, -0.0682 1.1813 1.8625, -0.0683 1.1809 1.8768, -0.0682 1.1809 1.8625, -0.0171 1.1813 1.8772, -0.0171 1.1809 1.8772, -0.0174 1.1813 1.9193, -0.0174 1.1809 1.9193, -0.0622 1.1813 1.919, -0.0622 1.1809 1.919, -0.0623 1.1813 1.9334, -0.0623 1.1809 1.9334, -0.0175 1.1813 1.9337, -0.0175 1.1809 1.9337, -0.0177 1.1813 1.9738, -0.0177 1.1809 1.9738, -0.0661 1.1813 1.9735, -0.0661 1.1809 1.9735, -0.0662 1.1809 1.9847, -0.0662 1.1813 1.9879, -0.0662 1.1809 1.9871, -0.0662 1.1809 1.9879, -0.0017 1.1813 1.9883, -0.0017 1.1809 1.9883, -0.0008 1.1809 1.863, -0.0008 1.1813 1.863, -0.0016 1.1809 1.9847, -0.0017 1.1809 1.9871, -0.1394 1.1813 1.862, -0.1551 1.1813 1.8619, -0.1395 1.1813 1.8759, -0.1555 1.1813 1.9195, -0.1398 1.1813 1.9189, -0.1055 1.1813 1.9003, -0.1091 1.1813 1.9021, -0.1391 1.1813 1.8759, -0.1309 1.1813 1.8782, -0.1366 1.1813 1.872, -0.1264 1.1813 1.8753, -0.1188 1.1813 1.9043, -0.1398 1.1813 1.9069, -0.1397 1.1813 1.8984, -0.1397 1.1813 1.8973, -0.1386 1.1813 1.8903, -0.1363 1.1813 1.8847, -0.1328 1.1813 1.8801, -0.1393 1.1813 1.9259, -0.1544 1.1813 1.9313, -0.1378 1.1813 1.9315, -0.152 1.1813 1.9385, -0.1359 1.1813 1.9347, -0.1489 1.1813 1.9436, -0.1336 1.1813 1.9373, -0.1447 1.1813 1.9477, -0.1308 1.1813 1.9391, -0.1395 1.1813 1.9507, -0.1272 1.1813 1.9404, -0.133 1.1813 1.9528, -0.1219 1.1813 1.941, -0.1234 1.1813 1.9537, -0.1118 1.1813 1.9399, -0.1076 1.1813 1.9519, -0.1019 1.1813 1.9364, -0.0958 1.1813 1.9475, -0.0924 1.1813 1.9303, -0.0925 1.1813 1.9456, -0.1025 1.1813 1.8784, -0.0909 1.1813 1.8673, -0.1038 1.1813 1.8771, -0.0962 1.1813 1.8636, -0.1069 1.1813 1.8749, -0.1022 1.1813 1.8613, -0.1104 1.1813 1.8736, -0.1116 1.1813 1.8601, -0.1157 1.1813 1.873, -0.1197 1.1813 1.861, -0.1216 1.1813 1.8736, -0.1261 1.1813 1.8632, -0.1316 1.1813 1.8668, -0.0995 1.1813 1.89, -0.0835 1.1813 1.8885, -0.0993 1.1813 1.8876, -0.0834 1.1813 1.8864, -0.0997 1.1813 1.8839, -0.0841 1.1813 1.8792, -0.1007 1.1813 1.8811, -0.086 1.1813 1.8739, -0.0892 1.1813 1.8691, -0.1133 1.1813 1.9154, -0.1017 1.1813 1.9127, -0.1036 1.1813 1.8989, -0.0949 1.1813 1.9093, -0.1017 1.1813 1.8966, -0.09 1.1813 1.9052, -0.1003 1.1813 1.8936, -0.0868 1.1813 1.9007, -0.0845 1.1813 1.8952, -0.1234 1.1809 1.9537, -0.1076 1.1809 1.9519, -0.0958 1.1809 1.9475, -0.0925 1.1809 1.9456, -0.0924 1.1809 1.9303, -0.1019 1.1809 1.9364, -0.1118 1.1809 1.9399, -0.1219 1.1809 1.941, -0.1272 1.1809 1.9404, -0.1308 1.1809 1.9391, -0.1336 1.1809 1.9373, -0.1359 1.1809 1.9347, -0.1378 1.1809 1.9315, -0.1393 1.1809 1.9259, -0.1398 1.1809 1.9189, -0.1133 1.1809 1.9154, -0.1017 1.1809 1.9127, -0.0949 1.1809 1.9093, -0.09 1.1809 1.9052, -0.0868 1.1809 1.9007, -0.0845 1.1809 1.8952, -0.0835 1.1809 1.8885, -0.0834 1.1809 1.8864, -0.0841 1.1809 1.8792, -0.086 1.1809 1.8739, -0.0892 1.1809 1.8691, -0.0909 1.1809 1.8673, -0.0962 1.1809 1.8636, -0.1022 1.1809 1.8613, -0.1116 1.1809 1.8601, -0.1197 1.1809 1.861, -0.1261 1.1809 1.8632, -0.1316 1.1809 1.8668, -0.1366 1.1809 1.872, -0.1391 1.1809 1.8759, -0.1395 1.1809 1.8759, -0.1394 1.1809 1.862, -0.1551 1.1809 1.8619, -0.1555 1.1809 1.9195, -0.1544 1.1809 1.9313, -0.152 1.1809 1.9385, -0.1489 1.1809 1.9436, -0.1447 1.1809 1.9477, -0.1395 1.1809 1.9507, -0.133 1.1809 1.9528, -0.1036 1.1809 1.8989, -0.1055 1.1809 1.9003, -0.1091 1.1809 1.9021, -0.1188 1.1809 1.9043, -0.0993 1.1809 1.8876, -0.0995 1.1809 1.89, -0.1003 1.1809 1.8936, -0.1017 1.1809 1.8966, -0.1038 1.1809 1.8771, -0.1025 1.1809 1.8784, -0.1007 1.1809 1.8811, -0.0997 1.1809 1.8839, -0.1157 1.1809 1.873, -0.1104 1.1809 1.8736, -0.1069 1.1809 1.8749, -0.1328 1.1809 1.8801, -0.1309 1.1809 1.8782, -0.1264 1.1809 1.8753, -0.1216 1.1809 1.8736, -0.1397 1.1809 1.8984, -0.1397 1.1809 1.8973, -0.1386 1.1809 1.8903, -0.1363 1.1809 1.8847, -0.1398 1.1809 1.9069
            ]
        }
        coordIndex [
            0,1,2,-1,2,1,3,-1,4,0,5,-1,5,0,2,-1,6,4,7,-1,7,4,5,-1,8,6,9,-1,9,6,7,-1,10,8,11,-1,11,8,9,-1,12,10,13,-1,13,10,11,-1,14,12,15,-1,15,12,13,-1,16,14,17,-1,17,14,15,-1,16,17,18,-1,16,18,19,-1,19,18,20,-1,19,20,21,-1,22,19,23,-1,23,19,21,-1,24,25,26,-1,26,25,22,-1,26,22,27,-1,27,22,23,-1,1,25,3,-1,3,25,24,-1,25,1,0,-1,0,4,25,-1,25,4,6,-1,25,6,22,-1,16,19,14,-1,14,19,22,-1,14,22,12,-1,12,22,6,-1,12,6,10,-1,10,6,8,-1,28,29,30,-1,30,29,31,-1,32,33,34,-1,35,36,37,-1,37,36,38,-1,39,40,31,-1,31,40,41,-1,41,42,31,-1,31,42,43,-1,31,43,30,-1,30,43,44,-1,30,44,35,-1,35,44,45,-1,35,45,36,-1,34,39,32,-1,32,39,31,-1,32,31,46,-1,46,31,47,-1,46,47,48,-1,48,47,49,-1,48,49,50,-1,50,49,51,-1,50,51,52,-1,52,51,53,-1,52,53,54,-1,54,53,55,-1,54,55,56,-1,56,55,57,-1,56,57,58,-1,58,57,59,-1,58,59,60,-1,60,59,61,-1,60,61,62,-1,62,61,63,-1,62,63,64,-1,64,63,65,-1,66,67,68,-1,68,67,69,-1,68,69,70,-1,70,69,71,-1,70,71,72,-1,72,71,73,-1,72,73,74,-1,74,73,75,-1,74,75,76,-1,76,75,77,-1,76,77,38,-1,38,77,78,-1,38,78,37,-1,79,80,81,-1,81,80,82,-1,81,82,83,-1,83,82,84,-1,83,84,85,-1,85,84,86,-1,85,86,66,-1,66,86,87,-1,66,87,67,-1,32,88,33,-1,33,88,89,-1,33,89,90,-1,90,89,91,-1,90,91,92,-1,92,91,93,-1,92,93,94,-1,94,93,95,-1,94,95,79,-1,79,95,96,-1,79,96,80,-1,59,97,98,-1,59,98,61,-1,61,98,99,-1,61,99,63,-1,63,99,100,-1,63,100,65,-1,64,65,101,-1,101,65,100,-1,64,101,102,-1,64,102,62,-1,62,102,103,-1,62,103,60,-1,60,103,104,-1,60,104,58,-1,58,104,105,-1,58,105,56,-1,56,105,106,-1,56,106,54,-1,54,106,107,-1,54,107,52,-1,52,107,108,-1,52,108,50,-1,50,108,109,-1,50,109,48,-1,48,109,110,-1,48,110,46,-1,46,110,111,-1,46,111,32,-1,88,32,112,-1,112,32,111,-1,88,112,113,-1,88,113,89,-1,89,113,114,-1,89,114,91,-1,91,114,115,-1,91,115,93,-1,93,115,116,-1,93,116,95,-1,95,116,117,-1,95,117,96,-1,96,117,118,-1,96,118,80,-1,80,118,119,-1,80,119,82,-1,82,119,120,-1,82,120,84,-1,84,120,121,-1,84,121,86,-1,86,121,122,-1,86,122,87,-1,87,122,123,-1,87,123,67,-1,67,123,124,-1,67,124,69,-1,69,124,125,-1,69,125,71,-1,71,125,126,-1,71,126,73,-1,73,126,127,-1,73,127,75,-1,75,127,128,-1,75,128,77,-1,77,128,129,-1,77,129,78,-1,78,129,130,-1,78,130,37,-1,37,130,131,-1,37,131,35,-1,30,35,132,-1,132,35,131,-1,28,30,133,-1,133,30,132,-1,29,28,134,-1,134,28,133,-1,31,29,135,-1,135,29,134,-1,31,135,136,-1,31,136,47,-1,47,136,137,-1,47,137,49,-1,49,137,138,-1,49,138,51,-1,51,138,139,-1,51,139,53,-1,53,139,140,-1,53,140,55,-1,55,140,141,-1,55,141,57,-1,57,141,97,-1,57,97,59,-1,90,142,143,-1,90,143,33,-1,33,143,144,-1,33,144,34,-1,34,144,145,-1,34,145,39,-1,81,146,147,-1,81,147,79,-1,79,147,148,-1,79,148,94,-1,94,148,149,-1,94,149,92,-1,92,149,142,-1,92,142,90,-1,68,150,151,-1,68,151,66,-1,66,151,152,-1,66,152,85,-1,85,152,153,-1,85,153,83,-1,83,153,146,-1,83,146,81,-1,74,154,155,-1,74,155,72,-1,72,155,156,-1,72,156,70,-1,70,156,150,-1,70,150,68,-1,45,157,158,-1,45,158,36,-1,36,158,159,-1,36,159,38,-1,38,159,160,-1,38,160,76,-1,76,160,154,-1,76,154,74,-1,41,161,162,-1,41,162,42,-1,42,162,163,-1,42,163,43,-1,43,163,164,-1,43,164,44,-1,44,164,157,-1,44,157,45,-1,41,40,161,-1,161,40,165,-1,40,39,165,-1,165,39,145,-1,
        ]
    }
}
Shape{
    appearance Appearance {
        material  Material 	{
            diffuseColor 0.8117647058823529 0.0 0.0
            specularColor 0.403921568627451 0.0 0.0
            ambientIntensity 0.2427
            transparency 0.0
            shininess 0.5
        }
    }
    geometry IndexedFaceSet {
        ccw TRUE
        solid FALSE
        coord DEF co Coordinate {
            point [
                -0.1397 1.1809 1.8973, -0.1397 1.1809 1.8984, -0.1036 1.1809 1.8989, -0.1398 1.1809 1.9069, -0.1188 1.1809 1.9043, -0.1091 1.1809 1.9021, -0.1055 1.1809 1.9003, -0.1386 1.1809 1.8903, -0.1017 1.1809 1.8966, -0.1363 1.1809 1.8847, -0.1025 1.1809 1.8784, -0.1038 1.1809 1.8771, -0.1309 1.1809 1.8782, -0.1007 1.1809 1.8811, -0.1264 1.1809 1.8753, -0.1216 1.1809 1.8736, -0.1157 1.1809 1.873, -0.1003 1.1809 1.8936, -0.0995 1.1809 1.89, -0.1328 1.1809 1.8801, -0.0993 1.1809 1.8876, -0.0997 1.1809 1.8839, -0.1069 1.1809 1.8749, -0.1104 1.1809 1.8736
            ]
        }
        coordIndex [
            0,1,2,-1,1,3,4,-1,4,5,1,-1,1,5,6,-1,1,6,2,-1,0,2,7,-1,7,2,8,-1,7,8,9,-1,10,11,12,-1,10,12,13,-1,14,12,15,-1,15,12,16,-1,8,17,9,-1,9,17,18,-1,9,18,19,-1,19,18,20,-1,19,20,12,-1,12,20,21,-1,12,21,13,-1,11,22,12,-1,12,22,23,-1,12,23,16,-1,
        ]
    }
}
Shape{
    appearance Appearance {
        material  Material 	{
            diffuseColor 0.0 0.0 0.0
            specularColor 0.0 0.0 0.0
            ambientIntensity 0.0
            transparency 0.0
            shininess 0.5
        }
    }
    geometry IndexedFaceSet {
        ccw TRUE
        solid FALSE
        coord DEF co Coordinate {
            point [
                -0.1765 1.1809 1.8811, -0.1765 1.1813 1.8811, -0.1826 1.1813 1.8773, -0.2023 1.1813 1.8723, -0.2023 1.1809 1.8723, -0.1924 1.1809 1.8735, -0.1924 1.1813 1.8735, -0.1844 1.1809 1.8766, -0.1826 1.1809 1.8773, -0.1764 1.1813 1.8649, -0.1764 1.1809 1.8649, -0.2007 1.1809 1.8595, -0.2007 1.1813 1.8595, -0.1862 1.1813 1.8612, -0.1844 1.1809 1.8619, -0.1862 1.1809 1.8612, -0.2128 1.1809 1.8606, -0.2128 1.1813 1.8606, -0.2216 1.1809 1.8634, -0.2216 1.1813 1.8634, -0.2268 1.1809 1.8664, -0.2268 1.1813 1.8664, -0.2313 1.1809 1.8703, -0.2313 1.1813 1.8703, -0.2343 1.1809 1.8744, -0.2343 1.1813 1.8744, -0.2362 1.1809 1.8794, -0.2362 1.1813 1.8794, -0.237 1.1809 1.8857, -0.237 1.1813 1.8857, -0.2364 1.1809 1.8915, -0.2364 1.1813 1.8915, -0.2348 1.1809 1.8962, -0.2348 1.1813 1.8962, -0.2319 1.1809 1.9005, -0.2319 1.1813 1.9005, -0.2282 1.1809 1.9039, -0.2282 1.1813 1.9039, -0.2178 1.1809 1.9098, -0.2178 1.1813 1.9098, -0.2117 1.1809 1.9123, -0.2117 1.1813 1.9123, -0.202 1.1809 1.9166, -0.202 1.1813 1.9166, -0.1965 1.1809 1.9201, -0.1965 1.1813 1.9201, -0.195 1.1809 1.9218, -0.195 1.1813 1.9218, -0.1939 1.1809 1.9239, -0.1939 1.1813 1.9239, -0.1933 1.1809 1.9263, -0.1933 1.1813 1.9263, -0.1932 1.1809 1.9284, -0.1932 1.1813 1.9284, -0.1935 1.1809 1.9309, -0.1935 1.1813 1.9309, -0.1943 1.1809 1.933, -0.1943 1.1813 1.933, -0.1956 1.1809 1.935, -0.1956 1.1813 1.935, -0.198 1.1809 1.9371, -0.198 1.1813 1.9371, -0.2015 1.1809 1.9389, -0.2015 1.1813 1.9389, -0.2057 1.1809 1.94, -0.2057 1.1813 1.94, -0.2104 1.1809 1.9403, -0.2104 1.1813 1.9403, -0.2207 1.1809 1.9391, -0.2207 1.1813 1.9391, -0.2295 1.1809 1.9358, -0.2295 1.1813 1.9358, -0.2331 1.1809 1.9337, -0.2331 1.1813 1.9337, -0.2332 1.1813 1.949, -0.2332 1.1809 1.949, -0.2228 1.1809 1.9521, -0.2228 1.1813 1.9521, -0.212 1.1809 1.9531, -0.212 1.1813 1.9531, -0.2008 1.1809 1.952, -0.2008 1.1813 1.952, -0.1921 1.1809 1.949, -0.1921 1.1813 1.949, -0.1872 1.1809 1.9461, -0.1872 1.1813 1.9461, -0.1825 1.1813 1.942, -0.1844 1.1809 1.9437, -0.1825 1.1809 1.942, -0.1795 1.1809 1.9378, -0.1795 1.1813 1.9378, -0.1776 1.1809 1.9327, -0.1776 1.1813 1.9327, -0.177 1.1809 1.9271, -0.177 1.1813 1.9271, -0.1776 1.1809 1.921, -0.1776 1.1813 1.921, -0.1793 1.1809 1.9162, -0.1793 1.1813 1.9162, -0.1813 1.1809 1.9129, -0.1813 1.1813 1.9129, -0.2006 1.1809 1.9009, -0.2006 1.1813 1.9009, -0.1912 1.1813 1.9053, -0.1839 1.1809 1.9102, -0.1839 1.1813 1.9102, -0.1844 1.1809 1.9099, -0.1912 1.1809 1.9053, -0.2108 1.1809 1.8965, -0.2108 1.1813 1.8965, -0.2169 1.1809 1.8928, -0.2169 1.1813 1.8928, -0.2189 1.1809 1.8908, -0.2189 1.1813 1.8908, -0.2201 1.1809 1.8887, -0.2201 1.1813 1.8887, -0.2208 1.1809 1.8862, -0.2208 1.1813 1.8862, -0.2209 1.1809 1.8843, -0.2209 1.1813 1.8843, -0.2206 1.1809 1.8813, -0.2206 1.1813 1.8813, -0.2198 1.1809 1.879, -0.2198 1.1813 1.879, -0.2184 1.1809 1.877, -0.2184 1.1813 1.877, -0.2166 1.1809 1.8754, -0.2166 1.1813 1.8754, -0.2151 1.1809 1.8746, -0.2151 1.1813 1.8746, -0.2111 1.1809 1.8731, -0.2111 1.1813 1.8731, -0.203 1.1809 1.8723, -0.203 1.1813 1.8723, -0.3153 1.1813 1.9503, -0.3316 1.1813 1.9502, -0.3153 1.1809 1.9503, -0.3316 1.1809 1.9502, -0.2904 1.1813 1.8831, -0.2904 1.1809 1.8831, -0.2892 1.1809 1.8789, -0.2892 1.1813 1.8789, -0.2884 1.1809 1.8758, -0.2884 1.1813 1.8758, -0.288 1.1813 1.8758, -0.288 1.1809 1.8758, -0.2861 1.1813 1.8832, -0.2861 1.1809 1.8832, -0.2632 1.1809 1.9507, -0.2632 1.1813 1.9507, -0.2716 1.1809 1.9259, -0.2457 1.1813 1.9508, -0.2457 1.1809 1.9508, -0.2802 1.1809 1.8612, -0.2802 1.1813 1.8612, -0.2716 1.1809 1.8834, -0.2732 1.1813 1.845, -0.2732 1.1809 1.845, -0.2716 1.1809 1.8423, -0.27 1.1813 1.8393, -0.27 1.1809 1.8393, -0.2671 1.1809 1.8361, -0.2671 1.1813 1.8361, -0.2643 1.1809 1.8342, -0.2643 1.1813 1.8342, -0.2609 1.1809 1.8329, -0.2609 1.1813 1.8329, -0.257 1.1809 1.8325, -0.257 1.1813 1.8325, -0.2513 1.1809 1.8333, -0.2513 1.1813 1.8333, -0.2481 1.1809 1.8343, -0.2481 1.1813 1.8343, -0.248 1.1813 1.8204, -0.248 1.1809 1.8204, -0.2546 1.1809 1.8192, -0.2546 1.1813 1.8192, -0.2581 1.1809 1.819, -0.2581 1.1813 1.819, -0.2644 1.1809 1.8197, -0.2644 1.1813 1.8197, -0.2707 1.1809 1.822, -0.2707 1.1813 1.822, -0.2716 1.1809 1.8227, -0.2762 1.1813 1.8258, -0.2762 1.1809 1.8258, -0.2772 1.1809 1.8268, -0.2772 1.1813 1.8268, -0.283 1.1809 1.8336, -0.283 1.1813 1.8336, -0.2902 1.1809 1.8474, -0.2902 1.1813 1.8474, -0.4154 1.1813 1.8744, -0.4153 1.1813 1.8601, -0.4154 1.1809 1.8744, -0.4153 1.1809 1.8601, -0.3642 1.1809 1.8747, -0.3642 1.1813 1.8747, -0.3892 1.1809 1.8745, -0.3645 1.1813 1.9169, -0.3645 1.1809 1.9169, -0.4093 1.1809 1.9166, -0.4093 1.1813 1.9166, -0.3892 1.1809 1.9167, -0.4094 1.1813 1.9309, -0.4094 1.1809 1.9309, -0.3646 1.1809 1.9312, -0.3646 1.1813 1.9312, -0.3892 1.1809 1.9311, -0.3648 1.1813 1.9713, -0.3648 1.1809 1.9713, -0.4132 1.1809 1.971, -0.4132 1.1813 1.971, -0.3892 1.1809 1.9712, -0.4133 1.1813 1.9854, -0.4133 1.1809 1.9847, -0.4133 1.1809 1.9854, -0.3488 1.1809 1.9859, -0.3488 1.1813 1.9859, -0.3892 1.1809 1.9856, -0.3479 1.1809 1.8605, -0.3479 1.1813 1.8605, -0.3488 1.1809 1.9847, -0.3892 1.1809 1.8603, -0.5222 1.1813 1.8769, -0.5093 1.1813 1.8854, -0.509 1.1813 1.8675, -0.5012 1.1813 1.8798, -0.4947 1.1813 1.8621, -0.4908 1.1813 1.8759, -0.4734 1.1813 1.8597, -0.4734 1.1813 1.8739, -0.439 1.1813 1.8599, -0.4552 1.1813 1.8741, -0.4399 1.1813 1.9852, -0.4559 1.1813 1.9707, -0.4756 1.1813 1.985, -0.4749 1.1813 1.9706, -0.4757 1.1813 1.9706, -0.4947 1.1813 1.9827, -0.4919 1.1813 1.9684, -0.5098 1.1813 1.9771, -0.5026 1.1813 1.9643, -0.5229 1.1813 1.968, -0.511 1.1813 1.9585, -0.5273 1.1813 1.9637, -0.5145 1.1813 1.955, -0.535 1.1813 1.9527, -0.5193 1.1813 1.9479, -0.5395 1.1813 1.9407, -0.5227 1.1813 1.9387, -0.5415 1.1813 1.9234, -0.5245 1.1813 1.9231, -0.541 1.1813 1.9154, -0.5239 1.1813 1.9148, -0.5379 1.1813 1.9008, -0.5214 1.1813 1.9034, -0.5316 1.1813 1.8879, -0.5169 1.1813 1.8942, -0.5108 1.1813 1.8868, -0.4734 1.1809 1.8597, -0.439 1.1809 1.8599, -0.4947 1.1809 1.8621, -0.509 1.1809 1.8675, -0.5222 1.1809 1.8769, -0.5316 1.1809 1.8879, -0.5379 1.1809 1.9008, -0.541 1.1809 1.9154, -0.5415 1.1809 1.9234, -0.5395 1.1809 1.9407, -0.535 1.1809 1.9527, -0.5273 1.1809 1.9637, -0.5229 1.1809 1.968, -0.4756 1.1809 1.985, -0.4782 1.1809 1.9847, -0.4947 1.1809 1.9827, -0.5098 1.1809 1.9771, -0.4399 1.1809 1.9852, -0.4399 1.1809 1.9847, -0.4749 1.1809 1.9706, -0.4559 1.1809 1.9707, -0.4552 1.1809 1.8741, -0.4734 1.1809 1.8739, -0.5108 1.1809 1.8868, -0.5093 1.1809 1.8854, -0.5012 1.1809 1.8798, -0.4908 1.1809 1.8759, -0.5245 1.1809 1.9231, -0.5239 1.1809 1.9148, -0.5214 1.1809 1.9034, -0.5169 1.1809 1.8942, -0.511 1.1809 1.9585, -0.5145 1.1809 1.955, -0.5193 1.1809 1.9479, -0.5227 1.1809 1.9387, -0.4757 1.1809 1.9706, -0.4919 1.1809 1.9684, -0.5026 1.1809 1.9643
            ]
        }
        coordIndex [
            0,1,2,-1,3,4,5,-1,3,5,6,-1,6,5,7,-1,6,7,2,-1,2,7,8,-1,2,8,0,-1,9,1,10,-1,10,1,0,-1,11,12,13,-1,9,10,14,-1,9,14,13,-1,13,14,15,-1,13,15,11,-1,12,11,16,-1,12,16,17,-1,17,16,18,-1,17,18,19,-1,19,18,20,-1,19,20,21,-1,21,20,22,-1,21,22,23,-1,23,22,24,-1,23,24,25,-1,25,24,26,-1,25,26,27,-1,27,26,28,-1,27,28,29,-1,29,28,30,-1,29,30,31,-1,31,30,32,-1,31,32,33,-1,33,32,34,-1,33,34,35,-1,35,34,36,-1,35,36,37,-1,37,36,38,-1,37,38,39,-1,39,38,40,-1,39,40,41,-1,41,40,42,-1,41,42,43,-1,43,42,44,-1,43,44,45,-1,45,44,46,-1,45,46,47,-1,47,46,48,-1,47,48,49,-1,49,48,50,-1,49,50,51,-1,51,50,52,-1,51,52,53,-1,53,52,54,-1,53,54,55,-1,55,54,56,-1,55,56,57,-1,57,56,58,-1,57,58,59,-1,59,58,60,-1,59,60,61,-1,61,60,62,-1,61,62,63,-1,63,62,64,-1,63,64,65,-1,65,64,66,-1,65,66,67,-1,67,66,68,-1,67,68,69,-1,69,68,70,-1,69,70,71,-1,71,70,72,-1,71,72,73,-1,74,73,75,-1,75,73,72,-1,74,75,76,-1,74,76,77,-1,77,76,78,-1,77,78,79,-1,79,78,80,-1,79,80,81,-1,81,80,82,-1,81,82,83,-1,83,82,84,-1,83,84,85,-1,86,85,87,-1,87,85,84,-1,87,88,86,-1,86,88,89,-1,86,89,90,-1,90,89,91,-1,90,91,92,-1,92,91,93,-1,92,93,94,-1,94,93,95,-1,94,95,96,-1,96,95,97,-1,96,97,98,-1,98,97,99,-1,98,99,100,-1,101,102,103,-1,100,99,104,-1,100,104,105,-1,105,104,106,-1,105,106,103,-1,103,106,107,-1,103,107,101,-1,102,101,108,-1,102,108,109,-1,109,108,110,-1,109,110,111,-1,111,110,112,-1,111,112,113,-1,113,112,114,-1,113,114,115,-1,115,114,116,-1,115,116,117,-1,117,116,118,-1,117,118,119,-1,119,118,120,-1,119,120,121,-1,121,120,122,-1,121,122,123,-1,123,122,124,-1,123,124,125,-1,125,124,126,-1,125,126,127,-1,127,126,128,-1,127,128,129,-1,129,128,130,-1,129,130,131,-1,131,130,132,-1,131,132,133,-1,133,132,4,-1,133,4,3,-1,59,61,83,-1,83,61,81,-1,43,102,41,-1,41,102,109,-1,41,109,39,-1,12,3,13,-1,13,3,6,-1,13,6,9,-1,9,6,2,-1,9,2,1,-1,61,63,81,-1,81,63,65,-1,81,65,79,-1,79,65,67,-1,79,67,77,-1,77,67,69,-1,77,69,74,-1,74,69,71,-1,74,71,73,-1,39,109,37,-1,37,109,111,-1,37,111,35,-1,35,111,113,-1,35,113,33,-1,33,113,115,-1,33,115,31,-1,31,115,117,-1,31,117,29,-1,29,117,119,-1,29,119,27,-1,27,119,121,-1,27,121,25,-1,25,121,123,-1,25,123,23,-1,23,123,125,-1,23,125,21,-1,21,125,127,-1,21,127,19,-1,19,127,129,-1,19,129,17,-1,17,129,131,-1,17,131,12,-1,12,131,133,-1,12,133,3,-1,83,85,59,-1,59,85,86,-1,59,86,57,-1,57,86,90,-1,57,90,55,-1,55,90,92,-1,55,92,53,-1,53,92,94,-1,53,94,51,-1,51,94,96,-1,51,96,49,-1,49,96,98,-1,49,98,47,-1,47,98,100,-1,47,100,45,-1,45,100,105,-1,45,105,43,-1,43,105,103,-1,43,103,102,-1,134,135,136,-1,136,135,137,-1,138,134,139,-1,139,134,136,-1,138,139,140,-1,138,140,141,-1,141,140,142,-1,141,142,143,-1,144,143,145,-1,145,143,142,-1,146,144,147,-1,147,144,145,-1,148,149,150,-1,150,149,146,-1,150,146,147,-1,151,149,152,-1,152,149,148,-1,153,154,155,-1,155,154,151,-1,155,151,152,-1,156,154,157,-1,157,154,153,-1,156,157,158,-1,156,158,159,-1,158,160,159,-1,159,160,161,-1,159,161,162,-1,162,161,163,-1,162,163,164,-1,164,163,165,-1,164,165,166,-1,166,165,167,-1,166,167,168,-1,168,167,169,-1,168,169,170,-1,170,169,171,-1,170,171,172,-1,173,172,174,-1,174,172,171,-1,173,174,175,-1,173,175,176,-1,176,175,177,-1,176,177,178,-1,178,177,179,-1,178,179,180,-1,180,179,181,-1,180,181,182,-1,182,181,183,-1,182,183,184,-1,183,185,184,-1,184,185,186,-1,184,186,187,-1,187,186,188,-1,187,188,189,-1,189,188,190,-1,189,190,191,-1,135,191,137,-1,137,191,190,-1,141,143,191,-1,135,134,191,-1,191,134,138,-1,191,138,141,-1,149,151,146,-1,146,151,154,-1,146,154,144,-1,172,173,170,-1,170,173,176,-1,170,176,168,-1,168,176,178,-1,168,178,166,-1,166,178,180,-1,166,180,164,-1,164,180,182,-1,164,182,162,-1,143,144,191,-1,191,144,154,-1,191,154,189,-1,154,156,189,-1,189,156,159,-1,189,159,187,-1,187,159,162,-1,187,162,184,-1,184,162,182,-1,192,193,194,-1,194,193,195,-1,196,197,198,-1,198,197,192,-1,198,192,194,-1,199,197,200,-1,200,197,196,-1,201,202,203,-1,203,202,199,-1,203,199,200,-1,204,202,205,-1,205,202,201,-1,206,207,208,-1,208,207,204,-1,208,204,205,-1,209,207,210,-1,210,207,206,-1,211,212,213,-1,213,212,209,-1,213,209,210,-1,212,211,214,-1,214,211,215,-1,214,215,216,-1,217,218,219,-1,219,218,214,-1,219,214,216,-1,220,221,222,-1,222,221,218,-1,222,218,217,-1,195,193,223,-1,223,193,221,-1,223,221,220,-1,193,192,221,-1,221,192,197,-1,202,204,199,-1,199,204,207,-1,212,214,209,-1,209,214,218,-1,209,218,207,-1,207,218,221,-1,207,221,199,-1,199,221,197,-1,224,225,226,-1,226,225,227,-1,226,227,228,-1,228,227,229,-1,228,229,230,-1,230,229,231,-1,230,231,232,-1,232,231,233,-1,232,233,234,-1,234,233,235,-1,234,235,236,-1,235,237,236,-1,236,237,238,-1,236,238,239,-1,239,238,240,-1,239,240,241,-1,241,240,242,-1,241,242,243,-1,243,242,244,-1,243,244,245,-1,245,244,246,-1,245,246,247,-1,247,246,248,-1,247,248,249,-1,249,248,250,-1,249,250,251,-1,251,250,252,-1,251,252,253,-1,253,252,254,-1,253,254,255,-1,255,254,256,-1,255,256,257,-1,257,256,258,-1,257,258,224,-1,224,258,259,-1,224,259,225,-1,230,232,260,-1,260,232,261,-1,230,260,262,-1,230,262,228,-1,228,262,263,-1,228,263,226,-1,226,263,264,-1,226,264,224,-1,224,264,265,-1,224,265,257,-1,257,265,266,-1,257,266,255,-1,255,266,267,-1,255,267,253,-1,253,267,268,-1,253,268,251,-1,251,268,269,-1,251,269,249,-1,249,269,270,-1,249,270,247,-1,247,270,271,-1,247,271,245,-1,245,271,272,-1,245,272,243,-1,273,236,274,-1,274,236,239,-1,274,239,275,-1,275,239,241,-1,275,241,276,-1,276,241,243,-1,276,243,272,-1,234,236,277,-1,277,236,273,-1,261,232,278,-1,278,232,234,-1,278,234,277,-1,237,235,279,-1,279,235,280,-1,235,233,280,-1,280,233,281,-1,233,231,281,-1,281,231,282,-1,259,283,284,-1,259,284,225,-1,225,284,285,-1,225,285,227,-1,227,285,286,-1,227,286,229,-1,229,286,282,-1,229,282,231,-1,252,287,288,-1,252,288,254,-1,254,288,289,-1,254,289,256,-1,256,289,290,-1,256,290,258,-1,258,290,283,-1,258,283,259,-1,244,291,292,-1,244,292,246,-1,246,292,293,-1,246,293,248,-1,248,293,294,-1,248,294,250,-1,250,294,287,-1,250,287,252,-1,237,279,295,-1,237,295,238,-1,238,295,296,-1,238,296,240,-1,240,296,297,-1,240,297,242,-1,242,297,291,-1,242,291,244,-1,
        ]
    }
}
Shape{
    appearance Appearance {
        material  Material 	{
            diffuseColor 0.8117647058823529 0.0 0.0
            specularColor 0.403921568627451 0.0 0.0
            ambientIntensity 0.2427
            transparency 0.0
            shininess 0.5
        }
    }
    geometry IndexedFaceSet {
        ccw TRUE
        solid FALSE
        coord DEF co Coordinate {
            point [
                -0.5012 1.1809 1.8798, -0.5093 1.1809 1.8854, -0.4757 1.1809 1.9706, -0.4559 1.1809 1.9707, -0.4552 1.1809 1.8741, -0.4749 1.1809 1.9706, -0.4734 1.1809 1.8739, -0.4908 1.1809 1.8759, -0.5108 1.1809 1.8868, -0.5169 1.1809 1.8942, -0.5214 1.1809 1.9034, -0.5245 1.1809 1.9231, -0.511 1.1809 1.9585, -0.5026 1.1809 1.9643, -0.5227 1.1809 1.9387, -0.5193 1.1809 1.9479, -0.5145 1.1809 1.955, -0.5239 1.1809 1.9148, -0.4919 1.1809 1.9684
            ]
        }
        coordIndex [
            0,1,2,-1,3,4,5,-1,5,4,6,-1,5,6,2,-1,2,6,7,-1,2,7,0,-1,1,8,2,-1,2,8,9,-1,2,9,10,-1,11,12,13,-1,14,15,11,-1,11,15,16,-1,11,16,12,-1,10,17,2,-1,2,17,11,-1,2,11,18,-1,18,11,13,-1,
        ]
    }
}
Shape{
    appearance Appearance {
        material  Material 	{
            diffuseColor 0.0 0.0 0.0
            specularColor 0.0 0.0 0.0
            ambientIntensity 0.0
            transparency 0.0
            shininess 0.5
        }
    }
    geometry IndexedFaceSet {
        ccw TRUE
        solid FALSE
        coord DEF co Coordinate {
            point [
                -0.5834 1.1813 1.9073, -0.6025 1.1813 1.9593, -0.5966 1.1813 1.9841, -0.548 1.1813 1.8591, -0.5658 1.1813 1.859, -0.5781 1.1813 1.8932, -0.6036 1.1813 1.963, -0.6046 1.1813 1.968, -0.6139 1.1813 1.984, -0.605 1.1813 1.968, -0.6059 1.1813 1.9627, -0.6069 1.1813 1.9592, -0.6254 1.1813 1.907, -0.6607 1.1813 1.8583, -0.6429 1.1813 1.8585, -0.6303 1.1813 1.8928, -0.6139 1.1809 1.984, -0.6607 1.1809 1.8583, -0.5966 1.1809 1.9841, -0.548 1.1809 1.8591, -0.5658 1.1809 1.859, -0.5781 1.1809 1.8932, -0.6303 1.1809 1.8928, -0.6429 1.1809 1.8585, -0.5834 1.1809 1.9073, -0.6254 1.1809 1.907, -0.6069 1.1809 1.9592, -0.605 1.1809 1.968, -0.6059 1.1809 1.9627, -0.6046 1.1809 1.968, -0.6025 1.1809 1.9593, -0.6036 1.1809 1.963
            ]
        }
        coordIndex [
            0,1,2,-1,3,4,5,-1,1,6,2,-1,2,6,7,-1,2,7,8,-1,8,7,9,-1,8,9,10,-1,10,11,8,-1,8,11,12,-1,8,12,13,-1,14,13,15,-1,15,13,12,-1,15,12,5,-1,5,12,0,-1,5,0,3,-1,3,0,2,-1,8,13,16,-1,16,13,17,-1,2,8,18,-1,18,8,16,-1,3,2,19,-1,19,2,18,-1,4,3,20,-1,20,3,19,-1,5,4,21,-1,21,4,20,-1,15,5,22,-1,22,5,21,-1,14,15,23,-1,23,15,22,-1,13,14,17,-1,17,14,23,-1,0,12,24,-1,24,12,25,-1,12,11,25,-1,25,11,26,-1,9,27,28,-1,9,28,10,-1,10,28,26,-1,10,26,11,-1,9,7,27,-1,27,7,29,-1,1,30,31,-1,1,31,6,-1,6,31,29,-1,6,29,7,-1,1,0,30,-1,30,0,24,-1,
        ]
    }
}
Shape{
    appearance Appearance {
        material  Material 	{
            diffuseColor 0.8117647058823529 0.0 0.0
            specularColor 0.403921568627451 0.0 0.0
            ambientIntensity 0.2427
            transparency 0.0
            shininess 0.5
        }
    }
    geometry IndexedFaceSet {
        ccw TRUE
        solid FALSE
        coord DEF co Coordinate {
            point [
                -0.605 1.1809 1.968, -0.6046 1.1809 1.968, -0.6059 1.1809 1.9627, -0.6036 1.1809 1.963, -0.6069 1.1809 1.9592, -0.6025 1.1809 1.9593, -0.6254 1.1809 1.907, -0.5834 1.1809 1.9073
            ]
        }
        coordIndex [
            0,1,2,-1,2,1,3,-1,2,3,4,-1,4,3,5,-1,4,5,6,-1,6,5,7,-1,
        ]
    }
}
Shape{
    appearance Appearance {
        material  Material 	{
            diffuseColor 0.0 0.0 0.0
            specularColor 0.0 0.0 0.0
            ambientIntensity 0.0
            transparency 0.0
            shininess 0.5
        }
    }
    geometry IndexedFaceSet {
        ccw TRUE
        solid FALSE
        coord DEF co Coordinate {
            point [
                0.5529 1.1813 1.8492, 0.5397 1.1813 1.8327, 0.5604 1.1813 1.928, 0.2624 1.1813 1.9696, 0.2897 1.1813 2.017, 0.4096 1.1813 1.9555, 0.4712 1.1813 1.9295, 0.4628 1.1813 1.9267, 0.5748 1.1813 2.083, 0.5548 1.1813 2.0934, 0.5592 1.1813 2.1483, 0.5035 1.1813 2.1504, 0.4764 1.1813 2.0852, 0.4626 1.1813 2.1133, 0.5797 1.1813 1.9401, 0.5729 1.1813 1.8718, 0.5617 1.1813 1.8683, 0.524 1.1813 2.1524, 0.4555 1.1813 1.9221, 0.4496 1.1813 1.9158, 0.3876 1.1813 1.9045, 0.4456 1.1813 1.9086, 0.4433 1.1813 1.9004, 0.3877 1.1813 1.8956, 0.4432 1.1813 1.8918, 0.3883 1.1813 1.8863, 0.4861 1.1813 1.9291, 0.4975 1.1813 1.9838, 0.4939 1.1813 1.9261, 0.5172 1.1813 1.9764, 0.501 1.1813 1.9212, 0.5355 1.1813 1.9639, 0.5047 1.1813 1.9173, 0.5504 1.1813 1.9471, 0.5093 1.1813 1.9099, 0.5119 1.1813 1.9015, 0.5124 1.1813 1.8929, 0.4439 1.1813 1.98, 0.4654 1.1813 1.9855, 0.4762 1.1813 1.9863, 0.2324 1.1813 2.0576, 0.2253 1.1813 2.0576, 0.1884 1.1813 2.1054, 0.2083 1.1813 2.0553, 0.184 1.1813 2.1039, 0.1928 1.1813 2.0492, 0.1576 1.1813 2.0906, 0.1336 1.1813 2.0699, 0.4851 1.1813 2.1716, 0.4424 1.1813 2.137, 0.464 1.1813 2.1894, 0.4184 1.1813 2.1543, 0.4395 1.1813 2.204, 0.5328 1.1813 2.0985, 0.5235 1.1813 2.0989, 0.5138 1.1813 2.1517, 0.5026 1.1813 2.0961, 0.4827 1.1813 2.0887, 0.1346 1.1813 1.9036, 0.1758 1.1813 1.9393, 0.159 1.1813 1.8833, 0.1891 1.1813 1.9286, 0.1862 1.1813 1.8702, 0.2049 1.1813 1.9215, 0.2159 1.1813 1.8641, 0.2209 1.1813 1.9185, 0.2685 1.1813 1.8645, 0.261 1.1813 1.9188, 0.2735 1.1813 1.8653, 0.4775 1.1813 1.9301, 0.425 1.1813 1.9698, 0.1791 1.1813 2.0395, 0.1689 1.1813 2.028, 0.1156 1.1813 2.0445, 0.1607 1.1813 2.0125, 0.1049 1.1813 2.0172, 0.1566 1.1813 1.9954, 0.101 1.1813 1.9881, 0.1562 1.1813 1.9876, 0.1053 1.1813 1.9563, 0.1585 1.1813 1.9702, 0.1167 1.1813 1.9281, 0.1648 1.1813 1.9544, 0.1747 1.1813 1.9405, 0.236 1.1813 2.1762, 0.2712 1.1813 2.1354, 0.206 1.1813 2.1406, 0.2512 1.1813 2.1113, 0.2377 1.1813 2.0825, 0.6104 1.1813 2.032, 0.6691 1.1813 2.0176, 0.6133 1.1813 2.0104, 0.6694 1.1813 2.009, 0.6123 1.1813 1.9966, 0.6653 1.1813 1.9741, 0.606 1.1813 1.9748, 0.6528 1.1813 1.9408, 0.5956 1.1813 1.9567, 0.6327 1.1813 1.9116, 0.605 1.1813 1.8877, 0.5107 1.1813 1.8845, 0.5072 1.1813 1.877, 0.3981 1.1813 2.2189, 0.3892 1.1813 2.1659, 0.3569 1.1813 2.2234, 0.3564 1.1813 2.1699, 0.3158 1.1813 2.2182, 0.3262 1.1813 2.166, 0.2716 1.1813 2.201, 0.2983 1.1813 2.155, 0.2734 1.1813 2.1375, 0.5923 1.1813 2.1357, 0.6207 1.1813 2.116, 0.5902 1.1813 2.0694, 0.6268 1.1813 2.1103, 0.6027 1.1813 2.0518, 0.6484 1.1813 2.083, 0.6629 1.1813 2.051, 0.3936 1.1813 1.8644, 0.4452 1.1813 1.8832, 0.4043 1.1813 1.8446, 0.4492 1.1813 1.8755, 0.4181 1.1813 1.8294, 0.4546 1.1813 1.8694, 0.4359 1.1813 1.8171, 0.4615 1.1813 1.8646, 0.4559 1.1813 1.8097, 0.4692 1.1813 1.8617, 0.4775 1.1813 1.8071, 0.478 1.1813 1.8606, 0.4809 1.1813 1.8072, 0.4795 1.1813 1.8607, 0.5019 1.1813 1.8107, 0.4875 1.1813 1.862, 0.5224 1.1813 1.8194, 0.4955 1.1813 1.8655, 0.5023 1.1813 1.8708, 0.2655 1.1813 1.9196, 0.2872 1.1813 1.874, 0.2852 1.1813 1.8718, 0.2628 1.1813 1.919, 0.2794 1.1813 1.8677, 0.2942 1.1813 1.8923, 0.2934 1.1813 1.8856, 0.2911 1.1813 1.8796, 0.2733 1.1813 1.9189, 0.2794 1.1813 1.9165, 0.2939 1.1813 1.8958, 0.2849 1.1813 1.9127, 0.2886 1.1813 1.9086, 0.2921 1.1813 1.9026, 0.2663 1.1813 1.9197, 0.101 1.1809 1.9881, 0.1049 1.1809 2.0172, 0.1259 1.1809 2.0591, 0.1073 1.1809 2.0233, 0.1156 1.1809 2.0445, 0.1336 1.1809 2.0699, 0.1576 1.1809 2.0906, 0.184 1.1809 2.1039, 0.1884 1.1809 2.1054, 0.206 1.1809 2.1406, 0.236 1.1809 2.1762, 0.3569 1.1809 2.2234, 0.2508 1.1809 2.1865, 0.2716 1.1809 2.201, 0.2842 1.1809 2.206, 0.3158 1.1809 2.2182, 0.464 1.1809 2.1894, 0.3981 1.1809 2.2189, 0.4342 1.1809 2.206, 0.4395 1.1809 2.204, 0.5035 1.1809 2.1504, 0.4674 1.1809 2.1865, 0.4851 1.1809 2.1716, 0.5138 1.1809 2.1517, 0.524 1.1809 2.1524, 0.5592 1.1809 2.1483, 0.5923 1.1809 2.1357, 0.6207 1.1809 2.116, 0.6268 1.1809 2.1103, 0.6694 1.1809 2.009, 0.6484 1.1809 2.083, 0.6592 1.1809 2.0591, 0.6629 1.1809 2.051, 0.668 1.1809 2.0233, 0.6691 1.1809 2.0176, 0.6666 1.1809 1.9847, 0.6669 1.1809 1.9871, 0.6653 1.1809 1.9741, 0.6528 1.1809 1.9408, 0.6327 1.1809 1.9116, 0.605 1.1809 1.8877, 0.5729 1.1809 1.8718, 0.5617 1.1809 1.8683, 0.5529 1.1809 1.8492, 0.5397 1.1809 1.8327, 0.5224 1.1809 1.8194, 0.5019 1.1809 1.8107, 0.4809 1.1809 1.8072, 0.4775 1.1809 1.8071, 0.4559 1.1809 1.8097, 0.4359 1.1809 1.8171, 0.4181 1.1809 1.8294, 0.4043 1.1809 1.8446, 0.3936 1.1809 1.8644, 0.3883 1.1809 1.8863, 0.3877 1.1809 1.8956, 0.3876 1.1809 1.9045, 0.2624 1.1809 1.9696, 0.2711 1.1809 1.9847, 0.2725 1.1809 1.9871, 0.2897 1.1809 2.017, 0.3527 1.1809 1.9847, 0.4096 1.1809 1.9555, 0.348 1.1809 1.9871, 0.4762 1.1809 1.9863, 0.425 1.1809 1.9698, 0.4439 1.1809 1.98, 0.462 1.1809 1.9847, 0.4654 1.1809 1.9855, 0.4898 1.1809 1.9847, 0.4975 1.1809 1.9838, 0.5172 1.1809 1.9764, 0.5355 1.1809 1.9639, 0.5504 1.1809 1.9471, 0.5604 1.1809 1.928, 0.6096 1.1809 1.9871, 0.6089 1.1809 1.9847, 0.606 1.1809 1.9748, 0.5956 1.1809 1.9567, 0.5797 1.1809 1.9401, 0.6123 1.1809 1.9966, 0.6133 1.1809 2.0104, 0.6116 1.1809 2.0233, 0.6104 1.1809 2.032, 0.6027 1.1809 2.0518, 0.5975 1.1809 2.0591, 0.5902 1.1809 2.0694, 0.5748 1.1809 2.083, 0.5548 1.1809 2.0934, 0.5328 1.1809 2.0985, 0.5235 1.1809 2.0989, 0.5026 1.1809 2.0961, 0.4827 1.1809 2.0887, 0.4764 1.1809 2.0852, 0.4626 1.1809 2.1133, 0.4424 1.1809 2.137, 0.4184 1.1809 2.1543, 0.3892 1.1809 2.1659, 0.3564 1.1809 2.1699, 0.2324 1.1809 2.0576, 0.2327 1.1809 2.0591, 0.2377 1.1809 2.0825, 0.2512 1.1809 2.1113, 0.2712 1.1809 2.1354, 0.2734 1.1809 2.1375, 0.2983 1.1809 2.155, 0.3262 1.1809 2.166, 0.2253 1.1809 2.0576, 0.2083 1.1809 2.0553, 0.1928 1.1809 2.0492, 0.1791 1.1809 2.0395, 0.1689 1.1809 2.028, 0.1664 1.1809 2.0233, 0.1607 1.1809 2.0125, 0.1566 1.1809 1.9954, 0.1562 1.1809 1.9876, 0.1563 1.1809 1.9871, 0.1566 1.1809 1.9847, 0.1585 1.1809 1.9702, 0.1648 1.1809 1.9544, 0.1747 1.1809 1.9405, 0.1758 1.1809 1.9393, 0.1891 1.1809 1.9286, 0.2049 1.1809 1.9215, 0.2209 1.1809 1.9185, 0.261 1.1809 1.9188, 0.2628 1.1809 1.919, 0.2655 1.1809 1.9196, 0.2663 1.1809 1.9197, 0.2733 1.1809 1.9189, 0.2794 1.1809 1.9165, 0.2849 1.1809 1.9127, 0.2886 1.1809 1.9086, 0.2921 1.1809 1.9026, 0.2939 1.1809 1.8958, 0.2942 1.1809 1.8923, 0.2934 1.1809 1.8856, 0.2911 1.1809 1.8796, 0.2872 1.1809 1.874, 0.2852 1.1809 1.8718, 0.2794 1.1809 1.8677, 0.2735 1.1809 1.8653, 0.2685 1.1809 1.8645, 0.2159 1.1809 1.8641, 0.1862 1.1809 1.8702, 0.159 1.1809 1.8833, 0.1346 1.1809 1.9036, 0.1167 1.1809 1.9281, 0.1053 1.1809 1.9563, 0.1014 1.1809 1.9847, 0.1011 1.1809 1.9871, 0.4775 1.1809 1.9301, 0.4712 1.1809 1.9295, 0.4628 1.1809 1.9267, 0.4555 1.1809 1.9221, 0.4496 1.1809 1.9158, 0.4456 1.1809 1.9086, 0.4433 1.1809 1.9004, 0.4432 1.1809 1.8918, 0.4452 1.1809 1.8832, 0.4492 1.1809 1.8755, 0.4546 1.1809 1.8694, 0.4615 1.1809 1.8646, 0.4692 1.1809 1.8617, 0.478 1.1809 1.8606, 0.4795 1.1809 1.8607, 0.4875 1.1809 1.862, 0.4955 1.1809 1.8655, 0.5023 1.1809 1.8708, 0.5072 1.1809 1.877, 0.5107 1.1809 1.8845, 0.5124 1.1809 1.8929, 0.5119 1.1809 1.9015, 0.5093 1.1809 1.9099, 0.5047 1.1809 1.9173, 0.501 1.1809 1.9212, 0.4939 1.1809 1.9261, 0.4861 1.1809 1.9291
            ]
        }
        coordIndex [
            0,1,2,-1,3,4,5,-1,6,7,3,-1,8,9,10,-1,11,12,13,-1,14,15,2,-1,2,15,16,-1,2,16,0,-1,10,9,17,-1,7,18,3,-1,3,18,19,-1,3,19,20,-1,19,21,20,-1,20,21,22,-1,20,22,23,-1,23,22,24,-1,23,24,25,-1,26,27,28,-1,28,27,29,-1,28,29,30,-1,30,29,31,-1,30,31,32,-1,32,31,33,-1,32,33,34,-1,34,33,2,-1,34,2,35,-1,35,2,36,-1,37,38,26,-1,26,38,39,-1,26,39,27,-1,40,41,42,-1,42,41,43,-1,42,43,44,-1,44,43,45,-1,44,45,46,-1,46,45,47,-1,11,13,48,-1,48,13,49,-1,48,49,50,-1,50,49,51,-1,50,51,52,-1,9,53,17,-1,17,53,54,-1,17,54,55,-1,55,54,56,-1,55,56,11,-1,11,56,57,-1,11,57,12,-1,58,59,60,-1,60,59,61,-1,60,61,62,-1,62,61,63,-1,62,63,64,-1,64,63,65,-1,64,65,66,-1,66,65,67,-1,66,67,68,-1,6,3,69,-1,69,3,5,-1,69,5,26,-1,26,5,70,-1,26,70,37,-1,45,71,47,-1,47,71,72,-1,47,72,73,-1,73,72,74,-1,73,74,75,-1,75,74,76,-1,75,76,77,-1,77,76,78,-1,77,78,79,-1,79,78,80,-1,79,80,81,-1,81,80,82,-1,81,82,58,-1,58,82,83,-1,58,83,59,-1,84,85,86,-1,86,85,87,-1,86,87,42,-1,42,87,88,-1,42,88,40,-1,89,90,91,-1,91,90,92,-1,91,92,93,-1,93,92,94,-1,93,94,95,-1,95,94,96,-1,95,96,97,-1,97,96,98,-1,97,98,14,-1,14,98,99,-1,14,99,15,-1,36,2,100,-1,100,2,1,-1,100,1,101,-1,52,51,102,-1,102,51,103,-1,102,103,104,-1,104,103,105,-1,104,105,106,-1,106,105,107,-1,106,107,108,-1,108,107,109,-1,108,109,84,-1,84,109,110,-1,84,110,85,-1,10,111,8,-1,8,111,112,-1,8,112,113,-1,113,112,114,-1,113,114,115,-1,115,114,116,-1,115,116,89,-1,89,116,117,-1,89,117,90,-1,25,24,118,-1,118,24,119,-1,118,119,120,-1,120,119,121,-1,120,121,122,-1,122,121,123,-1,122,123,124,-1,124,123,125,-1,124,125,126,-1,126,125,127,-1,126,127,128,-1,128,127,129,-1,128,129,130,-1,130,129,131,-1,130,131,132,-1,132,131,133,-1,132,133,134,-1,134,133,135,-1,134,135,1,-1,1,135,136,-1,1,136,101,-1,137,138,139,-1,67,140,68,-1,68,140,137,-1,68,137,141,-1,141,137,139,-1,142,143,137,-1,137,143,144,-1,137,144,138,-1,145,146,147,-1,146,148,147,-1,147,148,149,-1,147,149,150,-1,142,137,147,-1,147,137,151,-1,147,151,145,-1,77,152,153,-1,154,47,73,-1,77,153,75,-1,75,153,155,-1,75,155,73,-1,73,155,156,-1,73,156,154,-1,154,157,47,-1,47,157,158,-1,47,158,46,-1,46,158,159,-1,46,159,44,-1,44,159,160,-1,44,160,42,-1,42,160,161,-1,42,161,86,-1,86,161,162,-1,86,162,84,-1,163,104,106,-1,84,162,164,-1,84,164,108,-1,164,165,108,-1,108,165,166,-1,108,166,106,-1,106,166,167,-1,106,167,163,-1,168,50,52,-1,104,163,169,-1,104,169,102,-1,102,169,170,-1,102,170,52,-1,52,170,171,-1,52,171,168,-1,172,11,48,-1,50,168,173,-1,50,173,48,-1,48,173,174,-1,48,174,172,-1,11,172,175,-1,11,175,55,-1,55,175,176,-1,55,176,17,-1,17,176,177,-1,17,177,10,-1,10,177,178,-1,10,178,111,-1,111,178,179,-1,111,179,112,-1,112,179,180,-1,112,180,114,-1,181,92,90,-1,114,180,182,-1,114,182,116,-1,116,182,183,-1,116,183,117,-1,183,184,117,-1,117,184,185,-1,117,185,90,-1,90,185,186,-1,90,186,181,-1,187,94,188,-1,188,94,92,-1,188,92,181,-1,187,189,94,-1,94,189,190,-1,94,190,96,-1,96,190,191,-1,96,191,98,-1,98,191,192,-1,98,192,99,-1,99,192,193,-1,99,193,15,-1,15,193,194,-1,15,194,16,-1,16,194,195,-1,16,195,0,-1,0,195,196,-1,0,196,1,-1,1,196,197,-1,1,197,134,-1,134,197,198,-1,134,198,132,-1,132,198,199,-1,132,199,130,-1,130,199,200,-1,130,200,128,-1,128,200,201,-1,128,201,126,-1,126,201,202,-1,126,202,124,-1,124,202,203,-1,124,203,122,-1,122,203,204,-1,122,204,120,-1,120,204,205,-1,120,205,118,-1,118,205,206,-1,118,206,25,-1,25,206,207,-1,25,207,23,-1,20,23,208,-1,208,23,207,-1,3,20,209,-1,209,20,208,-1,209,210,3,-1,3,210,211,-1,3,211,4,-1,4,211,212,-1,213,214,5,-1,213,5,215,-1,215,5,4,-1,215,4,212,-1,216,39,38,-1,5,214,217,-1,5,217,70,-1,70,217,218,-1,70,218,37,-1,37,218,219,-1,37,219,38,-1,38,219,220,-1,38,220,216,-1,27,39,221,-1,221,39,216,-1,221,222,27,-1,27,222,223,-1,27,223,29,-1,29,223,224,-1,29,224,31,-1,31,224,225,-1,31,225,33,-1,33,225,226,-1,33,226,2,-1,227,93,228,-1,228,93,95,-1,228,95,229,-1,229,95,97,-1,229,97,230,-1,230,97,14,-1,230,14,231,-1,231,14,2,-1,231,2,226,-1,227,232,93,-1,93,232,233,-1,93,233,91,-1,89,91,234,-1,234,91,233,-1,234,235,89,-1,89,235,236,-1,89,236,115,-1,115,236,237,-1,115,237,113,-1,237,238,113,-1,113,238,239,-1,113,239,8,-1,8,239,240,-1,8,240,9,-1,9,240,241,-1,9,241,53,-1,53,241,242,-1,53,242,54,-1,54,242,243,-1,54,243,56,-1,56,243,244,-1,56,244,57,-1,57,244,245,-1,57,245,12,-1,12,245,246,-1,12,246,13,-1,13,246,247,-1,13,247,49,-1,49,247,248,-1,49,248,51,-1,51,248,249,-1,51,249,103,-1,103,249,250,-1,103,250,105,-1,251,40,252,-1,252,40,88,-1,252,88,253,-1,253,88,87,-1,253,87,254,-1,254,87,85,-1,254,85,255,-1,255,85,110,-1,255,110,256,-1,256,110,109,-1,256,109,257,-1,257,109,107,-1,257,107,258,-1,258,107,105,-1,258,105,250,-1,41,40,259,-1,259,40,251,-1,41,259,260,-1,41,260,43,-1,43,260,261,-1,43,261,45,-1,45,261,262,-1,45,262,71,-1,71,262,263,-1,71,263,72,-1,72,263,264,-1,72,264,74,-1,264,265,74,-1,74,265,266,-1,74,266,76,-1,76,266,267,-1,76,267,78,-1,267,268,78,-1,78,268,269,-1,78,269,80,-1,269,270,80,-1,80,270,271,-1,80,271,82,-1,82,271,272,-1,82,272,83,-1,83,272,273,-1,83,273,59,-1,59,273,274,-1,59,274,61,-1,61,274,275,-1,61,275,63,-1,63,275,276,-1,63,276,65,-1,67,65,277,-1,277,65,276,-1,67,277,278,-1,67,278,140,-1,140,278,279,-1,140,279,137,-1,137,279,280,-1,137,280,151,-1,151,280,281,-1,151,281,145,-1,145,281,282,-1,145,282,146,-1,146,282,283,-1,146,283,148,-1,148,283,284,-1,148,284,149,-1,149,284,285,-1,149,285,150,-1,150,285,286,-1,150,286,147,-1,147,286,287,-1,147,287,142,-1,142,287,288,-1,142,288,143,-1,143,288,289,-1,143,289,144,-1,144,289,290,-1,144,290,138,-1,138,290,291,-1,138,291,139,-1,139,291,292,-1,139,292,141,-1,141,292,293,-1,141,293,68,-1,68,293,294,-1,68,294,66,-1,64,66,295,-1,295,66,294,-1,64,295,296,-1,64,296,62,-1,62,296,297,-1,62,297,60,-1,60,297,298,-1,60,298,58,-1,58,298,299,-1,58,299,81,-1,81,299,300,-1,81,300,79,-1,79,300,301,-1,79,301,77,-1,77,301,302,-1,77,302,152,-1,69,303,304,-1,69,304,6,-1,6,304,305,-1,6,305,7,-1,7,305,306,-1,7,306,18,-1,18,306,307,-1,18,307,19,-1,19,307,308,-1,19,308,21,-1,21,308,309,-1,21,309,22,-1,22,309,310,-1,22,310,24,-1,24,310,311,-1,24,311,119,-1,119,311,312,-1,119,312,121,-1,121,312,313,-1,121,313,123,-1,123,313,314,-1,123,314,125,-1,125,314,315,-1,125,315,127,-1,127,315,316,-1,127,316,129,-1,129,316,317,-1,129,317,131,-1,131,317,318,-1,131,318,133,-1,133,318,319,-1,133,319,135,-1,135,319,320,-1,135,320,136,-1,136,320,321,-1,136,321,101,-1,101,321,322,-1,101,322,100,-1,100,322,323,-1,100,323,36,-1,36,323,324,-1,36,324,35,-1,35,324,325,-1,35,325,34,-1,34,325,326,-1,34,326,32,-1,32,326,327,-1,32,327,30,-1,30,327,328,-1,30,328,28,-1,28,328,329,-1,28,329,26,-1,26,329,303,-1,26,303,69,-1,
        ]
    }
}
Shape{
    appearance Appearance {
        material  Material 	{
            diffuseColor 0.8117647058823529 0.0 0.0
            specularColor 0.403921568627451 0.0 0.0
            ambientIntensity 0.2427
            transparency 0.0
            shininess 0.5
        }
    }
    geometry IndexedFaceSet {
        ccw TRUE
        solid FALSE
        coord DEF co Coordinate {
            point [
                0.4795 1.1809 1.8607, 0.501 1.1809 1.9212, 0.5047 1.1809 1.9173, 0.4692 1.1809 1.8617, 0.4615 1.1809 1.8646, 0.4712 1.1809 1.9295, 0.4775 1.1809 1.9301, 0.4861 1.1809 1.9291, 0.4939 1.1809 1.9261, 0.5107 1.1809 1.8845, 0.5072 1.1809 1.877, 0.5023 1.1809 1.8708, 0.478 1.1809 1.8606, 0.4456 1.1809 1.9086, 0.4496 1.1809 1.9158, 0.4492 1.1809 1.8755, 0.4555 1.1809 1.9221, 0.5093 1.1809 1.9099, 0.5119 1.1809 1.9015, 0.5124 1.1809 1.8929, 0.4955 1.1809 1.8655, 0.4875 1.1809 1.862, 0.4546 1.1809 1.8694, 0.4628 1.1809 1.9267, 0.4452 1.1809 1.8832, 0.4432 1.1809 1.8918, 0.4433 1.1809 1.9004
            ]
        }
        coordIndex [
            0,1,2,-1,3,4,5,-1,6,7,0,-1,0,7,8,-1,0,8,1,-1,9,10,2,-1,2,10,11,-1,6,0,5,-1,5,0,12,-1,5,12,3,-1,13,14,15,-1,15,14,16,-1,17,18,2,-1,2,18,19,-1,2,19,9,-1,11,20,2,-1,2,20,21,-1,2,21,0,-1,4,22,5,-1,5,22,15,-1,5,15,23,-1,23,15,16,-1,24,25,15,-1,15,25,26,-1,15,26,13,-1,
        ]
    }
}