#VRML V2.0 utf8
# 3D model generated by easyeda2kicad.py (https://github.com/uPesy/easyeda2kicad.py)

Shape{
    appearance Appearance {
        material  Material 	{
            diffuseColor 0.25098039215686274 0.25098039215686274 0.25098039215686274
            specularColor 0.12549019607843137 0.12549019607843137 0.12549019607843137
            ambientIntensity 0.251
            transparency 0.0
            shininess 0.5
        }
    }
    geometry IndexedFaceSet {
        ccw TRUE
        solid FALSE
        coord DEF co Coordinate {
            point [
                2.1989 -2.7661 2.6286, 2.2007 -2.7661 2.6455, 1.9973 -2.7661 2.6455, -1.9023 -2.7661 2.4294, -1.905 -2.7661 2.4294, -1.9037 -2.7661 2.4198, -0.7983 -2.7661 2.6455, -0.8528 -2.7661 2.5607, -0.7699 -2.7661 2.4294, -0.8971 -2.7661 2.5095, -0.9458 -2.7661 2.4294, -0.8299 -2.7661 2.4294, -1.0047 -2.7661 2.4294, -0.9187 -2.7661 2.56, -0.9714 -2.7661 2.6455, -0.4623 -2.7661 2.6455, -0.5167 -2.7661 2.5607, -0.4338 -2.7661 2.4294, -0.561 -2.7661 2.5095, -0.6097 -2.7661 2.4294, -0.4938 -2.7661 2.4294, -0.1262 -2.7661 2.6455, -0.1806 -2.7661 2.5607, -0.0977 -2.7661 2.4294, -0.2249 -2.7661 2.5095, -0.2736 -2.7661 2.4294, -0.1577 -2.7661 2.4294, 1.5018 -2.7661 2.4294, 1.499 -2.7661 2.4294, 1.5004 -2.7661 2.4198, 1.1019 -2.7661 2.4294, 1.1534 -2.7661 2.6455, 1.1019 -2.7661 2.6455, 1.1211 -2.7661 2.7559, 1.4977 -2.7661 2.4387, 1.5032 -2.7661 2.4392, 1.4936 -2.7661 2.4573, 1.5079 -2.7661 2.4583, 1.4404 -2.7661 2.6455, 1.5575 -2.7661 2.6455, 1.4092 -2.7661 2.7559, 1.1019 -2.7661 4.6457, 1.1787 -2.7661 2.7559, 1.5868 -2.7661 2.7559, 1.6684 -2.7661 4.6457, 1.6396 -2.7661 2.7559, 1.6684 -2.7661 2.6455, 1.3611 -2.7661 2.7559, 1.3285 -2.7661 2.6455, 1.2086 -2.7661 2.6455, 1.2738 -2.7661 2.46, 1.2588 -2.7661 2.46, 1.2685 -2.7661 2.4401, 1.263 -2.7661 2.4401, 1.2667 -2.7661 2.4294, 1.2641 -2.7661 2.4294, 1.2651 -2.7661 2.4198, 1.3126 -2.7661 2.4294, 1.2939 -2.7661 2.3622, 1.4716 -2.7661 2.3622, 1.548 -2.7661 2.4294, 1.5292 -2.7661 2.3622, 1.6684 -2.7661 1.9266, 1.1019 -2.7661 1.9266, 1.2363 -2.7661 2.3622, 1.2166 -2.7661 2.4294, 1.3852 -2.7661 2.6887, 1.3804 -2.7661 2.6887, 1.3872 -2.7661 2.668, 1.3779 -2.7661 2.6683, 1.3915 -2.7661 2.6477, 1.4527 -2.7661 2.4294, 1.3922 -2.7661 2.6455, 1.3725 -2.7661 2.6455, 1.3733 -2.7661 2.6483, 1.0791 -2.7661 2.4447, 1.0733 -2.7661 2.4294, 1.0703 -2.7661 2.4217, 1.0557 -2.7661 2.4007, 1.0337 -2.7661 2.3818, 0.8138 -2.7661 1.9266, 0.896 -2.7661 2.3617, 0.8621 -2.7661 2.3726, 1.0071 -2.7661 2.3681, 0.9693 -2.7661 2.359, 0.9425 -2.7661 2.3574, 1.0577 -2.7661 2.538, 1.07 -2.7661 2.5224, 1.0658 -2.7661 2.6425, 1.059 -2.7661 2.6221, 1.0786 -2.7661 2.5035, 1.0824 -2.7661 2.483, 1.0827 -2.7661 2.4751, 1.039 -2.7661 2.5526, 1.0484 -2.7661 2.6052, 0.9879 -2.7661 2.5695, 0.9879 -2.7661 2.5685, 0.9966 -2.7661 2.5721, 1.0169 -2.7661 2.5625, 1.0252 -2.7661 2.5851, 1.042 -2.7661 2.5981, 0.8666 -2.7661 2.6875, 0.8138 -2.7661 2.6455, 1.0144 -2.7661 2.6455, 0.9886 -2.7661 2.7577, 1.014 -2.7661 2.7497, 1.0598 -2.7661 2.7068, 1.0662 -2.7661 2.6882, 1.0683 -2.7661 2.6675, 1.0661 -2.7661 2.6455, 1.0154 -2.7661 2.6535, 1.0155 -2.7661 2.6552, 0.8885 -2.7661 2.7026, 0.9162 -2.7661 2.714, 1.0337 -2.7661 2.738, 1.0495 -2.7661 2.7227, 0.99 -2.7661 2.7073, 0.9761 -2.7661 2.7133, 1.0141 -2.7661 2.6714, 0.9533 -2.7661 2.7172, 0.9438 -2.7661 2.7175, 0.9971 -2.7661 2.7023, 1.0103 -2.7661 2.6841, 1.0048 -2.7661 2.694, 0.8666 -2.7661 2.7307, 0.897 -2.7661 2.7488, 0.8138 -2.7661 4.6457, 0.9294 -2.7661 2.7584, 0.9569 -2.7661 2.7607, 0.8522 -2.7661 2.3778, 0.8522 -2.7661 2.4294, 0.8138 -2.7661 2.4294, 0.8522 -2.7661 2.4306, 0.9892 -2.7661 2.5341, 0.9605 -2.7661 2.5419, 0.8543 -2.7661 2.4294, 0.9233 -2.7661 2.5447, 0.8906 -2.7661 2.5447, 1.0233 -2.7661 2.4413, 1.0283 -2.7661 2.4564, 0.8906 -2.7661 2.5879, 0.9216 -2.7661 2.5879, 0.9539 -2.7661 2.5903, 0.976 -2.7661 2.5962, 1.0299 -2.7661 2.472, 1.0281 -2.7661 2.4898, 1.0235 -2.7661 2.5033, 0.9918 -2.7661 2.6046, 1.0015 -2.7661 2.6134, 1.0085 -2.7661 2.6234, 1.0131 -2.7661 2.6356, 1.0159 -2.7661 2.5151, 1.0054 -2.7661 2.525, 1.0154 -2.7661 2.4294, 0.8845 -2.7661 2.4119, 0.9181 -2.7661 2.4025, 0.9684 -2.7661 2.4029, 0.9884 -2.7661 2.4091, 1.0028 -2.7661 2.4173, 0.9425 -2.7661 2.4006, 1.0143 -2.7661 2.4278, 0.5954 -2.7661 1.9266, 0.2809 -2.7661 2.3622, -0.048 -2.7661 1.9266, 0.2185 -2.7661 2.3622, -0.0408 -2.7661 2.3622, 0.0216 -2.7661 2.3622, 0.0625 -2.7661 2.4294, 0.1784 -2.7661 2.4294, 0.1112 -2.7661 2.5095, 0.5537 -2.7661 2.4161, 0.541 -2.7661 2.3976, 0.5246 -2.7661 2.3833, 0.5023 -2.7661 2.3711, 0.4639 -2.7661 2.3604, 0.4232 -2.7661 2.3574, 0.3725 -2.7661 2.3626, 0.3367 -2.7661 2.3718, 0.3241 -2.7661 2.3778, 0.2384 -2.7661 2.4294, 0.5616 -2.7661 2.486, 0.5954 -2.7661 2.6455, 0.5543 -2.7661 2.5057, 0.5412 -2.7661 2.5254, 0.4239 -2.7661 2.5998, 0.4605 -2.7661 2.5804, 0.5185 -2.7661 2.5465, 0.5641 -2.7661 2.4637, 0.5954 -2.7661 2.4294, 0.561 -2.7661 2.436, 0.5586 -2.7661 2.4294, 0.3828 -2.7661 2.6344, 0.3786 -2.7661 2.6452, 0.3786 -2.7661 2.6455, 0.3894 -2.7661 2.6246, 0.4015 -2.7661 2.614, 0.3769 -2.7661 2.6603, 0.4591 -2.7661 2.7175, 0.3241 -2.7661 2.6551, 0.3276 -2.7661 2.6823, 0.2099 -2.7661 2.6455, 0.5497 -2.7661 2.7499, 0.5497 -2.7661 2.6923, 0.4863 -2.7661 2.7158, 0.2809 -2.7661 2.7559, 0.3353 -2.7661 2.7011, 0.3477 -2.7661 2.7182, -0.0312 -2.7661 2.7559, 0.0312 -2.7661 2.7559, 0.5954 -2.7661 4.6457, 0.4633 -2.7661 2.7607, 0.507 -2.7661 2.7588, 0.52 -2.7661 2.7077, 0.3646 -2.7661 2.7329, 0.3867 -2.7661 2.7456, 0.4198 -2.7661 2.7565, 0.3874 -2.7661 2.6912, 0.3816 -2.7661 2.6823, 0.3781 -2.7661 2.6722, 0.2233 -2.7661 2.7559, 0.1545 -2.7661 2.6455, 0.4316 -2.7661 2.715, 0.4107 -2.7661 2.7083, 0.3963 -2.7661 2.6999, 0.3241 -2.7661 2.4294, 0.3241 -2.7661 2.4354, 0.1554 -2.7661 2.5607, 0.3447 -2.7661 2.5953, 0.3334 -2.7661 2.6131, 0.3263 -2.7661 2.6336, 0.3251 -2.7661 2.6455, 0.3338 -2.7661 2.4294, 0.4203 -2.7661 2.5434, 0.3621 -2.7661 2.5786, 0.4955 -2.7661 2.4977, 0.4793 -2.7661 2.5115, 0.4738 -2.7661 2.515, 0.5113 -2.7661 2.4594, 0.5097 -2.7661 2.4438, 0.5051 -2.7661 2.4315, 0.5096 -2.7661 2.4733, 0.5052 -2.7661 2.4845, 0.5037 -2.7661 2.4294, 0.3529 -2.7661 2.4177, 0.3995 -2.7661 2.4034, 0.429 -2.7661 2.4006, 0.4576 -2.7661 2.4028, 0.4999 -2.7661 2.4237, 0.4776 -2.7661 2.4082, 0.4917 -2.7661 2.416, 0.1165 -2.7661 2.6065, 0.123 -2.7661 2.5924, 0.1241 -2.7661 2.5924, 0.0947 -2.7661 2.6455, 0.1092 -2.7661 2.6202, 0.1395 -2.7661 2.6215, 0.1315 -2.7661 2.6071, -0.048 -2.7661 2.6455, -0.048 -2.7661 2.4294, 0.0035 -2.7661 2.4294, -0.048 -2.7661 4.6457, 0.0369 -2.7661 2.6455, 0.0896 -2.7661 2.56, 0.1256 -2.7661 2.5198, 0.1215 -2.7661 2.5301, 0.1202 -2.7661 2.5301, 0.1304 -2.7661 2.5098, 0.1158 -2.7661 2.5198, -0.3673 -2.7661 2.7559, -0.3049 -2.7661 2.7559, -0.2196 -2.7661 2.6065, -0.2131 -2.7661 2.5924, -0.212 -2.7661 2.5924, -0.2046 -2.7661 2.6071, -0.1966 -2.7661 2.6215, -0.2269 -2.7661 2.6202, -0.1816 -2.7661 2.6455, -0.2414 -2.7661 2.6455, -0.3841 -2.7661 2.6455, -0.3841 -2.7661 2.4294, -0.3326 -2.7661 2.4294, -0.3841 -2.7661 4.6457, -0.2992 -2.7661 2.6455, -0.2465 -2.7661 2.56, -0.3145 -2.7661 2.3622, -0.3769 -2.7661 2.3622, -0.3841 -2.7661 1.9266, -0.1176 -2.7661 2.3622, -0.0552 -2.7661 2.3622, -0.2105 -2.7661 2.5198, -0.2146 -2.7661 2.5301, -0.2159 -2.7661 2.5301, -0.2057 -2.7661 2.5098, -0.2203 -2.7661 2.5198, -0.1128 -2.7661 2.7559, -0.0552 -2.7661 2.7559, -0.7034 -2.7661 2.7559, -0.641 -2.7661 2.7559, -0.5556 -2.7661 2.6065, -0.5491 -2.7661 2.5924, -0.5481 -2.7661 2.5924, -0.5407 -2.7661 2.6071, -0.5326 -2.7661 2.6215, -0.5629 -2.7661 2.6202, -0.5177 -2.7661 2.6455, -0.5775 -2.7661 2.6455, -0.7202 -2.7661 2.6455, -0.7202 -2.7661 2.4294, -0.6687 -2.7661 2.4294, -0.7202 -2.7661 4.6457, -0.6353 -2.7661 2.6455, -0.5826 -2.7661 2.56, -0.6506 -2.7661 2.3622, -0.713 -2.7661 2.3622, -0.7202 -2.7661 1.9266, -0.4537 -2.7661 2.3622, -0.3913 -2.7661 2.3622, -0.5466 -2.7661 2.5198, -0.5507 -2.7661 2.5301, -0.552 -2.7661 2.5301, -0.5418 -2.7661 2.5098, -0.5564 -2.7661 2.5198, -0.4489 -2.7661 2.7559, -0.3913 -2.7661 2.7559, -0.977 -2.7661 2.7559, -1.0395 -2.7661 2.7559, -1.0539 -2.7661 4.6457, -1.0539 -2.7661 2.6455, -0.8917 -2.7661 2.6065, -0.8852 -2.7661 2.5924, -0.8842 -2.7661 2.5924, -0.8768 -2.7661 2.6071, -0.8687 -2.7661 2.6215, -0.899 -2.7661 2.6202, -0.8538 -2.7661 2.6455, -0.9136 -2.7661 2.6455, -0.7898 -2.7661 2.3622, -1.0539 -2.7661 1.9266, -0.7274 -2.7661 2.3622, -0.9867 -2.7661 2.3622, -1.0491 -2.7661 2.3622, -1.0539 -2.7661 2.4294, -0.8827 -2.7661 2.5198, -0.8868 -2.7661 2.5301, -0.8881 -2.7661 2.5301, -0.8779 -2.7661 2.5098, -0.8924 -2.7661 2.5198, -0.785 -2.7661 2.7559, -0.7274 -2.7661 2.7559, -1.3563 -2.7661 2.3622, -1.4188 -2.7661 1.9266, -1.414 -2.7661 2.3622, -1.4188 -2.7661 2.4294, -1.3886 -2.7661 2.4294, -1.3069 -2.7661 2.6455, -1.0849 -2.7661 2.4294, -1.0587 -2.7661 2.3622, -1.1163 -2.7661 2.3622, -1.3335 -2.7661 2.4294, -1.1405 -2.7661 2.4294, -1.1561 -2.7661 2.4726, -1.3188 -2.7661 2.4726, -1.9064 -2.7661 2.4387, -1.9008 -2.7661 2.4392, -1.9105 -2.7661 2.4573, -1.8962 -2.7661 2.4583, -1.9637 -2.7661 2.6455, -1.8465 -2.7661 2.6455, -1.9949 -2.7661 2.7559, -2.8247 -2.7661 4.6457, -1.8173 -2.7661 2.7559, -1.7356 -2.7661 4.6457, -1.7645 -2.7661 2.7559, -1.7356 -2.7661 2.6455, -2.8247 -2.7661 2.4294, -2.2507 -2.7661 2.6455, -2.8247 -2.7661 2.6455, -2.283 -2.7661 2.7559, -2.2254 -2.7661 2.7559, -2.0429 -2.7661 2.7559, -2.0755 -2.7661 2.6455, -2.1955 -2.7661 2.6455, -2.1303 -2.7661 2.46, -2.1452 -2.7661 2.46, -2.1356 -2.7661 2.4401, -2.1411 -2.7661 2.4401, -2.1374 -2.7661 2.4294, -2.1399 -2.7661 2.4294, -2.1389 -2.7661 2.4198, -2.0915 -2.7661 2.4294, -2.1101 -2.7661 2.3622, -1.9325 -2.7661 2.3622, -1.856 -2.7661 2.4294, -1.8749 -2.7661 2.3622, -1.7356 -2.7661 1.9266, -2.8247 -2.7661 1.9266, -2.1678 -2.7661 2.3622, -2.1874 -2.7661 2.4294, -2.0189 -2.7661 2.6887, -2.0237 -2.7661 2.6887, -2.0169 -2.7661 2.668, -2.0261 -2.7661 2.6683, -2.0125 -2.7661 2.6477, -1.9513 -2.7661 2.4294, -2.0119 -2.7661 2.6455, -2.0315 -2.7661 2.6455, -2.0308 -2.7661 2.6483, 4.1339 -2.7661 0.2545, 4.1665 -2.7661 0.2295, 4.252 -2.7661 0.6692, 4.1915 -2.7661 0.1969, 4.2072 -2.7661 0.1589, 4.252 -2.7661 0.0787, 4.2126 -2.7661 0.1181, 4.2126 -2.7661 0.0787, 3.2555 -2.7661 0.2756, 4.0551 -2.7661 0.2756, 4.0959 -2.7661 0.2702, -4.1665 -2.7661 0.2295, -4.1339 -2.7661 0.2545, -4.252 -2.7661 0.6692, -4.2126 -2.7661 0.0787, -4.2126 -2.7661 0.1181, -4.252 -2.7661 0.0787, -4.2072 -2.7661 0.1589, -4.1915 -2.7661 0.1969, 3.2555 -2.7661 0.6692, 1.9973 -2.7661 0.2756, 1.9973 -2.7661 0.6692, 1.6684 -2.7661 0.2756, 1.6684 -2.7661 0.6692, 1.1019 -2.7661 0.2756, 1.1019 -2.7661 0.6692, 0.8138 -2.7661 0.2756, 0.8138 -2.7661 0.6692, 0.5954 -2.7661 0.2756, 0.5954 -2.7661 0.6692, -0.048 -2.7661 0.2756, -0.048 -2.7661 0.6692, -0.3841 -2.7661 0.2756, -0.3841 -2.7661 0.6692, -0.7202 -2.7661 0.2756, -0.7202 -2.7661 0.6692, -1.0539 -2.7661 0.2756, -1.0539 -2.7661 0.6692, -1.4188 -2.7661 0.2756, -1.4188 -2.7661 0.6692, -1.7356 -2.7661 0.2756, -1.7356 -2.7661 0.6692, -2.8247 -2.7661 0.2756, -2.8247 -2.7661 0.6692, -4.0551 -2.7661 0.2756, -4.0959 -2.7661 0.2702, -1.5521 -2.7661 2.5463, -1.5521 -2.7661 2.545, -1.5482 -2.7661 2.5475, -1.5343 -2.7661 2.5346, -1.4694 -2.7661 2.6249, -1.4188 -2.7661 2.6455, -1.4188 -2.7661 4.6457, -1.2651 -2.7661 2.7559, -1.2123 -2.7661 2.7559, -1.1692 -2.7661 2.6455, -1.498 -2.7661 2.4884, -1.4874 -2.7661 2.5856, -1.5212 -2.7661 2.5217, -1.4962 -2.7661 2.576, -1.5169 -2.7661 2.5608, -1.4937 -2.7661 2.4813, -1.4764 -2.7661 2.6035, -1.5264 -2.7661 2.7451, -1.505 -2.7661 2.7332, -1.4955 -2.7661 2.7253, -1.4823 -2.7661 2.7096, -1.4729 -2.7661 2.6906, -1.4679 -2.7661 2.6691, -1.4668 -2.7661 2.6516, -1.4674 -2.7661 2.6455, -1.7068 -2.7661 2.7559, -1.5881 -2.7661 2.7559, -1.5531 -2.7661 2.7529, -1.7068 -2.7661 2.6455, -1.7356 -2.7661 2.4294, -1.7068 -2.7661 2.4294, -1.7068 -2.7661 2.3622, -1.4631 -2.7661 2.4294, -1.4236 -2.7661 2.3622, -1.4812 -2.7661 2.3622, -1.654 -2.7661 2.3622, -1.7954 -2.7661 2.6455, -1.654 -2.7661 2.4294, -1.52 -2.7661 2.4294, -1.5451 -2.7661 2.473, -1.597 -2.7661 2.527, -1.6108 -2.7661 2.5298, -1.6182 -2.7661 2.5303, -1.654 -2.7661 2.5303, -1.5738 -2.7661 2.5127, -1.5857 -2.7661 2.5219, 1.8519 -2.7661 2.5463, 1.8519 -2.7661 2.545, 1.8559 -2.7661 2.5475, 1.8697 -2.7661 2.5346, 1.9973 -2.7661 2.4294, 1.9347 -2.7661 2.6249, 1.906 -2.7661 2.4884, 1.9167 -2.7661 2.5856, 1.8829 -2.7661 2.5217, 1.9079 -2.7661 2.576, 1.8872 -2.7661 2.5608, 1.9104 -2.7661 2.4813, 1.9277 -2.7661 2.6035, 1.9973 -2.7661 4.6457, 1.8777 -2.7661 2.7451, 1.8991 -2.7661 2.7332, 1.9086 -2.7661 2.7253, 1.9217 -2.7661 2.7096, 1.9312 -2.7661 2.6906, 1.9362 -2.7661 2.6691, 1.9373 -2.7661 2.6516, 1.9367 -2.7661 2.6455, 1.6972 -2.7661 2.7559, 1.816 -2.7661 2.7559, 1.8509 -2.7661 2.7529, 1.6972 -2.7661 2.6455, 1.6684 -2.7661 2.4294, 1.6972 -2.7661 2.4294, 1.6972 -2.7661 2.3622, 1.9409 -2.7661 2.4294, 1.9805 -2.7661 2.3622, 1.9973 -2.7661 1.9266, 1.9229 -2.7661 2.3622, 1.75 -2.7661 2.3622, 1.6086 -2.7661 2.6455, 1.75 -2.7661 2.4294, 1.8841 -2.7661 2.4294, 1.859 -2.7661 2.473, 1.8071 -2.7661 2.527, 1.7933 -2.7661 2.5298, 1.7858 -2.7661 2.5303, 1.75 -2.7661 2.5303, 1.8303 -2.7661 2.5127, 1.8184 -2.7661 2.5219, 2.0141 -2.7661 2.3817, 2.0141 -2.7661 2.3622, 2.259 -2.7661 2.3622, 3.2555 -2.7661 1.9266, 2.259 -2.7661 2.4054, 3.2555 -2.7661 2.4294, 2.2345 -2.7661 2.589, 2.2187 -2.7661 2.5652, 2.1811 -2.7661 2.5295, 2.1614 -2.7661 2.5151, 2.0999 -2.7661 2.4701, 2.081 -2.7661 2.4514, 2.0723 -2.7661 2.438, 2.0694 -2.7661 2.4294, 2.0675 -2.7661 2.424, 2.0657 -2.7661 2.4054, 2.0691 -2.7661 2.7016, 2.0419 -2.7661 2.6824, 2.0285 -2.7661 2.6696, 2.0285 -2.7661 2.7178, 2.0554 -2.7661 2.7403, 2.082 -2.7661 2.7534, 2.1131 -2.7661 2.7599, 2.1903 -2.7661 2.7491, 3.2555 -2.7661 4.6457, 2.1638 -2.7661 2.7576, 2.1304 -2.7661 2.7607, 2.2142 -2.7661 2.7343, 2.2301 -2.7661 2.7179, 3.2555 -2.7661 2.6455, 2.2408 -2.7661 2.6997, 2.2473 -2.7661 2.6787, 2.2014 -2.7661 2.6514, 2.1996 -2.7661 2.6685, 2.1951 -2.7661 2.6815, 2.1668 -2.7661 2.7091, 2.1483 -2.7661 2.7153, 2.1256 -2.7661 2.7175, 2.0961 -2.7661 2.7131, 2.2494 -2.7661 2.6552, 2.2483 -2.7661 2.6455, 2.2455 -2.7661 2.619, 2.1881 -2.7661 2.6925, 2.179 -2.7661 2.7015, 2.0175 -2.7661 2.4188, 2.0211 -2.7661 2.4294, 2.0273 -2.7661 2.4479, 2.0432 -2.7661 2.4728, 2.0755 -2.7661 2.5049, 2.1167 -2.7661 2.5361, 2.121 -2.7661 2.5391, 2.1762 -2.7661 2.5855, 2.1912 -2.7661 2.6071, -3.3663 -2.7661 1.3777, -3.3704 -2.7661 1.3471, -3.5985 -2.7661 1.4083, -3.5867 -2.7661 1.4368, -4.252 -2.7661 1.9266, -3.3822 -2.7661 1.3187, -3.4009 -2.7661 1.2942, -3.4254 -2.7661 1.2754, -3.568 -2.7661 1.4612, -3.5435 -2.7661 1.48, -3.515 -2.7661 1.4918, -3.4254 -2.7661 1.48, -3.4009 -2.7661 1.4612, -3.3822 -2.7661 1.4368, -3.3704 -2.7661 1.4083, -3.5435 -2.7661 1.2754, -3.568 -2.7661 1.2942, -3.4845 -2.7661 1.4958, -3.4539 -2.7661 1.4918, -3.4539 -2.7661 1.2636, -3.4845 -2.7661 1.2596, -3.515 -2.7661 1.2636, -3.5867 -2.7661 1.3187, -3.5985 -2.7661 1.3471, -3.6026 -2.7661 1.3777, 0.6266 -2.7661 2.5351, 0.7754 -2.7661 2.5351, 0.7754 -2.7661 2.4966, 0.6266 -2.7661 2.4966, -4.252 -2.7661 2.4294, -4.252 -2.7661 2.6455, -4.252 -2.7661 4.6457, 4.252 -2.7661 1.9266, 4.252 -2.7661 2.4294, 4.252 -2.7661 2.6455, 4.252 -2.7661 4.6457, -3.8268 -2.6874 0.1969, -4.0551 -2.6874 0.1969, -4.0551 -0.9626 0.1969, 0.1686 -0.9626 0.1969, 0.1085 -0.9626 0.1969, 0.1487 -0.9598 0.1969, 0.1277 -0.9512 0.1969, 0.1505 -0.7638 0.1969, 0.1277 -0.77 0.1969, 0.1085 -0.4157 0.1969, 0.1277 -0.7964 0.1969, 0.1277 -0.9296 0.1969, 0.1499 -0.7869 0.1969, 0.1312 -0.9316 0.1969, 0.1738 -0.7838 0.1969, 0.1932 -0.7859 0.1969, 0.241 -0.9446 0.1969, 0.2558 -0.929 0.1969, 0.2825 -0.9626 0.1969, 0.2663 -0.9103 0.1969, 0.2638 -0.8164 0.1969, 0.2522 -0.798 0.1969, 0.2825 -0.4157 0.1969, 0.2344 -0.7809 0.1969, 0.1934 -0.9626 0.1969, 0.2061 -0.9613 0.1969, 0.2252 -0.9547 0.1969, 0.2079 -0.7913 0.1969, 0.2216 -0.8004 0.1969, 0.2334 -0.8135 0.1969, 0.2477 -0.8651 0.1969, 0.2457 -0.8864 0.1969, 0.2404 -0.9033 0.1969, 0.1966 -0.9401 0.1969, 0.1782 -0.9422 0.1969, 0.2109 -0.9349 0.1969, 0.223 -0.9267 0.1969, 0.2323 -0.917 0.1969, 0.1521 -0.9393 0.1969, 0.2416 -0.8287 0.1969, 0.2468 -0.8498 0.1969, 0.2722 -0.8895 0.1969, 0.2741 -0.8667 0.1969, 0.2713 -0.8387 0.1969, 0.2158 -0.7701 0.1969, 0.1938 -0.7638 0.1969, 0.174 -0.7622 0.1969, 0.1085 -2.6874 0.1969, 0.1765 -0.9637 0.1969, 0.2825 -2.6874 0.1969, 0.1819 -0.9638 0.1969, 4.0551 -0.9626 0.1969, 4.0551 -2.6874 0.1969, 3.0 -0.9626 0.1969, 3.0 -2.6874 0.1969, 2.0 -0.9626 0.1969, 2.0 -2.6874 0.1969, 1.0 -0.9626 0.1969, 0.3967 -2.6874 0.1969, 0.3967 -0.9626 0.1969, 1.0 -2.6874 0.1969, -3.8268 -0.9626 0.1969, -3.0 -2.6874 0.1969, -3.0 -0.9626 0.1969, -2.0 -2.6874 0.1969, -2.0 -0.9626 0.1969, -0.9034 -2.6874 0.1969, -0.9034 -0.9626 0.1969, -0.2204 -2.6874 0.1969, -0.2204 -0.9626 0.1969, 4.0551 -0.4157 0.1969, 3.0 -0.4157 0.1969, 2.0 -0.4157 0.1969, 1.0 -0.4157 0.1969, 0.3967 -0.4157 0.1969, 0.291 -0.9398 0.1969, 0.291 -0.9614 0.1969, 0.3918 -0.9614 0.1969, 0.3918 -0.7646 0.1969, 0.3654 -0.9398 0.1969, 0.3654 -0.7646 0.1969, -0.0163 -0.9398 0.1969, -0.0163 -0.9614 0.1969, -0.0547 -0.9614 0.1969, -0.2204 -0.4157 0.1969, -0.0115 -0.7646 0.1969, -0.0115 -0.7862 0.1969, 0.0893 -0.9614 0.1969, 0.0893 -0.7646 0.1969, -0.1759 -0.9406 0.1969, -0.1921 -0.9251 0.1969, -0.2033 -0.9075 0.1969, -0.1553 -0.9525 0.1969, -0.1326 -0.9593 0.1969, -0.1083 -0.9614 0.1969, -0.0067 -0.851 0.1969, -0.0067 -0.8726 0.1969, -0.0547 -0.7646 0.1969, 0.0629 -0.8726 0.1969, 0.0629 -0.9398 0.1969, 0.0629 -0.7862 0.1969, 0.0629 -0.851 0.1969, -0.1103 -0.7646 0.1969, -0.1387 -0.7676 0.1969, -0.1618 -0.7757 0.1969, -0.1832 -0.79 0.1969, -0.1834 -0.7902 0.1969, -0.1973 -0.8057 0.1969, -0.2065 -0.8226 0.1969, -0.2117 -0.842 0.1969, -0.2132 -0.8605 0.1969, -0.2104 -0.8868 0.1969, -0.2564 -0.9614 0.1969, -0.2276 -0.9614 0.1969, -0.3764 -0.9614 0.1969, -0.3565 -0.9062 0.1969, -0.2752 -0.9062 0.1969, -0.302 -0.7646 0.1969, -0.9034 -0.4157 0.1969, -0.4052 -0.9614 0.1969, -0.3284 -0.7646 0.1969, -3.8268 -0.4157 0.1969, -3.0 -0.4157 0.1969, -2.0 -0.4157 0.1969, 3.5984 0.0488 0.1969, 4.0551 0.8953 0.1969, 3.5984 -0.0693 0.1969, 3.4016 -0.0693 0.1969, 3.4016 0.0488 0.1969, 3.0 0.8953 0.1969, 2.5984 0.0488 0.1969, 2.5984 -0.0693 0.1969, 2.4016 -0.0693 0.1969, 2.4016 0.0488 0.1969, 2.0 0.8953 0.1969, 1.5984 0.0488 0.1969, 1.5984 -0.0693 0.1969, 1.4016 -0.0693 0.1969, 1.4016 0.0488 0.1969, 1.0 0.8953 0.1969, 0.4016 0.0488 0.1969, 0.4016 -0.0693 0.1969, 0.5984 -0.0693 0.1969, 0.5984 0.0488 0.1969, 0.3967 0.8953 0.1969, -0.9034 0.8953 0.1969, -0.2204 0.8953 0.1969, 0.1085 0.8953 0.1969, 0.2825 0.8953 0.1969, -1.4016 0.0488 0.1969, -1.4016 -0.0693 0.1969, -1.5984 -0.0693 0.1969, -1.5984 0.0488 0.1969, -2.0 0.8953 0.1969, -2.4016 0.0488 0.1969, -2.4016 -0.0693 0.1969, -2.5984 -0.0693 0.1969, -2.5984 0.0488 0.1969, -3.0 0.8953 0.1969, -3.4016 0.0488 0.1969, -3.4016 -0.0693 0.1969, -3.5984 -0.0693 0.1969, -3.5984 0.0488 0.1969, -3.8268 0.8953 0.1969, -4.0551 -0.4157 0.1969, -4.0551 0.8953 0.1969, -4.252 -2.6874 0.0, -4.252 0.8953 0.0, -4.1339 -2.6874 0.0, -4.1339 0.8953 0.0, -4.3307 -2.6874 4.6457, -4.3307 0.8953 4.6457, -4.3307 -2.6874 0.0787, -4.3307 0.8953 0.0787, 4.3307 -2.6874 0.0787, 4.3307 0.8953 0.0787, 4.3307 -2.6874 4.6457, 4.3307 0.8953 4.6457, -4.2126 0.974 0.1181, -4.2126 0.974 0.0787, -4.252 0.974 0.0787, 4.252 0.974 4.6457, 4.1665 0.974 0.2295, 4.1339 0.974 0.2545, -4.2072 0.974 0.1589, -4.252 0.974 4.6457, -4.1915 0.974 0.1969, -4.0959 0.974 0.2702, -4.1339 0.974 0.2545, -4.1665 0.974 0.2295, 4.2126 0.974 0.0787, 4.2126 0.974 0.1181, 4.252 0.974 0.0787, 4.2072 0.974 0.1589, 4.1915 0.974 0.1969, 4.0959 0.974 0.2702, 4.0551 0.974 0.2756, -4.0551 0.974 0.2756, -4.252 -2.6874 4.7244, 4.252 -2.6874 4.7244, -4.252 0.8953 4.7244, 4.252 0.8953 4.7244, 4.1339 -2.6874 0.0, 4.1339 0.8953 0.0, 4.252 -2.6874 0.0, 4.252 0.8953 0.0, -4.1339 -2.6874 0.1181, -4.1339 0.8953 0.1181, 4.1339 -2.6874 0.1181, 4.1339 0.8953 0.1181
            ]
        }
        coordIndex [
            0,1,2,-1,3,4,5,-1,6,7,8,-1,9,10,11,-1,12,13,14,-1,15,16,17,-1,18,19,20,-1,21,22,23,-1,24,25,26,-1,27,28,29,-1,30,31,32,-1,32,31,33,-1,28,27,34,-1,34,27,35,-1,34,35,36,-1,36,35,37,-1,36,37,38,-1,38,37,39,-1,38,39,40,-1,41,33,42,-1,41,43,44,-1,44,43,45,-1,44,45,46,-1,39,43,40,-1,40,43,41,-1,40,41,47,-1,47,41,42,-1,47,42,48,-1,48,42,49,-1,48,49,50,-1,50,49,51,-1,50,51,52,-1,52,51,53,-1,52,53,54,-1,54,53,55,-1,54,55,56,-1,57,58,59,-1,60,61,62,-1,61,59,62,-1,62,59,58,-1,62,58,63,-1,63,58,64,-1,63,64,30,-1,30,64,65,-1,30,65,31,-1,66,67,68,-1,68,67,69,-1,68,69,70,-1,59,71,57,-1,57,71,72,-1,57,72,73,-1,73,72,70,-1,73,70,74,-1,74,70,69,-1,75,76,30,-1,30,76,77,-1,30,77,63,-1,63,77,78,-1,63,78,79,-1,80,81,82,-1,79,83,63,-1,63,83,84,-1,63,84,80,-1,80,84,85,-1,80,85,81,-1,86,87,32,-1,88,89,32,-1,87,90,32,-1,32,90,91,-1,32,91,30,-1,30,91,92,-1,30,92,75,-1,86,32,93,-1,93,32,89,-1,93,89,94,-1,95,96,97,-1,97,96,98,-1,97,98,99,-1,99,98,93,-1,99,93,100,-1,100,93,94,-1,101,102,103,-1,104,105,41,-1,33,41,32,-1,32,41,106,-1,32,106,107,-1,107,108,32,-1,32,108,109,-1,32,109,88,-1,103,110,101,-1,101,110,111,-1,101,111,112,-1,112,111,113,-1,105,114,41,-1,41,114,115,-1,41,115,106,-1,116,117,118,-1,118,117,119,-1,118,119,111,-1,111,119,120,-1,111,120,113,-1,116,118,121,-1,121,118,122,-1,121,122,123,-1,124,125,126,-1,126,125,127,-1,126,127,41,-1,41,127,128,-1,41,128,104,-1,129,130,131,-1,131,130,132,-1,131,132,102,-1,133,134,135,-1,135,134,136,-1,135,136,132,-1,132,136,137,-1,132,137,102,-1,138,139,135,-1,137,140,102,-1,102,140,141,-1,102,141,103,-1,103,141,142,-1,103,142,143,-1,139,144,135,-1,135,144,145,-1,135,145,146,-1,143,147,148,-1,148,149,143,-1,143,149,150,-1,143,150,103,-1,146,151,135,-1,135,151,152,-1,135,152,133,-1,138,135,153,-1,153,135,154,-1,153,154,155,-1,156,157,158,-1,155,159,153,-1,153,159,156,-1,153,156,160,-1,160,156,158,-1,161,162,163,-1,163,162,164,-1,165,163,166,-1,166,163,164,-1,166,164,167,-1,167,164,168,-1,167,168,169,-1,170,171,161,-1,161,171,172,-1,172,173,161,-1,161,173,174,-1,161,174,175,-1,175,176,161,-1,161,176,177,-1,161,177,162,-1,162,177,178,-1,162,178,179,-1,180,181,182,-1,182,181,183,-1,184,185,181,-1,181,185,186,-1,181,186,183,-1,180,187,188,-1,188,187,189,-1,188,189,190,-1,191,181,192,-1,192,181,193,-1,191,194,181,-1,181,194,195,-1,181,195,184,-1,196,193,197,-1,198,199,200,-1,201,202,181,-1,197,193,203,-1,200,199,204,-1,204,199,205,-1,204,205,206,-1,207,208,209,-1,210,211,209,-1,181,202,193,-1,193,202,212,-1,193,212,203,-1,206,213,204,-1,204,213,214,-1,204,214,215,-1,216,217,218,-1,215,210,204,-1,204,210,209,-1,204,209,219,-1,219,209,208,-1,219,208,220,-1,197,221,196,-1,196,221,222,-1,196,222,218,-1,218,222,223,-1,218,223,216,-1,178,224,179,-1,179,224,225,-1,179,225,226,-1,226,225,200,-1,200,225,227,-1,200,227,228,-1,228,229,200,-1,200,229,230,-1,200,230,198,-1,231,232,225,-1,225,232,233,-1,225,233,227,-1,234,235,231,-1,231,235,236,-1,231,236,232,-1,237,231,238,-1,238,231,239,-1,237,240,231,-1,231,240,241,-1,231,241,234,-1,239,231,242,-1,242,231,243,-1,242,243,244,-1,244,245,242,-1,242,245,246,-1,242,246,247,-1,247,246,248,-1,247,248,249,-1,250,251,252,-1,208,253,220,-1,220,253,254,-1,220,254,255,-1,255,254,250,-1,255,250,256,-1,256,250,252,-1,257,258,259,-1,209,260,207,-1,207,260,257,-1,207,257,261,-1,261,257,259,-1,261,259,262,-1,263,264,265,-1,168,266,169,-1,169,266,263,-1,169,263,267,-1,267,263,265,-1,268,269,260,-1,270,271,272,-1,272,273,270,-1,270,273,274,-1,270,274,275,-1,275,274,276,-1,275,276,277,-1,278,279,280,-1,260,281,268,-1,268,281,278,-1,268,278,282,-1,282,278,280,-1,282,280,283,-1,284,285,286,-1,26,25,287,-1,25,284,287,-1,287,284,286,-1,287,286,288,-1,288,286,163,-1,288,163,258,-1,258,163,165,-1,258,165,259,-1,289,290,291,-1,26,292,24,-1,24,292,289,-1,24,289,293,-1,293,289,291,-1,277,276,269,-1,269,276,294,-1,269,294,260,-1,260,294,295,-1,260,295,257,-1,257,295,21,-1,257,21,258,-1,258,21,23,-1,258,23,288,-1,296,297,281,-1,298,299,300,-1,300,301,298,-1,298,301,302,-1,298,302,303,-1,303,302,304,-1,303,304,305,-1,306,307,308,-1,281,309,296,-1,296,309,306,-1,296,306,310,-1,310,306,308,-1,310,308,311,-1,312,313,314,-1,20,19,315,-1,19,312,315,-1,315,312,314,-1,315,314,316,-1,316,314,286,-1,316,286,279,-1,279,286,285,-1,279,285,280,-1,317,318,319,-1,20,320,18,-1,18,320,317,-1,18,317,321,-1,321,317,319,-1,305,304,297,-1,297,304,322,-1,297,322,281,-1,281,322,323,-1,281,323,278,-1,278,323,15,-1,278,15,279,-1,279,15,17,-1,279,17,316,-1,324,309,325,-1,325,309,326,-1,325,326,327,-1,328,329,330,-1,330,331,328,-1,328,331,332,-1,328,332,333,-1,333,332,334,-1,333,334,335,-1,336,337,338,-1,338,337,314,-1,338,314,307,-1,307,314,313,-1,307,313,308,-1,11,10,336,-1,336,10,339,-1,336,339,337,-1,337,339,340,-1,337,340,341,-1,341,340,12,-1,341,12,327,-1,327,12,14,-1,327,14,325,-1,342,343,344,-1,11,345,9,-1,9,345,342,-1,9,342,346,-1,346,342,344,-1,335,334,324,-1,324,334,347,-1,324,347,309,-1,309,347,348,-1,309,348,306,-1,306,348,6,-1,306,6,307,-1,307,6,8,-1,307,8,338,-1,337,349,350,-1,350,349,351,-1,350,351,352,-1,352,351,353,-1,352,353,354,-1,327,355,341,-1,341,355,356,-1,341,356,337,-1,337,356,357,-1,337,357,349,-1,349,357,358,-1,357,359,358,-1,358,359,360,-1,358,360,361,-1,4,3,362,-1,362,3,363,-1,362,363,364,-1,364,363,365,-1,364,365,366,-1,366,365,367,-1,366,367,368,-1,369,370,371,-1,371,370,372,-1,371,372,373,-1,374,375,376,-1,376,375,377,-1,376,377,369,-1,369,377,378,-1,367,370,368,-1,368,370,369,-1,368,369,379,-1,379,369,378,-1,379,378,380,-1,380,378,381,-1,380,381,382,-1,382,381,383,-1,382,383,384,-1,384,383,385,-1,384,385,386,-1,386,385,387,-1,386,387,388,-1,389,390,391,-1,392,393,394,-1,393,391,394,-1,394,391,390,-1,394,390,395,-1,395,390,396,-1,395,396,374,-1,374,396,397,-1,374,397,375,-1,398,399,400,-1,400,399,401,-1,400,401,402,-1,391,403,389,-1,389,403,404,-1,389,404,405,-1,405,404,402,-1,405,402,406,-1,406,402,401,-1,407,408,409,-1,408,410,409,-1,409,410,411,-1,409,411,412,-1,412,411,413,-1,412,413,414,-1,415,416,409,-1,409,416,417,-1,409,417,407,-1,418,419,420,-1,421,422,423,-1,423,422,424,-1,423,424,420,-1,420,424,425,-1,420,425,418,-1,415,426,427,-1,427,426,428,-1,427,428,429,-1,429,428,430,-1,429,430,431,-1,431,430,432,-1,431,432,433,-1,433,432,434,-1,433,434,435,-1,435,434,436,-1,435,436,437,-1,437,436,438,-1,437,438,439,-1,439,438,440,-1,439,440,441,-1,441,440,442,-1,441,442,443,-1,443,442,444,-1,443,444,445,-1,445,444,446,-1,445,446,447,-1,447,446,448,-1,447,448,449,-1,449,448,450,-1,449,450,451,-1,451,450,420,-1,451,420,452,-1,452,420,419,-1,453,454,455,-1,455,454,456,-1,457,352,458,-1,458,352,354,-1,458,354,459,-1,459,354,460,-1,459,460,326,-1,326,460,461,-1,326,461,327,-1,327,461,462,-1,327,462,355,-1,463,464,465,-1,465,464,466,-1,465,466,456,-1,456,466,467,-1,456,467,455,-1,463,468,464,-1,464,468,352,-1,464,352,469,-1,469,352,457,-1,459,470,471,-1,471,472,459,-1,459,472,473,-1,459,473,458,-1,458,473,474,-1,458,474,475,-1,475,476,458,-1,458,476,477,-1,458,477,457,-1,478,479,459,-1,459,479,480,-1,459,480,470,-1,459,371,478,-1,478,371,373,-1,478,373,481,-1,481,373,482,-1,481,482,483,-1,483,482,484,-1,468,485,352,-1,352,485,486,-1,352,486,350,-1,350,486,487,-1,488,484,394,-1,394,484,482,-1,394,482,392,-1,392,482,373,-1,392,373,489,-1,489,373,372,-1,394,350,488,-1,488,350,487,-1,488,487,490,-1,490,487,491,-1,490,491,492,-1,493,494,490,-1,490,494,495,-1,490,495,496,-1,492,497,490,-1,490,497,498,-1,490,498,493,-1,499,500,501,-1,501,500,502,-1,503,2,504,-1,505,506,507,-1,507,506,508,-1,507,508,502,-1,502,508,509,-1,502,509,501,-1,505,510,506,-1,506,510,503,-1,506,503,511,-1,511,503,504,-1,512,513,514,-1,514,515,512,-1,512,515,516,-1,512,516,2,-1,2,516,517,-1,2,517,518,-1,518,519,2,-1,2,519,520,-1,2,520,504,-1,521,522,512,-1,512,522,523,-1,512,523,513,-1,512,44,521,-1,521,44,46,-1,521,46,524,-1,524,46,525,-1,524,525,526,-1,526,525,527,-1,510,528,503,-1,503,528,529,-1,503,529,530,-1,530,529,531,-1,532,527,62,-1,62,527,525,-1,62,525,60,-1,60,525,46,-1,60,46,533,-1,533,46,45,-1,62,530,532,-1,532,530,531,-1,532,531,534,-1,534,531,535,-1,534,535,536,-1,537,538,534,-1,534,538,539,-1,534,539,540,-1,536,541,534,-1,534,541,542,-1,534,542,537,-1,543,503,544,-1,544,503,530,-1,544,530,545,-1,545,530,546,-1,545,546,547,-1,547,546,548,-1,549,550,548,-1,548,550,551,-1,551,552,548,-1,548,552,553,-1,548,553,554,-1,554,555,548,-1,548,555,556,-1,548,556,547,-1,547,556,557,-1,547,557,558,-1,559,560,1,-1,1,560,561,-1,1,561,2,-1,2,561,562,-1,2,562,512,-1,562,563,512,-1,512,563,564,-1,512,564,565,-1,566,567,568,-1,568,567,512,-1,568,512,569,-1,569,512,565,-1,566,570,567,-1,567,570,571,-1,567,571,572,-1,572,571,573,-1,572,573,574,-1,1,575,559,-1,559,575,576,-1,559,576,577,-1,578,579,559,-1,559,579,580,-1,559,580,581,-1,574,582,572,-1,572,582,583,-1,572,583,548,-1,548,583,584,-1,548,584,549,-1,577,585,559,-1,559,585,586,-1,559,586,578,-1,543,587,503,-1,503,587,588,-1,503,588,2,-1,2,588,589,-1,2,589,590,-1,590,591,2,-1,2,591,592,-1,2,592,593,-1,593,594,2,-1,2,594,595,-1,2,595,0,-1,596,597,450,-1,598,599,600,-1,597,601,450,-1,450,601,602,-1,450,602,603,-1,599,604,600,-1,600,604,605,-1,600,605,606,-1,607,608,395,-1,395,608,609,-1,395,609,610,-1,420,611,612,-1,606,613,395,-1,395,613,614,-1,395,614,607,-1,603,615,450,-1,450,615,616,-1,450,616,420,-1,420,616,617,-1,420,617,611,-1,612,618,420,-1,420,618,619,-1,420,619,600,-1,600,619,620,-1,600,620,598,-1,426,546,428,-1,428,546,530,-1,428,530,430,-1,430,530,62,-1,430,62,432,-1,432,62,63,-1,432,63,434,-1,434,63,80,-1,434,80,436,-1,436,80,161,-1,436,161,438,-1,438,161,163,-1,438,163,440,-1,440,163,286,-1,440,286,442,-1,442,286,314,-1,442,314,444,-1,444,314,337,-1,444,337,446,-1,446,337,350,-1,446,350,448,-1,448,350,394,-1,448,394,450,-1,450,394,395,-1,450,395,596,-1,596,395,610,-1,82,129,80,-1,80,129,131,-1,80,131,161,-1,161,131,188,-1,161,188,170,-1,170,188,190,-1,180,188,181,-1,181,188,621,-1,181,621,102,-1,102,621,622,-1,102,622,131,-1,131,622,623,-1,131,623,188,-1,188,623,624,-1,188,624,621,-1,606,395,600,-1,600,395,374,-1,600,374,625,-1,625,374,376,-1,625,376,626,-1,626,376,369,-1,626,369,627,-1,101,124,102,-1,102,124,126,-1,102,126,181,-1,181,126,209,-1,181,209,201,-1,201,209,211,-1,415,409,426,-1,426,409,628,-1,426,628,546,-1,546,628,629,-1,546,629,548,-1,548,629,630,-1,548,630,572,-1,572,630,631,-1,572,631,567,-1,632,633,634,-1,635,636,637,-1,637,636,638,-1,639,640,641,-1,641,640,642,-1,641,642,643,-1,643,642,644,-1,643,644,645,-1,645,644,646,-1,645,646,647,-1,648,649,650,-1,650,649,651,-1,652,653,654,-1,654,653,655,-1,656,657,650,-1,650,657,658,-1,650,658,648,-1,647,659,645,-1,645,659,660,-1,645,660,661,-1,662,663,645,-1,645,663,664,-1,665,666,667,-1,667,666,668,-1,664,669,645,-1,645,669,668,-1,645,668,670,-1,670,668,666,-1,661,671,645,-1,645,671,672,-1,645,672,662,-1,651,673,650,-1,650,673,674,-1,650,674,654,-1,654,674,675,-1,654,675,652,-1,655,676,654,-1,654,676,677,-1,654,677,641,-1,641,677,678,-1,641,678,639,-1,679,680,681,-1,681,680,682,-1,683,684,685,-1,685,684,686,-1,685,686,687,-1,687,686,688,-1,687,688,689,-1,682,656,681,-1,681,656,650,-1,681,650,690,-1,690,650,691,-1,690,691,692,-1,632,693,694,-1,694,693,695,-1,694,695,696,-1,696,695,697,-1,696,697,698,-1,698,697,699,-1,698,699,700,-1,700,699,701,-1,700,701,679,-1,702,683,703,-1,703,683,685,-1,703,685,704,-1,704,685,687,-1,704,687,705,-1,705,687,689,-1,705,689,706,-1,654,707,650,-1,650,707,708,-1,650,708,691,-1,691,708,709,-1,691,709,710,-1,711,707,712,-1,712,707,654,-1,712,654,710,-1,710,654,706,-1,710,706,691,-1,691,706,689,-1,691,689,692,-1,692,689,688,-1,713,714,715,-1,716,717,718,-1,715,714,636,-1,636,714,719,-1,636,719,720,-1,717,716,720,-1,720,716,641,-1,720,641,636,-1,636,641,643,-1,636,643,638,-1,721,701,722,-1,722,701,723,-1,721,724,701,-1,701,724,725,-1,701,725,726,-1,727,728,729,-1,730,731,728,-1,728,731,713,-1,728,713,729,-1,729,713,715,-1,726,715,701,-1,701,715,636,-1,701,636,679,-1,679,636,635,-1,679,635,680,-1,732,733,718,-1,718,733,727,-1,718,727,716,-1,716,727,729,-1,716,729,734,-1,734,735,716,-1,716,735,736,-1,716,736,737,-1,737,738,716,-1,716,738,739,-1,716,739,740,-1,740,741,716,-1,716,741,742,-1,716,742,701,-1,701,742,743,-1,701,743,723,-1,744,745,701,-1,746,747,748,-1,701,745,716,-1,716,745,749,-1,716,749,750,-1,748,744,746,-1,746,744,701,-1,746,701,751,-1,751,701,699,-1,751,699,752,-1,693,753,695,-1,695,753,754,-1,695,754,697,-1,697,754,755,-1,697,755,699,-1,699,755,750,-1,699,750,752,-1,752,750,749,-1,756,757,758,-1,758,757,702,-1,758,702,759,-1,759,702,703,-1,759,703,760,-1,760,703,761,-1,760,761,756,-1,756,761,757,-1,762,761,763,-1,763,761,703,-1,763,703,764,-1,764,703,704,-1,764,704,765,-1,765,704,766,-1,765,766,762,-1,762,766,761,-1,767,766,768,-1,768,766,704,-1,768,704,769,-1,769,704,705,-1,769,705,770,-1,770,705,771,-1,770,771,767,-1,767,771,766,-1,772,773,706,-1,706,773,705,-1,705,773,774,-1,705,774,771,-1,771,774,775,-1,771,775,776,-1,750,777,716,-1,716,777,778,-1,716,778,641,-1,641,778,779,-1,641,779,654,-1,654,779,780,-1,654,780,706,-1,706,780,776,-1,706,776,772,-1,772,776,775,-1,781,777,782,-1,782,777,750,-1,782,750,783,-1,783,750,755,-1,783,755,784,-1,784,755,785,-1,784,785,781,-1,781,785,777,-1,786,785,787,-1,787,785,755,-1,787,755,788,-1,788,755,754,-1,788,754,789,-1,789,754,790,-1,789,790,786,-1,786,790,785,-1,791,790,792,-1,792,790,754,-1,792,754,793,-1,793,754,753,-1,793,753,794,-1,794,753,795,-1,794,795,791,-1,791,795,790,-1,632,634,693,-1,693,634,796,-1,693,796,753,-1,753,796,797,-1,753,797,795,-1,798,799,800,-1,800,799,801,-1,802,803,804,-1,804,803,805,-1,806,807,808,-1,808,807,809,-1,810,811,812,-1,813,814,815,-1,810,812,816,-1,816,812,817,-1,816,817,818,-1,819,820,817,-1,817,820,821,-1,817,821,818,-1,822,823,824,-1,824,823,825,-1,824,825,813,-1,813,825,826,-1,813,826,814,-1,815,827,813,-1,813,827,828,-1,813,828,817,-1,817,828,829,-1,817,829,819,-1,830,831,832,-1,832,831,833,-1,834,835,836,-1,836,835,837,-1,800,801,838,-1,838,801,839,-1,840,841,834,-1,834,841,835,-1,
        ]
    }
}
Shape{
    appearance Appearance {
        material  Material 	{
            diffuseColor 0.7529411764705882 0.7529411764705882 0.7529411764705882
            specularColor 0.3764705882352941 0.3764705882352941 0.3764705882352941
            ambientIntensity 0.7529
            transparency 0.0
            shininess 0.5
        }
    }
    geometry IndexedFaceSet {
        ccw TRUE
        solid FALSE
        coord DEF co Coordinate {
            point [
                -3.4016 0.0488 -1.5748, -3.4016 0.0488 0.1969, -3.4016 -0.0693 -1.5748, -3.4016 -0.0693 0.1969, -3.5984 -0.0693 -1.5748, -3.5984 -0.0693 0.1969, -3.5984 0.0488 -1.5748, -3.5984 0.0488 0.1969, -3.4409 0.0094 -1.6142, -3.4409 -0.0299 -1.6142, -3.5591 0.0094 -1.6142, -3.5591 -0.0299 -1.6142, -2.4016 0.0488 -1.5748, -2.4016 0.0488 0.1969, -2.4016 -0.0693 -1.5748, -2.4016 -0.0693 0.1969, -2.5984 -0.0693 -1.5748, -2.5984 -0.0693 0.1969, -2.5984 0.0488 -1.5748, -2.5984 0.0488 0.1969, -2.4409 0.0094 -1.6142, -2.4409 -0.0299 -1.6142, -2.5591 0.0094 -1.6142, -2.5591 -0.0299 -1.6142, -1.4016 0.0488 -1.5748, -1.4016 0.0488 0.1969, -1.4016 -0.0693 -1.5748, -1.4016 -0.0693 0.1969, -1.5984 -0.0693 -1.5748, -1.5984 -0.0693 0.1969, -1.5984 0.0488 -1.5748, -1.5984 0.0488 0.1969, -1.4409 0.0094 -1.6142, -1.4409 -0.0299 -1.6142, -1.5591 0.0094 -1.6142, -1.5591 -0.0299 -1.6142, 0.5984 0.0488 -1.5748, 0.5984 0.0488 0.1969, 0.5984 -0.0693 -1.5748, 0.5984 -0.0693 0.1969, 0.4016 -0.0693 -1.5748, 0.4016 -0.0693 0.1969, 0.4016 0.0488 -1.5748, 0.4016 0.0488 0.1969, 0.5591 0.0094 -1.6142, 0.5591 -0.0299 -1.6142, 0.4409 0.0094 -1.6142, 0.4409 -0.0299 -1.6142, 1.5984 0.0488 -1.5748, 1.5984 0.0488 0.1969, 1.5984 -0.0693 -1.5748, 1.5984 -0.0693 0.1969, 1.4016 -0.0693 -1.5748, 1.4016 -0.0693 0.1969, 1.4016 0.0488 -1.5748, 1.4016 0.0488 0.1969, 1.5591 0.0094 -1.6142, 1.5591 -0.0299 -1.6142, 1.4409 0.0094 -1.6142, 1.4409 -0.0299 -1.6142, 2.5984 0.0488 -1.5748, 2.5984 0.0488 0.1969, 2.5984 -0.0693 -1.5748, 2.5984 -0.0693 0.1969, 2.4016 -0.0693 -1.5748, 2.4016 -0.0693 0.1969, 2.4016 0.0488 -1.5748, 2.4016 0.0488 0.1969, 2.5591 0.0094 -1.6142, 2.5591 -0.0299 -1.6142, 2.4409 0.0094 -1.6142, 2.4409 -0.0299 -1.6142, 3.5984 0.0488 -1.5748, 3.5984 0.0488 0.1969, 3.5984 -0.0693 -1.5748, 3.5984 -0.0693 0.1969, 3.4016 -0.0693 -1.5748, 3.4016 -0.0693 0.1969, 3.4016 0.0488 -1.5748, 3.4016 0.0488 0.1969, 3.5591 0.0094 -1.6142, 3.5591 -0.0299 -1.6142, 3.4409 0.0094 -1.6142, 3.4409 -0.0299 -1.6142
            ]
        }
        coordIndex [
            0,1,2,-1,2,1,3,-1,2,3,4,-1,4,3,5,-1,4,5,6,-1,6,5,7,-1,6,7,0,-1,0,7,1,-1,8,9,10,-1,10,9,11,-1,12,13,14,-1,14,13,15,-1,14,15,16,-1,16,15,17,-1,16,17,18,-1,18,17,19,-1,18,19,12,-1,12,19,13,-1,20,21,22,-1,22,21,23,-1,24,25,26,-1,26,25,27,-1,26,27,28,-1,28,27,29,-1,28,29,30,-1,30,29,31,-1,30,31,24,-1,24,31,25,-1,32,33,34,-1,34,33,35,-1,36,37,38,-1,38,37,39,-1,38,39,40,-1,40,39,41,-1,40,41,42,-1,42,41,43,-1,42,43,36,-1,36,43,37,-1,44,45,46,-1,46,45,47,-1,48,49,50,-1,50,49,51,-1,50,51,52,-1,52,51,53,-1,52,53,54,-1,54,53,55,-1,54,55,48,-1,48,55,49,-1,56,57,58,-1,58,57,59,-1,60,61,62,-1,62,61,63,-1,62,63,64,-1,64,63,65,-1,64,65,66,-1,66,65,67,-1,66,67,60,-1,60,67,61,-1,68,69,70,-1,70,69,71,-1,72,73,74,-1,74,73,75,-1,74,75,76,-1,76,75,77,-1,76,77,78,-1,78,77,79,-1,78,79,72,-1,72,79,73,-1,80,81,82,-1,82,81,83,-1,
        ]
    }
}
Shape{
    appearance Appearance {
        material  Material 	{
            diffuseColor 1.0 1.0 1.0
            specularColor 0.8784313725490196 0.8784313725490196 0.8784313725490196
            ambientIntensity 1.0
            transparency 0.0
            shininess 0.5
        }
    }
    geometry IndexedFaceSet {
        ccw TRUE
        solid FALSE
        coord DEF co Coordinate {
            point [
                0.291 -0.9398 0.1929, 0.291 -0.9614 0.1929, 0.291 -0.9398 0.1969, 0.291 -0.9614 0.1969, 0.3654 -0.9398 0.1929, 0.3654 -0.9398 0.1969, 0.3654 -0.7646 0.1929, 0.3654 -0.7646 0.1969, 0.3918 -0.7646 0.1929, 0.3918 -0.7646 0.1969, 0.3918 -0.9614 0.1929, 0.3918 -0.9614 0.1969, 0.1277 -0.9296 0.1929, 0.1277 -0.9512 0.1929, 0.1277 -0.9296 0.1969, 0.1277 -0.9512 0.1969, 0.1312 -0.9316 0.1969, 0.1312 -0.9316 0.1929, 0.1521 -0.9393 0.1969, 0.1521 -0.9393 0.1929, 0.1782 -0.9422 0.1969, 0.1782 -0.9422 0.1929, 0.1966 -0.9401 0.1969, 0.1966 -0.9401 0.1929, 0.2109 -0.9349 0.1969, 0.2109 -0.9349 0.1929, 0.223 -0.9267 0.1969, 0.223 -0.9267 0.1929, 0.2323 -0.917 0.1969, 0.2323 -0.917 0.1929, 0.2404 -0.9033 0.1969, 0.2404 -0.9033 0.1929, 0.2457 -0.8864 0.1969, 0.2457 -0.8864 0.1929, 0.2477 -0.8651 0.1969, 0.2477 -0.8651 0.1929, 0.2468 -0.8498 0.1969, 0.2468 -0.8498 0.1929, 0.2416 -0.8287 0.1969, 0.2416 -0.8287 0.1929, 0.2334 -0.8135 0.1969, 0.2334 -0.8135 0.1929, 0.2216 -0.8004 0.1969, 0.2216 -0.8004 0.1929, 0.2079 -0.7913 0.1969, 0.2079 -0.7913 0.1929, 0.1932 -0.7859 0.1969, 0.1932 -0.7859 0.1929, 0.1738 -0.7838 0.1969, 0.1738 -0.7838 0.1929, 0.1499 -0.7869 0.1969, 0.1499 -0.7869 0.1929, 0.1277 -0.7964 0.1969, 0.1277 -0.7964 0.1929, 0.1277 -0.77 0.1929, 0.1277 -0.77 0.1969, 0.1505 -0.7638 0.1969, 0.1505 -0.7638 0.1929, 0.174 -0.7622 0.1969, 0.174 -0.7622 0.1929, 0.1938 -0.7638 0.1969, 0.1938 -0.7638 0.1929, 0.2158 -0.7701 0.1969, 0.2158 -0.7701 0.1929, 0.2344 -0.7809 0.1969, 0.2344 -0.7809 0.1929, 0.2522 -0.798 0.1969, 0.2522 -0.798 0.1929, 0.2638 -0.8164 0.1969, 0.2638 -0.8164 0.1929, 0.2713 -0.8387 0.1969, 0.2713 -0.8387 0.1929, 0.2741 -0.8667 0.1969, 0.2741 -0.8667 0.1929, 0.2722 -0.8895 0.1969, 0.2722 -0.8895 0.1929, 0.2663 -0.9103 0.1969, 0.2663 -0.9103 0.1929, 0.2558 -0.929 0.1969, 0.2558 -0.929 0.1929, 0.241 -0.9446 0.1969, 0.241 -0.9446 0.1929, 0.2252 -0.9547 0.1969, 0.2252 -0.9547 0.1929, 0.2061 -0.9613 0.1969, 0.2061 -0.9613 0.1929, 0.1819 -0.9638 0.1929, 0.1934 -0.9626 0.1969, 0.1819 -0.9638 0.1969, 0.1487 -0.9598 0.1929, 0.1765 -0.9637 0.1969, 0.1765 -0.9637 0.1929, 0.1686 -0.9626 0.1969, 0.1487 -0.9598 0.1969, -0.0163 -0.9398 0.1929, -0.0163 -0.9614 0.1929, -0.0163 -0.9398 0.1969, -0.0163 -0.9614 0.1969, 0.0629 -0.9398 0.1929, 0.0629 -0.9398 0.1969, 0.0629 -0.8726 0.1929, 0.0629 -0.8726 0.1969, -0.0067 -0.8726 0.1929, -0.0067 -0.8726 0.1969, -0.0067 -0.851 0.1929, -0.0067 -0.851 0.1969, 0.0629 -0.851 0.1929, 0.0629 -0.851 0.1969, 0.0629 -0.7862 0.1929, 0.0629 -0.7862 0.1969, -0.0115 -0.7862 0.1929, -0.0115 -0.7862 0.1969, -0.0115 -0.7646 0.1929, -0.0115 -0.7646 0.1969, 0.0893 -0.7646 0.1929, 0.0893 -0.7646 0.1969, 0.0893 -0.9614 0.1929, 0.0893 -0.9614 0.1969, -0.2065 -0.8226 0.1929, -0.1973 -0.8057 0.1929, -0.1737 -0.8138 0.1929, -0.1834 -0.7902 0.1929, -0.1641 -0.8036 0.1929, -0.1832 -0.79 0.1929, -0.1497 -0.7943 0.1929, -0.1618 -0.7757 0.1929, -0.1335 -0.7886 0.1929, -0.1387 -0.7676 0.1929, -0.1102 -0.7862 0.1929, -0.1103 -0.7646 0.1929, -0.0811 -0.7862 0.1929, -0.0547 -0.7646 0.1929, -0.0811 -0.9398 0.1929, -0.0547 -0.9614 0.1929, -0.1091 -0.9398 0.1929, -0.1083 -0.9614 0.1929, -0.1299 -0.9379 0.1929, -0.1326 -0.9593 0.1929, -0.1464 -0.9327 0.1929, -0.1553 -0.9525 0.1929, -0.1598 -0.9247 0.1929, -0.1759 -0.9406 0.1929, -0.1709 -0.9138 0.1929, -0.1921 -0.9251 0.1929, -0.1792 -0.9002 0.1929, -0.2033 -0.9075 0.1929, -0.185 -0.8817 0.1929, -0.2104 -0.8868 0.1929, -0.1868 -0.8611 0.1929, -0.2132 -0.8605 0.1929, -0.1851 -0.8415 0.1929, -0.2117 -0.842 0.1929, -0.1805 -0.8259 0.1929, -0.1083 -0.9614 0.1969, -0.0547 -0.9614 0.1969, -0.1326 -0.9593 0.1969, -0.1553 -0.9525 0.1969, -0.1759 -0.9406 0.1969, -0.1921 -0.9251 0.1969, -0.2033 -0.9075 0.1969, -0.2104 -0.8868 0.1969, -0.2132 -0.8605 0.1969, -0.2117 -0.842 0.1969, -0.2065 -0.8226 0.1969, -0.1973 -0.8057 0.1969, -0.1834 -0.7902 0.1969, -0.1832 -0.79 0.1969, -0.1618 -0.7757 0.1969, -0.1387 -0.7676 0.1969, -0.1103 -0.7646 0.1969, -0.0547 -0.7646 0.1969, -0.1102 -0.7862 0.1969, -0.0811 -0.7862 0.1969, -0.0811 -0.9398 0.1969, -0.1091 -0.9398 0.1969, -0.1868 -0.8611 0.1969, -0.185 -0.8817 0.1969, -0.1792 -0.9002 0.1969, -0.1709 -0.9138 0.1969, -0.1598 -0.9247 0.1969, -0.1464 -0.9327 0.1969, -0.1299 -0.9379 0.1969, -0.1335 -0.7886 0.1969, -0.1497 -0.7943 0.1969, -0.1641 -0.8036 0.1969, -0.1737 -0.8138 0.1969, -0.1805 -0.8259 0.1969, -0.1851 -0.8415 0.1969
            ]
        }
        coordIndex [
            0,1,2,-1,2,1,3,-1,4,0,5,-1,5,0,2,-1,6,4,7,-1,7,4,5,-1,8,6,9,-1,9,6,7,-1,10,8,11,-1,11,8,9,-1,1,10,3,-1,3,10,11,-1,6,8,4,-1,4,8,10,-1,4,10,0,-1,0,10,1,-1,12,13,14,-1,14,13,15,-1,12,14,16,-1,12,16,17,-1,17,16,18,-1,17,18,19,-1,19,18,20,-1,19,20,21,-1,21,20,22,-1,21,22,23,-1,23,22,24,-1,23,24,25,-1,25,24,26,-1,25,26,27,-1,27,26,28,-1,27,28,29,-1,29,28,30,-1,29,30,31,-1,31,30,32,-1,31,32,33,-1,33,32,34,-1,33,34,35,-1,35,34,36,-1,35,36,37,-1,37,36,38,-1,37,38,39,-1,39,38,40,-1,39,40,41,-1,41,40,42,-1,41,42,43,-1,43,42,44,-1,43,44,45,-1,45,44,46,-1,45,46,47,-1,47,46,48,-1,47,48,49,-1,49,48,50,-1,49,50,51,-1,51,50,52,-1,51,52,53,-1,54,53,55,-1,55,53,52,-1,54,55,56,-1,54,56,57,-1,57,56,58,-1,57,58,59,-1,59,58,60,-1,59,60,61,-1,61,60,62,-1,61,62,63,-1,63,62,64,-1,63,64,65,-1,65,64,66,-1,65,66,67,-1,67,66,68,-1,67,68,69,-1,69,68,70,-1,69,70,71,-1,71,70,72,-1,71,72,73,-1,73,72,74,-1,73,74,75,-1,75,74,76,-1,75,76,77,-1,77,76,78,-1,77,78,79,-1,79,78,80,-1,79,80,81,-1,81,80,82,-1,81,82,83,-1,83,82,84,-1,83,84,85,-1,85,84,86,-1,86,84,87,-1,86,87,88,-1,15,13,89,-1,86,88,90,-1,86,90,91,-1,91,90,92,-1,91,92,89,-1,89,92,93,-1,89,93,15,-1,23,86,21,-1,21,86,91,-1,21,91,19,-1,19,91,89,-1,19,89,17,-1,17,89,13,-1,17,13,12,-1,53,54,51,-1,51,54,57,-1,51,57,49,-1,49,57,59,-1,49,59,47,-1,47,59,61,-1,47,61,45,-1,45,61,63,-1,45,63,43,-1,43,63,65,-1,43,65,41,-1,41,65,67,-1,41,67,39,-1,39,67,69,-1,39,69,37,-1,37,69,71,-1,37,71,35,-1,35,71,73,-1,35,73,33,-1,33,73,75,-1,33,75,31,-1,31,75,77,-1,31,77,29,-1,29,77,79,-1,29,79,27,-1,27,79,81,-1,27,81,25,-1,25,81,83,-1,25,83,23,-1,23,83,85,-1,23,85,86,-1,94,95,96,-1,96,95,97,-1,98,94,99,-1,99,94,96,-1,100,98,101,-1,101,98,99,-1,102,100,103,-1,103,100,101,-1,104,102,105,-1,105,102,103,-1,106,104,107,-1,107,104,105,-1,108,106,109,-1,109,106,107,-1,110,108,111,-1,111,108,109,-1,112,110,113,-1,113,110,111,-1,114,112,115,-1,115,112,113,-1,116,114,117,-1,117,114,115,-1,95,116,97,-1,97,116,117,-1,116,95,94,-1,94,98,116,-1,116,98,100,-1,116,100,114,-1,110,112,108,-1,108,112,114,-1,108,114,106,-1,106,114,100,-1,106,100,104,-1,104,100,102,-1,118,119,120,-1,120,119,121,-1,120,121,122,-1,122,121,123,-1,122,123,124,-1,124,123,125,-1,124,125,126,-1,126,125,127,-1,126,127,128,-1,128,127,129,-1,128,129,130,-1,130,129,131,-1,130,131,132,-1,132,131,133,-1,132,133,134,-1,134,133,135,-1,134,135,136,-1,136,135,137,-1,136,137,138,-1,138,137,139,-1,138,139,140,-1,140,139,141,-1,140,141,142,-1,142,141,143,-1,142,143,144,-1,144,143,145,-1,144,145,146,-1,146,145,147,-1,146,147,148,-1,148,147,149,-1,148,149,150,-1,150,149,151,-1,150,151,152,-1,152,151,118,-1,152,118,120,-1,135,133,153,-1,153,133,154,-1,135,153,155,-1,135,155,137,-1,137,155,156,-1,137,156,139,-1,139,156,157,-1,139,157,141,-1,141,157,158,-1,141,158,143,-1,143,158,159,-1,143,159,145,-1,145,159,160,-1,145,160,147,-1,147,160,161,-1,147,161,149,-1,149,161,162,-1,149,162,151,-1,151,162,163,-1,151,163,118,-1,118,163,164,-1,118,164,119,-1,119,164,165,-1,119,165,121,-1,121,165,166,-1,121,166,123,-1,123,166,167,-1,123,167,125,-1,125,167,168,-1,125,168,127,-1,127,168,169,-1,127,169,129,-1,131,129,170,-1,170,129,169,-1,133,131,154,-1,154,131,170,-1,128,130,171,-1,171,130,172,-1,130,132,172,-1,172,132,173,-1,132,134,173,-1,173,134,174,-1,148,175,176,-1,148,176,146,-1,146,176,177,-1,146,177,144,-1,144,177,178,-1,144,178,142,-1,142,178,179,-1,142,179,140,-1,140,179,180,-1,140,180,138,-1,138,180,181,-1,138,181,136,-1,136,181,174,-1,136,174,134,-1,128,171,182,-1,128,182,126,-1,126,182,183,-1,126,183,124,-1,124,183,184,-1,124,184,122,-1,122,184,185,-1,122,185,120,-1,120,185,186,-1,120,186,152,-1,152,186,187,-1,152,187,150,-1,150,187,175,-1,150,175,148,-1,
        ]
    }
}
Shape{
    appearance Appearance {
        material  Material 	{
            diffuseColor 0.25098039215686274 0.25098039215686274 0.25098039215686274
            specularColor 0.12549019607843137 0.12549019607843137 0.12549019607843137
            ambientIntensity 0.251
            transparency 0.0
            shininess 0.5
        }
    }
    geometry IndexedFaceSet {
        ccw TRUE
        solid FALSE
        coord DEF co Coordinate {
            point [
                -0.0811 -0.7862 0.1969, -0.0811 -0.9398 0.1969, -0.1102 -0.7862 0.1969, -0.1091 -0.9398 0.1969, -0.1299 -0.9379 0.1969, -0.1868 -0.8611 0.1969, -0.1851 -0.8415 0.1969, -0.1805 -0.8259 0.1969, -0.1335 -0.7886 0.1969, -0.1464 -0.9327 0.1969, -0.1598 -0.9247 0.1969, -0.1709 -0.9138 0.1969, -0.1792 -0.9002 0.1969, -0.185 -0.8817 0.1969, -0.1737 -0.8138 0.1969, -0.1641 -0.8036 0.1969, -0.1497 -0.7943 0.1969
            ]
        }
        coordIndex [
            0,1,2,-1,2,1,3,-1,2,3,4,-1,5,6,2,-1,2,6,7,-1,2,7,8,-1,4,9,2,-1,2,9,10,-1,2,10,11,-1,11,12,2,-1,2,12,13,-1,2,13,5,-1,14,15,7,-1,7,15,16,-1,7,16,8,-1,
        ]
    }
}
Shape{
    appearance Appearance {
        material  Material 	{
            diffuseColor 1.0 1.0 1.0
            specularColor 0.8784313725490196 0.8784313725490196 0.8784313725490196
            ambientIntensity 1.0
            transparency 0.0
            shininess 0.5
        }
    }
    geometry IndexedFaceSet {
        ccw TRUE
        solid FALSE
        coord DEF co Coordinate {
            point [
                -0.2818 -0.8846 0.1929, -0.2752 -0.9062 0.1929, -0.3476 -0.8846 0.1929, -0.3565 -0.9062 0.1929, -0.3112 -0.8024 0.1929, -0.302 -0.7646 0.1929, -0.2276 -0.9614 0.1929, -0.2564 -0.9614 0.1929, -0.3131 -0.7955 0.1929, -0.3143 -0.7886 0.1929, -0.3284 -0.7646 0.1929, -0.315 -0.7886 0.1929, -0.3163 -0.7955 0.1929, -0.318 -0.8024 0.1929, -0.4052 -0.9614 0.1929, -0.3764 -0.9614 0.1929, -0.3284 -0.7646 0.1969, -0.4052 -0.9614 0.1969, -0.302 -0.7646 0.1969, -0.2276 -0.9614 0.1969, -0.2564 -0.9614 0.1969, -0.2752 -0.9062 0.1969, -0.3565 -0.9062 0.1969, -0.3764 -0.9614 0.1969, -0.2818 -0.8846 0.1969, -0.3476 -0.8846 0.1969, -0.318 -0.8024 0.1969, -0.315 -0.7886 0.1969, -0.3163 -0.7955 0.1969, -0.3143 -0.7886 0.1969, -0.3112 -0.8024 0.1969, -0.3131 -0.7955 0.1969
            ]
        }
        coordIndex [
            0,1,2,-1,2,1,3,-1,4,5,0,-1,0,5,6,-1,0,6,1,-1,1,6,7,-1,4,8,5,-1,5,8,9,-1,5,9,10,-1,10,9,11,-1,10,11,12,-1,12,13,10,-1,10,13,2,-1,10,2,14,-1,14,2,3,-1,14,3,15,-1,10,14,16,-1,16,14,17,-1,5,10,18,-1,18,10,16,-1,6,5,19,-1,19,5,18,-1,7,6,20,-1,20,6,19,-1,1,7,21,-1,21,7,20,-1,3,1,22,-1,22,1,21,-1,15,3,23,-1,23,3,22,-1,14,15,17,-1,17,15,23,-1,0,2,24,-1,24,2,25,-1,2,13,25,-1,25,13,26,-1,11,27,28,-1,11,28,12,-1,12,28,26,-1,12,26,13,-1,11,9,27,-1,27,9,29,-1,4,30,31,-1,4,31,8,-1,8,31,29,-1,8,29,9,-1,4,0,30,-1,30,0,24,-1,
        ]
    }
}
Shape{
    appearance Appearance {
        material  Material 	{
            diffuseColor 0.25098039215686274 0.25098039215686274 0.25098039215686274
            specularColor 0.12549019607843137 0.12549019607843137 0.12549019607843137
            ambientIntensity 0.251
            transparency 0.0
            shininess 0.5
        }
    }
    geometry IndexedFaceSet {
        ccw TRUE
        solid FALSE
        coord DEF co Coordinate {
            point [
                -0.2818 -0.8846 0.1969, -0.3476 -0.8846 0.1969, -0.3112 -0.8024 0.1969, -0.318 -0.8024 0.1969, -0.3131 -0.7955 0.1969, -0.3163 -0.7955 0.1969, -0.3143 -0.7886 0.1969, -0.315 -0.7886 0.1969, -4.0551 -0.9626 0.1969, -4.0551 -2.6874 0.1969, -4.0755 -2.6874 0.1942, -4.0755 0.8953 0.1942, -4.0551 0.8953 0.1969, -4.0551 -0.4157 0.1969, -4.0945 0.8953 0.1863, -4.0945 -2.6874 0.1863, -4.1108 0.8953 0.1738, -4.1108 -2.6874 0.1738, -4.1233 0.8953 0.1575, -4.1233 -2.6874 0.1575, -4.1312 0.8953 0.1385, -4.1312 -2.6874 0.1385, -4.1339 0.8953 0.1181, -4.1339 -2.6874 0.1181, 4.0551 -0.4157 0.1969, 4.0551 0.8953 0.1969, 4.0755 0.8953 0.1942, 4.0551 -0.9626 0.1969, 4.0551 -2.6874 0.1969, 4.0755 -2.6874 0.1942, 4.0945 -2.6874 0.1863, 4.0945 0.8953 0.1863, 4.1108 -2.6874 0.1738, 4.1108 0.8953 0.1738, 4.1233 -2.6874 0.1575, 4.1233 0.8953 0.1575, 4.1312 -2.6874 0.1385, 4.1312 0.8953 0.1385, 4.1339 -2.6874 0.1181, 4.1339 0.8953 0.1181, 4.1903 0.972 0.1543, 4.2072 0.974 0.1589, 4.2126 0.974 0.1181, 4.0551 0.974 0.2756, 4.0959 0.974 0.2702, 4.0551 0.972 0.2581, 4.0913 0.972 0.2533, 4.0551 0.9711 0.2553, 4.087 0.9662 0.2372, 4.1951 0.972 0.1181, 4.1923 0.9711 0.1181, 4.1742 0.9662 0.15, 4.0832 0.9568 0.2228, 4.0551 0.9631 0.2365, 4.0551 0.9662 0.2414, 4.1784 0.9662 0.1181, 4.1735 0.9631 0.1181, 4.1598 0.9568 0.1462, 4.0799 0.9444 0.2108, 4.0551 0.9506 0.2203, 4.0551 0.9568 0.2265, 4.1635 0.9568 0.1181, 4.1573 0.9506 0.1181, 4.1478 0.9444 0.1429, 4.0551 0.9156 0.1998, 4.0551 0.9294 0.2047, 4.0775 0.9294 0.2017, 4.0551 0.9344 0.2078, 4.0551 0.9444 0.214, 4.1339 0.974 0.2545, 4.1251 0.972 0.2393, 4.1168 0.9662 0.2249, 4.1093 0.9568 0.212, 4.1031 0.9444 0.2012, 4.0984 0.9294 0.1931, 4.1665 0.974 0.2295, 4.1541 0.972 0.2171, 4.1423 0.9662 0.2053, 4.1318 0.9568 0.1948, 4.1229 0.9444 0.1859, 4.1163 0.9294 0.1793, 4.1915 0.974 0.1969, 4.1763 0.972 0.1881, 4.1619 0.9662 0.1798, 4.149 0.9568 0.1723, 4.1382 0.9444 0.1661, 4.1301 0.9294 0.1614, 4.1387 0.9294 0.1405, 4.0551 0.9128 0.1988, 4.076 0.9128 0.1961, 4.151 0.9444 0.1181, 4.1448 0.9344 0.1181, 4.1417 0.9294 0.1181, 4.1368 0.9156 0.1181, 4.0955 0.9128 0.188, 4.1122 0.9128 0.1752, 4.125 0.9128 0.1585, 4.1331 0.9128 0.139, 4.1358 0.9128 0.1181, 4.2126 -2.7661 0.1181, 4.2072 -2.7661 0.1589, 4.1922 -2.7635 0.1181, 4.1875 -2.7635 0.1536, 4.1732 -2.7556 0.1181, 4.1692 -2.7556 0.1487, 4.1569 -2.7431 0.1181, 4.1535 -2.7431 0.1445, 4.1444 -2.7268 0.1181, 4.1414 -2.7268 0.1412, 4.1365 -2.7078 0.1181, 4.1338 -2.7078 0.1392, 4.1915 -2.7661 0.1969, 4.1739 -2.7635 0.1867, 4.1574 -2.7556 0.1772, 4.1433 -2.7431 0.169, 4.1324 -2.7268 0.1628, 4.1256 -2.7078 0.1588, 4.1665 -2.7661 0.2295, 4.1521 -2.7635 0.2151, 4.1386 -2.7556 0.2016, 4.1271 -2.7431 0.1901, 4.1183 -2.7268 0.1813, 4.1127 -2.7078 0.1757, 4.1339 -2.7661 0.2545, 4.1237 -2.7635 0.2368, 4.1142 -2.7556 0.2204, 4.106 -2.7431 0.2063, 4.0998 -2.7268 0.1954, 4.0958 -2.7078 0.1886, 4.0959 -2.7661 0.2702, 4.0906 -2.7635 0.2505, 4.0857 -2.7556 0.2322, 4.0815 -2.7431 0.2164, 4.0782 -2.7268 0.2044, 4.0762 -2.7078 0.1968, 4.0551 -2.7661 0.2756, 4.0551 -2.7635 0.2552, 4.0551 -2.7556 0.2362, 4.0551 -2.7431 0.2199, 4.0551 -2.7268 0.2074, 4.0551 -2.7078 0.1995, -4.0551 0.974 0.2756, -4.0551 0.9713 0.2552, -4.0551 0.9635 0.2362, -4.0551 0.951 0.2199, -4.0551 0.9346 0.2074, -4.0551 0.9157 0.1995, 2.0 0.8953 0.1969, 3.0 0.8953 0.1969, 1.0 0.8953 0.1969, 0.3967 0.8953 0.1969, 0.2825 0.8953 0.1969, 0.1085 0.8953 0.1969, -0.2204 0.8953 0.1969, -0.9034 0.8953 0.1969, -2.0 0.8953 0.1969, -3.0 0.8953 0.1969, -3.8268 0.8953 0.1969, 4.2126 0.974 0.0787, 4.1951 0.972 0.0612, 4.1923 0.9711 0.0585, 4.1784 0.9662 0.0446, 4.1735 0.9631 0.0396, 4.1635 0.9568 0.0296, 4.1573 0.9506 0.0234, 4.151 0.9444 0.0172, 4.1448 0.9344 0.0109, 4.1417 0.9294 0.0078, 4.1365 0.9157 0.0027, 4.136 0.9128 0.0021, 4.1344 0.9041 0.0005, 4.1339 0.8953 0.0, 4.2126 -2.7661 0.0787, 4.1922 -2.7635 0.0584, 4.1732 -2.7556 0.0394, 4.1569 -2.7431 0.0231, 4.1501 -2.7353 0.0163, 4.1444 -2.7268 0.0106, 4.1399 -2.7175 0.006, 4.1365 -2.7078 0.0027, 4.1345 -2.6977 0.0007, 4.1339 -2.6874 0.0, -3.0 -2.6874 0.1969, -4.0551 -2.7077 0.1998, -3.8268 -2.6874 0.1969, -4.0551 -2.7049 0.1988, -2.0 -2.6874 0.1969, -0.9034 -2.6874 0.1969, -0.2204 -2.6874 0.1969, 0.1085 -2.6874 0.1969, 0.2825 -2.6874 0.1969, 0.3967 -2.6874 0.1969, 1.0 -2.6874 0.1969, 2.0 -2.6874 0.1969, 3.0 -2.6874 0.1969, -4.0551 -2.7216 0.2047, -4.0551 -2.7265 0.2078, -4.0551 -2.7365 0.214, -4.0551 -2.7427 0.2203, -4.0551 -2.749 0.2265, -4.0551 -2.7552 0.2365, -4.0551 -2.7583 0.2414, -4.0551 -2.7632 0.2553, -4.0551 -2.7642 0.2581, -4.0551 -2.7661 0.2756, -4.2126 0.974 0.1181, -4.2072 0.974 0.1589, -4.1922 0.9713 0.1181, -4.1875 0.9713 0.1536, -4.1732 0.9635 0.1181, -4.1692 0.9635 0.1487, -4.1569 0.951 0.1181, -4.1535 0.951 0.1445, -4.1444 0.9346 0.1181, -4.1414 0.9346 0.1412, -4.1365 0.9157 0.1181, -4.1338 0.9157 0.1392, -4.1915 0.974 0.1969, -4.1739 0.9713 0.1867, -4.1574 0.9635 0.1772, -4.1433 0.951 0.169, -4.1324 0.9346 0.1628, -4.1256 0.9157 0.1588, -4.1665 0.974 0.2295, -4.1521 0.9713 0.2151, -4.1386 0.9635 0.2016, -4.1271 0.951 0.1901, -4.1183 0.9346 0.1813, -4.1127 0.9157 0.1757, -4.1339 0.974 0.2545, -4.1237 0.9713 0.2368, -4.1142 0.9635 0.2204, -4.106 0.951 0.2063, -4.0998 0.9346 0.1954, -4.0958 0.9157 0.1886, -4.0959 0.974 0.2702, -4.0906 0.9713 0.2505, -4.0857 0.9635 0.2322, -4.0815 0.951 0.2164, -4.0782 0.9346 0.2044, -4.0762 0.9157 0.1968, 4.252 0.9717 0.0613, 4.252 0.974 0.0787, 4.252 0.9713 0.0584, 4.252 0.9657 0.0448, 4.252 0.9635 0.0394, 4.252 0.9563 0.0301, 4.252 0.951 0.0231, 4.252 0.944 0.0177, 4.252 0.9346 0.0106, 4.252 0.9292 0.0083, 4.252 0.9157 0.0027, 4.252 0.9128 0.0023, 4.252 0.8953 0.0, 4.252 -2.6874 0.0, 4.2723 0.8953 0.0027, 4.2723 -2.6874 0.0027, 4.2913 0.8953 0.0106, 4.2913 -2.6874 0.0106, 4.3076 0.8953 0.0231, 4.3076 -2.6874 0.0231, 4.3202 0.8953 0.0394, 4.3202 -2.6874 0.0394, 4.328 0.8953 0.0584, 4.328 -2.6874 0.0584, 4.3307 0.8953 0.0787, 4.3307 -2.6874 0.0787, 4.252 -2.7078 0.0027, 4.252 -2.7268 0.0106, 4.252 -2.7431 0.0231, 4.252 -2.7556 0.0394, 4.252 -2.7635 0.0584, 4.252 -2.7661 0.0787, -4.1903 -2.7642 0.1543, -4.2072 -2.7661 0.1589, -4.2126 -2.7661 0.1181, -4.0959 -2.7661 0.2702, -4.0913 -2.7642 0.2533, -4.087 -2.7583 0.2372, -4.1951 -2.7642 0.1181, -4.1923 -2.7632 0.1181, -4.1742 -2.7583 0.15, -4.0832 -2.749 0.2228, -4.1784 -2.7583 0.1181, -4.1735 -2.7552 0.1181, -4.1598 -2.749 0.1462, -4.0799 -2.7365 0.2108, -4.1635 -2.749 0.1181, -4.1573 -2.7427 0.1181, -4.1478 -2.7365 0.1429, -4.0775 -2.7216 0.2017, -4.1339 -2.7661 0.2545, -4.1251 -2.7642 0.2393, -4.1168 -2.7583 0.2249, -4.1093 -2.749 0.212, -4.1031 -2.7365 0.2012, -4.0984 -2.7216 0.1931, -4.1665 -2.7661 0.2295, -4.1541 -2.7642 0.2171, -4.1423 -2.7583 0.2053, -4.1318 -2.749 0.1948, -4.1229 -2.7365 0.1859, -4.1163 -2.7216 0.1793, -4.1915 -2.7661 0.1969, -4.1763 -2.7642 0.1881, -4.1619 -2.7583 0.1798, -4.149 -2.749 0.1723, -4.1382 -2.7365 0.1661, -4.1301 -2.7216 0.1614, -4.1387 -2.7216 0.1405, -4.076 -2.7049 0.1961, -4.151 -2.7365 0.1181, -4.1448 -2.7265 0.1181, -4.1417 -2.7216 0.1181, -4.1368 -2.7077 0.1181, -4.0955 -2.7049 0.188, -4.1122 -2.7049 0.1752, -4.125 -2.7049 0.1585, -4.1331 -2.7049 0.139, -4.1358 -2.7049 0.1181, -4.2126 0.974 0.0787, -4.1951 0.9717 0.0613, -4.1786 0.9657 0.0448, -4.1922 0.9713 0.0584, -4.1639 0.9563 0.0301, -4.1732 0.9635 0.0394, -4.151 0.9444 0.0172, -4.1569 0.951 0.0231, -4.1417 0.9294 0.0078, -4.1448 0.9344 0.0109, -4.1339 0.8953 0.0, -4.1344 0.9041 0.0005, -4.1358 0.9128 0.002, -4.1365 0.9157 0.0027, 4.2664 0.9097 0.0027, 4.2696 0.9055 0.0027, 4.2622 0.9333 0.0106, 4.2664 0.9491 0.0231, 4.3254 0.915 0.0584, 4.328 0.9157 0.0787, 4.3057 0.9491 0.0584, 4.3076 0.951 0.0787, 4.3202 0.9346 0.0787, 4.2723 0.9713 0.0787, 4.2717 0.9687 0.0584, 4.2913 0.9635 0.0787, 4.29 0.9611 0.0584, 4.2861 0.9543 0.0394, 4.2696 0.9611 0.0394, 4.3057 0.9097 0.0231, 4.2798 0.9435 0.0231, 4.3002 0.9435 0.0394, 4.3178 0.9333 0.0584, 4.29 0.9055 0.0106, 4.2861 0.915 0.0106, 4.311 0.9294 0.0394, 4.2913 0.9346 0.0231, 4.2717 0.9294 0.0106, 4.2572 0.915 0.0027, 4.2717 0.9005 0.0027, 4.3178 0.9129 0.0394, 4.3002 0.9231 0.0231, 4.2798 0.9231 0.0106, 4.2622 0.9129 0.0027, 4.328 -2.7078 0.0787, 4.3202 -2.7268 0.0787, 4.3254 -2.7071 0.0584, 4.3178 -2.7254 0.0584, 4.3178 -2.7051 0.0394, 4.311 -2.7215 0.0394, 4.3057 -2.7018 0.0231, 4.3002 -2.7152 0.0231, 4.29 -2.6976 0.0106, 4.2861 -2.7071 0.0106, 4.2717 -2.6927 0.0027, 4.2696 -2.6976 0.0027, 4.3076 -2.7431 0.0787, 4.3057 -2.7412 0.0584, 4.3002 -2.7356 0.0394, 4.2913 -2.7268 0.0231, 4.2798 -2.7152 0.0106, 4.2664 -2.7018 0.0027, 4.2913 -2.7556 0.0787, 4.2723 -2.7635 0.0787, 4.29 -2.7533 0.0584, 4.2717 -2.7609 0.0584, 4.2861 -2.7465 0.0394, 4.2696 -2.7533 0.0394, 4.2798 -2.7356 0.0231, 4.2664 -2.7412 0.0231, 4.2717 -2.7215 0.0106, 4.2622 -2.7254 0.0106, 4.2622 -2.7051 0.0027, 4.2572 -2.7071 0.0027, -4.1339 -2.6874 0.0, -4.1345 -2.6977 0.0007, -4.1365 -2.7078 0.0027, -4.1399 -2.7175 0.006, -4.1444 -2.7268 0.0106, -4.1501 -2.7353 0.0163, -4.1569 -2.7431 0.0231, -4.1732 -2.7556 0.0394, -4.1922 -2.7635 0.0584, -4.2126 -2.7661 0.0787, -4.252 0.8953 0.0, -4.252 0.9128 0.0023, -4.252 0.9157 0.0027, -4.252 0.9292 0.0083, -4.252 0.9346 0.0106, -4.252 0.944 0.0177, -4.252 0.951 0.0231, -4.252 0.9563 0.0301, -4.252 0.9635 0.0394, -4.252 0.9657 0.0448, -4.252 0.9713 0.0584, -4.252 0.9717 0.0613, -4.252 0.974 0.0787, 4.3307 0.8953 4.6457, 4.328 0.9157 4.6457, 4.3202 0.9346 4.6457, 4.3076 0.951 4.6457, 4.2913 0.9635 4.6457, 4.2723 0.9713 4.6457, 4.252 0.974 4.6457, 4.252 0.8953 4.7244, 4.252 -2.6874 4.7244, 4.2723 -2.6874 4.7217, 4.2723 0.8953 4.7217, 4.2913 -2.6874 4.7139, 4.2913 0.8953 4.7139, 4.3076 -2.6874 4.7013, 4.3076 0.8953 4.7013, 4.3202 -2.6874 4.685, 4.3202 0.8953 4.685, 4.328 -2.6874 4.6661, 4.328 0.8953 4.6661, 4.3307 -2.6874 4.6457, 4.252 -2.7661 4.6457, 4.2723 -2.7635 4.6457, 4.2913 -2.7556 4.6457, 4.3076 -2.7431 4.6457, 4.3202 -2.7268 4.6457, 4.328 -2.7078 4.6457, -4.252 -2.7661 0.0787, -4.252 -2.7635 0.0584, -4.252 -2.7556 0.0394, -4.252 -2.7431 0.0231, -4.252 -2.7268 0.0106, -4.252 -2.7078 0.0027, -4.252 -2.6874 0.0, -4.2723 -2.6874 0.0027, -4.2723 0.8953 0.0027, -4.2913 -2.6874 0.0106, -4.2913 0.8953 0.0106, -4.3076 -2.6874 0.0231, -4.3076 0.8953 0.0231, -4.3202 -2.6874 0.0394, -4.3202 0.8953 0.0394, -4.328 -2.6874 0.0584, -4.328 0.8953 0.0584, -4.3307 -2.6874 0.0787, -4.3307 0.8953 0.0787, -4.2565 0.9151 0.0027, -4.2911 0.9631 0.0787, -4.2861 0.9662 0.0787, -4.285 0.9638 0.0584, -4.3073 0.9506 0.0787, -4.3011 0.9568 0.0787, -4.2994 0.9547 0.0584, -4.3198 0.9344 0.0787, -4.3135 0.9444 0.0787, -4.3114 0.9427 0.0584, -4.3278 0.9156 0.0787, -4.3229 0.9294 0.0787, -4.3205 0.9283 0.0584, -4.2695 0.972 0.0787, -4.2689 0.9694 0.0584, -4.2723 0.9711 0.0787, -4.2671 0.9618 0.0394, -4.2644 0.9496 0.0231, -4.2607 0.9337 0.0106, -4.3287 0.9128 0.0787, -4.3261 0.9122 0.0584, -4.3185 0.9104 0.0394, -4.3063 0.9077 0.0231, -4.2904 0.904 0.0106, -4.2718 0.8998 0.0027, -4.3134 0.9249 0.0394, -4.3053 0.9378 0.0394, -4.3021 0.9194 0.0231, -4.2955 0.93 0.0231, -4.2874 0.9124 0.0106, -4.2827 0.9198 0.0106, -4.2703 0.9041 0.0027, -4.2679 0.908 0.0027, -4.2945 0.9486 0.0394, -4.2867 0.9388 0.0231, -4.2765 0.9261 0.0106, -4.2647 0.9112 0.0027, -4.2816 0.9567 0.0394, -4.2761 0.9454 0.0231, -4.2691 0.9307 0.0106, -4.2608 0.9136 0.0027, 4.252 0.9713 4.6661, 4.2717 0.9687 4.6661, 4.2717 0.9294 4.7139, 4.2622 0.9129 4.7217, 4.2664 0.9097 4.7217, 4.2717 0.9005 4.7217, 4.2572 0.915 4.7217, 4.2622 0.9333 4.7139, 4.2664 0.9491 4.7013, 4.252 0.9157 4.7217, 4.2798 0.9231 4.7139, 4.2696 0.9055 4.7217, 4.2861 0.915 4.7139, 4.29 0.9055 4.7139, 4.252 0.9346 4.7139, 4.252 0.951 4.7013, 4.252 0.9635 4.685, 4.2798 0.9435 4.7013, 4.2913 0.9346 4.7013, 4.3002 0.9231 4.7013, 4.3057 0.9097 4.7013, 4.2696 0.9611 4.685, 4.2861 0.9543 4.685, 4.3002 0.9435 4.685, 4.311 0.9294 4.685, 4.3178 0.9129 4.685, 4.29 0.9611 4.6661, 4.3057 0.9491 4.6661, 4.3178 0.9333 4.6661, 4.3254 0.915 4.6661, 4.3254 -2.7071 4.6661, 4.3178 -2.7051 4.685, 4.29 -2.6976 4.7139, 4.2717 -2.6927 4.7217, 4.2696 -2.6976 4.7217, 4.2572 -2.7071 4.7217, 4.252 -2.7049 4.7221, 4.2622 -2.7051 4.7217, 4.2861 -2.7071 4.7139, 4.2664 -2.7018 4.7217, 4.2798 -2.7152 4.7139, 4.2717 -2.7215 4.7139, 4.2622 -2.7254 4.7139, 4.252 -2.7078 4.7217, 4.252 -2.7214 4.7161, 4.252 -2.7268 4.7139, 4.252 -2.7361 4.7067, 4.3057 -2.7018 4.7013, 4.3002 -2.7152 4.7013, 4.2913 -2.7268 4.7013, 4.2798 -2.7356 4.7013, 4.2664 -2.7412 4.7013, 4.252 -2.7431 4.7013, 4.311 -2.7215 4.685, 4.3002 -2.7356 4.685, 4.2861 -2.7465 4.685, 4.2696 -2.7533 4.685, 4.252 -2.7484 4.6944, 4.3178 -2.7254 4.6661, 4.3057 -2.7412 4.6661, 4.29 -2.7533 4.6661, 4.2717 -2.7609 4.6661, 4.252 -2.7556 4.685, 4.252 -2.7578 4.6796, 4.252 -2.7635 4.6661, 4.252 -2.7638 4.6632, -4.2723 -2.7635 0.0787, -4.2913 -2.7556 0.0787, -4.2717 -2.7609 0.0584, -4.29 -2.7533 0.0584, -4.2696 -2.7533 0.0394, -4.2861 -2.7465 0.0394, -4.2664 -2.7412 0.0231, -4.2798 -2.7356 0.0231, -4.2622 -2.7254 0.0106, -4.2717 -2.7215 0.0106, -4.2572 -2.7071 0.0027, -4.2622 -2.7051 0.0027, -4.3076 -2.7431 0.0787, -4.3057 -2.7412 0.0584, -4.3002 -2.7356 0.0394, -4.2913 -2.7268 0.0231, -4.2798 -2.7152 0.0106, -4.2664 -2.7018 0.0027, -4.3202 -2.7268 0.0787, -4.328 -2.7078 0.0787, -4.3178 -2.7254 0.0584, -4.3254 -2.7071 0.0584, -4.311 -2.7215 0.0394, -4.3178 -2.7051 0.0394, -4.3002 -2.7152 0.0231, -4.3057 -2.7018 0.0231, -4.2861 -2.7071 0.0106, -4.29 -2.6976 0.0106, -4.2696 -2.6976 0.0027, -4.2717 -2.6927 0.0027, -4.252 0.974 4.6457, -4.2723 0.9713 4.6457, -4.2913 0.9635 4.6457, -4.3076 0.951 4.6457, -4.3202 0.9346 4.6457, -4.328 0.9157 4.6457, -4.3307 0.8953 4.6457, -4.252 0.8953 4.7244, -4.252 0.9157 4.7217, -4.252 0.9346 4.7139, -4.252 0.951 4.7013, -4.252 0.9635 4.685, -4.252 0.9713 4.6661, -4.252 -2.6874 4.7244, -4.252 -2.7049 4.7221, -4.252 -2.7078 4.7217, -4.252 -2.7214 4.7161, -4.252 -2.7268 4.7139, -4.252 -2.7361 4.7067, -4.252 -2.7431 4.7013, -4.252 -2.7484 4.6944, -4.252 -2.7556 4.685, -4.252 -2.7578 4.6796, -4.252 -2.7635 4.6661, -4.252 -2.7638 4.6632, -4.252 -2.7661 4.6457, -4.3307 -2.6874 4.6457, -4.328 -2.7078 4.6457, -4.3202 -2.7268 4.6457, -4.3076 -2.7431 4.6457, -4.2913 -2.7556 4.6457, -4.2723 -2.7635 4.6457, -4.328 0.8953 4.6661, -4.3254 0.915 4.6661, -4.2861 0.915 4.7139, -4.2696 0.9055 4.7217, -4.2664 0.9097 4.7217, -4.2572 0.915 4.7217, -4.2717 0.9005 4.7217, -4.29 0.9055 4.7139, -4.3057 0.9097 4.7013, -4.2723 0.8953 4.7217, -4.2798 0.9231 4.7139, -4.2622 0.9129 4.7217, -4.2717 0.9294 4.7139, -4.2622 0.9333 4.7139, -4.2913 0.8953 4.7139, -4.3076 0.8953 4.7013, -4.3202 0.8953 4.685, -4.3002 0.9231 4.7013, -4.2913 0.9346 4.7013, -4.2798 0.9435 4.7013, -4.2664 0.9491 4.7013, -4.3178 0.9129 4.685, -4.311 0.9294 4.685, -4.3002 0.9435 4.685, -4.2861 0.9543 4.685, -4.2696 0.9611 4.685, -4.3178 0.9333 4.6661, -4.3057 0.9491 4.6661, -4.29 0.9611 4.6661, -4.2717 0.9687 4.6661, -4.2696 -2.7533 4.685, -4.2664 -2.7412 4.7013, -4.2622 -2.7254 4.7139, -4.2572 -2.7071 4.7217, -4.2622 -2.7051 4.7217, -4.2723 -2.6874 4.7217, -4.2717 -2.6927 4.7217, -4.2798 -2.7152 4.7139, -4.2696 -2.6976 4.7217, -4.2861 -2.7071 4.7139, -4.29 -2.6976 4.7139, -4.2913 -2.6874 4.7139, -4.2717 -2.7215 4.7139, -4.2664 -2.7018 4.7217, -4.2798 -2.7356 4.7013, -4.2913 -2.7268 4.7013, -4.3002 -2.7152 4.7013, -4.3057 -2.7018 4.7013, -4.3076 -2.6874 4.7013, -4.2861 -2.7465 4.685, -4.3002 -2.7356 4.685, -4.311 -2.7215 4.685, -4.3178 -2.7051 4.685, -4.3202 -2.6874 4.685, -4.2717 -2.7609 4.6661, -4.29 -2.7533 4.6661, -4.3057 -2.7412 4.6661, -4.3178 -2.7254 4.6661, -4.3254 -2.7071 4.6661, -4.328 -2.6874 4.6661
            ]
        }
        coordIndex [
            0,1,2,-1,2,1,3,-1,2,3,4,-1,4,3,5,-1,4,5,6,-1,6,5,7,-1,8,9,10,-1,11,12,13,-1,13,8,11,-1,11,8,10,-1,11,10,14,-1,14,10,15,-1,14,15,16,-1,16,15,17,-1,16,17,18,-1,18,17,19,-1,18,19,20,-1,20,19,21,-1,20,21,22,-1,22,21,23,-1,24,25,26,-1,24,26,27,-1,28,27,29,-1,29,27,26,-1,29,26,30,-1,30,26,31,-1,30,31,32,-1,32,31,33,-1,32,33,34,-1,34,33,35,-1,34,35,36,-1,36,35,37,-1,36,37,38,-1,38,37,39,-1,40,41,42,-1,43,44,45,-1,45,44,46,-1,45,46,47,-1,47,46,48,-1,42,49,40,-1,40,49,50,-1,40,50,51,-1,52,53,48,-1,48,53,54,-1,48,54,47,-1,50,55,51,-1,51,55,56,-1,51,56,57,-1,58,59,52,-1,52,59,60,-1,52,60,53,-1,56,61,57,-1,57,61,62,-1,57,62,63,-1,64,65,66,-1,66,65,67,-1,66,67,58,-1,58,67,68,-1,58,68,59,-1,44,69,46,-1,46,69,70,-1,46,70,48,-1,48,70,71,-1,48,71,52,-1,52,71,72,-1,52,72,58,-1,58,72,73,-1,58,73,66,-1,66,73,74,-1,69,75,70,-1,70,75,76,-1,70,76,71,-1,71,76,77,-1,71,77,72,-1,72,77,78,-1,72,78,73,-1,73,78,79,-1,73,79,74,-1,74,79,80,-1,75,81,76,-1,76,81,82,-1,76,82,77,-1,77,82,83,-1,77,83,78,-1,78,83,84,-1,78,84,79,-1,79,84,85,-1,79,85,80,-1,80,85,86,-1,81,41,82,-1,82,41,40,-1,82,40,83,-1,83,40,51,-1,83,51,84,-1,84,51,57,-1,84,57,85,-1,85,57,63,-1,85,63,86,-1,86,63,87,-1,25,88,89,-1,89,88,64,-1,62,90,63,-1,63,90,91,-1,63,91,87,-1,87,91,92,-1,87,92,93,-1,64,66,89,-1,89,66,74,-1,89,74,94,-1,94,74,80,-1,94,80,95,-1,95,80,86,-1,95,86,96,-1,96,86,87,-1,96,87,97,-1,97,87,93,-1,97,93,98,-1,25,89,26,-1,26,89,94,-1,26,94,31,-1,31,94,95,-1,31,95,33,-1,33,95,96,-1,33,96,35,-1,35,96,97,-1,35,97,37,-1,37,97,98,-1,37,98,39,-1,99,100,101,-1,101,100,102,-1,101,102,103,-1,103,102,104,-1,103,104,105,-1,105,104,106,-1,105,106,107,-1,107,106,108,-1,107,108,109,-1,109,108,110,-1,109,110,38,-1,38,110,36,-1,100,111,102,-1,102,111,112,-1,102,112,104,-1,104,112,113,-1,104,113,106,-1,106,113,114,-1,106,114,108,-1,108,114,115,-1,108,115,110,-1,110,115,116,-1,110,116,36,-1,36,116,34,-1,111,117,112,-1,112,117,118,-1,112,118,113,-1,113,118,119,-1,113,119,114,-1,114,119,120,-1,114,120,115,-1,115,120,121,-1,115,121,116,-1,116,121,122,-1,116,122,34,-1,34,122,32,-1,117,123,118,-1,118,123,124,-1,118,124,119,-1,119,124,125,-1,119,125,120,-1,120,125,126,-1,120,126,121,-1,121,126,127,-1,121,127,122,-1,122,127,128,-1,122,128,32,-1,32,128,30,-1,123,129,124,-1,124,129,130,-1,124,130,125,-1,125,130,131,-1,125,131,126,-1,126,131,132,-1,126,132,127,-1,127,132,133,-1,127,133,128,-1,128,133,134,-1,128,134,30,-1,30,134,29,-1,129,135,130,-1,130,135,136,-1,130,136,131,-1,131,136,137,-1,131,137,132,-1,132,137,138,-1,132,138,133,-1,133,138,139,-1,133,139,134,-1,134,139,140,-1,134,140,29,-1,29,140,28,-1,43,45,141,-1,141,45,142,-1,45,47,142,-1,142,47,54,-1,142,54,143,-1,54,53,143,-1,143,53,60,-1,143,60,144,-1,144,60,59,-1,144,59,145,-1,59,68,145,-1,145,68,67,-1,145,67,146,-1,146,67,65,-1,146,65,64,-1,147,64,148,-1,148,64,88,-1,148,88,25,-1,147,149,64,-1,64,149,150,-1,64,150,151,-1,151,152,64,-1,64,152,153,-1,64,153,146,-1,146,153,154,-1,146,154,155,-1,155,156,146,-1,146,156,157,-1,146,157,12,-1,42,158,49,-1,49,158,159,-1,49,159,50,-1,50,159,160,-1,50,160,55,-1,55,160,161,-1,55,161,56,-1,56,161,162,-1,56,162,61,-1,61,162,163,-1,61,163,62,-1,62,163,164,-1,62,164,90,-1,90,164,165,-1,90,165,91,-1,91,165,166,-1,91,166,92,-1,92,166,167,-1,92,167,93,-1,93,167,168,-1,93,168,98,-1,98,168,169,-1,98,169,39,-1,39,169,170,-1,39,170,171,-1,172,99,101,-1,172,101,173,-1,173,101,103,-1,173,103,174,-1,174,103,105,-1,174,105,175,-1,175,105,176,-1,176,105,107,-1,176,107,177,-1,177,107,178,-1,178,107,109,-1,178,109,179,-1,179,109,180,-1,180,109,38,-1,180,38,181,-1,182,183,184,-1,184,183,185,-1,184,185,9,-1,182,186,183,-1,183,186,187,-1,183,187,188,-1,189,190,140,-1,140,190,191,-1,140,191,192,-1,192,193,140,-1,140,193,194,-1,140,194,28,-1,188,189,183,-1,183,189,140,-1,183,140,195,-1,195,140,196,-1,196,140,139,-1,196,139,197,-1,197,139,198,-1,198,139,138,-1,198,138,199,-1,199,138,137,-1,199,137,200,-1,200,137,201,-1,201,137,136,-1,201,136,202,-1,202,136,203,-1,203,136,135,-1,203,135,204,-1,205,206,207,-1,207,206,208,-1,207,208,209,-1,209,208,210,-1,209,210,211,-1,211,210,212,-1,211,212,213,-1,213,212,214,-1,213,214,215,-1,215,214,216,-1,215,216,22,-1,22,216,20,-1,206,217,208,-1,208,217,218,-1,208,218,210,-1,210,218,219,-1,210,219,212,-1,212,219,220,-1,212,220,214,-1,214,220,221,-1,214,221,216,-1,216,221,222,-1,216,222,20,-1,20,222,18,-1,217,223,218,-1,218,223,224,-1,218,224,219,-1,219,224,225,-1,219,225,220,-1,220,225,226,-1,220,226,221,-1,221,226,227,-1,221,227,222,-1,222,227,228,-1,222,228,18,-1,18,228,16,-1,223,229,224,-1,224,229,230,-1,224,230,225,-1,225,230,231,-1,225,231,226,-1,226,231,232,-1,226,232,227,-1,227,232,233,-1,227,233,228,-1,228,233,234,-1,228,234,16,-1,16,234,14,-1,229,235,230,-1,230,235,236,-1,230,236,231,-1,231,236,237,-1,231,237,232,-1,232,237,238,-1,232,238,233,-1,233,238,239,-1,233,239,234,-1,234,239,240,-1,234,240,14,-1,14,240,11,-1,235,141,236,-1,236,141,142,-1,236,142,237,-1,237,142,143,-1,237,143,238,-1,238,143,144,-1,238,144,239,-1,239,144,145,-1,239,145,240,-1,240,145,146,-1,240,146,11,-1,11,146,12,-1,160,159,241,-1,241,159,158,-1,241,158,242,-1,241,243,160,-1,160,243,244,-1,160,244,161,-1,161,244,162,-1,244,245,162,-1,162,245,246,-1,162,246,163,-1,163,246,164,-1,246,247,164,-1,164,247,248,-1,164,248,165,-1,165,248,249,-1,165,249,166,-1,166,249,250,-1,166,250,167,-1,167,250,168,-1,168,250,251,-1,168,251,169,-1,169,251,252,-1,169,252,170,-1,170,252,253,-1,170,253,171,-1,254,253,255,-1,254,255,256,-1,256,255,257,-1,256,257,258,-1,258,257,259,-1,258,259,260,-1,260,259,261,-1,260,261,262,-1,262,261,263,-1,262,263,264,-1,264,263,265,-1,264,265,266,-1,181,254,180,-1,180,254,267,-1,268,178,267,-1,267,178,179,-1,267,179,180,-1,175,176,268,-1,268,176,177,-1,268,177,178,-1,268,269,175,-1,175,269,270,-1,175,270,174,-1,174,270,271,-1,174,271,173,-1,173,271,272,-1,173,272,172,-1,273,274,275,-1,204,276,203,-1,203,276,277,-1,203,277,202,-1,202,277,278,-1,275,279,273,-1,273,279,280,-1,273,280,281,-1,282,200,278,-1,278,200,201,-1,278,201,202,-1,280,283,281,-1,281,283,284,-1,281,284,285,-1,286,198,282,-1,282,198,199,-1,282,199,200,-1,284,287,285,-1,285,287,288,-1,285,288,289,-1,183,195,290,-1,290,195,196,-1,290,196,286,-1,286,196,197,-1,286,197,198,-1,276,291,277,-1,277,291,292,-1,277,292,278,-1,278,292,293,-1,278,293,282,-1,282,293,294,-1,282,294,286,-1,286,294,295,-1,286,295,290,-1,290,295,296,-1,291,297,292,-1,292,297,298,-1,292,298,293,-1,293,298,299,-1,293,299,294,-1,294,299,300,-1,294,300,295,-1,295,300,301,-1,295,301,296,-1,296,301,302,-1,297,303,298,-1,298,303,304,-1,298,304,299,-1,299,304,305,-1,299,305,300,-1,300,305,306,-1,300,306,301,-1,301,306,307,-1,301,307,302,-1,302,307,308,-1,303,274,304,-1,304,274,273,-1,304,273,305,-1,305,273,281,-1,305,281,306,-1,306,281,285,-1,306,285,307,-1,307,285,289,-1,307,289,308,-1,308,289,309,-1,9,185,310,-1,310,185,183,-1,288,311,289,-1,289,311,312,-1,289,312,309,-1,309,312,313,-1,309,313,314,-1,183,290,310,-1,310,290,296,-1,310,296,315,-1,315,296,302,-1,315,302,316,-1,316,302,308,-1,316,308,317,-1,317,308,309,-1,317,309,318,-1,318,309,314,-1,318,314,319,-1,9,310,10,-1,10,310,315,-1,10,315,15,-1,15,315,316,-1,15,316,17,-1,17,316,317,-1,17,317,19,-1,19,317,318,-1,19,318,21,-1,21,318,319,-1,21,319,23,-1,320,205,321,-1,321,205,207,-1,209,322,207,-1,207,322,323,-1,207,323,321,-1,211,324,209,-1,209,324,325,-1,209,325,322,-1,213,326,211,-1,211,326,327,-1,211,327,324,-1,215,328,213,-1,213,328,329,-1,213,329,326,-1,330,331,22,-1,22,331,332,-1,22,332,215,-1,215,332,333,-1,215,333,328,-1,334,335,253,-1,250,249,336,-1,248,247,337,-1,338,339,265,-1,340,341,342,-1,242,343,241,-1,241,343,344,-1,241,344,243,-1,345,341,346,-1,346,341,340,-1,346,340,347,-1,243,344,244,-1,244,344,348,-1,244,348,245,-1,343,345,344,-1,344,345,346,-1,344,346,348,-1,348,346,347,-1,348,347,337,-1,337,247,348,-1,348,247,246,-1,348,246,245,-1,261,259,349,-1,249,248,336,-1,336,248,337,-1,336,337,350,-1,350,337,347,-1,350,347,351,-1,351,347,340,-1,351,340,352,-1,352,340,342,-1,352,342,339,-1,349,353,354,-1,339,338,352,-1,352,338,355,-1,352,355,351,-1,351,355,356,-1,351,356,350,-1,350,356,357,-1,350,357,336,-1,336,357,358,-1,336,358,250,-1,335,334,354,-1,354,353,335,-1,335,353,359,-1,335,359,253,-1,349,259,353,-1,353,259,257,-1,353,257,359,-1,359,257,255,-1,359,255,253,-1,253,252,358,-1,358,252,251,-1,358,251,250,-1,265,263,338,-1,338,263,360,-1,338,360,355,-1,355,360,361,-1,355,361,356,-1,356,361,362,-1,356,362,357,-1,357,362,363,-1,357,363,358,-1,358,363,253,-1,263,261,360,-1,360,261,349,-1,360,349,361,-1,361,349,354,-1,361,354,362,-1,362,354,334,-1,362,334,363,-1,363,334,253,-1,364,365,366,-1,366,365,367,-1,366,367,368,-1,368,367,369,-1,368,369,370,-1,370,369,371,-1,370,371,372,-1,372,371,373,-1,372,373,374,-1,374,373,375,-1,374,375,254,-1,365,376,367,-1,367,376,377,-1,367,377,369,-1,369,377,378,-1,369,378,371,-1,371,378,379,-1,371,379,373,-1,373,379,380,-1,373,380,375,-1,375,380,381,-1,375,381,254,-1,266,364,264,-1,264,364,366,-1,264,366,262,-1,262,366,368,-1,262,368,260,-1,260,368,370,-1,260,370,258,-1,258,370,372,-1,258,372,256,-1,256,372,374,-1,256,374,254,-1,382,383,384,-1,384,383,385,-1,384,385,386,-1,386,385,387,-1,386,387,388,-1,388,387,389,-1,388,389,390,-1,390,389,391,-1,390,391,392,-1,392,391,393,-1,392,393,254,-1,383,272,385,-1,385,272,271,-1,385,271,387,-1,387,271,270,-1,387,270,389,-1,389,270,269,-1,389,269,391,-1,391,269,268,-1,391,268,393,-1,393,268,267,-1,393,267,254,-1,376,382,377,-1,377,382,384,-1,377,384,378,-1,378,384,386,-1,378,386,379,-1,379,386,388,-1,379,388,380,-1,380,388,390,-1,380,390,381,-1,381,390,392,-1,381,392,254,-1,394,23,395,-1,395,23,319,-1,395,319,396,-1,396,319,314,-1,396,314,397,-1,397,314,313,-1,397,313,398,-1,398,313,312,-1,398,312,399,-1,399,312,311,-1,399,311,400,-1,311,288,400,-1,400,288,287,-1,400,287,401,-1,287,284,401,-1,401,284,283,-1,401,283,402,-1,275,403,279,-1,279,403,402,-1,279,402,280,-1,280,402,283,-1,330,404,331,-1,331,404,405,-1,331,405,332,-1,332,405,333,-1,333,405,406,-1,333,406,328,-1,328,406,407,-1,328,407,329,-1,329,407,408,-1,329,408,326,-1,326,408,409,-1,326,409,327,-1,327,409,410,-1,327,410,324,-1,324,410,411,-1,324,411,325,-1,325,411,412,-1,325,412,322,-1,322,412,413,-1,322,413,323,-1,323,413,414,-1,323,414,321,-1,414,415,321,-1,321,415,416,-1,321,416,320,-1,417,265,339,-1,417,339,418,-1,418,339,342,-1,418,342,419,-1,419,342,341,-1,419,341,420,-1,420,341,345,-1,420,345,421,-1,421,345,343,-1,421,343,422,-1,422,343,242,-1,422,242,423,-1,424,425,426,-1,424,426,427,-1,427,426,428,-1,427,428,429,-1,429,428,430,-1,429,430,431,-1,431,430,432,-1,431,432,433,-1,433,432,434,-1,433,434,435,-1,435,434,436,-1,435,436,417,-1,437,272,383,-1,437,383,438,-1,438,383,382,-1,438,382,439,-1,439,382,376,-1,439,376,440,-1,440,376,365,-1,440,365,441,-1,441,365,364,-1,441,364,442,-1,442,364,266,-1,442,266,436,-1,403,443,444,-1,403,444,402,-1,402,444,445,-1,402,445,401,-1,401,445,446,-1,401,446,400,-1,400,446,399,-1,399,446,447,-1,399,447,398,-1,398,447,397,-1,397,447,448,-1,397,448,396,-1,396,448,395,-1,395,448,449,-1,395,449,394,-1,404,449,450,-1,404,450,451,-1,451,450,452,-1,451,452,453,-1,453,452,454,-1,453,454,455,-1,455,454,456,-1,455,456,457,-1,457,456,458,-1,457,458,459,-1,459,458,460,-1,459,460,461,-1,405,404,462,-1,463,464,465,-1,466,467,468,-1,469,470,471,-1,472,473,474,-1,416,415,475,-1,475,415,476,-1,475,476,477,-1,415,414,476,-1,476,414,413,-1,476,413,478,-1,413,412,478,-1,478,412,411,-1,478,411,479,-1,411,410,479,-1,479,410,409,-1,479,409,480,-1,461,481,459,-1,459,481,482,-1,459,482,457,-1,457,482,483,-1,457,483,455,-1,455,483,484,-1,455,484,453,-1,453,484,485,-1,453,485,451,-1,451,485,486,-1,451,486,404,-1,473,469,474,-1,474,469,471,-1,474,471,487,-1,487,471,488,-1,487,488,489,-1,489,488,490,-1,489,490,491,-1,491,490,492,-1,491,492,493,-1,493,492,494,-1,493,494,404,-1,470,466,471,-1,471,466,468,-1,471,468,488,-1,488,468,495,-1,488,495,490,-1,490,495,496,-1,490,496,492,-1,492,496,497,-1,492,497,494,-1,494,497,498,-1,494,498,404,-1,481,472,482,-1,482,472,474,-1,482,474,483,-1,483,474,487,-1,483,487,484,-1,484,487,489,-1,484,489,485,-1,485,489,491,-1,485,491,486,-1,486,491,493,-1,486,493,404,-1,464,477,465,-1,465,477,476,-1,465,476,499,-1,499,476,478,-1,499,478,500,-1,500,478,479,-1,500,479,501,-1,501,479,480,-1,501,480,502,-1,502,480,462,-1,502,462,404,-1,409,408,480,-1,480,408,407,-1,480,407,462,-1,462,407,406,-1,462,406,405,-1,467,463,468,-1,468,463,465,-1,468,465,495,-1,495,465,499,-1,495,499,496,-1,496,499,500,-1,496,500,497,-1,497,500,501,-1,497,501,498,-1,498,501,502,-1,498,502,404,-1,423,503,504,-1,505,506,507,-1,424,427,508,-1,507,506,424,-1,509,424,506,-1,509,506,510,-1,510,506,505,-1,510,505,511,-1,512,424,509,-1,513,514,515,-1,515,514,508,-1,515,508,516,-1,516,508,427,-1,516,427,429,-1,512,509,517,-1,517,509,510,-1,517,510,518,-1,518,510,511,-1,518,511,519,-1,520,513,521,-1,521,513,515,-1,521,515,522,-1,522,515,516,-1,522,516,523,-1,523,516,429,-1,523,429,431,-1,524,520,525,-1,525,520,521,-1,525,521,526,-1,526,521,522,-1,526,522,527,-1,527,522,523,-1,527,523,528,-1,528,523,431,-1,528,431,433,-1,503,524,504,-1,504,524,525,-1,504,525,529,-1,529,525,526,-1,529,526,530,-1,530,526,527,-1,530,527,531,-1,531,527,528,-1,531,528,532,-1,532,528,433,-1,532,433,435,-1,423,504,422,-1,422,504,529,-1,422,529,421,-1,421,529,530,-1,421,530,420,-1,420,530,531,-1,420,531,419,-1,419,531,532,-1,419,532,418,-1,418,532,435,-1,418,435,417,-1,514,424,508,-1,503,519,524,-1,524,519,511,-1,524,511,520,-1,520,511,505,-1,520,505,513,-1,513,505,507,-1,513,507,514,-1,514,507,424,-1,436,434,533,-1,434,432,534,-1,535,536,537,-1,537,536,425,-1,426,425,536,-1,538,425,539,-1,540,425,538,-1,426,536,428,-1,428,536,535,-1,428,535,430,-1,541,542,543,-1,543,542,540,-1,543,540,544,-1,544,540,538,-1,544,538,545,-1,539,546,538,-1,538,546,547,-1,538,547,545,-1,545,547,548,-1,545,548,549,-1,550,541,551,-1,551,541,543,-1,551,543,552,-1,552,543,544,-1,552,544,553,-1,553,544,545,-1,553,545,554,-1,554,545,549,-1,554,549,555,-1,432,550,534,-1,534,550,551,-1,534,551,556,-1,556,551,552,-1,556,552,557,-1,557,552,553,-1,557,553,558,-1,558,553,554,-1,558,554,559,-1,559,554,555,-1,559,555,560,-1,434,534,533,-1,533,534,556,-1,533,556,561,-1,561,556,557,-1,561,557,562,-1,562,557,558,-1,562,558,563,-1,563,558,559,-1,563,559,564,-1,542,425,540,-1,432,430,550,-1,550,430,535,-1,550,535,541,-1,541,535,537,-1,541,537,542,-1,542,537,425,-1,560,565,559,-1,559,565,566,-1,559,566,564,-1,564,566,567,-1,564,567,568,-1,436,533,442,-1,442,533,561,-1,442,561,441,-1,441,561,562,-1,441,562,440,-1,440,562,563,-1,440,563,439,-1,439,563,564,-1,439,564,438,-1,438,564,568,-1,438,568,437,-1,569,570,571,-1,571,570,572,-1,571,572,573,-1,573,572,574,-1,573,574,575,-1,575,574,576,-1,575,576,577,-1,577,576,578,-1,577,578,579,-1,579,578,580,-1,579,580,449,-1,570,581,572,-1,572,581,582,-1,572,582,574,-1,574,582,583,-1,574,583,576,-1,576,583,584,-1,576,584,578,-1,578,584,585,-1,578,585,580,-1,580,585,586,-1,580,586,449,-1,443,569,444,-1,444,569,571,-1,444,571,445,-1,445,571,573,-1,445,573,446,-1,446,573,575,-1,446,575,447,-1,447,575,577,-1,447,577,448,-1,448,577,579,-1,448,579,449,-1,587,588,589,-1,589,588,590,-1,589,590,591,-1,591,590,592,-1,591,592,593,-1,593,592,594,-1,593,594,595,-1,595,594,596,-1,595,596,597,-1,597,596,598,-1,597,598,449,-1,588,460,590,-1,590,460,458,-1,590,458,592,-1,592,458,456,-1,592,456,594,-1,594,456,454,-1,594,454,596,-1,596,454,452,-1,596,452,598,-1,598,452,450,-1,598,450,449,-1,581,587,582,-1,582,587,589,-1,582,589,583,-1,583,589,591,-1,583,591,584,-1,584,591,593,-1,584,593,585,-1,585,593,595,-1,585,595,586,-1,586,595,597,-1,586,597,449,-1,416,475,599,-1,599,475,600,-1,475,477,600,-1,600,477,464,-1,600,464,601,-1,464,463,601,-1,601,463,467,-1,601,467,602,-1,602,467,466,-1,602,466,603,-1,466,470,603,-1,603,470,469,-1,603,469,604,-1,469,473,604,-1,604,473,472,-1,604,472,605,-1,605,472,481,-1,605,481,461,-1,606,424,512,-1,606,512,607,-1,607,512,517,-1,607,517,608,-1,608,517,518,-1,608,518,609,-1,609,518,519,-1,609,519,610,-1,610,519,503,-1,610,503,611,-1,611,503,423,-1,611,423,599,-1,612,613,425,-1,425,613,539,-1,539,613,546,-1,546,613,614,-1,546,614,547,-1,547,614,615,-1,547,615,548,-1,548,615,616,-1,548,616,549,-1,549,616,617,-1,549,617,555,-1,555,617,618,-1,555,618,560,-1,560,618,619,-1,560,619,565,-1,565,619,620,-1,565,620,566,-1,566,620,621,-1,566,621,567,-1,567,621,622,-1,567,622,568,-1,622,623,568,-1,568,623,624,-1,568,624,437,-1,625,460,588,-1,625,588,626,-1,626,588,587,-1,626,587,627,-1,627,587,581,-1,627,581,628,-1,628,581,570,-1,628,570,629,-1,629,570,569,-1,629,569,630,-1,630,569,443,-1,630,443,624,-1,605,631,632,-1,633,634,635,-1,606,607,636,-1,635,634,606,-1,637,606,634,-1,637,634,638,-1,638,634,633,-1,638,633,639,-1,640,606,637,-1,641,642,643,-1,643,642,636,-1,643,636,644,-1,644,636,607,-1,644,607,608,-1,640,637,645,-1,645,637,638,-1,645,638,646,-1,646,638,639,-1,646,639,647,-1,648,641,649,-1,649,641,643,-1,649,643,650,-1,650,643,644,-1,650,644,651,-1,651,644,608,-1,651,608,609,-1,652,648,653,-1,653,648,649,-1,653,649,654,-1,654,649,650,-1,654,650,655,-1,655,650,651,-1,655,651,656,-1,656,651,609,-1,656,609,610,-1,631,652,632,-1,632,652,653,-1,632,653,657,-1,657,653,654,-1,657,654,658,-1,658,654,655,-1,658,655,659,-1,659,655,656,-1,659,656,660,-1,660,656,610,-1,660,610,611,-1,605,632,604,-1,604,632,657,-1,604,657,603,-1,603,657,658,-1,603,658,602,-1,602,658,659,-1,602,659,601,-1,601,659,660,-1,601,660,600,-1,600,660,611,-1,600,611,599,-1,642,606,636,-1,631,647,652,-1,652,647,639,-1,652,639,648,-1,648,639,633,-1,648,633,641,-1,641,633,635,-1,641,635,642,-1,642,635,606,-1,621,620,661,-1,619,618,662,-1,663,664,665,-1,612,666,667,-1,665,664,612,-1,613,612,664,-1,617,616,663,-1,663,616,615,-1,663,615,664,-1,664,615,614,-1,664,614,613,-1,668,669,670,-1,670,669,667,-1,670,667,671,-1,671,667,666,-1,671,666,672,-1,618,617,662,-1,662,617,663,-1,662,663,673,-1,673,663,665,-1,673,665,674,-1,674,665,612,-1,675,668,676,-1,676,668,670,-1,676,670,677,-1,677,670,671,-1,677,671,678,-1,678,671,672,-1,678,672,679,-1,661,675,680,-1,680,675,676,-1,680,676,681,-1,681,676,677,-1,681,677,682,-1,682,677,678,-1,682,678,683,-1,683,678,679,-1,683,679,684,-1,623,622,685,-1,685,622,621,-1,621,661,685,-1,685,661,680,-1,685,680,686,-1,686,680,681,-1,686,681,687,-1,687,681,682,-1,687,682,688,-1,688,682,683,-1,688,683,689,-1,689,683,684,-1,689,684,690,-1,630,624,623,-1,623,685,630,-1,630,685,686,-1,630,686,629,-1,629,686,687,-1,629,687,628,-1,628,687,688,-1,628,688,627,-1,627,688,689,-1,627,689,626,-1,626,689,690,-1,626,690,625,-1,669,612,667,-1,620,619,661,-1,661,619,662,-1,661,662,675,-1,675,662,673,-1,675,673,668,-1,668,673,674,-1,668,674,669,-1,669,674,612,-1,612,606,640,-1,612,640,666,-1,666,640,645,-1,666,645,672,-1,672,645,646,-1,672,646,679,-1,679,646,647,-1,679,647,684,-1,684,647,631,-1,684,631,690,-1,690,631,605,-1,690,605,625,-1,
        ]
    }
}
Shape{
    appearance Appearance {
        material  Material 	{
            diffuseColor 0.7529411764705882 0.7529411764705882 0.7529411764705882
            specularColor 0.3764705882352941 0.3764705882352941 0.3764705882352941
            ambientIntensity 0.7529
            transparency 0.0
            shininess 0.5
        }
    }
    geometry IndexedFaceSet {
        ccw TRUE
        solid FALSE
        coord DEF co Coordinate {
            point [
                3.4016 -0.0693 -1.5748, 3.4409 -0.0299 -1.6142, 3.5984 -0.0693 -1.5748, 3.5591 -0.0299 -1.6142, 3.4016 0.0488 -1.5748, 3.4409 0.0094 -1.6142, 3.5591 0.0094 -1.6142, 3.5984 0.0488 -1.5748, 2.4016 -0.0693 -1.5748, 2.4409 -0.0299 -1.6142, 2.5984 -0.0693 -1.5748, 2.5591 -0.0299 -1.6142, 2.4016 0.0488 -1.5748, 2.4409 0.0094 -1.6142, 2.5591 0.0094 -1.6142, 2.5984 0.0488 -1.5748, 1.4016 -0.0693 -1.5748, 1.4409 -0.0299 -1.6142, 1.5984 -0.0693 -1.5748, 1.5591 -0.0299 -1.6142, 1.4016 0.0488 -1.5748, 1.4409 0.0094 -1.6142, 1.5591 0.0094 -1.6142, 1.5984 0.0488 -1.5748, 0.4016 -0.0693 -1.5748, 0.4409 -0.0299 -1.6142, 0.5984 -0.0693 -1.5748, 0.5591 -0.0299 -1.6142, 0.4016 0.0488 -1.5748, 0.4409 0.0094 -1.6142, 0.5591 0.0094 -1.6142, 0.5984 0.0488 -1.5748, -1.5984 -0.0693 -1.5748, -1.5591 -0.0299 -1.6142, -1.4016 -0.0693 -1.5748, -1.4409 -0.0299 -1.6142, -1.5984 0.0488 -1.5748, -1.5591 0.0094 -1.6142, -1.4409 0.0094 -1.6142, -1.4016 0.0488 -1.5748, -3.5984 -0.0693 -1.5748, -3.5591 -0.0299 -1.6142, -3.4016 -0.0693 -1.5748, -3.4409 -0.0299 -1.6142, -3.5984 0.0488 -1.5748, -3.5591 0.0094 -1.6142, -3.4409 0.0094 -1.6142, -3.4016 0.0488 -1.5748, -2.5984 -0.0693 -1.5748, -2.5591 -0.0299 -1.6142, -2.4016 -0.0693 -1.5748, -2.4409 -0.0299 -1.6142, -2.5984 0.0488 -1.5748, -2.5591 0.0094 -1.6142, -2.4409 0.0094 -1.6142, -2.4016 0.0488 -1.5748
            ]
        }
        coordIndex [
            0,1,2,-1,2,1,3,-1,4,5,0,-1,0,5,1,-1,6,7,3,-1,3,7,2,-1,7,6,4,-1,4,6,5,-1,8,9,10,-1,10,9,11,-1,12,13,8,-1,8,13,9,-1,14,15,11,-1,11,15,10,-1,15,14,12,-1,12,14,13,-1,16,17,18,-1,18,17,19,-1,20,21,16,-1,16,21,17,-1,22,23,19,-1,19,23,18,-1,23,22,20,-1,20,22,21,-1,24,25,26,-1,26,25,27,-1,28,29,24,-1,24,29,25,-1,30,31,27,-1,27,31,26,-1,31,30,28,-1,28,30,29,-1,32,33,34,-1,34,33,35,-1,36,37,32,-1,32,37,33,-1,38,39,35,-1,35,39,34,-1,39,38,36,-1,36,38,37,-1,40,41,42,-1,42,41,43,-1,44,45,40,-1,40,45,41,-1,46,47,43,-1,43,47,42,-1,47,46,44,-1,44,46,45,-1,48,49,50,-1,50,49,51,-1,52,53,48,-1,48,53,49,-1,54,55,51,-1,51,55,50,-1,55,54,52,-1,52,54,53,-1,
        ]
    }
}
Shape{
    appearance Appearance {
        material  Material 	{
            diffuseColor 1.0 1.0 1.0
            specularColor 0.8784313725490196 0.8784313725490196 0.8784313725490196
            ambientIntensity 1.0
            transparency 0.0
            shininess 0.5
        }
    }
    geometry IndexedFaceSet {
        ccw TRUE
        solid FALSE
        coord DEF co Coordinate {
            point [
                -1.8173 -2.774 2.7559, -1.7645 -2.774 2.7559, -1.8173 -2.7661 2.7559, -1.7645 -2.7661 2.7559, -1.8962 -2.7661 2.4583, -1.8962 -2.774 2.4583, -1.8465 -2.7661 2.6455, -1.9008 -2.774 2.4392, -1.9008 -2.7661 2.4392, -1.9037 -2.774 2.4198, -1.9023 -2.7661 2.4294, -1.9037 -2.7661 2.4198, -1.9064 -2.774 2.4387, -1.905 -2.7661 2.4294, -1.9064 -2.7661 2.4387, -1.9105 -2.7661 2.4573, -1.9105 -2.774 2.4573, -1.9949 -2.7661 2.7559, -1.9949 -2.774 2.7559, -1.9637 -2.7661 2.6455, -2.0429 -2.774 2.7559, -2.0429 -2.7661 2.7559, -2.1303 -2.7661 2.46, -2.1303 -2.774 2.46, -2.0755 -2.7661 2.6455, -2.1356 -2.774 2.4401, -2.1356 -2.7661 2.4401, -2.1389 -2.774 2.4198, -2.1374 -2.7661 2.4294, -2.1389 -2.7661 2.4198, -2.1452 -2.7661 2.46, -2.1452 -2.774 2.46, -2.1411 -2.774 2.4401, -2.1399 -2.7661 2.4294, -2.1411 -2.7661 2.4401, -2.2254 -2.7661 2.7559, -2.2254 -2.774 2.7559, -2.1955 -2.7661 2.6455, -2.283 -2.774 2.7559, -2.283 -2.7661 2.7559, -2.1874 -2.7661 2.4294, -2.1678 -2.7661 2.3622, -2.1678 -2.774 2.3622, -2.2507 -2.7661 2.6455, -2.1101 -2.774 2.3622, -2.1101 -2.7661 2.3622, -2.0315 -2.7661 2.6455, -2.0308 -2.7661 2.6483, -2.0308 -2.774 2.6483, -2.0915 -2.7661 2.4294, -2.0261 -2.7661 2.6683, -2.0261 -2.774 2.6683, -2.0237 -2.7661 2.6887, -2.0237 -2.774 2.6887, -2.0189 -2.774 2.6887, -2.0189 -2.7661 2.6887, -2.0169 -2.7661 2.668, -2.0169 -2.774 2.668, -2.0125 -2.7661 2.6477, -2.0125 -2.774 2.6477, -2.0119 -2.7661 2.6455, -1.9513 -2.7661 2.4294, -1.9325 -2.774 2.3622, -1.9325 -2.7661 2.3622, -1.8749 -2.774 2.3622, -1.8749 -2.7661 2.3622, -1.856 -2.7661 2.4294, -1.7954 -2.7661 2.6455, -1.7068 -2.774 2.7559, -1.7068 -2.774 2.3622, -1.654 -2.774 2.5303, -1.654 -2.774 2.3622, -1.5521 -2.774 2.545, -1.5521 -2.774 2.5463, -1.5957 -2.774 2.5735, -1.5336 -2.774 2.6019, -1.4962 -2.774 2.576, -1.4874 -2.774 2.5856, -1.498 -2.774 2.4884, -1.5451 -2.774 2.473, -1.4937 -2.774 2.4813, -1.4812 -2.774 2.3622, -1.4236 -2.774 2.3622, -1.525 -2.774 2.617, -1.4764 -2.774 2.6035, -1.5207 -2.774 2.6329, -1.4694 -2.774 2.6249, -1.5196 -2.774 2.6473, -1.4668 -2.774 2.6516, -1.5213 -2.774 2.6643, -1.4679 -2.774 2.6691, -1.5256 -2.774 2.6775, -1.6108 -2.774 2.5298, -1.597 -2.774 2.527, -1.5857 -2.774 2.5219, -1.5738 -2.774 2.5127, -1.5343 -2.774 2.5346, -1.5212 -2.774 2.5217, -1.4729 -2.774 2.6906, -1.4823 -2.774 2.7096, -1.5324 -2.774 2.6885, -1.4955 -2.774 2.7253, -1.5414 -2.774 2.6975, -1.505 -2.774 2.7332, -1.5529 -2.774 2.7046, -1.5264 -2.774 2.7451, -1.5709 -2.774 2.7105, -1.5531 -2.774 2.7529, -1.595 -2.774 2.7127, -1.5881 -2.774 2.7559, -1.654 -2.774 2.7127, -1.654 -2.774 2.5735, -1.6182 -2.774 2.5303, -1.5169 -2.774 2.5608, -1.5457 -2.774 2.5894, -1.5482 -2.774 2.5475, -1.5591 -2.774 2.581, -1.5754 -2.774 2.5755, -1.4937 -2.7661 2.4813, -1.4631 -2.7661 2.4294, -1.4236 -2.7661 2.3622, -1.498 -2.7661 2.4884, -1.5212 -2.7661 2.5217, -1.5343 -2.7661 2.5346, -1.5521 -2.7661 2.545, -1.5521 -2.7661 2.5463, -1.5482 -2.7661 2.5475, -1.5169 -2.7661 2.5608, -1.4962 -2.7661 2.576, -1.4874 -2.7661 2.5856, -1.4764 -2.7661 2.6035, -1.4694 -2.7661 2.6249, -1.4674 -2.7661 2.6455, -1.4668 -2.7661 2.6516, -1.4679 -2.7661 2.6691, -1.4729 -2.7661 2.6906, -1.4823 -2.7661 2.7096, -1.4955 -2.7661 2.7253, -1.505 -2.7661 2.7332, -1.5264 -2.7661 2.7451, -1.5531 -2.7661 2.7529, -1.5881 -2.7661 2.7559, -1.7068 -2.7661 2.7559, -1.7068 -2.7661 2.4294, -1.7068 -2.7661 2.3622, -1.7068 -2.7661 2.6455, -1.654 -2.7661 2.3622, -1.654 -2.7661 2.5303, -1.654 -2.7661 2.4294, -1.6182 -2.7661 2.5303, -1.6108 -2.7661 2.5298, -1.597 -2.7661 2.527, -1.5857 -2.7661 2.5219, -1.5738 -2.7661 2.5127, -1.5451 -2.7661 2.473, -1.4812 -2.7661 2.3622, -1.52 -2.7661 2.4294, -1.595 -2.7661 2.7127, -1.654 -2.7661 2.7127, -1.654 -2.7661 2.5735, -1.5957 -2.7661 2.5735, -1.5196 -2.7661 2.6473, -1.5207 -2.7661 2.6329, -1.525 -2.7661 2.617, -1.5336 -2.7661 2.6019, -1.5457 -2.7661 2.5894, -1.5591 -2.7661 2.581, -1.5754 -2.7661 2.5755, -1.5709 -2.7661 2.7105, -1.5529 -2.7661 2.7046, -1.5414 -2.7661 2.6975, -1.5324 -2.7661 2.6885, -1.5256 -2.7661 2.6775, -1.5213 -2.7661 2.6643
            ]
        }
        coordIndex [
            0,1,2,-1,2,1,3,-1,4,5,6,-1,6,5,0,-1,6,0,2,-1,7,5,8,-1,8,5,4,-1,7,8,9,-1,9,8,10,-1,9,10,11,-1,9,11,12,-1,12,11,13,-1,13,14,12,-1,12,14,15,-1,12,15,16,-1,17,18,19,-1,19,18,16,-1,19,16,15,-1,20,18,21,-1,21,18,17,-1,22,23,24,-1,24,23,20,-1,24,20,21,-1,25,23,26,-1,26,23,22,-1,25,26,27,-1,27,26,28,-1,27,28,29,-1,30,31,32,-1,27,29,33,-1,27,33,32,-1,32,33,34,-1,32,34,30,-1,35,36,37,-1,37,36,31,-1,37,31,30,-1,38,36,39,-1,39,36,35,-1,40,41,42,-1,40,42,43,-1,43,42,38,-1,43,38,39,-1,44,42,45,-1,45,42,41,-1,46,47,48,-1,46,48,49,-1,49,48,44,-1,49,44,45,-1,48,47,50,-1,48,50,51,-1,51,50,52,-1,51,52,53,-1,54,53,55,-1,55,53,52,-1,54,55,56,-1,54,56,57,-1,57,56,58,-1,57,58,59,-1,58,60,59,-1,59,60,61,-1,59,61,62,-1,62,61,63,-1,64,62,65,-1,65,62,63,-1,65,66,64,-1,64,66,67,-1,64,67,1,-1,1,67,3,-1,36,38,31,-1,31,38,42,-1,31,42,32,-1,1,0,64,-1,64,0,5,-1,5,7,64,-1,64,7,9,-1,64,9,62,-1,32,42,27,-1,27,42,44,-1,27,44,25,-1,9,12,62,-1,62,12,16,-1,62,16,59,-1,59,16,18,-1,59,18,57,-1,48,20,44,-1,44,20,23,-1,44,23,25,-1,48,51,20,-1,20,51,53,-1,20,53,18,-1,18,53,54,-1,18,54,57,-1,68,69,70,-1,70,69,71,-1,72,73,74,-1,75,76,77,-1,78,79,80,-1,80,79,81,-1,80,81,82,-1,75,77,83,-1,83,77,84,-1,83,84,85,-1,85,84,86,-1,85,86,87,-1,87,86,88,-1,87,88,89,-1,89,88,90,-1,89,90,91,-1,92,93,74,-1,74,93,94,-1,74,94,72,-1,72,94,95,-1,72,95,96,-1,96,95,79,-1,96,79,97,-1,97,79,78,-1,90,98,91,-1,91,98,99,-1,91,99,100,-1,100,99,101,-1,100,101,102,-1,102,101,103,-1,102,103,104,-1,104,103,105,-1,104,105,106,-1,106,105,107,-1,106,107,108,-1,108,107,109,-1,108,109,110,-1,110,109,68,-1,110,68,111,-1,111,68,70,-1,111,70,74,-1,74,70,112,-1,74,112,92,-1,76,75,113,-1,113,75,114,-1,113,114,115,-1,115,114,116,-1,115,116,73,-1,73,116,117,-1,73,117,74,-1,118,80,119,-1,119,80,82,-1,119,82,120,-1,80,118,121,-1,80,121,78,-1,78,121,122,-1,78,122,97,-1,97,122,123,-1,97,123,96,-1,96,123,124,-1,96,124,72,-1,73,72,125,-1,125,72,124,-1,73,125,126,-1,73,126,115,-1,115,126,127,-1,115,127,113,-1,113,127,128,-1,113,128,76,-1,76,128,129,-1,76,129,77,-1,77,129,130,-1,77,130,84,-1,84,130,131,-1,84,131,86,-1,86,131,88,-1,88,131,132,-1,88,132,133,-1,88,133,134,-1,88,134,90,-1,90,134,135,-1,90,135,98,-1,98,135,136,-1,98,136,99,-1,99,136,137,-1,99,137,101,-1,101,137,138,-1,101,138,103,-1,103,138,139,-1,103,139,105,-1,105,139,140,-1,105,140,107,-1,107,140,141,-1,107,141,109,-1,68,109,142,-1,142,109,141,-1,143,144,69,-1,143,69,145,-1,145,69,68,-1,145,68,142,-1,71,69,146,-1,146,69,144,-1,147,70,148,-1,148,70,71,-1,148,71,146,-1,112,70,149,-1,149,70,147,-1,112,149,150,-1,112,150,92,-1,92,150,151,-1,92,151,93,-1,93,151,152,-1,93,152,94,-1,94,152,153,-1,94,153,95,-1,95,153,154,-1,95,154,79,-1,155,81,156,-1,156,81,79,-1,156,79,154,-1,82,81,120,-1,120,81,155,-1,108,110,157,-1,157,110,158,-1,110,111,158,-1,158,111,159,-1,111,74,159,-1,159,74,160,-1,87,161,162,-1,87,162,85,-1,85,162,163,-1,85,163,83,-1,83,163,164,-1,83,164,75,-1,75,164,165,-1,75,165,114,-1,114,165,166,-1,114,166,116,-1,116,166,167,-1,116,167,117,-1,117,167,160,-1,117,160,74,-1,108,157,168,-1,108,168,106,-1,106,168,169,-1,106,169,104,-1,104,169,170,-1,104,170,102,-1,102,170,171,-1,102,171,100,-1,100,171,172,-1,100,172,91,-1,91,172,173,-1,91,173,89,-1,89,173,161,-1,89,161,87,-1,
        ]
    }
}
Shape{
    appearance Appearance {
        material  Material 	{
            diffuseColor 0.25098039215686274 0.25098039215686274 0.25098039215686274
            specularColor 0.12549019607843137 0.12549019607843137 0.12549019607843137
            ambientIntensity 0.251
            transparency 0.0
            shininess 0.5
        }
    }
    geometry IndexedFaceSet {
        ccw TRUE
        solid FALSE
        coord DEF co Coordinate {
            point [
                -1.595 -2.7661 2.7127, -1.5196 -2.7661 2.6473, -1.5213 -2.7661 2.6643, -1.654 -2.7661 2.7127, -1.654 -2.7661 2.5735, -1.5957 -2.7661 2.5735, -1.5754 -2.7661 2.5755, -1.5414 -2.7661 2.6975, -1.5324 -2.7661 2.6885, -1.5256 -2.7661 2.6775, -1.5529 -2.7661 2.7046, -1.5709 -2.7661 2.7105, -1.5591 -2.7661 2.581, -1.5457 -2.7661 2.5894, -1.5336 -2.7661 2.6019, -1.525 -2.7661 2.617, -1.5207 -2.7661 2.6329
            ]
        }
        coordIndex [
            0,1,2,-1,3,4,0,-1,0,4,5,-1,0,5,6,-1,7,2,8,-1,8,2,9,-1,7,10,2,-1,2,10,11,-1,2,11,0,-1,6,12,0,-1,0,12,13,-1,0,13,14,-1,14,15,0,-1,0,15,16,-1,0,16,1,-1,
        ]
    }
}
Shape{
    appearance Appearance {
        material  Material 	{
            diffuseColor 1.0 1.0 1.0
            specularColor 0.8784313725490196 0.8784313725490196 0.8784313725490196
            ambientIntensity 1.0
            transparency 0.0
            shininess 0.5
        }
    }
    geometry IndexedFaceSet {
        ccw TRUE
        solid FALSE
        coord DEF co Coordinate {
            point [
                -1.3055 -2.774 2.5158, -1.2467 -2.774 2.6803, -1.2651 -2.774 2.7559, -1.414 -2.774 2.3622, -1.3563 -2.774 2.3622, -1.3188 -2.774 2.4726, -1.243 -2.774 2.6939, -1.2404 -2.774 2.7079, -1.2123 -2.774 2.7559, -1.2392 -2.774 2.7079, -1.2366 -2.774 2.694, -1.1738 -2.774 2.5158, -1.1561 -2.774 2.4726, -1.2331 -2.774 2.6803, -1.0587 -2.774 2.3622, -1.1163 -2.774 2.3622, -1.0587 -2.7661 2.3622, -1.0849 -2.7661 2.4294, -1.1692 -2.7661 2.6455, -1.2123 -2.7661 2.7559, -1.2651 -2.7661 2.7559, -1.3886 -2.7661 2.4294, -1.414 -2.7661 2.3622, -1.3069 -2.7661 2.6455, -1.3563 -2.7661 2.3622, -1.3188 -2.7661 2.4726, -1.3335 -2.7661 2.4294, -1.1561 -2.7661 2.4726, -1.1163 -2.7661 2.3622, -1.1405 -2.7661 2.4294, -1.3055 -2.7661 2.5158, -1.1738 -2.7661 2.5158, -1.2331 -2.7661 2.6803, -1.2392 -2.7661 2.7079, -1.2366 -2.7661 2.694, -1.2404 -2.7661 2.7079, -1.2467 -2.7661 2.6803, -1.243 -2.7661 2.6939
            ]
        }
        coordIndex [
            0,1,2,-1,3,4,5,-1,1,6,2,-1,2,6,7,-1,2,7,8,-1,8,7,9,-1,8,9,10,-1,2,3,0,-1,0,3,5,-1,0,5,11,-1,11,5,12,-1,10,13,8,-1,8,13,11,-1,8,11,14,-1,14,11,12,-1,14,12,15,-1,16,17,14,-1,14,17,18,-1,14,18,8,-1,8,18,19,-1,2,8,20,-1,20,8,19,-1,21,22,3,-1,21,3,23,-1,23,3,2,-1,23,2,20,-1,4,3,24,-1,24,3,22,-1,25,5,26,-1,26,5,4,-1,26,4,24,-1,12,5,27,-1,27,5,25,-1,28,15,29,-1,29,15,12,-1,29,12,27,-1,14,15,16,-1,16,15,28,-1,0,11,30,-1,30,11,31,-1,11,13,31,-1,31,13,32,-1,9,33,34,-1,9,34,10,-1,10,34,32,-1,10,32,13,-1,9,7,33,-1,33,7,35,-1,1,36,37,-1,1,37,6,-1,6,37,35,-1,6,35,7,-1,1,0,36,-1,36,0,30,-1,
        ]
    }
}
Shape{
    appearance Appearance {
        material  Material 	{
            diffuseColor 0.25098039215686274 0.25098039215686274 0.25098039215686274
            specularColor 0.12549019607843137 0.12549019607843137 0.12549019607843137
            ambientIntensity 0.251
            transparency 0.0
            shininess 0.5
        }
    }
    geometry IndexedFaceSet {
        ccw TRUE
        solid FALSE
        coord DEF co Coordinate {
            point [
                -1.3055 -2.7661 2.5158, -1.1738 -2.7661 2.5158, -1.2467 -2.7661 2.6803, -1.2331 -2.7661 2.6803, -1.243 -2.7661 2.6939, -1.2366 -2.7661 2.694, -1.2404 -2.7661 2.7079, -1.2392 -2.7661 2.7079
            ]
        }
        coordIndex [
            0,1,2,-1,2,1,3,-1,2,3,4,-1,4,3,5,-1,4,5,6,-1,6,5,7,-1,
        ]
    }
}
Shape{
    appearance Appearance {
        material  Material 	{
            diffuseColor 1.0 1.0 1.0
            specularColor 0.8784313725490196 0.8784313725490196 0.8784313725490196
            ambientIntensity 1.0
            transparency 0.0
            shininess 0.5
        }
    }
    geometry IndexedFaceSet {
        ccw TRUE
        solid FALSE
        coord DEF co Coordinate {
            point [
                -0.8528 -2.7661 2.5607, -0.8528 -2.774 2.5607, -0.7699 -2.7661 2.4294, -0.7274 -2.774 2.3622, -0.7274 -2.7661 2.3622, -0.7274 -2.7661 2.7559, -0.7274 -2.774 2.7559, -0.7983 -2.7661 2.6455, -0.785 -2.774 2.7559, -0.785 -2.7661 2.7559, -0.8687 -2.7661 2.6215, -0.8687 -2.774 2.6215, -0.8538 -2.7661 2.6455, -0.8768 -2.7661 2.6071, -0.8768 -2.774 2.6071, -0.8842 -2.7661 2.5924, -0.8842 -2.774 2.5924, -0.8852 -2.774 2.5924, -0.8852 -2.7661 2.5924, -0.8917 -2.7661 2.6065, -0.8917 -2.774 2.6065, -0.899 -2.7661 2.6202, -0.899 -2.774 2.6202, -0.977 -2.7661 2.7559, -0.977 -2.774 2.7559, -0.9136 -2.7661 2.6455, -1.0395 -2.774 2.7559, -1.0395 -2.7661 2.7559, -0.9187 -2.7661 2.56, -0.9187 -2.774 2.56, -0.9714 -2.7661 2.6455, -1.0491 -2.7661 2.3622, -1.0491 -2.774 2.3622, -1.0047 -2.7661 2.4294, -0.9867 -2.774 2.3622, -0.9867 -2.7661 2.3622, -0.8971 -2.7661 2.5095, -0.8971 -2.774 2.5095, -0.9458 -2.7661 2.4294, -0.8924 -2.7661 2.5198, -0.8924 -2.774 2.5198, -0.8881 -2.7661 2.5301, -0.8881 -2.774 2.5301, -0.8868 -2.774 2.5301, -0.8868 -2.7661 2.5301, -0.8827 -2.7661 2.5198, -0.8827 -2.774 2.5198, -0.8779 -2.7661 2.5098, -0.8779 -2.774 2.5098, -0.7898 -2.7661 2.3622, -0.7898 -2.774 2.3622, -0.8299 -2.7661 2.4294, -0.5167 -2.7661 2.5607, -0.5167 -2.774 2.5607, -0.4338 -2.7661 2.4294, -0.3913 -2.774 2.3622, -0.3913 -2.7661 2.3622, -0.3913 -2.7661 2.7559, -0.3913 -2.774 2.7559, -0.4623 -2.7661 2.6455, -0.4489 -2.774 2.7559, -0.4489 -2.7661 2.7559, -0.5326 -2.7661 2.6215, -0.5326 -2.774 2.6215, -0.5177 -2.7661 2.6455, -0.5407 -2.7661 2.6071, -0.5407 -2.774 2.6071, -0.5481 -2.7661 2.5924, -0.5481 -2.774 2.5924, -0.5491 -2.774 2.5924, -0.5491 -2.7661 2.5924, -0.5556 -2.7661 2.6065, -0.5556 -2.774 2.6065, -0.5629 -2.7661 2.6202, -0.5629 -2.774 2.6202, -0.641 -2.7661 2.7559, -0.641 -2.774 2.7559, -0.5775 -2.7661 2.6455, -0.7034 -2.774 2.7559, -0.7034 -2.7661 2.7559, -0.5826 -2.7661 2.56, -0.5826 -2.774 2.56, -0.6353 -2.7661 2.6455, -0.713 -2.7661 2.3622, -0.713 -2.774 2.3622, -0.6687 -2.7661 2.4294, -0.6506 -2.774 2.3622, -0.6506 -2.7661 2.3622, -0.561 -2.7661 2.5095, -0.561 -2.774 2.5095, -0.6097 -2.7661 2.4294, -0.5564 -2.7661 2.5198, -0.5564 -2.774 2.5198, -0.552 -2.7661 2.5301, -0.552 -2.774 2.5301, -0.5507 -2.774 2.5301, -0.5507 -2.7661 2.5301, -0.5466 -2.7661 2.5198, -0.5466 -2.774 2.5198, -0.5418 -2.7661 2.5098, -0.5418 -2.774 2.5098, -0.4537 -2.7661 2.3622, -0.4537 -2.774 2.3622, -0.4938 -2.7661 2.4294, -0.1806 -2.7661 2.5607, -0.1806 -2.774 2.5607, -0.0977 -2.7661 2.4294, -0.0552 -2.774 2.3622, -0.0552 -2.7661 2.3622, -0.0552 -2.7661 2.7559, -0.0552 -2.774 2.7559, -0.1262 -2.7661 2.6455, -0.1128 -2.774 2.7559, -0.1128 -2.7661 2.7559, -0.1966 -2.7661 2.6215, -0.1966 -2.774 2.6215, -0.1816 -2.7661 2.6455, -0.2046 -2.7661 2.6071, -0.2046 -2.774 2.6071, -0.212 -2.7661 2.5924, -0.212 -2.774 2.5924, -0.2131 -2.774 2.5924, -0.2131 -2.7661 2.5924, -0.2196 -2.7661 2.6065, -0.2196 -2.774 2.6065, -0.2269 -2.7661 2.6202, -0.2269 -2.774 2.6202, -0.3049 -2.7661 2.7559, -0.3049 -2.774 2.7559, -0.2414 -2.7661 2.6455, -0.3673 -2.774 2.7559, -0.3673 -2.7661 2.7559, -0.2465 -2.7661 2.56, -0.2465 -2.774 2.56, -0.2992 -2.7661 2.6455, -0.3769 -2.7661 2.3622, -0.3769 -2.774 2.3622, -0.3326 -2.7661 2.4294, -0.3145 -2.774 2.3622, -0.3145 -2.7661 2.3622, -0.2249 -2.7661 2.5095, -0.2249 -2.774 2.5095, -0.2736 -2.7661 2.4294, -0.2203 -2.7661 2.5198, -0.2203 -2.774 2.5198, -0.2159 -2.7661 2.5301, -0.2159 -2.774 2.5301, -0.2146 -2.774 2.5301, -0.2146 -2.7661 2.5301, -0.2105 -2.7661 2.5198, -0.2105 -2.774 2.5198, -0.2057 -2.7661 2.5098, -0.2057 -2.774 2.5098, -0.1176 -2.7661 2.3622, -0.1176 -2.774 2.3622, -0.1577 -2.7661 2.4294, 0.1554 -2.7661 2.5607, 0.1554 -2.774 2.5607, 0.2384 -2.7661 2.4294, 0.2809 -2.774 2.3622, 0.2809 -2.7661 2.3622, 0.2809 -2.7661 2.7559, 0.2809 -2.774 2.7559, 0.2099 -2.7661 2.6455, 0.2233 -2.774 2.7559, 0.2233 -2.7661 2.7559, 0.1395 -2.7661 2.6215, 0.1395 -2.774 2.6215, 0.1545 -2.7661 2.6455, 0.1315 -2.7661 2.6071, 0.1315 -2.774 2.6071, 0.1241 -2.7661 2.5924, 0.1241 -2.774 2.5924, 0.123 -2.774 2.5924, 0.123 -2.7661 2.5924, 0.1165 -2.7661 2.6065, 0.1165 -2.774 2.6065, 0.1092 -2.7661 2.6202, 0.1092 -2.774 2.6202, 0.0312 -2.7661 2.7559, 0.0312 -2.774 2.7559, 0.0947 -2.7661 2.6455, -0.0312 -2.774 2.7559, -0.0312 -2.7661 2.7559, 0.0896 -2.7661 2.56, 0.0896 -2.774 2.56, 0.0369 -2.7661 2.6455, -0.0408 -2.7661 2.3622, -0.0408 -2.774 2.3622, 0.0035 -2.7661 2.4294, 0.0216 -2.774 2.3622, 0.0216 -2.7661 2.3622, 0.1112 -2.7661 2.5095, 0.1112 -2.774 2.5095, 0.0625 -2.7661 2.4294, 0.1158 -2.7661 2.5198, 0.1158 -2.774 2.5198, 0.1202 -2.7661 2.5301, 0.1202 -2.774 2.5301, 0.1215 -2.774 2.5301, 0.1215 -2.7661 2.5301, 0.1256 -2.7661 2.5198, 0.1256 -2.774 2.5198, 0.1304 -2.7661 2.5098, 0.1304 -2.774 2.5098, 0.2185 -2.7661 2.3622, 0.2185 -2.774 2.3622, 0.1784 -2.7661 2.4294, 0.3241 -2.7661 2.3778, 0.3241 -2.774 2.3778, 0.3241 -2.7661 2.4294, 0.3241 -2.774 2.4354, 0.3241 -2.7661 2.4354, 0.3367 -2.7661 2.3718, 0.3367 -2.774 2.3718, 0.3725 -2.7661 2.3626, 0.3725 -2.774 2.3626, 0.4232 -2.7661 2.3574, 0.4232 -2.774 2.3574, 0.5537 -2.7661 2.4161, 0.541 -2.774 2.3976, 0.541 -2.7661 2.3976, 0.5246 -2.774 2.3833, 0.5246 -2.7661 2.3833, 0.5023 -2.774 2.3711, 0.5023 -2.7661 2.3711, 0.4639 -2.774 2.3604, 0.4639 -2.7661 2.3604, 0.5586 -2.7661 2.4294, 0.561 -2.774 2.436, 0.5537 -2.774 2.4161, 0.561 -2.7661 2.436, 0.5641 -2.7661 2.4637, 0.5641 -2.774 2.4637, 0.5616 -2.7661 2.486, 0.5616 -2.774 2.486, 0.5543 -2.7661 2.5057, 0.5543 -2.774 2.5057, 0.5412 -2.7661 2.5254, 0.5412 -2.774 2.5254, 0.5185 -2.7661 2.5465, 0.5185 -2.774 2.5465, 0.4605 -2.7661 2.5804, 0.4605 -2.774 2.5804, 0.3769 -2.7661 2.6603, 0.3769 -2.774 2.6603, 0.3786 -2.7661 2.6455, 0.3786 -2.774 2.6452, 0.3786 -2.7661 2.6452, 0.3828 -2.774 2.6344, 0.3828 -2.7661 2.6344, 0.3894 -2.774 2.6246, 0.3894 -2.7661 2.6246, 0.4015 -2.774 2.614, 0.4015 -2.7661 2.614, 0.4239 -2.774 2.5998, 0.4239 -2.7661 2.5998, 0.3781 -2.7661 2.6722, 0.3781 -2.774 2.6722, 0.3816 -2.7661 2.6823, 0.3816 -2.774 2.6823, 0.3874 -2.7661 2.6912, 0.3874 -2.774 2.6912, 0.3963 -2.7661 2.6999, 0.3963 -2.774 2.6999, 0.4107 -2.7661 2.7083, 0.4107 -2.774 2.7083, 0.4316 -2.7661 2.715, 0.4316 -2.774 2.715, 0.4591 -2.7661 2.7175, 0.4591 -2.774 2.7175, 0.4863 -2.7661 2.7158, 0.4863 -2.774 2.7158, 0.52 -2.7661 2.7077, 0.52 -2.774 2.7077, 0.5497 -2.7661 2.6923, 0.5497 -2.774 2.6923, 0.5497 -2.774 2.7499, 0.5497 -2.7661 2.7499, 0.507 -2.7661 2.7588, 0.507 -2.774 2.7588, 0.4633 -2.7661 2.7607, 0.4633 -2.774 2.7607, 0.4198 -2.7661 2.7565, 0.4198 -2.774 2.7565, 0.3867 -2.7661 2.7456, 0.3867 -2.774 2.7456, 0.3646 -2.7661 2.7329, 0.3646 -2.774 2.7329, 0.3477 -2.7661 2.7182, 0.3477 -2.774 2.7182, 0.3353 -2.7661 2.7011, 0.3353 -2.774 2.7011, 0.3276 -2.7661 2.6823, 0.3276 -2.774 2.6823, 0.3241 -2.7661 2.6551, 0.3241 -2.774 2.6551, 0.3251 -2.7661 2.6455, 0.3263 -2.774 2.6336, 0.3263 -2.7661 2.6336, 0.3334 -2.7661 2.6131, 0.3334 -2.774 2.6131, 0.3447 -2.7661 2.5953, 0.3447 -2.774 2.5953, 0.3621 -2.7661 2.5786, 0.3621 -2.774 2.5786, 0.4203 -2.7661 2.5434, 0.4203 -2.774 2.5434, 0.4738 -2.7661 2.515, 0.4738 -2.774 2.515, 0.4793 -2.7661 2.5115, 0.4793 -2.774 2.5115, 0.4955 -2.7661 2.4977, 0.4955 -2.774 2.4977, 0.5052 -2.7661 2.4845, 0.5052 -2.774 2.4845, 0.5096 -2.7661 2.4733, 0.5096 -2.774 2.4733, 0.5113 -2.7661 2.4594, 0.5113 -2.774 2.4594, 0.5097 -2.7661 2.4438, 0.5097 -2.774 2.4438, 0.5051 -2.7661 2.4315, 0.5051 -2.774 2.4315, 0.5037 -2.7661 2.4294, 0.4999 -2.774 2.4237, 0.4999 -2.7661 2.4237, 0.4917 -2.7661 2.416, 0.4917 -2.774 2.416, 0.4776 -2.7661 2.4082, 0.4776 -2.774 2.4082, 0.4576 -2.7661 2.4028, 0.4576 -2.774 2.4028, 0.429 -2.7661 2.4006, 0.429 -2.774 2.4006, 0.3995 -2.7661 2.4034, 0.3995 -2.774 2.4034, 0.3529 -2.7661 2.4177, 0.3529 -2.774 2.4177, 0.3338 -2.7661 2.4294, 0.7754 -2.774 2.5351, 0.7754 -2.774 2.4966, 0.7754 -2.7661 2.5351, 0.7754 -2.7661 2.4966, 0.6266 -2.774 2.5351, 0.6266 -2.7661 2.5351, 0.6266 -2.774 2.4966, 0.6266 -2.7661 2.4966, 0.8522 -2.7661 2.3778, 0.8522 -2.774 2.3778, 0.8522 -2.7661 2.4294, 0.8522 -2.774 2.4306, 0.8522 -2.7661 2.4306, 0.8621 -2.7661 2.3726, 0.8621 -2.774 2.3726, 0.896 -2.7661 2.3617, 0.896 -2.774 2.3617, 0.9425 -2.7661 2.3574, 0.9425 -2.774 2.3574, 1.0827 -2.7661 2.4751, 1.0827 -2.774 2.4751, 1.0791 -2.774 2.4447, 0.9693 -2.7661 2.359, 0.9693 -2.774 2.359, 1.0071 -2.7661 2.3681, 1.0071 -2.774 2.3681, 1.0337 -2.7661 2.3818, 1.0337 -2.774 2.3818, 1.0557 -2.7661 2.4007, 1.0557 -2.774 2.4007, 1.0703 -2.7661 2.4217, 1.0703 -2.774 2.4217, 1.0733 -2.7661 2.4294, 1.0791 -2.7661 2.4447, 1.0824 -2.7661 2.483, 1.0824 -2.774 2.483, 1.0786 -2.7661 2.5035, 1.0786 -2.774 2.5035, 1.07 -2.7661 2.5224, 1.07 -2.774 2.5224, 1.0577 -2.7661 2.538, 1.0577 -2.774 2.538, 1.039 -2.7661 2.5526, 1.039 -2.774 2.5526, 1.0169 -2.7661 2.5625, 1.0169 -2.774 2.5625, 0.9879 -2.7661 2.5685, 0.9879 -2.774 2.5685, 0.9879 -2.774 2.5695, 0.9879 -2.7661 2.5695, 1.0683 -2.7661 2.6675, 1.0683 -2.774 2.6675, 1.0661 -2.7661 2.6455, 1.0658 -2.774 2.6425, 1.0658 -2.7661 2.6425, 1.059 -2.774 2.6221, 1.059 -2.7661 2.6221, 1.0484 -2.774 2.6052, 1.0484 -2.7661 2.6052, 1.042 -2.774 2.5981, 1.042 -2.7661 2.5981, 1.0252 -2.774 2.5851, 1.0252 -2.7661 2.5851, 0.9966 -2.774 2.5721, 0.9966 -2.7661 2.5721, 1.0662 -2.7661 2.6882, 1.0662 -2.774 2.6882, 1.0598 -2.7661 2.7068, 1.0598 -2.774 2.7068, 1.0495 -2.7661 2.7227, 1.0495 -2.774 2.7227, 1.0337 -2.7661 2.738, 1.0337 -2.774 2.738, 1.014 -2.7661 2.7497, 1.014 -2.774 2.7497, 0.9886 -2.7661 2.7577, 0.9886 -2.774 2.7577, 0.9569 -2.7661 2.7607, 0.9569 -2.774 2.7607, 0.9294 -2.7661 2.7584, 0.9294 -2.774 2.7584, 0.897 -2.7661 2.7488, 0.897 -2.774 2.7488, 0.8666 -2.7661 2.7307, 0.8666 -2.774 2.7307, 0.8666 -2.774 2.6875, 0.8666 -2.7661 2.6875, 0.8885 -2.7661 2.7026, 0.8885 -2.774 2.7026, 0.9162 -2.7661 2.714, 0.9162 -2.774 2.714, 0.9438 -2.7661 2.7175, 0.9438 -2.774 2.7175, 0.9533 -2.7661 2.7172, 0.9533 -2.774 2.7172, 0.9761 -2.7661 2.7133, 0.9761 -2.774 2.7133, 0.99 -2.7661 2.7073, 0.99 -2.774 2.7073, 0.9971 -2.7661 2.7023, 0.9971 -2.774 2.7023, 1.0048 -2.7661 2.694, 1.0048 -2.774 2.694, 1.0103 -2.7661 2.6841, 1.0103 -2.774 2.6841, 1.0141 -2.7661 2.6714, 1.0141 -2.774 2.6714, 1.0155 -2.7661 2.6552, 1.0155 -2.774 2.6552, 1.0154 -2.7661 2.6535, 1.0154 -2.774 2.6535, 1.0144 -2.7661 2.6455, 1.0131 -2.774 2.6356, 1.0131 -2.7661 2.6356, 1.0085 -2.7661 2.6234, 1.0085 -2.774 2.6234, 1.0015 -2.7661 2.6134, 1.0015 -2.774 2.6134, 0.9918 -2.7661 2.6046, 0.9918 -2.774 2.6046, 0.976 -2.7661 2.5962, 0.976 -2.774 2.5962, 0.9539 -2.7661 2.5903, 0.9539 -2.774 2.5903, 0.9216 -2.7661 2.5879, 0.9216 -2.774 2.5879, 0.8906 -2.774 2.5879, 0.8906 -2.7661 2.5879, 0.8906 -2.774 2.5447, 0.8906 -2.7661 2.5447, 0.9233 -2.774 2.5447, 0.9233 -2.7661 2.5447, 0.9605 -2.7661 2.5419, 0.9605 -2.774 2.5419, 0.9892 -2.7661 2.5341, 0.9892 -2.774 2.5341, 1.0054 -2.7661 2.525, 1.0054 -2.774 2.525, 1.0159 -2.7661 2.5151, 1.0159 -2.774 2.5151, 1.0235 -2.7661 2.5033, 1.0235 -2.774 2.5033, 1.0281 -2.7661 2.4898, 1.0281 -2.774 2.4898, 1.0299 -2.7661 2.472, 1.0299 -2.774 2.472, 1.0283 -2.7661 2.4564, 1.0283 -2.774 2.4564, 1.0233 -2.7661 2.4413, 1.0233 -2.774 2.4413, 1.0154 -2.7661 2.4294, 1.0143 -2.774 2.4278, 1.0143 -2.7661 2.4278, 1.0028 -2.7661 2.4173, 1.0028 -2.774 2.4173, 0.9884 -2.7661 2.4091, 0.9884 -2.774 2.4091, 0.9684 -2.7661 2.4029, 0.9684 -2.774 2.4029, 0.9425 -2.7661 2.4006, 0.9425 -2.774 2.4006, 0.8543 -2.7661 2.4294, 0.8845 -2.774 2.4119, 0.8845 -2.7661 2.4119, 0.9181 -2.774 2.4025, 0.9181 -2.7661 2.4025, 1.5868 -2.774 2.7559, 1.6396 -2.774 2.7559, 1.5868 -2.7661 2.7559, 1.6396 -2.7661 2.7559, 1.5079 -2.7661 2.4583, 1.5079 -2.774 2.4583, 1.5575 -2.7661 2.6455, 1.5032 -2.774 2.4392, 1.5032 -2.7661 2.4392, 1.5004 -2.774 2.4198, 1.5018 -2.7661 2.4294, 1.5004 -2.7661 2.4198, 1.4977 -2.774 2.4387, 1.499 -2.7661 2.4294, 1.4977 -2.7661 2.4387, 1.4936 -2.7661 2.4573, 1.4936 -2.774 2.4573, 1.4092 -2.7661 2.7559, 1.4092 -2.774 2.7559, 1.4404 -2.7661 2.6455, 1.3611 -2.774 2.7559, 1.3611 -2.7661 2.7559, 1.2738 -2.7661 2.46, 1.2738 -2.774 2.46, 1.3285 -2.7661 2.6455, 1.2685 -2.774 2.4401, 1.2685 -2.7661 2.4401, 1.2651 -2.774 2.4198, 1.2667 -2.7661 2.4294, 1.2651 -2.7661 2.4198, 1.2588 -2.7661 2.46, 1.2588 -2.774 2.46, 1.263 -2.774 2.4401, 1.2641 -2.7661 2.4294, 1.263 -2.7661 2.4401, 1.1787 -2.7661 2.7559, 1.1787 -2.774 2.7559, 1.2086 -2.7661 2.6455, 1.1211 -2.774 2.7559, 1.1211 -2.7661 2.7559, 1.2166 -2.7661 2.4294, 1.2363 -2.7661 2.3622, 1.2363 -2.774 2.3622, 1.1534 -2.7661 2.6455, 1.2939 -2.774 2.3622, 1.2939 -2.7661 2.3622, 1.3725 -2.7661 2.6455, 1.3733 -2.7661 2.6483, 1.3733 -2.774 2.6483, 1.3126 -2.7661 2.4294, 1.3779 -2.7661 2.6683, 1.3779 -2.774 2.6683, 1.3804 -2.7661 2.6887, 1.3804 -2.774 2.6887, 1.3852 -2.774 2.6887, 1.3852 -2.7661 2.6887, 1.3872 -2.7661 2.668, 1.3872 -2.774 2.668, 1.3915 -2.7661 2.6477, 1.3915 -2.774 2.6477, 1.3922 -2.7661 2.6455, 1.4527 -2.7661 2.4294, 1.4716 -2.774 2.3622, 1.4716 -2.7661 2.3622, 1.5292 -2.774 2.3622, 1.5292 -2.7661 2.3622, 1.548 -2.7661 2.4294, 1.6086 -2.7661 2.6455, 1.6972 -2.774 2.7559, 1.6972 -2.774 2.3622, 1.75 -2.774 2.5303, 1.75 -2.774 2.3622, 1.8519 -2.774 2.545, 1.8519 -2.774 2.5463, 1.8083 -2.774 2.5735, 1.8705 -2.774 2.6019, 1.9079 -2.774 2.576, 1.9167 -2.774 2.5856, 1.906 -2.774 2.4884, 1.859 -2.774 2.473, 1.9104 -2.774 2.4813, 1.9229 -2.774 2.3622, 1.9805 -2.774 2.3622, 1.8791 -2.774 2.617, 1.9277 -2.774 2.6035, 1.8834 -2.774 2.6329, 1.9347 -2.774 2.6249, 1.8845 -2.774 2.6473, 1.9373 -2.774 2.6516, 1.8828 -2.774 2.6643, 1.9362 -2.774 2.6691, 1.8785 -2.774 2.6775, 1.7933 -2.774 2.5298, 1.8071 -2.774 2.527, 1.8184 -2.774 2.5219, 1.8303 -2.774 2.5127, 1.8697 -2.774 2.5346, 1.8829 -2.774 2.5217, 1.9312 -2.774 2.6906, 1.9217 -2.774 2.7096, 1.8717 -2.774 2.6885, 1.9086 -2.774 2.7253, 1.8627 -2.774 2.6975, 1.8991 -2.774 2.7332, 1.8512 -2.774 2.7046, 1.8777 -2.774 2.7451, 1.8331 -2.774 2.7105, 1.8509 -2.774 2.7529, 1.8091 -2.774 2.7127, 1.816 -2.774 2.7559, 1.75 -2.774 2.7127, 1.75 -2.774 2.5735, 1.7858 -2.774 2.5303, 1.8872 -2.774 2.5608, 1.8583 -2.774 2.5894, 1.8559 -2.774 2.5475, 1.8449 -2.774 2.581, 1.8287 -2.774 2.5755, 1.9104 -2.7661 2.4813, 1.9409 -2.7661 2.4294, 1.9805 -2.7661 2.3622, 1.906 -2.7661 2.4884, 1.8829 -2.7661 2.5217, 1.8697 -2.7661 2.5346, 1.8519 -2.7661 2.545, 1.8519 -2.7661 2.5463, 1.8559 -2.7661 2.5475, 1.8872 -2.7661 2.5608, 1.9079 -2.7661 2.576, 1.9167 -2.7661 2.5856, 1.9277 -2.7661 2.6035, 1.9347 -2.7661 2.6249, 1.9367 -2.7661 2.6455, 1.9373 -2.7661 2.6516, 1.9362 -2.7661 2.6691, 1.9312 -2.7661 2.6906, 1.9217 -2.7661 2.7096, 1.9086 -2.7661 2.7253, 1.8991 -2.7661 2.7332, 1.8777 -2.7661 2.7451, 1.8509 -2.7661 2.7529, 1.816 -2.7661 2.7559, 1.6972 -2.7661 2.7559, 1.6972 -2.7661 2.4294, 1.6972 -2.7661 2.3622, 1.6972 -2.7661 2.6455, 1.75 -2.7661 2.3622, 1.75 -2.7661 2.5303, 1.75 -2.7661 2.4294, 1.7858 -2.7661 2.5303, 1.7933 -2.7661 2.5298, 1.8071 -2.7661 2.527, 1.8184 -2.7661 2.5219, 1.8303 -2.7661 2.5127, 1.859 -2.7661 2.473, 1.9229 -2.7661 2.3622, 1.8841 -2.7661 2.4294, 1.8091 -2.7661 2.7127, 1.75 -2.7661 2.7127, 1.75 -2.7661 2.5735, 1.8083 -2.7661 2.5735, 1.8845 -2.7661 2.6473, 1.8834 -2.7661 2.6329, 1.8791 -2.7661 2.617, 1.8705 -2.7661 2.6019, 1.8583 -2.7661 2.5894, 1.8449 -2.7661 2.581, 1.8287 -2.7661 2.5755, 1.8331 -2.7661 2.7105, 1.8512 -2.7661 2.7046, 1.8627 -2.7661 2.6975, 1.8717 -2.7661 2.6885, 1.8785 -2.7661 2.6775, 1.8828 -2.7661 2.6643
            ]
        }
        coordIndex [
            0,1,2,-1,2,1,3,-1,2,3,4,-1,5,6,7,-1,7,6,1,-1,7,1,0,-1,8,6,9,-1,9,6,5,-1,10,11,12,-1,12,11,8,-1,12,8,9,-1,11,10,13,-1,11,13,14,-1,14,13,15,-1,14,15,16,-1,17,16,18,-1,18,16,15,-1,17,18,19,-1,17,19,20,-1,20,19,21,-1,20,21,22,-1,23,24,25,-1,25,24,22,-1,25,22,21,-1,26,24,27,-1,27,24,23,-1,28,29,30,-1,30,29,26,-1,30,26,27,-1,31,32,33,-1,33,32,29,-1,33,29,28,-1,34,32,35,-1,35,32,31,-1,36,37,38,-1,38,37,34,-1,38,34,35,-1,37,36,39,-1,37,39,40,-1,40,39,41,-1,40,41,42,-1,43,42,44,-1,44,42,41,-1,43,44,45,-1,43,45,46,-1,46,45,47,-1,46,47,48,-1,49,50,51,-1,51,50,48,-1,51,48,47,-1,3,50,4,-1,4,50,49,-1,40,42,29,-1,20,22,42,-1,29,42,26,-1,26,42,22,-1,26,22,24,-1,50,3,48,-1,48,3,1,-1,48,1,46,-1,46,1,43,-1,32,34,29,-1,29,34,37,-1,29,37,40,-1,1,6,43,-1,43,6,8,-1,43,8,11,-1,11,14,43,-1,43,14,16,-1,43,16,42,-1,42,16,17,-1,42,17,20,-1,52,53,54,-1,54,53,55,-1,54,55,56,-1,57,58,59,-1,59,58,53,-1,59,53,52,-1,60,58,61,-1,61,58,57,-1,62,63,64,-1,64,63,60,-1,64,60,61,-1,63,62,65,-1,63,65,66,-1,66,65,67,-1,66,67,68,-1,69,68,70,-1,70,68,67,-1,69,70,71,-1,69,71,72,-1,72,71,73,-1,72,73,74,-1,75,76,77,-1,77,76,74,-1,77,74,73,-1,78,76,79,-1,79,76,75,-1,80,81,82,-1,82,81,78,-1,82,78,79,-1,83,84,85,-1,85,84,81,-1,85,81,80,-1,86,84,87,-1,87,84,83,-1,88,89,90,-1,90,89,86,-1,90,86,87,-1,89,88,91,-1,89,91,92,-1,92,91,93,-1,92,93,94,-1,95,94,96,-1,96,94,93,-1,95,96,97,-1,95,97,98,-1,98,97,99,-1,98,99,100,-1,101,102,103,-1,103,102,100,-1,103,100,99,-1,55,102,56,-1,56,102,101,-1,92,94,81,-1,72,74,94,-1,81,94,78,-1,78,94,74,-1,78,74,76,-1,102,55,100,-1,100,55,53,-1,100,53,98,-1,98,53,95,-1,84,86,81,-1,81,86,89,-1,81,89,92,-1,53,58,95,-1,95,58,60,-1,95,60,63,-1,63,66,95,-1,95,66,68,-1,95,68,94,-1,94,68,69,-1,94,69,72,-1,104,105,106,-1,106,105,107,-1,106,107,108,-1,109,110,111,-1,111,110,105,-1,111,105,104,-1,112,110,113,-1,113,110,109,-1,114,115,116,-1,116,115,112,-1,116,112,113,-1,115,114,117,-1,115,117,118,-1,118,117,119,-1,118,119,120,-1,121,120,122,-1,122,120,119,-1,121,122,123,-1,121,123,124,-1,124,123,125,-1,124,125,126,-1,127,128,129,-1,129,128,126,-1,129,126,125,-1,130,128,131,-1,131,128,127,-1,132,133,134,-1,134,133,130,-1,134,130,131,-1,135,136,137,-1,137,136,133,-1,137,133,132,-1,138,136,139,-1,139,136,135,-1,140,141,142,-1,142,141,138,-1,142,138,139,-1,141,140,143,-1,141,143,144,-1,144,143,145,-1,144,145,146,-1,147,146,148,-1,148,146,145,-1,147,148,149,-1,147,149,150,-1,150,149,151,-1,150,151,152,-1,153,154,155,-1,155,154,152,-1,155,152,151,-1,107,154,108,-1,108,154,153,-1,144,146,133,-1,124,126,146,-1,133,146,130,-1,130,146,126,-1,130,126,128,-1,154,107,152,-1,152,107,105,-1,152,105,150,-1,150,105,147,-1,136,138,133,-1,133,138,141,-1,133,141,144,-1,105,110,147,-1,147,110,112,-1,147,112,115,-1,115,118,147,-1,147,118,120,-1,147,120,146,-1,146,120,121,-1,146,121,124,-1,156,157,158,-1,158,157,159,-1,158,159,160,-1,161,162,163,-1,163,162,157,-1,163,157,156,-1,164,162,165,-1,165,162,161,-1,166,167,168,-1,168,167,164,-1,168,164,165,-1,167,166,169,-1,167,169,170,-1,170,169,171,-1,170,171,172,-1,173,172,174,-1,174,172,171,-1,173,174,175,-1,173,175,176,-1,176,175,177,-1,176,177,178,-1,179,180,181,-1,181,180,178,-1,181,178,177,-1,182,180,183,-1,183,180,179,-1,184,185,186,-1,186,185,182,-1,186,182,183,-1,187,188,189,-1,189,188,185,-1,189,185,184,-1,190,188,191,-1,191,188,187,-1,192,193,194,-1,194,193,190,-1,194,190,191,-1,193,192,195,-1,193,195,196,-1,196,195,197,-1,196,197,198,-1,199,198,200,-1,200,198,197,-1,199,200,201,-1,199,201,202,-1,202,201,203,-1,202,203,204,-1,205,206,207,-1,207,206,204,-1,207,204,203,-1,159,206,160,-1,160,206,205,-1,196,198,185,-1,176,178,198,-1,185,198,182,-1,182,198,178,-1,182,178,180,-1,206,159,204,-1,204,159,157,-1,204,157,202,-1,202,157,199,-1,188,190,185,-1,185,190,193,-1,185,193,196,-1,157,162,199,-1,199,162,164,-1,199,164,167,-1,167,170,199,-1,199,170,172,-1,199,172,198,-1,198,172,173,-1,198,173,176,-1,208,209,210,-1,210,209,211,-1,210,211,212,-1,209,208,213,-1,209,213,214,-1,214,213,215,-1,214,215,216,-1,216,215,217,-1,216,217,218,-1,219,220,221,-1,221,220,222,-1,221,222,223,-1,223,222,224,-1,223,224,225,-1,225,224,226,-1,225,226,227,-1,227,226,218,-1,227,218,217,-1,228,229,219,-1,219,229,230,-1,219,230,220,-1,228,231,229,-1,229,231,232,-1,229,232,233,-1,233,232,234,-1,233,234,235,-1,235,234,236,-1,235,236,237,-1,237,236,238,-1,237,238,239,-1,239,238,240,-1,239,240,241,-1,241,240,242,-1,241,242,243,-1,244,245,246,-1,246,245,247,-1,246,247,248,-1,248,247,249,-1,248,249,250,-1,250,249,251,-1,250,251,252,-1,252,251,253,-1,252,253,254,-1,254,253,255,-1,254,255,256,-1,256,255,243,-1,256,243,242,-1,245,244,257,-1,245,257,258,-1,258,257,259,-1,258,259,260,-1,260,259,261,-1,260,261,262,-1,262,261,263,-1,262,263,264,-1,264,263,265,-1,264,265,266,-1,266,265,267,-1,266,267,268,-1,268,267,269,-1,268,269,270,-1,270,269,271,-1,270,271,272,-1,272,271,273,-1,272,273,274,-1,274,273,275,-1,274,275,276,-1,277,276,278,-1,278,276,275,-1,277,278,279,-1,277,279,280,-1,280,279,281,-1,280,281,282,-1,282,281,283,-1,282,283,284,-1,284,283,285,-1,284,285,286,-1,286,285,287,-1,286,287,288,-1,288,287,289,-1,288,289,290,-1,290,289,291,-1,290,291,292,-1,292,291,293,-1,292,293,294,-1,294,293,295,-1,294,295,296,-1,296,295,297,-1,296,297,298,-1,297,299,298,-1,298,299,300,-1,298,300,301,-1,301,300,302,-1,301,302,303,-1,303,302,304,-1,303,304,305,-1,305,304,306,-1,305,306,307,-1,307,306,308,-1,307,308,309,-1,309,308,310,-1,309,310,311,-1,311,310,312,-1,311,312,313,-1,313,312,314,-1,313,314,315,-1,315,314,316,-1,315,316,317,-1,317,316,318,-1,317,318,319,-1,319,318,320,-1,319,320,321,-1,321,320,322,-1,321,322,323,-1,323,322,324,-1,323,324,325,-1,324,326,325,-1,325,326,327,-1,325,327,328,-1,328,327,329,-1,328,329,330,-1,330,329,331,-1,330,331,332,-1,332,331,333,-1,332,333,334,-1,334,333,335,-1,334,335,336,-1,336,335,337,-1,336,337,338,-1,338,337,211,-1,211,337,339,-1,211,339,212,-1,211,209,338,-1,338,209,214,-1,338,214,336,-1,336,214,216,-1,336,216,334,-1,334,216,218,-1,334,218,332,-1,332,218,226,-1,332,226,330,-1,330,226,224,-1,330,224,328,-1,328,224,222,-1,328,222,325,-1,325,222,220,-1,325,220,323,-1,323,220,230,-1,323,230,321,-1,321,230,229,-1,321,229,319,-1,319,229,233,-1,319,233,317,-1,317,233,235,-1,317,235,315,-1,315,235,237,-1,315,237,313,-1,313,237,239,-1,313,239,311,-1,311,239,241,-1,311,241,309,-1,309,241,243,-1,309,243,307,-1,307,243,255,-1,307,255,305,-1,305,255,253,-1,305,253,303,-1,303,253,251,-1,303,251,301,-1,301,251,249,-1,301,249,298,-1,298,249,247,-1,298,247,296,-1,296,247,245,-1,296,245,294,-1,294,245,258,-1,294,258,292,-1,292,258,260,-1,292,260,290,-1,290,260,262,-1,290,262,288,-1,288,262,264,-1,288,264,286,-1,286,264,266,-1,286,266,284,-1,284,266,268,-1,284,268,282,-1,282,268,270,-1,282,270,280,-1,280,270,272,-1,280,272,277,-1,277,272,274,-1,277,274,276,-1,340,341,342,-1,342,341,343,-1,344,340,345,-1,345,340,342,-1,346,344,347,-1,347,344,345,-1,341,346,343,-1,343,346,347,-1,344,346,340,-1,340,346,341,-1,348,349,350,-1,350,349,351,-1,350,351,352,-1,349,348,353,-1,349,353,354,-1,354,353,355,-1,354,355,356,-1,356,355,357,-1,356,357,358,-1,359,360,361,-1,358,357,362,-1,358,362,363,-1,363,362,364,-1,363,364,365,-1,365,364,366,-1,365,366,367,-1,367,366,368,-1,367,368,369,-1,369,368,370,-1,369,370,371,-1,371,370,372,-1,371,372,361,-1,361,372,373,-1,361,373,359,-1,360,359,374,-1,360,374,375,-1,375,374,376,-1,375,376,377,-1,377,376,378,-1,377,378,379,-1,379,378,380,-1,379,380,381,-1,381,380,382,-1,381,382,383,-1,383,382,384,-1,383,384,385,-1,385,384,386,-1,385,386,387,-1,388,387,389,-1,389,387,386,-1,390,391,392,-1,392,391,393,-1,392,393,394,-1,394,393,395,-1,394,395,396,-1,396,395,397,-1,396,397,398,-1,398,397,399,-1,398,399,400,-1,400,399,401,-1,400,401,402,-1,402,401,403,-1,402,403,404,-1,404,403,388,-1,404,388,389,-1,391,390,405,-1,391,405,406,-1,406,405,407,-1,406,407,408,-1,408,407,409,-1,408,409,410,-1,410,409,411,-1,410,411,412,-1,412,411,413,-1,412,413,414,-1,414,413,415,-1,414,415,416,-1,416,415,417,-1,416,417,418,-1,418,417,419,-1,418,419,420,-1,420,419,421,-1,420,421,422,-1,422,421,423,-1,422,423,424,-1,425,424,426,-1,426,424,423,-1,425,426,427,-1,425,427,428,-1,428,427,429,-1,428,429,430,-1,430,429,431,-1,430,431,432,-1,432,431,433,-1,432,433,434,-1,434,433,435,-1,434,435,436,-1,436,435,437,-1,436,437,438,-1,438,437,439,-1,438,439,440,-1,440,439,441,-1,440,441,442,-1,442,441,443,-1,442,443,444,-1,444,443,445,-1,444,445,446,-1,446,445,447,-1,446,447,448,-1,448,447,449,-1,448,449,450,-1,450,449,451,-1,450,451,452,-1,451,453,452,-1,452,453,454,-1,452,454,455,-1,455,454,456,-1,455,456,457,-1,457,456,458,-1,457,458,459,-1,459,458,460,-1,459,460,461,-1,461,460,462,-1,461,462,463,-1,463,462,464,-1,463,464,465,-1,466,465,467,-1,467,465,464,-1,468,466,469,-1,469,466,467,-1,470,468,471,-1,471,468,469,-1,470,471,472,-1,470,472,473,-1,473,472,474,-1,473,474,475,-1,475,474,476,-1,475,476,477,-1,477,476,478,-1,477,478,479,-1,479,478,480,-1,479,480,481,-1,481,480,482,-1,481,482,483,-1,483,482,484,-1,483,484,485,-1,485,484,486,-1,485,486,487,-1,487,486,488,-1,487,488,489,-1,489,488,490,-1,489,490,491,-1,490,492,491,-1,491,492,493,-1,491,493,494,-1,494,493,495,-1,494,495,496,-1,496,495,497,-1,496,497,498,-1,498,497,499,-1,498,499,500,-1,352,351,501,-1,501,351,502,-1,501,502,503,-1,503,502,504,-1,503,504,505,-1,505,504,500,-1,505,500,499,-1,466,468,465,-1,465,468,470,-1,465,470,463,-1,463,470,473,-1,351,349,502,-1,502,349,354,-1,502,354,504,-1,504,354,356,-1,504,356,500,-1,500,356,358,-1,500,358,498,-1,498,358,363,-1,498,363,496,-1,496,363,365,-1,496,365,494,-1,494,365,367,-1,494,367,491,-1,491,367,369,-1,491,369,489,-1,489,369,371,-1,489,371,487,-1,487,371,361,-1,487,361,485,-1,361,360,485,-1,485,360,375,-1,485,375,483,-1,483,375,377,-1,483,377,481,-1,481,377,379,-1,481,379,479,-1,479,379,381,-1,479,381,477,-1,477,381,383,-1,477,383,475,-1,475,383,385,-1,475,385,473,-1,473,385,387,-1,473,387,463,-1,463,387,388,-1,463,388,461,-1,461,388,403,-1,461,403,459,-1,459,403,401,-1,459,401,457,-1,457,401,399,-1,457,399,455,-1,455,399,397,-1,455,397,452,-1,452,397,395,-1,452,395,450,-1,450,395,393,-1,450,393,448,-1,448,393,391,-1,448,391,446,-1,446,391,406,-1,446,406,444,-1,444,406,408,-1,444,408,442,-1,442,408,410,-1,442,410,440,-1,440,410,412,-1,440,412,438,-1,438,412,414,-1,438,414,436,-1,436,414,416,-1,436,416,434,-1,434,416,418,-1,434,418,432,-1,432,418,420,-1,432,420,430,-1,430,420,422,-1,430,422,428,-1,428,422,424,-1,428,424,425,-1,506,507,508,-1,508,507,509,-1,510,511,512,-1,512,511,506,-1,512,506,508,-1,513,511,514,-1,514,511,510,-1,513,514,515,-1,515,514,516,-1,515,516,517,-1,515,517,518,-1,518,517,519,-1,519,520,518,-1,518,520,521,-1,518,521,522,-1,523,524,525,-1,525,524,522,-1,525,522,521,-1,526,524,527,-1,527,524,523,-1,528,529,530,-1,530,529,526,-1,530,526,527,-1,531,529,532,-1,532,529,528,-1,531,532,533,-1,533,532,534,-1,533,534,535,-1,536,537,538,-1,533,535,539,-1,533,539,538,-1,538,539,540,-1,538,540,536,-1,541,542,543,-1,543,542,537,-1,543,537,536,-1,544,542,545,-1,545,542,541,-1,546,547,548,-1,546,548,549,-1,549,548,544,-1,549,544,545,-1,550,548,551,-1,551,548,547,-1,552,553,554,-1,552,554,555,-1,555,554,550,-1,555,550,551,-1,554,553,556,-1,554,556,557,-1,557,556,558,-1,557,558,559,-1,560,559,561,-1,561,559,558,-1,560,561,562,-1,560,562,563,-1,563,562,564,-1,563,564,565,-1,564,566,565,-1,565,566,567,-1,565,567,568,-1,568,567,569,-1,570,568,571,-1,571,568,569,-1,571,572,570,-1,570,572,573,-1,570,573,507,-1,507,573,509,-1,542,544,537,-1,537,544,548,-1,537,548,538,-1,507,506,570,-1,570,506,511,-1,511,513,570,-1,570,513,515,-1,570,515,568,-1,538,548,533,-1,533,548,550,-1,533,550,531,-1,515,518,568,-1,568,518,522,-1,568,522,565,-1,565,522,524,-1,565,524,563,-1,554,526,550,-1,550,526,529,-1,550,529,531,-1,554,557,526,-1,526,557,559,-1,526,559,524,-1,524,559,560,-1,524,560,563,-1,574,575,576,-1,576,575,577,-1,578,579,580,-1,581,582,583,-1,584,585,586,-1,586,585,587,-1,586,587,588,-1,581,583,589,-1,589,583,590,-1,589,590,591,-1,591,590,592,-1,591,592,593,-1,593,592,594,-1,593,594,595,-1,595,594,596,-1,595,596,597,-1,598,599,580,-1,580,599,600,-1,580,600,578,-1,578,600,601,-1,578,601,602,-1,602,601,585,-1,602,585,603,-1,603,585,584,-1,596,604,597,-1,597,604,605,-1,597,605,606,-1,606,605,607,-1,606,607,608,-1,608,607,609,-1,608,609,610,-1,610,609,611,-1,610,611,612,-1,612,611,613,-1,612,613,614,-1,614,613,615,-1,614,615,616,-1,616,615,574,-1,616,574,617,-1,617,574,576,-1,617,576,580,-1,580,576,618,-1,580,618,598,-1,582,581,619,-1,619,581,620,-1,619,620,621,-1,621,620,622,-1,621,622,579,-1,579,622,623,-1,579,623,580,-1,624,586,625,-1,625,586,588,-1,625,588,626,-1,586,624,627,-1,586,627,584,-1,584,627,628,-1,584,628,603,-1,603,628,629,-1,603,629,602,-1,602,629,630,-1,602,630,578,-1,579,578,631,-1,631,578,630,-1,579,631,632,-1,579,632,621,-1,621,632,633,-1,621,633,619,-1,619,633,634,-1,619,634,582,-1,582,634,635,-1,582,635,583,-1,583,635,636,-1,583,636,590,-1,590,636,637,-1,590,637,592,-1,592,637,594,-1,594,637,638,-1,594,638,639,-1,594,639,640,-1,594,640,596,-1,596,640,641,-1,596,641,604,-1,604,641,642,-1,604,642,605,-1,605,642,643,-1,605,643,607,-1,607,643,644,-1,607,644,609,-1,609,644,645,-1,609,645,611,-1,611,645,646,-1,611,646,613,-1,613,646,647,-1,613,647,615,-1,574,615,648,-1,648,615,647,-1,649,650,575,-1,649,575,651,-1,651,575,574,-1,651,574,648,-1,577,575,652,-1,652,575,650,-1,653,576,654,-1,654,576,577,-1,654,577,652,-1,618,576,655,-1,655,576,653,-1,618,655,656,-1,618,656,598,-1,598,656,657,-1,598,657,599,-1,599,657,658,-1,599,658,600,-1,600,658,659,-1,600,659,601,-1,601,659,660,-1,601,660,585,-1,661,587,662,-1,662,587,585,-1,662,585,660,-1,588,587,626,-1,626,587,661,-1,614,616,663,-1,663,616,664,-1,616,617,664,-1,664,617,665,-1,617,580,665,-1,665,580,666,-1,593,667,668,-1,593,668,591,-1,591,668,669,-1,591,669,589,-1,589,669,670,-1,589,670,581,-1,581,670,671,-1,581,671,620,-1,620,671,672,-1,620,672,622,-1,622,672,673,-1,622,673,623,-1,623,673,666,-1,623,666,580,-1,614,663,674,-1,614,674,612,-1,612,674,675,-1,612,675,610,-1,610,675,676,-1,610,676,608,-1,608,676,677,-1,608,677,606,-1,606,677,678,-1,606,678,597,-1,597,678,679,-1,597,679,595,-1,595,679,667,-1,595,667,593,-1,
        ]
    }
}
Shape{
    appearance Appearance {
        material  Material 	{
            diffuseColor 0.25098039215686274 0.25098039215686274 0.25098039215686274
            specularColor 0.12549019607843137 0.12549019607843137 0.12549019607843137
            ambientIntensity 0.251
            transparency 0.0
            shininess 0.5
        }
    }
    geometry IndexedFaceSet {
        ccw TRUE
        solid FALSE
        coord DEF co Coordinate {
            point [
                1.8091 -2.7661 2.7127, 1.8845 -2.7661 2.6473, 1.8828 -2.7661 2.6643, 1.75 -2.7661 2.7127, 1.75 -2.7661 2.5735, 1.8083 -2.7661 2.5735, 1.8287 -2.7661 2.5755, 1.8627 -2.7661 2.6975, 1.8717 -2.7661 2.6885, 1.8785 -2.7661 2.6775, 1.8512 -2.7661 2.7046, 1.8331 -2.7661 2.7105, 1.8449 -2.7661 2.581, 1.8583 -2.7661 2.5894, 1.8705 -2.7661 2.6019, 1.8791 -2.7661 2.617, 1.8834 -2.7661 2.6329
            ]
        }
        coordIndex [
            0,1,2,-1,3,4,0,-1,0,4,5,-1,0,5,6,-1,7,2,8,-1,8,2,9,-1,7,10,2,-1,2,10,11,-1,2,11,0,-1,6,12,0,-1,0,12,13,-1,0,13,14,-1,14,15,0,-1,0,15,16,-1,0,16,1,-1,
        ]
    }
}
Shape{
    appearance Appearance {
        material  Material 	{
            diffuseColor 1.0 1.0 1.0
            specularColor 0.8784313725490196 0.8784313725490196 0.8784313725490196
            ambientIntensity 1.0
            transparency 0.0
            shininess 0.5
        }
    }
    geometry IndexedFaceSet {
        ccw TRUE
        solid FALSE
        coord DEF co Coordinate {
            point [
                2.2014 -2.774 2.6514, 2.2014 -2.7661 2.6514, 2.2007 -2.7661 2.6455, 2.1989 -2.774 2.6286, 2.1989 -2.7661 2.6286, 2.1912 -2.7661 2.6071, 2.1912 -2.774 2.6071, 2.1762 -2.7661 2.5855, 2.1762 -2.774 2.5855, 2.121 -2.7661 2.5391, 2.121 -2.774 2.5391, 2.0273 -2.7661 2.4479, 2.0432 -2.774 2.4728, 2.0432 -2.7661 2.4728, 2.0755 -2.774 2.5049, 2.0755 -2.7661 2.5049, 2.1167 -2.774 2.5361, 2.1167 -2.7661 2.5361, 2.0211 -2.7661 2.4294, 2.0175 -2.774 2.4188, 2.0273 -2.774 2.4479, 2.0175 -2.7661 2.4188, 2.0141 -2.7661 2.3817, 2.0141 -2.774 2.3817, 2.0141 -2.774 2.3622, 2.0141 -2.7661 2.3622, 2.259 -2.774 2.3622, 2.259 -2.7661 2.3622, 2.259 -2.774 2.4054, 2.259 -2.7661 2.4054, 2.0657 -2.774 2.4054, 2.0657 -2.7661 2.4054, 2.0675 -2.7661 2.424, 2.0675 -2.774 2.424, 2.0694 -2.7661 2.4294, 2.0723 -2.774 2.438, 2.0723 -2.7661 2.438, 2.081 -2.7661 2.4514, 2.081 -2.774 2.4514, 2.0999 -2.7661 2.4701, 2.0999 -2.774 2.4701, 2.1614 -2.7661 2.5151, 2.1614 -2.774 2.5151, 2.1811 -2.7661 2.5295, 2.1811 -2.774 2.5295, 2.2187 -2.7661 2.5652, 2.2187 -2.774 2.5652, 2.2345 -2.7661 2.589, 2.2345 -2.774 2.589, 2.2455 -2.7661 2.619, 2.2455 -2.774 2.619, 2.2494 -2.774 2.6552, 2.2483 -2.7661 2.6455, 2.2494 -2.7661 2.6552, 2.2473 -2.7661 2.6787, 2.2473 -2.774 2.6787, 2.2408 -2.7661 2.6997, 2.2408 -2.774 2.6997, 2.2301 -2.7661 2.7179, 2.2301 -2.774 2.7179, 2.2142 -2.7661 2.7343, 2.2142 -2.774 2.7343, 2.1903 -2.7661 2.7491, 2.1903 -2.774 2.7491, 2.1638 -2.7661 2.7576, 2.1638 -2.774 2.7576, 2.1304 -2.7661 2.7607, 2.1304 -2.774 2.7607, 2.1131 -2.7661 2.7599, 2.1131 -2.774 2.7599, 2.082 -2.7661 2.7534, 2.082 -2.774 2.7534, 2.0554 -2.7661 2.7403, 2.0554 -2.774 2.7403, 2.0285 -2.7661 2.7178, 2.0285 -2.774 2.7178, 2.0285 -2.774 2.6696, 2.0285 -2.7661 2.6696, 2.0419 -2.7661 2.6824, 2.0419 -2.774 2.6824, 2.0691 -2.7661 2.7016, 2.0691 -2.774 2.7016, 2.0961 -2.7661 2.7131, 2.0961 -2.774 2.7131, 2.1256 -2.7661 2.7175, 2.1256 -2.774 2.7175, 2.1483 -2.7661 2.7153, 2.1483 -2.774 2.7153, 2.1668 -2.7661 2.7091, 2.1668 -2.774 2.7091, 2.179 -2.7661 2.7015, 2.179 -2.774 2.7015, 2.1881 -2.7661 2.6925, 2.1881 -2.774 2.6925, 2.1951 -2.7661 2.6815, 2.1951 -2.774 2.6815, 2.1996 -2.7661 2.6685, 2.1996 -2.774 2.6685, -3.3663 -2.7268 1.3777, -3.3663 -2.7661 1.3777, -3.3704 -2.7268 1.4083, -3.3704 -2.7661 1.4083, -3.3822 -2.7268 1.4368, -3.3822 -2.7661 1.4368, -3.4009 -2.7268 1.4612, -3.4009 -2.7661 1.4612, -3.4254 -2.7268 1.48, -3.4254 -2.7661 1.48, -3.4539 -2.7268 1.4918, -3.4539 -2.7661 1.4918, -3.4845 -2.7268 1.4958, -3.4845 -2.7661 1.4958, -3.515 -2.7268 1.4918, -3.515 -2.7661 1.4918, -3.5435 -2.7268 1.48, -3.5435 -2.7661 1.48, -3.568 -2.7268 1.4612, -3.568 -2.7661 1.4612, -3.5867 -2.7268 1.4368, -3.5867 -2.7661 1.4368, -3.5985 -2.7268 1.4083, -3.5985 -2.7661 1.4083, -3.6026 -2.7268 1.3777, -3.6026 -2.7661 1.3777, -3.5985 -2.7268 1.3471, -3.5985 -2.7661 1.3471, -3.5867 -2.7268 1.3187, -3.5867 -2.7661 1.3187, -3.568 -2.7268 1.2942, -3.568 -2.7661 1.2942, -3.5435 -2.7268 1.2754, -3.5435 -2.7661 1.2754, -3.515 -2.7268 1.2636, -3.515 -2.7661 1.2636, -3.4845 -2.7268 1.2596, -3.4845 -2.7661 1.2596, -3.4539 -2.7268 1.2636, -3.4539 -2.7661 1.2636, -3.4254 -2.7268 1.2754, -3.4254 -2.7661 1.2754, -3.4009 -2.7268 1.2942, -3.4009 -2.7661 1.2942, -3.3822 -2.7268 1.3187, -3.3822 -2.7661 1.3187, -3.3704 -2.7268 1.3471, -3.3704 -2.7661 1.3471, -3.4845 -2.7268 1.3777
            ]
        }
        coordIndex [
            0,1,2,-1,0,2,3,-1,2,4,3,-1,3,4,5,-1,3,5,6,-1,6,5,7,-1,6,7,8,-1,8,7,9,-1,8,9,10,-1,11,12,13,-1,13,12,14,-1,13,14,15,-1,15,14,16,-1,15,16,17,-1,17,16,10,-1,17,10,9,-1,18,19,11,-1,11,19,20,-1,11,20,12,-1,18,21,19,-1,19,21,22,-1,19,22,23,-1,24,23,25,-1,25,23,22,-1,26,24,27,-1,27,24,25,-1,28,26,29,-1,29,26,27,-1,30,28,31,-1,31,28,29,-1,30,31,32,-1,30,32,33,-1,33,32,34,-1,33,34,35,-1,34,36,35,-1,35,36,37,-1,35,37,38,-1,38,37,39,-1,38,39,40,-1,40,39,41,-1,40,41,42,-1,42,41,43,-1,42,43,44,-1,44,43,45,-1,44,45,46,-1,46,45,47,-1,46,47,48,-1,48,47,49,-1,48,49,50,-1,50,49,51,-1,51,49,52,-1,51,52,53,-1,51,53,54,-1,51,54,55,-1,55,54,56,-1,55,56,57,-1,57,56,58,-1,57,58,59,-1,59,58,60,-1,59,60,61,-1,61,60,62,-1,61,62,63,-1,63,62,64,-1,63,64,65,-1,65,64,66,-1,65,66,67,-1,67,66,68,-1,67,68,69,-1,69,68,70,-1,69,70,71,-1,71,70,72,-1,71,72,73,-1,73,72,74,-1,73,74,75,-1,76,75,77,-1,77,75,74,-1,76,77,78,-1,76,78,79,-1,79,78,80,-1,79,80,81,-1,81,80,82,-1,81,82,83,-1,83,82,84,-1,83,84,85,-1,85,84,86,-1,85,86,87,-1,87,86,88,-1,87,88,89,-1,89,88,90,-1,89,90,91,-1,91,90,92,-1,91,92,93,-1,93,92,94,-1,93,94,95,-1,95,94,96,-1,95,96,97,-1,97,96,1,-1,97,1,0,-1,26,28,24,-1,24,28,30,-1,85,69,83,-1,83,69,71,-1,83,71,81,-1,81,71,73,-1,81,73,79,-1,79,73,75,-1,79,75,76,-1,8,10,42,-1,42,10,16,-1,42,16,40,-1,40,16,14,-1,40,14,38,-1,38,14,12,-1,38,12,35,-1,35,12,20,-1,35,20,33,-1,33,20,19,-1,33,19,30,-1,30,19,23,-1,30,23,24,-1,42,44,8,-1,8,44,46,-1,8,46,6,-1,6,46,48,-1,6,48,3,-1,3,48,50,-1,3,50,0,-1,0,50,51,-1,0,51,97,-1,97,51,55,-1,97,55,95,-1,95,55,57,-1,95,57,93,-1,93,57,59,-1,93,59,91,-1,91,59,61,-1,91,61,89,-1,89,61,63,-1,89,63,87,-1,87,63,65,-1,87,65,85,-1,85,65,67,-1,85,67,69,-1,98,99,100,-1,100,99,101,-1,100,101,102,-1,102,101,103,-1,102,103,104,-1,104,103,105,-1,104,105,106,-1,106,105,107,-1,106,107,108,-1,108,107,109,-1,108,109,110,-1,110,109,111,-1,110,111,112,-1,112,111,113,-1,112,113,114,-1,114,113,115,-1,114,115,116,-1,116,115,117,-1,116,117,118,-1,118,117,119,-1,118,119,120,-1,120,119,121,-1,120,121,122,-1,122,121,123,-1,122,123,124,-1,124,123,125,-1,124,125,126,-1,126,125,127,-1,126,127,128,-1,128,127,129,-1,128,129,130,-1,130,129,131,-1,130,131,132,-1,132,131,133,-1,132,133,134,-1,134,133,135,-1,134,135,136,-1,136,135,137,-1,136,137,138,-1,138,137,139,-1,138,139,140,-1,140,139,141,-1,140,141,142,-1,142,141,143,-1,142,143,144,-1,144,143,145,-1,144,145,98,-1,98,145,99,-1,142,144,146,-1,146,144,98,-1,146,98,100,-1,136,138,146,-1,146,138,140,-1,146,140,142,-1,130,132,146,-1,146,132,134,-1,146,134,136,-1,124,126,146,-1,146,126,128,-1,146,128,130,-1,118,120,146,-1,146,120,122,-1,146,122,124,-1,112,114,146,-1,146,114,116,-1,146,116,118,-1,106,108,146,-1,146,108,110,-1,146,110,112,-1,100,102,146,-1,146,102,104,-1,146,104,106,-1,
        ]
    }
}