#VRML V2.0 utf8
# 3D model generated by easyeda2kicad.py (https://github.com/uPesy/easyeda2kicad.py)

Shape{
    appearance Appearance {
        material  Material 	{
            diffuseColor 0.2196078431372549 0.2196078431372549 0.2196078431372549
            specularColor 0.7529411764705882 0.7529411764705882 0.7529411764705882
            ambientIntensity 1.0
            transparency 1.0
            shininess 0.5
        }
    }
    geometry IndexedFaceSet {
        ccw TRUE
        solid FALSE
        coord DEF co Coordinate {
            point [
                -2.2441 -0.1575 0.0197, -2.2687 -0.1555 0.0197, -2.2441 -0.1575 -0.1772, -2.2687 -0.1555 -0.1772, -2.2928 -0.1498 0.0197, -2.3156 -0.1403 -0.1772, -2.2928 -0.1498 -0.1772, -2.3156 -0.1403 0.0197, -2.3367 -0.1274 0.0197, -2.3367 -0.1274 -0.1772, -2.3554 -0.1114 0.0197, -2.3554 -0.1114 -0.1772, -2.3715 -0.0926 -0.1772, -2.3715 -0.0926 0.0197, -2.3844 -0.0715 0.0197, -2.3939 -0.0487 0.0197, -2.3844 -0.0715 -0.1772, -2.3996 -0.0246 0.0197, -2.3939 -0.0487 -0.1772, -2.3996 -0.0246 -0.1772, -2.4016 0.0 0.0197, -2.4016 0.0 -0.1772, -2.2195 -0.1555 -0.1772, -2.1954 -0.1498 -0.1772, -2.2195 -0.1555 0.0197, -2.1726 -0.1403 -0.1772, -2.1954 -0.1498 0.0197, -2.1726 -0.1403 0.0197, -2.1515 -0.1274 -0.1772, -2.1327 -0.1114 -0.1772, -2.1515 -0.1274 0.0197, -2.1167 -0.0926 -0.1772, -2.1327 -0.1114 0.0197, -2.1167 -0.0926 0.0197, -2.1038 -0.0715 -0.1772, -2.0943 -0.0487 -0.1772, -2.1038 -0.0715 0.0197, -2.0885 -0.0246 -0.1772, -2.0943 -0.0487 0.0197, -2.0885 -0.0246 0.0197, -2.0866 0.0 -0.1772, -2.0866 0.0 0.0197, -2.2877 -0.1343 -0.209, -2.2645 -0.1287 -0.2146, -2.2662 -0.1395 -0.209, -2.1028 -0.0 -0.209, -2.0941 -0.0 -0.2003, -2.096 -0.0235 -0.2003, -2.3082 -0.1259 -0.209, -2.2843 -0.1239 -0.2146, -2.2922 -0.1479 -0.1893, -2.3147 -0.1386 -0.1893, -2.3827 -0.0706 -0.1893, -2.3271 -0.1143 -0.209, -2.3032 -0.1161 -0.2146, -2.3541 -0.11 -0.1893, -2.3699 -0.0914 -0.1893, -2.3355 -0.1258 -0.1893, -2.392 -0.0481 -0.1893, -2.3584 -0.083 -0.209, -2.3362 -0.0921 -0.2146, -2.344 -0.0999 -0.209, -2.3744 -0.0 -0.2146, -2.3622 0.0 -0.2165, -2.3607 -0.0185 -0.2165, -2.3207 -0.1054 -0.2146, -2.3836 -0.0221 -0.209, -2.3728 -0.0204 -0.2146, -2.368 -0.0403 -0.2146, -2.3602 -0.0591 -0.2146, -2.3495 -0.0766 -0.2146, -2.3699 -0.0641 -0.209, -2.3493 -0.0536 -0.2165, -2.3564 -0.0365 -0.2165, -2.2684 -0.1536 -0.1893, -2.3867 -0.0463 -0.2003, -2.3977 -0.0243 -0.1893, -2.3922 -0.0235 -0.2003, -2.3996 -0.0 -0.1893, -2.394 -0.0 -0.2003, -2.2441 -0.1413 -0.209, -2.2441 -0.1303 -0.2146, -2.2237 -0.1287 -0.2146, -2.222 -0.1395 -0.209, -2.2441 -0.1556 -0.1893, -2.2198 -0.1536 -0.1893, -2.2004 -0.1343 -0.209, -2.2038 -0.1239 -0.2146, -2.1849 -0.1161 -0.2146, -2.18 -0.1259 -0.209, -2.196 -0.1479 -0.1893, -2.1675 -0.1054 -0.2146, -2.1611 -0.1143 -0.209, -2.1442 -0.0999 -0.209, -2.152 -0.0921 -0.2146, -2.1735 -0.1386 -0.1893, -2.1527 -0.1258 -0.1893, -2.1387 -0.0766 -0.2146, -2.1298 -0.083 -0.209, -2.128 -0.0591 -0.2146, -2.1182 -0.0641 -0.209, -2.1182 -0.0914 -0.1893, -2.1341 -0.11 -0.1893, -2.1202 -0.0403 -0.2146, -2.1097 -0.0436 -0.209, -2.1154 -0.0204 -0.2146, -2.1046 -0.0221 -0.209, -2.1055 -0.0706 -0.1893, -2.0961 -0.0481 -0.1893, -2.1138 -0.0 -0.2146, -2.126 0.0 -0.2165, -2.3784 -0.0436 -0.209, -2.0885 -0.0 -0.1893, -2.0904 -0.0243 -0.1893, -2.1015 -0.0463 -0.2003, -2.1274 -0.0185 -0.2165, -2.1318 -0.0365 -0.2165, -2.1105 -0.0681 -0.2003, -2.1389 -0.0537 -0.2165, -2.1228 -0.0881 -0.2003, -2.138 -0.106 -0.2003, -2.1486 -0.0695 -0.2165, -2.1559 -0.1213 -0.2003, -2.1606 -0.0835 -0.2165, -2.176 -0.1336 -0.2003, -2.1747 -0.0956 -0.2165, -2.1977 -0.1426 -0.2003, -2.1905 -0.1052 -0.2165, -2.2206 -0.1481 -0.2003, -2.2076 -0.1123 -0.2165, -2.2257 -0.1167 -0.2165, -2.2441 -0.15 -0.2003, -2.2441 -0.1181 -0.2165, -2.2675 -0.1481 -0.2003, -2.2904 -0.1426 -0.2003, -2.2626 -0.1166 -0.2165, -2.3122 -0.1336 -0.2003, -2.2806 -0.1123 -0.2165, -2.2977 -0.1052 -0.2165, -2.3322 -0.1213 -0.2003, -2.3135 -0.0955 -0.2165, -2.3501 -0.106 -0.2003, -2.3276 -0.0835 -0.2165, -2.3654 -0.0881 -0.2003, -2.3777 -0.0681 -0.2003, -2.3397 -0.0694 -0.2165, -2.3853 -0.0 -0.209, 0.5118 -0.1575 0.0197, 0.4872 -0.1555 0.0197, 0.5118 -0.1575 -0.1772, 0.4872 -0.1555 -0.1772, 0.4632 -0.1498 0.0197, 0.4403 -0.1403 -0.1772, 0.4632 -0.1498 -0.1772, 0.4403 -0.1403 0.0197, 0.4193 -0.1274 0.0197, 0.4193 -0.1274 -0.1772, 0.4005 -0.1114 0.0197, 0.4005 -0.1114 -0.1772, 0.3844 -0.0926 -0.1772, 0.3844 -0.0926 0.0197, 0.3715 -0.0715 0.0197, 0.362 -0.0487 0.0197, 0.3715 -0.0715 -0.1772, 0.3563 -0.0246 0.0197, 0.362 -0.0487 -0.1772, 0.3563 -0.0246 -0.1772, 0.3543 0.0 0.0197, 0.3543 0.0 -0.1772, 0.5365 -0.1555 -0.1772, 0.5605 -0.1498 -0.1772, 0.5365 -0.1555 0.0197, 0.5833 -0.1403 -0.1772, 0.5605 -0.1498 0.0197, 0.5833 -0.1403 0.0197, 0.6044 -0.1274 -0.1772, 0.6232 -0.1114 -0.1772, 0.6044 -0.1274 0.0197, 0.6392 -0.0926 -0.1772, 0.6232 -0.1114 0.0197, 0.6392 -0.0926 0.0197, 0.6521 -0.0715 -0.1772, 0.6616 -0.0487 -0.1772, 0.6521 -0.0715 0.0197, 0.6674 -0.0246 -0.1772, 0.6616 -0.0487 0.0197, 0.6674 -0.0246 0.0197, 0.6693 0.0 -0.1772, 0.6693 0.0 0.0197, 0.4682 -0.1343 -0.209, 0.4914 -0.1287 -0.2146, 0.4897 -0.1395 -0.209, 0.6531 -0.0 -0.209, 0.6618 -0.0 -0.2003, 0.6599 -0.0235 -0.2003, 0.4477 -0.1259 -0.209, 0.4716 -0.1239 -0.2146, 0.4638 -0.1479 -0.1893, 0.4412 -0.1386 -0.1893, 0.4204 -0.1258 -0.1893, 0.4288 -0.1143 -0.209, 0.4527 -0.1161 -0.2146, 0.386 -0.0914 -0.1893, 0.4018 -0.11 -0.1893, 0.3732 -0.0706 -0.1893, 0.3639 -0.0481 -0.1893, 0.4119 -0.0999 -0.209, 0.4352 -0.1054 -0.2146, 0.3815 -0.0 -0.2146, 0.3937 0.0 -0.2165, 0.3952 -0.0185 -0.2165, 0.3975 -0.083 -0.209, 0.4197 -0.0921 -0.2146, 0.4064 -0.0766 -0.2146, 0.386 -0.0641 -0.209, 0.3957 -0.0591 -0.2146, 0.3879 -0.0403 -0.2146, 0.3723 -0.0221 -0.209, 0.3831 -0.0204 -0.2146, 0.3995 -0.0365 -0.2165, 0.4066 -0.0536 -0.2165, 0.4875 -0.1536 -0.1893, 0.3637 -0.0235 -0.2003, 0.3563 -0.0 -0.1893, 0.3619 -0.0 -0.2003, 0.3692 -0.0463 -0.2003, 0.3582 -0.0243 -0.1893, 0.5118 -0.1303 -0.2146, 0.5118 -0.1413 -0.209, 0.5322 -0.1287 -0.2146, 0.5339 -0.1395 -0.209, 0.5118 -0.1556 -0.1893, 0.5362 -0.1536 -0.1893, 0.5555 -0.1343 -0.209, 0.5521 -0.1239 -0.2146, 0.571 -0.1161 -0.2146, 0.5759 -0.1259 -0.209, 0.5599 -0.1479 -0.1893, 0.5884 -0.1054 -0.2146, 0.5948 -0.1143 -0.209, 0.6117 -0.0999 -0.209, 0.6039 -0.0921 -0.2146, 0.5824 -0.1386 -0.1893, 0.6033 -0.1258 -0.1893, 0.6172 -0.0766 -0.2146, 0.6261 -0.083 -0.209, 0.6279 -0.0591 -0.2146, 0.6377 -0.0641 -0.209, 0.6377 -0.0914 -0.1893, 0.6218 -0.11 -0.1893, 0.6357 -0.0403 -0.2146, 0.6462 -0.0436 -0.209, 0.6405 -0.0204 -0.2146, 0.6513 -0.0221 -0.209, 0.6504 -0.0706 -0.1893, 0.6598 -0.0481 -0.1893, 0.6421 -0.0 -0.2146, 0.6299 0.0 -0.2165, 0.3775 -0.0436 -0.209, 0.6674 -0.0 -0.1893, 0.6655 -0.0243 -0.1893, 0.6544 -0.0463 -0.2003, 0.6285 -0.0185 -0.2165, 0.6241 -0.0365 -0.2165, 0.6454 -0.0681 -0.2003, 0.617 -0.0537 -0.2165, 0.6331 -0.0881 -0.2003, 0.6179 -0.106 -0.2003, 0.6073 -0.0695 -0.2165, 0.6 -0.1213 -0.2003, 0.5953 -0.0835 -0.2165, 0.5799 -0.1336 -0.2003, 0.5812 -0.0956 -0.2165, 0.5582 -0.1426 -0.2003, 0.5654 -0.1052 -0.2165, 0.5353 -0.1481 -0.2003, 0.5483 -0.1123 -0.2165, 0.5303 -0.1167 -0.2165, 0.5118 -0.15 -0.2003, 0.5118 -0.1181 -0.2165, 0.4884 -0.1481 -0.2003, 0.4655 -0.1426 -0.2003, 0.4933 -0.1166 -0.2165, 0.4437 -0.1336 -0.2003, 0.4753 -0.1123 -0.2165, 0.4582 -0.1052 -0.2165, 0.4237 -0.1213 -0.2003, 0.4424 -0.0955 -0.2165, 0.4058 -0.106 -0.2003, 0.4283 -0.0835 -0.2165, 0.3905 -0.0881 -0.2003, 0.3782 -0.0681 -0.2003, 0.4162 -0.0694 -0.2165, 0.3706 -0.0 -0.209, -2.9134 1.1811 0.0197, -2.2047 1.1811 1.1614, -2.2047 1.1811 0.0197, -1.2992 1.1811 0.1378, -1.811 1.1811 0.1378, -1.811 1.1811 1.1614, -2.9134 1.1811 1.9882, -1.0236 1.1811 0.0197, -1.2992 1.1811 0.0197, -1.0236 1.1811 1.1614, -0.6299 1.1811 0.1378, -0.6299 1.1811 1.1614, -0.1181 1.1811 0.1378, 0.5906 1.1811 0.0197, -0.1181 1.1811 0.0197, 0.7409 1.1811 1.3142, 0.8983 1.1811 1.3309, 0.9141 1.1811 1.3232, 0.3024 1.1811 1.6217, 1.8504 1.1811 1.9882, 0.5906 1.1811 1.0039, 0.9843 1.1811 0.1378, 0.9843 1.1811 1.0039, 1.4567 1.1811 0.1378, 1.8504 1.1811 0.0197, 1.4567 1.1811 0.0197, 1.2624 1.1811 1.289, 1.3167 1.1811 1.3349, 1.3331 1.1811 1.3466, 0.1533 1.1811 1.4301, 1.1676 1.1811 1.6385, 1.2878 1.1811 1.5846, 0.9931 1.1811 1.4163, 1.0052 1.1811 1.3672, 0.9968 1.1811 1.3685, 1.2495 1.1811 1.2773, 1.044 1.1811 1.6014, 1.063 1.1811 1.6064, 1.1214 1.1811 1.6024, 0.2746 1.1811 1.5014, 0.2821 1.1811 1.431, 0.2575 1.1811 1.5013, 0.3896 1.1811 1.6064, 0.319 1.1811 1.6219, 0.3956 1.1811 1.6112, 1.1028 1.1811 1.6068, 1.0836 1.1811 1.6595, 1.0582 1.1811 1.6574, 1.1273 1.1811 1.6542, 1.1058 1.1811 1.6582, 1.148 1.1811 1.6476, 1.0831 1.1811 1.6083, 1.2001 1.1811 1.616, 1.1863 1.1811 1.6269, 1.2774 1.1811 1.5875, 1.1387 1.1811 1.5953, 1.2455 1.1811 1.5915, 1.2348 1.1811 1.5909, 1.2126 1.1811 1.6035, 1.2563 1.1811 1.591, 1.0264 1.1811 1.5935, 1.2241 1.1811 1.5896, 1.2669 1.1811 1.5897, 1.383 1.1811 1.4541, 1.3812 1.1811 1.4759, 1.3076 1.1811 1.5763, 1.2978 1.1811 1.5808, 1.3258 1.1811 1.5651, 1.3169 1.1811 1.5711, 1.3342 1.1811 1.5585, 1.3422 1.1811 1.5512, 1.3677 1.1811 1.5166, 1.3563 1.1811 1.5348, 1.3143 1.1811 1.503, 1.1981 1.1811 1.5271, 1.3037 1.1811 1.5156, 1.1687 1.1811 1.427, 1.0192 1.1811 1.4618, 1.1829 1.1811 1.4309, 1.376 1.1811 1.4968, 1.1558 1.1811 1.4209, 1.3817 1.1811 1.4338, 0.8976 1.1811 1.4055, 0.9048 1.1811 1.3935, 1.1341 1.1811 1.4028, 1.1441 1.1811 1.4128, 1.3702 1.1811 1.3949, 1.3774 1.1811 1.4139, 1.3274 1.1811 1.4726, 1.3293 1.1811 1.4554, 1.2158 1.1811 1.4305, 1.3603 1.1811 1.3771, 1.3228 1.1811 1.4225, 1.3152 1.1811 1.4081, 1.2474 1.1811 1.4166, 1.3478 1.1811 1.3608, 1.3276 1.1811 1.4384, 1.2604 1.1811 1.4054, 1.2709 1.1811 1.3919, 1.305 1.1811 1.3954, 1.2727 1.1811 1.3031, 1.299 1.1811 1.3259, 1.2174 1.1811 1.2627, 1.1991 1.1811 1.2607, 1.2798 1.1811 1.3193, 1.2343 1.1811 1.2684, 1.1819 1.1811 1.2623, 1.1386 1.1811 1.2853, 1.1513 1.1811 1.275, 0.9989 1.1811 1.3156, 1.1659 1.1811 1.2672, 1.0188 1.1811 1.3273, 1.1201 1.1811 1.3123, 1.0135 1.1811 1.3215, 1.1281 1.1811 1.2979, 0.9257 1.1811 1.3754, 0.9143 1.1811 1.3834, 0.893 1.1811 1.419, 0.8913 1.1811 1.4335, 0.893 1.1811 1.4488, 0.1699 1.1811 1.4303, 0.2599 1.1811 1.4266, 0.253 1.1811 1.4235, 0.8979 1.1811 1.4629, 0.9057 1.1811 1.4753, 1.3223 1.1811 1.4885, 1.1979 1.1811 1.4323, 0.9748 1.1811 1.5383, 1.1906 1.1811 1.5443, 1.2324 1.1811 1.4252, 1.2927 1.1811 1.3848, 1.2604 1.1811 1.5386, 1.2272 1.1811 1.5385, 1.2432 1.1811 1.5402, 1.2119 1.1811 1.5339, 1.2765 1.1811 1.5337, 1.2786 1.1811 1.3765, 1.291 1.1811 1.5259, 1.1686 1.1811 1.5738, 1.0104 1.1811 1.5829, 1.1545 1.1811 1.5857, 0.9843 1.1811 1.5551, 0.9962 1.1811 1.57, 1.1807 1.1811 1.56, 0.968 1.1811 1.5201, 0.9643 1.1811 1.5007, 0.9574 1.1811 1.5006, 0.9282 1.1811 1.4936, 0.9422 1.1811 1.4988, 0.9159 1.1811 1.4857, 0.6347 1.1811 1.3114, 0.6424 1.1811 1.3122, 0.6763 1.1811 1.3137, 0.9533 1.1811 1.3674, 0.9388 1.1811 1.3699, 0.9917 1.1811 1.3677, 0.9485 1.1811 1.3153, 1.0221 1.1811 1.3506, 1.1131 1.1811 1.354, 1.1131 1.1811 1.3455, 1.0067 1.1811 1.3174, 1.0223 1.1811 1.3343, 1.115 1.1811 1.3283, 1.0235 1.1811 1.3423, 1.0124 1.1811 1.3635, 1.0182 1.1811 1.3578, 0.74 1.1811 1.4343, 0.8504 1.1811 1.3825, 0.9309 1.1811 1.318, 0.6819 1.1811 1.3816, 0.6782 1.1811 1.42, 0.7246 1.1811 1.4204, 0.3437 1.1811 1.3114, 0.4836 1.1811 1.2743, 0.321 1.1811 1.3112, 0.2227 1.1811 1.3721, 0.2238 1.1811 1.3848, 0.2165 1.1811 1.3105, 0.224 1.1811 1.3589, 0.2275 1.1811 1.347, 0.3455 1.1811 1.4315, 0.3484 1.1811 1.502, 0.3656 1.1811 1.5021, 0.2327 1.1811 1.4062, 0.2271 1.1811 1.3961, 0.2406 1.1811 1.4149, 0.2465 1.1811 1.4196, 0.7387 1.1811 1.6248, 0.9408 1.1811 1.5829, 0.9303 1.1811 1.5653, 0.3765 1.1811 1.5386, 0.373 1.1811 1.5505, 0.9046 1.1811 1.5392, 0.9221 1.1811 1.5465, 0.3125 1.1811 1.4313, 0.3049 1.1811 1.4312, 0.454 1.1811 1.6228, 0.4616 1.1811 1.6229, 0.1085 1.1811 1.3097, 0.1256 1.1811 1.3098, 0.1994 1.1811 1.3104, 0.4943 1.1811 1.272, 0.1376 1.1811 1.3428, 0.1876 1.1811 1.3431, 0.2898 1.1811 1.4311, 0.2332 1.1811 1.3365, 0.2412 1.1811 1.3275, 0.3728 1.1811 1.5764, 0.3718 1.1811 1.5637, 0.8448 1.1811 1.471, 0.7395 1.1811 1.5047, 0.5573 1.1811 1.5034, 0.5348 1.1811 1.4004, 0.4927 1.1811 1.503, 0.3201 1.1811 1.4313, 0.2974 1.1811 1.4312, 0.2746 1.1811 1.4303, 0.2671 1.1811 1.4288, 0.47 1.1811 1.5028, 0.4074 1.1811 1.4319, 0.4624 1.1811 1.5028, 0.8886 1.1811 1.5295, 0.5291 1.1811 1.3997, 0.8593 1.1811 1.3671, 0.2905 1.1811 1.311, 0.2981 1.1811 1.3111, 0.3133 1.1811 1.3112, 0.3057 1.1811 1.3111, 0.2827 1.1811 1.3111, 0.2677 1.1811 1.3133, 0.2753 1.1811 1.3118, 0.2536 1.1811 1.3187, 0.2605 1.1811 1.3155, 0.2471 1.1811 1.3227, 0.5614 1.1811 1.3255, 0.5316 1.1811 1.3286, 0.5303 1.1811 1.3313, 0.3926 1.1811 1.3254, 0.3494 1.1811 1.3655, 0.3924 1.1811 1.3658, 0.3493 1.1811 1.3793, 0.3923 1.1811 1.3796, 0.392 1.1811 1.418, 0.6762 1.1811 1.5043, 0.6781 1.1811 1.4339, 0.3456 1.1811 1.4177, 0.9533 1.1811 1.5993, 0.3436 1.1811 1.3251, 0.8837 1.1811 1.3409, 0.649 1.1811 1.3145, 0.5425 1.1811 1.3233, 0.5396 1.1811 1.3238, 0.5365 1.1811 1.3248, 0.5491 1.1811 1.3231, 0.5457 1.1811 1.3231, 0.5338 1.1811 1.3263, 0.4891 1.1811 1.2862, 0.4996 1.1811 1.2854, 0.4954 1.1811 1.2849, 0.504 1.1811 1.2733, 0.608 1.1811 1.3133, 0.5039 1.1811 1.2867, 0.4731 1.1811 1.3125, 0.5297 1.1811 1.3144, 0.4799 1.1811 1.2969, 0.5356 1.1811 1.3124, 0.5156 1.1811 1.3286, 0.5189 1.1811 1.3225, 0.5243 1.1811 1.3175, 0.5145 1.1811 1.3359, 0.5522 1.1811 1.3234, 0.6605 1.1811 1.3454, 0.7253 1.1811 1.3278, 0.6617 1.1811 1.3366, 0.4813 1.1811 1.3744, 0.4732 1.1811 1.3505, 0.457 1.1811 1.3504, 0.5194 1.1811 1.3501, 0.5157 1.1811 1.3437, 0.5308 1.1811 1.3391, 0.5337 1.1811 1.3428, 0.5724 1.1811 1.3315, 0.8523 1.1811 1.488, 0.5062 1.1811 1.3983, 0.5182 1.1811 1.3819, 0.4482 1.1811 1.3741, 0.4394 1.1811 1.3978, 0.5285 1.1811 1.3867, 0.54 1.1811 1.3883, 0.5519 1.1811 1.3852, 0.5557 1.1811 1.3723, 0.5533 1.1811 1.3689, 0.5578 1.1811 1.3544, 0.5517 1.1811 1.3515, 0.8622 1.1811 1.5036, 0.8744 1.1811 1.5175, 0.5565 1.1811 1.3769, 0.5466 1.1811 1.3876, 0.5553 1.1811 1.3815, 0.633 1.1811 1.3644, 0.6086 1.1811 1.377, 0.653 1.1811 1.3787, 0.5463 1.1811 1.4, 0.5407 1.1811 1.4005, 0.5466 1.1811 1.3649, 0.5395 1.1811 1.3617, 0.5318 1.1811 1.3585, 0.5235 1.1811 1.3985, 0.5181 1.1811 1.3966, 0.4894 1.1811 1.3982, 0.6172 1.1811 1.3875, 0.6248 1.1811 1.3889, 0.6348 1.1811 1.3878, 0.6118 1.1811 1.3836, 0.8438 1.1811 1.399, 0.5454 1.1811 1.3488, 0.5698 1.1811 1.3297, 0.5671 1.1811 1.3281, 0.5299 1.1811 1.3346, 0.5643 1.1811 1.3267, 0.5553 1.1811 1.3238, 0.5584 1.1811 1.3246, 0.5393 1.1811 1.3462, 0.6762 1.1811 1.3274, 0.6609 1.1811 1.3295, 0.5633 1.1811 1.3578, 0.682 1.1811 1.3679, 0.6565 1.1811 1.3533, 0.5929 1.1811 1.3131, 0.5926 1.1811 1.3683, 0.402 1.1811 1.6151, 0.409 1.1811 1.6182, 0.2867 1.1811 1.5344, 0.3367 1.1811 1.5347, 0.3822 1.1811 1.5281, 0.3902 1.1811 1.5191, 0.3818 1.1811 1.5978, 0.3762 1.1811 1.5877, 0.4946 1.1811 1.6231, 0.4692 1.1811 1.6229, 0.4464 1.1811 1.6228, 0.4388 1.1811 1.6227, 0.4311 1.1811 1.6226, 0.4236 1.1811 1.6219, 0.4162 1.1811 1.6204, 0.5932 1.1811 1.6246, 0.5564 1.1811 1.6235, 0.6089 1.1811 1.6259, 1.0336 1.1811 1.6516, 0.5805 1.1811 1.6208, 0.6269 1.1811 1.5029, 0.6335 1.1811 1.5045, 0.4472 1.1811 1.5027, 0.4548 1.1811 1.5027, 0.4318 1.1811 1.5027, 0.4243 1.1811 1.5034, 0.4396 1.1811 1.5026, 0.4168 1.1811 1.5049, 0.4026 1.1811 1.5103, 0.4096 1.1811 1.5071, 0.3962 1.1811 1.5143, 0.5417 1.1811 1.517, 0.4985 1.1811 1.5571, 0.5414 1.1811 1.5574, 0.4984 1.1811 1.5709, 0.9678 1.1811 1.6143, 0.5413 1.1811 1.5712, 0.541 1.1811 1.6096, 0.9881 1.1811 1.6299, 0.4947 1.1811 1.6093, 0.7232 1.1811 1.6247, 0.6068 1.1811 1.502, 0.6136 1.1811 1.5018, 0.4926 1.1811 1.5167, 0.6009 1.1811 1.5164, 0.6242 1.1811 1.5171, 0.6123 1.1811 1.5156, 1.0102 1.1811 1.6424, 0.5812 1.1811 1.5234, 0.643 1.1811 1.5285, 0.6344 1.1811 1.5214, 0.6204 1.1811 1.5021, 0.6396 1.1811 1.5069, 0.6697 1.1811 1.5758, 0.6663 1.1811 1.5882, 0.5905 1.1811 1.519, 0.5813 1.1811 1.5086, 0.6003 1.1811 1.5027, 0.5937 1.1811 1.504, 0.6455 1.1811 1.51, 0.6761 1.1811 1.518, 0.6557 1.1811 1.5185, 0.6624 1.1811 1.5274, 0.6509 1.1811 1.5139, 0.7239 1.1811 1.5183, 0.6672 1.1811 1.5376, 0.67 1.1811 1.5492, 0.6495 1.1811 1.538, 0.6546 1.1811 1.5628, 0.6534 1.1811 1.5494, 0.6708 1.1811 1.562, 0.5806 1.1811 1.6046, 0.6417 1.1811 1.5988, 0.6488 1.1811 1.5889, 0.6531 1.1811 1.5769, 0.6608 1.1811 1.5991, 0.6324 1.1811 1.6062, 0.5941 1.1811 1.6101, 0.6089 1.1811 1.6119, 0.6214 1.1811 1.6105, 0.6217 1.1811 1.6249, 0.6334 1.1811 1.6217, 0.6439 1.1811 1.6162, 0.6532 1.1811 1.6086, 0.6442 1.1811 1.3844, 0.552 1.1811 1.3987, 0.6122 1.1811 1.3997, 0.5573 1.1811 1.3967, 0.6035 1.1811 1.3958, 0.5873 1.1811 1.5059, 0.8706 1.1811 1.3531, 0.8398 1.1811 1.4163, 0.8384 1.1811 1.434, 0.6076 1.1811 1.3678, 0.7249 1.1811 1.3819, 0.8401 1.1811 1.4529, 0.725 1.1811 1.3682, 0.5546 1.1811 1.3111, 0.6585 1.1811 1.3234, 0.6341 1.1811 1.4003, 0.6439 1.1811 1.3977, 0.6529 1.1811 1.3933, 0.5623 1.1811 1.3939, 0.5974 1.1811 1.3892, 0.5937 1.1811 1.3801, 0.5709 1.1811 1.3827, 0.5676 1.1811 1.3888, 0.572 1.1811 1.3756, 0.5678 1.1811 1.362, 0.6417 1.1811 1.3626, 0.6498 1.1811 1.3591, 0.624 1.1811 1.313, 0.6152 1.1811 1.3181, 0.6545 1.1811 1.3183, 0.4839 1.1811 1.2902, 0.6079 1.1811 1.3265, 0.5725 1.1811 1.316, 0.5668 1.1811 1.3136, 0.5607 1.1811 1.312, 0.571 1.1811 1.3683, 0.6233 1.1811 1.4011, 0.4635 1.1811 1.2993, 0.4082 1.1811 1.3118, 0.4238 1.1811 1.3977, 0.4656 1.1811 1.3265, 0.5252 1.1811 1.3549, 0.4748 1.1811 1.2806, 0.5481 1.1811 1.3108, 0.5418 1.1811 1.3112, 0.4995 1.1811 1.2724, 0.4683 1.1811 1.2894, -0.0394 -0.8268 1.4173, 1.8504 -0.8465 1.4321, -0.0394 -0.8465 1.4321, -2.7953 -0.6693 1.2992, 1.8504 -0.6693 1.2992, -2.7953 -0.8268 1.4173, -1.1024 0.8465 1.9882, -1.2795 0.8465 1.9882, -1.1024 0.0 1.9882, 0.8268 -0.9055 1.9882, -0.4331 0.0 1.9882, -2.9134 -1.1811 1.9882, 0.8268 -1.1811 1.9882, -2.9134 0.451 1.9882, -2.9134 -0.451 1.9882, -2.2835 0.0 1.9882, 1.1417 0.0 1.9882, 1.8504 -1.1811 1.9882, 1.2598 -0.9055 1.9882, 1.2598 -1.1811 1.9882, -2.4606 0.8465 1.9882, -1.6142 0.0 1.9882, -2.4606 0.9646 1.9882, -1.437 0.8465 1.9882, -1.6142 0.8465 1.9882, -1.2795 0.9646 1.9882, -0.2559 0.9646 1.9882, -0.4331 0.8465 1.9882, -0.2559 0.8465 1.9882, 0.4724 0.0 1.9882, 0.2953 0.8465 1.9882, -2.2835 0.8465 1.9882, -1.437 0.9646 1.9882, 0.2953 0.9646 1.9882, 0.4724 0.8465 1.9882, 1.3189 0.8465 1.9882, 1.1417 0.8465 1.9882, 1.3189 0.9646 1.9882, 0.8268 -0.9646 1.5551, 0.8268 -0.9055 1.5551, 0.8268 -1.1811 0.689, 0.8268 -0.9646 0.689, 1.2598 -0.9055 1.5551, 1.2598 -0.9646 1.5551, 1.2598 -1.1811 0.689, 1.2598 -0.9646 0.689, 1.1417 -1.1811 0.0197, 1.1417 -1.1811 0.1378, -2.9134 -1.1811 0.0197, 1.8504 -1.1811 0.1378, 1.8504 -0.5786 1.2992, -0.1575 -0.6442 1.2992, -0.1575 -0.5786 1.2992, -3.1102 -0.8802 1.2992, -3.1102 -0.6442 1.2992, -2.7953 -0.9646 1.2992, 1.8504 -0.8465 1.5551, -0.0394 -0.8465 1.5551, -0.0394 -0.9646 1.5551, 1.8504 -0.9646 1.5551, 1.8504 0.6476 1.0549, 1.1417 0.6476 1.0549, 1.8504 0.6496 1.0039, 1.1417 0.6496 1.0039, 1.1417 0.6416 1.1056, 1.8504 0.6416 1.1055, 1.8504 0.6317 1.1556, 1.1417 0.6317 1.1556, 1.1417 0.6178 1.2047, 1.8504 0.6178 1.2046, 1.8504 0.6002 1.2525, 1.1417 0.6002 1.2525, 1.8504 0.5788 1.2988, 1.1417 0.5788 1.2989, 1.1417 0.5539 1.3434, 1.8504 0.5539 1.3433, 1.8504 0.5256 1.3857, 1.1417 0.5255 1.3858, 1.8504 0.494 1.4257, 1.1417 0.494 1.4258, 1.1417 0.4593 1.4633, 1.8504 0.4594 1.4632, 1.8504 0.422 1.4978, 1.1417 0.4219 1.4979, 1.8504 0.3819 1.5294, 1.1417 0.3818 1.5295, 1.1417 0.3394 1.5578, 1.8504 0.3396 1.5577, 1.8504 0.2951 1.5827, 1.1417 0.2949 1.5827, 1.8504 0.2488 1.604, 1.1417 0.2486 1.6041, 1.1417 0.2007 1.6217, 1.8504 0.2009 1.6217, 1.8504 0.1518 1.6355, 1.1417 0.1516 1.6356, 1.8504 0.1018 1.6455, 1.1417 0.1016 1.6455, 1.1417 0.051 1.6515, 1.8504 0.0512 1.6515, 1.1417 -0.0 1.6535, 1.8504 -0.0507 1.6516, -0.1575 -0.0507 1.6516, 1.8504 0.0002 1.6535, -0.1575 -0.1014 1.6456, 1.8504 -0.1014 1.6456, -0.1575 -0.1514 1.6357, 1.8504 -0.1514 1.6357, -0.1575 -0.2005 1.6218, -0.1575 -0.2483 1.6042, 1.8504 -0.2005 1.6218, 1.8504 -0.2483 1.6042, -0.1575 -0.2946 1.5829, 1.8504 -0.2946 1.5829, -0.1575 -0.3391 1.558, -0.1575 -0.3816 1.5297, 1.8504 -0.3391 1.558, 1.8504 -0.3816 1.5297, -0.1575 -0.4216 1.4981, 1.8504 -0.4216 1.4981, -0.1575 -0.4591 1.4635, -0.1575 -0.4937 1.4261, 1.8504 -0.4591 1.4635, 1.8504 -0.4937 1.4261, -0.1575 -0.5253 1.3861, 1.8504 -0.5253 1.3861, -0.1575 -0.5537 1.3437, 1.8504 -0.5537 1.3437, 1.1417 0.6476 0.953, 1.8504 0.6476 0.953, 1.1417 0.6416 0.9023, 1.8504 0.6416 0.9023, 1.1417 0.6317 0.8523, 1.8504 0.6317 0.8523, 1.8504 0.6178 0.8032, 1.1417 0.6178 0.8032, 1.1417 0.6002 0.7553, 1.8504 0.6002 0.7554, 1.1417 0.5788 0.709, 1.8504 0.5788 0.7091, 1.8504 0.5539 0.6646, 1.1417 0.5539 0.6645, 1.1417 0.5255 0.6221, 1.8504 0.5256 0.6222, 1.1417 0.494 0.5821, 1.8504 0.494 0.5821, 1.8504 0.4594 0.5447, 1.1417 0.4593 0.5446, 1.1417 0.4219 0.51, 1.8504 0.422 0.5101, 1.1417 0.3818 0.4784, 1.8504 0.3819 0.4785, 1.8504 0.3396 0.4501, 1.1417 0.3394 0.4501, 1.1417 0.2949 0.4251, 1.8504 0.2951 0.4252, 1.1417 0.2486 0.4038, 1.8504 0.2488 0.4038, 1.8504 0.2009 0.3862, 1.1417 0.2007 0.3861, 1.1417 0.1516 0.3723, 1.8504 0.1518 0.3723, 1.1417 0.1016 0.3623, 1.8504 0.1018 0.3624, 1.8504 0.0512 0.3564, 1.1417 0.051 0.3563, 1.1417 -0.0 0.3543, 1.8504 0.0002 0.3543, 1.8504 -0.0507 0.3563, -0.1575 -0.0507 0.3563, 1.8504 -0.1014 0.3623, 0.4724 -0.0 0.3543, 1.8504 -0.1514 0.3722, -0.1575 -0.1014 0.3623, -0.1575 -0.1514 0.3722, 1.8504 -0.2005 0.386, -0.1575 -0.2005 0.386, 1.8504 -0.2483 0.4037, 1.8504 -0.2946 0.425, -0.1575 -0.2483 0.4037, -0.1575 -0.2946 0.425, 1.8504 -0.3391 0.4499, -0.1575 -0.3391 0.4499, 1.8504 -0.3816 0.4782, 1.8504 -0.4216 0.5097, -0.1575 -0.3816 0.4782, -0.1575 -0.4216 0.5097, 1.8504 -0.4591 0.5443, -0.1575 -0.4591 0.5443, 1.8504 -0.4937 0.5818, 1.8504 -0.5253 0.6218, -0.1575 -0.4937 0.5818, -0.1575 -0.5253 0.6218, 1.8504 -0.5537 0.6642, -0.1575 -0.5537 0.6642, 1.8504 -0.5786 0.7087, -0.1575 -0.5786 0.7087, 0.4724 0.051 0.3563, 0.4724 0.1016 0.3623, -0.1575 0.0512 0.3564, 0.4724 0.1516 0.3723, -0.1575 0.1018 0.3624, 0.4724 0.2007 0.3861, -0.1575 0.1518 0.3723, 0.4724 0.2486 0.4038, -0.1575 0.2009 0.3862, 0.4724 0.2949 0.4251, -0.1575 0.2488 0.4038, 0.4724 0.3394 0.4501, -0.1575 0.2951 0.4252, 0.4724 0.3818 0.4784, -0.1575 0.3396 0.4501, 0.4724 0.4219 0.51, -0.1575 0.3819 0.4785, 0.4724 0.4593 0.5446, -0.1575 0.422 0.5101, 0.4724 0.494 0.5821, -0.1575 0.4594 0.5447, 0.4724 0.5255 0.6221, -0.1575 0.494 0.5821, 0.4724 0.5539 0.6645, -0.1575 0.5256 0.6222, 0.4724 0.5788 0.709, -0.1575 0.5539 0.6646, 0.4724 0.6002 0.7553, -0.1575 0.5788 0.7091, -0.1575 0.6002 0.7554, 0.4724 0.6178 0.8032, -0.1575 0.6178 0.8032, 0.4724 0.6317 0.8523, -0.1575 0.6317 0.8523, -0.1575 0.6416 0.9023, 0.4724 0.6416 0.9023, -0.1575 0.6476 0.953, 0.4724 0.6476 0.953, -0.1575 0.6496 1.0039, 0.4724 0.6496 1.0039, -0.1575 0.6476 1.0549, 0.4724 0.6476 1.0549, 0.4724 0.6416 1.1056, -0.1575 0.6416 1.1055, 0.4724 0.6317 1.1556, -0.1575 0.6317 1.1556, 0.4724 0.6178 1.2047, -0.1575 0.6178 1.2046, 0.4724 0.6002 1.2525, -0.1575 0.6002 1.2525, 0.4724 0.5788 1.2989, -0.1575 0.5788 1.2988, 0.4724 0.5539 1.3434, -0.1575 0.5539 1.3433, 0.4724 0.5255 1.3858, -0.1575 0.5256 1.3857, -0.1575 0.494 1.4257, 0.4724 0.494 1.4258, -0.1575 0.4594 1.4632, 0.4724 0.4593 1.4633, -0.1575 0.422 1.4978, 0.4724 0.4219 1.4979, -0.1575 0.3819 1.5294, 0.4724 0.3818 1.5295, -0.1575 0.3396 1.5577, 0.4724 0.3394 1.5578, -0.1575 0.2951 1.5827, 0.4724 0.2949 1.5827, -0.1575 0.2488 1.604, 0.4724 0.2486 1.6041, -0.1575 0.2009 1.6217, 0.4724 0.2007 1.6217, -0.1575 0.1518 1.6355, 0.4724 0.1516 1.6356, -0.1575 0.1018 1.6455, 0.4724 0.1016 1.6455, -0.1575 0.0512 1.6515, 0.4724 0.051 1.6515, -0.1575 0.0002 1.6535, 0.4724 -0.0 1.6535, -0.1575 0.0002 0.3543, 1.1417 0.8465 0.2165, 0.8858 0.8465 0.1378, 0.8858 0.8465 0.2165, 1.3189 0.8465 0.1378, 0.748 0.8465 0.0197, 0.748 0.8465 0.1378, 1.4567 0.8465 0.0197, 1.4567 0.8465 0.1378, 1.1417 0.0 0.2165, 0.4724 0.0 0.2165, 0.4724 0.8465 0.2165, 0.2953 0.8465 0.2165, 0.2953 0.9646 0.2165, 0.5906 0.9646 0.2165, 0.5906 0.9646 1.0039, 1.3189 0.9646 0.1378, 0.9843 0.9646 1.0039, 0.9843 0.9646 0.1378, 1.8504 -0.9646 0.1378, 1.3386 -0.9646 0.4528, -0.0394 -0.9646 1.4173, -0.0394 -0.9646 0.5906, -2.7953 -0.9646 0.7087, -2.7953 -0.9646 1.4173, -2.7953 -0.9646 0.5906, -0.0394 -0.9646 0.4528, 1.3386 -0.9646 0.1378, -3.7008 0.8187 1.119, -3.5827 0.7018 1.1026, -3.5827 0.6932 1.1513, -3.7008 0.8268 1.0039, -3.5827 0.7069 1.0534, -3.7008 0.8248 1.0616, -3.5827 0.6659 1.2463, -3.5827 0.6474 1.2922, -3.7008 0.7769 1.2867, -3.7008 0.7947 1.2318, -3.7008 0.8087 1.1758, -3.5827 0.6812 1.1993, -3.7008 0.7011 1.4421, -3.5827 0.601 1.3795, -3.5827 0.5733 1.4205, -3.7008 0.73 1.3921, -3.7008 0.7553 1.3402, -3.5827 0.6257 1.3366, -3.5827 0.4742 1.5306, -3.7008 0.5947 1.5783, -3.5827 0.5098 1.4962, -3.5827 0.5429 1.4594, -3.7008 0.6333 1.5354, -3.7008 0.6689 1.4899, -3.5827 0.3963 1.5914, -3.5827 0.3543 1.6177, -3.7008 0.4623 1.6894, -3.7008 0.5532 1.6183, -3.5827 0.4363 1.5624, -3.7008 0.509 1.6554, -3.7008 0.3097 1.7705, -3.5827 0.2655 1.661, -3.5827 0.219 1.6779, -3.7008 0.3624 1.747, -3.7008 0.4134 1.7199, -3.5827 0.3107 1.6409, -3.5827 0.0741 1.7087, -3.7008 0.1436 1.8182, -3.5827 0.1231 1.7018, -3.5827 0.1715 1.6915, -3.7008 0.2 1.8062, -3.7008 0.2555 1.7902, -3.5827 -0.0247 1.7122, -3.5827 -0.0741 1.7087, -3.7008 -0.0289 1.8302, -3.7008 0.0864 1.8262, -3.5827 0.0248 1.7122, -3.7008 0.0289 1.8302, -3.7008 -0.2 1.8062, -3.5827 -0.1714 1.6916, -3.5827 -0.219 1.6779, -3.7008 -0.1436 1.8182, -3.7008 -0.0864 1.8262, -3.5827 -0.123 1.7018, -3.5827 -0.3543 1.6177, -3.7008 -0.3624 1.747, -3.5827 -0.3107 1.6409, -3.5827 -0.2655 1.661, -3.7008 -0.3097 1.7705, -3.7008 -0.2555 1.7902, -3.5827 -0.4363 1.5624, -3.5827 -0.4742 1.5306, -3.7008 -0.509 1.6554, -3.7008 -0.4134 1.7199, -3.5827 -0.3963 1.5914, -3.7008 -0.4623 1.6894, -3.5827 -0.5098 1.4962, -3.5827 -0.5429 1.4595, -3.7008 -0.5947 1.5783, -3.7008 -0.5532 1.6183, -3.5827 -0.5733 1.4205, -3.7008 -0.6333 1.5354, -3.7008 -0.6689 1.4899, -3.5827 -0.601 1.3795, -3.5827 -0.6257 1.3366, -3.7008 -0.7011 1.4421, -3.5827 -0.6474 1.2922, -3.7008 -0.73 1.3921, -3.7008 -0.7553 1.3402, -3.5827 -0.6659 1.2463, -3.5827 -0.6812 1.1993, -3.7008 -0.7769 1.2867, -3.5827 -0.6932 1.1513, -3.7008 -0.7947 1.2318, -3.7008 -0.8087 1.1758, -3.5827 -0.7018 1.1026, -3.5827 -0.7069 1.0534, -3.7008 -0.8187 1.119, -3.5827 -0.7087 1.0039, -3.7008 -0.8248 1.0616, -3.7008 -0.8268 1.0039, -3.5827 0.7087 1.0039, -3.7008 -0.9294 0.8336, -3.7008 -0.8187 0.8889, -3.7008 -0.8087 0.832, -3.7008 -0.4391 1.8406, -3.7008 -0.3878 1.8656, -3.7008 -0.4888 1.8126, -3.7008 -0.3351 1.8874, -3.7008 -0.2811 1.906, -3.7008 -0.5368 1.7816, -3.7008 -0.2261 1.9214, -3.7008 -0.6266 1.7112, -3.7008 -0.5827 1.7477, -3.7008 -0.1703 1.9333, -3.7008 -0.6681 1.6721, -3.7008 -0.1139 1.9419, -3.7008 -0.7072 1.6305, -3.7008 -0.057 1.9471, -3.7008 -0.7438 1.5867, -3.7008 0.0 1.9488, -3.7008 -0.7776 1.5407, -3.7008 -0.8086 1.4928, -3.7008 0.0571 1.9471, -3.7008 -0.8616 1.3917, -3.7008 -0.8366 1.4431, -3.7008 0.1139 1.9419, -3.7008 -0.8835 1.339, -3.7008 0.1703 1.9333, -3.7008 -0.9021 1.2851, -3.7008 0.2261 1.9214, -3.7008 -0.9174 1.2301, -3.7008 -0.9294 1.1743, -3.7008 0.2811 1.906, -3.7008 -0.938 1.1178, -3.7008 -0.9432 0.9469, -3.7008 -0.8248 0.9463, -3.7008 -0.938 0.8901, -3.7008 0.3351 1.8874, -3.7008 0.6681 1.6721, -3.7008 0.4888 1.8126, -3.7008 0.5368 1.7816, -3.7008 0.7438 1.5867, -3.7008 0.7776 1.5407, -3.7008 0.8367 1.443, -3.7008 0.8616 1.3917, -3.7008 -0.8616 0.6162, -3.7008 -0.7553 0.6677, -3.7008 -0.8367 0.5648, -3.7008 0.9021 1.285, -3.7008 0.9174 1.23, -3.7008 -0.6689 0.518, -3.7008 -0.7438 0.4212, -3.7008 -0.7776 0.4672, -3.7008 -0.5947 0.4296, -3.7008 -0.5532 0.3895, -3.7008 -0.6681 0.3358, -3.7008 -0.5368 0.2263, -3.7008 -0.4623 0.3185, -3.7008 -0.4888 0.1953, -3.7008 0.9432 1.061, -3.7008 0.938 1.1178, -3.7008 -0.3097 0.2374, -3.7008 -0.3351 0.1205, -3.7008 -0.3878 0.1423, -3.7008 0.8187 0.8889, -3.7008 0.8248 0.9463, -3.7008 0.938 0.89, -3.7008 -0.2 0.2017, -3.7008 -0.1703 0.0745, -3.7008 -0.2261 0.0865, -3.7008 0.9174 0.7778, -3.7008 0.9021 0.7228, -3.7008 0.7947 0.776, -3.7008 -0.0 0.0591, -3.7008 -0.0571 0.0608, -3.7008 -0.0289 0.1777, -3.7008 0.8366 0.5648, -3.7008 0.73 0.6158, -3.7008 0.8616 0.6161, -3.7008 0.1139 0.0659, -3.7008 0.0864 0.1817, -3.7008 0.1436 0.1897, -3.7008 0.7776 0.4672, -3.7008 0.7438 0.4212, -3.7008 0.6689 0.518, -3.7008 0.2811 0.1018, -3.7008 0.2555 0.2176, -3.7008 0.3351 0.1204, -3.7008 0.6266 0.2967, -3.7008 0.5532 0.3895, -3.7008 0.6681 0.3358, -3.7008 0.4623 0.3185, -3.7008 0.4888 0.1953, -3.7008 0.4134 0.2879, -3.7008 0.3624 0.2608, -3.7008 0.4391 0.1673, -3.7008 0.3878 0.1423, -3.7008 0.5368 0.2263, -3.7008 0.509 0.3524, -3.7008 0.3097 0.2374, -3.7008 0.2261 0.0865, -3.7008 0.2 0.2017, -3.7008 0.5827 0.2601, -3.7008 0.5947 0.4296, -3.7008 0.7072 0.3774, -3.7008 0.1703 0.0745, -3.7008 0.057 0.0608, -3.7008 0.6333 0.4725, -3.7008 0.7011 0.5658, -3.7008 0.8086 0.5151, -3.7008 0.0289 0.1777, -3.7008 -0.1139 0.0659, -3.7008 -0.0864 0.1817, -3.7008 -0.1436 0.1897, -3.7008 0.8835 0.6689, -3.7008 0.7769 0.7212, -3.7008 0.7553 0.6677, -3.7008 -0.2811 0.1018, -3.7008 -0.2555 0.2176, -3.7008 0.9294 0.8336, -3.7008 0.8087 0.832, -3.7008 -0.4134 0.2879, -3.7008 -0.4391 0.1673, -3.7008 -0.3624 0.2608, -3.7008 0.9449 1.0039, -3.7008 0.9432 0.9469, -3.7008 -0.6266 0.2967, -3.7008 -0.509 0.3524, -3.7008 -0.5827 0.2601, -3.7008 0.9294 1.1742, -3.7008 -0.7073 0.3774, -3.7008 -0.6333 0.4725, -3.7008 0.8835 1.339, -3.7008 -0.73 0.6158, -3.7008 -0.8086 0.5151, -3.7008 -0.7011 0.5658, -3.7008 0.8086 1.4927, -3.7008 -0.8835 0.6689, -3.7008 -0.9021 0.7228, -3.7008 -0.7769 0.7212, -3.7008 0.7073 1.6305, -3.7008 -0.9174 0.7778, -3.7008 -0.7947 0.776, -3.7008 0.5827 1.7477, -3.7008 0.6266 1.7112, -3.7008 0.3878 1.8656, -3.7008 0.4391 1.8406, -3.7008 -0.9432 1.061, -3.7008 -0.9449 1.0039, -3.563 1.0748 1.1344, -2.9134 1.0651 1.198, -2.9134 1.0749 1.1337, -3.563 1.0827 1.0039, -3.563 1.0807 1.0693, -2.9134 1.0807 1.0689, -2.9134 1.0342 1.3242, -3.563 1.0337 1.326, -2.9134 1.0131 1.3857, -3.563 1.0512 1.263, -2.9134 1.0516 1.2615, -3.563 1.0649 1.1991, -3.563 0.9587 1.5071, -2.9134 0.9283 1.5611, -2.9134 0.9601 1.5043, -3.563 0.9873 1.4483, -2.9134 0.9884 1.4458, -3.563 1.0123 1.3879, -2.9134 0.8135 1.7184, -2.9134 0.8549 1.6683, -3.563 0.8523 1.6716, -2.9134 0.8932 1.6158, -3.563 0.9265 1.564, -3.563 0.891 1.619, -2.9134 0.722 1.8107, -3.563 0.718 1.8143, -2.9134 0.6723 1.8526, -3.563 0.8104 1.7219, -3.563 0.7656 1.7695, -2.9134 0.7691 1.7659, -3.563 0.5601 1.9305, -2.9134 0.5093 1.9593, -2.9134 0.5657 1.9271, -3.563 0.615 1.895, -2.9134 0.6201 1.8914, -3.563 0.6677 1.8562, -2.9134 0.3355 2.0333, -2.9134 0.3939 2.0124, -3.563 0.3839 2.0163, -3.563 0.5031 1.9626, -3.563 0.4443 1.9912, -2.9134 0.2157 2.0649, -3.563 0.1952 2.0689, -2.9134 0.1545 2.0755, -3.563 0.3221 2.0376, -3.563 0.2591 2.0552, -2.9134 0.2761 2.0508, -3.563 -0.0 2.0866, -2.9134 -0.031 2.0862, -2.9134 0.031 2.0862, -3.563 0.0654 2.0846, -2.9134 0.0929 2.0826, -3.563 0.1305 2.0787, -2.9134 -0.2157 2.0649, -2.9134 -0.1545 2.0755, -3.563 -0.1952 2.0689, -2.9134 -0.0929 2.0826, -3.563 -0.0654 2.0846, -3.563 -0.1305 2.0787, -2.9134 -0.3355 2.0333, -3.563 -0.3839 2.0163, -2.9134 -0.3939 2.0124, -3.563 -0.2591 2.0552, -3.563 -0.3221 2.0376, -2.9134 -0.2761 2.0508, -3.563 -0.5601 1.9305, -2.9134 -0.5657 1.9271, -2.9134 -0.5093 1.9593, -3.563 -0.5031 1.9626, -3.563 -0.4443 1.9912, -2.9134 -0.722 1.8107, -2.9134 -0.6723 1.8526, -3.563 -0.718 1.8143, -2.9134 -0.6201 1.8914, -3.563 -0.615 1.895, -3.563 -0.6677 1.8562, -2.9134 -0.8135 1.7184, -2.9134 -0.7691 1.7659, -3.563 -0.8104 1.7219, -3.563 -0.7656 1.7695, -3.563 -0.8523 1.6716, -2.9134 -0.8549 1.6683, -3.563 -0.891 1.619, -2.9134 -0.8932 1.6158, -2.9134 -0.9283 1.5611, -3.563 -0.9265 1.564, -3.563 -0.9587 1.5071, -2.9134 -0.9601 1.5043, -3.563 -0.9873 1.4483, -2.9134 -0.9884 1.4458, -2.9134 -1.0131 1.3857, -3.563 -1.0123 1.3879, -3.563 -1.0337 1.326, -2.9134 -1.0342 1.3242, -3.563 -1.0512 1.263, -2.9134 -1.0516 1.2615, -2.9134 -1.0651 1.198, -3.563 -1.0649 1.1991, -3.563 -1.0748 1.1344, -2.9134 -1.0749 1.1337, -3.563 -1.0807 1.0693, -2.9134 -1.0807 1.0689, -2.9134 -1.0827 1.0039, -3.563 -1.0827 1.0039, -2.9134 1.0827 1.0039, -2.9134 -0.8932 0.3921, -2.9134 -0.9283 0.4468, -2.9134 -1.0807 0.939, -2.9134 -1.0749 0.8742, -2.9134 -1.0652 0.8099, -2.9134 -1.0516 0.7463, -2.9134 -1.0342 0.6837, -2.9134 -1.0131 0.6222, -2.9134 -0.9884 0.5621, -2.9134 -0.9601 0.5035, -2.9134 -0.8549 0.3396, -2.9134 -0.8135 0.2895, -2.9134 -0.7691 0.2419, -2.9134 -0.722 0.1971, -2.9134 -0.6723 0.1553, -2.9134 -0.6201 0.1164, -2.9134 -0.5657 0.0808, -2.9134 -0.5093 0.0485, -2.9134 -0.451 0.0197, -2.9134 0.5093 0.0485, -2.9134 0.451 0.0197, -2.9134 1.0807 0.939, -2.9134 0.6201 0.1164, -2.9134 0.5657 0.0808, -2.9134 0.722 0.1971, -2.9134 0.6723 0.1553, -2.9134 0.8135 0.2895, -2.9134 0.7691 0.2419, -2.9134 0.8932 0.3921, -2.9134 0.8549 0.3396, -2.9134 0.9601 0.5035, -2.9134 0.9283 0.4468, -2.9134 1.0131 0.6222, -2.9134 0.9884 0.5621, -2.9134 1.0516 0.7463, -2.9134 1.0342 0.6837, -2.9134 1.0749 0.8742, -2.9134 1.0652 0.8099, -0.4331 0.8465 0.2165, -0.689 0.8465 0.1378, -0.689 0.8465 0.2165, -0.2559 0.8465 0.1378, -0.8268 0.8465 0.0197, -0.8268 0.8465 0.1378, -0.1181 0.8465 0.0197, -0.1181 0.8465 0.1378, -0.2559 0.9646 0.1378, -1.2795 0.9646 0.2165, -1.0236 0.9646 0.2165, -1.0236 0.9646 1.1614, -0.6299 0.9646 1.1614, -0.6299 0.9646 0.1378, -1.2795 0.8465 0.2165, -1.1024 0.8465 0.2165, -1.1024 0.0 0.2165, -1.1024 0.2089 0.3268, -1.1024 0.1577 0.313, -1.1024 0.1056 0.3032, -1.1024 0.053 0.2973, -1.1024 0.0 0.2953, -1.1024 0.7087 1.0039, -1.1024 0.7067 0.951, -1.1024 0.2589 0.3443, -1.1024 0.3543 0.3902, -1.1024 0.3075 0.3655, -1.1024 0.4418 0.4499, -1.1024 0.3992 0.4184, -1.1024 0.5195 0.5219, -1.1024 0.482 0.4845, -1.1024 0.5855 0.6047, -1.1024 0.5541 0.5621, -1.1024 0.6385 0.6965, -1.1024 0.6137 0.6496, -1.1024 0.6772 0.7951, -1.1024 0.6597 0.745, -1.1024 0.7007 0.8983, -1.1024 0.6909 0.8462, -1.1024 0.7007 1.1096, -1.1024 0.7067 1.0569, -1.1024 0.6772 1.2128, -1.1024 0.6909 1.1616, -1.1024 0.3992 1.5895, -1.1024 0.4418 1.558, -1.1024 0.6385 1.3114, -1.1024 0.6597 1.2628, -1.1024 0.5855 1.4031, -1.1024 0.6137 1.3583, -1.1024 0.5195 1.4859, -1.1024 0.5541 1.4458, -1.1024 0.482 1.5234, -1.1024 0.3075 1.6424, -1.1024 0.3543 1.6177, -1.1024 0.2589 1.6636, -1.1024 0.1577 1.6948, -1.1024 0.2089 1.6811, -1.1024 0.053 1.7106, -1.1024 0.1056 1.7047, -1.1024 0.0 1.7126, -0.4331 0.0 1.7126, -0.4331 0.053 0.2973, -0.4331 0.1056 0.3032, -0.4331 0.0 0.2165, -0.4331 0.0 0.2953, -0.4331 0.482 1.5234, -0.4331 0.5195 1.4859, -0.4331 0.5855 1.4031, -0.4331 0.5541 1.4458, -0.4331 0.7067 1.0569, -0.4331 0.7007 1.1096, -0.4331 0.1577 0.313, -0.4331 0.2089 0.3268, -0.4331 0.2589 0.3443, -0.4331 0.3543 0.3902, -0.4331 0.3075 0.3655, -0.4331 0.7067 0.951, -0.4331 0.7087 1.0039, -0.4331 0.4418 0.4499, -0.4331 0.3992 0.4184, -0.4331 0.5195 0.5219, -0.4331 0.482 0.4845, -0.4331 0.5855 0.6047, -0.4331 0.5541 0.5621, -0.4331 0.6385 0.6965, -0.4331 0.6137 0.6496, -0.4331 0.6772 0.7951, -0.4331 0.6597 0.745, -0.4331 0.7007 0.8983, -0.4331 0.6909 0.8462, -0.4331 0.6772 1.2128, -0.4331 0.6909 1.1616, -0.4331 0.6385 1.3114, -0.4331 0.6597 1.2628, -0.4331 0.6137 1.3583, -0.4331 0.4418 1.558, -0.4331 0.3992 1.5895, -0.4331 0.3543 1.6177, -0.4331 0.3075 1.6424, -0.4331 0.2589 1.6636, -0.4331 0.2089 1.6811, -0.4331 0.1577 1.6948, -0.4331 0.1056 1.7047, -0.4331 0.053 1.7106, -1.6142 0.8465 0.2165, -1.8701 0.8465 0.1378, -1.8701 0.8465 0.2165, -1.437 0.8465 0.1378, -2.0079 0.8465 0.0197, -2.0079 0.8465 0.1378, -1.2992 0.8465 0.0197, -1.2992 0.8465 0.1378, -1.437 0.9646 0.1378, -2.4606 0.9646 0.2165, -2.2047 0.9646 0.2165, -2.2047 0.9646 1.1614, -1.811 0.9646 1.1614, -1.811 0.9646 0.1378, -2.4606 0.8465 0.2165, -2.2835 0.8465 0.2165, -2.2835 0.0 0.2165, -2.2835 0.2089 0.3268, -2.2835 0.1577 0.313, -2.2835 0.1056 0.3032, -2.2835 0.053 0.2973, -2.2835 0.0 0.2953, -2.2835 0.7087 1.0039, -2.2835 0.7067 0.951, -2.2835 0.2589 0.3443, -2.2835 0.3543 0.3902, -2.2835 0.3075 0.3655, -2.2835 0.4418 0.4499, -2.2835 0.3992 0.4184, -2.2835 0.5195 0.5219, -2.2835 0.482 0.4845, -2.2835 0.5855 0.6047, -2.2835 0.5541 0.5621, -2.2835 0.6385 0.6965, -2.2835 0.6137 0.6496, -2.2835 0.6772 0.7951, -2.2835 0.6597 0.745, -2.2835 0.7007 0.8983, -2.2835 0.6909 0.8462, -2.2835 0.7007 1.1096, -2.2835 0.7067 1.0569, -2.2835 0.6772 1.2128, -2.2835 0.6909 1.1616, -2.2835 0.3992 1.5895, -2.2835 0.4418 1.558, -2.2835 0.6385 1.3114, -2.2835 0.6597 1.2628, -2.2835 0.5855 1.4031, -2.2835 0.6137 1.3583, -2.2835 0.5195 1.4859, -2.2835 0.5541 1.4458, -2.2835 0.482 1.5234, -2.2835 0.3075 1.6424, -2.2835 0.3543 1.6177, -2.2835 0.2589 1.6636, -2.2835 0.1577 1.6948, -2.2835 0.2089 1.6811, -2.2835 0.053 1.7106, -2.2835 0.1056 1.7047, -2.2835 0.0 1.7126, -1.6142 0.0 1.7126, -1.6142 0.053 0.2973, -1.6142 0.1056 0.3032, -1.6142 0.0 0.2165, -1.6142 0.0 0.2953, -1.6142 0.482 1.5234, -1.6142 0.5195 1.4859, -1.6142 0.5855 1.4031, -1.6142 0.5541 1.4458, -1.6142 0.7067 1.0569, -1.6142 0.7007 1.1096, -1.6142 0.1577 0.313, -1.6142 0.2089 0.3268, -1.6142 0.2589 0.3443, -1.6142 0.3543 0.3902, -1.6142 0.3075 0.3655, -1.6142 0.7067 0.951, -1.6142 0.7087 1.0039, -1.6142 0.4418 0.4499, -1.6142 0.3992 0.4184, -1.6142 0.5195 0.5219, -1.6142 0.482 0.4845, -1.6142 0.5855 0.6047, -1.6142 0.5541 0.5621, -1.6142 0.6385 0.6965, -1.6142 0.6137 0.6496, -1.6142 0.6772 0.7951, -1.6142 0.6597 0.745, -1.6142 0.7007 0.8983, -1.6142 0.6909 0.8462, -1.6142 0.6772 1.2128, -1.6142 0.6909 1.1616, -1.6142 0.6385 1.3114, -1.6142 0.6597 1.2628, -1.6142 0.6137 1.3583, -1.6142 0.4418 1.558, -1.6142 0.3992 1.5895, -1.6142 0.3543 1.6177, -1.6142 0.3075 1.6424, -1.6142 0.2589 1.6636, -1.6142 0.2089 1.6811, -1.6142 0.1577 1.6948, -1.6142 0.1056 1.7047, -1.6142 0.053 1.7106, -0.1575 0.5169 1.4887, -0.1575 0.5519 1.4484, -0.1575 -0.2178 1.6783, -0.1575 -0.1664 1.6928, -0.1575 -0.5926 0.6153, -0.1575 -0.0079 1.7126, -0.1575 -0.0612 1.7099, -0.1575 -0.5276 0.5308, -0.1575 -0.5617 0.5718, -0.1575 0.1511 1.6963, -0.1575 0.0986 1.7057, -0.1575 -0.4081 0.4246, -0.1575 -0.4506 0.457, -0.1575 0.3024 1.6448, -0.1575 0.2533 1.6658, -0.1575 -0.3166 0.3699, -0.1575 -0.2679 0.3479, -0.1575 0.3952 1.5922, -0.1575 0.4383 1.5608, -0.1575 -0.1141 0.3045, -0.1575 0.2028 0.3249, -0.1575 0.1511 0.3116, -0.1575 0.0455 0.2967, -0.1575 -0.0079 0.2953, -0.1575 0.3498 0.3876, -0.1575 0.3024 0.363, -0.1575 0.6124 1.3605, -0.1575 0.6375 1.3134, -0.1575 0.4383 0.4471, -0.1575 0.479 0.4817, -0.1575 0.6906 1.1627, -0.1575 0.6767 1.2142, -0.1575 0.5838 0.6023, -0.1575 0.5519 0.5595, -0.1575 0.7067 1.0573, -0.1575 0.6375 0.6944, -0.1575 0.659 0.7433, -0.1575 0.6906 0.8452, -0.1575 0.7006 0.8976, -0.1575 0.6767 0.7936, -0.1575 0.6124 0.6473, -0.1575 0.7067 0.9506, -0.1575 0.5169 0.5192, -0.1575 0.7087 1.0039, -0.1575 0.7006 1.1103, -0.1575 0.3952 0.4157, -0.1575 0.659 1.2646, -0.1575 0.2533 0.3421, -0.1575 0.5838 1.4056, -0.1575 0.0986 0.3022, -0.1575 0.479 1.5262, -0.1575 -0.0612 0.2979, -0.1575 0.3498 1.6203, -0.1575 -0.1664 0.3151, -0.1575 0.2028 1.683, -0.1575 -0.2178 0.3296, -0.1575 -0.3634 0.3955, -0.1575 0.0455 1.7111, -0.1575 -0.4905 0.4924, -0.1575 -0.1141 1.7033, -0.1575 -0.2679 1.66, -0.1575 -0.6202 0.661, -0.1575 -0.3166 1.638, -0.1575 -0.6442 0.7087, -0.1575 -0.4081 1.5833, -0.1575 -0.3634 1.6123, -0.1575 -0.4506 1.5509, -0.1575 -0.5276 1.4771, -0.1575 -0.4905 1.5155, -0.1575 -0.5617 1.4361, -0.1575 -0.5926 1.3926, -0.1575 -0.6202 1.3469, -3.1102 -0.6637 1.2524, -3.1102 -0.6798 1.2042, -3.1102 -0.7014 1.1051, -3.1102 -0.6924 1.1551, -3.1102 -0.7087 1.0039, -3.1102 -0.7068 1.0547, -3.1102 -0.8802 0.7087, -3.1102 -0.7068 0.9532, -3.1102 -0.6924 0.8528, -3.1102 -0.7014 0.9028, -3.1102 -0.6637 0.7555, -3.1102 -0.6798 0.8037, -3.1102 -0.6442 0.7087, 0.5906 0.9646 0.0197, 0.748 0.9646 0.1378, 0.748 0.9646 0.0197, 0.8858 0.9646 0.2165, 0.8858 0.9646 0.1378, -0.8268 0.9646 0.1378, -1.0236 0.9646 0.0197, -0.689 0.9646 0.2165, -0.8268 0.9646 0.0197, -0.689 0.9646 0.1378, -2.0079 0.9646 0.1378, -2.2047 0.9646 0.0197, -1.8701 0.9646 0.2165, -2.0079 0.9646 0.0197, -1.8701 0.9646 0.1378, 1.8504 -0.6299 0.0197, -2.3367 0.1274 0.0197, -2.3156 0.1403 0.0197, -2.3939 0.0487 0.0197, -2.3844 0.0715 0.0197, 0.4403 0.1403 0.0197, 0.4193 0.1274 0.0197, 0.6521 0.0715 0.0197, 0.6616 0.0487 0.0197, -2.1726 0.1403 0.0197, -2.1954 0.1498 0.0197, 0.3563 0.0246 0.0197, -2.0885 0.0246 0.0197, 0.362 0.0487 0.0197, 1.1417 -0.6299 0.0197, -2.3996 0.0246 0.0197, -2.3554 0.1114 0.0197, -2.3715 0.0926 0.0197, -2.2687 0.1555 0.0197, -2.2928 0.1498 0.0197, -2.2441 0.1575 0.0197, -2.2195 0.1555 0.0197, -2.1515 0.1274 0.0197, -2.1167 0.0926 0.0197, -2.1327 0.1114 0.0197, -2.1038 0.0715 0.0197, 0.4005 0.1114 0.0197, -2.0943 0.0487 0.0197, 0.3715 0.0715 0.0197, 0.3844 0.0926 0.0197, 0.4872 0.1555 0.0197, 0.4632 0.1498 0.0197, 0.5118 0.1575 0.0197, 0.5605 0.1498 0.0197, 0.5365 0.1555 0.0197, 0.5833 0.1403 0.0197, 0.6232 0.1114 0.0197, 0.6044 0.1274 0.0197, 0.6392 0.0926 0.0197, 0.6674 0.0246 0.0197, -3.563 -1.0748 0.8734, -3.563 -1.0807 0.9386, -3.563 -1.0337 0.6818, -3.563 -1.0512 0.7448, -3.563 -1.0649 0.8088, -3.563 -0.9587 0.5008, -3.563 -0.9873 0.5596, -3.563 -1.0123 0.62, -3.563 -0.8523 0.3362, -3.563 -0.9265 0.4438, -3.563 -0.891 0.3889, -3.563 -0.718 0.1935, -3.563 -0.8104 0.286, -3.563 -0.7656 0.2384, -3.563 -0.5601 0.0774, -3.563 -0.615 0.1129, -3.563 -0.6677 0.1517, -2.9134 -0.3355 -0.0254, -2.9134 -0.3939 -0.0045, -3.563 -0.3839 -0.0084, -3.563 -0.5031 0.0453, -3.563 -0.4443 0.0166, -2.9134 -0.2157 -0.057, -3.563 -0.1952 -0.061, -2.9134 -0.1545 -0.0677, -3.563 -0.3221 -0.0297, -3.563 -0.2591 -0.0473, -2.9134 -0.2761 -0.043, -3.563 0.0 -0.0787, -2.9134 0.031 -0.0783, -2.9134 -0.031 -0.0783, -3.563 -0.0654 -0.0768, -2.9134 -0.0929 -0.0747, -3.563 -0.1305 -0.0708, -2.9134 0.2157 -0.057, -2.9134 0.1545 -0.0677, -3.563 0.1952 -0.061, -2.9134 0.0929 -0.0747, -3.563 0.0654 -0.0768, -3.563 0.1305 -0.0708, -2.9134 0.3355 -0.0254, -3.563 0.3839 -0.0084, -2.9134 0.3939 -0.0045, -3.563 0.2591 -0.0473, -3.563 0.3221 -0.0297, -2.9134 0.2761 -0.043, -3.563 0.5601 0.0774, -3.563 0.5031 0.0453, -3.563 0.4443 0.0166, -3.563 0.718 0.1935, -3.563 0.615 0.1129, -3.563 0.6677 0.1517, -3.563 0.8104 0.286, -3.563 0.7656 0.2384, -3.563 0.8523 0.3362, -3.563 0.891 0.3889, -3.563 0.9265 0.4438, -3.563 0.9587 0.5008, -3.563 0.9873 0.5596, -3.563 1.0123 0.62, -3.563 1.0337 0.6818, -3.563 1.0512 0.7448, -3.563 1.0649 0.8088, -3.563 1.0748 0.8734, -3.563 1.0807 0.9386, -3.5827 0.6257 0.6713, -3.5827 0.6812 0.8086, -3.5827 0.1715 0.3163, -3.5827 0.3107 0.367, -3.5827 -0.1714 0.3163, -3.5827 0.0248 0.2957, -3.5827 -0.0247 0.2957, -3.5827 -0.219 0.33, -3.5827 -0.6474 0.7157, -3.5827 -0.6659 0.7615, -3.5827 -0.2655 0.3469, -3.5827 -0.3107 0.367, -3.5827 -0.3543 0.3902, -3.5827 -0.3963 0.4164, -3.5827 -0.4363 0.4455, -3.5827 -0.4742 0.4773, -3.5827 -0.5098 0.5116, -3.5827 -0.5429 0.5484, -3.5827 -0.5733 0.5874, -3.5827 -0.601 0.6284, -3.5827 -0.6257 0.6712, -3.5827 -0.123 0.306, -3.5827 -0.6932 0.8566, -3.5827 -0.6812 0.8086, -3.5827 -0.7018 0.9053, -3.5827 -0.7069 0.9545, -3.5827 -0.0741 0.2992, -3.5827 0.0741 0.2992, -3.5827 0.1231 0.306, -3.5827 0.219 0.33, -3.5827 0.2655 0.3469, -3.5827 0.3963 0.4164, -3.5827 0.3543 0.3902, -3.5827 0.4363 0.4455, -3.5827 0.4742 0.4773, -3.5827 0.5098 0.5117, -3.5827 0.5733 0.5874, -3.5827 0.5429 0.5484, -3.5827 0.601 0.6284, -3.5827 0.6474 0.7157, -3.5827 0.6659 0.7616, -3.5827 0.6932 0.8566, -3.5827 0.7018 0.9053, -3.5827 0.7069 0.9545, -0.0394 -0.8465 0.5758, -0.0394 -0.8465 0.4528, -0.0394 -0.8268 0.5906, 1.8504 -0.6299 0.1378, 1.8504 -0.8465 0.1378, 1.3386 -0.8465 0.1378, 1.1417 -0.6299 0.1378, 1.3386 -0.8465 0.4528, -2.7953 -0.6693 0.7087, 1.8504 -0.6693 0.7087, 0.3715 0.0715 -0.1772, 0.362 0.0487 -0.1772, 0.3563 0.0246 -0.1772, 0.4193 0.1274 -0.1772, 0.3844 0.0926 -0.1772, 0.4005 0.1114 -0.1772, 0.4872 0.1555 -0.1772, 0.4632 0.1498 -0.1772, 0.4403 0.1403 -0.1772, 0.5605 0.1498 -0.1772, 0.5365 0.1555 -0.1772, 0.5118 0.1575 -0.1772, 0.6232 0.1114 -0.1772, 0.5833 0.1403 -0.1772, 0.6044 0.1274 -0.1772, 0.6392 0.0926 -0.1772, 0.6521 0.0715 -0.1772, 0.6616 0.0487 -0.1772, 0.6674 0.0246 -0.1772, 1.8504 -0.8465 0.5758, -2.7953 -0.8268 0.5906, 0.4018 0.11 -0.1893, 0.6279 0.0591 -0.2146, 0.6377 0.0641 -0.209, 0.6462 0.0436 -0.209, 0.3637 0.0235 -0.2003, 0.3582 0.0243 -0.1893, 0.386 0.0914 -0.1893, 0.3975 0.083 -0.209, 0.3957 0.0591 -0.2146, 0.386 0.0641 -0.209, 0.4638 0.1479 -0.1893, 0.4119 0.0999 -0.209, 0.4064 0.0766 -0.2146, 0.4875 0.1536 -0.1893, 0.4288 0.1143 -0.209, 0.4477 0.1259 -0.209, 0.4352 0.1054 -0.2146, 0.5599 0.1479 -0.1893, 0.5362 0.1536 -0.1893, 0.4897 0.1395 -0.209, 0.5118 0.1413 -0.209, 0.4914 0.1287 -0.2146, 0.6504 0.0706 -0.1893, 0.5759 0.1259 -0.209, 0.5521 0.1239 -0.2146, 0.5555 0.1343 -0.209, 0.6377 0.0914 -0.1893, 0.6117 0.0999 -0.209, 0.6261 0.083 -0.209, 0.6039 0.0921 -0.2146, 0.6242 0.0365 -0.2165, 0.6171 0.0536 -0.2165, 0.6357 0.0403 -0.2146, 0.6285 0.0185 -0.2165, 0.6172 0.0766 -0.2146, 0.6599 0.0235 -0.2003, 0.6655 0.0243 -0.1893, 0.6544 0.0463 -0.2003, 0.6598 0.0481 -0.1893, 0.6513 0.0221 -0.209, 0.6405 0.0204 -0.2146, 0.5884 0.1054 -0.2146, 0.5948 0.1143 -0.209, 0.6218 0.11 -0.1893, 0.6033 0.1258 -0.1893, 0.5824 0.1386 -0.1893, 0.571 0.1161 -0.2146, 0.5322 0.1287 -0.2146, 0.5339 0.1395 -0.209, 0.5118 0.1556 -0.1893, 0.5118 0.1303 -0.2146, 0.4716 0.1239 -0.2146, 0.4682 0.1343 -0.209, 0.4527 0.1161 -0.2146, 0.4197 0.0921 -0.2146, 0.4204 0.1258 -0.1893, 0.4412 0.1386 -0.1893, 0.3879 0.0403 -0.2146, 0.3775 0.0436 -0.209, 0.3723 0.0221 -0.209, 0.3831 0.0204 -0.2146, 0.3639 0.0481 -0.1893, 0.3732 0.0706 -0.1893, 0.3692 0.0463 -0.2003, 0.3952 0.0185 -0.2165, 0.3995 0.0365 -0.2165, 0.3782 0.0681 -0.2003, 0.4066 0.0537 -0.2165, 0.3905 0.0881 -0.2003, 0.4058 0.106 -0.2003, 0.4163 0.0695 -0.2165, 0.4237 0.1213 -0.2003, 0.4283 0.0835 -0.2165, 0.4437 0.1336 -0.2003, 0.4424 0.0956 -0.2165, 0.4655 0.1426 -0.2003, 0.4582 0.1052 -0.2165, 0.4884 0.1481 -0.2003, 0.4753 0.1123 -0.2165, 0.4934 0.1167 -0.2165, 0.5118 0.15 -0.2003, 0.5119 0.1181 -0.2165, 0.5353 0.1481 -0.2003, 0.5582 0.1426 -0.2003, 0.5303 0.1166 -0.2165, 0.5799 0.1336 -0.2003, 0.5483 0.1123 -0.2165, 0.5654 0.1052 -0.2165, 0.6 0.1213 -0.2003, 0.5813 0.0955 -0.2165, 0.6179 0.106 -0.2003, 0.5954 0.0835 -0.2165, 0.6331 0.0881 -0.2003, 0.6454 0.0681 -0.2003, 0.6074 0.0694 -0.2165, -2.1274 0.0185 -0.2165, -2.1317 0.0365 -0.2165, -2.1388 0.0536 -0.2165, -2.1485 0.0694 -0.2165, -2.1606 0.0835 -0.2165, -2.1747 0.0955 -0.2165, -2.1905 0.1052 -0.2165, -2.2076 0.1123 -0.2165, -2.244 0.1181 -0.2165, -2.3493 0.0537 -0.2165, -2.2625 0.1167 -0.2165, -2.2256 0.1166 -0.2165, -2.3607 0.0185 -0.2165, -2.3564 0.0365 -0.2165, -2.3135 0.0956 -0.2165, -2.2977 0.1052 -0.2165, -2.2806 0.1123 -0.2165, -2.3276 0.0835 -0.2165, -2.3396 0.0695 -0.2165, -2.3541 0.11 -0.1893, -2.3554 0.1114 -0.1772, -2.3367 0.1274 -0.1772, -2.128 0.0591 -0.2146, -2.1182 0.0641 -0.209, -2.1097 0.0436 -0.209, -2.3922 0.0235 -0.2003, -2.3977 0.0243 -0.1893, -2.3996 0.0246 -0.1772, -2.3715 0.0926 -0.1772, -2.3699 0.0914 -0.1893, -2.3584 0.083 -0.209, -2.3602 0.0591 -0.2146, -2.3699 0.0641 -0.209, -2.2687 0.1555 -0.1772, -2.2922 0.1479 -0.1893, -2.2928 0.1498 -0.1772, -2.344 0.0999 -0.209, -2.3495 0.0766 -0.2146, -2.2684 0.1536 -0.1893, -2.3271 0.1143 -0.209, -2.3082 0.1259 -0.209, -2.3207 0.1054 -0.2146, -2.1954 0.1498 -0.1772, -2.196 0.1479 -0.1893, -2.2198 0.1536 -0.1893, -2.2662 0.1395 -0.209, -2.2441 0.1413 -0.209, -2.2645 0.1287 -0.2146, -2.1055 0.0706 -0.1893, -2.1038 0.0715 -0.1772, -2.0943 0.0487 -0.1772, -2.18 0.1259 -0.209, -2.2038 0.1239 -0.2146, -2.2004 0.1343 -0.209, -2.1182 0.0914 -0.1893, -2.1442 0.0999 -0.209, -2.1298 0.083 -0.209, -2.152 0.0921 -0.2146, -2.1202 0.0403 -0.2146, -2.1387 0.0766 -0.2146, -2.096 0.0235 -0.2003, -2.0904 0.0243 -0.1893, -2.1015 0.0463 -0.2003, -2.0961 0.0481 -0.1893, -2.1046 0.0221 -0.209, -2.1154 0.0204 -0.2146, -2.1675 0.1054 -0.2146, -2.1611 0.1143 -0.209, -2.1341 0.11 -0.1893, -2.1167 0.0926 -0.1772, -2.1515 0.1274 -0.1772, -2.1527 0.1258 -0.1893, -2.1735 0.1386 -0.1893, -2.1849 0.1161 -0.2146, -2.2237 0.1287 -0.2146, -2.222 0.1395 -0.209, -2.1726 0.1403 -0.1772, -2.2195 0.1555 -0.1772, -2.2441 0.1556 -0.1893, -2.2441 0.1303 -0.2146, -2.2843 0.1239 -0.2146, -2.2877 0.1343 -0.209, -2.2441 0.1575 -0.1772, -2.3032 0.1161 -0.2146, -2.3362 0.0921 -0.2146, -2.3355 0.1258 -0.1893, -2.3156 0.1403 -0.1772, -2.3147 0.1386 -0.1893, -2.368 0.0403 -0.2146, -2.3784 0.0436 -0.209, -2.3836 0.0221 -0.209, -2.3728 0.0204 -0.2146, -2.392 0.0481 -0.1893, -2.3844 0.0715 -0.1772, -2.3827 0.0706 -0.1893, -2.3939 0.0487 -0.1772, -2.3867 0.0463 -0.2003, -2.3777 0.0681 -0.2003, -2.3654 0.0881 -0.2003, -2.3501 0.106 -0.2003, -2.3322 0.1213 -0.2003, -2.3122 0.1336 -0.2003, -2.2904 0.1426 -0.2003, -2.2675 0.1481 -0.2003, -2.2441 0.15 -0.2003, -2.2206 0.1481 -0.2003, -2.1977 0.1426 -0.2003, -2.176 0.1336 -0.2003, -2.1327 0.1114 -0.1772, -2.1559 0.1213 -0.2003, -2.138 0.106 -0.2003, -2.1228 0.0881 -0.2003, -2.1105 0.0681 -0.2003, -2.0885 0.0246 -0.1772, -3.6745 0.2455 2.0, -3.6745 0.1849 2.013, -3.6604 0.2494 2.016, -3.6745 0.8443 1.5867, -3.6604 0.892 1.5432, -3.6745 0.8779 1.5347, -3.694 0.9005 1.4092, -3.6858 0.9187 1.4174, -3.6858 0.942 1.3612, -3.6745 0.9592 1.3677, -3.6745 0.9794 1.3091, -3.694 0.9713 1.1819, -3.6858 1.0001 1.1254, -3.694 0.9803 1.123, -3.6858 0.9618 1.3037, -3.694 0.9233 1.3541, -3.6991 0.9594 1.1204, -3.694 0.9588 1.2403, -3.6991 0.9384 1.2352, -3.6991 0.9664 1.0039, -3.6604 0.9505 1.4317, -3.6745 0.9355 1.425, -3.6745 0.9084 1.4807, -3.694 0.9857 1.0636, -3.6991 0.9647 1.0623, -3.6604 0.8205 1.6468, -3.6745 0.8076 1.6366, -3.6745 0.7679 1.6842, -3.6604 0.8578 1.596, -3.644 0.8694 1.604, -3.644 0.7005 1.7946, -3.6604 0.6912 1.7841, -3.6604 0.6428 1.8244, -3.6604 0.737 1.741, -3.644 0.7907 1.7044, -3.6604 0.7802 1.6951, -3.6604 0.5392 1.8959, -3.644 0.6001 1.8733, -3.6604 0.5921 1.8617, -3.6745 0.7254 1.7293, -3.6745 0.6803 1.7718, -3.6745 0.5307 1.8819, -3.6745 0.5828 1.8482, -3.6745 0.6327 1.8115, -3.6604 0.4278 1.9544, -3.6604 0.3696 1.9785, -3.644 0.4335 1.9672, -3.6604 0.4844 1.9269, -3.644 0.5465 1.908, -3.6604 0.1879 2.0292, -3.644 0.2528 2.0296, -3.6745 0.421 1.9394, -3.6745 0.3638 1.9632, -3.6604 0.0629 2.0443, -3.6745 0.0619 2.0279, -3.6745 -0.0 2.0298, -3.644 0.0638 2.0584, -3.6604 -0.0 2.0462, -3.6604 -0.1256 2.0387, -3.6745 -0.1237 2.0223, -3.6745 -0.1849 2.013, -3.644 -0.1273 2.0526, -3.6604 -0.1879 2.0292, -3.6745 -0.3638 1.9632, -3.6604 -0.3101 1.9991, -3.6745 -0.3052 1.9834, -3.6604 -0.3696 1.9785, -3.644 -0.3143 2.0125, -3.6604 -0.4844 1.9269, -3.6745 -0.4767 1.9123, -3.6745 -0.5307 1.8819, -3.6604 -0.5392 1.8959, -3.644 -0.4909 1.9393, -3.6604 -0.6428 1.8244, -3.6745 -0.6327 1.8115, -3.6745 -0.6803 1.7718, -3.644 -0.6515 1.8355, -3.6604 -0.6912 1.7841, -3.6745 -0.8076 1.6366, -3.6604 -0.7802 1.6951, -3.6745 -0.7679 1.6842, -3.6604 -0.8205 1.6468, -3.644 -0.7907 1.7044, -3.6604 -0.892 1.5432, -3.6745 -0.8779 1.5347, -3.6745 -0.9084 1.4807, -3.6604 -0.9229 1.4883, -3.644 -0.904 1.5504, -3.6745 -0.9592 1.3677, -3.6604 -0.9505 1.4317, -3.6745 -0.9355 1.425, -3.6604 -1.012 1.2534, -3.6604 -1.0252 1.1918, -3.644 -1.0257 1.2567, -3.6604 -0.9746 1.3735, -3.6745 -0.9794 1.3091, -3.6604 -1.0347 1.1296, -3.6604 -1.0404 1.0669, -3.644 -1.0487 1.1313, -3.644 -1.0391 1.1944, -3.6745 -1.0184 1.1276, -3.6745 -1.024 1.0659, -3.6745 -1.0091 1.1889, -3.5845 -1.079 1.0692, -3.5845 -1.081 1.0039, -3.644 -1.0544 1.0677, -3.644 -1.0564 1.0039, -3.6255 -1.0657 1.0684, -3.6056 -1.074 1.0689, -3.6255 -1.0677 1.0039, -3.6056 -1.0759 1.0039, -3.6604 -1.0423 1.0039, -3.6255 -0.0 2.0716, -3.6056 -0.0 2.0799, -3.6056 0.065 2.0779, -3.6745 -1.0259 1.0039, -3.6858 -1.0074 1.0039, -3.6858 -1.0056 1.0648, -3.694 -0.9875 1.0039, -3.694 -0.9857 1.0636, -3.6991 -0.9664 1.0039, -3.6991 -0.9647 1.0623, -3.6745 -0.9961 1.2494, -3.6604 -0.9951 1.314, -3.644 -1.0085 1.3182, -3.644 -0.9633 1.4375, -3.644 -0.9877 1.3785, -3.6604 -0.8578 1.596, -3.6745 -0.8443 1.5867, -3.644 -0.9354 1.4949, -3.6604 -0.737 1.741, -3.6745 -0.7254 1.7293, -3.644 -0.8316 1.6554, -3.644 -0.8694 1.604, -3.6745 -0.5828 1.8482, -3.644 -0.7005 1.7946, -3.644 -0.747 1.7509, -3.6604 -0.5921 1.8617, -3.6604 -0.4278 1.9544, -3.644 -0.3746 1.9917, -3.644 -0.5465 1.908, -3.644 -0.6001 1.8733, -3.644 -0.4335 1.9672, -3.6745 -0.421 1.9394, -3.6604 -0.2494 2.016, -3.644 -0.1904 2.043, -3.6745 -0.2455 2.0, -3.644 -0.2528 2.0296, -3.6745 -0.0619 2.0279, -3.6604 -0.0629 2.0443, -3.644 -0.0 2.0603, -3.644 -0.0638 2.0584, -3.6604 0.3101 1.9991, -3.6745 0.3052 1.9834, -3.6745 0.1237 2.0223, -3.6604 0.1256 2.0387, -3.644 0.1904 2.043, -3.644 0.1273 2.0526, -3.644 0.3143 2.0125, -3.6745 0.4767 1.9123, -3.644 0.3746 1.9917, -3.644 0.4909 1.9393, -3.644 0.904 1.5504, -3.644 0.6515 1.8355, -3.644 0.747 1.7509, -3.6604 0.9229 1.4883, -3.644 0.8316 1.6554, -3.644 0.9354 1.4949, -3.6255 0.9454 1.5001, -3.6255 0.9736 1.4421, -3.644 0.9633 1.4375, -3.5845 1.079 1.0692, -3.5845 1.081 1.0039, -3.644 0.9877 1.3785, -3.6255 0.9983 1.3825, -3.6255 1.0193 1.3216, -3.5845 1.0633 1.1988, -3.5845 1.0731 1.1342, -3.5845 1.0496 1.2626, -3.6056 1.0759 1.0039, -3.6056 1.074 1.0689, -3.6056 1.0681 1.1336, -3.5845 -1.0731 1.1342, -3.5845 -1.0633 1.1988, -3.5845 -1.0496 1.2626, -3.6255 -1.0599 1.1326, -3.6056 -1.0681 1.1336, -3.6858 -1.0001 1.1254, -3.694 -0.9803 1.123, -3.6991 -0.9594 1.1204, -3.6056 -1.0583 1.1979, -3.6255 -1.0502 1.1964, -3.6858 -0.9909 1.1855, -3.694 -0.9713 1.1819, -3.6991 -0.9506 1.1781, -3.5845 -0.7168 1.8131, -3.5845 -1.032 1.3255, -3.6255 -1.0366 1.2594, -3.6056 -1.0447 1.2614, -3.6858 -0.9782 1.245, -3.694 -0.9588 1.2403, -3.6991 -0.9384 1.2352, -3.5845 -1.0107 1.3873, -3.6056 -1.0272 1.324, -3.6255 -1.0193 1.3216, -3.6858 -0.9618 1.3037, -3.694 -0.9427 1.2977, -3.6991 -0.9227 1.2915, -3.5845 -0.9857 1.4476, -3.6056 -1.006 1.3855, -3.6255 -0.9983 1.3825, -3.6858 -0.942 1.3612, -3.694 -0.9233 1.3541, -3.6991 -0.9036 1.3466, -3.5845 -0.9572 1.5063, -3.6056 -0.9811 1.4455, -3.6255 -0.9736 1.4421, -3.6858 -0.9187 1.4174, -3.694 -0.9005 1.4092, -3.6991 -0.8813 1.4006, -3.5845 -0.9251 1.5632, -3.6056 -0.9527 1.5039, -3.6255 -0.9454 1.5001, -3.6858 -0.892 1.4721, -3.694 -0.8744 1.4628, -3.6991 -0.8557 1.4531, -3.5845 -0.8896 1.618, -3.6056 -0.9208 1.5606, -3.6255 -0.9137 1.5563, -3.6858 -0.8621 1.5251, -3.694 -0.8451 1.5148, -3.6991 -0.8271 1.5039, -3.5845 -0.8509 1.6706, -3.6056 -0.8855 1.6151, -3.6255 -0.8787 1.6104, -3.6858 -0.8291 1.5762, -3.694 -0.8127 1.5649, -3.6991 -0.7954 1.5529, -3.5845 -0.8091 1.7208, -3.6056 -0.847 1.6675, -3.6255 -0.8404 1.6624, -3.6858 -0.793 1.6252, -3.694 -0.7773 1.6129, -3.6991 -0.7608 1.6, -3.5845 -0.7644 1.7683, -3.6056 -0.8054 1.7174, -3.6255 -0.7992 1.7119, -3.6858 -0.7541 1.672, -3.694 -0.7391 1.6587, -3.6991 -0.7234 1.6448, -3.5845 -0.3833 2.0147, -3.6056 -0.7608 1.7647, -3.6255 -0.755 1.7589, -3.6858 -0.7124 1.7163, -3.694 -0.6982 1.7022, -3.6991 -0.6834 1.6873, -3.5845 -0.6667 1.8549, -3.6056 -0.7135 1.8093, -3.6255 -0.708 1.8031, -3.6858 -0.6681 1.758, -3.694 -0.6548 1.7431, -3.6991 -0.6409 1.7273, -3.5845 -0.6141 1.8936, -3.6056 -0.6636 1.8509, -3.6255 -0.6584 1.8444, -3.6858 -0.6213 1.797, -3.694 -0.609 1.7813, -3.6991 -0.596 1.7647, -3.5845 -0.5592 1.929, -3.6056 -0.6112 1.8894, -3.6255 -0.6065 1.8826, -3.6858 -0.5723 1.833, -3.694 -0.5609 1.8166, -3.6991 -0.549 1.7993, -3.5845 -0.5024 1.9611, -3.6056 -0.5566 1.9247, -3.6255 -0.5523 1.9176, -3.6858 -0.5212 1.8661, -3.694 -0.5109 1.849, -3.6991 -0.5 1.831, -3.5845 -0.4436 1.9897, -3.6056 -0.5 1.9566, -3.6255 -0.4962 1.9493, -3.6858 -0.4682 1.896, -3.694 -0.4589 1.8783, -3.6991 -0.4491 1.8597, -3.6056 -0.4416 1.9851, -3.6255 -0.4382 1.9775, -3.6858 -0.4135 1.9226, -3.694 -0.4053 1.9044, -3.6991 -0.3966 1.8852, -3.5845 -0.2587 2.0535, -3.6056 -0.3815 2.01, -3.6255 -0.3786 2.0022, -3.6858 -0.3572 1.9459, -3.694 -0.3502 1.9272, -3.6991 -0.3427 1.9076, -3.5845 -0.3216 2.036, -3.6056 -0.3201 2.0312, -3.6255 -0.3176 2.0233, -3.6858 -0.2997 1.9658, -3.694 -0.2938 1.9467, -3.6991 -0.2875 1.9266, -3.5845 -0.1303 2.077, -3.5845 -0.1949 2.0672, -3.6255 -0.2555 2.0406, -3.6056 -0.2575 2.0486, -3.6858 -0.2411 1.9821, -3.694 -0.2363 1.9627, -3.6991 -0.2313 1.9423, -3.6056 -0.1939 2.0622, -3.6255 -0.1925 2.0541, -3.6858 -0.1816 1.9949, -3.694 -0.178 1.9752, -3.6991 -0.1742 1.9545, -3.5845 0.1949 2.0672, -3.5845 -0.0653 2.0829, -3.6255 -0.1287 2.0638, -3.6056 -0.1297 2.072, -3.6858 -0.1214 2.004, -3.694 -0.119 1.9842, -3.6991 -0.1165 1.9633, -3.5845 -0.0 2.0849, -3.6056 -0.065 2.0779, -3.6255 -0.0645 2.0696, -3.6858 -0.0608 2.0095, -3.694 -0.0596 1.9896, -3.6991 -0.0584 1.9686, -3.5845 0.0653 2.0829, -3.6858 -0.0 2.0114, -3.694 -0.0 1.9914, -3.6991 -0.0 1.9704, -3.5845 0.1303 2.077, -3.6255 0.0645 2.0696, -3.6858 0.0608 2.0095, -3.694 0.0596 1.9896, -3.6991 0.0584 1.9686, -3.6056 0.8054 1.7174, -3.6255 0.755 1.7589, -3.6056 0.7608 1.7647, -3.6056 0.1297 2.072, -3.6255 0.1287 2.0638, -3.6858 0.1214 2.004, -3.694 0.119 1.9842, -3.6991 0.1165 1.9633, -3.5845 0.4436 1.9897, -3.5845 0.2587 2.0535, -3.6255 0.1925 2.0541, -3.6056 0.1939 2.0622, -3.6858 0.1816 1.9949, -3.694 0.178 1.9752, -3.6991 0.1742 1.9545, -3.5845 0.3216 2.036, -3.6056 0.2575 2.0486, -3.6255 0.2555 2.0406, -3.6858 0.2411 1.9821, -3.694 0.2363 1.9627, -3.6991 0.2313 1.9423, -3.5845 0.3833 2.0147, -3.6056 0.3201 2.0312, -3.6255 0.3176 2.0233, -3.6858 0.2997 1.9658, -3.694 0.2938 1.9467, -3.6991 0.2875 1.9266, -3.6056 0.3815 2.01, -3.6255 0.3786 2.0022, -3.6858 0.3572 1.9459, -3.694 0.3502 1.9272, -3.6991 0.3427 1.9076, -3.5845 0.5024 1.9611, -3.6255 0.4382 1.9775, -3.6056 0.4416 1.9851, -3.6858 0.4135 1.9226, -3.694 0.4053 1.9044, -3.6991 0.3966 1.8852, -3.5845 0.6667 1.8549, -3.5845 0.5592 1.929, -3.6255 0.4962 1.9493, -3.6056 0.5 1.9566, -3.6858 0.4682 1.896, -3.694 0.4589 1.8783, -3.6991 0.4491 1.8597, -3.5845 0.6141 1.8936, -3.6056 0.5566 1.9247, -3.6255 0.5523 1.9176, -3.6858 0.5212 1.8661, -3.694 0.5109 1.849, -3.6991 0.5 1.831, -3.6056 0.6112 1.8894, -3.6255 0.6065 1.8826, -3.6858 0.5723 1.833, -3.694 0.5609 1.8166, -3.6991 0.549 1.7993, -3.5845 0.7168 1.8131, -3.6255 0.6584 1.8444, -3.6056 0.6636 1.8509, -3.6858 0.6213 1.797, -3.694 0.609 1.7813, -3.6991 0.596 1.7647, -3.5845 0.8896 1.618, -3.5845 0.7644 1.7683, -3.6255 0.708 1.8031, -3.6056 0.7135 1.8093, -3.6858 0.6681 1.758, -3.694 0.6548 1.7431, -3.6991 0.6409 1.7273, -3.5845 0.8091 1.7208, -3.6858 0.7124 1.7163, -3.694 0.6982 1.7022, -3.6991 0.6834 1.6873, -3.5845 0.8509 1.6706, -3.6255 0.7992 1.7119, -3.6858 0.7541 1.672, -3.694 0.7391 1.6587, -3.6991 0.7234 1.6448, -3.6056 0.847 1.6675, -3.6255 0.8404 1.6624, -3.6858 0.793 1.6252, -3.694 0.7773 1.6129, -3.6991 0.7608 1.6, -3.5845 1.0107 1.3873, -3.5845 0.9251 1.5632, -3.6255 0.8787 1.6104, -3.6056 0.8855 1.6151, -3.6858 0.8291 1.5762, -3.694 0.8127 1.5649, -3.6991 0.7954 1.5529, -3.5845 0.9572 1.5063, -3.6056 0.9208 1.5606, -3.6255 0.9137 1.5563, -3.6858 0.8621 1.5251, -3.694 0.8451 1.5148, -3.6991 0.8271 1.5039, -3.5845 0.9857 1.4476, -3.6056 0.9527 1.5039, -3.6604 0.9746 1.3735, -3.6858 0.892 1.4721, -3.694 0.8744 1.4628, -3.6991 0.8557 1.4531, -3.6056 0.9811 1.4455, -3.6991 0.8813 1.4006, -3.5845 1.032 1.3255, -3.6056 1.006 1.3855, -3.6604 0.9951 1.314, -3.644 1.0085 1.3182, -3.6991 0.9036 1.3466, -3.6255 1.0599 1.1326, -3.644 1.0391 1.1944, -3.6255 1.0502 1.1964, -3.6056 1.0272 1.324, -3.6858 0.9782 1.245, -3.694 0.9427 1.2977, -3.6991 0.9227 1.2915, -3.6255 1.0366 1.2594, -3.6056 1.0447 1.2614, -3.644 1.0257 1.2567, -3.6604 1.012 1.2534, -3.6745 0.9961 1.2494, -3.6056 1.0583 1.1979, -3.6604 1.0252 1.1918, -3.6745 1.0091 1.1889, -3.6858 0.9909 1.1855, -3.6991 0.9506 1.1781, -3.644 1.0487 1.1313, -3.6604 1.0347 1.1296, -3.6745 1.0184 1.1276, -3.6255 1.0657 1.0684, -3.644 1.0544 1.0677, -3.6604 1.0404 1.0669, -3.6745 1.024 1.0659, -3.6858 1.0056 1.0648, -3.6255 1.0677 1.0039, -3.644 1.0564 1.0039, -3.6604 1.0423 1.0039, -3.6745 1.0259 1.0039, -3.6858 1.0074 1.0039, -3.694 0.9875 1.0039, -3.6745 -0.2455 0.0079, -3.6745 -0.1849 -0.0051, -3.6604 -0.2494 -0.0081, -3.6745 -0.8443 0.4212, -3.6604 -0.892 0.4647, -3.6745 -0.8779 0.4732, -3.694 -0.9005 0.5987, -3.6858 -0.9187 0.5905, -3.6858 -0.942 0.6467, -3.6745 -0.9592 0.6402, -3.6745 -0.9794 0.6987, -3.694 -0.9713 0.8259, -3.6858 -1.0001 0.8825, -3.694 -0.9803 0.8849, -3.6858 -0.9618 0.7042, -3.694 -0.9233 0.6538, -3.6991 -0.9594 0.8874, -3.694 -0.9588 0.7676, -3.6991 -0.9384 0.7727, -3.6604 -0.9505 0.5762, -3.6745 -0.9355 0.5829, -3.6745 -0.9084 0.5272, -3.694 -0.9857 0.9443, -3.6991 -0.9647 0.9456, -3.6604 -0.8205 0.3611, -3.6745 -0.8076 0.3713, -3.6745 -0.7679 0.3237, -3.6604 -0.8578 0.4118, -3.644 -0.8694 0.4039, -3.644 -0.7005 0.2132, -3.6604 -0.6912 0.2238, -3.6604 -0.6428 0.1834, -3.6604 -0.737 0.2669, -3.644 -0.7907 0.3034, -3.6604 -0.7802 0.3128, -3.6604 -0.5392 0.1119, -3.644 -0.6001 0.1346, -3.6604 -0.5921 0.1461, -3.6745 -0.7254 0.2785, -3.6745 -0.6803 0.2361, -3.6745 -0.5307 0.126, -3.6745 -0.5828 0.1597, -3.6745 -0.6327 0.1964, -3.6604 -0.4278 0.0534, -3.6604 -0.3696 0.0293, -3.644 -0.4335 0.0406, -3.6604 -0.4844 0.081, -3.644 -0.5465 0.0999, -3.6604 -0.1879 -0.0213, -3.644 -0.2528 -0.0217, -3.6745 -0.421 0.0684, -3.6745 -0.3638 0.0447, -3.6604 -0.0629 -0.0365, -3.6745 -0.0619 -0.0201, -3.6745 -0.0 -0.0219, -3.644 -0.0638 -0.0505, -3.6604 -0.0 -0.0384, -3.6604 0.1256 -0.0308, -3.6745 0.1237 -0.0145, -3.6745 0.1849 -0.0051, -3.644 0.1273 -0.0447, -3.6604 0.1879 -0.0213, -3.6745 0.3638 0.0447, -3.6604 0.3101 0.0088, -3.6745 0.3052 0.0245, -3.6604 0.3696 0.0293, -3.644 0.3143 -0.0046, -3.6604 0.4844 0.081, -3.6745 0.4767 0.0956, -3.6745 0.5307 0.126, -3.6604 0.5392 0.1119, -3.644 0.4909 0.0686, -3.6604 0.6428 0.1834, -3.6745 0.6327 0.1964, -3.6745 0.6803 0.2361, -3.644 0.6515 0.1724, -3.6604 0.6912 0.2238, -3.6745 0.8076 0.3713, -3.6604 0.7802 0.3128, -3.6745 0.7679 0.3237, -3.6604 0.8205 0.3611, -3.644 0.7907 0.3034, -3.6604 0.892 0.4647, -3.6745 0.8779 0.4732, -3.6745 0.9084 0.5272, -3.6604 0.9229 0.5195, -3.644 0.904 0.4574, -3.6745 0.9592 0.6402, -3.6604 0.9505 0.5762, -3.6745 0.9355 0.5829, -3.6604 1.012 0.7545, -3.6604 1.0252 0.8161, -3.644 1.0257 0.7511, -3.6604 0.9746 0.6343, -3.6745 0.9794 0.6987, -3.6604 1.0347 0.8783, -3.6604 1.0404 0.941, -3.644 1.0487 0.8766, -3.644 1.0391 0.8135, -3.6745 1.0184 0.8803, -3.6745 1.024 0.942, -3.6745 1.0091 0.819, -3.5845 1.079 0.9387, -3.644 1.0544 0.9402, -3.6255 1.0657 0.9395, -3.6056 1.074 0.939, -3.6255 -0.0 -0.0637, -3.6056 -0.0 -0.072, -3.6056 -0.065 -0.07, -3.6858 1.0056 0.9431, -3.694 0.9857 0.9443, -3.6991 0.9647 0.9456, -3.6745 0.9961 0.7584, -3.6604 0.9951 0.6938, -3.644 1.0085 0.6897, -3.644 0.9633 0.5704, -3.644 0.9877 0.6293, -3.6604 0.8578 0.4118, -3.6745 0.8443 0.4212, -3.644 0.9354 0.513, -3.644 0.747 0.257, -3.6604 0.737 0.2669, -3.644 0.8316 0.3525, -3.644 0.8694 0.4039, -3.6745 0.7254 0.2785, -3.644 0.7005 0.2132, -3.6745 0.5828 0.1597, -3.6604 0.5921 0.1461, -3.6745 0.421 0.0684, -3.644 0.5465 0.0999, -3.644 0.6001 0.1346, -3.6604 0.4278 0.0534, -3.644 0.4335 0.0406, -3.6745 0.2455 0.0079, -3.6604 0.2494 -0.0081, -3.644 0.3746 0.0162, -3.644 0.1904 -0.0351, -3.644 0.2528 -0.0217, -3.6745 0.0619 -0.0201, -3.6604 0.0629 -0.0365, -3.644 -0.9633 0.5704, -3.644 -0.9354 0.513, -3.6255 -0.9736 0.5658, -3.644 0.0638 -0.0505, -3.644 -0.1904 -0.0351, -3.6604 -0.1256 -0.0308, -3.644 -0.0 -0.0524, -3.6745 -0.1237 -0.0145, -3.644 -0.1273 -0.0447, -3.6745 -0.3052 0.0245, -3.6604 -0.3101 0.0088, -3.644 -0.747 0.257, -3.644 -0.3746 0.0162, -3.644 -0.3143 -0.0046, -3.6745 -0.4767 0.0956, -3.644 -0.4909 0.0686, -3.644 -0.6515 0.1724, -3.644 -0.904 0.4574, -3.6604 -0.9229 0.5195, -3.644 -0.8316 0.3525, -3.6255 -0.9454 0.5078, -3.644 -0.9877 0.6293, -3.6255 -0.9983 0.6253, -3.6255 -1.0193 0.6863, -3.5845 -1.0633 0.8091, -3.5845 -1.0731 0.8736, -3.5845 -1.0496 0.7452, -3.6056 -1.074 0.939, -3.6056 -1.0681 0.8742, -3.5845 -1.079 0.9387, -3.5845 1.0731 0.8736, -3.5845 1.0633 0.8091, -3.5845 1.0496 0.7452, -3.6255 1.0599 0.8752, -3.6056 1.0681 0.8742, -3.6858 1.0001 0.8825, -3.694 0.9803 0.8849, -3.6991 0.9594 0.8874, -3.6056 1.0583 0.81, -3.6255 1.0502 0.8115, -3.6858 0.9909 0.8223, -3.694 0.9713 0.8259, -3.6991 0.9506 0.8297, -3.5845 0.7168 0.1948, -3.5845 1.032 0.6823, -3.6255 1.0366 0.7484, -3.6056 1.0447 0.7465, -3.6858 0.9782 0.7628, -3.694 0.9588 0.7676, -3.6991 0.9384 0.7727, -3.5845 1.0107 0.6206, -3.6056 1.0272 0.6838, -3.6255 1.0193 0.6863, -3.6858 0.9618 0.7042, -3.694 0.9427 0.7102, -3.6991 0.9227 0.7164, -3.5845 0.9857 0.5603, -3.6056 1.006 0.6224, -3.6255 0.9983 0.6253, -3.6858 0.942 0.6467, -3.694 0.9233 0.6538, -3.6991 0.9036 0.6612, -3.5845 0.9572 0.5016, -3.6056 0.9811 0.5624, -3.6255 0.9736 0.5658, -3.6858 0.9187 0.5905, -3.694 0.9005 0.5987, -3.6991 0.8813 0.6073, -3.5845 0.9251 0.4447, -3.6056 0.9527 0.5039, -3.6255 0.9454 0.5078, -3.6858 0.892 0.5358, -3.694 0.8744 0.545, -3.6991 0.8557 0.5548, -3.5845 0.8896 0.3899, -3.6056 0.9208 0.4473, -3.6255 0.9137 0.4516, -3.6858 0.8621 0.4828, -3.694 0.8451 0.4931, -3.6991 0.8271 0.504, -3.5845 0.8509 0.3373, -3.6056 0.8855 0.3927, -3.6255 0.8787 0.3974, -3.6858 0.8291 0.4316, -3.694 0.8127 0.443, -3.6991 0.7954 0.4549, -3.5845 0.8091 0.2871, -3.6056 0.847 0.3404, -3.6255 0.8404 0.3455, -3.6858 0.793 0.3826, -3.694 0.7773 0.3949, -3.6991 0.7608 0.4079, -3.5845 0.7644 0.2396, -3.6056 0.8054 0.2905, -3.6255 0.7992 0.2959, -3.6858 0.7541 0.3359, -3.694 0.7391 0.3491, -3.6991 0.7234 0.3631, -3.5845 0.3833 -0.0068, -3.6056 0.7608 0.2431, -3.6255 0.755 0.249, -3.6858 0.7124 0.2916, -3.694 0.6982 0.3057, -3.6991 0.6834 0.3206, -3.5845 0.6667 0.153, -3.6056 0.7135 0.1986, -3.6255 0.708 0.2048, -3.6858 0.6681 0.2499, -3.694 0.6548 0.2648, -3.6991 0.6409 0.2805, -3.5845 0.6141 0.1143, -3.6056 0.6636 0.157, -3.6255 0.6584 0.1635, -3.6858 0.6213 0.2109, -3.694 0.609 0.2266, -3.6991 0.596 0.2432, -3.5845 0.5592 0.0789, -3.6056 0.6112 0.1185, -3.6255 0.6065 0.1253, -3.6858 0.5723 0.1748, -3.694 0.5609 0.1913, -3.6991 0.549 0.2086, -3.5845 0.5024 0.0468, -3.6056 0.5566 0.0832, -3.6255 0.5523 0.0903, -3.6858 0.5212 0.1418, -3.694 0.5109 0.1589, -3.6991 0.5 0.1769, -3.5845 0.4436 0.0182, -3.6056 0.5 0.0512, -3.6255 0.4962 0.0586, -3.6858 0.4682 0.1119, -3.694 0.4589 0.1296, -3.6991 0.4491 0.1482, -3.6056 0.4416 0.0228, -3.6255 0.4382 0.0303, -3.6858 0.4135 0.0852, -3.694 0.4053 0.1035, -3.6991 0.3966 0.1226, -3.5845 0.2587 -0.0456, -3.6056 0.3815 -0.0021, -3.6255 0.3786 0.0057, -3.6858 0.3572 0.062, -3.694 0.3502 0.0806, -3.6991 0.3427 0.1003, -3.5845 0.3216 -0.0281, -3.6056 0.3201 -0.0233, -3.6255 0.3176 -0.0154, -3.6858 0.2997 0.0421, -3.694 0.2938 0.0612, -3.6991 0.2875 0.0813, -3.5845 0.1303 -0.0692, -3.5845 0.1949 -0.0593, -3.6255 0.2555 -0.0327, -3.6056 0.2575 -0.0407, -3.6858 0.2411 0.0258, -3.694 0.2363 0.0452, -3.6991 0.2313 0.0656, -3.6056 0.1939 -0.0544, -3.6255 0.1925 -0.0462, -3.6858 0.1816 0.013, -3.694 0.178 0.0327, -3.6991 0.1742 0.0533, -3.5845 -0.1949 -0.0593, -3.5845 0.0653 -0.0751, -3.6255 0.1287 -0.0559, -3.6056 0.1297 -0.0641, -3.6858 0.1214 0.0038, -3.694 0.119 0.0237, -3.6991 0.1165 0.0445, -3.5845 -0.0 -0.077, -3.6056 0.065 -0.07, -3.6255 0.0645 -0.0618, -3.6858 0.0608 -0.0017, -3.694 0.0596 0.0183, -3.6991 0.0584 0.0393, -3.5845 -0.0653 -0.0751, -3.6858 -0.0 -0.0035, -3.694 -0.0 0.0165, -3.6991 -0.0 0.0375, -3.5845 -0.1303 -0.0692, -3.6255 -0.0645 -0.0618, -3.6858 -0.0608 -0.0017, -3.694 -0.0596 0.0183, -3.6991 -0.0584 0.0393, -3.6056 -0.8054 0.2905, -3.6255 -0.755 0.249, -3.6056 -0.7608 0.2431, -3.6056 -0.1297 -0.0641, -3.6255 -0.1287 -0.0559, -3.6858 -0.1214 0.0038, -3.694 -0.119 0.0237, -3.6991 -0.1165 0.0445, -3.5845 -0.4436 0.0182, -3.5845 -0.2587 -0.0456, -3.6255 -0.1925 -0.0462, -3.6056 -0.1939 -0.0544, -3.6858 -0.1816 0.013, -3.694 -0.178 0.0327, -3.6991 -0.1742 0.0533, -3.5845 -0.3216 -0.0281, -3.6056 -0.2575 -0.0407, -3.6255 -0.2555 -0.0327, -3.6858 -0.2411 0.0258, -3.694 -0.2363 0.0452, -3.6991 -0.2313 0.0656, -3.5845 -0.3833 -0.0068, -3.6056 -0.3201 -0.0233, -3.6255 -0.3176 -0.0154, -3.6858 -0.2997 0.0421, -3.694 -0.2938 0.0612, -3.6991 -0.2875 0.0813, -3.6056 -0.3815 -0.0021, -3.6255 -0.3786 0.0057, -3.6858 -0.3572 0.062, -3.694 -0.3502 0.0806, -3.6991 -0.3427 0.1003, -3.5845 -0.5024 0.0468, -3.6255 -0.4382 0.0303, -3.6056 -0.4416 0.0228, -3.6858 -0.4135 0.0852, -3.694 -0.4053 0.1035, -3.6991 -0.3966 0.1226, -3.5845 -0.6667 0.153, -3.5845 -0.5592 0.0789, -3.6255 -0.4962 0.0586, -3.6056 -0.5 0.0512, -3.6858 -0.4682 0.1119, -3.694 -0.4589 0.1296, -3.6991 -0.4491 0.1482, -3.5845 -0.6141 0.1143, -3.6056 -0.5566 0.0832, -3.6255 -0.5523 0.0903, -3.6858 -0.5212 0.1418, -3.694 -0.5109 0.1589, -3.6991 -0.5 0.1769, -3.6056 -0.6112 0.1185, -3.6255 -0.6065 0.1253, -3.6858 -0.5723 0.1748, -3.694 -0.5609 0.1913, -3.6991 -0.549 0.2086, -3.5845 -0.7168 0.1948, -3.6255 -0.6584 0.1635, -3.6056 -0.6636 0.157, -3.6858 -0.6213 0.2109, -3.694 -0.609 0.2266, -3.6991 -0.596 0.2432, -3.5845 -0.8896 0.3899, -3.5845 -0.7644 0.2396, -3.6255 -0.708 0.2048, -3.6056 -0.7135 0.1986, -3.6858 -0.6681 0.2499, -3.694 -0.6548 0.2648, -3.6991 -0.6409 0.2805, -3.5845 -0.8091 0.2871, -3.6858 -0.7124 0.2916, -3.694 -0.6982 0.3057, -3.6991 -0.6834 0.3206, -3.5845 -0.8509 0.3373, -3.6255 -0.7992 0.2959, -3.6858 -0.7541 0.3359, -3.694 -0.7391 0.3491, -3.6991 -0.7234 0.3631, -3.6056 -0.847 0.3404, -3.6255 -0.8404 0.3455, -3.6858 -0.793 0.3826, -3.694 -0.7773 0.3949, -3.6991 -0.7608 0.4079, -3.5845 -1.0107 0.6206, -3.5845 -0.9251 0.4447, -3.6255 -0.8787 0.3974, -3.6056 -0.8855 0.3927, -3.6858 -0.8291 0.4316, -3.694 -0.8127 0.443, -3.6991 -0.7954 0.4549, -3.5845 -0.9572 0.5016, -3.6056 -0.9208 0.4473, -3.6255 -0.9137 0.4516, -3.6858 -0.8621 0.4828, -3.694 -0.8451 0.4931, -3.6991 -0.8271 0.504, -3.5845 -0.9857 0.5603, -3.6056 -0.9527 0.5039, -3.6604 -0.9746 0.6343, -3.6858 -0.892 0.5358, -3.694 -0.8744 0.545, -3.6991 -0.8557 0.5548, -3.6056 -0.9811 0.5624, -3.6991 -0.8813 0.6073, -3.5845 -1.032 0.6823, -3.6056 -1.006 0.6224, -3.6604 -0.9951 0.6938, -3.644 -1.0085 0.6897, -3.6991 -0.9036 0.6612, -3.6255 -1.0599 0.8752, -3.644 -1.0391 0.8135, -3.6255 -1.0502 0.8115, -3.6056 -1.0272 0.6838, -3.6858 -0.9782 0.7628, -3.694 -0.9427 0.7102, -3.6991 -0.9227 0.7164, -3.6255 -1.0366 0.7484, -3.6056 -1.0447 0.7465, -3.644 -1.0257 0.7511, -3.6604 -1.012 0.7545, -3.6745 -0.9961 0.7584, -3.6056 -1.0583 0.81, -3.6604 -1.0252 0.8161, -3.6745 -1.0091 0.819, -3.6858 -0.9909 0.8223, -3.6991 -0.9506 0.8297, -3.644 -1.0487 0.8766, -3.6604 -1.0347 0.8783, -3.6745 -1.0184 0.8803, -3.6255 -1.0657 0.9395, -3.644 -1.0544 0.9402, -3.6604 -1.0404 0.941, -3.6745 -1.024 0.942, -3.6858 -1.0056 0.9431, 0.3896 1.1811 1.5495, 0.4012 1.1811 1.5285, 0.394 1.1811 1.5379, 0.401 1.1811 1.5973, 0.3881 1.1811 1.5634, 0.3895 1.1811 1.5772, 0.3938 1.1811 1.5885, 0.4066 1.1811 1.6014, 0.4127 1.1811 1.6046, 0.406 1.1811 1.5246, 0.4232 1.1811 1.5175, 0.4171 1.1811 1.5191, 0.4192 1.1811 1.6068, 0.4114 1.1811 1.5214, 0.4399 1.1811 1.6089, 0.4356 1.1811 1.5163, 0.4329 1.1811 1.6088, 0.426 1.1811 1.6082, 0.4292 1.1811 1.5166, 0.4482 1.1811 1.5164, 0.4419 1.1811 1.5163, 0.4468 1.1811 1.6089, 0.4538 1.1811 1.609, 0.4544 1.1811 1.5164, 0.3246 1.1811 1.5676, 0.2982 1.1811 1.5674, 0.3175 1.1811 1.5869, 0.2913 1.1811 1.548, 0.3051 1.1811 1.5868, 0.3317 1.1811 1.5483, 0.3113 1.1811 1.6064, 0.6371 1.1811 1.3247, 0.6454 1.1811 1.3321, 0.6421 1.1811 1.3277, 0.6307 1.1811 1.3237, 0.6464 1.1811 1.3377, 0.6373 1.1811 1.3516, 0.6454 1.1811 1.3439, 0.6216 1.1811 1.3254, 0.6424 1.1811 1.3486, 0.6143 1.1811 1.3306, 0.6318 1.1811 1.3531, 0.6115 1.1811 1.3342, 0.6095 1.1811 1.3383, 0.6255 1.1811 1.354, 0.6196 1.1811 1.3548, 0.6083 1.1811 1.3425, 0.6078 1.1811 1.3472, 0.6077 1.1811 1.3518, 0.6077 1.1811 1.3563, 0.6136 1.1811 1.3555, 0.2406 1.1811 1.3579, 0.2521 1.1811 1.337, 0.2449 1.1811 1.3463, 0.252 1.1811 1.4057, 0.2391 1.1811 1.3718, 0.2404 1.1811 1.3856, 0.2447 1.1811 1.3969, 0.2575 1.1811 1.4098, 0.2637 1.1811 1.413, 0.2569 1.1811 1.333, 0.2742 1.1811 1.3259, 0.268 1.1811 1.3275, 0.2702 1.1811 1.4152, 0.2623 1.1811 1.3298, 0.2909 1.1811 1.4173, 0.2866 1.1811 1.3247, 0.2838 1.1811 1.4172, 0.2769 1.1811 1.4166, 0.2802 1.1811 1.325, 0.2991 1.1811 1.3248, 0.2929 1.1811 1.3247, 0.2978 1.1811 1.4173, 0.3047 1.1811 1.4174, 0.3054 1.1811 1.3248, 0.1755 1.1811 1.376, 0.1492 1.1811 1.3758, 0.1684 1.1811 1.3953, 0.1423 1.1811 1.3564, 0.1561 1.1811 1.3952, 0.1826 1.1811 1.3567, 0.1623 1.1811 1.4149, 1.1678 1.1811 1.3346, 1.2187 1.1811 1.3723, 1.1725 1.1811 1.3256, 1.1725 1.1811 1.3649, 1.1661 1.1811 1.345, 1.1677 1.1811 1.3557, 1.1888 1.1811 1.3768, 1.1797 1.1811 1.3721, 1.1991 1.1811 1.3785, 1.1797 1.1811 1.3183, 1.2309 1.1811 1.3561, 1.1889 1.1811 1.3136, 1.2095 1.1811 1.3769, 1.231 1.1811 1.3348, 1.2263 1.1811 1.3256, 1.2327 1.1811 1.3455, 1.219 1.1811 1.3184, 1.1996 1.1811 1.3119, 1.2099 1.1811 1.3136, 1.226 1.1811 1.3652
            ]
        }
        coordIndex [
            0,1,2,-1,3,2,1,-1,1,4,3,-1,5,6,7,-1,6,4,7,-1,8,9,5,-1,5,7,8,-1,9,10,11,-1,10,9,8,-1,12,13,14,-1,13,12,11,-1,15,16,14,-1,12,14,16,-1,15,17,18,-1,18,16,15,-1,13,11,10,-1,18,17,19,-1,6,3,4,-1,20,21,19,-1,17,20,19,-1,2,22,0,-1,23,24,22,-1,0,22,24,-1,23,25,26,-1,26,24,23,-1,27,25,28,-1,25,27,26,-1,29,30,28,-1,27,28,30,-1,29,31,32,-1,32,30,29,-1,33,31,34,-1,31,33,32,-1,35,36,34,-1,33,34,36,-1,35,37,38,-1,38,36,35,-1,39,37,40,-1,37,39,38,-1,39,40,41,-1,42,43,44,-1,45,46,47,-1,42,48,49,-1,50,5,51,-1,18,52,16,-1,48,53,54,-1,55,12,56,-1,57,51,9,-1,58,52,18,-1,16,52,56,-1,59,60,61,-1,62,63,64,-1,53,61,65,-1,66,67,68,-1,69,70,71,-1,72,68,73,-1,6,50,74,-1,70,59,71,-1,75,76,77,-1,77,78,79,-1,80,44,81,-1,21,78,76,-1,80,82,83,-1,3,74,84,-1,85,2,84,-1,86,83,87,-1,88,89,86,-1,22,85,90,-1,89,91,92,-1,5,50,6,-1,93,92,94,-1,95,96,25,-1,97,98,93,-1,23,22,90,-1,98,99,100,-1,101,29,102,-1,103,104,100,-1,29,28,102,-1,104,105,106,-1,34,107,108,-1,45,106,109,-1,109,105,110,-1,47,106,45,-1,111,69,71,-1,112,37,113,-1,113,47,46,-1,46,112,113,-1,37,112,40,-1,37,35,113,-1,31,29,101,-1,35,108,113,-1,106,105,109,-1,114,47,108,-1,114,104,106,-1,110,105,115,-1,115,105,103,-1,113,108,47,-1,35,34,108,-1,116,103,99,-1,47,114,106,-1,117,114,107,-1,115,103,116,-1,104,117,100,-1,105,104,103,-1,108,107,114,-1,34,31,107,-1,116,99,118,-1,114,117,104,-1,117,101,119,-1,103,100,99,-1,100,119,98,-1,118,99,97,-1,117,107,101,-1,31,101,107,-1,98,97,99,-1,117,119,100,-1,25,96,28,-1,120,93,98,-1,118,97,121,-1,121,97,94,-1,119,102,120,-1,102,119,101,-1,94,97,93,-1,119,120,98,-1,122,120,96,-1,122,92,93,-1,123,94,91,-1,94,123,121,-1,120,102,96,-1,28,96,102,-1,92,124,89,-1,120,122,93,-1,124,122,95,-1,91,88,125,-1,123,91,125,-1,94,92,91,-1,96,95,122,-1,25,23,95,-1,89,88,91,-1,122,124,92,-1,126,124,90,-1,126,86,89,-1,127,88,87,-1,88,127,125,-1,124,95,90,-1,23,90,95,-1,86,128,83,-1,124,126,89,-1,128,126,85,-1,87,82,129,-1,127,87,129,-1,88,86,87,-1,90,85,126,-1,22,2,85,-1,81,130,82,-1,126,128,86,-1,131,128,84,-1,129,82,130,-1,83,131,80,-1,87,83,82,-1,85,84,128,-1,2,3,84,-1,81,43,132,-1,128,131,83,-1,133,131,74,-1,133,44,80,-1,130,81,132,-1,82,80,81,-1,84,74,131,-1,3,6,74,-1,81,44,43,-1,131,133,80,-1,50,134,133,-1,44,134,42,-1,132,43,135,-1,135,43,49,-1,74,50,133,-1,51,5,9,-1,43,42,49,-1,133,134,44,-1,51,136,134,-1,42,136,48,-1,135,49,137,-1,137,49,54,-1,50,51,134,-1,57,9,11,-1,138,137,54,-1,134,136,42,-1,139,136,57,-1,49,48,54,-1,48,139,53,-1,138,54,65,-1,51,57,136,-1,12,55,11,-1,65,60,140,-1,136,139,48,-1,141,139,55,-1,141,61,53,-1,138,65,140,-1,54,53,65,-1,139,57,55,-1,11,55,57,-1,142,60,70,-1,139,141,53,-1,143,141,56,-1,143,59,61,-1,140,60,142,-1,65,61,60,-1,55,56,141,-1,12,16,56,-1,60,59,70,-1,141,143,61,-1,144,143,52,-1,59,144,71,-1,142,70,145,-1,145,70,69,-1,56,52,143,-1,58,18,19,-1,69,111,68,-1,143,144,59,-1,58,75,144,-1,75,111,71,-1,145,69,72,-1,72,69,68,-1,52,58,144,-1,21,76,19,-1,77,66,111,-1,144,75,71,-1,77,111,75,-1,62,64,67,-1,68,111,66,-1,73,68,67,-1,58,19,76,-1,75,58,76,-1,66,79,146,-1,78,77,76,-1,67,146,62,-1,79,66,77,-1,67,66,146,-1,73,67,64,-1,147,148,149,-1,150,149,148,-1,148,151,150,-1,152,153,154,-1,153,151,154,-1,155,156,152,-1,152,154,155,-1,156,157,158,-1,157,156,155,-1,159,160,161,-1,160,159,158,-1,162,163,161,-1,159,161,163,-1,162,164,165,-1,165,163,162,-1,160,158,157,-1,165,164,166,-1,153,150,151,-1,167,168,166,-1,164,167,166,-1,149,169,147,-1,170,171,169,-1,147,169,171,-1,170,172,173,-1,173,171,170,-1,174,172,175,-1,172,174,173,-1,176,177,175,-1,174,175,177,-1,176,178,179,-1,179,177,176,-1,180,178,181,-1,178,180,179,-1,182,183,181,-1,180,181,183,-1,182,184,185,-1,185,183,182,-1,186,184,187,-1,184,186,185,-1,186,187,188,-1,189,190,191,-1,192,193,194,-1,189,195,196,-1,197,152,198,-1,198,156,199,-1,195,200,201,-1,202,203,159,-1,165,204,163,-1,205,204,165,-1,206,207,200,-1,208,209,210,-1,211,212,206,-1,213,214,215,-1,202,163,204,-1,216,217,218,-1,219,220,216,-1,153,197,221,-1,222,223,224,-1,225,226,222,-1,214,213,211,-1,227,228,191,-1,168,223,226,-1,228,229,230,-1,150,221,231,-1,232,149,231,-1,233,230,234,-1,235,236,233,-1,169,232,237,-1,236,238,239,-1,152,197,153,-1,240,239,241,-1,242,243,172,-1,244,245,240,-1,170,169,237,-1,245,246,247,-1,248,176,249,-1,250,251,247,-1,176,175,249,-1,251,252,253,-1,181,254,255,-1,192,253,256,-1,256,252,257,-1,194,253,192,-1,258,215,214,-1,259,184,260,-1,260,194,193,-1,193,259,260,-1,184,259,187,-1,184,182,260,-1,178,176,248,-1,182,255,260,-1,253,252,256,-1,261,194,255,-1,261,251,253,-1,257,252,262,-1,262,252,250,-1,260,255,194,-1,182,181,255,-1,263,250,246,-1,194,261,253,-1,264,261,254,-1,262,250,263,-1,251,264,247,-1,252,251,250,-1,255,254,261,-1,181,178,254,-1,263,246,265,-1,261,264,251,-1,264,248,266,-1,250,247,246,-1,247,266,245,-1,265,246,244,-1,264,254,248,-1,178,248,254,-1,245,244,246,-1,264,266,247,-1,172,243,175,-1,267,240,245,-1,265,244,268,-1,268,244,241,-1,266,249,267,-1,249,266,248,-1,241,244,240,-1,266,267,245,-1,269,267,243,-1,269,239,240,-1,270,241,238,-1,241,270,268,-1,267,249,243,-1,175,243,249,-1,239,271,236,-1,267,269,240,-1,271,269,242,-1,238,235,272,-1,270,238,272,-1,241,239,238,-1,243,242,269,-1,172,170,242,-1,236,235,238,-1,269,271,239,-1,273,271,237,-1,273,233,236,-1,274,235,234,-1,235,274,272,-1,271,242,237,-1,170,237,242,-1,233,275,230,-1,271,273,236,-1,275,273,232,-1,234,229,276,-1,274,234,276,-1,235,233,234,-1,237,232,273,-1,169,149,232,-1,227,277,229,-1,273,275,233,-1,278,275,231,-1,276,229,277,-1,230,278,228,-1,234,230,229,-1,232,231,275,-1,149,150,231,-1,227,190,279,-1,275,278,230,-1,280,278,221,-1,280,191,228,-1,277,227,279,-1,229,228,227,-1,231,221,278,-1,150,153,221,-1,227,191,190,-1,278,280,228,-1,197,281,280,-1,191,281,189,-1,279,190,282,-1,282,190,196,-1,221,197,280,-1,198,152,156,-1,190,189,196,-1,280,281,191,-1,198,283,281,-1,189,283,195,-1,282,196,284,-1,284,196,201,-1,197,198,281,-1,199,156,158,-1,285,284,201,-1,281,283,189,-1,286,283,199,-1,196,195,201,-1,195,286,200,-1,285,201,207,-1,198,199,283,-1,159,203,158,-1,207,212,287,-1,283,286,195,-1,288,286,203,-1,288,206,200,-1,285,207,287,-1,201,200,207,-1,286,199,203,-1,158,203,199,-1,289,212,213,-1,286,288,200,-1,290,288,202,-1,290,211,206,-1,287,212,289,-1,207,206,212,-1,203,202,288,-1,159,163,202,-1,212,211,213,-1,288,290,206,-1,291,290,204,-1,211,291,214,-1,289,213,292,-1,292,213,215,-1,202,204,290,-1,205,165,166,-1,215,258,216,-1,290,291,211,-1,205,225,291,-1,225,258,214,-1,292,215,220,-1,220,215,216,-1,204,205,291,-1,168,226,166,-1,222,217,258,-1,291,225,214,-1,222,258,225,-1,208,210,218,-1,216,258,217,-1,219,216,218,-1,205,166,226,-1,225,205,226,-1,217,224,293,-1,223,222,226,-1,218,293,208,-1,224,217,222,-1,218,217,293,-1,219,218,210,-1,294,295,296,-1,297,298,299,-1,294,300,295,-1,301,302,297,-1,300,299,295,-1,299,300,303,-1,301,297,303,-1,304,305,306,-1,303,297,299,-1,307,308,306,-1,309,310,311,-1,312,300,313,-1,307,306,314,-1,315,316,317,-1,314,306,305,-1,318,319,317,-1,320,321,322,-1,305,303,323,-1,317,316,318,-1,324,313,325,-1,326,327,328,-1,329,318,316,-1,330,331,332,-1,333,334,335,-1,336,337,338,-1,331,339,332,-1,313,340,341,-1,342,343,313,-1,313,343,340,-1,324,344,313,-1,313,344,342,-1,345,339,331,-1,346,347,348,-1,332,349,330,-1,350,351,352,-1,352,346,353,-1,349,354,330,-1,352,351,355,-1,356,353,346,-1,352,353,350,-1,325,348,347,-1,348,356,346,-1,357,358,313,-1,325,347,324,-1,359,360,313,-1,313,360,325,-1,361,362,313,-1,313,362,359,-1,313,363,361,-1,313,364,363,-1,365,366,313,-1,313,366,364,-1,367,368,369,-1,370,371,372,-1,313,358,373,-1,313,373,365,-1,374,371,370,-1,313,375,357,-1,376,326,377,-1,378,371,379,-1,313,380,381,-1,375,313,381,-1,382,383,384,-1,385,380,318,-1,313,318,380,-1,386,387,388,-1,389,385,318,-1,386,388,390,-1,318,322,389,-1,391,388,387,-1,392,391,393,-1,394,395,321,-1,394,321,320,-1,396,316,397,-1,322,329,320,-1,395,394,398,-1,322,318,329,-1,316,396,399,-1,316,399,329,-1,316,400,397,-1,401,402,403,-1,400,316,404,-1,405,406,407,-1,401,403,408,-1,409,410,326,-1,411,326,376,-1,412,326,411,-1,412,413,326,-1,414,415,416,-1,417,418,371,-1,368,419,420,-1,421,422,368,-1,388,423,390,-1,424,392,393,-1,425,426,427,-1,382,420,419,-1,371,374,379,-1,428,429,368,-1,384,420,382,-1,383,390,423,-1,393,391,387,-1,392,424,430,-1,423,384,383,-1,425,429,426,-1,431,368,429,-1,428,426,429,-1,368,431,369,-1,432,433,434,-1,368,367,419,-1,435,436,437,-1,420,372,368,-1,371,368,372,-1,434,433,354,-1,349,434,354,-1,433,432,436,-1,422,435,437,-1,437,436,432,-1,438,421,368,-1,421,435,422,-1,368,371,439,-1,439,438,368,-1,440,441,442,-1,443,441,439,-1,439,441,440,-1,443,439,371,-1,443,371,418,-1,444,445,446,-1,326,413,371,-1,417,371,413,-1,377,326,410,-1,447,448,409,-1,447,328,449,-1,450,402,404,-1,451,452,453,-1,454,407,406,-1,455,456,405,-1,455,457,453,-1,458,452,459,-1,328,447,409,-1,457,451,453,-1,409,326,328,-1,459,452,451,-1,452,458,327,-1,326,452,327,-1,456,455,453,-1,406,405,456,-1,454,408,403,-1,408,454,406,-1,403,402,450,-1,404,316,450,-1,316,309,450,-1,309,460,461,-1,450,309,462,-1,463,464,465,-1,466,467,468,-1,469,414,470,-1,471,472,473,-1,474,475,476,-1,477,478,414,-1,479,414,480,-1,481,482,483,-1,484,476,485,-1,486,483,487,-1,333,488,489,-1,490,313,491,-1,323,492,305,-1,314,493,494,-1,467,495,314,-1,493,314,492,-1,494,496,497,-1,494,493,496,-1,305,492,314,-1,498,334,333,-1,312,335,323,-1,471,473,499,-1,471,499,500,-1,471,414,472,-1,501,502,337,-1,414,469,472,-1,503,460,504,-1,414,478,470,-1,505,506,507,-1,508,475,474,-1,414,479,477,-1,508,488,475,-1,333,489,509,-1,414,416,480,-1,498,333,509,-1,334,510,335,-1,414,511,415,-1,475,488,333,-1,512,513,514,-1,481,515,504,-1,513,506,516,-1,517,309,461,-1,467,518,519,-1,520,467,521,-1,471,522,467,-1,467,522,518,-1,494,471,467,-1,523,524,471,-1,471,524,522,-1,525,526,471,-1,471,526,523,-1,500,527,471,-1,471,527,525,-1,528,529,530,-1,531,532,533,-1,508,532,468,-1,508,534,532,-1,535,534,536,-1,537,504,538,-1,534,539,536,-1,508,539,534,-1,482,481,540,-1,539,508,474,-1,483,486,481,-1,532,531,541,-1,467,520,468,-1,532,541,468,-1,468,541,466,-1,309,542,310,-1,314,309,316,-1,543,446,445,-1,544,545,546,-1,547,548,549,-1,550,551,552,-1,553,554,444,-1,555,551,550,-1,556,557,558,-1,557,559,558,-1,548,544,546,-1,560,561,556,-1,561,562,556,-1,556,563,560,-1,549,529,564,-1,565,566,567,-1,568,569,570,-1,556,571,572,-1,573,574,575,-1,504,576,503,-1,577,578,556,-1,579,580,568,-1,581,582,583,-1,578,584,585,-1,586,575,587,-1,588,504,589,-1,590,584,578,-1,582,591,583,-1,592,578,581,-1,593,594,595,-1,590,578,592,-1,583,592,581,-1,596,597,538,-1,598,578,585,-1,576,504,588,-1,599,600,578,-1,599,578,598,-1,570,579,568,-1,577,601,602,-1,603,513,577,-1,603,580,513,-1,506,505,597,-1,589,504,515,-1,460,538,504,-1,604,605,606,-1,607,604,606,-1,461,460,608,-1,587,575,609,-1,547,549,564,-1,610,611,612,-1,530,613,528,-1,529,614,564,-1,549,548,546,-1,615,529,528,-1,529,615,614,-1,613,530,611,-1,612,575,610,-1,612,611,530,-1,575,574,616,-1,573,575,612,-1,617,618,567,-1,616,609,575,-1,575,586,619,-1,620,565,621,-1,622,575,623,-1,624,337,625,-1,323,303,312,-1,475,626,627,-1,474,476,513,-1,335,511,414,-1,335,510,511,-1,475,333,626,-1,414,323,335,-1,313,337,312,-1,300,312,303,-1,476,484,628,-1,476,628,629,-1,476,337,485,-1,337,502,485,-1,630,631,337,-1,337,631,501,-1,313,632,633,-1,313,490,634,-1,337,336,630,-1,313,634,635,-1,337,624,338,-1,636,637,337,-1,337,637,638,-1,337,638,625,-1,313,635,636,-1,337,313,636,-1,313,633,491,-1,639,640,641,-1,341,642,481,-1,643,640,639,-1,644,645,537,-1,513,646,647,-1,513,647,514,-1,648,513,649,-1,513,648,650,-1,513,650,646,-1,651,649,476,-1,513,476,649,-1,652,653,476,-1,476,653,651,-1,629,654,476,-1,476,654,652,-1,655,656,657,-1,507,506,513,-1,633,656,512,-1,633,658,656,-1,481,659,540,-1,660,658,661,-1,481,662,659,-1,658,663,661,-1,633,663,658,-1,640,632,641,-1,663,633,632,-1,481,664,341,-1,512,507,513,-1,538,665,666,-1,667,656,655,-1,656,667,512,-1,512,667,507,-1,481,486,515,-1,668,669,670,-1,481,642,671,-1,672,673,674,-1,671,662,481,-1,675,538,666,-1,537,645,676,-1,664,677,678,-1,674,679,672,-1,640,672,505,-1,669,668,674,-1,505,672,680,-1,681,505,682,-1,683,537,676,-1,684,685,686,-1,597,505,538,-1,684,537,687,-1,674,668,679,-1,688,689,690,-1,691,673,672,-1,672,692,693,-1,691,672,693,-1,684,689,688,-1,688,694,664,-1,695,696,697,-1,698,692,695,-1,694,677,664,-1,699,664,678,-1,695,700,696,-1,701,702,703,-1,701,703,700,-1,704,664,705,-1,698,695,697,-1,695,701,700,-1,692,672,695,-1,640,695,672,-1,643,695,640,-1,341,664,641,-1,341,641,313,-1,632,313,641,-1,664,704,641,-1,664,706,705,-1,664,707,706,-1,664,699,707,-1,688,690,694,-1,684,686,689,-1,684,687,685,-1,537,683,687,-1,607,606,708,-1,709,596,710,-1,710,711,709,-1,712,711,710,-1,538,505,681,-1,505,713,682,-1,505,680,713,-1,714,542,309,-1,714,309,517,-1,715,460,716,-1,463,620,595,-1,594,593,717,-1,718,463,465,-1,608,460,715,-1,460,719,716,-1,675,644,538,-1,681,665,538,-1,644,537,538,-1,460,503,719,-1,311,462,309,-1,620,720,565,-1,553,721,622,-1,722,618,617,-1,723,464,724,-1,725,463,595,-1,464,463,725,-1,711,712,726,-1,727,728,729,-1,727,726,712,-1,730,727,729,-1,731,728,623,-1,595,594,708,-1,607,708,594,-1,728,731,729,-1,732,623,619,-1,623,575,619,-1,593,595,733,-1,734,733,620,-1,595,620,733,-1,565,720,566,-1,620,621,734,-1,617,567,566,-1,735,554,736,-1,737,722,446,-1,617,446,722,-1,555,558,559,-1,444,554,735,-1,446,543,737,-1,555,738,558,-1,736,554,739,-1,622,740,575,-1,741,740,622,-1,721,742,622,-1,741,622,742,-1,731,623,743,-1,732,743,623,-1,726,727,730,-1,710,596,538,-1,538,744,710,-1,538,464,744,-1,464,723,744,-1,464,725,724,-1,745,746,747,-1,748,570,569,-1,578,571,556,-1,563,556,572,-1,578,749,571,-1,749,578,600,-1,602,578,577,-1,516,577,513,-1,568,580,603,-1,516,601,577,-1,556,562,557,-1,466,750,467,-1,555,550,738,-1,751,555,752,-1,752,555,559,-1,746,750,466,-1,553,622,554,-1,314,553,309,-1,446,553,444,-1,721,553,555,-1,751,721,555,-1,446,309,553,-1,495,753,314,-1,314,753,553,-1,467,314,494,-1,521,467,519,-1,746,754,750,-1,746,745,754,-1,580,747,513,-1,513,747,746,-1,755,756,757,-1,755,758,759,-1,755,760,758,-1,756,755,759,-1,761,762,763,-1,763,764,765,-1,764,763,766,-1,766,767,764,-1,768,769,770,-1,313,771,772,-1,773,774,772,-1,771,764,773,-1,775,300,768,-1,763,776,766,-1,777,300,775,-1,776,778,779,-1,300,780,781,-1,782,765,783,-1,300,781,313,-1,765,784,785,-1,785,783,765,-1,766,776,769,-1,762,776,763,-1,769,776,770,-1,786,768,770,-1,778,780,787,-1,768,786,775,-1,300,777,787,-1,300,787,780,-1,776,762,778,-1,778,762,780,-1,784,765,764,-1,781,783,788,-1,771,773,772,-1,789,785,784,-1,764,771,784,-1,783,785,788,-1,313,781,788,-1,790,791,771,-1,313,788,792,-1,771,313,790,-1,313,792,790,-1,764,793,794,-1,764,767,793,-1,793,795,796,-1,793,767,795,-1,794,797,773,-1,794,773,764,-1,774,773,798,-1,798,799,774,-1,798,773,797,-1,799,798,800,-1,799,772,774,-1,801,802,803,-1,795,803,802,-1,772,799,804,-1,766,803,795,-1,767,766,795,-1,804,799,802,-1,799,795,802,-1,805,759,806,-1,806,807,805,-1,758,808,809,-1,758,806,759,-1,810,808,758,-1,806,758,809,-1,757,811,812,-1,811,757,756,-1,794,793,813,-1,794,811,797,-1,797,814,798,-1,814,797,811,-1,812,811,794,-1,813,812,794,-1,815,816,817,-1,818,817,816,-1,819,815,820,-1,815,819,816,-1,820,821,822,-1,822,819,820,-1,823,822,824,-1,821,824,822,-1,823,825,826,-1,825,823,824,-1,827,828,826,-1,826,825,827,-1,829,828,830,-1,827,830,828,-1,829,831,832,-1,831,829,830,-1,833,834,832,-1,832,831,833,-1,835,834,836,-1,833,836,834,-1,835,837,838,-1,837,835,836,-1,839,840,838,-1,838,837,839,-1,841,840,842,-1,839,842,840,-1,841,843,844,-1,843,841,842,-1,845,846,844,-1,844,843,845,-1,847,846,848,-1,845,848,846,-1,847,849,850,-1,849,847,848,-1,851,852,850,-1,850,849,851,-1,853,852,854,-1,851,854,852,-1,855,856,857,-1,858,853,854,-1,859,857,856,-1,855,858,856,-1,859,860,861,-1,860,859,856,-1,862,863,861,-1,861,860,862,-1,864,863,865,-1,862,865,863,-1,864,866,867,-1,866,864,865,-1,868,869,867,-1,867,866,868,-1,870,869,871,-1,868,871,869,-1,870,872,873,-1,872,870,871,-1,874,875,873,-1,873,872,874,-1,876,875,877,-1,874,877,875,-1,876,878,879,-1,878,876,877,-1,880,881,879,-1,879,878,880,-1,807,881,882,-1,880,882,881,-1,805,807,882,-1,818,883,884,-1,883,885,886,-1,818,884,817,-1,887,888,885,-1,886,884,883,-1,889,887,890,-1,886,885,888,-1,890,891,892,-1,887,889,888,-1,893,894,891,-1,892,889,890,-1,895,893,896,-1,892,891,894,-1,896,897,898,-1,893,895,894,-1,899,900,897,-1,898,895,896,-1,901,899,902,-1,898,897,900,-1,902,903,904,-1,899,901,900,-1,905,906,903,-1,904,901,902,-1,907,905,908,-1,904,903,906,-1,908,909,910,-1,905,907,906,-1,911,912,909,-1,910,907,908,-1,913,911,914,-1,910,909,912,-1,914,915,916,-1,911,913,912,-1,917,918,915,-1,916,913,914,-1,919,917,920,-1,916,915,918,-1,920,921,922,-1,917,919,918,-1,922,921,923,-1,922,919,920,-1,924,925,923,-1,926,923,921,-1,927,925,928,-1,924,928,925,-1,927,929,930,-1,929,927,928,-1,931,932,930,-1,930,929,931,-1,933,932,934,-1,931,934,932,-1,933,935,936,-1,935,933,934,-1,937,938,936,-1,936,935,937,-1,939,938,940,-1,937,940,938,-1,939,941,942,-1,941,939,940,-1,943,944,942,-1,942,941,943,-1,945,944,946,-1,943,946,944,-1,945,947,948,-1,947,945,946,-1,949,950,948,-1,948,947,949,-1,949,951,950,-1,926,924,923,-1,952,953,954,-1,953,955,956,-1,955,957,958,-1,957,959,960,-1,959,961,962,-1,961,963,964,-1,963,965,966,-1,965,967,968,-1,967,969,970,-1,969,971,972,-1,971,973,974,-1,973,975,976,-1,975,977,978,-1,977,979,980,-1,979,981,980,-1,981,979,982,-1,982,983,981,-1,983,982,984,-1,984,985,983,-1,986,985,984,-1,984,987,986,-1,988,986,987,-1,987,989,988,-1,990,988,989,-1,989,991,990,-1,992,990,991,-1,991,993,992,-1,994,995,993,-1,993,995,992,-1,996,997,994,-1,994,997,995,-1,998,999,996,-1,996,999,997,-1,1000,1001,998,-1,998,1001,999,-1,1002,1003,1000,-1,1000,1003,1001,-1,1004,1005,1002,-1,1002,1005,1003,-1,1006,1007,1004,-1,1004,1007,1005,-1,1008,1006,1009,-1,1010,1009,1011,-1,1012,1011,1013,-1,1014,1013,1015,-1,1016,1015,1017,-1,1018,1017,1019,-1,1020,1019,1021,-1,1022,1021,1023,-1,1024,1023,1025,-1,1026,1025,1027,-1,1028,1027,1029,-1,1030,1029,1031,-1,853,858,855,-1,1030,1031,857,-1,857,1031,855,-1,1028,1029,1030,-1,1026,1027,1028,-1,1024,1025,1026,-1,1022,1023,1024,-1,1020,1021,1022,-1,1018,1019,1020,-1,1016,1017,1018,-1,1014,1015,1016,-1,1012,1013,1014,-1,1010,1011,1012,-1,1008,1009,1010,-1,1007,1006,1008,-1,978,977,980,-1,976,975,978,-1,974,973,976,-1,972,971,974,-1,970,969,972,-1,968,967,970,-1,966,965,968,-1,964,963,966,-1,962,961,964,-1,960,959,962,-1,958,957,960,-1,956,955,958,-1,954,953,956,-1,1032,952,954,-1,924,926,1032,-1,952,1032,926,-1,1033,1034,1035,-1,790,1033,791,-1,1034,1036,1037,-1,1038,1034,1037,-1,1039,1037,1036,-1,1036,1033,790,-1,1034,1033,1036,-1,1039,1036,1040,-1,920,917,1041,-1,920,1041,921,-1,835,791,834,-1,829,832,791,-1,791,818,816,-1,1041,915,914,-1,917,915,1041,-1,818,1033,883,-1,1033,1041,911,-1,914,911,1041,-1,908,1033,909,-1,1033,911,909,-1,903,1033,905,-1,1033,908,905,-1,899,1033,902,-1,1033,903,902,-1,896,1033,897,-1,1033,899,897,-1,891,1033,893,-1,1033,896,893,-1,887,1033,890,-1,1033,891,890,-1,1033,885,883,-1,1033,887,885,-1,1033,818,791,-1,822,791,819,-1,791,816,819,-1,826,791,823,-1,791,822,823,-1,829,791,828,-1,791,826,828,-1,791,832,834,-1,791,838,840,-1,835,838,791,-1,791,841,844,-1,840,841,791,-1,846,847,771,-1,846,771,844,-1,850,852,771,-1,850,771,847,-1,853,855,771,-1,853,771,852,-1,844,771,791,-1,771,1031,784,-1,1031,771,855,-1,1042,957,955,-1,996,994,789,-1,1042,953,952,-1,1042,952,926,-1,991,989,1043,-1,953,1042,955,-1,1043,959,1042,-1,957,1042,959,-1,963,961,1043,-1,1043,961,959,-1,967,965,1043,-1,1043,965,963,-1,971,969,1043,-1,1043,969,967,-1,975,973,1043,-1,1043,973,971,-1,979,977,1043,-1,1043,977,975,-1,984,982,1043,-1,1043,982,979,-1,1043,989,987,-1,1043,987,984,-1,993,991,789,-1,1043,789,991,-1,1013,1011,789,-1,789,994,993,-1,1000,998,789,-1,789,998,996,-1,1004,1002,789,-1,789,1002,1000,-1,1009,1006,789,-1,789,1006,1004,-1,789,1011,1009,-1,789,1017,1015,-1,1013,789,1015,-1,784,1019,789,-1,1017,789,1019,-1,1023,1021,784,-1,784,1021,1019,-1,1027,1025,784,-1,784,1025,1023,-1,1031,1029,784,-1,784,1029,1027,-1,789,1044,785,-1,789,1043,1044,-1,785,1045,788,-1,1045,785,1044,-1,1045,1046,1047,-1,1048,1049,1050,-1,1045,1047,788,-1,788,1047,1049,-1,1049,1048,792,-1,788,1049,792,-1,792,1036,790,-1,1036,792,1048,-1,800,1051,1052,-1,793,1053,813,-1,1054,1053,796,-1,800,814,1051,-1,1055,810,1053,-1,1053,810,1056,-1,793,796,1053,-1,1054,1055,1053,-1,1057,1055,1054,-1,1058,796,1052,-1,1054,796,1058,-1,1059,1052,1051,-1,796,800,1052,-1,814,800,798,-1,1060,1061,1062,-1,1063,1064,1065,-1,1066,1067,1068,-1,1069,1070,1071,-1,1072,1073,1074,-1,1075,1076,1077,-1,1078,1079,1080,-1,1081,1082,1083,-1,1084,1085,1086,-1,1087,1088,1089,-1,1090,1091,1092,-1,1093,1094,1095,-1,1096,1097,1098,-1,1099,1100,1101,-1,1102,1103,1104,-1,1105,1106,1107,-1,1108,1109,1110,-1,1111,1112,1113,-1,1114,1115,1116,-1,1117,1118,1119,-1,1120,1121,1122,-1,1123,1124,1125,-1,1126,1127,1128,-1,1128,1129,1126,-1,1130,1131,1127,-1,1128,1127,1131,-1,1132,1130,1133,-1,1130,1132,1131,-1,1133,1134,1135,-1,1135,1132,1133,-1,1136,1137,1134,-1,1135,1134,1137,-1,1138,1136,1139,-1,1136,1138,1137,-1,1139,1140,1141,-1,1141,1138,1139,-1,1142,1143,1140,-1,1141,1140,1143,-1,1144,1142,1145,-1,1142,1144,1143,-1,1145,1146,1147,-1,1147,1144,1145,-1,1148,1149,1146,-1,1147,1146,1149,-1,1148,1150,1149,-1,1129,1122,1121,-1,1121,1126,1129,-1,1120,1122,1125,-1,1124,1123,1114,-1,1120,1125,1124,-1,1115,1118,1116,-1,1123,1115,1114,-1,1119,1110,1117,-1,1118,1117,1116,-1,1111,1109,1108,-1,1108,1110,1119,-1,1103,1113,1112,-1,1113,1109,1111,-1,1102,1104,1107,-1,1103,1112,1104,-1,1106,1105,1096,-1,1102,1107,1106,-1,1097,1100,1098,-1,1105,1097,1096,-1,1101,1092,1099,-1,1100,1099,1098,-1,1093,1091,1090,-1,1090,1092,1101,-1,1085,1095,1094,-1,1095,1091,1093,-1,1084,1086,1089,-1,1085,1094,1086,-1,1088,1087,1078,-1,1084,1089,1088,-1,1079,1082,1080,-1,1087,1079,1078,-1,1083,1074,1081,-1,1082,1081,1080,-1,1075,1073,1072,-1,1072,1074,1083,-1,1067,1077,1076,-1,1077,1073,1075,-1,1066,1068,1069,-1,1067,1076,1068,-1,1071,1070,1062,-1,1066,1069,1071,-1,1060,1065,1061,-1,1070,1060,1062,-1,1063,1151,1064,-1,1065,1064,1061,-1,1152,1153,1154,-1,1155,1156,1115,-1,1157,1155,1123,-1,1118,1156,1158,-1,1157,1123,1125,-1,1119,1158,1159,-1,1125,1122,1160,-1,1161,1108,1159,-1,1162,1163,1122,-1,1111,1108,1164,-1,1162,1129,1165,-1,1112,1111,1166,-1,1167,1128,1131,-1,1112,1166,1168,-1,1132,1169,1131,-1,1170,1104,1168,-1,1171,1135,1172,-1,1170,1173,1107,-1,1137,1174,1175,-1,1173,1176,1105,-1,1177,1138,1141,-1,1097,1176,1178,-1,1143,1179,1141,-1,1100,1178,1180,-1,1181,1144,1182,-1,1101,1100,1183,-1,1149,1184,1147,-1,1185,1186,1187,-1,1183,1188,1101,-1,1079,1087,1189,-1,1190,1191,1086,-1,1192,1193,1083,-1,1167,1165,1128,-1,1194,1195,1076,-1,1196,1197,1198,-1,1069,1199,1200,-1,1201,1202,1203,-1,1204,1205,1206,-1,1207,1208,1209,-1,1210,1065,1211,-1,1212,1213,1214,-1,1215,1216,1217,-1,1218,1219,1220,-1,1221,1222,1223,-1,1224,1225,1226,-1,1227,1228,1229,-1,1230,1231,1232,-1,1233,1234,1235,-1,1236,1237,1238,-1,1239,1240,1241,-1,1242,1243,1244,-1,1245,1246,1247,-1,1246,1244,1243,-1,1248,1242,1249,-1,1247,1238,1250,-1,1251,1252,1236,-1,1239,1253,1249,-1,1254,1255,1241,-1,1252,1256,1232,-1,1231,1230,1257,-1,1258,1234,1255,-1,1259,1260,1233,-1,1261,1257,1224,-1,1225,1262,1263,-1,1260,1259,1228,-1,1219,1264,1262,-1,1222,1265,1266,-1,1267,1265,1229,-1,1268,1213,1269,-1,1218,1268,1269,-1,1217,1270,1215,-1,1221,1271,1270,-1,1209,1272,1273,-1,1274,1214,1273,-1,1210,1275,1063,-1,1063,1276,1216,-1,1277,1205,1278,-1,1279,1278,1207,-1,1280,1070,1200,-1,1280,1211,1060,-1,1281,1202,1282,-1,1204,1206,1281,-1,1283,1068,1076,-1,1199,1068,1283,-1,1284,1285,1198,-1,1203,1285,1286,-1,1072,1193,1287,-1,1194,1075,1287,-1,1288,1289,1290,-1,1197,1288,1290,-1,1291,1079,1189,-1,1192,1082,1291,-1,1292,1152,1154,-1,1292,1154,1293,-1,1089,1191,1294,-1,1089,1295,1087,-1,1187,1186,1153,-1,1187,1153,1152,-1,1093,1296,1297,-1,1094,1297,1190,-1,1298,1150,1299,-1,1090,1188,1296,-1,1185,1150,1186,-1,1150,1185,1299,-1,1289,1293,1290,-1,1292,1293,1289,-1,1288,1197,1196,-1,1198,1197,1284,-1,1285,1284,1286,-1,1203,1286,1201,-1,1202,1201,1282,-1,1281,1282,1204,-1,1206,1205,1277,-1,1277,1278,1279,-1,1207,1278,1208,-1,1209,1208,1272,-1,1273,1272,1274,-1,1214,1274,1212,-1,1213,1212,1269,-1,1268,1218,1220,-1,1219,1218,1264,-1,1262,1264,1263,-1,1225,1263,1226,-1,1224,1226,1261,-1,1257,1261,1231,-1,1230,1232,1256,-1,1256,1252,1251,-1,1236,1252,1237,-1,1238,1237,1250,-1,1247,1250,1245,-1,1246,1245,1244,-1,1243,1242,1248,-1,1248,1249,1253,-1,1239,1249,1240,-1,1241,1240,1254,-1,1255,1254,1258,-1,1234,1258,1235,-1,1233,1235,1259,-1,1260,1228,1227,-1,1229,1228,1267,-1,1265,1267,1266,-1,1222,1266,1223,-1,1221,1223,1271,-1,1270,1271,1215,-1,1217,1216,1276,-1,1276,1063,1275,-1,1210,1063,1065,-1,1211,1065,1060,-1,1280,1060,1070,-1,1200,1070,1069,-1,1199,1069,1068,-1,1283,1076,1195,-1,1194,1076,1075,-1,1287,1075,1072,-1,1193,1072,1083,-1,1192,1083,1082,-1,1291,1082,1079,-1,1189,1087,1295,-1,1295,1089,1294,-1,1191,1089,1086,-1,1190,1086,1094,-1,1297,1094,1093,-1,1296,1093,1090,-1,1188,1090,1101,-1,1183,1100,1180,-1,1178,1100,1097,-1,1176,1097,1105,-1,1173,1105,1107,-1,1170,1107,1104,-1,1168,1104,1112,-1,1166,1111,1164,-1,1164,1108,1161,-1,1159,1108,1119,-1,1158,1119,1118,-1,1156,1118,1115,-1,1155,1115,1123,-1,1157,1125,1160,-1,1160,1122,1163,-1,1162,1122,1129,-1,1165,1129,1128,-1,1167,1131,1169,-1,1169,1132,1171,-1,1172,1135,1137,-1,1171,1132,1135,-1,1138,1174,1137,-1,1175,1172,1137,-1,1141,1179,1177,-1,1138,1177,1174,-1,1143,1181,1179,-1,1144,1147,1182,-1,1143,1144,1181,-1,1184,1149,1298,-1,1182,1147,1184,-1,1150,1298,1149,-1,1300,1301,1302,-1,1303,1304,1305,-1,1306,1307,1308,-1,1309,1310,1311,-1,1312,1313,1314,-1,1315,1316,1317,-1,1318,1319,1320,-1,1321,1322,1323,-1,1324,1325,1326,-1,1327,1328,1329,-1,1330,1331,1332,-1,1333,1334,1335,-1,1336,1337,1338,-1,768,1339,1340,-1,1341,1342,1343,-1,1344,1345,1346,-1,1347,1348,1349,-1,1350,1351,1352,-1,1353,1354,1355,-1,1356,1357,1358,-1,1359,1360,1361,-1,1362,1363,1364,-1,1365,1366,1367,-1,1368,769,1369,-1,1370,1371,1372,-1,1373,1374,1375,-1,1376,1377,1378,-1,1379,1378,1377,-1,1380,1381,1376,-1,1376,1378,1380,-1,1381,1382,1383,-1,1382,1381,1380,-1,1384,1383,1385,-1,1382,1385,1383,-1,1386,1387,1384,-1,1384,1385,1386,-1,1387,1388,1389,-1,1388,1387,1386,-1,1390,1389,1391,-1,1388,1391,1389,-1,1392,1393,1390,-1,1390,1391,1392,-1,1393,1394,1395,-1,1394,1393,1392,-1,1396,1395,1397,-1,1394,1397,1395,-1,1398,1399,1396,-1,1396,1397,1398,-1,1399,1400,1401,-1,1400,1399,1398,-1,1402,1401,1403,-1,1400,1403,1401,-1,1377,1370,1379,-1,1364,1363,1359,-1,1371,1375,1372,-1,1379,1370,1372,-1,1373,1366,1374,-1,1375,1371,1373,-1,1368,1365,1367,-1,1365,1374,1366,-1,1361,1369,769,-1,769,1368,1367,-1,1363,1360,1359,-1,1361,1360,1369,-1,1332,1334,1333,-1,1364,1353,1362,-1,1355,1354,1358,-1,1362,1353,1355,-1,1350,1347,1349,-1,1357,1356,1348,-1,1358,1354,1356,-1,1347,1357,1348,-1,1343,1352,1351,-1,1351,1350,1349,-1,1341,1345,1342,-1,1343,1342,1352,-1,1336,1344,1346,-1,1341,1346,1345,-1,1344,1336,1338,-1,1338,1337,1340,-1,1333,1330,1332,-1,1339,768,1331,-1,1340,1337,768,-1,1330,1339,1331,-1,1326,1335,1334,-1,1305,1404,1303,-1,1328,1325,1324,-1,1326,1325,1335,-1,1329,1318,1327,-1,1324,1329,1328,-1,1327,1318,1320,-1,1321,1323,1319,-1,1320,1319,1323,-1,1322,1321,1313,-1,1312,1314,1315,-1,1312,1322,1313,-1,1308,1317,1316,-1,1316,1315,1314,-1,1308,1307,1317,-1,1309,1306,1310,-1,1306,1309,1307,-1,1310,1301,1311,-1,1302,1305,1304,-1,1302,1304,1300,-1,1311,1301,1300,-1,1390,1393,766,-1,766,769,1367,-1,1405,803,1406,-1,766,1366,1373,-1,1367,1366,766,-1,766,1371,1370,-1,1373,1371,766,-1,766,1377,1376,-1,1370,1377,766,-1,766,1381,1383,-1,1376,1381,766,-1,766,1384,1387,-1,1383,1384,766,-1,1389,1390,766,-1,1387,1389,766,-1,1395,1396,766,-1,1395,766,1393,-1,1402,766,1401,-1,1399,766,1396,-1,1399,1401,766,-1,803,766,1402,-1,803,1407,1408,-1,1402,1407,803,-1,803,1409,1410,-1,1408,1409,803,-1,803,1411,1412,-1,1410,1411,803,-1,1413,1414,803,-1,1412,1413,803,-1,1415,1416,803,-1,1415,803,1405,-1,1417,1418,803,-1,1417,803,1416,-1,1419,1420,803,-1,1419,803,1418,-1,1421,1422,803,-1,1421,803,1420,-1,1423,803,1422,-1,1414,1406,803,-1,1356,1349,1348,-1,1336,1346,1359,-1,769,1337,1361,-1,1354,1343,1351,-1,1353,1364,1341,-1,1349,1356,1351,-1,1354,1353,1343,-1,1356,1354,1351,-1,1353,1341,1343,-1,1364,1359,1346,-1,1364,1346,1341,-1,1361,1337,1336,-1,1361,1336,1359,-1,1337,769,768,-1,1424,294,1425,-1,294,1426,1404,-1,1427,294,1428,-1,294,1424,1428,-1,1429,294,1430,-1,294,1427,1430,-1,1431,294,1432,-1,294,1429,1432,-1,1433,294,1434,-1,294,1431,1434,-1,1435,294,1436,-1,294,1433,1436,-1,1437,294,1438,-1,294,1435,1438,-1,1439,294,1440,-1,294,1437,1440,-1,1441,294,1442,-1,294,1439,1442,-1,294,1441,1426,-1,300,294,1404,-1,1302,300,1305,-1,300,1404,1305,-1,1310,300,1301,-1,300,1302,1301,-1,1308,300,1306,-1,300,1310,1306,-1,1314,300,1316,-1,300,1308,1316,-1,1321,300,1313,-1,300,1314,1313,-1,1318,300,1319,-1,300,1321,1319,-1,1324,300,1329,-1,300,1318,1329,-1,1334,300,1326,-1,300,1324,1326,-1,1331,300,1332,-1,300,1334,1332,-1,768,300,1331,-1,1443,1444,1445,-1,783,1443,782,-1,1444,1446,1447,-1,1448,1444,1447,-1,1449,1447,1446,-1,1446,1443,783,-1,1444,1443,1446,-1,1449,1446,1450,-1,781,1446,783,-1,1446,781,1451,-1,1452,1453,1454,-1,1451,1455,1456,-1,1452,1454,780,-1,780,1454,1455,-1,1455,781,780,-1,1455,1451,781,-1,780,1457,1452,-1,780,762,1457,-1,761,1457,762,-1,761,1458,1457,-1,1459,1460,1461,-1,1459,1462,1463,-1,1459,1463,1464,-1,1458,1465,1466,-1,1462,1459,1461,-1,1467,1460,1458,-1,1459,1458,1460,-1,1468,1469,1458,-1,1458,1469,1467,-1,1470,1471,1458,-1,1458,1471,1468,-1,1472,1473,1458,-1,1458,1473,1470,-1,1474,1475,1458,-1,1458,1475,1472,-1,1476,1477,1458,-1,1458,1477,1474,-1,1478,1479,1458,-1,1458,1479,1476,-1,1480,1481,1458,-1,1458,1481,1478,-1,1458,1466,1480,-1,761,1465,1458,-1,1482,1483,761,-1,761,1483,1465,-1,1484,1485,761,-1,761,1485,1482,-1,1486,1487,761,-1,1488,1489,761,-1,761,1489,1484,-1,1490,1491,761,-1,761,1491,1488,-1,1492,1493,761,-1,761,1493,1490,-1,761,1487,1494,-1,761,1494,1492,-1,761,1495,1496,-1,1486,761,1496,-1,1497,1495,763,-1,761,763,1495,-1,1498,1499,763,-1,763,1499,1497,-1,1500,1501,763,-1,763,1501,1498,-1,1502,1500,763,-1,765,1502,763,-1,1502,765,1503,-1,1504,1505,1506,-1,1504,1506,1507,-1,1508,782,1509,-1,1510,1511,782,-1,1512,1513,782,-1,1506,1514,1515,-1,1505,1514,1506,-1,1516,1443,1515,-1,1506,1515,1443,-1,1517,1443,1518,-1,1443,1516,1518,-1,1519,1520,1443,-1,1521,1443,1522,-1,1443,1517,1522,-1,1523,1443,1524,-1,1443,1521,1524,-1,1525,1443,1526,-1,1443,1523,1526,-1,1527,1443,1528,-1,1443,1525,1528,-1,1529,1443,1530,-1,1443,1527,1530,-1,1531,1443,1532,-1,1443,1529,1532,-1,1443,1531,1519,-1,1443,1520,782,-1,782,1520,1512,-1,1533,782,1534,-1,782,1513,1534,-1,1535,782,1536,-1,782,1533,1536,-1,1510,782,1537,-1,782,1535,1537,-1,782,1511,1509,-1,782,1538,1539,-1,1508,1538,782,-1,782,1540,1541,-1,1539,1540,782,-1,1542,1543,765,-1,1542,765,1541,-1,1544,1545,765,-1,1544,765,1543,-1,1546,1503,765,-1,1546,765,1545,-1,1541,765,782,-1,1547,1548,1549,-1,778,1547,779,-1,1548,1550,1551,-1,1552,1548,1551,-1,1553,1551,1550,-1,1550,1547,778,-1,1548,1547,1550,-1,1553,1550,1554,-1,787,1550,778,-1,1550,787,1555,-1,1556,1557,1558,-1,1555,1559,1560,-1,1556,1558,777,-1,777,1558,1559,-1,1559,787,777,-1,1559,1555,787,-1,777,1561,1556,-1,777,775,1561,-1,786,1561,775,-1,786,1562,1561,-1,1563,1564,1565,-1,1563,1566,1567,-1,1563,1567,1568,-1,1562,1569,1570,-1,1566,1563,1565,-1,1571,1564,1562,-1,1563,1562,1564,-1,1572,1573,1562,-1,1562,1573,1571,-1,1574,1575,1562,-1,1562,1575,1572,-1,1576,1577,1562,-1,1562,1577,1574,-1,1578,1579,1562,-1,1562,1579,1576,-1,1580,1581,1562,-1,1562,1581,1578,-1,1582,1583,1562,-1,1562,1583,1580,-1,1584,1585,1562,-1,1562,1585,1582,-1,1562,1570,1584,-1,786,1569,1562,-1,1586,1587,786,-1,786,1587,1569,-1,1588,1589,786,-1,786,1589,1586,-1,1590,1591,786,-1,1592,1593,786,-1,786,1593,1588,-1,1594,1595,786,-1,786,1595,1592,-1,1596,1597,786,-1,786,1597,1594,-1,786,1591,1598,-1,786,1598,1596,-1,786,1599,1600,-1,1590,786,1600,-1,1601,1599,770,-1,786,770,1599,-1,1602,1603,770,-1,770,1603,1601,-1,1604,1605,770,-1,770,1605,1602,-1,1606,1604,770,-1,776,1606,770,-1,1606,776,1607,-1,1608,1609,1610,-1,1608,1610,1611,-1,1612,779,1613,-1,1614,1615,779,-1,1616,1617,779,-1,1610,1618,1619,-1,1609,1618,1610,-1,1620,1547,1619,-1,1610,1619,1547,-1,1621,1547,1622,-1,1547,1620,1622,-1,1623,1624,1547,-1,1625,1547,1626,-1,1547,1621,1626,-1,1627,1547,1628,-1,1547,1625,1628,-1,1629,1547,1630,-1,1547,1627,1630,-1,1631,1547,1632,-1,1547,1629,1632,-1,1633,1547,1634,-1,1547,1631,1634,-1,1635,1547,1636,-1,1547,1633,1636,-1,1547,1635,1623,-1,1547,1624,779,-1,779,1624,1616,-1,1637,779,1638,-1,779,1617,1638,-1,1639,779,1640,-1,779,1637,1640,-1,1614,779,1641,-1,779,1639,1641,-1,779,1615,1613,-1,779,1642,1643,-1,1612,1642,779,-1,779,1644,1645,-1,1643,1644,779,-1,1646,1647,776,-1,1646,776,1645,-1,1648,1649,776,-1,1648,776,1647,-1,1650,1607,776,-1,1650,776,1649,-1,1645,776,779,-1,1651,1652,1008,-1,863,1653,1654,-1,947,1655,949,-1,1656,857,1657,-1,946,1658,1659,-1,1660,1026,1661,-1,1662,1663,940,-1,1664,1020,1665,-1,1666,934,1667,-1,1014,1668,1669,-1,929,928,1670,-1,958,1671,1672,-1,1032,1673,1674,-1,964,1675,1676,-1,1677,1678,1003,-1,1679,970,1680,-1,1681,997,1682,-1,1683,1684,976,-1,1685,990,992,-1,1686,981,1687,-1,1688,986,1689,-1,985,1688,1690,-1,1687,983,1690,-1,980,1686,1691,-1,1689,988,1692,-1,1683,978,1691,-1,1684,1693,974,-1,990,1694,1692,-1,992,995,1695,-1,1680,972,1693,-1,1679,1696,968,-1,997,1681,995,-1,999,1697,1682,-1,966,1696,1675,-1,1678,1697,1001,-1,1698,1671,960,-1,1676,1698,962,-1,1699,1007,1652,-1,1005,1699,1677,-1,954,1700,1673,-1,1672,1700,956,-1,1701,1012,1669,-1,1701,1651,1010,-1,928,924,1702,-1,1674,924,1032,-1,1703,1018,1664,-1,1016,1703,1668,-1,1704,931,929,-1,1022,1705,1665,-1,1667,931,1706,-1,935,1666,1707,-1,1660,1705,1024,-1,1708,1661,1028,-1,1707,1662,937,-1,1709,941,1663,-1,1708,1030,1656,-1,1710,1657,859,-1,943,1709,1658,-1,947,946,1659,-1,861,1654,1710,-1,1653,864,1711,-1,1659,1655,947,-1,1712,949,1655,-1,867,1713,864,-1,1714,951,1712,-1,869,1715,1716,-1,1715,870,1717,-1,1718,1719,875,-1,873,1719,1717,-1,1720,1718,876,-1,949,1712,951,-1,867,869,1716,-1,1720,879,1721,-1,943,1658,946,-1,941,1709,943,-1,940,1663,941,-1,937,1662,940,-1,935,1707,937,-1,934,1666,935,-1,931,1667,934,-1,931,1704,1706,-1,929,1670,1704,-1,928,1702,1670,-1,924,1674,1702,-1,954,1673,1032,-1,956,1700,954,-1,958,1672,956,-1,960,1671,958,-1,962,1698,960,-1,964,1676,962,-1,966,1675,964,-1,968,1696,966,-1,970,1679,968,-1,972,1680,970,-1,974,1693,972,-1,976,1684,974,-1,978,1683,976,-1,980,1691,978,-1,981,1686,980,-1,983,1687,981,-1,985,1690,983,-1,986,1688,985,-1,988,1689,986,-1,990,1692,988,-1,990,1685,1694,-1,992,1695,1685,-1,995,1681,1695,-1,999,1682,997,-1,1001,1697,999,-1,1003,1678,1001,-1,1005,1677,1003,-1,1007,1699,1005,-1,1008,1652,1007,-1,1010,1651,1008,-1,1012,1701,1010,-1,1014,1669,1012,-1,1016,1668,1014,-1,1018,1703,1016,-1,1020,1664,1018,-1,1022,1665,1020,-1,1024,1705,1022,-1,1026,1660,1024,-1,1028,1661,1026,-1,1030,1708,1028,-1,857,1656,1030,-1,859,1657,857,-1,861,1710,859,-1,863,1654,861,-1,864,1653,863,-1,864,1713,1711,-1,867,1716,1713,-1,870,1715,869,-1,873,1717,870,-1,875,1719,873,-1,876,1718,875,-1,879,1720,876,-1,1721,881,1722,-1,881,1721,879,-1,881,807,1722,-1,1722,807,806,-1,1134,809,1136,-1,1134,1722,806,-1,809,1723,1136,-1,1718,1720,1127,-1,1721,1133,1130,-1,1120,1124,1715,-1,1126,1121,1719,-1,1711,1116,1117,-1,1713,1716,1114,-1,1113,1103,1710,-1,1109,1653,1110,-1,1500,1502,1607,-1,1657,1103,1102,-1,1607,1502,1656,-1,1656,1657,1102,-1,1546,1661,1708,-1,1656,1503,1708,-1,1544,1543,1705,-1,1660,1545,1544,-1,1664,1541,1703,-1,1665,1543,1542,-1,1668,1539,1669,-1,1668,1703,1540,-1,1651,1508,1509,-1,1508,1701,1538,-1,1699,1511,1510,-1,1511,1652,1509,-1,1697,1678,1535,-1,1537,1678,1677,-1,1681,1682,1533,-1,1536,1682,1697,-1,1681,1534,1695,-1,1534,1681,1533,-1,1513,1685,1695,-1,1695,1534,1513,-1,1694,1685,1512,-1,1513,1512,1685,-1,1520,1694,1512,-1,1682,1536,1533,-1,1489,1640,1484,-1,1643,1486,1644,-1,1536,1697,1535,-1,1535,1678,1537,-1,1537,1677,1510,-1,1646,1495,1497,-1,1699,1652,1511,-1,1677,1699,1510,-1,1652,1651,1509,-1,1651,1701,1508,-1,1701,1669,1538,-1,1668,1540,1539,-1,1669,1539,1538,-1,1703,1541,1540,-1,1664,1542,1541,-1,1705,1543,1665,-1,1665,1542,1664,-1,1660,1544,1705,-1,1661,1545,1660,-1,1503,1546,1708,-1,1546,1545,1661,-1,1502,1503,1656,-1,1656,1102,1606,-1,1656,1606,1607,-1,1606,1102,1106,-1,1497,1499,1647,-1,1644,1496,1645,-1,1492,1494,1612,-1,1642,1494,1487,-1,1614,1490,1615,-1,1613,1615,1493,-1,1639,1489,1488,-1,1491,1641,1488,-1,1639,1640,1489,-1,1485,1484,1637,-1,1637,1484,1640,-1,1485,1638,1482,-1,1638,1485,1637,-1,1617,1483,1482,-1,1482,1638,1617,-1,1465,1483,1616,-1,1617,1616,1483,-1,1624,1465,1616,-1,1639,1488,1641,-1,1594,1074,1073,-1,1491,1614,1641,-1,1493,1615,1490,-1,1490,1614,1491,-1,1492,1613,1493,-1,1642,1612,1494,-1,1612,1613,1492,-1,1643,1642,1487,-1,1644,1486,1496,-1,1643,1487,1486,-1,1645,1496,1495,-1,1646,1497,1647,-1,1645,1495,1646,-1,1647,1499,1648,-1,1649,1648,1498,-1,1499,1498,1648,-1,1649,1501,1650,-1,1501,1649,1498,-1,1500,1607,1650,-1,1650,1501,1500,-1,1106,1604,1606,-1,1103,1657,1710,-1,1710,1654,1113,-1,1596,1081,1597,-1,1596,1598,1080,-1,1074,1594,1597,-1,1597,1081,1074,-1,1077,1595,1073,-1,1073,1595,1594,-1,1592,1077,1067,-1,1077,1592,1595,-1,1067,1066,1593,-1,1593,1592,1067,-1,1071,1588,1066,-1,1593,1066,1588,-1,1589,1071,1062,-1,1071,1589,1588,-1,1062,1061,1586,-1,1586,1589,1062,-1,1064,1587,1061,-1,1586,1061,1587,-1,1569,1064,1151,-1,1064,1569,1587,-1,1080,1081,1596,-1,1598,1078,1080,-1,1591,1088,1078,-1,1078,1598,1591,-1,1084,1088,1590,-1,1591,1590,1088,-1,1084,1600,1085,-1,1600,1084,1590,-1,1600,1599,1095,-1,1095,1085,1600,-1,1601,1091,1599,-1,1095,1599,1091,-1,1092,1601,1603,-1,1601,1092,1091,-1,1603,1602,1099,-1,1099,1092,1603,-1,1605,1098,1602,-1,1099,1602,1098,-1,1096,1605,1604,-1,1605,1096,1098,-1,1109,1113,1654,-1,1106,1096,1604,-1,1117,1110,1653,-1,1109,1654,1653,-1,1116,1711,1713,-1,1117,1653,1711,-1,1114,1716,1124,-1,1116,1713,1114,-1,1715,1717,1120,-1,1716,1715,1124,-1,1121,1717,1719,-1,1717,1121,1120,-1,1126,1718,1127,-1,1719,1718,1126,-1,1720,1721,1130,-1,1720,1130,1127,-1,1722,1134,1133,-1,1722,1133,1721,-1,1134,806,809,-1,1139,1724,1140,-1,1136,1723,1139,-1,1142,1725,1145,-1,1142,1140,1726,-1,1146,1727,1148,-1,1727,1146,1728,-1,1728,1146,1145,-1,1142,1726,1725,-1,1145,1725,1728,-1,1140,1724,1726,-1,1139,1723,1724,-1,809,808,1723,-1,1725,1726,808,-1,808,1726,1724,-1,1727,1728,808,-1,808,1728,1725,-1,1729,1730,1727,-1,1729,1727,808,-1,1729,1731,1732,-1,1730,1729,1732,-1,1729,1733,1734,-1,1731,1729,1734,-1,1733,1729,1735,-1,1723,808,1724,-1,813,1053,757,-1,1053,755,757,-1,757,812,813,-1,1736,1737,1738,-1,1739,1737,1046,-1,1736,1046,1737,-1,1737,1739,1740,-1,1046,314,1047,-1,1046,307,314,-1,1046,1736,307,-1,1043,1045,1044,-1,1035,1041,1033,-1,1041,1035,1042,-1,1035,1739,1046,-1,1042,1035,1043,-1,1043,1035,1046,-1,1043,1046,1045,-1,1739,1035,1034,-1,1034,1740,1739,-1,316,1049,1047,-1,1047,314,316,-1,1453,1741,1742,-1,1741,1453,1743,-1,1741,1744,1742,-1,1743,1745,1741,-1,1453,303,1454,-1,1453,301,303,-1,1453,1742,301,-1,1459,1506,1445,-1,1453,1452,1458,-1,1445,1506,1443,-1,1459,1445,1458,-1,1445,1743,1453,-1,1445,1453,1458,-1,1458,1452,1457,-1,1743,1444,1745,-1,1743,1445,1444,-1,1745,1444,1448,-1,1448,1741,1745,-1,1741,1448,1447,-1,1447,1744,1741,-1,1557,1746,1747,-1,1746,1557,1748,-1,1746,1749,1747,-1,1748,1750,1746,-1,1557,295,1558,-1,1557,296,295,-1,1557,1747,296,-1,1563,1610,1549,-1,1557,1556,1562,-1,1549,1610,1547,-1,1563,1549,1562,-1,1549,1748,1557,-1,1549,1557,1562,-1,1562,1556,1561,-1,1748,1548,1750,-1,1748,1549,1548,-1,1750,1548,1552,-1,1552,1746,1750,-1,1746,1552,1551,-1,1551,1749,1746,-1,315,317,1048,-1,1048,1050,315,-1,1036,1048,1040,-1,1040,1048,317,-1,316,1050,1049,-1,1050,316,315,-1,298,297,1555,-1,1555,1560,298,-1,1550,1555,1554,-1,1554,1555,297,-1,299,1560,1559,-1,1560,299,298,-1,304,306,1451,-1,1451,1456,304,-1,1446,1451,1450,-1,1450,1451,306,-1,305,1456,1455,-1,1456,305,304,-1,306,1449,1450,-1,1449,306,308,-1,297,1553,1554,-1,1553,297,302,-1,317,1039,1040,-1,1039,317,319,-1,1738,1037,1736,-1,318,1751,1039,-1,308,307,1736,-1,151,26,154,-1,308,1736,1449,-1,1744,1447,1742,-1,1449,1736,1037,-1,302,301,1742,-1,1752,1425,1753,-1,803,24,26,-1,1742,1447,1553,-1,1749,1551,1747,-1,1742,1553,302,-1,294,296,1747,-1,1754,1425,1755,-1,14,13,1423,-1,294,1747,1425,-1,1425,1747,1551,-1,161,33,36,-1,1756,1757,1449,-1,188,1751,186,-1,1758,1039,1759,-1,1039,319,318,-1,30,32,157,-1,1760,1761,1553,-1,27,30,155,-1,30,157,155,-1,27,154,26,-1,154,27,155,-1,1762,1763,1764,-1,1765,151,148,-1,1765,147,171,-1,151,801,803,-1,0,24,1423,-1,803,1423,24,-1,4,1,1423,-1,1423,1,0,-1,8,7,1423,-1,1423,7,4,-1,1423,13,10,-1,1423,10,8,-1,1423,17,15,-1,14,1423,15,-1,17,1423,20,-1,1766,20,1425,-1,1423,1425,20,-1,1767,1768,1425,-1,1425,1754,1766,-1,1425,1768,1755,-1,1425,1769,1770,-1,1767,1425,1752,-1,1753,1425,1770,-1,1425,1551,1771,-1,1771,1769,1425,-1,1551,1761,1772,-1,1771,1551,1772,-1,1760,1553,1773,-1,1551,1553,1761,-1,1553,1774,1775,-1,1773,1553,1775,-1,1776,1774,1447,-1,1553,1447,1774,-1,32,33,160,-1,41,167,39,-1,32,160,157,-1,164,38,39,-1,1751,183,185,-1,186,1751,185,-1,1765,180,1751,-1,183,1751,180,-1,803,26,151,-1,177,179,1765,-1,1765,179,180,-1,173,174,1765,-1,1765,174,177,-1,147,1765,148,-1,1765,171,173,-1,801,151,1765,-1,161,160,33,-1,36,38,162,-1,162,161,36,-1,162,38,164,-1,167,41,1762,-1,164,39,167,-1,41,1763,1762,-1,1449,1777,1447,-1,1763,1778,1764,-1,1779,1778,1776,-1,1778,1779,1764,-1,1447,1780,1779,-1,1779,1776,1447,-1,1780,1447,1777,-1,1449,1781,1782,-1,1777,1449,1757,-1,1756,1449,1782,-1,1037,1783,1781,-1,1781,1449,1037,-1,1037,1784,1785,-1,1783,1037,1785,-1,1786,1784,1039,-1,1037,1039,1784,-1,1787,1788,1039,-1,1039,1788,1786,-1,1758,1789,1039,-1,1039,1789,1787,-1,1039,1751,1759,-1,188,1790,1751,-1,1751,1790,1759,-1,1791,1409,1408,-1,1403,1792,1407,-1,1411,1793,1412,-1,1794,1410,1795,-1,1796,1406,1414,-1,1797,1413,1798,-1,1416,1415,1799,-1,1405,1800,1801,-1,1418,1802,1419,-1,1803,1804,1417,-1,1805,1422,1421,-1,1806,1420,1807,-1,1808,1809,1810,-1,1423,1811,1812,-1,1813,1814,1815,-1,1816,1817,1818,-1,1819,1820,1821,-1,1822,1823,1824,-1,1825,1826,1827,-1,1828,1829,1830,-1,1831,1832,1833,-1,1834,1835,1836,-1,1837,1428,1424,-1,1838,1425,1839,-1,1429,1430,1840,-1,1427,1841,1842,-1,1431,1432,1843,-1,1844,1843,1432,-1,1845,1434,1431,-1,1431,1843,1845,-1,1434,1846,1433,-1,1846,1434,1845,-1,1436,1433,1847,-1,1846,1847,1433,-1,1848,1435,1436,-1,1436,1847,1848,-1,1435,1849,1438,-1,1849,1435,1848,-1,1437,1438,1850,-1,1849,1850,1438,-1,1851,1440,1437,-1,1437,1850,1851,-1,1440,1852,1439,-1,1852,1440,1851,-1,1442,1439,1853,-1,1852,1853,1439,-1,1854,1441,1442,-1,1442,1853,1854,-1,1441,1855,1426,-1,1855,1441,1854,-1,1404,1426,1303,-1,1855,1303,1426,-1,1432,1429,1844,-1,1844,1429,1840,-1,1427,1842,1430,-1,1840,1430,1842,-1,1427,1428,1841,-1,1838,1837,1424,-1,1837,1841,1428,-1,1839,1425,1833,-1,1425,1838,1424,-1,1831,1835,1832,-1,1833,1832,1839,-1,1836,1825,1834,-1,1831,1836,1835,-1,1827,1826,1830,-1,1834,1825,1827,-1,1829,1828,1820,-1,1830,1826,1828,-1,1819,1829,1820,-1,1821,1823,1822,-1,1822,1819,1821,-1,1815,1824,1823,-1,1818,1817,1813,-1,1817,1814,1813,-1,1815,1814,1824,-1,1808,1816,1818,-1,1810,1809,1812,-1,1816,1808,1810,-1,1812,1809,1423,-1,1415,1405,1801,-1,1422,1805,1811,-1,1811,1423,1422,-1,1805,1421,1806,-1,1419,1807,1420,-1,1420,1806,1421,-1,1419,1802,1807,-1,1804,1802,1418,-1,1417,1416,1803,-1,1418,1417,1804,-1,1415,1801,1799,-1,1803,1416,1799,-1,1796,1800,1406,-1,1405,1406,1800,-1,1796,1414,1797,-1,1409,1795,1410,-1,1798,1413,1412,-1,1413,1797,1414,-1,1411,1794,1793,-1,1412,1793,1798,-1,1411,1410,1794,-1,1795,1409,1791,-1,1791,1408,1792,-1,1403,1407,1402,-1,1792,1408,1407,-1,299,1558,295,-1,299,1559,1558,-1,1454,305,1455,-1,1454,303,305,-1,1856,1581,1580,-1,1585,1857,1582,-1,1626,1468,1471,-1,1564,1858,1565,-1,1572,1859,1573,-1,1860,1706,1704,-1,1861,1862,1568,-1,1860,1863,1706,-1,1864,1865,1733,-1,1667,1706,1866,-1,1863,1866,1706,-1,1667,1867,1666,-1,1867,1667,1866,-1,1868,1707,1666,-1,1666,1867,1868,-1,1662,1707,1869,-1,1868,1869,1707,-1,1663,1662,1870,-1,1870,1662,1869,-1,1871,1663,1870,-1,1864,1733,1735,-1,1709,1871,1872,-1,1871,1709,1663,-1,1872,1873,1658,-1,1658,1709,1872,-1,1874,1659,1873,-1,1658,1873,1659,-1,1655,1874,1875,-1,1874,1655,1659,-1,1712,1875,1876,-1,1712,1655,1875,-1,1714,1712,1876,-1,1864,1735,1876,-1,1735,1714,1876,-1,1704,1877,1860,-1,1878,1731,1879,-1,1880,1732,1878,-1,1731,1878,1732,-1,1730,1880,1881,-1,1880,1730,1732,-1,1727,1730,1881,-1,1727,1881,1148,-1,1731,1734,1879,-1,1865,1734,1733,-1,1734,1865,1879,-1,1670,1882,1877,-1,1670,1877,1704,-1,1862,1882,1702,-1,1670,1702,1882,-1,1674,1862,1702,-1,1566,1883,1567,-1,1884,1566,1565,-1,1571,1885,1564,-1,1886,1571,1573,-1,1622,1467,1469,-1,1572,1887,1888,-1,1888,1859,1572,-1,1575,1574,1889,-1,1887,1572,1575,-1,1625,1471,1470,-1,1577,1890,1574,-1,1576,1891,1577,-1,1892,1579,1578,-1,1893,1576,1579,-1,1581,1894,1578,-1,1583,1895,1580,-1,1896,1583,1582,-1,1584,1897,1585,-1,1898,1584,1570,-1,1570,1569,1899,-1,1480,1466,1623,-1,1569,1151,1899,-1,1519,1531,1692,-1,1481,1480,1635,-1,1898,1570,1899,-1,1478,1481,1636,-1,1897,1584,1898,-1,1479,1478,1633,-1,1857,1585,1897,-1,1476,1479,1634,-1,1896,1582,1857,-1,1477,1476,1631,-1,1895,1583,1896,-1,1474,1477,1632,-1,1856,1580,1895,-1,1475,1474,1629,-1,1894,1581,1856,-1,1472,1475,1630,-1,1892,1578,1894,-1,1473,1472,1627,-1,1893,1579,1892,-1,1470,1473,1628,-1,1891,1576,1893,-1,1890,1577,1891,-1,1889,1574,1890,-1,1887,1575,1889,-1,1621,1469,1468,-1,1460,1467,1620,-1,1886,1573,1859,-1,1461,1460,1619,-1,1885,1571,1886,-1,1462,1461,1618,-1,1858,1564,1885,-1,1463,1462,1609,-1,1884,1565,1858,-1,1464,1463,1608,-1,1883,1566,1884,-1,1568,1674,1611,-1,1861,1567,1883,-1,1567,1861,1568,-1,1674,1568,1862,-1,1464,1611,1674,-1,1608,1463,1609,-1,1609,1462,1618,-1,1618,1461,1619,-1,1619,1460,1620,-1,1620,1467,1622,-1,1622,1469,1621,-1,1621,1468,1626,-1,1626,1471,1625,-1,1625,1470,1628,-1,1628,1473,1627,-1,1627,1472,1630,-1,1630,1475,1629,-1,1629,1474,1632,-1,1632,1477,1631,-1,1631,1476,1634,-1,1634,1479,1633,-1,1633,1478,1636,-1,1636,1481,1635,-1,1635,1480,1623,-1,1623,1466,1624,-1,1466,1465,1624,-1,1519,1694,1520,-1,1689,1531,1532,-1,1688,1532,1529,-1,1690,1529,1530,-1,1687,1530,1527,-1,1686,1527,1528,-1,1691,1528,1525,-1,1683,1525,1526,-1,1684,1526,1523,-1,1693,1523,1524,-1,1680,1524,1521,-1,1679,1521,1522,-1,1696,1522,1517,-1,1675,1517,1518,-1,1676,1518,1516,-1,1698,1516,1515,-1,1671,1515,1514,-1,1672,1514,1505,-1,1700,1505,1504,-1,1673,1504,1507,-1,1464,1608,1611,-1,1507,1464,1674,-1,1673,1507,1674,-1,1700,1504,1673,-1,1672,1505,1700,-1,1671,1514,1672,-1,1698,1515,1671,-1,1676,1516,1698,-1,1675,1518,1676,-1,1696,1517,1675,-1,1679,1522,1696,-1,1680,1521,1679,-1,1693,1524,1680,-1,1684,1523,1693,-1,1683,1526,1684,-1,1691,1525,1683,-1,1686,1528,1691,-1,1687,1527,1686,-1,1690,1530,1687,-1,1688,1529,1690,-1,1689,1532,1688,-1,1692,1531,1689,-1,1694,1519,1692,-1,1151,1216,1899,-1,1271,1898,1215,-1,1267,1896,1266,-1,1223,1857,1897,-1,1259,1235,1894,-1,1895,1228,1856,-1,1891,1254,1240,-1,1893,1892,1258,-1,1244,1887,1242,-1,1249,1889,1890,-1,1250,1237,1886,-1,1888,1245,1859,-1,1884,1232,1231,-1,1858,1885,1252,-1,1263,1862,1226,-1,1261,1861,1883,-1,1218,1269,1860,-1,1882,1264,1877,-1,1867,1274,1272,-1,1866,1863,1212,-1,1205,1870,1278,-1,1208,1869,1868,-1,1282,1872,1204,-1,1871,1204,1872,-1,1873,1282,1201,-1,1282,1873,1872,-1,1201,1286,1874,-1,1874,1873,1201,-1,1284,1875,1286,-1,1874,1286,1875,-1,1876,1284,1197,-1,1284,1876,1875,-1,1197,1290,1864,-1,1864,1876,1197,-1,1293,1865,1290,-1,1864,1290,1865,-1,1879,1293,1154,-1,1293,1879,1865,-1,1154,1153,1878,-1,1878,1879,1154,-1,1186,1880,1153,-1,1878,1153,1880,-1,1881,1186,1150,-1,1186,1881,1880,-1,1148,1881,1150,-1,1871,1205,1204,-1,1278,1870,1869,-1,1205,1871,1870,-1,1208,1868,1272,-1,1278,1869,1208,-1,1867,1866,1274,-1,1868,1867,1272,-1,1863,1269,1212,-1,1866,1212,1274,-1,1877,1218,1860,-1,1860,1269,1863,-1,1263,1264,1882,-1,1264,1218,1877,-1,1226,1862,1861,-1,1263,1882,1862,-1,1261,1883,1231,-1,1226,1861,1261,-1,1884,1858,1232,-1,1883,1884,1231,-1,1885,1237,1252,-1,1858,1252,1232,-1,1859,1250,1886,-1,1886,1237,1885,-1,1244,1245,1888,-1,1245,1250,1859,-1,1242,1887,1889,-1,1244,1888,1887,-1,1249,1890,1240,-1,1242,1889,1249,-1,1891,1893,1254,-1,1890,1891,1240,-1,1892,1235,1258,-1,1893,1258,1254,-1,1856,1259,1894,-1,1894,1235,1892,-1,1267,1228,1895,-1,1228,1259,1856,-1,1266,1896,1857,-1,1267,1895,1896,-1,1223,1897,1271,-1,1266,1857,1223,-1,1898,1899,1215,-1,1897,1898,1271,-1,1151,1063,1216,-1,1899,1216,1215,-1,800,796,795,-1,800,795,799,-1,1058,1900,1054,-1,1900,1058,1901,-1,1900,1902,1054,-1,1059,1051,804,-1,1903,1904,1905,-1,802,1905,1059,-1,804,802,1059,-1,802,1906,1905,-1,1903,1905,1906,-1,1059,1907,1052,-1,1059,1905,1907,-1,950,951,1714,-1,1908,1909,1714,-1,950,1714,1909,-1,1908,1735,1729,-1,1055,1908,1729,-1,1714,1735,1908,-1,1765,1903,1906,-1,1903,1765,1751,-1,1906,802,801,-1,801,1765,1906,-1,1762,168,167,-1,1780,1910,1779,-1,1764,1911,1912,-1,1913,1757,1756,-1,1914,1777,1915,-1,1781,1783,1916,-1,1782,1917,1918,-1,1786,1919,1784,-1,1920,1921,1785,-1,1922,1787,1789,-1,1923,1788,1924,-1,1758,1925,1789,-1,1922,1789,1925,-1,1758,1759,1926,-1,1926,1925,1758,-1,1927,1759,1790,-1,1759,1927,1926,-1,188,1928,1790,-1,1927,1790,1928,-1,187,1928,188,-1,1788,1787,1924,-1,1924,1787,1922,-1,1923,1919,1786,-1,1923,1786,1788,-1,1784,1920,1785,-1,1919,1920,1784,-1,1783,1921,1916,-1,1785,1921,1783,-1,1782,1781,1917,-1,1781,1916,1917,-1,1913,1756,1918,-1,1756,1782,1918,-1,1915,1777,1757,-1,1915,1757,1913,-1,1914,1910,1780,-1,1914,1780,1777,-1,1779,1911,1764,-1,1910,1911,1779,-1,1762,1912,168,-1,1764,1912,1762,-1,1737,1038,1037,-1,1037,1738,1737,-1,1907,1901,1058,-1,1907,1058,1052,-1,1907,1900,1901,-1,1904,1929,1907,-1,1900,1907,1929,-1,1907,1905,1904,-1,1902,1908,1930,-1,1929,1909,1902,-1,1908,1902,1909,-1,1902,1900,1929,-1,1042,926,921,-1,921,1041,1042,-1,1931,1915,1913,-1,1932,1933,1934,-1,1935,224,1936,-1,223,168,1912,-1,223,1912,1936,-1,1914,1915,1937,-1,1938,1939,1940,-1,1916,1941,1917,-1,1942,1943,1938,-1,1941,1916,1944,-1,1945,1946,1947,-1,1919,1948,1949,-1,1950,1951,1952,-1,1953,1926,1927,-1,1954,1955,1956,-1,1953,1957,1926,-1,1958,1959,1960,-1,1961,1962,1963,-1,256,257,1964,-1,1933,1965,1959,-1,1933,1932,1965,-1,1966,259,193,-1,1967,1966,1968,-1,259,1967,187,-1,1927,1969,1953,-1,1963,1970,1971,-1,1972,1973,1958,-1,1974,1925,1957,-1,1924,1975,1976,-1,1973,1977,1954,-1,1956,1978,1979,-1,1976,1948,1923,-1,1920,1949,1980,-1,1979,1981,1951,-1,1982,1983,1950,-1,1921,1980,1944,-1,1923,1948,1919,-1,1946,1983,1984,-1,1985,1942,1945,-1,1986,1918,1987,-1,1988,1989,1940,-1,1937,1915,1931,-1,1990,1989,1991,-1,1992,1910,1993,-1,1935,1990,293,-1,1936,1911,1992,-1,208,1991,209,-1,208,293,1990,-1,223,1936,224,-1,1912,1911,1936,-1,1990,1991,208,-1,224,1935,293,-1,1994,1935,1992,-1,1994,1989,1990,-1,209,1991,1995,-1,1995,1991,1988,-1,1936,1992,1935,-1,1911,1910,1992,-1,1996,1988,1939,-1,1935,1994,1990,-1,1997,1994,1993,-1,1995,1988,1996,-1,1989,1997,1940,-1,1991,1989,1988,-1,1992,1993,1994,-1,1910,1914,1993,-1,1996,1939,1998,-1,1994,1997,1989,-1,1997,1937,1999,-1,1988,1940,1939,-1,1940,1999,1938,-1,1998,1939,1943,-1,1997,1993,1937,-1,1914,1937,1993,-1,1938,1943,1939,-1,1997,1999,1940,-1,1918,1986,1913,-1,2000,1942,1938,-1,1998,1943,2001,-1,2001,1943,1985,-1,1999,1931,2000,-1,1931,1999,1937,-1,1985,1943,1942,-1,1999,2000,1938,-1,2002,2000,1986,-1,2002,1945,1942,-1,2003,1985,1947,-1,1985,2003,2001,-1,2000,1931,1986,-1,1913,1986,1931,-1,1945,2004,1946,-1,2000,2002,1942,-1,2004,2002,1987,-1,1947,1984,2005,-1,2003,1947,2005,-1,1985,1945,1947,-1,1986,1987,2002,-1,1918,1917,1987,-1,1946,1984,1947,-1,2002,2004,1945,-1,2006,2004,1941,-1,2006,1983,1946,-1,2007,1984,1982,-1,1984,2007,2005,-1,2004,1987,1941,-1,1917,1941,1987,-1,1983,2008,1950,-1,2004,2006,1946,-1,2008,2006,1944,-1,1982,1952,2009,-1,2007,1982,2009,-1,1984,1983,1982,-1,1941,1944,2006,-1,1916,1921,1944,-1,1981,2010,1952,-1,2006,2008,1983,-1,2011,2008,1980,-1,2009,1952,2010,-1,1950,2011,1951,-1,1982,1950,1952,-1,1944,1980,2008,-1,1921,1920,1980,-1,1981,1978,2012,-1,2008,2011,1950,-1,2013,2011,1949,-1,2013,1979,1951,-1,2010,1981,2012,-1,1952,1951,1981,-1,1980,1949,2011,-1,1920,1919,1949,-1,1981,1979,1978,-1,2011,2013,1951,-1,1948,2014,2013,-1,1979,2014,1956,-1,2012,1978,2015,-1,2015,1978,1955,-1,1949,1948,2013,-1,1976,1923,1924,-1,1978,1956,1955,-1,2013,2014,1979,-1,1976,2016,2014,-1,1956,2016,1954,-1,2015,1955,2017,-1,2017,1955,1977,-1,1948,1976,2014,-1,1975,1924,1922,-1,2018,2017,1977,-1,2014,2016,1956,-1,2019,2016,1975,-1,1955,1954,1977,-1,1954,2019,1973,-1,2018,1977,1972,-1,1976,1975,2016,-1,1925,1974,1922,-1,1972,1960,2020,-1,2016,2019,1954,-1,2021,2019,1974,-1,2021,1958,1973,-1,2018,1972,2020,-1,1977,1973,1972,-1,2019,1975,1974,-1,1922,1974,1975,-1,2022,1960,1965,-1,2019,2021,1973,-1,2023,2021,1957,-1,2023,1959,1958,-1,2020,1960,2022,-1,1972,1958,1960,-1,1974,1957,2021,-1,1925,1926,1957,-1,1960,1959,1965,-1,2021,2023,1958,-1,2024,2023,1953,-1,1959,2024,1933,-1,2022,1965,2025,-1,2025,1965,1932,-1,1957,1953,2023,-1,1969,1927,1928,-1,1932,1934,1963,-1,2023,2024,1959,-1,1969,1968,2024,-1,1968,1934,1933,-1,2025,1932,1962,-1,1962,1932,1963,-1,1953,1969,2024,-1,187,1967,1928,-1,1966,1970,1934,-1,2024,1968,1933,-1,1966,1934,1968,-1,256,1964,1971,-1,1963,1934,1970,-1,1961,1963,1971,-1,1969,1928,1967,-1,1968,1969,1967,-1,1970,193,192,-1,259,1966,1967,-1,1971,192,256,-1,193,1970,1966,-1,1971,1970,192,-1,1961,1971,1964,-1,1038,1740,1034,-1,1038,1737,1740,-1,257,262,284,-1,279,282,263,-1,270,277,268,-1,263,265,279,-1,276,270,272,-1,274,276,272,-1,268,277,265,-1,276,277,270,-1,263,282,262,-1,277,279,265,-1,284,262,282,-1,257,285,1964,-1,284,285,257,-1,287,1961,1964,-1,1964,285,287,-1,1962,1961,289,-1,287,289,1961,-1,1962,292,2025,-1,292,1962,289,-1,2025,292,220,-1,219,2022,220,-1,2025,220,2022,-1,219,2020,2022,-1,210,2018,2020,-1,2020,219,210,-1,2017,2018,209,-1,210,209,2018,-1,2012,1998,2010,-1,2015,1995,1996,-1,2005,2007,2009,-1,2009,2010,2003,-1,2001,2003,2010,-1,2003,2005,2009,-1,1996,1998,2012,-1,1998,2001,2010,-1,1995,2015,2017,-1,1996,2012,2015,-1,2017,209,1995,-1,110,115,137,-1,132,135,116,-1,123,130,121,-1,116,118,132,-1,129,123,125,-1,127,129,125,-1,121,130,118,-1,129,130,123,-1,116,135,115,-1,130,132,118,-1,137,115,135,-1,110,138,2026,-1,137,138,110,-1,140,2027,2026,-1,2026,138,140,-1,2028,2027,142,-1,140,142,2027,-1,2028,145,2029,-1,145,2028,142,-1,2029,145,72,-1,73,2030,72,-1,2029,72,2030,-1,73,2031,2030,-1,64,2032,2031,-1,2031,73,64,-1,2033,2032,63,-1,64,63,2032,-1,2034,2035,2036,-1,2037,2038,2039,-1,2040,2041,2042,-1,2042,2036,2043,-1,2044,2043,2036,-1,2043,2040,2042,-1,2039,2035,2034,-1,2035,2044,2036,-1,2038,2037,2033,-1,2039,2034,2037,-1,2033,63,2038,-1,2045,2046,2047,-1,2048,2049,2050,-1,2051,79,2052,-1,78,21,2053,-1,78,2053,2052,-1,2054,2046,2055,-1,2056,2057,2058,-1,2059,2060,2061,-1,2062,2063,2056,-1,2060,2059,2064,-1,2065,2066,2067,-1,2068,2069,2070,-1,2071,2072,2073,-1,2074,2075,2076,-1,2077,2078,2079,-1,2074,2080,2075,-1,2081,2082,2083,-1,2027,2028,2084,-1,109,110,2026,-1,2049,2085,2082,-1,2049,2048,2085,-1,2086,112,46,-1,2087,2086,2088,-1,112,2087,40,-1,2076,2089,2074,-1,2084,2090,2091,-1,2092,2093,2081,-1,2094,2095,2080,-1,2096,2097,2098,-1,2093,2099,2077,-1,2079,2100,2101,-1,2098,2069,2102,-1,2103,2070,2104,-1,2101,2105,2072,-1,2106,2107,2071,-1,2108,2104,2064,-1,2102,2069,2068,-1,2066,2107,2109,-1,2110,2062,2065,-1,2111,2112,2113,-1,2114,2115,2058,-1,2055,2046,2045,-1,2116,2115,2117,-1,2118,2119,2120,-1,2051,2116,146,-1,2052,2121,2118,-1,62,2117,63,-1,62,146,2116,-1,78,2052,79,-1,2053,2121,2052,-1,2116,2117,62,-1,79,2051,146,-1,2122,2051,2118,-1,2122,2115,2116,-1,63,2117,2038,-1,2038,2117,2114,-1,2052,2118,2051,-1,2121,2119,2118,-1,2039,2114,2057,-1,2051,2122,2116,-1,2123,2122,2120,-1,2038,2114,2039,-1,2115,2123,2058,-1,2117,2115,2114,-1,2118,2120,2122,-1,2119,2054,2120,-1,2039,2057,2035,-1,2122,2123,2115,-1,2123,2055,2124,-1,2114,2058,2057,-1,2058,2124,2056,-1,2035,2057,2063,-1,2123,2120,2055,-1,2054,2055,2120,-1,2056,2063,2057,-1,2123,2124,2058,-1,2112,2111,2047,-1,2125,2062,2056,-1,2035,2063,2044,-1,2044,2063,2110,-1,2124,2045,2125,-1,2045,2124,2055,-1,2110,2063,2062,-1,2124,2125,2056,-1,2126,2125,2111,-1,2126,2065,2062,-1,2043,2110,2067,-1,2110,2043,2044,-1,2125,2045,2111,-1,2047,2111,2045,-1,2065,2127,2066,-1,2125,2126,2062,-1,2127,2126,2113,-1,2067,2109,2040,-1,2043,2067,2040,-1,2110,2065,2067,-1,2111,2113,2126,-1,2112,2061,2113,-1,2066,2109,2067,-1,2126,2127,2065,-1,2128,2127,2060,-1,2128,2107,2066,-1,2041,2109,2106,-1,2109,2041,2040,-1,2127,2113,2060,-1,2061,2060,2113,-1,2107,2129,2071,-1,2127,2128,2066,-1,2129,2128,2064,-1,2106,2073,2042,-1,2041,2106,2042,-1,2109,2107,2106,-1,2060,2064,2128,-1,2059,2108,2064,-1,2105,2036,2073,-1,2128,2129,2107,-1,2130,2129,2104,-1,2042,2073,2036,-1,2071,2130,2072,-1,2106,2071,2073,-1,2064,2104,2129,-1,2108,2103,2104,-1,2105,2100,2034,-1,2129,2130,2071,-1,2131,2130,2070,-1,2131,2101,2072,-1,2036,2105,2034,-1,2073,2072,2105,-1,2104,2070,2130,-1,2103,2068,2070,-1,2105,2101,2100,-1,2130,2131,2072,-1,2069,2132,2131,-1,2101,2132,2079,-1,2034,2100,2037,-1,2037,2100,2078,-1,2070,2069,2131,-1,2098,2102,2096,-1,2100,2079,2078,-1,2131,2132,2101,-1,2098,2133,2132,-1,2079,2133,2077,-1,2037,2078,2033,-1,2033,2078,2099,-1,2069,2098,2132,-1,2097,2096,2134,-1,2032,2033,2099,-1,2132,2133,2079,-1,2135,2133,2097,-1,2078,2077,2099,-1,2077,2135,2093,-1,2032,2099,2092,-1,2098,2097,2133,-1,2095,2094,2134,-1,2092,2083,2031,-1,2133,2135,2077,-1,2136,2135,2094,-1,2136,2081,2093,-1,2032,2092,2031,-1,2099,2093,2092,-1,2135,2097,2094,-1,2134,2094,2097,-1,2030,2083,2085,-1,2135,2136,2093,-1,2137,2136,2080,-1,2137,2082,2081,-1,2031,2083,2030,-1,2092,2081,2083,-1,2094,2080,2136,-1,2095,2075,2080,-1,2083,2082,2085,-1,2136,2137,2081,-1,2138,2137,2074,-1,2082,2138,2049,-1,2030,2085,2029,-1,2029,2085,2048,-1,2080,2074,2137,-1,2089,2076,2139,-1,2048,2050,2084,-1,2137,2138,2082,-1,2089,2088,2138,-1,2088,2050,2049,-1,2029,2048,2028,-1,2028,2048,2084,-1,2074,2089,2138,-1,40,2087,2139,-1,2086,2090,2050,-1,2138,2088,2049,-1,2086,2050,2088,-1,109,2026,2091,-1,2084,2050,2090,-1,2027,2084,2091,-1,2089,2139,2087,-1,2088,2089,2087,-1,2090,46,45,-1,112,2086,2087,-1,2091,45,109,-1,46,2090,2086,-1,2091,2090,45,-1,2027,2091,2026,-1,1611,1563,1568,-1,1563,1611,1610,-1,1507,1459,1464,-1,1459,1507,1506,-1,1828,1821,1820,-1,1828,1826,1823,-1,1823,1821,1828,-1,1825,1815,1826,-1,1823,1826,1815,-1,1825,1813,1815,-1,1836,1818,1813,-1,1813,1825,1836,-1,1808,1818,1831,-1,1836,1831,1818,-1,1808,1833,1809,-1,1833,1808,1831,-1,1425,1423,1809,-1,1809,1833,1425,-1,1766,21,20,-1,1768,2119,1755,-1,1754,2121,2053,-1,2047,1752,1753,-1,2054,1767,2046,-1,1769,1771,2059,-1,1770,2061,2112,-1,1760,2068,1761,-1,2103,2108,1772,-1,2134,1775,1774,-1,2102,1773,2096,-1,1776,2095,1774,-1,2134,1774,2095,-1,1776,1778,2075,-1,2075,2095,1776,-1,2076,1778,1763,-1,1778,2076,2075,-1,41,2139,1763,-1,2076,1763,2139,-1,40,2139,41,-1,1773,1775,2096,-1,2096,1775,2134,-1,2102,2068,1760,-1,2102,1760,1773,-1,1761,2103,1772,-1,2068,2103,1761,-1,1771,2108,2059,-1,1772,2108,1771,-1,1770,1769,2061,-1,1769,2059,2061,-1,2047,1753,2112,-1,1753,1770,2112,-1,2046,1767,1752,-1,2046,1752,2047,-1,2054,2119,1768,-1,2054,1768,1767,-1,1755,2121,1754,-1,2119,2121,1755,-1,1766,2053,21,-1,1754,2053,1766,-1,755,1056,760,-1,755,1053,1056,-1,760,1056,810,-1,810,758,760,-1,1729,810,1055,-1,1729,808,810,-1,1055,1930,1908,-1,1055,1057,1930,-1,1057,1054,1902,-1,1057,1902,1930,-1,1903,938,939,-1,948,1909,945,-1,950,1909,948,-1,318,889,892,-1,1903,1929,1904,-1,880,756,759,-1,313,854,851,-1,923,925,1751,-1,1929,944,945,-1,945,1909,1929,-1,1903,942,1929,-1,944,1929,942,-1,938,1903,936,-1,1903,939,942,-1,1903,932,933,-1,936,1903,933,-1,1903,927,930,-1,932,1903,930,-1,1751,925,927,-1,1903,1751,927,-1,1751,919,922,-1,923,1751,922,-1,318,918,1751,-1,919,1751,918,-1,913,916,318,-1,318,916,918,-1,910,912,318,-1,318,912,913,-1,906,907,318,-1,318,907,910,-1,901,904,318,-1,318,904,906,-1,898,900,318,-1,318,900,901,-1,894,895,318,-1,318,895,898,-1,318,892,894,-1,318,886,888,-1,889,318,888,-1,318,817,884,-1,886,318,884,-1,815,817,313,-1,318,313,817,-1,821,820,313,-1,313,820,815,-1,825,824,313,-1,313,824,821,-1,830,827,313,-1,313,827,825,-1,833,831,313,-1,313,831,830,-1,837,836,313,-1,313,836,833,-1,842,839,313,-1,313,839,837,-1,845,843,313,-1,313,843,842,-1,849,848,313,-1,313,848,845,-1,313,851,849,-1,772,858,313,-1,854,313,858,-1,860,856,772,-1,772,856,858,-1,865,862,772,-1,772,862,860,-1,868,866,772,-1,772,866,865,-1,811,872,871,-1,868,811,871,-1,877,811,878,-1,877,874,811,-1,878,811,756,-1,880,759,882,-1,882,759,805,-1,880,878,756,-1,811,868,772,-1,874,872,811,-1,811,772,814,-1,804,1051,814,-1,814,772,804,-1,2140,2141,2142,-1,2143,2144,2145,-1,2146,2147,2148,-1,2149,2150,2148,-1,2151,2152,2153,-1,2148,2154,2155,-1,2156,1211,1280,-1,2157,2151,2158,-1,2159,1275,1210,-1,2160,2161,2162,-1,2163,2164,2156,-1,2165,2166,2167,-1,2168,2165,2169,-1,2170,2171,2172,-1,2173,2174,2175,-1,2176,2177,2178,-1,2179,2180,2173,-1,2181,2178,2182,-1,2183,2171,2180,-1,2184,2185,2186,-1,2176,2187,2188,-1,2189,2190,2142,-1,2184,2191,2192,-1,2193,2194,2195,-1,2196,2193,2197,-1,2198,2199,2200,-1,2201,2198,2202,-1,2203,2204,2205,-1,2204,2206,2207,-1,2208,2209,2210,-1,2211,2212,2208,-1,2213,2214,2215,-1,2216,2213,2217,-1,2218,2219,2220,-1,2219,2221,2222,-1,2223,2224,2225,-1,2226,2227,2223,-1,2228,2229,2230,-1,2226,2225,2230,-1,2231,2232,2233,-1,2234,2228,2235,-1,2236,2237,2238,-1,2236,2239,2232,-1,2240,2241,2236,-1,2240,2232,2242,-1,1400,2243,2244,-1,2245,2246,2247,-1,2248,2249,2250,-1,2248,2247,2249,-1,2249,2247,2246,-1,2250,2243,2248,-1,2251,2245,2237,-1,2252,2253,2254,-1,2241,2255,2237,-1,2251,2246,2245,-1,2256,2257,2258,-1,2237,2255,2251,-1,2258,2259,2260,-1,2256,2241,2257,-1,2260,2261,1299,-1,2259,2258,2257,-1,2243,1400,1398,-1,2242,2231,2262,-1,2244,1403,1400,-1,2263,2231,2264,-1,2235,2262,2263,-1,2265,2229,2234,-1,2234,2263,2266,-1,2267,2268,2224,-1,2226,2229,2269,-1,2218,2268,2221,-1,2220,2270,2271,-1,2221,2267,2272,-1,2273,2267,2223,-1,2217,2215,2271,-1,2274,2211,2210,-1,2270,2275,2217,-1,2219,2276,2270,-1,2277,2274,2214,-1,2278,2279,2206,-1,2211,2277,2280,-1,2277,2213,2281,-1,2278,2208,2282,-1,2206,2203,2283,-1,2209,2278,2283,-1,2202,2284,2285,-1,2284,2286,2205,-1,2200,2286,2202,-1,2204,2287,2284,-1,2197,2195,2288,-1,2288,2199,2289,-1,2289,2290,2197,-1,2198,2291,2289,-1,2292,2293,2140,-1,2294,2194,2295,-1,2141,2294,2189,-1,2189,2295,2296,-1,2297,2295,2193,-1,2142,2298,2292,-1,2293,2185,2192,-1,2187,2299,2191,-1,2185,2292,2300,-1,2299,2176,2181,-1,2182,2172,2183,-1,2187,2184,2301,-1,2302,2144,2168,-1,2167,2179,2175,-1,2303,2172,2178,-1,2168,2143,2166,-1,2171,2304,2173,-1,2145,2305,2162,-1,2175,2306,2165,-1,2307,2305,2144,-1,2307,2302,2308,-1,2307,2309,2310,-1,2311,1303,2312,-1,2313,2310,2314,-1,2314,2315,2313,-1,2316,1300,2317,-1,2318,1311,2316,-1,2319,2320,2312,-1,2320,2321,2311,-1,1397,2322,1398,-1,2244,2243,2250,-1,2322,2243,1398,-1,2322,1397,2323,-1,1394,1392,2324,-1,2325,2238,2245,-1,2247,2326,2325,-1,2327,2259,2257,-1,2325,2245,2247,-1,2237,2245,2238,-1,2328,2261,2259,-1,2255,2241,2256,-1,2236,2241,2237,-1,2328,2259,2327,-1,2240,2327,2257,-1,2261,2329,1298,-1,1299,2261,1298,-1,2260,2259,2261,-1,2248,2322,2326,-1,2322,2248,2243,-1,2323,1394,2324,-1,2248,2326,2247,-1,2323,2330,2326,-1,2331,2239,2238,-1,2325,2330,2331,-1,2332,2328,2327,-1,2331,2238,2325,-1,2236,2238,2239,-1,2329,2328,2333,-1,2241,2240,2257,-1,2232,2240,2236,-1,2333,2328,2332,-1,2327,2242,2332,-1,2329,2334,1184,-1,1298,2329,1184,-1,2261,2328,2329,-1,2322,2323,2326,-1,1397,1394,2323,-1,2335,1372,1375,-1,2326,2330,2325,-1,1392,1391,2336,-1,2337,2233,2239,-1,2331,2330,2338,-1,2339,2333,2332,-1,2337,2239,2331,-1,2232,2239,2233,-1,2340,2334,2333,-1,2240,2242,2327,-1,2231,2242,2232,-1,2340,2333,2339,-1,2332,2262,2339,-1,2334,2341,1182,-1,1184,2334,1182,-1,2329,2333,2334,-1,2330,2324,2338,-1,2324,2330,2323,-1,2342,2336,1391,-1,2331,2338,2337,-1,2336,2343,2338,-1,2344,2264,2233,-1,2337,2343,2344,-1,2345,2340,2339,-1,2344,2233,2337,-1,2231,2233,2264,-1,2346,2341,2340,-1,2242,2262,2332,-1,2263,2262,2231,-1,2346,2340,2345,-1,2235,2345,2339,-1,2341,2347,1181,-1,1182,2341,1181,-1,2334,2340,2341,-1,2338,2324,2336,-1,1392,2336,2324,-1,2342,1388,2348,-1,2338,2343,2337,-1,2342,2349,2343,-1,2350,2266,2264,-1,2344,2349,2350,-1,2351,2346,2345,-1,2350,2264,2344,-1,2263,2264,2266,-1,2347,2346,2352,-1,2262,2235,2339,-1,2234,2235,2263,-1,2352,2346,2351,-1,2345,2228,2351,-1,2347,2353,1179,-1,1181,2347,1179,-1,2341,2346,2347,-1,2336,2342,2343,-1,1391,1388,2342,-1,1386,2354,2348,-1,2343,2349,2344,-1,2348,2355,2349,-1,2356,2265,2266,-1,2350,2349,2355,-1,2357,2352,2351,-1,2356,2266,2350,-1,2234,2266,2265,-1,2358,2353,2352,-1,2235,2228,2345,-1,2229,2228,2234,-1,2358,2352,2357,-1,2351,2230,2357,-1,2353,2359,1177,-1,1179,2353,1177,-1,2347,2352,2353,-1,2342,2348,2349,-1,1388,1386,2348,-1,2354,1385,2360,-1,2350,2355,2356,-1,2355,2354,2361,-1,2362,2269,2265,-1,2356,2355,2361,-1,2363,2358,2357,-1,2356,2362,2265,-1,2265,2269,2229,-1,2364,2359,2358,-1,2228,2230,2351,-1,2226,2230,2229,-1,2364,2358,2363,-1,2225,2363,2357,-1,2359,2365,1174,-1,1177,2359,1174,-1,2353,2358,2359,-1,2348,2354,2355,-1,1386,1385,2354,-1,2360,1382,2366,-1,2356,2361,2362,-1,2361,2360,2367,-1,2368,2227,2269,-1,2362,2361,2367,-1,2369,2364,2363,-1,2362,2368,2269,-1,2269,2227,2226,-1,2365,2364,2370,-1,2230,2225,2357,-1,2223,2225,2226,-1,2370,2364,2369,-1,2224,2369,2363,-1,2365,2371,1175,-1,1174,2365,1175,-1,2359,2364,2365,-1,2354,2360,2361,-1,1385,1382,2360,-1,2366,1380,2372,-1,2362,2367,2368,-1,2367,2366,2373,-1,2374,2273,2227,-1,2368,2367,2373,-1,2375,2370,2369,-1,2368,2374,2227,-1,2227,2273,2223,-1,2371,2370,2376,-1,2225,2224,2363,-1,2267,2224,2223,-1,2376,2370,2375,-1,2268,2375,2369,-1,2371,2377,1172,-1,1175,2371,1172,-1,2365,2370,2371,-1,2360,2366,2367,-1,1382,1380,2366,-1,2372,1378,2378,-1,2368,2373,2374,-1,2373,2372,2379,-1,2380,2272,2273,-1,2374,2373,2379,-1,2381,2376,2375,-1,2374,2380,2273,-1,2273,2272,2267,-1,2377,2376,2382,-1,2224,2268,2369,-1,2221,2268,2267,-1,2382,2376,2381,-1,2218,2381,2375,-1,2377,2383,1171,-1,1172,2377,1171,-1,2371,2376,2377,-1,2366,2372,2373,-1,1380,1378,2372,-1,2384,2378,1379,-1,2374,2379,2380,-1,2379,2378,2385,-1,2386,2222,2272,-1,2380,2385,2386,-1,2387,2382,2381,-1,2380,2386,2272,-1,2272,2222,2221,-1,2383,2382,2388,-1,2268,2218,2375,-1,2219,2218,2221,-1,2388,2382,2387,-1,2220,2387,2381,-1,2383,2389,1169,-1,1171,2383,1169,-1,2377,2382,2383,-1,2372,2378,2379,-1,1378,1379,2378,-1,1360,1363,2390,-1,2379,2385,2380,-1,2385,2384,2391,-1,2392,2276,2222,-1,2386,2391,2392,-1,2393,2388,2387,-1,2386,2392,2222,-1,2222,2276,2219,-1,2389,2388,2394,-1,2218,2220,2381,-1,2270,2220,2219,-1,2394,2388,2393,-1,2271,2393,2387,-1,2389,2395,1167,-1,1169,2389,1167,-1,2383,2388,2389,-1,2378,2384,2385,-1,1379,1372,2384,-1,2335,1375,2396,-1,2385,2391,2386,-1,2335,2397,2391,-1,2398,2275,2276,-1,2392,2397,2398,-1,2399,2394,2393,-1,2398,2276,2392,-1,2270,2276,2275,-1,2395,2394,2400,-1,2220,2271,2387,-1,2271,2270,2217,-1,2394,2395,2389,-1,2215,2399,2393,-1,2399,2400,2394,-1,1165,2395,2401,-1,2395,1165,1167,-1,2391,2384,2335,-1,1372,2335,2384,-1,1374,2402,2396,-1,2391,2397,2392,-1,2396,2403,2397,-1,2404,2216,2275,-1,2398,2397,2403,-1,2400,2399,2405,-1,2398,2404,2275,-1,2275,2216,2217,-1,2401,2400,2406,-1,2271,2215,2393,-1,2215,2217,2213,-1,2400,2405,2406,-1,2214,2405,2399,-1,2401,2407,1162,-1,1165,2401,1162,-1,2395,2400,2401,-1,2335,2396,2397,-1,1375,1374,2396,-1,2408,2402,1365,-1,2398,2403,2404,-1,2403,2402,2409,-1,2410,2281,2216,-1,2404,2409,2410,-1,2406,2405,2411,-1,2410,2216,2404,-1,2216,2281,2213,-1,2407,2406,2412,-1,2215,2214,2399,-1,2277,2214,2213,-1,2406,2411,2412,-1,2274,2411,2405,-1,2407,2413,1163,-1,1162,2407,1163,-1,2401,2406,2407,-1,2396,2402,2403,-1,1374,1365,2402,-1,1368,2414,2408,-1,2403,2409,2404,-1,2408,2415,2409,-1,2416,2280,2281,-1,2410,2409,2415,-1,2417,2412,2411,-1,2410,2416,2281,-1,2281,2280,2277,-1,2413,2412,2418,-1,2214,2274,2405,-1,2274,2277,2211,-1,2412,2417,2418,-1,2210,2417,2411,-1,2413,2419,1160,-1,1163,2413,1160,-1,2407,2412,2413,-1,2402,2408,2409,-1,1365,1368,2408,-1,2420,2414,1369,-1,2410,2415,2416,-1,2415,2414,2421,-1,2422,2212,2280,-1,2416,2421,2422,-1,2418,2417,2423,-1,2422,2280,2416,-1,2280,2212,2211,-1,2419,2418,2424,-1,2274,2210,2411,-1,2208,2210,2211,-1,2418,2423,2424,-1,2209,2423,2417,-1,2419,2425,1157,-1,1160,2419,1157,-1,2413,2418,2419,-1,2408,2414,2415,-1,1368,1369,2414,-1,1360,2390,2420,-1,2415,2421,2416,-1,2420,2426,2421,-1,2427,2282,2212,-1,2422,2421,2426,-1,2428,2424,2423,-1,2422,2427,2212,-1,2212,2282,2208,-1,2425,2424,2429,-1,2210,2209,2417,-1,2209,2208,2278,-1,2424,2428,2429,-1,2283,2428,2423,-1,2425,2430,1155,-1,1157,2425,1155,-1,2419,2424,2425,-1,2414,2420,2421,-1,1369,1360,2420,-1,2431,1362,1355,-1,2422,2426,2427,-1,2426,2390,2432,-1,2433,2279,2282,-1,2427,2432,2433,-1,2429,2428,2434,-1,2433,2282,2427,-1,2282,2279,2278,-1,2430,2429,2435,-1,2209,2283,2423,-1,2206,2283,2278,-1,2429,2434,2435,-1,2203,2434,2428,-1,2430,2436,1156,-1,1155,2430,1156,-1,2425,2429,2430,-1,2390,2426,2420,-1,1362,2437,1363,-1,1362,2431,2437,-1,2426,2432,2427,-1,2437,2438,2432,-1,2439,2207,2279,-1,2433,2432,2438,-1,2440,2435,2434,-1,2439,2279,2433,-1,2206,2279,2207,-1,2441,2436,2435,-1,2283,2203,2428,-1,2203,2206,2204,-1,2436,2430,2435,-1,2205,2440,2434,-1,2440,2441,2435,-1,1158,2436,2442,-1,2436,1158,1156,-1,2432,2390,2437,-1,1363,2437,2390,-1,1358,1357,2443,-1,2433,2438,2439,-1,1355,1358,2444,-1,2445,2287,2207,-1,2445,2439,2446,-1,2441,2440,2447,-1,2445,2207,2439,-1,2207,2287,2204,-1,2442,2441,2448,-1,2203,2205,2434,-1,2205,2204,2284,-1,2442,2449,1159,-1,2286,2447,2440,-1,2448,2441,2447,-1,1158,2442,1159,-1,2436,2441,2442,-1,2438,2431,2446,-1,2431,2438,2437,-1,2444,1358,2443,-1,2438,2446,2439,-1,2444,2450,2446,-1,2451,2285,2287,-1,2445,2446,2450,-1,2448,2447,2452,-1,2451,2287,2445,-1,2284,2287,2285,-1,2448,2453,2449,-1,2205,2286,2440,-1,2286,2284,2202,-1,2449,2442,2448,-1,2200,2452,2447,-1,2452,2453,2448,-1,1161,2449,2454,-1,2449,1161,1159,-1,2446,2431,2444,-1,1355,2444,2431,-1,1342,1345,2455,-1,2445,2450,2451,-1,1357,1347,2456,-1,2457,2201,2285,-1,2457,2451,2458,-1,2453,2452,2459,-1,2457,2285,2451,-1,2285,2201,2202,-1,2454,2453,2460,-1,2286,2200,2447,-1,2200,2202,2198,-1,2454,2461,1164,-1,2199,2459,2452,-1,2460,2453,2459,-1,1161,2454,1164,-1,2449,2453,2454,-1,2450,2443,2458,-1,2443,2450,2444,-1,2462,2456,1347,-1,2450,2458,2451,-1,2456,2463,2458,-1,2464,2291,2201,-1,2457,2463,2464,-1,2460,2459,2465,-1,2464,2201,2457,-1,2198,2201,2291,-1,2460,2466,2461,-1,2200,2199,2452,-1,2199,2198,2289,-1,2461,2454,2460,-1,2459,2288,2465,-1,2465,2466,2460,-1,1166,2461,2467,-1,2461,1166,1164,-1,2458,2443,2456,-1,1357,2456,2443,-1,2462,1350,2468,-1,2458,2463,2457,-1,2462,2253,2463,-1,2252,2290,2291,-1,2252,2464,2253,-1,2466,2465,2469,-1,2252,2291,2464,-1,2291,2290,2289,-1,2466,2470,2467,-1,2199,2288,2459,-1,2288,2289,2197,-1,2467,2471,1168,-1,2195,2469,2465,-1,2469,2470,2466,-1,1166,2467,1168,-1,2461,2466,2467,-1,2456,2462,2463,-1,1347,1350,2462,-1,2468,1352,2472,-1,2463,2253,2464,-1,2253,2468,2254,-1,2473,2196,2290,-1,2473,2252,2254,-1,2470,2469,2474,-1,2473,2290,2252,-1,2197,2290,2196,-1,2475,2471,2470,-1,2288,2195,2465,-1,2195,2197,2193,-1,1170,2471,2476,-1,2194,2474,2469,-1,2474,2475,2470,-1,1168,2471,1170,-1,2467,2470,2471,-1,2462,2468,2253,-1,1350,1352,2468,-1,1342,2455,2472,-1,2477,2478,2479,-1,2254,2472,2480,-1,2481,2297,2196,-1,2481,2473,2480,-1,2475,2474,2482,-1,2481,2196,2473,-1,2193,2196,2297,-1,2483,2476,2475,-1,2195,2194,2469,-1,2295,2194,2193,-1,2483,2475,2482,-1,2294,2482,2474,-1,2476,2484,1173,-1,1170,2476,1173,-1,2471,2475,2476,-1,2468,2472,2254,-1,1352,1342,2472,-1,1340,1339,2485,-1,2254,2480,2473,-1,1345,1344,2486,-1,2487,2296,2297,-1,2487,2481,2488,-1,2489,2483,2482,-1,2481,2487,2297,-1,2297,2296,2295,-1,2490,2484,2483,-1,2194,2294,2474,-1,2189,2294,2295,-1,2490,2483,2489,-1,2141,2489,2482,-1,2484,2491,1176,-1,1173,2484,1176,-1,2476,2483,2484,-1,2480,2455,2488,-1,2472,2455,2480,-1,2486,1344,2492,-1,2480,2488,2481,-1,2488,2486,2493,-1,2494,2190,2296,-1,2487,2488,2493,-1,2495,2490,2489,-1,2487,2494,2296,-1,2296,2190,2189,-1,2496,2491,2490,-1,2294,2141,2482,-1,2142,2141,2189,-1,1178,1176,2491,-1,2140,2495,2489,-1,2484,2490,2491,-1,2490,2495,2496,-1,1178,2491,2497,-1,2488,2455,2486,-1,1345,2486,2455,-1,2492,1338,2498,-1,2487,2493,2494,-1,2493,2492,2499,-1,2500,2298,2190,-1,2494,2493,2499,-1,2501,2496,2495,-1,2494,2500,2190,-1,2142,2190,2298,-1,2502,2497,2496,-1,2141,2140,2489,-1,2140,2142,2292,-1,2497,2503,1180,-1,2293,2501,2495,-1,2501,2502,2496,-1,1178,2497,1180,-1,2491,2496,2497,-1,2486,2492,2493,-1,1344,1338,2492,-1,2485,2498,1340,-1,2494,2499,2500,-1,2499,2498,2504,-1,2505,2300,2298,-1,2505,2500,2504,-1,2502,2501,2506,-1,2505,2298,2500,-1,2292,2298,2300,-1,2507,2503,2502,-1,2140,2293,2495,-1,2185,2293,2292,-1,2507,2502,2506,-1,2192,2506,2501,-1,2503,2508,1183,-1,1180,2503,1183,-1,2497,2502,2503,-1,2492,2498,2499,-1,1338,1340,2498,-1,2509,2485,1339,-1,2499,2504,2500,-1,1339,1330,2509,-1,2510,2186,2300,-1,2510,2505,2511,-1,2512,2507,2506,-1,2505,2510,2300,-1,2300,2186,2185,-1,2513,2508,2507,-1,2293,2192,2501,-1,2184,2192,2185,-1,2513,2507,2512,-1,2191,2512,2506,-1,2508,2514,1188,-1,1183,2508,1188,-1,2503,2507,2508,-1,2504,2485,2511,-1,2498,2485,2504,-1,2515,1335,1325,-1,2504,2511,2505,-1,1330,1333,2516,-1,2517,2301,2186,-1,2517,2510,2518,-1,2519,2513,2512,-1,2510,2517,2186,-1,2186,2301,2184,-1,2520,2514,2513,-1,2192,2191,2506,-1,2187,2191,2184,-1,1296,1188,2514,-1,2299,2519,2512,-1,2508,2513,2514,-1,2513,2519,2520,-1,1296,2514,2521,-1,2511,2509,2518,-1,2485,2509,2511,-1,2516,1333,2522,-1,2511,2518,2510,-1,2518,2516,2523,-1,2524,2188,2301,-1,2517,2518,2523,-1,2525,2520,2519,-1,2517,2524,2301,-1,2187,2301,2188,-1,2520,2526,2521,-1,2191,2299,2512,-1,2299,2187,2176,-1,1296,2521,1297,-1,2181,2525,2519,-1,2514,2520,2521,-1,2520,2525,2526,-1,1297,2521,2527,-1,2518,2509,2516,-1,1330,2516,2509,-1,2515,2522,1335,-1,2517,2523,2524,-1,2523,2522,2528,-1,2529,2177,2188,-1,2529,2524,2528,-1,2526,2525,2530,-1,2529,2188,2524,-1,2176,2188,2177,-1,2531,2527,2526,-1,2299,2181,2519,-1,2181,2176,2178,-1,2527,2532,1190,-1,2182,2530,2525,-1,2530,2531,2526,-1,1297,2527,1190,-1,2521,2526,2527,-1,2516,2522,2523,-1,1333,1335,2522,-1,2533,2515,1325,-1,2523,2528,2524,-1,1325,1328,2533,-1,2534,2303,2177,-1,2534,2529,2535,-1,2531,2530,2536,-1,2534,2177,2529,-1,2178,2177,2303,-1,2531,2537,2532,-1,2181,2182,2525,-1,2172,2182,2178,-1,2537,2531,2536,-1,2183,2536,2530,-1,2532,2538,1191,-1,1190,2532,1191,-1,2527,2531,2532,-1,2528,2515,2535,-1,2522,2515,2528,-1,1323,1322,2539,-1,2528,2535,2529,-1,1328,1327,2540,-1,2541,2170,2303,-1,2541,2534,2542,-1,2543,2537,2536,-1,2534,2541,2303,-1,2303,2170,2172,-1,2544,2538,2537,-1,2182,2183,2530,-1,2171,2183,2172,-1,1294,1191,2538,-1,2180,2543,2536,-1,2532,2537,2538,-1,2537,2543,2544,-1,1294,2538,2545,-1,2535,2533,2542,-1,2515,2533,2535,-1,2540,1327,2546,-1,2535,2542,2534,-1,2542,2540,2479,-1,2478,2304,2170,-1,2541,2542,2479,-1,2547,2544,2543,-1,2541,2478,2170,-1,2171,2170,2304,-1,2544,2548,2545,-1,2183,2180,2536,-1,2180,2171,2173,-1,1294,2545,1295,-1,2179,2547,2543,-1,2538,2544,2545,-1,2544,2547,2548,-1,1295,2545,2549,-1,2542,2533,2540,-1,1328,2540,2533,-1,2546,1320,2550,-1,2541,2479,2478,-1,2479,2546,2477,-1,2551,2174,2304,-1,2551,2478,2477,-1,2548,2547,2552,-1,2551,2304,2478,-1,2173,2304,2174,-1,2553,2549,2548,-1,2180,2179,2543,-1,2179,2173,2175,-1,2549,2554,1189,-1,2167,2552,2547,-1,2552,2553,2548,-1,1295,2549,1189,-1,2545,2548,2549,-1,2540,2546,2479,-1,1327,1320,2546,-1,1323,2539,2550,-1,2317,1300,1304,-1,2477,2550,2555,-1,2556,2306,2174,-1,2556,2551,2555,-1,2553,2552,2557,-1,2556,2174,2551,-1,2175,2174,2306,-1,2558,2554,2553,-1,2179,2167,2547,-1,2165,2167,2175,-1,2558,2553,2557,-1,2166,2557,2552,-1,2554,2559,1291,-1,1189,2554,1291,-1,2549,2553,2554,-1,2546,2550,2477,-1,1320,1323,2550,-1,1317,1307,2560,-1,2477,2555,2551,-1,1322,1312,2561,-1,2562,2169,2306,-1,2562,2556,2563,-1,2564,2558,2557,-1,2556,2562,2306,-1,2306,2169,2165,-1,2565,2559,2558,-1,2167,2166,2552,-1,2168,2166,2165,-1,2565,2558,2564,-1,2143,2564,2557,-1,2559,2566,1192,-1,1291,2559,1192,-1,2554,2558,2559,-1,2555,2539,2563,-1,2550,2539,2555,-1,2561,1312,2567,-1,2555,2563,2556,-1,2563,2561,2568,-1,2569,2302,2169,-1,2562,2563,2568,-1,2570,2565,2564,-1,2562,2569,2169,-1,2169,2302,2168,-1,2571,2566,2565,-1,2166,2143,2557,-1,2144,2143,2168,-1,1193,1192,2566,-1,2145,2570,2564,-1,2559,2565,2566,-1,2565,2570,2571,-1,1193,2566,2572,-1,2563,2539,2561,-1,1322,2561,2539,-1,2567,1315,2573,-1,2562,2568,2569,-1,2568,2567,2574,-1,2575,2160,2313,-1,2569,2568,2574,-1,2576,2571,2570,-1,2308,2302,2569,-1,2302,2307,2144,-1,2577,2572,2571,-1,2143,2145,2564,-1,2145,2144,2305,-1,2572,2578,1287,-1,2162,2576,2570,-1,2576,2577,2571,-1,1193,2572,1287,-1,2566,2571,2572,-1,2561,2567,2568,-1,1312,1315,2567,-1,2560,2573,1317,-1,2569,2574,2308,-1,2579,2574,2573,-1,2305,2310,2160,-1,2309,2308,2579,-1,2577,2576,2147,-1,2309,2307,2308,-1,2310,2305,2307,-1,2146,2578,2577,-1,2145,2162,2570,-1,2160,2162,2305,-1,2146,2577,2147,-1,2161,2147,2576,-1,2578,2580,1194,-1,1287,2578,1194,-1,2572,2577,2578,-1,2567,2573,2574,-1,1315,1317,2573,-1,2581,2560,1307,-1,2574,2579,2308,-1,1309,2581,1307,-1,2161,2575,2149,-1,2309,2582,2314,-1,2583,2575,2584,-1,2309,2314,2310,-1,2310,2313,2160,-1,2155,2580,2146,-1,2162,2161,2576,-1,2161,2160,2575,-1,2155,2146,2148,-1,2149,2148,2147,-1,2580,2585,1195,-1,1194,2580,1195,-1,2578,2146,2580,-1,2579,2560,2582,-1,2573,2560,2579,-1,2586,2587,2588,-1,2579,2582,2309,-1,1311,2318,1309,-1,2575,2313,2584,-1,2589,2315,2314,-1,2149,2575,2583,-1,2315,2584,2313,-1,2590,2591,2154,-1,2591,2585,2155,-1,2161,2149,2147,-1,2149,2583,2150,-1,1283,1195,2585,-1,2150,2154,2148,-1,2580,2155,2585,-1,2155,2154,2591,-1,1283,2585,2592,-1,2582,2581,2589,-1,2560,2581,2582,-1,2315,2593,2584,-1,2582,2589,2314,-1,2594,2589,2318,-1,2584,2595,2583,-1,2594,2593,2315,-1,2583,2596,2150,-1,2593,2595,2584,-1,2150,2597,2154,-1,2596,2583,2595,-1,2591,2157,2592,-1,2597,2150,2596,-1,1283,2592,1199,-1,2590,2154,2597,-1,2585,2591,2592,-1,2591,2590,2157,-1,1199,2592,2158,-1,2589,2581,2318,-1,1309,2318,2581,-1,2593,2588,2595,-1,2589,2594,2315,-1,2316,2598,2594,-1,2595,2587,2596,-1,2598,2588,2593,-1,2596,2599,2597,-1,2588,2587,2595,-1,2597,2600,2590,-1,2587,2599,2596,-1,2601,2157,2590,-1,2597,2599,2600,-1,2158,2602,1200,-1,2590,2600,2601,-1,2601,2151,2157,-1,1199,2158,1200,-1,2592,2157,2158,-1,2318,2316,2594,-1,1311,1300,2316,-1,2603,2599,2587,-1,2594,2598,2593,-1,2317,2321,2598,-1,2604,2600,2599,-1,2321,2586,2588,-1,2605,2601,2600,-1,2586,2603,2587,-1,2152,2151,2601,-1,2603,2604,2599,-1,2153,2602,2151,-1,2604,2605,2600,-1,2602,2153,2156,-1,2605,2152,2601,-1,2602,2156,1280,-1,1200,2602,1280,-1,2158,2151,2602,-1,2316,2317,2598,-1,1303,2311,1304,-1,2320,2606,2586,-1,2598,2321,2588,-1,2320,2586,2321,-1,2606,2607,2603,-1,2606,2603,2586,-1,2607,2608,2604,-1,2607,2604,2603,-1,2608,2609,2605,-1,2608,2605,2604,-1,2609,2610,2152,-1,2609,2152,2605,-1,2610,2163,2153,-1,2610,2153,2152,-1,1210,1211,2164,-1,2156,2153,2163,-1,1211,2156,2164,-1,2317,1304,2311,-1,2321,2317,2311,-1,2606,2319,2611,-1,2312,2320,2311,-1,2607,2611,2612,-1,2319,2606,2320,-1,2608,2612,2613,-1,2611,2607,2606,-1,2609,2613,2614,-1,2612,2608,2607,-1,2610,2614,2615,-1,2613,2609,2608,-1,2163,2615,2616,-1,2614,2610,2609,-1,2164,2616,2159,-1,2615,2163,2610,-1,2616,2164,2163,-1,2159,1210,2164,-1,2617,2618,2619,-1,2620,2621,2622,-1,2623,2624,2625,-1,2626,2627,2625,-1,2628,2629,2630,-1,2625,2631,2632,-1,2633,1187,1152,-1,2634,2628,2635,-1,2260,1299,1185,-1,2636,2637,2638,-1,2639,2640,2633,-1,2641,2642,2643,-1,2644,2641,2645,-1,2646,2647,2648,-1,2649,2650,2651,-1,2652,2653,2654,-1,2655,2656,2649,-1,2657,2654,2658,-1,2659,2647,2656,-1,2660,2661,2662,-1,2652,2663,2664,-1,2665,2666,2619,-1,2660,2667,2668,-1,2669,2670,2671,-1,2672,2669,2673,-1,2674,2675,2676,-1,2677,2674,2678,-1,2679,2680,2681,-1,2680,2682,2683,-1,2684,2685,2686,-1,2687,2688,2684,-1,2689,2690,2691,-1,2692,2689,2693,-1,2694,2695,2696,-1,2695,2697,2698,-1,2699,2700,2701,-1,2702,2703,2699,-1,2704,2705,2706,-1,2702,2701,2706,-1,2707,2708,2709,-1,2710,2704,2711,-1,2712,2713,2714,-1,2712,2715,2708,-1,2716,2717,2712,-1,2716,2708,2718,-1,1855,2719,2312,-1,2720,2612,2721,-1,2722,2611,2319,-1,2722,2721,2611,-1,2611,2721,2612,-1,2319,2719,2722,-1,2613,2720,2713,-1,2723,2724,2725,-1,2717,2614,2713,-1,2613,2612,2720,-1,2615,2726,2616,-1,2713,2614,2613,-1,2616,2727,2159,-1,2615,2717,2726,-1,2159,2728,1275,-1,2727,2616,2726,-1,2719,1855,1854,-1,2718,2707,2729,-1,2312,1303,1855,-1,2730,2707,2731,-1,2711,2729,2730,-1,2732,2705,2710,-1,2710,2730,2733,-1,2734,2735,2700,-1,2702,2705,2736,-1,2694,2735,2697,-1,2695,2737,2738,-1,2739,2697,2734,-1,2740,2734,2699,-1,2741,2693,2691,-1,2741,2696,2738,-1,2693,2738,2742,-1,2687,2686,2743,-1,2744,2743,2690,-1,2745,2682,2679,-1,2687,2744,2746,-1,2744,2689,2747,-1,2685,2748,2745,-1,2748,2684,2749,-1,2678,2676,2750,-1,2751,2750,2681,-1,2752,2682,2748,-1,2753,2678,2751,-1,2754,2751,2680,-1,2755,2675,2756,-1,2757,2758,2759,-1,2760,2756,2674,-1,2755,2673,2671,-1,2761,2665,2762,-1,2673,2756,2763,-1,2618,2764,2665,-1,2764,2670,2762,-1,2765,2762,2669,-1,2766,2617,2767,-1,2661,2668,2766,-1,2647,2768,2649,-1,2767,2769,2661,-1,2619,2770,2767,-1,2663,2771,2667,-1,2772,2663,2660,-1,2652,2657,2771,-1,2651,2643,2655,-1,2658,2648,2659,-1,2773,2648,2654,-1,2620,2642,2644,-1,2774,2621,2644,-1,2622,2775,2638,-1,2651,2776,2641,-1,2758,2775,2621,-1,2774,2777,2758,-1,2778,2757,2779,-1,2779,2780,2778,-1,2781,1791,2782,-1,2783,1795,2781,-1,2244,2250,2784,-1,2784,2785,2786,-1,2244,2786,1403,-1,1853,2787,1854,-1,2312,2719,2319,-1,2787,2719,1854,-1,2787,1853,2788,-1,1852,1851,2789,-1,2790,2714,2720,-1,2721,2791,2790,-1,2792,2727,2726,-1,2790,2720,2721,-1,2713,2720,2714,-1,2793,2728,2727,-1,2614,2717,2615,-1,2712,2717,2713,-1,2793,2727,2792,-1,2716,2792,2726,-1,2728,2794,1276,-1,1275,2728,1276,-1,2159,2727,2728,-1,2722,2787,2791,-1,2787,2722,2719,-1,2788,1852,2789,-1,2722,2791,2721,-1,2788,2795,2791,-1,2796,2715,2714,-1,2790,2795,2796,-1,2797,2793,2792,-1,2796,2714,2790,-1,2712,2714,2715,-1,2794,2793,2798,-1,2717,2716,2726,-1,2708,2716,2712,-1,2798,2793,2797,-1,2792,2718,2797,-1,2794,2799,1217,-1,1276,2794,1217,-1,2728,2793,2794,-1,2787,2788,2791,-1,1853,1852,2788,-1,2800,1840,1842,-1,2791,2795,2790,-1,1851,1850,2801,-1,2802,2709,2715,-1,2796,2795,2803,-1,2804,2798,2797,-1,2802,2715,2796,-1,2708,2715,2709,-1,2805,2799,2798,-1,2716,2718,2792,-1,2707,2718,2708,-1,2805,2798,2804,-1,2797,2729,2804,-1,2799,2806,1270,-1,1217,2799,1270,-1,2794,2798,2799,-1,2795,2789,2803,-1,2789,2795,2788,-1,2807,2801,1850,-1,2796,2803,2802,-1,2801,2808,2803,-1,2809,2731,2709,-1,2802,2808,2809,-1,2810,2805,2804,-1,2809,2709,2802,-1,2707,2709,2731,-1,2811,2806,2805,-1,2718,2729,2797,-1,2730,2729,2707,-1,2811,2805,2810,-1,2711,2810,2804,-1,2806,2812,1221,-1,1270,2806,1221,-1,2799,2805,2806,-1,2803,2789,2801,-1,1851,2801,2789,-1,2807,1849,2813,-1,2803,2808,2802,-1,2807,2814,2808,-1,2815,2733,2731,-1,2809,2814,2815,-1,2816,2811,2810,-1,2815,2731,2809,-1,2730,2731,2733,-1,2812,2811,2817,-1,2729,2711,2804,-1,2710,2711,2730,-1,2817,2811,2816,-1,2810,2704,2816,-1,2812,2818,1222,-1,1221,2812,1222,-1,2806,2811,2812,-1,2801,2807,2808,-1,1850,1849,2807,-1,1848,2819,2813,-1,2808,2814,2809,-1,2813,2820,2814,-1,2821,2732,2733,-1,2815,2814,2820,-1,2822,2817,2816,-1,2821,2733,2815,-1,2710,2733,2732,-1,2823,2818,2817,-1,2711,2704,2810,-1,2705,2704,2710,-1,2823,2817,2822,-1,2816,2706,2822,-1,2818,2824,1265,-1,1222,2818,1265,-1,2812,2817,2818,-1,2807,2813,2814,-1,1849,1848,2813,-1,2819,1847,2825,-1,2815,2820,2821,-1,2820,2819,2826,-1,2827,2736,2732,-1,2821,2820,2826,-1,2828,2823,2822,-1,2821,2827,2732,-1,2732,2736,2705,-1,2829,2824,2823,-1,2704,2706,2816,-1,2702,2706,2705,-1,2829,2823,2828,-1,2701,2828,2822,-1,2824,2830,1229,-1,1265,2824,1229,-1,2818,2823,2824,-1,2813,2819,2820,-1,1848,1847,2819,-1,2825,1846,2831,-1,2821,2826,2827,-1,2826,2825,2832,-1,2833,2703,2736,-1,2827,2826,2832,-1,2834,2829,2828,-1,2827,2833,2736,-1,2736,2703,2702,-1,2830,2829,2835,-1,2706,2701,2822,-1,2699,2701,2702,-1,2835,2829,2834,-1,2700,2834,2828,-1,2830,2836,1227,-1,1229,2830,1227,-1,2824,2829,2830,-1,2819,2825,2826,-1,1847,1846,2825,-1,2831,1845,2837,-1,2827,2832,2833,-1,2832,2831,2838,-1,2839,2740,2703,-1,2833,2832,2838,-1,2840,2835,2834,-1,2833,2839,2703,-1,2703,2740,2699,-1,2836,2835,2841,-1,2701,2700,2828,-1,2734,2700,2699,-1,2841,2835,2840,-1,2735,2840,2834,-1,2836,2842,1260,-1,1227,2836,1260,-1,2830,2835,2836,-1,2825,2831,2832,-1,1846,1845,2831,-1,2837,1843,2843,-1,2833,2838,2839,-1,2838,2837,2844,-1,2845,2739,2740,-1,2839,2838,2844,-1,2846,2841,2840,-1,2839,2845,2740,-1,2740,2739,2734,-1,2842,2841,2847,-1,2700,2735,2834,-1,2697,2735,2734,-1,2847,2841,2846,-1,2694,2846,2840,-1,2842,2848,1233,-1,1260,2842,1233,-1,2836,2841,2842,-1,2831,2837,2838,-1,1845,1843,2837,-1,2849,2843,1844,-1,2839,2844,2845,-1,2844,2843,2850,-1,2851,2698,2739,-1,2845,2850,2851,-1,2852,2847,2846,-1,2845,2851,2739,-1,2739,2698,2697,-1,2848,2847,2853,-1,2735,2694,2840,-1,2695,2694,2697,-1,2853,2847,2852,-1,2696,2852,2846,-1,2848,2854,1234,-1,1233,2848,1234,-1,2842,2847,2848,-1,2837,2843,2844,-1,1843,1844,2843,-1,1832,1835,2855,-1,2844,2850,2845,-1,2850,2849,2856,-1,2857,2737,2698,-1,2851,2856,2857,-1,2858,2853,2852,-1,2851,2857,2698,-1,2698,2737,2695,-1,2854,2853,2859,-1,2694,2696,2846,-1,2738,2696,2695,-1,2859,2853,2858,-1,2741,2858,2852,-1,2854,2860,1255,-1,1234,2854,1255,-1,2848,2853,2854,-1,2843,2849,2850,-1,1844,1840,2849,-1,2800,1842,2861,-1,2850,2856,2851,-1,2800,2862,2856,-1,2863,2742,2737,-1,2857,2862,2863,-1,2864,2859,2858,-1,2863,2737,2857,-1,2738,2737,2742,-1,2860,2859,2865,-1,2696,2741,2852,-1,2741,2738,2693,-1,2859,2860,2854,-1,2691,2864,2858,-1,2864,2865,2859,-1,1241,2860,2866,-1,2860,1241,1255,-1,2856,2849,2800,-1,1840,2800,2849,-1,1841,2867,2861,-1,2856,2862,2857,-1,2861,2868,2862,-1,2869,2692,2742,-1,2863,2862,2868,-1,2865,2864,2870,-1,2863,2869,2742,-1,2742,2692,2693,-1,2866,2865,2871,-1,2741,2691,2858,-1,2691,2693,2689,-1,2865,2870,2871,-1,2690,2870,2864,-1,2866,2872,1239,-1,1241,2866,1239,-1,2860,2865,2866,-1,2800,2861,2862,-1,1842,1841,2861,-1,2873,2867,1837,-1,2863,2868,2869,-1,2868,2867,2874,-1,2875,2747,2692,-1,2869,2874,2875,-1,2871,2870,2876,-1,2875,2692,2869,-1,2692,2747,2689,-1,2872,2871,2877,-1,2691,2690,2864,-1,2744,2690,2689,-1,2871,2876,2877,-1,2743,2876,2870,-1,2872,2878,1253,-1,1239,2872,1253,-1,2866,2871,2872,-1,2861,2867,2868,-1,1841,1837,2867,-1,1838,2879,2873,-1,2868,2874,2869,-1,2873,2880,2874,-1,2881,2746,2747,-1,2875,2874,2880,-1,2882,2877,2876,-1,2875,2881,2747,-1,2747,2746,2744,-1,2878,2877,2883,-1,2690,2743,2870,-1,2743,2744,2687,-1,2877,2882,2883,-1,2686,2882,2876,-1,2878,2884,1248,-1,1253,2878,1248,-1,2872,2877,2878,-1,2867,2873,2874,-1,1837,1838,2873,-1,2885,2879,1839,-1,2875,2880,2881,-1,2880,2879,2886,-1,2887,2688,2746,-1,2881,2886,2887,-1,2883,2882,2888,-1,2887,2746,2881,-1,2746,2688,2687,-1,2884,2883,2889,-1,2743,2686,2876,-1,2684,2686,2687,-1,2883,2888,2889,-1,2685,2888,2882,-1,2884,2890,1243,-1,1248,2884,1243,-1,2878,2883,2884,-1,2873,2879,2880,-1,1838,1839,2879,-1,1832,2855,2885,-1,2880,2886,2881,-1,2885,2891,2886,-1,2892,2749,2688,-1,2887,2886,2891,-1,2893,2889,2888,-1,2887,2892,2688,-1,2688,2749,2684,-1,2890,2889,2894,-1,2686,2685,2882,-1,2685,2684,2748,-1,2889,2893,2894,-1,2745,2893,2888,-1,2890,2895,1246,-1,1243,2890,1246,-1,2884,2889,2890,-1,2879,2885,2886,-1,1839,1832,2885,-1,2896,1834,1827,-1,2887,2891,2892,-1,2891,2855,2897,-1,2898,2752,2749,-1,2892,2897,2898,-1,2894,2893,2899,-1,2898,2749,2892,-1,2749,2752,2748,-1,2895,2894,2900,-1,2685,2745,2888,-1,2682,2745,2748,-1,2894,2899,2900,-1,2679,2899,2893,-1,2895,2901,1247,-1,1246,2895,1247,-1,2890,2894,2895,-1,2855,2891,2885,-1,1834,2902,1835,-1,1834,2896,2902,-1,2891,2897,2892,-1,2902,2903,2897,-1,2904,2683,2752,-1,2898,2897,2903,-1,2905,2900,2899,-1,2904,2752,2898,-1,2682,2752,2683,-1,2906,2901,2900,-1,2745,2679,2893,-1,2679,2682,2680,-1,2901,2895,2900,-1,2681,2905,2899,-1,2905,2906,2900,-1,1238,2901,2907,-1,2901,1238,1247,-1,2897,2855,2902,-1,1835,2902,2855,-1,1830,1829,2908,-1,2898,2903,2904,-1,1827,1830,2909,-1,2910,2754,2683,-1,2910,2904,2911,-1,2906,2905,2912,-1,2910,2683,2904,-1,2683,2754,2680,-1,2907,2906,2913,-1,2679,2681,2899,-1,2681,2680,2751,-1,2907,2914,1236,-1,2750,2912,2905,-1,2913,2906,2912,-1,1238,2907,1236,-1,2901,2906,2907,-1,2903,2896,2911,-1,2896,2903,2902,-1,2909,1830,2908,-1,2903,2911,2904,-1,2909,2915,2911,-1,2916,2753,2754,-1,2910,2911,2915,-1,2913,2912,2917,-1,2916,2754,2910,-1,2751,2754,2753,-1,2913,2918,2914,-1,2681,2750,2905,-1,2750,2751,2678,-1,2914,2907,2913,-1,2676,2917,2912,-1,2917,2918,2913,-1,1251,2914,2919,-1,2914,1251,1236,-1,2911,2896,2909,-1,1827,2909,2896,-1,1814,1817,2920,-1,2910,2915,2916,-1,1829,1819,2921,-1,2922,2677,2753,-1,2922,2916,2923,-1,2918,2917,2924,-1,2922,2753,2916,-1,2753,2677,2678,-1,2919,2918,2925,-1,2750,2676,2912,-1,2676,2678,2674,-1,2919,2926,1256,-1,2675,2924,2917,-1,2925,2918,2924,-1,1251,2919,1256,-1,2914,2918,2919,-1,2915,2908,2923,-1,2908,2915,2909,-1,2927,2921,1819,-1,2915,2923,2916,-1,2921,2928,2923,-1,2929,2760,2677,-1,2922,2928,2929,-1,2925,2924,2930,-1,2929,2677,2922,-1,2674,2677,2760,-1,2925,2931,2926,-1,2676,2675,2917,-1,2675,2674,2756,-1,2926,2919,2925,-1,2924,2755,2930,-1,2930,2931,2925,-1,1230,2926,2932,-1,2926,1230,1256,-1,2923,2908,2921,-1,1829,2921,2908,-1,2927,1822,2933,-1,2923,2928,2922,-1,2927,2724,2928,-1,2723,2763,2760,-1,2723,2929,2724,-1,2931,2930,2934,-1,2723,2760,2929,-1,2760,2763,2756,-1,2931,2935,2932,-1,2675,2755,2924,-1,2755,2756,2673,-1,2932,2936,1257,-1,2671,2934,2930,-1,2934,2935,2931,-1,1230,2932,1257,-1,2926,2931,2932,-1,2921,2927,2928,-1,1819,1822,2927,-1,2933,1824,2937,-1,2928,2724,2929,-1,2724,2933,2725,-1,2938,2672,2763,-1,2938,2723,2725,-1,2935,2934,2939,-1,2938,2763,2723,-1,2673,2763,2672,-1,2940,2936,2935,-1,2755,2671,2930,-1,2671,2673,2669,-1,1224,2936,2941,-1,2670,2939,2934,-1,2939,2940,2935,-1,1257,2936,1224,-1,2932,2935,2936,-1,2927,2933,2724,-1,1822,1824,2933,-1,1814,2920,2937,-1,2942,2943,2944,-1,2725,2937,2945,-1,2946,2765,2672,-1,2946,2938,2945,-1,2940,2939,2947,-1,2946,2672,2938,-1,2669,2672,2765,-1,2948,2941,2940,-1,2671,2670,2934,-1,2762,2670,2669,-1,2948,2940,2947,-1,2764,2947,2939,-1,2941,2949,1225,-1,1224,2941,1225,-1,2936,2940,2941,-1,2933,2937,2725,-1,1824,1814,2937,-1,1812,1811,2950,-1,2725,2945,2938,-1,1817,1816,2951,-1,2952,2761,2765,-1,2952,2946,2953,-1,2954,2948,2947,-1,2946,2952,2765,-1,2765,2761,2762,-1,2955,2949,2948,-1,2670,2764,2939,-1,2665,2764,2762,-1,2955,2948,2954,-1,2618,2954,2947,-1,2949,2956,1262,-1,1225,2949,1262,-1,2941,2948,2949,-1,2945,2920,2953,-1,2937,2920,2945,-1,2951,1816,2957,-1,2945,2953,2946,-1,2953,2951,2958,-1,2959,2666,2761,-1,2952,2953,2958,-1,2960,2955,2954,-1,2952,2959,2761,-1,2761,2666,2665,-1,2961,2956,2955,-1,2764,2618,2947,-1,2619,2618,2665,-1,1219,1262,2956,-1,2617,2960,2954,-1,2949,2955,2956,-1,2955,2960,2961,-1,1219,2956,2962,-1,2953,2920,2951,-1,1817,2951,2920,-1,2957,1810,2963,-1,2952,2958,2959,-1,2958,2957,2964,-1,2965,2770,2666,-1,2959,2958,2964,-1,2966,2961,2960,-1,2959,2965,2666,-1,2619,2666,2770,-1,2967,2962,2961,-1,2618,2617,2954,-1,2617,2619,2767,-1,2962,2968,1220,-1,2766,2966,2960,-1,2966,2967,2961,-1,1219,2962,1220,-1,2956,2961,2962,-1,2951,2957,2958,-1,1816,1810,2957,-1,2950,2963,1812,-1,2959,2964,2965,-1,2964,2963,2969,-1,2970,2769,2770,-1,2970,2965,2969,-1,2967,2966,2971,-1,2970,2770,2965,-1,2767,2770,2769,-1,2972,2968,2967,-1,2617,2766,2960,-1,2661,2766,2767,-1,2972,2967,2971,-1,2668,2971,2966,-1,2968,2973,1268,-1,1220,2968,1268,-1,2962,2967,2968,-1,2957,2963,2964,-1,1810,1812,2963,-1,2974,2950,1811,-1,2964,2969,2965,-1,1811,1805,2974,-1,2975,2662,2769,-1,2975,2970,2976,-1,2977,2972,2971,-1,2970,2975,2769,-1,2769,2662,2661,-1,2978,2973,2972,-1,2766,2668,2966,-1,2660,2668,2661,-1,2978,2972,2977,-1,2667,2977,2971,-1,2973,2979,1213,-1,1268,2973,1213,-1,2968,2972,2973,-1,2969,2950,2976,-1,2963,2950,2969,-1,2980,1807,1802,-1,2969,2976,2970,-1,1805,1806,2981,-1,2982,2772,2662,-1,2982,2975,2983,-1,2984,2978,2977,-1,2975,2982,2662,-1,2662,2772,2660,-1,2985,2979,2978,-1,2668,2667,2971,-1,2663,2667,2660,-1,1214,1213,2979,-1,2771,2984,2977,-1,2973,2978,2979,-1,2978,2984,2985,-1,1214,2979,2986,-1,2976,2974,2983,-1,2950,2974,2976,-1,2981,1806,2987,-1,2976,2983,2975,-1,2983,2981,2988,-1,2989,2664,2772,-1,2982,2983,2988,-1,2990,2985,2984,-1,2982,2989,2772,-1,2663,2772,2664,-1,2985,2991,2986,-1,2667,2771,2977,-1,2771,2663,2652,-1,1214,2986,1273,-1,2657,2990,2984,-1,2979,2985,2986,-1,2985,2990,2991,-1,1273,2986,2992,-1,2983,2974,2981,-1,1805,2981,2974,-1,2980,2987,1807,-1,2982,2988,2989,-1,2988,2987,2993,-1,2994,2653,2664,-1,2994,2989,2993,-1,2991,2990,2995,-1,2994,2664,2989,-1,2652,2664,2653,-1,2996,2992,2991,-1,2771,2657,2984,-1,2657,2652,2654,-1,2992,2997,1209,-1,2658,2995,2990,-1,2995,2996,2991,-1,1273,2992,1209,-1,2986,2991,2992,-1,2981,2987,2988,-1,1806,1807,2987,-1,2998,2980,1802,-1,2988,2993,2989,-1,1802,1804,2998,-1,2999,2773,2653,-1,2999,2994,3000,-1,2996,2995,3001,-1,2999,2653,2994,-1,2654,2653,2773,-1,2996,3002,2997,-1,2657,2658,2990,-1,2648,2658,2654,-1,3002,2996,3001,-1,2659,3001,2995,-1,2997,3003,1207,-1,1209,2997,1207,-1,2992,2996,2997,-1,2993,2980,3000,-1,2987,2980,2993,-1,1801,1800,3004,-1,2993,3000,2994,-1,1804,1803,3005,-1,3006,2646,2773,-1,3006,2999,3007,-1,3008,3002,3001,-1,2999,3006,2773,-1,2773,2646,2648,-1,3009,3003,3002,-1,2658,2659,2995,-1,2647,2659,2648,-1,1279,1207,3003,-1,2656,3008,3001,-1,2997,3002,3003,-1,3002,3008,3009,-1,1279,3003,3010,-1,3000,2998,3007,-1,2980,2998,3000,-1,3005,1803,3011,-1,3000,3007,2999,-1,3007,3005,2944,-1,2943,2768,2646,-1,3006,3007,2944,-1,3012,3009,3008,-1,3006,2943,2646,-1,2647,2646,2768,-1,3009,3013,3010,-1,2659,2656,3001,-1,2656,2647,2649,-1,1279,3010,1277,-1,2655,3012,3008,-1,3003,3009,3010,-1,3009,3012,3013,-1,1277,3010,3014,-1,3007,2998,3005,-1,1804,3005,2998,-1,3011,1799,3015,-1,3006,2944,2943,-1,2944,3011,2942,-1,3016,2650,2768,-1,3016,2943,2942,-1,3013,3012,3017,-1,3016,2768,2943,-1,2649,2768,2650,-1,3018,3014,3013,-1,2656,2655,3008,-1,2655,2649,2651,-1,3014,3019,1206,-1,2643,3017,3012,-1,3017,3018,3013,-1,1277,3014,1206,-1,3010,3013,3014,-1,3005,3011,2944,-1,1803,1799,3011,-1,1801,3004,3015,-1,2782,1791,1792,-1,2942,3015,3020,-1,3021,2776,2650,-1,3021,3016,3020,-1,3018,3017,3022,-1,3021,2650,3016,-1,2651,2650,2776,-1,3023,3019,3018,-1,2655,2643,3012,-1,2641,2643,2651,-1,3023,3018,3022,-1,2642,3022,3017,-1,3019,3024,1281,-1,1206,3019,1281,-1,3014,3018,3019,-1,3011,3015,2942,-1,1799,1801,3015,-1,1798,1793,3025,-1,2942,3020,3016,-1,1800,1796,3026,-1,3027,2645,2776,-1,3027,3021,3028,-1,3029,3023,3022,-1,3021,3027,2776,-1,2776,2645,2641,-1,3030,3024,3023,-1,2643,2642,3017,-1,2644,2642,2641,-1,3030,3023,3029,-1,2620,3029,3022,-1,3024,3031,1202,-1,1281,3024,1202,-1,3019,3023,3024,-1,3020,3004,3028,-1,3015,3004,3020,-1,3026,1796,3032,-1,3020,3028,3021,-1,3028,3026,3033,-1,3034,2774,2645,-1,3027,3028,3033,-1,3035,3030,3029,-1,3027,3034,2645,-1,2645,2774,2644,-1,3036,3031,3030,-1,2642,2620,3022,-1,2621,2620,2644,-1,1203,1202,3031,-1,2622,3035,3029,-1,3024,3030,3031,-1,3030,3035,3036,-1,1203,3031,3037,-1,3028,3004,3026,-1,1800,3026,3004,-1,3032,1797,3038,-1,3027,3033,3034,-1,3033,3032,3039,-1,3040,2636,2778,-1,3034,3033,3039,-1,3041,3036,3035,-1,2777,2774,3034,-1,2774,2758,2621,-1,3042,3037,3036,-1,2620,2622,3029,-1,2622,2621,2775,-1,3037,3043,1285,-1,2638,3041,3035,-1,3041,3042,3036,-1,1203,3037,1285,-1,3031,3036,3037,-1,3026,3032,3033,-1,1796,1797,3032,-1,3025,3038,1798,-1,3034,3039,2777,-1,3044,3039,3038,-1,2775,2757,2636,-1,2759,2777,3044,-1,3042,3041,2624,-1,2759,2758,2777,-1,2757,2775,2758,-1,2623,3043,3042,-1,2622,2638,3035,-1,2636,2638,2775,-1,2623,3042,2624,-1,2637,2624,3041,-1,3043,3045,1198,-1,1285,3043,1198,-1,3037,3042,3043,-1,3032,3038,3039,-1,1797,1798,3038,-1,3046,3025,1793,-1,3039,3044,2777,-1,1794,3046,1793,-1,2637,3040,2626,-1,2759,3047,2779,-1,3048,3040,3049,-1,2759,2779,2757,-1,2757,2778,2636,-1,2632,3045,2623,-1,2638,2637,3041,-1,2637,2636,3040,-1,2632,2623,2625,-1,2626,2625,2624,-1,3045,3050,1196,-1,1198,3045,1196,-1,3043,2623,3045,-1,3044,3025,3047,-1,3038,3025,3044,-1,3051,3052,3053,-1,3044,3047,2759,-1,1795,2783,1794,-1,3040,2778,3049,-1,3054,2780,2779,-1,2626,3040,3048,-1,2780,3049,2778,-1,3055,3056,2631,-1,3056,3050,2632,-1,2637,2626,2624,-1,2626,3048,2627,-1,1288,1196,3050,-1,2627,2631,2625,-1,3045,2632,3050,-1,2632,2631,3056,-1,1288,3050,3057,-1,3047,3046,3054,-1,3025,3046,3047,-1,2780,3058,3049,-1,3047,3054,2779,-1,3059,3054,2783,-1,3049,3060,3048,-1,3059,3058,2780,-1,3048,3061,2627,-1,3058,3060,3049,-1,2627,3062,2631,-1,3061,3048,3060,-1,3056,2634,3057,-1,3062,2627,3061,-1,1288,3057,1289,-1,3055,2631,3062,-1,3050,3056,3057,-1,3056,3055,2634,-1,1289,3057,2635,-1,3054,3046,2783,-1,1794,2783,3046,-1,3058,3053,3060,-1,3054,3059,2780,-1,2781,3063,3059,-1,3060,3052,3061,-1,3063,3053,3058,-1,3061,3064,3062,-1,3053,3052,3060,-1,3062,3065,3055,-1,3052,3064,3061,-1,3066,2634,3055,-1,3062,3064,3065,-1,2635,3067,1292,-1,3055,3065,3066,-1,3066,2628,2634,-1,1289,2635,1292,-1,3057,2634,2635,-1,2783,2781,3059,-1,1795,1791,2781,-1,3068,3064,3052,-1,3059,3063,3058,-1,2782,2785,3063,-1,3069,3065,3064,-1,2785,3051,3053,-1,3070,3066,3065,-1,3051,3068,3052,-1,2629,2628,3066,-1,3068,3069,3064,-1,2630,3067,2628,-1,3069,3070,3065,-1,3067,2630,2633,-1,3070,2629,3066,-1,3067,2633,1152,-1,1292,3067,1152,-1,2635,2628,3067,-1,2781,2782,3063,-1,1403,2786,1792,-1,2784,3071,3051,-1,3063,2785,3053,-1,2784,3051,2785,-1,3071,3072,3068,-1,3071,3068,3051,-1,3072,3073,3069,-1,3072,3069,3068,-1,3073,3074,3070,-1,3073,3070,3069,-1,3074,3075,2629,-1,3074,2629,3070,-1,3075,2639,2630,-1,3075,2630,2629,-1,1185,1187,2640,-1,2633,2630,2639,-1,1187,2633,2640,-1,2782,1792,2786,-1,2785,2782,2786,-1,3071,2250,2249,-1,2244,2784,2786,-1,3072,2249,2246,-1,2250,3071,2784,-1,3073,2246,2251,-1,2249,3072,3071,-1,3074,2251,2255,-1,2246,3073,3072,-1,3075,2255,2256,-1,2251,3074,3073,-1,2639,2256,2258,-1,2255,3075,3074,-1,2640,2258,2260,-1,2256,2639,3075,-1,2258,2640,2639,-1,2260,1185,2640,-1,3076,3077,3078,-1,3079,3080,3081,-1,3079,3081,3082,-1,3077,3076,3080,-1,3080,3083,3077,-1,3084,3085,3083,-1,3086,3087,3088,-1,3088,3089,3084,-1,3090,3091,3092,-1,3093,3092,3094,-1,3095,3096,3097,-1,3090,3097,3096,-1,3095,3098,3099,-1,3098,3095,3097,-1,3091,3090,3096,-1,3086,3093,3094,-1,3091,3094,3092,-1,3088,3087,3089,-1,3088,3093,3086,-1,3083,3085,3077,-1,3085,3084,3089,-1,3083,3080,3079,-1,3100,3101,3102,-1,3101,3100,3103,-1,3102,3101,3104,-1,3100,3105,3103,-1,3102,3104,3106,-1,3107,3108,3109,-1,3110,3111,3108,-1,3108,3107,3110,-1,3112,3113,3111,-1,3110,3114,3111,-1,3111,3114,3112,-1,3115,3113,3112,-1,3114,3116,3117,-1,3114,3117,3112,-1,3118,3117,3116,-1,3118,3119,3120,-1,3120,3117,3118,-1,3121,3120,3122,-1,3119,3122,3120,-1,3123,3121,3122,-1,3124,3125,3126,-1,3123,3124,3126,-1,3121,3123,3126,-1,3127,3128,3129,-1,3130,3131,3132,-1,3130,3132,3133,-1,3128,3127,3131,-1,3131,3134,3128,-1,3135,3136,3134,-1,3137,3138,3139,-1,3139,3140,3135,-1,3141,3142,3143,-1,3144,3143,3145,-1,3146,3147,3148,-1,3141,3148,3147,-1,3146,3149,3150,-1,3149,3146,3148,-1,3142,3141,3147,-1,3137,3144,3145,-1,3142,3145,3143,-1,3139,3138,3140,-1,3139,3144,3137,-1,3134,3136,3128,-1,3136,3135,3140,-1,3134,3131,3130,-1,3151,3152,3153,-1,3152,3151,3154,-1,3153,3152,3155,-1,3151,3156,3154,-1,3153,3155,3157,-1,3158,3159,3160,-1,3161,3162,3163,-1,3164,3162,3165,-1,3162,3164,3166,-1,3165,3162,3161,-1,3167,3168,3169,-1,3158,3162,3170,-1,3171,3172,3173,-1,3174,3173,3172,-1,3175,3173,3176,-1,3174,3176,3173,-1,3175,3169,3173,-1,3177,3168,3167,-1,3168,3173,3169,-1,3160,3159,3177,-1,3177,3167,3160,-1,3162,3166,3170,-1,3170,3159,3158,-1,
        ]
    }
}
Shape{
    appearance Appearance {
        material  Material 	{
            diffuseColor 1.0 1.0 1.0
            specularColor 0.7529411764705882 0.7529411764705882 0.7529411764705882
            ambientIntensity 1.0
            transparency 1.0
            shininess 0.5
        }
    }
    geometry IndexedFaceSet {
        ccw TRUE
        solid FALSE
        coord DEF co Coordinate {
            point [
                0.7239 1.1811 1.5183, 0.6762 1.1811 1.5043, 0.6761 1.1811 1.518, 0.7387 1.1811 1.6248, 0.7232 1.1811 1.6247, 0.7395 1.1811 1.5047, 0.643 1.1811 1.5285, 0.6509 1.1811 1.5139, 0.6455 1.1811 1.51, 0.6335 1.1811 1.5045, 0.6269 1.1811 1.5029, 0.6242 1.1811 1.5171, 0.6204 1.1811 1.5021, 0.6136 1.1811 1.5018, 0.6123 1.1811 1.5156, 0.6009 1.1811 1.5164, 0.6068 1.1811 1.502, 0.6003 1.1811 1.5027, 0.5905 1.1811 1.519, 0.5937 1.1811 1.504, 0.5873 1.1811 1.5059, 0.5813 1.1811 1.5086, 0.5812 1.1811 1.5234, 0.6396 1.1811 1.5069, 0.6344 1.1811 1.5214, 0.6334 1.1811 1.6217, 0.6214 1.1811 1.6105, 0.6217 1.1811 1.6249, 0.6557 1.1811 1.5185, 0.6495 1.1811 1.538, 0.6531 1.1811 1.5769, 0.6697 1.1811 1.5758, 0.6546 1.1811 1.5628, 0.67 1.1811 1.5492, 0.6672 1.1811 1.5376, 0.6534 1.1811 1.5494, 0.6663 1.1811 1.5882, 0.6488 1.1811 1.5889, 0.6417 1.1811 1.5988, 0.6532 1.1811 1.6086, 0.6608 1.1811 1.5991, 0.6324 1.1811 1.6062, 0.6439 1.1811 1.6162, 0.5941 1.1811 1.6101, 0.5932 1.1811 1.6246, 0.6089 1.1811 1.6119, 0.6089 1.1811 1.6259, 0.5805 1.1811 1.6208, 0.5806 1.1811 1.6046, 0.6708 1.1811 1.562, 0.6624 1.1811 1.5274, 0.4947 1.1811 1.6093, 0.4946 1.1811 1.6231, 0.541 1.1811 1.6096, 0.5564 1.1811 1.6235, 0.5413 1.1811 1.5712, 0.5414 1.1811 1.5574, 0.4984 1.1811 1.5709, 0.4985 1.1811 1.5571, 0.5573 1.1811 1.5034, 0.4927 1.1811 1.503, 0.5417 1.1811 1.517, 0.4926 1.1811 1.5167, 0.4127 1.1811 1.6046, 0.402 1.1811 1.6151, 0.409 1.1811 1.6182, 0.373 1.1811 1.5505, 0.3881 1.1811 1.5634, 0.3896 1.1811 1.5495, 0.3956 1.1811 1.6112, 0.4066 1.1811 1.6014, 0.401 1.1811 1.5973, 0.3895 1.1811 1.5772, 0.3728 1.1811 1.5764, 0.3762 1.1811 1.5877, 0.3718 1.1811 1.5637, 0.3938 1.1811 1.5885, 0.3896 1.1811 1.6064, 0.4162 1.1811 1.6204, 0.4192 1.1811 1.6068, 0.394 1.1811 1.5379, 0.3822 1.1811 1.5281, 0.3765 1.1811 1.5386, 0.4236 1.1811 1.6219, 0.4311 1.1811 1.6226, 0.426 1.1811 1.6082, 0.3902 1.1811 1.5191, 0.4012 1.1811 1.5285, 0.3962 1.1811 1.5143, 0.4388 1.1811 1.6227, 0.4329 1.1811 1.6088, 0.4399 1.1811 1.6089, 0.4114 1.1811 1.5214, 0.4171 1.1811 1.5191, 0.4096 1.1811 1.5071, 0.4464 1.1811 1.6228, 0.4168 1.1811 1.5049, 0.4468 1.1811 1.6089, 0.4232 1.1811 1.5175, 0.4292 1.1811 1.5166, 0.4243 1.1811 1.5034, 0.4538 1.1811 1.609, 0.4472 1.1811 1.5027, 0.4396 1.1811 1.5026, 0.4419 1.1811 1.5163, 0.454 1.1811 1.6228, 0.4616 1.1811 1.6229, 0.4482 1.1811 1.5164, 0.4544 1.1811 1.5164, 0.4548 1.1811 1.5027, 0.4692 1.1811 1.6229, 0.47 1.1811 1.5028, 0.4356 1.1811 1.5163, 0.4318 1.1811 1.5027, 0.406 1.1811 1.5246, 0.4026 1.1811 1.5103, 0.3818 1.1811 1.5978, 0.4624 1.1811 1.5028, 0.2867 1.1811 1.5344, 0.2746 1.1811 1.5014, 0.2575 1.1811 1.5013, 0.3024 1.1811 1.6217, 0.2913 1.1811 1.548, 0.3367 1.1811 1.5347, 0.3656 1.1811 1.5021, 0.3484 1.1811 1.502, 0.319 1.1811 1.6219, 0.3246 1.1811 1.5676, 0.3113 1.1811 1.6064, 0.3175 1.1811 1.5869, 0.3051 1.1811 1.5868, 0.2982 1.1811 1.5674, 0.3317 1.1811 1.5483, 0.6781 1.1811 1.4339, 0.7246 1.1811 1.4204, 0.6782 1.1811 1.42, 0.74 1.1811 1.4343, 0.7249 1.1811 1.3819, 0.725 1.1811 1.3682, 0.682 1.1811 1.3679, 0.6819 1.1811 1.3816, 0.7409 1.1811 1.3142, 0.6763 1.1811 1.3137, 0.7253 1.1811 1.3278, 0.6762 1.1811 1.3274, 0.6233 1.1811 1.4011, 0.6248 1.1811 1.3889, 0.6172 1.1811 1.3875, 0.6439 1.1811 1.3977, 0.6529 1.1811 1.3933, 0.6442 1.1811 1.3844, 0.653 1.1811 1.3787, 0.6348 1.1811 1.3878, 0.6079 1.1811 1.3265, 0.6083 1.1811 1.3425, 0.6095 1.1811 1.3383, 0.6341 1.1811 1.4003, 0.5974 1.1811 1.3892, 0.6035 1.1811 1.3958, 0.6118 1.1811 1.3836, 0.6076 1.1811 1.3678, 0.5937 1.1811 1.3801, 0.6086 1.1811 1.377, 0.6136 1.1811 1.3555, 0.6077 1.1811 1.3563, 0.6609 1.1811 1.3295, 0.6464 1.1811 1.3377, 0.6617 1.1811 1.3366, 0.6454 1.1811 1.3321, 0.6585 1.1811 1.3234, 0.6545 1.1811 1.3183, 0.649 1.1811 1.3145, 0.6421 1.1811 1.3277, 0.6454 1.1811 1.3439, 0.6605 1.1811 1.3454, 0.6424 1.1811 1.3122, 0.6347 1.1811 1.3114, 0.6371 1.1811 1.3247, 0.6307 1.1811 1.3237, 0.624 1.1811 1.313, 0.6216 1.1811 1.3254, 0.6417 1.1811 1.3626, 0.6424 1.1811 1.3486, 0.6373 1.1811 1.3516, 0.6152 1.1811 1.3181, 0.6143 1.1811 1.3306, 0.608 1.1811 1.3133, 0.5929 1.1811 1.3131, 0.633 1.1811 1.3644, 0.6318 1.1811 1.3531, 0.6077 1.1811 1.3518, 0.6078 1.1811 1.3472, 0.5926 1.1811 1.3683, 0.6122 1.1811 1.3997, 0.6498 1.1811 1.3591, 0.6565 1.1811 1.3533, 0.6255 1.1811 1.354, 0.6196 1.1811 1.3548, 0.6115 1.1811 1.3342, 0.5337 1.1811 1.3428, 0.5308 1.1811 1.3391, 0.5252 1.1811 1.3549, 0.5643 1.1811 1.3267, 0.5668 1.1811 1.3136, 0.5614 1.1811 1.3255, 0.5553 1.1811 1.3238, 0.5607 1.1811 1.312, 0.5546 1.1811 1.3111, 0.5584 1.1811 1.3246, 0.5522 1.1811 1.3234, 0.5481 1.1811 1.3108, 0.5491 1.1811 1.3231, 0.5457 1.1811 1.3231, 0.5418 1.1811 1.3112, 0.5425 1.1811 1.3233, 0.5396 1.1811 1.3238, 0.5356 1.1811 1.3124, 0.5338 1.1811 1.3263, 0.5365 1.1811 1.3248, 0.5243 1.1811 1.3175, 0.5316 1.1811 1.3286, 0.5297 1.1811 1.3144, 0.5156 1.1811 1.3286, 0.5299 1.1811 1.3346, 0.5189 1.1811 1.3225, 0.5303 1.1811 1.3313, 0.5157 1.1811 1.3437, 0.5145 1.1811 1.3359, 0.5291 1.1811 1.3997, 0.5348 1.1811 1.4004, 0.5285 1.1811 1.3867, 0.5466 1.1811 1.3876, 0.54 1.1811 1.3883, 0.5463 1.1811 1.4, 0.5407 1.1811 1.4005, 0.572 1.1811 1.3756, 0.5565 1.1811 1.3769, 0.5709 1.1811 1.3827, 0.5676 1.1811 1.3888, 0.5553 1.1811 1.3815, 0.5623 1.1811 1.3939, 0.5573 1.1811 1.3967, 0.552 1.1811 1.3987, 0.5519 1.1811 1.3852, 0.5633 1.1811 1.3578, 0.5578 1.1811 1.3544, 0.5557 1.1811 1.3723, 0.5235 1.1811 1.3985, 0.5182 1.1811 1.3819, 0.5395 1.1811 1.3617, 0.5393 1.1811 1.3462, 0.5318 1.1811 1.3585, 0.5181 1.1811 1.3966, 0.5194 1.1811 1.3501, 0.5466 1.1811 1.3649, 0.5454 1.1811 1.3488, 0.5533 1.1811 1.3689, 0.5517 1.1811 1.3515, 0.571 1.1811 1.3683, 0.5678 1.1811 1.362, 0.5671 1.1811 1.3281, 0.5725 1.1811 1.316, 0.5698 1.1811 1.3297, 0.5724 1.1811 1.3315, 0.4635 1.1811 1.2993, 0.4731 1.1811 1.3125, 0.4683 1.1811 1.2894, 0.4238 1.1811 1.3977, 0.4394 1.1811 1.3978, 0.4482 1.1811 1.3741, 0.4656 1.1811 1.3265, 0.457 1.1811 1.3504, 0.4813 1.1811 1.3744, 0.5062 1.1811 1.3983, 0.4732 1.1811 1.3505, 0.4748 1.1811 1.2806, 0.4799 1.1811 1.2969, 0.4839 1.1811 1.2902, 0.4894 1.1811 1.3982, 0.4954 1.1811 1.2849, 0.4995 1.1811 1.2724, 0.4943 1.1811 1.272, 0.4891 1.1811 1.2862, 0.4836 1.1811 1.2743, 0.4996 1.1811 1.2854, 0.504 1.1811 1.2733, 0.5039 1.1811 1.2867, 0.3456 1.1811 1.4177, 0.3455 1.1811 1.4315, 0.392 1.1811 1.418, 0.4074 1.1811 1.4319, 0.3923 1.1811 1.3796, 0.3924 1.1811 1.3658, 0.3493 1.1811 1.3793, 0.3494 1.1811 1.3655, 0.4082 1.1811 1.3118, 0.3437 1.1811 1.3114, 0.3926 1.1811 1.3254, 0.3436 1.1811 1.3251, 0.2637 1.1811 1.413, 0.253 1.1811 1.4235, 0.2599 1.1811 1.4266, 0.224 1.1811 1.3589, 0.2391 1.1811 1.3718, 0.2406 1.1811 1.3579, 0.2465 1.1811 1.4196, 0.2575 1.1811 1.4098, 0.252 1.1811 1.4057, 0.2404 1.1811 1.3856, 0.2238 1.1811 1.3848, 0.2271 1.1811 1.3961, 0.2227 1.1811 1.3721, 0.2447 1.1811 1.3969, 0.2406 1.1811 1.4149, 0.2671 1.1811 1.4288, 0.2702 1.1811 1.4152, 0.2449 1.1811 1.3463, 0.2332 1.1811 1.3365, 0.2275 1.1811 1.347, 0.2746 1.1811 1.4303, 0.2821 1.1811 1.431, 0.2769 1.1811 1.4166, 0.2412 1.1811 1.3275, 0.2521 1.1811 1.337, 0.2471 1.1811 1.3227, 0.2898 1.1811 1.4311, 0.2838 1.1811 1.4172, 0.2909 1.1811 1.4173, 0.2623 1.1811 1.3298, 0.268 1.1811 1.3275, 0.2605 1.1811 1.3155, 0.2974 1.1811 1.4312, 0.2677 1.1811 1.3133, 0.2978 1.1811 1.4173, 0.2742 1.1811 1.3259, 0.2802 1.1811 1.325, 0.2753 1.1811 1.3118, 0.3047 1.1811 1.4174, 0.2981 1.1811 1.3111, 0.2905 1.1811 1.311, 0.2929 1.1811 1.3247, 0.3049 1.1811 1.4312, 0.3125 1.1811 1.4313, 0.2991 1.1811 1.3248, 0.3054 1.1811 1.3248, 0.3057 1.1811 1.3111, 0.3201 1.1811 1.4313, 0.321 1.1811 1.3112, 0.2866 1.1811 1.3247, 0.2827 1.1811 1.3111, 0.2569 1.1811 1.333, 0.2536 1.1811 1.3187, 0.2327 1.1811 1.4062, 0.3133 1.1811 1.3112, 0.1376 1.1811 1.3428, 0.1256 1.1811 1.3098, 0.1085 1.1811 1.3097, 0.1533 1.1811 1.4301, 0.1423 1.1811 1.3564, 0.1876 1.1811 1.3431, 0.2165 1.1811 1.3105, 0.1994 1.1811 1.3104, 0.1699 1.1811 1.4303, 0.1755 1.1811 1.376, 0.1623 1.1811 1.4149, 0.1684 1.1811 1.3953, 0.1561 1.1811 1.3952, 0.1492 1.1811 1.3758, 0.1826 1.1811 1.3567, 0.9917 1.1811 1.3677, 1.0124 1.1811 1.3635, 1.0182 1.1811 1.3578, 0.9989 1.1811 1.3156, 0.9485 1.1811 1.3153, 1.0235 1.1811 1.3423, 1.0223 1.1811 1.3343, 1.0052 1.1811 1.3672, 0.9968 1.1811 1.3685, 1.0188 1.1811 1.3273, 1.0135 1.1811 1.3215, 1.0067 1.1811 1.3174, 1.0221 1.1811 1.3506, 1.3563 1.1811 1.5348, 1.3143 1.1811 1.503, 1.3037 1.1811 1.5156, 1.1201 1.1811 1.3123, 1.1725 1.1811 1.3256, 1.1281 1.1811 1.2979, 0.9309 1.1811 1.318, 0.9533 1.1811 1.3674, 1.1996 1.1811 1.3119, 1.2174 1.1811 1.2627, 1.1991 1.1811 1.2607, 0.8976 1.1811 1.4055, 0.8504 1.1811 1.3825, 0.8438 1.1811 1.399, 0.9388 1.1811 1.3699, 1.1829 1.1811 1.4309, 1.1979 1.1811 1.4323, 1.1991 1.1811 1.3785, 0.9143 1.1811 1.3834, 0.8593 1.1811 1.3671, 0.9048 1.1811 1.3935, 1.2158 1.1811 1.4305, 1.2324 1.1811 1.4252, 1.1558 1.1811 1.4209, 1.1888 1.1811 1.3768, 1.1441 1.1811 1.4128, 1.1341 1.1811 1.4028, 1.1797 1.1811 1.3721, 1.1725 1.1811 1.3649, 0.893 1.1811 1.419, 0.8398 1.1811 1.4163, 0.8913 1.1811 1.4335, 0.8706 1.1811 1.3531, 0.9257 1.1811 1.3754, 0.8837 1.1811 1.3409, 0.9141 1.1811 1.3232, 0.8983 1.1811 1.3309, 0.8384 1.1811 1.434, 0.893 1.1811 1.4488, 0.8401 1.1811 1.4529, 0.8744 1.1811 1.5175, 0.9159 1.1811 1.4857, 0.8622 1.1811 1.5036, 0.8523 1.1811 1.488, 0.8979 1.1811 1.4629, 0.8448 1.1811 1.471, 0.9533 1.1811 1.5993, 0.9962 1.1811 1.57, 0.9408 1.1811 1.5829, 0.9422 1.1811 1.4988, 0.9046 1.1811 1.5392, 0.9221 1.1811 1.5465, 0.9748 1.1811 1.5383, 0.9303 1.1811 1.5653, 0.9843 1.1811 1.5551, 0.9574 1.1811 1.5006, 0.968 1.1811 1.5201, 0.9643 1.1811 1.5007, 1.0104 1.1811 1.5829, 0.9678 1.1811 1.6143, 0.9881 1.1811 1.6299, 1.0264 1.1811 1.5935, 1.0102 1.1811 1.6424, 1.044 1.1811 1.6014, 1.0336 1.1811 1.6516, 1.0836 1.1811 1.6595, 1.0831 1.1811 1.6083, 1.0582 1.1811 1.6574, 1.063 1.1811 1.6064, 1.1676 1.1811 1.6385, 1.1863 1.1811 1.6269, 1.1387 1.1811 1.5953, 1.1058 1.1811 1.6582, 1.1273 1.1811 1.6542, 1.1028 1.1811 1.6068, 1.148 1.1811 1.6476, 1.1214 1.1811 1.6024, 1.3169 1.1811 1.5711, 1.2765 1.1811 1.5337, 1.3076 1.1811 1.5763, 1.2774 1.1811 1.5875, 1.2878 1.1811 1.5846, 1.2604 1.1811 1.5386, 1.2978 1.1811 1.5808, 1.291 1.1811 1.5259, 1.3258 1.1811 1.5651, 1.2272 1.1811 1.5385, 1.2119 1.1811 1.5339, 1.1906 1.1811 1.5443, 1.1807 1.1811 1.56, 1.1687 1.1811 1.427, 1.2432 1.1811 1.5402, 1.2669 1.1811 1.5897, 1.1981 1.1811 1.5271, 1.3342 1.1811 1.5585, 1.3422 1.1811 1.5512, 1.3223 1.1811 1.4885, 1.3677 1.1811 1.5166, 1.376 1.1811 1.4968, 1.383 1.1811 1.4541, 1.3293 1.1811 1.4554, 1.3812 1.1811 1.4759, 1.3274 1.1811 1.4726, 1.3817 1.1811 1.4338, 1.3774 1.1811 1.4139, 1.3276 1.1811 1.4384, 1.3702 1.1811 1.3949, 1.3228 1.1811 1.4225, 1.3478 1.1811 1.3608, 1.2927 1.1811 1.3848, 1.305 1.1811 1.3954, 1.3603 1.1811 1.3771, 1.3152 1.1811 1.4081, 1.2263 1.1811 1.3256, 1.2798 1.1811 1.3193, 1.2727 1.1811 1.3031, 1.2786 1.1811 1.3765, 1.299 1.1811 1.3259, 1.2343 1.1811 1.2684, 1.2099 1.1811 1.3136, 1.2495 1.1811 1.2773, 1.1513 1.1811 1.275, 1.1386 1.1811 1.2853, 1.1889 1.1811 1.3136, 1.1677 1.1811 1.3557, 1.1131 1.1811 1.354, 1.1661 1.1811 1.345, 0.9931 1.1811 1.4163, 1.0192 1.1811 1.4618, 1.2474 1.1811 1.4166, 1.2095 1.1811 1.3769, 1.115 1.1811 1.3283, 1.1678 1.1811 1.3346, 1.2624 1.1811 1.289, 1.219 1.1811 1.3184, 1.1819 1.1811 1.2623, 1.1659 1.1811 1.2672, 1.2309 1.1811 1.3561, 1.226 1.1811 1.3652, 1.2709 1.1811 1.3919, 1.2187 1.1811 1.3723, 1.2604 1.1811 1.4054, 1.3167 1.1811 1.3349, 1.3331 1.1811 1.3466, 1.2563 1.1811 1.591, 1.2348 1.1811 1.5909, 1.2455 1.1811 1.5915, 1.2241 1.1811 1.5896, 1.1545 1.1811 1.5857, 1.2001 1.1811 1.616, 1.2126 1.1811 1.6035, 1.1686 1.1811 1.5738, 0.9282 1.1811 1.4936, 0.8886 1.1811 1.5295, 0.9057 1.1811 1.4753, 1.1797 1.1811 1.3183, 1.2327 1.1811 1.3455, 1.231 1.1811 1.3348, 1.1131 1.1811 1.3455
            ]
        }
        coordIndex [
            0,1,2,-1,3,0,4,-1,1,0,5,-1,3,5,0,-1,6,7,8,-1,9,10,11,-1,12,13,14,-1,11,12,14,-1,15,16,17,-1,14,16,15,-1,18,19,20,-1,17,19,15,-1,21,18,20,-1,22,18,21,-1,15,19,18,-1,23,24,8,-1,6,8,24,-1,14,13,16,-1,11,10,12,-1,24,23,9,-1,24,9,11,-1,25,26,27,-1,7,6,28,-1,6,29,28,-1,30,31,32,-1,33,34,35,-1,31,30,36,-1,37,38,39,-1,40,36,37,-1,41,42,38,-1,43,44,45,-1,27,45,46,-1,45,44,46,-1,43,47,44,-1,27,26,45,-1,43,48,47,-1,41,25,42,-1,25,41,26,-1,42,39,38,-1,36,30,37,-1,39,40,37,-1,32,31,49,-1,33,32,49,-1,34,29,35,-1,33,35,32,-1,28,29,50,-1,34,50,29,-1,51,52,53,-1,52,54,53,-1,54,55,53,-1,55,56,57,-1,55,54,56,-1,57,56,58,-1,54,59,56,-1,60,61,59,-1,59,61,56,-1,60,62,61,-1,63,64,65,-1,66,67,68,-1,69,70,71,-1,72,73,74,-1,75,73,67,-1,76,72,74,-1,71,76,77,-1,78,79,63,-1,80,81,82,-1,78,83,79,-1,84,85,83,-1,85,79,83,-1,86,87,88,-1,84,89,90,-1,90,85,84,-1,89,91,90,-1,92,93,94,-1,91,89,95,-1,96,94,93,-1,95,97,91,-1,98,99,100,-1,101,97,95,-1,102,103,104,-1,105,106,101,-1,107,108,109,-1,106,110,101,-1,110,111,101,-1,112,103,113,-1,95,105,101,-1,112,104,103,-1,88,114,115,-1,113,100,99,-1,86,80,87,-1,100,96,98,-1,65,78,63,-1,70,69,64,-1,70,64,63,-1,71,77,69,-1,77,76,116,-1,116,76,74,-1,72,67,73,-1,75,67,66,-1,68,80,82,-1,68,82,66,-1,81,80,86,-1,87,114,88,-1,92,94,115,-1,92,115,114,-1,98,96,93,-1,112,113,99,-1,107,102,104,-1,108,117,109,-1,107,109,102,-1,101,111,108,-1,117,108,111,-1,118,119,120,-1,121,122,120,-1,122,118,120,-1,123,124,125,-1,126,124,127,-1,118,122,123,-1,128,126,129,-1,130,131,121,-1,121,131,122,-1,128,130,121,-1,129,126,127,-1,126,128,121,-1,132,127,124,-1,122,132,123,-1,124,123,132,-1,133,134,135,-1,136,137,134,-1,133,136,134,-1,138,139,137,-1,137,136,138,-1,137,139,140,-1,136,141,138,-1,142,143,141,-1,141,143,138,-1,142,144,143,-1,145,146,147,-1,148,149,150,-1,149,151,150,-1,148,150,152,-1,153,154,155,-1,152,156,148,-1,152,146,156,-1,157,158,159,-1,156,146,145,-1,160,161,162,-1,157,162,161,-1,163,164,160,-1,165,166,167,-1,168,169,170,-1,171,172,170,-1,166,173,174,-1,168,165,169,-1,171,175,172,-1,175,176,177,-1,178,179,180,-1,176,178,177,-1,181,182,183,-1,176,179,178,-1,184,153,185,-1,153,186,187,-1,188,183,189,-1,190,191,192,-1,159,162,157,-1,192,161,160,-1,159,193,147,-1,159,158,193,-1,147,193,145,-1,181,194,182,-1,195,173,194,-1,189,196,188,-1,181,183,188,-1,185,180,184,-1,160,188,197,-1,196,197,188,-1,153,198,185,-1,187,192,154,-1,164,190,192,-1,160,197,163,-1,160,164,192,-1,192,191,154,-1,187,154,153,-1,153,155,198,-1,184,180,179,-1,172,175,177,-1,166,165,168,-1,172,168,170,-1,174,173,195,-1,167,166,174,-1,194,173,182,-1,199,200,201,-1,202,203,204,-1,205,206,207,-1,208,204,206,-1,209,210,211,-1,209,205,207,-1,212,213,214,-1,212,211,210,-1,215,213,216,-1,215,214,213,-1,216,217,218,-1,215,216,218,-1,219,220,221,-1,216,221,217,-1,222,223,224,-1,219,224,225,-1,226,223,227,-1,228,229,230,-1,231,232,233,-1,232,234,233,-1,235,236,237,-1,238,236,239,-1,238,237,236,-1,238,239,240,-1,240,239,241,-1,242,241,243,-1,242,231,233,-1,243,231,242,-1,234,232,229,-1,244,245,246,-1,229,232,230,-1,247,230,248,-1,247,228,230,-1,249,250,251,-1,247,248,252,-1,251,199,201,-1,223,253,200,-1,251,250,199,-1,254,255,249,-1,249,255,250,-1,256,245,257,-1,258,259,236,-1,243,241,239,-1,258,236,235,-1,259,244,246,-1,236,259,246,-1,245,256,246,-1,256,257,254,-1,257,255,254,-1,200,253,201,-1,223,222,227,-1,226,253,223,-1,220,219,225,-1,225,224,223,-1,217,221,220,-1,212,210,213,-1,208,206,205,-1,209,207,210,-1,203,206,204,-1,203,260,261,-1,260,203,202,-1,261,260,262,-1,262,263,261,-1,264,265,266,-1,267,268,269,-1,265,264,270,-1,269,271,267,-1,272,273,265,-1,274,265,270,-1,275,276,277,-1,278,273,272,-1,272,265,274,-1,266,276,275,-1,276,266,265,-1,279,280,281,-1,282,283,277,-1,284,285,280,-1,284,280,279,-1,286,285,284,-1,281,282,279,-1,283,275,277,-1,281,283,282,-1,264,271,270,-1,271,264,267,-1,287,288,289,-1,288,290,289,-1,290,291,289,-1,291,292,293,-1,291,290,292,-1,293,292,294,-1,290,295,292,-1,296,297,295,-1,295,297,292,-1,296,298,297,-1,299,300,301,-1,302,303,304,-1,305,306,307,-1,308,309,310,-1,311,309,303,-1,312,308,310,-1,307,312,313,-1,314,315,299,-1,316,317,318,-1,314,319,315,-1,320,321,319,-1,321,315,319,-1,322,323,324,-1,320,325,326,-1,326,321,320,-1,325,327,326,-1,328,329,330,-1,327,325,331,-1,332,330,329,-1,331,333,327,-1,334,335,336,-1,337,333,331,-1,338,339,340,-1,341,342,337,-1,343,344,345,-1,342,346,337,-1,346,347,337,-1,348,339,349,-1,331,341,337,-1,348,340,339,-1,324,350,351,-1,349,336,335,-1,322,316,323,-1,336,332,334,-1,301,314,299,-1,306,305,300,-1,306,300,299,-1,307,313,305,-1,313,312,352,-1,352,312,310,-1,308,303,309,-1,311,303,302,-1,304,316,318,-1,304,318,302,-1,317,316,322,-1,323,350,324,-1,328,330,351,-1,328,351,350,-1,334,332,329,-1,348,349,335,-1,343,338,340,-1,344,353,345,-1,343,345,338,-1,337,347,344,-1,353,344,347,-1,354,355,356,-1,357,358,356,-1,358,354,356,-1,359,360,361,-1,362,360,363,-1,354,358,359,-1,364,362,365,-1,366,367,357,-1,357,367,358,-1,364,366,357,-1,365,362,363,-1,362,364,357,-1,368,363,360,-1,358,368,359,-1,360,359,368,-1,369,370,371,-1,369,372,373,-1,369,374,375,-1,376,369,377,-1,375,378,372,-1,379,372,378,-1,372,379,380,-1,381,369,371,-1,376,370,369,-1,382,383,384,-1,369,381,374,-1,369,375,372,-1,385,386,387,-1,373,388,389,-1,389,369,373,-1,390,391,392,-1,393,394,395,-1,389,388,396,-1,397,398,399,-1,400,401,402,-1,399,403,404,-1,405,406,407,-1,393,402,394,-1,408,409,410,-1,411,412,413,-1,414,400,415,-1,415,416,414,-1,396,417,418,-1,417,396,388,-1,415,418,416,-1,415,396,418,-1,400,414,401,-1,402,401,394,-1,395,412,411,-1,411,393,395,-1,412,419,413,-1,420,413,421,-1,422,423,424,-1,425,426,427,-1,428,429,430,-1,431,432,433,-1,434,435,436,-1,434,433,435,-1,437,438,439,-1,431,438,437,-1,407,409,408,-1,440,429,428,-1,441,442,443,-1,440,441,443,-1,444,445,442,-1,445,444,446,-1,447,448,449,-1,446,449,450,-1,451,452,453,-1,454,455,456,-1,455,457,458,-1,459,460,461,-1,462,463,464,-1,463,465,464,-1,466,460,467,-1,467,460,459,-1,468,469,470,-1,470,471,468,-1,406,405,472,-1,473,474,464,-1,470,469,475,-1,466,476,477,-1,477,384,466,-1,382,384,477,-1,478,383,479,-1,478,479,480,-1,481,482,483,-1,480,483,484,-1,485,486,487,-1,486,488,489,-1,490,491,492,-1,488,493,494,-1,495,496,497,-1,498,499,496,-1,500,501,502,-1,503,504,505,-1,506,507,410,-1,397,399,472,-1,507,506,508,-1,408,509,510,-1,404,511,512,-1,513,508,514,-1,408,507,509,-1,514,386,385,-1,515,501,516,-1,392,517,390,-1,390,517,518,-1,505,390,518,-1,390,500,391,-1,518,503,505,-1,519,520,498,-1,521,522,523,-1,499,498,524,-1,511,523,512,-1,524,498,525,-1,490,525,491,-1,498,491,525,-1,492,493,490,-1,494,493,492,-1,487,486,489,-1,489,488,494,-1,487,481,485,-1,484,483,482,-1,482,481,487,-1,383,382,479,-1,478,480,484,-1,461,460,465,-1,467,476,466,-1,460,464,465,-1,464,474,462,-1,526,474,473,-1,473,527,528,-1,526,473,528,-1,468,529,473,-1,527,473,529,-1,471,529,468,-1,453,452,530,-1,530,452,531,-1,530,531,532,-1,532,533,530,-1,533,532,529,-1,471,533,529,-1,453,458,451,-1,456,455,458,-1,457,451,458,-1,448,454,456,-1,450,449,448,-1,447,454,448,-1,445,443,442,-1,445,446,450,-1,430,429,436,-1,440,428,441,-1,430,436,435,-1,431,433,438,-1,438,433,434,-1,534,423,422,-1,431,534,432,-1,432,534,535,-1,422,535,534,-1,424,536,425,-1,423,536,424,-1,427,426,420,-1,425,536,426,-1,413,419,421,-1,427,420,421,-1,537,505,504,-1,538,496,539,-1,537,387,386,-1,537,504,387,-1,514,385,513,-1,540,507,508,-1,508,513,540,-1,410,507,408,-1,406,409,407,-1,399,406,472,-1,399,398,403,-1,399,404,512,-1,512,523,522,-1,521,498,520,-1,522,521,520,-1,496,538,498,-1,519,498,538,-1,539,496,495,-1,495,497,516,-1,515,502,501,-1,497,515,516,-1,500,390,501,-1,
        ]
    }
}
Shape{
    appearance Appearance {
        material  Material 	{
            diffuseColor 0.792156862745098 0.8196078431372549 0.9294117647058824
            specularColor 0.7529411764705882 0.7529411764705882 0.7529411764705882
            ambientIntensity 1.0
            transparency 1.0
            shininess 0.5
        }
    }
    geometry IndexedFaceSet {
        ccw TRUE
        solid FALSE
        coord DEF co Coordinate {
            point [
                0.8748 0.5501 0.7239, 0.8628 0.5437 0.715, 0.8628 0.5374 0.73, 0.8455 0.5353 0.7105, 0.8455 0.5284 0.7272, 0.8807 0.553 0.7331, 0.8594 0.5451 0.7082, 0.8677 0.5475 0.7156, 0.8501 0.5431 0.702, 0.8401 0.5416 0.697, 0.8294 0.5404 0.6934, 0.8267 0.5302 0.7077, 0.8184 0.5398 0.6912, 0.8071 0.5311 0.7022, 0.8071 0.5395 0.6905, 0.8455 0.5248 0.745, 0.8778 0.5469 0.7471, 0.8778 0.547 0.7608, 0.8883 0.5594 0.7534, 0.8808 0.576 0.8059, 0.8778 0.563 0.798, 0.8628 0.5651 0.8175, 0.8455 0.5287 0.7809, 0.8628 0.5344 0.7621, 0.8455 0.5249 0.7631, 0.8628 0.5343 0.7459, 0.8898 0.5628 0.7641, 0.8778 0.5498 0.7742, 0.8778 0.5552 0.7868, 0.8898 0.5662 0.7749, 0.8677 0.5816 0.8235, 0.8749 0.5789 0.8151, 0.8628 0.5788 0.8262, 0.8267 0.5307 0.8004, 0.8267 0.5231 0.7826, 0.8455 0.5593 0.825, 0.8455 0.5746 0.8347, 0.8883 0.5696 0.7856, 0.8628 0.5534 0.8063, 0.8455 0.5462 0.8124, 0.8267 0.5417 0.8162, 0.8455 0.5358 0.7975, 0.8267 0.5557 0.8296, 0.8628 0.5441 0.793, 0.8267 0.572 0.8399, 0.8071 0.5553 0.8317, 0.8071 0.5716 0.8419, 0.8071 0.5895 0.8486, 0.8184 0.5893 0.8479, 0.8267 0.5228 0.7255, 0.8071 0.5245 0.7151, 0.8852 0.5561 0.743, 0.8071 0.5198 0.7288, 0.8267 0.519 0.7445, 0.8071 0.5168 0.7477, 0.8267 0.5191 0.7638, 0.8071 0.5175 0.7669, 0.8628 0.5377 0.778, 0.8071 0.522 0.7856, 0.8852 0.5729 0.796, 0.8071 0.53 0.8031, 0.8595 0.5839 0.8309, 0.8071 0.5412 0.8186, 0.8401 0.5875 0.8421, 0.8502 0.5859 0.8371, 0.8295 0.5886 0.8457, 0.8571 0.5264 0.8986, 0.8809 0.5515 0.9016, 0.8571 0.548 0.9097, 0.9031 0.4731 0.7985, 0.9234 0.4947 0.8116, 0.9031 0.481 0.8183, 0.8932 0.5609 0.8986, 0.8802 0.5633 0.9064, 0.8666 0.5654 0.9129, 0.9052 0.558 0.8896, 0.9031 0.5374 0.8806, 0.8324 0.5459 0.9147, 0.8071 0.5446 0.9161, 0.8324 0.5236 0.9032, 0.8523 0.567 0.918, 0.8474 0.4808 0.6453, 0.8571 0.4704 0.6643, 0.8324 0.4658 0.6615, 0.8809 0.5311 0.891, 0.8071 0.5215 0.904, 0.8324 0.5032 0.8886, 0.9234 0.5298 0.8565, 0.9234 0.5453 0.8676, 0.9031 0.5201 0.8682, 0.8224 0.5689 0.9239, 0.8375 0.5682 0.9217, 0.8071 0.5691 0.9247, 0.9031 0.5047 0.8535, 0.9234 0.516 0.8433, 0.8809 0.5123 0.8776, 0.8071 0.4458 0.8057, 0.8324 0.442 0.782, 0.8324 0.4479 0.8064, 0.9031 0.4916 0.8367, 0.8809 0.4957 0.8617, 0.9234 0.5042 0.8282, 0.9412 0.5191 0.8182, 0.8809 0.4815 0.8435, 0.9031 0.4662 0.7565, 0.9031 0.4673 0.7353, 0.9234 0.4814 0.7562, 0.8071 0.4644 0.6604, 0.8274 0.4795 0.6413, 0.8071 0.4791 0.64, 0.8666 0.4828 0.6518, 0.8324 0.4542 0.6837, 0.8571 0.4592 0.6859, 0.8071 0.4443 0.7064, 0.8324 0.4459 0.7074, 0.8324 0.441 0.732, 0.8571 0.4511 0.7088, 0.8809 0.454 0.7568, 0.8809 0.4552 0.7338, 0.8324 0.4397 0.7571, 0.8071 0.4393 0.731, 0.8809 0.4615 0.8021, 0.8809 0.4561 0.7797, 0.9234 0.4832 0.7753, 0.9031 0.4681 0.7777, 0.8809 0.47 0.8235, 0.8071 0.4401 0.7812, 0.8071 0.5005 0.8887, 0.8324 0.4851 0.8713, 0.9162 0.5548 0.8795, 0.8571 0.5066 0.8844, 0.926 0.5513 0.8684, 0.9346 0.5475 0.8563, 0.8071 0.4825 0.8711, 0.8324 0.4696 0.8515, 0.8571 0.4891 0.8676, 0.9419 0.5435 0.8435, 0.9412 0.5293 0.8312, 0.9477 0.5392 0.8301, 0.8071 0.4672 0.8511, 0.8324 0.4571 0.8298, 0.8571 0.4741 0.8485, 0.9521 0.5348 0.8161, 0.8071 0.4548 0.8292, 0.8571 0.462 0.8274, 0.9412 0.5108 0.8038, 0.955 0.5303 0.8018, 0.8809 0.4673 0.6894, 0.9031 0.4785 0.6943, 0.9031 0.4714 0.7144, 0.8571 0.453 0.8048, 0.9234 0.4876 0.7939, 0.9412 0.5047 0.7885, 0.9563 0.5257 0.7873, 0.8571 0.4474 0.7812, 0.9412 0.5009 0.7724, 0.956 0.5211 0.7728, 0.8071 0.4379 0.7562, 0.8571 0.4451 0.757, 0.9533 0.515 0.7535, 0.9234 0.4861 0.7184, 0.9234 0.4824 0.7371, 0.8571 0.4464 0.7327, 0.9412 0.4994 0.7559, 0.9412 0.5002 0.7393, 0.8809 0.4597 0.7112, 0.9397 0.5034 0.7169, 0.9478 0.5091 0.7348, 0.8071 0.4527 0.6827, 0.9234 0.4924 0.7003, 0.8809 0.478 0.669, 0.9013 0.4892 0.6719, 0.9162 0.4934 0.6852, 0.9291 0.4982 0.7003, 0.8847 0.4856 0.6607, 0.6102 0.9456 0.7573, 0.6102 0.9476 0.7674, 0.8858 0.9476 0.7674, 0.6102 0.9449 0.747, 0.8858 0.9456 0.7573, 0.8858 0.9449 0.747, 0.6102 0.9449 1.0174, 0.6102 0.9666 1.0116, 0.6102 0.9882 1.0058, 0.6102 1.0099 1.0, 0.8858 1.0099 1.0, 0.8858 0.9666 1.0116, 0.8858 0.9449 1.0174, 0.8858 0.9882 1.0058, 0.6102 0.9338 1.0204, 0.8858 0.9338 1.0204, 0.6102 0.8715 0.7877, 0.8858 0.8715 0.7877, 0.6102 0.8675 0.7675, 0.6102 0.8661 0.747, 0.8858 0.8661 0.747, 0.8858 0.8675 0.7675, 0.9055 0.8661 0.2165, 0.315 0.8661 0.2165, 0.315 0.9449 0.2165, 0.9055 0.9449 0.2165, 0.4921 0.1233 1.9017, 1.1221 0.14 1.9075, 1.1221 0.1233 1.9017, 1.1221 0.1575 1.9094, 0.4921 0.14 1.9075, 0.4921 0.1575 1.9094, 1.1221 0.0959 1.8798, 1.1221 0.0865 1.8649, 0.4921 0.0865 1.8649, 0.4921 0.0959 1.8798, 0.4921 0.1084 1.8923, 1.1221 0.1084 1.8923, 1.1221 0.0807 1.8482, 0.4921 0.0787 1.8307, 0.4921 0.0807 1.8482, 1.1221 0.0787 1.8307, 1.1221 0.7874 1.9094, 0.4921 0.7874 1.9094, 1.1221 0.8049 1.9075, 1.1221 0.849 1.8798, 1.1221 0.8365 1.8923, 0.4921 0.8365 1.8923, 1.1221 0.8216 1.9017, 0.4921 0.8049 1.9075, 0.4921 0.8216 1.9017, 0.4921 0.8642 1.8482, 1.1221 0.8642 1.8482, 0.4921 0.8583 1.8649, 0.4921 0.849 1.8798, 1.1221 0.8583 1.8649, 1.1221 0.8661 1.8307, 0.4921 0.8661 1.8307, 0.4921 0.0674 1.9599, 1.1221 0.0674 1.9599, 1.1221 0.088 1.9721, 0.4921 0.0489 1.9447, 1.1221 0.0489 1.9447, 1.1221 0.0328 1.927, 0.4921 0.0328 1.927, 0.4921 0.0197 1.9069, 1.1221 0.0197 1.9069, 0.4921 0.088 1.9721, 1.1221 0.1103 1.9809, 0.4921 0.1103 1.9809, 1.1221 0.1336 1.9864, 0.4921 0.1336 1.9864, 1.1221 0.1575 1.9882, 0.4921 0.1575 1.9882, 0.315 0.9449 1.8307, 0.315 0.8661 1.8307, 0.4921 0.0197 1.7545, 0.4921 0.7645 1.1608, 0.4921 0.6979 1.2174, 0.4921 0.7746 1.1992, 0.4921 0.6374 1.4733, 0.4921 0.6622 1.5631, 0.4921 0.6894 1.5341, 0.4921 0.0861 1.7974, 0.4921 0.0806 1.8137, 0.4921 0.0311 1.7368, 0.4921 0.0779 1.6948, 0.4921 0.0605 1.7067, 0.4921 0.1069 1.7704, 0.4921 0.0448 1.7207, 0.4921 0.095 1.7828, 0.4921 0.1167 1.6786, 0.4921 0.1211 1.7609, 0.4921 0.1371 1.7547, 0.4921 0.0968 1.6854, 0.4921 0.7028 1.2509, 0.4921 0.7041 1.2848, 0.4921 0.781 1.3178, 0.4921 0.7828 1.2782, 0.4921 0.7874 1.9882, 0.4921 0.6894 1.1845, 0.4921 0.7807 1.2385, 0.4921 0.812 1.9863, 0.4921 0.8361 1.9805, 0.4921 0.8589 1.971, 0.4921 0.7017 1.3186, 0.4921 0.7751 1.3571, 0.4921 0.8988 1.9421, 0.4921 0.9148 1.9233, 0.4921 0.6957 1.352, 0.4921 0.6861 1.3845, 0.4921 0.7653 1.3957, 0.4921 0.9277 1.9022, 0.4921 0.7344 1.4687, 0.4921 0.6731 1.4158, 0.4921 0.7136 1.5026, 0.4921 0.7517 1.433, 0.4921 0.9372 1.8794, 0.4921 0.9429 1.8553, 0.4921 0.9449 1.8307, 0.4921 0.6323 1.5892, 0.4921 0.6151 1.4989, 0.4921 0.6568 1.4455, 0.4921 0.615 0.6881, 0.4921 0.5399 0.7119, 0.4921 0.5289 1.6476, 0.4921 0.5652 1.6317, 0.4921 0.5338 1.5593, 0.4921 0.4707 1.5838, 0.4921 0.5029 1.5732, 0.4921 0.491 1.6598, 0.4921 0.5998 1.6121, 0.4921 0.5902 1.5219, 0.4921 0.563 1.5421, 0.4921 0.88 1.9581, 1.2992 0.9449 1.8307, 1.2992 0.8661 0.1181, 1.2992 0.9449 0.1181, 1.2992 0.9611 0.0863, 1.2992 0.9637 0.0018, 1.2992 0.9721 0.0807, 1.2992 0.9252 0.0158, 1.2992 0.9468 0.1059, 1.2992 0.9439 0.0071, 1.2992 0.9843 0.0, 1.2992 0.9843 0.0787, 1.2992 1.4961 0.0787, 1.2992 1.4961 0.0, 1.2992 0.9524 0.095, 1.2992 0.9083 0.0276, 1.2992 0.882 0.0591, 1.2992 0.8938 0.0422, 1.2992 0.8733 0.0777, 1.2992 0.8679 0.0976, 1.2992 0.8661 1.8307, 0.8858 0.8661 1.1614, 0.9055 0.8661 0.1181, 0.6102 0.8661 1.1614, 1.1221 0.9429 1.8553, 1.1221 0.9449 1.8307, 1.1221 0.9372 1.8794, 1.1221 0.9277 1.9022, 1.1221 0.9148 1.9233, 1.1221 0.8988 1.9421, 1.1221 0.88 1.9581, 1.1221 0.8589 1.971, 1.1221 0.8361 1.9805, 1.1221 0.0197 1.7545, 1.1221 0.812 1.9863, 1.1221 0.6374 1.4733, 1.1221 0.6894 1.5341, 1.1221 0.6622 1.5631, 1.1221 0.7874 1.9882, 1.1221 0.0861 1.7974, 1.1221 0.0806 1.8137, 1.1221 0.0311 1.7368, 1.1221 0.0779 1.6948, 1.1221 0.1069 1.7704, 1.1221 0.0605 1.7067, 1.1221 0.0448 1.7207, 1.1221 0.095 1.7828, 1.1221 0.1167 1.6786, 1.1221 0.1371 1.7547, 1.1221 0.1211 1.7609, 1.1221 0.0968 1.6854, 1.1221 0.6979 1.2174, 1.1221 0.7746 1.1992, 1.1221 0.7028 1.2509, 1.1221 0.7041 1.2848, 1.1221 0.7828 1.2782, 1.1221 0.781 1.3178, 1.1221 0.7645 1.1608, 1.1221 0.6894 1.1845, 1.1221 0.7807 1.2385, 1.1221 0.7017 1.3186, 1.1221 0.7751 1.3571, 1.1221 0.6957 1.352, 1.1221 0.7653 1.3957, 1.1221 0.6861 1.3845, 1.1221 0.7344 1.4687, 1.1221 0.7136 1.5026, 1.1221 0.6731 1.4158, 1.1221 0.7517 1.433, 1.1221 0.6323 1.5892, 1.1221 0.6151 1.4989, 1.1221 0.6568 1.4455, 1.1221 0.615 0.6881, 1.1221 0.5399 0.7119, 1.1221 0.5289 1.6476, 1.1221 0.5338 1.5593, 1.1221 0.5652 1.6317, 1.1221 0.4707 1.5838, 1.1221 0.5029 1.5732, 1.1221 0.491 1.6598, 1.1221 0.5998 1.6121, 1.1221 0.5902 1.5219, 1.1221 0.563 1.5421, 0.9055 0.9449 0.1181, 0.6102 0.9449 1.1614, 0.8858 0.9449 1.1614, 0.5592 0.5524 0.4903, 0.631 0.5963 0.629, 0.6495 0.5894 0.6073, 0.6084 0.5359 0.4379, 0.6711 0.5834 0.5881, 0.6951 0.5782 0.5719, 0.5824 0.5438 0.4629, 0.6678 0.5227 0.3963, 0.7212 0.5742 0.559, 0.7777 0.5694 0.5439, 0.7351 0.5136 0.3674, 0.749 0.5712 0.5496, 0.7007 0.5176 0.3802, 0.7707 0.5106 0.3581, 0.8071 0.5688 0.542, 0.8365 0.5694 0.544, 0.8435 0.5106 0.3581, 0.8071 0.5088 0.3524, 0.9772 0.5288 0.4156, 0.9463 0.5227 0.3963, 0.9192 0.5783 0.572, 0.8654 0.5712 0.5497, 0.8791 0.5136 0.3674, 0.9135 0.5176 0.3802, 0.893 0.5742 0.5591, 1.0058 0.5359 0.4379, 0.9433 0.5834 0.5882, 1.075 0.5618 0.5199, 0.9833 0.5963 0.6291, 1.0917 0.5717 0.5513, 1.0318 0.5438 0.4629, 1.0102 0.6556 0.8165, 1.1144 0.5929 0.6182, 1.0103 0.6121 0.6789, 1.1201 0.6039 0.6529, 1.0222 0.6383 0.7618, 1.0182 0.6471 0.7895, 0.9985 0.6638 0.8423, 1.0182 0.6206 0.7058, 1.0222 0.6294 0.7337, 0.9986 0.6039 0.6532, 1.1048 0.5821 0.5842, 0.9648 0.5895 0.6074, 1.055 0.5524 0.4903, 0.6039 0.612 0.6787, 0.4941 0.6039 0.6529, 0.596 0.6206 0.7057, 0.5392 0.5618 0.5199, 0.5225 0.5717 0.5513, 0.8365 0.6982 0.9513, 0.8071 0.6989 0.9532, 0.6157 0.6039 0.6529, 0.5093 0.5821 0.5842, 0.893 0.6935 0.9362, 0.8652 0.6965 0.9456, 0.9431 0.6843 0.9072, 0.9191 0.6894 0.9233, 0.9832 0.6714 0.8662, 0.9647 0.6782 0.888, 0.637 0.5288 0.4156, 0.4998 0.5929 0.6182, 0.592 0.6382 0.7616, 0.592 0.6294 0.7335, 0.6039 0.6556 0.8164, 0.596 0.6471 0.7894, 0.6156 0.6637 0.8421, 0.6494 0.6782 0.8879, 0.6309 0.6713 0.8661, 0.695 0.6894 0.9232, 0.6709 0.6842 0.907, 0.7488 0.6964 0.9456, 0.7211 0.6935 0.9362, 0.7776 0.6982 0.9513, 0.5093 0.5071 0.6079, 0.4998 0.5178 0.6419, 0.4941 0.5288 0.6767, 0.5592 0.4774 0.5141, 0.5225 0.4966 0.575, 0.5392 0.4867 0.5436, 0.637 0.4537 0.4394, 0.6084 0.4608 0.4616, 0.5824 0.4687 0.4866, 0.7007 0.4425 0.4039, 0.6678 0.4476 0.4201, 0.7351 0.4385 0.3912, 0.7707 0.4355 0.3818, 0.8071 0.4337 0.3761, 0.6496 0.5143 0.631, 0.6309 0.5212 0.6527, 0.6952 0.5032 0.5956, 0.6711 0.5083 0.6118, 0.7214 0.4991 0.5827, 0.7776 0.4943 0.5677, 0.7491 0.4961 0.5733, 0.8071 0.4937 0.5658, 0.8791 0.4385 0.3912, 0.8353 0.4943 0.5675, 0.8435 0.4355 0.3818, 0.9772 0.4537 0.4394, 0.915 0.5024 0.5933, 0.9463 0.4476 0.4201, 0.863 0.4959 0.5728, 0.9135 0.4425 0.4039, 0.8897 0.4987 0.5814, 1.0058 0.4608 0.4616, 0.9385 0.5072 0.6083, 0.592 0.5543 0.7572, 0.592 0.5632 0.7853, 1.0318 0.4687 0.4866, 0.9596 0.5128 0.626, 1.0154 0.5419 0.7182, 1.0209 0.5503 0.7446, 1.0063 0.5339 0.6927, 1.1048 0.5071 0.6079, 1.1144 0.5178 0.6419, 1.1201 0.5288 0.6767, 1.0227 0.5588 0.7714, 0.9939 0.5263 0.6687, 1.0917 0.4966 0.575, 1.055 0.4774 0.5141, 1.075 0.4867 0.5436, 0.9782 0.5192 0.6463, 0.6039 0.5805 0.8401, 0.5959 0.572 0.8132, 0.6157 0.5288 0.6767, 0.9938 0.5913 0.8743, 0.9781 0.5984 0.8966, 0.6039 0.5369 0.7024, 0.5959 0.5455 0.7295, 0.7488 0.6214 0.9693, 0.7211 0.6184 0.9599, 0.6156 0.5886 0.8658, 0.6494 0.6031 0.9116, 0.6309 0.5962 0.8899, 0.695 0.6143 0.947, 0.6709 0.6092 0.9308, 0.7777 0.6232 0.9751, 0.8071 0.6238 0.977, 0.8628 0.6216 0.97, 0.8354 0.6232 0.9752, 0.9147 0.6151 0.9495, 0.8894 0.6189 0.9614, 0.9595 0.6047 0.9168, 0.9383 0.6104 0.9345, 1.0063 0.5836 0.8501, 1.0154 0.5756 0.8247, 1.0209 0.5673 0.7983, 0.6795 0.6019 0.7299, 0.6843 0.5967 0.7136, 0.6657 0.605 0.704, 0.7666 0.6638 0.8897, 0.7893 0.6488 0.8783, 0.7719 0.6477 0.8748, 0.7163 0.572 0.7333, 0.7289 0.5562 0.7431, 0.7215 0.5684 0.7218, 0.7334 0.553 0.7332, 0.7283 0.565 0.7111, 0.6914 0.5918 0.698, 0.6739 0.5994 0.6861, 0.6602 0.611 0.7228, 0.6771 0.6072 0.7467, 0.6845 0.5941 0.6694, 0.7006 0.5872 0.6836, 0.7547 0.5451 0.7082, 0.764 0.5432 0.702, 0.757 0.5569 0.6856, 0.6974 0.5893 0.6543, 0.7119 0.5831 0.6704, 0.7249 0.5794 0.6588, 0.7124 0.5851 0.641, 0.7687 0.5551 0.6798, 0.774 0.5416 0.697, 0.7808 0.5746 0.5656, 0.7182 0.5836 0.6101, 0.7301 0.5789 0.5792, 0.7067 0.5825 0.5907, 0.7389 0.5804 0.5999, 0.755 0.5762 0.5708, 0.7291 0.5815 0.6297, 0.7259 0.5595 0.7535, 0.7127 0.5758 0.7454, 0.7394 0.5763 0.649, 0.7811 0.5538 0.6756, 0.7768 0.5644 0.6562, 0.7893 0.5709 0.6321, 0.7719 0.572 0.6356, 0.794 0.553 0.673, 0.8071 0.5527 0.6722, 0.8071 0.5631 0.6522, 0.7918 0.5634 0.6532, 0.7958 0.5398 0.6912, 0.6574 0.6171 0.7422, 0.6771 0.6126 0.7637, 0.6574 0.6233 0.7617, 0.6795 0.6179 0.7805, 0.7465 0.5475 0.7156, 0.7366 0.5619 0.7014, 0.7393 0.5501 0.724, 0.6843 0.623 0.7968, 0.6602 0.6294 0.781, 0.7109 0.5798 0.7578, 0.7109 0.5837 0.7704, 0.7244 0.5662 0.775, 0.6657 0.6353 0.7998, 0.6914 0.6279 0.8124, 0.7259 0.5696 0.7857, 0.7127 0.5877 0.7828, 0.6739 0.641 0.8178, 0.7006 0.6325 0.8268, 0.7244 0.5628 0.7642, 0.7119 0.6367 0.84, 0.6845 0.6463 0.8344, 0.7163 0.5915 0.7949, 0.7215 0.5951 0.8064, 0.7335 0.576 0.8059, 0.6974 0.6511 0.8496, 0.7249 0.6404 0.8516, 0.7394 0.579 0.8152, 0.7283 0.5985 0.8171, 0.7124 0.6553 0.8629, 0.7394 0.6434 0.8613, 0.729 0.5729 0.796, 0.7552 0.6459 0.8691, 0.7291 0.6589 0.8742, 0.7366 0.6016 0.8268, 0.7463 0.6043 0.8354, 0.7548 0.5839 0.8309, 0.7473 0.6617 0.8832, 0.764 0.5859 0.8371, 0.757 0.6066 0.8426, 0.7811 0.6097 0.8526, 0.7848 0.5886 0.8457, 0.7687 0.6084 0.8484, 0.7465 0.5816 0.8235, 0.7838 0.6789 0.9112, 0.8071 0.6654 0.895, 0.7867 0.665 0.8937, 0.8071 0.6492 0.8794, 0.8071 0.6308 0.8663, 0.7808 0.69 0.9306, 0.8071 0.6905 0.9323, 0.8071 0.6793 0.9127, 0.7918 0.6305 0.8653, 0.8071 0.6108 0.856, 0.794 0.6106 0.8551, 0.7958 0.5893 0.8479, 0.7741 0.5875 0.8421, 0.7609 0.6774 0.9067, 0.755 0.6884 0.9255, 0.7768 0.6296 0.8624, 0.7389 0.6751 0.8992, 0.7624 0.628 0.8575, 0.7301 0.6857 0.917, 0.7182 0.6718 0.889, 0.7487 0.6259 0.8508, 0.7067 0.6821 0.9055, 0.6991 0.6678 0.8761, 0.7362 0.6232 0.8423, 0.6852 0.6775 0.891, 0.682 0.6629 0.8609, 0.725 0.6201 0.8324, 0.6659 0.6721 0.8738, 0.6673 0.6575 0.8437, 0.7154 0.6165 0.821, 0.6493 0.6659 0.8543, 0.6551 0.6515 0.8246, 0.6356 0.6591 0.8328, 0.7074 0.6126 0.8085, 0.6458 0.645 0.8042, 0.6251 0.6518 0.8098, 0.7013 0.6083 0.7951, 0.6395 0.6382 0.7828, 0.6972 0.6039 0.7811, 0.618 0.6441 0.7856, 0.6363 0.6312 0.7607, 0.6144 0.6363 0.7607, 0.6951 0.5993 0.7666, 0.6363 0.6242 0.7384, 0.6144 0.6283 0.7355, 0.6951 0.5947 0.752, 0.6395 0.6172 0.7164, 0.6972 0.5901 0.7375, 0.618 0.6204 0.7106, 0.6458 0.6104 0.6949, 0.7013 0.5856 0.7234, 0.6251 0.6128 0.6864, 0.6551 0.604 0.6745, 0.7074 0.5814 0.71, 0.6356 0.6055 0.6634, 0.6673 0.5979 0.6554, 0.7463 0.5592 0.6928, 0.6493 0.5987 0.6419, 0.7154 0.5774 0.6975, 0.682 0.5925 0.6382, 0.725 0.5739 0.6862, 0.6659 0.5925 0.6224, 0.6991 0.5877 0.623, 0.7362 0.5707 0.6762, 0.6852 0.5871 0.6052, 0.7473 0.5787 0.6207, 0.7666 0.5766 0.6142, 0.7609 0.578 0.5924, 0.7487 0.568 0.6678, 0.7552 0.5738 0.6412, 0.7624 0.5659 0.6611, 0.7847 0.5404 0.6934, 0.7867 0.5754 0.6102, 0.7838 0.5766 0.5879, 0.8071 0.574 0.5639, 0.8071 0.5706 0.631, 0.8071 0.5749 0.6089, 0.8071 0.5761 0.5864, 0.8224 0.5634 0.6532, 0.8423 0.572 0.6356, 0.8476 0.5766 0.6142, 0.8248 0.5709 0.6321, 0.8572 0.6066 0.8426, 0.8455 0.6084 0.8484, 0.8202 0.553 0.673, 0.8331 0.5538 0.6756, 0.8455 0.5551 0.6798, 0.8748 0.5763 0.649, 0.885 0.5815 0.6297, 0.859 0.5738 0.6412, 0.8775 0.5619 0.7014, 0.8679 0.5592 0.6928, 0.8979 0.572 0.7333, 0.8893 0.5794 0.6588, 0.9023 0.5831 0.6704, 0.9168 0.5893 0.6543, 0.9136 0.5872 0.6836, 0.9297 0.5941 0.6694, 0.8927 0.5684 0.7218, 0.9033 0.5837 0.7704, 0.9033 0.5798 0.7578, 0.9485 0.605 0.704, 0.9228 0.5918 0.698, 0.9299 0.5967 0.7136, 0.8979 0.5915 0.7949, 0.8927 0.5951 0.8064, 0.9371 0.6072 0.7467, 0.9371 0.6126 0.7637, 0.9568 0.6233 0.7617, 0.9168 0.6511 0.8496, 0.9136 0.6325 0.8268, 0.9023 0.6367 0.84, 0.9074 0.6821 0.9055, 0.896 0.6718 0.889, 0.8841 0.6857 0.917, 0.8893 0.6404 0.8516, 0.8748 0.6434 0.8613, 0.885 0.6589 0.8742, 0.9018 0.6553 0.8629, 0.8331 0.6097 0.8526, 0.8374 0.6296 0.8624, 0.8423 0.6477 0.8748, 0.8248 0.6488 0.8783, 0.8202 0.6106 0.8551, 0.8224 0.6305 0.8653, 0.8592 0.6884 0.9255, 0.8334 0.69 0.9306, 0.8753 0.6751 0.8992, 0.9297 0.6463 0.8344, 0.9228 0.6279 0.8124, 0.9299 0.623 0.7968, 0.9403 0.641 0.8178, 0.9347 0.6179 0.7805, 0.9485 0.6353 0.7998, 0.8858 0.5985 0.8171, 0.9015 0.5877 0.7828, 0.954 0.6294 0.781, 0.9568 0.6171 0.7422, 0.9347 0.6019 0.7299, 0.8775 0.6016 0.8268, 0.9015 0.5758 0.7454, 0.954 0.611 0.7228, 0.9403 0.5994 0.6861, 0.9018 0.5851 0.641, 0.8858 0.565 0.7111, 0.8669 0.5787 0.6207, 0.8572 0.5569 0.6856, 0.8275 0.5754 0.6102, 0.8304 0.5766 0.5879, 0.8334 0.5746 0.5656, 0.8533 0.578 0.5924, 0.8592 0.5762 0.5708, 0.8374 0.5644 0.6562, 0.8753 0.5804 0.5999, 0.8518 0.5659 0.6611, 0.8841 0.5789 0.5792, 0.896 0.5836 0.6101, 0.8654 0.568 0.6678, 0.9074 0.5825 0.5907, 0.9151 0.5877 0.623, 0.878 0.5707 0.6762, 0.929 0.5871 0.6052, 0.9322 0.5925 0.6382, 0.8891 0.5739 0.6862, 0.9483 0.5925 0.6224, 0.9469 0.5979 0.6554, 0.8988 0.5774 0.6975, 0.9649 0.5987 0.6419, 0.9591 0.604 0.6745, 0.9786 0.6055 0.6634, 0.9068 0.5814 0.71, 0.9684 0.6104 0.6949, 0.9891 0.6128 0.6864, 0.9129 0.5856 0.7234, 0.9747 0.6172 0.7164, 0.9171 0.5901 0.7375, 0.9962 0.6204 0.7106, 0.9778 0.6242 0.7384, 0.9998 0.6283 0.7355, 0.9191 0.5947 0.752, 0.9778 0.6312 0.7607, 0.9998 0.6363 0.7607, 0.9191 0.5993 0.7666, 0.9747 0.6382 0.7828, 0.9171 0.6039 0.7811, 0.9962 0.6441 0.7856, 0.9684 0.645 0.8042, 0.9129 0.6083 0.7951, 0.9891 0.6518 0.8098, 0.9591 0.6515 0.8246, 0.9068 0.6126 0.8085, 0.9786 0.6591 0.8328, 0.9469 0.6575 0.8437, 0.8679 0.6043 0.8354, 0.9649 0.6659 0.8543, 0.8988 0.6165 0.821, 0.9322 0.6629 0.8609, 0.8891 0.6201 0.8324, 0.9483 0.6721 0.8738, 0.9151 0.6678 0.8761, 0.878 0.6232 0.8423, 0.929 0.6775 0.891, 0.8669 0.6617 0.8832, 0.8476 0.6638 0.8897, 0.8533 0.6774 0.9067, 0.8654 0.6259 0.8508, 0.859 0.6459 0.8691, 0.8518 0.628 0.8575, 0.8275 0.665 0.8937, 0.8304 0.6789 0.9112, 0.9233 0.5685 0.8821, 0.9074 0.573 0.8962, 0.9881 0.5641 0.8091, 0.9777 0.5491 0.7867, 0.9915 0.5566 0.7853, 0.8897 0.5768 0.9081, 0.9321 0.5807 0.8868, 0.9422 0.5908 0.8936, 0.9238 0.596 0.91, 0.861 0.6153 0.9554, 0.8868 0.6126 0.9467, 0.9032 0.6004 0.9239, 0.915 0.5856 0.902, 0.8343 0.617 0.9607, 0.8704 0.5798 0.9177, 0.8808 0.6039 0.9349, 0.896 0.5896 0.9149, 0.8304 0.5966 0.9371, 0.8287 0.5833 0.9288, 0.85 0.582 0.9246, 0.857 0.6065 0.943, 0.8323 0.608 0.9479, 0.8532 0.5952 0.9326, 0.8071 0.5972 0.9387, 0.8071 0.5839 0.9303, 0.9468 0.5753 0.8696, 0.9581 0.5849 0.8749, 0.937 0.5635 0.866, 0.9482 0.5579 0.8484, 0.9712 0.5784 0.8543, 0.9589 0.5693 0.8506, 0.9569 0.5519 0.8294, 0.9682 0.5628 0.8302, 0.9813 0.5715 0.8323, 0.9745 0.556 0.8087, 0.9657 0.5391 0.789, 0.9628 0.5456 0.8095, 0.9657 0.5325 0.7683, 0.9777 0.542 0.7644, 0.9915 0.549 0.7612, 0.9745 0.5351 0.7424, 0.9881 0.5414 0.7374, 0.9813 0.5341 0.7142, 0.9682 0.5283 0.7209, 0.9321 0.5103 0.6642, 0.9422 0.5147 0.6529, 0.9581 0.5206 0.6716, 0.9569 0.5198 0.7279, 0.9628 0.5261 0.7478, 0.8752 0.4982 0.626, 0.8808 0.5016 0.6116, 0.9032 0.5051 0.6226, 0.9233 0.5031 0.6752, 0.937 0.5082 0.6912, 0.861 0.4992 0.5883, 0.8323 0.4976 0.5986, 0.8343 0.4975 0.583, 0.8868 0.5019 0.597, 0.911 0.5057 0.6089, 0.8304 0.4944 0.614, 0.8071 0.494 0.6124, 0.8071 0.4879 0.6269, 0.8287 0.4883 0.6285, 0.8071 0.497 0.5969, 0.8071 0.4969 0.5812, 0.857 0.4991 0.6035, 0.8704 0.4918 0.6396, 0.8897 0.4948 0.6491, 0.85 0.4896 0.6327, 0.9074 0.4986 0.661, 0.915 0.5055 0.6491, 0.9238 0.5095 0.6365, 0.896 0.5015 0.6362, 0.9482 0.5138 0.7089, 0.9589 0.5218 0.7005, 0.9712 0.5271 0.6922, 0.9468 0.5158 0.6815, 0.8532 0.4959 0.6185, 0.9333 0.5105 0.6239, 0.9532 0.5161 0.6417, 0.9704 0.5225 0.6619, 0.9847 0.5295 0.6841, 0.9955 0.5371 0.708, 1.0029 0.545 0.7331, 1.0066 0.5531 0.7588, 1.0066 0.5614 0.7849, 1.0029 0.5695 0.8106, 0.9955 0.5774 0.8357, 0.9847 0.585 0.8596, 0.9704 0.592 0.8818, 0.9532 0.5984 0.902, 0.9333 0.604 0.9197, 0.911 0.6088 0.9347, 0.8752 0.5929 0.9251, 0.8071 0.6176 0.9625, 0.8071 0.6086 0.9496, 0.6187 0.5774 0.8357, 0.6429 0.5784 0.8543, 0.6295 0.585 0.8596, 0.6437 0.592 0.8818, 0.6561 0.5849 0.8749, 0.6852 0.5501 0.8645, 0.6772 0.5635 0.866, 0.6659 0.5579 0.8484, 0.661 0.5984 0.902, 0.672 0.5908 0.8936, 0.6809 0.604 0.9197, 0.711 0.6004 0.9239, 0.7032 0.6088 0.9347, 0.698 0.5548 0.8795, 0.6909 0.5685 0.8821, 0.6904 0.596 0.91, 0.7068 0.573 0.8962, 0.7129 0.559 0.8928, 0.7296 0.5626 0.904, 0.7245 0.5768 0.9081, 0.7477 0.5654 0.9129, 0.7438 0.5798 0.9177, 0.7642 0.582 0.9246, 0.7669 0.5675 0.9194, 0.7334 0.6039 0.9349, 0.7274 0.6126 0.9467, 0.7531 0.6153 0.9554, 0.7572 0.6065 0.943, 0.7854 0.5833 0.9288, 0.7867 0.5687 0.9233, 0.7819 0.608 0.9479, 0.7799 0.617 0.9607, 0.761 0.4959 0.6185, 0.7572 0.4991 0.6035, 0.7819 0.4976 0.5986, 0.7838 0.5966 0.9371, 0.6573 0.5519 0.8294, 0.6746 0.5448 0.8479, 0.6514 0.5456 0.8095, 0.6665 0.5392 0.8301, 0.6113 0.5695 0.8106, 0.6329 0.5715 0.8323, 0.6485 0.5391 0.789, 0.6609 0.5333 0.8113, 0.6076 0.5614 0.7849, 0.6261 0.5641 0.8091, 0.6485 0.5325 0.7683, 0.6582 0.5272 0.7921, 0.6226 0.5566 0.7853, 0.6076 0.5531 0.7588, 0.6514 0.5261 0.7478, 0.6582 0.5211 0.7727, 0.6113 0.545 0.7331, 0.6226 0.549 0.7612, 0.6609 0.515 0.7534, 0.6573 0.5198 0.7279, 0.6187 0.5371 0.708, 0.6261 0.5414 0.7374, 0.6659 0.5138 0.7089, 0.6664 0.5091 0.7348, 0.6295 0.5295 0.6841, 0.6329 0.5341 0.7142, 0.6772 0.5082 0.6912, 0.6745 0.5034 0.7169, 0.6429 0.5271 0.6922, 0.6437 0.5225 0.6619, 0.6851 0.4982 0.7003, 0.6909 0.5031 0.6752, 0.661 0.5161 0.6417, 0.6561 0.5206 0.6716, 0.7068 0.4986 0.661, 0.6979 0.4934 0.6852, 0.6809 0.5105 0.6239, 0.672 0.5147 0.6529, 0.7245 0.4948 0.6491, 0.7128 0.4892 0.672, 0.7032 0.5057 0.6089, 0.6904 0.5095 0.6365, 0.7438 0.4918 0.6396, 0.7295 0.4856 0.6607, 0.7274 0.5019 0.597, 0.711 0.5051 0.6226, 0.7854 0.4883 0.6285, 0.7642 0.4896 0.6327, 0.7838 0.4944 0.614, 0.7334 0.5016 0.6116, 0.7182 0.5015 0.6362, 0.7867 0.4795 0.6413, 0.7531 0.4992 0.5883, 0.7799 0.4975 0.583, 0.739 0.4982 0.626, 0.761 0.5952 0.9326, 0.739 0.5929 0.9251, 0.7182 0.5896 0.9149, 0.6992 0.5856 0.902, 0.6821 0.5807 0.8868, 0.6674 0.5753 0.8696, 0.6552 0.5693 0.8506, 0.6459 0.5628 0.8302, 0.6396 0.556 0.8087, 0.6365 0.5491 0.7867, 0.6365 0.542 0.7644, 0.6396 0.5351 0.7424, 0.6459 0.5283 0.7209, 0.6552 0.5218 0.7005, 0.6674 0.5158 0.6815, 0.6821 0.5103 0.6642, 0.6992 0.5055 0.6491, 0.7476 0.4828 0.6518, 0.7667 0.4808 0.6453, 0.7514 0.5788 0.8262, 0.7687 0.5746 0.8347, 0.7514 0.5441 0.793, 0.7687 0.5358 0.7975, 0.7514 0.5377 0.778, 0.7687 0.5593 0.825, 0.7514 0.5534 0.8063, 0.7514 0.5651 0.8175, 0.7875 0.572 0.8399, 0.7875 0.5557 0.8296, 0.7875 0.5307 0.8004, 0.7875 0.5417 0.8162, 0.7687 0.5462 0.8124, 0.7364 0.5552 0.7868, 0.7364 0.563 0.798, 0.7364 0.547 0.7608, 0.7514 0.5344 0.7621, 0.7875 0.5231 0.7826, 0.7514 0.5343 0.7459, 0.7364 0.5469 0.7471, 0.7875 0.5191 0.7638, 0.7875 0.519 0.7445, 0.7687 0.5248 0.745, 0.7514 0.5374 0.73, 0.7687 0.5284 0.7272, 0.7514 0.5437 0.715, 0.7875 0.5228 0.7255, 0.7687 0.5353 0.7105, 0.7875 0.5302 0.7077, 0.7687 0.5249 0.7631, 0.7364 0.5498 0.7742, 0.7687 0.5287 0.7809, 0.7818 0.5459 0.9147, 0.7333 0.4957 0.8617, 0.7111 0.5201 0.8682, 0.7111 0.5047 0.8535, 0.7571 0.548 0.9097, 0.7333 0.5515 0.9016, 0.6908 0.5298 0.8565, 0.7111 0.5374 0.8806, 0.7333 0.5311 0.891, 0.7333 0.5123 0.8776, 0.7571 0.5066 0.8844, 0.7111 0.4916 0.8367, 0.7333 0.4815 0.8435, 0.7111 0.4662 0.7565, 0.7111 0.4673 0.7353, 0.7333 0.4552 0.7338, 0.7333 0.4615 0.8021, 0.7111 0.481 0.8183, 0.7111 0.4731 0.7985, 0.7571 0.4464 0.7327, 0.7333 0.454 0.7568, 0.7571 0.4451 0.757, 0.7333 0.4561 0.7797, 0.7818 0.441 0.732, 0.7818 0.4397 0.7571, 0.7818 0.4459 0.7074, 0.7818 0.4542 0.6837, 0.7571 0.4511 0.7088, 0.7111 0.4714 0.7144, 0.7333 0.4673 0.6894, 0.7333 0.4597 0.7112, 0.7111 0.4681 0.7777, 0.7818 0.4658 0.6615, 0.7333 0.47 0.8235, 0.7571 0.4474 0.7812, 0.6729 0.5191 0.8182, 0.6729 0.5108 0.8038, 0.7571 0.453 0.8048, 0.7571 0.4891 0.8676, 0.6729 0.5293 0.8312, 0.7571 0.5264 0.8986, 0.7818 0.5236 0.9032, 0.7818 0.5032 0.8886, 0.6729 0.5009 0.7724, 0.6729 0.4994 0.7559, 0.6729 0.5047 0.7885, 0.7818 0.4851 0.8713, 0.6908 0.516 0.8433, 0.7571 0.4741 0.8485, 0.6908 0.5042 0.8282, 0.7818 0.4696 0.8515, 0.7571 0.462 0.8274, 0.6908 0.4947 0.8116, 0.7818 0.4571 0.8298, 0.6908 0.4876 0.7939, 0.7818 0.4479 0.8064, 0.6908 0.4832 0.7753, 0.7818 0.442 0.782, 0.6729 0.5002 0.7393, 0.6908 0.4814 0.7562, 0.6908 0.4861 0.7184, 0.7111 0.4785 0.6943, 0.6908 0.4824 0.7371, 0.6908 0.4924 0.7003, 0.7571 0.4704 0.6643, 0.7571 0.4592 0.6859, 0.7333 0.478 0.669, 0.9055 0.9611 0.0863, 0.9055 0.8733 0.0777, 0.9055 0.9524 0.095, 0.9055 0.9721 0.0807, 0.9055 0.9843 0.0787, 0.9055 0.882 0.0591, 0.9055 0.9252 0.0158, 0.9055 0.9843 0.0, 0.9055 0.9083 0.0276, 0.9055 0.9637 0.0018, 0.9055 0.9439 0.0071, 0.9055 1.4961 0.0, 0.9055 1.4961 0.0787, 0.9055 0.8938 0.0422, 0.9055 0.8679 0.0976, 0.9055 0.9468 0.1059, 0.9227 1.5452 0.0, 0.9352 1.5576 0.0, 0.9133 1.5302 0.0, 0.9075 1.5136 0.0, 0.9501 1.567 0.0, 0.9667 1.5728 0.0, 0.9843 1.5748 0.0, 1.2205 1.5748 0.0, 1.2914 1.5302 0.0, 1.2973 1.5136 0.0, 1.2696 1.5576 0.0, 1.2821 1.5452 0.0, 1.238 1.5728 0.0, 1.2547 1.567 0.0, 1.2914 1.5302 0.0787, 1.2973 1.5136 0.0787, 1.2696 1.5576 0.0787, 1.2547 1.567 0.0787, 1.2821 1.5452 0.0787, 1.238 1.5728 0.0787, 1.2205 1.5748 0.0787, 0.9352 1.5576 0.0787, 0.9227 1.5452 0.0787, 0.9133 1.5302 0.0787, 0.9075 1.5136 0.0787, 0.9501 1.567 0.0787, 0.9667 1.5728 0.0787, 0.9843 1.5748 0.0787, -0.4527 0.0259 1.7442, -0.4527 0.0148 1.7642, -1.0827 0.0259 1.7442, -0.4527 0.0066 1.7855, -1.0827 0.0148 1.7642, -1.0827 0.0066 1.7855, -1.0827 0.0398 1.726, -0.4527 0.0017 1.8079, -0.4527 0.0 1.8307, -1.0827 0.0 1.8307, -1.0827 0.0017 1.8079, -0.4527 0.0398 1.726, -0.4527 0.0563 1.7101, -1.0827 0.0563 1.7101, -1.0827 0.0748 1.6967, -0.4527 0.0748 1.6967, -1.0827 0.0951 1.6861, -0.4527 0.0951 1.6861, -1.0827 0.1167 1.6786, -0.4527 0.1167 1.6786, -0.7 0.5501 0.7239, -0.712 0.5437 0.715, -0.712 0.5374 0.73, -0.7293 0.5353 0.7105, -0.7293 0.5284 0.7272, -0.6941 0.553 0.7331, -0.7154 0.5451 0.7082, -0.7071 0.5475 0.7156, -0.7247 0.5431 0.702, -0.7347 0.5416 0.697, -0.7454 0.5404 0.6934, -0.7481 0.5302 0.7077, -0.7564 0.5398 0.6912, -0.7677 0.5311 0.7022, -0.7677 0.5395 0.6905, -0.7293 0.5248 0.745, -0.697 0.5469 0.7471, -0.697 0.547 0.7608, -0.6865 0.5594 0.7534, -0.6941 0.576 0.8059, -0.697 0.563 0.798, -0.712 0.5651 0.8175, -0.7293 0.5287 0.7809, -0.712 0.5344 0.7621, -0.7293 0.5249 0.7631, -0.712 0.5343 0.7459, -0.685 0.5628 0.7641, -0.697 0.5498 0.7742, -0.697 0.5552 0.7868, -0.685 0.5662 0.7749, -0.7071 0.5816 0.8235, -0.6999 0.5789 0.8151, -0.712 0.5788 0.8262, -0.7481 0.5307 0.8004, -0.7481 0.5231 0.7826, -0.7293 0.5593 0.825, -0.7293 0.5746 0.8347, -0.6865 0.5696 0.7856, -0.712 0.5534 0.8063, -0.7293 0.5462 0.8124, -0.7481 0.5417 0.8162, -0.7293 0.5358 0.7975, -0.7481 0.5557 0.8296, -0.712 0.5441 0.793, -0.7481 0.572 0.8399, -0.7677 0.5553 0.8317, -0.7677 0.5716 0.8419, -0.7677 0.5895 0.8486, -0.7564 0.5893 0.8479, -0.7481 0.5228 0.7255, -0.7677 0.5245 0.7151, -0.6896 0.5561 0.743, -0.7677 0.5198 0.7288, -0.7481 0.519 0.7445, -0.7677 0.5168 0.7477, -0.7481 0.5191 0.7638, -0.7677 0.5175 0.7669, -0.712 0.5377 0.778, -0.7677 0.522 0.7856, -0.6896 0.5729 0.796, -0.7677 0.53 0.8031, -0.7153 0.5839 0.8309, -0.7677 0.5412 0.8186, -0.7347 0.5875 0.8421, -0.7246 0.5859 0.8371, -0.7453 0.5886 0.8457, -0.7177 0.5264 0.8986, -0.6939 0.5515 0.9016, -0.7177 0.548 0.9097, -0.6717 0.4731 0.7985, -0.6514 0.4947 0.8116, -0.6717 0.481 0.8183, -0.6817 0.5609 0.8986, -0.6946 0.5633 0.9064, -0.7082 0.5654 0.9129, -0.6696 0.558 0.8896, -0.6717 0.5374 0.8806, -0.7424 0.5459 0.9147, -0.7677 0.5446 0.9161, -0.7424 0.5236 0.9032, -0.7226 0.567 0.918, -0.7274 0.4808 0.6453, -0.7177 0.4704 0.6643, -0.7424 0.4658 0.6615, -0.6939 0.5311 0.891, -0.7677 0.5215 0.904, -0.7424 0.5032 0.8886, -0.6514 0.5298 0.8565, -0.6514 0.5453 0.8676, -0.6717 0.5201 0.8682, -0.7524 0.5689 0.9239, -0.7373 0.5682 0.9217, -0.7677 0.5691 0.9247, -0.6717 0.5047 0.8535, -0.6514 0.516 0.8433, -0.6939 0.5123 0.8776, -0.7677 0.4458 0.8057, -0.7424 0.442 0.782, -0.7424 0.4479 0.8064, -0.6717 0.4916 0.8367, -0.6939 0.4957 0.8617, -0.6514 0.5042 0.8282, -0.6336 0.5191 0.8182, -0.6939 0.4815 0.8435, -0.6717 0.4662 0.7565, -0.6717 0.4673 0.7353, -0.6514 0.4814 0.7562, -0.7677 0.4644 0.6604, -0.7474 0.4795 0.6413, -0.7677 0.4791 0.64, -0.7082 0.4828 0.6518, -0.7424 0.4542 0.6837, -0.7177 0.4592 0.6859, -0.7677 0.4443 0.7064, -0.7424 0.4459 0.7074, -0.7424 0.441 0.732, -0.7177 0.4511 0.7088, -0.6939 0.454 0.7568, -0.6939 0.4552 0.7338, -0.7424 0.4397 0.7571, -0.7677 0.4393 0.731, -0.6939 0.4615 0.8021, -0.6939 0.4561 0.7797, -0.6514 0.4832 0.7753, -0.6717 0.4681 0.7777, -0.6939 0.47 0.8235, -0.7677 0.4401 0.7812, -0.7677 0.5005 0.8887, -0.7424 0.4851 0.8713, -0.6586 0.5548 0.8795, -0.7177 0.5066 0.8844, -0.6488 0.5513 0.8684, -0.6402 0.5475 0.8563, -0.7677 0.4825 0.8711, -0.7424 0.4696 0.8515, -0.7177 0.4891 0.8676, -0.6329 0.5435 0.8435, -0.6336 0.5293 0.8312, -0.6271 0.5392 0.8301, -0.7677 0.4672 0.8511, -0.7424 0.4571 0.8298, -0.7177 0.4741 0.8485, -0.6227 0.5348 0.8161, -0.7677 0.4548 0.8292, -0.7177 0.462 0.8274, -0.6336 0.5108 0.8038, -0.6198 0.5303 0.8018, -0.6939 0.4673 0.6894, -0.6717 0.4785 0.6943, -0.6717 0.4714 0.7144, -0.7177 0.453 0.8048, -0.6514 0.4876 0.7939, -0.6336 0.5047 0.7885, -0.6185 0.5257 0.7873, -0.7177 0.4474 0.7812, -0.6336 0.5009 0.7724, -0.6188 0.5211 0.7728, -0.7677 0.4379 0.7562, -0.7177 0.4451 0.757, -0.6215 0.515 0.7535, -0.6514 0.4861 0.7184, -0.6514 0.4824 0.7371, -0.7177 0.4464 0.7327, -0.6336 0.4994 0.7559, -0.6336 0.5002 0.7393, -0.6939 0.4597 0.7112, -0.6351 0.5034 0.7169, -0.627 0.5091 0.7348, -0.7677 0.4527 0.6827, -0.6514 0.4924 0.7003, -0.6939 0.478 0.669, -0.6735 0.4892 0.6719, -0.6586 0.4934 0.6852, -0.6457 0.4982 0.7003, -0.6901 0.4856 0.6607, -0.6693 0.8661 0.2165, -1.2598 0.8661 0.2165, -1.2598 0.9449 0.2165, -0.6693 0.9449 0.2165, -0.2756 0.9449 0.1181, -0.6693 0.9449 0.1181, -0.9646 0.9449 0.747, -0.689 0.9449 0.747, -0.9646 0.9449 1.1614, -0.689 0.9449 1.1614, -0.4527 0.9449 1.8307, -0.2756 0.9449 1.8307, -1.0827 0.9449 1.8307, -1.2598 0.9449 1.8307, -0.9646 0.8661 1.1614, -0.9646 0.8661 0.747, -0.9646 0.9456 0.7573, -0.9646 0.9476 0.7674, -0.689 0.9476 0.7674, -0.689 0.9456 0.7573, -0.689 0.8661 0.747, -0.689 0.8661 1.1614, -0.2756 0.8661 0.1181, -0.2756 0.9611 0.0863, -0.2756 0.9637 0.0018, -0.2756 0.9721 0.0807, -0.2756 0.9252 0.0158, -0.2756 0.9468 0.1059, -0.2756 0.9439 0.0071, -0.2756 0.9843 0.0, -0.2756 0.9843 0.0787, -0.2756 1.4961 0.0787, -0.2756 1.4961 0.0, -0.2756 0.9524 0.095, -0.2756 0.9083 0.0276, -0.2756 0.882 0.0591, -0.2756 0.8938 0.0422, -0.2756 0.8733 0.0777, -0.2756 0.8679 0.0976, -0.2756 0.8661 1.8307, -1.2598 0.8661 1.8307, -1.0827 0.8661 1.8307, -0.4527 0.812 1.9863, -1.0827 0.7874 1.9882, -0.4527 0.7874 1.9882, -0.4527 0.88 1.9581, -1.0827 0.8589 1.971, -0.4527 0.8589 1.971, -0.4527 0.8361 1.9805, -1.0827 0.8361 1.9805, -1.0827 0.812 1.9863, -1.0827 0.9148 1.9233, -0.4527 0.9148 1.9233, -0.4527 0.9277 1.9022, -1.0827 0.88 1.9581, -0.4527 0.8988 1.9421, -1.0827 0.8988 1.9421, -1.0827 0.9372 1.8794, -0.4527 0.9372 1.8794, -0.4527 0.9429 1.8553, -1.0827 0.9277 1.9022, -1.0827 0.9429 1.8553, -0.4527 0.8661 1.8307, -0.6693 0.8661 0.1181, -0.4527 0.8049 1.9075, -0.4527 0.7874 1.9094, -1.0827 0.7874 1.9094, -0.4527 0.849 1.8798, -0.4527 0.8365 1.8923, -1.0827 0.8365 1.8923, -0.4527 0.8216 1.9017, -1.0827 0.8049 1.9075, -1.0827 0.8216 1.9017, -1.0827 0.8642 1.8482, -0.4527 0.8642 1.8482, -1.0827 0.8583 1.8649, -1.0827 0.849 1.8798, -0.4527 0.8583 1.8649, -0.689 0.8715 0.7877, -0.9646 0.8675 0.7675, -0.689 0.8675 0.7675, -0.9646 0.8715 0.7877, -0.9646 0.968 1.148, -0.9646 1.0441 1.1276, -0.689 0.968 1.148, -0.689 1.0441 1.1276, -1.0827 0.0807 1.8482, -1.0827 0.0172 1.9022, -1.0827 0.0865 1.8649, -1.0827 0.0461 1.9421, -1.0827 0.0959 1.8798, -1.0827 0.1084 1.8923, -1.0827 0.086 1.971, -1.0827 0.1233 1.9017, -1.0827 0.0649 1.9581, -1.0827 0.14 1.9075, -1.0827 0.1088 1.9805, -1.0827 0.1575 1.9882, -1.0827 0.1328 1.9863, -1.0827 0.1575 1.9094, -1.0827 0.6894 1.5341, -1.0827 0.7136 1.5026, -1.0827 0.6568 1.4455, -1.0827 0.0077 1.8794, -1.0827 0.0019 1.8553, -1.0827 0.0301 1.9233, -1.0827 0.0787 1.8307, -1.0827 0.0806 1.8137, -1.0827 0.1069 1.7704, -1.0827 0.095 1.7828, -1.0827 0.0861 1.7974, -1.0827 0.1371 1.7547, -1.0827 0.4707 1.5838, -1.0827 0.1211 1.7609, -1.0827 0.6979 1.2174, -1.0827 0.7028 1.2509, -1.0827 0.7746 1.1992, -1.0827 0.7041 1.2848, -1.0827 0.781 1.3178, -1.0827 0.7828 1.2782, -1.0827 0.7645 1.1608, -1.0827 0.6894 1.1845, -1.0827 0.7807 1.2385, -1.0827 0.7017 1.3186, -1.0827 0.7751 1.3571, -1.0827 0.6957 1.352, -1.0827 0.6861 1.3845, -1.0827 0.7653 1.3957, -1.0827 0.7344 1.4687, -1.0827 0.6731 1.4158, -1.0827 0.7517 1.433, -1.0827 0.6151 1.4989, -1.0827 0.6323 1.5892, -1.0827 0.6622 1.5631, -1.0827 0.6374 1.4733, -1.0827 0.615 0.6881, -1.0827 0.5399 0.7119, -1.0827 0.5289 1.6476, -1.0827 0.5652 1.6317, -1.0827 0.5338 1.5593, -1.0827 0.5029 1.5732, -1.0827 0.491 1.6598, -1.0827 0.5902 1.5219, -1.0827 0.5998 1.6121, -1.0827 0.563 1.5421, -0.4527 0.1575 1.9882, -0.4527 0.1575 1.9094, -0.4527 0.0806 1.8137, -0.4527 0.6374 1.4733, -0.4527 0.6894 1.5341, -0.4527 0.6622 1.5631, -0.4527 0.0649 1.9581, -0.4527 0.1084 1.8923, -0.4527 0.086 1.971, -0.4527 0.0959 1.8798, -0.4527 0.0172 1.9022, -0.4527 0.0807 1.8482, -0.4527 0.0865 1.8649, -0.4527 0.0461 1.9421, -0.4527 0.0787 1.8307, -0.4527 0.0077 1.8794, -0.4527 0.0019 1.8553, -0.4527 0.0861 1.7974, -0.4527 0.1069 1.7704, -0.4527 0.095 1.7828, -0.4527 0.1371 1.7547, -0.4527 0.1211 1.7609, -0.4527 0.6979 1.2174, -0.4527 0.7746 1.1992, -0.4527 0.7028 1.2509, -0.4527 0.7041 1.2848, -0.4527 0.7828 1.2782, -0.4527 0.781 1.3178, -0.4527 0.7645 1.1608, -0.4527 0.6894 1.1845, -0.4527 0.7807 1.2385, -0.4527 0.7017 1.3186, -0.4527 0.7751 1.3571, -0.4527 0.6957 1.352, -0.4527 0.7653 1.3957, -0.4527 0.6861 1.3845, -0.4527 0.7344 1.4687, -0.4527 0.7136 1.5026, -0.4527 0.6731 1.4158, -0.4527 0.7517 1.433, -0.4527 0.6323 1.5892, -0.4527 0.6151 1.4989, -0.4527 0.6568 1.4455, -0.4527 0.615 0.6881, -0.4527 0.5399 0.7119, -0.4527 0.5289 1.6476, -0.4527 0.5338 1.5593, -0.4527 0.5652 1.6317, -0.4527 0.4707 1.5838, -0.4527 0.5029 1.5732, -0.4527 0.491 1.6598, -0.4527 0.5998 1.6121, -0.4527 0.5902 1.5219, -0.4527 0.563 1.5421, -0.4527 0.0301 1.9233, -0.4527 0.1233 1.9017, -0.4527 0.1088 1.9805, -0.4527 0.14 1.9075, -0.4527 0.1328 1.9863, -1.0156 0.5524 0.4903, -0.9438 0.5963 0.629, -0.9253 0.5894 0.6073, -0.9664 0.5359 0.4379, -0.9037 0.5834 0.5881, -0.8797 0.5782 0.5719, -0.9924 0.5438 0.4629, -0.907 0.5227 0.3963, -0.8536 0.5742 0.559, -0.7971 0.5694 0.5439, -0.8397 0.5136 0.3674, -0.8258 0.5712 0.5496, -0.8741 0.5176 0.3802, -0.8041 0.5106 0.3581, -0.7677 0.5688 0.542, -0.7382 0.5694 0.544, -0.7313 0.5106 0.3581, -0.7677 0.5088 0.3524, -0.5976 0.5288 0.4156, -0.6285 0.5227 0.3963, -0.6556 0.5783 0.572, -0.7094 0.5712 0.5497, -0.6957 0.5136 0.3674, -0.6613 0.5176 0.3802, -0.6817 0.5742 0.5591, -0.569 0.5359 0.4379, -0.6315 0.5834 0.5882, -0.4998 0.5618 0.5199, -0.5915 0.5963 0.6291, -0.4831 0.5717 0.5513, -0.543 0.5438 0.4629, -0.5645 0.6556 0.8165, -0.4604 0.5929 0.6182, -0.5645 0.6121 0.6789, -0.4547 0.6039 0.6529, -0.5526 0.6383 0.7618, -0.5566 0.6471 0.7895, -0.5763 0.6638 0.8423, -0.5566 0.6206 0.7058, -0.5526 0.6294 0.7337, -0.5762 0.6039 0.6532, -0.4699 0.5821 0.5842, -0.6101 0.5895 0.6074, -0.5198 0.5524 0.4903, -0.9709 0.612 0.6787, -1.0807 0.6039 0.6529, -0.9788 0.6206 0.7057, -1.0356 0.5618 0.5199, -1.0523 0.5717 0.5513, -0.7383 0.6982 0.9513, -0.7677 0.6989 0.9532, -0.9591 0.6039 0.6529, -1.0655 0.5821 0.5842, -0.6818 0.6935 0.9362, -0.7096 0.6965 0.9456, -0.6317 0.6843 0.9072, -0.6558 0.6894 0.9233, -0.5916 0.6714 0.8662, -0.6101 0.6782 0.888, -0.9378 0.5288 0.4156, -1.075 0.5929 0.6182, -0.9828 0.6382 0.7616, -0.9828 0.6294 0.7335, -0.9709 0.6556 0.8164, -0.9788 0.6471 0.7894, -0.9592 0.6637 0.8421, -0.9254 0.6782 0.8879, -0.9439 0.6713 0.8661, -0.8798 0.6894 0.9232, -0.9039 0.6842 0.907, -0.826 0.6964 0.9456, -0.8537 0.6935 0.9362, -0.7972 0.6982 0.9513, -1.0655 0.5071 0.6079, -1.075 0.5178 0.6419, -1.0807 0.5288 0.6767, -1.0156 0.4774 0.5141, -1.0523 0.4966 0.575, -1.0356 0.4867 0.5436, -0.9378 0.4537 0.4394, -0.9664 0.4608 0.4616, -0.9924 0.4687 0.4866, -0.8741 0.4425 0.4039, -0.907 0.4476 0.4201, -0.8397 0.4385 0.3912, -0.8041 0.4355 0.3818, -0.7677 0.4337 0.3761, -0.9252 0.5143 0.631, -0.9439 0.5212 0.6527, -0.8796 0.5032 0.5956, -0.9037 0.5083 0.6118, -0.8534 0.4991 0.5827, -0.7972 0.4943 0.5677, -0.8257 0.4961 0.5733, -0.7677 0.4937 0.5658, -0.6957 0.4385 0.3912, -0.7395 0.4943 0.5675, -0.7313 0.4355 0.3818, -0.5976 0.4537 0.4394, -0.6598 0.5024 0.5933, -0.6285 0.4476 0.4201, -0.7118 0.4959 0.5728, -0.6613 0.4425 0.4039, -0.6851 0.4987 0.5814, -0.569 0.4608 0.4616, -0.6363 0.5072 0.6083, -0.9829 0.5543 0.7572, -0.9828 0.5632 0.7853, -0.543 0.4687 0.4866, -0.6152 0.5128 0.626, -0.5594 0.5419 0.7182, -0.5539 0.5503 0.7446, -0.5685 0.5339 0.6927, -0.4699 0.5071 0.6079, -0.4604 0.5178 0.6419, -0.4547 0.5288 0.6767, -0.5521 0.5588 0.7714, -0.5809 0.5263 0.6687, -0.4831 0.4966 0.575, -0.5198 0.4774 0.5141, -0.4998 0.4867 0.5436, -0.5966 0.5192 0.6463, -0.9709 0.5805 0.8401, -0.9789 0.572 0.8132, -0.9591 0.5288 0.6767, -0.581 0.5913 0.8743, -0.5967 0.5984 0.8966, -0.9709 0.5369 0.7024, -0.9789 0.5455 0.7295, -0.826 0.6214 0.9693, -0.8537 0.6184 0.9599, -0.9592 0.5886 0.8658, -0.9254 0.6031 0.9116, -0.9439 0.5962 0.8899, -0.8798 0.6143 0.947, -0.9039 0.6092 0.9308, -0.7971 0.6232 0.9751, -0.7677 0.6238 0.977, -0.712 0.6216 0.97, -0.7395 0.6232 0.9752, -0.6601 0.6151 0.9495, -0.6854 0.6189 0.9614, -0.6153 0.6047 0.9168, -0.6365 0.6104 0.9345, -0.5685 0.5836 0.8501, -0.5594 0.5756 0.8247, -0.5539 0.5673 0.7983, -0.8459 0.5562 0.7431, -0.8533 0.5684 0.7218, -0.8585 0.572 0.7333, -0.8082 0.6638 0.8897, -0.7855 0.6488 0.8783, -0.8029 0.6477 0.8748, -0.8178 0.5569 0.6856, -0.8201 0.5451 0.7082, -0.8108 0.5432 0.702, -0.9146 0.611 0.7228, -0.8977 0.6072 0.7467, -0.8953 0.6019 0.7299, -0.9009 0.5994 0.6861, -0.8905 0.5967 0.7136, -0.8834 0.5918 0.698, -0.8465 0.565 0.7111, -0.8414 0.553 0.7332, -0.8629 0.5831 0.6704, -0.8774 0.5893 0.6543, -0.8742 0.5872 0.6836, -0.8903 0.5941 0.6694, -0.794 0.5746 0.5656, -0.8624 0.5851 0.641, -0.8499 0.5794 0.6588, -0.8008 0.5416 0.697, -0.8061 0.5551 0.6798, -0.8198 0.5762 0.5708, -0.8447 0.5789 0.5792, -0.8359 0.5804 0.5999, -0.8681 0.5825 0.5907, -0.8566 0.5836 0.6101, -0.9091 0.605 0.704, -0.8489 0.5595 0.7535, -0.8621 0.5758 0.7454, -0.8457 0.5815 0.6297, -0.7937 0.5538 0.6756, -0.798 0.5644 0.6562, -0.8354 0.5763 0.649, -0.7855 0.5709 0.6321, -0.8029 0.572 0.6356, -0.779 0.5398 0.6912, -0.7677 0.5527 0.6722, -0.7808 0.553 0.673, -0.783 0.5634 0.6532, -0.7677 0.5631 0.6522, -0.9174 0.6171 0.7422, -0.8977 0.6126 0.7637, -0.9174 0.6233 0.7617, -0.8953 0.6179 0.7805, -0.8283 0.5475 0.7156, -0.8382 0.5619 0.7014, -0.8355 0.5501 0.724, -0.8905 0.623 0.7968, -0.9146 0.6294 0.781, -0.8639 0.5798 0.7578, -0.8639 0.5837 0.7704, -0.8504 0.5662 0.775, -0.9091 0.6353 0.7998, -0.8834 0.6279 0.8124, -0.8489 0.5696 0.7857, -0.8621 0.5877 0.7828, -0.9009 0.641 0.8178, -0.8742 0.6325 0.8268, -0.8504 0.5628 0.7642, -0.8629 0.6367 0.84, -0.8903 0.6463 0.8344, -0.8585 0.5915 0.7949, -0.8533 0.5951 0.8064, -0.8413 0.576 0.8059, -0.8774 0.6511 0.8496, -0.8499 0.6404 0.8516, -0.8354 0.579 0.8152, -0.8465 0.5985 0.8171, -0.8624 0.6553 0.8629, -0.8354 0.6434 0.8613, -0.8458 0.5729 0.796, -0.8196 0.6459 0.8691, -0.8457 0.6589 0.8742, -0.8382 0.6016 0.8268, -0.8285 0.6043 0.8354, -0.82 0.5839 0.8309, -0.8275 0.6617 0.8832, -0.8108 0.5859 0.8371, -0.8178 0.6066 0.8426, -0.7937 0.6097 0.8526, -0.7901 0.5886 0.8457, -0.8061 0.6084 0.8484, -0.8283 0.5816 0.8235, -0.791 0.6789 0.9112, -0.7677 0.6654 0.895, -0.7881 0.665 0.8937, -0.7677 0.6492 0.8794, -0.7677 0.6308 0.8663, -0.794 0.69 0.9306, -0.7677 0.6905 0.9323, -0.7677 0.6793 0.9127, -0.783 0.6305 0.8653, -0.7677 0.6108 0.856, -0.7808 0.6106 0.8551, -0.779 0.5893 0.8479, -0.8007 0.5875 0.8421, -0.8139 0.6774 0.9067, -0.8198 0.6884 0.9255, -0.798 0.6296 0.8624, -0.8359 0.6751 0.8992, -0.8124 0.628 0.8575, -0.8447 0.6857 0.917, -0.8566 0.6718 0.889, -0.8261 0.6259 0.8508, -0.8681 0.6821 0.9055, -0.8757 0.6678 0.8761, -0.8386 0.6232 0.8423, -0.8896 0.6775 0.891, -0.8928 0.6629 0.8609, -0.8498 0.6201 0.8324, -0.9089 0.6721 0.8738, -0.9075 0.6575 0.8437, -0.8594 0.6165 0.821, -0.9255 0.6659 0.8543, -0.9197 0.6515 0.8246, -0.9392 0.6591 0.8328, -0.8674 0.6126 0.8085, -0.929 0.645 0.8042, -0.9497 0.6518 0.8098, -0.8735 0.6083 0.7951, -0.9353 0.6382 0.7828, -0.8777 0.6039 0.7811, -0.9568 0.6441 0.7856, -0.9385 0.6312 0.7607, -0.9604 0.6363 0.7607, -0.8797 0.5993 0.7666, -0.9385 0.6242 0.7384, -0.9604 0.6283 0.7355, -0.8797 0.5947 0.752, -0.9353 0.6172 0.7164, -0.8777 0.5901 0.7375, -0.9568 0.6204 0.7106, -0.929 0.6104 0.6949, -0.8735 0.5856 0.7234, -0.9497 0.6128 0.6864, -0.9197 0.604 0.6745, -0.8674 0.5814 0.71, -0.9392 0.6055 0.6634, -0.9075 0.5979 0.6554, -0.8285 0.5592 0.6928, -0.9255 0.5987 0.6419, -0.8594 0.5774 0.6975, -0.8928 0.5925 0.6382, -0.8498 0.5739 0.6862, -0.9089 0.5925 0.6224, -0.8757 0.5877 0.623, -0.8386 0.5707 0.6762, -0.8896 0.5871 0.6052, -0.8275 0.5787 0.6207, -0.8082 0.5766 0.6142, -0.8139 0.578 0.5924, -0.8261 0.568 0.6678, -0.8196 0.5738 0.6412, -0.8124 0.5659 0.6611, -0.7901 0.5404 0.6934, -0.7881 0.5754 0.6102, -0.791 0.5766 0.5879, -0.7677 0.574 0.5639, -0.7677 0.5706 0.631, -0.7677 0.5749 0.6089, -0.7677 0.5761 0.5864, -0.7524 0.5634 0.6532, -0.7326 0.572 0.6356, -0.7272 0.5766 0.6142, -0.75 0.5709 0.6321, -0.7176 0.6066 0.8426, -0.7293 0.6084 0.8484, -0.7546 0.553 0.673, -0.7417 0.5538 0.6756, -0.7293 0.5551 0.6798, -0.7 0.5763 0.649, -0.6897 0.5815 0.6297, -0.7158 0.5738 0.6412, -0.6973 0.5619 0.7014, -0.7069 0.5592 0.6928, -0.6769 0.572 0.7333, -0.6855 0.5794 0.6588, -0.6725 0.5831 0.6704, -0.658 0.5893 0.6543, -0.6613 0.5872 0.6836, -0.6451 0.5941 0.6694, -0.6821 0.5684 0.7218, -0.6715 0.5837 0.7704, -0.6715 0.5798 0.7578, -0.6263 0.605 0.704, -0.652 0.5918 0.698, -0.6449 0.5967 0.7136, -0.6769 0.5915 0.7949, -0.6821 0.5951 0.8064, -0.6377 0.6072 0.7467, -0.6377 0.6126 0.7637, -0.618 0.6233 0.7617, -0.658 0.6511 0.8496, -0.6613 0.6325 0.8268, -0.6725 0.6367 0.84, -0.6673 0.6821 0.9055, -0.6788 0.6718 0.889, -0.6908 0.6857 0.917, -0.6855 0.6404 0.8516, -0.7 0.6434 0.8613, -0.6897 0.6589 0.8742, -0.673 0.6553 0.8629, -0.7417 0.6097 0.8526, -0.7374 0.6296 0.8624, -0.7326 0.6477 0.8748, -0.75 0.6488 0.8783, -0.7546 0.6106 0.8551, -0.7524 0.6305 0.8653, -0.7156 0.6884 0.9255, -0.7414 0.69 0.9306, -0.6995 0.6751 0.8992, -0.6451 0.6463 0.8344, -0.652 0.6279 0.8124, -0.6449 0.623 0.7968, -0.6345 0.641 0.8178, -0.6401 0.6179 0.7805, -0.6263 0.6353 0.7998, -0.689 0.5985 0.8171, -0.6733 0.5877 0.7828, -0.6208 0.6294 0.781, -0.618 0.6171 0.7422, -0.6401 0.6019 0.7299, -0.6973 0.6016 0.8268, -0.6733 0.5758 0.7454, -0.6208 0.611 0.7228, -0.6345 0.5994 0.6861, -0.673 0.5851 0.641, -0.689 0.565 0.7111, -0.7079 0.5787 0.6207, -0.7176 0.5569 0.6856, -0.7473 0.5754 0.6102, -0.7444 0.5766 0.5879, -0.7414 0.5746 0.5656, -0.7215 0.578 0.5924, -0.7156 0.5762 0.5708, -0.7374 0.5644 0.6562, -0.6995 0.5804 0.5999, -0.723 0.5659 0.6611, -0.6908 0.5789 0.5792, -0.6788 0.5836 0.6101, -0.7094 0.568 0.6678, -0.6673 0.5825 0.5907, -0.6597 0.5877 0.623, -0.6968 0.5707 0.6762, -0.6458 0.5871 0.6052, -0.6426 0.5925 0.6382, -0.6856 0.5739 0.6862, -0.6265 0.5925 0.6224, -0.6279 0.5979 0.6554, -0.676 0.5774 0.6975, -0.6099 0.5987 0.6419, -0.6157 0.604 0.6745, -0.5962 0.6055 0.6634, -0.668 0.5814 0.71, -0.6064 0.6104 0.6949, -0.5857 0.6128 0.6864, -0.6619 0.5856 0.7234, -0.6001 0.6172 0.7164, -0.6578 0.5901 0.7375, -0.5786 0.6204 0.7106, -0.5969 0.6242 0.7384, -0.575 0.6283 0.7355, -0.6557 0.5947 0.752, -0.5969 0.6312 0.7607, -0.575 0.6363 0.7607, -0.6557 0.5993 0.7666, -0.6001 0.6382 0.7828, -0.6578 0.6039 0.7811, -0.5786 0.6441 0.7856, -0.6064 0.645 0.8042, -0.6619 0.6083 0.7951, -0.5857 0.6518 0.8098, -0.6157 0.6515 0.8246, -0.668 0.6126 0.8085, -0.5962 0.6591 0.8328, -0.6279 0.6575 0.8437, -0.7069 0.6043 0.8354, -0.6099 0.6659 0.8543, -0.676 0.6165 0.821, -0.6426 0.6629 0.8609, -0.6856 0.6201 0.8324, -0.6265 0.6721 0.8738, -0.6597 0.6678 0.8761, -0.6968 0.6232 0.8423, -0.6458 0.6775 0.891, -0.7079 0.6617 0.8832, -0.7272 0.6638 0.8897, -0.7215 0.6774 0.9067, -0.7094 0.6259 0.8508, -0.7158 0.6459 0.8691, -0.723 0.628 0.8575, -0.7473 0.665 0.8937, -0.7444 0.6789 0.9112, -0.6515 0.5685 0.8821, -0.6674 0.573 0.8962, -0.5867 0.5641 0.8091, -0.5971 0.5491 0.7867, -0.5833 0.5566 0.7853, -0.6851 0.5768 0.9081, -0.6427 0.5807 0.8868, -0.6326 0.5908 0.8936, -0.651 0.596 0.91, -0.7138 0.6153 0.9554, -0.688 0.6126 0.9467, -0.6717 0.6004 0.9239, -0.6598 0.5856 0.902, -0.7405 0.617 0.9607, -0.7044 0.5798 0.9177, -0.6941 0.6039 0.9349, -0.6788 0.5896 0.9149, -0.7444 0.5966 0.9371, -0.7461 0.5833 0.9288, -0.7248 0.582 0.9246, -0.7178 0.6065 0.943, -0.7425 0.608 0.9479, -0.7216 0.5952 0.9326, -0.7677 0.5972 0.9387, -0.7677 0.5839 0.9303, -0.628 0.5753 0.8696, -0.6167 0.5849 0.8749, -0.6378 0.5635 0.866, -0.6266 0.5579 0.8484, -0.6036 0.5784 0.8543, -0.6159 0.5693 0.8506, -0.6179 0.5519 0.8294, -0.6066 0.5628 0.8302, -0.5935 0.5715 0.8323, -0.6003 0.556 0.8087, -0.6091 0.5391 0.789, -0.6121 0.5456 0.8095, -0.6091 0.5325 0.7683, -0.5971 0.542 0.7644, -0.5833 0.549 0.7612, -0.6003 0.5351 0.7424, -0.5867 0.5414 0.7374, -0.5935 0.5341 0.7142, -0.6066 0.5283 0.7209, -0.6427 0.5103 0.6642, -0.6326 0.5147 0.6529, -0.6167 0.5206 0.6716, -0.6179 0.5198 0.7279, -0.6121 0.5261 0.7478, -0.6996 0.4982 0.626, -0.6941 0.5016 0.6116, -0.6717 0.5051 0.6226, -0.6515 0.5031 0.6752, -0.6378 0.5082 0.6912, -0.7138 0.4992 0.5883, -0.7425 0.4976 0.5986, -0.7405 0.4975 0.583, -0.688 0.5019 0.597, -0.6638 0.5057 0.6089, -0.7444 0.4944 0.614, -0.7677 0.494 0.6124, -0.7677 0.4879 0.6269, -0.7461 0.4883 0.6285, -0.7677 0.497 0.5969, -0.7677 0.4969 0.5812, -0.7178 0.4991 0.6035, -0.7044 0.4918 0.6396, -0.6851 0.4948 0.6491, -0.7248 0.4896 0.6327, -0.6674 0.4986 0.661, -0.6598 0.5055 0.6491, -0.651 0.5095 0.6365, -0.6788 0.5015 0.6362, -0.6266 0.5138 0.7089, -0.6159 0.5218 0.7005, -0.6036 0.5271 0.6922, -0.628 0.5158 0.6815, -0.7216 0.4959 0.6185, -0.6415 0.5105 0.6239, -0.6216 0.5161 0.6417, -0.6043 0.5225 0.6619, -0.5902 0.5295 0.6841, -0.5793 0.5371 0.708, -0.5719 0.545 0.7331, -0.5682 0.5531 0.7588, -0.5682 0.5614 0.7849, -0.5719 0.5695 0.8106, -0.5793 0.5774 0.8357, -0.5902 0.585 0.8596, -0.6043 0.592 0.8818, -0.6216 0.5984 0.902, -0.6415 0.604 0.9197, -0.6638 0.6088 0.9347, -0.6996 0.5929 0.9251, -0.7677 0.6176 0.9625, -0.7677 0.6086 0.9496, -0.9561 0.5774 0.8357, -0.9319 0.5784 0.8543, -0.9453 0.585 0.8596, -0.9311 0.592 0.8818, -0.9187 0.5849 0.8749, -0.8896 0.5501 0.8645, -0.8976 0.5635 0.866, -0.9089 0.5579 0.8484, -0.9139 0.5984 0.902, -0.9028 0.5908 0.8936, -0.8939 0.604 0.9197, -0.8638 0.6004 0.9239, -0.8716 0.6088 0.9347, -0.8768 0.5548 0.8795, -0.8839 0.5685 0.8821, -0.8844 0.596 0.91, -0.868 0.573 0.8962, -0.8619 0.559 0.8928, -0.8452 0.5626 0.904, -0.8503 0.5768 0.9081, -0.8271 0.5654 0.9129, -0.831 0.5798 0.9177, -0.8106 0.582 0.9246, -0.8079 0.5675 0.9194, -0.8414 0.6039 0.9349, -0.8474 0.6126 0.9467, -0.8217 0.6153 0.9554, -0.8176 0.6065 0.943, -0.7894 0.5833 0.9288, -0.7881 0.5687 0.9233, -0.7929 0.608 0.9479, -0.7949 0.617 0.9607, -0.8139 0.4959 0.6185, -0.8176 0.4991 0.6035, -0.7929 0.4976 0.5986, -0.791 0.5966 0.9371, -0.9175 0.5519 0.8294, -0.9002 0.5448 0.8479, -0.9234 0.5456 0.8095, -0.9084 0.5392 0.8301, -0.9635 0.5695 0.8106, -0.9419 0.5715 0.8323, -0.9263 0.5391 0.789, -0.9139 0.5333 0.8113, -0.9672 0.5614 0.7849, -0.9487 0.5641 0.8091, -0.9263 0.5325 0.7683, -0.9166 0.5272 0.7921, -0.9522 0.5566 0.7853, -0.9672 0.5531 0.7588, -0.9234 0.5261 0.7478, -0.9167 0.5211 0.7727, -0.9635 0.545 0.7331, -0.9522 0.549 0.7612, -0.9139 0.515 0.7534, -0.9175 0.5198 0.7279, -0.9561 0.5371 0.708, -0.9487 0.5414 0.7374, -0.9089 0.5138 0.7089, -0.9084 0.5091 0.7348, -0.9453 0.5295 0.6841, -0.9419 0.5341 0.7142, -0.8976 0.5082 0.6912, -0.9003 0.5034 0.7169, -0.9319 0.5271 0.6922, -0.9311 0.5225 0.6619, -0.8897 0.4982 0.7003, -0.8839 0.5031 0.6752, -0.9139 0.5161 0.6417, -0.9187 0.5206 0.6716, -0.868 0.4986 0.661, -0.8769 0.4934 0.6852, -0.8939 0.5105 0.6239, -0.9028 0.5147 0.6529, -0.8503 0.4948 0.6491, -0.862 0.4892 0.672, -0.8716 0.5057 0.6089, -0.8844 0.5095 0.6365, -0.831 0.4918 0.6396, -0.8453 0.4856 0.6607, -0.8474 0.5019 0.597, -0.8638 0.5051 0.6226, -0.7894 0.4883 0.6285, -0.8106 0.4896 0.6327, -0.791 0.4944 0.614, -0.8414 0.5016 0.6116, -0.8566 0.5015 0.6362, -0.7881 0.4795 0.6413, -0.8217 0.4992 0.5883, -0.7949 0.4975 0.583, -0.8358 0.4982 0.626, -0.8139 0.5952 0.9326, -0.8358 0.5929 0.9251, -0.8566 0.5896 0.9149, -0.8756 0.5856 0.902, -0.8927 0.5807 0.8868, -0.9074 0.5753 0.8696, -0.9196 0.5693 0.8506, -0.9289 0.5628 0.8302, -0.9352 0.556 0.8087, -0.9383 0.5491 0.7867, -0.9383 0.542 0.7644, -0.9352 0.5351 0.7424, -0.9289 0.5283 0.7209, -0.9196 0.5218 0.7005, -0.9074 0.5158 0.6815, -0.8927 0.5103 0.6642, -0.8756 0.5055 0.6491, -0.8272 0.4828 0.6518, -0.8081 0.4808 0.6453, -0.8234 0.5788 0.8262, -0.8234 0.5651 0.8175, -0.8234 0.5441 0.793, -0.8061 0.5358 0.7975, -0.8234 0.5377 0.778, -0.8061 0.5353 0.7105, -0.7873 0.5302 0.7077, -0.8061 0.5746 0.8347, -0.7873 0.572 0.8399, -0.8234 0.5534 0.8063, -0.8061 0.5593 0.825, -0.7873 0.5557 0.8296, -0.7873 0.5307 0.8004, -0.7873 0.5417 0.8162, -0.8061 0.5462 0.8124, -0.8384 0.5552 0.7868, -0.8384 0.563 0.798, -0.8384 0.547 0.7608, -0.8234 0.5344 0.7621, -0.7873 0.5231 0.7826, -0.8234 0.5343 0.7459, -0.8384 0.5469 0.7471, -0.7873 0.5191 0.7638, -0.7873 0.519 0.7445, -0.8061 0.5248 0.745, -0.8234 0.5374 0.73, -0.8061 0.5284 0.7272, -0.8234 0.5437 0.715, -0.7873 0.5228 0.7255, -0.8061 0.5249 0.7631, -0.8384 0.5498 0.7742, -0.8061 0.5287 0.7809, -0.793 0.5459 0.9147, -0.8415 0.4957 0.8617, -0.8637 0.5201 0.8682, -0.8637 0.5047 0.8535, -0.8177 0.548 0.9097, -0.8415 0.5515 0.9016, -0.884 0.5298 0.8565, -0.8637 0.5374 0.8806, -0.8415 0.5311 0.891, -0.8415 0.5123 0.8776, -0.8177 0.5066 0.8844, -0.8637 0.4916 0.8367, -0.8415 0.4815 0.8435, -0.8637 0.4662 0.7565, -0.8637 0.4673 0.7353, -0.8415 0.4552 0.7338, -0.8415 0.4615 0.8021, -0.8637 0.481 0.8183, -0.8637 0.4731 0.7985, -0.8177 0.4464 0.7327, -0.8415 0.454 0.7568, -0.8177 0.4451 0.757, -0.8415 0.4561 0.7797, -0.793 0.441 0.732, -0.793 0.4397 0.7571, -0.793 0.4459 0.7074, -0.793 0.4542 0.6837, -0.8177 0.4511 0.7088, -0.8637 0.4714 0.7144, -0.8415 0.4673 0.6894, -0.8415 0.4597 0.7112, -0.8637 0.4681 0.7777, -0.793 0.4658 0.6615, -0.8415 0.47 0.8235, -0.8177 0.4474 0.7812, -0.9019 0.5191 0.8182, -0.9019 0.5108 0.8038, -0.8177 0.453 0.8048, -0.8177 0.4891 0.8676, -0.9019 0.5293 0.8312, -0.8177 0.5264 0.8986, -0.793 0.5236 0.9032, -0.793 0.5032 0.8886, -0.9019 0.5009 0.7724, -0.9019 0.4994 0.7559, -0.9019 0.5047 0.7885, -0.793 0.4851 0.8713, -0.884 0.516 0.8433, -0.8177 0.4741 0.8485, -0.884 0.5042 0.8282, -0.793 0.4696 0.8515, -0.8177 0.462 0.8274, -0.884 0.4947 0.8116, -0.793 0.4571 0.8298, -0.884 0.4876 0.7939, -0.793 0.4479 0.8064, -0.884 0.4832 0.7753, -0.793 0.442 0.782, -0.9019 0.5002 0.7393, -0.884 0.4814 0.7562, -0.884 0.4861 0.7184, -0.8637 0.4785 0.6943, -0.884 0.4824 0.7371, -0.884 0.4924 0.7003, -0.8177 0.4704 0.6643, -0.8177 0.4592 0.6859, -0.8415 0.478 0.669, -0.6693 0.9611 0.0863, -0.6693 0.8733 0.0777, -0.6693 0.9524 0.095, -0.6693 0.9721 0.0807, -0.6693 0.9843 0.0787, -0.6693 0.882 0.0591, -0.6693 0.9252 0.0158, -0.6693 0.9843 0.0, -0.6693 0.9083 0.0276, -0.6693 0.9637 0.0018, -0.6693 0.9439 0.0071, -0.6693 1.4961 0.0, -0.6693 1.4961 0.0787, -0.6693 0.8938 0.0422, -0.6693 0.8679 0.0976, -0.6693 0.9468 0.1059, -0.6396 1.5576 0.0787, -0.6521 1.5452 0.0787, -0.6615 1.5302 0.0787, -0.6673 1.5136 0.0787, -0.6247 1.567 0.0787, -0.6081 1.5728 0.0787, -0.5905 1.5748 0.0787, -0.3543 1.5748 0.0787, -0.2834 1.5302 0.0787, -0.2776 1.5136 0.0787, -0.2928 1.5452 0.0787, -0.3052 1.5576 0.0787, -0.3202 1.567 0.0787, -0.3368 1.5728 0.0787, -0.6247 1.567 0.0, -0.5905 1.5748 0.0, -0.6081 1.5728 0.0, -0.6615 1.5302 0.0, -0.6521 1.5452 0.0, -0.6396 1.5576 0.0, -0.6673 1.5136 0.0, -0.3543 1.5748 0.0, -0.2834 1.5302 0.0, -0.2776 1.5136 0.0, -0.3052 1.5576 0.0, -0.2928 1.5452 0.0, -0.3368 1.5728 0.0, -0.3202 1.567 0.0, -1.6339 0.0259 1.7442, -1.6339 0.0148 1.7642, -2.2638 0.0259 1.7442, -2.2638 0.0148 1.7642, -2.2638 0.0066 1.7855, -1.6339 0.0066 1.7855, -2.2638 0.0017 1.8079, -1.6339 0.0017 1.8079, -2.2638 0.0398 1.726, -1.6339 0.0 1.8307, -2.2638 0.0 1.8307, -1.6339 0.0398 1.726, -1.6339 0.0563 1.7101, -2.2638 0.0563 1.7101, -2.2638 0.0748 1.6967, -1.6339 0.0748 1.6967, -2.2638 0.0951 1.6861, -1.6339 0.0951 1.6861, -2.2638 0.1167 1.6786, -1.6339 0.1167 1.6786, -1.8811 0.5501 0.7239, -1.8931 0.5437 0.715, -1.8931 0.5374 0.73, -1.9104 0.5353 0.7105, -1.9104 0.5284 0.7272, -1.8752 0.553 0.7331, -1.8965 0.5451 0.7082, -1.8882 0.5475 0.7156, -1.9058 0.5431 0.702, -1.9158 0.5416 0.697, -1.9265 0.5404 0.6934, -1.9292 0.5302 0.7077, -1.9375 0.5398 0.6912, -1.9488 0.5311 0.7022, -1.9488 0.5395 0.6905, -1.9104 0.5248 0.745, -1.8781 0.5469 0.7471, -1.8781 0.547 0.7608, -1.8676 0.5594 0.7534, -1.8752 0.576 0.8059, -1.8781 0.563 0.798, -1.8931 0.5651 0.8175, -1.9104 0.5287 0.7809, -1.8931 0.5344 0.7621, -1.9104 0.5249 0.7631, -1.8931 0.5343 0.7459, -1.8661 0.5628 0.7641, -1.8781 0.5498 0.7742, -1.8781 0.5552 0.7868, -1.8661 0.5662 0.7749, -1.8882 0.5816 0.8235, -1.881 0.5789 0.8151, -1.8931 0.5788 0.8262, -1.9292 0.5307 0.8004, -1.9292 0.5231 0.7826, -1.9104 0.5593 0.825, -1.9104 0.5746 0.8347, -1.8676 0.5696 0.7856, -1.8931 0.5534 0.8063, -1.9104 0.5462 0.8124, -1.9292 0.5417 0.8162, -1.9104 0.5358 0.7975, -1.9292 0.5557 0.8296, -1.8931 0.5441 0.793, -1.9292 0.572 0.8399, -1.9488 0.5553 0.8317, -1.9488 0.5716 0.8419, -1.9488 0.5895 0.8486, -1.9375 0.5893 0.8479, -1.9292 0.5228 0.7255, -1.9488 0.5245 0.7151, -1.8707 0.5561 0.743, -1.9488 0.5198 0.7288, -1.9292 0.519 0.7445, -1.9488 0.5168 0.7477, -1.9292 0.5191 0.7638, -1.9488 0.5175 0.7669, -1.8931 0.5377 0.778, -1.9488 0.522 0.7856, -1.8707 0.5729 0.796, -1.9488 0.53 0.8031, -1.8964 0.5839 0.8309, -1.9488 0.5412 0.8186, -1.9158 0.5875 0.8421, -1.9057 0.5859 0.8371, -1.9264 0.5886 0.8457, -1.8988 0.5264 0.8986, -1.875 0.5515 0.9016, -1.8988 0.548 0.9097, -1.8528 0.4731 0.7985, -1.8325 0.4947 0.8116, -1.8528 0.481 0.8183, -1.8628 0.5609 0.8986, -1.8757 0.5633 0.9064, -1.8893 0.5654 0.9129, -1.8507 0.558 0.8896, -1.8528 0.5374 0.8806, -1.9235 0.5459 0.9147, -1.9488 0.5446 0.9161, -1.9235 0.5236 0.9032, -1.9037 0.567 0.918, -1.9085 0.4808 0.6453, -1.8988 0.4704 0.6643, -1.9235 0.4658 0.6615, -1.875 0.5311 0.891, -1.9488 0.5215 0.904, -1.9235 0.5032 0.8886, -1.8325 0.5298 0.8565, -1.8325 0.5453 0.8676, -1.8528 0.5201 0.8682, -1.9335 0.5689 0.9239, -1.9184 0.5682 0.9217, -1.9488 0.5691 0.9247, -1.8528 0.5047 0.8535, -1.8325 0.516 0.8433, -1.875 0.5123 0.8776, -1.9488 0.4458 0.8057, -1.9235 0.442 0.782, -1.9235 0.4479 0.8064, -1.8528 0.4916 0.8367, -1.875 0.4957 0.8617, -1.8325 0.5042 0.8282, -1.8147 0.5191 0.8182, -1.875 0.4815 0.8435, -1.8528 0.4662 0.7565, -1.8528 0.4673 0.7353, -1.8325 0.4814 0.7562, -1.9488 0.4644 0.6604, -1.9285 0.4795 0.6413, -1.9488 0.4791 0.64, -1.8893 0.4828 0.6518, -1.9235 0.4542 0.6837, -1.8988 0.4592 0.6859, -1.9488 0.4443 0.7064, -1.9235 0.4459 0.7074, -1.9235 0.441 0.732, -1.8988 0.4511 0.7088, -1.875 0.454 0.7568, -1.875 0.4552 0.7338, -1.9235 0.4397 0.7571, -1.9488 0.4393 0.731, -1.875 0.4615 0.8021, -1.875 0.4561 0.7797, -1.8325 0.4832 0.7753, -1.8528 0.4681 0.7777, -1.875 0.47 0.8235, -1.9488 0.4401 0.7812, -1.9488 0.5005 0.8887, -1.9235 0.4851 0.8713, -1.8397 0.5548 0.8795, -1.8988 0.5066 0.8844, -1.8299 0.5513 0.8684, -1.8213 0.5475 0.8563, -1.9488 0.4825 0.8711, -1.9235 0.4696 0.8515, -1.8988 0.4891 0.8676, -1.814 0.5435 0.8435, -1.8147 0.5293 0.8312, -1.8082 0.5392 0.8301, -1.9488 0.4672 0.8511, -1.9235 0.4571 0.8298, -1.8988 0.4741 0.8485, -1.8038 0.5348 0.8161, -1.9488 0.4548 0.8292, -1.8988 0.462 0.8274, -1.8147 0.5108 0.8038, -1.8009 0.5303 0.8018, -1.875 0.4673 0.6894, -1.8528 0.4785 0.6943, -1.8528 0.4714 0.7144, -1.8988 0.453 0.8048, -1.8325 0.4876 0.7939, -1.8147 0.5047 0.7885, -1.7996 0.5257 0.7873, -1.8988 0.4474 0.7812, -1.8147 0.5009 0.7724, -1.7999 0.5211 0.7728, -1.9488 0.4379 0.7562, -1.8988 0.4451 0.757, -1.8026 0.515 0.7535, -1.8325 0.4861 0.7184, -1.8325 0.4824 0.7371, -1.8988 0.4464 0.7327, -1.8147 0.4994 0.7559, -1.8147 0.5002 0.7393, -1.875 0.4597 0.7112, -1.8162 0.5034 0.7169, -1.8081 0.5091 0.7348, -1.9488 0.4527 0.6827, -1.8325 0.4924 0.7003, -1.875 0.478 0.669, -1.8546 0.4892 0.6719, -1.8397 0.4934 0.6852, -1.8268 0.4982 0.7003, -1.8712 0.4856 0.6607, -1.8504 0.8661 0.2165, -2.4409 0.8661 0.2165, -2.4409 0.9449 0.2165, -1.8504 0.9449 0.2165, -1.4567 0.9449 0.1181, -1.8504 0.9449 0.1181, -2.1457 0.9449 0.747, -1.8701 0.9449 0.747, -2.1457 0.9449 1.1614, -1.8701 0.9449 1.1614, -1.6339 0.9449 1.8307, -1.4567 0.9449 1.8307, -2.2638 0.9449 1.8307, -2.4409 0.9449 1.8307, -2.1457 0.8661 1.1614, -2.1457 0.8661 0.747, -2.1457 0.9456 0.7573, -2.1457 0.9476 0.7674, -1.8701 0.9476 0.7674, -1.8701 0.9456 0.7573, -1.8701 0.8661 0.747, -1.8701 0.8661 1.1614, -1.4567 0.8661 0.1181, -1.4567 0.9611 0.0863, -1.4567 0.9637 0.0018, -1.4567 0.9721 0.0807, -1.4567 0.9252 0.0158, -1.4567 0.9468 0.1059, -1.4567 0.9439 0.0071, -1.4567 0.9843 0.0, -1.4567 0.9843 0.0787, -1.4567 1.4961 0.0787, -1.4567 1.4961 0.0, -1.4567 0.9524 0.095, -1.4567 0.9083 0.0276, -1.4567 0.882 0.0591, -1.4567 0.8938 0.0422, -1.4567 0.8733 0.0777, -1.4567 0.8679 0.0976, -1.4567 0.8661 1.8307, -2.4409 0.8661 1.8307, -2.2638 0.8661 1.8307, -1.6339 0.812 1.9863, -2.2638 0.7874 1.9882, -1.6339 0.7874 1.9882, -1.6339 0.88 1.9581, -2.2638 0.8589 1.971, -1.6339 0.8589 1.971, -1.6339 0.8361 1.9805, -2.2638 0.8361 1.9805, -2.2638 0.812 1.9863, -2.2638 0.9148 1.9233, -1.6339 0.9148 1.9233, -1.6339 0.9277 1.9022, -2.2638 0.88 1.9581, -1.6339 0.8988 1.9421, -2.2638 0.8988 1.9421, -2.2638 0.9372 1.8794, -1.6339 0.9372 1.8794, -1.6339 0.9429 1.8553, -2.2638 0.9277 1.9022, -2.2638 0.9429 1.8553, -1.6339 0.8661 1.8307, -1.8504 0.8661 0.1181, -1.6339 0.8049 1.9075, -1.6339 0.7874 1.9094, -2.2638 0.7874 1.9094, -1.6339 0.849 1.8798, -1.6339 0.8365 1.8923, -2.2638 0.8365 1.8923, -1.6339 0.8216 1.9017, -2.2638 0.8049 1.9075, -2.2638 0.8216 1.9017, -2.2638 0.8642 1.8482, -1.6339 0.8642 1.8482, -2.2638 0.8583 1.8649, -2.2638 0.849 1.8798, -1.6339 0.8583 1.8649, -1.8701 0.8715 0.7877, -2.1457 0.8675 0.7675, -1.8701 0.8675 0.7675, -2.1457 0.8715 0.7877, -2.1457 0.968 1.148, -2.1457 1.0441 1.1276, -1.8701 0.968 1.148, -1.8701 1.0441 1.1276, -2.2638 0.0172 1.9022, -2.2638 0.0301 1.9233, -2.2638 0.0865 1.8649, -2.2638 0.1575 1.9094, -2.2638 0.1575 1.9882, -2.2638 0.6957 1.352, -2.2638 0.7653 1.3957, -2.2638 0.7751 1.3571, -2.2638 0.7645 1.1608, -2.2638 0.6979 1.2174, -2.2638 0.7746 1.1992, -2.2638 0.0807 1.8482, -2.2638 0.0461 1.9421, -2.2638 0.0959 1.8798, -2.2638 0.7828 1.2782, -2.2638 0.7041 1.2848, -2.2638 0.781 1.3178, -2.2638 0.0019 1.8553, -2.2638 0.0077 1.8794, -2.2638 0.0649 1.9581, -2.2638 0.086 1.971, -2.2638 0.1084 1.8923, -2.2638 0.1233 1.9017, -2.2638 0.0787 1.8307, -2.2638 0.1088 1.9805, -2.2638 0.0806 1.8137, -2.2638 0.14 1.9075, -2.2638 0.1328 1.9863, -2.2638 0.0861 1.7974, -2.2638 0.095 1.7828, -2.2638 0.5652 1.6317, -2.2638 0.563 1.5421, -2.2638 0.5338 1.5593, -2.2638 0.1211 1.7609, -2.2638 0.1371 1.7547, -2.2638 0.1069 1.7704, -2.2638 0.4707 1.5838, -2.2638 0.491 1.6598, -2.2638 0.5289 1.6476, -2.2638 0.5029 1.5732, -2.2638 0.6374 1.4733, -2.2638 0.6622 1.5631, -2.2638 0.6894 1.5341, -2.2638 0.6151 1.4989, -2.2638 0.5902 1.5219, -2.2638 0.6323 1.5892, -2.2638 0.6861 1.3845, -2.2638 0.7344 1.4687, -2.2638 0.7517 1.433, -2.2638 0.6731 1.4158, -2.2638 0.7136 1.5026, -2.2638 0.7028 1.2509, -2.2638 0.7807 1.2385, -2.2638 0.6894 1.1845, -2.2638 0.7017 1.3186, -2.2638 0.615 0.6881, -2.2638 0.5399 0.7119, -2.2638 0.6568 1.4455, -2.2638 0.5998 1.6121, -1.6339 0.1575 1.9882, -1.6339 0.0807 1.8482, -1.6339 0.0865 1.8649, -1.6339 0.0172 1.9022, -1.6339 0.0959 1.8798, -1.6339 0.0461 1.9421, -1.6339 0.1084 1.8923, -1.6339 0.1233 1.9017, -1.6339 0.086 1.971, -1.6339 0.0649 1.9581, -1.6339 0.14 1.9075, -1.6339 0.1088 1.9805, -1.6339 0.1328 1.9863, -1.6339 0.1575 1.9094, -1.6339 0.6894 1.5341, -1.6339 0.6568 1.4455, -1.6339 0.7136 1.5026, -1.6339 0.0077 1.8794, -1.6339 0.0019 1.8553, -1.6339 0.0301 1.9233, -1.6339 0.0787 1.8307, -1.6339 0.0806 1.8137, -1.6339 0.1069 1.7704, -1.6339 0.095 1.7828, -1.6339 0.0861 1.7974, -1.6339 0.1371 1.7547, -1.6339 0.4707 1.5838, -1.6339 0.1211 1.7609, -1.6339 0.6979 1.2174, -1.6339 0.7746 1.1992, -1.6339 0.7028 1.2509, -1.6339 0.7041 1.2848, -1.6339 0.7828 1.2782, -1.6339 0.781 1.3178, -1.6339 0.7645 1.1608, -1.6339 0.6894 1.1845, -1.6339 0.7807 1.2385, -1.6339 0.7017 1.3186, -1.6339 0.7751 1.3571, -1.6339 0.6957 1.352, -1.6339 0.7653 1.3957, -1.6339 0.6861 1.3845, -1.6339 0.7344 1.4687, -1.6339 0.6731 1.4158, -1.6339 0.7517 1.433, -1.6339 0.6151 1.4989, -1.6339 0.6622 1.5631, -1.6339 0.6323 1.5892, -1.6339 0.6374 1.4733, -1.6339 0.615 0.6881, -1.6339 0.5399 0.7119, -1.6339 0.5289 1.6476, -1.6339 0.5338 1.5593, -1.6339 0.5652 1.6317, -1.6339 0.5029 1.5732, -1.6339 0.491 1.6598, -1.6339 0.5998 1.6121, -1.6339 0.5902 1.5219, -1.6339 0.563 1.5421, -2.1967 0.5524 0.4903, -2.1249 0.5963 0.629, -2.1064 0.5894 0.6073, -2.1475 0.5359 0.4379, -2.0848 0.5834 0.5881, -2.0608 0.5782 0.5719, -2.1735 0.5438 0.4629, -2.0881 0.5227 0.3963, -2.0347 0.5742 0.559, -1.9782 0.5694 0.5439, -2.0208 0.5136 0.3674, -2.0069 0.5712 0.5496, -2.0552 0.5176 0.3802, -1.9852 0.5106 0.3581, -1.9488 0.5688 0.542, -1.9193 0.5694 0.544, -1.9124 0.5106 0.3581, -1.9488 0.5088 0.3524, -1.7787 0.5288 0.4156, -1.8096 0.5227 0.3963, -1.8367 0.5783 0.572, -1.8905 0.5712 0.5497, -1.8768 0.5136 0.3674, -1.8424 0.5176 0.3802, -1.8629 0.5742 0.5591, -1.7501 0.5359 0.4379, -1.8126 0.5834 0.5882, -1.6809 0.5618 0.5199, -1.7726 0.5963 0.6291, -1.6642 0.5717 0.5513, -1.7241 0.5438 0.4629, -1.7456 0.6556 0.8165, -1.6415 0.5929 0.6182, -1.7456 0.6121 0.6789, -1.6358 0.6039 0.6529, -1.7337 0.6383 0.7618, -1.7377 0.6471 0.7895, -1.7574 0.6638 0.8423, -1.7377 0.6206 0.7058, -1.7337 0.6294 0.7337, -1.7573 0.6039 0.6532, -1.651 0.5821 0.5842, -1.7912 0.5895 0.6074, -1.7009 0.5524 0.4903, -2.152 0.612 0.6787, -2.2618 0.6039 0.6529, -2.1599 0.6206 0.7057, -2.2167 0.5618 0.5199, -2.2334 0.5717 0.5513, -1.9194 0.6982 0.9513, -1.9488 0.6989 0.9532, -2.1402 0.6039 0.6529, -2.2466 0.5821 0.5842, -1.8629 0.6935 0.9362, -1.8907 0.6965 0.9456, -1.8128 0.6843 0.9072, -1.8369 0.6894 0.9233, -1.7727 0.6714 0.8662, -1.7912 0.6782 0.888, -2.1189 0.5288 0.4156, -2.2561 0.5929 0.6182, -2.1639 0.6382 0.7616, -2.1639 0.6294 0.7335, -2.152 0.6556 0.8164, -2.1599 0.6471 0.7894, -2.1403 0.6637 0.8421, -2.1065 0.6782 0.8879, -2.125 0.6713 0.8661, -2.0609 0.6894 0.9232, -2.085 0.6842 0.907, -2.0071 0.6964 0.9456, -2.0348 0.6935 0.9362, -1.9783 0.6982 0.9513, -2.2466 0.5071 0.6079, -2.2561 0.5178 0.6419, -2.2618 0.5288 0.6767, -2.1967 0.4774 0.5141, -2.2334 0.4966 0.575, -2.2167 0.4867 0.5436, -2.1189 0.4537 0.4394, -2.1475 0.4608 0.4616, -2.1735 0.4687 0.4866, -2.0552 0.4425 0.4039, -2.0881 0.4476 0.4201, -2.0208 0.4385 0.3912, -1.9852 0.4355 0.3818, -1.9488 0.4337 0.3761, -2.1063 0.5143 0.631, -2.125 0.5212 0.6527, -2.0607 0.5032 0.5956, -2.0848 0.5083 0.6118, -2.0345 0.4991 0.5827, -1.9783 0.4943 0.5677, -2.0069 0.4961 0.5733, -1.9488 0.4937 0.5658, -1.8768 0.4385 0.3912, -1.9206 0.4943 0.5675, -1.9124 0.4355 0.3818, -1.7787 0.4537 0.4394, -1.8409 0.5024 0.5933, -1.8096 0.4476 0.4201, -1.8929 0.4959 0.5728, -1.8424 0.4425 0.4039, -1.8662 0.4987 0.5814, -1.7501 0.4608 0.4616, -1.8174 0.5072 0.6083, -2.164 0.5543 0.7572, -2.1639 0.5632 0.7853, -1.7241 0.4687 0.4866, -1.7963 0.5128 0.626, -1.7405 0.5419 0.7182, -1.735 0.5503 0.7446, -1.7496 0.5339 0.6927, -1.651 0.5071 0.6079, -1.6415 0.5178 0.6419, -1.6358 0.5288 0.6767, -1.7332 0.5588 0.7714, -1.762 0.5263 0.6687, -1.6642 0.4966 0.575, -1.7009 0.4774 0.5141, -1.6809 0.4867 0.5436, -1.7777 0.5192 0.6463, -2.152 0.5805 0.8401, -2.16 0.572 0.8132, -2.1402 0.5288 0.6767, -1.7621 0.5913 0.8743, -1.7778 0.5984 0.8966, -2.152 0.5369 0.7024, -2.16 0.5455 0.7295, -2.0071 0.6214 0.9693, -2.0348 0.6184 0.9599, -2.1403 0.5886 0.8658, -2.1065 0.6031 0.9116, -2.125 0.5962 0.8899, -2.0609 0.6143 0.947, -2.085 0.6092 0.9308, -1.9782 0.6232 0.9751, -1.9488 0.6238 0.977, -1.8931 0.6216 0.97, -1.9206 0.6232 0.9752, -1.8412 0.6151 0.9495, -1.8665 0.6189 0.9614, -1.7964 0.6047 0.9168, -1.8176 0.6104 0.9345, -1.7496 0.5836 0.8501, -1.7405 0.5756 0.8247, -1.735 0.5673 0.7983, -2.0957 0.611 0.7228, -2.0788 0.6072 0.7467, -2.0764 0.6019 0.7299, -1.9893 0.6638 0.8897, -1.9666 0.6488 0.8783, -1.984 0.6477 0.8748, -2.0276 0.565 0.7111, -2.0344 0.5684 0.7218, -2.0225 0.553 0.7332, -2.0716 0.5967 0.7136, -2.0902 0.605 0.704, -2.0012 0.5451 0.7082, -1.9919 0.5432 0.702, -1.9989 0.5569 0.6856, -2.0645 0.5918 0.698, -2.082 0.5994 0.6861, -2.0396 0.572 0.7333, -2.027 0.5562 0.7431, -2.0714 0.5941 0.6694, -2.0553 0.5872 0.6836, -2.0432 0.5758 0.7454, -2.03 0.5595 0.7535, -1.9751 0.5746 0.5656, -1.9819 0.5416 0.697, -1.9872 0.5551 0.6798, -2.0492 0.5825 0.5907, -2.0377 0.5836 0.6101, -2.0258 0.5789 0.5792, -2.017 0.5804 0.5999, -2.0009 0.5762 0.5708, -2.0435 0.5851 0.641, -2.0268 0.5815 0.6297, -2.044 0.5831 0.6704, -2.0585 0.5893 0.6543, -2.031 0.5794 0.6588, -2.0165 0.5763 0.649, -1.9641 0.5634 0.6532, -1.9748 0.5538 0.6756, -1.9619 0.553 0.673, -1.9791 0.5644 0.6562, -1.9666 0.5709 0.6321, -1.984 0.572 0.6356, -1.9488 0.5527 0.6722, -1.9488 0.5631 0.6522, -1.9601 0.5398 0.6912, -2.0788 0.6126 0.7637, -2.0985 0.6171 0.7422, -2.0985 0.6233 0.7617, -2.0764 0.6179 0.7805, -2.0094 0.5475 0.7156, -2.0193 0.5619 0.7014, -2.0166 0.5501 0.724, -2.0716 0.623 0.7968, -2.0957 0.6294 0.781, -2.045 0.5798 0.7578, -2.045 0.5837 0.7704, -2.0316 0.5662 0.775, -2.0902 0.6353 0.7998, -2.0645 0.6279 0.8124, -2.03 0.5696 0.7857, -2.0432 0.5877 0.7828, -2.082 0.641 0.8178, -2.0553 0.6325 0.8268, -2.0316 0.5628 0.7642, -2.044 0.6367 0.84, -2.0714 0.6463 0.8344, -2.0396 0.5915 0.7949, -2.0344 0.5951 0.8064, -2.0224 0.576 0.8059, -2.0585 0.6511 0.8496, -2.031 0.6404 0.8516, -2.0165 0.579 0.8152, -2.0276 0.5985 0.8171, -2.0435 0.6553 0.8629, -2.0165 0.6434 0.8613, -2.0269 0.5729 0.796, -2.0007 0.6459 0.8691, -2.0268 0.6589 0.8742, -2.0193 0.6016 0.8268, -2.0096 0.6043 0.8354, -2.0011 0.5839 0.8309, -2.0086 0.6617 0.8832, -1.9919 0.5859 0.8371, -1.9989 0.6066 0.8426, -1.9748 0.6097 0.8526, -1.9712 0.5886 0.8457, -1.9872 0.6084 0.8484, -1.9818 0.5875 0.8421, -1.9721 0.6789 0.9112, -1.9488 0.6654 0.895, -1.9692 0.665 0.8937, -1.9488 0.6492 0.8794, -1.9488 0.6308 0.8663, -1.9751 0.69 0.9306, -1.9488 0.6905 0.9323, -1.9488 0.6793 0.9127, -1.9641 0.6305 0.8653, -1.9488 0.6108 0.856, -1.9619 0.6106 0.8551, -1.9601 0.5893 0.8479, -1.995 0.6774 0.9067, -2.0009 0.6884 0.9255, -1.9791 0.6296 0.8624, -2.017 0.6751 0.8992, -1.9935 0.628 0.8575, -2.0258 0.6857 0.917, -2.0377 0.6718 0.889, -2.0094 0.5816 0.8235, -2.0492 0.6821 0.9055, -2.0072 0.6259 0.8508, -2.0568 0.6678 0.8761, -2.0197 0.6232 0.8423, -2.0707 0.6775 0.891, -2.0739 0.6629 0.8609, -2.0309 0.6201 0.8324, -2.09 0.6721 0.8738, -2.0886 0.6575 0.8437, -2.0406 0.6165 0.821, -2.1066 0.6659 0.8543, -2.1008 0.6515 0.8246, -2.1203 0.6591 0.8328, -2.0485 0.6126 0.8085, -2.1101 0.645 0.8042, -2.1308 0.6518 0.8098, -2.0546 0.6083 0.7951, -2.1164 0.6382 0.7828, -2.0588 0.6039 0.7811, -2.1379 0.6441 0.7856, -2.1196 0.6312 0.7607, -2.1415 0.6363 0.7607, -2.0608 0.5993 0.7666, -2.1196 0.6242 0.7384, -2.1415 0.6283 0.7355, -2.0608 0.5947 0.752, -2.1164 0.6172 0.7164, -2.0588 0.5901 0.7375, -2.1379 0.6204 0.7106, -2.1101 0.6104 0.6949, -2.0546 0.5856 0.7234, -2.1308 0.6128 0.6864, -2.1008 0.604 0.6745, -2.0485 0.5814 0.71, -2.1203 0.6055 0.6634, -2.0886 0.5979 0.6554, -2.0096 0.5592 0.6928, -2.1066 0.5987 0.6419, -2.0406 0.5774 0.6975, -2.0739 0.5925 0.6382, -2.0309 0.5739 0.6862, -2.09 0.5925 0.6224, -2.0568 0.5877 0.623, -2.0197 0.5707 0.6762, -2.0707 0.5871 0.6052, -2.0086 0.5787 0.6207, -1.9893 0.5766 0.6142, -1.995 0.578 0.5924, -2.0072 0.568 0.6678, -2.0007 0.5738 0.6412, -1.9935 0.5659 0.6611, -1.9712 0.5404 0.6934, -1.9692 0.5754 0.6102, -1.9721 0.5766 0.5879, -1.9488 0.574 0.5639, -1.9488 0.5706 0.631, -1.9488 0.5749 0.6089, -1.9488 0.5761 0.5864, -1.9335 0.5634 0.6532, -1.9137 0.572 0.6356, -1.9083 0.5766 0.6142, -1.9311 0.5709 0.6321, -1.8987 0.6066 0.8426, -1.9104 0.6084 0.8484, -1.9357 0.553 0.673, -1.9228 0.5538 0.6756, -1.9104 0.5551 0.6798, -1.8811 0.5763 0.649, -1.8708 0.5815 0.6297, -1.8969 0.5738 0.6412, -1.8784 0.5619 0.7014, -1.888 0.5592 0.6928, -1.858 0.572 0.7333, -1.8666 0.5794 0.6588, -1.8536 0.5831 0.6704, -1.8391 0.5893 0.6543, -1.8424 0.5872 0.6836, -1.8262 0.5941 0.6694, -1.8632 0.5684 0.7218, -1.8526 0.5837 0.7704, -1.8526 0.5798 0.7578, -1.8074 0.605 0.704, -1.8331 0.5918 0.698, -1.826 0.5967 0.7136, -1.858 0.5915 0.7949, -1.8632 0.5951 0.8064, -1.8188 0.6072 0.7467, -1.8188 0.6126 0.7637, -1.7991 0.6233 0.7617, -1.8391 0.6511 0.8496, -1.8424 0.6325 0.8268, -1.8536 0.6367 0.84, -1.8484 0.6821 0.9055, -1.8599 0.6718 0.889, -1.8719 0.6857 0.917, -1.8666 0.6404 0.8516, -1.8811 0.6434 0.8613, -1.8708 0.6589 0.8742, -1.8541 0.6553 0.8629, -1.9228 0.6097 0.8526, -1.9185 0.6296 0.8624, -1.9137 0.6477 0.8748, -1.9311 0.6488 0.8783, -1.9357 0.6106 0.8551, -1.9335 0.6305 0.8653, -1.8967 0.6884 0.9255, -1.9225 0.69 0.9306, -1.8806 0.6751 0.8992, -1.8262 0.6463 0.8344, -1.8331 0.6279 0.8124, -1.826 0.623 0.7968, -1.8156 0.641 0.8178, -1.8212 0.6179 0.7805, -1.8074 0.6353 0.7998, -1.8701 0.5985 0.8171, -1.8544 0.5877 0.7828, -1.8019 0.6294 0.781, -1.7991 0.6171 0.7422, -1.8212 0.6019 0.7299, -1.8784 0.6016 0.8268, -1.8544 0.5758 0.7454, -1.8019 0.611 0.7228, -1.8156 0.5994 0.6861, -1.8541 0.5851 0.641, -1.8701 0.565 0.7111, -1.889 0.5787 0.6207, -1.8987 0.5569 0.6856, -1.9284 0.5754 0.6102, -1.9255 0.5766 0.5879, -1.9225 0.5746 0.5656, -1.9026 0.578 0.5924, -1.8967 0.5762 0.5708, -1.9185 0.5644 0.6562, -1.8806 0.5804 0.5999, -1.9041 0.5659 0.6611, -1.8719 0.5789 0.5792, -1.8599 0.5836 0.6101, -1.8905 0.568 0.6678, -1.8484 0.5825 0.5907, -1.8408 0.5877 0.623, -1.8779 0.5707 0.6762, -1.8269 0.5871 0.6052, -1.8237 0.5925 0.6382, -1.8667 0.5739 0.6862, -1.8076 0.5925 0.6224, -1.809 0.5979 0.6554, -1.8571 0.5774 0.6975, -1.791 0.5987 0.6419, -1.7968 0.604 0.6745, -1.7773 0.6055 0.6634, -1.8491 0.5814 0.71, -1.7875 0.6104 0.6949, -1.7668 0.6128 0.6864, -1.843 0.5856 0.7234, -1.7812 0.6172 0.7164, -1.8389 0.5901 0.7375, -1.7597 0.6204 0.7106, -1.7781 0.6242 0.7384, -1.7561 0.6283 0.7355, -1.8368 0.5947 0.752, -1.7781 0.6312 0.7607, -1.7561 0.6363 0.7607, -1.8368 0.5993 0.7666, -1.7812 0.6382 0.7828, -1.8389 0.6039 0.7811, -1.7597 0.6441 0.7856, -1.7875 0.645 0.8042, -1.843 0.6083 0.7951, -1.7668 0.6518 0.8098, -1.7968 0.6515 0.8246, -1.8491 0.6126 0.8085, -1.7773 0.6591 0.8328, -1.809 0.6575 0.8437, -1.888 0.6043 0.8354, -1.791 0.6659 0.8543, -1.8571 0.6165 0.821, -1.8237 0.6629 0.8609, -1.8667 0.6201 0.8324, -1.8076 0.6721 0.8738, -1.8408 0.6678 0.8761, -1.8779 0.6232 0.8423, -1.8269 0.6775 0.891, -1.889 0.6617 0.8832, -1.9083 0.6638 0.8897, -1.9026 0.6774 0.9067, -1.8905 0.6259 0.8508, -1.8969 0.6459 0.8691, -1.9041 0.628 0.8575, -1.9284 0.665 0.8937, -1.9255 0.6789 0.9112, -1.8326 0.5685 0.8821, -1.8485 0.573 0.8962, -1.7678 0.5641 0.8091, -1.7782 0.5491 0.7867, -1.7644 0.5566 0.7853, -1.8662 0.5768 0.9081, -1.8238 0.5807 0.8868, -1.8137 0.5908 0.8936, -1.8321 0.596 0.91, -1.8949 0.6153 0.9554, -1.8691 0.6126 0.9467, -1.8528 0.6004 0.9239, -1.8409 0.5856 0.902, -1.9216 0.617 0.9607, -1.8855 0.5798 0.9177, -1.8752 0.6039 0.9349, -1.8599 0.5896 0.9149, -1.9255 0.5966 0.9371, -1.9272 0.5833 0.9288, -1.9059 0.582 0.9246, -1.8989 0.6065 0.943, -1.9236 0.608 0.9479, -1.9027 0.5952 0.9326, -1.9488 0.5972 0.9387, -1.9488 0.5839 0.9303, -1.8091 0.5753 0.8696, -1.7978 0.5849 0.8749, -1.8189 0.5635 0.866, -1.8077 0.5579 0.8484, -1.7847 0.5784 0.8543, -1.797 0.5693 0.8506, -1.799 0.5519 0.8294, -1.7877 0.5628 0.8302, -1.7746 0.5715 0.8323, -1.7814 0.556 0.8087, -1.7902 0.5391 0.789, -1.7932 0.5456 0.8095, -1.7902 0.5325 0.7683, -1.7782 0.542 0.7644, -1.7644 0.549 0.7612, -1.7814 0.5351 0.7424, -1.7678 0.5414 0.7374, -1.7746 0.5341 0.7142, -1.7877 0.5283 0.7209, -1.8238 0.5103 0.6642, -1.8137 0.5147 0.6529, -1.7978 0.5206 0.6716, -1.799 0.5198 0.7279, -1.7932 0.5261 0.7478, -1.8807 0.4982 0.626, -1.8752 0.5016 0.6116, -1.8528 0.5051 0.6226, -1.8326 0.5031 0.6752, -1.8189 0.5082 0.6912, -1.8949 0.4992 0.5883, -1.9236 0.4976 0.5986, -1.9216 0.4975 0.583, -1.8691 0.5019 0.597, -1.8449 0.5057 0.6089, -1.9255 0.4944 0.614, -1.9488 0.494 0.6124, -1.9488 0.4879 0.6269, -1.9272 0.4883 0.6285, -1.9488 0.497 0.5969, -1.9488 0.4969 0.5812, -1.8989 0.4991 0.6035, -1.8855 0.4918 0.6396, -1.8662 0.4948 0.6491, -1.9059 0.4896 0.6327, -1.8485 0.4986 0.661, -1.8409 0.5055 0.6491, -1.8321 0.5095 0.6365, -1.8599 0.5015 0.6362, -1.8077 0.5138 0.7089, -1.797 0.5218 0.7005, -1.7847 0.5271 0.6922, -1.8091 0.5158 0.6815, -1.9027 0.4959 0.6185, -1.8226 0.5105 0.6239, -1.8027 0.5161 0.6417, -1.7854 0.5225 0.6619, -1.7713 0.5295 0.6841, -1.7604 0.5371 0.708, -1.753 0.545 0.7331, -1.7493 0.5531 0.7588, -1.7493 0.5614 0.7849, -1.753 0.5695 0.8106, -1.7604 0.5774 0.8357, -1.7713 0.585 0.8596, -1.7854 0.592 0.8818, -1.8027 0.5984 0.902, -1.8226 0.604 0.9197, -1.8449 0.6088 0.9347, -1.8807 0.5929 0.9251, -1.9488 0.6176 0.9625, -1.9488 0.6086 0.9496, -2.1372 0.5774 0.8357, -2.113 0.5784 0.8543, -2.1264 0.585 0.8596, -2.1122 0.592 0.8818, -2.0999 0.5849 0.8749, -2.0707 0.5501 0.8645, -2.0787 0.5635 0.866, -2.09 0.5579 0.8484, -2.095 0.5984 0.902, -2.0839 0.5908 0.8936, -2.075 0.604 0.9197, -2.0449 0.6004 0.9239, -2.0527 0.6088 0.9347, -2.0579 0.5548 0.8795, -2.065 0.5685 0.8821, -2.0655 0.596 0.91, -2.0491 0.573 0.8962, -2.043 0.559 0.8928, -2.0263 0.5626 0.904, -2.0314 0.5768 0.9081, -2.0082 0.5654 0.9129, -2.0121 0.5798 0.9177, -1.9917 0.582 0.9246, -1.989 0.5675 0.9194, -2.0225 0.6039 0.9349, -2.0285 0.6126 0.9467, -2.0028 0.6153 0.9554, -1.9987 0.6065 0.943, -1.9705 0.5833 0.9288, -1.9692 0.5687 0.9233, -1.974 0.608 0.9479, -1.976 0.617 0.9607, -1.995 0.4959 0.6185, -1.9987 0.4991 0.6035, -1.974 0.4976 0.5986, -1.9721 0.5966 0.9371, -2.0986 0.5519 0.8294, -2.0813 0.5448 0.8479, -2.1045 0.5456 0.8095, -2.0895 0.5392 0.8301, -2.1446 0.5695 0.8106, -2.123 0.5715 0.8323, -2.1074 0.5391 0.789, -2.095 0.5333 0.8113, -2.1483 0.5614 0.7849, -2.1298 0.5641 0.8091, -2.1074 0.5325 0.7683, -2.0977 0.5272 0.7921, -2.1333 0.5566 0.7853, -2.1483 0.5531 0.7588, -2.1045 0.5261 0.7478, -2.0978 0.5211 0.7727, -2.1446 0.545 0.7331, -2.1333 0.549 0.7612, -2.095 0.515 0.7534, -2.0986 0.5198 0.7279, -2.1372 0.5371 0.708, -2.1298 0.5414 0.7374, -2.09 0.5138 0.7089, -2.0895 0.5091 0.7348, -2.1264 0.5295 0.6841, -2.123 0.5341 0.7142, -2.0787 0.5082 0.6912, -2.0814 0.5034 0.7169, -2.113 0.5271 0.6922, -2.1122 0.5225 0.6619, -2.0708 0.4982 0.7003, -2.065 0.5031 0.6752, -2.095 0.5161 0.6417, -2.0999 0.5206 0.6716, -2.0491 0.4986 0.661, -2.058 0.4934 0.6852, -2.075 0.5105 0.6239, -2.0839 0.5147 0.6529, -2.0314 0.4948 0.6491, -2.0431 0.4892 0.672, -2.0527 0.5057 0.6089, -2.0655 0.5095 0.6365, -2.0121 0.4918 0.6396, -2.0264 0.4856 0.6607, -2.0285 0.5019 0.597, -2.0449 0.5051 0.6226, -1.9705 0.4883 0.6285, -1.9917 0.4896 0.6327, -1.9721 0.4944 0.614, -2.0225 0.5016 0.6116, -2.0377 0.5015 0.6362, -1.9692 0.4795 0.6413, -2.0028 0.4992 0.5883, -1.976 0.4975 0.583, -2.0169 0.4982 0.626, -1.995 0.5952 0.9326, -2.0169 0.5929 0.9251, -2.0377 0.5896 0.9149, -2.0567 0.5856 0.902, -2.0738 0.5807 0.8868, -2.0885 0.5753 0.8696, -2.1007 0.5693 0.8506, -2.11 0.5628 0.8302, -2.1163 0.556 0.8087, -2.1194 0.5491 0.7867, -2.1194 0.542 0.7644, -2.1163 0.5351 0.7424, -2.11 0.5283 0.7209, -2.1007 0.5218 0.7005, -2.0885 0.5158 0.6815, -2.0738 0.5103 0.6642, -2.0567 0.5055 0.6491, -2.0083 0.4828 0.6518, -1.9892 0.4808 0.6453, -2.0045 0.5788 0.8262, -2.0045 0.5651 0.8175, -2.0045 0.5441 0.793, -1.9872 0.5358 0.7975, -2.0045 0.5377 0.778, -1.9872 0.5746 0.8347, -2.0045 0.5534 0.8063, -1.9872 0.5593 0.825, -1.9684 0.572 0.8399, -1.9684 0.5557 0.8296, -1.9684 0.5307 0.8004, -1.9684 0.5417 0.8162, -1.9872 0.5462 0.8124, -2.0195 0.5552 0.7868, -2.0195 0.563 0.798, -2.0195 0.547 0.7608, -2.0045 0.5344 0.7621, -1.9684 0.5231 0.7826, -2.0045 0.5343 0.7459, -2.0195 0.5469 0.7471, -1.9684 0.5191 0.7638, -1.9684 0.519 0.7445, -1.9872 0.5248 0.745, -2.0045 0.5374 0.73, -1.9872 0.5284 0.7272, -2.0045 0.5437 0.715, -1.9684 0.5228 0.7255, -1.9872 0.5353 0.7105, -1.9684 0.5302 0.7077, -1.9872 0.5249 0.7631, -2.0195 0.5498 0.7742, -1.9872 0.5287 0.7809, -1.9741 0.5459 0.9147, -2.0226 0.4957 0.8617, -2.0448 0.5201 0.8682, -2.0448 0.5047 0.8535, -1.9989 0.548 0.9097, -2.0226 0.5515 0.9016, -2.0651 0.5298 0.8565, -2.0448 0.5374 0.8806, -2.0226 0.5311 0.891, -2.0226 0.5123 0.8776, -1.9989 0.5066 0.8844, -2.0448 0.4916 0.8367, -2.0226 0.4815 0.8435, -2.0448 0.4662 0.7565, -2.0448 0.4673 0.7353, -2.0226 0.4552 0.7338, -2.0226 0.4615 0.8021, -2.0448 0.481 0.8183, -2.0448 0.4731 0.7985, -1.9989 0.4464 0.7327, -2.0226 0.454 0.7568, -1.9989 0.4451 0.757, -2.0226 0.4561 0.7797, -1.9741 0.441 0.732, -1.9741 0.4397 0.7571, -1.9741 0.4459 0.7074, -1.9741 0.4542 0.6837, -1.9989 0.4511 0.7088, -2.0448 0.4714 0.7144, -2.0226 0.4673 0.6894, -2.0226 0.4597 0.7112, -2.0448 0.4681 0.7777, -1.9741 0.4658 0.6615, -2.0226 0.47 0.8235, -1.9989 0.4474 0.7812, -2.083 0.5191 0.8182, -2.083 0.5108 0.8038, -1.9989 0.453 0.8048, -1.9989 0.4891 0.8676, -2.083 0.5293 0.8312, -1.9989 0.5264 0.8986, -1.9741 0.5236 0.9032, -1.9741 0.5032 0.8886, -2.083 0.5009 0.7724, -2.083 0.4994 0.7559, -2.083 0.5047 0.7885, -1.9741 0.4851 0.8713, -2.0651 0.516 0.8433, -1.9989 0.4741 0.8485, -2.0651 0.5042 0.8282, -1.9741 0.4696 0.8515, -1.9989 0.462 0.8274, -2.0651 0.4947 0.8116, -1.9741 0.4571 0.8298, -2.0651 0.4876 0.7939, -1.9741 0.4479 0.8064, -2.0651 0.4832 0.7753, -1.9741 0.442 0.782, -2.083 0.5002 0.7393, -2.0651 0.4814 0.7562, -2.0651 0.4861 0.7184, -2.0448 0.4785 0.6943, -2.0651 0.4824 0.7371, -2.0651 0.4924 0.7003, -1.9989 0.4704 0.6643, -1.9989 0.4592 0.6859, -2.0226 0.478 0.669, -1.8504 0.9611 0.0863, -1.8504 0.8733 0.0777, -1.8504 0.9524 0.095, -1.8504 0.9721 0.0807, -1.8504 0.9843 0.0787, -1.8504 0.882 0.0591, -1.8504 0.9252 0.0158, -1.8504 0.9843 0.0, -1.8504 0.9083 0.0276, -1.8504 0.9637 0.0018, -1.8504 0.9439 0.0071, -1.8504 1.4961 0.0, -1.8504 1.4961 0.0787, -1.8504 0.8938 0.0422, -1.8504 0.8679 0.0976, -1.8504 0.9468 0.1059, -1.8207 1.5576 0.0787, -1.8332 1.5452 0.0787, -1.8426 1.5302 0.0787, -1.8484 1.5136 0.0787, -1.8058 1.567 0.0787, -1.7892 1.5728 0.0787, -1.7716 1.5748 0.0787, -1.5354 1.5748 0.0787, -1.4645 1.5302 0.0787, -1.4587 1.5136 0.0787, -1.4739 1.5452 0.0787, -1.4863 1.5576 0.0787, -1.5013 1.567 0.0787, -1.5179 1.5728 0.0787, -1.8058 1.567 0.0, -1.7716 1.5748 0.0, -1.7892 1.5728 0.0, -1.8426 1.5302 0.0, -1.8332 1.5452 0.0, -1.8207 1.5576 0.0, -1.8484 1.5136 0.0, -1.5354 1.5748 0.0, -1.4645 1.5302 0.0, -1.4587 1.5136 0.0, -1.4863 1.5576 0.0, -1.4739 1.5452 0.0, -1.5179 1.5728 0.0, -1.5013 1.567 0.0, 0.8661 -0.9191 1.1614, 1.2464 -0.968 1.1614, 0.8862 -0.8715 1.1614, 0.8661 -0.8933 1.1614, 0.8661 -0.9449 1.1614, 0.8557 -0.9456 1.1614, 0.8658 -0.9476 1.1614, 0.8454 -0.9449 1.1614, 1.2261 -1.0441 1.1614, 0.8661 -0.8661 1.1614, 0.8762 -0.8692 1.1614, 1.4567 -0.9449 0.1181, 1.4567 -0.8661 0.1181, 1.4567 -0.8679 0.0976, 1.4567 -0.9449 0.4724, 1.4567 -0.8661 0.4724, 1.4567 -0.9843 0.0787, 1.4567 -0.9637 0.0018, 1.4567 -0.9843 0.0, 1.4567 -1.4961 0.0787, 1.4567 -1.4961 0.0, 1.4567 -0.9524 0.095, 1.4567 -0.9468 0.1059, 1.4567 -0.8733 0.0777, 1.4567 -0.9721 0.0807, 1.4567 -0.9611 0.0863, 1.4567 -0.9083 0.0276, 1.4567 -0.882 0.0591, 1.4567 -0.8938 0.0422, 1.4567 -0.9439 0.0071, 1.4567 -0.9252 0.0158, 0.0219 -0.9449 0.4744, 0.0394 -0.9449 0.4724, 0.0052 -0.9449 0.4802, -0.0394 -0.9449 1.4567, -0.0394 -0.9449 1.3976, 0.0394 -0.9449 1.5354, 1.8504 -0.9449 0.1181, 1.8504 -0.9449 1.5354, 1.4961 -0.9449 0.6693, 0.0052 -0.9449 1.5276, -0.0097 -0.9449 1.5183, 0.0219 -0.9449 1.5335, -0.0222 -0.9449 1.5058, -0.0316 -0.9449 1.4909, -0.0374 -0.9449 1.4742, 0.8661 -0.9449 1.3386, 1.4961 -0.9449 1.3386, 0.8661 -0.9449 0.6693, -0.0374 -0.9449 0.5337, -0.0394 -0.9449 0.5512, -0.0394 -0.9449 0.6102, -0.0222 -0.9449 0.5021, -0.0316 -0.9449 0.517, -0.0097 -0.9449 0.4896, 0.8661 -0.9449 0.8465, 0.8454 -0.9449 0.8465, 1.8504 -0.9721 0.0807, 1.8504 -0.9611 0.0863, 1.8504 -0.9843 0.0787, 1.8504 -0.9524 0.095, 1.8504 -0.9468 0.1059, 1.8504 -0.9252 0.0158, 1.8504 -0.9083 0.0276, 1.8504 -0.882 0.0591, 1.8504 -0.8661 0.1181, 1.8504 -0.8938 0.0422, 1.8504 -0.8661 1.5354, 1.8504 -0.8733 0.0777, 1.8504 -0.8679 0.0976, 1.8504 -1.4961 0.0, 1.8504 -0.9843 0.0, 1.8504 -0.9439 0.0071, 1.8504 -0.9637 0.0018, 1.8504 -1.4961 0.0787, -0.0394 -0.8661 1.3976, -0.0394 -0.8661 1.4567, 0.0394 -0.8661 1.5354, 1.4961 -0.8661 0.6693, 0.0052 -0.8661 1.5276, 0.0219 -0.8661 1.5335, -0.0222 -0.8661 1.5058, -0.0097 -0.8661 1.5183, -0.0374 -0.8661 1.4742, -0.0316 -0.8661 1.4909, 1.4961 -0.8661 1.3386, 0.8661 -0.8661 1.3386, 0.8454 -0.8661 1.1614, -0.0097 -0.8661 0.4896, 0.0394 -0.8661 0.4724, 0.0052 -0.8661 0.4802, 0.0219 -0.8661 0.4744, -0.0222 -0.8661 0.5021, -0.0316 -0.8661 0.517, -0.0374 -0.8661 0.5337, -0.0394 -0.8661 0.5512, -0.0394 -0.8661 0.6102, 0.8661 -0.8661 0.6693, 0.8454 -0.8661 0.8465, 0.8661 -0.8675 0.8465, 1.5354 -1.5748 0.0, 1.4645 -1.5302 0.0, 1.4739 -1.5452 0.0, 1.5179 -1.5728 0.0, 1.4863 -1.5576 0.0, 1.4587 -1.5136 0.0, 1.5013 -1.567 0.0, 1.7717 -1.5748 0.0, 1.8058 -1.567 0.0, 1.7892 -1.5728 0.0, 1.8332 -1.5452 0.0, 1.8208 -1.5576 0.0, 1.8484 -1.5136 0.0, 1.8426 -1.5302 0.0, 1.4863 -1.5576 0.0787, 1.4739 -1.5452 0.0787, 1.5013 -1.567 0.0787, 1.5179 -1.5728 0.0787, 1.5354 -1.5748 0.0787, 1.4645 -1.5302 0.0787, 1.4587 -1.5136 0.0787, 1.8484 -1.5136 0.0787, 1.8208 -1.5576 0.0787, 1.8332 -1.5452 0.0787, 1.8426 -1.5302 0.0787, 1.7892 -1.5728 0.0787, 1.8058 -1.567 0.0787, 1.7717 -1.5748 0.0787, 0.8762 -0.8692 0.8465, 0.8862 -0.8715 0.8465, 0.8661 -0.9191 0.8465, 0.8661 -0.8933 0.8465, 0.8557 -0.9456 0.8465, 0.8658 -0.9476 0.8465, 1.2464 -0.968 0.8465, 1.2261 -1.0441 0.8465, -2.6756 -0.4971 1.2008, -2.6431 -0.4942 1.2008, -2.6756 -0.4971 0.8071, -2.7076 -0.5038 1.2008, -2.7076 -0.5038 0.8071, -2.7385 -0.5142 0.8071, -2.7385 -0.5142 1.2008, -2.768 -0.5283 0.8071, -2.768 -0.5283 1.2008, -2.821 -0.5663 0.8071, -2.7956 -0.5457 1.2008, -2.7956 -0.5457 0.8071, -2.821 -0.5663 1.2008, -2.6431 -0.4942 0.8071, -2.6104 -0.4951 1.2008, -2.6104 -0.4951 0.8071, -2.5781 -0.5 0.8071, -2.5781 -0.5 1.2008, -2.5466 -0.5086 1.2008, -2.5466 -0.5086 0.8071, -2.5163 -0.5209 1.2008, -2.5163 -0.5209 0.8071, -2.4877 -0.5367 1.2008, -2.4877 -0.5367 0.8071, -2.1406 -0.7561 1.2008, -2.1406 -0.7561 0.8071, -2.7478 -0.6084 0.8071, -2.7679 -0.6244 0.8071, -2.6267 -0.573 0.8071, -2.6524 -0.5736 0.8071, -2.6778 -0.5775 0.8071, -2.7024 -0.5847 0.8071, -2.7259 -0.595 0.8071, -2.8935 -0.7393 0.8071, -2.9466 -0.6812 0.8071, -2.6012 -0.5757 0.8071, -2.5763 -0.5817 0.8071, -2.5298 -0.6032 0.8071, -2.5523 -0.591 0.8071, -2.1829 -0.8225 0.8071, -2.0039 -0.7633 0.8071, -2.1579 -0.8329 0.8071, -2.1708 -0.8288 0.8071, -2.1444 -0.8348 0.8071, -2.008 -0.8419 0.8071, -0.0435 -0.866 1.3976, -0.0414 -0.8661 1.3976, -0.0414 -0.8661 0.6102, -0.0435 -0.866 0.6102, -0.9179 -0.8202 0.6102, -1.2235 -0.883 0.6102, -1.8114 -0.8522 0.6102, -1.8097 -0.8202 0.6102, -0.6355 -0.9139 0.6102, -0.0476 -0.9445 0.6102, -0.0435 -0.9447 0.6102, -2.0039 -0.7633 1.2008, -0.9179 -0.8202 1.3976, -1.8436 -0.7717 1.3613, -1.8436 -0.7717 0.6466, -1.2235 -0.883 1.3976, -0.6355 -0.9139 1.3976, -1.8097 -0.8202 1.3976, -1.8114 -0.8522 1.3976, -0.0476 -0.9445 1.3976, -0.0435 -0.9447 1.3976, -2.008 -0.8419 1.2008, -2.1444 -0.8348 1.2008, -2.5298 -0.6032 1.2008, -2.1829 -0.8225 1.2008, -2.6267 -0.573 1.2008, -2.6524 -0.5736 1.2008, -2.6778 -0.5775 1.2008, -2.7024 -0.5847 1.2008, -2.7679 -0.6244 1.2008, -2.7478 -0.6084 1.2008, -2.7259 -0.595 1.2008, -2.8935 -0.7393 1.2008, -2.9466 -0.6812 1.2008, -2.6012 -0.5757 1.2008, -2.5523 -0.591 1.2008, -2.5763 -0.5817 1.2008, -2.1708 -0.8288 1.2008, -2.1579 -0.8329 1.2008, -2.9516 -0.7925 1.122, -2.9297 -0.7725 1.1836, -2.9389 -0.7809 1.1711, -2.9458 -0.7872 1.1562, -2.9501 -0.7911 1.1396, -2.9187 -0.7624 1.193, -2.9064 -0.7512 1.1988, -2.9516 -0.7925 0.8858, -2.9297 -0.7725 0.8243, -2.9389 -0.7809 0.8367, -2.9458 -0.7872 0.8517, -2.9501 -0.7911 0.8683, -2.9064 -0.7512 0.8091, -2.9187 -0.7624 0.8149, -2.9718 -0.7043 0.8149, -2.9596 -0.6931 0.8091, -2.992 -0.7228 0.8367, -2.999 -0.7291 0.8517, -2.9828 -0.7144 0.8243, -3.0033 -0.733 0.8683, -3.0047 -0.7344 0.8858, -3.0047 -0.7344 1.122, -2.992 -0.7228 1.1711, -2.9828 -0.7144 1.1836, -2.999 -0.7291 1.1562, -3.0033 -0.733 1.1396, -2.9718 -0.7043 1.193, -2.9596 -0.6931 1.1988
            ]
        }
        coordIndex [
            0,1,2,-1,1,3,4,-1,5,0,2,-1,6,3,1,-1,7,6,1,-1,3,8,9,-1,10,11,9,-1,11,12,13,-1,11,3,9,-1,13,12,14,-1,10,12,11,-1,2,4,15,-1,16,5,2,-1,17,18,16,-1,19,20,21,-1,22,23,24,-1,25,15,24,-1,26,17,27,-1,27,28,29,-1,30,31,32,-1,33,22,34,-1,35,36,21,-1,37,28,20,-1,35,38,39,-1,33,40,41,-1,39,40,42,-1,43,41,39,-1,42,44,35,-1,45,46,42,-1,47,48,46,-1,48,44,46,-1,1,0,7,-1,6,8,3,-1,49,11,50,-1,3,49,4,-1,13,50,11,-1,51,5,16,-1,18,51,16,-1,52,53,49,-1,2,1,4,-1,3,11,49,-1,4,53,15,-1,50,52,49,-1,2,25,16,-1,26,18,17,-1,54,55,53,-1,25,2,15,-1,23,16,25,-1,4,49,53,-1,15,55,24,-1,52,54,53,-1,17,16,23,-1,29,26,27,-1,56,34,55,-1,23,25,24,-1,57,17,23,-1,15,53,55,-1,24,34,22,-1,54,56,55,-1,27,17,57,-1,37,29,28,-1,58,33,34,-1,57,23,22,-1,27,57,43,-1,24,55,34,-1,22,33,41,-1,56,58,34,-1,28,27,43,-1,59,37,20,-1,22,41,57,-1,43,57,41,-1,43,38,28,-1,40,33,60,-1,41,40,39,-1,58,60,33,-1,20,28,38,-1,19,59,20,-1,61,32,36,-1,38,43,39,-1,38,21,20,-1,42,40,62,-1,35,39,42,-1,60,62,40,-1,31,19,21,-1,61,30,32,-1,38,35,21,-1,32,21,36,-1,44,63,36,-1,44,36,35,-1,62,45,42,-1,61,36,64,-1,31,21,32,-1,64,36,63,-1,63,44,65,-1,48,65,44,-1,46,44,42,-1,66,67,68,-1,69,70,71,-1,72,73,67,-1,67,74,68,-1,75,67,76,-1,77,78,79,-1,74,80,68,-1,81,82,83,-1,84,76,67,-1,79,85,86,-1,79,78,85,-1,87,88,89,-1,90,77,91,-1,92,78,90,-1,77,90,78,-1,87,93,94,-1,76,89,88,-1,76,84,95,-1,87,89,93,-1,96,97,98,-1,99,94,93,-1,100,89,95,-1,101,70,102,-1,93,100,103,-1,104,105,106,-1,107,108,83,-1,107,109,108,-1,81,110,82,-1,111,83,112,-1,113,114,115,-1,116,114,111,-1,117,118,104,-1,119,120,115,-1,69,121,122,-1,123,124,104,-1,121,71,125,-1,126,119,97,-1,99,103,125,-1,80,77,68,-1,77,80,91,-1,127,128,86,-1,67,73,74,-1,79,66,68,-1,67,66,84,-1,129,75,76,-1,67,75,72,-1,77,79,68,-1,127,86,85,-1,66,86,130,-1,130,95,84,-1,131,129,88,-1,76,88,129,-1,76,95,89,-1,132,131,88,-1,79,86,66,-1,133,128,127,-1,134,128,133,-1,66,130,84,-1,130,128,135,-1,132,88,87,-1,95,135,100,-1,100,93,89,-1,136,87,137,-1,132,87,136,-1,137,87,94,-1,138,136,137,-1,86,128,130,-1,139,134,133,-1,139,140,134,-1,130,135,95,-1,141,135,134,-1,101,102,137,-1,141,103,100,-1,103,99,93,-1,94,101,137,-1,142,138,137,-1,128,134,135,-1,143,140,139,-1,143,98,140,-1,135,141,100,-1,141,140,144,-1,145,102,70,-1,144,125,103,-1,71,99,125,-1,102,142,137,-1,94,99,101,-1,101,71,70,-1,146,142,102,-1,134,140,141,-1,96,98,143,-1,147,148,149,-1,141,144,103,-1,144,98,150,-1,99,71,101,-1,150,121,125,-1,145,151,152,-1,121,69,71,-1,102,145,146,-1,70,69,151,-1,153,146,145,-1,140,98,144,-1,126,97,96,-1,124,151,69,-1,144,150,125,-1,97,154,150,-1,155,152,123,-1,122,121,154,-1,70,151,145,-1,122,124,69,-1,145,152,153,-1,151,124,123,-1,156,153,152,-1,98,97,150,-1,157,119,126,-1,124,122,117,-1,150,154,121,-1,158,154,119,-1,104,118,105,-1,117,122,158,-1,151,123,152,-1,124,117,104,-1,152,155,156,-1,106,155,123,-1,159,156,155,-1,97,119,154,-1,157,120,119,-1,160,161,149,-1,154,158,122,-1,158,115,162,-1,149,161,105,-1,118,117,162,-1,159,163,164,-1,155,106,163,-1,123,104,106,-1,163,106,161,-1,159,155,163,-1,119,115,158,-1,120,113,115,-1,105,118,165,-1,158,162,117,-1,114,116,162,-1,165,147,149,-1,165,118,116,-1,164,160,166,-1,163,161,164,-1,106,105,161,-1,164,161,160,-1,159,164,167,-1,115,114,162,-1,113,168,114,-1,112,147,165,-1,162,116,118,-1,116,112,165,-1,169,160,148,-1,166,160,169,-1,105,165,149,-1,160,149,148,-1,166,167,164,-1,114,168,111,-1,107,111,168,-1,82,170,147,-1,116,111,112,-1,112,82,147,-1,148,170,171,-1,148,147,170,-1,169,172,173,-1,172,169,148,-1,166,169,173,-1,107,83,111,-1,108,81,83,-1,110,174,170,-1,112,83,82,-1,110,170,82,-1,171,170,174,-1,171,172,148,-1,175,176,177,-1,178,179,180,-1,179,175,177,-1,178,175,179,-1,181,182,176,-1,183,184,176,-1,181,176,175,-1,182,183,176,-1,178,181,175,-1,184,185,177,-1,177,176,184,-1,177,186,187,-1,179,187,180,-1,179,177,187,-1,185,188,177,-1,177,188,186,-1,185,184,183,-1,189,187,181,-1,186,188,182,-1,190,187,189,-1,182,181,186,-1,187,186,181,-1,182,188,183,-1,185,183,188,-1,190,189,191,-1,190,191,192,-1,193,192,191,-1,194,195,196,-1,196,192,193,-1,194,196,193,-1,197,198,199,-1,199,200,197,-1,201,202,203,-1,204,205,206,-1,207,208,209,-1,210,211,212,-1,213,214,215,-1,215,208,213,-1,210,207,209,-1,213,216,214,-1,208,215,209,-1,210,212,207,-1,203,212,211,-1,201,205,202,-1,211,201,203,-1,204,202,205,-1,206,217,204,-1,206,218,217,-1,219,217,218,-1,220,221,222,-1,223,224,225,-1,226,227,228,-1,229,228,230,-1,231,226,232,-1,226,231,227,-1,220,229,230,-1,228,227,230,-1,222,221,225,-1,229,220,222,-1,223,219,224,-1,221,223,225,-1,218,224,219,-1,233,234,235,-1,234,236,237,-1,236,234,233,-1,238,237,239,-1,236,239,237,-1,240,241,238,-1,238,239,240,-1,233,235,242,-1,243,244,242,-1,242,235,243,-1,244,245,246,-1,245,244,243,-1,245,247,246,-1,246,247,248,-1,249,198,250,-1,198,249,199,-1,240,214,251,-1,233,211,210,-1,252,253,254,-1,255,256,257,-1,209,236,210,-1,233,210,236,-1,209,240,239,-1,239,236,209,-1,258,251,259,-1,258,260,251,-1,261,262,263,-1,264,258,265,-1,266,267,268,-1,269,267,266,-1,253,270,254,-1,271,272,273,-1,248,274,206,-1,205,246,206,-1,275,253,252,-1,254,270,276,-1,246,248,206,-1,244,246,205,-1,273,270,271,-1,273,276,270,-1,224,277,278,-1,225,279,222,-1,280,281,272,-1,225,278,279,-1,282,283,228,-1,284,285,286,-1,281,284,286,-1,287,228,283,-1,288,289,290,-1,285,288,291,-1,226,292,293,-1,294,232,293,-1,295,256,296,-1,297,257,290,-1,226,293,232,-1,292,226,287,-1,298,275,252,-1,299,275,298,-1,300,301,302,-1,303,266,268,-1,263,267,269,-1,304,303,305,-1,306,295,307,-1,306,308,301,-1,280,272,271,-1,284,281,280,-1,291,286,285,-1,289,288,285,-1,297,290,289,-1,255,257,297,-1,296,256,255,-1,307,295,296,-1,308,306,307,-1,302,301,308,-1,300,304,305,-1,302,304,300,-1,305,303,268,-1,261,263,269,-1,262,264,265,-1,265,263,262,-1,260,258,264,-1,214,259,251,-1,214,240,215,-1,240,209,215,-1,242,201,211,-1,211,233,242,-1,201,244,205,-1,244,201,242,-1,218,206,274,-1,218,274,277,-1,222,309,229,-1,287,226,228,-1,229,309,282,-1,229,282,228,-1,222,279,309,-1,224,278,225,-1,224,218,277,-1,310,311,312,-1,313,314,315,-1,316,317,312,-1,314,313,318,-1,317,316,318,-1,315,319,320,-1,319,315,314,-1,321,319,322,-1,321,320,319,-1,318,313,323,-1,324,316,312,-1,323,317,318,-1,312,325,326,-1,324,312,326,-1,311,327,325,-1,328,327,311,-1,311,325,312,-1,311,310,329,-1,231,232,330,-1,197,331,311,-1,330,329,231,-1,330,311,329,-1,198,194,332,-1,250,198,332,-1,330,195,311,-1,197,195,194,-1,311,195,197,-1,194,198,197,-1,232,250,332,-1,330,232,332,-1,333,231,334,-1,203,243,235,-1,333,227,231,-1,335,336,227,-1,335,227,333,-1,337,230,336,-1,227,336,230,-1,230,337,338,-1,221,220,339,-1,223,340,341,-1,221,340,223,-1,342,216,241,-1,343,219,341,-1,344,345,346,-1,220,338,339,-1,220,230,338,-1,221,339,340,-1,219,223,341,-1,343,347,217,-1,219,343,217,-1,217,347,204,-1,204,347,247,-1,234,237,207,-1,204,245,202,-1,208,238,241,-1,237,238,208,-1,241,213,208,-1,348,349,342,-1,348,342,350,-1,351,352,353,-1,354,355,348,-1,356,357,358,-1,359,356,358,-1,360,361,362,-1,363,364,365,-1,361,360,366,-1,367,366,360,-1,361,368,362,-1,364,363,362,-1,364,362,368,-1,369,365,370,-1,371,372,373,-1,370,372,371,-1,374,375,376,-1,373,377,374,-1,378,379,346,-1,380,375,345,-1,381,366,367,-1,382,381,367,-1,383,384,385,-1,386,357,356,-1,352,359,358,-1,387,388,386,-1,389,390,378,-1,389,385,391,-1,369,363,365,-1,371,369,370,-1,377,373,372,-1,376,373,374,-1,380,376,375,-1,344,380,345,-1,379,344,346,-1,390,379,378,-1,391,390,389,-1,384,391,385,-1,383,388,387,-1,384,383,387,-1,388,357,386,-1,351,359,352,-1,353,355,354,-1,355,353,352,-1,350,354,348,-1,216,342,349,-1,216,213,241,-1,208,207,237,-1,234,212,235,-1,207,212,234,-1,243,203,202,-1,235,212,203,-1,204,247,245,-1,243,202,245,-1,310,231,329,-1,231,310,334,-1,248,247,347,-1,248,347,274,-1,343,274,347,-1,339,279,340,-1,341,278,277,-1,283,337,336,-1,309,338,282,-1,292,335,333,-1,335,292,287,-1,334,293,333,-1,292,333,293,-1,294,293,334,-1,287,283,336,-1,336,335,287,-1,282,338,337,-1,282,337,283,-1,309,279,339,-1,309,339,338,-1,340,278,341,-1,279,278,340,-1,343,277,274,-1,341,277,343,-1,294,249,250,-1,294,250,232,-1,180,312,200,-1,200,312,392,-1,294,393,249,-1,181,249,393,-1,180,200,178,-1,187,312,180,-1,394,294,334,-1,199,249,181,-1,393,294,394,-1,178,199,181,-1,200,199,178,-1,310,312,187,-1,187,394,310,-1,310,394,334,-1,251,241,240,-1,251,342,241,-1,258,349,348,-1,216,259,214,-1,352,358,267,-1,263,265,355,-1,357,268,358,-1,267,358,268,-1,267,263,352,-1,355,352,263,-1,348,355,265,-1,265,258,348,-1,216,349,259,-1,258,259,349,-1,262,261,353,-1,351,261,269,-1,261,351,353,-1,266,359,269,-1,351,269,359,-1,356,359,266,-1,354,262,353,-1,354,350,264,-1,264,262,354,-1,260,350,342,-1,350,260,264,-1,260,342,251,-1,357,388,305,-1,357,305,268,-1,383,305,388,-1,378,306,389,-1,385,301,300,-1,257,345,375,-1,295,346,256,-1,377,372,291,-1,374,288,290,-1,364,272,365,-1,281,286,370,-1,364,368,273,-1,273,272,364,-1,276,368,361,-1,368,276,273,-1,366,254,361,-1,276,361,254,-1,252,254,366,-1,370,365,281,-1,272,281,365,-1,372,286,291,-1,370,286,372,-1,374,377,288,-1,377,291,288,-1,257,375,290,-1,375,374,290,-1,256,346,345,-1,256,345,257,-1,295,306,378,-1,295,378,346,-1,389,301,385,-1,306,301,389,-1,383,300,305,-1,385,300,383,-1,395,396,397,-1,398,399,400,-1,397,399,401,-1,402,400,403,-1,404,405,406,-1,403,406,407,-1,408,404,409,-1,410,411,409,-1,411,412,409,-1,413,414,415,-1,410,416,417,-1,418,416,419,-1,414,418,419,-1,420,415,421,-1,422,423,424,-1,425,420,421,-1,366,381,426,-1,427,428,429,-1,430,431,381,-1,366,426,432,-1,429,433,381,-1,433,434,381,-1,424,435,436,-1,427,436,435,-1,425,437,438,-1,423,422,438,-1,439,440,441,-1,396,442,443,-1,444,445,366,-1,366,445,252,-1,446,443,447,-1,448,449,366,-1,366,449,444,-1,450,451,366,-1,366,451,448,-1,452,453,366,-1,366,453,450,-1,366,432,452,-1,426,381,431,-1,434,430,381,-1,429,428,433,-1,427,435,428,-1,424,423,435,-1,438,437,423,-1,425,421,437,-1,420,413,415,-1,414,419,415,-1,416,418,417,-1,417,411,410,-1,412,408,409,-1,408,405,404,-1,405,407,406,-1,407,402,403,-1,454,398,400,-1,400,402,454,-1,398,401,399,-1,401,395,397,-1,395,442,396,-1,443,446,396,-1,446,455,439,-1,455,446,447,-1,298,456,457,-1,439,455,440,-1,298,457,441,-1,440,298,441,-1,298,458,459,-1,456,298,459,-1,460,458,252,-1,298,252,458,-1,461,462,252,-1,252,462,460,-1,463,464,252,-1,252,464,461,-1,465,466,252,-1,252,466,463,-1,445,467,252,-1,252,467,465,-1,440,299,298,-1,443,468,447,-1,455,469,470,-1,471,395,401,-1,472,442,473,-1,454,402,474,-1,398,475,476,-1,407,405,477,-1,477,478,407,-1,479,405,408,-1,405,479,477,-1,412,480,408,-1,479,408,480,-1,481,480,412,-1,478,474,402,-1,407,478,402,-1,398,454,475,-1,454,474,475,-1,471,401,476,-1,401,398,476,-1,473,442,395,-1,473,395,471,-1,472,468,443,-1,472,443,442,-1,447,469,455,-1,468,469,447,-1,440,470,299,-1,455,470,440,-1,471,482,483,-1,475,484,485,-1,482,476,485,-1,477,486,478,-1,479,487,488,-1,488,486,477,-1,480,489,487,-1,490,491,492,-1,481,492,489,-1,493,494,495,-1,491,490,496,-1,497,498,496,-1,498,497,495,-1,499,500,494,-1,299,501,502,-1,503,504,500,-1,505,382,506,-1,507,508,509,-1,505,510,382,-1,511,506,382,-1,507,509,505,-1,510,505,509,-1,512,513,508,-1,507,512,508,-1,504,503,514,-1,514,515,516,-1,517,299,518,-1,519,468,472,-1,483,472,473,-1,520,367,521,-1,515,512,516,-1,513,512,515,-1,514,516,504,-1,503,500,499,-1,499,494,493,-1,495,494,498,-1,496,490,497,-1,491,489,492,-1,481,489,480,-1,480,487,479,-1,479,488,477,-1,486,484,478,-1,474,484,475,-1,484,474,478,-1,475,485,476,-1,476,482,471,-1,471,483,473,-1,472,483,519,-1,519,522,469,-1,469,468,519,-1,470,522,523,-1,522,470,469,-1,299,523,501,-1,470,523,299,-1,524,275,525,-1,502,518,299,-1,526,275,517,-1,299,517,275,-1,527,275,528,-1,275,526,528,-1,529,275,530,-1,275,527,530,-1,275,529,525,-1,275,531,532,-1,524,531,275,-1,367,275,532,-1,533,367,534,-1,367,532,534,-1,535,367,536,-1,367,533,536,-1,537,367,538,-1,367,535,538,-1,520,539,367,-1,367,537,521,-1,540,382,539,-1,367,539,382,-1,511,382,541,-1,382,540,541,-1,387,386,303,-1,390,391,308,-1,384,304,302,-1,255,380,344,-1,307,296,379,-1,373,285,371,-1,376,297,289,-1,363,280,271,-1,280,369,284,-1,271,270,362,-1,362,363,271,-1,253,360,270,-1,362,270,360,-1,367,253,275,-1,253,367,360,-1,371,284,369,-1,363,369,280,-1,373,289,285,-1,371,285,284,-1,380,297,376,-1,376,289,373,-1,296,255,344,-1,255,297,380,-1,307,379,390,-1,296,344,379,-1,308,391,302,-1,307,390,308,-1,384,387,304,-1,391,384,302,-1,303,304,387,-1,356,303,386,-1,356,266,303,-1,411,481,412,-1,414,497,418,-1,417,490,492,-1,499,420,425,-1,495,413,493,-1,422,424,515,-1,438,514,503,-1,436,427,508,-1,508,513,436,-1,509,427,429,-1,427,509,508,-1,381,510,429,-1,509,429,510,-1,382,510,381,-1,513,515,424,-1,436,513,424,-1,438,422,514,-1,422,515,514,-1,499,425,503,-1,425,438,503,-1,493,413,420,-1,493,420,499,-1,495,497,414,-1,495,414,413,-1,418,490,417,-1,497,490,418,-1,411,492,481,-1,417,492,411,-1,542,543,544,-1,545,546,547,-1,548,549,550,-1,551,552,550,-1,543,553,554,-1,555,556,542,-1,557,553,558,-1,559,560,561,-1,562,558,563,-1,563,564,565,-1,566,560,567,-1,409,404,568,-1,569,570,571,-1,570,572,573,-1,406,573,404,-1,565,574,569,-1,575,548,576,-1,577,574,564,-1,566,578,579,-1,580,581,579,-1,582,583,584,-1,585,578,582,-1,586,583,582,-1,587,588,556,-1,586,14,583,-1,588,589,590,-1,591,592,593,-1,594,590,595,-1,596,597,598,-1,599,600,594,-1,601,597,602,-1,600,603,604,-1,598,605,596,-1,606,604,607,-1,608,609,610,-1,611,612,606,-1,613,609,614,-1,612,615,616,-1,610,617,608,-1,618,616,619,-1,620,621,622,-1,623,547,618,-1,624,621,625,-1,626,627,628,-1,614,629,613,-1,630,631,632,-1,546,633,634,-1,632,631,633,-1,635,636,637,-1,633,546,632,-1,635,637,630,-1,445,636,467,-1,546,634,638,-1,639,638,634,-1,47,640,639,-1,639,640,638,-1,561,560,566,-1,640,47,641,-1,627,626,641,-1,642,628,627,-1,641,626,640,-1,545,643,632,-1,625,642,624,-1,630,644,635,-1,547,546,638,-1,545,632,546,-1,635,465,467,-1,631,630,637,-1,630,643,644,-1,467,636,635,-1,640,645,638,-1,645,640,626,-1,623,646,545,-1,645,547,638,-1,647,645,626,-1,643,648,644,-1,618,547,645,-1,623,545,547,-1,644,466,465,-1,632,643,630,-1,643,646,648,-1,465,635,644,-1,628,647,626,-1,621,624,622,-1,619,649,623,-1,647,618,645,-1,647,628,650,-1,646,651,648,-1,616,618,647,-1,619,623,618,-1,648,463,466,-1,545,646,643,-1,646,649,651,-1,466,644,648,-1,628,625,650,-1,625,628,642,-1,615,652,619,-1,650,616,647,-1,653,650,625,-1,649,654,651,-1,612,616,650,-1,615,619,616,-1,651,464,463,-1,623,649,646,-1,649,652,654,-1,463,648,651,-1,621,653,625,-1,629,620,622,-1,611,655,615,-1,653,612,650,-1,656,653,621,-1,652,657,654,-1,606,612,653,-1,611,615,612,-1,654,461,464,-1,619,652,649,-1,652,655,657,-1,464,651,654,-1,656,621,620,-1,609,613,610,-1,607,658,611,-1,656,606,653,-1,659,656,620,-1,655,660,657,-1,604,606,656,-1,607,611,606,-1,657,462,461,-1,615,655,652,-1,655,658,660,-1,461,654,657,-1,620,614,659,-1,614,620,629,-1,603,661,607,-1,659,604,656,-1,602,617,601,-1,658,662,660,-1,600,604,659,-1,603,607,604,-1,660,460,462,-1,611,658,655,-1,658,661,662,-1,462,657,660,-1,614,663,659,-1,663,614,609,-1,599,664,603,-1,663,600,659,-1,597,601,598,-1,661,665,662,-1,594,600,663,-1,599,603,600,-1,662,458,460,-1,607,661,658,-1,661,664,665,-1,460,660,662,-1,609,666,663,-1,608,666,609,-1,595,667,599,-1,666,594,663,-1,668,666,608,-1,664,669,665,-1,590,594,666,-1,595,599,594,-1,665,459,458,-1,603,664,661,-1,664,667,669,-1,458,662,665,-1,608,602,668,-1,602,608,617,-1,589,670,595,-1,668,590,666,-1,576,605,575,-1,667,671,669,-1,588,590,668,-1,589,595,590,-1,669,456,459,-1,599,667,664,-1,667,670,671,-1,459,665,669,-1,602,672,668,-1,672,602,597,-1,587,673,589,-1,672,588,668,-1,548,575,549,-1,670,674,671,-1,556,588,672,-1,587,589,588,-1,671,457,456,-1,595,670,667,-1,670,673,674,-1,456,669,671,-1,597,675,672,-1,596,675,597,-1,555,676,587,-1,675,556,672,-1,677,675,596,-1,673,678,674,-1,542,556,675,-1,555,587,556,-1,674,441,457,-1,589,673,670,-1,673,676,678,-1,457,671,674,-1,596,576,677,-1,576,596,605,-1,544,679,555,-1,677,542,675,-1,677,576,680,-1,676,681,678,-1,543,542,677,-1,544,555,542,-1,678,439,441,-1,587,676,673,-1,676,679,681,-1,441,674,678,-1,548,680,576,-1,551,550,549,-1,554,682,544,-1,680,543,677,-1,680,548,683,-1,679,684,681,-1,553,543,680,-1,554,544,543,-1,681,446,439,-1,555,679,676,-1,679,682,684,-1,439,678,681,-1,550,683,548,-1,593,552,551,-1,557,685,554,-1,683,553,680,-1,686,591,559,-1,682,687,684,-1,558,553,683,-1,557,554,553,-1,684,396,446,-1,544,682,679,-1,682,685,687,-1,446,681,684,-1,550,688,683,-1,688,550,552,-1,562,689,557,-1,688,558,683,-1,690,688,552,-1,685,691,687,-1,563,558,688,-1,562,557,558,-1,687,397,396,-1,554,685,682,-1,685,689,691,-1,396,684,687,-1,552,592,690,-1,592,552,593,-1,565,692,562,-1,690,563,688,-1,592,693,690,-1,689,694,691,-1,563,690,564,-1,565,562,563,-1,691,399,397,-1,557,689,685,-1,689,692,694,-1,397,687,691,-1,592,686,693,-1,686,592,591,-1,695,696,697,-1,693,564,690,-1,698,693,686,-1,692,571,694,-1,693,577,564,-1,574,565,564,-1,694,400,399,-1,562,692,689,-1,692,569,571,-1,399,691,694,-1,686,561,698,-1,561,686,559,-1,577,699,695,-1,698,577,693,-1,561,700,698,-1,574,695,572,-1,577,698,699,-1,574,577,695,-1,571,403,400,-1,565,569,692,-1,569,572,570,-1,400,694,571,-1,566,700,561,-1,701,578,567,-1,581,699,700,-1,700,699,698,-1,700,579,581,-1,696,695,699,-1,699,581,696,-1,572,695,697,-1,570,406,403,-1,574,572,569,-1,572,697,573,-1,403,571,570,-1,567,578,566,-1,701,586,582,-1,696,581,702,-1,566,579,700,-1,579,585,580,-1,697,696,703,-1,581,580,702,-1,704,409,568,-1,696,702,703,-1,568,573,697,-1,703,568,697,-1,406,570,573,-1,701,582,578,-1,578,585,579,-1,584,705,585,-1,582,584,585,-1,705,706,580,-1,585,705,580,-1,706,707,702,-1,580,706,702,-1,707,704,703,-1,702,707,703,-1,704,568,703,-1,404,573,568,-1,708,584,583,-1,709,710,711,-1,712,64,713,-1,14,714,583,-1,714,14,12,-1,715,10,716,-1,716,10,9,-1,717,718,719,-1,6,720,721,-1,51,722,5,-1,723,724,725,-1,724,726,727,-1,728,5,722,-1,729,730,26,-1,731,732,733,-1,734,59,735,-1,736,737,738,-1,739,740,741,-1,64,712,61,-1,742,743,744,-1,63,713,64,-1,745,746,747,-1,743,748,747,-1,749,750,713,-1,751,750,752,-1,639,634,753,-1,749,753,754,-1,48,47,639,-1,639,753,48,-1,755,444,449,-1,444,756,445,-1,757,755,744,-1,740,758,759,-1,745,748,741,-1,760,759,761,-1,762,760,763,-1,19,764,735,-1,765,37,734,-1,737,762,766,-1,767,768,736,-1,30,769,31,-1,730,770,18,-1,771,733,768,-1,732,772,726,-1,729,26,29,-1,717,723,773,-1,728,774,0,-1,719,775,709,-1,8,721,776,-1,715,714,12,-1,0,774,7,-1,584,711,705,-1,705,711,777,-1,706,705,777,-1,778,706,777,-1,778,779,707,-1,707,779,704,-1,409,704,410,-1,714,708,583,-1,10,715,12,-1,710,780,777,-1,708,711,584,-1,776,9,8,-1,778,781,779,-1,709,711,708,-1,710,777,711,-1,779,416,410,-1,706,778,707,-1,778,780,781,-1,410,704,779,-1,714,782,708,-1,782,714,715,-1,775,783,710,-1,782,709,708,-1,784,782,715,-1,780,785,781,-1,719,709,782,-1,775,710,709,-1,781,419,416,-1,777,780,778,-1,780,783,785,-1,416,779,781,-1,716,784,715,-1,721,8,6,-1,718,786,775,-1,784,719,782,-1,784,716,787,-1,783,788,785,-1,717,719,784,-1,718,775,719,-1,785,415,419,-1,710,783,780,-1,783,786,788,-1,419,781,785,-1,716,776,787,-1,776,716,9,-1,773,789,718,-1,787,717,784,-1,790,787,776,-1,786,791,788,-1,723,717,787,-1,773,718,717,-1,788,421,415,-1,775,786,783,-1,786,789,791,-1,415,785,788,-1,721,790,776,-1,7,720,6,-1,725,792,773,-1,790,723,787,-1,793,790,721,-1,789,794,791,-1,724,723,790,-1,725,773,723,-1,791,437,421,-1,718,789,786,-1,789,792,794,-1,421,788,791,-1,793,721,720,-1,728,0,5,-1,727,795,725,-1,793,724,790,-1,796,793,720,-1,792,797,794,-1,726,724,793,-1,727,725,724,-1,794,423,437,-1,773,792,789,-1,792,795,797,-1,437,791,794,-1,720,774,796,-1,774,720,7,-1,772,798,727,-1,796,726,793,-1,770,51,18,-1,795,799,797,-1,732,726,796,-1,772,727,726,-1,797,435,423,-1,725,795,792,-1,795,798,799,-1,423,794,797,-1,774,800,796,-1,800,774,728,-1,731,801,772,-1,800,732,796,-1,730,18,26,-1,798,802,799,-1,733,732,800,-1,731,772,732,-1,799,428,435,-1,727,798,795,-1,798,801,802,-1,435,797,799,-1,728,803,800,-1,722,803,728,-1,771,804,731,-1,803,733,800,-1,805,803,722,-1,801,806,802,-1,768,733,803,-1,771,731,733,-1,802,433,428,-1,772,801,798,-1,801,804,806,-1,428,799,802,-1,722,770,805,-1,770,722,51,-1,767,807,771,-1,805,768,803,-1,765,29,37,-1,804,808,806,-1,736,768,805,-1,767,771,768,-1,806,434,433,-1,731,804,801,-1,804,807,808,-1,433,802,806,-1,770,809,805,-1,809,770,730,-1,738,810,767,-1,809,736,805,-1,734,37,59,-1,807,811,808,-1,737,736,809,-1,738,767,736,-1,808,430,434,-1,771,807,804,-1,807,810,811,-1,434,806,808,-1,730,812,809,-1,729,812,730,-1,766,813,738,-1,812,737,809,-1,814,812,729,-1,810,815,811,-1,762,737,812,-1,766,738,737,-1,811,431,430,-1,767,810,807,-1,810,813,815,-1,430,808,811,-1,729,765,814,-1,765,729,29,-1,763,816,766,-1,814,762,812,-1,814,765,817,-1,813,818,815,-1,760,762,814,-1,763,766,762,-1,815,426,431,-1,738,813,810,-1,813,816,818,-1,431,811,815,-1,734,817,765,-1,19,735,59,-1,761,819,763,-1,817,760,814,-1,817,734,820,-1,816,821,818,-1,759,760,817,-1,761,763,760,-1,818,432,426,-1,766,816,813,-1,816,819,821,-1,426,815,818,-1,735,820,734,-1,31,764,19,-1,758,822,761,-1,820,759,817,-1,823,30,61,-1,819,824,821,-1,740,759,820,-1,758,761,759,-1,821,452,432,-1,763,819,816,-1,819,822,824,-1,432,818,821,-1,735,825,820,-1,825,735,764,-1,739,826,758,-1,825,740,820,-1,827,825,764,-1,822,828,824,-1,741,740,825,-1,739,758,740,-1,824,453,452,-1,761,822,819,-1,822,826,828,-1,452,821,824,-1,764,769,827,-1,769,764,31,-1,748,829,739,-1,827,741,825,-1,769,830,827,-1,826,831,828,-1,741,827,745,-1,748,739,741,-1,828,450,453,-1,758,826,822,-1,826,829,831,-1,453,824,828,-1,769,823,830,-1,823,769,30,-1,832,833,834,-1,830,745,827,-1,835,830,823,-1,829,742,831,-1,830,746,745,-1,747,748,745,-1,831,451,450,-1,739,829,826,-1,829,743,742,-1,450,828,831,-1,823,712,835,-1,712,823,61,-1,746,836,832,-1,835,746,830,-1,712,837,835,-1,747,832,757,-1,746,835,836,-1,747,746,832,-1,742,448,451,-1,748,743,829,-1,743,757,744,-1,451,831,742,-1,713,837,712,-1,65,749,63,-1,751,836,837,-1,837,836,835,-1,837,750,751,-1,833,832,836,-1,836,751,833,-1,757,832,834,-1,744,449,448,-1,747,757,743,-1,757,834,755,-1,448,742,744,-1,63,749,713,-1,65,48,753,-1,833,751,838,-1,713,750,837,-1,750,754,752,-1,834,833,839,-1,751,752,838,-1,636,445,756,-1,833,838,839,-1,756,755,834,-1,839,756,834,-1,449,744,755,-1,65,753,749,-1,749,754,750,-1,634,633,754,-1,753,634,754,-1,633,631,752,-1,754,633,752,-1,631,637,838,-1,752,631,838,-1,637,636,839,-1,838,637,839,-1,636,756,839,-1,444,755,756,-1,840,841,75,-1,842,843,844,-1,841,845,72,-1,846,847,848,-1,536,849,850,-1,848,851,852,-1,853,534,532,-1,73,845,854,-1,849,855,850,-1,851,855,856,-1,857,858,859,-1,533,853,849,-1,860,861,862,-1,859,854,862,-1,858,863,864,-1,857,863,858,-1,865,866,847,-1,90,864,92,-1,867,840,131,-1,854,80,74,-1,867,132,868,-1,869,866,870,-1,871,868,136,-1,869,872,873,-1,129,840,75,-1,874,842,873,-1,875,876,146,-1,876,871,142,-1,877,875,153,-1,844,878,879,-1,138,871,136,-1,880,881,879,-1,882,881,883,-1,884,885,886,-1,887,888,167,-1,889,890,891,-1,172,892,893,-1,894,895,896,-1,890,897,898,-1,899,900,895,-1,901,899,902,-1,903,904,896,-1,895,903,896,-1,489,491,904,-1,900,899,901,-1,902,108,109,-1,109,901,902,-1,894,897,905,-1,906,907,110,-1,906,81,908,-1,171,909,892,-1,174,907,909,-1,885,910,911,-1,911,912,891,-1,913,887,166,-1,893,913,173,-1,914,915,882,-1,916,886,915,-1,159,888,877,-1,81,108,908,-1,156,877,153,-1,908,108,902,-1,899,917,902,-1,896,904,491,-1,900,903,895,-1,895,894,905,-1,496,896,491,-1,908,902,917,-1,110,81,906,-1,895,905,899,-1,917,899,905,-1,889,908,917,-1,894,896,496,-1,905,897,890,-1,498,894,496,-1,906,908,889,-1,174,110,907,-1,905,890,917,-1,889,917,890,-1,912,906,889,-1,897,894,498,-1,890,898,891,-1,494,897,498,-1,907,906,912,-1,171,174,909,-1,891,898,918,-1,912,889,891,-1,910,907,912,-1,898,897,494,-1,891,918,911,-1,500,898,494,-1,909,907,910,-1,172,171,892,-1,911,918,919,-1,910,912,911,-1,884,909,910,-1,918,898,500,-1,911,919,885,-1,504,918,500,-1,892,909,884,-1,173,172,893,-1,885,919,920,-1,884,910,885,-1,916,892,884,-1,919,918,504,-1,885,920,886,-1,516,919,504,-1,893,892,916,-1,166,173,913,-1,886,920,921,-1,916,884,886,-1,914,893,916,-1,920,919,516,-1,886,921,915,-1,512,920,516,-1,913,893,914,-1,167,166,887,-1,507,922,921,-1,914,916,915,-1,883,913,914,-1,921,920,512,-1,915,922,882,-1,507,921,512,-1,887,913,883,-1,159,167,888,-1,505,923,922,-1,883,914,882,-1,880,887,883,-1,915,921,922,-1,882,923,881,-1,507,505,922,-1,888,887,880,-1,156,159,877,-1,506,924,923,-1,880,883,881,-1,878,888,880,-1,882,922,923,-1,881,924,879,-1,505,506,923,-1,877,888,878,-1,146,153,875,-1,511,925,924,-1,878,880,879,-1,843,877,878,-1,881,923,924,-1,879,925,844,-1,506,511,924,-1,875,877,843,-1,142,146,876,-1,541,926,925,-1,843,878,844,-1,874,875,843,-1,879,924,925,-1,844,926,842,-1,511,541,925,-1,876,875,874,-1,138,142,871,-1,540,927,926,-1,874,843,842,-1,872,876,874,-1,844,925,926,-1,842,927,873,-1,541,540,926,-1,871,876,872,-1,132,136,868,-1,539,928,927,-1,872,874,873,-1,870,871,872,-1,842,926,927,-1,873,928,869,-1,540,539,927,-1,868,871,870,-1,131,132,867,-1,520,929,928,-1,870,872,869,-1,865,868,870,-1,873,927,928,-1,869,929,866,-1,539,520,928,-1,867,868,865,-1,129,131,840,-1,521,930,929,-1,865,870,866,-1,846,867,865,-1,869,928,929,-1,866,930,847,-1,520,521,929,-1,840,867,846,-1,72,75,841,-1,537,931,930,-1,846,865,847,-1,852,840,846,-1,866,929,930,-1,847,931,848,-1,521,537,930,-1,841,840,852,-1,73,72,845,-1,538,932,931,-1,852,846,848,-1,856,841,852,-1,847,930,931,-1,848,932,851,-1,537,538,931,-1,845,841,856,-1,74,73,854,-1,535,850,932,-1,856,852,851,-1,856,933,845,-1,848,931,932,-1,851,850,855,-1,538,535,932,-1,854,845,933,-1,859,91,80,-1,855,860,933,-1,933,856,855,-1,862,933,860,-1,851,932,850,-1,855,849,860,-1,535,536,850,-1,80,854,859,-1,91,858,90,-1,532,934,853,-1,854,933,862,-1,862,861,857,-1,853,860,849,-1,861,860,853,-1,536,533,849,-1,91,859,858,-1,90,858,864,-1,935,863,857,-1,859,862,857,-1,857,861,935,-1,934,935,861,-1,934,861,853,-1,533,534,853,-1,936,937,938,-1,939,938,940,-1,941,942,943,-1,944,939,945,-1,946,947,948,-1,942,949,950,-1,946,944,951,-1,952,950,953,-1,954,955,952,-1,955,956,957,-1,958,957,959,-1,960,961,948,-1,962,961,963,-1,964,965,92,-1,962,966,967,-1,968,969,970,-1,965,964,958,-1,934,967,935,-1,967,966,935,-1,863,971,864,-1,864,964,92,-1,532,531,934,-1,943,972,973,-1,972,974,975,-1,976,977,936,-1,978,979,974,-1,976,980,981,-1,978,982,983,-1,984,980,985,-1,986,987,982,-1,988,989,985,-1,990,986,991,-1,992,993,988,-1,991,994,995,-1,996,997,992,-1,998,999,994,-1,1000,996,1001,-1,1002,998,1003,-1,1004,1005,1001,-1,1003,1006,1007,-1,1008,1009,1004,-1,1010,1011,1006,-1,1008,1012,1013,-1,1010,1014,1015,-1,1016,1017,1012,-1,901,1018,900,-1,968,1019,1014,-1,1018,1019,1020,-1,1018,1020,900,-1,1017,1021,1022,-1,1023,901,109,-1,1016,1024,1021,-1,487,489,1025,-1,969,1026,1021,-1,964,864,971,-1,959,965,958,-1,935,966,863,-1,971,863,966,-1,964,971,1027,-1,934,531,967,-1,962,963,966,-1,524,967,531,-1,958,964,1027,-1,956,959,957,-1,966,963,971,-1,1027,971,963,-1,1028,958,1027,-1,962,524,525,-1,963,961,960,-1,524,962,967,-1,957,958,1028,-1,954,956,955,-1,963,960,1027,-1,1028,1027,960,-1,957,1028,1029,-1,961,525,529,-1,947,960,948,-1,525,961,962,-1,955,957,1029,-1,953,954,952,-1,960,947,1028,-1,1029,1028,947,-1,955,1029,1030,-1,948,961,529,-1,946,951,947,-1,530,948,529,-1,952,955,1030,-1,949,953,950,-1,947,951,1029,-1,1030,1029,951,-1,1031,952,1030,-1,946,530,527,-1,951,944,945,-1,530,946,948,-1,950,952,1031,-1,941,949,942,-1,951,945,1030,-1,1031,1030,945,-1,950,1031,1032,-1,944,527,528,-1,945,939,940,-1,527,944,946,-1,942,950,1032,-1,973,941,943,-1,945,940,1031,-1,1032,1031,940,-1,942,1032,1033,-1,944,528,939,-1,938,937,940,-1,526,939,528,-1,943,942,1033,-1,975,973,972,-1,940,937,1032,-1,1033,1032,937,-1,1034,943,1033,-1,938,526,517,-1,937,936,977,-1,526,938,939,-1,972,943,1034,-1,979,975,974,-1,937,977,1033,-1,1034,1033,977,-1,972,1034,1035,-1,936,517,518,-1,977,976,981,-1,517,936,938,-1,974,972,1035,-1,983,979,978,-1,977,981,1034,-1,1035,1034,981,-1,974,1035,1036,-1,976,518,502,-1,981,980,984,-1,518,976,936,-1,978,974,1036,-1,987,983,982,-1,981,984,1035,-1,1036,1035,984,-1,1037,978,1036,-1,980,502,501,-1,984,985,989,-1,502,980,976,-1,982,978,1037,-1,990,987,986,-1,984,989,1036,-1,1037,1036,989,-1,982,1037,1038,-1,985,501,523,-1,993,989,988,-1,501,985,980,-1,986,982,1038,-1,995,990,991,-1,989,993,1037,-1,1038,1037,993,-1,986,1038,1039,-1,988,985,523,-1,992,997,993,-1,522,988,523,-1,991,986,1039,-1,999,995,994,-1,993,997,1038,-1,1039,1038,997,-1,1040,991,1039,-1,992,522,519,-1,997,996,1000,-1,522,992,988,-1,994,991,1040,-1,1002,999,998,-1,997,1000,1039,-1,1040,1039,1000,-1,994,1040,1041,-1,992,519,996,-1,1000,1001,1005,-1,483,996,519,-1,998,994,1041,-1,1007,1002,1003,-1,1000,1005,1040,-1,1041,1040,1005,-1,998,1041,1042,-1,482,1001,483,-1,1005,1004,1009,-1,483,1001,996,-1,1003,998,1042,-1,1011,1007,1006,-1,1005,1009,1041,-1,1042,1041,1009,-1,1003,1042,1043,-1,1004,482,485,-1,1009,1008,1013,-1,482,1004,1001,-1,1006,1003,1043,-1,1015,1011,1010,-1,1009,1013,1042,-1,1043,1042,1013,-1,1006,1043,1022,-1,1004,485,1008,-1,1012,1017,1013,-1,484,1008,485,-1,1010,1006,1022,-1,1044,1015,1014,-1,1013,1017,1043,-1,1022,1043,1017,-1,1026,1010,1022,-1,1012,484,486,-1,1017,1016,1021,-1,484,1012,1008,-1,1014,1010,1026,-1,1045,1044,1019,-1,1025,969,1024,-1,1026,1022,1021,-1,1026,969,968,-1,1016,486,488,-1,1021,1024,969,-1,486,1016,1012,-1,1044,1014,1019,-1,1018,1023,1045,-1,1025,1024,487,-1,1014,1026,968,-1,1020,968,970,-1,1024,488,487,-1,970,969,1025,-1,488,1024,1016,-1,1045,1019,1018,-1,1023,1018,901,-1,903,900,1020,-1,1019,968,1020,-1,1020,970,903,-1,904,903,970,-1,970,1025,904,-1,489,904,1025,-1,1046,622,1047,-1,1048,1049,1050,-1,1051,1052,1053,-1,613,1046,1053,-1,641,1054,627,-1,642,627,1054,-1,624,642,1047,-1,46,641,47,-1,1054,1055,1051,-1,60,1056,1057,-1,1055,1057,1058,-1,1048,1052,1058,-1,1059,601,1060,-1,1061,1050,1062,-1,1056,58,1063,-1,1064,1065,1062,-1,56,1066,1063,-1,1067,1066,54,-1,1062,1065,1061,-1,1064,1068,1069,-1,1069,1070,1071,-1,1067,52,1072,-1,1071,1073,559,-1,559,1073,560,-1,1071,1070,1073,-1,567,1074,701,-1,567,560,1073,-1,1074,13,586,-1,1074,586,701,-1,586,13,14,-1,1073,1074,567,-1,13,1074,50,-1,52,50,1072,-1,1047,642,1054,-1,50,1074,1072,-1,1072,1073,1070,-1,593,1071,591,-1,559,591,1071,-1,1074,1073,1072,-1,54,52,1067,-1,1065,1069,551,-1,593,1069,1071,-1,1067,1070,1068,-1,1069,1065,1064,-1,549,1065,551,-1,1069,593,551,-1,1072,1070,1067,-1,56,54,1066,-1,1070,1069,1068,-1,1075,1066,1068,-1,1075,1064,1062,-1,575,1065,549,-1,1067,1068,1066,-1,58,56,1063,-1,1061,1076,1050,-1,1068,1064,1075,-1,1077,1063,1075,-1,1065,575,1061,-1,1062,1050,1077,-1,605,1061,575,-1,1066,1075,1063,-1,60,58,1056,-1,598,1059,1076,-1,1075,1062,1077,-1,1049,1056,1077,-1,1061,605,1076,-1,1076,1048,1050,-1,598,1076,605,-1,1063,1077,1056,-1,62,60,1057,-1,1060,1052,1059,-1,1077,1050,1049,-1,1049,1058,1057,-1,1076,1059,1048,-1,1059,1052,1048,-1,598,601,1059,-1,1056,1049,1057,-1,45,62,1055,-1,1060,610,1053,-1,1049,1048,1058,-1,1051,1058,1052,-1,1060,1053,1052,-1,601,617,1060,-1,62,1057,1055,-1,46,45,1055,-1,1046,1047,1053,-1,1058,1051,1055,-1,1051,1053,1047,-1,610,613,1053,-1,617,610,1060,-1,1055,1054,46,-1,641,46,1054,-1,622,624,1047,-1,1051,1047,1054,-1,622,1046,629,-1,613,629,1046,-1,1078,965,959,-1,1079,1080,1081,-1,78,92,965,-1,1082,1078,959,-1,954,1083,956,-1,1083,1082,956,-1,956,1082,959,-1,941,973,1084,-1,953,949,1085,-1,1086,1087,1088,-1,1081,1089,1090,-1,1087,1085,1080,-1,1091,1092,1093,-1,1094,1095,1096,-1,1093,1097,1098,-1,1098,1099,1100,-1,1101,1102,1099,-1,1097,1103,1101,-1,1104,1103,1105,-1,1106,1107,1108,-1,168,1104,107,-1,1098,1109,1091,-1,1104,1110,107,-1,1096,1109,1100,-1,1023,109,107,-1,1095,1111,1089,-1,1112,1094,1100,-1,1113,979,1114,-1,1115,1111,1094,-1,1079,1116,1087,-1,1113,1117,979,-1,1084,1080,1085,-1,1118,1083,1086,-1,941,1085,949,-1,953,1083,954,-1,1078,1082,1119,-1,1083,953,1085,-1,1119,78,1078,-1,1082,1118,1119,-1,78,965,1078,-1,1085,1086,1083,-1,1087,1080,1079,-1,1087,1086,1085,-1,1120,85,1119,-1,1083,1118,1082,-1,1118,1088,1120,-1,78,1119,85,-1,941,1084,1085,-1,973,975,1117,-1,1121,990,1122,-1,983,1123,1114,-1,1117,1084,973,-1,1079,1081,1090,-1,1081,1080,1084,-1,127,1120,1124,-1,1118,1120,1119,-1,1086,1088,1118,-1,1088,1116,1124,-1,85,1120,127,-1,1125,1084,1117,-1,975,979,1117,-1,1090,1126,1079,-1,1125,1081,1084,-1,1125,1117,1127,-1,1116,1128,1124,-1,1089,1081,1125,-1,133,1124,1128,-1,1088,1124,1120,-1,1087,1116,1088,-1,1116,1126,1128,-1,127,1124,133,-1,1113,1127,1117,-1,983,1114,979,-1,1111,1129,1090,-1,1127,1089,1125,-1,1127,1113,1130,-1,1126,1131,1128,-1,1095,1089,1127,-1,1111,1090,1089,-1,1131,139,1128,-1,1079,1126,1116,-1,1126,1129,1131,-1,133,1128,139,-1,1114,1130,1113,-1,987,1123,983,-1,1130,1095,1127,-1,1130,1114,1132,-1,1129,1133,1131,-1,1095,1130,1096,-1,1094,1111,1095,-1,1133,143,1131,-1,1090,1129,1126,-1,1129,1115,1133,-1,139,1131,143,-1,1123,1132,1114,-1,990,1121,987,-1,1092,1106,1108,-1,1132,1096,1130,-1,1132,1123,1134,-1,1115,1135,1133,-1,1132,1109,1096,-1,1100,1094,1096,-1,1135,96,1133,-1,1111,1115,1129,-1,1115,1112,1135,-1,143,1133,96,-1,1123,1121,1134,-1,987,1121,1123,-1,1122,990,1136,-1,1134,1109,1132,-1,1121,1137,1134,-1,1112,1102,1135,-1,1091,1109,1134,-1,1098,1100,1109,-1,1102,126,1135,-1,1094,1112,1115,-1,1112,1099,1102,-1,96,1135,126,-1,1122,1137,1121,-1,995,1136,990,-1,1106,1138,1139,-1,1137,1091,1134,-1,1137,1122,1140,-1,1093,1108,1105,-1,1137,1092,1091,-1,1098,1091,1093,-1,1102,120,157,-1,1100,1099,1112,-1,1099,1097,1101,-1,126,1102,157,-1,1136,1140,1122,-1,1136,999,1138,-1,999,1002,1141,-1,1140,1092,1137,-1,1138,1140,1136,-1,1142,1143,1107,-1,1092,1140,1106,-1,1092,1108,1093,-1,1101,113,120,-1,1098,1097,1099,-1,1097,1105,1103,-1,120,1102,1101,-1,995,999,1136,-1,1141,1002,1007,-1,1140,1138,1106,-1,999,1141,1138,-1,1139,1107,1106,-1,1105,1108,1143,-1,1103,168,113,-1,1093,1105,1097,-1,1143,1104,1105,-1,113,1101,1103,-1,1139,1141,1007,-1,1141,1139,1138,-1,1007,1011,1139,-1,1011,1144,1139,-1,1139,1144,1107,-1,1108,1107,1143,-1,1107,1144,1142,-1,1110,1104,1143,-1,1142,1110,1143,-1,168,1103,1104,-1,1011,1015,1144,-1,1015,1044,1144,-1,1144,1044,1142,-1,1044,1045,1142,-1,1045,1023,1110,-1,1045,1110,1142,-1,107,1110,1023,-1,1145,1146,1147,-1,1148,1149,1150,-1,1150,1146,1148,-1,1151,1149,1152,-1,1149,1151,1153,-1,1152,1154,1155,-1,1151,1152,1155,-1,1156,1152,1157,-1,1157,1152,1149,-1,1153,1158,1149,-1,1145,1148,1146,-1,1158,1150,1149,-1,1146,1159,1147,-1,331,1160,1159,-1,1147,1159,1160,-1,392,331,200,-1,392,1160,331,-1,331,197,200,-1,1151,316,324,-1,1151,324,1153,-1,318,316,1155,-1,1155,316,1151,-1,326,1153,324,-1,1152,314,1154,-1,318,1154,314,-1,1152,319,314,-1,1155,1154,318,-1,1158,1153,326,-1,1150,1158,325,-1,326,325,1158,-1,327,1146,1150,-1,1150,325,327,-1,1146,328,1159,-1,328,1146,327,-1,328,311,1159,-1,1159,311,331,-1,1145,313,1148,-1,1149,1148,315,-1,315,1148,313,-1,323,313,1145,-1,1149,315,320,-1,1145,1147,323,-1,1147,1160,317,-1,317,323,1147,-1,317,1160,312,-1,1160,392,312,-1,1156,1161,1162,-1,1161,1156,1163,-1,1163,1156,1164,-1,1165,1166,1156,-1,1162,1165,1156,-1,1166,1167,1156,-1,1152,1156,1167,-1,1152,1167,1168,-1,1152,1168,319,-1,1169,1170,322,-1,1168,322,319,-1,322,1171,1172,-1,1169,322,1172,-1,322,1173,1174,-1,1171,322,1174,-1,322,1168,1173,-1,1169,1175,1176,-1,321,322,1170,-1,1177,1174,1178,-1,1171,1179,1172,-1,1180,1173,1168,-1,1173,1180,1178,-1,1174,1173,1178,-1,1180,1168,1181,-1,1172,1179,1175,-1,1177,1179,1171,-1,1177,1171,1174,-1,1176,1170,1169,-1,1175,1169,1172,-1,1170,1176,321,-1,1157,1182,1183,-1,1183,1184,1157,-1,1184,1185,1157,-1,1186,1157,1187,-1,1182,1157,1186,-1,1187,1157,1188,-1,1149,1188,1157,-1,1149,1181,1188,-1,1149,320,1181,-1,1175,321,1176,-1,1181,320,321,-1,321,1179,1177,-1,1175,1179,321,-1,321,1178,1180,-1,1177,1178,321,-1,321,1180,1181,-1,1165,1186,1187,-1,1188,1167,1166,-1,1183,1163,1184,-1,1161,1182,1162,-1,1185,1164,1156,-1,1164,1185,1184,-1,1184,1163,1164,-1,1185,1156,1157,-1,1183,1161,1163,-1,1182,1186,1162,-1,1183,1182,1161,-1,1166,1187,1188,-1,1187,1166,1165,-1,1162,1186,1165,-1,1181,1167,1188,-1,1181,1168,1167,-1,330,393,394,-1,330,332,393,-1,196,195,330,-1,394,190,330,-1,192,196,330,-1,190,192,330,-1,394,187,190,-1,194,193,332,-1,393,332,189,-1,191,332,193,-1,189,332,191,-1,189,181,393,-1,1189,1190,1191,-1,1192,1193,1190,-1,1192,1194,1193,-1,1190,1193,1191,-1,1195,1189,1191,-1,1194,1192,1196,-1,1197,1198,1199,-1,1197,1199,1196,-1,1199,1194,1196,-1,1200,1189,1195,-1,1201,1200,1202,-1,1195,1202,1200,-1,1203,1204,1201,-1,1201,1202,1203,-1,1204,1205,1206,-1,1205,1204,1203,-1,1205,1207,1206,-1,1206,1207,1208,-1,1209,1210,1211,-1,1210,1212,1213,-1,1214,1209,1211,-1,1215,1212,1210,-1,1216,1215,1210,-1,1212,1217,1218,-1,1219,1220,1218,-1,1220,1221,1222,-1,1220,1212,1218,-1,1222,1221,1223,-1,1219,1221,1220,-1,1211,1213,1224,-1,1225,1214,1211,-1,1226,1227,1225,-1,1228,1229,1230,-1,1231,1232,1233,-1,1234,1224,1233,-1,1235,1226,1236,-1,1236,1237,1238,-1,1239,1240,1241,-1,1242,1231,1243,-1,1244,1245,1230,-1,1246,1237,1229,-1,1244,1247,1248,-1,1242,1249,1250,-1,1248,1249,1251,-1,1252,1250,1248,-1,1251,1253,1244,-1,1254,1255,1251,-1,1256,1257,1255,-1,1257,1253,1255,-1,1210,1209,1216,-1,1215,1217,1212,-1,1258,1220,1259,-1,1212,1258,1213,-1,1222,1259,1220,-1,1260,1214,1225,-1,1227,1260,1225,-1,1261,1262,1258,-1,1211,1210,1213,-1,1212,1220,1258,-1,1213,1262,1224,-1,1259,1261,1258,-1,1211,1234,1225,-1,1235,1227,1226,-1,1263,1264,1262,-1,1234,1211,1224,-1,1232,1225,1234,-1,1213,1258,1262,-1,1224,1264,1233,-1,1261,1263,1262,-1,1226,1225,1232,-1,1238,1235,1236,-1,1265,1243,1264,-1,1232,1234,1233,-1,1266,1226,1232,-1,1224,1262,1264,-1,1233,1243,1231,-1,1263,1265,1264,-1,1236,1226,1266,-1,1246,1238,1237,-1,1267,1242,1243,-1,1266,1232,1231,-1,1236,1266,1252,-1,1233,1264,1243,-1,1231,1242,1250,-1,1265,1267,1243,-1,1237,1236,1252,-1,1268,1246,1229,-1,1231,1250,1266,-1,1252,1266,1250,-1,1252,1247,1237,-1,1249,1242,1269,-1,1250,1249,1248,-1,1267,1269,1242,-1,1229,1237,1247,-1,1228,1268,1229,-1,1270,1241,1245,-1,1247,1252,1248,-1,1247,1230,1229,-1,1251,1249,1271,-1,1244,1248,1251,-1,1269,1271,1249,-1,1240,1228,1230,-1,1270,1239,1241,-1,1247,1244,1230,-1,1241,1230,1245,-1,1253,1272,1245,-1,1253,1245,1244,-1,1271,1254,1251,-1,1270,1245,1273,-1,1240,1230,1241,-1,1273,1245,1272,-1,1272,1253,1274,-1,1257,1274,1253,-1,1255,1253,1251,-1,1275,1276,1277,-1,1278,1279,1280,-1,1281,1282,1276,-1,1276,1283,1277,-1,1284,1276,1285,-1,1286,1287,1288,-1,1283,1289,1277,-1,1290,1291,1292,-1,1293,1285,1276,-1,1288,1294,1295,-1,1288,1287,1294,-1,1296,1297,1298,-1,1299,1286,1300,-1,1301,1287,1299,-1,1286,1299,1287,-1,1296,1302,1303,-1,1285,1298,1297,-1,1285,1293,1304,-1,1296,1298,1302,-1,1305,1306,1307,-1,1308,1303,1302,-1,1309,1298,1304,-1,1310,1279,1311,-1,1302,1309,1312,-1,1313,1314,1315,-1,1316,1317,1292,-1,1316,1318,1317,-1,1290,1319,1291,-1,1320,1292,1321,-1,1322,1323,1324,-1,1325,1323,1320,-1,1326,1327,1313,-1,1328,1329,1324,-1,1278,1330,1331,-1,1332,1333,1313,-1,1330,1280,1334,-1,1335,1328,1306,-1,1308,1312,1334,-1,1289,1286,1277,-1,1286,1289,1300,-1,1336,1337,1295,-1,1276,1282,1283,-1,1288,1275,1277,-1,1276,1275,1293,-1,1338,1284,1285,-1,1276,1284,1281,-1,1286,1288,1277,-1,1336,1295,1294,-1,1275,1295,1339,-1,1339,1304,1293,-1,1340,1338,1297,-1,1285,1297,1338,-1,1285,1304,1298,-1,1341,1340,1297,-1,1288,1295,1275,-1,1342,1337,1336,-1,1343,1337,1342,-1,1275,1339,1293,-1,1339,1337,1344,-1,1341,1297,1296,-1,1304,1344,1309,-1,1309,1302,1298,-1,1345,1296,1346,-1,1341,1296,1345,-1,1346,1296,1303,-1,1347,1345,1346,-1,1295,1337,1339,-1,1348,1343,1342,-1,1348,1349,1343,-1,1339,1344,1304,-1,1350,1344,1343,-1,1310,1311,1346,-1,1350,1312,1309,-1,1312,1308,1302,-1,1303,1310,1346,-1,1351,1347,1346,-1,1337,1343,1344,-1,1352,1349,1348,-1,1352,1307,1349,-1,1344,1350,1309,-1,1350,1349,1353,-1,1354,1311,1279,-1,1353,1334,1312,-1,1280,1308,1334,-1,1311,1351,1346,-1,1303,1308,1310,-1,1310,1280,1279,-1,1355,1351,1311,-1,1343,1349,1350,-1,1305,1307,1352,-1,1356,1357,1358,-1,1350,1353,1312,-1,1353,1307,1359,-1,1308,1280,1310,-1,1359,1330,1334,-1,1354,1360,1361,-1,1330,1278,1280,-1,1311,1354,1355,-1,1279,1278,1360,-1,1362,1355,1354,-1,1349,1307,1353,-1,1335,1306,1305,-1,1333,1360,1278,-1,1353,1359,1334,-1,1306,1363,1359,-1,1364,1361,1332,-1,1331,1330,1363,-1,1279,1360,1354,-1,1331,1333,1278,-1,1354,1361,1362,-1,1360,1333,1332,-1,1365,1362,1361,-1,1307,1306,1359,-1,1366,1328,1335,-1,1333,1331,1326,-1,1359,1363,1330,-1,1367,1363,1328,-1,1313,1327,1314,-1,1326,1331,1367,-1,1360,1332,1361,-1,1333,1326,1313,-1,1361,1364,1365,-1,1315,1364,1332,-1,1368,1365,1364,-1,1306,1328,1363,-1,1366,1329,1328,-1,1369,1370,1358,-1,1363,1367,1331,-1,1367,1324,1371,-1,1358,1370,1314,-1,1327,1326,1371,-1,1368,1372,1373,-1,1364,1315,1372,-1,1332,1313,1315,-1,1372,1315,1370,-1,1368,1364,1372,-1,1328,1324,1367,-1,1329,1322,1324,-1,1314,1327,1374,-1,1367,1371,1326,-1,1323,1325,1371,-1,1374,1356,1358,-1,1374,1327,1325,-1,1373,1369,1375,-1,1372,1370,1373,-1,1315,1314,1370,-1,1373,1370,1369,-1,1368,1373,1376,-1,1324,1323,1371,-1,1322,1377,1323,-1,1321,1356,1374,-1,1371,1325,1327,-1,1325,1321,1374,-1,1378,1369,1357,-1,1375,1369,1378,-1,1314,1374,1358,-1,1369,1358,1357,-1,1375,1376,1373,-1,1323,1377,1320,-1,1316,1320,1377,-1,1291,1379,1356,-1,1325,1320,1321,-1,1321,1291,1356,-1,1357,1379,1380,-1,1357,1356,1379,-1,1378,1381,1382,-1,1381,1378,1357,-1,1375,1378,1382,-1,1316,1292,1320,-1,1317,1290,1292,-1,1319,1383,1379,-1,1321,1292,1291,-1,1319,1379,1291,-1,1380,1379,1383,-1,1380,1381,1357,-1,1384,1385,1386,-1,1386,1387,1384,-1,1387,1388,1389,-1,1387,1390,1391,-1,1390,1387,1386,-1,1386,1392,1390,-1,1393,1394,1395,-1,1395,1388,1393,-1,1393,1388,1391,-1,1394,1393,1396,-1,1388,1387,1391,-1,1396,1392,1397,-1,1392,1386,1397,-1,1393,1392,1396,-1,1392,1398,1399,-1,1399,1390,1392,-1,1400,1401,1402,-1,1390,1403,1391,-1,1403,1400,1402,-1,1390,1400,1403,-1,1393,1404,1405,-1,1404,1393,1391,-1,1393,1405,1398,-1,1398,1392,1393,-1,1395,1406,1388,-1,1407,1408,1409,-1,1410,1411,1388,-1,1408,1407,1412,-1,1411,1410,1412,-1,1409,1413,1414,-1,1413,1409,1408,-1,1415,1413,1416,-1,1415,1414,1413,-1,1412,1407,1417,-1,1418,1410,1388,-1,1417,1411,1412,-1,1388,1419,1420,-1,1418,1388,1420,-1,1406,1421,1419,-1,1422,1421,1406,-1,1406,1419,1388,-1,1406,1395,1423,-1,1397,1385,1424,-1,1385,1397,1386,-1,1396,1397,1424,-1,1396,1424,1425,-1,1426,1427,1428,-1,1429,1430,1431,-1,1432,1433,1434,-1,1435,1436,1437,-1,1438,1439,1440,-1,1441,1442,1443,-1,1442,1441,1444,-1,1394,1445,1443,-1,1441,1443,1445,-1,1396,1445,1394,-1,1444,1435,1437,-1,1437,1442,1444,-1,1440,1439,1436,-1,1440,1436,1435,-1,1438,1430,1429,-1,1438,1429,1439,-1,1431,1433,1432,-1,1430,1433,1431,-1,1426,1434,1427,-1,1432,1434,1426,-1,1395,1446,1423,-1,1446,1395,1394,-1,1398,1405,1425,-1,1384,1447,1406,-1,1405,1423,1446,-1,1405,1406,1423,-1,1424,1398,1425,-1,1424,1385,1398,-1,1404,1399,1384,-1,1425,1405,1446,-1,1405,1404,1406,-1,1385,1399,1398,-1,1406,1404,1384,-1,1384,1399,1385,-1,1448,1449,1450,-1,1451,1452,1453,-1,1454,1455,1456,-1,1457,1458,1459,-1,1460,1459,1461,-1,1446,1457,1425,-1,1457,1446,1458,-1,1451,1460,1461,-1,1459,1458,1461,-1,1453,1452,1456,-1,1460,1451,1453,-1,1454,1448,1455,-1,1452,1454,1456,-1,1450,1455,1448,-1,1462,1463,1464,-1,1465,1463,1462,-1,1399,1464,1463,-1,1464,1399,1404,-1,1401,1465,1466,-1,1399,1463,1465,-1,1399,1465,1390,-1,1465,1401,1400,-1,1466,1467,1401,-1,1390,1465,1400,-1,1402,1468,1462,-1,1404,1462,1464,-1,1404,1391,1462,-1,1462,1403,1402,-1,1468,1402,1469,-1,1391,1403,1462,-1,1467,1469,1402,-1,1402,1401,1467,-1,1455,1434,1433,-1,1470,1471,1472,-1,1472,1473,1474,-1,1475,1476,1477,-1,1476,1475,1478,-1,1479,1477,1480,-1,1476,1480,1477,-1,1481,1479,1482,-1,1479,1480,1482,-1,1457,1445,1425,-1,1483,1479,1481,-1,1445,1396,1425,-1,1441,1457,1444,-1,1441,1445,1457,-1,1435,1444,1459,-1,1457,1459,1444,-1,1459,1440,1435,-1,1453,1438,1460,-1,1456,1433,1430,-1,1484,1485,1486,-1,1456,1430,1453,-1,1460,1438,1440,-1,1460,1440,1459,-1,1453,1430,1438,-1,1487,1470,1488,-1,1455,1433,1456,-1,1434,1450,1427,-1,1455,1450,1434,-1,1450,1483,1427,-1,1472,1471,1489,-1,1427,1483,1481,-1,1473,1478,1474,-1,1478,1475,1474,-1,1489,1473,1472,-1,1487,1471,1470,-1,1470,1490,1488,-1,1488,1490,1198,-1,1491,1194,1199,-1,1492,1203,1493,-1,1195,1494,1493,-1,1495,1496,1207,-1,1205,1492,1497,-1,1498,1499,1500,-1,1501,1502,1503,-1,1500,1504,1498,-1,1505,1498,1504,-1,1500,1499,1506,-1,1503,1499,1501,-1,1503,1506,1499,-1,1507,1508,1502,-1,1509,1510,1511,-1,1508,1509,1511,-1,1512,1513,1485,-1,1510,1512,1514,-1,1515,1516,1517,-1,1484,1518,1517,-1,1519,1505,1504,-1,1520,1505,1519,-1,1521,1522,1523,-1,1207,1497,1495,-1,1494,1195,1191,-1,1524,1496,1525,-1,1516,1526,1527,-1,1527,1528,1522,-1,1507,1502,1501,-1,1509,1508,1507,-1,1514,1511,1510,-1,1513,1512,1510,-1,1486,1485,1513,-1,1518,1484,1486,-1,1515,1517,1518,-1,1526,1516,1515,-1,1528,1527,1526,-1,1523,1522,1528,-1,1521,1524,1525,-1,1523,1524,1521,-1,1525,1496,1495,-1,1203,1492,1205,-1,1207,1205,1497,-1,1202,1195,1493,-1,1493,1203,1202,-1,1491,1191,1193,-1,1191,1491,1494,-1,1199,1490,1491,-1,1193,1194,1491,-1,1490,1199,1198,-1,1481,1529,1428,-1,1481,1428,1427,-1,1443,1446,1394,-1,1530,1449,1428,-1,1443,1442,1458,-1,1458,1446,1443,-1,1461,1458,1437,-1,1442,1437,1458,-1,1461,1437,1436,-1,1432,1454,1431,-1,1436,1439,1461,-1,1452,1451,1429,-1,1531,1196,1192,-1,1454,1452,1431,-1,1532,1533,1534,-1,1448,1432,1426,-1,1451,1439,1429,-1,1451,1461,1439,-1,1452,1429,1431,-1,1448,1454,1432,-1,1448,1426,1449,-1,1426,1428,1449,-1,1535,1536,1537,-1,1536,1535,1538,-1,1539,1540,1541,-1,1538,1542,1541,-1,1197,1196,1543,-1,1544,1545,1540,-1,1189,1200,1546,-1,1531,1189,1546,-1,1547,1548,1204,-1,1200,1548,1546,-1,1208,1549,1550,-1,1206,1208,1550,-1,1551,1552,1553,-1,1554,1555,1556,-1,1552,1551,1557,-1,1558,1557,1551,-1,1552,1559,1553,-1,1555,1554,1553,-1,1555,1553,1559,-1,1560,1556,1561,-1,1562,1563,1564,-1,1561,1563,1562,-1,1565,1566,1567,-1,1564,1568,1565,-1,1569,1570,1534,-1,1571,1566,1533,-1,1572,1557,1558,-1,1573,1572,1558,-1,1574,1575,1576,-1,1577,1549,1208,-1,1547,1206,1550,-1,1578,1579,1577,-1,1569,1580,1581,-1,1580,1576,1582,-1,1560,1554,1556,-1,1562,1560,1561,-1,1568,1564,1563,-1,1567,1564,1565,-1,1571,1567,1566,-1,1532,1571,1533,-1,1570,1532,1534,-1,1581,1570,1569,-1,1582,1581,1580,-1,1575,1582,1576,-1,1574,1579,1578,-1,1575,1574,1578,-1,1579,1549,1577,-1,1204,1206,1547,-1,1201,1548,1200,-1,1201,1204,1548,-1,1190,1189,1531,-1,1531,1543,1196,-1,1531,1192,1190,-1,1540,1545,1543,-1,1545,1197,1543,-1,1539,1544,1540,-1,1542,1583,1541,-1,1541,1583,1539,-1,1538,1535,1542,-1,1536,1584,1537,-1,1585,1584,1586,-1,1584,1585,1537,-1,1587,1586,1529,-1,1587,1585,1586,-1,1529,1586,1530,-1,1530,1428,1529,-1,1483,1449,1530,-1,1483,1450,1449,-1,1466,1462,1468,-1,1462,1466,1465,-1,1467,1466,1468,-1,1467,1468,1469,-1,1545,1198,1197,-1,1583,1471,1539,-1,1544,1487,1488,-1,1478,1535,1537,-1,1489,1542,1473,-1,1480,1585,1587,-1,1585,1480,1476,-1,1529,1482,1587,-1,1480,1587,1482,-1,1481,1482,1529,-1,1476,1478,1537,-1,1537,1585,1476,-1,1473,1542,1535,-1,1473,1535,1478,-1,1489,1471,1583,-1,1489,1583,1542,-1,1539,1487,1544,-1,1471,1487,1539,-1,1545,1488,1198,-1,1544,1488,1545,-1,1477,1586,1584,-1,1530,1479,1483,-1,1538,1541,1472,-1,1474,1475,1536,-1,1540,1490,1470,-1,1470,1541,1540,-1,1541,1470,1472,-1,1540,1543,1490,-1,1477,1479,1586,-1,1538,1474,1536,-1,1474,1538,1472,-1,1475,1477,1584,-1,1536,1475,1584,-1,1479,1530,1586,-1,1493,1548,1492,-1,1547,1497,1492,-1,1492,1548,1547,-1,1495,1497,1550,-1,1547,1550,1497,-1,1549,1495,1550,-1,1546,1548,1493,-1,1546,1494,1531,-1,1494,1546,1493,-1,1491,1543,1531,-1,1531,1494,1491,-1,1491,1490,1543,-1,1549,1579,1525,-1,1549,1525,1495,-1,1574,1525,1579,-1,1569,1527,1580,-1,1576,1522,1521,-1,1484,1533,1566,-1,1516,1534,1517,-1,1568,1563,1514,-1,1565,1512,1485,-1,1555,1502,1556,-1,1508,1511,1561,-1,1555,1559,1503,-1,1503,1502,1555,-1,1506,1559,1552,-1,1559,1506,1503,-1,1557,1500,1552,-1,1506,1552,1500,-1,1504,1500,1557,-1,1561,1556,1508,-1,1502,1508,1556,-1,1563,1511,1514,-1,1561,1511,1563,-1,1565,1568,1512,-1,1568,1514,1512,-1,1484,1566,1485,-1,1566,1565,1485,-1,1517,1534,1533,-1,1517,1533,1484,-1,1516,1527,1569,-1,1516,1569,1534,-1,1580,1522,1576,-1,1527,1522,1580,-1,1574,1521,1525,-1,1576,1521,1574,-1,1588,1589,1590,-1,1591,1592,1593,-1,1590,1592,1594,-1,1595,1593,1596,-1,1597,1598,1599,-1,1596,1599,1600,-1,1601,1597,1602,-1,1603,1604,1602,-1,1604,1605,1602,-1,1606,1607,1608,-1,1603,1609,1610,-1,1611,1609,1612,-1,1607,1611,1612,-1,1613,1608,1614,-1,1615,1616,1617,-1,1618,1613,1614,-1,1557,1572,1619,-1,1620,1621,1622,-1,1623,1624,1572,-1,1557,1619,1625,-1,1622,1626,1572,-1,1626,1627,1572,-1,1617,1628,1629,-1,1620,1629,1628,-1,1618,1630,1631,-1,1616,1615,1631,-1,1632,1633,1634,-1,1589,1635,1636,-1,1637,1638,1557,-1,1557,1638,1504,-1,1639,1636,1640,-1,1641,1642,1557,-1,1557,1642,1637,-1,1643,1644,1557,-1,1557,1644,1641,-1,1645,1646,1557,-1,1557,1646,1643,-1,1557,1625,1645,-1,1619,1572,1624,-1,1627,1623,1572,-1,1622,1621,1626,-1,1620,1628,1621,-1,1617,1616,1628,-1,1631,1630,1616,-1,1618,1614,1630,-1,1613,1606,1608,-1,1607,1612,1608,-1,1609,1611,1610,-1,1610,1604,1603,-1,1605,1601,1602,-1,1601,1598,1597,-1,1598,1600,1599,-1,1600,1595,1596,-1,1647,1591,1593,-1,1593,1595,1647,-1,1591,1594,1592,-1,1594,1588,1590,-1,1588,1635,1589,-1,1636,1639,1589,-1,1639,1648,1632,-1,1648,1639,1640,-1,1519,1649,1650,-1,1632,1648,1633,-1,1519,1650,1634,-1,1633,1519,1634,-1,1519,1651,1652,-1,1649,1519,1652,-1,1653,1651,1504,-1,1519,1504,1651,-1,1654,1655,1504,-1,1504,1655,1653,-1,1656,1657,1504,-1,1504,1657,1654,-1,1658,1659,1504,-1,1504,1659,1656,-1,1638,1660,1504,-1,1504,1660,1658,-1,1633,1520,1519,-1,1636,1661,1640,-1,1648,1662,1663,-1,1664,1588,1594,-1,1665,1635,1666,-1,1647,1595,1667,-1,1591,1668,1669,-1,1600,1598,1670,-1,1670,1671,1600,-1,1672,1598,1601,-1,1598,1672,1670,-1,1605,1673,1601,-1,1672,1601,1673,-1,1674,1673,1605,-1,1671,1667,1595,-1,1600,1671,1595,-1,1591,1647,1668,-1,1647,1667,1668,-1,1664,1594,1669,-1,1594,1591,1669,-1,1666,1635,1588,-1,1666,1588,1664,-1,1665,1661,1636,-1,1665,1636,1635,-1,1640,1662,1648,-1,1661,1662,1640,-1,1633,1663,1520,-1,1648,1663,1633,-1,1664,1675,1676,-1,1668,1677,1678,-1,1675,1669,1678,-1,1670,1679,1671,-1,1672,1680,1681,-1,1681,1679,1670,-1,1673,1682,1680,-1,1683,1684,1685,-1,1674,1685,1682,-1,1686,1687,1688,-1,1684,1683,1689,-1,1690,1691,1689,-1,1691,1690,1688,-1,1692,1693,1687,-1,1520,1694,1695,-1,1696,1697,1693,-1,1698,1573,1699,-1,1700,1701,1702,-1,1698,1703,1573,-1,1704,1699,1573,-1,1700,1702,1698,-1,1703,1698,1702,-1,1705,1706,1701,-1,1700,1705,1701,-1,1697,1696,1707,-1,1707,1708,1709,-1,1710,1520,1711,-1,1712,1661,1665,-1,1676,1665,1666,-1,1713,1558,1714,-1,1708,1705,1709,-1,1706,1705,1708,-1,1707,1709,1697,-1,1696,1693,1692,-1,1692,1687,1686,-1,1688,1687,1691,-1,1689,1683,1690,-1,1684,1682,1685,-1,1674,1682,1673,-1,1673,1680,1672,-1,1672,1681,1670,-1,1679,1677,1671,-1,1667,1677,1668,-1,1677,1667,1671,-1,1668,1678,1669,-1,1669,1675,1664,-1,1664,1676,1666,-1,1665,1676,1712,-1,1712,1715,1662,-1,1662,1661,1712,-1,1663,1715,1716,-1,1715,1663,1662,-1,1520,1716,1694,-1,1663,1716,1520,-1,1717,1505,1718,-1,1695,1711,1520,-1,1719,1505,1710,-1,1520,1710,1505,-1,1720,1505,1721,-1,1505,1719,1721,-1,1722,1505,1723,-1,1505,1720,1723,-1,1505,1722,1718,-1,1505,1724,1725,-1,1717,1724,1505,-1,1558,1505,1725,-1,1726,1558,1727,-1,1558,1725,1727,-1,1728,1558,1729,-1,1558,1726,1729,-1,1730,1558,1731,-1,1558,1728,1731,-1,1713,1732,1558,-1,1558,1730,1714,-1,1733,1573,1732,-1,1558,1732,1573,-1,1704,1573,1734,-1,1573,1733,1734,-1,1578,1577,1496,-1,1581,1582,1528,-1,1575,1524,1523,-1,1518,1571,1532,-1,1526,1515,1570,-1,1564,1510,1562,-1,1567,1486,1513,-1,1554,1507,1501,-1,1507,1560,1509,-1,1501,1499,1553,-1,1553,1554,1501,-1,1498,1551,1499,-1,1553,1499,1551,-1,1558,1498,1505,-1,1498,1558,1551,-1,1562,1509,1560,-1,1554,1560,1507,-1,1564,1513,1510,-1,1562,1510,1509,-1,1571,1486,1567,-1,1567,1513,1564,-1,1515,1518,1532,-1,1518,1486,1571,-1,1526,1570,1581,-1,1515,1532,1570,-1,1528,1582,1523,-1,1526,1581,1528,-1,1575,1578,1524,-1,1582,1575,1523,-1,1496,1524,1578,-1,1208,1496,1577,-1,1208,1207,1496,-1,1604,1674,1605,-1,1607,1690,1611,-1,1610,1683,1685,-1,1692,1613,1618,-1,1688,1606,1686,-1,1615,1617,1708,-1,1631,1707,1696,-1,1629,1620,1701,-1,1701,1706,1629,-1,1702,1620,1622,-1,1620,1702,1701,-1,1572,1703,1622,-1,1702,1622,1703,-1,1573,1703,1572,-1,1706,1708,1617,-1,1629,1706,1617,-1,1631,1615,1707,-1,1615,1708,1707,-1,1692,1618,1696,-1,1618,1631,1696,-1,1686,1606,1613,-1,1686,1613,1692,-1,1688,1690,1607,-1,1688,1607,1606,-1,1611,1683,1610,-1,1690,1683,1611,-1,1604,1685,1674,-1,1610,1685,1604,-1,1735,1736,1737,-1,1738,1739,1740,-1,1741,1742,1743,-1,1744,1745,1746,-1,1747,1748,1749,-1,1750,1736,1751,-1,1752,1753,1754,-1,1754,1755,1749,-1,1602,1597,1756,-1,1757,1752,1758,-1,1759,1760,1743,-1,1761,1762,1763,-1,1762,1764,1765,-1,1746,1748,1766,-1,1767,1737,1768,-1,1765,1757,1769,-1,1760,1770,1771,-1,1772,1769,1758,-1,1597,1599,1761,-1,1773,1774,1771,-1,1775,1776,1777,-1,1778,1770,1777,-1,1775,1223,1776,-1,1777,1776,1779,-1,1780,1781,1745,-1,1781,1782,1783,-1,1784,1785,1786,-1,1787,1783,1788,-1,1789,1790,1791,-1,1792,1793,1787,-1,1794,1790,1795,-1,1793,1796,1797,-1,1791,1798,1789,-1,1799,1797,1800,-1,1801,1802,1803,-1,1804,1805,1799,-1,1806,1802,1807,-1,1805,1808,1809,-1,1803,1810,1801,-1,1811,1809,1812,-1,1813,1814,1815,-1,1816,1740,1811,-1,1817,1814,1818,-1,1819,1820,1821,-1,1807,1822,1806,-1,1823,1824,1825,-1,1739,1826,1827,-1,1825,1824,1826,-1,1828,1829,1830,-1,1826,1739,1825,-1,1828,1830,1823,-1,1638,1829,1660,-1,1739,1827,1831,-1,1832,1831,1827,-1,1256,1833,1832,-1,1832,1833,1831,-1,1741,1743,1760,-1,1833,1256,1834,-1,1820,1819,1834,-1,1835,1821,1820,-1,1834,1819,1833,-1,1738,1836,1825,-1,1818,1835,1817,-1,1823,1837,1828,-1,1740,1739,1831,-1,1738,1825,1739,-1,1828,1658,1660,-1,1824,1823,1830,-1,1823,1836,1837,-1,1660,1829,1828,-1,1833,1838,1831,-1,1838,1833,1819,-1,1816,1839,1738,-1,1838,1740,1831,-1,1840,1838,1819,-1,1836,1841,1837,-1,1811,1740,1838,-1,1816,1738,1740,-1,1837,1659,1658,-1,1825,1836,1823,-1,1836,1839,1841,-1,1658,1828,1837,-1,1821,1840,1819,-1,1814,1817,1815,-1,1812,1842,1816,-1,1840,1811,1838,-1,1840,1821,1843,-1,1839,1844,1841,-1,1809,1811,1840,-1,1812,1816,1811,-1,1841,1656,1659,-1,1738,1839,1836,-1,1839,1842,1844,-1,1659,1837,1841,-1,1821,1818,1843,-1,1818,1821,1835,-1,1808,1845,1812,-1,1843,1809,1840,-1,1846,1843,1818,-1,1842,1847,1844,-1,1805,1809,1843,-1,1808,1812,1809,-1,1844,1657,1656,-1,1816,1842,1839,-1,1842,1845,1847,-1,1656,1841,1844,-1,1814,1846,1818,-1,1822,1813,1815,-1,1804,1848,1808,-1,1846,1805,1843,-1,1849,1846,1814,-1,1845,1850,1847,-1,1799,1805,1846,-1,1804,1808,1805,-1,1847,1654,1657,-1,1812,1845,1842,-1,1845,1848,1850,-1,1657,1844,1847,-1,1849,1814,1813,-1,1802,1806,1803,-1,1800,1851,1804,-1,1849,1799,1846,-1,1852,1849,1813,-1,1848,1853,1850,-1,1797,1799,1849,-1,1800,1804,1799,-1,1850,1655,1654,-1,1808,1848,1845,-1,1848,1851,1853,-1,1654,1847,1850,-1,1813,1807,1852,-1,1807,1813,1822,-1,1796,1854,1800,-1,1852,1797,1849,-1,1795,1810,1794,-1,1851,1855,1853,-1,1793,1797,1852,-1,1796,1800,1797,-1,1853,1653,1655,-1,1804,1851,1848,-1,1851,1854,1855,-1,1655,1850,1853,-1,1807,1856,1852,-1,1856,1807,1802,-1,1792,1857,1796,-1,1856,1793,1852,-1,1790,1794,1791,-1,1854,1858,1855,-1,1787,1793,1856,-1,1792,1796,1793,-1,1855,1651,1653,-1,1800,1854,1851,-1,1854,1857,1858,-1,1653,1853,1855,-1,1802,1859,1856,-1,1801,1859,1802,-1,1788,1860,1792,-1,1859,1787,1856,-1,1861,1859,1801,-1,1857,1862,1858,-1,1783,1787,1859,-1,1788,1792,1787,-1,1858,1652,1651,-1,1796,1857,1854,-1,1857,1860,1862,-1,1651,1855,1858,-1,1801,1795,1861,-1,1795,1801,1810,-1,1782,1863,1788,-1,1861,1783,1859,-1,1768,1798,1767,-1,1860,1864,1862,-1,1781,1783,1861,-1,1782,1788,1783,-1,1862,1649,1652,-1,1792,1860,1857,-1,1860,1863,1864,-1,1652,1858,1862,-1,1795,1865,1861,-1,1865,1795,1790,-1,1780,1866,1782,-1,1865,1781,1861,-1,1737,1767,1735,-1,1863,1867,1864,-1,1745,1781,1865,-1,1780,1782,1781,-1,1864,1650,1649,-1,1788,1863,1860,-1,1863,1866,1867,-1,1649,1862,1864,-1,1790,1868,1865,-1,1789,1868,1790,-1,1744,1869,1780,-1,1868,1745,1865,-1,1870,1868,1789,-1,1866,1871,1867,-1,1746,1745,1868,-1,1744,1780,1745,-1,1867,1634,1650,-1,1782,1866,1863,-1,1866,1869,1871,-1,1650,1864,1867,-1,1789,1768,1870,-1,1768,1789,1798,-1,1766,1872,1744,-1,1870,1746,1868,-1,1870,1768,1873,-1,1869,1874,1871,-1,1748,1746,1870,-1,1766,1744,1746,-1,1871,1632,1634,-1,1780,1869,1866,-1,1869,1872,1874,-1,1634,1867,1871,-1,1737,1873,1768,-1,1751,1736,1735,-1,1747,1875,1766,-1,1873,1748,1870,-1,1873,1737,1876,-1,1872,1877,1874,-1,1749,1748,1873,-1,1747,1766,1748,-1,1874,1639,1632,-1,1744,1872,1869,-1,1872,1875,1877,-1,1632,1871,1874,-1,1736,1876,1737,-1,1786,1750,1751,-1,1755,1878,1747,-1,1876,1749,1873,-1,1879,1784,1742,-1,1875,1880,1877,-1,1754,1749,1876,-1,1755,1747,1749,-1,1877,1589,1639,-1,1766,1875,1872,-1,1875,1878,1880,-1,1639,1874,1877,-1,1736,1881,1876,-1,1881,1736,1750,-1,1753,1882,1755,-1,1881,1754,1876,-1,1883,1881,1750,-1,1878,1884,1880,-1,1752,1754,1881,-1,1753,1755,1754,-1,1880,1590,1589,-1,1747,1878,1875,-1,1878,1882,1884,-1,1589,1877,1880,-1,1750,1785,1883,-1,1785,1750,1786,-1,1757,1885,1753,-1,1883,1752,1881,-1,1785,1886,1883,-1,1882,1887,1884,-1,1752,1883,1758,-1,1757,1753,1752,-1,1884,1592,1590,-1,1755,1882,1878,-1,1882,1885,1887,-1,1590,1880,1884,-1,1785,1879,1886,-1,1879,1785,1784,-1,1888,1889,1890,-1,1886,1758,1883,-1,1891,1886,1879,-1,1885,1764,1887,-1,1886,1772,1758,-1,1769,1757,1758,-1,1887,1593,1592,-1,1753,1885,1882,-1,1885,1765,1764,-1,1592,1884,1887,-1,1879,1741,1891,-1,1741,1879,1742,-1,1772,1892,1888,-1,1891,1772,1886,-1,1741,1893,1891,-1,1769,1888,1763,-1,1772,1891,1892,-1,1769,1772,1888,-1,1764,1596,1593,-1,1757,1765,1885,-1,1765,1763,1762,-1,1593,1887,1764,-1,1760,1893,1741,-1,1894,1770,1759,-1,1774,1892,1893,-1,1893,1892,1891,-1,1893,1771,1774,-1,1889,1888,1892,-1,1892,1774,1889,-1,1763,1888,1890,-1,1762,1599,1596,-1,1769,1763,1765,-1,1763,1890,1761,-1,1596,1764,1762,-1,1759,1770,1760,-1,1894,1775,1777,-1,1889,1774,1895,-1,1760,1771,1893,-1,1771,1778,1773,-1,1890,1889,1896,-1,1774,1773,1895,-1,1897,1602,1756,-1,1889,1895,1896,-1,1756,1761,1890,-1,1896,1756,1890,-1,1599,1762,1761,-1,1894,1777,1770,-1,1770,1778,1771,-1,1779,1898,1778,-1,1777,1779,1778,-1,1898,1899,1773,-1,1778,1898,1773,-1,1899,1900,1895,-1,1773,1899,1895,-1,1900,1897,1896,-1,1895,1900,1896,-1,1897,1756,1896,-1,1597,1761,1756,-1,1901,1779,1776,-1,1902,1903,1904,-1,1905,1273,1906,-1,1223,1907,1776,-1,1907,1223,1221,-1,1908,1219,1909,-1,1909,1219,1218,-1,1910,1911,1912,-1,1215,1913,1914,-1,1260,1915,1214,-1,1916,1917,1918,-1,1917,1919,1920,-1,1921,1214,1915,-1,1922,1923,1235,-1,1924,1925,1926,-1,1927,1268,1928,-1,1929,1930,1931,-1,1932,1933,1934,-1,1273,1905,1270,-1,1935,1936,1937,-1,1272,1906,1273,-1,1938,1939,1940,-1,1936,1941,1940,-1,1942,1943,1906,-1,1944,1943,1945,-1,1832,1827,1946,-1,1942,1946,1947,-1,1257,1256,1832,-1,1832,1946,1257,-1,1948,1637,1642,-1,1637,1949,1638,-1,1950,1948,1937,-1,1933,1951,1952,-1,1938,1941,1934,-1,1953,1952,1954,-1,1955,1953,1956,-1,1228,1957,1928,-1,1958,1246,1927,-1,1930,1955,1959,-1,1960,1961,1929,-1,1239,1962,1240,-1,1923,1963,1227,-1,1964,1926,1961,-1,1925,1965,1919,-1,1922,1235,1238,-1,1910,1916,1966,-1,1921,1967,1209,-1,1912,1968,1902,-1,1217,1914,1969,-1,1908,1907,1221,-1,1209,1967,1216,-1,1779,1904,1898,-1,1898,1904,1970,-1,1899,1898,1970,-1,1971,1899,1970,-1,1971,1972,1900,-1,1900,1972,1897,-1,1602,1897,1603,-1,1907,1901,1776,-1,1219,1908,1221,-1,1903,1973,1970,-1,1901,1904,1779,-1,1969,1218,1217,-1,1971,1974,1972,-1,1902,1904,1901,-1,1903,1970,1904,-1,1972,1609,1603,-1,1899,1971,1900,-1,1971,1973,1974,-1,1603,1897,1972,-1,1907,1975,1901,-1,1975,1907,1908,-1,1968,1976,1903,-1,1975,1902,1901,-1,1977,1975,1908,-1,1973,1978,1974,-1,1912,1902,1975,-1,1968,1903,1902,-1,1974,1612,1609,-1,1970,1973,1971,-1,1973,1976,1978,-1,1609,1972,1974,-1,1909,1977,1908,-1,1914,1217,1215,-1,1911,1979,1968,-1,1977,1912,1975,-1,1977,1909,1980,-1,1976,1981,1978,-1,1910,1912,1977,-1,1911,1968,1912,-1,1978,1608,1612,-1,1903,1976,1973,-1,1976,1979,1981,-1,1612,1974,1978,-1,1909,1969,1980,-1,1969,1909,1218,-1,1966,1982,1911,-1,1980,1910,1977,-1,1983,1980,1969,-1,1979,1984,1981,-1,1916,1910,1980,-1,1966,1911,1910,-1,1981,1614,1608,-1,1968,1979,1976,-1,1979,1982,1984,-1,1608,1978,1981,-1,1914,1983,1969,-1,1216,1913,1215,-1,1918,1985,1966,-1,1983,1916,1980,-1,1986,1983,1914,-1,1982,1987,1984,-1,1917,1916,1983,-1,1918,1966,1916,-1,1984,1630,1614,-1,1911,1982,1979,-1,1982,1985,1987,-1,1614,1981,1984,-1,1986,1914,1913,-1,1921,1209,1214,-1,1920,1988,1918,-1,1986,1917,1983,-1,1989,1986,1913,-1,1985,1990,1987,-1,1919,1917,1986,-1,1920,1918,1917,-1,1987,1616,1630,-1,1966,1985,1982,-1,1985,1988,1990,-1,1630,1984,1987,-1,1913,1967,1989,-1,1967,1913,1216,-1,1965,1991,1920,-1,1989,1919,1986,-1,1963,1260,1227,-1,1988,1992,1990,-1,1925,1919,1989,-1,1965,1920,1919,-1,1990,1628,1616,-1,1918,1988,1985,-1,1988,1991,1992,-1,1616,1987,1990,-1,1967,1993,1989,-1,1993,1967,1921,-1,1924,1994,1965,-1,1993,1925,1989,-1,1923,1227,1235,-1,1991,1995,1992,-1,1926,1925,1993,-1,1924,1965,1925,-1,1992,1621,1628,-1,1920,1991,1988,-1,1991,1994,1995,-1,1628,1990,1992,-1,1921,1996,1993,-1,1915,1996,1921,-1,1964,1997,1924,-1,1996,1926,1993,-1,1998,1996,1915,-1,1994,1999,1995,-1,1961,1926,1996,-1,1964,1924,1926,-1,1995,1626,1621,-1,1965,1994,1991,-1,1994,1997,1999,-1,1621,1992,1995,-1,1915,1963,1998,-1,1963,1915,1260,-1,1960,2000,1964,-1,1998,1961,1996,-1,1958,1238,1246,-1,1997,2001,1999,-1,1929,1961,1998,-1,1960,1964,1961,-1,1999,1627,1626,-1,1924,1997,1994,-1,1997,2000,2001,-1,1626,1995,1999,-1,1963,2002,1998,-1,2002,1963,1923,-1,1931,2003,1960,-1,2002,1929,1998,-1,1927,1246,1268,-1,2000,2004,2001,-1,1930,1929,2002,-1,1931,1960,1929,-1,2001,1623,1627,-1,1964,2000,1997,-1,2000,2003,2004,-1,1627,1999,2001,-1,1923,2005,2002,-1,1922,2005,1923,-1,1959,2006,1931,-1,2005,1930,2002,-1,2007,2005,1922,-1,2003,2008,2004,-1,1955,1930,2005,-1,1959,1931,1930,-1,2004,1624,1623,-1,1960,2003,2000,-1,2003,2006,2008,-1,1623,2001,2004,-1,1922,1958,2007,-1,1958,1922,1238,-1,1956,2009,1959,-1,2007,1955,2005,-1,2007,1958,2010,-1,2006,2011,2008,-1,1953,1955,2007,-1,1956,1959,1955,-1,2008,1619,1624,-1,1931,2006,2003,-1,2006,2009,2011,-1,1624,2004,2008,-1,1927,2010,1958,-1,1228,1928,1268,-1,1954,2012,1956,-1,2010,1953,2007,-1,2010,1927,2013,-1,2009,2014,2011,-1,1952,1953,2010,-1,1954,1956,1953,-1,2011,1625,1619,-1,1959,2009,2006,-1,2009,2012,2014,-1,1619,2008,2011,-1,1928,2013,1927,-1,1240,1957,1228,-1,1951,2015,1954,-1,2013,1952,2010,-1,2016,1239,1270,-1,2012,2017,2014,-1,1933,1952,2013,-1,1951,1954,1952,-1,2014,1645,1625,-1,1956,2012,2009,-1,2012,2015,2017,-1,1625,2011,2014,-1,1928,2018,2013,-1,2018,1928,1957,-1,1932,2019,1951,-1,2018,1933,2013,-1,2020,2018,1957,-1,2015,2021,2017,-1,1934,1933,2018,-1,1932,1951,1933,-1,2017,1646,1645,-1,1954,2015,2012,-1,2015,2019,2021,-1,1645,2014,2017,-1,1957,1962,2020,-1,1962,1957,1240,-1,1941,2022,1932,-1,2020,1934,2018,-1,1962,2023,2020,-1,2019,2024,2021,-1,1934,2020,1938,-1,1941,1932,1934,-1,2021,1643,1646,-1,1951,2019,2015,-1,2019,2022,2024,-1,1646,2017,2021,-1,1962,2016,2023,-1,2016,1962,1239,-1,2025,2026,2027,-1,2023,1938,2020,-1,2028,2023,2016,-1,2022,1935,2024,-1,2023,1939,1938,-1,1940,1941,1938,-1,2024,1644,1643,-1,1932,2022,2019,-1,2022,1936,1935,-1,1643,2021,2024,-1,2016,1905,2028,-1,1905,2016,1270,-1,1939,2029,2025,-1,2028,1939,2023,-1,1905,2030,2028,-1,1940,2025,1950,-1,1939,2028,2029,-1,1940,1939,2025,-1,1935,1641,1644,-1,1941,1936,2022,-1,1936,1950,1937,-1,1644,2024,1935,-1,1906,2030,1905,-1,1274,1942,1272,-1,1944,2029,2030,-1,2030,2029,2028,-1,2030,1943,1944,-1,2026,2025,2029,-1,2029,1944,2026,-1,1950,2025,2027,-1,1937,1642,1641,-1,1940,1950,1936,-1,1950,2027,1948,-1,1641,1935,1937,-1,1272,1942,1906,-1,1274,1257,1946,-1,2026,1944,2031,-1,1906,1943,2030,-1,1943,1947,1945,-1,2027,2026,2032,-1,1944,1945,2031,-1,1829,1638,1949,-1,2026,2031,2032,-1,1949,1948,2027,-1,2032,1949,2027,-1,1642,1937,1948,-1,1274,1946,1942,-1,1942,1947,1943,-1,1827,1826,1947,-1,1946,1827,1947,-1,1826,1824,1945,-1,1947,1826,1945,-1,1824,1830,2031,-1,1945,1824,2031,-1,1830,1829,2032,-1,2031,1830,2032,-1,1829,1949,2032,-1,1637,1948,1949,-1,2033,2034,1284,-1,2035,2036,2037,-1,2034,2038,1281,-1,2039,2040,2041,-1,1729,2042,2043,-1,2041,2044,2045,-1,2046,1727,1725,-1,1282,2038,2047,-1,2042,2048,2043,-1,2044,2048,2049,-1,2050,2051,2052,-1,1726,2046,2042,-1,2053,2054,2055,-1,2052,2047,2055,-1,2051,2056,2057,-1,2050,2056,2051,-1,2058,2059,2040,-1,1299,2057,1301,-1,2060,2033,1340,-1,2047,1289,1283,-1,2060,1341,2061,-1,2062,2059,2063,-1,2064,2061,1345,-1,2062,2065,2066,-1,1338,2033,1284,-1,2067,2035,2066,-1,2068,2069,1355,-1,2069,2064,1351,-1,2070,2068,1362,-1,2037,2071,2072,-1,1347,2064,1345,-1,2073,2074,2072,-1,2075,2074,2076,-1,2077,2078,2079,-1,2080,2081,1376,-1,2082,2083,2084,-1,1381,2085,2086,-1,2087,2088,2089,-1,2083,2090,2091,-1,2092,2093,2088,-1,2094,2092,2095,-1,2096,2097,2089,-1,2088,2096,2089,-1,1682,1684,2097,-1,2093,2092,2094,-1,2095,1317,1318,-1,1318,2094,2095,-1,2087,2090,2098,-1,2099,2100,1319,-1,2099,1290,2101,-1,1380,2102,2085,-1,1383,2100,2102,-1,2078,2103,2104,-1,2104,2105,2084,-1,2106,2080,1375,-1,2086,2106,1382,-1,2107,2108,2075,-1,2109,2079,2108,-1,1368,2081,2070,-1,1290,1317,2101,-1,1365,2070,1362,-1,2101,1317,2095,-1,2092,2110,2095,-1,2089,2097,1684,-1,2093,2096,2088,-1,2088,2087,2098,-1,1689,2089,1684,-1,2101,2095,2110,-1,1319,1290,2099,-1,2088,2098,2092,-1,2110,2092,2098,-1,2082,2101,2110,-1,2087,2089,1689,-1,2098,2090,2083,-1,1691,2087,1689,-1,2099,2101,2082,-1,1383,1319,2100,-1,2098,2083,2110,-1,2082,2110,2083,-1,2105,2099,2082,-1,2090,2087,1691,-1,2083,2091,2084,-1,1687,2090,1691,-1,2100,2099,2105,-1,1380,1383,2102,-1,2084,2091,2111,-1,2105,2082,2084,-1,2103,2100,2105,-1,2091,2090,1687,-1,2084,2111,2104,-1,1693,2091,1687,-1,2102,2100,2103,-1,1381,1380,2085,-1,2104,2111,2112,-1,2103,2105,2104,-1,2077,2102,2103,-1,2111,2091,1693,-1,2104,2112,2078,-1,1697,2111,1693,-1,2085,2102,2077,-1,1382,1381,2086,-1,2078,2112,2113,-1,2077,2103,2078,-1,2109,2085,2077,-1,2112,2111,1697,-1,2078,2113,2079,-1,1709,2112,1697,-1,2086,2085,2109,-1,1375,1382,2106,-1,2079,2113,2114,-1,2109,2077,2079,-1,2107,2086,2109,-1,2113,2112,1709,-1,2079,2114,2108,-1,1705,2113,1709,-1,2106,2086,2107,-1,1376,1375,2080,-1,1700,2115,2114,-1,2107,2109,2108,-1,2076,2106,2107,-1,2114,2113,1705,-1,2108,2115,2075,-1,1700,2114,1705,-1,2080,2106,2076,-1,1368,1376,2081,-1,1698,2116,2115,-1,2076,2107,2075,-1,2073,2080,2076,-1,2108,2114,2115,-1,2075,2116,2074,-1,1700,1698,2115,-1,2081,2080,2073,-1,1365,1368,2070,-1,1699,2117,2116,-1,2073,2076,2074,-1,2071,2081,2073,-1,2075,2115,2116,-1,2074,2117,2072,-1,1698,1699,2116,-1,2070,2081,2071,-1,1355,1362,2068,-1,1704,2118,2117,-1,2071,2073,2072,-1,2036,2070,2071,-1,2074,2116,2117,-1,2072,2118,2037,-1,1699,1704,2117,-1,2068,2070,2036,-1,1351,1355,2069,-1,1734,2119,2118,-1,2036,2071,2037,-1,2067,2068,2036,-1,2072,2117,2118,-1,2037,2119,2035,-1,1704,1734,2118,-1,2069,2068,2067,-1,1347,1351,2064,-1,1733,2120,2119,-1,2067,2036,2035,-1,2065,2069,2067,-1,2037,2118,2119,-1,2035,2120,2066,-1,1734,1733,2119,-1,2064,2069,2065,-1,1341,1345,2061,-1,1732,2121,2120,-1,2065,2067,2066,-1,2063,2064,2065,-1,2035,2119,2120,-1,2066,2121,2062,-1,1733,1732,2120,-1,2061,2064,2063,-1,1340,1341,2060,-1,1713,2122,2121,-1,2063,2065,2062,-1,2058,2061,2063,-1,2066,2120,2121,-1,2062,2122,2059,-1,1732,1713,2121,-1,2060,2061,2058,-1,1338,1340,2033,-1,1714,2123,2122,-1,2058,2063,2059,-1,2039,2060,2058,-1,2062,2121,2122,-1,2059,2123,2040,-1,1713,1714,2122,-1,2033,2060,2039,-1,1281,1284,2034,-1,1730,2124,2123,-1,2039,2058,2040,-1,2045,2033,2039,-1,2059,2122,2123,-1,2040,2124,2041,-1,1714,1730,2123,-1,2034,2033,2045,-1,1282,1281,2038,-1,1731,2125,2124,-1,2045,2039,2041,-1,2049,2034,2045,-1,2040,2123,2124,-1,2041,2125,2044,-1,1730,1731,2124,-1,2038,2034,2049,-1,1283,1282,2047,-1,1728,2043,2125,-1,2049,2045,2044,-1,2049,2126,2038,-1,2041,2124,2125,-1,2044,2043,2048,-1,1731,1728,2125,-1,2047,2038,2126,-1,2052,1300,1289,-1,2048,2053,2126,-1,2126,2049,2048,-1,2055,2126,2053,-1,2044,2125,2043,-1,2048,2042,2053,-1,1728,1729,2043,-1,1289,2047,2052,-1,1300,2051,1299,-1,1725,2127,2046,-1,2047,2126,2055,-1,2055,2054,2050,-1,2046,2053,2042,-1,2054,2053,2046,-1,1729,1726,2042,-1,1300,2052,2051,-1,1299,2051,2057,-1,2128,2056,2050,-1,2052,2055,2050,-1,2050,2054,2128,-1,2127,2128,2054,-1,2127,2054,2046,-1,1726,1727,2046,-1,2129,2130,2131,-1,2132,2131,2133,-1,2134,2135,2136,-1,2137,2132,2138,-1,2139,2140,2141,-1,2135,2142,2143,-1,2139,2137,2144,-1,2145,2143,2146,-1,2147,2148,2145,-1,2148,2149,2150,-1,2151,2150,2152,-1,2153,2154,2141,-1,2155,2154,2156,-1,2157,2158,1301,-1,2155,2159,2160,-1,2161,2162,2163,-1,2158,2157,2151,-1,2127,2160,2128,-1,2160,2159,2128,-1,2056,2164,2057,-1,2057,2157,1301,-1,1725,1724,2127,-1,2136,2165,2166,-1,2165,2167,2168,-1,2169,2170,2129,-1,2171,2172,2167,-1,2169,2173,2174,-1,2171,2175,2176,-1,2177,2173,2178,-1,2179,2180,2175,-1,2181,2182,2178,-1,2183,2179,2184,-1,2185,2186,2181,-1,2184,2187,2188,-1,2189,2190,2185,-1,2191,2192,2187,-1,2193,2189,2194,-1,2195,2191,2196,-1,2197,2198,2194,-1,2196,2199,2200,-1,2201,2202,2197,-1,2203,2204,2199,-1,2201,2205,2206,-1,2203,2207,2208,-1,2209,2210,2205,-1,2094,2211,2093,-1,2161,2212,2207,-1,2211,2212,2213,-1,2211,2213,2093,-1,2210,2214,2215,-1,2216,2094,1318,-1,2209,2217,2214,-1,1680,1682,2218,-1,2162,2219,2214,-1,2157,2057,2164,-1,2152,2158,2151,-1,2128,2159,2056,-1,2164,2056,2159,-1,2157,2164,2220,-1,2127,1724,2160,-1,2155,2156,2159,-1,1717,2160,1724,-1,2151,2157,2220,-1,2149,2152,2150,-1,2159,2156,2164,-1,2220,2164,2156,-1,2221,2151,2220,-1,2155,1717,1718,-1,2156,2154,2153,-1,1717,2155,2160,-1,2150,2151,2221,-1,2147,2149,2148,-1,2156,2153,2220,-1,2221,2220,2153,-1,2150,2221,2222,-1,2154,1718,1722,-1,2140,2153,2141,-1,1718,2154,2155,-1,2148,2150,2222,-1,2146,2147,2145,-1,2153,2140,2221,-1,2222,2221,2140,-1,2148,2222,2223,-1,2141,2154,1722,-1,2139,2144,2140,-1,1723,2141,1722,-1,2145,2148,2223,-1,2142,2146,2143,-1,2140,2144,2222,-1,2223,2222,2144,-1,2224,2145,2223,-1,2139,1723,1720,-1,2144,2137,2138,-1,1723,2139,2141,-1,2143,2145,2224,-1,2134,2142,2135,-1,2144,2138,2223,-1,2224,2223,2138,-1,2143,2224,2225,-1,2137,1720,1721,-1,2138,2132,2133,-1,1720,2137,2139,-1,2135,2143,2225,-1,2166,2134,2136,-1,2138,2133,2224,-1,2225,2224,2133,-1,2135,2225,2226,-1,2137,1721,2132,-1,2131,2130,2133,-1,1719,2132,1721,-1,2136,2135,2226,-1,2168,2166,2165,-1,2133,2130,2225,-1,2226,2225,2130,-1,2227,2136,2226,-1,2131,1719,1710,-1,2130,2129,2170,-1,1719,2131,2132,-1,2165,2136,2227,-1,2172,2168,2167,-1,2130,2170,2226,-1,2227,2226,2170,-1,2165,2227,2228,-1,2129,1710,1711,-1,2170,2169,2174,-1,1710,2129,2131,-1,2167,2165,2228,-1,2176,2172,2171,-1,2170,2174,2227,-1,2228,2227,2174,-1,2167,2228,2229,-1,2169,1711,1695,-1,2174,2173,2177,-1,1711,2169,2129,-1,2171,2167,2229,-1,2180,2176,2175,-1,2174,2177,2228,-1,2229,2228,2177,-1,2230,2171,2229,-1,2173,1695,1694,-1,2177,2178,2182,-1,1695,2173,2169,-1,2175,2171,2230,-1,2183,2180,2179,-1,2177,2182,2229,-1,2230,2229,2182,-1,2175,2230,2231,-1,2178,1694,1716,-1,2186,2182,2181,-1,1694,2178,2173,-1,2179,2175,2231,-1,2188,2183,2184,-1,2182,2186,2230,-1,2231,2230,2186,-1,2179,2231,2232,-1,2181,2178,1716,-1,2185,2190,2186,-1,1715,2181,1716,-1,2184,2179,2232,-1,2192,2188,2187,-1,2186,2190,2231,-1,2232,2231,2190,-1,2233,2184,2232,-1,2185,1715,1712,-1,2190,2189,2193,-1,1715,2185,2181,-1,2187,2184,2233,-1,2195,2192,2191,-1,2190,2193,2232,-1,2233,2232,2193,-1,2187,2233,2234,-1,2185,1712,2189,-1,2193,2194,2198,-1,1676,2189,1712,-1,2191,2187,2234,-1,2200,2195,2196,-1,2193,2198,2233,-1,2234,2233,2198,-1,2191,2234,2235,-1,1675,2194,1676,-1,2198,2197,2202,-1,1676,2194,2189,-1,2196,2191,2235,-1,2204,2200,2199,-1,2198,2202,2234,-1,2235,2234,2202,-1,2196,2235,2236,-1,2197,1675,1678,-1,2202,2201,2206,-1,1675,2197,2194,-1,2199,2196,2236,-1,2208,2204,2203,-1,2202,2206,2235,-1,2236,2235,2206,-1,2199,2236,2215,-1,2197,1678,2201,-1,2205,2210,2206,-1,1677,2201,1678,-1,2203,2199,2215,-1,2237,2208,2207,-1,2206,2210,2236,-1,2215,2236,2210,-1,2219,2203,2215,-1,2205,1677,1679,-1,2210,2209,2214,-1,1677,2205,2201,-1,2207,2203,2219,-1,2238,2237,2212,-1,2218,2162,2217,-1,2219,2215,2214,-1,2219,2162,2161,-1,2209,1679,1681,-1,2214,2217,2162,-1,1679,2209,2205,-1,2237,2207,2212,-1,2211,2216,2238,-1,2218,2217,1680,-1,2207,2219,2161,-1,2213,2161,2163,-1,2217,1681,1680,-1,2163,2162,2218,-1,1681,2217,2209,-1,2238,2212,2211,-1,2216,2211,2094,-1,2096,2093,2213,-1,2212,2161,2213,-1,2213,2163,2096,-1,2097,2096,2163,-1,2163,2218,2097,-1,1682,2097,2218,-1,1806,2239,2240,-1,2241,2242,2243,-1,2244,2245,1759,-1,2239,1815,2246,-1,1835,1820,2247,-1,2248,2240,2249,-1,1255,1834,1256,-1,1820,1834,2247,-1,2246,1817,1835,-1,2249,2247,2250,-1,1269,2251,2252,-1,2250,2252,2253,-1,2241,2248,2253,-1,2254,1794,2255,-1,2256,2243,2257,-1,2251,1267,2258,-1,2259,2260,2257,-1,1265,2261,2258,-1,2262,2261,1263,-1,2257,2260,2256,-1,2259,2263,2264,-1,2264,2265,2266,-1,2262,1261,2267,-1,2266,2244,1742,-1,1742,2244,1743,-1,2266,2265,2244,-1,1759,2245,1894,-1,1759,1743,2244,-1,2245,1222,1775,-1,2245,1775,1894,-1,1259,1222,2245,-1,1775,1222,1223,-1,1261,1259,2267,-1,2246,1835,2247,-1,1259,2245,2267,-1,2267,2244,2265,-1,1786,2266,1784,-1,1742,1784,2266,-1,2245,2244,2267,-1,1263,1261,2262,-1,2260,2264,1751,-1,1786,2264,2266,-1,2262,2265,2263,-1,2264,2260,2259,-1,1735,2260,1751,-1,2264,1786,1751,-1,2267,2265,2262,-1,1265,1263,2261,-1,2265,2264,2263,-1,2268,2261,2263,-1,2268,2259,2257,-1,1767,2260,1735,-1,2262,2263,2261,-1,1267,1265,2258,-1,2256,2269,2243,-1,2263,2259,2268,-1,2270,2258,2268,-1,2260,1767,2256,-1,2257,2243,2270,-1,1798,2256,1767,-1,2261,2268,2258,-1,1269,1267,2251,-1,1791,2254,2269,-1,2268,2257,2270,-1,2242,2251,2270,-1,2256,1798,2269,-1,2269,2241,2243,-1,1791,2269,1798,-1,2258,2270,2251,-1,1271,1269,2252,-1,2255,2248,2254,-1,2270,2243,2242,-1,2242,2253,2252,-1,2269,2254,2241,-1,2254,2248,2241,-1,1791,1794,2254,-1,2251,2242,2252,-1,1254,1271,2250,-1,2255,1803,2240,-1,2242,2241,2253,-1,2249,2253,2248,-1,2255,2240,2248,-1,1794,1810,2255,-1,1271,2252,2250,-1,1255,1254,2250,-1,2239,2246,2240,-1,2253,2249,2250,-1,2249,2240,2246,-1,1803,1806,2240,-1,1810,1803,2255,-1,2250,2247,1255,-1,1834,1255,2247,-1,1815,1817,2246,-1,2249,2246,2247,-1,1815,2239,1822,-1,1806,1822,2239,-1,2271,2158,2152,-1,2272,2273,2274,-1,1287,1301,2158,-1,2275,2271,2152,-1,2147,2276,2149,-1,2276,2275,2149,-1,2149,2275,2152,-1,2134,2166,2277,-1,2146,2142,2278,-1,2279,2280,2281,-1,2274,2282,2283,-1,2280,2278,2273,-1,2284,2285,2286,-1,2287,2288,2289,-1,2286,2290,2291,-1,2291,2292,2293,-1,2294,2295,2292,-1,2290,2296,2294,-1,2297,2296,2298,-1,2299,2300,2301,-1,1377,2297,1316,-1,2291,2302,2284,-1,2297,2303,1316,-1,2289,2302,2293,-1,2216,1318,1316,-1,2288,2304,2282,-1,2305,2287,2293,-1,2306,2172,2307,-1,2308,2304,2287,-1,2272,2309,2280,-1,2306,2310,2172,-1,2277,2273,2278,-1,2311,2276,2279,-1,2134,2278,2142,-1,2146,2276,2147,-1,2271,2275,2312,-1,2276,2146,2278,-1,2312,1287,2271,-1,2275,2311,2312,-1,1287,2158,2271,-1,2278,2279,2276,-1,2280,2273,2272,-1,2280,2279,2278,-1,2313,1294,2312,-1,2276,2311,2275,-1,2311,2281,2313,-1,1287,2312,1294,-1,2134,2277,2278,-1,2166,2168,2310,-1,2314,2183,2315,-1,2176,2316,2307,-1,2310,2277,2166,-1,2272,2274,2283,-1,2274,2273,2277,-1,1336,2313,2317,-1,2311,2313,2312,-1,2279,2281,2311,-1,2281,2309,2317,-1,1294,2313,1336,-1,2318,2277,2310,-1,2168,2172,2310,-1,2283,2319,2272,-1,2318,2274,2277,-1,2318,2310,2320,-1,2309,2321,2317,-1,2282,2274,2318,-1,1342,2317,2321,-1,2281,2317,2313,-1,2280,2309,2281,-1,2309,2319,2321,-1,1336,2317,1342,-1,2306,2320,2310,-1,2176,2307,2172,-1,2304,2322,2283,-1,2320,2282,2318,-1,2320,2306,2323,-1,2319,2324,2321,-1,2288,2282,2320,-1,2304,2283,2282,-1,2324,1348,2321,-1,2272,2319,2309,-1,2319,2322,2324,-1,1342,2321,1348,-1,2307,2323,2306,-1,2180,2316,2176,-1,2323,2288,2320,-1,2323,2307,2325,-1,2322,2326,2324,-1,2288,2323,2289,-1,2287,2304,2288,-1,2326,1352,2324,-1,2283,2322,2319,-1,2322,2308,2326,-1,1348,2324,1352,-1,2316,2325,2307,-1,2183,2314,2180,-1,2285,2299,2301,-1,2325,2289,2323,-1,2325,2316,2327,-1,2308,2328,2326,-1,2325,2302,2289,-1,2293,2287,2289,-1,2328,1305,2326,-1,2304,2308,2322,-1,2308,2305,2328,-1,1352,2326,1305,-1,2316,2314,2327,-1,2180,2314,2316,-1,2315,2183,2329,-1,2327,2302,2325,-1,2314,2330,2327,-1,2305,2295,2328,-1,2284,2302,2327,-1,2291,2293,2302,-1,2295,1335,2328,-1,2287,2305,2308,-1,2305,2292,2295,-1,1305,2328,1335,-1,2315,2330,2314,-1,2188,2329,2183,-1,2299,2331,2332,-1,2330,2284,2327,-1,2330,2315,2333,-1,2286,2301,2298,-1,2330,2285,2284,-1,2291,2284,2286,-1,2295,1329,1366,-1,2293,2292,2305,-1,2292,2290,2294,-1,1335,2295,1366,-1,2329,2333,2315,-1,2329,2192,2331,-1,2192,2195,2334,-1,2333,2285,2330,-1,2331,2333,2329,-1,2335,2336,2300,-1,2285,2333,2299,-1,2285,2301,2286,-1,2294,1322,1329,-1,2291,2290,2292,-1,2290,2298,2296,-1,1329,2295,2294,-1,2188,2192,2329,-1,2334,2195,2200,-1,2333,2331,2299,-1,2192,2334,2331,-1,2332,2300,2299,-1,2298,2301,2336,-1,2296,1377,1322,-1,2286,2298,2290,-1,2336,2297,2298,-1,1322,2294,2296,-1,2332,2334,2200,-1,2334,2332,2331,-1,2200,2204,2332,-1,2204,2337,2332,-1,2332,2337,2300,-1,2301,2300,2336,-1,2300,2337,2335,-1,2303,2297,2336,-1,2335,2303,2336,-1,1377,2296,2297,-1,2204,2208,2337,-1,2208,2237,2337,-1,2337,2237,2335,-1,2237,2238,2335,-1,2238,2216,2303,-1,2238,2303,2335,-1,1316,2303,2216,-1,2338,2339,2340,-1,2341,2342,2343,-1,2343,2339,2341,-1,2344,2342,2345,-1,2342,2344,2346,-1,2345,2347,2348,-1,2344,2345,2348,-1,2349,2345,2350,-1,2350,2345,2342,-1,2346,2351,2342,-1,2338,2341,2339,-1,2351,2343,2342,-1,2339,2352,2340,-1,1447,2353,2352,-1,2340,2352,2353,-1,1389,1447,1387,-1,1389,2353,1447,-1,1447,1384,1387,-1,1410,2344,2348,-1,1418,2346,2344,-1,2344,1410,1418,-1,1412,1410,2348,-1,1418,1420,2346,-1,1412,2348,2347,-1,1412,2347,1408,-1,2345,1408,2347,-1,2345,1413,1408,-1,2346,1420,2351,-1,2343,2351,1419,-1,1420,1419,2351,-1,1421,2339,2343,-1,2343,1419,1421,-1,2339,1422,2352,-1,1422,2339,1421,-1,1422,1406,2352,-1,2352,1406,1447,-1,2341,2338,1407,-1,1407,2338,1417,-1,1409,1414,2342,-1,1409,2341,1407,-1,2341,1409,2342,-1,1417,2338,2340,-1,2340,2353,1411,-1,1411,1417,2340,-1,1411,2353,1388,-1,2353,1389,1388,-1,2350,2354,2355,-1,2355,2356,2350,-1,2356,2357,2350,-1,2358,2350,2359,-1,2354,2350,2358,-1,2359,2350,2360,-1,2342,2360,2350,-1,2342,2361,2360,-1,2342,1414,2361,-1,2362,1415,2363,-1,2361,1414,1415,-1,1415,2364,2365,-1,2362,2364,1415,-1,1415,2366,2367,-1,2365,2366,1415,-1,1415,2367,2361,-1,2368,2358,2359,-1,2360,2369,2370,-1,2355,2371,2356,-1,2372,2354,2373,-1,2357,2374,2349,-1,2374,2357,2356,-1,2356,2371,2374,-1,2357,2349,2350,-1,2355,2372,2371,-1,2354,2358,2373,-1,2355,2354,2372,-1,2370,2359,2360,-1,2373,2358,2368,-1,2368,2359,2370,-1,2349,2372,2373,-1,2372,2349,2371,-1,2371,2349,2374,-1,2368,2370,2349,-1,2373,2368,2349,-1,2370,2369,2349,-1,2345,2349,2369,-1,2345,2369,2375,-1,2345,2375,1413,-1,2376,2377,1416,-1,2375,1416,1413,-1,1416,2378,2379,-1,2376,1416,2379,-1,1416,2380,2381,-1,2378,1416,2381,-1,1416,2375,2380,-1,2376,2362,2363,-1,1415,1416,2377,-1,2365,2381,2366,-1,2378,2364,2379,-1,2367,2380,2375,-1,2380,2367,2366,-1,2381,2380,2366,-1,2367,2375,2361,-1,2379,2364,2362,-1,2365,2364,2378,-1,2365,2378,2381,-1,2363,2377,2376,-1,2362,2376,2379,-1,2377,2363,1415,-1,2361,2369,2360,-1,2361,2375,2369,-1,2382,2383,2384,-1,2383,2385,2384,-1,2386,2385,2387,-1,2383,2387,2385,-1,2388,2386,2389,-1,2386,2387,2389,-1,2382,2384,2390,-1,2391,2388,2389,-1,2391,2392,2388,-1,2382,2390,2393,-1,2394,2393,2395,-1,2390,2395,2393,-1,2396,2397,2394,-1,2394,2395,2396,-1,2397,2398,2399,-1,2398,2397,2396,-1,2398,2400,2399,-1,2399,2400,2401,-1,2402,2403,2404,-1,2403,2405,2406,-1,2407,2402,2404,-1,2408,2405,2403,-1,2409,2408,2403,-1,2405,2410,2411,-1,2412,2413,2411,-1,2413,2414,2415,-1,2413,2405,2411,-1,2415,2414,2416,-1,2412,2414,2413,-1,2404,2406,2417,-1,2418,2407,2404,-1,2419,2420,2418,-1,2421,2422,2423,-1,2424,2425,2426,-1,2427,2417,2426,-1,2428,2419,2429,-1,2429,2430,2431,-1,2432,2433,2434,-1,2435,2424,2436,-1,2437,2438,2423,-1,2439,2430,2422,-1,2437,2440,2441,-1,2435,2442,2443,-1,2441,2442,2444,-1,2445,2443,2441,-1,2444,2446,2437,-1,2447,2448,2444,-1,2449,2450,2448,-1,2450,2446,2448,-1,2403,2402,2409,-1,2408,2410,2405,-1,2451,2413,2452,-1,2405,2451,2406,-1,2415,2452,2413,-1,2453,2407,2418,-1,2420,2453,2418,-1,2454,2455,2451,-1,2404,2403,2406,-1,2405,2413,2451,-1,2406,2455,2417,-1,2452,2454,2451,-1,2404,2427,2418,-1,2428,2420,2419,-1,2456,2457,2455,-1,2427,2404,2417,-1,2425,2418,2427,-1,2406,2451,2455,-1,2417,2457,2426,-1,2454,2456,2455,-1,2419,2418,2425,-1,2431,2428,2429,-1,2458,2436,2457,-1,2425,2427,2426,-1,2459,2419,2425,-1,2417,2455,2457,-1,2426,2436,2424,-1,2456,2458,2457,-1,2429,2419,2459,-1,2439,2431,2430,-1,2460,2435,2436,-1,2459,2425,2424,-1,2429,2459,2445,-1,2426,2457,2436,-1,2424,2435,2443,-1,2458,2460,2436,-1,2430,2429,2445,-1,2461,2439,2422,-1,2424,2443,2459,-1,2445,2459,2443,-1,2445,2440,2430,-1,2442,2435,2462,-1,2443,2442,2441,-1,2460,2462,2435,-1,2422,2430,2440,-1,2421,2461,2422,-1,2463,2434,2438,-1,2440,2445,2441,-1,2440,2423,2422,-1,2444,2442,2464,-1,2437,2441,2444,-1,2462,2464,2442,-1,2433,2421,2423,-1,2463,2432,2434,-1,2440,2437,2423,-1,2434,2423,2438,-1,2446,2465,2438,-1,2446,2438,2437,-1,2464,2447,2444,-1,2463,2438,2466,-1,2433,2423,2434,-1,2466,2438,2465,-1,2465,2446,2467,-1,2450,2467,2446,-1,2448,2446,2444,-1,2468,2469,2470,-1,2471,2472,2473,-1,2474,2475,2469,-1,2469,2476,2470,-1,2477,2469,2478,-1,2479,2480,2481,-1,2476,2482,2470,-1,2483,2484,2485,-1,2486,2478,2469,-1,2481,2487,2488,-1,2481,2480,2487,-1,2489,2490,2491,-1,2492,2479,2493,-1,2494,2480,2492,-1,2479,2492,2480,-1,2489,2495,2496,-1,2478,2491,2490,-1,2478,2486,2497,-1,2489,2491,2495,-1,2498,2499,2500,-1,2501,2496,2495,-1,2502,2491,2497,-1,2503,2472,2504,-1,2495,2502,2505,-1,2506,2507,2508,-1,2509,2510,2485,-1,2509,2511,2510,-1,2483,2512,2484,-1,2513,2485,2514,-1,2515,2516,2517,-1,2518,2516,2513,-1,2519,2520,2506,-1,2521,2522,2517,-1,2471,2523,2524,-1,2525,2526,2506,-1,2523,2473,2527,-1,2528,2521,2499,-1,2501,2505,2527,-1,2482,2479,2470,-1,2479,2482,2493,-1,2529,2530,2488,-1,2469,2475,2476,-1,2481,2468,2470,-1,2469,2468,2486,-1,2531,2477,2478,-1,2469,2477,2474,-1,2479,2481,2470,-1,2529,2488,2487,-1,2468,2488,2532,-1,2532,2497,2486,-1,2533,2531,2490,-1,2478,2490,2531,-1,2478,2497,2491,-1,2534,2533,2490,-1,2481,2488,2468,-1,2535,2530,2529,-1,2536,2530,2535,-1,2468,2532,2486,-1,2532,2530,2537,-1,2534,2490,2489,-1,2497,2537,2502,-1,2502,2495,2491,-1,2538,2489,2539,-1,2534,2489,2538,-1,2539,2489,2496,-1,2540,2538,2539,-1,2488,2530,2532,-1,2541,2536,2535,-1,2541,2542,2536,-1,2532,2537,2497,-1,2543,2537,2536,-1,2503,2504,2539,-1,2543,2505,2502,-1,2505,2501,2495,-1,2496,2503,2539,-1,2544,2540,2539,-1,2530,2536,2537,-1,2545,2542,2541,-1,2545,2500,2542,-1,2537,2543,2502,-1,2543,2542,2546,-1,2547,2504,2472,-1,2546,2527,2505,-1,2473,2501,2527,-1,2504,2544,2539,-1,2496,2501,2503,-1,2503,2473,2472,-1,2548,2544,2504,-1,2536,2542,2543,-1,2498,2500,2545,-1,2549,2550,2551,-1,2543,2546,2505,-1,2546,2500,2552,-1,2501,2473,2503,-1,2552,2523,2527,-1,2547,2553,2554,-1,2523,2471,2473,-1,2504,2547,2548,-1,2472,2471,2553,-1,2555,2548,2547,-1,2542,2500,2546,-1,2528,2499,2498,-1,2526,2553,2471,-1,2546,2552,2527,-1,2499,2556,2552,-1,2557,2554,2525,-1,2524,2523,2556,-1,2472,2553,2547,-1,2524,2526,2471,-1,2547,2554,2555,-1,2553,2526,2525,-1,2558,2555,2554,-1,2500,2499,2552,-1,2559,2521,2528,-1,2526,2524,2519,-1,2552,2556,2523,-1,2560,2556,2521,-1,2506,2520,2507,-1,2519,2524,2560,-1,2553,2525,2554,-1,2526,2519,2506,-1,2554,2557,2558,-1,2508,2557,2525,-1,2561,2558,2557,-1,2499,2521,2556,-1,2559,2522,2521,-1,2562,2563,2551,-1,2556,2560,2524,-1,2560,2517,2564,-1,2551,2563,2507,-1,2520,2519,2564,-1,2561,2565,2566,-1,2557,2508,2565,-1,2525,2506,2508,-1,2565,2508,2563,-1,2561,2557,2565,-1,2521,2517,2560,-1,2522,2515,2517,-1,2507,2520,2567,-1,2560,2564,2519,-1,2516,2518,2564,-1,2567,2549,2551,-1,2567,2520,2518,-1,2566,2562,2568,-1,2565,2563,2566,-1,2508,2507,2563,-1,2566,2563,2562,-1,2561,2566,2569,-1,2517,2516,2564,-1,2515,2570,2516,-1,2514,2549,2567,-1,2564,2518,2520,-1,2518,2514,2567,-1,2571,2562,2550,-1,2568,2562,2571,-1,2507,2567,2551,-1,2562,2551,2550,-1,2568,2569,2566,-1,2516,2570,2513,-1,2509,2513,2570,-1,2484,2572,2549,-1,2518,2513,2514,-1,2514,2484,2549,-1,2550,2572,2573,-1,2550,2549,2572,-1,2571,2574,2575,-1,2574,2571,2550,-1,2568,2571,2575,-1,2509,2485,2513,-1,2510,2483,2485,-1,2512,2576,2572,-1,2514,2485,2484,-1,2512,2572,2484,-1,2573,2572,2576,-1,2573,2574,2550,-1,2577,2578,2579,-1,2579,2580,2577,-1,2580,2581,2582,-1,2580,2583,2584,-1,2583,2580,2579,-1,2579,2585,2583,-1,2586,2587,2588,-1,2588,2581,2586,-1,2586,2581,2584,-1,2587,2586,2589,-1,2581,2580,2584,-1,2589,2585,2590,-1,2585,2579,2590,-1,2586,2585,2589,-1,2585,2591,2592,-1,2592,2583,2585,-1,2593,2594,2595,-1,2583,2596,2584,-1,2596,2593,2595,-1,2583,2593,2596,-1,2586,2597,2598,-1,2597,2586,2584,-1,2586,2598,2591,-1,2591,2585,2586,-1,2588,2599,2581,-1,2600,2601,2602,-1,2603,2604,2581,-1,2601,2600,2605,-1,2604,2603,2605,-1,2602,2606,2607,-1,2606,2602,2601,-1,2608,2606,2609,-1,2608,2607,2606,-1,2605,2600,2610,-1,2611,2603,2581,-1,2610,2604,2605,-1,2581,2612,2613,-1,2611,2581,2613,-1,2599,2614,2612,-1,2615,2614,2599,-1,2599,2612,2581,-1,2599,2588,2616,-1,2590,2578,2617,-1,2578,2590,2579,-1,2589,2590,2617,-1,2589,2617,2618,-1,2619,2620,2621,-1,2622,2623,2624,-1,2625,2626,2627,-1,2628,2629,2630,-1,2631,2632,2633,-1,2634,2635,2636,-1,2635,2634,2637,-1,2587,2638,2636,-1,2634,2636,2638,-1,2589,2638,2587,-1,2637,2628,2630,-1,2630,2635,2637,-1,2633,2632,2629,-1,2633,2629,2628,-1,2631,2623,2622,-1,2631,2622,2632,-1,2624,2626,2625,-1,2623,2626,2624,-1,2619,2627,2620,-1,2625,2627,2619,-1,2588,2639,2616,-1,2639,2588,2587,-1,2591,2598,2618,-1,2577,2640,2599,-1,2598,2616,2639,-1,2598,2599,2616,-1,2617,2591,2618,-1,2617,2578,2591,-1,2597,2592,2577,-1,2618,2598,2639,-1,2598,2597,2599,-1,2578,2592,2591,-1,2599,2597,2577,-1,2577,2592,2578,-1,2641,2642,2643,-1,2644,2645,2646,-1,2647,2648,2649,-1,2650,2651,2652,-1,2653,2652,2654,-1,2639,2650,2618,-1,2650,2639,2651,-1,2644,2653,2654,-1,2652,2651,2654,-1,2646,2645,2649,-1,2653,2644,2646,-1,2647,2641,2648,-1,2645,2647,2649,-1,2643,2648,2641,-1,2655,2656,2657,-1,2658,2656,2655,-1,2592,2657,2656,-1,2657,2592,2597,-1,2594,2658,2659,-1,2592,2656,2658,-1,2592,2658,2583,-1,2658,2594,2593,-1,2659,2660,2594,-1,2583,2658,2593,-1,2595,2661,2655,-1,2597,2655,2657,-1,2597,2584,2655,-1,2655,2596,2595,-1,2661,2595,2662,-1,2584,2596,2655,-1,2660,2662,2595,-1,2595,2594,2660,-1,2663,2664,2665,-1,2620,2666,2667,-1,2668,2669,2670,-1,2671,2672,2673,-1,2674,2663,2665,-1,2675,2676,2665,-1,2677,2678,2679,-1,2674,2680,2681,-1,2675,2682,2676,-1,2682,2683,2684,-1,2684,2676,2682,-1,2685,2684,2683,-1,2388,2392,2686,-1,2685,2683,2687,-1,2688,2386,2388,-1,2687,2689,2685,-1,2688,2384,2385,-1,2689,2687,2690,-1,2667,2689,2690,-1,2390,2691,2692,-1,2666,2689,2667,-1,2643,2666,2620,-1,2589,2618,2638,-1,2638,2650,2634,-1,2650,2638,2618,-1,2652,2637,2650,-1,2634,2650,2637,-1,2652,2628,2637,-1,2626,2623,2649,-1,2628,2652,2633,-1,2646,2631,2653,-1,2693,2694,2695,-1,2649,2623,2646,-1,2653,2631,2633,-1,2653,2633,2652,-1,2646,2623,2631,-1,2626,2648,2627,-1,2648,2626,2649,-1,2620,2627,2643,-1,2648,2643,2627,-1,2696,2697,2400,-1,2395,2692,2396,-1,2692,2698,2396,-1,2680,2686,2392,-1,2664,2675,2665,-1,2681,2663,2674,-1,2686,2680,2674,-1,2688,2388,2686,-1,2688,2385,2386,-1,2691,2390,2384,-1,2691,2384,2688,-1,2692,2395,2390,-1,2398,2698,2696,-1,2698,2398,2396,-1,2398,2696,2400,-1,2400,2697,2699,-1,2697,2700,2699,-1,2700,2701,2702,-1,2703,2704,2705,-1,2706,2707,2708,-1,2709,2710,2711,-1,2710,2712,2713,-1,2668,2709,2669,-1,2714,2715,2673,-1,2716,2672,2671,-1,2714,2673,2672,-1,2714,2678,2677,-1,2715,2714,2677,-1,2717,2670,2679,-1,2671,2718,2716,-1,2718,2719,2716,-1,2705,2713,2720,-1,2717,2679,2678,-1,2668,2670,2717,-1,2711,2669,2709,-1,2712,2710,2709,-1,2720,2713,2712,-1,2706,2704,2703,-1,2703,2705,2720,-1,2707,2721,2708,-1,2706,2708,2704,-1,2693,2721,2694,-1,2707,2694,2721,-1,2693,2695,2701,-1,2700,2702,2699,-1,2701,2695,2702,-1,2667,2722,2621,-1,2667,2621,2620,-1,2641,2625,2619,-1,2723,2724,2725,-1,2724,2726,2727,-1,2728,2729,2730,-1,2730,2731,2728,-1,2732,2733,2729,-1,2730,2729,2733,-1,2722,2734,2732,-1,2732,2734,2733,-1,2651,2639,2636,-1,2735,2722,2732,-1,2636,2639,2587,-1,2635,2630,2651,-1,2635,2651,2636,-1,2629,2654,2630,-1,2651,2630,2654,-1,2654,2629,2632,-1,2645,2644,2622,-1,2647,2624,2625,-1,2736,2737,2738,-1,2647,2645,2624,-1,2644,2632,2622,-1,2644,2654,2632,-1,2645,2622,2624,-1,2739,2740,2723,-1,2641,2647,2625,-1,2619,2621,2642,-1,2641,2619,2642,-1,2642,2621,2735,-1,2724,2741,2725,-1,2621,2722,2735,-1,2727,2726,2731,-1,2731,2726,2728,-1,2741,2724,2727,-1,2739,2723,2725,-1,2723,2740,2742,-1,2740,2391,2742,-1,2743,2389,2387,-1,2744,2745,2397,-1,2393,2745,2746,-1,2747,2401,2748,-1,2399,2749,2744,-1,2750,2751,2752,-1,2753,2754,2755,-1,2751,2750,2756,-1,2757,2756,2750,-1,2751,2758,2752,-1,2754,2753,2752,-1,2754,2752,2758,-1,2759,2755,2760,-1,2761,2762,2763,-1,2760,2762,2761,-1,2764,2738,2765,-1,2763,2766,2764,-1,2767,2768,2769,-1,2736,2768,2770,-1,2771,2756,2757,-1,2772,2771,2757,-1,2773,2774,2775,-1,2401,2747,2749,-1,2746,2382,2393,-1,2776,2777,2748,-1,2769,2778,2779,-1,2778,2775,2780,-1,2759,2753,2755,-1,2761,2759,2760,-1,2766,2763,2762,-1,2765,2763,2764,-1,2737,2765,2738,-1,2770,2737,2736,-1,2767,2770,2768,-1,2779,2767,2769,-1,2780,2779,2778,-1,2774,2780,2775,-1,2773,2777,2776,-1,2774,2773,2776,-1,2777,2747,2748,-1,2397,2399,2744,-1,2401,2749,2399,-1,2394,2745,2393,-1,2745,2394,2397,-1,2743,2383,2382,-1,2382,2746,2743,-1,2389,2743,2742,-1,2383,2743,2387,-1,2742,2391,2389,-1,2666,2642,2735,-1,2666,2643,2642,-1,2659,2655,2661,-1,2655,2659,2658,-1,2660,2659,2661,-1,2660,2661,2662,-1,2740,2392,2391,-1,2741,2663,2725,-1,2739,2681,2680,-1,2682,2731,2730,-1,2664,2727,2675,-1,2687,2733,2734,-1,2733,2687,2683,-1,2722,2690,2734,-1,2687,2734,2690,-1,2667,2690,2722,-1,2683,2682,2730,-1,2730,2733,2683,-1,2675,2727,2731,-1,2675,2731,2682,-1,2664,2663,2741,-1,2664,2741,2727,-1,2725,2681,2739,-1,2663,2681,2725,-1,2740,2680,2392,-1,2739,2680,2740,-1,2685,2732,2729,-1,2735,2689,2666,-1,2726,2724,2665,-1,2676,2684,2728,-1,2723,2686,2674,-1,2674,2724,2723,-1,2665,2724,2674,-1,2723,2742,2686,-1,2726,2676,2728,-1,2726,2665,2676,-1,2685,2729,2684,-1,2728,2684,2729,-1,2685,2689,2732,-1,2735,2732,2689,-1,2692,2745,2698,-1,2744,2696,2698,-1,2698,2745,2744,-1,2697,2696,2749,-1,2744,2749,2696,-1,2747,2697,2749,-1,2746,2745,2692,-1,2746,2691,2743,-1,2691,2746,2692,-1,2688,2742,2743,-1,2743,2691,2688,-1,2688,2686,2742,-1,2747,2777,2700,-1,2747,2700,2697,-1,2773,2700,2777,-1,2769,2721,2778,-1,2775,2693,2701,-1,2705,2736,2738,-1,2708,2768,2704,-1,2766,2762,2711,-1,2764,2710,2713,-1,2754,2679,2755,-1,2670,2669,2760,-1,2754,2758,2677,-1,2677,2679,2754,-1,2715,2758,2751,-1,2758,2715,2677,-1,2756,2673,2751,-1,2715,2751,2673,-1,2671,2673,2756,-1,2760,2755,2670,-1,2679,2670,2755,-1,2762,2669,2711,-1,2760,2669,2762,-1,2764,2766,2710,-1,2766,2711,2710,-1,2705,2738,2713,-1,2738,2764,2713,-1,2704,2768,2736,-1,2704,2736,2705,-1,2708,2721,2769,-1,2708,2769,2768,-1,2778,2693,2775,-1,2721,2693,2778,-1,2773,2701,2700,-1,2775,2701,2773,-1,2781,2782,2783,-1,2784,2785,2786,-1,2783,2785,2787,-1,2788,2786,2789,-1,2790,2791,2792,-1,2789,2792,2793,-1,2794,2790,2795,-1,2796,2797,2795,-1,2797,2798,2795,-1,2799,2800,2801,-1,2796,2802,2803,-1,2804,2802,2805,-1,2800,2804,2805,-1,2806,2801,2807,-1,2808,2809,2810,-1,2811,2806,2807,-1,2756,2771,2812,-1,2813,2814,2815,-1,2816,2817,2771,-1,2756,2812,2818,-1,2815,2819,2771,-1,2819,2820,2771,-1,2810,2821,2822,-1,2813,2822,2821,-1,2811,2823,2824,-1,2809,2808,2824,-1,2825,2826,2827,-1,2782,2828,2829,-1,2830,2831,2756,-1,2756,2831,2671,-1,2832,2829,2833,-1,2834,2835,2756,-1,2756,2835,2830,-1,2836,2837,2756,-1,2756,2837,2834,-1,2838,2839,2756,-1,2756,2839,2836,-1,2756,2818,2838,-1,2812,2771,2817,-1,2820,2816,2771,-1,2815,2814,2819,-1,2813,2821,2814,-1,2810,2809,2821,-1,2824,2823,2809,-1,2811,2807,2823,-1,2806,2799,2801,-1,2800,2805,2801,-1,2802,2804,2803,-1,2803,2797,2796,-1,2798,2794,2795,-1,2794,2791,2790,-1,2791,2793,2792,-1,2793,2788,2789,-1,2840,2784,2786,-1,2786,2788,2840,-1,2784,2787,2785,-1,2787,2781,2783,-1,2781,2828,2782,-1,2829,2832,2782,-1,2832,2841,2825,-1,2841,2832,2833,-1,2718,2842,2843,-1,2825,2841,2826,-1,2718,2843,2827,-1,2826,2718,2827,-1,2718,2844,2845,-1,2842,2718,2845,-1,2846,2844,2671,-1,2718,2671,2844,-1,2847,2848,2671,-1,2671,2848,2846,-1,2849,2850,2671,-1,2671,2850,2847,-1,2851,2852,2671,-1,2671,2852,2849,-1,2831,2853,2671,-1,2671,2853,2851,-1,2826,2719,2718,-1,2829,2854,2833,-1,2841,2855,2856,-1,2857,2781,2787,-1,2858,2828,2859,-1,2840,2788,2860,-1,2784,2861,2862,-1,2793,2791,2863,-1,2863,2864,2793,-1,2865,2791,2794,-1,2791,2865,2863,-1,2798,2866,2794,-1,2865,2794,2866,-1,2867,2866,2798,-1,2864,2860,2788,-1,2793,2864,2788,-1,2784,2840,2861,-1,2840,2860,2861,-1,2857,2787,2862,-1,2787,2784,2862,-1,2859,2828,2781,-1,2859,2781,2857,-1,2858,2854,2829,-1,2858,2829,2828,-1,2833,2855,2841,-1,2854,2855,2833,-1,2826,2856,2719,-1,2841,2856,2826,-1,2857,2868,2869,-1,2861,2870,2871,-1,2868,2862,2871,-1,2863,2872,2864,-1,2865,2873,2874,-1,2874,2872,2863,-1,2866,2875,2873,-1,2876,2877,2878,-1,2867,2878,2875,-1,2879,2880,2881,-1,2877,2876,2882,-1,2883,2884,2882,-1,2884,2883,2881,-1,2885,2886,2880,-1,2719,2887,2888,-1,2889,2890,2886,-1,2891,2772,2892,-1,2893,2894,2895,-1,2891,2896,2772,-1,2897,2892,2772,-1,2893,2895,2891,-1,2896,2891,2895,-1,2898,2899,2894,-1,2893,2898,2894,-1,2890,2889,2900,-1,2900,2901,2902,-1,2903,2719,2904,-1,2905,2854,2858,-1,2869,2858,2859,-1,2906,2757,2907,-1,2901,2898,2902,-1,2899,2898,2901,-1,2900,2902,2890,-1,2889,2886,2885,-1,2885,2880,2879,-1,2881,2880,2884,-1,2882,2876,2883,-1,2877,2875,2878,-1,2867,2875,2866,-1,2866,2873,2865,-1,2865,2874,2863,-1,2872,2870,2864,-1,2860,2870,2861,-1,2870,2860,2864,-1,2861,2871,2862,-1,2862,2868,2857,-1,2857,2869,2859,-1,2858,2869,2905,-1,2905,2908,2855,-1,2855,2854,2905,-1,2856,2908,2909,-1,2908,2856,2855,-1,2719,2909,2887,-1,2856,2909,2719,-1,2910,2716,2911,-1,2888,2904,2719,-1,2912,2716,2903,-1,2719,2903,2716,-1,2913,2716,2914,-1,2716,2912,2914,-1,2915,2716,2916,-1,2716,2913,2916,-1,2716,2915,2911,-1,2716,2917,2918,-1,2910,2917,2716,-1,2757,2716,2918,-1,2919,2757,2920,-1,2757,2918,2920,-1,2921,2757,2922,-1,2757,2919,2922,-1,2923,2757,2924,-1,2757,2921,2924,-1,2906,2925,2757,-1,2757,2923,2907,-1,2926,2772,2925,-1,2757,2925,2772,-1,2897,2772,2927,-1,2772,2926,2927,-1,2776,2748,2699,-1,2779,2780,2694,-1,2774,2702,2695,-1,2703,2737,2770,-1,2707,2706,2767,-1,2763,2709,2761,-1,2765,2720,2712,-1,2753,2717,2678,-1,2717,2759,2668,-1,2678,2714,2752,-1,2752,2753,2678,-1,2672,2750,2714,-1,2752,2714,2750,-1,2757,2672,2716,-1,2672,2757,2750,-1,2761,2668,2759,-1,2753,2759,2717,-1,2763,2712,2709,-1,2761,2709,2668,-1,2737,2720,2765,-1,2765,2712,2763,-1,2706,2703,2770,-1,2703,2720,2737,-1,2707,2767,2779,-1,2706,2770,2767,-1,2694,2780,2695,-1,2707,2779,2694,-1,2774,2776,2702,-1,2780,2774,2695,-1,2699,2702,2776,-1,2401,2699,2748,-1,2401,2400,2699,-1,2797,2867,2798,-1,2800,2883,2804,-1,2803,2876,2878,-1,2885,2806,2811,-1,2881,2799,2879,-1,2808,2810,2901,-1,2824,2900,2889,-1,2822,2813,2894,-1,2894,2899,2822,-1,2895,2813,2815,-1,2813,2895,2894,-1,2771,2896,2815,-1,2895,2815,2896,-1,2772,2896,2771,-1,2899,2901,2810,-1,2822,2899,2810,-1,2824,2808,2900,-1,2808,2901,2900,-1,2885,2811,2889,-1,2811,2824,2889,-1,2879,2799,2806,-1,2879,2806,2885,-1,2881,2883,2800,-1,2881,2800,2799,-1,2804,2876,2803,-1,2883,2876,2804,-1,2797,2878,2867,-1,2803,2878,2797,-1,2928,2929,2930,-1,2931,2932,2933,-1,2934,2935,2936,-1,2937,2938,2930,-1,2939,2940,2941,-1,2942,2943,2937,-1,2935,2944,2945,-1,2946,2942,2947,-1,2948,2949,2944,-1,2790,2950,2795,-1,2951,2952,2940,-1,2953,2954,2955,-1,2955,2956,2957,-1,2954,2958,2959,-1,2960,2961,2947,-1,2962,2963,2959,-1,2957,2790,2792,-1,2962,2958,2960,-1,2964,2965,2966,-1,2967,2952,2965,-1,2968,2969,2967,-1,2970,2971,2966,-1,2972,2970,2966,-1,2973,2929,2974,-1,2972,2416,2970,-1,2973,2975,2976,-1,2977,2978,2979,-1,2980,2976,2981,-1,2982,2983,2984,-1,2985,2986,2980,-1,2987,2983,2988,-1,2986,2989,2990,-1,2984,2991,2982,-1,2992,2990,2993,-1,2994,2995,2996,-1,2997,2998,2992,-1,2999,2995,3000,-1,2998,3001,3002,-1,2996,3003,2994,-1,3004,3002,3005,-1,3006,3007,3008,-1,3009,2933,3004,-1,3010,3007,3011,-1,3012,3013,3014,-1,3011,3014,3015,-1,3016,3017,3018,-1,2932,3019,3020,-1,3018,3017,3019,-1,3021,3022,3023,-1,3019,2932,3018,-1,3021,3023,3016,-1,2831,3022,2853,-1,2932,3020,3024,-1,3025,2449,3026,-1,3025,3024,3020,-1,3025,3026,3024,-1,2941,2940,2952,-1,3027,3026,2449,-1,3013,3012,3027,-1,3015,3014,3013,-1,3027,3012,3026,-1,2931,3028,3018,-1,3011,3015,3010,-1,3016,3029,3021,-1,2933,2932,3024,-1,2931,3018,2932,-1,3021,2851,2853,-1,3017,3016,3023,-1,3016,3028,3029,-1,2853,3022,3021,-1,3026,3030,3024,-1,3030,3026,3012,-1,3009,3031,2931,-1,3030,2933,3024,-1,3032,3030,3012,-1,3028,3033,3029,-1,3004,2933,3030,-1,3009,2931,2933,-1,3029,2852,2851,-1,3018,3028,3016,-1,3028,3031,3033,-1,2851,3021,3029,-1,3014,3032,3012,-1,3007,3010,3008,-1,3005,3034,3009,-1,3032,3004,3030,-1,2999,3000,3035,-1,3031,3036,3033,-1,3002,3004,3032,-1,3005,3009,3004,-1,3033,2849,2852,-1,2931,3031,3028,-1,3031,3034,3036,-1,2852,3029,3033,-1,3014,3011,3037,-1,3014,3037,3032,-1,3001,3038,3005,-1,3037,3002,3032,-1,3039,3037,3011,-1,3034,3040,3036,-1,2998,3002,3037,-1,3001,3005,3002,-1,3036,2850,2849,-1,3009,3034,3031,-1,3034,3038,3040,-1,2849,3033,3036,-1,3007,3039,3011,-1,3035,3006,3008,-1,2997,3041,3001,-1,3039,2998,3037,-1,3042,3039,3007,-1,3038,3043,3040,-1,2992,2998,3039,-1,2997,3001,2998,-1,3040,2847,2850,-1,3005,3038,3034,-1,3038,3041,3043,-1,2850,3036,3040,-1,3042,3007,3006,-1,2995,2999,2996,-1,2993,3044,2997,-1,3042,2992,3039,-1,3045,3042,3006,-1,3041,3046,3043,-1,2990,2992,3042,-1,2993,2997,2992,-1,3043,2848,2847,-1,3001,3041,3038,-1,3041,3044,3046,-1,2847,3040,3043,-1,3006,3000,3045,-1,3000,3006,3035,-1,2989,3047,2993,-1,3045,2990,3042,-1,2988,3003,2987,-1,3044,3048,3046,-1,2986,2990,3045,-1,2989,2993,2990,-1,3046,2846,2848,-1,2997,3044,3041,-1,3044,3047,3048,-1,2848,3043,3046,-1,3000,3049,3045,-1,3049,3000,2995,-1,2985,3050,2989,-1,3049,2986,3045,-1,2983,2987,2984,-1,3047,3051,3048,-1,2980,2986,3049,-1,2985,2989,2986,-1,3048,2844,2846,-1,2993,3047,3044,-1,3047,3050,3051,-1,2846,3046,3048,-1,2995,3052,3049,-1,2994,3052,2995,-1,2981,3053,2985,-1,3052,2980,3049,-1,3054,3052,2994,-1,3050,3055,3051,-1,2976,2980,3052,-1,2981,2985,2980,-1,3051,2845,2844,-1,2989,3050,3047,-1,3050,3053,3055,-1,2844,3048,3051,-1,2994,2988,3054,-1,2988,2994,3003,-1,2975,3056,2981,-1,3054,2976,3052,-1,2948,2991,2949,-1,3053,3057,3055,-1,2973,2976,3054,-1,2975,2981,2976,-1,3055,2842,2845,-1,2985,3053,3050,-1,3053,3056,3057,-1,2845,3051,3055,-1,2988,3058,3054,-1,3058,2988,2983,-1,2974,3059,2975,-1,3058,2973,3054,-1,2944,2949,2945,-1,3056,3060,3057,-1,2929,2973,3058,-1,2974,2975,2973,-1,3057,2843,2842,-1,2981,3056,3053,-1,3056,3059,3060,-1,2842,3055,3057,-1,2983,3061,3058,-1,2982,3061,2983,-1,2928,3062,2974,-1,3061,2929,3058,-1,3063,3061,2982,-1,3059,3064,3060,-1,2930,2929,3061,-1,2928,2974,2929,-1,3060,2827,2843,-1,2975,3059,3056,-1,3059,3062,3064,-1,2843,3057,3060,-1,2982,2948,3063,-1,2948,2982,2991,-1,2938,3065,2928,-1,3063,2930,3061,-1,3063,2948,3066,-1,3062,3067,3064,-1,2937,2930,3063,-1,2938,2928,2930,-1,3064,2825,2827,-1,2974,3062,3059,-1,3062,3065,3067,-1,2827,3060,3064,-1,2944,3066,2948,-1,2936,2935,2945,-1,2943,3068,2938,-1,3066,2937,3063,-1,3066,2944,3069,-1,3065,3070,3067,-1,2942,2937,3066,-1,2943,2938,2937,-1,3067,2832,2825,-1,2928,3065,3062,-1,3065,3068,3070,-1,2825,3064,3067,-1,2935,3069,2944,-1,2979,2934,2936,-1,2946,3071,2943,-1,3069,2942,3066,-1,3072,2977,2939,-1,3068,3073,3070,-1,2947,2942,3069,-1,2946,2943,2942,-1,3070,2782,2832,-1,2938,3068,3065,-1,3068,3071,3073,-1,2832,3067,3070,-1,2935,3074,3069,-1,3074,2935,2934,-1,2961,3075,2946,-1,3074,2947,3069,-1,3076,3074,2934,-1,3071,3077,3073,-1,2960,2947,3074,-1,2961,2946,2947,-1,3073,2783,2782,-1,2943,3071,3068,-1,3071,3075,3077,-1,2782,3070,3073,-1,2934,2978,3076,-1,2978,2934,2979,-1,2958,3078,2961,-1,3076,2960,3074,-1,2978,3079,3076,-1,3075,3080,3077,-1,2960,3076,2962,-1,2958,2961,2960,-1,3077,2785,2783,-1,2946,3075,3071,-1,3075,3078,3080,-1,2783,3073,3077,-1,2978,3072,3079,-1,3072,2978,2977,-1,3081,3082,3083,-1,3079,2962,3076,-1,3084,3079,3072,-1,3078,2953,3080,-1,3079,2963,2962,-1,2959,2958,2962,-1,3080,2786,2785,-1,2961,3078,3075,-1,3078,2954,2953,-1,2785,3077,3080,-1,3072,2941,3084,-1,2941,3072,2939,-1,2963,3085,3081,-1,3084,2963,3079,-1,2941,3086,3084,-1,2959,3081,2956,-1,2963,3084,3085,-1,2959,2963,3081,-1,2953,2789,2786,-1,2958,2954,3078,-1,2954,2956,2955,-1,2786,3080,2953,-1,2952,3086,2941,-1,3087,2965,2951,-1,2969,3085,3086,-1,3086,3085,3084,-1,3086,2967,2969,-1,3082,3081,3085,-1,3085,2969,3082,-1,2956,3081,3083,-1,2955,2792,2789,-1,2959,2956,2954,-1,2956,3083,2957,-1,2789,2953,2955,-1,2951,2965,2952,-1,3087,2972,2966,-1,3082,2969,3088,-1,2952,2967,3086,-1,2967,2964,2968,-1,3083,3082,3089,-1,2969,2968,3088,-1,3090,2795,2950,-1,3082,3088,3089,-1,2950,2957,3083,-1,3089,2950,3083,-1,2792,2955,2957,-1,3087,2966,2965,-1,2965,2964,2967,-1,2971,3091,2964,-1,2966,2971,2964,-1,3091,3092,2968,-1,2964,3091,2968,-1,3092,3093,3088,-1,2968,3092,3088,-1,3093,3090,3089,-1,3088,3093,3089,-1,3090,2950,3089,-1,2790,2957,2950,-1,3094,2971,2970,-1,3095,3096,3097,-1,3098,2466,3099,-1,2416,3100,2970,-1,3100,2416,2414,-1,3101,2412,3102,-1,3102,2412,2411,-1,3103,3104,3105,-1,2408,3106,3107,-1,2453,3108,2407,-1,3109,3110,3111,-1,3110,3112,3113,-1,3114,2407,3108,-1,3115,3116,2428,-1,3117,3118,3119,-1,3120,2461,3121,-1,3122,3123,3124,-1,3125,3126,3127,-1,2466,3098,2463,-1,3128,3129,3130,-1,2465,3099,2466,-1,3131,3132,3133,-1,3129,3134,3133,-1,3135,3136,3099,-1,3137,3136,3138,-1,3025,3020,3139,-1,3135,3139,3140,-1,2450,2449,3025,-1,3025,3139,2450,-1,3141,2830,2835,-1,2830,3142,2831,-1,3143,3141,3130,-1,3126,3144,3145,-1,3131,3134,3127,-1,3146,3145,3147,-1,3148,3146,3149,-1,2421,3150,3121,-1,3151,2439,3120,-1,3123,3148,3152,-1,3153,3154,3122,-1,2432,3155,2433,-1,3116,3156,2420,-1,3157,3119,3154,-1,3118,3158,3112,-1,3115,2428,2431,-1,3103,3109,3159,-1,3114,3160,2402,-1,3105,3161,3095,-1,2410,3107,3162,-1,3101,3100,2414,-1,2402,3160,2409,-1,2971,3097,3091,-1,3091,3097,3163,-1,3092,3091,3163,-1,3164,3092,3163,-1,3164,3165,3093,-1,3093,3165,3090,-1,2795,3090,2796,-1,3100,3094,2970,-1,2412,3101,2414,-1,3096,3166,3163,-1,3094,3097,2971,-1,3162,2411,2410,-1,3164,3167,3165,-1,3095,3097,3094,-1,3096,3163,3097,-1,3165,2802,2796,-1,3092,3164,3093,-1,3164,3166,3167,-1,2796,3090,3165,-1,3100,3168,3094,-1,3168,3100,3101,-1,3161,3169,3096,-1,3168,3095,3094,-1,3170,3168,3101,-1,3166,3171,3167,-1,3105,3095,3168,-1,3161,3096,3095,-1,3167,2805,2802,-1,3163,3166,3164,-1,3166,3169,3171,-1,2802,3165,3167,-1,3102,3170,3101,-1,3107,2410,2408,-1,3104,3172,3161,-1,3170,3105,3168,-1,3170,3102,3173,-1,3169,3174,3171,-1,3103,3105,3170,-1,3104,3161,3105,-1,3171,2801,2805,-1,3096,3169,3166,-1,3169,3172,3174,-1,2805,3167,3171,-1,3102,3162,3173,-1,3162,3102,2411,-1,3159,3175,3104,-1,3173,3103,3170,-1,3176,3173,3162,-1,3172,3177,3174,-1,3109,3103,3173,-1,3159,3104,3103,-1,3174,2807,2801,-1,3161,3172,3169,-1,3172,3175,3177,-1,2801,3171,3174,-1,3107,3176,3162,-1,2409,3106,2408,-1,3111,3178,3159,-1,3176,3109,3173,-1,3179,3176,3107,-1,3175,3180,3177,-1,3110,3109,3176,-1,3111,3159,3109,-1,3177,2823,2807,-1,3104,3175,3172,-1,3175,3178,3180,-1,2807,3174,3177,-1,3179,3107,3106,-1,3114,2402,2407,-1,3113,3181,3111,-1,3179,3110,3176,-1,3182,3179,3106,-1,3178,3183,3180,-1,3112,3110,3179,-1,3113,3111,3110,-1,3180,2809,2823,-1,3159,3178,3175,-1,3178,3181,3183,-1,2823,3177,3180,-1,3106,3160,3182,-1,3160,3106,2409,-1,3158,3184,3113,-1,3182,3112,3179,-1,3156,2453,2420,-1,3181,3185,3183,-1,3118,3112,3182,-1,3158,3113,3112,-1,3183,2821,2809,-1,3111,3181,3178,-1,3181,3184,3185,-1,2809,3180,3183,-1,3160,3186,3182,-1,3186,3160,3114,-1,3117,3187,3158,-1,3186,3118,3182,-1,3116,2420,2428,-1,3184,3188,3185,-1,3119,3118,3186,-1,3117,3158,3118,-1,3185,2814,2821,-1,3113,3184,3181,-1,3184,3187,3188,-1,2821,3183,3185,-1,3114,3189,3186,-1,3108,3189,3114,-1,3157,3190,3117,-1,3189,3119,3186,-1,3191,3189,3108,-1,3187,3192,3188,-1,3154,3119,3189,-1,3157,3117,3119,-1,3188,2819,2814,-1,3158,3187,3184,-1,3187,3190,3192,-1,2814,3185,3188,-1,3108,3156,3191,-1,3156,3108,2453,-1,3153,3193,3157,-1,3191,3154,3189,-1,3151,2431,2439,-1,3190,3194,3192,-1,3122,3154,3191,-1,3153,3157,3154,-1,3192,2820,2819,-1,3117,3190,3187,-1,3190,3193,3194,-1,2819,3188,3192,-1,3156,3195,3191,-1,3195,3156,3116,-1,3124,3196,3153,-1,3195,3122,3191,-1,3120,2439,2461,-1,3193,3197,3194,-1,3123,3122,3195,-1,3124,3153,3122,-1,3194,2816,2820,-1,3157,3193,3190,-1,3193,3196,3197,-1,2820,3192,3194,-1,3116,3198,3195,-1,3115,3198,3116,-1,3152,3199,3124,-1,3198,3123,3195,-1,3200,3198,3115,-1,3196,3201,3197,-1,3148,3123,3198,-1,3152,3124,3123,-1,3197,2817,2816,-1,3153,3196,3193,-1,3196,3199,3201,-1,2816,3194,3197,-1,3115,3151,3200,-1,3151,3115,2431,-1,3149,3202,3152,-1,3200,3148,3198,-1,3200,3151,3203,-1,3199,3204,3201,-1,3146,3148,3200,-1,3149,3152,3148,-1,3201,2812,2817,-1,3124,3199,3196,-1,3199,3202,3204,-1,2817,3197,3201,-1,3120,3203,3151,-1,2421,3121,2461,-1,3147,3205,3149,-1,3203,3146,3200,-1,3203,3120,3206,-1,3202,3207,3204,-1,3145,3146,3203,-1,3147,3149,3146,-1,3204,2818,2812,-1,3152,3202,3199,-1,3202,3205,3207,-1,2812,3201,3204,-1,3121,3206,3120,-1,2433,3150,2421,-1,3144,3208,3147,-1,3206,3145,3203,-1,3209,2432,2463,-1,3205,3210,3207,-1,3126,3145,3206,-1,3144,3147,3145,-1,3207,2838,2818,-1,3149,3205,3202,-1,3205,3208,3210,-1,2818,3204,3207,-1,3121,3211,3206,-1,3211,3121,3150,-1,3125,3212,3144,-1,3211,3126,3206,-1,3213,3211,3150,-1,3208,3214,3210,-1,3127,3126,3211,-1,3125,3144,3126,-1,3210,2839,2838,-1,3147,3208,3205,-1,3208,3212,3214,-1,2838,3207,3210,-1,3150,3155,3213,-1,3155,3150,2433,-1,3134,3215,3125,-1,3213,3127,3211,-1,3155,3216,3213,-1,3212,3217,3214,-1,3127,3213,3131,-1,3134,3125,3127,-1,3214,2836,2839,-1,3144,3212,3208,-1,3212,3215,3217,-1,2839,3210,3214,-1,3155,3209,3216,-1,3209,3155,2432,-1,3218,3219,3220,-1,3216,3131,3213,-1,3221,3216,3209,-1,3215,3128,3217,-1,3216,3132,3131,-1,3133,3134,3131,-1,3217,2837,2836,-1,3125,3215,3212,-1,3215,3129,3128,-1,2836,3214,3217,-1,3209,3098,3221,-1,3098,3209,2463,-1,3132,3222,3218,-1,3221,3132,3216,-1,3098,3223,3221,-1,3133,3218,3143,-1,3132,3221,3222,-1,3133,3132,3218,-1,3128,2834,2837,-1,3134,3129,3215,-1,3129,3143,3130,-1,2837,3217,3128,-1,3099,3223,3098,-1,2467,3135,2465,-1,3137,3222,3223,-1,3223,3222,3221,-1,3223,3136,3137,-1,3219,3218,3222,-1,3222,3137,3219,-1,3143,3218,3220,-1,3130,2835,2834,-1,3133,3143,3129,-1,3143,3220,3141,-1,2834,3128,3130,-1,2465,3135,3099,-1,2467,2450,3139,-1,3219,3137,3224,-1,3099,3136,3223,-1,3136,3140,3138,-1,3220,3219,3225,-1,3137,3138,3224,-1,3022,2831,3142,-1,3219,3224,3225,-1,3142,3141,3220,-1,3225,3142,3220,-1,2835,3130,3141,-1,2467,3139,3135,-1,3135,3140,3136,-1,3020,3019,3140,-1,3139,3020,3140,-1,3019,3017,3138,-1,3140,3019,3138,-1,3017,3023,3224,-1,3138,3017,3224,-1,3023,3022,3225,-1,3224,3023,3225,-1,3022,3142,3225,-1,2830,3141,3142,-1,3226,3227,2477,-1,3228,3229,3230,-1,3227,3231,2474,-1,3232,3233,3234,-1,2922,3235,3236,-1,3234,3237,3238,-1,3239,2920,2918,-1,2475,3231,3240,-1,3235,3241,3236,-1,3237,3241,3242,-1,3243,3244,3245,-1,2919,3239,3235,-1,3246,3247,3248,-1,3245,3240,3248,-1,3244,3249,3250,-1,3243,3249,3244,-1,3251,3252,3233,-1,2492,3250,2494,-1,3253,3226,2533,-1,3240,2482,2476,-1,3253,2534,3254,-1,3255,3252,3256,-1,3257,3254,2538,-1,3255,3258,3259,-1,2531,3226,2477,-1,3260,3228,3259,-1,3261,3262,2548,-1,3262,3257,2544,-1,3263,3261,2555,-1,3230,3264,3265,-1,2540,3257,2538,-1,3266,3267,3265,-1,3268,3267,3269,-1,3270,3271,3272,-1,3273,3274,2569,-1,3275,3276,3277,-1,2574,3278,3279,-1,3280,3281,3282,-1,3276,3283,3284,-1,3285,3286,3281,-1,3287,3285,3288,-1,3289,3290,3282,-1,3281,3289,3282,-1,2875,2877,3290,-1,3286,3285,3287,-1,3288,2510,2511,-1,2511,3287,3288,-1,3280,3283,3291,-1,3292,3293,2512,-1,3292,2483,3294,-1,2573,3295,3278,-1,2576,3293,3295,-1,3271,3296,3297,-1,3297,3298,3277,-1,3299,3273,2568,-1,3279,3299,2575,-1,3300,3301,3268,-1,3302,3272,3301,-1,2561,3274,3263,-1,2483,2510,3294,-1,2558,3263,2555,-1,3294,2510,3288,-1,3285,3303,3288,-1,3282,3290,2877,-1,3286,3289,3281,-1,3281,3280,3291,-1,2882,3282,2877,-1,3294,3288,3303,-1,2512,2483,3292,-1,3281,3291,3285,-1,3303,3285,3291,-1,3275,3294,3303,-1,3280,3282,2882,-1,3291,3283,3276,-1,2884,3280,2882,-1,3292,3294,3275,-1,2576,2512,3293,-1,3291,3276,3303,-1,3275,3303,3276,-1,3298,3292,3275,-1,3283,3280,2884,-1,3276,3284,3277,-1,2880,3283,2884,-1,3293,3292,3298,-1,2573,2576,3295,-1,3277,3284,3304,-1,3298,3275,3277,-1,3296,3293,3298,-1,3284,3283,2880,-1,3277,3304,3297,-1,2886,3284,2880,-1,3295,3293,3296,-1,2574,2573,3278,-1,3297,3304,3305,-1,3296,3298,3297,-1,3270,3295,3296,-1,3304,3284,2886,-1,3297,3305,3271,-1,2890,3304,2886,-1,3278,3295,3270,-1,2575,2574,3279,-1,3271,3305,3306,-1,3270,3296,3271,-1,3302,3278,3270,-1,3305,3304,2890,-1,3271,3306,3272,-1,2902,3305,2890,-1,3279,3278,3302,-1,2568,2575,3299,-1,3272,3306,3307,-1,3302,3270,3272,-1,3300,3279,3302,-1,3306,3305,2902,-1,3272,3307,3301,-1,2898,3306,2902,-1,3299,3279,3300,-1,2569,2568,3273,-1,2893,3308,3307,-1,3300,3302,3301,-1,3269,3299,3300,-1,3307,3306,2898,-1,3301,3308,3268,-1,2893,3307,2898,-1,3273,3299,3269,-1,2561,2569,3274,-1,2891,3309,3308,-1,3269,3300,3268,-1,3266,3273,3269,-1,3301,3307,3308,-1,3268,3309,3267,-1,2893,2891,3308,-1,3274,3273,3266,-1,2558,2561,3263,-1,2892,3310,3309,-1,3266,3269,3267,-1,3264,3274,3266,-1,3268,3308,3309,-1,3267,3310,3265,-1,2891,2892,3309,-1,3263,3274,3264,-1,2548,2555,3261,-1,2897,3311,3310,-1,3264,3266,3265,-1,3229,3263,3264,-1,3267,3309,3310,-1,3265,3311,3230,-1,2892,2897,3310,-1,3261,3263,3229,-1,2544,2548,3262,-1,2927,3312,3311,-1,3229,3264,3230,-1,3260,3261,3229,-1,3265,3310,3311,-1,3230,3312,3228,-1,2897,2927,3311,-1,3262,3261,3260,-1,2540,2544,3257,-1,2926,3313,3312,-1,3260,3229,3228,-1,3258,3262,3260,-1,3230,3311,3312,-1,3228,3313,3259,-1,2927,2926,3312,-1,3257,3262,3258,-1,2534,2538,3254,-1,2925,3314,3313,-1,3258,3260,3259,-1,3256,3257,3258,-1,3228,3312,3313,-1,3259,3314,3255,-1,2926,2925,3313,-1,3254,3257,3256,-1,2533,2534,3253,-1,2906,3315,3314,-1,3256,3258,3255,-1,3251,3254,3256,-1,3259,3313,3314,-1,3255,3315,3252,-1,2925,2906,3314,-1,3253,3254,3251,-1,2531,2533,3226,-1,2907,3316,3315,-1,3251,3256,3252,-1,3232,3253,3251,-1,3255,3314,3315,-1,3252,3316,3233,-1,2906,2907,3315,-1,3226,3253,3232,-1,2474,2477,3227,-1,2923,3317,3316,-1,3232,3251,3233,-1,3238,3226,3232,-1,3252,3315,3316,-1,3233,3317,3234,-1,2907,2923,3316,-1,3227,3226,3238,-1,2475,2474,3231,-1,2924,3318,3317,-1,3238,3232,3234,-1,3242,3227,3238,-1,3233,3316,3317,-1,3234,3318,3237,-1,2923,2924,3317,-1,3231,3227,3242,-1,2476,2475,3240,-1,2921,3236,3318,-1,3242,3238,3237,-1,3242,3319,3231,-1,3234,3317,3318,-1,3237,3236,3241,-1,2924,2921,3318,-1,3240,3231,3319,-1,3245,2493,2482,-1,3241,3246,3319,-1,3319,3242,3241,-1,3248,3319,3246,-1,3237,3318,3236,-1,3241,3235,3246,-1,2921,2922,3236,-1,2482,3240,3245,-1,2493,3244,2492,-1,2918,3320,3239,-1,3240,3319,3248,-1,3248,3247,3243,-1,3239,3246,3235,-1,3247,3246,3239,-1,2922,2919,3235,-1,2493,3245,3244,-1,2492,3244,3250,-1,3321,3249,3243,-1,3245,3248,3243,-1,3243,3247,3321,-1,3320,3321,3247,-1,3320,3247,3239,-1,2919,2920,3239,-1,3322,3323,3324,-1,3325,3324,3326,-1,3327,3328,3329,-1,3330,3325,3331,-1,3332,3333,3334,-1,3328,3335,3336,-1,3332,3330,3337,-1,3338,3336,3339,-1,3340,3341,3338,-1,3341,3342,3343,-1,3344,3343,3345,-1,3346,3347,3334,-1,3348,3347,3349,-1,3350,3351,2494,-1,3348,3352,3353,-1,3354,3355,3356,-1,3351,3350,3344,-1,3320,3353,3321,-1,3353,3352,3321,-1,3249,3357,3250,-1,3250,3350,2494,-1,2918,2917,3320,-1,3329,3358,3359,-1,3358,3360,3361,-1,3362,3363,3322,-1,3364,3365,3360,-1,3362,3366,3367,-1,3364,3368,3369,-1,3370,3366,3371,-1,3372,3373,3368,-1,3374,3375,3371,-1,3376,3372,3377,-1,3378,3379,3374,-1,3377,3380,3381,-1,3382,3383,3378,-1,3384,3385,3380,-1,3386,3382,3387,-1,3388,3384,3389,-1,3390,3391,3387,-1,3389,3392,3393,-1,3394,3395,3390,-1,3396,3397,3392,-1,3394,3398,3399,-1,3396,3400,3401,-1,3402,3403,3398,-1,3287,3404,3286,-1,3354,3405,3400,-1,3404,3405,3406,-1,3404,3406,3286,-1,3403,3407,3408,-1,3409,3287,2511,-1,3402,3410,3407,-1,2873,2875,3411,-1,3355,3412,3407,-1,3350,3250,3357,-1,3345,3351,3344,-1,3321,3352,3249,-1,3357,3249,3352,-1,3350,3357,3413,-1,3320,2917,3353,-1,3348,3349,3352,-1,2910,3353,2917,-1,3344,3350,3413,-1,3342,3345,3343,-1,3352,3349,3357,-1,3413,3357,3349,-1,3414,3344,3413,-1,3348,2910,2911,-1,3349,3347,3346,-1,2910,3348,3353,-1,3343,3344,3414,-1,3340,3342,3341,-1,3349,3346,3413,-1,3414,3413,3346,-1,3343,3414,3415,-1,3347,2911,2915,-1,3333,3346,3334,-1,2911,3347,3348,-1,3341,3343,3415,-1,3339,3340,3338,-1,3346,3333,3414,-1,3415,3414,3333,-1,3341,3415,3416,-1,3334,3347,2915,-1,3332,3337,3333,-1,2916,3334,2915,-1,3338,3341,3416,-1,3335,3339,3336,-1,3333,3337,3415,-1,3416,3415,3337,-1,3417,3338,3416,-1,3332,2916,2913,-1,3337,3330,3331,-1,2916,3332,3334,-1,3336,3338,3417,-1,3327,3335,3328,-1,3337,3331,3416,-1,3417,3416,3331,-1,3336,3417,3418,-1,3330,2913,2914,-1,3331,3325,3326,-1,2913,3330,3332,-1,3328,3336,3418,-1,3359,3327,3329,-1,3331,3326,3417,-1,3418,3417,3326,-1,3328,3418,3419,-1,3330,2914,3325,-1,3324,3323,3326,-1,2912,3325,2914,-1,3329,3328,3419,-1,3361,3359,3358,-1,3326,3323,3418,-1,3419,3418,3323,-1,3420,3329,3419,-1,3324,2912,2903,-1,3323,3322,3363,-1,2912,3324,3325,-1,3358,3329,3420,-1,3365,3361,3360,-1,3323,3363,3419,-1,3420,3419,3363,-1,3358,3420,3421,-1,3322,2903,2904,-1,3363,3362,3367,-1,2903,3322,3324,-1,3360,3358,3421,-1,3369,3365,3364,-1,3363,3367,3420,-1,3421,3420,3367,-1,3360,3421,3422,-1,3362,2904,2888,-1,3367,3366,3370,-1,2904,3362,3322,-1,3364,3360,3422,-1,3373,3369,3368,-1,3367,3370,3421,-1,3422,3421,3370,-1,3423,3364,3422,-1,3366,2888,2887,-1,3370,3371,3375,-1,2888,3366,3362,-1,3368,3364,3423,-1,3376,3373,3372,-1,3370,3375,3422,-1,3423,3422,3375,-1,3368,3423,3424,-1,3371,2887,2909,-1,3379,3375,3374,-1,2887,3371,3366,-1,3372,3368,3424,-1,3381,3376,3377,-1,3375,3379,3423,-1,3424,3423,3379,-1,3372,3424,3425,-1,3374,3371,2909,-1,3378,3383,3379,-1,2908,3374,2909,-1,3377,3372,3425,-1,3385,3381,3380,-1,3379,3383,3424,-1,3425,3424,3383,-1,3426,3377,3425,-1,3378,2908,2905,-1,3383,3382,3386,-1,2908,3378,3374,-1,3380,3377,3426,-1,3388,3385,3384,-1,3383,3386,3425,-1,3426,3425,3386,-1,3380,3426,3427,-1,3378,2905,3382,-1,3386,3387,3391,-1,2869,3382,2905,-1,3384,3380,3427,-1,3393,3388,3389,-1,3386,3391,3426,-1,3427,3426,3391,-1,3384,3427,3428,-1,2868,3387,2869,-1,3391,3390,3395,-1,2869,3387,3382,-1,3389,3384,3428,-1,3397,3393,3392,-1,3391,3395,3427,-1,3428,3427,3395,-1,3389,3428,3429,-1,3390,2868,2871,-1,3395,3394,3399,-1,2868,3390,3387,-1,3392,3389,3429,-1,3401,3397,3396,-1,3395,3399,3428,-1,3429,3428,3399,-1,3392,3429,3408,-1,3390,2871,3394,-1,3398,3403,3399,-1,2870,3394,2871,-1,3396,3392,3408,-1,3430,3401,3400,-1,3399,3403,3429,-1,3408,3429,3403,-1,3412,3396,3408,-1,3398,2870,2872,-1,3403,3402,3407,-1,2870,3398,3394,-1,3400,3396,3412,-1,3431,3430,3405,-1,3411,3355,3410,-1,3412,3408,3407,-1,3412,3355,3354,-1,3402,2872,2874,-1,3407,3410,3355,-1,2872,3402,3398,-1,3430,3400,3405,-1,3404,3409,3431,-1,3411,3410,2873,-1,3400,3412,3354,-1,3406,3354,3356,-1,3410,2874,2873,-1,3356,3355,3411,-1,2874,3410,3402,-1,3431,3405,3404,-1,3409,3404,3287,-1,3289,3286,3406,-1,3405,3354,3406,-1,3406,3356,3289,-1,3290,3289,3356,-1,3356,3411,3290,-1,2875,3290,3411,-1,3432,3433,2999,-1,3434,3435,3436,-1,3432,3008,3437,-1,3438,3433,3439,-1,3015,3013,3440,-1,3015,3437,3010,-1,3013,3027,3440,-1,2448,3027,2449,-1,3441,3439,3440,-1,2462,3442,3443,-1,3441,3443,3444,-1,3434,3438,3444,-1,3445,2987,3446,-1,3447,3436,3448,-1,3442,2460,3449,-1,3450,3451,3448,-1,2458,3452,3449,-1,3453,3452,2456,-1,3448,3451,3447,-1,3450,3454,3455,-1,3455,3456,3457,-1,3453,2454,3458,-1,3457,3459,2939,-1,2939,3459,2940,-1,3457,3456,3459,-1,2951,3460,3087,-1,2951,2940,3459,-1,3460,2415,2972,-1,3460,2972,3087,-1,2972,2415,2416,-1,3459,3460,2951,-1,2415,3460,2452,-1,2454,2452,3458,-1,3437,3015,3440,-1,2452,3460,3458,-1,3458,3459,3456,-1,2979,3457,2977,-1,2939,2977,3457,-1,3460,3459,3458,-1,2456,2454,3453,-1,3451,3455,2936,-1,2979,3455,3457,-1,3453,3456,3454,-1,3455,3451,3450,-1,2945,3451,2936,-1,3455,2979,2936,-1,3458,3456,3453,-1,2458,2456,3452,-1,3456,3455,3454,-1,3461,3452,3454,-1,3461,3450,3448,-1,2949,3451,2945,-1,3453,3454,3452,-1,2460,2458,3449,-1,3447,3462,3436,-1,3454,3450,3461,-1,3463,3449,3461,-1,3451,2949,3447,-1,3448,3436,3463,-1,2991,3447,2949,-1,3452,3461,3449,-1,2462,2460,3442,-1,2984,3445,3462,-1,3461,3448,3463,-1,3435,3442,3463,-1,3447,2991,3462,-1,3462,3434,3436,-1,2984,3462,2991,-1,3449,3463,3442,-1,2464,2462,3443,-1,3446,3438,3445,-1,3463,3436,3435,-1,3435,3444,3443,-1,3462,3445,3434,-1,3445,3438,3434,-1,2984,2987,3445,-1,3442,3435,3443,-1,2447,2464,3441,-1,3446,2996,3433,-1,3435,3434,3444,-1,3439,3444,3438,-1,3446,3433,3438,-1,2987,3003,3446,-1,2464,3443,3441,-1,2448,2447,3441,-1,3432,3437,3433,-1,3444,3439,3441,-1,3439,3433,3437,-1,2996,2999,3433,-1,3003,2996,3446,-1,3441,3440,2448,-1,3027,2448,3440,-1,3008,3010,3437,-1,3439,3437,3440,-1,3008,3432,3035,-1,2999,3035,3432,-1,3464,3351,3345,-1,3465,3466,3467,-1,2480,2494,3351,-1,3468,3464,3345,-1,3340,3469,3342,-1,3469,3468,3342,-1,3342,3468,3345,-1,3327,3359,3470,-1,3339,3335,3471,-1,3472,3473,3474,-1,3467,3475,3476,-1,3473,3471,3466,-1,3477,3478,3479,-1,3480,3481,3482,-1,3479,3483,3484,-1,3484,3485,3486,-1,3487,3488,3485,-1,3483,3489,3487,-1,3490,3489,3491,-1,3492,3493,3494,-1,2570,3490,2509,-1,3484,3495,3477,-1,3490,3496,2509,-1,3482,3495,3486,-1,3409,2511,2509,-1,3481,3497,3475,-1,3498,3480,3486,-1,3499,3365,3500,-1,3501,3497,3480,-1,3465,3502,3473,-1,3499,3503,3365,-1,3470,3466,3471,-1,3504,3469,3472,-1,3327,3471,3335,-1,3339,3469,3340,-1,3464,3468,3505,-1,3469,3339,3471,-1,3505,2480,3464,-1,3468,3504,3505,-1,2480,3351,3464,-1,3471,3472,3469,-1,3473,3466,3465,-1,3473,3472,3471,-1,3506,2487,3505,-1,3469,3504,3468,-1,3504,3474,3506,-1,2480,3505,2487,-1,3327,3470,3471,-1,3359,3361,3503,-1,3507,3376,3508,-1,3369,3509,3500,-1,3503,3470,3359,-1,3465,3467,3476,-1,3467,3466,3470,-1,2529,3506,3510,-1,3504,3506,3505,-1,3472,3474,3504,-1,3474,3502,3510,-1,2487,3506,2529,-1,3511,3470,3503,-1,3361,3365,3503,-1,3476,3512,3465,-1,3511,3467,3470,-1,3511,3503,3513,-1,3502,3514,3510,-1,3475,3467,3511,-1,2535,3510,3514,-1,3474,3510,3506,-1,3473,3502,3474,-1,3502,3512,3514,-1,2529,3510,2535,-1,3499,3513,3503,-1,3369,3500,3365,-1,3497,3515,3476,-1,3513,3475,3511,-1,3513,3499,3516,-1,3512,3517,3514,-1,3481,3475,3513,-1,3497,3476,3475,-1,3517,2541,3514,-1,3465,3512,3502,-1,3512,3515,3517,-1,2535,3514,2541,-1,3500,3516,3499,-1,3373,3509,3369,-1,3516,3481,3513,-1,3516,3500,3518,-1,3515,3519,3517,-1,3481,3516,3482,-1,3480,3497,3481,-1,3519,2545,3517,-1,3476,3515,3512,-1,3515,3501,3519,-1,2541,3517,2545,-1,3509,3518,3500,-1,3376,3507,3373,-1,3478,3492,3494,-1,3518,3482,3516,-1,3518,3509,3520,-1,3501,3521,3519,-1,3518,3495,3482,-1,3486,3480,3482,-1,3521,2498,3519,-1,3497,3501,3515,-1,3501,3498,3521,-1,2545,3519,2498,-1,3509,3507,3520,-1,3373,3507,3509,-1,3508,3376,3522,-1,3520,3495,3518,-1,3507,3523,3520,-1,3498,3488,3521,-1,3477,3495,3520,-1,3484,3486,3495,-1,3488,2528,3521,-1,3480,3498,3501,-1,3498,3485,3488,-1,2498,3521,2528,-1,3508,3523,3507,-1,3381,3522,3376,-1,3492,3524,3525,-1,3523,3477,3520,-1,3523,3508,3526,-1,3479,3494,3491,-1,3523,3478,3477,-1,3484,3477,3479,-1,3488,2522,2559,-1,3486,3485,3498,-1,3485,3483,3487,-1,2528,3488,2559,-1,3522,3526,3508,-1,3522,3385,3524,-1,3385,3388,3527,-1,3526,3478,3523,-1,3524,3526,3522,-1,3528,3529,3493,-1,3478,3526,3492,-1,3478,3494,3479,-1,3487,2515,2522,-1,3484,3483,3485,-1,3483,3491,3489,-1,2522,3488,3487,-1,3381,3385,3522,-1,3527,3388,3393,-1,3526,3524,3492,-1,3385,3527,3524,-1,3525,3493,3492,-1,3491,3494,3529,-1,3489,2570,2515,-1,3479,3491,3483,-1,3529,3490,3491,-1,2515,3487,3489,-1,3525,3527,3393,-1,3527,3525,3524,-1,3393,3397,3525,-1,3397,3530,3525,-1,3525,3530,3493,-1,3494,3493,3529,-1,3493,3530,3528,-1,3496,3490,3529,-1,3528,3496,3529,-1,2570,3489,3490,-1,3397,3401,3530,-1,3401,3430,3530,-1,3530,3430,3528,-1,3430,3431,3528,-1,3431,3409,3496,-1,3431,3496,3528,-1,2509,3496,3409,-1,3531,3532,3533,-1,3534,3535,3536,-1,3536,3532,3534,-1,3537,3535,3538,-1,3535,3537,3539,-1,3538,3540,3541,-1,3537,3538,3541,-1,3542,3538,3543,-1,3543,3538,3535,-1,3539,3544,3535,-1,3531,3534,3532,-1,3544,3536,3535,-1,3532,3545,3533,-1,2640,3546,3545,-1,3533,3545,3546,-1,2582,2640,2580,-1,2582,3546,2640,-1,2640,2577,2580,-1,3539,2611,2613,-1,3537,3541,2603,-1,3537,2603,2611,-1,2605,2603,3541,-1,2601,2605,3540,-1,3538,2606,2601,-1,3540,2605,3541,-1,3538,2601,3540,-1,3539,3537,2611,-1,3544,3539,2613,-1,3536,3544,2612,-1,2613,2612,3544,-1,2614,3532,3536,-1,3536,2612,2614,-1,3532,2615,3545,-1,2615,3532,2614,-1,2615,2599,3545,-1,3545,2599,2640,-1,2600,3531,2610,-1,3534,2600,2602,-1,2600,3534,3531,-1,3535,3534,2602,-1,3535,2602,2607,-1,3531,3533,2610,-1,3533,3546,2604,-1,2604,2610,3533,-1,2604,3546,2581,-1,3546,2582,2581,-1,3543,3547,3548,-1,3548,3549,3543,-1,3549,3550,3543,-1,3551,3543,3552,-1,3547,3543,3551,-1,3552,3543,3553,-1,3535,3553,3543,-1,3535,3554,3553,-1,3535,2607,3554,-1,3555,2608,3556,-1,3554,2607,2608,-1,2608,3557,3558,-1,3555,3557,2608,-1,2608,3559,3560,-1,3558,3559,2608,-1,2608,3560,3554,-1,3561,3551,3552,-1,3553,3562,3563,-1,3548,3564,3549,-1,3565,3547,3566,-1,3550,3567,3542,-1,3567,3550,3549,-1,3549,3564,3567,-1,3550,3542,3543,-1,3548,3565,3564,-1,3547,3551,3566,-1,3548,3547,3565,-1,3563,3552,3553,-1,3552,3563,3561,-1,3566,3551,3561,-1,3542,3565,3566,-1,3565,3542,3564,-1,3564,3542,3567,-1,3561,3563,3542,-1,3566,3561,3542,-1,3563,3562,3542,-1,3538,3542,3562,-1,3538,3562,3568,-1,3538,3568,2606,-1,3569,3570,2609,-1,3568,2609,2606,-1,2609,3571,3572,-1,3569,2609,3572,-1,2609,3573,3574,-1,3571,2609,3574,-1,2609,3568,3573,-1,3569,3555,3556,-1,2608,2609,3570,-1,3558,3574,3559,-1,3571,3557,3572,-1,3560,3573,3568,-1,3573,3560,3559,-1,3574,3573,3559,-1,3560,3568,3554,-1,3572,3557,3555,-1,3558,3557,3571,-1,3558,3571,3574,-1,3556,3570,3569,-1,3555,3569,3572,-1,3570,3556,2608,-1,3554,3562,3553,-1,3554,3568,3562,-1,3575,3576,3577,-1,3577,3578,3575,-1,3579,3576,3575,-1,3579,3580,3581,-1,3581,3576,3579,-1,3580,3579,3582,-1,3583,3576,3581,-1,3584,3578,3585,-1,3577,3585,3578,-1,3586,3587,3588,-1,3586,3589,3590,-1,3591,3592,3593,-1,3594,3591,3595,-1,3596,3597,3598,-1,3586,3590,3587,-1,3599,3600,3601,-1,3600,3602,3603,-1,3604,3599,3605,-1,3599,3601,3605,-1,3604,3591,3599,-1,3604,3592,3591,-1,3595,3591,3593,-1,3600,3596,3602,-1,3600,3603,3601,-1,3598,3597,3588,-1,3602,3596,3598,-1,3586,3588,3597,-1,3606,3607,3608,-1,3609,3610,3611,-1,3589,3586,3612,-1,3613,3614,3612,-1,3611,3615,3616,-1,3611,3617,3615,-1,3611,3618,3619,-1,3616,3618,3611,-1,3611,3620,3609,-1,3619,3620,3611,-1,3621,3582,3579,-1,3621,3622,3613,-1,3623,3607,3589,-1,3624,3607,3625,-1,3607,3626,3625,-1,3627,3607,3628,-1,3607,3624,3628,-1,3608,3607,3629,-1,3607,3627,3629,-1,3623,3630,3631,-1,3607,3623,3626,-1,3610,3626,3582,-1,3614,3623,3589,-1,3626,3631,3582,-1,3623,3631,3626,-1,3621,3610,3582,-1,3613,3611,3621,-1,3621,3611,3610,-1,3612,3614,3589,-1,3613,3622,3614,-1,3600,3632,3633,-1,3632,3600,3599,-1,3634,3632,3599,-1,3596,3600,3633,-1,3634,3599,3591,-1,3633,3635,3596,-1,3635,3636,3597,-1,3597,3596,3635,-1,3597,3636,3586,-1,3636,3612,3586,-1,3636,3637,3638,-1,3612,3639,3640,-1,3639,3612,3641,-1,3641,3612,3638,-1,3612,3642,3613,-1,3639,3643,3640,-1,3640,3643,3644,-1,3645,3646,3634,-1,3612,3636,3638,-1,3612,3640,3642,-1,3635,3637,3636,-1,3647,3635,3633,-1,3635,3647,3637,-1,3633,3632,3648,-1,3648,3647,3633,-1,3648,3632,3646,-1,3632,3634,3646,-1,3634,3649,3645,-1,3650,3651,3652,-1,3653,3642,3640,-1,3652,3654,3655,-1,3652,3656,3657,-1,3654,3652,3657,-1,3652,3658,3659,-1,3656,3652,3659,-1,3658,3652,3651,-1,3660,3661,3642,-1,3662,3661,3584,-1,3663,3664,3665,-1,3665,3664,3666,-1,3667,3668,3664,-1,3667,3664,3663,-1,3664,3669,3670,-1,3668,3669,3664,-1,3670,3671,3664,-1,3590,3664,3672,-1,3640,3587,3590,-1,3672,3673,3674,-1,3664,3671,3672,-1,3650,3662,3671,-1,3653,3590,3672,-1,3671,3662,3673,-1,3672,3671,3673,-1,3661,3662,3650,-1,3642,3661,3652,-1,3661,3650,3652,-1,3640,3590,3653,-1,3642,3653,3660,-1,3637,3601,3638,-1,3637,3647,3605,-1,3605,3601,3637,-1,3603,3638,3601,-1,3605,3647,3604,-1,3646,3592,3648,-1,3604,3648,3592,-1,3646,3593,3592,-1,3647,3648,3604,-1,3641,3638,3603,-1,3639,3641,3602,-1,3603,3602,3641,-1,3598,3643,3639,-1,3639,3602,3598,-1,3643,3588,3644,-1,3588,3643,3598,-1,3588,3587,3644,-1,3644,3587,3640,-1,3593,3675,3595,-1,3676,3595,3677,-1,3678,3595,3675,-1,3679,3677,3595,-1,3595,3676,3680,-1,3681,3595,3678,-1,3681,3679,3595,-1,3675,3646,3682,-1,3675,3593,3646,-1,3682,3646,3645,-1,3683,3684,3645,-1,3645,3684,3682,-1,3685,3686,3645,-1,3645,3686,3683,-1,3687,3688,3645,-1,3645,3688,3685,-1,3679,3689,3690,-1,3689,3681,3691,-1,3681,3689,3679,-1,3692,3691,3678,-1,3681,3678,3691,-1,3675,3693,3692,-1,3692,3678,3675,-1,3679,3690,3677,-1,3694,3676,3677,-1,3677,3690,3694,-1,3676,3695,3680,-1,3695,3676,3694,-1,3695,3594,3680,-1,3680,3594,3595,-1,3696,3645,3649,-1,3697,3685,3698,-1,3699,3688,3687,-1,3684,3683,3700,-1,3686,3701,3683,-1,3702,3682,3684,-1,3684,3700,3702,-1,3697,3701,3686,-1,3683,3701,3700,-1,3685,3688,3698,-1,3686,3685,3697,-1,3699,3687,3696,-1,3698,3688,3699,-1,3645,3696,3687,-1,3694,3594,3695,-1,3698,3699,3649,-1,3690,3689,3594,-1,3690,3594,3694,-1,3691,3692,3594,-1,3691,3594,3689,-1,3594,3693,3591,-1,3693,3594,3692,-1,3702,3634,3693,-1,3697,3698,3649,-1,3699,3696,3649,-1,3700,3701,3649,-1,3649,3701,3697,-1,3649,3634,3702,-1,3702,3700,3649,-1,3591,3693,3634,-1,3667,3627,3628,-1,3667,3628,3668,-1,3625,3669,3624,-1,3668,3628,3624,-1,3627,3667,3663,-1,3669,3668,3624,-1,3625,3670,3669,-1,3663,3629,3627,-1,3665,3608,3629,-1,3629,3663,3665,-1,3608,3666,3606,-1,3666,3608,3665,-1,3666,3664,3606,-1,3606,3664,3607,-1,3590,3589,3607,-1,3607,3664,3590,-1,3670,3626,3671,-1,3670,3625,3626,-1,3609,3650,3610,-1,3609,3651,3650,-1,3660,3653,3614,-1,3660,3614,3622,-1,3660,3621,3661,-1,3660,3622,3621,-1,3661,3578,3584,-1,3578,3661,3575,-1,3579,3575,3621,-1,3621,3575,3661,-1,3703,3674,3585,-1,3703,3585,3577,-1,3704,3703,3577,-1,3585,3674,3584,-1,3674,3673,3584,-1,3584,3673,3662,-1,3623,3705,3630,-1,3706,3672,3674,-1,3705,3623,3706,-1,3706,3623,3672,-1,3653,3672,3623,-1,3653,3623,3614,-1,3657,3616,3615,-1,3656,3616,3657,-1,3655,3654,3617,-1,3654,3615,3617,-1,3657,3615,3654,-1,3655,3617,3611,-1,3611,3652,3655,-1,3618,3616,3656,-1,3659,3619,3618,-1,3618,3656,3659,-1,3619,3658,3620,-1,3658,3619,3659,-1,3658,3651,3620,-1,3620,3651,3609,-1,3707,3708,3581,-1,3631,3580,3582,-1,3580,3707,3581,-1,3631,3707,3580,-1,3576,3704,3577,-1,3576,3709,3704,-1,3703,3706,3674,-1,3704,3705,3706,-1,3705,3704,3709,-1,3708,3709,3710,-1,3706,3703,3704,-1,3708,3707,3630,-1,3631,3630,3707,-1,3630,3705,3709,-1,3708,3630,3709,-1,3583,3581,3708,-1,3583,3708,3710,-1,3583,3709,3576,-1,3583,3710,3709,-1,3711,3712,3713,-1,3714,3715,3716,-1,3714,3711,3715,-1,3717,3716,3718,-1,3719,3717,3718,-1,3714,3716,3717,-1,3720,3721,3722,-1,3719,3718,3722,-1,3713,3715,3711,-1,3721,3719,3722,-1,3720,3723,3721,-1,3712,3724,3713,-1,3724,3725,3726,-1,3725,3724,3712,-1,3727,3726,3728,-1,3725,3728,3726,-1,3729,3730,3727,-1,3727,3728,3729,-1,3730,3731,3732,-1,3731,3730,3729,-1,3731,3733,3732,-1,3732,3733,3734,-1,3734,3735,3736,-1,3734,3733,3735,-1,3726,3713,3724,-1,3720,3737,3738,-1,3713,3739,3715,-1,3716,3715,3740,-1,3740,3715,3739,-1,3740,3718,3716,-1,3741,3718,3740,-1,3722,3741,3742,-1,3720,3742,3743,-1,3718,3741,3722,-1,3744,3745,3738,-1,3738,3745,3720,-1,3746,3734,3747,-1,3732,3734,3746,-1,3737,3720,3743,-1,3732,3739,3730,-1,3742,3720,3722,-1,3726,3727,3739,-1,3713,3726,3739,-1,3739,3727,3730,-1,3739,3732,3746,-1,3734,3748,3749,-1,3734,3749,3747,-1,3750,3736,3751,-1,3752,3753,3754,-1,3755,3754,3751,-1,3750,3754,3753,-1,3750,3751,3754,-1,3734,3736,3748,-1,3748,3736,3750,-1,3756,3757,3758,-1,3759,3756,3758,-1,3671,3758,3757,-1,3757,3650,3671,-1,3760,3761,3762,-1,3762,3763,3760,-1,3671,3764,3758,-1,3765,3764,3671,-1,3766,3765,3671,-1,3626,3766,3671,-1,3758,3764,3759,-1,3761,3759,3764,-1,3760,3759,3761,-1,3736,3767,3751,-1,3768,3767,3769,-1,3735,3767,3736,-1,3768,3751,3767,-1,3760,3770,3751,-1,3768,3760,3751,-1,3760,3768,3756,-1,3760,3756,3759,-1,3756,3771,3772,-1,3768,3773,3774,-1,3774,3771,3768,-1,3775,3650,3772,-1,3768,3771,3756,-1,3776,3650,3775,-1,3610,3650,3776,-1,3757,3772,3650,-1,3756,3772,3757,-1,3775,3766,3776,-1,3765,3766,3775,-1,3626,3776,3766,-1,3776,3626,3610,-1,3777,3755,3771,-1,3765,3775,3764,-1,3764,3775,3772,-1,3772,3761,3764,-1,3774,3777,3771,-1,3772,3771,3761,-1,3777,3778,3754,-1,3762,3761,3755,-1,3771,3755,3761,-1,3777,3754,3755,-1,3770,3763,3755,-1,3762,3755,3763,-1,3755,3751,3770,-1,3770,3760,3763,-1,3773,3768,3769,-1,3773,3769,3767,-1,3773,3767,3777,-1,3773,3777,3774,-1,3725,3712,3711,-1,3735,3779,3780,-1,3781,3711,3714,-1,3781,3714,3782,-1,3783,3782,3719,-1,3714,3717,3782,-1,3721,3784,3783,-1,3719,3782,3717,-1,3783,3719,3721,-1,3723,3785,3786,-1,3784,3723,3787,-1,3788,3785,3789,-1,3785,3723,3789,-1,3729,3781,3731,-1,3786,3787,3723,-1,3784,3721,3723,-1,3725,3781,3728,-1,3711,3781,3725,-1,3781,3729,3728,-1,3733,3731,3790,-1,3781,3790,3731,-1,3791,3733,3792,-1,3733,3790,3792,-1,3733,3791,3779,-1,3733,3779,3735,-1,3778,3780,3793,-1,3793,3794,3778,-1,3767,3780,3778,-1,3777,3767,3778,-1,3767,3735,3780,-1,3753,3780,3750,-1,3754,3778,3794,-1,3752,3794,3793,-1,3753,3752,3793,-1,3754,3794,3752,-1,3780,3753,3793,-1,3780,3748,3750,-1,3748,3780,3779,-1,3749,3748,3779,-1,3739,3746,3790,-1,3747,3791,3792,-1,3783,3742,3741,-1,3781,3782,3740,-1,3787,3737,3743,-1,3743,3784,3787,-1,3738,3737,3786,-1,3787,3786,3737,-1,3785,3738,3786,-1,3784,3742,3783,-1,3742,3784,3743,-1,3782,3741,3740,-1,3782,3783,3741,-1,3781,3739,3790,-1,3781,3740,3739,-1,3746,3747,3792,-1,3790,3746,3792,-1,3749,3779,3791,-1,3747,3749,3791,-1,3795,3796,3797,-1,3797,3798,3795,-1,3798,3799,3795,-1,3800,3795,3801,-1,3796,3795,3800,-1,3801,3795,3788,-1,3802,3788,3795,-1,3803,3802,3804,-1,3805,3804,3802,-1,3806,3805,3802,-1,3807,3802,3808,-1,3803,3808,3802,-1,3744,3788,3802,-1,3802,3807,3744,-1,3744,3785,3788,-1,3744,3738,3785,-1,3808,3809,3810,-1,3745,3744,3807,-1,3811,3805,3812,-1,3804,3813,3803,-1,3814,3806,3802,-1,3806,3814,3812,-1,3805,3806,3812,-1,3814,3802,3815,-1,3805,3811,3804,-1,3809,3803,3813,-1,3813,3804,3811,-1,3810,3807,3808,-1,3809,3808,3803,-1,3807,3810,3745,-1,3816,3817,3818,-1,3817,3816,3819,-1,3819,3816,3820,-1,3821,3822,3816,-1,3818,3821,3816,-1,3822,3789,3816,-1,3815,3816,3789,-1,3813,3811,3815,-1,3812,3815,3811,-1,3814,3815,3812,-1,3810,3809,3815,-1,3813,3815,3809,-1,3745,3815,3789,-1,3815,3745,3810,-1,3745,3789,3723,-1,3745,3723,3720,-1,3798,3819,3820,-1,3816,3795,3799,-1,3818,3800,3821,-1,3796,3817,3797,-1,3822,3801,3788,-1,3801,3822,3821,-1,3800,3801,3821,-1,3822,3788,3789,-1,3800,3818,3796,-1,3819,3797,3817,-1,3817,3796,3818,-1,3820,3799,3798,-1,3819,3798,3797,-1,3799,3820,3816,-1,3795,3816,3815,-1,3795,3815,3802,-1,3642,3611,3613,-1,3611,3642,3652,-1,3702,3693,3675,-1,3702,3675,3682,-1,
        ]
    }
}