#VRML V2.0 utf8
# 3D model generated by easyeda2kicad.py (https://github.com/uPesy/easyeda2kicad.py)

Shape{
    appearance Appearance {
        material  Material 	{
            diffuseColor 0.8509803921568627 0.8509803921568627 0.8509803921568627
            specularColor 0.6823529411764706 0.6823529411764706 0.6823529411764706
            ambientIntensity 0.851
            transparency 0.0
            shininess 0.5
        }
    }
    geometry IndexedFaceSet {
        ccw TRUE
        solid FALSE
        coord DEF co Coordinate {
            point [
                -2.1275 1.2008 2.9562, -2.1653 1.2008 2.9574, -2.1653 0.0197 2.9574, -2.2032 0.0197 2.9562, -2.2032 1.2008 2.9562, -2.2782 1.2008 2.9465, -2.2782 0.0197 2.9465, -2.3514 1.2008 2.9273, -2.3514 0.0197 2.9273, -2.4216 1.2008 2.8989, -2.4216 0.0197 2.8989, -2.4875 1.2008 2.8618, -2.4875 0.0197 2.8618, -2.5482 1.2008 2.8165, -2.5482 0.0197 2.8165, -2.6025 1.2008 2.7639, -2.6025 0.0197 2.7639, -2.6497 1.2008 2.7047, -2.6497 0.0197 2.7047, -2.6889 1.2008 2.64, -2.6889 0.0197 2.64, -2.7196 1.2008 2.5708, -2.7196 0.0197 2.5708, -2.7411 1.2008 2.4983, -2.7411 0.0197 2.4983, -2.7532 1.2008 2.4236, -2.7532 0.0197 2.4236, -2.7556 1.2008 2.3479, -2.7556 0.0197 2.3479, -2.7483 1.2008 2.2726, -2.7483 0.0197 2.2726, -2.7315 1.2008 2.1988, -2.7315 0.0197 2.1988, -2.7054 1.2008 2.1278, -2.7054 0.0197 2.1278, -2.6704 1.2008 2.0607, -2.6704 0.0197 2.0607, -2.6271 1.2008 1.9987, -2.6271 0.0197 1.9987, -2.5762 1.2008 1.9426, -2.5762 0.0197 1.9426, -2.5186 1.2008 1.8936, -2.5186 0.0197 1.8936, -2.4551 1.2008 1.8523, -2.4551 0.0197 1.8523, -2.387 1.2008 1.8195, -2.387 0.0197 1.8195, -2.3151 1.2008 1.7956, -2.3151 0.0197 1.7956, -2.2409 1.2008 1.7812, -2.2409 0.0197 1.7812, -2.1653 1.2008 1.7763, -2.1653 0.0197 1.7763, -2.0898 1.2008 1.7812, -2.0898 0.0197 1.7812, -2.0156 1.2008 1.7956, -2.0156 0.0197 1.7956, -1.9437 1.2008 1.8195, -1.9437 0.0197 1.8195, -1.8756 1.2008 1.8523, -1.8756 0.0197 1.8523, -1.8121 1.2008 1.8936, -1.8121 0.0197 1.8936, -1.7545 1.2008 1.9426, -1.7545 0.0197 1.9426, -1.7036 1.2008 1.9987, -1.7036 0.0197 1.9987, -1.6603 1.2008 2.0607, -1.6603 0.0197 2.0607, -1.6253 1.2008 2.1278, -1.6253 0.0197 2.1278, -1.5992 1.2008 2.1988, -1.5992 0.0197 2.1988, -1.5824 1.2008 2.2726, -1.5824 0.0197 2.2726, -1.5751 1.2008 2.3479, -1.5751 0.0197 2.3479, -1.5775 1.2008 2.4236, -1.5775 0.0197 2.4236, -1.5896 1.2008 2.4983, -1.5896 0.0197 2.4983, -1.6111 1.2008 2.5708, -1.6111 0.0197 2.5708, -1.6418 1.2008 2.64, -1.6418 0.0197 2.64, -1.681 1.2008 2.7047, -1.681 0.0197 2.7047, -1.7282 1.2008 2.7639, -1.7282 0.0197 2.7639, -1.7825 1.2008 2.8165, -1.7825 0.0197 2.8165, -1.8432 1.2008 2.8618, -1.8432 0.0197 2.8618, -1.9091 1.2008 2.8989, -1.9091 0.0197 2.8989, -1.9793 1.2008 2.9273, -1.9793 0.0197 2.9273, -2.0525 1.2008 2.9465, -2.0525 0.0197 2.9465, -2.1275 0.0197 2.9562, -2.1653 1.2008 2.3669, -2.1653 0.0197 2.3669, 7.6772 0.0197 1.7763, 7.7527 1.2008 1.7812, 7.7527 0.0197 1.7812, 7.827 1.2008 1.7956, 7.827 0.0197 1.7956, 7.8988 1.2008 1.8195, 7.8988 0.0197 1.8195, 7.967 1.2008 1.8523, 7.967 0.0197 1.8523, 8.0304 1.2008 1.8936, 8.0304 0.0197 1.8936, 8.088 1.2008 1.9426, 8.088 0.0197 1.9426, 8.1389 1.2008 1.9987, 8.1389 0.0197 1.9987, 8.1822 1.2008 2.0607, 8.1822 0.0197 2.0607, 8.2172 1.2008 2.1278, 8.2172 0.0197 2.1278, 8.2433 1.2008 2.1988, 8.2433 0.0197 2.1988, 8.2602 1.2008 2.2726, 8.2602 0.0197 2.2726, 8.2674 1.2008 2.3479, 8.2674 0.0197 2.3479, 8.265 1.2008 2.4236, 8.265 0.0197 2.4236, 8.2529 1.2008 2.4983, 8.2529 0.0197 2.4983, 8.2314 1.2008 2.5708, 8.2314 0.0197 2.5708, 8.2008 1.2008 2.64, 8.2008 0.0197 2.64, 8.1615 1.2008 2.7047, 8.1615 0.0197 2.7047, 8.1143 1.2008 2.7639, 8.1143 0.0197 2.7639, 8.06 1.2008 2.8165, 8.06 0.0197 2.8165, 7.9993 1.2008 2.8618, 7.9993 0.0197 2.8618, 7.9334 1.2008 2.8989, 7.9334 0.0197 2.8989, 7.8633 1.2008 2.9273, 7.8633 0.0197 2.9273, 7.7901 1.2008 2.9465, 7.7901 0.0197 2.9465, 7.715 1.2008 2.9562, 7.715 0.0197 2.9562, 7.6393 1.2008 2.9562, 7.6393 0.0197 2.9562, 7.5643 1.2008 2.9465, 7.5643 0.0197 2.9465, 7.4911 1.2008 2.9273, 7.4911 0.0197 2.9273, 7.4209 1.2008 2.8989, 7.4209 0.0197 2.8989, 7.355 1.2008 2.8618, 7.355 0.0197 2.8618, 7.2944 1.2008 2.8165, 7.2944 0.0197 2.8165, 7.24 1.2008 2.7639, 7.24 0.0197 2.7639, 7.1928 1.2008 2.7047, 7.1928 0.0197 2.7047, 7.1536 1.2008 2.64, 7.1536 0.0197 2.64, 7.123 1.2008 2.5708, 7.123 0.0197 2.5708, 7.1014 1.2008 2.4983, 7.1014 0.0197 2.4983, 7.0893 1.2008 2.4236, 7.0893 0.0197 2.4236, 7.0869 1.2008 2.3479, 7.0869 0.0197 2.3479, 7.0942 1.2008 2.2726, 7.0942 0.0197 2.2726, 7.111 1.2008 2.1988, 7.111 0.0197 2.1988, 7.1372 1.2008 2.1278, 7.1372 0.0197 2.1278, 7.1722 1.2008 2.0607, 7.1722 0.0197 2.0607, 7.2155 1.2008 1.9987, 7.2155 0.0197 1.9987, 7.2663 1.2008 1.9426, 7.2663 0.0197 1.9426, 7.324 1.2008 1.8936, 7.324 0.0197 1.8936, 7.3874 1.2008 1.8523, 7.3874 0.0197 1.8523, 7.4556 1.2008 1.8195, 7.4556 0.0197 1.8195, 7.5274 1.2008 1.7956, 7.5274 0.0197 1.7956, 7.6017 1.2008 1.7812, 7.6017 0.0197 1.7812, 7.6772 1.2008 1.7763, 7.6772 1.2008 2.3669, 7.6772 0.0197 2.3669
            ]
        }
        coordIndex [
            0,1,2,-1,2,1,3,-1,1,4,3,-1,3,4,5,-1,3,5,6,-1,6,5,7,-1,6,7,8,-1,8,7,9,-1,8,9,10,-1,10,9,11,-1,10,11,12,-1,12,11,13,-1,12,13,14,-1,14,13,15,-1,14,15,16,-1,16,15,17,-1,16,17,18,-1,18,17,19,-1,18,19,20,-1,20,19,21,-1,20,21,22,-1,22,21,23,-1,22,23,24,-1,24,23,25,-1,24,25,26,-1,26,25,27,-1,26,27,28,-1,28,27,29,-1,28,29,30,-1,30,29,31,-1,30,31,32,-1,32,31,33,-1,32,33,34,-1,34,33,35,-1,34,35,36,-1,36,35,37,-1,36,37,38,-1,38,37,39,-1,38,39,40,-1,40,39,41,-1,40,41,42,-1,42,41,43,-1,42,43,44,-1,44,43,45,-1,44,45,46,-1,46,45,47,-1,46,47,48,-1,48,47,49,-1,48,49,50,-1,50,49,51,-1,50,51,52,-1,52,51,53,-1,52,53,54,-1,54,53,55,-1,54,55,56,-1,56,55,57,-1,56,57,58,-1,58,57,59,-1,58,59,60,-1,60,59,61,-1,60,61,62,-1,62,61,63,-1,62,63,64,-1,64,63,65,-1,64,65,66,-1,66,65,67,-1,66,67,68,-1,68,67,69,-1,68,69,70,-1,70,69,71,-1,70,71,72,-1,72,71,73,-1,72,73,74,-1,74,73,75,-1,74,75,76,-1,76,75,77,-1,76,77,78,-1,78,77,79,-1,78,79,80,-1,80,79,81,-1,80,81,82,-1,82,81,83,-1,82,83,84,-1,84,83,85,-1,84,85,86,-1,86,85,87,-1,86,87,88,-1,88,87,89,-1,88,89,90,-1,90,89,91,-1,90,91,92,-1,92,91,93,-1,92,93,94,-1,94,93,95,-1,94,95,96,-1,96,95,97,-1,96,97,98,-1,98,97,0,-1,98,0,99,-1,99,0,2,-1,1,0,100,-1,1,100,4,-1,9,7,100,-1,100,7,5,-1,100,5,4,-1,15,13,100,-1,100,13,11,-1,100,11,9,-1,21,19,100,-1,100,19,17,-1,100,17,15,-1,27,25,100,-1,100,25,23,-1,100,23,21,-1,33,31,100,-1,100,31,29,-1,100,29,27,-1,39,37,100,-1,100,37,35,-1,100,35,33,-1,45,43,100,-1,100,43,41,-1,100,41,39,-1,51,49,100,-1,100,49,47,-1,100,47,45,-1,57,55,100,-1,100,55,53,-1,100,53,51,-1,63,61,100,-1,100,61,59,-1,100,59,57,-1,69,67,100,-1,100,67,65,-1,100,65,63,-1,75,73,100,-1,100,73,71,-1,100,71,69,-1,81,79,100,-1,100,79,77,-1,100,77,75,-1,87,85,100,-1,100,85,83,-1,100,83,81,-1,93,91,100,-1,100,91,89,-1,100,89,87,-1,0,97,100,-1,100,97,95,-1,100,95,93,-1,2,3,101,-1,2,101,99,-1,94,96,101,-1,101,96,98,-1,101,98,99,-1,88,90,101,-1,101,90,92,-1,101,92,94,-1,82,84,101,-1,101,84,86,-1,101,86,88,-1,76,78,101,-1,101,78,80,-1,101,80,82,-1,70,72,101,-1,101,72,74,-1,101,74,76,-1,64,66,101,-1,101,66,68,-1,101,68,70,-1,58,60,101,-1,101,60,62,-1,101,62,64,-1,52,54,101,-1,101,54,56,-1,101,56,58,-1,46,48,101,-1,101,48,50,-1,101,50,52,-1,40,42,101,-1,101,42,44,-1,101,44,46,-1,34,36,101,-1,101,36,38,-1,101,38,40,-1,28,30,101,-1,101,30,32,-1,101,32,34,-1,22,24,101,-1,101,24,26,-1,101,26,28,-1,16,18,101,-1,101,18,20,-1,101,20,22,-1,10,12,101,-1,101,12,14,-1,101,14,16,-1,3,6,101,-1,101,6,8,-1,101,8,10,-1,102,103,104,-1,104,103,105,-1,104,105,106,-1,106,105,107,-1,106,107,108,-1,108,107,109,-1,108,109,110,-1,110,109,111,-1,110,111,112,-1,112,111,113,-1,112,113,114,-1,114,113,115,-1,114,115,116,-1,116,115,117,-1,116,117,118,-1,118,117,119,-1,118,119,120,-1,120,119,121,-1,120,121,122,-1,122,121,123,-1,122,123,124,-1,124,123,125,-1,124,125,126,-1,126,125,127,-1,126,127,128,-1,128,127,129,-1,128,129,130,-1,130,129,131,-1,130,131,132,-1,132,131,133,-1,132,133,134,-1,134,133,135,-1,134,135,136,-1,136,135,137,-1,136,137,138,-1,138,137,139,-1,138,139,140,-1,140,139,141,-1,140,141,142,-1,142,141,143,-1,142,143,144,-1,144,143,145,-1,144,145,146,-1,146,145,147,-1,146,147,148,-1,148,147,149,-1,148,149,150,-1,150,149,151,-1,150,151,152,-1,152,151,153,-1,152,153,154,-1,154,153,155,-1,154,155,156,-1,156,155,157,-1,156,157,158,-1,158,157,159,-1,158,159,160,-1,160,159,161,-1,160,161,162,-1,162,161,163,-1,162,163,164,-1,164,163,165,-1,164,165,166,-1,166,165,167,-1,166,167,168,-1,168,167,169,-1,168,169,170,-1,170,169,171,-1,170,171,172,-1,172,171,173,-1,172,173,174,-1,174,173,175,-1,174,175,176,-1,176,175,177,-1,176,177,178,-1,178,177,179,-1,178,179,180,-1,180,179,181,-1,180,181,182,-1,182,181,183,-1,182,183,184,-1,184,183,185,-1,184,185,186,-1,186,185,187,-1,186,187,188,-1,188,187,189,-1,188,189,190,-1,190,189,191,-1,190,191,192,-1,192,191,193,-1,192,193,194,-1,194,193,195,-1,194,195,196,-1,196,195,197,-1,196,197,198,-1,198,197,199,-1,198,199,102,-1,102,199,103,-1,199,197,200,-1,107,105,200,-1,200,105,103,-1,200,103,199,-1,113,111,200,-1,200,111,109,-1,200,109,107,-1,119,117,200,-1,200,117,115,-1,200,115,113,-1,125,123,200,-1,200,123,121,-1,200,121,119,-1,131,129,200,-1,200,129,127,-1,200,127,125,-1,137,135,200,-1,200,135,133,-1,200,133,131,-1,143,141,200,-1,200,141,139,-1,200,139,137,-1,149,147,200,-1,200,147,145,-1,200,145,143,-1,155,153,200,-1,200,153,151,-1,200,151,149,-1,161,159,200,-1,200,159,157,-1,200,157,155,-1,167,165,200,-1,200,165,163,-1,200,163,161,-1,173,171,200,-1,200,171,169,-1,200,169,167,-1,179,177,200,-1,200,177,175,-1,200,175,173,-1,185,183,200,-1,200,183,181,-1,200,181,179,-1,191,189,200,-1,200,189,187,-1,200,187,185,-1,197,195,200,-1,200,195,193,-1,200,193,191,-1,102,104,201,-1,194,196,201,-1,201,196,198,-1,201,198,102,-1,188,190,201,-1,201,190,192,-1,201,192,194,-1,182,184,201,-1,201,184,186,-1,201,186,188,-1,176,178,201,-1,201,178,180,-1,201,180,182,-1,170,172,201,-1,201,172,174,-1,201,174,176,-1,164,166,201,-1,201,166,168,-1,201,168,170,-1,158,160,201,-1,201,160,162,-1,201,162,164,-1,152,154,201,-1,201,154,156,-1,201,156,158,-1,146,148,201,-1,201,148,150,-1,201,150,152,-1,140,142,201,-1,201,142,144,-1,201,144,146,-1,134,136,201,-1,201,136,138,-1,201,138,140,-1,128,130,201,-1,201,130,132,-1,201,132,134,-1,122,124,201,-1,201,124,126,-1,201,126,128,-1,116,118,201,-1,201,118,120,-1,201,120,122,-1,110,112,201,-1,201,112,114,-1,201,114,116,-1,104,106,201,-1,201,106,108,-1,201,108,110,-1,
        ]
    }
}
Shape{
    appearance Appearance {
        material  Material 	{
            diffuseColor 0.2980392156862745 0.2980392156862745 0.2980392156862745
            specularColor 0.09019607843137255 0.09019607843137255 0.09019607843137255
            ambientIntensity 0.298
            transparency 0.0
            shininess 0.5
        }
    }
    geometry IndexedFaceSet {
        ccw TRUE
        solid FALSE
        coord DEF co Coordinate {
            point [
                2.6335 -0.2953 0.359, -0.6693 -0.2953 0.359, -0.6693 0.6045 0.359, 0.7126 2.9331 0.359, 0.7126 3.6417 0.359, 0.9823 3.6417 0.359, -0.6693 3.6417 0.359, 0.437 3.6417 0.359, 2.0728 1.8307 0.359, 2.3484 1.8307 0.359, 2.5759 1.1987 0.359, 1.8032 2.9331 0.359, 1.2579 1.8307 0.359, 1.5276 2.9331 0.359, 1.2579 3.6417 0.359, 1.5276 3.6417 0.359, 2.3484 3.6417 0.359, 2.6181 3.6417 0.359, 2.6181 2.9331 0.359, 1.8341 1.1987 0.359, 2.2548 1.1653 0.359, 2.1905 1.1222 0.359, 0.9823 1.8307 0.359, 0.437 2.9331 0.359, 1.8032 3.6417 0.359, 2.0728 3.6417 0.359, 2.4092 1.1987 0.359, 2.3239 1.1895 0.359, 2.1899 1.1217 0.359, 2.1481 1.0754 0.359, 2.1207 1.0246 0.359, 2.1048 0.9664 0.359, 2.1005 0.9108 0.359, 2.0573 0.6081 0.359, 2.4153 0.6081 0.359, 2.5759 0.6081 0.359, 2.6335 0.6045 0.359, 2.6335 2.9331 0.359, 1.5244 0.6081 0.359, 1.6108 0.6081 0.359, 2.1088 0.8318 0.359, 2.13 0.77 0.359, 2.1639 0.7172 0.359, 2.2125 0.6706 0.359, 2.2742 0.6348 0.359, 2.3422 0.6145 0.359, 1.9709 0.6081 0.359, 1.9145 0.7738 0.359, 1.6706 0.7738 0.359, 2.8937 2.9331 0.359, 2.8937 3.6417 0.359, 3.1634 3.6417 0.359, 2.6911 0.6729 0.359, 2.6911 0.6081 0.359, 3.008 0.6081 0.359, 3.1232 0.6387 0.359, 3.1232 0.7035 0.359, 3.008 1.1987 0.359, 3.1862 0.6129 0.359, 3.2458 0.6045 0.359, 2.9288 1.1339 0.359, 2.9288 0.9394 0.359, 2.7055 1.1339 0.359, 2.7199 0.9394 0.359, 2.7055 1.1987 0.359, 3.1634 1.8307 0.359, 3.439 3.6417 0.359, 3.7087 3.6417 0.359, 3.7087 2.9331 0.359, 2.9288 0.8746 0.359, 2.9288 0.6729 0.359, 2.7199 0.8746 0.359, 3.9843 3.6417 0.359, 4.2539 3.6417 0.359, 3.9843 2.9331 0.359, 4.2539 1.8307 0.359, 3.5313 1.0431 0.359, 3.4967 1.0983 0.359, 3.8362 1.1987 0.359, 3.3197 1.1345 0.359, 3.3639 1.1186 0.359, 3.1338 0.6977 0.359, 3.4047 1.0912 0.359, 3.4404 1.0519 0.359, 3.4833 0.8971 0.359, 3.4773 0.8332 0.359, 3.4613 0.7824 0.359, 3.3299 0.6719 0.359, 3.2748 0.6657 0.359, 3.3729 0.6878 0.359, 3.4091 0.7122 0.359, 3.4368 0.7414 0.359, 3.1964 0.6744 0.359, 3.4632 0.6585 0.359, 3.5076 0.7052 0.359, 3.6129 0.6081 0.359, 3.3204 0.6045 0.359, 3.9154 0.6081 0.359, 4.5295 3.6417 0.359, 4.7992 3.6417 0.359, 4.7992 2.9331 0.359, 3.4647 1.0063 0.359, 3.4805 0.943 0.359, 3.4434 1.1496 0.359, 3.9154 1.1987 0.359, 3.439 1.8307 0.359, 5.0748 3.6417 0.359, 6.1811 3.6417 0.359, 5.0748 2.9331 0.359, 6.1811 0.6045 0.359, 4.5295 1.8307 0.359, 3.6129 0.6729 0.359, 3.539 0.7613 0.359, 3.8362 0.6729 0.359, 3.3585 0.6085 0.359, 3.4157 0.6282 0.359, 3.5568 0.8239 0.359, 3.5625 0.8923 0.359, 3.554 0.9762 0.359, 3.3873 1.1819 0.359, 3.3215 1.201 0.359, 3.2622 1.2059 0.359, 3.1915 1.201 0.359, 3.1232 1.1825 0.359, 3.1232 1.1032 0.359, 3.1897 1.1317 0.359, 3.2615 1.1411 0.359, 3.2695 0.6012 0.359, 3.2857 0.6009 0.359, 6.1811 -0.2953 0.359, 1.7549 1.1987 0.359
            ]
        }
        coordIndex [
            0,1,2,-1,3,4,5,-1,2,6,7,-1,8,9,10,-1,11,12,13,-1,13,12,14,-1,13,14,15,-1,16,17,18,-1,19,20,21,-1,5,22,3,-1,3,22,2,-1,3,2,23,-1,23,2,7,-1,24,25,11,-1,11,25,8,-1,11,8,12,-1,12,8,10,-1,12,10,22,-1,22,10,26,-1,22,26,19,-1,19,26,27,-1,19,27,20,-1,21,28,19,-1,19,28,29,-1,19,29,30,-1,16,18,9,-1,30,31,19,-1,19,31,32,-1,19,32,33,-1,34,35,36,-1,36,35,10,-1,9,18,10,-1,10,18,37,-1,10,37,36,-1,38,39,36,-1,32,40,33,-1,33,40,41,-1,33,41,42,-1,42,43,33,-1,33,43,44,-1,33,44,45,-1,45,34,33,-1,33,34,36,-1,33,36,46,-1,46,36,39,-1,46,39,47,-1,47,39,48,-1,49,50,51,-1,37,52,36,-1,36,52,53,-1,36,53,54,-1,55,54,56,-1,56,54,57,-1,55,58,54,-1,54,58,59,-1,54,59,36,-1,60,61,62,-1,62,61,63,-1,57,64,65,-1,66,67,68,-1,69,70,71,-1,71,70,52,-1,72,73,74,-1,74,73,75,-1,51,65,49,-1,49,65,64,-1,49,64,37,-1,37,64,62,-1,37,62,52,-1,52,62,63,-1,52,63,71,-1,76,77,78,-1,79,80,81,-1,81,80,82,-1,81,82,83,-1,84,85,81,-1,81,85,86,-1,87,88,89,-1,89,88,90,-1,86,91,81,-1,81,91,90,-1,81,90,92,-1,92,90,88,-1,93,94,95,-1,96,95,97,-1,98,99,100,-1,83,101,81,-1,81,101,102,-1,81,102,84,-1,77,103,78,-1,78,103,65,-1,78,65,104,-1,104,65,105,-1,106,107,108,-1,108,107,109,-1,108,109,100,-1,100,109,110,-1,100,110,98,-1,95,94,111,-1,111,94,112,-1,111,112,113,-1,96,114,95,-1,95,114,115,-1,95,115,93,-1,75,97,74,-1,74,97,104,-1,74,104,68,-1,68,104,105,-1,68,105,66,-1,112,116,113,-1,113,116,117,-1,113,117,78,-1,78,117,118,-1,78,118,76,-1,103,119,65,-1,65,119,120,-1,65,120,121,-1,121,122,65,-1,65,122,123,-1,65,123,57,-1,57,123,124,-1,57,124,56,-1,56,124,125,-1,56,125,81,-1,81,125,126,-1,81,126,79,-1,127,128,0,-1,0,128,96,-1,75,110,97,-1,97,110,109,-1,97,109,96,-1,96,109,129,-1,96,129,0,-1,19,130,22,-1,22,130,38,-1,22,38,2,-1,2,38,36,-1,2,36,0,-1,0,36,59,-1,0,59,127,-1,
        ]
    }
}
Shape{
    appearance Appearance {
        material  Material 	{
            diffuseColor 0.8509803921568627 0.8509803921568627 0.8509803921568627
            specularColor 0.6823529411764706 0.6823529411764706 0.6823529411764706
            ambientIntensity 0.851
            transparency 0.0
            shininess 0.5
        }
    }
    geometry IndexedFaceSet {
        ccw TRUE
        solid FALSE
        coord DEF co Coordinate {
            point [
                6.6172 -1.2205 2.4062, 6.6172 -2.9543 2.4062, 6.7395 -3.0173 2.6181, 7.1131 -1.2205 3.2651, 6.8019 -3.0345 2.7261, 6.8652 -3.0405 2.8357, 6.9284 -3.0345 2.9453, 6.9908 -3.0173 3.0533, 7.1131 -2.9543 3.2651, 7.1131 -1.2205 1.4686, 7.1131 -2.9543 1.4686, 6.9908 -3.0173 1.6805, 6.6172 -1.2205 2.3275, 6.9284 -3.0345 1.7884, 6.8652 -3.0405 1.8981, 6.8019 -3.0345 2.0077, 6.7395 -3.0173 2.1156, 6.6172 -2.9543 2.3275, 8.173 -2.9543 1.4292, 7.9284 -3.0173 1.4292, 8.173 -1.2205 1.4292, 7.8032 -3.0346 1.4292, 7.6772 -3.0405 1.4292, 7.1813 -2.9543 1.4292, 7.1813 -1.2205 1.4292, 7.4259 -3.0173 1.4292, 7.551 -3.0346 1.4292, 8.7371 -1.2205 2.3275, 8.7371 -2.9543 2.3275, 8.6148 -3.0173 2.1156, 8.2412 -1.2205 1.4686, 8.5525 -3.0345 2.0077, 8.4892 -3.0405 1.8981, 8.4259 -3.0345 1.7884, 8.3636 -3.0173 1.6805, 8.2412 -2.9543 1.4686, 8.2412 -1.2205 3.2651, 8.2412 -2.9543 3.2651, 8.3636 -3.0173 3.0533, 8.7371 -1.2205 2.4062, 8.4259 -3.0345 2.9453, 8.4892 -3.0405 2.8357, 8.5525 -3.0345 2.7261, 8.6148 -3.0173 2.6181, 8.7371 -2.9543 2.4062, 7.1813 -1.2205 3.3045, 7.1813 -2.9543 3.3045, 7.4259 -3.0173 3.3045, 8.173 -1.2205 3.3045, 7.551 -3.0346 3.3045, 7.6772 -3.0405 3.3045, 7.8032 -3.0346 3.3045, 7.9284 -3.0173 3.3045, 8.173 -2.9543 3.3045, 7.4803 1.0039 1.1267, 7.4803 1.0039 1.2448, 7.874 1.0039 1.1267, 7.874 1.0039 1.2448, 8.7795 1.0039 1.2448, 8.7795 1.0039 1.1267, 8.3465 1.0039 1.2448, 8.3465 1.0039 1.1267, 6.2402 1.0039 1.1267, 6.2402 1.0039 1.2448, 7.0079 1.0039 1.1267, 7.0079 1.0039 1.2448, -3.2677 1.0039 1.1267, -3.2677 1.0039 1.2448, -2.8346 1.0039 1.1267, -2.8346 1.0039 1.2448, -1.9685 1.0039 1.2448, -1.9685 1.0039 1.1267, -2.3622 1.0039 1.2448, -2.3622 1.0039 1.1267, -0.7283 1.0039 1.2448, -0.7283 1.0039 1.1267, -1.4961 1.0039 1.2448, -1.4961 1.0039 1.1267, 6.2402 0.0197 1.4023, 6.2402 0.0197 3.4692, 8.7795 0.0197 1.4023, 8.7795 0.0197 3.4692, -3.2677 0.0197 1.4023, -3.2677 0.0197 3.4692, -0.7283 0.0197 1.4023, -0.7283 0.0197 3.4692
            ]
        }
        coordIndex [
            0,1,2,-1,0,2,3,-1,3,2,4,-1,3,4,5,-1,5,6,3,-1,3,6,7,-1,3,7,8,-1,9,10,11,-1,9,11,12,-1,12,11,13,-1,12,13,14,-1,14,15,12,-1,12,15,16,-1,12,16,17,-1,18,19,20,-1,20,19,21,-1,20,21,22,-1,23,24,25,-1,25,24,20,-1,25,20,26,-1,26,20,22,-1,27,28,29,-1,27,29,30,-1,30,29,31,-1,30,31,32,-1,32,33,30,-1,30,33,34,-1,30,34,35,-1,36,37,38,-1,36,38,39,-1,39,38,40,-1,39,40,41,-1,41,42,39,-1,39,42,43,-1,39,43,44,-1,45,46,47,-1,45,47,48,-1,48,47,49,-1,48,49,50,-1,50,51,48,-1,48,51,52,-1,48,52,53,-1,54,55,56,-1,56,55,57,-1,58,59,60,-1,60,59,61,-1,62,63,64,-1,64,63,65,-1,66,67,68,-1,68,67,69,-1,70,71,72,-1,72,71,73,-1,74,75,76,-1,76,75,77,-1,78,79,80,-1,80,79,81,-1,82,83,84,-1,84,83,85,-1,
        ]
    }
}
Shape{
    appearance Appearance {
        material  Material 	{
            diffuseColor 0.2980392156862745 0.2980392156862745 0.2980392156862745
            specularColor 0.09019607843137255 0.09019607843137255 0.09019607843137255
            ambientIntensity 0.298
            transparency 0.0
            shininess 0.5
        }
    }
    geometry IndexedFaceSet {
        ccw TRUE
        solid FALSE
        coord DEF co Coordinate {
            point [
                6.2402 -0.0984 3.4692, 6.2008 -0.0984 3.5086, 8.7795 -0.0984 3.4692, 8.8189 -0.0984 3.5086, 8.7795 -0.0984 1.1267, 8.8189 -0.0984 1.0873, 6.2402 -0.0984 1.1267, 6.2008 -0.0984 1.0873, -0.7283 -0.0984 3.4692, -0.689 -0.0984 3.5086, -0.7283 -0.0984 1.1267, -0.689 -0.0984 1.0873, -3.2677 -0.0984 1.1267, -3.3071 -0.0984 1.0873, -3.2677 -0.0984 3.4692, -3.3071 -0.0984 3.5086, 5.6102 0.4134 3.607, 5.6102 0.4134 3.9614, -0.0984 0.4134 3.607, -0.0984 0.4134 3.9614, 5.6102 0.4134 0.733, 5.6102 0.4134 1.3236, -0.0984 0.4134 0.733, -0.0984 0.4134 1.3236, -0.6102 0.4134 3.2527, -0.6102 0.4134 1.481, -0.0984 0.4134 3.2527, -0.0984 0.4134 1.481, 5.6102 0.4134 3.2527, 5.6102 0.4134 1.481, 6.1221 0.4134 3.2527, 6.1221 0.4134 1.481, 5.6102 -1.0827 0.733, 5.2323 -1.0827 0.733, 0.2796 -1.0827 0.733, -0.0984 -1.0827 0.733, -0.6102 -1.0827 3.2527, -0.6102 -1.0827 1.481, 5.6102 -1.0827 3.607, 5.6102 -1.0827 3.9614, 4.6644 -1.0827 3.9614, 4.1191 -1.0827 3.9614, 3.5738 -1.0827 3.9614, 3.0285 -1.0827 3.9614, 2.4833 -1.0827 3.9614, 1.3927 -1.0827 3.9614, 0.8474 -1.0827 3.9614, 0.1398 -1.0827 3.9614, -0.0984 -1.0827 3.9614, -0.0984 -1.0827 3.607, 0.1398 -1.0827 3.607, 0.8474 -1.0827 3.607, 1.3927 -1.0827 3.607, 2.4833 -1.0827 3.607, 3.0285 -1.0827 3.607, 3.5738 -1.0827 3.607, 4.1191 -1.0827 3.607, 4.6644 -1.0827 3.607, -0.5968 -1.0827 3.2527, -0.0984 -1.0827 3.2527, 5.6102 -1.0827 1.481, 5.6102 -1.0827 2.3984, 5.6102 -1.0827 3.2527, 5.6102 -1.0827 1.3236, 5.6102 -1.0827 1.1276, 4.6644 -1.0827 1.3236, 4.1191 -1.0827 1.3236, 3.5738 -1.0827 1.3236, 3.0285 -1.0827 1.3236, 2.4833 -1.0827 1.3236, 1.3927 -1.0827 1.3236, 0.8474 -1.0827 1.3236, 0.1398 -1.0827 1.3236, -0.0984 -1.0827 1.3236, -0.0984 -1.0827 1.1276, -0.0984 -1.0827 1.481, -0.1877 -1.0827 1.481, -0.0984 -1.0827 2.3984, 6.1221 -1.0827 1.481, 5.6995 -1.0827 1.481, 6.1221 -1.0827 3.2527, 6.1086 -1.0827 3.2527
            ]
        }
        coordIndex [
            0,1,2,-1,2,1,3,-1,2,3,4,-1,4,3,5,-1,4,5,6,-1,6,5,7,-1,6,7,0,-1,0,7,1,-1,8,9,10,-1,10,9,11,-1,10,11,12,-1,12,11,13,-1,12,13,14,-1,14,13,15,-1,14,15,8,-1,8,15,9,-1,16,17,18,-1,18,17,19,-1,20,21,22,-1,22,21,23,-1,24,25,26,-1,26,25,27,-1,28,29,30,-1,30,29,31,-1,32,20,33,-1,33,20,22,-1,33,22,34,-1,34,22,35,-1,36,37,24,-1,24,37,25,-1,38,39,16,-1,16,39,17,-1,39,40,17,-1,17,40,41,-1,41,42,17,-1,17,42,43,-1,17,43,19,-1,19,43,44,-1,19,44,45,-1,45,46,19,-1,19,46,47,-1,19,47,48,-1,48,49,19,-1,19,49,18,-1,49,50,18,-1,18,50,51,-1,51,52,18,-1,18,52,53,-1,18,53,16,-1,16,53,54,-1,16,54,55,-1,55,56,16,-1,16,56,57,-1,16,57,38,-1,36,24,58,-1,58,24,26,-1,58,26,59,-1,60,29,61,-1,61,29,28,-1,61,28,62,-1,63,21,64,-1,64,21,20,-1,64,20,32,-1,63,65,21,-1,21,65,66,-1,66,67,21,-1,21,67,68,-1,21,68,23,-1,23,68,69,-1,23,69,70,-1,70,71,23,-1,23,71,72,-1,23,72,73,-1,35,22,74,-1,74,22,23,-1,74,23,73,-1,75,27,76,-1,76,27,25,-1,76,25,37,-1,59,26,77,-1,77,26,27,-1,77,27,75,-1,78,31,79,-1,79,31,29,-1,79,29,60,-1,78,80,31,-1,31,80,30,-1,62,28,81,-1,81,28,30,-1,81,30,80,-1,
        ]
    }
}
Shape{
    appearance Appearance {
        material  Material 	{
            diffuseColor 0.8509803921568627 0.8509803921568627 0.8509803921568627
            specularColor 0.6823529411764706 0.6823529411764706 0.6823529411764706
            ambientIntensity 0.851
            transparency 0.0
            shininess 0.5
        }
    }
    geometry IndexedFaceSet {
        ccw TRUE
        solid FALSE
        coord DEF co Coordinate {
            point [
                5.3898 -1.0827 0.8277, 5.6102 -1.0827 0.733, 5.2557 -1.0827 0.7437, 5.2323 -1.0827 0.733, 5.5019 -1.0827 0.9393, 5.5865 -1.0827 1.073, 5.6102 -1.0827 1.1276, 0.2796 -1.0827 0.733, -0.0984 -1.0827 0.733, 0.2562 -1.0827 0.7437, 0.1221 -1.0827 0.8277, -0.0984 -1.0827 1.1276, -0.0747 -1.0827 1.073, 0.0099 -1.0827 0.9393
            ]
        }
        coordIndex [
            0,1,2,-1,2,1,3,-1,0,4,1,-1,1,4,5,-1,1,5,6,-1,7,8,9,-1,9,8,10,-1,11,12,8,-1,8,12,13,-1,8,13,10,-1,
        ]
    }
}
Shape{
    appearance Appearance {
        material  Material 	{
            diffuseColor 0.2980392156862745 0.2980392156862745 0.2980392156862745
            specularColor 0.09019607843137255 0.09019607843137255 0.09019607843137255
            ambientIntensity 0.298
            transparency 0.0
            shininess 0.5
        }
    }
    geometry IndexedFaceSet {
        ccw TRUE
        solid FALSE
        coord DEF co Coordinate {
            point [
                0.4056 -1.0827 0.6916, 0.5628 -1.0827 0.674, 0.2796 -1.0827 0.733, 4.949 -1.0827 0.674, 5.2323 -1.0827 0.733, 5.1063 -1.0827 0.6916
            ]
        }
        coordIndex [
            0,1,2,-1,2,1,3,-1,2,3,4,-1,4,3,5,-1,
        ]
    }
}
Shape{
    appearance Appearance {
        material  Material 	{
            diffuseColor 0.8509803921568627 0.8509803921568627 0.8509803921568627
            specularColor 0.6823529411764706 0.6823529411764706 0.6823529411764706
            ambientIntensity 0.851
            transparency 0.0
            shininess 0.5
        }
    }
    geometry IndexedFaceSet {
        ccw TRUE
        solid FALSE
        coord DEF co Coordinate {
            point [
                -0.1877 -1.0827 1.481, -0.6102 -1.0827 1.481, -0.5853 -1.0827 3.1906, -0.6102 -1.0827 3.2527, -0.5968 -1.0827 3.2527
            ]
        }
        coordIndex [
            0,1,2,-1,2,1,3,-1,2,3,4,-1,
        ]
    }
}
Shape{
    appearance Appearance {
        material  Material 	{
            diffuseColor 0.2980392156862745 0.2980392156862745 0.2980392156862745
            specularColor 0.09019607843137255 0.09019607843137255 0.09019607843137255
            ambientIntensity 0.298
            transparency 0.0
            shininess 0.5
        }
    }
    geometry IndexedFaceSet {
        ccw TRUE
        solid FALSE
        coord DEF co Coordinate {
            point [
                0.8474 -1.0827 2.3984, 1.3927 -1.0827 2.3984, 1.3927 -1.0827 3.3806, 3.3521 -1.0827 1.6492, 3.3012 -1.0827 1.6425, 3.5738 -1.0827 1.3236, 4.4427 -1.0827 1.6492, 4.3917 -1.0827 1.6425, 4.6644 -1.0827 1.3236, 5.6102 -1.0827 3.607, 6.0868 -1.0827 3.5508, 6.0137 -1.0827 3.7171, 5.9007 -1.0827 3.8593, 5.7553 -1.0827 3.9682, 5.6102 -1.0827 3.9614, 5.6509 -1.0827 4.0106, 4.6644 -1.0827 3.9614, 4.6644 -1.0827 4.0106, 4.1191 -1.0827 3.9614, 4.1191 -1.0827 4.0106, 3.5738 -1.0827 3.9614, 3.5738 -1.0827 4.0106, 3.0285 -1.0827 3.9614, 3.0285 -1.0827 4.0106, 2.4833 -1.0827 3.9614, 2.4833 -1.0827 4.0106, 1.3927 -1.0827 3.9614, 1.3927 -1.0827 4.0106, 0.8474 -1.0827 3.9614, 0.8474 -1.0827 4.0106, 0.1398 -1.0827 3.9614, 0.1398 -1.0827 4.0106, -0.0984 -1.0827 3.9614, -0.1391 -1.0827 4.0106, -0.2435 -1.0827 3.9682, -0.0984 -1.0827 3.607, -0.3889 -1.0827 3.8593, -0.5019 -1.0827 3.7171, -0.575 -1.0827 3.5508, -0.6019 -1.0827 3.3806, 0.1398 -1.0827 3.607, 0.1398 -1.0827 3.3806, 0.8474 -1.0827 3.607, 0.8474 -1.0827 3.3806, 1.3927 -1.0827 3.607, 2.4833 -1.0827 3.607, 2.4833 -1.0827 3.3806, 3.0285 -1.0827 3.607, 3.0285 -1.0827 3.3806, 3.5738 -1.0827 3.607, 3.5738 -1.0827 3.3806, 4.1191 -1.0827 3.607, 4.1191 -1.0827 3.3806, 4.6644 -1.0827 3.607, 4.6644 -1.0827 3.3806, 6.1137 -1.0827 3.3806, -0.6034 -1.0827 3.3713, -0.5968 -1.0827 3.2527, -0.0984 -1.0827 3.2527, -0.0752 -1.0827 4.0365, 0.105 -1.0827 4.0598, 5.587 -1.0827 4.0365, 5.4068 -1.0827 4.0598, 5.6102 -1.0827 3.2527, 6.1086 -1.0827 3.2527, 6.1152 -1.0827 3.3713, 4.988 -1.0827 2.7673, 4.937 -1.0827 2.7606, 4.6644 -1.0827 2.3984, 4.8861 -1.0827 2.7673, 4.8386 -1.0827 2.7869, 4.988 -1.0827 3.1476, 4.937 -1.0827 3.1543, 4.7978 -1.0827 2.8182, 4.7665 -1.0827 2.859, 4.7469 -1.0827 2.9065, 4.7402 -1.0827 2.9574, 4.7469 -1.0827 3.0084, 4.7665 -1.0827 3.0558, 4.7978 -1.0827 3.0966, 4.8386 -1.0827 3.1279, 4.8861 -1.0827 3.1476, 5.0354 -1.0827 3.1279, 5.0762 -1.0827 3.0966, 5.1075 -1.0827 3.0558, 5.1075 -1.0827 2.859, 5.0762 -1.0827 2.8182, 5.6102 -1.0827 2.3984, 5.0354 -1.0827 2.7869, 5.1272 -1.0827 3.0084, 5.1339 -1.0827 2.9574, 5.1272 -1.0827 2.9065, 5.6102 -1.0827 1.1276, 5.6393 -1.0827 1.2221, 5.6102 -1.0827 1.3236, 5.6995 -1.0827 1.481, 5.6102 -1.0827 1.481, 4.5622 -1.0827 1.9377, 4.5309 -1.0827 1.9785, 4.4902 -1.0827 2.0098, 4.1191 -1.0827 1.3236, 4.3408 -1.0827 1.6492, 4.2933 -1.0827 1.6688, 4.1949 -1.0827 1.8393, 4.2016 -1.0827 1.8903, 4.1191 -1.0827 2.3984, 4.2933 -1.0827 2.0098, 4.3408 -1.0827 2.0295, 4.3917 -1.0827 2.0362, 4.4427 -1.0827 2.0295, 4.5819 -1.0827 1.8903, 4.5886 -1.0827 1.8393, 4.5819 -1.0827 1.7884, 4.5622 -1.0827 1.7409, 4.5309 -1.0827 1.7001, 4.4902 -1.0827 1.6688, 4.2525 -1.0827 1.7001, 4.2213 -1.0827 1.7409, 4.2016 -1.0827 1.7884, 4.2213 -1.0827 1.9377, 4.2525 -1.0827 1.9785, 3.0285 -1.0827 1.3236, 3.2502 -1.0827 1.6492, 3.2028 -1.0827 1.6688, 3.162 -1.0827 1.7001, 3.1307 -1.0827 1.7409, 3.111 -1.0827 1.7884, 3.1043 -1.0827 1.8393, 3.111 -1.0827 1.8903, 3.0285 -1.0827 2.3984, 3.1307 -1.0827 1.9377, 3.162 -1.0827 1.9785, 3.3521 -1.0827 2.0295, 3.3996 -1.0827 2.0098, 3.5738 -1.0827 2.3984, 3.4717 -1.0827 1.7409, 3.4913 -1.0827 1.7884, 3.498 -1.0827 1.8393, 3.4404 -1.0827 1.7001, 3.3996 -1.0827 1.6688, 3.4404 -1.0827 1.9785, 3.4717 -1.0827 1.9377, 3.4913 -1.0827 1.8903, 3.2028 -1.0827 2.0098, 3.2502 -1.0827 2.0295, 3.3012 -1.0827 2.0362, 2.4833 -1.0827 1.3236, 2.4833 -1.0827 2.3984, 2.1597 -1.0827 1.6492, 1.3927 -1.0827 1.3236, 2.2106 -1.0827 1.6425, 2.2616 -1.0827 1.6492, 2.1122 -1.0827 1.6688, 2.0714 -1.0827 1.7001, 2.0402 -1.0827 1.7409, 2.0402 -1.0827 1.9377, 2.0714 -1.0827 1.9785, 2.0205 -1.0827 1.7884, 2.0138 -1.0827 1.8393, 2.0205 -1.0827 1.8903, 2.2616 -1.0827 2.0295, 2.3091 -1.0827 2.0098, 2.3498 -1.0827 1.9785, 2.3811 -1.0827 1.9377, 2.3811 -1.0827 1.7409, 2.3498 -1.0827 1.7001, 2.3091 -1.0827 1.6688, 2.1122 -1.0827 2.0098, 2.1597 -1.0827 2.0295, 2.2106 -1.0827 2.0362, 2.4008 -1.0827 1.8903, 2.4075 -1.0827 1.8393, 2.4008 -1.0827 1.7884, 1.0217 -1.0827 1.6688, 0.9809 -1.0827 1.7001, 0.8474 -1.0827 1.3236, 0.9496 -1.0827 1.7409, 0.9299 -1.0827 1.7884, 0.9232 -1.0827 1.8393, 0.9299 -1.0827 1.8903, 0.9496 -1.0827 1.9377, 0.9809 -1.0827 1.9785, 1.2185 -1.0827 1.6688, 1.2593 -1.0827 1.7001, 1.2906 -1.0827 1.7409, 1.171 -1.0827 1.6492, 1.1201 -1.0827 1.6425, 1.0691 -1.0827 1.6492, 1.171 -1.0827 2.0295, 1.2185 -1.0827 2.0098, 1.2593 -1.0827 1.9785, 1.2906 -1.0827 1.9377, 1.3102 -1.0827 1.8903, 1.3169 -1.0827 1.8393, 1.3102 -1.0827 1.7884, 1.0217 -1.0827 2.0098, 1.0691 -1.0827 2.0295, 1.1201 -1.0827 2.0362, 0.1398 -1.0827 1.3236, 0.1398 -1.0827 2.3984, -0.1275 -1.0827 1.2221, -0.0984 -1.0827 1.1276, -0.0984 -1.0827 1.3236, -0.0984 -1.0827 2.3984, -0.0984 -1.0827 1.481, -0.1877 -1.0827 1.481, 3.7955 -1.0827 2.7673, 3.748 -1.0827 2.7869, 3.9857 -1.0827 2.8182, 3.9449 -1.0827 2.7869, 3.8974 -1.0827 2.7673, 3.8465 -1.0827 2.7606, 3.748 -1.0827 3.1279, 3.7955 -1.0827 3.1476, 3.8465 -1.0827 3.1543, 3.8974 -1.0827 3.1476, 3.9449 -1.0827 3.1279, 4.0433 -1.0827 2.9574, 4.0366 -1.0827 2.9065, 4.0169 -1.0827 2.859, 3.9857 -1.0827 3.0966, 4.0169 -1.0827 3.0558, 4.0366 -1.0827 3.0084, 3.7073 -1.0827 2.8182, 3.676 -1.0827 2.859, 3.6563 -1.0827 2.9065, 3.6496 -1.0827 2.9574, 3.6563 -1.0827 3.0084, 3.676 -1.0827 3.0558, 3.7073 -1.0827 3.0966, 2.705 -1.0827 2.7673, 2.6575 -1.0827 2.7869, 2.6167 -1.0827 2.8182, 2.5854 -1.0827 2.859, 2.5854 -1.0827 3.0558, 2.6167 -1.0827 3.0966, 2.6575 -1.0827 3.1279, 2.8543 -1.0827 3.1279, 2.8951 -1.0827 3.0966, 2.9264 -1.0827 3.0558, 2.9461 -1.0827 3.0084, 2.5658 -1.0827 2.9065, 2.5591 -1.0827 2.9574, 2.5658 -1.0827 3.0084, 2.705 -1.0827 3.1476, 2.7559 -1.0827 3.1543, 2.8069 -1.0827 3.1476, 2.9528 -1.0827 2.9574, 2.9461 -1.0827 2.9065, 2.9264 -1.0827 2.859, 2.8951 -1.0827 2.8182, 2.8543 -1.0827 2.7869, 2.8069 -1.0827 2.7673, 2.7559 -1.0827 2.7606, 1.6144 -1.0827 2.7673, 1.5669 -1.0827 2.7869, 1.6654 -1.0827 3.1543, 1.7163 -1.0827 3.1476, 1.7638 -1.0827 3.1279, 1.8046 -1.0827 3.0966, 1.8358 -1.0827 3.0558, 1.8358 -1.0827 2.859, 1.8046 -1.0827 2.8182, 1.4752 -1.0827 3.0084, 1.4949 -1.0827 3.0558, 1.5262 -1.0827 3.0966, 1.4685 -1.0827 2.9574, 1.4752 -1.0827 2.9065, 1.5669 -1.0827 3.1279, 1.6144 -1.0827 3.1476, 1.7638 -1.0827 2.7869, 1.7163 -1.0827 2.7673, 1.6654 -1.0827 2.7606, 1.5262 -1.0827 2.8182, 1.4949 -1.0827 2.859, 1.8555 -1.0827 3.0084, 1.8622 -1.0827 2.9574, 1.8555 -1.0827 2.9065, 0.4764 -1.0827 2.7869, 0.4356 -1.0827 2.8182, 0.3847 -1.0827 3.0084, 0.4043 -1.0827 3.0558, 0.4356 -1.0827 3.0966, 0.5748 -1.0827 3.1543, 0.5239 -1.0827 3.1476, 0.4764 -1.0827 3.1279, 0.765 -1.0827 2.9065, 0.7453 -1.0827 2.859, 0.714 -1.0827 2.8182, 0.6732 -1.0827 2.7869, 0.6258 -1.0827 2.7673, 0.5748 -1.0827 2.7606, 0.5239 -1.0827 2.7673, 0.7717 -1.0827 2.9574, 0.4043 -1.0827 2.859, 0.3847 -1.0827 2.9065, 0.378 -1.0827 2.9574, 0.6258 -1.0827 3.1476, 0.6732 -1.0827 3.1279, 0.714 -1.0827 3.0966, 0.7453 -1.0827 3.0558, 0.765 -1.0827 3.0084, 4.6644 -1.0827 4.0598, 4.1191 -1.0827 4.0598, 3.5738 -1.0827 4.0598, 3.0285 -1.0827 4.0598, 2.4833 -1.0827 4.0598, 1.3927 -1.0827 4.0598, 0.8474 -1.0827 4.0598, 0.1398 -1.0827 4.0598
            ]
        }
        coordIndex [
            0,1,2,-1,3,4,5,-1,6,7,8,-1,9,10,11,-1,11,12,9,-1,9,12,13,-1,9,13,14,-1,14,13,15,-1,14,15,16,-1,16,15,17,-1,16,17,18,-1,18,17,19,-1,18,19,20,-1,20,19,21,-1,20,21,22,-1,22,21,23,-1,22,23,24,-1,24,23,25,-1,24,25,26,-1,26,25,27,-1,26,27,28,-1,28,27,29,-1,28,29,30,-1,30,29,31,-1,30,31,32,-1,33,34,35,-1,35,34,36,-1,35,36,37,-1,37,38,35,-1,35,38,39,-1,35,39,40,-1,40,39,41,-1,40,41,42,-1,42,41,43,-1,42,43,44,-1,45,46,47,-1,47,46,48,-1,47,48,49,-1,49,48,50,-1,49,50,51,-1,51,50,52,-1,51,52,53,-1,53,52,54,-1,53,54,9,-1,9,54,55,-1,9,55,10,-1,56,57,58,-1,35,32,33,-1,33,32,31,-1,33,31,59,-1,59,31,60,-1,15,61,62,-1,63,64,65,-1,66,67,68,-1,68,67,69,-1,68,69,70,-1,65,55,63,-1,63,55,54,-1,63,54,71,-1,71,54,72,-1,70,73,68,-1,68,73,74,-1,68,74,75,-1,76,77,54,-1,54,77,78,-1,54,78,79,-1,79,80,54,-1,54,80,81,-1,54,81,72,-1,71,82,63,-1,63,82,83,-1,63,83,84,-1,85,86,87,-1,87,86,88,-1,84,89,63,-1,63,89,90,-1,63,90,87,-1,87,90,91,-1,87,91,85,-1,92,93,94,-1,94,93,95,-1,94,95,96,-1,88,66,87,-1,87,66,68,-1,87,68,96,-1,96,68,8,-1,96,8,94,-1,97,68,98,-1,98,68,99,-1,8,7,100,-1,100,7,101,-1,100,101,102,-1,103,104,105,-1,106,107,105,-1,105,107,108,-1,105,108,68,-1,68,108,109,-1,68,109,99,-1,97,110,68,-1,68,110,111,-1,68,111,8,-1,8,111,112,-1,8,112,113,-1,113,114,8,-1,8,114,115,-1,8,115,6,-1,102,116,100,-1,100,116,117,-1,100,117,118,-1,104,119,105,-1,105,119,120,-1,105,120,106,-1,5,4,121,-1,121,4,122,-1,121,122,123,-1,123,124,121,-1,121,124,125,-1,121,125,126,-1,127,128,129,-1,129,128,130,-1,129,130,131,-1,132,133,134,-1,135,5,136,-1,136,5,137,-1,135,138,5,-1,5,138,139,-1,5,139,3,-1,133,140,134,-1,134,140,141,-1,134,141,142,-1,118,103,100,-1,100,103,105,-1,100,105,5,-1,5,105,134,-1,5,134,137,-1,137,134,142,-1,131,143,129,-1,129,143,144,-1,129,144,134,-1,134,144,145,-1,134,145,132,-1,126,127,121,-1,121,127,129,-1,121,129,146,-1,146,129,147,-1,148,149,150,-1,150,149,146,-1,150,146,151,-1,148,152,149,-1,149,152,153,-1,149,153,154,-1,155,156,1,-1,154,157,149,-1,149,157,158,-1,149,158,1,-1,1,158,159,-1,1,159,155,-1,160,161,147,-1,147,161,162,-1,147,162,163,-1,164,165,146,-1,146,165,166,-1,146,166,151,-1,156,167,1,-1,1,167,168,-1,1,168,147,-1,147,168,169,-1,147,169,160,-1,163,170,147,-1,147,170,171,-1,147,171,146,-1,146,171,172,-1,146,172,164,-1,173,174,175,-1,175,174,176,-1,175,176,177,-1,178,179,0,-1,0,179,180,-1,0,180,181,-1,182,149,183,-1,183,149,184,-1,182,185,149,-1,149,185,186,-1,149,186,175,-1,175,186,187,-1,175,187,173,-1,188,189,1,-1,1,189,190,-1,1,190,191,-1,191,192,1,-1,1,192,193,-1,1,193,149,-1,149,193,194,-1,149,194,184,-1,181,195,0,-1,0,195,196,-1,0,196,1,-1,1,196,197,-1,1,197,188,-1,177,178,175,-1,175,178,0,-1,175,0,198,-1,198,0,199,-1,200,201,202,-1,39,56,41,-1,41,56,58,-1,41,58,199,-1,199,58,203,-1,199,203,198,-1,198,203,204,-1,198,204,202,-1,202,204,205,-1,202,205,200,-1,206,207,134,-1,208,209,105,-1,105,209,210,-1,105,210,134,-1,134,210,211,-1,134,211,206,-1,212,213,50,-1,50,213,214,-1,50,214,52,-1,52,214,215,-1,52,215,216,-1,217,218,105,-1,105,218,219,-1,105,219,208,-1,216,220,52,-1,52,220,221,-1,52,221,222,-1,222,217,52,-1,52,217,105,-1,52,105,54,-1,54,105,68,-1,54,68,76,-1,76,68,75,-1,207,223,134,-1,134,223,224,-1,134,224,225,-1,50,226,227,-1,227,228,50,-1,50,228,229,-1,50,229,212,-1,230,231,147,-1,147,231,232,-1,147,232,233,-1,234,235,46,-1,46,235,236,-1,237,238,48,-1,48,238,239,-1,48,239,240,-1,233,241,147,-1,147,241,242,-1,147,242,46,-1,46,242,243,-1,46,243,234,-1,236,244,46,-1,46,244,245,-1,46,245,48,-1,48,245,246,-1,48,246,237,-1,240,247,48,-1,48,247,129,-1,48,129,50,-1,50,129,134,-1,50,134,226,-1,226,134,225,-1,247,248,129,-1,129,248,249,-1,129,249,250,-1,250,251,129,-1,129,251,252,-1,129,252,147,-1,147,252,253,-1,147,253,230,-1,254,255,1,-1,45,2,46,-1,46,2,256,-1,46,256,257,-1,257,258,46,-1,46,258,259,-1,46,259,260,-1,261,262,147,-1,263,264,2,-1,2,264,265,-1,263,2,266,-1,266,2,1,-1,266,1,267,-1,265,268,2,-1,2,268,269,-1,2,269,256,-1,262,270,147,-1,147,270,271,-1,147,271,1,-1,1,271,272,-1,1,272,254,-1,255,273,1,-1,1,273,274,-1,1,274,267,-1,260,275,46,-1,46,275,276,-1,46,276,147,-1,147,276,277,-1,147,277,261,-1,278,279,199,-1,280,281,41,-1,41,281,282,-1,283,43,284,-1,284,43,41,-1,284,41,285,-1,285,41,282,-1,286,287,0,-1,0,287,288,-1,0,288,289,-1,289,290,0,-1,0,290,291,-1,0,291,199,-1,199,291,292,-1,199,292,278,-1,45,44,2,-1,2,44,43,-1,2,43,0,-1,0,43,293,-1,0,293,286,-1,279,294,199,-1,199,294,295,-1,199,295,41,-1,41,295,296,-1,41,296,280,-1,283,297,43,-1,43,297,298,-1,43,298,299,-1,299,300,43,-1,43,300,301,-1,43,301,293,-1,15,62,17,-1,17,62,302,-1,17,302,19,-1,19,302,303,-1,19,303,21,-1,21,303,304,-1,21,304,23,-1,23,304,305,-1,23,305,25,-1,25,305,306,-1,25,306,27,-1,27,306,307,-1,27,307,29,-1,29,307,308,-1,29,308,31,-1,31,308,309,-1,31,309,60,-1,
        ]
    }
}
Shape{
    appearance Appearance {
        material  Material 	{
            diffuseColor 0.8509803921568627 0.8509803921568627 0.8509803921568627
            specularColor 0.6823529411764706 0.6823529411764706 0.6823529411764706
            ambientIntensity 0.851
            transparency 0.0
            shininess 0.5
        }
    }
    geometry IndexedFaceSet {
        ccw TRUE
        solid FALSE
        coord DEF co Coordinate {
            point [
                6.1086 -1.0827 3.2527, 6.1221 -1.0827 3.2527, 6.0971 -1.0827 3.1906, 6.1221 -1.0827 1.481, 5.6995 -1.0827 1.481
            ]
        }
        coordIndex [
            0,1,2,-1,2,1,3,-1,2,3,4,-1,
        ]
    }
}
Shape{
    appearance Appearance {
        material  Material 	{
            diffuseColor 0.2980392156862745 0.2980392156862745 0.2980392156862745
            specularColor 0.09019607843137255 0.09019607843137255 0.09019607843137255
            ambientIntensity 0.298
            transparency 0.0
            shininess 0.5
        }
    }
    geometry IndexedFaceSet {
        ccw TRUE
        solid FALSE
        coord DEF co Coordinate {
            point [
                6.0834 -1.2008 3.1317, 6.0971 -1.2008 3.1906, 6.0971 -1.0827 3.1906, 5.6995 -1.0827 1.481, 5.6393 -1.0827 1.2221, 5.6393 -1.2008 1.2221, 5.6961 -1.2008 1.4665, 5.9811 -1.2008 2.6917, 6.0404 -1.2008 2.9469, 6.0926 -1.202 3.5297, 6.0856 -1.2013 3.5504, 6.0868 -1.0827 3.5508, 5.5573 -1.2013 4.042, 5.5276 -1.2007 4.0494, 5.587 -1.0827 4.0365, 5.5028 -1.2005 4.0533, 5.4068 -1.0827 4.0598, 5.4343 -1.2007 4.0579, 5.4068 -1.2008 4.0598, 5.7551 -1.2008 3.9678, 5.7491 -1.2009 3.9717, 5.7553 -1.0827 3.9682, 5.7249 -1.2019 3.9844, 5.6509 -1.0827 4.0106, 5.6803 -1.2022 4.0028, 5.6289 -1.2025 4.0241, 5.5865 -1.2018 4.0347, 5.9066 -1.2014 3.8528, 5.9 -1.2012 3.8585, 5.9007 -1.0827 3.8593, 5.8349 -1.1988 3.9159, 5.7984 -1.1997 3.9396, 6.0137 -1.0827 3.7171, 6.0123 -1.2007 3.7163, 5.9959 -1.2017 3.7451, 5.9946 -1.2017 3.7467, 5.9343 -1.2027 3.8244, 5.9129 -1.2016 3.8472, 6.0601 -1.1987 3.6256, 6.0599 -1.1987 3.6262, 6.0468 -1.1986 3.6555, 6.1139 -1.2021 3.3989, 6.1136 -1.2022 3.4025, 6.1137 -1.0827 3.3806, 6.1114 -1.2027 3.4272, 6.0986 -1.2022 3.497, 6.1137 -1.2016 3.3714, 6.1152 -1.0827 3.3713, 6.1132 -1.2003 3.2947, 6.1086 -1.0827 3.2527, 6.111 -1.2004 3.28, 0.105 -1.2008 4.0598, 0.105 -1.0827 4.0598, 0.1398 -1.0827 4.0598, 0.8474 -1.0827 4.0598, 1.3927 -1.0827 4.0598, 2.5633 -1.2008 4.0598, 2.4833 -1.0827 4.0598, 3.0285 -1.0827 4.0598, 3.5738 -1.0827 4.0598, 5.0104 -1.2008 4.0598, 4.1191 -1.0827 4.0598, 4.6644 -1.0827 4.0598, 5.0896 -1.2008 4.0598, -0.5968 -1.0827 3.2527, -0.6034 -1.0827 3.3713, -0.6025 -1.2005 3.3107, -0.5853 -1.2008 3.1906, -0.5853 -1.0827 3.1906, -0.5988 -1.2004 3.2746, -0.6007 -1.2003 3.2858, -0.575 -1.0827 3.5508, -0.5745 -1.2012 3.5506, -0.5769 -1.2014 3.5442, -0.5796 -1.2018 3.5338, -0.584 -1.2025 3.5172, -0.6019 -1.0827 3.3806, -0.6008 -1.2025 3.4148, -0.601 -1.2022 3.4021, -0.6015 -1.2016 3.3713, -0.5418 -1.1985 3.6407, -0.5019 -1.0827 3.7171, -0.5313 -1.1991 3.6602, -0.4748 -1.2023 3.7586, -0.4928 -1.201 3.7318, -0.501 -1.2006 3.7166, -0.3696 -1.2004 3.8749, -0.3878 -1.2012 3.8581, -0.3889 -1.0827 3.8593, -0.4119 -1.2022 3.8359, -0.4611 -1.2023 3.7754, -0.2428 -1.2009 3.9671, -0.2605 -1.2003 3.9562, -0.2435 -1.0827 3.9682, -0.311 -1.1988 3.9249, -0.336 -1.199 3.9059, -0.2245 -1.2015 3.9785, -0.1391 -1.0827 4.0106, -0.1411 -1.2025 4.0148, -0.1285 -1.2027 4.0202, -0.0752 -1.0827 4.0365, -0.102 -1.2022 4.0289, -0.0001 -1.2006 4.052, -0.0172 -1.2009 4.0481, -0.0748 -1.2018 4.035, -0.1275 -1.2008 1.2221, -0.1275 -1.0827 1.2221, -0.1638 -1.2008 1.3783, -0.1877 -1.0827 1.481, -0.3987 -1.2008 2.3884, -0.5651 -1.2008 3.104, 0.1009 -1.2017 0.8452, 0.1221 -1.2021 0.8277, 0.1221 -1.0827 0.8277, 0.4169 -1.2011 0.6902, 0.4334 -1.2011 0.6859, 0.4056 -1.0827 0.6916, 0.4679 -1.201 0.6821, 0.5628 -1.0827 0.674, 0.5375 -1.2007 0.6744, 0.5628 -1.2008 0.674, 0.257 -1.2003 0.7454, 0.2909 -1.2005 0.7292, 0.2562 -1.0827 0.7437, 0.2796 -1.0827 0.733, 0.3038 -1.2006 0.723, 0.3319 -1.2012 0.7126, 0.4059 -1.2011 0.6931, 0.1239 -1.2021 0.8262, 0.1734 -1.2009 0.7928, 0.2109 -1.2 0.7675, -0.0144 -1.2007 0.9745, 0.0111 -1.2001 0.9402, 0.0099 -1.0827 0.9393, 0.0272 -1.1996 0.9185, 0.066 -1.2007 0.8799, -0.0355 -1.2013 1.0028, -0.0747 -1.0827 1.073, -0.0512 -1.2016 1.0287, -0.1223 -1.2008 1.2055, -0.0984 -1.0827 1.1276, -0.0962 -1.2008 1.1218, -0.0806 -1.2011 1.0897, -0.073 -1.2012 1.0738, 0.6238 -1.2008 0.674, 1.3159 -1.2008 0.674, 4.949 -1.0827 0.674, 4.4419 -1.2008 0.674, 4.6204 -1.2008 0.674, 4.7879 -1.2008 0.674, 4.9455 -1.2008 0.674, 4.949 -1.2008 0.674, 5.4685 -1.1998 0.9005, 5.5004 -1.2003 0.9404, 5.5019 -1.0827 0.9393, 5.5816 -1.2011 1.067, 5.5851 -1.2011 1.0737, 5.5865 -1.0827 1.073, 5.5982 -1.201 1.0984, 5.6102 -1.0827 1.1276, 5.6288 -1.2008 1.1852, 5.633 -1.2007 1.1971, 5.5112 -1.2004 0.9539, 5.5328 -1.2007 0.9809, 5.5491 -1.2014 1.0056, 5.4199 -1.2013 0.8554, 5.3898 -1.0827 0.8277, 5.3915 -1.2021 0.829, 5.2557 -1.0827 0.7437, 5.2796 -1.1998 0.7558, 5.3245 -1.2008 0.7838, 5.3673 -1.2019 0.8105, 5.3897 -1.2021 0.8277, 5.2323 -1.0827 0.733, 5.1063 -1.0827 0.6916, 5.1549 -1.2015 0.7045, 5.1834 -1.2011 0.7138, 5.2026 -1.2009 0.7222, 5.2551 -1.2001 0.7451, 5.0538 -1.2009 0.6817, 5.0727 -1.201 0.686, 5.1059 -1.2012 0.6935
            ]
        }
        coordIndex [
            0,1,2,-1,3,4,5,-1,5,6,3,-1,3,6,7,-1,3,7,2,-1,2,7,8,-1,2,8,0,-1,9,10,11,-1,12,13,14,-1,14,13,15,-1,14,15,16,-1,16,15,17,-1,16,17,18,-1,19,20,21,-1,21,20,22,-1,21,22,23,-1,22,24,23,-1,23,24,25,-1,23,25,14,-1,14,25,26,-1,14,26,12,-1,27,28,29,-1,29,28,30,-1,29,30,21,-1,21,30,31,-1,21,31,19,-1,32,33,34,-1,34,35,32,-1,32,35,36,-1,32,36,29,-1,29,36,37,-1,29,37,27,-1,10,38,11,-1,11,38,39,-1,11,39,32,-1,32,39,40,-1,32,40,33,-1,41,42,43,-1,43,42,44,-1,43,44,11,-1,11,44,45,-1,11,45,9,-1,41,43,46,-1,46,43,47,-1,46,47,48,-1,48,47,49,-1,48,49,50,-1,50,49,2,-1,50,2,1,-1,51,52,53,-1,53,54,51,-1,51,54,55,-1,51,55,56,-1,56,55,57,-1,57,58,56,-1,56,58,59,-1,56,59,60,-1,59,61,60,-1,60,61,62,-1,60,62,63,-1,63,62,16,-1,63,16,18,-1,64,65,66,-1,67,68,69,-1,69,68,64,-1,69,64,70,-1,70,64,66,-1,71,72,73,-1,73,74,71,-1,71,74,75,-1,71,75,76,-1,75,77,76,-1,76,77,78,-1,76,78,65,-1,65,78,79,-1,65,79,66,-1,72,71,80,-1,80,71,81,-1,80,81,82,-1,83,84,81,-1,81,84,85,-1,81,85,82,-1,86,87,88,-1,88,87,89,-1,88,89,81,-1,81,89,90,-1,81,90,83,-1,91,92,93,-1,93,92,94,-1,93,94,88,-1,88,94,95,-1,88,95,86,-1,91,93,96,-1,96,93,97,-1,96,97,98,-1,98,97,99,-1,99,97,100,-1,99,100,101,-1,52,51,100,-1,100,51,102,-1,102,103,100,-1,100,103,104,-1,100,104,101,-1,105,106,107,-1,107,106,108,-1,107,108,109,-1,109,108,68,-1,109,68,110,-1,110,68,67,-1,111,112,113,-1,114,115,116,-1,116,115,117,-1,116,117,118,-1,118,117,119,-1,118,119,120,-1,121,122,123,-1,123,122,124,-1,122,125,124,-1,124,125,126,-1,124,126,116,-1,116,126,127,-1,116,127,114,-1,112,128,113,-1,113,128,129,-1,113,129,123,-1,123,129,130,-1,123,130,121,-1,131,132,133,-1,133,132,134,-1,133,134,113,-1,113,134,135,-1,113,135,111,-1,131,133,136,-1,136,133,137,-1,136,137,138,-1,106,105,139,-1,106,139,140,-1,139,141,140,-1,140,141,142,-1,140,142,137,-1,137,142,143,-1,137,143,138,-1,120,144,118,-1,118,144,145,-1,118,145,146,-1,146,145,147,-1,146,147,148,-1,148,149,146,-1,146,149,150,-1,146,150,151,-1,152,153,154,-1,155,156,157,-1,157,156,158,-1,157,158,159,-1,159,158,160,-1,159,160,4,-1,4,160,161,-1,4,161,5,-1,153,162,154,-1,154,162,163,-1,154,163,157,-1,157,163,164,-1,157,164,155,-1,152,154,165,-1,165,154,166,-1,165,166,167,-1,168,169,166,-1,166,169,170,-1,170,171,166,-1,166,171,172,-1,166,172,167,-1,173,174,175,-1,175,176,173,-1,173,176,177,-1,173,177,168,-1,168,177,178,-1,168,178,169,-1,146,151,174,-1,174,151,179,-1,179,180,174,-1,174,180,181,-1,174,181,175,-1,
        ]
    }
}
Shape{
    appearance Appearance {
        material  Material 	{
            diffuseColor 0.8509803921568627 0.8509803921568627 0.8509803921568627
            specularColor 0.6823529411764706 0.6823529411764706 0.6823529411764706
            ambientIntensity 0.851
            transparency 0.0
            shininess 0.5
        }
    }
    geometry IndexedFaceSet {
        ccw TRUE
        solid FALSE
        coord DEF co Coordinate {
            point [
                5.3673 -1.2019 0.8105, 5.3245 -1.2008 0.7838, 5.2478 -3.6417 0.9217, 5.2163 -3.6417 0.9006, 0.1538 -3.6417 1.0131, 0.1783 -3.6417 0.9902, 0.066 -1.2007 0.8799, -0.3878 -1.2012 3.8581, -0.3696 -1.2004 3.8749, -0.2732 -3.6417 3.7494, -0.2394 -3.6417 3.7815, 0.105 -3.6417 3.9023, 2.5633 -1.2008 4.0598, 2.559 -3.6417 3.9023, 5.0104 -1.2008 4.0598, 5.024 -3.6417 3.9023, 5.0896 -1.2008 4.0598, 5.1009 -3.6417 3.9023, -0.0051 -3.6417 3.89, -0.0172 -1.2009 4.0481, 0.0128 -3.6417 3.8946, -0.0001 -1.2006 4.052, 0.105 -1.2008 4.0598, -0.0775 -3.6417 3.8713, -0.102 -1.2022 4.0289, -0.0748 -1.2018 4.035, -0.1624 -3.6417 3.833, -0.2245 -1.2015 3.9785, -0.1057 -3.6417 3.8586, -0.1411 -1.2025 4.0148, -0.1285 -1.2027 4.0202, -0.336 -1.199 3.9059, -0.311 -1.1988 3.9249, -0.1956 -3.6417 3.8108, -0.2605 -1.2003 3.9562, -0.2428 -1.2009 3.9671, -0.4119 -1.2022 3.8359, -0.3067 -3.6417 3.7176, -0.4611 -1.2023 3.7754, -0.3369 -3.6417 3.6773, -0.4748 -1.2023 3.7586, -0.363 -3.6417 3.6424, -0.4928 -1.201 3.7318, -0.3869 -3.6417 3.5954, -0.501 -1.2006 3.7166, -0.4052 -3.6417 3.5596, -0.5418 -1.1985 3.6407, -0.5313 -1.1991 3.6602, -0.4227 -3.6417 3.504, -0.5769 -1.2014 3.5442, -0.5745 -1.2012 3.5506, -0.6007 -1.2003 3.2858, -0.6025 -1.2005 3.3107, -0.4429 -3.6417 3.3002, -0.6015 -1.2016 3.3713, -0.4455 -3.6417 3.3797, -0.601 -1.2022 3.4021, -0.4422 -3.6417 3.4042, -0.6008 -1.2025 3.4148, -0.4329 -3.6417 3.4714, -0.584 -1.2025 3.5172, -0.5796 -1.2018 3.5338, -0.5988 -1.2004 3.2746, -0.4424 -3.6417 3.2861, -0.5853 -1.2008 3.1906, -0.4319 -3.6417 3.2263, -0.5651 -1.2008 3.104, -0.0084 -3.6417 1.4054, -0.3987 -1.2008 2.3884, -0.2479 -3.6417 2.4353, -0.4133 -3.6417 3.1463, 0.0976 -3.6417 1.087, 0.1199 -3.6417 1.0577, -0.0355 -1.2013 1.0028, -0.0512 -1.2016 1.0287, -0.073 -1.2012 1.0738, 0.0674 -3.6417 1.1447, -0.0806 -1.2011 1.0897, 0.0544 -3.6417 1.1695, -0.0962 -1.2008 1.1218, 0.0308 -3.6417 1.2426, -0.1223 -1.2008 1.2055, 0.0259 -3.6417 1.2578, -0.1275 -1.2008 1.2221, -0.1638 -1.2008 1.3783, 0.0272 -1.1996 0.9185, 0.0111 -1.2001 0.9402, -0.0144 -1.2007 0.9745, 0.2217 -3.6417 0.9496, 0.1221 -1.2021 0.8277, 0.1009 -1.2017 0.8452, 0.3385 -3.6417 0.8813, 0.257 -1.2003 0.7454, 0.2993 -3.6417 0.8985, 0.2109 -1.2 0.7675, 0.2541 -3.6417 0.9283, 0.1734 -1.2009 0.7928, 0.1239 -1.2021 0.8262, 0.3319 -1.2012 0.7126, 0.3848 -3.6417 0.861, 0.3038 -1.2006 0.723, 0.2909 -1.2005 0.7292, 0.6238 -1.2008 0.674, 0.5628 -1.2008 0.674, 0.5628 -3.6417 0.8314, 0.5375 -1.2007 0.6744, 0.477 -3.6417 0.8383, 0.4679 -1.201 0.6821, 0.4746 -3.6417 0.8385, 0.4334 -1.2011 0.6859, 0.435 -3.6417 0.8484, 0.4169 -1.2011 0.6902, 0.4059 -1.2011 0.6931, 4.9457 -3.6417 0.8314, 4.7879 -1.2008 0.674, 4.7936 -3.6417 0.8314, 4.6204 -1.2008 0.674, 4.6308 -3.6417 0.8314, 4.4419 -1.2008 0.674, 4.4557 -3.6417 0.8314, 1.3159 -1.2008 0.674, 1.2994 -3.6417 0.8314, 0.6215 -3.6417 0.8314, 5.1316 -3.6417 0.8626, 5.1599 -3.6417 0.8753, 5.1834 -1.2011 0.7138, 5.1549 -1.2015 0.7045, 5.1059 -1.2012 0.6935, 5.0587 -3.6417 0.8437, 5.0727 -1.201 0.686, 5.0414 -3.6417 0.8391, 5.0538 -1.2009 0.6817, 4.949 -3.6417 0.8314, 4.949 -1.2008 0.674, 4.9455 -1.2008 0.674, 5.2796 -1.1998 0.7558, 5.2551 -1.2001 0.7451, 5.2026 -1.2009 0.7222, 5.3806 -3.6417 1.0427, 5.5004 -1.2003 0.9404, 5.3609 -3.6417 1.0163, 5.4685 -1.1998 0.9005, 5.315 -3.6417 0.9728, 5.4199 -1.2013 0.8554, 5.2936 -3.6417 0.9524, 5.3915 -1.2021 0.829, 5.3897 -1.2021 0.8277, 5.4169 -3.6417 1.0913, 5.5328 -1.2007 0.9809, 5.5112 -1.2004 0.9539, 5.4592 -3.6417 1.1737, 5.5851 -1.2011 1.0737, 5.4352 -3.6417 1.1269, 5.5816 -1.2011 1.067, 5.5491 -1.2014 1.0056, 5.6961 -1.2008 1.4665, 5.6393 -1.2008 1.2221, 5.4859 -3.6417 1.2578, 5.633 -1.2007 1.1971, 5.4754 -3.6417 1.2246, 5.6288 -1.2008 1.1852, 5.5982 -1.201 1.0984, 5.9311 -3.6417 3.1721, 6.0404 -1.2008 2.9469, 5.8904 -3.6417 2.9971, 5.9811 -1.2008 2.6917, 5.8319 -3.6417 2.7455, 5.5401 -3.6417 1.4909, 5.9571 -3.6417 3.3178, 6.1132 -1.2003 3.2947, 5.9552 -3.6417 3.3049, 6.111 -1.2004 3.28, 5.9437 -3.6417 3.2263, 6.0971 -1.2008 3.1906, 6.0834 -1.2008 3.1317, 5.9549 -3.6417 3.4048, 6.1139 -1.2021 3.3989, 6.1137 -1.2016 3.3714, 6.0986 -1.2022 3.497, 6.1114 -1.2027 3.4272, 6.1136 -1.2022 3.4025, 5.9548 -3.6417 3.4111, 5.9418 -3.6417 3.4771, 6.0926 -1.202 3.5297, 5.9368 -3.6417 3.5024, 6.0856 -1.2013 3.5504, 5.9109 -3.6417 3.5707, 5.904 -3.6417 3.5891, 6.0599 -1.1987 3.6262, 6.0601 -1.1987 3.6256, 5.9946 -1.2017 3.7467, 5.9959 -1.2017 3.7451, 6.0123 -1.2007 3.7163, 6.0468 -1.1986 3.6555, 5.8642 -3.6417 3.657, 5.8571 -3.6417 3.6691, 5.9343 -1.2027 3.8244, 5.8028 -3.6417 3.7335, 5.9129 -1.2016 3.8472, 5.7966 -3.6417 3.7409, 5.9 -1.2012 3.8585, 5.9066 -1.2014 3.8528, 5.7256 -3.6417 3.8008, 5.7551 -1.2008 3.9678, 5.7272 -3.6417 3.7994, 5.7984 -1.1997 3.9396, 5.8349 -1.1988 3.9159, 5.541 -3.6417 3.8845, 5.5865 -1.2018 4.0347, 5.5596 -3.6417 3.8808, 5.6289 -1.2025 4.0241, 5.6395 -3.6417 3.8502, 5.6803 -1.2022 4.0028, 5.6459 -3.6417 3.8477, 5.7249 -1.2019 3.9844, 5.7491 -1.2009 3.9717, 5.4674 -3.6417 3.899, 5.5276 -1.2007 4.0494, 5.5573 -1.2013 4.042, 5.4068 -3.6417 3.9023, 5.4068 -1.2008 4.0598, 5.4328 -3.6417 3.9009, 5.4343 -1.2007 4.0579, 5.5028 -1.2005 4.0533, -2.8643 -1.2008 1.9633, -3.3268 -1.2008 -0.0741, -2.736 -1.2008 1.7962, -2.5689 -1.2008 1.6679, 8.8386 -1.2008 4.611, 8.2479 -1.2008 2.9376, 8.3761 -1.2008 2.7704, 8.7992 -1.2008 -0.1134, 5.1499 -1.2008 0.4115, 5.0271 -1.2008 0.3941, -1.7618 -1.2008 3.0658, -0.728 -1.2008 3.8892, -0.6552 -1.2008 3.9882, -1.3583 -1.2008 2.3669, -0.4031 -1.2008 1.158, -1.3858 -1.2008 2.5758, -0.8609 -1.2008 3.1265, -1.4664 -1.2008 2.7704, 4.949 -1.2008 0.391, 0.5628 -1.2008 0.391, -3.2874 -1.2008 -0.1134, 0.4384 -1.2008 0.3988, 0.317 -1.2008 0.4219, 0.2342 -1.2008 0.447, 0.1194 -1.2008 0.4957, 7.4683 -1.2008 1.5873, 7.2736 -1.2008 1.6679, 5.9149 -1.2008 1.158, 7.1065 -1.2008 1.7962, 6.9782 -1.2008 1.9633, 8.4568 -1.2008 2.5758, 8.4843 -1.2008 2.3669, 8.8386 -1.2008 -0.0741, 8.4568 -1.2008 2.158, 8.3761 -1.2008 1.9633, 7.8861 -1.2008 1.5873, 8.8189 -1.2008 -0.1082, 8.8271 -1.2008 -0.1019, 8.2479 -1.2008 1.7962, 8.0807 -1.2008 1.6679, 8.8372 -1.2008 -0.0843, 8.8333 -1.2008 -0.0938, -1.5947 -1.2008 2.9376, -0.8228 -1.2008 3.701, -0.7886 -1.2008 3.7809, 7.6772 -1.2008 1.5598, 8.8094 -1.2008 -0.1121, 5.7859 -1.2008 0.8505, 5.7123 -1.2008 0.7497, 5.4604 -1.2008 0.533, 5.3502 -1.2008 0.4758, 5.2701 -1.2008 0.4444, -0.8864 -1.2008 3.3738, -0.8807 -1.2008 3.4599, -0.8594 -1.2008 3.5825, 6.8976 -1.2008 2.158, 6.8701 -1.2008 2.3669, 6.3727 -1.2008 3.1265, 6.3742 -1.2008 3.5698, 6.3939 -1.2008 3.4469, 7.1065 -1.2008 2.9376, -0.8814 -1.2008 3.2498, -0.2295 -1.2008 0.7863, -0.2782 -1.2008 0.8571, -1.5947 -1.2008 1.7962, -1.3858 -1.2008 2.158, -1.4664 -1.2008 1.9633, -0.3823 -1.2008 1.0823, -0.3374 -1.2008 0.9667, -3.3254 -1.2008 -0.0843, -3.3215 -1.2008 -0.0938, -3.3152 -1.2008 -0.1019, -2.9449 -1.2008 2.158, -2.9724 -1.2008 2.3669, -3.3268 -1.2008 4.611, -2.9449 -1.2008 2.5758, -2.8643 -1.2008 2.7704, 5.8791 -1.2008 1.0386, 5.8292 -1.2008 0.9257, 5.6277 -1.2008 0.6596, 5.5631 -1.2008 0.6039, -3.3071 -1.2008 -0.1082, -3.2976 -1.2008 -0.1121, -2.3742 -1.2008 1.5873, -2.1653 -1.2008 1.5598, -1.9565 -1.2008 1.5873, 0.0126 -1.2008 0.5576, -1.7618 -1.2008 1.6679, -0.0564 -1.2008 0.608, -0.1488 -1.2008 0.692, 6.2486 -1.2008 3.8753, 6.3078 -1.2008 3.7651, 6.3525 -1.2008 3.6495, 8.6024 -1.2008 4.8472, 5.8505 -1.2008 4.238, 5.9579 -1.2008 4.1754, 6.8976 -1.2008 2.5758, 6.9782 -1.2008 2.7704, 6.3915 -1.2008 3.2344, 6.398 -1.2008 3.3227, 8.8305 -1.2008 4.6721, 7.8861 -1.2008 3.1465, 8.0807 -1.2008 3.0658, 8.8069 -1.2008 4.7291, 8.7694 -1.2008 4.778, 8.7205 -1.2008 4.8155, 8.6635 -1.2008 4.8391, 7.6772 -1.2008 3.174, 7.4683 -1.2008 3.1465, 6.0275 -1.2008 4.1244, 7.2736 -1.2008 3.0658, 6.1193 -1.2008 4.0409, 6.1992 -1.2008 3.9476, -3.1517 -1.2008 4.8391, -3.2087 -1.2008 4.8155, -2.3742 -1.2008 3.1465, -3.2576 -1.2008 4.778, -3.0905 -1.2008 4.8472, -2.1653 -1.2008 3.174, -1.9565 -1.2008 3.1465, -0.2117 -1.2008 4.2909, -0.0918 -1.2008 4.323, -2.736 -1.2008 2.9376, -2.5689 -1.2008 3.0658, -3.3187 -1.2008 4.6721, -3.2951 -1.2008 4.7291, -0.5964 -1.2008 4.0522, -0.5023 -1.2008 4.1349, -0.3997 -1.2008 4.2047, -0.3269 -1.2008 4.2438, 5.5315 -1.2008 4.3349, 5.6534 -1.2008 4.3116, 5.7359 -1.2008 4.2866, -0.0041 -1.2008 4.3367, 0.105 -1.2008 4.3428, 5.4068 -1.2008 4.3428
            ]
        }
        coordIndex [
            0,1,2,-1,2,1,3,-1,4,5,6,-1,7,8,9,-1,9,8,10,-1,11,12,13,-1,13,12,14,-1,13,14,15,-1,15,14,16,-1,15,16,17,-1,18,19,20,-1,20,19,21,-1,20,21,11,-1,11,21,22,-1,11,22,12,-1,23,24,18,-1,18,24,25,-1,18,25,19,-1,26,27,28,-1,28,27,29,-1,28,29,23,-1,23,29,30,-1,23,30,24,-1,8,31,10,-1,10,31,32,-1,10,32,33,-1,33,32,34,-1,33,34,26,-1,26,34,35,-1,26,35,27,-1,7,9,36,-1,36,9,37,-1,36,37,38,-1,38,37,39,-1,38,39,40,-1,40,39,41,-1,40,41,42,-1,42,41,43,-1,42,43,44,-1,45,46,43,-1,43,46,47,-1,43,47,44,-1,48,49,45,-1,45,49,50,-1,45,50,46,-1,51,52,53,-1,53,52,54,-1,53,54,55,-1,55,54,56,-1,55,56,57,-1,57,56,58,-1,57,58,59,-1,59,58,60,-1,59,60,48,-1,48,60,61,-1,48,61,49,-1,51,53,62,-1,62,53,63,-1,62,63,64,-1,64,63,65,-1,64,65,66,-1,67,68,69,-1,69,68,66,-1,69,66,70,-1,70,66,65,-1,71,72,73,-1,73,74,71,-1,71,74,75,-1,71,75,76,-1,76,75,77,-1,76,77,78,-1,78,77,79,-1,78,79,80,-1,80,79,81,-1,80,81,82,-1,82,81,83,-1,82,83,67,-1,67,83,84,-1,67,84,68,-1,6,85,4,-1,4,85,86,-1,4,86,72,-1,72,86,87,-1,72,87,73,-1,88,89,5,-1,5,89,90,-1,5,90,6,-1,91,92,93,-1,93,92,94,-1,93,94,95,-1,95,94,96,-1,95,96,88,-1,88,96,97,-1,88,97,89,-1,98,91,99,-1,98,100,91,-1,91,100,101,-1,91,101,92,-1,102,103,104,-1,104,103,105,-1,104,105,106,-1,106,105,107,-1,106,107,108,-1,108,107,109,-1,108,109,110,-1,110,109,111,-1,110,111,99,-1,99,111,112,-1,99,112,98,-1,113,114,115,-1,115,114,116,-1,115,116,117,-1,117,116,118,-1,117,118,119,-1,119,118,120,-1,119,120,121,-1,121,120,102,-1,121,102,122,-1,122,102,104,-1,123,124,125,-1,125,126,123,-1,123,126,127,-1,123,127,128,-1,128,127,129,-1,128,129,130,-1,130,129,131,-1,130,131,132,-1,132,131,133,-1,132,133,113,-1,113,133,134,-1,113,134,114,-1,1,135,3,-1,3,135,136,-1,3,136,124,-1,124,136,137,-1,124,137,125,-1,138,139,140,-1,140,139,141,-1,140,141,142,-1,142,141,143,-1,142,143,144,-1,144,143,145,-1,144,145,2,-1,2,145,146,-1,2,146,0,-1,147,148,138,-1,138,148,149,-1,138,149,139,-1,150,151,152,-1,152,151,153,-1,152,153,147,-1,147,153,154,-1,147,154,148,-1,155,156,157,-1,157,156,158,-1,157,158,159,-1,159,158,160,-1,159,160,150,-1,150,160,161,-1,150,161,151,-1,162,163,164,-1,164,163,165,-1,164,165,166,-1,166,165,155,-1,166,155,167,-1,167,155,157,-1,168,169,170,-1,170,169,171,-1,170,171,172,-1,172,171,173,-1,172,173,162,-1,162,173,174,-1,162,174,163,-1,175,176,168,-1,168,176,177,-1,168,177,169,-1,178,179,175,-1,175,179,180,-1,175,180,176,-1,175,181,178,-1,178,181,182,-1,178,182,183,-1,183,182,184,-1,183,184,185,-1,185,184,186,-1,187,188,186,-1,186,188,189,-1,186,189,185,-1,190,191,187,-1,191,192,187,-1,187,192,193,-1,187,193,188,-1,187,194,190,-1,190,194,195,-1,190,195,196,-1,196,195,197,-1,196,197,198,-1,199,200,197,-1,197,200,201,-1,197,201,198,-1,202,203,204,-1,204,203,205,-1,204,205,199,-1,199,205,206,-1,199,206,200,-1,207,208,209,-1,209,208,210,-1,209,210,211,-1,211,210,212,-1,211,212,213,-1,213,212,214,-1,213,214,202,-1,202,214,215,-1,202,215,203,-1,216,217,207,-1,207,217,218,-1,207,218,208,-1,17,16,219,-1,219,16,220,-1,219,220,221,-1,221,220,222,-1,221,222,216,-1,216,222,223,-1,216,223,217,-1,224,225,226,-1,226,225,227,-1,228,229,230,-1,231,232,233,-1,234,235,236,-1,237,238,239,-1,239,238,240,-1,239,240,241,-1,233,242,231,-1,231,242,243,-1,231,243,244,-1,244,243,245,-1,245,246,244,-1,244,246,247,-1,244,247,248,-1,249,250,251,-1,251,250,252,-1,251,252,253,-1,230,254,228,-1,228,254,255,-1,228,255,256,-1,256,255,257,-1,256,257,258,-1,259,260,261,-1,258,262,256,-1,256,262,263,-1,256,263,264,-1,264,263,259,-1,264,259,265,-1,265,259,261,-1,266,267,234,-1,234,267,268,-1,234,268,235,-1,269,231,259,-1,259,231,270,-1,259,270,260,-1,271,272,231,-1,273,274,231,-1,231,274,275,-1,231,275,232,-1,276,277,266,-1,266,277,278,-1,266,278,267,-1,253,279,251,-1,251,279,280,-1,251,280,281,-1,282,283,284,-1,241,240,266,-1,266,240,285,-1,266,285,276,-1,286,287,288,-1,237,289,238,-1,238,289,290,-1,238,290,291,-1,291,290,288,-1,291,288,292,-1,292,288,287,-1,225,293,227,-1,227,293,294,-1,227,294,295,-1,224,296,225,-1,225,296,297,-1,225,297,298,-1,298,297,299,-1,298,299,300,-1,249,251,269,-1,269,251,301,-1,269,301,231,-1,231,301,302,-1,231,302,271,-1,272,303,231,-1,231,303,304,-1,231,304,273,-1,295,305,227,-1,227,305,306,-1,227,306,307,-1,307,306,244,-1,307,244,308,-1,308,244,248,-1,308,248,309,-1,309,248,310,-1,309,310,311,-1,311,310,312,-1,311,312,288,-1,288,312,313,-1,288,313,286,-1,314,315,284,-1,284,315,316,-1,284,316,282,-1,317,318,319,-1,280,320,281,-1,281,320,321,-1,281,321,322,-1,322,321,284,-1,322,284,323,-1,323,284,283,-1,324,325,228,-1,228,325,326,-1,228,326,229,-1,324,327,325,-1,325,327,328,-1,325,328,329,-1,329,330,325,-1,325,330,317,-1,325,317,331,-1,331,317,319,-1,331,319,332,-1,332,319,333,-1,332,333,334,-1,334,333,335,-1,334,335,284,-1,284,335,336,-1,284,336,314,-1,337,338,339,-1,339,338,340,-1,337,339,341,-1,341,339,342,-1,341,342,343,-1,341,344,345,-1,300,346,298,-1,298,346,347,-1,298,347,348,-1,348,347,339,-1,348,339,349,-1,349,339,340,-1,236,350,234,-1,234,350,351,-1,234,351,343,-1,343,351,352,-1,343,352,341,-1,341,352,353,-1,341,353,344,-1,354,355,317,-1,317,355,356,-1,317,356,318,-1,345,357,341,-1,341,357,358,-1,341,358,317,-1,317,358,359,-1,317,359,354,-1,
        ]
    }
}
Shape{
    appearance Appearance {
        material  Material 	{
            diffuseColor 0.2980392156862745 0.2980392156862745 0.2980392156862745
            specularColor 0.09019607843137255 0.09019607843137255 0.09019607843137255
            ambientIntensity 0.298
            transparency 0.0
            shininess 0.5
        }
    }
    geometry IndexedFaceSet {
        ccw TRUE
        solid FALSE
        coord DEF co Coordinate {
            point [
                4.7992 3.6417 0.359, 4.5295 3.6417 0.359, 4.7992 3.6417 1.3039, 4.5295 3.6417 1.3039, 2.0728 3.6417 1.3039, -0.6313 3.6417 3.9824, -0.5905 3.6417 4.0137, -0.6626 3.6417 3.9417, 1.8032 3.6417 1.3039, 1.8032 3.6417 0.359, 2.0728 3.6417 0.359, 1.2579 3.6417 1.3039, 0.9823 3.6417 1.3039, -0.689 3.6417 3.8432, 3.1634 3.6417 1.3039, 3.1634 3.6417 0.359, 2.8937 3.6417 0.359, 1.5276 3.6417 1.3039, 1.5276 3.6417 0.359, 1.2579 3.6417 0.359, -0.6823 3.6417 3.8942, 2.6181 3.6417 0.359, 2.3484 3.6417 0.359, 2.6181 3.6417 1.3039, 2.3484 3.6417 1.3039, 8.4252 3.6417 1.0873, 8.8189 3.6417 1.0873, 8.4252 3.6417 0.3787, 8.8189 3.6417 -0.0938, 6.9291 3.6417 0.3787, 6.1811 3.6417 -0.0938, 6.9291 3.6417 1.0873, 6.1811 3.6417 0.359, 6.2008 3.6417 1.0873, 5.0748 3.6417 0.359, 6.2008 3.6417 3.8432, 5.0748 3.6417 1.3039, 6.1941 3.6417 3.8942, 6.0039 3.6417 4.0401, 4.2539 3.6417 1.3039, 0.9823 3.6417 0.359, 0.7126 3.6417 0.359, 0.7126 3.6417 1.3039, 0.437 3.6417 1.3039, -0.689 3.6417 1.0873, 0.437 3.6417 0.359, -1.4173 3.6417 1.0873, -0.6693 3.6417 0.359, -1.4173 3.6417 0.3787, -0.6693 3.6417 -0.0938, -2.9134 3.6417 0.3787, -3.3071 3.6417 -0.0938, -2.9134 3.6417 1.0873, -3.3071 3.6417 1.0873, 6.0549 3.6417 4.0334, 6.1024 3.6417 4.0137, 6.1431 3.6417 3.9824, 6.1744 3.6417 3.9417, 4.2539 3.6417 0.359, 3.9843 3.6417 0.359, 3.9843 3.6417 1.3039, 3.7087 3.6417 1.3039, 2.8937 3.6417 1.3039, 3.439 3.6417 1.3039, 3.439 3.6417 0.359, 3.7087 3.6417 0.359, -0.5431 3.6417 4.0334, -0.4921 3.6417 4.0401, 8.8189 -0.0984 4.0401, 8.8189 -0.0984 4.6307, 8.8189 -1.0827 4.6307, 8.8189 -0.0984 3.5086, 8.8189 0.4134 3.5086, 8.8189 0.4134 4.0401, 8.8189 -0.0984 1.0873, 8.8189 -1.0827 -0.0938, -3.3071 -1.0827 -0.0938, -3.3071 -1.0827 4.6307, -3.3071 -0.0984 4.0401, -3.3071 -0.0984 4.6307, -3.3071 -0.0984 1.0873, -3.3071 -0.0984 3.5086, -3.3071 0.4134 3.5086, -3.3071 0.4134 4.0401, 8.6221 -0.0984 4.8275, -3.1102 -0.0984 4.8275, 8.6221 -1.0827 4.8275, -3.1102 -1.0827 4.8275, -1.436 2.6695 -0.0938, -1.491 2.8268 -0.0938, -2.751 2.9679 -0.0938, -2.8397 2.8268 -0.0938, 8.4252 -1.0827 -0.0938, 8.4252 2.5039 -0.0938, 6.9291 2.5039 -0.0938, 6.1811 -0.2953 -0.0938, 6.9291 -1.0827 -0.0938, -0.6693 -0.2953 -0.0938, -1.4173 -1.0827 -0.0938, -1.4173 2.5039 -0.0938, -1.5797 2.9679 -0.0938, -1.6975 3.0857 -0.0938, -1.8386 3.1743 -0.0938, 8.4065 2.6695 -0.0938, 8.3515 2.8268 -0.0938, 8.2629 2.9679 -0.0938, 7.0915 2.9679 -0.0938, 7.2093 3.0857 -0.0938, 7.3504 3.1743 -0.0938, 7.0028 2.8268 -0.0938, 6.9478 2.6695 -0.0938, -2.3349 3.2294 -0.0938, -2.4921 3.1743 -0.0938, -2.6332 3.0857 -0.0938, -2.9134 -1.0827 -0.0938, -2.9134 2.5039 -0.0938, -2.8947 2.6695 -0.0938, -1.9958 3.2294 -0.0938, -2.1614 3.248 -0.0938, -2.1693 3.248 -0.0938, 8.145 3.0857 -0.0938, 8.004 3.1743 -0.0938, 7.8467 3.2294 -0.0938, 7.6811 3.248 -0.0938, 7.6732 3.248 -0.0938, 7.5077 3.2294 -0.0938, -3.3004 -0.0984 4.6816, -3.2807 -0.0984 4.7291, -3.2494 -0.0984 4.7698, 8.673 -0.0984 4.8208, 8.7205 -0.0984 4.8011, 8.7612 -0.0984 4.7698, -3.1612 -0.0984 4.8208, -3.2087 -0.0984 4.8011, 8.7925 -0.0984 4.7291, 8.8122 -0.0984 4.6816, -0.4921 0.4134 4.0401, 6.0039 0.4134 4.0401, -0.689 0.4134 3.8432, -0.689 0.4134 3.5086, -0.689 -0.0984 3.5086, -0.689 -0.0984 1.0873, -0.5431 0.4134 4.0334, -0.5905 0.4134 4.0137, -0.6313 0.4134 3.9824, -0.6626 0.4134 3.9417, -0.6823 0.4134 3.8942, -1.4173 1.4724 1.0873, -1.436 1.3069 1.0873, -1.491 1.1496 1.0873, -1.5797 1.0085 1.0873, -1.6975 0.8907 1.0873, -1.8386 0.802 1.0873, -1.9958 0.747 1.0873, -2.1614 0.7283 1.0873, -2.1693 0.7283 1.0873, -2.3349 0.747 1.0873, -2.4921 0.802 1.0873, -2.6332 0.8907 1.0873, -2.751 1.0085 1.0873, -2.8397 1.1496 1.0873, -2.9134 1.4724 1.0873, -2.8947 1.3069 1.0873, 6.1941 0.4134 3.8942, 6.1744 0.4134 3.9417, 6.1431 0.4134 3.9824, 6.1024 0.4134 4.0137, 6.0549 0.4134 4.0334, 6.2008 0.4134 3.5086, 6.2008 0.4134 3.8432, 6.2008 -0.0984 3.5086, 6.2008 -0.0984 1.0873, 8.4065 1.3069 1.0873, 8.3515 1.1496 1.0873, 8.2629 1.0085 1.0873, 8.145 0.8907 1.0873, 8.004 0.802 1.0873, 7.8467 0.747 1.0873, 8.4252 1.4724 1.0873, 7.3504 0.802 1.0873, 7.2093 0.8907 1.0873, 7.0915 1.0085 1.0873, 7.0028 1.1496 1.0873, 6.9291 1.4724 1.0873, 6.9478 1.3069 1.0873, 7.6811 0.7283 1.0873, 7.6732 0.7283 1.0873, 7.5077 0.747 1.0873, 8.4252 2.5039 0.3787, 8.4252 1.4724 0.3787, 8.4252 -1.0827 0.3787, 7.6811 0.7283 0.3787, 7.8467 0.747 0.3787, 8.004 0.802 0.3787, 8.145 0.8907 0.3787, 8.2629 1.0085 0.3787, 8.3515 1.1496 0.3787, 8.4065 1.3069 0.3787, 7.6732 0.7283 0.3787, 6.9291 1.4724 0.3787, 6.9478 1.3069 0.3787, 7.0028 1.1496 0.3787, 7.0915 1.0085 0.3787, 7.2093 0.8907 0.3787, 7.3504 0.802 0.3787, 7.5077 0.747 0.3787, 6.9291 2.5039 0.3787, 6.9291 -1.0827 0.3787, 8.4065 2.6695 0.3787, 8.3515 2.8268 0.3787, 6.9478 2.6695 0.3787, 7.0028 2.8268 0.3787, 7.0915 2.9679 0.3787, 7.2093 3.0857 0.3787, 7.3504 3.1743 0.3787, 7.8467 3.2294 0.3787, 8.004 3.1743 0.3787, 8.145 3.0857 0.3787, 8.2629 2.9679 0.3787, 7.5077 3.2294 0.3787, 7.6732 3.248 0.3787, 7.6811 3.248 0.3787, -2.1614 0.7283 0.3787, -1.9958 0.747 0.3787, -1.8386 0.802 0.3787, -1.6975 0.8907 0.3787, -1.5797 1.0085 0.3787, -1.491 1.1496 0.3787, -1.436 1.3069 0.3787, -1.4173 1.4724 0.3787, -2.1693 0.7283 0.3787, -2.9134 1.4724 0.3787, -2.8947 1.3069 0.3787, -2.8397 1.1496 0.3787, -2.751 1.0085 0.3787, -2.6332 0.8907 0.3787, -2.4921 0.802 0.3787, -2.3349 0.747 0.3787, -2.9134 -1.0827 0.3787, -2.9134 2.5039 0.3787, -1.4173 2.5039 0.3787, -1.4173 -1.0827 0.3787, -1.5797 2.9679 0.3787, -1.491 2.8268 0.3787, -1.436 2.6695 0.3787, -2.8397 2.8268 0.3787, -2.8947 2.6695 0.3787, -2.751 2.9679 0.3787, -2.6332 3.0857 0.3787, -2.4921 3.1743 0.3787, -1.9958 3.2294 0.3787, -1.8386 3.1743 0.3787, -1.6975 3.0857 0.3787, -2.3349 3.2294 0.3787, -2.1693 3.248 0.3787, -2.1614 3.248 0.3787, 6.1811 -0.2953 0.359, -0.6693 -0.2953 0.359, 4.7992 2.9331 1.3039, 4.7992 2.9331 0.359, 5.0748 2.9331 1.3039, 5.0748 2.9331 0.359, 5.0478 3.249 1.3039, 5.0275 3.2755 1.3039, 4.873 3.0742 1.3039, 4.8465 3.0946 1.3039, 4.8262 3.1211 1.3039, 5.001 3.0742 1.3039, 5.0275 3.0946 1.3039, 5.0478 3.1211 1.3039, 5.0606 3.1519 1.3039, 5.065 3.185 1.3039, 5.0606 3.2182 1.3039, 4.8262 3.249 1.3039, 4.8134 3.2182 1.3039, 4.8091 3.185 1.3039, 4.8134 3.1519 1.3039, 4.9039 3.3086 1.3039, 4.873 3.2958 1.3039, 4.8465 3.2755 1.3039, 4.9039 3.0614 1.3039, 4.937 3.0571 1.3039, 4.9701 3.0614 1.3039, 5.001 3.2958 1.3039, 4.9701 3.3086 1.3039, 4.937 3.313 1.3039, 4.2539 1.8307 1.3039, 4.2539 1.8307 0.359, 4.5295 1.8307 1.3039, 4.5295 1.8307 0.359, 4.4557 1.9561 1.3039, 4.4822 1.9765 1.3039, 4.5025 2.003 1.3039, 4.5025 2.1309 1.3039, 4.4822 2.1574 1.3039, 4.2681 2.0338 1.3039, 4.2638 2.0669 1.3039, 4.2681 2.1 1.3039, 4.4557 2.1777 1.3039, 4.4249 2.1905 1.3039, 4.2809 2.003 1.3039, 4.3013 1.9765 1.3039, 4.3278 1.9561 1.3039, 4.5153 2.0338 1.3039, 4.5197 2.0669 1.3039, 4.5153 2.1 1.3039, 4.3917 2.1949 1.3039, 4.3586 2.1905 1.3039, 4.3278 2.1777 1.3039, 4.3013 2.1574 1.3039, 4.2809 2.1309 1.3039, 4.3586 1.9433 1.3039, 4.3917 1.939 1.3039, 4.4249 1.9433 1.3039, 3.7087 2.9331 1.3039, 3.7087 2.9331 0.359, 3.9843 2.9331 1.3039, 3.9843 2.9331 0.359, 3.9573 3.249 1.3039, 3.9369 3.2755 1.3039, 3.8133 3.3086 1.3039, 3.7825 3.2958 1.3039, 3.756 3.2755 1.3039, 3.7357 3.249 1.3039, 3.7229 3.2182 1.3039, 3.7185 3.185 1.3039, 3.7229 3.1519 1.3039, 3.9104 3.0742 1.3039, 3.9369 3.0946 1.3039, 3.9573 3.1211 1.3039, 3.7357 3.1211 1.3039, 3.756 3.0946 1.3039, 3.7825 3.0742 1.3039, 3.8133 3.0614 1.3039, 3.8465 3.0571 1.3039, 3.8796 3.0614 1.3039, 3.9701 3.1519 1.3039, 3.9744 3.185 1.3039, 3.9701 3.2182 1.3039, 3.9104 3.2958 1.3039, 3.8796 3.3086 1.3039, 3.8465 3.313 1.3039, 2.6181 2.9331 1.3039, 2.6181 2.9331 0.359, 2.8937 2.9331 1.3039, 2.8937 2.9331 0.359, 2.8667 3.249 1.3039, 2.8464 3.2755 1.3039, 2.6451 3.1211 1.3039, 2.6654 3.0946 1.3039, 2.6919 3.0742 1.3039, 2.8199 3.0742 1.3039, 2.8464 3.0946 1.3039, 2.8839 3.185 1.3039, 2.8795 3.2182 1.3039, 2.8199 3.2958 1.3039, 2.789 3.3086 1.3039, 2.7559 3.313 1.3039, 2.7228 3.3086 1.3039, 2.6919 3.2958 1.3039, 2.6654 3.2755 1.3039, 2.6451 3.249 1.3039, 2.8667 3.1211 1.3039, 2.8795 3.1519 1.3039, 2.6323 3.2182 1.3039, 2.628 3.185 1.3039, 2.6323 3.1519 1.3039, 2.7228 3.0614 1.3039, 2.7559 3.0571 1.3039, 2.789 3.0614 1.3039, 1.5276 2.9331 1.3039, 1.5276 2.9331 0.359, 1.8032 2.9331 1.3039, 1.8032 2.9331 0.359, 1.7762 3.249 1.3039, 1.7558 3.2755 1.3039, 1.6322 3.3086 1.3039, 1.6014 3.2958 1.3039, 1.5749 3.2755 1.3039, 1.5545 3.249 1.3039, 1.5418 3.2182 1.3039, 1.5374 3.185 1.3039, 1.5418 3.1519 1.3039, 1.7293 3.0742 1.3039, 1.7558 3.0946 1.3039, 1.7762 3.1211 1.3039, 1.5545 3.1211 1.3039, 1.5749 3.0946 1.3039, 1.6014 3.0742 1.3039, 1.6322 3.0614 1.3039, 1.6654 3.0571 1.3039, 1.6985 3.0614 1.3039, 1.789 3.1519 1.3039, 1.7933 3.185 1.3039, 1.789 3.2182 1.3039, 1.7293 3.2958 1.3039, 1.6985 3.3086 1.3039, 1.6654 3.313 1.3039, 0.437 2.9331 1.3039, 0.437 2.9331 0.359, 0.7126 2.9331 1.3039, 0.7126 2.9331 0.359, 0.6856 3.249 1.3039, 0.6653 3.2755 1.3039, 0.5108 3.0742 1.3039, 0.4843 3.0946 1.3039, 0.464 3.1211 1.3039, 0.6388 3.0742 1.3039, 0.6653 3.0946 1.3039, 0.6856 3.1211 1.3039, 0.6984 3.1519 1.3039, 0.7028 3.185 1.3039, 0.6984 3.2182 1.3039, 0.464 3.249 1.3039, 0.4512 3.2182 1.3039, 0.4469 3.185 1.3039, 0.4512 3.1519 1.3039, 0.5417 3.3086 1.3039, 0.5108 3.2958 1.3039, 0.4843 3.2755 1.3039, 0.5417 3.0614 1.3039, 0.5748 3.0571 1.3039, 0.6079 3.0614 1.3039, 0.6388 3.2958 1.3039, 0.6079 3.3086 1.3039, 0.5748 3.313 1.3039, 3.1634 1.8307 1.3039, 3.1634 1.8307 0.359, 3.439 1.8307 1.3039, 3.439 1.8307 0.359, 3.2681 2.1905 1.3039, 3.2372 2.1777 1.3039, 3.1776 2.0338 1.3039, 3.1904 2.003 1.3039, 3.2107 1.9765 1.3039, 3.2372 1.9561 1.3039, 3.1732 2.0669 1.3039, 3.1776 2.1 1.3039, 3.3652 1.9561 1.3039, 3.3917 1.9765 1.3039, 3.412 2.003 1.3039, 3.412 2.1309 1.3039, 3.3917 2.1574 1.3039, 3.2107 2.1574 1.3039, 3.1904 2.1309 1.3039, 3.2681 1.9433 1.3039, 3.3012 1.939 1.3039, 3.3343 1.9433 1.3039, 3.3652 2.1777 1.3039, 3.3343 2.1905 1.3039, 3.3012 2.1949 1.3039, 3.4248 2.0338 1.3039, 3.4291 2.0669 1.3039, 3.4248 2.1 1.3039, 2.0728 1.8307 1.3039, 2.0728 1.8307 0.359, 2.3484 1.8307 1.3039, 2.3484 1.8307 0.359, 2.1775 2.1905 1.3039, 2.1467 2.1777 1.3039, 2.087 2.0338 1.3039, 2.0998 2.003 1.3039, 2.1202 1.9765 1.3039, 2.1467 1.9561 1.3039, 2.0827 2.0669 1.3039, 2.087 2.1 1.3039, 2.2746 1.9561 1.3039, 2.3011 1.9765 1.3039, 2.3214 2.003 1.3039, 2.3214 2.1309 1.3039, 2.3011 2.1574 1.3039, 2.1202 2.1574 1.3039, 2.0998 2.1309 1.3039, 2.1775 1.9433 1.3039, 2.2106 1.939 1.3039, 2.2438 1.9433 1.3039, 2.2746 2.1777 1.3039, 2.2438 2.1905 1.3039, 2.2106 2.1949 1.3039, 2.3342 2.0338 1.3039, 2.3386 2.0669 1.3039, 2.3342 2.1 1.3039, 0.9823 1.8307 1.3039, 0.9823 1.8307 0.359, 1.2579 1.8307 1.3039, 1.2579 1.8307 0.359, 0.9965 2.0338 1.3039, 1.0093 2.003 1.3039, 1.0296 1.9765 1.3039, 1.0561 1.9561 1.3039, 1.1841 1.9561 1.3039, 1.2106 1.9765 1.3039, 1.2309 2.003 1.3039, 1.1532 2.1905 1.3039, 1.2309 2.1309 1.3039, 1.2106 2.1574 1.3039, 1.1841 2.1777 1.3039, 1.1201 2.1949 1.3039, 1.087 2.1905 1.3039, 1.0561 2.1777 1.3039, 0.9921 2.0669 1.3039, 0.9965 2.1 1.3039, 1.087 1.9433 1.3039, 1.1201 1.939 1.3039, 1.1532 1.9433 1.3039, 1.2437 2.0338 1.3039, 1.248 2.0669 1.3039, 1.2437 2.1 1.3039, 1.0296 2.1574 1.3039, 1.0093 2.1309 1.3039
            ]
        }
        coordIndex [
            0,1,2,-1,2,1,3,-1,4,5,6,-1,7,5,8,-1,8,5,4,-1,8,4,9,-1,9,4,10,-1,11,12,13,-1,14,15,16,-1,17,18,19,-1,19,11,17,-1,17,11,13,-1,17,13,8,-1,8,13,20,-1,8,20,7,-1,21,22,23,-1,23,22,24,-1,25,26,27,-1,27,26,28,-1,27,28,29,-1,29,28,30,-1,29,30,31,-1,31,30,32,-1,31,32,33,-1,33,32,34,-1,33,34,35,-1,35,34,36,-1,35,36,37,-1,37,36,2,-1,38,3,39,-1,40,41,12,-1,12,41,42,-1,12,42,13,-1,13,42,43,-1,13,43,44,-1,44,43,45,-1,44,45,46,-1,46,45,47,-1,46,47,48,-1,48,47,49,-1,48,49,50,-1,50,49,51,-1,50,51,52,-1,52,51,53,-1,3,38,2,-1,2,38,54,-1,2,54,55,-1,55,56,2,-1,2,56,57,-1,2,57,37,-1,58,59,39,-1,39,59,60,-1,39,60,38,-1,38,60,61,-1,16,62,14,-1,14,62,38,-1,14,38,63,-1,63,38,61,-1,63,61,64,-1,64,61,65,-1,6,66,4,-1,4,66,67,-1,4,67,24,-1,24,67,38,-1,24,38,23,-1,23,38,62,-1,68,69,70,-1,71,72,73,-1,73,68,71,-1,71,68,70,-1,71,70,74,-1,74,70,75,-1,74,75,26,-1,26,75,28,-1,76,77,78,-1,78,77,79,-1,53,51,80,-1,80,51,76,-1,80,76,81,-1,81,76,78,-1,81,78,82,-1,82,78,83,-1,84,85,86,-1,86,85,87,-1,49,88,89,-1,51,90,91,-1,75,92,28,-1,28,92,93,-1,30,94,95,-1,95,94,96,-1,95,96,97,-1,97,96,98,-1,97,98,49,-1,49,98,99,-1,49,99,88,-1,89,100,49,-1,49,100,101,-1,49,101,102,-1,93,103,28,-1,28,103,104,-1,28,104,105,-1,106,30,107,-1,107,30,108,-1,106,109,30,-1,30,109,110,-1,30,110,94,-1,111,112,51,-1,51,112,113,-1,51,113,90,-1,114,76,115,-1,115,76,51,-1,115,51,116,-1,116,51,91,-1,102,117,49,-1,49,117,118,-1,49,118,51,-1,51,118,119,-1,51,119,111,-1,105,120,28,-1,28,120,121,-1,28,121,122,-1,122,123,28,-1,28,123,124,-1,28,124,30,-1,30,124,125,-1,30,125,108,-1,68,78,79,-1,126,127,128,-1,129,130,131,-1,129,69,84,-1,84,69,68,-1,84,68,85,-1,85,68,79,-1,85,79,132,-1,132,79,126,-1,132,126,133,-1,133,126,128,-1,131,134,129,-1,129,134,135,-1,129,135,69,-1,136,83,78,-1,68,73,137,-1,38,67,137,-1,137,67,136,-1,137,136,68,-1,68,136,78,-1,138,13,139,-1,139,13,44,-1,139,44,140,-1,140,44,141,-1,83,136,142,-1,142,143,83,-1,83,143,144,-1,83,144,145,-1,139,82,138,-1,138,82,83,-1,138,83,146,-1,146,83,145,-1,44,46,141,-1,141,46,147,-1,141,147,148,-1,148,149,141,-1,141,149,150,-1,141,150,151,-1,151,152,141,-1,141,152,153,-1,141,153,80,-1,80,153,154,-1,154,155,80,-1,80,155,156,-1,80,156,157,-1,157,158,80,-1,80,158,159,-1,80,159,160,-1,52,53,161,-1,161,53,80,-1,161,80,162,-1,162,80,160,-1,163,164,73,-1,73,164,165,-1,165,166,73,-1,73,166,167,-1,73,167,137,-1,72,168,73,-1,73,168,169,-1,73,169,163,-1,170,171,168,-1,168,171,33,-1,168,33,169,-1,169,33,35,-1,172,173,74,-1,74,173,174,-1,174,175,74,-1,74,175,176,-1,74,176,177,-1,172,74,178,-1,178,74,26,-1,178,26,25,-1,179,180,171,-1,171,180,181,-1,171,181,182,-1,31,33,183,-1,183,33,171,-1,183,171,184,-1,184,171,182,-1,177,185,74,-1,74,185,186,-1,74,186,171,-1,171,186,187,-1,171,187,179,-1,140,81,139,-1,139,81,82,-1,71,170,72,-1,72,170,168,-1,25,27,178,-1,178,27,188,-1,178,188,189,-1,189,188,93,-1,189,93,190,-1,190,93,92,-1,191,185,192,-1,192,185,177,-1,192,177,193,-1,193,177,176,-1,193,176,194,-1,194,176,175,-1,194,175,195,-1,195,175,174,-1,195,174,196,-1,196,174,173,-1,196,173,197,-1,197,173,172,-1,197,172,189,-1,189,172,178,-1,191,198,185,-1,185,198,186,-1,199,183,200,-1,200,183,184,-1,200,184,201,-1,201,184,182,-1,201,182,202,-1,202,182,181,-1,202,181,203,-1,203,181,180,-1,203,180,204,-1,204,180,179,-1,204,179,205,-1,205,179,187,-1,205,187,198,-1,198,187,186,-1,29,31,206,-1,206,31,183,-1,206,183,94,-1,94,183,199,-1,94,199,96,-1,96,199,207,-1,208,188,27,-1,208,27,209,-1,206,210,29,-1,29,210,211,-1,211,212,29,-1,29,212,213,-1,29,213,214,-1,27,215,216,-1,216,217,27,-1,27,217,218,-1,27,218,209,-1,214,219,29,-1,29,219,220,-1,29,220,27,-1,27,220,221,-1,27,221,215,-1,222,154,223,-1,223,154,153,-1,223,153,224,-1,224,153,152,-1,224,152,225,-1,225,152,151,-1,225,151,226,-1,226,151,150,-1,226,150,227,-1,227,150,149,-1,227,149,228,-1,228,149,148,-1,228,148,229,-1,229,148,147,-1,222,230,154,-1,154,230,155,-1,231,161,232,-1,232,161,162,-1,232,162,233,-1,233,162,160,-1,233,160,234,-1,234,160,159,-1,234,159,235,-1,235,159,158,-1,235,158,236,-1,236,158,157,-1,236,157,237,-1,237,157,156,-1,237,156,230,-1,230,156,155,-1,238,114,231,-1,231,114,115,-1,231,115,161,-1,161,115,239,-1,161,239,52,-1,52,239,50,-1,46,48,147,-1,147,48,240,-1,147,240,229,-1,229,240,99,-1,229,99,241,-1,241,99,98,-1,242,243,48,-1,48,243,244,-1,48,244,240,-1,245,50,246,-1,246,50,239,-1,245,247,50,-1,50,247,248,-1,50,248,249,-1,250,251,48,-1,48,251,252,-1,48,252,242,-1,249,253,50,-1,50,253,254,-1,50,254,48,-1,48,254,255,-1,48,255,250,-1,195,196,190,-1,190,196,197,-1,190,197,189,-1,201,207,200,-1,200,207,199,-1,201,202,207,-1,207,202,203,-1,207,203,204,-1,192,193,190,-1,190,193,194,-1,190,194,195,-1,204,205,207,-1,207,205,198,-1,207,198,190,-1,190,198,191,-1,190,191,192,-1,221,123,215,-1,215,123,122,-1,215,122,216,-1,216,122,121,-1,216,121,217,-1,217,121,120,-1,217,120,218,-1,218,120,105,-1,218,105,209,-1,209,105,104,-1,209,104,208,-1,208,104,103,-1,208,103,188,-1,188,103,93,-1,124,123,220,-1,220,123,221,-1,206,94,210,-1,210,94,110,-1,210,110,211,-1,211,110,109,-1,211,109,212,-1,212,109,106,-1,212,106,213,-1,213,106,107,-1,213,107,214,-1,214,107,108,-1,214,108,219,-1,219,108,125,-1,219,125,220,-1,220,125,124,-1,226,227,241,-1,241,227,228,-1,241,228,229,-1,223,224,241,-1,241,224,225,-1,241,225,226,-1,231,232,238,-1,238,232,233,-1,233,234,238,-1,238,234,235,-1,238,235,236,-1,236,237,238,-1,238,237,230,-1,238,230,241,-1,241,230,222,-1,241,222,223,-1,239,115,246,-1,246,115,116,-1,246,116,245,-1,245,116,91,-1,245,91,247,-1,247,91,90,-1,247,90,248,-1,248,90,113,-1,248,113,249,-1,249,113,112,-1,249,112,253,-1,253,112,111,-1,253,111,254,-1,254,111,119,-1,255,118,250,-1,250,118,117,-1,250,117,251,-1,251,117,102,-1,251,102,252,-1,252,102,101,-1,252,101,242,-1,242,101,100,-1,242,100,243,-1,243,100,89,-1,243,89,244,-1,244,89,88,-1,244,88,240,-1,240,88,99,-1,119,118,254,-1,254,118,255,-1,256,32,95,-1,95,32,30,-1,47,257,49,-1,49,257,97,-1,257,256,97,-1,97,256,95,-1,2,258,0,-1,0,258,259,-1,258,260,259,-1,259,260,261,-1,260,36,261,-1,261,36,34,-1,262,263,36,-1,264,258,265,-1,265,258,266,-1,267,268,260,-1,260,268,269,-1,269,270,260,-1,260,270,271,-1,260,271,36,-1,36,271,272,-1,36,272,262,-1,273,274,2,-1,2,274,275,-1,2,275,258,-1,258,275,276,-1,258,276,266,-1,277,278,2,-1,2,278,279,-1,2,279,273,-1,264,280,258,-1,258,280,281,-1,258,281,260,-1,260,281,282,-1,260,282,267,-1,263,283,36,-1,36,283,284,-1,36,284,2,-1,2,284,285,-1,2,285,277,-1,39,286,58,-1,58,286,287,-1,286,288,287,-1,287,288,289,-1,288,3,289,-1,289,3,1,-1,290,291,288,-1,288,291,292,-1,3,293,294,-1,295,286,296,-1,296,286,39,-1,296,39,297,-1,294,298,3,-1,3,298,299,-1,3,299,39,-1,295,300,286,-1,286,300,301,-1,286,301,302,-1,292,303,288,-1,288,303,304,-1,288,304,3,-1,3,304,305,-1,3,305,293,-1,299,306,39,-1,39,306,307,-1,39,307,308,-1,308,309,39,-1,39,309,310,-1,39,310,297,-1,302,311,286,-1,286,311,312,-1,286,312,288,-1,288,312,313,-1,288,313,290,-1,61,314,65,-1,65,314,315,-1,314,316,315,-1,315,316,317,-1,316,60,317,-1,317,60,59,-1,318,319,60,-1,320,321,61,-1,61,321,322,-1,61,322,323,-1,323,324,61,-1,61,324,325,-1,61,325,314,-1,314,325,326,-1,327,328,316,-1,316,328,329,-1,326,330,314,-1,314,330,331,-1,314,331,332,-1,332,333,314,-1,314,333,334,-1,314,334,316,-1,316,334,335,-1,316,335,327,-1,329,336,316,-1,316,336,337,-1,316,337,60,-1,60,337,338,-1,60,338,318,-1,319,339,60,-1,60,339,340,-1,60,340,61,-1,61,340,341,-1,61,341,320,-1,23,342,21,-1,21,342,343,-1,342,344,343,-1,343,344,345,-1,344,62,345,-1,345,62,16,-1,62,346,347,-1,348,349,342,-1,342,349,350,-1,351,352,344,-1,344,353,62,-1,62,353,354,-1,62,354,346,-1,347,355,62,-1,62,355,356,-1,62,356,23,-1,23,356,357,-1,23,357,358,-1,358,359,23,-1,23,359,360,-1,23,360,361,-1,352,362,344,-1,344,362,363,-1,344,363,353,-1,361,364,23,-1,23,364,365,-1,23,365,342,-1,342,365,366,-1,342,366,348,-1,350,367,342,-1,342,367,368,-1,342,368,344,-1,344,368,369,-1,344,369,351,-1,17,370,18,-1,18,370,371,-1,370,372,371,-1,371,372,373,-1,372,8,373,-1,373,8,9,-1,374,375,8,-1,376,377,17,-1,17,377,378,-1,17,378,379,-1,379,380,17,-1,17,380,381,-1,17,381,370,-1,370,381,382,-1,383,384,372,-1,372,384,385,-1,382,386,370,-1,370,386,387,-1,370,387,388,-1,388,389,370,-1,370,389,390,-1,370,390,372,-1,372,390,391,-1,372,391,383,-1,385,392,372,-1,372,392,393,-1,372,393,8,-1,8,393,394,-1,8,394,374,-1,375,395,8,-1,8,395,396,-1,8,396,17,-1,17,396,397,-1,17,397,376,-1,43,398,45,-1,45,398,399,-1,398,400,399,-1,399,400,401,-1,400,42,401,-1,401,42,41,-1,402,403,42,-1,404,398,405,-1,405,398,406,-1,407,408,400,-1,400,408,409,-1,409,410,400,-1,400,410,411,-1,400,411,42,-1,42,411,412,-1,42,412,402,-1,413,414,43,-1,43,414,415,-1,43,415,398,-1,398,415,416,-1,398,416,406,-1,417,418,43,-1,43,418,419,-1,43,419,413,-1,404,420,398,-1,398,420,421,-1,398,421,400,-1,400,421,422,-1,400,422,407,-1,403,423,42,-1,42,423,424,-1,42,424,43,-1,43,424,425,-1,43,425,417,-1,14,426,15,-1,15,426,427,-1,426,428,427,-1,427,428,429,-1,428,63,429,-1,429,63,64,-1,14,430,431,-1,432,433,426,-1,426,433,434,-1,426,434,435,-1,432,426,436,-1,436,426,14,-1,436,14,437,-1,438,439,428,-1,428,439,440,-1,441,442,63,-1,431,443,14,-1,14,443,444,-1,14,444,437,-1,435,445,426,-1,426,445,446,-1,426,446,428,-1,428,446,447,-1,428,447,438,-1,442,448,63,-1,63,448,449,-1,63,449,14,-1,14,449,450,-1,14,450,430,-1,440,451,428,-1,428,451,452,-1,428,452,63,-1,63,452,453,-1,63,453,441,-1,4,454,10,-1,10,454,455,-1,454,456,455,-1,455,456,457,-1,456,24,457,-1,457,24,22,-1,4,458,459,-1,460,461,454,-1,454,461,462,-1,454,462,463,-1,460,454,464,-1,464,454,4,-1,464,4,465,-1,466,467,456,-1,456,467,468,-1,469,470,24,-1,459,471,4,-1,4,471,472,-1,4,472,465,-1,463,473,454,-1,454,473,474,-1,454,474,456,-1,456,474,475,-1,456,475,466,-1,470,476,24,-1,24,476,477,-1,24,477,4,-1,4,477,478,-1,4,478,458,-1,468,479,456,-1,456,479,480,-1,456,480,24,-1,24,480,481,-1,24,481,469,-1,12,482,40,-1,40,482,483,-1,482,484,483,-1,483,484,485,-1,484,11,485,-1,485,11,19,-1,486,487,482,-1,482,487,488,-1,482,488,489,-1,490,491,484,-1,484,491,492,-1,12,11,493,-1,494,495,11,-1,11,495,496,-1,11,496,493,-1,493,497,12,-1,12,497,498,-1,12,498,499,-1,486,482,500,-1,500,482,12,-1,500,12,501,-1,489,502,482,-1,482,502,503,-1,482,503,484,-1,484,503,504,-1,484,504,490,-1,492,505,484,-1,484,505,506,-1,484,506,11,-1,11,506,507,-1,11,507,494,-1,499,508,12,-1,12,508,509,-1,12,509,501,-1,
        ]
    }
}
Shape{
    appearance Appearance {
        material  Material 	{
            diffuseColor 0.7686274509803922 0.7686274509803922 0.7686274509803922
            specularColor 0.615686274509804 0.615686274509804 0.615686274509804
            ambientIntensity 0.7686
            transparency 0.0
            shininess 0.5
        }
    }
    geometry IndexedFaceSet {
        ccw TRUE
        solid FALSE
        coord DEF co Coordinate {
            point [
                4.5197 2.0669 1.3039, 4.5153 2.1 -1.3733, 4.5153 2.1 1.3039, 4.5025 2.1309 -1.3733, 4.5025 2.1309 1.3039, 4.4822 2.1574 -1.3733, 4.4822 2.1574 1.3039, 4.4557 2.1777 -1.3733, 4.4557 2.1777 1.3039, 4.4249 2.1905 -1.3733, 4.4249 2.1905 1.3039, 4.3917 2.1949 -1.3733, 4.3917 2.1949 1.3039, 4.3586 2.1905 -1.3733, 4.3586 2.1905 1.3039, 4.3278 2.1777 -1.3733, 4.3278 2.1777 1.3039, 4.3013 2.1574 -1.3733, 4.3013 2.1574 1.3039, 4.2809 2.1309 -1.3733, 4.2809 2.1309 1.3039, 4.2681 2.1 -1.3733, 4.2681 2.1 1.3039, 4.2638 2.0669 -1.3733, 4.2638 2.0669 1.3039, 4.2681 2.0338 -1.3733, 4.2681 2.0338 1.3039, 4.2809 2.003 -1.3733, 4.2809 2.003 1.3039, 4.3013 1.9765 -1.3733, 4.3013 1.9765 1.3039, 4.3278 1.9561 -1.3733, 4.3278 1.9561 1.3039, 4.3586 1.9433 -1.3733, 4.3586 1.9433 1.3039, 4.3917 1.939 -1.3733, 4.3917 1.939 1.3039, 4.4249 1.9433 -1.3733, 4.4249 1.9433 1.3039, 4.4557 1.9561 -1.3733, 4.4557 1.9561 1.3039, 4.4822 1.9765 -1.3733, 4.4822 1.9765 1.3039, 4.5025 2.003 -1.3733, 4.5025 2.003 1.3039, 4.5153 2.0338 -1.3733, 4.5153 2.0338 1.3039, 4.5197 2.0669 -1.3733, 4.3917 2.0669 -1.3733, 5.065 3.185 1.3039, 5.0606 3.2182 -1.3733, 5.0606 3.2182 1.3039, 5.0478 3.249 -1.3733, 5.0478 3.249 1.3039, 5.0275 3.2755 -1.3733, 5.0275 3.2755 1.3039, 5.001 3.2958 -1.3733, 5.001 3.2958 1.3039, 4.9701 3.3086 -1.3733, 4.9701 3.3086 1.3039, 4.937 3.313 -1.3733, 4.937 3.313 1.3039, 4.9039 3.3086 -1.3733, 4.9039 3.3086 1.3039, 4.873 3.2958 -1.3733, 4.873 3.2958 1.3039, 4.8465 3.2755 -1.3733, 4.8465 3.2755 1.3039, 4.8262 3.249 -1.3733, 4.8262 3.249 1.3039, 4.8134 3.2182 -1.3733, 4.8134 3.2182 1.3039, 4.8091 3.185 -1.3733, 4.8091 3.185 1.3039, 4.8134 3.1519 -1.3733, 4.8134 3.1519 1.3039, 4.8262 3.1211 -1.3733, 4.8262 3.1211 1.3039, 4.8465 3.0946 -1.3733, 4.8465 3.0946 1.3039, 4.873 3.0742 -1.3733, 4.873 3.0742 1.3039, 4.9039 3.0614 -1.3733, 4.9039 3.0614 1.3039, 4.937 3.0571 -1.3733, 4.937 3.0571 1.3039, 4.9701 3.0614 -1.3733, 4.9701 3.0614 1.3039, 5.001 3.0742 -1.3733, 5.001 3.0742 1.3039, 5.0275 3.0946 -1.3733, 5.0275 3.0946 1.3039, 5.0478 3.1211 -1.3733, 5.0478 3.1211 1.3039, 5.0606 3.1519 -1.3733, 5.0606 3.1519 1.3039, 5.065 3.185 -1.3733, 4.937 3.185 -1.3733, 3.9744 3.185 1.3039, 3.9701 3.2182 -1.3733, 3.9701 3.2182 1.3039, 3.9573 3.249 -1.3733, 3.9573 3.249 1.3039, 3.9369 3.2755 -1.3733, 3.9369 3.2755 1.3039, 3.9104 3.2958 -1.3733, 3.9104 3.2958 1.3039, 3.8796 3.3086 -1.3733, 3.8796 3.3086 1.3039, 3.8465 3.313 -1.3733, 3.8465 3.313 1.3039, 3.8133 3.3086 -1.3733, 3.8133 3.3086 1.3039, 3.7825 3.2958 -1.3733, 3.7825 3.2958 1.3039, 3.756 3.2755 -1.3733, 3.756 3.2755 1.3039, 3.7357 3.249 -1.3733, 3.7357 3.249 1.3039, 3.7229 3.2182 -1.3733, 3.7229 3.2182 1.3039, 3.7185 3.185 -1.3733, 3.7185 3.185 1.3039, 3.7229 3.1519 -1.3733, 3.7229 3.1519 1.3039, 3.7357 3.1211 -1.3733, 3.7357 3.1211 1.3039, 3.756 3.0946 -1.3733, 3.756 3.0946 1.3039, 3.7825 3.0742 -1.3733, 3.7825 3.0742 1.3039, 3.8133 3.0614 -1.3733, 3.8133 3.0614 1.3039, 3.8465 3.0571 -1.3733, 3.8465 3.0571 1.3039, 3.8796 3.0614 -1.3733, 3.8796 3.0614 1.3039, 3.9104 3.0742 -1.3733, 3.9104 3.0742 1.3039, 3.9369 3.0946 -1.3733, 3.9369 3.0946 1.3039, 3.9573 3.1211 -1.3733, 3.9573 3.1211 1.3039, 3.9701 3.1519 -1.3733, 3.9701 3.1519 1.3039, 3.9744 3.185 -1.3733, 3.8465 3.185 -1.3733, 2.8839 3.185 1.3039, 2.8795 3.2182 -1.3733, 2.8795 3.2182 1.3039, 2.8667 3.249 -1.3733, 2.8667 3.249 1.3039, 2.8464 3.2755 -1.3733, 2.8464 3.2755 1.3039, 2.8199 3.2958 -1.3733, 2.8199 3.2958 1.3039, 2.789 3.3086 -1.3733, 2.789 3.3086 1.3039, 2.7559 3.313 -1.3733, 2.7559 3.313 1.3039, 2.7228 3.3086 -1.3733, 2.7228 3.3086 1.3039, 2.6919 3.2958 -1.3733, 2.6919 3.2958 1.3039, 2.6654 3.2755 -1.3733, 2.6654 3.2755 1.3039, 2.6451 3.249 -1.3733, 2.6451 3.249 1.3039, 2.6323 3.2182 -1.3733, 2.6323 3.2182 1.3039, 2.628 3.185 -1.3733, 2.628 3.185 1.3039, 2.6323 3.1519 -1.3733, 2.6323 3.1519 1.3039, 2.6451 3.1211 -1.3733, 2.6451 3.1211 1.3039, 2.6654 3.0946 -1.3733, 2.6654 3.0946 1.3039, 2.6919 3.0742 -1.3733, 2.6919 3.0742 1.3039, 2.7228 3.0614 -1.3733, 2.7228 3.0614 1.3039, 2.7559 3.0571 -1.3733, 2.7559 3.0571 1.3039, 2.789 3.0614 -1.3733, 2.789 3.0614 1.3039, 2.8199 3.0742 -1.3733, 2.8199 3.0742 1.3039, 2.8464 3.0946 -1.3733, 2.8464 3.0946 1.3039, 2.8667 3.1211 -1.3733, 2.8667 3.1211 1.3039, 2.8795 3.1519 -1.3733, 2.8795 3.1519 1.3039, 2.8839 3.185 -1.3733, 2.7559 3.185 -1.3733, 1.7933 3.185 1.3039, 1.789 3.2182 -1.3733, 1.789 3.2182 1.3039, 1.7762 3.249 -1.3733, 1.7762 3.249 1.3039, 1.7558 3.2755 -1.3733, 1.7558 3.2755 1.3039, 1.7293 3.2958 -1.3733, 1.7293 3.2958 1.3039, 1.6985 3.3086 -1.3733, 1.6985 3.3086 1.3039, 1.6654 3.313 -1.3733, 1.6654 3.313 1.3039, 1.6322 3.3086 -1.3733, 1.6322 3.3086 1.3039, 1.6014 3.2958 -1.3733, 1.6014 3.2958 1.3039, 1.5749 3.2755 -1.3733, 1.5749 3.2755 1.3039, 1.5545 3.249 -1.3733, 1.5545 3.249 1.3039, 1.5418 3.2182 -1.3733, 1.5418 3.2182 1.3039, 1.5374 3.185 -1.3733, 1.5374 3.185 1.3039, 1.5418 3.1519 -1.3733, 1.5418 3.1519 1.3039, 1.5545 3.1211 -1.3733, 1.5545 3.1211 1.3039, 1.5749 3.0946 -1.3733, 1.5749 3.0946 1.3039, 1.6014 3.0742 -1.3733, 1.6014 3.0742 1.3039, 1.6322 3.0614 -1.3733, 1.6322 3.0614 1.3039, 1.6654 3.0571 -1.3733, 1.6654 3.0571 1.3039, 1.6985 3.0614 -1.3733, 1.6985 3.0614 1.3039, 1.7293 3.0742 -1.3733, 1.7293 3.0742 1.3039, 1.7558 3.0946 -1.3733, 1.7558 3.0946 1.3039, 1.7762 3.1211 -1.3733, 1.7762 3.1211 1.3039, 1.789 3.1519 -1.3733, 1.789 3.1519 1.3039, 1.7933 3.185 -1.3733, 1.6654 3.185 -1.3733, 0.7028 3.185 1.3039, 0.6984 3.2182 -1.3733, 0.6984 3.2182 1.3039, 0.6856 3.249 -1.3733, 0.6856 3.249 1.3039, 0.6653 3.2755 -1.3733, 0.6653 3.2755 1.3039, 0.6388 3.2958 -1.3733, 0.6388 3.2958 1.3039, 0.6079 3.3086 -1.3733, 0.6079 3.3086 1.3039, 0.5748 3.313 -1.3733, 0.5748 3.313 1.3039, 0.5417 3.3086 -1.3733, 0.5417 3.3086 1.3039, 0.5108 3.2958 -1.3733, 0.5108 3.2958 1.3039, 0.4843 3.2755 -1.3733, 0.4843 3.2755 1.3039, 0.464 3.249 -1.3733, 0.464 3.249 1.3039, 0.4512 3.2182 -1.3733, 0.4512 3.2182 1.3039, 0.4469 3.185 -1.3733, 0.4469 3.185 1.3039, 0.4512 3.1519 -1.3733, 0.4512 3.1519 1.3039, 0.464 3.1211 -1.3733, 0.464 3.1211 1.3039, 0.4843 3.0946 -1.3733, 0.4843 3.0946 1.3039, 0.5108 3.0742 -1.3733, 0.5108 3.0742 1.3039, 0.5417 3.0614 -1.3733, 0.5417 3.0614 1.3039, 0.5748 3.0571 -1.3733, 0.5748 3.0571 1.3039, 0.6079 3.0614 -1.3733, 0.6079 3.0614 1.3039, 0.6388 3.0742 -1.3733, 0.6388 3.0742 1.3039, 0.6653 3.0946 -1.3733, 0.6653 3.0946 1.3039, 0.6856 3.1211 -1.3733, 0.6856 3.1211 1.3039, 0.6984 3.1519 -1.3733, 0.6984 3.1519 1.3039, 0.7028 3.185 -1.3733, 0.5748 3.185 -1.3733, 3.4291 2.0669 1.3039, 3.4248 2.1 -1.3733, 3.4248 2.1 1.3039, 3.412 2.1309 -1.3733, 3.412 2.1309 1.3039, 3.3917 2.1574 -1.3733, 3.3917 2.1574 1.3039, 3.3652 2.1777 -1.3733, 3.3652 2.1777 1.3039, 3.3343 2.1905 -1.3733, 3.3343 2.1905 1.3039, 3.3012 2.1949 -1.3733, 3.3012 2.1949 1.3039, 3.2681 2.1905 -1.3733, 3.2681 2.1905 1.3039, 3.2372 2.1777 -1.3733, 3.2372 2.1777 1.3039, 3.2107 2.1574 -1.3733, 3.2107 2.1574 1.3039, 3.1904 2.1309 -1.3733, 3.1904 2.1309 1.3039, 3.1776 2.1 -1.3733, 3.1776 2.1 1.3039, 3.1732 2.0669 -1.3733, 3.1732 2.0669 1.3039, 3.1776 2.0338 -1.3733, 3.1776 2.0338 1.3039, 3.1904 2.003 -1.3733, 3.1904 2.003 1.3039, 3.2107 1.9765 -1.3733, 3.2107 1.9765 1.3039, 3.2372 1.9561 -1.3733, 3.2372 1.9561 1.3039, 3.2681 1.9433 -1.3733, 3.2681 1.9433 1.3039, 3.3012 1.939 -1.3733, 3.3012 1.939 1.3039, 3.3343 1.9433 -1.3733, 3.3343 1.9433 1.3039, 3.3652 1.9561 -1.3733, 3.3652 1.9561 1.3039, 3.3917 1.9765 -1.3733, 3.3917 1.9765 1.3039, 3.412 2.003 -1.3733, 3.412 2.003 1.3039, 3.4248 2.0338 -1.3733, 3.4248 2.0338 1.3039, 3.4291 2.0669 -1.3733, 3.3012 2.0669 -1.3733, 2.3386 2.0669 1.3039, 2.3342 2.1 -1.3733, 2.3342 2.1 1.3039, 2.3214 2.1309 -1.3733, 2.3214 2.1309 1.3039, 2.3011 2.1574 -1.3733, 2.3011 2.1574 1.3039, 2.2746 2.1777 -1.3733, 2.2746 2.1777 1.3039, 2.2438 2.1905 -1.3733, 2.2438 2.1905 1.3039, 2.2106 2.1949 -1.3733, 2.2106 2.1949 1.3039, 2.1775 2.1905 -1.3733, 2.1775 2.1905 1.3039, 2.1467 2.1777 -1.3733, 2.1467 2.1777 1.3039, 2.1202 2.1574 -1.3733, 2.1202 2.1574 1.3039, 2.0998 2.1309 -1.3733, 2.0998 2.1309 1.3039, 2.087 2.1 -1.3733, 2.087 2.1 1.3039, 2.0827 2.0669 -1.3733, 2.0827 2.0669 1.3039, 2.087 2.0338 -1.3733, 2.087 2.0338 1.3039, 2.0998 2.003 -1.3733, 2.0998 2.003 1.3039, 2.1202 1.9765 -1.3733, 2.1202 1.9765 1.3039, 2.1467 1.9561 -1.3733, 2.1467 1.9561 1.3039, 2.1775 1.9433 -1.3733, 2.1775 1.9433 1.3039, 2.2106 1.939 -1.3733, 2.2106 1.939 1.3039, 2.2438 1.9433 -1.3733, 2.2438 1.9433 1.3039, 2.2746 1.9561 -1.3733, 2.2746 1.9561 1.3039, 2.3011 1.9765 -1.3733, 2.3011 1.9765 1.3039, 2.3214 2.003 -1.3733, 2.3214 2.003 1.3039, 2.3342 2.0338 -1.3733, 2.3342 2.0338 1.3039, 2.3386 2.0669 -1.3733, 2.2106 2.0669 -1.3733, 1.248 2.0669 1.3039, 1.2437 2.1 -1.3733, 1.2437 2.1 1.3039, 1.2309 2.1309 -1.3733, 1.2309 2.1309 1.3039, 1.2106 2.1574 -1.3733, 1.2106 2.1574 1.3039, 1.1841 2.1777 -1.3733, 1.1841 2.1777 1.3039, 1.1532 2.1905 -1.3733, 1.1532 2.1905 1.3039, 1.1201 2.1949 -1.3733, 1.1201 2.1949 1.3039, 1.087 2.1905 -1.3733, 1.087 2.1905 1.3039, 1.0561 2.1777 -1.3733, 1.0561 2.1777 1.3039, 1.0296 2.1574 -1.3733, 1.0296 2.1574 1.3039, 1.0093 2.1309 -1.3733, 1.0093 2.1309 1.3039, 0.9965 2.1 -1.3733, 0.9965 2.1 1.3039, 0.9921 2.0669 -1.3733, 0.9921 2.0669 1.3039, 0.9965 2.0338 -1.3733, 0.9965 2.0338 1.3039, 1.0093 2.003 -1.3733, 1.0093 2.003 1.3039, 1.0296 1.9765 -1.3733, 1.0296 1.9765 1.3039, 1.0561 1.9561 -1.3733, 1.0561 1.9561 1.3039, 1.087 1.9433 -1.3733, 1.087 1.9433 1.3039, 1.1201 1.939 -1.3733, 1.1201 1.939 1.3039, 1.1532 1.9433 -1.3733, 1.1532 1.9433 1.3039, 1.1841 1.9561 -1.3733, 1.1841 1.9561 1.3039, 1.2106 1.9765 -1.3733, 1.2106 1.9765 1.3039, 1.2309 2.003 -1.3733, 1.2309 2.003 1.3039, 1.2437 2.0338 -1.3733, 1.2437 2.0338 1.3039, 1.248 2.0669 -1.3733, 1.1201 2.0669 -1.3733
            ]
        }
        coordIndex [
            0,1,2,-1,2,1,3,-1,2,3,4,-1,4,3,5,-1,4,5,6,-1,6,5,7,-1,6,7,8,-1,8,7,9,-1,8,9,10,-1,10,9,11,-1,10,11,12,-1,12,11,13,-1,12,13,14,-1,14,13,15,-1,14,15,16,-1,16,15,17,-1,16,17,18,-1,18,17,19,-1,18,19,20,-1,20,19,21,-1,20,21,22,-1,22,21,23,-1,22,23,24,-1,24,23,25,-1,24,25,26,-1,26,25,27,-1,26,27,28,-1,28,27,29,-1,28,29,30,-1,30,29,31,-1,30,31,32,-1,32,31,33,-1,32,33,34,-1,34,33,35,-1,34,35,36,-1,36,35,37,-1,36,37,38,-1,38,37,39,-1,38,39,40,-1,40,39,41,-1,40,41,42,-1,42,41,43,-1,42,43,44,-1,44,43,45,-1,44,45,46,-1,46,45,47,-1,46,47,0,-1,0,47,1,-1,27,25,48,-1,48,25,23,-1,48,23,21,-1,33,31,48,-1,48,31,29,-1,48,29,27,-1,39,37,48,-1,48,37,35,-1,48,35,33,-1,45,43,48,-1,48,43,41,-1,48,41,39,-1,3,1,48,-1,48,1,47,-1,48,47,45,-1,9,7,48,-1,48,7,5,-1,48,5,3,-1,15,13,48,-1,48,13,11,-1,48,11,9,-1,21,19,48,-1,48,19,17,-1,48,17,15,-1,49,50,51,-1,51,50,52,-1,51,52,53,-1,53,52,54,-1,53,54,55,-1,55,54,56,-1,55,56,57,-1,57,56,58,-1,57,58,59,-1,59,58,60,-1,59,60,61,-1,61,60,62,-1,61,62,63,-1,63,62,64,-1,63,64,65,-1,65,64,66,-1,65,66,67,-1,67,66,68,-1,67,68,69,-1,69,68,70,-1,69,70,71,-1,71,70,72,-1,71,72,73,-1,73,72,74,-1,73,74,75,-1,75,74,76,-1,75,76,77,-1,77,76,78,-1,77,78,79,-1,79,78,80,-1,79,80,81,-1,81,80,82,-1,81,82,83,-1,83,82,84,-1,83,84,85,-1,85,84,86,-1,85,86,87,-1,87,86,88,-1,87,88,89,-1,89,88,90,-1,89,90,91,-1,91,90,92,-1,91,92,93,-1,93,92,94,-1,93,94,95,-1,95,94,96,-1,95,96,49,-1,49,96,50,-1,76,74,97,-1,97,74,72,-1,97,72,70,-1,82,80,97,-1,97,80,78,-1,97,78,76,-1,88,86,97,-1,97,86,84,-1,97,84,82,-1,94,92,97,-1,97,92,90,-1,97,90,88,-1,52,50,97,-1,97,50,96,-1,97,96,94,-1,58,56,97,-1,97,56,54,-1,97,54,52,-1,64,62,97,-1,97,62,60,-1,97,60,58,-1,70,68,97,-1,97,68,66,-1,97,66,64,-1,98,99,100,-1,100,99,101,-1,100,101,102,-1,102,101,103,-1,102,103,104,-1,104,103,105,-1,104,105,106,-1,106,105,107,-1,106,107,108,-1,108,107,109,-1,108,109,110,-1,110,109,111,-1,110,111,112,-1,112,111,113,-1,112,113,114,-1,114,113,115,-1,114,115,116,-1,116,115,117,-1,116,117,118,-1,118,117,119,-1,118,119,120,-1,120,119,121,-1,120,121,122,-1,122,121,123,-1,122,123,124,-1,124,123,125,-1,124,125,126,-1,126,125,127,-1,126,127,128,-1,128,127,129,-1,128,129,130,-1,130,129,131,-1,130,131,132,-1,132,131,133,-1,132,133,134,-1,134,133,135,-1,134,135,136,-1,136,135,137,-1,136,137,138,-1,138,137,139,-1,138,139,140,-1,140,139,141,-1,140,141,142,-1,142,141,143,-1,142,143,144,-1,144,143,145,-1,144,145,98,-1,98,145,99,-1,125,123,146,-1,146,123,121,-1,146,121,119,-1,131,129,146,-1,146,129,127,-1,146,127,125,-1,137,135,146,-1,146,135,133,-1,146,133,131,-1,143,141,146,-1,146,141,139,-1,146,139,137,-1,101,99,146,-1,146,99,145,-1,146,145,143,-1,107,105,146,-1,146,105,103,-1,146,103,101,-1,113,111,146,-1,146,111,109,-1,146,109,107,-1,119,117,146,-1,146,117,115,-1,146,115,113,-1,147,148,149,-1,149,148,150,-1,149,150,151,-1,151,150,152,-1,151,152,153,-1,153,152,154,-1,153,154,155,-1,155,154,156,-1,155,156,157,-1,157,156,158,-1,157,158,159,-1,159,158,160,-1,159,160,161,-1,161,160,162,-1,161,162,163,-1,163,162,164,-1,163,164,165,-1,165,164,166,-1,165,166,167,-1,167,166,168,-1,167,168,169,-1,169,168,170,-1,169,170,171,-1,171,170,172,-1,171,172,173,-1,173,172,174,-1,173,174,175,-1,175,174,176,-1,175,176,177,-1,177,176,178,-1,177,178,179,-1,179,178,180,-1,179,180,181,-1,181,180,182,-1,181,182,183,-1,183,182,184,-1,183,184,185,-1,185,184,186,-1,185,186,187,-1,187,186,188,-1,187,188,189,-1,189,188,190,-1,189,190,191,-1,191,190,192,-1,191,192,193,-1,193,192,194,-1,193,194,147,-1,147,194,148,-1,174,172,195,-1,195,172,170,-1,195,170,168,-1,180,178,195,-1,195,178,176,-1,195,176,174,-1,186,184,195,-1,195,184,182,-1,195,182,180,-1,192,190,195,-1,195,190,188,-1,195,188,186,-1,150,148,195,-1,195,148,194,-1,195,194,192,-1,156,154,195,-1,195,154,152,-1,195,152,150,-1,162,160,195,-1,195,160,158,-1,195,158,156,-1,168,166,195,-1,195,166,164,-1,195,164,162,-1,196,197,198,-1,198,197,199,-1,198,199,200,-1,200,199,201,-1,200,201,202,-1,202,201,203,-1,202,203,204,-1,204,203,205,-1,204,205,206,-1,206,205,207,-1,206,207,208,-1,208,207,209,-1,208,209,210,-1,210,209,211,-1,210,211,212,-1,212,211,213,-1,212,213,214,-1,214,213,215,-1,214,215,216,-1,216,215,217,-1,216,217,218,-1,218,217,219,-1,218,219,220,-1,220,219,221,-1,220,221,222,-1,222,221,223,-1,222,223,224,-1,224,223,225,-1,224,225,226,-1,226,225,227,-1,226,227,228,-1,228,227,229,-1,228,229,230,-1,230,229,231,-1,230,231,232,-1,232,231,233,-1,232,233,234,-1,234,233,235,-1,234,235,236,-1,236,235,237,-1,236,237,238,-1,238,237,239,-1,238,239,240,-1,240,239,241,-1,240,241,242,-1,242,241,243,-1,242,243,196,-1,196,243,197,-1,223,221,244,-1,244,221,219,-1,244,219,217,-1,229,227,244,-1,244,227,225,-1,244,225,223,-1,235,233,244,-1,244,233,231,-1,244,231,229,-1,241,239,244,-1,244,239,237,-1,244,237,235,-1,199,197,244,-1,244,197,243,-1,244,243,241,-1,205,203,244,-1,244,203,201,-1,244,201,199,-1,211,209,244,-1,244,209,207,-1,244,207,205,-1,217,215,244,-1,244,215,213,-1,244,213,211,-1,245,246,247,-1,247,246,248,-1,247,248,249,-1,249,248,250,-1,249,250,251,-1,251,250,252,-1,251,252,253,-1,253,252,254,-1,253,254,255,-1,255,254,256,-1,255,256,257,-1,257,256,258,-1,257,258,259,-1,259,258,260,-1,259,260,261,-1,261,260,262,-1,261,262,263,-1,263,262,264,-1,263,264,265,-1,265,264,266,-1,265,266,267,-1,267,266,268,-1,267,268,269,-1,269,268,270,-1,269,270,271,-1,271,270,272,-1,271,272,273,-1,273,272,274,-1,273,274,275,-1,275,274,276,-1,275,276,277,-1,277,276,278,-1,277,278,279,-1,279,278,280,-1,279,280,281,-1,281,280,282,-1,281,282,283,-1,283,282,284,-1,283,284,285,-1,285,284,286,-1,285,286,287,-1,287,286,288,-1,287,288,289,-1,289,288,290,-1,289,290,291,-1,291,290,292,-1,291,292,245,-1,245,292,246,-1,272,270,293,-1,293,270,268,-1,293,268,266,-1,278,276,293,-1,293,276,274,-1,293,274,272,-1,284,282,293,-1,293,282,280,-1,293,280,278,-1,290,288,293,-1,293,288,286,-1,293,286,284,-1,248,246,293,-1,293,246,292,-1,293,292,290,-1,254,252,293,-1,293,252,250,-1,293,250,248,-1,260,258,293,-1,293,258,256,-1,293,256,254,-1,266,264,293,-1,293,264,262,-1,293,262,260,-1,294,295,296,-1,296,295,297,-1,296,297,298,-1,298,297,299,-1,298,299,300,-1,300,299,301,-1,300,301,302,-1,302,301,303,-1,302,303,304,-1,304,303,305,-1,304,305,306,-1,306,305,307,-1,306,307,308,-1,308,307,309,-1,308,309,310,-1,310,309,311,-1,310,311,312,-1,312,311,313,-1,312,313,314,-1,314,313,315,-1,314,315,316,-1,316,315,317,-1,316,317,318,-1,318,317,319,-1,318,319,320,-1,320,319,321,-1,320,321,322,-1,322,321,323,-1,322,323,324,-1,324,323,325,-1,324,325,326,-1,326,325,327,-1,326,327,328,-1,328,327,329,-1,328,329,330,-1,330,329,331,-1,330,331,332,-1,332,331,333,-1,332,333,334,-1,334,333,335,-1,334,335,336,-1,336,335,337,-1,336,337,338,-1,338,337,339,-1,338,339,340,-1,340,339,341,-1,340,341,294,-1,294,341,295,-1,321,319,342,-1,342,319,317,-1,342,317,315,-1,327,325,342,-1,342,325,323,-1,342,323,321,-1,333,331,342,-1,342,331,329,-1,342,329,327,-1,339,337,342,-1,342,337,335,-1,342,335,333,-1,297,295,342,-1,342,295,341,-1,342,341,339,-1,303,301,342,-1,342,301,299,-1,342,299,297,-1,309,307,342,-1,342,307,305,-1,342,305,303,-1,315,313,342,-1,342,313,311,-1,342,311,309,-1,343,344,345,-1,345,344,346,-1,345,346,347,-1,347,346,348,-1,347,348,349,-1,349,348,350,-1,349,350,351,-1,351,350,352,-1,351,352,353,-1,353,352,354,-1,353,354,355,-1,355,354,356,-1,355,356,357,-1,357,356,358,-1,357,358,359,-1,359,358,360,-1,359,360,361,-1,361,360,362,-1,361,362,363,-1,363,362,364,-1,363,364,365,-1,365,364,366,-1,365,366,367,-1,367,366,368,-1,367,368,369,-1,369,368,370,-1,369,370,371,-1,371,370,372,-1,371,372,373,-1,373,372,374,-1,373,374,375,-1,375,374,376,-1,375,376,377,-1,377,376,378,-1,377,378,379,-1,379,378,380,-1,379,380,381,-1,381,380,382,-1,381,382,383,-1,383,382,384,-1,383,384,385,-1,385,384,386,-1,385,386,387,-1,387,386,388,-1,387,388,389,-1,389,388,390,-1,389,390,343,-1,343,390,344,-1,370,368,391,-1,391,368,366,-1,391,366,364,-1,376,374,391,-1,391,374,372,-1,391,372,370,-1,382,380,391,-1,391,380,378,-1,391,378,376,-1,388,386,391,-1,391,386,384,-1,391,384,382,-1,346,344,391,-1,391,344,390,-1,391,390,388,-1,352,350,391,-1,391,350,348,-1,391,348,346,-1,358,356,391,-1,391,356,354,-1,391,354,352,-1,364,362,391,-1,391,362,360,-1,391,360,358,-1,392,393,394,-1,394,393,395,-1,394,395,396,-1,396,395,397,-1,396,397,398,-1,398,397,399,-1,398,399,400,-1,400,399,401,-1,400,401,402,-1,402,401,403,-1,402,403,404,-1,404,403,405,-1,404,405,406,-1,406,405,407,-1,406,407,408,-1,408,407,409,-1,408,409,410,-1,410,409,411,-1,410,411,412,-1,412,411,413,-1,412,413,414,-1,414,413,415,-1,414,415,416,-1,416,415,417,-1,416,417,418,-1,418,417,419,-1,418,419,420,-1,420,419,421,-1,420,421,422,-1,422,421,423,-1,422,423,424,-1,424,423,425,-1,424,425,426,-1,426,425,427,-1,426,427,428,-1,428,427,429,-1,428,429,430,-1,430,429,431,-1,430,431,432,-1,432,431,433,-1,432,433,434,-1,434,433,435,-1,434,435,436,-1,436,435,437,-1,436,437,438,-1,438,437,439,-1,438,439,392,-1,392,439,393,-1,419,417,440,-1,440,417,415,-1,440,415,413,-1,425,423,440,-1,440,423,421,-1,440,421,419,-1,431,429,440,-1,440,429,427,-1,440,427,425,-1,437,435,440,-1,440,435,433,-1,440,433,431,-1,395,393,440,-1,440,393,439,-1,440,439,437,-1,401,399,440,-1,440,399,397,-1,440,397,395,-1,407,405,440,-1,440,405,403,-1,440,403,401,-1,413,411,440,-1,440,411,409,-1,440,409,407,-1,
        ]
    }
}
Shape{
    appearance Appearance {
        material  Material 	{
            diffuseColor 0.8509803921568627 0.8509803921568627 0.8509803921568627
            specularColor 0.6823529411764706 0.6823529411764706 0.6823529411764706
            ambientIntensity 0.851
            transparency 0.0
            shininess 0.5
        }
    }
    geometry IndexedFaceSet {
        ccw TRUE
        solid FALSE
        coord DEF co Coordinate {
            point [
                -3.3268 -1.2008 -0.0741, -3.3268 -1.2008 4.611, -3.3268 -1.0827 -0.0741, -3.3268 -1.0827 4.611, -3.2874 -1.0827 -0.1134, 8.7992 -1.0827 -0.1134, -3.2874 -1.2008 -0.1134, 8.7992 -1.2008 -0.1134, 8.8386 -1.0827 -0.0741, 8.8386 -1.0827 4.611, 8.8386 -1.2008 -0.0741, 8.8386 -1.2008 4.611, -3.0905 -1.2008 4.8472, 8.6024 -1.2008 4.8472, -3.0905 -1.0827 4.8472, 8.6024 -1.0827 4.8472, -2.9134 -1.0827 -0.0938, -2.9134 -1.0827 0.3787, -1.4173 -1.0827 0.3787, 6.9291 -1.0827 0.3787, 8.4252 -1.0827 0.3787, 6.9291 -1.0827 -0.0938, 8.4252 -1.0827 -0.0938, -1.4173 -1.0827 -0.0938, -3.3071 -1.0827 -0.0938, -3.2976 -1.0827 -0.1121, 8.8189 -1.0827 -0.0938, 8.8094 -1.0827 -0.1121, 8.8189 -1.0827 -0.1082, 8.8372 -1.0827 -0.0843, 8.8333 -1.0827 -0.0938, 8.8271 -1.0827 -0.1019, -3.3071 -1.0827 -0.1082, -3.3152 -1.0827 -0.1019, -3.3215 -1.0827 -0.0938, -3.3254 -1.0827 -0.0843, -3.3071 -1.0827 4.6307, -3.3004 -1.0827 4.6816, -3.3187 -1.0827 4.6721, -3.2807 -1.0827 4.7291, -3.2951 -1.0827 4.7291, -3.2494 -1.0827 4.7698, -3.2576 -1.0827 4.778, -3.2087 -1.0827 4.8011, -3.2087 -1.0827 4.8155, -3.1612 -1.0827 4.8208, -3.1517 -1.0827 4.8391, -3.1102 -1.0827 4.8275, 8.6221 -1.0827 4.8275, 8.673 -1.0827 4.8208, 8.6635 -1.0827 4.8391, 8.7205 -1.0827 4.8011, 8.7205 -1.0827 4.8155, 8.7612 -1.0827 4.7698, 8.7694 -1.0827 4.778, 8.7925 -1.0827 4.7291, 8.8069 -1.0827 4.7291, 8.8122 -1.0827 4.6816, 8.8305 -1.0827 4.6721, 8.8189 -1.0827 4.6307
            ]
        }
        coordIndex [
            0,1,2,-1,2,1,3,-1,4,5,6,-1,6,5,7,-1,8,9,10,-1,10,9,11,-1,12,13,14,-1,14,13,15,-1,16,17,18,-1,19,20,21,-1,21,20,22,-1,18,23,16,-1,16,23,4,-1,16,4,24,-1,24,4,25,-1,23,21,4,-1,4,21,22,-1,4,22,5,-1,5,22,26,-1,5,26,27,-1,27,26,28,-1,29,30,26,-1,26,30,31,-1,26,31,28,-1,25,32,24,-1,24,32,33,-1,24,33,34,-1,34,35,24,-1,24,35,2,-1,24,2,36,-1,36,2,3,-1,36,3,37,-1,37,3,38,-1,37,38,39,-1,39,38,40,-1,39,40,41,-1,41,40,42,-1,41,42,43,-1,43,42,44,-1,43,44,45,-1,45,44,46,-1,45,46,47,-1,47,46,14,-1,47,14,48,-1,48,14,15,-1,48,15,49,-1,49,15,50,-1,49,50,51,-1,51,50,52,-1,51,52,53,-1,53,52,54,-1,53,54,55,-1,55,54,56,-1,55,56,57,-1,57,56,58,-1,57,58,59,-1,59,58,9,-1,59,9,26,-1,26,9,8,-1,26,8,29,-1,
        ]
    }
}
Shape{
    appearance Appearance {
        material  Material 	{
            diffuseColor 0.2980392156862745 0.2980392156862745 0.2980392156862745
            specularColor 0.09019607843137255 0.09019607843137255 0.09019607843137255
            ambientIntensity 0.298
            transparency 0.0
            shininess 0.5
        }
    }
    geometry IndexedFaceSet {
        ccw TRUE
        solid FALSE
        coord DEF co Coordinate {
            point [
                6.9953 -1.0827 2.7606, 6.9782 -1.0827 2.7704, 6.9166 -1.0827 2.5707, 6.8976 -1.0827 2.5758, 6.8898 -1.0827 2.3669, 6.8701 -1.0827 2.3669, 6.9166 -1.0827 2.1631, 6.8976 -1.0827 2.158, 6.9953 -1.0827 1.9732, 6.9782 -1.0827 1.9633, 7.1204 -1.0827 1.8101, 7.1065 -1.0827 1.7962, 7.2835 -1.0827 1.685, 7.2736 -1.0827 1.6679, 7.4734 -1.0827 1.6063, 7.4683 -1.0827 1.5873, 7.6772 -1.0827 1.5795, 7.6772 -1.0827 1.5598, 7.881 -1.0827 1.6063, 7.8861 -1.0827 1.5873, 8.0709 -1.0827 1.685, 8.0807 -1.0827 1.6679, 8.2339 -1.0827 1.8101, 8.2479 -1.0827 1.7962, 8.3591 -1.0827 1.9732, 8.3761 -1.0827 1.9633, 8.4377 -1.0827 2.1631, 8.4568 -1.0827 2.158, 8.4646 -1.0827 2.3669, 8.4843 -1.0827 2.3669, 8.4377 -1.0827 2.5707, 8.4568 -1.0827 2.5758, 8.3591 -1.0827 2.7606, 8.3761 -1.0827 2.7704, 8.2339 -1.0827 2.9236, 8.2479 -1.0827 2.9376, 8.0709 -1.0827 3.0488, 8.0807 -1.0827 3.0658, 7.881 -1.0827 3.1274, 7.8861 -1.0827 3.1465, 7.6772 -1.0827 3.1543, 7.6772 -1.0827 3.174, 7.4734 -1.0827 3.1274, 7.4683 -1.0827 3.1465, 7.2835 -1.0827 3.0488, 7.2736 -1.0827 3.0658, 7.1204 -1.0827 2.9236, 7.1065 -1.0827 2.9376, 7.6772 -1.2008 1.5598, 7.8861 -1.2008 1.5873, 8.0807 -1.2008 1.6679, 8.2479 -1.2008 1.7962, 8.3761 -1.2008 1.9633, 8.4568 -1.2008 2.158, 8.4843 -1.2008 2.3669, 8.4568 -1.2008 2.5758, 8.3761 -1.2008 2.7704, 8.2479 -1.2008 2.9376, 8.0807 -1.2008 3.0658, 7.8861 -1.2008 3.1465, 7.6772 -1.2008 3.174, 7.4683 -1.2008 3.1465, 7.2736 -1.2008 3.0658, 7.1065 -1.2008 2.9376, 6.9782 -1.2008 2.7704, 6.8976 -1.2008 2.5758, 6.8701 -1.2008 2.3669, 6.8976 -1.2008 2.158, 6.9782 -1.2008 1.9633, 7.1065 -1.2008 1.7962, 7.2736 -1.2008 1.6679, 7.4683 -1.2008 1.5873, -2.8473 -1.0827 2.7606, -2.8643 -1.0827 2.7704, -2.9259 -1.0827 2.5707, -2.9449 -1.0827 2.5758, -2.9528 -1.0827 2.3669, -2.9724 -1.0827 2.3669, -2.9259 -1.0827 2.1631, -2.9449 -1.0827 2.158, -2.8473 -1.0827 1.9732, -2.8643 -1.0827 1.9633, -2.7221 -1.0827 1.8101, -2.736 -1.0827 1.7962, -2.5591 -1.0827 1.685, -2.5689 -1.0827 1.6679, -2.3691 -1.0827 1.6063, -2.3742 -1.0827 1.5873, -2.1653 -1.0827 1.5795, -2.1653 -1.0827 1.5598, -1.9616 -1.0827 1.6063, -1.9565 -1.0827 1.5873, -1.7716 -1.0827 1.685, -1.7618 -1.0827 1.6679, -1.6086 -1.0827 1.8101, -1.5947 -1.0827 1.7962, -1.4834 -1.0827 1.9732, -1.4664 -1.0827 1.9633, -1.4048 -1.0827 2.1631, -1.3858 -1.0827 2.158, -1.3779 -1.0827 2.3669, -1.3583 -1.0827 2.3669, -1.4048 -1.0827 2.5707, -1.3858 -1.0827 2.5758, -1.4834 -1.0827 2.7606, -1.4664 -1.0827 2.7704, -1.6086 -1.0827 2.9236, -1.5947 -1.0827 2.9376, -1.7716 -1.0827 3.0488, -1.7618 -1.0827 3.0658, -1.9616 -1.0827 3.1274, -1.9565 -1.0827 3.1465, -2.1653 -1.0827 3.1543, -2.1653 -1.0827 3.174, -2.3691 -1.0827 3.1274, -2.3742 -1.0827 3.1465, -2.5591 -1.0827 3.0488, -2.5689 -1.0827 3.0658, -2.7221 -1.0827 2.9236, -2.736 -1.0827 2.9376, -2.1653 -1.2008 1.5598, -1.9565 -1.2008 1.5873, -1.7618 -1.2008 1.6679, -1.5947 -1.2008 1.7962, -1.4664 -1.2008 1.9633, -1.3858 -1.2008 2.158, -1.3583 -1.2008 2.3669, -1.3858 -1.2008 2.5758, -1.4664 -1.2008 2.7704, -1.5947 -1.2008 2.9376, -1.7618 -1.2008 3.0658, -1.9565 -1.2008 3.1465, -2.1653 -1.2008 3.174, -2.3742 -1.2008 3.1465, -2.5689 -1.2008 3.0658, -2.736 -1.2008 2.9376, -2.8643 -1.2008 2.7704, -2.9449 -1.2008 2.5758, -2.9724 -1.2008 2.3669, -2.9449 -1.2008 2.158, -2.8643 -1.2008 1.9633, -2.736 -1.2008 1.7962, -2.5689 -1.2008 1.6679, -2.3742 -1.2008 1.5873
            ]
        }
        coordIndex [
            0,1,2,-1,2,1,3,-1,2,3,4,-1,4,3,5,-1,4,5,6,-1,6,5,7,-1,6,7,8,-1,8,7,9,-1,8,9,10,-1,10,9,11,-1,10,11,12,-1,12,11,13,-1,12,13,14,-1,14,13,15,-1,14,15,16,-1,16,15,17,-1,16,17,18,-1,18,17,19,-1,18,19,20,-1,20,19,21,-1,20,21,22,-1,22,21,23,-1,22,23,24,-1,24,23,25,-1,24,25,26,-1,26,25,27,-1,26,27,28,-1,28,27,29,-1,28,29,30,-1,30,29,31,-1,30,31,32,-1,32,31,33,-1,32,33,34,-1,34,33,35,-1,34,35,36,-1,36,35,37,-1,36,37,38,-1,38,37,39,-1,38,39,40,-1,40,39,41,-1,40,41,42,-1,42,41,43,-1,42,43,44,-1,44,43,45,-1,44,45,46,-1,46,45,47,-1,46,47,0,-1,0,47,1,-1,17,48,19,-1,19,48,49,-1,19,49,21,-1,21,49,50,-1,21,50,23,-1,23,50,51,-1,23,51,25,-1,25,51,52,-1,25,52,27,-1,27,52,53,-1,27,53,29,-1,29,53,54,-1,29,54,31,-1,31,54,55,-1,31,55,33,-1,33,55,56,-1,33,56,35,-1,35,56,57,-1,35,57,37,-1,37,57,58,-1,37,58,39,-1,39,58,59,-1,39,59,41,-1,41,59,60,-1,41,60,43,-1,43,60,61,-1,43,61,45,-1,45,61,62,-1,45,62,47,-1,47,62,63,-1,47,63,1,-1,1,63,64,-1,1,64,3,-1,3,64,65,-1,3,65,5,-1,5,65,66,-1,5,66,7,-1,7,66,67,-1,7,67,9,-1,9,67,68,-1,9,68,11,-1,11,68,69,-1,11,69,13,-1,13,69,70,-1,13,70,15,-1,15,70,71,-1,15,71,17,-1,17,71,48,-1,72,73,74,-1,74,73,75,-1,74,75,76,-1,76,75,77,-1,76,77,78,-1,78,77,79,-1,78,79,80,-1,80,79,81,-1,80,81,82,-1,82,81,83,-1,82,83,84,-1,84,83,85,-1,84,85,86,-1,86,85,87,-1,86,87,88,-1,88,87,89,-1,88,89,90,-1,90,89,91,-1,90,91,92,-1,92,91,93,-1,92,93,94,-1,94,93,95,-1,94,95,96,-1,96,95,97,-1,96,97,98,-1,98,97,99,-1,98,99,100,-1,100,99,101,-1,100,101,102,-1,102,101,103,-1,102,103,104,-1,104,103,105,-1,104,105,106,-1,106,105,107,-1,106,107,108,-1,108,107,109,-1,108,109,110,-1,110,109,111,-1,110,111,112,-1,112,111,113,-1,112,113,114,-1,114,113,115,-1,114,115,116,-1,116,115,117,-1,116,117,118,-1,118,117,119,-1,118,119,72,-1,72,119,73,-1,89,120,91,-1,91,120,121,-1,91,121,93,-1,93,121,122,-1,93,122,95,-1,95,122,123,-1,95,123,97,-1,97,123,124,-1,97,124,99,-1,99,124,125,-1,99,125,101,-1,101,125,126,-1,101,126,103,-1,103,126,127,-1,103,127,105,-1,105,127,128,-1,105,128,107,-1,107,128,129,-1,107,129,109,-1,109,129,130,-1,109,130,111,-1,111,130,131,-1,111,131,113,-1,113,131,132,-1,113,132,115,-1,115,132,133,-1,115,133,117,-1,117,133,134,-1,117,134,119,-1,119,134,135,-1,119,135,73,-1,73,135,136,-1,73,136,75,-1,75,136,137,-1,75,137,77,-1,77,137,138,-1,77,138,79,-1,79,138,139,-1,79,139,81,-1,81,139,140,-1,81,140,83,-1,83,140,141,-1,83,141,85,-1,85,141,142,-1,85,142,87,-1,87,142,143,-1,87,143,89,-1,89,143,120,-1,
        ]
    }
}
Shape{
    appearance Appearance {
        material  Material 	{
            diffuseColor 0.8509803921568627 0.8509803921568627 0.8509803921568627
            specularColor 0.6823529411764706 0.6823529411764706 0.6823529411764706
            ambientIntensity 0.851
            transparency 0.0
            shininess 0.5
        }
    }
    geometry IndexedFaceSet {
        ccw TRUE
        solid FALSE
        coord DEF co Coordinate {
            point [
                5.7164 -1.385 1.1781, 5.5777 -3.6049 1.2123, 5.6978 -1.385 1.115, 5.549 -3.6049 1.1272, 5.6675 -1.385 1.0431, 5.5325 -3.6049 1.0957, 5.6626 -1.385 1.0316, 5.5023 -3.6049 1.0377, 5.6202 -1.385 0.956, 5.4922 -3.6049 1.022, 5.5907 -1.385 0.9151, 5.4697 -3.6049 0.9932, 5.5667 -1.385 0.8819, 5.4303 -3.6049 0.9427, 5.5056 -1.385 0.8146, 5.4914 -1.385 0.8022, 5.3923 -3.6049 0.9072, 5.4415 -1.385 0.7581, 5.3565 -3.6049 0.8736, 5.342 -3.6049 0.8624, 5.3723 -1.385 0.7098, 5.3019 -3.6049 0.8367, 5.3667 -1.385 0.706, 5.2575 -3.6049 0.8082, 5.2865 -1.385 0.6626, 5.2364 -1.385 0.6423, 5.1973 -3.6049 0.7817, 5.2064 -1.3849 0.6302, 5.165 -3.6049 0.7675, 5.1471 -3.6049 0.7615, 5.1186 -1.385 0.6057, 5.0814 -3.6049 0.7459, 5.0953 -1.385 0.602, 5.0497 -3.6049 0.7384, 5.0289 -1.385 0.5914, 4.9537 -3.6049 0.731, 4.9539 -1.385 0.5877, 4.949 -1.385 0.5874, 4.949 -3.6049 0.7306, 4.7838 -1.385 0.5874, 4.789 -3.6049 0.7306, 4.612 -3.6049 0.7306, 4.6025 -1.385 0.5874, 4.4208 -3.6049 0.7306, 4.408 -1.385 0.5874, 4.2145 -3.6049 0.7306, 4.1999 -1.385 0.5874, 3.9929 -3.6049 0.7306, 3.9778 -1.385 0.5874, 3.9433 -1.385 0.5874, 3.7556 -3.6049 0.7306, 3.7415 -1.385 0.5874, 3.5025 -3.6049 0.7306, 3.4908 -1.385 0.5874, 3.2337 -3.6049 0.7306, 3.2256 -1.385 0.5874, 2.9492 -3.6049 0.7306, 2.9458 -1.385 0.5874, 2.6493 -3.6049 0.7306, 2.6512 -1.385 0.5874, 1.8238 -3.6049 0.7306, 0.9121 -1.385 0.5874, 0.9025 -3.6049 0.7306, 0.5628 -1.385 0.5874, 0.5628 -3.6049 0.7306, 0.5331 -1.385 0.5891, 0.5494 -3.6049 0.7308, 0.5346 -3.6049 0.7322, 0.4717 -1.385 0.5927, 0.4496 -3.6049 0.7405, 0.3916 -1.385 0.6065, 0.4093 -3.6049 0.7509, 0.3825 -1.385 0.6081, 0.3519 -3.6049 0.7657, 0.2994 -1.3849 0.6323, 0.3346 -3.6049 0.7719, 0.2506 -1.385 0.6527, 0.295 -3.6049 0.7903, 0.2151 -1.385 0.6675, 0.2433 -3.6049 0.8143, 0.1358 -1.385 0.7117, 0.1249 -1.385 0.7195, 0.1988 -3.6049 0.8441, 0.0662 -1.385 0.7614, 0.1593 -3.6049 0.8705, 0.145 -3.6049 0.882, 0.0052 -1.385 0.8163, 0.1081 -3.6049 0.9181, -0.0016 -1.385 0.8225, 0.0731 -3.6049 0.9521, -0.062 -1.385 0.8907, -0.0919 -1.385 0.9332, 0.0318 -3.6049 1.0073, -0.1117 -1.385 0.9613, 0.0125 -3.6049 1.033, 0.0027 -3.6049 1.0489, -0.1554 -1.385 1.0412, -0.0285 -3.6049 1.1116, -0.1641 -1.385 1.0625, -0.0419 -3.6049 1.1386, -0.1896 -1.385 1.1253, -0.0692 -3.6049 1.2253, -0.2088 -1.385 1.1921, -0.2118 -1.385 1.2025, -0.0723 -3.6049 1.2349, -0.248 -1.385 1.3581, -0.1067 -3.6049 1.3831, -0.1457 -3.6049 1.5508, -0.2878 -1.385 1.5294, -0.1873 -3.6049 1.7296, -0.3292 -1.385 1.7076, -0.2476 -3.6049 1.9891, -0.4396 -1.385 2.1821, -0.3492 -3.6049 2.4257, -0.4864 -1.385 2.3833, -0.515 -3.6049 3.1387, -0.6534 -1.385 3.1016, -0.6696 -1.385 3.171, -0.5301 -3.6049 3.2034, -0.6851 -1.385 3.261, -0.5426 -3.6049 3.2748, -0.6861 -1.385 3.2793, -0.5445 -3.6049 3.2937, -0.5446 -3.6049 3.3006, -0.6902 -1.385 3.352, -0.5456 -3.6049 3.394, -0.6862 -1.385 3.425, -0.5414 -3.6049 3.4235, -0.6855 -1.3849 3.4385, -0.5312 -3.6049 3.4938, -0.6704 -1.3849 3.5281, -0.6575 -1.385 3.5722, -0.5271 -3.6049 3.511, -0.5168 -3.6049 3.5415, -0.6451 -1.385 3.6151, -0.4949 -3.6049 3.6064, -0.6115 -1.385 3.6958, -0.6022 -1.385 3.7126, -0.4724 -3.6049 3.6498, -0.5674 -1.385 3.7757, -0.4483 -3.6049 3.6961, -0.438 -3.6049 3.7121, -0.5215 -1.385 3.8402, -0.4106 -3.6049 3.7471, -0.5153 -1.3849 3.8489, -0.3761 -3.6049 3.7912, -0.4577 -1.385 3.9131, -0.4279 -1.385 3.9396, -0.3404 -3.6049 3.8246, -0.389 -1.385 3.9741, -0.3023 -3.6049 3.8602, -0.2882 -3.6049 3.8712, -0.3144 -1.385 4.0267, -0.2475 -3.6049 3.8972, -0.3071 -1.3849 4.0307, -0.2412 -1.3849 4.0671, -0.2034 -3.6049 3.9255, -0.173 -1.3849 4.0954, -0.1407 -3.6049 3.9532, -0.1573 -1.3849 4.1019, -0.1109 -3.6049 3.9664, -0.0931 -3.6049 3.9723, -0.0699 -1.385 4.1268, -0.0225 -3.6049 3.989, -0.0338 -1.385 4.1329, 0.0044 -3.6049 3.9954, 0.0176 -1.385 4.1415, 0.105 -3.6049 4.0031, 0.105 -1.385 4.1463, 1.1107 -1.385 4.1463, 2.597 -3.6049 4.0031, 2.6001 -1.385 4.1463, 4.1556 -3.6049 4.0031, 5.0875 -1.385 4.1463, 5.0977 -3.6049 4.0031, 5.3045 -3.6049 4.0031, 5.3006 -1.385 4.1463, 5.4068 -1.385 4.1463, 5.4068 -3.6049 4.0031, 5.4893 -1.385 4.1415, 5.4791 -3.6049 3.9991, 5.484 -3.6049 3.9985, 5.4981 -1.385 4.141, 5.4983 -3.6049 3.9967, 5.5877 -1.385 4.1254, 5.5962 -3.6049 3.9751, 5.6291 -1.3849 4.1134, 5.6065 -3.6049 3.971, 5.6709 -1.3849 4.1013, 5.69 -3.6049 3.9384, 5.7547 -1.3849 4.0662, 5.7668 -1.3849 4.0595, 5.7059 -3.6049 3.9305, 5.7189 -3.6049 3.9224, 5.8339 -1.385 4.0218, 5.7915 -3.6049 3.8775, 5.8937 -1.385 3.9789, 5.817 -3.6049 3.8556, 5.9046 -1.385 3.9711, 5.8683 -3.6049 3.8117, 5.9725 -1.385 3.9101, 6.0027 -1.385 3.876, 5.8814 -3.6049 3.7982, 5.8999 -3.6049 3.7752, 6.0319 -1.3849 3.8429, 5.9445 -3.6049 3.72, 6.0817 -1.385 3.7718, 6.0912 -1.385 3.7543, 5.9666 -3.6049 3.6816, 6.1256 -1.385 3.6911, 5.995 -3.6049 3.6325, 6.0025 -3.6049 3.6162, 6.1556 -1.385 3.6169, 6.0167 -3.6049 3.5761, 6.1598 -1.385 3.6066, 6.0362 -3.6049 3.5214, 6.1826 -1.3849 3.5263, 6.1918 -1.3849 3.471, 6.0476 -3.6049 3.461, 6.1975 -1.3849 3.4367, 6.055 -3.6049 3.422, 6.0568 -3.6049 3.4035, 6.202 -1.385 3.3459, 6.057 -3.6049 3.3395, 6.2006 -1.385 3.3244, 6.0571 -3.6049 3.3032, 6.1965 -1.385 3.2574, 6.043 -3.6049 3.2108, 6.1828 -1.385 3.1789, 6.1814 -1.385 3.171, 6.0419 -3.6049 3.2034, 6.1444 -1.385 3.012, 6.0071 -3.6049 3.0538, 5.9561 -3.6049 2.8346, 6.092 -1.385 2.7868, 5.8943 -3.6049 2.5687, 6.0306 -1.385 2.5227, 5.9536 -1.385 2.1914, 5.8689 -3.6049 2.4596, 5.8109 -1.385 1.578, 5.6688 -3.6049 1.5992, 5.7236 -1.385 1.2025, 5.5841 -3.6049 1.2349, 5.581 -3.6049 1.2222, 0.0674 -3.6417 1.1447, 0.0544 -3.6417 1.1695, -0.0054 -3.6417 1.1533, 0.0308 -3.6417 1.2426, -0.034 -3.6417 1.2438, 5.5847 -3.6417 3.9375, 5.5596 -3.6417 3.8808, 5.6395 -3.6417 3.8502, 0.1836 -3.6417 0.9013, 0.2217 -3.6417 0.9496, 0.1702 -3.6417 0.9122, 0.1783 -3.6417 0.9902, 0.1026 -3.6417 0.9781, 0.1538 -3.6417 1.0131, 0.0457 -3.6417 1.054, 0.1199 -3.6417 1.0577, 0.0976 -3.6417 1.087, -0.4918 -3.6417 3.2123, -0.4319 -3.6417 3.2263, -0.5035 -3.6417 3.2794, -0.4424 -3.6417 3.2861, -0.5054 -3.6417 3.2972, -0.4429 -3.6417 3.3002, -0.5064 -3.6417 3.3914, 5.673 -3.6417 3.903, 5.6459 -3.6417 3.8477, 5.6878 -3.6417 3.8956, 5.7256 -3.6417 3.8008, 5.7683 -3.6417 3.8458, 5.7272 -3.6417 3.7994, 5.8405 -3.6417 3.784, 5.7966 -3.6417 3.7409, 5.8528 -3.6417 3.7713, 5.8028 -3.6417 3.7335, 5.9121 -3.6417 3.6978, 0.4564 -3.6417 0.7792, 0.435 -3.6417 0.8484, 0.3647 -3.6417 0.8029, 0.3848 -3.6417 0.861, 0.3484 -3.6417 0.8087, 0.3385 -3.6417 0.8813, 0.2625 -3.6417 0.8485, 0.2993 -3.6417 0.8985, 0.2541 -3.6417 0.9283, 0.0364 -3.6417 1.069, -0.4588 -3.6417 3.591, -0.3869 -3.6417 3.5954, -0.4149 -3.6417 3.6753, -0.363 -3.6417 3.6424, -0.4053 -3.6417 3.6903, -0.3369 -3.6417 3.6773, -0.3471 -3.6417 3.7647, 0.5628 -3.6417 0.7699, 0.5628 -3.6417 0.8314, 0.5502 -3.6417 0.7701, 0.477 -3.6417 0.8383, 0.4746 -3.6417 0.8385, -0.4455 -3.6417 3.3797, -0.4422 -3.6417 3.4042, -0.4929 -3.6417 3.4852, -0.4329 -3.6417 3.4714, -0.489 -3.6417 3.5014, -0.4227 -3.6417 3.504, -0.4052 -3.6417 3.5596, 5.3806 -3.6417 1.0427, 5.4013 -3.6417 0.9692, 5.4169 -3.6417 1.0913, 5.4595 -3.6417 1.0438, 5.469 -3.6417 1.0585, 5.3609 -3.6417 1.0163, 5.315 -3.6417 0.9728, 5.332 -3.6417 0.9043, 5.2936 -3.6417 0.9524, 5.3183 -3.6417 0.8937, 5.2478 -3.6417 0.9217, 5.2389 -3.6417 0.8428, 5.2163 -3.6417 0.9006, 5.152 -3.6417 0.8045, 4.949 -3.6417 0.7699, 4.9457 -3.6417 0.8314, 4.7936 -3.6417 0.8314, 0.0259 -3.6417 1.2578, -0.0084 -3.6417 1.4054, -0.2094 -3.6417 1.998, -0.2479 -3.6417 2.4353, -0.4133 -3.6417 3.1463, -0.3067 -3.6417 3.7176, -0.2732 -3.6417 3.7494, -0.2777 -3.6417 3.8296, -0.2394 -3.6417 3.7815, -0.2645 -3.6417 3.8399, -0.1956 -3.6417 3.8108, -0.1848 -3.6417 3.8909, -0.1624 -3.6417 3.833, -0.0978 -3.6417 3.9293, 5.541 -3.6417 3.8845, 5.4928 -3.6417 3.9578, 5.4674 -3.6417 3.899, 5.4748 -3.6417 3.9601, 5.4328 -3.6417 3.9009, 5.4068 -3.6417 3.9638, 5.4068 -3.6417 3.9023, 5.8571 -3.6417 3.6691, 5.8642 -3.6417 3.657, 5.9595 -3.6417 3.6155, 5.904 -3.6417 3.5891, 5.9666 -3.6417 3.6002, 5.9109 -3.6417 3.5707, 5.9982 -3.6417 3.5111, 5.9368 -3.6417 3.5024, 5.9418 -3.6417 3.4771, 6.0159 -3.6417 3.4177, 5.9548 -3.6417 3.4111, 6.0176 -3.6417 3.4003, 5.9549 -3.6417 3.4048, 6.0179 -3.6417 3.3061, 5.9571 -3.6417 3.3178, 5.9552 -3.6417 3.3049, 6.0036 -3.6417 3.2123, 5.9437 -3.6417 3.2263, 5.9311 -3.6417 3.1721, 5.1599 -3.6417 0.8753, 5.1316 -3.6417 0.8626, 5.1352 -3.6417 0.7989, 5.0587 -3.6417 0.8437, 5.0437 -3.6417 0.7772, 5.0414 -3.6417 0.8391, 4.949 -3.6417 0.8314, 0.105 -3.6417 3.9638, 2.559 -3.6417 3.9023, 4.1556 -3.6417 3.9638, 5.024 -3.6417 3.9023, 5.1009 -3.6417 3.9023, -0.1057 -3.6417 3.8586, -0.0775 -3.6417 3.8713, -0.0811 -3.6417 3.9349, -0.0051 -3.6417 3.89, 0.0105 -3.6417 3.9565, 0.0128 -3.6417 3.8946, 0.105 -3.6417 3.9023, 4.6308 -3.6417 0.8314, 4.4557 -3.6417 0.8314, 1.8238 -3.6417 0.7699, 1.2994 -3.6417 0.8314, 0.6215 -3.6417 0.8314, 5.8904 -3.6417 2.9971, 5.8319 -3.6417 2.7455, 5.8306 -3.6417 2.4685, 5.5401 -3.6417 1.4909, 5.5458 -3.6417 1.2438, 5.4859 -3.6417 1.2578, 5.5429 -3.6417 1.2318, 5.4754 -3.6417 1.2246, 5.5128 -3.6417 1.1426, 5.4592 -3.6417 1.1737, 5.4352 -3.6417 1.1269
            ]
        }
        coordIndex [
            0,1,2,-1,2,1,3,-1,2,3,4,-1,4,3,5,-1,4,5,6,-1,6,5,7,-1,6,7,8,-1,8,7,9,-1,8,9,10,-1,10,9,11,-1,10,11,12,-1,12,11,13,-1,12,13,14,-1,14,13,15,-1,15,13,16,-1,15,16,17,-1,16,18,17,-1,17,18,19,-1,17,19,20,-1,20,19,21,-1,20,21,22,-1,22,21,23,-1,22,23,24,-1,24,23,25,-1,25,23,26,-1,25,26,27,-1,26,28,27,-1,27,28,29,-1,27,29,30,-1,30,29,31,-1,30,31,32,-1,32,31,33,-1,32,33,34,-1,34,33,35,-1,34,35,36,-1,36,35,37,-1,37,35,38,-1,37,38,39,-1,38,40,39,-1,39,40,41,-1,39,41,42,-1,42,41,43,-1,42,43,44,-1,44,43,45,-1,44,45,46,-1,46,45,47,-1,46,47,48,-1,48,47,49,-1,49,47,50,-1,49,50,51,-1,51,50,52,-1,51,52,53,-1,53,52,54,-1,53,54,55,-1,55,54,56,-1,55,56,57,-1,57,56,58,-1,57,58,59,-1,59,58,60,-1,59,60,61,-1,61,60,62,-1,61,62,63,-1,63,62,64,-1,63,64,65,-1,64,66,65,-1,65,66,67,-1,65,67,68,-1,68,67,69,-1,68,69,70,-1,70,69,71,-1,70,71,72,-1,72,71,73,-1,72,73,74,-1,74,73,75,-1,74,75,76,-1,76,75,77,-1,76,77,78,-1,78,77,79,-1,78,79,80,-1,80,79,81,-1,81,79,82,-1,81,82,83,-1,82,84,83,-1,83,84,85,-1,83,85,86,-1,86,85,87,-1,86,87,88,-1,88,87,89,-1,88,89,90,-1,90,89,91,-1,91,89,92,-1,91,92,93,-1,92,94,93,-1,93,94,95,-1,93,95,96,-1,96,95,97,-1,96,97,98,-1,98,97,99,-1,98,99,100,-1,100,99,101,-1,100,101,102,-1,102,101,103,-1,103,101,104,-1,103,104,105,-1,104,106,105,-1,105,106,107,-1,105,107,108,-1,108,107,109,-1,108,109,110,-1,110,109,111,-1,110,111,112,-1,112,111,113,-1,112,113,114,-1,114,113,115,-1,114,115,116,-1,116,115,117,-1,117,115,118,-1,117,118,119,-1,119,118,120,-1,119,120,121,-1,120,122,121,-1,121,122,123,-1,121,123,124,-1,124,123,125,-1,124,125,126,-1,126,125,127,-1,126,127,128,-1,128,127,129,-1,128,129,130,-1,130,129,131,-1,129,132,131,-1,131,132,133,-1,131,133,134,-1,134,133,135,-1,134,135,136,-1,136,135,137,-1,137,135,138,-1,137,138,139,-1,138,140,139,-1,139,140,141,-1,139,141,142,-1,142,141,143,-1,142,143,144,-1,144,143,145,-1,144,145,146,-1,146,145,147,-1,147,145,148,-1,147,148,149,-1,148,150,149,-1,149,150,151,-1,149,151,152,-1,152,151,153,-1,152,153,154,-1,154,153,155,-1,155,153,156,-1,155,156,157,-1,157,156,158,-1,157,158,159,-1,158,160,159,-1,159,160,161,-1,159,161,162,-1,162,161,163,-1,162,163,164,-1,164,163,165,-1,164,165,166,-1,166,165,167,-1,166,167,168,-1,168,167,169,-1,169,167,170,-1,169,170,171,-1,171,170,172,-1,171,172,173,-1,172,174,173,-1,173,174,175,-1,173,175,176,-1,176,175,177,-1,177,175,178,-1,177,178,179,-1,178,180,179,-1,179,180,181,-1,179,181,182,-1,182,181,183,-1,182,183,184,-1,184,183,185,-1,184,185,186,-1,186,185,187,-1,186,187,188,-1,188,187,189,-1,188,189,190,-1,190,189,191,-1,189,192,191,-1,191,192,193,-1,191,193,194,-1,194,193,195,-1,194,195,196,-1,196,195,197,-1,196,197,198,-1,198,197,199,-1,198,199,200,-1,200,199,201,-1,199,202,201,-1,201,202,203,-1,201,203,204,-1,204,203,205,-1,204,205,206,-1,206,205,207,-1,207,205,208,-1,207,208,209,-1,208,210,209,-1,209,210,211,-1,209,211,212,-1,212,211,213,-1,212,213,214,-1,214,213,215,-1,214,215,216,-1,216,215,217,-1,217,215,218,-1,217,218,219,-1,218,220,219,-1,219,220,221,-1,219,221,222,-1,222,221,223,-1,222,223,224,-1,224,223,225,-1,224,225,226,-1,226,225,227,-1,226,227,228,-1,228,227,229,-1,229,227,230,-1,229,230,231,-1,230,232,231,-1,231,232,233,-1,231,233,234,-1,234,233,235,-1,234,235,236,-1,236,235,237,-1,237,235,238,-1,237,238,239,-1,239,238,240,-1,239,240,241,-1,241,240,242,-1,241,242,0,-1,0,242,243,-1,0,243,1,-1,244,245,246,-1,246,245,247,-1,246,247,248,-1,249,250,251,-1,252,253,254,-1,254,253,255,-1,254,255,256,-1,256,255,257,-1,256,257,258,-1,258,257,259,-1,258,259,260,-1,261,262,263,-1,263,262,264,-1,263,264,265,-1,265,264,266,-1,265,266,267,-1,249,251,268,-1,268,251,269,-1,268,269,270,-1,270,269,271,-1,270,271,272,-1,272,271,273,-1,272,273,274,-1,274,273,275,-1,274,275,276,-1,276,275,277,-1,276,277,278,-1,279,280,281,-1,281,280,282,-1,281,282,283,-1,283,282,284,-1,283,284,285,-1,285,284,286,-1,285,286,252,-1,252,286,287,-1,252,287,253,-1,244,246,260,-1,260,246,288,-1,260,288,258,-1,289,290,291,-1,291,290,292,-1,291,292,293,-1,293,292,294,-1,293,294,295,-1,296,297,298,-1,298,297,299,-1,298,299,279,-1,279,299,300,-1,279,300,280,-1,266,301,267,-1,267,301,302,-1,267,302,303,-1,303,302,304,-1,303,304,305,-1,305,304,306,-1,305,306,289,-1,289,306,307,-1,289,307,290,-1,308,309,310,-1,310,309,311,-1,310,311,312,-1,308,313,309,-1,309,313,314,-1,309,314,315,-1,315,314,316,-1,315,316,317,-1,317,316,318,-1,317,318,319,-1,319,318,320,-1,319,320,321,-1,322,323,324,-1,247,325,248,-1,248,325,326,-1,248,326,327,-1,327,326,328,-1,327,328,261,-1,261,328,329,-1,261,329,262,-1,294,330,295,-1,295,330,331,-1,295,331,332,-1,332,331,333,-1,332,333,334,-1,334,333,335,-1,334,335,336,-1,336,335,337,-1,336,337,338,-1,250,249,339,-1,339,249,340,-1,339,340,341,-1,341,340,342,-1,341,342,343,-1,343,342,344,-1,343,344,345,-1,277,346,278,-1,278,346,347,-1,278,347,348,-1,348,347,349,-1,348,349,350,-1,350,349,351,-1,350,351,352,-1,351,353,352,-1,352,353,354,-1,352,354,355,-1,355,354,356,-1,355,356,357,-1,357,356,358,-1,357,358,359,-1,358,360,359,-1,359,360,361,-1,359,361,362,-1,362,361,363,-1,362,363,364,-1,320,365,321,-1,321,365,366,-1,321,366,367,-1,367,366,368,-1,367,368,369,-1,369,368,370,-1,369,370,322,-1,322,370,371,-1,322,371,323,-1,372,373,374,-1,374,373,375,-1,374,375,344,-1,344,375,376,-1,344,376,345,-1,337,377,338,-1,338,377,378,-1,338,378,379,-1,379,378,380,-1,379,380,381,-1,381,380,382,-1,381,382,372,-1,372,382,383,-1,372,383,373,-1,324,384,322,-1,322,384,385,-1,322,385,386,-1,386,385,387,-1,386,387,296,-1,296,387,388,-1,296,388,297,-1,364,389,362,-1,362,389,390,-1,362,390,391,-1,391,390,392,-1,391,392,393,-1,393,392,394,-1,393,394,395,-1,395,394,396,-1,395,396,397,-1,397,396,398,-1,397,398,312,-1,312,398,399,-1,312,399,310,-1,
        ]
    }
}
Shape{
    appearance Appearance {
        material  Material 	{
            diffuseColor 0.9490196078431372 0.7607843137254902 0.1803921568627451
            specularColor 0.7607843137254902 0.6078431372549019 0.1450980392156863
            ambientIntensity 0.7509
            transparency 0.0
            shininess 0.5
        }
    }
    geometry IndexedFaceSet {
        ccw TRUE
        solid FALSE
        coord DEF co Coordinate {
            point [
                0.5748 -1.0827 3.1543, 0.6258 -3.252 3.1476, 0.6258 -1.0827 3.1476, 0.6732 -3.252 3.1279, 0.6732 -1.0827 3.1279, 0.714 -3.252 3.0966, 0.714 -1.0827 3.0966, 0.7453 -3.252 3.0558, 0.7453 -1.0827 3.0558, 0.765 -3.252 3.0084, 0.765 -1.0827 3.0084, 0.7717 -3.252 2.9574, 0.7717 -1.0827 2.9574, 0.765 -3.252 2.9065, 0.765 -1.0827 2.9065, 0.7453 -3.252 2.859, 0.7453 -1.0827 2.859, 0.714 -3.252 2.8182, 0.714 -1.0827 2.8182, 0.6732 -3.252 2.7869, 0.6732 -1.0827 2.7869, 0.6258 -3.252 2.7673, 0.6258 -1.0827 2.7673, 0.5748 -3.252 2.7606, 0.5748 -1.0827 2.7606, 0.5239 -3.252 2.7673, 0.5239 -1.0827 2.7673, 0.4764 -3.252 2.7869, 0.4764 -1.0827 2.7869, 0.4356 -3.252 2.8182, 0.4356 -1.0827 2.8182, 0.4043 -3.252 2.859, 0.4043 -1.0827 2.859, 0.3847 -3.252 2.9065, 0.3847 -1.0827 2.9065, 0.378 -3.252 2.9574, 0.378 -1.0827 2.9574, 0.3847 -3.252 3.0084, 0.3847 -1.0827 3.0084, 0.4043 -3.252 3.0558, 0.4043 -1.0827 3.0558, 0.4356 -3.252 3.0966, 0.4356 -1.0827 3.0966, 0.4764 -3.252 3.1279, 0.4764 -1.0827 3.1279, 0.5239 -3.252 3.1476, 0.5239 -1.0827 3.1476, 0.5748 -3.252 3.1543, 0.5728 -3.4449 2.954, 0.5738 -3.4449 2.9536, 0.5748 -3.4449 2.9574, 0.5748 -3.4449 2.9535, 0.5758 -3.4449 2.9536, 0.571 -3.4449 2.9564, 0.5714 -3.4449 2.9555, 0.572 -3.4449 2.9546, 0.5714 -3.4449 2.9594, 0.571 -3.4449 2.9584, 0.5709 -3.4449 2.9574, 0.5738 -3.4449 2.9612, 0.5728 -3.4449 2.9608, 0.572 -3.4449 2.9602, 0.5768 -3.4449 2.9608, 0.5758 -3.4449 2.9612, 0.5748 -3.4449 2.9614, 0.5786 -3.4449 2.9584, 0.5782 -3.4449 2.9594, 0.5776 -3.4449 2.9602, 0.5782 -3.4449 2.9555, 0.5786 -3.4449 2.9564, 0.5787 -3.4449 2.9574, 0.5768 -3.4449 2.954, 0.5776 -3.4449 2.9546, 1.1201 -1.0827 2.0362, 1.171 -3.252 2.0295, 1.171 -1.0827 2.0295, 1.2185 -3.252 2.0098, 1.2185 -1.0827 2.0098, 1.2593 -3.252 1.9785, 1.2593 -1.0827 1.9785, 1.2906 -3.252 1.9377, 1.2906 -1.0827 1.9377, 1.3102 -3.252 1.8903, 1.3102 -1.0827 1.8903, 1.3169 -3.252 1.8393, 1.3169 -1.0827 1.8393, 1.3102 -3.252 1.7884, 1.3102 -1.0827 1.7884, 1.2906 -3.252 1.7409, 1.2906 -1.0827 1.7409, 1.2593 -3.252 1.7001, 1.2593 -1.0827 1.7001, 1.2185 -3.252 1.6688, 1.2185 -1.0827 1.6688, 1.171 -3.252 1.6492, 1.171 -1.0827 1.6492, 1.1201 -3.252 1.6425, 1.1201 -1.0827 1.6425, 1.0691 -3.252 1.6492, 1.0691 -1.0827 1.6492, 1.0217 -3.252 1.6688, 1.0217 -1.0827 1.6688, 0.9809 -3.252 1.7001, 0.9809 -1.0827 1.7001, 0.9496 -3.252 1.7409, 0.9496 -1.0827 1.7409, 0.9299 -3.252 1.7884, 0.9299 -1.0827 1.7884, 0.9232 -3.252 1.8393, 0.9232 -1.0827 1.8393, 0.9299 -3.252 1.8903, 0.9299 -1.0827 1.8903, 0.9496 -3.252 1.9377, 0.9496 -1.0827 1.9377, 0.9809 -3.252 1.9785, 0.9809 -1.0827 1.9785, 1.0217 -3.252 2.0098, 1.0217 -1.0827 2.0098, 1.0691 -3.252 2.0295, 1.0691 -1.0827 2.0295, 1.1201 -3.252 2.0362, 1.1181 -3.4449 1.8359, 1.1191 -3.4449 1.8355, 1.1201 -3.4449 1.8393, 1.1201 -3.4449 1.8354, 1.1211 -3.4449 1.8355, 1.1163 -3.4449 1.8383, 1.1167 -3.4449 1.8373, 1.1173 -3.4449 1.8365, 1.1167 -3.4449 1.8413, 1.1163 -3.4449 1.8403, 1.1161 -3.4449 1.8393, 1.1191 -3.4449 1.8431, 1.1181 -3.4449 1.8427, 1.1173 -3.4449 1.8421, 1.1221 -3.4449 1.8427, 1.1211 -3.4449 1.8431, 1.1201 -3.4449 1.8432, 1.1239 -3.4449 1.8403, 1.1235 -3.4449 1.8413, 1.1229 -3.4449 1.8421, 1.1235 -3.4449 1.8373, 1.1239 -3.4449 1.8383, 1.124 -3.4449 1.8393, 1.1221 -3.4449 1.8359, 1.1229 -3.4449 1.8365, 1.6654 -1.0827 3.1543, 1.7163 -3.252 3.1476, 1.7163 -1.0827 3.1476, 1.7638 -3.252 3.1279, 1.7638 -1.0827 3.1279, 1.8046 -3.252 3.0966, 1.8046 -1.0827 3.0966, 1.8358 -3.252 3.0558, 1.8358 -1.0827 3.0558, 1.8555 -3.252 3.0084, 1.8555 -1.0827 3.0084, 1.8622 -3.252 2.9574, 1.8622 -1.0827 2.9574, 1.8555 -3.252 2.9065, 1.8555 -1.0827 2.9065, 1.8358 -3.252 2.859, 1.8358 -1.0827 2.859, 1.8046 -3.252 2.8182, 1.8046 -1.0827 2.8182, 1.7638 -3.252 2.7869, 1.7638 -1.0827 2.7869, 1.7163 -3.252 2.7673, 1.7163 -1.0827 2.7673, 1.6654 -3.252 2.7606, 1.6654 -1.0827 2.7606, 1.6144 -3.252 2.7673, 1.6144 -1.0827 2.7673, 1.5669 -3.252 2.7869, 1.5669 -1.0827 2.7869, 1.5262 -3.252 2.8182, 1.5262 -1.0827 2.8182, 1.4949 -3.252 2.859, 1.4949 -1.0827 2.859, 1.4752 -3.252 2.9065, 1.4752 -1.0827 2.9065, 1.4685 -3.252 2.9574, 1.4685 -1.0827 2.9574, 1.4752 -3.252 3.0084, 1.4752 -1.0827 3.0084, 1.4949 -3.252 3.0558, 1.4949 -1.0827 3.0558, 1.5262 -3.252 3.0966, 1.5262 -1.0827 3.0966, 1.5669 -3.252 3.1279, 1.5669 -1.0827 3.1279, 1.6144 -3.252 3.1476, 1.6144 -1.0827 3.1476, 1.6654 -3.252 3.1543, 1.6634 -3.4449 2.954, 1.6643 -3.4449 2.9536, 1.6654 -3.4449 2.9574, 1.6654 -3.4449 2.9535, 1.6664 -3.4449 2.9536, 1.6616 -3.4449 2.9564, 1.6619 -3.4449 2.9555, 1.6626 -3.4449 2.9546, 1.6619 -3.4449 2.9594, 1.6616 -3.4449 2.9584, 1.6614 -3.4449 2.9574, 1.6643 -3.4449 2.9612, 1.6634 -3.4449 2.9608, 1.6626 -3.4449 2.9602, 1.6673 -3.4449 2.9608, 1.6664 -3.4449 2.9612, 1.6654 -3.4449 2.9614, 1.6692 -3.4449 2.9584, 1.6688 -3.4449 2.9594, 1.6681 -3.4449 2.9602, 1.6688 -3.4449 2.9555, 1.6692 -3.4449 2.9564, 1.6693 -3.4449 2.9574, 1.6673 -3.4449 2.954, 1.6681 -3.4449 2.9546, 2.7559 -1.0827 3.1543, 2.8069 -3.252 3.1476, 2.8069 -1.0827 3.1476, 2.8543 -3.252 3.1279, 2.8543 -1.0827 3.1279, 2.8951 -3.252 3.0966, 2.8951 -1.0827 3.0966, 2.9264 -3.252 3.0558, 2.9264 -1.0827 3.0558, 2.9461 -3.252 3.0084, 2.9461 -1.0827 3.0084, 2.9528 -3.252 2.9574, 2.9528 -1.0827 2.9574, 2.9461 -3.252 2.9065, 2.9461 -1.0827 2.9065, 2.9264 -3.252 2.859, 2.9264 -1.0827 2.859, 2.8951 -3.252 2.8182, 2.8951 -1.0827 2.8182, 2.8543 -3.252 2.7869, 2.8543 -1.0827 2.7869, 2.8069 -3.252 2.7673, 2.8069 -1.0827 2.7673, 2.7559 -3.252 2.7606, 2.7559 -1.0827 2.7606, 2.705 -3.252 2.7673, 2.705 -1.0827 2.7673, 2.6575 -3.252 2.7869, 2.6575 -1.0827 2.7869, 2.6167 -3.252 2.8182, 2.6167 -1.0827 2.8182, 2.5854 -3.252 2.859, 2.5854 -1.0827 2.859, 2.5658 -3.252 2.9065, 2.5658 -1.0827 2.9065, 2.5591 -3.252 2.9574, 2.5591 -1.0827 2.9574, 2.5658 -3.252 3.0084, 2.5658 -1.0827 3.0084, 2.5854 -3.252 3.0558, 2.5854 -1.0827 3.0558, 2.6167 -3.252 3.0966, 2.6167 -1.0827 3.0966, 2.6575 -3.252 3.1279, 2.6575 -1.0827 3.1279, 2.705 -3.252 3.1476, 2.705 -1.0827 3.1476, 2.7559 -3.252 3.1543, 2.7539 -3.4449 2.954, 2.7549 -3.4449 2.9536, 2.7559 -3.4449 2.9574, 2.7559 -3.4449 2.9535, 2.7569 -3.4449 2.9536, 2.7521 -3.4449 2.9564, 2.7525 -3.4449 2.9555, 2.7531 -3.4449 2.9546, 2.7525 -3.4449 2.9594, 2.7521 -3.4449 2.9584, 2.752 -3.4449 2.9574, 2.7549 -3.4449 2.9612, 2.7539 -3.4449 2.9608, 2.7531 -3.4449 2.9602, 2.7579 -3.4449 2.9608, 2.7569 -3.4449 2.9612, 2.7559 -3.4449 2.9614, 2.7597 -3.4449 2.9584, 2.7593 -3.4449 2.9594, 2.7587 -3.4449 2.9602, 2.7593 -3.4449 2.9555, 2.7597 -3.4449 2.9564, 2.7598 -3.4449 2.9574, 2.7579 -3.4449 2.954, 2.7587 -3.4449 2.9546, 3.8465 -1.0827 3.1543, 3.8974 -3.252 3.1476, 3.8974 -1.0827 3.1476, 3.9449 -3.252 3.1279, 3.9449 -1.0827 3.1279, 3.9857 -3.252 3.0966, 3.9857 -1.0827 3.0966, 4.0169 -3.252 3.0558, 4.0169 -1.0827 3.0558, 4.0366 -3.252 3.0084, 4.0366 -1.0827 3.0084, 4.0433 -3.252 2.9574, 4.0433 -1.0827 2.9574, 4.0366 -3.252 2.9065, 4.0366 -1.0827 2.9065, 4.0169 -3.252 2.859, 4.0169 -1.0827 2.859, 3.9857 -3.252 2.8182, 3.9857 -1.0827 2.8182, 3.9449 -3.252 2.7869, 3.9449 -1.0827 2.7869, 3.8974 -3.252 2.7673, 3.8974 -1.0827 2.7673, 3.8465 -3.252 2.7606, 3.8465 -1.0827 2.7606, 3.7955 -3.252 2.7673, 3.7955 -1.0827 2.7673, 3.748 -3.252 2.7869, 3.748 -1.0827 2.7869, 3.7073 -3.252 2.8182, 3.7073 -1.0827 2.8182, 3.676 -3.252 2.859, 3.676 -1.0827 2.859, 3.6563 -3.252 2.9065, 3.6563 -1.0827 2.9065, 3.6496 -3.252 2.9574, 3.6496 -1.0827 2.9574, 3.6563 -3.252 3.0084, 3.6563 -1.0827 3.0084, 3.676 -3.252 3.0558, 3.676 -1.0827 3.0558, 3.7073 -3.252 3.0966, 3.7073 -1.0827 3.0966, 3.748 -3.252 3.1279, 3.748 -1.0827 3.1279, 3.7955 -3.252 3.1476, 3.7955 -1.0827 3.1476, 3.8465 -3.252 3.1543, 3.8445 -3.4449 2.954, 3.8454 -3.4449 2.9536, 3.8465 -3.4449 2.9574, 3.8465 -3.4449 2.9535, 3.8475 -3.4449 2.9536, 3.8427 -3.4449 2.9564, 3.8431 -3.4449 2.9555, 3.8437 -3.4449 2.9546, 3.8431 -3.4449 2.9594, 3.8427 -3.4449 2.9584, 3.8425 -3.4449 2.9574, 3.8454 -3.4449 2.9612, 3.8445 -3.4449 2.9608, 3.8437 -3.4449 2.9602, 3.8484 -3.4449 2.9608, 3.8475 -3.4449 2.9612, 3.8465 -3.4449 2.9614, 3.8503 -3.4449 2.9584, 3.8499 -3.4449 2.9594, 3.8492 -3.4449 2.9602, 3.8499 -3.4449 2.9555, 3.8503 -3.4449 2.9564, 3.8504 -3.4449 2.9574, 3.8484 -3.4449 2.954, 3.8492 -3.4449 2.9546, 4.937 -1.0827 3.1543, 4.988 -3.252 3.1476, 4.988 -1.0827 3.1476, 5.0354 -3.252 3.1279, 5.0354 -1.0827 3.1279, 5.0762 -3.252 3.0966, 5.0762 -1.0827 3.0966, 5.1075 -3.252 3.0558, 5.1075 -1.0827 3.0558, 5.1272 -3.252 3.0084, 5.1272 -1.0827 3.0084, 5.1339 -3.252 2.9574, 5.1339 -1.0827 2.9574, 5.1272 -3.252 2.9065, 5.1272 -1.0827 2.9065, 5.1075 -3.252 2.859, 5.1075 -1.0827 2.859, 5.0762 -3.252 2.8182, 5.0762 -1.0827 2.8182, 5.0354 -3.252 2.7869, 5.0354 -1.0827 2.7869, 4.988 -3.252 2.7673, 4.988 -1.0827 2.7673, 4.937 -3.252 2.7606, 4.937 -1.0827 2.7606, 4.8861 -3.252 2.7673, 4.8861 -1.0827 2.7673, 4.8386 -3.252 2.7869, 4.8386 -1.0827 2.7869, 4.7978 -3.252 2.8182, 4.7978 -1.0827 2.8182, 4.7665 -3.252 2.859, 4.7665 -1.0827 2.859, 4.7469 -3.252 2.9065, 4.7469 -1.0827 2.9065, 4.7402 -3.252 2.9574, 4.7402 -1.0827 2.9574, 4.7469 -3.252 3.0084, 4.7469 -1.0827 3.0084, 4.7665 -3.252 3.0558, 4.7665 -1.0827 3.0558, 4.7978 -3.252 3.0966, 4.7978 -1.0827 3.0966, 4.8386 -3.252 3.1279, 4.8386 -1.0827 3.1279, 4.8861 -3.252 3.1476, 4.8861 -1.0827 3.1476, 4.937 -3.252 3.1543, 4.935 -3.4449 2.954, 4.936 -3.4449 2.9536, 4.937 -3.4449 2.9574, 4.937 -3.4449 2.9535, 4.938 -3.4449 2.9536, 4.9332 -3.4449 2.9564, 4.9336 -3.4449 2.9555, 4.9342 -3.4449 2.9546, 4.9336 -3.4449 2.9594, 4.9332 -3.4449 2.9584, 4.9331 -3.4449 2.9574, 4.936 -3.4449 2.9612, 4.935 -3.4449 2.9608, 4.9342 -3.4449 2.9602, 4.939 -3.4449 2.9608, 4.938 -3.4449 2.9612, 4.937 -3.4449 2.9614, 4.9408 -3.4449 2.9584, 4.9404 -3.4449 2.9594, 4.9398 -3.4449 2.9602, 4.9404 -3.4449 2.9555, 4.9408 -3.4449 2.9564, 4.9409 -3.4449 2.9574, 4.939 -3.4449 2.954, 4.9398 -3.4449 2.9546, 2.2106 -1.0827 2.0362, 2.2616 -3.252 2.0295, 2.2616 -1.0827 2.0295, 2.3091 -3.252 2.0098, 2.3091 -1.0827 2.0098, 2.3498 -3.252 1.9785, 2.3498 -1.0827 1.9785, 2.3811 -3.252 1.9377, 2.3811 -1.0827 1.9377, 2.4008 -3.252 1.8903, 2.4008 -1.0827 1.8903, 2.4075 -3.252 1.8393, 2.4075 -1.0827 1.8393, 2.4008 -3.252 1.7884, 2.4008 -1.0827 1.7884, 2.3811 -3.252 1.7409, 2.3811 -1.0827 1.7409, 2.3498 -3.252 1.7001, 2.3498 -1.0827 1.7001, 2.3091 -3.252 1.6688, 2.3091 -1.0827 1.6688, 2.2616 -3.252 1.6492, 2.2616 -1.0827 1.6492, 2.2106 -3.252 1.6425, 2.2106 -1.0827 1.6425, 2.1597 -3.252 1.6492, 2.1597 -1.0827 1.6492, 2.1122 -3.252 1.6688, 2.1122 -1.0827 1.6688, 2.0714 -3.252 1.7001, 2.0714 -1.0827 1.7001, 2.0402 -3.252 1.7409, 2.0402 -1.0827 1.7409, 2.0205 -3.252 1.7884, 2.0205 -1.0827 1.7884, 2.0138 -3.252 1.8393, 2.0138 -1.0827 1.8393, 2.0205 -3.252 1.8903, 2.0205 -1.0827 1.8903, 2.0402 -3.252 1.9377, 2.0402 -1.0827 1.9377, 2.0714 -3.252 1.9785, 2.0714 -1.0827 1.9785, 2.1122 -3.252 2.0098, 2.1122 -1.0827 2.0098, 2.1597 -3.252 2.0295, 2.1597 -1.0827 2.0295, 2.2106 -3.252 2.0362, 2.2087 -3.4449 1.8359, 2.2096 -3.4449 1.8355, 2.2106 -3.4449 1.8393, 2.2106 -3.4449 1.8354, 2.2117 -3.4449 1.8355, 2.2068 -3.4449 1.8383, 2.2072 -3.4449 1.8373, 2.2079 -3.4449 1.8365, 2.2072 -3.4449 1.8413, 2.2068 -3.4449 1.8403, 2.2067 -3.4449 1.8393, 2.2096 -3.4449 1.8431, 2.2087 -3.4449 1.8427, 2.2079 -3.4449 1.8421, 2.2126 -3.4449 1.8427, 2.2117 -3.4449 1.8431, 2.2106 -3.4449 1.8432, 2.2144 -3.4449 1.8403, 2.214 -3.4449 1.8413, 2.2134 -3.4449 1.8421, 2.214 -3.4449 1.8373, 2.2144 -3.4449 1.8383, 2.2146 -3.4449 1.8393, 2.2126 -3.4449 1.8359, 2.2134 -3.4449 1.8365, 3.3012 -1.0827 2.0362, 3.3521 -3.252 2.0295, 3.3521 -1.0827 2.0295, 3.3996 -3.252 2.0098, 3.3996 -1.0827 2.0098, 3.4404 -3.252 1.9785, 3.4404 -1.0827 1.9785, 3.4717 -3.252 1.9377, 3.4717 -1.0827 1.9377, 3.4913 -3.252 1.8903, 3.4913 -1.0827 1.8903, 3.498 -3.252 1.8393, 3.498 -1.0827 1.8393, 3.4913 -3.252 1.7884, 3.4913 -1.0827 1.7884, 3.4717 -3.252 1.7409, 3.4717 -1.0827 1.7409, 3.4404 -3.252 1.7001, 3.4404 -1.0827 1.7001, 3.3996 -3.252 1.6688, 3.3996 -1.0827 1.6688, 3.3521 -3.252 1.6492, 3.3521 -1.0827 1.6492, 3.3012 -3.252 1.6425, 3.3012 -1.0827 1.6425, 3.2502 -3.252 1.6492, 3.2502 -1.0827 1.6492, 3.2028 -3.252 1.6688, 3.2028 -1.0827 1.6688, 3.162 -3.252 1.7001, 3.162 -1.0827 1.7001, 3.1307 -3.252 1.7409, 3.1307 -1.0827 1.7409, 3.111 -3.252 1.7884, 3.111 -1.0827 1.7884, 3.1043 -3.252 1.8393, 3.1043 -1.0827 1.8393, 3.111 -3.252 1.8903, 3.111 -1.0827 1.8903, 3.1307 -3.252 1.9377, 3.1307 -1.0827 1.9377, 3.162 -3.252 1.9785, 3.162 -1.0827 1.9785, 3.2028 -3.252 2.0098, 3.2028 -1.0827 2.0098, 3.2502 -3.252 2.0295, 3.2502 -1.0827 2.0295, 3.3012 -3.252 2.0362, 3.2992 -3.4449 1.8359, 3.3002 -3.4449 1.8355, 3.3012 -3.4449 1.8393, 3.3012 -3.4449 1.8354, 3.3022 -3.4449 1.8355, 3.2974 -3.4449 1.8383, 3.2978 -3.4449 1.8373, 3.2984 -3.4449 1.8365, 3.2978 -3.4449 1.8413, 3.2974 -3.4449 1.8403, 3.2972 -3.4449 1.8393, 3.3002 -3.4449 1.8431, 3.2992 -3.4449 1.8427, 3.2984 -3.4449 1.8421, 3.3032 -3.4449 1.8427, 3.3022 -3.4449 1.8431, 3.3012 -3.4449 1.8432, 3.305 -3.4449 1.8403, 3.3046 -3.4449 1.8413, 3.304 -3.4449 1.8421, 3.3046 -3.4449 1.8373, 3.305 -3.4449 1.8383, 3.3051 -3.4449 1.8393, 3.3032 -3.4449 1.8359, 3.304 -3.4449 1.8365, 4.3917 -1.0827 2.0362, 4.4427 -3.252 2.0295, 4.4427 -1.0827 2.0295, 4.4902 -3.252 2.0098, 4.4902 -1.0827 2.0098, 4.5309 -3.252 1.9785, 4.5309 -1.0827 1.9785, 4.5622 -3.252 1.9377, 4.5622 -1.0827 1.9377, 4.5819 -3.252 1.8903, 4.5819 -1.0827 1.8903, 4.5886 -3.252 1.8393, 4.5886 -1.0827 1.8393, 4.5819 -3.252 1.7884, 4.5819 -1.0827 1.7884, 4.5622 -3.252 1.7409, 4.5622 -1.0827 1.7409, 4.5309 -3.252 1.7001, 4.5309 -1.0827 1.7001, 4.4902 -3.252 1.6688, 4.4902 -1.0827 1.6688, 4.4427 -3.252 1.6492, 4.4427 -1.0827 1.6492, 4.3917 -3.252 1.6425, 4.3917 -1.0827 1.6425, 4.3408 -3.252 1.6492, 4.3408 -1.0827 1.6492, 4.2933 -3.252 1.6688, 4.2933 -1.0827 1.6688, 4.2525 -3.252 1.7001, 4.2525 -1.0827 1.7001, 4.2213 -3.252 1.7409, 4.2213 -1.0827 1.7409, 4.2016 -3.252 1.7884, 4.2016 -1.0827 1.7884, 4.1949 -3.252 1.8393, 4.1949 -1.0827 1.8393, 4.2016 -3.252 1.8903, 4.2016 -1.0827 1.8903, 4.2213 -3.252 1.9377, 4.2213 -1.0827 1.9377, 4.2525 -3.252 1.9785, 4.2525 -1.0827 1.9785, 4.2933 -3.252 2.0098, 4.2933 -1.0827 2.0098, 4.3408 -3.252 2.0295, 4.3408 -1.0827 2.0295, 4.3917 -3.252 2.0362, 4.3898 -3.4449 1.8359, 4.3907 -3.4449 1.8355, 4.3917 -3.4449 1.8393, 4.3917 -3.4449 1.8354, 4.3928 -3.4449 1.8355, 4.3879 -3.4449 1.8383, 4.3883 -3.4449 1.8373, 4.389 -3.4449 1.8365, 4.3883 -3.4449 1.8413, 4.3879 -3.4449 1.8403, 4.3878 -3.4449 1.8393, 4.3907 -3.4449 1.8431, 4.3898 -3.4449 1.8427, 4.389 -3.4449 1.8421, 4.3937 -3.4449 1.8427, 4.3928 -3.4449 1.8431, 4.3917 -3.4449 1.8432, 4.3955 -3.4449 1.8403, 4.3951 -3.4449 1.8413, 4.3945 -3.4449 1.8421, 4.3951 -3.4449 1.8373, 4.3955 -3.4449 1.8383, 4.3957 -3.4449 1.8393, 4.3937 -3.4449 1.8359, 4.3945 -3.4449 1.8365, 4.951 -3.4383 2.9054, 4.9639 -3.4383 2.9108, 4.9751 -3.4383 2.9193, 4.9837 -3.4383 2.9305, 4.989 -3.4383 2.9435, 4.9909 -3.4383 2.9574, 4.989 -3.4383 2.9714, 4.9837 -3.4383 2.9844, 4.9751 -3.4383 2.9955, 4.9639 -3.4383 3.0041, 4.951 -3.4383 3.0095, 4.937 -3.4383 3.0113, 4.9231 -3.4383 3.0095, 4.9101 -3.4383 3.0041, 4.8989 -3.4383 2.9955, 4.8904 -3.4383 2.9844, 4.885 -3.4383 2.9714, 4.8831 -3.4383 2.9574, 4.885 -3.4383 2.9435, 4.8904 -3.4383 2.9305, 4.8989 -3.4383 2.9193, 4.9101 -3.4383 2.9108, 4.9231 -3.4383 2.9054, 4.937 -3.4383 2.9036, 4.963 -3.419 2.8604, 4.9872 -3.419 2.8705, 5.008 -3.419 2.8864, 5.024 -3.419 2.9072, 5.034 -3.419 2.9314, 5.0374 -3.419 2.9574, 5.034 -3.419 2.9834, 5.024 -3.419 3.0076, 5.008 -3.419 3.0284, 4.9872 -3.419 3.0444, 4.963 -3.419 3.0544, 4.937 -3.419 3.0578, 4.911 -3.419 3.0544, 4.8868 -3.419 3.0444, 4.866 -3.419 3.0284, 4.8501 -3.419 3.0076, 4.84 -3.419 2.9834, 4.8366 -3.419 2.9574, 4.84 -3.419 2.9314, 4.8501 -3.419 2.9072, 4.866 -3.419 2.8864, 4.8868 -3.419 2.8705, 4.911 -3.419 2.8604, 4.937 -3.419 2.857, 4.9733 -3.3884 2.8219, 5.0072 -3.3884 2.8359, 5.0363 -3.3884 2.8582, 5.0586 -3.3884 2.8872, 5.0726 -3.3884 2.9211, 5.0774 -3.3884 2.9574, 5.0726 -3.3884 2.9937, 5.0586 -3.3884 3.0276, 5.0363 -3.3884 3.0567, 5.0072 -3.3884 3.079, 4.9733 -3.3884 3.093, 4.937 -3.3884 3.0978, 4.9007 -3.3884 3.093, 4.8668 -3.3884 3.079, 4.8378 -3.3884 3.0567, 4.8155 -3.3884 3.0276, 4.8014 -3.3884 2.9937, 4.7967 -3.3884 2.9574, 4.8014 -3.3884 2.9211, 4.8155 -3.3884 2.8872, 4.8378 -3.3884 2.8582, 4.8668 -3.3884 2.8359, 4.9007 -3.3884 2.8219, 4.937 -3.3884 2.8171, 4.9813 -3.3484 2.7922, 5.0225 -3.3484 2.8093, 5.0579 -3.3484 2.8365, 5.0851 -3.3484 2.8719, 5.1022 -3.3484 2.9132, 5.108 -3.3484 2.9574, 5.1022 -3.3484 3.0017, 5.0851 -3.3484 3.0429, 5.0579 -3.3484 3.0783, 5.0225 -3.3484 3.1055, 4.9813 -3.3484 3.1226, 4.937 -3.3484 3.1284, 4.8928 -3.3484 3.1226, 4.8515 -3.3484 3.1055, 4.8161 -3.3484 3.0783, 4.7889 -3.3484 3.0429, 4.7718 -3.3484 3.0017, 4.766 -3.3484 2.9574, 4.7718 -3.3484 2.9132, 4.7889 -3.3484 2.8719, 4.8161 -3.3484 2.8365, 4.8515 -3.3484 2.8093, 4.8928 -3.3484 2.7922, 4.937 -3.3484 2.7864, 4.9863 -3.3019 2.7736, 5.0322 -3.3019 2.7926, 5.0716 -3.3019 2.8229, 5.1018 -3.3019 2.8623, 5.1208 -3.3019 2.9082, 5.1273 -3.3019 2.9574, 5.1208 -3.3019 3.0067, 5.1018 -3.3019 3.0526, 5.0716 -3.3019 3.092, 5.0322 -3.3019 3.1222, 4.9863 -3.3019 3.1412, 4.937 -3.3019 3.1477, 4.8878 -3.3019 3.1412, 4.8419 -3.3019 3.1222, 4.8025 -3.3019 3.092, 4.7722 -3.3019 3.0526, 4.7532 -3.3019 3.0067, 4.7467 -3.3019 2.9574, 4.7532 -3.3019 2.9082, 4.7722 -3.3019 2.8623, 4.8025 -3.3019 2.8229, 4.8419 -3.3019 2.7926, 4.8878 -3.3019 2.7736, 4.937 -3.3019 2.7671, 4.4057 -3.4383 1.7873, 4.4187 -3.4383 1.7927, 4.4298 -3.4383 1.8012, 4.4384 -3.4383 1.8124, 4.4438 -3.4383 1.8254, 4.4456 -3.4383 1.8393, 4.4438 -3.4383 1.8533, 4.4384 -3.4383 1.8662, 4.4298 -3.4383 1.8774, 4.4187 -3.4383 1.886, 4.4057 -3.4383 1.8913, 4.3917 -3.4383 1.8932, 4.3778 -3.4383 1.8913, 4.3648 -3.4383 1.886, 4.3536 -3.4383 1.8774, 4.3451 -3.4383 1.8662, 4.3397 -3.4383 1.8533, 4.3379 -3.4383 1.8393, 4.3397 -3.4383 1.8254, 4.3451 -3.4383 1.8124, 4.3536 -3.4383 1.8012, 4.3648 -3.4383 1.7927, 4.3778 -3.4383 1.7873, 4.3917 -3.4383 1.7854, 4.4177 -3.419 1.7423, 4.4419 -3.419 1.7524, 4.4627 -3.419 1.7683, 4.4787 -3.419 1.7891, 4.4887 -3.419 1.8133, 4.4921 -3.419 1.8393, 4.4887 -3.419 1.8653, 4.4787 -3.419 1.8895, 4.4627 -3.419 1.9103, 4.4419 -3.419 1.9263, 4.4177 -3.419 1.9363, 4.3917 -3.419 1.9397, 4.3658 -3.419 1.9363, 4.3415 -3.419 1.9263, 4.3207 -3.419 1.9103, 4.3048 -3.419 1.8895, 4.2948 -3.419 1.8653, 4.2913 -3.419 1.8393, 4.2948 -3.419 1.8133, 4.3048 -3.419 1.7891, 4.3207 -3.419 1.7683, 4.3415 -3.419 1.7524, 4.3658 -3.419 1.7423, 4.3917 -3.419 1.7389, 4.4281 -3.3884 1.7037, 4.4619 -3.3884 1.7178, 4.491 -3.3884 1.7401, 4.5133 -3.3884 1.7691, 4.5273 -3.3884 1.803, 4.5321 -3.3884 1.8393, 4.5273 -3.3884 1.8756, 4.5133 -3.3884 1.9095, 4.491 -3.3884 1.9386, 4.4619 -3.3884 1.9609, 4.4281 -3.3884 1.9749, 4.3917 -3.3884 1.9797, 4.3554 -3.3884 1.9749, 4.3216 -3.3884 1.9609, 4.2925 -3.3884 1.9386, 4.2702 -3.3884 1.9095, 4.2562 -3.3884 1.8756, 4.2514 -3.3884 1.8393, 4.2562 -3.3884 1.803, 4.2702 -3.3884 1.7691, 4.2925 -3.3884 1.7401, 4.3216 -3.3884 1.7178, 4.3554 -3.3884 1.7037, 4.3917 -3.3884 1.699, 4.436 -3.3484 1.6741, 4.4772 -3.3484 1.6912, 4.5127 -3.3484 1.7184, 4.5398 -3.3484 1.7538, 4.5569 -3.3484 1.7951, 4.5627 -3.3484 1.8393, 4.5569 -3.3484 1.8836, 4.5398 -3.3484 1.9248, 4.5127 -3.3484 1.9602, 4.4772 -3.3484 1.9874, 4.436 -3.3484 2.0045, 4.3917 -3.3484 2.0103, 4.3475 -3.3484 2.0045, 4.3062 -3.3484 1.9874, 4.2708 -3.3484 1.9602, 4.2436 -3.3484 1.9248, 4.2266 -3.3484 1.8836, 4.2207 -3.3484 1.8393, 4.2266 -3.3484 1.7951, 4.2436 -3.3484 1.7538, 4.2708 -3.3484 1.7184, 4.3062 -3.3484 1.6912, 4.3475 -3.3484 1.6741, 4.3917 -3.3484 1.6683, 4.441 -3.3019 1.6555, 4.4869 -3.3019 1.6745, 4.5263 -3.3019 1.7048, 4.5565 -3.3019 1.7442, 4.5755 -3.3019 1.7901, 4.582 -3.3019 1.8393, 4.5755 -3.3019 1.8886, 4.5565 -3.3019 1.9344, 4.5263 -3.3019 1.9739, 4.4869 -3.3019 2.0041, 4.441 -3.3019 2.0231, 4.3917 -3.3019 2.0296, 4.3425 -3.3019 2.0231, 4.2966 -3.3019 2.0041, 4.2572 -3.3019 1.9739, 4.227 -3.3019 1.9344, 4.2079 -3.3019 1.8886, 4.2015 -3.3019 1.8393, 4.2079 -3.3019 1.7901, 4.227 -3.3019 1.7442, 4.2572 -3.3019 1.7048, 4.2966 -3.3019 1.6745, 4.3425 -3.3019 1.6555, 4.3917 -3.3019 1.649, 3.8604 -3.4383 2.9054, 3.8734 -3.4383 2.9108, 3.8846 -3.4383 2.9193, 3.8931 -3.4383 2.9305, 3.8985 -3.4383 2.9435, 3.9003 -3.4383 2.9574, 3.8985 -3.4383 2.9714, 3.8931 -3.4383 2.9844, 3.8846 -3.4383 2.9955, 3.8734 -3.4383 3.0041, 3.8604 -3.4383 3.0095, 3.8465 -3.4383 3.0113, 3.8325 -3.4383 3.0095, 3.8195 -3.4383 3.0041, 3.8084 -3.4383 2.9955, 3.7998 -3.4383 2.9844, 3.7944 -3.4383 2.9714, 3.7926 -3.4383 2.9574, 3.7944 -3.4383 2.9435, 3.7998 -3.4383 2.9305, 3.8084 -3.4383 2.9193, 3.8195 -3.4383 2.9108, 3.8325 -3.4383 2.9054, 3.8465 -3.4383 2.9036, 3.8724 -3.419 2.8604, 3.8967 -3.419 2.8705, 3.9175 -3.419 2.8864, 3.9334 -3.419 2.9072, 3.9434 -3.419 2.9314, 3.9469 -3.419 2.9574, 3.9434 -3.419 2.9834, 3.9334 -3.419 3.0076, 3.9175 -3.419 3.0284, 3.8967 -3.419 3.0444, 3.8724 -3.419 3.0544, 3.8465 -3.419 3.0578, 3.8205 -3.419 3.0544, 3.7963 -3.419 3.0444, 3.7755 -3.419 3.0284, 3.7595 -3.419 3.0076, 3.7495 -3.419 2.9834, 3.7461 -3.419 2.9574, 3.7495 -3.419 2.9314, 3.7595 -3.419 2.9072, 3.7755 -3.419 2.8864, 3.7963 -3.419 2.8705, 3.8205 -3.419 2.8604, 3.8465 -3.419 2.857, 3.8828 -3.3884 2.8219, 3.9166 -3.3884 2.8359, 3.9457 -3.3884 2.8582, 3.968 -3.3884 2.8872, 3.982 -3.3884 2.9211, 3.9868 -3.3884 2.9574, 3.982 -3.3884 2.9937, 3.968 -3.3884 3.0276, 3.9457 -3.3884 3.0567, 3.9166 -3.3884 3.079, 3.8828 -3.3884 3.093, 3.8465 -3.3884 3.0978, 3.8101 -3.3884 3.093, 3.7763 -3.3884 3.079, 3.7472 -3.3884 3.0567, 3.7249 -3.3884 3.0276, 3.7109 -3.3884 2.9937, 3.7061 -3.3884 2.9574, 3.7109 -3.3884 2.9211, 3.7249 -3.3884 2.8872, 3.7472 -3.3884 2.8582, 3.7763 -3.3884 2.8359, 3.8101 -3.3884 2.8219, 3.8465 -3.3884 2.8171, 3.8907 -3.3484 2.7922, 3.932 -3.3484 2.8093, 3.9674 -3.3484 2.8365, 3.9946 -3.3484 2.8719, 4.0116 -3.3484 2.9132, 4.0175 -3.3484 2.9574, 4.0116 -3.3484 3.0017, 3.9946 -3.3484 3.0429, 3.9674 -3.3484 3.0783, 3.932 -3.3484 3.1055, 3.8907 -3.3484 3.1226, 3.8465 -3.3484 3.1284, 3.8022 -3.3484 3.1226, 3.761 -3.3484 3.1055, 3.7255 -3.3484 3.0783, 3.6984 -3.3484 3.0429, 3.6813 -3.3484 3.0017, 3.6755 -3.3484 2.9574, 3.6813 -3.3484 2.9132, 3.6984 -3.3484 2.8719, 3.7255 -3.3484 2.8365, 3.761 -3.3484 2.8093, 3.8022 -3.3484 2.7922, 3.8465 -3.3484 2.7864, 3.8957 -3.3019 2.7736, 3.9416 -3.3019 2.7926, 3.981 -3.3019 2.8229, 4.0112 -3.3019 2.8623, 4.0303 -3.3019 2.9082, 4.0367 -3.3019 2.9574, 4.0303 -3.3019 3.0067, 4.0112 -3.3019 3.0526, 3.981 -3.3019 3.092, 3.9416 -3.3019 3.1222, 3.8957 -3.3019 3.1412, 3.8465 -3.3019 3.1477, 3.7972 -3.3019 3.1412, 3.7513 -3.3019 3.1222, 3.7119 -3.3019 3.092, 3.6817 -3.3019 3.0526, 3.6627 -3.3019 3.0067, 3.6562 -3.3019 2.9574, 3.6627 -3.3019 2.9082, 3.6817 -3.3019 2.8623, 3.7119 -3.3019 2.8229, 3.7513 -3.3019 2.7926, 3.7972 -3.3019 2.7736, 3.8465 -3.3019 2.7671, 3.3151 -3.4383 1.7873, 3.3281 -3.4383 1.7927, 3.3393 -3.4383 1.8012, 3.3478 -3.4383 1.8124, 3.3532 -3.4383 1.8254, 3.3551 -3.4383 1.8393, 3.3532 -3.4383 1.8533, 3.3478 -3.4383 1.8662, 3.3393 -3.4383 1.8774, 3.3281 -3.4383 1.886, 3.3151 -3.4383 1.8913, 3.3012 -3.4383 1.8932, 3.2872 -3.4383 1.8913, 3.2743 -3.4383 1.886, 3.2631 -3.4383 1.8774, 3.2545 -3.4383 1.8662, 3.2492 -3.4383 1.8533, 3.2473 -3.4383 1.8393, 3.2492 -3.4383 1.8254, 3.2545 -3.4383 1.8124, 3.2631 -3.4383 1.8012, 3.2743 -3.4383 1.7927, 3.2872 -3.4383 1.7873, 3.3012 -3.4383 1.7854, 3.3272 -3.419 1.7423, 3.3514 -3.419 1.7524, 3.3722 -3.419 1.7683, 3.3881 -3.419 1.7891, 3.3982 -3.419 1.8133, 3.4016 -3.419 1.8393, 3.3982 -3.419 1.8653, 3.3881 -3.419 1.8895, 3.3722 -3.419 1.9103, 3.3514 -3.419 1.9263, 3.3272 -3.419 1.9363, 3.3012 -3.419 1.9397, 3.2752 -3.419 1.9363, 3.251 -3.419 1.9263, 3.2302 -3.419 1.9103, 3.2142 -3.419 1.8895, 3.2042 -3.419 1.8653, 3.2008 -3.419 1.8393, 3.2042 -3.419 1.8133, 3.2142 -3.419 1.7891, 3.2302 -3.419 1.7683, 3.251 -3.419 1.7524, 3.2752 -3.419 1.7423, 3.3012 -3.419 1.7389, 3.3375 -3.3884 1.7037, 3.3714 -3.3884 1.7178, 3.4004 -3.3884 1.7401, 3.4227 -3.3884 1.7691, 3.4368 -3.3884 1.803, 3.4415 -3.3884 1.8393, 3.4368 -3.3884 1.8756, 3.4227 -3.3884 1.9095, 3.4004 -3.3884 1.9386, 3.3714 -3.3884 1.9609, 3.3375 -3.3884 1.9749, 3.3012 -3.3884 1.9797, 3.2649 -3.3884 1.9749, 3.231 -3.3884 1.9609, 3.2019 -3.3884 1.9386, 3.1796 -3.3884 1.9095, 3.1656 -3.3884 1.8756, 3.1608 -3.3884 1.8393, 3.1656 -3.3884 1.803, 3.1796 -3.3884 1.7691, 3.2019 -3.3884 1.7401, 3.231 -3.3884 1.7178, 3.2649 -3.3884 1.7037, 3.3012 -3.3884 1.699, 3.3454 -3.3484 1.6741, 3.3867 -3.3484 1.6912, 3.4221 -3.3484 1.7184, 3.4493 -3.3484 1.7538, 3.4664 -3.3484 1.7951, 3.4722 -3.3484 1.8393, 3.4664 -3.3484 1.8836, 3.4493 -3.3484 1.9248, 3.4221 -3.3484 1.9602, 3.3867 -3.3484 1.9874, 3.3454 -3.3484 2.0045, 3.3012 -3.3484 2.0103, 3.2569 -3.3484 2.0045, 3.2157 -3.3484 1.9874, 3.1803 -3.3484 1.9602, 3.1531 -3.3484 1.9248, 3.136 -3.3484 1.8836, 3.1302 -3.3484 1.8393, 3.136 -3.3484 1.7951, 3.1531 -3.3484 1.7538, 3.1803 -3.3484 1.7184, 3.2157 -3.3484 1.6912, 3.2569 -3.3484 1.6741, 3.3012 -3.3484 1.6683, 3.3504 -3.3019 1.6555, 3.3963 -3.3019 1.6745, 3.4357 -3.3019 1.7048, 3.466 -3.3019 1.7442, 3.485 -3.3019 1.7901, 3.4915 -3.3019 1.8393, 3.485 -3.3019 1.8886, 3.466 -3.3019 1.9344, 3.4357 -3.3019 1.9739, 3.3963 -3.3019 2.0041, 3.3504 -3.3019 2.0231, 3.3012 -3.3019 2.0296, 3.2519 -3.3019 2.0231, 3.206 -3.3019 2.0041, 3.1666 -3.3019 1.9739, 3.1364 -3.3019 1.9344, 3.1174 -3.3019 1.8886, 3.1109 -3.3019 1.8393, 3.1174 -3.3019 1.7901, 3.1364 -3.3019 1.7442, 3.1666 -3.3019 1.7048, 3.206 -3.3019 1.6745, 3.2519 -3.3019 1.6555, 3.3012 -3.3019 1.649, 2.7699 -3.4383 2.9054, 2.7828 -3.4383 2.9108, 2.794 -3.4383 2.9193, 2.8026 -3.4383 2.9305, 2.8079 -3.4383 2.9435, 2.8098 -3.4383 2.9574, 2.8079 -3.4383 2.9714, 2.8026 -3.4383 2.9844, 2.794 -3.4383 2.9955, 2.7828 -3.4383 3.0041, 2.7699 -3.4383 3.0095, 2.7559 -3.4383 3.0113, 2.742 -3.4383 3.0095, 2.729 -3.4383 3.0041, 2.7178 -3.4383 2.9955, 2.7093 -3.4383 2.9844, 2.7039 -3.4383 2.9714, 2.702 -3.4383 2.9574, 2.7039 -3.4383 2.9435, 2.7093 -3.4383 2.9305, 2.7178 -3.4383 2.9193, 2.729 -3.4383 2.9108, 2.742 -3.4383 2.9054, 2.7559 -3.4383 2.9036, 2.7819 -3.419 2.8604, 2.8061 -3.419 2.8705, 2.8269 -3.419 2.8864, 2.8429 -3.419 2.9072, 2.8529 -3.419 2.9314, 2.8563 -3.419 2.9574, 2.8529 -3.419 2.9834, 2.8429 -3.419 3.0076, 2.8269 -3.419 3.0284, 2.8061 -3.419 3.0444, 2.7819 -3.419 3.0544, 2.7559 -3.419 3.0578, 2.7299 -3.419 3.0544, 2.7057 -3.419 3.0444, 2.6849 -3.419 3.0284, 2.669 -3.419 3.0076, 2.6589 -3.419 2.9834, 2.6555 -3.419 2.9574, 2.6589 -3.419 2.9314, 2.669 -3.419 2.9072, 2.6849 -3.419 2.8864, 2.7057 -3.419 2.8705, 2.7299 -3.419 2.8604, 2.7559 -3.419 2.857, 2.7922 -3.3884 2.8219, 2.8261 -3.3884 2.8359, 2.8552 -3.3884 2.8582, 2.8775 -3.3884 2.8872, 2.8915 -3.3884 2.9211, 2.8963 -3.3884 2.9574, 2.8915 -3.3884 2.9937, 2.8775 -3.3884 3.0276, 2.8552 -3.3884 3.0567, 2.8261 -3.3884 3.079, 2.7922 -3.3884 3.093, 2.7559 -3.3884 3.0978, 2.7196 -3.3884 3.093, 2.6857 -3.3884 3.079, 2.6567 -3.3884 3.0567, 2.6344 -3.3884 3.0276, 2.6203 -3.3884 2.9937, 2.6156 -3.3884 2.9574, 2.6203 -3.3884 2.9211, 2.6344 -3.3884 2.8872, 2.6567 -3.3884 2.8582, 2.6857 -3.3884 2.8359, 2.7196 -3.3884 2.8219, 2.7559 -3.3884 2.8171, 2.8002 -3.3484 2.7922, 2.8414 -3.3484 2.8093, 2.8768 -3.3484 2.8365, 2.904 -3.3484 2.8719, 2.9211 -3.3484 2.9132, 2.9269 -3.3484 2.9574, 2.9211 -3.3484 3.0017, 2.904 -3.3484 3.0429, 2.8768 -3.3484 3.0783, 2.8414 -3.3484 3.1055, 2.8002 -3.3484 3.1226, 2.7559 -3.3484 3.1284, 2.7117 -3.3484 3.1226, 2.6704 -3.3484 3.1055, 2.635 -3.3484 3.0783, 2.6078 -3.3484 3.0429, 2.5907 -3.3484 3.0017, 2.5849 -3.3484 2.9574, 2.5907 -3.3484 2.9132, 2.6078 -3.3484 2.8719, 2.635 -3.3484 2.8365, 2.6704 -3.3484 2.8093, 2.7117 -3.3484 2.7922, 2.7559 -3.3484 2.7864, 2.8052 -3.3019 2.7736, 2.851 -3.3019 2.7926, 2.8905 -3.3019 2.8229, 2.9207 -3.3019 2.8623, 2.9397 -3.3019 2.9082, 2.9462 -3.3019 2.9574, 2.9397 -3.3019 3.0067, 2.9207 -3.3019 3.0526, 2.8905 -3.3019 3.092, 2.851 -3.3019 3.1222, 2.8052 -3.3019 3.1412, 2.7559 -3.3019 3.1477, 2.7067 -3.3019 3.1412, 2.6608 -3.3019 3.1222, 2.6214 -3.3019 3.092, 2.5911 -3.3019 3.0526, 2.5721 -3.3019 3.0067, 2.5656 -3.3019 2.9574, 2.5721 -3.3019 2.9082, 2.5911 -3.3019 2.8623, 2.6214 -3.3019 2.8229, 2.6608 -3.3019 2.7926, 2.7067 -3.3019 2.7736, 2.7559 -3.3019 2.7671, 2.2246 -3.4383 1.7873, 2.2376 -3.4383 1.7927, 2.2487 -3.4383 1.8012, 2.2573 -3.4383 1.8124, 2.2627 -3.4383 1.8254, 2.2645 -3.4383 1.8393, 2.2627 -3.4383 1.8533, 2.2573 -3.4383 1.8662, 2.2487 -3.4383 1.8774, 2.2376 -3.4383 1.886, 2.2246 -3.4383 1.8913, 2.2106 -3.4383 1.8932, 2.1967 -3.4383 1.8913, 2.1837 -3.4383 1.886, 2.1725 -3.4383 1.8774, 2.164 -3.4383 1.8662, 2.1586 -3.4383 1.8533, 2.1568 -3.4383 1.8393, 2.1586 -3.4383 1.8254, 2.164 -3.4383 1.8124, 2.1725 -3.4383 1.8012, 2.1837 -3.4383 1.7927, 2.1967 -3.4383 1.7873, 2.2106 -3.4383 1.7854, 2.2366 -3.419 1.7423, 2.2608 -3.419 1.7524, 2.2816 -3.419 1.7683, 2.2976 -3.419 1.7891, 2.3076 -3.419 1.8133, 2.311 -3.419 1.8393, 2.3076 -3.419 1.8653, 2.2976 -3.419 1.8895, 2.2816 -3.419 1.9103, 2.2608 -3.419 1.9263, 2.2366 -3.419 1.9363, 2.2106 -3.419 1.9397, 2.1847 -3.419 1.9363, 2.1604 -3.419 1.9263, 2.1396 -3.419 1.9103, 2.1237 -3.419 1.8895, 2.1137 -3.419 1.8653, 2.1102 -3.419 1.8393, 2.1137 -3.419 1.8133, 2.1237 -3.419 1.7891, 2.1396 -3.419 1.7683, 2.1604 -3.419 1.7524, 2.1847 -3.419 1.7423, 2.2106 -3.419 1.7389, 2.247 -3.3884 1.7037, 2.2808 -3.3884 1.7178, 2.3099 -3.3884 1.7401, 2.3322 -3.3884 1.7691, 2.3462 -3.3884 1.803, 2.351 -3.3884 1.8393, 2.3462 -3.3884 1.8756, 2.3322 -3.3884 1.9095, 2.3099 -3.3884 1.9386, 2.2808 -3.3884 1.9609, 2.247 -3.3884 1.9749, 2.2106 -3.3884 1.9797, 2.1743 -3.3884 1.9749, 2.1405 -3.3884 1.9609, 2.1114 -3.3884 1.9386, 2.0891 -3.3884 1.9095, 2.0751 -3.3884 1.8756, 2.0703 -3.3884 1.8393, 2.0751 -3.3884 1.803, 2.0891 -3.3884 1.7691, 2.1114 -3.3884 1.7401, 2.1405 -3.3884 1.7178, 2.1743 -3.3884 1.7037, 2.2106 -3.3884 1.699, 2.2549 -3.3484 1.6741, 2.2961 -3.3484 1.6912, 2.3316 -3.3484 1.7184, 2.3587 -3.3484 1.7538, 2.3758 -3.3484 1.7951, 2.3816 -3.3484 1.8393, 2.3758 -3.3484 1.8836, 2.3587 -3.3484 1.9248, 2.3316 -3.3484 1.9602, 2.2961 -3.3484 1.9874, 2.2549 -3.3484 2.0045, 2.2106 -3.3484 2.0103, 2.1664 -3.3484 2.0045, 2.1251 -3.3484 1.9874, 2.0897 -3.3484 1.9602, 2.0625 -3.3484 1.9248, 2.0455 -3.3484 1.8836, 2.0396 -3.3484 1.8393, 2.0455 -3.3484 1.7951, 2.0625 -3.3484 1.7538, 2.0897 -3.3484 1.7184, 2.1251 -3.3484 1.6912, 2.1664 -3.3484 1.6741, 2.2106 -3.3484 1.6683, 2.2599 -3.3019 1.6555, 2.3058 -3.3019 1.6745, 2.3452 -3.3019 1.7048, 2.3754 -3.3019 1.7442, 2.3944 -3.3019 1.7901, 2.4009 -3.3019 1.8393, 2.3944 -3.3019 1.8886, 2.3754 -3.3019 1.9344, 2.3452 -3.3019 1.9739, 2.3058 -3.3019 2.0041, 2.2599 -3.3019 2.0231, 2.2106 -3.3019 2.0296, 2.1614 -3.3019 2.0231, 2.1155 -3.3019 2.0041, 2.0761 -3.3019 1.9739, 2.0458 -3.3019 1.9344, 2.0268 -3.3019 1.8886, 2.0204 -3.3019 1.8393, 2.0268 -3.3019 1.7901, 2.0458 -3.3019 1.7442, 2.0761 -3.3019 1.7048, 2.1155 -3.3019 1.6745, 2.1614 -3.3019 1.6555, 2.2106 -3.3019 1.649, 1.6793 -3.4383 2.9054, 1.6923 -3.4383 2.9108, 1.7034 -3.4383 2.9193, 1.712 -3.4383 2.9305, 1.7174 -3.4383 2.9435, 1.7192 -3.4383 2.9574, 1.7174 -3.4383 2.9714, 1.712 -3.4383 2.9844, 1.7034 -3.4383 2.9955, 1.6923 -3.4383 3.0041, 1.6793 -3.4383 3.0095, 1.6654 -3.4383 3.0113, 1.6514 -3.4383 3.0095, 1.6384 -3.4383 3.0041, 1.6273 -3.4383 2.9955, 1.6187 -3.4383 2.9844, 1.6133 -3.4383 2.9714, 1.6115 -3.4383 2.9574, 1.6133 -3.4383 2.9435, 1.6187 -3.4383 2.9305, 1.6273 -3.4383 2.9193, 1.6384 -3.4383 2.9108, 1.6514 -3.4383 2.9054, 1.6654 -3.4383 2.9036, 1.6913 -3.419 2.8604, 1.7156 -3.419 2.8705, 1.7363 -3.419 2.8864, 1.7523 -3.419 2.9072, 1.7623 -3.419 2.9314, 1.7658 -3.419 2.9574, 1.7623 -3.419 2.9834, 1.7523 -3.419 3.0076, 1.7363 -3.419 3.0284, 1.7156 -3.419 3.0444, 1.6913 -3.419 3.0544, 1.6654 -3.419 3.0578, 1.6394 -3.419 3.0544, 1.6152 -3.419 3.0444, 1.5944 -3.419 3.0284, 1.5784 -3.419 3.0076, 1.5684 -3.419 2.9834, 1.565 -3.419 2.9574, 1.5684 -3.419 2.9314, 1.5784 -3.419 2.9072, 1.5944 -3.419 2.8864, 1.6152 -3.419 2.8705, 1.6394 -3.419 2.8604, 1.6654 -3.419 2.857, 1.7017 -3.3884 2.8219, 1.7355 -3.3884 2.8359, 1.7646 -3.3884 2.8582, 1.7869 -3.3884 2.8872, 1.8009 -3.3884 2.9211, 1.8057 -3.3884 2.9574, 1.8009 -3.3884 2.9937, 1.7869 -3.3884 3.0276, 1.7646 -3.3884 3.0567, 1.7355 -3.3884 3.079, 1.7017 -3.3884 3.093, 1.6654 -3.3884 3.0978, 1.629 -3.3884 3.093, 1.5952 -3.3884 3.079, 1.5661 -3.3884 3.0567, 1.5438 -3.3884 3.0276, 1.5298 -3.3884 2.9937, 1.525 -3.3884 2.9574, 1.5298 -3.3884 2.9211, 1.5438 -3.3884 2.8872, 1.5661 -3.3884 2.8582, 1.5952 -3.3884 2.8359, 1.629 -3.3884 2.8219, 1.6654 -3.3884 2.8171, 1.7096 -3.3484 2.7922, 1.7509 -3.3484 2.8093, 1.7863 -3.3484 2.8365, 1.8135 -3.3484 2.8719, 1.8305 -3.3484 2.9132, 1.8364 -3.3484 2.9574, 1.8305 -3.3484 3.0017, 1.8135 -3.3484 3.0429, 1.7863 -3.3484 3.0783, 1.7509 -3.3484 3.1055, 1.7096 -3.3484 3.1226, 1.6654 -3.3484 3.1284, 1.6211 -3.3484 3.1226, 1.5799 -3.3484 3.1055, 1.5444 -3.3484 3.0783, 1.5173 -3.3484 3.0429, 1.5002 -3.3484 3.0017, 1.4944 -3.3484 2.9574, 1.5002 -3.3484 2.9132, 1.5173 -3.3484 2.8719, 1.5444 -3.3484 2.8365, 1.5799 -3.3484 2.8093, 1.6211 -3.3484 2.7922, 1.6654 -3.3484 2.7864, 1.7146 -3.3019 2.7736, 1.7605 -3.3019 2.7926, 1.7999 -3.3019 2.8229, 1.8301 -3.3019 2.8623, 1.8492 -3.3019 2.9082, 1.8556 -3.3019 2.9574, 1.8492 -3.3019 3.0067, 1.8301 -3.3019 3.0526, 1.7999 -3.3019 3.092, 1.7605 -3.3019 3.1222, 1.7146 -3.3019 3.1412, 1.6654 -3.3019 3.1477, 1.6161 -3.3019 3.1412, 1.5702 -3.3019 3.1222, 1.5308 -3.3019 3.092, 1.5006 -3.3019 3.0526, 1.4816 -3.3019 3.0067, 1.4751 -3.3019 2.9574, 1.4816 -3.3019 2.9082, 1.5006 -3.3019 2.8623, 1.5308 -3.3019 2.8229, 1.5702 -3.3019 2.7926, 1.6161 -3.3019 2.7736, 1.6654 -3.3019 2.7671, 1.134 -3.4383 1.7873, 1.147 -3.4383 1.7927, 1.1582 -3.4383 1.8012, 1.1667 -3.4383 1.8124, 1.1721 -3.4383 1.8254, 1.174 -3.4383 1.8393, 1.1721 -3.4383 1.8533, 1.1667 -3.4383 1.8662, 1.1582 -3.4383 1.8774, 1.147 -3.4383 1.886, 1.134 -3.4383 1.8913, 1.1201 -3.4383 1.8932, 1.1061 -3.4383 1.8913, 1.0931 -3.4383 1.886, 1.082 -3.4383 1.8774, 1.0734 -3.4383 1.8662, 1.0681 -3.4383 1.8533, 1.0662 -3.4383 1.8393, 1.0681 -3.4383 1.8254, 1.0734 -3.4383 1.8124, 1.082 -3.4383 1.8012, 1.0931 -3.4383 1.7927, 1.1061 -3.4383 1.7873, 1.1201 -3.4383 1.7854, 1.1461 -3.419 1.7423, 1.1703 -3.419 1.7524, 1.1911 -3.419 1.7683, 1.207 -3.419 1.7891, 1.2171 -3.419 1.8133, 1.2205 -3.419 1.8393, 1.2171 -3.419 1.8653, 1.207 -3.419 1.8895, 1.1911 -3.419 1.9103, 1.1703 -3.419 1.9263, 1.1461 -3.419 1.9363, 1.1201 -3.419 1.9397, 1.0941 -3.419 1.9363, 1.0699 -3.419 1.9263, 1.0491 -3.419 1.9103, 1.0331 -3.419 1.8895, 1.0231 -3.419 1.8653, 1.0197 -3.419 1.8393, 1.0231 -3.419 1.8133, 1.0331 -3.419 1.7891, 1.0491 -3.419 1.7683, 1.0699 -3.419 1.7524, 1.0941 -3.419 1.7423, 1.1201 -3.419 1.7389, 1.1564 -3.3884 1.7037, 1.1903 -3.3884 1.7178, 1.2193 -3.3884 1.7401, 1.2416 -3.3884 1.7691, 1.2556 -3.3884 1.803, 1.2604 -3.3884 1.8393, 1.2556 -3.3884 1.8756, 1.2416 -3.3884 1.9095, 1.2193 -3.3884 1.9386, 1.1903 -3.3884 1.9609, 1.1564 -3.3884 1.9749, 1.1201 -3.3884 1.9797, 1.0838 -3.3884 1.9749, 1.0499 -3.3884 1.9609, 1.0208 -3.3884 1.9386, 0.9985 -3.3884 1.9095, 0.9845 -3.3884 1.8756, 0.9797 -3.3884 1.8393, 0.9845 -3.3884 1.803, 0.9985 -3.3884 1.7691, 1.0208 -3.3884 1.7401, 1.0499 -3.3884 1.7178, 1.0838 -3.3884 1.7037, 1.1201 -3.3884 1.699, 1.1643 -3.3484 1.6741, 1.2056 -3.3484 1.6912, 1.241 -3.3484 1.7184, 1.2682 -3.3484 1.7538, 1.2853 -3.3484 1.7951, 1.2911 -3.3484 1.8393, 1.2853 -3.3484 1.8836, 1.2682 -3.3484 1.9248, 1.241 -3.3484 1.9602, 1.2056 -3.3484 1.9874, 1.1643 -3.3484 2.0045, 1.1201 -3.3484 2.0103, 1.0758 -3.3484 2.0045, 1.0346 -3.3484 1.9874, 0.9992 -3.3484 1.9602, 0.972 -3.3484 1.9248, 0.9549 -3.3484 1.8836, 0.9491 -3.3484 1.8393, 0.9549 -3.3484 1.7951, 0.972 -3.3484 1.7538, 0.9992 -3.3484 1.7184, 1.0346 -3.3484 1.6912, 1.0758 -3.3484 1.6741, 1.1201 -3.3484 1.6683, 1.1693 -3.3019 1.6555, 1.2152 -3.3019 1.6745, 1.2546 -3.3019 1.7048, 1.2849 -3.3019 1.7442, 1.3039 -3.3019 1.7901, 1.3104 -3.3019 1.8393, 1.3039 -3.3019 1.8886, 1.2849 -3.3019 1.9344, 1.2546 -3.3019 1.9739, 1.2152 -3.3019 2.0041, 1.1693 -3.3019 2.0231, 1.1201 -3.3019 2.0296, 1.0708 -3.3019 2.0231, 1.0249 -3.3019 2.0041, 0.9855 -3.3019 1.9739, 0.9553 -3.3019 1.9344, 0.9363 -3.3019 1.8886, 0.9298 -3.3019 1.8393, 0.9363 -3.3019 1.7901, 0.9553 -3.3019 1.7442, 0.9855 -3.3019 1.7048, 1.0249 -3.3019 1.6745, 1.0708 -3.3019 1.6555, 1.1201 -3.3019 1.649, 0.5887 -3.4383 2.9054, 0.6017 -3.4383 2.9108, 0.6129 -3.4383 2.9193, 0.6215 -3.4383 2.9305, 0.6268 -3.4383 2.9435, 0.6287 -3.4383 2.9574, 0.6268 -3.4383 2.9714, 0.6215 -3.4383 2.9844, 0.6129 -3.4383 2.9955, 0.6017 -3.4383 3.0041, 0.5887 -3.4383 3.0095, 0.5748 -3.4383 3.0113, 0.5609 -3.4383 3.0095, 0.5479 -3.4383 3.0041, 0.5367 -3.4383 2.9955, 0.5282 -3.4383 2.9844, 0.5228 -3.4383 2.9714, 0.5209 -3.4383 2.9574, 0.5228 -3.4383 2.9435, 0.5282 -3.4383 2.9305, 0.5367 -3.4383 2.9193, 0.5479 -3.4383 2.9108, 0.5609 -3.4383 2.9054, 0.5748 -3.4383 2.9036, 0.6008 -3.419 2.8604, 0.625 -3.419 2.8705, 0.6458 -3.419 2.8864, 0.6618 -3.419 2.9072, 0.6718 -3.419 2.9314, 0.6752 -3.419 2.9574, 0.6718 -3.419 2.9834, 0.6618 -3.419 3.0076, 0.6458 -3.419 3.0284, 0.625 -3.419 3.0444, 0.6008 -3.419 3.0544, 0.5748 -3.419 3.0578, 0.5488 -3.419 3.0544, 0.5246 -3.419 3.0444, 0.5038 -3.419 3.0284, 0.4879 -3.419 3.0076, 0.4778 -3.419 2.9834, 0.4744 -3.419 2.9574, 0.4778 -3.419 2.9314, 0.4879 -3.419 2.9072, 0.5038 -3.419 2.8864, 0.5246 -3.419 2.8705, 0.5488 -3.419 2.8604, 0.5748 -3.419 2.857, 0.6111 -3.3884 2.8219, 0.645 -3.3884 2.8359, 0.674 -3.3884 2.8582, 0.6964 -3.3884 2.8872, 0.7104 -3.3884 2.9211, 0.7152 -3.3884 2.9574, 0.7104 -3.3884 2.9937, 0.6964 -3.3884 3.0276, 0.674 -3.3884 3.0567, 0.645 -3.3884 3.079, 0.6111 -3.3884 3.093, 0.5748 -3.3884 3.0978, 0.5385 -3.3884 3.093, 0.5046 -3.3884 3.079, 0.4756 -3.3884 3.0567, 0.4533 -3.3884 3.0276, 0.4392 -3.3884 2.9937, 0.4345 -3.3884 2.9574, 0.4392 -3.3884 2.9211, 0.4533 -3.3884 2.8872, 0.4756 -3.3884 2.8582, 0.5046 -3.3884 2.8359, 0.5385 -3.3884 2.8219, 0.5748 -3.3884 2.8171, 0.6191 -3.3484 2.7922, 0.6603 -3.3484 2.8093, 0.6957 -3.3484 2.8365, 0.7229 -3.3484 2.8719, 0.74 -3.3484 2.9132, 0.7458 -3.3484 2.9574, 0.74 -3.3484 3.0017, 0.7229 -3.3484 3.0429, 0.6957 -3.3484 3.0783, 0.6603 -3.3484 3.1055, 0.6191 -3.3484 3.1226, 0.5748 -3.3484 3.1284, 0.5305 -3.3484 3.1226, 0.4893 -3.3484 3.1055, 0.4539 -3.3484 3.0783, 0.4267 -3.3484 3.0429, 0.4096 -3.3484 3.0017, 0.4038 -3.3484 2.9574, 0.4096 -3.3484 2.9132, 0.4267 -3.3484 2.8719, 0.4539 -3.3484 2.8365, 0.4893 -3.3484 2.8093, 0.5305 -3.3484 2.7922, 0.5748 -3.3484 2.7864, 0.6241 -3.3019 2.7736, 0.6699 -3.3019 2.7926, 0.7094 -3.3019 2.8229, 0.7396 -3.3019 2.8623, 0.7586 -3.3019 2.9082, 0.7651 -3.3019 2.9574, 0.7586 -3.3019 3.0067, 0.7396 -3.3019 3.0526, 0.7094 -3.3019 3.092, 0.6699 -3.3019 3.1222, 0.6241 -3.3019 3.1412, 0.5748 -3.3019 3.1477, 0.5256 -3.3019 3.1412, 0.4797 -3.3019 3.1222, 0.4403 -3.3019 3.092, 0.41 -3.3019 3.0526, 0.391 -3.3019 3.0067, 0.3845 -3.3019 2.9574, 0.391 -3.3019 2.9082, 0.41 -3.3019 2.8623, 0.4403 -3.3019 2.8229, 0.4797 -3.3019 2.7926, 0.5256 -3.3019 2.7736, 0.5748 -3.3019 2.7671
            ]
        }
        coordIndex [
            0,1,2,-1,2,1,3,-1,2,3,4,-1,4,3,5,-1,4,5,6,-1,6,5,7,-1,6,7,8,-1,8,7,9,-1,8,9,10,-1,10,9,11,-1,10,11,12,-1,12,11,13,-1,12,13,14,-1,14,13,15,-1,14,15,16,-1,16,15,17,-1,16,17,18,-1,18,17,19,-1,18,19,20,-1,20,19,21,-1,20,21,22,-1,22,21,23,-1,22,23,24,-1,24,23,25,-1,24,25,26,-1,26,25,27,-1,26,27,28,-1,28,27,29,-1,28,29,30,-1,30,29,31,-1,30,31,32,-1,32,31,33,-1,32,33,34,-1,34,33,35,-1,34,35,36,-1,36,35,37,-1,36,37,38,-1,38,37,39,-1,38,39,40,-1,40,39,41,-1,40,41,42,-1,42,41,43,-1,42,43,44,-1,44,43,45,-1,44,45,46,-1,46,45,47,-1,46,47,0,-1,0,47,1,-1,48,49,50,-1,50,49,51,-1,50,51,52,-1,53,54,50,-1,50,54,55,-1,50,55,48,-1,56,57,50,-1,50,57,58,-1,50,58,53,-1,59,60,50,-1,50,60,61,-1,50,61,56,-1,62,63,50,-1,50,63,64,-1,50,64,59,-1,65,66,50,-1,50,66,67,-1,50,67,62,-1,68,69,50,-1,50,69,70,-1,50,70,65,-1,52,71,50,-1,50,71,72,-1,50,72,68,-1,73,74,75,-1,75,74,76,-1,75,76,77,-1,77,76,78,-1,77,78,79,-1,79,78,80,-1,79,80,81,-1,81,80,82,-1,81,82,83,-1,83,82,84,-1,83,84,85,-1,85,84,86,-1,85,86,87,-1,87,86,88,-1,87,88,89,-1,89,88,90,-1,89,90,91,-1,91,90,92,-1,91,92,93,-1,93,92,94,-1,93,94,95,-1,95,94,96,-1,95,96,97,-1,97,96,98,-1,97,98,99,-1,99,98,100,-1,99,100,101,-1,101,100,102,-1,101,102,103,-1,103,102,104,-1,103,104,105,-1,105,104,106,-1,105,106,107,-1,107,106,108,-1,107,108,109,-1,109,108,110,-1,109,110,111,-1,111,110,112,-1,111,112,113,-1,113,112,114,-1,113,114,115,-1,115,114,116,-1,115,116,117,-1,117,116,118,-1,117,118,119,-1,119,118,120,-1,119,120,73,-1,73,120,74,-1,121,122,123,-1,123,122,124,-1,123,124,125,-1,126,127,123,-1,123,127,128,-1,123,128,121,-1,129,130,123,-1,123,130,131,-1,123,131,126,-1,132,133,123,-1,123,133,134,-1,123,134,129,-1,135,136,123,-1,123,136,137,-1,123,137,132,-1,138,139,123,-1,123,139,140,-1,123,140,135,-1,141,142,123,-1,123,142,143,-1,123,143,138,-1,125,144,123,-1,123,144,145,-1,123,145,141,-1,146,147,148,-1,148,147,149,-1,148,149,150,-1,150,149,151,-1,150,151,152,-1,152,151,153,-1,152,153,154,-1,154,153,155,-1,154,155,156,-1,156,155,157,-1,156,157,158,-1,158,157,159,-1,158,159,160,-1,160,159,161,-1,160,161,162,-1,162,161,163,-1,162,163,164,-1,164,163,165,-1,164,165,166,-1,166,165,167,-1,166,167,168,-1,168,167,169,-1,168,169,170,-1,170,169,171,-1,170,171,172,-1,172,171,173,-1,172,173,174,-1,174,173,175,-1,174,175,176,-1,176,175,177,-1,176,177,178,-1,178,177,179,-1,178,179,180,-1,180,179,181,-1,180,181,182,-1,182,181,183,-1,182,183,184,-1,184,183,185,-1,184,185,186,-1,186,185,187,-1,186,187,188,-1,188,187,189,-1,188,189,190,-1,190,189,191,-1,190,191,192,-1,192,191,193,-1,192,193,146,-1,146,193,147,-1,194,195,196,-1,196,195,197,-1,196,197,198,-1,199,200,196,-1,196,200,201,-1,196,201,194,-1,202,203,196,-1,196,203,204,-1,196,204,199,-1,205,206,196,-1,196,206,207,-1,196,207,202,-1,208,209,196,-1,196,209,210,-1,196,210,205,-1,211,212,196,-1,196,212,213,-1,196,213,208,-1,214,215,196,-1,196,215,216,-1,196,216,211,-1,198,217,196,-1,196,217,218,-1,196,218,214,-1,219,220,221,-1,221,220,222,-1,221,222,223,-1,223,222,224,-1,223,224,225,-1,225,224,226,-1,225,226,227,-1,227,226,228,-1,227,228,229,-1,229,228,230,-1,229,230,231,-1,231,230,232,-1,231,232,233,-1,233,232,234,-1,233,234,235,-1,235,234,236,-1,235,236,237,-1,237,236,238,-1,237,238,239,-1,239,238,240,-1,239,240,241,-1,241,240,242,-1,241,242,243,-1,243,242,244,-1,243,244,245,-1,245,244,246,-1,245,246,247,-1,247,246,248,-1,247,248,249,-1,249,248,250,-1,249,250,251,-1,251,250,252,-1,251,252,253,-1,253,252,254,-1,253,254,255,-1,255,254,256,-1,255,256,257,-1,257,256,258,-1,257,258,259,-1,259,258,260,-1,259,260,261,-1,261,260,262,-1,261,262,263,-1,263,262,264,-1,263,264,265,-1,265,264,266,-1,265,266,219,-1,219,266,220,-1,267,268,269,-1,269,268,270,-1,269,270,271,-1,272,273,269,-1,269,273,274,-1,269,274,267,-1,275,276,269,-1,269,276,277,-1,269,277,272,-1,278,279,269,-1,269,279,280,-1,269,280,275,-1,281,282,269,-1,269,282,283,-1,269,283,278,-1,284,285,269,-1,269,285,286,-1,269,286,281,-1,287,288,269,-1,269,288,289,-1,269,289,284,-1,271,290,269,-1,269,290,291,-1,269,291,287,-1,292,293,294,-1,294,293,295,-1,294,295,296,-1,296,295,297,-1,296,297,298,-1,298,297,299,-1,298,299,300,-1,300,299,301,-1,300,301,302,-1,302,301,303,-1,302,303,304,-1,304,303,305,-1,304,305,306,-1,306,305,307,-1,306,307,308,-1,308,307,309,-1,308,309,310,-1,310,309,311,-1,310,311,312,-1,312,311,313,-1,312,313,314,-1,314,313,315,-1,314,315,316,-1,316,315,317,-1,316,317,318,-1,318,317,319,-1,318,319,320,-1,320,319,321,-1,320,321,322,-1,322,321,323,-1,322,323,324,-1,324,323,325,-1,324,325,326,-1,326,325,327,-1,326,327,328,-1,328,327,329,-1,328,329,330,-1,330,329,331,-1,330,331,332,-1,332,331,333,-1,332,333,334,-1,334,333,335,-1,334,335,336,-1,336,335,337,-1,336,337,338,-1,338,337,339,-1,338,339,292,-1,292,339,293,-1,340,341,342,-1,342,341,343,-1,342,343,344,-1,345,346,342,-1,342,346,347,-1,342,347,340,-1,348,349,342,-1,342,349,350,-1,342,350,345,-1,351,352,342,-1,342,352,353,-1,342,353,348,-1,354,355,342,-1,342,355,356,-1,342,356,351,-1,357,358,342,-1,342,358,359,-1,342,359,354,-1,360,361,342,-1,342,361,362,-1,342,362,357,-1,344,363,342,-1,342,363,364,-1,342,364,360,-1,365,366,367,-1,367,366,368,-1,367,368,369,-1,369,368,370,-1,369,370,371,-1,371,370,372,-1,371,372,373,-1,373,372,374,-1,373,374,375,-1,375,374,376,-1,375,376,377,-1,377,376,378,-1,377,378,379,-1,379,378,380,-1,379,380,381,-1,381,380,382,-1,381,382,383,-1,383,382,384,-1,383,384,385,-1,385,384,386,-1,385,386,387,-1,387,386,388,-1,387,388,389,-1,389,388,390,-1,389,390,391,-1,391,390,392,-1,391,392,393,-1,393,392,394,-1,393,394,395,-1,395,394,396,-1,395,396,397,-1,397,396,398,-1,397,398,399,-1,399,398,400,-1,399,400,401,-1,401,400,402,-1,401,402,403,-1,403,402,404,-1,403,404,405,-1,405,404,406,-1,405,406,407,-1,407,406,408,-1,407,408,409,-1,409,408,410,-1,409,410,411,-1,411,410,412,-1,411,412,365,-1,365,412,366,-1,413,414,415,-1,415,414,416,-1,415,416,417,-1,418,419,415,-1,415,419,420,-1,415,420,413,-1,421,422,415,-1,415,422,423,-1,415,423,418,-1,424,425,415,-1,415,425,426,-1,415,426,421,-1,427,428,415,-1,415,428,429,-1,415,429,424,-1,430,431,415,-1,415,431,432,-1,415,432,427,-1,433,434,415,-1,415,434,435,-1,415,435,430,-1,417,436,415,-1,415,436,437,-1,415,437,433,-1,438,439,440,-1,440,439,441,-1,440,441,442,-1,442,441,443,-1,442,443,444,-1,444,443,445,-1,444,445,446,-1,446,445,447,-1,446,447,448,-1,448,447,449,-1,448,449,450,-1,450,449,451,-1,450,451,452,-1,452,451,453,-1,452,453,454,-1,454,453,455,-1,454,455,456,-1,456,455,457,-1,456,457,458,-1,458,457,459,-1,458,459,460,-1,460,459,461,-1,460,461,462,-1,462,461,463,-1,462,463,464,-1,464,463,465,-1,464,465,466,-1,466,465,467,-1,466,467,468,-1,468,467,469,-1,468,469,470,-1,470,469,471,-1,470,471,472,-1,472,471,473,-1,472,473,474,-1,474,473,475,-1,474,475,476,-1,476,475,477,-1,476,477,478,-1,478,477,479,-1,478,479,480,-1,480,479,481,-1,480,481,482,-1,482,481,483,-1,482,483,484,-1,484,483,485,-1,484,485,438,-1,438,485,439,-1,486,487,488,-1,488,487,489,-1,488,489,490,-1,491,492,488,-1,488,492,493,-1,488,493,486,-1,494,495,488,-1,488,495,496,-1,488,496,491,-1,497,498,488,-1,488,498,499,-1,488,499,494,-1,500,501,488,-1,488,501,502,-1,488,502,497,-1,503,504,488,-1,488,504,505,-1,488,505,500,-1,506,507,488,-1,488,507,508,-1,488,508,503,-1,490,509,488,-1,488,509,510,-1,488,510,506,-1,511,512,513,-1,513,512,514,-1,513,514,515,-1,515,514,516,-1,515,516,517,-1,517,516,518,-1,517,518,519,-1,519,518,520,-1,519,520,521,-1,521,520,522,-1,521,522,523,-1,523,522,524,-1,523,524,525,-1,525,524,526,-1,525,526,527,-1,527,526,528,-1,527,528,529,-1,529,528,530,-1,529,530,531,-1,531,530,532,-1,531,532,533,-1,533,532,534,-1,533,534,535,-1,535,534,536,-1,535,536,537,-1,537,536,538,-1,537,538,539,-1,539,538,540,-1,539,540,541,-1,541,540,542,-1,541,542,543,-1,543,542,544,-1,543,544,545,-1,545,544,546,-1,545,546,547,-1,547,546,548,-1,547,548,549,-1,549,548,550,-1,549,550,551,-1,551,550,552,-1,551,552,553,-1,553,552,554,-1,553,554,555,-1,555,554,556,-1,555,556,557,-1,557,556,558,-1,557,558,511,-1,511,558,512,-1,559,560,561,-1,561,560,562,-1,561,562,563,-1,564,565,561,-1,561,565,566,-1,561,566,559,-1,567,568,561,-1,561,568,569,-1,561,569,564,-1,570,571,561,-1,561,571,572,-1,561,572,567,-1,573,574,561,-1,561,574,575,-1,561,575,570,-1,576,577,561,-1,561,577,578,-1,561,578,573,-1,579,580,561,-1,561,580,581,-1,561,581,576,-1,563,582,561,-1,561,582,583,-1,561,583,579,-1,584,585,586,-1,586,585,587,-1,586,587,588,-1,588,587,589,-1,588,589,590,-1,590,589,591,-1,590,591,592,-1,592,591,593,-1,592,593,594,-1,594,593,595,-1,594,595,596,-1,596,595,597,-1,596,597,598,-1,598,597,599,-1,598,599,600,-1,600,599,601,-1,600,601,602,-1,602,601,603,-1,602,603,604,-1,604,603,605,-1,604,605,606,-1,606,605,607,-1,606,607,608,-1,608,607,609,-1,608,609,610,-1,610,609,611,-1,610,611,612,-1,612,611,613,-1,612,613,614,-1,614,613,615,-1,614,615,616,-1,616,615,617,-1,616,617,618,-1,618,617,619,-1,618,619,620,-1,620,619,621,-1,620,621,622,-1,622,621,623,-1,622,623,624,-1,624,623,625,-1,624,625,626,-1,626,625,627,-1,626,627,628,-1,628,627,629,-1,628,629,630,-1,630,629,631,-1,630,631,584,-1,584,631,585,-1,632,633,634,-1,634,633,635,-1,634,635,636,-1,637,638,634,-1,634,638,639,-1,634,639,632,-1,640,641,634,-1,634,641,642,-1,634,642,637,-1,643,644,634,-1,634,644,645,-1,634,645,640,-1,646,647,634,-1,634,647,648,-1,634,648,643,-1,649,650,634,-1,634,650,651,-1,634,651,646,-1,652,653,634,-1,634,653,654,-1,634,654,649,-1,636,655,634,-1,634,655,656,-1,634,656,652,-1,416,657,417,-1,417,657,658,-1,417,658,436,-1,436,658,659,-1,436,659,437,-1,437,659,660,-1,437,660,433,-1,433,660,661,-1,433,661,434,-1,434,661,662,-1,434,662,435,-1,435,662,663,-1,435,663,430,-1,430,663,664,-1,430,664,431,-1,431,664,665,-1,431,665,432,-1,432,665,666,-1,432,666,427,-1,427,666,667,-1,427,667,428,-1,428,667,668,-1,428,668,429,-1,429,668,669,-1,429,669,424,-1,424,669,670,-1,424,670,425,-1,425,670,671,-1,425,671,426,-1,426,671,672,-1,426,672,421,-1,421,672,673,-1,421,673,422,-1,422,673,674,-1,422,674,423,-1,423,674,675,-1,423,675,418,-1,418,675,676,-1,418,676,419,-1,419,676,677,-1,419,677,420,-1,420,677,678,-1,420,678,413,-1,413,678,679,-1,413,679,414,-1,414,679,680,-1,414,680,416,-1,416,680,657,-1,680,681,657,-1,657,681,682,-1,657,682,658,-1,658,682,683,-1,658,683,659,-1,659,683,684,-1,659,684,660,-1,660,684,685,-1,660,685,661,-1,661,685,686,-1,661,686,662,-1,662,686,687,-1,662,687,663,-1,663,687,688,-1,663,688,664,-1,664,688,689,-1,664,689,665,-1,665,689,690,-1,665,690,666,-1,666,690,691,-1,666,691,667,-1,667,691,692,-1,667,692,668,-1,668,692,693,-1,668,693,669,-1,669,693,694,-1,669,694,670,-1,670,694,695,-1,670,695,671,-1,671,695,696,-1,671,696,672,-1,672,696,697,-1,672,697,673,-1,673,697,698,-1,673,698,674,-1,674,698,699,-1,674,699,675,-1,675,699,700,-1,675,700,676,-1,676,700,701,-1,676,701,677,-1,677,701,702,-1,677,702,678,-1,678,702,703,-1,678,703,679,-1,679,703,704,-1,679,704,680,-1,680,704,681,-1,704,705,681,-1,681,705,706,-1,681,706,682,-1,682,706,707,-1,682,707,683,-1,683,707,708,-1,683,708,684,-1,684,708,709,-1,684,709,685,-1,685,709,710,-1,685,710,686,-1,686,710,711,-1,686,711,687,-1,687,711,712,-1,687,712,688,-1,688,712,713,-1,688,713,689,-1,689,713,714,-1,689,714,690,-1,690,714,715,-1,690,715,691,-1,691,715,716,-1,691,716,692,-1,692,716,717,-1,692,717,693,-1,693,717,718,-1,693,718,694,-1,694,718,719,-1,694,719,695,-1,695,719,720,-1,695,720,696,-1,696,720,721,-1,696,721,697,-1,697,721,722,-1,697,722,698,-1,698,722,723,-1,698,723,699,-1,699,723,724,-1,699,724,700,-1,700,724,725,-1,700,725,701,-1,701,725,726,-1,701,726,702,-1,702,726,727,-1,702,727,703,-1,703,727,728,-1,703,728,704,-1,704,728,705,-1,728,729,705,-1,705,729,730,-1,705,730,706,-1,706,730,731,-1,706,731,707,-1,707,731,732,-1,707,732,708,-1,708,732,733,-1,708,733,709,-1,709,733,734,-1,709,734,710,-1,710,734,735,-1,710,735,711,-1,711,735,736,-1,711,736,712,-1,712,736,737,-1,712,737,713,-1,713,737,738,-1,713,738,714,-1,714,738,739,-1,714,739,715,-1,715,739,740,-1,715,740,716,-1,716,740,741,-1,716,741,717,-1,717,741,742,-1,717,742,718,-1,718,742,743,-1,718,743,719,-1,719,743,744,-1,719,744,720,-1,720,744,745,-1,720,745,721,-1,721,745,746,-1,721,746,722,-1,722,746,747,-1,722,747,723,-1,723,747,748,-1,723,748,724,-1,724,748,749,-1,724,749,725,-1,725,749,750,-1,725,750,726,-1,726,750,751,-1,726,751,727,-1,727,751,752,-1,727,752,728,-1,728,752,729,-1,752,753,729,-1,729,753,754,-1,729,754,730,-1,730,754,755,-1,730,755,731,-1,731,755,756,-1,731,756,732,-1,732,756,757,-1,732,757,733,-1,733,757,758,-1,733,758,734,-1,734,758,759,-1,734,759,735,-1,735,759,760,-1,735,760,736,-1,736,760,761,-1,736,761,737,-1,737,761,762,-1,737,762,738,-1,738,762,763,-1,738,763,739,-1,739,763,764,-1,739,764,740,-1,740,764,765,-1,740,765,741,-1,741,765,766,-1,741,766,742,-1,742,766,767,-1,742,767,743,-1,743,767,768,-1,743,768,744,-1,744,768,769,-1,744,769,745,-1,745,769,770,-1,745,770,746,-1,746,770,771,-1,746,771,747,-1,747,771,772,-1,747,772,748,-1,748,772,773,-1,748,773,749,-1,749,773,774,-1,749,774,750,-1,750,774,775,-1,750,775,751,-1,751,775,776,-1,751,776,752,-1,752,776,753,-1,776,386,753,-1,753,386,384,-1,753,384,754,-1,754,384,382,-1,754,382,755,-1,755,382,380,-1,755,380,756,-1,756,380,378,-1,756,378,757,-1,757,378,376,-1,757,376,758,-1,758,376,374,-1,758,374,759,-1,759,374,372,-1,759,372,760,-1,760,372,370,-1,760,370,761,-1,761,370,368,-1,761,368,762,-1,762,368,366,-1,762,366,763,-1,763,366,412,-1,763,412,764,-1,764,412,410,-1,764,410,765,-1,765,410,408,-1,765,408,766,-1,766,408,406,-1,766,406,767,-1,767,406,404,-1,767,404,768,-1,768,404,402,-1,768,402,769,-1,769,402,400,-1,769,400,770,-1,770,400,398,-1,770,398,771,-1,771,398,396,-1,771,396,772,-1,772,396,394,-1,772,394,773,-1,773,394,392,-1,773,392,774,-1,774,392,390,-1,774,390,775,-1,775,390,388,-1,775,388,776,-1,776,388,386,-1,635,777,636,-1,636,777,778,-1,636,778,655,-1,655,778,779,-1,655,779,656,-1,656,779,780,-1,656,780,652,-1,652,780,781,-1,652,781,653,-1,653,781,782,-1,653,782,654,-1,654,782,783,-1,654,783,649,-1,649,783,784,-1,649,784,650,-1,650,784,785,-1,650,785,651,-1,651,785,786,-1,651,786,646,-1,646,786,787,-1,646,787,647,-1,647,787,788,-1,647,788,648,-1,648,788,789,-1,648,789,643,-1,643,789,790,-1,643,790,644,-1,644,790,791,-1,644,791,645,-1,645,791,792,-1,645,792,640,-1,640,792,793,-1,640,793,641,-1,641,793,794,-1,641,794,642,-1,642,794,795,-1,642,795,637,-1,637,795,796,-1,637,796,638,-1,638,796,797,-1,638,797,639,-1,639,797,798,-1,639,798,632,-1,632,798,799,-1,632,799,633,-1,633,799,800,-1,633,800,635,-1,635,800,777,-1,800,801,777,-1,777,801,802,-1,777,802,778,-1,778,802,803,-1,778,803,779,-1,779,803,804,-1,779,804,780,-1,780,804,805,-1,780,805,781,-1,781,805,806,-1,781,806,782,-1,782,806,807,-1,782,807,783,-1,783,807,808,-1,783,808,784,-1,784,808,809,-1,784,809,785,-1,785,809,810,-1,785,810,786,-1,786,810,811,-1,786,811,787,-1,787,811,812,-1,787,812,788,-1,788,812,813,-1,788,813,789,-1,789,813,814,-1,789,814,790,-1,790,814,815,-1,790,815,791,-1,791,815,816,-1,791,816,792,-1,792,816,817,-1,792,817,793,-1,793,817,818,-1,793,818,794,-1,794,818,819,-1,794,819,795,-1,795,819,820,-1,795,820,796,-1,796,820,821,-1,796,821,797,-1,797,821,822,-1,797,822,798,-1,798,822,823,-1,798,823,799,-1,799,823,824,-1,799,824,800,-1,800,824,801,-1,824,825,801,-1,801,825,826,-1,801,826,802,-1,802,826,827,-1,802,827,803,-1,803,827,828,-1,803,828,804,-1,804,828,829,-1,804,829,805,-1,805,829,830,-1,805,830,806,-1,806,830,831,-1,806,831,807,-1,807,831,832,-1,807,832,808,-1,808,832,833,-1,808,833,809,-1,809,833,834,-1,809,834,810,-1,810,834,835,-1,810,835,811,-1,811,835,836,-1,811,836,812,-1,812,836,837,-1,812,837,813,-1,813,837,838,-1,813,838,814,-1,814,838,839,-1,814,839,815,-1,815,839,840,-1,815,840,816,-1,816,840,841,-1,816,841,817,-1,817,841,842,-1,817,842,818,-1,818,842,843,-1,818,843,819,-1,819,843,844,-1,819,844,820,-1,820,844,845,-1,820,845,821,-1,821,845,846,-1,821,846,822,-1,822,846,847,-1,822,847,823,-1,823,847,848,-1,823,848,824,-1,824,848,825,-1,848,849,825,-1,825,849,850,-1,825,850,826,-1,826,850,851,-1,826,851,827,-1,827,851,852,-1,827,852,828,-1,828,852,853,-1,828,853,829,-1,829,853,854,-1,829,854,830,-1,830,854,855,-1,830,855,831,-1,831,855,856,-1,831,856,832,-1,832,856,857,-1,832,857,833,-1,833,857,858,-1,833,858,834,-1,834,858,859,-1,834,859,835,-1,835,859,860,-1,835,860,836,-1,836,860,861,-1,836,861,837,-1,837,861,862,-1,837,862,838,-1,838,862,863,-1,838,863,839,-1,839,863,864,-1,839,864,840,-1,840,864,865,-1,840,865,841,-1,841,865,866,-1,841,866,842,-1,842,866,867,-1,842,867,843,-1,843,867,868,-1,843,868,844,-1,844,868,869,-1,844,869,845,-1,845,869,870,-1,845,870,846,-1,846,870,871,-1,846,871,847,-1,847,871,872,-1,847,872,848,-1,848,872,849,-1,872,873,849,-1,849,873,874,-1,849,874,850,-1,850,874,875,-1,850,875,851,-1,851,875,876,-1,851,876,852,-1,852,876,877,-1,852,877,853,-1,853,877,878,-1,853,878,854,-1,854,878,879,-1,854,879,855,-1,855,879,880,-1,855,880,856,-1,856,880,881,-1,856,881,857,-1,857,881,882,-1,857,882,858,-1,858,882,883,-1,858,883,859,-1,859,883,884,-1,859,884,860,-1,860,884,885,-1,860,885,861,-1,861,885,886,-1,861,886,862,-1,862,886,887,-1,862,887,863,-1,863,887,888,-1,863,888,864,-1,864,888,889,-1,864,889,865,-1,865,889,890,-1,865,890,866,-1,866,890,891,-1,866,891,867,-1,867,891,892,-1,867,892,868,-1,868,892,893,-1,868,893,869,-1,869,893,894,-1,869,894,870,-1,870,894,895,-1,870,895,871,-1,871,895,896,-1,871,896,872,-1,872,896,873,-1,896,605,873,-1,873,605,603,-1,873,603,874,-1,874,603,601,-1,874,601,875,-1,875,601,599,-1,875,599,876,-1,876,599,597,-1,876,597,877,-1,877,597,595,-1,877,595,878,-1,878,595,593,-1,878,593,879,-1,879,593,591,-1,879,591,880,-1,880,591,589,-1,880,589,881,-1,881,589,587,-1,881,587,882,-1,882,587,585,-1,882,585,883,-1,883,585,631,-1,883,631,884,-1,884,631,629,-1,884,629,885,-1,885,629,627,-1,885,627,886,-1,886,627,625,-1,886,625,887,-1,887,625,623,-1,887,623,888,-1,888,623,621,-1,888,621,889,-1,889,621,619,-1,889,619,890,-1,890,619,617,-1,890,617,891,-1,891,617,615,-1,891,615,892,-1,892,615,613,-1,892,613,893,-1,893,613,611,-1,893,611,894,-1,894,611,609,-1,894,609,895,-1,895,609,607,-1,895,607,896,-1,896,607,605,-1,343,897,344,-1,344,897,898,-1,344,898,363,-1,363,898,899,-1,363,899,364,-1,364,899,900,-1,364,900,360,-1,360,900,901,-1,360,901,361,-1,361,901,902,-1,361,902,362,-1,362,902,903,-1,362,903,357,-1,357,903,904,-1,357,904,358,-1,358,904,905,-1,358,905,359,-1,359,905,906,-1,359,906,354,-1,354,906,907,-1,354,907,355,-1,355,907,908,-1,355,908,356,-1,356,908,909,-1,356,909,351,-1,351,909,910,-1,351,910,352,-1,352,910,911,-1,352,911,353,-1,353,911,912,-1,353,912,348,-1,348,912,913,-1,348,913,349,-1,349,913,914,-1,349,914,350,-1,350,914,915,-1,350,915,345,-1,345,915,916,-1,345,916,346,-1,346,916,917,-1,346,917,347,-1,347,917,918,-1,347,918,340,-1,340,918,919,-1,340,919,341,-1,341,919,920,-1,341,920,343,-1,343,920,897,-1,920,921,897,-1,897,921,922,-1,897,922,898,-1,898,922,923,-1,898,923,899,-1,899,923,924,-1,899,924,900,-1,900,924,925,-1,900,925,901,-1,901,925,926,-1,901,926,902,-1,902,926,927,-1,902,927,903,-1,903,927,928,-1,903,928,904,-1,904,928,929,-1,904,929,905,-1,905,929,930,-1,905,930,906,-1,906,930,931,-1,906,931,907,-1,907,931,932,-1,907,932,908,-1,908,932,933,-1,908,933,909,-1,909,933,934,-1,909,934,910,-1,910,934,935,-1,910,935,911,-1,911,935,936,-1,911,936,912,-1,912,936,937,-1,912,937,913,-1,913,937,938,-1,913,938,914,-1,914,938,939,-1,914,939,915,-1,915,939,940,-1,915,940,916,-1,916,940,941,-1,916,941,917,-1,917,941,942,-1,917,942,918,-1,918,942,943,-1,918,943,919,-1,919,943,944,-1,919,944,920,-1,920,944,921,-1,944,945,921,-1,921,945,946,-1,921,946,922,-1,922,946,947,-1,922,947,923,-1,923,947,948,-1,923,948,924,-1,924,948,949,-1,924,949,925,-1,925,949,950,-1,925,950,926,-1,926,950,951,-1,926,951,927,-1,927,951,952,-1,927,952,928,-1,928,952,953,-1,928,953,929,-1,929,953,954,-1,929,954,930,-1,930,954,955,-1,930,955,931,-1,931,955,956,-1,931,956,932,-1,932,956,957,-1,932,957,933,-1,933,957,958,-1,933,958,934,-1,934,958,959,-1,934,959,935,-1,935,959,960,-1,935,960,936,-1,936,960,961,-1,936,961,937,-1,937,961,962,-1,937,962,938,-1,938,962,963,-1,938,963,939,-1,939,963,964,-1,939,964,940,-1,940,964,965,-1,940,965,941,-1,941,965,966,-1,941,966,942,-1,942,966,967,-1,942,967,943,-1,943,967,968,-1,943,968,944,-1,944,968,945,-1,968,969,945,-1,945,969,970,-1,945,970,946,-1,946,970,971,-1,946,971,947,-1,947,971,972,-1,947,972,948,-1,948,972,973,-1,948,973,949,-1,949,973,974,-1,949,974,950,-1,950,974,975,-1,950,975,951,-1,951,975,976,-1,951,976,952,-1,952,976,977,-1,952,977,953,-1,953,977,978,-1,953,978,954,-1,954,978,979,-1,954,979,955,-1,955,979,980,-1,955,980,956,-1,956,980,981,-1,956,981,957,-1,957,981,982,-1,957,982,958,-1,958,982,983,-1,958,983,959,-1,959,983,984,-1,959,984,960,-1,960,984,985,-1,960,985,961,-1,961,985,986,-1,961,986,962,-1,962,986,987,-1,962,987,963,-1,963,987,988,-1,963,988,964,-1,964,988,989,-1,964,989,965,-1,965,989,990,-1,965,990,966,-1,966,990,991,-1,966,991,967,-1,967,991,992,-1,967,992,968,-1,968,992,969,-1,992,993,969,-1,969,993,994,-1,969,994,970,-1,970,994,995,-1,970,995,971,-1,971,995,996,-1,971,996,972,-1,972,996,997,-1,972,997,973,-1,973,997,998,-1,973,998,974,-1,974,998,999,-1,974,999,975,-1,975,999,1000,-1,975,1000,976,-1,976,1000,1001,-1,976,1001,977,-1,977,1001,1002,-1,977,1002,978,-1,978,1002,1003,-1,978,1003,979,-1,979,1003,1004,-1,979,1004,980,-1,980,1004,1005,-1,980,1005,981,-1,981,1005,1006,-1,981,1006,982,-1,982,1006,1007,-1,982,1007,983,-1,983,1007,1008,-1,983,1008,984,-1,984,1008,1009,-1,984,1009,985,-1,985,1009,1010,-1,985,1010,986,-1,986,1010,1011,-1,986,1011,987,-1,987,1011,1012,-1,987,1012,988,-1,988,1012,1013,-1,988,1013,989,-1,989,1013,1014,-1,989,1014,990,-1,990,1014,1015,-1,990,1015,991,-1,991,1015,1016,-1,991,1016,992,-1,992,1016,993,-1,1016,313,993,-1,993,313,311,-1,993,311,994,-1,994,311,309,-1,994,309,995,-1,995,309,307,-1,995,307,996,-1,996,307,305,-1,996,305,997,-1,997,305,303,-1,997,303,998,-1,998,303,301,-1,998,301,999,-1,999,301,299,-1,999,299,1000,-1,1000,299,297,-1,1000,297,1001,-1,1001,297,295,-1,1001,295,1002,-1,1002,295,293,-1,1002,293,1003,-1,1003,293,339,-1,1003,339,1004,-1,1004,339,337,-1,1004,337,1005,-1,1005,337,335,-1,1005,335,1006,-1,1006,335,333,-1,1006,333,1007,-1,1007,333,331,-1,1007,331,1008,-1,1008,331,329,-1,1008,329,1009,-1,1009,329,327,-1,1009,327,1010,-1,1010,327,325,-1,1010,325,1011,-1,1011,325,323,-1,1011,323,1012,-1,1012,323,321,-1,1012,321,1013,-1,1013,321,319,-1,1013,319,1014,-1,1014,319,317,-1,1014,317,1015,-1,1015,317,315,-1,1015,315,1016,-1,1016,315,313,-1,562,1017,563,-1,563,1017,1018,-1,563,1018,582,-1,582,1018,1019,-1,582,1019,583,-1,583,1019,1020,-1,583,1020,579,-1,579,1020,1021,-1,579,1021,580,-1,580,1021,1022,-1,580,1022,581,-1,581,1022,1023,-1,581,1023,576,-1,576,1023,1024,-1,576,1024,577,-1,577,1024,1025,-1,577,1025,578,-1,578,1025,1026,-1,578,1026,573,-1,573,1026,1027,-1,573,1027,574,-1,574,1027,1028,-1,574,1028,575,-1,575,1028,1029,-1,575,1029,570,-1,570,1029,1030,-1,570,1030,571,-1,571,1030,1031,-1,571,1031,572,-1,572,1031,1032,-1,572,1032,567,-1,567,1032,1033,-1,567,1033,568,-1,568,1033,1034,-1,568,1034,569,-1,569,1034,1035,-1,569,1035,564,-1,564,1035,1036,-1,564,1036,565,-1,565,1036,1037,-1,565,1037,566,-1,566,1037,1038,-1,566,1038,559,-1,559,1038,1039,-1,559,1039,560,-1,560,1039,1040,-1,560,1040,562,-1,562,1040,1017,-1,1040,1041,1017,-1,1017,1041,1042,-1,1017,1042,1018,-1,1018,1042,1043,-1,1018,1043,1019,-1,1019,1043,1044,-1,1019,1044,1020,-1,1020,1044,1045,-1,1020,1045,1021,-1,1021,1045,1046,-1,1021,1046,1022,-1,1022,1046,1047,-1,1022,1047,1023,-1,1023,1047,1048,-1,1023,1048,1024,-1,1024,1048,1049,-1,1024,1049,1025,-1,1025,1049,1050,-1,1025,1050,1026,-1,1026,1050,1051,-1,1026,1051,1027,-1,1027,1051,1052,-1,1027,1052,1028,-1,1028,1052,1053,-1,1028,1053,1029,-1,1029,1053,1054,-1,1029,1054,1030,-1,1030,1054,1055,-1,1030,1055,1031,-1,1031,1055,1056,-1,1031,1056,1032,-1,1032,1056,1057,-1,1032,1057,1033,-1,1033,1057,1058,-1,1033,1058,1034,-1,1034,1058,1059,-1,1034,1059,1035,-1,1035,1059,1060,-1,1035,1060,1036,-1,1036,1060,1061,-1,1036,1061,1037,-1,1037,1061,1062,-1,1037,1062,1038,-1,1038,1062,1063,-1,1038,1063,1039,-1,1039,1063,1064,-1,1039,1064,1040,-1,1040,1064,1041,-1,1064,1065,1041,-1,1041,1065,1066,-1,1041,1066,1042,-1,1042,1066,1067,-1,1042,1067,1043,-1,1043,1067,1068,-1,1043,1068,1044,-1,1044,1068,1069,-1,1044,1069,1045,-1,1045,1069,1070,-1,1045,1070,1046,-1,1046,1070,1071,-1,1046,1071,1047,-1,1047,1071,1072,-1,1047,1072,1048,-1,1048,1072,1073,-1,1048,1073,1049,-1,1049,1073,1074,-1,1049,1074,1050,-1,1050,1074,1075,-1,1050,1075,1051,-1,1051,1075,1076,-1,1051,1076,1052,-1,1052,1076,1077,-1,1052,1077,1053,-1,1053,1077,1078,-1,1053,1078,1054,-1,1054,1078,1079,-1,1054,1079,1055,-1,1055,1079,1080,-1,1055,1080,1056,-1,1056,1080,1081,-1,1056,1081,1057,-1,1057,1081,1082,-1,1057,1082,1058,-1,1058,1082,1083,-1,1058,1083,1059,-1,1059,1083,1084,-1,1059,1084,1060,-1,1060,1084,1085,-1,1060,1085,1061,-1,1061,1085,1086,-1,1061,1086,1062,-1,1062,1086,1087,-1,1062,1087,1063,-1,1063,1087,1088,-1,1063,1088,1064,-1,1064,1088,1065,-1,1088,1089,1065,-1,1065,1089,1090,-1,1065,1090,1066,-1,1066,1090,1091,-1,1066,1091,1067,-1,1067,1091,1092,-1,1067,1092,1068,-1,1068,1092,1093,-1,1068,1093,1069,-1,1069,1093,1094,-1,1069,1094,1070,-1,1070,1094,1095,-1,1070,1095,1071,-1,1071,1095,1096,-1,1071,1096,1072,-1,1072,1096,1097,-1,1072,1097,1073,-1,1073,1097,1098,-1,1073,1098,1074,-1,1074,1098,1099,-1,1074,1099,1075,-1,1075,1099,1100,-1,1075,1100,1076,-1,1076,1100,1101,-1,1076,1101,1077,-1,1077,1101,1102,-1,1077,1102,1078,-1,1078,1102,1103,-1,1078,1103,1079,-1,1079,1103,1104,-1,1079,1104,1080,-1,1080,1104,1105,-1,1080,1105,1081,-1,1081,1105,1106,-1,1081,1106,1082,-1,1082,1106,1107,-1,1082,1107,1083,-1,1083,1107,1108,-1,1083,1108,1084,-1,1084,1108,1109,-1,1084,1109,1085,-1,1085,1109,1110,-1,1085,1110,1086,-1,1086,1110,1111,-1,1086,1111,1087,-1,1087,1111,1112,-1,1087,1112,1088,-1,1088,1112,1089,-1,1112,1113,1089,-1,1089,1113,1114,-1,1089,1114,1090,-1,1090,1114,1115,-1,1090,1115,1091,-1,1091,1115,1116,-1,1091,1116,1092,-1,1092,1116,1117,-1,1092,1117,1093,-1,1093,1117,1118,-1,1093,1118,1094,-1,1094,1118,1119,-1,1094,1119,1095,-1,1095,1119,1120,-1,1095,1120,1096,-1,1096,1120,1121,-1,1096,1121,1097,-1,1097,1121,1122,-1,1097,1122,1098,-1,1098,1122,1123,-1,1098,1123,1099,-1,1099,1123,1124,-1,1099,1124,1100,-1,1100,1124,1125,-1,1100,1125,1101,-1,1101,1125,1126,-1,1101,1126,1102,-1,1102,1126,1127,-1,1102,1127,1103,-1,1103,1127,1128,-1,1103,1128,1104,-1,1104,1128,1129,-1,1104,1129,1105,-1,1105,1129,1130,-1,1105,1130,1106,-1,1106,1130,1131,-1,1106,1131,1107,-1,1107,1131,1132,-1,1107,1132,1108,-1,1108,1132,1133,-1,1108,1133,1109,-1,1109,1133,1134,-1,1109,1134,1110,-1,1110,1134,1135,-1,1110,1135,1111,-1,1111,1135,1136,-1,1111,1136,1112,-1,1112,1136,1113,-1,1136,532,1113,-1,1113,532,530,-1,1113,530,1114,-1,1114,530,528,-1,1114,528,1115,-1,1115,528,526,-1,1115,526,1116,-1,1116,526,524,-1,1116,524,1117,-1,1117,524,522,-1,1117,522,1118,-1,1118,522,520,-1,1118,520,1119,-1,1119,520,518,-1,1119,518,1120,-1,1120,518,516,-1,1120,516,1121,-1,1121,516,514,-1,1121,514,1122,-1,1122,514,512,-1,1122,512,1123,-1,1123,512,558,-1,1123,558,1124,-1,1124,558,556,-1,1124,556,1125,-1,1125,556,554,-1,1125,554,1126,-1,1126,554,552,-1,1126,552,1127,-1,1127,552,550,-1,1127,550,1128,-1,1128,550,548,-1,1128,548,1129,-1,1129,548,546,-1,1129,546,1130,-1,1130,546,544,-1,1130,544,1131,-1,1131,544,542,-1,1131,542,1132,-1,1132,542,540,-1,1132,540,1133,-1,1133,540,538,-1,1133,538,1134,-1,1134,538,536,-1,1134,536,1135,-1,1135,536,534,-1,1135,534,1136,-1,1136,534,532,-1,270,1137,271,-1,271,1137,1138,-1,271,1138,290,-1,290,1138,1139,-1,290,1139,291,-1,291,1139,1140,-1,291,1140,287,-1,287,1140,1141,-1,287,1141,288,-1,288,1141,1142,-1,288,1142,289,-1,289,1142,1143,-1,289,1143,284,-1,284,1143,1144,-1,284,1144,285,-1,285,1144,1145,-1,285,1145,286,-1,286,1145,1146,-1,286,1146,281,-1,281,1146,1147,-1,281,1147,282,-1,282,1147,1148,-1,282,1148,283,-1,283,1148,1149,-1,283,1149,278,-1,278,1149,1150,-1,278,1150,279,-1,279,1150,1151,-1,279,1151,280,-1,280,1151,1152,-1,280,1152,275,-1,275,1152,1153,-1,275,1153,276,-1,276,1153,1154,-1,276,1154,277,-1,277,1154,1155,-1,277,1155,272,-1,272,1155,1156,-1,272,1156,273,-1,273,1156,1157,-1,273,1157,274,-1,274,1157,1158,-1,274,1158,267,-1,267,1158,1159,-1,267,1159,268,-1,268,1159,1160,-1,268,1160,270,-1,270,1160,1137,-1,1160,1161,1137,-1,1137,1161,1162,-1,1137,1162,1138,-1,1138,1162,1163,-1,1138,1163,1139,-1,1139,1163,1164,-1,1139,1164,1140,-1,1140,1164,1165,-1,1140,1165,1141,-1,1141,1165,1166,-1,1141,1166,1142,-1,1142,1166,1167,-1,1142,1167,1143,-1,1143,1167,1168,-1,1143,1168,1144,-1,1144,1168,1169,-1,1144,1169,1145,-1,1145,1169,1170,-1,1145,1170,1146,-1,1146,1170,1171,-1,1146,1171,1147,-1,1147,1171,1172,-1,1147,1172,1148,-1,1148,1172,1173,-1,1148,1173,1149,-1,1149,1173,1174,-1,1149,1174,1150,-1,1150,1174,1175,-1,1150,1175,1151,-1,1151,1175,1176,-1,1151,1176,1152,-1,1152,1176,1177,-1,1152,1177,1153,-1,1153,1177,1178,-1,1153,1178,1154,-1,1154,1178,1179,-1,1154,1179,1155,-1,1155,1179,1180,-1,1155,1180,1156,-1,1156,1180,1181,-1,1156,1181,1157,-1,1157,1181,1182,-1,1157,1182,1158,-1,1158,1182,1183,-1,1158,1183,1159,-1,1159,1183,1184,-1,1159,1184,1160,-1,1160,1184,1161,-1,1184,1185,1161,-1,1161,1185,1186,-1,1161,1186,1162,-1,1162,1186,1187,-1,1162,1187,1163,-1,1163,1187,1188,-1,1163,1188,1164,-1,1164,1188,1189,-1,1164,1189,1165,-1,1165,1189,1190,-1,1165,1190,1166,-1,1166,1190,1191,-1,1166,1191,1167,-1,1167,1191,1192,-1,1167,1192,1168,-1,1168,1192,1193,-1,1168,1193,1169,-1,1169,1193,1194,-1,1169,1194,1170,-1,1170,1194,1195,-1,1170,1195,1171,-1,1171,1195,1196,-1,1171,1196,1172,-1,1172,1196,1197,-1,1172,1197,1173,-1,1173,1197,1198,-1,1173,1198,1174,-1,1174,1198,1199,-1,1174,1199,1175,-1,1175,1199,1200,-1,1175,1200,1176,-1,1176,1200,1201,-1,1176,1201,1177,-1,1177,1201,1202,-1,1177,1202,1178,-1,1178,1202,1203,-1,1178,1203,1179,-1,1179,1203,1204,-1,1179,1204,1180,-1,1180,1204,1205,-1,1180,1205,1181,-1,1181,1205,1206,-1,1181,1206,1182,-1,1182,1206,1207,-1,1182,1207,1183,-1,1183,1207,1208,-1,1183,1208,1184,-1,1184,1208,1185,-1,1208,1209,1185,-1,1185,1209,1210,-1,1185,1210,1186,-1,1186,1210,1211,-1,1186,1211,1187,-1,1187,1211,1212,-1,1187,1212,1188,-1,1188,1212,1213,-1,1188,1213,1189,-1,1189,1213,1214,-1,1189,1214,1190,-1,1190,1214,1215,-1,1190,1215,1191,-1,1191,1215,1216,-1,1191,1216,1192,-1,1192,1216,1217,-1,1192,1217,1193,-1,1193,1217,1218,-1,1193,1218,1194,-1,1194,1218,1219,-1,1194,1219,1195,-1,1195,1219,1220,-1,1195,1220,1196,-1,1196,1220,1221,-1,1196,1221,1197,-1,1197,1221,1222,-1,1197,1222,1198,-1,1198,1222,1223,-1,1198,1223,1199,-1,1199,1223,1224,-1,1199,1224,1200,-1,1200,1224,1225,-1,1200,1225,1201,-1,1201,1225,1226,-1,1201,1226,1202,-1,1202,1226,1227,-1,1202,1227,1203,-1,1203,1227,1228,-1,1203,1228,1204,-1,1204,1228,1229,-1,1204,1229,1205,-1,1205,1229,1230,-1,1205,1230,1206,-1,1206,1230,1231,-1,1206,1231,1207,-1,1207,1231,1232,-1,1207,1232,1208,-1,1208,1232,1209,-1,1232,1233,1209,-1,1209,1233,1234,-1,1209,1234,1210,-1,1210,1234,1235,-1,1210,1235,1211,-1,1211,1235,1236,-1,1211,1236,1212,-1,1212,1236,1237,-1,1212,1237,1213,-1,1213,1237,1238,-1,1213,1238,1214,-1,1214,1238,1239,-1,1214,1239,1215,-1,1215,1239,1240,-1,1215,1240,1216,-1,1216,1240,1241,-1,1216,1241,1217,-1,1217,1241,1242,-1,1217,1242,1218,-1,1218,1242,1243,-1,1218,1243,1219,-1,1219,1243,1244,-1,1219,1244,1220,-1,1220,1244,1245,-1,1220,1245,1221,-1,1221,1245,1246,-1,1221,1246,1222,-1,1222,1246,1247,-1,1222,1247,1223,-1,1223,1247,1248,-1,1223,1248,1224,-1,1224,1248,1249,-1,1224,1249,1225,-1,1225,1249,1250,-1,1225,1250,1226,-1,1226,1250,1251,-1,1226,1251,1227,-1,1227,1251,1252,-1,1227,1252,1228,-1,1228,1252,1253,-1,1228,1253,1229,-1,1229,1253,1254,-1,1229,1254,1230,-1,1230,1254,1255,-1,1230,1255,1231,-1,1231,1255,1256,-1,1231,1256,1232,-1,1232,1256,1233,-1,1256,240,1233,-1,1233,240,238,-1,1233,238,1234,-1,1234,238,236,-1,1234,236,1235,-1,1235,236,234,-1,1235,234,1236,-1,1236,234,232,-1,1236,232,1237,-1,1237,232,230,-1,1237,230,1238,-1,1238,230,228,-1,1238,228,1239,-1,1239,228,226,-1,1239,226,1240,-1,1240,226,224,-1,1240,224,1241,-1,1241,224,222,-1,1241,222,1242,-1,1242,222,220,-1,1242,220,1243,-1,1243,220,266,-1,1243,266,1244,-1,1244,266,264,-1,1244,264,1245,-1,1245,264,262,-1,1245,262,1246,-1,1246,262,260,-1,1246,260,1247,-1,1247,260,258,-1,1247,258,1248,-1,1248,258,256,-1,1248,256,1249,-1,1249,256,254,-1,1249,254,1250,-1,1250,254,252,-1,1250,252,1251,-1,1251,252,250,-1,1251,250,1252,-1,1252,250,248,-1,1252,248,1253,-1,1253,248,246,-1,1253,246,1254,-1,1254,246,244,-1,1254,244,1255,-1,1255,244,242,-1,1255,242,1256,-1,1256,242,240,-1,489,1257,490,-1,490,1257,1258,-1,490,1258,509,-1,509,1258,1259,-1,509,1259,510,-1,510,1259,1260,-1,510,1260,506,-1,506,1260,1261,-1,506,1261,507,-1,507,1261,1262,-1,507,1262,508,-1,508,1262,1263,-1,508,1263,503,-1,503,1263,1264,-1,503,1264,504,-1,504,1264,1265,-1,504,1265,505,-1,505,1265,1266,-1,505,1266,500,-1,500,1266,1267,-1,500,1267,501,-1,501,1267,1268,-1,501,1268,502,-1,502,1268,1269,-1,502,1269,497,-1,497,1269,1270,-1,497,1270,498,-1,498,1270,1271,-1,498,1271,499,-1,499,1271,1272,-1,499,1272,494,-1,494,1272,1273,-1,494,1273,495,-1,495,1273,1274,-1,495,1274,496,-1,496,1274,1275,-1,496,1275,491,-1,491,1275,1276,-1,491,1276,492,-1,492,1276,1277,-1,492,1277,493,-1,493,1277,1278,-1,493,1278,486,-1,486,1278,1279,-1,486,1279,487,-1,487,1279,1280,-1,487,1280,489,-1,489,1280,1257,-1,1280,1281,1257,-1,1257,1281,1282,-1,1257,1282,1258,-1,1258,1282,1283,-1,1258,1283,1259,-1,1259,1283,1284,-1,1259,1284,1260,-1,1260,1284,1285,-1,1260,1285,1261,-1,1261,1285,1286,-1,1261,1286,1262,-1,1262,1286,1287,-1,1262,1287,1263,-1,1263,1287,1288,-1,1263,1288,1264,-1,1264,1288,1289,-1,1264,1289,1265,-1,1265,1289,1290,-1,1265,1290,1266,-1,1266,1290,1291,-1,1266,1291,1267,-1,1267,1291,1292,-1,1267,1292,1268,-1,1268,1292,1293,-1,1268,1293,1269,-1,1269,1293,1294,-1,1269,1294,1270,-1,1270,1294,1295,-1,1270,1295,1271,-1,1271,1295,1296,-1,1271,1296,1272,-1,1272,1296,1297,-1,1272,1297,1273,-1,1273,1297,1298,-1,1273,1298,1274,-1,1274,1298,1299,-1,1274,1299,1275,-1,1275,1299,1300,-1,1275,1300,1276,-1,1276,1300,1301,-1,1276,1301,1277,-1,1277,1301,1302,-1,1277,1302,1278,-1,1278,1302,1303,-1,1278,1303,1279,-1,1279,1303,1304,-1,1279,1304,1280,-1,1280,1304,1281,-1,1304,1305,1281,-1,1281,1305,1306,-1,1281,1306,1282,-1,1282,1306,1307,-1,1282,1307,1283,-1,1283,1307,1308,-1,1283,1308,1284,-1,1284,1308,1309,-1,1284,1309,1285,-1,1285,1309,1310,-1,1285,1310,1286,-1,1286,1310,1311,-1,1286,1311,1287,-1,1287,1311,1312,-1,1287,1312,1288,-1,1288,1312,1313,-1,1288,1313,1289,-1,1289,1313,1314,-1,1289,1314,1290,-1,1290,1314,1315,-1,1290,1315,1291,-1,1291,1315,1316,-1,1291,1316,1292,-1,1292,1316,1317,-1,1292,1317,1293,-1,1293,1317,1318,-1,1293,1318,1294,-1,1294,1318,1319,-1,1294,1319,1295,-1,1295,1319,1320,-1,1295,1320,1296,-1,1296,1320,1321,-1,1296,1321,1297,-1,1297,1321,1322,-1,1297,1322,1298,-1,1298,1322,1323,-1,1298,1323,1299,-1,1299,1323,1324,-1,1299,1324,1300,-1,1300,1324,1325,-1,1300,1325,1301,-1,1301,1325,1326,-1,1301,1326,1302,-1,1302,1326,1327,-1,1302,1327,1303,-1,1303,1327,1328,-1,1303,1328,1304,-1,1304,1328,1305,-1,1328,1329,1305,-1,1305,1329,1330,-1,1305,1330,1306,-1,1306,1330,1331,-1,1306,1331,1307,-1,1307,1331,1332,-1,1307,1332,1308,-1,1308,1332,1333,-1,1308,1333,1309,-1,1309,1333,1334,-1,1309,1334,1310,-1,1310,1334,1335,-1,1310,1335,1311,-1,1311,1335,1336,-1,1311,1336,1312,-1,1312,1336,1337,-1,1312,1337,1313,-1,1313,1337,1338,-1,1313,1338,1314,-1,1314,1338,1339,-1,1314,1339,1315,-1,1315,1339,1340,-1,1315,1340,1316,-1,1316,1340,1341,-1,1316,1341,1317,-1,1317,1341,1342,-1,1317,1342,1318,-1,1318,1342,1343,-1,1318,1343,1319,-1,1319,1343,1344,-1,1319,1344,1320,-1,1320,1344,1345,-1,1320,1345,1321,-1,1321,1345,1346,-1,1321,1346,1322,-1,1322,1346,1347,-1,1322,1347,1323,-1,1323,1347,1348,-1,1323,1348,1324,-1,1324,1348,1349,-1,1324,1349,1325,-1,1325,1349,1350,-1,1325,1350,1326,-1,1326,1350,1351,-1,1326,1351,1327,-1,1327,1351,1352,-1,1327,1352,1328,-1,1328,1352,1329,-1,1352,1353,1329,-1,1329,1353,1354,-1,1329,1354,1330,-1,1330,1354,1355,-1,1330,1355,1331,-1,1331,1355,1356,-1,1331,1356,1332,-1,1332,1356,1357,-1,1332,1357,1333,-1,1333,1357,1358,-1,1333,1358,1334,-1,1334,1358,1359,-1,1334,1359,1335,-1,1335,1359,1360,-1,1335,1360,1336,-1,1336,1360,1361,-1,1336,1361,1337,-1,1337,1361,1362,-1,1337,1362,1338,-1,1338,1362,1363,-1,1338,1363,1339,-1,1339,1363,1364,-1,1339,1364,1340,-1,1340,1364,1365,-1,1340,1365,1341,-1,1341,1365,1366,-1,1341,1366,1342,-1,1342,1366,1367,-1,1342,1367,1343,-1,1343,1367,1368,-1,1343,1368,1344,-1,1344,1368,1369,-1,1344,1369,1345,-1,1345,1369,1370,-1,1345,1370,1346,-1,1346,1370,1371,-1,1346,1371,1347,-1,1347,1371,1372,-1,1347,1372,1348,-1,1348,1372,1373,-1,1348,1373,1349,-1,1349,1373,1374,-1,1349,1374,1350,-1,1350,1374,1375,-1,1350,1375,1351,-1,1351,1375,1376,-1,1351,1376,1352,-1,1352,1376,1353,-1,1376,459,1353,-1,1353,459,457,-1,1353,457,1354,-1,1354,457,455,-1,1354,455,1355,-1,1355,455,453,-1,1355,453,1356,-1,1356,453,451,-1,1356,451,1357,-1,1357,451,449,-1,1357,449,1358,-1,1358,449,447,-1,1358,447,1359,-1,1359,447,445,-1,1359,445,1360,-1,1360,445,443,-1,1360,443,1361,-1,1361,443,441,-1,1361,441,1362,-1,1362,441,439,-1,1362,439,1363,-1,1363,439,485,-1,1363,485,1364,-1,1364,485,483,-1,1364,483,1365,-1,1365,483,481,-1,1365,481,1366,-1,1366,481,479,-1,1366,479,1367,-1,1367,479,477,-1,1367,477,1368,-1,1368,477,475,-1,1368,475,1369,-1,1369,475,473,-1,1369,473,1370,-1,1370,473,471,-1,1370,471,1371,-1,1371,471,469,-1,1371,469,1372,-1,1372,469,467,-1,1372,467,1373,-1,1373,467,465,-1,1373,465,1374,-1,1374,465,463,-1,1374,463,1375,-1,1375,463,461,-1,1375,461,1376,-1,1376,461,459,-1,197,1377,198,-1,198,1377,1378,-1,198,1378,217,-1,217,1378,1379,-1,217,1379,218,-1,218,1379,1380,-1,218,1380,214,-1,214,1380,1381,-1,214,1381,215,-1,215,1381,1382,-1,215,1382,216,-1,216,1382,1383,-1,216,1383,211,-1,211,1383,1384,-1,211,1384,212,-1,212,1384,1385,-1,212,1385,213,-1,213,1385,1386,-1,213,1386,208,-1,208,1386,1387,-1,208,1387,209,-1,209,1387,1388,-1,209,1388,210,-1,210,1388,1389,-1,210,1389,205,-1,205,1389,1390,-1,205,1390,206,-1,206,1390,1391,-1,206,1391,207,-1,207,1391,1392,-1,207,1392,202,-1,202,1392,1393,-1,202,1393,203,-1,203,1393,1394,-1,203,1394,204,-1,204,1394,1395,-1,204,1395,199,-1,199,1395,1396,-1,199,1396,200,-1,200,1396,1397,-1,200,1397,201,-1,201,1397,1398,-1,201,1398,194,-1,194,1398,1399,-1,194,1399,195,-1,195,1399,1400,-1,195,1400,197,-1,197,1400,1377,-1,1400,1401,1377,-1,1377,1401,1402,-1,1377,1402,1378,-1,1378,1402,1403,-1,1378,1403,1379,-1,1379,1403,1404,-1,1379,1404,1380,-1,1380,1404,1405,-1,1380,1405,1381,-1,1381,1405,1406,-1,1381,1406,1382,-1,1382,1406,1407,-1,1382,1407,1383,-1,1383,1407,1408,-1,1383,1408,1384,-1,1384,1408,1409,-1,1384,1409,1385,-1,1385,1409,1410,-1,1385,1410,1386,-1,1386,1410,1411,-1,1386,1411,1387,-1,1387,1411,1412,-1,1387,1412,1388,-1,1388,1412,1413,-1,1388,1413,1389,-1,1389,1413,1414,-1,1389,1414,1390,-1,1390,1414,1415,-1,1390,1415,1391,-1,1391,1415,1416,-1,1391,1416,1392,-1,1392,1416,1417,-1,1392,1417,1393,-1,1393,1417,1418,-1,1393,1418,1394,-1,1394,1418,1419,-1,1394,1419,1395,-1,1395,1419,1420,-1,1395,1420,1396,-1,1396,1420,1421,-1,1396,1421,1397,-1,1397,1421,1422,-1,1397,1422,1398,-1,1398,1422,1423,-1,1398,1423,1399,-1,1399,1423,1424,-1,1399,1424,1400,-1,1400,1424,1401,-1,1424,1425,1401,-1,1401,1425,1426,-1,1401,1426,1402,-1,1402,1426,1427,-1,1402,1427,1403,-1,1403,1427,1428,-1,1403,1428,1404,-1,1404,1428,1429,-1,1404,1429,1405,-1,1405,1429,1430,-1,1405,1430,1406,-1,1406,1430,1431,-1,1406,1431,1407,-1,1407,1431,1432,-1,1407,1432,1408,-1,1408,1432,1433,-1,1408,1433,1409,-1,1409,1433,1434,-1,1409,1434,1410,-1,1410,1434,1435,-1,1410,1435,1411,-1,1411,1435,1436,-1,1411,1436,1412,-1,1412,1436,1437,-1,1412,1437,1413,-1,1413,1437,1438,-1,1413,1438,1414,-1,1414,1438,1439,-1,1414,1439,1415,-1,1415,1439,1440,-1,1415,1440,1416,-1,1416,1440,1441,-1,1416,1441,1417,-1,1417,1441,1442,-1,1417,1442,1418,-1,1418,1442,1443,-1,1418,1443,1419,-1,1419,1443,1444,-1,1419,1444,1420,-1,1420,1444,1445,-1,1420,1445,1421,-1,1421,1445,1446,-1,1421,1446,1422,-1,1422,1446,1447,-1,1422,1447,1423,-1,1423,1447,1448,-1,1423,1448,1424,-1,1424,1448,1425,-1,1448,1449,1425,-1,1425,1449,1450,-1,1425,1450,1426,-1,1426,1450,1451,-1,1426,1451,1427,-1,1427,1451,1452,-1,1427,1452,1428,-1,1428,1452,1453,-1,1428,1453,1429,-1,1429,1453,1454,-1,1429,1454,1430,-1,1430,1454,1455,-1,1430,1455,1431,-1,1431,1455,1456,-1,1431,1456,1432,-1,1432,1456,1457,-1,1432,1457,1433,-1,1433,1457,1458,-1,1433,1458,1434,-1,1434,1458,1459,-1,1434,1459,1435,-1,1435,1459,1460,-1,1435,1460,1436,-1,1436,1460,1461,-1,1436,1461,1437,-1,1437,1461,1462,-1,1437,1462,1438,-1,1438,1462,1463,-1,1438,1463,1439,-1,1439,1463,1464,-1,1439,1464,1440,-1,1440,1464,1465,-1,1440,1465,1441,-1,1441,1465,1466,-1,1441,1466,1442,-1,1442,1466,1467,-1,1442,1467,1443,-1,1443,1467,1468,-1,1443,1468,1444,-1,1444,1468,1469,-1,1444,1469,1445,-1,1445,1469,1470,-1,1445,1470,1446,-1,1446,1470,1471,-1,1446,1471,1447,-1,1447,1471,1472,-1,1447,1472,1448,-1,1448,1472,1449,-1,1472,1473,1449,-1,1449,1473,1474,-1,1449,1474,1450,-1,1450,1474,1475,-1,1450,1475,1451,-1,1451,1475,1476,-1,1451,1476,1452,-1,1452,1476,1477,-1,1452,1477,1453,-1,1453,1477,1478,-1,1453,1478,1454,-1,1454,1478,1479,-1,1454,1479,1455,-1,1455,1479,1480,-1,1455,1480,1456,-1,1456,1480,1481,-1,1456,1481,1457,-1,1457,1481,1482,-1,1457,1482,1458,-1,1458,1482,1483,-1,1458,1483,1459,-1,1459,1483,1484,-1,1459,1484,1460,-1,1460,1484,1485,-1,1460,1485,1461,-1,1461,1485,1486,-1,1461,1486,1462,-1,1462,1486,1487,-1,1462,1487,1463,-1,1463,1487,1488,-1,1463,1488,1464,-1,1464,1488,1489,-1,1464,1489,1465,-1,1465,1489,1490,-1,1465,1490,1466,-1,1466,1490,1491,-1,1466,1491,1467,-1,1467,1491,1492,-1,1467,1492,1468,-1,1468,1492,1493,-1,1468,1493,1469,-1,1469,1493,1494,-1,1469,1494,1470,-1,1470,1494,1495,-1,1470,1495,1471,-1,1471,1495,1496,-1,1471,1496,1472,-1,1472,1496,1473,-1,1496,167,1473,-1,1473,167,165,-1,1473,165,1474,-1,1474,165,163,-1,1474,163,1475,-1,1475,163,161,-1,1475,161,1476,-1,1476,161,159,-1,1476,159,1477,-1,1477,159,157,-1,1477,157,1478,-1,1478,157,155,-1,1478,155,1479,-1,1479,155,153,-1,1479,153,1480,-1,1480,153,151,-1,1480,151,1481,-1,1481,151,149,-1,1481,149,1482,-1,1482,149,147,-1,1482,147,1483,-1,1483,147,193,-1,1483,193,1484,-1,1484,193,191,-1,1484,191,1485,-1,1485,191,189,-1,1485,189,1486,-1,1486,189,187,-1,1486,187,1487,-1,1487,187,185,-1,1487,185,1488,-1,1488,185,183,-1,1488,183,1489,-1,1489,183,181,-1,1489,181,1490,-1,1490,181,179,-1,1490,179,1491,-1,1491,179,177,-1,1491,177,1492,-1,1492,177,175,-1,1492,175,1493,-1,1493,175,173,-1,1493,173,1494,-1,1494,173,171,-1,1494,171,1495,-1,1495,171,169,-1,1495,169,1496,-1,1496,169,167,-1,124,1497,125,-1,125,1497,1498,-1,125,1498,144,-1,144,1498,1499,-1,144,1499,145,-1,145,1499,1500,-1,145,1500,141,-1,141,1500,1501,-1,141,1501,142,-1,142,1501,1502,-1,142,1502,143,-1,143,1502,1503,-1,143,1503,138,-1,138,1503,1504,-1,138,1504,139,-1,139,1504,1505,-1,139,1505,140,-1,140,1505,1506,-1,140,1506,135,-1,135,1506,1507,-1,135,1507,136,-1,136,1507,1508,-1,136,1508,137,-1,137,1508,1509,-1,137,1509,132,-1,132,1509,1510,-1,132,1510,133,-1,133,1510,1511,-1,133,1511,134,-1,134,1511,1512,-1,134,1512,129,-1,129,1512,1513,-1,129,1513,130,-1,130,1513,1514,-1,130,1514,131,-1,131,1514,1515,-1,131,1515,126,-1,126,1515,1516,-1,126,1516,127,-1,127,1516,1517,-1,127,1517,128,-1,128,1517,1518,-1,128,1518,121,-1,121,1518,1519,-1,121,1519,122,-1,122,1519,1520,-1,122,1520,124,-1,124,1520,1497,-1,1520,1521,1497,-1,1497,1521,1522,-1,1497,1522,1498,-1,1498,1522,1523,-1,1498,1523,1499,-1,1499,1523,1524,-1,1499,1524,1500,-1,1500,1524,1525,-1,1500,1525,1501,-1,1501,1525,1526,-1,1501,1526,1502,-1,1502,1526,1527,-1,1502,1527,1503,-1,1503,1527,1528,-1,1503,1528,1504,-1,1504,1528,1529,-1,1504,1529,1505,-1,1505,1529,1530,-1,1505,1530,1506,-1,1506,1530,1531,-1,1506,1531,1507,-1,1507,1531,1532,-1,1507,1532,1508,-1,1508,1532,1533,-1,1508,1533,1509,-1,1509,1533,1534,-1,1509,1534,1510,-1,1510,1534,1535,-1,1510,1535,1511,-1,1511,1535,1536,-1,1511,1536,1512,-1,1512,1536,1537,-1,1512,1537,1513,-1,1513,1537,1538,-1,1513,1538,1514,-1,1514,1538,1539,-1,1514,1539,1515,-1,1515,1539,1540,-1,1515,1540,1516,-1,1516,1540,1541,-1,1516,1541,1517,-1,1517,1541,1542,-1,1517,1542,1518,-1,1518,1542,1543,-1,1518,1543,1519,-1,1519,1543,1544,-1,1519,1544,1520,-1,1520,1544,1521,-1,1544,1545,1521,-1,1521,1545,1546,-1,1521,1546,1522,-1,1522,1546,1547,-1,1522,1547,1523,-1,1523,1547,1548,-1,1523,1548,1524,-1,1524,1548,1549,-1,1524,1549,1525,-1,1525,1549,1550,-1,1525,1550,1526,-1,1526,1550,1551,-1,1526,1551,1527,-1,1527,1551,1552,-1,1527,1552,1528,-1,1528,1552,1553,-1,1528,1553,1529,-1,1529,1553,1554,-1,1529,1554,1530,-1,1530,1554,1555,-1,1530,1555,1531,-1,1531,1555,1556,-1,1531,1556,1532,-1,1532,1556,1557,-1,1532,1557,1533,-1,1533,1557,1558,-1,1533,1558,1534,-1,1534,1558,1559,-1,1534,1559,1535,-1,1535,1559,1560,-1,1535,1560,1536,-1,1536,1560,1561,-1,1536,1561,1537,-1,1537,1561,1562,-1,1537,1562,1538,-1,1538,1562,1563,-1,1538,1563,1539,-1,1539,1563,1564,-1,1539,1564,1540,-1,1540,1564,1565,-1,1540,1565,1541,-1,1541,1565,1566,-1,1541,1566,1542,-1,1542,1566,1567,-1,1542,1567,1543,-1,1543,1567,1568,-1,1543,1568,1544,-1,1544,1568,1545,-1,1568,1569,1545,-1,1545,1569,1570,-1,1545,1570,1546,-1,1546,1570,1571,-1,1546,1571,1547,-1,1547,1571,1572,-1,1547,1572,1548,-1,1548,1572,1573,-1,1548,1573,1549,-1,1549,1573,1574,-1,1549,1574,1550,-1,1550,1574,1575,-1,1550,1575,1551,-1,1551,1575,1576,-1,1551,1576,1552,-1,1552,1576,1577,-1,1552,1577,1553,-1,1553,1577,1578,-1,1553,1578,1554,-1,1554,1578,1579,-1,1554,1579,1555,-1,1555,1579,1580,-1,1555,1580,1556,-1,1556,1580,1581,-1,1556,1581,1557,-1,1557,1581,1582,-1,1557,1582,1558,-1,1558,1582,1583,-1,1558,1583,1559,-1,1559,1583,1584,-1,1559,1584,1560,-1,1560,1584,1585,-1,1560,1585,1561,-1,1561,1585,1586,-1,1561,1586,1562,-1,1562,1586,1587,-1,1562,1587,1563,-1,1563,1587,1588,-1,1563,1588,1564,-1,1564,1588,1589,-1,1564,1589,1565,-1,1565,1589,1590,-1,1565,1590,1566,-1,1566,1590,1591,-1,1566,1591,1567,-1,1567,1591,1592,-1,1567,1592,1568,-1,1568,1592,1569,-1,1592,1593,1569,-1,1569,1593,1594,-1,1569,1594,1570,-1,1570,1594,1595,-1,1570,1595,1571,-1,1571,1595,1596,-1,1571,1596,1572,-1,1572,1596,1597,-1,1572,1597,1573,-1,1573,1597,1598,-1,1573,1598,1574,-1,1574,1598,1599,-1,1574,1599,1575,-1,1575,1599,1600,-1,1575,1600,1576,-1,1576,1600,1601,-1,1576,1601,1577,-1,1577,1601,1602,-1,1577,1602,1578,-1,1578,1602,1603,-1,1578,1603,1579,-1,1579,1603,1604,-1,1579,1604,1580,-1,1580,1604,1605,-1,1580,1605,1581,-1,1581,1605,1606,-1,1581,1606,1582,-1,1582,1606,1607,-1,1582,1607,1583,-1,1583,1607,1608,-1,1583,1608,1584,-1,1584,1608,1609,-1,1584,1609,1585,-1,1585,1609,1610,-1,1585,1610,1586,-1,1586,1610,1611,-1,1586,1611,1587,-1,1587,1611,1612,-1,1587,1612,1588,-1,1588,1612,1613,-1,1588,1613,1589,-1,1589,1613,1614,-1,1589,1614,1590,-1,1590,1614,1615,-1,1590,1615,1591,-1,1591,1615,1616,-1,1591,1616,1592,-1,1592,1616,1593,-1,1616,94,1593,-1,1593,94,92,-1,1593,92,1594,-1,1594,92,90,-1,1594,90,1595,-1,1595,90,88,-1,1595,88,1596,-1,1596,88,86,-1,1596,86,1597,-1,1597,86,84,-1,1597,84,1598,-1,1598,84,82,-1,1598,82,1599,-1,1599,82,80,-1,1599,80,1600,-1,1600,80,78,-1,1600,78,1601,-1,1601,78,76,-1,1601,76,1602,-1,1602,76,74,-1,1602,74,1603,-1,1603,74,120,-1,1603,120,1604,-1,1604,120,118,-1,1604,118,1605,-1,1605,118,116,-1,1605,116,1606,-1,1606,116,114,-1,1606,114,1607,-1,1607,114,112,-1,1607,112,1608,-1,1608,112,110,-1,1608,110,1609,-1,1609,110,108,-1,1609,108,1610,-1,1610,108,106,-1,1610,106,1611,-1,1611,106,104,-1,1611,104,1612,-1,1612,104,102,-1,1612,102,1613,-1,1613,102,100,-1,1613,100,1614,-1,1614,100,98,-1,1614,98,1615,-1,1615,98,96,-1,1615,96,1616,-1,1616,96,94,-1,51,1617,52,-1,52,1617,1618,-1,52,1618,71,-1,71,1618,1619,-1,71,1619,72,-1,72,1619,1620,-1,72,1620,68,-1,68,1620,1621,-1,68,1621,69,-1,69,1621,1622,-1,69,1622,70,-1,70,1622,1623,-1,70,1623,65,-1,65,1623,1624,-1,65,1624,66,-1,66,1624,1625,-1,66,1625,67,-1,67,1625,1626,-1,67,1626,62,-1,62,1626,1627,-1,62,1627,63,-1,63,1627,1628,-1,63,1628,64,-1,64,1628,1629,-1,64,1629,59,-1,59,1629,1630,-1,59,1630,60,-1,60,1630,1631,-1,60,1631,61,-1,61,1631,1632,-1,61,1632,56,-1,56,1632,1633,-1,56,1633,57,-1,57,1633,1634,-1,57,1634,58,-1,58,1634,1635,-1,58,1635,53,-1,53,1635,1636,-1,53,1636,54,-1,54,1636,1637,-1,54,1637,55,-1,55,1637,1638,-1,55,1638,48,-1,48,1638,1639,-1,48,1639,49,-1,49,1639,1640,-1,49,1640,51,-1,51,1640,1617,-1,1640,1641,1617,-1,1617,1641,1642,-1,1617,1642,1618,-1,1618,1642,1643,-1,1618,1643,1619,-1,1619,1643,1644,-1,1619,1644,1620,-1,1620,1644,1645,-1,1620,1645,1621,-1,1621,1645,1646,-1,1621,1646,1622,-1,1622,1646,1647,-1,1622,1647,1623,-1,1623,1647,1648,-1,1623,1648,1624,-1,1624,1648,1649,-1,1624,1649,1625,-1,1625,1649,1650,-1,1625,1650,1626,-1,1626,1650,1651,-1,1626,1651,1627,-1,1627,1651,1652,-1,1627,1652,1628,-1,1628,1652,1653,-1,1628,1653,1629,-1,1629,1653,1654,-1,1629,1654,1630,-1,1630,1654,1655,-1,1630,1655,1631,-1,1631,1655,1656,-1,1631,1656,1632,-1,1632,1656,1657,-1,1632,1657,1633,-1,1633,1657,1658,-1,1633,1658,1634,-1,1634,1658,1659,-1,1634,1659,1635,-1,1635,1659,1660,-1,1635,1660,1636,-1,1636,1660,1661,-1,1636,1661,1637,-1,1637,1661,1662,-1,1637,1662,1638,-1,1638,1662,1663,-1,1638,1663,1639,-1,1639,1663,1664,-1,1639,1664,1640,-1,1640,1664,1641,-1,1664,1665,1641,-1,1641,1665,1666,-1,1641,1666,1642,-1,1642,1666,1667,-1,1642,1667,1643,-1,1643,1667,1668,-1,1643,1668,1644,-1,1644,1668,1669,-1,1644,1669,1645,-1,1645,1669,1670,-1,1645,1670,1646,-1,1646,1670,1671,-1,1646,1671,1647,-1,1647,1671,1672,-1,1647,1672,1648,-1,1648,1672,1673,-1,1648,1673,1649,-1,1649,1673,1674,-1,1649,1674,1650,-1,1650,1674,1675,-1,1650,1675,1651,-1,1651,1675,1676,-1,1651,1676,1652,-1,1652,1676,1677,-1,1652,1677,1653,-1,1653,1677,1678,-1,1653,1678,1654,-1,1654,1678,1679,-1,1654,1679,1655,-1,1655,1679,1680,-1,1655,1680,1656,-1,1656,1680,1681,-1,1656,1681,1657,-1,1657,1681,1682,-1,1657,1682,1658,-1,1658,1682,1683,-1,1658,1683,1659,-1,1659,1683,1684,-1,1659,1684,1660,-1,1660,1684,1685,-1,1660,1685,1661,-1,1661,1685,1686,-1,1661,1686,1662,-1,1662,1686,1687,-1,1662,1687,1663,-1,1663,1687,1688,-1,1663,1688,1664,-1,1664,1688,1665,-1,1688,1689,1665,-1,1665,1689,1690,-1,1665,1690,1666,-1,1666,1690,1691,-1,1666,1691,1667,-1,1667,1691,1692,-1,1667,1692,1668,-1,1668,1692,1693,-1,1668,1693,1669,-1,1669,1693,1694,-1,1669,1694,1670,-1,1670,1694,1695,-1,1670,1695,1671,-1,1671,1695,1696,-1,1671,1696,1672,-1,1672,1696,1697,-1,1672,1697,1673,-1,1673,1697,1698,-1,1673,1698,1674,-1,1674,1698,1699,-1,1674,1699,1675,-1,1675,1699,1700,-1,1675,1700,1676,-1,1676,1700,1701,-1,1676,1701,1677,-1,1677,1701,1702,-1,1677,1702,1678,-1,1678,1702,1703,-1,1678,1703,1679,-1,1679,1703,1704,-1,1679,1704,1680,-1,1680,1704,1705,-1,1680,1705,1681,-1,1681,1705,1706,-1,1681,1706,1682,-1,1682,1706,1707,-1,1682,1707,1683,-1,1683,1707,1708,-1,1683,1708,1684,-1,1684,1708,1709,-1,1684,1709,1685,-1,1685,1709,1710,-1,1685,1710,1686,-1,1686,1710,1711,-1,1686,1711,1687,-1,1687,1711,1712,-1,1687,1712,1688,-1,1688,1712,1689,-1,1712,1713,1689,-1,1689,1713,1714,-1,1689,1714,1690,-1,1690,1714,1715,-1,1690,1715,1691,-1,1691,1715,1716,-1,1691,1716,1692,-1,1692,1716,1717,-1,1692,1717,1693,-1,1693,1717,1718,-1,1693,1718,1694,-1,1694,1718,1719,-1,1694,1719,1695,-1,1695,1719,1720,-1,1695,1720,1696,-1,1696,1720,1721,-1,1696,1721,1697,-1,1697,1721,1722,-1,1697,1722,1698,-1,1698,1722,1723,-1,1698,1723,1699,-1,1699,1723,1724,-1,1699,1724,1700,-1,1700,1724,1725,-1,1700,1725,1701,-1,1701,1725,1726,-1,1701,1726,1702,-1,1702,1726,1727,-1,1702,1727,1703,-1,1703,1727,1728,-1,1703,1728,1704,-1,1704,1728,1729,-1,1704,1729,1705,-1,1705,1729,1730,-1,1705,1730,1706,-1,1706,1730,1731,-1,1706,1731,1707,-1,1707,1731,1732,-1,1707,1732,1708,-1,1708,1732,1733,-1,1708,1733,1709,-1,1709,1733,1734,-1,1709,1734,1710,-1,1710,1734,1735,-1,1710,1735,1711,-1,1711,1735,1736,-1,1711,1736,1712,-1,1712,1736,1713,-1,1736,21,1713,-1,1713,21,19,-1,1713,19,1714,-1,1714,19,17,-1,1714,17,1715,-1,1715,17,15,-1,1715,15,1716,-1,1716,15,13,-1,1716,13,1717,-1,1717,13,11,-1,1717,11,1718,-1,1718,11,9,-1,1718,9,1719,-1,1719,9,7,-1,1719,7,1720,-1,1720,7,5,-1,1720,5,1721,-1,1721,5,3,-1,1721,3,1722,-1,1722,3,1,-1,1722,1,1723,-1,1723,1,47,-1,1723,47,1724,-1,1724,47,45,-1,1724,45,1725,-1,1725,45,43,-1,1725,43,1726,-1,1726,43,41,-1,1726,41,1727,-1,1727,41,39,-1,1727,39,1728,-1,1728,39,37,-1,1728,37,1729,-1,1729,37,35,-1,1729,35,1730,-1,1730,35,33,-1,1730,33,1731,-1,1731,33,31,-1,1731,31,1732,-1,1732,31,29,-1,1732,29,1733,-1,1733,29,27,-1,1733,27,1734,-1,1734,27,25,-1,1734,25,1735,-1,1735,25,23,-1,1735,23,1736,-1,1736,23,21,-1,
        ]
    }
}
Shape{
    appearance Appearance {
        material  Material 	{
            diffuseColor 0.8509803921568627 0.8509803921568627 0.8509803921568627
            specularColor 0.6823529411764706 0.6823529411764706 0.6823529411764706
            ambientIntensity 0.851
            transparency 0.0
            shininess 0.5
        }
    }
    geometry IndexedFaceSet {
        ccw TRUE
        solid FALSE
        coord DEF co Coordinate {
            point [
                0.5331 -1.385 0.5891, 0.4717 -1.385 0.5927, 0.4706 -1.3366 0.5834, 0.1249 -1.385 0.7195, 0.0662 -1.385 0.7614, 0.0604 -1.3366 0.7541, 0.0052 -1.385 0.8163, -0.0016 -1.385 0.8225, -0.0082 -1.3366 0.8159, -0.2088 -1.385 1.1921, -0.2118 -1.385 1.2025, -0.2208 -1.3366 1.2004, -0.3292 -1.207 1.0776, -0.3555 -1.207 1.1691, -0.3755 -1.2008 1.0618, -0.4031 -1.2008 1.158, -0.272 -1.254 1.1885, -0.3108 -1.2251 1.1795, -0.2859 -1.2251 1.0924, -0.1984 -1.3366 1.1223, -0.1896 -1.385 1.1253, -0.2413 -1.292 1.1956, -0.2481 -1.254 1.1053, -0.2112 -1.254 1.0147, -0.2184 -1.292 1.1155, -0.1828 -1.292 1.0282, -0.1374 -1.292 0.9452, -0.1641 -1.385 1.0625, -0.1638 -1.3366 1.0372, -0.1554 -1.385 1.0412, -0.1195 -1.3366 0.9563, -0.1117 -1.385 0.9613, -0.0693 -1.3366 0.885, -0.062 -1.385 0.8907, -0.0919 -1.385 0.9332, -0.0858 -1.292 0.8719, -0.1641 -1.254 0.9285, -0.2473 -1.2251 0.9976, -0.0232 -1.292 0.8011, -0.1105 -1.254 0.8525, -0.1979 -1.2251 0.9073, -0.2887 -1.207 0.9779, -0.3329 -1.2008 0.9569, 0.1358 -1.385 0.7117, 0.1309 -1.3366 0.7039, 0.0473 -1.292 0.7377, -0.0455 -1.254 0.779, -0.1418 -1.2251 0.8278, -0.2367 -1.207 0.883, -0.2782 -1.2008 0.8571, -0.2162 -1.2008 0.7691, -0.1778 -1.207 0.7994, -0.0739 -1.2251 0.7509, 0.0276 -1.254 0.7131, 0.1196 -1.292 0.6861, 0.211 -1.3366 0.6592, 0.2994 -1.3849 0.6323, 0.2506 -1.385 0.6527, 0.2151 -1.385 0.6675, -0.1412 -1.2008 0.6842, -0.0564 -1.2008 0.608, -0.1064 -1.207 0.7186, -0.0259 -1.207 0.6462, 0.0027 -1.2251 0.682, 0.0814 -1.2251 0.6259, 0.1027 -1.254 0.6596, 0.188 -1.254 0.612, 0.2018 -1.292 0.6402, 0.2893 -1.292 0.6036, 0.2963 -1.3365 0.6235, 0.3804 -1.3365 0.599, 0.3825 -1.385 0.6081, 0.3916 -1.385 0.6065, 0.338 -1.2008 0.4168, 0.4492 -1.2008 0.3975, 0.3491 -1.207 0.4644, 0.4548 -1.207 0.4461, 0.46 -1.2251 0.4916, 0.2342 -1.2008 0.447, 0.2504 -1.207 0.4931, 0.3594 -1.2251 0.509, 0.4646 -1.254 0.5313, 0.1291 -1.2008 0.4909, 0.1505 -1.207 0.5349, 0.2657 -1.2251 0.5363, 0.3685 -1.254 0.5479, 0.4682 -1.292 0.5625, 0.0306 -1.2008 0.5459, 0.0568 -1.207 0.5872, 0.1706 -1.2251 0.5761, 0.2789 -1.254 0.574, 0.3756 -1.292 0.5785, 0.5628 -1.385 0.5874, 0.5628 -1.3366 0.5781, 0.5628 -1.292 0.5571, 0.5628 -1.254 0.5256, 0.5628 -1.2251 0.4857, 0.5628 -1.207 0.4399, 0.5628 -1.2008 0.391, 0.9121 -1.385 0.5874, 3.9778 -1.385 0.5874, 3.9433 -1.385 0.5874, 3.9433 -1.3366 0.5781, 3.7415 -1.385 0.5874, 3.4908 -1.385 0.5874, 3.2256 -1.385 0.5874, 2.9458 -1.385 0.5874, 2.6512 -1.385 0.5874, 3.9433 -1.292 0.5571, 3.9433 -1.254 0.5256, 3.9433 -1.2251 0.4857, 3.9433 -1.207 0.4399, 3.9433 -1.2008 0.391, 4.949 -1.3366 0.5781, 4.949 -1.292 0.5571, 4.949 -1.254 0.5256, 4.949 -1.2251 0.4857, 4.949 -1.207 0.4399, 4.949 -1.2008 0.391, 4.949 -1.385 0.5874, 4.7838 -1.385 0.5874, 4.6025 -1.385 0.5874, 4.408 -1.385 0.5874, 4.1999 -1.385 0.5874, -0.3292 -1.385 1.7076, -0.4396 -1.385 2.1821, -0.4486 -1.3366 2.18, -0.6534 -1.385 3.1016, -0.6696 -1.385 3.171, -0.6786 -1.3366 3.1689, -0.4864 -1.385 2.3833, -0.4691 -1.292 2.1752, -0.6991 -1.292 3.1641, -0.4998 -1.254 2.1681, -0.7298 -1.254 3.157, -0.5386 -1.2251 2.1591, -0.7686 -1.2251 3.148, -0.5833 -1.207 2.1487, -0.8133 -1.207 3.1376, -0.6309 -1.2008 2.1376, -0.8609 -1.2008 3.1265, -0.2878 -1.385 1.5294, -0.248 -1.385 1.3581, 5.7164 -1.385 1.1781, 5.6978 -1.385 1.115, 5.7066 -1.3366 1.1118, 5.4914 -1.385 0.8022, 5.4415 -1.385 0.7581, 5.4473 -1.3366 0.7508, 5.3723 -1.385 0.7098, 5.3667 -1.385 0.706, 5.3716 -1.3366 0.698, 4.9539 -1.385 0.5877, 5.0437 -1.207 0.4447, 5.0486 -1.2008 0.396, 5.0391 -1.2251 0.4903, 5.0298 -1.3366 0.5822, 5.0289 -1.385 0.5914, 5.0351 -1.254 0.53, 5.1318 -1.254 0.5453, 5.0319 -1.292 0.5613, 5.1251 -1.292 0.576, 5.2162 -1.292 0.6015, 5.0953 -1.385 0.602, 5.1206 -1.3366 0.5966, 5.1186 -1.385 0.6057, 5.2094 -1.3365 0.6214, 5.2064 -1.3849 0.6302, 5.2905 -1.3366 0.6542, 5.2865 -1.385 0.6626, 5.2364 -1.385 0.6423, 5.2994 -1.292 0.6352, 5.2264 -1.254 0.5717, 5.1402 -1.2251 0.5063, 5.3826 -1.292 0.6801, 5.3128 -1.254 0.6067, 5.2394 -1.2251 0.534, 5.15 -1.207 0.4615, 5.1604 -1.2008 0.4137, 5.5056 -1.385 0.8146, 5.5121 -1.3366 0.808, 5.4603 -1.292 0.7343, 5.3991 -1.254 0.6533, 5.3297 -1.2251 0.5706, 5.2542 -1.207 0.4906, 5.2701 -1.2008 0.4444, 5.37 -1.2008 0.4848, 5.3492 -1.207 0.5291, 5.42 -1.2251 0.6193, 5.4798 -1.254 0.7096, 5.5269 -1.292 0.793, 5.5739 -1.3366 0.876, 5.6202 -1.385 0.956, 5.5907 -1.385 0.9151, 5.5667 -1.385 0.8819, 5.4697 -1.2008 0.5387, 5.5631 -1.2008 0.6039, 5.4441 -1.207 0.5803, 5.5328 -1.207 0.6423, 5.5045 -1.2251 0.6783, 5.5769 -1.2251 0.7421, 5.5489 -1.254 0.7706, 5.6147 -1.254 0.8429, 5.5903 -1.292 0.8627, 5.6458 -1.292 0.9397, 5.628 -1.3366 0.951, 5.6709 -1.3366 1.0275, 5.6626 -1.385 1.0316, 5.6675 -1.385 1.0431, 5.8389 -1.2008 0.9449, 5.8828 -1.2008 1.0488, 5.795 -1.207 0.9665, 5.8368 -1.207 1.0653, 5.7936 -1.2251 1.0807, 5.7859 -1.2008 0.8505, 5.7446 -1.207 0.8768, 5.7539 -1.2251 0.9867, 5.756 -1.254 1.0942, 5.7192 -1.2008 0.7581, 5.6813 -1.207 0.7889, 5.706 -1.2251 0.9014, 5.7181 -1.254 1.0043, 5.7264 -1.292 1.1047, 5.6433 -1.2008 0.6745, 5.609 -1.207 0.7094, 5.6457 -1.2251 0.8178, 5.6723 -1.254 0.9228, 5.6898 -1.292 1.0182, 5.7236 -1.385 1.2025, 5.7326 -1.3366 1.2004, 5.7531 -1.292 1.1956, 5.7838 -1.254 1.1885, 5.8226 -1.2251 1.1795, 5.8673 -1.207 1.1691, 5.9149 -1.2008 1.158, -0.6861 -1.385 3.2793, -0.6902 -1.385 3.352, -0.6995 -1.3366 3.352, -0.6022 -1.385 3.7126, -0.5674 -1.385 3.7757, -0.5753 -1.3366 3.7807, -0.5215 -1.385 3.8402, -0.5153 -1.3849 3.8489, -0.5226 -1.3365 3.8547, -0.4279 -1.385 3.9396, -0.389 -1.385 3.9741, -0.3948 -1.3366 3.9814, -0.3071 -1.3849 4.0307, -0.2412 -1.3849 4.0671, -0.2452 -1.3365 4.0755, -0.173 -1.3849 4.0954, -0.1573 -1.3849 4.1019, -0.1603 -1.3365 4.1107, 0.0013 -1.207 4.2881, 0.105 -1.207 4.2939, -0.0041 -1.2008 4.3367, 0.105 -1.2008 4.3428, -0.0338 -1.385 4.1329, 0.0176 -1.385 4.1415, 0.0166 -1.3366 4.1507, 0.105 -1.385 4.1463, 0.105 -1.3366 4.1556, -0.0699 -1.385 4.1268, -0.072 -1.3366 4.1359, 0.0143 -1.292 4.1716, 0.105 -1.292 4.1767, -0.0766 -1.292 4.1564, 0.0108 -1.254 4.2029, 0.105 -1.254 4.2081, -0.1673 -1.292 4.1306, -0.0835 -1.254 4.1871, 0.0064 -1.2251 4.2426, 0.105 -1.2251 4.248, -0.3144 -1.385 4.0267, -0.3193 -1.3365 4.0346, -0.2544 -1.292 4.0944, -0.1776 -1.254 4.1603, -0.0922 -1.2251 4.226, -0.3304 -1.292 4.0524, -0.2682 -1.254 4.1227, -0.1907 -1.2251 4.1979, -0.1023 -1.207 4.2708, -0.113 -1.2008 4.3185, -0.4577 -1.385 3.9131, -0.4643 -1.3365 3.9197, -0.4079 -1.292 3.9979, -0.347 -1.254 4.0791, -0.2856 -1.2251 4.1586, -0.2058 -1.207 4.2412, -0.2219 -1.2008 4.2874, -0.4791 -1.292 3.9346, -0.4274 -1.254 4.0225, -0.3681 -1.2251 4.113, -0.3056 -1.207 4.1998, -0.3269 -1.2008 4.2438, -0.539 -1.292 3.8679, -0.5013 -1.254 3.9569, -0.4522 -1.2251 4.0538, -0.3924 -1.207 4.1519, -0.4182 -1.2008 4.1934, -0.6115 -1.385 3.6958, -0.6199 -1.3366 3.6998, -0.5931 -1.292 3.7919, -0.5636 -1.254 3.8876, -0.5295 -1.2251 3.9851, -0.4806 -1.207 4.0898, -0.511 -1.2008 4.1281, -0.5964 -1.2008 4.0522, -0.5619 -1.207 4.0176, -0.5947 -1.2251 3.9126, -0.6197 -1.254 3.8086, -0.6388 -1.292 3.709, -0.6538 -1.3366 3.6182, -0.6704 -1.3849 3.5281, -0.6575 -1.385 3.5722, -0.6451 -1.385 3.6151, -0.6686 -1.2008 3.9718, -0.7337 -1.2008 3.8803, -0.6304 -1.207 3.9412, -0.6923 -1.207 3.8542, -0.6535 -1.2251 3.8299, -0.7032 -1.2251 3.7398, -0.6672 -1.254 3.7226, -0.7033 -1.254 3.6357, -0.6737 -1.292 3.6252, -0.6999 -1.292 3.5349, -0.6794 -1.3365 3.5302, -0.6947 -1.3365 3.4396, -0.6855 -1.3849 3.4385, -0.6862 -1.385 3.425, -0.7156 -1.292 3.4418, -0.7306 -1.254 3.5419, -0.7409 -1.2251 3.649, -0.7445 -1.207 3.7597, -0.7886 -1.2008 3.7809, -0.8866 -1.2008 3.3521, -0.8802 -1.2008 3.2388, -0.8377 -1.207 3.352, -0.8316 -1.207 3.2444, -0.7861 -1.2251 3.2495, -0.8807 -1.2008 3.4599, -0.8321 -1.207 3.4546, -0.7919 -1.2251 3.352, -0.7465 -1.254 3.254, -0.8618 -1.2008 3.572, -0.8142 -1.207 3.5611, -0.7866 -1.2251 3.4496, -0.752 -1.254 3.352, -0.7152 -1.292 3.2576, -0.8302 -1.2008 3.6806, -0.7841 -1.207 3.6643, -0.7695 -1.2251 3.5508, -0.7469 -1.254 3.4453, -0.7205 -1.292 3.352, -0.6943 -1.3366 3.26, -0.6851 -1.385 3.261, 5.8109 -1.385 1.578, 6.1449 -1.2008 2.1469, 6.0973 -1.207 2.158, 6.0526 -1.2251 2.1683, 6.0138 -1.254 2.1774, 5.9831 -1.292 2.1845, 5.9626 -1.3366 2.1893, 6.1904 -1.3366 3.1689, 6.1814 -1.385 3.171, 6.1444 -1.385 3.012, 6.092 -1.385 2.7868, 6.0306 -1.385 2.5227, 5.9536 -1.385 2.1914, 6.2109 -1.292 3.1641, 6.2416 -1.254 3.157, 6.2804 -1.2251 3.148, 6.3251 -1.207 3.1376, 6.3727 -1.2008 3.1265, 2.6001 -1.385 4.1463, 5.0875 -1.385 4.1463, 5.4068 -1.3366 4.1556, 5.3006 -1.385 4.1463, 5.4068 -1.385 4.1463, 1.1107 -1.385 4.1463, 1.1107 -1.3366 4.1556, 1.1107 -1.292 4.1767, 5.4068 -1.292 4.1767, 1.1107 -1.254 4.2081, 5.4068 -1.254 4.2081, 1.1107 -1.2251 4.248, 5.4068 -1.2251 4.248, 1.1107 -1.207 4.2939, 5.4068 -1.207 4.2939, 1.1107 -1.2008 4.3428, 5.4068 -1.2008 4.3428, 5.4893 -1.385 4.1415, 5.4981 -1.385 4.141, 5.4991 -1.3366 4.1503, 5.6291 -1.3849 4.1134, 5.6709 -1.3849 4.1013, 5.6739 -1.3365 4.1101, 5.7668 -1.3849 4.0595, 5.8339 -1.385 4.0218, 5.8389 -1.3365 4.0296, 6.0912 -1.385 3.7543, 6.1256 -1.385 3.6911, 6.134 -1.3366 3.6951, 6.1556 -1.385 3.6169, 6.1598 -1.385 3.6066, 6.1686 -1.3366 3.6096, 6.1828 -1.385 3.1789, 6.343 -1.207 3.2401, 6.3915 -1.2008 3.2344, 6.2975 -1.2251 3.2455, 6.2057 -1.3366 3.2563, 6.1965 -1.385 3.2574, 6.2578 -1.254 3.2502, 6.2638 -1.254 3.3455, 6.2266 -1.292 3.2539, 6.2323 -1.292 3.3457, 6.2277 -1.292 3.44, 6.2006 -1.385 3.3244, 6.2113 -1.3366 3.3459, 6.202 -1.385 3.3459, 6.2067 -1.3365 3.4377, 6.1975 -1.3849 3.4367, 6.1917 -1.3365 3.5284, 6.1826 -1.3849 3.5263, 6.1918 -1.3849 3.471, 6.2122 -1.292 3.533, 6.2589 -1.254 3.4433, 6.3037 -1.2251 3.3452, 6.1885 -1.292 3.6164, 6.2429 -1.254 3.54, 6.2986 -1.2251 3.4476, 6.3495 -1.207 3.3449, 6.3984 -1.2008 3.3445, 6.0817 -1.385 3.7718, 6.0896 -1.3366 3.7767, 6.153 -1.292 3.7041, 6.2183 -1.254 3.6265, 6.2818 -1.2251 3.5488, 6.3442 -1.207 3.4524, 6.3928 -1.2008 3.4577, 6.3742 -1.2008 3.5698, 6.3265 -1.207 3.559, 6.2561 -1.2251 3.6394, 6.1814 -1.254 3.7175, 6.1075 -1.292 3.7878, 6.0392 -1.3365 3.8487, 5.9725 -1.385 3.9101, 6.0027 -1.385 3.876, 6.0319 -1.3849 3.8429, 6.3457 -1.2008 3.67, 6.3032 -1.2008 3.775, 6.2995 -1.207 3.6542, 6.259 -1.207 3.7541, 6.2175 -1.2251 3.7345, 6.1681 -1.2251 3.8254, 6.1342 -1.254 3.8043, 6.0805 -1.254 3.8811, 6.0558 -1.292 3.8617, 5.994 -1.292 3.9315, 5.9791 -1.3365 3.9166, 5.9105 -1.3366 3.9783, 5.9046 -1.385 3.9711, 5.8937 -1.385 3.9789, 5.9236 -1.292 3.9948, 6.0164 -1.254 3.9536, 6.1119 -1.2251 3.9058, 6.2071 -1.207 3.8495, 6.2486 -1.2008 3.8753, 5.7547 -1.3849 4.0662, 5.7588 -1.3365 4.0746, 5.8503 -1.292 4.0474, 5.9433 -1.254 4.0193, 6.0447 -1.2251 3.9817, 6.1479 -1.207 3.9341, 6.1864 -1.2008 3.9643, 5.768 -1.292 4.0935, 5.8672 -1.254 4.0739, 5.9682 -1.2251 4.0504, 6.0772 -1.207 4.014, 6.1119 -1.2008 4.0485, 5.5877 -1.385 4.1254, 5.5898 -1.3366 4.1345, 5.6809 -1.292 4.1299, 5.7818 -1.254 4.1218, 5.8887 -1.2251 4.1075, 5.9969 -1.207 4.0862, 6.0275 -1.2008 4.1244, 5.6323 -1.2008 4.3168, 5.5207 -1.2008 4.3362, 5.6212 -1.207 4.2691, 5.515 -1.207 4.2876, 5.5098 -1.2251 4.2421, 5.7359 -1.2008 4.2866, 5.7197 -1.207 4.2405, 5.6108 -1.2251 4.2245, 5.5052 -1.254 4.2024, 5.8409 -1.2008 4.2428, 5.8194 -1.207 4.1988, 5.7045 -1.2251 4.1972, 5.6018 -1.254 4.1856, 5.5015 -1.292 4.1712, 5.9396 -1.2008 4.1873, 5.9133 -1.207 4.1461, 5.7993 -1.2251 4.1576, 5.6913 -1.254 4.1596, 5.5946 -1.292 4.155, 5.6688 -3.6049 1.5992, 5.8689 -3.6049 2.4596, 5.8671 -3.6146 2.46, 6.0401 -3.6146 3.2039, 5.863 -3.6235 2.461, 6.036 -3.6235 3.2048, 5.8569 -3.6311 2.4624, 6.0298 -3.6311 3.2062, 5.8491 -3.6369 2.4642, 6.0221 -3.6369 3.208, 5.8402 -3.6405 2.4663, 6.0131 -3.6405 3.2101, 5.8306 -3.6417 2.4685, 6.0036 -3.6417 3.2123, 5.8943 -3.6049 2.5687, 5.9561 -3.6049 2.8346, 6.0071 -3.6049 3.0538, 6.0419 -3.6049 3.2034, 5.5841 -3.6049 1.2349, 5.5823 -3.6146 1.2354, 5.5782 -3.6235 1.2363, 5.572 -3.6311 1.2377, 5.5643 -3.6369 1.2395, 5.5553 -3.6405 1.2416, 5.5458 -3.6417 1.2438, 6.043 -3.6049 3.2108, 6.0571 -3.6049 3.3032, 6.0552 -3.6146 3.3033, 6.057 -3.6049 3.3395, 6.0568 -3.6049 3.4035, 6.0549 -3.6146 3.4033, 6.0476 -3.6049 3.461, 6.0362 -3.6049 3.5214, 6.0344 -3.6146 3.5209, 6.0167 -3.6049 3.5761, 6.0025 -3.6049 3.6162, 6.0008 -3.6146 3.6154, 5.9666 -3.6049 3.6816, 5.9445 -3.6049 3.72, 5.9429 -3.6146 3.7189, 5.4068 -3.6405 3.9736, 5.4068 -3.6417 3.9638, 5.4748 -3.6417 3.9601, 5.4068 -3.6369 3.9828, 5.4759 -3.6405 3.9698, 5.4068 -3.6311 3.9907, 5.4769 -3.6369 3.9789, 5.4068 -3.6235 3.997, 5.4778 -3.6311 3.9868, 5.4068 -3.6146 4.0012, 5.4785 -3.6235 3.9931, 5.4068 -3.6049 4.0031, 5.4789 -3.6146 3.9973, 5.5956 -3.6146 3.9733, 5.4983 -3.6049 3.9967, 5.498 -3.6146 3.9949, 5.484 -3.6049 3.9985, 5.4791 -3.6049 3.9991, 5.69 -3.6049 3.9384, 5.6065 -3.6049 3.971, 5.5962 -3.6049 3.9751, 5.6892 -3.6146 3.9367, 5.705 -3.6146 3.9288, 5.7059 -3.6049 3.9305, 5.7189 -3.6049 3.9224, 5.7915 -3.6049 3.8775, 5.7904 -3.6146 3.876, 5.817 -3.6049 3.8556, 5.867 -3.6146 3.8104, 5.8683 -3.6049 3.8117, 5.88 -3.6146 3.7969, 5.8814 -3.6049 3.7982, 5.4928 -3.6417 3.9578, 5.4942 -3.6405 3.9675, 5.5847 -3.6417 3.9375, 5.5876 -3.6405 3.9468, 5.673 -3.6417 3.903, 5.6772 -3.6405 3.9118, 5.6878 -3.6417 3.8956, 5.6923 -3.6405 3.9042, 5.7683 -3.6417 3.8458, 5.7741 -3.6405 3.8537, 5.8405 -3.6417 3.784, 5.8474 -3.6405 3.7909, 5.8528 -3.6417 3.7713, 5.8599 -3.6405 3.778, 5.9121 -3.6417 3.6978, 5.9201 -3.6405 3.7033, 5.4955 -3.6369 3.9766, 5.5902 -3.6369 3.9556, 5.6812 -3.6369 3.92, 5.6965 -3.6369 3.9124, 5.7795 -3.6369 3.8611, 5.8539 -3.6369 3.7974, 5.8666 -3.6369 3.7843, 5.9277 -3.6369 3.7085, 5.4966 -3.6311 3.9845, 5.5926 -3.6311 3.9632, 5.6847 -3.6311 3.9272, 5.7002 -3.6311 3.9195, 5.7842 -3.6311 3.8675, 5.8595 -3.6311 3.803, 5.8724 -3.6311 3.7897, 5.9343 -3.6311 3.713, 5.4975 -3.6235 3.9907, 5.5944 -3.6235 3.9693, 5.6874 -3.6235 3.9329, 5.7031 -3.6235 3.9251, 5.7879 -3.6235 3.8726, 5.864 -3.6235 3.8074, 5.877 -3.6235 3.7941, 5.9395 -3.6235 3.7165, 5.8999 -3.6049 3.7752, 5.9595 -3.6417 3.6155, 5.9684 -3.6405 3.6198, 5.9766 -3.6369 3.6237, 5.9838 -3.6311 3.6272, 5.9895 -3.6235 3.6299, 5.9933 -3.6146 3.6317, 5.995 -3.6049 3.6325, 5.997 -3.6235 3.6137, 5.9912 -3.6311 3.6112, 5.9839 -3.6369 3.6079, 5.9755 -3.6405 3.6042, 5.9666 -3.6417 3.6002, 5.9982 -3.6417 3.5111, 6.0077 -3.6405 3.5137, 6.0165 -3.6369 3.5161, 6.0242 -3.6311 3.5182, 6.0303 -3.6235 3.5198, 6.055 -3.6049 3.422, 6.0531 -3.6146 3.4218, 6.049 -3.6235 3.4213, 6.0427 -3.6311 3.4206, 6.0348 -3.6369 3.4198, 6.0257 -3.6405 3.4188, 6.0159 -3.6417 3.4177, 6.0507 -3.6235 3.403, 6.0444 -3.6311 3.4025, 6.0365 -3.6369 3.4018, 6.0273 -3.6405 3.4011, 6.0176 -3.6417 3.4003, 6.051 -3.6235 3.3036, 6.0448 -3.6311 3.3041, 6.0368 -3.6369 3.3047, 6.0277 -3.6405 3.3054, 6.0179 -3.6417 3.3061, 4.9537 -3.6049 0.731, 5.0497 -3.6049 0.7384, 5.0494 -3.6146 0.7402, 5.0814 -3.6049 0.7459, 5.1471 -3.6049 0.7615, 5.1466 -3.6146 0.7632, 5.1973 -3.6049 0.7817, 5.2575 -3.6049 0.8082, 5.2566 -3.6146 0.8098, 5.3019 -3.6049 0.8367, 5.342 -3.6049 0.8624, 5.3409 -3.6146 0.8638, 5.3923 -3.6049 0.9072, 5.4303 -3.6049 0.9427, 5.4289 -3.6146 0.944, 5.4697 -3.6049 0.9932, 5.4922 -3.6049 1.022, 5.4906 -3.6146 1.0231, 5.5325 -3.6049 1.0957, 5.549 -3.6049 1.1272, 5.5472 -3.6146 1.1279, 5.581 -3.6049 1.2222, 5.5792 -3.6146 1.2226, 5.5751 -3.6235 1.2237, 5.569 -3.6311 1.2252, 5.5613 -3.6369 1.2272, 5.5524 -3.6405 1.2294, 5.5429 -3.6417 1.2318, 5.5128 -3.6417 1.1426, 5.5218 -3.6405 1.1387, 5.5302 -3.6369 1.1351, 5.5376 -3.6311 1.132, 5.5434 -3.6235 1.1296, 5.5777 -3.6049 1.2123, 5.469 -3.6417 1.0585, 5.4772 -3.6405 1.0533, 5.485 -3.6369 1.0484, 5.4918 -3.6311 1.0442, 5.4971 -3.6235 1.0409, 5.5007 -3.6146 1.0387, 5.5023 -3.6049 1.0377, 5.4871 -3.6235 1.0254, 5.4819 -3.6311 1.0289, 5.4753 -3.6369 1.0333, 5.4676 -3.6405 1.0384, 5.4595 -3.6417 1.0438, 5.4013 -3.6417 0.9692, 5.4085 -3.6405 0.9626, 5.4153 -3.6369 0.9564, 5.4211 -3.6311 0.9511, 5.4258 -3.6235 0.9468, 5.3565 -3.6049 0.8736, 5.3554 -3.6146 0.8751, 5.3527 -3.6235 0.8784, 5.3488 -3.6311 0.8833, 5.3438 -3.6369 0.8895, 5.3381 -3.6405 0.8967, 5.332 -3.6417 0.9043, 5.3384 -3.6235 0.8672, 5.3346 -3.6311 0.8722, 5.3298 -3.6369 0.8786, 5.3242 -3.6405 0.8859, 5.3183 -3.6417 0.8937, 5.2389 -3.6417 0.8428, 5.2435 -3.6405 0.8342, 5.2478 -3.6369 0.8261, 5.2516 -3.6311 0.8191, 5.2546 -3.6235 0.8135, 5.165 -3.6049 0.7675, 5.1644 -3.6146 0.7692, 5.163 -3.6235 0.7732, 5.1609 -3.6311 0.7791, 5.1583 -3.6369 0.7867, 5.1552 -3.6405 0.7953, 5.152 -3.6417 0.8045, 5.1453 -3.6235 0.7672, 5.1434 -3.6311 0.7732, 5.1409 -3.6369 0.7808, 5.1381 -3.6405 0.7896, 5.1352 -3.6417 0.7989, 5.0488 -3.6235 0.7444, 5.0478 -3.6311 0.7506, 5.0466 -3.6369 0.7585, 5.0452 -3.6405 0.7676, 5.0437 -3.6417 0.7772, 4.949 -3.6049 0.7306, 4.949 -3.6146 0.7325, 4.949 -3.6235 0.7367, 4.949 -3.6311 0.743, 4.949 -3.6369 0.751, 4.949 -3.6405 0.7601, 4.949 -3.6417 0.7699, 5.0977 -3.6049 4.0031, 4.1556 -3.6049 4.0031, 4.1556 -3.6146 4.0012, 2.597 -3.6049 4.0031, 0.105 -3.6049 4.0031, 0.105 -3.6146 4.0012, 4.1556 -3.6235 3.997, 0.105 -3.6235 3.997, 4.1556 -3.6311 3.9907, 0.105 -3.6311 3.9907, 4.1556 -3.6369 3.9828, 0.105 -3.6369 3.9828, 4.1556 -3.6405 3.9736, 0.105 -3.6405 3.9736, 4.1556 -3.6417 3.9638, 0.105 -3.6417 3.9638, 5.3045 -3.6049 4.0031, 1.8238 -3.6146 0.7325, 1.8238 -3.6235 0.7367, 1.8238 -3.6311 0.743, 1.8238 -3.6369 0.751, 1.8238 -3.6405 0.7601, 1.8238 -3.6417 0.7699, 0.9025 -3.6049 0.7306, 1.8238 -3.6049 0.7306, 2.6493 -3.6049 0.7306, 2.9492 -3.6049 0.7306, 3.2337 -3.6049 0.7306, 3.5025 -3.6049 0.7306, 3.7556 -3.6049 0.7306, 3.9929 -3.6049 0.7306, 4.2145 -3.6049 0.7306, 4.4208 -3.6049 0.7306, 4.612 -3.6049 0.7306, 4.789 -3.6049 0.7306, 0.5628 -3.6049 0.7306, 0.5628 -3.6146 0.7325, 0.5628 -3.6235 0.7367, 0.5628 -3.6311 0.743, 0.5628 -3.6369 0.751, 0.5628 -3.6405 0.7601, 0.5628 -3.6417 0.7699, -0.0225 -3.6049 3.989, -0.0931 -3.6049 3.9723, -0.0925 -3.6146 3.9706, -0.1407 -3.6049 3.9532, -0.2034 -3.6049 3.9255, -0.2026 -3.6146 3.9239, -0.2475 -3.6049 3.8972, -0.2882 -3.6049 3.8712, -0.287 -3.6146 3.8697, -0.3404 -3.6049 3.8246, -0.3761 -3.6049 3.7912, -0.3747 -3.6146 3.79, -0.4106 -3.6049 3.7471, -0.438 -3.6049 3.7121, -0.4364 -3.6146 3.711, -0.4724 -3.6049 3.6498, -0.4949 -3.6049 3.6064, -0.4932 -3.6146 3.6057, -0.5426 -3.6049 3.2748, -0.5301 -3.6049 3.2034, -0.5407 -3.6146 3.275, -0.5282 -3.6146 3.2039, -0.5365 -3.6235 3.2755, -0.5241 -3.6235 3.2048, -0.5303 -3.6311 3.2762, -0.518 -3.6311 3.2062, -0.5224 -3.6369 3.2772, -0.5102 -3.6369 3.208, -0.5132 -3.6405 3.2783, -0.5013 -3.6405 3.2101, -0.5035 -3.6417 3.2794, -0.4918 -3.6417 3.2123, -0.5445 -3.6049 3.2937, -0.5427 -3.6146 3.2938, -0.5385 -3.6235 3.2942, -0.5322 -3.6311 3.2948, -0.5242 -3.6369 3.2955, -0.5151 -3.6405 3.2963, -0.5054 -3.6417 3.2972, -0.5064 -3.6417 3.3914, -0.5162 -3.6405 3.392, -0.5253 -3.6369 3.3926, -0.5333 -3.6311 3.3931, -0.5396 -3.6235 3.3936, -0.5438 -3.6146 3.3938, -0.5312 -3.6049 3.4938, -0.5414 -3.6049 3.4235, -0.5456 -3.6049 3.394, -0.5446 -3.6049 3.3006, -0.4929 -3.6417 3.4852, -0.489 -3.6417 3.5014, -0.5024 -3.6405 3.4873, -0.4985 -3.6405 3.5038, -0.5113 -3.6369 3.4893, -0.5073 -3.6369 3.506, -0.5191 -3.6311 3.4911, -0.5151 -3.6311 3.508, -0.5253 -3.6235 3.4925, -0.5212 -3.6235 3.5095, -0.5294 -3.6146 3.4934, -0.5253 -3.6146 3.5106, -0.5271 -3.6049 3.511, -0.5168 -3.6049 3.5415, -0.4588 -3.6417 3.591, -0.4678 -3.6405 3.5949, -0.4762 -3.6369 3.5985, -0.4836 -3.6311 3.6016, -0.4893 -3.6235 3.604, -0.4149 -3.6417 3.6753, -0.4232 -3.6405 3.6805, -0.431 -3.6369 3.6853, -0.4378 -3.6311 3.6896, -0.4431 -3.6235 3.6929, -0.4467 -3.6146 3.6951, -0.4483 -3.6049 3.6961, -0.4329 -3.6235 3.7087, -0.4277 -3.6311 3.7052, -0.421 -3.6369 3.7008, -0.4134 -3.6405 3.6957, -0.4053 -3.6417 3.6903, -0.3471 -3.6417 3.7647, -0.3543 -3.6405 3.7713, -0.361 -3.6369 3.7775, -0.3669 -3.6311 3.7829, -0.3716 -3.6235 3.7871, -0.2777 -3.6417 3.8296, -0.2838 -3.6405 3.8372, -0.2896 -3.6369 3.8444, -0.2946 -3.6311 3.8506, -0.2985 -3.6235 3.8555, -0.3011 -3.6146 3.8588, -0.3023 -3.6049 3.8602, -0.2845 -3.6235 3.8664, -0.2807 -3.6311 3.8614, -0.2759 -3.6369 3.855, -0.2704 -3.6405 3.8477, -0.2645 -3.6417 3.8399, -0.1848 -3.6417 3.8909, -0.1895 -3.6405 3.8995, -0.1938 -3.6369 3.9076, -0.1976 -3.6311 3.9146, -0.2006 -3.6235 3.9202, -0.1109 -3.6049 3.9664, -0.1102 -3.6146 3.9646, -0.1089 -3.6235 3.9607, -0.1068 -3.6311 3.9547, -0.1041 -3.6369 3.9472, -0.1011 -3.6405 3.9385, -0.0978 -3.6417 3.9293, -0.0912 -3.6235 3.9666, -0.0893 -3.6311 3.9606, -0.0869 -3.6369 3.953, -0.0841 -3.6405 3.9442, -0.0811 -3.6417 3.9349, 0.0044 -3.6049 3.9954, 0.0047 -3.6146 3.9935, 0.0054 -3.6235 3.9894, 0.0063 -3.6311 3.9832, 0.0076 -3.6369 3.9753, 0.009 -3.6405 3.9662, 0.0105 -3.6417 3.9565, -0.0692 -3.6049 1.2253, -0.0419 -3.6049 1.1386, -0.0401 -3.6146 1.1393, -0.0285 -3.6049 1.1116, 0.0027 -3.6049 1.0489, 0.0043 -3.6146 1.0498, 0.0318 -3.6049 1.0073, 0.0731 -3.6049 0.9521, 0.0745 -3.6146 0.9534, 0.1081 -3.6049 0.9181, 0.145 -3.6049 0.882, 0.1462 -3.6146 0.8835, 0.1988 -3.6049 0.8441, 0.2433 -3.6049 0.8143, 0.2442 -3.6146 0.8159, 0.295 -3.6049 0.7903, 0.3346 -3.6049 0.7719, 0.3353 -3.6146 0.7736, 0.4093 -3.6049 0.7509, 0.4496 -3.6049 0.7405, 0.45 -3.6146 0.7423, 0.5494 -3.6049 0.7308, 0.5494 -3.6146 0.7326, 0.5495 -3.6235 0.7368, 0.5496 -3.6311 0.7431, 0.5498 -3.6369 0.7511, 0.55 -3.6405 0.7603, 0.5502 -3.6417 0.7701, 0.4564 -3.6417 0.7792, 0.4548 -3.6405 0.7695, 0.4532 -3.6369 0.7605, 0.4518 -3.6311 0.7526, 0.4507 -3.6235 0.7464, 0.5346 -3.6049 0.7322, 0.3647 -3.6417 0.8029, 0.3615 -3.6405 0.7936, 0.3585 -3.6369 0.7849, 0.3559 -3.6311 0.7774, 0.3539 -3.6235 0.7714, 0.3525 -3.6146 0.7675, 0.3519 -3.6049 0.7657, 0.3367 -3.6235 0.7776, 0.3389 -3.6311 0.7835, 0.3417 -3.6369 0.791, 0.3449 -3.6405 0.7995, 0.3484 -3.6417 0.8087, 0.2625 -3.6417 0.8485, 0.2577 -3.6405 0.84, 0.2533 -3.6369 0.832, 0.2493 -3.6311 0.8251, 0.2463 -3.6235 0.8196, 0.1593 -3.6049 0.8705, 0.1604 -3.6146 0.8719, 0.1631 -3.6235 0.8752, 0.1669 -3.6311 0.8802, 0.1719 -3.6369 0.8864, 0.1776 -3.6405 0.8936, 0.1836 -3.6417 0.9013, 0.1489 -3.6235 0.8867, 0.1529 -3.6311 0.8915, 0.1581 -3.6369 0.8977, 0.1639 -3.6405 0.9047, 0.1702 -3.6417 0.9122, 0.0777 -3.6235 0.9561, 0.0824 -3.6311 0.9603, 0.0884 -3.6369 0.9656, 0.0953 -3.6405 0.9716, 0.1026 -3.6417 0.9781, 0.0125 -3.6049 1.033, 0.0141 -3.6146 1.034, 0.0176 -3.6235 1.0362, 0.0229 -3.6311 1.0396, 0.0297 -3.6369 1.0439, 0.0374 -3.6405 1.0488, 0.0457 -3.6417 1.054, 0.0079 -3.6235 1.052, 0.0133 -3.6311 1.0552, 0.0202 -3.6369 1.0593, 0.028 -3.6405 1.064, 0.0364 -3.6417 1.069, -0.0362 -3.6235 1.1409, -0.0304 -3.6311 1.1432, -0.023 -3.6369 1.1462, -0.0145 -3.6405 1.1496, -0.0054 -3.6417 1.1533, -0.0723 -3.6049 1.2349, -0.0705 -3.6146 1.2354, -0.0664 -3.6235 1.2363, -0.0602 -3.6311 1.2377, -0.0525 -3.6369 1.2395, -0.0435 -3.6405 1.2416, -0.034 -3.6417 1.2438, -0.3492 -3.6049 2.4257, -0.2476 -3.6049 1.9891, -0.2458 -3.6146 1.9895, -0.2417 -3.6235 1.9904, -0.2356 -3.6311 1.9919, -0.2278 -3.6369 1.9937, -0.2189 -3.6405 1.9958, -0.2094 -3.6417 1.998, -0.1873 -3.6049 1.7296, -0.1457 -3.6049 1.5508, -0.1067 -3.6049 1.3831, -0.515 -3.6049 3.1387, -0.7283 1.0039 1.1267, -0.7283 1.0039 1.2448, -0.7283 -0.0984 1.1267, -0.7283 0.1772 1.2448, -0.7283 0.1364 1.2502, -0.7283 0.0984 1.2659, -0.7283 0.0658 1.2909, -0.7283 0.0408 1.3236, -0.7283 0.0197 3.4692, -0.7283 -0.0984 3.4692, -0.7283 0.0197 1.4023, -0.7283 0.0251 1.3615, -1.4961 1.0039 1.1267, -3.2677 -0.0984 1.1267, -3.2677 1.0039 1.1267, -2.8346 1.0039 1.1267, -1.9685 1.0039 1.1267, -1.9685 2.2323 1.1267, -1.4961 2.2323 1.1267, -2.3622 1.0039 1.1267, -2.3622 2.2323 1.1267, -2.8346 2.2323 1.1267, -3.2677 -0.0984 3.4692, -3.2677 0.0197 3.4692, -3.2677 0.0197 1.4023, -3.2677 0.0251 1.3615, -3.2677 0.0408 1.3236, -3.2677 0.0658 1.2909, -3.2677 0.0984 1.2659, -3.2677 1.0039 1.2448, -3.2677 0.1772 1.2448, -3.2677 0.1364 1.2502, 8.3465 1.0039 1.1267, 8.7795 1.0039 1.1267, 8.7795 -0.0984 1.1267, 6.2402 -0.0984 1.1267, 6.2402 1.0039 1.1267, 7.0079 1.0039 1.1267, 7.874 1.0039 1.1267, 7.874 2.2323 1.1267, 8.3465 2.2323 1.1267, 7.4803 1.0039 1.1267, 7.4803 2.2323 1.1267, 7.0079 2.2323 1.1267, 6.2402 -0.0984 3.4692, 6.2402 0.0197 3.4692, 6.2402 0.0197 1.4023, 6.2402 0.0251 1.3615, 6.2402 0.0408 1.3236, 6.2402 0.0658 1.2909, 6.2402 0.0984 1.2659, 6.2402 1.0039 1.2448, 6.2402 0.1772 1.2448, 6.2402 0.1364 1.2502, 8.7795 0.0197 3.4692, 8.7795 -0.0984 3.4692, 8.7795 1.0039 1.2448, 8.7795 0.1772 1.2448, 8.7795 0.1364 1.2502, 8.7795 0.0984 1.2659, 8.7795 0.0658 1.2909, 8.7795 0.0408 1.3236, 8.7795 0.0197 1.4023, 8.7795 0.0251 1.3615, -2.8346 1.0039 1.2448, -1.4961 1.0039 1.2448, -2.3622 1.0039 1.2448, -2.3622 2.2323 1.2448, -2.8346 2.2323 1.2448, -1.9685 1.0039 1.2448, -1.9685 2.2323 1.2448, -1.4961 2.2323 1.2448, 7.0079 1.0039 1.2448, 8.3465 1.0039 1.2448, 7.4803 1.0039 1.2448, 7.4803 2.2323 1.2448, 7.0079 2.2323 1.2448, 7.874 1.0039 1.2448, 7.874 2.2323 1.2448, 8.3465 2.2323 1.2448, -1.9685 2.685 -1.378, -1.9685 2.5669 -1.378, -1.9685 2.685 0.7921, -1.9685 2.5669 0.7921, -1.8504 2.685 -1.378, -1.4961 2.685 -0.9055, -1.4961 2.685 0.7921, -1.4961 2.5669 0.7921, -1.4961 2.5669 -0.9055, -1.8504 2.5669 -1.378, -1.9685 2.3067 1.1183, -1.9685 2.333 1.2335, -1.9685 2.3775 1.0936, -1.9685 2.4287 1.2, -1.9685 2.4409 1.0537, -1.9685 2.5146 1.146, -1.9685 2.4939 1.0007, -1.9685 2.5863 1.0744, -1.9685 2.5338 0.9373, -1.9685 2.6402 0.9885, -1.9685 2.5585 0.8665, -1.9685 2.6737 0.8928, -1.4961 2.6737 0.8928, -1.4961 2.6402 0.9885, -1.4961 2.5863 1.0744, -1.4961 2.5146 1.146, -1.4961 2.4287 1.2, -1.4961 2.333 1.2335, -1.4961 2.5585 0.8665, -1.4961 2.5338 0.9373, -1.4961 2.4939 1.0007, -1.4961 2.4409 1.0537, -1.4961 2.3775 1.0936, -1.4961 2.3067 1.1183, -2.3622 2.685 -1.378, -2.4803 2.685 -1.378, -2.3622 2.685 0.7921, -2.8346 2.685 -0.9055, -2.8346 2.685 0.7921, -2.3622 2.5669 -1.378, -2.3622 2.5669 0.7921, -2.4803 2.5669 -1.378, -2.8346 2.5669 -0.9055, -2.8346 2.5669 0.7921, -2.8346 2.6737 0.8928, -2.3622 2.6737 0.8928, -2.8346 2.6402 0.9885, -2.3622 2.6402 0.9885, -2.8346 2.5863 1.0744, -2.3622 2.5863 1.0744, -2.8346 2.5146 1.146, -2.3622 2.5146 1.146, -2.8346 2.4287 1.2, -2.3622 2.4287 1.2, -2.8346 2.333 1.2335, -2.3622 2.333 1.2335, -2.3622 2.5585 0.8665, -2.3622 2.5338 0.9373, -2.3622 2.4939 1.0007, -2.3622 2.4409 1.0537, -2.3622 2.3775 1.0936, -2.3622 2.3067 1.1183, -2.8346 2.3067 1.1183, -2.8346 2.3775 1.0936, -2.8346 2.4409 1.0537, -2.8346 2.4939 1.0007, -2.8346 2.5338 0.9373, -2.8346 2.5585 0.8665, 7.0079 2.5669 0.7921, 7.0079 2.685 0.7921, 7.0079 2.5669 -0.9055, 7.0079 2.685 -0.9055, 7.4803 2.685 -1.378, 7.3622 2.685 -1.378, 7.4803 2.685 0.7921, 7.4803 2.5669 -1.378, 7.4803 2.5669 0.7921, 7.3622 2.5669 -1.378, 7.0079 2.3067 1.1183, 7.0079 2.333 1.2335, 7.0079 2.3775 1.0936, 7.0079 2.4287 1.2, 7.0079 2.4409 1.0537, 7.0079 2.5146 1.146, 7.0079 2.4939 1.0007, 7.0079 2.5863 1.0744, 7.0079 2.5338 0.9373, 7.0079 2.6402 0.9885, 7.0079 2.5585 0.8665, 7.0079 2.6737 0.8928, 7.4803 2.6737 0.8928, 7.4803 2.6402 0.9885, 7.4803 2.5863 1.0744, 7.4803 2.5146 1.146, 7.4803 2.4287 1.2, 7.4803 2.333 1.2335, 7.4803 2.5585 0.8665, 7.4803 2.5338 0.9373, 7.4803 2.4939 1.0007, 7.4803 2.4409 1.0537, 7.4803 2.3775 1.0936, 7.4803 2.3067 1.1183, 8.3465 2.685 0.7921, 8.3465 2.5669 0.7921, 8.3465 2.685 -0.9055, 8.3465 2.5669 -0.9055, 7.874 2.5669 -1.378, 7.9921 2.5669 -1.378, 7.874 2.5669 0.7921, 7.874 2.685 -1.378, 7.874 2.685 0.7921, 7.9921 2.685 -1.378, 8.3465 2.5585 0.8665, 8.3465 2.6737 0.8928, 8.3465 2.5338 0.9373, 8.3465 2.6402 0.9885, 8.3465 2.4939 1.0007, 8.3465 2.5863 1.0744, 8.3465 2.4409 1.0537, 8.3465 2.5146 1.146, 8.3465 2.3775 1.0936, 8.3465 2.4287 1.2, 8.3465 2.3067 1.1183, 8.3465 2.333 1.2335, 7.874 2.3067 1.1183, 7.874 2.3775 1.0936, 7.874 2.4409 1.0537, 7.874 2.4939 1.0007, 7.874 2.5338 0.9373, 7.874 2.5585 0.8665, 7.874 2.333 1.2335, 7.874 2.4287 1.2, 7.874 2.5146 1.146, 7.874 2.5863 1.0744, 7.874 2.6402 0.9885, 7.874 2.6737 0.8928, -2.1653 -1.0827 3.1543, -1.9616 -1.2205 3.1274, -1.9616 -1.0827 3.1274, -1.7716 -1.2205 3.0488, -1.7716 -1.0827 3.0488, -1.6086 -1.2205 2.9236, -1.6086 -1.0827 2.9236, -1.4834 -1.2205 2.7606, -1.4834 -1.0827 2.7606, -1.4048 -1.2205 2.5707, -1.4048 -1.0827 2.5707, -1.3779 -1.2205 2.3669, -1.3779 -1.0827 2.3669, -1.4048 -1.2205 2.1631, -1.4048 -1.0827 2.1631, -1.4834 -1.2205 1.9732, -1.4834 -1.0827 1.9732, -1.6086 -1.2205 1.8101, -1.6086 -1.0827 1.8101, -1.7716 -1.2205 1.685, -1.7716 -1.0827 1.685, -1.9616 -1.2205 1.6063, -1.9616 -1.0827 1.6063, -2.1653 -1.2205 1.5795, -2.1653 -1.0827 1.5795, -2.3691 -1.2205 1.6063, -2.3691 -1.0827 1.6063, -2.5591 -1.2205 1.685, -2.5591 -1.0827 1.685, -2.7221 -1.2205 1.8101, -2.7221 -1.0827 1.8101, -2.8473 -1.2205 1.9732, -2.8473 -1.0827 1.9732, -2.9259 -1.2205 2.1631, -2.9259 -1.0827 2.1631, -2.9528 -1.2205 2.3669, -2.9528 -1.0827 2.3669, -2.9259 -1.2205 2.5707, -2.9259 -1.0827 2.5707, -2.8473 -1.2205 2.7606, -2.8473 -1.0827 2.7606, -2.7221 -1.2205 2.9236, -2.7221 -1.0827 2.9236, -2.5591 -1.2205 3.0488, -2.5591 -1.0827 3.0488, -2.3691 -1.2205 3.1274, -2.3691 -1.0827 3.1274, -2.1653 -1.2205 3.1543, 7.6772 -1.0827 3.1543, 7.881 -1.2205 3.1274, 7.881 -1.0827 3.1274, 8.0709 -1.2205 3.0488, 8.0709 -1.0827 3.0488, 8.2339 -1.2205 2.9236, 8.2339 -1.0827 2.9236, 8.3591 -1.2205 2.7606, 8.3591 -1.0827 2.7606, 8.4377 -1.2205 2.5707, 8.4377 -1.0827 2.5707, 8.4646 -1.2205 2.3669, 8.4646 -1.0827 2.3669, 8.4377 -1.2205 2.1631, 8.4377 -1.0827 2.1631, 8.3591 -1.2205 1.9732, 8.3591 -1.0827 1.9732, 8.2339 -1.2205 1.8101, 8.2339 -1.0827 1.8101, 8.0709 -1.2205 1.685, 8.0709 -1.0827 1.685, 7.881 -1.2205 1.6063, 7.881 -1.0827 1.6063, 7.6772 -1.2205 1.5795, 7.6772 -1.0827 1.5795, 7.4734 -1.2205 1.6063, 7.4734 -1.0827 1.6063, 7.2835 -1.2205 1.685, 7.2835 -1.0827 1.685, 7.1204 -1.2205 1.8101, 7.1204 -1.0827 1.8101, 6.9953 -1.2205 1.9732, 6.9953 -1.0827 1.9732, 6.9166 -1.2205 2.1631, 6.9166 -1.0827 2.1631, 6.8898 -1.2205 2.3669, 6.8898 -1.0827 2.3669, 6.9166 -1.2205 2.5707, 6.9166 -1.0827 2.5707, 6.9953 -1.2205 2.7606, 6.9953 -1.0827 2.7606, 7.1204 -1.2205 2.9236, 7.1204 -1.0827 2.9236, 7.2835 -1.2205 3.0488, 7.2835 -1.0827 3.0488, 7.4734 -1.2205 3.1274, 7.4734 -1.0827 3.1274, 7.6772 -1.2205 3.1543, -2.6612 -1.2205 3.3045, -2.6612 -2.9543 3.3045, -2.4166 -3.0173 3.3045, -1.6695 -1.2205 3.3045, -2.2915 -3.0346 3.3045, -2.1653 -3.0405 3.3045, -2.0393 -3.0346 3.3045, -1.9141 -3.0173 3.3045, -1.6695 -2.9543 3.3045, -3.2253 -2.9543 2.4062, -3.103 -3.0173 2.6181, -3.2253 -1.2205 2.4062, -3.0406 -3.0345 2.7261, -2.9774 -3.0405 2.8357, -2.7294 -2.9543 3.2651, -2.7294 -1.2205 3.2651, -2.8517 -3.0173 3.0533, -2.9141 -3.0345 2.9453, -2.7294 -2.9543 1.4686, -2.8517 -3.0173 1.6805, -2.7294 -1.2205 1.4686, -2.9141 -3.0345 1.7884, -2.9774 -3.0405 1.8981, -3.2253 -2.9543 2.3275, -3.2253 -1.2205 2.3275, -3.103 -3.0173 2.1156, -3.0406 -3.0345 2.0077, -1.6695 -2.9543 1.4292, -1.9141 -3.0173 1.4292, -1.6695 -1.2205 1.4292, -2.0393 -3.0346 1.4292, -2.1653 -3.0405 1.4292, -2.6612 -2.9543 1.4292, -2.6612 -1.2205 1.4292, -2.4166 -3.0173 1.4292, -2.2915 -3.0346 1.4292, -1.1054 -2.9543 2.3275, -1.2277 -3.0173 2.1156, -1.1054 -1.2205 2.3275, -1.2901 -3.0345 2.0077, -1.3533 -3.0405 1.8981, -1.6013 -2.9543 1.4686, -1.6013 -1.2205 1.4686, -1.479 -3.0173 1.6805, -1.4166 -3.0345 1.7884, -1.6013 -2.9543 3.2651, -1.479 -3.0173 3.0533, -1.6013 -1.2205 3.2651, -1.4166 -3.0345 2.9453, -1.3533 -3.0405 2.8357, -1.1054 -2.9543 2.4062, -1.1054 -1.2205 2.4062, -1.2277 -3.0173 2.6181, -1.2901 -3.0345 2.7261, -3.2332 -1.2205 2.3872, -1.6138 -1.2205 1.4523, -1.0975 -1.2205 2.3872, -1.611 -1.2205 3.2784, -1.6232 -1.2205 3.2895, -1.6531 -1.2205 3.3028, -1.6374 -1.2205 3.2977, -2.6776 -1.2205 3.3028, -2.6933 -1.2205 3.2977, -2.7075 -1.2205 3.2895, -2.7197 -1.2205 3.2784, -1.6491 -1.2205 1.4319, -1.6301 -1.2205 1.4398, -2.6816 -1.2205 1.4319, -1.0975 -1.2205 2.3465, -1.0949 -1.2205 2.3669, -3.2332 -1.2205 2.3465, -3.2358 -1.2205 2.3669, -2.7169 -1.2205 1.4523, -2.7006 -1.2205 1.4398, 7.1649 -1.2205 3.3028, 7.1813 -1.2205 3.3045, 8.173 -1.2205 3.3045, 7.1131 -1.2205 3.2651, 7.1228 -1.2205 3.2784, 7.135 -1.2205 3.2895, 7.1493 -1.2205 3.2977, 6.6172 -1.2205 2.4062, 6.6105 -1.2205 2.3912, 6.6071 -1.2205 2.3751, 8.2412 -1.2205 1.4686, 8.2287 -1.2205 1.4523, 7.1813 -1.2205 1.4292, 8.173 -1.2205 1.4292, 8.1934 -1.2205 1.4319, 8.2124 -1.2205 1.4398, 8.7371 -1.2205 2.4062, 8.745 -1.2205 2.3872, 8.2412 -1.2205 3.2651, 8.2316 -1.2205 3.2784, 8.2193 -1.2205 3.2895, 8.2051 -1.2205 3.2977, 7.1609 -1.2205 1.4319, 8.7371 -1.2205 2.3275, 8.745 -1.2205 2.3465, 8.7477 -1.2205 2.3669, 8.1894 -1.2205 3.3028, 6.6172 -1.2205 2.3275, 6.6105 -1.2205 2.3425, 6.6071 -1.2205 2.3586, 7.1131 -1.2205 1.4686, 7.1256 -1.2205 1.4523, 7.1419 -1.2205 1.4398, -1.6374 -2.9477 3.2977, -1.6531 -2.95 3.3028, -1.7323 -3.0906 3.117, -1.9412 -3.0906 3.2035, -1.5529 -3.0906 2.9793, -1.611 -2.95 3.2784, -1.6232 -2.9477 3.2895, -1.6303 -2.9477 3.2936, -1.3287 -3.0906 2.591, -1.4152 -3.0906 2.7999, -1.0955 -2.9479 2.3772, -1.0975 -2.9492 2.3872, -1.2992 -3.0906 2.3669, -1.1009 -2.9514 2.3971, -1.3287 -3.0906 2.1427, -1.1009 -2.9514 2.3367, -1.0975 -2.9492 2.3465, -1.0955 -2.9479 2.3566, -1.0949 -2.9475 2.3669, -1.5529 -3.0906 1.7544, -1.4152 -3.0906 1.9338, -1.6215 -2.9479 1.4456, -1.6138 -2.9492 1.4523, -1.7323 -3.0906 1.6168, -1.6069 -2.9514 1.4601, -1.9412 -3.0906 1.5302, -1.6593 -2.9514 1.4299, -1.6491 -2.9492 1.4319, -1.6393 -2.9479 1.4352, -1.6301 -2.9475 1.4398, -2.3895 -3.0906 1.5302, -2.1653 -3.0906 1.5007, -2.6913 -2.9479 1.4352, -2.6816 -2.9492 1.4319, -2.5984 -3.0906 1.6168, -2.6714 -2.9514 1.4299, -2.7778 -3.0906 1.7544, -2.7237 -2.9514 1.4601, -2.7169 -2.9492 1.4523, -2.7092 -2.9479 1.4455, -2.7006 -2.9475 1.4398, -3.002 -3.0906 2.1427, -2.9155 -3.0906 1.9338, -3.2352 -2.9479 2.3565, -3.2332 -2.9492 2.3465, -3.0315 -3.0906 2.3669, -3.2298 -2.9514 2.3367, -3.002 -3.0906 2.591, -3.2298 -2.9514 2.3971, -3.2332 -2.9492 2.3872, -3.2352 -2.9479 2.3771, -3.2358 -2.9475 2.3669, -2.7778 -3.0906 2.9793, -2.9155 -3.0906 2.7999, -2.7075 -2.9477 3.2895, -2.7197 -2.95 3.2784, -2.5984 -3.0906 3.117, -2.3895 -3.0906 3.2035, -2.6776 -2.95 3.3028, -2.6933 -2.9477 3.2977, -2.7004 -2.9477 3.2936, -2.1653 -3.0906 3.233, -2.4803 -3.0906 2.9124, -2.6108 -3.0906 2.8123, -2.7109 -3.0906 2.6818, -2.7738 -3.0906 2.5299, -2.7953 -3.0906 2.3669, -2.7738 -3.0906 2.2038, -2.7109 -3.0906 2.0519, -2.6108 -3.0906 1.9214, -2.4803 -3.0906 1.8213, -2.3284 -3.0906 1.7584, -2.1653 -3.0906 1.7369, -2.0023 -3.0906 1.7584, -1.8504 -3.0906 1.8213, -1.7199 -3.0906 1.9214, -1.6198 -3.0906 2.0519, -1.5569 -3.0906 2.2038, -1.5354 -3.0906 2.3669, -1.5569 -3.0906 2.5299, -1.6198 -3.0906 2.6818, -1.7199 -3.0906 2.8123, -1.8504 -3.0906 2.9124, -2.0023 -3.0906 2.9753, -2.1653 -3.0906 2.9968, -2.3284 -3.0906 2.9753, 8.2051 -2.9477 3.2977, 8.1894 -2.95 3.3028, 8.1102 -3.0906 3.117, 8.173 -2.9543 3.3045, 7.9013 -3.0906 3.2035, 8.2896 -3.0906 2.9793, 8.3636 -3.0173 3.0533, 8.2412 -2.9543 3.2651, 8.2316 -2.95 3.2784, 8.2193 -2.9477 3.2895, 8.2122 -2.9477 3.2936, 8.5138 -3.0906 2.591, 8.5525 -3.0345 2.7261, 8.4273 -3.0906 2.7999, 8.4892 -3.0405 2.8357, 8.4259 -3.0345 2.9453, 8.747 -2.9479 2.3772, 8.745 -2.9492 2.3872, 8.5433 -3.0906 2.3669, 8.7416 -2.9514 2.3971, 8.7371 -2.9543 2.4062, 8.6148 -3.0173 2.6181, 8.5138 -3.0906 2.1427, 8.6148 -3.0173 2.1156, 8.7371 -2.9543 2.3275, 8.7416 -2.9514 2.3367, 8.745 -2.9492 2.3465, 8.747 -2.9479 2.3566, 8.7477 -2.9475 2.3669, 8.2896 -3.0906 1.7544, 8.4259 -3.0345 1.7884, 8.4273 -3.0906 1.9338, 8.4892 -3.0405 1.8981, 8.5525 -3.0345 2.0077, 8.221 -2.9479 1.4456, 8.2287 -2.9492 1.4523, 8.1102 -3.0906 1.6168, 8.2356 -2.9514 1.4601, 8.2412 -2.9543 1.4686, 8.3636 -3.0173 1.6805, 7.9013 -3.0906 1.5302, 7.9284 -3.0173 1.4292, 8.173 -2.9543 1.4292, 8.1832 -2.9514 1.4299, 8.1934 -2.9492 1.4319, 8.2032 -2.9479 1.4352, 8.2124 -2.9475 1.4398, 7.453 -3.0906 1.5302, 7.551 -3.0346 1.4292, 7.6772 -3.0906 1.5007, 7.6772 -3.0405 1.4292, 7.8032 -3.0346 1.4292, 7.1512 -2.9479 1.4352, 7.1609 -2.9492 1.4319, 7.2441 -3.0906 1.6168, 7.1711 -2.9514 1.4299, 7.1813 -2.9543 1.4292, 7.4259 -3.0173 1.4292, 7.0647 -3.0906 1.7544, 6.9908 -3.0173 1.6805, 7.1131 -2.9543 1.4686, 7.1188 -2.9514 1.4601, 7.1256 -2.9492 1.4523, 7.1334 -2.9479 1.4455, 7.1419 -2.9475 1.4398, 6.8405 -3.0906 2.1427, 6.8019 -3.0345 2.0077, 6.9271 -3.0906 1.9338, 6.8652 -3.0405 1.8981, 6.9284 -3.0345 1.7884, 6.6071 -2.9477 2.3586, 6.6105 -2.95 2.3425, 6.811 -3.0906 2.3669, 6.6172 -2.9543 2.3275, 6.7395 -3.0173 2.1156, 6.8405 -3.0906 2.591, 6.7395 -3.0173 2.6181, 6.6172 -2.9543 2.4062, 6.6105 -2.95 2.3912, 6.6071 -2.9477 2.3751, 6.6071 -2.9477 2.3669, 7.0647 -3.0906 2.9793, 6.9284 -3.0345 2.9453, 6.9271 -3.0906 2.7999, 6.8652 -3.0405 2.8357, 6.8019 -3.0345 2.7261, 7.135 -2.9477 3.2895, 7.1228 -2.95 3.2784, 7.2441 -3.0906 3.117, 7.1131 -2.9543 3.2651, 6.9908 -3.0173 3.0533, 7.453 -3.0906 3.2035, 7.4259 -3.0173 3.3045, 7.1813 -2.9543 3.3045, 7.1649 -2.95 3.3028, 7.1493 -2.9477 3.2977, 7.1421 -2.9477 3.2936, 7.9284 -3.0173 3.3045, 7.8032 -3.0346 3.3045, 7.6772 -3.0906 3.233, 7.6772 -3.0405 3.3045, 7.551 -3.0346 3.3045, 7.3622 -3.0906 2.9124, 7.2317 -3.0906 2.8123, 7.1316 -3.0906 2.6818, 7.0687 -3.0906 2.5299, 7.0472 -3.0906 2.3669, 7.0687 -3.0906 2.2038, 7.1316 -3.0906 2.0519, 7.2317 -3.0906 1.9214, 7.3622 -3.0906 1.8213, 7.5141 -3.0906 1.7584, 7.6772 -3.0906 1.7369, 7.8402 -3.0906 1.7584, 7.9921 -3.0906 1.8213, 8.1226 -3.0906 1.9214, 8.2227 -3.0906 2.0519, 8.2856 -3.0906 2.2038, 8.3071 -3.0906 2.3669, 8.2856 -3.0906 2.5299, 8.2227 -3.0906 2.6818, 8.1226 -3.0906 2.8123, 7.9921 -3.0906 2.9124, 7.8402 -3.0906 2.9753, 7.6772 -3.0906 2.9968, 7.5141 -3.0906 2.9753, -2.1653 -1.3976 1.8551, -2.1653 -2.9724 1.8551, -2.0329 -1.3976 1.8725, -2.0329 -2.9724 1.8725, -1.9094 -1.3976 1.9236, -1.9094 -2.9724 1.9236, -1.8034 -1.3976 2.005, -1.8034 -2.9724 2.005, -1.7221 -1.3976 2.111, -1.7221 -2.9724 2.111, -1.671 -1.3976 2.2344, -1.671 -2.9724 2.2344, -1.6535 -1.3976 2.3669, -1.6535 -2.9724 2.3669, -1.671 -1.3976 2.4993, -1.671 -2.9724 2.4993, -1.7221 -1.3976 2.6228, -1.7221 -2.9724 2.6228, -1.8034 -1.3976 2.7288, -1.8034 -2.9724 2.7288, -1.9094 -1.3976 2.8101, -1.9094 -2.9724 2.8101, -2.0329 -1.3976 2.8612, -2.0329 -2.9724 2.8612, -2.1653 -1.3976 2.8787, -2.1653 -2.9724 2.8787, -2.2978 -1.3976 2.8612, -2.2978 -2.9724 2.8612, -2.4213 -1.3976 2.8101, -2.4213 -2.9724 2.8101, -2.5273 -1.3976 2.7288, -2.5273 -2.9724 2.7288, -2.6086 -1.3976 2.6228, -2.6086 -2.9724 2.6228, -2.6597 -1.3976 2.4993, -2.6597 -2.9724 2.4993, -2.6772 -1.3976 2.3669, -2.6772 -2.9724 2.3669, -2.6597 -1.3976 2.2344, -2.6597 -2.9724 2.2344, -2.6086 -1.3976 2.111, -2.6086 -2.9724 2.111, -2.5273 -1.3976 2.005, -2.5273 -2.9724 2.005, -2.4213 -1.3976 1.9236, -2.4213 -2.9724 1.9236, -2.2978 -1.3976 1.8725, -2.2978 -2.9724 1.8725, -2.1653 -1.3976 2.3669, 7.6772 -1.3976 1.8551, 7.6772 -2.9724 1.8551, 7.8096 -1.3976 1.8725, 7.8096 -2.9724 1.8725, 7.9331 -1.3976 1.9236, 7.9331 -2.9724 1.9236, 8.0391 -1.3976 2.005, 8.0391 -2.9724 2.005, 8.1204 -1.3976 2.111, 8.1204 -2.9724 2.111, 8.1715 -1.3976 2.2344, 8.1715 -2.9724 2.2344, 8.189 -1.3976 2.3669, 8.189 -2.9724 2.3669, 8.1715 -1.3976 2.4993, 8.1715 -2.9724 2.4993, 8.1204 -1.3976 2.6228, 8.1204 -2.9724 2.6228, 8.0391 -1.3976 2.7288, 8.0391 -2.9724 2.7288, 7.9331 -1.3976 2.8101, 7.9331 -2.9724 2.8101, 7.8096 -1.3976 2.8612, 7.8096 -2.9724 2.8612, 7.6772 -1.3976 2.8787, 7.6772 -2.9724 2.8787, 7.5447 -1.3976 2.8612, 7.5447 -2.9724 2.8612, 7.4213 -1.3976 2.8101, 7.4213 -2.9724 2.8101, 7.3153 -1.3976 2.7288, 7.3153 -2.9724 2.7288, 7.2339 -1.3976 2.6228, 7.2339 -2.9724 2.6228, 7.1828 -1.3976 2.4993, 7.1828 -2.9724 2.4993, 7.1654 -1.3976 2.3669, 7.1654 -2.9724 2.3669, 7.1828 -1.3976 2.2344, 7.1828 -2.9724 2.2344, 7.2339 -1.3976 2.111, 7.2339 -2.9724 2.111, 7.3153 -1.3976 2.005, 7.3153 -2.9724 2.005, 7.4213 -1.3976 1.9236, 7.4213 -2.9724 1.9236, 7.5447 -1.3976 1.8725, 7.5447 -2.9724 1.8725, 7.6772 -1.3976 2.3669
            ]
        }
        coordIndex [
            0,1,2,-1,3,4,5,-1,6,7,8,-1,9,10,11,-1,12,13,14,-1,14,13,15,-1,16,17,18,-1,19,20,9,-1,21,16,22,-1,22,16,18,-1,22,18,23,-1,11,21,24,-1,24,21,22,-1,24,22,25,-1,25,22,23,-1,25,23,26,-1,20,19,27,-1,27,19,28,-1,27,28,29,-1,29,28,30,-1,29,30,31,-1,9,11,19,-1,19,11,24,-1,19,24,28,-1,28,24,25,-1,28,25,30,-1,30,25,26,-1,30,26,32,-1,32,33,30,-1,30,33,34,-1,30,34,31,-1,7,33,8,-1,8,33,32,-1,8,32,35,-1,35,32,26,-1,35,26,36,-1,36,26,23,-1,36,23,37,-1,37,23,18,-1,37,18,12,-1,12,18,17,-1,12,17,13,-1,4,6,5,-1,5,6,8,-1,5,8,38,-1,38,8,35,-1,38,35,39,-1,39,35,36,-1,39,36,40,-1,40,36,37,-1,40,37,41,-1,41,37,12,-1,41,12,42,-1,42,12,14,-1,43,3,44,-1,44,3,5,-1,44,5,45,-1,45,5,38,-1,45,38,46,-1,46,38,39,-1,46,39,47,-1,47,39,40,-1,47,40,48,-1,48,40,41,-1,48,41,49,-1,49,41,42,-1,49,50,48,-1,48,50,51,-1,48,51,47,-1,47,51,52,-1,47,52,46,-1,46,52,53,-1,46,53,45,-1,45,53,54,-1,45,54,44,-1,44,54,55,-1,44,55,43,-1,56,57,55,-1,55,57,58,-1,55,58,43,-1,59,60,61,-1,61,60,62,-1,61,62,63,-1,63,62,64,-1,63,64,65,-1,65,64,66,-1,65,66,67,-1,67,66,68,-1,67,68,69,-1,69,68,70,-1,50,59,51,-1,51,59,61,-1,51,61,52,-1,52,61,63,-1,52,63,53,-1,53,63,65,-1,53,65,54,-1,54,65,67,-1,54,67,55,-1,55,67,69,-1,55,69,56,-1,56,69,70,-1,56,70,71,-1,71,70,72,-1,73,74,75,-1,75,74,76,-1,75,76,77,-1,78,73,79,-1,79,73,75,-1,79,75,80,-1,80,75,77,-1,80,77,81,-1,82,78,83,-1,83,78,79,-1,83,79,84,-1,84,79,80,-1,84,80,85,-1,85,80,81,-1,85,81,86,-1,87,82,88,-1,88,82,83,-1,88,83,89,-1,89,83,84,-1,89,84,90,-1,90,84,85,-1,90,85,91,-1,91,85,86,-1,91,86,2,-1,1,72,2,-1,2,72,70,-1,2,70,91,-1,91,70,68,-1,91,68,90,-1,90,68,66,-1,90,66,89,-1,89,66,64,-1,89,64,88,-1,88,64,62,-1,88,62,87,-1,87,62,60,-1,92,0,93,-1,93,0,2,-1,93,2,94,-1,94,2,86,-1,94,86,95,-1,95,86,81,-1,95,81,96,-1,96,81,77,-1,96,77,97,-1,97,77,76,-1,97,76,98,-1,98,76,74,-1,99,92,93,-1,100,101,102,-1,102,101,103,-1,103,104,102,-1,102,104,105,-1,102,105,106,-1,99,93,107,-1,106,107,102,-1,102,107,93,-1,102,93,108,-1,108,93,94,-1,108,94,109,-1,109,94,95,-1,109,95,110,-1,110,95,96,-1,110,96,111,-1,111,96,97,-1,111,97,112,-1,112,97,98,-1,113,102,114,-1,114,102,108,-1,114,108,115,-1,115,108,109,-1,115,109,116,-1,116,109,110,-1,116,110,117,-1,117,110,111,-1,117,111,118,-1,118,111,112,-1,113,119,120,-1,120,121,113,-1,113,121,122,-1,113,122,102,-1,102,122,123,-1,102,123,100,-1,124,125,126,-1,127,128,129,-1,127,129,130,-1,125,130,126,-1,126,130,129,-1,126,129,131,-1,131,129,132,-1,131,132,133,-1,133,132,134,-1,133,134,135,-1,135,134,136,-1,135,136,137,-1,137,136,138,-1,137,138,139,-1,139,138,140,-1,141,11,142,-1,142,11,10,-1,139,15,137,-1,137,15,13,-1,137,13,135,-1,135,13,17,-1,135,17,133,-1,133,17,16,-1,133,16,131,-1,131,16,21,-1,131,21,126,-1,126,21,11,-1,126,11,124,-1,124,11,141,-1,143,144,145,-1,146,147,148,-1,149,150,151,-1,152,119,113,-1,153,117,154,-1,154,117,118,-1,115,116,155,-1,156,157,152,-1,114,115,158,-1,158,115,155,-1,158,155,159,-1,113,114,160,-1,160,114,158,-1,160,158,161,-1,161,158,159,-1,161,159,162,-1,157,156,163,-1,163,156,164,-1,163,164,165,-1,165,164,166,-1,165,166,167,-1,152,113,156,-1,156,113,160,-1,156,160,164,-1,164,160,161,-1,164,161,166,-1,166,161,162,-1,166,162,168,-1,168,169,166,-1,166,169,170,-1,166,170,167,-1,150,169,151,-1,151,169,168,-1,151,168,171,-1,171,168,162,-1,171,162,172,-1,172,162,159,-1,172,159,173,-1,173,159,155,-1,173,155,153,-1,153,155,116,-1,153,116,117,-1,147,149,148,-1,148,149,151,-1,148,151,174,-1,174,151,171,-1,174,171,175,-1,175,171,172,-1,175,172,176,-1,176,172,173,-1,176,173,177,-1,177,173,153,-1,177,153,178,-1,178,153,154,-1,179,146,180,-1,180,146,148,-1,180,148,181,-1,181,148,174,-1,181,174,182,-1,182,174,175,-1,182,175,183,-1,183,175,176,-1,183,176,184,-1,184,176,177,-1,184,177,185,-1,185,177,178,-1,185,186,184,-1,184,186,187,-1,184,187,183,-1,183,187,188,-1,183,188,182,-1,182,188,189,-1,182,189,181,-1,181,189,190,-1,181,190,180,-1,180,190,191,-1,180,191,179,-1,192,193,191,-1,191,193,194,-1,191,194,179,-1,195,196,197,-1,197,196,198,-1,197,198,199,-1,199,198,200,-1,199,200,201,-1,201,200,202,-1,201,202,203,-1,203,202,204,-1,203,204,205,-1,205,204,206,-1,186,195,187,-1,187,195,197,-1,187,197,188,-1,188,197,199,-1,188,199,189,-1,189,199,201,-1,189,201,190,-1,190,201,203,-1,190,203,191,-1,191,203,205,-1,191,205,192,-1,192,205,206,-1,192,206,207,-1,207,206,208,-1,209,210,211,-1,211,210,212,-1,211,212,213,-1,214,209,215,-1,215,209,211,-1,215,211,216,-1,216,211,213,-1,216,213,217,-1,218,214,219,-1,219,214,215,-1,219,215,220,-1,220,215,216,-1,220,216,221,-1,221,216,217,-1,221,217,222,-1,223,218,224,-1,224,218,219,-1,224,219,225,-1,225,219,220,-1,225,220,226,-1,226,220,221,-1,226,221,227,-1,227,221,222,-1,227,222,145,-1,144,208,145,-1,145,208,206,-1,145,206,227,-1,227,206,204,-1,227,204,226,-1,226,204,202,-1,226,202,225,-1,225,202,200,-1,225,200,224,-1,224,200,198,-1,224,198,223,-1,223,198,196,-1,228,143,229,-1,229,143,145,-1,229,145,230,-1,230,145,222,-1,230,222,231,-1,231,222,217,-1,231,217,232,-1,232,217,213,-1,232,213,233,-1,233,213,212,-1,233,212,234,-1,234,212,210,-1,235,236,237,-1,238,239,240,-1,241,242,243,-1,244,245,246,-1,247,248,249,-1,250,251,252,-1,253,254,255,-1,255,254,256,-1,257,258,259,-1,259,258,260,-1,259,260,261,-1,262,257,263,-1,263,257,259,-1,263,259,264,-1,264,259,261,-1,264,261,265,-1,251,262,252,-1,252,262,263,-1,252,263,266,-1,266,263,264,-1,266,264,267,-1,267,264,265,-1,267,265,268,-1,248,250,249,-1,249,250,252,-1,249,252,269,-1,269,252,266,-1,269,266,270,-1,270,266,267,-1,270,267,271,-1,271,267,268,-1,271,268,272,-1,273,247,274,-1,274,247,249,-1,274,249,275,-1,275,249,269,-1,275,269,276,-1,276,269,270,-1,276,270,277,-1,277,270,271,-1,277,271,253,-1,253,271,272,-1,253,272,254,-1,245,273,246,-1,246,273,274,-1,246,274,278,-1,278,274,275,-1,278,275,279,-1,279,275,276,-1,279,276,280,-1,280,276,277,-1,280,277,281,-1,281,277,253,-1,281,253,282,-1,282,253,255,-1,283,244,284,-1,284,244,246,-1,284,246,285,-1,285,246,278,-1,285,278,286,-1,286,278,279,-1,286,279,287,-1,287,279,280,-1,287,280,288,-1,288,280,281,-1,288,281,289,-1,289,281,282,-1,242,283,243,-1,243,283,284,-1,243,284,290,-1,290,284,285,-1,290,285,291,-1,291,285,286,-1,291,286,292,-1,292,286,287,-1,292,287,293,-1,293,287,288,-1,293,288,294,-1,294,288,289,-1,239,241,240,-1,240,241,243,-1,240,243,295,-1,295,243,290,-1,295,290,296,-1,296,290,291,-1,296,291,297,-1,297,291,292,-1,297,292,298,-1,298,292,293,-1,298,293,299,-1,299,293,294,-1,300,238,301,-1,301,238,240,-1,301,240,302,-1,302,240,295,-1,302,295,303,-1,303,295,296,-1,303,296,304,-1,304,296,297,-1,304,297,305,-1,305,297,298,-1,305,298,306,-1,306,298,299,-1,306,307,305,-1,305,307,308,-1,305,308,304,-1,304,308,309,-1,304,309,303,-1,303,309,310,-1,303,310,302,-1,302,310,311,-1,302,311,301,-1,301,311,312,-1,301,312,300,-1,313,314,312,-1,312,314,315,-1,312,315,300,-1,316,317,318,-1,318,317,319,-1,318,319,320,-1,320,319,321,-1,320,321,322,-1,322,321,323,-1,322,323,324,-1,324,323,325,-1,324,325,326,-1,326,325,327,-1,307,316,308,-1,308,316,318,-1,308,318,309,-1,309,318,320,-1,309,320,310,-1,310,320,322,-1,310,322,311,-1,311,322,324,-1,311,324,312,-1,312,324,326,-1,312,326,313,-1,313,326,327,-1,313,327,328,-1,328,327,329,-1,236,329,237,-1,237,329,327,-1,237,327,330,-1,330,327,325,-1,330,325,331,-1,331,325,323,-1,331,323,332,-1,332,323,321,-1,332,321,333,-1,333,321,319,-1,333,319,334,-1,334,319,317,-1,335,336,337,-1,337,336,338,-1,337,338,339,-1,340,335,341,-1,341,335,337,-1,341,337,342,-1,342,337,339,-1,342,339,343,-1,344,340,345,-1,345,340,341,-1,345,341,346,-1,346,341,342,-1,346,342,347,-1,347,342,343,-1,347,343,348,-1,349,344,350,-1,350,344,345,-1,350,345,351,-1,351,345,346,-1,351,346,352,-1,352,346,347,-1,352,347,353,-1,353,347,348,-1,353,348,354,-1,355,235,354,-1,354,235,237,-1,354,237,353,-1,353,237,330,-1,353,330,352,-1,352,330,331,-1,352,331,351,-1,351,331,332,-1,351,332,350,-1,350,332,333,-1,350,333,349,-1,349,333,334,-1,128,355,129,-1,129,355,354,-1,129,354,132,-1,132,354,348,-1,132,348,134,-1,134,348,343,-1,134,343,136,-1,136,343,339,-1,136,339,138,-1,138,339,338,-1,138,338,140,-1,140,338,336,-1,356,228,229,-1,234,357,233,-1,233,357,358,-1,233,358,232,-1,232,358,359,-1,232,359,231,-1,231,359,360,-1,231,360,230,-1,230,360,361,-1,230,361,229,-1,229,361,362,-1,229,362,356,-1,363,364,365,-1,366,367,362,-1,362,367,368,-1,362,368,356,-1,365,366,363,-1,363,366,362,-1,363,362,369,-1,369,362,361,-1,369,361,370,-1,370,361,360,-1,370,360,371,-1,371,360,359,-1,371,359,372,-1,372,359,358,-1,372,358,373,-1,373,358,357,-1,374,375,376,-1,376,375,377,-1,376,377,378,-1,379,374,380,-1,380,374,376,-1,380,376,381,-1,381,376,382,-1,381,382,383,-1,383,382,384,-1,383,384,385,-1,385,384,386,-1,385,386,387,-1,387,386,388,-1,387,388,389,-1,389,388,390,-1,260,379,261,-1,261,379,380,-1,261,380,265,-1,265,380,381,-1,265,381,268,-1,268,381,383,-1,268,383,272,-1,272,383,385,-1,272,385,254,-1,254,385,387,-1,254,387,256,-1,256,387,389,-1,391,392,393,-1,394,395,396,-1,397,398,399,-1,400,401,402,-1,403,404,405,-1,406,364,363,-1,407,372,408,-1,408,372,373,-1,370,371,409,-1,410,411,406,-1,369,370,412,-1,412,370,409,-1,412,409,413,-1,363,369,414,-1,414,369,412,-1,414,412,415,-1,415,412,413,-1,415,413,416,-1,411,410,417,-1,417,410,418,-1,417,418,419,-1,419,418,420,-1,419,420,421,-1,406,363,410,-1,410,363,414,-1,410,414,418,-1,418,414,415,-1,418,415,420,-1,420,415,416,-1,420,416,422,-1,422,423,420,-1,420,423,424,-1,420,424,421,-1,404,423,405,-1,405,423,422,-1,405,422,425,-1,425,422,416,-1,425,416,426,-1,426,416,413,-1,426,413,427,-1,427,413,409,-1,427,409,407,-1,407,409,371,-1,407,371,372,-1,401,403,402,-1,402,403,405,-1,402,405,428,-1,428,405,425,-1,428,425,429,-1,429,425,426,-1,429,426,430,-1,430,426,427,-1,430,427,431,-1,431,427,407,-1,431,407,432,-1,432,407,408,-1,433,400,434,-1,434,400,402,-1,434,402,435,-1,435,402,428,-1,435,428,436,-1,436,428,429,-1,436,429,437,-1,437,429,430,-1,437,430,438,-1,438,430,431,-1,438,431,439,-1,439,431,432,-1,439,440,438,-1,438,440,441,-1,438,441,437,-1,437,441,442,-1,437,442,436,-1,436,442,443,-1,436,443,435,-1,435,443,444,-1,435,444,434,-1,434,444,445,-1,434,445,433,-1,446,447,445,-1,445,447,448,-1,445,448,433,-1,449,450,451,-1,451,450,452,-1,451,452,453,-1,453,452,454,-1,453,454,455,-1,455,454,456,-1,455,456,457,-1,457,456,458,-1,457,458,459,-1,459,458,460,-1,440,449,441,-1,441,449,451,-1,441,451,442,-1,442,451,453,-1,442,453,443,-1,443,453,455,-1,443,455,444,-1,444,455,457,-1,444,457,445,-1,445,457,459,-1,445,459,446,-1,446,459,460,-1,446,460,461,-1,461,460,462,-1,398,462,399,-1,399,462,460,-1,399,460,463,-1,463,460,458,-1,463,458,464,-1,464,458,456,-1,464,456,465,-1,465,456,454,-1,465,454,466,-1,466,454,452,-1,466,452,467,-1,467,452,450,-1,468,397,469,-1,469,397,399,-1,469,399,470,-1,470,399,463,-1,470,463,471,-1,471,463,464,-1,471,464,472,-1,472,464,465,-1,472,465,473,-1,473,465,466,-1,473,466,474,-1,474,466,467,-1,395,468,396,-1,396,468,469,-1,396,469,475,-1,475,469,470,-1,475,470,476,-1,476,470,471,-1,476,471,477,-1,477,471,472,-1,477,472,478,-1,478,472,473,-1,478,473,479,-1,479,473,474,-1,480,394,481,-1,481,394,396,-1,481,396,482,-1,482,396,475,-1,482,475,483,-1,483,475,476,-1,483,476,484,-1,484,476,477,-1,484,477,485,-1,485,477,478,-1,485,478,486,-1,486,478,479,-1,487,488,489,-1,489,488,490,-1,489,490,491,-1,492,487,493,-1,493,487,489,-1,493,489,494,-1,494,489,491,-1,494,491,495,-1,496,492,497,-1,497,492,493,-1,497,493,498,-1,498,493,494,-1,498,494,499,-1,499,494,495,-1,499,495,500,-1,501,496,502,-1,502,496,497,-1,502,497,503,-1,503,497,498,-1,503,498,504,-1,504,498,499,-1,504,499,505,-1,505,499,500,-1,505,500,393,-1,392,480,393,-1,393,480,481,-1,393,481,505,-1,505,481,482,-1,505,482,504,-1,504,482,483,-1,504,483,503,-1,503,483,484,-1,503,484,502,-1,502,484,485,-1,502,485,501,-1,501,485,486,-1,378,391,376,-1,376,391,393,-1,376,393,382,-1,382,393,500,-1,382,500,384,-1,384,500,495,-1,384,495,386,-1,386,495,491,-1,386,491,388,-1,388,491,490,-1,388,490,390,-1,390,490,488,-1,506,507,508,-1,508,509,510,-1,510,509,511,-1,510,511,512,-1,512,511,513,-1,512,513,514,-1,514,513,515,-1,514,515,516,-1,516,515,517,-1,516,517,518,-1,518,517,519,-1,507,520,508,-1,508,520,521,-1,508,521,509,-1,509,521,522,-1,509,522,523,-1,524,506,525,-1,525,506,508,-1,525,508,526,-1,526,508,510,-1,526,510,527,-1,527,510,512,-1,527,512,528,-1,528,512,514,-1,528,514,529,-1,529,514,516,-1,529,516,530,-1,530,516,518,-1,531,532,533,-1,534,535,536,-1,537,538,539,-1,540,541,542,-1,543,544,545,-1,546,547,548,-1,549,546,550,-1,551,549,552,-1,553,551,554,-1,555,553,556,-1,557,555,558,-1,559,560,561,-1,561,560,562,-1,561,562,558,-1,558,562,563,-1,558,563,557,-1,564,565,559,-1,559,565,566,-1,559,566,560,-1,559,567,564,-1,564,567,568,-1,564,568,569,-1,569,568,570,-1,570,568,571,-1,571,568,572,-1,571,572,573,-1,573,572,574,-1,573,574,575,-1,575,574,576,-1,575,576,577,-1,546,548,550,-1,550,548,578,-1,550,578,579,-1,579,578,580,-1,579,580,581,-1,581,580,582,-1,581,582,583,-1,583,582,584,-1,583,584,585,-1,585,584,586,-1,585,586,587,-1,587,586,588,-1,587,588,589,-1,589,588,590,-1,589,590,591,-1,591,590,592,-1,591,592,593,-1,549,550,552,-1,552,550,579,-1,552,579,594,-1,594,579,581,-1,594,581,595,-1,595,581,583,-1,595,583,596,-1,596,583,585,-1,596,585,597,-1,597,585,587,-1,597,587,598,-1,598,587,589,-1,598,589,599,-1,599,589,591,-1,599,591,600,-1,600,591,593,-1,600,593,601,-1,551,552,554,-1,554,552,594,-1,554,594,602,-1,602,594,595,-1,602,595,603,-1,603,595,596,-1,603,596,604,-1,604,596,597,-1,604,597,605,-1,605,597,598,-1,605,598,606,-1,606,598,599,-1,606,599,607,-1,607,599,600,-1,607,600,608,-1,608,600,601,-1,608,601,609,-1,553,554,556,-1,556,554,602,-1,556,602,610,-1,610,602,603,-1,610,603,611,-1,611,603,604,-1,611,604,612,-1,612,604,605,-1,612,605,613,-1,613,605,606,-1,613,606,614,-1,614,606,607,-1,614,607,615,-1,615,607,608,-1,615,608,616,-1,616,608,609,-1,616,609,617,-1,555,556,558,-1,558,556,610,-1,558,610,561,-1,561,610,611,-1,561,611,559,-1,559,611,612,-1,559,612,567,-1,567,612,613,-1,567,613,568,-1,568,613,614,-1,568,614,572,-1,572,614,615,-1,572,615,574,-1,574,615,616,-1,574,616,576,-1,576,616,617,-1,576,617,545,-1,545,544,576,-1,576,544,618,-1,576,618,577,-1,592,619,593,-1,593,619,620,-1,593,620,601,-1,601,620,621,-1,601,621,609,-1,609,621,622,-1,609,622,617,-1,617,622,623,-1,617,623,545,-1,545,623,624,-1,545,624,543,-1,543,624,625,-1,541,625,542,-1,542,625,624,-1,542,624,626,-1,626,624,623,-1,626,623,627,-1,627,623,622,-1,627,622,628,-1,628,622,621,-1,628,621,629,-1,629,621,620,-1,629,620,630,-1,630,620,619,-1,630,631,629,-1,629,631,632,-1,629,632,628,-1,628,632,633,-1,628,633,627,-1,627,633,634,-1,627,634,626,-1,626,634,635,-1,626,635,542,-1,542,635,539,-1,542,539,540,-1,540,539,538,-1,636,537,637,-1,637,537,539,-1,637,539,638,-1,638,539,635,-1,638,635,639,-1,639,635,634,-1,639,634,640,-1,640,634,633,-1,640,633,641,-1,641,633,632,-1,641,632,642,-1,642,632,631,-1,535,636,536,-1,536,636,637,-1,536,637,643,-1,643,637,638,-1,643,638,644,-1,644,638,639,-1,644,639,645,-1,645,639,640,-1,645,640,646,-1,646,640,641,-1,646,641,647,-1,647,641,642,-1,532,534,533,-1,533,534,536,-1,533,536,648,-1,648,536,643,-1,648,643,649,-1,649,643,644,-1,649,644,650,-1,650,644,645,-1,650,645,651,-1,651,645,646,-1,651,646,652,-1,652,646,647,-1,523,531,509,-1,509,531,533,-1,509,533,511,-1,511,533,648,-1,511,648,513,-1,513,648,649,-1,513,649,515,-1,515,649,650,-1,515,650,517,-1,517,650,651,-1,517,651,519,-1,519,651,652,-1,653,654,655,-1,656,657,658,-1,659,660,661,-1,662,663,664,-1,665,666,667,-1,668,669,670,-1,671,672,673,-1,674,524,675,-1,675,524,525,-1,675,525,676,-1,676,525,526,-1,676,526,677,-1,677,526,527,-1,677,527,678,-1,678,527,528,-1,678,528,679,-1,679,528,529,-1,679,529,680,-1,680,529,530,-1,680,681,679,-1,679,681,682,-1,679,682,678,-1,678,682,683,-1,678,683,677,-1,677,683,684,-1,677,684,676,-1,676,684,685,-1,676,685,675,-1,675,685,673,-1,673,672,675,-1,675,672,686,-1,675,686,674,-1,681,687,682,-1,682,687,688,-1,682,688,683,-1,683,688,689,-1,683,689,684,-1,684,689,690,-1,684,690,685,-1,685,690,691,-1,685,691,673,-1,673,691,692,-1,673,692,671,-1,671,692,693,-1,669,693,670,-1,670,693,692,-1,670,692,694,-1,694,692,691,-1,694,691,695,-1,695,691,690,-1,695,690,696,-1,696,690,689,-1,696,689,697,-1,697,689,688,-1,697,688,698,-1,698,688,687,-1,698,699,697,-1,697,699,700,-1,697,700,696,-1,696,700,701,-1,696,701,695,-1,695,701,702,-1,695,702,694,-1,694,702,703,-1,694,703,670,-1,670,703,667,-1,670,667,668,-1,668,667,666,-1,704,665,705,-1,705,665,667,-1,705,667,706,-1,706,667,703,-1,706,703,707,-1,707,703,702,-1,707,702,708,-1,708,702,701,-1,708,701,709,-1,709,701,700,-1,709,700,710,-1,710,700,699,-1,663,704,664,-1,664,704,705,-1,664,705,711,-1,711,705,706,-1,711,706,712,-1,712,706,707,-1,712,707,713,-1,713,707,708,-1,713,708,714,-1,714,708,709,-1,714,709,715,-1,715,709,710,-1,715,716,714,-1,714,716,717,-1,714,717,713,-1,713,717,718,-1,713,718,712,-1,712,718,719,-1,712,719,711,-1,711,719,720,-1,711,720,664,-1,664,720,661,-1,664,661,662,-1,662,661,660,-1,721,659,722,-1,722,659,661,-1,722,661,723,-1,723,661,720,-1,723,720,724,-1,724,720,719,-1,724,719,725,-1,725,719,718,-1,725,718,726,-1,726,718,717,-1,726,717,727,-1,727,717,716,-1,657,721,658,-1,658,721,722,-1,658,722,728,-1,728,722,723,-1,728,723,729,-1,729,723,724,-1,729,724,730,-1,730,724,725,-1,730,725,731,-1,731,725,726,-1,731,726,732,-1,732,726,727,-1,654,656,655,-1,655,656,658,-1,655,658,733,-1,733,658,728,-1,733,728,734,-1,734,728,729,-1,734,729,735,-1,735,729,730,-1,735,730,736,-1,736,730,731,-1,736,731,737,-1,737,731,732,-1,738,653,739,-1,739,653,655,-1,739,655,740,-1,740,655,733,-1,740,733,741,-1,741,733,734,-1,741,734,742,-1,742,734,735,-1,742,735,743,-1,743,735,736,-1,743,736,744,-1,744,736,737,-1,745,746,747,-1,748,749,750,-1,746,748,747,-1,747,748,750,-1,747,750,751,-1,751,750,752,-1,751,752,753,-1,753,752,754,-1,753,754,755,-1,755,754,756,-1,755,756,757,-1,757,756,758,-1,757,758,759,-1,759,758,760,-1,555,557,761,-1,761,745,555,-1,555,745,747,-1,555,747,553,-1,553,747,751,-1,553,751,551,-1,551,751,753,-1,551,753,549,-1,549,753,755,-1,549,755,546,-1,546,755,757,-1,546,757,547,-1,547,757,759,-1,762,739,763,-1,763,739,740,-1,763,740,764,-1,764,740,741,-1,764,741,765,-1,765,741,742,-1,765,742,766,-1,766,742,743,-1,766,743,767,-1,767,743,744,-1,768,769,762,-1,762,769,770,-1,770,771,762,-1,762,771,772,-1,762,772,739,-1,739,772,773,-1,739,773,774,-1,774,775,739,-1,739,775,776,-1,739,776,777,-1,777,778,739,-1,739,778,779,-1,739,779,738,-1,780,768,781,-1,781,768,762,-1,781,762,782,-1,782,762,763,-1,782,763,783,-1,783,763,764,-1,783,764,784,-1,784,764,765,-1,784,765,785,-1,785,765,766,-1,785,766,786,-1,786,766,767,-1,787,788,789,-1,790,791,792,-1,793,794,795,-1,796,797,798,-1,799,800,801,-1,802,803,804,-1,805,806,807,-1,807,806,808,-1,807,808,809,-1,809,808,810,-1,809,810,811,-1,811,810,812,-1,811,812,813,-1,813,812,814,-1,813,814,815,-1,815,814,816,-1,815,816,817,-1,817,816,818,-1,819,805,820,-1,820,805,807,-1,820,807,821,-1,821,807,809,-1,821,809,822,-1,822,809,811,-1,822,811,823,-1,823,811,813,-1,823,813,824,-1,824,813,815,-1,824,815,825,-1,825,815,817,-1,825,826,824,-1,824,826,827,-1,824,827,823,-1,823,827,828,-1,823,828,822,-1,822,828,829,-1,822,829,821,-1,821,829,830,-1,821,830,820,-1,820,830,831,-1,832,833,831,-1,831,833,834,-1,831,834,820,-1,820,834,835,-1,820,835,819,-1,836,837,838,-1,838,837,839,-1,838,839,840,-1,840,839,841,-1,840,841,842,-1,842,841,843,-1,842,843,844,-1,844,843,845,-1,844,845,846,-1,846,845,847,-1,826,836,827,-1,827,836,838,-1,827,838,828,-1,828,838,840,-1,828,840,829,-1,829,840,842,-1,829,842,830,-1,830,842,844,-1,830,844,831,-1,831,844,846,-1,831,846,832,-1,832,846,847,-1,832,847,848,-1,848,847,849,-1,837,850,839,-1,839,850,851,-1,839,851,841,-1,841,851,852,-1,841,852,843,-1,843,852,853,-1,843,853,845,-1,845,853,854,-1,845,854,847,-1,847,854,804,-1,847,804,849,-1,849,804,803,-1,850,855,851,-1,851,855,856,-1,851,856,852,-1,852,856,857,-1,852,857,853,-1,853,857,858,-1,853,858,854,-1,854,858,859,-1,854,859,804,-1,804,859,860,-1,804,860,802,-1,802,860,861,-1,800,861,801,-1,801,861,860,-1,801,860,862,-1,862,860,859,-1,862,859,863,-1,863,859,858,-1,863,858,864,-1,864,858,857,-1,864,857,865,-1,865,857,856,-1,865,856,866,-1,866,856,855,-1,866,867,865,-1,865,867,868,-1,865,868,864,-1,864,868,869,-1,864,869,863,-1,863,869,870,-1,863,870,862,-1,862,870,871,-1,862,871,801,-1,801,871,798,-1,801,798,799,-1,799,798,797,-1,867,872,868,-1,868,872,873,-1,868,873,869,-1,869,873,874,-1,869,874,870,-1,870,874,875,-1,870,875,871,-1,871,875,876,-1,871,876,798,-1,798,876,877,-1,798,877,796,-1,796,877,878,-1,794,878,795,-1,795,878,877,-1,795,877,879,-1,879,877,876,-1,879,876,880,-1,880,876,875,-1,880,875,881,-1,881,875,874,-1,881,874,882,-1,882,874,873,-1,882,873,883,-1,883,873,872,-1,883,884,882,-1,882,884,885,-1,882,885,881,-1,881,885,886,-1,881,886,880,-1,880,886,887,-1,880,887,879,-1,879,887,888,-1,879,888,795,-1,795,888,792,-1,795,792,793,-1,793,792,791,-1,889,790,890,-1,890,790,792,-1,890,792,891,-1,891,792,888,-1,891,888,892,-1,892,888,887,-1,892,887,893,-1,893,887,886,-1,893,886,894,-1,894,886,885,-1,894,885,895,-1,895,885,884,-1,788,889,789,-1,789,889,890,-1,789,890,896,-1,896,890,891,-1,896,891,897,-1,897,891,892,-1,897,892,898,-1,898,892,893,-1,898,893,899,-1,899,893,894,-1,899,894,900,-1,900,894,895,-1,901,787,902,-1,902,787,789,-1,902,789,903,-1,903,789,896,-1,903,896,904,-1,904,896,897,-1,904,897,905,-1,905,897,898,-1,905,898,906,-1,906,898,899,-1,906,899,907,-1,907,899,900,-1,749,901,750,-1,750,901,902,-1,750,902,752,-1,752,902,903,-1,752,903,754,-1,754,903,904,-1,754,904,756,-1,756,904,905,-1,756,905,758,-1,758,905,906,-1,758,906,760,-1,760,906,907,-1,908,909,910,-1,911,912,913,-1,914,915,916,-1,917,918,919,-1,920,921,922,-1,923,924,925,-1,926,927,928,-1,929,780,930,-1,930,780,781,-1,930,781,931,-1,931,781,782,-1,931,782,932,-1,932,782,783,-1,932,783,933,-1,933,783,784,-1,933,784,934,-1,934,784,785,-1,934,785,935,-1,935,785,786,-1,935,936,934,-1,934,936,937,-1,934,937,933,-1,933,937,938,-1,933,938,932,-1,932,938,939,-1,932,939,931,-1,931,939,940,-1,931,940,930,-1,930,940,928,-1,928,927,930,-1,930,927,941,-1,930,941,929,-1,936,942,937,-1,937,942,943,-1,937,943,938,-1,938,943,944,-1,938,944,939,-1,939,944,945,-1,939,945,940,-1,940,945,946,-1,940,946,928,-1,928,946,947,-1,928,947,926,-1,926,947,948,-1,924,948,925,-1,925,948,947,-1,925,947,949,-1,949,947,946,-1,949,946,950,-1,950,946,945,-1,950,945,951,-1,951,945,944,-1,951,944,952,-1,952,944,943,-1,952,943,953,-1,953,943,942,-1,953,954,952,-1,952,954,955,-1,952,955,951,-1,951,955,956,-1,951,956,950,-1,950,956,957,-1,950,957,949,-1,949,957,958,-1,949,958,925,-1,925,958,922,-1,925,922,923,-1,923,922,921,-1,959,920,960,-1,960,920,922,-1,960,922,961,-1,961,922,958,-1,961,958,962,-1,962,958,957,-1,962,957,963,-1,963,957,956,-1,963,956,964,-1,964,956,955,-1,964,955,965,-1,965,955,954,-1,918,959,919,-1,919,959,960,-1,919,960,966,-1,966,960,961,-1,966,961,967,-1,967,961,962,-1,967,962,968,-1,968,962,963,-1,968,963,969,-1,969,963,964,-1,969,964,970,-1,970,964,965,-1,915,917,916,-1,916,917,919,-1,916,919,971,-1,971,919,966,-1,971,966,972,-1,972,966,967,-1,972,967,973,-1,973,967,968,-1,973,968,974,-1,974,968,969,-1,974,969,975,-1,975,969,970,-1,976,914,977,-1,977,914,916,-1,977,916,978,-1,978,916,971,-1,978,971,979,-1,979,971,972,-1,979,972,980,-1,980,972,973,-1,980,973,981,-1,981,973,974,-1,981,974,982,-1,982,974,975,-1,912,976,913,-1,913,976,977,-1,913,977,983,-1,983,977,978,-1,983,978,984,-1,984,978,979,-1,984,979,985,-1,985,979,980,-1,985,980,986,-1,986,980,981,-1,986,981,987,-1,987,981,982,-1,909,911,910,-1,910,911,913,-1,910,913,988,-1,988,913,983,-1,988,983,989,-1,989,983,984,-1,989,984,990,-1,990,984,985,-1,990,985,991,-1,991,985,986,-1,991,986,992,-1,992,986,987,-1,993,908,994,-1,994,908,910,-1,994,910,995,-1,995,910,988,-1,995,988,996,-1,996,988,989,-1,996,989,997,-1,997,989,990,-1,997,990,998,-1,998,990,991,-1,998,991,999,-1,999,991,992,-1,1000,1001,1002,-1,1002,994,1003,-1,1003,994,995,-1,1003,995,1004,-1,1004,995,996,-1,1004,996,1005,-1,1005,996,997,-1,1005,997,1006,-1,1006,997,998,-1,1006,998,1007,-1,1007,998,999,-1,1001,1008,1002,-1,1002,1008,1009,-1,1002,1009,994,-1,994,1009,1010,-1,994,1010,993,-1,808,806,1011,-1,1007,818,1006,-1,1006,818,816,-1,1006,816,1005,-1,1005,816,814,-1,1005,814,1004,-1,1004,814,812,-1,1004,812,1003,-1,1003,812,810,-1,1003,810,1002,-1,1002,810,808,-1,1002,808,1000,-1,1000,808,1011,-1,1012,1013,1014,-1,1014,1013,1015,-1,1014,1015,1016,-1,1016,1017,1014,-1,1014,1017,1018,-1,1014,1018,1019,-1,1020,1021,1022,-1,1022,1021,1014,-1,1022,1014,1023,-1,1023,1014,1019,-1,1024,1012,1014,-1,1025,1026,1014,-1,1014,1026,1027,-1,1028,1029,1030,-1,1030,1024,1028,-1,1028,1024,1014,-1,1028,1014,1031,-1,1031,1014,1027,-1,1031,1027,1032,-1,1032,1027,1033,-1,1034,1035,1025,-1,1025,1035,1036,-1,1025,1036,1037,-1,1037,1038,1025,-1,1025,1038,1039,-1,1025,1039,1040,-1,1041,1026,1042,-1,1042,1026,1025,-1,1042,1025,1043,-1,1043,1025,1040,-1,1020,1035,1021,-1,1021,1035,1034,-1,1044,1045,1046,-1,1047,1048,1046,-1,1046,1048,1049,-1,1050,1051,1052,-1,1052,1044,1050,-1,1050,1044,1046,-1,1050,1046,1053,-1,1053,1046,1049,-1,1053,1049,1054,-1,1054,1049,1055,-1,1056,1057,1047,-1,1047,1057,1058,-1,1047,1058,1059,-1,1059,1060,1047,-1,1047,1060,1061,-1,1047,1061,1062,-1,1063,1048,1064,-1,1064,1048,1047,-1,1064,1047,1065,-1,1065,1047,1062,-1,1066,1057,1067,-1,1067,1057,1056,-1,1045,1068,1046,-1,1046,1068,1069,-1,1046,1069,1070,-1,1070,1071,1046,-1,1046,1071,1072,-1,1046,1072,1073,-1,1066,1067,1074,-1,1074,1067,1046,-1,1074,1046,1075,-1,1075,1046,1073,-1,1076,1041,1042,-1,1015,1013,1042,-1,1042,1013,1077,-1,1078,1079,1080,-1,1080,1076,1078,-1,1078,1076,1042,-1,1078,1042,1081,-1,1081,1042,1077,-1,1081,1077,1082,-1,1082,1077,1083,-1,1084,1063,1064,-1,1069,1068,1064,-1,1064,1068,1085,-1,1086,1087,1088,-1,1088,1084,1086,-1,1086,1084,1064,-1,1086,1064,1089,-1,1089,1064,1085,-1,1089,1085,1090,-1,1090,1085,1091,-1,1092,1093,1094,-1,1094,1093,1095,-1,1096,1092,1097,-1,1097,1092,1094,-1,1097,1094,1098,-1,1098,1099,1097,-1,1097,1099,1100,-1,1093,1101,1095,-1,1095,1101,1100,-1,1095,1100,1099,-1,1029,1082,1102,-1,1102,1082,1103,-1,1102,1103,1104,-1,1104,1103,1105,-1,1104,1105,1106,-1,1106,1105,1107,-1,1106,1107,1108,-1,1108,1107,1109,-1,1108,1109,1110,-1,1110,1109,1111,-1,1110,1111,1112,-1,1112,1111,1113,-1,1112,1113,1095,-1,1095,1113,1094,-1,1098,1094,1113,-1,1098,1113,1114,-1,1114,1113,1111,-1,1114,1111,1115,-1,1115,1111,1109,-1,1115,1109,1116,-1,1116,1109,1107,-1,1116,1107,1117,-1,1117,1107,1105,-1,1117,1105,1118,-1,1118,1105,1103,-1,1118,1103,1119,-1,1119,1103,1082,-1,1119,1082,1083,-1,1099,1098,1120,-1,1120,1098,1114,-1,1120,1114,1121,-1,1121,1114,1115,-1,1121,1115,1122,-1,1122,1115,1116,-1,1122,1116,1123,-1,1123,1116,1117,-1,1123,1117,1124,-1,1124,1117,1118,-1,1124,1118,1125,-1,1125,1118,1119,-1,1125,1119,1030,-1,1030,1119,1083,-1,1030,1029,1125,-1,1125,1029,1102,-1,1125,1102,1124,-1,1124,1102,1104,-1,1124,1104,1123,-1,1123,1104,1106,-1,1123,1106,1122,-1,1122,1106,1108,-1,1122,1108,1121,-1,1121,1108,1110,-1,1121,1110,1120,-1,1120,1110,1112,-1,1120,1112,1099,-1,1099,1112,1095,-1,1082,1029,1081,-1,1081,1029,1028,-1,1030,1083,1024,-1,1024,1083,1077,-1,1093,1092,1101,-1,1101,1092,1096,-1,1126,1127,1128,-1,1128,1127,1129,-1,1128,1129,1130,-1,1131,1126,1132,-1,1132,1126,1128,-1,1133,1131,1134,-1,1134,1131,1132,-1,1134,1132,1135,-1,1135,1130,1134,-1,1134,1130,1129,-1,1128,1130,1136,-1,1128,1136,1137,-1,1137,1136,1138,-1,1137,1138,1139,-1,1139,1138,1140,-1,1139,1140,1141,-1,1141,1140,1142,-1,1141,1142,1143,-1,1143,1142,1144,-1,1143,1144,1145,-1,1145,1144,1146,-1,1145,1146,1147,-1,1147,1146,1080,-1,1147,1080,1079,-1,1132,1128,1148,-1,1148,1128,1137,-1,1148,1137,1149,-1,1149,1137,1139,-1,1149,1139,1150,-1,1150,1139,1141,-1,1150,1141,1151,-1,1151,1141,1143,-1,1151,1143,1152,-1,1152,1143,1145,-1,1152,1145,1153,-1,1153,1145,1147,-1,1153,1147,1032,-1,1032,1147,1079,-1,1032,1033,1153,-1,1153,1033,1154,-1,1153,1154,1152,-1,1152,1154,1155,-1,1152,1155,1151,-1,1151,1155,1156,-1,1151,1156,1150,-1,1150,1156,1157,-1,1150,1157,1149,-1,1149,1157,1158,-1,1149,1158,1148,-1,1148,1158,1159,-1,1148,1159,1132,-1,1132,1159,1135,-1,1033,1080,1154,-1,1154,1080,1146,-1,1154,1146,1155,-1,1155,1146,1144,-1,1155,1144,1156,-1,1156,1144,1142,-1,1156,1142,1157,-1,1157,1142,1140,-1,1157,1140,1158,-1,1158,1140,1138,-1,1158,1138,1159,-1,1159,1138,1136,-1,1159,1136,1135,-1,1135,1136,1130,-1,1080,1033,1076,-1,1076,1033,1027,-1,1032,1079,1031,-1,1031,1079,1078,-1,1127,1126,1133,-1,1133,1126,1131,-1,1160,1161,1162,-1,1162,1161,1163,-1,1164,1165,1166,-1,1166,1165,1163,-1,1166,1163,1161,-1,1167,1164,1168,-1,1168,1164,1166,-1,1169,1167,1162,-1,1162,1167,1168,-1,1162,1168,1160,-1,1055,1088,1170,-1,1170,1088,1171,-1,1170,1171,1172,-1,1172,1171,1173,-1,1172,1173,1174,-1,1174,1173,1175,-1,1174,1175,1176,-1,1176,1175,1177,-1,1176,1177,1178,-1,1178,1177,1179,-1,1178,1179,1180,-1,1180,1179,1181,-1,1180,1181,1160,-1,1160,1181,1161,-1,1166,1161,1181,-1,1166,1181,1182,-1,1182,1181,1179,-1,1182,1179,1183,-1,1183,1179,1177,-1,1183,1177,1184,-1,1184,1177,1175,-1,1184,1175,1185,-1,1185,1175,1173,-1,1185,1173,1186,-1,1186,1173,1171,-1,1186,1171,1187,-1,1187,1171,1088,-1,1187,1088,1087,-1,1168,1166,1188,-1,1188,1166,1182,-1,1188,1182,1189,-1,1189,1182,1183,-1,1189,1183,1190,-1,1190,1183,1184,-1,1190,1184,1191,-1,1191,1184,1185,-1,1191,1185,1192,-1,1192,1185,1186,-1,1192,1186,1193,-1,1193,1186,1187,-1,1193,1187,1054,-1,1054,1187,1087,-1,1054,1055,1193,-1,1193,1055,1170,-1,1193,1170,1192,-1,1192,1170,1172,-1,1192,1172,1191,-1,1191,1172,1174,-1,1191,1174,1190,-1,1190,1174,1176,-1,1190,1176,1189,-1,1189,1176,1178,-1,1189,1178,1188,-1,1188,1178,1180,-1,1188,1180,1168,-1,1168,1180,1160,-1,1088,1055,1084,-1,1084,1055,1049,-1,1054,1087,1053,-1,1053,1087,1086,-1,1165,1164,1169,-1,1169,1164,1167,-1,1194,1195,1196,-1,1196,1195,1197,-1,1198,1199,1200,-1,1200,1199,1197,-1,1200,1197,1195,-1,1201,1198,1202,-1,1202,1198,1200,-1,1203,1201,1196,-1,1196,1201,1202,-1,1196,1202,1194,-1,1195,1194,1204,-1,1204,1194,1205,-1,1204,1205,1206,-1,1206,1205,1207,-1,1206,1207,1208,-1,1208,1207,1209,-1,1208,1209,1210,-1,1210,1209,1211,-1,1210,1211,1212,-1,1212,1211,1213,-1,1212,1213,1214,-1,1214,1213,1215,-1,1214,1215,1052,-1,1052,1215,1091,-1,1052,1051,1214,-1,1214,1051,1216,-1,1214,1216,1212,-1,1212,1216,1217,-1,1212,1217,1210,-1,1210,1217,1218,-1,1210,1218,1208,-1,1208,1218,1219,-1,1208,1219,1206,-1,1206,1219,1220,-1,1206,1220,1204,-1,1204,1220,1221,-1,1204,1221,1195,-1,1195,1221,1200,-1,1051,1090,1216,-1,1216,1090,1222,-1,1216,1222,1217,-1,1217,1222,1223,-1,1217,1223,1218,-1,1218,1223,1224,-1,1218,1224,1219,-1,1219,1224,1225,-1,1219,1225,1220,-1,1220,1225,1226,-1,1220,1226,1221,-1,1221,1226,1227,-1,1221,1227,1200,-1,1200,1227,1202,-1,1194,1202,1227,-1,1194,1227,1205,-1,1205,1227,1226,-1,1205,1226,1207,-1,1207,1226,1225,-1,1207,1225,1209,-1,1209,1225,1224,-1,1209,1224,1211,-1,1211,1224,1223,-1,1211,1223,1213,-1,1213,1223,1222,-1,1213,1222,1215,-1,1215,1222,1090,-1,1215,1090,1091,-1,1052,1091,1044,-1,1044,1091,1085,-1,1090,1051,1089,-1,1089,1051,1050,-1,1199,1198,1203,-1,1203,1198,1201,-1,1129,1127,1134,-1,1134,1127,1133,-1,1096,1097,1101,-1,1101,1097,1100,-1,1203,1196,1199,-1,1199,1196,1197,-1,1163,1165,1162,-1,1162,1165,1169,-1,1228,1229,1230,-1,1230,1229,1231,-1,1230,1231,1232,-1,1232,1231,1233,-1,1232,1233,1234,-1,1234,1233,1235,-1,1234,1235,1236,-1,1236,1235,1237,-1,1236,1237,1238,-1,1238,1237,1239,-1,1238,1239,1240,-1,1240,1239,1241,-1,1240,1241,1242,-1,1242,1241,1243,-1,1242,1243,1244,-1,1244,1243,1245,-1,1244,1245,1246,-1,1246,1245,1247,-1,1246,1247,1248,-1,1248,1247,1249,-1,1248,1249,1250,-1,1250,1249,1251,-1,1250,1251,1252,-1,1252,1251,1253,-1,1252,1253,1254,-1,1254,1253,1255,-1,1254,1255,1256,-1,1256,1255,1257,-1,1256,1257,1258,-1,1258,1257,1259,-1,1258,1259,1260,-1,1260,1259,1261,-1,1260,1261,1262,-1,1262,1261,1263,-1,1262,1263,1264,-1,1264,1263,1265,-1,1264,1265,1266,-1,1266,1265,1267,-1,1266,1267,1268,-1,1268,1267,1269,-1,1268,1269,1270,-1,1270,1269,1271,-1,1270,1271,1272,-1,1272,1271,1273,-1,1272,1273,1274,-1,1274,1273,1275,-1,1274,1275,1228,-1,1228,1275,1229,-1,1276,1277,1278,-1,1278,1277,1279,-1,1278,1279,1280,-1,1280,1279,1281,-1,1280,1281,1282,-1,1282,1281,1283,-1,1282,1283,1284,-1,1284,1283,1285,-1,1284,1285,1286,-1,1286,1285,1287,-1,1286,1287,1288,-1,1288,1287,1289,-1,1288,1289,1290,-1,1290,1289,1291,-1,1290,1291,1292,-1,1292,1291,1293,-1,1292,1293,1294,-1,1294,1293,1295,-1,1294,1295,1296,-1,1296,1295,1297,-1,1296,1297,1298,-1,1298,1297,1299,-1,1298,1299,1300,-1,1300,1299,1301,-1,1300,1301,1302,-1,1302,1301,1303,-1,1302,1303,1304,-1,1304,1303,1305,-1,1304,1305,1306,-1,1306,1305,1307,-1,1306,1307,1308,-1,1308,1307,1309,-1,1308,1309,1310,-1,1310,1309,1311,-1,1310,1311,1312,-1,1312,1311,1313,-1,1312,1313,1314,-1,1314,1313,1315,-1,1314,1315,1316,-1,1316,1315,1317,-1,1316,1317,1318,-1,1318,1317,1319,-1,1318,1319,1320,-1,1320,1319,1321,-1,1320,1321,1322,-1,1322,1321,1323,-1,1322,1323,1276,-1,1276,1323,1277,-1,1324,1325,1326,-1,1324,1326,1327,-1,1327,1326,1328,-1,1327,1328,1329,-1,1329,1330,1327,-1,1327,1330,1331,-1,1327,1331,1332,-1,1333,1334,1335,-1,1335,1334,1336,-1,1335,1336,1337,-1,1338,1339,1340,-1,1340,1339,1335,-1,1340,1335,1341,-1,1341,1335,1337,-1,1342,1343,1344,-1,1344,1343,1345,-1,1344,1345,1346,-1,1347,1348,1349,-1,1349,1348,1344,-1,1349,1344,1350,-1,1350,1344,1346,-1,1351,1352,1353,-1,1353,1352,1354,-1,1353,1354,1355,-1,1356,1357,1358,-1,1358,1357,1353,-1,1358,1353,1359,-1,1359,1353,1355,-1,1360,1361,1362,-1,1362,1361,1363,-1,1362,1363,1364,-1,1365,1366,1367,-1,1367,1366,1362,-1,1367,1362,1368,-1,1368,1362,1364,-1,1369,1370,1371,-1,1371,1370,1372,-1,1371,1372,1373,-1,1374,1375,1376,-1,1376,1375,1371,-1,1376,1371,1377,-1,1377,1371,1373,-1,1263,1378,1265,-1,1265,1378,1335,-1,1265,1335,1267,-1,1267,1335,1339,-1,1267,1339,1269,-1,1366,1379,1247,-1,1375,1380,1239,-1,1239,1237,1375,-1,1375,1237,1235,-1,1375,1235,1371,-1,1371,1235,1233,-1,1371,1233,1381,-1,1381,1233,1231,-1,1381,1231,1382,-1,1327,1383,1231,-1,1231,1383,1384,-1,1231,1384,1382,-1,1231,1229,1327,-1,1327,1229,1275,-1,1327,1275,1324,-1,1324,1275,1273,-1,1324,1273,1385,-1,1385,1273,1271,-1,1385,1271,1386,-1,1386,1271,1387,-1,1269,1339,1271,-1,1271,1339,1388,-1,1271,1388,1387,-1,1357,1251,1353,-1,1353,1251,1249,-1,1353,1249,1389,-1,1389,1249,1247,-1,1389,1247,1390,-1,1390,1247,1379,-1,1391,1255,1357,-1,1357,1255,1253,-1,1357,1253,1251,-1,1247,1245,1366,-1,1366,1245,1243,-1,1366,1243,1362,-1,1362,1243,1241,-1,1362,1241,1392,-1,1392,1241,1239,-1,1392,1239,1393,-1,1393,1239,1380,-1,1348,1394,1263,-1,1263,1394,1395,-1,1263,1395,1378,-1,1263,1261,1348,-1,1348,1261,1259,-1,1348,1259,1344,-1,1344,1259,1257,-1,1344,1257,1396,-1,1396,1257,1255,-1,1396,1255,1397,-1,1397,1255,1391,-1,1319,1398,1321,-1,1321,1398,1399,-1,1321,1399,1323,-1,1323,1399,1400,-1,1323,1400,1277,-1,1401,1402,1319,-1,1402,1403,1319,-1,1319,1403,1404,-1,1319,1404,1398,-1,1319,1317,1401,-1,1401,1317,1315,-1,1401,1315,1405,-1,1405,1315,1313,-1,1405,1313,1406,-1,1406,1313,1311,-1,1406,1311,1407,-1,1408,1409,1295,-1,1410,1299,1411,-1,1411,1299,1297,-1,1411,1297,1412,-1,1412,1297,1295,-1,1412,1295,1413,-1,1413,1295,1409,-1,1414,1415,1287,-1,1287,1285,1414,-1,1414,1285,1283,-1,1414,1283,1416,-1,1416,1283,1281,-1,1416,1281,1417,-1,1417,1281,1279,-1,1417,1279,1418,-1,1418,1279,1419,-1,1420,1303,1410,-1,1410,1303,1301,-1,1410,1301,1299,-1,1295,1293,1408,-1,1408,1293,1291,-1,1408,1291,1421,-1,1421,1291,1289,-1,1421,1289,1422,-1,1422,1289,1287,-1,1422,1287,1423,-1,1423,1287,1415,-1,1277,1400,1279,-1,1279,1400,1424,-1,1279,1424,1419,-1,1425,1426,1311,-1,1311,1426,1427,-1,1311,1427,1407,-1,1311,1309,1425,-1,1425,1309,1307,-1,1425,1307,1428,-1,1428,1307,1305,-1,1428,1305,1429,-1,1429,1305,1303,-1,1429,1303,1430,-1,1430,1303,1420,-1,1431,1432,1433,-1,1433,1432,1332,-1,1433,1332,1434,-1,1435,1370,1433,-1,1433,1370,1369,-1,1433,1369,1436,-1,1436,1437,1433,-1,1433,1437,1438,-1,1433,1438,1431,-1,1439,1377,1440,-1,1440,1377,1373,-1,1440,1373,1435,-1,1435,1373,1372,-1,1435,1372,1370,-1,1441,1442,1443,-1,1442,1444,1443,-1,1443,1444,1374,-1,1443,1374,1439,-1,1439,1374,1376,-1,1439,1376,1377,-1,1443,1445,1361,-1,1361,1360,1443,-1,1443,1360,1446,-1,1443,1446,1447,-1,1447,1448,1443,-1,1443,1448,1449,-1,1443,1449,1441,-1,1450,1368,1451,-1,1451,1368,1364,-1,1451,1364,1445,-1,1445,1364,1363,-1,1445,1363,1361,-1,1452,1453,1454,-1,1453,1455,1454,-1,1454,1455,1365,-1,1454,1365,1450,-1,1450,1365,1367,-1,1450,1367,1368,-1,1454,1456,1352,-1,1352,1351,1454,-1,1454,1351,1457,-1,1454,1457,1458,-1,1458,1459,1454,-1,1454,1459,1460,-1,1454,1460,1452,-1,1461,1359,1462,-1,1462,1359,1355,-1,1462,1355,1456,-1,1456,1355,1354,-1,1456,1354,1352,-1,1463,1464,1465,-1,1464,1466,1465,-1,1465,1466,1356,-1,1465,1356,1461,-1,1461,1356,1358,-1,1461,1358,1359,-1,1465,1467,1343,-1,1343,1342,1465,-1,1465,1342,1468,-1,1465,1468,1469,-1,1469,1470,1465,-1,1465,1470,1471,-1,1465,1471,1463,-1,1472,1350,1473,-1,1473,1350,1346,-1,1473,1346,1467,-1,1467,1346,1345,-1,1467,1345,1343,-1,1474,1475,1476,-1,1475,1477,1476,-1,1476,1477,1347,-1,1476,1347,1472,-1,1472,1347,1349,-1,1472,1349,1350,-1,1476,1478,1334,-1,1334,1333,1476,-1,1476,1333,1479,-1,1476,1479,1480,-1,1480,1481,1476,-1,1476,1481,1482,-1,1476,1482,1474,-1,1483,1341,1484,-1,1484,1341,1337,-1,1484,1337,1478,-1,1478,1337,1336,-1,1478,1336,1334,-1,1485,1486,1487,-1,1487,1486,1338,-1,1487,1338,1483,-1,1483,1338,1340,-1,1483,1340,1341,-1,1488,1326,1487,-1,1487,1326,1325,-1,1487,1325,1489,-1,1489,1490,1487,-1,1487,1490,1491,-1,1487,1491,1485,-1,1332,1331,1434,-1,1434,1331,1330,-1,1434,1330,1492,-1,1492,1330,1329,-1,1492,1329,1488,-1,1488,1329,1328,-1,1488,1328,1326,-1,1493,1487,1494,-1,1494,1487,1483,-1,1494,1483,1495,-1,1495,1483,1484,-1,1495,1484,1496,-1,1496,1484,1478,-1,1496,1478,1497,-1,1497,1478,1476,-1,1497,1476,1498,-1,1498,1476,1472,-1,1498,1472,1499,-1,1499,1472,1473,-1,1499,1473,1500,-1,1500,1473,1467,-1,1500,1467,1501,-1,1501,1467,1465,-1,1501,1465,1502,-1,1502,1465,1461,-1,1502,1461,1503,-1,1503,1461,1462,-1,1503,1462,1504,-1,1504,1462,1456,-1,1504,1456,1505,-1,1505,1456,1454,-1,1505,1454,1506,-1,1506,1454,1450,-1,1506,1450,1507,-1,1507,1450,1451,-1,1507,1451,1508,-1,1508,1451,1445,-1,1508,1445,1509,-1,1509,1445,1443,-1,1509,1443,1510,-1,1510,1443,1439,-1,1510,1439,1511,-1,1511,1439,1440,-1,1511,1440,1512,-1,1512,1440,1435,-1,1512,1435,1513,-1,1513,1435,1433,-1,1513,1433,1514,-1,1514,1433,1434,-1,1514,1434,1515,-1,1515,1434,1492,-1,1515,1492,1516,-1,1516,1492,1488,-1,1516,1488,1493,-1,1493,1488,1487,-1,1517,1518,1519,-1,1519,1518,1520,-1,1519,1520,1521,-1,1522,1523,1519,-1,1519,1523,1524,-1,1519,1524,1525,-1,1525,1526,1519,-1,1519,1526,1527,-1,1519,1527,1517,-1,1528,1529,1530,-1,1530,1529,1531,-1,1530,1531,1522,-1,1522,1531,1532,-1,1522,1532,1523,-1,1533,1534,1535,-1,1534,1536,1535,-1,1535,1536,1537,-1,1535,1537,1528,-1,1528,1537,1538,-1,1528,1538,1529,-1,1535,1539,1540,-1,1540,1541,1535,-1,1535,1541,1542,-1,1535,1542,1543,-1,1543,1544,1535,-1,1535,1544,1545,-1,1535,1545,1533,-1,1546,1547,1548,-1,1548,1547,1549,-1,1548,1549,1539,-1,1539,1549,1550,-1,1539,1550,1540,-1,1551,1552,1553,-1,1552,1554,1553,-1,1553,1554,1555,-1,1553,1555,1546,-1,1546,1555,1556,-1,1546,1556,1547,-1,1553,1557,1558,-1,1558,1559,1553,-1,1553,1559,1560,-1,1553,1560,1561,-1,1561,1562,1553,-1,1553,1562,1563,-1,1553,1563,1551,-1,1564,1565,1566,-1,1566,1565,1567,-1,1566,1567,1557,-1,1557,1567,1568,-1,1557,1568,1558,-1,1569,1570,1571,-1,1570,1572,1571,-1,1571,1572,1573,-1,1571,1573,1564,-1,1564,1573,1574,-1,1564,1574,1565,-1,1571,1575,1576,-1,1576,1577,1571,-1,1571,1577,1578,-1,1571,1578,1579,-1,1579,1580,1571,-1,1571,1580,1581,-1,1571,1581,1569,-1,1582,1583,1584,-1,1584,1583,1585,-1,1584,1585,1575,-1,1575,1585,1586,-1,1575,1586,1576,-1,1587,1588,1589,-1,1589,1588,1590,-1,1589,1590,1582,-1,1582,1590,1591,-1,1582,1591,1583,-1,1592,1593,1589,-1,1589,1593,1594,-1,1589,1594,1595,-1,1595,1596,1589,-1,1589,1596,1597,-1,1589,1597,1587,-1,1598,1599,1600,-1,1600,1599,1601,-1,1600,1601,1592,-1,1592,1601,1602,-1,1592,1602,1593,-1,1603,1604,1605,-1,1605,1604,1606,-1,1605,1606,1598,-1,1598,1606,1607,-1,1598,1607,1599,-1,1608,1609,1605,-1,1605,1609,1610,-1,1605,1610,1611,-1,1611,1612,1605,-1,1605,1612,1613,-1,1605,1613,1603,-1,1520,1614,1521,-1,1521,1614,1615,-1,1521,1615,1616,-1,1616,1615,1617,-1,1616,1617,1608,-1,1608,1617,1618,-1,1608,1618,1609,-1,1619,1605,1620,-1,1620,1605,1598,-1,1620,1598,1621,-1,1621,1598,1600,-1,1621,1600,1622,-1,1622,1600,1592,-1,1622,1592,1623,-1,1623,1592,1589,-1,1623,1589,1624,-1,1624,1589,1582,-1,1624,1582,1625,-1,1625,1582,1584,-1,1625,1584,1626,-1,1626,1584,1575,-1,1626,1575,1627,-1,1627,1575,1571,-1,1627,1571,1628,-1,1628,1571,1564,-1,1628,1564,1629,-1,1629,1564,1566,-1,1629,1566,1630,-1,1630,1566,1557,-1,1630,1557,1631,-1,1631,1557,1553,-1,1631,1553,1632,-1,1632,1553,1546,-1,1632,1546,1633,-1,1633,1546,1548,-1,1633,1548,1634,-1,1634,1548,1539,-1,1634,1539,1635,-1,1635,1539,1535,-1,1635,1535,1636,-1,1636,1535,1528,-1,1636,1528,1637,-1,1637,1528,1530,-1,1637,1530,1638,-1,1638,1530,1522,-1,1638,1522,1639,-1,1639,1522,1519,-1,1639,1519,1640,-1,1640,1519,1521,-1,1640,1521,1641,-1,1641,1521,1616,-1,1641,1616,1642,-1,1642,1616,1608,-1,1642,1608,1619,-1,1619,1608,1605,-1,1386,1489,1385,-1,1385,1489,1325,-1,1385,1325,1324,-1,1485,1491,1386,-1,1386,1491,1490,-1,1386,1490,1489,-1,1386,1387,1485,-1,1485,1387,1388,-1,1485,1388,1486,-1,1486,1388,1339,-1,1486,1339,1338,-1,1382,1436,1381,-1,1381,1436,1369,-1,1381,1369,1371,-1,1431,1438,1382,-1,1382,1438,1437,-1,1382,1437,1436,-1,1382,1384,1431,-1,1431,1384,1383,-1,1431,1383,1432,-1,1432,1383,1327,-1,1432,1327,1332,-1,1448,1447,1392,-1,1392,1447,1362,-1,1362,1447,1446,-1,1362,1446,1360,-1,1448,1392,1449,-1,1449,1392,1393,-1,1449,1393,1441,-1,1441,1393,1380,-1,1441,1380,1442,-1,1442,1380,1444,-1,1444,1380,1375,-1,1444,1375,1374,-1,1459,1458,1389,-1,1389,1458,1353,-1,1353,1458,1457,-1,1353,1457,1351,-1,1459,1389,1460,-1,1460,1389,1390,-1,1460,1390,1452,-1,1452,1390,1379,-1,1452,1379,1453,-1,1453,1379,1455,-1,1455,1379,1366,-1,1455,1366,1365,-1,1481,1480,1378,-1,1378,1480,1335,-1,1335,1480,1479,-1,1335,1479,1333,-1,1481,1378,1482,-1,1482,1378,1395,-1,1482,1395,1474,-1,1474,1395,1394,-1,1474,1394,1475,-1,1475,1394,1477,-1,1477,1394,1348,-1,1477,1348,1347,-1,1470,1469,1396,-1,1396,1469,1344,-1,1344,1469,1468,-1,1344,1468,1342,-1,1470,1396,1471,-1,1471,1396,1397,-1,1471,1397,1463,-1,1463,1397,1391,-1,1463,1391,1464,-1,1464,1391,1466,-1,1466,1391,1357,-1,1466,1357,1356,-1,1610,1399,1398,-1,1610,1398,1611,-1,1611,1398,1404,-1,1611,1404,1612,-1,1612,1404,1613,-1,1613,1404,1403,-1,1613,1403,1603,-1,1603,1403,1402,-1,1603,1402,1604,-1,1604,1402,1401,-1,1604,1401,1606,-1,1524,1416,1417,-1,1524,1417,1525,-1,1525,1417,1418,-1,1525,1418,1526,-1,1526,1418,1527,-1,1527,1418,1419,-1,1527,1419,1517,-1,1517,1419,1424,-1,1517,1424,1518,-1,1518,1424,1400,-1,1518,1400,1520,-1,1544,1543,1422,-1,1422,1543,1421,-1,1421,1543,1542,-1,1421,1542,1541,-1,1544,1422,1545,-1,1545,1422,1423,-1,1545,1423,1533,-1,1533,1423,1415,-1,1533,1415,1534,-1,1534,1415,1536,-1,1536,1415,1414,-1,1536,1414,1537,-1,1562,1561,1412,-1,1412,1561,1411,-1,1411,1561,1560,-1,1411,1560,1559,-1,1562,1412,1563,-1,1563,1412,1413,-1,1563,1413,1551,-1,1551,1413,1409,-1,1551,1409,1552,-1,1552,1409,1554,-1,1554,1409,1408,-1,1554,1408,1555,-1,1594,1405,1406,-1,1594,1406,1595,-1,1595,1406,1407,-1,1595,1407,1596,-1,1596,1407,1597,-1,1597,1407,1427,-1,1597,1427,1587,-1,1587,1427,1426,-1,1587,1426,1588,-1,1588,1426,1425,-1,1588,1425,1590,-1,1580,1579,1429,-1,1429,1579,1428,-1,1428,1579,1578,-1,1428,1578,1577,-1,1580,1429,1581,-1,1581,1429,1430,-1,1581,1430,1569,-1,1569,1430,1420,-1,1569,1420,1570,-1,1570,1420,1572,-1,1572,1420,1410,-1,1572,1410,1573,-1,1069,1064,1070,-1,1070,1064,1065,-1,1070,1065,1071,-1,1071,1065,1062,-1,1071,1062,1072,-1,1072,1062,1061,-1,1072,1061,1073,-1,1073,1061,1060,-1,1073,1060,1075,-1,1075,1060,1059,-1,1075,1059,1074,-1,1074,1059,1058,-1,1015,1042,1016,-1,1016,1042,1043,-1,1016,1043,1017,-1,1017,1043,1040,-1,1017,1040,1018,-1,1018,1040,1039,-1,1018,1039,1019,-1,1019,1039,1038,-1,1019,1038,1023,-1,1023,1038,1037,-1,1023,1037,1022,-1,1022,1037,1036,-1,1643,1644,1645,-1,1645,1644,1646,-1,1645,1646,1647,-1,1647,1646,1648,-1,1647,1648,1649,-1,1649,1648,1650,-1,1649,1650,1651,-1,1651,1650,1652,-1,1651,1652,1653,-1,1653,1652,1654,-1,1653,1654,1655,-1,1655,1654,1656,-1,1655,1656,1657,-1,1657,1656,1658,-1,1657,1658,1659,-1,1659,1658,1660,-1,1659,1660,1661,-1,1661,1660,1662,-1,1661,1662,1663,-1,1663,1662,1664,-1,1663,1664,1665,-1,1665,1664,1666,-1,1665,1666,1667,-1,1667,1666,1668,-1,1667,1668,1669,-1,1669,1668,1670,-1,1669,1670,1671,-1,1671,1670,1672,-1,1671,1672,1673,-1,1673,1672,1674,-1,1673,1674,1675,-1,1675,1674,1676,-1,1675,1676,1677,-1,1677,1676,1678,-1,1677,1678,1679,-1,1679,1678,1680,-1,1679,1680,1681,-1,1681,1680,1682,-1,1681,1682,1683,-1,1683,1682,1684,-1,1683,1684,1685,-1,1685,1684,1686,-1,1685,1686,1687,-1,1687,1686,1688,-1,1687,1688,1689,-1,1689,1688,1690,-1,1689,1690,1643,-1,1643,1690,1644,-1,1687,1689,1691,-1,1691,1689,1643,-1,1691,1643,1645,-1,1681,1683,1691,-1,1691,1683,1685,-1,1691,1685,1687,-1,1675,1677,1691,-1,1691,1677,1679,-1,1691,1679,1681,-1,1669,1671,1691,-1,1691,1671,1673,-1,1691,1673,1675,-1,1663,1665,1691,-1,1691,1665,1667,-1,1691,1667,1669,-1,1657,1659,1691,-1,1691,1659,1661,-1,1691,1661,1663,-1,1651,1653,1691,-1,1691,1653,1655,-1,1691,1655,1657,-1,1645,1647,1691,-1,1691,1647,1649,-1,1691,1649,1651,-1,1692,1693,1694,-1,1694,1693,1695,-1,1694,1695,1696,-1,1696,1695,1697,-1,1696,1697,1698,-1,1698,1697,1699,-1,1698,1699,1700,-1,1700,1699,1701,-1,1700,1701,1702,-1,1702,1701,1703,-1,1702,1703,1704,-1,1704,1703,1705,-1,1704,1705,1706,-1,1706,1705,1707,-1,1706,1707,1708,-1,1708,1707,1709,-1,1708,1709,1710,-1,1710,1709,1711,-1,1710,1711,1712,-1,1712,1711,1713,-1,1712,1713,1714,-1,1714,1713,1715,-1,1714,1715,1716,-1,1716,1715,1717,-1,1716,1717,1718,-1,1718,1717,1719,-1,1718,1719,1720,-1,1720,1719,1721,-1,1720,1721,1722,-1,1722,1721,1723,-1,1722,1723,1724,-1,1724,1723,1725,-1,1724,1725,1726,-1,1726,1725,1727,-1,1726,1727,1728,-1,1728,1727,1729,-1,1728,1729,1730,-1,1730,1729,1731,-1,1730,1731,1732,-1,1732,1731,1733,-1,1732,1733,1734,-1,1734,1733,1735,-1,1734,1735,1736,-1,1736,1735,1737,-1,1736,1737,1738,-1,1738,1737,1739,-1,1738,1739,1692,-1,1692,1739,1693,-1,1736,1738,1740,-1,1740,1738,1692,-1,1740,1692,1694,-1,1730,1732,1740,-1,1740,1732,1734,-1,1740,1734,1736,-1,1724,1726,1740,-1,1740,1726,1728,-1,1740,1728,1730,-1,1718,1720,1740,-1,1740,1720,1722,-1,1740,1722,1724,-1,1712,1714,1740,-1,1740,1714,1716,-1,1740,1716,1718,-1,1706,1708,1740,-1,1740,1708,1710,-1,1740,1710,1712,-1,1700,1702,1740,-1,1740,1702,1704,-1,1740,1704,1706,-1,1694,1696,1740,-1,1740,1696,1698,-1,1740,1698,1700,-1,1695,1630,1697,-1,1697,1630,1631,-1,1697,1631,1699,-1,1699,1631,1632,-1,1699,1632,1701,-1,1701,1632,1633,-1,1701,1633,1703,-1,1703,1633,1634,-1,1703,1634,1705,-1,1705,1634,1635,-1,1705,1635,1707,-1,1707,1635,1636,-1,1707,1636,1709,-1,1709,1636,1637,-1,1709,1637,1711,-1,1711,1637,1638,-1,1711,1638,1713,-1,1713,1638,1639,-1,1713,1639,1715,-1,1715,1639,1640,-1,1715,1640,1717,-1,1717,1640,1641,-1,1717,1641,1719,-1,1719,1641,1642,-1,1719,1642,1721,-1,1721,1642,1619,-1,1721,1619,1723,-1,1723,1619,1620,-1,1723,1620,1725,-1,1725,1620,1621,-1,1725,1621,1727,-1,1727,1621,1622,-1,1727,1622,1729,-1,1729,1622,1623,-1,1729,1623,1731,-1,1731,1623,1624,-1,1731,1624,1733,-1,1733,1624,1625,-1,1733,1625,1735,-1,1735,1625,1626,-1,1735,1626,1737,-1,1737,1626,1627,-1,1737,1627,1739,-1,1739,1627,1628,-1,1739,1628,1693,-1,1693,1628,1629,-1,1693,1629,1695,-1,1695,1629,1630,-1,1646,1504,1648,-1,1648,1504,1505,-1,1648,1505,1650,-1,1650,1505,1506,-1,1650,1506,1652,-1,1652,1506,1507,-1,1652,1507,1654,-1,1654,1507,1508,-1,1654,1508,1656,-1,1656,1508,1509,-1,1656,1509,1658,-1,1658,1509,1510,-1,1658,1510,1660,-1,1660,1510,1511,-1,1660,1511,1662,-1,1662,1511,1512,-1,1662,1512,1664,-1,1664,1512,1513,-1,1664,1513,1666,-1,1666,1513,1514,-1,1666,1514,1668,-1,1668,1514,1515,-1,1668,1515,1670,-1,1670,1515,1516,-1,1670,1516,1672,-1,1672,1516,1493,-1,1672,1493,1674,-1,1674,1493,1494,-1,1674,1494,1676,-1,1676,1494,1495,-1,1676,1495,1678,-1,1678,1495,1496,-1,1678,1496,1680,-1,1680,1496,1497,-1,1680,1497,1682,-1,1682,1497,1498,-1,1682,1498,1684,-1,1684,1498,1499,-1,1684,1499,1686,-1,1686,1499,1500,-1,1686,1500,1688,-1,1688,1500,1501,-1,1688,1501,1690,-1,1690,1501,1502,-1,1690,1502,1644,-1,1644,1502,1503,-1,1644,1503,1646,-1,1646,1503,1504,-1,
        ]
    }
}
Shape{
    appearance Appearance {
        material  Material 	{
            diffuseColor 0.2980392156862745 0.2980392156862745 0.2980392156862745
            specularColor 0.09019607843137255 0.09019607843137255 0.09019607843137255
            ambientIntensity 0.298
            transparency 0.0
            shininess 0.5
        }
    }
    geometry IndexedFaceSet {
        ccw TRUE
        solid FALSE
        coord DEF co Coordinate {
            point [
                -0.689 3.6417 3.8432, -0.689 0.4134 3.8432, -0.6823 0.4134 3.8942, -0.6823 3.6417 3.8942, -0.6626 0.4134 3.9417, -0.6626 3.6417 3.9417, -0.6313 0.4134 3.9824, -0.6313 3.6417 3.9824, -0.5905 0.4134 4.0137, -0.5905 3.6417 4.0137, -0.5431 0.4134 4.0334, -0.5431 3.6417 4.0334, -0.4921 0.4134 4.0401, -0.4921 3.6417 4.0401, 6.2008 0.4134 3.8432, 6.2008 3.6417 3.8432, 6.1941 3.6417 3.8942, 6.1941 0.4134 3.8942, 6.1744 3.6417 3.9417, 6.1744 0.4134 3.9417, 6.1431 3.6417 3.9824, 6.1431 0.4134 3.9824, 6.1024 3.6417 4.0137, 6.1024 0.4134 4.0137, 6.0549 3.6417 4.0334, 6.0549 0.4134 4.0334, 6.0039 3.6417 4.0401, 6.0039 0.4134 4.0401, 8.8189 -1.0827 4.6307, 8.8189 -0.0984 4.6307, 8.8122 -0.0984 4.6816, 8.8122 -1.0827 4.6816, 8.7925 -0.0984 4.7291, 8.7925 -1.0827 4.7291, 8.7612 -0.0984 4.7698, 8.7612 -1.0827 4.7698, 8.7205 -0.0984 4.8011, 8.7205 -1.0827 4.8011, 8.673 -0.0984 4.8208, 8.673 -1.0827 4.8208, 8.6221 -0.0984 4.8275, 8.6221 -1.0827 4.8275, -3.3071 -0.0984 4.6307, -3.3071 -1.0827 4.6307, -3.3004 -1.0827 4.6816, -3.3004 -0.0984 4.6816, -3.2807 -1.0827 4.7291, -3.2807 -0.0984 4.7291, -3.2494 -1.0827 4.7698, -3.2494 -0.0984 4.7698, -3.2087 -1.0827 4.8011, -3.2087 -0.0984 4.8011, -3.1612 -1.0827 4.8208, -3.1612 -0.0984 4.8208, -3.1102 -1.0827 4.8275, -3.1102 -0.0984 4.8275
            ]
        }
        coordIndex [
            0,1,2,-1,0,2,3,-1,3,2,4,-1,3,4,5,-1,5,4,6,-1,5,6,7,-1,7,6,8,-1,7,8,9,-1,9,8,10,-1,9,10,11,-1,11,10,12,-1,11,12,13,-1,14,15,16,-1,14,16,17,-1,17,16,18,-1,17,18,19,-1,19,18,20,-1,19,20,21,-1,21,20,22,-1,21,22,23,-1,23,22,24,-1,23,24,25,-1,25,24,26,-1,25,26,27,-1,28,29,30,-1,28,30,31,-1,31,30,32,-1,31,32,33,-1,33,32,34,-1,33,34,35,-1,35,34,36,-1,35,36,37,-1,37,36,38,-1,37,38,39,-1,39,38,40,-1,39,40,41,-1,42,43,44,-1,42,44,45,-1,45,44,46,-1,45,46,47,-1,47,46,48,-1,47,48,49,-1,49,48,50,-1,49,50,51,-1,51,50,52,-1,51,52,53,-1,53,52,54,-1,53,54,55,-1,
        ]
    }
}
Shape{
    appearance Appearance {
        material  Material 	{
            diffuseColor 0.8509803921568627 0.8509803921568627 0.8509803921568627
            specularColor 0.6823529411764706 0.6823529411764706 0.6823529411764706
            ambientIntensity 0.851
            transparency 0.0
            shininess 0.5
        }
    }
    geometry IndexedFaceSet {
        ccw TRUE
        solid FALSE
        coord DEF co Coordinate {
            point [
                -3.0905 -1.2008 4.8472, -3.0905 -1.0827 4.8472, -3.1517 -1.0827 4.8391, -3.1517 -1.2008 4.8391, -3.2087 -1.0827 4.8155, -3.2087 -1.2008 4.8155, -3.2576 -1.0827 4.778, -3.2576 -1.2008 4.778, -3.2951 -1.0827 4.7291, -3.2951 -1.2008 4.7291, -3.3187 -1.0827 4.6721, -3.3187 -1.2008 4.6721, -3.3268 -1.0827 4.611, -3.3268 -1.2008 4.611, 8.8386 -1.2008 4.611, 8.8386 -1.0827 4.611, 8.8305 -1.0827 4.6721, 8.8305 -1.2008 4.6721, 8.8069 -1.0827 4.7291, 8.8069 -1.2008 4.7291, 8.7694 -1.0827 4.778, 8.7694 -1.2008 4.778, 8.7205 -1.0827 4.8155, 8.7205 -1.2008 4.8155, 8.6635 -1.0827 4.8391, 8.6635 -1.2008 4.8391, 8.6024 -1.0827 4.8472, 8.6024 -1.2008 4.8472, -3.3268 -1.2008 -0.0741, -3.3268 -1.0827 -0.0741, -3.3254 -1.0827 -0.0843, -3.3254 -1.2008 -0.0843, -3.3215 -1.0827 -0.0938, -3.3215 -1.2008 -0.0938, -3.3152 -1.0827 -0.1019, -3.3152 -1.2008 -0.1019, -3.3071 -1.0827 -0.1082, -3.3071 -1.2008 -0.1082, -3.2976 -1.0827 -0.1121, -3.2976 -1.2008 -0.1121, -3.2874 -1.0827 -0.1134, -3.2874 -1.2008 -0.1134, 8.7992 -1.2008 -0.1134, 8.7992 -1.0827 -0.1134, 8.8094 -1.0827 -0.1121, 8.8094 -1.2008 -0.1121, 8.8189 -1.0827 -0.1082, 8.8189 -1.2008 -0.1082, 8.8271 -1.0827 -0.1019, 8.8271 -1.2008 -0.1019, 8.8333 -1.0827 -0.0938, 8.8333 -1.2008 -0.0938, 8.8372 -1.0827 -0.0843, 8.8372 -1.2008 -0.0843, 8.8386 -1.0827 -0.0741, 8.8386 -1.2008 -0.0741
            ]
        }
        coordIndex [
            0,1,2,-1,0,2,3,-1,3,2,4,-1,3,4,5,-1,5,4,6,-1,5,6,7,-1,7,6,8,-1,7,8,9,-1,9,8,10,-1,9,10,11,-1,11,10,12,-1,11,12,13,-1,14,15,16,-1,14,16,17,-1,17,16,18,-1,17,18,19,-1,19,18,20,-1,19,20,21,-1,21,20,22,-1,21,22,23,-1,23,22,24,-1,23,24,25,-1,25,24,26,-1,25,26,27,-1,28,29,30,-1,28,30,31,-1,31,30,32,-1,31,32,33,-1,33,32,34,-1,33,34,35,-1,35,34,36,-1,35,36,37,-1,37,36,38,-1,37,38,39,-1,39,38,40,-1,39,40,41,-1,42,43,44,-1,42,44,45,-1,45,44,46,-1,45,46,47,-1,47,46,48,-1,47,48,49,-1,49,48,50,-1,49,50,51,-1,51,50,52,-1,51,52,53,-1,53,52,54,-1,53,54,55,-1,
        ]
    }
}
Shape{
    appearance Appearance {
        material  Material 	{
            diffuseColor 1.0 1.0 1.0
            specularColor 0.8784313725490196 0.8784313725490196 0.8784313725490196
            ambientIntensity 1.0
            transparency 0.0
            shininess 0.5
        }
    }
    geometry IndexedFaceSet {
        ccw TRUE
        solid FALSE
        coord DEF co Coordinate {
            point [
                1.7549 1.1987 0.3629, 1.5244 0.6081 0.3629, 1.7549 1.1987 0.359, 1.5244 0.6081 0.359, 1.6108 0.6081 0.3629, 1.6108 0.6081 0.359, 1.6706 0.7738 0.3629, 1.6706 0.7738 0.359, 1.9145 0.7738 0.3629, 1.9145 0.7738 0.359, 1.9709 0.6081 0.3629, 1.9709 0.6081 0.359, 2.0573 0.6081 0.3629, 2.0573 0.6081 0.359, 1.8341 1.1987 0.3629, 1.8341 1.1987 0.359, 1.8946 0.8386 0.3629, 1.6971 0.8386 0.3629, 1.8065 1.0852 0.3629, 1.8008 1.1057 0.3629, 1.7971 1.1266 0.3629, 1.7951 1.1266 0.3629, 1.7913 1.1058 0.3629, 1.786 1.0852 0.3629, 1.8946 0.8386 0.359, 1.6971 0.8386 0.359, 1.8065 1.0852 0.359, 1.8008 1.1057 0.359, 1.7971 1.1266 0.359, 1.7951 1.1266 0.359, 1.7913 1.1058 0.359, 1.786 1.0852 0.359, 2.4153 0.6081 0.3629, 2.5759 0.6081 0.3629, 2.4153 0.6081 0.359, 2.5759 0.6081 0.359, 2.5759 1.1987 0.3629, 2.5759 1.1987 0.359, 2.4092 1.1987 0.3629, 2.4092 1.1987 0.359, 2.1005 0.9108 0.3629, 2.1005 0.9108 0.359, 2.1048 0.9664 0.359, 2.1048 0.9664 0.3629, 2.1207 1.0246 0.359, 2.1207 1.0246 0.3629, 2.1481 1.0754 0.359, 2.1481 1.0754 0.3629, 2.1899 1.1217 0.359, 2.1899 1.1217 0.3629, 2.1905 1.1222 0.359, 2.1905 1.1222 0.3629, 2.2548 1.1653 0.359, 2.2548 1.1653 0.3629, 2.3239 1.1895 0.359, 2.3239 1.1895 0.3629, 2.3422 0.6145 0.359, 2.3422 0.6145 0.3629, 2.2742 0.6348 0.359, 2.2742 0.6348 0.3629, 2.2125 0.6706 0.359, 2.2125 0.6706 0.3629, 2.1639 0.7172 0.359, 2.1639 0.7172 0.3629, 2.13 0.77 0.359, 2.13 0.77 0.3629, 2.1088 0.8318 0.359, 2.1088 0.8318 0.3629, 2.2191 1.051 0.3629, 2.2478 1.0815 0.3629, 2.2909 1.1094 0.3629, 2.3396 1.1264 0.3629, 2.4095 1.1339 0.3629, 2.4966 1.1339 0.3629, 2.4966 0.6729 0.3629, 2.4128 0.6729 0.3629, 2.3505 0.6787 0.3629, 2.3008 0.6942 0.3629, 2.2605 0.7182 0.3629, 2.2274 0.7509 0.3629, 2.2025 0.7916 0.3629, 2.1852 0.8471 0.3629, 2.1798 0.9091 0.3629, 2.1848 0.9679 0.3629, 2.1986 1.0146 0.3629, 2.4095 1.1339 0.359, 2.4966 1.1339 0.359, 2.3396 1.1264 0.359, 2.2909 1.1094 0.359, 2.2478 1.0815 0.359, 2.2191 1.051 0.359, 2.1986 1.0146 0.359, 2.1848 0.9679 0.359, 2.1798 0.9091 0.359, 2.1852 0.8471 0.359, 2.2025 0.7916 0.359, 2.2274 0.7509 0.359, 2.2605 0.7182 0.359, 2.3008 0.6942 0.359, 2.3505 0.6787 0.359, 2.4128 0.6729 0.359, 2.4966 0.6729 0.359, 2.6911 0.6729 0.3629, 2.6911 0.6081 0.3629, 2.6911 0.6729 0.359, 2.6911 0.6081 0.359, 3.008 0.6081 0.3629, 3.008 0.6081 0.359, 3.008 1.1987 0.3629, 3.008 1.1987 0.359, 2.7055 1.1987 0.3629, 2.7055 1.1987 0.359, 2.7055 1.1339 0.3629, 2.7055 1.1339 0.359, 2.9288 1.1339 0.3629, 2.9288 1.1339 0.359, 2.9288 0.9394 0.3629, 2.9288 0.9394 0.359, 2.7199 0.9394 0.3629, 2.7199 0.9394 0.359, 2.7199 0.8746 0.3629, 2.7199 0.8746 0.359, 2.9288 0.8746 0.3629, 2.9288 0.8746 0.359, 2.9288 0.6729 0.3629, 2.9288 0.6729 0.359, 3.1232 0.7035 0.3629, 3.1232 0.6387 0.3629, 3.1232 0.7035 0.359, 3.1232 0.6387 0.359, 3.1862 0.6129 0.3629, 3.2857 0.6009 0.3629, 3.2857 0.6009 0.359, 3.2695 0.6012 0.359, 3.2695 0.6012 0.3629, 3.2458 0.6045 0.359, 3.1862 0.6129 0.359, 3.3204 0.6045 0.359, 3.3585 0.6085 0.3629, 3.3585 0.6085 0.359, 3.4157 0.6282 0.3629, 3.4157 0.6282 0.359, 3.4632 0.6585 0.3629, 3.4632 0.6585 0.359, 3.5076 0.7052 0.3629, 3.5076 0.7052 0.359, 3.539 0.7613 0.3629, 3.539 0.7613 0.359, 3.5568 0.8239 0.3629, 3.5568 0.8239 0.359, 3.5625 0.8923 0.3629, 3.5625 0.8923 0.359, 3.2622 1.2059 0.3629, 3.2622 1.2059 0.359, 3.3215 1.201 0.359, 3.3215 1.201 0.3629, 3.3873 1.1819 0.359, 3.3873 1.1819 0.3629, 3.4434 1.1496 0.359, 3.4434 1.1496 0.3629, 3.4967 1.0983 0.359, 3.4967 1.0983 0.3629, 3.5313 1.0431 0.359, 3.5313 1.0431 0.3629, 3.554 0.9762 0.359, 3.554 0.9762 0.3629, 3.1232 1.1825 0.3629, 3.1232 1.1825 0.359, 3.1915 1.201 0.359, 3.1915 1.201 0.3629, 3.1232 1.1032 0.3629, 3.1232 1.1032 0.359, 3.2615 1.1411 0.3629, 3.2615 1.1411 0.359, 3.1897 1.1317 0.359, 3.1897 1.1317 0.3629, 3.4833 0.8971 0.3629, 3.4833 0.8971 0.359, 3.4805 0.943 0.359, 3.4805 0.943 0.3629, 3.4647 1.0063 0.359, 3.4647 1.0063 0.3629, 3.4404 1.0519 0.359, 3.4404 1.0519 0.3629, 3.4047 1.0912 0.359, 3.4047 1.0912 0.3629, 3.3639 1.1186 0.359, 3.3639 1.1186 0.3629, 3.3197 1.1345 0.359, 3.3197 1.1345 0.3629, 3.2748 0.6657 0.3629, 3.2748 0.6657 0.359, 3.3299 0.6719 0.359, 3.3299 0.6719 0.3629, 3.3729 0.6878 0.359, 3.3729 0.6878 0.3629, 3.4091 0.7122 0.359, 3.4091 0.7122 0.3629, 3.4368 0.7414 0.359, 3.4368 0.7414 0.3629, 3.4613 0.7824 0.359, 3.4613 0.7824 0.3629, 3.4773 0.8332 0.359, 3.4773 0.8332 0.3629, 3.1338 0.6977 0.359, 3.1338 0.6977 0.3629, 3.1964 0.6744 0.359, 3.1964 0.6744 0.3629, 3.6129 0.6729 0.3629, 3.6129 0.6081 0.3629, 3.6129 0.6729 0.359, 3.6129 0.6081 0.359, 3.9154 0.6081 0.3629, 3.9154 0.6081 0.359, 3.9154 1.1987 0.3629, 3.9154 1.1987 0.359, 3.8362 1.1987 0.3629, 3.8362 1.1987 0.359, 3.8362 0.6729 0.3629, 3.8362 0.6729 0.359
            ]
        }
        coordIndex [
            0,1,2,-1,2,1,3,-1,1,4,3,-1,3,4,5,-1,4,6,5,-1,5,6,7,-1,6,8,7,-1,7,8,9,-1,8,10,9,-1,9,10,11,-1,10,12,11,-1,11,12,13,-1,12,14,13,-1,13,14,15,-1,14,0,15,-1,15,0,2,-1,16,8,17,-1,17,8,6,-1,18,14,16,-1,16,14,12,-1,16,12,8,-1,8,12,10,-1,18,19,14,-1,14,19,20,-1,14,20,0,-1,0,20,21,-1,0,21,22,-1,22,23,0,-1,0,23,17,-1,0,17,1,-1,1,17,6,-1,1,6,4,-1,16,17,24,-1,24,17,25,-1,18,16,26,-1,26,16,24,-1,18,26,27,-1,18,27,19,-1,19,27,28,-1,19,28,20,-1,21,20,29,-1,29,20,28,-1,21,29,30,-1,21,30,22,-1,22,30,31,-1,22,31,23,-1,17,23,25,-1,25,23,31,-1,32,33,34,-1,34,33,35,-1,33,36,35,-1,35,36,37,-1,36,38,37,-1,37,38,39,-1,40,41,42,-1,40,42,43,-1,43,42,44,-1,43,44,45,-1,45,44,46,-1,45,46,47,-1,47,46,48,-1,47,48,49,-1,49,48,50,-1,49,50,51,-1,51,50,52,-1,51,52,53,-1,53,52,54,-1,53,54,55,-1,55,54,39,-1,55,39,38,-1,32,34,56,-1,32,56,57,-1,57,56,58,-1,57,58,59,-1,59,58,60,-1,59,60,61,-1,61,60,62,-1,61,62,63,-1,63,62,64,-1,63,64,65,-1,65,64,66,-1,65,66,67,-1,67,66,41,-1,67,41,40,-1,45,47,68,-1,68,47,49,-1,68,49,69,-1,69,49,51,-1,69,51,70,-1,70,51,53,-1,70,53,71,-1,71,53,55,-1,71,55,72,-1,72,55,38,-1,72,38,73,-1,73,38,36,-1,73,36,74,-1,74,36,33,-1,74,33,75,-1,75,33,32,-1,75,32,76,-1,76,32,57,-1,76,57,77,-1,77,57,59,-1,77,59,78,-1,78,59,61,-1,78,61,79,-1,79,61,63,-1,79,63,80,-1,80,63,65,-1,80,65,81,-1,81,65,67,-1,81,67,82,-1,82,67,40,-1,82,40,83,-1,83,40,43,-1,83,43,84,-1,84,43,45,-1,84,45,68,-1,72,73,85,-1,85,73,86,-1,72,85,87,-1,72,87,71,-1,71,87,88,-1,71,88,70,-1,70,88,89,-1,70,89,69,-1,69,89,90,-1,69,90,68,-1,68,90,91,-1,68,91,84,-1,84,91,92,-1,84,92,83,-1,83,92,93,-1,83,93,82,-1,82,93,94,-1,82,94,81,-1,81,94,95,-1,81,95,80,-1,80,95,96,-1,80,96,79,-1,79,96,97,-1,79,97,78,-1,78,97,98,-1,78,98,77,-1,77,98,99,-1,77,99,76,-1,76,99,100,-1,76,100,75,-1,74,75,101,-1,101,75,100,-1,73,74,86,-1,86,74,101,-1,102,103,104,-1,104,103,105,-1,103,106,105,-1,105,106,107,-1,106,108,107,-1,107,108,109,-1,108,110,109,-1,109,110,111,-1,110,112,111,-1,111,112,113,-1,112,114,113,-1,113,114,115,-1,114,116,115,-1,115,116,117,-1,116,118,117,-1,117,118,119,-1,118,120,119,-1,119,120,121,-1,120,122,121,-1,121,122,123,-1,122,124,123,-1,123,124,125,-1,124,102,125,-1,125,102,104,-1,106,103,102,-1,102,124,106,-1,106,124,122,-1,106,122,108,-1,112,110,114,-1,114,110,108,-1,114,108,116,-1,116,108,122,-1,116,122,118,-1,118,122,120,-1,126,127,128,-1,128,127,129,-1,129,127,130,-1,131,132,133,-1,131,133,134,-1,134,133,135,-1,134,135,130,-1,130,135,136,-1,130,136,129,-1,132,131,137,-1,137,131,138,-1,137,138,139,-1,139,138,140,-1,139,140,141,-1,141,140,142,-1,141,142,143,-1,143,142,144,-1,143,144,145,-1,145,144,146,-1,145,146,147,-1,147,146,148,-1,147,148,149,-1,149,148,150,-1,149,150,151,-1,152,153,154,-1,152,154,155,-1,155,154,156,-1,155,156,157,-1,157,156,158,-1,157,158,159,-1,159,158,160,-1,159,160,161,-1,161,160,162,-1,161,162,163,-1,163,162,164,-1,163,164,165,-1,165,164,151,-1,165,151,150,-1,166,167,168,-1,166,168,169,-1,169,168,153,-1,169,153,152,-1,166,170,167,-1,167,170,171,-1,172,173,174,-1,172,174,175,-1,175,174,171,-1,175,171,170,-1,176,177,178,-1,176,178,179,-1,179,178,180,-1,179,180,181,-1,181,180,182,-1,181,182,183,-1,183,182,184,-1,183,184,185,-1,185,184,186,-1,185,186,187,-1,187,186,188,-1,187,188,189,-1,189,188,173,-1,189,173,172,-1,190,191,192,-1,190,192,193,-1,193,192,194,-1,193,194,195,-1,195,194,196,-1,195,196,197,-1,197,196,198,-1,197,198,199,-1,199,198,200,-1,199,200,201,-1,201,200,202,-1,201,202,203,-1,203,202,177,-1,203,177,176,-1,126,128,204,-1,126,204,205,-1,205,204,206,-1,205,206,207,-1,207,206,191,-1,207,191,190,-1,193,131,190,-1,190,131,134,-1,190,134,207,-1,207,134,130,-1,207,130,205,-1,205,130,127,-1,205,127,126,-1,170,166,175,-1,175,166,169,-1,175,169,172,-1,172,169,152,-1,172,152,189,-1,189,152,155,-1,189,155,187,-1,187,155,157,-1,187,157,185,-1,185,157,159,-1,185,159,183,-1,183,159,161,-1,183,161,181,-1,181,161,163,-1,181,163,179,-1,179,163,165,-1,179,165,176,-1,176,165,150,-1,176,150,203,-1,203,150,148,-1,203,148,201,-1,201,148,146,-1,201,146,199,-1,199,146,144,-1,199,144,197,-1,197,144,142,-1,197,142,195,-1,195,142,140,-1,195,140,193,-1,193,140,138,-1,193,138,131,-1,208,209,210,-1,210,209,211,-1,209,212,211,-1,211,212,213,-1,212,214,213,-1,213,214,215,-1,214,216,215,-1,215,216,217,-1,216,218,217,-1,217,218,219,-1,218,208,219,-1,219,208,210,-1,216,214,218,-1,218,214,212,-1,218,212,208,-1,208,212,209,-1,
        ]
    }
}
Shape{
    appearance Appearance {
        material  Material 	{
            diffuseColor 0.2980392156862745 0.2980392156862745 0.2980392156862745
            specularColor 0.09019607843137255 0.09019607843137255 0.09019607843137255
            ambientIntensity 0.298
            transparency 0.0
            shininess 0.5
        }
    }
    geometry IndexedFaceSet {
        ccw TRUE
        solid FALSE
        coord DEF co Coordinate {
            point [
                1.8946 0.8386 0.359, 1.6971 0.8386 0.359, 1.8065 1.0852 0.359, 1.786 1.0852 0.359, 1.8008 1.1057 0.359, 1.7913 1.1058 0.359, 1.7971 1.1266 0.359, 1.7951 1.1266 0.359, 2.4966 1.1339 0.359, 2.4966 0.6729 0.359, 2.4095 1.1339 0.359, 2.4128 0.6729 0.359, 2.3505 0.6787 0.359, 2.1798 0.9091 0.359, 2.1848 0.9679 0.359, 2.1986 1.0146 0.359, 2.3396 1.1264 0.359, 2.3008 0.6942 0.359, 2.2605 0.7182 0.359, 2.2274 0.7509 0.359, 2.2025 0.7916 0.359, 2.1852 0.8471 0.359, 2.2191 1.051 0.359, 2.2478 1.0815 0.359, 2.2909 1.1094 0.359
            ]
        }
        coordIndex [
            0,1,2,-1,2,1,3,-1,2,3,4,-1,4,3,5,-1,4,5,6,-1,6,5,7,-1,8,9,10,-1,10,9,11,-1,10,11,12,-1,13,14,10,-1,10,14,15,-1,10,15,16,-1,12,17,10,-1,10,17,18,-1,10,18,19,-1,19,20,10,-1,10,20,21,-1,10,21,13,-1,22,23,15,-1,15,23,24,-1,15,24,16,-1,
        ]
    }
}