#VRML V2.0 utf8
# 3D model generated by easyeda2kicad.py (https://github.com/uPesy/easyeda2kicad.py)

Shape{
    appearance Appearance {
        material  Material 	{
            diffuseColor 0.2235294117647059 0.2235294117647059 0.2235294117647059
            specularColor 0.11372549019607843 0.11372549019607843 0.11372549019607843
            ambientIntensity 0.2235
            transparency 0.0
            shininess 0.5
        }
    }
    geometry IndexedFaceSet {
        ccw TRUE
        solid FALSE
        coord DEF co Coordinate {
            point [
                2.6732 -2.124 0.315, 2.6732 -1.1161 0.315, 2.6732 -2.124 3.8583, 2.6732 -1.376 4.6063, 2.6732 -2.1127 3.9882, 2.6732 -1.949 4.3391, 2.6732 -2.0238 4.2323, 2.6732 -2.0789 4.1141, 2.6732 2.128 0.315, 2.6732 2.128 3.8583, 2.6732 1.3799 4.6063, 2.6732 2.1166 3.9882, 2.6732 2.0828 4.1141, 2.6732 -1.5059 4.5949, 2.6732 -1.6318 4.5612, 2.6732 -1.8568 4.4313, 2.6732 -1.75 4.5061, 2.6732 2.0277 4.2323, 2.6732 1.9529 4.3391, 2.6732 1.8607 4.4313, 2.6732 1.7539 4.5061, 2.6732 1.6358 4.5612, 2.6732 1.5098 4.5949, -10.3189 1.8522 3.5001, -10.3189 1.9403 3.5439, -10.3189 1.99 3.1444, -10.3189 2.0847 3.1713, -10.3189 2.0601 2.7695, -10.3189 2.1581 2.7785, -10.3189 2.0601 2.388, -10.3189 2.1581 2.3789, -10.3189 1.99 2.0131, -10.3189 2.0847 1.9862, -10.3189 1.8522 1.6574, -10.3189 1.9403 1.6136, -10.3189 1.6514 1.3331, -10.3189 1.73 1.2738, -10.3189 1.3944 1.0513, -10.3189 1.4608 0.9785, -10.3189 1.0901 0.8214, -10.3189 1.1419 0.7377, -10.3189 0.7486 0.6514, -10.3189 0.7842 0.5596, -10.3189 0.3818 0.547, -10.3189 0.3999 0.4503, -10.3189 0.002 0.5118, -10.3189 0.002 0.4134, -10.3189 -0.3778 0.547, -10.3189 -0.3959 0.4503, -10.3189 -0.7447 0.6514, -10.3189 -0.7802 0.5596, -10.3189 -1.0861 0.8214, -10.3189 -1.1379 0.7377, -10.3189 -1.3905 1.0513, -10.3189 -1.4568 0.9785, -10.3189 -1.6475 1.3331, -10.3189 -1.726 1.2738, -10.3189 -1.8483 1.6574, -10.3189 -1.9364 1.6136, -10.3189 -1.9861 2.0131, -10.3189 -2.0807 1.9862, -10.3189 -2.0561 2.388, -10.3189 -2.1541 2.3789, -10.3189 -2.0561 2.7695, -10.3189 -2.1541 2.7785, -10.3189 -1.9861 3.1444, -10.3189 -2.0807 3.1713, -10.3189 -1.8483 3.5001, -10.3189 -1.9364 3.5439, -10.3189 -1.6475 3.8243, -10.3189 -1.726 3.8837, -10.3189 -1.3905 4.1062, -10.3189 -1.4568 4.179, -10.3189 -1.0861 4.3361, -10.3189 -1.1379 4.4198, -10.3189 -0.7447 4.5061, -10.3189 -0.7802 4.5979, -10.3189 -0.3778 4.6105, -10.3189 -0.3959 4.7072, -10.3189 0.002 4.6457, -10.3189 0.002 4.7441, -10.3189 0.3818 4.6105, -10.3189 0.3999 4.7072, -10.3189 0.7486 4.5061, -10.3189 0.7842 4.5979, -10.3189 1.0901 4.3361, -10.3189 1.1419 4.4198, -10.3189 1.3944 4.1062, -10.3189 1.4608 4.179, -10.3189 1.6514 3.8243, -10.3189 1.73 3.8837, -10.2205 0.002 4.5472, -10.2205 0.3637 4.5137, -2.4449 0.002 4.5472, -2.4449 0.3745 4.5117, -10.2205 0.3742 4.5107, -10.2205 0.7131 4.4143, -2.4449 0.7336 4.4062, -10.2205 0.7327 4.4045, -10.2205 1.0383 4.2524, -2.4449 1.0662 4.2348, -10.2205 1.0645 4.2325, -10.2205 1.3281 4.0335, -2.4449 1.3604 4.0034, -10.2205 1.3577 4.001, -10.2205 1.5729 3.765, -2.4449 1.6055 3.7206, -10.2205 1.6018 3.7183, -10.2205 1.7641 3.4562, -2.4449 1.7926 3.3965, -10.2205 1.7879 3.3947, -10.2205 1.8953 3.1174, -2.4449 1.915 3.0428, -10.2205 1.9095 3.0418, -10.2205 1.9621 2.7604, -2.4449 1.9682 2.6724, -10.2205 1.9621 2.6724, -10.2205 1.9621 2.3971, -2.4449 1.9504 2.2986, -10.2205 1.9439 2.2998, -10.2205 1.8953 2.04, -2.4449 1.8622 1.9349, -10.2205 1.8556 1.9375, -10.2205 1.7641 1.7013, -2.4449 1.7067 1.5945, -10.2205 1.7004 1.5984, -10.2205 1.5729 1.3925, -2.4449 1.4897 1.2896, -10.2205 1.4839 1.2949, -10.2205 1.3281 1.124, -2.4449 1.2188 1.0314, -10.2205 1.214 1.0378, -10.2205 1.0383 0.9051, -2.4449 0.904 0.8291, -10.2205 0.9003 0.8364, -10.2205 0.7131 0.7432, -2.4449 0.5566 0.69, -10.2205 0.5543 0.698, -10.2205 0.3637 0.6438, -2.4449 0.1891 0.6192, -10.2205 0.1883 0.6275, -10.2205 0.002 0.6102, -2.4449 -0.1851 0.6192, -10.2205 -0.1844 0.6275, -10.2205 -0.3597 0.6438, -2.4449 -0.5526 0.69, -10.2205 -0.5503 0.698, -10.2205 -0.7091 0.7432, -2.4449 -0.9001 0.8291, -10.2205 -0.8964 0.8364, -10.2205 -1.0343 0.9051, -2.4449 -1.2149 1.0314, -10.2205 -1.21 1.0378, -10.2205 -1.3242 1.124, -2.4449 -1.4857 1.2896, -10.2205 -1.48 1.2949, -10.2205 -1.5689 1.3925, -2.4449 -1.7028 1.5945, -10.2205 -1.6965 1.5984, -10.2205 -1.7602 1.7013, -2.4449 -1.8583 1.9349, -10.2205 -1.8517 1.9375, -10.2205 -1.8914 2.04, -2.4449 -1.9465 2.2986, -10.2205 -1.94 2.2998, -10.2205 -1.9581 2.3971, -2.4449 -1.9643 2.6724, -10.2205 -1.9581 2.6724, -10.2205 -1.9581 2.7604, -2.4449 -1.911 3.0428, -10.2205 -1.9055 3.0418, -10.2205 -1.8914 3.1174, -2.4449 -1.7886 3.3965, -10.2205 -1.784 3.3947, -10.2205 -1.7602 3.4562, -2.4449 -1.6015 3.7206, -10.2205 -1.5979 3.7183, -10.2205 -1.5689 3.765, -2.4449 -1.3565 4.0034, -10.2205 -1.3538 4.001, -10.2205 -1.3242 4.0335, -2.4449 -1.0623 4.2348, -10.2205 -1.0606 4.2325, -2.4449 -0.7297 4.4062, -10.2205 -1.0343 4.2524, -10.2205 -0.7288 4.4045, -2.4449 -0.3706 4.5117, -10.2205 -0.7091 4.4143, -10.2205 -0.3703 4.5107, -10.2205 -0.3597 4.5137, -2.4449 0.3193 1.1889, -2.4449 0.002 1.1544, -2.4449 -0.3154 1.1889, -2.4449 -0.6179 1.2908, -2.4449 -0.8915 1.4554, -2.4449 -1.1233 1.675, -2.4449 -1.3024 1.9392, -2.4449 -1.4206 2.2358, -2.4449 1.4762 2.5508, -2.4449 1.4245 2.2358, -2.4449 1.3064 1.9392, -2.4449 1.1272 1.675, -2.4449 0.8954 1.4554, -2.4449 0.6219 1.2908, -2.4449 -1.4722 2.5508, -2.4449 -1.455 2.8696, -2.4449 -1.3696 3.1772, -2.4449 -1.22 3.4593, -2.4449 -1.0133 3.7026, -2.4449 -0.7592 3.8958, -2.4449 -0.4694 4.0298, -2.4449 -0.1577 4.0985, -2.4449 0.002 4.1071, -2.4449 0.1616 4.0985, -2.4449 0.4734 4.0298, -2.4449 0.7631 3.8958, -2.4449 1.0173 3.7026, -2.4449 1.224 3.4593, -2.4449 1.3735 3.1772, -2.4449 1.4589 2.8696, -9.9252 -1.3031 2.9286, -9.9252 -1.2781 3.1408, -9.9252 -1.2041 3.2115, -9.9252 -1.1385 3.404, -9.9252 -1.0446 3.4653, -9.9252 -0.9456 3.6311, -9.9252 -0.8326 3.6773, -9.9252 -0.7084 3.8115, -9.9252 -0.5788 3.8368, -9.9252 -0.438 3.9366, -9.9252 -0.2959 3.9358, -9.9252 -0.147 4.0006, -9.9252 0.002 3.9693, -9.9252 0.002 4.0087, -9.9252 0.2998 3.9358, -9.9252 0.151 4.0006, -9.9252 0.442 3.9366, -9.9252 0.5828 3.8368, -9.9252 0.7124 3.8115, -9.9252 0.8366 3.6773, -9.9252 0.9496 3.6311, -9.9252 1.0485 3.4653, -9.9252 1.1425 3.404, -9.9252 1.208 3.2115, -9.9252 1.2821 3.1408, -9.9252 1.307 2.9286, -9.9252 1.3618 2.8537, -9.9252 1.3406 2.6308, -9.9252 1.3779 2.5562, -9.9252 1.307 2.3329, -9.9252 1.3297 2.2621, -9.9252 1.208 2.05, -9.9252 1.2194 1.9853, -9.9252 1.0485 1.7962, -9.9252 1.0522 1.7387, -9.9252 0.8366 1.5842, -9.9252 0.8359 1.5338, -9.9252 0.5828 1.4247, -9.9252 0.5806 1.3802, -9.9252 0.2998 1.3257, -9.9252 0.2982 1.285, -9.9252 0.002 1.2922, -9.9252 0.002 1.2528, -9.9252 -0.2959 1.3257, -9.9252 -0.2943 1.285, -9.9252 -0.5788 1.4247, -9.9252 -0.5766 1.3802, -9.9252 -0.8326 1.5842, -9.9252 -0.8319 1.5338, -9.9252 -1.0446 1.7962, -9.9252 -1.0483 1.7387, -9.9252 -1.2041 2.05, -9.9252 -1.2155 1.9853, -9.9252 -1.3031 2.3329, -9.9252 -1.3258 2.2621, -9.9252 -1.3366 2.6308, -9.9252 -1.374 2.5562, -9.9252 -1.3578 2.8537, -9.8268 0.1616 4.0985, -9.8268 0.002 4.1071, -9.8268 -0.1577 4.0985, -9.8268 -0.4694 4.0298, -9.8268 -0.7592 3.8958, -9.8268 -1.0133 3.7026, -9.8268 -1.22 3.4593, -9.8268 -1.3696 3.1772, -9.8268 -1.455 2.8696, -9.8268 -1.4722 2.5508, -9.8268 -1.4206 2.2358, -9.8268 -1.3024 1.9392, -9.8268 -1.1233 1.675, -9.8268 -0.8915 1.4554, -9.8268 -0.6179 1.2908, -9.8268 -0.3154 1.1889, -9.8268 0.002 1.1544, -9.8268 0.3193 1.1889, -9.8268 0.6219 1.2908, -9.8268 0.8954 1.4554, -9.8268 1.1272 1.675, -9.8268 1.3064 1.9392, -9.8268 1.4245 2.2358, -9.8268 1.4762 2.5508, -9.8268 1.4589 2.8696, -9.8268 1.3735 3.1772, -9.8268 1.224 3.4593, -9.8268 1.0173 3.7026, -9.8268 0.7631 3.8958, -9.8268 0.4734 4.0298, -6.3819 0.002 1.2922, -6.3819 0.2998 1.3257, -6.3819 0.5828 1.4247, -6.3819 0.8366 1.5842, -6.3819 1.0485 1.7962, -6.3819 1.208 2.05, -6.3819 1.307 2.3329, -6.3819 1.3406 2.6308, -6.3819 1.307 2.9286, -6.3819 1.208 3.2115, -6.3819 1.0485 3.4653, -6.3819 0.8366 3.6773, -6.3819 0.5828 3.8368, -6.3819 0.2998 3.9358, -6.3819 0.002 3.9693, -6.3819 -0.2959 3.9358, -6.3819 -0.5788 3.8368, -6.3819 -0.8326 3.6773, -6.3819 -1.0446 3.4653, -6.3819 -1.2041 3.2115, -6.3819 -1.3031 2.9286, -6.3819 -1.3366 2.6308, -6.3819 -1.3031 2.3329, -6.3819 -1.2041 2.05, -6.3819 -1.0446 1.7962, -6.3819 -0.8326 1.5842, -6.3819 -0.5788 1.4247, -6.3819 -0.2959 1.3257
            ]
        }
        coordIndex [
            0,1,2,-1,2,1,3,-1,2,3,4,-1,5,6,3,-1,3,6,7,-1,3,7,4,-1,1,8,3,-1,3,8,9,-1,3,9,10,-1,10,9,11,-1,10,11,12,-1,3,13,5,-1,5,13,14,-1,5,14,15,-1,15,14,16,-1,12,17,10,-1,10,17,18,-1,10,18,19,-1,20,21,19,-1,19,21,22,-1,19,22,10,-1,23,24,25,-1,25,24,26,-1,25,26,27,-1,27,26,28,-1,27,28,29,-1,29,28,30,-1,29,30,31,-1,31,30,32,-1,31,32,33,-1,33,32,34,-1,33,34,35,-1,35,34,36,-1,35,36,37,-1,37,36,38,-1,37,38,39,-1,39,38,40,-1,39,40,41,-1,41,40,42,-1,41,42,43,-1,43,42,44,-1,43,44,45,-1,45,44,46,-1,45,46,47,-1,47,46,48,-1,47,48,49,-1,49,48,50,-1,49,50,51,-1,51,50,52,-1,51,52,53,-1,53,52,54,-1,53,54,55,-1,55,54,56,-1,55,56,57,-1,57,56,58,-1,57,58,59,-1,59,58,60,-1,59,60,61,-1,61,60,62,-1,61,62,63,-1,63,62,64,-1,63,64,65,-1,65,64,66,-1,65,66,67,-1,67,66,68,-1,67,68,69,-1,69,68,70,-1,69,70,71,-1,71,70,72,-1,71,72,73,-1,73,72,74,-1,73,74,75,-1,75,74,76,-1,75,76,77,-1,77,76,78,-1,77,78,79,-1,79,78,80,-1,79,80,81,-1,81,80,82,-1,81,82,83,-1,83,82,84,-1,83,84,85,-1,85,84,86,-1,85,86,87,-1,87,86,88,-1,87,88,89,-1,89,88,90,-1,89,90,23,-1,23,90,24,-1,91,92,93,-1,93,92,94,-1,92,95,94,-1,94,95,96,-1,94,96,97,-1,96,98,97,-1,97,98,99,-1,97,99,100,-1,99,101,100,-1,100,101,102,-1,100,102,103,-1,102,104,103,-1,103,104,105,-1,103,105,106,-1,105,107,106,-1,106,107,108,-1,106,108,109,-1,108,110,109,-1,109,110,111,-1,109,111,112,-1,111,113,112,-1,112,113,114,-1,112,114,115,-1,114,116,115,-1,115,116,117,-1,115,117,118,-1,117,119,118,-1,118,119,120,-1,118,120,121,-1,120,122,121,-1,121,122,123,-1,121,123,124,-1,123,125,124,-1,124,125,126,-1,124,126,127,-1,126,128,127,-1,127,128,129,-1,127,129,130,-1,129,131,130,-1,130,131,132,-1,130,132,133,-1,132,134,133,-1,133,134,135,-1,133,135,136,-1,135,137,136,-1,136,137,138,-1,136,138,139,-1,138,140,139,-1,139,140,141,-1,139,141,142,-1,141,143,142,-1,142,143,144,-1,142,144,145,-1,144,146,145,-1,145,146,147,-1,145,147,148,-1,147,149,148,-1,148,149,150,-1,148,150,151,-1,150,152,151,-1,151,152,153,-1,151,153,154,-1,153,155,154,-1,154,155,156,-1,154,156,157,-1,156,158,157,-1,157,158,159,-1,157,159,160,-1,159,161,160,-1,160,161,162,-1,160,162,163,-1,162,164,163,-1,163,164,165,-1,163,165,166,-1,165,167,166,-1,166,167,168,-1,166,168,169,-1,168,170,169,-1,169,170,171,-1,169,171,172,-1,171,173,172,-1,172,173,174,-1,172,174,175,-1,174,176,175,-1,175,176,177,-1,175,177,178,-1,177,179,178,-1,178,179,180,-1,178,180,181,-1,181,180,182,-1,181,182,183,-1,182,184,183,-1,183,184,185,-1,183,185,186,-1,185,187,186,-1,186,187,188,-1,186,188,93,-1,93,188,189,-1,93,189,91,-1,190,139,191,-1,191,139,142,-1,191,142,192,-1,192,142,145,-1,192,145,193,-1,193,145,148,-1,193,148,194,-1,194,148,151,-1,194,151,195,-1,195,151,154,-1,195,154,196,-1,196,154,157,-1,196,157,197,-1,198,118,199,-1,199,118,121,-1,199,121,200,-1,200,121,124,-1,200,124,201,-1,201,124,127,-1,201,127,202,-1,202,127,130,-1,202,130,203,-1,203,130,133,-1,203,133,190,-1,190,133,136,-1,190,136,139,-1,157,160,197,-1,197,160,163,-1,197,163,204,-1,204,163,166,-1,204,166,205,-1,205,166,169,-1,205,169,206,-1,206,169,172,-1,206,172,207,-1,207,172,175,-1,207,175,208,-1,208,175,178,-1,208,178,209,-1,209,178,181,-1,209,181,210,-1,210,181,183,-1,210,183,211,-1,211,183,186,-1,211,186,212,-1,212,186,93,-1,212,93,213,-1,213,93,94,-1,213,94,214,-1,214,94,97,-1,214,97,215,-1,215,97,100,-1,215,100,216,-1,216,100,103,-1,216,103,217,-1,217,103,106,-1,217,106,218,-1,218,106,109,-1,218,109,219,-1,219,109,112,-1,219,112,198,-1,198,112,115,-1,198,115,118,-1,220,221,222,-1,222,221,223,-1,222,223,224,-1,224,223,225,-1,224,225,226,-1,226,225,227,-1,226,227,228,-1,228,227,229,-1,228,229,230,-1,230,229,231,-1,230,231,232,-1,232,231,233,-1,232,233,234,-1,233,235,234,-1,234,235,236,-1,234,236,237,-1,237,236,238,-1,237,238,239,-1,239,238,240,-1,239,240,241,-1,241,240,242,-1,241,242,243,-1,243,242,244,-1,243,244,245,-1,245,244,246,-1,245,246,247,-1,247,246,248,-1,247,248,249,-1,249,248,250,-1,249,250,251,-1,251,250,252,-1,251,252,253,-1,253,252,254,-1,253,254,255,-1,255,254,256,-1,255,256,257,-1,257,256,258,-1,257,258,259,-1,259,258,260,-1,259,260,261,-1,261,260,262,-1,261,262,263,-1,263,262,264,-1,263,264,265,-1,265,264,266,-1,265,266,267,-1,267,266,268,-1,267,268,269,-1,269,268,270,-1,269,270,271,-1,271,270,272,-1,271,272,273,-1,273,272,274,-1,273,274,275,-1,275,274,276,-1,275,276,220,-1,220,276,277,-1,220,277,221,-1,278,279,212,-1,212,279,211,-1,279,280,211,-1,211,280,281,-1,211,281,210,-1,210,281,282,-1,210,282,209,-1,209,282,283,-1,209,283,208,-1,208,283,284,-1,208,284,207,-1,207,284,285,-1,207,285,206,-1,206,285,286,-1,206,286,205,-1,205,286,287,-1,205,287,204,-1,204,287,288,-1,204,288,197,-1,197,288,289,-1,197,289,196,-1,196,289,290,-1,196,290,195,-1,195,290,291,-1,195,291,194,-1,194,291,292,-1,194,292,193,-1,193,292,293,-1,193,293,192,-1,192,293,294,-1,192,294,191,-1,191,294,295,-1,191,295,190,-1,190,295,296,-1,190,296,203,-1,203,296,297,-1,203,297,202,-1,202,297,298,-1,202,298,201,-1,201,298,299,-1,201,299,200,-1,200,299,300,-1,200,300,199,-1,199,300,301,-1,199,301,198,-1,198,301,302,-1,198,302,219,-1,219,302,303,-1,219,303,218,-1,218,303,304,-1,218,304,217,-1,217,304,305,-1,217,305,216,-1,216,305,306,-1,216,306,215,-1,215,306,307,-1,215,307,214,-1,214,307,278,-1,214,278,213,-1,213,278,212,-1,261,308,259,-1,259,308,309,-1,259,309,257,-1,257,309,310,-1,257,310,255,-1,255,310,311,-1,255,311,253,-1,253,311,312,-1,253,312,251,-1,251,312,313,-1,251,313,249,-1,249,313,314,-1,249,314,247,-1,247,314,315,-1,247,315,245,-1,245,315,316,-1,245,316,243,-1,243,316,317,-1,243,317,241,-1,241,317,318,-1,241,318,239,-1,239,318,319,-1,239,319,237,-1,237,319,320,-1,237,320,234,-1,234,320,321,-1,234,321,232,-1,232,321,322,-1,232,322,230,-1,230,322,323,-1,230,323,228,-1,228,323,324,-1,228,324,226,-1,226,324,325,-1,226,325,224,-1,224,325,326,-1,224,326,222,-1,222,326,327,-1,222,327,220,-1,220,327,328,-1,220,328,275,-1,275,328,329,-1,275,329,273,-1,273,329,330,-1,273,330,271,-1,271,330,331,-1,271,331,269,-1,269,331,332,-1,269,332,267,-1,267,332,333,-1,267,333,265,-1,265,333,334,-1,265,334,263,-1,263,334,335,-1,263,335,261,-1,261,335,308,-1,
        ]
    }
}
Shape{
    appearance Appearance {
        material  Material 	{
            diffuseColor 0.6666666666666666 0.6980392156862745 0.7686274509803922
            specularColor 0.3333333333333333 0.34901960784313724 0.3843137254901961
            ambientIntensity 0.6967
            transparency 0.0
            shininess 0.5
        }
    }
    geometry IndexedFaceSet {
        ccw TRUE
        solid FALSE
        coord DEF co Coordinate {
            point [
                -6.3819 -1.2427 3.0034, -6.3819 -1.2041 3.2115, -6.3819 -1.1232 3.2804, -6.3819 -1.0446 3.4653, -6.3819 -0.943 3.5223, -6.3819 -0.8326 3.6773, -6.3819 -0.712 3.7162, -6.3819 -0.5788 3.8368, -6.3819 -0.4424 3.8516, -6.3819 -0.2959 3.9358, -6.3819 -0.1489 3.9212, -6.3819 0.002 3.9693, -6.3819 0.002 3.93, -6.3819 0.1528 3.9212, -6.3819 0.2998 3.9358, -6.3819 0.4463 3.8516, -6.3819 0.5828 3.8368, -6.3819 0.7159 3.7162, -6.3819 0.8366 3.6773, -6.3819 0.947 3.5223, -6.3819 1.0485 3.4653, -6.3819 1.1271 3.2804, -6.3819 1.208 3.2115, -6.3819 1.2466 3.0034, -6.3819 1.307 2.9286, -6.3819 1.299 2.7063, -6.3819 1.3406 2.6308, -6.3819 1.2814 2.4051, -6.3819 1.307 2.3329, -6.3819 1.1949 2.1162, -6.3819 1.208 2.05, -6.3819 1.0441 1.8549, -6.3819 1.0485 1.7962, -6.3819 0.8371 1.6355, -6.3819 0.8366 1.5842, -6.3819 0.5851 1.4697, -6.3819 0.5828 1.4247, -6.3819 0.3016 1.3666, -6.3819 0.2998 1.3257, -6.3819 0.002 1.3315, -6.3819 0.002 1.2922, -6.3819 -0.2977 1.3666, -6.3819 -0.2959 1.3257, -6.3819 -0.5811 1.4697, -6.3819 -0.5788 1.4247, -6.3819 -0.8331 1.6355, -6.3819 -0.8326 1.5842, -6.3819 -1.0402 1.8549, -6.3819 -1.0446 1.7962, -6.3819 -1.191 2.1162, -6.3819 -1.2041 2.05, -6.3819 -1.2775 2.4051, -6.3819 -1.3031 2.3329, -6.3819 -1.295 2.7063, -6.3819 -1.3366 2.6308, -6.3819 -1.3031 2.9286, -2.4449 0.002 1.3315, -2.4449 0.3016 1.3666, -2.4449 0.5851 1.4697, -2.4449 0.8371 1.6355, -2.4449 1.0441 1.8549, -2.4449 1.1949 2.1162, -2.4449 1.2814 2.4051, -2.4449 1.299 2.7063, -2.4449 1.2466 3.0034, -2.4449 1.1271 3.2804, -2.4449 0.947 3.5223, -2.4449 0.7159 3.7162, -2.4449 0.4463 3.8516, -2.4449 0.1528 3.9212, -2.4449 0.002 3.93, -2.4449 -0.1489 3.9212, -2.4449 -0.4424 3.8516, -2.4449 -0.712 3.7162, -2.4449 -0.943 3.5223, -2.4449 -1.1232 3.2804, -2.4449 -1.2427 3.0034, -2.4449 -1.295 2.7063, -2.4449 -1.2775 2.4051, -2.4449 -1.191 2.1162, -2.4449 -1.0402 1.8549, -2.4449 -0.8331 1.6355, -2.4449 -0.5811 1.4697, -2.4449 -0.2977 1.3666
            ]
        }
        coordIndex [
            0,1,2,-1,2,1,3,-1,2,3,4,-1,4,3,5,-1,4,5,6,-1,6,5,7,-1,6,7,8,-1,8,7,9,-1,8,9,10,-1,10,9,11,-1,10,11,12,-1,12,11,13,-1,13,11,14,-1,13,14,15,-1,15,14,16,-1,15,16,17,-1,17,16,18,-1,17,18,19,-1,19,18,20,-1,19,20,21,-1,21,20,22,-1,21,22,23,-1,23,22,24,-1,23,24,25,-1,25,24,26,-1,25,26,27,-1,27,26,28,-1,27,28,29,-1,29,28,30,-1,29,30,31,-1,31,30,32,-1,31,32,33,-1,33,32,34,-1,33,34,35,-1,35,34,36,-1,35,36,37,-1,37,36,38,-1,37,38,39,-1,39,38,40,-1,39,40,41,-1,41,40,42,-1,41,42,43,-1,43,42,44,-1,43,44,45,-1,45,44,46,-1,45,46,47,-1,47,46,48,-1,47,48,49,-1,49,48,50,-1,49,50,51,-1,51,50,52,-1,51,52,53,-1,53,52,54,-1,53,54,0,-1,0,54,55,-1,0,55,1,-1,39,56,37,-1,37,56,57,-1,37,57,35,-1,35,57,58,-1,35,58,33,-1,33,58,59,-1,33,59,31,-1,31,59,60,-1,31,60,29,-1,29,60,61,-1,29,61,27,-1,27,61,62,-1,27,62,25,-1,25,62,63,-1,25,63,23,-1,23,63,64,-1,23,64,21,-1,21,64,65,-1,21,65,19,-1,19,65,66,-1,19,66,17,-1,17,66,67,-1,17,67,15,-1,15,67,68,-1,15,68,13,-1,13,68,69,-1,13,69,12,-1,12,69,70,-1,12,70,10,-1,10,70,71,-1,10,71,8,-1,8,71,72,-1,8,72,6,-1,6,72,73,-1,6,73,4,-1,4,73,74,-1,4,74,2,-1,2,74,75,-1,2,75,0,-1,0,75,76,-1,0,76,53,-1,53,76,77,-1,53,77,51,-1,51,77,78,-1,51,78,49,-1,49,78,79,-1,49,79,47,-1,47,79,80,-1,47,80,45,-1,45,80,81,-1,45,81,43,-1,43,81,82,-1,43,82,41,-1,41,82,83,-1,41,83,39,-1,39,83,56,-1,
        ]
    }
}
Shape{
    appearance Appearance {
        material  Material 	{
            diffuseColor 0.2235294117647059 0.2235294117647059 0.2235294117647059
            specularColor 0.11372549019607843 0.11372549019607843 0.11372549019607843
            ambientIntensity 0.2235
            transparency 0.0
            shininess 0.5
        }
    }
    geometry IndexedFaceSet {
        ccw TRUE
        solid FALSE
        coord DEF co Coordinate {
            point [
                -2.4449 0.002 3.93, -2.4449 0.1528 3.9212, -2.4449 0.002 2.6308, -2.4449 -0.712 3.7162, -2.4449 -0.4424 3.8516, -2.4449 -0.1489 3.9212, -2.4449 -1.2427 3.0034, -2.4449 -1.1232 3.2804, -2.4449 -0.943 3.5223, -2.4449 -1.191 2.1162, -2.4449 -1.2775 2.4051, -2.4449 -1.295 2.7063, -2.4449 -0.5811 1.4697, -2.4449 -0.8331 1.6355, -2.4449 -1.0402 1.8549, -2.4449 0.3016 1.3666, -2.4449 0.002 1.3315, -2.4449 -0.2977 1.3666, -2.4449 1.0441 1.8549, -2.4449 0.8371 1.6355, -2.4449 0.5851 1.4697, -2.4449 1.299 2.7063, -2.4449 1.2814 2.4051, -2.4449 1.1949 2.1162, -2.4449 0.947 3.5223, -2.4449 1.1271 3.2804, -2.4449 1.2466 3.0034, -2.4449 0.4463 3.8516, -2.4449 0.7159 3.7162, -9.9252 0.151 4.0006, -9.9252 0.002 4.0087, -9.8268 0.002 4.1071, -9.8268 -0.1577 4.0985, -9.9252 -0.147 4.0006, -9.9252 -0.438 3.9366, -9.8268 -0.4694 4.0298, -9.9252 -0.7084 3.8115, -9.8268 -0.7592 3.8958, -9.9252 -0.9456 3.6311, -9.8268 -1.0133 3.7026, -9.9252 -1.1385 3.404, -9.8268 -1.22 3.4593, -9.9252 -1.2781 3.1408, -9.8268 -1.3696 3.1772, -9.9252 -1.3578 2.8537, -9.8268 -1.455 2.8696, -9.9252 -1.374 2.5562, -9.8268 -1.4722 2.5508, -9.9252 -1.3258 2.2621, -9.8268 -1.4206 2.2358, -9.9252 -1.2155 1.9853, -9.8268 -1.3024 1.9392, -9.9252 -1.0483 1.7387, -9.8268 -1.1233 1.675, -9.9252 -0.8319 1.5338, -9.8268 -0.8915 1.4554, -9.9252 -0.5766 1.3802, -9.8268 -0.6179 1.2908, -9.9252 -0.2943 1.285, -9.8268 -0.3154 1.1889, -9.9252 0.002 1.2528, -9.8268 0.002 1.1544, -9.9252 0.2982 1.285, -9.8268 0.3193 1.1889, -9.9252 0.5806 1.3802, -9.8268 0.6219 1.2908, -9.9252 0.8359 1.5338, -9.8268 0.8954 1.4554, -9.9252 1.0522 1.7387, -9.8268 1.1272 1.675, -9.9252 1.2194 1.9853, -9.8268 1.3064 1.9392, -9.9252 1.3297 2.2621, -9.8268 1.4245 2.2358, -9.9252 1.3779 2.5562, -9.8268 1.4762 2.5508, -9.9252 1.3618 2.8537, -9.8268 1.4589 2.8696, -9.9252 1.2821 3.1408, -9.8268 1.3735 3.1772, -9.9252 1.1425 3.404, -9.8268 1.224 3.4593, -9.9252 0.9496 3.6311, -9.8268 1.0173 3.7026, -9.9252 0.7124 3.8115, -9.8268 0.7631 3.8958, -9.9252 0.442 3.9366, -9.8268 0.4734 4.0298, -9.8268 0.1616 4.0985, -10.3189 -0.7447 4.5061, -10.3189 -0.3778 4.6105, -10.2205 -0.3703 4.5107, -10.2205 -0.7091 4.4143, -10.2205 -0.7288 4.4045, -10.3189 -1.0861 4.3361, -10.2205 -1.0343 4.2524, -10.2205 -1.0606 4.2325, -10.3189 -1.3905 4.1062, -10.2205 -1.3242 4.0335, -10.2205 -1.3538 4.001, -10.3189 -1.6475 3.8243, -10.2205 -1.5689 3.765, -10.2205 -1.5979 3.7183, -10.3189 -1.8483 3.5001, -10.2205 -1.7602 3.4562, -10.2205 -1.784 3.3947, -10.3189 -1.9861 3.1444, -10.2205 -1.8914 3.1174, -10.2205 -1.9055 3.0418, -10.3189 -2.0561 2.7695, -10.2205 -1.9581 2.7604, -10.2205 -1.9581 2.6724, -10.3189 -2.0561 2.388, -10.2205 -1.9581 2.3971, -10.2205 -1.94 2.2998, -10.3189 -1.9861 2.0131, -10.2205 -1.8914 2.04, -10.2205 -1.8517 1.9375, -10.3189 -1.8483 1.6574, -10.2205 -1.7602 1.7013, -10.2205 -1.6965 1.5984, -10.3189 -1.6475 1.3331, -10.2205 -1.5689 1.3925, -10.2205 -1.48 1.2949, -10.3189 -1.3905 1.0513, -10.2205 -1.3242 1.124, -10.2205 -1.21 1.0378, -10.3189 -1.0861 0.8214, -10.2205 -1.0343 0.9051, -10.2205 -0.8964 0.8364, -10.3189 -0.7447 0.6514, -10.2205 -0.7091 0.7432, -10.2205 -0.5503 0.698, -10.3189 -0.3778 0.547, -10.2205 -0.3597 0.6438, -10.2205 -0.1844 0.6275, -10.3189 0.002 0.5118, -10.2205 0.002 0.6102, -10.3189 0.3818 0.547, -10.2205 0.1883 0.6275, -10.2205 0.3637 0.6438, -10.3189 0.7486 0.6514, -10.2205 0.5543 0.698, -10.2205 0.7131 0.7432, -10.3189 1.0901 0.8214, -10.2205 0.9003 0.8364, -10.2205 1.0383 0.9051, -10.3189 1.3944 1.0513, -10.2205 1.214 1.0378, -10.2205 1.3281 1.124, -10.3189 1.6514 1.3331, -10.2205 1.4839 1.2949, -10.2205 1.5729 1.3925, -10.3189 1.8522 1.6574, -10.2205 1.7004 1.5984, -10.2205 1.7641 1.7013, -10.3189 1.99 2.0131, -10.2205 1.8556 1.9375, -10.2205 1.8953 2.04, -10.3189 2.0601 2.388, -10.2205 1.9439 2.2998, -10.2205 1.9621 2.3971, -10.3189 2.0601 2.7695, -10.2205 1.9621 2.6724, -10.2205 1.9621 2.7604, -10.3189 1.99 3.1444, -10.2205 1.9095 3.0418, -10.2205 1.8953 3.1174, -10.2205 1.7879 3.3947, -10.3189 1.8522 3.5001, -10.2205 1.7641 3.4562, -10.2205 1.6018 3.7183, -10.3189 1.6514 3.8243, -10.2205 1.5729 3.765, -10.2205 1.3577 4.001, -10.3189 1.3944 4.1062, -10.2205 1.3281 4.0335, -10.2205 1.0645 4.2325, -10.3189 1.0901 4.3361, -10.2205 1.0383 4.2524, -10.2205 0.7327 4.4045, -10.3189 0.7486 4.5061, -10.2205 0.7131 4.4143, -10.2205 0.3742 4.5107, -10.3189 0.3818 4.6105, -10.2205 0.3637 4.5137, -10.3189 0.002 4.6457, -10.2205 0.002 4.5472, -10.2205 -0.3597 4.5137, -4.8071 2.128 4.8425, -4.8071 0.002 4.7441, -4.8071 -2.124 4.8425, -4.8071 -0.3959 4.7072, -4.8071 -0.7802 4.5979, -4.8071 -2.3522 4.6674, -4.8071 -1.4568 4.179, -4.8071 -2.3602 4.6063, -4.8071 -1.726 3.8837, -4.8071 -1.9364 3.5439, -4.8071 -2.0807 3.1713, -4.8071 -2.1541 2.7785, -4.8071 -2.3602 1.5571, -4.8071 -2.3286 4.7244, -4.8071 -2.291 4.7733, -4.8071 -2.2421 4.8109, -4.8071 0.7842 0.5596, -4.8071 1.1419 0.7377, -4.8071 2.3642 0.315, -4.8071 -1.1379 4.4198, -4.8071 -2.1852 4.8345, -4.8071 -0.7802 0.5596, -4.8071 -0.3959 0.4503, -4.8071 -1.1161 0.315, -4.8071 0.002 0.4134, -4.8071 0.3999 0.4503, -4.8071 1.4608 0.9785, -4.8071 1.73 1.2738, -4.8071 1.9403 1.6136, -4.8071 1.1419 4.4198, -4.8071 0.7842 4.5979, -4.8071 0.3999 4.7072, -4.8071 -2.3602 0.7566, -4.8071 -1.726 1.2738, -4.8071 -2.3602 0.315, -4.8071 -1.4568 0.9785, -4.8071 -1.1379 0.7377, -4.8071 2.0847 1.9862, -4.8071 2.1581 2.3789, -4.8071 2.3642 4.6063, -4.8071 2.1581 2.7785, -4.8071 2.0847 3.1713, -4.8071 2.1891 4.8345, -4.8071 1.73 3.8837, -4.8071 1.4608 4.179, -4.8071 2.2461 4.8109, -4.8071 2.295 4.7733, -4.8071 2.3325 4.7244, -4.8071 1.9403 3.5439, -4.8071 2.3561 4.6674, -4.8071 -2.1541 2.3789, -4.8071 -2.0807 1.9862, -4.8071 -2.3602 1.2857, -4.8071 -1.9364 1.6136, -4.8071 -2.3602 1.2075, -4.8071 -2.3602 0.8623, -10.3189 0.002 4.7441, -10.3189 0.3999 4.7072, -10.3189 0.7842 4.5979, -10.3189 1.1419 4.4198, -10.3189 1.4608 4.179, -10.3189 1.73 3.8837, -10.3189 1.9403 3.5439, -10.3189 2.0847 3.1713, -10.3189 2.1581 2.7785, -10.3189 2.1581 2.3789, -10.3189 2.0847 1.9862, -10.3189 1.9403 1.6136, -10.3189 1.73 1.2738, -10.3189 1.4608 0.9785, -10.3189 1.1419 0.7377, -10.3189 0.7842 0.5596, -10.3189 0.3999 0.4503, -10.3189 0.002 0.4134, -10.3189 -0.3959 0.4503, -10.3189 -0.7802 0.5596, -10.3189 -1.1379 0.7377, -10.3189 -1.4568 0.9785, -10.3189 -1.726 1.2738, -10.3189 -1.9364 1.6136, -10.3189 -2.0807 1.9862, -10.3189 -2.1541 2.3789, -10.3189 -2.1541 2.7785, -10.3189 -2.0807 3.1713, -10.3189 -1.9364 3.5439, -10.3189 -1.726 3.8837, -10.3189 -1.4568 4.179, -10.3189 -1.1379 4.4198, -10.3189 -0.7802 4.5979, -10.3189 -0.3959 4.7072, 0.4086 -2.3602 0.9397, 0.4086 -2.3602 0.9419, 0.3317 -2.3602 0.9425, 0.4086 -2.3602 0.9602, 0.364 -2.3602 0.9542, 0.3419 -2.3602 0.9488, 0.3348 -2.3602 0.9451, 0.4064 -2.3602 0.9248, 0.3276 -2.3602 0.9375, 0.4015 -2.3602 0.9129, 0.3296 -2.3602 0.899, 0.3325 -2.3602 0.8961, 0.3901 -2.3602 0.899, 0.3258 -2.3602 0.9046, 0.3806 -2.3602 0.8926, 0.3705 -2.3602 0.8889, 0.358 -2.3602 0.8875, 0.3247 -2.3602 0.9313, 0.3231 -2.3602 0.9236, 0.3943 -2.3602 0.9031, 0.3228 -2.3602 0.9183, 0.3236 -2.3602 0.9107, 0.3391 -2.3602 0.8916, 0.3467 -2.3602 0.8888, 0.7467 -2.3602 1.5242, 0.7467 -2.3602 1.3184, 0.787 -2.3602 1.5242, 0.7854 -2.3602 1.3184, 0.7908 -2.3602 1.5241, 0.8225 -2.3602 1.3229, 0.8445 -2.3602 1.3314, 0.8617 -2.3602 1.3434, 0.8648 -2.3602 1.3463, 0.8771 -2.3602 1.3612, 0.8933 -2.3602 1.4239, 0.864 -2.3602 1.4991, 0.8921 -2.3602 1.4047, 0.8472 -2.3602 1.5106, 0.8866 -2.3602 1.3808, 0.8246 -2.3602 1.5196, 0.8893 -2.3602 1.4574, 0.8818 -2.3602 1.4768, 0.8714 -2.3602 1.4918, 1.0641 -2.3602 1.5208, 1.0632 -2.3602 1.5208, 1.0662 -2.3602 1.5095, 1.0612 -2.3602 1.51, 1.0682 -2.3602 1.5021, 1.0589 -2.3602 1.5021, 1.1085 -2.3602 1.3911, 1.019 -2.3602 1.3911, 1.0809 -2.3602 1.1008, 1.0809 -2.3602 0.895, 1.1212 -2.3602 1.1008, 1.1197 -2.3602 0.895, 1.1251 -2.3602 1.1007, 1.1567 -2.3602 0.8994, 1.1787 -2.3602 0.908, 1.1959 -2.3602 0.92, 1.199 -2.3602 0.9228, 1.2113 -2.3602 0.9378, 1.2275 -2.3602 1.0005, 1.1983 -2.3602 1.0757, 1.2264 -2.3602 0.9813, 1.1814 -2.3602 1.0872, 1.2209 -2.3602 0.9573, 1.1588 -2.3602 1.0962, 1.2235 -2.3602 1.034, 1.216 -2.3602 1.0534, 1.2057 -2.3602 1.0684, 1.3983 -2.3602 1.0974, 1.3975 -2.3602 1.0974, 1.4004 -2.3602 1.0861, 1.3954 -2.3602 1.0866, 1.4025 -2.3602 1.0787, 1.3931 -2.3602 1.0787, 1.4428 -2.3602 0.9677, 1.3532 -2.3602 0.9677, -0.8885 -2.3602 0.8544, -0.8926 -2.3602 0.9991, -0.9061 -2.3602 0.8523, -0.9061 -2.3602 1.0003, -0.9235 -2.3602 0.9982, -0.9401 -2.3602 0.9919, -0.9551 -2.3602 0.9816, -0.9658 -2.3602 0.97, -0.9751 -2.3602 0.8996, -0.9668 -2.3602 0.8841, -0.9546 -2.3602 0.8705, -0.8573 -2.3602 0.8706, -0.8465 -2.3602 0.9702, -0.8592 -2.3602 0.9835, -0.9393 -2.3602 0.8602, -0.9216 -2.3602 0.8539, -0.8719 -2.3602 0.8606, -0.8748 -2.3602 0.9933, -0.9748 -2.3602 0.9537, -0.9795 -2.3602 0.9356, -0.9795 -2.3602 0.9171, -0.8366 -2.3602 0.9009, -0.8324 -2.3602 0.9192, -0.8451 -2.3602 0.8844, -0.8329 -2.3602 0.9376, -0.8378 -2.3602 0.9549
            ]
        }
        coordIndex [
            0,1,2,-1,3,4,2,-1,2,4,5,-1,2,5,0,-1,6,7,2,-1,2,7,8,-1,2,8,3,-1,9,10,2,-1,2,10,11,-1,2,11,6,-1,12,13,2,-1,2,13,14,-1,2,14,9,-1,15,16,2,-1,2,16,17,-1,2,17,12,-1,18,19,2,-1,2,19,20,-1,2,20,15,-1,21,22,2,-1,2,22,23,-1,2,23,18,-1,24,25,2,-1,2,25,26,-1,2,26,21,-1,1,27,2,-1,2,27,28,-1,2,28,24,-1,29,30,31,-1,31,30,32,-1,30,33,32,-1,32,33,34,-1,32,34,35,-1,35,34,36,-1,35,36,37,-1,37,36,38,-1,37,38,39,-1,39,38,40,-1,39,40,41,-1,41,40,42,-1,41,42,43,-1,43,42,44,-1,43,44,45,-1,45,44,46,-1,45,46,47,-1,47,46,48,-1,47,48,49,-1,49,48,50,-1,49,50,51,-1,51,50,52,-1,51,52,53,-1,53,52,54,-1,53,54,55,-1,55,54,56,-1,55,56,57,-1,57,56,58,-1,57,58,59,-1,59,58,60,-1,59,60,61,-1,61,60,62,-1,61,62,63,-1,63,62,64,-1,63,64,65,-1,65,64,66,-1,65,66,67,-1,67,66,68,-1,67,68,69,-1,69,68,70,-1,69,70,71,-1,71,70,72,-1,71,72,73,-1,73,72,74,-1,73,74,75,-1,75,74,76,-1,75,76,77,-1,77,76,78,-1,77,78,79,-1,79,78,80,-1,79,80,81,-1,81,80,82,-1,81,82,83,-1,83,82,84,-1,83,84,85,-1,85,84,86,-1,85,86,87,-1,87,86,29,-1,87,29,88,-1,88,29,31,-1,89,90,91,-1,91,92,89,-1,89,92,93,-1,89,93,94,-1,93,95,94,-1,94,95,96,-1,94,96,97,-1,96,98,97,-1,97,98,99,-1,97,99,100,-1,99,101,100,-1,100,101,102,-1,100,102,103,-1,102,104,103,-1,103,104,105,-1,103,105,106,-1,105,107,106,-1,106,107,108,-1,106,108,109,-1,108,110,109,-1,109,110,111,-1,109,111,112,-1,111,113,112,-1,112,113,114,-1,112,114,115,-1,114,116,115,-1,115,116,117,-1,115,117,118,-1,117,119,118,-1,118,119,120,-1,118,120,121,-1,120,122,121,-1,121,122,123,-1,121,123,124,-1,123,125,124,-1,124,125,126,-1,124,126,127,-1,126,128,127,-1,127,128,129,-1,127,129,130,-1,129,131,130,-1,130,131,132,-1,130,132,133,-1,132,134,133,-1,133,134,135,-1,133,135,136,-1,136,135,137,-1,136,137,138,-1,137,139,138,-1,138,139,140,-1,138,140,141,-1,140,142,141,-1,141,142,143,-1,141,143,144,-1,143,145,144,-1,144,145,146,-1,144,146,147,-1,146,148,147,-1,147,148,149,-1,147,149,150,-1,149,151,150,-1,150,151,152,-1,150,152,153,-1,152,154,153,-1,153,154,155,-1,153,155,156,-1,155,157,156,-1,156,157,158,-1,156,158,159,-1,158,160,159,-1,159,160,161,-1,159,161,162,-1,161,163,162,-1,162,163,164,-1,162,164,165,-1,165,164,166,-1,166,167,165,-1,165,167,168,-1,165,168,169,-1,168,170,169,-1,169,170,171,-1,169,171,172,-1,171,173,172,-1,172,173,174,-1,172,174,175,-1,174,176,175,-1,175,176,177,-1,175,177,178,-1,177,179,178,-1,178,179,180,-1,178,180,181,-1,180,182,181,-1,181,182,183,-1,181,183,184,-1,184,183,185,-1,184,185,186,-1,186,185,187,-1,186,187,90,-1,90,187,188,-1,90,188,91,-1,189,190,191,-1,191,190,192,-1,191,192,193,-1,194,195,196,-1,196,195,197,-1,196,197,198,-1,198,199,196,-1,196,199,200,-1,196,200,201,-1,194,202,195,-1,195,202,203,-1,195,203,204,-1,205,206,207,-1,193,208,191,-1,191,208,195,-1,191,195,209,-1,209,195,204,-1,210,211,212,-1,212,211,213,-1,212,213,207,-1,207,213,214,-1,207,214,205,-1,206,215,207,-1,207,215,216,-1,207,216,217,-1,218,219,189,-1,189,219,220,-1,189,220,190,-1,221,222,223,-1,223,222,224,-1,223,224,212,-1,212,224,225,-1,212,225,210,-1,217,226,207,-1,207,226,227,-1,207,227,228,-1,228,227,229,-1,228,229,230,-1,231,232,189,-1,189,232,233,-1,189,233,218,-1,231,234,232,-1,232,234,235,-1,232,235,236,-1,230,237,228,-1,228,237,232,-1,228,232,238,-1,238,232,236,-1,200,239,201,-1,201,239,240,-1,201,240,241,-1,241,240,242,-1,241,242,243,-1,243,242,222,-1,243,222,244,-1,244,222,221,-1,245,220,246,-1,246,220,219,-1,246,219,247,-1,247,219,218,-1,247,218,248,-1,248,218,233,-1,248,233,249,-1,249,233,232,-1,249,232,250,-1,250,232,237,-1,250,237,251,-1,251,237,230,-1,251,230,252,-1,252,230,229,-1,252,229,253,-1,253,229,227,-1,253,227,254,-1,254,227,226,-1,254,226,255,-1,255,226,217,-1,255,217,256,-1,256,217,216,-1,256,216,257,-1,257,216,215,-1,257,215,258,-1,258,215,206,-1,258,206,259,-1,259,206,205,-1,259,205,260,-1,260,205,214,-1,260,214,261,-1,261,214,213,-1,261,213,262,-1,262,213,211,-1,262,211,263,-1,263,211,210,-1,263,210,264,-1,264,210,225,-1,264,225,265,-1,265,225,224,-1,265,224,266,-1,266,224,222,-1,266,222,267,-1,267,222,242,-1,267,242,268,-1,268,242,240,-1,268,240,269,-1,269,240,239,-1,269,239,270,-1,270,239,200,-1,270,200,271,-1,271,200,199,-1,271,199,272,-1,272,199,198,-1,272,198,273,-1,273,198,197,-1,273,197,274,-1,274,197,195,-1,274,195,275,-1,275,195,208,-1,275,208,276,-1,276,208,193,-1,276,193,277,-1,277,193,192,-1,277,192,278,-1,278,192,190,-1,278,190,245,-1,245,190,220,-1,279,280,281,-1,280,282,283,-1,283,284,280,-1,280,284,285,-1,280,285,281,-1,279,281,286,-1,286,281,287,-1,286,287,288,-1,289,290,291,-1,289,291,292,-1,293,291,294,-1,294,291,295,-1,287,296,288,-1,288,296,297,-1,288,297,298,-1,298,297,299,-1,298,299,291,-1,291,299,300,-1,291,300,292,-1,290,301,291,-1,291,301,302,-1,291,302,295,-1,303,304,305,-1,305,304,306,-1,305,306,307,-1,307,306,308,-1,307,308,309,-1,309,310,307,-1,307,310,311,-1,307,311,312,-1,313,314,315,-1,315,314,316,-1,312,317,307,-1,307,317,315,-1,307,315,318,-1,318,315,316,-1,319,320,313,-1,313,320,321,-1,313,321,314,-1,322,323,324,-1,324,323,325,-1,324,325,326,-1,326,325,327,-1,326,327,328,-1,328,327,329,-1,330,331,332,-1,332,331,333,-1,332,333,334,-1,334,333,335,-1,334,335,336,-1,336,337,334,-1,334,337,338,-1,334,338,339,-1,340,341,342,-1,342,341,343,-1,339,344,334,-1,334,344,342,-1,334,342,345,-1,345,342,343,-1,346,347,340,-1,340,347,348,-1,340,348,341,-1,349,350,351,-1,351,350,352,-1,351,352,353,-1,353,352,354,-1,353,354,355,-1,355,354,356,-1,357,358,359,-1,359,358,360,-1,359,360,361,-1,361,362,359,-1,359,362,363,-1,359,363,364,-1,365,366,364,-1,364,366,367,-1,368,369,370,-1,367,371,364,-1,364,371,372,-1,364,372,359,-1,357,373,358,-1,358,373,368,-1,358,368,374,-1,374,368,370,-1,375,376,364,-1,364,376,377,-1,364,377,365,-1,378,379,380,-1,380,379,381,-1,380,381,368,-1,368,381,382,-1,368,382,369,-1,
        ]
    }
}
Shape{
    appearance Appearance {
        material  Material 	{
            diffuseColor 1.0 1.0 1.0
            specularColor 0.5019607843137255 0.5019607843137255 0.5019607843137255
            ambientIntensity 1.0
            transparency 0.0
            shininess 0.5
        }
    }
    geometry IndexedFaceSet {
        ccw TRUE
        solid FALSE
        coord DEF co Coordinate {
            point [
                0.3325 -2.3642 0.8961, 0.3325 -2.3602 0.8961, 0.3296 -2.3602 0.899, 0.3296 -2.3642 0.899, 0.3258 -2.3602 0.9046, 0.3258 -2.3642 0.9046, 0.3236 -2.3602 0.9107, 0.3236 -2.3642 0.9107, 0.3228 -2.3602 0.9183, 0.3228 -2.3642 0.9183, 0.358 -2.3642 0.8875, 0.358 -2.3602 0.8875, 0.3467 -2.3602 0.8888, 0.3467 -2.3642 0.8888, 0.3391 -2.3602 0.8916, 0.3391 -2.3642 0.8916, 0.3943 -2.3642 0.9031, 0.3943 -2.3602 0.9031, 0.3901 -2.3602 0.899, 0.3901 -2.3642 0.899, 0.3806 -2.3602 0.8926, 0.3806 -2.3642 0.8926, 0.3705 -2.3602 0.8889, 0.3705 -2.3642 0.8889, 0.4086 -2.3642 0.9419, 0.4086 -2.3602 0.9419, 0.4086 -2.3602 0.9397, 0.4086 -2.3642 0.9397, 0.4064 -2.3602 0.9248, 0.4064 -2.3642 0.9248, 0.4015 -2.3602 0.9129, 0.4015 -2.3642 0.9129, 0.4086 -2.3642 0.9602, 0.4086 -2.3602 0.9602, 0.364 -2.3642 0.9542, 0.364 -2.3602 0.9542, 0.3317 -2.3642 0.9425, 0.3317 -2.3602 0.9425, 0.3348 -2.3602 0.9451, 0.3348 -2.3642 0.9451, 0.3419 -2.3602 0.9488, 0.3419 -2.3642 0.9488, 0.3231 -2.3602 0.9236, 0.3231 -2.3642 0.9236, 0.3247 -2.3602 0.9313, 0.3247 -2.3642 0.9313, 0.3276 -2.3602 0.9375, 0.3276 -2.3642 0.9375, 0.7467 -2.3642 1.3184, 0.7854 -2.3642 1.3184, 0.7467 -2.3602 1.3184, 0.7854 -2.3602 1.3184, 0.8648 -2.3642 1.3463, 0.8648 -2.3602 1.3463, 0.8617 -2.3602 1.3434, 0.8617 -2.3642 1.3434, 0.8445 -2.3602 1.3314, 0.8445 -2.3642 1.3314, 0.8225 -2.3602 1.3229, 0.8225 -2.3642 1.3229, 0.8933 -2.3642 1.4239, 0.8933 -2.3602 1.4239, 0.8921 -2.3602 1.4047, 0.8921 -2.3642 1.4047, 0.8866 -2.3602 1.3808, 0.8866 -2.3642 1.3808, 0.8771 -2.3602 1.3612, 0.8771 -2.3642 1.3612, 0.864 -2.3642 1.4991, 0.864 -2.3602 1.4991, 0.8714 -2.3602 1.4918, 0.8714 -2.3642 1.4918, 0.8818 -2.3602 1.4768, 0.8818 -2.3642 1.4768, 0.8893 -2.3602 1.4574, 0.8893 -2.3642 1.4574, 0.787 -2.3642 1.5242, 0.787 -2.3602 1.5242, 0.7908 -2.3602 1.5241, 0.7908 -2.3642 1.5241, 0.8246 -2.3602 1.5196, 0.8246 -2.3642 1.5196, 0.8472 -2.3602 1.5106, 0.8472 -2.3642 1.5106, 0.7467 -2.3642 1.5242, 0.7467 -2.3602 1.5242, 1.1085 -2.3642 1.3911, 1.0682 -2.3642 1.5021, 1.1085 -2.3602 1.3911, 1.0682 -2.3602 1.5021, 1.0641 -2.3642 1.5208, 1.0641 -2.3602 1.5208, 1.0662 -2.3602 1.5095, 1.0662 -2.3642 1.5095, 1.0632 -2.3642 1.5208, 1.0632 -2.3602 1.5208, 1.0589 -2.3642 1.5021, 1.0589 -2.3602 1.5021, 1.0612 -2.3602 1.51, 1.0612 -2.3642 1.51, 1.019 -2.3642 1.3911, 1.019 -2.3602 1.3911, 1.0809 -2.3642 0.895, 1.1197 -2.3642 0.895, 1.0809 -2.3602 0.895, 1.1197 -2.3602 0.895, 1.199 -2.3642 0.9228, 1.199 -2.3602 0.9228, 1.1959 -2.3602 0.92, 1.1959 -2.3642 0.92, 1.1787 -2.3602 0.908, 1.1787 -2.3642 0.908, 1.1567 -2.3602 0.8994, 1.1567 -2.3642 0.8994, 1.2275 -2.3642 1.0005, 1.2275 -2.3602 1.0005, 1.2264 -2.3602 0.9813, 1.2264 -2.3642 0.9813, 1.2209 -2.3602 0.9573, 1.2209 -2.3642 0.9573, 1.2113 -2.3602 0.9378, 1.2113 -2.3642 0.9378, 1.1983 -2.3642 1.0757, 1.1983 -2.3602 1.0757, 1.2057 -2.3602 1.0684, 1.2057 -2.3642 1.0684, 1.216 -2.3602 1.0534, 1.216 -2.3642 1.0534, 1.2235 -2.3602 1.034, 1.2235 -2.3642 1.034, 1.1212 -2.3642 1.1008, 1.1212 -2.3602 1.1008, 1.1251 -2.3602 1.1007, 1.1251 -2.3642 1.1007, 1.1588 -2.3602 1.0962, 1.1588 -2.3642 1.0962, 1.1814 -2.3602 1.0872, 1.1814 -2.3642 1.0872, 1.0809 -2.3642 1.1008, 1.0809 -2.3602 1.1008, 1.4428 -2.3642 0.9677, 1.4025 -2.3642 1.0787, 1.4428 -2.3602 0.9677, 1.4025 -2.3602 1.0787, 1.3983 -2.3642 1.0974, 1.3983 -2.3602 1.0974, 1.4004 -2.3602 1.0861, 1.4004 -2.3642 1.0861, 1.3975 -2.3642 1.0974, 1.3975 -2.3602 1.0974, 1.3931 -2.3642 1.0787, 1.3931 -2.3602 1.0787, 1.3954 -2.3602 1.0866, 1.3954 -2.3642 1.0866, 1.3532 -2.3642 0.9677, 1.3532 -2.3602 0.9677, -0.9061 -2.3642 0.8523, -0.9061 -2.3602 0.8523, -0.9216 -2.3602 0.8539, -0.9216 -2.3642 0.8539, -0.9393 -2.3602 0.8602, -0.9393 -2.3642 0.8602, -0.9546 -2.3602 0.8705, -0.9546 -2.3642 0.8705, -0.9668 -2.3602 0.8841, -0.9668 -2.3642 0.8841, -0.9751 -2.3602 0.8996, -0.9751 -2.3642 0.8996, -0.9795 -2.3602 0.9171, -0.9795 -2.3642 0.9171, -0.9795 -2.3602 0.9356, -0.9795 -2.3642 0.9356, -0.9748 -2.3602 0.9537, -0.9748 -2.3642 0.9537, -0.9658 -2.3602 0.97, -0.9658 -2.3642 0.97, -0.9551 -2.3602 0.9816, -0.9551 -2.3642 0.9816, -0.9401 -2.3602 0.9919, -0.9401 -2.3642 0.9919, -0.9235 -2.3602 0.9982, -0.9235 -2.3642 0.9982, -0.9061 -2.3602 1.0003, -0.9061 -2.3642 1.0003, -0.8926 -2.3602 0.9991, -0.8926 -2.3642 0.9991, -0.8748 -2.3602 0.9933, -0.8748 -2.3642 0.9933, -0.8592 -2.3602 0.9835, -0.8592 -2.3642 0.9835, -0.8465 -2.3602 0.9702, -0.8465 -2.3642 0.9702, -0.8378 -2.3602 0.9549, -0.8378 -2.3642 0.9549, -0.8329 -2.3602 0.9376, -0.8329 -2.3642 0.9376, -0.8324 -2.3602 0.9192, -0.8324 -2.3642 0.9192, -0.8366 -2.3602 0.9009, -0.8366 -2.3642 0.9009, -0.8451 -2.3602 0.8844, -0.8451 -2.3642 0.8844, -0.8573 -2.3602 0.8706, -0.8573 -2.3642 0.8706, -0.8719 -2.3602 0.8606, -0.8719 -2.3642 0.8606, -0.8885 -2.3602 0.8544, -0.8885 -2.3642 0.8544
            ]
        }
        coordIndex [
            0,1,2,-1,0,2,3,-1,3,2,4,-1,3,4,5,-1,5,4,6,-1,5,6,7,-1,7,6,8,-1,7,8,9,-1,10,11,12,-1,10,12,13,-1,13,12,14,-1,13,14,15,-1,15,14,1,-1,15,1,0,-1,16,17,18,-1,16,18,19,-1,19,18,20,-1,19,20,21,-1,21,20,22,-1,21,22,23,-1,23,22,11,-1,23,11,10,-1,24,25,26,-1,24,26,27,-1,27,26,28,-1,27,28,29,-1,29,28,30,-1,29,30,31,-1,31,30,17,-1,31,17,16,-1,24,32,25,-1,25,32,33,-1,32,34,33,-1,33,34,35,-1,36,37,38,-1,36,38,39,-1,39,38,40,-1,39,40,41,-1,41,40,35,-1,41,35,34,-1,9,8,42,-1,9,42,43,-1,43,42,44,-1,43,44,45,-1,45,44,46,-1,45,46,47,-1,47,46,37,-1,47,37,36,-1,48,49,50,-1,50,49,51,-1,52,53,54,-1,52,54,55,-1,55,54,56,-1,55,56,57,-1,57,56,58,-1,57,58,59,-1,59,58,51,-1,59,51,49,-1,60,61,62,-1,60,62,63,-1,63,62,64,-1,63,64,65,-1,65,64,66,-1,65,66,67,-1,67,66,53,-1,67,53,52,-1,68,69,70,-1,68,70,71,-1,71,70,72,-1,71,72,73,-1,73,72,74,-1,73,74,75,-1,75,74,61,-1,75,61,60,-1,76,77,78,-1,76,78,79,-1,79,78,80,-1,79,80,81,-1,81,80,82,-1,81,82,83,-1,83,82,69,-1,83,69,68,-1,76,84,77,-1,77,84,85,-1,84,48,85,-1,85,48,50,-1,86,87,88,-1,88,87,89,-1,90,91,92,-1,90,92,93,-1,93,92,89,-1,93,89,87,-1,90,94,91,-1,91,94,95,-1,96,97,98,-1,96,98,99,-1,99,98,95,-1,99,95,94,-1,96,100,97,-1,97,100,101,-1,100,86,101,-1,101,86,88,-1,102,103,104,-1,104,103,105,-1,106,107,108,-1,106,108,109,-1,109,108,110,-1,109,110,111,-1,111,110,112,-1,111,112,113,-1,113,112,105,-1,113,105,103,-1,114,115,116,-1,114,116,117,-1,117,116,118,-1,117,118,119,-1,119,118,120,-1,119,120,121,-1,121,120,107,-1,121,107,106,-1,122,123,124,-1,122,124,125,-1,125,124,126,-1,125,126,127,-1,127,126,128,-1,127,128,129,-1,129,128,115,-1,129,115,114,-1,130,131,132,-1,130,132,133,-1,133,132,134,-1,133,134,135,-1,135,134,136,-1,135,136,137,-1,137,136,123,-1,137,123,122,-1,130,138,131,-1,131,138,139,-1,138,102,139,-1,139,102,104,-1,140,141,142,-1,142,141,143,-1,144,145,146,-1,144,146,147,-1,147,146,143,-1,147,143,141,-1,144,148,145,-1,145,148,149,-1,150,151,152,-1,150,152,153,-1,153,152,149,-1,153,149,148,-1,150,154,151,-1,151,154,155,-1,154,140,155,-1,155,140,142,-1,156,157,158,-1,156,158,159,-1,159,158,160,-1,159,160,161,-1,161,160,162,-1,161,162,163,-1,163,162,164,-1,163,164,165,-1,165,164,166,-1,165,166,167,-1,167,166,168,-1,167,168,169,-1,169,168,170,-1,169,170,171,-1,171,170,172,-1,171,172,173,-1,173,172,174,-1,173,174,175,-1,175,174,176,-1,175,176,177,-1,177,176,178,-1,177,178,179,-1,179,178,180,-1,179,180,181,-1,181,180,182,-1,181,182,183,-1,183,182,184,-1,183,184,185,-1,185,184,186,-1,185,186,187,-1,187,186,188,-1,187,188,189,-1,189,188,190,-1,189,190,191,-1,191,190,192,-1,191,192,193,-1,193,192,194,-1,193,194,195,-1,195,194,196,-1,195,196,197,-1,197,196,198,-1,197,198,199,-1,199,198,200,-1,199,200,201,-1,201,200,202,-1,201,202,203,-1,203,202,204,-1,203,204,205,-1,205,204,206,-1,205,206,207,-1,207,206,157,-1,207,157,156,-1,
        ]
    }
}
Shape{
    appearance Appearance {
        material  Material 	{
            diffuseColor 0.9686274509803922 0.8784313725490196 0.6
            specularColor 0.6784313725490196 0.615686274509804 0.4196078431372549
            ambientIntensity 0.8737
            transparency 0.0
            shininess 0.5
        }
    }
    geometry IndexedFaceSet {
        ccw TRUE
        solid FALSE
        coord DEF co Coordinate {
            point [
                2.0754 -2.0695 -1.0236, 1.9324 -2.0695 -1.0236, 2.0754 -1.9265 -1.0236, 1.9324 -1.9265 -1.0236, 1.8464 -1.8406 -0.7874, 1.8464 -2.1555 -0.7874, -2.0676 -1.9265 -1.0236, -1.9246 -1.9265 -1.0236, -2.0676 -2.0695 -1.0236, -1.9246 -2.0695 -1.0236, -1.8386 -2.1555 -0.7874, -1.8386 -1.8406 -0.7874, -1.9246 2.0735 -1.0236, -1.9246 1.9305 -1.0236, -2.0676 2.0735 -1.0236, -2.0676 1.9305 -1.0236, -1.8386 2.1594 -0.7874, -1.8386 1.8445 -0.7874, 1.9324 1.9305 -1.0236, 1.9324 2.0735 -1.0236, 2.0754 1.9305 -1.0236, 2.0754 2.0735 -1.0236, 1.8464 1.8445 -0.7874, 1.8464 2.1594 -0.7874, 0.2521 -0.1457 -1.0236, 0.2226 -0.0745 -1.0236, 0.5078 0.002 -1.0236, 0.2126 0.002 -1.0236, 0.2226 0.0784 -1.0236, 0.4314 -0.2832 -1.0236, 0.3602 -0.2537 -1.0236, 0.2991 -0.2068 -1.0236, 0.6555 -0.2537 -1.0236, 0.5843 -0.2832 -1.0236, 0.5078 -0.2933 -1.0236, 0.7931 -0.0745 -1.0236, 0.7636 -0.1457 -1.0236, 0.7166 -0.2068 -1.0236, 0.7636 0.1496 -1.0236, 0.7931 0.0784 -1.0236, 0.8031 0.002 -1.0236, 0.5843 0.2872 -1.0236, 0.6555 0.2577 -1.0236, 0.7166 0.2108 -1.0236, 0.3602 0.2577 -1.0236, 0.4314 0.2872 -1.0236, 0.5078 0.2972 -1.0236, 0.2521 0.1496 -1.0236, 0.2991 0.2108 -1.0236
            ]
        }
        coordIndex [
            0,1,2,-1,2,1,3,-1,4,3,5,-1,5,3,1,-1,6,7,8,-1,8,7,9,-1,10,9,11,-1,11,9,7,-1,12,13,14,-1,14,13,15,-1,12,16,13,-1,13,16,17,-1,18,19,20,-1,20,19,21,-1,18,22,19,-1,19,22,23,-1,24,25,26,-1,26,25,27,-1,26,27,28,-1,29,30,26,-1,26,30,31,-1,26,31,24,-1,32,33,26,-1,26,33,34,-1,26,34,29,-1,35,36,26,-1,26,36,37,-1,26,37,32,-1,38,39,26,-1,26,39,40,-1,26,40,35,-1,41,42,26,-1,26,42,43,-1,26,43,38,-1,44,45,26,-1,26,45,46,-1,26,46,41,-1,28,47,26,-1,26,47,48,-1,26,48,44,-1,
        ]
    }
}
Shape{
    appearance Appearance {
        material  Material 	{
            diffuseColor 1.0 1.0 1.0
            specularColor 0.5019607843137255 0.5019607843137255 0.5019607843137255
            ambientIntensity 1.0
            transparency 0.0
            shininess 0.5
        }
    }
    geometry IndexedFaceSet {
        ccw TRUE
        solid FALSE
        coord DEF co Coordinate {
            point [
                0.7272 -2.3642 0.9028, 0.7257 -2.3642 0.8962, 0.73 -2.3642 0.8358, 0.8165 -2.3642 1.0552, 0.7818 -2.3642 1.0552, 0.7297 -2.3642 0.9117, 0.6709 -2.3642 1.0552, 0.6335 -2.3642 1.0552, 0.7207 -2.3642 0.9119, 0.7083 -2.3642 0.865, 0.7248 -2.3642 0.8962, 0.6404 -2.3642 0.8073, 0.6404 -2.3642 0.7775, 0.6472 -2.3642 0.805, 0.6546 -2.3642 0.7751, 0.6593 -2.3642 0.8035, 0.6619 -2.3642 0.7748, 0.6679 -2.3642 0.8045, 0.6754 -2.3642 0.7763, 0.6752 -2.3642 0.8074, 0.6886 -2.3642 0.7814, 0.6807 -2.3642 0.8112, 0.7148 -2.3642 0.8063, 0.6936 -2.3642 0.8303, 0.6869 -2.3642 0.8181, 0.7026 -2.3642 0.7916, 0.7003 -2.3642 0.7895, 0.3348 -2.3642 0.9451, 0.3419 -2.3642 0.9488, 0.3247 -2.3642 0.9707, 0.4077 -2.3642 0.8941, 0.4086 -2.3642 0.8941, 0.4064 -2.3642 0.9248, 0.4086 -2.3642 0.9397, 0.442 -2.3642 0.9872, 0.4086 -2.3642 0.9419, 0.4086 -2.3642 0.9602, 0.4086 -2.3642 0.8646, 0.442 -2.3642 0.8646, 0.3958 -2.3642 1.0572, 0.3891 -2.3642 1.0285, 0.4093 -2.3642 1.0526, 0.395 -2.3642 1.0247, 0.3521 -2.3642 0.9778, 0.364 -2.3642 0.9542, 0.4086 -2.3642 0.9857, 0.4015 -2.3642 0.9129, 0.3943 -2.3642 0.9031, 0.4002 -2.3642 0.8832, 0.3901 -2.3642 0.899, 0.3894 -2.3642 0.8727, 0.3806 -2.3642 0.8926, 0.3811 -2.3642 0.8674, 0.3705 -2.3642 0.8889, 0.3677 -2.3642 0.8623, 0.358 -2.3642 0.8875, 0.3493 -2.3642 0.8601, 0.3467 -2.3642 0.8888, 0.3293 -2.3642 0.8624, 0.3391 -2.3642 0.8916, 0.3165 -2.3642 0.8672, 0.3325 -2.3642 0.8961, 0.3052 -2.3642 0.8751, 0.3296 -2.3642 0.899, 0.4074 -2.3642 1.0005, 0.4388 -2.3642 1.0152, 0.404 -2.3642 1.0124, 0.4333 -2.3642 1.0295, 0.4001 -2.3642 1.0193, 0.4263 -2.3642 1.0399, 0.42 -2.3642 1.046, 0.3075 -2.3642 1.0418, 0.3075 -2.3642 1.0094, 0.3144 -2.3642 1.0458, 0.3305 -2.3642 1.0238, 0.3393 -2.3642 1.0555, 0.3515 -2.3642 1.0306, 0.3731 -2.3642 1.0596, 0.37 -2.3642 1.0324, 0.3813 -2.3642 1.0312, 0.3317 -2.3642 0.9425, 0.3112 -2.3642 0.9633, 0.3276 -2.3642 0.9375, 0.3014 -2.3642 0.9543, 0.3247 -2.3642 0.9313, 0.2945 -2.3642 0.9434, 0.3231 -2.3642 0.9236, 0.2904 -2.3642 0.9312, 0.3228 -2.3642 0.9183, 0.2889 -2.3642 0.9156, 0.3236 -2.3642 0.9107, 0.2906 -2.3642 0.9003, 0.3258 -2.3642 0.9046, 0.2946 -2.3642 0.889, 0.3016 -2.3642 0.8788, 0.1133 -2.3642 0.8646, 0.2569 -2.3642 0.8646, 0.2569 -2.3642 0.895, 0.1478 -2.3642 0.895, 0.1478 -2.3642 0.9848, 0.1133 -2.3642 1.1315, 0.2508 -2.3642 1.1008, 0.2508 -2.3642 1.1315, 0.1478 -2.3642 1.1008, 0.1478 -2.3642 1.0154, 0.2432 -2.3642 1.0154, 0.2432 -2.3642 0.9848, 0.345 -2.3642 1.5121, 0.3657 -2.3642 1.5225, 0.363 -2.3642 1.5547, 0.3056 -2.3642 1.4552, 0.3145 -2.3642 1.4782, 0.2842 -2.3642 1.4948, 0.3035 -2.3642 1.5201, 0.4016 -2.3642 1.5594, 0.3885 -2.3642 1.5276, 0.4019 -2.3642 1.5283, 0.4365 -2.3642 1.5566, 0.4348 -2.3642 1.5244, 0.4648 -2.3642 1.5485, 0.4619 -2.3642 1.5141, 0.4648 -2.3642 1.5125, 0.4648 -2.3642 1.299, 0.4648 -2.3642 1.3321, 0.4603 -2.3642 1.2968, 0.4386 -2.3642 1.3203, 0.4316 -2.3642 1.2874, 0.4084 -2.3642 1.3147, 0.3909 -2.3642 1.2835, 0.3959 -2.3642 1.3142, 0.3748 -2.3642 1.2842, 0.3692 -2.3642 1.3174, 0.3459 -2.3642 1.2902, 0.3502 -2.3642 1.3247, 0.3207 -2.3642 1.3021, 0.3327 -2.3642 1.337, 0.2992 -2.3642 1.3199, 0.3274 -2.3642 1.3423, 0.2971 -2.3642 1.3223, 0.3155 -2.3642 1.3583, 0.2812 -2.3642 1.345, 0.265 -2.3642 1.4164, 0.3012 -2.3642 1.4184, 0.2655 -2.3642 1.4303, 0.2715 -2.3642 1.4652, 0.3274 -2.3642 1.4967, 0.3292 -2.3642 1.4987, 0.3101 -2.3642 1.5263, 0.3351 -2.3642 1.5439, 0.2703 -2.3642 1.3729, 0.3064 -2.3642 1.3794, 0.3017 -2.3642 1.4054, 0.1478 -2.3642 1.5549, 0.1133 -2.3642 1.5549, 0.1478 -2.3642 1.3184, 0.1133 -2.3642 1.288, 0.2541 -2.3642 1.3184, 0.2541 -2.3642 1.288, 0.5182 -2.3642 1.288, 0.6618 -2.3642 1.288, 0.6618 -2.3642 1.3184, 0.5527 -2.3642 1.3184, 0.5527 -2.3642 1.4082, 0.5182 -2.3642 1.5549, 0.6557 -2.3642 1.5242, 0.6557 -2.3642 1.5549, 0.5527 -2.3642 1.5242, 0.5527 -2.3642 1.4388, 0.6482 -2.3642 1.4388, 0.6482 -2.3642 1.4082, 0.8893 -2.3642 1.3254, 0.8617 -2.3642 1.3434, 0.8614 -2.3642 1.3054, 0.8445 -2.3642 1.3314, 0.831 -2.3642 1.2935, 0.8225 -2.3642 1.3229, 0.7856 -2.3642 1.288, 0.7854 -2.3642 1.3184, 0.7122 -2.3642 1.288, 0.7467 -2.3642 1.3184, 0.7122 -2.3642 1.5549, 0.7467 -2.3642 1.5242, 0.7884 -2.3642 1.5549, 0.787 -2.3642 1.5242, 0.7908 -2.3642 1.5241, 0.8291 -2.3642 1.5504, 0.8246 -2.3642 1.5196, 0.8613 -2.3642 1.5386, 0.8472 -2.3642 1.5106, 0.8893 -2.3642 1.5195, 0.864 -2.3642 1.4991, 0.8986 -2.3642 1.5104, 0.8714 -2.3642 1.4918, 0.9152 -2.3642 1.4871, 0.8818 -2.3642 1.4768, 0.9251 -2.3642 1.4617, 0.8893 -2.3642 1.4574, 0.9295 -2.3642 1.4248, 0.8933 -2.3642 1.4239, 0.9287 -2.3642 1.4079, 0.8921 -2.3642 1.4047, 0.9222 -2.3642 1.3766, 0.8866 -2.3642 1.3808, 0.9091 -2.3642 1.349, 0.8771 -2.3642 1.3612, 0.8648 -2.3642 1.3463, 1.019 -2.3642 1.3911, 1.008 -2.3642 1.361, 1.1085 -2.3642 1.3911, 1.1192 -2.3642 1.361, 1.0589 -2.3642 1.5021, 1.046 -2.3642 1.5549, 0.9443 -2.3642 1.288, 0.9824 -2.3642 1.288, 1.0612 -2.3642 1.51, 1.0632 -2.3642 1.5208, 1.0828 -2.3642 1.5549, 1.0641 -2.3642 1.5208, 1.0662 -2.3642 1.5095, 1.0682 -2.3642 1.5021, 1.1845 -2.3642 1.288, 1.1464 -2.3642 1.288, 0.5271 -2.3642 1.0209, 0.5322 -2.3642 1.0253, 0.5173 -2.3642 1.0495, 0.5352 -2.3642 1.0564, 0.5601 -2.3642 0.9392, 0.5618 -2.3642 0.9726, 0.5382 -2.3642 0.9484, 0.5411 -2.3642 0.9817, 0.5867 -2.3642 0.8704, 0.5946 -2.3642 0.8752, 0.5765 -2.3642 0.8977, 0.6042 -2.3642 0.8836, 0.5794 -2.3642 0.902, 0.6104 -2.3642 0.8924, 0.5811 -2.3642 0.9068, 0.6145 -2.3642 0.903, 0.5818 -2.3642 0.9132, 0.6161 -2.3642 0.9164, 0.5814 -2.3642 0.9173, 0.6147 -2.3642 0.9289, 0.5799 -2.3642 0.9225, 0.6111 -2.3642 0.9387, 0.5773 -2.3642 0.927, 0.6049 -2.3642 0.948, 0.5732 -2.3642 0.9313, 0.5969 -2.3642 0.9551, 0.5747 -2.3642 0.9674, 0.5391 -2.3642 0.8601, 0.5423 -2.3642 0.8874, 0.507 -2.3642 0.8639, 0.5224 -2.3642 0.8896, 0.4873 -2.3642 0.8713, 0.5014 -2.3642 0.8972, 0.4873 -2.3642 0.9058, 0.5397 -2.3642 1.0293, 0.5486 -2.3642 1.0317, 0.5618 -2.3642 1.0596, 0.5585 -2.3642 1.0324, 0.5852 -2.3642 1.0575, 0.5792 -2.3642 1.0302, 0.6069 -2.3642 1.0511, 0.5982 -2.3642 1.0236, 0.6069 -2.3642 1.0186, 0.5726 -2.3642 0.8943, 0.5696 -2.3642 0.8925, 0.5691 -2.3642 0.8636, 0.5609 -2.3642 0.8893, 0.5438 -2.3642 0.8874, 0.509 -2.3642 1.0444, 0.499 -2.3642 1.0355, 0.5243 -2.3642 1.0166, 0.4928 -2.3642 1.0265, 0.5226 -2.3642 1.0121, 0.4889 -2.3642 1.0157, 0.522 -2.3642 1.0068, 0.4875 -2.3642 1.0038, 0.5223 -2.3642 1.0023, 0.489 -2.3642 0.9908, 0.5236 -2.3642 0.9971, 0.4927 -2.3642 0.9806, 0.526 -2.3642 0.9926, 0.497 -2.3642 0.9736, 0.5293 -2.3642 0.989, 0.5025 -2.3642 0.9679, 0.5182 -2.3642 0.9575, 0.8525 -2.3642 0.8646, 0.996 -2.3642 0.8646, 0.996 -2.3642 0.895, 0.8869 -2.3642 0.895, 0.8869 -2.3642 0.9848, 0.8525 -2.3642 1.1315, 0.99 -2.3642 1.1008, 0.99 -2.3642 1.1315, 0.8869 -2.3642 1.1008, 0.8869 -2.3642 1.0154, 0.9824 -2.3642 1.0154, 0.9824 -2.3642 0.9848, 1.2235 -2.3642 0.902, 1.1959 -2.3642 0.92, 1.1957 -2.3642 0.882, 1.1787 -2.3642 0.908, 1.1652 -2.3642 0.8701, 1.1567 -2.3642 0.8994, 1.1199 -2.3642 0.8646, 1.1197 -2.3642 0.895, 1.0465 -2.3642 0.8646, 1.0809 -2.3642 0.895, 1.0465 -2.3642 1.1315, 1.0809 -2.3642 1.1008, 1.1226 -2.3642 1.1315, 1.1212 -2.3642 1.1008, 1.1251 -2.3642 1.1007, 1.1633 -2.3642 1.127, 1.1588 -2.3642 1.0962, 1.1956 -2.3642 1.1152, 1.1814 -2.3642 1.0872, 1.2235 -2.3642 1.0961, 1.1983 -2.3642 1.0757, 1.2329 -2.3642 1.087, 1.2057 -2.3642 1.0684, 1.2494 -2.3642 1.0637, 1.216 -2.3642 1.0534, 1.2593 -2.3642 1.0382, 1.2235 -2.3642 1.034, 1.2637 -2.3642 1.0014, 1.2275 -2.3642 1.0005, 1.2629 -2.3642 0.9844, 1.2264 -2.3642 0.9813, 1.2565 -2.3642 0.9532, 1.2209 -2.3642 0.9573, 1.2433 -2.3642 0.9256, 1.2113 -2.3642 0.9378, 1.199 -2.3642 0.9228, 1.3532 -2.3642 0.9677, 1.3423 -2.3642 0.9376, 1.4428 -2.3642 0.9677, 1.4534 -2.3642 0.9376, 1.3931 -2.3642 1.0787, 1.3802 -2.3642 1.1315, 1.2786 -2.3642 0.8646, 1.3166 -2.3642 0.8646, 1.3954 -2.3642 1.0866, 1.3975 -2.3642 1.0974, 1.4171 -2.3642 1.1315, 1.3983 -2.3642 1.0974, 1.4004 -2.3642 1.0861, 1.4025 -2.3642 1.0787, 1.5187 -2.3642 0.8646, 1.4806 -2.3642 0.8646, -1.0654 -2.3642 0.8268, -1.0372 -2.3642 0.7919, -1.0825 -2.3642 0.9946, -1.1154 -2.3642 1.3244, -1.0731 -2.3642 1.3468, -1.0822 -2.3642 1.4638, -0.7489 -2.3642 0.8194, -0.7265 -2.3642 0.8617, -0.7154 -2.3642 0.9085, -0.9649 -2.3642 1.469, -0.9061 -2.3642 1.3305, -0.8771 -2.3642 1.3905, -1.1239 -2.3642 1.02, -1.1104 -2.3642 0.8753, -1.0844 -2.3642 0.8674, -1.0085 -2.3642 1.4728, -0.4487 -2.3642 1.0876, -0.5076 -2.3642 1.1881, -0.7144 -2.3642 0.9472, -0.7618 -2.3642 1.0553, -0.7144 -2.3642 0.9282, -0.8159 -2.3642 0.7603, -0.7781 -2.3642 0.7866, -0.9546 -2.3642 0.8705, -0.9393 -2.3642 0.8602, -1.0001 -2.3642 0.7639, -0.9216 -2.3642 0.8539, -0.8378 -2.3642 0.9549, -0.8329 -2.3642 0.9376, -0.8324 -2.3642 0.9192, -0.8366 -2.3642 0.9009, -0.8451 -2.3642 0.8844, -0.3861 -2.3642 1.2754, -0.3709 -2.3642 1.2754, -0.2931 -2.3642 1.3779, -0.3349 -2.3642 1.271, -0.2837 -2.3642 1.3748, -0.3017 -2.3642 1.2582, -0.2273 -2.3642 1.3467, -0.1758 -2.3642 1.3032, -0.926 -2.3642 1.5143, -0.8345 -2.3642 1.4413, -0.8814 -2.3642 1.5525, -0.7836 -2.3642 1.4785, -0.8246 -2.3642 1.5865, -1.0263 -2.3642 1.3579, -1.0066 -2.3642 1.3589, -0.9867 -2.3642 1.4716, -0.9623 -2.3642 1.3535, -0.9197 -2.3642 1.3379, -0.9795 -2.3642 0.9171, -0.9751 -2.3642 0.8996, -0.9668 -2.3642 0.8841, -0.9563 -2.3642 0.7455, -0.9115 -2.3642 0.7385, -0.9061 -2.3642 0.8523, -0.9042 -2.3642 0.7384, -0.8885 -2.3642 0.8544, -0.8582 -2.3642 0.7441, -0.8719 -2.3642 0.8606, -0.8573 -2.3642 0.8706, -0.1755 -2.3642 0.949, -0.264 -2.3642 1.0243, -0.2271 -2.3642 0.9053, -0.292 -2.3642 1.0014, -0.285 -2.3642 0.877, -0.3255 -2.3642 0.9859, -0.3482 -2.3642 0.8637, -0.3595 -2.3642 0.9794, -0.4601 -2.3642 0.8637, -0.4449 -2.3642 0.9794, -0.4708 -2.3642 0.8654, -0.2723 -2.3642 1.2377, -0.2504 -2.3642 1.2132, -0.1371 -2.3642 1.2492, -0.2327 -2.3642 1.1804, -0.1139 -2.3642 1.1912, -0.2238 -2.3642 1.144, -0.1053 -2.3642 1.1293, -0.2229 -2.3642 1.1274, -0.114 -2.3642 1.0615, -0.2275 -2.3642 1.0905, -0.1378 -2.3642 1.0015, -0.2405 -2.3642 1.0567, -0.2614 -2.3642 1.0271, -0.3956 -2.3642 1.5278, -0.4697 -2.3642 1.4405, -0.3284 -2.3642 1.4484, -0.4269 -2.3642 1.3893, -0.3977 -2.3642 1.3282, -1.1907 -2.3642 1.2151, -1.3154 -2.3642 1.1843, -1.1964 -2.3642 1.1692, -1.3159 -2.3642 1.1654, -1.1941 -2.3642 1.14, -1.307 -2.3642 1.0921, -1.1806 -2.3642 1.0936, -1.2801 -2.3642 1.0214, -1.1579 -2.3642 1.055, -1.2362 -2.3642 0.9585, -1.1787 -2.3642 0.9092, -0.9795 -2.3642 0.9356, -0.9748 -2.3642 0.9537, -1.0615 -2.3642 1.0354, -0.9658 -2.3642 0.97, -1.0301 -2.3642 1.0713, -0.9551 -2.3642 0.9816, -0.9913 -2.3642 1.0982, -0.9401 -2.3642 0.9919, -0.9494 -2.3642 1.1143, -0.9235 -2.3642 0.9982, -0.9042 -2.3642 1.1198, -0.9061 -2.3642 1.0003, -0.881 -2.3642 1.1185, -0.8926 -2.3642 0.9991, -0.8352 -2.3642 1.1071, -0.8748 -2.3642 0.9933, -0.795 -2.3642 1.0855, -0.8592 -2.3642 0.9835, -0.8465 -2.3642 0.9702, -0.7364 -2.3642 1.6176, -0.7216 -2.3642 1.5037, -0.6537 -2.3642 1.6265, -0.6518 -2.3642 1.5126, -0.5607 -2.3642 1.6149, -0.5875 -2.3642 1.5047, -0.4668 -2.3642 1.5777, -0.528 -2.3642 1.4819, -0.4746 -2.3642 1.445, -1.1526 -2.3642 1.4368, -1.2131 -2.3642 1.3946, -1.1482 -2.3642 1.2952, -1.2267 -2.3642 1.3817, -1.1745 -2.3642 1.2574, -1.272 -2.3642 1.3238, -1.3025 -2.3642 1.2556, -0.4545 -2.3642 0.9812, -0.5001 -2.3642 0.8836, -0.4957 -2.3642 0.8791, -0.4488 -2.3642 0.9799, -0.4834 -2.3642 0.8703, -0.5151 -2.3642 0.9225, -0.5133 -2.3642 0.9083, -0.5083 -2.3642 0.8955, -0.471 -2.3642 0.9794, -0.484 -2.3642 0.9743, -0.5147 -2.3642 0.93, -0.4957 -2.3642 0.966, -0.5036 -2.3642 0.9574, -0.5108 -2.3642 0.9444, -0.4563 -2.3642 0.9813
            ]
        }
        coordIndex [
            0,1,2,-1,3,4,2,-1,2,4,5,-1,2,5,0,-1,6,7,8,-1,8,7,9,-1,8,9,10,-1,11,12,13,-1,13,12,14,-1,13,14,15,-1,15,14,16,-1,15,16,17,-1,17,16,18,-1,17,18,19,-1,19,18,20,-1,19,20,21,-1,1,10,2,-1,2,10,9,-1,2,9,22,-1,9,23,22,-1,22,23,24,-1,22,24,25,-1,25,24,21,-1,25,21,26,-1,26,21,20,-1,27,28,29,-1,30,31,32,-1,33,34,35,-1,35,34,36,-1,37,38,31,-1,31,38,34,-1,31,34,32,-1,32,34,33,-1,39,40,41,-1,41,40,42,-1,29,28,43,-1,43,28,44,-1,43,44,45,-1,32,46,30,-1,30,46,47,-1,30,47,48,-1,48,47,49,-1,48,49,50,-1,50,49,51,-1,50,51,52,-1,52,51,53,-1,52,53,54,-1,54,53,55,-1,54,55,56,-1,56,55,57,-1,56,57,58,-1,58,57,59,-1,58,59,60,-1,60,59,61,-1,60,61,62,-1,62,61,63,-1,44,36,45,-1,45,36,34,-1,45,34,64,-1,64,34,65,-1,64,65,66,-1,66,65,67,-1,66,67,68,-1,68,67,69,-1,68,69,42,-1,42,69,70,-1,42,70,41,-1,71,72,73,-1,73,72,74,-1,73,74,75,-1,75,74,76,-1,75,76,77,-1,77,76,78,-1,77,78,39,-1,39,78,79,-1,39,79,40,-1,27,29,80,-1,80,29,81,-1,80,81,82,-1,82,81,83,-1,82,83,84,-1,84,83,85,-1,84,85,86,-1,86,85,87,-1,86,87,88,-1,88,87,89,-1,88,89,90,-1,90,89,91,-1,90,91,92,-1,92,91,93,-1,92,93,63,-1,63,93,94,-1,63,94,62,-1,95,96,97,-1,97,98,95,-1,95,98,99,-1,95,99,100,-1,101,102,103,-1,103,102,100,-1,103,100,104,-1,104,100,99,-1,104,99,105,-1,105,99,106,-1,107,108,109,-1,110,111,112,-1,112,111,113,-1,109,108,114,-1,108,115,114,-1,114,115,116,-1,114,116,117,-1,117,116,118,-1,117,118,119,-1,119,118,120,-1,119,120,121,-1,122,123,124,-1,124,123,125,-1,124,125,126,-1,126,125,127,-1,126,127,128,-1,128,127,129,-1,128,129,130,-1,130,129,131,-1,130,131,132,-1,132,131,133,-1,132,133,134,-1,134,133,135,-1,134,135,136,-1,136,135,137,-1,136,137,138,-1,138,137,139,-1,138,139,140,-1,141,142,143,-1,143,142,110,-1,143,110,144,-1,144,110,112,-1,111,145,113,-1,113,145,146,-1,113,146,147,-1,147,146,107,-1,147,107,148,-1,148,107,109,-1,140,139,149,-1,149,139,150,-1,149,150,141,-1,141,150,151,-1,141,151,142,-1,152,153,154,-1,154,153,155,-1,154,155,156,-1,156,155,157,-1,158,159,160,-1,160,161,158,-1,158,161,162,-1,158,162,163,-1,164,165,166,-1,166,165,163,-1,166,163,167,-1,167,163,162,-1,167,162,168,-1,168,162,169,-1,170,171,172,-1,172,171,173,-1,172,173,174,-1,174,173,175,-1,174,175,176,-1,176,175,177,-1,176,177,178,-1,178,177,179,-1,178,179,180,-1,180,179,181,-1,180,181,182,-1,181,183,182,-1,182,183,184,-1,182,184,185,-1,185,184,186,-1,185,186,187,-1,187,186,188,-1,187,188,189,-1,189,188,190,-1,189,190,191,-1,191,190,192,-1,191,192,193,-1,193,192,194,-1,193,194,195,-1,195,194,196,-1,195,196,197,-1,197,196,198,-1,197,198,199,-1,199,198,200,-1,199,200,201,-1,201,200,202,-1,201,202,203,-1,203,202,204,-1,203,204,170,-1,170,204,205,-1,170,205,171,-1,206,207,208,-1,208,207,209,-1,210,211,206,-1,206,211,212,-1,206,212,207,-1,207,212,213,-1,210,214,211,-1,211,214,215,-1,211,215,216,-1,216,215,217,-1,216,217,218,-1,218,219,216,-1,216,219,208,-1,216,208,220,-1,220,208,209,-1,220,209,221,-1,222,223,224,-1,224,223,225,-1,226,227,228,-1,228,227,229,-1,230,231,232,-1,232,231,233,-1,232,233,234,-1,234,233,235,-1,234,235,236,-1,236,235,237,-1,236,237,238,-1,238,237,239,-1,238,239,240,-1,240,239,241,-1,240,241,242,-1,242,241,243,-1,242,243,244,-1,244,243,245,-1,244,245,246,-1,246,245,247,-1,246,247,226,-1,226,247,248,-1,226,248,227,-1,249,250,251,-1,251,250,252,-1,251,252,253,-1,253,252,254,-1,253,254,255,-1,223,256,225,-1,225,256,257,-1,225,257,258,-1,258,257,259,-1,258,259,260,-1,260,259,261,-1,260,261,262,-1,262,261,263,-1,262,263,264,-1,232,265,230,-1,230,265,266,-1,230,266,267,-1,267,266,268,-1,267,268,249,-1,249,268,269,-1,249,269,250,-1,224,270,222,-1,222,270,271,-1,222,271,272,-1,272,271,273,-1,272,273,274,-1,274,273,275,-1,274,275,276,-1,276,275,277,-1,276,277,278,-1,278,277,279,-1,278,279,280,-1,280,279,281,-1,280,281,282,-1,282,281,283,-1,282,283,284,-1,284,283,285,-1,284,285,229,-1,229,285,286,-1,229,286,228,-1,287,288,289,-1,289,290,287,-1,287,290,291,-1,287,291,292,-1,293,294,295,-1,295,294,292,-1,295,292,296,-1,296,292,291,-1,296,291,297,-1,297,291,298,-1,299,300,301,-1,301,300,302,-1,301,302,303,-1,303,302,304,-1,303,304,305,-1,305,304,306,-1,305,306,307,-1,307,306,308,-1,307,308,309,-1,309,308,310,-1,309,310,311,-1,310,312,311,-1,311,312,313,-1,311,313,314,-1,314,313,315,-1,314,315,316,-1,316,315,317,-1,316,317,318,-1,318,317,319,-1,318,319,320,-1,320,319,321,-1,320,321,322,-1,322,321,323,-1,322,323,324,-1,324,323,325,-1,324,325,326,-1,326,325,327,-1,326,327,328,-1,328,327,329,-1,328,329,330,-1,330,329,331,-1,330,331,332,-1,332,331,333,-1,332,333,299,-1,299,333,334,-1,299,334,300,-1,335,336,337,-1,337,336,338,-1,339,340,335,-1,335,340,341,-1,335,341,336,-1,336,341,342,-1,339,343,340,-1,340,343,344,-1,340,344,345,-1,345,344,346,-1,345,346,347,-1,347,348,345,-1,345,348,337,-1,345,337,349,-1,349,337,338,-1,349,338,350,-1,351,352,353,-1,354,355,356,-1,357,358,359,-1,360,361,362,-1,363,364,353,-1,353,364,365,-1,353,365,351,-1,356,355,366,-1,367,368,369,-1,369,368,370,-1,369,370,371,-1,371,370,372,-1,371,372,359,-1,359,372,373,-1,359,373,357,-1,374,352,375,-1,375,352,376,-1,375,376,377,-1,378,379,370,-1,370,379,380,-1,370,380,372,-1,372,380,381,-1,372,381,382,-1,383,384,385,-1,385,384,386,-1,385,386,387,-1,387,386,388,-1,387,388,389,-1,389,388,390,-1,360,362,391,-1,391,362,392,-1,391,392,393,-1,393,392,394,-1,393,394,395,-1,355,396,366,-1,366,396,397,-1,366,397,398,-1,398,397,399,-1,398,399,360,-1,360,399,400,-1,360,400,361,-1,401,353,402,-1,402,353,352,-1,402,352,403,-1,403,352,374,-1,376,404,377,-1,377,404,405,-1,377,405,406,-1,406,405,407,-1,406,407,408,-1,408,407,409,-1,408,409,410,-1,410,409,372,-1,410,372,411,-1,411,372,382,-1,412,413,414,-1,414,413,415,-1,414,415,416,-1,416,415,417,-1,416,417,418,-1,418,417,419,-1,418,419,420,-1,420,419,421,-1,420,421,422,-1,388,423,390,-1,390,423,424,-1,390,424,425,-1,425,424,426,-1,425,426,427,-1,427,426,428,-1,427,428,429,-1,429,428,430,-1,429,430,431,-1,431,430,432,-1,431,432,433,-1,433,432,434,-1,433,434,412,-1,412,434,435,-1,412,435,413,-1,436,437,438,-1,438,437,439,-1,438,439,385,-1,385,439,440,-1,385,440,383,-1,441,442,443,-1,443,442,444,-1,443,444,445,-1,445,444,446,-1,445,446,447,-1,447,446,448,-1,447,448,449,-1,449,448,450,-1,449,450,363,-1,363,450,451,-1,363,451,364,-1,401,452,353,-1,353,452,453,-1,353,453,454,-1,454,453,455,-1,454,455,456,-1,456,455,457,-1,456,457,458,-1,458,457,459,-1,458,459,460,-1,460,459,461,-1,460,461,462,-1,462,461,463,-1,462,463,464,-1,464,463,465,-1,464,465,466,-1,466,465,467,-1,466,467,468,-1,468,467,469,-1,468,469,370,-1,370,469,470,-1,370,470,378,-1,395,394,471,-1,471,394,472,-1,471,472,473,-1,473,472,474,-1,473,474,475,-1,475,474,476,-1,475,476,477,-1,477,476,478,-1,477,478,436,-1,436,478,479,-1,436,479,437,-1,356,480,354,-1,354,480,481,-1,354,481,482,-1,482,481,483,-1,482,483,484,-1,484,483,485,-1,484,485,441,-1,441,485,486,-1,441,486,442,-1,487,488,489,-1,421,490,422,-1,422,490,487,-1,422,487,491,-1,491,487,489,-1,492,493,487,-1,487,493,494,-1,487,494,488,-1,495,496,497,-1,496,498,497,-1,497,498,499,-1,497,499,500,-1,492,487,497,-1,497,487,501,-1,497,501,495,-1,
        ]
    }
}
Shape{
    appearance Appearance {
        material  Material 	{
            diffuseColor 0.9686274509803922 0.8784313725490196 0.6
            specularColor 0.6784313725490196 0.615686274509804 0.4196078431372549
            ambientIntensity 0.8737
            transparency 0.0
            shininess 0.5
        }
    }
    geometry IndexedFaceSet {
        ccw TRUE
        solid FALSE
        coord DEF co Coordinate {
            point [
                2.1614 -1.8406 -0.7874, 2.0754 -1.9265 -1.0236, 1.8464 -1.8406 -0.7874, 1.9324 -1.9265 -1.0236, 2.1614 -2.1555 -0.7874, 2.0754 -2.0695 -1.0236, 1.8464 -2.1555 0.0, 1.5315 -2.1555 0.0, 1.8464 -1.8406 0.0, 1.5315 -1.8406 0.0, 1.9324 -2.0695 -1.0236, 1.8464 -2.1555 -0.7874, -2.1536 -1.8406 -0.7874, -2.0676 -1.9265 -1.0236, -2.1536 -2.1555 -0.7874, -2.0676 -2.0695 -1.0236, -1.9246 -1.9265 -1.0236, -1.8386 -1.8406 -0.7874, -1.8386 -1.8406 0.0, -1.5236 -1.8406 0.0, -1.8386 -2.1555 0.0, -1.5236 -2.1555 0.0, -1.8386 -2.1555 -0.7874, -1.9246 -2.0695 -1.0236, -2.1536 1.8445 -0.7874, -2.0676 1.9305 -1.0236, -1.8386 1.8445 -0.7874, -1.9246 1.9305 -1.0236, -2.1536 2.1594 -0.7874, -2.0676 2.0735 -1.0236, -1.8386 2.1594 0.0, -1.5236 2.1594 0.0, -1.8386 1.8445 0.0, -1.5236 1.8445 0.0, -1.8386 2.1594 -0.7874, -1.9246 2.0735 -1.0236, 2.1614 1.8445 -0.7874, 2.0754 1.9305 -1.0236, 2.1614 2.1594 -0.7874, 2.0754 2.0735 -1.0236, 1.8464 1.8445 -0.7874, 1.9324 1.9305 -1.0236, 1.8464 1.8445 0.0, 1.5315 1.8445 0.0, 1.8464 2.1594 0.0, 1.5315 2.1594 0.0, 1.8464 2.1594 -0.7874, 1.9324 2.0735 -1.0236, 0.9015 0.002 -0.9252, 0.7931 0.0784 -1.0236, 0.8881 0.1039 -0.9252, 0.7636 0.1496 -1.0236, 0.8488 0.1988 -0.9252, 0.7166 0.2108 -1.0236, 0.7862 0.2804 -0.9252, 0.6555 0.2577 -1.0236, 0.7047 0.3429 -0.9252, 0.5843 0.2872 -1.0236, 0.6097 0.3823 -0.9252, 0.5078 0.2972 -1.0236, 0.5078 0.3957 -0.9252, 0.4314 0.2872 -1.0236, 0.406 0.3823 -0.9252, 0.3602 0.2577 -1.0236, 0.311 0.3429 -0.9252, 0.2991 0.2108 -1.0236, 0.2295 0.2804 -0.9252, 0.2521 0.1496 -1.0236, 0.1669 0.1988 -0.9252, 0.2226 0.0784 -1.0236, 0.1276 0.1039 -0.9252, 0.2126 0.002 -1.0236, 0.1141 0.002 -0.9252, 0.2226 -0.0745 -1.0236, 0.1276 -0.0999 -0.9252, 0.2521 -0.1457 -1.0236, 0.1669 -0.1949 -0.9252, 0.2991 -0.2068 -1.0236, 0.2295 -0.2764 -0.9252, 0.3602 -0.2537 -1.0236, 0.311 -0.339 -0.9252, 0.4314 -0.2832 -1.0236, 0.406 -0.3783 -0.9252, 0.5078 -0.2933 -1.0236, 0.5078 -0.3917 -0.9252, 0.5843 -0.2832 -1.0236, 0.6097 -0.3783 -0.9252, 0.6555 -0.2537 -1.0236, 0.7047 -0.339 -0.9252, 0.7166 -0.2068 -1.0236, 0.7862 -0.2764 -0.9252, 0.7636 -0.1457 -1.0236, 0.8488 -0.1949 -0.9252, 0.7931 -0.0745 -1.0236, 0.8881 -0.0999 -0.9252, 0.8031 0.002 -1.0236
            ]
        }
        coordIndex [
            0,1,2,-1,2,1,3,-1,4,5,0,-1,0,5,1,-1,6,7,8,-1,8,7,9,-1,5,4,10,-1,10,4,11,-1,11,6,2,-1,2,6,8,-1,12,13,14,-1,14,13,15,-1,13,12,16,-1,16,12,17,-1,18,19,20,-1,20,19,21,-1,17,18,22,-1,22,18,20,-1,14,15,22,-1,22,15,23,-1,24,25,26,-1,26,25,27,-1,28,29,24,-1,24,29,25,-1,30,31,32,-1,32,31,33,-1,34,35,28,-1,28,35,29,-1,34,30,26,-1,26,30,32,-1,36,37,38,-1,38,37,39,-1,40,41,36,-1,36,41,37,-1,42,43,44,-1,44,43,45,-1,40,42,46,-1,46,42,44,-1,38,39,46,-1,46,39,47,-1,48,49,50,-1,50,49,51,-1,50,51,52,-1,52,51,53,-1,52,53,54,-1,54,53,55,-1,54,55,56,-1,56,55,57,-1,56,57,58,-1,58,57,59,-1,58,59,60,-1,60,59,61,-1,60,61,62,-1,62,61,63,-1,62,63,64,-1,64,63,65,-1,64,65,66,-1,66,65,67,-1,66,67,68,-1,68,67,69,-1,68,69,70,-1,70,69,71,-1,70,71,72,-1,72,71,73,-1,72,73,74,-1,74,73,75,-1,74,75,76,-1,76,75,77,-1,76,77,78,-1,78,77,79,-1,78,79,80,-1,80,79,81,-1,80,81,82,-1,82,81,83,-1,82,83,84,-1,84,83,85,-1,84,85,86,-1,86,85,87,-1,86,87,88,-1,88,87,89,-1,88,89,90,-1,90,89,91,-1,90,91,92,-1,92,91,93,-1,92,93,94,-1,94,93,95,-1,94,95,48,-1,48,95,49,-1,
        ]
    }
}
Shape{
    appearance Appearance {
        material  Material 	{
            diffuseColor 1.0 1.0 1.0
            specularColor 0.5019607843137255 0.5019607843137255 0.5019607843137255
            ambientIntensity 1.0
            transparency 0.0
            shininess 0.5
        }
    }
    geometry IndexedFaceSet {
        ccw TRUE
        solid FALSE
        coord DEF co Coordinate {
            point [
                0.7297 -2.3642 0.9117, 0.7818 -2.3642 1.0552, 0.7297 -2.3602 0.9117, 0.7818 -2.3602 1.0552, 0.7272 -2.3602 0.9028, 0.7272 -2.3642 0.9028, 0.7257 -2.3602 0.8962, 0.7257 -2.3642 0.8962, 0.7248 -2.3642 0.8962, 0.7248 -2.3602 0.8962, 0.7207 -2.3642 0.9119, 0.7207 -2.3602 0.9119, 0.6709 -2.3602 1.0552, 0.6709 -2.3642 1.0552, 0.687 -2.3602 1.0088, 0.6335 -2.3642 1.0552, 0.6335 -2.3602 1.0552, 0.7083 -2.3602 0.865, 0.7083 -2.3642 0.865, 0.687 -2.3602 0.9191, 0.6936 -2.3602 0.8303, 0.6936 -2.3642 0.8303, 0.7071 -2.3602 0.8623, 0.687 -2.3602 0.8183, 0.6869 -2.3642 0.8181, 0.6869 -2.3602 0.8181, 0.6807 -2.3602 0.8112, 0.6807 -2.3642 0.8112, 0.6752 -2.3602 0.8074, 0.6752 -2.3642 0.8074, 0.6679 -2.3602 0.8045, 0.6679 -2.3642 0.8045, 0.6593 -2.3602 0.8035, 0.6593 -2.3642 0.8035, 0.6472 -2.3602 0.805, 0.6472 -2.3642 0.805, 0.6404 -2.3602 0.8073, 0.6404 -2.3642 0.8073, 0.6404 -2.3642 0.7775, 0.6404 -2.3602 0.7775, 0.6546 -2.3602 0.7751, 0.6546 -2.3642 0.7751, 0.6619 -2.3602 0.7748, 0.6619 -2.3642 0.7748, 0.6754 -2.3602 0.7763, 0.6754 -2.3642 0.7763, 0.687 -2.3602 0.7808, 0.6886 -2.3642 0.7814, 0.6886 -2.3602 0.7814, 0.7003 -2.3602 0.7895, 0.7003 -2.3642 0.7895, 0.7026 -2.3602 0.7916, 0.7026 -2.3642 0.7916, 0.7148 -2.3602 0.8063, 0.7148 -2.3642 0.8063, 0.73 -2.3602 0.8358, 0.73 -2.3642 0.8358, 0.8165 -2.3602 1.0552, 0.8165 -2.3642 1.0552, 0.7404 -2.3602 0.8623, 0.3075 -2.3642 1.0094, 0.3075 -2.3642 1.0418, 0.3075 -2.3602 1.0094, 0.3075 -2.3602 1.0418, 0.3305 -2.3602 1.0238, 0.3305 -2.3642 1.0238, 0.3515 -2.3602 1.0306, 0.3515 -2.3642 1.0306, 0.37 -2.3602 1.0324, 0.37 -2.3642 1.0324, 0.3813 -2.3602 1.0312, 0.3813 -2.3642 1.0312, 0.3891 -2.3602 1.0285, 0.3891 -2.3642 1.0285, 0.395 -2.3602 1.0247, 0.395 -2.3642 1.0247, 0.4001 -2.3602 1.0193, 0.4001 -2.3642 1.0193, 0.404 -2.3602 1.0124, 0.404 -2.3642 1.0124, 0.4074 -2.3602 1.0005, 0.4074 -2.3642 1.0005, 0.4086 -2.3602 0.9857, 0.4086 -2.3642 0.9857, 0.3521 -2.3642 0.9778, 0.3521 -2.3602 0.9778, 0.3247 -2.3602 0.9707, 0.3247 -2.3642 0.9707, 0.3112 -2.3602 0.9633, 0.3112 -2.3642 0.9633, 0.3014 -2.3602 0.9543, 0.3014 -2.3642 0.9543, 0.2945 -2.3602 0.9434, 0.2945 -2.3642 0.9434, 0.2904 -2.3602 0.9312, 0.2904 -2.3642 0.9312, 0.2889 -2.3602 0.9156, 0.2889 -2.3642 0.9156, 0.2906 -2.3602 0.9003, 0.2906 -2.3642 0.9003, 0.2946 -2.3602 0.889, 0.2946 -2.3642 0.889, 0.3016 -2.3602 0.8788, 0.3016 -2.3642 0.8788, 0.3052 -2.3602 0.8751, 0.3052 -2.3642 0.8751, 0.3493 -2.3602 0.8601, 0.3493 -2.3642 0.8601, 0.3299 -2.3602 0.8623, 0.3293 -2.3642 0.8624, 0.3293 -2.3602 0.8624, 0.3165 -2.3642 0.8672, 0.3165 -2.3602 0.8672, 0.3677 -2.3602 0.8623, 0.3677 -2.3642 0.8623, 0.3679 -2.3602 0.8623, 0.3811 -2.3642 0.8674, 0.3811 -2.3602 0.8674, 0.3894 -2.3602 0.8727, 0.3894 -2.3642 0.8727, 0.4002 -2.3602 0.8832, 0.4002 -2.3642 0.8832, 0.4077 -2.3602 0.8941, 0.4077 -2.3642 0.8941, 0.4086 -2.3642 0.8941, 0.4086 -2.3602 0.8941, 0.4086 -2.3642 0.8646, 0.4086 -2.3602 0.8646, 0.442 -2.3642 0.8646, 0.442 -2.3602 0.8646, 0.442 -2.3642 0.9872, 0.442 -2.3602 0.9872, 0.4388 -2.3602 1.0152, 0.4388 -2.3642 1.0152, 0.4333 -2.3602 1.0295, 0.4333 -2.3642 1.0295, 0.4263 -2.3602 1.0399, 0.4263 -2.3642 1.0399, 0.42 -2.3602 1.046, 0.42 -2.3642 1.046, 0.4093 -2.3602 1.0526, 0.4093 -2.3642 1.0526, 0.3958 -2.3602 1.0572, 0.3958 -2.3642 1.0572, 0.3731 -2.3602 1.0596, 0.3731 -2.3642 1.0596, 0.3393 -2.3602 1.0555, 0.3393 -2.3642 1.0555, 0.3144 -2.3602 1.0458, 0.3144 -2.3642 1.0458, 0.1478 -2.3642 0.895, 0.2569 -2.3642 0.895, 0.1478 -2.3602 0.895, 0.2569 -2.3602 0.895, 0.1478 -2.3642 0.9848, 0.1478 -2.3602 0.9848, 0.2432 -2.3642 0.9848, 0.2432 -2.3602 0.9848, 0.2432 -2.3642 1.0154, 0.2432 -2.3602 1.0154, 0.1478 -2.3642 1.0154, 0.1478 -2.3602 1.0154, 0.1478 -2.3642 1.1008, 0.1478 -2.3602 1.1008, 0.2508 -2.3642 1.1008, 0.2508 -2.3602 1.1008, 0.2508 -2.3642 1.1315, 0.2508 -2.3602 1.1315, 0.1133 -2.3642 1.1315, 0.1133 -2.3602 1.1315, 0.1133 -2.3642 0.8646, 0.1133 -2.3602 0.8646, 0.2569 -2.3642 0.8646, 0.2569 -2.3602 0.8646, 0.4648 -2.3642 1.3321, 0.4648 -2.3642 1.299, 0.4648 -2.3602 1.3321, 0.4648 -2.3602 1.299, 0.4534 -2.3602 1.3269, 0.4386 -2.3642 1.3203, 0.4386 -2.3602 1.3203, 0.4084 -2.3602 1.3147, 0.4084 -2.3642 1.3147, 0.3959 -2.3602 1.3142, 0.3959 -2.3642 1.3142, 0.3692 -2.3602 1.3174, 0.3692 -2.3642 1.3174, 0.3502 -2.3602 1.3247, 0.3502 -2.3642 1.3247, 0.3327 -2.3602 1.337, 0.3327 -2.3642 1.337, 0.3274 -2.3602 1.3423, 0.3274 -2.3642 1.3423, 0.3155 -2.3602 1.3583, 0.3155 -2.3642 1.3583, 0.3064 -2.3602 1.3794, 0.3064 -2.3642 1.3794, 0.3017 -2.3602 1.4054, 0.3017 -2.3642 1.4054, 0.3012 -2.3602 1.4184, 0.3012 -2.3642 1.4184, 0.3056 -2.3602 1.4552, 0.3056 -2.3642 1.4552, 0.3145 -2.3602 1.4782, 0.3145 -2.3642 1.4782, 0.3274 -2.3602 1.4967, 0.3274 -2.3642 1.4967, 0.3292 -2.3602 1.4987, 0.3292 -2.3642 1.4987, 0.345 -2.3602 1.5121, 0.345 -2.3642 1.5121, 0.3657 -2.3602 1.5225, 0.3657 -2.3642 1.5225, 0.3885 -2.3602 1.5276, 0.3885 -2.3642 1.5276, 0.4019 -2.3602 1.5283, 0.4019 -2.3642 1.5283, 0.4348 -2.3602 1.5244, 0.4534 -2.3602 1.5173, 0.4619 -2.3642 1.5141, 0.4348 -2.3642 1.5244, 0.4619 -2.3602 1.5141, 0.4648 -2.3602 1.5125, 0.4648 -2.3642 1.5125, 0.4648 -2.3642 1.5485, 0.4648 -2.3602 1.5485, 0.4534 -2.3602 1.5518, 0.4365 -2.3642 1.5566, 0.4016 -2.3602 1.5594, 0.4016 -2.3642 1.5594, 0.4302 -2.3602 1.5571, 0.4365 -2.3602 1.5566, 0.3831 -2.3602 1.5571, 0.363 -2.3642 1.5547, 0.363 -2.3602 1.5547, 0.3351 -2.3602 1.5439, 0.3351 -2.3642 1.5439, 0.3101 -2.3602 1.5263, 0.3101 -2.3642 1.5263, 0.3035 -2.3602 1.5201, 0.3035 -2.3642 1.5201, 0.2842 -2.3602 1.4948, 0.2842 -2.3642 1.4948, 0.2769 -2.3602 1.4778, 0.2715 -2.3642 1.4652, 0.2715 -2.3602 1.4652, 0.2655 -2.3602 1.4303, 0.2655 -2.3642 1.4303, 0.265 -2.3602 1.4164, 0.265 -2.3642 1.4164, 0.2703 -2.3602 1.3729, 0.2769 -2.3602 1.3558, 0.2812 -2.3642 1.345, 0.2703 -2.3642 1.3729, 0.2812 -2.3602 1.345, 0.2971 -2.3602 1.3223, 0.2971 -2.3642 1.3223, 0.2992 -2.3602 1.3199, 0.2992 -2.3642 1.3199, 0.3459 -2.3602 1.2902, 0.3207 -2.3642 1.3021, 0.3207 -2.3602 1.3021, 0.3676 -2.3602 1.2857, 0.3748 -2.3642 1.2842, 0.3459 -2.3642 1.2902, 0.3748 -2.3602 1.2842, 0.3909 -2.3602 1.2835, 0.3909 -2.3642 1.2835, 0.4534 -2.3602 1.2945, 0.4603 -2.3642 1.2968, 0.4316 -2.3602 1.2874, 0.4316 -2.3642 1.2874, 0.4145 -2.3602 1.2857, 0.4603 -2.3602 1.2968, 0.1478 -2.3642 1.3184, 0.2541 -2.3642 1.3184, 0.1478 -2.3602 1.3184, 0.2541 -2.3602 1.3184, 0.1478 -2.3642 1.5549, 0.1478 -2.3602 1.5549, 0.1133 -2.3642 1.5549, 0.1133 -2.3602 1.5549, 0.1133 -2.3642 1.288, 0.1133 -2.3602 1.288, 0.2541 -2.3642 1.288, 0.2541 -2.3602 1.288, 0.5527 -2.3602 1.3184, 0.5527 -2.3642 1.3184, 0.6248 -2.3602 1.3184, 0.6618 -2.3642 1.3184, 0.6618 -2.3602 1.3184, 0.5527 -2.3642 1.4082, 0.5527 -2.3602 1.4082, 0.6482 -2.3602 1.4082, 0.6482 -2.3642 1.4082, 0.6248 -2.3602 1.4082, 0.6482 -2.3642 1.4388, 0.6482 -2.3602 1.4388, 0.5527 -2.3602 1.4388, 0.5527 -2.3642 1.4388, 0.6248 -2.3602 1.4388, 0.5527 -2.3642 1.5242, 0.5527 -2.3602 1.5242, 0.6557 -2.3602 1.5242, 0.6557 -2.3642 1.5242, 0.6248 -2.3602 1.5242, 0.6557 -2.3642 1.5549, 0.6557 -2.3602 1.5549, 0.5182 -2.3602 1.5549, 0.5182 -2.3642 1.5549, 0.6248 -2.3602 1.5549, 0.5182 -2.3642 1.288, 0.5182 -2.3602 1.288, 0.6618 -2.3602 1.288, 0.6618 -2.3642 1.288, 0.6248 -2.3602 1.288, 0.7856 -2.3642 1.288, 0.7856 -2.3602 1.288, 0.831 -2.3602 1.2935, 0.831 -2.3642 1.2935, 0.8614 -2.3602 1.3054, 0.8614 -2.3642 1.3054, 0.8893 -2.3602 1.3254, 0.8893 -2.3642 1.3254, 0.9091 -2.3602 1.349, 0.9091 -2.3642 1.349, 0.9222 -2.3602 1.3766, 0.9222 -2.3642 1.3766, 0.9287 -2.3602 1.4079, 0.9287 -2.3642 1.4079, 0.9295 -2.3602 1.4248, 0.9295 -2.3642 1.4248, 0.9251 -2.3602 1.4617, 0.9251 -2.3642 1.4617, 0.9152 -2.3602 1.4871, 0.9152 -2.3642 1.4871, 0.8986 -2.3602 1.5104, 0.8986 -2.3642 1.5104, 0.8893 -2.3602 1.5195, 0.8893 -2.3642 1.5195, 0.8613 -2.3602 1.5386, 0.8613 -2.3642 1.5386, 0.8291 -2.3602 1.5504, 0.8291 -2.3642 1.5504, 0.7884 -2.3602 1.5549, 0.7884 -2.3642 1.5549, 0.7122 -2.3642 1.5549, 0.7122 -2.3602 1.5549, 0.7122 -2.3642 1.288, 0.7122 -2.3602 1.288, 1.046 -2.3642 1.5549, 1.0828 -2.3642 1.5549, 1.046 -2.3602 1.5549, 1.0828 -2.3602 1.5549, 0.9443 -2.3602 1.288, 0.9443 -2.3642 1.288, 1.0212 -2.3602 1.49, 0.9824 -2.3642 1.288, 0.9824 -2.3602 1.288, 1.008 -2.3642 1.361, 1.008 -2.3602 1.361, 1.1192 -2.3602 1.361, 1.1192 -2.3642 1.361, 1.0212 -2.3602 1.361, 1.1464 -2.3642 1.288, 1.1464 -2.3602 1.288, 1.1845 -2.3642 1.288, 1.1845 -2.3602 1.288, 0.4873 -2.3642 0.8713, 0.4873 -2.3642 0.9058, 0.4873 -2.3602 0.8713, 0.4873 -2.3602 0.9058, 0.507 -2.3642 0.8639, 0.5028 -2.3602 0.8655, 0.5391 -2.3602 0.8601, 0.5391 -2.3642 0.8601, 0.5204 -2.3602 0.8623, 0.507 -2.3602 0.8639, 0.5691 -2.3642 0.8636, 0.5581 -2.3602 0.8623, 0.5691 -2.3602 0.8636, 0.5867 -2.3602 0.8704, 0.5867 -2.3642 0.8704, 0.5946 -2.3602 0.8752, 0.5946 -2.3642 0.8752, 0.6042 -2.3602 0.8836, 0.6042 -2.3642 0.8836, 0.6104 -2.3602 0.8924, 0.6104 -2.3642 0.8924, 0.6145 -2.3602 0.903, 0.6145 -2.3642 0.903, 0.6161 -2.3602 0.9164, 0.6161 -2.3642 0.9164, 0.6147 -2.3602 0.9289, 0.6147 -2.3642 0.9289, 0.6111 -2.3602 0.9387, 0.6111 -2.3642 0.9387, 0.6049 -2.3602 0.948, 0.6049 -2.3642 0.948, 0.5969 -2.3602 0.9551, 0.5969 -2.3642 0.9551, 0.5747 -2.3602 0.9674, 0.5747 -2.3642 0.9674, 0.5618 -2.3602 0.9726, 0.5618 -2.3642 0.9726, 0.5411 -2.3602 0.9817, 0.5411 -2.3642 0.9817, 0.5293 -2.3602 0.989, 0.5293 -2.3642 0.989, 0.526 -2.3602 0.9926, 0.526 -2.3642 0.9926, 0.5236 -2.3602 0.9971, 0.5236 -2.3642 0.9971, 0.5223 -2.3602 1.0023, 0.5223 -2.3642 1.0023, 0.522 -2.3602 1.0068, 0.522 -2.3642 1.0068, 0.5226 -2.3602 1.0121, 0.5226 -2.3642 1.0121, 0.5243 -2.3602 1.0166, 0.5243 -2.3642 1.0166, 0.5271 -2.3602 1.0209, 0.5271 -2.3642 1.0209, 0.5322 -2.3602 1.0253, 0.5322 -2.3642 1.0253, 0.5397 -2.3602 1.0293, 0.5397 -2.3642 1.0293, 0.5486 -2.3602 1.0317, 0.5486 -2.3642 1.0317, 0.5585 -2.3602 1.0324, 0.5585 -2.3642 1.0324, 0.5792 -2.3602 1.0302, 0.5792 -2.3642 1.0302, 0.5982 -2.3602 1.0236, 0.5982 -2.3642 1.0236, 0.6069 -2.3602 1.0186, 0.6069 -2.3642 1.0186, 0.6069 -2.3642 1.0511, 0.6069 -2.3602 1.0511, 0.5852 -2.3602 1.0575, 0.5852 -2.3642 1.0575, 0.5618 -2.3602 1.0596, 0.5618 -2.3642 1.0596, 0.5352 -2.3602 1.0564, 0.5352 -2.3642 1.0564, 0.5173 -2.3602 1.0495, 0.5173 -2.3642 1.0495, 0.509 -2.3602 1.0444, 0.509 -2.3642 1.0444, 0.499 -2.3642 1.0355, 0.5028 -2.3602 1.0389, 0.499 -2.3602 1.0355, 0.4928 -2.3602 1.0265, 0.4928 -2.3642 1.0265, 0.4889 -2.3602 1.0157, 0.4889 -2.3642 1.0157, 0.4875 -2.3602 1.0038, 0.4875 -2.3642 1.0038, 0.489 -2.3602 0.9908, 0.489 -2.3642 0.9908, 0.4927 -2.3602 0.9806, 0.4927 -2.3642 0.9806, 0.497 -2.3602 0.9736, 0.497 -2.3642 0.9736, 0.5382 -2.3602 0.9484, 0.5382 -2.3642 0.9484, 0.5182 -2.3642 0.9575, 0.5025 -2.3602 0.9679, 0.5025 -2.3642 0.9679, 0.5028 -2.3602 0.9677, 0.5182 -2.3602 0.9575, 0.5601 -2.3602 0.9392, 0.5601 -2.3642 0.9392, 0.5732 -2.3602 0.9313, 0.5732 -2.3642 0.9313, 0.5773 -2.3602 0.927, 0.5773 -2.3642 0.927, 0.5799 -2.3602 0.9225, 0.5799 -2.3642 0.9225, 0.5814 -2.3602 0.9173, 0.5814 -2.3642 0.9173, 0.5818 -2.3602 0.9132, 0.5818 -2.3642 0.9132, 0.5811 -2.3602 0.9068, 0.5811 -2.3642 0.9068, 0.5794 -2.3602 0.902, 0.5794 -2.3642 0.902, 0.5765 -2.3602 0.8977, 0.5765 -2.3642 0.8977, 0.5726 -2.3602 0.8943, 0.5726 -2.3642 0.8943, 0.5696 -2.3602 0.8925, 0.5696 -2.3642 0.8925, 0.5609 -2.3602 0.8893, 0.5609 -2.3642 0.8893, 0.5438 -2.3602 0.8874, 0.5438 -2.3642 0.8874, 0.5423 -2.3602 0.8874, 0.5423 -2.3642 0.8874, 0.5014 -2.3642 0.8972, 0.5224 -2.3602 0.8896, 0.5224 -2.3642 0.8896, 0.5028 -2.3602 0.8967, 0.5014 -2.3602 0.8972, 0.8869 -2.3602 0.895, 0.8869 -2.3642 0.895, 0.9369 -2.3602 0.895, 0.996 -2.3642 0.895, 0.996 -2.3602 0.895, 0.8869 -2.3642 0.9848, 0.8869 -2.3602 0.9848, 0.9824 -2.3602 0.9848, 0.9824 -2.3642 0.9848, 0.9369 -2.3602 0.9848, 0.9824 -2.3642 1.0154, 0.9824 -2.3602 1.0154, 0.8869 -2.3602 1.0154, 0.8869 -2.3642 1.0154, 0.9369 -2.3602 1.0154, 0.8869 -2.3642 1.1008, 0.8869 -2.3602 1.1008, 0.99 -2.3602 1.1008, 0.99 -2.3642 1.1008, 0.9369 -2.3602 1.1008, 0.99 -2.3642 1.1315, 0.99 -2.3602 1.1315, 0.8525 -2.3602 1.1315, 0.8525 -2.3642 1.1315, 0.9369 -2.3602 1.1315, 0.8525 -2.3642 0.8646, 0.8525 -2.3602 0.8646, 0.996 -2.3602 0.8646, 0.996 -2.3642 0.8646, 0.9369 -2.3602 0.8646, 1.1199 -2.3642 0.8646, 1.1199 -2.3602 0.8646, 1.1652 -2.3602 0.8701, 1.1652 -2.3642 0.8701, 1.1957 -2.3602 0.882, 1.1957 -2.3642 0.882, 1.2235 -2.3602 0.902, 1.2235 -2.3642 0.902, 1.2433 -2.3602 0.9256, 1.2433 -2.3642 0.9256, 1.2565 -2.3602 0.9532, 1.2565 -2.3642 0.9532, 1.2629 -2.3602 0.9844, 1.2629 -2.3642 0.9844, 1.2637 -2.3602 1.0014, 1.2637 -2.3642 1.0014, 1.2593 -2.3602 1.0382, 1.2593 -2.3642 1.0382, 1.2494 -2.3602 1.0637, 1.2494 -2.3642 1.0637, 1.2329 -2.3602 1.087, 1.2329 -2.3642 1.087, 1.2235 -2.3602 1.0961, 1.2235 -2.3642 1.0961, 1.1956 -2.3602 1.1152, 1.1956 -2.3642 1.1152, 1.1633 -2.3602 1.127, 1.1633 -2.3642 1.127, 1.1226 -2.3602 1.1315, 1.1226 -2.3642 1.1315, 1.0465 -2.3642 1.1315, 1.0465 -2.3602 1.1315, 1.0465 -2.3642 0.8646, 1.0465 -2.3602 0.8646, 1.3802 -2.3642 1.1315, 1.4171 -2.3642 1.1315, 1.3802 -2.3602 1.1315, 1.4171 -2.3602 1.1315, 1.2786 -2.3642 0.8646, 1.2786 -2.3602 0.8646, 1.3166 -2.3642 0.8646, 1.3166 -2.3602 0.8646, 1.3423 -2.3642 0.9376, 1.3423 -2.3602 0.9376, 1.4534 -2.3642 0.9376, 1.4534 -2.3602 0.9376, 1.4806 -2.3642 0.8646, 1.4806 -2.3602 0.8646, 1.5187 -2.3642 0.8646, 1.5187 -2.3602 0.8646, -0.2931 -2.3642 1.3779, -0.2931 -2.3602 1.3779, -0.3284 -2.3602 1.4484, -0.3284 -2.3642 1.4484, -0.3956 -2.3602 1.5278, -0.3956 -2.3642 1.5278, -0.4668 -2.3642 1.5777, -0.4375 -2.3602 1.5571, -0.4668 -2.3602 1.5777, -0.5607 -2.3602 1.6149, -0.5607 -2.3642 1.6149, -0.6537 -2.3602 1.6265, -0.6537 -2.3642 1.6265, -0.7364 -2.3602 1.6176, -0.7364 -2.3642 1.6176, -0.8246 -2.3602 1.5865, -0.8246 -2.3642 1.5865, -0.8814 -2.3642 1.5525, -0.8736 -2.3602 1.5571, -0.8814 -2.3602 1.5525, -0.926 -2.3602 1.5143, -0.926 -2.3642 1.5143, -0.9649 -2.3602 1.469, -0.9649 -2.3642 1.469, -0.9867 -2.3602 1.4716, -0.9867 -2.3642 1.4716, -1.0085 -2.3602 1.4728, -1.0085 -2.3642 1.4728, -1.0822 -2.3602 1.4638, -1.0822 -2.3642 1.4638, -1.1526 -2.3602 1.4368, -1.1526 -2.3642 1.4368, -1.2131 -2.3602 1.3946, -1.2131 -2.3642 1.3946, -1.2267 -2.3602 1.3817, -1.2267 -2.3642 1.3817, -1.3159 -2.3602 1.1654, -1.3159 -2.3642 1.1654, -1.3154 -2.3642 1.1843, -1.272 -2.3602 1.3238, -1.272 -2.3642 1.3238, -1.289 -2.3602 1.2857, -1.3025 -2.3642 1.2556, -1.3025 -2.3602 1.2556, -1.3112 -2.3602 1.2075, -1.3154 -2.3602 1.1843, -1.307 -2.3602 1.0921, -1.307 -2.3642 1.0921, -1.2801 -2.3602 1.0214, -1.2801 -2.3642 1.0214, -1.2362 -2.3602 0.9585, -1.2362 -2.3642 0.9585, -1.1787 -2.3602 0.9092, -1.1787 -2.3642 0.9092, -1.1104 -2.3602 0.8753, -1.1104 -2.3642 0.8753, -1.0844 -2.3602 0.8674, -1.0844 -2.3642 0.8674, -1.082 -2.3602 0.8623, -1.0654 -2.3642 0.8268, -1.0654 -2.3602 0.8268, -1.0372 -2.3602 0.7919, -1.0372 -2.3642 0.7919, -1.0001 -2.3602 0.7639, -1.0001 -2.3642 0.7639, -0.9826 -2.3602 0.7566, -0.9563 -2.3642 0.7455, -0.9563 -2.3602 0.7455, -0.9115 -2.3602 0.7385, -0.9115 -2.3642 0.7385, -0.9042 -2.3602 0.7384, -0.9042 -2.3642 0.7384, -0.7144 -2.3602 0.9282, -0.7144 -2.3642 0.9282, -0.7154 -2.3642 0.9085, -0.8582 -2.3602 0.7441, -0.8256 -2.3602 0.7566, -0.8159 -2.3642 0.7603, -0.8582 -2.3642 0.7441, -0.8159 -2.3602 0.7603, -0.7781 -2.3602 0.7866, -0.7781 -2.3642 0.7866, -0.7489 -2.3602 0.8194, -0.7489 -2.3642 0.8194, -0.7265 -2.3602 0.8617, -0.7265 -2.3642 0.8617, -0.7263 -2.3602 0.8623, -0.7154 -2.3602 0.9085, -0.7144 -2.3642 0.9472, -0.7144 -2.3602 0.9472, -0.4487 -2.3642 1.0876, -0.4487 -2.3602 1.0876, -0.5076 -2.3642 1.1881, -0.5076 -2.3602 1.1881, -0.7618 -2.3642 1.0553, -0.7618 -2.3602 1.0553, -0.795 -2.3602 1.0855, -0.795 -2.3642 1.0855, -0.8352 -2.3602 1.1071, -0.8352 -2.3642 1.1071, -0.881 -2.3602 1.1185, -0.881 -2.3642 1.1185, -0.9042 -2.3602 1.1198, -0.9042 -2.3642 1.1198, -0.9494 -2.3602 1.1143, -0.9494 -2.3642 1.1143, -0.9913 -2.3602 1.0982, -0.9913 -2.3642 1.0982, -1.0301 -2.3602 1.0713, -1.0301 -2.3642 1.0713, -1.0615 -2.3602 1.0354, -1.0615 -2.3642 1.0354, -1.0825 -2.3602 0.9946, -1.0825 -2.3642 0.9946, -1.1239 -2.3602 1.02, -1.1239 -2.3642 1.02, -1.1579 -2.3602 1.055, -1.1579 -2.3642 1.055, -1.1806 -2.3602 1.0936, -1.1806 -2.3642 1.0936, -1.1941 -2.3602 1.14, -1.1941 -2.3642 1.14, -1.1964 -2.3602 1.1692, -1.1964 -2.3642 1.1692, -1.1907 -2.3642 1.2151, -1.1917 -2.3602 1.2075, -1.1907 -2.3602 1.2151, -1.1745 -2.3602 1.2574, -1.1548 -2.3602 1.2857, -1.1482 -2.3642 1.2952, -1.1745 -2.3642 1.2574, -1.1482 -2.3602 1.2952, -1.1154 -2.3602 1.3244, -1.1154 -2.3642 1.3244, -1.0731 -2.3602 1.3468, -1.0731 -2.3642 1.3468, -1.0263 -2.3602 1.3579, -1.0263 -2.3642 1.3579, -1.0066 -2.3602 1.3589, -1.0066 -2.3642 1.3589, -0.9623 -2.3602 1.3535, -0.9623 -2.3642 1.3535, -0.9197 -2.3602 1.3379, -0.9197 -2.3642 1.3379, -0.9061 -2.3602 1.3305, -0.9061 -2.3642 1.3305, -0.8771 -2.3602 1.3905, -0.8771 -2.3642 1.3905, -0.8345 -2.3602 1.4413, -0.8345 -2.3642 1.4413, -0.7836 -2.3602 1.4785, -0.7836 -2.3642 1.4785, -0.7216 -2.3602 1.5037, -0.7216 -2.3642 1.5037, -0.6518 -2.3602 1.5126, -0.6518 -2.3642 1.5126, -0.5875 -2.3602 1.5047, -0.5875 -2.3642 1.5047, -0.528 -2.3602 1.4819, -0.528 -2.3642 1.4819, -0.4746 -2.3602 1.445, -0.4746 -2.3642 1.445, -0.4697 -2.3602 1.4405, -0.4697 -2.3642 1.4405, -0.4269 -2.3602 1.3893, -0.4269 -2.3642 1.3893, -0.3977 -2.3602 1.3282, -0.3977 -2.3642 1.3282, -0.3861 -2.3642 1.2754, -0.3884 -2.3602 1.2857, -0.3861 -2.3602 1.2754, -0.3709 -2.3642 1.2754, -0.3709 -2.3602 1.2754, -0.3349 -2.3602 1.271, -0.3349 -2.3642 1.271, -0.3017 -2.3602 1.2582, -0.3017 -2.3642 1.2582, -0.2723 -2.3602 1.2377, -0.2723 -2.3642 1.2377, -0.2504 -2.3602 1.2132, -0.2504 -2.3642 1.2132, -0.2473 -2.3602 1.2075, -0.2327 -2.3642 1.1804, -0.2327 -2.3602 1.1804, -0.2238 -2.3602 1.144, -0.2238 -2.3642 1.144, -0.2229 -2.3602 1.1274, -0.2229 -2.3642 1.1274, -0.2275 -2.3602 1.0905, -0.2275 -2.3642 1.0905, -0.2405 -2.3602 1.0567, -0.2405 -2.3642 1.0567, -0.2614 -2.3602 1.0271, -0.2614 -2.3642 1.0271, -0.264 -2.3602 1.0243, -0.264 -2.3642 1.0243, -0.292 -2.3602 1.0014, -0.292 -2.3642 1.0014, -0.3255 -2.3602 0.9859, -0.3255 -2.3642 0.9859, -0.3595 -2.3602 0.9794, -0.3595 -2.3642 0.9794, -0.4449 -2.3642 0.9794, -0.4449 -2.3602 0.9794, -0.4488 -2.3602 0.9799, -0.4488 -2.3642 0.9799, -0.4545 -2.3602 0.9812, -0.4545 -2.3642 0.9812, -0.4563 -2.3602 0.9813, -0.4563 -2.3642 0.9813, -0.471 -2.3602 0.9794, -0.471 -2.3642 0.9794, -0.484 -2.3602 0.9743, -0.484 -2.3642 0.9743, -0.4957 -2.3602 0.966, -0.4957 -2.3642 0.966, -0.5036 -2.3602 0.9574, -0.5036 -2.3642 0.9574, -0.5108 -2.3602 0.9444, -0.5108 -2.3642 0.9444, -0.5147 -2.3602 0.93, -0.5147 -2.3642 0.93, -0.5151 -2.3602 0.9225, -0.5151 -2.3642 0.9225, -0.5133 -2.3602 0.9083, -0.5133 -2.3642 0.9083, -0.5083 -2.3602 0.8955, -0.5083 -2.3642 0.8955, -0.5001 -2.3602 0.8836, -0.5001 -2.3642 0.8836, -0.4957 -2.3602 0.8791, -0.4957 -2.3642 0.8791, -0.4834 -2.3602 0.8703, -0.4834 -2.3642 0.8703, -0.4708 -2.3602 0.8654, -0.4708 -2.3642 0.8654, -0.4601 -2.3602 0.8637, -0.4601 -2.3642 0.8637, -0.3482 -2.3642 0.8637, -0.3482 -2.3602 0.8637, -0.285 -2.3602 0.877, -0.285 -2.3642 0.877, -0.2271 -2.3602 0.9053, -0.2271 -2.3642 0.9053, -0.1755 -2.3602 0.949, -0.1755 -2.3642 0.949, -0.1378 -2.3602 1.0015, -0.1378 -2.3642 1.0015, -0.114 -2.3602 1.0615, -0.114 -2.3642 1.0615, -0.1053 -2.3602 1.1293, -0.1053 -2.3642 1.1293, -0.1139 -2.3602 1.1912, -0.1633 -2.3602 1.2857, -0.1758 -2.3642 1.3032, -0.1371 -2.3642 1.2492, -0.1139 -2.3642 1.1912, -0.1204 -2.3602 1.2075, -0.1371 -2.3602 1.2492, -0.1758 -2.3602 1.3032, -0.2273 -2.3602 1.3467, -0.2273 -2.3642 1.3467, -0.2837 -2.3602 1.3748, -0.2837 -2.3642 1.3748
            ]
        }
        coordIndex [
            0,1,2,-1,2,1,3,-1,0,2,4,-1,0,4,5,-1,5,4,6,-1,5,6,7,-1,8,7,9,-1,9,7,6,-1,10,8,11,-1,11,8,9,-1,12,13,14,-1,14,13,10,-1,14,10,11,-1,15,13,16,-1,16,13,12,-1,17,18,19,-1,19,18,15,-1,19,15,16,-1,20,21,22,-1,22,21,18,-1,22,18,17,-1,20,23,21,-1,21,23,24,-1,23,25,24,-1,24,25,26,-1,24,26,27,-1,27,26,28,-1,27,28,29,-1,29,28,30,-1,29,30,31,-1,31,30,32,-1,31,32,33,-1,33,32,34,-1,33,34,35,-1,35,34,36,-1,35,36,37,-1,38,37,39,-1,39,37,36,-1,38,39,40,-1,38,40,41,-1,41,40,42,-1,41,42,43,-1,43,42,44,-1,43,44,45,-1,45,44,46,-1,45,46,47,-1,46,48,47,-1,47,48,49,-1,47,49,50,-1,50,49,51,-1,50,51,52,-1,52,51,53,-1,52,53,54,-1,54,53,55,-1,54,55,56,-1,57,58,59,-1,59,58,56,-1,59,56,55,-1,1,58,3,-1,3,58,57,-1,60,61,62,-1,62,61,63,-1,60,62,64,-1,60,64,65,-1,65,64,66,-1,65,66,67,-1,67,66,68,-1,67,68,69,-1,69,68,70,-1,69,70,71,-1,71,70,72,-1,71,72,73,-1,73,72,74,-1,73,74,75,-1,75,74,76,-1,75,76,77,-1,77,76,78,-1,77,78,79,-1,79,78,80,-1,79,80,81,-1,81,80,82,-1,81,82,83,-1,84,83,85,-1,85,83,82,-1,84,85,86,-1,84,86,87,-1,87,86,88,-1,87,88,89,-1,89,88,90,-1,89,90,91,-1,91,90,92,-1,91,92,93,-1,93,92,94,-1,93,94,95,-1,95,94,96,-1,95,96,97,-1,97,96,98,-1,97,98,99,-1,99,98,100,-1,99,100,101,-1,101,100,102,-1,101,102,103,-1,103,102,104,-1,103,104,105,-1,106,107,108,-1,108,107,109,-1,108,109,110,-1,110,109,111,-1,110,111,112,-1,112,111,105,-1,112,105,104,-1,107,106,113,-1,107,113,114,-1,114,113,115,-1,114,115,116,-1,115,117,116,-1,116,117,118,-1,116,118,119,-1,119,118,120,-1,119,120,121,-1,121,120,122,-1,121,122,123,-1,124,123,125,-1,125,123,122,-1,126,124,127,-1,127,124,125,-1,128,126,129,-1,129,126,127,-1,130,128,131,-1,131,128,129,-1,130,131,132,-1,130,132,133,-1,133,132,134,-1,133,134,135,-1,135,134,136,-1,135,136,137,-1,137,136,138,-1,137,138,139,-1,139,138,140,-1,139,140,141,-1,141,140,142,-1,141,142,143,-1,143,142,144,-1,143,144,145,-1,145,144,146,-1,145,146,147,-1,147,146,148,-1,147,148,149,-1,149,148,63,-1,149,63,61,-1,150,151,152,-1,152,151,153,-1,154,150,155,-1,155,150,152,-1,156,154,157,-1,157,154,155,-1,158,156,159,-1,159,156,157,-1,160,158,161,-1,161,158,159,-1,162,160,163,-1,163,160,161,-1,164,162,165,-1,165,162,163,-1,166,164,167,-1,167,164,165,-1,168,166,169,-1,169,166,167,-1,170,168,171,-1,171,168,169,-1,172,170,173,-1,173,170,171,-1,151,172,153,-1,153,172,173,-1,174,175,176,-1,176,175,177,-1,174,176,178,-1,174,178,179,-1,178,180,179,-1,179,180,181,-1,179,181,182,-1,182,181,183,-1,182,183,184,-1,184,183,185,-1,184,185,186,-1,186,185,187,-1,186,187,188,-1,188,187,189,-1,188,189,190,-1,190,189,191,-1,190,191,192,-1,192,191,193,-1,192,193,194,-1,194,193,195,-1,194,195,196,-1,196,195,197,-1,196,197,198,-1,198,197,199,-1,198,199,200,-1,200,199,201,-1,200,201,202,-1,202,201,203,-1,202,203,204,-1,204,203,205,-1,204,205,206,-1,206,205,207,-1,206,207,208,-1,208,207,209,-1,208,209,210,-1,210,209,211,-1,210,211,212,-1,212,211,213,-1,212,213,214,-1,214,213,215,-1,214,215,216,-1,216,215,217,-1,218,219,217,-1,217,219,220,-1,217,220,216,-1,218,221,219,-1,219,221,222,-1,219,222,223,-1,224,223,225,-1,225,223,222,-1,224,225,226,-1,224,226,227,-1,228,229,230,-1,230,229,227,-1,230,227,231,-1,231,227,226,-1,229,228,232,-1,229,232,233,-1,232,234,233,-1,233,234,235,-1,233,235,236,-1,236,235,237,-1,236,237,238,-1,238,237,239,-1,238,239,240,-1,240,239,241,-1,240,241,242,-1,242,241,243,-1,242,243,244,-1,243,245,244,-1,244,245,246,-1,244,246,247,-1,247,246,248,-1,247,248,249,-1,249,248,250,-1,251,252,250,-1,250,252,253,-1,250,253,249,-1,251,254,252,-1,252,254,255,-1,252,255,256,-1,256,255,257,-1,256,257,258,-1,259,260,261,-1,261,260,258,-1,261,258,257,-1,262,263,259,-1,259,263,264,-1,259,264,260,-1,262,265,263,-1,263,265,266,-1,263,266,267,-1,268,269,270,-1,270,269,271,-1,270,271,272,-1,272,271,267,-1,272,267,266,-1,268,273,269,-1,269,273,177,-1,269,177,175,-1,274,275,276,-1,276,275,277,-1,278,274,279,-1,279,274,276,-1,280,278,281,-1,281,278,279,-1,282,280,283,-1,283,280,281,-1,284,282,285,-1,285,282,283,-1,275,284,277,-1,277,284,285,-1,286,287,288,-1,288,287,289,-1,288,289,290,-1,291,287,292,-1,292,287,286,-1,293,294,295,-1,295,294,291,-1,295,291,292,-1,296,294,297,-1,297,294,293,-1,298,299,300,-1,300,299,296,-1,300,296,297,-1,301,299,302,-1,302,299,298,-1,303,304,305,-1,305,304,301,-1,305,301,302,-1,306,304,307,-1,307,304,303,-1,308,309,310,-1,310,309,306,-1,310,306,307,-1,311,309,312,-1,312,309,308,-1,313,314,315,-1,315,314,311,-1,315,311,312,-1,289,314,290,-1,290,314,313,-1,316,317,318,-1,316,318,319,-1,319,318,320,-1,319,320,321,-1,321,320,322,-1,321,322,323,-1,323,322,324,-1,323,324,325,-1,325,324,326,-1,325,326,327,-1,327,326,328,-1,327,328,329,-1,329,328,330,-1,329,330,331,-1,331,330,332,-1,331,332,333,-1,333,332,334,-1,333,334,335,-1,335,334,336,-1,335,336,337,-1,337,336,338,-1,337,338,339,-1,339,338,340,-1,339,340,341,-1,341,340,342,-1,341,342,343,-1,343,342,344,-1,343,344,345,-1,346,345,347,-1,347,345,344,-1,348,346,349,-1,349,346,347,-1,316,348,317,-1,317,348,349,-1,350,351,352,-1,352,351,353,-1,354,355,356,-1,356,355,350,-1,356,350,352,-1,357,355,358,-1,358,355,354,-1,359,357,360,-1,360,357,358,-1,361,362,363,-1,363,362,359,-1,363,359,360,-1,364,362,365,-1,365,362,361,-1,366,364,367,-1,367,364,365,-1,351,366,353,-1,353,366,367,-1,368,369,370,-1,370,369,371,-1,368,370,372,-1,372,370,373,-1,374,375,376,-1,376,375,372,-1,376,372,377,-1,377,372,373,-1,375,374,378,-1,378,374,379,-1,379,380,378,-1,378,380,381,-1,378,381,382,-1,382,381,383,-1,382,383,384,-1,384,383,385,-1,384,385,386,-1,386,385,387,-1,386,387,388,-1,388,387,389,-1,388,389,390,-1,390,389,391,-1,390,391,392,-1,392,391,393,-1,392,393,394,-1,394,393,395,-1,394,395,396,-1,396,395,397,-1,396,397,398,-1,398,397,399,-1,398,399,400,-1,400,399,401,-1,400,401,402,-1,402,401,403,-1,402,403,404,-1,404,403,405,-1,404,405,406,-1,406,405,407,-1,406,407,408,-1,408,407,409,-1,408,409,410,-1,410,409,411,-1,410,411,412,-1,412,411,413,-1,412,413,414,-1,414,413,415,-1,414,415,416,-1,416,415,417,-1,416,417,418,-1,418,417,419,-1,418,419,420,-1,420,419,421,-1,420,421,422,-1,422,421,423,-1,422,423,424,-1,424,423,425,-1,424,425,426,-1,426,425,427,-1,426,427,428,-1,428,427,429,-1,428,429,430,-1,430,429,431,-1,430,431,432,-1,432,431,433,-1,432,433,434,-1,434,433,435,-1,434,435,436,-1,437,436,438,-1,438,436,435,-1,437,438,439,-1,437,439,440,-1,440,439,441,-1,440,441,442,-1,442,441,443,-1,442,443,444,-1,444,443,445,-1,444,445,446,-1,446,445,447,-1,446,447,448,-1,448,447,449,-1,449,447,450,-1,450,451,449,-1,449,451,452,-1,449,452,453,-1,453,452,454,-1,453,454,455,-1,455,454,456,-1,455,456,457,-1,457,456,458,-1,457,458,459,-1,459,458,460,-1,459,460,461,-1,461,460,462,-1,461,462,463,-1,464,465,466,-1,463,462,467,-1,463,467,468,-1,468,467,469,-1,468,469,466,-1,466,469,470,-1,466,470,464,-1,465,464,471,-1,465,471,472,-1,472,471,473,-1,472,473,474,-1,474,473,475,-1,474,475,476,-1,476,475,477,-1,476,477,478,-1,478,477,479,-1,478,479,480,-1,480,479,481,-1,480,481,482,-1,482,481,483,-1,482,483,484,-1,484,483,485,-1,484,485,486,-1,486,485,487,-1,486,487,488,-1,488,487,489,-1,488,489,490,-1,490,489,491,-1,490,491,492,-1,492,491,493,-1,492,493,494,-1,494,493,495,-1,494,495,496,-1,496,495,497,-1,496,497,498,-1,371,369,499,-1,498,497,500,-1,498,500,501,-1,501,500,502,-1,501,502,499,-1,499,502,503,-1,499,503,371,-1,504,505,506,-1,506,505,507,-1,506,507,508,-1,509,505,510,-1,510,505,504,-1,511,512,513,-1,513,512,509,-1,513,509,510,-1,514,512,515,-1,515,512,511,-1,516,517,518,-1,518,517,514,-1,518,514,515,-1,519,517,520,-1,520,517,516,-1,521,522,523,-1,523,522,519,-1,523,519,520,-1,524,522,525,-1,525,522,521,-1,526,527,528,-1,528,527,524,-1,528,524,525,-1,529,527,530,-1,530,527,526,-1,531,532,533,-1,533,532,529,-1,533,529,530,-1,507,532,508,-1,508,532,531,-1,534,535,536,-1,534,536,537,-1,537,536,538,-1,537,538,539,-1,539,538,540,-1,539,540,541,-1,541,540,542,-1,541,542,543,-1,543,542,544,-1,543,544,545,-1,545,544,546,-1,545,546,547,-1,547,546,548,-1,547,548,549,-1,549,548,550,-1,549,550,551,-1,551,550,552,-1,551,552,553,-1,553,552,554,-1,553,554,555,-1,555,554,556,-1,555,556,557,-1,557,556,558,-1,557,558,559,-1,559,558,560,-1,559,560,561,-1,561,560,562,-1,561,562,563,-1,564,563,565,-1,565,563,562,-1,566,564,567,-1,567,564,565,-1,534,566,535,-1,535,566,567,-1,568,569,570,-1,570,569,571,-1,572,568,573,-1,573,568,570,-1,574,572,575,-1,575,572,573,-1,576,574,577,-1,577,574,575,-1,578,576,579,-1,579,576,577,-1,580,578,581,-1,581,578,579,-1,582,580,583,-1,583,580,581,-1,569,582,571,-1,571,582,583,-1,584,585,586,-1,584,586,587,-1,587,586,588,-1,587,588,589,-1,590,589,591,-1,591,589,588,-1,591,592,590,-1,590,592,593,-1,590,593,594,-1,594,593,595,-1,594,595,596,-1,596,595,597,-1,596,597,598,-1,598,597,599,-1,598,599,600,-1,600,599,601,-1,601,599,602,-1,601,602,603,-1,601,603,604,-1,601,604,605,-1,605,604,606,-1,605,606,607,-1,607,606,608,-1,607,608,609,-1,609,608,610,-1,609,610,611,-1,611,610,612,-1,611,612,613,-1,613,612,614,-1,613,614,615,-1,615,614,616,-1,615,616,617,-1,617,616,618,-1,617,618,619,-1,620,621,622,-1,619,618,623,-1,619,623,624,-1,624,623,625,-1,624,625,626,-1,625,627,626,-1,626,627,628,-1,626,628,622,-1,622,628,629,-1,622,629,620,-1,621,620,630,-1,621,630,631,-1,631,630,632,-1,631,632,633,-1,633,632,634,-1,633,634,635,-1,635,634,636,-1,635,636,637,-1,637,636,638,-1,637,638,639,-1,639,638,640,-1,639,640,641,-1,641,640,642,-1,641,642,643,-1,642,644,643,-1,643,644,645,-1,643,645,646,-1,646,645,647,-1,646,647,648,-1,648,647,649,-1,648,649,650,-1,649,651,650,-1,650,651,652,-1,650,652,653,-1,653,652,654,-1,653,654,655,-1,656,657,658,-1,655,654,659,-1,660,661,659,-1,659,661,662,-1,659,662,655,-1,660,663,661,-1,661,663,664,-1,661,664,665,-1,665,664,666,-1,665,666,667,-1,667,666,668,-1,667,668,669,-1,669,668,670,-1,669,670,658,-1,658,670,671,-1,658,671,656,-1,672,657,673,-1,673,657,656,-1,674,672,675,-1,675,672,673,-1,676,674,677,-1,677,674,675,-1,678,676,679,-1,679,676,677,-1,678,679,680,-1,678,680,681,-1,681,680,682,-1,681,682,683,-1,683,682,684,-1,683,684,685,-1,685,684,686,-1,685,686,687,-1,687,686,688,-1,687,688,689,-1,689,688,690,-1,689,690,691,-1,691,690,692,-1,691,692,693,-1,693,692,694,-1,693,694,695,-1,695,694,696,-1,695,696,697,-1,697,696,698,-1,697,698,699,-1,699,698,700,-1,699,700,701,-1,701,700,702,-1,701,702,703,-1,703,702,704,-1,703,704,705,-1,705,704,706,-1,705,706,707,-1,708,707,706,-1,706,709,708,-1,708,709,710,-1,708,710,711,-1,712,713,711,-1,711,713,714,-1,711,714,708,-1,712,715,713,-1,713,715,716,-1,713,716,717,-1,717,716,718,-1,717,718,719,-1,719,718,720,-1,719,720,721,-1,721,720,722,-1,721,722,723,-1,723,722,724,-1,723,724,725,-1,725,724,726,-1,725,726,727,-1,727,726,728,-1,727,728,729,-1,729,728,730,-1,729,730,731,-1,731,730,732,-1,731,732,733,-1,733,732,734,-1,733,734,735,-1,735,734,736,-1,735,736,737,-1,737,736,738,-1,737,738,739,-1,739,738,740,-1,739,740,741,-1,741,740,742,-1,741,742,743,-1,743,742,744,-1,743,744,745,-1,745,744,746,-1,745,746,747,-1,747,746,748,-1,747,748,749,-1,749,748,750,-1,749,750,751,-1,751,750,752,-1,752,750,753,-1,752,753,754,-1,755,752,756,-1,756,752,754,-1,755,756,757,-1,755,757,758,-1,758,757,759,-1,758,759,760,-1,760,759,761,-1,760,761,762,-1,762,761,763,-1,762,763,764,-1,764,763,765,-1,764,765,766,-1,765,767,766,-1,766,767,768,-1,766,768,769,-1,769,768,770,-1,769,770,771,-1,771,770,772,-1,771,772,773,-1,773,772,774,-1,773,774,775,-1,775,774,776,-1,775,776,777,-1,777,776,778,-1,777,778,779,-1,779,778,780,-1,779,780,781,-1,781,780,782,-1,781,782,783,-1,783,782,784,-1,783,784,785,-1,786,785,787,-1,787,785,784,-1,786,787,788,-1,786,788,789,-1,789,788,790,-1,789,790,791,-1,791,790,792,-1,791,792,793,-1,793,792,794,-1,793,794,795,-1,795,794,796,-1,795,796,797,-1,797,796,798,-1,797,798,799,-1,799,798,800,-1,799,800,801,-1,801,800,802,-1,801,802,803,-1,803,802,804,-1,803,804,805,-1,805,804,806,-1,805,806,807,-1,807,806,808,-1,807,808,809,-1,809,808,810,-1,809,810,811,-1,811,810,812,-1,811,812,813,-1,813,812,814,-1,813,814,815,-1,815,814,816,-1,815,816,817,-1,817,816,818,-1,817,818,819,-1,819,818,820,-1,819,820,821,-1,822,821,823,-1,823,821,820,-1,822,823,824,-1,822,824,825,-1,825,824,826,-1,825,826,827,-1,827,826,828,-1,827,828,829,-1,829,828,830,-1,829,830,831,-1,831,830,832,-1,831,832,833,-1,833,832,834,-1,833,834,835,-1,835,834,836,-1,837,838,839,-1,835,836,840,-1,840,836,841,-1,840,841,839,-1,839,841,842,-1,839,842,837,-1,837,843,838,-1,838,843,844,-1,838,844,845,-1,845,844,846,-1,845,846,847,-1,847,846,585,-1,847,585,584,-1,
        ]
    }
}
Shape{
    appearance Appearance {
        material  Material 	{
            diffuseColor 0.2235294117647059 0.2235294117647059 0.2235294117647059
            specularColor 0.11372549019607843 0.11372549019607843 0.11372549019607843
            ambientIntensity 0.2235
            transparency 0.0
            shininess 0.5
        }
    }
    geometry IndexedFaceSet {
        ccw TRUE
        solid FALSE
        coord DEF co Coordinate {
            point [
                2.4981 -2.3522 3.8583, 2.437 -2.3602 3.8583, 2.437 -2.3602 1.5571, 2.437 -2.3602 1.2857, 2.4981 -2.3522 0.315, 2.437 -2.3602 1.2075, 2.437 -2.3602 0.8623, 2.437 -2.3602 0.7566, 2.437 -2.3602 0.315, 2.5551 -2.3286 0.315, 2.5551 -2.3286 3.8583, 2.604 -2.291 0.315, 2.604 -2.291 3.8583, 2.6416 -2.2421 0.315, 2.6416 -2.2421 3.8583, 2.6652 -2.1852 0.315, 2.6652 -2.1852 3.8583, 2.6732 -2.124 0.315, 2.6732 -2.124 3.8583
            ]
        }
        coordIndex [
            0,1,2,-1,2,3,4,-1,4,3,5,-1,5,6,4,-1,4,6,7,-1,4,7,8,-1,2,4,0,-1,0,4,9,-1,0,9,10,-1,10,9,11,-1,10,11,12,-1,12,11,13,-1,12,13,14,-1,14,13,15,-1,14,15,16,-1,16,15,17,-1,16,17,18,-1,
        ]
    }
}
Shape{
    appearance Appearance {
        material  Material 	{
            diffuseColor 0.9686274509803922 0.8784313725490196 0.6
            specularColor 0.6784313725490196 0.615686274509804 0.4196078431372549
            ambientIntensity 0.8737
            transparency 0.0
            shininess 0.5
        }
    }
    geometry IndexedFaceSet {
        ccw TRUE
        solid FALSE
        coord DEF co Coordinate {
            point [
                1.5315 -2.1555 0.0, 1.5315 -2.1555 0.315, 1.5315 -1.8406 0.0, 1.5315 -1.8406 0.315, 1.8464 -1.8406 0.0, 2.1614 -1.8406 0.315, 1.8464 -1.8406 -0.7874, 2.1614 -1.8406 -0.7874, 2.1614 -2.1555 -0.7874, 2.1614 -2.1555 0.315, 1.8464 -2.1555 -0.7874, 1.8464 -2.1555 0.0, -2.1536 -2.1555 -0.7874, -2.1536 -2.1555 0.315, -2.1536 -1.8406 -0.7874, -2.1536 -1.8406 0.315, -1.8386 -1.8406 -0.7874, -1.8386 -1.8406 0.0, -1.5236 -1.8406 0.0, -1.5236 -1.8406 0.315, -1.5236 -2.1555 0.0, -1.5236 -2.1555 0.315, -1.8386 -2.1555 0.0, -1.8386 -2.1555 -0.7874, -1.5236 2.1594 0.0, -1.5236 2.1594 0.315, -1.5236 1.8445 0.0, -1.5236 1.8445 0.315, -1.8386 1.8445 0.0, -2.1536 1.8445 0.315, -1.8386 1.8445 -0.7874, -2.1536 1.8445 -0.7874, -2.1536 2.1594 -0.7874, -2.1536 2.1594 0.315, -1.8386 2.1594 -0.7874, -1.8386 2.1594 0.0, 2.1614 2.1594 -0.7874, 2.1614 2.1594 0.315, 2.1614 1.8445 -0.7874, 2.1614 1.8445 0.315, 1.8464 1.8445 -0.7874, 1.8464 1.8445 0.0, 1.5315 1.8445 0.0, 1.5315 1.8445 0.315, 1.5315 2.1594 0.0, 1.5315 2.1594 0.315, 1.8464 2.1594 0.0, 1.8464 2.1594 -0.7874, 0.9015 0.002 0.315, 0.8881 0.1039 -0.9252, 0.8881 0.1039 0.315, 0.8488 0.1988 -0.9252, 0.8488 0.1988 0.315, 0.7862 0.2804 -0.9252, 0.7862 0.2804 0.315, 0.7047 0.3429 -0.9252, 0.7047 0.3429 0.315, 0.6097 0.3823 -0.9252, 0.6097 0.3823 0.315, 0.5078 0.3957 -0.9252, 0.5078 0.3957 0.315, 0.406 0.3823 -0.9252, 0.406 0.3823 0.315, 0.311 0.3429 -0.9252, 0.311 0.3429 0.315, 0.2295 0.2804 -0.9252, 0.2295 0.2804 0.315, 0.1669 0.1988 -0.9252, 0.1669 0.1988 0.315, 0.1276 0.1039 -0.9252, 0.1276 0.1039 0.315, 0.1141 0.002 -0.9252, 0.1141 0.002 0.315, 0.1276 -0.0999 -0.9252, 0.1276 -0.0999 0.315, 0.1669 -0.1949 -0.9252, 0.1669 -0.1949 0.315, 0.2295 -0.2764 -0.9252, 0.2295 -0.2764 0.315, 0.311 -0.339 -0.9252, 0.311 -0.339 0.315, 0.406 -0.3783 -0.9252, 0.406 -0.3783 0.315, 0.5078 -0.3917 -0.9252, 0.5078 -0.3917 0.315, 0.6097 -0.3783 -0.9252, 0.6097 -0.3783 0.315, 0.7047 -0.339 -0.9252, 0.7047 -0.339 0.315, 0.7862 -0.2764 -0.9252, 0.7862 -0.2764 0.315, 0.8488 -0.1949 -0.9252, 0.8488 -0.1949 0.315, 0.8881 -0.0999 -0.9252, 0.8881 -0.0999 0.315, 0.9015 0.002 -0.9252
            ]
        }
        coordIndex [
            0,1,2,-1,2,1,3,-1,2,3,4,-1,4,3,5,-1,4,5,6,-1,6,5,7,-1,7,5,8,-1,8,5,9,-1,10,8,11,-1,11,8,9,-1,11,9,0,-1,0,9,1,-1,12,13,14,-1,14,13,15,-1,16,14,17,-1,17,14,15,-1,17,15,18,-1,18,15,19,-1,18,19,20,-1,20,19,21,-1,20,21,22,-1,22,21,13,-1,22,13,23,-1,23,13,12,-1,24,25,26,-1,26,25,27,-1,26,27,28,-1,28,27,29,-1,28,29,30,-1,30,29,31,-1,31,29,32,-1,32,29,33,-1,34,32,35,-1,35,32,33,-1,35,33,24,-1,24,33,25,-1,36,37,38,-1,38,37,39,-1,40,38,41,-1,41,38,39,-1,41,39,42,-1,42,39,43,-1,42,43,44,-1,44,43,45,-1,44,45,46,-1,46,45,37,-1,46,37,47,-1,47,37,36,-1,48,49,50,-1,50,49,51,-1,50,51,52,-1,52,51,53,-1,52,53,54,-1,54,53,55,-1,54,55,56,-1,56,55,57,-1,56,57,58,-1,58,57,59,-1,58,59,60,-1,60,59,61,-1,60,61,62,-1,62,61,63,-1,62,63,64,-1,64,63,65,-1,64,65,66,-1,66,65,67,-1,66,67,68,-1,68,67,69,-1,68,69,70,-1,70,69,71,-1,70,71,72,-1,72,71,73,-1,72,73,74,-1,74,73,75,-1,74,75,76,-1,76,75,77,-1,76,77,78,-1,78,77,79,-1,78,79,80,-1,80,79,81,-1,80,81,82,-1,82,81,83,-1,82,83,84,-1,84,83,85,-1,84,85,86,-1,86,85,87,-1,86,87,88,-1,88,87,89,-1,88,89,90,-1,90,89,91,-1,90,91,92,-1,92,91,93,-1,92,93,94,-1,94,93,95,-1,94,95,48,-1,48,95,49,-1,
        ]
    }
}
Shape{
    appearance Appearance {
        material  Material 	{
            diffuseColor 0.2235294117647059 0.2235294117647059 0.2235294117647059
            specularColor 0.11372549019607843 0.11372549019607843 0.11372549019607843
            ambientIntensity 0.2235
            transparency 0.0
            shininess 0.5
        }
    }
    geometry IndexedFaceSet {
        ccw TRUE
        solid FALSE
        coord DEF co Coordinate {
            point [
                2.6732 2.128 3.8583, 2.6732 2.128 0.315, 2.6652 2.1891 0.315, 2.6652 2.1891 3.8583, 2.6416 2.2461 0.315, 2.6416 2.2461 3.8583, 2.604 2.295 0.315, 2.604 2.295 3.8583, 2.5551 2.3325 0.315, 2.5551 2.3325 3.8583, 2.4981 2.3561 0.315, 2.4981 2.3561 3.8583, 2.437 2.3642 0.315, 2.437 2.3642 3.8583, 2.6732 -1.376 4.6063, 2.6732 1.3799 4.6063, 2.6652 1.3799 4.6674, 2.6652 -1.376 4.6674, 2.6416 1.3799 4.7244, 2.6416 -1.376 4.7244, 2.604 1.3799 4.7733, 2.604 -1.376 4.7733, 2.5551 1.3799 4.8109, 2.5551 -1.376 4.8109, 2.4981 1.3799 4.8345, 2.4981 -1.376 4.8345, 2.437 1.3799 4.8425, 2.437 -1.376 4.8425, -3.626 2.3642 4.6063, -4.8071 2.3642 4.6063, -4.8071 2.3561 4.6674, -3.626 2.3561 4.6674, -4.8071 2.3325 4.7244, -3.626 2.3325 4.7244, -4.8071 2.295 4.7733, -3.626 2.295 4.7733, -4.8071 2.2461 4.8109, -3.626 2.2461 4.8109, -4.8071 2.1891 4.8345, -3.626 2.1891 4.8345, -4.8071 2.128 4.8425, -3.626 2.128 4.8425, -4.8071 -2.3602 4.6063, -3.626 -2.3602 4.6063, -3.626 -2.3522 4.6674, -4.8071 -2.3522 4.6674, -3.626 -2.3286 4.7244, -4.8071 -2.3286 4.7244, -3.626 -2.291 4.7733, -4.8071 -2.291 4.7733, -3.626 -2.2421 4.8109, -4.8071 -2.2421 4.8109, -3.626 -2.1852 4.8345, -4.8071 -2.1852 4.8345, -3.626 -2.124 4.8425, -4.8071 -2.124 4.8425, -3.626 -1.376 4.8425, -3.626 1.3799 4.8425, -4.8071 2.3642 0.315, -3.626 2.3642 3.8583, 1.2165 2.3642 0.315, 2.6652 -2.1852 0.315, 2.6416 -2.2421 0.315, 2.1614 -2.1555 0.315, 1.5315 -1.8406 0.315, 1.2165 -1.1161 0.315, 2.1614 -1.8406 0.315, 2.6732 -1.1161 0.315, 2.6732 -2.124 0.315, 2.604 -2.291 0.315, 2.5551 -2.3286 0.315, 2.4981 -2.3522 0.315, 1.5315 2.1594 0.315, 1.5315 1.8445 0.315, 2.1614 2.1594 0.315, -1.5236 2.1594 0.315, 0.7047 0.3429 0.315, -1.5236 1.8445 0.315, -2.1536 1.8445 0.315, 0.1276 0.1039 0.315, 0.1141 0.002 0.315, -4.8071 -1.1161 0.315, 0.1276 -0.0999 0.315, 0.1669 -0.1949 0.315, 0.6097 0.3823 0.315, 0.5078 0.3957 0.315, 0.406 0.3823 0.315, 2.1614 1.8445 0.315, 0.9015 0.002 0.315, 0.8881 0.1039 0.315, 0.8488 0.1988 0.315, 0.7862 0.2804 0.315, 0.311 0.3429 0.315, 0.2295 0.2804 0.315, 0.1669 0.1988 0.315, -2.1536 2.1594 0.315, 0.7862 -0.2764 0.315, 0.8488 -0.1949 0.315, 0.8881 -0.0999 0.315, 0.2295 -0.2764 0.315, 0.311 -0.339 0.315, 0.406 -0.3783 0.315, 0.5078 -0.3917 0.315, 0.6097 -0.3783 0.315, 0.7047 -0.339 0.315, 2.437 -2.3602 0.315, 1.9778 -2.3602 0.315, 1.5315 -2.1555 0.315, 1.2712 -2.3602 0.315, 1.2165 -2.3602 0.315, 1.0212 -2.3602 0.315, 0.9369 -2.3602 0.315, 0.687 -2.3602 0.315, 0.6248 -2.3602 0.315, 0.5028 -2.3602 0.315, 0.4534 -2.3602 0.315, 0.2769 -2.3602 0.315, 0.2609 -2.3602 0.315, 0.004 -2.3602 0.315, -1.5236 -1.8406 0.315, -2.1536 -1.8406 0.315, -4.8071 -2.3602 0.315, -2.1536 -2.1555 0.315, -1.5236 -2.1555 0.315, 0.1478 -2.3602 1.5549, 0.1478 -2.3602 1.3184, 0.2541 -2.3602 1.3184, 1.9778 -2.3602 0.7566, 1.2712 -2.3602 0.7566, 0.5691 -2.3602 0.8636, 0.5581 -2.3602 0.8623, 0.6248 -2.3602 0.8623, 0.363 -2.3602 1.5547, 0.3831 -2.3602 1.5571, 0.2769 -2.3602 1.5571, -0.6537 -2.3602 1.6265, -0.5607 -2.3602 1.6149, 0.004 -2.3602 3.8583, -3.626 -2.3602 3.8583, -4.8071 -2.3602 1.5571, -0.7364 -2.3602 1.6176, -0.4668 -2.3602 1.5777, 0.004 -2.3602 1.5571, 0.2609 -2.3602 3.8583, 0.2609 -2.3602 1.5571, 0.2769 -2.3602 3.8583, 0.4016 -2.3602 1.5594, 0.4302 -2.3602 1.5571, 0.4534 -2.3602 3.8583, 0.4534 -2.3602 1.5571, 0.5028 -2.3602 3.8583, 0.5028 -2.3602 1.5571, 0.6248 -2.3602 3.8583, 0.6248 -2.3602 1.5571, 0.687 -2.3602 3.8583, 1.0212 -2.3602 1.5571, 1.0212 -2.3602 3.8583, 0.9369 -2.3602 1.5571, 0.9369 -2.3602 3.8583, 2.437 -2.3602 3.8583, 1.9778 -2.3602 3.8583, 1.9778 -2.3602 1.5571, 0.8525 -2.3602 1.1315, 0.9369 -2.3602 1.1315, 0.9369 -2.3602 1.2075, 0.9369 -2.3602 0.8623, 0.9369 -2.3602 0.8646, 0.8525 -2.3602 0.8646, 0.7207 -2.3602 0.9119, 0.7248 -2.3602 0.8962, 0.7257 -2.3602 0.8962, 0.8165 -2.3602 1.0552, 0.687 -2.3602 1.2075, 0.7818 -2.3602 1.0552, 0.687 -2.3602 1.0088, 0.7297 -2.3602 0.9117, 0.7272 -2.3602 0.9028, 0.687 -2.3602 0.8623, 0.687 -2.3602 0.9191, 0.6335 -2.3602 1.0552, 0.6248 -2.3602 1.2075, 0.6709 -2.3602 1.0552, 0.7083 -2.3602 0.865, 0.7071 -2.3602 0.8623, 0.6936 -2.3602 0.8303, 0.6248 -2.3602 0.7566, 0.6404 -2.3602 0.7775, 0.6404 -2.3602 0.8073, 0.6807 -2.3602 0.8112, 0.6869 -2.3602 0.8181, 0.687 -2.3602 0.8183, 0.687 -2.3602 0.7808, 0.6754 -2.3602 0.7763, 0.687 -2.3602 0.7566, 0.6619 -2.3602 0.7748, 0.6546 -2.3602 0.7751, 0.6593 -2.3602 0.8035, 0.6679 -2.3602 0.8045, 0.6752 -2.3602 0.8074, 0.73 -2.3602 0.8358, 0.7148 -2.3602 0.8063, 0.9369 -2.3602 0.7566, 0.7404 -2.3602 0.8623, 0.7026 -2.3602 0.7916, 0.7003 -2.3602 0.7895, 0.6886 -2.3602 0.7814, 0.3014 -2.3602 0.9543, 0.3075 -2.3602 1.0094, 0.2945 -2.3602 0.9434, 0.2904 -2.3602 0.9312, 0.4534 -2.3602 0.8623, 0.442 -2.3602 0.8646, 0.4086 -2.3602 0.8646, 0.3813 -2.3602 1.0312, 0.37 -2.3602 1.0324, 0.3521 -2.3602 0.9778, 0.4534 -2.3602 1.2075, 0.4388 -2.3602 1.0152, 0.442 -2.3602 0.9872, 0.3112 -2.3602 0.9633, 0.3247 -2.3602 0.9707, 0.3305 -2.3602 1.0238, 0.3515 -2.3602 1.0306, 0.3165 -2.3602 0.8672, 0.3052 -2.3602 0.8751, 0.2769 -2.3602 0.8623, 0.3016 -2.3602 0.8788, 0.2946 -2.3602 0.889, 0.4086 -2.3602 0.8941, 0.4077 -2.3602 0.8941, 0.4002 -2.3602 0.8832, 0.3894 -2.3602 0.8727, 0.2906 -2.3602 0.9003, 0.2889 -2.3602 0.9156, 0.2769 -2.3602 1.2075, 0.3075 -2.3602 1.0418, 0.3958 -2.3602 1.0572, 0.4093 -2.3602 1.0526, 0.42 -2.3602 1.046, 0.4086 -2.3602 0.9857, 0.4074 -2.3602 1.0005, 0.404 -2.3602 1.0124, 0.4001 -2.3602 1.0193, 0.4263 -2.3602 1.0399, 0.4333 -2.3602 1.0295, 0.3144 -2.3602 1.0458, 0.3393 -2.3602 1.0555, 0.3731 -2.3602 1.0596, 0.395 -2.3602 1.0247, 0.3891 -2.3602 1.0285, 0.3679 -2.3602 0.8623, 0.3677 -2.3602 0.8623, 0.4534 -2.3602 0.7566, 0.2769 -2.3602 0.7566, 0.3493 -2.3602 0.8601, 0.3299 -2.3602 0.8623, 0.3293 -2.3602 0.8624, 0.4648 -2.3602 1.5125, 0.5028 -2.3602 1.2857, 0.4348 -2.3602 1.5244, 0.4019 -2.3602 1.5283, 0.4534 -2.3602 1.3269, 0.4648 -2.3602 1.3321, 0.4619 -2.3602 1.5141, 0.4534 -2.3602 1.5173, 0.3885 -2.3602 1.5276, 0.3657 -2.3602 1.5225, 0.345 -2.3602 1.5121, 0.3292 -2.3602 1.4987, 0.3274 -2.3602 1.4967, 0.3145 -2.3602 1.4782, 0.3056 -2.3602 1.4552, 0.3012 -2.3602 1.4184, 0.3017 -2.3602 1.4054, 0.3064 -2.3602 1.3794, 0.4084 -2.3602 1.3147, 0.4386 -2.3602 1.3203, 0.3502 -2.3602 1.3247, 0.3692 -2.3602 1.3174, 0.3959 -2.3602 1.3142, 0.3155 -2.3602 1.3583, 0.3274 -2.3602 1.3423, 0.3327 -2.3602 1.337, 0.4365 -2.3602 1.5566, 0.4534 -2.3602 1.5518, 0.4648 -2.3602 1.5485, 0.2769 -2.3602 1.4778, 0.2842 -2.3602 1.4948, 0.3035 -2.3602 1.5201, 0.3101 -2.3602 1.5263, 0.3351 -2.3602 1.5439, 0.2715 -2.3602 1.4652, 0.2769 -2.3602 1.3558, 0.2703 -2.3602 1.3729, 0.2609 -2.3602 1.2857, 0.265 -2.3602 1.4164, 0.2655 -2.3602 1.4303, 0.3459 -2.3602 1.2902, 0.3207 -2.3602 1.3021, 0.2769 -2.3602 1.2857, 0.2992 -2.3602 1.3199, 0.2971 -2.3602 1.3223, 0.2812 -2.3602 1.345, 0.3676 -2.3602 1.2857, 0.3748 -2.3602 1.2842, 0.3909 -2.3602 1.2835, 0.4145 -2.3602 1.2857, 0.4648 -2.3602 1.299, 0.4603 -2.3602 1.2968, 0.4534 -2.3602 1.2857, 0.4534 -2.3602 1.2945, 0.4316 -2.3602 1.2874, 0.687 -2.3602 1.5571, 0.6557 -2.3602 1.5549, 0.6248 -2.3602 1.5549, 0.5527 -2.3602 1.4082, 0.5527 -2.3602 1.3184, 0.6248 -2.3602 1.4082, 0.6248 -2.3602 1.3184, 0.6482 -2.3602 1.4082, 0.6618 -2.3602 1.3184, 0.6482 -2.3602 1.4388, 0.6557 -2.3602 1.5242, 0.6248 -2.3602 1.4388, 0.6248 -2.3602 1.5242, 0.5527 -2.3602 1.4388, 0.5527 -2.3602 1.5242, 0.687 -2.3602 1.2857, 0.6618 -2.3602 1.288, 0.6248 -2.3602 1.2857, 0.6248 -2.3602 1.288, 0.5182 -2.3602 1.288, 0.5182 -2.3602 1.5549, 1.2712 -2.3602 1.2857, 1.1845 -2.3602 1.288, 1.1464 -2.3602 1.288, 1.1192 -2.3602 1.361, 1.0212 -2.3602 1.361, 1.0212 -2.3602 1.2857, 1.0828 -2.3602 1.5549, 1.2712 -2.3602 1.5571, 1.2712 -2.3602 3.8583, 1.008 -2.3602 1.361, 0.9824 -2.3602 1.288, 0.9369 -2.3602 1.2857, 0.9443 -2.3602 1.288, 1.0212 -2.3602 1.49, 1.046 -2.3602 1.5549, 0.4875 -2.3602 1.0038, 0.4889 -2.3602 1.0157, 0.4927 -2.3602 0.9806, 0.489 -2.3602 0.9908, 0.4873 -2.3602 0.9058, 0.5014 -2.3602 0.8972, 0.5028 -2.3602 0.8967, 0.5028 -2.3602 0.9677, 0.497 -2.3602 0.9736, 0.5025 -2.3602 0.9679, 0.5204 -2.3602 0.8623, 0.507 -2.3602 0.8639, 0.5028 -2.3602 0.8623, 0.5028 -2.3602 0.8655, 0.4873 -2.3602 0.8713, 0.5391 -2.3602 0.8601, 0.5028 -2.3602 0.7566, 0.6472 -2.3602 0.805, 0.6049 -2.3602 0.948, 0.6111 -2.3602 0.9387, 0.6069 -2.3602 1.0186, 0.509 -2.3602 1.0444, 0.5173 -2.3602 1.0495, 0.5028 -2.3602 1.2075, 0.4928 -2.3602 1.0265, 0.499 -2.3602 1.0355, 0.5028 -2.3602 1.0389, 0.5352 -2.3602 1.0564, 0.5618 -2.3602 1.0596, 0.6147 -2.3602 0.9289, 0.6161 -2.3602 0.9164, 0.6145 -2.3602 0.903, 0.6104 -2.3602 0.8924, 0.6042 -2.3602 0.8836, 0.6069 -2.3602 1.0511, 0.5852 -2.3602 1.0575, 0.5946 -2.3602 0.8752, 0.5867 -2.3602 0.8704, 0.5585 -2.3602 1.0324, 0.5486 -2.3602 1.0317, 0.522 -2.3602 1.0068, 0.5397 -2.3602 1.0293, 0.5322 -2.3602 1.0253, 0.5223 -2.3602 1.0023, 0.5236 -2.3602 0.9971, 0.526 -2.3602 0.9926, 0.5293 -2.3602 0.989, 0.5411 -2.3602 0.9817, 0.5792 -2.3602 1.0302, 0.5618 -2.3602 0.9726, 0.5982 -2.3602 1.0236, 0.5747 -2.3602 0.9674, 0.5969 -2.3602 0.9551, 0.5271 -2.3602 1.0209, 0.5243 -2.3602 1.0166, 0.5226 -2.3602 1.0121, 0.5224 -2.3602 0.8896, 0.5382 -2.3602 0.9484, 0.5182 -2.3602 0.9575, 0.5423 -2.3602 0.8874, 0.5438 -2.3602 0.8874, 0.5601 -2.3602 0.9392, 0.5609 -2.3602 0.8893, 0.5818 -2.3602 0.9132, 0.5814 -2.3602 0.9173, 0.5696 -2.3602 0.8925, 0.5726 -2.3602 0.8943, 0.5765 -2.3602 0.8977, 0.5794 -2.3602 0.902, 0.5811 -2.3602 0.9068, 0.5799 -2.3602 0.9225, 0.5773 -2.3602 0.927, 0.5732 -2.3602 0.9313, 0.996 -2.3602 0.8646, 1.0212 -2.3602 0.8623, 0.996 -2.3602 0.895, 1.0212 -2.3602 1.2075, 0.99 -2.3602 1.1315, 0.99 -2.3602 1.1008, 0.8869 -2.3602 0.9848, 0.8869 -2.3602 0.895, 0.9369 -2.3602 0.9848, 0.9369 -2.3602 0.895, 0.9824 -2.3602 0.9848, 0.9824 -2.3602 1.0154, 0.8869 -2.3602 1.1008, 0.8869 -2.3602 1.0154, 0.9369 -2.3602 1.1008, 0.9369 -2.3602 1.0154, -0.2273 -2.3602 1.3467, -0.1758 -2.3602 1.3032, 0.004 -2.3602 1.2857, -0.4375 -2.3602 1.5571, -0.3956 -2.3602 1.5278, -0.3284 -2.3602 1.4484, -0.2931 -2.3602 1.3779, -0.2837 -2.3602 1.3748, -0.8246 -2.3602 1.5865, -0.8736 -2.3602 1.5571, -0.8814 -2.3602 1.5525, -1.0822 -2.3602 1.4638, -1.0085 -2.3602 1.4728, -0.926 -2.3602 1.5143, -0.9867 -2.3602 1.4716, -0.9649 -2.3602 1.469, -1.2267 -2.3602 1.3817, -1.2131 -2.3602 1.3946, -1.1526 -2.3602 1.4368, -4.8071 -2.3602 1.2857, -4.8071 -2.3602 1.2075, -1.3112 -2.3602 1.2075, -1.3025 -2.3602 1.2556, -1.289 -2.3602 1.2857, -1.272 -2.3602 1.3238, -1.1104 -2.3602 0.8753, -1.1787 -2.3602 0.9092, -4.8071 -2.3602 0.8623, -1.2362 -2.3602 0.9585, -1.2801 -2.3602 1.0214, -1.307 -2.3602 1.0921, -1.3159 -2.3602 1.1654, -1.3154 -2.3602 1.1843, -1.0844 -2.3602 0.8674, -1.082 -2.3602 0.8623, -1.0654 -2.3602 0.8268, -1.0372 -2.3602 0.7919, 0.004 -2.3602 0.7566, -0.8256 -2.3602 0.7566, -0.8582 -2.3602 0.7441, -0.9042 -2.3602 0.7384, -0.9115 -2.3602 0.7385, -0.9563 -2.3602 0.7455, -4.8071 -2.3602 0.7566, -0.9826 -2.3602 0.7566, -1.0001 -2.3602 0.7639, 0.004 -2.3602 0.8623, -0.7263 -2.3602 0.8623, -0.7265 -2.3602 0.8617, -0.7489 -2.3602 0.8194, -0.7781 -2.3602 0.7866, -0.8159 -2.3602 0.7603, -0.1139 -2.3602 1.1912, -0.1053 -2.3602 1.1293, 0.004 -2.3602 1.2075, -0.484 -2.3602 0.9743, -0.471 -2.3602 0.9794, -0.4487 -2.3602 1.0876, -0.1755 -2.3602 0.949, -0.2271 -2.3602 0.9053, -0.7618 -2.3602 1.0553, -0.5076 -2.3602 1.1881, -0.795 -2.3602 1.0855, -0.8352 -2.3602 1.1071, -0.4957 -2.3602 0.966, -0.1378 -2.3602 1.0015, -0.2238 -2.3602 1.144, -0.2327 -2.3602 1.1804, -0.2473 -2.3602 1.2075, -1.1917 -2.3602 1.2075, -0.114 -2.3602 1.0615, -0.4563 -2.3602 0.9813, -0.4545 -2.3602 0.9812, -0.4488 -2.3602 0.9799, -1.1806 -2.3602 1.0936, -1.1579 -2.3602 1.055, -1.0615 -2.3602 1.0354, -1.1239 -2.3602 1.02, -1.0825 -2.3602 0.9946, -0.9913 -2.3602 1.0982, -1.0301 -2.3602 1.0713, -1.1964 -2.3602 1.1692, -1.1941 -2.3602 1.14, -0.9494 -2.3602 1.1143, -0.9042 -2.3602 1.1198, -0.881 -2.3602 1.1185, -0.5151 -2.3602 0.9225, -0.5147 -2.3602 0.93, -0.7144 -2.3602 0.9472, -0.5108 -2.3602 0.9444, -0.5036 -2.3602 0.9574, -0.2614 -2.3602 1.0271, -0.2405 -2.3602 1.0567, -0.2275 -2.3602 1.0905, -0.2229 -2.3602 1.1274, -0.4708 -2.3602 0.8654, -0.4834 -2.3602 0.8703, -0.4957 -2.3602 0.8791, -0.5001 -2.3602 0.8836, -0.5083 -2.3602 0.8955, -0.5133 -2.3602 0.9083, -0.7154 -2.3602 0.9085, -0.7144 -2.3602 0.9282, -0.285 -2.3602 0.877, -0.3482 -2.3602 0.8637, -0.4601 -2.3602 0.8637, -0.4449 -2.3602 0.9794, -0.3595 -2.3602 0.9794, -0.3255 -2.3602 0.9859, -0.292 -2.3602 1.0014, -0.264 -2.3602 1.0243, -0.3861 -2.3602 1.2754, -1.1745 -2.3602 1.2574, -1.1907 -2.3602 1.2151, -0.3709 -2.3602 1.2754, -0.2504 -2.3602 1.2132, -0.2723 -2.3602 1.2377, -0.3017 -2.3602 1.2582, -0.3349 -2.3602 1.271, -0.4269 -2.3602 1.3893, -0.4697 -2.3602 1.4405, -0.9061 -2.3602 1.3305, -0.4746 -2.3602 1.445, -0.528 -2.3602 1.4819, -0.8771 -2.3602 1.3905, -1.1548 -2.3602 1.2857, -0.9197 -2.3602 1.3379, -0.3884 -2.3602 1.2857, -0.3977 -2.3602 1.3282, -0.9623 -2.3602 1.3535, -1.0066 -2.3602 1.3589, -1.0263 -2.3602 1.3579, -0.8345 -2.3602 1.4413, -0.5875 -2.3602 1.5047, -0.7836 -2.3602 1.4785, -0.6518 -2.3602 1.5126, -0.7216 -2.3602 1.5037, -1.0731 -2.3602 1.3468, -1.1154 -2.3602 1.3244, -1.1482 -2.3602 1.2952, -0.1633 -2.3602 1.2857, -0.1371 -2.3602 1.2492, -0.1204 -2.3602 1.2075, 1.0212 -2.3602 0.7566, 0.3811 -2.3602 0.8674, 1.9778 -2.3602 0.8623, 1.2712 -2.3602 0.8623, 0.1133 -2.3602 1.1315, 0.1133 -2.3602 0.8646, 0.2609 -2.3602 0.8623, 0.2609 -2.3602 0.7566, 0.2508 -2.3602 1.1315, 0.2609 -2.3602 1.2075, 0.2508 -2.3602 1.1008, 0.2569 -2.3602 0.895, 0.2569 -2.3602 0.8646, 0.1478 -2.3602 0.9848, 0.1478 -2.3602 0.895, 0.2432 -2.3602 0.9848, 0.2432 -2.3602 1.0154, 0.1478 -2.3602 1.0154, 0.1478 -2.3602 1.1008, 1.0465 -2.3602 0.8646, 1.2565 -2.3602 0.9532, 1.2433 -2.3602 0.9256, 1.2235 -2.3602 0.902, 1.2494 -2.3602 1.0637, 1.2593 -2.3602 1.0382, 1.2712 -2.3602 1.2075, 1.2637 -2.3602 1.0014, 1.2629 -2.3602 0.9844, 1.1957 -2.3602 0.882, 1.1652 -2.3602 0.8701, 1.1199 -2.3602 0.8646, 1.0465 -2.3602 1.1315, 1.1226 -2.3602 1.1315, 1.1633 -2.3602 1.127, 1.1956 -2.3602 1.1152, 1.2235 -2.3602 1.0961, 1.2329 -2.3602 1.087, 1.3166 -2.3602 0.8646, 1.2786 -2.3602 0.8646, 1.4806 -2.3602 0.8646, 1.4534 -2.3602 0.9376, 1.3423 -2.3602 0.9376, 1.3802 -2.3602 1.1315, 1.4171 -2.3602 1.1315, 0.1133 -2.3602 1.288, 0.1133 -2.3602 1.5549, 0.2541 -2.3602 1.288, 0.8291 -2.3602 1.5504, 0.8613 -2.3602 1.5386, 0.9152 -2.3602 1.4871, 0.9251 -2.3602 1.4617, 0.9295 -2.3602 1.4248, 0.9287 -2.3602 1.4079, 0.9222 -2.3602 1.3766, 0.9091 -2.3602 1.349, 0.8893 -2.3602 1.3254, 0.8614 -2.3602 1.3054, 0.7884 -2.3602 1.5549, 0.831 -2.3602 1.2935, 0.7856 -2.3602 1.288, 0.7122 -2.3602 1.288, 0.7122 -2.3602 1.5549, 0.8893 -2.3602 1.5195, 0.8986 -2.3602 1.5104, 1.5187 -2.3602 0.8646, 1.9778 -2.3602 1.2075, 1.9778 -2.3602 1.2857, 2.437 -2.3602 1.5571, 2.437 -2.3602 1.2857, 2.437 -2.3602 1.2075, 2.437 -2.3602 0.8623, 2.437 -2.3602 0.7566, -3.626 -1.595 4.8178, -3.626 -1.803 4.7451, -3.626 -1.9897 4.6278, -3.626 -2.3356 4.0773, -3.626 -2.2628 4.2853, -3.626 -2.1455 4.4719, 2.437 -2.3326 4.0765, 2.437 -2.3453 4.0292, 2.437 -2.3009 4.1949, 2.437 -2.2594 4.2838, 2.437 -2.2284 4.3504, 2.437 -2.144 4.4709, 2.437 -2.13 4.4909, 2.437 -2.0086 4.6123, 2.437 -1.9886 4.6263, 2.437 -1.8681 4.7107, 2.437 -1.8015 4.7417, 2.437 -1.7126 4.7832, 2.437 -1.5469 4.8276, 2.437 -1.5942 4.8149, -3.626 2.3395 4.0773, -3.626 2.2667 4.2853, -3.626 2.1494 4.4719, -3.626 1.5989 4.8178, -3.626 1.807 4.7451, -3.626 1.9936 4.6278, 2.437 1.5508 4.8276, 2.437 1.5981 4.8149, 2.437 1.7166 4.7832, 2.437 1.8054 4.7417, 2.437 1.872 4.7107, 2.437 1.9925 4.6263, 2.437 2.0126 4.6123, 2.437 2.1339 4.4909, 2.437 2.1479 4.4709, 2.437 2.2323 4.3504, 2.437 2.2634 4.2838, 2.437 2.3048 4.1949, 2.437 2.3492 4.0292, 2.437 2.3365 4.0765, 2.6652 2.1768 3.9988, 2.6416 2.2329 4.0087, 2.604 2.2811 4.0172, 2.5551 2.3181 4.0237, 2.4981 2.3413 4.0278, 2.4981 2.2253 4.3464, 2.4981 2.2973 4.1922, 2.4981 2.1277 4.4858, 2.4981 2.0074 4.6061, 2.4981 1.868 4.7037, 2.4981 1.7138 4.7756, 2.4981 1.5494 4.8196, 2.5551 2.2751 4.1841, 2.5551 2.2049 4.3346, 2.5551 2.1097 4.4706, 2.5551 1.9922 4.588, 2.5551 1.8562 4.6832, 2.5551 1.7057 4.7534, 2.5551 1.5453 4.7964, 2.604 2.2398 4.1712, 2.604 2.1724 4.3158, 2.604 2.0809 4.4465, 2.604 1.9681 4.5593, 2.604 1.8375 4.6507, 2.604 1.6929 4.7181, 2.604 1.5388 4.7594, 2.6416 2.1938 4.1545, 2.6416 2.13 4.2913, 2.6416 2.0434 4.415, 2.6416 1.9367 4.5218, 2.6416 1.813 4.6084, 2.6416 1.6762 4.6722, 2.6416 1.5303 4.7113, 2.6652 2.1403 4.135, 2.6652 2.0807 4.2629, 2.6652 1.9998 4.3784, 2.6652 1.9 4.4781, 2.6652 1.7845 4.559, 2.6652 1.6567 4.6186, 2.6652 1.5204 4.6551, 2.6732 2.1166 3.9882, 2.6732 2.0828 4.1141, 2.6732 2.0277 4.2323, 2.6732 1.9529 4.3391, 2.6732 1.8607 4.4313, 2.6732 1.7539 4.5061, 2.6732 1.6358 4.5612, 2.6732 1.5098 4.5949, 2.6652 -1.5165 4.6551, 2.6416 -1.5264 4.7113, 2.604 -1.5349 4.7594, 2.5551 -1.5414 4.7964, 2.4981 -1.5455 4.8196, 2.4981 -1.8641 4.7037, 2.4981 -1.7099 4.7756, 2.4981 -2.0035 4.6061, 2.4981 -2.1238 4.4858, 2.4981 -2.2214 4.3464, 2.4981 -2.2933 4.1922, 2.4981 -2.3374 4.0278, 2.4981 -2.3522 3.8583, 2.5551 -1.7018 4.7534, 2.5551 -1.8523 4.6832, 2.5551 -1.9883 4.588, 2.5551 -2.1057 4.4706, 2.5551 -2.201 4.3346, 2.5551 -2.2711 4.1841, 2.5551 -2.3141 4.0237, 2.5551 -2.3286 3.8583, 2.604 -1.689 4.7181, 2.604 -1.8335 4.6507, 2.604 -1.9642 4.5593, 2.604 -2.077 4.4465, 2.604 -2.1685 4.3158, 2.604 -2.2359 4.1712, 2.604 -2.2771 4.0172, 2.604 -2.291 3.8583, 2.6416 -1.6722 4.6722, 2.6416 -1.8091 4.6084, 2.6416 -1.9327 4.5218, 2.6416 -2.0395 4.415, 2.6416 -2.1261 4.2913, 2.6416 -2.1899 4.1545, 2.6416 -2.229 4.0087, 2.6416 -2.2421 3.8583, 2.6652 -1.6527 4.6186, 2.6652 -1.7806 4.559, 2.6652 -1.8961 4.4781, 2.6652 -1.9958 4.3784, 2.6652 -2.0767 4.2629, 2.6652 -2.1364 4.135, 2.6652 -2.1729 3.9988, 2.6652 -2.1852 3.8583, 2.6732 -1.5059 4.5949, 2.6732 -1.6318 4.5612, 2.6732 -1.75 4.5061, 2.6732 -1.8568 4.4313, 2.6732 -1.949 4.3391, 2.6732 -2.0238 4.2323, 2.6732 -2.0789 4.1141, 2.6732 -2.1127 3.9882, 2.6732 -2.124 3.8583
            ]
        }
        coordIndex [
            0,1,2,-1,0,2,3,-1,3,2,4,-1,3,4,5,-1,5,4,6,-1,5,6,7,-1,7,6,8,-1,7,8,9,-1,9,8,10,-1,9,10,11,-1,11,10,12,-1,11,12,13,-1,14,15,16,-1,14,16,17,-1,17,16,18,-1,17,18,19,-1,19,18,20,-1,19,20,21,-1,21,20,22,-1,21,22,23,-1,23,22,24,-1,23,24,25,-1,25,24,26,-1,25,26,27,-1,28,29,30,-1,28,30,31,-1,31,30,32,-1,31,32,33,-1,33,32,34,-1,33,34,35,-1,35,34,36,-1,35,36,37,-1,37,36,38,-1,37,38,39,-1,39,38,40,-1,39,40,41,-1,42,43,44,-1,42,44,45,-1,45,44,46,-1,45,46,47,-1,47,46,48,-1,47,48,49,-1,49,48,50,-1,49,50,51,-1,51,50,52,-1,51,52,53,-1,53,52,54,-1,53,54,55,-1,55,54,40,-1,40,54,56,-1,41,40,57,-1,57,40,56,-1,57,56,26,-1,26,56,27,-1,29,28,58,-1,58,28,59,-1,58,59,60,-1,60,59,13,-1,60,13,12,-1,61,62,63,-1,64,65,66,-1,66,65,67,-1,66,67,63,-1,63,67,68,-1,63,68,61,-1,62,69,63,-1,63,69,70,-1,63,70,71,-1,60,72,73,-1,72,60,74,-1,74,60,12,-1,74,12,10,-1,10,8,74,-1,74,8,6,-1,74,6,4,-1,75,76,77,-1,77,76,78,-1,79,80,81,-1,81,80,82,-1,81,82,83,-1,76,84,78,-1,78,84,85,-1,78,85,86,-1,4,2,74,-1,74,2,1,-1,74,1,87,-1,87,1,67,-1,87,67,73,-1,73,67,65,-1,73,65,60,-1,60,65,88,-1,88,89,60,-1,60,89,90,-1,60,90,91,-1,86,92,78,-1,78,92,93,-1,78,93,94,-1,91,76,60,-1,60,76,75,-1,60,75,58,-1,58,75,95,-1,58,95,81,-1,81,95,78,-1,81,78,79,-1,79,78,94,-1,96,97,65,-1,65,97,98,-1,65,98,88,-1,83,99,81,-1,81,99,100,-1,81,100,65,-1,65,100,101,-1,65,101,102,-1,102,103,65,-1,65,103,104,-1,65,104,96,-1,71,105,63,-1,63,105,106,-1,63,106,107,-1,107,106,108,-1,107,108,64,-1,64,108,109,-1,64,109,65,-1,65,109,110,-1,65,110,111,-1,111,112,65,-1,65,112,113,-1,65,113,114,-1,114,115,65,-1,65,115,116,-1,65,116,117,-1,117,118,65,-1,65,118,119,-1,65,119,81,-1,81,119,120,-1,81,120,121,-1,121,120,122,-1,121,122,118,-1,118,122,123,-1,118,123,119,-1,124,125,126,-1,108,106,127,-1,109,108,128,-1,129,130,131,-1,132,133,134,-1,135,136,137,-1,43,42,138,-1,138,42,139,-1,135,137,140,-1,136,141,137,-1,137,141,142,-1,137,142,143,-1,143,142,144,-1,143,144,145,-1,134,133,145,-1,133,146,145,-1,145,146,147,-1,145,147,148,-1,148,147,149,-1,148,149,150,-1,150,149,151,-1,150,151,152,-1,152,151,153,-1,152,153,154,-1,155,156,157,-1,157,156,158,-1,159,160,161,-1,162,163,164,-1,165,166,167,-1,168,169,170,-1,171,172,173,-1,173,172,174,-1,173,174,175,-1,175,174,168,-1,175,168,176,-1,176,168,170,-1,177,178,131,-1,131,178,179,-1,131,179,180,-1,180,179,172,-1,172,179,181,-1,172,181,174,-1,182,178,183,-1,183,178,177,-1,183,177,184,-1,185,186,187,-1,188,189,177,-1,177,189,190,-1,177,190,184,-1,191,192,193,-1,193,192,194,-1,193,194,185,-1,185,194,195,-1,185,195,186,-1,196,197,177,-1,177,197,198,-1,177,198,188,-1,199,200,201,-1,199,201,202,-1,200,203,201,-1,201,203,204,-1,201,204,193,-1,193,204,205,-1,193,205,191,-1,206,207,208,-1,208,207,209,-1,210,211,212,-1,213,214,215,-1,216,217,218,-1,206,219,207,-1,207,219,220,-1,207,220,221,-1,221,220,215,-1,221,215,222,-1,222,215,214,-1,223,224,225,-1,225,224,226,-1,225,226,227,-1,228,229,212,-1,212,229,230,-1,212,230,231,-1,227,232,225,-1,225,232,233,-1,225,233,234,-1,234,233,209,-1,234,209,235,-1,235,209,207,-1,236,237,216,-1,216,237,238,-1,239,240,215,-1,215,240,241,-1,215,241,242,-1,238,243,216,-1,216,243,244,-1,216,244,217,-1,235,245,234,-1,234,245,246,-1,234,246,216,-1,216,246,247,-1,216,247,236,-1,242,248,215,-1,215,248,249,-1,215,249,213,-1,250,251,252,-1,252,251,253,-1,251,254,253,-1,253,254,255,-1,253,255,225,-1,225,255,256,-1,225,256,223,-1,257,258,151,-1,259,260,261,-1,258,257,262,-1,262,257,263,-1,262,263,261,-1,261,263,264,-1,261,264,259,-1,260,265,261,-1,261,265,266,-1,261,266,267,-1,267,268,261,-1,261,268,269,-1,261,269,270,-1,270,271,261,-1,261,271,272,-1,261,272,273,-1,274,275,273,-1,273,275,276,-1,273,276,261,-1,277,278,279,-1,274,280,275,-1,275,280,281,-1,275,281,279,-1,279,281,282,-1,279,282,277,-1,147,283,149,-1,149,283,284,-1,149,284,151,-1,151,284,285,-1,151,285,257,-1,286,287,134,-1,134,287,288,-1,288,289,134,-1,134,289,290,-1,134,290,132,-1,145,144,134,-1,134,144,291,-1,134,291,286,-1,292,293,294,-1,294,293,295,-1,294,295,144,-1,144,295,296,-1,144,296,291,-1,297,298,299,-1,299,298,300,-1,300,301,299,-1,299,301,302,-1,299,302,292,-1,297,299,303,-1,303,299,234,-1,303,234,304,-1,304,234,305,-1,305,234,216,-1,305,216,306,-1,262,307,258,-1,258,307,308,-1,258,308,309,-1,309,308,310,-1,309,310,311,-1,158,154,312,-1,312,154,153,-1,312,153,313,-1,313,153,314,-1,315,316,317,-1,317,316,318,-1,317,318,319,-1,319,318,320,-1,319,320,321,-1,321,320,322,-1,321,322,323,-1,323,322,324,-1,323,324,325,-1,325,324,326,-1,313,322,312,-1,312,322,320,-1,312,320,327,-1,327,320,328,-1,327,328,329,-1,329,328,330,-1,329,330,331,-1,314,153,332,-1,332,153,151,-1,332,151,331,-1,331,151,258,-1,331,258,329,-1,333,334,335,-1,336,337,335,-1,335,337,338,-1,335,338,333,-1,334,333,339,-1,339,333,340,-1,339,340,155,-1,155,340,341,-1,155,341,156,-1,337,342,338,-1,338,342,343,-1,338,343,344,-1,344,343,345,-1,344,345,157,-1,157,345,346,-1,157,346,155,-1,155,346,347,-1,155,347,339,-1,348,349,216,-1,350,351,352,-1,353,354,355,-1,350,352,356,-1,351,348,352,-1,352,348,216,-1,352,216,210,-1,210,216,218,-1,210,218,211,-1,353,355,352,-1,352,355,357,-1,352,357,356,-1,358,359,360,-1,360,359,361,-1,360,361,210,-1,210,361,362,-1,210,362,352,-1,363,364,130,-1,130,364,185,-1,130,185,131,-1,131,185,187,-1,131,187,177,-1,177,187,365,-1,177,365,196,-1,366,367,368,-1,369,370,371,-1,349,372,216,-1,216,372,373,-1,216,373,371,-1,371,373,374,-1,371,374,369,-1,370,375,371,-1,371,375,376,-1,371,376,180,-1,377,378,131,-1,378,379,131,-1,131,379,380,-1,131,380,381,-1,367,377,368,-1,368,377,131,-1,368,131,382,-1,382,131,180,-1,382,180,383,-1,383,180,376,-1,381,384,131,-1,131,384,385,-1,131,385,129,-1,386,387,388,-1,388,387,389,-1,388,389,390,-1,388,391,386,-1,386,391,392,-1,386,392,393,-1,393,394,386,-1,386,394,395,-1,386,395,396,-1,396,395,397,-1,396,397,398,-1,398,397,399,-1,398,399,368,-1,368,399,400,-1,368,400,366,-1,401,402,390,-1,390,402,403,-1,390,403,388,-1,404,405,354,-1,354,405,406,-1,354,406,355,-1,404,407,405,-1,405,407,408,-1,405,408,409,-1,409,408,410,-1,409,411,412,-1,410,413,409,-1,409,413,414,-1,409,414,415,-1,415,416,409,-1,409,416,417,-1,409,417,411,-1,412,418,409,-1,409,418,419,-1,409,419,420,-1,166,165,421,-1,421,165,422,-1,421,422,423,-1,164,163,424,-1,424,163,425,-1,424,425,426,-1,427,428,429,-1,429,428,430,-1,429,430,431,-1,431,430,423,-1,431,423,432,-1,433,434,435,-1,435,434,436,-1,435,436,426,-1,437,438,142,-1,142,438,439,-1,141,440,142,-1,142,440,441,-1,142,441,442,-1,442,443,142,-1,142,443,444,-1,142,444,437,-1,140,137,445,-1,445,137,138,-1,445,138,446,-1,446,138,139,-1,446,139,447,-1,139,448,447,-1,447,448,449,-1,447,449,450,-1,450,449,451,-1,450,451,452,-1,453,454,139,-1,139,454,455,-1,139,455,448,-1,456,457,458,-1,458,459,456,-1,456,459,460,-1,456,460,139,-1,139,460,461,-1,139,461,453,-1,462,463,464,-1,464,463,465,-1,464,465,466,-1,466,467,464,-1,464,467,468,-1,464,468,457,-1,457,468,469,-1,457,469,458,-1,470,462,471,-1,471,462,464,-1,471,464,472,-1,472,464,473,-1,474,475,118,-1,118,475,476,-1,476,477,118,-1,118,477,478,-1,118,478,121,-1,121,478,479,-1,121,479,480,-1,480,479,481,-1,480,481,464,-1,464,481,482,-1,464,482,473,-1,483,484,474,-1,474,484,485,-1,474,485,486,-1,486,487,474,-1,474,487,488,-1,474,488,475,-1,489,490,491,-1,492,493,494,-1,495,496,483,-1,497,498,499,-1,499,498,500,-1,492,494,501,-1,495,483,502,-1,503,504,498,-1,498,504,505,-1,498,505,506,-1,491,490,483,-1,483,490,507,-1,483,507,502,-1,493,508,494,-1,494,508,509,-1,494,509,510,-1,511,512,513,-1,513,512,514,-1,513,514,515,-1,516,506,517,-1,517,506,518,-1,517,518,513,-1,513,518,519,-1,513,519,511,-1,516,520,506,-1,506,520,521,-1,506,521,498,-1,498,521,522,-1,498,522,500,-1,523,524,525,-1,525,524,526,-1,525,526,494,-1,494,526,527,-1,494,527,501,-1,528,529,494,-1,494,529,530,-1,494,530,498,-1,498,530,531,-1,498,531,503,-1,532,533,484,-1,484,533,534,-1,484,534,535,-1,535,536,484,-1,484,536,537,-1,484,537,538,-1,538,537,523,-1,538,523,539,-1,539,523,525,-1,496,540,483,-1,483,540,541,-1,483,541,484,-1,484,541,542,-1,484,542,532,-1,510,543,494,-1,494,543,544,-1,494,544,545,-1,545,546,494,-1,494,546,547,-1,494,547,528,-1,548,549,550,-1,550,506,548,-1,548,506,505,-1,548,505,551,-1,551,505,552,-1,552,553,551,-1,551,553,554,-1,551,554,555,-1,556,557,558,-1,557,559,558,-1,558,559,560,-1,558,560,561,-1,562,558,563,-1,549,548,562,-1,562,548,564,-1,562,564,558,-1,558,564,565,-1,558,565,556,-1,563,566,562,-1,562,566,567,-1,562,567,568,-1,561,560,569,-1,569,560,570,-1,569,570,571,-1,571,570,572,-1,571,572,573,-1,574,575,568,-1,568,575,576,-1,568,576,562,-1,438,577,439,-1,439,577,578,-1,439,578,491,-1,491,578,579,-1,491,579,489,-1,253,116,252,-1,252,116,115,-1,252,115,364,-1,364,115,114,-1,364,114,185,-1,185,114,113,-1,185,113,193,-1,193,113,112,-1,193,112,201,-1,201,112,111,-1,201,111,580,-1,580,111,110,-1,580,110,109,-1,363,358,364,-1,364,358,360,-1,364,360,252,-1,252,360,210,-1,252,210,250,-1,250,210,212,-1,250,212,581,-1,581,212,231,-1,580,422,201,-1,201,422,165,-1,201,165,202,-1,202,165,167,-1,202,167,171,-1,171,167,162,-1,171,162,172,-1,172,162,164,-1,108,127,128,-1,128,127,582,-1,128,582,583,-1,584,491,585,-1,585,491,483,-1,585,483,586,-1,586,483,474,-1,586,474,587,-1,587,474,118,-1,587,118,117,-1,584,588,589,-1,588,590,589,-1,589,590,591,-1,589,591,586,-1,586,591,592,-1,586,592,585,-1,593,594,595,-1,595,594,591,-1,595,591,596,-1,596,591,590,-1,596,590,597,-1,597,590,598,-1,436,432,426,-1,426,432,423,-1,426,423,424,-1,424,423,422,-1,424,422,599,-1,600,601,583,-1,583,601,602,-1,603,604,605,-1,605,604,606,-1,605,606,583,-1,583,606,607,-1,583,607,600,-1,602,608,583,-1,583,608,609,-1,583,609,610,-1,109,128,580,-1,580,128,583,-1,580,583,422,-1,422,583,610,-1,422,610,599,-1,599,611,424,-1,424,611,612,-1,424,612,605,-1,605,612,613,-1,605,613,614,-1,614,615,605,-1,605,615,616,-1,605,616,603,-1,617,618,583,-1,619,620,621,-1,583,618,605,-1,605,618,622,-1,605,622,623,-1,292,294,299,-1,299,294,589,-1,299,589,234,-1,234,589,586,-1,234,586,225,-1,225,586,587,-1,225,587,253,-1,253,587,117,-1,253,117,116,-1,605,333,424,-1,424,333,338,-1,424,338,164,-1,164,338,344,-1,164,344,172,-1,172,344,327,-1,172,327,180,-1,180,327,329,-1,180,329,371,-1,371,329,258,-1,371,258,216,-1,216,258,309,-1,216,309,306,-1,306,309,311,-1,584,589,491,-1,491,589,294,-1,491,294,439,-1,439,294,624,-1,439,624,142,-1,624,625,142,-1,142,625,124,-1,142,124,144,-1,144,124,126,-1,144,126,294,-1,294,126,626,-1,294,626,624,-1,627,628,157,-1,629,630,157,-1,157,630,631,-1,157,631,344,-1,344,631,632,-1,344,632,633,-1,633,634,344,-1,344,634,635,-1,344,635,636,-1,158,312,157,-1,157,312,637,-1,157,637,627,-1,636,638,344,-1,344,638,639,-1,344,639,327,-1,327,639,640,-1,327,640,312,-1,312,640,641,-1,312,641,637,-1,628,642,157,-1,157,642,643,-1,157,643,629,-1,621,617,619,-1,619,617,583,-1,619,583,644,-1,644,583,582,-1,644,582,623,-1,623,582,645,-1,623,645,605,-1,605,645,646,-1,605,646,333,-1,333,646,161,-1,333,161,340,-1,340,161,160,-1,340,160,341,-1,159,161,647,-1,647,161,646,-1,647,646,648,-1,648,646,645,-1,648,645,649,-1,649,645,582,-1,649,582,650,-1,650,582,127,-1,650,127,651,-1,651,127,106,-1,651,106,105,-1,56,54,652,-1,652,54,653,-1,653,54,654,-1,654,54,52,-1,654,52,50,-1,138,655,43,-1,43,655,656,-1,43,656,44,-1,44,656,657,-1,44,657,46,-1,46,657,654,-1,46,654,48,-1,48,654,50,-1,655,138,137,-1,658,137,143,-1,143,145,658,-1,658,145,148,-1,658,148,150,-1,150,152,658,-1,658,152,154,-1,658,154,158,-1,158,156,658,-1,658,156,341,-1,658,341,659,-1,659,341,160,-1,659,160,159,-1,137,658,655,-1,655,658,660,-1,655,660,656,-1,660,661,656,-1,656,661,662,-1,656,662,657,-1,657,662,663,-1,657,663,654,-1,654,663,664,-1,654,664,665,-1,665,666,654,-1,654,666,667,-1,654,667,653,-1,667,668,653,-1,653,668,669,-1,653,669,652,-1,27,56,670,-1,670,56,652,-1,670,652,671,-1,671,652,669,-1,59,28,672,-1,672,28,673,-1,673,28,674,-1,674,28,31,-1,674,31,33,-1,57,675,41,-1,41,675,676,-1,41,676,39,-1,39,676,677,-1,39,677,37,-1,37,677,674,-1,37,674,35,-1,35,674,33,-1,26,678,57,-1,57,678,675,-1,678,679,675,-1,675,679,680,-1,675,680,676,-1,680,681,676,-1,676,681,682,-1,676,682,677,-1,677,682,683,-1,677,683,674,-1,674,683,684,-1,674,684,685,-1,685,686,674,-1,674,686,687,-1,674,687,673,-1,687,688,673,-1,673,688,689,-1,673,689,672,-1,13,59,690,-1,690,59,672,-1,690,672,691,-1,691,672,689,-1,0,3,692,-1,3,5,693,-1,5,7,694,-1,7,9,695,-1,9,11,696,-1,688,697,689,-1,689,697,698,-1,689,698,691,-1,691,698,696,-1,691,696,690,-1,690,696,11,-1,690,11,13,-1,688,687,697,-1,697,687,686,-1,697,686,699,-1,686,685,699,-1,699,685,684,-1,699,684,700,-1,700,684,683,-1,700,683,701,-1,683,682,701,-1,701,682,681,-1,701,681,702,-1,702,681,680,-1,702,680,703,-1,703,680,679,-1,679,678,703,-1,703,678,26,-1,703,26,24,-1,9,696,695,-1,695,696,698,-1,695,698,704,-1,704,698,697,-1,704,697,705,-1,705,697,699,-1,705,699,706,-1,706,699,700,-1,706,700,707,-1,707,700,701,-1,707,701,708,-1,708,701,702,-1,708,702,709,-1,709,702,703,-1,709,703,710,-1,710,703,24,-1,710,24,22,-1,7,695,694,-1,694,695,704,-1,694,704,711,-1,711,704,705,-1,711,705,712,-1,712,705,706,-1,712,706,713,-1,713,706,707,-1,713,707,714,-1,714,707,708,-1,714,708,715,-1,715,708,709,-1,715,709,716,-1,716,709,710,-1,716,710,717,-1,717,710,22,-1,717,22,20,-1,5,694,693,-1,693,694,711,-1,693,711,718,-1,718,711,712,-1,718,712,719,-1,719,712,713,-1,719,713,720,-1,720,713,714,-1,720,714,721,-1,721,714,715,-1,721,715,722,-1,722,715,716,-1,722,716,723,-1,723,716,717,-1,723,717,724,-1,724,717,20,-1,724,20,18,-1,3,693,692,-1,692,693,718,-1,692,718,725,-1,725,718,719,-1,725,719,726,-1,726,719,720,-1,726,720,727,-1,727,720,721,-1,727,721,728,-1,728,721,722,-1,728,722,729,-1,729,722,723,-1,729,723,730,-1,730,723,724,-1,730,724,731,-1,731,724,18,-1,731,18,16,-1,0,692,732,-1,732,692,725,-1,732,725,733,-1,733,725,726,-1,733,726,734,-1,734,726,727,-1,734,727,735,-1,735,727,728,-1,735,728,736,-1,736,728,729,-1,736,729,737,-1,737,729,730,-1,737,730,738,-1,738,730,731,-1,738,731,739,-1,739,731,16,-1,739,16,15,-1,14,17,740,-1,17,19,741,-1,19,21,742,-1,21,23,743,-1,23,25,744,-1,668,745,669,-1,669,745,746,-1,669,746,671,-1,671,746,744,-1,671,744,670,-1,670,744,25,-1,670,25,27,-1,668,667,745,-1,745,667,666,-1,745,666,747,-1,666,665,747,-1,747,665,664,-1,747,664,748,-1,748,664,663,-1,748,663,749,-1,663,662,749,-1,749,662,661,-1,749,661,750,-1,750,661,660,-1,750,660,751,-1,751,660,658,-1,658,659,751,-1,751,659,159,-1,751,159,752,-1,23,744,743,-1,743,744,746,-1,743,746,753,-1,753,746,745,-1,753,745,754,-1,754,745,747,-1,754,747,755,-1,755,747,748,-1,755,748,756,-1,756,748,749,-1,756,749,757,-1,757,749,750,-1,757,750,758,-1,758,750,751,-1,758,751,759,-1,759,751,752,-1,759,752,760,-1,21,743,742,-1,742,743,753,-1,742,753,761,-1,761,753,754,-1,761,754,762,-1,762,754,755,-1,762,755,763,-1,763,755,756,-1,763,756,764,-1,764,756,757,-1,764,757,765,-1,765,757,758,-1,765,758,766,-1,766,758,759,-1,766,759,767,-1,767,759,760,-1,767,760,768,-1,19,742,741,-1,741,742,761,-1,741,761,769,-1,769,761,762,-1,769,762,770,-1,770,762,763,-1,770,763,771,-1,771,763,764,-1,771,764,772,-1,772,764,765,-1,772,765,773,-1,773,765,766,-1,773,766,774,-1,774,766,767,-1,774,767,775,-1,775,767,768,-1,775,768,776,-1,17,741,740,-1,740,741,769,-1,740,769,777,-1,777,769,770,-1,777,770,778,-1,778,770,771,-1,778,771,779,-1,779,771,772,-1,779,772,780,-1,780,772,773,-1,780,773,781,-1,781,773,774,-1,781,774,782,-1,782,774,775,-1,782,775,783,-1,783,775,776,-1,783,776,784,-1,14,740,785,-1,785,740,777,-1,785,777,786,-1,786,777,778,-1,786,778,787,-1,787,778,779,-1,787,779,788,-1,788,779,780,-1,788,780,789,-1,789,780,781,-1,789,781,790,-1,790,781,782,-1,790,782,791,-1,791,782,783,-1,791,783,792,-1,792,783,784,-1,792,784,793,-1,
        ]
    }
}