#VRML V2.0 utf8
# 3D model generated by easyeda2kicad.py (https://github.com/uPesy/easyeda2kicad.py)

Shape{
    appearance Appearance {
        material  Material 	{
            diffuseColor 0.28627450980392155 0.6627450980392157 0.32941176470588235
            specularColor 0.08627450980392157 0.2 0.09803921568627451
            ambientIntensity 0.5122
            transparency 0.0
            shininess 0.5
        }
    }
    geometry IndexedFaceSet {
        ccw TRUE
        solid FALSE
        coord DEF co Coordinate {
            point [
                -0.8106 0.1378 0.0, -0.8106 1.6339 0.0, 0.0387 1.6339 0.0, -0.3333 -0.7127 0.0, -0.2877 -0.7003 0.0, -0.2109 -0.7111 0.0, -0.0093 -0.6679 0.0, -0.1581 -0.6679 0.0, -0.1581 -0.5383 0.0, -1.1802 -0.0153 0.0, -0.8159 -0.3174 0.0, -0.8159 -0.7111 0.0, -0.3799 -0.6727 0.0, -0.2948 -0.3771 0.0, -0.3321 -0.6665 0.0, -0.2877 -0.381 0.0, -0.2877 -0.6475 0.0, -0.3456 -0.7135 0.0, 0.0387 -0.7135 0.0, -0.0093 -0.7111 0.0, -1.2363 0.0817 0.0, -1.2147 0.0295 0.0, -2.0114 -0.7135 0.0, -0.1581 -0.4951 0.0, -0.1581 -0.3606 0.0, -0.0189 -0.4951 0.0, 0.0003 -0.3606 0.0, -0.0189 -0.5383 0.0, -0.4187 -0.6684 0.0, -0.448 -0.6578 0.0, -0.4759 -0.6391 0.0, -0.4996 -0.6127 0.0, -0.5156 -0.5822 0.0, -0.5261 -0.5396 0.0, -0.5278 -0.5101 0.0, -0.5238 -0.4675 0.0, -0.5131 -0.4336 0.0, -0.3888 -0.3558 0.0, -0.4785 -0.387 0.0, -0.4253 -0.3599 0.0, -0.4543 -0.3705 0.0, -0.4968 -0.4063 0.0, -0.3365 -0.3616 0.0, -2.0114 1.6339 0.0, -1.2437 1.6339 0.0, -1.2437 0.1378 0.0, -0.575 -0.5627 0.0, -0.5598 -0.6076 0.0, -0.7631 -0.7111 0.0, -0.5363 -0.6449 0.0, -0.502 -0.6779 0.0, -0.4652 -0.6994 0.0, 0.0003 -0.3174 0.0, -0.2109 -0.3174 0.0, -0.8396 0.0295 0.0, -0.818 0.0817 0.0, -0.6142 -0.3174 0.0, -0.4082 -0.7135 0.0, -0.422 -0.7123 0.0, -0.5806 -0.5068 0.0, -0.7631 -0.3606 0.0, -0.5767 -0.4609 0.0, -0.5645 -0.4187 0.0, -0.6142 -0.3606 0.0, -0.5435 -0.3816 0.0, -0.5147 -0.3512 0.0, -1.1354 -0.0497 0.0, -1.0832 -0.0714 0.0, -1.0271 -0.0787 0.0, -0.9711 -0.0714 0.0, -0.9189 -0.0497 0.0, -0.874 -0.0153 0.0, -0.4827 -0.3307 0.0, -0.2877 -0.3378 0.0, -0.3297 -0.3206 0.0, -0.3853 -0.3128 0.0, -0.3961 -0.3126 0.0, -0.4445 -0.3176 0.0, -2.0114 -1.437 0.0, -2.0114 -1.1024 0.0, -1.8539 -1.1614 0.0, -0.3804 -0.7159 0.0, 0.0387 -1.437 0.0, -2.0114 -0.9055 0.0, -1.8539 -0.8465 0.0, 1.9256 -0.7135 0.0, 1.9256 -0.9055 0.0, 1.9256 -1.437 0.0, 1.9256 -1.1024 0.0, 2.0901 -1.1614 0.0, 2.0901 -0.8465 0.0, 0.4228 -0.3174 0.0, 0.7248 1.6339 0.0, 0.3202 -0.3597 0.0, 0.2794 -0.3357 0.0, 0.2341 -0.3219 0.0, 0.1842 -0.3174 0.0, 0.0772 -0.3174 0.0, 0.6807 -0.4278 0.0, 0.518 -0.4278 0.0, 0.7205 -0.3174 0.0, 0.4805 -0.3174 0.0, 0.7248 0.1378 0.0, 0.7322 0.0817 0.0, 0.7538 0.0295 0.0, 0.3885 -0.4665 0.0, 0.3744 -0.4255 0.0, 0.3523 -0.3908 0.0, 0.2912 -0.6889 0.0, 0.3302 -0.6635 0.0, 0.5717 -0.7111 0.0, 0.3455 -0.6493 0.0, 0.3691 -0.6185 0.0, 0.6245 -0.7111 0.0, 1.0945 -0.0153 0.0, 1.1289 0.0295 0.0, 0.7781 -0.3174 0.0, 0.9414 -0.0787 0.0, 0.9974 -0.0714 0.0, 0.0772 -0.7111 0.0, 0.1883 -0.7111 0.0, 0.2451 -0.705 0.0, 1.1579 1.6339 0.0, 1.9256 1.6339 0.0, 1.1579 0.1378 0.0, 1.1505 0.0817 0.0, 0.7883 -0.0153 0.0, 0.8331 -0.0497 0.0, 0.8853 -0.0714 0.0, 1.0496 -0.0497 0.0, 0.3857 -0.5803 0.0, 0.3933 -0.5387 0.0, 0.394 -0.5192 0.0
            ]
        }
        coordIndex [
            0,1,2,-1,3,4,5,-1,6,7,8,-1,9,10,11,-1,12,13,14,-1,14,13,15,-1,14,15,16,-1,3,5,17,-1,17,5,18,-1,18,5,19,-1,18,19,6,-1,20,21,22,-1,23,24,25,-1,25,24,26,-1,25,26,27,-1,12,28,13,-1,13,28,29,-1,13,29,30,-1,30,31,13,-1,13,31,32,-1,13,32,33,-1,33,34,13,-1,13,34,35,-1,13,35,36,-1,37,38,39,-1,39,38,40,-1,36,41,13,-1,13,41,38,-1,13,38,42,-1,42,38,37,-1,43,44,22,-1,22,44,45,-1,22,45,20,-1,46,47,48,-1,47,49,48,-1,48,49,50,-1,48,50,51,-1,8,27,6,-1,6,27,26,-1,6,26,18,-1,18,26,52,-1,18,52,2,-1,2,52,53,-1,54,55,56,-1,56,55,0,-1,21,9,22,-1,22,9,11,-1,22,11,57,-1,57,11,48,-1,57,48,58,-1,58,48,51,-1,46,48,59,-1,59,48,60,-1,59,60,61,-1,61,60,62,-1,62,60,63,-1,62,63,64,-1,64,63,56,-1,64,56,65,-1,9,66,10,-1,10,66,67,-1,10,67,68,-1,68,69,10,-1,10,69,70,-1,10,70,56,-1,56,70,71,-1,56,71,54,-1,0,2,56,-1,56,2,72,-1,56,72,65,-1,4,16,5,-1,5,16,15,-1,5,15,53,-1,53,15,73,-1,53,73,2,-1,2,73,74,-1,2,74,75,-1,75,76,2,-1,2,76,77,-1,2,77,72,-1,78,79,80,-1,57,81,82,-1,83,22,84,-1,84,22,57,-1,84,57,80,-1,80,57,82,-1,80,82,78,-1,85,86,82,-1,87,82,88,-1,88,82,86,-1,88,86,89,-1,89,86,90,-1,91,2,92,-1,91,93,2,-1,2,93,94,-1,2,94,95,-1,95,96,2,-1,2,96,97,-1,2,97,18,-1,98,99,100,-1,100,99,101,-1,92,102,91,-1,91,102,103,-1,91,103,101,-1,101,103,104,-1,101,104,100,-1,105,106,91,-1,91,106,107,-1,91,107,93,-1,108,109,110,-1,110,109,111,-1,110,111,112,-1,18,110,113,-1,85,114,115,-1,116,117,118,-1,97,119,18,-1,18,119,120,-1,18,120,110,-1,110,120,121,-1,110,121,108,-1,122,123,124,-1,124,123,85,-1,124,85,125,-1,125,85,115,-1,104,126,100,-1,100,126,127,-1,100,127,116,-1,116,127,128,-1,116,128,117,-1,81,17,82,-1,82,17,18,-1,82,18,85,-1,85,18,113,-1,85,113,114,-1,114,113,116,-1,114,116,129,-1,129,116,118,-1,112,130,110,-1,110,130,131,-1,110,131,91,-1,91,131,132,-1,91,132,105,-1,
        ]
    }
}
Shape{
    appearance Appearance {
        material  Material 	{
            diffuseColor 0.8509803921568627 0.8509803921568627 0.8509803921568627
            specularColor 0.4235294117647059 0.4235294117647059 0.4235294117647059
            ambientIntensity 0.851
            transparency 0.0
            shininess 0.5
        }
    }
    geometry IndexedFaceSet {
        ccw TRUE
        solid FALSE
        coord DEF co Coordinate {
            point [
                -0.6341 0.6739 1.0293, -0.6334 0.6739 1.0343, -0.6531 0.6739 1.0147, -0.6334 0.6739 1.0658, -1.4011 0.6739 1.0147, -0.6531 0.6739 1.0855, -0.6341 0.6739 1.0709, -1.4062 0.6739 1.0153, -1.4011 0.6739 1.0855, -0.648 0.6739 1.0153, -0.6433 0.6739 1.0173, -0.6392 0.6739 1.0204, -0.6361 0.6739 1.0757, -0.6392 0.6739 1.0798, -0.648 0.6739 1.0849, -0.6433 0.6739 1.0829, -0.6361 0.6739 1.0245, -1.4182 0.6739 1.0757, -1.4151 0.6739 1.0798, -1.4062 0.6739 1.0849, -1.411 0.6739 1.0829, -1.4202 0.6739 1.0709, -1.4208 0.6739 1.0658, -1.4208 0.6739 1.0343, -1.4202 0.6739 1.0293, -1.4182 0.6739 1.0245, -1.4151 0.6739 1.0204, -1.411 0.6739 1.0173, -0.6531 0.792 1.0855, -1.4011 0.792 1.0855, -0.6531 0.792 1.0147, -1.4011 0.792 1.0147, -1.4011 0.8175 1.0881, -0.6531 0.8175 1.0881, -1.4011 0.8419 1.0958, -0.6531 0.8419 1.0958, -1.4011 0.8643 1.1083, -0.6531 0.8643 1.1083, -1.4011 0.9049 1.0503, -0.6531 0.9049 1.0503, -0.6531 0.87 1.0308, -1.4011 0.87 1.0308, -0.6531 0.8318 1.0187, -1.4011 0.8318 1.0187, -0.6531 1.5093 1.5599, -1.4011 1.5093 1.5599, -0.6531 1.5499 1.5019, -1.4011 1.5499 1.5019, -1.4011 1.5266 1.5745, -0.6531 1.5266 1.5745, -1.4011 1.541 1.592, -0.6531 1.541 1.592, -1.4011 1.5995 1.552, -0.6531 1.5995 1.552, -0.6531 1.5769 1.5247, -1.4011 1.5769 1.5247, -0.6524 1.5584 1.6968, -1.4019 1.5584 1.6968, -0.6529 1.5603 1.689, -1.4013 1.5603 1.689, -1.4011 1.5617 1.6811, -1.4011 1.5535 1.6163, -0.6531 1.5535 1.6163, -1.4011 1.5552 1.6197, -0.6531 1.5552 1.6197, -1.4011 1.5606 1.6426, -0.6531 1.5606 1.6426, -1.4011 1.5623 1.65, -0.6531 1.5623 1.65, -1.4011 1.5619 1.6698, -0.6531 1.5619 1.6698, -0.6531 1.5617 1.6811, -1.4028 1.6267 1.7158, -0.6515 1.6267 1.7158, -0.6527 1.6302 1.7011, -1.4016 1.6302 1.7011, -0.6531 1.6325 1.6863, -1.4011 1.6325 1.6863, -1.4011 1.6325 1.6736, -0.6531 1.6325 1.6736, -1.4011 1.6324 1.6393, -0.6531 1.6324 1.6393, -1.4011 1.6304 1.6311, -0.6531 1.6304 1.6311, -1.4011 1.6212 1.5936, -0.6531 1.6212 1.5936, -1.4011 1.6192 1.5899, -0.6531 1.6192 1.5899, -0.3185 1.4009 2.2659, -0.3185 1.4021 2.2633, -0.3185 1.4052 2.2573, -0.3185 1.4499 2.2796, -0.3185 1.4008 2.266, -0.3185 1.4603 2.2421, -0.3185 1.4589 2.2418, -0.3185 1.4575 2.2418, -0.3185 1.4147 2.2459, -0.3185 1.4173 2.2441, -0.3185 1.4198 2.2428, -0.3185 1.4098 2.2508, -0.3185 1.4223 2.242, -0.3185 1.4248 2.2418, -1.4104 1.5461 1.7412, -0.6397 1.5426 1.7538, -1.4344 1.5315 1.7939, -0.3232 1.4006 2.2659, -0.6019 1.4006 2.2659, -0.6199 1.5315 1.7939, -0.8854 1.4006 2.2659, -1.1689 1.4006 2.2659, -1.4523 1.4006 2.2659, -1.731 1.4006 2.2659, -0.6439 1.6167 1.7517, -1.4177 1.611 1.7722, -0.6199 1.6021 1.8044, -1.7161 1.4778 2.2527, -1.7161 1.4689 2.2848, -1.4344 1.6021 1.8044, -0.3382 1.4689 2.2848, -0.3382 1.4778 2.2527
            ]
        }
        coordIndex [
            0,1,2,-1,2,1,3,-1,2,3,4,-1,5,3,6,-1,4,3,7,-1,7,3,5,-1,7,5,8,-1,9,10,11,-1,6,12,5,-1,5,12,13,-1,5,13,14,-1,14,13,15,-1,9,11,2,-1,2,11,16,-1,2,16,0,-1,17,8,18,-1,18,8,19,-1,18,19,20,-1,17,21,8,-1,8,21,22,-1,8,22,7,-1,7,22,23,-1,7,23,24,-1,24,25,7,-1,7,25,26,-1,7,26,27,-1,28,29,5,-1,5,29,8,-1,2,4,30,-1,30,4,31,-1,29,28,32,-1,32,28,33,-1,32,33,34,-1,34,33,35,-1,34,35,36,-1,36,35,37,-1,38,39,40,-1,38,40,41,-1,41,40,42,-1,41,42,43,-1,43,42,30,-1,43,30,31,-1,44,45,37,-1,37,45,36,-1,39,38,46,-1,46,38,47,-1,45,44,48,-1,48,44,49,-1,48,49,50,-1,50,49,51,-1,52,53,54,-1,52,54,55,-1,55,54,46,-1,55,46,47,-1,56,57,58,-1,58,57,59,-1,58,59,60,-1,50,51,61,-1,61,51,62,-1,61,62,63,-1,63,62,64,-1,63,64,65,-1,65,64,66,-1,65,66,67,-1,67,66,68,-1,67,68,69,-1,69,68,70,-1,69,70,60,-1,60,70,71,-1,60,71,58,-1,72,73,74,-1,72,74,75,-1,75,74,76,-1,75,76,77,-1,77,76,78,-1,78,76,79,-1,78,79,80,-1,80,79,81,-1,80,81,82,-1,82,81,83,-1,82,83,84,-1,84,83,85,-1,84,85,86,-1,85,87,86,-1,86,87,53,-1,86,53,52,-1,88,89,90,-1,91,92,88,-1,93,91,94,-1,94,91,95,-1,96,97,91,-1,91,97,98,-1,88,90,91,-1,91,90,99,-1,91,99,96,-1,98,100,91,-1,91,100,101,-1,91,101,95,-1,57,56,102,-1,102,56,103,-1,102,103,104,-1,105,106,107,-1,107,106,108,-1,108,109,107,-1,107,109,110,-1,107,110,103,-1,103,110,111,-1,103,111,104,-1,73,72,112,-1,112,72,113,-1,112,113,114,-1,115,116,117,-1,117,116,118,-1,117,118,113,-1,113,118,119,-1,113,119,114,-1,
        ]
    }
}
Shape{
    appearance Appearance {
        material  Material 	{
            diffuseColor 0.28627450980392155 0.6627450980392157 0.32941176470588235
            specularColor 0.08627450980392157 0.2 0.09803921568627451
            ambientIntensity 0.5122
            transparency 0.0
            shininess 0.5
        }
    }
    geometry IndexedFaceSet {
        ccw TRUE
        solid FALSE
        coord DEF co Coordinate {
            point [
                -1.7315 -0.0787 2.3351, -1.7338 -0.0787 2.3314, -1.8145 -0.0787 2.3622, -1.7205 -0.0787 2.342, -1.7246 -0.0787 2.3406, -1.7284 -0.0787 2.3382, -1.7353 -0.0787 2.3272, -1.7358 -0.0787 2.3228, -1.8145 -0.0787 0.2362, -1.7358 -0.0787 0.315, -1.0271 -0.0787 0.2362, -0.3185 -0.0787 0.315, -0.2397 -0.0787 0.2362, -0.319 -0.0787 2.3272, -0.3204 -0.0787 2.3314, -0.2397 -0.0787 2.3622, -0.3296 -0.0787 2.3406, -0.3338 -0.0787 2.342, -0.3382 -0.0787 2.3425, -1.7161 -0.0787 2.3425, -0.3228 -0.0787 2.3351, -0.3259 -0.0787 2.3382, -0.3185 -0.0787 2.3228
            ]
        }
        coordIndex [
            0,1,2,-1,3,4,2,-1,2,4,5,-1,2,5,0,-1,1,6,2,-1,2,6,7,-1,2,7,8,-1,8,7,9,-1,8,9,10,-1,10,9,11,-1,10,11,12,-1,13,14,15,-1,16,17,15,-1,15,17,18,-1,15,18,2,-1,2,18,19,-1,2,19,3,-1,14,20,15,-1,15,20,21,-1,15,21,16,-1,12,11,15,-1,15,11,22,-1,15,22,13,-1,
        ]
    }
}
Shape{
    appearance Appearance {
        material  Material 	{
            diffuseColor 0.8509803921568627 0.8509803921568627 0.8509803921568627
            specularColor 0.4235294117647059 0.4235294117647059 0.4235294117647059
            ambientIntensity 0.851
            transparency 0.0
            shininess 0.5
        }
    }
    geometry IndexedFaceSet {
        ccw TRUE
        solid FALSE
        coord DEF co Coordinate {
            point [
                -1.6306 0.4603 3.8189, -1.6418 0.4176 3.8189, -0.4125 0.4176 3.8189, -0.4236 0.4603 3.8189, -0.4601 0.5541 3.8189, -0.511 0.641 3.8189, -1.0271 0.9097 3.8189, -1.1275 0.9017 3.8189, -0.5752 0.7186 3.8189, -0.6509 0.785 3.8189, -0.7362 0.8385 3.8189, -0.8289 0.8777 3.8189, -0.9268 0.9017 3.8189, -1.2253 0.8777 3.8189, -1.3181 0.8385 3.8189, -1.4034 0.785 3.8189, -1.4791 0.7186 3.8189, -1.5432 0.641 3.8189, -1.5942 0.5541 3.8189
            ]
        }
        coordIndex [
            0,1,2,-1,2,3,0,-1,0,3,4,-1,0,4,5,-1,6,7,0,-1,5,8,0,-1,0,8,9,-1,0,9,10,-1,10,11,0,-1,0,11,12,-1,0,12,6,-1,13,14,7,-1,7,14,15,-1,7,15,16,-1,16,17,7,-1,7,17,18,-1,7,18,0,-1,
        ]
    }
}
Shape{
    appearance Appearance {
        material  Material 	{
            diffuseColor 0.28627450980392155 0.6627450980392157 0.32941176470588235
            specularColor 0.08627450980392157 0.2 0.09803921568627451
            ambientIntensity 0.5122
            transparency 0.0
            shininess 0.5
        }
    }
    geometry IndexedFaceSet {
        ccw TRUE
        solid FALSE
        coord DEF co Coordinate {
            point [
                -1.2437 1.6339 0.2362, -1.2437 1.6339 0.0, -1.8145 1.6339 0.2362, -2.0114 1.6339 0.0, -1.8145 1.6339 2.3622, -2.0114 1.6339 2.3622, -2.0114 -0.9055 0.0, -2.0114 -0.9055 2.4409, -2.0114 -0.7135 0.0, -2.0114 -0.8465 2.4409, -2.0114 -0.5424 4.0158, -2.0114 -0.6203 3.9487, -2.0114 -0.5609 4.0135, -2.0114 -0.6154 3.9666, -2.0114 1.1777 3.9586, -2.0114 1.102 4.0158, -2.0114 1.1221 4.0131, -2.0114 1.1409 4.0055, -2.0114 1.1697 3.9773, -2.0114 1.1571 3.9932, -2.0114 -0.6064 3.9829, -2.0114 -0.5938 3.9967, -2.0114 -0.5784 4.0071, -2.0114 -1.1024 0.0, -2.0114 -1.437 0.0, -2.0114 -1.1024 2.4409, -2.0114 -1.437 2.2441, -2.0114 -1.4303 2.295, -2.0114 -1.4106 2.3425, -2.0114 -1.3794 2.3833, -2.0114 -1.3386 2.4146, -2.0114 -1.2911 2.4342, -2.0114 -1.2402 2.4409, -1.8539 -0.8465 2.4409, -1.8539 -1.1614 2.4409, 2.0901 -1.1614 2.4409, 2.0901 -0.8465 2.4409, 1.9256 -1.1024 2.4409, 1.9256 -0.9055 2.4409, 1.9256 -1.2402 2.4409, 1.9256 -0.8465 2.4409, 1.9256 -1.437 2.2441, 1.9256 -1.437 0.0, 1.9256 -1.1024 0.0, 1.9256 -1.2911 2.4342, 1.9256 -1.3386 2.4146, 1.9256 -1.3794 2.3833, 1.9256 -1.4106 2.3425, 1.9256 -1.4303 2.295
            ]
        }
        coordIndex [
            0,1,2,-1,2,1,3,-1,2,3,4,-1,4,3,5,-1,6,7,8,-1,8,7,9,-1,8,9,3,-1,10,11,12,-1,12,11,13,-1,3,9,5,-1,5,9,11,-1,5,11,14,-1,14,11,10,-1,14,10,15,-1,15,16,14,-1,14,16,17,-1,14,17,18,-1,18,17,19,-1,20,21,13,-1,13,21,22,-1,13,22,12,-1,23,24,25,-1,25,24,26,-1,27,28,26,-1,26,28,29,-1,26,29,30,-1,30,31,26,-1,26,31,32,-1,26,32,25,-1,33,9,7,-1,34,25,32,-1,35,36,37,-1,37,36,38,-1,32,39,34,-1,34,39,37,-1,34,37,33,-1,33,37,38,-1,33,38,40,-1,41,42,43,-1,43,37,39,-1,43,39,41,-1,41,39,44,-1,41,44,45,-1,45,46,41,-1,41,46,47,-1,41,47,48,-1,
        ]
    }
}
Shape{
    appearance Appearance {
        material  Material 	{
            diffuseColor 0.8509803921568627 0.8509803921568627 0.8509803921568627
            specularColor 0.4235294117647059 0.4235294117647059 0.4235294117647059
            ambientIntensity 0.851
            transparency 0.0
            shininess 0.5
        }
    }
    geometry IndexedFaceSet {
        ccw TRUE
        solid FALSE
        coord DEF co Coordinate {
            point [
                0.5674 0.6739 1.0855, 0.5674 0.6739 1.0147, 1.3154 0.6739 1.0855, 1.3154 0.6739 1.0147, 0.5482 0.6739 1.03, 0.5496 0.6739 1.0258, 0.552 0.6739 1.0221, 0.5623 0.6739 1.0849, 0.5575 0.6739 1.0829, 0.5534 0.6739 1.0798, 0.5503 0.6739 1.0757, 0.5477 0.6739 1.0343, 0.5551 0.6739 1.019, 0.5588 0.6739 1.0166, 1.3205 0.6739 1.0153, 1.3252 0.6739 1.0173, 1.3293 0.6739 1.0204, 1.3324 0.6739 1.0245, 0.563 0.6739 1.0152, 0.5477 0.6739 1.0658, 0.5483 0.6739 1.0709, 1.3344 0.6739 1.0709, 1.3324 0.6739 1.0757, 1.3293 0.6739 1.0798, 1.3205 0.6739 1.0849, 1.3252 0.6739 1.0829, 1.3344 0.6739 1.0293, 1.3351 0.6739 1.0343, 1.3351 0.6739 1.0658, 1.3154 0.792 1.0855, 0.5674 0.792 1.0855, 1.3154 0.792 1.0147, 0.5674 0.792 1.0147, 0.5674 0.8175 1.0881, 1.3154 0.8175 1.0881, 0.5674 0.8419 1.0958, 1.3154 0.8419 1.0958, 0.5674 0.8643 1.1083, 1.3154 0.8643 1.1083, 0.5674 0.9049 1.0503, 1.3154 0.9049 1.0503, 1.3154 0.87 1.0308, 0.5674 0.87 1.0308, 1.3154 0.8318 1.0187, 0.5674 0.8318 1.0187, 1.3154 1.5093 1.5599, 0.5674 1.5093 1.5599, 1.3154 1.5499 1.5019, 0.5674 1.5499 1.5019, 0.5674 1.5266 1.5745, 1.3154 1.5266 1.5745, 0.5674 1.541 1.592, 1.3154 1.541 1.592, 0.5674 1.5995 1.552, 1.3154 1.5995 1.552, 1.3154 1.5769 1.5247, 0.5674 1.5769 1.5247, 1.3162 1.5584 1.6968, 0.5666 1.5584 1.6968, 0.5672 1.5603 1.689, 0.5674 1.5535 1.6163, 1.3154 1.5535 1.6163, 0.5674 1.5552 1.6197, 1.3154 1.5552 1.6197, 0.5674 1.5606 1.6426, 1.3154 1.5606 1.6426, 0.5674 1.5623 1.65, 1.3154 1.5623 1.65, 0.5674 1.5619 1.6698, 1.3154 1.5619 1.6698, 0.5674 1.5617 1.6811, 1.3154 1.5617 1.6811, 1.3156 1.5603 1.689, 0.5669 1.6302 1.7011, 0.5657 1.6267 1.7158, 1.317 1.6267 1.7158, 1.3158 1.6302 1.7011, 1.3154 1.6325 1.6863, 0.5674 1.6325 1.6863, 0.5674 1.6325 1.6736, 1.3154 1.6325 1.6736, 0.5674 1.6324 1.6393, 1.3154 1.6324 1.6393, 0.5674 1.6304 1.6311, 1.3154 1.6304 1.6311, 0.5674 1.6212 1.5936, 1.3154 1.6212 1.5936, 0.5674 1.6192 1.5899, 1.3154 1.6192 1.5899, 1.65 1.4009 2.2659, 1.65 1.4021 2.2633, 1.65 1.4052 2.2573, 1.65 1.4499 2.2796, 1.65 1.4008 2.266, 1.65 1.4603 2.2421, 1.65 1.4589 2.2418, 1.65 1.4575 2.2418, 1.65 1.4147 2.2459, 1.65 1.4173 2.2441, 1.65 1.4198 2.2428, 1.65 1.4098 2.2508, 1.65 1.4223 2.242, 1.65 1.4248 2.2418, 0.5581 1.5461 1.7412, 1.3289 1.5426 1.7538, 0.5342 1.5315 1.7939, 1.6453 1.4006 2.2659, 1.3666 1.4006 2.2659, 1.3486 1.5315 1.7939, 1.0831 1.4006 2.2659, 0.7996 1.4006 2.2659, 0.5162 1.4006 2.2659, 0.2375 1.4006 2.2659, 1.3246 1.6167 1.7517, 0.5508 1.611 1.7722, 1.3486 1.6021 1.8044, 0.2524 1.4778 2.2527, 0.2524 1.4689 2.2848, 0.5342 1.6021 1.8044, 1.6304 1.4689 2.2848, 1.6304 1.4778 2.2527
            ]
        }
        coordIndex [
            0,1,2,-1,2,1,3,-1,4,5,6,-1,7,8,0,-1,0,8,9,-1,0,9,10,-1,4,6,11,-1,11,6,12,-1,11,12,13,-1,14,15,3,-1,3,15,16,-1,3,16,17,-1,13,18,11,-1,11,18,1,-1,11,1,19,-1,19,1,0,-1,19,0,20,-1,20,0,10,-1,21,22,2,-1,2,22,23,-1,2,23,24,-1,24,23,25,-1,17,26,3,-1,3,26,27,-1,3,27,2,-1,2,27,28,-1,2,28,21,-1,29,30,2,-1,2,30,0,-1,3,1,31,-1,31,1,32,-1,30,29,33,-1,33,29,34,-1,33,34,35,-1,35,34,36,-1,35,36,37,-1,37,36,38,-1,39,40,41,-1,39,41,42,-1,42,41,43,-1,42,43,44,-1,44,43,31,-1,44,31,32,-1,45,46,38,-1,38,46,37,-1,40,39,47,-1,47,39,48,-1,46,45,49,-1,49,45,50,-1,49,50,51,-1,51,50,52,-1,53,54,55,-1,53,55,56,-1,56,55,47,-1,56,47,48,-1,57,58,59,-1,51,52,60,-1,60,52,61,-1,60,61,62,-1,62,61,63,-1,62,63,64,-1,64,63,65,-1,64,65,66,-1,66,65,67,-1,66,67,68,-1,68,67,69,-1,68,69,70,-1,70,69,71,-1,70,71,59,-1,59,71,72,-1,59,72,57,-1,73,74,75,-1,75,76,73,-1,73,76,77,-1,73,77,78,-1,78,77,79,-1,79,77,80,-1,79,80,81,-1,81,80,82,-1,81,82,83,-1,83,82,84,-1,83,84,85,-1,85,84,86,-1,85,86,87,-1,86,88,87,-1,87,88,54,-1,87,54,53,-1,89,90,91,-1,92,93,89,-1,94,92,95,-1,95,92,96,-1,97,98,92,-1,92,98,99,-1,89,91,92,-1,92,91,100,-1,92,100,97,-1,99,101,92,-1,92,101,102,-1,92,102,96,-1,58,57,103,-1,103,57,104,-1,103,104,105,-1,106,107,108,-1,108,107,109,-1,109,110,108,-1,108,110,111,-1,108,111,104,-1,104,111,112,-1,104,112,105,-1,75,74,113,-1,113,74,114,-1,113,114,115,-1,116,117,118,-1,118,117,119,-1,118,119,114,-1,114,119,120,-1,114,120,115,-1,
        ]
    }
}
Shape{
    appearance Appearance {
        material  Material 	{
            diffuseColor 0.28627450980392155 0.6627450980392157 0.32941176470588235
            specularColor 0.08627450980392157 0.2 0.09803921568627451
            ambientIntensity 0.5122
            transparency 0.0
            shininess 0.5
        }
    }
    geometry IndexedFaceSet {
        ccw TRUE
        solid FALSE
        coord DEF co Coordinate {
            point [
                1.6389 -0.0787 2.3406, 1.6347 -0.0787 2.342, 1.7288 -0.0787 2.3622, 1.6304 -0.0787 2.3425, 0.154 -0.0787 2.3622, 0.2524 -0.0787 2.3425, 0.248 -0.0787 2.342, 0.2439 -0.0787 2.3406, 0.2401 -0.0787 2.3382, 0.237 -0.0787 2.3351, 0.2347 -0.0787 2.3314, 0.2332 -0.0787 2.3272, 0.2327 -0.0787 2.3228, 0.154 -0.0787 0.2362, 0.2327 -0.0787 0.315, 0.9414 -0.0787 0.2362, 1.65 -0.0787 0.315, 1.7288 -0.0787 0.2362, 1.6495 -0.0787 2.3272, 1.6481 -0.0787 2.3314, 1.65 -0.0787 2.3228, 1.6457 -0.0787 2.3351, 1.6426 -0.0787 2.3382
            ]
        }
        coordIndex [
            0,1,2,-1,2,1,3,-1,2,3,4,-1,3,5,4,-1,4,5,6,-1,4,6,7,-1,7,8,4,-1,4,8,9,-1,4,9,10,-1,10,11,4,-1,4,11,12,-1,4,12,13,-1,13,12,14,-1,13,14,15,-1,15,14,16,-1,15,16,17,-1,2,18,19,-1,17,16,2,-1,2,16,20,-1,2,20,18,-1,19,21,2,-1,2,21,22,-1,2,22,0,-1,
        ]
    }
}
Shape{
    appearance Appearance {
        material  Material 	{
            diffuseColor 0.8509803921568627 0.8509803921568627 0.8509803921568627
            specularColor 0.4235294117647059 0.4235294117647059 0.4235294117647059
            ambientIntensity 0.851
            transparency 0.0
            shininess 0.5
        }
    }
    geometry IndexedFaceSet {
        ccw TRUE
        solid FALSE
        coord DEF co Coordinate {
            point [
                0.3379 0.4603 3.8189, 0.3267 0.4176 3.8189, 1.5449 0.4603 3.8189, 1.556 0.4176 3.8189, 0.4894 0.7186 3.8189, 0.4253 0.641 3.8189, 0.3743 0.5541 3.8189, 0.5651 0.785 3.8189, 1.5084 0.5541 3.8189, 1.4575 0.641 3.8189, 1.3933 0.7186 3.8189, 1.3176 0.785 3.8189, 1.2323 0.8385 3.8189, 1.1396 0.8777 3.8189, 1.0418 0.9017 3.8189, 0.9414 0.9097 3.8189, 0.841 0.9017 3.8189, 0.7432 0.8777 3.8189, 0.6504 0.8385 3.8189
            ]
        }
        coordIndex [
            0,1,2,-1,2,1,3,-1,4,5,2,-1,2,5,6,-1,2,6,0,-1,4,2,7,-1,7,2,8,-1,7,8,9,-1,9,10,7,-1,7,10,11,-1,7,11,12,-1,12,13,7,-1,7,13,14,-1,7,14,15,-1,15,16,7,-1,7,16,17,-1,7,17,18,-1,
        ]
    }
}
Shape{
    appearance Appearance {
        material  Material 	{
            diffuseColor 0.28627450980392155 0.6627450980392157 0.32941176470588235
            specularColor 0.08627450980392157 0.2 0.09803921568627451
            ambientIntensity 0.5122
            transparency 0.0
            shininess 0.5
        }
    }
    geometry IndexedFaceSet {
        ccw TRUE
        solid FALSE
        coord DEF co Coordinate {
            point [
                0.0387 1.6339 0.0, -0.8106 1.6339 0.0, -0.8106 1.6339 0.2362, 0.154 1.6339 2.3622, 0.154 1.6339 0.2362, -0.2397 1.6339 2.3622, -0.2397 1.6339 0.2362, 0.7248 1.6339 0.2362, 0.7248 1.6339 0.0, 1.9256 -0.9055 0.0, 1.9256 -0.7135 0.0, 1.9256 -0.9055 2.4409, 1.9256 -0.8465 2.4409, 1.9256 1.1777 3.9586, 1.9256 -0.6203 3.9487, 1.9256 1.6339 2.3622, 1.9256 1.6339 0.0, 1.9256 1.1571 3.9932, 1.9256 1.1409 4.0055, 1.9256 1.1697 3.9773, 1.9256 1.1221 4.0131, 1.9256 1.102 4.0158, 1.9256 -0.5424 4.0158, 1.9256 -0.5609 4.0135, 1.9256 -0.5784 4.0071, 1.9256 -0.5938 3.9967, 1.9256 -0.6064 3.9829, 1.9256 -0.6154 3.9666, 1.7288 1.6339 2.3622, 1.7288 1.6339 0.2362, 1.1579 1.6339 0.2362, 1.1579 1.6339 0.0, -2.0114 -1.437 2.2441, -2.0114 -1.437 0.0, 1.9256 -1.437 2.2441, 0.0387 -1.437 0.0, 1.9256 -1.437 0.0, -2.0114 1.102 4.0158, 0.7413 1.0006 4.0158, 0.9009 1.0267 4.0158, 1.0624 1.018 4.0158, 1.2183 0.9747 4.0158, 1.6502 0.0409 4.0158, 1.5823 -0.1059 4.0158, 1.3612 0.8989 4.0158, 1.4844 0.7942 4.0158, 1.5823 0.6654 4.0158, 1.6502 0.5186 4.0158, 1.685 0.3607 4.0158, 1.685 0.1989 4.0158, 1.4844 -0.2346 4.0158, 1.3612 -0.3393 4.0158, 1.2183 -0.4151 4.0158, -0.3841 0.6621 4.0158, -0.3333 0.5594 4.0158, 0.1933 0.2798 4.0158, -0.2988 0.4502 4.0158, 0.2108 0.119 4.0158, -0.2813 0.3371 4.0158, 0.2625 -0.0343 4.0158, 1.0624 -0.4584 4.0158, 0.9009 -0.4671 4.0158, -2.0114 -0.5424 4.0158, 0.7413 -0.441 4.0158, 0.591 -0.3811 4.0158, -1.6975 -0.0521 4.0158, -1.7403 0.0541 4.0158, 0.591 0.9407 4.0158, -0.9413 1.0229 4.0158, 0.4571 0.8499 4.0158, -0.8289 1.0011 4.0158, 0.3459 0.7325 4.0158, -0.7211 0.9624 4.0158, 0.2625 0.5939 4.0158, -0.6205 0.9077 4.0158, 0.2108 0.4406 4.0158, -0.5294 0.8382 4.0158, -0.45 0.7557 4.0158, -0.2813 0.2225 4.0158, 0.4571 -0.2903 4.0158, 0.3459 -0.1729 4.0158, -1.7664 0.1656 4.0158, -1.7752 0.2798 4.0158, -1.7664 0.394 4.0158, -1.7403 0.5055 4.0158, -0.2988 0.1094 4.0158, -0.3333 0.0002 4.0158, -0.3841 -0.1025 4.0158, -0.45 -0.1961 4.0158, -0.5294 -0.2787 4.0158, -0.6205 -0.3481 4.0158, -0.7211 -0.4028 4.0158, -1.1695 -0.4546 4.0158, -1.28 -0.4242 4.0158, -1.3845 -0.3774 4.0158, -1.4806 -0.3151 4.0158, -1.5661 -0.2389 4.0158, -1.639 -0.1506 4.0158, -1.6975 0.6117 4.0158, -1.639 0.7101 4.0158, -1.5661 0.7985 4.0158, -1.4806 0.8747 4.0158, -1.3845 0.9369 4.0158, -1.28 0.9838 4.0158, -1.1695 1.0141 4.0158, -1.0558 1.0273 4.0158, -0.8289 -0.4415 4.0158, -0.9413 -0.4633 4.0158, -1.0558 -0.4677 4.0158, -1.8145 1.6339 2.3622, -2.0114 1.6339 2.3622, -2.0114 1.1777 3.9586, -1.8539 -0.8465 2.4409, -2.0114 -0.6203 3.9487, -2.0114 -0.8465 2.4409, 1.9256 -1.4303 2.295, -2.0114 -1.4303 2.295, 1.9256 -1.4106 2.3425, -2.0114 -1.4106 2.3425, 1.9256 -1.3794 2.3833, -2.0114 -1.3794 2.3833, 1.9256 -1.3386 2.4146, -2.0114 -1.3386 2.4146, 1.9256 -1.2911 2.4342, -2.0114 -1.2911 2.4342, 1.9256 -1.2402 2.4409, -2.0114 -1.2402 2.4409, -2.0114 -0.6154 3.9666, -2.0114 -0.6064 3.9829, -2.0114 -0.5938 3.9967, -2.0114 -0.5784 4.0071, -2.0114 -0.5609 4.0135, -2.0114 1.1221 4.0131, -2.0114 1.1409 4.0055, -2.0114 1.1571 3.9932, -2.0114 1.1697 3.9773, 0.154 -0.0787 2.3622, 0.154 -0.0787 0.2362, 0.9414 -0.0787 0.2362, 0.8853 -0.0714 0.2362, 0.8331 -0.0497 0.2362, 0.7883 -0.0153 0.2362, 0.7538 0.0295 0.2362, 0.7248 0.1378 0.2362, 0.7322 0.0817 0.2362, 0.7248 0.1378 0.0, 1.1579 0.1378 0.2362, 1.1579 0.1378 0.0, 1.1505 0.0817 0.2362, 1.1289 0.0295 0.2362, 1.7288 -0.0787 0.2362, 1.0945 -0.0153 0.2362, 1.0496 -0.0497 0.2362, 0.9974 -0.0714 0.2362, 1.7288 -0.0787 2.3622, 0.9414 -0.0787 0.0, 0.8853 -0.0714 0.0, 0.8331 -0.0497 0.0, 0.7883 -0.0153 0.0, 0.7538 0.0295 0.0, 0.7322 0.0817 0.0, 0.9974 -0.0714 0.0, 1.0496 -0.0497 0.0, 1.0945 -0.0153 0.0, 1.1289 0.0295 0.0, 1.1505 0.0817 0.0, 1.65 0.2798 2.8346, 1.648 0.334 3.9764, 1.6323 0.4375 2.8346, 1.632 0.4374 3.9764, 1.5799 0.5873 2.8346, 1.6314 0.4413 3.9764, 1.5987 0.5447 3.9764, 1.4948 0.7212 3.9764, 1.4954 0.7216 2.8346, 1.5505 0.6419 3.9764, 1.578 0.5864 3.9764, 1.4881 0.7307 3.9764, 1.4129 0.8088 3.9764, 1.3832 0.8338 2.8346, 1.2483 0.9172 3.9764, 1.2489 0.9183 2.8346, 1.3266 0.8746 3.9764, 1.3821 0.8323 3.9764, 1.2313 0.9264 3.9764, 1.1292 0.9631 3.9764, 1.0991 0.9707 2.8346, 0.9413 0.9869 3.9764, 0.9414 0.9885 2.8346, 1.0226 0.9838 3.9764, 1.0987 0.969 3.9764, 0.9142 0.9879 3.9764, 0.8065 0.9755 3.9764, 0.7837 0.9707 2.8346, 0.6346 0.9166 3.9764, 0.6339 0.9183 2.8346, 0.7018 0.9467 3.9764, 0.7841 0.9693 3.9764, 0.6028 0.9024 3.9764, 0.5118 0.8434 3.9764, 0.4995 0.8338 2.8346, 0.3889 0.7204 3.9764, 0.3873 0.7216 2.8346, 0.4308 0.7712 3.9764, 0.5002 0.8331 3.9764, 0.3617 0.6875 3.9764, 0.3063 0.5942 3.9764, 0.3029 0.5873 2.8346, 0.3034 0.5871 3.9764, 0.2657 0.4936 3.9764, 0.2505 0.4375 2.8346, 0.2525 0.437 3.9764, 0.241 0.388 3.9764, 0.2327 0.2798 2.8346, 0.2327 0.2798 3.9764, 0.241 0.1716 3.9764, 0.2505 0.1221 2.8346, 0.3034 -0.0275 3.9764, 0.3029 -0.0277 2.8346, 0.2657 0.066 3.9764, 0.2525 0.1226 3.9764, 0.3063 -0.0347 3.9764, 0.3617 -0.1279 3.9764, 0.3873 -0.162 2.8346, 0.5002 -0.2735 3.9764, 0.4995 -0.2743 2.8346, 0.4308 -0.2116 3.9764, 0.3889 -0.1608 3.9764, 0.5118 -0.2838 3.9764, 0.6028 -0.3428 3.9764, 0.6339 -0.3587 2.8346, 0.7841 -0.4098 3.9764, 0.7837 -0.4111 2.8346, 0.7018 -0.3872 3.9764, 0.6346 -0.357 3.9764, 0.8065 -0.4159 3.9764, 0.9142 -0.4283 3.9764, 0.9414 -0.4289 2.8346, 1.0987 -0.4094 3.9764, 1.0991 -0.4111 2.8346, 1.0226 -0.4242 3.9764, 0.9413 -0.4273 3.9764, 1.1292 -0.4035 3.9764, 1.2313 -0.3669 3.9764, 1.2489 -0.3587 2.8346, 1.3821 -0.2727 3.9764, 1.3832 -0.2743 2.8346, 1.3266 -0.315 3.9764, 1.2483 -0.3576 3.9764, 1.4129 -0.2493 3.9764, 1.4881 -0.1711 3.9764, 1.4954 -0.162 2.8346, 1.578 -0.0268 3.9764, 1.5799 -0.0277 2.8346, 1.5505 -0.0823 3.9764, 1.4948 -0.1616 3.9764, 1.5987 0.0149 3.9764, 1.6314 0.1183 3.9764, 1.6323 0.1221 2.8346, 1.632 0.1221 3.9764, 1.648 0.2255 3.9764, 1.648 0.2798 3.9764, 1.6061 0.3575 2.8346, 1.5703 0.5087 2.8346, 1.5006 0.6476 2.8346, 1.4007 0.7666 2.8346, 1.276 0.8594 2.8346, 1.1333 0.921 2.8346, 0.9803 0.948 2.8346, 0.8252 0.9389 2.8346, 0.6763 0.8943 2.8346, 0.5417 0.8166 2.8346, 0.4287 0.71 2.8346, 0.3433 0.5802 2.8346, 0.2901 0.4341 2.8346, 0.2721 0.2798 2.8346, 0.2901 0.1254 2.8346, 0.3433 -0.0206 2.8346, 0.4287 -0.1504 2.8346, 0.5417 -0.2571 2.8346, 0.6763 -0.3348 2.8346, 0.8252 -0.3793 2.8346, 0.9803 -0.3884 2.8346, 1.1333 -0.3614 2.8346, 1.276 -0.2998 2.8346, 1.4007 -0.207 2.8346, 1.5006 -0.088 2.8346, 1.5703 0.0509 2.8346, 1.6061 0.2021 2.8346, 1.6107 0.2798 2.8346
            ]
        }
        coordIndex [
            0,1,2,-1,3,4,5,-1,5,4,6,-1,7,8,4,-1,4,8,0,-1,4,0,6,-1,6,0,2,-1,9,10,11,-1,11,10,12,-1,13,14,15,-1,15,14,12,-1,15,12,16,-1,16,12,10,-1,17,18,19,-1,19,18,13,-1,18,20,13,-1,13,20,21,-1,13,21,14,-1,14,21,22,-1,14,22,23,-1,23,24,25,-1,25,26,23,-1,23,26,27,-1,23,27,14,-1,28,15,29,-1,29,15,16,-1,29,16,30,-1,30,16,31,-1,32,33,34,-1,34,33,35,-1,34,35,36,-1,37,38,39,-1,37,39,21,-1,21,39,40,-1,21,40,41,-1,22,42,43,-1,41,44,21,-1,21,44,45,-1,21,45,46,-1,46,47,21,-1,21,47,48,-1,21,48,22,-1,22,48,49,-1,22,49,42,-1,43,50,22,-1,22,50,51,-1,22,51,52,-1,53,54,55,-1,55,54,56,-1,55,56,57,-1,57,56,58,-1,57,58,59,-1,52,60,22,-1,22,60,61,-1,22,61,62,-1,62,61,63,-1,62,63,64,-1,65,66,62,-1,38,37,67,-1,67,37,68,-1,67,68,69,-1,69,68,70,-1,69,70,71,-1,71,70,72,-1,71,72,73,-1,73,72,74,-1,73,74,75,-1,75,74,76,-1,75,76,55,-1,55,76,77,-1,55,77,53,-1,78,79,58,-1,58,79,80,-1,58,80,59,-1,66,81,62,-1,62,81,82,-1,62,82,37,-1,37,82,83,-1,37,83,84,-1,78,85,79,-1,79,85,86,-1,79,86,64,-1,64,86,87,-1,64,87,88,-1,88,89,64,-1,64,89,90,-1,64,90,91,-1,92,93,62,-1,62,93,94,-1,62,94,95,-1,95,96,62,-1,62,96,97,-1,62,97,65,-1,84,98,37,-1,37,98,99,-1,37,99,100,-1,100,101,37,-1,37,101,102,-1,37,102,103,-1,103,104,37,-1,37,104,105,-1,37,105,68,-1,91,106,64,-1,64,106,107,-1,64,107,62,-1,62,107,108,-1,62,108,92,-1,109,110,111,-1,15,28,13,-1,13,28,3,-1,13,3,111,-1,111,3,5,-1,111,5,109,-1,12,14,112,-1,112,14,113,-1,112,113,114,-1,32,34,115,-1,32,115,116,-1,116,115,117,-1,116,117,118,-1,118,117,119,-1,118,119,120,-1,120,119,121,-1,120,121,122,-1,122,121,123,-1,122,123,124,-1,124,123,125,-1,124,125,126,-1,113,14,27,-1,113,27,127,-1,127,27,26,-1,127,26,128,-1,128,26,25,-1,128,25,129,-1,129,25,24,-1,129,24,130,-1,130,24,23,-1,130,23,131,-1,131,23,22,-1,131,22,62,-1,37,21,20,-1,37,20,132,-1,132,20,18,-1,132,18,133,-1,133,18,17,-1,133,17,134,-1,134,17,19,-1,134,19,135,-1,135,19,13,-1,135,13,111,-1,136,137,3,-1,3,137,4,-1,137,138,139,-1,139,140,137,-1,137,140,141,-1,137,141,142,-1,7,4,143,-1,143,4,137,-1,143,137,144,-1,144,137,142,-1,145,8,143,-1,143,8,7,-1,146,30,147,-1,147,30,31,-1,148,149,150,-1,150,149,151,-1,151,152,150,-1,150,152,153,-1,150,153,138,-1,29,30,150,-1,150,30,146,-1,150,146,148,-1,150,154,29,-1,29,154,28,-1,154,136,28,-1,28,136,3,-1,138,155,139,-1,139,155,156,-1,139,156,140,-1,140,156,157,-1,140,157,141,-1,141,157,158,-1,141,158,142,-1,142,158,159,-1,142,159,144,-1,144,159,160,-1,144,160,143,-1,143,160,145,-1,155,138,161,-1,161,138,153,-1,161,153,162,-1,162,153,152,-1,162,152,163,-1,163,152,151,-1,163,151,164,-1,164,151,149,-1,164,149,165,-1,165,149,148,-1,165,148,147,-1,147,148,146,-1,166,167,168,-1,168,167,169,-1,168,169,170,-1,170,169,171,-1,170,171,172,-1,173,174,175,-1,175,174,170,-1,175,170,176,-1,176,170,172,-1,173,177,174,-1,174,177,178,-1,174,178,179,-1,180,181,182,-1,182,181,179,-1,182,179,183,-1,183,179,178,-1,180,184,181,-1,181,184,185,-1,181,185,186,-1,187,188,189,-1,189,188,186,-1,189,186,190,-1,190,186,185,-1,187,191,188,-1,188,191,192,-1,188,192,193,-1,194,195,196,-1,196,195,193,-1,196,193,197,-1,197,193,192,-1,194,198,195,-1,195,198,199,-1,195,199,200,-1,201,202,203,-1,203,202,200,-1,203,200,204,-1,204,200,199,-1,201,205,202,-1,202,205,206,-1,202,206,207,-1,206,208,207,-1,207,208,209,-1,207,209,210,-1,209,211,210,-1,210,211,212,-1,210,212,213,-1,212,214,213,-1,213,214,215,-1,213,215,216,-1,217,218,219,-1,219,218,216,-1,219,216,220,-1,220,216,215,-1,217,221,218,-1,218,221,222,-1,218,222,223,-1,224,225,226,-1,226,225,223,-1,226,223,227,-1,227,223,222,-1,224,228,225,-1,225,228,229,-1,225,229,230,-1,231,232,233,-1,233,232,230,-1,233,230,234,-1,234,230,229,-1,231,235,232,-1,232,235,236,-1,232,236,237,-1,238,239,240,-1,240,239,237,-1,240,237,241,-1,241,237,236,-1,238,242,239,-1,239,242,243,-1,239,243,244,-1,245,246,247,-1,247,246,244,-1,247,244,248,-1,248,244,243,-1,245,249,246,-1,246,249,250,-1,246,250,251,-1,252,253,254,-1,254,253,251,-1,254,251,255,-1,255,251,250,-1,252,256,253,-1,253,256,257,-1,253,257,258,-1,257,259,258,-1,258,259,260,-1,258,260,166,-1,166,260,261,-1,166,261,167,-1,262,168,263,-1,263,168,170,-1,263,170,264,-1,264,170,174,-1,264,174,265,-1,265,174,179,-1,265,179,266,-1,266,179,181,-1,266,181,267,-1,267,181,186,-1,267,186,268,-1,268,186,188,-1,268,188,269,-1,269,188,193,-1,269,193,270,-1,270,193,195,-1,270,195,271,-1,271,195,200,-1,271,200,272,-1,272,200,202,-1,272,202,273,-1,273,202,207,-1,273,207,274,-1,274,207,210,-1,274,210,275,-1,275,210,213,-1,275,213,276,-1,276,213,216,-1,276,216,277,-1,277,216,218,-1,277,218,278,-1,278,218,223,-1,278,223,279,-1,279,223,225,-1,279,225,280,-1,280,225,230,-1,280,230,281,-1,281,230,232,-1,281,232,282,-1,282,232,237,-1,282,237,283,-1,283,237,239,-1,283,239,284,-1,284,239,244,-1,284,244,285,-1,285,244,246,-1,285,246,286,-1,286,246,251,-1,286,251,287,-1,287,251,253,-1,287,253,288,-1,288,253,258,-1,288,258,289,-1,289,258,166,-1,289,166,262,-1,262,166,168,-1,
        ]
    }
}
Shape{
    appearance Appearance {
        material  Material 	{
            diffuseColor 0.8509803921568627 0.8509803921568627 0.8509803921568627
            specularColor 0.4235294117647059 0.4235294117647059 0.4235294117647059
            ambientIntensity 0.851
            transparency 0.0
            shininess 0.5
        }
    }
    geometry IndexedFaceSet {
        ccw TRUE
        solid FALSE
        coord DEF co Coordinate {
            point [
                0.2794 0.3782 3.7795, 0.2917 0.4338 3.7795, 0.2794 0.3782 3.622, 0.2901 0.4341 2.8346, 0.2721 0.2798 3.622, 0.2721 0.2798 2.8346, 0.2794 0.1814 3.622, 0.2901 0.1254 2.8346, 1.6034 0.1814 3.7795, 1.5826 0.0881 3.7795, 1.6034 0.1814 3.622, 1.5703 0.0509 2.8346, 1.6061 0.2021 3.622, 1.5826 0.4715 3.7795, 1.6034 0.3782 3.7795, 1.6034 0.3782 3.622, 1.6061 0.2021 2.8346, 1.6107 0.2798 2.8346, 1.6061 0.3575 3.622, 1.6061 0.3575 2.8346, 1.5703 0.5087 2.8346, 0.2794 0.1814 3.7795, 0.2917 0.1258 3.7795, 0.3001 0.0881 3.7795, 0.3433 -0.0206 2.8346, 0.3389 -0.0117 3.7795, 0.4287 -0.1504 2.8346, 0.393 -0.104 3.7795, 0.3439 -0.0202 3.7795, 0.5416 -0.257 3.7795, 0.4612 -0.1864 3.7795, 0.4303 -0.1491 3.7795, 0.5417 -0.2571 3.7795, 0.5417 -0.2571 2.8346, 0.6323 -0.3138 3.7795, 0.6763 -0.3348 2.8346, 0.6771 -0.3328 3.7795, 0.7308 -0.3555 3.7795, 0.8252 -0.3793 2.8346, 0.8253 -0.3786 3.7795, 0.8347 -0.3809 3.7795, 0.9803 -0.3884 2.8346, 0.9414 -0.3895 3.7795, 1.1333 -0.3614 2.8346, 1.048 -0.3809 3.7795, 0.9801 -0.3864 3.7795, 1.2751 -0.2984 3.7795, 1.2505 -0.3138 3.7795, 1.276 -0.2998 2.8346, 1.152 -0.3555 3.7795, 1.133 -0.3601 3.7795, 1.3411 -0.257 3.7795, 1.4007 -0.207 2.8346, 1.3995 -0.2058 3.7795, 1.4216 -0.1864 3.7795, 1.5006 -0.088 2.8346, 1.4897 -0.104 3.7795, 1.5685 0.0516 3.7795, 1.5439 -0.0117 3.7795, 1.4995 -0.0873 3.7795, 1.5006 0.6476 2.8346, 1.5439 0.5713 3.7795, 1.5685 0.508 3.7795, 1.3995 0.7653 3.7795, 1.4216 0.746 3.7795, 1.4007 0.7666 2.8346, 1.4897 0.6635 3.7795, 1.4995 0.6469 3.7795, 1.3411 0.8166 3.7795, 1.276 0.8594 2.8346, 1.2751 0.858 3.7795, 1.2505 0.8734 3.7795, 1.1333 0.921 2.8346, 1.152 0.9151 3.7795, 0.9803 0.948 2.8346, 1.048 0.9405 3.7795, 1.133 0.9197 3.7795, 0.8253 0.9382 3.7795, 0.8347 0.9405 3.7795, 0.8252 0.9389 2.8346, 0.9414 0.9491 3.7795, 0.9801 0.946 3.7795, 0.7308 0.9151 3.7795, 0.6763 0.8943 2.8346, 0.6771 0.8924 3.7795, 0.6323 0.8734 3.7795, 0.5417 0.8166 2.8346, 0.5417 0.8166 3.7795, 0.5416 0.8166 3.7795, 0.4287 0.71 2.8346, 0.4612 0.746 3.7795, 0.3433 0.5802 2.8346, 0.393 0.6635 3.7795, 0.4303 0.7087 3.7795, 0.3001 0.4715 3.7795, 0.3389 0.5713 3.7795, 0.3439 0.5798 3.7795, 0.3743 0.0055 3.8189, 1.5449 0.0993 3.8189, 0.3379 0.0993 3.8189, 1.556 0.142 3.8189, 0.3267 0.142 3.8189, 0.4253 -0.0814 3.8189, 0.4894 -0.159 3.8189, 0.5651 -0.2254 3.8189, 0.6504 -0.2789 3.8189, 0.7432 -0.3181 3.8189, 0.841 -0.3421 3.8189, 0.9414 -0.3501 3.8189, 1.0418 -0.3421 3.8189, 1.5084 0.0055 3.8189, 1.1396 -0.3181 3.8189, 1.2323 -0.2789 3.8189, 1.3176 -0.2254 3.8189, 1.3933 -0.159 3.8189, 1.4575 -0.0814 3.8189
            ]
        }
        coordIndex [
            0,1,2,-1,2,1,3,-1,2,3,4,-1,4,3,5,-1,4,5,6,-1,6,5,7,-1,8,9,10,-1,10,9,11,-1,10,11,12,-1,13,14,15,-1,11,16,12,-1,12,16,17,-1,12,17,18,-1,18,17,19,-1,18,19,15,-1,15,19,20,-1,15,20,13,-1,21,6,22,-1,22,6,7,-1,22,7,23,-1,23,7,24,-1,23,24,25,-1,26,27,24,-1,24,27,28,-1,24,28,25,-1,29,30,26,-1,26,30,31,-1,26,31,27,-1,29,26,32,-1,32,26,33,-1,32,33,34,-1,34,33,35,-1,34,35,36,-1,36,35,37,-1,37,35,38,-1,37,38,39,-1,39,38,40,-1,40,38,41,-1,40,41,42,-1,43,44,41,-1,41,44,45,-1,41,45,42,-1,46,47,48,-1,48,47,49,-1,48,49,43,-1,43,49,50,-1,43,50,44,-1,46,48,51,-1,51,48,52,-1,51,52,53,-1,53,52,54,-1,54,52,55,-1,54,55,56,-1,9,57,11,-1,11,57,58,-1,11,58,55,-1,55,58,59,-1,55,59,56,-1,60,61,20,-1,20,61,62,-1,20,62,13,-1,63,64,65,-1,65,64,66,-1,65,66,60,-1,60,66,67,-1,60,67,61,-1,63,65,68,-1,68,65,69,-1,68,69,70,-1,70,69,71,-1,71,69,72,-1,71,72,73,-1,74,75,72,-1,72,75,76,-1,72,76,73,-1,77,78,79,-1,79,78,80,-1,79,80,74,-1,74,80,81,-1,74,81,75,-1,77,79,82,-1,82,79,83,-1,82,83,84,-1,84,83,85,-1,85,83,86,-1,85,86,87,-1,87,86,88,-1,88,86,89,-1,88,89,90,-1,91,92,89,-1,89,92,93,-1,89,93,90,-1,1,94,3,-1,3,94,95,-1,3,95,91,-1,91,95,96,-1,91,96,92,-1,97,98,99,-1,99,98,100,-1,99,100,101,-1,97,102,98,-1,98,102,103,-1,98,103,104,-1,104,105,98,-1,98,105,106,-1,98,106,107,-1,107,108,98,-1,98,108,109,-1,98,109,110,-1,110,109,111,-1,110,111,112,-1,112,113,110,-1,110,113,114,-1,110,114,115,-1,4,6,10,-1,15,2,18,-1,18,2,4,-1,18,4,12,-1,12,4,10,-1,0,2,14,-1,14,2,15,-1,8,10,21,-1,21,10,6,-1,
        ]
    }
}
Shape{
    appearance Appearance {
        material  Material 	{
            diffuseColor 0.28627450980392155 0.6627450980392157 0.32941176470588235
            specularColor 0.08627450980392157 0.2 0.09803921568627451
            ambientIntensity 0.5122
            transparency 0.0
            shininess 0.5
        }
    }
    geometry IndexedFaceSet {
        ccw TRUE
        solid FALSE
        coord DEF co Coordinate {
            point [
                0.2525 0.437 3.9764, 0.2657 0.4936 3.9764, 0.2645 0.494 3.9866, 0.3889 0.7204 3.9764, 0.4308 0.7712 3.9764, 0.4298 0.7721 3.9866, 0.6346 0.9166 3.9764, 0.7018 0.9467 3.9764, 0.7014 0.948 3.9866, 0.9413 0.9869 3.9764, 1.0226 0.9838 3.9764, 1.0228 0.9851 3.9866, 1.2483 0.9172 3.9764, 1.3266 0.8746 3.9764, 1.3273 0.8757 3.9866, 1.3821 0.8323 3.9764, 1.4129 0.8088 3.9764, 1.4138 0.8098 3.9866, 1.4948 0.7212 3.9764, 1.5505 0.6419 3.9764, 1.5517 0.6426 3.9866, 1.578 0.5864 3.9764, 1.5987 0.5447 3.9764, 1.5999 0.5452 3.9866, 1.632 0.4374 3.9764, 1.648 0.334 3.9764, 1.6493 0.3341 3.9866, 1.648 0.2798 3.9764, 1.648 0.2255 3.9764, 1.6493 0.2254 3.9866, 1.632 0.1221 3.9764, 1.6314 0.1183 3.9764, 1.6327 0.118 3.9866, 1.578 -0.0268 3.9764, 1.5505 -0.0823 3.9764, 1.5517 -0.083 3.9866, 1.3821 -0.2727 3.9764, 1.3266 -0.315 3.9764, 1.3273 -0.3162 3.9866, 1.0987 -0.4094 3.9764, 1.0226 -0.4242 3.9764, 1.0228 -0.4255 3.9866, 0.7841 -0.4098 3.9764, 0.7018 -0.3872 3.9764, 0.7014 -0.3884 3.9866, 0.6346 -0.357 3.9764, 0.6028 -0.3428 3.9764, 0.6022 -0.344 3.9866, 0.5002 -0.2735 3.9764, 0.4308 -0.2116 3.9764, 0.4298 -0.2125 3.9866, 0.3889 -0.1608 3.9764, 0.3617 -0.1279 3.9764, 0.3606 -0.1287 3.9866, 0.3034 -0.0275 3.9764, 0.2657 0.066 3.9764, 0.2645 0.0656 3.9866, 0.2525 0.1226 3.9764, 0.241 0.1716 3.9764, 0.2397 0.1714 3.9866, 0.9127 -0.4677 4.0158, 1.0272 -0.4633 4.0158, 0.9131 -0.4575 4.0144, 1.026 -0.4532 4.0144, 0.9135 -0.448 4.0105, 1.0249 -0.4437 4.0105, 0.9138 -0.4399 4.0042, 1.024 -0.4356 4.0042, 0.914 -0.4336 3.9961, 1.0233 -0.4294 3.9961, 0.9142 -0.4297 3.9866, 1.2474 -0.4028 4.0158, 1.348 -0.3481 4.0158, 1.2432 -0.3935 4.0144, 1.3424 -0.3395 4.0144, 1.2393 -0.3848 4.0105, 1.3373 -0.3316 4.0105, 1.236 -0.3774 4.0042, 1.3328 -0.3247 4.0042, 1.2334 -0.3717 3.9961, 1.3294 -0.3195 3.9961, 1.2318 -0.3681 3.9866, 1.5185 -0.1961 4.0158, 1.5844 -0.1025 4.0158, 1.5106 -0.1897 4.0144, 1.5756 -0.0973 4.0144, 1.5033 -0.1836 4.0105, 1.5674 -0.0924 4.0105, 1.497 -0.1784 4.0042, 1.5604 -0.0882 4.0042, 1.4922 -0.1744 3.9961, 1.5551 -0.085 3.9961, 1.4891 -0.1719 3.9866, 1.1396 1.0011 4.0158, 1.0272 1.0229 4.0158, 1.1369 0.9913 4.0144, 1.026 1.0128 4.0144, 1.1344 0.9821 4.0105, 1.0249 1.0033 4.0105, 1.1322 0.9742 4.0042, 1.024 0.9952 4.0042, 1.1306 0.9682 3.9961, 1.0233 0.989 3.9961, 1.1295 0.9644 3.9866, 0.799 1.0141 4.0158, 0.6885 0.9838 4.0158, 0.8009 1.0041 4.0144, 0.692 0.9742 4.0144, 0.8027 0.9948 4.0105, 0.6952 0.9653 4.0105, 0.8043 0.9868 4.0042, 0.6979 0.9576 4.0042, 0.8054 0.9807 3.9961, 0.7001 0.9517 3.9961, 0.8062 0.9768 3.9866, 0.4879 0.8747 4.0158, 0.4024 0.7985 4.0158, 0.4941 0.8666 4.0144, 0.4097 0.7914 4.0144, 0.4998 0.859 4.0105, 0.4166 0.7849 4.0105, 0.5048 0.8526 4.0042, 0.4225 0.7792 4.0042, 0.5086 0.8476 3.9961, 0.427 0.7749 3.9961, 0.511 0.8445 3.9866, 0.271 0.6117 4.0158, 0.2282 0.5055 4.0158, 0.2801 0.6072 4.0144, 0.2379 0.5024 4.0144, 0.2887 0.603 4.0105, 0.247 0.4996 4.0105, 0.296 0.5994 4.0042, 0.2547 0.4971 4.0042, 0.3016 0.5966 3.9961, 0.2607 0.4952 3.9961, 0.3051 0.5948 3.9866, 0.1933 0.2798 4.0158, 0.2021 0.1656 4.0158, 0.2035 0.2798 4.0144, 0.2122 0.1672 4.0144, 0.213 0.2798 4.0105, 0.2216 0.1686 4.0105, 0.2212 0.2798 4.0042, 0.2296 0.1699 4.0042, 0.2274 0.2798 3.9961, 0.2358 0.1708 3.9961, 0.2314 0.2798 3.9866, 0.2327 0.2798 3.9764, 0.2282 0.0541 4.0158, 0.2379 0.0572 4.0144, 0.247 0.06 4.0105, 0.2547 0.0625 4.0042, 0.2607 0.0644 3.9961, 0.3063 -0.0347 3.9764, 0.3051 -0.0352 3.9866, 0.3016 -0.037 3.9961, 0.296 -0.0398 4.0042, 0.2887 -0.0434 4.0105, 0.2801 -0.0476 4.0144, 0.271 -0.0521 4.0158, 0.3295 -0.1506 4.0158, 0.3379 -0.1447 4.0144, 0.3456 -0.1392 4.0105, 0.3523 -0.1345 4.0042, 0.3574 -0.1309 3.9961, 0.4024 -0.2389 4.0158, 0.4097 -0.2319 4.0144, 0.4166 -0.2253 4.0105, 0.4225 -0.2196 4.0042, 0.427 -0.2153 3.9961, 0.5118 -0.2838 3.9764, 0.511 -0.2849 3.9866, 0.5086 -0.288 3.9961, 0.5048 -0.293 4.0042, 0.4998 -0.2995 4.0105, 0.4941 -0.307 4.0144, 0.4879 -0.3151 4.0158, 0.584 -0.3774 4.0158, 0.5889 -0.3684 4.0144, 0.5934 -0.3601 4.0105, 0.5973 -0.3529 4.0042, 0.6003 -0.3474 3.9961, 0.6885 -0.4242 4.0158, 0.692 -0.4146 4.0144, 0.6952 -0.4057 4.0105, 0.6979 -0.398 4.0042, 0.7001 -0.3921 3.9961, 0.8065 -0.4159 3.9764, 0.8062 -0.4172 3.9866, 0.8054 -0.4211 3.9961, 0.8043 -0.4272 4.0042, 0.8027 -0.4352 4.0105, 0.8009 -0.4446 4.0144, 0.799 -0.4546 4.0158, 0.9142 -0.4283 3.9764, 0.9413 -0.4273 3.9764, 1.1292 -0.4035 3.9764, 1.1295 -0.4048 3.9866, 1.1306 -0.4086 3.9961, 1.1322 -0.4147 4.0042, 1.1344 -0.4225 4.0105, 1.1369 -0.4317 4.0144, 1.1396 -0.4415 4.0158, 1.2313 -0.3669 3.9764, 1.2483 -0.3576 3.9764, 1.4129 -0.2493 3.9764, 1.4138 -0.2503 3.9866, 1.4164 -0.2532 3.9961, 1.4205 -0.2579 4.0042, 1.426 -0.264 4.0105, 1.4323 -0.271 4.0144, 1.4391 -0.2787 4.0158, 1.4881 -0.1711 3.9764, 1.4948 -0.1616 3.9764, 1.5987 0.0149 3.9764, 1.5999 0.0144 3.9866, 1.6036 0.0129 3.9961, 1.6094 0.0106 4.0042, 1.6169 0.0075 4.0105, 1.6257 0.004 4.0144, 1.6352 0.0002 4.0158, 1.6697 0.1094 4.0158, 1.6598 0.1117 4.0144, 1.6506 0.1138 4.0105, 1.6426 0.1157 4.0042, 1.6365 0.1171 3.9961, 1.6532 0.2251 3.9961, 1.6595 0.2247 4.0042, 1.6676 0.224 4.0105, 1.6771 0.2233 4.0144, 1.6872 0.2225 4.0158, 1.6872 0.3371 4.0158, 1.6771 0.3363 4.0144, 1.6676 0.3355 4.0105, 1.6595 0.3349 4.0042, 1.6532 0.3344 3.9961, 1.6314 0.4413 3.9764, 1.6327 0.4416 3.9866, 1.6365 0.4425 3.9961, 1.6426 0.4439 4.0042, 1.6506 0.4457 4.0105, 1.6598 0.4479 4.0144, 1.6697 0.4502 4.0158, 1.6352 0.5594 4.0158, 1.6257 0.5556 4.0144, 1.6169 0.5521 4.0105, 1.6094 0.549 4.0042, 1.6036 0.5467 3.9961, 1.5844 0.6621 4.0158, 1.5756 0.6568 4.0144, 1.5674 0.652 4.0105, 1.5604 0.6478 4.0042, 1.5551 0.6446 3.9961, 1.4881 0.7307 3.9764, 1.4891 0.7315 3.9866, 1.4922 0.734 3.9961, 1.497 0.738 4.0042, 1.5033 0.7432 4.0105, 1.5106 0.7492 4.0144, 1.5185 0.7557 4.0158, 1.4391 0.8382 4.0158, 1.4323 0.8306 4.0144, 1.426 0.8235 4.0105, 1.4205 0.8175 4.0042, 1.4164 0.8128 3.9961, 1.348 0.9077 4.0158, 1.3424 0.8991 4.0144, 1.3373 0.8911 4.0105, 1.3328 0.8843 4.0042, 1.3294 0.879 3.9961, 1.2313 0.9264 3.9764, 1.2318 0.9277 3.9866, 1.2334 0.9313 3.9961, 1.236 0.937 4.0042, 1.2393 0.9444 4.0105, 1.2432 0.9531 4.0144, 1.2474 0.9624 4.0158, 1.1292 0.9631 3.9764, 1.0987 0.969 3.9764, 0.9142 0.9879 3.9764, 0.9142 0.9893 3.9866, 0.914 0.9932 3.9961, 0.9138 0.9995 4.0042, 0.9135 1.0076 4.0105, 0.9131 1.0171 4.0144, 0.9127 1.0273 4.0158, 0.8065 0.9755 3.9764, 0.7841 0.9693 3.9764, 0.6028 0.9024 3.9764, 0.6022 0.9035 3.9866, 0.6003 0.907 3.9961, 0.5973 0.9125 4.0042, 0.5934 0.9197 4.0105, 0.5889 0.928 4.0144, 0.584 0.9369 4.0158, 0.5118 0.8434 3.9764, 0.5002 0.8331 3.9764, 0.3617 0.6875 3.9764, 0.3606 0.6883 3.9866, 0.3574 0.6905 3.9961, 0.3523 0.6941 4.0042, 0.3456 0.6988 4.0105, 0.3379 0.7043 4.0144, 0.3295 0.7101 4.0158, 0.3063 0.5942 3.9764, 0.3034 0.5871 3.9764, 0.241 0.388 3.9764, 0.2397 0.3882 3.9866, 0.2358 0.3888 3.9961, 0.2296 0.3897 4.0042, 0.2216 0.391 4.0105, 0.2122 0.3924 4.0144, 0.2021 0.394 4.0158
            ]
        }
        coordIndex [
            0,1,2,-1,3,4,5,-1,6,7,8,-1,9,10,11,-1,12,13,14,-1,15,16,17,-1,18,19,20,-1,21,22,23,-1,24,25,26,-1,27,28,29,-1,30,31,32,-1,33,34,35,-1,36,37,38,-1,39,40,41,-1,42,43,44,-1,45,46,47,-1,48,49,50,-1,51,52,53,-1,54,55,56,-1,57,58,59,-1,60,61,62,-1,62,61,63,-1,62,63,64,-1,64,63,65,-1,64,65,66,-1,66,65,67,-1,66,67,68,-1,68,67,69,-1,68,69,70,-1,70,69,41,-1,71,72,73,-1,73,72,74,-1,73,74,75,-1,75,74,76,-1,75,76,77,-1,77,76,78,-1,77,78,79,-1,79,78,80,-1,79,80,81,-1,81,80,38,-1,82,83,84,-1,84,83,85,-1,84,85,86,-1,86,85,87,-1,86,87,88,-1,88,87,89,-1,88,89,90,-1,90,89,91,-1,90,91,92,-1,92,91,35,-1,93,94,95,-1,95,94,96,-1,95,96,97,-1,97,96,98,-1,97,98,99,-1,99,98,100,-1,99,100,101,-1,101,100,102,-1,101,102,103,-1,103,102,11,-1,104,105,106,-1,106,105,107,-1,106,107,108,-1,108,107,109,-1,108,109,110,-1,110,109,111,-1,110,111,112,-1,112,111,113,-1,112,113,114,-1,114,113,8,-1,115,116,117,-1,117,116,118,-1,117,118,119,-1,119,118,120,-1,119,120,121,-1,121,120,122,-1,121,122,123,-1,123,122,124,-1,123,124,125,-1,125,124,5,-1,126,127,128,-1,128,127,129,-1,128,129,130,-1,130,129,131,-1,130,131,132,-1,132,131,133,-1,132,133,134,-1,134,133,135,-1,134,135,136,-1,136,135,2,-1,137,138,139,-1,139,138,140,-1,139,140,141,-1,141,140,142,-1,141,142,143,-1,143,142,144,-1,143,144,145,-1,145,144,146,-1,145,146,147,-1,147,146,59,-1,147,59,148,-1,148,59,58,-1,138,149,140,-1,140,149,150,-1,140,150,142,-1,142,150,151,-1,142,151,144,-1,144,151,152,-1,144,152,146,-1,146,152,153,-1,146,153,59,-1,59,153,56,-1,59,56,57,-1,57,56,55,-1,154,54,155,-1,155,54,56,-1,155,56,156,-1,156,56,153,-1,156,153,157,-1,157,153,152,-1,157,152,158,-1,158,152,151,-1,158,151,159,-1,159,151,150,-1,159,150,160,-1,160,150,149,-1,160,161,159,-1,159,161,162,-1,159,162,158,-1,158,162,163,-1,158,163,157,-1,157,163,164,-1,157,164,156,-1,156,164,165,-1,156,165,155,-1,155,165,53,-1,155,53,154,-1,154,53,52,-1,161,166,162,-1,162,166,167,-1,162,167,163,-1,163,167,168,-1,163,168,164,-1,164,168,169,-1,164,169,165,-1,165,169,170,-1,165,170,53,-1,53,170,50,-1,53,50,51,-1,51,50,49,-1,171,48,172,-1,172,48,50,-1,172,50,173,-1,173,50,170,-1,173,170,174,-1,174,170,169,-1,174,169,175,-1,175,169,168,-1,175,168,176,-1,176,168,167,-1,176,167,177,-1,177,167,166,-1,177,178,176,-1,176,178,179,-1,176,179,175,-1,175,179,180,-1,175,180,174,-1,174,180,181,-1,174,181,173,-1,173,181,182,-1,173,182,172,-1,172,182,47,-1,172,47,171,-1,171,47,46,-1,178,183,179,-1,179,183,184,-1,179,184,180,-1,180,184,185,-1,180,185,181,-1,181,185,186,-1,181,186,182,-1,182,186,187,-1,182,187,47,-1,47,187,44,-1,47,44,45,-1,45,44,43,-1,188,42,189,-1,189,42,44,-1,189,44,190,-1,190,44,187,-1,190,187,191,-1,191,187,186,-1,191,186,192,-1,192,186,185,-1,192,185,193,-1,193,185,184,-1,193,184,194,-1,194,184,183,-1,194,60,193,-1,193,60,62,-1,193,62,192,-1,192,62,64,-1,192,64,191,-1,191,64,66,-1,191,66,190,-1,190,66,68,-1,190,68,189,-1,189,68,70,-1,189,70,188,-1,188,70,195,-1,41,40,70,-1,70,40,196,-1,70,196,195,-1,197,39,198,-1,198,39,41,-1,198,41,199,-1,199,41,69,-1,199,69,200,-1,200,69,67,-1,200,67,201,-1,201,67,65,-1,201,65,202,-1,202,65,63,-1,202,63,203,-1,203,63,61,-1,203,71,202,-1,202,71,73,-1,202,73,201,-1,201,73,75,-1,201,75,200,-1,200,75,77,-1,200,77,199,-1,199,77,79,-1,199,79,198,-1,198,79,81,-1,198,81,197,-1,197,81,204,-1,38,37,81,-1,81,37,205,-1,81,205,204,-1,206,36,207,-1,207,36,38,-1,207,38,208,-1,208,38,80,-1,208,80,209,-1,209,80,78,-1,209,78,210,-1,210,78,76,-1,210,76,211,-1,211,76,74,-1,211,74,212,-1,212,74,72,-1,212,82,211,-1,211,82,84,-1,211,84,210,-1,210,84,86,-1,210,86,209,-1,209,86,88,-1,209,88,208,-1,208,88,90,-1,208,90,207,-1,207,90,92,-1,207,92,206,-1,206,92,213,-1,35,34,92,-1,92,34,214,-1,92,214,213,-1,215,33,216,-1,216,33,35,-1,216,35,217,-1,217,35,91,-1,217,91,218,-1,218,91,89,-1,218,89,219,-1,219,89,87,-1,219,87,220,-1,220,87,85,-1,220,85,221,-1,221,85,83,-1,221,222,220,-1,220,222,223,-1,220,223,219,-1,219,223,224,-1,219,224,218,-1,218,224,225,-1,218,225,217,-1,217,225,226,-1,217,226,216,-1,216,226,32,-1,216,32,215,-1,215,32,31,-1,28,30,29,-1,29,30,32,-1,29,32,227,-1,227,32,226,-1,227,226,228,-1,228,226,225,-1,228,225,229,-1,229,225,224,-1,229,224,230,-1,230,224,223,-1,230,223,231,-1,231,223,222,-1,231,232,230,-1,230,232,233,-1,230,233,229,-1,229,233,234,-1,229,234,228,-1,228,234,235,-1,228,235,227,-1,227,235,236,-1,227,236,29,-1,29,236,26,-1,29,26,27,-1,27,26,25,-1,237,24,238,-1,238,24,26,-1,238,26,239,-1,239,26,236,-1,239,236,240,-1,240,236,235,-1,240,235,241,-1,241,235,234,-1,241,234,242,-1,242,234,233,-1,242,233,243,-1,243,233,232,-1,243,244,242,-1,242,244,245,-1,242,245,241,-1,241,245,246,-1,241,246,240,-1,240,246,247,-1,240,247,239,-1,239,247,248,-1,239,248,238,-1,238,248,23,-1,238,23,237,-1,237,23,22,-1,244,249,245,-1,245,249,250,-1,245,250,246,-1,246,250,251,-1,246,251,247,-1,247,251,252,-1,247,252,248,-1,248,252,253,-1,248,253,23,-1,23,253,20,-1,23,20,21,-1,21,20,19,-1,254,18,255,-1,255,18,20,-1,255,20,256,-1,256,20,253,-1,256,253,257,-1,257,253,252,-1,257,252,258,-1,258,252,251,-1,258,251,259,-1,259,251,250,-1,259,250,260,-1,260,250,249,-1,260,261,259,-1,259,261,262,-1,259,262,258,-1,258,262,263,-1,258,263,257,-1,257,263,264,-1,257,264,256,-1,256,264,265,-1,256,265,255,-1,255,265,17,-1,255,17,254,-1,254,17,16,-1,261,266,262,-1,262,266,267,-1,262,267,263,-1,263,267,268,-1,263,268,264,-1,264,268,269,-1,264,269,265,-1,265,269,270,-1,265,270,17,-1,17,270,14,-1,17,14,15,-1,15,14,13,-1,271,12,272,-1,272,12,14,-1,272,14,273,-1,273,14,270,-1,273,270,274,-1,274,270,269,-1,274,269,275,-1,275,269,268,-1,275,268,276,-1,276,268,267,-1,276,267,277,-1,277,267,266,-1,277,93,276,-1,276,93,95,-1,276,95,275,-1,275,95,97,-1,275,97,274,-1,274,97,99,-1,274,99,273,-1,273,99,101,-1,273,101,272,-1,272,101,103,-1,272,103,271,-1,271,103,278,-1,11,10,103,-1,103,10,279,-1,103,279,278,-1,280,9,281,-1,281,9,11,-1,281,11,282,-1,282,11,102,-1,282,102,283,-1,283,102,100,-1,283,100,284,-1,284,100,98,-1,284,98,285,-1,285,98,96,-1,285,96,286,-1,286,96,94,-1,286,104,285,-1,285,104,106,-1,285,106,284,-1,284,106,108,-1,284,108,283,-1,283,108,110,-1,283,110,282,-1,282,110,112,-1,282,112,281,-1,281,112,114,-1,281,114,280,-1,280,114,287,-1,8,7,114,-1,114,7,288,-1,114,288,287,-1,289,6,290,-1,290,6,8,-1,290,8,291,-1,291,8,113,-1,291,113,292,-1,292,113,111,-1,292,111,293,-1,293,111,109,-1,293,109,294,-1,294,109,107,-1,294,107,295,-1,295,107,105,-1,295,115,294,-1,294,115,117,-1,294,117,293,-1,293,117,119,-1,293,119,292,-1,292,119,121,-1,292,121,291,-1,291,121,123,-1,291,123,290,-1,290,123,125,-1,290,125,289,-1,289,125,296,-1,5,4,125,-1,125,4,297,-1,125,297,296,-1,298,3,299,-1,299,3,5,-1,299,5,300,-1,300,5,124,-1,300,124,301,-1,301,124,122,-1,301,122,302,-1,302,122,120,-1,302,120,303,-1,303,120,118,-1,303,118,304,-1,304,118,116,-1,304,126,303,-1,303,126,128,-1,303,128,302,-1,302,128,130,-1,302,130,301,-1,301,130,132,-1,301,132,300,-1,300,132,134,-1,300,134,299,-1,299,134,136,-1,299,136,298,-1,298,136,305,-1,2,1,136,-1,136,1,306,-1,136,306,305,-1,307,0,308,-1,308,0,2,-1,308,2,309,-1,309,2,135,-1,309,135,310,-1,310,135,133,-1,310,133,311,-1,311,133,131,-1,311,131,312,-1,312,131,129,-1,312,129,313,-1,313,129,127,-1,313,137,312,-1,312,137,139,-1,312,139,311,-1,311,139,141,-1,311,141,310,-1,310,141,143,-1,310,143,309,-1,309,143,145,-1,309,145,308,-1,308,145,147,-1,308,147,307,-1,307,147,148,-1,
        ]
    }
}
Shape{
    appearance Appearance {
        material  Material 	{
            diffuseColor 0.8509803921568627 0.8509803921568627 0.8509803921568627
            specularColor 0.4235294117647059 0.4235294117647059 0.4235294117647059
            ambientIntensity 0.851
            transparency 0.0
            shininess 0.5
        }
    }
    geometry IndexedFaceSet {
        ccw TRUE
        solid FALSE
        coord DEF co Coordinate {
            point [
                0.3267 0.4176 3.8189, 0.3261 0.4171 3.8189, 1.5684 0.4075 3.817, 1.5684 0.4075 3.817, 1.5567 0.4171 3.8189, 1.556 0.4176 3.8189, 1.5799 0.3981 3.8133, 0.3143 0.4075 3.817, 1.5799 0.3981 3.8133, 0.3086 0.4029 3.8161, 0.3044 0.3994 3.8145, 0.3143 0.4075 3.817, 1.5741 0.4029 3.8161, 1.5899 0.3898 3.8074, 1.5897 0.3899 3.8075, 0.2929 0.3898 3.8074, 1.586 0.3931 3.8103, 0.3028 0.398 3.8134, 0.3028 0.398 3.8134, 0.293 0.3899 3.8075, 1.6018 0.3796 3.7897, 1.6013 0.3801 3.7914, 0.2836 0.3819 3.7961, 1.5981 0.3828 3.7979, 1.5961 0.3844 3.8008, 0.2906 0.3878 3.8053, 1.5972 0.3835 3.7992, 0.2857 0.3836 3.7991, 0.2846 0.3828 3.7979, 1.6019 0.3795 3.7893, 0.2794 0.3782 3.7795, 1.6032 0.3784 3.7832, 1.6034 0.3782 3.7795, 0.281 0.3796 3.7897, 0.2808 0.3795 3.7893, 0.28 0.3787 3.7858, 1.5685 0.508 3.7795, 1.5439 0.5713 3.7795, 1.5427 0.5707 3.7897, 1.3995 0.7653 3.7795, 1.3411 0.8166 3.7795, 1.3403 0.8155 3.7897, 1.133 0.9197 3.7795, 1.048 0.9405 3.7795, 1.0478 0.9392 3.7897, 0.9801 0.946 3.7795, 0.9414 0.9491 3.7795, 0.9414 0.9477 3.7897, 0.8253 0.9382 3.7795, 0.7308 0.9151 3.7795, 0.7312 0.9138 3.7897, 0.6771 0.8924 3.7795, 0.6323 0.8734 3.7795, 0.6329 0.8722 3.7897, 0.5417 0.8166 3.7795, 0.5416 0.8166 3.7795, 0.5424 0.8155 3.7897, 0.4303 0.7087 3.7795, 0.393 0.6635 3.7795, 0.3941 0.6628 3.7897, 1.5776 0.47 3.7992, 1.5813 0.4711 3.7897, 1.5826 0.4715 3.7795, 0.3379 0.4603 3.8189, 0.3281 0.4632 3.8176, 0.319 0.4659 3.8136, 0.2929 0.3898 3.8074, 0.3112 0.4682 3.8074, 0.3052 0.47 3.7992, 0.3014 0.4711 3.7897, 0.3001 0.4715 3.7795, 0.2917 0.4338 3.7795, 1.5716 0.4682 3.8074, 1.5638 0.4659 3.8136, 1.5547 0.4632 3.8176, 1.5449 0.4603 3.8189, 0.3743 0.5541 3.8189, 0.4253 0.641 3.8189, 0.3651 0.5586 3.8176, 0.4169 0.6468 3.8176, 0.3566 0.5627 3.8136, 0.4092 0.6523 3.8136, 0.3493 0.5662 3.8074, 0.4025 0.6569 3.8074, 0.3436 0.569 3.7992, 0.3973 0.6605 3.7992, 0.3401 0.5707 3.7897, 1.2323 0.8385 3.8189, 1.3176 0.785 3.8189, 1.237 0.8475 3.8176, 1.3237 0.7932 3.8176, 1.2414 0.856 3.8136, 1.3294 0.8008 3.8136, 1.2452 0.8632 3.8074, 1.3343 0.8073 3.8074, 1.2481 0.8687 3.7992, 1.338 0.8123 3.7992, 1.2499 0.8722 3.7897, 1.4575 0.641 3.8189, 1.5084 0.5541 3.8189, 1.4658 0.6468 3.8176, 1.5176 0.5586 3.8176, 1.4736 0.6523 3.8136, 1.5261 0.5627 3.8136, 1.4803 0.6569 3.8074, 1.5335 0.5662 3.8074, 1.4854 0.6605 3.7992, 1.5391 0.569 3.7992, 1.4886 0.6628 3.7897, 0.3389 0.5713 3.7795, 0.3439 0.5798 3.7795, 0.4612 0.746 3.7795, 0.4621 0.7451 3.7897, 0.465 0.7423 3.7992, 0.4695 0.738 3.8074, 0.4753 0.7323 3.8136, 0.4821 0.7257 3.8176, 0.4894 0.7186 3.8189, 0.5651 0.785 3.8189, 0.559 0.7932 3.8176, 0.5534 0.8008 3.8136, 0.5485 0.8073 3.8074, 0.5448 0.8123 3.7992, 0.6347 0.8687 3.7992, 0.6376 0.8632 3.8074, 0.6413 0.856 3.8136, 0.6457 0.8475 3.8176, 0.6504 0.8385 3.8189, 0.7432 0.8777 3.8189, 0.74 0.8874 3.8176, 0.737 0.8964 3.8136, 0.7344 0.9041 3.8074, 0.7325 0.9101 3.7992, 0.8347 0.9405 3.7795, 0.8349 0.9392 3.7897, 0.8356 0.9353 3.7992, 0.8366 0.9291 3.8074, 0.8379 0.9211 3.8136, 0.8394 0.9117 3.8176, 0.841 0.9017 3.8189, 0.9414 0.9097 3.8189, 0.9414 0.9199 3.8176, 0.9414 0.9294 3.8136, 0.9414 0.9376 3.8074, 0.9414 0.9438 3.7992, 1.0418 0.9017 3.8189, 1.0434 0.9117 3.8176, 1.0449 0.9211 3.8136, 1.0462 0.9291 3.8074, 1.0472 0.9353 3.7992, 1.152 0.9151 3.7795, 1.1515 0.9138 3.7897, 1.1503 0.9101 3.7992, 1.1483 0.9041 3.8074, 1.1458 0.8964 3.8136, 1.1428 0.8874 3.8176, 1.1396 0.8777 3.8189, 1.2505 0.8734 3.7795, 1.2751 0.858 3.7795, 1.4216 0.746 3.7795, 1.4206 0.7451 3.7897, 1.4178 0.7423 3.7992, 1.4133 0.738 3.8074, 1.4074 0.7323 3.8136, 1.4006 0.7257 3.8176, 1.3933 0.7186 3.8189, 1.4897 0.6635 3.7795, 1.4995 0.6469 3.7795, 1.556 0.142 3.8189, 1.5567 0.1425 3.8189, 0.3143 0.1521 3.817, 0.3143 0.152 3.817, 0.3261 0.1425 3.8189, 0.3267 0.142 3.8189, 0.3029 0.1615 3.8133, 1.5684 0.1521 3.817, 0.3029 0.1615 3.8133, 1.5741 0.1567 3.8161, 1.5783 0.1601 3.8145, 1.5684 0.152 3.817, 0.3086 0.1567 3.8161, 0.2929 0.1698 3.8074, 0.293 0.1697 3.8075, 1.5899 0.1698 3.8074, 0.2968 0.1665 3.8103, 1.58 0.1615 3.8134, 1.58 0.1616 3.8134, 1.5897 0.1697 3.8075, 0.2809 0.18 3.7897, 0.2815 0.1795 3.7914, 1.5991 0.1777 3.7961, 0.2846 0.1768 3.7979, 0.2866 0.1752 3.8008, 1.5921 0.1717 3.8053, 0.2855 0.1761 3.7992, 1.5971 0.176 3.7991, 1.5981 0.1768 3.7979, 0.2808 0.1801 3.7893, 1.6034 0.1814 3.7795, 0.2796 0.1812 3.7832, 0.2794 0.1814 3.7795, 1.6018 0.18 3.7897, 1.6019 0.1801 3.7893, 1.6028 0.1809 3.7858, 0.3439 -0.0202 3.7795, 0.393 -0.104 3.7795, 0.3941 -0.1032 3.7897, 0.4303 -0.1491 3.7795, 0.4612 -0.1864 3.7795, 0.4621 -0.1855 3.7897, 0.5417 -0.2571 3.7795, 0.6323 -0.3138 3.7795, 0.6329 -0.3126 3.7897, 0.6771 -0.3328 3.7795, 0.7308 -0.3555 3.7795, 0.7312 -0.3542 3.7897, 0.9801 -0.3864 3.7795, 1.048 -0.3809 3.7795, 1.0478 -0.3796 3.7897, 1.2751 -0.2984 3.7795, 1.3411 -0.257 3.7795, 1.3403 -0.2559 3.7897, 1.4995 -0.0873 3.7795, 1.5439 -0.0117 3.7795, 1.5427 -0.0111 3.7897, 1.5685 0.0516 3.7795, 1.5826 0.0881 3.7795, 1.5813 0.0884 3.7897, 0.3052 0.0896 3.7992, 0.3014 0.0884 3.7897, 0.2917 0.1258 3.7795, 0.3001 0.0881 3.7795, 1.5449 0.0993 3.8189, 1.5547 0.0964 3.8176, 1.5638 0.0937 3.8136, 1.5899 0.1698 3.8074, 1.5716 0.0914 3.8074, 1.5776 0.0896 3.7992, 0.3112 0.0914 3.8074, 0.319 0.0937 3.8136, 0.3281 0.0964 3.8176, 0.3379 0.0993 3.8189, 1.3933 -0.159 3.8189, 1.3176 -0.2254 3.8189, 1.4006 -0.1661 3.8176, 1.3237 -0.2336 3.8176, 1.4074 -0.1727 3.8136, 1.3294 -0.2412 3.8136, 1.4133 -0.1784 3.8074, 1.3343 -0.2477 3.8074, 1.4178 -0.1828 3.7992, 1.338 -0.2528 3.7992, 1.4206 -0.1855 3.7897, 1.1396 -0.3181 3.8189, 1.0418 -0.3421 3.8189, 1.1428 -0.3278 3.8176, 1.0434 -0.3521 3.8176, 1.1458 -0.3368 3.8136, 1.0449 -0.3615 3.8136, 1.1483 -0.3446 3.8074, 1.0462 -0.3696 3.8074, 1.1503 -0.3505 3.7992, 1.0472 -0.3757 3.7992, 1.1515 -0.3542 3.7897, 0.841 -0.3421 3.8189, 0.7432 -0.3181 3.8189, 0.8394 -0.3521 3.8176, 0.74 -0.3278 3.8176, 0.8379 -0.3615 3.8136, 0.737 -0.3368 3.8136, 0.8366 -0.3696 3.8074, 0.7344 -0.3446 3.8074, 0.8356 -0.3757 3.7992, 0.7325 -0.3505 3.7992, 0.8349 -0.3796 3.7897, 1.5084 0.0055 3.8189, 1.5176 0.001 3.8176, 1.5261 -0.0031 3.8136, 1.5335 -0.0067 3.8074, 1.5391 -0.0094 3.7992, 1.4897 -0.104 3.7795, 1.4886 -0.1032 3.7897, 1.4854 -0.1009 3.7992, 1.4803 -0.0973 3.8074, 1.4736 -0.0927 3.8136, 1.4658 -0.0872 3.8176, 1.4575 -0.0814 3.8189, 1.4216 -0.1864 3.7795, 1.3995 -0.2058 3.7795, 1.2505 -0.3138 3.7795, 1.2499 -0.3126 3.7897, 1.2481 -0.3092 3.7992, 1.2452 -0.3036 3.8074, 1.2414 -0.2964 3.8136, 1.237 -0.288 3.8176, 1.2323 -0.2789 3.8189, 1.152 -0.3555 3.7795, 1.133 -0.3601 3.7795, 0.9414 -0.3895 3.7795, 0.9414 -0.3882 3.7897, 0.9414 -0.3842 3.7992, 0.9414 -0.378 3.8074, 0.9414 -0.3698 3.8136, 0.9414 -0.3603 3.8176, 0.9414 -0.3501 3.8189, 0.8347 -0.3809 3.7795, 0.8253 -0.3786 3.7795, 0.6347 -0.3092 3.7992, 0.6376 -0.3036 3.8074, 0.6413 -0.2964 3.8136, 0.6457 -0.288 3.8176, 0.6504 -0.2789 3.8189, 0.5416 -0.257 3.7795, 0.5424 -0.2559 3.7897, 0.5448 -0.2528 3.7992, 0.5485 -0.2477 3.8074, 0.5534 -0.2412 3.8136, 0.559 -0.2336 3.8176, 0.5651 -0.2254 3.8189, 0.4894 -0.159 3.8189, 0.4821 -0.1661 3.8176, 0.4753 -0.1727 3.8136, 0.4695 -0.1784 3.8074, 0.465 -0.1828 3.7992, 0.4253 -0.0814 3.8189, 0.4169 -0.0872 3.8176, 0.4092 -0.0927 3.8136, 0.4025 -0.0973 3.8074, 0.3973 -0.1009 3.7992, 0.3389 -0.0117 3.7795, 0.3401 -0.0111 3.7897, 0.3436 -0.0094 3.7992, 0.3493 -0.0067 3.8074, 0.3566 -0.0031 3.8136, 0.3651 0.001 3.8176, 0.3743 0.0055 3.8189, 0.2327 1.4021 2.2633, 0.2327 1.402 2.2635, 0.2327 1.4499 2.2796, 0.2327 1.4009 2.2659, 0.2327 1.4008 2.266, 0.2327 1.4603 2.2421, 0.2327 1.4589 2.2418, 0.2327 1.4575 2.2418, 0.2327 1.4248 2.2418, 0.2327 1.4173 2.2441, 0.2327 1.4147 2.2459, 0.2327 1.4223 2.242, 0.2327 1.4198 2.2428, 0.2327 1.4098 2.2508, 0.2327 1.4052 2.2573, 1.65 1.393 2.3228, 1.65 1.393 2.2717, 1.65 1.4082 2.3209, 1.65 1.395 2.2714, 1.65 1.4223 2.315, 1.65 1.3969 2.2706, 1.65 1.4345 2.3058, 1.65 1.3985 2.2694, 1.65 1.4439 2.2937, 1.65 1.3996 2.2681, 1.65 1.4499 2.2796, 1.65 1.3997 2.2679, 1.65 1.4008 2.266, 1.6499 1.3996 2.268, 0.2327 1.3985 2.2694, 0.2327 1.3996 2.2681, 0.2334 1.3997 2.2677, 0.5162 1.3985 2.2694, 1.3666 1.4006 2.2659, 1.6453 1.4006 2.2659, 1.6494 1.3998 2.2678, 1.3666 1.3998 2.2678, 1.0831 1.3998 2.2678, 1.0831 1.4006 2.2659, 0.7996 1.3998 2.2678, 0.7996 1.4006 2.2659, 0.5162 1.3998 2.2678, 0.5162 1.4006 2.2659, 0.2373 1.4006 2.266, 0.2375 1.4006 2.2659, 1.3666 1.3985 2.2694, 1.0831 1.3985 2.2694, 0.7996 1.3985 2.2694, 1.3666 1.3969 2.2706, 1.0831 1.3969 2.2706, 0.7996 1.3969 2.2706, 0.5162 1.3969 2.2706, 0.2327 1.3969 2.2706, 1.3666 1.395 2.2714, 1.0831 1.395 2.2714, 0.7996 1.395 2.2714, 0.5162 1.395 2.2714, 0.2327 1.395 2.2714, 1.3666 1.393 2.2717, 1.0831 1.393 2.2717, 0.7996 1.393 2.2717, 0.5162 1.393 2.2717, 0.2327 1.393 2.2717, 0.2327 1.393 2.3228, 0.2327 1.4082 2.3209, 0.2327 1.4223 2.315, 0.2327 1.4345 2.3058, 0.2327 1.4439 2.2937, 0.2524 1.393 2.3425, 1.6304 1.393 2.3425, 1.6304 1.4132 2.3399, 0.2524 1.4132 2.3399, 1.6304 1.4321 2.3321, 0.2524 1.4321 2.3321, 1.6304 1.4484 2.3198, 0.2524 1.4484 2.3198, 1.6304 1.4609 2.3036, 0.2524 1.4609 2.3036, 1.6304 1.4689 2.2848, 0.2524 1.4689 2.2848, 1.65 -0.0787 2.3228, 1.65 -0.0787 0.315, 1.65 1.393 0.315, 0.2327 1.393 0.315, 0.2327 -0.0787 0.315, 0.2327 -0.0787 2.3228, 0.2524 -0.0787 2.3425, 1.6304 -0.0787 2.3425, 0.5175 1.5504 1.7887, 0.5175 1.5831 1.7887, 0.5477 1.6129 1.684, 0.5477 1.5812 1.684, 0.5473 1.6108 1.6961, 0.5475 1.5796 1.6923, 0.5462 1.6077 1.7081, 0.547 1.5774 1.7004, 0.543 1.604 1.7202, 0.5327 1.5606 1.7553, 0.5432 1.5713 1.7204, 0.5393 1.5651 1.7408, 0.5336 1.5932 1.7558, 0.5327 1.5921 1.7594, 0.5477 1.5819 1.648, 0.5477 1.6129 1.6417, 0.5477 1.5737 1.6129, 0.5477 1.6028 1.6006, 0.5477 1.5572 1.5809, 0.5477 1.5832 1.5631, 0.5477 1.5406 1.5607, 0.5477 1.5629 1.5385, 0.5477 1.5206 1.5438, 0.5477 1.5386 1.518, 0.5477 0.8756 1.0922, 0.5477 0.8936 1.0664, 0.5477 0.8497 1.0778, 0.5477 0.8622 1.0488, 0.5477 0.8215 1.0689, 0.5477 0.8278 1.038, 0.5477 0.792 1.0658, 0.5477 0.792 1.0343, 0.5477 0.6739 1.0658, 0.5477 0.6739 1.0343, 1.3351 0.6739 1.0658, 1.3351 0.6739 1.0343, 1.3351 0.792 1.0658, 1.3351 0.792 1.0343, 1.3351 0.8215 1.0689, 1.3351 0.8278 1.038, 1.3351 0.8497 1.0778, 1.3351 0.8622 1.0488, 1.3351 0.8756 1.0922, 1.3351 0.8936 1.0664, 1.3351 1.5206 1.5438, 1.3351 1.5386 1.518, 1.3351 1.5406 1.5607, 1.3351 1.5629 1.5385, 1.3351 1.5572 1.5809, 1.3351 1.5832 1.5631, 1.3351 1.5737 1.6129, 1.3351 1.6028 1.6006, 1.3351 1.5819 1.648, 1.3351 1.6129 1.6417, 1.3351 1.5812 1.684, 1.3351 1.6129 1.684, 1.3653 1.5504 1.7887, 1.3653 1.5831 1.7887, 1.65 1.4248 2.2418, 1.65 1.4575 2.2418, 1.3402 1.5713 1.7202, 1.3435 1.5977 1.7408, 1.3473 1.5616 1.7523, 1.3501 1.5933 1.7553, 1.349 1.5605 1.7557, 1.3353 1.5796 1.6923, 1.3355 1.6108 1.6961, 1.3358 1.5774 1.7004, 1.3366 1.6077 1.7081, 1.3392 1.604 1.7204, 1.4963 1.393 1.4953, 1.4528 1.393 1.5886, 1.3938 1.393 1.6729, 0.8388 1.393 1.8749, 0.7394 1.393 1.8482, 0.6461 1.393 1.8047, 0.5618 1.393 1.7457, 0.489 1.393 1.6729, 0.4299 1.393 1.5886, 0.3864 1.393 1.4953, 0.3598 1.393 1.3959, 0.3508 1.393 1.2933, 0.3598 1.393 1.1908, 0.3864 1.393 1.0913, 0.4299 1.393 0.998, 0.489 1.393 0.9137, 0.5618 1.393 0.8409, 0.6461 1.393 0.7819, 0.7394 1.393 0.7384, 0.8388 1.393 0.7117, 0.9414 1.393 0.7028, 1.0439 1.393 0.7117, 1.1434 1.393 0.7384, 1.2367 1.393 0.7819, 1.321 1.393 0.8409, 1.321 1.393 1.7457, 1.2367 1.393 1.8047, 1.1434 1.393 1.8482, 1.0439 1.393 1.8749, 0.9414 1.393 1.8839, 1.3938 1.393 0.9137, 1.4528 1.393 0.998, 1.4963 1.393 1.0913, 1.523 1.393 1.1908, 1.5319 1.393 1.2933, 1.523 1.393 1.3959, 0.7445 0.1378 0.315, 0.7512 0.0868 0.315, 0.7709 0.0394 0.315, 0.8022 -0.0014 0.315, 0.8429 -0.0327 0.315, 1.0398 -0.0327 0.315, 1.0806 -0.0014 0.315, 1.1119 0.0394 0.315, 1.1315 0.0868 0.315, 0.8904 0.3279 0.315, 0.9414 0.3346 0.315, 0.7709 0.2362 0.315, 0.7512 0.1887 0.315, 0.8429 0.3083 0.315, 0.8022 0.277 0.315, 0.8904 -0.0524 0.315, 0.9414 -0.0591 0.315, 0.9923 -0.0524 0.315, 1.1382 0.1378 0.315, 1.1315 0.1887 0.315, 1.1119 0.2362 0.315, 1.0806 0.277 0.315, 1.0398 0.3083 0.315, 0.9923 0.3279 0.315, 0.9414 -0.0787 0.7224, 1.0833 -0.0787 0.7404, 1.0405 1.3733 0.7311, 1.2164 -0.0787 0.7931, 1.1366 1.3733 0.7569, 1.0828 1.3733 0.7424, 1.3308 1.3733 0.8785, 1.3083 1.3733 0.856, 1.3322 -0.0787 0.8772, 1.2268 1.3733 0.7989, 1.216 1.3733 0.7939, 1.3787 1.3733 0.9264, 1.4234 -0.0787 0.9874, 1.4221 1.3733 0.9883, 1.4358 1.3733 1.0079, 1.4843 -0.0787 1.1169, 1.4778 1.3733 1.0981, 1.5111 -0.0787 1.2575, 1.5036 1.3733 1.1942, 1.483 1.3733 1.1173, 1.5015 1.3733 1.4001, 1.5036 1.3733 1.3924, 1.5021 -0.0787 1.4003, 1.5122 1.3733 1.2933, 1.5091 1.3733 1.2576, 1.4778 1.3733 1.4886, 1.4579 -0.0787 1.5364, 1.4559 1.3733 1.5355, 1.4358 1.3733 1.5787, 1.3812 -0.0787 1.6572, 1.381 1.3733 1.657, 1.3787 1.3733 1.6603, 1.2769 -0.0787 1.7552, 1.3083 1.3733 1.7306, 1.1515 -0.0787 1.8241, 1.2268 1.3733 1.7877, 1.2757 1.3733 1.7534, 1.0128 1.3733 1.8579, 1.0405 1.3733 1.8555, 1.0129 -0.0787 1.8597, 1.1366 1.3733 1.8297, 1.151 1.3733 1.823, 0.9414 1.3733 1.8642, 0.9414 -0.0787 1.8642, 0.87 1.3733 1.8579, 0.8698 -0.0787 1.8597, 0.8422 1.3733 1.8555, 0.7312 -0.0787 1.8241, 0.7461 1.3733 1.8297, 0.6058 -0.0787 1.7552, 0.6559 1.3733 1.7877, 0.7317 1.3733 1.823, 0.5041 1.3733 1.6603, 0.5744 1.3733 1.7306, 0.607 1.3733 1.7534, 0.5018 1.3733 1.657, 0.5015 -0.0787 1.6572, 0.447 1.3733 1.5787, 0.4248 -0.0787 1.5364, 0.4268 1.3733 1.5355, 0.4049 1.3733 1.4886, 0.3806 -0.0787 1.4003, 0.3812 1.3733 1.4001, 0.3792 1.3733 1.3924, 0.3716 -0.0787 1.2575, 0.3705 1.3733 1.2933, 0.3984 -0.0787 1.1169, 0.3792 1.3733 1.1942, 0.3736 1.3733 1.2576, 0.4607 1.3733 0.9883, 0.447 1.3733 1.0079, 0.4594 -0.0787 0.9874, 0.4049 1.3733 1.0981, 0.3998 1.3733 1.1173, 0.5041 1.3733 0.9264, 0.5506 -0.0787 0.8772, 0.5519 1.3733 0.8785, 0.5744 1.3733 0.856, 0.6664 -0.0787 0.7931, 0.6559 1.3733 0.7989, 0.7994 -0.0787 0.7404, 0.7461 1.3733 0.7569, 0.6667 1.3733 0.7939, 0.9414 1.3733 0.7224, 0.8422 1.3733 0.7311, 0.8 1.3733 0.7424
            ]
        }
        coordIndex [
            0,1,2,-1,2,3,0,-1,0,3,4,-1,0,4,5,-1,6,7,8,-1,8,7,9,-1,8,9,10,-1,1,11,2,-1,2,11,7,-1,2,7,12,-1,12,7,6,-1,13,14,15,-1,15,14,16,-1,10,17,8,-1,8,17,18,-1,8,18,16,-1,16,18,19,-1,16,19,15,-1,20,21,22,-1,22,21,23,-1,13,15,24,-1,24,15,25,-1,24,25,26,-1,26,25,27,-1,26,27,23,-1,23,27,28,-1,23,28,22,-1,29,30,31,-1,31,30,32,-1,22,33,20,-1,20,33,34,-1,20,34,29,-1,29,34,35,-1,29,35,30,-1,36,37,38,-1,39,40,41,-1,42,43,44,-1,45,46,47,-1,48,49,50,-1,51,52,53,-1,54,55,56,-1,57,58,59,-1,24,26,60,-1,21,20,61,-1,31,32,62,-1,0,63,1,-1,1,63,64,-1,10,9,65,-1,65,9,7,-1,65,7,64,-1,64,7,11,-1,64,11,1,-1,66,19,67,-1,67,19,18,-1,67,18,65,-1,65,18,17,-1,65,17,10,-1,66,67,25,-1,25,67,68,-1,25,68,27,-1,69,22,68,-1,68,22,28,-1,68,28,27,-1,69,70,71,-1,30,35,71,-1,71,35,34,-1,71,34,69,-1,69,34,33,-1,69,33,22,-1,61,20,62,-1,62,20,29,-1,62,29,31,-1,60,26,61,-1,61,26,23,-1,61,23,21,-1,8,72,6,-1,6,72,73,-1,6,73,12,-1,8,16,72,-1,72,16,14,-1,72,14,60,-1,60,14,13,-1,60,13,24,-1,74,75,5,-1,5,4,74,-1,74,4,3,-1,74,3,73,-1,73,3,2,-1,73,2,12,-1,76,77,78,-1,78,77,79,-1,78,79,80,-1,80,79,81,-1,80,81,82,-1,82,81,83,-1,82,83,84,-1,84,83,85,-1,84,85,86,-1,86,85,59,-1,87,88,89,-1,89,88,90,-1,89,90,91,-1,91,90,92,-1,91,92,93,-1,93,92,94,-1,93,94,95,-1,95,94,96,-1,95,96,97,-1,97,96,41,-1,98,99,100,-1,100,99,101,-1,100,101,102,-1,102,101,103,-1,102,103,104,-1,104,103,105,-1,104,105,106,-1,106,105,107,-1,106,107,108,-1,108,107,38,-1,63,76,64,-1,64,76,78,-1,64,78,65,-1,65,78,80,-1,65,80,67,-1,67,80,82,-1,67,82,68,-1,68,82,84,-1,68,84,69,-1,69,84,86,-1,69,86,70,-1,70,86,109,-1,59,58,86,-1,86,58,110,-1,86,110,109,-1,111,57,112,-1,112,57,59,-1,112,59,113,-1,113,59,85,-1,113,85,114,-1,114,85,83,-1,114,83,115,-1,115,83,81,-1,115,81,116,-1,116,81,79,-1,116,79,117,-1,117,79,77,-1,117,118,116,-1,116,118,119,-1,116,119,115,-1,115,119,120,-1,115,120,114,-1,114,120,121,-1,114,121,113,-1,113,121,122,-1,113,122,112,-1,112,122,56,-1,112,56,111,-1,111,56,55,-1,52,54,53,-1,53,54,56,-1,53,56,123,-1,123,56,122,-1,123,122,124,-1,124,122,121,-1,124,121,125,-1,125,121,120,-1,125,120,126,-1,126,120,119,-1,126,119,127,-1,127,119,118,-1,127,128,126,-1,126,128,129,-1,126,129,125,-1,125,129,130,-1,125,130,124,-1,124,130,131,-1,124,131,123,-1,123,131,132,-1,123,132,53,-1,53,132,50,-1,53,50,51,-1,51,50,49,-1,133,48,134,-1,134,48,50,-1,134,50,135,-1,135,50,132,-1,135,132,136,-1,136,132,131,-1,136,131,137,-1,137,131,130,-1,137,130,138,-1,138,130,129,-1,138,129,139,-1,139,129,128,-1,139,140,138,-1,138,140,141,-1,138,141,137,-1,137,141,142,-1,137,142,136,-1,136,142,143,-1,136,143,135,-1,135,143,144,-1,135,144,134,-1,134,144,47,-1,134,47,133,-1,133,47,46,-1,140,145,141,-1,141,145,146,-1,141,146,142,-1,142,146,147,-1,142,147,143,-1,143,147,148,-1,143,148,144,-1,144,148,149,-1,144,149,47,-1,47,149,44,-1,47,44,45,-1,45,44,43,-1,150,42,151,-1,151,42,44,-1,151,44,152,-1,152,44,149,-1,152,149,153,-1,153,149,148,-1,153,148,154,-1,154,148,147,-1,154,147,155,-1,155,147,146,-1,155,146,156,-1,156,146,145,-1,156,87,155,-1,155,87,89,-1,155,89,154,-1,154,89,91,-1,154,91,153,-1,153,91,93,-1,153,93,152,-1,152,93,95,-1,152,95,151,-1,151,95,97,-1,151,97,150,-1,150,97,157,-1,41,40,97,-1,97,40,158,-1,97,158,157,-1,159,39,160,-1,160,39,41,-1,160,41,161,-1,161,41,96,-1,161,96,162,-1,162,96,94,-1,162,94,163,-1,163,94,92,-1,163,92,164,-1,164,92,90,-1,164,90,165,-1,165,90,88,-1,165,98,164,-1,164,98,100,-1,164,100,163,-1,163,100,102,-1,163,102,162,-1,162,102,104,-1,162,104,161,-1,161,104,106,-1,161,106,160,-1,160,106,108,-1,160,108,159,-1,159,108,166,-1,38,37,108,-1,108,37,167,-1,108,167,166,-1,62,36,61,-1,61,36,38,-1,61,38,60,-1,60,38,107,-1,60,107,72,-1,72,107,105,-1,72,105,73,-1,73,105,103,-1,73,103,74,-1,74,103,101,-1,74,101,75,-1,75,101,99,-1,168,169,170,-1,170,171,168,-1,168,171,172,-1,168,172,173,-1,174,175,176,-1,176,175,177,-1,176,177,178,-1,169,179,170,-1,170,179,175,-1,170,175,180,-1,180,175,174,-1,181,182,183,-1,183,182,184,-1,178,185,176,-1,176,185,186,-1,176,186,184,-1,184,186,187,-1,184,187,183,-1,188,189,190,-1,190,189,191,-1,181,183,192,-1,192,183,193,-1,192,193,194,-1,194,193,195,-1,194,195,191,-1,191,195,196,-1,191,196,190,-1,197,198,199,-1,199,198,200,-1,190,201,188,-1,188,201,202,-1,188,202,197,-1,197,202,203,-1,197,203,198,-1,204,205,206,-1,207,208,209,-1,210,211,212,-1,213,214,215,-1,216,217,218,-1,219,220,221,-1,222,223,224,-1,225,226,227,-1,192,194,228,-1,189,188,229,-1,230,231,229,-1,168,232,169,-1,169,232,233,-1,178,177,234,-1,234,177,175,-1,234,175,233,-1,233,175,179,-1,233,179,169,-1,235,187,236,-1,236,187,186,-1,236,186,234,-1,234,186,185,-1,234,185,178,-1,235,236,193,-1,193,236,237,-1,193,237,195,-1,227,190,237,-1,237,190,196,-1,237,196,195,-1,198,203,226,-1,226,203,202,-1,226,202,227,-1,227,202,201,-1,227,201,190,-1,199,200,230,-1,229,188,230,-1,230,188,197,-1,230,197,199,-1,228,194,229,-1,229,194,191,-1,229,191,189,-1,176,238,174,-1,174,238,239,-1,174,239,180,-1,176,184,238,-1,238,184,182,-1,238,182,228,-1,228,182,181,-1,228,181,192,-1,240,241,173,-1,173,172,240,-1,240,172,171,-1,240,171,239,-1,239,171,170,-1,239,170,180,-1,242,243,244,-1,244,243,245,-1,244,245,246,-1,246,245,247,-1,246,247,248,-1,248,247,249,-1,248,249,250,-1,250,249,251,-1,250,251,252,-1,252,251,221,-1,253,254,255,-1,255,254,256,-1,255,256,257,-1,257,256,258,-1,257,258,259,-1,259,258,260,-1,259,260,261,-1,261,260,262,-1,261,262,263,-1,263,262,218,-1,264,265,266,-1,266,265,267,-1,266,267,268,-1,268,267,269,-1,268,269,270,-1,270,269,271,-1,270,271,272,-1,272,271,273,-1,272,273,274,-1,274,273,215,-1,232,275,233,-1,233,275,276,-1,233,276,234,-1,234,276,277,-1,234,277,236,-1,236,277,278,-1,236,278,237,-1,237,278,279,-1,237,279,227,-1,227,279,224,-1,227,224,225,-1,225,224,223,-1,280,222,281,-1,281,222,224,-1,281,224,282,-1,282,224,279,-1,282,279,283,-1,283,279,278,-1,283,278,284,-1,284,278,277,-1,284,277,285,-1,285,277,276,-1,285,276,286,-1,286,276,275,-1,286,242,285,-1,285,242,244,-1,285,244,284,-1,284,244,246,-1,284,246,283,-1,283,246,248,-1,283,248,282,-1,282,248,250,-1,282,250,281,-1,281,250,252,-1,281,252,280,-1,280,252,287,-1,221,220,252,-1,252,220,288,-1,252,288,287,-1,289,219,290,-1,290,219,221,-1,290,221,291,-1,291,221,251,-1,291,251,292,-1,292,251,249,-1,292,249,293,-1,293,249,247,-1,293,247,294,-1,294,247,245,-1,294,245,295,-1,295,245,243,-1,295,253,294,-1,294,253,255,-1,294,255,293,-1,293,255,257,-1,293,257,292,-1,292,257,259,-1,292,259,291,-1,291,259,261,-1,291,261,290,-1,290,261,263,-1,290,263,289,-1,289,263,296,-1,218,217,263,-1,263,217,297,-1,263,297,296,-1,298,216,299,-1,299,216,218,-1,299,218,300,-1,300,218,262,-1,300,262,301,-1,301,262,260,-1,301,260,302,-1,302,260,258,-1,302,258,303,-1,303,258,256,-1,303,256,304,-1,304,256,254,-1,304,264,303,-1,303,264,266,-1,303,266,302,-1,302,266,268,-1,302,268,301,-1,301,268,270,-1,301,270,300,-1,300,270,272,-1,300,272,299,-1,299,272,274,-1,299,274,298,-1,298,274,305,-1,215,214,274,-1,274,214,306,-1,274,306,305,-1,211,213,212,-1,212,213,215,-1,212,215,307,-1,307,215,273,-1,307,273,308,-1,308,273,271,-1,308,271,309,-1,309,271,269,-1,309,269,310,-1,310,269,267,-1,310,267,311,-1,311,267,265,-1,312,210,313,-1,313,210,212,-1,313,212,314,-1,314,212,307,-1,314,307,315,-1,315,307,308,-1,315,308,316,-1,316,308,309,-1,316,309,317,-1,317,309,310,-1,317,310,318,-1,318,310,311,-1,318,319,317,-1,317,319,320,-1,317,320,316,-1,316,320,321,-1,316,321,315,-1,315,321,322,-1,315,322,314,-1,314,322,323,-1,314,323,313,-1,313,323,209,-1,313,209,312,-1,312,209,208,-1,319,324,320,-1,320,324,325,-1,320,325,321,-1,321,325,326,-1,321,326,322,-1,322,326,327,-1,322,327,323,-1,323,327,328,-1,323,328,209,-1,209,328,206,-1,209,206,207,-1,207,206,205,-1,329,204,330,-1,330,204,206,-1,330,206,331,-1,331,206,328,-1,331,328,332,-1,332,328,327,-1,332,327,333,-1,333,327,326,-1,333,326,334,-1,334,326,325,-1,334,325,335,-1,335,325,324,-1,335,241,334,-1,334,241,240,-1,334,240,333,-1,333,240,239,-1,333,239,332,-1,332,239,238,-1,332,238,331,-1,331,238,228,-1,331,228,330,-1,330,228,229,-1,330,229,329,-1,329,229,231,-1,336,337,338,-1,338,337,339,-1,338,339,340,-1,341,342,338,-1,338,342,343,-1,338,343,344,-1,338,345,346,-1,344,347,338,-1,338,347,348,-1,338,348,345,-1,346,349,338,-1,338,349,350,-1,338,350,336,-1,351,352,353,-1,353,352,354,-1,353,354,355,-1,355,354,356,-1,355,356,357,-1,357,356,358,-1,357,358,359,-1,359,358,360,-1,359,360,361,-1,361,360,362,-1,361,362,363,-1,364,360,358,-1,365,366,367,-1,365,367,368,-1,369,370,371,-1,371,372,369,-1,369,372,373,-1,369,373,374,-1,374,373,375,-1,374,375,376,-1,376,375,377,-1,376,377,378,-1,378,377,379,-1,378,379,380,-1,364,358,371,-1,371,358,381,-1,371,381,372,-1,372,381,382,-1,372,382,373,-1,373,382,383,-1,373,383,375,-1,375,383,368,-1,375,368,377,-1,377,368,367,-1,377,367,379,-1,358,356,384,-1,358,384,381,-1,381,384,385,-1,381,385,382,-1,382,385,386,-1,382,386,383,-1,383,386,387,-1,383,387,368,-1,368,387,388,-1,368,388,365,-1,356,354,389,-1,356,389,384,-1,384,389,390,-1,384,390,385,-1,385,390,391,-1,385,391,386,-1,386,391,392,-1,386,392,387,-1,387,392,393,-1,387,393,388,-1,354,352,394,-1,354,394,389,-1,389,394,395,-1,389,395,390,-1,390,395,396,-1,390,396,391,-1,391,396,397,-1,391,397,392,-1,392,397,398,-1,392,398,393,-1,398,399,393,-1,393,399,400,-1,393,400,388,-1,388,400,401,-1,388,401,365,-1,365,401,402,-1,365,402,366,-1,366,402,403,-1,366,403,340,-1,340,403,338,-1,404,405,406,-1,404,406,407,-1,407,406,408,-1,407,408,409,-1,409,408,410,-1,409,410,411,-1,411,410,412,-1,411,412,413,-1,413,412,414,-1,413,414,415,-1,351,416,352,-1,352,416,417,-1,352,417,418,-1,419,420,398,-1,398,420,421,-1,398,421,399,-1,422,423,404,-1,404,423,405,-1,344,343,424,-1,424,343,425,-1,426,427,428,-1,428,427,429,-1,428,429,430,-1,430,429,431,-1,430,431,432,-1,433,424,425,-1,431,434,432,-1,432,434,435,-1,432,435,436,-1,436,435,433,-1,436,433,437,-1,437,433,425,-1,427,426,438,-1,438,426,439,-1,438,439,440,-1,440,439,441,-1,440,441,442,-1,442,441,443,-1,442,443,444,-1,444,443,445,-1,444,445,446,-1,446,445,447,-1,446,447,448,-1,448,447,449,-1,448,449,450,-1,450,449,451,-1,450,451,452,-1,452,451,453,-1,452,453,454,-1,454,453,455,-1,454,455,456,-1,456,455,457,-1,458,459,460,-1,460,459,461,-1,460,461,462,-1,462,461,463,-1,462,463,464,-1,464,463,465,-1,464,465,466,-1,466,465,467,-1,466,467,468,-1,468,467,469,-1,468,469,470,-1,470,469,471,-1,470,471,472,-1,472,471,473,-1,472,473,474,-1,474,473,475,-1,474,475,476,-1,476,475,477,-1,476,477,478,-1,478,477,479,-1,480,481,482,-1,482,481,483,-1,484,485,486,-1,486,485,487,-1,486,487,488,-1,488,487,481,-1,488,481,480,-1,478,479,489,-1,489,479,490,-1,489,490,491,-1,491,490,492,-1,491,492,484,-1,484,492,493,-1,484,493,485,-1,494,495,352,-1,352,495,496,-1,396,497,397,-1,397,497,498,-1,397,498,398,-1,398,498,499,-1,398,499,500,-1,500,501,398,-1,398,501,502,-1,398,502,503,-1,503,504,398,-1,398,504,505,-1,398,505,419,-1,505,506,419,-1,419,506,507,-1,419,507,508,-1,508,509,419,-1,419,509,510,-1,419,510,511,-1,511,512,419,-1,419,512,513,-1,419,513,418,-1,418,513,514,-1,418,514,515,-1,515,516,418,-1,418,516,517,-1,418,517,518,-1,496,519,352,-1,352,519,520,-1,352,520,394,-1,394,520,521,-1,394,521,395,-1,395,521,522,-1,395,522,396,-1,396,522,523,-1,396,523,497,-1,518,524,418,-1,418,524,525,-1,418,525,526,-1,526,527,418,-1,418,527,528,-1,418,528,352,-1,352,528,529,-1,352,529,494,-1,420,530,531,-1,531,532,420,-1,420,532,533,-1,420,533,534,-1,535,536,417,-1,417,536,537,-1,417,537,538,-1,539,419,540,-1,540,419,418,-1,419,541,420,-1,420,541,542,-1,420,542,530,-1,539,543,419,-1,419,543,544,-1,419,544,541,-1,534,545,420,-1,420,545,546,-1,420,546,417,-1,417,546,547,-1,417,547,535,-1,538,548,417,-1,417,548,549,-1,417,549,418,-1,418,549,550,-1,418,550,551,-1,551,552,418,-1,418,552,553,-1,418,553,540,-1,554,555,556,-1,557,558,555,-1,555,558,559,-1,555,559,556,-1,560,561,562,-1,562,561,563,-1,562,563,557,-1,557,563,564,-1,557,564,558,-1,560,562,565,-1,565,562,566,-1,565,566,567,-1,567,566,568,-1,568,566,569,-1,568,569,570,-1,571,572,569,-1,569,572,573,-1,569,573,570,-1,574,575,576,-1,576,575,577,-1,576,577,571,-1,571,577,578,-1,571,578,572,-1,574,576,579,-1,579,576,580,-1,579,580,581,-1,581,580,582,-1,582,580,583,-1,582,583,584,-1,584,583,585,-1,585,583,586,-1,585,586,587,-1,588,589,586,-1,586,589,590,-1,586,590,587,-1,591,592,593,-1,593,592,594,-1,593,594,588,-1,588,594,595,-1,588,595,589,-1,591,593,596,-1,596,593,597,-1,596,597,598,-1,598,597,599,-1,598,599,600,-1,600,599,601,-1,600,601,602,-1,603,604,601,-1,601,604,605,-1,601,605,602,-1,606,607,603,-1,603,607,608,-1,603,608,604,-1,606,603,609,-1,609,603,610,-1,609,610,611,-1,611,610,612,-1,611,612,613,-1,613,612,614,-1,614,612,615,-1,614,615,616,-1,616,615,617,-1,617,615,618,-1,617,618,619,-1,620,621,618,-1,618,621,622,-1,618,622,619,-1,623,624,625,-1,625,624,626,-1,625,626,620,-1,620,626,627,-1,620,627,621,-1,623,625,628,-1,628,625,629,-1,628,629,630,-1,630,629,631,-1,631,629,632,-1,631,632,633,-1,634,635,632,-1,632,635,636,-1,632,636,633,-1,556,637,554,-1,554,637,638,-1,554,638,634,-1,634,638,639,-1,634,639,635,-1,
        ]
    }
}
Shape{
    appearance Appearance {
        material  Material 	{
            diffuseColor 0.28627450980392155 0.6627450980392157 0.32941176470588235
            specularColor 0.08627450980392157 0.2 0.09803921568627451
            ambientIntensity 0.5122
            transparency 0.0
            shininess 0.5
        }
    }
    geometry IndexedFaceSet {
        ccw TRUE
        solid FALSE
        coord DEF co Coordinate {
            point [
                0.9414 -0.0787 1.8642, 1.0129 -0.0787 1.8597, 0.9414 -0.0787 1.2933, 0.8698 -0.0787 1.8597, 0.5015 -0.0787 1.6572, 0.6058 -0.0787 1.7552, 0.7312 -0.0787 1.8241, 0.3716 -0.0787 1.2575, 0.3806 -0.0787 1.4003, 0.4248 -0.0787 1.5364, 0.5506 -0.0787 0.8772, 0.4594 -0.0787 0.9874, 0.3984 -0.0787 1.1169, 0.9414 -0.0787 0.7224, 0.7994 -0.0787 0.7404, 0.6664 -0.0787 0.7931, 1.3322 -0.0787 0.8772, 1.2164 -0.0787 0.7931, 1.0833 -0.0787 0.7404, 1.5111 -0.0787 1.2575, 1.4843 -0.0787 1.1169, 1.4234 -0.0787 0.9874, 1.3812 -0.0787 1.6572, 1.4579 -0.0787 1.5364, 1.5021 -0.0787 1.4003, 1.1515 -0.0787 1.8241, 1.2769 -0.0787 1.7552
            ]
        }
        coordIndex [
            0,1,2,-1,0,2,3,-1,4,5,2,-1,2,5,6,-1,2,6,3,-1,7,8,2,-1,2,8,9,-1,2,9,4,-1,10,11,2,-1,2,11,12,-1,2,12,7,-1,13,14,2,-1,2,14,15,-1,2,15,10,-1,16,17,2,-1,2,17,18,-1,2,18,13,-1,19,20,2,-1,2,20,21,-1,2,21,16,-1,22,23,2,-1,2,23,24,-1,2,24,19,-1,1,25,2,-1,2,25,26,-1,2,26,22,-1,
        ]
    }
}
Shape{
    appearance Appearance {
        material  Material 	{
            diffuseColor 0.8509803921568627 0.8509803921568627 0.8509803921568627
            specularColor 0.4235294117647059 0.4235294117647059 0.4235294117647059
            ambientIntensity 0.851
            transparency 0.0
            shininess 0.5
        }
    }
    geometry IndexedFaceSet {
        ccw TRUE
        solid FALSE
        coord DEF co Coordinate {
            point [
                0.5674 0.6739 1.0147, 0.563 0.6739 1.0152, 0.5674 0.792 1.0147, 0.563 0.792 1.0152, 0.5623 0.792 1.0153, 0.5588 0.6739 1.0166, 0.5589 0.792 1.0167, 0.5575 0.792 1.0173, 0.5551 0.6739 1.019, 0.5552 0.792 1.0191, 0.5534 0.792 1.0204, 0.552 0.6739 1.0221, 0.5521 0.792 1.0222, 0.5503 0.792 1.0245, 0.5496 0.6739 1.0258, 0.5498 0.792 1.0259, 0.5483 0.792 1.0293, 0.5482 0.6739 1.03, 0.5482 0.792 1.03, 0.5477 0.6739 1.0343, 0.5477 0.792 1.0343, 0.5477 0.8278 1.038, 0.5483 0.8289 1.033, 0.5503 0.8298 1.0284, 0.5534 0.8306 1.0244, 0.5575 0.8313 1.0213, 0.5623 0.8317 1.0194, 0.5674 0.8318 1.0187, 0.5477 0.8622 1.0488, 0.5483 0.8642 1.0442, 0.5503 0.8661 1.0398, 0.5534 0.8677 1.0361, 0.5575 0.8689 1.0332, 0.5623 0.8697 1.0314, 0.5674 0.87 1.0308, 0.5477 0.8936 1.0664, 0.5483 0.8965 1.0622, 0.5503 0.8993 1.0583, 0.5534 0.9016 1.055, 0.5575 0.9034 1.0524, 0.5623 0.9045 1.0508, 0.5674 0.9049 1.0503, 0.5477 1.5386 1.518, 0.5482 1.5411 1.5144, 0.5484 1.5415 1.5139, 0.5496 1.5435 1.511, 0.5504 1.5442 1.51, 0.552 1.5457 1.508, 0.5535 1.5466 1.5067, 0.5551 1.5474 1.5054, 0.5576 1.5483 1.5041, 0.5588 1.5488 1.5035, 0.5623 1.5495 1.5025, 0.563 1.5496 1.5023, 0.5674 1.5499 1.5019, 0.5482 1.5661 1.5355, 0.5477 1.5629 1.5385, 0.5477 1.5832 1.5631, 0.5496 1.569 1.5325, 0.5482 1.5868 1.5606, 0.5484 1.5874 1.5602, 0.5496 1.5903 1.5583, 0.552 1.5717 1.5299, 0.5551 1.5739 1.5277, 0.552 1.5933 1.5562, 0.5535 1.5946 1.5553, 0.5551 1.5959 1.5544, 0.5588 1.5756 1.5261, 0.563 1.5766 1.525, 0.5674 1.5769 1.5247, 0.5588 1.5978 1.5531, 0.5623 1.5988 1.5524, 0.563 1.599 1.5523, 0.5674 1.5995 1.552, 0.5575 1.6298 1.6396, 0.5588 1.6306 1.686, 0.5623 1.6318 1.6862, 0.5477 1.6028 1.6006, 0.5483 1.6075 1.5988, 0.5503 1.612 1.5971, 0.5477 1.6129 1.684, 0.5482 1.6173 1.6845, 0.5477 1.6129 1.6417, 0.5483 1.6179 1.641, 0.5534 1.6158 1.5957, 0.5503 1.6226 1.6405, 0.5534 1.6267 1.64, 0.5484 1.618 1.6845, 0.5496 1.6214 1.685, 0.552 1.6251 1.6854, 0.5535 1.6267 1.6856, 0.5551 1.6282 1.6858, 0.5575 1.6187 1.5946, 0.5623 1.6205 1.5939, 0.5674 1.6192 1.5899, 0.5674 1.6325 1.6736, 0.5674 1.6324 1.6393, 0.5623 1.6317 1.6394, 0.5674 1.6304 1.6311, 0.5674 1.6212 1.5936, 0.563 1.632 1.6862, 0.5674 1.6325 1.6863, 0.5473 1.6108 1.6961, 0.5462 1.6077 1.7081, 0.5477 1.6152 1.697, 0.5466 1.612 1.7093, 0.5492 1.6193 1.6979, 0.5479 1.6161 1.7106, 0.5515 1.623 1.6988, 0.5502 1.6198 1.7119, 0.5546 1.626 1.6996, 0.5533 1.6228 1.7131, 0.5584 1.6283 1.7003, 0.5571 1.625 1.7142, 0.5625 1.6297 1.7008, 0.5613 1.6263 1.7151, 0.5669 1.6302 1.7011, 0.5657 1.6267 1.7158, 0.5327 1.5921 1.7594, 0.5175 1.5831 1.7887, 0.5327 1.5966 1.7607, 0.5174 1.5878 1.7899, 0.5338 1.6008 1.7623, 0.5183 1.5921 1.7917, 0.5359 1.6046 1.7642, 0.5202 1.596 1.794, 0.5388 1.6077 1.7663, 0.5229 1.599 1.7965, 0.5424 1.6098 1.7683, 0.5262 1.6011 1.7992, 0.5465 1.611 1.7704, 0.5301 1.6022 1.8019, 0.5508 1.611 1.7722, 0.5342 1.6021 1.8044, 0.543 1.604 1.7202, 0.5336 1.5932 1.7558, 0.2327 1.393 2.3228, 0.2327 -0.0787 2.3228, 0.2332 -0.0787 2.3272, 0.2332 1.393 2.3272, 0.2347 -0.0787 2.3314, 0.2347 1.393 2.3314, 0.237 -0.0787 2.3351, 0.237 1.393 2.3351, 0.2401 -0.0787 2.3382, 0.2401 1.393 2.3382, 0.2439 -0.0787 2.3406, 0.2439 1.393 2.3406, 0.248 -0.0787 2.342, 0.248 1.393 2.342, 0.2524 -0.0787 2.3425, 0.2524 1.393 2.3425, 0.2476 1.4776 2.2512, 0.248 1.4776 2.2514, 0.2524 1.4778 2.2527, 0.2392 1.4739 2.2478, 0.2402 1.4745 2.2482, 0.2431 1.4762 2.2496, 0.2439 1.4765 2.2499, 0.2339 1.4666 2.2442, 0.2348 1.4683 2.245, 0.2361 1.4706 2.246, 0.2371 1.4717 2.2466, 0.2327 1.4575 2.2418, 0.2327 1.4589 2.2418, 0.2327 1.4603 2.2421, 0.2328 1.4622 2.2427, 0.2334 1.4644 2.2435, 0.2524 1.4132 2.3399, 0.248 1.4131 2.3394, 0.2439 1.4127 2.338, 0.2401 1.4121 2.3357, 0.237 1.4113 2.3327, 0.2347 1.4104 2.3291, 0.2332 1.4093 2.3251, 0.2327 1.4082 2.3209, 0.2524 1.4321 2.3321, 0.248 1.4319 2.3317, 0.2439 1.4312 2.3304, 0.2401 1.43 2.3284, 0.237 1.4284 2.3257, 0.2347 1.4266 2.3224, 0.2332 1.4245 2.3188, 0.2327 1.4223 2.315, 0.2524 1.4484 2.3198, 0.248 1.448 2.3194, 0.2439 1.447 2.3184, 0.2401 1.4454 2.3167, 0.237 1.4432 2.3145, 0.2347 1.4405 2.3118, 0.2332 1.4376 2.3089, 0.2327 1.4345 2.3058, 0.2524 1.4609 2.3036, 0.248 1.4605 2.3034, 0.2439 1.4592 2.3026, 0.2401 1.4572 2.3015, 0.237 1.4545 2.2999, 0.2347 1.4513 2.298, 0.2332 1.4477 2.2959, 0.2327 1.4439 2.2937, 0.2524 1.4689 2.2848, 0.248 1.4684 2.2847, 0.2439 1.467 2.2843, 0.2401 1.4647 2.2837, 0.237 1.4617 2.2828, 0.2347 1.4581 2.2818, 0.2332 1.4541 2.2807, 0.2327 1.4499 2.2796, 1.3154 0.6739 1.0147, 1.3154 0.792 1.0147, 1.3205 0.792 1.0153, 1.3205 0.6739 1.0153, 1.3252 0.792 1.0173, 1.3252 0.6739 1.0173, 1.3293 0.792 1.0204, 1.3293 0.6739 1.0204, 1.3324 0.792 1.0245, 1.3324 0.6739 1.0245, 1.3344 0.792 1.0293, 1.3344 0.6739 1.0293, 1.3351 0.792 1.0343, 1.3351 0.6739 1.0343, 1.3154 0.9049 1.0503, 1.3198 0.9046 1.0507, 1.3154 0.87 1.0308, 1.3205 0.8697 1.0314, 1.3205 0.9045 1.0508, 1.3239 0.9037 1.052, 1.3252 0.8689 1.0332, 1.3252 0.9034 1.0524, 1.3276 0.9024 1.0539, 1.3293 0.8677 1.0361, 1.3293 0.9016 1.055, 1.3307 0.9006 1.0564, 1.3324 0.8661 1.0398, 1.3154 0.8318 1.0187, 1.3205 0.8317 1.0194, 1.3252 0.8313 1.0213, 1.3293 0.8306 1.0244, 1.3324 0.8298 1.0284, 1.3344 0.8289 1.033, 1.3344 0.8642 1.0442, 1.3324 0.8993 1.0583, 1.333 0.8985 1.0594, 1.3344 0.8965 1.0622, 1.3345 0.8961 1.0628, 1.3351 0.8278 1.038, 1.3351 0.8622 1.0488, 1.3351 0.8936 1.0664, 1.3351 1.5386 1.518, 1.3345 1.5411 1.5144, 1.3344 1.5415 1.5138, 1.333 1.5435 1.5111, 1.3324 1.5443 1.51, 1.3307 1.5456 1.508, 1.3293 1.5466 1.5066, 1.3276 1.5474 1.5055, 1.3252 1.5484 1.5041, 1.3239 1.5487 1.5036, 1.3205 1.5495 1.5024, 1.3198 1.5496 1.5024, 1.3154 1.5499 1.5019, 1.3154 1.5769 1.5247, 1.3205 1.5765 1.5252, 1.3154 1.5995 1.552, 1.3198 1.599 1.5523, 1.3252 1.5751 1.5266, 1.3293 1.5728 1.5288, 1.3205 1.5989 1.5524, 1.3252 1.5973 1.5535, 1.3293 1.5947 1.5552, 1.3324 1.5699 1.5316, 1.3344 1.5666 1.535, 1.3324 1.5913 1.5575, 1.3351 1.5629 1.5385, 1.3351 1.5832 1.5631, 1.3345 1.5868 1.5606, 1.3344 1.5874 1.5602, 1.3308 1.6142 1.5963, 1.3331 1.6107 1.5976, 1.3154 1.6325 1.6736, 1.3154 1.6325 1.6863, 1.3198 1.632 1.6862, 1.3154 1.6192 1.5899, 1.3198 1.6207 1.5938, 1.3154 1.6212 1.5936, 1.3154 1.6304 1.6311, 1.3198 1.6319 1.6393, 1.3154 1.6324 1.6393, 1.3277 1.6172 1.5952, 1.3239 1.6194 1.5943, 1.3346 1.6069 1.599, 1.3351 1.6028 1.6006, 1.3239 1.6305 1.6395, 1.3277 1.6281 1.6398, 1.3308 1.625 1.6402, 1.3331 1.6213 1.6406, 1.3346 1.6172 1.6411, 1.3351 1.6129 1.6417, 1.3239 1.6306 1.686, 1.3277 1.6282 1.6858, 1.3308 1.6251 1.6854, 1.3331 1.6214 1.685, 1.3346 1.6173 1.6845, 1.3351 1.6129 1.684, 1.3355 1.6108 1.6961, 1.335 1.6152 1.697, 1.3336 1.6193 1.6979, 1.3313 1.623 1.6988, 1.3281 1.626 1.6996, 1.3244 1.6283 1.7003, 1.3202 1.6297 1.7008, 1.3158 1.6302 1.7011, 1.3366 1.6077 1.7081, 1.3362 1.612 1.7093, 1.3348 1.6161 1.7106, 1.3325 1.6198 1.7119, 1.3294 1.6228 1.7131, 1.3257 1.625 1.7142, 1.3215 1.6263 1.7151, 1.317 1.6267 1.7158, 1.3501 1.5933 1.7553, 1.3435 1.5977 1.7408, 1.3433 1.6022 1.7421, 1.3421 1.6064 1.7436, 1.3399 1.6101 1.7453, 1.3369 1.6131 1.747, 1.3332 1.6153 1.7488, 1.329 1.6165 1.7504, 1.3246 1.6167 1.7517, 1.3392 1.604 1.7204, 1.3486 1.6021 1.8044, 1.3527 1.6022 1.8019, 1.3565 1.6011 1.7992, 1.3599 1.599 1.7965, 1.3626 1.596 1.794, 1.3644 1.5921 1.7917, 1.3653 1.5878 1.7899, 1.3653 1.5831 1.7887, 1.6304 -0.0787 2.3425, 1.6347 -0.0787 2.342, 1.6304 1.393 2.3425, 1.6347 1.393 2.3419, 1.6354 1.393 2.3419, 1.6389 -0.0787 2.3406, 1.6388 1.393 2.3404, 1.6402 1.393 2.3399, 1.6426 -0.0787 2.3382, 1.6425 1.393 2.3381, 1.6443 1.393 2.3368, 1.6457 -0.0787 2.3351, 1.6456 1.393 2.335, 1.6495 1.393 2.3272, 1.6494 1.393 2.3279, 1.6481 -0.0787 2.3314, 1.648 1.393 2.3313, 1.6474 1.393 2.3327, 1.6495 -0.0787 2.3272, 1.65 -0.0787 2.3228, 1.65 1.393 2.3228, 1.65 1.4589 2.2418, 1.65 1.4575 2.2418, 1.65 1.4603 2.2421, 1.6498 1.4622 2.2427, 1.6495 1.4645 2.2434, 1.6487 1.4666 2.2443, 1.6481 1.4684 2.2449, 1.6466 1.4705 2.246, 1.6457 1.4718 2.2466, 1.6435 1.4738 2.2478, 1.6426 1.4746 2.2482, 1.6396 1.4762 2.2496, 1.6389 1.4765 2.2499, 1.6351 1.4775 2.2512, 1.6347 1.4776 2.2514, 1.6304 1.4778 2.2527, 1.6304 1.4689 2.2848, 1.6304 1.4609 2.3036, 1.6347 1.4683 2.2847, 1.6354 1.4603 2.3033, 1.6304 1.4132 2.3399, 1.6354 1.4131 2.3392, 1.6402 1.4586 2.3023, 1.6388 1.4669 2.2843, 1.6354 1.4682 2.2846, 1.6402 1.4126 2.3373, 1.6443 1.4559 2.3007, 1.6425 1.4646 2.2836, 1.6402 1.4663 2.2841, 1.6443 1.4118 2.3343, 1.6474 1.4524 2.2986, 1.6456 1.4616 2.2828, 1.6443 1.4633 2.2833, 1.6474 1.4107 2.3304, 1.6495 1.4541 2.2807, 1.6494 1.4548 2.2809, 1.6494 1.4483 2.2962, 1.648 1.4581 2.2818, 1.6474 1.4594 2.2822, 1.6304 1.4484 2.3198, 1.6354 1.4479 2.3193, 1.6402 1.4465 2.3179, 1.6443 1.4443 2.3157, 1.6474 1.4415 2.3128, 1.6494 1.4381 2.3094, 1.6304 1.4321 2.3321, 1.6354 1.4318 2.3315, 1.6402 1.4308 2.3298, 1.6443 1.4293 2.3271, 1.6474 1.4272 2.3236, 1.6494 1.4249 2.3194, 1.6494 1.4095 2.3258, 1.65 1.4439 2.2937, 1.65 1.4499 2.2796, 1.65 1.4345 2.3058, 1.65 1.4223 2.315, 1.65 1.4082 2.3209, 1.6494 1.3998 2.2678, 1.65 1.4008 2.266, 1.6499 1.3996 2.268, 1.65 1.3997 2.2679, 1.65 1.3996 2.2681, 1.6453 1.4006 2.2659, 1.6477 1.4012 2.2645, 1.65 1.4009 2.2659, 1.6492 1.4018 2.2637, 1.65 1.4021 2.2633, 1.65 1.4052 2.2573, 1.3526 1.5326 1.7918, 1.3563 1.5348 1.79, 1.3596 1.5379 1.7888, 1.65 1.4098 2.2508, 1.3623 1.5417 1.7881, 1.65 1.4147 2.2459, 1.3642 1.5459 1.7881, 1.3653 1.5504 1.7887, 1.65 1.4248 2.2418, 1.65 1.4223 2.242, 1.65 1.4198 2.2428, 1.65 1.4173 2.2441, 1.3486 1.5315 1.7939, 1.3402 1.5713 1.7202, 1.3473 1.5616 1.7523, 1.3463 1.5569 1.7513, 1.349 1.5605 1.7557, 1.3443 1.5525 1.7509, 1.3413 1.5487 1.7509, 1.3376 1.5457 1.7515, 1.3334 1.5436 1.7525, 1.3289 1.5426 1.7538, 1.3358 1.5774 1.7004, 1.335 1.5725 1.6991, 1.333 1.568 1.6981, 1.3299 1.5641 1.6972, 1.3258 1.5611 1.6967, 1.3212 1.5591 1.6966, 1.3162 1.5584 1.6968, 1.3353 1.5796 1.6923, 1.3345 1.5746 1.6912, 1.3326 1.57 1.6904, 1.3294 1.566 1.6896, 1.3254 1.5629 1.6892, 1.3206 1.561 1.689, 1.3156 1.5603 1.689, 1.3351 1.5812 1.684, 1.3344 1.5761 1.6832, 1.3324 1.5714 1.6825, 1.3293 1.5674 1.682, 1.3252 1.5643 1.6815, 1.3205 1.5624 1.6812, 1.3154 1.5617 1.6811, 1.3154 1.5619 1.6698, 1.3154 1.5623 1.65, 1.3205 1.563 1.6499, 1.3154 1.5606 1.6426, 1.3154 1.5552 1.6197, 1.3205 1.5559 1.6194, 1.3154 1.5535 1.6163, 1.3154 1.541 1.592, 1.3205 1.5415 1.5916, 1.3252 1.5577 1.6188, 1.3252 1.5431 1.5905, 1.3293 1.5607 1.6177, 1.3293 1.5457 1.5887, 1.3324 1.5645 1.6163, 1.3324 1.5491 1.5864, 1.3344 1.5689 1.6146, 1.3344 1.553 1.5838, 1.3351 1.5737 1.6129, 1.3351 1.5572 1.5809, 1.3252 1.5649 1.6497, 1.3293 1.568 1.6494, 1.3324 1.5721 1.649, 1.3344 1.5768 1.6485, 1.3351 1.5819 1.648, 1.3351 1.5206 1.5438, 1.3351 1.5406 1.5607, 1.3344 1.5176 1.548, 1.3344 1.5369 1.5643, 1.3324 1.5149 1.5519, 1.3324 1.5336 1.5676, 1.3293 1.5126 1.5552, 1.3293 1.5307 1.5705, 1.3252 1.5108 1.5578, 1.3252 1.5284 1.5727, 1.3205 1.5096 1.5594, 1.3205 1.527 1.5741, 1.3154 1.5093 1.5599, 1.3154 1.5266 1.5745, 1.3351 0.8756 1.0922, 1.3344 0.8726 1.0964, 1.3324 0.8699 1.1002, 1.3293 0.8676 1.1036, 1.3252 0.8658 1.1062, 1.3205 0.8646 1.1078, 1.3154 0.8643 1.1083, 1.3351 0.792 1.0658, 1.3351 0.8215 1.0689, 1.3344 0.792 1.0709, 1.3344 0.8204 1.0738, 1.3324 0.792 1.0757, 1.3324 0.8195 1.0785, 1.3293 0.792 1.0798, 1.3293 0.8186 1.0825, 1.3252 0.792 1.0829, 1.3252 0.818 1.0855, 1.3205 0.792 1.0849, 1.3205 0.8176 1.0875, 1.3154 0.792 1.0855, 1.3154 0.8175 1.0881, 1.3351 0.8497 1.0778, 1.3344 0.8477 1.0824, 1.3324 0.8458 1.0868, 1.3293 0.8442 1.0905, 1.3252 0.8429 1.0934, 1.3205 0.8422 1.0952, 1.3154 0.8419 1.0958, 1.3351 0.6739 1.0658, 1.3344 0.6739 1.0709, 1.3324 0.6739 1.0757, 1.3293 0.6739 1.0798, 1.3252 0.6739 1.0829, 1.3205 0.6739 1.0849, 1.3154 0.6739 1.0855, 0.2334 1.3997 2.2677, 0.2327 1.3996 2.2681, 0.2327 1.4008 2.266, 0.2327 1.402 2.2635, 0.2349 1.4012 2.2646, 0.2327 1.4009 2.2659, 0.2373 1.4006 2.266, 0.2375 1.4006 2.2659, 0.2351 1.4012 2.2645, 0.2335 1.4018 2.2637, 0.2327 1.4021 2.2633, 0.2327 1.4147 2.2459, 0.2327 1.4173 2.2441, 0.5185 1.5459 1.7881, 0.2327 1.4198 2.2428, 0.5175 1.5504 1.7887, 0.2327 1.4223 2.242, 0.2327 1.4248 2.2418, 0.5302 1.5326 1.7918, 0.2327 1.4052 2.2573, 0.5264 1.5348 1.79, 0.2327 1.4098 2.2508, 0.5231 1.5379 1.7888, 0.5204 1.5417 1.7881, 0.5342 1.5315 1.7939, 0.5327 1.5606 1.7553, 0.5393 1.5651 1.7408, 0.5402 1.5604 1.7398, 0.5432 1.5713 1.7204, 0.547 1.5774 1.7004, 0.5477 1.5725 1.6991, 0.5666 1.5584 1.6968, 0.5581 1.5461 1.7412, 0.5616 1.5591 1.6966, 0.5535 1.547 1.7401, 0.5569 1.5611 1.6967, 0.5491 1.5491 1.7393, 0.5529 1.5641 1.6972, 0.5453 1.5521 1.739, 0.5498 1.568 1.6981, 0.5423 1.556 1.7392, 0.5475 1.5796 1.6923, 0.5477 1.5812 1.684, 0.5482 1.5746 1.6912, 0.5483 1.5761 1.6832, 0.5502 1.57 1.6904, 0.5503 1.5714 1.6825, 0.5533 1.566 1.6896, 0.5534 1.5674 1.682, 0.5574 1.5629 1.6892, 0.5575 1.5643 1.6815, 0.5621 1.561 1.689, 0.5623 1.5624 1.6812, 0.5672 1.5603 1.689, 0.5674 1.5617 1.6811, 0.5674 1.5619 1.6698, 0.5674 1.541 1.592, 0.5674 1.5535 1.6163, 0.5623 1.5559 1.6194, 0.5674 1.5552 1.6197, 0.5674 1.5606 1.6426, 0.5623 1.563 1.6499, 0.5674 1.5623 1.65, 0.5477 1.5737 1.6129, 0.5477 1.5572 1.5809, 0.5483 1.5689 1.6146, 0.5483 1.553 1.5838, 0.5503 1.5645 1.6163, 0.5503 1.5491 1.5864, 0.5534 1.5607 1.6177, 0.5534 1.5457 1.5887, 0.5575 1.5577 1.6188, 0.5575 1.5431 1.5905, 0.5623 1.5415 1.5916, 0.5575 1.5649 1.6497, 0.5534 1.568 1.6494, 0.5503 1.5721 1.649, 0.5483 1.5768 1.6485, 0.5477 1.5819 1.648, 0.5674 1.5093 1.5599, 0.5674 1.5266 1.5745, 0.563 1.5096 1.5595, 0.5623 1.527 1.5741, 0.5623 1.5096 1.5594, 0.5589 1.5105 1.5582, 0.5575 1.5284 1.5727, 0.5575 1.5108 1.5578, 0.5552 1.5118 1.5563, 0.5534 1.5307 1.5705, 0.5534 1.5126 1.5552, 0.5521 1.5136 1.5538, 0.5503 1.5336 1.5676, 0.5503 1.5149 1.5519, 0.5498 1.5157 1.5508, 0.5483 1.5369 1.5643, 0.5483 1.5176 1.548, 0.5482 1.518 1.5474, 0.5477 1.5406 1.5607, 0.5477 1.5206 1.5438, 0.5477 0.8756 1.0922, 0.5482 0.873 1.0958, 0.5483 0.8726 1.0964, 0.5498 0.8707 1.0991, 0.5503 0.8699 1.1002, 0.5521 0.8686 1.1022, 0.5534 0.8676 1.1036, 0.5552 0.8668 1.1047, 0.5575 0.8658 1.1062, 0.5589 0.8655 1.1066, 0.5623 0.8646 1.1078, 0.563 0.8646 1.1078, 0.5674 0.8643 1.1083, 0.5674 0.8419 1.0958, 0.5623 0.8422 1.0952, 0.5575 0.8429 1.0934, 0.5534 0.8442 1.0905, 0.5503 0.8458 1.0868, 0.5674 0.792 1.0855, 0.5674 0.8175 1.0881, 0.5623 0.792 1.0849, 0.5623 0.8176 1.0875, 0.5575 0.792 1.0829, 0.5575 0.818 1.0855, 0.5534 0.792 1.0798, 0.5534 0.8186 1.0825, 0.5503 0.792 1.0757, 0.5503 0.8195 1.0785, 0.5483 0.792 1.0709, 0.5483 0.8204 1.0738, 0.5477 0.792 1.0658, 0.5483 0.8477 1.0824, 0.5477 0.8215 1.0689, 0.5477 0.8497 1.0778, 0.5477 0.6739 1.0658, 0.5483 0.6739 1.0709, 0.5503 0.6739 1.0757, 0.5534 0.6739 1.0798, 0.5575 0.6739 1.0829, 0.5623 0.6739 1.0849, 0.5674 0.6739 1.0855, 0.87 1.3733 1.8579, 0.8421 1.3784 1.8562, 0.9414 1.3784 1.8648, 0.607 1.3733 1.7534, 0.574 1.3784 1.7311, 0.6556 1.3784 1.7883, 0.8422 1.3733 1.8555, 0.7461 1.3733 1.8297, 0.7459 1.3784 1.8304, 0.7317 1.3733 1.823, 0.6559 1.3733 1.7877, 0.5744 1.3733 1.7306, 0.5041 1.3733 1.6603, 0.5036 1.3784 1.6607, 0.5018 1.3733 1.657, 0.4464 1.3784 1.5791, 0.447 1.3733 1.5787, 0.4268 1.3733 1.5355, 0.4043 1.3784 1.4888, 0.4049 1.3733 1.4886, 0.3785 1.3784 1.3926, 0.3812 1.3733 1.4001, 0.3998 1.3733 1.1173, 0.4043 1.3784 1.0978, 0.3785 1.3784 1.1941, 0.3792 1.3733 1.3924, 0.3705 1.3733 1.2933, 0.3698 1.3784 1.2933, 0.3736 1.3733 1.2576, 0.3792 1.3733 1.1942, 0.5519 1.3733 0.8785, 0.574 1.3784 0.8555, 0.5036 1.3784 0.9259, 0.4049 1.3733 1.0981, 0.447 1.3733 1.0079, 0.4464 1.3784 1.0075, 0.4607 1.3733 0.9883, 0.5041 1.3733 0.9264, 0.8 1.3733 0.7424, 0.8421 1.3784 0.7305, 0.7459 1.3784 0.7562, 0.5744 1.3733 0.856, 0.6559 1.3733 0.7989, 0.6556 1.3784 0.7983, 0.6667 1.3733 0.7939, 0.7461 1.3733 0.7569, 0.8422 1.3733 0.7311, 0.9414 1.3733 0.7224, 0.9414 1.3784 0.7218, 1.0405 1.3733 0.7311, 1.0406 1.3784 0.7305, 1.0828 1.3733 0.7424, 1.1369 1.3784 0.7562, 1.1366 1.3733 0.7569, 1.2271 1.3784 0.7983, 1.216 1.3733 0.7939, 1.4221 1.3733 0.9883, 1.4363 1.3784 1.0075, 1.3792 1.3784 0.9259, 1.2268 1.3733 0.7989, 1.3083 1.3733 0.856, 1.3088 1.3784 0.8555, 1.3308 1.3733 0.8785, 1.3787 1.3733 0.9264, 1.5091 1.3733 1.2576, 1.5129 1.3784 1.2933, 1.5042 1.3784 1.1941, 1.4358 1.3733 1.0079, 1.4778 1.3733 1.0981, 1.4784 1.3784 1.0978, 1.483 1.3733 1.1173, 1.5036 1.3733 1.1942, 1.5122 1.3733 1.2933, 1.5036 1.3733 1.3924, 1.5042 1.3784 1.3926, 1.5015 1.3733 1.4001, 1.4784 1.3784 1.4888, 1.4778 1.3733 1.4886, 1.4559 1.3733 1.5355, 1.4363 1.3784 1.5791, 1.4358 1.3733 1.5787, 1.3792 1.3784 1.6607, 1.381 1.3733 1.657, 1.151 1.3733 1.823, 1.1369 1.3784 1.8304, 1.2271 1.3784 1.7883, 1.3787 1.3733 1.6603, 1.3083 1.3733 1.7306, 1.3088 1.3784 1.7311, 1.2757 1.3733 1.7534, 1.2268 1.3733 1.7877, 1.1366 1.3733 1.8297, 1.0405 1.3733 1.8555, 1.0406 1.3784 1.8562, 1.0128 1.3733 1.8579, 0.9414 1.3733 1.8642, 1.041 1.3831 1.8581, 1.1375 1.3831 1.8322, 1.2281 1.3831 1.79, 1.31 1.3831 1.7326, 1.3807 1.3831 1.662, 1.438 1.3831 1.5801, 1.4803 1.3831 1.4895, 1.5062 1.3831 1.3929, 1.5149 1.3831 1.2933, 1.5062 1.3831 1.1937, 1.4803 1.3831 1.0972, 1.438 1.3831 1.0066, 1.3807 1.3831 0.9247, 1.31 1.3831 0.854, 1.2281 1.3831 0.7966, 1.1375 1.3831 0.7544, 1.041 1.3831 0.7285, 0.9414 1.3831 0.7198, 0.8418 1.3831 0.7285, 0.7452 1.3831 0.7544, 0.6546 1.3831 0.7966, 0.5727 1.3831 0.854, 0.502 1.3831 0.9247, 0.4447 1.3831 1.0066, 0.4025 1.3831 1.0972, 0.3766 1.3831 1.1937, 0.3679 1.3831 1.2933, 0.3766 1.3831 1.3929, 0.4025 1.3831 1.4895, 0.4447 1.3831 1.5801, 0.502 1.3831 1.662, 0.5727 1.3831 1.7326, 0.6546 1.3831 1.79, 0.7452 1.3831 1.8322, 0.8418 1.3831 1.8581, 0.9414 1.3831 1.8668, 1.0415 1.3872 1.8612, 1.1386 1.3872 1.8352, 1.2297 1.3872 1.7927, 1.312 1.3872 1.735, 1.3831 1.3872 1.664, 1.4408 1.3872 1.5816, 1.4832 1.3872 1.4905, 1.5092 1.3872 1.3934, 1.518 1.3872 1.2933, 1.5092 1.3872 1.1932, 1.4832 1.3872 1.0961, 1.4408 1.3872 1.005, 1.3831 1.3872 0.9227, 1.312 1.3872 0.8516, 1.2297 1.3872 0.7939, 1.1386 1.3872 0.7515, 1.0415 1.3872 0.7254, 0.9414 1.3872 0.7167, 0.8412 1.3872 0.7254, 0.7442 1.3872 0.7515, 0.6531 1.3872 0.7939, 0.5707 1.3872 0.8516, 0.4996 1.3872 0.9227, 0.442 1.3872 1.005, 0.3995 1.3872 1.0961, 0.3735 1.3872 1.1932, 0.3647 1.3872 1.2933, 0.3735 1.3872 1.3934, 0.3995 1.3872 1.4905, 0.442 1.3872 1.5816, 0.4996 1.3872 1.664, 0.5707 1.3872 1.735, 0.6531 1.3872 1.7927, 0.7442 1.3872 1.8352, 0.8412 1.3872 1.8612, 0.9414 1.3872 1.8699, 1.0422 1.3904 1.8652, 1.14 1.3904 1.839, 1.2317 1.3904 1.7962, 1.3146 1.3904 1.7382, 1.3862 1.3904 1.6666, 1.4443 1.3904 1.5837, 1.4871 1.3904 1.4919, 1.5133 1.3904 1.3941, 1.5221 1.3904 1.2933, 1.5133 1.3904 1.1925, 1.4871 1.3904 1.0947, 1.4443 1.3904 1.003, 1.3862 1.3904 0.92, 1.3146 1.3904 0.8485, 1.2317 1.3904 0.7904, 1.14 1.3904 0.7476, 1.0422 1.3904 0.7214, 0.9414 1.3904 0.7126, 0.8405 1.3904 0.7214, 0.7428 1.3904 0.7476, 0.651 1.3904 0.7904, 0.5681 1.3904 0.8485, 0.4965 1.3904 0.92, 0.4385 1.3904 1.003, 0.3957 1.3904 1.0947, 0.3695 1.3904 1.1925, 0.3607 1.3904 1.2933, 0.3695 1.3904 1.3941, 0.3957 1.3904 1.4919, 0.4385 1.3904 1.5837, 0.4965 1.3904 1.6666, 0.5681 1.3904 1.7382, 0.651 1.3904 1.7962, 0.7428 1.3904 1.839, 0.8405 1.3904 1.8652, 0.9414 1.3904 1.874, 1.043 1.3923 1.8699, 1.1416 1.3923 1.8435, 1.2341 1.3923 1.8003, 1.3177 1.3923 1.7418, 1.3899 1.3923 1.6696, 1.4484 1.3923 1.586, 1.4915 1.3923 1.4935, 1.5179 1.3923 1.395, 1.5268 1.3923 1.2933, 1.5179 1.3923 1.1916, 1.4915 1.3923 1.0931, 1.4484 1.3923 1.0006, 1.3899 1.3923 0.917, 1.3177 1.3923 0.8448, 1.2341 1.3923 0.7863, 1.1416 1.3923 0.7432, 1.043 1.3923 0.7167, 0.9414 1.3923 0.7079, 0.8397 1.3923 0.7167, 0.7411 1.3923 0.7432, 0.6486 1.3923 0.7863, 0.5651 1.3923 0.8448, 0.4929 1.3923 0.917, 0.4344 1.3923 1.0006, 0.3912 1.3923 1.0931, 0.3648 1.3923 1.1916, 0.3559 1.3923 1.2933, 0.3648 1.3923 1.395, 0.3912 1.3923 1.4935, 0.4344 1.3923 1.586, 0.4929 1.3923 1.6696, 0.5651 1.3923 1.7418, 0.6486 1.3923 1.8003, 0.7411 1.3923 1.8435, 0.8397 1.3923 1.8699, 0.9414 1.3923 1.8788, 1.0439 1.393 1.8749, 1.1434 1.393 1.8482, 1.2367 1.393 1.8047, 1.321 1.393 1.7457, 1.3938 1.393 1.6729, 1.4528 1.393 1.5886, 1.4963 1.393 1.4953, 1.523 1.393 1.3959, 1.5319 1.393 1.2933, 1.523 1.393 1.1908, 1.4963 1.393 1.0913, 1.4528 1.393 0.998, 1.3938 1.393 0.9137, 1.321 1.393 0.8409, 1.2367 1.393 0.7819, 1.1434 1.393 0.7384, 1.0439 1.393 0.7117, 0.9414 1.393 0.7028, 0.8388 1.393 0.7117, 0.7394 1.393 0.7384, 0.6461 1.393 0.7819, 0.5618 1.393 0.8409, 0.489 1.393 0.9137, 0.4299 1.393 0.998, 0.3864 1.393 1.0913, 0.3598 1.393 1.1908, 0.3508 1.393 1.2933, 0.3598 1.393 1.3959, 0.3864 1.393 1.4953, 0.4299 1.393 1.5886, 0.489 1.393 1.6729, 0.5618 1.393 1.7457, 0.6461 1.393 1.8047, 0.7394 1.393 1.8482, 0.8388 1.393 1.8749, 0.9414 1.393 1.8839, 0.7445 0.1378 -1.378, 0.7512 0.1887 0.315, 0.7512 0.1887 -1.378, 0.7709 0.2362 0.315, 0.7709 0.2362 -1.378, 0.8022 0.277 0.315, 0.8022 0.277 -1.378, 0.8429 0.3083 0.315, 0.8429 0.3083 -1.378, 0.8904 0.3279 0.315, 0.8904 0.3279 -1.378, 0.9414 0.3346 0.315, 0.9414 0.3346 -1.378, 0.9923 0.3279 0.315, 0.9923 0.3279 -1.378, 1.0398 0.3083 0.315, 1.0398 0.3083 -1.378, 1.0806 0.277 0.315, 1.0806 0.277 -1.378, 1.1119 0.2362 0.315, 1.1119 0.2362 -1.378, 1.1315 0.1887 0.315, 1.1315 0.1887 -1.378, 1.1382 0.1378 0.315, 1.1382 0.1378 -1.378, 1.1315 0.0868 0.315, 1.1315 0.0868 -1.378, 1.1119 0.0394 0.315, 1.1119 0.0394 -1.378, 1.0806 -0.0014 0.315, 1.0806 -0.0014 -1.378, 1.0398 -0.0327 0.315, 1.0398 -0.0327 -1.378, 0.9923 -0.0524 0.315, 0.9923 -0.0524 -1.378, 0.9414 -0.0591 0.315, 0.9414 -0.0591 -1.378, 0.8904 -0.0524 0.315, 0.8904 -0.0524 -1.378, 0.8429 -0.0327 0.315, 0.8429 -0.0327 -1.378, 0.8022 -0.0014 0.315, 0.8022 -0.0014 -1.378, 0.7709 0.0394 0.315, 0.7709 0.0394 -1.378, 0.7512 0.0868 0.315, 0.7512 0.0868 -1.378, 0.7445 0.1378 0.315, 0.9414 0.1378 -1.378
            ]
        }
        coordIndex [
            0,1,2,-1,2,1,3,-1,3,1,4,-1,4,1,5,-1,4,5,6,-1,6,5,7,-1,7,5,8,-1,7,8,9,-1,9,8,10,-1,10,8,11,-1,10,11,12,-1,12,11,13,-1,13,11,14,-1,13,14,15,-1,15,14,16,-1,16,14,17,-1,16,17,18,-1,18,17,19,-1,18,19,20,-1,20,21,18,-1,18,21,22,-1,18,22,16,-1,16,22,15,-1,15,22,23,-1,15,23,13,-1,13,23,12,-1,12,23,24,-1,12,24,10,-1,10,24,9,-1,9,24,25,-1,9,25,7,-1,7,25,6,-1,6,25,26,-1,6,26,4,-1,4,26,3,-1,3,26,27,-1,3,27,2,-1,21,28,22,-1,22,28,29,-1,22,29,23,-1,23,29,30,-1,23,30,24,-1,24,30,31,-1,24,31,25,-1,25,31,32,-1,25,32,26,-1,26,32,33,-1,26,33,27,-1,27,33,34,-1,28,35,29,-1,29,35,36,-1,29,36,30,-1,30,36,37,-1,30,37,31,-1,31,37,38,-1,31,38,32,-1,32,38,39,-1,32,39,33,-1,33,39,40,-1,33,40,34,-1,34,40,41,-1,42,43,35,-1,35,43,36,-1,43,44,36,-1,36,44,45,-1,36,45,37,-1,45,46,37,-1,37,46,47,-1,37,47,38,-1,38,47,48,-1,38,48,39,-1,48,49,39,-1,39,49,50,-1,39,50,40,-1,50,51,40,-1,40,51,52,-1,40,52,41,-1,41,52,53,-1,41,53,54,-1,55,56,57,-1,42,56,43,-1,43,56,55,-1,43,55,44,-1,44,55,58,-1,57,59,55,-1,55,59,60,-1,55,60,58,-1,58,60,61,-1,58,61,62,-1,62,46,58,-1,58,46,45,-1,58,45,44,-1,63,48,62,-1,62,48,47,-1,62,47,46,-1,61,64,62,-1,62,64,65,-1,62,65,63,-1,63,65,66,-1,63,66,67,-1,67,50,63,-1,63,50,49,-1,63,49,48,-1,68,52,67,-1,67,52,51,-1,67,51,50,-1,69,54,68,-1,68,54,53,-1,68,53,52,-1,66,70,67,-1,67,70,71,-1,67,71,68,-1,68,71,72,-1,68,72,69,-1,69,72,73,-1,74,75,76,-1,57,77,59,-1,59,77,78,-1,59,78,60,-1,60,78,79,-1,80,81,82,-1,82,81,83,-1,66,65,84,-1,84,65,64,-1,84,64,79,-1,79,64,61,-1,79,61,60,-1,77,82,78,-1,78,82,83,-1,78,83,79,-1,79,83,85,-1,79,85,84,-1,84,85,86,-1,81,87,83,-1,83,87,88,-1,83,88,85,-1,85,88,89,-1,85,89,86,-1,86,89,90,-1,86,90,91,-1,66,84,92,-1,92,84,86,-1,92,86,74,-1,74,86,91,-1,74,91,75,-1,93,71,70,-1,94,73,93,-1,93,73,72,-1,93,72,71,-1,95,96,97,-1,97,96,98,-1,97,98,93,-1,93,98,99,-1,93,99,94,-1,100,101,95,-1,100,95,76,-1,76,95,97,-1,76,97,74,-1,74,97,93,-1,74,93,92,-1,92,93,70,-1,92,70,66,-1,102,103,104,-1,104,103,105,-1,104,105,106,-1,106,105,107,-1,106,107,108,-1,108,107,109,-1,108,109,110,-1,110,109,111,-1,110,111,112,-1,112,111,113,-1,112,113,114,-1,114,113,115,-1,101,114,116,-1,116,114,115,-1,116,115,117,-1,101,100,114,-1,114,100,76,-1,114,76,112,-1,112,76,75,-1,112,75,110,-1,75,91,110,-1,110,91,90,-1,110,90,108,-1,108,90,89,-1,108,89,106,-1,80,102,81,-1,81,102,104,-1,81,104,87,-1,87,104,106,-1,87,106,88,-1,88,106,89,-1,118,119,120,-1,120,119,121,-1,120,121,122,-1,122,121,123,-1,122,123,124,-1,124,123,125,-1,124,125,126,-1,126,125,127,-1,126,127,128,-1,128,127,129,-1,128,129,130,-1,130,129,131,-1,130,131,132,-1,132,131,133,-1,105,120,107,-1,107,120,122,-1,107,122,109,-1,109,122,124,-1,109,124,111,-1,111,124,126,-1,111,126,113,-1,113,126,128,-1,113,128,115,-1,115,128,130,-1,115,130,117,-1,117,130,132,-1,105,103,134,-1,105,134,120,-1,120,134,135,-1,120,135,118,-1,136,137,138,-1,136,138,139,-1,139,138,140,-1,139,140,141,-1,141,140,142,-1,141,142,143,-1,143,142,144,-1,143,144,145,-1,145,144,146,-1,145,146,147,-1,147,146,148,-1,147,148,149,-1,149,148,150,-1,149,150,151,-1,131,152,133,-1,133,152,153,-1,133,153,154,-1,129,127,155,-1,155,156,129,-1,129,156,157,-1,129,157,131,-1,131,157,158,-1,131,158,152,-1,125,123,159,-1,159,160,125,-1,125,160,161,-1,125,161,127,-1,127,161,162,-1,127,162,155,-1,119,163,121,-1,121,163,164,-1,164,165,121,-1,121,165,166,-1,121,166,123,-1,123,166,167,-1,123,167,159,-1,151,168,149,-1,149,168,169,-1,149,169,147,-1,147,169,170,-1,147,170,145,-1,145,170,171,-1,145,171,143,-1,143,171,172,-1,143,172,141,-1,141,172,173,-1,141,173,139,-1,139,173,174,-1,139,174,136,-1,136,174,175,-1,168,176,169,-1,169,176,177,-1,169,177,170,-1,170,177,178,-1,170,178,171,-1,171,178,179,-1,171,179,172,-1,172,179,180,-1,172,180,173,-1,173,180,181,-1,173,181,174,-1,174,181,182,-1,174,182,175,-1,175,182,183,-1,176,184,177,-1,177,184,185,-1,177,185,178,-1,178,185,186,-1,178,186,179,-1,179,186,187,-1,179,187,180,-1,180,187,188,-1,180,188,181,-1,181,188,189,-1,181,189,182,-1,182,189,190,-1,182,190,183,-1,183,190,191,-1,184,192,185,-1,185,192,193,-1,185,193,186,-1,186,193,194,-1,186,194,187,-1,187,194,195,-1,187,195,188,-1,188,195,196,-1,188,196,189,-1,189,196,197,-1,189,197,190,-1,190,197,198,-1,190,198,191,-1,191,198,199,-1,192,200,193,-1,193,200,201,-1,193,201,194,-1,194,201,202,-1,194,202,195,-1,195,202,203,-1,195,203,196,-1,196,203,204,-1,196,204,197,-1,197,204,205,-1,197,205,198,-1,198,205,206,-1,198,206,199,-1,199,206,207,-1,165,207,166,-1,166,207,206,-1,166,206,167,-1,167,206,159,-1,159,206,205,-1,159,205,160,-1,160,205,161,-1,161,205,204,-1,161,204,162,-1,162,204,155,-1,155,204,203,-1,155,203,156,-1,156,203,157,-1,157,203,202,-1,157,202,158,-1,158,202,152,-1,152,202,201,-1,152,201,153,-1,153,201,200,-1,153,200,154,-1,208,209,210,-1,208,210,211,-1,211,210,212,-1,211,212,213,-1,213,212,214,-1,213,214,215,-1,215,214,216,-1,215,216,217,-1,217,216,218,-1,217,218,219,-1,219,218,220,-1,219,220,221,-1,222,223,224,-1,224,223,225,-1,223,226,225,-1,225,226,227,-1,225,227,228,-1,227,229,228,-1,228,229,230,-1,228,230,231,-1,230,232,231,-1,231,232,233,-1,231,233,234,-1,209,235,210,-1,210,235,236,-1,210,236,212,-1,212,236,237,-1,212,237,214,-1,214,237,238,-1,214,238,216,-1,216,238,239,-1,216,239,218,-1,218,239,240,-1,218,240,220,-1,235,224,236,-1,236,224,225,-1,236,225,237,-1,237,225,228,-1,237,228,238,-1,238,228,231,-1,238,231,239,-1,239,231,234,-1,239,234,240,-1,240,234,241,-1,233,242,234,-1,234,242,243,-1,234,243,241,-1,241,243,244,-1,241,244,245,-1,220,240,246,-1,246,240,241,-1,246,241,247,-1,247,241,245,-1,247,245,248,-1,248,245,249,-1,249,245,250,-1,250,245,251,-1,251,245,244,-1,251,244,252,-1,252,244,243,-1,252,243,253,-1,253,243,242,-1,253,242,254,-1,254,242,233,-1,254,233,255,-1,255,233,232,-1,255,232,256,-1,256,232,230,-1,256,230,257,-1,257,230,229,-1,257,229,258,-1,258,229,227,-1,258,227,259,-1,259,227,226,-1,259,226,260,-1,226,223,260,-1,260,223,222,-1,260,222,261,-1,261,262,260,-1,260,262,263,-1,262,264,265,-1,266,258,263,-1,263,258,259,-1,263,259,260,-1,267,256,266,-1,266,256,257,-1,266,257,258,-1,262,265,263,-1,263,265,268,-1,263,268,266,-1,266,268,269,-1,266,269,267,-1,267,269,270,-1,267,270,271,-1,252,253,271,-1,271,253,254,-1,271,254,267,-1,267,254,255,-1,267,255,256,-1,251,252,272,-1,272,252,271,-1,272,271,273,-1,273,271,270,-1,251,272,250,-1,250,272,274,-1,250,274,249,-1,275,274,276,-1,276,274,272,-1,276,272,277,-1,277,272,273,-1,270,278,279,-1,280,281,282,-1,264,283,284,-1,285,286,287,-1,280,282,288,-1,278,270,289,-1,289,270,269,-1,289,269,290,-1,290,269,268,-1,290,268,284,-1,284,268,265,-1,284,265,264,-1,291,277,279,-1,279,277,273,-1,279,273,270,-1,292,275,291,-1,291,275,276,-1,291,276,277,-1,283,285,284,-1,284,285,287,-1,284,287,290,-1,290,287,293,-1,290,293,289,-1,289,293,294,-1,289,294,278,-1,278,294,295,-1,278,295,279,-1,279,295,296,-1,279,296,291,-1,291,296,297,-1,291,297,292,-1,292,297,298,-1,286,288,287,-1,287,288,282,-1,287,282,293,-1,293,282,299,-1,293,299,294,-1,294,299,300,-1,294,300,295,-1,295,300,301,-1,295,301,296,-1,296,301,302,-1,296,302,297,-1,297,302,303,-1,297,303,298,-1,298,303,304,-1,305,304,306,-1,306,304,303,-1,306,303,307,-1,307,303,302,-1,307,302,308,-1,308,302,301,-1,308,301,309,-1,309,301,300,-1,309,300,310,-1,310,300,299,-1,310,299,311,-1,311,299,282,-1,311,282,312,-1,312,282,281,-1,313,305,314,-1,314,305,306,-1,314,306,315,-1,315,306,307,-1,315,307,316,-1,316,307,308,-1,316,308,317,-1,317,308,309,-1,317,309,318,-1,318,309,310,-1,318,310,319,-1,319,310,311,-1,319,311,320,-1,320,311,312,-1,321,322,323,-1,323,314,324,-1,324,314,315,-1,324,315,325,-1,325,315,316,-1,325,316,326,-1,326,316,317,-1,326,317,327,-1,327,317,318,-1,327,318,328,-1,328,318,319,-1,328,319,329,-1,329,319,320,-1,323,322,314,-1,314,322,330,-1,314,330,313,-1,329,331,328,-1,328,331,332,-1,328,332,327,-1,327,332,333,-1,327,333,326,-1,326,333,334,-1,326,334,325,-1,325,334,335,-1,325,335,324,-1,324,335,336,-1,324,336,323,-1,323,336,337,-1,323,337,321,-1,321,337,338,-1,339,340,341,-1,341,340,342,-1,342,340,343,-1,343,340,344,-1,343,344,345,-1,345,344,346,-1,346,344,347,-1,346,347,348,-1,348,347,349,-1,349,347,350,-1,349,350,351,-1,352,353,354,-1,354,353,355,-1,354,355,350,-1,350,355,356,-1,350,356,351,-1,354,357,352,-1,352,357,358,-1,352,358,359,-1,360,361,338,-1,360,338,362,-1,362,338,363,-1,363,338,337,-1,363,337,364,-1,364,337,336,-1,364,336,365,-1,365,336,366,-1,366,336,335,-1,366,335,367,-1,367,335,368,-1,368,335,334,-1,368,334,369,-1,369,334,370,-1,370,334,333,-1,370,333,371,-1,371,333,372,-1,372,333,332,-1,372,332,373,-1,373,332,374,-1,374,332,331,-1,374,331,375,-1,376,377,378,-1,378,377,379,-1,341,342,380,-1,380,342,381,-1,382,383,379,-1,379,383,384,-1,379,384,378,-1,342,343,381,-1,381,343,345,-1,381,345,385,-1,386,387,382,-1,382,387,388,-1,382,388,383,-1,345,346,385,-1,385,346,348,-1,385,348,389,-1,390,391,386,-1,386,391,392,-1,386,392,387,-1,348,349,389,-1,389,349,351,-1,389,351,393,-1,394,395,396,-1,396,395,397,-1,396,397,390,-1,390,397,398,-1,390,398,391,-1,377,399,379,-1,379,399,400,-1,379,400,382,-1,382,400,401,-1,382,401,386,-1,386,401,402,-1,386,402,390,-1,390,402,403,-1,390,403,396,-1,396,403,404,-1,399,405,400,-1,400,405,406,-1,400,406,401,-1,401,406,407,-1,401,407,402,-1,402,407,408,-1,402,408,403,-1,403,408,409,-1,403,409,404,-1,404,409,410,-1,405,380,406,-1,406,380,381,-1,406,381,407,-1,407,381,385,-1,407,385,408,-1,408,385,389,-1,408,389,409,-1,409,389,393,-1,409,393,410,-1,410,393,411,-1,412,413,394,-1,351,356,393,-1,393,356,355,-1,393,355,411,-1,411,355,353,-1,411,353,352,-1,394,396,412,-1,412,396,404,-1,412,404,414,-1,414,404,410,-1,414,410,415,-1,415,410,411,-1,415,411,416,-1,416,411,352,-1,416,352,359,-1,391,368,369,-1,391,369,392,-1,392,369,370,-1,392,370,387,-1,387,370,371,-1,387,371,388,-1,388,371,372,-1,388,372,383,-1,383,372,373,-1,383,373,384,-1,384,373,374,-1,384,374,378,-1,378,374,375,-1,378,375,376,-1,368,391,367,-1,367,391,398,-1,367,398,366,-1,398,397,366,-1,366,397,395,-1,366,395,365,-1,365,395,394,-1,365,394,364,-1,364,394,363,-1,363,394,413,-1,363,413,362,-1,417,418,419,-1,419,418,420,-1,419,420,421,-1,417,422,418,-1,418,422,423,-1,418,423,424,-1,424,423,425,-1,424,425,426,-1,427,426,425,-1,425,428,429,-1,425,429,427,-1,427,429,430,-1,427,430,431,-1,431,430,432,-1,431,432,433,-1,434,435,436,-1,436,437,434,-1,434,437,438,-1,434,438,432,-1,432,438,439,-1,432,439,433,-1,428,425,440,-1,440,425,423,-1,440,423,422,-1,441,442,443,-1,444,435,434,-1,442,444,443,-1,443,444,434,-1,443,434,445,-1,445,434,432,-1,445,432,446,-1,446,432,430,-1,446,430,447,-1,447,430,429,-1,447,429,448,-1,448,429,428,-1,448,428,449,-1,449,428,440,-1,450,441,451,-1,451,441,443,-1,451,443,452,-1,452,443,445,-1,452,445,453,-1,453,445,446,-1,453,446,454,-1,454,446,447,-1,454,447,455,-1,455,447,448,-1,455,448,456,-1,456,448,449,-1,457,450,458,-1,458,450,451,-1,458,451,459,-1,459,451,452,-1,459,452,460,-1,460,452,453,-1,460,453,461,-1,461,453,454,-1,461,454,462,-1,462,454,455,-1,462,455,463,-1,463,455,456,-1,464,457,465,-1,465,457,458,-1,465,458,466,-1,466,458,459,-1,466,459,467,-1,467,459,460,-1,467,460,468,-1,468,460,461,-1,468,461,469,-1,469,461,462,-1,469,462,470,-1,470,462,463,-1,471,472,473,-1,474,475,476,-1,477,478,479,-1,475,477,476,-1,476,477,479,-1,476,479,480,-1,480,479,481,-1,480,481,482,-1,482,481,483,-1,482,483,484,-1,484,483,485,-1,484,485,486,-1,486,485,487,-1,486,487,488,-1,488,487,489,-1,472,474,473,-1,473,474,476,-1,473,476,490,-1,490,476,480,-1,490,480,491,-1,491,480,482,-1,491,482,492,-1,492,482,484,-1,492,484,493,-1,493,484,486,-1,493,486,494,-1,494,486,488,-1,470,471,469,-1,469,471,473,-1,469,473,468,-1,468,473,490,-1,468,490,467,-1,467,490,491,-1,467,491,466,-1,466,491,492,-1,466,492,465,-1,465,492,493,-1,465,493,464,-1,464,493,494,-1,495,496,497,-1,497,496,498,-1,497,498,499,-1,499,498,500,-1,499,500,501,-1,501,500,502,-1,501,502,503,-1,503,502,504,-1,503,504,505,-1,505,504,506,-1,505,506,507,-1,507,506,508,-1,496,489,498,-1,498,489,487,-1,498,487,500,-1,500,487,485,-1,500,485,502,-1,502,485,483,-1,502,483,504,-1,504,483,481,-1,504,481,506,-1,506,481,479,-1,506,479,508,-1,508,479,478,-1,509,495,497,-1,509,497,510,-1,510,497,499,-1,510,499,511,-1,511,499,501,-1,511,501,512,-1,512,501,503,-1,512,503,513,-1,513,503,505,-1,513,505,514,-1,514,505,507,-1,514,507,515,-1,516,517,518,-1,518,517,519,-1,518,519,520,-1,520,519,521,-1,520,521,522,-1,522,521,523,-1,522,523,524,-1,524,523,525,-1,524,525,526,-1,526,525,527,-1,526,527,528,-1,528,527,529,-1,517,530,519,-1,519,530,531,-1,519,531,521,-1,521,531,532,-1,521,532,523,-1,523,532,533,-1,523,533,525,-1,525,533,534,-1,525,534,527,-1,527,534,535,-1,527,535,529,-1,529,535,536,-1,530,509,531,-1,531,509,510,-1,531,510,532,-1,532,510,511,-1,532,511,533,-1,533,511,512,-1,533,512,534,-1,534,512,513,-1,534,513,535,-1,535,513,514,-1,535,514,536,-1,536,514,515,-1,537,516,518,-1,537,518,538,-1,538,518,520,-1,538,520,539,-1,539,520,522,-1,539,522,540,-1,540,522,524,-1,540,524,541,-1,541,524,526,-1,541,526,542,-1,542,526,528,-1,542,528,543,-1,544,545,546,-1,547,548,549,-1,549,548,546,-1,546,548,550,-1,546,550,544,-1,551,550,552,-1,552,550,548,-1,552,548,553,-1,553,548,547,-1,553,547,554,-1,555,556,557,-1,557,556,558,-1,557,558,559,-1,559,558,560,-1,559,560,561,-1,562,563,564,-1,564,563,565,-1,564,565,566,-1,566,565,555,-1,566,555,567,-1,567,555,557,-1,554,563,553,-1,553,563,562,-1,553,562,552,-1,552,562,568,-1,552,568,551,-1,569,570,571,-1,572,573,574,-1,575,576,577,-1,577,576,578,-1,577,578,579,-1,579,578,580,-1,579,580,581,-1,581,580,582,-1,581,582,583,-1,583,582,584,-1,583,584,574,-1,574,584,571,-1,574,571,572,-1,572,571,570,-1,576,568,578,-1,578,568,562,-1,578,562,580,-1,580,562,564,-1,580,564,582,-1,582,564,566,-1,582,566,584,-1,584,566,567,-1,584,567,571,-1,571,567,557,-1,571,557,569,-1,569,557,559,-1,585,586,587,-1,587,586,588,-1,587,588,589,-1,589,588,590,-1,589,590,591,-1,591,590,592,-1,591,592,593,-1,593,592,594,-1,593,594,595,-1,595,594,596,-1,595,596,597,-1,597,596,598,-1,573,585,574,-1,574,585,587,-1,574,587,583,-1,583,587,589,-1,583,589,581,-1,581,589,591,-1,581,591,579,-1,579,591,593,-1,579,593,577,-1,577,593,595,-1,577,595,575,-1,575,595,597,-1,599,598,596,-1,600,601,602,-1,603,604,605,-1,599,596,606,-1,607,608,609,-1,609,608,610,-1,609,610,611,-1,611,610,612,-1,611,612,613,-1,613,612,614,-1,613,614,615,-1,615,614,616,-1,615,616,602,-1,602,616,617,-1,602,617,600,-1,601,603,602,-1,602,603,605,-1,602,605,615,-1,615,605,618,-1,615,618,613,-1,613,618,619,-1,613,619,611,-1,611,619,620,-1,611,620,609,-1,609,620,621,-1,609,621,607,-1,607,621,622,-1,604,606,605,-1,605,606,596,-1,605,596,618,-1,618,596,594,-1,618,594,619,-1,619,594,592,-1,619,592,620,-1,620,592,590,-1,620,590,621,-1,621,590,588,-1,621,588,622,-1,622,588,586,-1,623,624,625,-1,625,624,626,-1,625,626,627,-1,627,626,628,-1,628,626,629,-1,628,629,630,-1,630,629,631,-1,631,629,632,-1,631,632,633,-1,633,632,634,-1,634,632,635,-1,634,635,636,-1,636,635,637,-1,637,635,638,-1,637,638,639,-1,639,638,640,-1,640,638,641,-1,640,641,642,-1,624,600,626,-1,626,600,617,-1,626,617,629,-1,629,617,616,-1,629,616,632,-1,632,616,614,-1,632,614,635,-1,635,614,612,-1,635,612,638,-1,638,612,610,-1,638,610,641,-1,641,610,608,-1,643,644,642,-1,642,644,640,-1,640,644,639,-1,639,644,645,-1,639,645,637,-1,637,645,646,-1,637,646,636,-1,636,646,647,-1,636,647,634,-1,634,647,648,-1,634,648,633,-1,633,648,649,-1,633,649,631,-1,631,649,650,-1,631,650,630,-1,630,650,651,-1,630,651,628,-1,628,651,652,-1,628,652,627,-1,627,652,653,-1,627,653,625,-1,653,654,625,-1,625,654,655,-1,625,655,623,-1,655,654,656,-1,656,654,657,-1,654,653,657,-1,657,653,652,-1,657,652,658,-1,652,651,658,-1,658,651,650,-1,658,650,659,-1,650,649,659,-1,659,649,648,-1,659,648,660,-1,661,662,663,-1,663,662,664,-1,663,664,665,-1,665,664,666,-1,665,666,667,-1,667,666,668,-1,667,668,669,-1,669,668,670,-1,669,670,671,-1,671,670,672,-1,671,672,673,-1,662,656,664,-1,664,656,657,-1,664,657,666,-1,666,657,658,-1,666,658,668,-1,668,658,659,-1,668,659,670,-1,670,659,660,-1,670,660,672,-1,672,660,674,-1,648,647,660,-1,660,647,646,-1,660,646,674,-1,674,646,645,-1,674,645,644,-1,673,672,675,-1,675,672,674,-1,675,674,676,-1,676,674,644,-1,676,644,643,-1,673,677,678,-1,673,678,671,-1,671,678,679,-1,671,679,669,-1,669,679,680,-1,669,680,667,-1,667,680,681,-1,667,681,665,-1,665,681,682,-1,665,682,663,-1,663,682,683,-1,663,683,661,-1,684,685,686,-1,687,688,689,-1,684,690,685,-1,685,690,691,-1,685,691,692,-1,692,691,693,-1,692,693,689,-1,689,693,694,-1,689,694,687,-1,687,695,688,-1,688,695,696,-1,688,696,697,-1,697,696,698,-1,697,698,699,-1,698,700,699,-1,699,700,701,-1,699,701,702,-1,702,701,703,-1,702,703,704,-1,704,703,705,-1,706,707,708,-1,705,709,704,-1,704,709,710,-1,704,710,711,-1,711,710,712,-1,711,712,708,-1,708,712,713,-1,708,713,706,-1,714,715,716,-1,706,717,707,-1,707,717,718,-1,707,718,719,-1,719,718,720,-1,719,720,716,-1,716,720,721,-1,716,721,714,-1,722,723,724,-1,714,725,715,-1,715,725,726,-1,715,726,727,-1,727,726,728,-1,727,728,724,-1,724,728,729,-1,724,729,722,-1,722,730,723,-1,723,730,731,-1,723,731,732,-1,732,731,733,-1,732,733,734,-1,734,733,735,-1,734,735,736,-1,736,735,737,-1,736,737,738,-1,738,737,739,-1,740,741,742,-1,739,743,738,-1,738,743,744,-1,738,744,745,-1,745,744,746,-1,745,746,742,-1,742,746,747,-1,742,747,740,-1,748,749,750,-1,740,751,741,-1,741,751,752,-1,741,752,753,-1,753,752,754,-1,753,754,750,-1,750,754,755,-1,750,755,748,-1,748,756,749,-1,749,756,757,-1,749,757,758,-1,758,757,759,-1,758,759,760,-1,759,761,760,-1,760,761,762,-1,760,762,763,-1,763,762,764,-1,763,764,765,-1,765,764,766,-1,767,768,769,-1,766,770,765,-1,765,770,771,-1,765,771,772,-1,772,771,773,-1,772,773,769,-1,769,773,774,-1,769,774,767,-1,767,775,768,-1,768,775,776,-1,768,776,777,-1,777,776,778,-1,777,778,686,-1,686,778,779,-1,686,779,684,-1,686,780,777,-1,777,780,781,-1,777,781,768,-1,768,781,782,-1,768,782,769,-1,769,782,783,-1,769,783,772,-1,772,783,784,-1,772,784,765,-1,765,784,785,-1,765,785,763,-1,763,785,786,-1,763,786,760,-1,760,786,787,-1,760,787,758,-1,758,787,788,-1,758,788,749,-1,749,788,789,-1,749,789,750,-1,750,789,790,-1,750,790,753,-1,753,790,791,-1,753,791,741,-1,741,791,792,-1,741,792,742,-1,742,792,793,-1,742,793,745,-1,745,793,794,-1,745,794,738,-1,738,794,795,-1,738,795,736,-1,736,795,796,-1,736,796,734,-1,734,796,797,-1,734,797,732,-1,732,797,798,-1,732,798,723,-1,723,798,799,-1,723,799,724,-1,724,799,800,-1,724,800,727,-1,727,800,801,-1,727,801,715,-1,715,801,802,-1,715,802,716,-1,716,802,803,-1,716,803,719,-1,719,803,804,-1,719,804,707,-1,707,804,805,-1,707,805,708,-1,708,805,806,-1,708,806,711,-1,711,806,807,-1,711,807,704,-1,704,807,808,-1,704,808,702,-1,702,808,809,-1,702,809,699,-1,699,809,810,-1,699,810,697,-1,697,810,811,-1,697,811,688,-1,688,811,812,-1,688,812,689,-1,689,812,813,-1,689,813,692,-1,692,813,814,-1,692,814,685,-1,685,814,815,-1,685,815,686,-1,686,815,780,-1,815,816,780,-1,780,816,817,-1,780,817,781,-1,781,817,818,-1,781,818,782,-1,782,818,819,-1,782,819,783,-1,783,819,820,-1,783,820,784,-1,784,820,821,-1,784,821,785,-1,785,821,822,-1,785,822,786,-1,786,822,823,-1,786,823,787,-1,787,823,824,-1,787,824,788,-1,788,824,825,-1,788,825,789,-1,789,825,826,-1,789,826,790,-1,790,826,827,-1,790,827,791,-1,791,827,828,-1,791,828,792,-1,792,828,829,-1,792,829,793,-1,793,829,830,-1,793,830,794,-1,794,830,831,-1,794,831,795,-1,795,831,832,-1,795,832,796,-1,796,832,833,-1,796,833,797,-1,797,833,834,-1,797,834,798,-1,798,834,835,-1,798,835,799,-1,799,835,836,-1,799,836,800,-1,800,836,837,-1,800,837,801,-1,801,837,838,-1,801,838,802,-1,802,838,839,-1,802,839,803,-1,803,839,840,-1,803,840,804,-1,804,840,841,-1,804,841,805,-1,805,841,842,-1,805,842,806,-1,806,842,843,-1,806,843,807,-1,807,843,844,-1,807,844,808,-1,808,844,845,-1,808,845,809,-1,809,845,846,-1,809,846,810,-1,810,846,847,-1,810,847,811,-1,811,847,848,-1,811,848,812,-1,812,848,849,-1,812,849,813,-1,813,849,850,-1,813,850,814,-1,814,850,851,-1,814,851,815,-1,815,851,816,-1,851,852,816,-1,816,852,853,-1,816,853,817,-1,817,853,854,-1,817,854,818,-1,818,854,855,-1,818,855,819,-1,819,855,856,-1,819,856,820,-1,820,856,857,-1,820,857,821,-1,821,857,858,-1,821,858,822,-1,822,858,859,-1,822,859,823,-1,823,859,860,-1,823,860,824,-1,824,860,861,-1,824,861,825,-1,825,861,862,-1,825,862,826,-1,826,862,863,-1,826,863,827,-1,827,863,864,-1,827,864,828,-1,828,864,865,-1,828,865,829,-1,829,865,866,-1,829,866,830,-1,830,866,867,-1,830,867,831,-1,831,867,868,-1,831,868,832,-1,832,868,869,-1,832,869,833,-1,833,869,870,-1,833,870,834,-1,834,870,871,-1,834,871,835,-1,835,871,872,-1,835,872,836,-1,836,872,873,-1,836,873,837,-1,837,873,874,-1,837,874,838,-1,838,874,875,-1,838,875,839,-1,839,875,876,-1,839,876,840,-1,840,876,877,-1,840,877,841,-1,841,877,878,-1,841,878,842,-1,842,878,879,-1,842,879,843,-1,843,879,880,-1,843,880,844,-1,844,880,881,-1,844,881,845,-1,845,881,882,-1,845,882,846,-1,846,882,883,-1,846,883,847,-1,847,883,884,-1,847,884,848,-1,848,884,885,-1,848,885,849,-1,849,885,886,-1,849,886,850,-1,850,886,887,-1,850,887,851,-1,851,887,852,-1,887,888,852,-1,852,888,889,-1,852,889,853,-1,853,889,890,-1,853,890,854,-1,854,890,891,-1,854,891,855,-1,855,891,892,-1,855,892,856,-1,856,892,893,-1,856,893,857,-1,857,893,894,-1,857,894,858,-1,858,894,895,-1,858,895,859,-1,859,895,896,-1,859,896,860,-1,860,896,897,-1,860,897,861,-1,861,897,898,-1,861,898,862,-1,862,898,899,-1,862,899,863,-1,863,899,900,-1,863,900,864,-1,864,900,901,-1,864,901,865,-1,865,901,902,-1,865,902,866,-1,866,902,903,-1,866,903,867,-1,867,903,904,-1,867,904,868,-1,868,904,905,-1,868,905,869,-1,869,905,906,-1,869,906,870,-1,870,906,907,-1,870,907,871,-1,871,907,908,-1,871,908,872,-1,872,908,909,-1,872,909,873,-1,873,909,910,-1,873,910,874,-1,874,910,911,-1,874,911,875,-1,875,911,912,-1,875,912,876,-1,876,912,913,-1,876,913,877,-1,877,913,914,-1,877,914,878,-1,878,914,915,-1,878,915,879,-1,879,915,916,-1,879,916,880,-1,880,916,917,-1,880,917,881,-1,881,917,918,-1,881,918,882,-1,882,918,919,-1,882,919,883,-1,883,919,920,-1,883,920,884,-1,884,920,921,-1,884,921,885,-1,885,921,922,-1,885,922,886,-1,886,922,923,-1,886,923,887,-1,887,923,888,-1,923,924,888,-1,888,924,925,-1,888,925,889,-1,889,925,926,-1,889,926,890,-1,890,926,927,-1,890,927,891,-1,891,927,928,-1,891,928,892,-1,892,928,929,-1,892,929,893,-1,893,929,930,-1,893,930,894,-1,894,930,931,-1,894,931,895,-1,895,931,932,-1,895,932,896,-1,896,932,933,-1,896,933,897,-1,897,933,934,-1,897,934,898,-1,898,934,935,-1,898,935,899,-1,899,935,936,-1,899,936,900,-1,900,936,937,-1,900,937,901,-1,901,937,938,-1,901,938,902,-1,902,938,939,-1,902,939,903,-1,903,939,940,-1,903,940,904,-1,904,940,941,-1,904,941,905,-1,905,941,942,-1,905,942,906,-1,906,942,943,-1,906,943,907,-1,907,943,944,-1,907,944,908,-1,908,944,945,-1,908,945,909,-1,909,945,946,-1,909,946,910,-1,910,946,947,-1,910,947,911,-1,911,947,948,-1,911,948,912,-1,912,948,949,-1,912,949,913,-1,913,949,950,-1,913,950,914,-1,914,950,951,-1,914,951,915,-1,915,951,952,-1,915,952,916,-1,916,952,953,-1,916,953,917,-1,917,953,954,-1,917,954,918,-1,918,954,955,-1,918,955,919,-1,919,955,956,-1,919,956,920,-1,920,956,957,-1,920,957,921,-1,921,957,958,-1,921,958,922,-1,922,958,959,-1,922,959,923,-1,923,959,924,-1,960,961,962,-1,962,961,963,-1,962,963,964,-1,964,963,965,-1,964,965,966,-1,966,965,967,-1,966,967,968,-1,968,967,969,-1,968,969,970,-1,970,969,971,-1,970,971,972,-1,972,971,973,-1,972,973,974,-1,974,973,975,-1,974,975,976,-1,976,975,977,-1,976,977,978,-1,978,977,979,-1,978,979,980,-1,980,979,981,-1,980,981,982,-1,982,981,983,-1,982,983,984,-1,984,983,985,-1,984,985,986,-1,986,985,987,-1,986,987,988,-1,988,987,989,-1,988,989,990,-1,990,989,991,-1,990,991,992,-1,992,991,993,-1,992,993,994,-1,994,993,995,-1,994,995,996,-1,996,995,997,-1,996,997,998,-1,998,997,999,-1,998,999,1000,-1,1000,999,1001,-1,1000,1001,1002,-1,1002,1001,1003,-1,1002,1003,1004,-1,1004,1003,1005,-1,1004,1005,1006,-1,1006,1005,1007,-1,1006,1007,960,-1,960,1007,961,-1,1004,1006,1008,-1,1008,1006,960,-1,1008,960,962,-1,998,1000,1008,-1,1008,1000,1002,-1,1008,1002,1004,-1,992,994,1008,-1,1008,994,996,-1,1008,996,998,-1,986,988,1008,-1,1008,988,990,-1,1008,990,992,-1,980,982,1008,-1,1008,982,984,-1,1008,984,986,-1,974,976,1008,-1,1008,976,978,-1,1008,978,980,-1,968,970,1008,-1,1008,970,972,-1,1008,972,974,-1,962,964,1008,-1,1008,964,966,-1,1008,966,968,-1,
        ]
    }
}
Shape{
    appearance Appearance {
        material  Material 	{
            diffuseColor 0.28627450980392155 0.6627450980392157 0.32941176470588235
            specularColor 0.08627450980392157 0.2 0.09803921568627451
            ambientIntensity 0.5122
            transparency 0.0
            shininess 0.5
        }
    }
    geometry IndexedFaceSet {
        ccw TRUE
        solid FALSE
        coord DEF co Coordinate {
            point [
                2.0901 -0.8465 2.4409, 2.0901 -0.8465 0.0, 1.9256 -0.9055 2.4409, 1.9256 -0.9055 0.0, 2.0901 -1.1614 2.4409, 2.0901 -1.1614 0.0, 1.9256 -1.1024 2.4409, 1.9256 -1.1024 0.0, -1.8539 -0.8465 0.0, -1.8539 -0.8465 2.4409, -2.0114 -0.9055 0.0, -2.0114 -0.9055 2.4409, -1.8539 -1.1614 0.0, -1.8539 -1.1614 2.4409, -2.0114 -1.1024 0.0, -2.0114 -1.1024 2.4409, -1.8145 -0.0787 2.3622, -1.8145 -0.0787 0.2362, -1.8145 1.6339 2.3622, -1.8145 1.6339 0.2362, -1.0271 -0.0787 0.2362, -1.0832 -0.0714 0.2362, -1.1354 -0.0497 0.2362, -1.1802 -0.0153 0.2362, -1.2147 0.0295 0.2362, -1.2437 1.6339 0.2362, -1.2437 0.1378 0.2362, -1.2363 0.0817 0.2362, -1.2437 0.1378 0.0, -1.2437 1.6339 0.0, -0.8106 0.1378 0.2362, -0.8106 1.6339 0.2362, -0.8106 0.1378 0.0, -0.8106 1.6339 0.0, -0.818 0.0817 0.2362, -0.8396 0.0295 0.2362, -0.2397 -0.0787 0.2362, -0.874 -0.0153 0.2362, -0.2397 1.6339 0.2362, -0.9189 -0.0497 0.2362, -0.9711 -0.0714 0.2362, -0.2397 -0.0787 2.3622, -0.2397 1.6339 2.3622, -1.0271 -0.0787 0.0, -1.0832 -0.0714 0.0, -1.1354 -0.0497 0.0, -1.1802 -0.0153 0.0, -1.2147 0.0295 0.0, -1.2363 0.0817 0.0, -0.9711 -0.0714 0.0, -0.9189 -0.0497 0.0, -0.874 -0.0153 0.0, -0.8396 0.0295 0.0, -0.818 0.0817 0.0, -0.3185 0.2798 2.8346, -0.3205 0.334 3.9764, -0.3362 0.4375 2.8346, -0.3365 0.4374 3.9764, -0.3886 0.5873 2.8346, -0.3371 0.4413 3.9764, -0.3698 0.5447 3.9764, -0.4737 0.7212 3.9764, -0.4731 0.7216 2.8346, -0.418 0.6419 3.9764, -0.3905 0.5864 3.9764, -0.4804 0.7307 3.9764, -0.5556 0.8088 3.9764, -0.5853 0.8338 2.8346, -0.7202 0.9172 3.9764, -0.7197 0.9183 2.8346, -0.6419 0.8746 3.9764, -0.5864 0.8323 3.9764, -0.7372 0.9264 3.9764, -0.8393 0.9631 3.9764, -0.8694 0.9707 2.8346, -1.0272 0.9869 3.9764, -1.0271 0.9885 2.8346, -0.9459 0.9838 3.9764, -0.8698 0.969 3.9764, -1.0543 0.9879 3.9764, -1.1621 0.9755 3.9764, -1.1848 0.9707 2.8346, -1.3339 0.9166 3.9764, -1.3346 0.9183 2.8346, -1.2667 0.9467 3.9764, -1.1844 0.9693 3.9764, -1.3657 0.9024 3.9764, -1.4567 0.8434 3.9764, -1.469 0.8338 2.8346, -1.5797 0.7204 3.9764, -1.5812 0.7216 2.8346, -1.5377 0.7712 3.9764, -1.4683 0.8331 3.9764, -1.6068 0.6875 3.9764, -1.6622 0.5942 3.9764, -1.6656 0.5873 2.8346, -1.6651 0.5871 3.9764, -1.7028 0.4936 3.9764, -1.718 0.4375 2.8346, -1.716 0.437 3.9764, -1.7275 0.388 3.9764, -1.7358 0.2798 2.8346, -1.7358 0.2798 3.9764, -1.7275 0.1716 3.9764, -1.718 0.1221 2.8346, -1.6651 -0.0275 3.9764, -1.6656 -0.0277 2.8346, -1.7028 0.066 3.9764, -1.716 0.1226 3.9764, -1.6622 -0.0347 3.9764, -1.6068 -0.1279 3.9764, -1.5812 -0.162 2.8346, -1.4683 -0.2735 3.9764, -1.469 -0.2743 2.8346, -1.5377 -0.2116 3.9764, -1.5797 -0.1608 3.9764, -1.4567 -0.2838 3.9764, -1.3657 -0.3428 3.9764, -1.3346 -0.3587 2.8346, -1.1844 -0.4098 3.9764, -1.1848 -0.4111 2.8346, -1.2667 -0.3872 3.9764, -1.3339 -0.357 3.9764, -1.1621 -0.4159 3.9764, -1.0543 -0.4283 3.9764, -1.0271 -0.4289 2.8346, -0.8698 -0.4094 3.9764, -0.8694 -0.4111 2.8346, -0.9459 -0.4242 3.9764, -1.0272 -0.4273 3.9764, -0.8393 -0.4035 3.9764, -0.7372 -0.3669 3.9764, -0.7197 -0.3587 2.8346, -0.5864 -0.2727 3.9764, -0.5853 -0.2743 2.8346, -0.6419 -0.315 3.9764, -0.7202 -0.3576 3.9764, -0.5556 -0.2493 3.9764, -0.4804 -0.1711 3.9764, -0.4731 -0.162 2.8346, -0.3905 -0.0268 3.9764, -0.3886 -0.0277 2.8346, -0.418 -0.0823 3.9764, -0.4737 -0.1616 3.9764, -0.3698 0.0149 3.9764, -0.3371 0.1183 3.9764, -0.3362 0.1221 2.8346, -0.3365 0.1221 3.9764, -0.3205 0.2255 3.9764, -0.3205 0.2798 3.9764, -0.9882 -0.3884 2.8346, -0.8352 -0.3614 2.8346, -0.6925 -0.2998 2.8346, -0.5678 -0.207 2.8346, -0.4679 -0.088 2.8346, -0.3982 0.0509 2.8346, -0.3624 0.2021 2.8346, -0.3578 0.2798 2.8346, -0.3624 0.3575 2.8346, -0.3982 0.5087 2.8346, -0.4679 0.6476 2.8346, -0.5678 0.7666 2.8346, -0.6925 0.8594 2.8346, -0.8352 0.921 2.8346, -0.9882 0.948 2.8346, -1.1434 0.9389 2.8346, -1.2922 0.8943 2.8346, -1.4268 0.8166 2.8346, -1.5398 0.71 2.8346, -1.6252 0.5802 2.8346, -1.6784 0.4341 2.8346, -1.6964 0.2798 2.8346, -1.6784 0.1254 2.8346, -1.6252 -0.0206 2.8346, -1.5398 -0.1504 2.8346, -1.4268 -0.2571 2.8346, -1.2922 -0.3348 2.8346, -1.1434 -0.3793 2.8346
            ]
        }
        coordIndex [
            0,1,2,-1,2,1,3,-1,4,5,0,-1,0,5,1,-1,6,7,4,-1,4,7,5,-1,8,9,10,-1,10,9,11,-1,12,13,8,-1,8,13,9,-1,14,15,12,-1,12,15,13,-1,16,17,18,-1,18,17,19,-1,17,20,21,-1,21,22,17,-1,17,22,23,-1,17,23,24,-1,25,19,26,-1,26,19,17,-1,26,17,27,-1,27,17,24,-1,28,29,26,-1,26,29,25,-1,30,31,32,-1,32,31,33,-1,34,35,36,-1,36,35,37,-1,38,31,36,-1,36,31,30,-1,36,30,34,-1,37,39,36,-1,36,39,40,-1,36,40,20,-1,36,41,38,-1,38,41,42,-1,41,16,42,-1,42,16,18,-1,20,43,21,-1,21,43,44,-1,21,44,22,-1,22,44,45,-1,22,45,23,-1,23,45,46,-1,23,46,24,-1,24,46,47,-1,24,47,27,-1,27,47,48,-1,27,48,26,-1,26,48,28,-1,43,20,49,-1,49,20,40,-1,49,40,50,-1,50,40,39,-1,50,39,51,-1,51,39,37,-1,51,37,52,-1,52,37,35,-1,52,35,53,-1,53,35,34,-1,53,34,32,-1,32,34,30,-1,54,55,56,-1,56,55,57,-1,56,57,58,-1,58,57,59,-1,58,59,60,-1,61,62,63,-1,63,62,58,-1,63,58,64,-1,64,58,60,-1,61,65,62,-1,62,65,66,-1,62,66,67,-1,68,69,70,-1,70,69,67,-1,70,67,71,-1,71,67,66,-1,68,72,69,-1,69,72,73,-1,69,73,74,-1,75,76,77,-1,77,76,74,-1,77,74,78,-1,78,74,73,-1,75,79,76,-1,76,79,80,-1,76,80,81,-1,82,83,84,-1,84,83,81,-1,84,81,85,-1,85,81,80,-1,82,86,83,-1,83,86,87,-1,83,87,88,-1,89,90,91,-1,91,90,88,-1,91,88,92,-1,92,88,87,-1,89,93,90,-1,90,93,94,-1,90,94,95,-1,94,96,95,-1,95,96,97,-1,95,97,98,-1,97,99,98,-1,98,99,100,-1,98,100,101,-1,100,102,101,-1,101,102,103,-1,101,103,104,-1,105,106,107,-1,107,106,104,-1,107,104,108,-1,108,104,103,-1,105,109,106,-1,106,109,110,-1,106,110,111,-1,112,113,114,-1,114,113,111,-1,114,111,115,-1,115,111,110,-1,112,116,113,-1,113,116,117,-1,113,117,118,-1,119,120,121,-1,121,120,118,-1,121,118,122,-1,122,118,117,-1,119,123,120,-1,120,123,124,-1,120,124,125,-1,126,127,128,-1,128,127,125,-1,128,125,129,-1,129,125,124,-1,126,130,127,-1,127,130,131,-1,127,131,132,-1,133,134,135,-1,135,134,132,-1,135,132,136,-1,136,132,131,-1,133,137,134,-1,134,137,138,-1,134,138,139,-1,140,141,142,-1,142,141,139,-1,142,139,143,-1,143,139,138,-1,140,144,141,-1,141,144,145,-1,141,145,146,-1,145,147,146,-1,146,147,148,-1,146,148,54,-1,54,148,149,-1,54,149,55,-1,150,125,151,-1,151,125,127,-1,151,127,152,-1,152,127,132,-1,152,132,153,-1,153,132,134,-1,153,134,154,-1,154,134,139,-1,154,139,155,-1,155,139,141,-1,155,141,156,-1,156,141,146,-1,156,146,157,-1,157,146,54,-1,157,54,158,-1,158,54,56,-1,158,56,159,-1,159,56,58,-1,159,58,160,-1,160,58,62,-1,160,62,161,-1,161,62,67,-1,161,67,162,-1,162,67,69,-1,162,69,163,-1,163,69,74,-1,163,74,164,-1,164,74,76,-1,164,76,165,-1,165,76,81,-1,165,81,166,-1,166,81,83,-1,166,83,167,-1,167,83,88,-1,167,88,168,-1,168,88,90,-1,168,90,169,-1,169,90,95,-1,169,95,170,-1,170,95,98,-1,170,98,171,-1,171,98,101,-1,171,101,172,-1,172,101,104,-1,172,104,173,-1,173,104,106,-1,173,106,174,-1,174,106,111,-1,174,111,175,-1,175,111,113,-1,175,113,176,-1,176,113,118,-1,176,118,177,-1,177,118,120,-1,177,120,150,-1,150,120,125,-1,
        ]
    }
}
Shape{
    appearance Appearance {
        material  Material 	{
            diffuseColor 0.8509803921568627 0.8509803921568627 0.8509803921568627
            specularColor 0.4235294117647059 0.4235294117647059 0.4235294117647059
            ambientIntensity 0.851
            transparency 0.0
            shininess 0.5
        }
    }
    geometry IndexedFaceSet {
        ccw TRUE
        solid FALSE
        coord DEF co Coordinate {
            point [
                -1.6891 0.3782 3.7795, -1.6768 0.4338 3.7795, -1.6891 0.3782 3.622, -1.6784 0.4341 2.8346, -1.6964 0.2798 3.622, -1.6964 0.2798 2.8346, -1.6891 0.1814 3.622, -1.6784 0.1254 2.8346, -0.3651 0.1814 3.7795, -0.3859 0.0881 3.7795, -0.3651 0.1814 3.622, -0.3982 0.0509 2.8346, -0.3624 0.2021 3.622, -0.3859 0.4715 3.7795, -0.3651 0.3782 3.7795, -0.3651 0.3782 3.622, -0.3624 0.2021 2.8346, -0.3578 0.2798 2.8346, -0.3624 0.3575 3.622, -0.3624 0.3575 2.8346, -0.3982 0.5087 2.8346, -1.6891 0.1814 3.7795, -1.6768 0.1258 3.7795, -1.6684 0.0881 3.7795, -1.6252 -0.0206 2.8346, -1.6296 -0.0117 3.7795, -1.5398 -0.1504 2.8346, -1.5755 -0.104 3.7795, -1.6246 -0.0202 3.7795, -1.4269 -0.257 3.7795, -1.5073 -0.1864 3.7795, -1.5382 -0.1491 3.7795, -1.4268 -0.2571 3.7795, -1.4268 -0.2571 2.8346, -1.3362 -0.3138 3.7795, -1.2922 -0.3348 2.8346, -1.2914 -0.3328 3.7795, -1.2377 -0.3555 3.7795, -1.1434 -0.3793 2.8346, -1.1432 -0.3786 3.7795, -1.1338 -0.3809 3.7795, -0.9882 -0.3884 2.8346, -1.0271 -0.3895 3.7795, -0.8352 -0.3614 2.8346, -0.9205 -0.3809 3.7795, -0.9884 -0.3864 3.7795, -0.6934 -0.2984 3.7795, -0.718 -0.3138 3.7795, -0.6925 -0.2998 2.8346, -0.8166 -0.3555 3.7795, -0.8355 -0.3601 3.7795, -0.6274 -0.257 3.7795, -0.5678 -0.207 2.8346, -0.569 -0.2058 3.7795, -0.5469 -0.1864 3.7795, -0.4679 -0.088 2.8346, -0.4788 -0.104 3.7795, -0.4001 0.0516 3.7795, -0.4246 -0.0117 3.7795, -0.469 -0.0873 3.7795, -0.4679 0.6476 2.8346, -0.4246 0.5713 3.7795, -0.4001 0.508 3.7795, -0.569 0.7653 3.7795, -0.5469 0.746 3.7795, -0.5678 0.7666 2.8346, -0.4788 0.6635 3.7795, -0.469 0.6469 3.7795, -0.6274 0.8166 3.7795, -0.6925 0.8594 2.8346, -0.6934 0.858 3.7795, -0.718 0.8734 3.7795, -0.8352 0.921 2.8346, -0.8166 0.9151 3.7795, -0.9882 0.948 2.8346, -0.9205 0.9405 3.7795, -0.8355 0.9197 3.7795, -1.1432 0.9382 3.7795, -1.1338 0.9405 3.7795, -1.1434 0.9389 2.8346, -1.0271 0.9491 3.7795, -0.9884 0.946 3.7795, -1.2377 0.9151 3.7795, -1.2922 0.8943 2.8346, -1.2914 0.8924 3.7795, -1.3362 0.8734 3.7795, -1.4268 0.8166 2.8346, -1.4268 0.8166 3.7795, -1.4269 0.8166 3.7795, -1.5398 0.71 2.8346, -1.5073 0.746 3.7795, -1.6252 0.5802 2.8346, -1.5755 0.6635 3.7795, -1.5382 0.7087 3.7795, -1.6684 0.4715 3.7795, -1.6296 0.5713 3.7795, -1.6246 0.5798 3.7795, -0.4601 0.0055 3.8189, -0.4236 0.0993 3.8189, -1.6306 0.0993 3.8189, -0.4125 0.142 3.8189, -1.6418 0.142 3.8189, -1.5942 0.0055 3.8189, -1.5432 -0.0814 3.8189, -1.4791 -0.159 3.8189, -1.4034 -0.2254 3.8189, -1.3181 -0.2789 3.8189, -1.2253 -0.3181 3.8189, -1.1275 -0.3421 3.8189, -0.5752 -0.159 3.8189, -0.511 -0.0814 3.8189, -0.9268 -0.3421 3.8189, -0.8289 -0.3181 3.8189, -0.7362 -0.2789 3.8189, -1.0271 -0.3501 3.8189, -0.6509 -0.2254 3.8189
            ]
        }
        coordIndex [
            0,1,2,-1,2,1,3,-1,2,3,4,-1,4,3,5,-1,4,5,6,-1,6,5,7,-1,8,9,10,-1,10,9,11,-1,10,11,12,-1,13,14,15,-1,11,16,12,-1,12,16,17,-1,12,17,18,-1,18,17,19,-1,18,19,15,-1,15,19,20,-1,15,20,13,-1,21,6,22,-1,22,6,7,-1,22,7,23,-1,23,7,24,-1,23,24,25,-1,26,27,24,-1,24,27,28,-1,24,28,25,-1,29,30,26,-1,26,30,31,-1,26,31,27,-1,29,26,32,-1,32,26,33,-1,32,33,34,-1,34,33,35,-1,34,35,36,-1,36,35,37,-1,37,35,38,-1,37,38,39,-1,39,38,40,-1,40,38,41,-1,40,41,42,-1,43,44,41,-1,41,44,45,-1,41,45,42,-1,46,47,48,-1,48,47,49,-1,48,49,43,-1,43,49,50,-1,43,50,44,-1,46,48,51,-1,51,48,52,-1,51,52,53,-1,53,52,54,-1,54,52,55,-1,54,55,56,-1,9,57,11,-1,11,57,58,-1,11,58,55,-1,55,58,59,-1,55,59,56,-1,60,61,20,-1,20,61,62,-1,20,62,13,-1,63,64,65,-1,65,64,66,-1,65,66,60,-1,60,66,67,-1,60,67,61,-1,63,65,68,-1,68,65,69,-1,68,69,70,-1,70,69,71,-1,71,69,72,-1,71,72,73,-1,74,75,72,-1,72,75,76,-1,72,76,73,-1,77,78,79,-1,79,78,80,-1,79,80,74,-1,74,80,81,-1,74,81,75,-1,77,79,82,-1,82,79,83,-1,82,83,84,-1,84,83,85,-1,85,83,86,-1,85,86,87,-1,87,86,88,-1,88,86,89,-1,88,89,90,-1,91,92,89,-1,89,92,93,-1,89,93,90,-1,1,94,3,-1,3,94,95,-1,3,95,91,-1,91,95,96,-1,91,96,92,-1,97,98,99,-1,99,98,100,-1,99,100,101,-1,99,102,97,-1,97,102,103,-1,97,103,104,-1,104,105,97,-1,97,105,106,-1,97,106,107,-1,108,109,107,-1,107,109,110,-1,107,110,97,-1,111,112,113,-1,108,114,109,-1,109,114,111,-1,109,111,115,-1,115,111,113,-1,4,6,10,-1,15,2,18,-1,18,2,4,-1,18,4,12,-1,12,4,10,-1,0,2,14,-1,14,2,15,-1,8,10,21,-1,21,10,6,-1,
        ]
    }
}
Shape{
    appearance Appearance {
        material  Material 	{
            diffuseColor 0.28627450980392155 0.6627450980392157 0.32941176470588235
            specularColor 0.08627450980392157 0.2 0.09803921568627451
            ambientIntensity 0.5122
            transparency 0.0
            shininess 0.5
        }
    }
    geometry IndexedFaceSet {
        ccw TRUE
        solid FALSE
        coord DEF co Coordinate {
            point [
                -1.716 0.437 3.9764, -1.7028 0.4936 3.9764, -1.704 0.494 3.9866, -1.5797 0.7204 3.9764, -1.5377 0.7712 3.9764, -1.5387 0.7721 3.9866, -1.3339 0.9166 3.9764, -1.2667 0.9467 3.9764, -1.2671 0.948 3.9866, -1.0272 0.9869 3.9764, -0.9459 0.9838 3.9764, -0.9457 0.9851 3.9866, -0.7202 0.9172 3.9764, -0.6419 0.8746 3.9764, -0.6412 0.8757 3.9866, -0.5864 0.8323 3.9764, -0.5556 0.8088 3.9764, -0.5547 0.8098 3.9866, -0.4737 0.7212 3.9764, -0.418 0.6419 3.9764, -0.4168 0.6426 3.9866, -0.3905 0.5864 3.9764, -0.3698 0.5447 3.9764, -0.3686 0.5452 3.9866, -0.3365 0.4374 3.9764, -0.3205 0.334 3.9764, -0.3192 0.3341 3.9866, -0.3205 0.2798 3.9764, -0.3205 0.2255 3.9764, -0.3192 0.2254 3.9866, -0.3365 0.1221 3.9764, -0.3371 0.1183 3.9764, -0.3358 0.118 3.9866, -0.3905 -0.0268 3.9764, -0.418 -0.0823 3.9764, -0.4168 -0.083 3.9866, -0.5864 -0.2727 3.9764, -0.6419 -0.315 3.9764, -0.6412 -0.3162 3.9866, -0.8698 -0.4094 3.9764, -0.9459 -0.4242 3.9764, -0.9457 -0.4255 3.9866, -1.1844 -0.4098 3.9764, -1.2667 -0.3872 3.9764, -1.2671 -0.3884 3.9866, -1.3339 -0.357 3.9764, -1.3657 -0.3428 3.9764, -1.3663 -0.344 3.9866, -1.4683 -0.2735 3.9764, -1.5377 -0.2116 3.9764, -1.5387 -0.2125 3.9866, -1.5797 -0.1608 3.9764, -1.6068 -0.1279 3.9764, -1.6079 -0.1287 3.9866, -1.6651 -0.0275 3.9764, -1.7028 0.066 3.9764, -1.704 0.0656 3.9866, -1.716 0.1226 3.9764, -1.7275 0.1716 3.9764, -1.7288 0.1714 3.9866, -1.0558 -0.4677 4.0158, -0.9413 -0.4633 4.0158, -1.0554 -0.4575 4.0144, -0.9425 -0.4532 4.0144, -1.055 -0.448 4.0105, -0.9436 -0.4437 4.0105, -1.0547 -0.4399 4.0042, -0.9445 -0.4356 4.0042, -1.0545 -0.4336 3.9961, -0.9453 -0.4294 3.9961, -1.0543 -0.4297 3.9866, -0.7211 -0.4028 4.0158, -0.6205 -0.3481 4.0158, -0.7253 -0.3935 4.0144, -0.6261 -0.3395 4.0144, -0.7292 -0.3848 4.0105, -0.6312 -0.3316 4.0105, -0.7325 -0.3774 4.0042, -0.6357 -0.3247 4.0042, -0.7351 -0.3717 3.9961, -0.6391 -0.3195 3.9961, -0.7367 -0.3681 3.9866, -0.45 -0.1961 4.0158, -0.3841 -0.1025 4.0158, -0.4579 -0.1897 4.0144, -0.3929 -0.0973 4.0144, -0.4652 -0.1836 4.0105, -0.4011 -0.0924 4.0105, -0.4715 -0.1784 4.0042, -0.4081 -0.0882 4.0042, -0.4763 -0.1744 3.9961, -0.4135 -0.085 3.9961, -0.4794 -0.1719 3.9866, -0.8289 1.0011 4.0158, -0.9413 1.0229 4.0158, -0.8316 0.9913 4.0144, -0.9425 1.0128 4.0144, -0.8341 0.9821 4.0105, -0.9436 1.0033 4.0105, -0.8363 0.9742 4.0042, -0.9445 0.9952 4.0042, -0.8379 0.9682 3.9961, -0.9453 0.989 3.9961, -0.839 0.9644 3.9866, -1.1695 1.0141 4.0158, -1.28 0.9838 4.0158, -1.1676 1.0041 4.0144, -1.2765 0.9742 4.0144, -1.1658 0.9948 4.0105, -1.2733 0.9653 4.0105, -1.1642 0.9868 4.0042, -1.2706 0.9576 4.0042, -1.1631 0.9807 3.9961, -1.2685 0.9517 3.9961, -1.1623 0.9768 3.9866, -1.4806 0.8747 4.0158, -1.5661 0.7985 4.0158, -1.4744 0.8666 4.0144, -1.5588 0.7914 4.0144, -1.4687 0.859 4.0105, -1.5519 0.7849 4.0105, -1.4637 0.8526 4.0042, -1.546 0.7792 4.0042, -1.4599 0.8476 3.9961, -1.5415 0.7749 3.9961, -1.4576 0.8445 3.9866, -1.6975 0.6117 4.0158, -1.7403 0.5055 4.0158, -1.6884 0.6072 4.0144, -1.7306 0.5024 4.0144, -1.6798 0.603 4.0105, -1.7215 0.4996 4.0105, -1.6725 0.5994 4.0042, -1.7138 0.4971 4.0042, -1.6669 0.5966 3.9961, -1.7078 0.4952 3.9961, -1.6634 0.5948 3.9866, -1.7752 0.2798 4.0158, -1.7664 0.1656 4.0158, -1.765 0.2798 4.0144, -1.7563 0.1672 4.0144, -1.7555 0.2798 4.0105, -1.7469 0.1686 4.0105, -1.7473 0.2798 4.0042, -1.7389 0.1699 4.0042, -1.7411 0.2798 3.9961, -1.7327 0.1708 3.9961, -1.7371 0.2798 3.9866, -1.7358 0.2798 3.9764, -1.7403 0.0541 4.0158, -1.7306 0.0572 4.0144, -1.7215 0.06 4.0105, -1.7138 0.0625 4.0042, -1.7078 0.0644 3.9961, -1.6622 -0.0347 3.9764, -1.6634 -0.0352 3.9866, -1.6669 -0.037 3.9961, -1.6725 -0.0398 4.0042, -1.6798 -0.0434 4.0105, -1.6884 -0.0476 4.0144, -1.6975 -0.0521 4.0158, -1.639 -0.1506 4.0158, -1.6306 -0.1447 4.0144, -1.6229 -0.1392 4.0105, -1.6162 -0.1345 4.0042, -1.6111 -0.1309 3.9961, -1.5661 -0.2389 4.0158, -1.5588 -0.2319 4.0144, -1.5519 -0.2253 4.0105, -1.546 -0.2196 4.0042, -1.5415 -0.2153 3.9961, -1.4567 -0.2838 3.9764, -1.4576 -0.2849 3.9866, -1.4599 -0.288 3.9961, -1.4637 -0.293 4.0042, -1.4687 -0.2995 4.0105, -1.4744 -0.307 4.0144, -1.4806 -0.3151 4.0158, -1.3845 -0.3774 4.0158, -1.3796 -0.3684 4.0144, -1.3751 -0.3601 4.0105, -1.3712 -0.3529 4.0042, -1.3682 -0.3474 3.9961, -1.28 -0.4242 4.0158, -1.2765 -0.4146 4.0144, -1.2733 -0.4057 4.0105, -1.2706 -0.398 4.0042, -1.2685 -0.3921 3.9961, -1.1621 -0.4159 3.9764, -1.1623 -0.4172 3.9866, -1.1631 -0.4211 3.9961, -1.1642 -0.4272 4.0042, -1.1658 -0.4352 4.0105, -1.1676 -0.4446 4.0144, -1.1695 -0.4546 4.0158, -1.0543 -0.4283 3.9764, -1.0272 -0.4273 3.9764, -0.8393 -0.4035 3.9764, -0.839 -0.4048 3.9866, -0.8379 -0.4086 3.9961, -0.8363 -0.4147 4.0042, -0.8341 -0.4225 4.0105, -0.8316 -0.4317 4.0144, -0.8289 -0.4415 4.0158, -0.7372 -0.3669 3.9764, -0.7202 -0.3576 3.9764, -0.5556 -0.2493 3.9764, -0.5547 -0.2503 3.9866, -0.5521 -0.2532 3.9961, -0.548 -0.2579 4.0042, -0.5425 -0.264 4.0105, -0.5362 -0.271 4.0144, -0.5294 -0.2787 4.0158, -0.4804 -0.1711 3.9764, -0.4737 -0.1616 3.9764, -0.3698 0.0149 3.9764, -0.3686 0.0144 3.9866, -0.365 0.0129 3.9961, -0.3591 0.0106 4.0042, -0.3516 0.0075 4.0105, -0.3428 0.004 4.0144, -0.3333 0.0002 4.0158, -0.2988 0.1094 4.0158, -0.3087 0.1117 4.0144, -0.3179 0.1138 4.0105, -0.3259 0.1157 4.0042, -0.332 0.1171 3.9961, -0.3153 0.2251 3.9961, -0.309 0.2247 4.0042, -0.3009 0.224 4.0105, -0.2915 0.2233 4.0144, -0.2813 0.2225 4.0158, -0.2813 0.3371 4.0158, -0.2915 0.3363 4.0144, -0.3009 0.3355 4.0105, -0.309 0.3349 4.0042, -0.3153 0.3344 3.9961, -0.3371 0.4413 3.9764, -0.3358 0.4416 3.9866, -0.332 0.4425 3.9961, -0.3259 0.4439 4.0042, -0.3179 0.4457 4.0105, -0.3087 0.4479 4.0144, -0.2988 0.4502 4.0158, -0.3333 0.5594 4.0158, -0.3428 0.5556 4.0144, -0.3516 0.5521 4.0105, -0.3591 0.549 4.0042, -0.365 0.5467 3.9961, -0.3841 0.6621 4.0158, -0.3929 0.6568 4.0144, -0.4011 0.652 4.0105, -0.4081 0.6478 4.0042, -0.4135 0.6446 3.9961, -0.4804 0.7307 3.9764, -0.4794 0.7315 3.9866, -0.4763 0.734 3.9961, -0.4715 0.738 4.0042, -0.4652 0.7432 4.0105, -0.4579 0.7492 4.0144, -0.45 0.7557 4.0158, -0.5294 0.8382 4.0158, -0.5362 0.8306 4.0144, -0.5425 0.8235 4.0105, -0.548 0.8175 4.0042, -0.5521 0.8128 3.9961, -0.6205 0.9077 4.0158, -0.6261 0.8991 4.0144, -0.6312 0.8911 4.0105, -0.6357 0.8843 4.0042, -0.6391 0.879 3.9961, -0.7372 0.9264 3.9764, -0.7367 0.9277 3.9866, -0.7351 0.9313 3.9961, -0.7325 0.937 4.0042, -0.7292 0.9444 4.0105, -0.7253 0.9531 4.0144, -0.7211 0.9624 4.0158, -0.8393 0.9631 3.9764, -0.8698 0.969 3.9764, -1.0543 0.9879 3.9764, -1.0543 0.9893 3.9866, -1.0545 0.9932 3.9961, -1.0547 0.9995 4.0042, -1.055 1.0076 4.0105, -1.0554 1.0171 4.0144, -1.0558 1.0273 4.0158, -1.1621 0.9755 3.9764, -1.1844 0.9693 3.9764, -1.3657 0.9024 3.9764, -1.3663 0.9035 3.9866, -1.3682 0.907 3.9961, -1.3712 0.9125 4.0042, -1.3751 0.9197 4.0105, -1.3796 0.928 4.0144, -1.3845 0.9369 4.0158, -1.4567 0.8434 3.9764, -1.4683 0.8331 3.9764, -1.6068 0.6875 3.9764, -1.6079 0.6883 3.9866, -1.6111 0.6905 3.9961, -1.6162 0.6941 4.0042, -1.6229 0.6988 4.0105, -1.6306 0.7043 4.0144, -1.639 0.7101 4.0158, -1.6622 0.5942 3.9764, -1.6651 0.5871 3.9764, -1.7275 0.388 3.9764, -1.7288 0.3882 3.9866, -1.7327 0.3888 3.9961, -1.7389 0.3897 4.0042, -1.7469 0.391 4.0105, -1.7563 0.3924 4.0144, -1.7664 0.394 4.0158
            ]
        }
        coordIndex [
            0,1,2,-1,3,4,5,-1,6,7,8,-1,9,10,11,-1,12,13,14,-1,15,16,17,-1,18,19,20,-1,21,22,23,-1,24,25,26,-1,27,28,29,-1,30,31,32,-1,33,34,35,-1,36,37,38,-1,39,40,41,-1,42,43,44,-1,45,46,47,-1,48,49,50,-1,51,52,53,-1,54,55,56,-1,57,58,59,-1,60,61,62,-1,62,61,63,-1,62,63,64,-1,64,63,65,-1,64,65,66,-1,66,65,67,-1,66,67,68,-1,68,67,69,-1,68,69,70,-1,70,69,41,-1,71,72,73,-1,73,72,74,-1,73,74,75,-1,75,74,76,-1,75,76,77,-1,77,76,78,-1,77,78,79,-1,79,78,80,-1,79,80,81,-1,81,80,38,-1,82,83,84,-1,84,83,85,-1,84,85,86,-1,86,85,87,-1,86,87,88,-1,88,87,89,-1,88,89,90,-1,90,89,91,-1,90,91,92,-1,92,91,35,-1,93,94,95,-1,95,94,96,-1,95,96,97,-1,97,96,98,-1,97,98,99,-1,99,98,100,-1,99,100,101,-1,101,100,102,-1,101,102,103,-1,103,102,11,-1,104,105,106,-1,106,105,107,-1,106,107,108,-1,108,107,109,-1,108,109,110,-1,110,109,111,-1,110,111,112,-1,112,111,113,-1,112,113,114,-1,114,113,8,-1,115,116,117,-1,117,116,118,-1,117,118,119,-1,119,118,120,-1,119,120,121,-1,121,120,122,-1,121,122,123,-1,123,122,124,-1,123,124,125,-1,125,124,5,-1,126,127,128,-1,128,127,129,-1,128,129,130,-1,130,129,131,-1,130,131,132,-1,132,131,133,-1,132,133,134,-1,134,133,135,-1,134,135,136,-1,136,135,2,-1,137,138,139,-1,139,138,140,-1,139,140,141,-1,141,140,142,-1,141,142,143,-1,143,142,144,-1,143,144,145,-1,145,144,146,-1,145,146,147,-1,147,146,59,-1,147,59,148,-1,148,59,58,-1,138,149,140,-1,140,149,150,-1,140,150,142,-1,142,150,151,-1,142,151,144,-1,144,151,152,-1,144,152,146,-1,146,152,153,-1,146,153,59,-1,59,153,56,-1,59,56,57,-1,57,56,55,-1,154,54,155,-1,155,54,56,-1,155,56,156,-1,156,56,153,-1,156,153,157,-1,157,153,152,-1,157,152,158,-1,158,152,151,-1,158,151,159,-1,159,151,150,-1,159,150,160,-1,160,150,149,-1,160,161,159,-1,159,161,162,-1,159,162,158,-1,158,162,163,-1,158,163,157,-1,157,163,164,-1,157,164,156,-1,156,164,165,-1,156,165,155,-1,155,165,53,-1,155,53,154,-1,154,53,52,-1,161,166,162,-1,162,166,167,-1,162,167,163,-1,163,167,168,-1,163,168,164,-1,164,168,169,-1,164,169,165,-1,165,169,170,-1,165,170,53,-1,53,170,50,-1,53,50,51,-1,51,50,49,-1,171,48,172,-1,172,48,50,-1,172,50,173,-1,173,50,170,-1,173,170,174,-1,174,170,169,-1,174,169,175,-1,175,169,168,-1,175,168,176,-1,176,168,167,-1,176,167,177,-1,177,167,166,-1,177,178,176,-1,176,178,179,-1,176,179,175,-1,175,179,180,-1,175,180,174,-1,174,180,181,-1,174,181,173,-1,173,181,182,-1,173,182,172,-1,172,182,47,-1,172,47,171,-1,171,47,46,-1,178,183,179,-1,179,183,184,-1,179,184,180,-1,180,184,185,-1,180,185,181,-1,181,185,186,-1,181,186,182,-1,182,186,187,-1,182,187,47,-1,47,187,44,-1,47,44,45,-1,45,44,43,-1,188,42,189,-1,189,42,44,-1,189,44,190,-1,190,44,187,-1,190,187,191,-1,191,187,186,-1,191,186,192,-1,192,186,185,-1,192,185,193,-1,193,185,184,-1,193,184,194,-1,194,184,183,-1,194,60,193,-1,193,60,62,-1,193,62,192,-1,192,62,64,-1,192,64,191,-1,191,64,66,-1,191,66,190,-1,190,66,68,-1,190,68,189,-1,189,68,70,-1,189,70,188,-1,188,70,195,-1,41,40,70,-1,70,40,196,-1,70,196,195,-1,197,39,198,-1,198,39,41,-1,198,41,199,-1,199,41,69,-1,199,69,200,-1,200,69,67,-1,200,67,201,-1,201,67,65,-1,201,65,202,-1,202,65,63,-1,202,63,203,-1,203,63,61,-1,203,71,202,-1,202,71,73,-1,202,73,201,-1,201,73,75,-1,201,75,200,-1,200,75,77,-1,200,77,199,-1,199,77,79,-1,199,79,198,-1,198,79,81,-1,198,81,197,-1,197,81,204,-1,38,37,81,-1,81,37,205,-1,81,205,204,-1,206,36,207,-1,207,36,38,-1,207,38,208,-1,208,38,80,-1,208,80,209,-1,209,80,78,-1,209,78,210,-1,210,78,76,-1,210,76,211,-1,211,76,74,-1,211,74,212,-1,212,74,72,-1,212,82,211,-1,211,82,84,-1,211,84,210,-1,210,84,86,-1,210,86,209,-1,209,86,88,-1,209,88,208,-1,208,88,90,-1,208,90,207,-1,207,90,92,-1,207,92,206,-1,206,92,213,-1,35,34,92,-1,92,34,214,-1,92,214,213,-1,215,33,216,-1,216,33,35,-1,216,35,217,-1,217,35,91,-1,217,91,218,-1,218,91,89,-1,218,89,219,-1,219,89,87,-1,219,87,220,-1,220,87,85,-1,220,85,221,-1,221,85,83,-1,221,222,220,-1,220,222,223,-1,220,223,219,-1,219,223,224,-1,219,224,218,-1,218,224,225,-1,218,225,217,-1,217,225,226,-1,217,226,216,-1,216,226,32,-1,216,32,215,-1,215,32,31,-1,28,30,29,-1,29,30,32,-1,29,32,227,-1,227,32,226,-1,227,226,228,-1,228,226,225,-1,228,225,229,-1,229,225,224,-1,229,224,230,-1,230,224,223,-1,230,223,231,-1,231,223,222,-1,231,232,230,-1,230,232,233,-1,230,233,229,-1,229,233,234,-1,229,234,228,-1,228,234,235,-1,228,235,227,-1,227,235,236,-1,227,236,29,-1,29,236,26,-1,29,26,27,-1,27,26,25,-1,237,24,238,-1,238,24,26,-1,238,26,239,-1,239,26,236,-1,239,236,240,-1,240,236,235,-1,240,235,241,-1,241,235,234,-1,241,234,242,-1,242,234,233,-1,242,233,243,-1,243,233,232,-1,243,244,242,-1,242,244,245,-1,242,245,241,-1,241,245,246,-1,241,246,240,-1,240,246,247,-1,240,247,239,-1,239,247,248,-1,239,248,238,-1,238,248,23,-1,238,23,237,-1,237,23,22,-1,244,249,245,-1,245,249,250,-1,245,250,246,-1,246,250,251,-1,246,251,247,-1,247,251,252,-1,247,252,248,-1,248,252,253,-1,248,253,23,-1,23,253,20,-1,23,20,21,-1,21,20,19,-1,254,18,255,-1,255,18,20,-1,255,20,256,-1,256,20,253,-1,256,253,257,-1,257,253,252,-1,257,252,258,-1,258,252,251,-1,258,251,259,-1,259,251,250,-1,259,250,260,-1,260,250,249,-1,260,261,259,-1,259,261,262,-1,259,262,258,-1,258,262,263,-1,258,263,257,-1,257,263,264,-1,257,264,256,-1,256,264,265,-1,256,265,255,-1,255,265,17,-1,255,17,254,-1,254,17,16,-1,261,266,262,-1,262,266,267,-1,262,267,263,-1,263,267,268,-1,263,268,264,-1,264,268,269,-1,264,269,265,-1,265,269,270,-1,265,270,17,-1,17,270,14,-1,17,14,15,-1,15,14,13,-1,271,12,272,-1,272,12,14,-1,272,14,273,-1,273,14,270,-1,273,270,274,-1,274,270,269,-1,274,269,275,-1,275,269,268,-1,275,268,276,-1,276,268,267,-1,276,267,277,-1,277,267,266,-1,277,93,276,-1,276,93,95,-1,276,95,275,-1,275,95,97,-1,275,97,274,-1,274,97,99,-1,274,99,273,-1,273,99,101,-1,273,101,272,-1,272,101,103,-1,272,103,271,-1,271,103,278,-1,11,10,103,-1,103,10,279,-1,103,279,278,-1,280,9,281,-1,281,9,11,-1,281,11,282,-1,282,11,102,-1,282,102,283,-1,283,102,100,-1,283,100,284,-1,284,100,98,-1,284,98,285,-1,285,98,96,-1,285,96,286,-1,286,96,94,-1,286,104,285,-1,285,104,106,-1,285,106,284,-1,284,106,108,-1,284,108,283,-1,283,108,110,-1,283,110,282,-1,282,110,112,-1,282,112,281,-1,281,112,114,-1,281,114,280,-1,280,114,287,-1,8,7,114,-1,114,7,288,-1,114,288,287,-1,289,6,290,-1,290,6,8,-1,290,8,291,-1,291,8,113,-1,291,113,292,-1,292,113,111,-1,292,111,293,-1,293,111,109,-1,293,109,294,-1,294,109,107,-1,294,107,295,-1,295,107,105,-1,295,115,294,-1,294,115,117,-1,294,117,293,-1,293,117,119,-1,293,119,292,-1,292,119,121,-1,292,121,291,-1,291,121,123,-1,291,123,290,-1,290,123,125,-1,290,125,289,-1,289,125,296,-1,5,4,125,-1,125,4,297,-1,125,297,296,-1,298,3,299,-1,299,3,5,-1,299,5,300,-1,300,5,124,-1,300,124,301,-1,301,124,122,-1,301,122,302,-1,302,122,120,-1,302,120,303,-1,303,120,118,-1,303,118,304,-1,304,118,116,-1,304,126,303,-1,303,126,128,-1,303,128,302,-1,302,128,130,-1,302,130,301,-1,301,130,132,-1,301,132,300,-1,300,132,134,-1,300,134,299,-1,299,134,136,-1,299,136,298,-1,298,136,305,-1,2,1,136,-1,136,1,306,-1,136,306,305,-1,307,0,308,-1,308,0,2,-1,308,2,309,-1,309,2,135,-1,309,135,310,-1,310,135,133,-1,310,133,311,-1,311,133,131,-1,311,131,312,-1,312,131,129,-1,312,129,313,-1,313,129,127,-1,313,137,312,-1,312,137,139,-1,312,139,311,-1,311,139,141,-1,311,141,310,-1,310,141,143,-1,310,143,309,-1,309,143,145,-1,309,145,308,-1,308,145,147,-1,308,147,307,-1,307,147,148,-1,
        ]
    }
}
Shape{
    appearance Appearance {
        material  Material 	{
            diffuseColor 0.8509803921568627 0.8509803921568627 0.8509803921568627
            specularColor 0.4235294117647059 0.4235294117647059 0.4235294117647059
            ambientIntensity 0.851
            transparency 0.0
            shininess 0.5
        }
    }
    geometry IndexedFaceSet {
        ccw TRUE
        solid FALSE
        coord DEF co Coordinate {
            point [
                -1.6418 0.4176 3.8189, -1.6424 0.4171 3.8189, -0.4001 0.4075 3.817, -0.4001 0.4075 3.817, -0.4118 0.4171 3.8189, -0.4125 0.4176 3.8189, -0.3886 0.3981 3.8133, -1.6542 0.4075 3.817, -0.3886 0.3981 3.8133, -1.6599 0.4029 3.8161, -1.6641 0.3994 3.8145, -1.6542 0.4075 3.817, -0.3944 0.4029 3.8161, -0.3786 0.3898 3.8074, -0.3788 0.3899 3.8075, -1.6756 0.3898 3.8074, -0.3826 0.3931 3.8103, -1.6657 0.398 3.8134, -1.6657 0.398 3.8134, -1.6755 0.3899 3.8075, -0.3667 0.3796 3.7897, -0.3672 0.3801 3.7914, -1.6849 0.3819 3.7961, -0.3704 0.3828 3.7979, -0.3724 0.3844 3.8008, -1.6779 0.3878 3.8053, -0.3713 0.3835 3.7992, -1.6829 0.3836 3.7991, -1.6839 0.3828 3.7979, -0.3666 0.3795 3.7893, -1.6891 0.3782 3.7795, -0.3653 0.3784 3.7832, -0.3651 0.3782 3.7795, -1.6875 0.3796 3.7897, -1.6877 0.3795 3.7893, -1.6886 0.3787 3.7858, -0.4001 0.508 3.7795, -0.4246 0.5713 3.7795, -0.4258 0.5707 3.7897, -0.569 0.7653 3.7795, -0.6274 0.8166 3.7795, -0.6282 0.8155 3.7897, -0.8355 0.9197 3.7795, -0.9205 0.9405 3.7795, -0.9207 0.9392 3.7897, -0.9884 0.946 3.7795, -1.0271 0.9491 3.7795, -1.0271 0.9477 3.7897, -1.1432 0.9382 3.7795, -1.2377 0.9151 3.7795, -1.2373 0.9138 3.7897, -1.2914 0.8924 3.7795, -1.3362 0.8734 3.7795, -1.3356 0.8722 3.7897, -1.4268 0.8166 3.7795, -1.4269 0.8166 3.7795, -1.4261 0.8155 3.7897, -1.5382 0.7087 3.7795, -1.5755 0.6635 3.7795, -1.5744 0.6628 3.7897, -0.3909 0.47 3.7992, -0.3872 0.4711 3.7897, -0.3859 0.4715 3.7795, -1.6306 0.4603 3.8189, -1.6404 0.4632 3.8176, -1.6495 0.4659 3.8136, -1.6573 0.4682 3.8074, -1.6633 0.47 3.7992, -1.6671 0.4711 3.7897, -1.6684 0.4715 3.7795, -1.6768 0.4338 3.7795, -0.3969 0.4682 3.8074, -0.4047 0.4659 3.8136, -0.4138 0.4632 3.8176, -0.4236 0.4603 3.8189, -1.5942 0.5541 3.8189, -1.5432 0.641 3.8189, -1.6034 0.5586 3.8176, -1.5516 0.6468 3.8176, -1.6119 0.5627 3.8136, -1.5594 0.6523 3.8136, -1.6192 0.5662 3.8074, -1.566 0.6569 3.8074, -1.6249 0.569 3.7992, -1.5712 0.6605 3.7992, -1.6284 0.5707 3.7897, -0.7362 0.8385 3.8189, -0.6509 0.785 3.8189, -0.7315 0.8475 3.8176, -0.6448 0.7932 3.8176, -0.7271 0.856 3.8136, -0.6391 0.8008 3.8136, -0.7233 0.8632 3.8074, -0.6343 0.8073 3.8074, -0.7204 0.8687 3.7992, -0.6305 0.8123 3.7992, -0.7186 0.8722 3.7897, -0.511 0.641 3.8189, -0.4601 0.5541 3.8189, -0.5027 0.6468 3.8176, -0.4509 0.5586 3.8176, -0.4949 0.6523 3.8136, -0.4424 0.5627 3.8136, -0.4882 0.6569 3.8074, -0.435 0.5662 3.8074, -0.4831 0.6605 3.7992, -0.4294 0.569 3.7992, -0.4799 0.6628 3.7897, -1.6296 0.5713 3.7795, -1.6246 0.5798 3.7795, -1.5073 0.746 3.7795, -1.5064 0.7451 3.7897, -1.5035 0.7423 3.7992, -1.499 0.738 3.8074, -1.4932 0.7323 3.8136, -1.4864 0.7257 3.8176, -1.4791 0.7186 3.8189, -1.4034 0.785 3.8189, -1.4095 0.7932 3.8176, -1.4151 0.8008 3.8136, -1.42 0.8073 3.8074, -1.4237 0.8123 3.7992, -1.3338 0.8687 3.7992, -1.3309 0.8632 3.8074, -1.3272 0.856 3.8136, -1.3228 0.8475 3.8176, -1.3181 0.8385 3.8189, -1.2253 0.8777 3.8189, -1.2285 0.8874 3.8176, -1.2315 0.8964 3.8136, -1.2341 0.9041 3.8074, -1.236 0.9101 3.7992, -1.1338 0.9405 3.7795, -1.1336 0.9392 3.7897, -1.1329 0.9353 3.7992, -1.1319 0.9291 3.8074, -1.1306 0.9211 3.8136, -1.1291 0.9117 3.8176, -1.1275 0.9017 3.8189, -1.0271 0.9097 3.8189, -1.0271 0.9199 3.8176, -1.0271 0.9294 3.8136, -1.0271 0.9376 3.8074, -1.0271 0.9438 3.7992, -0.9268 0.9017 3.8189, -0.9251 0.9117 3.8176, -0.9236 0.9211 3.8136, -0.9223 0.9291 3.8074, -0.9213 0.9353 3.7992, -0.8166 0.9151 3.7795, -0.817 0.9138 3.7897, -0.8182 0.9101 3.7992, -0.8202 0.9041 3.8074, -0.8227 0.8964 3.8136, -0.8257 0.8874 3.8176, -0.8289 0.8777 3.8189, -0.718 0.8734 3.7795, -0.6934 0.858 3.7795, -0.5469 0.746 3.7795, -0.5479 0.7451 3.7897, -0.5507 0.7423 3.7992, -0.5552 0.738 3.8074, -0.5611 0.7323 3.8136, -0.5679 0.7257 3.8176, -0.5752 0.7186 3.8189, -0.4788 0.6635 3.7795, -0.469 0.6469 3.7795, -0.4125 0.142 3.8189, -0.4118 0.1425 3.8189, -1.6542 0.1521 3.817, -1.6542 0.152 3.817, -1.6424 0.1425 3.8189, -1.6418 0.142 3.8189, -1.6656 0.1615 3.8133, -0.4001 0.1521 3.817, -1.6656 0.1615 3.8133, -0.3944 0.1567 3.8161, -0.3902 0.1601 3.8145, -0.4001 0.152 3.817, -1.6599 0.1567 3.8161, -1.6756 0.1698 3.8074, -1.6755 0.1697 3.8075, -0.3786 0.1698 3.8074, -1.6717 0.1665 3.8103, -0.3885 0.1615 3.8134, -0.3885 0.1616 3.8134, -0.3788 0.1697 3.8075, -1.6876 0.18 3.7897, -1.687 0.1795 3.7914, -0.3694 0.1777 3.7961, -1.6839 0.1768 3.7979, -1.6819 0.1752 3.8008, -0.3764 0.1717 3.8053, -1.683 0.1761 3.7992, -0.3714 0.176 3.7991, -0.3704 0.1768 3.7979, -1.6877 0.1801 3.7893, -0.3651 0.1814 3.7795, -1.6889 0.1812 3.7832, -1.6891 0.1814 3.7795, -0.3667 0.18 3.7897, -0.3666 0.1801 3.7893, -0.3657 0.1809 3.7858, -1.6246 -0.0202 3.7795, -1.5755 -0.104 3.7795, -1.5744 -0.1032 3.7897, -1.5382 -0.1491 3.7795, -1.5073 -0.1864 3.7795, -1.5064 -0.1855 3.7897, -1.4268 -0.2571 3.7795, -1.3362 -0.3138 3.7795, -1.3356 -0.3126 3.7897, -1.2914 -0.3328 3.7795, -1.2377 -0.3555 3.7795, -1.2373 -0.3542 3.7897, -0.9884 -0.3864 3.7795, -0.9205 -0.3809 3.7795, -0.9207 -0.3796 3.7897, -0.6934 -0.2984 3.7795, -0.6274 -0.257 3.7795, -0.6282 -0.2559 3.7897, -0.469 -0.0873 3.7795, -0.4246 -0.0117 3.7795, -0.4258 -0.0111 3.7897, -0.4001 0.0516 3.7795, -0.3859 0.0881 3.7795, -0.3872 0.0884 3.7897, -1.6633 0.0896 3.7992, -1.6671 0.0884 3.7897, -1.6768 0.1258 3.7795, -1.6684 0.0881 3.7795, -0.4236 0.0993 3.8189, -0.4138 0.0964 3.8176, -0.4047 0.0937 3.8136, -0.3786 0.1698 3.8074, -0.3969 0.0914 3.8074, -0.3909 0.0896 3.7992, -1.6573 0.0914 3.8074, -1.6495 0.0937 3.8136, -1.6404 0.0964 3.8176, -1.6306 0.0993 3.8189, -0.5752 -0.159 3.8189, -0.6509 -0.2254 3.8189, -0.5679 -0.1661 3.8176, -0.6448 -0.2336 3.8176, -0.5611 -0.1727 3.8136, -0.6391 -0.2412 3.8136, -0.5552 -0.1784 3.8074, -0.6343 -0.2477 3.8074, -0.5507 -0.1828 3.7992, -0.6305 -0.2528 3.7992, -0.5479 -0.1855 3.7897, -0.8289 -0.3181 3.8189, -0.9268 -0.3421 3.8189, -0.8257 -0.3278 3.8176, -0.9251 -0.3521 3.8176, -0.8227 -0.3368 3.8136, -0.9236 -0.3615 3.8136, -0.8202 -0.3446 3.8074, -0.9223 -0.3696 3.8074, -0.8182 -0.3505 3.7992, -0.9213 -0.3757 3.7992, -0.817 -0.3542 3.7897, -1.1275 -0.3421 3.8189, -1.2253 -0.3181 3.8189, -1.1291 -0.3521 3.8176, -1.2285 -0.3278 3.8176, -1.1306 -0.3615 3.8136, -1.2315 -0.3368 3.8136, -1.1319 -0.3696 3.8074, -1.2341 -0.3446 3.8074, -1.1329 -0.3757 3.7992, -1.236 -0.3505 3.7992, -1.1336 -0.3796 3.7897, -0.4601 0.0055 3.8189, -0.4509 0.001 3.8176, -0.4424 -0.0031 3.8136, -0.435 -0.0067 3.8074, -0.4294 -0.0094 3.7992, -0.4788 -0.104 3.7795, -0.4799 -0.1032 3.7897, -0.4831 -0.1009 3.7992, -0.4882 -0.0973 3.8074, -0.4949 -0.0927 3.8136, -0.5027 -0.0872 3.8176, -0.511 -0.0814 3.8189, -0.5469 -0.1864 3.7795, -0.569 -0.2058 3.7795, -0.718 -0.3138 3.7795, -0.7186 -0.3126 3.7897, -0.7204 -0.3092 3.7992, -0.7233 -0.3036 3.8074, -0.7271 -0.2964 3.8136, -0.7315 -0.288 3.8176, -0.7362 -0.2789 3.8189, -0.8166 -0.3555 3.7795, -0.8355 -0.3601 3.7795, -1.0271 -0.3895 3.7795, -1.0271 -0.3882 3.7897, -1.0271 -0.3842 3.7992, -1.0271 -0.378 3.8074, -1.0271 -0.3698 3.8136, -1.0271 -0.3603 3.8176, -1.0271 -0.3501 3.8189, -1.1338 -0.3809 3.7795, -1.1432 -0.3786 3.7795, -1.3338 -0.3092 3.7992, -1.3309 -0.3036 3.8074, -1.3272 -0.2964 3.8136, -1.3228 -0.288 3.8176, -1.3181 -0.2789 3.8189, -1.4269 -0.257 3.7795, -1.4261 -0.2559 3.7897, -1.4237 -0.2528 3.7992, -1.42 -0.2477 3.8074, -1.4151 -0.2412 3.8136, -1.4095 -0.2336 3.8176, -1.4034 -0.2254 3.8189, -1.4791 -0.159 3.8189, -1.4864 -0.1661 3.8176, -1.4932 -0.1727 3.8136, -1.499 -0.1784 3.8074, -1.5035 -0.1828 3.7992, -1.5432 -0.0814 3.8189, -1.5516 -0.0872 3.8176, -1.5594 -0.0927 3.8136, -1.566 -0.0973 3.8074, -1.5712 -0.1009 3.7992, -1.6296 -0.0117 3.7795, -1.6284 -0.0111 3.7897, -1.6249 -0.0094 3.7992, -1.6192 -0.0067 3.8074, -1.6119 -0.0031 3.8136, -1.6034 0.001 3.8176, -1.5942 0.0055 3.8189, -1.7358 1.4021 2.2633, -1.7358 1.402 2.2635, -1.7358 1.4499 2.2796, -1.7358 1.4009 2.2659, -1.7358 1.4008 2.266, -1.7358 1.4603 2.2421, -1.7358 1.4589 2.2418, -1.7358 1.4575 2.2418, -1.7358 1.4248 2.2418, -1.7358 1.4173 2.2441, -1.7358 1.4147 2.2459, -1.7358 1.4223 2.242, -1.7358 1.4198 2.2428, -1.7358 1.4098 2.2508, -1.7358 1.4052 2.2573, -0.3185 1.393 2.3228, -0.3185 1.393 2.2717, -0.3185 1.4082 2.3209, -0.3185 1.395 2.2714, -0.3185 1.4223 2.315, -0.3185 1.3969 2.2706, -0.3185 1.4345 2.3058, -0.3185 1.3985 2.2694, -0.3185 1.4439 2.2937, -0.3185 1.3996 2.2681, -0.3185 1.4499 2.2796, -0.3185 1.3997 2.2679, -0.3185 1.4008 2.266, -0.3186 1.3996 2.268, -1.7358 1.3985 2.2694, -1.7358 1.3996 2.2681, -1.7351 1.3997 2.2677, -1.4523 1.3985 2.2694, -0.6019 1.4006 2.2659, -0.3232 1.4006 2.2659, -0.3191 1.3998 2.2678, -0.6019 1.3998 2.2678, -0.8854 1.3998 2.2678, -0.8854 1.4006 2.2659, -1.1689 1.3998 2.2678, -1.1689 1.4006 2.2659, -1.4523 1.3998 2.2678, -1.4523 1.4006 2.2659, -1.7312 1.4006 2.266, -1.731 1.4006 2.2659, -0.6019 1.3985 2.2694, -0.8854 1.3985 2.2694, -1.1689 1.3985 2.2694, -0.6019 1.3969 2.2706, -0.8854 1.3969 2.2706, -1.1689 1.3969 2.2706, -1.4523 1.3969 2.2706, -1.7358 1.3969 2.2706, -0.6019 1.395 2.2714, -0.8854 1.395 2.2714, -1.1689 1.395 2.2714, -1.4523 1.395 2.2714, -1.7358 1.395 2.2714, -0.6019 1.393 2.2717, -0.8854 1.393 2.2717, -1.1689 1.393 2.2717, -1.4523 1.393 2.2717, -1.7358 1.393 2.2717, -1.7358 1.393 2.3228, -1.7358 1.4082 2.3209, -1.7358 1.4223 2.315, -1.7358 1.4345 2.3058, -1.7358 1.4439 2.2937, -1.7161 1.393 2.3425, -0.3382 1.393 2.3425, -0.3382 1.4132 2.3399, -1.7161 1.4132 2.3399, -0.3382 1.4321 2.3321, -1.7161 1.4321 2.3321, -0.3382 1.4484 2.3198, -1.7161 1.4484 2.3198, -0.3382 1.4609 2.3036, -1.7161 1.4609 2.3036, -0.3382 1.4689 2.2848, -1.7161 1.4689 2.2848, -0.3185 -0.0787 2.3228, -0.3185 -0.0787 0.315, -0.3185 1.393 0.315, -1.7358 1.393 0.315, -1.7358 -0.0787 0.315, -1.7358 -0.0787 2.3228, -1.7161 -0.0787 2.3425, -0.3382 -0.0787 2.3425, -1.451 1.5504 1.7887, -1.451 1.5831 1.7887, -1.4208 1.6129 1.684, -1.4208 1.5812 1.684, -1.4212 1.6108 1.6961, -1.421 1.5796 1.6923, -1.4223 1.6077 1.7081, -1.4215 1.5774 1.7004, -1.4255 1.604 1.7202, -1.4358 1.5606 1.7553, -1.4253 1.5713 1.7204, -1.4292 1.5651 1.7408, -1.4349 1.5932 1.7558, -1.4359 1.5921 1.7594, -1.4208 1.5819 1.648, -1.4208 1.6129 1.6417, -1.4208 1.5737 1.6129, -1.4208 1.6028 1.6006, -1.4208 1.5572 1.5809, -1.4208 1.5832 1.5631, -1.4208 1.5406 1.5607, -1.4208 1.5629 1.5385, -1.4208 1.5206 1.5438, -1.4208 1.5386 1.518, -1.4208 0.8756 1.0922, -1.4208 0.8936 1.0664, -1.4208 0.8497 1.0778, -1.4208 0.8622 1.0488, -1.4208 0.8215 1.0689, -1.4208 0.8278 1.038, -1.4208 0.792 1.0658, -1.4208 0.792 1.0343, -1.4208 0.6739 1.0658, -1.4208 0.6739 1.0343, -0.6334 0.6739 1.0658, -0.6334 0.6739 1.0343, -0.6334 0.792 1.0658, -0.6334 0.792 1.0343, -0.6334 0.8215 1.0689, -0.6334 0.8278 1.038, -0.6334 0.8497 1.0778, -0.6334 0.8622 1.0488, -0.6334 0.8756 1.0922, -0.6334 0.8936 1.0664, -0.6334 1.5206 1.5438, -0.6334 1.5386 1.518, -0.6334 1.5406 1.5607, -0.6334 1.5629 1.5385, -0.6334 1.5572 1.5809, -0.6334 1.5832 1.5631, -0.6334 1.5737 1.6129, -0.6334 1.6028 1.6006, -0.6334 1.5819 1.648, -0.6334 1.6129 1.6417, -0.6334 1.5812 1.684, -0.6334 1.6129 1.684, -0.6032 1.5504 1.7887, -0.6032 1.5831 1.7887, -0.3185 1.4248 2.2418, -0.3185 1.4575 2.2418, -0.6283 1.5713 1.7202, -0.625 1.5977 1.7408, -0.6212 1.5616 1.7523, -0.6185 1.5933 1.7553, -0.6195 1.5605 1.7557, -0.6333 1.5796 1.6923, -0.6331 1.6108 1.6961, -0.6327 1.5774 1.7004, -0.6319 1.6077 1.7081, -0.6293 1.604 1.7204, -1.4067 1.393 1.7457, -1.4795 1.393 1.6729, -1.5386 1.393 1.5886, -1.5821 1.393 1.4953, -1.5821 1.393 1.0913, -1.5386 1.393 0.998, -1.1297 1.393 1.8749, -1.2291 1.393 1.8482, -1.3224 1.393 1.8047, -1.6087 1.393 1.3959, -1.6177 1.393 1.2933, -1.6087 1.393 1.1908, -1.4795 1.393 0.9137, -1.4067 1.393 0.8409, -1.3224 1.393 0.7819, -0.4722 1.393 1.4953, -0.5157 1.393 1.5886, -0.5747 1.393 1.6729, -0.9246 1.393 0.7117, -0.8251 1.393 0.7384, -0.7319 1.393 0.7819, -0.6475 1.393 0.8409, -0.6475 1.393 1.7457, -0.7319 1.393 1.8047, -0.8251 1.393 1.8482, -0.9246 1.393 1.8749, -1.0271 1.393 1.8839, -1.2291 1.393 0.7384, -1.1297 1.393 0.7117, -1.0271 1.393 0.7028, -0.5747 1.393 0.9137, -0.5157 1.393 0.998, -0.4722 1.393 1.0913, -0.4455 1.393 1.1908, -0.4366 1.393 1.2933, -0.4455 1.393 1.3959, -1.224 0.1378 0.315, -1.2173 0.0868 0.315, -0.8879 0.277 0.315, -0.9287 0.3083 0.315, -1.1256 0.3083 0.315, -1.1663 0.277 0.315, -1.1976 0.2362 0.315, -1.2173 0.1887 0.315, -0.9287 -0.0327 0.315, -0.8879 -0.0014 0.315, -0.8567 0.0394 0.315, -0.837 0.0868 0.315, -0.9762 0.3279 0.315, -1.0271 0.3346 0.315, -1.0781 0.3279 0.315, -1.1256 -0.0327 0.315, -1.0781 -0.0524 0.315, -1.0271 -0.0591 0.315, -0.9762 -0.0524 0.315, -0.8303 0.1378 0.315, -0.837 0.1887 0.315, -0.8567 0.2362 0.315, -1.1976 0.0394 0.315, -1.1663 -0.0014 0.315, -1.0271 -0.0787 0.7224, -0.8852 -0.0787 0.7404, -0.928 1.3733 0.7311, -0.7521 -0.0787 0.7931, -0.8319 1.3733 0.7569, -0.8857 1.3733 0.7424, -0.6377 1.3733 0.8785, -0.6602 1.3733 0.856, -0.6363 -0.0787 0.8772, -0.7417 1.3733 0.7989, -0.7525 1.3733 0.7939, -0.5898 1.3733 0.9264, -0.5451 -0.0787 0.9874, -0.5464 1.3733 0.9883, -0.5327 1.3733 1.0079, -0.4842 -0.0787 1.1169, -0.4907 1.3733 1.0981, -0.4574 -0.0787 1.2575, -0.4649 1.3733 1.1942, -0.4855 1.3733 1.1173, -0.467 1.3733 1.4001, -0.4649 1.3733 1.3924, -0.4664 -0.0787 1.4003, -0.4563 1.3733 1.2933, -0.4594 1.3733 1.2576, -0.4907 1.3733 1.4886, -0.5106 -0.0787 1.5364, -0.5126 1.3733 1.5355, -0.5327 1.3733 1.5787, -0.5873 -0.0787 1.6572, -0.5875 1.3733 1.657, -0.5898 1.3733 1.6603, -0.6916 -0.0787 1.7552, -0.6602 1.3733 1.7306, -0.817 -0.0787 1.8241, -0.7417 1.3733 1.7877, -0.6928 1.3733 1.7534, -0.9557 1.3733 1.8579, -0.928 1.3733 1.8555, -0.9556 -0.0787 1.8597, -0.8319 1.3733 1.8297, -0.8175 1.3733 1.823, -1.0271 1.3733 1.8642, -1.0271 -0.0787 1.8642, -1.0985 1.3733 1.8579, -1.0987 -0.0787 1.8597, -1.1263 1.3733 1.8555, -1.2373 -0.0787 1.8241, -1.2224 1.3733 1.8297, -1.3627 -0.0787 1.7552, -1.3126 1.3733 1.7877, -1.2368 1.3733 1.823, -1.4644 1.3733 1.6603, -1.3941 1.3733 1.7306, -1.3615 1.3733 1.7534, -1.4667 1.3733 1.657, -1.467 -0.0787 1.6572, -1.5215 1.3733 1.5787, -1.5437 -0.0787 1.5364, -1.5417 1.3733 1.5355, -1.5636 1.3733 1.4886, -1.5879 -0.0787 1.4003, -1.5873 1.3733 1.4001, -1.5893 1.3733 1.3924, -1.5969 -0.0787 1.2575, -1.598 1.3733 1.2933, -1.5701 -0.0787 1.1169, -1.5893 1.3733 1.1942, -1.5949 1.3733 1.2576, -1.5078 1.3733 0.9883, -1.5215 1.3733 1.0079, -1.5091 -0.0787 0.9874, -1.5636 1.3733 1.0981, -1.5687 1.3733 1.1173, -1.4644 1.3733 0.9264, -1.4179 -0.0787 0.8772, -1.4166 1.3733 0.8785, -1.3941 1.3733 0.856, -1.3021 -0.0787 0.7931, -1.3126 1.3733 0.7989, -1.1691 -0.0787 0.7404, -1.2224 1.3733 0.7569, -1.3018 1.3733 0.7939, -1.0271 1.3733 0.7224, -1.1263 1.3733 0.7311, -1.1685 1.3733 0.7424
            ]
        }
        coordIndex [
            0,1,2,-1,2,3,0,-1,0,3,4,-1,0,4,5,-1,6,7,8,-1,8,7,9,-1,8,9,10,-1,1,11,2,-1,2,11,7,-1,2,7,12,-1,12,7,6,-1,13,14,15,-1,15,14,16,-1,10,17,8,-1,8,17,18,-1,8,18,16,-1,16,18,19,-1,16,19,15,-1,20,21,22,-1,22,21,23,-1,13,15,24,-1,24,15,25,-1,24,25,26,-1,26,25,27,-1,26,27,23,-1,23,27,28,-1,23,28,22,-1,29,30,31,-1,31,30,32,-1,22,33,20,-1,20,33,34,-1,20,34,29,-1,29,34,35,-1,29,35,30,-1,36,37,38,-1,39,40,41,-1,42,43,44,-1,45,46,47,-1,48,49,50,-1,51,52,53,-1,54,55,56,-1,57,58,59,-1,24,26,60,-1,21,20,61,-1,31,32,62,-1,0,63,1,-1,1,63,64,-1,10,9,65,-1,65,9,7,-1,65,7,64,-1,64,7,11,-1,64,11,1,-1,15,19,66,-1,66,19,18,-1,66,18,65,-1,65,18,17,-1,65,17,10,-1,15,66,25,-1,25,66,67,-1,25,67,27,-1,68,22,67,-1,67,22,28,-1,67,28,27,-1,68,69,70,-1,30,35,70,-1,70,35,34,-1,70,34,68,-1,68,34,33,-1,68,33,22,-1,61,20,62,-1,62,20,29,-1,62,29,31,-1,60,26,61,-1,61,26,23,-1,61,23,21,-1,8,71,6,-1,6,71,72,-1,6,72,12,-1,8,16,71,-1,71,16,14,-1,71,14,60,-1,60,14,13,-1,60,13,24,-1,73,74,5,-1,5,4,73,-1,73,4,3,-1,73,3,72,-1,72,3,2,-1,72,2,12,-1,75,76,77,-1,77,76,78,-1,77,78,79,-1,79,78,80,-1,79,80,81,-1,81,80,82,-1,81,82,83,-1,83,82,84,-1,83,84,85,-1,85,84,59,-1,86,87,88,-1,88,87,89,-1,88,89,90,-1,90,89,91,-1,90,91,92,-1,92,91,93,-1,92,93,94,-1,94,93,95,-1,94,95,96,-1,96,95,41,-1,97,98,99,-1,99,98,100,-1,99,100,101,-1,101,100,102,-1,101,102,103,-1,103,102,104,-1,103,104,105,-1,105,104,106,-1,105,106,107,-1,107,106,38,-1,63,75,64,-1,64,75,77,-1,64,77,65,-1,65,77,79,-1,65,79,66,-1,66,79,81,-1,66,81,67,-1,67,81,83,-1,67,83,68,-1,68,83,85,-1,68,85,69,-1,69,85,108,-1,59,58,85,-1,85,58,109,-1,85,109,108,-1,110,57,111,-1,111,57,59,-1,111,59,112,-1,112,59,84,-1,112,84,113,-1,113,84,82,-1,113,82,114,-1,114,82,80,-1,114,80,115,-1,115,80,78,-1,115,78,116,-1,116,78,76,-1,116,117,115,-1,115,117,118,-1,115,118,114,-1,114,118,119,-1,114,119,113,-1,113,119,120,-1,113,120,112,-1,112,120,121,-1,112,121,111,-1,111,121,56,-1,111,56,110,-1,110,56,55,-1,52,54,53,-1,53,54,56,-1,53,56,122,-1,122,56,121,-1,122,121,123,-1,123,121,120,-1,123,120,124,-1,124,120,119,-1,124,119,125,-1,125,119,118,-1,125,118,126,-1,126,118,117,-1,126,127,125,-1,125,127,128,-1,125,128,124,-1,124,128,129,-1,124,129,123,-1,123,129,130,-1,123,130,122,-1,122,130,131,-1,122,131,53,-1,53,131,50,-1,53,50,51,-1,51,50,49,-1,132,48,133,-1,133,48,50,-1,133,50,134,-1,134,50,131,-1,134,131,135,-1,135,131,130,-1,135,130,136,-1,136,130,129,-1,136,129,137,-1,137,129,128,-1,137,128,138,-1,138,128,127,-1,138,139,137,-1,137,139,140,-1,137,140,136,-1,136,140,141,-1,136,141,135,-1,135,141,142,-1,135,142,134,-1,134,142,143,-1,134,143,133,-1,133,143,47,-1,133,47,132,-1,132,47,46,-1,139,144,140,-1,140,144,145,-1,140,145,141,-1,141,145,146,-1,141,146,142,-1,142,146,147,-1,142,147,143,-1,143,147,148,-1,143,148,47,-1,47,148,44,-1,47,44,45,-1,45,44,43,-1,149,42,150,-1,150,42,44,-1,150,44,151,-1,151,44,148,-1,151,148,152,-1,152,148,147,-1,152,147,153,-1,153,147,146,-1,153,146,154,-1,154,146,145,-1,154,145,155,-1,155,145,144,-1,155,86,154,-1,154,86,88,-1,154,88,153,-1,153,88,90,-1,153,90,152,-1,152,90,92,-1,152,92,151,-1,151,92,94,-1,151,94,150,-1,150,94,96,-1,150,96,149,-1,149,96,156,-1,41,40,96,-1,96,40,157,-1,96,157,156,-1,158,39,159,-1,159,39,41,-1,159,41,160,-1,160,41,95,-1,160,95,161,-1,161,95,93,-1,161,93,162,-1,162,93,91,-1,162,91,163,-1,163,91,89,-1,163,89,164,-1,164,89,87,-1,164,97,163,-1,163,97,99,-1,163,99,162,-1,162,99,101,-1,162,101,161,-1,161,101,103,-1,161,103,160,-1,160,103,105,-1,160,105,159,-1,159,105,107,-1,159,107,158,-1,158,107,165,-1,38,37,107,-1,107,37,166,-1,107,166,165,-1,62,36,61,-1,61,36,38,-1,61,38,60,-1,60,38,106,-1,60,106,71,-1,71,106,104,-1,71,104,72,-1,72,104,102,-1,72,102,73,-1,73,102,100,-1,73,100,74,-1,74,100,98,-1,167,168,169,-1,169,170,167,-1,167,170,171,-1,167,171,172,-1,173,174,175,-1,175,174,176,-1,175,176,177,-1,168,178,169,-1,169,178,174,-1,169,174,179,-1,179,174,173,-1,180,181,182,-1,182,181,183,-1,177,184,175,-1,175,184,185,-1,175,185,183,-1,183,185,186,-1,183,186,182,-1,187,188,189,-1,189,188,190,-1,180,182,191,-1,191,182,192,-1,191,192,193,-1,193,192,194,-1,193,194,190,-1,190,194,195,-1,190,195,189,-1,196,197,198,-1,198,197,199,-1,189,200,187,-1,187,200,201,-1,187,201,196,-1,196,201,202,-1,196,202,197,-1,203,204,205,-1,206,207,208,-1,209,210,211,-1,212,213,214,-1,215,216,217,-1,218,219,220,-1,221,222,223,-1,224,225,226,-1,191,193,227,-1,188,187,228,-1,229,230,228,-1,167,231,168,-1,168,231,232,-1,177,176,233,-1,233,176,174,-1,233,174,232,-1,232,174,178,-1,232,178,168,-1,234,186,235,-1,235,186,185,-1,235,185,233,-1,233,185,184,-1,233,184,177,-1,234,235,192,-1,192,235,236,-1,192,236,194,-1,226,189,236,-1,236,189,195,-1,236,195,194,-1,197,202,225,-1,225,202,201,-1,225,201,226,-1,226,201,200,-1,226,200,189,-1,198,199,229,-1,228,187,229,-1,229,187,196,-1,229,196,198,-1,227,193,228,-1,228,193,190,-1,228,190,188,-1,175,237,173,-1,173,237,238,-1,173,238,179,-1,175,183,237,-1,237,183,181,-1,237,181,227,-1,227,181,180,-1,227,180,191,-1,239,240,172,-1,172,171,239,-1,239,171,170,-1,239,170,238,-1,238,170,169,-1,238,169,179,-1,241,242,243,-1,243,242,244,-1,243,244,245,-1,245,244,246,-1,245,246,247,-1,247,246,248,-1,247,248,249,-1,249,248,250,-1,249,250,251,-1,251,250,220,-1,252,253,254,-1,254,253,255,-1,254,255,256,-1,256,255,257,-1,256,257,258,-1,258,257,259,-1,258,259,260,-1,260,259,261,-1,260,261,262,-1,262,261,217,-1,263,264,265,-1,265,264,266,-1,265,266,267,-1,267,266,268,-1,267,268,269,-1,269,268,270,-1,269,270,271,-1,271,270,272,-1,271,272,273,-1,273,272,214,-1,231,274,232,-1,232,274,275,-1,232,275,233,-1,233,275,276,-1,233,276,235,-1,235,276,277,-1,235,277,236,-1,236,277,278,-1,236,278,226,-1,226,278,223,-1,226,223,224,-1,224,223,222,-1,279,221,280,-1,280,221,223,-1,280,223,281,-1,281,223,278,-1,281,278,282,-1,282,278,277,-1,282,277,283,-1,283,277,276,-1,283,276,284,-1,284,276,275,-1,284,275,285,-1,285,275,274,-1,285,241,284,-1,284,241,243,-1,284,243,283,-1,283,243,245,-1,283,245,282,-1,282,245,247,-1,282,247,281,-1,281,247,249,-1,281,249,280,-1,280,249,251,-1,280,251,279,-1,279,251,286,-1,220,219,251,-1,251,219,287,-1,251,287,286,-1,288,218,289,-1,289,218,220,-1,289,220,290,-1,290,220,250,-1,290,250,291,-1,291,250,248,-1,291,248,292,-1,292,248,246,-1,292,246,293,-1,293,246,244,-1,293,244,294,-1,294,244,242,-1,294,252,293,-1,293,252,254,-1,293,254,292,-1,292,254,256,-1,292,256,291,-1,291,256,258,-1,291,258,290,-1,290,258,260,-1,290,260,289,-1,289,260,262,-1,289,262,288,-1,288,262,295,-1,217,216,262,-1,262,216,296,-1,262,296,295,-1,297,215,298,-1,298,215,217,-1,298,217,299,-1,299,217,261,-1,299,261,300,-1,300,261,259,-1,300,259,301,-1,301,259,257,-1,301,257,302,-1,302,257,255,-1,302,255,303,-1,303,255,253,-1,303,263,302,-1,302,263,265,-1,302,265,301,-1,301,265,267,-1,301,267,300,-1,300,267,269,-1,300,269,299,-1,299,269,271,-1,299,271,298,-1,298,271,273,-1,298,273,297,-1,297,273,304,-1,214,213,273,-1,273,213,305,-1,273,305,304,-1,210,212,211,-1,211,212,214,-1,211,214,306,-1,306,214,272,-1,306,272,307,-1,307,272,270,-1,307,270,308,-1,308,270,268,-1,308,268,309,-1,309,268,266,-1,309,266,310,-1,310,266,264,-1,311,209,312,-1,312,209,211,-1,312,211,313,-1,313,211,306,-1,313,306,314,-1,314,306,307,-1,314,307,315,-1,315,307,308,-1,315,308,316,-1,316,308,309,-1,316,309,317,-1,317,309,310,-1,317,318,316,-1,316,318,319,-1,316,319,315,-1,315,319,320,-1,315,320,314,-1,314,320,321,-1,314,321,313,-1,313,321,322,-1,313,322,312,-1,312,322,208,-1,312,208,311,-1,311,208,207,-1,318,323,319,-1,319,323,324,-1,319,324,320,-1,320,324,325,-1,320,325,321,-1,321,325,326,-1,321,326,322,-1,322,326,327,-1,322,327,208,-1,208,327,205,-1,208,205,206,-1,206,205,204,-1,328,203,329,-1,329,203,205,-1,329,205,330,-1,330,205,327,-1,330,327,331,-1,331,327,326,-1,331,326,332,-1,332,326,325,-1,332,325,333,-1,333,325,324,-1,333,324,334,-1,334,324,323,-1,334,240,333,-1,333,240,239,-1,333,239,332,-1,332,239,238,-1,332,238,331,-1,331,238,237,-1,331,237,330,-1,330,237,227,-1,330,227,329,-1,329,227,228,-1,329,228,328,-1,328,228,230,-1,335,336,337,-1,337,336,338,-1,337,338,339,-1,340,341,337,-1,337,341,342,-1,337,342,343,-1,337,344,345,-1,343,346,337,-1,337,346,347,-1,337,347,344,-1,345,348,337,-1,337,348,349,-1,337,349,335,-1,350,351,352,-1,352,351,353,-1,352,353,354,-1,354,353,355,-1,354,355,356,-1,356,355,357,-1,356,357,358,-1,358,357,359,-1,358,359,360,-1,360,359,361,-1,360,361,362,-1,363,359,357,-1,364,365,366,-1,364,366,367,-1,368,369,370,-1,370,371,368,-1,368,371,372,-1,368,372,373,-1,373,372,374,-1,373,374,375,-1,375,374,376,-1,375,376,377,-1,377,376,378,-1,377,378,379,-1,363,357,370,-1,370,357,380,-1,370,380,371,-1,371,380,381,-1,371,381,372,-1,372,381,382,-1,372,382,374,-1,374,382,367,-1,374,367,376,-1,376,367,366,-1,376,366,378,-1,357,355,383,-1,357,383,380,-1,380,383,384,-1,380,384,381,-1,381,384,385,-1,381,385,382,-1,382,385,386,-1,382,386,367,-1,367,386,387,-1,367,387,364,-1,355,353,388,-1,355,388,383,-1,383,388,389,-1,383,389,384,-1,384,389,390,-1,384,390,385,-1,385,390,391,-1,385,391,386,-1,386,391,392,-1,386,392,387,-1,353,351,393,-1,353,393,388,-1,388,393,394,-1,388,394,389,-1,389,394,395,-1,389,395,390,-1,390,395,396,-1,390,396,391,-1,391,396,397,-1,391,397,392,-1,397,398,392,-1,392,398,399,-1,392,399,387,-1,387,399,400,-1,387,400,364,-1,364,400,401,-1,364,401,365,-1,365,401,402,-1,365,402,339,-1,339,402,337,-1,403,404,405,-1,403,405,406,-1,406,405,407,-1,406,407,408,-1,408,407,409,-1,408,409,410,-1,410,409,411,-1,410,411,412,-1,412,411,413,-1,412,413,414,-1,350,415,351,-1,351,415,416,-1,351,416,417,-1,418,419,397,-1,397,419,420,-1,397,420,398,-1,421,422,403,-1,403,422,404,-1,343,342,423,-1,423,342,424,-1,425,426,427,-1,427,426,428,-1,427,428,429,-1,429,428,430,-1,429,430,431,-1,432,423,424,-1,430,433,431,-1,431,433,434,-1,431,434,435,-1,435,434,432,-1,435,432,436,-1,436,432,424,-1,426,425,437,-1,437,425,438,-1,437,438,439,-1,439,438,440,-1,439,440,441,-1,441,440,442,-1,441,442,443,-1,443,442,444,-1,443,444,445,-1,445,444,446,-1,445,446,447,-1,447,446,448,-1,447,448,449,-1,449,448,450,-1,449,450,451,-1,451,450,452,-1,451,452,453,-1,453,452,454,-1,453,454,455,-1,455,454,456,-1,457,458,459,-1,459,458,460,-1,459,460,461,-1,461,460,462,-1,461,462,463,-1,463,462,464,-1,463,464,465,-1,465,464,466,-1,465,466,467,-1,467,466,468,-1,467,468,469,-1,469,468,470,-1,469,470,471,-1,471,470,472,-1,471,472,473,-1,473,472,474,-1,473,474,475,-1,475,474,476,-1,475,476,477,-1,477,476,478,-1,479,480,481,-1,481,480,482,-1,483,484,485,-1,485,484,486,-1,485,486,487,-1,487,486,480,-1,487,480,479,-1,477,478,488,-1,488,478,489,-1,488,489,490,-1,490,489,491,-1,490,491,483,-1,483,491,492,-1,483,492,484,-1,493,494,397,-1,397,494,495,-1,397,495,496,-1,497,498,418,-1,395,499,396,-1,396,499,500,-1,396,500,397,-1,397,500,501,-1,397,501,493,-1,496,502,397,-1,397,502,503,-1,397,503,418,-1,418,503,504,-1,418,504,497,-1,498,505,418,-1,418,505,506,-1,418,506,507,-1,508,509,351,-1,351,509,510,-1,511,512,417,-1,417,512,513,-1,417,513,514,-1,510,515,351,-1,351,515,516,-1,351,516,393,-1,393,516,517,-1,393,517,394,-1,394,517,518,-1,394,518,395,-1,395,518,519,-1,395,519,499,-1,507,520,418,-1,418,520,521,-1,418,521,417,-1,417,521,522,-1,417,522,511,-1,514,523,417,-1,417,523,524,-1,417,524,525,-1,525,526,417,-1,417,526,527,-1,417,527,351,-1,351,527,528,-1,351,528,508,-1,419,529,530,-1,531,532,417,-1,533,534,418,-1,418,534,535,-1,418,535,419,-1,419,535,536,-1,419,536,529,-1,537,538,416,-1,416,538,539,-1,416,539,540,-1,532,541,417,-1,417,541,542,-1,417,542,418,-1,418,542,543,-1,418,543,533,-1,544,545,419,-1,419,545,546,-1,419,546,416,-1,416,546,547,-1,416,547,537,-1,540,548,416,-1,416,548,549,-1,416,549,417,-1,417,549,550,-1,417,550,531,-1,530,551,419,-1,419,551,552,-1,419,552,544,-1,553,554,555,-1,556,557,554,-1,554,557,558,-1,554,558,555,-1,559,560,561,-1,561,560,562,-1,561,562,556,-1,556,562,563,-1,556,563,557,-1,559,561,564,-1,564,561,565,-1,564,565,566,-1,566,565,567,-1,567,565,568,-1,567,568,569,-1,570,571,568,-1,568,571,572,-1,568,572,569,-1,573,574,575,-1,575,574,576,-1,575,576,570,-1,570,576,577,-1,570,577,571,-1,573,575,578,-1,578,575,579,-1,578,579,580,-1,580,579,581,-1,581,579,582,-1,581,582,583,-1,583,582,584,-1,584,582,585,-1,584,585,586,-1,587,588,585,-1,585,588,589,-1,585,589,586,-1,590,591,592,-1,592,591,593,-1,592,593,587,-1,587,593,594,-1,587,594,588,-1,590,592,595,-1,595,592,596,-1,595,596,597,-1,597,596,598,-1,597,598,599,-1,599,598,600,-1,599,600,601,-1,602,603,600,-1,600,603,604,-1,600,604,601,-1,605,606,602,-1,602,606,607,-1,602,607,603,-1,605,602,608,-1,608,602,609,-1,608,609,610,-1,610,609,611,-1,610,611,612,-1,612,611,613,-1,613,611,614,-1,613,614,615,-1,615,614,616,-1,616,614,617,-1,616,617,618,-1,619,620,617,-1,617,620,621,-1,617,621,618,-1,622,623,624,-1,624,623,625,-1,624,625,619,-1,619,625,626,-1,619,626,620,-1,622,624,627,-1,627,624,628,-1,627,628,629,-1,629,628,630,-1,630,628,631,-1,630,631,632,-1,633,634,631,-1,631,634,635,-1,631,635,632,-1,555,636,553,-1,553,636,637,-1,553,637,633,-1,633,637,638,-1,633,638,634,-1,
        ]
    }
}
Shape{
    appearance Appearance {
        material  Material 	{
            diffuseColor 0.28627450980392155 0.6627450980392157 0.32941176470588235
            specularColor 0.08627450980392157 0.2 0.09803921568627451
            ambientIntensity 0.5122
            transparency 0.0
            shininess 0.5
        }
    }
    geometry IndexedFaceSet {
        ccw TRUE
        solid FALSE
        coord DEF co Coordinate {
            point [
                -1.0271 -0.0787 1.8642, -0.9556 -0.0787 1.8597, -1.0271 -0.0787 1.2933, -1.0987 -0.0787 1.8597, -1.467 -0.0787 1.6572, -1.3627 -0.0787 1.7552, -1.2373 -0.0787 1.8241, -1.5969 -0.0787 1.2575, -1.5879 -0.0787 1.4003, -1.5437 -0.0787 1.5364, -1.4179 -0.0787 0.8772, -1.5091 -0.0787 0.9874, -1.5701 -0.0787 1.1169, -1.0271 -0.0787 0.7224, -1.1691 -0.0787 0.7404, -1.3021 -0.0787 0.7931, -0.6363 -0.0787 0.8772, -0.7521 -0.0787 0.7931, -0.8852 -0.0787 0.7404, -0.4574 -0.0787 1.2575, -0.4842 -0.0787 1.1169, -0.5451 -0.0787 0.9874, -0.5873 -0.0787 1.6572, -0.5106 -0.0787 1.5364, -0.4664 -0.0787 1.4003, -0.817 -0.0787 1.8241, -0.6916 -0.0787 1.7552
            ]
        }
        coordIndex [
            0,1,2,-1,0,2,3,-1,4,5,2,-1,2,5,6,-1,2,6,3,-1,7,8,2,-1,2,8,9,-1,2,9,4,-1,10,11,2,-1,2,11,12,-1,2,12,7,-1,13,14,2,-1,2,14,15,-1,2,15,10,-1,16,17,2,-1,2,17,18,-1,2,18,13,-1,19,20,2,-1,2,20,21,-1,2,21,16,-1,22,23,2,-1,2,23,24,-1,2,24,19,-1,1,25,2,-1,2,25,26,-1,2,26,22,-1,
        ]
    }
}
Shape{
    appearance Appearance {
        material  Material 	{
            diffuseColor 0.8509803921568627 0.8509803921568627 0.8509803921568627
            specularColor 0.4235294117647059 0.4235294117647059 0.4235294117647059
            ambientIntensity 0.851
            transparency 0.0
            shininess 0.5
        }
    }
    geometry IndexedFaceSet {
        ccw TRUE
        solid FALSE
        coord DEF co Coordinate {
            point [
                -1.4011 0.792 1.0147, -1.4011 0.6739 1.0147, -1.4062 0.6739 1.0153, -1.4062 0.792 1.0153, -1.411 0.6739 1.0173, -1.411 0.792 1.0173, -1.4151 0.6739 1.0204, -1.4151 0.792 1.0204, -1.4182 0.6739 1.0245, -1.4182 0.792 1.0245, -1.4202 0.6739 1.0293, -1.4202 0.792 1.0293, -1.4208 0.6739 1.0343, -1.4208 0.792 1.0343, -1.4208 0.8278 1.038, -1.4202 0.8289 1.033, -1.4182 0.8298 1.0284, -1.4151 0.8306 1.0244, -1.411 0.8313 1.0213, -1.4062 0.8317 1.0194, -1.4011 0.8318 1.0187, -1.4208 0.8622 1.0488, -1.4202 0.8642 1.0442, -1.4182 0.8661 1.0398, -1.4151 0.8677 1.0361, -1.411 0.8689 1.0332, -1.4062 0.8697 1.0314, -1.4011 0.87 1.0308, -1.4208 0.8936 1.0664, -1.4202 0.8965 1.0622, -1.4182 0.8993 1.0583, -1.4151 0.9016 1.055, -1.411 0.9034 1.0524, -1.4062 0.9045 1.0508, -1.4011 0.9049 1.0503, -1.4208 1.5386 1.518, -1.4202 1.5415 1.5138, -1.4182 1.5443 1.51, -1.4151 1.5466 1.5066, -1.411 1.5484 1.5041, -1.4062 1.5495 1.5024, -1.4011 1.5499 1.5019, -1.4208 1.5629 1.5385, -1.4202 1.5666 1.535, -1.4182 1.5699 1.5316, -1.4151 1.5728 1.5288, -1.411 1.5751 1.5266, -1.4062 1.5765 1.5252, -1.4011 1.5769 1.5247, -1.4208 1.5832 1.5631, -1.4202 1.5874 1.5602, -1.4182 1.5913 1.5575, -1.4151 1.5947 1.5552, -1.411 1.5973 1.5535, -1.4062 1.5989 1.5524, -1.4011 1.5995 1.552, -1.411 1.6298 1.6396, -1.4097 1.6306 1.686, -1.4062 1.6318 1.6862, -1.4208 1.6129 1.684, -1.4203 1.6173 1.6845, -1.4208 1.6129 1.6417, -1.4202 1.6179 1.641, -1.4208 1.6028 1.6006, -1.4202 1.6075 1.5988, -1.4182 1.612 1.5971, -1.4151 1.6158 1.5957, -1.4182 1.6226 1.6405, -1.4151 1.6267 1.64, -1.4201 1.618 1.6845, -1.4189 1.6214 1.685, -1.4165 1.6251 1.6854, -1.415 1.6267 1.6856, -1.4134 1.6282 1.6858, -1.411 1.6187 1.5946, -1.4011 1.6192 1.5899, -1.4062 1.6205 1.5939, -1.4011 1.6325 1.6736, -1.4011 1.6324 1.6393, -1.4062 1.6317 1.6394, -1.4011 1.6304 1.6311, -1.4011 1.6212 1.5936, -1.4055 1.632 1.6862, -1.4011 1.6325 1.6863, -1.4212 1.6108 1.6961, -1.4223 1.6077 1.7081, -1.4208 1.6152 1.697, -1.4219 1.612 1.7093, -1.4193 1.6193 1.6979, -1.4206 1.6161 1.7106, -1.417 1.623 1.6988, -1.4183 1.6198 1.7119, -1.4139 1.626 1.6996, -1.4152 1.6228 1.7131, -1.4101 1.6283 1.7003, -1.4114 1.625 1.7142, -1.406 1.6297 1.7008, -1.4072 1.6263 1.7151, -1.4016 1.6302 1.7011, -1.4028 1.6267 1.7158, -1.4344 1.6021 1.8044, -1.4177 1.611 1.7722, -1.4384 1.6022 1.8019, -1.422 1.611 1.7704, -1.4423 1.6011 1.7992, -1.4261 1.6098 1.7683, -1.4456 1.599 1.7965, -1.4297 1.6077 1.7663, -1.4483 1.596 1.794, -1.4326 1.6046 1.7642, -1.4502 1.5921 1.7917, -1.4347 1.6008 1.7623, -1.4511 1.5878 1.7899, -1.4358 1.5966 1.7607, -1.451 1.5831 1.7887, -1.4255 1.604 1.7202, -1.4349 1.5932 1.7558, -1.4359 1.5921 1.7594, -1.7358 1.393 2.3228, -1.7358 -0.0787 2.3228, -1.7353 -0.0787 2.3272, -1.7353 1.393 2.3272, -1.7338 -0.0787 2.3314, -1.7338 1.393 2.3314, -1.7315 -0.0787 2.3351, -1.7315 1.393 2.3351, -1.7284 -0.0787 2.3382, -1.7284 1.393 2.3382, -1.7246 -0.0787 2.3406, -1.7246 1.393 2.3406, -1.7205 -0.0787 2.342, -1.7205 1.393 2.342, -1.7161 -0.0787 2.3425, -1.7161 1.393 2.3425, -1.7161 1.4778 2.2527, -1.7212 1.4775 2.2511, -1.7209 1.4775 2.2512, -1.7259 1.476 2.2493, -1.7253 1.4762 2.2496, -1.73 1.4733 2.2474, -1.7292 1.4738 2.2478, -1.733 1.4695 2.2455, -1.7324 1.4706 2.246, -1.735 1.4651 2.2437, -1.7346 1.4666 2.2442, -1.7358 1.4575 2.2418, -1.7358 1.4589 2.2418, -1.7358 1.4603 2.2421, -1.7357 1.4622 2.2427, -1.7353 1.4093 2.3251, -1.7205 1.4605 2.3034, -1.7161 1.4609 2.3036, -1.7161 1.4689 2.2848, -1.7205 1.4684 2.2847, -1.7212 1.4682 2.2846, -1.7246 1.4592 2.3026, -1.7246 1.467 2.2843, -1.7259 1.4662 2.2841, -1.7284 1.4572 2.3015, -1.7284 1.4647 2.2837, -1.7299 1.4632 2.2833, -1.7315 1.4545 2.2999, -1.7161 1.4132 2.3399, -1.7205 1.4131 2.3394, -1.7246 1.4127 2.338, -1.7284 1.4121 2.3357, -1.7315 1.4113 2.3327, -1.7338 1.4104 2.3291, -1.7161 1.4321 2.3321, -1.7205 1.4319 2.3317, -1.7246 1.4312 2.3304, -1.7284 1.43 2.3284, -1.7315 1.4284 2.3257, -1.7338 1.4266 2.3224, -1.7161 1.4484 2.3198, -1.7205 1.448 2.3194, -1.7246 1.447 2.3184, -1.7284 1.4454 2.3167, -1.7315 1.4432 2.3145, -1.7338 1.4405 2.3118, -1.7338 1.4513 2.298, -1.7315 1.4617 2.2828, -1.7331 1.4593 2.2822, -1.7338 1.4581 2.2818, -1.7351 1.4548 2.2809, -1.7353 1.4245 2.3188, -1.7353 1.4376 2.3089, -1.7353 1.4477 2.2959, -1.7353 1.4541 2.2807, -1.7358 1.4082 2.3209, -1.7358 1.4223 2.315, -1.7358 1.4345 2.3058, -1.7358 1.4439 2.2937, -1.7358 1.4499 2.2796, -0.6531 0.6739 1.0147, -0.6531 0.792 1.0147, -0.648 0.792 1.0153, -0.648 0.6739 1.0153, -0.6433 0.792 1.0173, -0.6433 0.6739 1.0173, -0.6392 0.792 1.0204, -0.6392 0.6739 1.0204, -0.6361 0.792 1.0245, -0.6361 0.6739 1.0245, -0.6341 0.792 1.0293, -0.6341 0.6739 1.0293, -0.6334 0.792 1.0343, -0.6334 0.6739 1.0343, -0.6531 0.9049 1.0503, -0.6487 0.9046 1.0507, -0.6531 0.87 1.0308, -0.648 0.8697 1.0314, -0.648 0.9045 1.0508, -0.6446 0.9037 1.052, -0.6433 0.8689 1.0332, -0.6433 0.9034 1.0524, -0.6409 0.9024 1.0539, -0.6392 0.8677 1.0361, -0.6392 0.9016 1.055, -0.6379 0.9006 1.0564, -0.6361 0.8661 1.0398, -0.6531 0.8318 1.0187, -0.648 0.8317 1.0194, -0.6433 0.8313 1.0213, -0.6392 0.8306 1.0244, -0.6361 0.8298 1.0284, -0.6341 0.8289 1.033, -0.6341 0.8642 1.0442, -0.6361 0.8993 1.0583, -0.6355 0.8985 1.0594, -0.6341 0.8965 1.0622, -0.634 0.8961 1.0628, -0.6334 0.8278 1.038, -0.6334 0.8622 1.0488, -0.6334 0.8936 1.0664, -0.6334 1.5386 1.518, -0.634 1.5411 1.5144, -0.6341 1.5415 1.5138, -0.6355 1.5435 1.5111, -0.6361 1.5443 1.51, -0.6379 1.5456 1.508, -0.6392 1.5466 1.5066, -0.6409 1.5474 1.5055, -0.6433 1.5484 1.5041, -0.6446 1.5487 1.5036, -0.648 1.5495 1.5024, -0.6487 1.5496 1.5024, -0.6531 1.5499 1.5019, -0.6531 1.5769 1.5247, -0.648 1.5765 1.5252, -0.6433 1.5751 1.5266, -0.6392 1.5728 1.5288, -0.6361 1.5699 1.5316, -0.6341 1.5666 1.535, -0.6334 1.5629 1.5385, -0.6531 1.5995 1.552, -0.648 1.5989 1.5524, -0.6433 1.5973 1.5535, -0.6392 1.5947 1.5552, -0.6361 1.5913 1.5575, -0.6341 1.5874 1.5602, -0.6334 1.5832 1.5631, -0.6531 1.6304 1.6311, -0.6531 1.6324 1.6393, -0.648 1.6317 1.6394, -0.6531 1.6192 1.5899, -0.648 1.6205 1.5939, -0.6531 1.6212 1.5936, -0.6531 1.6325 1.6863, -0.6487 1.632 1.6862, -0.6531 1.6325 1.6736, -0.648 1.6318 1.6862, -0.6446 1.6306 1.686, -0.6433 1.6298 1.6396, -0.6408 1.6282 1.6858, -0.6392 1.6267 1.64, -0.6393 1.6267 1.6856, -0.6377 1.6251 1.6854, -0.6361 1.6226 1.6405, -0.6334 1.6028 1.6006, -0.6341 1.6075 1.5988, -0.6361 1.612 1.5971, -0.6392 1.6158 1.5957, -0.6433 1.6187 1.5946, -0.6341 1.6179 1.641, -0.6334 1.6129 1.6417, -0.6334 1.6129 1.684, -0.6339 1.6173 1.6845, -0.6342 1.618 1.6845, -0.6354 1.6214 1.685, -0.6335 1.6152 1.697, -0.6331 1.6108 1.6961, -0.6527 1.6302 1.7011, -0.6483 1.6297 1.7008, -0.6441 1.6283 1.7003, -0.6373 1.623 1.6988, -0.6404 1.626 1.6996, -0.6349 1.6193 1.6979, -0.6319 1.6077 1.7081, -0.6323 1.612 1.7093, -0.6337 1.6161 1.7106, -0.636 1.6198 1.7119, -0.6391 1.6228 1.7131, -0.6428 1.625 1.7142, -0.647 1.6263 1.7151, -0.6515 1.6267 1.7158, -0.6185 1.5933 1.7553, -0.625 1.5977 1.7408, -0.6252 1.6022 1.7421, -0.6264 1.6064 1.7436, -0.6286 1.6101 1.7453, -0.6316 1.6131 1.747, -0.6353 1.6153 1.7488, -0.6395 1.6165 1.7504, -0.6439 1.6167 1.7517, -0.6293 1.604 1.7204, -0.6199 1.6021 1.8044, -0.6158 1.6022 1.8019, -0.612 1.6011 1.7992, -0.6086 1.599 1.7965, -0.6059 1.596 1.794, -0.6041 1.5921 1.7917, -0.6032 1.5878 1.7899, -0.6032 1.5831 1.7887, -0.3382 -0.0787 2.3425, -0.3338 -0.0787 2.342, -0.3382 1.393 2.3425, -0.3338 1.393 2.3419, -0.3331 1.393 2.3419, -0.3296 -0.0787 2.3406, -0.3297 1.393 2.3404, -0.3283 1.393 2.3399, -0.3259 -0.0787 2.3382, -0.326 1.393 2.3381, -0.3242 1.393 2.3368, -0.3228 -0.0787 2.3351, -0.3229 1.393 2.335, -0.319 1.393 2.3272, -0.3191 1.393 2.3279, -0.3204 -0.0787 2.3314, -0.3205 1.393 2.3313, -0.3211 1.393 2.3327, -0.319 -0.0787 2.3272, -0.3185 -0.0787 2.3228, -0.3185 1.393 2.3228, -0.3185 1.4589 2.2418, -0.3185 1.4575 2.2418, -0.3185 1.4603 2.2421, -0.3187 1.4622 2.2427, -0.319 1.4645 2.2434, -0.3198 1.4666 2.2443, -0.3204 1.4684 2.2449, -0.3219 1.4705 2.246, -0.3228 1.4718 2.2466, -0.325 1.4738 2.2478, -0.3259 1.4746 2.2482, -0.3289 1.4762 2.2496, -0.3296 1.4765 2.2499, -0.3334 1.4775 2.2512, -0.3338 1.4776 2.2514, -0.3382 1.4778 2.2527, -0.3382 1.4689 2.2848, -0.3382 1.4609 2.3036, -0.3338 1.4683 2.2847, -0.3331 1.4603 2.3033, -0.3382 1.4132 2.3399, -0.3331 1.4131 2.3392, -0.3283 1.4586 2.3023, -0.3297 1.4669 2.2843, -0.3331 1.4682 2.2846, -0.3283 1.4126 2.3373, -0.3242 1.4559 2.3007, -0.326 1.4646 2.2836, -0.3283 1.4663 2.2841, -0.3242 1.4118 2.3343, -0.3211 1.4524 2.2986, -0.3229 1.4616 2.2828, -0.3242 1.4633 2.2833, -0.3211 1.4107 2.3304, -0.319 1.4541 2.2807, -0.3191 1.4548 2.2809, -0.3191 1.4483 2.2962, -0.3205 1.4581 2.2818, -0.3211 1.4594 2.2822, -0.3382 1.4484 2.3198, -0.3331 1.4479 2.3193, -0.3283 1.4465 2.3179, -0.3242 1.4443 2.3157, -0.3211 1.4415 2.3128, -0.3191 1.4381 2.3094, -0.3382 1.4321 2.3321, -0.3331 1.4318 2.3315, -0.3283 1.4308 2.3298, -0.3242 1.4293 2.3271, -0.3211 1.4272 2.3236, -0.3191 1.4249 2.3194, -0.3191 1.4095 2.3258, -0.3185 1.4439 2.2937, -0.3185 1.4499 2.2796, -0.3185 1.4345 2.3058, -0.3185 1.4223 2.315, -0.3185 1.4082 2.3209, -0.3191 1.3998 2.2678, -0.3185 1.4008 2.266, -0.3186 1.3996 2.268, -0.3185 1.3997 2.2679, -0.3185 1.3996 2.2681, -0.3232 1.4006 2.2659, -0.3208 1.4012 2.2645, -0.3185 1.4009 2.2659, -0.3193 1.4018 2.2637, -0.3185 1.4021 2.2633, -0.3185 1.4052 2.2573, -0.6159 1.5326 1.7918, -0.6122 1.5348 1.79, -0.6089 1.5379 1.7888, -0.3185 1.4098 2.2508, -0.6062 1.5417 1.7881, -0.3185 1.4147 2.2459, -0.6043 1.5459 1.7881, -0.6032 1.5504 1.7887, -0.3185 1.4248 2.2418, -0.3185 1.4223 2.242, -0.3185 1.4198 2.2428, -0.3185 1.4173 2.2441, -0.6199 1.5315 1.7939, -0.6283 1.5713 1.7202, -0.6212 1.5616 1.7523, -0.6222 1.5569 1.7513, -0.6195 1.5605 1.7557, -0.6242 1.5525 1.7509, -0.6272 1.5487 1.7509, -0.6309 1.5457 1.7515, -0.6351 1.5436 1.7525, -0.6397 1.5426 1.7538, -0.6327 1.5774 1.7004, -0.6335 1.5725 1.6991, -0.6355 1.568 1.6981, -0.6386 1.5641 1.6972, -0.6427 1.5611 1.6967, -0.6473 1.5591 1.6966, -0.6524 1.5584 1.6968, -0.6333 1.5796 1.6923, -0.634 1.5746 1.6912, -0.6359 1.57 1.6904, -0.6391 1.566 1.6896, -0.6431 1.5629 1.6892, -0.6479 1.561 1.689, -0.6529 1.5603 1.689, -0.6531 1.5617 1.6811, -0.6487 1.5623 1.6812, -0.648 1.5624 1.6812, -0.6433 1.5643 1.6815, -0.6392 1.5674 1.682, -0.6361 1.5714 1.6825, -0.6334 1.5812 1.684, -0.634 1.5769 1.6833, -0.6341 1.5761 1.6832, -0.6339 1.5775 1.6484, -0.6334 1.5819 1.648, -0.6334 1.5572 1.5809, -0.6334 1.5737 1.6129, -0.6339 1.5536 1.5834, -0.6339 1.5696 1.6144, -0.6342 1.553 1.5837, -0.6354 1.5657 1.6158, -0.6354 1.5502 1.5857, -0.6354 1.5734 1.6488, -0.6377 1.5697 1.6492, -0.6377 1.5471 1.5878, -0.6377 1.5622 1.6171, -0.6393 1.5458 1.5887, -0.6408 1.5593 1.6182, -0.6408 1.5445 1.5896, -0.6408 1.5666 1.6496, -0.6446 1.5642 1.6498, -0.6487 1.5628 1.65, -0.6531 1.5606 1.6426, -0.6531 1.5552 1.6197, -0.6487 1.5557 1.6195, -0.6531 1.5535 1.6163, -0.6446 1.5426 1.5909, -0.6446 1.5571 1.619, -0.648 1.5416 1.5916, -0.6487 1.5414 1.5917, -0.6531 1.541 1.592, -0.6531 1.5623 1.65, -0.6531 1.5619 1.6698, -0.6334 1.5406 1.5607, -0.6341 1.5369 1.5643, -0.6361 1.5336 1.5676, -0.6392 1.5307 1.5705, -0.6433 1.5284 1.5727, -0.6334 1.5206 1.5438, -0.6341 1.5176 1.548, -0.6361 1.5149 1.5519, -0.6392 1.5126 1.5552, -0.6433 1.5108 1.5578, -0.648 1.5096 1.5594, -0.648 1.527 1.5741, -0.6531 1.5093 1.5599, -0.6531 1.5266 1.5745, -0.6334 0.8756 1.0922, -0.6341 0.8726 1.0964, -0.6361 0.8699 1.1002, -0.6392 0.8676 1.1036, -0.6433 0.8658 1.1062, -0.648 0.8646 1.1078, -0.6531 0.8643 1.1083, -0.6334 0.792 1.0658, -0.6334 0.8215 1.0689, -0.6341 0.792 1.0709, -0.6341 0.8204 1.0738, -0.6361 0.792 1.0757, -0.6361 0.8195 1.0785, -0.6392 0.792 1.0798, -0.6392 0.8186 1.0825, -0.6433 0.792 1.0829, -0.6433 0.818 1.0855, -0.648 0.792 1.0849, -0.648 0.8176 1.0875, -0.6531 0.792 1.0855, -0.6531 0.8175 1.0881, -0.6334 0.8497 1.0778, -0.6341 0.8477 1.0824, -0.6361 0.8458 1.0868, -0.6392 0.8442 1.0905, -0.6433 0.8429 1.0934, -0.648 0.8422 1.0952, -0.6531 0.8419 1.0958, -0.6334 0.6739 1.0658, -0.6341 0.6739 1.0709, -0.6361 0.6739 1.0757, -0.6392 0.6739 1.0798, -0.6433 0.6739 1.0829, -0.648 0.6739 1.0849, -0.6531 0.6739 1.0855, -1.7351 1.3997 2.2677, -1.7358 1.3996 2.2681, -1.7358 1.4008 2.266, -1.7358 1.402 2.2635, -1.7336 1.4012 2.2646, -1.7358 1.4009 2.2659, -1.7312 1.4006 2.266, -1.731 1.4006 2.2659, -1.7334 1.4012 2.2645, -1.735 1.4018 2.2637, -1.7358 1.4021 2.2633, -1.7358 1.4147 2.2459, -1.7358 1.4173 2.2441, -1.45 1.5459 1.7881, -1.7358 1.4198 2.2428, -1.451 1.5504 1.7887, -1.7358 1.4223 2.242, -1.7358 1.4248 2.2418, -1.4383 1.5326 1.7918, -1.7358 1.4052 2.2573, -1.4421 1.5348 1.79, -1.7358 1.4098 2.2508, -1.4454 1.5379 1.7888, -1.4481 1.5417 1.7881, -1.4344 1.5315 1.7939, -1.4358 1.5606 1.7553, -1.4292 1.5651 1.7408, -1.4283 1.5604 1.7398, -1.4253 1.5713 1.7204, -1.4215 1.5774 1.7004, -1.4208 1.5725 1.6991, -1.4019 1.5584 1.6968, -1.4104 1.5461 1.7412, -1.4069 1.5591 1.6966, -1.415 1.547 1.7401, -1.4116 1.5611 1.6967, -1.4194 1.5491 1.7393, -1.4156 1.5641 1.6972, -1.4232 1.5521 1.739, -1.4187 1.568 1.6981, -1.4262 1.556 1.7392, -1.4011 1.5617 1.6811, -1.4013 1.5603 1.689, -1.4055 1.5623 1.6812, -1.4064 1.561 1.689, -1.4062 1.5624 1.6812, -1.411 1.5643 1.6815, -1.4111 1.5629 1.6892, -1.4151 1.5674 1.682, -1.4152 1.566 1.6896, -1.4182 1.5714 1.6825, -1.4183 1.57 1.6904, -1.4202 1.5761 1.6832, -1.4203 1.5746 1.6912, -1.4203 1.5769 1.6833, -1.421 1.5796 1.6923, -1.4208 1.5812 1.684, -1.4201 1.553 1.5837, -1.4189 1.5502 1.5857, -1.4189 1.5657 1.6158, -1.4165 1.5697 1.6492, -1.4011 1.5619 1.6698, -1.4011 1.5606 1.6426, -1.4011 1.5623 1.65, -1.4055 1.5628 1.65, -1.4011 1.541 1.592, -1.4011 1.5535 1.6163, -1.4055 1.5557 1.6195, -1.4011 1.5552 1.6197, -1.4097 1.5571 1.619, -1.4062 1.5416 1.5916, -1.4055 1.5414 1.5917, -1.4097 1.5642 1.6498, -1.4134 1.5666 1.6496, -1.4165 1.5471 1.5878, -1.4165 1.5622 1.6171, -1.415 1.5458 1.5887, -1.4134 1.5593 1.6182, -1.4134 1.5445 1.5896, -1.4097 1.5426 1.5909, -1.4208 1.5572 1.5809, -1.4203 1.5536 1.5834, -1.4203 1.5696 1.6144, -1.4189 1.5734 1.6488, -1.4203 1.5775 1.6484, -1.4208 1.5737 1.6129, -1.4208 1.5819 1.648, -1.4182 1.5336 1.5676, -1.4011 1.5266 1.5745, -1.4062 1.527 1.5741, -1.411 1.5284 1.5727, -1.4151 1.5307 1.5705, -1.4011 1.5093 1.5599, -1.4062 1.5096 1.5594, -1.411 1.5108 1.5578, -1.4151 1.5126 1.5552, -1.4182 1.5149 1.5519, -1.4202 1.5176 1.548, -1.4202 1.5369 1.5643, -1.4208 1.5206 1.5438, -1.4208 1.5406 1.5607, -1.4208 0.8756 1.0922, -1.4202 0.8726 1.0964, -1.4182 0.8699 1.1002, -1.4151 0.8676 1.1036, -1.411 0.8658 1.1062, -1.4062 0.8646 1.1078, -1.4011 0.8643 1.1083, -1.4011 0.792 1.0855, -1.4011 0.8175 1.0881, -1.4062 0.792 1.0849, -1.4062 0.8176 1.0875, -1.411 0.792 1.0829, -1.411 0.818 1.0855, -1.4151 0.792 1.0798, -1.4151 0.8186 1.0825, -1.4182 0.792 1.0757, -1.4182 0.8195 1.0785, -1.4202 0.792 1.0709, -1.4202 0.8204 1.0738, -1.4208 0.792 1.0658, -1.4208 0.8215 1.0689, -1.4011 0.8419 1.0958, -1.4062 0.8422 1.0952, -1.411 0.8429 1.0934, -1.4151 0.8442 1.0905, -1.4182 0.8458 1.0868, -1.4202 0.8477 1.0824, -1.4208 0.8497 1.0778, -1.4208 0.6739 1.0658, -1.4202 0.6739 1.0709, -1.4182 0.6739 1.0757, -1.4151 0.6739 1.0798, -1.411 0.6739 1.0829, -1.4062 0.6739 1.0849, -1.4011 0.6739 1.0855, -1.0985 1.3733 1.8579, -1.1264 1.3784 1.8562, -1.0271 1.3784 1.8648, -1.3615 1.3733 1.7534, -1.3945 1.3784 1.7311, -1.3129 1.3784 1.7883, -1.1263 1.3733 1.8555, -1.2224 1.3733 1.8297, -1.2226 1.3784 1.8304, -1.2368 1.3733 1.823, -1.3126 1.3733 1.7877, -1.3941 1.3733 1.7306, -1.4644 1.3733 1.6603, -1.465 1.3784 1.6607, -1.4667 1.3733 1.657, -1.5221 1.3784 1.5791, -1.5215 1.3733 1.5787, -1.5417 1.3733 1.5355, -1.5642 1.3784 1.4888, -1.5636 1.3733 1.4886, -1.59 1.3784 1.3926, -1.5873 1.3733 1.4001, -1.5687 1.3733 1.1173, -1.5642 1.3784 1.0978, -1.59 1.3784 1.1941, -1.5893 1.3733 1.3924, -1.598 1.3733 1.2933, -1.5987 1.3784 1.2933, -1.5949 1.3733 1.2576, -1.5893 1.3733 1.1942, -1.4166 1.3733 0.8785, -1.3945 1.3784 0.8555, -1.465 1.3784 0.9259, -1.5636 1.3733 1.0981, -1.5215 1.3733 1.0079, -1.5221 1.3784 1.0075, -1.5078 1.3733 0.9883, -1.4644 1.3733 0.9264, -1.1685 1.3733 0.7424, -1.1264 1.3784 0.7305, -1.2226 1.3784 0.7562, -1.3941 1.3733 0.856, -1.3126 1.3733 0.7989, -1.3129 1.3784 0.7983, -1.3018 1.3733 0.7939, -1.2224 1.3733 0.7569, -1.1263 1.3733 0.7311, -1.0271 1.3733 0.7224, -1.0271 1.3784 0.7218, -0.928 1.3733 0.7311, -0.9279 1.3784 0.7305, -0.8857 1.3733 0.7424, -0.8317 1.3784 0.7562, -0.8319 1.3733 0.7569, -0.7414 1.3784 0.7983, -0.7525 1.3733 0.7939, -0.5464 1.3733 0.9883, -0.5322 1.3784 1.0075, -0.5893 1.3784 0.9259, -0.7417 1.3733 0.7989, -0.6602 1.3733 0.856, -0.6598 1.3784 0.8555, -0.6377 1.3733 0.8785, -0.5898 1.3733 0.9264, -0.4594 1.3733 1.2576, -0.4556 1.3784 1.2933, -0.4643 1.3784 1.1941, -0.5327 1.3733 1.0079, -0.4907 1.3733 1.0981, -0.4901 1.3784 1.0978, -0.4855 1.3733 1.1173, -0.4649 1.3733 1.1942, -0.4563 1.3733 1.2933, -0.4649 1.3733 1.3924, -0.4643 1.3784 1.3926, -0.467 1.3733 1.4001, -0.4901 1.3784 1.4888, -0.4907 1.3733 1.4886, -0.5126 1.3733 1.5355, -0.5322 1.3784 1.5791, -0.5327 1.3733 1.5787, -0.5893 1.3784 1.6607, -0.5875 1.3733 1.657, -0.8175 1.3733 1.823, -0.8317 1.3784 1.8304, -0.7414 1.3784 1.7883, -0.5898 1.3733 1.6603, -0.6602 1.3733 1.7306, -0.6598 1.3784 1.7311, -0.6928 1.3733 1.7534, -0.7417 1.3733 1.7877, -0.8319 1.3733 1.8297, -0.928 1.3733 1.8555, -0.9279 1.3784 1.8562, -0.9557 1.3733 1.8579, -1.0271 1.3733 1.8642, -0.9275 1.3831 1.8581, -0.831 1.3831 1.8322, -0.7404 1.3831 1.79, -0.6585 1.3831 1.7326, -0.5878 1.3831 1.662, -0.5305 1.3831 1.5801, -0.4882 1.3831 1.4895, -0.4623 1.3831 1.3929, -0.4536 1.3831 1.2933, -0.4623 1.3831 1.1937, -0.4882 1.3831 1.0972, -0.5305 1.3831 1.0066, -0.5878 1.3831 0.9247, -0.6585 1.3831 0.854, -0.7404 1.3831 0.7966, -0.831 1.3831 0.7544, -0.9275 1.3831 0.7285, -1.0271 1.3831 0.7198, -1.1267 1.3831 0.7285, -1.2233 1.3831 0.7544, -1.3139 1.3831 0.7966, -1.3958 1.3831 0.854, -1.4665 1.3831 0.9247, -1.5238 1.3831 1.0066, -1.566 1.3831 1.0972, -1.5919 1.3831 1.1937, -1.6006 1.3831 1.2933, -1.5919 1.3831 1.3929, -1.566 1.3831 1.4895, -1.5238 1.3831 1.5801, -1.4665 1.3831 1.662, -1.3958 1.3831 1.7326, -1.3139 1.3831 1.79, -1.2233 1.3831 1.8322, -1.1267 1.3831 1.8581, -1.0271 1.3831 1.8668, -0.927 1.3872 1.8612, -0.8299 1.3872 1.8352, -0.7388 1.3872 1.7927, -0.6565 1.3872 1.735, -0.5854 1.3872 1.664, -0.5278 1.3872 1.5816, -0.4853 1.3872 1.4905, -0.4593 1.3872 1.3934, -0.4505 1.3872 1.2933, -0.4593 1.3872 1.1932, -0.4853 1.3872 1.0961, -0.5278 1.3872 1.005, -0.5854 1.3872 0.9227, -0.6565 1.3872 0.8516, -0.7388 1.3872 0.7939, -0.8299 1.3872 0.7515, -0.927 1.3872 0.7254, -1.0271 1.3872 0.7167, -1.1273 1.3872 0.7254, -1.2243 1.3872 0.7515, -1.3154 1.3872 0.7939, -1.3978 1.3872 0.8516, -1.4689 1.3872 0.9227, -1.5265 1.3872 1.005, -1.569 1.3872 1.0961, -1.595 1.3872 1.1932, -1.6038 1.3872 1.2933, -1.595 1.3872 1.3934, -1.569 1.3872 1.4905, -1.5265 1.3872 1.5816, -1.4689 1.3872 1.664, -1.3978 1.3872 1.735, -1.3154 1.3872 1.7927, -1.2243 1.3872 1.8352, -1.1273 1.3872 1.8612, -1.0271 1.3872 1.8699, -0.9263 1.3904 1.8652, -0.8285 1.3904 1.839, -0.7368 1.3904 1.7962, -0.6539 1.3904 1.7382, -0.5823 1.3904 1.6666, -0.5242 1.3904 1.5837, -0.4814 1.3904 1.4919, -0.4552 1.3904 1.3941, -0.4464 1.3904 1.2933, -0.4552 1.3904 1.1925, -0.4814 1.3904 1.0947, -0.5242 1.3904 1.003, -0.5823 1.3904 0.92, -0.6539 1.3904 0.8485, -0.7368 1.3904 0.7904, -0.8285 1.3904 0.7476, -0.9263 1.3904 0.7214, -1.0271 1.3904 0.7126, -1.128 1.3904 0.7214, -1.2257 1.3904 0.7476, -1.3175 1.3904 0.7904, -1.4004 1.3904 0.8485, -1.472 1.3904 0.92, -1.53 1.3904 1.003, -1.5728 1.3904 1.0947, -1.599 1.3904 1.1925, -1.6078 1.3904 1.2933, -1.599 1.3904 1.3941, -1.5728 1.3904 1.4919, -1.53 1.3904 1.5837, -1.472 1.3904 1.6666, -1.4004 1.3904 1.7382, -1.3175 1.3904 1.7962, -1.2257 1.3904 1.839, -1.128 1.3904 1.8652, -1.0271 1.3904 1.874, -0.9255 1.3923 1.8699, -0.8269 1.3923 1.8435, -0.7344 1.3923 1.8003, -0.6508 1.3923 1.7418, -0.5786 1.3923 1.6696, -0.5201 1.3923 1.586, -0.477 1.3923 1.4935, -0.4506 1.3923 1.395, -0.4417 1.3923 1.2933, -0.4506 1.3923 1.1916, -0.477 1.3923 1.0931, -0.5201 1.3923 1.0006, -0.5786 1.3923 0.917, -0.6508 1.3923 0.8448, -0.7344 1.3923 0.7863, -0.8269 1.3923 0.7432, -0.9255 1.3923 0.7167, -1.0271 1.3923 0.7079, -1.1288 1.3923 0.7167, -1.2274 1.3923 0.7432, -1.3199 1.3923 0.7863, -1.4035 1.3923 0.8448, -1.4756 1.3923 0.917, -1.5341 1.3923 1.0006, -1.5773 1.3923 1.0931, -1.6037 1.3923 1.1916, -1.6126 1.3923 1.2933, -1.6037 1.3923 1.395, -1.5773 1.3923 1.4935, -1.5341 1.3923 1.586, -1.4756 1.3923 1.6696, -1.4035 1.3923 1.7418, -1.3199 1.3923 1.8003, -1.2274 1.3923 1.8435, -1.1288 1.3923 1.8699, -1.0271 1.3923 1.8788, -0.9246 1.393 1.8749, -0.8251 1.393 1.8482, -0.7319 1.393 1.8047, -0.6475 1.393 1.7457, -0.5747 1.393 1.6729, -0.5157 1.393 1.5886, -0.4722 1.393 1.4953, -0.4455 1.393 1.3959, -0.4366 1.393 1.2933, -0.4455 1.393 1.1908, -0.4722 1.393 1.0913, -0.5157 1.393 0.998, -0.5747 1.393 0.9137, -0.6475 1.393 0.8409, -0.7319 1.393 0.7819, -0.8251 1.393 0.7384, -0.9246 1.393 0.7117, -1.0271 1.393 0.7028, -1.1297 1.393 0.7117, -1.2291 1.393 0.7384, -1.3224 1.393 0.7819, -1.4067 1.393 0.8409, -1.4795 1.393 0.9137, -1.5386 1.393 0.998, -1.5821 1.393 1.0913, -1.6087 1.393 1.1908, -1.6177 1.393 1.2933, -1.6087 1.393 1.3959, -1.5821 1.393 1.4953, -1.5386 1.393 1.5886, -1.4795 1.393 1.6729, -1.4067 1.393 1.7457, -1.3224 1.393 1.8047, -1.2291 1.393 1.8482, -1.1297 1.393 1.8749, -1.0271 1.393 1.8839, -1.224 0.1378 -1.378, -1.2173 0.1887 0.315, -1.2173 0.1887 -1.378, -1.1976 0.2362 0.315, -1.1976 0.2362 -1.378, -1.1663 0.277 0.315, -1.1663 0.277 -1.378, -1.1256 0.3083 0.315, -1.1256 0.3083 -1.378, -1.0781 0.3279 0.315, -1.0781 0.3279 -1.378, -1.0271 0.3346 0.315, -1.0271 0.3346 -1.378, -0.9762 0.3279 0.315, -0.9762 0.3279 -1.378, -0.9287 0.3083 0.315, -0.9287 0.3083 -1.378, -0.8879 0.277 0.315, -0.8879 0.277 -1.378, -0.8567 0.2362 0.315, -0.8567 0.2362 -1.378, -0.837 0.1887 0.315, -0.837 0.1887 -1.378, -0.8303 0.1378 0.315, -0.8303 0.1378 -1.378, -0.837 0.0868 0.315, -0.837 0.0868 -1.378, -0.8567 0.0394 0.315, -0.8567 0.0394 -1.378, -0.8879 -0.0014 0.315, -0.8879 -0.0014 -1.378, -0.9287 -0.0327 0.315, -0.9287 -0.0327 -1.378, -0.9762 -0.0524 0.315, -0.9762 -0.0524 -1.378, -1.0271 -0.0591 0.315, -1.0271 -0.0591 -1.378, -1.0781 -0.0524 0.315, -1.0781 -0.0524 -1.378, -1.1256 -0.0327 0.315, -1.1256 -0.0327 -1.378, -1.1663 -0.0014 0.315, -1.1663 -0.0014 -1.378, -1.1976 0.0394 0.315, -1.1976 0.0394 -1.378, -1.2173 0.0868 0.315, -1.2173 0.0868 -1.378, -1.224 0.1378 0.315, -1.0271 0.1378 -1.378
            ]
        }
        coordIndex [
            0,1,2,-1,0,2,3,-1,3,2,4,-1,3,4,5,-1,5,4,6,-1,5,6,7,-1,7,6,8,-1,7,8,9,-1,9,8,10,-1,9,10,11,-1,11,10,12,-1,11,12,13,-1,13,14,11,-1,11,14,15,-1,11,15,9,-1,9,15,16,-1,9,16,7,-1,7,16,17,-1,7,17,5,-1,5,17,18,-1,5,18,3,-1,3,18,19,-1,3,19,0,-1,0,19,20,-1,14,21,15,-1,15,21,22,-1,15,22,16,-1,16,22,23,-1,16,23,17,-1,17,23,24,-1,17,24,18,-1,18,24,25,-1,18,25,19,-1,19,25,26,-1,19,26,20,-1,20,26,27,-1,21,28,22,-1,22,28,29,-1,22,29,23,-1,23,29,30,-1,23,30,24,-1,24,30,31,-1,24,31,25,-1,25,31,32,-1,25,32,26,-1,26,32,33,-1,26,33,27,-1,27,33,34,-1,28,35,36,-1,28,36,29,-1,29,36,37,-1,29,37,30,-1,30,37,38,-1,30,38,31,-1,31,38,39,-1,31,39,32,-1,32,39,40,-1,32,40,33,-1,33,40,41,-1,33,41,34,-1,35,42,36,-1,36,42,43,-1,36,43,37,-1,37,43,44,-1,37,44,38,-1,38,44,45,-1,38,45,39,-1,39,45,46,-1,39,46,40,-1,40,46,47,-1,40,47,41,-1,41,47,48,-1,42,49,43,-1,43,49,50,-1,43,50,44,-1,44,50,51,-1,44,51,45,-1,45,51,52,-1,45,52,46,-1,46,52,53,-1,46,53,47,-1,47,53,54,-1,47,54,48,-1,48,54,55,-1,56,57,58,-1,59,60,61,-1,61,60,62,-1,49,63,50,-1,50,63,64,-1,50,64,51,-1,51,64,65,-1,51,65,52,-1,52,65,66,-1,52,66,53,-1,63,61,64,-1,64,61,62,-1,64,62,65,-1,65,62,67,-1,65,67,66,-1,66,67,68,-1,60,69,62,-1,62,69,70,-1,62,70,67,-1,67,70,71,-1,67,71,68,-1,68,71,72,-1,68,72,73,-1,53,66,74,-1,74,66,68,-1,74,68,56,-1,56,68,73,-1,56,73,57,-1,55,54,75,-1,75,54,76,-1,77,78,79,-1,79,78,80,-1,79,80,76,-1,76,80,81,-1,76,81,75,-1,82,83,77,-1,82,77,58,-1,58,77,79,-1,58,79,56,-1,56,79,76,-1,56,76,74,-1,74,76,54,-1,74,54,53,-1,84,85,86,-1,86,85,87,-1,86,87,88,-1,88,87,89,-1,88,89,90,-1,90,89,91,-1,90,91,92,-1,92,91,93,-1,92,93,94,-1,94,93,95,-1,94,95,96,-1,96,95,97,-1,83,96,98,-1,98,96,97,-1,98,97,99,-1,83,82,96,-1,96,82,58,-1,96,58,94,-1,94,58,57,-1,94,57,92,-1,57,73,92,-1,92,73,72,-1,92,72,90,-1,90,72,71,-1,90,71,88,-1,59,84,60,-1,60,84,86,-1,60,86,69,-1,69,86,88,-1,69,88,70,-1,70,88,71,-1,100,101,102,-1,102,101,103,-1,102,103,104,-1,104,103,105,-1,104,105,106,-1,106,105,107,-1,106,107,108,-1,108,107,109,-1,108,109,110,-1,110,109,111,-1,110,111,112,-1,112,111,113,-1,112,113,114,-1,115,116,113,-1,113,116,117,-1,113,117,114,-1,85,115,87,-1,87,115,113,-1,87,113,89,-1,89,113,111,-1,89,111,91,-1,91,111,109,-1,91,109,93,-1,93,109,107,-1,93,107,95,-1,95,107,105,-1,95,105,97,-1,97,105,103,-1,97,103,99,-1,99,103,101,-1,118,119,120,-1,118,120,121,-1,121,120,122,-1,121,122,123,-1,123,122,124,-1,123,124,125,-1,125,124,126,-1,125,126,127,-1,127,126,128,-1,127,128,129,-1,129,128,130,-1,129,130,131,-1,131,130,132,-1,131,132,133,-1,134,100,102,-1,104,135,102,-1,102,135,136,-1,102,136,134,-1,106,137,104,-1,104,137,138,-1,104,138,135,-1,108,139,106,-1,106,139,140,-1,106,140,137,-1,110,141,108,-1,108,141,142,-1,108,142,139,-1,112,143,110,-1,110,143,144,-1,110,144,141,-1,114,145,112,-1,112,145,146,-1,146,147,112,-1,112,147,148,-1,112,148,143,-1,118,121,149,-1,150,151,152,-1,152,153,150,-1,150,153,154,-1,150,154,155,-1,154,156,155,-1,155,156,157,-1,155,157,158,-1,157,159,158,-1,158,159,160,-1,158,160,161,-1,133,162,131,-1,131,162,163,-1,131,163,129,-1,129,163,164,-1,129,164,127,-1,127,164,165,-1,127,165,125,-1,125,165,166,-1,125,166,123,-1,123,166,167,-1,123,167,121,-1,162,168,163,-1,163,168,169,-1,163,169,164,-1,164,169,170,-1,164,170,165,-1,165,170,171,-1,165,171,166,-1,166,171,172,-1,166,172,167,-1,167,172,173,-1,168,174,169,-1,169,174,175,-1,169,175,170,-1,170,175,176,-1,170,176,171,-1,171,176,177,-1,171,177,172,-1,172,177,178,-1,172,178,173,-1,173,178,179,-1,174,151,175,-1,175,151,150,-1,175,150,176,-1,176,150,155,-1,176,155,177,-1,177,155,158,-1,177,158,178,-1,178,158,161,-1,178,161,179,-1,179,161,180,-1,160,181,161,-1,161,181,182,-1,161,182,180,-1,180,182,183,-1,180,183,184,-1,121,167,149,-1,149,167,173,-1,149,173,185,-1,185,173,179,-1,185,179,186,-1,186,179,180,-1,186,180,187,-1,187,180,184,-1,187,184,188,-1,118,149,189,-1,189,149,185,-1,189,185,190,-1,190,185,186,-1,190,186,191,-1,191,186,187,-1,191,187,192,-1,192,187,188,-1,192,188,193,-1,152,134,153,-1,153,134,136,-1,153,136,154,-1,154,136,135,-1,154,135,156,-1,156,135,138,-1,156,138,157,-1,157,138,137,-1,157,137,159,-1,159,137,140,-1,159,140,160,-1,160,140,139,-1,160,139,181,-1,181,139,142,-1,181,142,182,-1,182,142,141,-1,182,141,183,-1,183,141,144,-1,183,144,184,-1,184,144,143,-1,184,143,188,-1,188,143,148,-1,188,148,193,-1,193,148,147,-1,194,195,196,-1,194,196,197,-1,197,196,198,-1,197,198,199,-1,199,198,200,-1,199,200,201,-1,201,200,202,-1,201,202,203,-1,203,202,204,-1,203,204,205,-1,205,204,206,-1,205,206,207,-1,208,209,210,-1,210,209,211,-1,209,212,211,-1,211,212,213,-1,211,213,214,-1,213,215,214,-1,214,215,216,-1,214,216,217,-1,216,218,217,-1,217,218,219,-1,217,219,220,-1,195,221,196,-1,196,221,222,-1,196,222,198,-1,198,222,223,-1,198,223,200,-1,200,223,224,-1,200,224,202,-1,202,224,225,-1,202,225,204,-1,204,225,226,-1,204,226,206,-1,221,210,222,-1,222,210,211,-1,222,211,223,-1,223,211,214,-1,223,214,224,-1,224,214,217,-1,224,217,225,-1,225,217,220,-1,225,220,226,-1,226,220,227,-1,219,228,220,-1,220,228,229,-1,220,229,227,-1,227,229,230,-1,227,230,231,-1,206,226,232,-1,232,226,227,-1,232,227,233,-1,233,227,231,-1,233,231,234,-1,234,231,235,-1,235,231,236,-1,236,231,237,-1,237,231,230,-1,237,230,238,-1,238,230,229,-1,238,229,239,-1,239,229,228,-1,239,228,240,-1,240,228,219,-1,240,219,241,-1,241,219,218,-1,241,218,242,-1,242,218,216,-1,242,216,243,-1,243,216,215,-1,243,215,244,-1,244,215,213,-1,244,213,245,-1,245,213,212,-1,245,212,246,-1,212,209,246,-1,246,209,208,-1,246,208,247,-1,247,248,246,-1,246,248,249,-1,246,249,245,-1,245,249,244,-1,244,249,250,-1,244,250,243,-1,243,250,242,-1,242,250,251,-1,242,251,241,-1,241,251,240,-1,240,251,252,-1,240,252,239,-1,239,252,238,-1,238,252,253,-1,238,253,237,-1,237,253,236,-1,236,253,254,-1,236,254,235,-1,248,255,249,-1,249,255,256,-1,249,256,250,-1,250,256,257,-1,250,257,251,-1,251,257,258,-1,251,258,252,-1,252,258,259,-1,252,259,253,-1,253,259,260,-1,253,260,254,-1,254,260,261,-1,262,263,264,-1,255,265,266,-1,262,264,267,-1,268,269,270,-1,270,269,271,-1,270,271,263,-1,263,271,264,-1,264,271,272,-1,264,272,273,-1,273,272,274,-1,273,274,275,-1,274,276,275,-1,275,276,277,-1,275,277,278,-1,279,261,280,-1,280,261,260,-1,280,260,281,-1,281,260,259,-1,281,259,282,-1,282,259,258,-1,282,258,283,-1,283,258,257,-1,283,257,266,-1,266,257,256,-1,266,256,255,-1,265,267,266,-1,266,267,264,-1,266,264,283,-1,283,264,273,-1,283,273,282,-1,282,273,275,-1,282,275,281,-1,281,275,278,-1,281,278,280,-1,280,278,284,-1,280,284,279,-1,279,284,285,-1,286,285,287,-1,287,285,284,-1,287,284,288,-1,288,284,278,-1,288,278,289,-1,289,278,277,-1,290,291,286,-1,268,292,269,-1,269,292,293,-1,269,293,271,-1,271,293,294,-1,295,276,296,-1,296,276,274,-1,296,274,294,-1,294,274,272,-1,294,272,271,-1,286,287,290,-1,290,287,288,-1,290,288,297,-1,297,288,289,-1,297,289,295,-1,295,289,277,-1,295,277,276,-1,298,291,299,-1,299,291,290,-1,299,290,300,-1,300,290,297,-1,300,297,301,-1,301,297,295,-1,301,295,302,-1,302,295,296,-1,302,296,303,-1,303,296,294,-1,303,294,304,-1,304,294,293,-1,304,293,305,-1,305,293,292,-1,306,307,308,-1,308,299,309,-1,309,299,300,-1,309,300,310,-1,310,300,301,-1,310,301,311,-1,311,301,302,-1,311,302,312,-1,312,302,303,-1,312,303,313,-1,313,303,304,-1,313,304,314,-1,314,304,305,-1,308,307,299,-1,299,307,315,-1,299,315,298,-1,314,316,313,-1,313,316,317,-1,313,317,312,-1,312,317,318,-1,312,318,311,-1,311,318,319,-1,311,319,310,-1,310,319,320,-1,310,320,309,-1,309,320,321,-1,309,321,308,-1,308,321,322,-1,308,322,306,-1,306,322,323,-1,324,325,326,-1,326,325,327,-1,327,325,328,-1,328,325,329,-1,328,329,330,-1,330,329,331,-1,331,329,332,-1,331,332,333,-1,333,332,334,-1,334,332,335,-1,334,335,336,-1,337,338,339,-1,339,338,340,-1,339,340,335,-1,335,340,341,-1,335,341,336,-1,339,342,337,-1,337,342,343,-1,337,343,344,-1,345,346,323,-1,345,323,347,-1,347,323,348,-1,348,323,322,-1,348,322,349,-1,349,322,321,-1,349,321,350,-1,350,321,351,-1,351,321,320,-1,351,320,352,-1,352,320,353,-1,353,320,319,-1,353,319,354,-1,354,319,355,-1,355,319,318,-1,355,318,356,-1,356,318,357,-1,357,318,317,-1,357,317,358,-1,358,317,359,-1,359,317,316,-1,359,316,360,-1,361,362,363,-1,363,362,364,-1,326,327,365,-1,365,327,366,-1,367,368,364,-1,364,368,369,-1,364,369,363,-1,327,328,366,-1,366,328,330,-1,366,330,370,-1,371,372,367,-1,367,372,373,-1,367,373,368,-1,330,331,370,-1,370,331,333,-1,370,333,374,-1,375,376,371,-1,371,376,377,-1,371,377,372,-1,333,334,374,-1,374,334,336,-1,374,336,378,-1,379,380,381,-1,381,380,382,-1,381,382,375,-1,375,382,383,-1,375,383,376,-1,362,384,364,-1,364,384,385,-1,364,385,367,-1,367,385,386,-1,367,386,371,-1,371,386,387,-1,371,387,375,-1,375,387,388,-1,375,388,381,-1,381,388,389,-1,384,390,385,-1,385,390,391,-1,385,391,386,-1,386,391,392,-1,386,392,387,-1,387,392,393,-1,387,393,388,-1,388,393,394,-1,388,394,389,-1,389,394,395,-1,390,365,391,-1,391,365,366,-1,391,366,392,-1,392,366,370,-1,392,370,393,-1,393,370,374,-1,393,374,394,-1,394,374,378,-1,394,378,395,-1,395,378,396,-1,397,398,379,-1,336,341,378,-1,378,341,340,-1,378,340,396,-1,396,340,338,-1,396,338,337,-1,379,381,397,-1,397,381,389,-1,397,389,399,-1,399,389,395,-1,399,395,400,-1,400,395,396,-1,400,396,401,-1,401,396,337,-1,401,337,344,-1,368,357,358,-1,368,358,369,-1,369,358,359,-1,369,359,363,-1,363,359,360,-1,363,360,361,-1,357,368,356,-1,356,368,373,-1,356,373,355,-1,373,372,355,-1,355,372,377,-1,355,377,354,-1,354,377,376,-1,354,376,353,-1,353,376,383,-1,353,383,352,-1,352,383,382,-1,352,382,351,-1,351,382,380,-1,351,380,350,-1,350,380,379,-1,350,379,349,-1,349,379,348,-1,348,379,398,-1,348,398,347,-1,402,403,404,-1,404,403,405,-1,404,405,406,-1,402,407,403,-1,403,407,408,-1,403,408,409,-1,409,408,410,-1,409,410,411,-1,412,411,410,-1,410,413,414,-1,410,414,412,-1,412,414,415,-1,412,415,416,-1,416,415,417,-1,416,417,418,-1,419,420,421,-1,421,422,419,-1,419,422,423,-1,419,423,417,-1,417,423,424,-1,417,424,418,-1,413,410,425,-1,425,410,408,-1,425,408,407,-1,426,427,428,-1,429,420,419,-1,427,429,428,-1,428,429,419,-1,428,419,430,-1,430,419,417,-1,430,417,431,-1,431,417,415,-1,431,415,432,-1,432,415,414,-1,432,414,433,-1,433,414,413,-1,433,413,434,-1,434,413,425,-1,435,426,436,-1,436,426,428,-1,436,428,437,-1,437,428,430,-1,437,430,438,-1,438,430,431,-1,438,431,439,-1,439,431,432,-1,439,432,440,-1,440,432,433,-1,440,433,441,-1,441,433,434,-1,442,435,443,-1,443,435,436,-1,443,436,444,-1,444,436,437,-1,444,437,445,-1,445,437,438,-1,445,438,446,-1,446,438,439,-1,446,439,447,-1,447,439,440,-1,447,440,448,-1,448,440,441,-1,448,449,450,-1,448,450,447,-1,447,450,451,-1,447,451,446,-1,446,451,452,-1,446,452,445,-1,445,452,453,-1,445,453,444,-1,444,453,454,-1,444,454,443,-1,455,442,456,-1,456,442,443,-1,456,443,457,-1,457,443,454,-1,458,459,455,-1,460,461,462,-1,462,461,463,-1,462,463,464,-1,464,463,465,-1,464,465,466,-1,455,456,458,-1,458,456,457,-1,458,457,467,-1,457,454,467,-1,467,454,453,-1,467,453,468,-1,466,465,469,-1,469,465,470,-1,469,470,471,-1,471,470,472,-1,471,472,473,-1,468,453,474,-1,474,453,452,-1,474,452,475,-1,475,452,476,-1,476,452,451,-1,476,451,450,-1,477,478,479,-1,479,478,480,-1,473,472,481,-1,481,472,482,-1,481,482,483,-1,483,482,479,-1,483,479,484,-1,484,479,480,-1,484,480,485,-1,486,477,476,-1,476,477,479,-1,476,479,475,-1,475,479,482,-1,475,482,474,-1,474,482,472,-1,474,472,468,-1,468,472,470,-1,468,470,467,-1,467,470,465,-1,467,465,458,-1,458,465,463,-1,458,463,459,-1,459,463,461,-1,486,476,487,-1,487,476,450,-1,487,450,449,-1,488,460,462,-1,488,462,489,-1,462,464,489,-1,489,464,466,-1,489,466,490,-1,490,466,469,-1,490,469,491,-1,469,471,491,-1,491,471,473,-1,491,473,492,-1,493,488,494,-1,494,488,489,-1,494,489,495,-1,495,489,490,-1,495,490,496,-1,496,490,491,-1,496,491,497,-1,497,491,492,-1,497,492,498,-1,498,492,499,-1,498,499,500,-1,500,499,501,-1,485,501,484,-1,484,501,499,-1,484,499,483,-1,483,499,492,-1,483,492,481,-1,481,492,473,-1,502,493,494,-1,502,494,503,-1,503,494,495,-1,503,495,504,-1,504,495,496,-1,504,496,505,-1,505,496,497,-1,505,497,506,-1,506,497,498,-1,506,498,507,-1,507,498,500,-1,507,500,508,-1,509,510,511,-1,511,510,512,-1,511,512,513,-1,513,512,514,-1,513,514,515,-1,515,514,516,-1,515,516,517,-1,517,516,518,-1,517,518,519,-1,519,518,520,-1,519,520,521,-1,521,520,522,-1,510,523,512,-1,512,523,524,-1,512,524,514,-1,514,524,525,-1,514,525,516,-1,516,525,526,-1,516,526,518,-1,518,526,527,-1,518,527,520,-1,520,527,528,-1,520,528,522,-1,522,528,529,-1,523,502,524,-1,524,502,503,-1,524,503,525,-1,525,503,504,-1,525,504,526,-1,526,504,505,-1,526,505,527,-1,527,505,506,-1,527,506,528,-1,528,506,507,-1,528,507,529,-1,529,507,508,-1,530,509,511,-1,530,511,531,-1,531,511,513,-1,531,513,532,-1,532,513,515,-1,532,515,533,-1,533,515,517,-1,533,517,534,-1,534,517,519,-1,534,519,535,-1,535,519,521,-1,535,521,536,-1,537,538,539,-1,540,541,542,-1,542,541,539,-1,539,541,543,-1,539,543,537,-1,544,543,545,-1,545,543,541,-1,545,541,546,-1,546,541,540,-1,546,540,547,-1,548,549,550,-1,550,549,551,-1,550,551,552,-1,552,551,553,-1,552,553,554,-1,555,556,557,-1,557,556,558,-1,557,558,559,-1,559,558,548,-1,559,548,560,-1,560,548,550,-1,547,556,546,-1,546,556,555,-1,546,555,545,-1,545,555,561,-1,545,561,544,-1,562,563,564,-1,565,566,567,-1,568,569,570,-1,570,569,571,-1,570,571,572,-1,572,571,573,-1,572,573,574,-1,574,573,575,-1,574,575,576,-1,576,575,577,-1,576,577,567,-1,567,577,564,-1,567,564,565,-1,565,564,563,-1,569,561,571,-1,571,561,555,-1,571,555,573,-1,573,555,557,-1,573,557,575,-1,575,557,559,-1,575,559,577,-1,577,559,560,-1,577,560,564,-1,564,560,550,-1,564,550,562,-1,562,550,552,-1,578,579,580,-1,580,579,581,-1,580,581,582,-1,582,581,583,-1,583,581,584,-1,583,584,585,-1,585,584,586,-1,585,586,587,-1,587,586,588,-1,587,588,589,-1,589,588,590,-1,589,590,591,-1,591,590,592,-1,591,592,593,-1,566,592,567,-1,567,592,590,-1,567,590,576,-1,576,590,588,-1,576,588,574,-1,574,588,586,-1,574,586,572,-1,572,586,584,-1,572,584,570,-1,570,584,581,-1,570,581,568,-1,568,581,579,-1,594,595,596,-1,597,585,587,-1,598,578,580,-1,599,600,601,-1,602,603,604,-1,599,601,605,-1,598,580,600,-1,606,607,604,-1,604,607,608,-1,604,608,602,-1,600,580,601,-1,601,580,582,-1,601,582,609,-1,597,610,585,-1,585,610,609,-1,585,609,583,-1,583,609,582,-1,595,611,612,-1,612,611,613,-1,612,613,614,-1,614,613,615,-1,614,615,606,-1,606,615,616,-1,606,616,607,-1,603,605,604,-1,604,605,601,-1,604,601,606,-1,606,601,609,-1,606,609,614,-1,614,609,610,-1,614,610,612,-1,612,610,597,-1,617,618,619,-1,619,618,594,-1,594,596,619,-1,619,596,620,-1,619,620,621,-1,595,612,596,-1,596,612,597,-1,596,597,620,-1,620,597,587,-1,620,587,621,-1,621,587,589,-1,621,589,591,-1,617,619,622,-1,622,619,621,-1,622,621,623,-1,623,621,591,-1,623,591,593,-1,624,595,594,-1,625,602,626,-1,626,602,608,-1,608,607,626,-1,626,607,616,-1,626,616,627,-1,627,616,628,-1,629,625,630,-1,630,625,626,-1,630,626,631,-1,631,626,627,-1,631,627,632,-1,632,627,628,-1,632,628,633,-1,633,628,624,-1,633,624,634,-1,616,615,628,-1,628,615,613,-1,628,613,624,-1,624,613,611,-1,624,611,595,-1,634,635,636,-1,636,635,637,-1,634,624,635,-1,635,624,594,-1,635,594,637,-1,637,594,618,-1,637,618,617,-1,636,638,639,-1,636,639,634,-1,634,639,640,-1,634,640,633,-1,633,640,641,-1,633,641,632,-1,632,641,642,-1,632,642,631,-1,631,642,643,-1,631,643,630,-1,630,643,644,-1,630,644,629,-1,645,646,647,-1,647,646,648,-1,647,648,649,-1,649,648,650,-1,649,650,651,-1,651,650,652,-1,651,652,653,-1,653,652,654,-1,653,654,655,-1,655,654,656,-1,655,656,657,-1,657,656,658,-1,646,659,648,-1,648,659,660,-1,648,660,650,-1,650,660,661,-1,650,661,652,-1,652,661,662,-1,652,662,654,-1,654,662,663,-1,654,663,656,-1,656,663,664,-1,656,664,658,-1,658,664,665,-1,659,644,660,-1,660,644,643,-1,660,643,661,-1,661,643,642,-1,661,642,662,-1,662,642,641,-1,662,641,663,-1,663,641,640,-1,663,640,664,-1,664,640,639,-1,664,639,665,-1,665,639,638,-1,657,666,667,-1,657,667,655,-1,655,667,668,-1,655,668,653,-1,653,668,669,-1,653,669,651,-1,651,669,670,-1,651,670,649,-1,649,670,671,-1,649,671,647,-1,647,671,672,-1,647,672,645,-1,673,674,675,-1,676,677,678,-1,673,679,674,-1,674,679,680,-1,674,680,681,-1,681,680,682,-1,681,682,678,-1,678,682,683,-1,678,683,676,-1,676,684,677,-1,677,684,685,-1,677,685,686,-1,686,685,687,-1,686,687,688,-1,687,689,688,-1,688,689,690,-1,688,690,691,-1,691,690,692,-1,691,692,693,-1,693,692,694,-1,695,696,697,-1,694,698,693,-1,693,698,699,-1,693,699,700,-1,700,699,701,-1,700,701,697,-1,697,701,702,-1,697,702,695,-1,703,704,705,-1,695,706,696,-1,696,706,707,-1,696,707,708,-1,708,707,709,-1,708,709,705,-1,705,709,710,-1,705,710,703,-1,711,712,713,-1,703,714,704,-1,704,714,715,-1,704,715,716,-1,716,715,717,-1,716,717,713,-1,713,717,718,-1,713,718,711,-1,711,719,712,-1,712,719,720,-1,712,720,721,-1,721,720,722,-1,721,722,723,-1,723,722,724,-1,723,724,725,-1,725,724,726,-1,725,726,727,-1,727,726,728,-1,729,730,731,-1,728,732,727,-1,727,732,733,-1,727,733,734,-1,734,733,735,-1,734,735,731,-1,731,735,736,-1,731,736,729,-1,737,738,739,-1,729,740,730,-1,730,740,741,-1,730,741,742,-1,742,741,743,-1,742,743,739,-1,739,743,744,-1,739,744,737,-1,737,745,738,-1,738,745,746,-1,738,746,747,-1,747,746,748,-1,747,748,749,-1,748,750,749,-1,749,750,751,-1,749,751,752,-1,752,751,753,-1,752,753,754,-1,754,753,755,-1,756,757,758,-1,755,759,754,-1,754,759,760,-1,754,760,761,-1,761,760,762,-1,761,762,758,-1,758,762,763,-1,758,763,756,-1,756,764,757,-1,757,764,765,-1,757,765,766,-1,766,765,767,-1,766,767,675,-1,675,767,768,-1,675,768,673,-1,675,769,766,-1,766,769,770,-1,766,770,757,-1,757,770,771,-1,757,771,758,-1,758,771,772,-1,758,772,761,-1,761,772,773,-1,761,773,754,-1,754,773,774,-1,754,774,752,-1,752,774,775,-1,752,775,749,-1,749,775,776,-1,749,776,747,-1,747,776,777,-1,747,777,738,-1,738,777,778,-1,738,778,739,-1,739,778,779,-1,739,779,742,-1,742,779,780,-1,742,780,730,-1,730,780,781,-1,730,781,731,-1,731,781,782,-1,731,782,734,-1,734,782,783,-1,734,783,727,-1,727,783,784,-1,727,784,725,-1,725,784,785,-1,725,785,723,-1,723,785,786,-1,723,786,721,-1,721,786,787,-1,721,787,712,-1,712,787,788,-1,712,788,713,-1,713,788,789,-1,713,789,716,-1,716,789,790,-1,716,790,704,-1,704,790,791,-1,704,791,705,-1,705,791,792,-1,705,792,708,-1,708,792,793,-1,708,793,696,-1,696,793,794,-1,696,794,697,-1,697,794,795,-1,697,795,700,-1,700,795,796,-1,700,796,693,-1,693,796,797,-1,693,797,691,-1,691,797,798,-1,691,798,688,-1,688,798,799,-1,688,799,686,-1,686,799,800,-1,686,800,677,-1,677,800,801,-1,677,801,678,-1,678,801,802,-1,678,802,681,-1,681,802,803,-1,681,803,674,-1,674,803,804,-1,674,804,675,-1,675,804,769,-1,804,805,769,-1,769,805,806,-1,769,806,770,-1,770,806,807,-1,770,807,771,-1,771,807,808,-1,771,808,772,-1,772,808,809,-1,772,809,773,-1,773,809,810,-1,773,810,774,-1,774,810,811,-1,774,811,775,-1,775,811,812,-1,775,812,776,-1,776,812,813,-1,776,813,777,-1,777,813,814,-1,777,814,778,-1,778,814,815,-1,778,815,779,-1,779,815,816,-1,779,816,780,-1,780,816,817,-1,780,817,781,-1,781,817,818,-1,781,818,782,-1,782,818,819,-1,782,819,783,-1,783,819,820,-1,783,820,784,-1,784,820,821,-1,784,821,785,-1,785,821,822,-1,785,822,786,-1,786,822,823,-1,786,823,787,-1,787,823,824,-1,787,824,788,-1,788,824,825,-1,788,825,789,-1,789,825,826,-1,789,826,790,-1,790,826,827,-1,790,827,791,-1,791,827,828,-1,791,828,792,-1,792,828,829,-1,792,829,793,-1,793,829,830,-1,793,830,794,-1,794,830,831,-1,794,831,795,-1,795,831,832,-1,795,832,796,-1,796,832,833,-1,796,833,797,-1,797,833,834,-1,797,834,798,-1,798,834,835,-1,798,835,799,-1,799,835,836,-1,799,836,800,-1,800,836,837,-1,800,837,801,-1,801,837,838,-1,801,838,802,-1,802,838,839,-1,802,839,803,-1,803,839,840,-1,803,840,804,-1,804,840,805,-1,840,841,805,-1,805,841,842,-1,805,842,806,-1,806,842,843,-1,806,843,807,-1,807,843,844,-1,807,844,808,-1,808,844,845,-1,808,845,809,-1,809,845,846,-1,809,846,810,-1,810,846,847,-1,810,847,811,-1,811,847,848,-1,811,848,812,-1,812,848,849,-1,812,849,813,-1,813,849,850,-1,813,850,814,-1,814,850,851,-1,814,851,815,-1,815,851,852,-1,815,852,816,-1,816,852,853,-1,816,853,817,-1,817,853,854,-1,817,854,818,-1,818,854,855,-1,818,855,819,-1,819,855,856,-1,819,856,820,-1,820,856,857,-1,820,857,821,-1,821,857,858,-1,821,858,822,-1,822,858,859,-1,822,859,823,-1,823,859,860,-1,823,860,824,-1,824,860,861,-1,824,861,825,-1,825,861,862,-1,825,862,826,-1,826,862,863,-1,826,863,827,-1,827,863,864,-1,827,864,828,-1,828,864,865,-1,828,865,829,-1,829,865,866,-1,829,866,830,-1,830,866,867,-1,830,867,831,-1,831,867,868,-1,831,868,832,-1,832,868,869,-1,832,869,833,-1,833,869,870,-1,833,870,834,-1,834,870,871,-1,834,871,835,-1,835,871,872,-1,835,872,836,-1,836,872,873,-1,836,873,837,-1,837,873,874,-1,837,874,838,-1,838,874,875,-1,838,875,839,-1,839,875,876,-1,839,876,840,-1,840,876,841,-1,876,877,841,-1,841,877,878,-1,841,878,842,-1,842,878,879,-1,842,879,843,-1,843,879,880,-1,843,880,844,-1,844,880,881,-1,844,881,845,-1,845,881,882,-1,845,882,846,-1,846,882,883,-1,846,883,847,-1,847,883,884,-1,847,884,848,-1,848,884,885,-1,848,885,849,-1,849,885,886,-1,849,886,850,-1,850,886,887,-1,850,887,851,-1,851,887,888,-1,851,888,852,-1,852,888,889,-1,852,889,853,-1,853,889,890,-1,853,890,854,-1,854,890,891,-1,854,891,855,-1,855,891,892,-1,855,892,856,-1,856,892,893,-1,856,893,857,-1,857,893,894,-1,857,894,858,-1,858,894,895,-1,858,895,859,-1,859,895,896,-1,859,896,860,-1,860,896,897,-1,860,897,861,-1,861,897,898,-1,861,898,862,-1,862,898,899,-1,862,899,863,-1,863,899,900,-1,863,900,864,-1,864,900,901,-1,864,901,865,-1,865,901,902,-1,865,902,866,-1,866,902,903,-1,866,903,867,-1,867,903,904,-1,867,904,868,-1,868,904,905,-1,868,905,869,-1,869,905,906,-1,869,906,870,-1,870,906,907,-1,870,907,871,-1,871,907,908,-1,871,908,872,-1,872,908,909,-1,872,909,873,-1,873,909,910,-1,873,910,874,-1,874,910,911,-1,874,911,875,-1,875,911,912,-1,875,912,876,-1,876,912,877,-1,912,913,877,-1,877,913,914,-1,877,914,878,-1,878,914,915,-1,878,915,879,-1,879,915,916,-1,879,916,880,-1,880,916,917,-1,880,917,881,-1,881,917,918,-1,881,918,882,-1,882,918,919,-1,882,919,883,-1,883,919,920,-1,883,920,884,-1,884,920,921,-1,884,921,885,-1,885,921,922,-1,885,922,886,-1,886,922,923,-1,886,923,887,-1,887,923,924,-1,887,924,888,-1,888,924,925,-1,888,925,889,-1,889,925,926,-1,889,926,890,-1,890,926,927,-1,890,927,891,-1,891,927,928,-1,891,928,892,-1,892,928,929,-1,892,929,893,-1,893,929,930,-1,893,930,894,-1,894,930,931,-1,894,931,895,-1,895,931,932,-1,895,932,896,-1,896,932,933,-1,896,933,897,-1,897,933,934,-1,897,934,898,-1,898,934,935,-1,898,935,899,-1,899,935,936,-1,899,936,900,-1,900,936,937,-1,900,937,901,-1,901,937,938,-1,901,938,902,-1,902,938,939,-1,902,939,903,-1,903,939,940,-1,903,940,904,-1,904,940,941,-1,904,941,905,-1,905,941,942,-1,905,942,906,-1,906,942,943,-1,906,943,907,-1,907,943,944,-1,907,944,908,-1,908,944,945,-1,908,945,909,-1,909,945,946,-1,909,946,910,-1,910,946,947,-1,910,947,911,-1,911,947,948,-1,911,948,912,-1,912,948,913,-1,949,950,951,-1,951,950,952,-1,951,952,953,-1,953,952,954,-1,953,954,955,-1,955,954,956,-1,955,956,957,-1,957,956,958,-1,957,958,959,-1,959,958,960,-1,959,960,961,-1,961,960,962,-1,961,962,963,-1,963,962,964,-1,963,964,965,-1,965,964,966,-1,965,966,967,-1,967,966,968,-1,967,968,969,-1,969,968,970,-1,969,970,971,-1,971,970,972,-1,971,972,973,-1,973,972,974,-1,973,974,975,-1,975,974,976,-1,975,976,977,-1,977,976,978,-1,977,978,979,-1,979,978,980,-1,979,980,981,-1,981,980,982,-1,981,982,983,-1,983,982,984,-1,983,984,985,-1,985,984,986,-1,985,986,987,-1,987,986,988,-1,987,988,989,-1,989,988,990,-1,989,990,991,-1,991,990,992,-1,991,992,993,-1,993,992,994,-1,993,994,995,-1,995,994,996,-1,995,996,949,-1,949,996,950,-1,993,995,997,-1,997,995,949,-1,997,949,951,-1,987,989,997,-1,997,989,991,-1,997,991,993,-1,981,983,997,-1,997,983,985,-1,997,985,987,-1,975,977,997,-1,997,977,979,-1,997,979,981,-1,969,971,997,-1,997,971,973,-1,997,973,975,-1,963,965,997,-1,997,965,967,-1,997,967,969,-1,957,959,997,-1,997,959,961,-1,997,961,963,-1,951,953,997,-1,997,953,955,-1,997,955,957,-1,
        ]
    }
}
Shape{
    appearance Appearance {
        material  Material 	{
            diffuseColor 1.0 1.0 1.0
            specularColor 0.8784313725490196 0.8784313725490196 0.8784313725490196
            ambientIntensity 1.0
            transparency 0.0
            shininess 0.5
        }
    }
    geometry IndexedFaceSet {
        ccw TRUE
        solid FALSE
        coord DEF co Coordinate {
            point [
                0.6245 -0.7111 0.0039, 0.7781 -0.3174 0.0039, 0.6245 -0.7111 0.0, 0.7781 -0.3174 0.0, 0.7205 -0.3174 0.0039, 0.7205 -0.3174 0.0, 0.6807 -0.4278 0.0039, 0.6807 -0.4278 0.0, 0.518 -0.4278 0.0039, 0.518 -0.4278 0.0, 0.4805 -0.3174 0.0039, 0.4805 -0.3174 0.0, 0.4228 -0.3174 0.0039, 0.4228 -0.3174 0.0, 0.5717 -0.7111 0.0039, 0.5717 -0.7111 0.0, 0.5313 -0.4711 0.0039, 0.663 -0.4711 0.0039, 0.5901 -0.6355 0.0039, 0.5938 -0.6492 0.0039, 0.5964 -0.6631 0.0039, 0.5976 -0.6631 0.0039, 0.6002 -0.6492 0.0039, 0.6037 -0.6355 0.0039, 0.5313 -0.4711 0.0, 0.663 -0.4711 0.0, 0.5901 -0.6355 0.0, 0.5938 -0.6492 0.0, 0.5964 -0.6631 0.0, 0.5976 -0.6631 0.0, 0.6002 -0.6492 0.0, 0.6037 -0.6355 0.0, 0.1842 -0.3174 0.0039, 0.0772 -0.3174 0.0039, 0.1842 -0.3174 0.0, 0.0772 -0.3174 0.0, 0.0772 -0.7111 0.0039, 0.0772 -0.7111 0.0, 0.1883 -0.7111 0.0039, 0.1883 -0.7111 0.0, 0.394 -0.5192 0.0039, 0.394 -0.5192 0.0, 0.3933 -0.5387 0.0, 0.3933 -0.5387 0.0039, 0.3857 -0.5803 0.0, 0.3857 -0.5803 0.0039, 0.3691 -0.6185 0.0, 0.3691 -0.6185 0.0039, 0.3455 -0.6493 0.0, 0.3455 -0.6493 0.0039, 0.3302 -0.6635 0.0, 0.3302 -0.6635 0.0039, 0.2912 -0.6889 0.0, 0.2912 -0.6889 0.0039, 0.2451 -0.705 0.0, 0.2451 -0.705 0.0039, 0.2341 -0.3219 0.0, 0.2341 -0.3219 0.0039, 0.2794 -0.3357 0.0, 0.2794 -0.3357 0.0039, 0.3202 -0.3597 0.0, 0.3202 -0.3597 0.0039, 0.3523 -0.3908 0.0, 0.3523 -0.3908 0.0039, 0.3744 -0.4255 0.0, 0.3744 -0.4255 0.0039, 0.3885 -0.4665 0.0, 0.3885 -0.4665 0.0039, 0.3412 -0.5181 0.0039, 0.3379 -0.5573 0.0039, 0.3287 -0.5884 0.0039, 0.3152 -0.6126 0.0039, 0.2961 -0.6329 0.0039, 0.2674 -0.6514 0.0039, 0.2349 -0.6629 0.0039, 0.188 -0.6679 0.0039, 0.13 -0.6679 0.0039, 0.13 -0.3606 0.0039, 0.1859 -0.3606 0.0039, 0.2274 -0.3645 0.0039, 0.2606 -0.3748 0.0039, 0.2872 -0.3906 0.0039, 0.3094 -0.4125 0.0039, 0.3259 -0.4394 0.0039, 0.3364 -0.4707 0.0039, 0.188 -0.6679 0.0, 0.13 -0.6679 0.0, 0.2349 -0.6629 0.0, 0.2674 -0.6514 0.0, 0.2961 -0.6329 0.0, 0.3152 -0.6126 0.0, 0.3287 -0.5884 0.0, 0.3379 -0.5573 0.0, 0.3412 -0.5181 0.0, 0.3364 -0.4707 0.0, 0.3259 -0.4394 0.0, 0.3094 -0.4125 0.0, 0.2872 -0.3906 0.0, 0.2606 -0.3748 0.0, 0.2274 -0.3645 0.0, 0.1859 -0.3606 0.0, 0.13 -0.3606 0.0, 0.0003 -0.3606 0.0039, 0.0003 -0.3174 0.0039, 0.0003 -0.3606 0.0, 0.0003 -0.3174 0.0, -0.2109 -0.3174 0.0039, -0.2109 -0.3174 0.0, -0.2109 -0.7111 0.0039, -0.2109 -0.7111 0.0, -0.0093 -0.7111 0.0039, -0.0093 -0.7111 0.0, -0.0093 -0.6679 0.0039, -0.0093 -0.6679 0.0, -0.1581 -0.6679 0.0039, -0.1581 -0.6679 0.0, -0.1581 -0.5383 0.0039, -0.1581 -0.5383 0.0, -0.0189 -0.5383 0.0039, -0.0189 -0.5383 0.0, -0.0189 -0.4951 0.0039, -0.0189 -0.4951 0.0, -0.1581 -0.4951 0.0039, -0.1581 -0.4951 0.0, -0.1581 -0.3606 0.0039, -0.1581 -0.3606 0.0, -0.2877 -0.381 0.0039, -0.2877 -0.3378 0.0039, -0.2877 -0.381 0.0, -0.2877 -0.3378 0.0, -0.3961 -0.3126 0.0039, -0.3961 -0.3126 0.0, -0.3853 -0.3128 0.0, -0.3853 -0.3128 0.0039, -0.3297 -0.3206 0.0, -0.3297 -0.3206 0.0039, -0.5806 -0.5068 0.0039, -0.5806 -0.5068 0.0, -0.5767 -0.4609 0.0, -0.5767 -0.4609 0.0039, -0.5645 -0.4187 0.0, -0.5645 -0.4187 0.0039, -0.5435 -0.3816 0.0, -0.5435 -0.3816 0.0039, -0.5147 -0.3512 0.0, -0.5147 -0.3512 0.0039, -0.4827 -0.3307 0.0, -0.4827 -0.3307 0.0039, -0.4445 -0.3176 0.0, -0.4445 -0.3176 0.0039, -0.422 -0.7123 0.0039, -0.3804 -0.7159 0.0039, -0.4082 -0.7135 0.0, -0.3804 -0.7159 0.0, -0.422 -0.7123 0.0, -0.4652 -0.6994 0.0, -0.4652 -0.6994 0.0039, -0.502 -0.6779 0.0, -0.502 -0.6779 0.0039, -0.5363 -0.6449 0.0, -0.5363 -0.6449 0.0039, -0.5598 -0.6076 0.0, -0.5598 -0.6076 0.0039, -0.575 -0.5627 0.0, -0.575 -0.5627 0.0039, -0.3456 -0.7135 0.0, -0.3333 -0.7127 0.0039, -0.3333 -0.7127 0.0, -0.2877 -0.7003 0.0039, -0.2877 -0.7003 0.0, -0.2877 -0.6475 0.0039, -0.2877 -0.6475 0.0, -0.3799 -0.6727 0.0039, -0.3799 -0.6727 0.0, -0.3321 -0.6665 0.0, -0.3321 -0.6665 0.0039, -0.5278 -0.5101 0.0039, -0.5278 -0.5101 0.0, -0.5261 -0.5396 0.0, -0.5261 -0.5396 0.0039, -0.5156 -0.5822 0.0, -0.5156 -0.5822 0.0039, -0.4996 -0.6127 0.0, -0.4996 -0.6127 0.0039, -0.4759 -0.6391 0.0, -0.4759 -0.6391 0.0039, -0.448 -0.6578 0.0, -0.448 -0.6578 0.0039, -0.4187 -0.6684 0.0, -0.4187 -0.6684 0.0039, -0.3888 -0.3558 0.0039, -0.3888 -0.3558 0.0, -0.4253 -0.3599 0.0, -0.4253 -0.3599 0.0039, -0.4543 -0.3705 0.0, -0.4543 -0.3705 0.0039, -0.4785 -0.387 0.0, -0.4785 -0.387 0.0039, -0.4968 -0.4063 0.0, -0.4968 -0.4063 0.0039, -0.5131 -0.4336 0.0, -0.5131 -0.4336 0.0039, -0.5238 -0.4675 0.0, -0.5238 -0.4675 0.0039, -0.2948 -0.3771 0.0, -0.2948 -0.3771 0.0039, -0.3365 -0.3616 0.0, -0.3365 -0.3616 0.0039, -0.6142 -0.3606 0.0039, -0.6142 -0.3174 0.0039, -0.6142 -0.3606 0.0, -0.6142 -0.3174 0.0, -0.8159 -0.3174 0.0039, -0.8159 -0.3174 0.0, -0.8159 -0.7111 0.0039, -0.8159 -0.7111 0.0, -0.7631 -0.7111 0.0039, -0.7631 -0.7111 0.0, -0.7631 -0.3606 0.0039, -0.7631 -0.3606 0.0
            ]
        }
        coordIndex [
            0,1,2,-1,2,1,3,-1,1,4,3,-1,3,4,5,-1,4,6,5,-1,5,6,7,-1,6,8,7,-1,7,8,9,-1,8,10,9,-1,9,10,11,-1,10,12,11,-1,11,12,13,-1,12,14,13,-1,13,14,15,-1,14,0,15,-1,15,0,2,-1,16,8,17,-1,17,8,6,-1,18,14,16,-1,16,14,12,-1,16,12,8,-1,8,12,10,-1,18,19,14,-1,14,19,20,-1,14,20,0,-1,0,20,21,-1,0,21,22,-1,22,23,0,-1,0,23,17,-1,0,17,1,-1,1,17,6,-1,1,6,4,-1,16,17,24,-1,24,17,25,-1,18,16,26,-1,26,16,24,-1,18,26,27,-1,18,27,19,-1,19,27,28,-1,19,28,20,-1,21,20,29,-1,29,20,28,-1,21,29,30,-1,21,30,22,-1,22,30,31,-1,22,31,23,-1,17,23,25,-1,25,23,31,-1,32,33,34,-1,34,33,35,-1,33,36,35,-1,35,36,37,-1,36,38,37,-1,37,38,39,-1,40,41,42,-1,40,42,43,-1,43,42,44,-1,43,44,45,-1,45,44,46,-1,45,46,47,-1,47,46,48,-1,47,48,49,-1,49,48,50,-1,49,50,51,-1,51,50,52,-1,51,52,53,-1,53,52,54,-1,53,54,55,-1,55,54,39,-1,55,39,38,-1,32,34,56,-1,32,56,57,-1,57,56,58,-1,57,58,59,-1,59,58,60,-1,59,60,61,-1,61,60,62,-1,61,62,63,-1,63,62,64,-1,63,64,65,-1,65,64,66,-1,65,66,67,-1,67,66,41,-1,67,41,40,-1,67,40,68,-1,68,40,43,-1,68,43,69,-1,69,43,45,-1,69,45,70,-1,70,45,47,-1,70,47,71,-1,71,47,49,-1,71,49,72,-1,72,49,51,-1,72,51,73,-1,73,51,53,-1,73,53,74,-1,74,53,55,-1,74,55,75,-1,75,55,38,-1,75,38,76,-1,76,38,36,-1,76,36,77,-1,77,36,33,-1,77,33,78,-1,78,33,32,-1,78,32,79,-1,79,32,57,-1,79,57,80,-1,80,57,59,-1,80,59,81,-1,81,59,61,-1,81,61,82,-1,82,61,63,-1,82,63,83,-1,83,63,65,-1,83,65,84,-1,84,65,67,-1,84,67,68,-1,75,76,85,-1,85,76,86,-1,75,85,87,-1,75,87,74,-1,74,87,88,-1,74,88,73,-1,73,88,89,-1,73,89,72,-1,72,89,90,-1,72,90,71,-1,71,90,91,-1,71,91,70,-1,70,91,92,-1,70,92,69,-1,69,92,93,-1,69,93,68,-1,68,93,94,-1,68,94,84,-1,84,94,95,-1,84,95,83,-1,83,95,96,-1,83,96,82,-1,82,96,97,-1,82,97,81,-1,81,97,98,-1,81,98,80,-1,80,98,99,-1,80,99,79,-1,79,99,100,-1,79,100,78,-1,77,78,101,-1,101,78,100,-1,76,77,86,-1,86,77,101,-1,102,103,104,-1,104,103,105,-1,103,106,105,-1,105,106,107,-1,106,108,107,-1,107,108,109,-1,108,110,109,-1,109,110,111,-1,110,112,111,-1,111,112,113,-1,112,114,113,-1,113,114,115,-1,114,116,115,-1,115,116,117,-1,116,118,117,-1,117,118,119,-1,118,120,119,-1,119,120,121,-1,120,122,121,-1,121,122,123,-1,122,124,123,-1,123,124,125,-1,124,102,125,-1,125,102,104,-1,106,103,102,-1,102,124,106,-1,106,124,122,-1,106,122,108,-1,112,110,114,-1,114,110,108,-1,114,108,116,-1,116,108,122,-1,116,122,118,-1,118,122,120,-1,126,127,128,-1,128,127,129,-1,130,131,132,-1,130,132,133,-1,133,132,134,-1,133,134,135,-1,135,134,129,-1,135,129,127,-1,136,137,138,-1,136,138,139,-1,139,138,140,-1,139,140,141,-1,141,140,142,-1,141,142,143,-1,143,142,144,-1,143,144,145,-1,145,144,146,-1,145,146,147,-1,147,146,148,-1,147,148,149,-1,149,148,131,-1,149,131,130,-1,150,151,152,-1,152,151,153,-1,152,154,150,-1,150,154,155,-1,150,155,156,-1,156,155,157,-1,156,157,158,-1,158,157,159,-1,158,159,160,-1,160,159,161,-1,160,161,162,-1,162,161,163,-1,162,163,164,-1,164,163,137,-1,164,137,136,-1,153,151,165,-1,165,151,166,-1,165,166,167,-1,167,166,168,-1,167,168,169,-1,168,170,169,-1,169,170,171,-1,172,173,174,-1,172,174,175,-1,175,174,171,-1,175,171,170,-1,176,177,178,-1,176,178,179,-1,179,178,180,-1,179,180,181,-1,181,180,182,-1,181,182,183,-1,183,182,184,-1,183,184,185,-1,185,184,186,-1,185,186,187,-1,187,186,188,-1,187,188,189,-1,189,188,173,-1,189,173,172,-1,190,191,192,-1,190,192,193,-1,193,192,194,-1,193,194,195,-1,195,194,196,-1,195,196,197,-1,197,196,198,-1,197,198,199,-1,199,198,200,-1,199,200,201,-1,201,200,202,-1,201,202,203,-1,203,202,177,-1,203,177,176,-1,126,128,204,-1,126,204,205,-1,205,204,206,-1,205,206,207,-1,207,206,191,-1,207,191,190,-1,193,130,190,-1,190,130,133,-1,190,133,207,-1,207,133,135,-1,207,135,205,-1,205,135,127,-1,205,127,126,-1,170,168,175,-1,175,168,166,-1,175,166,172,-1,172,166,151,-1,172,151,189,-1,189,151,150,-1,189,150,187,-1,187,150,156,-1,187,156,185,-1,185,156,158,-1,185,158,183,-1,183,158,160,-1,183,160,181,-1,181,160,162,-1,181,162,179,-1,179,162,164,-1,179,164,176,-1,176,164,136,-1,176,136,203,-1,203,136,139,-1,203,139,201,-1,201,139,141,-1,201,141,199,-1,199,141,143,-1,199,143,197,-1,197,143,145,-1,197,145,195,-1,195,145,147,-1,195,147,193,-1,193,147,149,-1,193,149,130,-1,208,209,210,-1,210,209,211,-1,209,212,211,-1,211,212,213,-1,212,214,213,-1,213,214,215,-1,214,216,215,-1,215,216,217,-1,216,218,217,-1,217,218,219,-1,218,208,219,-1,219,208,210,-1,216,214,218,-1,218,214,212,-1,218,212,208,-1,208,212,209,-1,
        ]
    }
}
Shape{
    appearance Appearance {
        material  Material 	{
            diffuseColor 0.28627450980392155 0.6627450980392157 0.32941176470588235
            specularColor 0.08627450980392157 0.2 0.09803921568627451
            ambientIntensity 0.5122
            transparency 0.0
            shininess 0.5
        }
    }
    geometry IndexedFaceSet {
        ccw TRUE
        solid FALSE
        coord DEF co Coordinate {
            point [
                0.5313 -0.4711 0.0, 0.663 -0.4711 0.0, 0.5901 -0.6355 0.0, 0.6037 -0.6355 0.0, 0.5938 -0.6492 0.0, 0.6002 -0.6492 0.0, 0.5964 -0.6631 0.0, 0.5976 -0.6631 0.0, 0.13 -0.6679 0.0, 0.13 -0.3606 0.0, 0.188 -0.6679 0.0, 0.1859 -0.3606 0.0, 0.3364 -0.4707 0.0, 0.3412 -0.5181 0.0, 0.3379 -0.5573 0.0, 0.3287 -0.5884 0.0, 0.2349 -0.6629 0.0, 0.2274 -0.3645 0.0, 0.2606 -0.3748 0.0, 0.2872 -0.3906 0.0, 0.3152 -0.6126 0.0, 0.2961 -0.6329 0.0, 0.2674 -0.6514 0.0, 0.3094 -0.4125 0.0, 0.3259 -0.4394 0.0
            ]
        }
        coordIndex [
            0,1,2,-1,2,1,3,-1,2,3,4,-1,4,3,5,-1,4,5,6,-1,6,5,7,-1,8,9,10,-1,10,9,11,-1,12,13,10,-1,13,14,10,-1,10,14,15,-1,10,15,16,-1,11,17,10,-1,10,17,18,-1,10,18,19,-1,20,21,15,-1,15,21,22,-1,15,22,16,-1,19,23,10,-1,10,23,24,-1,10,24,12,-1,
        ]
    }
}
Shape{
    appearance Appearance {
        material  Material 	{
            diffuseColor 0.0 0.0 0.0
            specularColor 0.0 0.0 0.0
            ambientIntensity 0.0
            transparency 0.0
            shininess 0.5
        }
    }
    geometry IndexedFaceSet {
        ccw TRUE
        solid FALSE
        coord DEF co Coordinate {
            point [
                0.4801 1.3156 3.4777, 0.4802 1.3206 3.4601, 0.4801 1.3152 3.4776, 0.4802 1.3202 3.46, 0.5439 1.3154 3.4781, 0.5439 1.3151 3.478, 0.5429 1.2765 3.6145, 0.5429 1.2761 3.6144, 0.5635 1.2764 3.6147, 0.5635 1.276 3.6146, 0.5647 1.3204 3.4607, 0.5647 1.32 3.4606, 0.3981 1.3215 3.457, 0.3981 1.3211 3.4568, 0.3883 1.321 3.4571, 0.3883 1.3214 3.4572, 0.3792 1.3208 3.458, 0.3792 1.3211 3.4581, 0.371 1.3203 3.4595, 0.371 1.3207 3.4596, 0.3636 1.3198 3.4615, 0.3636 1.3201 3.4616, 0.3569 1.319 3.464, 0.3569 1.3194 3.4641, 0.3537 1.3186 3.4655, 0.3537 1.319 3.4656, 0.3536 1.3136 3.4847, 0.3536 1.3132 3.4846, 0.3596 1.3141 3.4815, 0.3596 1.3144 3.4816, 0.3661 1.3148 3.4789, 0.3661 1.3152 3.479, 0.3728 1.3154 3.477, 0.3728 1.3157 3.4771, 0.38 1.3158 3.4756, 0.38 1.3161 3.4757, 0.3876 1.316 3.4747, 0.3876 1.3164 3.4749, 0.395 1.316 3.4745, 0.395 1.3164 3.4746, 0.402 1.3159 3.4749, 0.402 1.3163 3.475, 0.4085 1.3156 3.4759, 0.4085 1.316 3.476, 0.4146 1.3152 3.4775, 0.4146 1.3156 3.4776, 0.4201 1.3146 3.4797, 0.4201 1.3149 3.4798, 0.4253 1.3138 3.4824, 0.4253 1.3142 3.4825, 0.4301 1.3129 3.4857, 0.4301 1.3132 3.4858, 0.4345 1.3118 3.4896, 0.4345 1.3121 3.4897, 0.436 1.3113 3.491, 0.436 1.3117 3.4911, 0.4399 1.31 3.4956, 0.4399 1.3104 3.4957, 0.4432 1.3086 3.5005, 0.4432 1.309 3.5006, 0.4459 1.3071 3.5058, 0.4459 1.3075 3.5059, 0.4481 1.3055 3.5116, 0.4481 1.3058 3.5117, 0.4498 1.3037 3.5178, 0.4498 1.3041 3.5179, 0.4509 1.3018 3.5245, 0.4509 1.3021 3.5247, 0.4514 1.2997 3.5319, 0.4514 1.3 3.532, 0.4514 1.2988 3.5351, 0.4514 1.2991 3.5352, 0.451 1.2965 3.543, 0.451 1.2968 3.5432, 0.45 1.2943 3.5505, 0.45 1.2947 3.5506, 0.4483 1.2924 3.5573, 0.4483 1.2928 3.5574, 0.4461 1.2906 3.5635, 0.4461 1.291 3.5637, 0.4433 1.289 3.5692, 0.4433 1.2894 3.5693, 0.44 1.2875 3.5745, 0.44 1.2879 3.5746, 0.4361 1.2861 3.5792, 0.4361 1.2865 3.5793, 0.4343 1.2856 3.5812, 0.4343 1.2859 3.5813, 0.4296 1.2844 3.5854, 0.4296 1.2847 3.5855, 0.4246 1.2833 3.589, 0.4246 1.2837 3.5891, 0.4193 1.2825 3.592, 0.4193 1.2829 3.5921, 0.4138 1.2818 3.5943, 0.4138 1.2822 3.5944, 0.4079 1.2813 3.5961, 0.4079 1.2817 3.5962, 0.4016 1.281 3.5973, 0.4016 1.2813 3.5974, 0.3948 1.2808 3.5979, 0.3948 1.2812 3.598, 0.3905 1.2808 3.598, 0.3905 1.2811 3.5981, 0.3828 1.2809 3.5976, 0.3828 1.2812 3.5978, 0.3754 1.2812 3.5966, 0.3754 1.2815 3.5967, 0.3683 1.2816 3.595, 0.3683 1.282 3.5951, 0.3616 1.2823 3.5927, 0.3616 1.2827 3.5928, 0.3551 1.2831 3.5898, 0.3551 1.2835 3.5899, 0.3528 1.2834 3.5886, 0.3528 1.2838 3.5887, 0.3527 1.2779 3.6095, 0.3527 1.2775 3.6094, 0.3588 1.2769 3.6117, 0.3588 1.2772 3.6118, 0.3657 1.2763 3.6135, 0.3657 1.2767 3.6136, 0.3733 1.276 3.6148, 0.3733 1.2763 3.6149, 0.382 1.2757 3.6157, 0.382 1.2761 3.6158, 0.3906 1.2756 3.616, 0.3906 1.276 3.6161, 0.3989 1.2757 3.6157, 0.3989 1.2761 3.6158, 0.4069 1.276 3.6148, 0.4069 1.2764 3.6149, 0.4144 1.2764 3.6133, 0.4144 1.2768 3.6134, 0.4215 1.277 3.6111, 0.4215 1.2774 3.6112, 0.4281 1.2778 3.6084, 0.4281 1.2782 3.6086, 0.4344 1.2787 3.6052, 0.4344 1.2791 3.6053, 0.4404 1.2798 3.6013, 0.4404 1.2802 3.6014, 0.446 1.2811 3.5969, 0.446 1.2815 3.597, 0.4496 1.282 3.5937, 0.4496 1.2824 3.5938, 0.4545 1.2835 3.5885, 0.4545 1.2839 3.5886, 0.4588 1.2851 3.5829, 0.4588 1.2855 3.583, 0.4626 1.2868 3.5769, 0.4626 1.2872 3.577, 0.4658 1.2886 3.5707, 0.4658 1.289 3.5708, 0.4684 1.2905 3.564, 0.4684 1.2909 3.5641, 0.4705 1.2925 3.5569, 0.4705 1.2929 3.557, 0.4719 1.2947 3.5493, 0.4719 1.2951 3.5494, 0.4728 1.297 3.5412, 0.4728 1.2974 3.5413, 0.4731 1.299 3.534, 0.4731 1.2994 3.5341, 0.4728 1.3015 3.5254, 0.4728 1.3019 3.5255, 0.4719 1.3039 3.5172, 0.4719 1.3042 3.5173, 0.4703 1.306 3.5096, 0.4703 1.3064 3.5097, 0.4682 1.308 3.5026, 0.4682 1.3084 3.5027, 0.4654 1.3099 3.4961, 0.4654 1.3103 3.4962, 0.4622 1.3116 3.4901, 0.4622 1.312 3.4902, 0.4583 1.3132 3.4845, 0.4583 1.3136 3.4846, 0.4542 1.3146 3.4795, 0.4542 1.315 3.4796, 0.453 1.315 3.4782, 0.453 1.3154 3.4783, 0.448 1.3163 3.4736, 0.448 1.3167 3.4737, 0.4427 1.3175 3.4695, 0.4427 1.3179 3.4696, 0.4371 1.3185 3.466, 0.4371 1.3188 3.4662, 0.4311 1.3193 3.4631, 0.4311 1.3197 3.4632, 0.4247 1.32 3.4608, 0.4247 1.3204 3.4609, 0.4178 1.3205 3.4589, 0.4178 1.3209 3.459, 0.4106 1.3209 3.4577, 0.4106 1.3212 3.4578, 0.4027 1.3211 3.457, 0.4027 1.3214 3.4571, 0.2355 1.316 3.476, 0.2356 1.3211 3.4584, 0.2355 1.3157 3.4759, 0.2356 1.3207 3.4583, 0.3009 1.3159 3.4764, 0.3009 1.3155 3.4763, 0.3005 1.3011 3.5282, 0.3005 1.3007 3.5281, 0.2433 1.3012 3.5279, 0.2433 1.3008 3.5277, 0.2431 1.2962 3.5455, 0.2431 1.2958 3.5454, 0.3004 1.2961 3.5459, 0.3004 1.2957 3.5458, 0.3 1.282 3.5952, 0.3 1.2816 3.595, 0.2382 1.2821 3.5947, 0.2382 1.2817 3.5946, 0.2381 1.2771 3.6124, 0.2381 1.2767 3.6123, 0.3206 1.2769 3.613, 0.3206 1.2765 3.6129, 0.3217 1.3209 3.459, 0.3217 1.3205 3.4589, 0.1314 1.3148 3.4803, 0.1205 1.319 3.4655, 0.1256 1.3141 3.4828, 0.1138 1.3181 3.4687, 0.1203 1.3132 3.4859, 0.1075 1.317 3.4725, 0.1155 1.3122 3.4895, 0.1016 1.3158 3.4769, 0.1136 1.3117 3.4912, 0.099 1.3152 3.4791, 0.1095 1.3105 3.4954, 0.0938 1.3137 3.4841, 0.1059 1.3092 3.5, 0.0893 1.3122 3.4894, 0.103 1.3077 3.5051, 0.0853 1.3106 3.4951, 0.1005 1.3062 3.5106, 0.0974 1.2947 3.5508, 0.0772 1.2924 3.5588, 0.0989 1.2928 3.5572, 0.0794 1.2905 3.5653, 0.1011 1.2912 3.5629, 0.0822 1.2888 3.5714, 0.1037 1.2897 3.5681, 0.0856 1.2872 3.5771, 0.1069 1.2884 3.5727, 0.0896 1.2856 3.5824, 0.0942 1.2842 3.5874, 0.1105 1.2872 3.5768, 0.0981 1.2832 3.5911, 0.1134 1.2865 3.5794, 0.104 1.2818 3.5957, 0.1183 1.2854 3.5831, 0.1103 1.2807 3.5998, 0.1237 1.2845 3.5863, 0.1169 1.2797 3.6032, 0.1294 1.2838 3.5889, 0.1238 1.2789 3.6061, 0.1357 1.2832 3.591, 0.1311 1.2782 3.6084, 0.1425 1.2827 3.5926, 0.1388 1.2777 3.6101, 0.1498 1.2824 3.5937, 0.147 1.2774 3.6113, 0.1576 1.2823 3.5942, 0.1557 1.2772 3.6118, 0.1595 1.2823 3.5942, 0.1585 1.2772 3.6119, 0.1837 1.2822 3.5944, 0.2042 1.2771 3.6122, 0.1845 1.3161 3.4757, 0.2053 1.3211 3.4582, 0.1613 1.3162 3.4755, 0.1613 1.3212 3.4579, 0.1529 1.3161 3.4758, 0.1521 1.3211 3.4582, 0.145 1.3158 3.4767, 0.1434 1.3209 3.4591, 0.1379 1.3154 3.4782, 0.1352 1.3204 3.4607, 0.1276 1.3198 3.4628, 0.082 1.3089 3.5011, 0.0793 1.307 3.5075, 0.0986 1.3045 3.5165, 0.0772 1.3051 3.5142, 0.0972 1.3026 3.523, 0.0756 1.3031 3.5214, 0.0963 1.3006 3.5302, 0.0747 1.3009 3.529, 0.0961 1.2989 3.5359, 0.0744 1.2988 3.5363, 0.0964 1.2967 3.5436, 0.0747 1.2965 3.5442, 0.0756 1.2944 3.5518, 0.1183 1.2851 3.583, 0.104 1.2814 3.5956, 0.1134 1.2861 3.5793, 0.0981 1.2828 3.591, 0.1105 1.2869 3.5767, 0.0942 1.2838 3.5873, 0.1069 1.288 3.5726, 0.0896 1.2853 3.5823, 0.1037 1.2894 3.568, 0.0856 1.2868 3.5769, 0.1011 1.2908 3.5628, 0.0822 1.2884 3.5713, 0.0989 1.2925 3.5571, 0.1256 1.3137 3.4827, 0.1205 1.3187 3.4654, 0.1314 1.3144 3.4802, 0.1276 1.3194 3.4627, 0.1379 1.315 3.4781, 0.1352 1.32 3.4606, 0.145 1.3155 3.4766, 0.1434 1.3205 3.459, 0.1529 1.3157 3.4757, 0.1521 1.3207 3.4581, 0.1613 1.3158 3.4754, 0.1613 1.3208 3.4578, 0.1845 1.3158 3.4755, 0.2053 1.3207 3.4581, 0.1837 1.2818 3.5943, 0.2042 1.2767 3.6121, 0.1595 1.2819 3.5941, 0.1585 1.2768 3.6118, 0.1576 1.2819 3.5941, 0.1557 1.2768 3.6117, 0.1498 1.282 3.5936, 0.147 1.277 3.6112, 0.1425 1.2823 3.5925, 0.1388 1.2773 3.61, 0.1357 1.2828 3.5909, 0.1311 1.2778 3.6083, 0.1294 1.2834 3.5888, 0.1238 1.2785 3.606, 0.1237 1.2842 3.5862, 0.1169 1.2793 3.6031, 0.1103 1.2803 3.5997, 0.0986 1.3041 3.5164, 0.0793 1.3067 3.5073, 0.1005 1.3058 3.5104, 0.082 1.3085 3.501, 0.103 1.3073 3.505, 0.0853 1.3102 3.495, 0.1059 1.3088 3.4999, 0.0893 1.3118 3.4893, 0.1095 1.3101 3.4953, 0.0938 1.3133 3.484, 0.1136 1.3113 3.4911, 0.099 1.3148 3.479, 0.1155 1.3118 3.4894, 0.1016 1.3154 3.4767, 0.1203 1.3128 3.4858, 0.1075 1.3167 3.4724, 0.1138 1.3177 3.4686, 0.0794 1.2901 3.5652, 0.0772 1.292 3.5587, 0.0974 1.2943 3.5507, 0.0756 1.294 3.5517, 0.0964 1.2963 3.5435, 0.0747 1.2962 3.5441, 0.0961 1.2985 3.5358, 0.0744 1.2984 3.5362, 0.0963 1.3002 3.5301, 0.0747 1.3005 3.5289, 0.0972 1.3022 3.5229, 0.0756 1.3027 3.5213, 0.0772 1.3047 3.5141, 0.0209 1.3045 3.5165, -0.0036 1.2862 3.5803, 0.004 1.2775 3.6108, 0.0661 1.3214 3.4573, 0.0432 1.3214 3.4571, 0.0275 1.3094 3.4991, -0.005 1.2849 3.5849, -0.0063 1.2832 3.5911, -0.0181 1.2776 3.6107, -0.0067 1.2832 3.5911, -0.008 1.285 3.5846, -0.0092 1.2862 3.5803, -0.0329 1.3046 3.5161, -0.078 1.3217 3.4563, -0.0552 1.3216 3.4565, -0.0391 1.3096 3.4987, 0.0275 1.309 3.499, 0.0209 1.3041 3.5164, -0.0391 1.3092 3.4986, -0.0329 1.3042 3.516, -0.0092 1.2859 3.5802, -0.0181 1.2772 3.6106, -0.078 1.3213 3.4562, -0.0552 1.3212 3.4564, -0.008 1.2846 3.5845, -0.0067 1.2828 3.591, 0.004 1.2771 3.6107, -0.0063 1.2828 3.591, -0.005 1.2845 3.5848, -0.0036 1.2858 3.5802, 0.0661 1.321 3.4572, 0.0432 1.321 3.457, 0.4802 1.3854 3.2334, 0.4803 1.3904 3.2158, 0.4802 1.385 3.2333, 0.4803 1.39 3.2157, 0.5457 1.3852 3.2338, 0.5457 1.3848 3.2337, 0.5453 1.3704 3.2856, 0.5453 1.37 3.2855, 0.488 1.3705 3.2852, 0.488 1.3702 3.2851, 0.4879 1.3655 3.3029, 0.4879 1.3651 3.3028, 0.5452 1.3654 3.3033, 0.5452 1.365 3.3032, 0.5448 1.3513 3.3525, 0.5448 1.3509 3.3524, 0.483 1.3514 3.3521, 0.483 1.3511 3.352, 0.4828 1.3464 3.3698, 0.4828 1.346 3.3697, 0.5653 1.3462 3.3704, 0.5653 1.3458 3.3703, 0.5665 1.3902 3.2164, 0.5665 1.3898 3.2163, 0.4265 1.3763 3.2649, 0.422 1.376 3.2661, 0.3888 1.3706 3.2851, 0.4157 1.3757 3.2671, 0.3958 1.3644 3.3067, 0.3849 1.36 3.322, 0.3981 1.3639 3.3086, 0.3884 1.3595 3.3238, 0.4008 1.3634 3.3101, 0.3924 1.3591 3.3254, 0.4039 1.3631 3.3112, 0.389 1.3781 3.2589, 0.3893 1.3793 3.2547, 0.3687 1.3704 3.2858, 0.4369 1.3847 3.2357, 0.4385 1.384 3.238, 0.4553 1.3874 3.2261, 0.4511 1.375 3.2696, 0.437 1.3782 3.2584, 0.4351 1.3776 3.2605, 0.4301 1.3767 3.2636, 0.4227 1.3718 3.2808, 0.4291 1.3721 3.2797, 0.3893 1.3905 3.2152, 0.3692 1.3906 3.2151, 0.3892 1.3857 3.2322, 0.3901 1.3804 3.2507, 0.3921 1.3658 3.3019, 0.3763 1.3622 3.3143, 0.3938 1.365 3.3045, 0.3788 1.3614 3.3172, 0.3817 1.3607 3.3198, 0.4517 1.3752 3.2691, 0.4543 1.376 3.2662, 0.4385 1.3789 3.256, 0.4564 1.3769 3.2631, 0.4396 1.3797 3.2533, 0.4349 1.3725 3.2783, 0.4399 1.373 3.2765, 0.4329 1.3771 3.2622, 0.4442 1.3736 3.2745, 0.4479 1.3743 3.2722, 0.3898 1.3677 3.2953, 0.3707 1.3655 3.3027, 0.3908 1.3666 3.2989, 0.3723 1.3643 3.3071, 0.3741 1.3632 3.311, 0.4349 1.3853 3.2337, 0.4448 1.39 3.2172, 0.4324 1.3858 3.2319, 0.4411 1.3904 3.2156, 0.4297 1.3862 3.2305, 0.437 1.3908 3.2143, 0.4266 1.3865 3.2295, 0.4529 1.3883 3.2232, 0.4513 1.3887 3.2217, 0.4482 1.3894 3.2193, 0.4403 1.3825 3.2434, 0.46 1.3845 3.2364, 0.4396 1.3833 3.2406, 0.4588 1.3856 3.2326, 0.4573 1.3866 3.2292, 0.3689 1.3686 3.2921, 0.3889 1.3748 3.2704, 0.389 1.3778 3.2598, 0.3891 1.3688 3.2912, 0.3696 1.367 3.2977, 0.3888 1.3702 3.2864, 0.4581 1.3778 3.2597, 0.4594 1.3789 3.256, 0.4403 1.3805 3.2503, 0.4604 1.38 3.252, 0.4406 1.3816 3.2466, 0.3969 1.3587 3.3265, 0.4018 1.3585 3.3274, 0.4076 1.3629 3.3119, 0.4073 1.3584 3.3278, 0.4118 1.3628 3.3122, 0.4098 1.3584 3.3278, 0.4138 1.3628 3.3122, 0.4165 1.3584 3.3277, 0.4191 1.3629 3.3118, 0.423 1.3586 3.327, 0.4244 1.3632 3.311, 0.4291 1.3589 3.3258, 0.4295 1.3636 3.3096, 0.4349 1.3594 3.3243, 0.4346 1.3641 3.3078, 0.4404 1.36 3.3223, 0.4396 1.3648 3.3055, 0.4457 1.3607 3.3198, 0.4445 1.3656 3.3026, 0.4492 1.3612 3.3179, 0.4494 1.3666 3.2992, 0.3914 1.3814 3.2471, 0.393 1.3824 3.2436, 0.3897 1.3857 3.2322, 0.3952 1.3833 3.2404, 0.3907 1.3861 3.2307, 0.4154 1.3866 3.2289, 0.4109 1.3906 3.2149, 0.4115 1.3865 3.2295, 0.4069 1.3902 3.2164, 0.4078 1.3861 3.2307, 0.4032 1.3896 3.2184, 0.4045 1.3857 3.2322, 0.4608 1.3813 3.2476, 0.4609 1.382 3.2451, 0.4607 1.3833 3.2406, 0.3997 1.389 3.2208, 0.3965 1.3882 3.2236, 0.4014 1.3851 3.2342, 0.3935 1.3872 3.2269, 0.3986 1.3844 3.2367, 0.3977 1.3842 3.2375, 0.4325 1.3911 3.2134, 0.4276 1.3912 3.2129, 0.4232 1.3866 3.2289, 0.4249 1.3912 3.2129, 0.4196 1.3867 3.2286, 0.4199 1.3912 3.2131, 0.4152 1.391 3.2137, 0.4445 1.3652 3.3025, 0.4494 1.3662 3.299, 0.4492 1.3608 3.3178, 0.3981 1.3635 3.3085, 0.3849 1.3597 3.3219, 0.3958 1.364 3.3066, 0.3817 1.3603 3.3197, 0.3938 1.3646 3.3044, 0.4369 1.3843 3.2356, 0.4553 1.3871 3.226, 0.4385 1.3836 3.2379, 0.4573 1.3862 3.2291, 0.4396 1.3829 3.2405, 0.3901 1.38 3.2506, 0.3893 1.3789 3.2546, 0.3687 1.37 3.2857, 0.3907 1.3858 3.2306, 0.3935 1.3868 3.2268, 0.4014 1.3847 3.2341, 0.3965 1.3878 3.2235, 0.4045 1.3853 3.2321, 0.3997 1.3886 3.2207, 0.4078 1.3858 3.2306, 0.4032 1.3893 3.2183, 0.4115 1.3861 3.2294, 0.3788 1.361 3.3171, 0.3763 1.3619 3.3142, 0.3921 1.3654 3.3018, 0.3741 1.3628 3.3108, 0.3908 1.3663 3.2988, 0.4076 1.3625 3.3118, 0.4018 1.3581 3.3273, 0.4039 1.3627 3.3111, 0.3969 1.3584 3.3264, 0.4008 1.3631 3.31, 0.3924 1.3587 3.3253, 0.3884 1.3591 3.3237, 0.3914 1.3811 3.247, 0.3892 1.3853 3.2321, 0.3893 1.3902 3.2151, 0.3692 1.3902 3.215, 0.4351 1.3772 3.2604, 0.4442 1.3732 3.2744, 0.4329 1.3767 3.2621, 0.4399 1.3727 3.2764, 0.4301 1.3763 3.2635, 0.4349 1.3721 3.2782, 0.4265 1.376 3.2648, 0.4291 1.3717 3.2796, 0.422 1.3756 3.266, 0.4227 1.3714 3.2807, 0.437 1.3778 3.2583, 0.4511 1.3746 3.2695, 0.4479 1.3739 3.2721, 0.4349 1.3849 3.2336, 0.4513 1.3883 3.2216, 0.4529 1.3879 3.2231, 0.4324 1.3854 3.2318, 0.4448 1.3896 3.2171, 0.4482 1.389 3.2192, 0.3986 1.384 3.2365, 0.3977 1.3838 3.2374, 0.3897 1.3853 3.2321, 0.3952 1.383 3.2403, 0.393 1.382 3.2435, 0.4385 1.3785 3.2559, 0.4543 1.3756 3.2661, 0.4517 1.3748 3.2689, 0.3889 1.3744 3.2703, 0.3689 1.3682 3.2919, 0.389 1.3774 3.2597, 0.389 1.3777 3.2588, 0.4588 1.3852 3.2325, 0.46 1.3841 3.2363, 0.4403 1.3821 3.2433, 0.4232 1.3863 3.2288, 0.4276 1.3908 3.2128, 0.4266 1.3861 3.2294, 0.4325 1.3907 3.2133, 0.4297 1.3858 3.2304, 0.437 1.3904 3.2142, 0.4411 1.3901 3.2155, 0.4069 1.3898 3.2163, 0.4109 1.3903 3.2148, 0.4154 1.3863 3.2287, 0.4152 1.3906 3.2136, 0.4196 1.3863 3.2285, 0.4199 1.3908 3.213, 0.4249 1.3908 3.2128, 0.3723 1.3639 3.307, 0.3707 1.3652 3.3026, 0.3898 1.3673 3.2952, 0.3696 1.3666 3.2976, 0.3891 1.3685 3.2911, 0.3888 1.3698 3.2863, 0.3888 1.3702 3.285, 0.4157 1.3753 3.267, 0.4403 1.3802 3.2502, 0.4594 1.3785 3.2559, 0.4396 1.3793 3.2532, 0.4581 1.3775 3.2596, 0.4564 1.3765 3.263, 0.4607 1.3829 3.2405, 0.4609 1.3816 3.245, 0.4406 1.3812 3.2465, 0.4608 1.3809 3.2474, 0.4604 1.3797 3.2519, 0.4396 1.3644 3.3053, 0.4457 1.3603 3.3197, 0.4346 1.3637 3.3077, 0.4404 1.3596 3.3222, 0.4295 1.3632 3.3095, 0.4349 1.359 3.3242, 0.4244 1.3628 3.3108, 0.4291 1.3586 3.3257, 0.4191 1.3626 3.3117, 0.423 1.3582 3.3269, 0.4138 1.3625 3.3121, 0.4165 1.358 3.3275, 0.4118 1.3625 3.3121, 0.4098 1.358 3.3277, 0.4073 1.358 3.3277, 0.309 1.3869 3.2278, 0.309 1.3866 3.2277, 0.3141 1.3865 3.228, 0.3141 1.3869 3.2281, 0.3191 1.3863 3.2287, 0.3191 1.3867 3.2288, 0.324 1.386 3.2298, 0.324 1.3863 3.23, 0.3288 1.3855 3.2315, 0.3288 1.3859 3.2316, 0.3335 1.3849 3.2335, 0.3335 1.3853 3.2336, 0.3381 1.3842 3.2361, 0.3381 1.3846 3.2362, 0.3419 1.3835 3.2386, 0.3419 1.3838 3.2387, 0.342 1.3895 3.2188, 0.342 1.3892 3.2186, 0.3372 1.3898 3.2166, 0.3372 1.3901 3.2167, 0.3322 1.3902 3.2149, 0.3322 1.3906 3.215, 0.3268 1.3906 3.2135, 0.3268 1.391 3.2136, 0.3211 1.3909 3.2126, 0.3211 1.3913 3.2127, 0.315 1.391 3.2121, 0.315 1.3914 3.2122, 0.3111 1.3911 3.212, 0.3111 1.3914 3.2121, 0.3047 1.391 3.2122, 0.3047 1.3914 3.2123, 0.2987 1.3908 3.2128, 0.2987 1.3912 3.2129, 0.2933 1.3905 3.2138, 0.2933 1.3909 3.2139, 0.2884 1.3901 3.2153, 0.2884 1.3905 3.2154, 0.2839 1.3896 3.217, 0.2839 1.39 3.2171, 0.2798 1.389 3.2191, 0.2798 1.3894 3.2193, 0.2777 1.3886 3.2205, 0.2777 1.389 3.2206, 0.2744 1.3879 3.2229, 0.2744 1.3883 3.223, 0.2716 1.3872 3.2255, 0.2716 1.3876 3.2256, 0.2694 1.3864 3.2283, 0.2694 1.3868 3.2285, 0.2676 1.3855 3.2313, 0.2676 1.3859 3.2314, 0.2662 1.3846 3.2345, 0.2662 1.385 3.2346, 0.2652 1.3836 3.2379, 0.2652 1.384 3.2381, 0.2647 1.3826 3.2416, 0.2647 1.383 3.2417, 0.2646 1.3819 3.2442, 0.2646 1.3822 3.2443, 0.2648 1.3807 3.2481, 0.2648 1.3811 3.2482, 0.2655 1.3797 3.2518, 0.2655 1.3801 3.2519, 0.2666 1.3787 3.2551, 0.2666 1.3791 3.2552, 0.2681 1.3779 3.2582, 0.2681 1.3782 3.2583, 0.27 1.3771 3.261, 0.27 1.3774 3.2611, 0.2712 1.3767 3.2624, 0.2712 1.377 3.2625, 0.2737 1.376 3.2648, 0.2737 1.3764 3.2649, 0.2769 1.3753 3.2672, 0.2769 1.3757 3.2673, 0.281 1.3746 3.2697, 0.281 1.3749 3.2698, 0.2862 1.3738 3.2724, 0.2862 1.3742 3.2725, 0.2926 1.373 3.2752, 0.2926 1.3734 3.2753, 0.2969 1.3725 3.2768, 0.2969 1.3729 3.2769, 0.3056 1.3715 3.2804, 0.3056 1.3719 3.2805, 0.311 1.3708 3.283, 0.311 1.3712 3.2831, 0.3145 1.3702 3.285, 0.3145 1.3706 3.2851, 0.3164 1.3698 3.2864, 0.3164 1.3702 3.2865, 0.318 1.3693 3.2881, 0.318 1.3697 3.2882, 0.3193 1.3687 3.2901, 0.3193 1.3691 3.2902, 0.3201 1.3681 3.2923, 0.3201 1.3685 3.2924, 0.3206 1.3674 3.2948, 0.3206 1.3678 3.2949, 0.3207 1.3669 3.2967, 0.3207 1.3672 3.2968, 0.3204 1.3662 3.2992, 0.3204 1.3665 3.2993, 0.3197 1.3655 3.3014, 0.3197 1.3659 3.3016, 0.3186 1.3649 3.3035, 0.3186 1.3653 3.3036, 0.317 1.3644 3.3053, 0.317 1.3648 3.3055, 0.315 1.3639 3.307, 0.315 1.3643 3.3071, 0.3145 1.3638 3.3073, 0.3145 1.3642 3.3074, 0.3118 1.3634 3.3088, 0.3118 1.3638 3.3089, 0.3089 1.3631 3.31, 0.3089 1.3634 3.3101, 0.3055 1.3628 3.3108, 0.3055 1.3632 3.3109, 0.3017 1.3627 3.3112, 0.3017 1.3631 3.3113, 0.2987 1.3627 3.3113, 0.2987 1.3631 3.3114, 0.2933 1.3628 3.3111, 0.2933 1.3631 3.3112, 0.2881 1.363 3.3103, 0.2881 1.3633 3.3105, 0.2832 1.3633 3.3092, 0.2832 1.3637 3.3093, 0.2786 1.3637 3.3076, 0.2786 1.3641 3.3078, 0.2741 1.3643 3.3057, 0.2741 1.3647 3.3058, 0.2697 1.365 3.3032, 0.2697 1.3654 3.3033, 0.2695 1.36 3.322, 0.2695 1.3597 3.3219, 0.2747 1.3591 3.3237, 0.2747 1.3595 3.3239, 0.28 1.3587 3.3252, 0.28 1.3591 3.3253, 0.2856 1.3584 3.3262, 0.2856 1.3588 3.3263, 0.2915 1.3583 3.3268, 0.2915 1.3586 3.3269, 0.2966 1.3582 3.327, 0.2966 1.3586 3.3271, 0.3025 1.3583 3.3268, 0.3025 1.3586 3.3269, 0.308 1.3584 3.3261, 0.308 1.3588 3.3263, 0.3132 1.3587 3.3251, 0.3132 1.3591 3.3252, 0.318 1.3592 3.3236, 0.318 1.3595 3.3237, 0.3224 1.3597 3.3218, 0.3224 1.3601 3.3219, 0.3265 1.3603 3.3196, 0.3265 1.3607 3.3197, 0.3283 1.3606 3.3184, 0.3283 1.361 3.3186, 0.3316 1.3614 3.3159, 0.3316 1.3617 3.316, 0.3345 1.3621 3.3132, 0.3345 1.3625 3.3133, 0.3368 1.363 3.3103, 0.3368 1.3633 3.3104, 0.3385 1.3638 3.3073, 0.3385 1.3642 3.3074, 0.3399 1.3647 3.3041, 0.3399 1.3651 3.3042, 0.3408 1.3657 3.3007, 0.3408 1.3661 3.3008, 0.3413 1.3668 3.2971, 0.3413 1.3671 3.2972, 0.3413 1.3673 3.2951, 0.3413 1.3677 3.2952, 0.3411 1.3685 3.2911, 0.3411 1.3688 3.2912, 0.3405 1.3695 3.2873, 0.3405 1.3699 3.2874, 0.3394 1.3705 3.2839, 0.3394 1.3709 3.284, 0.3378 1.3714 3.2807, 0.3378 1.3718 3.2808, 0.336 1.3722 3.278, 0.336 1.3726 3.2781, 0.3358 1.3723 3.2776, 0.3358 1.3727 3.2778, 0.3338 1.3729 3.2754, 0.3338 1.3733 3.2755, 0.3311 1.3736 3.2732, 0.3311 1.374 3.2733, 0.3275 1.3743 3.2707, 0.3275 1.3747 3.2708, 0.3228 1.375 3.2681, 0.3228 1.3754 3.2682, 0.3168 1.3758 3.2652, 0.3168 1.3762 3.2653, 0.3112 1.3765 3.2629, 0.3112 1.3769 3.263, 0.3024 1.3775 3.2595, 0.3024 1.3779 3.2596, 0.2967 1.3782 3.2568, 0.2967 1.3786 3.2569, 0.2927 1.3789 3.2546, 0.2927 1.3793 3.2547, 0.2903 1.3794 3.2529, 0.2903 1.3797 3.253, 0.2883 1.3799 3.251, 0.2883 1.3803 3.2511, 0.2868 1.3805 3.249, 0.2868 1.3809 3.2491, 0.2859 1.3811 3.2468, 0.2859 1.3815 3.2469, 0.2853 1.3818 3.2444, 0.2853 1.3822 3.2445, 0.2852 1.3824 3.2424, 0.2852 1.3827 3.2425, 0.2855 1.3832 3.2396, 0.2855 1.3835 3.2397, 0.2862 1.3839 3.2371, 0.2862 1.3842 3.2373, 0.2873 1.3845 3.235, 0.2873 1.3849 3.2351, 0.2888 1.385 3.2332, 0.2888 1.3854 3.2333, 0.2906 1.3854 3.2317, 0.2906 1.3858 3.2318, 0.293 1.3858 3.2303, 0.293 1.3862 3.2304, 0.2959 1.3861 3.2293, 0.2959 1.3865 3.2294, 0.2993 1.3864 3.2284, 0.2993 1.3867 3.2285, 0.3035 1.3865 3.2279, 0.3035 1.3869 3.228, 0.1646 1.3596 3.3237, 0.1438 1.3596 3.3235, 0.1646 1.3592 3.3236, 0.1438 1.3592 3.3234, 0.1964 1.3832 3.2411, 0.1964 1.3828 3.241, 0.198 1.3842 3.2358, 0.198 1.3846 3.2359, 0.1989 1.3853 3.2321, 0.1989 1.3857 3.2322, 0.1995 1.3857 3.2322, 0.1995 1.3853 3.2321, 0.2019 1.3831 3.2413, 0.2019 1.3827 3.2411, 0.2311 1.3594 3.3241, 0.2311 1.3591 3.324, 0.2536 1.3594 3.3243, 0.2536 1.359 3.3242, 0.2095 1.3908 3.2142, 0.2095 1.3904 3.2141, 0.2185 1.3965 3.1943, 0.2185 1.3961 3.1942, 0.2209 1.3974 3.1896, 0.2209 1.3978 3.1897, 0.2233 1.3984 3.1862, 0.2233 1.3988 3.1864, 0.2261 1.3992 3.1834, 0.2261 1.3996 3.1835, 0.2291 1.3998 3.1813, 0.2291 1.4002 3.1814, 0.2323 1.4002 3.1799, 0.2323 1.4006 3.18, 0.2357 1.4005 3.179, 0.2357 1.4008 3.1792, 0.2391 1.4005 3.1788, 0.2391 1.4009 3.1789, 0.2435 1.4004 3.1792, 0.2435 1.4008 3.1793, 0.2479 1.4001 3.1802, 0.2479 1.4005 3.1803, 0.2505 1.3999 3.1811, 0.2505 1.4003 3.1812, 0.2506 1.4052 3.164, 0.2506 1.4048 3.1639, 0.2459 1.4051 3.1629, 0.2459 1.4055 3.163, 0.2404 1.4052 3.1623, 0.2404 1.4056 3.1625, 0.2377 1.4053 3.1623, 0.2377 1.4056 3.1624, 0.2328 1.4052 3.1626, 0.2328 1.4056 3.1627, 0.2281 1.4049 3.1635, 0.2281 1.4053 3.1636, 0.2237 1.4045 3.165, 0.2237 1.4049 3.1651, 0.2195 1.4039 3.1672, 0.2195 1.4042 3.1673, 0.2154 1.4031 3.17, 0.2154 1.4034 3.1701, 0.2115 1.4021 3.1735, 0.2115 1.4024 3.1736, 0.2077 1.4008 3.1778, 0.2077 1.4012 3.1779, 0.204 1.3994 3.1829, 0.204 1.3998 3.183, 0.2005 1.3976 3.189, 0.2005 1.398 3.1891, 0.1971 1.3956 3.196, 0.1971 1.396 3.1961, 0.1966 1.3953 3.1972, 0.1966 1.3957 3.1973, 0.0367 1.3862 3.2304, 0.0369 1.3912 3.2128, 0.0367 1.3858 3.2303, 0.0369 1.3909 3.2127, 0.1022 1.3861 3.2308, 0.1022 1.3857 3.2307, 0.1018 1.3713 3.2826, 0.1018 1.3709 3.2825, 0.0445 1.3714 3.2822, 0.0445 1.371 3.2821, 0.0444 1.3664 3.2999, 0.0444 1.366 3.2997, 0.1017 1.3663 3.3002, 0.1017 1.3659 3.3001, 0.1013 1.3522 3.3495, 0.1013 1.3518 3.3494, 0.0395 1.3523 3.3491, 0.0395 1.3519 3.349, 0.0394 1.3472 3.3668, 0.0394 1.3469 3.3667, 0.1218 1.3471 3.3674, 0.1218 1.3467 3.3673, 0.123 1.3911 3.2134, 0.123 1.3907 3.2133, -0.0673 1.385 3.2346, -0.0783 1.3892 3.2198, -0.0731 1.3843 3.2372, -0.085 1.3883 3.2231, -0.0784 1.3834 3.2403, -0.0912 1.3872 3.2269, -0.0832 1.3824 3.2439, -0.0971 1.386 3.2312, -0.0852 1.3819 3.2456, -0.0998 1.3853 3.2335, -0.0893 1.3807 3.2498, -0.1049 1.3839 3.2385, -0.0928 1.3793 3.2544, -0.1095 1.3824 3.2438, -0.0958 1.3779 3.2594, -0.1134 1.3808 3.2495, -0.0982 1.3763 3.2649, -0.1014 1.3648 3.3052, -0.1215 1.3626 3.3131, -0.0998 1.363 3.3116, -0.1193 1.3607 3.3196, -0.0977 1.3614 3.3173, -0.1165 1.359 3.3257, -0.095 1.3599 3.3224, -0.1131 1.3573 3.3314, -0.0919 1.3586 3.327, -0.1092 1.3558 3.3368, -0.1046 1.3544 3.3418, -0.0882 1.3574 3.3312, -0.1006 1.3533 3.3455, -0.0854 1.3567 3.3338, -0.0947 1.352 3.3501, -0.0804 1.3556 3.3375, -0.0884 1.3509 3.3541, -0.0751 1.3547 3.3406, -0.0819 1.3499 3.3576, -0.0693 1.354 3.3433, -0.0749 1.349 3.3605, -0.063 1.3534 3.3454, -0.0676 1.3484 3.3628, -0.0563 1.3529 3.347, -0.0599 1.3479 3.3645, -0.0489 1.3526 3.3481, -0.0517 1.3476 3.3657, -0.0411 1.3525 3.3485, -0.043 1.3474 3.3662, -0.0393 1.3524 3.3486, -0.0402 1.3474 3.3663, -0.0151 1.3524 3.3487, 0.0055 1.3473 3.3666, -0.0142 1.3863 3.23, 0.0066 1.3913 3.2126, -0.0374 1.3864 3.2299, -0.0374 1.3914 3.2123, -0.0459 1.3863 3.2301, -0.0466 1.3913 3.2126, -0.0537 1.386 3.2311, -0.0554 1.391 3.2135, -0.0608 1.3856 3.2326, -0.0635 1.3906 3.215, -0.0711 1.39 3.2172, -0.1167 1.379 3.2555, -0.1194 1.3772 3.2618, -0.1002 1.3746 3.2709, -0.1215 1.3753 3.2686, -0.1016 1.3728 3.2774, -0.1231 1.3733 3.2757, -0.1024 1.3707 3.2845, -0.124 1.3711 3.2834, -0.1026 1.3691 3.2903, -0.1244 1.369 3.2907, -0.1023 1.3669 3.298, -0.1241 1.3667 3.2986, -0.1231 1.3646 3.3061, -0.0804 1.3552 3.3374, -0.0947 1.3516 3.35, -0.0854 1.3563 3.3337, -0.1006 1.353 3.3454, -0.0882 1.357 3.3311, -0.1046 1.354 3.3417, -0.0919 1.3582 3.3269, -0.1092 1.3554 3.3367, -0.095 1.3595 3.3223, -0.1131 1.357 3.3313, -0.0977 1.361 3.3172, -0.1165 1.3586 3.3256, -0.0998 1.3626 3.3115, -0.0731 1.3839 3.2371, -0.0783 1.3888 3.2197, -0.0673 1.3846 3.2345, -0.0711 1.3896 3.217, -0.0608 1.3852 3.2325, -0.0635 1.3902 3.2149, -0.0537 1.3856 3.2309, -0.0554 1.3907 3.2134, -0.0459 1.3859 3.23, -0.0466 1.3909 3.2125, -0.0374 1.386 3.2298, -0.0374 1.391 3.2122, -0.0142 1.3859 3.2299, 0.0066 1.3909 3.2125, -0.0151 1.352 3.3486, 0.0055 1.3469 3.3665, -0.0393 1.3521 3.3485, -0.0402 1.347 3.3662, -0.0411 1.3521 3.3484, -0.043 1.347 3.3661, -0.0489 1.3522 3.3479, -0.0517 1.3472 3.3655, -0.0563 1.3525 3.3469, -0.0599 1.3475 3.3644, -0.063 1.353 3.3453, -0.0676 1.348 3.3626, -0.0693 1.3536 3.3432, -0.0749 1.3487 3.3603, -0.0751 1.3543 3.3405, -0.0819 1.3495 3.3575, -0.0884 1.3505 3.354, -0.1002 1.3743 3.2708, -0.1194 1.3769 3.2617, -0.0982 1.376 3.2648, -0.1167 1.3787 3.2554, -0.0958 1.3775 3.2593, -0.1134 1.3804 3.2494, -0.0928 1.379 3.2543, -0.1095 1.382 3.2437, -0.0893 1.3803 3.2497, -0.1049 1.3835 3.2383, -0.0852 1.3815 3.2455, -0.0998 1.385 3.2333, -0.0832 1.382 3.2438, -0.0971 1.3856 3.2311, -0.0784 1.383 3.2402, -0.0912 1.3868 3.2268, -0.085 1.3879 3.223, -0.1193 1.3603 3.3195, -0.1215 1.3622 3.313, -0.1014 1.3645 3.305, -0.1231 1.3642 3.306, -0.1023 1.3665 3.2979, -0.1241 1.3663 3.2985, -0.1026 1.3687 3.2902, -0.1244 1.3686 3.2906, -0.1024 1.3704 3.2844, -0.124 1.3707 3.2833, -0.1016 1.3724 3.2773, -0.1231 1.3729 3.2756, -0.1215 1.3749 3.2685, -0.1779 1.3746 3.2709, -0.2023 1.3564 3.3347, -0.1948 1.3477 3.3652, -0.1327 1.3916 3.2117, -0.1555 1.3916 3.2115, -0.1712 1.3796 3.2535, -0.2037 1.3551 3.3393, -0.205 1.3533 3.3455, -0.2169 1.3477 3.3651, -0.2055 1.3533 3.3455, -0.2067 1.3552 3.3389, -0.2079 1.3564 3.3347, -0.2316 1.3748 3.2705, -0.2767 1.3918 3.2107, -0.2539 1.3918 3.2108, -0.2379 1.3797 3.2531, -0.1712 1.3792 3.2534, -0.1779 1.3743 3.2708, -0.2379 1.3794 3.2529, -0.2316 1.3744 3.2704, -0.2079 1.356 3.3346, -0.2169 1.3474 3.365, -0.2767 1.3915 3.2106, -0.2539 1.3914 3.2107, -0.2067 1.3548 3.3388, -0.2055 1.353 3.3454, -0.1948 1.3473 3.3651, -0.205 1.353 3.3454, -0.2037 1.3547 3.3392, -0.2023 1.356 3.3346, -0.1327 1.3912 3.2115, -0.1555 1.3912 3.2114, 1.257 1.4008 3.1792, 1.2446 1.4037 3.1691, 1.2834 1.3674 3.2963, 1.1843 1.311 3.4937, 1.1761 1.3122 3.4894, 1.2108 1.2893 3.5695, 1.109 1.2891 3.5703, 1.0896 1.2863 3.5802, 1.1246 1.2699 3.6375, 0.883 1.3056 3.5125, 0.8737 1.3111 3.4932, 0.8081 1.3051 3.5142, 0.8674 1.317 3.4728, 0.8644 1.3219 3.4555, 0.8224 1.369 3.2906, 0.8382 1.3703 3.286, 0.8219 1.3889 3.2208, 1.2851 1.3883 3.223, 1.2782 1.3929 3.2069, 1.2689 1.3971 3.1923, 0.9027 1.3528 3.3474, 0.9376 1.3361 3.4056, 1.0627 1.3756 3.2674, 1.0907 1.3577 3.33, 1.0628 1.3788 3.2565, 1.1251 1.4064 3.1597, 1.0639 1.3828 3.2425, 1.1096 1.4038 3.1689, 1.0968 1.4008 3.1794, 1.1369 1.3741 3.2727, 1.1339 1.377 3.2628, 1.1336 1.38 3.2521, 1.1361 1.383 3.2416, 1.1412 1.3857 3.232, 1.2129 1.3714 3.2823, 1.2782 1.3642 3.3075, 1.2186 1.374 3.2731, 1.2217 1.377 3.2627, 1.2692 1.3087 3.5017, 1.2833 1.2902 3.5665, 1.3056 1.2921 3.5596, 1.2078 1.3878 3.2247, 1.1988 1.3896 3.2186, 1.2288 1.4064 3.1597, 1.1883 1.3907 3.2147, 0.8434 1.3898 3.2178, 0.8497 1.3707 3.2846, 0.9105 1.3897 3.2182, 0.9009 1.3706 3.285, 0.9162 1.3894 3.2191, 1.1003 1.2672 3.647, 1.0688 1.2842 3.5874, 1.0754 1.2652 3.6538, 1.2998 1.3648 3.3052, 1.3197 1.3848 3.2353, 1.298 1.3873 3.2267, 1.2866 1.3105 3.4952, 1.3269 1.2949 3.55, 1.3027 1.3132 3.4861, 1.3469 1.2984 3.5378, 1.317 1.3164 3.4746, 1.0847 1.3969 3.193, 1.0749 1.3925 3.2083, 1.0679 1.3878 3.2249, 1.1699 1.347 3.3677, 1.1759 1.3469 3.3678, 1.1775 1.3666 3.2989, 1.194 1.3473 3.3665, 1.1882 1.367 3.2977, 1.2113 1.3484 3.3626, 1.1982 1.368 3.2941, 1.1526 1.3476 3.3654, 1.1698 1.3668 3.2982, 1.1348 1.3491 3.3603, 1.1591 1.3678 3.2949, 1.1183 1.3513 3.3525, 1.1497 1.3694 3.2892, 1.1035 1.3542 3.3423, 1.2279 1.3503 3.3559, 1.2419 1.3527 3.3478, 1.2072 1.3697 3.2881, 1.2561 1.3559 3.3364, 1.2684 1.3598 3.3228, 0.7707 1.3395 3.394, 0.7101 1.3293 3.4295, 0.7768 1.3352 3.4088, 0.7202 1.3241 3.4478, 0.7856 1.3314 3.4221, 0.7331 1.3192 3.4651, 0.7968 1.3281 3.4337, 0.7483 1.3147 3.4805, 0.8097 1.3255 3.4429, 1.3271 1.3578 3.3299, 1.3758 1.3731 3.2761, 1.3144 1.3616 3.3165, 1.3586 1.3778 3.26, 1.3399 1.3816 3.2464, 1.2604 1.289 3.5706, 1.2509 1.3076 3.5054, 1.237 1.2886 3.5719, 1.2363 1.3074 3.5062, 1.2239 1.2889 3.5711, 1.2186 1.3078 3.5047, 1.2013 1.309 3.5005, 1.2149 1.3855 3.2328, 1.2197 1.3829 3.2419, 1.222 1.38 3.252, 0.8012 1.3873 3.2266, 0.7815 1.3849 3.2351, 0.8078 1.367 3.2978, 0.763 1.3817 3.2463, 0.795 1.3642 3.3074, 0.746 1.3778 3.2599, 0.7897 1.3627 3.3126, 0.7394 1.3759 3.2663, 0.7801 1.3591 3.3251, 1.148 1.2734 3.6252, 1.1604 1.2757 3.6173, 1.1268 1.2926 3.558, 1.1785 1.2796 3.6035, 1.1427 1.2968 3.5434, 1.1951 1.2842 3.5875, 1.1563 1.3015 3.527, 1.1675 1.3066 3.5089, 0.8179 1.2988 3.5363, 0.8304 1.2928 3.5572, 0.8949 1.3005 3.5305, 0.8457 1.2871 3.5773, 0.9093 1.2958 3.5467, 1.3493 1.3441 3.3778, 1.4171 1.3517 3.3513, 1.3445 1.3491 3.3604, 1.41 1.3578 3.3298, 1.3368 1.3538 3.344, 1.3999 1.3637 3.3092, 1.3872 1.3692 3.2898, 1.1421 1.3716 3.2816, 1.2115 1.4083 3.1529, 1.1932 1.4095 3.1489, 1.1781 1.391 3.2135, 1.1775 1.4098 3.1478, 1.1672 1.3907 3.2147, 0.7687 1.351 3.3537, 0.6969 1.349 3.3605, 0.7671 1.3465 3.3694, 0.6965 1.3463 3.37, 0.7675 1.3439 3.3784, 0.6982 1.3405 3.3905, 0.7027 1.3348 3.4103, 0.7257 1.3713 3.2825, 0.7145 1.3663 3.3002, 0.773 1.3552 3.3389, 0.7058 1.3608 3.3193, 0.6999 1.355 3.3395, 1.1485 1.388 3.2241, 1.1573 1.3897 3.2183, 1.1418 1.4083 3.1531, 1.1592 1.4094 3.1491, 0.9065 1.3703 3.286, 0.9346 1.3863 3.2301, 0.9312 1.3872 3.2268, 1.0234 1.2637 3.6591, 1.0228 1.2825 3.5934, 1.0154 1.2638 3.6589, 1.0011 1.2829 3.5919, 1.3378 1.3241 3.4476, 1.4075 1.3191 3.4652, 1.345 1.3287 3.4317, 1.4155 1.3252 3.4439, 1.3494 1.3334 3.4151, 1.4206 1.3315 3.4217, 1.351 1.3385 3.3975, 1.4226 1.3376 3.4004, 1.351 1.3394 3.3944, 1.4227 1.3389 3.3958, 1.4214 1.3454 3.3734, 0.8553 1.3219 3.4554, 0.8391 1.3223 3.4539, 0.8038 1.3055 3.5128, 0.824 1.3235 3.4497, 0.7848 1.3078 3.505, 0.7657 1.3109 3.4939, 0.9433 1.3799 3.2524, 0.9423 1.3822 3.2445, 0.9394 1.3843 3.237, 0.903 1.3705 3.2852, 0.9237 1.3887 3.2218, 1.0498 1.2641 3.6579, 1.0471 1.2829 3.5919, 1.0261 1.2825 3.5934, 0.9163 1.3706 3.2851, 0.9241 1.3714 3.2823, 0.9431 1.379 3.2557, 0.9312 1.3727 3.2777, 0.9368 1.3744 3.2717, 0.941 1.3766 3.2641, 1.3643 1.3023 3.5239, 1.3683 1.3034 3.5202, 1.3281 1.3199 3.4624, 1.3838 1.3082 3.5035, 1.3969 1.3134 3.4852, 0.9077 1.3703 3.2861, 0.8637 1.2817 3.5963, 0.869 1.2803 3.6011, 0.9232 1.2923 3.5589, 0.8905 1.2756 3.6175, 0.941 1.2889 3.571, 0.9136 1.2717 3.6313, 0.9601 1.2862 3.5806, 0.938 1.2685 3.6425, 0.9802 1.2842 3.5876, 0.9633 1.2661 3.6509, 0.9892 1.2645 3.6564, 0.9376 1.3358 3.4055, 0.9027 1.3524 3.3473, 1.0907 1.3574 3.3299, 1.0627 1.3752 3.2673, 1.1251 1.406 3.1596, 1.3271 1.3574 3.3298, 1.3144 1.3612 3.3164, 1.2851 1.3879 3.2229, 1.3368 1.3534 3.3439, 1.0628 1.3784 3.2564, 1.0639 1.3824 3.2424, 1.1096 1.4034 3.1688, 1.0968 1.4004 3.1793, 1.2834 1.367 3.2962, 1.257 1.4005 3.1791, 1.2689 1.3967 3.1922, 1.1675 1.3063 3.5088, 1.1761 1.3118 3.4893, 1.2108 1.2889 3.5694, 1.1843 1.3106 3.4936, 1.2866 1.3102 3.4951, 1.3056 1.2918 3.5595, 1.2692 1.3083 3.5016, 1.2833 1.2898 3.5664, 1.2509 1.3073 3.5053, 1.2604 1.2886 3.5705, 1.2363 1.307 3.5061, 1.0896 1.2859 3.5801, 1.109 1.2887 3.5702, 1.148 1.273 3.6251, 1.1781 1.3907 3.2134, 1.1672 1.3903 3.2146, 1.1592 1.4091 3.149, 1.1412 1.3854 3.2319, 1.1361 1.3826 3.2415, 1.1336 1.3796 3.252, 1.1339 1.3766 3.2626, 1.2782 1.3925 3.2068, 1.2998 1.3644 3.3051, 1.2013 1.3087 3.5004, 1.2186 1.3075 3.5046, 1.2239 1.2885 3.571, 1.237 1.2883 3.5718, 0.8949 1.3001 3.5304, 0.8304 1.2925 3.5571, 0.883 1.3052 3.5124, 0.8179 1.2984 3.5361, 0.8737 1.3108 3.4931, 0.8081 1.3047 3.5141, 0.8674 1.3166 3.4727, 1.1604 1.2753 3.6172, 1.1268 1.2922 3.5579, 1.1785 1.2792 3.6034, 0.824 1.3232 3.4496, 0.8391 1.322 3.4538, 1.1418 1.4079 3.153, 1.1573 1.3893 3.2182, 1.1485 1.3876 3.224, 1.2446 1.4034 3.169, 1.222 1.3797 3.2519, 1.2197 1.3826 3.2418, 1.1775 1.4094 3.1477, 1.1932 1.4091 3.1488, 1.1883 1.3903 3.2146, 1.2115 1.408 3.1528, 1.1988 1.3892 3.2185, 1.2288 1.406 3.1596, 1.2078 1.3875 3.2246, 1.2149 1.3852 3.2327, 1.0679 1.3874 3.2248, 1.0749 1.3922 3.2082, 1.0847 1.3965 3.1928, 1.1951 1.2838 3.5874, 1.1427 1.2964 3.5433, 1.1563 1.3011 3.5268, 0.773 1.3548 3.3388, 0.7145 1.3659 3.3001, 0.7801 1.3588 3.325, 0.7257 1.3709 3.2824, 0.7897 1.3623 3.3125, 0.7394 1.3756 3.2662, 0.795 1.3638 3.3073, 0.746 1.3774 3.2598, 0.8078 1.3666 3.2977, 0.7768 1.3349 3.4087, 0.7101 1.3289 3.4294, 0.7707 1.3391 3.3939, 0.7027 1.3344 3.4102, 0.7675 1.3435 3.3783, 0.6982 1.3401 3.3904, 0.7671 1.3461 3.3693, 0.8553 1.3215 3.4553, 0.8644 1.3215 3.4554, 1.345 1.3283 3.4316, 1.4075 1.3187 3.4651, 1.3378 1.3238 3.4475, 1.3969 1.313 3.4851, 1.3281 1.3195 3.4623, 1.3445 1.3487 3.3603, 1.4171 1.3513 3.3512, 1.3493 1.3437 3.3777, 1.4214 1.345 3.3733, 1.351 1.339 3.3942, 1.4227 1.3386 3.3957, 1.351 1.3381 3.3974, 1.4226 1.3373 3.4003, 1.3494 1.3331 3.4149, 1.4206 1.3312 3.4216, 1.4155 1.3248 3.4438, 1.3758 1.3728 3.276, 1.3872 1.3689 3.2897, 1.1369 1.3737 3.2726, 1.1421 1.3712 3.2815, 1.1035 1.3538 3.3422, 1.1497 1.369 3.2891, 1.1183 1.3509 3.3524, 1.1591 1.3674 3.2948, 1.1348 1.3487 3.3602, 1.1526 1.3472 3.3653, 1.1698 1.3665 3.2981, 1.1699 1.3466 3.3676, 1.1775 1.3663 3.2988, 1.1759 1.3466 3.3677, 1.194 1.3469 3.3664, 1.1882 1.3666 3.2976, 1.2113 1.3481 3.3625, 1.2279 1.35 3.3558, 1.1982 1.3676 3.294, 1.2419 1.3523 3.3477, 1.2072 1.3693 3.288, 1.2561 1.3555 3.3363, 1.2684 1.3594 3.3227, 1.2129 1.371 3.2822, 1.2782 1.3638 3.3074, 1.2186 1.3736 3.273, 1.2217 1.3766 3.2626, 1.3838 1.3078 3.5034, 1.3683 1.303 3.5201, 1.317 1.3161 3.4745, 1.3643 1.302 3.5238, 1.3027 1.3128 3.486, 1.3469 1.298 3.5377, 1.3269 1.2945 3.5499, 1.3999 1.3633 3.3091, 1.41 1.3574 3.3297, 0.9312 1.3869 3.2267, 0.9346 1.3859 3.23, 0.9065 1.3699 3.2859, 0.9394 1.3839 3.2369, 0.6965 1.3459 3.3699, 0.6969 1.3487 3.3604, 0.7687 1.3506 3.3536, 0.6999 1.3547 3.3394, 0.7058 1.3604 3.3192, 0.8038 1.3051 3.5127, 0.7848 1.3074 3.5048, 0.8097 1.3251 3.4428, 0.7657 1.3105 3.4938, 0.7968 1.3277 3.4336, 0.7483 1.3144 3.4804, 0.7856 1.331 3.422, 0.7331 1.3188 3.465, 0.7202 1.3237 3.4477, 0.763 1.3813 3.2462, 0.7815 1.3845 3.235, 0.8224 1.3686 3.2904, 0.8012 1.3869 3.2265, 0.8382 1.3699 3.2859, 0.8219 1.3886 3.2207, 0.8497 1.3703 3.2845, 0.8434 1.3894 3.2177, 0.9009 1.3702 3.2848, 0.9105 1.3893 3.2181, 0.903 1.3702 3.2851, 0.9162 1.3891 3.219, 0.9237 1.3883 3.2217, 0.9423 1.3818 3.2444, 0.9433 1.3795 3.2523, 0.9431 1.3786 3.2556, 1.298 1.3869 3.2266, 1.3197 1.3844 3.2352, 0.941 1.3762 3.264, 0.9368 1.374 3.2715, 0.9312 1.3723 3.2775, 0.9241 1.371 3.2822, 1.3399 1.3813 3.2463, 1.3586 1.3774 3.2599, 0.9232 1.292 3.5588, 0.869 1.2799 3.601, 0.9093 1.2955 3.5466, 0.8637 1.2813 3.5962, 0.8457 1.2867 3.5772, 1.1246 1.2695 3.6374, 1.1003 1.2668 3.6469, 1.0688 1.2838 3.5873, 1.0754 1.2649 3.6537, 1.0471 1.2825 3.5918, 1.0498 1.2637 3.6578, 1.0261 1.2821 3.5933, 1.0234 1.2633 3.659, 1.0228 1.2821 3.5933, 1.0154 1.2634 3.6588, 1.0011 1.2826 3.5917, 0.9892 1.2641 3.6563, 0.9802 1.2838 3.5875, 0.9633 1.2657 3.6508, 0.9601 1.2858 3.5805, 0.938 1.2681 3.6424, 0.941 1.2885 3.5709, 0.9136 1.2713 3.6312, 0.8905 1.2752 3.6173, 0.9163 1.3702 3.285, 0.9077 1.3699 3.286
            ]
        }
        coordIndex [
            0,1,2,-1,2,1,3,-1,4,0,5,-1,5,0,2,-1,6,4,7,-1,7,4,5,-1,8,6,9,-1,9,6,7,-1,10,8,11,-1,11,8,9,-1,1,10,3,-1,3,10,11,-1,6,8,4,-1,4,8,10,-1,4,10,0,-1,0,10,1,-1,2,3,5,-1,5,3,11,-1,5,11,7,-1,7,11,9,-1,12,13,14,-1,12,14,15,-1,15,14,16,-1,15,16,17,-1,17,16,18,-1,17,18,19,-1,19,18,20,-1,19,20,21,-1,21,20,22,-1,21,22,23,-1,23,22,24,-1,23,24,25,-1,26,25,27,-1,27,25,24,-1,26,27,28,-1,26,28,29,-1,29,28,30,-1,29,30,31,-1,31,30,32,-1,31,32,33,-1,33,32,34,-1,33,34,35,-1,35,34,36,-1,35,36,37,-1,37,36,38,-1,37,38,39,-1,39,38,40,-1,39,40,41,-1,41,40,42,-1,41,42,43,-1,43,42,44,-1,43,44,45,-1,45,44,46,-1,45,46,47,-1,47,46,48,-1,47,48,49,-1,49,48,50,-1,49,50,51,-1,51,50,52,-1,51,52,53,-1,53,52,54,-1,53,54,55,-1,55,54,56,-1,55,56,57,-1,57,56,58,-1,57,58,59,-1,59,58,60,-1,59,60,61,-1,61,60,62,-1,61,62,63,-1,63,62,64,-1,63,64,65,-1,65,64,66,-1,65,66,67,-1,67,66,68,-1,67,68,69,-1,69,68,70,-1,69,70,71,-1,71,70,72,-1,71,72,73,-1,73,72,74,-1,73,74,75,-1,75,74,76,-1,75,76,77,-1,77,76,78,-1,77,78,79,-1,79,78,80,-1,79,80,81,-1,81,80,82,-1,81,82,83,-1,83,82,84,-1,83,84,85,-1,85,84,86,-1,85,86,87,-1,87,86,88,-1,87,88,89,-1,89,88,90,-1,89,90,91,-1,91,90,92,-1,91,92,93,-1,93,92,94,-1,93,94,95,-1,95,94,96,-1,95,96,97,-1,97,96,98,-1,97,98,99,-1,99,98,100,-1,99,100,101,-1,101,100,102,-1,101,102,103,-1,103,102,104,-1,103,104,105,-1,105,104,106,-1,105,106,107,-1,107,106,108,-1,107,108,109,-1,109,108,110,-1,109,110,111,-1,111,110,112,-1,111,112,113,-1,113,112,114,-1,113,114,115,-1,116,115,117,-1,117,115,114,-1,116,117,118,-1,116,118,119,-1,119,118,120,-1,119,120,121,-1,121,120,122,-1,121,122,123,-1,123,122,124,-1,123,124,125,-1,125,124,126,-1,125,126,127,-1,127,126,128,-1,127,128,129,-1,129,128,130,-1,129,130,131,-1,131,130,132,-1,131,132,133,-1,133,132,134,-1,133,134,135,-1,135,134,136,-1,135,136,137,-1,137,136,138,-1,137,138,139,-1,139,138,140,-1,139,140,141,-1,141,140,142,-1,141,142,143,-1,143,142,144,-1,143,144,145,-1,145,144,146,-1,145,146,147,-1,147,146,148,-1,147,148,149,-1,149,148,150,-1,149,150,151,-1,151,150,152,-1,151,152,153,-1,153,152,154,-1,153,154,155,-1,155,154,156,-1,155,156,157,-1,157,156,158,-1,157,158,159,-1,159,158,160,-1,159,160,161,-1,161,160,162,-1,161,162,163,-1,163,162,164,-1,163,164,165,-1,165,164,166,-1,165,166,167,-1,167,166,168,-1,167,168,169,-1,169,168,170,-1,169,170,171,-1,171,170,172,-1,171,172,173,-1,173,172,174,-1,173,174,175,-1,175,174,176,-1,175,176,177,-1,177,176,178,-1,177,178,179,-1,179,178,180,-1,179,180,181,-1,181,180,182,-1,181,182,183,-1,183,182,184,-1,183,184,185,-1,185,184,186,-1,185,186,187,-1,187,186,188,-1,187,188,189,-1,189,188,190,-1,189,190,191,-1,191,190,192,-1,191,192,193,-1,193,192,194,-1,193,194,195,-1,195,194,196,-1,195,196,197,-1,197,196,13,-1,197,13,12,-1,113,115,116,-1,57,177,179,-1,33,21,31,-1,31,21,23,-1,31,23,29,-1,29,23,25,-1,29,25,26,-1,57,179,55,-1,55,179,181,-1,55,181,53,-1,53,181,183,-1,53,183,51,-1,51,183,185,-1,51,185,49,-1,49,185,187,-1,49,187,47,-1,187,189,47,-1,47,189,191,-1,47,191,45,-1,45,191,193,-1,45,193,43,-1,43,193,195,-1,43,195,41,-1,41,195,197,-1,41,197,39,-1,39,197,12,-1,39,12,37,-1,37,12,15,-1,37,15,35,-1,35,15,17,-1,35,17,33,-1,33,17,19,-1,33,19,21,-1,89,143,87,-1,87,143,145,-1,87,145,85,-1,85,145,147,-1,85,147,83,-1,83,147,149,-1,83,149,81,-1,81,149,151,-1,81,151,79,-1,79,151,153,-1,79,153,77,-1,77,153,155,-1,77,155,75,-1,113,116,111,-1,111,116,119,-1,111,119,109,-1,109,119,121,-1,109,121,107,-1,107,121,123,-1,107,123,105,-1,105,123,125,-1,105,125,103,-1,103,125,127,-1,103,127,101,-1,101,127,129,-1,101,129,99,-1,99,129,131,-1,99,131,97,-1,97,131,133,-1,97,133,95,-1,95,133,135,-1,95,135,93,-1,93,135,137,-1,93,137,91,-1,91,137,139,-1,91,139,89,-1,89,139,141,-1,89,141,143,-1,177,57,175,-1,175,57,59,-1,175,59,173,-1,173,59,61,-1,173,61,171,-1,171,61,63,-1,171,63,169,-1,169,63,65,-1,169,65,167,-1,167,65,165,-1,165,65,67,-1,165,67,163,-1,155,157,75,-1,75,157,159,-1,75,159,73,-1,73,159,161,-1,73,161,71,-1,71,161,163,-1,71,163,69,-1,69,163,67,-1,28,27,24,-1,28,24,30,-1,44,190,46,-1,46,190,188,-1,46,188,48,-1,48,188,186,-1,48,186,50,-1,50,186,184,-1,50,184,52,-1,52,184,182,-1,52,182,54,-1,114,112,117,-1,117,112,110,-1,117,110,118,-1,118,110,108,-1,182,180,54,-1,54,180,178,-1,54,178,56,-1,56,178,176,-1,56,176,58,-1,58,176,174,-1,58,174,60,-1,60,174,172,-1,60,172,62,-1,24,22,30,-1,30,22,20,-1,30,20,32,-1,32,20,18,-1,32,18,34,-1,34,18,16,-1,34,16,36,-1,36,16,14,-1,36,14,38,-1,38,14,13,-1,38,13,40,-1,40,13,196,-1,40,196,42,-1,42,196,194,-1,42,194,44,-1,44,194,192,-1,44,192,190,-1,82,146,84,-1,84,146,144,-1,84,144,86,-1,86,144,142,-1,86,142,88,-1,88,142,140,-1,88,140,90,-1,90,140,138,-1,90,138,92,-1,92,138,136,-1,92,136,94,-1,94,136,134,-1,94,134,96,-1,96,134,132,-1,96,132,98,-1,98,132,130,-1,98,130,100,-1,100,130,128,-1,100,128,102,-1,102,128,126,-1,102,126,104,-1,104,126,124,-1,104,124,106,-1,106,124,122,-1,106,122,108,-1,108,122,120,-1,108,120,118,-1,162,160,72,-1,72,160,158,-1,72,158,74,-1,74,158,156,-1,74,156,76,-1,76,156,154,-1,76,154,78,-1,78,154,152,-1,78,152,80,-1,80,152,150,-1,80,150,82,-1,82,150,148,-1,82,148,146,-1,172,170,62,-1,62,170,168,-1,62,168,64,-1,64,168,166,-1,64,166,66,-1,66,166,164,-1,66,164,68,-1,68,164,162,-1,68,162,70,-1,70,162,72,-1,198,199,200,-1,200,199,201,-1,202,198,203,-1,203,198,200,-1,204,202,205,-1,205,202,203,-1,206,204,207,-1,207,204,205,-1,208,206,209,-1,209,206,207,-1,210,208,211,-1,211,208,209,-1,212,210,213,-1,213,210,211,-1,214,212,215,-1,215,212,213,-1,216,214,217,-1,217,214,215,-1,218,216,219,-1,219,216,217,-1,220,218,221,-1,221,218,219,-1,199,220,201,-1,201,220,221,-1,220,199,198,-1,198,202,220,-1,220,202,204,-1,220,204,218,-1,214,216,212,-1,212,216,218,-1,212,218,210,-1,210,218,204,-1,210,204,208,-1,208,204,206,-1,219,217,215,-1,215,213,219,-1,219,213,211,-1,219,211,221,-1,200,201,203,-1,203,201,221,-1,203,221,205,-1,205,221,211,-1,205,211,207,-1,207,211,209,-1,222,223,224,-1,224,223,225,-1,224,225,226,-1,226,225,227,-1,226,227,228,-1,228,227,229,-1,228,229,230,-1,230,229,231,-1,230,231,232,-1,232,231,233,-1,232,233,234,-1,234,233,235,-1,234,235,236,-1,236,235,237,-1,236,237,238,-1,239,240,241,-1,241,240,242,-1,241,242,243,-1,243,242,244,-1,243,244,245,-1,245,244,246,-1,245,246,247,-1,246,248,247,-1,247,248,249,-1,247,249,250,-1,250,249,251,-1,250,251,252,-1,252,251,253,-1,252,253,254,-1,254,253,255,-1,254,255,256,-1,256,255,257,-1,256,257,258,-1,258,257,259,-1,258,259,260,-1,260,259,261,-1,260,261,262,-1,262,261,263,-1,262,263,264,-1,264,263,265,-1,264,265,266,-1,266,265,267,-1,266,267,268,-1,268,267,269,-1,268,269,270,-1,270,269,271,-1,270,271,272,-1,272,271,273,-1,272,273,274,-1,274,273,275,-1,274,275,276,-1,276,275,277,-1,276,277,278,-1,278,277,279,-1,278,279,280,-1,280,279,281,-1,280,281,222,-1,222,281,282,-1,222,282,223,-1,237,283,238,-1,238,283,284,-1,238,284,285,-1,285,284,286,-1,285,286,287,-1,287,286,288,-1,287,288,289,-1,289,288,290,-1,289,290,291,-1,291,290,292,-1,291,292,293,-1,293,292,294,-1,293,294,239,-1,239,294,295,-1,239,295,240,-1,296,297,298,-1,298,297,299,-1,298,299,300,-1,300,299,301,-1,300,301,302,-1,302,301,303,-1,302,303,304,-1,304,303,305,-1,304,305,306,-1,306,305,307,-1,306,307,308,-1,309,310,311,-1,311,310,312,-1,311,312,313,-1,313,312,314,-1,313,314,315,-1,315,314,316,-1,315,316,317,-1,317,316,318,-1,317,318,319,-1,319,318,320,-1,319,320,321,-1,321,320,322,-1,321,322,323,-1,323,322,324,-1,323,324,325,-1,325,324,326,-1,325,326,327,-1,327,326,328,-1,327,328,329,-1,329,328,330,-1,329,330,331,-1,331,330,332,-1,331,332,333,-1,333,332,334,-1,333,334,335,-1,335,334,336,-1,335,336,337,-1,337,336,338,-1,337,338,296,-1,296,338,339,-1,296,339,297,-1,340,341,342,-1,342,341,343,-1,342,343,344,-1,344,343,345,-1,344,345,346,-1,346,345,347,-1,346,347,348,-1,348,347,349,-1,348,349,350,-1,350,349,351,-1,350,351,352,-1,352,351,353,-1,352,353,354,-1,354,353,355,-1,354,355,309,-1,309,355,356,-1,309,356,310,-1,307,357,308,-1,308,357,358,-1,308,358,359,-1,359,358,360,-1,359,360,361,-1,361,360,362,-1,361,362,363,-1,363,362,364,-1,363,364,365,-1,365,364,366,-1,365,366,367,-1,367,366,368,-1,367,368,340,-1,340,368,369,-1,340,369,341,-1,275,273,320,-1,320,273,322,-1,275,320,318,-1,275,318,277,-1,277,318,316,-1,277,316,279,-1,279,316,314,-1,279,314,281,-1,281,314,312,-1,281,312,282,-1,282,312,310,-1,282,310,223,-1,223,310,356,-1,223,356,225,-1,225,356,355,-1,225,355,227,-1,227,355,353,-1,227,353,229,-1,229,353,351,-1,229,351,231,-1,231,351,349,-1,231,349,233,-1,233,349,347,-1,233,347,235,-1,235,347,345,-1,235,345,237,-1,237,345,343,-1,237,343,283,-1,283,343,341,-1,283,341,284,-1,284,341,369,-1,284,369,286,-1,286,369,368,-1,286,368,288,-1,288,368,366,-1,288,366,290,-1,290,366,364,-1,290,364,292,-1,292,364,362,-1,292,362,294,-1,294,362,360,-1,294,360,295,-1,295,360,358,-1,295,358,240,-1,240,358,357,-1,240,357,242,-1,242,357,307,-1,242,307,244,-1,244,307,305,-1,244,305,246,-1,246,305,303,-1,246,303,248,-1,248,303,301,-1,248,301,249,-1,249,301,299,-1,249,299,251,-1,251,299,297,-1,251,297,253,-1,253,297,339,-1,253,339,255,-1,255,339,338,-1,255,338,257,-1,257,338,336,-1,257,336,259,-1,259,336,334,-1,259,334,261,-1,261,334,332,-1,261,332,263,-1,263,332,330,-1,263,330,265,-1,265,330,328,-1,265,328,267,-1,267,328,326,-1,267,326,269,-1,271,269,324,-1,324,269,326,-1,273,271,322,-1,322,271,324,-1,268,270,325,-1,325,270,323,-1,270,272,323,-1,323,272,321,-1,272,274,321,-1,321,274,319,-1,230,350,352,-1,230,352,228,-1,228,352,354,-1,228,354,226,-1,226,354,309,-1,226,309,224,-1,224,309,311,-1,224,311,222,-1,222,311,313,-1,222,313,280,-1,280,313,315,-1,280,315,278,-1,278,315,317,-1,278,317,276,-1,276,317,319,-1,276,319,274,-1,291,363,365,-1,291,365,289,-1,289,365,367,-1,289,367,287,-1,287,367,340,-1,287,340,285,-1,285,340,342,-1,285,342,238,-1,238,342,344,-1,238,344,236,-1,236,344,346,-1,236,346,234,-1,234,346,348,-1,234,348,232,-1,232,348,350,-1,232,350,230,-1,252,298,300,-1,252,300,250,-1,250,300,302,-1,250,302,247,-1,247,302,304,-1,247,304,245,-1,245,304,306,-1,245,306,243,-1,243,306,308,-1,243,308,241,-1,241,308,359,-1,241,359,239,-1,239,359,361,-1,239,361,293,-1,293,361,363,-1,293,363,291,-1,268,325,327,-1,268,327,266,-1,266,327,329,-1,266,329,264,-1,264,329,331,-1,264,331,262,-1,262,331,333,-1,262,333,260,-1,260,333,335,-1,260,335,258,-1,258,335,337,-1,258,337,256,-1,256,337,296,-1,256,296,254,-1,254,296,298,-1,254,298,252,-1,370,371,372,-1,373,374,375,-1,371,376,372,-1,372,376,377,-1,372,377,378,-1,378,377,379,-1,378,379,380,-1,380,381,378,-1,378,381,382,-1,378,382,383,-1,384,383,385,-1,385,383,382,-1,385,382,375,-1,375,382,370,-1,375,370,373,-1,373,370,372,-1,386,387,388,-1,388,387,389,-1,390,391,389,-1,389,391,392,-1,389,392,388,-1,388,392,393,-1,390,394,391,-1,391,394,395,-1,391,395,396,-1,396,395,397,-1,396,397,398,-1,398,399,396,-1,396,399,387,-1,396,387,400,-1,400,387,386,-1,400,386,401,-1,378,383,391,-1,391,383,392,-1,372,378,396,-1,396,378,391,-1,373,372,400,-1,400,372,396,-1,374,373,401,-1,401,373,400,-1,375,374,386,-1,386,374,401,-1,385,375,388,-1,388,375,386,-1,384,385,393,-1,393,385,388,-1,383,384,392,-1,392,384,393,-1,370,382,387,-1,387,382,389,-1,382,381,389,-1,389,381,390,-1,379,395,394,-1,379,394,380,-1,380,394,390,-1,380,390,381,-1,379,377,395,-1,395,377,397,-1,371,399,398,-1,371,398,376,-1,376,398,397,-1,376,397,377,-1,371,370,399,-1,399,370,387,-1,402,403,404,-1,404,403,405,-1,406,402,407,-1,407,402,404,-1,408,406,409,-1,409,406,407,-1,410,408,411,-1,411,408,409,-1,412,410,413,-1,413,410,411,-1,414,412,415,-1,415,412,413,-1,416,414,417,-1,417,414,415,-1,418,416,419,-1,419,416,417,-1,420,418,421,-1,421,418,419,-1,422,420,423,-1,423,420,421,-1,424,422,425,-1,425,422,423,-1,403,424,405,-1,405,424,425,-1,410,412,408,-1,408,412,414,-1,403,402,424,-1,424,402,406,-1,418,420,416,-1,416,420,422,-1,416,422,414,-1,414,422,424,-1,414,424,408,-1,408,424,406,-1,423,421,419,-1,419,417,423,-1,423,417,415,-1,423,415,425,-1,404,405,407,-1,407,405,425,-1,407,425,409,-1,409,425,415,-1,409,415,411,-1,411,415,413,-1,426,427,428,-1,428,427,429,-1,430,431,432,-1,432,431,433,-1,432,433,434,-1,434,433,435,-1,434,435,436,-1,437,438,439,-1,440,441,442,-1,443,444,445,-1,426,428,446,-1,446,428,447,-1,446,447,448,-1,449,450,451,-1,451,450,439,-1,451,439,452,-1,452,439,438,-1,453,454,455,-1,455,454,456,-1,455,456,430,-1,430,456,457,-1,430,457,431,-1,443,458,444,-1,444,458,459,-1,444,459,460,-1,460,459,461,-1,460,461,462,-1,448,463,446,-1,446,463,464,-1,446,464,465,-1,465,464,466,-1,465,466,445,-1,445,466,467,-1,445,467,443,-1,468,469,470,-1,470,469,471,-1,470,471,453,-1,453,471,472,-1,453,472,454,-1,473,474,475,-1,475,474,476,-1,475,476,477,-1,477,476,478,-1,477,478,479,-1,442,480,440,-1,440,480,481,-1,440,481,473,-1,473,481,482,-1,473,482,474,-1,483,484,485,-1,485,484,486,-1,485,486,441,-1,441,486,487,-1,441,487,442,-1,488,489,439,-1,439,489,490,-1,439,490,437,-1,491,488,468,-1,468,488,492,-1,468,492,469,-1,429,489,428,-1,428,489,488,-1,428,488,493,-1,493,488,491,-1,461,494,462,-1,462,494,495,-1,462,495,496,-1,496,495,497,-1,496,497,498,-1,435,499,436,-1,436,499,500,-1,436,500,501,-1,501,500,502,-1,501,502,503,-1,503,502,504,-1,503,504,505,-1,505,504,506,-1,505,506,507,-1,507,506,508,-1,507,508,509,-1,509,508,510,-1,509,510,511,-1,511,510,512,-1,511,512,513,-1,513,512,514,-1,513,514,515,-1,515,514,516,-1,515,516,517,-1,517,516,518,-1,517,518,519,-1,452,520,451,-1,451,520,521,-1,451,521,522,-1,522,521,523,-1,522,523,524,-1,525,526,527,-1,527,526,528,-1,527,528,529,-1,529,528,530,-1,529,530,531,-1,497,532,498,-1,498,532,533,-1,498,533,483,-1,483,533,534,-1,483,534,484,-1,530,535,531,-1,531,535,536,-1,531,536,537,-1,537,536,538,-1,537,538,539,-1,539,538,524,-1,539,524,540,-1,540,524,523,-1,478,541,479,-1,479,541,542,-1,479,542,543,-1,543,542,544,-1,543,544,545,-1,545,544,546,-1,545,546,525,-1,525,546,547,-1,525,547,526,-1,548,549,550,-1,551,552,553,-1,553,552,554,-1,553,554,555,-1,556,557,558,-1,558,557,559,-1,558,559,560,-1,561,562,563,-1,564,565,566,-1,566,565,567,-1,566,567,568,-1,568,567,569,-1,568,569,570,-1,570,569,571,-1,570,571,572,-1,554,573,555,-1,555,573,574,-1,555,574,575,-1,575,574,576,-1,575,576,577,-1,578,579,580,-1,580,579,581,-1,580,581,582,-1,582,581,583,-1,582,583,551,-1,551,583,584,-1,551,584,552,-1,585,561,586,-1,586,561,563,-1,586,563,587,-1,587,563,588,-1,589,590,591,-1,591,590,592,-1,591,592,593,-1,593,592,594,-1,593,594,595,-1,595,594,596,-1,595,596,597,-1,597,596,598,-1,599,600,589,-1,589,600,601,-1,589,601,590,-1,602,603,556,-1,556,603,604,-1,556,604,557,-1,605,606,602,-1,602,606,607,-1,602,607,603,-1,566,608,564,-1,564,608,609,-1,564,609,610,-1,610,609,611,-1,610,611,586,-1,586,611,612,-1,586,612,585,-1,613,614,599,-1,599,614,615,-1,599,615,600,-1,616,617,618,-1,618,617,563,-1,618,563,619,-1,619,563,562,-1,559,620,560,-1,560,620,621,-1,560,621,622,-1,623,624,625,-1,625,624,626,-1,625,626,627,-1,627,626,628,-1,627,628,605,-1,605,628,629,-1,605,629,606,-1,571,630,572,-1,572,630,631,-1,572,631,632,-1,632,631,633,-1,632,633,634,-1,634,633,635,-1,634,635,623,-1,623,635,636,-1,623,636,624,-1,576,637,577,-1,577,637,638,-1,577,638,639,-1,639,638,640,-1,639,640,641,-1,641,640,617,-1,641,617,642,-1,642,617,643,-1,643,617,616,-1,643,616,598,-1,598,616,644,-1,598,644,597,-1,645,646,647,-1,647,646,648,-1,647,648,613,-1,613,648,649,-1,613,649,614,-1,621,650,622,-1,622,650,651,-1,622,651,652,-1,652,651,653,-1,652,653,645,-1,645,653,654,-1,645,654,646,-1,548,550,655,-1,655,550,656,-1,655,656,657,-1,657,656,658,-1,657,658,659,-1,659,658,660,-1,659,660,661,-1,661,660,662,-1,661,662,663,-1,663,662,664,-1,663,664,665,-1,665,664,666,-1,665,666,667,-1,667,666,668,-1,667,668,578,-1,578,668,669,-1,578,669,579,-1,504,668,666,-1,504,666,506,-1,506,666,664,-1,506,664,508,-1,508,664,662,-1,508,662,510,-1,510,662,660,-1,510,660,512,-1,512,660,658,-1,512,658,514,-1,514,658,656,-1,514,656,516,-1,516,656,550,-1,516,550,518,-1,519,518,549,-1,549,518,550,-1,519,549,548,-1,519,548,517,-1,517,548,655,-1,517,655,515,-1,515,655,657,-1,515,657,513,-1,513,657,659,-1,513,659,511,-1,511,659,661,-1,511,661,509,-1,509,661,663,-1,509,663,507,-1,507,663,665,-1,507,665,505,-1,505,665,667,-1,505,667,503,-1,503,667,578,-1,503,578,501,-1,501,578,580,-1,501,580,436,-1,436,580,582,-1,436,582,434,-1,434,582,551,-1,434,551,432,-1,432,551,553,-1,432,553,430,-1,430,553,555,-1,430,555,455,-1,455,555,575,-1,455,575,453,-1,453,575,577,-1,453,577,470,-1,470,577,639,-1,470,639,468,-1,468,639,641,-1,468,641,491,-1,491,641,642,-1,491,642,493,-1,493,642,643,-1,493,643,428,-1,447,428,598,-1,598,428,643,-1,447,598,596,-1,447,596,448,-1,448,596,594,-1,448,594,463,-1,463,594,592,-1,463,592,464,-1,464,592,590,-1,464,590,466,-1,466,590,601,-1,466,601,467,-1,467,601,600,-1,467,600,443,-1,443,600,615,-1,443,615,458,-1,458,615,614,-1,458,614,459,-1,459,614,649,-1,459,649,461,-1,461,649,648,-1,461,648,494,-1,494,648,646,-1,494,646,495,-1,495,646,654,-1,495,654,497,-1,497,654,653,-1,497,653,532,-1,532,653,651,-1,532,651,533,-1,533,651,650,-1,533,650,534,-1,534,650,621,-1,534,621,484,-1,484,621,620,-1,484,620,486,-1,486,620,559,-1,486,559,487,-1,487,559,557,-1,487,557,442,-1,442,557,604,-1,442,604,480,-1,480,604,603,-1,480,603,481,-1,481,603,607,-1,481,607,482,-1,482,607,606,-1,482,606,474,-1,474,606,629,-1,474,629,476,-1,476,629,628,-1,476,628,478,-1,478,628,626,-1,478,626,541,-1,541,626,624,-1,541,624,542,-1,542,624,636,-1,542,636,544,-1,544,636,635,-1,544,635,546,-1,546,635,633,-1,546,633,547,-1,547,633,631,-1,547,631,526,-1,526,631,630,-1,526,630,528,-1,528,630,571,-1,528,571,530,-1,530,571,569,-1,530,569,535,-1,535,569,567,-1,535,567,536,-1,536,567,565,-1,536,565,538,-1,538,565,564,-1,538,564,524,-1,524,564,610,-1,524,610,522,-1,451,522,586,-1,586,522,610,-1,449,451,587,-1,587,451,586,-1,450,449,588,-1,588,449,587,-1,439,450,563,-1,563,450,588,-1,439,563,617,-1,439,617,488,-1,488,617,640,-1,488,640,492,-1,492,640,638,-1,492,638,469,-1,469,638,637,-1,469,637,471,-1,471,637,576,-1,471,576,472,-1,472,576,574,-1,472,574,454,-1,454,574,573,-1,454,573,456,-1,456,573,554,-1,456,554,457,-1,457,554,552,-1,457,552,431,-1,431,552,584,-1,431,584,433,-1,433,584,583,-1,433,583,435,-1,435,583,581,-1,435,581,499,-1,499,581,579,-1,499,579,500,-1,500,579,669,-1,500,669,502,-1,502,669,668,-1,502,668,504,-1,445,589,591,-1,445,591,465,-1,465,591,593,-1,465,593,446,-1,446,593,595,-1,446,595,426,-1,426,595,597,-1,426,597,427,-1,427,597,644,-1,427,644,429,-1,498,652,645,-1,498,645,496,-1,496,645,647,-1,496,647,462,-1,462,647,613,-1,462,613,460,-1,460,613,599,-1,460,599,444,-1,444,599,589,-1,444,589,445,-1,473,602,556,-1,473,556,440,-1,440,556,558,-1,440,558,441,-1,441,558,560,-1,441,560,485,-1,485,560,622,-1,485,622,483,-1,483,622,652,-1,483,652,498,-1,545,634,623,-1,545,623,543,-1,543,623,625,-1,543,625,479,-1,479,625,627,-1,479,627,477,-1,477,627,605,-1,477,605,475,-1,475,605,602,-1,475,602,473,-1,540,609,608,-1,540,608,539,-1,539,608,566,-1,539,566,537,-1,537,566,568,-1,537,568,531,-1,531,568,570,-1,531,570,529,-1,529,570,572,-1,529,572,527,-1,527,572,632,-1,527,632,525,-1,525,632,634,-1,525,634,545,-1,490,618,619,-1,490,619,437,-1,437,619,562,-1,437,562,438,-1,438,562,561,-1,438,561,452,-1,452,561,585,-1,452,585,520,-1,520,585,612,-1,520,612,521,-1,521,612,611,-1,521,611,523,-1,523,611,609,-1,523,609,540,-1,490,489,618,-1,618,489,616,-1,489,429,616,-1,616,429,644,-1,670,671,672,-1,670,672,673,-1,673,672,674,-1,673,674,675,-1,675,674,676,-1,675,676,677,-1,677,676,678,-1,677,678,679,-1,679,678,680,-1,679,680,681,-1,681,680,682,-1,681,682,683,-1,683,682,684,-1,683,684,685,-1,686,685,687,-1,687,685,684,-1,686,687,688,-1,686,688,689,-1,689,688,690,-1,689,690,691,-1,691,690,692,-1,691,692,693,-1,693,692,694,-1,693,694,695,-1,695,694,696,-1,695,696,697,-1,697,696,698,-1,697,698,699,-1,699,698,700,-1,699,700,701,-1,701,700,702,-1,701,702,703,-1,703,702,704,-1,703,704,705,-1,705,704,706,-1,705,706,707,-1,707,706,708,-1,707,708,709,-1,709,708,710,-1,709,710,711,-1,711,710,712,-1,711,712,713,-1,713,712,714,-1,713,714,715,-1,715,714,716,-1,715,716,717,-1,717,716,718,-1,717,718,719,-1,719,718,720,-1,719,720,721,-1,721,720,722,-1,721,722,723,-1,723,722,724,-1,723,724,725,-1,725,724,726,-1,725,726,727,-1,727,726,728,-1,727,728,729,-1,729,728,730,-1,729,730,731,-1,731,730,732,-1,731,732,733,-1,733,732,734,-1,733,734,735,-1,735,734,736,-1,735,736,737,-1,737,736,738,-1,737,738,739,-1,739,738,740,-1,739,740,741,-1,741,740,742,-1,741,742,743,-1,743,742,744,-1,743,744,745,-1,745,744,746,-1,745,746,747,-1,747,746,748,-1,747,748,749,-1,749,748,750,-1,749,750,751,-1,751,750,752,-1,751,752,753,-1,753,752,754,-1,753,754,755,-1,755,754,756,-1,755,756,757,-1,757,756,758,-1,757,758,759,-1,759,758,760,-1,759,760,761,-1,761,760,762,-1,761,762,763,-1,763,762,764,-1,763,764,765,-1,765,764,766,-1,765,766,767,-1,767,766,768,-1,767,768,769,-1,769,768,770,-1,769,770,771,-1,771,770,772,-1,771,772,773,-1,773,772,774,-1,773,774,775,-1,775,774,776,-1,775,776,777,-1,777,776,778,-1,777,778,779,-1,779,778,780,-1,779,780,781,-1,781,780,782,-1,781,782,783,-1,783,782,784,-1,783,784,785,-1,785,784,786,-1,785,786,787,-1,787,786,788,-1,787,788,789,-1,789,788,790,-1,789,790,791,-1,791,790,792,-1,791,792,793,-1,793,792,794,-1,793,794,795,-1,795,794,796,-1,795,796,797,-1,797,796,798,-1,797,798,799,-1,799,798,800,-1,799,800,801,-1,801,800,802,-1,801,802,803,-1,803,802,804,-1,803,804,805,-1,806,805,807,-1,807,805,804,-1,806,807,808,-1,806,808,809,-1,809,808,810,-1,809,810,811,-1,811,810,812,-1,811,812,813,-1,813,812,814,-1,813,814,815,-1,815,814,816,-1,815,816,817,-1,817,816,818,-1,817,818,819,-1,819,818,820,-1,819,820,821,-1,821,820,822,-1,821,822,823,-1,823,822,824,-1,823,824,825,-1,825,824,826,-1,825,826,827,-1,827,826,828,-1,827,828,829,-1,829,828,830,-1,829,830,831,-1,831,830,832,-1,831,832,833,-1,833,832,834,-1,833,834,835,-1,835,834,836,-1,835,836,837,-1,837,836,838,-1,837,838,839,-1,839,838,840,-1,839,840,841,-1,841,840,842,-1,841,842,843,-1,843,842,844,-1,843,844,845,-1,845,844,846,-1,845,846,847,-1,847,846,848,-1,847,848,849,-1,849,848,850,-1,849,850,851,-1,851,850,852,-1,851,852,853,-1,853,852,854,-1,853,854,855,-1,855,854,856,-1,855,856,857,-1,857,856,858,-1,857,858,859,-1,859,858,860,-1,859,860,861,-1,861,860,862,-1,861,862,863,-1,863,862,864,-1,863,864,865,-1,865,864,866,-1,865,866,867,-1,867,866,868,-1,867,868,869,-1,869,868,870,-1,869,870,871,-1,871,870,872,-1,871,872,873,-1,873,872,874,-1,873,874,875,-1,875,874,876,-1,875,876,877,-1,877,876,878,-1,877,878,879,-1,879,878,880,-1,879,880,881,-1,881,880,882,-1,881,882,883,-1,883,882,884,-1,883,884,885,-1,885,884,886,-1,885,886,887,-1,887,886,888,-1,887,888,889,-1,889,888,890,-1,889,890,891,-1,891,890,892,-1,891,892,893,-1,893,892,894,-1,893,894,895,-1,895,894,896,-1,895,896,897,-1,897,896,898,-1,897,898,899,-1,899,898,900,-1,899,900,901,-1,901,900,902,-1,901,902,903,-1,903,902,904,-1,903,904,905,-1,905,904,906,-1,905,906,907,-1,907,906,671,-1,907,671,670,-1,683,685,686,-1,803,805,806,-1,713,715,897,-1,897,715,895,-1,777,837,775,-1,775,837,839,-1,775,839,773,-1,715,717,895,-1,895,717,719,-1,895,719,893,-1,779,833,777,-1,777,833,835,-1,777,835,837,-1,713,897,711,-1,711,897,899,-1,711,899,709,-1,709,899,901,-1,709,901,707,-1,707,901,903,-1,707,903,705,-1,855,765,853,-1,853,765,767,-1,737,883,735,-1,735,883,885,-1,839,841,773,-1,773,841,843,-1,773,843,771,-1,843,845,771,-1,771,845,847,-1,771,847,769,-1,769,847,849,-1,769,849,767,-1,767,849,851,-1,767,851,853,-1,855,857,765,-1,765,857,859,-1,765,859,763,-1,763,859,861,-1,763,861,761,-1,761,861,863,-1,761,863,759,-1,759,863,865,-1,759,865,757,-1,889,729,887,-1,887,729,731,-1,887,731,885,-1,885,731,733,-1,885,733,735,-1,719,721,893,-1,893,721,723,-1,893,723,891,-1,891,723,725,-1,891,725,889,-1,889,725,727,-1,889,727,729,-1,737,739,883,-1,883,739,741,-1,883,741,881,-1,881,741,743,-1,881,743,879,-1,879,743,745,-1,879,745,877,-1,877,745,747,-1,877,747,875,-1,705,903,703,-1,703,903,905,-1,703,905,701,-1,701,905,907,-1,701,907,699,-1,699,907,670,-1,699,670,697,-1,697,670,673,-1,697,673,695,-1,695,673,675,-1,695,675,693,-1,693,675,677,-1,693,677,691,-1,691,677,679,-1,691,679,689,-1,689,679,686,-1,686,679,681,-1,686,681,683,-1,747,749,875,-1,875,749,751,-1,875,751,873,-1,873,751,753,-1,873,753,871,-1,871,753,755,-1,871,755,869,-1,869,755,757,-1,869,757,867,-1,867,757,865,-1,803,806,801,-1,801,806,809,-1,801,809,799,-1,799,809,811,-1,799,811,797,-1,797,811,813,-1,797,813,795,-1,795,813,815,-1,795,815,793,-1,793,815,817,-1,793,817,791,-1,791,817,819,-1,791,819,789,-1,789,819,821,-1,789,821,787,-1,787,821,823,-1,787,823,785,-1,785,823,825,-1,785,825,783,-1,783,825,827,-1,783,827,781,-1,781,827,829,-1,781,829,779,-1,779,829,831,-1,779,831,833,-1,894,714,896,-1,896,714,712,-1,896,712,898,-1,898,712,710,-1,898,710,900,-1,776,774,836,-1,856,764,858,-1,858,764,762,-1,892,718,894,-1,894,718,716,-1,894,716,714,-1,886,884,732,-1,732,884,734,-1,734,884,882,-1,734,882,736,-1,856,854,764,-1,764,854,852,-1,764,852,766,-1,766,852,850,-1,766,850,768,-1,880,740,882,-1,882,740,738,-1,882,738,736,-1,770,842,772,-1,772,842,840,-1,772,840,774,-1,774,840,838,-1,774,838,836,-1,890,722,892,-1,892,722,720,-1,892,720,718,-1,850,848,768,-1,768,848,846,-1,768,846,770,-1,770,846,844,-1,770,844,842,-1,710,708,900,-1,900,708,706,-1,900,706,902,-1,902,706,704,-1,902,704,904,-1,904,704,702,-1,904,702,906,-1,906,702,700,-1,906,700,671,-1,671,700,698,-1,671,698,672,-1,672,698,696,-1,672,696,674,-1,674,696,694,-1,674,694,676,-1,732,730,886,-1,886,730,728,-1,886,728,888,-1,888,728,726,-1,888,726,890,-1,890,726,724,-1,890,724,722,-1,694,692,676,-1,676,692,690,-1,676,690,678,-1,678,690,688,-1,678,688,680,-1,680,688,687,-1,680,687,682,-1,682,687,684,-1,872,870,754,-1,754,870,868,-1,754,868,756,-1,756,868,866,-1,756,866,758,-1,758,866,864,-1,758,864,760,-1,760,864,862,-1,760,862,762,-1,762,862,860,-1,762,860,858,-1,836,834,776,-1,776,834,832,-1,776,832,778,-1,778,832,830,-1,778,830,780,-1,780,830,828,-1,780,828,782,-1,782,828,826,-1,782,826,784,-1,784,826,824,-1,784,824,786,-1,786,824,822,-1,786,822,788,-1,788,822,820,-1,788,820,790,-1,790,820,818,-1,790,818,792,-1,792,818,816,-1,792,816,794,-1,794,816,814,-1,794,814,796,-1,796,814,812,-1,796,812,798,-1,798,812,810,-1,798,810,800,-1,800,810,808,-1,800,808,802,-1,802,808,807,-1,802,807,804,-1,754,752,872,-1,872,752,750,-1,872,750,874,-1,874,750,748,-1,874,748,876,-1,876,748,746,-1,876,746,878,-1,878,746,744,-1,878,744,880,-1,880,744,742,-1,880,742,740,-1,908,909,910,-1,910,909,911,-1,912,908,913,-1,913,908,910,-1,912,913,914,-1,912,914,915,-1,915,914,916,-1,915,916,917,-1,918,917,919,-1,919,917,916,-1,920,918,921,-1,921,918,919,-1,922,920,923,-1,923,920,921,-1,924,922,925,-1,925,922,923,-1,926,924,927,-1,927,924,925,-1,928,926,929,-1,929,926,927,-1,928,929,930,-1,928,930,931,-1,931,930,932,-1,931,932,933,-1,933,932,934,-1,933,934,935,-1,935,934,936,-1,935,936,937,-1,937,936,938,-1,937,938,939,-1,939,938,940,-1,939,940,941,-1,941,940,942,-1,941,942,943,-1,943,942,944,-1,943,944,945,-1,945,944,946,-1,945,946,947,-1,947,946,948,-1,947,948,949,-1,950,949,951,-1,951,949,948,-1,950,951,952,-1,950,952,953,-1,953,952,954,-1,953,954,955,-1,955,954,956,-1,955,956,957,-1,957,956,958,-1,957,958,959,-1,959,958,960,-1,959,960,961,-1,961,960,962,-1,961,962,963,-1,963,962,964,-1,963,964,965,-1,965,964,966,-1,965,966,967,-1,967,966,968,-1,967,968,969,-1,969,968,970,-1,969,970,971,-1,971,970,972,-1,971,972,973,-1,973,972,974,-1,973,974,975,-1,975,974,976,-1,975,976,977,-1,977,976,978,-1,977,978,979,-1,909,979,911,-1,911,979,978,-1,915,917,979,-1,909,908,979,-1,979,908,912,-1,979,912,915,-1,922,924,920,-1,920,924,926,-1,920,926,918,-1,933,935,967,-1,967,935,965,-1,965,935,937,-1,965,937,963,-1,963,937,939,-1,963,939,961,-1,961,939,959,-1,959,939,941,-1,959,941,957,-1,957,941,943,-1,957,943,955,-1,967,969,933,-1,933,969,971,-1,933,971,931,-1,931,971,973,-1,931,973,928,-1,955,943,953,-1,953,943,945,-1,953,945,950,-1,950,945,947,-1,950,947,949,-1,973,975,928,-1,928,975,977,-1,928,977,926,-1,926,977,979,-1,926,979,918,-1,918,979,917,-1,940,938,960,-1,927,925,923,-1,910,911,913,-1,913,911,978,-1,960,938,962,-1,962,938,936,-1,962,936,964,-1,960,958,940,-1,940,958,956,-1,940,956,942,-1,942,956,954,-1,942,954,944,-1,944,954,952,-1,944,952,946,-1,946,952,951,-1,946,951,948,-1,964,936,966,-1,966,936,934,-1,966,934,968,-1,968,934,932,-1,968,932,970,-1,970,932,930,-1,970,930,972,-1,972,930,974,-1,974,930,929,-1,974,929,976,-1,919,916,978,-1,978,916,914,-1,978,914,913,-1,923,921,927,-1,927,921,919,-1,927,919,929,-1,929,919,978,-1,929,978,976,-1,980,981,982,-1,982,981,983,-1,984,980,985,-1,985,980,982,-1,986,984,987,-1,987,984,985,-1,988,986,989,-1,989,986,987,-1,990,988,991,-1,991,988,989,-1,992,990,993,-1,993,990,991,-1,994,992,995,-1,995,992,993,-1,996,994,997,-1,997,994,995,-1,998,996,999,-1,999,996,997,-1,1000,998,1001,-1,1001,998,999,-1,1002,1000,1003,-1,1003,1000,1001,-1,981,1002,983,-1,983,1002,1003,-1,996,998,994,-1,994,998,1000,-1,994,1000,992,-1,981,980,1002,-1,1002,980,984,-1,1002,984,986,-1,988,990,986,-1,986,990,992,-1,986,992,1002,-1,1002,992,1000,-1,1001,999,997,-1,997,995,1001,-1,1001,995,993,-1,1001,993,1003,-1,982,983,985,-1,985,983,1003,-1,985,1003,987,-1,987,1003,993,-1,987,993,989,-1,989,993,991,-1,1004,1005,1006,-1,1006,1005,1007,-1,1006,1007,1008,-1,1008,1007,1009,-1,1008,1009,1010,-1,1010,1009,1011,-1,1010,1011,1012,-1,1012,1011,1013,-1,1012,1013,1014,-1,1014,1013,1015,-1,1014,1015,1016,-1,1016,1015,1017,-1,1016,1017,1018,-1,1018,1017,1019,-1,1018,1019,1020,-1,1021,1022,1023,-1,1023,1022,1024,-1,1023,1024,1025,-1,1025,1024,1026,-1,1025,1026,1027,-1,1027,1026,1028,-1,1027,1028,1029,-1,1028,1030,1029,-1,1029,1030,1031,-1,1029,1031,1032,-1,1032,1031,1033,-1,1032,1033,1034,-1,1034,1033,1035,-1,1034,1035,1036,-1,1036,1035,1037,-1,1036,1037,1038,-1,1038,1037,1039,-1,1038,1039,1040,-1,1040,1039,1041,-1,1040,1041,1042,-1,1042,1041,1043,-1,1042,1043,1044,-1,1044,1043,1045,-1,1044,1045,1046,-1,1046,1045,1047,-1,1046,1047,1048,-1,1048,1047,1049,-1,1048,1049,1050,-1,1050,1049,1051,-1,1050,1051,1052,-1,1052,1051,1053,-1,1052,1053,1054,-1,1054,1053,1055,-1,1054,1055,1056,-1,1056,1055,1057,-1,1056,1057,1058,-1,1058,1057,1059,-1,1058,1059,1060,-1,1060,1059,1061,-1,1060,1061,1062,-1,1062,1061,1063,-1,1062,1063,1004,-1,1004,1063,1064,-1,1004,1064,1005,-1,1019,1065,1020,-1,1020,1065,1066,-1,1020,1066,1067,-1,1067,1066,1068,-1,1067,1068,1069,-1,1069,1068,1070,-1,1069,1070,1071,-1,1071,1070,1072,-1,1071,1072,1073,-1,1073,1072,1074,-1,1073,1074,1075,-1,1075,1074,1076,-1,1075,1076,1021,-1,1021,1076,1077,-1,1021,1077,1022,-1,1078,1079,1080,-1,1080,1079,1081,-1,1080,1081,1082,-1,1082,1081,1083,-1,1082,1083,1084,-1,1084,1083,1085,-1,1084,1085,1086,-1,1086,1085,1087,-1,1086,1087,1088,-1,1088,1087,1089,-1,1088,1089,1090,-1,1091,1092,1093,-1,1093,1092,1094,-1,1093,1094,1095,-1,1095,1094,1096,-1,1095,1096,1097,-1,1097,1096,1098,-1,1097,1098,1099,-1,1099,1098,1100,-1,1099,1100,1101,-1,1101,1100,1102,-1,1101,1102,1103,-1,1103,1102,1104,-1,1103,1104,1105,-1,1105,1104,1106,-1,1105,1106,1107,-1,1107,1106,1108,-1,1107,1108,1109,-1,1109,1108,1110,-1,1109,1110,1111,-1,1111,1110,1112,-1,1111,1112,1113,-1,1113,1112,1114,-1,1113,1114,1115,-1,1115,1114,1116,-1,1115,1116,1117,-1,1117,1116,1118,-1,1117,1118,1119,-1,1119,1118,1120,-1,1119,1120,1078,-1,1078,1120,1121,-1,1078,1121,1079,-1,1122,1123,1124,-1,1124,1123,1125,-1,1124,1125,1126,-1,1126,1125,1127,-1,1126,1127,1128,-1,1128,1127,1129,-1,1128,1129,1130,-1,1130,1129,1131,-1,1130,1131,1132,-1,1132,1131,1133,-1,1132,1133,1134,-1,1134,1133,1135,-1,1134,1135,1136,-1,1136,1135,1137,-1,1136,1137,1091,-1,1091,1137,1138,-1,1091,1138,1092,-1,1089,1139,1090,-1,1090,1139,1140,-1,1090,1140,1141,-1,1141,1140,1142,-1,1141,1142,1143,-1,1143,1142,1144,-1,1143,1144,1145,-1,1145,1144,1146,-1,1145,1146,1147,-1,1147,1146,1148,-1,1147,1148,1149,-1,1149,1148,1150,-1,1149,1150,1122,-1,1122,1150,1151,-1,1122,1151,1123,-1,1057,1055,1102,-1,1102,1055,1104,-1,1057,1102,1100,-1,1057,1100,1059,-1,1059,1100,1098,-1,1059,1098,1061,-1,1061,1098,1096,-1,1061,1096,1063,-1,1063,1096,1094,-1,1063,1094,1064,-1,1064,1094,1092,-1,1064,1092,1005,-1,1005,1092,1138,-1,1005,1138,1007,-1,1007,1138,1137,-1,1007,1137,1009,-1,1009,1137,1135,-1,1009,1135,1011,-1,1011,1135,1133,-1,1011,1133,1013,-1,1013,1133,1131,-1,1013,1131,1015,-1,1015,1131,1129,-1,1015,1129,1017,-1,1017,1129,1127,-1,1017,1127,1019,-1,1019,1127,1125,-1,1019,1125,1065,-1,1065,1125,1123,-1,1065,1123,1066,-1,1066,1123,1151,-1,1066,1151,1068,-1,1068,1151,1150,-1,1068,1150,1070,-1,1070,1150,1148,-1,1070,1148,1072,-1,1072,1148,1146,-1,1072,1146,1074,-1,1074,1146,1144,-1,1074,1144,1076,-1,1076,1144,1142,-1,1076,1142,1077,-1,1077,1142,1140,-1,1077,1140,1022,-1,1022,1140,1139,-1,1022,1139,1024,-1,1024,1139,1089,-1,1024,1089,1026,-1,1026,1089,1087,-1,1026,1087,1028,-1,1028,1087,1085,-1,1028,1085,1030,-1,1030,1085,1083,-1,1030,1083,1031,-1,1031,1083,1081,-1,1031,1081,1033,-1,1033,1081,1079,-1,1033,1079,1035,-1,1035,1079,1121,-1,1035,1121,1037,-1,1037,1121,1120,-1,1037,1120,1039,-1,1039,1120,1118,-1,1039,1118,1041,-1,1041,1118,1116,-1,1041,1116,1043,-1,1043,1116,1114,-1,1043,1114,1045,-1,1045,1114,1112,-1,1045,1112,1047,-1,1047,1112,1110,-1,1047,1110,1049,-1,1049,1110,1108,-1,1049,1108,1051,-1,1053,1051,1106,-1,1106,1051,1108,-1,1055,1053,1104,-1,1104,1053,1106,-1,1050,1052,1107,-1,1107,1052,1105,-1,1052,1054,1105,-1,1105,1054,1103,-1,1054,1056,1103,-1,1103,1056,1101,-1,1012,1132,1134,-1,1012,1134,1010,-1,1010,1134,1136,-1,1010,1136,1008,-1,1008,1136,1091,-1,1008,1091,1006,-1,1006,1091,1093,-1,1006,1093,1004,-1,1004,1093,1095,-1,1004,1095,1062,-1,1062,1095,1097,-1,1062,1097,1060,-1,1060,1097,1099,-1,1060,1099,1058,-1,1058,1099,1101,-1,1058,1101,1056,-1,1073,1145,1147,-1,1073,1147,1071,-1,1071,1147,1149,-1,1071,1149,1069,-1,1069,1149,1122,-1,1069,1122,1067,-1,1067,1122,1124,-1,1067,1124,1020,-1,1020,1124,1126,-1,1020,1126,1018,-1,1018,1126,1128,-1,1018,1128,1016,-1,1016,1128,1130,-1,1016,1130,1014,-1,1014,1130,1132,-1,1014,1132,1012,-1,1034,1080,1082,-1,1034,1082,1032,-1,1032,1082,1084,-1,1032,1084,1029,-1,1029,1084,1086,-1,1029,1086,1027,-1,1027,1086,1088,-1,1027,1088,1025,-1,1025,1088,1090,-1,1025,1090,1023,-1,1023,1090,1141,-1,1023,1141,1021,-1,1021,1141,1143,-1,1021,1143,1075,-1,1075,1143,1145,-1,1075,1145,1073,-1,1050,1107,1109,-1,1050,1109,1048,-1,1048,1109,1111,-1,1048,1111,1046,-1,1046,1111,1113,-1,1046,1113,1044,-1,1044,1113,1115,-1,1044,1115,1042,-1,1042,1115,1117,-1,1042,1117,1040,-1,1040,1117,1119,-1,1040,1119,1038,-1,1038,1119,1078,-1,1038,1078,1036,-1,1036,1078,1080,-1,1036,1080,1034,-1,1152,1153,1154,-1,1155,1156,1157,-1,1153,1158,1154,-1,1154,1158,1159,-1,1154,1159,1160,-1,1160,1159,1161,-1,1160,1161,1162,-1,1162,1163,1160,-1,1160,1163,1164,-1,1160,1164,1165,-1,1166,1165,1167,-1,1167,1165,1164,-1,1167,1164,1157,-1,1157,1164,1152,-1,1157,1152,1155,-1,1155,1152,1154,-1,1168,1169,1170,-1,1170,1169,1171,-1,1172,1173,1171,-1,1171,1173,1174,-1,1171,1174,1170,-1,1170,1174,1175,-1,1172,1176,1173,-1,1173,1176,1177,-1,1173,1177,1178,-1,1178,1177,1179,-1,1178,1179,1180,-1,1180,1181,1178,-1,1178,1181,1169,-1,1178,1169,1182,-1,1182,1169,1168,-1,1182,1168,1183,-1,1160,1165,1173,-1,1173,1165,1174,-1,1154,1160,1178,-1,1178,1160,1173,-1,1155,1154,1182,-1,1182,1154,1178,-1,1156,1155,1183,-1,1183,1155,1182,-1,1157,1156,1168,-1,1168,1156,1183,-1,1167,1157,1170,-1,1170,1157,1168,-1,1166,1167,1175,-1,1175,1167,1170,-1,1165,1166,1174,-1,1174,1166,1175,-1,1152,1164,1169,-1,1169,1164,1171,-1,1164,1163,1171,-1,1171,1163,1172,-1,1161,1177,1176,-1,1161,1176,1162,-1,1162,1176,1172,-1,1162,1172,1163,-1,1161,1159,1177,-1,1177,1159,1179,-1,1153,1181,1180,-1,1153,1180,1158,-1,1158,1180,1179,-1,1158,1179,1159,-1,1153,1152,1181,-1,1181,1152,1169,-1,1184,1185,1186,-1,1187,1188,1189,-1,1190,1191,1192,-1,1193,1194,1195,-1,1195,1194,1196,-1,1195,1196,1197,-1,1198,1199,1200,-1,1201,1202,1186,-1,1186,1202,1203,-1,1186,1203,1184,-1,1204,1205,1206,-1,1206,1205,1207,-1,1206,1207,1208,-1,1208,1207,1209,-1,1208,1209,1210,-1,1210,1209,1211,-1,1210,1211,1212,-1,1213,1214,1207,-1,1207,1214,1215,-1,1207,1215,1209,-1,1209,1215,1216,-1,1209,1216,1217,-1,1218,1219,1220,-1,1220,1219,1186,-1,1220,1186,1221,-1,1222,1223,1224,-1,1225,1185,1226,-1,1226,1185,1227,-1,1226,1227,1228,-1,1200,1199,1229,-1,1229,1199,1230,-1,1229,1230,1231,-1,1231,1230,1232,-1,1231,1232,1233,-1,1192,1191,1234,-1,1234,1191,1235,-1,1234,1235,1236,-1,1237,1238,1186,-1,1186,1238,1239,-1,1186,1239,1201,-1,1222,1224,1240,-1,1240,1224,1241,-1,1240,1241,1242,-1,1242,1241,1243,-1,1242,1243,1244,-1,1212,1245,1210,-1,1210,1245,1246,-1,1210,1246,1247,-1,1248,1249,1250,-1,1250,1249,1251,-1,1250,1251,1252,-1,1252,1251,1253,-1,1252,1253,1254,-1,1248,1250,1255,-1,1255,1250,1256,-1,1255,1256,1257,-1,1257,1256,1258,-1,1257,1258,1259,-1,1259,1258,1260,-1,1259,1260,1261,-1,1253,1262,1254,-1,1254,1262,1263,-1,1254,1263,1264,-1,1264,1263,1265,-1,1264,1265,1218,-1,1218,1265,1266,-1,1218,1266,1219,-1,1267,1268,1269,-1,1269,1268,1270,-1,1269,1270,1271,-1,1271,1270,1272,-1,1271,1272,1273,-1,1273,1272,1274,-1,1273,1274,1275,-1,1276,1277,1278,-1,1278,1277,1279,-1,1278,1279,1237,-1,1237,1279,1280,-1,1237,1280,1238,-1,1223,1222,1281,-1,1281,1222,1282,-1,1281,1282,1283,-1,1283,1282,1284,-1,1283,1284,1285,-1,1285,1284,1286,-1,1285,1286,1189,-1,1189,1286,1287,-1,1189,1287,1187,-1,1225,1288,1185,-1,1185,1288,1289,-1,1185,1289,1186,-1,1186,1289,1290,-1,1186,1290,1221,-1,1200,1291,1198,-1,1198,1291,1292,-1,1198,1292,1293,-1,1293,1292,1294,-1,1293,1294,1295,-1,1295,1294,1296,-1,1295,1296,1297,-1,1297,1296,1298,-1,1297,1298,1299,-1,1192,1300,1190,-1,1190,1300,1301,-1,1190,1301,1302,-1,1302,1301,1303,-1,1302,1303,1304,-1,1304,1303,1305,-1,1304,1305,1306,-1,1306,1305,1189,-1,1306,1189,1307,-1,1307,1189,1188,-1,1195,1308,1193,-1,1193,1308,1309,-1,1193,1309,1310,-1,1310,1309,1311,-1,1310,1311,1312,-1,1313,1314,1315,-1,1315,1314,1316,-1,1315,1316,1317,-1,1317,1316,1318,-1,1317,1318,1276,-1,1276,1318,1319,-1,1276,1319,1277,-1,1261,1260,1207,-1,1207,1260,1320,-1,1207,1320,1213,-1,1227,1321,1228,-1,1228,1321,1322,-1,1228,1322,1323,-1,1323,1322,1324,-1,1323,1324,1325,-1,1326,1327,1328,-1,1328,1327,1329,-1,1328,1329,1330,-1,1330,1329,1331,-1,1330,1331,1267,-1,1267,1331,1332,-1,1267,1332,1268,-1,1298,1333,1299,-1,1299,1333,1334,-1,1299,1334,1335,-1,1335,1334,1336,-1,1335,1336,1326,-1,1326,1336,1337,-1,1326,1337,1327,-1,1217,1338,1209,-1,1209,1338,1339,-1,1209,1339,1340,-1,1340,1339,1325,-1,1340,1325,1341,-1,1341,1325,1324,-1,1342,1343,1344,-1,1345,1346,1347,-1,1347,1346,1348,-1,1349,1350,1351,-1,1351,1350,1352,-1,1351,1352,1353,-1,1353,1352,1354,-1,1353,1354,1355,-1,1355,1354,1356,-1,1355,1356,1357,-1,1357,1356,1358,-1,1357,1358,1313,-1,1313,1358,1359,-1,1313,1359,1314,-1,1197,1360,1195,-1,1195,1360,1361,-1,1195,1361,1362,-1,1362,1361,1363,-1,1362,1363,1364,-1,1364,1363,1275,-1,1364,1275,1365,-1,1365,1275,1274,-1,1366,1367,1342,-1,1342,1367,1368,-1,1342,1368,1343,-1,1232,1369,1233,-1,1233,1369,1342,-1,1233,1342,1370,-1,1370,1342,1344,-1,1236,1235,1371,-1,1371,1235,1372,-1,1371,1372,1345,-1,1345,1372,1373,-1,1345,1373,1346,-1,1374,1375,1376,-1,1375,1377,1376,-1,1376,1377,1378,-1,1376,1378,1379,-1,1243,1380,1244,-1,1244,1380,1381,-1,1244,1381,1382,-1,1382,1381,1383,-1,1382,1383,1349,-1,1349,1383,1384,-1,1349,1384,1350,-1,1366,1342,1376,-1,1376,1342,1385,-1,1376,1385,1374,-1,1311,1386,1312,-1,1312,1386,1387,-1,1312,1387,1388,-1,1388,1387,1389,-1,1388,1389,1390,-1,1390,1389,1391,-1,1390,1391,1392,-1,1392,1391,1393,-1,1392,1393,1394,-1,1394,1393,1395,-1,1394,1395,1348,-1,1348,1395,1396,-1,1348,1396,1347,-1,1397,1398,1399,-1,1399,1398,1400,-1,1399,1400,1401,-1,1402,1403,1404,-1,1402,1404,1405,-1,1400,1406,1401,-1,1401,1406,1407,-1,1401,1407,1408,-1,1408,1407,1409,-1,1410,1411,1412,-1,1413,1414,1415,-1,1415,1414,1416,-1,1417,1418,1419,-1,1419,1418,1420,-1,1419,1420,1421,-1,1421,1420,1422,-1,1421,1422,1423,-1,1424,1425,1426,-1,1427,1428,1429,-1,1430,1431,1401,-1,1401,1431,1432,-1,1401,1432,1399,-1,1399,1432,1433,-1,1412,1434,1410,-1,1410,1434,1404,-1,1410,1404,1435,-1,1435,1404,1403,-1,1416,1436,1415,-1,1415,1436,1437,-1,1415,1437,1438,-1,1438,1437,1423,-1,1438,1423,1439,-1,1439,1423,1422,-1,1440,1441,1442,-1,1442,1441,1443,-1,1442,1443,1444,-1,1444,1443,1445,-1,1444,1445,1446,-1,1426,1425,1447,-1,1447,1425,1448,-1,1447,1448,1449,-1,1450,1451,1445,-1,1429,1428,1452,-1,1452,1428,1453,-1,1452,1453,1401,-1,1401,1453,1454,-1,1401,1454,1430,-1,1411,1410,1455,-1,1455,1410,1456,-1,1455,1456,1457,-1,1429,1458,1427,-1,1427,1458,1459,-1,1427,1459,1460,-1,1460,1459,1461,-1,1460,1461,1462,-1,1462,1461,1463,-1,1462,1463,1464,-1,1464,1463,1455,-1,1464,1455,1465,-1,1465,1455,1457,-1,1466,1467,1407,-1,1407,1467,1468,-1,1407,1468,1409,-1,1449,1448,1469,-1,1469,1448,1470,-1,1469,1470,1415,-1,1415,1470,1471,-1,1415,1471,1413,-1,1472,1473,1474,-1,1474,1473,1475,-1,1474,1475,1476,-1,1476,1475,1477,-1,1476,1477,1478,-1,1478,1477,1479,-1,1478,1479,1480,-1,1481,1482,1483,-1,1483,1482,1484,-1,1483,1484,1485,-1,1485,1484,1486,-1,1485,1486,1487,-1,1451,1488,1445,-1,1445,1488,1489,-1,1445,1489,1446,-1,1490,1491,1492,-1,1492,1491,1493,-1,1492,1493,1494,-1,1495,1496,1497,-1,1497,1496,1498,-1,1497,1498,1499,-1,1499,1498,1500,-1,1499,1500,1501,-1,1501,1500,1502,-1,1501,1502,1503,-1,1503,1502,1504,-1,1503,1504,1490,-1,1490,1504,1505,-1,1490,1505,1491,-1,1506,1507,1495,-1,1433,1508,1399,-1,1399,1508,1509,-1,1399,1509,1510,-1,1510,1509,1511,-1,1510,1511,1512,-1,1512,1511,1513,-1,1512,1513,1514,-1,1514,1513,1515,-1,1515,1513,1516,-1,1515,1516,1517,-1,1517,1516,1518,-1,1517,1518,1519,-1,1519,1518,1520,-1,1520,1518,1521,-1,1520,1521,1522,-1,1522,1521,1523,-1,1523,1521,1524,-1,1523,1524,1525,-1,1525,1524,1526,-1,1525,1526,1527,-1,1527,1526,1528,-1,1528,1526,1529,-1,1528,1529,1530,-1,1530,1529,1531,-1,1530,1531,1410,-1,1410,1531,1532,-1,1410,1532,1456,-1,1493,1533,1494,-1,1494,1533,1534,-1,1494,1534,1535,-1,1535,1534,1536,-1,1535,1536,1537,-1,1537,1536,1538,-1,1537,1538,1417,-1,1417,1538,1539,-1,1417,1539,1418,-1,1507,1540,1495,-1,1495,1540,1541,-1,1495,1541,1496,-1,1542,1543,1544,-1,1544,1543,1545,-1,1486,1546,1487,-1,1487,1546,1547,-1,1487,1547,1548,-1,1548,1547,1549,-1,1548,1549,1472,-1,1472,1549,1550,-1,1472,1550,1473,-1,1445,1551,1450,-1,1450,1551,1552,-1,1450,1552,1553,-1,1553,1552,1554,-1,1553,1554,1555,-1,1555,1554,1556,-1,1555,1556,1557,-1,1557,1556,1558,-1,1557,1558,1481,-1,1481,1558,1559,-1,1481,1559,1482,-1,1479,1560,1480,-1,1480,1560,1561,-1,1480,1561,1562,-1,1562,1561,1563,-1,1562,1563,1564,-1,1564,1563,1565,-1,1564,1565,1566,-1,1566,1565,1567,-1,1566,1567,1568,-1,1568,1567,1569,-1,1568,1569,1570,-1,1570,1569,1571,-1,1570,1571,1544,-1,1544,1571,1572,-1,1544,1572,1542,-1,1545,1573,1544,-1,1544,1573,1574,-1,1544,1574,1575,-1,1405,1404,1495,-1,1495,1404,1576,-1,1495,1576,1577,-1,1578,1579,1575,-1,1575,1579,1580,-1,1575,1580,1581,-1,1577,1582,1495,-1,1495,1582,1583,-1,1495,1583,1506,-1,1584,1585,1586,-1,1586,1585,1587,-1,1586,1587,1440,-1,1440,1587,1588,-1,1440,1588,1441,-1,1426,1589,1424,-1,1424,1589,1590,-1,1424,1590,1591,-1,1591,1590,1592,-1,1591,1592,1593,-1,1593,1592,1594,-1,1593,1594,1595,-1,1595,1594,1596,-1,1595,1596,1597,-1,1597,1596,1598,-1,1597,1598,1599,-1,1599,1598,1600,-1,1599,1600,1601,-1,1601,1600,1602,-1,1601,1602,1603,-1,1603,1602,1604,-1,1603,1604,1605,-1,1605,1604,1606,-1,1605,1606,1584,-1,1584,1606,1607,-1,1584,1607,1585,-1,1581,1608,1575,-1,1575,1608,1609,-1,1575,1609,1544,-1,1329,1546,1486,-1,1329,1486,1331,-1,1331,1486,1484,-1,1331,1484,1332,-1,1332,1484,1482,-1,1332,1482,1268,-1,1268,1482,1559,-1,1268,1559,1270,-1,1270,1559,1558,-1,1270,1558,1272,-1,1272,1558,1556,-1,1272,1556,1274,-1,1274,1556,1554,-1,1274,1554,1365,-1,1365,1554,1552,-1,1365,1552,1364,-1,1364,1552,1551,-1,1364,1551,1362,-1,1362,1551,1445,-1,1362,1445,1195,-1,1195,1445,1443,-1,1195,1443,1308,-1,1308,1443,1441,-1,1308,1441,1309,-1,1309,1441,1588,-1,1309,1588,1311,-1,1311,1588,1587,-1,1311,1587,1386,-1,1386,1587,1585,-1,1386,1585,1387,-1,1387,1585,1607,-1,1387,1607,1389,-1,1389,1607,1606,-1,1389,1606,1391,-1,1391,1606,1604,-1,1391,1604,1393,-1,1393,1604,1602,-1,1393,1602,1395,-1,1395,1602,1600,-1,1395,1600,1396,-1,1396,1600,1598,-1,1396,1598,1347,-1,1347,1598,1596,-1,1347,1596,1345,-1,1345,1596,1594,-1,1345,1594,1371,-1,1371,1594,1592,-1,1371,1592,1236,-1,1236,1592,1590,-1,1236,1590,1234,-1,1234,1590,1589,-1,1234,1589,1192,-1,1192,1589,1426,-1,1192,1426,1300,-1,1300,1426,1447,-1,1300,1447,1301,-1,1301,1447,1449,-1,1301,1449,1303,-1,1303,1449,1469,-1,1303,1469,1305,-1,1305,1469,1415,-1,1305,1415,1189,-1,1189,1415,1438,-1,1189,1438,1285,-1,1285,1438,1439,-1,1285,1439,1283,-1,1283,1439,1422,-1,1283,1422,1281,-1,1281,1422,1420,-1,1281,1420,1223,-1,1223,1420,1418,-1,1223,1418,1224,-1,1224,1418,1539,-1,1224,1539,1241,-1,1241,1539,1538,-1,1241,1538,1243,-1,1243,1538,1536,-1,1243,1536,1380,-1,1380,1536,1534,-1,1380,1534,1381,-1,1381,1534,1533,-1,1381,1533,1383,-1,1383,1533,1493,-1,1383,1493,1384,-1,1384,1493,1491,-1,1384,1491,1350,-1,1350,1491,1505,-1,1350,1505,1352,-1,1352,1505,1504,-1,1352,1504,1354,-1,1354,1504,1502,-1,1354,1502,1356,-1,1356,1502,1500,-1,1356,1500,1358,-1,1358,1500,1498,-1,1358,1498,1359,-1,1359,1498,1496,-1,1359,1496,1314,-1,1314,1496,1541,-1,1314,1541,1316,-1,1316,1541,1540,-1,1316,1540,1318,-1,1318,1540,1507,-1,1318,1507,1319,-1,1319,1507,1506,-1,1319,1506,1277,-1,1277,1506,1583,-1,1277,1583,1279,-1,1279,1583,1582,-1,1279,1582,1280,-1,1280,1582,1577,-1,1280,1577,1238,-1,1238,1577,1576,-1,1238,1576,1239,-1,1239,1576,1404,-1,1239,1404,1201,-1,1201,1404,1434,-1,1201,1434,1202,-1,1202,1434,1412,-1,1202,1412,1203,-1,1203,1412,1411,-1,1203,1411,1184,-1,1184,1411,1455,-1,1184,1455,1185,-1,1185,1455,1463,-1,1185,1463,1227,-1,1227,1463,1461,-1,1227,1461,1321,-1,1321,1461,1459,-1,1321,1459,1322,-1,1322,1459,1458,-1,1322,1458,1324,-1,1324,1458,1429,-1,1324,1429,1341,-1,1341,1429,1452,-1,1341,1452,1340,-1,1340,1452,1401,-1,1340,1401,1209,-1,1209,1401,1408,-1,1209,1408,1211,-1,1211,1408,1409,-1,1211,1409,1212,-1,1212,1409,1468,-1,1212,1468,1245,-1,1245,1468,1467,-1,1245,1467,1246,-1,1246,1467,1466,-1,1246,1466,1247,-1,1247,1466,1407,-1,1247,1407,1210,-1,1210,1407,1406,-1,1210,1406,1208,-1,1206,1208,1400,-1,1400,1208,1406,-1,1204,1206,1398,-1,1398,1206,1400,-1,1205,1204,1397,-1,1397,1204,1398,-1,1207,1205,1399,-1,1399,1205,1397,-1,1207,1399,1510,-1,1207,1510,1261,-1,1261,1510,1512,-1,1261,1512,1259,-1,1259,1512,1514,-1,1259,1514,1257,-1,1257,1514,1515,-1,1257,1515,1255,-1,1255,1515,1517,-1,1255,1517,1248,-1,1248,1517,1519,-1,1248,1519,1249,-1,1249,1519,1520,-1,1249,1520,1251,-1,1251,1520,1522,-1,1251,1522,1253,-1,1253,1522,1523,-1,1253,1523,1262,-1,1262,1523,1525,-1,1262,1525,1263,-1,1263,1525,1527,-1,1263,1527,1265,-1,1265,1527,1528,-1,1265,1528,1266,-1,1266,1528,1530,-1,1266,1530,1219,-1,1219,1530,1410,-1,1219,1410,1186,-1,1186,1410,1435,-1,1186,1435,1237,-1,1237,1435,1403,-1,1237,1403,1278,-1,1278,1403,1402,-1,1278,1402,1276,-1,1276,1402,1405,-1,1276,1405,1317,-1,1317,1405,1495,-1,1317,1495,1315,-1,1315,1495,1497,-1,1315,1497,1313,-1,1313,1497,1499,-1,1313,1499,1357,-1,1357,1499,1501,-1,1357,1501,1355,-1,1355,1501,1503,-1,1355,1503,1353,-1,1353,1503,1490,-1,1353,1490,1351,-1,1351,1490,1492,-1,1351,1492,1349,-1,1349,1492,1494,-1,1349,1494,1382,-1,1382,1494,1535,-1,1382,1535,1244,-1,1244,1535,1537,-1,1244,1537,1242,-1,1242,1537,1417,-1,1242,1417,1240,-1,1240,1417,1419,-1,1240,1419,1222,-1,1222,1419,1421,-1,1222,1421,1282,-1,1282,1421,1423,-1,1282,1423,1284,-1,1284,1423,1437,-1,1284,1437,1286,-1,1286,1437,1436,-1,1286,1436,1287,-1,1287,1436,1416,-1,1287,1416,1187,-1,1187,1416,1414,-1,1187,1414,1188,-1,1188,1414,1413,-1,1188,1413,1307,-1,1307,1413,1471,-1,1307,1471,1306,-1,1306,1471,1470,-1,1306,1470,1304,-1,1304,1470,1448,-1,1304,1448,1302,-1,1302,1448,1425,-1,1302,1425,1190,-1,1190,1425,1424,-1,1190,1424,1191,-1,1191,1424,1591,-1,1191,1591,1235,-1,1235,1591,1593,-1,1235,1593,1372,-1,1372,1593,1595,-1,1372,1595,1373,-1,1373,1595,1597,-1,1373,1597,1346,-1,1346,1597,1599,-1,1346,1599,1348,-1,1348,1599,1601,-1,1348,1601,1394,-1,1394,1601,1603,-1,1394,1603,1392,-1,1392,1603,1605,-1,1392,1605,1390,-1,1390,1605,1584,-1,1390,1584,1388,-1,1388,1584,1586,-1,1388,1586,1312,-1,1312,1586,1440,-1,1312,1440,1310,-1,1310,1440,1442,-1,1310,1442,1193,-1,1193,1442,1444,-1,1193,1444,1194,-1,1194,1444,1446,-1,1194,1446,1196,-1,1196,1446,1489,-1,1196,1489,1197,-1,1360,1197,1488,-1,1488,1197,1489,-1,1360,1488,1451,-1,1360,1451,1361,-1,1361,1451,1450,-1,1361,1450,1363,-1,1363,1450,1553,-1,1363,1553,1275,-1,1275,1553,1555,-1,1275,1555,1273,-1,1273,1555,1557,-1,1273,1557,1271,-1,1271,1557,1481,-1,1271,1481,1269,-1,1269,1481,1483,-1,1269,1483,1267,-1,1267,1483,1485,-1,1267,1485,1330,-1,1330,1485,1487,-1,1330,1487,1328,-1,1328,1487,1548,-1,1328,1548,1326,-1,1326,1548,1472,-1,1326,1472,1335,-1,1335,1472,1474,-1,1335,1474,1299,-1,1299,1474,1476,-1,1299,1476,1297,-1,1297,1476,1478,-1,1297,1478,1295,-1,1295,1478,1480,-1,1295,1480,1293,-1,1293,1480,1562,-1,1293,1562,1198,-1,1198,1562,1564,-1,1198,1564,1199,-1,1199,1564,1566,-1,1199,1566,1230,-1,1232,1230,1568,-1,1568,1230,1566,-1,1232,1568,1570,-1,1232,1570,1369,-1,1369,1570,1544,-1,1369,1544,1342,-1,1342,1544,1609,-1,1342,1609,1385,-1,1385,1609,1608,-1,1385,1608,1374,-1,1374,1608,1581,-1,1374,1581,1375,-1,1375,1581,1580,-1,1375,1580,1377,-1,1377,1580,1579,-1,1377,1579,1378,-1,1378,1579,1578,-1,1378,1578,1379,-1,1379,1578,1575,-1,1379,1575,1376,-1,1376,1575,1574,-1,1376,1574,1366,-1,1366,1574,1573,-1,1366,1573,1367,-1,1367,1573,1545,-1,1367,1545,1368,-1,1368,1545,1543,-1,1368,1543,1343,-1,1343,1543,1542,-1,1343,1542,1344,-1,1344,1542,1572,-1,1344,1572,1370,-1,1370,1572,1571,-1,1370,1571,1233,-1,1233,1571,1569,-1,1233,1569,1231,-1,1229,1231,1567,-1,1567,1231,1569,-1,1229,1567,1565,-1,1229,1565,1200,-1,1200,1565,1563,-1,1200,1563,1291,-1,1291,1563,1561,-1,1291,1561,1292,-1,1292,1561,1560,-1,1292,1560,1294,-1,1294,1560,1479,-1,1294,1479,1296,-1,1296,1479,1477,-1,1296,1477,1298,-1,1298,1477,1475,-1,1298,1475,1333,-1,1333,1475,1473,-1,1333,1473,1334,-1,1334,1473,1550,-1,1334,1550,1336,-1,1336,1550,1549,-1,1336,1549,1337,-1,1337,1549,1547,-1,1337,1547,1327,-1,1327,1547,1546,-1,1327,1546,1329,-1,1250,1518,1516,-1,1250,1516,1256,-1,1256,1516,1513,-1,1256,1513,1258,-1,1258,1513,1511,-1,1258,1511,1260,-1,1260,1511,1509,-1,1260,1509,1320,-1,1320,1509,1508,-1,1320,1508,1213,-1,1213,1508,1433,-1,1213,1433,1214,-1,1214,1433,1432,-1,1214,1432,1215,-1,1215,1432,1431,-1,1215,1431,1216,-1,1216,1431,1430,-1,1216,1430,1217,-1,1217,1430,1454,-1,1217,1454,1338,-1,1338,1454,1453,-1,1338,1453,1339,-1,1339,1453,1428,-1,1339,1428,1325,-1,1325,1428,1427,-1,1325,1427,1323,-1,1323,1427,1460,-1,1323,1460,1228,-1,1228,1460,1462,-1,1228,1462,1226,-1,1226,1462,1464,-1,1226,1464,1225,-1,1225,1464,1465,-1,1225,1465,1288,-1,1288,1465,1457,-1,1288,1457,1289,-1,1289,1457,1456,-1,1289,1456,1290,-1,1290,1456,1532,-1,1290,1532,1221,-1,1221,1532,1531,-1,1221,1531,1220,-1,1220,1531,1529,-1,1220,1529,1218,-1,1218,1529,1526,-1,1218,1526,1264,-1,1264,1526,1524,-1,1264,1524,1254,-1,1254,1524,1521,-1,1254,1521,1252,-1,1252,1521,1518,-1,1252,1518,1250,-1,
        ]
    }
}