#VRML V2.0 utf8
# 3D model generated by easyeda2kicad.py (https://github.com/uPesy/easyeda2kicad.py)

Shape{
    appearance Appearance {
        material  Material 	{
            diffuseColor 0.25098039215686274 0.25098039215686274 0.25098039215686274
            specularColor 0.12549019607843137 0.12549019607843137 0.12549019607843137
            ambientIntensity 0.251
            transparency 0.0
            shininess 0.5
        }
    }
    geometry IndexedFaceSet {
        ccw TRUE
        solid FALSE
        coord DEF co Coordinate {
            point [
                -0.1398 -0.1398 0.061, -0.1398 -0.1298 0.061, -0.0328 -0.1298 0.061, 0.0314 0.0099 0.061, 0.0314 -0.0077 0.061, 0.024 -0.0077 0.061, -0.1398 0.01 0.061, -0.1398 0.0239 0.061, -0.0328 0.0239 0.061, 0.0057 0.0239 0.061, 0.0057 0.1398 0.061, 0.0231 0.1398 0.061, 0.0057 -0.01 0.061, 0.0057 0.01 0.061, 0.0076 -0.0067 0.061, 0.0076 -0.0088 0.061, 0.0097 -0.0097 0.061, 0.0117 -0.01 0.061, 0.0099 0.0099 0.061, 0.0076 0.0093 0.061, 0.0076 0.0067 0.061, 0.0099 0.0076 0.061, 0.008 -0.0068 0.061, 0.0123 0.0079 0.061, 0.0142 0.0077 0.061, 0.0157 0.0072 0.061, 0.017 0.0063 0.061, 0.0182 0.005 0.061, 0.0196 -0.0002 0.061, 0.0194 -0.0023 0.061, 0.0189 -0.004 0.061, 0.0145 -0.0077 0.061, 0.0127 -0.0079 0.061, 0.016 -0.0072 0.061, 0.0172 -0.0064 0.061, 0.0181 -0.0054 0.061, 0.0101 -0.0076 0.061, 0.019 0.0034 0.061, 0.0196 0.0013 0.061, 0.0105 0.01 0.061, 0.0123 0.0101 0.061, 0.0174 -0.0092 0.061, 0.019 -0.0082 0.061, 0.0231 -0.01 0.061, 0.0205 -0.0066 0.061, 0.0215 -0.0047 0.061, 0.0212 0.0047 0.061, 0.0201 0.0065 0.061, 0.0231 0.01 0.061, 0.0183 0.0082 0.061, 0.0164 0.0093 0.061, 0.0143 0.0099 0.061, 0.0137 0.01 0.061, 0.0221 -0.0026 0.061, 0.0223 -0.0004 0.061, 0.022 0.0024 0.061, 0.0125 -0.0101 0.061, 0.0057 -0.0239 0.061, 0.0131 -0.0101 0.061, 0.0231 -0.0239 0.061, 0.0142 -0.01 0.061, 0.0155 -0.0098 0.061, -0.0328 0.0032 0.061, -0.0353 0.0099 0.061, -0.0328 0.01 0.061, -0.038 0.0099 0.061, -0.0328 -0.0043 0.061, -0.0326 -0.0043 0.061, -0.0328 -0.01 0.061, -0.0308 -0.0098 0.061, -0.0272 -0.01 0.061, -0.0279 -0.0098 0.061, -0.0272 0.01 0.061, -0.0536 0.1111 0.061, -0.0592 0.1148 0.061, -0.0328 0.1398 0.061, -0.0787 0.1197 0.061, -0.1398 0.1398 0.061, -0.0855 0.1192 0.061, -0.0921 0.1175 0.061, -0.0983 0.1148 0.061, -0.1039 0.1111 0.061, -0.1089 0.1065 0.061, -0.0654 0.1175 0.061, -0.072 0.1192 0.061, -0.1185 0.0687 0.061, -0.1163 0.0623 0.061, -0.1131 0.0563 0.061, -0.1089 0.051 0.061, -0.1131 0.1012 0.061, -0.1163 0.0952 0.061, -0.1185 0.0888 0.061, -0.1039 0.0464 0.061, -0.0983 0.0427 0.061, -0.0921 0.04 0.061, -0.0412 0.0952 0.061, -0.0444 0.1012 0.061, -0.0486 0.1065 0.061, -0.1196 0.0821 0.061, -0.1197 0.0787 0.061, -0.1196 0.0754 0.061, -0.0654 0.04 0.061, -0.0592 0.0427 0.061, -0.0536 0.0464 0.061, -0.0486 0.051 0.061, -0.0855 0.0383 0.061, -0.0787 0.0377 0.061, -0.072 0.0383 0.061, -0.0444 0.0563 0.061, -0.0412 0.0623 0.061, -0.039 0.0687 0.061, -0.0379 0.0754 0.061, -0.0379 0.0821 0.061, -0.039 0.0888 0.061, 0.0231 0.0239 0.061, 0.0359 0.1398 0.061, 0.0359 0.0239 0.061, 0.039 0.0687 0.061, 0.0412 0.0623 0.061, 0.0444 0.0563 0.061, 0.0486 0.051 0.061, 0.0536 0.0464 0.061, 0.0787 0.0377 0.061, 0.0855 0.0383 0.061, 0.1298 0.0239 0.061, 0.0921 0.04 0.061, 0.1298 0.1398 0.061, 0.1163 0.0952 0.061, 0.1131 0.1012 0.061, 0.072 0.1192 0.061, 0.0654 0.1175 0.061, 0.0592 0.1148 0.061, 0.0536 0.1111 0.061, 0.0486 0.1065 0.061, 0.0592 0.0427 0.061, 0.0654 0.04 0.061, 0.072 0.0383 0.061, 0.0983 0.0427 0.061, 0.1039 0.0464 0.061, 0.1089 0.051 0.061, 0.1089 0.1065 0.061, 0.1039 0.1111 0.061, 0.0983 0.1148 0.061, 0.0921 0.1175 0.061, 0.0855 0.1192 0.061, 0.0787 0.1197 0.061, 0.0444 0.1012 0.061, 0.0412 0.0952 0.061, 0.039 0.0888 0.061, 0.0379 0.0821 0.061, 0.0377 0.0787 0.061, 0.0379 0.0754 0.061, 0.1131 0.0563 0.061, 0.1163 0.0623 0.061, 0.1185 0.0687 0.061, 0.1196 0.0754 0.061, 0.1196 0.0821 0.061, 0.1185 0.0888 0.061, -0.0408 -0.0043 0.061, -0.0428 -0.0098 0.061, -0.0457 -0.0098 0.061, -0.1398 -0.01 0.061, -0.0272 0.1398 0.061, -0.0272 0.0239 0.061, 0.0359 0.01 0.061, -0.0255 -0.0044 0.061, -0.0243 -0.0062 0.061, -0.0227 -0.0077 0.061, -0.0207 -0.0089 0.061, -0.0087 0.1398 0.061, -0.0087 0.0239 0.061, -0.0087 0.01 0.061, -0.0162 0.0099 0.061, -0.019 0.0095 0.061, -0.0213 0.0087 0.061, -0.0234 0.0073 0.061, -0.0235 0.0073 0.061, -0.0249 0.0057 0.061, -0.0258 0.004 0.061, -0.0184 -0.0096 0.061, -0.016 -0.0098 0.061, -0.0087 -0.01 0.061, -0.0106 -0.0098 0.061, -0.0106 0.0099 0.061, -0.0263 0.0021 0.061, -0.0264 0.0003 0.061, -0.0262 -0.0024 0.061, -0.0063 0.0099 0.061, -0.0063 0.0077 0.061, -0.0068 -0.0077 0.061, -0.0068 -0.0098 0.061, 0.0038 -0.0098 0.061, 0.0038 0.0099 0.061, 0.0012 -0.001 0.061, 0.0012 -0.0077 0.061, -0.0058 -0.001 0.061, -0.0058 0.0012 0.061, 0.0012 0.0012 0.061, 0.0012 0.0077 0.061, 0.0359 -0.01 0.061, 0.034 -0.0098 0.061, 0.034 0.0099 0.061, 0.024 -0.0098 0.061, -0.0087 -0.0239 0.061, -0.0272 -0.0239 0.061, -0.0328 -0.0239 0.061, -0.1398 -0.0239 0.061, 0.0359 -0.0239 0.061, 0.1298 0.01 0.061, 0.1298 -0.01 0.061, 0.1298 -0.0239 0.061, -0.1185 -0.0888 0.061, -0.1196 -0.0821 0.061, -0.1197 -0.0787 0.061, -0.1163 -0.0952 0.061, -0.1131 -0.1012 0.061, -0.1089 -0.1065 0.061, -0.0444 -0.0563 0.061, -0.0486 -0.051 0.061, -0.1039 -0.1111 0.061, -0.0983 -0.1148 0.061, -0.0921 -0.1175 0.061, -0.0855 -0.1192 0.061, -0.0787 -0.1197 0.061, -0.072 -0.1192 0.061, -0.0654 -0.1175 0.061, -0.0592 -0.1148 0.061, -0.0536 -0.1111 0.061, -0.0486 -0.1065 0.061, -0.0444 -0.1012 0.061, -0.0412 -0.0952 0.061, -0.0536 -0.0464 0.061, -0.0592 -0.0427 0.061, -0.0654 -0.04 0.061, -0.072 -0.0383 0.061, -0.0787 -0.0377 0.061, -0.0855 -0.0383 0.061, -0.0921 -0.04 0.061, -0.1196 -0.0754 0.061, -0.1185 -0.0687 0.061, -0.0983 -0.0427 0.061, -0.1039 -0.0464 0.061, -0.1089 -0.051 0.061, -0.0379 -0.0754 0.061, -0.039 -0.0687 0.061, -0.0412 -0.0623 0.061, -0.1131 -0.0563 0.061, -0.1163 -0.0623 0.061, -0.039 -0.0888 0.061, -0.0379 -0.0821 0.061, -0.0272 -0.1298 0.061, -0.0087 -0.1298 0.061, 0.0057 -0.1298 0.061, 0.0231 -0.1298 0.061, 0.0359 -0.1298 0.061, 0.1089 -0.051 0.061, 0.1131 -0.0563 0.061, 0.1163 -0.0623 0.061, 0.0921 -0.1175 0.061, 0.0983 -0.1148 0.061, 0.1298 -0.1298 0.061, 0.1039 -0.1111 0.061, 0.1089 -0.1065 0.061, 0.0486 -0.1065 0.061, 0.0536 -0.1111 0.061, 0.0592 -0.1148 0.061, 0.0654 -0.1175 0.061, 0.1039 -0.0464 0.061, 0.0983 -0.0427 0.061, 0.0921 -0.04 0.061, 0.0855 -0.0383 0.061, 0.0787 -0.0377 0.061, 0.072 -0.0383 0.061, 0.0654 -0.04 0.061, 0.039 -0.0888 0.061, 0.0412 -0.0952 0.061, 0.0444 -0.1012 0.061, 0.072 -0.1192 0.061, 0.0787 -0.1197 0.061, 0.0855 -0.1192 0.061, 0.1131 -0.1012 0.061, 0.1163 -0.0952 0.061, 0.1185 -0.0888 0.061, 0.1196 -0.0821 0.061, 0.1196 -0.0754 0.061, 0.1185 -0.0687 0.061, 0.0592 -0.0427 0.061, 0.0536 -0.0464 0.061, 0.0486 -0.051 0.061, 0.0444 -0.0563 0.061, 0.0412 -0.0623 0.061, 0.039 -0.0687 0.061, 0.0379 -0.0754 0.061, 0.0377 -0.0787 0.061, 0.0379 -0.0821 0.061, 0.1398 0.1398 0.061, 0.1398 0.0239 0.061, 0.1398 0.01 0.061, 0.1398 -0.01 0.061, 0.1398 -0.0239 0.061, 0.1398 -0.1298 0.061, -0.0328 -0.1398 0.061, -0.0272 -0.1398 0.061, -0.0087 -0.1398 0.061, 0.0057 -0.1398 0.061, 0.0231 -0.1398 0.061, 0.0359 -0.1398 0.061, 0.1298 -0.1398 0.061, 0.1398 -0.1398 0.061
            ]
        }
        coordIndex [
            0,1,2,-1,3,4,5,-1,6,7,8,-1,9,10,11,-1,12,13,14,-1,14,15,12,-1,12,15,16,-1,12,16,17,-1,18,19,13,-1,13,19,20,-1,13,20,14,-1,14,20,21,-1,14,21,22,-1,22,21,23,-1,22,23,24,-1,24,25,22,-1,22,25,26,-1,22,26,27,-1,28,29,22,-1,22,29,30,-1,31,32,33,-1,33,32,34,-1,30,35,22,-1,22,35,34,-1,22,34,36,-1,36,34,32,-1,27,37,22,-1,22,37,38,-1,22,38,28,-1,18,13,39,-1,39,13,9,-1,39,9,40,-1,41,42,43,-1,43,42,44,-1,43,44,45,-1,46,47,48,-1,48,47,49,-1,49,50,48,-1,48,50,51,-1,48,51,52,-1,45,53,43,-1,43,53,54,-1,43,54,48,-1,48,54,55,-1,48,55,46,-1,17,56,57,-1,57,56,58,-1,57,58,59,-1,59,58,60,-1,59,60,43,-1,43,60,61,-1,43,61,41,-1,62,63,64,-1,64,63,65,-1,66,67,68,-1,68,67,69,-1,68,69,70,-1,70,69,71,-1,70,71,72,-1,73,74,75,-1,75,76,77,-1,77,76,78,-1,77,78,79,-1,79,80,77,-1,77,80,81,-1,77,81,82,-1,74,83,75,-1,75,83,84,-1,75,84,76,-1,85,86,7,-1,7,86,87,-1,7,87,88,-1,82,89,77,-1,77,89,90,-1,77,90,91,-1,88,92,7,-1,7,92,93,-1,7,93,94,-1,95,96,75,-1,75,96,97,-1,75,97,73,-1,91,98,77,-1,77,98,99,-1,77,99,7,-1,7,99,100,-1,7,100,85,-1,101,102,8,-1,8,102,103,-1,8,103,104,-1,94,105,7,-1,7,105,106,-1,7,106,8,-1,8,106,107,-1,8,107,101,-1,104,108,8,-1,8,108,109,-1,8,109,110,-1,110,111,8,-1,8,111,112,-1,8,112,75,-1,75,112,113,-1,75,113,95,-1,9,11,114,-1,114,11,115,-1,114,115,116,-1,116,117,118,-1,118,119,116,-1,116,119,120,-1,116,120,121,-1,122,123,124,-1,124,123,125,-1,126,127,128,-1,115,129,130,-1,130,131,115,-1,115,131,132,-1,115,132,133,-1,121,134,116,-1,116,134,135,-1,116,135,136,-1,125,137,124,-1,124,137,138,-1,124,138,139,-1,128,140,126,-1,126,140,141,-1,126,141,142,-1,142,143,126,-1,126,143,144,-1,126,144,115,-1,115,144,145,-1,115,145,129,-1,133,146,115,-1,115,146,147,-1,115,147,148,-1,148,149,115,-1,115,149,150,-1,115,150,116,-1,116,150,151,-1,116,151,117,-1,139,152,124,-1,124,152,153,-1,124,153,154,-1,154,155,124,-1,124,155,156,-1,124,156,126,-1,126,156,157,-1,126,157,127,-1,158,66,159,-1,159,66,68,-1,159,68,160,-1,160,68,161,-1,160,161,65,-1,65,161,6,-1,65,6,64,-1,64,6,8,-1,75,162,8,-1,8,162,163,-1,8,163,64,-1,64,163,72,-1,64,72,62,-1,62,72,71,-1,40,9,52,-1,52,9,114,-1,52,114,48,-1,48,114,116,-1,48,116,164,-1,165,166,70,-1,70,166,167,-1,70,167,168,-1,162,169,163,-1,163,169,170,-1,163,170,72,-1,72,170,171,-1,72,171,172,-1,172,173,72,-1,72,173,174,-1,72,174,175,-1,175,176,72,-1,72,176,177,-1,72,177,178,-1,168,179,70,-1,70,179,180,-1,70,180,181,-1,181,180,182,-1,181,182,171,-1,171,182,183,-1,171,183,172,-1,178,184,72,-1,72,184,185,-1,72,185,70,-1,70,185,186,-1,70,186,165,-1,169,10,170,-1,170,10,9,-1,170,9,171,-1,171,9,13,-1,171,13,187,-1,187,188,171,-1,171,188,189,-1,171,189,181,-1,181,189,190,-1,181,190,12,-1,12,190,191,-1,12,191,13,-1,13,191,192,-1,13,192,187,-1,193,194,195,-1,195,194,189,-1,195,189,196,-1,196,189,188,-1,196,188,197,-1,197,188,198,-1,164,199,200,-1,200,201,164,-1,164,201,3,-1,164,3,48,-1,48,3,5,-1,48,5,43,-1,43,5,202,-1,17,57,12,-1,12,57,203,-1,12,203,181,-1,181,203,204,-1,181,204,70,-1,70,204,205,-1,70,205,68,-1,68,205,206,-1,68,206,161,-1,202,200,43,-1,43,200,199,-1,43,199,59,-1,59,199,207,-1,136,122,116,-1,116,122,124,-1,116,124,164,-1,164,124,208,-1,164,208,199,-1,199,208,209,-1,199,209,207,-1,207,209,210,-1,211,1,212,-1,212,1,213,-1,211,214,1,-1,1,214,215,-1,1,215,216,-1,217,218,205,-1,216,219,1,-1,1,219,220,-1,1,220,221,-1,221,222,1,-1,1,222,223,-1,1,223,2,-1,2,223,224,-1,224,225,2,-1,2,225,226,-1,2,226,227,-1,227,228,2,-1,2,228,229,-1,2,229,230,-1,218,231,205,-1,205,231,232,-1,205,232,233,-1,233,234,205,-1,205,234,235,-1,205,235,206,-1,206,235,236,-1,206,236,237,-1,213,1,238,-1,238,1,206,-1,238,206,239,-1,237,240,206,-1,206,240,241,-1,206,241,242,-1,243,244,205,-1,205,244,245,-1,205,245,217,-1,242,246,206,-1,206,246,247,-1,206,247,239,-1,230,248,2,-1,2,248,249,-1,2,249,243,-1,243,205,2,-1,2,205,204,-1,2,204,250,-1,250,204,203,-1,250,203,251,-1,251,203,57,-1,251,57,252,-1,252,57,59,-1,252,59,253,-1,253,59,207,-1,253,207,254,-1,255,210,256,-1,256,210,257,-1,258,259,260,-1,260,259,261,-1,260,261,262,-1,263,264,254,-1,254,264,265,-1,254,265,266,-1,255,267,210,-1,210,267,268,-1,210,268,269,-1,269,270,210,-1,210,270,271,-1,210,271,207,-1,207,271,272,-1,207,272,273,-1,274,275,254,-1,254,275,276,-1,254,276,263,-1,266,277,254,-1,254,277,278,-1,254,278,260,-1,260,278,279,-1,260,279,258,-1,262,280,260,-1,260,280,281,-1,260,281,282,-1,282,283,260,-1,260,283,284,-1,260,284,210,-1,210,284,285,-1,210,285,257,-1,273,286,207,-1,207,286,287,-1,207,287,288,-1,288,289,207,-1,207,289,290,-1,207,290,291,-1,291,292,207,-1,207,292,293,-1,207,293,254,-1,254,293,294,-1,254,294,274,-1,126,295,124,-1,124,295,296,-1,124,296,208,-1,208,296,297,-1,208,297,209,-1,209,297,298,-1,209,298,210,-1,210,298,299,-1,210,299,260,-1,260,299,300,-1,0,2,301,-1,301,2,250,-1,301,250,302,-1,302,250,251,-1,302,251,303,-1,303,251,252,-1,303,252,304,-1,304,252,253,-1,304,253,305,-1,305,253,254,-1,305,254,306,-1,306,254,260,-1,306,260,307,-1,307,260,300,-1,307,300,308,-1,
        ]
    }
}
Shape{
    appearance Appearance {
        material  Material 	{
            diffuseColor 0.7529411764705882 0.7529411764705882 0.7529411764705882
            specularColor 0.3764705882352941 0.3764705882352941 0.3764705882352941
            ambientIntensity 0.7529
            transparency 0.0
            shininess 0.5
        }
    }
    geometry IndexedFaceSet {
        ccw TRUE
        solid FALSE
        coord DEF co Coordinate {
            point [
                0.1283 0.111 0.2382, 0.1516 -0.1516 0.2382, 0.1293 0.1138 0.2382, 0.1516 0.1516 0.2382, 0.1266 0.1083 0.2382, 0.1244 0.1063 0.2382, 0.1217 0.1049 0.2382, -0.1516 0.1516 0.2382, 0.1046 0.1165 0.2382, 0.105 0.1195 0.2382, 0.11 0.1062 0.2382, 0.1078 0.1082 0.2382, -0.1516 -0.1516 0.2382, 0.1061 0.1106 0.2382, 0.105 0.1135 0.2382, 0.1278 0.1229 0.2382, 0.129 0.1201 0.2382, 0.1187 0.1041 0.2382, 0.1157 0.1041 0.2382, 0.1128 0.1048 0.2382, 0.1061 0.1223 0.2382, 0.1079 0.1249 0.2382, 0.1094 0.1263 0.2382, 0.112 0.1278 0.2382, 0.115 0.1288 0.2382, 0.118 0.1289 0.2382, 0.1209 0.1283 0.2382, 0.1296 0.1172 0.2382, 0.1296 0.1165 0.2382, 0.1237 0.127 0.2382, 0.1259 0.1253 0.2382, 0.1398 0.1398 0.1004, 0.1516 0.1516 0.1004, 0.1398 -0.1398 0.1004, 0.1516 -0.1516 0.1004, -0.1398 -0.1398 0.1004, -0.1516 -0.1516 0.1004, -0.1398 0.1398 0.1004, -0.1516 0.1516 0.1004
            ]
        }
        coordIndex [
            0,1,2,-1,2,1,3,-1,0,4,1,-1,1,4,5,-1,1,5,6,-1,7,8,9,-1,10,11,12,-1,12,11,13,-1,12,13,7,-1,7,13,14,-1,7,14,8,-1,3,15,16,-1,6,17,1,-1,1,17,18,-1,1,18,12,-1,12,18,19,-1,12,19,10,-1,9,20,7,-1,7,20,21,-1,7,21,22,-1,22,23,7,-1,7,23,24,-1,7,24,3,-1,3,24,25,-1,3,25,26,-1,16,27,3,-1,3,27,28,-1,3,28,2,-1,26,29,3,-1,3,29,30,-1,3,30,15,-1,31,32,33,-1,33,32,34,-1,33,34,35,-1,35,34,36,-1,35,36,37,-1,37,36,38,-1,37,38,31,-1,31,38,32,-1,3,1,32,-1,32,1,34,-1,7,3,38,-1,38,3,32,-1,12,7,36,-1,36,7,38,-1,1,12,34,-1,34,12,36,-1,
        ]
    }
}
Shape{
    appearance Appearance {
        material  Material 	{
            diffuseColor 0.25098039215686274 0.25098039215686274 0.25098039215686274
            specularColor 0.12549019607843137 0.12549019607843137 0.12549019607843137
            ambientIntensity 0.251
            transparency 0.0
            shininess 0.5
        }
    }
    geometry IndexedFaceSet {
        ccw TRUE
        solid FALSE
        coord DEF co Coordinate {
            point [
                0.1398 0.1398 0.061, 0.1298 0.1398 0.061, 0.1398 0.1398 0.1004, 0.0359 0.1398 0.061, -0.0087 0.1398 0.061, -0.1398 0.1398 0.1004, 0.0057 0.1398 0.061, 0.0231 0.1398 0.061, -0.0272 0.1398 0.061, -0.0328 0.1398 0.061, -0.1398 0.1398 0.061, 0.1398 0.0239 0.061, 0.1398 -0.1398 0.1004, 0.1398 -0.1398 0.061, 0.1398 -0.1298 0.061, 0.1398 -0.0239 0.061, 0.1398 -0.01 0.061, 0.1398 0.01 0.061, -0.1398 -0.1398 0.061, -0.0328 -0.1398 0.061, -0.1398 -0.1398 0.1004, -0.0272 -0.1398 0.061, -0.0087 -0.1398 0.061, 0.0057 -0.1398 0.061, 0.0231 -0.1398 0.061, 0.0359 -0.1398 0.061, 0.1298 -0.1398 0.061, -0.1398 -0.1298 0.061, -0.1398 0.0239 0.061, -0.1398 0.01 0.061, -0.1398 -0.01 0.061, -0.1398 -0.0239 0.061
            ]
        }
        coordIndex [
            0,1,2,-1,2,1,3,-1,4,5,6,-1,6,5,2,-1,6,2,7,-1,7,2,3,-1,4,8,5,-1,5,8,9,-1,5,9,10,-1,11,0,2,-1,12,13,14,-1,14,15,12,-1,12,15,16,-1,12,16,2,-1,2,16,17,-1,2,17,11,-1,18,19,20,-1,20,19,21,-1,21,22,20,-1,20,22,23,-1,20,23,12,-1,12,23,24,-1,24,25,12,-1,12,25,26,-1,12,26,13,-1,27,18,20,-1,5,10,28,-1,28,29,5,-1,5,29,30,-1,5,30,20,-1,20,30,31,-1,20,31,27,-1,
        ]
    }
}
Shape{
    appearance Appearance {
        material  Material 	{
            diffuseColor 0.7529411764705882 0.7529411764705882 0.7529411764705882
            specularColor 0.3764705882352941 0.3764705882352941 0.3764705882352941
            ambientIntensity 0.7529
            transparency 0.0
            shininess 0.5
        }
    }
    geometry IndexedFaceSet {
        ccw TRUE
        solid FALSE
        coord DEF co Coordinate {
            point [
                0.0764 0.0855 0.0006, 0.0776 0.0858 0.0006, 0.0787 0.0787 0.0, 0.0753 0.0851 0.0006, 0.0743 0.0844 0.0006, 0.0734 0.0836 0.0006, 0.0727 0.0827 0.0006, 0.0722 0.0816 0.0006, 0.0718 0.0805 0.0006, 0.0716 0.0793 0.0006, 0.0716 0.0781 0.0006, 0.0718 0.077 0.0006, 0.0722 0.0758 0.0006, 0.0727 0.0748 0.0006, 0.0734 0.0739 0.0006, 0.0743 0.0731 0.0006, 0.0753 0.0724 0.0006, 0.0764 0.0719 0.0006, 0.0776 0.0716 0.0006, 0.0787 0.0715 0.0006, 0.0799 0.0716 0.0006, 0.0811 0.0719 0.0006, 0.0822 0.0724 0.0006, 0.0832 0.0731 0.0006, 0.084 0.0739 0.0006, 0.0848 0.0748 0.0006, 0.0853 0.0758 0.0006, 0.0857 0.077 0.0006, 0.0859 0.0781 0.0006, 0.0859 0.0793 0.0006, 0.0857 0.0805 0.0006, 0.0853 0.0816 0.0006, 0.0848 0.0827 0.0006, 0.084 0.0836 0.0006, 0.0832 0.0844 0.0006, 0.0822 0.0851 0.0006, 0.0811 0.0855 0.0006, 0.0799 0.0858 0.0006, 0.0787 0.0859 0.0006, 0.0379 0.0754 0.061, 0.0377 0.0787 0.061, 0.0357 0.0823 0.0541, 0.0357 0.0752 0.0541, 0.0369 0.0681 0.0541, 0.039 0.0687 0.061, 0.0392 0.0614 0.0541, 0.0412 0.0623 0.061, 0.0426 0.0551 0.0541, 0.0444 0.0563 0.061, 0.047 0.0495 0.0541, 0.0486 0.051 0.061, 0.0522 0.0447 0.0541, 0.0536 0.0464 0.061, 0.0582 0.0408 0.0541, 0.0592 0.0427 0.061, 0.0647 0.0379 0.0541, 0.0654 0.04 0.061, 0.0716 0.0361 0.0541, 0.072 0.0383 0.061, 0.0787 0.0356 0.0541, 0.0787 0.0377 0.061, 0.0858 0.0361 0.0541, 0.0855 0.0383 0.061, 0.0928 0.0379 0.0541, 0.0921 0.04 0.061, 0.0993 0.0408 0.0541, 0.0983 0.0427 0.061, 0.1053 0.0447 0.0541, 0.1039 0.0464 0.061, 0.1105 0.0495 0.0541, 0.1089 0.051 0.061, 0.1149 0.0551 0.0541, 0.1131 0.0563 0.061, 0.1183 0.0614 0.0541, 0.1163 0.0623 0.061, 0.1206 0.0681 0.0541, 0.1185 0.0687 0.061, 0.1218 0.0752 0.0541, 0.1196 0.0754 0.061, 0.1218 0.0823 0.0541, 0.1196 0.0821 0.061, 0.1206 0.0893 0.0541, 0.1185 0.0888 0.061, 0.1183 0.0961 0.0541, 0.1163 0.0952 0.061, 0.1149 0.1024 0.0541, 0.1131 0.1012 0.061, 0.1105 0.108 0.0541, 0.1089 0.1065 0.061, 0.1053 0.1128 0.0541, 0.1039 0.1111 0.061, 0.0993 0.1167 0.0541, 0.0983 0.1148 0.061, 0.0928 0.1196 0.0541, 0.0921 0.1175 0.061, 0.0858 0.1213 0.0541, 0.0855 0.1192 0.061, 0.0787 0.1219 0.0541, 0.0787 0.1197 0.061, 0.0716 0.1213 0.0541, 0.072 0.1192 0.061, 0.0647 0.1196 0.0541, 0.0654 0.1175 0.061, 0.0582 0.1167 0.0541, 0.0592 0.1148 0.061, 0.0522 0.1128 0.0541, 0.0536 0.1111 0.061, 0.047 0.108 0.0541, 0.0486 0.1065 0.061, 0.0426 0.1024 0.0541, 0.0444 0.1012 0.061, 0.0392 0.0961 0.0541, 0.0412 0.0952 0.061, 0.0369 0.0893 0.0541, 0.039 0.0888 0.061, 0.0379 0.0821 0.061, 0.0715 0.1223 0.047, 0.0644 0.1206 0.047, 0.0577 0.1176 0.047, 0.0516 0.1136 0.047, 0.0462 0.1087 0.047, 0.0417 0.1029 0.047, 0.0383 0.0965 0.047, 0.0359 0.0896 0.047, 0.0347 0.0824 0.047, 0.0347 0.0751 0.047, 0.0359 0.0679 0.047, 0.0383 0.061 0.047, 0.0417 0.0546 0.047, 0.0462 0.0488 0.047, 0.0516 0.0439 0.047, 0.0577 0.0399 0.047, 0.0644 0.0369 0.047, 0.0715 0.0351 0.047, 0.0787 0.0345 0.047, 0.086 0.0351 0.047, 0.0931 0.0369 0.047, 0.0998 0.0399 0.047, 0.1059 0.0439 0.047, 0.1113 0.0488 0.047, 0.1158 0.0546 0.047, 0.1192 0.061 0.047, 0.1216 0.0679 0.047, 0.1228 0.0751 0.047, 0.1228 0.0824 0.047, 0.1216 0.0896 0.047, 0.1192 0.0965 0.047, 0.1158 0.1029 0.047, 0.1113 0.1087 0.047, 0.1059 0.1136 0.047, 0.0998 0.1176 0.047, 0.0931 0.1206 0.047, 0.086 0.1223 0.047, 0.0787 0.1229 0.047, 0.0715 0.1222 0.0398, 0.0644 0.1204 0.0398, 0.0578 0.1175 0.0398, 0.0517 0.1135 0.0398, 0.0463 0.1086 0.0398, 0.0419 0.1028 0.0398, 0.0384 0.0964 0.0398, 0.036 0.0896 0.0398, 0.0348 0.0824 0.0398, 0.0348 0.0751 0.0398, 0.036 0.0679 0.0398, 0.0384 0.061 0.0398, 0.0419 0.0546 0.0398, 0.0463 0.0489 0.0398, 0.0517 0.044 0.0398, 0.0578 0.04 0.0398, 0.0644 0.0371 0.0398, 0.0715 0.0353 0.0398, 0.0787 0.0347 0.0398, 0.086 0.0353 0.0398, 0.093 0.0371 0.0398, 0.0997 0.04 0.0398, 0.1058 0.044 0.0398, 0.1112 0.0489 0.0398, 0.1156 0.0546 0.0398, 0.1191 0.061 0.0398, 0.1215 0.0679 0.0398, 0.1226 0.0751 0.0398, 0.1226 0.0824 0.0398, 0.1215 0.0896 0.0398, 0.1191 0.0964 0.0398, 0.1156 0.1028 0.0398, 0.1112 0.1086 0.0398, 0.1058 0.1135 0.0398, 0.0997 0.1175 0.0398, 0.093 0.1204 0.0398, 0.086 0.1222 0.0398, 0.0787 0.1228 0.0398, 0.0717 0.1209 0.0327, 0.0649 0.1192 0.0327, 0.0584 0.1163 0.0327, 0.0525 0.1125 0.0327, 0.0473 0.1077 0.0327, 0.043 0.1021 0.0327, 0.0396 0.0959 0.0327, 0.0373 0.0892 0.0327, 0.0361 0.0823 0.0327, 0.0361 0.0752 0.0327, 0.0373 0.0682 0.0327, 0.0396 0.0616 0.0327, 0.043 0.0554 0.0327, 0.0473 0.0498 0.0327, 0.0525 0.045 0.0327, 0.0584 0.0412 0.0327, 0.0649 0.0383 0.0327, 0.0717 0.0366 0.0327, 0.0787 0.036 0.0327, 0.0858 0.0366 0.0327, 0.0926 0.0383 0.0327, 0.0991 0.0412 0.0327, 0.105 0.045 0.0327, 0.1102 0.0498 0.0327, 0.1145 0.0554 0.0327, 0.1179 0.0616 0.0327, 0.1202 0.0682 0.0327, 0.1213 0.0752 0.0327, 0.1213 0.0823 0.0327, 0.1202 0.0892 0.0327, 0.1179 0.0959 0.0327, 0.1145 0.1021 0.0327, 0.1102 0.1077 0.0327, 0.105 0.1125 0.0327, 0.0991 0.1163 0.0327, 0.0926 0.1192 0.0327, 0.0858 0.1209 0.0327, 0.0787 0.1215 0.0327, 0.0721 0.1185 0.0259, 0.0657 0.1168 0.0259, 0.0596 0.1142 0.0259, 0.054 0.1105 0.0259, 0.0491 0.106 0.0259, 0.045 0.1008 0.0259, 0.0418 0.0949 0.0259, 0.0397 0.0886 0.0259, 0.0386 0.0821 0.0259, 0.0386 0.0754 0.0259, 0.0397 0.0689 0.0259, 0.0418 0.0626 0.0259, 0.045 0.0567 0.0259, 0.0491 0.0515 0.0259, 0.054 0.0469 0.0259, 0.0596 0.0433 0.0259, 0.0657 0.0406 0.0259, 0.0721 0.039 0.0259, 0.0787 0.0385 0.0259, 0.0854 0.039 0.0259, 0.0918 0.0406 0.0259, 0.0979 0.0433 0.0259, 0.1035 0.0469 0.0259, 0.1084 0.0515 0.0259, 0.1125 0.0567 0.0259, 0.1156 0.0626 0.0259, 0.1178 0.0689 0.0259, 0.1189 0.0754 0.0259, 0.1189 0.0821 0.0259, 0.1178 0.0886 0.0259, 0.1156 0.0949 0.0259, 0.1125 0.1008 0.0259, 0.1084 0.106 0.0259, 0.1035 0.1105 0.0259, 0.0979 0.1142 0.0259, 0.0918 0.1168 0.0259, 0.0854 0.1185 0.0259, 0.0787 0.119 0.0259, 0.0727 0.115 0.0196, 0.0668 0.1135 0.0196, 0.0612 0.1111 0.0196, 0.0562 0.1077 0.0196, 0.0517 0.1036 0.0196, 0.048 0.0988 0.0196, 0.0451 0.0935 0.0196, 0.0431 0.0878 0.0196, 0.0421 0.0818 0.0196, 0.0421 0.0757 0.0196, 0.0431 0.0697 0.0196, 0.0451 0.064 0.0196, 0.048 0.0586 0.0196, 0.0517 0.0538 0.0196, 0.0562 0.0497 0.0196, 0.0612 0.0464 0.0196, 0.0668 0.044 0.0196, 0.0727 0.0425 0.0196, 0.0787 0.042 0.0196, 0.0848 0.0425 0.0196, 0.0907 0.044 0.0196, 0.0962 0.0464 0.0196, 0.1013 0.0497 0.0196, 0.1058 0.0538 0.0196, 0.1095 0.0586 0.0196, 0.1124 0.064 0.0196, 0.1144 0.0697 0.0196, 0.1154 0.0757 0.0196, 0.1154 0.0818 0.0196, 0.1144 0.0878 0.0196, 0.1124 0.0935 0.0196, 0.1095 0.0988 0.0196, 0.1058 0.1036 0.0196, 0.1013 0.1077 0.0196, 0.0962 0.1111 0.0196, 0.0907 0.1135 0.0196, 0.0848 0.115 0.0196, 0.0787 0.1155 0.0196, 0.0734 0.1106 0.0139, 0.0683 0.1093 0.0139, 0.0634 0.1071 0.0139, 0.0589 0.1042 0.0139, 0.055 0.1006 0.0139, 0.0517 0.0964 0.0139, 0.0492 0.0917 0.0139, 0.0475 0.0867 0.0139, 0.0466 0.0814 0.0139, 0.0466 0.0761 0.0139, 0.0475 0.0708 0.0139, 0.0492 0.0658 0.0139, 0.0517 0.0611 0.0139, 0.055 0.0569 0.0139, 0.0589 0.0533 0.0139, 0.0634 0.0504 0.0139, 0.0683 0.0482 0.0139, 0.0734 0.0469 0.0139, 0.0787 0.0465 0.0139, 0.084 0.0469 0.0139, 0.0892 0.0482 0.0139, 0.0941 0.0504 0.0139, 0.0986 0.0533 0.0139, 0.1025 0.0569 0.0139, 0.1057 0.0611 0.0139, 0.1083 0.0658 0.0139, 0.11 0.0708 0.0139, 0.1109 0.0761 0.0139, 0.1109 0.0814 0.0139, 0.11 0.0867 0.0139, 0.1083 0.0917 0.0139, 0.1057 0.0964 0.0139, 0.1025 0.1006 0.0139, 0.0986 0.1042 0.0139, 0.0941 0.1071 0.0139, 0.0892 0.1093 0.0139, 0.084 0.1106 0.0139, 0.0787 0.111 0.0139, 0.0743 0.1053 0.0091, 0.07 0.1042 0.0091, 0.0659 0.1024 0.0091, 0.0622 0.1 0.0091, 0.0589 0.097 0.0091, 0.0562 0.0935 0.0091, 0.0541 0.0895 0.0091, 0.0527 0.0853 0.0091, 0.0519 0.081 0.0091, 0.0519 0.0765 0.0091, 0.0527 0.0721 0.0091, 0.0541 0.0679 0.0091, 0.0562 0.064 0.0091, 0.0589 0.0605 0.0091, 0.0622 0.0575 0.0091, 0.0659 0.0551 0.0091, 0.07 0.0533 0.0091, 0.0743 0.0522 0.0091, 0.0787 0.0518 0.0091, 0.0832 0.0522 0.0091, 0.0875 0.0533 0.0091, 0.0915 0.0551 0.0091, 0.0953 0.0575 0.0091, 0.0985 0.0605 0.0091, 0.1013 0.064 0.0091, 0.1034 0.0679 0.0091, 0.1048 0.0721 0.0091, 0.1055 0.0765 0.0091, 0.1055 0.081 0.0091, 0.1048 0.0853 0.0091, 0.1034 0.0895 0.0091, 0.1013 0.0935 0.0091, 0.0985 0.097 0.0091, 0.0953 0.1 0.0091, 0.0915 0.1024 0.0091, 0.0875 0.1042 0.0091, 0.0832 0.1053 0.0091, 0.0787 0.1056 0.0091, 0.0753 0.0993 0.0052, 0.072 0.0984 0.0052, 0.0688 0.0971 0.0052, 0.0659 0.0952 0.0052, 0.0634 0.0928 0.0052, 0.0613 0.0901 0.0052, 0.0597 0.0871 0.0052, 0.0586 0.0839 0.0052, 0.058 0.0805 0.0052, 0.058 0.077 0.0052, 0.0586 0.0736 0.0052, 0.0597 0.0704 0.0052, 0.0613 0.0673 0.0052, 0.0634 0.0646 0.0052, 0.0659 0.0623 0.0052, 0.0688 0.0604 0.0052, 0.072 0.059 0.0052, 0.0753 0.0582 0.0052, 0.0787 0.0579 0.0052, 0.0822 0.0582 0.0052, 0.0855 0.059 0.0052, 0.0887 0.0604 0.0052, 0.0915 0.0623 0.0052, 0.0941 0.0646 0.0052, 0.0962 0.0673 0.0052, 0.0978 0.0704 0.0052, 0.0989 0.0736 0.0052, 0.0995 0.077 0.0052, 0.0995 0.0805 0.0052, 0.0989 0.0839 0.0052, 0.0978 0.0871 0.0052, 0.0962 0.0901 0.0052, 0.0941 0.0928 0.0052, 0.0915 0.0952 0.0052, 0.0887 0.0971 0.0052, 0.0855 0.0984 0.0052, 0.0822 0.0993 0.0052, 0.0787 0.0996 0.0052, 0.0764 0.0927 0.0023, 0.0741 0.0922 0.0023, 0.072 0.0912 0.0023, 0.07 0.0899 0.0023, 0.0683 0.0884 0.0023, 0.0669 0.0865 0.0023, 0.0657 0.0844 0.0023, 0.065 0.0822 0.0023, 0.0646 0.0799 0.0023, 0.0646 0.0776 0.0023, 0.065 0.0753 0.0023, 0.0657 0.073 0.0023, 0.0669 0.071 0.0023, 0.0683 0.0691 0.0023, 0.07 0.0675 0.0023, 0.072 0.0663 0.0023, 0.0741 0.0653 0.0023, 0.0764 0.0647 0.0023, 0.0787 0.0645 0.0023, 0.0811 0.0647 0.0023, 0.0834 0.0653 0.0023, 0.0855 0.0663 0.0023, 0.0875 0.0675 0.0023, 0.0892 0.0691 0.0023, 0.0906 0.071 0.0023, 0.0917 0.073 0.0023, 0.0925 0.0753 0.0023, 0.0929 0.0776 0.0023, 0.0929 0.0799 0.0023, 0.0925 0.0822 0.0023, 0.0917 0.0844 0.0023, 0.0906 0.0865 0.0023, 0.0892 0.0884 0.0023, 0.0875 0.0899 0.0023, 0.0855 0.0912 0.0023, 0.0834 0.0922 0.0023, 0.0811 0.0927 0.0023, 0.0787 0.0929 0.0023, 0.0764 -0.0719 0.0006, 0.0776 -0.0716 0.0006, 0.0787 -0.0787 0.0, 0.0753 -0.0724 0.0006, 0.0743 -0.0731 0.0006, 0.0734 -0.0739 0.0006, 0.0727 -0.0748 0.0006, 0.0722 -0.0758 0.0006, 0.0718 -0.077 0.0006, 0.0716 -0.0781 0.0006, 0.0716 -0.0793 0.0006, 0.0718 -0.0805 0.0006, 0.0722 -0.0816 0.0006, 0.0727 -0.0827 0.0006, 0.0734 -0.0836 0.0006, 0.0743 -0.0844 0.0006, 0.0753 -0.0851 0.0006, 0.0764 -0.0855 0.0006, 0.0776 -0.0858 0.0006, 0.0787 -0.0859 0.0006, 0.0799 -0.0858 0.0006, 0.0811 -0.0855 0.0006, 0.0822 -0.0851 0.0006, 0.0832 -0.0844 0.0006, 0.084 -0.0836 0.0006, 0.0848 -0.0827 0.0006, 0.0853 -0.0816 0.0006, 0.0857 -0.0805 0.0006, 0.0859 -0.0793 0.0006, 0.0859 -0.0781 0.0006, 0.0857 -0.077 0.0006, 0.0853 -0.0758 0.0006, 0.0848 -0.0748 0.0006, 0.084 -0.0739 0.0006, 0.0832 -0.0731 0.0006, 0.0822 -0.0724 0.0006, 0.0811 -0.0719 0.0006, 0.0799 -0.0716 0.0006, 0.0787 -0.0715 0.0006, 0.0379 -0.0821 0.061, 0.0377 -0.0787 0.061, 0.0357 -0.0752 0.0541, 0.0357 -0.0823 0.0541, 0.0369 -0.0893 0.0541, 0.039 -0.0888 0.061, 0.0392 -0.0961 0.0541, 0.0412 -0.0952 0.061, 0.0426 -0.1024 0.0541, 0.0444 -0.1012 0.061, 0.047 -0.108 0.0541, 0.0486 -0.1065 0.061, 0.0522 -0.1128 0.0541, 0.0536 -0.1111 0.061, 0.0582 -0.1167 0.0541, 0.0592 -0.1148 0.061, 0.0647 -0.1196 0.0541, 0.0654 -0.1175 0.061, 0.0716 -0.1213 0.0541, 0.072 -0.1192 0.061, 0.0787 -0.1219 0.0541, 0.0787 -0.1197 0.061, 0.0858 -0.1213 0.0541, 0.0855 -0.1192 0.061, 0.0928 -0.1196 0.0541, 0.0921 -0.1175 0.061, 0.0993 -0.1167 0.0541, 0.0983 -0.1148 0.061, 0.1053 -0.1128 0.0541, 0.1039 -0.1111 0.061, 0.1105 -0.108 0.0541, 0.1089 -0.1065 0.061, 0.1149 -0.1024 0.0541, 0.1131 -0.1012 0.061, 0.1183 -0.0961 0.0541, 0.1163 -0.0952 0.061, 0.1206 -0.0893 0.0541, 0.1185 -0.0888 0.061, 0.1218 -0.0823 0.0541, 0.1196 -0.0821 0.061, 0.1218 -0.0752 0.0541, 0.1196 -0.0754 0.061, 0.1206 -0.0681 0.0541, 0.1185 -0.0687 0.061, 0.1183 -0.0614 0.0541, 0.1163 -0.0623 0.061, 0.1149 -0.0551 0.0541, 0.1131 -0.0563 0.061, 0.1105 -0.0495 0.0541, 0.1089 -0.051 0.061, 0.1053 -0.0447 0.0541, 0.1039 -0.0464 0.061, 0.0993 -0.0408 0.0541, 0.0983 -0.0427 0.061, 0.0928 -0.0379 0.0541, 0.0921 -0.04 0.061, 0.0858 -0.0361 0.0541, 0.0855 -0.0383 0.061, 0.0787 -0.0356 0.0541, 0.0787 -0.0377 0.061, 0.0716 -0.0361 0.0541, 0.072 -0.0383 0.061, 0.0647 -0.0379 0.0541, 0.0654 -0.04 0.061, 0.0582 -0.0408 0.0541, 0.0592 -0.0427 0.061, 0.0522 -0.0447 0.0541, 0.0536 -0.0464 0.061, 0.047 -0.0495 0.0541, 0.0486 -0.051 0.061, 0.0426 -0.0551 0.0541, 0.0444 -0.0563 0.061, 0.0392 -0.0614 0.0541, 0.0412 -0.0623 0.061, 0.0369 -0.0681 0.0541, 0.039 -0.0687 0.061, 0.0379 -0.0754 0.061, 0.0715 -0.0351 0.047, 0.0644 -0.0369 0.047, 0.0577 -0.0399 0.047, 0.0516 -0.0439 0.047, 0.0462 -0.0488 0.047, 0.0417 -0.0546 0.047, 0.0383 -0.061 0.047, 0.0359 -0.0679 0.047, 0.0347 -0.0751 0.047, 0.0347 -0.0824 0.047, 0.0359 -0.0896 0.047, 0.0383 -0.0965 0.047, 0.0417 -0.1029 0.047, 0.0462 -0.1087 0.047, 0.0516 -0.1136 0.047, 0.0577 -0.1176 0.047, 0.0644 -0.1206 0.047, 0.0715 -0.1223 0.047, 0.0787 -0.1229 0.047, 0.086 -0.1223 0.047, 0.0931 -0.1206 0.047, 0.0998 -0.1176 0.047, 0.1059 -0.1136 0.047, 0.1113 -0.1087 0.047, 0.1158 -0.1029 0.047, 0.1192 -0.0965 0.047, 0.1216 -0.0896 0.047, 0.1228 -0.0824 0.047, 0.1228 -0.0751 0.047, 0.1216 -0.0679 0.047, 0.1192 -0.061 0.047, 0.1158 -0.0546 0.047, 0.1113 -0.0488 0.047, 0.1059 -0.0439 0.047, 0.0998 -0.0399 0.047, 0.0931 -0.0369 0.047, 0.086 -0.0351 0.047, 0.0787 -0.0345 0.047, 0.0715 -0.0353 0.0398, 0.0644 -0.0371 0.0398, 0.0578 -0.04 0.0398, 0.0517 -0.044 0.0398, 0.0463 -0.0489 0.0398, 0.0419 -0.0546 0.0398, 0.0384 -0.061 0.0398, 0.036 -0.0679 0.0398, 0.0348 -0.0751 0.0398, 0.0348 -0.0824 0.0398, 0.036 -0.0896 0.0398, 0.0384 -0.0964 0.0398, 0.0419 -0.1028 0.0398, 0.0463 -0.1086 0.0398, 0.0517 -0.1135 0.0398, 0.0578 -0.1175 0.0398, 0.0644 -0.1204 0.0398, 0.0715 -0.1222 0.0398, 0.0787 -0.1228 0.0398, 0.086 -0.1222 0.0398, 0.093 -0.1204 0.0398, 0.0997 -0.1175 0.0398, 0.1058 -0.1135 0.0398, 0.1112 -0.1086 0.0398, 0.1156 -0.1028 0.0398, 0.1191 -0.0964 0.0398, 0.1215 -0.0896 0.0398, 0.1226 -0.0824 0.0398, 0.1226 -0.0751 0.0398, 0.1215 -0.0679 0.0398, 0.1191 -0.061 0.0398, 0.1156 -0.0546 0.0398, 0.1112 -0.0489 0.0398, 0.1058 -0.044 0.0398, 0.0997 -0.04 0.0398, 0.093 -0.0371 0.0398, 0.086 -0.0353 0.0398, 0.0787 -0.0347 0.0398, 0.0717 -0.0366 0.0327, 0.0649 -0.0383 0.0327, 0.0584 -0.0412 0.0327, 0.0525 -0.045 0.0327, 0.0473 -0.0498 0.0327, 0.043 -0.0554 0.0327, 0.0396 -0.0616 0.0327, 0.0373 -0.0682 0.0327, 0.0361 -0.0752 0.0327, 0.0361 -0.0823 0.0327, 0.0373 -0.0892 0.0327, 0.0396 -0.0959 0.0327, 0.043 -0.1021 0.0327, 0.0473 -0.1077 0.0327, 0.0525 -0.1125 0.0327, 0.0584 -0.1163 0.0327, 0.0649 -0.1192 0.0327, 0.0717 -0.1209 0.0327, 0.0787 -0.1215 0.0327, 0.0858 -0.1209 0.0327, 0.0926 -0.1192 0.0327, 0.0991 -0.1163 0.0327, 0.105 -0.1125 0.0327, 0.1102 -0.1077 0.0327, 0.1145 -0.1021 0.0327, 0.1179 -0.0959 0.0327, 0.1202 -0.0892 0.0327, 0.1213 -0.0823 0.0327, 0.1213 -0.0752 0.0327, 0.1202 -0.0682 0.0327, 0.1179 -0.0616 0.0327, 0.1145 -0.0554 0.0327, 0.1102 -0.0498 0.0327, 0.105 -0.045 0.0327, 0.0991 -0.0412 0.0327, 0.0926 -0.0383 0.0327, 0.0858 -0.0366 0.0327, 0.0787 -0.036 0.0327, 0.0721 -0.039 0.0259, 0.0657 -0.0406 0.0259, 0.0596 -0.0433 0.0259, 0.054 -0.0469 0.0259, 0.0491 -0.0515 0.0259, 0.045 -0.0567 0.0259, 0.0418 -0.0626 0.0259, 0.0397 -0.0689 0.0259, 0.0386 -0.0754 0.0259, 0.0386 -0.0821 0.0259, 0.0397 -0.0886 0.0259, 0.0418 -0.0949 0.0259, 0.045 -0.1008 0.0259, 0.0491 -0.106 0.0259, 0.054 -0.1105 0.0259, 0.0596 -0.1142 0.0259, 0.0657 -0.1168 0.0259, 0.0721 -0.1185 0.0259, 0.0787 -0.119 0.0259, 0.0854 -0.1185 0.0259, 0.0918 -0.1168 0.0259, 0.0979 -0.1142 0.0259, 0.1035 -0.1105 0.0259, 0.1084 -0.106 0.0259, 0.1125 -0.1008 0.0259, 0.1156 -0.0949 0.0259, 0.1178 -0.0886 0.0259, 0.1189 -0.0821 0.0259, 0.1189 -0.0754 0.0259, 0.1178 -0.0689 0.0259, 0.1156 -0.0626 0.0259, 0.1125 -0.0567 0.0259, 0.1084 -0.0515 0.0259, 0.1035 -0.0469 0.0259, 0.0979 -0.0433 0.0259, 0.0918 -0.0406 0.0259, 0.0854 -0.039 0.0259, 0.0787 -0.0385 0.0259, 0.0727 -0.0425 0.0196, 0.0668 -0.044 0.0196, 0.0612 -0.0464 0.0196, 0.0562 -0.0497 0.0196, 0.0517 -0.0538 0.0196, 0.048 -0.0586 0.0196, 0.0451 -0.064 0.0196, 0.0431 -0.0697 0.0196, 0.0421 -0.0757 0.0196, 0.0421 -0.0818 0.0196, 0.0431 -0.0878 0.0196, 0.0451 -0.0935 0.0196, 0.048 -0.0988 0.0196, 0.0517 -0.1036 0.0196, 0.0562 -0.1077 0.0196, 0.0612 -0.1111 0.0196, 0.0668 -0.1135 0.0196, 0.0727 -0.115 0.0196, 0.0787 -0.1155 0.0196, 0.0848 -0.115 0.0196, 0.0907 -0.1135 0.0196, 0.0962 -0.1111 0.0196, 0.1013 -0.1077 0.0196, 0.1058 -0.1036 0.0196, 0.1095 -0.0988 0.0196, 0.1124 -0.0935 0.0196, 0.1144 -0.0878 0.0196, 0.1154 -0.0818 0.0196, 0.1154 -0.0757 0.0196, 0.1144 -0.0697 0.0196, 0.1124 -0.064 0.0196, 0.1095 -0.0586 0.0196, 0.1058 -0.0538 0.0196, 0.1013 -0.0497 0.0196, 0.0962 -0.0464 0.0196, 0.0907 -0.044 0.0196, 0.0848 -0.0425 0.0196, 0.0787 -0.042 0.0196, 0.0734 -0.0469 0.0139, 0.0683 -0.0482 0.0139, 0.0634 -0.0504 0.0139, 0.0589 -0.0533 0.0139, 0.055 -0.0569 0.0139, 0.0517 -0.0611 0.0139, 0.0492 -0.0658 0.0139, 0.0475 -0.0708 0.0139, 0.0466 -0.0761 0.0139, 0.0466 -0.0814 0.0139, 0.0475 -0.0867 0.0139, 0.0492 -0.0917 0.0139, 0.0517 -0.0964 0.0139, 0.055 -0.1006 0.0139, 0.0589 -0.1042 0.0139, 0.0634 -0.1071 0.0139, 0.0683 -0.1093 0.0139, 0.0734 -0.1106 0.0139, 0.0787 -0.111 0.0139, 0.084 -0.1106 0.0139, 0.0892 -0.1093 0.0139, 0.0941 -0.1071 0.0139, 0.0986 -0.1042 0.0139, 0.1025 -0.1006 0.0139, 0.1057 -0.0964 0.0139, 0.1083 -0.0917 0.0139, 0.11 -0.0867 0.0139, 0.1109 -0.0814 0.0139, 0.1109 -0.0761 0.0139, 0.11 -0.0708 0.0139, 0.1083 -0.0658 0.0139, 0.1057 -0.0611 0.0139, 0.1025 -0.0569 0.0139, 0.0986 -0.0533 0.0139, 0.0941 -0.0504 0.0139, 0.0892 -0.0482 0.0139, 0.084 -0.0469 0.0139, 0.0787 -0.0465 0.0139, 0.0743 -0.0522 0.0091, 0.07 -0.0533 0.0091, 0.0659 -0.0551 0.0091, 0.0622 -0.0575 0.0091, 0.0589 -0.0605 0.0091, 0.0562 -0.064 0.0091, 0.0541 -0.0679 0.0091, 0.0527 -0.0721 0.0091, 0.0519 -0.0765 0.0091, 0.0519 -0.081 0.0091, 0.0527 -0.0853 0.0091, 0.0541 -0.0895 0.0091, 0.0562 -0.0935 0.0091, 0.0589 -0.097 0.0091, 0.0622 -0.1 0.0091, 0.0659 -0.1024 0.0091, 0.07 -0.1042 0.0091, 0.0743 -0.1053 0.0091, 0.0787 -0.1056 0.0091, 0.0832 -0.1053 0.0091, 0.0875 -0.1042 0.0091, 0.0915 -0.1024 0.0091, 0.0953 -0.1 0.0091, 0.0985 -0.097 0.0091, 0.1013 -0.0935 0.0091, 0.1034 -0.0895 0.0091, 0.1048 -0.0853 0.0091, 0.1055 -0.081 0.0091, 0.1055 -0.0765 0.0091, 0.1048 -0.0721 0.0091, 0.1034 -0.0679 0.0091, 0.1013 -0.064 0.0091, 0.0985 -0.0605 0.0091, 0.0953 -0.0575 0.0091, 0.0915 -0.0551 0.0091, 0.0875 -0.0533 0.0091, 0.0832 -0.0522 0.0091, 0.0787 -0.0518 0.0091, 0.0753 -0.0582 0.0052, 0.072 -0.059 0.0052, 0.0688 -0.0604 0.0052, 0.0659 -0.0623 0.0052, 0.0634 -0.0646 0.0052, 0.0613 -0.0673 0.0052, 0.0597 -0.0704 0.0052, 0.0586 -0.0736 0.0052, 0.058 -0.077 0.0052, 0.058 -0.0805 0.0052, 0.0586 -0.0839 0.0052, 0.0597 -0.0871 0.0052, 0.0613 -0.0901 0.0052, 0.0634 -0.0928 0.0052, 0.0659 -0.0952 0.0052, 0.0688 -0.0971 0.0052, 0.072 -0.0984 0.0052, 0.0753 -0.0993 0.0052, 0.0787 -0.0996 0.0052, 0.0822 -0.0993 0.0052, 0.0855 -0.0984 0.0052, 0.0887 -0.0971 0.0052, 0.0915 -0.0952 0.0052, 0.0941 -0.0928 0.0052, 0.0962 -0.0901 0.0052, 0.0978 -0.0871 0.0052, 0.0989 -0.0839 0.0052, 0.0995 -0.0805 0.0052, 0.0995 -0.077 0.0052, 0.0989 -0.0736 0.0052, 0.0978 -0.0704 0.0052, 0.0962 -0.0673 0.0052, 0.0941 -0.0646 0.0052, 0.0915 -0.0623 0.0052, 0.0887 -0.0604 0.0052, 0.0855 -0.059 0.0052, 0.0822 -0.0582 0.0052, 0.0787 -0.0579 0.0052, 0.0764 -0.0647 0.0023, 0.0741 -0.0653 0.0023, 0.072 -0.0663 0.0023, 0.07 -0.0675 0.0023, 0.0683 -0.0691 0.0023, 0.0669 -0.071 0.0023, 0.0657 -0.073 0.0023, 0.065 -0.0753 0.0023, 0.0646 -0.0776 0.0023, 0.0646 -0.0799 0.0023, 0.065 -0.0822 0.0023, 0.0657 -0.0844 0.0023, 0.0669 -0.0865 0.0023, 0.0683 -0.0884 0.0023, 0.07 -0.0899 0.0023, 0.072 -0.0912 0.0023, 0.0741 -0.0922 0.0023, 0.0764 -0.0927 0.0023, 0.0787 -0.0929 0.0023, 0.0811 -0.0927 0.0023, 0.0834 -0.0922 0.0023, 0.0855 -0.0912 0.0023, 0.0875 -0.0899 0.0023, 0.0892 -0.0884 0.0023, 0.0906 -0.0865 0.0023, 0.0917 -0.0844 0.0023, 0.0925 -0.0822 0.0023, 0.0929 -0.0799 0.0023, 0.0929 -0.0776 0.0023, 0.0925 -0.0753 0.0023, 0.0917 -0.073 0.0023, 0.0906 -0.071 0.0023, 0.0892 -0.0691 0.0023, 0.0875 -0.0675 0.0023, 0.0855 -0.0663 0.0023, 0.0834 -0.0653 0.0023, 0.0811 -0.0647 0.0023, 0.0787 -0.0645 0.0023, -0.0811 0.0855 0.0006, -0.0799 0.0858 0.0006, -0.0787 0.0787 0.0, -0.0822 0.0851 0.0006, -0.0832 0.0844 0.0006, -0.084 0.0836 0.0006, -0.0848 0.0827 0.0006, -0.0853 0.0816 0.0006, -0.0857 0.0805 0.0006, -0.0859 0.0793 0.0006, -0.0859 0.0781 0.0006, -0.0857 0.077 0.0006, -0.0853 0.0758 0.0006, -0.0848 0.0748 0.0006, -0.084 0.0739 0.0006, -0.0832 0.0731 0.0006, -0.0822 0.0724 0.0006, -0.0811 0.0719 0.0006, -0.0799 0.0716 0.0006, -0.0787 0.0715 0.0006, -0.0776 0.0716 0.0006, -0.0764 0.0719 0.0006, -0.0753 0.0724 0.0006, -0.0743 0.0731 0.0006, -0.0734 0.0739 0.0006, -0.0727 0.0748 0.0006, -0.0722 0.0758 0.0006, -0.0718 0.077 0.0006, -0.0716 0.0781 0.0006, -0.0716 0.0793 0.0006, -0.0718 0.0805 0.0006, -0.0722 0.0816 0.0006, -0.0727 0.0827 0.0006, -0.0734 0.0836 0.0006, -0.0743 0.0844 0.0006, -0.0753 0.0851 0.0006, -0.0764 0.0855 0.0006, -0.0776 0.0858 0.0006, -0.0787 0.0859 0.0006, -0.1196 0.0754 0.061, -0.1197 0.0787 0.061, -0.1218 0.0823 0.0541, -0.1218 0.0752 0.0541, -0.1206 0.0681 0.0541, -0.1185 0.0687 0.061, -0.1183 0.0614 0.0541, -0.1163 0.0623 0.061, -0.1149 0.0551 0.0541, -0.1131 0.0563 0.061, -0.1105 0.0495 0.0541, -0.1089 0.051 0.061, -0.1053 0.0447 0.0541, -0.1039 0.0464 0.061, -0.0993 0.0408 0.0541, -0.0983 0.0427 0.061, -0.0928 0.0379 0.0541, -0.0921 0.04 0.061, -0.0858 0.0361 0.0541, -0.0855 0.0383 0.061, -0.0787 0.0356 0.0541, -0.0787 0.0377 0.061, -0.0716 0.0361 0.0541, -0.072 0.0383 0.061, -0.0647 0.0379 0.0541, -0.0654 0.04 0.061, -0.0582 0.0408 0.0541, -0.0592 0.0427 0.061, -0.0522 0.0447 0.0541, -0.0536 0.0464 0.061, -0.047 0.0495 0.0541, -0.0486 0.051 0.061, -0.0426 0.0551 0.0541, -0.0444 0.0563 0.061, -0.0392 0.0614 0.0541, -0.0412 0.0623 0.061, -0.0369 0.0681 0.0541, -0.039 0.0687 0.061, -0.0357 0.0752 0.0541, -0.0379 0.0754 0.061, -0.0357 0.0823 0.0541, -0.0379 0.0821 0.061, -0.0369 0.0893 0.0541, -0.039 0.0888 0.061, -0.0392 0.0961 0.0541, -0.0412 0.0952 0.061, -0.0426 0.1024 0.0541, -0.0444 0.1012 0.061, -0.047 0.108 0.0541, -0.0486 0.1065 0.061, -0.0522 0.1128 0.0541, -0.0536 0.1111 0.061, -0.0582 0.1167 0.0541, -0.0592 0.1148 0.061, -0.0647 0.1196 0.0541, -0.0654 0.1175 0.061, -0.0716 0.1213 0.0541, -0.072 0.1192 0.061, -0.0787 0.1219 0.0541, -0.0787 0.1197 0.061, -0.0858 0.1213 0.0541, -0.0855 0.1192 0.061, -0.0928 0.1196 0.0541, -0.0921 0.1175 0.061, -0.0993 0.1167 0.0541, -0.0983 0.1148 0.061, -0.1053 0.1128 0.0541, -0.1039 0.1111 0.061, -0.1105 0.108 0.0541, -0.1089 0.1065 0.061, -0.1149 0.1024 0.0541, -0.1131 0.1012 0.061, -0.1183 0.0961 0.0541, -0.1163 0.0952 0.061, -0.1206 0.0893 0.0541, -0.1185 0.0888 0.061, -0.1196 0.0821 0.061, -0.086 0.1223 0.047, -0.0931 0.1206 0.047, -0.0998 0.1176 0.047, -0.1059 0.1136 0.047, -0.1113 0.1087 0.047, -0.1158 0.1029 0.047, -0.1192 0.0965 0.047, -0.1216 0.0896 0.047, -0.1228 0.0824 0.047, -0.1228 0.0751 0.047, -0.1216 0.0679 0.047, -0.1192 0.061 0.047, -0.1158 0.0546 0.047, -0.1113 0.0488 0.047, -0.1059 0.0439 0.047, -0.0998 0.0399 0.047, -0.0931 0.0369 0.047, -0.086 0.0351 0.047, -0.0787 0.0345 0.047, -0.0715 0.0351 0.047, -0.0644 0.0369 0.047, -0.0577 0.0399 0.047, -0.0516 0.0439 0.047, -0.0462 0.0488 0.047, -0.0417 0.0546 0.047, -0.0383 0.061 0.047, -0.0359 0.0679 0.047, -0.0347 0.0751 0.047, -0.0347 0.0824 0.047, -0.0359 0.0896 0.047, -0.0383 0.0965 0.047, -0.0417 0.1029 0.047, -0.0462 0.1087 0.047, -0.0516 0.1136 0.047, -0.0577 0.1176 0.047, -0.0644 0.1206 0.047, -0.0715 0.1223 0.047, -0.0787 0.1229 0.047, -0.086 0.1222 0.0398, -0.093 0.1204 0.0398, -0.0997 0.1175 0.0398, -0.1058 0.1135 0.0398, -0.1112 0.1086 0.0398, -0.1156 0.1028 0.0398, -0.1191 0.0964 0.0398, -0.1215 0.0896 0.0398, -0.1226 0.0824 0.0398, -0.1226 0.0751 0.0398, -0.1215 0.0679 0.0398, -0.1191 0.061 0.0398, -0.1156 0.0546 0.0398, -0.1112 0.0489 0.0398, -0.1058 0.044 0.0398, -0.0997 0.04 0.0398, -0.093 0.0371 0.0398, -0.086 0.0353 0.0398, -0.0787 0.0347 0.0398, -0.0715 0.0353 0.0398, -0.0644 0.0371 0.0398, -0.0578 0.04 0.0398, -0.0517 0.044 0.0398, -0.0463 0.0489 0.0398, -0.0419 0.0546 0.0398, -0.0384 0.061 0.0398, -0.036 0.0679 0.0398, -0.0348 0.0751 0.0398, -0.0348 0.0824 0.0398, -0.036 0.0896 0.0398, -0.0384 0.0964 0.0398, -0.0419 0.1028 0.0398, -0.0463 0.1086 0.0398, -0.0517 0.1135 0.0398, -0.0578 0.1175 0.0398, -0.0644 0.1204 0.0398, -0.0715 0.1222 0.0398, -0.0787 0.1228 0.0398, -0.0858 0.1209 0.0327, -0.0926 0.1192 0.0327, -0.0991 0.1163 0.0327, -0.105 0.1125 0.0327, -0.1102 0.1077 0.0327, -0.1145 0.1021 0.0327, -0.1179 0.0959 0.0327, -0.1202 0.0892 0.0327, -0.1213 0.0823 0.0327, -0.1213 0.0752 0.0327, -0.1202 0.0682 0.0327, -0.1179 0.0616 0.0327, -0.1145 0.0554 0.0327, -0.1102 0.0498 0.0327, -0.105 0.045 0.0327, -0.0991 0.0412 0.0327, -0.0926 0.0383 0.0327, -0.0858 0.0366 0.0327, -0.0787 0.036 0.0327, -0.0717 0.0366 0.0327, -0.0649 0.0383 0.0327, -0.0584 0.0412 0.0327, -0.0525 0.045 0.0327, -0.0473 0.0498 0.0327, -0.043 0.0554 0.0327, -0.0396 0.0616 0.0327, -0.0373 0.0682 0.0327, -0.0361 0.0752 0.0327, -0.0361 0.0823 0.0327, -0.0373 0.0892 0.0327, -0.0396 0.0959 0.0327, -0.043 0.1021 0.0327, -0.0473 0.1077 0.0327, -0.0525 0.1125 0.0327, -0.0584 0.1163 0.0327, -0.0649 0.1192 0.0327, -0.0717 0.1209 0.0327, -0.0787 0.1215 0.0327, -0.0854 0.1185 0.0259, -0.0918 0.1168 0.0259, -0.0979 0.1142 0.0259, -0.1035 0.1105 0.0259, -0.1084 0.106 0.0259, -0.1125 0.1008 0.0259, -0.1156 0.0949 0.0259, -0.1178 0.0886 0.0259, -0.1189 0.0821 0.0259, -0.1189 0.0754 0.0259, -0.1178 0.0689 0.0259, -0.1156 0.0626 0.0259, -0.1125 0.0567 0.0259, -0.1084 0.0515 0.0259, -0.1035 0.0469 0.0259, -0.0979 0.0433 0.0259, -0.0918 0.0406 0.0259, -0.0854 0.039 0.0259, -0.0787 0.0385 0.0259, -0.0721 0.039 0.0259, -0.0657 0.0406 0.0259, -0.0596 0.0433 0.0259, -0.054 0.0469 0.0259, -0.0491 0.0515 0.0259, -0.045 0.0567 0.0259, -0.0418 0.0626 0.0259, -0.0397 0.0689 0.0259, -0.0386 0.0754 0.0259, -0.0386 0.0821 0.0259, -0.0397 0.0886 0.0259, -0.0418 0.0949 0.0259, -0.045 0.1008 0.0259, -0.0491 0.106 0.0259, -0.054 0.1105 0.0259, -0.0596 0.1142 0.0259, -0.0657 0.1168 0.0259, -0.0721 0.1185 0.0259, -0.0787 0.119 0.0259, -0.0848 0.115 0.0196, -0.0907 0.1135 0.0196, -0.0962 0.1111 0.0196, -0.1013 0.1077 0.0196, -0.1058 0.1036 0.0196, -0.1095 0.0988 0.0196, -0.1124 0.0935 0.0196, -0.1144 0.0878 0.0196, -0.1154 0.0818 0.0196, -0.1154 0.0757 0.0196, -0.1144 0.0697 0.0196, -0.1124 0.064 0.0196, -0.1095 0.0586 0.0196, -0.1058 0.0538 0.0196, -0.1013 0.0497 0.0196, -0.0962 0.0464 0.0196, -0.0907 0.044 0.0196, -0.0848 0.0425 0.0196, -0.0787 0.042 0.0196, -0.0727 0.0425 0.0196, -0.0668 0.044 0.0196, -0.0612 0.0464 0.0196, -0.0562 0.0497 0.0196, -0.0517 0.0538 0.0196, -0.048 0.0586 0.0196, -0.0451 0.064 0.0196, -0.0431 0.0697 0.0196, -0.0421 0.0757 0.0196, -0.0421 0.0818 0.0196, -0.0431 0.0878 0.0196, -0.0451 0.0935 0.0196, -0.048 0.0988 0.0196, -0.0517 0.1036 0.0196, -0.0562 0.1077 0.0196, -0.0612 0.1111 0.0196, -0.0668 0.1135 0.0196, -0.0727 0.115 0.0196, -0.0787 0.1155 0.0196, -0.084 0.1106 0.0139, -0.0892 0.1093 0.0139, -0.0941 0.1071 0.0139, -0.0986 0.1042 0.0139, -0.1025 0.1006 0.0139, -0.1057 0.0964 0.0139, -0.1083 0.0917 0.0139, -0.11 0.0867 0.0139, -0.1109 0.0814 0.0139, -0.1109 0.0761 0.0139, -0.11 0.0708 0.0139, -0.1083 0.0658 0.0139, -0.1057 0.0611 0.0139, -0.1025 0.0569 0.0139, -0.0986 0.0533 0.0139, -0.0941 0.0504 0.0139, -0.0892 0.0482 0.0139, -0.084 0.0469 0.0139, -0.0787 0.0465 0.0139, -0.0734 0.0469 0.0139, -0.0683 0.0482 0.0139, -0.0634 0.0504 0.0139, -0.0589 0.0533 0.0139, -0.055 0.0569 0.0139, -0.0517 0.0611 0.0139, -0.0492 0.0658 0.0139, -0.0475 0.0708 0.0139, -0.0466 0.0761 0.0139, -0.0466 0.0814 0.0139, -0.0475 0.0867 0.0139, -0.0492 0.0917 0.0139, -0.0517 0.0964 0.0139, -0.055 0.1006 0.0139, -0.0589 0.1042 0.0139, -0.0634 0.1071 0.0139, -0.0683 0.1093 0.0139, -0.0734 0.1106 0.0139, -0.0787 0.111 0.0139, -0.0832 0.1053 0.0091, -0.0875 0.1042 0.0091, -0.0915 0.1024 0.0091, -0.0953 0.1 0.0091, -0.0985 0.097 0.0091, -0.1013 0.0935 0.0091, -0.1034 0.0895 0.0091, -0.1048 0.0853 0.0091, -0.1055 0.081 0.0091, -0.1055 0.0765 0.0091, -0.1048 0.0721 0.0091, -0.1034 0.0679 0.0091, -0.1013 0.064 0.0091, -0.0985 0.0605 0.0091, -0.0953 0.0575 0.0091, -0.0915 0.0551 0.0091, -0.0875 0.0533 0.0091, -0.0832 0.0522 0.0091, -0.0787 0.0518 0.0091, -0.0743 0.0522 0.0091, -0.07 0.0533 0.0091, -0.0659 0.0551 0.0091, -0.0622 0.0575 0.0091, -0.0589 0.0605 0.0091, -0.0562 0.064 0.0091, -0.0541 0.0679 0.0091, -0.0527 0.0721 0.0091, -0.0519 0.0765 0.0091, -0.0519 0.081 0.0091, -0.0527 0.0853 0.0091, -0.0541 0.0895 0.0091, -0.0562 0.0935 0.0091, -0.0589 0.097 0.0091, -0.0622 0.1 0.0091, -0.0659 0.1024 0.0091, -0.07 0.1042 0.0091, -0.0743 0.1053 0.0091, -0.0787 0.1056 0.0091, -0.0822 0.0993 0.0052, -0.0855 0.0984 0.0052, -0.0887 0.0971 0.0052, -0.0915 0.0952 0.0052, -0.0941 0.0928 0.0052, -0.0962 0.0901 0.0052, -0.0978 0.0871 0.0052, -0.0989 0.0839 0.0052, -0.0995 0.0805 0.0052, -0.0995 0.077 0.0052, -0.0989 0.0736 0.0052, -0.0978 0.0704 0.0052, -0.0962 0.0673 0.0052, -0.0941 0.0646 0.0052, -0.0915 0.0623 0.0052, -0.0887 0.0604 0.0052, -0.0855 0.059 0.0052, -0.0822 0.0582 0.0052, -0.0787 0.0579 0.0052, -0.0753 0.0582 0.0052, -0.072 0.059 0.0052, -0.0688 0.0604 0.0052, -0.0659 0.0623 0.0052, -0.0634 0.0646 0.0052, -0.0613 0.0673 0.0052, -0.0597 0.0704 0.0052, -0.0586 0.0736 0.0052, -0.058 0.077 0.0052, -0.058 0.0805 0.0052, -0.0586 0.0839 0.0052, -0.0597 0.0871 0.0052, -0.0613 0.0901 0.0052, -0.0634 0.0928 0.0052, -0.0659 0.0952 0.0052, -0.0688 0.0971 0.0052, -0.072 0.0984 0.0052, -0.0753 0.0993 0.0052, -0.0787 0.0996 0.0052, -0.0811 0.0927 0.0023, -0.0834 0.0922 0.0023, -0.0855 0.0912 0.0023, -0.0875 0.0899 0.0023, -0.0892 0.0884 0.0023, -0.0906 0.0865 0.0023, -0.0917 0.0844 0.0023, -0.0925 0.0822 0.0023, -0.0929 0.0799 0.0023, -0.0929 0.0776 0.0023, -0.0925 0.0753 0.0023, -0.0917 0.073 0.0023, -0.0906 0.071 0.0023, -0.0892 0.0691 0.0023, -0.0875 0.0675 0.0023, -0.0855 0.0663 0.0023, -0.0834 0.0653 0.0023, -0.0811 0.0647 0.0023, -0.0787 0.0645 0.0023, -0.0764 0.0647 0.0023, -0.0741 0.0653 0.0023, -0.072 0.0663 0.0023, -0.07 0.0675 0.0023, -0.0683 0.0691 0.0023, -0.0669 0.071 0.0023, -0.0657 0.073 0.0023, -0.065 0.0753 0.0023, -0.0646 0.0776 0.0023, -0.0646 0.0799 0.0023, -0.065 0.0822 0.0023, -0.0657 0.0844 0.0023, -0.0669 0.0865 0.0023, -0.0683 0.0884 0.0023, -0.07 0.0899 0.0023, -0.072 0.0912 0.0023, -0.0741 0.0922 0.0023, -0.0764 0.0927 0.0023, -0.0787 0.0929 0.0023, -0.0811 -0.0719 0.0006, -0.0799 -0.0716 0.0006, -0.0787 -0.0787 0.0, -0.0822 -0.0724 0.0006, -0.0832 -0.0731 0.0006, -0.084 -0.0739 0.0006, -0.0848 -0.0748 0.0006, -0.0853 -0.0758 0.0006, -0.0857 -0.077 0.0006, -0.0859 -0.0781 0.0006, -0.0859 -0.0793 0.0006, -0.0857 -0.0805 0.0006, -0.0853 -0.0816 0.0006, -0.0848 -0.0827 0.0006, -0.084 -0.0836 0.0006, -0.0832 -0.0844 0.0006, -0.0822 -0.0851 0.0006, -0.0811 -0.0855 0.0006, -0.0799 -0.0858 0.0006, -0.0787 -0.0859 0.0006, -0.0776 -0.0858 0.0006, -0.0764 -0.0855 0.0006, -0.0753 -0.0851 0.0006, -0.0743 -0.0844 0.0006, -0.0734 -0.0836 0.0006, -0.0727 -0.0827 0.0006, -0.0722 -0.0816 0.0006, -0.0718 -0.0805 0.0006, -0.0716 -0.0793 0.0006, -0.0716 -0.0781 0.0006, -0.0718 -0.077 0.0006, -0.0722 -0.0758 0.0006, -0.0727 -0.0748 0.0006, -0.0734 -0.0739 0.0006, -0.0743 -0.0731 0.0006, -0.0753 -0.0724 0.0006, -0.0764 -0.0719 0.0006, -0.0776 -0.0716 0.0006, -0.0787 -0.0715 0.0006, -0.1196 -0.0821 0.061, -0.1197 -0.0787 0.061, -0.1218 -0.0752 0.0541, -0.1218 -0.0823 0.0541, -0.1206 -0.0893 0.0541, -0.1185 -0.0888 0.061, -0.1183 -0.0961 0.0541, -0.1163 -0.0952 0.061, -0.1149 -0.1024 0.0541, -0.1131 -0.1012 0.061, -0.1105 -0.108 0.0541, -0.1089 -0.1065 0.061, -0.1053 -0.1128 0.0541, -0.1039 -0.1111 0.061, -0.0993 -0.1167 0.0541, -0.0983 -0.1148 0.061, -0.0928 -0.1196 0.0541, -0.0921 -0.1175 0.061, -0.0858 -0.1213 0.0541, -0.0855 -0.1192 0.061, -0.0787 -0.1219 0.0541, -0.0787 -0.1197 0.061, -0.0716 -0.1213 0.0541, -0.072 -0.1192 0.061, -0.0647 -0.1196 0.0541, -0.0654 -0.1175 0.061, -0.0582 -0.1167 0.0541, -0.0592 -0.1148 0.061, -0.0522 -0.1128 0.0541, -0.0536 -0.1111 0.061, -0.047 -0.108 0.0541, -0.0486 -0.1065 0.061, -0.0426 -0.1024 0.0541, -0.0444 -0.1012 0.061, -0.0392 -0.0961 0.0541, -0.0412 -0.0952 0.061, -0.0369 -0.0893 0.0541, -0.039 -0.0888 0.061, -0.0357 -0.0823 0.0541, -0.0379 -0.0821 0.061, -0.0357 -0.0752 0.0541, -0.0379 -0.0754 0.061, -0.0369 -0.0681 0.0541, -0.039 -0.0687 0.061, -0.0392 -0.0614 0.0541, -0.0412 -0.0623 0.061, -0.0426 -0.0551 0.0541, -0.0444 -0.0563 0.061, -0.047 -0.0495 0.0541, -0.0486 -0.051 0.061, -0.0522 -0.0447 0.0541, -0.0536 -0.0464 0.061, -0.0582 -0.0408 0.0541, -0.0592 -0.0427 0.061, -0.0647 -0.0379 0.0541, -0.0654 -0.04 0.061, -0.0716 -0.0361 0.0541, -0.072 -0.0383 0.061, -0.0787 -0.0356 0.0541, -0.0787 -0.0377 0.061, -0.0858 -0.0361 0.0541, -0.0855 -0.0383 0.061, -0.0928 -0.0379 0.0541, -0.0921 -0.04 0.061, -0.0993 -0.0408 0.0541, -0.0983 -0.0427 0.061, -0.1053 -0.0447 0.0541, -0.1039 -0.0464 0.061, -0.1105 -0.0495 0.0541, -0.1089 -0.051 0.061, -0.1149 -0.0551 0.0541, -0.1131 -0.0563 0.061, -0.1183 -0.0614 0.0541, -0.1163 -0.0623 0.061, -0.1206 -0.0681 0.0541, -0.1185 -0.0687 0.061, -0.1196 -0.0754 0.061, -0.086 -0.0351 0.047, -0.0931 -0.0369 0.047, -0.0998 -0.0399 0.047, -0.1059 -0.0439 0.047, -0.1113 -0.0488 0.047, -0.1158 -0.0546 0.047, -0.1192 -0.061 0.047, -0.1216 -0.0679 0.047, -0.1228 -0.0751 0.047, -0.1228 -0.0824 0.047, -0.1216 -0.0896 0.047, -0.1192 -0.0965 0.047, -0.1158 -0.1029 0.047, -0.1113 -0.1087 0.047, -0.1059 -0.1136 0.047, -0.0998 -0.1176 0.047, -0.0931 -0.1206 0.047, -0.086 -0.1223 0.047, -0.0787 -0.1229 0.047, -0.0715 -0.1223 0.047, -0.0644 -0.1206 0.047, -0.0577 -0.1176 0.047, -0.0516 -0.1136 0.047, -0.0462 -0.1087 0.047, -0.0417 -0.1029 0.047, -0.0383 -0.0965 0.047, -0.0359 -0.0896 0.047, -0.0347 -0.0824 0.047, -0.0347 -0.0751 0.047, -0.0359 -0.0679 0.047, -0.0383 -0.061 0.047, -0.0417 -0.0546 0.047, -0.0462 -0.0488 0.047, -0.0516 -0.0439 0.047, -0.0577 -0.0399 0.047, -0.0644 -0.0369 0.047, -0.0715 -0.0351 0.047, -0.0787 -0.0345 0.047, -0.086 -0.0353 0.0398, -0.093 -0.0371 0.0398, -0.0997 -0.04 0.0398, -0.1058 -0.044 0.0398, -0.1112 -0.0489 0.0398, -0.1156 -0.0546 0.0398, -0.1191 -0.061 0.0398, -0.1215 -0.0679 0.0398, -0.1226 -0.0751 0.0398, -0.1226 -0.0824 0.0398, -0.1215 -0.0896 0.0398, -0.1191 -0.0964 0.0398, -0.1156 -0.1028 0.0398, -0.1112 -0.1086 0.0398, -0.1058 -0.1135 0.0398, -0.0997 -0.1175 0.0398, -0.093 -0.1204 0.0398, -0.086 -0.1222 0.0398, -0.0787 -0.1228 0.0398, -0.0715 -0.1222 0.0398, -0.0644 -0.1204 0.0398, -0.0578 -0.1175 0.0398, -0.0517 -0.1135 0.0398, -0.0463 -0.1086 0.0398, -0.0419 -0.1028 0.0398, -0.0384 -0.0964 0.0398, -0.036 -0.0896 0.0398, -0.0348 -0.0824 0.0398, -0.0348 -0.0751 0.0398, -0.036 -0.0679 0.0398, -0.0384 -0.061 0.0398, -0.0419 -0.0546 0.0398, -0.0463 -0.0489 0.0398, -0.0517 -0.044 0.0398, -0.0578 -0.04 0.0398, -0.0644 -0.0371 0.0398, -0.0715 -0.0353 0.0398, -0.0787 -0.0347 0.0398, -0.0858 -0.0366 0.0327, -0.0926 -0.0383 0.0327, -0.0991 -0.0412 0.0327, -0.105 -0.045 0.0327, -0.1102 -0.0498 0.0327, -0.1145 -0.0554 0.0327, -0.1179 -0.0616 0.0327, -0.1202 -0.0682 0.0327, -0.1213 -0.0752 0.0327, -0.1213 -0.0823 0.0327, -0.1202 -0.0892 0.0327, -0.1179 -0.0959 0.0327, -0.1145 -0.1021 0.0327, -0.1102 -0.1077 0.0327, -0.105 -0.1125 0.0327, -0.0991 -0.1163 0.0327, -0.0926 -0.1192 0.0327, -0.0858 -0.1209 0.0327, -0.0787 -0.1215 0.0327, -0.0717 -0.1209 0.0327, -0.0649 -0.1192 0.0327, -0.0584 -0.1163 0.0327, -0.0525 -0.1125 0.0327, -0.0473 -0.1077 0.0327, -0.043 -0.1021 0.0327, -0.0396 -0.0959 0.0327, -0.0373 -0.0892 0.0327, -0.0361 -0.0823 0.0327, -0.0361 -0.0752 0.0327, -0.0373 -0.0682 0.0327, -0.0396 -0.0616 0.0327, -0.043 -0.0554 0.0327, -0.0473 -0.0498 0.0327, -0.0525 -0.045 0.0327, -0.0584 -0.0412 0.0327, -0.0649 -0.0383 0.0327, -0.0717 -0.0366 0.0327, -0.0787 -0.036 0.0327, -0.0854 -0.039 0.0259, -0.0918 -0.0406 0.0259, -0.0979 -0.0433 0.0259, -0.1035 -0.0469 0.0259, -0.1084 -0.0515 0.0259, -0.1125 -0.0567 0.0259, -0.1156 -0.0626 0.0259, -0.1178 -0.0689 0.0259, -0.1189 -0.0754 0.0259, -0.1189 -0.0821 0.0259, -0.1178 -0.0886 0.0259, -0.1156 -0.0949 0.0259, -0.1125 -0.1008 0.0259, -0.1084 -0.106 0.0259, -0.1035 -0.1105 0.0259, -0.0979 -0.1142 0.0259, -0.0918 -0.1168 0.0259, -0.0854 -0.1185 0.0259, -0.0787 -0.119 0.0259, -0.0721 -0.1185 0.0259, -0.0657 -0.1168 0.0259, -0.0596 -0.1142 0.0259, -0.054 -0.1105 0.0259, -0.0491 -0.106 0.0259, -0.045 -0.1008 0.0259, -0.0418 -0.0949 0.0259, -0.0397 -0.0886 0.0259, -0.0386 -0.0821 0.0259, -0.0386 -0.0754 0.0259, -0.0397 -0.0689 0.0259, -0.0418 -0.0626 0.0259, -0.045 -0.0567 0.0259, -0.0491 -0.0515 0.0259, -0.054 -0.0469 0.0259, -0.0596 -0.0433 0.0259, -0.0657 -0.0406 0.0259, -0.0721 -0.039 0.0259, -0.0787 -0.0385 0.0259, -0.0848 -0.0425 0.0196, -0.0907 -0.044 0.0196, -0.0962 -0.0464 0.0196, -0.1013 -0.0497 0.0196, -0.1058 -0.0538 0.0196, -0.1095 -0.0586 0.0196, -0.1124 -0.064 0.0196, -0.1144 -0.0697 0.0196, -0.1154 -0.0757 0.0196, -0.1154 -0.0818 0.0196, -0.1144 -0.0878 0.0196, -0.1124 -0.0935 0.0196, -0.1095 -0.0988 0.0196, -0.1058 -0.1036 0.0196, -0.1013 -0.1077 0.0196, -0.0962 -0.1111 0.0196, -0.0907 -0.1135 0.0196, -0.0848 -0.115 0.0196, -0.0787 -0.1155 0.0196, -0.0727 -0.115 0.0196, -0.0668 -0.1135 0.0196, -0.0612 -0.1111 0.0196, -0.0562 -0.1077 0.0196, -0.0517 -0.1036 0.0196, -0.048 -0.0988 0.0196, -0.0451 -0.0935 0.0196, -0.0431 -0.0878 0.0196, -0.0421 -0.0818 0.0196, -0.0421 -0.0757 0.0196, -0.0431 -0.0697 0.0196, -0.0451 -0.064 0.0196, -0.048 -0.0586 0.0196, -0.0517 -0.0538 0.0196, -0.0562 -0.0497 0.0196, -0.0612 -0.0464 0.0196, -0.0668 -0.044 0.0196, -0.0727 -0.0425 0.0196, -0.0787 -0.042 0.0196, -0.084 -0.0469 0.0139, -0.0892 -0.0482 0.0139, -0.0941 -0.0504 0.0139, -0.0986 -0.0533 0.0139, -0.1025 -0.0569 0.0139, -0.1057 -0.0611 0.0139, -0.1083 -0.0658 0.0139, -0.11 -0.0708 0.0139, -0.1109 -0.0761 0.0139, -0.1109 -0.0814 0.0139, -0.11 -0.0867 0.0139, -0.1083 -0.0917 0.0139, -0.1057 -0.0964 0.0139, -0.1025 -0.1006 0.0139, -0.0986 -0.1042 0.0139, -0.0941 -0.1071 0.0139, -0.0892 -0.1093 0.0139, -0.084 -0.1106 0.0139, -0.0787 -0.111 0.0139, -0.0734 -0.1106 0.0139, -0.0683 -0.1093 0.0139, -0.0634 -0.1071 0.0139, -0.0589 -0.1042 0.0139, -0.055 -0.1006 0.0139, -0.0517 -0.0964 0.0139, -0.0492 -0.0917 0.0139, -0.0475 -0.0867 0.0139, -0.0466 -0.0814 0.0139, -0.0466 -0.0761 0.0139, -0.0475 -0.0708 0.0139, -0.0492 -0.0658 0.0139, -0.0517 -0.0611 0.0139, -0.055 -0.0569 0.0139, -0.0589 -0.0533 0.0139, -0.0634 -0.0504 0.0139, -0.0683 -0.0482 0.0139, -0.0734 -0.0469 0.0139, -0.0787 -0.0465 0.0139, -0.0832 -0.0522 0.0091, -0.0875 -0.0533 0.0091, -0.0915 -0.0551 0.0091, -0.0953 -0.0575 0.0091, -0.0985 -0.0605 0.0091, -0.1013 -0.064 0.0091, -0.1034 -0.0679 0.0091, -0.1048 -0.0721 0.0091, -0.1055 -0.0765 0.0091, -0.1055 -0.081 0.0091, -0.1048 -0.0853 0.0091, -0.1034 -0.0895 0.0091, -0.1013 -0.0935 0.0091, -0.0985 -0.097 0.0091, -0.0953 -0.1 0.0091, -0.0915 -0.1024 0.0091, -0.0875 -0.1042 0.0091, -0.0832 -0.1053 0.0091, -0.0787 -0.1056 0.0091, -0.0743 -0.1053 0.0091, -0.07 -0.1042 0.0091, -0.0659 -0.1024 0.0091, -0.0622 -0.1 0.0091, -0.0589 -0.097 0.0091, -0.0562 -0.0935 0.0091, -0.0541 -0.0895 0.0091, -0.0527 -0.0853 0.0091, -0.0519 -0.081 0.0091, -0.0519 -0.0765 0.0091, -0.0527 -0.0721 0.0091, -0.0541 -0.0679 0.0091, -0.0562 -0.064 0.0091, -0.0589 -0.0605 0.0091, -0.0622 -0.0575 0.0091, -0.0659 -0.0551 0.0091, -0.07 -0.0533 0.0091, -0.0743 -0.0522 0.0091, -0.0787 -0.0518 0.0091, -0.0822 -0.0582 0.0052, -0.0855 -0.059 0.0052, -0.0887 -0.0604 0.0052, -0.0915 -0.0623 0.0052, -0.0941 -0.0646 0.0052, -0.0962 -0.0673 0.0052, -0.0978 -0.0704 0.0052, -0.0989 -0.0736 0.0052, -0.0995 -0.077 0.0052, -0.0995 -0.0805 0.0052, -0.0989 -0.0839 0.0052, -0.0978 -0.0871 0.0052, -0.0962 -0.0901 0.0052, -0.0941 -0.0928 0.0052, -0.0915 -0.0952 0.0052, -0.0887 -0.0971 0.0052, -0.0855 -0.0984 0.0052, -0.0822 -0.0993 0.0052, -0.0787 -0.0996 0.0052, -0.0753 -0.0993 0.0052, -0.072 -0.0984 0.0052, -0.0688 -0.0971 0.0052, -0.0659 -0.0952 0.0052, -0.0634 -0.0928 0.0052, -0.0613 -0.0901 0.0052, -0.0597 -0.0871 0.0052, -0.0586 -0.0839 0.0052, -0.058 -0.0805 0.0052, -0.058 -0.077 0.0052, -0.0586 -0.0736 0.0052, -0.0597 -0.0704 0.0052, -0.0613 -0.0673 0.0052, -0.0634 -0.0646 0.0052, -0.0659 -0.0623 0.0052, -0.0688 -0.0604 0.0052, -0.072 -0.059 0.0052, -0.0753 -0.0582 0.0052, -0.0787 -0.0579 0.0052, -0.0811 -0.0647 0.0023, -0.0834 -0.0653 0.0023, -0.0855 -0.0663 0.0023, -0.0875 -0.0675 0.0023, -0.0892 -0.0691 0.0023, -0.0906 -0.071 0.0023, -0.0917 -0.073 0.0023, -0.0925 -0.0753 0.0023, -0.0929 -0.0776 0.0023, -0.0929 -0.0799 0.0023, -0.0925 -0.0822 0.0023, -0.0917 -0.0844 0.0023, -0.0906 -0.0865 0.0023, -0.0892 -0.0884 0.0023, -0.0875 -0.0899 0.0023, -0.0855 -0.0912 0.0023, -0.0834 -0.0922 0.0023, -0.0811 -0.0927 0.0023, -0.0787 -0.0929 0.0023, -0.0764 -0.0927 0.0023, -0.0741 -0.0922 0.0023, -0.072 -0.0912 0.0023, -0.07 -0.0899 0.0023, -0.0683 -0.0884 0.0023, -0.0669 -0.0865 0.0023, -0.0657 -0.0844 0.0023, -0.065 -0.0822 0.0023, -0.0646 -0.0799 0.0023, -0.0646 -0.0776 0.0023, -0.065 -0.0753 0.0023, -0.0657 -0.073 0.0023, -0.0669 -0.071 0.0023, -0.0683 -0.0691 0.0023, -0.07 -0.0675 0.0023, -0.072 -0.0663 0.0023, -0.0741 -0.0653 0.0023, -0.0764 -0.0647 0.0023, -0.0787 -0.0645 0.0023
            ]
        }
        coordIndex [
            0,1,2,-1,0,2,3,-1,4,3,2,-1,5,4,2,-1,6,5,2,-1,7,6,2,-1,8,7,2,-1,9,8,2,-1,10,9,2,-1,11,10,2,-1,12,11,2,-1,13,12,2,-1,14,13,2,-1,15,14,2,-1,16,15,2,-1,17,16,2,-1,18,17,2,-1,19,18,2,-1,20,19,2,-1,21,20,2,-1,22,21,2,-1,23,22,2,-1,24,23,2,-1,25,24,2,-1,26,25,2,-1,27,26,2,-1,28,27,2,-1,29,28,2,-1,30,29,2,-1,31,30,2,-1,32,31,2,-1,33,32,2,-1,34,33,2,-1,35,34,2,-1,36,35,2,-1,37,36,2,-1,38,37,2,-1,1,38,2,-1,39,40,41,-1,41,42,39,-1,39,42,43,-1,39,43,44,-1,44,43,45,-1,44,45,46,-1,46,45,47,-1,46,47,48,-1,48,47,49,-1,48,49,50,-1,50,49,51,-1,50,51,52,-1,52,51,53,-1,52,53,54,-1,54,53,55,-1,54,55,56,-1,56,55,57,-1,56,57,58,-1,58,57,59,-1,58,59,60,-1,60,59,61,-1,60,61,62,-1,62,61,63,-1,62,63,64,-1,64,63,65,-1,64,65,66,-1,66,65,67,-1,66,67,68,-1,68,67,69,-1,68,69,70,-1,70,69,71,-1,70,71,72,-1,72,71,73,-1,72,73,74,-1,74,73,75,-1,74,75,76,-1,76,75,77,-1,76,77,78,-1,78,77,79,-1,78,79,80,-1,80,79,81,-1,80,81,82,-1,82,81,83,-1,82,83,84,-1,84,83,85,-1,84,85,86,-1,86,85,87,-1,86,87,88,-1,88,87,89,-1,88,89,90,-1,90,89,91,-1,90,91,92,-1,92,91,93,-1,92,93,94,-1,94,93,95,-1,94,95,96,-1,96,95,97,-1,96,97,98,-1,98,97,99,-1,98,99,100,-1,100,99,101,-1,100,101,102,-1,102,101,103,-1,102,103,104,-1,104,103,105,-1,104,105,106,-1,106,105,107,-1,106,107,108,-1,108,107,109,-1,108,109,110,-1,110,109,111,-1,110,111,112,-1,112,111,113,-1,112,113,114,-1,114,113,41,-1,114,41,115,-1,115,41,40,-1,97,116,99,-1,99,116,117,-1,99,117,101,-1,101,117,118,-1,101,118,103,-1,103,118,119,-1,103,119,105,-1,105,119,120,-1,105,120,107,-1,107,120,121,-1,107,121,109,-1,109,121,122,-1,109,122,111,-1,111,122,123,-1,111,123,113,-1,113,123,124,-1,113,124,41,-1,41,124,125,-1,41,125,42,-1,42,125,126,-1,42,126,43,-1,43,126,127,-1,43,127,45,-1,45,127,128,-1,45,128,47,-1,47,128,129,-1,47,129,49,-1,49,129,130,-1,49,130,51,-1,51,130,131,-1,51,131,53,-1,53,131,132,-1,53,132,55,-1,55,132,133,-1,55,133,57,-1,57,133,134,-1,57,134,59,-1,59,134,135,-1,59,135,61,-1,61,135,136,-1,61,136,63,-1,63,136,137,-1,63,137,65,-1,65,137,138,-1,65,138,67,-1,67,138,139,-1,67,139,69,-1,69,139,140,-1,69,140,71,-1,71,140,141,-1,71,141,73,-1,73,141,142,-1,73,142,75,-1,75,142,143,-1,75,143,77,-1,77,143,144,-1,77,144,79,-1,79,144,145,-1,79,145,81,-1,81,145,146,-1,81,146,83,-1,83,146,147,-1,83,147,85,-1,85,147,148,-1,85,148,87,-1,87,148,149,-1,87,149,89,-1,89,149,150,-1,89,150,91,-1,91,150,151,-1,91,151,93,-1,93,151,152,-1,93,152,95,-1,95,152,153,-1,95,153,97,-1,97,153,116,-1,153,154,116,-1,116,154,155,-1,116,155,117,-1,117,155,156,-1,117,156,118,-1,118,156,157,-1,118,157,119,-1,119,157,158,-1,119,158,120,-1,120,158,159,-1,120,159,121,-1,121,159,160,-1,121,160,122,-1,122,160,161,-1,122,161,123,-1,123,161,162,-1,123,162,124,-1,124,162,163,-1,124,163,125,-1,125,163,164,-1,125,164,126,-1,126,164,165,-1,126,165,127,-1,127,165,166,-1,127,166,128,-1,128,166,167,-1,128,167,129,-1,129,167,168,-1,129,168,130,-1,130,168,169,-1,130,169,131,-1,131,169,170,-1,131,170,132,-1,132,170,171,-1,132,171,133,-1,133,171,172,-1,133,172,134,-1,134,172,173,-1,134,173,135,-1,135,173,174,-1,135,174,136,-1,136,174,175,-1,136,175,137,-1,137,175,176,-1,137,176,138,-1,138,176,177,-1,138,177,139,-1,139,177,178,-1,139,178,140,-1,140,178,179,-1,140,179,141,-1,141,179,180,-1,141,180,142,-1,142,180,181,-1,142,181,143,-1,143,181,182,-1,143,182,144,-1,144,182,183,-1,144,183,145,-1,145,183,184,-1,145,184,146,-1,146,184,185,-1,146,185,147,-1,147,185,186,-1,147,186,148,-1,148,186,187,-1,148,187,149,-1,149,187,188,-1,149,188,150,-1,150,188,189,-1,150,189,151,-1,151,189,190,-1,151,190,152,-1,152,190,191,-1,152,191,153,-1,153,191,154,-1,191,192,154,-1,154,192,193,-1,154,193,155,-1,155,193,194,-1,155,194,156,-1,156,194,195,-1,156,195,157,-1,157,195,196,-1,157,196,158,-1,158,196,197,-1,158,197,159,-1,159,197,198,-1,159,198,160,-1,160,198,199,-1,160,199,161,-1,161,199,200,-1,161,200,162,-1,162,200,201,-1,162,201,163,-1,163,201,202,-1,163,202,164,-1,164,202,203,-1,164,203,165,-1,165,203,204,-1,165,204,166,-1,166,204,205,-1,166,205,167,-1,167,205,206,-1,167,206,168,-1,168,206,207,-1,168,207,169,-1,169,207,208,-1,169,208,170,-1,170,208,209,-1,170,209,171,-1,171,209,210,-1,171,210,172,-1,172,210,211,-1,172,211,173,-1,173,211,212,-1,173,212,174,-1,174,212,213,-1,174,213,175,-1,175,213,214,-1,175,214,176,-1,176,214,215,-1,176,215,177,-1,177,215,216,-1,177,216,178,-1,178,216,217,-1,178,217,179,-1,179,217,218,-1,179,218,180,-1,180,218,219,-1,180,219,181,-1,181,219,220,-1,181,220,182,-1,182,220,221,-1,182,221,183,-1,183,221,222,-1,183,222,184,-1,184,222,223,-1,184,223,185,-1,185,223,224,-1,185,224,186,-1,186,224,225,-1,186,225,187,-1,187,225,226,-1,187,226,188,-1,188,226,227,-1,188,227,189,-1,189,227,228,-1,189,228,190,-1,190,228,229,-1,190,229,191,-1,191,229,192,-1,229,230,192,-1,192,230,231,-1,192,231,193,-1,193,231,232,-1,193,232,194,-1,194,232,233,-1,194,233,195,-1,195,233,234,-1,195,234,196,-1,196,234,235,-1,196,235,197,-1,197,235,236,-1,197,236,198,-1,198,236,237,-1,198,237,199,-1,199,237,238,-1,199,238,200,-1,200,238,239,-1,200,239,201,-1,201,239,240,-1,201,240,202,-1,202,240,241,-1,202,241,203,-1,203,241,242,-1,203,242,204,-1,204,242,243,-1,204,243,205,-1,205,243,244,-1,205,244,206,-1,206,244,245,-1,206,245,207,-1,207,245,246,-1,207,246,208,-1,208,246,247,-1,208,247,209,-1,209,247,248,-1,209,248,210,-1,210,248,249,-1,210,249,211,-1,211,249,250,-1,211,250,212,-1,212,250,251,-1,212,251,213,-1,213,251,252,-1,213,252,214,-1,214,252,253,-1,214,253,215,-1,215,253,254,-1,215,254,216,-1,216,254,255,-1,216,255,217,-1,217,255,256,-1,217,256,218,-1,218,256,257,-1,218,257,219,-1,219,257,258,-1,219,258,220,-1,220,258,259,-1,220,259,221,-1,221,259,260,-1,221,260,222,-1,222,260,261,-1,222,261,223,-1,223,261,262,-1,223,262,224,-1,224,262,263,-1,224,263,225,-1,225,263,264,-1,225,264,226,-1,226,264,265,-1,226,265,227,-1,227,265,266,-1,227,266,228,-1,228,266,267,-1,228,267,229,-1,229,267,230,-1,267,268,230,-1,230,268,269,-1,230,269,231,-1,231,269,270,-1,231,270,232,-1,232,270,271,-1,232,271,233,-1,233,271,272,-1,233,272,234,-1,234,272,273,-1,234,273,235,-1,235,273,274,-1,235,274,236,-1,236,274,275,-1,236,275,237,-1,237,275,276,-1,237,276,238,-1,238,276,277,-1,238,277,239,-1,239,277,278,-1,239,278,240,-1,240,278,279,-1,240,279,241,-1,241,279,280,-1,241,280,242,-1,242,280,281,-1,242,281,243,-1,243,281,282,-1,243,282,244,-1,244,282,283,-1,244,283,245,-1,245,283,284,-1,245,284,246,-1,246,284,285,-1,246,285,247,-1,247,285,286,-1,247,286,248,-1,248,286,287,-1,248,287,249,-1,249,287,288,-1,249,288,250,-1,250,288,289,-1,250,289,251,-1,251,289,290,-1,251,290,252,-1,252,290,291,-1,252,291,253,-1,253,291,292,-1,253,292,254,-1,254,292,293,-1,254,293,255,-1,255,293,294,-1,255,294,256,-1,256,294,295,-1,256,295,257,-1,257,295,296,-1,257,296,258,-1,258,296,297,-1,258,297,259,-1,259,297,298,-1,259,298,260,-1,260,298,299,-1,260,299,261,-1,261,299,300,-1,261,300,262,-1,262,300,301,-1,262,301,263,-1,263,301,302,-1,263,302,264,-1,264,302,303,-1,264,303,265,-1,265,303,304,-1,265,304,266,-1,266,304,305,-1,266,305,267,-1,267,305,268,-1,305,306,268,-1,268,306,307,-1,268,307,269,-1,269,307,308,-1,269,308,270,-1,270,308,309,-1,270,309,271,-1,271,309,310,-1,271,310,272,-1,272,310,311,-1,272,311,273,-1,273,311,312,-1,273,312,274,-1,274,312,313,-1,274,313,275,-1,275,313,314,-1,275,314,276,-1,276,314,315,-1,276,315,277,-1,277,315,316,-1,277,316,278,-1,278,316,317,-1,278,317,279,-1,279,317,318,-1,279,318,280,-1,280,318,319,-1,280,319,281,-1,281,319,320,-1,281,320,282,-1,282,320,321,-1,282,321,283,-1,283,321,322,-1,283,322,284,-1,284,322,323,-1,284,323,285,-1,285,323,324,-1,285,324,286,-1,286,324,325,-1,286,325,287,-1,287,325,326,-1,287,326,288,-1,288,326,327,-1,288,327,289,-1,289,327,328,-1,289,328,290,-1,290,328,329,-1,290,329,291,-1,291,329,330,-1,291,330,292,-1,292,330,331,-1,292,331,293,-1,293,331,332,-1,293,332,294,-1,294,332,333,-1,294,333,295,-1,295,333,334,-1,295,334,296,-1,296,334,335,-1,296,335,297,-1,297,335,336,-1,297,336,298,-1,298,336,337,-1,298,337,299,-1,299,337,338,-1,299,338,300,-1,300,338,339,-1,300,339,301,-1,301,339,340,-1,301,340,302,-1,302,340,341,-1,302,341,303,-1,303,341,342,-1,303,342,304,-1,304,342,343,-1,304,343,305,-1,305,343,306,-1,343,344,306,-1,306,344,345,-1,306,345,307,-1,307,345,346,-1,307,346,308,-1,308,346,347,-1,308,347,309,-1,309,347,348,-1,309,348,310,-1,310,348,349,-1,310,349,311,-1,311,349,350,-1,311,350,312,-1,312,350,351,-1,312,351,313,-1,313,351,352,-1,313,352,314,-1,314,352,353,-1,314,353,315,-1,315,353,354,-1,315,354,316,-1,316,354,355,-1,316,355,317,-1,317,355,356,-1,317,356,318,-1,318,356,357,-1,318,357,319,-1,319,357,358,-1,319,358,320,-1,320,358,359,-1,320,359,321,-1,321,359,360,-1,321,360,322,-1,322,360,361,-1,322,361,323,-1,323,361,362,-1,323,362,324,-1,324,362,363,-1,324,363,325,-1,325,363,364,-1,325,364,326,-1,326,364,365,-1,326,365,327,-1,327,365,366,-1,327,366,328,-1,328,366,367,-1,328,367,329,-1,329,367,368,-1,329,368,330,-1,330,368,369,-1,330,369,331,-1,331,369,370,-1,331,370,332,-1,332,370,371,-1,332,371,333,-1,333,371,372,-1,333,372,334,-1,334,372,373,-1,334,373,335,-1,335,373,374,-1,335,374,336,-1,336,374,375,-1,336,375,337,-1,337,375,376,-1,337,376,338,-1,338,376,377,-1,338,377,339,-1,339,377,378,-1,339,378,340,-1,340,378,379,-1,340,379,341,-1,341,379,380,-1,341,380,342,-1,342,380,381,-1,342,381,343,-1,343,381,344,-1,381,382,344,-1,344,382,383,-1,344,383,345,-1,345,383,384,-1,345,384,346,-1,346,384,385,-1,346,385,347,-1,347,385,386,-1,347,386,348,-1,348,386,387,-1,348,387,349,-1,349,387,388,-1,349,388,350,-1,350,388,389,-1,350,389,351,-1,351,389,390,-1,351,390,352,-1,352,390,391,-1,352,391,353,-1,353,391,392,-1,353,392,354,-1,354,392,393,-1,354,393,355,-1,355,393,394,-1,355,394,356,-1,356,394,395,-1,356,395,357,-1,357,395,396,-1,357,396,358,-1,358,396,397,-1,358,397,359,-1,359,397,398,-1,359,398,360,-1,360,398,399,-1,360,399,361,-1,361,399,400,-1,361,400,362,-1,362,400,401,-1,362,401,363,-1,363,401,402,-1,363,402,364,-1,364,402,403,-1,364,403,365,-1,365,403,404,-1,365,404,366,-1,366,404,405,-1,366,405,367,-1,367,405,406,-1,367,406,368,-1,368,406,407,-1,368,407,369,-1,369,407,408,-1,369,408,370,-1,370,408,409,-1,370,409,371,-1,371,409,410,-1,371,410,372,-1,372,410,411,-1,372,411,373,-1,373,411,412,-1,373,412,374,-1,374,412,413,-1,374,413,375,-1,375,413,414,-1,375,414,376,-1,376,414,415,-1,376,415,377,-1,377,415,416,-1,377,416,378,-1,378,416,417,-1,378,417,379,-1,379,417,418,-1,379,418,380,-1,380,418,419,-1,380,419,381,-1,381,419,382,-1,419,420,382,-1,382,420,421,-1,382,421,383,-1,383,421,422,-1,383,422,384,-1,384,422,423,-1,384,423,385,-1,385,423,424,-1,385,424,386,-1,386,424,425,-1,386,425,387,-1,387,425,426,-1,387,426,388,-1,388,426,427,-1,388,427,389,-1,389,427,428,-1,389,428,390,-1,390,428,429,-1,390,429,391,-1,391,429,430,-1,391,430,392,-1,392,430,431,-1,392,431,393,-1,393,431,432,-1,393,432,394,-1,394,432,433,-1,394,433,395,-1,395,433,434,-1,395,434,396,-1,396,434,435,-1,396,435,397,-1,397,435,436,-1,397,436,398,-1,398,436,437,-1,398,437,399,-1,399,437,438,-1,399,438,400,-1,400,438,439,-1,400,439,401,-1,401,439,440,-1,401,440,402,-1,402,440,441,-1,402,441,403,-1,403,441,442,-1,403,442,404,-1,404,442,443,-1,404,443,405,-1,405,443,444,-1,405,444,406,-1,406,444,445,-1,406,445,407,-1,407,445,446,-1,407,446,408,-1,408,446,447,-1,408,447,409,-1,409,447,448,-1,409,448,410,-1,410,448,449,-1,410,449,411,-1,411,449,450,-1,411,450,412,-1,412,450,451,-1,412,451,413,-1,413,451,452,-1,413,452,414,-1,414,452,453,-1,414,453,415,-1,415,453,454,-1,415,454,416,-1,416,454,455,-1,416,455,417,-1,417,455,456,-1,417,456,418,-1,418,456,457,-1,418,457,419,-1,419,457,420,-1,457,1,420,-1,420,1,0,-1,420,0,421,-1,421,0,3,-1,421,3,422,-1,422,3,4,-1,422,4,423,-1,423,4,5,-1,423,5,424,-1,424,5,6,-1,424,6,425,-1,425,6,7,-1,425,7,426,-1,426,7,8,-1,426,8,427,-1,427,8,9,-1,427,9,428,-1,428,9,10,-1,428,10,429,-1,429,10,11,-1,429,11,430,-1,430,11,12,-1,430,12,431,-1,431,12,13,-1,431,13,432,-1,432,13,14,-1,432,14,433,-1,433,14,15,-1,433,15,434,-1,434,15,16,-1,434,16,435,-1,435,16,17,-1,435,17,436,-1,436,17,18,-1,436,18,437,-1,437,18,19,-1,437,19,438,-1,438,19,20,-1,438,20,439,-1,439,20,21,-1,439,21,440,-1,440,21,22,-1,440,22,441,-1,441,22,23,-1,441,23,442,-1,442,23,24,-1,442,24,443,-1,443,24,25,-1,443,25,444,-1,444,25,26,-1,444,26,445,-1,445,26,27,-1,445,27,446,-1,446,27,28,-1,446,28,447,-1,447,28,29,-1,447,29,448,-1,448,29,30,-1,448,30,449,-1,449,30,31,-1,449,31,450,-1,450,31,32,-1,450,32,451,-1,451,32,33,-1,451,33,452,-1,452,33,34,-1,452,34,453,-1,453,34,35,-1,453,35,454,-1,454,35,36,-1,454,36,455,-1,455,36,37,-1,455,37,456,-1,456,37,38,-1,456,38,457,-1,457,38,1,-1,458,459,460,-1,458,460,461,-1,462,461,460,-1,463,462,460,-1,464,463,460,-1,465,464,460,-1,466,465,460,-1,467,466,460,-1,468,467,460,-1,469,468,460,-1,470,469,460,-1,471,470,460,-1,472,471,460,-1,473,472,460,-1,474,473,460,-1,475,474,460,-1,476,475,460,-1,477,476,460,-1,478,477,460,-1,479,478,460,-1,480,479,460,-1,481,480,460,-1,482,481,460,-1,483,482,460,-1,484,483,460,-1,485,484,460,-1,486,485,460,-1,487,486,460,-1,488,487,460,-1,489,488,460,-1,490,489,460,-1,491,490,460,-1,492,491,460,-1,493,492,460,-1,494,493,460,-1,495,494,460,-1,496,495,460,-1,459,496,460,-1,497,498,499,-1,499,500,497,-1,497,500,501,-1,497,501,502,-1,502,501,503,-1,502,503,504,-1,504,503,505,-1,504,505,506,-1,506,505,507,-1,506,507,508,-1,508,507,509,-1,508,509,510,-1,510,509,511,-1,510,511,512,-1,512,511,513,-1,512,513,514,-1,514,513,515,-1,514,515,516,-1,516,515,517,-1,516,517,518,-1,518,517,519,-1,518,519,520,-1,520,519,521,-1,520,521,522,-1,522,521,523,-1,522,523,524,-1,524,523,525,-1,524,525,526,-1,526,525,527,-1,526,527,528,-1,528,527,529,-1,528,529,530,-1,530,529,531,-1,530,531,532,-1,532,531,533,-1,532,533,534,-1,534,533,535,-1,534,535,536,-1,536,535,537,-1,536,537,538,-1,538,537,539,-1,538,539,540,-1,540,539,541,-1,540,541,542,-1,542,541,543,-1,542,543,544,-1,544,543,545,-1,544,545,546,-1,546,545,547,-1,546,547,548,-1,548,547,549,-1,548,549,550,-1,550,549,551,-1,550,551,552,-1,552,551,553,-1,552,553,554,-1,554,553,555,-1,554,555,556,-1,556,555,557,-1,556,557,558,-1,558,557,559,-1,558,559,560,-1,560,559,561,-1,560,561,562,-1,562,561,563,-1,562,563,564,-1,564,563,565,-1,564,565,566,-1,566,565,567,-1,566,567,568,-1,568,567,569,-1,568,569,570,-1,570,569,571,-1,570,571,572,-1,572,571,499,-1,572,499,573,-1,573,499,498,-1,555,574,557,-1,557,574,575,-1,557,575,559,-1,559,575,576,-1,559,576,561,-1,561,576,577,-1,561,577,563,-1,563,577,578,-1,563,578,565,-1,565,578,579,-1,565,579,567,-1,567,579,580,-1,567,580,569,-1,569,580,581,-1,569,581,571,-1,571,581,582,-1,571,582,499,-1,499,582,583,-1,499,583,500,-1,500,583,584,-1,500,584,501,-1,501,584,585,-1,501,585,503,-1,503,585,586,-1,503,586,505,-1,505,586,587,-1,505,587,507,-1,507,587,588,-1,507,588,509,-1,509,588,589,-1,509,589,511,-1,511,589,590,-1,511,590,513,-1,513,590,591,-1,513,591,515,-1,515,591,592,-1,515,592,517,-1,517,592,593,-1,517,593,519,-1,519,593,594,-1,519,594,521,-1,521,594,595,-1,521,595,523,-1,523,595,596,-1,523,596,525,-1,525,596,597,-1,525,597,527,-1,527,597,598,-1,527,598,529,-1,529,598,599,-1,529,599,531,-1,531,599,600,-1,531,600,533,-1,533,600,601,-1,533,601,535,-1,535,601,602,-1,535,602,537,-1,537,602,603,-1,537,603,539,-1,539,603,604,-1,539,604,541,-1,541,604,605,-1,541,605,543,-1,543,605,606,-1,543,606,545,-1,545,606,607,-1,545,607,547,-1,547,607,608,-1,547,608,549,-1,549,608,609,-1,549,609,551,-1,551,609,610,-1,551,610,553,-1,553,610,611,-1,553,611,555,-1,555,611,574,-1,611,612,574,-1,574,612,613,-1,574,613,575,-1,575,613,614,-1,575,614,576,-1,576,614,615,-1,576,615,577,-1,577,615,616,-1,577,616,578,-1,578,616,617,-1,578,617,579,-1,579,617,618,-1,579,618,580,-1,580,618,619,-1,580,619,581,-1,581,619,620,-1,581,620,582,-1,582,620,621,-1,582,621,583,-1,583,621,622,-1,583,622,584,-1,584,622,623,-1,584,623,585,-1,585,623,624,-1,585,624,586,-1,586,624,625,-1,586,625,587,-1,587,625,626,-1,587,626,588,-1,588,626,627,-1,588,627,589,-1,589,627,628,-1,589,628,590,-1,590,628,629,-1,590,629,591,-1,591,629,630,-1,591,630,592,-1,592,630,631,-1,592,631,593,-1,593,631,632,-1,593,632,594,-1,594,632,633,-1,594,633,595,-1,595,633,634,-1,595,634,596,-1,596,634,635,-1,596,635,597,-1,597,635,636,-1,597,636,598,-1,598,636,637,-1,598,637,599,-1,599,637,638,-1,599,638,600,-1,600,638,639,-1,600,639,601,-1,601,639,640,-1,601,640,602,-1,602,640,641,-1,602,641,603,-1,603,641,642,-1,603,642,604,-1,604,642,643,-1,604,643,605,-1,605,643,644,-1,605,644,606,-1,606,644,645,-1,606,645,607,-1,607,645,646,-1,607,646,608,-1,608,646,647,-1,608,647,609,-1,609,647,648,-1,609,648,610,-1,610,648,649,-1,610,649,611,-1,611,649,612,-1,649,650,612,-1,612,650,651,-1,612,651,613,-1,613,651,652,-1,613,652,614,-1,614,652,653,-1,614,653,615,-1,615,653,654,-1,615,654,616,-1,616,654,655,-1,616,655,617,-1,617,655,656,-1,617,656,618,-1,618,656,657,-1,618,657,619,-1,619,657,658,-1,619,658,620,-1,620,658,659,-1,620,659,621,-1,621,659,660,-1,621,660,622,-1,622,660,661,-1,622,661,623,-1,623,661,662,-1,623,662,624,-1,624,662,663,-1,624,663,625,-1,625,663,664,-1,625,664,626,-1,626,664,665,-1,626,665,627,-1,627,665,666,-1,627,666,628,-1,628,666,667,-1,628,667,629,-1,629,667,668,-1,629,668,630,-1,630,668,669,-1,630,669,631,-1,631,669,670,-1,631,670,632,-1,632,670,671,-1,632,671,633,-1,633,671,672,-1,633,672,634,-1,634,672,673,-1,634,673,635,-1,635,673,674,-1,635,674,636,-1,636,674,675,-1,636,675,637,-1,637,675,676,-1,637,676,638,-1,638,676,677,-1,638,677,639,-1,639,677,678,-1,639,678,640,-1,640,678,679,-1,640,679,641,-1,641,679,680,-1,641,680,642,-1,642,680,681,-1,642,681,643,-1,643,681,682,-1,643,682,644,-1,644,682,683,-1,644,683,645,-1,645,683,684,-1,645,684,646,-1,646,684,685,-1,646,685,647,-1,647,685,686,-1,647,686,648,-1,648,686,687,-1,648,687,649,-1,649,687,650,-1,687,688,650,-1,650,688,689,-1,650,689,651,-1,651,689,690,-1,651,690,652,-1,652,690,691,-1,652,691,653,-1,653,691,692,-1,653,692,654,-1,654,692,693,-1,654,693,655,-1,655,693,694,-1,655,694,656,-1,656,694,695,-1,656,695,657,-1,657,695,696,-1,657,696,658,-1,658,696,697,-1,658,697,659,-1,659,697,698,-1,659,698,660,-1,660,698,699,-1,660,699,661,-1,661,699,700,-1,661,700,662,-1,662,700,701,-1,662,701,663,-1,663,701,702,-1,663,702,664,-1,664,702,703,-1,664,703,665,-1,665,703,704,-1,665,704,666,-1,666,704,705,-1,666,705,667,-1,667,705,706,-1,667,706,668,-1,668,706,707,-1,668,707,669,-1,669,707,708,-1,669,708,670,-1,670,708,709,-1,670,709,671,-1,671,709,710,-1,671,710,672,-1,672,710,711,-1,672,711,673,-1,673,711,712,-1,673,712,674,-1,674,712,713,-1,674,713,675,-1,675,713,714,-1,675,714,676,-1,676,714,715,-1,676,715,677,-1,677,715,716,-1,677,716,678,-1,678,716,717,-1,678,717,679,-1,679,717,718,-1,679,718,680,-1,680,718,719,-1,680,719,681,-1,681,719,720,-1,681,720,682,-1,682,720,721,-1,682,721,683,-1,683,721,722,-1,683,722,684,-1,684,722,723,-1,684,723,685,-1,685,723,724,-1,685,724,686,-1,686,724,725,-1,686,725,687,-1,687,725,688,-1,725,726,688,-1,688,726,727,-1,688,727,689,-1,689,727,728,-1,689,728,690,-1,690,728,729,-1,690,729,691,-1,691,729,730,-1,691,730,692,-1,692,730,731,-1,692,731,693,-1,693,731,732,-1,693,732,694,-1,694,732,733,-1,694,733,695,-1,695,733,734,-1,695,734,696,-1,696,734,735,-1,696,735,697,-1,697,735,736,-1,697,736,698,-1,698,736,737,-1,698,737,699,-1,699,737,738,-1,699,738,700,-1,700,738,739,-1,700,739,701,-1,701,739,740,-1,701,740,702,-1,702,740,741,-1,702,741,703,-1,703,741,742,-1,703,742,704,-1,704,742,743,-1,704,743,705,-1,705,743,744,-1,705,744,706,-1,706,744,745,-1,706,745,707,-1,707,745,746,-1,707,746,708,-1,708,746,747,-1,708,747,709,-1,709,747,748,-1,709,748,710,-1,710,748,749,-1,710,749,711,-1,711,749,750,-1,711,750,712,-1,712,750,751,-1,712,751,713,-1,713,751,752,-1,713,752,714,-1,714,752,753,-1,714,753,715,-1,715,753,754,-1,715,754,716,-1,716,754,755,-1,716,755,717,-1,717,755,756,-1,717,756,718,-1,718,756,757,-1,718,757,719,-1,719,757,758,-1,719,758,720,-1,720,758,759,-1,720,759,721,-1,721,759,760,-1,721,760,722,-1,722,760,761,-1,722,761,723,-1,723,761,762,-1,723,762,724,-1,724,762,763,-1,724,763,725,-1,725,763,726,-1,763,764,726,-1,726,764,765,-1,726,765,727,-1,727,765,766,-1,727,766,728,-1,728,766,767,-1,728,767,729,-1,729,767,768,-1,729,768,730,-1,730,768,769,-1,730,769,731,-1,731,769,770,-1,731,770,732,-1,732,770,771,-1,732,771,733,-1,733,771,772,-1,733,772,734,-1,734,772,773,-1,734,773,735,-1,735,773,774,-1,735,774,736,-1,736,774,775,-1,736,775,737,-1,737,775,776,-1,737,776,738,-1,738,776,777,-1,738,777,739,-1,739,777,778,-1,739,778,740,-1,740,778,779,-1,740,779,741,-1,741,779,780,-1,741,780,742,-1,742,780,781,-1,742,781,743,-1,743,781,782,-1,743,782,744,-1,744,782,783,-1,744,783,745,-1,745,783,784,-1,745,784,746,-1,746,784,785,-1,746,785,747,-1,747,785,786,-1,747,786,748,-1,748,786,787,-1,748,787,749,-1,749,787,788,-1,749,788,750,-1,750,788,789,-1,750,789,751,-1,751,789,790,-1,751,790,752,-1,752,790,791,-1,752,791,753,-1,753,791,792,-1,753,792,754,-1,754,792,793,-1,754,793,755,-1,755,793,794,-1,755,794,756,-1,756,794,795,-1,756,795,757,-1,757,795,796,-1,757,796,758,-1,758,796,797,-1,758,797,759,-1,759,797,798,-1,759,798,760,-1,760,798,799,-1,760,799,761,-1,761,799,800,-1,761,800,762,-1,762,800,801,-1,762,801,763,-1,763,801,764,-1,801,802,764,-1,764,802,803,-1,764,803,765,-1,765,803,804,-1,765,804,766,-1,766,804,805,-1,766,805,767,-1,767,805,806,-1,767,806,768,-1,768,806,807,-1,768,807,769,-1,769,807,808,-1,769,808,770,-1,770,808,809,-1,770,809,771,-1,771,809,810,-1,771,810,772,-1,772,810,811,-1,772,811,773,-1,773,811,812,-1,773,812,774,-1,774,812,813,-1,774,813,775,-1,775,813,814,-1,775,814,776,-1,776,814,815,-1,776,815,777,-1,777,815,816,-1,777,816,778,-1,778,816,817,-1,778,817,779,-1,779,817,818,-1,779,818,780,-1,780,818,819,-1,780,819,781,-1,781,819,820,-1,781,820,782,-1,782,820,821,-1,782,821,783,-1,783,821,822,-1,783,822,784,-1,784,822,823,-1,784,823,785,-1,785,823,824,-1,785,824,786,-1,786,824,825,-1,786,825,787,-1,787,825,826,-1,787,826,788,-1,788,826,827,-1,788,827,789,-1,789,827,828,-1,789,828,790,-1,790,828,829,-1,790,829,791,-1,791,829,830,-1,791,830,792,-1,792,830,831,-1,792,831,793,-1,793,831,832,-1,793,832,794,-1,794,832,833,-1,794,833,795,-1,795,833,834,-1,795,834,796,-1,796,834,835,-1,796,835,797,-1,797,835,836,-1,797,836,798,-1,798,836,837,-1,798,837,799,-1,799,837,838,-1,799,838,800,-1,800,838,839,-1,800,839,801,-1,801,839,802,-1,839,840,802,-1,802,840,841,-1,802,841,803,-1,803,841,842,-1,803,842,804,-1,804,842,843,-1,804,843,805,-1,805,843,844,-1,805,844,806,-1,806,844,845,-1,806,845,807,-1,807,845,846,-1,807,846,808,-1,808,846,847,-1,808,847,809,-1,809,847,848,-1,809,848,810,-1,810,848,849,-1,810,849,811,-1,811,849,850,-1,811,850,812,-1,812,850,851,-1,812,851,813,-1,813,851,852,-1,813,852,814,-1,814,852,853,-1,814,853,815,-1,815,853,854,-1,815,854,816,-1,816,854,855,-1,816,855,817,-1,817,855,856,-1,817,856,818,-1,818,856,857,-1,818,857,819,-1,819,857,858,-1,819,858,820,-1,820,858,859,-1,820,859,821,-1,821,859,860,-1,821,860,822,-1,822,860,861,-1,822,861,823,-1,823,861,862,-1,823,862,824,-1,824,862,863,-1,824,863,825,-1,825,863,864,-1,825,864,826,-1,826,864,865,-1,826,865,827,-1,827,865,866,-1,827,866,828,-1,828,866,867,-1,828,867,829,-1,829,867,868,-1,829,868,830,-1,830,868,869,-1,830,869,831,-1,831,869,870,-1,831,870,832,-1,832,870,871,-1,832,871,833,-1,833,871,872,-1,833,872,834,-1,834,872,873,-1,834,873,835,-1,835,873,874,-1,835,874,836,-1,836,874,875,-1,836,875,837,-1,837,875,876,-1,837,876,838,-1,838,876,877,-1,838,877,839,-1,839,877,840,-1,877,878,840,-1,840,878,879,-1,840,879,841,-1,841,879,880,-1,841,880,842,-1,842,880,881,-1,842,881,843,-1,843,881,882,-1,843,882,844,-1,844,882,883,-1,844,883,845,-1,845,883,884,-1,845,884,846,-1,846,884,885,-1,846,885,847,-1,847,885,886,-1,847,886,848,-1,848,886,887,-1,848,887,849,-1,849,887,888,-1,849,888,850,-1,850,888,889,-1,850,889,851,-1,851,889,890,-1,851,890,852,-1,852,890,891,-1,852,891,853,-1,853,891,892,-1,853,892,854,-1,854,892,893,-1,854,893,855,-1,855,893,894,-1,855,894,856,-1,856,894,895,-1,856,895,857,-1,857,895,896,-1,857,896,858,-1,858,896,897,-1,858,897,859,-1,859,897,898,-1,859,898,860,-1,860,898,899,-1,860,899,861,-1,861,899,900,-1,861,900,862,-1,862,900,901,-1,862,901,863,-1,863,901,902,-1,863,902,864,-1,864,902,903,-1,864,903,865,-1,865,903,904,-1,865,904,866,-1,866,904,905,-1,866,905,867,-1,867,905,906,-1,867,906,868,-1,868,906,907,-1,868,907,869,-1,869,907,908,-1,869,908,870,-1,870,908,909,-1,870,909,871,-1,871,909,910,-1,871,910,872,-1,872,910,911,-1,872,911,873,-1,873,911,912,-1,873,912,874,-1,874,912,913,-1,874,913,875,-1,875,913,914,-1,875,914,876,-1,876,914,915,-1,876,915,877,-1,877,915,878,-1,915,459,878,-1,878,459,458,-1,878,458,879,-1,879,458,461,-1,879,461,880,-1,880,461,462,-1,880,462,881,-1,881,462,463,-1,881,463,882,-1,882,463,464,-1,882,464,883,-1,883,464,465,-1,883,465,884,-1,884,465,466,-1,884,466,885,-1,885,466,467,-1,885,467,886,-1,886,467,468,-1,886,468,887,-1,887,468,469,-1,887,469,888,-1,888,469,470,-1,888,470,889,-1,889,470,471,-1,889,471,890,-1,890,471,472,-1,890,472,891,-1,891,472,473,-1,891,473,892,-1,892,473,474,-1,892,474,893,-1,893,474,475,-1,893,475,894,-1,894,475,476,-1,894,476,895,-1,895,476,477,-1,895,477,896,-1,896,477,478,-1,896,478,897,-1,897,478,479,-1,897,479,898,-1,898,479,480,-1,898,480,899,-1,899,480,481,-1,899,481,900,-1,900,481,482,-1,900,482,901,-1,901,482,483,-1,901,483,902,-1,902,483,484,-1,902,484,903,-1,903,484,485,-1,903,485,904,-1,904,485,486,-1,904,486,905,-1,905,486,487,-1,905,487,906,-1,906,487,488,-1,906,488,907,-1,907,488,489,-1,907,489,908,-1,908,489,490,-1,908,490,909,-1,909,490,491,-1,909,491,910,-1,910,491,492,-1,910,492,911,-1,911,492,493,-1,911,493,912,-1,912,493,494,-1,912,494,913,-1,913,494,495,-1,913,495,914,-1,914,495,496,-1,914,496,915,-1,915,496,459,-1,916,917,918,-1,916,918,919,-1,920,919,918,-1,921,920,918,-1,922,921,918,-1,923,922,918,-1,924,923,918,-1,925,924,918,-1,926,925,918,-1,927,926,918,-1,928,927,918,-1,929,928,918,-1,930,929,918,-1,931,930,918,-1,932,931,918,-1,933,932,918,-1,934,933,918,-1,935,934,918,-1,936,935,918,-1,937,936,918,-1,938,937,918,-1,939,938,918,-1,940,939,918,-1,941,940,918,-1,942,941,918,-1,943,942,918,-1,944,943,918,-1,945,944,918,-1,946,945,918,-1,947,946,918,-1,948,947,918,-1,949,948,918,-1,950,949,918,-1,951,950,918,-1,952,951,918,-1,953,952,918,-1,954,953,918,-1,917,954,918,-1,955,956,957,-1,957,958,955,-1,955,958,959,-1,955,959,960,-1,960,959,961,-1,960,961,962,-1,962,961,963,-1,962,963,964,-1,964,963,965,-1,964,965,966,-1,966,965,967,-1,966,967,968,-1,968,967,969,-1,968,969,970,-1,970,969,971,-1,970,971,972,-1,972,971,973,-1,972,973,974,-1,974,973,975,-1,974,975,976,-1,976,975,977,-1,976,977,978,-1,978,977,979,-1,978,979,980,-1,980,979,981,-1,980,981,982,-1,982,981,983,-1,982,983,984,-1,984,983,985,-1,984,985,986,-1,986,985,987,-1,986,987,988,-1,988,987,989,-1,988,989,990,-1,990,989,991,-1,990,991,992,-1,992,991,993,-1,992,993,994,-1,994,993,995,-1,994,995,996,-1,996,995,997,-1,996,997,998,-1,998,997,999,-1,998,999,1000,-1,1000,999,1001,-1,1000,1001,1002,-1,1002,1001,1003,-1,1002,1003,1004,-1,1004,1003,1005,-1,1004,1005,1006,-1,1006,1005,1007,-1,1006,1007,1008,-1,1008,1007,1009,-1,1008,1009,1010,-1,1010,1009,1011,-1,1010,1011,1012,-1,1012,1011,1013,-1,1012,1013,1014,-1,1014,1013,1015,-1,1014,1015,1016,-1,1016,1015,1017,-1,1016,1017,1018,-1,1018,1017,1019,-1,1018,1019,1020,-1,1020,1019,1021,-1,1020,1021,1022,-1,1022,1021,1023,-1,1022,1023,1024,-1,1024,1023,1025,-1,1024,1025,1026,-1,1026,1025,1027,-1,1026,1027,1028,-1,1028,1027,1029,-1,1028,1029,1030,-1,1030,1029,957,-1,1030,957,1031,-1,1031,957,956,-1,1013,1032,1015,-1,1015,1032,1033,-1,1015,1033,1017,-1,1017,1033,1034,-1,1017,1034,1019,-1,1019,1034,1035,-1,1019,1035,1021,-1,1021,1035,1036,-1,1021,1036,1023,-1,1023,1036,1037,-1,1023,1037,1025,-1,1025,1037,1038,-1,1025,1038,1027,-1,1027,1038,1039,-1,1027,1039,1029,-1,1029,1039,1040,-1,1029,1040,957,-1,957,1040,1041,-1,957,1041,958,-1,958,1041,1042,-1,958,1042,959,-1,959,1042,1043,-1,959,1043,961,-1,961,1043,1044,-1,961,1044,963,-1,963,1044,1045,-1,963,1045,965,-1,965,1045,1046,-1,965,1046,967,-1,967,1046,1047,-1,967,1047,969,-1,969,1047,1048,-1,969,1048,971,-1,971,1048,1049,-1,971,1049,973,-1,973,1049,1050,-1,973,1050,975,-1,975,1050,1051,-1,975,1051,977,-1,977,1051,1052,-1,977,1052,979,-1,979,1052,1053,-1,979,1053,981,-1,981,1053,1054,-1,981,1054,983,-1,983,1054,1055,-1,983,1055,985,-1,985,1055,1056,-1,985,1056,987,-1,987,1056,1057,-1,987,1057,989,-1,989,1057,1058,-1,989,1058,991,-1,991,1058,1059,-1,991,1059,993,-1,993,1059,1060,-1,993,1060,995,-1,995,1060,1061,-1,995,1061,997,-1,997,1061,1062,-1,997,1062,999,-1,999,1062,1063,-1,999,1063,1001,-1,1001,1063,1064,-1,1001,1064,1003,-1,1003,1064,1065,-1,1003,1065,1005,-1,1005,1065,1066,-1,1005,1066,1007,-1,1007,1066,1067,-1,1007,1067,1009,-1,1009,1067,1068,-1,1009,1068,1011,-1,1011,1068,1069,-1,1011,1069,1013,-1,1013,1069,1032,-1,1069,1070,1032,-1,1032,1070,1071,-1,1032,1071,1033,-1,1033,1071,1072,-1,1033,1072,1034,-1,1034,1072,1073,-1,1034,1073,1035,-1,1035,1073,1074,-1,1035,1074,1036,-1,1036,1074,1075,-1,1036,1075,1037,-1,1037,1075,1076,-1,1037,1076,1038,-1,1038,1076,1077,-1,1038,1077,1039,-1,1039,1077,1078,-1,1039,1078,1040,-1,1040,1078,1079,-1,1040,1079,1041,-1,1041,1079,1080,-1,1041,1080,1042,-1,1042,1080,1081,-1,1042,1081,1043,-1,1043,1081,1082,-1,1043,1082,1044,-1,1044,1082,1083,-1,1044,1083,1045,-1,1045,1083,1084,-1,1045,1084,1046,-1,1046,1084,1085,-1,1046,1085,1047,-1,1047,1085,1086,-1,1047,1086,1048,-1,1048,1086,1087,-1,1048,1087,1049,-1,1049,1087,1088,-1,1049,1088,1050,-1,1050,1088,1089,-1,1050,1089,1051,-1,1051,1089,1090,-1,1051,1090,1052,-1,1052,1090,1091,-1,1052,1091,1053,-1,1053,1091,1092,-1,1053,1092,1054,-1,1054,1092,1093,-1,1054,1093,1055,-1,1055,1093,1094,-1,1055,1094,1056,-1,1056,1094,1095,-1,1056,1095,1057,-1,1057,1095,1096,-1,1057,1096,1058,-1,1058,1096,1097,-1,1058,1097,1059,-1,1059,1097,1098,-1,1059,1098,1060,-1,1060,1098,1099,-1,1060,1099,1061,-1,1061,1099,1100,-1,1061,1100,1062,-1,1062,1100,1101,-1,1062,1101,1063,-1,1063,1101,1102,-1,1063,1102,1064,-1,1064,1102,1103,-1,1064,1103,1065,-1,1065,1103,1104,-1,1065,1104,1066,-1,1066,1104,1105,-1,1066,1105,1067,-1,1067,1105,1106,-1,1067,1106,1068,-1,1068,1106,1107,-1,1068,1107,1069,-1,1069,1107,1070,-1,1107,1108,1070,-1,1070,1108,1109,-1,1070,1109,1071,-1,1071,1109,1110,-1,1071,1110,1072,-1,1072,1110,1111,-1,1072,1111,1073,-1,1073,1111,1112,-1,1073,1112,1074,-1,1074,1112,1113,-1,1074,1113,1075,-1,1075,1113,1114,-1,1075,1114,1076,-1,1076,1114,1115,-1,1076,1115,1077,-1,1077,1115,1116,-1,1077,1116,1078,-1,1078,1116,1117,-1,1078,1117,1079,-1,1079,1117,1118,-1,1079,1118,1080,-1,1080,1118,1119,-1,1080,1119,1081,-1,1081,1119,1120,-1,1081,1120,1082,-1,1082,1120,1121,-1,1082,1121,1083,-1,1083,1121,1122,-1,1083,1122,1084,-1,1084,1122,1123,-1,1084,1123,1085,-1,1085,1123,1124,-1,1085,1124,1086,-1,1086,1124,1125,-1,1086,1125,1087,-1,1087,1125,1126,-1,1087,1126,1088,-1,1088,1126,1127,-1,1088,1127,1089,-1,1089,1127,1128,-1,1089,1128,1090,-1,1090,1128,1129,-1,1090,1129,1091,-1,1091,1129,1130,-1,1091,1130,1092,-1,1092,1130,1131,-1,1092,1131,1093,-1,1093,1131,1132,-1,1093,1132,1094,-1,1094,1132,1133,-1,1094,1133,1095,-1,1095,1133,1134,-1,1095,1134,1096,-1,1096,1134,1135,-1,1096,1135,1097,-1,1097,1135,1136,-1,1097,1136,1098,-1,1098,1136,1137,-1,1098,1137,1099,-1,1099,1137,1138,-1,1099,1138,1100,-1,1100,1138,1139,-1,1100,1139,1101,-1,1101,1139,1140,-1,1101,1140,1102,-1,1102,1140,1141,-1,1102,1141,1103,-1,1103,1141,1142,-1,1103,1142,1104,-1,1104,1142,1143,-1,1104,1143,1105,-1,1105,1143,1144,-1,1105,1144,1106,-1,1106,1144,1145,-1,1106,1145,1107,-1,1107,1145,1108,-1,1145,1146,1108,-1,1108,1146,1147,-1,1108,1147,1109,-1,1109,1147,1148,-1,1109,1148,1110,-1,1110,1148,1149,-1,1110,1149,1111,-1,1111,1149,1150,-1,1111,1150,1112,-1,1112,1150,1151,-1,1112,1151,1113,-1,1113,1151,1152,-1,1113,1152,1114,-1,1114,1152,1153,-1,1114,1153,1115,-1,1115,1153,1154,-1,1115,1154,1116,-1,1116,1154,1155,-1,1116,1155,1117,-1,1117,1155,1156,-1,1117,1156,1118,-1,1118,1156,1157,-1,1118,1157,1119,-1,1119,1157,1158,-1,1119,1158,1120,-1,1120,1158,1159,-1,1120,1159,1121,-1,1121,1159,1160,-1,1121,1160,1122,-1,1122,1160,1161,-1,1122,1161,1123,-1,1123,1161,1162,-1,1123,1162,1124,-1,1124,1162,1163,-1,1124,1163,1125,-1,1125,1163,1164,-1,1125,1164,1126,-1,1126,1164,1165,-1,1126,1165,1127,-1,1127,1165,1166,-1,1127,1166,1128,-1,1128,1166,1167,-1,1128,1167,1129,-1,1129,1167,1168,-1,1129,1168,1130,-1,1130,1168,1169,-1,1130,1169,1131,-1,1131,1169,1170,-1,1131,1170,1132,-1,1132,1170,1171,-1,1132,1171,1133,-1,1133,1171,1172,-1,1133,1172,1134,-1,1134,1172,1173,-1,1134,1173,1135,-1,1135,1173,1174,-1,1135,1174,1136,-1,1136,1174,1175,-1,1136,1175,1137,-1,1137,1175,1176,-1,1137,1176,1138,-1,1138,1176,1177,-1,1138,1177,1139,-1,1139,1177,1178,-1,1139,1178,1140,-1,1140,1178,1179,-1,1140,1179,1141,-1,1141,1179,1180,-1,1141,1180,1142,-1,1142,1180,1181,-1,1142,1181,1143,-1,1143,1181,1182,-1,1143,1182,1144,-1,1144,1182,1183,-1,1144,1183,1145,-1,1145,1183,1146,-1,1183,1184,1146,-1,1146,1184,1185,-1,1146,1185,1147,-1,1147,1185,1186,-1,1147,1186,1148,-1,1148,1186,1187,-1,1148,1187,1149,-1,1149,1187,1188,-1,1149,1188,1150,-1,1150,1188,1189,-1,1150,1189,1151,-1,1151,1189,1190,-1,1151,1190,1152,-1,1152,1190,1191,-1,1152,1191,1153,-1,1153,1191,1192,-1,1153,1192,1154,-1,1154,1192,1193,-1,1154,1193,1155,-1,1155,1193,1194,-1,1155,1194,1156,-1,1156,1194,1195,-1,1156,1195,1157,-1,1157,1195,1196,-1,1157,1196,1158,-1,1158,1196,1197,-1,1158,1197,1159,-1,1159,1197,1198,-1,1159,1198,1160,-1,1160,1198,1199,-1,1160,1199,1161,-1,1161,1199,1200,-1,1161,1200,1162,-1,1162,1200,1201,-1,1162,1201,1163,-1,1163,1201,1202,-1,1163,1202,1164,-1,1164,1202,1203,-1,1164,1203,1165,-1,1165,1203,1204,-1,1165,1204,1166,-1,1166,1204,1205,-1,1166,1205,1167,-1,1167,1205,1206,-1,1167,1206,1168,-1,1168,1206,1207,-1,1168,1207,1169,-1,1169,1207,1208,-1,1169,1208,1170,-1,1170,1208,1209,-1,1170,1209,1171,-1,1171,1209,1210,-1,1171,1210,1172,-1,1172,1210,1211,-1,1172,1211,1173,-1,1173,1211,1212,-1,1173,1212,1174,-1,1174,1212,1213,-1,1174,1213,1175,-1,1175,1213,1214,-1,1175,1214,1176,-1,1176,1214,1215,-1,1176,1215,1177,-1,1177,1215,1216,-1,1177,1216,1178,-1,1178,1216,1217,-1,1178,1217,1179,-1,1179,1217,1218,-1,1179,1218,1180,-1,1180,1218,1219,-1,1180,1219,1181,-1,1181,1219,1220,-1,1181,1220,1182,-1,1182,1220,1221,-1,1182,1221,1183,-1,1183,1221,1184,-1,1221,1222,1184,-1,1184,1222,1223,-1,1184,1223,1185,-1,1185,1223,1224,-1,1185,1224,1186,-1,1186,1224,1225,-1,1186,1225,1187,-1,1187,1225,1226,-1,1187,1226,1188,-1,1188,1226,1227,-1,1188,1227,1189,-1,1189,1227,1228,-1,1189,1228,1190,-1,1190,1228,1229,-1,1190,1229,1191,-1,1191,1229,1230,-1,1191,1230,1192,-1,1192,1230,1231,-1,1192,1231,1193,-1,1193,1231,1232,-1,1193,1232,1194,-1,1194,1232,1233,-1,1194,1233,1195,-1,1195,1233,1234,-1,1195,1234,1196,-1,1196,1234,1235,-1,1196,1235,1197,-1,1197,1235,1236,-1,1197,1236,1198,-1,1198,1236,1237,-1,1198,1237,1199,-1,1199,1237,1238,-1,1199,1238,1200,-1,1200,1238,1239,-1,1200,1239,1201,-1,1201,1239,1240,-1,1201,1240,1202,-1,1202,1240,1241,-1,1202,1241,1203,-1,1203,1241,1242,-1,1203,1242,1204,-1,1204,1242,1243,-1,1204,1243,1205,-1,1205,1243,1244,-1,1205,1244,1206,-1,1206,1244,1245,-1,1206,1245,1207,-1,1207,1245,1246,-1,1207,1246,1208,-1,1208,1246,1247,-1,1208,1247,1209,-1,1209,1247,1248,-1,1209,1248,1210,-1,1210,1248,1249,-1,1210,1249,1211,-1,1211,1249,1250,-1,1211,1250,1212,-1,1212,1250,1251,-1,1212,1251,1213,-1,1213,1251,1252,-1,1213,1252,1214,-1,1214,1252,1253,-1,1214,1253,1215,-1,1215,1253,1254,-1,1215,1254,1216,-1,1216,1254,1255,-1,1216,1255,1217,-1,1217,1255,1256,-1,1217,1256,1218,-1,1218,1256,1257,-1,1218,1257,1219,-1,1219,1257,1258,-1,1219,1258,1220,-1,1220,1258,1259,-1,1220,1259,1221,-1,1221,1259,1222,-1,1259,1260,1222,-1,1222,1260,1261,-1,1222,1261,1223,-1,1223,1261,1262,-1,1223,1262,1224,-1,1224,1262,1263,-1,1224,1263,1225,-1,1225,1263,1264,-1,1225,1264,1226,-1,1226,1264,1265,-1,1226,1265,1227,-1,1227,1265,1266,-1,1227,1266,1228,-1,1228,1266,1267,-1,1228,1267,1229,-1,1229,1267,1268,-1,1229,1268,1230,-1,1230,1268,1269,-1,1230,1269,1231,-1,1231,1269,1270,-1,1231,1270,1232,-1,1232,1270,1271,-1,1232,1271,1233,-1,1233,1271,1272,-1,1233,1272,1234,-1,1234,1272,1273,-1,1234,1273,1235,-1,1235,1273,1274,-1,1235,1274,1236,-1,1236,1274,1275,-1,1236,1275,1237,-1,1237,1275,1276,-1,1237,1276,1238,-1,1238,1276,1277,-1,1238,1277,1239,-1,1239,1277,1278,-1,1239,1278,1240,-1,1240,1278,1279,-1,1240,1279,1241,-1,1241,1279,1280,-1,1241,1280,1242,-1,1242,1280,1281,-1,1242,1281,1243,-1,1243,1281,1282,-1,1243,1282,1244,-1,1244,1282,1283,-1,1244,1283,1245,-1,1245,1283,1284,-1,1245,1284,1246,-1,1246,1284,1285,-1,1246,1285,1247,-1,1247,1285,1286,-1,1247,1286,1248,-1,1248,1286,1287,-1,1248,1287,1249,-1,1249,1287,1288,-1,1249,1288,1250,-1,1250,1288,1289,-1,1250,1289,1251,-1,1251,1289,1290,-1,1251,1290,1252,-1,1252,1290,1291,-1,1252,1291,1253,-1,1253,1291,1292,-1,1253,1292,1254,-1,1254,1292,1293,-1,1254,1293,1255,-1,1255,1293,1294,-1,1255,1294,1256,-1,1256,1294,1295,-1,1256,1295,1257,-1,1257,1295,1296,-1,1257,1296,1258,-1,1258,1296,1297,-1,1258,1297,1259,-1,1259,1297,1260,-1,1297,1298,1260,-1,1260,1298,1299,-1,1260,1299,1261,-1,1261,1299,1300,-1,1261,1300,1262,-1,1262,1300,1301,-1,1262,1301,1263,-1,1263,1301,1302,-1,1263,1302,1264,-1,1264,1302,1303,-1,1264,1303,1265,-1,1265,1303,1304,-1,1265,1304,1266,-1,1266,1304,1305,-1,1266,1305,1267,-1,1267,1305,1306,-1,1267,1306,1268,-1,1268,1306,1307,-1,1268,1307,1269,-1,1269,1307,1308,-1,1269,1308,1270,-1,1270,1308,1309,-1,1270,1309,1271,-1,1271,1309,1310,-1,1271,1310,1272,-1,1272,1310,1311,-1,1272,1311,1273,-1,1273,1311,1312,-1,1273,1312,1274,-1,1274,1312,1313,-1,1274,1313,1275,-1,1275,1313,1314,-1,1275,1314,1276,-1,1276,1314,1315,-1,1276,1315,1277,-1,1277,1315,1316,-1,1277,1316,1278,-1,1278,1316,1317,-1,1278,1317,1279,-1,1279,1317,1318,-1,1279,1318,1280,-1,1280,1318,1319,-1,1280,1319,1281,-1,1281,1319,1320,-1,1281,1320,1282,-1,1282,1320,1321,-1,1282,1321,1283,-1,1283,1321,1322,-1,1283,1322,1284,-1,1284,1322,1323,-1,1284,1323,1285,-1,1285,1323,1324,-1,1285,1324,1286,-1,1286,1324,1325,-1,1286,1325,1287,-1,1287,1325,1326,-1,1287,1326,1288,-1,1288,1326,1327,-1,1288,1327,1289,-1,1289,1327,1328,-1,1289,1328,1290,-1,1290,1328,1329,-1,1290,1329,1291,-1,1291,1329,1330,-1,1291,1330,1292,-1,1292,1330,1331,-1,1292,1331,1293,-1,1293,1331,1332,-1,1293,1332,1294,-1,1294,1332,1333,-1,1294,1333,1295,-1,1295,1333,1334,-1,1295,1334,1296,-1,1296,1334,1335,-1,1296,1335,1297,-1,1297,1335,1298,-1,1335,1336,1298,-1,1298,1336,1337,-1,1298,1337,1299,-1,1299,1337,1338,-1,1299,1338,1300,-1,1300,1338,1339,-1,1300,1339,1301,-1,1301,1339,1340,-1,1301,1340,1302,-1,1302,1340,1341,-1,1302,1341,1303,-1,1303,1341,1342,-1,1303,1342,1304,-1,1304,1342,1343,-1,1304,1343,1305,-1,1305,1343,1344,-1,1305,1344,1306,-1,1306,1344,1345,-1,1306,1345,1307,-1,1307,1345,1346,-1,1307,1346,1308,-1,1308,1346,1347,-1,1308,1347,1309,-1,1309,1347,1348,-1,1309,1348,1310,-1,1310,1348,1349,-1,1310,1349,1311,-1,1311,1349,1350,-1,1311,1350,1312,-1,1312,1350,1351,-1,1312,1351,1313,-1,1313,1351,1352,-1,1313,1352,1314,-1,1314,1352,1353,-1,1314,1353,1315,-1,1315,1353,1354,-1,1315,1354,1316,-1,1316,1354,1355,-1,1316,1355,1317,-1,1317,1355,1356,-1,1317,1356,1318,-1,1318,1356,1357,-1,1318,1357,1319,-1,1319,1357,1358,-1,1319,1358,1320,-1,1320,1358,1359,-1,1320,1359,1321,-1,1321,1359,1360,-1,1321,1360,1322,-1,1322,1360,1361,-1,1322,1361,1323,-1,1323,1361,1362,-1,1323,1362,1324,-1,1324,1362,1363,-1,1324,1363,1325,-1,1325,1363,1364,-1,1325,1364,1326,-1,1326,1364,1365,-1,1326,1365,1327,-1,1327,1365,1366,-1,1327,1366,1328,-1,1328,1366,1367,-1,1328,1367,1329,-1,1329,1367,1368,-1,1329,1368,1330,-1,1330,1368,1369,-1,1330,1369,1331,-1,1331,1369,1370,-1,1331,1370,1332,-1,1332,1370,1371,-1,1332,1371,1333,-1,1333,1371,1372,-1,1333,1372,1334,-1,1334,1372,1373,-1,1334,1373,1335,-1,1335,1373,1336,-1,1373,917,1336,-1,1336,917,916,-1,1336,916,1337,-1,1337,916,919,-1,1337,919,1338,-1,1338,919,920,-1,1338,920,1339,-1,1339,920,921,-1,1339,921,1340,-1,1340,921,922,-1,1340,922,1341,-1,1341,922,923,-1,1341,923,1342,-1,1342,923,924,-1,1342,924,1343,-1,1343,924,925,-1,1343,925,1344,-1,1344,925,926,-1,1344,926,1345,-1,1345,926,927,-1,1345,927,1346,-1,1346,927,928,-1,1346,928,1347,-1,1347,928,929,-1,1347,929,1348,-1,1348,929,930,-1,1348,930,1349,-1,1349,930,931,-1,1349,931,1350,-1,1350,931,932,-1,1350,932,1351,-1,1351,932,933,-1,1351,933,1352,-1,1352,933,934,-1,1352,934,1353,-1,1353,934,935,-1,1353,935,1354,-1,1354,935,936,-1,1354,936,1355,-1,1355,936,937,-1,1355,937,1356,-1,1356,937,938,-1,1356,938,1357,-1,1357,938,939,-1,1357,939,1358,-1,1358,939,940,-1,1358,940,1359,-1,1359,940,941,-1,1359,941,1360,-1,1360,941,942,-1,1360,942,1361,-1,1361,942,943,-1,1361,943,1362,-1,1362,943,944,-1,1362,944,1363,-1,1363,944,945,-1,1363,945,1364,-1,1364,945,946,-1,1364,946,1365,-1,1365,946,947,-1,1365,947,1366,-1,1366,947,948,-1,1366,948,1367,-1,1367,948,949,-1,1367,949,1368,-1,1368,949,950,-1,1368,950,1369,-1,1369,950,951,-1,1369,951,1370,-1,1370,951,952,-1,1370,952,1371,-1,1371,952,953,-1,1371,953,1372,-1,1372,953,954,-1,1372,954,1373,-1,1373,954,917,-1,1374,1375,1376,-1,1374,1376,1377,-1,1378,1377,1376,-1,1379,1378,1376,-1,1380,1379,1376,-1,1381,1380,1376,-1,1382,1381,1376,-1,1383,1382,1376,-1,1384,1383,1376,-1,1385,1384,1376,-1,1386,1385,1376,-1,1387,1386,1376,-1,1388,1387,1376,-1,1389,1388,1376,-1,1390,1389,1376,-1,1391,1390,1376,-1,1392,1391,1376,-1,1393,1392,1376,-1,1394,1393,1376,-1,1395,1394,1376,-1,1396,1395,1376,-1,1397,1396,1376,-1,1398,1397,1376,-1,1399,1398,1376,-1,1400,1399,1376,-1,1401,1400,1376,-1,1402,1401,1376,-1,1403,1402,1376,-1,1404,1403,1376,-1,1405,1404,1376,-1,1406,1405,1376,-1,1407,1406,1376,-1,1408,1407,1376,-1,1409,1408,1376,-1,1410,1409,1376,-1,1411,1410,1376,-1,1412,1411,1376,-1,1375,1412,1376,-1,1413,1414,1415,-1,1415,1416,1413,-1,1413,1416,1417,-1,1413,1417,1418,-1,1418,1417,1419,-1,1418,1419,1420,-1,1420,1419,1421,-1,1420,1421,1422,-1,1422,1421,1423,-1,1422,1423,1424,-1,1424,1423,1425,-1,1424,1425,1426,-1,1426,1425,1427,-1,1426,1427,1428,-1,1428,1427,1429,-1,1428,1429,1430,-1,1430,1429,1431,-1,1430,1431,1432,-1,1432,1431,1433,-1,1432,1433,1434,-1,1434,1433,1435,-1,1434,1435,1436,-1,1436,1435,1437,-1,1436,1437,1438,-1,1438,1437,1439,-1,1438,1439,1440,-1,1440,1439,1441,-1,1440,1441,1442,-1,1442,1441,1443,-1,1442,1443,1444,-1,1444,1443,1445,-1,1444,1445,1446,-1,1446,1445,1447,-1,1446,1447,1448,-1,1448,1447,1449,-1,1448,1449,1450,-1,1450,1449,1451,-1,1450,1451,1452,-1,1452,1451,1453,-1,1452,1453,1454,-1,1454,1453,1455,-1,1454,1455,1456,-1,1456,1455,1457,-1,1456,1457,1458,-1,1458,1457,1459,-1,1458,1459,1460,-1,1460,1459,1461,-1,1460,1461,1462,-1,1462,1461,1463,-1,1462,1463,1464,-1,1464,1463,1465,-1,1464,1465,1466,-1,1466,1465,1467,-1,1466,1467,1468,-1,1468,1467,1469,-1,1468,1469,1470,-1,1470,1469,1471,-1,1470,1471,1472,-1,1472,1471,1473,-1,1472,1473,1474,-1,1474,1473,1475,-1,1474,1475,1476,-1,1476,1475,1477,-1,1476,1477,1478,-1,1478,1477,1479,-1,1478,1479,1480,-1,1480,1479,1481,-1,1480,1481,1482,-1,1482,1481,1483,-1,1482,1483,1484,-1,1484,1483,1485,-1,1484,1485,1486,-1,1486,1485,1487,-1,1486,1487,1488,-1,1488,1487,1415,-1,1488,1415,1489,-1,1489,1415,1414,-1,1471,1490,1473,-1,1473,1490,1491,-1,1473,1491,1475,-1,1475,1491,1492,-1,1475,1492,1477,-1,1477,1492,1493,-1,1477,1493,1479,-1,1479,1493,1494,-1,1479,1494,1481,-1,1481,1494,1495,-1,1481,1495,1483,-1,1483,1495,1496,-1,1483,1496,1485,-1,1485,1496,1497,-1,1485,1497,1487,-1,1487,1497,1498,-1,1487,1498,1415,-1,1415,1498,1499,-1,1415,1499,1416,-1,1416,1499,1500,-1,1416,1500,1417,-1,1417,1500,1501,-1,1417,1501,1419,-1,1419,1501,1502,-1,1419,1502,1421,-1,1421,1502,1503,-1,1421,1503,1423,-1,1423,1503,1504,-1,1423,1504,1425,-1,1425,1504,1505,-1,1425,1505,1427,-1,1427,1505,1506,-1,1427,1506,1429,-1,1429,1506,1507,-1,1429,1507,1431,-1,1431,1507,1508,-1,1431,1508,1433,-1,1433,1508,1509,-1,1433,1509,1435,-1,1435,1509,1510,-1,1435,1510,1437,-1,1437,1510,1511,-1,1437,1511,1439,-1,1439,1511,1512,-1,1439,1512,1441,-1,1441,1512,1513,-1,1441,1513,1443,-1,1443,1513,1514,-1,1443,1514,1445,-1,1445,1514,1515,-1,1445,1515,1447,-1,1447,1515,1516,-1,1447,1516,1449,-1,1449,1516,1517,-1,1449,1517,1451,-1,1451,1517,1518,-1,1451,1518,1453,-1,1453,1518,1519,-1,1453,1519,1455,-1,1455,1519,1520,-1,1455,1520,1457,-1,1457,1520,1521,-1,1457,1521,1459,-1,1459,1521,1522,-1,1459,1522,1461,-1,1461,1522,1523,-1,1461,1523,1463,-1,1463,1523,1524,-1,1463,1524,1465,-1,1465,1524,1525,-1,1465,1525,1467,-1,1467,1525,1526,-1,1467,1526,1469,-1,1469,1526,1527,-1,1469,1527,1471,-1,1471,1527,1490,-1,1527,1528,1490,-1,1490,1528,1529,-1,1490,1529,1491,-1,1491,1529,1530,-1,1491,1530,1492,-1,1492,1530,1531,-1,1492,1531,1493,-1,1493,1531,1532,-1,1493,1532,1494,-1,1494,1532,1533,-1,1494,1533,1495,-1,1495,1533,1534,-1,1495,1534,1496,-1,1496,1534,1535,-1,1496,1535,1497,-1,1497,1535,1536,-1,1497,1536,1498,-1,1498,1536,1537,-1,1498,1537,1499,-1,1499,1537,1538,-1,1499,1538,1500,-1,1500,1538,1539,-1,1500,1539,1501,-1,1501,1539,1540,-1,1501,1540,1502,-1,1502,1540,1541,-1,1502,1541,1503,-1,1503,1541,1542,-1,1503,1542,1504,-1,1504,1542,1543,-1,1504,1543,1505,-1,1505,1543,1544,-1,1505,1544,1506,-1,1506,1544,1545,-1,1506,1545,1507,-1,1507,1545,1546,-1,1507,1546,1508,-1,1508,1546,1547,-1,1508,1547,1509,-1,1509,1547,1548,-1,1509,1548,1510,-1,1510,1548,1549,-1,1510,1549,1511,-1,1511,1549,1550,-1,1511,1550,1512,-1,1512,1550,1551,-1,1512,1551,1513,-1,1513,1551,1552,-1,1513,1552,1514,-1,1514,1552,1553,-1,1514,1553,1515,-1,1515,1553,1554,-1,1515,1554,1516,-1,1516,1554,1555,-1,1516,1555,1517,-1,1517,1555,1556,-1,1517,1556,1518,-1,1518,1556,1557,-1,1518,1557,1519,-1,1519,1557,1558,-1,1519,1558,1520,-1,1520,1558,1559,-1,1520,1559,1521,-1,1521,1559,1560,-1,1521,1560,1522,-1,1522,1560,1561,-1,1522,1561,1523,-1,1523,1561,1562,-1,1523,1562,1524,-1,1524,1562,1563,-1,1524,1563,1525,-1,1525,1563,1564,-1,1525,1564,1526,-1,1526,1564,1565,-1,1526,1565,1527,-1,1527,1565,1528,-1,1565,1566,1528,-1,1528,1566,1567,-1,1528,1567,1529,-1,1529,1567,1568,-1,1529,1568,1530,-1,1530,1568,1569,-1,1530,1569,1531,-1,1531,1569,1570,-1,1531,1570,1532,-1,1532,1570,1571,-1,1532,1571,1533,-1,1533,1571,1572,-1,1533,1572,1534,-1,1534,1572,1573,-1,1534,1573,1535,-1,1535,1573,1574,-1,1535,1574,1536,-1,1536,1574,1575,-1,1536,1575,1537,-1,1537,1575,1576,-1,1537,1576,1538,-1,1538,1576,1577,-1,1538,1577,1539,-1,1539,1577,1578,-1,1539,1578,1540,-1,1540,1578,1579,-1,1540,1579,1541,-1,1541,1579,1580,-1,1541,1580,1542,-1,1542,1580,1581,-1,1542,1581,1543,-1,1543,1581,1582,-1,1543,1582,1544,-1,1544,1582,1583,-1,1544,1583,1545,-1,1545,1583,1584,-1,1545,1584,1546,-1,1546,1584,1585,-1,1546,1585,1547,-1,1547,1585,1586,-1,1547,1586,1548,-1,1548,1586,1587,-1,1548,1587,1549,-1,1549,1587,1588,-1,1549,1588,1550,-1,1550,1588,1589,-1,1550,1589,1551,-1,1551,1589,1590,-1,1551,1590,1552,-1,1552,1590,1591,-1,1552,1591,1553,-1,1553,1591,1592,-1,1553,1592,1554,-1,1554,1592,1593,-1,1554,1593,1555,-1,1555,1593,1594,-1,1555,1594,1556,-1,1556,1594,1595,-1,1556,1595,1557,-1,1557,1595,1596,-1,1557,1596,1558,-1,1558,1596,1597,-1,1558,1597,1559,-1,1559,1597,1598,-1,1559,1598,1560,-1,1560,1598,1599,-1,1560,1599,1561,-1,1561,1599,1600,-1,1561,1600,1562,-1,1562,1600,1601,-1,1562,1601,1563,-1,1563,1601,1602,-1,1563,1602,1564,-1,1564,1602,1603,-1,1564,1603,1565,-1,1565,1603,1566,-1,1603,1604,1566,-1,1566,1604,1605,-1,1566,1605,1567,-1,1567,1605,1606,-1,1567,1606,1568,-1,1568,1606,1607,-1,1568,1607,1569,-1,1569,1607,1608,-1,1569,1608,1570,-1,1570,1608,1609,-1,1570,1609,1571,-1,1571,1609,1610,-1,1571,1610,1572,-1,1572,1610,1611,-1,1572,1611,1573,-1,1573,1611,1612,-1,1573,1612,1574,-1,1574,1612,1613,-1,1574,1613,1575,-1,1575,1613,1614,-1,1575,1614,1576,-1,1576,1614,1615,-1,1576,1615,1577,-1,1577,1615,1616,-1,1577,1616,1578,-1,1578,1616,1617,-1,1578,1617,1579,-1,1579,1617,1618,-1,1579,1618,1580,-1,1580,1618,1619,-1,1580,1619,1581,-1,1581,1619,1620,-1,1581,1620,1582,-1,1582,1620,1621,-1,1582,1621,1583,-1,1583,1621,1622,-1,1583,1622,1584,-1,1584,1622,1623,-1,1584,1623,1585,-1,1585,1623,1624,-1,1585,1624,1586,-1,1586,1624,1625,-1,1586,1625,1587,-1,1587,1625,1626,-1,1587,1626,1588,-1,1588,1626,1627,-1,1588,1627,1589,-1,1589,1627,1628,-1,1589,1628,1590,-1,1590,1628,1629,-1,1590,1629,1591,-1,1591,1629,1630,-1,1591,1630,1592,-1,1592,1630,1631,-1,1592,1631,1593,-1,1593,1631,1632,-1,1593,1632,1594,-1,1594,1632,1633,-1,1594,1633,1595,-1,1595,1633,1634,-1,1595,1634,1596,-1,1596,1634,1635,-1,1596,1635,1597,-1,1597,1635,1636,-1,1597,1636,1598,-1,1598,1636,1637,-1,1598,1637,1599,-1,1599,1637,1638,-1,1599,1638,1600,-1,1600,1638,1639,-1,1600,1639,1601,-1,1601,1639,1640,-1,1601,1640,1602,-1,1602,1640,1641,-1,1602,1641,1603,-1,1603,1641,1604,-1,1641,1642,1604,-1,1604,1642,1643,-1,1604,1643,1605,-1,1605,1643,1644,-1,1605,1644,1606,-1,1606,1644,1645,-1,1606,1645,1607,-1,1607,1645,1646,-1,1607,1646,1608,-1,1608,1646,1647,-1,1608,1647,1609,-1,1609,1647,1648,-1,1609,1648,1610,-1,1610,1648,1649,-1,1610,1649,1611,-1,1611,1649,1650,-1,1611,1650,1612,-1,1612,1650,1651,-1,1612,1651,1613,-1,1613,1651,1652,-1,1613,1652,1614,-1,1614,1652,1653,-1,1614,1653,1615,-1,1615,1653,1654,-1,1615,1654,1616,-1,1616,1654,1655,-1,1616,1655,1617,-1,1617,1655,1656,-1,1617,1656,1618,-1,1618,1656,1657,-1,1618,1657,1619,-1,1619,1657,1658,-1,1619,1658,1620,-1,1620,1658,1659,-1,1620,1659,1621,-1,1621,1659,1660,-1,1621,1660,1622,-1,1622,1660,1661,-1,1622,1661,1623,-1,1623,1661,1662,-1,1623,1662,1624,-1,1624,1662,1663,-1,1624,1663,1625,-1,1625,1663,1664,-1,1625,1664,1626,-1,1626,1664,1665,-1,1626,1665,1627,-1,1627,1665,1666,-1,1627,1666,1628,-1,1628,1666,1667,-1,1628,1667,1629,-1,1629,1667,1668,-1,1629,1668,1630,-1,1630,1668,1669,-1,1630,1669,1631,-1,1631,1669,1670,-1,1631,1670,1632,-1,1632,1670,1671,-1,1632,1671,1633,-1,1633,1671,1672,-1,1633,1672,1634,-1,1634,1672,1673,-1,1634,1673,1635,-1,1635,1673,1674,-1,1635,1674,1636,-1,1636,1674,1675,-1,1636,1675,1637,-1,1637,1675,1676,-1,1637,1676,1638,-1,1638,1676,1677,-1,1638,1677,1639,-1,1639,1677,1678,-1,1639,1678,1640,-1,1640,1678,1679,-1,1640,1679,1641,-1,1641,1679,1642,-1,1679,1680,1642,-1,1642,1680,1681,-1,1642,1681,1643,-1,1643,1681,1682,-1,1643,1682,1644,-1,1644,1682,1683,-1,1644,1683,1645,-1,1645,1683,1684,-1,1645,1684,1646,-1,1646,1684,1685,-1,1646,1685,1647,-1,1647,1685,1686,-1,1647,1686,1648,-1,1648,1686,1687,-1,1648,1687,1649,-1,1649,1687,1688,-1,1649,1688,1650,-1,1650,1688,1689,-1,1650,1689,1651,-1,1651,1689,1690,-1,1651,1690,1652,-1,1652,1690,1691,-1,1652,1691,1653,-1,1653,1691,1692,-1,1653,1692,1654,-1,1654,1692,1693,-1,1654,1693,1655,-1,1655,1693,1694,-1,1655,1694,1656,-1,1656,1694,1695,-1,1656,1695,1657,-1,1657,1695,1696,-1,1657,1696,1658,-1,1658,1696,1697,-1,1658,1697,1659,-1,1659,1697,1698,-1,1659,1698,1660,-1,1660,1698,1699,-1,1660,1699,1661,-1,1661,1699,1700,-1,1661,1700,1662,-1,1662,1700,1701,-1,1662,1701,1663,-1,1663,1701,1702,-1,1663,1702,1664,-1,1664,1702,1703,-1,1664,1703,1665,-1,1665,1703,1704,-1,1665,1704,1666,-1,1666,1704,1705,-1,1666,1705,1667,-1,1667,1705,1706,-1,1667,1706,1668,-1,1668,1706,1707,-1,1668,1707,1669,-1,1669,1707,1708,-1,1669,1708,1670,-1,1670,1708,1709,-1,1670,1709,1671,-1,1671,1709,1710,-1,1671,1710,1672,-1,1672,1710,1711,-1,1672,1711,1673,-1,1673,1711,1712,-1,1673,1712,1674,-1,1674,1712,1713,-1,1674,1713,1675,-1,1675,1713,1714,-1,1675,1714,1676,-1,1676,1714,1715,-1,1676,1715,1677,-1,1677,1715,1716,-1,1677,1716,1678,-1,1678,1716,1717,-1,1678,1717,1679,-1,1679,1717,1680,-1,1717,1718,1680,-1,1680,1718,1719,-1,1680,1719,1681,-1,1681,1719,1720,-1,1681,1720,1682,-1,1682,1720,1721,-1,1682,1721,1683,-1,1683,1721,1722,-1,1683,1722,1684,-1,1684,1722,1723,-1,1684,1723,1685,-1,1685,1723,1724,-1,1685,1724,1686,-1,1686,1724,1725,-1,1686,1725,1687,-1,1687,1725,1726,-1,1687,1726,1688,-1,1688,1726,1727,-1,1688,1727,1689,-1,1689,1727,1728,-1,1689,1728,1690,-1,1690,1728,1729,-1,1690,1729,1691,-1,1691,1729,1730,-1,1691,1730,1692,-1,1692,1730,1731,-1,1692,1731,1693,-1,1693,1731,1732,-1,1693,1732,1694,-1,1694,1732,1733,-1,1694,1733,1695,-1,1695,1733,1734,-1,1695,1734,1696,-1,1696,1734,1735,-1,1696,1735,1697,-1,1697,1735,1736,-1,1697,1736,1698,-1,1698,1736,1737,-1,1698,1737,1699,-1,1699,1737,1738,-1,1699,1738,1700,-1,1700,1738,1739,-1,1700,1739,1701,-1,1701,1739,1740,-1,1701,1740,1702,-1,1702,1740,1741,-1,1702,1741,1703,-1,1703,1741,1742,-1,1703,1742,1704,-1,1704,1742,1743,-1,1704,1743,1705,-1,1705,1743,1744,-1,1705,1744,1706,-1,1706,1744,1745,-1,1706,1745,1707,-1,1707,1745,1746,-1,1707,1746,1708,-1,1708,1746,1747,-1,1708,1747,1709,-1,1709,1747,1748,-1,1709,1748,1710,-1,1710,1748,1749,-1,1710,1749,1711,-1,1711,1749,1750,-1,1711,1750,1712,-1,1712,1750,1751,-1,1712,1751,1713,-1,1713,1751,1752,-1,1713,1752,1714,-1,1714,1752,1753,-1,1714,1753,1715,-1,1715,1753,1754,-1,1715,1754,1716,-1,1716,1754,1755,-1,1716,1755,1717,-1,1717,1755,1718,-1,1755,1756,1718,-1,1718,1756,1757,-1,1718,1757,1719,-1,1719,1757,1758,-1,1719,1758,1720,-1,1720,1758,1759,-1,1720,1759,1721,-1,1721,1759,1760,-1,1721,1760,1722,-1,1722,1760,1761,-1,1722,1761,1723,-1,1723,1761,1762,-1,1723,1762,1724,-1,1724,1762,1763,-1,1724,1763,1725,-1,1725,1763,1764,-1,1725,1764,1726,-1,1726,1764,1765,-1,1726,1765,1727,-1,1727,1765,1766,-1,1727,1766,1728,-1,1728,1766,1767,-1,1728,1767,1729,-1,1729,1767,1768,-1,1729,1768,1730,-1,1730,1768,1769,-1,1730,1769,1731,-1,1731,1769,1770,-1,1731,1770,1732,-1,1732,1770,1771,-1,1732,1771,1733,-1,1733,1771,1772,-1,1733,1772,1734,-1,1734,1772,1773,-1,1734,1773,1735,-1,1735,1773,1774,-1,1735,1774,1736,-1,1736,1774,1775,-1,1736,1775,1737,-1,1737,1775,1776,-1,1737,1776,1738,-1,1738,1776,1777,-1,1738,1777,1739,-1,1739,1777,1778,-1,1739,1778,1740,-1,1740,1778,1779,-1,1740,1779,1741,-1,1741,1779,1780,-1,1741,1780,1742,-1,1742,1780,1781,-1,1742,1781,1743,-1,1743,1781,1782,-1,1743,1782,1744,-1,1744,1782,1783,-1,1744,1783,1745,-1,1745,1783,1784,-1,1745,1784,1746,-1,1746,1784,1785,-1,1746,1785,1747,-1,1747,1785,1786,-1,1747,1786,1748,-1,1748,1786,1787,-1,1748,1787,1749,-1,1749,1787,1788,-1,1749,1788,1750,-1,1750,1788,1789,-1,1750,1789,1751,-1,1751,1789,1790,-1,1751,1790,1752,-1,1752,1790,1791,-1,1752,1791,1753,-1,1753,1791,1792,-1,1753,1792,1754,-1,1754,1792,1793,-1,1754,1793,1755,-1,1755,1793,1756,-1,1793,1794,1756,-1,1756,1794,1795,-1,1756,1795,1757,-1,1757,1795,1796,-1,1757,1796,1758,-1,1758,1796,1797,-1,1758,1797,1759,-1,1759,1797,1798,-1,1759,1798,1760,-1,1760,1798,1799,-1,1760,1799,1761,-1,1761,1799,1800,-1,1761,1800,1762,-1,1762,1800,1801,-1,1762,1801,1763,-1,1763,1801,1802,-1,1763,1802,1764,-1,1764,1802,1803,-1,1764,1803,1765,-1,1765,1803,1804,-1,1765,1804,1766,-1,1766,1804,1805,-1,1766,1805,1767,-1,1767,1805,1806,-1,1767,1806,1768,-1,1768,1806,1807,-1,1768,1807,1769,-1,1769,1807,1808,-1,1769,1808,1770,-1,1770,1808,1809,-1,1770,1809,1771,-1,1771,1809,1810,-1,1771,1810,1772,-1,1772,1810,1811,-1,1772,1811,1773,-1,1773,1811,1812,-1,1773,1812,1774,-1,1774,1812,1813,-1,1774,1813,1775,-1,1775,1813,1814,-1,1775,1814,1776,-1,1776,1814,1815,-1,1776,1815,1777,-1,1777,1815,1816,-1,1777,1816,1778,-1,1778,1816,1817,-1,1778,1817,1779,-1,1779,1817,1818,-1,1779,1818,1780,-1,1780,1818,1819,-1,1780,1819,1781,-1,1781,1819,1820,-1,1781,1820,1782,-1,1782,1820,1821,-1,1782,1821,1783,-1,1783,1821,1822,-1,1783,1822,1784,-1,1784,1822,1823,-1,1784,1823,1785,-1,1785,1823,1824,-1,1785,1824,1786,-1,1786,1824,1825,-1,1786,1825,1787,-1,1787,1825,1826,-1,1787,1826,1788,-1,1788,1826,1827,-1,1788,1827,1789,-1,1789,1827,1828,-1,1789,1828,1790,-1,1790,1828,1829,-1,1790,1829,1791,-1,1791,1829,1830,-1,1791,1830,1792,-1,1792,1830,1831,-1,1792,1831,1793,-1,1793,1831,1794,-1,1831,1375,1794,-1,1794,1375,1374,-1,1794,1374,1795,-1,1795,1374,1377,-1,1795,1377,1796,-1,1796,1377,1378,-1,1796,1378,1797,-1,1797,1378,1379,-1,1797,1379,1798,-1,1798,1379,1380,-1,1798,1380,1799,-1,1799,1380,1381,-1,1799,1381,1800,-1,1800,1381,1382,-1,1800,1382,1801,-1,1801,1382,1383,-1,1801,1383,1802,-1,1802,1383,1384,-1,1802,1384,1803,-1,1803,1384,1385,-1,1803,1385,1804,-1,1804,1385,1386,-1,1804,1386,1805,-1,1805,1386,1387,-1,1805,1387,1806,-1,1806,1387,1388,-1,1806,1388,1807,-1,1807,1388,1389,-1,1807,1389,1808,-1,1808,1389,1390,-1,1808,1390,1809,-1,1809,1390,1391,-1,1809,1391,1810,-1,1810,1391,1392,-1,1810,1392,1811,-1,1811,1392,1393,-1,1811,1393,1812,-1,1812,1393,1394,-1,1812,1394,1813,-1,1813,1394,1395,-1,1813,1395,1814,-1,1814,1395,1396,-1,1814,1396,1815,-1,1815,1396,1397,-1,1815,1397,1816,-1,1816,1397,1398,-1,1816,1398,1817,-1,1817,1398,1399,-1,1817,1399,1818,-1,1818,1399,1400,-1,1818,1400,1819,-1,1819,1400,1401,-1,1819,1401,1820,-1,1820,1401,1402,-1,1820,1402,1821,-1,1821,1402,1403,-1,1821,1403,1822,-1,1822,1403,1404,-1,1822,1404,1823,-1,1823,1404,1405,-1,1823,1405,1824,-1,1824,1405,1406,-1,1824,1406,1825,-1,1825,1406,1407,-1,1825,1407,1826,-1,1826,1407,1408,-1,1826,1408,1827,-1,1827,1408,1409,-1,1827,1409,1828,-1,1828,1409,1410,-1,1828,1410,1829,-1,1829,1410,1411,-1,1829,1411,1830,-1,1830,1411,1412,-1,1830,1412,1831,-1,1831,1412,1375,-1,
        ]
    }
}
Shape{
    appearance Appearance {
        material  Material 	{
            diffuseColor 0.25098039215686274 0.25098039215686274 0.25098039215686274
            specularColor 0.12549019607843137 0.12549019607843137 0.12549019607843137
            ambientIntensity 0.251
            transparency 0.0
            shininess 0.5
        }
    }
    geometry IndexedFaceSet {
        ccw TRUE
        solid FALSE
        coord DEF co Coordinate {
            point [
                0.1293 0.1138 0.2343, 0.1296 0.1165 0.2382, 0.1296 0.1165 0.2343, 0.1296 0.1172 0.2382, 0.1296 0.1172 0.2343, 0.129 0.1201 0.2382, 0.129 0.1201 0.2343, 0.1278 0.1229 0.2382, 0.1278 0.1229 0.2343, 0.1259 0.1253 0.2382, 0.1259 0.1253 0.2343, 0.1237 0.127 0.2382, 0.1237 0.127 0.2343, 0.1209 0.1283 0.2382, 0.1209 0.1283 0.2343, 0.118 0.1289 0.2382, 0.118 0.1289 0.2343, 0.115 0.1288 0.2382, 0.115 0.1288 0.2343, 0.112 0.1278 0.2382, 0.112 0.1278 0.2343, 0.1094 0.1263 0.2382, 0.1094 0.1263 0.2343, 0.1079 0.1249 0.2382, 0.1079 0.1249 0.2343, 0.1061 0.1223 0.2382, 0.1061 0.1223 0.2343, 0.105 0.1195 0.2382, 0.105 0.1195 0.2343, 0.1046 0.1165 0.2382, 0.1046 0.1165 0.2343, 0.105 0.1135 0.2382, 0.105 0.1135 0.2343, 0.1061 0.1106 0.2382, 0.1061 0.1106 0.2343, 0.1078 0.1082 0.2382, 0.1078 0.1082 0.2343, 0.11 0.1062 0.2382, 0.11 0.1062 0.2343, 0.1128 0.1048 0.2382, 0.1128 0.1048 0.2343, 0.1157 0.1041 0.2382, 0.1157 0.1041 0.2343, 0.1187 0.1041 0.2382, 0.1187 0.1041 0.2343, 0.1217 0.1049 0.2382, 0.1217 0.1049 0.2343, 0.1244 0.1063 0.2382, 0.1244 0.1063 0.2343, 0.1266 0.1083 0.2382, 0.1266 0.1083 0.2343, 0.1283 0.111 0.2382, 0.1283 0.111 0.2343, 0.1293 0.1138 0.2382
            ]
        }
        coordIndex [
            0,1,2,-1,2,1,3,-1,2,3,4,-1,4,3,5,-1,4,5,6,-1,6,5,7,-1,6,7,8,-1,8,7,9,-1,8,9,10,-1,10,9,11,-1,10,11,12,-1,12,11,13,-1,12,13,14,-1,14,13,15,-1,14,15,16,-1,16,15,17,-1,16,17,18,-1,18,17,19,-1,18,19,20,-1,20,19,21,-1,20,21,22,-1,22,21,23,-1,22,23,24,-1,24,23,25,-1,24,25,26,-1,26,25,27,-1,26,27,28,-1,28,27,29,-1,28,29,30,-1,30,29,31,-1,30,31,32,-1,32,31,33,-1,32,33,34,-1,34,33,35,-1,34,35,36,-1,36,35,37,-1,36,37,38,-1,38,37,39,-1,38,39,40,-1,40,39,41,-1,40,41,42,-1,42,41,43,-1,42,43,44,-1,44,43,45,-1,44,45,46,-1,46,45,47,-1,46,47,48,-1,48,47,49,-1,48,49,50,-1,50,49,51,-1,50,51,52,-1,52,51,53,-1,52,53,0,-1,0,53,1,-1,0,2,30,-1,30,2,4,-1,46,48,30,-1,46,30,44,-1,48,50,30,-1,30,50,52,-1,30,52,0,-1,16,18,20,-1,24,26,4,-1,4,26,28,-1,4,28,30,-1,36,38,34,-1,34,38,40,-1,34,40,32,-1,32,40,30,-1,30,40,42,-1,30,42,44,-1,24,4,22,-1,22,4,6,-1,22,6,8,-1,8,10,22,-1,22,10,12,-1,22,12,20,-1,20,12,14,-1,20,14,16,-1,
        ]
    }
}
Shape{
    appearance Appearance {
        material  Material 	{
            diffuseColor 1.0 1.0 1.0
            specularColor 0.5019607843137255 0.5019607843137255 0.5019607843137255
            ambientIntensity 1.0
            transparency 0.0
            shininess 0.5
        }
    }
    geometry IndexedFaceSet {
        ccw TRUE
        solid FALSE
        coord DEF co Coordinate {
            point [
                -0.038 0.0099 0.065, -0.0457 -0.0098 0.065, -0.038 0.0099 0.061, -0.0457 -0.0098 0.061, -0.0428 -0.0098 0.065, -0.0428 -0.0098 0.061, -0.0408 -0.0043 0.065, -0.0408 -0.0043 0.061, -0.0328 -0.0043 0.061, -0.0326 -0.0043 0.065, -0.0326 -0.0043 0.061, -0.0308 -0.0098 0.065, -0.0308 -0.0098 0.061, -0.0279 -0.0098 0.065, -0.0279 -0.0098 0.061, -0.0328 0.0032 0.061, -0.0353 0.0099 0.065, -0.0353 0.0099 0.061, -0.0333 -0.0022 0.065, -0.0399 -0.0022 0.065, -0.0362 0.0061 0.065, -0.0364 0.0068 0.065, -0.0366 0.0075 0.065, -0.0366 0.0075 0.065, -0.0368 0.0068 0.065, -0.0369 0.0061 0.065, -0.0333 -0.0022 0.061, -0.0399 -0.0022 0.061, -0.0362 0.0061 0.061, -0.0364 0.0068 0.061, -0.0366 0.0075 0.061, -0.0366 0.0075 0.061, -0.0368 0.0068 0.061, -0.0369 0.0061 0.061, -0.016 -0.0098 0.065, -0.0106 -0.0098 0.065, -0.016 -0.0098 0.061, -0.0106 -0.0098 0.061, -0.0106 0.0099 0.065, -0.0106 0.0099 0.061, -0.0162 0.0099 0.065, -0.0162 0.0099 0.061, -0.0264 0.0003 0.065, -0.0264 0.0003 0.061, -0.0263 0.0021 0.061, -0.0263 0.0021 0.065, -0.0258 0.004 0.061, -0.0258 0.004 0.065, -0.0249 0.0057 0.061, -0.0249 0.0057 0.065, -0.0235 0.0073 0.061, -0.0235 0.0073 0.065, -0.0234 0.0073 0.061, -0.0234 0.0073 0.065, -0.0213 0.0087 0.061, -0.0213 0.0087 0.065, -0.019 0.0095 0.061, -0.019 0.0095 0.065, -0.0184 -0.0096 0.061, -0.0184 -0.0096 0.065, -0.0207 -0.0089 0.061, -0.0207 -0.0089 0.065, -0.0227 -0.0077 0.061, -0.0227 -0.0077 0.065, -0.0243 -0.0062 0.061, -0.0243 -0.0062 0.065, -0.0255 -0.0044 0.061, -0.0255 -0.0044 0.065, -0.0262 -0.0024 0.061, -0.0262 -0.0024 0.065, -0.0225 0.0049 0.065, -0.0215 0.0059 0.065, -0.0201 0.0069 0.065, -0.0185 0.0074 0.065, -0.0161 0.0077 0.065, -0.0132 0.0077 0.065, -0.0132 -0.0077 0.065, -0.016 -0.0077 0.065, -0.0181 -0.0075 0.065, -0.0198 -0.007 0.065, -0.0211 -0.0062 0.065, -0.0222 -0.0051 0.065, -0.023 -0.0037 0.065, -0.0236 -0.0019 0.065, -0.0238 0.0002 0.065, -0.0236 0.0022 0.065, -0.0232 0.0037 0.065, -0.0161 0.0077 0.061, -0.0132 0.0077 0.061, -0.0185 0.0074 0.061, -0.0201 0.0069 0.061, -0.0215 0.0059 0.061, -0.0225 0.0049 0.061, -0.0232 0.0037 0.061, -0.0236 0.0022 0.061, -0.0238 0.0002 0.061, -0.0236 -0.0019 0.061, -0.023 -0.0037 0.061, -0.0222 -0.0051 0.061, -0.0211 -0.0062 0.061, -0.0198 -0.007 0.061, -0.0181 -0.0075 0.061, -0.016 -0.0077 0.061, -0.0132 -0.0077 0.061, -0.0068 -0.0077 0.065, -0.0068 -0.0098 0.065, -0.0068 -0.0077 0.061, -0.0068 -0.0098 0.061, 0.0038 -0.0098 0.065, 0.0038 -0.0098 0.061, 0.0038 0.0099 0.065, 0.0038 0.0099 0.061, -0.0063 0.0099 0.065, -0.0063 0.0099 0.061, -0.0063 0.0077 0.065, -0.0063 0.0077 0.061, 0.0012 0.0077 0.065, 0.0012 0.0077 0.061, 0.0012 0.0012 0.065, 0.0012 0.0012 0.061, -0.0058 0.0012 0.065, -0.0058 0.0012 0.061, -0.0058 -0.001 0.065, -0.0058 -0.001 0.061, 0.0012 -0.001 0.065, 0.0012 -0.001 0.061, 0.0012 -0.0077 0.065, 0.0012 -0.0077 0.061, 0.0076 -0.0067 0.065, 0.0076 -0.0088 0.065, 0.0076 -0.0067 0.061, 0.0076 -0.0088 0.061, 0.0097 -0.0097 0.065, 0.0131 -0.0101 0.065, 0.0131 -0.0101 0.061, 0.0125 -0.0101 0.061, 0.0125 -0.0101 0.065, 0.0117 -0.01 0.061, 0.0097 -0.0097 0.061, 0.0142 -0.01 0.061, 0.0155 -0.0098 0.065, 0.0155 -0.0098 0.061, 0.0174 -0.0092 0.065, 0.0174 -0.0092 0.061, 0.019 -0.0082 0.065, 0.019 -0.0082 0.061, 0.0205 -0.0066 0.065, 0.0205 -0.0066 0.061, 0.0215 -0.0047 0.065, 0.0215 -0.0047 0.061, 0.0221 -0.0026 0.065, 0.0221 -0.0026 0.061, 0.0223 -0.0004 0.065, 0.0223 -0.0004 0.061, 0.0123 0.0101 0.061, 0.0137 0.01 0.061, 0.0123 0.0101 0.065, 0.0143 0.0099 0.065, 0.0143 0.0099 0.061, 0.0164 0.0093 0.061, 0.0164 0.0093 0.065, 0.0183 0.0082 0.061, 0.0183 0.0082 0.065, 0.0201 0.0065 0.061, 0.0201 0.0065 0.065, 0.0212 0.0047 0.061, 0.0212 0.0047 0.065, 0.022 0.0024 0.061, 0.022 0.0024 0.065, 0.0105 0.01 0.061, 0.0099 0.0099 0.065, 0.0099 0.0099 0.061, 0.0076 0.0093 0.065, 0.0076 0.0093 0.061, 0.0076 0.0067 0.065, 0.0076 0.0067 0.061, 0.0123 0.0079 0.065, 0.0123 0.0079 0.061, 0.0099 0.0076 0.061, 0.0099 0.0076 0.065, 0.0196 -0.0002 0.065, 0.0196 -0.0002 0.061, 0.0196 0.0013 0.061, 0.0196 0.0013 0.065, 0.019 0.0034 0.061, 0.019 0.0034 0.065, 0.0182 0.005 0.061, 0.0182 0.005 0.065, 0.017 0.0063 0.061, 0.017 0.0063 0.065, 0.0157 0.0072 0.061, 0.0157 0.0072 0.065, 0.0142 0.0077 0.061, 0.0142 0.0077 0.065, 0.0127 -0.0079 0.065, 0.0127 -0.0079 0.061, 0.0145 -0.0077 0.061, 0.0145 -0.0077 0.065, 0.016 -0.0072 0.061, 0.016 -0.0072 0.065, 0.0172 -0.0064 0.061, 0.0172 -0.0064 0.065, 0.0181 -0.0054 0.061, 0.0181 -0.0054 0.065, 0.0189 -0.004 0.061, 0.0189 -0.004 0.065, 0.0194 -0.0023 0.061, 0.0194 -0.0023 0.065, 0.008 -0.0068 0.061, 0.008 -0.0068 0.065, 0.0101 -0.0076 0.061, 0.0101 -0.0076 0.065, 0.024 -0.0077 0.065, 0.024 -0.0098 0.065, 0.024 -0.0077 0.061, 0.024 -0.0098 0.061, 0.034 -0.0098 0.065, 0.034 -0.0098 0.061, 0.034 0.0099 0.065, 0.034 0.0099 0.061, 0.0314 0.0099 0.065, 0.0314 0.0099 0.061, 0.0314 -0.0077 0.065, 0.0314 -0.0077 0.061
            ]
        }
        coordIndex [
            0,1,2,-1,2,1,3,-1,1,4,3,-1,3,4,5,-1,4,6,5,-1,5,6,7,-1,7,6,8,-1,8,6,9,-1,8,9,10,-1,9,11,10,-1,10,11,12,-1,11,13,12,-1,12,13,14,-1,14,13,15,-1,15,13,16,-1,15,16,17,-1,16,0,17,-1,17,0,2,-1,18,9,19,-1,19,9,6,-1,20,16,18,-1,18,16,13,-1,18,13,9,-1,9,13,11,-1,20,21,16,-1,16,21,22,-1,16,22,0,-1,0,22,23,-1,0,23,24,-1,24,25,0,-1,0,25,19,-1,0,19,1,-1,1,19,6,-1,1,6,4,-1,18,19,26,-1,26,19,27,-1,20,18,28,-1,28,18,26,-1,20,28,29,-1,20,29,21,-1,21,29,30,-1,21,30,22,-1,23,22,31,-1,31,22,30,-1,23,31,32,-1,23,32,24,-1,24,32,33,-1,24,33,25,-1,19,25,27,-1,27,25,33,-1,34,35,36,-1,36,35,37,-1,35,38,37,-1,37,38,39,-1,38,40,39,-1,39,40,41,-1,42,43,44,-1,42,44,45,-1,45,44,46,-1,45,46,47,-1,47,46,48,-1,47,48,49,-1,49,48,50,-1,49,50,51,-1,51,50,52,-1,51,52,53,-1,53,52,54,-1,53,54,55,-1,55,54,56,-1,55,56,57,-1,57,56,41,-1,57,41,40,-1,34,36,58,-1,34,58,59,-1,59,58,60,-1,59,60,61,-1,61,60,62,-1,61,62,63,-1,63,62,64,-1,63,64,65,-1,65,64,66,-1,65,66,67,-1,67,66,68,-1,67,68,69,-1,69,68,43,-1,69,43,42,-1,47,49,70,-1,70,49,51,-1,70,51,71,-1,71,51,53,-1,71,53,72,-1,72,53,55,-1,72,55,73,-1,73,55,57,-1,73,57,74,-1,74,57,40,-1,74,40,75,-1,75,40,38,-1,75,38,76,-1,76,38,35,-1,76,35,77,-1,77,35,34,-1,77,34,78,-1,78,34,59,-1,78,59,79,-1,79,59,61,-1,79,61,80,-1,80,61,63,-1,80,63,81,-1,81,63,65,-1,81,65,82,-1,82,65,67,-1,82,67,83,-1,83,67,69,-1,83,69,84,-1,84,69,42,-1,84,42,85,-1,85,42,45,-1,85,45,86,-1,86,45,47,-1,86,47,70,-1,74,75,87,-1,87,75,88,-1,74,87,89,-1,74,89,73,-1,73,89,90,-1,73,90,72,-1,72,90,91,-1,72,91,71,-1,71,91,92,-1,71,92,70,-1,70,92,93,-1,70,93,86,-1,86,93,94,-1,86,94,85,-1,85,94,95,-1,85,95,84,-1,84,95,96,-1,84,96,83,-1,83,96,97,-1,83,97,82,-1,82,97,98,-1,82,98,81,-1,81,98,99,-1,81,99,80,-1,80,99,100,-1,80,100,79,-1,79,100,101,-1,79,101,78,-1,78,101,102,-1,78,102,77,-1,76,77,103,-1,103,77,102,-1,75,76,88,-1,88,76,103,-1,104,105,106,-1,106,105,107,-1,105,108,107,-1,107,108,109,-1,108,110,109,-1,109,110,111,-1,110,112,111,-1,111,112,113,-1,112,114,113,-1,113,114,115,-1,114,116,115,-1,115,116,117,-1,116,118,117,-1,117,118,119,-1,118,120,119,-1,119,120,121,-1,120,122,121,-1,121,122,123,-1,122,124,123,-1,123,124,125,-1,124,126,125,-1,125,126,127,-1,126,104,127,-1,127,104,106,-1,108,105,104,-1,104,126,108,-1,108,126,124,-1,108,124,110,-1,114,112,116,-1,116,112,110,-1,116,110,118,-1,118,110,124,-1,118,124,120,-1,120,124,122,-1,128,129,130,-1,130,129,131,-1,131,129,132,-1,133,134,135,-1,133,135,136,-1,136,135,137,-1,136,137,132,-1,132,137,138,-1,132,138,131,-1,134,133,139,-1,139,133,140,-1,139,140,141,-1,141,140,142,-1,141,142,143,-1,143,142,144,-1,143,144,145,-1,145,144,146,-1,145,146,147,-1,147,146,148,-1,147,148,149,-1,149,148,150,-1,149,150,151,-1,151,150,152,-1,151,152,153,-1,154,155,156,-1,156,155,157,-1,155,158,157,-1,157,158,159,-1,157,159,160,-1,160,159,161,-1,160,161,162,-1,162,161,163,-1,162,163,164,-1,164,163,165,-1,164,165,166,-1,166,165,167,-1,166,167,168,-1,168,167,153,-1,168,153,152,-1,154,156,169,-1,169,156,170,-1,169,170,171,-1,171,170,172,-1,171,172,173,-1,172,174,173,-1,173,174,175,-1,176,177,178,-1,176,178,179,-1,179,178,175,-1,179,175,174,-1,180,181,182,-1,180,182,183,-1,183,182,184,-1,183,184,185,-1,185,184,186,-1,185,186,187,-1,187,186,188,-1,187,188,189,-1,189,188,190,-1,189,190,191,-1,191,190,192,-1,191,192,193,-1,193,192,177,-1,193,177,176,-1,194,195,196,-1,194,196,197,-1,197,196,198,-1,197,198,199,-1,199,198,200,-1,199,200,201,-1,201,200,202,-1,201,202,203,-1,203,202,204,-1,203,204,205,-1,205,204,206,-1,205,206,207,-1,207,206,181,-1,207,181,180,-1,128,130,208,-1,128,208,209,-1,209,208,210,-1,209,210,211,-1,211,210,195,-1,211,195,194,-1,197,133,194,-1,194,133,136,-1,194,136,211,-1,211,136,132,-1,211,132,209,-1,209,132,129,-1,209,129,128,-1,174,172,179,-1,179,172,170,-1,179,170,176,-1,176,170,156,-1,176,156,193,-1,193,156,157,-1,193,157,191,-1,191,157,160,-1,191,160,189,-1,189,160,162,-1,189,162,187,-1,187,162,164,-1,187,164,185,-1,185,164,166,-1,185,166,183,-1,183,166,168,-1,183,168,180,-1,180,168,152,-1,180,152,207,-1,207,152,150,-1,207,150,205,-1,205,150,148,-1,205,148,203,-1,203,148,146,-1,203,146,201,-1,201,146,144,-1,201,144,199,-1,199,144,142,-1,199,142,197,-1,197,142,140,-1,197,140,133,-1,212,213,214,-1,214,213,215,-1,213,216,215,-1,215,216,217,-1,216,218,217,-1,217,218,219,-1,218,220,219,-1,219,220,221,-1,220,222,221,-1,221,222,223,-1,222,212,223,-1,223,212,214,-1,220,218,222,-1,222,218,216,-1,222,216,212,-1,212,216,213,-1,
        ]
    }
}
Shape{
    appearance Appearance {
        material  Material 	{
            diffuseColor 0.25098039215686274 0.25098039215686274 0.25098039215686274
            specularColor 0.12549019607843137 0.12549019607843137 0.12549019607843137
            ambientIntensity 0.251
            transparency 0.0
            shininess 0.5
        }
    }
    geometry IndexedFaceSet {
        ccw TRUE
        solid FALSE
        coord DEF co Coordinate {
            point [
                -0.0333 -0.0022 0.061, -0.0399 -0.0022 0.061, -0.0362 0.0061 0.061, -0.0369 0.0061 0.061, -0.0364 0.0068 0.061, -0.0368 0.0068 0.061, -0.0366 0.0075 0.061, -0.0366 0.0075 0.061, -0.0132 0.0077 0.061, -0.0132 -0.0077 0.061, -0.0161 0.0077 0.061, -0.016 -0.0077 0.061, -0.0181 -0.0075 0.061, -0.0238 0.0002 0.061, -0.0236 0.0022 0.061, -0.0232 0.0037 0.061, -0.0185 0.0074 0.061, -0.0198 -0.007 0.061, -0.0211 -0.0062 0.061, -0.0222 -0.0051 0.061, -0.023 -0.0037 0.061, -0.0236 -0.0019 0.061, -0.0225 0.0049 0.061, -0.0215 0.0059 0.061, -0.0201 0.0069 0.061
            ]
        }
        coordIndex [
            0,1,2,-1,2,1,3,-1,2,3,4,-1,4,3,5,-1,4,5,6,-1,6,5,7,-1,8,9,10,-1,10,9,11,-1,10,11,12,-1,13,14,10,-1,10,14,15,-1,10,15,16,-1,12,17,10,-1,10,17,18,-1,10,18,19,-1,19,20,10,-1,10,20,21,-1,10,21,13,-1,22,23,15,-1,15,23,24,-1,15,24,16,-1,
        ]
    }
}