#VRML V2.0 utf8
# 3D model generated by easyeda2kicad.py (https://github.com/uPesy/easyeda2kicad.py)

Shape{
    appearance Appearance {
        material  Material 	{
            diffuseColor 0.37254901960784315 0.5764705882352941 1.0
            specularColor 0.18823529411764706 0.28627450980392155 0.5019607843137255
            ambientIntensity 0.5638
            transparency 0.0
            shininess 0.5
        }
    }
    geometry IndexedFaceSet {
        ccw TRUE
        solid FALSE
        coord DEF co Coordinate {
            point [
                -0.0501 -0.315 0.1564, -0.0501 -0.315 0.1417, -0.0144 -0.315 0.1417, -0.0501 -0.315 0.2152, -0.0501 -0.315 0.2043, -0.0144 -0.315 0.2043, -0.0003 -0.315 0.2525, 0.0026 -0.315 0.2529, -0.0122 -0.315 0.2529, 0.0093 -0.315 0.2154, 0.0069 -0.315 0.2152, 0.0192 -0.315 0.2152, 0.0261 -0.315 0.2483, 0.0261 -0.315 0.2364, 0.0361 -0.315 0.2364, 0.0284 -0.315 0.1565, 0.0268 -0.315 0.1564, 0.0361 -0.315 0.1564, 0.0203 -0.315 0.1565, 0.0192 -0.315 0.1568, 0.0192 -0.315 0.1564, 0.0725 -0.315 0.1895, 0.0725 -0.315 0.1776, 0.0795 -0.315 0.1776, -0.1986 -0.315 0.1514, -0.201 -0.315 0.1564, -0.3282 -0.315 0.1564, -0.0817 -0.315 0.2233, -0.0747 -0.315 0.2171, -0.0501 -0.315 0.2529, -0.1117 -0.315 0.2529, -0.1056 -0.315 0.2488, -0.097 -0.315 0.2388, -0.0914 -0.315 0.228, -0.0895 -0.315 0.2273, -0.1306 -0.315 0.2613, -0.1174 -0.315 0.2567, -0.0501 -0.315 0.5945, -0.1667 -0.315 0.2562, -0.1545 -0.315 0.2609, -0.3282 -0.315 0.5945, -0.1415 -0.315 0.2625, -0.2211 -0.315 0.2285, -0.2184 -0.315 0.231, -0.3282 -0.315 0.2529, -0.172 -0.315 0.2529, -0.1731 -0.315 0.2522, -0.2095 -0.315 0.2368, -0.1996 -0.315 0.2402, -0.1907 -0.315 0.2411, -0.1793 -0.315 0.2469, -0.1877 -0.315 0.241, -0.1847 -0.315 0.2406, -0.3282 -0.315 0.2152, -0.3282 -0.315 0.2043, -0.2328 -0.315 0.2043, -0.2311 -0.315 0.2123, -0.2297 -0.315 0.2152, -0.2266 -0.315 0.2216, -0.2013 -0.315 0.1571, -0.2062 -0.315 0.1586, -0.2155 -0.315 0.1637, -0.2224 -0.315 0.1697, -0.2236 -0.315 0.1712, -0.2291 -0.315 0.1797, -0.2325 -0.315 0.1896, -0.2334 -0.315 0.1984, -0.2333 -0.315 0.2019, -0.1896 -0.315 0.1427, -0.1947 -0.315 0.1466, -0.3282 -0.315 0.1417, -0.0501 -0.315 0.0433, -0.1699 -0.315 0.1399, -0.1762 -0.315 0.1391, -0.3282 -0.315 0.0433, -0.1773 -0.315 0.1392, -0.1835 -0.315 0.1401, -0.1871 -0.315 0.1417, -0.1515 -0.315 0.1564, -0.1516 -0.315 0.1563, -0.1547 -0.315 0.1504, -0.1588 -0.315 0.1458, -0.164 -0.315 0.1422, -0.1653 -0.315 0.1417, -0.1565 -0.315 0.1832, -0.1212 -0.315 0.2016, -0.1611 -0.315 0.1873, -0.1667 -0.315 0.1903, -0.1156 -0.315 0.1567, -0.1174 -0.315 0.1573, -0.1192 -0.315 0.1584, -0.1202 -0.315 0.1594, -0.0818 -0.315 0.1954, -0.083 -0.315 0.2005, -0.085 -0.315 0.2043, -0.2162 -0.315 0.2043, -0.1194 -0.315 0.1709, -0.1177 -0.315 0.172, -0.113 -0.315 0.1876, -0.1159 -0.315 0.1727, -0.0702 -0.315 0.175, -0.075 -0.315 0.1684, -0.0759 -0.315 0.1675, -0.0828 -0.315 0.1619, -0.2146 -0.315 0.1885, -0.2115 -0.315 0.1831, -0.1981 -0.315 0.1804, -0.2068 -0.315 0.1782, -0.201 -0.315 0.1747, -0.1883 -0.315 0.1891, -0.1937 -0.315 0.1854, -0.2168 -0.315 0.199, -0.2165 -0.315 0.195, -0.0663 -0.315 0.2014, -0.0653 -0.315 0.1934, -0.0653 -0.315 0.1919, -0.0667 -0.315 0.1833, -0.0909 -0.315 0.1582, -0.099 -0.315 0.1565, -0.1146 -0.315 0.1565, -0.1825 -0.315 0.1913, -0.1762 -0.315 0.1921, -0.173 -0.315 0.1919, -0.1222 -0.315 0.1647, -0.1222 -0.315 0.1655, -0.1499 -0.315 0.1681, -0.1217 -0.315 0.1675, -0.1207 -0.315 0.1694, -0.114 -0.315 0.1729, -0.1138 -0.315 0.1729, -0.113 -0.315 0.1727, -0.1213 -0.315 0.1611, -0.122 -0.315 0.1629, -0.15 -0.315 0.1628, -0.1499 -0.315 0.1655, -0.087 -0.315 0.1792, -0.0841 -0.315 0.1834, -0.0823 -0.315 0.188, -0.0816 -0.315 0.1932, -0.1125 -0.315 0.1726, -0.1006 -0.315 0.1726, -0.0959 -0.315 0.1735, -0.0913 -0.315 0.1757, -0.0874 -0.315 0.1788, -0.1043 -0.315 0.2137, -0.2138 -0.315 0.2112, -0.2161 -0.315 0.2053, -0.1022 -0.315 0.2137, -0.0854 -0.315 0.2051, -0.0885 -0.315 0.2085, -0.0926 -0.315 0.2113, -0.0972 -0.315 0.2131, -0.2111 -0.315 0.2152, -0.1765 -0.315 0.2214, -0.1785 -0.315 0.2224, -0.1087 -0.315 0.2274, -0.1142 -0.315 0.2349, -0.1172 -0.315 0.2378, -0.1247 -0.315 0.2428, -0.133 -0.315 0.2458, -0.1844 -0.315 0.2246, -0.1905 -0.315 0.2253, -0.1932 -0.315 0.2252, -0.1046 -0.315 0.2152, -0.1052 -0.315 0.2187, -0.1412 -0.315 0.2467, -0.1426 -0.315 0.2466, -0.173 -0.315 0.229, -0.1514 -0.315 0.2453, -0.1672 -0.315 0.2361, -0.16 -0.315 0.2417, -0.1997 -0.315 0.2237, -0.2056 -0.315 0.2206, -0.2101 -0.315 0.2165, -0.0733 -0.315 0.2152, -0.0694 -0.315 0.2095, -0.0674 -0.315 0.2043, 0.0877 -0.315 0.1609, 0.0877 -0.315 0.1567, 0.0912 -0.315 0.1564, 0.0795 -0.315 0.1564, 0.0912 -0.315 0.2043, 0.0868 -0.315 0.1895, 0.0868 -0.315 0.1937, 0.0725 -0.315 0.1609, 0.0795 -0.315 0.1609, 0.0725 -0.315 0.1734, 0.0795 -0.315 0.1734, 0.0858 -0.315 0.1734, 0.0858 -0.315 0.1776, 0.0795 -0.315 0.1895, 0.0795 -0.315 0.1567, 0.0677 -0.315 0.1567, 0.0652 -0.315 0.1564, 0.0677 -0.315 0.1937, -0.0087 -0.315 0.1693, -0.008 -0.315 0.1768, -0.0096 -0.315 0.1679, -0.0102 -0.315 0.1663, 0.0037 -0.315 0.158, 0.002 -0.315 0.1569, 0.0061 -0.315 0.1567, 0.0003 -0.315 0.1564, 0.0107 -0.315 0.1567, -0.0122 -0.315 0.1564, -0.0098 -0.315 0.1601, -0.0103 -0.315 0.1616, -0.0036 -0.315 0.1832, -0.0122 -0.315 0.2043, -0.007 -0.315 0.1818, -0.008 -0.315 0.1813, -0.0073 -0.315 0.1705, -0.0053 -0.315 0.1715, -0.0047 -0.315 0.1788, -0.0018 -0.315 0.1724, 0.0023 -0.315 0.1798, 0.0007 -0.315 0.18, -0.0018 -0.315 0.1797, -0.0068 -0.315 0.1571, -0.0083 -0.315 0.1581, -0.0088 -0.315 0.1586, 0.0074 -0.315 0.182, 0.0087 -0.315 0.1809, 0.0177 -0.315 0.1791, 0.0061 -0.315 0.1608, 0.006 -0.315 0.1608, 0.0052 -0.315 0.1596, -0.0105 -0.315 0.1638, -0.0105 -0.315 0.1643, 0.0191 -0.315 0.171, 0.017 -0.315 0.1624, 0.0192 -0.315 0.171, 0.0187 -0.315 0.1613, 0.0192 -0.315 0.1612, 0.0172 -0.315 0.1776, 0.0096 -0.315 0.1794, 0.0104 -0.315 0.1773, 0.0012 -0.315 0.1837, 0.0039 -0.315 0.1835, 0.0059 -0.315 0.1829, 0.0061 -0.315 0.1735, 0.0059 -0.315 0.1755, 0.0054 -0.315 0.1772, 0.0049 -0.315 0.1781, 0.0184 -0.315 0.1718, 0.0107 -0.315 0.1737, 0.017 -0.315 0.1576, 0.0042 -0.315 0.1789, 0.0034 -0.315 0.1794, 0.0178 -0.315 0.1727, 0.0173 -0.315 0.1741, 0.017 -0.315 0.176, 0.0212 -0.315 0.1564, 0.0192 -0.315 0.1417, 0.0242 -0.315 0.156, 0.0336 -0.315 0.1826, 0.0336 -0.315 0.1781, 0.0342 -0.315 0.1606, 0.0333 -0.315 0.1594, 0.0186 -0.315 0.1803, 0.0192 -0.315 0.1809, 0.0192 -0.315 0.2043, 0.02 -0.315 0.1816, 0.0211 -0.315 0.1823, 0.0347 -0.315 0.1621, 0.0236 -0.315 0.1833, 0.0274 -0.315 0.1837, 0.0361 -0.315 0.2043, 0.0306 -0.315 0.1835, 0.0319 -0.315 0.1581, 0.0309 -0.315 0.1575, 0.0333 -0.315 0.1682, 0.0341 -0.315 0.1671, 0.0347 -0.315 0.1657, 0.0349 -0.315 0.1639, 0.0269 -0.315 0.18, 0.0255 -0.315 0.1799, 0.0218 -0.315 0.1764, 0.0243 -0.315 0.1795, 0.0232 -0.315 0.179, 0.0219 -0.315 0.1758, 0.0221 -0.315 0.1751, 0.0224 -0.315 0.1744, 0.0228 -0.315 0.1739, 0.0245 -0.315 0.1729, 0.0301 -0.315 0.1796, 0.0274 -0.315 0.1717, 0.0328 -0.315 0.1786, 0.0292 -0.315 0.1709, 0.0322 -0.315 0.1692, 0.0225 -0.315 0.1784, 0.0221 -0.315 0.1778, 0.0219 -0.315 0.1772, 0.0216 -0.315 0.1602, 0.0241 -0.315 0.1683, 0.0213 -0.315 0.1696, 0.0247 -0.315 0.1598, 0.0249 -0.315 0.1598, 0.0271 -0.315 0.167, 0.0272 -0.315 0.1601, 0.0301 -0.315 0.1634, 0.0301 -0.315 0.164, 0.0284 -0.315 0.1605, 0.0289 -0.315 0.1608, 0.0294 -0.315 0.1613, 0.0298 -0.315 0.1619, 0.03 -0.315 0.1625, 0.0299 -0.315 0.1647, 0.0295 -0.315 0.1653, 0.0289 -0.315 0.1659, 0.1048 -0.315 0.2256, 0.0912 -0.315 0.2256, 0.1086 -0.315 0.2155, 0.0912 -0.315 0.2152, 0.1138 -0.315 0.2155, 0.0997 -0.315 0.2525, 0.3986 -0.315 0.2152, 0.3959 -0.315 0.2529, 0.0893 -0.315 0.2256, 0.0858 -0.315 0.2155, 0.0795 -0.315 0.2152, 0.0805 -0.315 0.2155, 0.0795 -0.315 0.2529, 0.0912 -0.315 0.2435, 0.0912 -0.315 0.2529, 0.0946 -0.315 0.2525, 0.0652 -0.315 0.2152, 0.0648 -0.315 0.2163, 0.0584 -0.315 0.2155, 0.0588 -0.315 0.2525, 0.0652 -0.315 0.2529, 0.0447 -0.315 0.2529, 0.0447 -0.315 0.2152, 0.0482 -0.315 0.2155, 0.0482 -0.315 0.2525, 0.0774 -0.315 0.2278, 0.0756 -0.315 0.224, 0.0741 -0.315 0.2464, 0.0764 -0.315 0.2432, 0.0728 -0.315 0.2207, 0.069 -0.315 0.2179, 0.0652 -0.315 0.2164, 0.0728 -0.315 0.2476, 0.0645 -0.315 0.2519, 0.0652 -0.315 0.2516, 0.069 -0.315 0.2503, 0.0778 -0.315 0.2396, 0.0784 -0.315 0.2345, 0.0783 -0.315 0.2321, 0.0361 -0.315 0.2529, 0.0404 -0.315 0.2525, 0.0361 -0.315 0.2525, 0.0404 -0.315 0.2483, 0.0412 -0.315 0.2197, 0.0412 -0.315 0.2155, 0.0361 -0.315 0.2152, 0.0261 -0.315 0.2197, 0.0361 -0.315 0.2197, 0.0261 -0.315 0.2322, 0.0361 -0.315 0.2322, 0.0394 -0.315 0.2322, 0.0394 -0.315 0.2364, 0.0361 -0.315 0.2483, 0.0213 -0.315 0.2525, 0.0192 -0.315 0.2529, 0.0213 -0.315 0.2155, 0.3945 -0.315 0.3655, 0.4011 -0.315 0.4583, 0.0912 -0.315 0.5945, 0.4143 -0.315 0.5505, 0.423 -0.315 0.5945, 0.3945 -0.315 0.2723, 0.1049 -0.315 0.1567, 0.0947 -0.315 0.1567, 0.1269 -0.315 0.1567, 0.1247 -0.315 0.1733, 0.1238 -0.315 0.169, 0.0947 -0.315 0.1937, 0.141 -0.315 0.1937, 0.1461 -0.315 0.1937, 0.122 -0.315 0.1651, 0.1193 -0.315 0.1619, 0.1154 -0.315 0.1591, 0.1248 -0.315 0.1757, 0.1242 -0.315 0.1808, 0.1193 -0.315 0.1888, 0.1205 -0.315 0.1876, 0.1228 -0.315 0.1844, 0.3994 -0.315 0.2043, 0.4011 -0.315 0.1795, 0.1603 -0.315 0.1567, 0.4044 -0.315 0.1564, 0.155 -0.315 0.1567, 0.1052 -0.315 0.1937, 0.1109 -0.315 0.1931, 0.1154 -0.315 0.1915, 0.1512 -0.315 0.1668, 0.1358 -0.315 0.1668, 0.1322 -0.315 0.1567, 0.4143 -0.315 0.0873, 0.4065 -0.315 0.1417, 0.0912 -0.315 0.1417, 0.0912 -0.315 0.0433, 0.423 -0.315 0.0433, -0.4065 -0.315 0.1417, -0.4143 -0.315 0.0873, -0.423 -0.315 0.0433, -0.3994 -0.315 0.2043, -0.4011 -0.315 0.1795, -0.4044 -0.315 0.1564, -0.3945 -0.315 0.2723, -0.3959 -0.315 0.2529, -0.3986 -0.315 0.2152, -0.423 -0.315 0.5945, -0.4143 -0.315 0.5505, -0.4011 -0.315 0.4583, -0.3945 -0.315 0.3655, 0.01 -0.315 0.2528, 0.0139 -0.315 0.2516, 0.0361 -0.315 0.2155, 0.0139 -0.315 0.2466, 0.0133 -0.315 0.2167, 0.0061 -0.315 0.2192, 0.0103 -0.315 0.22, 0.0139 -0.315 0.2216, 0.0139 -0.315 0.217, -0.0088 -0.315 0.2322, 0.0135 -0.315 0.2469, 0.0097 -0.315 0.2483, -0.007 -0.315 0.2255, -0.0052 -0.315 0.223, -0.0045 -0.315 0.2223, -0.0021 -0.315 0.2206, 0.0006 -0.315 0.2196, 0.0043 -0.315 0.2191, -0.0049 -0.315 0.2447, -0.007 -0.315 0.2419, -0.0024 -0.315 0.2468, 0.0005 -0.315 0.2482, 0.0052 -0.315 0.2488, 0.0037 -0.315 0.2488, -0.0088 -0.315 0.2336, -0.0082 -0.315 0.2388, -0.0082 -0.315 0.2285, 0.0051 -0.315 0.2532, -0.0122 -0.315 0.5945, 0.0192 -0.315 0.5945, 0.0052 -0.315 0.2532, 0.009 -0.315 0.2529, -0.0112 -0.315 0.2442, -0.0085 -0.315 0.2477, -0.0076 -0.315 0.2485, -0.0042 -0.315 0.251, -0.0122 -0.315 0.2248, -0.0133 -0.315 0.2278, -0.0144 -0.315 0.2152, -0.0139 -0.315 0.2333, -0.0138 -0.315 0.2352, -0.0144 -0.315 0.2529, -0.013 -0.315 0.2401, -0.0122 -0.315 0.2418, -0.0061 -0.315 0.2174, -0.0091 -0.315 0.2199, -0.0122 -0.315 0.2152, -0.0097 -0.315 0.2206, -0.0118 -0.315 0.2238, 0.0036 -0.315 0.2148, 0.0014 -0.315 0.215, 0.0004 -0.315 0.2152, -0.0026 -0.315 0.2158, -0.0022 -0.315 0.156, -0.0122 -0.315 0.1417, 0.0001 -0.315 0.1563, -0.0028 -0.315 0.1561, -0.0048 -0.315 0.1564, -0.005 -0.315 0.1564, 0.0579 -0.315 0.1831, 0.0627 -0.315 0.1831, 0.0652 -0.315 0.2043, 0.0795 -0.315 0.1937, 0.0795 -0.315 0.2043, 0.0522 -0.315 0.1564, 0.0494 -0.315 0.1632, 0.05 -0.315 0.1611, 0.0501 -0.315 0.1611, 0.0447 -0.315 0.2043, 0.0447 -0.315 0.1767, 0.0507 -0.315 0.1632, 0.0503 -0.315 0.162, 0.0447 -0.315 0.1564, 0.0447 -0.315 0.1642, 0.0373 -0.315 0.1831, 0.0425 -0.315 0.1831, 0.0477 -0.315 0.1567, 0.0475 -0.315 0.1564, 0.0457 -0.315 0.1519, 0.0361 -0.315 0.1417, 0.0383 -0.315 0.1446, 0.0383 -0.315 0.1487, 0.0392 -0.315 0.1484, 0.0409 -0.315 0.1482, 0.0413 -0.315 0.1482, 0.0424 -0.315 0.1484, 0.0434 -0.315 0.1489, 0.0438 -0.315 0.1492, 0.0447 -0.315 0.1501, 0.0447 -0.315 0.1503, 0.0447 -0.315 0.145, 0.0432 -0.315 0.1444, 0.0447 -0.315 0.1417, 0.0413 -0.315 0.1442, 0.0402 -0.315 0.1442, 0.0507 -0.315 0.1527, 0.0485 -0.315 0.1484, 0.0652 -0.315 0.1417, 0.0468 -0.315 0.1464, 0.0466 -0.315 0.1463, 0.045 -0.315 0.1451, -0.0154 -0.315 0.2197, -0.0154 -0.315 0.2155, -0.0349 -0.315 0.2155, -0.0301 -0.315 0.2525, -0.0301 -0.315 0.2197, -0.0349 -0.315 0.2525, -0.0144 -0.315 0.1564, -0.015 -0.315 0.1567, -0.0349 -0.315 0.1567, -0.015 -0.315 0.1609, -0.0158 -0.315 0.1895, -0.0301 -0.315 0.1734, -0.0301 -0.315 0.1609, -0.0169 -0.315 0.1734, -0.0169 -0.315 0.1776, -0.0301 -0.315 0.1776, -0.0301 -0.315 0.1895, -0.0349 -0.315 0.1937, -0.0158 -0.315 0.1937, -0.0144 -0.315 0.5945, 0.0795 -0.315 0.5945, 0.0652 -0.315 0.5945, 0.0447 -0.315 0.5945, 0.0361 -0.315 0.5945, 0.1112 -0.315 0.1574, 0.0795 -0.315 0.1417, 0.0795 -0.315 0.0433, 0.0652 -0.315 0.0433, 0.0447 -0.315 0.0433, 0.0361 -0.315 0.0433, 0.0192 -0.315 0.0433, -0.0122 -0.315 0.0433, -0.0144 -0.315 0.0433
            ]
        }
        coordIndex [
            0,1,2,-1,3,4,5,-1,6,7,8,-1,9,10,11,-1,12,13,14,-1,15,16,17,-1,18,19,20,-1,21,22,23,-1,24,25,26,-1,27,28,29,-1,29,28,3,-1,30,31,29,-1,29,31,32,-1,32,33,29,-1,29,33,34,-1,29,34,27,-1,35,36,37,-1,38,39,40,-1,40,39,37,-1,37,39,41,-1,37,41,35,-1,42,43,44,-1,38,40,45,-1,45,40,44,-1,45,44,46,-1,43,47,44,-1,44,47,48,-1,44,48,46,-1,46,48,49,-1,46,49,50,-1,50,49,51,-1,50,51,52,-1,53,54,55,-1,55,56,53,-1,53,56,57,-1,53,57,44,-1,44,57,58,-1,44,58,42,-1,25,59,26,-1,26,59,60,-1,26,60,61,-1,61,62,26,-1,26,62,63,-1,26,63,64,-1,65,66,54,-1,54,66,67,-1,54,67,55,-1,68,69,70,-1,70,69,24,-1,71,72,73,-1,71,73,74,-1,73,75,74,-1,74,75,76,-1,74,76,70,-1,70,76,77,-1,70,77,68,-1,0,78,1,-1,1,78,79,-1,1,79,80,-1,80,81,1,-1,1,81,82,-1,1,82,83,-1,84,85,86,-1,86,85,87,-1,88,89,78,-1,78,89,90,-1,78,90,91,-1,92,93,85,-1,85,93,94,-1,85,94,95,-1,96,97,98,-1,98,97,99,-1,100,101,0,-1,0,101,102,-1,0,102,103,-1,104,105,106,-1,106,105,107,-1,106,107,108,-1,109,95,110,-1,110,95,111,-1,110,111,106,-1,106,111,112,-1,106,112,104,-1,113,114,4,-1,4,114,115,-1,4,115,0,-1,0,115,116,-1,0,116,100,-1,103,117,0,-1,0,117,118,-1,0,118,78,-1,78,118,119,-1,78,119,88,-1,109,120,95,-1,95,120,121,-1,95,121,85,-1,85,121,122,-1,85,122,87,-1,123,124,125,-1,125,124,126,-1,125,126,98,-1,98,126,127,-1,98,127,96,-1,99,128,98,-1,98,128,129,-1,98,129,130,-1,91,131,78,-1,78,131,132,-1,78,132,133,-1,133,132,123,-1,133,123,134,-1,134,123,125,-1,135,136,98,-1,98,136,137,-1,98,137,85,-1,85,137,138,-1,85,138,92,-1,130,139,98,-1,98,139,140,-1,98,140,141,-1,141,142,98,-1,98,142,143,-1,98,143,135,-1,144,145,146,-1,146,95,144,-1,144,95,94,-1,144,94,147,-1,147,94,148,-1,148,149,147,-1,147,149,150,-1,147,150,151,-1,152,153,154,-1,155,156,153,-1,156,157,153,-1,153,157,158,-1,153,158,159,-1,154,160,152,-1,152,160,161,-1,152,161,162,-1,145,144,152,-1,152,144,163,-1,152,163,153,-1,153,163,164,-1,153,164,155,-1,159,165,153,-1,153,165,166,-1,153,166,167,-1,167,166,168,-1,167,168,169,-1,169,168,170,-1,171,172,162,-1,162,172,173,-1,162,173,152,-1,28,174,3,-1,3,174,175,-1,3,175,4,-1,4,175,176,-1,4,176,113,-1,177,178,179,-1,179,178,180,-1,177,181,182,-1,182,181,183,-1,184,185,186,-1,186,185,187,-1,187,185,188,-1,188,185,177,-1,188,177,189,-1,189,177,182,-1,189,182,23,-1,23,182,190,-1,23,190,21,-1,178,191,180,-1,180,191,192,-1,180,192,193,-1,193,192,194,-1,195,196,197,-1,197,196,198,-1,199,200,201,-1,201,200,202,-1,201,202,203,-1,204,205,206,-1,207,208,209,-1,209,208,210,-1,195,211,196,-1,196,211,212,-1,196,212,213,-1,213,212,214,-1,215,216,214,-1,214,216,217,-1,214,217,213,-1,218,219,204,-1,204,219,220,-1,204,220,205,-1,221,222,223,-1,224,225,201,-1,201,225,226,-1,201,226,199,-1,206,227,204,-1,204,227,228,-1,204,228,208,-1,208,228,198,-1,208,198,210,-1,210,198,196,-1,229,230,231,-1,231,230,232,-1,231,232,233,-1,223,222,234,-1,234,222,235,-1,234,235,236,-1,207,237,208,-1,208,237,238,-1,208,238,239,-1,240,241,214,-1,214,241,242,-1,214,242,243,-1,229,244,230,-1,230,244,245,-1,230,245,246,-1,246,245,203,-1,243,247,214,-1,214,247,248,-1,214,248,215,-1,244,249,245,-1,245,249,250,-1,245,250,236,-1,236,250,251,-1,236,251,234,-1,18,20,252,-1,252,20,253,-1,252,253,254,-1,255,256,17,-1,257,258,17,-1,259,260,261,-1,261,260,262,-1,261,262,263,-1,257,17,264,-1,263,265,261,-1,261,265,266,-1,261,266,267,-1,267,266,268,-1,267,268,255,-1,258,269,17,-1,17,269,270,-1,17,270,15,-1,271,272,256,-1,256,272,273,-1,256,273,17,-1,17,273,274,-1,17,274,264,-1,275,276,277,-1,277,276,278,-1,277,278,279,-1,277,280,275,-1,275,280,281,-1,275,281,282,-1,282,283,275,-1,275,283,284,-1,275,284,285,-1,285,284,286,-1,285,286,287,-1,287,286,288,-1,287,288,256,-1,256,288,289,-1,256,289,271,-1,290,291,279,-1,279,291,292,-1,279,292,277,-1,293,294,233,-1,233,294,295,-1,233,295,231,-1,293,296,294,-1,294,296,297,-1,294,297,298,-1,298,297,299,-1,298,300,301,-1,299,302,298,-1,298,302,303,-1,298,303,304,-1,304,305,298,-1,298,305,306,-1,298,306,300,-1,301,307,298,-1,298,307,308,-1,298,308,309,-1,310,311,312,-1,312,311,313,-1,312,313,314,-1,315,316,317,-1,311,318,313,-1,313,318,319,-1,313,319,320,-1,320,319,321,-1,320,321,322,-1,322,321,323,-1,322,323,324,-1,324,323,325,-1,324,325,315,-1,326,327,328,-1,329,330,331,-1,326,328,332,-1,332,328,333,-1,332,333,331,-1,331,333,334,-1,331,334,329,-1,335,336,320,-1,337,338,322,-1,336,339,320,-1,320,339,340,-1,320,340,326,-1,326,340,341,-1,326,341,327,-1,337,322,342,-1,329,343,330,-1,330,343,344,-1,330,344,322,-1,322,344,345,-1,322,345,342,-1,338,346,322,-1,322,346,347,-1,322,347,320,-1,320,347,348,-1,320,348,335,-1,331,349,350,-1,350,349,351,-1,350,352,331,-1,331,352,353,-1,331,353,332,-1,332,353,354,-1,332,354,355,-1,356,357,358,-1,358,357,359,-1,359,357,360,-1,360,357,353,-1,360,353,361,-1,361,353,352,-1,361,352,14,-1,14,352,362,-1,14,362,12,-1,351,349,363,-1,363,349,364,-1,363,364,365,-1,366,367,368,-1,368,367,369,-1,368,369,370,-1,315,317,324,-1,324,317,371,-1,324,371,366,-1,372,373,179,-1,374,375,376,-1,177,179,181,-1,181,179,373,-1,181,373,377,-1,181,378,379,-1,376,380,374,-1,374,380,381,-1,374,381,382,-1,375,374,383,-1,383,374,378,-1,383,378,384,-1,385,386,378,-1,378,386,387,-1,378,387,384,-1,316,181,388,-1,388,181,379,-1,388,379,389,-1,389,379,390,-1,389,390,391,-1,391,390,392,-1,377,393,181,-1,181,393,394,-1,181,394,378,-1,378,394,395,-1,378,395,385,-1,396,397,392,-1,392,397,398,-1,392,398,391,-1,391,398,374,-1,399,400,401,-1,401,400,391,-1,402,403,399,-1,24,26,70,-1,70,26,404,-1,70,404,74,-1,74,404,405,-1,74,405,406,-1,407,408,26,-1,26,408,409,-1,26,409,404,-1,410,411,44,-1,44,411,412,-1,44,412,53,-1,53,412,407,-1,53,407,54,-1,54,407,26,-1,54,26,65,-1,65,26,64,-1,413,414,40,-1,40,414,415,-1,40,415,44,-1,44,415,416,-1,44,416,410,-1,417,418,364,-1,354,419,355,-1,355,419,365,-1,355,365,11,-1,11,365,364,-1,11,364,420,-1,420,364,418,-1,9,11,421,-1,422,423,420,-1,420,423,424,-1,420,424,11,-1,11,424,425,-1,11,425,421,-1,426,427,428,-1,429,430,420,-1,420,430,431,-1,420,431,432,-1,432,433,420,-1,420,433,434,-1,420,434,422,-1,435,436,437,-1,437,436,438,-1,428,439,426,-1,426,439,440,-1,426,440,441,-1,441,440,438,-1,441,438,442,-1,442,438,436,-1,427,426,420,-1,420,426,443,-1,420,443,429,-1,7,444,445,-1,445,444,446,-1,446,444,447,-1,446,447,448,-1,8,449,450,-1,450,451,8,-1,8,451,452,-1,8,452,6,-1,453,454,455,-1,456,457,458,-1,458,457,459,-1,458,459,8,-1,8,459,460,-1,8,460,449,-1,461,462,463,-1,463,462,464,-1,463,464,465,-1,466,467,208,-1,208,467,468,-1,208,468,463,-1,463,468,469,-1,463,469,461,-1,221,223,239,-1,239,223,259,-1,239,259,208,-1,208,259,261,-1,208,261,466,-1,470,471,472,-1,472,471,253,-1,472,253,202,-1,202,253,20,-1,202,20,203,-1,203,20,19,-1,203,19,246,-1,470,473,471,-1,471,473,474,-1,471,474,204,-1,204,474,475,-1,204,475,218,-1,476,477,478,-1,183,181,479,-1,479,181,480,-1,479,480,194,-1,194,480,478,-1,194,478,193,-1,193,478,477,-1,193,477,481,-1,482,483,484,-1,478,485,476,-1,476,485,486,-1,476,486,487,-1,487,486,482,-1,487,482,488,-1,488,482,484,-1,489,490,17,-1,17,490,491,-1,255,17,267,-1,267,17,491,-1,267,491,485,-1,485,491,492,-1,485,492,486,-1,493,490,494,-1,494,490,489,-1,494,489,495,-1,496,497,498,-1,499,500,17,-1,254,253,16,-1,16,253,496,-1,16,496,17,-1,17,496,498,-1,17,498,499,-1,500,501,17,-1,17,501,502,-1,17,502,503,-1,503,504,17,-1,17,504,505,-1,17,505,489,-1,489,505,506,-1,489,506,495,-1,507,508,509,-1,509,508,510,-1,509,510,496,-1,496,510,511,-1,496,511,497,-1,512,513,514,-1,513,515,514,-1,514,515,516,-1,514,516,509,-1,509,516,517,-1,509,517,507,-1,518,519,455,-1,455,519,520,-1,521,458,29,-1,454,456,455,-1,455,456,458,-1,455,458,518,-1,518,458,521,-1,518,521,522,-1,5,455,3,-1,3,455,520,-1,3,520,29,-1,29,520,523,-1,29,523,521,-1,524,525,526,-1,525,524,527,-1,527,524,5,-1,527,5,528,-1,529,530,531,-1,531,530,527,-1,531,527,532,-1,532,527,528,-1,532,528,533,-1,533,528,534,-1,2,524,0,-1,0,524,526,-1,0,526,4,-1,4,526,535,-1,4,535,5,-1,5,535,536,-1,5,536,528,-1,7,445,8,-1,8,445,537,-1,8,537,458,-1,458,537,37,-1,458,37,29,-1,29,37,36,-1,29,36,30,-1,2,471,524,-1,524,471,204,-1,524,204,5,-1,5,204,208,-1,5,208,455,-1,455,208,463,-1,455,463,453,-1,453,463,465,-1,366,368,324,-1,324,368,538,-1,324,538,322,-1,322,538,539,-1,322,539,330,-1,330,539,540,-1,330,540,331,-1,331,540,541,-1,331,541,349,-1,349,541,446,-1,349,446,364,-1,364,446,448,-1,364,448,417,-1,315,314,316,-1,316,314,313,-1,316,313,181,-1,181,313,320,-1,181,320,480,-1,480,320,326,-1,480,326,478,-1,478,326,332,-1,478,332,485,-1,485,332,355,-1,485,355,267,-1,267,355,11,-1,267,11,261,-1,261,11,10,-1,261,10,466,-1,382,542,374,-1,374,542,372,-1,374,372,391,-1,391,372,179,-1,391,179,401,-1,401,179,180,-1,401,180,543,-1,543,180,193,-1,543,193,514,-1,514,193,481,-1,514,481,512,-1,399,401,402,-1,402,401,543,-1,402,543,544,-1,544,543,514,-1,544,514,545,-1,545,514,509,-1,545,509,546,-1,546,509,496,-1,546,496,547,-1,547,496,253,-1,547,253,548,-1,548,253,471,-1,548,471,549,-1,549,471,2,-1,549,2,550,-1,550,2,1,-1,550,1,71,-1,71,1,83,-1,71,83,72,-1,
        ]
    }
}
Shape{
    appearance Appearance {
        material  Material 	{
            diffuseColor 0.7529411764705882 0.7529411764705882 0.7529411764705882
            specularColor 0.3764705882352941 0.3764705882352941 0.3764705882352941
            ambientIntensity 0.7529
            transparency 0.0
            shininess 0.5
        }
    }
    geometry IndexedFaceSet {
        ccw TRUE
        solid FALSE
        coord DEF co Coordinate {
            point [
                0.4127 0.2223 0.0039, 0.423 0.2756 0.0039, 0.423 0.2756 0.0, 0.4255 0.2868 0.0015, 0.4247 0.2834 0.0047, 0.4259 0.2889 0.0062, 0.4278 0.2972 0.0058, 0.4275 0.2959 0.0096, 0.43 0.3062 0.0127, 0.4286 0.3007 0.0129, 0.4293 0.3034 0.0155, 0.4127 0.2223 0.0, 0.4005 0.1338 0.0, 0.4005 0.1338 0.0039, 0.3945 0.0447 0.0, 0.3945 0.0447 0.0039, 0.3945 -0.0447 0.0, 0.3945 -0.0447 0.0039, 0.4005 -0.1338 0.0, 0.4005 -0.1338 0.0039, 0.4127 -0.2223 0.0, 0.4278 -0.2972 0.0058, 0.43 -0.3062 0.0127, 0.4293 -0.3034 0.0155, 0.4279 -0.2974 0.0105, 0.4267 -0.2925 0.0077, 0.4255 -0.2868 0.0015, 0.4251 -0.2851 0.0051, 0.423 -0.2756 0.0, 0.4239 -0.2796 0.0041, 0.423 -0.2756 0.0039, 0.4127 -0.2223 0.0039, 0.4127 -0.2223 0.6339, 0.423 -0.2756 0.6339, 0.423 -0.2756 0.6378, 0.4255 -0.2868 0.6363, 0.4247 -0.2834 0.6331, 0.4259 -0.2889 0.6315, 0.4278 -0.2972 0.632, 0.4275 -0.2959 0.6282, 0.43 -0.3062 0.6251, 0.4286 -0.3007 0.6248, 0.4293 -0.3034 0.6223, 0.4127 0.2223 0.6378, 0.4005 0.1338 0.6339, 0.4005 0.1338 0.6378, 0.3945 0.0447 0.6339, 0.3945 0.0447 0.6378, 0.3945 -0.0447 0.6339, 0.3945 -0.0447 0.6378, 0.4005 -0.1338 0.6339, 0.4005 -0.1338 0.6378, 0.4127 -0.2223 0.6378, 0.4278 0.2972 0.632, 0.43 0.3062 0.6251, 0.4293 0.3034 0.6223, 0.4279 0.2974 0.6273, 0.4267 0.2925 0.6301, 0.4255 0.2868 0.6363, 0.4251 0.2851 0.6327, 0.423 0.2756 0.6378, 0.4239 0.2796 0.6337, 0.423 0.2756 0.6339, 0.4127 0.2223 0.6339
            ]
        }
        coordIndex [
            0,1,2,-1,2,1,3,-1,1,4,3,-1,3,4,5,-1,3,5,6,-1,6,5,7,-1,6,7,8,-1,8,7,9,-1,8,9,10,-1,2,11,0,-1,0,11,12,-1,0,12,13,-1,13,12,14,-1,13,14,15,-1,15,14,16,-1,15,16,17,-1,17,16,18,-1,17,18,19,-1,19,18,20,-1,21,22,23,-1,23,24,21,-1,21,24,25,-1,21,25,26,-1,26,25,27,-1,26,27,28,-1,27,29,28,-1,28,29,30,-1,28,30,20,-1,20,30,31,-1,20,31,19,-1,32,33,34,-1,34,33,35,-1,33,36,35,-1,35,36,37,-1,35,37,38,-1,38,37,39,-1,38,39,40,-1,40,39,41,-1,40,41,42,-1,43,44,45,-1,45,44,46,-1,45,46,47,-1,47,46,48,-1,47,48,49,-1,49,48,50,-1,49,50,51,-1,51,50,32,-1,51,32,52,-1,52,32,34,-1,53,54,55,-1,55,56,53,-1,53,56,57,-1,53,57,58,-1,58,57,59,-1,58,59,60,-1,59,61,60,-1,60,61,62,-1,60,62,43,-1,43,62,63,-1,43,63,44,-1,
        ]
    }
}
Shape{
    appearance Appearance {
        material  Material 	{
            diffuseColor 0.37254901960784315 0.5764705882352941 1.0
            specularColor 0.18823529411764706 0.28627450980392155 0.5019607843137255
            ambientIntensity 0.5638
            transparency 0.0
            shininess 0.5
        }
    }
    geometry IndexedFaceSet {
        ccw TRUE
        solid FALSE
        coord DEF co Coordinate {
            point [
                -0.4011 0.315 0.4583, -0.4143 0.315 0.5505, 0.4011 0.315 0.4583, 0.4143 0.315 0.5505, -0.423 0.315 0.5945, 0.423 0.315 0.5945, -0.4011 0.315 0.1795, 0.4143 0.315 0.0873, -0.4143 0.315 0.0873, 0.423 0.315 0.0433, -0.423 0.315 0.0433, -0.3945 0.315 0.3655, 0.3945 0.315 0.3655, -0.3945 0.315 0.2723, 0.3945 0.315 0.2723, 0.4011 0.315 0.1795
            ]
        }
        coordIndex [
            0,1,2,-1,2,1,3,-1,3,1,4,-1,3,4,5,-1,6,7,8,-1,8,7,9,-1,8,9,10,-1,0,2,11,-1,11,2,12,-1,11,12,13,-1,13,12,14,-1,13,14,6,-1,6,14,15,-1,6,15,7,-1,
        ]
    }
}
Shape{
    appearance Appearance {
        material  Material 	{
            diffuseColor 0.7529411764705882 0.7529411764705882 0.7529411764705882
            specularColor 0.3764705882352941 0.3764705882352941 0.3764705882352941
            ambientIntensity 0.7529
            transparency 0.0
            shininess 0.5
        }
    }
    geometry IndexedFaceSet {
        ccw TRUE
        solid FALSE
        coord DEF co Coordinate {
            point [
                -0.4127 -0.2223 0.0039, -0.423 -0.2756 0.0039, -0.423 -0.2756 0.0, -0.4255 -0.2868 0.0015, -0.4247 -0.2834 0.0047, -0.4259 -0.2889 0.0062, -0.4278 -0.2972 0.0058, -0.4275 -0.2959 0.0096, -0.43 -0.3062 0.0127, -0.4286 -0.3007 0.0129, -0.4293 -0.3034 0.0155, -0.4127 -0.2223 0.0, -0.4005 -0.1338 0.0, -0.4005 -0.1338 0.0039, -0.3945 -0.0447 0.0, -0.3945 -0.0447 0.0039, -0.3945 0.0447 0.0, -0.3945 0.0447 0.0039, -0.4005 0.1338 0.0, -0.4005 0.1338 0.0039, -0.4127 0.2223 0.0, -0.4278 0.2972 0.0058, -0.43 0.3062 0.0127, -0.4293 0.3034 0.0155, -0.4279 0.2974 0.0105, -0.4267 0.2925 0.0077, -0.4255 0.2868 0.0015, -0.4251 0.2851 0.0051, -0.423 0.2756 0.0, -0.4239 0.2796 0.0041, -0.423 0.2756 0.0039, -0.4127 0.2223 0.0039, -0.4127 0.2223 0.6339, -0.423 0.2756 0.6339, -0.423 0.2756 0.6378, -0.4255 0.2868 0.6363, -0.4247 0.2834 0.6331, -0.4259 0.2889 0.6315, -0.4278 0.2972 0.632, -0.4275 0.2959 0.6282, -0.43 0.3062 0.6251, -0.4286 0.3007 0.6248, -0.4293 0.3034 0.6223, -0.4127 -0.2223 0.6378, -0.4005 -0.1338 0.6339, -0.4005 -0.1338 0.6378, -0.3945 -0.0447 0.6339, -0.3945 -0.0447 0.6378, -0.3945 0.0447 0.6339, -0.3945 0.0447 0.6378, -0.4005 0.1338 0.6339, -0.4005 0.1338 0.6378, -0.4127 0.2223 0.6378, -0.4278 -0.2972 0.632, -0.43 -0.3062 0.6251, -0.4293 -0.3034 0.6223, -0.4279 -0.2974 0.6273, -0.4267 -0.2925 0.6301, -0.4255 -0.2868 0.6363, -0.4251 -0.2851 0.6327, -0.423 -0.2756 0.6378, -0.4239 -0.2796 0.6337, -0.423 -0.2756 0.6339, -0.4127 -0.2223 0.6339, -0.4127 -0.3189 0.5412, -0.423 -0.3189 0.5945, -0.5906 -0.3189 0.5945, -0.4005 -0.3189 0.4527, -0.5906 -0.3189 0.0433, -0.423 -0.3189 0.0433, -0.4127 -0.3189 0.0966, -0.4005 -0.3189 0.1851, -0.3945 -0.3189 0.2742, -0.3945 -0.3189 0.3636, -0.6339 -0.2756 0.0433, -0.6339 -0.2756 0.5945, -0.6339 0.2756 0.0433, -0.6339 0.2756 0.5945, -0.4127 0.3189 0.0966, -0.423 0.3189 0.0433, -0.5906 0.3189 0.0433, -0.5906 0.3189 0.5945, -0.423 0.3189 0.5945, -0.4127 0.3189 0.5412, -0.4005 0.3189 0.1851, -0.4005 0.3189 0.4527, -0.3945 0.3189 0.3636, -0.3945 0.3189 0.2742, -0.5906 -0.2756 0.0, -0.5906 0.2756 0.0, -0.5906 0.2756 0.6378, -0.5906 -0.2756 0.6378
            ]
        }
        coordIndex [
            0,1,2,-1,2,1,3,-1,1,4,3,-1,3,4,5,-1,3,5,6,-1,6,5,7,-1,6,7,8,-1,8,7,9,-1,8,9,10,-1,2,11,0,-1,0,11,12,-1,0,12,13,-1,13,12,14,-1,13,14,15,-1,15,14,16,-1,15,16,17,-1,17,16,18,-1,17,18,19,-1,19,18,20,-1,21,22,23,-1,23,24,21,-1,21,24,25,-1,21,25,26,-1,26,25,27,-1,26,27,28,-1,27,29,28,-1,28,29,30,-1,28,30,20,-1,20,30,31,-1,20,31,19,-1,32,33,34,-1,34,33,35,-1,33,36,35,-1,35,36,37,-1,35,37,38,-1,38,37,39,-1,38,39,40,-1,40,39,41,-1,40,41,42,-1,43,44,45,-1,45,44,46,-1,45,46,47,-1,47,46,48,-1,47,48,49,-1,49,48,50,-1,49,50,51,-1,51,50,32,-1,51,32,52,-1,52,32,34,-1,53,54,55,-1,55,56,53,-1,53,56,57,-1,53,57,58,-1,58,57,59,-1,58,59,60,-1,59,61,60,-1,60,61,62,-1,60,62,43,-1,43,62,63,-1,43,63,44,-1,64,65,66,-1,64,66,67,-1,68,69,70,-1,70,71,68,-1,68,71,72,-1,68,72,66,-1,66,72,73,-1,66,73,67,-1,74,75,76,-1,76,75,77,-1,78,79,80,-1,81,82,83,-1,78,80,84,-1,83,85,81,-1,81,85,86,-1,81,86,80,-1,80,86,87,-1,80,87,84,-1,11,2,88,-1,89,28,20,-1,11,88,12,-1,20,18,89,-1,89,18,16,-1,89,16,88,-1,88,16,14,-1,88,14,12,-1,52,34,90,-1,52,90,51,-1,91,60,43,-1,43,45,91,-1,91,45,47,-1,91,47,90,-1,90,47,49,-1,90,49,51,-1,
        ]
    }
}
Shape{
    appearance Appearance {
        material  Material 	{
            diffuseColor 0.37254901960784315 0.5764705882352941 1.0
            specularColor 0.18823529411764706 0.28627450980392155 0.5019607843137255
            ambientIntensity 0.5638
            transparency 0.0
            shininess 0.5
        }
    }
    geometry IndexedFaceSet {
        ccw TRUE
        solid FALSE
        coord DEF co Coordinate {
            point [
                0.4011 0.1394 0.6339, 0.4143 0.2316 0.6339, -0.4011 0.1394 0.6339, -0.4143 0.2316 0.6339, 0.423 0.2756 0.6339, -0.423 0.2756 0.6339, 0.3945 0.0466 0.6339, -0.3945 0.0466 0.6339, 0.3945 -0.0466 0.6339, -0.3945 -0.0466 0.6339, 0.4011 -0.1394 0.6339, -0.4011 -0.1394 0.6339, 0.4143 -0.2316 0.6339, 0.423 -0.2756 0.6339, -0.4143 -0.2316 0.6339, -0.423 -0.2756 0.6339, -0.4143 0.2316 0.0039, -0.423 0.2756 0.0039, 0.423 0.2756 0.0039, 0.4143 -0.2316 0.0039, 0.423 -0.2756 0.0039, -0.423 -0.2756 0.0039, 0.4011 -0.1394 0.0039, -0.4011 0.1394 0.0039, -0.4143 -0.2316 0.0039, -0.4011 -0.1394 0.0039, 0.3945 -0.0466 0.0039, -0.3945 -0.0466 0.0039, 0.3945 0.0466 0.0039, -0.3945 0.0466 0.0039, 0.4011 0.1394 0.0039, 0.4143 0.2316 0.0039
            ]
        }
        coordIndex [
            0,1,2,-1,2,1,3,-1,3,1,4,-1,3,4,5,-1,0,2,6,-1,6,2,7,-1,6,7,8,-1,8,7,9,-1,8,9,10,-1,10,9,11,-1,10,11,12,-1,12,11,13,-1,13,11,14,-1,13,14,15,-1,16,17,18,-1,19,20,21,-1,19,21,22,-1,16,18,23,-1,21,24,22,-1,22,24,25,-1,22,25,26,-1,26,25,27,-1,26,27,28,-1,28,27,29,-1,28,29,30,-1,30,29,23,-1,30,23,31,-1,31,23,18,-1,
        ]
    }
}
Shape{
    appearance Appearance {
        material  Material 	{
            diffuseColor 0.7529411764705882 0.7529411764705882 0.7529411764705882
            specularColor 0.3764705882352941 0.3764705882352941 0.3764705882352941
            ambientIntensity 0.7529
            transparency 0.0
            shininess 0.5
        }
    }
    geometry IndexedFaceSet {
        ccw TRUE
        solid FALSE
        coord DEF co Coordinate {
            point [
                -0.4127 -0.315 0.5412, -0.423 -0.315 0.5945, -0.423 -0.3189 0.5945, -0.4255 -0.3174 0.6057, -0.4247 -0.3142 0.6023, -0.4259 -0.3126 0.6078, -0.4278 -0.3131 0.6161, -0.4275 -0.3093 0.6148, -0.43 -0.3062 0.6251, -0.4286 -0.306 0.6196, -0.4293 -0.3034 0.6223, -0.4127 -0.3189 0.0966, -0.4005 -0.315 0.1851, -0.4005 -0.3189 0.1851, -0.3945 -0.315 0.2742, -0.3945 -0.3189 0.2742, -0.3945 -0.315 0.3636, -0.3945 -0.3189 0.3636, -0.4005 -0.315 0.4527, -0.4005 -0.3189 0.4527, -0.4127 -0.3189 0.5412, -0.4278 -0.3131 0.0217, -0.43 -0.3062 0.0127, -0.4293 -0.3034 0.0155, -0.4279 -0.3084 0.0215, -0.4267 -0.3112 0.0264, -0.4255 -0.3174 0.0321, -0.4251 -0.3138 0.0338, -0.423 -0.3189 0.0433, -0.4239 -0.3148 0.0393, -0.423 -0.315 0.0433, -0.4127 -0.315 0.0966, -0.4127 0.315 0.0966, -0.423 0.315 0.0433, -0.423 0.3189 0.0433, -0.4255 0.3174 0.0321, -0.4247 0.3142 0.0355, -0.4259 0.3126 0.03, -0.4278 0.3131 0.0217, -0.4275 0.3093 0.023, -0.43 0.3062 0.0127, -0.4286 0.306 0.0182, -0.4293 0.3034 0.0155, -0.4127 0.3189 0.5412, -0.4005 0.315 0.4527, -0.4005 0.3189 0.4527, -0.3945 0.315 0.3636, -0.3945 0.3189 0.3636, -0.3945 0.315 0.2742, -0.3945 0.3189 0.2742, -0.4005 0.315 0.1851, -0.4005 0.3189 0.1851, -0.4127 0.3189 0.0966, -0.4278 0.3131 0.6161, -0.43 0.3062 0.6251, -0.4293 0.3034 0.6223, -0.4279 0.3084 0.6163, -0.4267 0.3112 0.6114, -0.4255 0.3174 0.6057, -0.4251 0.3138 0.604, -0.423 0.3189 0.5945, -0.4239 0.3148 0.5985, -0.423 0.315 0.5945, -0.4127 0.315 0.5412, 0.4127 0.3189 0.5412, 0.423 0.3189 0.5945, 0.5906 0.3189 0.5945, 0.5906 0.3189 0.0433, 0.423 0.3189 0.0433, 0.4127 0.3189 0.0966, 0.4005 0.3189 0.4527, 0.4005 0.3189 0.1851, 0.3945 0.3189 0.2742, 0.3945 0.3189 0.3636, 0.6339 0.2756 0.0433, 0.6339 0.2756 0.5945, 0.6339 -0.2756 0.0433, 0.6339 -0.2756 0.5945, 0.4127 -0.3189 0.0966, 0.423 -0.3189 0.0433, 0.5906 -0.3189 0.0433, 0.5906 -0.3189 0.5945, 0.423 -0.3189 0.5945, 0.4127 -0.3189 0.5412, 0.4005 -0.3189 0.1851, 0.4005 -0.3189 0.4527, 0.3945 -0.3189 0.3636, 0.3945 -0.3189 0.2742, 0.4127 0.2223 0.0, 0.423 0.2756 0.0, 0.5906 0.2756 0.0, 0.5906 -0.2756 0.0, 0.423 -0.2756 0.0, 0.4127 -0.2223 0.0, 0.4005 0.1338 0.0, 0.4005 -0.1338 0.0, 0.3945 -0.0447 0.0, 0.3945 0.0447 0.0, 0.4127 -0.2223 0.6378, 0.423 -0.2756 0.6378, 0.5906 -0.2756 0.6378, 0.5906 0.2756 0.6378, 0.423 0.2756 0.6378, 0.4127 0.2223 0.6378, 0.4005 -0.1338 0.6378, 0.4005 0.1338 0.6378, 0.3945 0.0447 0.6378, 0.3945 -0.0447 0.6378, 0.4127 -0.315 0.0966, 0.423 -0.315 0.0433, 0.4255 -0.3174 0.0321, 0.4247 -0.3142 0.0355, 0.4259 -0.3126 0.03, 0.4278 -0.3131 0.0217, 0.4275 -0.3093 0.023, 0.43 -0.3062 0.0127, 0.4286 -0.306 0.0182, 0.4293 -0.3034 0.0155, 0.4005 -0.315 0.4527, 0.3945 -0.315 0.3636, 0.3945 -0.315 0.2742, 0.4005 -0.315 0.1851, 0.4278 -0.3131 0.6161, 0.43 -0.3062 0.6251, 0.4293 -0.3034 0.6223, 0.4279 -0.3084 0.6163, 0.4267 -0.3112 0.6114, 0.4255 -0.3174 0.6057, 0.4251 -0.3138 0.604, 0.4239 -0.3148 0.5985, 0.423 -0.315 0.5945, 0.4127 -0.315 0.5412, 0.4127 0.315 0.5412, 0.423 0.315 0.5945, 0.4255 0.3174 0.6057, 0.4247 0.3142 0.6023, 0.4259 0.3126 0.6078, 0.4278 0.3131 0.6161, 0.4275 0.3093 0.6148, 0.43 0.3062 0.6251, 0.4286 0.306 0.6196, 0.4293 0.3034 0.6223, 0.4005 0.315 0.1851, 0.3945 0.315 0.2742, 0.3945 0.315 0.3636, 0.4005 0.315 0.4527, 0.4278 0.3131 0.0217, 0.43 0.3062 0.0127, 0.4293 0.3034 0.0155, 0.4279 0.3084 0.0215, 0.4267 0.3112 0.0264, 0.4255 0.3174 0.0321, 0.4251 0.3138 0.0338, 0.4239 0.3148 0.0393, 0.423 0.315 0.0433, 0.4127 0.315 0.0966
            ]
        }
        coordIndex [
            0,1,2,-1,2,1,3,-1,1,4,3,-1,3,4,5,-1,3,5,6,-1,6,5,7,-1,6,7,8,-1,8,7,9,-1,8,9,10,-1,11,12,13,-1,13,12,14,-1,13,14,15,-1,15,14,16,-1,15,16,17,-1,17,16,18,-1,17,18,19,-1,19,18,0,-1,19,0,20,-1,20,0,2,-1,21,22,23,-1,23,24,21,-1,21,24,25,-1,21,25,26,-1,26,25,27,-1,26,27,28,-1,27,29,28,-1,28,29,30,-1,28,30,11,-1,11,30,31,-1,11,31,12,-1,32,33,34,-1,34,33,35,-1,33,36,35,-1,35,36,37,-1,35,37,38,-1,38,37,39,-1,38,39,40,-1,40,39,41,-1,40,41,42,-1,43,44,45,-1,45,44,46,-1,45,46,47,-1,47,46,48,-1,47,48,49,-1,49,48,50,-1,49,50,51,-1,51,50,32,-1,51,32,52,-1,52,32,34,-1,53,54,55,-1,55,56,53,-1,53,56,57,-1,53,57,58,-1,58,57,59,-1,58,59,60,-1,59,61,60,-1,60,61,62,-1,60,62,43,-1,43,62,63,-1,43,63,44,-1,64,65,66,-1,67,68,69,-1,64,66,70,-1,69,71,67,-1,67,71,72,-1,67,72,66,-1,66,72,73,-1,66,73,70,-1,74,75,76,-1,76,75,77,-1,78,79,80,-1,81,82,83,-1,78,80,84,-1,83,85,81,-1,81,85,86,-1,81,86,80,-1,80,86,87,-1,80,87,84,-1,88,89,90,-1,91,92,93,-1,88,90,94,-1,93,95,91,-1,91,95,96,-1,91,96,90,-1,90,96,97,-1,90,97,94,-1,98,99,100,-1,101,102,103,-1,98,100,104,-1,103,105,101,-1,101,105,106,-1,101,106,100,-1,100,106,107,-1,100,107,104,-1,108,109,79,-1,79,109,110,-1,109,111,110,-1,110,111,112,-1,110,112,113,-1,113,112,114,-1,113,114,115,-1,115,114,116,-1,115,116,117,-1,83,118,85,-1,85,118,119,-1,85,119,86,-1,86,119,120,-1,86,120,87,-1,87,120,121,-1,87,121,84,-1,84,121,108,-1,84,108,78,-1,78,108,79,-1,122,123,124,-1,124,125,122,-1,122,125,126,-1,122,126,127,-1,127,126,128,-1,127,128,82,-1,128,129,82,-1,82,129,130,-1,82,130,83,-1,83,130,131,-1,83,131,118,-1,132,133,65,-1,65,133,134,-1,133,135,134,-1,134,135,136,-1,134,136,137,-1,137,136,138,-1,137,138,139,-1,139,138,140,-1,139,140,141,-1,69,142,71,-1,71,142,143,-1,71,143,72,-1,72,143,144,-1,72,144,73,-1,73,144,145,-1,73,145,70,-1,70,145,132,-1,70,132,64,-1,64,132,65,-1,146,147,148,-1,148,149,146,-1,146,149,150,-1,146,150,151,-1,151,150,152,-1,151,152,68,-1,152,153,68,-1,68,153,154,-1,68,154,69,-1,69,154,155,-1,69,155,142,-1,
        ]
    }
}
Shape{
    appearance Appearance {
        material  Material 	{
            diffuseColor 0.0 0.0 0.0
            specularColor 0.0 0.0 0.0
            ambientIntensity 0.0
            transparency 0.0
            shininess 0.5
        }
    }
    geometry IndexedFaceSet {
        ccw TRUE
        solid FALSE
        coord DEF co Coordinate {
            point [
                -0.0154 -0.3189 0.2197, -0.0154 -0.3189 0.2155, -0.0154 -0.315 0.2197, -0.0154 -0.315 0.2155, -0.0301 -0.3189 0.2197, -0.0301 -0.315 0.2197, -0.0301 -0.3189 0.2525, -0.0301 -0.315 0.2525, -0.0349 -0.3189 0.2525, -0.0349 -0.315 0.2525, -0.0349 -0.3189 0.2155, -0.0349 -0.315 0.2155, 0.0036 -0.3189 0.2148, 0.0036 -0.315 0.2148, 0.0093 -0.3189 0.2154, 0.0069 -0.315 0.2152, 0.0093 -0.315 0.2154, 0.0133 -0.315 0.2167, 0.0133 -0.3189 0.2167, 0.0139 -0.315 0.217, 0.0139 -0.3189 0.217, 0.0139 -0.3189 0.2216, 0.0139 -0.315 0.2216, 0.0103 -0.315 0.22, 0.0103 -0.3189 0.22, 0.0061 -0.315 0.2192, 0.0061 -0.3189 0.2192, 0.0043 -0.315 0.2191, 0.0043 -0.3189 0.2191, 0.0006 -0.315 0.2196, 0.0006 -0.3189 0.2196, -0.0021 -0.315 0.2206, -0.0021 -0.3189 0.2206, -0.0045 -0.315 0.2223, -0.0045 -0.3189 0.2223, -0.0052 -0.315 0.223, -0.0052 -0.3189 0.223, -0.007 -0.315 0.2255, -0.007 -0.3189 0.2255, -0.0082 -0.315 0.2285, -0.0082 -0.3189 0.2285, -0.0088 -0.315 0.2322, -0.0088 -0.3189 0.2322, -0.0088 -0.315 0.2336, -0.0088 -0.3189 0.2336, -0.0082 -0.315 0.2388, -0.0082 -0.3189 0.2388, -0.007 -0.315 0.2419, -0.007 -0.3189 0.2419, -0.0049 -0.315 0.2447, -0.0049 -0.3189 0.2447, -0.0024 -0.315 0.2468, -0.0024 -0.3189 0.2468, 0.0005 -0.315 0.2482, 0.0005 -0.3189 0.2482, 0.0037 -0.315 0.2488, 0.0037 -0.3189 0.2488, 0.0052 -0.315 0.2488, 0.0052 -0.3189 0.2488, 0.0097 -0.315 0.2483, 0.0097 -0.3189 0.2483, 0.0135 -0.315 0.2469, 0.0135 -0.3189 0.2469, 0.0139 -0.315 0.2466, 0.0139 -0.3189 0.2466, 0.0139 -0.3189 0.2516, 0.0139 -0.315 0.2516, 0.0051 -0.315 0.2532, 0.0051 -0.3189 0.2532, 0.0052 -0.3189 0.2532, 0.01 -0.315 0.2528, 0.01 -0.3189 0.2528, 0.009 -0.315 0.2529, 0.0052 -0.315 0.2532, 0.0026 -0.315 0.2529, -0.0003 -0.3189 0.2525, -0.0003 -0.315 0.2525, -0.0042 -0.315 0.251, -0.0042 -0.3189 0.251, -0.0076 -0.315 0.2485, -0.0076 -0.3189 0.2485, -0.0085 -0.315 0.2477, -0.0085 -0.3189 0.2477, -0.0112 -0.315 0.2442, -0.0112 -0.3189 0.2442, -0.0122 -0.315 0.2418, -0.013 -0.3189 0.2401, -0.013 -0.315 0.2401, -0.0138 -0.315 0.2352, -0.0138 -0.3189 0.2352, -0.0139 -0.315 0.2333, -0.0139 -0.3189 0.2333, -0.0133 -0.315 0.2278, -0.0133 -0.3189 0.2278, -0.0122 -0.315 0.2248, -0.0118 -0.3189 0.2238, -0.0118 -0.315 0.2238, -0.0097 -0.315 0.2206, -0.0097 -0.3189 0.2206, -0.0091 -0.315 0.2199, -0.0091 -0.3189 0.2199, 0.0014 -0.3189 0.215, -0.0061 -0.315 0.2174, -0.0061 -0.3189 0.2174, -0.0026 -0.315 0.2158, -0.0026 -0.3189 0.2158, 0.0004 -0.315 0.2152, 0.0014 -0.315 0.215, 0.0412 -0.3189 0.2197, 0.0412 -0.3189 0.2155, 0.0412 -0.315 0.2197, 0.0412 -0.315 0.2155, 0.0261 -0.315 0.2197, 0.0261 -0.3189 0.2197, 0.0361 -0.315 0.2197, 0.0261 -0.3189 0.2322, 0.0261 -0.315 0.2322, 0.0394 -0.3189 0.2322, 0.0361 -0.315 0.2322, 0.0394 -0.315 0.2322, 0.0394 -0.3189 0.2364, 0.0394 -0.315 0.2364, 0.0261 -0.315 0.2364, 0.0261 -0.3189 0.2364, 0.0361 -0.315 0.2364, 0.0261 -0.3189 0.2483, 0.0261 -0.315 0.2483, 0.0404 -0.3189 0.2483, 0.0361 -0.315 0.2483, 0.0404 -0.315 0.2483, 0.0404 -0.3189 0.2525, 0.0404 -0.315 0.2525, 0.0213 -0.315 0.2525, 0.0213 -0.3189 0.2525, 0.0361 -0.315 0.2525, 0.0213 -0.3189 0.2155, 0.0213 -0.315 0.2155, 0.0361 -0.315 0.2155, 0.0713 -0.3189 0.2259, 0.0694 -0.3189 0.2236, 0.0728 -0.3189 0.2207, 0.0688 -0.3189 0.2229, 0.069 -0.3189 0.2179, 0.0663 -0.3189 0.2213, 0.0648 -0.3189 0.2163, 0.0631 -0.3189 0.2202, 0.0584 -0.3189 0.2155, 0.0584 -0.3189 0.2197, 0.0482 -0.3189 0.2155, 0.053 -0.3189 0.2197, 0.0482 -0.3189 0.2525, 0.053 -0.3189 0.2483, 0.0588 -0.3189 0.2525, 0.0586 -0.3189 0.2483, 0.0645 -0.3189 0.2519, 0.0634 -0.3189 0.2477, 0.069 -0.3189 0.2503, 0.0666 -0.3189 0.2466, 0.0728 -0.3189 0.2476, 0.0693 -0.3189 0.2448, 0.0741 -0.3189 0.2464, 0.0705 -0.3189 0.2436, 0.0764 -0.3189 0.2432, 0.0719 -0.3189 0.2414, 0.0778 -0.3189 0.2396, 0.0729 -0.3189 0.2386, 0.0784 -0.3189 0.2345, 0.0734 -0.3189 0.2343, 0.0783 -0.3189 0.2321, 0.0733 -0.3189 0.232, 0.0774 -0.3189 0.2278, 0.0726 -0.3189 0.2286, 0.0756 -0.3189 0.224, 0.0584 -0.315 0.2155, 0.0482 -0.315 0.2155, 0.0728 -0.315 0.2207, 0.0648 -0.315 0.2163, 0.0652 -0.315 0.2164, 0.069 -0.315 0.2179, 0.0756 -0.315 0.224, 0.0774 -0.315 0.2278, 0.0783 -0.315 0.2321, 0.0784 -0.315 0.2345, 0.0778 -0.315 0.2396, 0.0764 -0.315 0.2432, 0.0741 -0.315 0.2464, 0.0728 -0.315 0.2476, 0.0588 -0.315 0.2525, 0.069 -0.315 0.2503, 0.0652 -0.315 0.2516, 0.0645 -0.315 0.2519, 0.0482 -0.315 0.2525, 0.0586 -0.315 0.2483, 0.053 -0.315 0.2483, 0.053 -0.315 0.2197, 0.0584 -0.315 0.2197, 0.0694 -0.315 0.2236, 0.0688 -0.315 0.2229, 0.0663 -0.315 0.2213, 0.0631 -0.315 0.2202, 0.0734 -0.315 0.2343, 0.0733 -0.315 0.232, 0.0726 -0.315 0.2286, 0.0713 -0.315 0.2259, 0.0693 -0.315 0.2448, 0.0705 -0.315 0.2436, 0.0719 -0.315 0.2414, 0.0729 -0.315 0.2386, 0.0634 -0.315 0.2477, 0.0666 -0.315 0.2466
            ]
        }
        coordIndex [
            0,1,2,-1,2,1,3,-1,4,0,5,-1,5,0,2,-1,6,4,7,-1,7,4,5,-1,8,6,9,-1,9,6,7,-1,10,8,11,-1,11,8,9,-1,1,10,3,-1,3,10,11,-1,6,8,4,-1,4,8,10,-1,4,10,0,-1,0,10,1,-1,12,13,14,-1,14,13,15,-1,15,16,14,-1,14,16,17,-1,14,17,18,-1,18,17,19,-1,18,19,20,-1,21,20,22,-1,22,20,19,-1,21,22,23,-1,21,23,24,-1,24,23,25,-1,24,25,26,-1,26,25,27,-1,26,27,28,-1,28,27,29,-1,28,29,30,-1,30,29,31,-1,30,31,32,-1,32,31,33,-1,32,33,34,-1,34,33,35,-1,34,35,36,-1,36,35,37,-1,36,37,38,-1,38,37,39,-1,38,39,40,-1,40,39,41,-1,40,41,42,-1,42,41,43,-1,42,43,44,-1,44,43,45,-1,44,45,46,-1,46,45,47,-1,46,47,48,-1,48,47,49,-1,48,49,50,-1,50,49,51,-1,50,51,52,-1,52,51,53,-1,52,53,54,-1,54,53,55,-1,54,55,56,-1,56,55,57,-1,56,57,58,-1,58,57,59,-1,58,59,60,-1,60,59,61,-1,60,61,62,-1,62,61,63,-1,62,63,64,-1,65,64,66,-1,66,64,63,-1,67,68,69,-1,65,66,70,-1,65,70,71,-1,71,70,72,-1,71,72,69,-1,69,72,73,-1,69,73,67,-1,68,67,74,-1,68,74,75,-1,74,76,75,-1,75,76,77,-1,75,77,78,-1,78,77,79,-1,78,79,80,-1,80,79,81,-1,80,81,82,-1,82,81,83,-1,82,83,84,-1,84,83,85,-1,84,85,86,-1,85,87,86,-1,86,87,88,-1,86,88,89,-1,89,88,90,-1,89,90,91,-1,91,90,92,-1,91,92,93,-1,93,92,94,-1,93,94,95,-1,94,96,95,-1,95,96,97,-1,95,97,98,-1,98,97,99,-1,98,99,100,-1,13,12,101,-1,100,99,102,-1,100,102,103,-1,103,102,104,-1,103,104,105,-1,105,104,106,-1,105,106,101,-1,101,106,107,-1,101,107,13,-1,62,64,65,-1,52,80,50,-1,50,80,82,-1,50,82,48,-1,48,82,84,-1,48,84,46,-1,62,65,60,-1,60,65,71,-1,60,71,58,-1,58,71,69,-1,58,69,56,-1,56,69,68,-1,56,68,54,-1,54,68,75,-1,54,75,52,-1,52,75,78,-1,52,78,80,-1,20,21,18,-1,18,21,24,-1,18,24,14,-1,14,24,26,-1,14,26,12,-1,12,26,28,-1,12,28,101,-1,101,28,30,-1,101,30,105,-1,105,30,32,-1,105,32,103,-1,103,32,34,-1,103,34,100,-1,100,34,36,-1,100,36,98,-1,98,36,38,-1,98,38,95,-1,91,44,89,-1,89,44,46,-1,89,46,86,-1,86,46,84,-1,95,38,93,-1,93,38,40,-1,93,40,91,-1,91,40,42,-1,91,42,44,-1,108,109,110,-1,110,109,111,-1,112,113,114,-1,114,113,108,-1,114,108,110,-1,115,113,116,-1,116,113,112,-1,115,116,117,-1,117,116,118,-1,117,118,119,-1,120,117,121,-1,121,117,119,-1,122,123,124,-1,124,123,120,-1,124,120,121,-1,125,123,126,-1,126,123,122,-1,125,126,127,-1,127,126,128,-1,127,128,129,-1,130,127,131,-1,131,127,129,-1,132,133,134,-1,134,133,130,-1,134,130,131,-1,135,133,136,-1,136,133,132,-1,135,136,109,-1,109,136,137,-1,109,137,111,-1,135,109,108,-1,108,113,135,-1,135,113,115,-1,135,115,133,-1,127,130,125,-1,125,130,133,-1,125,133,123,-1,123,133,115,-1,123,115,120,-1,120,115,117,-1,138,139,140,-1,140,139,141,-1,140,141,142,-1,142,141,143,-1,142,143,144,-1,144,143,145,-1,144,145,146,-1,146,145,147,-1,146,147,148,-1,148,147,149,-1,148,149,150,-1,150,149,151,-1,150,151,152,-1,152,151,153,-1,152,153,154,-1,154,153,155,-1,154,155,156,-1,156,155,157,-1,156,157,158,-1,158,157,159,-1,158,159,160,-1,160,159,161,-1,160,161,162,-1,162,161,163,-1,162,163,164,-1,164,163,165,-1,164,165,166,-1,166,165,167,-1,166,167,168,-1,168,167,169,-1,168,169,170,-1,170,169,171,-1,170,171,172,-1,172,171,138,-1,172,138,140,-1,146,148,173,-1,173,148,174,-1,175,140,142,-1,146,173,176,-1,146,176,144,-1,144,176,177,-1,144,177,142,-1,142,177,178,-1,142,178,175,-1,140,175,179,-1,140,179,172,-1,172,179,180,-1,172,180,170,-1,170,180,181,-1,170,181,168,-1,168,181,182,-1,168,182,166,-1,166,182,183,-1,166,183,164,-1,164,183,184,-1,164,184,162,-1,162,184,185,-1,162,185,160,-1,160,185,186,-1,160,186,158,-1,187,152,154,-1,158,186,188,-1,158,188,156,-1,156,188,189,-1,156,189,154,-1,154,189,190,-1,154,190,187,-1,150,152,191,-1,191,152,187,-1,148,150,174,-1,174,150,191,-1,153,151,192,-1,192,151,193,-1,151,149,193,-1,193,149,194,-1,149,147,194,-1,194,147,195,-1,139,196,197,-1,139,197,141,-1,141,197,198,-1,141,198,143,-1,143,198,199,-1,143,199,145,-1,145,199,195,-1,145,195,147,-1,167,200,201,-1,167,201,169,-1,169,201,202,-1,169,202,171,-1,171,202,203,-1,171,203,138,-1,138,203,196,-1,138,196,139,-1,159,204,205,-1,159,205,161,-1,161,205,206,-1,161,206,163,-1,163,206,207,-1,163,207,165,-1,165,207,200,-1,165,200,167,-1,153,192,208,-1,153,208,155,-1,155,208,209,-1,155,209,157,-1,157,209,204,-1,157,204,159,-1,
        ]
    }
}
Shape{
    appearance Appearance {
        material  Material 	{
            diffuseColor 0.37254901960784315 0.5764705882352941 1.0
            specularColor 0.18823529411764706 0.28627450980392155 0.5019607843137255
            ambientIntensity 0.5638
            transparency 0.0
            shininess 0.5
        }
    }
    geometry IndexedFaceSet {
        ccw TRUE
        solid FALSE
        coord DEF co Coordinate {
            point [
                0.053 -0.315 0.2483, 0.053 -0.315 0.2197, 0.0586 -0.315 0.2483, 0.0584 -0.315 0.2197, 0.0631 -0.315 0.2202, 0.0663 -0.315 0.2213, 0.0688 -0.315 0.2229, 0.0694 -0.315 0.2236, 0.0713 -0.315 0.2259, 0.0726 -0.315 0.2286, 0.0733 -0.315 0.232, 0.0734 -0.315 0.2343, 0.0729 -0.315 0.2386, 0.0719 -0.315 0.2414, 0.0705 -0.315 0.2436, 0.0693 -0.315 0.2448, 0.0634 -0.315 0.2477, 0.0666 -0.315 0.2466
            ]
        }
        coordIndex [
            0,1,2,-1,2,1,3,-1,2,3,4,-1,4,5,2,-1,2,5,6,-1,2,6,7,-1,7,8,2,-1,2,8,9,-1,2,9,10,-1,10,11,2,-1,2,11,12,-1,2,12,13,-1,13,14,2,-1,2,14,15,-1,2,15,16,-1,16,15,17,-1,
        ]
    }
}
Shape{
    appearance Appearance {
        material  Material 	{
            diffuseColor 0.0 0.0 0.0
            specularColor 0.0 0.0 0.0
            ambientIntensity 0.0
            transparency 0.0
            shininess 0.5
        }
    }
    geometry IndexedFaceSet {
        ccw TRUE
        solid FALSE
        coord DEF co Coordinate {
            point [
                0.0909 -0.3189 0.2298, 0.0893 -0.3189 0.2256, 0.1033 -0.3189 0.2298, 0.1048 -0.3189 0.2256, 0.0964 -0.3189 0.2452, 0.0946 -0.3189 0.2525, 0.0805 -0.3189 0.2155, 0.0858 -0.3189 0.2155, 0.0967 -0.3189 0.2463, 0.097 -0.3189 0.2478, 0.0997 -0.3189 0.2525, 0.0971 -0.3189 0.2478, 0.0974 -0.3189 0.2462, 0.0977 -0.3189 0.2452, 0.1138 -0.3189 0.2155, 0.1086 -0.3189 0.2155, 0.0997 -0.315 0.2525, 0.1138 -0.315 0.2155, 0.0946 -0.315 0.2525, 0.0805 -0.315 0.2155, 0.0912 -0.315 0.2435, 0.0858 -0.315 0.2155, 0.0893 -0.315 0.2256, 0.1048 -0.315 0.2256, 0.0912 -0.315 0.2256, 0.1086 -0.315 0.2155, 0.0909 -0.315 0.2298, 0.1033 -0.315 0.2298, 0.0977 -0.315 0.2452, 0.0971 -0.315 0.2478, 0.0974 -0.315 0.2462, 0.097 -0.315 0.2478, 0.0964 -0.315 0.2452, 0.0967 -0.315 0.2463
            ]
        }
        coordIndex [
            0,1,2,-1,2,1,3,-1,4,5,0,-1,0,5,6,-1,0,6,1,-1,1,6,7,-1,4,8,5,-1,5,8,9,-1,5,9,10,-1,10,9,11,-1,10,11,12,-1,12,13,10,-1,10,13,2,-1,10,2,14,-1,14,2,3,-1,14,3,15,-1,10,14,16,-1,16,14,17,-1,5,10,18,-1,18,10,16,-1,19,6,20,-1,20,6,5,-1,20,5,18,-1,7,6,21,-1,21,6,19,-1,1,7,22,-1,22,7,21,-1,23,3,24,-1,24,3,1,-1,24,1,22,-1,15,3,25,-1,25,3,23,-1,14,15,17,-1,17,15,25,-1,0,2,26,-1,26,2,27,-1,2,13,27,-1,27,13,28,-1,11,29,30,-1,11,30,12,-1,12,30,28,-1,12,28,13,-1,11,9,29,-1,29,9,31,-1,4,32,33,-1,4,33,8,-1,8,33,31,-1,8,31,9,-1,4,0,32,-1,32,0,26,-1,
        ]
    }
}
Shape{
    appearance Appearance {
        material  Material 	{
            diffuseColor 0.37254901960784315 0.5764705882352941 1.0
            specularColor 0.18823529411764706 0.28627450980392155 0.5019607843137255
            ambientIntensity 0.5638
            transparency 0.0
            shininess 0.5
        }
    }
    geometry IndexedFaceSet {
        ccw TRUE
        solid FALSE
        coord DEF co Coordinate {
            point [
                0.0971 -0.315 0.2478, 0.097 -0.315 0.2478, 0.0974 -0.315 0.2462, 0.0967 -0.315 0.2463, 0.0977 -0.315 0.2452, 0.0964 -0.315 0.2452, 0.1033 -0.315 0.2298, 0.0909 -0.315 0.2298
            ]
        }
        coordIndex [
            0,1,2,-1,2,1,3,-1,2,3,4,-1,4,3,5,-1,4,5,6,-1,6,5,7,-1,
        ]
    }
}
Shape{
    appearance Appearance {
        material  Material 	{
            diffuseColor 0.0 0.0 0.0
            specularColor 0.0 0.0 0.0
            ambientIntensity 0.0
            transparency 0.0
            shininess 0.5
        }
    }
    geometry IndexedFaceSet {
        ccw TRUE
        solid FALSE
        coord DEF co Coordinate {
            point [
                -0.015 -0.3189 0.1609, -0.015 -0.3189 0.1567, -0.015 -0.315 0.1609, -0.015 -0.315 0.1567, -0.0301 -0.3189 0.1609, -0.0301 -0.315 0.1609, -0.0301 -0.3189 0.1734, -0.0301 -0.315 0.1734, -0.0169 -0.3189 0.1734, -0.0169 -0.315 0.1734, -0.0169 -0.3189 0.1776, -0.0169 -0.315 0.1776, -0.0301 -0.3189 0.1776, -0.0301 -0.315 0.1776, -0.0301 -0.3189 0.1895, -0.0301 -0.315 0.1895, -0.0158 -0.3189 0.1895, -0.0158 -0.315 0.1895, -0.0158 -0.3189 0.1937, -0.0158 -0.315 0.1937, -0.0349 -0.3189 0.1937, -0.0349 -0.315 0.1937, -0.0349 -0.3189 0.1567, -0.0349 -0.315 0.1567, 0.0107 -0.3189 0.1737, 0.0061 -0.3189 0.17, 0.0061 -0.3189 0.1674, 0.006 -0.3189 0.1608, 0.0061 -0.3189 0.1608, 0.0058 -0.3189 0.1652, -0.0053 -0.3189 0.1715, -0.0073 -0.3189 0.1705, -0.0046 -0.3189 0.1675, 0.0061 -0.3189 0.1567, 0.0107 -0.3189 0.1567, -0.0049 -0.3189 0.1614, -0.0083 -0.3189 0.1581, -0.0045 -0.3189 0.161, -0.0068 -0.3189 0.1571, -0.0036 -0.3189 0.1604, -0.005 -0.3189 0.1564, -0.0025 -0.3189 0.16, -0.0028 -0.3189 0.1561, -0.0022 -0.3189 0.156, -0.0009 -0.3189 0.1598, 0.0001 -0.3189 0.1563, 0.0009 -0.3189 0.1601, 0.002 -0.3189 0.1569, 0.0023 -0.3189 0.1606, 0.0037 -0.3189 0.158, 0.0036 -0.3189 0.1615, 0.0052 -0.3189 0.1596, 0.0041 -0.3189 0.162, 0.0052 -0.3189 0.1635, -0.0052 -0.3189 0.1668, -0.0087 -0.3189 0.1693, -0.0056 -0.3189 0.1659, -0.0096 -0.3189 0.1679, -0.0058 -0.3189 0.1649, -0.004 -0.3189 0.168, -0.0029 -0.3189 0.1685, -0.0018 -0.3189 0.1724, -0.0001 -0.3189 0.1691, 0.0061 -0.3189 0.1735, -0.008 -0.3189 0.1813, -0.008 -0.3189 0.1768, -0.007 -0.3189 0.1818, -0.0047 -0.3189 0.1788, -0.0036 -0.3189 0.1832, -0.0018 -0.3189 0.1797, 0.0012 -0.3189 0.1837, 0.0007 -0.3189 0.18, 0.0039 -0.3189 0.1835, 0.0023 -0.3189 0.1798, 0.0059 -0.3189 0.1829, 0.0034 -0.3189 0.1794, 0.0074 -0.3189 0.182, 0.0042 -0.3189 0.1789, 0.0087 -0.3189 0.1809, 0.0049 -0.3189 0.1781, 0.0096 -0.3189 0.1794, 0.0054 -0.3189 0.1772, 0.0104 -0.3189 0.1773, 0.0059 -0.3189 0.1755, -0.0102 -0.3189 0.1663, -0.0105 -0.3189 0.1643, -0.0058 -0.3189 0.1641, -0.0105 -0.3189 0.1638, -0.0057 -0.3189 0.1631, -0.0103 -0.3189 0.1616, -0.0054 -0.3189 0.1622, -0.0098 -0.3189 0.1601, -0.0088 -0.3189 0.1586, 0.0012 -0.315 0.1837, -0.0036 -0.315 0.1832, -0.007 -0.315 0.1818, -0.008 -0.315 0.1813, -0.008 -0.315 0.1768, -0.0047 -0.315 0.1788, -0.0018 -0.315 0.1797, 0.0007 -0.315 0.18, 0.0023 -0.315 0.1798, 0.0034 -0.315 0.1794, 0.0042 -0.315 0.1789, 0.0049 -0.315 0.1781, 0.0054 -0.315 0.1772, 0.0059 -0.315 0.1755, 0.0061 -0.315 0.1735, -0.0018 -0.315 0.1724, -0.0053 -0.315 0.1715, -0.0073 -0.315 0.1705, -0.0087 -0.315 0.1693, -0.0096 -0.315 0.1679, -0.0102 -0.315 0.1663, -0.0105 -0.315 0.1643, -0.0105 -0.315 0.1638, -0.0103 -0.315 0.1616, -0.0098 -0.315 0.1601, -0.0088 -0.315 0.1586, -0.0083 -0.315 0.1581, -0.0022 -0.315 0.156, -0.0068 -0.315 0.1571, -0.005 -0.315 0.1564, -0.0048 -0.315 0.1564, -0.0028 -0.315 0.1561, 0.0001 -0.315 0.1563, 0.0003 -0.315 0.1564, 0.002 -0.315 0.1569, 0.0037 -0.315 0.158, 0.0052 -0.315 0.1596, 0.006 -0.315 0.1608, 0.0061 -0.315 0.1608, 0.0061 -0.315 0.1567, 0.0107 -0.315 0.1567, 0.0107 -0.315 0.1737, 0.0104 -0.315 0.1773, 0.0096 -0.315 0.1794, 0.0087 -0.315 0.1809, 0.0074 -0.315 0.182, 0.0059 -0.315 0.1829, 0.0039 -0.315 0.1835, -0.0046 -0.315 0.1675, -0.004 -0.315 0.168, -0.0029 -0.315 0.1685, -0.0001 -0.315 0.1691, -0.0058 -0.315 0.1641, -0.0058 -0.315 0.1649, -0.0056 -0.315 0.1659, -0.0052 -0.315 0.1668, -0.0045 -0.315 0.161, -0.0049 -0.315 0.1614, -0.0054 -0.315 0.1622, -0.0057 -0.315 0.1631, -0.0009 -0.315 0.1598, -0.0025 -0.315 0.16, -0.0036 -0.315 0.1604, 0.0041 -0.315 0.162, 0.0036 -0.315 0.1615, 0.0023 -0.315 0.1606, 0.0009 -0.315 0.1601, 0.0061 -0.315 0.1674, 0.0058 -0.315 0.1652, 0.0052 -0.315 0.1635, 0.0061 -0.315 0.17
            ]
        }
        coordIndex [
            0,1,2,-1,2,1,3,-1,4,0,5,-1,5,0,2,-1,6,4,7,-1,7,4,5,-1,8,6,9,-1,9,6,7,-1,10,8,11,-1,11,8,9,-1,12,10,13,-1,13,10,11,-1,14,12,15,-1,15,12,13,-1,16,14,17,-1,17,14,15,-1,18,16,19,-1,19,16,17,-1,20,18,21,-1,21,18,19,-1,22,20,23,-1,23,20,21,-1,1,22,3,-1,3,22,23,-1,22,1,0,-1,0,4,22,-1,22,4,6,-1,22,6,20,-1,16,18,14,-1,14,18,20,-1,14,20,12,-1,12,20,6,-1,12,6,10,-1,10,6,8,-1,24,25,26,-1,27,28,29,-1,30,31,32,-1,33,34,28,-1,28,34,24,-1,28,24,29,-1,29,24,26,-1,35,36,37,-1,37,36,38,-1,37,38,39,-1,39,38,40,-1,39,40,41,-1,40,42,41,-1,41,42,43,-1,41,43,44,-1,44,43,45,-1,44,45,46,-1,46,45,47,-1,46,47,48,-1,48,47,49,-1,48,49,50,-1,50,49,51,-1,50,51,52,-1,52,51,27,-1,52,27,53,-1,53,27,29,-1,32,31,54,-1,54,31,55,-1,54,55,56,-1,56,55,57,-1,56,57,58,-1,32,59,30,-1,30,59,60,-1,30,60,61,-1,61,60,62,-1,61,62,63,-1,64,65,66,-1,66,65,67,-1,66,67,68,-1,68,67,69,-1,68,69,70,-1,70,69,71,-1,70,71,72,-1,72,71,73,-1,72,73,74,-1,74,73,75,-1,74,75,76,-1,76,75,77,-1,76,77,78,-1,78,77,79,-1,78,79,80,-1,80,79,81,-1,80,81,82,-1,82,81,83,-1,82,83,24,-1,24,83,63,-1,24,63,25,-1,25,63,62,-1,57,84,58,-1,58,84,85,-1,58,85,86,-1,86,85,87,-1,86,87,88,-1,88,87,89,-1,88,89,90,-1,90,89,91,-1,90,91,35,-1,35,91,92,-1,35,92,36,-1,70,93,94,-1,70,94,68,-1,68,94,95,-1,68,95,66,-1,66,95,96,-1,66,96,64,-1,65,64,97,-1,97,64,96,-1,65,97,98,-1,65,98,67,-1,67,98,99,-1,67,99,69,-1,69,99,100,-1,69,100,71,-1,71,100,101,-1,71,101,73,-1,73,101,102,-1,73,102,75,-1,75,102,103,-1,75,103,77,-1,77,103,104,-1,77,104,79,-1,79,104,105,-1,79,105,81,-1,81,105,106,-1,81,106,83,-1,83,106,107,-1,83,107,63,-1,61,63,108,-1,108,63,107,-1,61,108,109,-1,61,109,30,-1,30,109,110,-1,30,110,31,-1,31,110,111,-1,31,111,55,-1,55,111,112,-1,55,112,57,-1,57,112,113,-1,57,113,84,-1,84,113,114,-1,84,114,85,-1,85,114,115,-1,85,115,87,-1,87,115,116,-1,87,116,89,-1,89,116,117,-1,89,117,91,-1,91,117,118,-1,91,118,92,-1,92,118,119,-1,92,119,36,-1,120,43,42,-1,36,119,121,-1,36,121,38,-1,38,121,122,-1,38,122,40,-1,40,122,123,-1,40,123,42,-1,42,123,124,-1,42,124,120,-1,43,120,125,-1,43,125,45,-1,45,125,126,-1,45,126,47,-1,126,127,47,-1,47,127,128,-1,47,128,49,-1,49,128,129,-1,49,129,51,-1,51,129,130,-1,51,130,27,-1,28,27,131,-1,131,27,130,-1,33,28,132,-1,132,28,131,-1,34,33,133,-1,133,33,132,-1,24,34,134,-1,134,34,133,-1,24,134,135,-1,24,135,82,-1,82,135,136,-1,82,136,80,-1,80,136,137,-1,80,137,78,-1,78,137,138,-1,78,138,76,-1,76,138,139,-1,76,139,74,-1,74,139,140,-1,74,140,72,-1,72,140,93,-1,72,93,70,-1,32,141,142,-1,32,142,59,-1,59,142,143,-1,59,143,60,-1,60,143,144,-1,60,144,62,-1,86,145,146,-1,86,146,58,-1,58,146,147,-1,58,147,56,-1,56,147,148,-1,56,148,54,-1,54,148,141,-1,54,141,32,-1,37,149,150,-1,37,150,35,-1,35,150,151,-1,35,151,90,-1,90,151,152,-1,90,152,88,-1,88,152,145,-1,88,145,86,-1,44,153,154,-1,44,154,41,-1,41,154,155,-1,41,155,39,-1,39,155,149,-1,39,149,37,-1,52,156,157,-1,52,157,50,-1,50,157,158,-1,50,158,48,-1,48,158,159,-1,48,159,46,-1,46,159,153,-1,46,153,44,-1,26,160,161,-1,26,161,29,-1,29,161,162,-1,29,162,53,-1,53,162,156,-1,53,156,52,-1,26,25,160,-1,160,25,163,-1,25,62,163,-1,163,62,144,-1,
        ]
    }
}
Shape{
    appearance Appearance {
        material  Material 	{
            diffuseColor 0.37254901960784315 0.5764705882352941 1.0
            specularColor 0.18823529411764706 0.28627450980392155 0.5019607843137255
            ambientIntensity 0.5638
            transparency 0.0
            shininess 0.5
        }
    }
    geometry IndexedFaceSet {
        ccw TRUE
        solid FALSE
        coord DEF co Coordinate {
            point [
                0.0036 -0.315 0.1615, 0.0041 -0.315 0.162, -0.0001 -0.315 0.1691, 0.0052 -0.315 0.1635, 0.0009 -0.315 0.1601, -0.0029 -0.315 0.1685, -0.004 -0.315 0.168, 0.0023 -0.315 0.1606, 0.0058 -0.315 0.1652, 0.0061 -0.315 0.1674, 0.0061 -0.315 0.17, -0.0056 -0.315 0.1659, -0.0058 -0.315 0.1649, -0.0058 -0.315 0.1641, -0.0057 -0.315 0.1631, -0.0036 -0.315 0.1604, -0.0025 -0.315 0.16, -0.0045 -0.315 0.161, -0.0009 -0.315 0.1598, -0.0046 -0.315 0.1675, -0.0052 -0.315 0.1668, -0.0054 -0.315 0.1622, -0.0049 -0.315 0.1614
            ]
        }
        coordIndex [
            0,1,2,-1,2,1,3,-1,4,5,6,-1,5,4,2,-1,2,4,7,-1,2,7,0,-1,3,8,2,-1,2,8,9,-1,2,9,10,-1,11,12,4,-1,4,12,13,-1,4,13,14,-1,15,16,17,-1,17,16,18,-1,17,18,4,-1,6,19,4,-1,4,19,20,-1,4,20,11,-1,14,21,4,-1,4,21,22,-1,4,22,17,-1,
        ]
    }
}
Shape{
    appearance Appearance {
        material  Material 	{
            diffuseColor 0.0 0.0 0.0
            specularColor 0.0 0.0 0.0
            ambientIntensity 0.0
            transparency 0.0
            shininess 0.5
        }
    }
    geometry IndexedFaceSet {
        ccw TRUE
        solid FALSE
        coord DEF co Coordinate {
            point [
                0.017 -0.315 0.1624, 0.017 -0.3189 0.1624, 0.0187 -0.3189 0.1613, 0.0247 -0.3189 0.1598, 0.0247 -0.315 0.1598, 0.0216 -0.315 0.1602, 0.0216 -0.3189 0.1602, 0.0192 -0.315 0.1612, 0.0187 -0.315 0.1613, 0.017 -0.3189 0.1576, 0.017 -0.315 0.1576, 0.0192 -0.315 0.1568, 0.0203 -0.3189 0.1565, 0.0242 -0.315 0.156, 0.0242 -0.3189 0.156, 0.0212 -0.315 0.1564, 0.0203 -0.315 0.1565, 0.0268 -0.315 0.1564, 0.0284 -0.3189 0.1565, 0.0284 -0.315 0.1565, 0.0309 -0.315 0.1575, 0.0309 -0.3189 0.1575, 0.0319 -0.315 0.1581, 0.0319 -0.3189 0.1581, 0.0333 -0.315 0.1594, 0.0333 -0.3189 0.1594, 0.0342 -0.315 0.1606, 0.0342 -0.3189 0.1606, 0.0347 -0.315 0.1621, 0.0347 -0.3189 0.1621, 0.0349 -0.315 0.1639, 0.0349 -0.3189 0.1639, 0.0347 -0.315 0.1657, 0.0347 -0.3189 0.1657, 0.0341 -0.315 0.1671, 0.0341 -0.3189 0.1671, 0.0333 -0.315 0.1682, 0.0333 -0.3189 0.1682, 0.0322 -0.315 0.1692, 0.0322 -0.3189 0.1692, 0.0292 -0.315 0.1709, 0.0292 -0.3189 0.1709, 0.0274 -0.315 0.1717, 0.0274 -0.3189 0.1717, 0.0245 -0.315 0.1729, 0.0245 -0.3189 0.1729, 0.0228 -0.315 0.1739, 0.0228 -0.3189 0.1739, 0.0224 -0.315 0.1744, 0.0224 -0.3189 0.1744, 0.0221 -0.315 0.1751, 0.0221 -0.3189 0.1751, 0.0219 -0.315 0.1758, 0.0219 -0.3189 0.1758, 0.0218 -0.315 0.1764, 0.0218 -0.3189 0.1764, 0.0219 -0.315 0.1772, 0.0219 -0.3189 0.1772, 0.0221 -0.315 0.1778, 0.0221 -0.3189 0.1778, 0.0225 -0.315 0.1784, 0.0225 -0.3189 0.1784, 0.0232 -0.315 0.179, 0.0232 -0.3189 0.179, 0.0243 -0.315 0.1795, 0.0243 -0.3189 0.1795, 0.0255 -0.315 0.1799, 0.0255 -0.3189 0.1799, 0.0269 -0.315 0.18, 0.0269 -0.3189 0.18, 0.0301 -0.315 0.1796, 0.0301 -0.3189 0.1796, 0.0328 -0.315 0.1786, 0.0328 -0.3189 0.1786, 0.0336 -0.315 0.1781, 0.0336 -0.3189 0.1781, 0.0336 -0.3189 0.1826, 0.0336 -0.315 0.1826, 0.0306 -0.315 0.1835, 0.0306 -0.3189 0.1835, 0.0274 -0.315 0.1837, 0.0274 -0.3189 0.1837, 0.0236 -0.315 0.1833, 0.0236 -0.3189 0.1833, 0.0211 -0.315 0.1823, 0.0211 -0.3189 0.1823, 0.02 -0.315 0.1816, 0.02 -0.3189 0.1816, 0.0192 -0.315 0.1809, 0.0186 -0.3189 0.1803, 0.0186 -0.315 0.1803, 0.0177 -0.315 0.1791, 0.0177 -0.3189 0.1791, 0.0172 -0.315 0.1776, 0.0172 -0.3189 0.1776, 0.017 -0.315 0.176, 0.017 -0.3189 0.176, 0.0173 -0.315 0.1741, 0.0173 -0.3189 0.1741, 0.0178 -0.315 0.1727, 0.0178 -0.3189 0.1727, 0.0184 -0.315 0.1718, 0.0184 -0.3189 0.1718, 0.0241 -0.315 0.1683, 0.0241 -0.3189 0.1683, 0.0213 -0.3189 0.1696, 0.0191 -0.315 0.171, 0.0191 -0.3189 0.171, 0.0192 -0.315 0.171, 0.0213 -0.315 0.1696, 0.0271 -0.315 0.167, 0.0271 -0.3189 0.167, 0.0289 -0.315 0.1659, 0.0289 -0.3189 0.1659, 0.0295 -0.315 0.1653, 0.0295 -0.3189 0.1653, 0.0299 -0.315 0.1647, 0.0299 -0.3189 0.1647, 0.0301 -0.315 0.164, 0.0301 -0.3189 0.164, 0.0301 -0.315 0.1634, 0.0301 -0.3189 0.1634, 0.03 -0.315 0.1625, 0.03 -0.3189 0.1625, 0.0298 -0.315 0.1619, 0.0298 -0.3189 0.1619, 0.0294 -0.315 0.1613, 0.0294 -0.3189 0.1613, 0.0289 -0.315 0.1608, 0.0289 -0.3189 0.1608, 0.0284 -0.315 0.1605, 0.0284 -0.3189 0.1605, 0.0272 -0.315 0.1601, 0.0272 -0.3189 0.1601, 0.0249 -0.315 0.1598, 0.0249 -0.3189 0.1598, 0.0579 -0.3189 0.1831, 0.0627 -0.3189 0.1831, 0.0579 -0.315 0.1831, 0.0627 -0.315 0.1831, 0.0507 -0.3189 0.1632, 0.0507 -0.315 0.1632, 0.0503 -0.315 0.162, 0.0503 -0.3189 0.162, 0.0501 -0.315 0.1611, 0.0501 -0.3189 0.1611, 0.05 -0.3189 0.1611, 0.05 -0.315 0.1611, 0.0494 -0.3189 0.1632, 0.0494 -0.315 0.1632, 0.0425 -0.3189 0.1831, 0.0447 -0.315 0.1767, 0.0425 -0.315 0.1831, 0.0373 -0.3189 0.1831, 0.0373 -0.315 0.1831, 0.0477 -0.3189 0.1567, 0.0447 -0.315 0.1642, 0.0477 -0.315 0.1567, 0.0457 -0.315 0.1519, 0.0457 -0.3189 0.1519, 0.0475 -0.315 0.1564, 0.0447 -0.315 0.1503, 0.0447 -0.3189 0.1501, 0.0447 -0.315 0.1501, 0.0438 -0.315 0.1492, 0.0438 -0.3189 0.1492, 0.0434 -0.315 0.1489, 0.0434 -0.3189 0.1489, 0.0424 -0.315 0.1484, 0.0424 -0.3189 0.1484, 0.0413 -0.315 0.1482, 0.0413 -0.3189 0.1482, 0.0409 -0.315 0.1482, 0.0409 -0.3189 0.1482, 0.0392 -0.315 0.1484, 0.0392 -0.3189 0.1484, 0.0383 -0.315 0.1487, 0.0383 -0.3189 0.1487, 0.0383 -0.3189 0.1446, 0.0383 -0.315 0.1446, 0.0402 -0.315 0.1442, 0.0402 -0.3189 0.1442, 0.0413 -0.315 0.1442, 0.0413 -0.3189 0.1442, 0.0432 -0.315 0.1444, 0.0432 -0.3189 0.1444, 0.0447 -0.315 0.145, 0.045 -0.3189 0.1451, 0.045 -0.315 0.1451, 0.0466 -0.315 0.1463, 0.0466 -0.3189 0.1463, 0.0468 -0.315 0.1464, 0.0468 -0.3189 0.1464, 0.0485 -0.315 0.1484, 0.0485 -0.3189 0.1484, 0.0507 -0.315 0.1527, 0.0507 -0.3189 0.1527, 0.0522 -0.315 0.1564, 0.0877 -0.3189 0.1609, 0.0877 -0.3189 0.1567, 0.0877 -0.315 0.1609, 0.0877 -0.315 0.1567, 0.0725 -0.3189 0.1609, 0.0795 -0.315 0.1609, 0.0725 -0.315 0.1609, 0.0725 -0.3189 0.1734, 0.0725 -0.315 0.1734, 0.0858 -0.3189 0.1734, 0.0795 -0.315 0.1734, 0.0858 -0.315 0.1734, 0.0858 -0.3189 0.1776, 0.0858 -0.315 0.1776, 0.0725 -0.315 0.1776, 0.0725 -0.3189 0.1776, 0.0795 -0.315 0.1776, 0.0725 -0.3189 0.1895, 0.0725 -0.315 0.1895, 0.0868 -0.315 0.1895, 0.0868 -0.3189 0.1895, 0.0795 -0.315 0.1895, 0.0868 -0.3189 0.1937, 0.0868 -0.315 0.1937, 0.0677 -0.315 0.1937, 0.0677 -0.3189 0.1937, 0.0795 -0.315 0.1937, 0.0677 -0.3189 0.1567, 0.0677 -0.315 0.1567, 0.0795 -0.315 0.1567, 0.1177 -0.3189 0.167, 0.1159 -0.3189 0.1648, 0.1193 -0.3189 0.1619, 0.1152 -0.3189 0.1641, 0.1154 -0.3189 0.1591, 0.1127 -0.3189 0.1625, 0.1112 -0.3189 0.1574, 0.1095 -0.3189 0.1614, 0.1049 -0.3189 0.1567, 0.1048 -0.3189 0.1609, 0.0947 -0.3189 0.1567, 0.0995 -0.3189 0.1609, 0.0947 -0.3189 0.1937, 0.0995 -0.3189 0.1895, 0.1052 -0.3189 0.1937, 0.1051 -0.3189 0.1895, 0.1109 -0.3189 0.1931, 0.1098 -0.3189 0.1889, 0.1154 -0.3189 0.1915, 0.113 -0.3189 0.1878, 0.1193 -0.3189 0.1888, 0.1158 -0.3189 0.186, 0.1205 -0.3189 0.1876, 0.117 -0.3189 0.1848, 0.1228 -0.3189 0.1844, 0.1184 -0.3189 0.1826, 0.1242 -0.3189 0.1808, 0.1194 -0.3189 0.1798, 0.1248 -0.3189 0.1757, 0.1198 -0.3189 0.1755, 0.1247 -0.3189 0.1733, 0.1197 -0.3189 0.1732, 0.1238 -0.3189 0.169, 0.119 -0.3189 0.1698, 0.122 -0.3189 0.1651, 0.1049 -0.315 0.1567, 0.0947 -0.315 0.1567, 0.1112 -0.315 0.1574, 0.1154 -0.315 0.1591, 0.1193 -0.315 0.1619, 0.122 -0.315 0.1651, 0.1238 -0.315 0.169, 0.1247 -0.315 0.1733, 0.1248 -0.315 0.1757, 0.1242 -0.315 0.1808, 0.1228 -0.315 0.1844, 0.1205 -0.315 0.1876, 0.1193 -0.315 0.1888, 0.1154 -0.315 0.1915, 0.1109 -0.315 0.1931, 0.1052 -0.315 0.1937, 0.0947 -0.315 0.1937, 0.1051 -0.315 0.1895, 0.0995 -0.315 0.1895, 0.0995 -0.315 0.1609, 0.1048 -0.315 0.1609, 0.1159 -0.315 0.1648, 0.1152 -0.315 0.1641, 0.1127 -0.315 0.1625, 0.1095 -0.315 0.1614, 0.1198 -0.315 0.1755, 0.1197 -0.315 0.1732, 0.119 -0.315 0.1698, 0.1177 -0.315 0.167, 0.1158 -0.315 0.186, 0.117 -0.315 0.1848, 0.1184 -0.315 0.1826, 0.1194 -0.315 0.1798, 0.1098 -0.315 0.1889, 0.113 -0.315 0.1878
            ]
        }
        coordIndex [
            0,1,2,-1,3,4,5,-1,3,5,6,-1,6,5,7,-1,6,7,2,-1,2,7,8,-1,2,8,0,-1,9,1,10,-1,10,1,0,-1,10,11,9,-1,9,11,12,-1,13,14,15,-1,15,14,12,-1,15,12,16,-1,16,12,11,-1,13,17,14,-1,14,17,18,-1,17,19,18,-1,18,19,20,-1,18,20,21,-1,21,20,22,-1,21,22,23,-1,23,22,24,-1,23,24,25,-1,25,24,26,-1,25,26,27,-1,27,26,28,-1,27,28,29,-1,29,28,30,-1,29,30,31,-1,31,30,32,-1,31,32,33,-1,33,32,34,-1,33,34,35,-1,35,34,36,-1,35,36,37,-1,37,36,38,-1,37,38,39,-1,39,38,40,-1,39,40,41,-1,41,40,42,-1,41,42,43,-1,43,42,44,-1,43,44,45,-1,45,44,46,-1,45,46,47,-1,47,46,48,-1,47,48,49,-1,49,48,50,-1,49,50,51,-1,51,50,52,-1,51,52,53,-1,53,52,54,-1,53,54,55,-1,55,54,56,-1,55,56,57,-1,57,56,58,-1,57,58,59,-1,59,58,60,-1,59,60,61,-1,61,60,62,-1,61,62,63,-1,63,62,64,-1,63,64,65,-1,65,64,66,-1,65,66,67,-1,67,66,68,-1,67,68,69,-1,69,68,70,-1,69,70,71,-1,71,70,72,-1,71,72,73,-1,73,72,74,-1,73,74,75,-1,76,75,77,-1,77,75,74,-1,76,77,78,-1,76,78,79,-1,79,78,80,-1,79,80,81,-1,81,80,82,-1,81,82,83,-1,83,82,84,-1,83,84,85,-1,85,84,86,-1,85,86,87,-1,86,88,87,-1,87,88,89,-1,88,90,89,-1,89,90,91,-1,89,91,92,-1,92,91,93,-1,92,93,94,-1,94,93,95,-1,94,95,96,-1,96,95,97,-1,96,97,98,-1,98,97,99,-1,98,99,100,-1,100,99,101,-1,100,101,102,-1,103,104,105,-1,102,101,106,-1,102,106,107,-1,107,106,108,-1,107,108,105,-1,105,108,109,-1,105,109,103,-1,104,103,110,-1,104,110,111,-1,111,110,112,-1,111,112,113,-1,113,112,114,-1,113,114,115,-1,115,114,116,-1,115,116,117,-1,117,116,118,-1,117,118,119,-1,119,118,120,-1,119,120,121,-1,121,120,122,-1,121,122,123,-1,123,122,124,-1,123,124,125,-1,125,124,126,-1,125,126,127,-1,127,126,128,-1,127,128,129,-1,129,128,130,-1,129,130,131,-1,131,130,132,-1,131,132,133,-1,133,132,134,-1,133,134,135,-1,135,134,4,-1,135,4,3,-1,59,61,87,-1,87,61,85,-1,85,61,63,-1,85,63,83,-1,125,25,27,-1,111,43,104,-1,104,43,45,-1,125,27,123,-1,123,27,29,-1,123,29,121,-1,121,29,31,-1,121,31,119,-1,119,31,33,-1,119,33,117,-1,117,33,35,-1,117,35,115,-1,115,35,37,-1,115,37,113,-1,113,37,39,-1,113,39,111,-1,111,39,41,-1,111,41,43,-1,25,125,23,-1,23,125,127,-1,23,127,21,-1,14,3,12,-1,12,3,6,-1,12,6,9,-1,9,6,2,-1,9,2,1,-1,63,65,83,-1,83,65,67,-1,83,67,81,-1,81,67,69,-1,81,69,79,-1,79,69,71,-1,79,71,76,-1,76,71,73,-1,76,73,75,-1,127,129,21,-1,21,129,131,-1,21,131,18,-1,18,131,133,-1,18,133,14,-1,14,133,135,-1,14,135,3,-1,87,89,59,-1,59,89,92,-1,59,92,57,-1,57,92,94,-1,57,94,55,-1,55,94,96,-1,55,96,53,-1,53,96,98,-1,53,98,51,-1,51,98,100,-1,51,100,49,-1,49,100,102,-1,49,102,47,-1,47,102,107,-1,47,107,45,-1,45,107,105,-1,45,105,104,-1,136,137,138,-1,138,137,139,-1,140,136,141,-1,141,136,138,-1,140,141,142,-1,140,142,143,-1,143,142,144,-1,143,144,145,-1,146,145,147,-1,147,145,144,-1,148,146,149,-1,149,146,147,-1,148,149,150,-1,150,149,151,-1,150,151,152,-1,153,150,154,-1,154,150,152,-1,153,154,155,-1,155,154,156,-1,155,156,157,-1,158,159,160,-1,160,159,155,-1,160,155,157,-1,158,161,159,-1,159,161,162,-1,161,163,162,-1,162,163,164,-1,162,164,165,-1,165,164,166,-1,165,166,167,-1,167,166,168,-1,167,168,169,-1,169,168,170,-1,169,170,171,-1,171,170,172,-1,171,172,173,-1,173,172,174,-1,173,174,175,-1,175,174,176,-1,175,176,177,-1,178,177,179,-1,179,177,176,-1,178,179,180,-1,178,180,181,-1,181,180,182,-1,181,182,183,-1,183,182,184,-1,183,184,185,-1,185,184,186,-1,185,186,187,-1,186,188,187,-1,187,188,189,-1,187,189,190,-1,190,189,191,-1,190,191,192,-1,192,191,193,-1,192,193,194,-1,194,193,195,-1,194,195,196,-1,139,137,197,-1,197,137,196,-1,197,196,195,-1,143,145,196,-1,175,177,178,-1,137,136,196,-1,196,136,140,-1,196,140,143,-1,150,153,148,-1,148,153,155,-1,148,155,146,-1,145,146,196,-1,196,146,155,-1,196,155,194,-1,175,178,173,-1,173,178,181,-1,173,181,171,-1,171,181,183,-1,171,183,169,-1,169,183,185,-1,169,185,167,-1,167,185,187,-1,167,187,165,-1,155,159,194,-1,194,159,162,-1,194,162,192,-1,192,162,165,-1,192,165,190,-1,190,165,187,-1,198,199,200,-1,200,199,201,-1,198,200,202,-1,202,200,203,-1,202,203,204,-1,205,202,206,-1,206,202,204,-1,205,206,207,-1,207,206,208,-1,207,208,209,-1,210,207,211,-1,211,207,209,-1,212,213,214,-1,214,213,210,-1,214,210,211,-1,215,213,216,-1,216,213,212,-1,217,218,219,-1,219,218,215,-1,219,215,216,-1,220,218,221,-1,221,218,217,-1,222,223,224,-1,224,223,220,-1,224,220,221,-1,225,223,226,-1,226,223,222,-1,225,226,199,-1,199,226,227,-1,199,227,201,-1,225,199,198,-1,198,202,225,-1,225,202,205,-1,225,205,223,-1,218,220,215,-1,215,220,223,-1,215,223,213,-1,213,223,205,-1,213,205,210,-1,210,205,207,-1,228,229,230,-1,230,229,231,-1,230,231,232,-1,232,231,233,-1,232,233,234,-1,234,233,235,-1,234,235,236,-1,236,235,237,-1,236,237,238,-1,238,237,239,-1,238,239,240,-1,240,239,241,-1,240,241,242,-1,242,241,243,-1,242,243,244,-1,244,243,245,-1,244,245,246,-1,246,245,247,-1,246,247,248,-1,248,247,249,-1,248,249,250,-1,250,249,251,-1,250,251,252,-1,252,251,253,-1,252,253,254,-1,254,253,255,-1,254,255,256,-1,256,255,257,-1,256,257,258,-1,258,257,259,-1,258,259,260,-1,260,259,261,-1,260,261,262,-1,262,261,228,-1,262,228,230,-1,236,238,263,-1,263,238,264,-1,236,263,265,-1,236,265,234,-1,234,265,266,-1,234,266,232,-1,232,266,267,-1,232,267,230,-1,230,267,268,-1,230,268,262,-1,262,268,269,-1,262,269,260,-1,260,269,270,-1,260,270,258,-1,258,270,271,-1,258,271,256,-1,256,271,272,-1,256,272,254,-1,254,272,273,-1,254,273,252,-1,252,273,274,-1,252,274,250,-1,250,274,275,-1,250,275,248,-1,248,275,276,-1,248,276,246,-1,246,276,277,-1,246,277,244,-1,244,277,278,-1,244,278,242,-1,240,242,279,-1,279,242,278,-1,238,240,264,-1,264,240,279,-1,243,241,280,-1,280,241,281,-1,241,239,281,-1,281,239,282,-1,239,237,282,-1,282,237,283,-1,229,284,285,-1,229,285,231,-1,231,285,286,-1,231,286,233,-1,233,286,287,-1,233,287,235,-1,235,287,283,-1,235,283,237,-1,257,288,289,-1,257,289,259,-1,259,289,290,-1,259,290,261,-1,261,290,291,-1,261,291,228,-1,228,291,284,-1,228,284,229,-1,249,292,293,-1,249,293,251,-1,251,293,294,-1,251,294,253,-1,253,294,295,-1,253,295,255,-1,255,295,288,-1,255,288,257,-1,243,280,296,-1,243,296,245,-1,245,296,297,-1,245,297,247,-1,247,297,292,-1,247,292,249,-1,
        ]
    }
}
Shape{
    appearance Appearance {
        material  Material 	{
            diffuseColor 0.37254901960784315 0.5764705882352941 1.0
            specularColor 0.18823529411764706 0.28627450980392155 0.5019607843137255
            ambientIntensity 0.5638
            transparency 0.0
            shininess 0.5
        }
    }
    geometry IndexedFaceSet {
        ccw TRUE
        solid FALSE
        coord DEF co Coordinate {
            point [
                0.0995 -0.315 0.1895, 0.0995 -0.315 0.1609, 0.1051 -0.315 0.1895, 0.1048 -0.315 0.1609, 0.1095 -0.315 0.1614, 0.1127 -0.315 0.1625, 0.1152 -0.315 0.1641, 0.1159 -0.315 0.1648, 0.1177 -0.315 0.167, 0.119 -0.315 0.1698, 0.1197 -0.315 0.1732, 0.1198 -0.315 0.1755, 0.1194 -0.315 0.1798, 0.1184 -0.315 0.1826, 0.117 -0.315 0.1848, 0.1158 -0.315 0.186, 0.1098 -0.315 0.1889, 0.113 -0.315 0.1878
            ]
        }
        coordIndex [
            0,1,2,-1,2,1,3,-1,2,3,4,-1,4,5,2,-1,2,5,6,-1,2,6,7,-1,7,8,2,-1,2,8,9,-1,2,9,10,-1,10,11,2,-1,2,11,12,-1,2,12,13,-1,13,14,2,-1,2,14,15,-1,2,15,16,-1,16,15,17,-1,
        ]
    }
}
Shape{
    appearance Appearance {
        material  Material 	{
            diffuseColor 0.0 0.0 0.0
            specularColor 0.0 0.0 0.0
            ambientIntensity 0.0
            transparency 0.0
            shininess 0.5
        }
    }
    geometry IndexedFaceSet {
        ccw TRUE
        solid FALSE
        coord DEF co Coordinate {
            point [
                0.1373 -0.3189 0.171, 0.1358 -0.3189 0.1668, 0.1497 -0.3189 0.171, 0.1512 -0.3189 0.1668, 0.1428 -0.3189 0.1864, 0.141 -0.3189 0.1937, 0.1269 -0.3189 0.1567, 0.1322 -0.3189 0.1567, 0.1431 -0.3189 0.1875, 0.1434 -0.3189 0.189, 0.1461 -0.3189 0.1937, 0.1435 -0.3189 0.189, 0.1438 -0.3189 0.1874, 0.1441 -0.3189 0.1864, 0.1603 -0.3189 0.1567, 0.155 -0.3189 0.1567, 0.1461 -0.315 0.1937, 0.1603 -0.315 0.1567, 0.141 -0.315 0.1937, 0.1269 -0.315 0.1567, 0.1322 -0.315 0.1567, 0.1358 -0.315 0.1668, 0.1512 -0.315 0.1668, 0.155 -0.315 0.1567, 0.1373 -0.315 0.171, 0.1497 -0.315 0.171, 0.1441 -0.315 0.1864, 0.1435 -0.315 0.189, 0.1438 -0.315 0.1874, 0.1434 -0.315 0.189, 0.1428 -0.315 0.1864, 0.1431 -0.315 0.1875
            ]
        }
        coordIndex [
            0,1,2,-1,2,1,3,-1,4,5,0,-1,0,5,6,-1,0,6,1,-1,1,6,7,-1,4,8,5,-1,5,8,9,-1,5,9,10,-1,10,9,11,-1,10,11,12,-1,12,13,10,-1,10,13,2,-1,10,2,14,-1,14,2,3,-1,14,3,15,-1,10,14,16,-1,16,14,17,-1,5,10,18,-1,18,10,16,-1,6,5,19,-1,19,5,18,-1,7,6,20,-1,20,6,19,-1,1,7,21,-1,21,7,20,-1,3,1,22,-1,22,1,21,-1,15,3,23,-1,23,3,22,-1,14,15,17,-1,17,15,23,-1,0,2,24,-1,24,2,25,-1,2,13,25,-1,25,13,26,-1,11,27,28,-1,11,28,12,-1,12,28,26,-1,12,26,13,-1,11,9,27,-1,27,9,29,-1,4,30,31,-1,4,31,8,-1,8,31,29,-1,8,29,9,-1,4,0,30,-1,30,0,24,-1,
        ]
    }
}
Shape{
    appearance Appearance {
        material  Material 	{
            diffuseColor 0.37254901960784315 0.5764705882352941 1.0
            specularColor 0.18823529411764706 0.28627450980392155 0.5019607843137255
            ambientIntensity 0.5638
            transparency 0.0
            shininess 0.5
        }
    }
    geometry IndexedFaceSet {
        ccw TRUE
        solid FALSE
        coord DEF co Coordinate {
            point [
                0.1435 -0.315 0.189, 0.1434 -0.315 0.189, 0.1438 -0.315 0.1874, 0.1431 -0.315 0.1875, 0.1441 -0.315 0.1864, 0.1428 -0.315 0.1864, 0.1497 -0.315 0.171, 0.1373 -0.315 0.171
            ]
        }
        coordIndex [
            0,1,2,-1,2,1,3,-1,2,3,4,-1,4,3,5,-1,4,5,6,-1,6,5,7,-1,
        ]
    }
}
Shape{
    appearance Appearance {
        material  Material 	{
            diffuseColor 0.0 0.0 0.0
            specularColor 0.0 0.0 0.0
            ambientIntensity 0.0
            transparency 0.0
            shininess 0.5
        }
    }
    geometry IndexedFaceSet {
        ccw TRUE
        solid FALSE
        coord DEF co Coordinate {
            point [
                -0.1986 -0.3189 0.1514, -0.1947 -0.3189 0.1466, -0.201 -0.3189 0.1747, -0.1547 -0.3189 0.1504, -0.1516 -0.3189 0.1563, -0.15 -0.3189 0.1628, -0.1833 -0.3189 0.1575, -0.1812 -0.3189 0.1561, -0.1896 -0.3189 0.1427, -0.1787 -0.3189 0.1552, -0.113 -0.3189 0.1876, -0.1212 -0.3189 0.2016, -0.1499 -0.3189 0.1681, -0.1565 -0.3189 0.1832, -0.1499 -0.3189 0.1655, -0.164 -0.3189 0.1422, -0.1588 -0.3189 0.1458, -0.2068 -0.3189 0.1782, -0.2062 -0.3189 0.1586, -0.2013 -0.3189 0.1571, -0.1671 -0.3189 0.1693, -0.1664 -0.3189 0.1669, -0.1663 -0.3189 0.1643, -0.1668 -0.3189 0.1618, -0.168 -0.3189 0.1595, -0.1043 -0.3189 0.2137, -0.1022 -0.3189 0.2137, -0.0914 -0.3189 0.228, -0.0972 -0.3189 0.2131, -0.0895 -0.3189 0.2273, -0.0926 -0.3189 0.2113, -0.0817 -0.3189 0.2233, -0.0747 -0.3189 0.2171, -0.1785 -0.3189 0.2224, -0.1765 -0.3189 0.2214, -0.1847 -0.3189 0.2406, -0.173 -0.3189 0.229, -0.1793 -0.3189 0.2469, -0.1672 -0.3189 0.2361, -0.1731 -0.3189 0.2522, -0.16 -0.3189 0.2417, -0.1667 -0.3189 0.2562, -0.185 -0.3189 0.1594, -0.1861 -0.3189 0.1616, -0.1867 -0.3189 0.164, -0.1835 -0.3189 0.1401, -0.1773 -0.3189 0.1392, -0.1765 -0.3189 0.155, -0.1762 -0.3189 0.1391, -0.174 -0.3189 0.1553, -0.1699 -0.3189 0.1399, -0.1717 -0.3189 0.1562, -0.1697 -0.3189 0.1576, -0.1156 -0.3189 0.1567, -0.1146 -0.3189 0.1565, -0.1125 -0.3189 0.1726, -0.1545 -0.3189 0.2609, -0.1514 -0.3189 0.2453, -0.1415 -0.3189 0.2625, -0.1056 -0.3189 0.2488, -0.1142 -0.3189 0.2349, -0.097 -0.3189 0.2388, -0.1087 -0.3189 0.2274, -0.1052 -0.3189 0.2187, -0.2115 -0.3189 0.1831, -0.2224 -0.3189 0.1697, -0.2155 -0.3189 0.1637, -0.2161 -0.3189 0.2053, -0.2333 -0.3189 0.2019, -0.2168 -0.3189 0.199, -0.2334 -0.3189 0.1984, -0.2165 -0.3189 0.195, -0.2325 -0.3189 0.1896, -0.2146 -0.3189 0.1885, -0.2291 -0.3189 0.1797, -0.2236 -0.3189 0.1712, -0.0885 -0.3189 0.2085, -0.0854 -0.3189 0.2051, -0.0694 -0.3189 0.2095, -0.083 -0.3189 0.2005, -0.0663 -0.3189 0.2014, -0.0818 -0.3189 0.1954, -0.0653 -0.3189 0.1934, -0.0816 -0.3189 0.1932, -0.1006 -0.3189 0.1726, -0.099 -0.3189 0.1565, -0.0959 -0.3189 0.1735, -0.0909 -0.3189 0.1582, -0.0913 -0.3189 0.1757, -0.0828 -0.3189 0.1619, -0.0874 -0.3189 0.1788, -0.0759 -0.3189 0.1675, -0.087 -0.3189 0.1792, -0.075 -0.3189 0.1684, -0.0841 -0.3189 0.1834, -0.0702 -0.3189 0.175, -0.0823 -0.3189 0.188, -0.0667 -0.3189 0.1833, -0.0653 -0.3189 0.1919, -0.1844 -0.3189 0.2246, -0.1877 -0.3189 0.241, -0.1905 -0.3189 0.2253, -0.1907 -0.3189 0.2411, -0.1932 -0.3189 0.2252, -0.1996 -0.3189 0.2402, -0.1997 -0.3189 0.2237, -0.2095 -0.3189 0.2368, -0.2056 -0.3189 0.2206, -0.2184 -0.3189 0.231, -0.2101 -0.3189 0.2165, -0.2211 -0.3189 0.2285, -0.2138 -0.3189 0.2112, -0.2266 -0.3189 0.2216, -0.2311 -0.3189 0.2123, -0.1426 -0.3189 0.2466, -0.1412 -0.3189 0.2467, -0.1306 -0.3189 0.2613, -0.133 -0.3189 0.2458, -0.1174 -0.3189 0.2567, -0.1247 -0.3189 0.2428, -0.1172 -0.3189 0.2378, -0.1867 -0.3189 0.1665, -0.1861 -0.3189 0.169, -0.1981 -0.3189 0.1804, -0.1848 -0.3189 0.1713, -0.1937 -0.3189 0.1854, -0.1831 -0.3189 0.1731, -0.1883 -0.3189 0.1891, -0.181 -0.3189 0.1745, -0.1825 -0.3189 0.1913, -0.1786 -0.3189 0.1753, -0.1762 -0.3189 0.1921, -0.1765 -0.3189 0.1755, -0.173 -0.3189 0.1919, -0.1747 -0.3189 0.1754, -0.1667 -0.3189 0.1903, -0.1722 -0.3189 0.1746, -0.1611 -0.3189 0.1873, -0.1701 -0.3189 0.1732, -0.1683 -0.3189 0.1714, -0.1222 -0.3189 0.1655, -0.1222 -0.3189 0.1647, -0.1138 -0.3189 0.1729, -0.122 -0.3189 0.1629, -0.1213 -0.3189 0.1611, -0.1202 -0.3189 0.1594, -0.1192 -0.3189 0.1584, -0.113 -0.3189 0.1727, -0.1174 -0.3189 0.1573, -0.114 -0.3189 0.1729, -0.1159 -0.3189 0.1727, -0.1177 -0.3189 0.172, -0.1194 -0.3189 0.1709, -0.1207 -0.3189 0.1694, -0.1217 -0.3189 0.1675, -0.0733 -0.315 0.2152, -0.0694 -0.315 0.2095, -0.0674 -0.315 0.2043, -0.0663 -0.315 0.2014, -0.0653 -0.315 0.1934, -0.0747 -0.315 0.2171, -0.0817 -0.315 0.2233, -0.0895 -0.315 0.2273, -0.0914 -0.315 0.228, -0.097 -0.315 0.2388, -0.1056 -0.315 0.2488, -0.1117 -0.315 0.2529, -0.1174 -0.315 0.2567, -0.1306 -0.315 0.2613, -0.1415 -0.315 0.2625, -0.1731 -0.315 0.2522, -0.172 -0.315 0.2529, -0.1667 -0.315 0.2562, -0.1545 -0.315 0.2609, -0.1793 -0.315 0.2469, -0.1847 -0.315 0.2406, -0.1877 -0.315 0.241, -0.1907 -0.315 0.2411, -0.1996 -0.315 0.2402, -0.2095 -0.315 0.2368, -0.2184 -0.315 0.231, -0.2211 -0.315 0.2285, -0.2266 -0.315 0.2216, -0.2297 -0.315 0.2152, -0.2311 -0.315 0.2123, -0.2328 -0.315 0.2043, -0.2333 -0.315 0.2019, -0.2334 -0.315 0.1984, -0.2325 -0.315 0.1896, -0.2291 -0.315 0.1797, -0.2236 -0.315 0.1712, -0.2224 -0.315 0.1697, -0.2155 -0.315 0.1637, -0.2062 -0.315 0.1586, -0.2013 -0.315 0.1571, -0.201 -0.315 0.1564, -0.1986 -0.315 0.1514, -0.1947 -0.315 0.1466, -0.1896 -0.315 0.1427, -0.1871 -0.315 0.1417, -0.1835 -0.315 0.1401, -0.1773 -0.315 0.1392, -0.1762 -0.315 0.1391, -0.1499 -0.315 0.1655, -0.1699 -0.315 0.1399, -0.1653 -0.315 0.1417, -0.164 -0.315 0.1422, -0.1588 -0.315 0.1458, -0.1547 -0.315 0.1504, -0.1516 -0.315 0.1563, -0.1515 -0.315 0.1564, -0.15 -0.315 0.1628, -0.1499 -0.315 0.1681, -0.113 -0.315 0.1876, -0.1212 -0.315 0.2016, -0.1565 -0.315 0.1832, -0.1611 -0.315 0.1873, -0.1667 -0.315 0.1903, -0.173 -0.315 0.1919, -0.1762 -0.315 0.1921, -0.1825 -0.315 0.1913, -0.1883 -0.315 0.1891, -0.1937 -0.315 0.1854, -0.1981 -0.315 0.1804, -0.201 -0.315 0.1747, -0.2068 -0.315 0.1782, -0.2115 -0.315 0.1831, -0.2146 -0.315 0.1885, -0.2165 -0.315 0.195, -0.2168 -0.315 0.199, -0.2162 -0.315 0.2043, -0.2161 -0.315 0.2053, -0.2138 -0.315 0.2112, -0.2111 -0.315 0.2152, -0.2101 -0.315 0.2165, -0.2056 -0.315 0.2206, -0.1997 -0.315 0.2237, -0.1932 -0.315 0.2252, -0.1905 -0.315 0.2253, -0.1844 -0.315 0.2246, -0.1785 -0.315 0.2224, -0.1765 -0.315 0.2214, -0.173 -0.315 0.229, -0.1672 -0.315 0.2361, -0.16 -0.315 0.2417, -0.1514 -0.315 0.2453, -0.1426 -0.315 0.2466, -0.1412 -0.315 0.2467, -0.1043 -0.315 0.2137, -0.1046 -0.315 0.2152, -0.1052 -0.315 0.2187, -0.1087 -0.315 0.2274, -0.1142 -0.315 0.2349, -0.1172 -0.315 0.2378, -0.1247 -0.315 0.2428, -0.133 -0.315 0.2458, -0.1022 -0.315 0.2137, -0.0972 -0.315 0.2131, -0.0926 -0.315 0.2113, -0.0885 -0.315 0.2085, -0.0854 -0.315 0.2051, -0.085 -0.315 0.2043, -0.083 -0.315 0.2005, -0.0818 -0.315 0.1954, -0.0816 -0.315 0.1932, -0.0823 -0.315 0.188, -0.0841 -0.315 0.1834, -0.087 -0.315 0.1792, -0.0874 -0.315 0.1788, -0.0913 -0.315 0.1757, -0.0959 -0.315 0.1735, -0.1006 -0.315 0.1726, -0.1125 -0.315 0.1726, -0.113 -0.315 0.1727, -0.1138 -0.315 0.1729, -0.114 -0.315 0.1729, -0.1159 -0.315 0.1727, -0.1177 -0.315 0.172, -0.1194 -0.315 0.1709, -0.1207 -0.315 0.1694, -0.1217 -0.315 0.1675, -0.1222 -0.315 0.1655, -0.1222 -0.315 0.1647, -0.122 -0.315 0.1629, -0.1213 -0.315 0.1611, -0.1202 -0.315 0.1594, -0.1192 -0.315 0.1584, -0.1174 -0.315 0.1573, -0.1156 -0.315 0.1567, -0.1146 -0.315 0.1565, -0.099 -0.315 0.1565, -0.0909 -0.315 0.1582, -0.0828 -0.315 0.1619, -0.0759 -0.315 0.1675, -0.075 -0.315 0.1684, -0.0702 -0.315 0.175, -0.0667 -0.315 0.1833, -0.0653 -0.315 0.1919, -0.1765 -0.315 0.1755, -0.1747 -0.315 0.1754, -0.1722 -0.315 0.1746, -0.1701 -0.315 0.1732, -0.1683 -0.315 0.1714, -0.1671 -0.315 0.1693, -0.1664 -0.315 0.1669, -0.1663 -0.315 0.1643, -0.1668 -0.315 0.1618, -0.168 -0.315 0.1595, -0.1697 -0.315 0.1576, -0.1717 -0.315 0.1562, -0.174 -0.315 0.1553, -0.1765 -0.315 0.155, -0.1787 -0.315 0.1552, -0.1812 -0.315 0.1561, -0.1833 -0.315 0.1575, -0.185 -0.315 0.1594, -0.1861 -0.315 0.1616, -0.1867 -0.315 0.164, -0.1867 -0.315 0.1665, -0.1861 -0.315 0.169, -0.1848 -0.315 0.1713, -0.1831 -0.315 0.1731, -0.181 -0.315 0.1745, -0.1786 -0.315 0.1753
            ]
        }
        coordIndex [
            0,1,2,-1,3,4,5,-1,6,1,7,-1,7,1,8,-1,7,8,9,-1,10,11,12,-1,12,11,13,-1,12,13,14,-1,14,13,15,-1,14,15,5,-1,5,15,16,-1,5,16,3,-1,17,18,2,-1,2,18,19,-1,2,19,0,-1,20,21,13,-1,13,21,22,-1,13,22,15,-1,15,22,23,-1,15,23,24,-1,25,26,27,-1,27,26,28,-1,27,28,29,-1,29,28,30,-1,29,30,31,-1,31,30,32,-1,33,34,35,-1,35,34,36,-1,35,36,37,-1,37,36,38,-1,37,38,39,-1,39,38,40,-1,39,40,41,-1,6,42,1,-1,1,42,43,-1,1,43,2,-1,2,43,44,-1,8,45,9,-1,9,45,46,-1,9,46,47,-1,47,46,48,-1,47,48,49,-1,49,48,50,-1,49,50,51,-1,51,50,15,-1,51,15,52,-1,52,15,24,-1,53,54,55,-1,41,40,56,-1,56,40,57,-1,56,57,58,-1,59,60,61,-1,61,60,62,-1,61,62,27,-1,27,62,63,-1,27,63,25,-1,64,65,17,-1,17,65,66,-1,17,66,18,-1,67,68,69,-1,69,68,70,-1,69,70,71,-1,71,70,72,-1,71,72,73,-1,73,72,74,-1,73,74,64,-1,64,74,75,-1,64,75,65,-1,30,76,32,-1,32,76,77,-1,32,77,78,-1,78,77,79,-1,78,79,80,-1,80,79,81,-1,80,81,82,-1,82,81,83,-1,55,54,84,-1,84,54,85,-1,84,85,86,-1,86,85,87,-1,86,87,88,-1,88,87,89,-1,88,89,90,-1,90,89,91,-1,90,91,92,-1,92,91,93,-1,92,93,94,-1,94,93,95,-1,94,95,96,-1,96,95,97,-1,96,97,83,-1,83,97,98,-1,83,98,82,-1,33,35,99,-1,99,35,100,-1,99,100,101,-1,101,100,102,-1,101,102,103,-1,103,102,104,-1,103,104,105,-1,105,104,106,-1,105,106,107,-1,107,106,108,-1,107,108,109,-1,109,108,110,-1,109,110,111,-1,111,110,112,-1,111,112,67,-1,67,112,113,-1,67,113,68,-1,57,114,58,-1,58,114,115,-1,58,115,116,-1,116,115,117,-1,116,117,118,-1,118,117,119,-1,118,119,59,-1,59,119,120,-1,59,120,60,-1,44,121,2,-1,2,121,122,-1,2,122,123,-1,123,122,124,-1,123,124,125,-1,125,124,126,-1,125,126,127,-1,127,126,128,-1,127,128,129,-1,129,128,130,-1,129,130,131,-1,131,130,132,-1,131,132,133,-1,133,132,134,-1,133,134,135,-1,135,134,136,-1,135,136,137,-1,137,136,138,-1,137,138,13,-1,13,138,139,-1,13,139,20,-1,140,141,142,-1,142,141,143,-1,143,144,142,-1,142,144,145,-1,142,145,146,-1,55,147,53,-1,53,147,142,-1,53,142,148,-1,148,142,146,-1,142,149,140,-1,140,149,150,-1,140,150,151,-1,151,152,140,-1,140,152,153,-1,140,153,154,-1,155,32,156,-1,156,32,78,-1,156,78,157,-1,157,78,80,-1,157,80,158,-1,158,80,82,-1,158,82,159,-1,155,160,32,-1,32,160,161,-1,32,161,31,-1,31,161,162,-1,31,162,29,-1,29,162,163,-1,29,163,27,-1,27,163,164,-1,27,164,61,-1,61,164,165,-1,61,165,59,-1,59,165,118,-1,118,165,166,-1,166,167,118,-1,118,167,168,-1,118,168,116,-1,116,168,169,-1,116,169,58,-1,170,39,171,-1,171,39,41,-1,171,41,172,-1,172,41,56,-1,172,56,173,-1,173,56,58,-1,173,58,169,-1,39,170,174,-1,39,174,37,-1,37,174,175,-1,37,175,35,-1,35,175,176,-1,35,176,100,-1,100,176,177,-1,100,177,102,-1,102,177,178,-1,102,178,104,-1,104,178,179,-1,104,179,106,-1,106,179,180,-1,106,180,108,-1,108,180,181,-1,108,181,110,-1,113,112,182,-1,182,112,110,-1,182,110,181,-1,182,183,113,-1,113,183,184,-1,113,184,68,-1,68,184,185,-1,185,186,68,-1,68,186,187,-1,68,187,70,-1,70,187,188,-1,70,188,72,-1,72,188,189,-1,72,189,74,-1,74,189,190,-1,74,190,75,-1,75,190,191,-1,75,191,65,-1,65,191,192,-1,65,192,66,-1,66,192,193,-1,66,193,18,-1,18,193,194,-1,18,194,19,-1,19,194,195,-1,19,195,0,-1,195,196,0,-1,0,196,197,-1,0,197,1,-1,1,197,198,-1,1,198,8,-1,8,198,199,-1,8,199,45,-1,199,200,45,-1,45,200,201,-1,45,201,46,-1,46,201,202,-1,46,202,48,-1,203,14,5,-1,48,202,204,-1,48,204,50,-1,50,204,205,-1,50,205,15,-1,205,206,15,-1,15,206,207,-1,15,207,16,-1,16,207,208,-1,16,208,3,-1,3,208,209,-1,3,209,4,-1,4,209,210,-1,4,210,5,-1,5,210,211,-1,5,211,203,-1,12,14,212,-1,212,14,203,-1,10,12,213,-1,213,12,212,-1,11,10,214,-1,214,10,213,-1,13,11,215,-1,215,11,214,-1,13,215,216,-1,13,216,137,-1,137,216,217,-1,137,217,135,-1,135,217,218,-1,135,218,133,-1,133,218,219,-1,133,219,131,-1,131,219,220,-1,131,220,129,-1,129,220,221,-1,129,221,127,-1,127,221,222,-1,127,222,125,-1,125,222,223,-1,125,223,123,-1,123,223,224,-1,123,224,2,-1,2,224,225,-1,2,225,17,-1,17,225,226,-1,17,226,64,-1,64,226,227,-1,64,227,73,-1,73,227,228,-1,73,228,71,-1,71,228,229,-1,71,229,69,-1,229,230,69,-1,69,230,67,-1,230,231,67,-1,67,231,232,-1,67,232,111,-1,111,232,233,-1,111,233,109,-1,233,234,109,-1,109,234,235,-1,109,235,107,-1,107,235,236,-1,107,236,105,-1,105,236,237,-1,105,237,103,-1,103,237,238,-1,103,238,101,-1,101,238,239,-1,101,239,99,-1,99,239,240,-1,99,240,33,-1,33,240,241,-1,33,241,34,-1,34,241,242,-1,34,242,36,-1,36,242,243,-1,36,243,38,-1,38,243,244,-1,38,244,40,-1,40,244,245,-1,40,245,57,-1,57,245,246,-1,57,246,114,-1,114,246,247,-1,114,247,115,-1,248,25,249,-1,249,25,63,-1,249,63,250,-1,250,63,62,-1,250,62,251,-1,251,62,60,-1,251,60,252,-1,252,60,120,-1,252,120,253,-1,253,120,119,-1,253,119,254,-1,254,119,117,-1,254,117,255,-1,255,117,115,-1,255,115,247,-1,26,25,256,-1,256,25,248,-1,26,256,257,-1,26,257,28,-1,28,257,258,-1,28,258,30,-1,30,258,259,-1,30,259,76,-1,76,259,260,-1,76,260,77,-1,77,260,261,-1,77,261,79,-1,261,262,79,-1,79,262,263,-1,79,263,81,-1,81,263,264,-1,81,264,83,-1,83,264,265,-1,83,265,96,-1,96,265,266,-1,96,266,94,-1,94,266,267,-1,94,267,92,-1,92,267,268,-1,92,268,90,-1,90,268,269,-1,90,269,88,-1,88,269,270,-1,88,270,86,-1,86,270,271,-1,86,271,84,-1,55,84,272,-1,272,84,271,-1,55,272,273,-1,55,273,147,-1,147,273,274,-1,147,274,142,-1,142,274,275,-1,142,275,149,-1,149,275,276,-1,149,276,150,-1,150,276,277,-1,150,277,151,-1,151,277,278,-1,151,278,152,-1,152,278,279,-1,152,279,153,-1,153,279,280,-1,153,280,154,-1,154,280,281,-1,154,281,140,-1,140,281,282,-1,140,282,141,-1,141,282,283,-1,141,283,143,-1,143,283,284,-1,143,284,144,-1,144,284,285,-1,144,285,145,-1,145,285,286,-1,145,286,146,-1,146,286,287,-1,146,287,148,-1,148,287,288,-1,148,288,53,-1,53,288,289,-1,53,289,54,-1,85,54,290,-1,290,54,289,-1,85,290,291,-1,85,291,87,-1,87,291,292,-1,87,292,89,-1,89,292,293,-1,89,293,91,-1,91,293,294,-1,91,294,93,-1,93,294,295,-1,93,295,95,-1,95,295,296,-1,95,296,97,-1,97,296,297,-1,97,297,98,-1,98,297,159,-1,98,159,82,-1,132,298,299,-1,132,299,134,-1,134,299,300,-1,134,300,136,-1,136,300,301,-1,136,301,138,-1,138,301,302,-1,138,302,139,-1,139,302,303,-1,139,303,20,-1,20,303,304,-1,20,304,21,-1,21,304,305,-1,21,305,22,-1,22,305,306,-1,22,306,23,-1,23,306,307,-1,23,307,24,-1,24,307,308,-1,24,308,52,-1,52,308,309,-1,52,309,51,-1,51,309,310,-1,51,310,49,-1,49,310,311,-1,49,311,47,-1,47,311,312,-1,47,312,9,-1,9,312,313,-1,9,313,7,-1,7,313,314,-1,7,314,6,-1,6,314,315,-1,6,315,42,-1,42,315,316,-1,42,316,43,-1,43,316,317,-1,43,317,44,-1,44,317,318,-1,44,318,121,-1,121,318,319,-1,121,319,122,-1,122,319,320,-1,122,320,124,-1,124,320,321,-1,124,321,126,-1,126,321,322,-1,126,322,128,-1,128,322,323,-1,128,323,130,-1,130,323,298,-1,130,298,132,-1,
        ]
    }
}
Shape{
    appearance Appearance {
        material  Material 	{
            diffuseColor 0.37254901960784315 0.5764705882352941 1.0
            specularColor 0.18823529411764706 0.28627450980392155 0.5019607843137255
            ambientIntensity 0.5638
            transparency 0.0
            shininess 0.5
        }
    }
    geometry IndexedFaceSet {
        ccw TRUE
        solid FALSE
        coord DEF co Coordinate {
            point [
                -0.174 -0.315 0.1553, -0.1747 -0.315 0.1754, -0.1765 -0.315 0.155, -0.1765 -0.315 0.1755, -0.1786 -0.315 0.1753, -0.1697 -0.315 0.1576, -0.1683 -0.315 0.1714, -0.1701 -0.315 0.1732, -0.1867 -0.315 0.164, -0.1861 -0.315 0.1616, -0.185 -0.315 0.1594, -0.1833 -0.315 0.1575, -0.1717 -0.315 0.1562, -0.1722 -0.315 0.1746, -0.1812 -0.315 0.1561, -0.1787 -0.315 0.1552, -0.181 -0.315 0.1745, -0.1831 -0.315 0.1731, -0.1867 -0.315 0.1665, -0.1848 -0.315 0.1713, -0.1861 -0.315 0.169, -0.1668 -0.315 0.1618, -0.1663 -0.315 0.1643, -0.168 -0.315 0.1595, -0.1664 -0.315 0.1669, -0.1671 -0.315 0.1693, -0.423 0.315 0.0433, 0.423 0.315 0.0433, 0.4252 0.3136 0.0331, -0.4252 0.3136 0.0331, 0.4274 0.3097 0.0236, -0.4274 0.3097 0.0236, 0.4293 0.3034 0.0155, -0.4293 0.3034 0.0155, 0.4274 0.2953 0.0092, -0.4274 0.2953 0.0092, 0.4252 0.2858 0.0053, -0.4252 0.2858 0.0053, 0.423 0.2756 0.0039, -0.423 0.2756 0.0039, 0.423 -0.315 0.0433, 0.0912 -0.315 0.0433, 0.4252 -0.3136 0.0331, 0.0795 -0.315 0.0433, 0.0652 -0.315 0.0433, -0.4252 -0.3136 0.0331, 0.0447 -0.315 0.0433, 0.0361 -0.315 0.0433, 0.0192 -0.315 0.0433, -0.0122 -0.315 0.0433, -0.3282 -0.315 0.0433, -0.423 -0.315 0.0433, -0.0144 -0.315 0.0433, -0.0501 -0.315 0.0433, -0.4274 -0.3097 0.0236, 0.4274 -0.3097 0.0236, -0.4293 -0.3034 0.0155, 0.4293 -0.3034 0.0155, -0.4274 -0.2953 0.0092, 0.4274 -0.2953 0.0092, -0.4252 -0.2858 0.0053, 0.4252 -0.2858 0.0053, -0.423 -0.2756 0.0039, 0.423 -0.2756 0.0039, -0.423 0.2756 0.6339, 0.423 0.2756 0.6339, 0.4252 0.2858 0.6325, -0.4252 0.2858 0.6325, 0.4274 0.2953 0.6286, -0.4274 0.2953 0.6286, 0.4293 0.3034 0.6223, -0.4293 0.3034 0.6223, 0.4274 0.3097 0.6142, -0.4274 0.3097 0.6142, 0.4252 0.3136 0.6047, -0.4252 0.3136 0.6047, 0.423 0.315 0.5945, -0.423 0.315 0.5945, 0.423 -0.2756 0.6339, -0.423 -0.2756 0.6339, -0.4252 -0.2858 0.6325, 0.4252 -0.2858 0.6325, -0.4274 -0.2953 0.6286, 0.4274 -0.2953 0.6286, -0.4293 -0.3034 0.6223, 0.4293 -0.3034 0.6223, -0.4274 -0.3097 0.6142, 0.4274 -0.3097 0.6142, -0.4252 -0.3136 0.6047, 0.4252 -0.3136 0.6047, -0.423 -0.315 0.5945, -0.3282 -0.315 0.5945, -0.0501 -0.315 0.5945, -0.0144 -0.315 0.5945, -0.0122 -0.315 0.5945, 0.0192 -0.315 0.5945, 0.0361 -0.315 0.5945, 0.0447 -0.315 0.5945, 0.0652 -0.315 0.5945, 0.0795 -0.315 0.5945, 0.0912 -0.315 0.5945, 0.423 -0.315 0.5945
            ]
        }
        coordIndex [
            0,1,2,-1,2,1,3,-1,2,3,4,-1,5,6,7,-1,8,9,4,-1,4,9,10,-1,4,10,11,-1,0,12,1,-1,1,12,5,-1,1,5,13,-1,13,5,7,-1,11,14,4,-1,4,14,15,-1,4,15,2,-1,4,16,8,-1,8,16,17,-1,8,17,18,-1,18,17,19,-1,18,19,20,-1,21,22,23,-1,23,22,24,-1,23,24,5,-1,5,24,25,-1,5,25,6,-1,26,27,28,-1,26,28,29,-1,29,28,30,-1,29,30,31,-1,31,30,32,-1,31,32,33,-1,33,32,34,-1,33,34,35,-1,35,34,36,-1,35,36,37,-1,37,36,38,-1,37,38,39,-1,40,41,42,-1,42,41,43,-1,42,43,44,-1,45,44,46,-1,46,47,45,-1,45,47,48,-1,45,48,49,-1,50,51,45,-1,49,52,45,-1,45,52,53,-1,45,53,50,-1,44,45,42,-1,42,45,54,-1,42,54,55,-1,55,54,56,-1,55,56,57,-1,57,56,58,-1,57,58,59,-1,59,58,60,-1,59,60,61,-1,61,60,62,-1,61,62,63,-1,64,65,66,-1,64,66,67,-1,67,66,68,-1,67,68,69,-1,69,68,70,-1,69,70,71,-1,71,70,72,-1,71,72,73,-1,73,72,74,-1,73,74,75,-1,75,74,76,-1,75,76,77,-1,78,79,80,-1,78,80,81,-1,81,80,82,-1,81,82,83,-1,83,82,84,-1,83,84,85,-1,85,84,86,-1,85,86,87,-1,87,86,88,-1,87,88,89,-1,88,90,91,-1,91,92,88,-1,88,92,93,-1,88,93,89,-1,89,93,94,-1,89,94,95,-1,95,96,89,-1,89,96,97,-1,89,97,98,-1,98,99,89,-1,89,99,100,-1,89,100,101,-1,
        ]
    }
}
Shape{
    appearance Appearance {
        material  Material 	{
            diffuseColor 0.7529411764705882 0.7529411764705882 0.7529411764705882
            specularColor 0.3764705882352941 0.3764705882352941 0.3764705882352941
            ambientIntensity 0.7529
            transparency 0.0
            shininess 0.5
        }
    }
    geometry IndexedFaceSet {
        ccw TRUE
        solid FALSE
        coord DEF co Coordinate {
            point [
                0.5906 0.3189 0.5945, 0.423 0.3189 0.5945, 0.4255 0.3174 0.6057, 0.5906 0.3174 0.6057, 0.4278 0.3131 0.6161, 0.5906 0.3131 0.6161, 0.43 0.3062 0.6251, 0.5906 0.3062 0.6251, 0.4278 0.2972 0.632, 0.5906 0.2972 0.632, 0.4255 0.2868 0.6363, 0.5906 0.2868 0.6363, 0.423 0.2756 0.6378, 0.5906 0.2756 0.6378, 0.5906 -0.2756 0.6378, 0.423 -0.2756 0.6378, 0.4255 -0.2868 0.6363, 0.5906 -0.2868 0.6363, 0.4278 -0.2972 0.632, 0.5906 -0.2972 0.632, 0.43 -0.3062 0.6251, 0.5906 -0.3062 0.6251, 0.4278 -0.3131 0.6161, 0.5906 -0.3131 0.6161, 0.4255 -0.3174 0.6057, 0.5906 -0.3174 0.6057, 0.423 -0.3189 0.5945, 0.5906 -0.3189 0.5945, 0.6339 -0.2756 0.5945, 0.6339 0.2756 0.5945, 0.6324 0.2756 0.6057, 0.6324 -0.2756 0.6057, 0.6281 0.2756 0.6161, 0.6281 -0.2756 0.6161, 0.6212 0.2756 0.6251, 0.6212 -0.2756 0.6251, 0.6122 0.2756 0.632, 0.6122 -0.2756 0.632, 0.6018 0.2756 0.6363, 0.6018 -0.2756 0.6363, 0.6014 0.316 0.6057, 0.6014 0.2943 0.632, 0.5962 0.2853 0.6363, 0.5985 0.2835 0.6363, 0.6014 0.2785 0.6363, 0.5935 0.2864 0.6363, 0.5962 0.2965 0.632, 0.5985 0.3052 0.6251, 0.6059 0.2909 0.632, 0.6003 0.2812 0.6363, 0.6093 0.2864 0.632, 0.6115 0.2812 0.632, 0.6059 0.3021 0.6251, 0.6122 0.2972 0.6251, 0.6171 0.2909 0.6251, 0.6201 0.2835 0.6251, 0.6003 0.3118 0.6161, 0.6093 0.3081 0.6161, 0.6171 0.3021 0.6161, 0.623 0.2943 0.6161, 0.6268 0.2853 0.6161, 0.6115 0.3118 0.6057, 0.6201 0.3052 0.6057, 0.6268 0.2965 0.6057, 0.631 0.2864 0.6057, 0.6018 0.3174 0.5945, 0.6122 0.3131 0.5945, 0.6212 0.3062 0.5945, 0.6281 0.2972 0.5945, 0.6324 0.2868 0.5945, 0.631 -0.2864 0.6057, 0.6093 -0.2864 0.632, 0.6003 -0.2812 0.6363, 0.5985 -0.2835 0.6363, 0.5935 -0.2864 0.6363, 0.6014 -0.2785 0.6363, 0.6115 -0.2812 0.632, 0.6201 -0.2835 0.6251, 0.6059 -0.2909 0.632, 0.5962 -0.2853 0.6363, 0.6014 -0.2943 0.632, 0.5962 -0.2965 0.632, 0.6171 -0.2909 0.6251, 0.6122 -0.2972 0.6251, 0.6059 -0.3021 0.6251, 0.5985 -0.3052 0.6251, 0.6268 -0.2853 0.6161, 0.623 -0.2943 0.6161, 0.6171 -0.3021 0.6161, 0.6093 -0.3081 0.6161, 0.6003 -0.3118 0.6161, 0.6268 -0.2965 0.6057, 0.6201 -0.3052 0.6057, 0.6115 -0.3118 0.6057, 0.6014 -0.316 0.6057, 0.6324 -0.2868 0.5945, 0.6281 -0.2972 0.5945, 0.6212 -0.3062 0.5945, 0.6122 -0.3131 0.5945, 0.6018 -0.3174 0.5945, 0.5906 0.3189 0.0433, 0.6018 0.3174 0.0433, 0.6122 0.3131 0.0433, 0.6212 0.3062 0.0433, 0.6281 0.2972 0.0433, 0.6324 0.2868 0.0433, 0.6339 0.2756 0.0433, 0.5906 0.2756 0.0, 0.423 0.2756 0.0, 0.4255 0.2868 0.0015, 0.5906 0.2868 0.0015, 0.4278 0.2972 0.0058, 0.5906 0.2972 0.0058, 0.43 0.3062 0.0127, 0.5906 0.3062 0.0127, 0.4278 0.3131 0.0217, 0.5906 0.3131 0.0217, 0.4255 0.3174 0.0321, 0.5906 0.3174 0.0321, 0.423 0.3189 0.0433, 0.5906 -0.3189 0.0433, 0.423 -0.3189 0.0433, 0.4255 -0.3174 0.0321, 0.5906 -0.3174 0.0321, 0.4278 -0.3131 0.0217, 0.5906 -0.3131 0.0217, 0.43 -0.3062 0.0127, 0.5906 -0.3062 0.0127, 0.4278 -0.2972 0.0058, 0.5906 -0.2972 0.0058, 0.4255 -0.2868 0.0015, 0.5906 -0.2868 0.0015, 0.423 -0.2756 0.0, 0.5906 -0.2756 0.0, 0.6339 -0.2756 0.0433, 0.6324 -0.2868 0.0433, 0.6281 -0.2972 0.0433, 0.6212 -0.3062 0.0433, 0.6122 -0.3131 0.0433, 0.6018 -0.3174 0.0433, 0.6014 0.316 0.0321, 0.6115 0.3118 0.0321, 0.6003 0.3118 0.0217, 0.6093 0.3081 0.0217, 0.5985 0.3052 0.0127, 0.6059 0.3021 0.0127, 0.5962 0.2965 0.0058, 0.6014 0.2943 0.0058, 0.5935 0.2864 0.0015, 0.5962 0.2853 0.0015, 0.6201 0.3052 0.0321, 0.6171 0.3021 0.0217, 0.6122 0.2972 0.0127, 0.6059 0.2909 0.0058, 0.5985 0.2835 0.0015, 0.6268 0.2965 0.0321, 0.631 0.2864 0.0321, 0.623 0.2943 0.0217, 0.6268 0.2853 0.0217, 0.6171 0.2909 0.0127, 0.6201 0.2835 0.0127, 0.6093 0.2864 0.0058, 0.6115 0.2812 0.0058, 0.6003 0.2812 0.0015, 0.6014 0.2785 0.0015, 0.6324 0.2756 0.0321, 0.6281 0.2756 0.0217, 0.6212 0.2756 0.0127, 0.6122 0.2756 0.0058, 0.6018 0.2756 0.0015, 0.631 -0.2864 0.0321, 0.6268 -0.2965 0.0321, 0.6268 -0.2853 0.0217, 0.623 -0.2943 0.0217, 0.6201 -0.2835 0.0127, 0.6171 -0.2909 0.0127, 0.6115 -0.2812 0.0058, 0.6093 -0.2864 0.0058, 0.6014 -0.2785 0.0015, 0.6003 -0.2812 0.0015, 0.6201 -0.3052 0.0321, 0.6171 -0.3021 0.0217, 0.6122 -0.2972 0.0127, 0.6059 -0.2909 0.0058, 0.5985 -0.2835 0.0015, 0.6324 -0.2756 0.0321, 0.6281 -0.2756 0.0217, 0.6212 -0.2756 0.0127, 0.6122 -0.2756 0.0058, 0.6018 -0.2756 0.0015, 0.6115 -0.3118 0.0321, 0.6014 -0.316 0.0321, 0.6093 -0.3081 0.0217, 0.6003 -0.3118 0.0217, 0.6059 -0.3021 0.0127, 0.5985 -0.3052 0.0127, 0.6014 -0.2943 0.0058, 0.5962 -0.2965 0.0058, 0.5962 -0.2853 0.0015, 0.5935 -0.2864 0.0015, -0.5906 0.2756 0.6378, -0.423 0.2756 0.6378, -0.4255 0.2868 0.6363, -0.5906 0.2868 0.6363, -0.4278 0.2972 0.632, -0.5906 0.2972 0.632, -0.43 0.3062 0.6251, -0.5906 0.3062 0.6251, -0.4278 0.3131 0.6161, -0.5906 0.3131 0.6161, -0.4255 0.3174 0.6057, -0.5906 0.3174 0.6057, -0.423 0.3189 0.5945, -0.5906 0.3189 0.5945, -0.6339 0.2756 0.5945, -0.6339 -0.2756 0.5945, -0.6324 -0.2756 0.6057, -0.6324 0.2756 0.6057, -0.6281 -0.2756 0.6161, -0.6281 0.2756 0.6161, -0.6212 -0.2756 0.6251, -0.6212 0.2756 0.6251, -0.6122 -0.2756 0.632, -0.6122 0.2756 0.632, -0.6018 -0.2756 0.6363, -0.6018 0.2756 0.6363, -0.5906 -0.2756 0.6378, -0.5906 -0.3189 0.5945, -0.423 -0.3189 0.5945, -0.4255 -0.3174 0.6057, -0.5906 -0.3174 0.6057, -0.4278 -0.3131 0.6161, -0.5906 -0.3131 0.6161, -0.43 -0.3062 0.6251, -0.5906 -0.3062 0.6251, -0.4278 -0.2972 0.632, -0.5906 -0.2972 0.632, -0.4255 -0.2868 0.6363, -0.5906 -0.2868 0.6363, -0.423 -0.2756 0.6378, -0.631 0.2864 0.6057, -0.6093 0.2864 0.632, -0.6003 0.2812 0.6363, -0.5985 0.2835 0.6363, -0.5935 0.2864 0.6363, -0.6014 0.2785 0.6363, -0.6115 0.2812 0.632, -0.6201 0.2835 0.6251, -0.6059 0.2909 0.632, -0.5962 0.2853 0.6363, -0.6014 0.2943 0.632, -0.5962 0.2965 0.632, -0.6171 0.2909 0.6251, -0.6122 0.2972 0.6251, -0.6059 0.3021 0.6251, -0.5985 0.3052 0.6251, -0.6268 0.2853 0.6161, -0.623 0.2943 0.6161, -0.6171 0.3021 0.6161, -0.6093 0.3081 0.6161, -0.6003 0.3118 0.6161, -0.6268 0.2965 0.6057, -0.6201 0.3052 0.6057, -0.6115 0.3118 0.6057, -0.6014 0.316 0.6057, -0.6324 0.2868 0.5945, -0.6281 0.2972 0.5945, -0.6212 0.3062 0.5945, -0.6122 0.3131 0.5945, -0.6018 0.3174 0.5945, -0.6014 -0.316 0.6057, -0.6014 -0.2943 0.632, -0.5962 -0.2853 0.6363, -0.5985 -0.2835 0.6363, -0.6014 -0.2785 0.6363, -0.5935 -0.2864 0.6363, -0.5962 -0.2965 0.632, -0.5985 -0.3052 0.6251, -0.6059 -0.2909 0.632, -0.6003 -0.2812 0.6363, -0.6093 -0.2864 0.632, -0.6115 -0.2812 0.632, -0.6059 -0.3021 0.6251, -0.6122 -0.2972 0.6251, -0.6171 -0.2909 0.6251, -0.6201 -0.2835 0.6251, -0.6003 -0.3118 0.6161, -0.6093 -0.3081 0.6161, -0.6171 -0.3021 0.6161, -0.623 -0.2943 0.6161, -0.6268 -0.2853 0.6161, -0.6115 -0.3118 0.6057, -0.6201 -0.3052 0.6057, -0.6268 -0.2965 0.6057, -0.631 -0.2864 0.6057, -0.6018 -0.3174 0.5945, -0.6122 -0.3131 0.5945, -0.6212 -0.3062 0.5945, -0.6281 -0.2972 0.5945, -0.6324 -0.2868 0.5945, -0.5906 0.3189 0.0433, -0.423 0.3189 0.0433, -0.4255 0.3174 0.0321, -0.5906 0.3174 0.0321, -0.4278 0.3131 0.0217, -0.5906 0.3131 0.0217, -0.43 0.3062 0.0127, -0.5906 0.3062 0.0127, -0.4278 0.2972 0.0058, -0.5906 0.2972 0.0058, -0.4255 0.2868 0.0015, -0.5906 0.2868 0.0015, -0.423 0.2756 0.0, -0.5906 0.2756 0.0, -0.6339 0.2756 0.0433, -0.6324 0.2868 0.0433, -0.6281 0.2972 0.0433, -0.6212 0.3062 0.0433, -0.6122 0.3131 0.0433, -0.6018 0.3174 0.0433, -0.5906 -0.3189 0.0433, -0.6018 -0.3174 0.0433, -0.6122 -0.3131 0.0433, -0.6212 -0.3062 0.0433, -0.6281 -0.2972 0.0433, -0.6324 -0.2868 0.0433, -0.6339 -0.2756 0.0433, -0.5906 -0.2756 0.0, -0.423 -0.2756 0.0, -0.4255 -0.2868 0.0015, -0.5906 -0.2868 0.0015, -0.4278 -0.2972 0.0058, -0.5906 -0.2972 0.0058, -0.43 -0.3062 0.0127, -0.5906 -0.3062 0.0127, -0.4278 -0.3131 0.0217, -0.5906 -0.3131 0.0217, -0.4255 -0.3174 0.0321, -0.5906 -0.3174 0.0321, -0.423 -0.3189 0.0433, -0.631 0.2864 0.0321, -0.6268 0.2965 0.0321, -0.6268 0.2853 0.0217, -0.623 0.2943 0.0217, -0.6201 0.2835 0.0127, -0.6171 0.2909 0.0127, -0.6115 0.2812 0.0058, -0.6093 0.2864 0.0058, -0.6014 0.2785 0.0015, -0.6003 0.2812 0.0015, -0.6201 0.3052 0.0321, -0.6171 0.3021 0.0217, -0.6122 0.2972 0.0127, -0.6059 0.2909 0.0058, -0.5985 0.2835 0.0015, -0.6324 0.2756 0.0321, -0.6281 0.2756 0.0217, -0.6212 0.2756 0.0127, -0.6122 0.2756 0.0058, -0.6018 0.2756 0.0015, -0.6115 0.3118 0.0321, -0.6014 0.316 0.0321, -0.6093 0.3081 0.0217, -0.6003 0.3118 0.0217, -0.6059 0.3021 0.0127, -0.5985 0.3052 0.0127, -0.6014 0.2943 0.0058, -0.5962 0.2965 0.0058, -0.5962 0.2853 0.0015, -0.5935 0.2864 0.0015, -0.6014 -0.316 0.0321, -0.6115 -0.3118 0.0321, -0.6003 -0.3118 0.0217, -0.6093 -0.3081 0.0217, -0.5985 -0.3052 0.0127, -0.6059 -0.3021 0.0127, -0.5962 -0.2965 0.0058, -0.6014 -0.2943 0.0058, -0.5935 -0.2864 0.0015, -0.5962 -0.2853 0.0015, -0.6201 -0.3052 0.0321, -0.6171 -0.3021 0.0217, -0.6122 -0.2972 0.0127, -0.6059 -0.2909 0.0058, -0.5985 -0.2835 0.0015, -0.6268 -0.2965 0.0321, -0.631 -0.2864 0.0321, -0.623 -0.2943 0.0217, -0.6268 -0.2853 0.0217, -0.6171 -0.2909 0.0127, -0.6201 -0.2835 0.0127, -0.6093 -0.2864 0.0058, -0.6115 -0.2812 0.0058, -0.6003 -0.2812 0.0015, -0.6014 -0.2785 0.0015, -0.6324 -0.2756 0.0321, -0.6281 -0.2756 0.0217, -0.6212 -0.2756 0.0127, -0.6122 -0.2756 0.0058, -0.6018 -0.2756 0.0015
            ]
        }
        coordIndex [
            0,1,2,-1,0,2,3,-1,3,2,4,-1,3,4,5,-1,5,4,6,-1,5,6,7,-1,7,6,8,-1,7,8,9,-1,9,8,10,-1,9,10,11,-1,11,10,12,-1,11,12,13,-1,14,15,16,-1,14,16,17,-1,17,16,18,-1,17,18,19,-1,19,18,20,-1,19,20,21,-1,21,20,22,-1,21,22,23,-1,23,22,24,-1,23,24,25,-1,25,24,26,-1,25,26,27,-1,28,29,30,-1,28,30,31,-1,31,30,32,-1,31,32,33,-1,33,32,34,-1,33,34,35,-1,35,34,36,-1,35,36,37,-1,37,36,38,-1,37,38,39,-1,39,38,13,-1,39,13,14,-1,0,3,40,-1,41,42,43,-1,13,38,44,-1,43,42,13,-1,45,13,42,-1,45,42,46,-1,46,42,41,-1,46,41,47,-1,11,13,45,-1,48,49,50,-1,50,49,44,-1,50,44,51,-1,51,44,38,-1,51,38,36,-1,11,45,9,-1,9,45,46,-1,9,46,7,-1,7,46,47,-1,7,47,5,-1,52,48,53,-1,53,48,50,-1,53,50,54,-1,54,50,51,-1,54,51,55,-1,55,51,36,-1,55,36,34,-1,56,52,57,-1,57,52,53,-1,57,53,58,-1,58,53,54,-1,58,54,59,-1,59,54,55,-1,59,55,60,-1,60,55,34,-1,60,34,32,-1,3,56,40,-1,40,56,57,-1,40,57,61,-1,61,57,58,-1,61,58,62,-1,62,58,59,-1,62,59,63,-1,63,59,60,-1,63,60,64,-1,64,60,32,-1,64,32,30,-1,0,40,65,-1,65,40,61,-1,65,61,66,-1,66,61,62,-1,66,62,67,-1,67,62,63,-1,67,63,68,-1,68,63,64,-1,68,64,69,-1,69,64,30,-1,69,30,29,-1,49,13,44,-1,3,5,56,-1,56,5,47,-1,56,47,52,-1,52,47,41,-1,52,41,48,-1,48,41,43,-1,48,43,49,-1,49,43,13,-1,28,31,70,-1,71,72,73,-1,14,17,74,-1,73,72,14,-1,75,14,72,-1,75,72,76,-1,76,72,71,-1,76,71,77,-1,39,14,75,-1,78,79,80,-1,80,79,74,-1,80,74,81,-1,81,74,17,-1,81,17,19,-1,39,75,37,-1,37,75,76,-1,37,76,35,-1,35,76,77,-1,35,77,33,-1,82,78,83,-1,83,78,80,-1,83,80,84,-1,84,80,81,-1,84,81,85,-1,85,81,19,-1,85,19,21,-1,86,82,87,-1,87,82,83,-1,87,83,88,-1,88,83,84,-1,88,84,89,-1,89,84,85,-1,89,85,90,-1,90,85,21,-1,90,21,23,-1,31,86,70,-1,70,86,87,-1,70,87,91,-1,91,87,88,-1,91,88,92,-1,92,88,89,-1,92,89,93,-1,93,89,90,-1,93,90,94,-1,94,90,23,-1,94,23,25,-1,28,70,95,-1,95,70,91,-1,95,91,96,-1,96,91,92,-1,96,92,97,-1,97,92,93,-1,97,93,98,-1,98,93,94,-1,98,94,99,-1,99,94,25,-1,99,25,27,-1,79,14,74,-1,31,33,86,-1,86,33,77,-1,86,77,82,-1,82,77,71,-1,82,71,78,-1,78,71,73,-1,78,73,79,-1,79,73,14,-1,100,0,65,-1,100,65,101,-1,101,65,66,-1,101,66,102,-1,102,66,67,-1,102,67,103,-1,103,67,68,-1,103,68,104,-1,104,68,69,-1,104,69,105,-1,105,69,29,-1,105,29,106,-1,107,108,109,-1,107,109,110,-1,110,109,111,-1,110,111,112,-1,112,111,113,-1,112,113,114,-1,114,113,115,-1,114,115,116,-1,116,115,117,-1,116,117,118,-1,118,117,119,-1,118,119,100,-1,120,121,122,-1,120,122,123,-1,123,122,124,-1,123,124,125,-1,125,124,126,-1,125,126,127,-1,127,126,128,-1,127,128,129,-1,129,128,130,-1,129,130,131,-1,131,130,132,-1,131,132,133,-1,134,28,95,-1,134,95,135,-1,135,95,96,-1,135,96,136,-1,136,96,97,-1,136,97,137,-1,137,97,98,-1,137,98,138,-1,138,98,99,-1,138,99,139,-1,139,99,27,-1,139,27,120,-1,101,102,140,-1,140,102,141,-1,140,141,142,-1,142,141,143,-1,142,143,144,-1,144,143,145,-1,144,145,146,-1,146,145,147,-1,146,147,148,-1,148,147,149,-1,148,149,107,-1,102,103,141,-1,141,103,150,-1,141,150,143,-1,143,150,151,-1,143,151,145,-1,145,151,152,-1,145,152,147,-1,147,152,153,-1,147,153,149,-1,149,153,154,-1,149,154,107,-1,100,101,118,-1,118,101,140,-1,118,140,116,-1,116,140,142,-1,116,142,114,-1,114,142,144,-1,114,144,112,-1,112,144,146,-1,112,146,110,-1,110,146,148,-1,110,148,107,-1,104,105,155,-1,155,105,156,-1,155,156,157,-1,157,156,158,-1,157,158,159,-1,159,158,160,-1,159,160,161,-1,161,160,162,-1,161,162,163,-1,163,162,164,-1,163,164,107,-1,105,106,156,-1,156,106,165,-1,156,165,158,-1,158,165,166,-1,158,166,160,-1,160,166,167,-1,160,167,162,-1,162,167,168,-1,162,168,164,-1,164,168,169,-1,164,169,107,-1,103,104,150,-1,150,104,155,-1,150,155,151,-1,151,155,157,-1,151,157,152,-1,152,157,159,-1,152,159,153,-1,153,159,161,-1,153,161,154,-1,154,161,163,-1,154,163,107,-1,135,136,170,-1,170,136,171,-1,170,171,172,-1,172,171,173,-1,172,173,174,-1,174,173,175,-1,174,175,176,-1,176,175,177,-1,176,177,178,-1,178,177,179,-1,178,179,133,-1,136,137,171,-1,171,137,180,-1,171,180,173,-1,173,180,181,-1,173,181,175,-1,175,181,182,-1,175,182,177,-1,177,182,183,-1,177,183,179,-1,179,183,184,-1,179,184,133,-1,134,135,185,-1,185,135,170,-1,185,170,186,-1,186,170,172,-1,186,172,187,-1,187,172,174,-1,187,174,188,-1,188,174,176,-1,188,176,189,-1,189,176,178,-1,189,178,133,-1,138,139,190,-1,190,139,191,-1,190,191,192,-1,192,191,193,-1,192,193,194,-1,194,193,195,-1,194,195,196,-1,196,195,197,-1,196,197,198,-1,198,197,199,-1,198,199,133,-1,139,120,191,-1,191,120,123,-1,191,123,193,-1,193,123,125,-1,193,125,195,-1,195,125,127,-1,195,127,197,-1,197,127,129,-1,197,129,199,-1,199,129,131,-1,199,131,133,-1,137,138,180,-1,180,138,190,-1,180,190,181,-1,181,190,192,-1,181,192,182,-1,182,192,194,-1,182,194,183,-1,183,194,196,-1,183,196,184,-1,184,196,198,-1,184,198,133,-1,106,134,185,-1,106,185,165,-1,165,185,186,-1,165,186,166,-1,166,186,187,-1,166,187,167,-1,167,187,188,-1,167,188,168,-1,168,188,189,-1,168,189,169,-1,169,189,133,-1,169,133,107,-1,200,201,202,-1,200,202,203,-1,203,202,204,-1,203,204,205,-1,205,204,206,-1,205,206,207,-1,207,206,208,-1,207,208,209,-1,209,208,210,-1,209,210,211,-1,211,210,212,-1,211,212,213,-1,214,215,216,-1,214,216,217,-1,217,216,218,-1,217,218,219,-1,219,218,220,-1,219,220,221,-1,221,220,222,-1,221,222,223,-1,223,222,224,-1,223,224,225,-1,225,224,226,-1,225,226,200,-1,227,228,229,-1,227,229,230,-1,230,229,231,-1,230,231,232,-1,232,231,233,-1,232,233,234,-1,234,233,235,-1,234,235,236,-1,236,235,237,-1,236,237,238,-1,238,237,239,-1,238,239,226,-1,214,217,240,-1,241,242,243,-1,200,203,244,-1,243,242,200,-1,245,200,242,-1,245,242,246,-1,246,242,241,-1,246,241,247,-1,225,200,245,-1,248,249,250,-1,250,249,244,-1,250,244,251,-1,251,244,203,-1,251,203,205,-1,225,245,223,-1,223,245,246,-1,223,246,221,-1,221,246,247,-1,221,247,219,-1,252,248,253,-1,253,248,250,-1,253,250,254,-1,254,250,251,-1,254,251,255,-1,255,251,205,-1,255,205,207,-1,256,252,257,-1,257,252,253,-1,257,253,258,-1,258,253,254,-1,258,254,259,-1,259,254,255,-1,259,255,260,-1,260,255,207,-1,260,207,209,-1,217,256,240,-1,240,256,257,-1,240,257,261,-1,261,257,258,-1,261,258,262,-1,262,258,259,-1,262,259,263,-1,263,259,260,-1,263,260,264,-1,264,260,209,-1,264,209,211,-1,214,240,265,-1,265,240,261,-1,265,261,266,-1,266,261,262,-1,266,262,267,-1,267,262,263,-1,267,263,268,-1,268,263,264,-1,268,264,269,-1,269,264,211,-1,269,211,213,-1,249,200,244,-1,217,219,256,-1,256,219,247,-1,256,247,252,-1,252,247,241,-1,252,241,248,-1,248,241,243,-1,248,243,249,-1,249,243,200,-1,227,230,270,-1,271,272,273,-1,226,224,274,-1,273,272,226,-1,275,226,272,-1,275,272,276,-1,276,272,271,-1,276,271,277,-1,238,226,275,-1,278,279,280,-1,280,279,274,-1,280,274,281,-1,281,274,224,-1,281,224,222,-1,238,275,236,-1,236,275,276,-1,236,276,234,-1,234,276,277,-1,234,277,232,-1,282,278,283,-1,283,278,280,-1,283,280,284,-1,284,280,281,-1,284,281,285,-1,285,281,222,-1,285,222,220,-1,286,282,287,-1,287,282,283,-1,287,283,288,-1,288,283,284,-1,288,284,289,-1,289,284,285,-1,289,285,290,-1,290,285,220,-1,290,220,218,-1,230,286,270,-1,270,286,287,-1,270,287,291,-1,291,287,288,-1,291,288,292,-1,292,288,289,-1,292,289,293,-1,293,289,290,-1,293,290,294,-1,294,290,218,-1,294,218,216,-1,227,270,295,-1,295,270,291,-1,295,291,296,-1,296,291,292,-1,296,292,297,-1,297,292,293,-1,297,293,298,-1,298,293,294,-1,298,294,299,-1,299,294,216,-1,299,216,215,-1,279,226,274,-1,230,232,286,-1,286,232,277,-1,286,277,282,-1,282,277,271,-1,282,271,278,-1,278,271,273,-1,278,273,279,-1,279,273,226,-1,300,301,302,-1,300,302,303,-1,303,302,304,-1,303,304,305,-1,305,304,306,-1,305,306,307,-1,307,306,308,-1,307,308,309,-1,309,308,310,-1,309,310,311,-1,311,310,312,-1,311,312,313,-1,314,214,265,-1,314,265,315,-1,315,265,266,-1,315,266,316,-1,316,266,267,-1,316,267,317,-1,317,267,268,-1,317,268,318,-1,318,268,269,-1,318,269,319,-1,319,269,213,-1,319,213,300,-1,320,227,295,-1,320,295,321,-1,321,295,296,-1,321,296,322,-1,322,296,297,-1,322,297,323,-1,323,297,298,-1,323,298,324,-1,324,298,299,-1,324,299,325,-1,325,299,215,-1,325,215,326,-1,327,328,329,-1,327,329,330,-1,330,329,331,-1,330,331,332,-1,332,331,333,-1,332,333,334,-1,334,333,335,-1,334,335,336,-1,336,335,337,-1,336,337,338,-1,338,337,339,-1,338,339,320,-1,315,316,340,-1,340,316,341,-1,340,341,342,-1,342,341,343,-1,342,343,344,-1,344,343,345,-1,344,345,346,-1,346,345,347,-1,346,347,348,-1,348,347,349,-1,348,349,313,-1,316,317,341,-1,341,317,350,-1,341,350,343,-1,343,350,351,-1,343,351,345,-1,345,351,352,-1,345,352,347,-1,347,352,353,-1,347,353,349,-1,349,353,354,-1,349,354,313,-1,314,315,355,-1,355,315,340,-1,355,340,356,-1,356,340,342,-1,356,342,357,-1,357,342,344,-1,357,344,358,-1,358,344,346,-1,358,346,359,-1,359,346,348,-1,359,348,313,-1,318,319,360,-1,360,319,361,-1,360,361,362,-1,362,361,363,-1,362,363,364,-1,364,363,365,-1,364,365,366,-1,366,365,367,-1,366,367,368,-1,368,367,369,-1,368,369,313,-1,319,300,361,-1,361,300,303,-1,361,303,363,-1,363,303,305,-1,363,305,365,-1,365,305,307,-1,365,307,367,-1,367,307,309,-1,367,309,369,-1,369,309,311,-1,369,311,313,-1,317,318,350,-1,350,318,360,-1,350,360,351,-1,351,360,362,-1,351,362,352,-1,352,362,364,-1,352,364,353,-1,353,364,366,-1,353,366,354,-1,354,366,368,-1,354,368,313,-1,321,322,370,-1,370,322,371,-1,370,371,372,-1,372,371,373,-1,372,373,374,-1,374,373,375,-1,374,375,376,-1,376,375,377,-1,376,377,378,-1,378,377,379,-1,378,379,327,-1,322,323,371,-1,371,323,380,-1,371,380,373,-1,373,380,381,-1,373,381,375,-1,375,381,382,-1,375,382,377,-1,377,382,383,-1,377,383,379,-1,379,383,384,-1,379,384,327,-1,320,321,338,-1,338,321,370,-1,338,370,336,-1,336,370,372,-1,336,372,334,-1,334,372,374,-1,334,374,332,-1,332,374,376,-1,332,376,330,-1,330,376,378,-1,330,378,327,-1,324,325,385,-1,385,325,386,-1,385,386,387,-1,387,386,388,-1,387,388,389,-1,389,388,390,-1,389,390,391,-1,391,390,392,-1,391,392,393,-1,393,392,394,-1,393,394,327,-1,325,326,386,-1,386,326,395,-1,386,395,388,-1,388,395,396,-1,388,396,390,-1,390,396,397,-1,390,397,392,-1,392,397,398,-1,392,398,394,-1,394,398,399,-1,394,399,327,-1,323,324,380,-1,380,324,385,-1,380,385,381,-1,381,385,387,-1,381,387,382,-1,382,387,389,-1,382,389,383,-1,383,389,391,-1,383,391,384,-1,384,391,393,-1,384,393,327,-1,326,314,355,-1,326,355,395,-1,395,355,356,-1,395,356,396,-1,396,356,357,-1,396,357,397,-1,397,357,358,-1,397,358,398,-1,398,358,359,-1,398,359,399,-1,399,359,313,-1,399,313,327,-1,
        ]
    }
}