#VRML V2.0 utf8
# 3D model generated by easyeda2kicad.py (https://github.com/uPesy/easyeda2kicad.py)

Shape{
    appearance Appearance {
        material  Material 	{
            diffuseColor 0.6666666666666666 0.6666666666666666 0.6666666666666666
            specularColor 0.4666666666666667 0.4666666666666667 0.4666666666666667
            ambientIntensity 0.6667
            transparency 0.0
            shininess 0.5
        }
    }
    geometry IndexedFaceSet {
        ccw TRUE
        solid FALSE
        coord DEF co Coordinate {
            point [
                0.0407 1.357 1.378, 0.0407 1.2938 1.378, 0.0691 1.2938 1.378, 0.2291 1.2438 1.378, 0.2517 1.2438 1.378, 0.2517 1.2641 1.378, 0.2315 1.2903 1.378, 0.2243 1.2875 1.378, 0.2243 1.2641 1.378, 0.1378 1.172 1.378, 0.1356 1.1728 1.378, 0.1356 1.1718 1.378, 0.1534 1.1722 1.378, 0.1504 1.1718 1.378, 0.1682 1.1718 1.378, 1.5551 1.7193 1.378, 1.5551 1.9555 1.378, 0.2743 1.9555 1.378, 0.3005 1.3052 1.378, 0.2743 1.3052 1.378, 0.3077 1.2857 1.378, 0.2743 1.2641 1.378, 0.3179 1.2857 1.378, 1.7126 1.2641 1.378, 1.7126 1.3576 1.378, 0.2907 1.357 1.378, 0.2743 1.3576 1.378, 0.2809 1.357 1.378, 0.2743 1.3397 1.378, 0.2537 1.2857 1.378, 0.2639 1.2857 1.378, 0.2707 1.3052 1.378, 0.1356 1.3576 1.378, 0.1162 1.3576 1.378, 0.1179 1.3575 1.378, 0.1255 1.3553 1.378, 0.1255 1.3457 1.378, 0.1356 1.2641 1.378, 0.1014 1.2847 1.378, 0.0936 1.2863 1.378, 0.0752 1.2641 1.378, 0.1242 1.288 1.378, 0.1166 1.2855 1.378, 0.1247 1.3461 1.378, 0.1255 1.2975 1.378, 0.1174 1.3489 1.378, 0.1086 1.3499 1.378, 0.105 1.3497 1.378, 0.0989 1.3484 1.378, 0.0934 1.3456 1.378, 0.0892 1.342 1.378, 0.0887 1.3415 1.378, 0.0853 1.3365 1.378, 0.1255 1.2886 1.378, 0.1057 1.2845 1.378, 0.0869 1.2894 1.378, 0.0812 1.2942 1.378, 0.0806 1.2948 1.378, 0.0829 1.3304 1.378, 0.0817 1.3206 1.378, 0.0818 1.317 1.378, 0.0831 1.3101 1.378, 0.1104 1.2928 1.378, 0.1184 1.2943 1.378, 0.0948 1.2955 1.378, 0.0999 1.2935 1.378, 0.107 1.2927 1.378, 0.0855 1.3044 1.378, 0.0887 1.3002 1.378, 0.0901 1.2988 1.378, 0.0752 1.3576 1.378, 0.0771 1.341 1.378, 0.0823 1.3477 1.378, 0.0841 1.3494 1.378, 0.0908 1.3541 1.378, 0.0982 1.357 1.378, 0.0763 1.3009 1.378, 0.0752 1.3038 1.378, 0.0709 1.2641 1.378, 0.0709 1.3576 1.378, 0.0738 1.333 1.378, 0.0752 1.3364 1.378, 0.0734 1.3084 1.378, 0.072 1.32 1.378, 0.0721 1.3237 1.378, 0.2102 1.2234 1.378, 0.2195 1.2234 1.378, 0.2243 1.1718 1.378, 0.1939 1.1851 1.378, 0.195 1.1809 1.378, 0.1952 1.1809 1.378, 0.1849 1.2641 1.378, 0.1849 1.211 1.378, 0.1963 1.185 1.378, 0.1956 1.1826 1.378, 0.1849 1.1718 1.378, 0.1849 1.187 1.378, 0.1706 1.2234 1.378, 0.1682 1.2641 1.378, 0.1806 1.2234 1.378, 0.1906 1.1725 1.378, 0.1903 1.1718 1.378, 0.1866 1.1633 1.378, 0.1682 1.1435 1.378, 0.1724 1.1491 1.378, 0.1724 1.1571 1.378, 0.1832 1.1582 1.378, 0.1848 1.16 1.378, 0.1849 1.1601 1.378, 0.1849 1.15 1.378, 0.1818 1.1488 1.378, 0.1849 1.1435 1.378, 0.1782 1.1484 1.378, 0.1762 1.1485 1.378, 0.1775 1.1561 1.378, 0.1798 1.1564 1.378, 0.1817 1.1571 1.378, 0.1964 1.1647 1.378, 0.1923 1.1568 1.378, 0.2243 1.1435 1.378, 0.1992 1.1718 1.378, 0.189 1.1529 1.378, 0.1884 1.1524 1.378, 0.1853 1.1502 1.378, -1.5551 0.5776 1.378, -1.0317 0.5776 1.378, -1.5551 0.8138 1.378, -1.0317 1.1435 1.378, -1.7126 0.8138 1.378, -1.0317 1.9555 1.378, -1.5551 1.9555 1.378, -1.0317 1.6659 1.378, -1.5551 1.7193 1.378, 1.7126 0.8138 1.378, 1.7126 1.1435 1.378, 1.5551 0.8138 1.378, 0.2743 1.1435 1.378, 0.2743 0.5776 1.378, 0.693 0.5776 1.378, 0.693 0.6563 1.378, 0.6983 0.676 1.378, 0.7046 0.6841 1.378, 0.7665 0.676 1.378, 0.7603 0.6841 1.378, 0.7521 0.6904 1.378, 1.2377 0.6841 1.378, 1.244 0.676 1.378, 1.2479 0.6665 1.378, 1.5551 0.5776 1.378, 1.2493 0.6563 1.378, 1.2493 0.5776 1.378, 0.7426 0.6943 1.378, 0.7324 0.6957 1.378, 0.7718 0.6563 1.378, 1.1655 0.6563 1.378, 0.7704 0.6665 1.378, 1.1668 0.6665 1.378, 1.1708 0.676 1.378, 1.177 0.6841 1.378, 1.2099 0.6957 1.378, 1.2201 0.6943 1.378, 1.2296 0.6904 1.378, 0.6944 0.6665 1.378, 0.7127 0.6904 1.378, 0.7222 0.6943 1.378, 1.1852 0.6904 1.378, 1.1947 0.6943 1.378, 1.2049 0.6957 1.378, 0.1629 1.1947 1.378, 0.1646 1.1923 1.378, 0.1635 1.2136 1.378, 0.1395 1.2219 1.378, 0.1443 1.2237 1.378, 0.1514 1.2246 1.378, 0.1655 1.1896 1.378, 0.1659 1.1863 1.378, 0.1655 1.1827 1.378, 0.1644 1.1799 1.378, 0.1627 1.1775 1.378, 0.1635 1.2223 1.378, 0.1577 1.224 1.378, 0.1602 1.1753 1.378, 0.1581 1.174 1.378, 0.1505 1.2173 1.378, 0.1479 1.2171 1.378, 0.1407 1.2105 1.378, 0.1455 1.2165 1.378, 0.1435 1.2154 1.378, 0.1408 1.2093 1.378, 0.1412 1.2079 1.378, 0.1418 1.2067 1.378, 0.1427 1.2057 1.378, 0.1459 1.2037 1.378, 0.156 1.2167 1.378, 0.1514 1.2013 1.378, 0.1611 1.215 1.378, 0.1548 1.1999 1.378, 0.1608 1.1966 1.378, 0.1421 1.2142 1.378, 0.1414 1.2131 1.378, 0.1409 1.2119 1.378, 0.0799 1.1935 1.378, 0.0817 1.1964 1.378, 0.0834 1.2111 1.378, 0.1346 1.2181 1.378, 0.1356 1.219 1.378, 0.1373 1.2205 1.378, 0.1031 1.217 1.378, 0.1001 1.2173 1.378, 0.0953 1.2027 1.378, 0.1315 1.1834 1.378, 0.1194 1.2052 1.378, 0.1315 1.1742 1.378, 0.1194 1.1724 1.378, 0.1054 1.1747 1.378, 0.103 1.1732 1.378, 0.1104 1.1724 1.378, 0.0995 1.1718 1.378, 0.0752 1.1718 1.378, 0.0799 1.179 1.378, 0.0788 1.182 1.378, 0.0844 1.1988 1.378, 0.088 1.2008 1.378, 0.0895 1.215 1.378, 0.0951 1.2168 1.378, 0.0858 1.1731 1.378, 0.0892 1.1718 1.378, 0.0894 1.1718 1.378, 0.0828 1.1752 1.378, 0.0818 1.1762 1.378, 0.0784 1.1861 1.378, 0.0788 1.1902 1.378, 0.1353 1.1811 1.378, 0.1356 1.181 1.378, 0.1356 1.2 1.378, 0.1104 1.1803 1.378, 0.1102 1.1803 1.378, 0.1083 1.1775 1.378, 0.0834 1.2198 1.378, 0.0852 1.2209 1.378, 0.0919 1.2235 1.378, 0.1319 1.2062 1.378, 0.1185 1.2127 1.378, 0.1315 1.2096 1.378, 0.1104 1.2048 1.378, 0.1101 1.2088 1.378, 0.1092 1.212 1.378, 0.1081 1.2138 1.378, 0.1009 1.2246 1.378, 0.107 1.2239 1.378, 0.1106 1.2227 1.378, 0.1135 1.2209 1.378, 0.1319 1.2128 1.378, 0.1329 1.2157 1.378, 0.117 1.2166 1.378, 0.1151 1.2193 1.378, 0.1355 1.2001 1.378, 0.1341 1.2016 1.378, 0.1329 1.2034 1.378, 0.1068 1.2152 1.378, 0.1052 1.2163 1.378, 0.1409 1.1791 1.378, 0.1451 1.1948 1.378, 0.1397 1.1973 1.378, 0.1462 1.1785 1.378, 0.1466 1.1785 1.378, 0.1509 1.1924 1.378, 0.1512 1.179 1.378, 0.1567 1.1854 1.378, 0.1566 1.1865 1.378, 0.1535 1.1799 1.378, 0.1543 1.1804 1.378, 0.1553 1.1813 1.378, 0.1561 1.1824 1.378, 0.1565 1.1837 1.378, 0.1562 1.1879 1.378, 0.1555 1.1891 1.378, 0.1544 1.1903 1.378, 0.1395 1.1718 1.378, 0.1356 1.1435 1.378, 0.1453 1.1712 1.378, 0.1742 1.1565 1.378, 0.0946 1.1712 1.378, 0.0752 1.1435 1.378, 0.0994 1.1718 1.378, -0.1235 1.363 1.378, -0.1158 1.3576 1.378, 0.0022 1.3576 1.378, -0.1047 1.3498 1.378, -0.0866 1.3284 1.378, -0.0311 1.2641 1.378, 0.0022 1.2641 1.378, -0.0355 1.2753 1.378, -0.0459 1.2897 1.378, -0.0596 1.3014 1.378, -0.0773 1.3097 1.378, -0.0747 1.3089 1.378, -0.1737 1.3762 1.378, -0.1486 1.373 1.378, 0.0022 1.6659 1.378, -0.1956 1.3739 1.378, -0.2192 1.3656 1.378, -0.2325 1.3576 1.378, -1.0317 1.3576 1.378, -0.2346 1.3564 1.378, -0.339 1.2954 1.378, -0.3269 1.3107 1.378, -0.2881 1.3327 1.378, -0.2686 1.3351 1.378, -0.2465 1.3462 1.378, -0.2627 1.3348 1.378, -0.2569 1.3341 1.378, -0.3231 1.3143 1.378, -0.3069 1.3256 1.378, -0.3143 1.1845 1.378, -0.3295 1.1976 1.378, -1.0317 1.1718 1.378, -0.296 1.1754 1.378, -0.3413 1.2145 1.378, -0.3485 1.2335 1.378, -1.0317 1.2641 1.378, -0.3508 1.2529 1.378, -0.3506 1.2581 1.378, -0.3495 1.2641 1.378, -0.3471 1.2772 1.378, -0.2889 1.1732 1.378, -0.2882 1.1718 1.378, -0.2838 1.1623 1.378, -0.2763 1.153 1.378, -0.2197 1.1435 1.378, -0.2284 1.1402 1.378, 0.0022 0.5776 1.378, -0.2407 1.1387 1.378, -0.2426 1.1387 1.378, -0.2546 1.1406 1.378, -0.2617 1.1435 1.378, -0.2663 1.1455 1.378, -0.1931 1.1718 1.378, -0.1932 1.1717 1.378, 0.0022 1.1435 1.378, -0.1991 1.1603 1.378, -0.207 1.1516 1.378, -0.2171 1.1445 1.378, -0.1283 1.2018 1.378, -0.1248 1.2031 1.378, -0.1189 1.2321 1.378, -0.2026 1.2234 1.378, -0.1346 1.259 1.378, -0.2115 1.2315 1.378, -0.2222 1.2373 1.378, -0.1314 1.1996 1.378, -0.0357 1.209 1.378, -0.0458 1.195 1.378, 0.0022 1.1718 1.378, -0.0587 1.2471 1.378, -0.0611 1.2569 1.378, -0.065 1.2641 1.378, -0.3176 1.2641 1.378, -0.0293 1.2598 1.378, -0.027 1.2432 1.378, -0.0293 1.2251 1.378, -0.1209 1.2036 1.378, -0.1204 1.2036 1.378, -0.1189 1.2033 1.378, -0.3146 1.2337 1.378, -0.3085 1.2233 1.378, -0.2828 1.2181 1.378, -0.2994 1.214 1.378, -0.2884 1.2072 1.378, -0.264 1.2349 1.378, -0.2744 1.2277 1.378, -0.3188 1.2539 1.378, -0.3182 1.2461 1.378, -0.2528 1.2392 1.378, -0.2407 1.2407 1.378, -0.2345 1.2403 1.378, -0.0596 1.1833 1.378, -0.0751 1.1757 1.378, -0.092 1.1722 1.378, -0.1366 1.1879 1.378, -0.1365 1.1899 1.378, -0.1899 1.1945 1.378, -0.1355 1.1938 1.378, -0.1335 1.1972 1.378, -0.0688 1.2159 1.378, -0.0632 1.2238 1.378, -0.0597 1.2328 1.378, -0.0585 1.2427 1.378, -0.1219 1.1722 1.378, -0.1248 1.1726 1.378, -0.1281 1.174 1.378, -0.1314 1.1763 1.378, -0.1326 1.1775 1.378, -0.1348 1.1807 1.378, -0.1361 1.1841 1.378, -0.1902 1.1842 1.378, -0.1899 1.1894 1.378, -0.1179 1.2031 1.378, -0.095 1.2031 1.378, -0.0859 1.2049 1.378, -0.077 1.209 1.378, -0.0695 1.2151 1.378, -0.113 1.3128 1.378, -0.1245 1.3264 1.378, -0.2412 1.297 1.378, -0.1258 1.3276 1.378, -0.1401 1.3375 1.378, -0.2334 1.3131 1.378, -0.2448 1.299 1.378, -0.2562 1.3032 1.378, -0.0658 1.2657 1.378, -0.0717 1.2722 1.378, -0.0981 1.2823 1.378, -0.0796 1.2777 1.378, -0.0884 1.2811 1.378, -0.1021 1.2823 1.378, -0.1052 1.2964 1.378, -0.2859 1.3014 1.378, -0.2972 1.2954 1.378, -0.2733 1.3044 1.378, -0.3059 1.2876 1.378, -0.313 1.2775 1.378, -0.2221 1.3267 1.378, -0.156 1.3436 1.378, -0.2084 1.3366 1.378, -0.1732 1.3457 1.378, -0.1918 1.3433 1.378, -0.2681 1.3046 1.378, -0.3173 1.2662 1.378, 0.2495 1.3177 1.378, 0.2478 1.3094 1.378, 0.2443 1.302 1.378, 0.239 1.2957 1.378, 0.2243 1.3576 1.378, 0.2243 1.3553 1.378, 0.2517 1.3576 1.378, 0.2315 1.3527 1.378, 0.2459 1.3389 1.378, 0.2485 1.3321 1.378, 0.2497 1.3223 1.378, 0.239 1.3476 1.378, 0.2415 1.3451 1.378, 0.1849 1.3576 1.378, 0.212 1.357 1.378, 0.2229 1.3558 1.378, 0.2234 1.2871 1.378, 0.2113 1.2857 1.378, 0.1916 1.2857 1.378, 0.1916 1.357 1.378, 0.2383 1.2046 1.378, 0.2383 1.1806 1.378, 0.2517 1.2046 1.378, 0.2517 1.1806 1.378, 0.2639 1.2046 1.378, 0.2675 1.1806 1.378, 0.2743 1.1718 1.378, 0.2675 1.1724 1.378, 0.2517 1.1718 1.378, 0.2659 1.2438 1.378, 0.2659 1.2356 1.378, 0.2383 1.2356 1.378, 0.2383 1.2128 1.378, 0.2517 1.2356 1.378, 0.2517 1.2128 1.378, 0.2639 1.2128 1.378, 0.2517 1.1724 1.378, 0.2291 1.1724 1.378, 0.1682 1.3576 1.378, 0.1765 1.357 1.378, 0.1765 1.3488 1.378, 0.149 1.3178 1.378, 0.149 1.2938 1.378, 0.1682 1.3178 1.378, 0.1682 1.2938 1.378, 0.1745 1.3178 1.378, 0.1781 1.2938 1.378, 0.149 1.3488 1.378, 0.149 1.326 1.378, 0.1682 1.3488 1.378, 0.1682 1.326 1.378, 0.1745 1.326 1.378, 0.1781 1.2857 1.378, 0.1682 1.2857 1.378, 0.1397 1.2857 1.378, 0.1397 1.357 1.378, 0.1682 1.357 1.378, 0.0022 1.9555 1.378, 0.0709 1.9555 1.378, 0.0709 1.6659 1.378, 0.0752 1.9555 1.378, 0.0752 1.6659 1.378, 0.1356 1.9555 1.378, 0.1356 1.6659 1.378, 0.1682 1.9555 1.378, 0.1682 1.6659 1.378, 0.1849 1.9555 1.378, 0.1849 1.6659 1.378, 0.2243 1.9555 1.378, 0.2243 1.6659 1.378, 0.2517 1.9555 1.378, 0.2517 1.6659 1.378, 0.2743 1.6659 1.378, 1.7126 1.6659 1.378, 1.7126 1.7193 1.378, 0.1036 1.3576 1.378, 0.1085 1.3582 1.378, 0.0315 1.2857 1.378, 0.0315 1.357 1.378, 0.0691 1.2857 1.378, 0.3971 1.1724 1.378, 0.3899 1.1919 1.378, 0.3601 1.1919 1.378, 0.3533 1.1724 1.378, 0.3431 1.1724 1.378, 0.4073 1.1724 1.378, 1.7126 1.1718 1.378, 0.3801 1.2438 1.378, 0.3372 1.1961 1.378, 0.3389 1.2045 1.378, 0.3703 1.2438 1.378, 0.3391 1.209 1.378, 0.3379 1.2189 1.378, 0.3337 1.1887 1.378, 0.3284 1.1824 1.378, 0.3209 1.1771 1.378, 0.281 1.2438 1.378, 0.281 1.1724 1.378, 0.3006 1.1724 1.378, 0.3128 1.1739 1.378, 0.3284 1.2344 1.378, 0.3309 1.2319 1.378, 0.3353 1.2257 1.378, 0.3014 1.2438 1.378, 0.3123 1.2426 1.378, 0.3209 1.2395 1.378, 0.0407 1.2046 1.378, 0.0407 1.1806 1.378, 0.0662 1.2046 1.378, 0.0698 1.1806 1.378, 0.0662 1.2128 1.378, 0.0698 1.1724 1.378, 0.0709 1.1718 1.378, 0.0315 1.1724 1.378, 0.0315 1.2438 1.378, 0.0682 1.2438 1.378, 0.0682 1.2356 1.378, 0.0407 1.2356 1.378, 0.0407 1.2128 1.378, 0.2517 1.1435 1.378, 0.0709 1.1435 1.378, -1.7126 1.1435 1.378, -1.7126 1.1718 1.378, -1.7126 1.2641 1.378, -1.7126 1.3576 1.378, -1.7126 1.6659 1.378, -1.7126 1.7193 1.378, 0.0709 0.5776 1.378, 0.0752 0.5776 1.378, 0.1356 0.5776 1.378, 0.1682 0.5776 1.378, 0.1849 0.5776 1.378, 0.2243 0.5776 1.378, 0.2517 0.5776 1.378, -0.1929 0.5776 1.0865, -0.2174 0.5776 1.0678, -0.1339 0.5776 0.8661, -0.1644 0.5776 1.0983, 1.1655 0.5776 1.2992, 0.7718 0.5776 1.2992, 1.0079 0.5776 0.8661, 0.6581 0.5776 1.1024, -0.1339 0.5776 1.1024, -0.2362 0.5776 1.0433, -0.248 0.5776 1.0148, -0.252 0.5776 0.9843, -0.2362 0.5776 0.9252, -0.2174 0.5776 0.9007, -0.248 0.5776 0.9537, -0.1929 0.5776 0.882, -0.1644 0.5776 0.8702, 0.693 0.5776 1.2992, -1.5551 0.5776 1.2992, -1.5551 1.7193 1.2992, -1.5551 1.9555 1.2992, -1.7126 1.7193 1.2992, -1.7126 1.7193 1.122, -1.7913 1.7193 1.122, -1.7913 1.7193 1.2992, -1.7683 1.7193 1.3549, -1.752 1.7193 1.3674, -1.733 1.7193 1.3753, -1.7887 1.7193 1.3196, -1.7808 1.7193 1.3386, -1.5551 0.8138 1.2992, -1.7126 0.8138 1.2992, -1.733 0.8138 1.3753, -1.7913 0.8138 1.122, -1.7126 0.8138 1.122, -1.7913 0.8138 1.2992, -1.7887 0.8138 1.3196, -1.7808 0.8138 1.3386, -1.752 0.8138 1.3674, -1.7683 0.8138 1.3549, 1.2493 0.5776 1.2992, 1.5551 0.5776 1.2992, 1.5551 0.8138 1.2992, 1.7126 0.8138 1.122, 1.7913 0.8138 1.122, 1.7126 0.8138 1.2992, 1.7913 0.8138 1.2992, 1.7887 0.8138 1.3196, 1.733 0.8138 1.3753, 1.752 0.8138 1.3674, 1.7808 0.8138 1.3386, 1.7683 0.8138 1.3549, 1.7913 1.7193 1.122, 1.7126 1.7193 1.122, 1.7913 1.7193 1.2992, 1.7126 1.7193 1.2992, 1.5551 1.7193 1.2992, 1.7683 1.7193 1.3549, 1.7808 1.7193 1.3386, 1.7887 1.7193 1.3196, 1.733 1.7193 1.3753, 1.752 1.7193 1.3674, 1.5551 1.9555 1.2992, 0.6944 0.6665 1.2992, 0.693 0.6563 1.2992, 1.2479 0.6665 1.2992, 1.2493 0.6563 1.2992, 0.7222 0.6943 1.2992, 0.7127 0.6904 1.2992, 0.7046 0.6841 1.2992, 0.6983 0.676 1.2992, 1.1947 0.6943 1.2992, 1.1852 0.6904 1.2992, 0.7665 0.676 1.2992, 1.177 0.6841 1.2992, 0.7521 0.6904 1.2992, 0.7426 0.6943 1.2992, 0.7324 0.6957 1.2992, 1.244 0.676 1.2992, 1.2377 0.6841 1.2992, 1.2296 0.6904 1.2992, 1.1668 0.6665 1.2992, 1.1655 0.6563 1.2992, 0.7718 0.6563 1.2992, 1.1708 0.676 1.2992, 0.7704 0.6665 1.2992, 1.2201 0.6943 1.2992, 1.2099 0.6957 1.2992, 1.2049 0.6957 1.2992, 0.7603 0.6841 1.2992, 1.7913 1.8965 0.5118, 1.7913 0.6366 0.5118, 1.7126 1.8965 0.5118, 1.7126 0.6366 0.5118, 1.7913 0.6366 1.122, 1.7913 1.8965 1.122, 1.7126 1.8965 1.122, 1.7126 0.6366 1.122, -1.7913 0.6366 0.5118, -1.7913 1.8965 0.5118, -1.7126 0.6366 0.5118, -1.7126 1.8965 0.5118, -1.7913 1.8965 1.122, -1.7913 0.6366 1.122, -1.7126 0.6366 1.122, -1.7126 1.8965 1.122, -0.1339 0.6563 0.8661, 1.0079 0.6563 0.8661, -0.1644 0.6563 0.8702, -0.1929 0.6563 0.882, -0.2174 0.6563 0.9007, -0.2362 0.6563 0.9252, -0.248 0.6563 0.9537, -0.252 0.6563 0.9843, -0.248 0.6563 1.0148, -0.2362 0.6563 1.0433, -0.2174 0.6563 1.0678, -0.1929 0.6563 1.0865, -0.1644 0.6563 1.0983, -0.1339 0.6563 1.1024, 0.6581 0.6563 1.1024, 1.1655 0.5802 1.3196, 1.1655 0.6359 1.3753, 1.1655 0.6169 1.3674, 1.1655 0.6006 1.3549, 1.1655 0.5881 1.3386, 0.7718 0.6359 1.3753, 0.7718 0.5881 1.3386, 0.7718 0.5802 1.3196, 0.7718 0.6006 1.3549, 0.7718 0.6169 1.3674
            ]
        }
        coordIndex [
            0,1,2,-1,3,4,5,-1,6,7,8,-1,9,10,11,-1,12,13,14,-1,15,16,17,-1,18,19,20,-1,20,19,21,-1,20,21,22,-1,23,24,25,-1,25,24,26,-1,25,26,27,-1,27,26,28,-1,29,5,30,-1,30,5,21,-1,30,21,31,-1,31,21,19,-1,32,33,34,-1,34,35,32,-1,32,35,36,-1,32,36,37,-1,38,39,40,-1,41,42,37,-1,36,43,44,-1,44,43,45,-1,44,45,46,-1,46,47,44,-1,44,47,48,-1,44,48,49,-1,49,50,44,-1,44,50,51,-1,44,51,52,-1,36,44,37,-1,37,44,53,-1,37,53,41,-1,38,40,54,-1,39,55,40,-1,40,55,56,-1,40,56,57,-1,52,58,44,-1,44,58,59,-1,44,59,60,-1,61,62,60,-1,60,62,63,-1,60,63,44,-1,64,65,66,-1,61,67,62,-1,62,67,68,-1,62,68,66,-1,66,68,69,-1,66,69,64,-1,70,71,72,-1,72,73,70,-1,70,73,74,-1,70,74,75,-1,57,76,40,-1,40,76,77,-1,40,77,78,-1,79,80,70,-1,70,80,81,-1,70,81,71,-1,77,82,78,-1,78,82,83,-1,78,83,79,-1,79,83,84,-1,79,84,80,-1,85,86,8,-1,8,86,87,-1,88,89,90,-1,8,91,85,-1,85,91,92,-1,85,92,93,-1,93,92,88,-1,93,88,94,-1,94,88,90,-1,95,96,14,-1,14,96,97,-1,14,97,98,-1,98,97,91,-1,91,97,99,-1,91,99,92,-1,100,96,101,-1,101,96,95,-1,101,95,102,-1,103,104,105,-1,106,107,95,-1,95,107,108,-1,95,108,102,-1,109,110,111,-1,111,110,112,-1,111,112,103,-1,103,112,113,-1,103,113,104,-1,114,115,95,-1,95,115,116,-1,95,116,106,-1,117,118,119,-1,117,119,120,-1,118,121,119,-1,119,121,122,-1,119,122,111,-1,111,122,123,-1,111,123,109,-1,124,125,126,-1,126,125,127,-1,126,127,128,-1,129,130,131,-1,131,130,132,-1,133,134,135,-1,135,134,136,-1,137,138,139,-1,140,141,136,-1,142,135,143,-1,143,135,144,-1,145,146,135,-1,135,146,147,-1,135,147,148,-1,148,147,149,-1,148,149,150,-1,144,135,151,-1,151,135,136,-1,151,136,152,-1,153,154,155,-1,155,154,156,-1,155,156,142,-1,142,156,157,-1,142,157,158,-1,159,160,135,-1,135,160,161,-1,135,161,145,-1,140,136,162,-1,141,163,136,-1,136,163,164,-1,136,164,152,-1,158,165,142,-1,142,165,166,-1,142,166,135,-1,135,166,167,-1,135,167,159,-1,168,169,170,-1,171,172,37,-1,37,172,173,-1,37,173,98,-1,174,175,14,-1,175,176,14,-1,14,176,177,-1,14,177,178,-1,169,174,170,-1,170,174,14,-1,170,14,179,-1,179,14,98,-1,179,98,180,-1,180,98,173,-1,178,181,14,-1,14,181,182,-1,14,182,12,-1,183,184,185,-1,185,184,186,-1,185,186,187,-1,185,188,183,-1,183,188,189,-1,183,189,190,-1,190,191,183,-1,183,191,192,-1,183,192,193,-1,193,192,194,-1,193,194,195,-1,195,194,196,-1,195,196,170,-1,170,196,197,-1,170,197,168,-1,198,199,187,-1,187,199,200,-1,187,200,185,-1,201,202,203,-1,204,205,37,-1,37,205,206,-1,37,206,171,-1,207,208,209,-1,210,211,212,-1,212,211,213,-1,214,215,216,-1,216,215,217,-1,216,217,213,-1,218,219,220,-1,202,221,203,-1,203,221,222,-1,203,222,223,-1,223,222,209,-1,223,209,224,-1,224,209,208,-1,225,218,226,-1,226,218,227,-1,225,228,218,-1,218,228,229,-1,218,229,219,-1,230,231,40,-1,232,233,234,-1,235,236,216,-1,216,236,237,-1,216,237,214,-1,201,203,231,-1,231,203,238,-1,231,238,40,-1,40,238,239,-1,40,239,240,-1,211,241,242,-1,242,241,243,-1,244,245,209,-1,209,245,246,-1,209,246,247,-1,232,234,210,-1,240,248,40,-1,40,248,249,-1,40,249,250,-1,42,54,37,-1,37,54,40,-1,37,40,204,-1,204,40,250,-1,204,250,251,-1,243,252,242,-1,242,252,253,-1,242,253,254,-1,254,253,204,-1,254,204,255,-1,255,204,251,-1,234,256,210,-1,210,256,257,-1,210,257,211,-1,211,257,258,-1,211,258,241,-1,247,259,209,-1,209,259,260,-1,209,260,207,-1,261,262,233,-1,233,262,263,-1,233,263,234,-1,261,264,262,-1,262,264,265,-1,262,265,266,-1,266,265,267,-1,266,268,269,-1,267,270,266,-1,266,270,271,-1,266,271,272,-1,272,273,266,-1,266,273,274,-1,266,274,268,-1,269,275,266,-1,266,275,276,-1,266,276,277,-1,9,11,278,-1,278,11,279,-1,278,279,280,-1,280,279,13,-1,13,279,103,-1,13,103,14,-1,14,103,105,-1,14,105,95,-1,95,105,281,-1,95,281,114,-1,282,283,284,-1,284,283,279,-1,284,279,217,-1,217,279,11,-1,217,11,213,-1,213,11,10,-1,213,10,212,-1,285,286,287,-1,287,286,288,-1,287,288,289,-1,290,291,292,-1,292,291,287,-1,292,287,293,-1,293,287,294,-1,289,295,287,-1,287,295,296,-1,287,296,294,-1,297,298,299,-1,297,299,300,-1,300,299,301,-1,301,299,131,-1,301,131,302,-1,302,131,303,-1,302,303,304,-1,303,305,306,-1,303,307,304,-1,304,307,308,-1,304,308,309,-1,309,308,310,-1,309,310,311,-1,306,312,303,-1,303,312,313,-1,303,313,307,-1,314,315,316,-1,314,316,317,-1,315,318,316,-1,316,318,319,-1,316,319,320,-1,320,319,321,-1,321,322,320,-1,320,322,323,-1,320,323,303,-1,303,323,324,-1,303,324,305,-1,325,317,326,-1,326,317,316,-1,326,316,327,-1,327,316,328,-1,329,330,331,-1,331,330,332,-1,331,332,125,-1,332,333,125,-1,125,333,334,-1,125,334,127,-1,127,334,335,-1,127,335,316,-1,316,335,336,-1,316,336,328,-1,337,338,339,-1,338,340,339,-1,339,340,341,-1,339,341,342,-1,343,344,345,-1,346,347,348,-1,348,347,349,-1,343,345,350,-1,351,352,353,-1,354,355,347,-1,347,355,356,-1,347,356,357,-1,290,358,291,-1,291,358,359,-1,291,359,353,-1,353,359,360,-1,353,360,351,-1,344,361,345,-1,345,361,362,-1,345,362,363,-1,364,365,366,-1,366,365,367,-1,366,367,368,-1,369,357,370,-1,370,357,371,-1,370,371,366,-1,366,371,372,-1,366,372,364,-1,369,373,357,-1,357,373,374,-1,357,374,347,-1,347,374,375,-1,347,375,349,-1,352,376,353,-1,353,376,377,-1,353,377,378,-1,379,380,381,-1,381,380,382,-1,381,382,345,-1,345,382,383,-1,345,383,350,-1,384,385,345,-1,345,385,386,-1,345,386,347,-1,347,386,387,-1,347,387,354,-1,388,389,337,-1,389,390,337,-1,337,390,391,-1,337,391,392,-1,392,393,337,-1,337,393,394,-1,337,394,395,-1,395,394,379,-1,395,379,396,-1,396,379,381,-1,363,397,345,-1,345,397,398,-1,345,398,399,-1,399,400,345,-1,345,400,401,-1,345,401,384,-1,402,403,404,-1,403,405,404,-1,404,405,406,-1,404,406,407,-1,356,404,357,-1,357,404,408,-1,357,408,409,-1,410,411,412,-1,412,411,413,-1,412,413,414,-1,410,412,356,-1,356,412,415,-1,356,415,404,-1,404,415,416,-1,404,416,402,-1,417,418,419,-1,419,418,420,-1,419,420,421,-1,407,406,422,-1,422,406,423,-1,422,423,424,-1,424,423,425,-1,424,425,426,-1,409,427,357,-1,357,427,419,-1,357,419,428,-1,428,419,421,-1,429,430,5,-1,5,430,431,-1,5,431,432,-1,433,434,435,-1,435,434,436,-1,437,438,435,-1,435,438,439,-1,436,440,435,-1,435,440,441,-1,435,441,437,-1,28,26,29,-1,29,26,435,-1,29,435,5,-1,5,435,439,-1,5,439,429,-1,442,443,433,-1,433,443,444,-1,433,444,434,-1,7,445,8,-1,8,445,446,-1,8,446,91,-1,91,446,447,-1,91,447,442,-1,442,447,448,-1,442,448,443,-1,449,450,451,-1,451,450,452,-1,451,452,453,-1,21,454,455,-1,455,454,456,-1,455,456,457,-1,5,4,21,-1,21,4,458,-1,21,458,459,-1,460,461,462,-1,462,461,463,-1,462,463,459,-1,459,463,464,-1,459,464,21,-1,21,464,453,-1,21,453,454,-1,454,453,452,-1,456,465,457,-1,457,465,466,-1,457,466,87,-1,87,466,3,-1,87,3,8,-1,8,3,5,-1,8,5,6,-1,6,5,432,-1,467,468,442,-1,442,468,469,-1,470,471,472,-1,472,471,473,-1,472,473,474,-1,474,473,475,-1,476,477,478,-1,478,477,479,-1,478,479,469,-1,469,479,480,-1,469,480,442,-1,480,474,442,-1,442,474,475,-1,442,475,91,-1,91,475,481,-1,91,481,98,-1,98,481,482,-1,98,482,37,-1,37,482,483,-1,37,483,32,-1,32,483,484,-1,32,484,467,-1,467,484,485,-1,467,485,468,-1,129,131,486,-1,486,131,299,-1,486,299,487,-1,487,299,488,-1,487,488,489,-1,489,488,490,-1,489,490,491,-1,491,490,492,-1,491,492,493,-1,493,492,494,-1,493,494,495,-1,495,494,496,-1,495,496,497,-1,497,496,498,-1,497,498,499,-1,499,498,500,-1,499,500,17,-1,17,500,501,-1,17,501,15,-1,15,501,502,-1,15,502,503,-1,504,505,490,-1,490,505,33,-1,490,33,492,-1,492,33,32,-1,492,32,494,-1,494,32,467,-1,494,467,496,-1,496,467,442,-1,496,442,498,-1,498,442,433,-1,498,433,500,-1,500,433,435,-1,500,435,501,-1,501,435,26,-1,501,26,502,-1,502,26,24,-1,298,285,299,-1,299,285,287,-1,299,287,488,-1,488,287,79,-1,488,79,490,-1,490,79,70,-1,490,70,504,-1,504,70,75,-1,506,507,287,-1,287,507,0,-1,287,0,79,-1,79,0,2,-1,79,2,78,-1,78,2,508,-1,78,508,291,-1,291,508,506,-1,291,506,287,-1,509,510,511,-1,512,513,455,-1,511,512,509,-1,509,512,455,-1,509,455,514,-1,514,455,515,-1,514,515,516,-1,516,515,23,-1,517,513,518,-1,518,513,519,-1,518,519,520,-1,520,519,521,-1,517,522,513,-1,513,522,523,-1,513,523,524,-1,525,21,526,-1,526,21,455,-1,526,455,527,-1,527,455,513,-1,527,513,528,-1,528,513,524,-1,25,22,23,-1,23,22,21,-1,23,21,516,-1,516,21,519,-1,529,530,519,-1,519,530,531,-1,519,531,521,-1,525,532,21,-1,21,532,533,-1,21,533,519,-1,519,533,534,-1,519,534,529,-1,535,536,537,-1,537,536,538,-1,537,538,539,-1,538,540,541,-1,541,540,542,-1,541,542,353,-1,353,542,291,-1,291,542,543,-1,291,543,78,-1,78,543,544,-1,78,544,545,-1,545,546,547,-1,547,539,545,-1,545,539,538,-1,545,538,78,-1,78,538,541,-1,78,541,40,-1,40,541,218,-1,40,218,230,-1,230,218,220,-1,86,120,87,-1,87,120,119,-1,87,119,457,-1,457,119,548,-1,457,548,455,-1,455,548,136,-1,455,136,515,-1,515,136,134,-1,282,227,283,-1,283,227,218,-1,283,218,549,-1,549,218,541,-1,549,541,339,-1,339,541,353,-1,339,353,337,-1,337,353,378,-1,337,378,388,-1,128,127,550,-1,550,127,316,-1,550,316,551,-1,551,316,320,-1,551,320,552,-1,552,320,303,-1,552,303,553,-1,553,303,131,-1,553,131,554,-1,554,131,132,-1,554,132,555,-1,342,329,339,-1,339,329,331,-1,339,331,549,-1,549,331,556,-1,549,556,283,-1,283,556,557,-1,283,557,279,-1,279,557,558,-1,279,558,103,-1,103,558,559,-1,103,559,111,-1,111,559,560,-1,111,560,119,-1,119,560,561,-1,119,561,548,-1,548,561,562,-1,548,562,136,-1,136,562,137,-1,136,137,162,-1,162,137,139,-1,563,564,565,-1,563,565,566,-1,567,568,569,-1,569,568,570,-1,569,570,565,-1,565,570,571,-1,565,571,566,-1,564,572,565,-1,565,572,573,-1,565,573,574,-1,575,576,577,-1,577,576,578,-1,577,578,574,-1,574,578,579,-1,574,579,565,-1,138,137,580,-1,580,137,562,-1,580,562,561,-1,561,560,580,-1,580,560,559,-1,580,559,581,-1,559,558,581,-1,581,558,557,-1,581,557,556,-1,556,331,581,-1,581,331,125,-1,581,125,124,-1,132,130,582,-1,582,130,583,-1,132,582,555,-1,555,582,584,-1,585,586,584,-1,584,586,587,-1,588,589,584,-1,584,589,590,-1,584,590,555,-1,587,591,584,-1,584,591,592,-1,584,592,588,-1,593,126,594,-1,594,126,128,-1,594,128,595,-1,596,597,598,-1,598,597,594,-1,598,594,599,-1,599,594,600,-1,595,601,594,-1,594,601,602,-1,594,602,600,-1,124,126,581,-1,581,126,593,-1,603,604,150,-1,150,604,148,-1,135,148,605,-1,605,148,604,-1,606,607,608,-1,608,607,609,-1,608,609,610,-1,135,605,133,-1,133,605,608,-1,133,608,611,-1,611,608,612,-1,610,613,608,-1,608,613,614,-1,608,614,612,-1,615,616,617,-1,617,616,618,-1,619,15,618,-1,618,15,503,-1,620,621,618,-1,618,621,622,-1,618,622,617,-1,503,623,618,-1,618,623,624,-1,618,624,620,-1,16,15,625,-1,625,15,619,-1,130,129,583,-1,583,129,486,-1,583,486,625,-1,625,486,487,-1,625,487,489,-1,625,495,497,-1,489,491,625,-1,625,491,493,-1,625,493,495,-1,497,499,625,-1,625,499,17,-1,625,17,16,-1,594,584,593,-1,593,584,582,-1,618,608,619,-1,619,608,605,-1,619,593,625,-1,625,593,582,-1,625,582,583,-1,593,626,581,-1,581,626,627,-1,581,627,580,-1,628,605,629,-1,629,605,604,-1,629,604,603,-1,630,631,619,-1,619,631,632,-1,619,632,593,-1,593,632,633,-1,593,633,626,-1,634,635,636,-1,636,635,637,-1,638,639,619,-1,619,639,640,-1,619,640,630,-1,628,641,605,-1,605,641,642,-1,605,642,643,-1,644,645,646,-1,637,647,636,-1,636,647,644,-1,636,644,648,-1,648,644,646,-1,643,649,605,-1,605,649,650,-1,605,650,651,-1,651,634,605,-1,605,634,636,-1,605,636,619,-1,619,636,652,-1,619,652,638,-1,653,654,655,-1,655,654,656,-1,607,657,654,-1,653,658,615,-1,617,609,615,-1,615,609,607,-1,615,607,653,-1,653,607,654,-1,616,659,655,-1,656,660,606,-1,608,618,606,-1,606,618,616,-1,606,616,656,-1,656,616,655,-1,655,659,653,-1,653,659,658,-1,658,659,615,-1,615,659,616,-1,660,657,606,-1,606,657,607,-1,660,656,657,-1,657,656,654,-1,503,502,623,-1,623,502,24,-1,623,24,23,-1,23,515,611,-1,611,515,134,-1,611,134,133,-1,23,611,623,-1,623,611,612,-1,623,612,624,-1,624,612,614,-1,624,614,620,-1,620,614,613,-1,620,613,621,-1,621,613,610,-1,621,610,622,-1,622,610,609,-1,622,609,617,-1,661,662,663,-1,663,662,664,-1,586,665,662,-1,661,666,596,-1,598,587,596,-1,596,587,586,-1,596,586,661,-1,661,586,662,-1,597,667,663,-1,664,668,585,-1,584,594,585,-1,585,594,597,-1,585,597,664,-1,664,597,663,-1,668,664,665,-1,665,664,662,-1,668,665,585,-1,585,665,586,-1,666,667,596,-1,596,667,597,-1,663,667,661,-1,661,667,666,-1,554,555,590,-1,587,598,599,-1,587,599,591,-1,591,599,600,-1,591,600,592,-1,592,600,602,-1,592,602,588,-1,588,602,601,-1,588,601,589,-1,589,601,595,-1,589,595,590,-1,595,128,550,-1,550,551,595,-1,595,551,552,-1,595,552,590,-1,590,552,553,-1,590,553,554,-1,669,670,565,-1,565,670,569,-1,669,565,579,-1,669,579,671,-1,671,579,578,-1,671,578,672,-1,672,578,576,-1,672,576,673,-1,673,576,575,-1,673,575,674,-1,674,575,577,-1,674,577,675,-1,675,577,574,-1,675,574,676,-1,676,574,573,-1,676,573,677,-1,677,573,572,-1,677,572,678,-1,678,572,564,-1,678,564,679,-1,679,564,563,-1,679,563,680,-1,680,563,566,-1,680,566,681,-1,681,566,571,-1,681,571,682,-1,683,682,570,-1,570,682,571,-1,646,683,568,-1,568,683,570,-1,670,645,569,-1,569,645,567,-1,646,645,683,-1,683,645,670,-1,683,670,682,-1,682,670,669,-1,682,669,681,-1,675,676,677,-1,681,669,680,-1,680,669,671,-1,680,671,679,-1,679,671,672,-1,679,672,673,-1,673,674,679,-1,679,674,675,-1,679,675,678,-1,678,675,677,-1,684,567,645,-1,154,685,645,-1,645,685,686,-1,686,687,645,-1,645,687,688,-1,645,688,684,-1,629,603,149,-1,149,603,150,-1,159,167,650,-1,650,167,651,-1,689,153,646,-1,690,646,691,-1,691,646,568,-1,690,692,646,-1,646,692,693,-1,646,693,689,-1,139,138,627,-1,627,138,580,-1,568,567,684,-1,568,684,691,-1,691,684,688,-1,691,688,690,-1,690,688,687,-1,690,687,692,-1,692,687,686,-1,692,686,693,-1,693,686,685,-1,693,685,689,-1,689,685,154,-1,689,154,153,-1,159,650,160,-1,160,650,649,-1,160,649,161,-1,161,649,643,-1,161,643,145,-1,145,643,642,-1,145,642,146,-1,146,642,641,-1,146,641,147,-1,147,641,628,-1,147,628,149,-1,149,628,629,-1,651,167,634,-1,634,167,166,-1,634,166,635,-1,635,166,165,-1,635,165,637,-1,637,165,158,-1,637,158,647,-1,647,158,157,-1,647,157,644,-1,644,157,156,-1,644,156,645,-1,645,156,154,-1,139,627,162,-1,162,627,626,-1,162,626,140,-1,140,626,633,-1,140,633,141,-1,141,633,632,-1,141,632,163,-1,163,632,631,-1,163,631,164,-1,164,631,630,-1,164,630,152,-1,152,630,640,-1,646,153,648,-1,648,153,155,-1,648,155,636,-1,636,155,142,-1,636,142,652,-1,652,142,143,-1,652,143,638,-1,638,143,144,-1,638,144,639,-1,639,144,151,-1,639,151,640,-1,640,151,152,-1,
        ]
    }
}
Shape{
    appearance Appearance {
        material  Material 	{
            diffuseColor 0.0 0.0 0.0
            specularColor 0.0 0.0 0.0
            ambientIntensity 0.0
            transparency 0.0
            shininess 0.5
        }
    }
    geometry IndexedFaceSet {
        ccw TRUE
        solid FALSE
        coord DEF co Coordinate {
            point [
                0.3284 1.1824 1.3819, 0.321 1.1872 1.3819, 0.3209 1.1771 1.3819, 0.3164 1.184 1.3819, 0.3128 1.1739 1.3819, 0.3105 1.1818 1.3819, 0.3006 1.1724 1.3819, 0.3006 1.1806 1.3819, 0.281 1.1724 1.3819, 0.2902 1.1806 1.3819, 0.281 1.2438 1.3819, 0.2902 1.2356 1.3819, 0.3014 1.2438 1.3819, 0.301 1.2356 1.3819, 0.3036 1.2355 1.3819, 0.3123 1.2426 1.3819, 0.3111 1.2343 1.3819, 0.3209 1.2395 1.3819, 0.3172 1.2319 1.3819, 0.3284 1.2344 1.3819, 0.3216 1.2289 1.3819, 0.3309 1.2319 1.3819, 0.3236 1.2269 1.3819, 0.3353 1.2257 1.3819, 0.3264 1.2229 1.3819, 0.3379 1.2189 1.3819, 0.3284 1.2177 1.3819, 0.3391 1.209 1.3819, 0.3294 1.2088 1.3819, 0.3389 1.2045 1.3819, 0.3291 1.2036 1.3819, 0.3372 1.1961 1.3819, 0.3276 1.1972 1.3819, 0.3337 1.1887 1.3819, 0.3251 1.192 1.3819, 0.3218 1.188 1.3819, 0.3284 1.1824 1.378, 0.3337 1.1887 1.378, 0.3372 1.1961 1.378, 0.3389 1.2045 1.378, 0.3391 1.209 1.378, 0.3379 1.2189 1.378, 0.3353 1.2257 1.378, 0.3309 1.2319 1.378, 0.3284 1.2344 1.378, 0.3209 1.2395 1.378, 0.3123 1.2426 1.378, 0.3014 1.2438 1.378, 0.281 1.2438 1.378, 0.281 1.1724 1.378, 0.3006 1.1724 1.378, 0.3128 1.1739 1.378, 0.3209 1.1771 1.378, 0.3216 1.2289 1.378, 0.3236 1.2269 1.378, 0.3264 1.2229 1.378, 0.3284 1.2177 1.378, 0.3294 1.2088 1.378, 0.301 1.2356 1.378, 0.3036 1.2355 1.378, 0.3111 1.2343 1.378, 0.3172 1.2319 1.378, 0.2902 1.2356 1.378, 0.2902 1.1806 1.378, 0.3006 1.1806 1.378, 0.3218 1.188 1.378, 0.321 1.1872 1.378, 0.3164 1.184 1.378, 0.3105 1.1818 1.378, 0.3291 1.2036 1.378, 0.3276 1.1972 1.378, 0.3251 1.192 1.378
            ]
        }
        coordIndex [
            0,1,2,-1,2,1,3,-1,2,3,4,-1,4,3,5,-1,4,5,6,-1,6,5,7,-1,6,7,8,-1,8,7,9,-1,8,9,10,-1,10,9,11,-1,10,11,12,-1,11,13,12,-1,12,13,14,-1,12,14,15,-1,15,14,16,-1,15,16,17,-1,17,16,18,-1,17,18,19,-1,19,18,20,-1,19,20,21,-1,21,20,22,-1,21,22,23,-1,23,22,24,-1,23,24,25,-1,25,24,26,-1,25,26,27,-1,27,26,28,-1,27,28,29,-1,29,28,30,-1,29,30,31,-1,31,30,32,-1,31,32,33,-1,33,32,34,-1,33,34,0,-1,0,34,35,-1,0,35,1,-1,0,36,37,-1,0,37,33,-1,33,37,38,-1,33,38,31,-1,31,38,39,-1,31,39,29,-1,29,39,40,-1,29,40,27,-1,27,40,41,-1,27,41,25,-1,25,41,42,-1,25,42,23,-1,23,42,43,-1,23,43,21,-1,21,43,44,-1,21,44,19,-1,19,44,45,-1,19,45,17,-1,17,45,46,-1,17,46,15,-1,15,46,47,-1,15,47,12,-1,10,12,48,-1,48,12,47,-1,8,10,49,-1,49,10,48,-1,6,8,50,-1,50,8,49,-1,6,50,51,-1,6,51,4,-1,4,51,52,-1,4,52,2,-1,2,52,36,-1,2,36,0,-1,20,53,54,-1,20,54,22,-1,22,54,55,-1,22,55,24,-1,24,55,56,-1,24,56,26,-1,26,56,57,-1,26,57,28,-1,13,58,59,-1,13,59,14,-1,14,59,60,-1,14,60,16,-1,16,60,61,-1,16,61,18,-1,18,61,53,-1,18,53,20,-1,13,11,58,-1,58,11,62,-1,11,9,62,-1,62,9,63,-1,9,7,63,-1,63,7,64,-1,35,65,66,-1,35,66,1,-1,1,66,67,-1,1,67,3,-1,3,67,68,-1,3,68,5,-1,5,68,64,-1,5,64,7,-1,28,57,69,-1,28,69,30,-1,30,69,70,-1,30,70,32,-1,32,70,71,-1,32,71,34,-1,34,71,65,-1,34,65,35,-1,
        ]
    }
}
Shape{
    appearance Appearance {
        material  Material 	{
            diffuseColor 0.6666666666666666 0.6666666666666666 0.6666666666666666
            specularColor 0.4666666666666667 0.4666666666666667 0.4666666666666667
            ambientIntensity 0.6667
            transparency 0.0
            shininess 0.5
        }
    }
    geometry IndexedFaceSet {
        ccw TRUE
        solid FALSE
        coord DEF co Coordinate {
            point [
                0.321 1.1872 1.378, 0.3218 1.188 1.378, 0.3036 1.2355 1.378, 0.3164 1.184 1.378, 0.2902 1.2356 1.378, 0.2902 1.1806 1.378, 0.301 1.2356 1.378, 0.3006 1.1806 1.378, 0.3105 1.1818 1.378, 0.3251 1.192 1.378, 0.3276 1.1972 1.378, 0.3291 1.2036 1.378, 0.3216 1.2289 1.378, 0.3294 1.2088 1.378, 0.3172 1.2319 1.378, 0.3111 1.2343 1.378, 0.3284 1.2177 1.378, 0.3264 1.2229 1.378, 0.3236 1.2269 1.378
            ]
        }
        coordIndex [
            0,1,2,-1,0,2,3,-1,4,5,6,-1,6,5,7,-1,6,7,2,-1,2,7,8,-1,2,8,3,-1,1,9,2,-1,2,9,10,-1,2,10,11,-1,12,11,13,-1,12,14,11,-1,11,14,15,-1,11,15,2,-1,16,17,13,-1,13,17,18,-1,13,18,12,-1,
        ]
    }
}
Shape{
    appearance Appearance {
        material  Material 	{
            diffuseColor 0.0 0.0 0.0
            specularColor 0.0 0.0 0.0
            ambientIntensity 0.0
            transparency 0.0
            shininess 0.5
        }
    }
    geometry IndexedFaceSet {
        ccw TRUE
        solid FALSE
        coord DEF co Coordinate {
            point [
                0.1963 1.185 1.3819, 0.1963 1.185 1.378, 0.1956 1.1826 1.378, 0.1956 1.1826 1.3819, 0.1952 1.1809 1.378, 0.1952 1.1809 1.3819, 0.195 1.1809 1.3819, 0.195 1.1809 1.378, 0.1939 1.1851 1.3819, 0.1939 1.1851 1.378, 0.1806 1.2234 1.378, 0.1806 1.2234 1.3819, 0.1849 1.211 1.378, 0.1706 1.2234 1.3819, 0.1706 1.2234 1.378, 0.1906 1.1725 1.378, 0.1906 1.1725 1.3819, 0.1849 1.187 1.378, 0.1866 1.1633 1.378, 0.1866 1.1633 1.3819, 0.1903 1.1718 1.378, 0.1849 1.1601 1.378, 0.1848 1.16 1.3819, 0.1848 1.16 1.378, 0.1832 1.1582 1.378, 0.1832 1.1582 1.3819, 0.1817 1.1571 1.378, 0.1817 1.1571 1.3819, 0.1798 1.1564 1.378, 0.1798 1.1564 1.3819, 0.1775 1.1561 1.378, 0.1775 1.1561 1.3819, 0.1742 1.1565 1.378, 0.1742 1.1565 1.3819, 0.1724 1.1571 1.378, 0.1724 1.1571 1.3819, 0.1724 1.1491 1.3819, 0.1724 1.1491 1.378, 0.1762 1.1485 1.378, 0.1762 1.1485 1.3819, 0.1782 1.1484 1.378, 0.1782 1.1484 1.3819, 0.1818 1.1488 1.378, 0.1818 1.1488 1.3819, 0.1849 1.15 1.378, 0.1853 1.1502 1.3819, 0.1853 1.1502 1.378, 0.1884 1.1524 1.378, 0.1884 1.1524 1.3819, 0.189 1.1529 1.378, 0.189 1.1529 1.3819, 0.1923 1.1568 1.378, 0.1923 1.1568 1.3819, 0.1964 1.1647 1.378, 0.1964 1.1647 1.3819, 0.2195 1.2234 1.378, 0.2195 1.2234 1.3819, 0.1992 1.1718 1.378, 0.2102 1.2234 1.3819, 0.2102 1.2234 1.378, 0.1453 1.1712 1.3819, 0.1453 1.1712 1.378, 0.1534 1.1722 1.3819, 0.1504 1.1718 1.378, 0.1534 1.1722 1.378, 0.1581 1.174 1.378, 0.1581 1.174 1.3819, 0.1602 1.1753 1.378, 0.1602 1.1753 1.3819, 0.1627 1.1775 1.378, 0.1627 1.1775 1.3819, 0.1644 1.1799 1.378, 0.1644 1.1799 1.3819, 0.1655 1.1827 1.378, 0.1655 1.1827 1.3819, 0.1659 1.1863 1.378, 0.1659 1.1863 1.3819, 0.1655 1.1896 1.378, 0.1655 1.1896 1.3819, 0.1646 1.1923 1.378, 0.1646 1.1923 1.3819, 0.1629 1.1947 1.378, 0.1629 1.1947 1.3819, 0.1608 1.1966 1.378, 0.1608 1.1966 1.3819, 0.1548 1.1999 1.378, 0.1548 1.1999 1.3819, 0.1514 1.2013 1.378, 0.1514 1.2013 1.3819, 0.1459 1.2037 1.378, 0.1459 1.2037 1.3819, 0.1427 1.2057 1.378, 0.1427 1.2057 1.3819, 0.1418 1.2067 1.378, 0.1418 1.2067 1.3819, 0.1412 1.2079 1.378, 0.1412 1.2079 1.3819, 0.1408 1.2093 1.378, 0.1408 1.2093 1.3819, 0.1407 1.2105 1.378, 0.1407 1.2105 1.3819, 0.1409 1.2119 1.378, 0.1409 1.2119 1.3819, 0.1414 1.2131 1.378, 0.1414 1.2131 1.3819, 0.1421 1.2142 1.378, 0.1421 1.2142 1.3819, 0.1435 1.2154 1.378, 0.1435 1.2154 1.3819, 0.1455 1.2165 1.378, 0.1455 1.2165 1.3819, 0.1479 1.2171 1.378, 0.1479 1.2171 1.3819, 0.1505 1.2173 1.378, 0.1505 1.2173 1.3819, 0.156 1.2167 1.378, 0.156 1.2167 1.3819, 0.1611 1.215 1.378, 0.1611 1.215 1.3819, 0.1635 1.2136 1.378, 0.1635 1.2136 1.3819, 0.1635 1.2223 1.3819, 0.1635 1.2223 1.378, 0.1577 1.224 1.378, 0.1577 1.224 1.3819, 0.1514 1.2246 1.378, 0.1514 1.2246 1.3819, 0.1443 1.2237 1.378, 0.1443 1.2237 1.3819, 0.1395 1.2219 1.378, 0.1395 1.2219 1.3819, 0.1373 1.2205 1.378, 0.1373 1.2205 1.3819, 0.1356 1.219 1.378, 0.1346 1.2181 1.3819, 0.1346 1.2181 1.378, 0.1329 1.2157 1.378, 0.1329 1.2157 1.3819, 0.1319 1.2128 1.378, 0.1319 1.2128 1.3819, 0.1315 1.2096 1.378, 0.1315 1.2096 1.3819, 0.1319 1.2062 1.378, 0.1319 1.2062 1.3819, 0.1329 1.2034 1.378, 0.1329 1.2034 1.3819, 0.1341 1.2016 1.378, 0.1341 1.2016 1.3819, 0.1451 1.1948 1.378, 0.1451 1.1948 1.3819, 0.1397 1.1973 1.3819, 0.1355 1.2001 1.378, 0.1355 1.2001 1.3819, 0.1356 1.2 1.378, 0.1397 1.1973 1.378, 0.1509 1.1924 1.378, 0.1509 1.1924 1.3819, 0.1544 1.1903 1.378, 0.1544 1.1903 1.3819, 0.1555 1.1891 1.378, 0.1555 1.1891 1.3819, 0.1562 1.1879 1.378, 0.1562 1.1879 1.3819, 0.1566 1.1865 1.378, 0.1566 1.1865 1.3819, 0.1567 1.1854 1.378, 0.1567 1.1854 1.3819, 0.1565 1.1837 1.378, 0.1565 1.1837 1.3819, 0.1561 1.1824 1.378, 0.1561 1.1824 1.3819, 0.1553 1.1813 1.378, 0.1553 1.1813 1.3819, 0.1543 1.1804 1.378, 0.1543 1.1804 1.3819, 0.1535 1.1799 1.378, 0.1535 1.1799 1.3819, 0.1512 1.179 1.378, 0.1512 1.179 1.3819, 0.1466 1.1785 1.378, 0.1466 1.1785 1.3819, 0.1462 1.1785 1.378, 0.1462 1.1785 1.3819, 0.1315 1.1834 1.378, 0.1315 1.1834 1.3819, 0.1353 1.1811 1.3819, 0.1409 1.1791 1.378, 0.1409 1.1791 1.3819, 0.1356 1.181 1.378, 0.1353 1.1811 1.378, 0.1315 1.1742 1.3819, 0.1315 1.1742 1.378, 0.1378 1.172 1.3819, 0.1356 1.1728 1.378, 0.1395 1.1718 1.378, 0.1378 1.172 1.378, 0.1104 1.1724 1.3819, 0.1194 1.1724 1.3819, 0.1104 1.1803 1.3819, 0.1194 1.2052 1.3819, 0.0926 1.195 1.3819, 0.0985 1.1964 1.3819, 0.1104 1.198 1.3819, 0.1104 1.1931 1.3819, 0.1102 1.1803 1.3819, 0.1055 1.1816 1.3819, 0.1083 1.1775 1.3819, 0.1029 1.1799 1.3819, 0.1104 1.1925 1.3819, 0.1098 1.1885 1.3819, 0.1085 1.1853 1.3819, 0.1066 1.1827 1.3819, 0.107 1.2239 1.3819, 0.1052 1.2163 1.3819, 0.1106 1.2227 1.3819, 0.1068 1.2152 1.3819, 0.0907 1.194 1.3819, 0.1104 1.2048 1.3819, 0.1101 1.2088 1.3819, 0.1185 1.2127 1.3819, 0.1092 1.212 1.3819, 0.117 1.2166 1.3819, 0.1081 1.2138 1.3819, 0.1151 1.2193 1.3819, 0.1135 1.2209 1.3819, 0.0834 1.2198 1.3819, 0.0834 1.2111 1.3819, 0.0852 1.2209 1.3819, 0.0895 1.215 1.3819, 0.0919 1.2235 1.3819, 0.0951 1.2168 1.3819, 0.1009 1.2246 1.3819, 0.1001 1.2173 1.3819, 0.1031 1.217 1.3819, 0.0893 1.1816 1.3819, 0.0828 1.1752 1.3819, 0.0901 1.1809 1.3819, 0.0858 1.1731 1.3819, 0.0918 1.1796 1.3819, 0.0892 1.1718 1.3819, 0.0939 1.1789 1.3819, 0.0946 1.1712 1.3819, 0.0969 1.1786 1.3819, 0.0994 1.1718 1.3819, 0.1002 1.1789 1.3819, 0.103 1.1732 1.3819, 0.1054 1.1747 1.3819, 0.0953 1.2027 1.3819, 0.088 1.2008 1.3819, 0.0898 1.1933 1.3819, 0.0844 1.1988 1.3819, 0.0888 1.1919 1.3819, 0.0817 1.1964 1.3819, 0.088 1.1903 1.3819, 0.0799 1.1935 1.3819, 0.0875 1.1882 1.3819, 0.0788 1.1902 1.3819, 0.0875 1.1868 1.3819, 0.0784 1.1861 1.3819, 0.0877 1.1848 1.3819, 0.0788 1.182 1.3819, 0.0883 1.1831 1.3819, 0.0799 1.179 1.3819, 0.0818 1.1762 1.3819, 0.1001 1.2173 1.378, 0.1031 1.217 1.378, 0.1052 1.2163 1.378, 0.1068 1.2152 1.378, 0.1081 1.2138 1.378, 0.1092 1.212 1.378, 0.1101 1.2088 1.378, 0.1104 1.2048 1.378, 0.0953 1.2027 1.378, 0.088 1.2008 1.378, 0.0844 1.1988 1.378, 0.0817 1.1964 1.378, 0.0799 1.1935 1.378, 0.0788 1.1902 1.378, 0.0784 1.1861 1.378, 0.0788 1.182 1.378, 0.0799 1.179 1.378, 0.0818 1.1762 1.378, 0.0828 1.1752 1.378, 0.0946 1.1712 1.378, 0.0894 1.1718 1.378, 0.0892 1.1718 1.378, 0.0858 1.1731 1.378, 0.0994 1.1718 1.378, 0.0995 1.1718 1.378, 0.103 1.1732 1.378, 0.1054 1.1747 1.378, 0.1083 1.1775 1.378, 0.1102 1.1803 1.378, 0.1104 1.1803 1.378, 0.1104 1.1724 1.378, 0.1194 1.1724 1.378, 0.1194 1.2052 1.378, 0.1185 1.2127 1.378, 0.117 1.2166 1.378, 0.1151 1.2193 1.378, 0.1135 1.2209 1.378, 0.1106 1.2227 1.378, 0.107 1.2239 1.378, 0.1009 1.2246 1.378, 0.0919 1.2235 1.378, 0.0852 1.2209 1.378, 0.0834 1.2198 1.378, 0.0834 1.2111 1.378, 0.0895 1.215 1.378, 0.0951 1.2168 1.378, 0.1066 1.1827 1.378, 0.1055 1.1816 1.378, 0.1029 1.1799 1.378, 0.1002 1.1789 1.378, 0.0969 1.1786 1.378, 0.1104 1.1931 1.378, 0.1104 1.1925 1.378, 0.1098 1.1885 1.378, 0.1085 1.1853 1.378, 0.1104 1.198 1.378, 0.0985 1.1964 1.378, 0.0898 1.1933 1.378, 0.0907 1.194 1.378, 0.0926 1.195 1.378, 0.0875 1.1868 1.378, 0.0875 1.1882 1.378, 0.088 1.1903 1.378, 0.0888 1.1919 1.378, 0.0901 1.1809 1.378, 0.0893 1.1816 1.378, 0.0883 1.1831 1.378, 0.0877 1.1848 1.378, 0.0939 1.1789 1.378, 0.0918 1.1796 1.378
            ]
        }
        coordIndex [
            0,1,2,-1,0,2,3,-1,3,2,4,-1,3,4,5,-1,6,5,7,-1,7,5,4,-1,8,6,9,-1,9,6,7,-1,10,11,12,-1,12,11,8,-1,12,8,9,-1,13,11,14,-1,14,11,10,-1,15,16,17,-1,17,16,13,-1,17,13,14,-1,18,19,20,-1,20,19,16,-1,20,16,15,-1,18,21,19,-1,19,21,22,-1,21,23,22,-1,22,23,24,-1,22,24,25,-1,25,24,26,-1,25,26,27,-1,27,26,28,-1,27,28,29,-1,29,28,30,-1,29,30,31,-1,31,30,32,-1,31,32,33,-1,33,32,34,-1,33,34,35,-1,36,35,37,-1,37,35,34,-1,36,37,38,-1,36,38,39,-1,39,38,40,-1,39,40,41,-1,41,40,42,-1,41,42,43,-1,43,42,44,-1,43,44,45,-1,44,46,45,-1,45,46,47,-1,45,47,48,-1,48,47,49,-1,48,49,50,-1,50,49,51,-1,50,51,52,-1,52,51,53,-1,52,53,54,-1,55,56,57,-1,57,56,54,-1,57,54,53,-1,58,56,59,-1,59,56,55,-1,0,58,1,-1,1,58,59,-1,3,5,54,-1,56,58,54,-1,54,58,0,-1,54,0,3,-1,11,13,8,-1,8,13,16,-1,8,16,6,-1,35,36,33,-1,33,36,39,-1,33,39,31,-1,31,39,41,-1,31,41,29,-1,29,41,43,-1,29,43,27,-1,27,43,45,-1,27,45,25,-1,5,6,54,-1,54,6,16,-1,54,16,52,-1,16,19,52,-1,52,19,22,-1,52,22,50,-1,50,22,25,-1,50,25,48,-1,48,25,45,-1,60,61,62,-1,62,61,63,-1,63,64,62,-1,62,64,65,-1,62,65,66,-1,66,65,67,-1,66,67,68,-1,68,67,69,-1,68,69,70,-1,70,69,71,-1,70,71,72,-1,72,71,73,-1,72,73,74,-1,74,73,75,-1,74,75,76,-1,76,75,77,-1,76,77,78,-1,78,77,79,-1,78,79,80,-1,80,79,81,-1,80,81,82,-1,82,81,83,-1,82,83,84,-1,84,83,85,-1,84,85,86,-1,86,85,87,-1,86,87,88,-1,88,87,89,-1,88,89,90,-1,90,89,91,-1,90,91,92,-1,92,91,93,-1,92,93,94,-1,94,93,95,-1,94,95,96,-1,96,95,97,-1,96,97,98,-1,98,97,99,-1,98,99,100,-1,100,99,101,-1,100,101,102,-1,102,101,103,-1,102,103,104,-1,104,103,105,-1,104,105,106,-1,106,105,107,-1,106,107,108,-1,108,107,109,-1,108,109,110,-1,110,109,111,-1,110,111,112,-1,112,111,113,-1,112,113,114,-1,114,113,115,-1,114,115,116,-1,116,115,117,-1,116,117,118,-1,118,117,119,-1,118,119,120,-1,121,120,122,-1,122,120,119,-1,121,122,123,-1,121,123,124,-1,124,123,125,-1,124,125,126,-1,126,125,127,-1,126,127,128,-1,128,127,129,-1,128,129,130,-1,130,129,131,-1,130,131,132,-1,131,133,132,-1,132,133,134,-1,133,135,134,-1,134,135,136,-1,134,136,137,-1,137,136,138,-1,137,138,139,-1,139,138,140,-1,139,140,141,-1,141,140,142,-1,141,142,143,-1,143,142,144,-1,143,144,145,-1,145,144,146,-1,145,146,147,-1,148,149,150,-1,147,146,151,-1,147,151,152,-1,152,151,153,-1,152,153,150,-1,150,153,154,-1,150,154,148,-1,149,148,155,-1,149,155,156,-1,156,155,157,-1,156,157,158,-1,158,157,159,-1,158,159,160,-1,160,159,161,-1,160,161,162,-1,162,161,163,-1,162,163,164,-1,164,163,165,-1,164,165,166,-1,166,165,167,-1,166,167,168,-1,168,167,169,-1,168,169,170,-1,170,169,171,-1,170,171,172,-1,172,171,173,-1,172,173,174,-1,174,173,175,-1,174,175,176,-1,176,175,177,-1,176,177,178,-1,178,177,179,-1,178,179,180,-1,180,179,181,-1,180,181,182,-1,183,184,185,-1,182,181,186,-1,182,186,187,-1,187,186,188,-1,187,188,185,-1,185,188,189,-1,185,189,183,-1,190,184,191,-1,191,184,183,-1,190,191,192,-1,192,191,193,-1,61,60,194,-1,194,60,192,-1,194,192,195,-1,195,192,193,-1,106,108,130,-1,130,108,128,-1,156,88,149,-1,149,88,90,-1,66,68,172,-1,172,68,70,-1,172,70,170,-1,170,70,72,-1,170,72,168,-1,168,72,74,-1,168,74,166,-1,166,74,76,-1,166,76,164,-1,164,76,78,-1,164,78,162,-1,162,78,80,-1,162,80,160,-1,160,80,82,-1,160,82,158,-1,158,82,84,-1,158,84,156,-1,156,84,86,-1,156,86,88,-1,60,182,192,-1,192,182,187,-1,192,187,190,-1,190,187,185,-1,190,185,184,-1,108,110,128,-1,128,110,112,-1,128,112,126,-1,126,112,114,-1,126,114,124,-1,124,114,116,-1,124,116,121,-1,121,116,118,-1,121,118,120,-1,172,174,66,-1,66,174,176,-1,66,176,62,-1,62,176,178,-1,62,178,60,-1,60,178,180,-1,60,180,182,-1,130,132,106,-1,106,132,134,-1,106,134,104,-1,104,134,137,-1,104,137,102,-1,102,137,139,-1,102,139,100,-1,100,139,141,-1,100,141,98,-1,98,141,143,-1,98,143,96,-1,96,143,145,-1,96,145,94,-1,94,145,147,-1,94,147,92,-1,92,147,152,-1,92,152,90,-1,90,152,150,-1,90,150,149,-1,196,197,198,-1,198,197,199,-1,200,201,199,-1,199,201,202,-1,199,202,203,-1,204,205,206,-1,206,205,207,-1,203,208,199,-1,199,208,209,-1,199,209,198,-1,198,209,210,-1,198,210,204,-1,204,210,211,-1,204,211,205,-1,212,213,214,-1,214,213,215,-1,216,200,217,-1,217,200,199,-1,217,199,218,-1,218,199,219,-1,218,219,220,-1,220,219,221,-1,220,221,222,-1,222,221,223,-1,222,223,215,-1,215,223,224,-1,215,224,214,-1,225,226,227,-1,227,226,228,-1,227,228,229,-1,229,228,230,-1,229,230,231,-1,231,230,232,-1,231,232,212,-1,212,232,233,-1,212,233,213,-1,234,235,236,-1,236,235,237,-1,236,237,238,-1,238,237,239,-1,238,239,240,-1,240,239,241,-1,240,241,242,-1,242,241,243,-1,242,243,244,-1,244,243,245,-1,244,245,207,-1,207,245,246,-1,207,246,206,-1,217,247,216,-1,216,247,248,-1,216,248,249,-1,249,248,250,-1,249,250,251,-1,251,250,252,-1,251,252,253,-1,253,252,254,-1,253,254,255,-1,255,254,256,-1,255,256,257,-1,257,256,258,-1,257,258,259,-1,259,258,260,-1,259,260,261,-1,261,260,262,-1,261,262,234,-1,234,262,263,-1,234,263,235,-1,232,264,265,-1,232,265,233,-1,233,265,266,-1,233,266,213,-1,213,266,267,-1,213,267,215,-1,215,267,268,-1,215,268,222,-1,222,268,269,-1,222,269,220,-1,220,269,270,-1,220,270,218,-1,218,270,271,-1,218,271,217,-1,247,217,272,-1,272,217,271,-1,247,272,273,-1,247,273,248,-1,248,273,274,-1,248,274,250,-1,250,274,275,-1,250,275,252,-1,252,275,276,-1,252,276,254,-1,254,276,277,-1,254,277,256,-1,256,277,278,-1,256,278,258,-1,258,278,279,-1,258,279,260,-1,260,279,280,-1,260,280,262,-1,262,280,281,-1,262,281,263,-1,263,281,282,-1,263,282,235,-1,283,241,284,-1,284,241,239,-1,284,239,285,-1,285,239,237,-1,285,237,286,-1,286,237,235,-1,286,235,282,-1,241,283,287,-1,241,287,243,-1,243,287,288,-1,243,288,245,-1,288,289,245,-1,245,289,290,-1,245,290,246,-1,246,290,291,-1,246,291,206,-1,206,291,292,-1,206,292,204,-1,198,204,293,-1,293,204,292,-1,196,198,294,-1,294,198,293,-1,197,196,295,-1,295,196,294,-1,199,197,296,-1,296,197,295,-1,199,296,297,-1,199,297,219,-1,219,297,298,-1,219,298,221,-1,221,298,299,-1,221,299,223,-1,223,299,300,-1,223,300,224,-1,224,300,301,-1,224,301,214,-1,214,301,302,-1,214,302,212,-1,212,302,303,-1,212,303,231,-1,231,303,304,-1,231,304,229,-1,229,304,305,-1,229,305,227,-1,227,305,306,-1,227,306,225,-1,226,225,307,-1,307,225,306,-1,226,307,308,-1,226,308,228,-1,228,308,309,-1,228,309,230,-1,230,309,264,-1,230,264,232,-1,211,310,311,-1,211,311,205,-1,205,311,312,-1,205,312,207,-1,207,312,313,-1,207,313,244,-1,244,313,314,-1,244,314,242,-1,203,315,316,-1,203,316,208,-1,208,316,317,-1,208,317,209,-1,209,317,318,-1,209,318,210,-1,210,318,310,-1,210,310,211,-1,203,202,315,-1,315,202,319,-1,202,201,319,-1,319,201,320,-1,249,321,322,-1,249,322,216,-1,216,322,323,-1,216,323,200,-1,200,323,320,-1,200,320,201,-1,257,324,325,-1,257,325,255,-1,255,325,326,-1,255,326,253,-1,253,326,327,-1,253,327,251,-1,251,327,321,-1,251,321,249,-1,236,328,329,-1,236,329,234,-1,234,329,330,-1,234,330,261,-1,261,330,331,-1,261,331,259,-1,259,331,324,-1,259,324,257,-1,242,314,332,-1,242,332,240,-1,240,332,333,-1,240,333,238,-1,238,333,328,-1,238,328,236,-1,
        ]
    }
}
Shape{
    appearance Appearance {
        material  Material 	{
            diffuseColor 0.6666666666666666 0.6666666666666666 0.6666666666666666
            specularColor 0.4666666666666667 0.4666666666666667 0.4666666666666667
            ambientIntensity 0.6667
            transparency 0.0
            shininess 0.5
        }
    }
    geometry IndexedFaceSet {
        ccw TRUE
        solid FALSE
        coord DEF co Coordinate {
            point [
                0.1104 1.1925 1.378, 0.1104 1.1931 1.378, 0.0898 1.1933 1.378, 0.1104 1.198 1.378, 0.0985 1.1964 1.378, 0.0926 1.195 1.378, 0.0907 1.194 1.378, 0.1098 1.1885 1.378, 0.0888 1.1919 1.378, 0.1085 1.1853 1.378, 0.0893 1.1816 1.378, 0.0901 1.1809 1.378, 0.1055 1.1816 1.378, 0.0883 1.1831 1.378, 0.1029 1.1799 1.378, 0.1002 1.1789 1.378, 0.0969 1.1786 1.378, 0.088 1.1903 1.378, 0.0875 1.1882 1.378, 0.1066 1.1827 1.378, 0.0875 1.1868 1.378, 0.0877 1.1848 1.378, 0.0918 1.1796 1.378, 0.0939 1.1789 1.378
            ]
        }
        coordIndex [
            0,1,2,-1,1,3,4,-1,4,5,1,-1,1,5,6,-1,1,6,2,-1,0,2,7,-1,7,2,8,-1,7,8,9,-1,10,11,12,-1,10,12,13,-1,14,12,15,-1,15,12,16,-1,8,17,9,-1,9,17,18,-1,9,18,19,-1,19,18,20,-1,19,20,12,-1,12,20,21,-1,12,21,13,-1,11,22,12,-1,12,22,23,-1,12,23,16,-1,
        ]
    }
}
Shape{
    appearance Appearance {
        material  Material 	{
            diffuseColor 0.0 0.0 0.0
            specularColor 0.0 0.0 0.0
            ambientIntensity 0.0
            transparency 0.0
            shininess 0.5
        }
    }
    geometry IndexedFaceSet {
        ccw TRUE
        solid FALSE
        coord DEF co Coordinate {
            point [
                -0.2838 1.1623 1.3819, -0.2763 1.153 1.3819, -0.2884 1.2072 1.3819, -0.2972 1.2954 1.3819, -0.2859 1.3014 1.3819, -0.2881 1.3327 1.3819, -0.2569 1.3341 1.3819, -0.2412 1.297 1.3819, -0.2334 1.3131 1.3819, -0.1899 1.1894 1.3819, -0.1899 1.1945 1.3819, -0.2328 1.2068 1.3819, -0.2375 1.2084 1.3819, -0.2994 1.214 1.3819, -0.296 1.1754 1.3819, -0.2889 1.1732 1.3819, -0.2686 1.3351 1.3819, -0.2252 1.2007 1.3819, -0.2229 1.1965 1.3819, -0.1902 1.1842 1.3819, -0.1189 1.2321 1.3819, -0.1346 1.259 1.3819, -0.2026 1.2234 1.3819, -0.2412 1.2087 1.3819, -0.2542 1.1741 1.3819, -0.2502 1.1713 1.3819, -0.2663 1.1455 1.3819, -0.2455 1.1696 1.3819, -0.2458 1.2082 1.3819, -0.2528 1.2392 1.3819, -0.2503 1.2065 1.3819, -0.264 1.2349 1.3819, -0.2543 1.2038 1.3819, -0.2744 1.2277 1.3819, -0.2572 1.2005 1.3819, -0.2828 1.2181 1.3819, -0.2596 1.1961 1.3819, -0.2608 1.1913 1.3819, -0.2222 1.2373 1.3819, -0.2345 1.2403 1.3819, -0.2407 1.2407 1.3819, -0.2286 1.2042 1.3819, -0.1021 1.2823 1.3819, -0.0981 1.2823 1.3819, -0.0773 1.3097 1.3819, -0.0884 1.2811 1.3819, -0.0747 1.3089 1.3819, -0.0796 1.2777 1.3819, -0.0596 1.3014 1.3819, -0.0459 1.2897 1.3819, -0.2465 1.3462 1.3819, -0.2221 1.3267 1.3819, -0.2346 1.3564 1.3819, -0.2084 1.3366 1.3819, -0.2192 1.3656 1.3819, -0.2733 1.3044 1.3819, -0.2681 1.3046 1.3819, -0.2627 1.3348 1.3819, -0.2562 1.3032 1.3819, -0.2448 1.299 1.3819, -0.2115 1.2315 1.3819, -0.0458 1.195 1.3819, -0.0695 1.2151 1.3819, -0.0596 1.1833 1.3819, -0.077 1.209 1.3819, -0.0751 1.1757 1.3819, -0.0859 1.2049 1.3819, -0.092 1.1722 1.3819, -0.095 1.2031 1.3819, -0.1219 1.1722 1.3819, -0.1179 1.2031 1.3819, -0.1248 1.1726 1.3819, -0.2575 1.1777 1.3819, -0.2597 1.1819 1.3819, -0.2608 1.1866 1.3819, -0.0717 1.2722 1.3819, -0.0658 1.2657 1.3819, -0.0355 1.2753 1.3819, -0.0611 1.2569 1.3819, -0.0293 1.2598 1.3819, -0.0587 1.2471 1.3819, -0.027 1.2432 1.3819, -0.0585 1.2427 1.3819, -0.0293 1.2251 1.3819, -0.0597 1.2328 1.3819, -0.0357 1.209 1.3819, -0.0632 1.2238 1.3819, -0.0688 1.2159 1.3819, -0.1047 1.3498 1.3819, -0.1245 1.3264 1.3819, -0.0866 1.3284 1.3819, -0.113 1.3128 1.3819, -0.1052 1.2964 1.3819, -0.3173 1.2662 1.3819, -0.3506 1.2581 1.3819, -0.3188 1.2539 1.3819, -0.3508 1.2529 1.3819, -0.3182 1.2461 1.3819, -0.3485 1.2335 1.3819, -0.3146 1.2337 1.3819, -0.3413 1.2145 1.3819, -0.3085 1.2233 1.3819, -0.3295 1.1976 1.3819, -0.3143 1.1845 1.3819, -0.1956 1.3739 1.3819, -0.1918 1.3433 1.3819, -0.1737 1.3762 1.3819, -0.1732 1.3457 1.3819, -0.1486 1.373 1.3819, -0.156 1.3436 1.3819, -0.1235 1.363 1.3819, -0.1401 1.3375 1.3819, -0.1258 1.3276 1.3819, -0.3069 1.3256 1.3819, -0.3231 1.3143 1.3819, -0.3059 1.2876 1.3819, -0.3269 1.3107 1.3819, -0.313 1.2775 1.3819, -0.339 1.2954 1.3819, -0.3471 1.2772 1.3819, -0.2216 1.1919 1.3819, -0.2215 1.187 1.3819, -0.1932 1.1717 1.3819, -0.2226 1.1821 1.3819, -0.1991 1.1603 1.3819, -0.2249 1.1777 1.3819, -0.207 1.1516 1.3819, -0.2282 1.174 1.3819, -0.2171 1.1445 1.3819, -0.2321 1.1713 1.3819, -0.2284 1.1402 1.3819, -0.2365 1.1697 1.3819, -0.2407 1.1387 1.3819, -0.2412 1.1691 1.3819, -0.2426 1.1387 1.3819, -0.2546 1.1406 1.3819, -0.1204 1.2036 1.3819, -0.1326 1.1775 1.3819, -0.1314 1.1763 1.3819, -0.1189 1.2033 1.3819, -0.1281 1.174 1.3819, -0.1366 1.1879 1.3819, -0.1361 1.1841 1.3819, -0.1348 1.1807 1.3819, -0.1248 1.2031 1.3819, -0.1283 1.2018 1.3819, -0.1365 1.1899 1.3819, -0.1314 1.1996 1.3819, -0.1335 1.1972 1.3819, -0.1355 1.1938 1.3819, -0.1209 1.2036 1.3819, -0.027 1.2432 1.378, -0.0293 1.2598 1.378, -0.0311 1.2641 1.378, -0.0355 1.2753 1.378, -0.0459 1.2897 1.378, -0.0596 1.3014 1.378, -0.0747 1.3089 1.378, -0.0773 1.3097 1.378, -0.0866 1.3284 1.378, -0.1047 1.3498 1.378, -0.1158 1.3576 1.378, -0.1235 1.363 1.378, -0.1486 1.373 1.378, -0.1737 1.3762 1.378, -0.1956 1.3739 1.378, -0.2192 1.3656 1.378, -0.2325 1.3576 1.378, -0.2346 1.3564 1.378, -0.2465 1.3462 1.378, -0.2569 1.3341 1.378, -0.2627 1.3348 1.378, -0.2686 1.3351 1.378, -0.2881 1.3327 1.378, -0.3069 1.3256 1.378, -0.3231 1.3143 1.378, -0.3269 1.3107 1.378, -0.3471 1.2772 1.378, -0.339 1.2954 1.378, -0.3495 1.2641 1.378, -0.3506 1.2581 1.378, -0.3508 1.2529 1.378, -0.3485 1.2335 1.378, -0.3413 1.2145 1.378, -0.3295 1.1976 1.378, -0.3143 1.1845 1.378, -0.296 1.1754 1.378, -0.2889 1.1732 1.378, -0.2882 1.1718 1.378, -0.2838 1.1623 1.378, -0.2763 1.153 1.378, -0.2663 1.1455 1.378, -0.2617 1.1435 1.378, -0.2546 1.1406 1.378, -0.2426 1.1387 1.378, -0.2407 1.1387 1.378, -0.1899 1.1894 1.378, -0.2284 1.1402 1.378, -0.2197 1.1435 1.378, -0.2171 1.1445 1.378, -0.207 1.1516 1.378, -0.1991 1.1603 1.378, -0.1932 1.1717 1.378, -0.1931 1.1718 1.378, -0.1902 1.1842 1.378, -0.1899 1.1945 1.378, -0.1189 1.2321 1.378, -0.1346 1.259 1.378, -0.2026 1.2234 1.378, -0.2115 1.2315 1.378, -0.2222 1.2373 1.378, -0.2345 1.2403 1.378, -0.2407 1.2407 1.378, -0.2528 1.2392 1.378, -0.264 1.2349 1.378, -0.2744 1.2277 1.378, -0.2828 1.2181 1.378, -0.2884 1.2072 1.378, -0.2994 1.214 1.378, -0.3085 1.2233 1.378, -0.3146 1.2337 1.378, -0.3182 1.2461 1.378, -0.3188 1.2539 1.378, -0.3176 1.2641 1.378, -0.3173 1.2662 1.378, -0.313 1.2775 1.378, -0.3059 1.2876 1.378, -0.2972 1.2954 1.378, -0.2859 1.3014 1.378, -0.2733 1.3044 1.378, -0.2681 1.3046 1.378, -0.2562 1.3032 1.378, -0.2448 1.299 1.378, -0.2412 1.297 1.378, -0.2334 1.3131 1.378, -0.2221 1.3267 1.378, -0.2084 1.3366 1.378, -0.1918 1.3433 1.378, -0.1732 1.3457 1.378, -0.156 1.3436 1.378, -0.1401 1.3375 1.378, -0.1258 1.3276 1.378, -0.1245 1.3264 1.378, -0.113 1.3128 1.378, -0.1052 1.2964 1.378, -0.1021 1.2823 1.378, -0.0981 1.2823 1.378, -0.0884 1.2811 1.378, -0.0796 1.2777 1.378, -0.0717 1.2722 1.378, -0.0658 1.2657 1.378, -0.065 1.2641 1.378, -0.0611 1.2569 1.378, -0.0587 1.2471 1.378, -0.0585 1.2427 1.378, -0.0597 1.2328 1.378, -0.0632 1.2238 1.378, -0.0688 1.2159 1.378, -0.0695 1.2151 1.378, -0.077 1.209 1.378, -0.0859 1.2049 1.378, -0.095 1.2031 1.378, -0.1179 1.2031 1.378, -0.1189 1.2033 1.378, -0.1204 1.2036 1.378, -0.1209 1.2036 1.378, -0.1248 1.2031 1.378, -0.1283 1.2018 1.378, -0.1314 1.1996 1.378, -0.1335 1.1972 1.378, -0.1355 1.1938 1.378, -0.1365 1.1899 1.378, -0.1366 1.1879 1.378, -0.1361 1.1841 1.378, -0.1348 1.1807 1.378, -0.1326 1.1775 1.378, -0.1314 1.1763 1.378, -0.1281 1.174 1.378, -0.1248 1.1726 1.378, -0.1219 1.1722 1.378, -0.092 1.1722 1.378, -0.0751 1.1757 1.378, -0.0596 1.1833 1.378, -0.0458 1.195 1.378, -0.0357 1.209 1.378, -0.0293 1.2251 1.378, -0.2412 1.2087 1.378, -0.2375 1.2084 1.378, -0.2328 1.2068 1.378, -0.2286 1.2042 1.378, -0.2252 1.2007 1.378, -0.2229 1.1965 1.378, -0.2216 1.1919 1.378, -0.2215 1.187 1.378, -0.2226 1.1821 1.378, -0.2249 1.1777 1.378, -0.2282 1.174 1.378, -0.2321 1.1713 1.378, -0.2365 1.1697 1.378, -0.2412 1.1691 1.378, -0.2455 1.1696 1.378, -0.2502 1.1713 1.378, -0.2542 1.1741 1.378, -0.2575 1.1777 1.378, -0.2597 1.1819 1.378, -0.2608 1.1866 1.378, -0.2608 1.1913 1.378, -0.2596 1.1961 1.378, -0.2572 1.2005 1.378, -0.2543 1.2038 1.378, -0.2503 1.2065 1.378, -0.2458 1.2082 1.378
            ]
        }
        coordIndex [
            0,1,2,-1,3,4,5,-1,6,7,8,-1,9,10,11,-1,11,10,12,-1,13,14,2,-1,2,14,15,-1,2,15,0,-1,5,4,16,-1,17,18,19,-1,20,21,10,-1,10,21,22,-1,10,22,12,-1,12,22,23,-1,24,1,25,-1,25,1,26,-1,25,26,27,-1,28,29,30,-1,30,29,31,-1,30,31,32,-1,32,31,33,-1,32,33,34,-1,34,33,35,-1,34,35,36,-1,36,35,2,-1,36,2,37,-1,38,39,28,-1,28,39,40,-1,28,40,29,-1,9,11,19,-1,19,11,41,-1,19,41,17,-1,42,43,44,-1,44,43,45,-1,44,45,46,-1,46,45,47,-1,46,47,48,-1,48,47,49,-1,6,8,50,-1,50,8,51,-1,50,51,52,-1,52,51,53,-1,52,53,54,-1,4,55,16,-1,16,55,56,-1,16,56,57,-1,57,56,58,-1,57,58,6,-1,6,58,59,-1,6,59,7,-1,23,22,28,-1,28,22,60,-1,28,60,38,-1,61,62,63,-1,63,62,64,-1,63,64,65,-1,65,64,66,-1,65,66,67,-1,67,66,68,-1,67,68,69,-1,69,68,70,-1,69,70,71,-1,24,72,1,-1,1,72,73,-1,1,73,2,-1,2,73,74,-1,2,74,37,-1,47,75,49,-1,49,75,76,-1,49,76,77,-1,77,76,78,-1,77,78,79,-1,79,78,80,-1,79,80,81,-1,81,80,82,-1,81,82,83,-1,83,82,84,-1,83,84,85,-1,85,84,86,-1,85,86,61,-1,61,86,87,-1,61,87,62,-1,88,89,90,-1,90,89,91,-1,90,91,44,-1,44,91,92,-1,44,92,42,-1,93,94,95,-1,95,94,96,-1,95,96,97,-1,97,96,98,-1,97,98,99,-1,99,98,100,-1,99,100,101,-1,101,100,102,-1,101,102,13,-1,13,102,103,-1,13,103,14,-1,54,53,104,-1,104,53,105,-1,104,105,106,-1,106,105,107,-1,106,107,108,-1,108,107,109,-1,108,109,110,-1,110,109,111,-1,110,111,88,-1,88,111,112,-1,88,112,89,-1,5,113,3,-1,3,113,114,-1,3,114,115,-1,115,114,116,-1,115,116,117,-1,117,116,118,-1,117,118,93,-1,93,118,119,-1,93,119,94,-1,18,120,19,-1,19,120,121,-1,19,121,122,-1,122,121,123,-1,122,123,124,-1,124,123,125,-1,124,125,126,-1,126,125,127,-1,126,127,128,-1,128,127,129,-1,128,129,130,-1,130,129,131,-1,130,131,132,-1,132,131,133,-1,132,133,134,-1,134,133,27,-1,134,27,135,-1,135,27,26,-1,136,137,138,-1,70,139,71,-1,71,139,136,-1,71,136,140,-1,140,136,138,-1,141,142,136,-1,136,142,143,-1,136,143,137,-1,144,145,146,-1,145,147,146,-1,146,147,148,-1,146,148,149,-1,141,136,146,-1,146,136,150,-1,146,150,144,-1,81,151,152,-1,81,152,79,-1,79,152,153,-1,79,153,77,-1,153,154,77,-1,77,154,155,-1,77,155,49,-1,49,155,156,-1,49,156,48,-1,48,156,157,-1,48,157,46,-1,46,157,158,-1,46,158,44,-1,44,158,159,-1,44,159,90,-1,90,159,160,-1,90,160,88,-1,88,160,110,-1,110,160,161,-1,161,162,110,-1,110,162,163,-1,110,163,108,-1,108,163,164,-1,108,164,106,-1,106,164,165,-1,106,165,104,-1,104,165,166,-1,104,166,54,-1,54,166,52,-1,52,166,167,-1,52,167,168,-1,52,168,169,-1,52,169,50,-1,50,169,170,-1,50,170,6,-1,6,170,171,-1,6,171,57,-1,57,171,172,-1,57,172,16,-1,16,172,173,-1,16,173,5,-1,5,173,174,-1,5,174,113,-1,113,174,175,-1,113,175,114,-1,114,175,176,-1,114,176,116,-1,177,118,178,-1,178,118,116,-1,178,116,176,-1,179,94,177,-1,177,94,119,-1,177,119,118,-1,179,180,94,-1,94,180,181,-1,94,181,96,-1,96,181,182,-1,96,182,98,-1,98,182,183,-1,98,183,100,-1,100,183,184,-1,100,184,102,-1,102,184,185,-1,102,185,103,-1,103,185,186,-1,103,186,14,-1,14,186,187,-1,14,187,15,-1,15,187,188,-1,15,188,0,-1,188,189,0,-1,0,189,190,-1,0,190,1,-1,1,190,191,-1,1,191,26,-1,26,191,192,-1,26,192,135,-1,192,193,135,-1,135,193,194,-1,135,194,134,-1,134,194,195,-1,134,195,132,-1,196,9,19,-1,132,195,197,-1,198,128,197,-1,197,128,130,-1,197,130,132,-1,198,199,128,-1,128,199,200,-1,128,200,126,-1,126,200,201,-1,126,201,124,-1,124,201,202,-1,124,202,122,-1,122,202,203,-1,122,203,19,-1,19,203,204,-1,19,204,196,-1,10,9,205,-1,205,9,196,-1,20,10,206,-1,206,10,205,-1,21,20,207,-1,207,20,206,-1,22,21,208,-1,208,21,207,-1,22,208,209,-1,22,209,60,-1,60,209,210,-1,60,210,38,-1,38,210,211,-1,38,211,39,-1,39,211,212,-1,39,212,40,-1,40,212,213,-1,40,213,29,-1,29,213,214,-1,29,214,31,-1,31,214,215,-1,31,215,33,-1,33,215,216,-1,33,216,35,-1,35,216,217,-1,35,217,2,-1,2,217,218,-1,2,218,13,-1,13,218,219,-1,13,219,101,-1,101,219,220,-1,101,220,99,-1,99,220,221,-1,99,221,97,-1,97,221,222,-1,97,222,95,-1,222,223,95,-1,95,223,93,-1,223,224,93,-1,93,224,225,-1,93,225,117,-1,117,225,226,-1,117,226,115,-1,115,226,227,-1,115,227,3,-1,3,227,228,-1,3,228,4,-1,4,228,229,-1,4,229,55,-1,55,229,230,-1,55,230,56,-1,56,230,231,-1,56,231,58,-1,58,231,232,-1,58,232,59,-1,59,232,233,-1,59,233,7,-1,7,233,234,-1,7,234,8,-1,8,234,235,-1,8,235,51,-1,51,235,236,-1,51,236,53,-1,53,236,237,-1,53,237,105,-1,105,237,238,-1,105,238,107,-1,107,238,239,-1,107,239,109,-1,109,239,240,-1,109,240,111,-1,111,240,241,-1,111,241,112,-1,112,241,242,-1,112,242,89,-1,89,242,243,-1,89,243,91,-1,91,243,244,-1,91,244,92,-1,92,244,245,-1,92,245,42,-1,43,42,246,-1,246,42,245,-1,43,246,247,-1,43,247,45,-1,45,247,248,-1,45,248,47,-1,47,248,249,-1,47,249,75,-1,75,249,250,-1,75,250,76,-1,76,250,251,-1,76,251,78,-1,251,252,78,-1,78,252,253,-1,78,253,80,-1,80,253,254,-1,80,254,82,-1,82,254,255,-1,82,255,84,-1,84,255,256,-1,84,256,86,-1,86,256,257,-1,86,257,87,-1,87,257,258,-1,87,258,62,-1,62,258,259,-1,62,259,64,-1,64,259,260,-1,64,260,66,-1,66,260,261,-1,66,261,68,-1,70,68,262,-1,262,68,261,-1,70,262,263,-1,70,263,139,-1,139,263,264,-1,139,264,136,-1,136,264,265,-1,136,265,150,-1,150,265,266,-1,150,266,144,-1,144,266,267,-1,144,267,145,-1,145,267,268,-1,145,268,147,-1,147,268,269,-1,147,269,148,-1,148,269,270,-1,148,270,149,-1,149,270,271,-1,149,271,146,-1,146,271,272,-1,146,272,141,-1,141,272,273,-1,141,273,142,-1,142,273,274,-1,142,274,143,-1,143,274,275,-1,143,275,137,-1,137,275,276,-1,137,276,138,-1,138,276,277,-1,138,277,140,-1,140,277,278,-1,140,278,71,-1,71,278,279,-1,71,279,69,-1,67,69,280,-1,280,69,279,-1,67,280,281,-1,67,281,65,-1,65,281,282,-1,65,282,63,-1,63,282,283,-1,63,283,61,-1,61,283,284,-1,61,284,85,-1,85,284,285,-1,85,285,83,-1,83,285,151,-1,83,151,81,-1,23,286,287,-1,23,287,12,-1,12,287,288,-1,12,288,11,-1,11,288,289,-1,11,289,41,-1,41,289,290,-1,41,290,17,-1,17,290,291,-1,17,291,18,-1,18,291,292,-1,18,292,120,-1,120,292,293,-1,120,293,121,-1,121,293,294,-1,121,294,123,-1,123,294,295,-1,123,295,125,-1,125,295,296,-1,125,296,127,-1,127,296,297,-1,127,297,129,-1,129,297,298,-1,129,298,131,-1,131,298,299,-1,131,299,133,-1,133,299,300,-1,133,300,27,-1,27,300,301,-1,27,301,25,-1,25,301,302,-1,25,302,24,-1,24,302,303,-1,24,303,72,-1,72,303,304,-1,72,304,73,-1,73,304,305,-1,73,305,74,-1,74,305,306,-1,74,306,37,-1,37,306,307,-1,37,307,36,-1,36,307,308,-1,36,308,34,-1,34,308,309,-1,34,309,32,-1,32,309,310,-1,32,310,30,-1,30,310,311,-1,30,311,28,-1,28,311,286,-1,28,286,23,-1,
        ]
    }
}
Shape{
    appearance Appearance {
        material  Material 	{
            diffuseColor 0.6666666666666666 0.6666666666666666 0.6666666666666666
            specularColor 0.4666666666666667 0.4666666666666667 0.4666666666666667
            ambientIntensity 0.6667
            transparency 0.0
            shininess 0.5
        }
    }
    geometry IndexedFaceSet {
        ccw TRUE
        solid FALSE
        coord DEF co Coordinate {
            point [
                -0.2365 1.1697 1.378, -0.2375 1.2084 1.378, -0.2412 1.1691 1.378, -0.2412 1.2087 1.378, -0.2458 1.2082 1.378, -0.2282 1.174 1.378, -0.2252 1.2007 1.378, -0.2286 1.2042 1.378, -0.2503 1.2065 1.378, -0.2543 1.2038 1.378, -0.2455 1.1696 1.378, -0.2572 1.2005 1.378, -0.2596 1.1961 1.378, -0.2608 1.1913 1.378, -0.2608 1.1866 1.378, -0.2597 1.1819 1.378, -0.2575 1.1777 1.378, -0.2542 1.1741 1.378, -0.2502 1.1713 1.378, -0.2321 1.1713 1.378, -0.2328 1.2068 1.378, -0.2226 1.1821 1.378, -0.2215 1.187 1.378, -0.2249 1.1777 1.378, -0.2216 1.1919 1.378, -0.2229 1.1965 1.378
            ]
        }
        coordIndex [
            0,1,2,-1,2,1,3,-1,2,3,4,-1,5,6,7,-1,4,8,2,-1,2,8,9,-1,2,9,10,-1,10,9,11,-1,10,11,12,-1,12,13,10,-1,10,13,14,-1,10,14,15,-1,15,16,10,-1,10,16,17,-1,10,17,18,-1,0,19,1,-1,1,19,5,-1,1,5,20,-1,20,5,7,-1,21,22,23,-1,23,22,24,-1,23,24,5,-1,5,24,25,-1,5,25,6,-1,
        ]
    }
}
Shape{
    appearance Appearance {
        material  Material 	{
            diffuseColor 0.0 0.0 0.0
            specularColor 0.0 0.0 0.0
            ambientIntensity 0.0
            transparency 0.0
            shininess 0.5
        }
    }
    geometry IndexedFaceSet {
        ccw TRUE
        solid FALSE
        coord DEF co Coordinate {
            point [
                0.239 1.2957 1.3819, 0.2316 1.3005 1.3819, 0.2315 1.2903 1.3819, 0.227 1.2973 1.3819, 0.2234 1.2871 1.3819, 0.2211 1.295 1.3819, 0.2113 1.2857 1.3819, 0.2112 1.2938 1.3819, 0.1916 1.2857 1.3819, 0.2008 1.2938 1.3819, 0.1916 1.357 1.3819, 0.2008 1.3488 1.3819, 0.212 1.357 1.3819, 0.2116 1.3488 1.3819, 0.2142 1.3488 1.3819, 0.2229 1.3558 1.3819, 0.2217 1.3476 1.3819, 0.2315 1.3527 1.3819, 0.2278 1.3452 1.3819, 0.239 1.3476 1.3819, 0.2322 1.3421 1.3819, 0.2415 1.3451 1.3819, 0.2342 1.3402 1.3819, 0.2459 1.3389 1.3819, 0.237 1.3362 1.3819, 0.2485 1.3321 1.3819, 0.239 1.331 1.3819, 0.2497 1.3223 1.3819, 0.24 1.322 1.3819, 0.2495 1.3177 1.3819, 0.2397 1.3168 1.3819, 0.2478 1.3094 1.3819, 0.2382 1.3104 1.3819, 0.2443 1.302 1.3819, 0.2357 1.3052 1.3819, 0.2324 1.3012 1.3819, 0.239 1.2957 1.378, 0.2443 1.302 1.378, 0.2478 1.3094 1.378, 0.2495 1.3177 1.378, 0.2497 1.3223 1.378, 0.2485 1.3321 1.378, 0.2459 1.3389 1.378, 0.2415 1.3451 1.378, 0.239 1.3476 1.378, 0.212 1.357 1.378, 0.2315 1.3527 1.378, 0.2243 1.3553 1.378, 0.2229 1.3558 1.378, 0.1916 1.357 1.378, 0.1916 1.2857 1.378, 0.2113 1.2857 1.378, 0.2234 1.2871 1.378, 0.2243 1.2875 1.378, 0.2315 1.2903 1.378, 0.2322 1.3421 1.378, 0.2342 1.3402 1.378, 0.237 1.3362 1.378, 0.239 1.331 1.378, 0.24 1.322 1.378, 0.2116 1.3488 1.378, 0.2142 1.3488 1.378, 0.2217 1.3476 1.378, 0.2278 1.3452 1.378, 0.2008 1.3488 1.378, 0.2008 1.2938 1.378, 0.2112 1.2938 1.378, 0.2324 1.3012 1.378, 0.2316 1.3005 1.378, 0.227 1.2973 1.378, 0.2211 1.295 1.378, 0.2397 1.3168 1.378, 0.2382 1.3104 1.378, 0.2357 1.3052 1.378
            ]
        }
        coordIndex [
            0,1,2,-1,2,1,3,-1,2,3,4,-1,4,3,5,-1,4,5,6,-1,6,5,7,-1,6,7,8,-1,8,7,9,-1,8,9,10,-1,10,9,11,-1,10,11,12,-1,11,13,12,-1,12,13,14,-1,12,14,15,-1,15,14,16,-1,15,16,17,-1,17,16,18,-1,17,18,19,-1,19,18,20,-1,19,20,21,-1,21,20,22,-1,21,22,23,-1,23,22,24,-1,23,24,25,-1,25,24,26,-1,25,26,27,-1,27,26,28,-1,27,28,29,-1,29,28,30,-1,29,30,31,-1,31,30,32,-1,31,32,33,-1,33,32,34,-1,33,34,0,-1,0,34,35,-1,0,35,1,-1,0,36,37,-1,0,37,33,-1,33,37,38,-1,33,38,31,-1,31,38,39,-1,31,39,29,-1,29,39,40,-1,29,40,27,-1,27,40,41,-1,27,41,25,-1,25,41,42,-1,25,42,23,-1,23,42,43,-1,23,43,21,-1,21,43,44,-1,21,44,19,-1,45,12,15,-1,19,44,46,-1,19,46,17,-1,17,46,47,-1,17,47,15,-1,15,47,48,-1,15,48,45,-1,10,12,49,-1,49,12,45,-1,8,10,50,-1,50,10,49,-1,6,8,51,-1,51,8,50,-1,36,0,2,-1,6,51,52,-1,6,52,4,-1,4,52,53,-1,4,53,2,-1,2,53,54,-1,2,54,36,-1,20,55,56,-1,20,56,22,-1,22,56,57,-1,22,57,24,-1,24,57,58,-1,24,58,26,-1,26,58,59,-1,26,59,28,-1,13,60,61,-1,13,61,14,-1,14,61,62,-1,14,62,16,-1,16,62,63,-1,16,63,18,-1,18,63,55,-1,18,55,20,-1,13,11,60,-1,60,11,64,-1,11,9,64,-1,64,9,65,-1,9,7,65,-1,65,7,66,-1,35,67,68,-1,35,68,1,-1,1,68,69,-1,1,69,3,-1,3,69,70,-1,3,70,5,-1,5,70,66,-1,5,66,7,-1,28,59,71,-1,28,71,30,-1,30,71,72,-1,30,72,32,-1,32,72,73,-1,32,73,34,-1,34,73,67,-1,34,67,35,-1,
        ]
    }
}
Shape{
    appearance Appearance {
        material  Material 	{
            diffuseColor 0.6666666666666666 0.6666666666666666 0.6666666666666666
            specularColor 0.4666666666666667 0.4666666666666667 0.4666666666666667
            ambientIntensity 0.6667
            transparency 0.0
            shininess 0.5
        }
    }
    geometry IndexedFaceSet {
        ccw TRUE
        solid FALSE
        coord DEF co Coordinate {
            point [
                0.2316 1.3005 1.378, 0.2324 1.3012 1.378, 0.2142 1.3488 1.378, 0.227 1.2973 1.378, 0.2008 1.3488 1.378, 0.2008 1.2938 1.378, 0.2116 1.3488 1.378, 0.2112 1.2938 1.378, 0.2211 1.295 1.378, 0.2357 1.3052 1.378, 0.2382 1.3104 1.378, 0.2397 1.3168 1.378, 0.2322 1.3421 1.378, 0.24 1.322 1.378, 0.2278 1.3452 1.378, 0.2217 1.3476 1.378, 0.239 1.331 1.378, 0.237 1.3362 1.378, 0.2342 1.3402 1.378
            ]
        }
        coordIndex [
            0,1,2,-1,0,2,3,-1,4,5,6,-1,6,5,7,-1,6,7,2,-1,2,7,8,-1,2,8,3,-1,1,9,2,-1,2,9,10,-1,2,10,11,-1,12,11,13,-1,12,14,11,-1,11,14,15,-1,11,15,2,-1,16,17,13,-1,13,17,18,-1,13,18,12,-1,
        ]
    }
}
Shape{
    appearance Appearance {
        material  Material 	{
            diffuseColor 0.0 0.0 0.0
            specularColor 0.0 0.0 0.0
            ambientIntensity 0.0
            transparency 0.0
            shininess 0.5
        }
    }
    geometry IndexedFaceSet {
        ccw TRUE
        solid FALSE
        coord DEF co Coordinate {
            point [
                0.107 1.2927 1.3819, 0.107 1.2927 1.378, 0.0999 1.2935 1.378, 0.0999 1.2935 1.3819, 0.0948 1.2955 1.378, 0.0948 1.2955 1.3819, 0.0901 1.2988 1.378, 0.0901 1.2988 1.3819, 0.0887 1.3002 1.378, 0.0887 1.3002 1.3819, 0.0855 1.3044 1.378, 0.0855 1.3044 1.3819, 0.0831 1.3101 1.378, 0.0831 1.3101 1.3819, 0.0818 1.317 1.378, 0.0818 1.317 1.3819, 0.0817 1.3206 1.378, 0.0817 1.3206 1.3819, 0.0829 1.3304 1.378, 0.0829 1.3304 1.3819, 0.0853 1.3365 1.378, 0.0853 1.3365 1.3819, 0.0887 1.3415 1.378, 0.0887 1.3415 1.3819, 0.0892 1.342 1.378, 0.0892 1.342 1.3819, 0.0934 1.3456 1.378, 0.0934 1.3456 1.3819, 0.0989 1.3484 1.378, 0.0989 1.3484 1.3819, 0.105 1.3497 1.378, 0.105 1.3497 1.3819, 0.1086 1.3499 1.378, 0.1086 1.3499 1.3819, 0.1174 1.3489 1.378, 0.1174 1.3489 1.3819, 0.1247 1.3461 1.378, 0.1247 1.3461 1.3819, 0.1255 1.3457 1.378, 0.1255 1.3457 1.3819, 0.1255 1.3553 1.3819, 0.1255 1.3553 1.378, 0.1085 1.3582 1.378, 0.1085 1.3582 1.3819, 0.1162 1.3576 1.378, 0.1179 1.3575 1.3819, 0.1179 1.3575 1.378, 0.1036 1.3576 1.378, 0.0982 1.357 1.3819, 0.0982 1.357 1.378, 0.0908 1.3541 1.378, 0.0908 1.3541 1.3819, 0.0841 1.3494 1.378, 0.0841 1.3494 1.3819, 0.0823 1.3477 1.378, 0.0823 1.3477 1.3819, 0.0771 1.341 1.378, 0.0752 1.3364 1.378, 0.0738 1.333 1.3819, 0.0771 1.341 1.3819, 0.0738 1.333 1.378, 0.0721 1.3237 1.378, 0.0721 1.3237 1.3819, 0.072 1.32 1.378, 0.072 1.32 1.3819, 0.0734 1.3084 1.378, 0.0752 1.3038 1.378, 0.0763 1.3009 1.3819, 0.0734 1.3084 1.3819, 0.0763 1.3009 1.378, 0.0806 1.2948 1.378, 0.0806 1.2948 1.3819, 0.0812 1.2942 1.378, 0.0812 1.2942 1.3819, 0.0869 1.2894 1.378, 0.0869 1.2894 1.3819, 0.0936 1.2863 1.378, 0.0936 1.2863 1.3819, 0.1014 1.2847 1.378, 0.1014 1.2847 1.3819, 0.1057 1.2845 1.378, 0.1057 1.2845 1.3819, 0.1166 1.2855 1.378, 0.1166 1.2855 1.3819, 0.1242 1.288 1.378, 0.1242 1.288 1.3819, 0.1255 1.2886 1.378, 0.1255 1.2886 1.3819, 0.1255 1.2975 1.3819, 0.1255 1.2975 1.378, 0.1184 1.2943 1.378, 0.1184 1.2943 1.3819, 0.1104 1.2928 1.378, 0.1104 1.2928 1.3819, 0.363 1.2 1.3819, 0.3601 1.1919 1.3819, 0.387 1.2 1.3819, 0.3899 1.1919 1.3819, 0.3737 1.2297 1.3819, 0.3703 1.2438 1.3819, 0.3431 1.1724 1.3819, 0.3533 1.1724 1.3819, 0.3743 1.2318 1.3819, 0.3749 1.2347 1.3819, 0.3801 1.2438 1.3819, 0.3751 1.2347 1.3819, 0.3757 1.2317 1.3819, 0.3762 1.2297 1.3819, 0.4073 1.1724 1.3819, 0.3971 1.1724 1.3819, 0.3703 1.2438 1.378, 0.3801 1.2438 1.378, 0.3431 1.1724 1.378, 0.3533 1.1724 1.378, 0.3601 1.1919 1.378, 0.3899 1.1919 1.378, 0.3971 1.1724 1.378, 0.4073 1.1724 1.378, 0.3737 1.2297 1.378, 0.3743 1.2318 1.378, 0.3749 1.2347 1.378, 0.363 1.2 1.378, 0.387 1.2 1.378, 0.3762 1.2297 1.378, 0.3751 1.2347 1.378, 0.3757 1.2317 1.378
            ]
        }
        coordIndex [
            0,1,2,-1,0,2,3,-1,3,2,4,-1,3,4,5,-1,5,4,6,-1,5,6,7,-1,7,6,8,-1,7,8,9,-1,9,8,10,-1,9,10,11,-1,11,10,12,-1,11,12,13,-1,13,12,14,-1,13,14,15,-1,15,14,16,-1,15,16,17,-1,17,16,18,-1,17,18,19,-1,19,18,20,-1,19,20,21,-1,21,20,22,-1,21,22,23,-1,23,22,24,-1,23,24,25,-1,25,24,26,-1,25,26,27,-1,27,26,28,-1,27,28,29,-1,29,28,30,-1,29,30,31,-1,31,30,32,-1,31,32,33,-1,33,32,34,-1,33,34,35,-1,35,34,36,-1,35,36,37,-1,37,36,38,-1,37,38,39,-1,40,39,41,-1,41,39,38,-1,42,43,44,-1,44,43,45,-1,44,45,46,-1,46,45,40,-1,46,40,41,-1,43,42,47,-1,43,47,48,-1,47,49,48,-1,48,49,50,-1,48,50,51,-1,51,50,52,-1,51,52,53,-1,53,52,54,-1,53,54,55,-1,55,54,56,-1,57,58,56,-1,56,58,59,-1,56,59,55,-1,57,60,58,-1,58,60,61,-1,58,61,62,-1,62,61,63,-1,62,63,64,-1,64,63,65,-1,66,67,65,-1,65,67,68,-1,65,68,64,-1,66,69,67,-1,67,69,70,-1,67,70,71,-1,71,70,72,-1,71,72,73,-1,73,72,74,-1,73,74,75,-1,75,74,76,-1,75,76,77,-1,77,76,78,-1,77,78,79,-1,79,78,80,-1,79,80,81,-1,81,80,82,-1,81,82,83,-1,83,82,84,-1,83,84,85,-1,85,84,86,-1,85,86,87,-1,88,87,89,-1,89,87,86,-1,88,89,90,-1,88,90,91,-1,91,90,92,-1,91,92,93,-1,93,92,1,-1,93,1,0,-1,27,29,48,-1,19,21,59,-1,59,21,55,-1,48,29,43,-1,29,31,43,-1,43,31,33,-1,43,33,45,-1,45,33,35,-1,45,35,40,-1,40,35,37,-1,40,37,39,-1,87,88,85,-1,85,88,91,-1,85,91,83,-1,83,91,93,-1,83,93,81,-1,81,93,0,-1,81,0,79,-1,79,0,3,-1,79,3,77,-1,77,3,5,-1,77,5,75,-1,75,5,7,-1,75,7,73,-1,73,7,9,-1,73,9,71,-1,71,9,11,-1,71,11,67,-1,64,17,62,-1,62,17,19,-1,62,19,58,-1,58,19,59,-1,21,23,55,-1,55,23,25,-1,55,25,53,-1,53,25,27,-1,53,27,51,-1,51,27,48,-1,67,11,68,-1,68,11,13,-1,68,13,64,-1,64,13,15,-1,64,15,17,-1,94,95,96,-1,96,95,97,-1,98,99,94,-1,94,99,100,-1,94,100,95,-1,95,100,101,-1,98,102,99,-1,99,102,103,-1,99,103,104,-1,104,103,105,-1,104,105,106,-1,106,107,104,-1,104,107,96,-1,104,96,108,-1,108,96,97,-1,108,97,109,-1,99,104,110,-1,110,104,111,-1,100,99,112,-1,112,99,110,-1,101,100,113,-1,113,100,112,-1,95,101,114,-1,114,101,113,-1,97,95,115,-1,115,95,114,-1,109,97,116,-1,116,97,115,-1,108,109,117,-1,117,109,116,-1,104,108,111,-1,111,108,117,-1,98,118,119,-1,98,119,102,-1,102,119,120,-1,102,120,103,-1,98,94,118,-1,118,94,121,-1,94,96,121,-1,121,96,122,-1,96,107,122,-1,122,107,123,-1,105,124,125,-1,105,125,106,-1,106,125,123,-1,106,123,107,-1,105,103,124,-1,124,103,120,-1,
        ]
    }
}
Shape{
    appearance Appearance {
        material  Material 	{
            diffuseColor 0.6666666666666666 0.6666666666666666 0.6666666666666666
            specularColor 0.4666666666666667 0.4666666666666667 0.4666666666666667
            ambientIntensity 0.6667
            transparency 0.0
            shininess 0.5
        }
    }
    geometry IndexedFaceSet {
        ccw TRUE
        solid FALSE
        coord DEF co Coordinate {
            point [
                0.3751 1.2347 1.378, 0.3749 1.2347 1.378, 0.3757 1.2317 1.378, 0.3743 1.2318 1.378, 0.3762 1.2297 1.378, 0.3737 1.2297 1.378, 0.387 1.2 1.378, 0.363 1.2 1.378
            ]
        }
        coordIndex [
            0,1,2,-1,2,1,3,-1,2,3,4,-1,4,3,5,-1,4,5,6,-1,6,5,7,-1,
        ]
    }
}
Shape{
    appearance Appearance {
        material  Material 	{
            diffuseColor 0.0 0.0 0.0
            specularColor 0.0 0.0 0.0
            ambientIntensity 0.0
            transparency 0.0
            shininess 0.5
        }
    }
    geometry IndexedFaceSet {
        ccw TRUE
        solid FALSE
        coord DEF co Coordinate {
            point [
                0.2383 1.1806 1.378, 0.2383 1.1806 1.3819, 0.2517 1.1806 1.378, 0.2675 1.1806 1.3819, 0.2675 1.1806 1.378, 0.2383 1.2046 1.3819, 0.2383 1.2046 1.378, 0.2639 1.2046 1.378, 0.2639 1.2046 1.3819, 0.2517 1.2046 1.378, 0.2639 1.2128 1.3819, 0.2639 1.2128 1.378, 0.2383 1.2128 1.378, 0.2383 1.2128 1.3819, 0.2517 1.2128 1.378, 0.2383 1.2356 1.3819, 0.2383 1.2356 1.378, 0.2659 1.2356 1.378, 0.2659 1.2356 1.3819, 0.2517 1.2356 1.378, 0.2659 1.2438 1.3819, 0.2659 1.2438 1.378, 0.2291 1.2438 1.378, 0.2291 1.2438 1.3819, 0.2517 1.2438 1.378, 0.2291 1.1724 1.3819, 0.2291 1.1724 1.378, 0.2675 1.1724 1.378, 0.2675 1.1724 1.3819, 0.2517 1.1724 1.378, 0.0407 1.1806 1.3819, 0.0698 1.1806 1.3819, 0.0407 1.1806 1.378, 0.0698 1.1806 1.378, 0.0407 1.2046 1.3819, 0.0407 1.2046 1.378, 0.0662 1.2046 1.3819, 0.0662 1.2046 1.378, 0.0662 1.2128 1.3819, 0.0662 1.2128 1.378, 0.0407 1.2128 1.3819, 0.0407 1.2128 1.378, 0.0407 1.2356 1.3819, 0.0407 1.2356 1.378, 0.0682 1.2356 1.3819, 0.0682 1.2356 1.378, 0.0682 1.2438 1.3819, 0.0682 1.2438 1.378, 0.0315 1.2438 1.3819, 0.0315 1.2438 1.378, 0.0315 1.1724 1.3819, 0.0315 1.1724 1.378, 0.0698 1.1724 1.3819, 0.0698 1.1724 1.378, 0.2737 1.3133 1.3819, 0.2707 1.3052 1.3819, 0.2976 1.3133 1.3819, 0.3005 1.3052 1.3819, 0.2843 1.3429 1.3819, 0.2809 1.357 1.3819, 0.2537 1.2857 1.3819, 0.2639 1.2857 1.3819, 0.2849 1.3451 1.3819, 0.2855 1.3479 1.3819, 0.2907 1.357 1.3819, 0.2857 1.3479 1.3819, 0.2863 1.3449 1.3819, 0.2868 1.3429 1.3819, 0.3179 1.2857 1.3819, 0.3077 1.2857 1.3819, 0.2809 1.357 1.378, 0.2907 1.357 1.378, 0.2537 1.2857 1.378, 0.2743 1.3397 1.378, 0.2639 1.2857 1.378, 0.2707 1.3052 1.378, 0.3005 1.3052 1.378, 0.2743 1.3052 1.378, 0.3077 1.2857 1.378, 0.3179 1.2857 1.378, 0.2843 1.3429 1.378, 0.2849 1.3451 1.378, 0.2855 1.3479 1.378, 0.2737 1.3133 1.378, 0.2976 1.3133 1.378, 0.2868 1.3429 1.378, 0.2857 1.3479 1.378, 0.2863 1.3449 1.378
            ]
        }
        coordIndex [
            0,1,2,-1,2,1,3,-1,2,3,4,-1,5,1,6,-1,6,1,0,-1,7,8,9,-1,9,8,5,-1,9,5,6,-1,10,8,11,-1,11,8,7,-1,12,13,14,-1,14,13,10,-1,14,10,11,-1,15,13,16,-1,16,13,12,-1,17,18,19,-1,19,18,15,-1,19,15,16,-1,20,18,21,-1,21,18,17,-1,22,23,24,-1,24,23,20,-1,24,20,21,-1,25,23,26,-1,26,23,22,-1,27,28,29,-1,29,28,25,-1,29,25,26,-1,3,28,4,-1,4,28,27,-1,25,28,3,-1,3,1,25,-1,25,1,5,-1,25,5,23,-1,18,20,15,-1,15,20,23,-1,15,23,13,-1,13,23,5,-1,13,5,10,-1,10,5,8,-1,30,31,32,-1,32,31,33,-1,34,30,35,-1,35,30,32,-1,36,34,37,-1,37,34,35,-1,38,36,39,-1,39,36,37,-1,40,38,41,-1,41,38,39,-1,42,40,43,-1,43,40,41,-1,44,42,45,-1,45,42,43,-1,46,44,47,-1,47,44,45,-1,48,46,49,-1,49,46,47,-1,50,48,51,-1,51,48,49,-1,52,50,53,-1,53,50,51,-1,31,52,33,-1,33,52,53,-1,50,52,31,-1,31,30,50,-1,50,30,34,-1,50,34,48,-1,44,46,42,-1,42,46,48,-1,42,48,40,-1,40,48,34,-1,40,34,38,-1,38,34,36,-1,54,55,56,-1,56,55,57,-1,58,59,54,-1,54,59,60,-1,54,60,55,-1,55,60,61,-1,58,62,59,-1,59,62,63,-1,59,63,64,-1,64,63,65,-1,64,65,66,-1,66,67,64,-1,64,67,56,-1,64,56,68,-1,68,56,57,-1,68,57,69,-1,59,64,70,-1,70,64,71,-1,72,60,73,-1,73,60,59,-1,73,59,70,-1,61,60,74,-1,74,60,72,-1,55,61,75,-1,75,61,74,-1,76,57,77,-1,77,57,55,-1,77,55,75,-1,69,57,78,-1,78,57,76,-1,68,69,79,-1,79,69,78,-1,64,68,71,-1,71,68,79,-1,58,80,81,-1,58,81,62,-1,62,81,82,-1,62,82,63,-1,58,54,80,-1,80,54,83,-1,54,56,83,-1,83,56,84,-1,56,67,84,-1,84,67,85,-1,65,86,87,-1,65,87,66,-1,66,87,85,-1,66,85,67,-1,65,63,86,-1,86,63,82,-1,
        ]
    }
}
Shape{
    appearance Appearance {
        material  Material 	{
            diffuseColor 0.6666666666666666 0.6666666666666666 0.6666666666666666
            specularColor 0.4666666666666667 0.4666666666666667 0.4666666666666667
            ambientIntensity 0.6667
            transparency 0.0
            shininess 0.5
        }
    }
    geometry IndexedFaceSet {
        ccw TRUE
        solid FALSE
        coord DEF co Coordinate {
            point [
                0.2857 1.3479 1.378, 0.2855 1.3479 1.378, 0.2863 1.3449 1.378, 0.2849 1.3451 1.378, 0.2868 1.3429 1.378, 0.2843 1.3429 1.378, 0.2976 1.3133 1.378, 0.2737 1.3133 1.378
            ]
        }
        coordIndex [
            0,1,2,-1,2,1,3,-1,2,3,4,-1,4,3,5,-1,4,5,6,-1,6,5,7,-1,
        ]
    }
}
Shape{
    appearance Appearance {
        material  Material 	{
            diffuseColor 0.0 0.0 0.0
            specularColor 0.0 0.0 0.0
            ambientIntensity 0.0
            transparency 0.0
            shininess 0.5
        }
    }
    geometry IndexedFaceSet {
        ccw TRUE
        solid FALSE
        coord DEF co Coordinate {
            point [
                0.149 1.2938 1.378, 0.149 1.2938 1.3819, 0.1682 1.2938 1.378, 0.1781 1.2938 1.3819, 0.1781 1.2938 1.378, 0.149 1.3178 1.3819, 0.149 1.3178 1.378, 0.1745 1.3178 1.3819, 0.1682 1.3178 1.378, 0.1745 1.3178 1.378, 0.1745 1.326 1.3819, 0.1745 1.326 1.378, 0.149 1.326 1.378, 0.149 1.326 1.3819, 0.1682 1.326 1.378, 0.149 1.3488 1.3819, 0.149 1.3488 1.378, 0.1765 1.3488 1.3819, 0.1682 1.3488 1.378, 0.1765 1.3488 1.378, 0.1765 1.357 1.3819, 0.1765 1.357 1.378, 0.1397 1.357 1.378, 0.1397 1.357 1.3819, 0.1682 1.357 1.378, 0.1397 1.2857 1.3819, 0.1397 1.2857 1.378, 0.1781 1.2857 1.3819, 0.1682 1.2857 1.378, 0.1781 1.2857 1.378, 0.0407 1.2938 1.3819, 0.0691 1.2938 1.3819, 0.0407 1.2938 1.378, 0.0691 1.2938 1.378, 0.0407 1.357 1.3819, 0.0407 1.357 1.378, 0.0315 1.357 1.3819, 0.0315 1.357 1.378, 0.0315 1.2857 1.3819, 0.0315 1.2857 1.378, 0.0691 1.2857 1.3819, 0.0691 1.2857 1.378
            ]
        }
        coordIndex [
            0,1,2,-1,2,1,3,-1,2,3,4,-1,5,1,6,-1,6,1,0,-1,5,6,7,-1,7,6,8,-1,7,8,9,-1,10,7,11,-1,11,7,9,-1,12,13,14,-1,14,13,10,-1,14,10,11,-1,15,13,16,-1,16,13,12,-1,15,16,17,-1,17,16,18,-1,17,18,19,-1,20,17,21,-1,21,17,19,-1,22,23,24,-1,24,23,20,-1,24,20,21,-1,25,23,26,-1,26,23,22,-1,25,26,27,-1,27,26,28,-1,27,28,29,-1,3,27,4,-1,4,27,29,-1,25,27,3,-1,3,1,25,-1,25,1,5,-1,25,5,23,-1,17,20,15,-1,15,20,23,-1,15,23,13,-1,13,23,5,-1,13,5,10,-1,10,5,7,-1,30,31,32,-1,32,31,33,-1,34,30,35,-1,35,30,32,-1,36,34,37,-1,37,34,35,-1,38,36,39,-1,39,36,37,-1,40,38,41,-1,41,38,39,-1,31,40,33,-1,33,40,41,-1,34,36,30,-1,30,36,38,-1,30,38,31,-1,31,38,40,-1,
        ]
    }
}
Shape{
    appearance Appearance {
        material  Material 	{
            diffuseColor 0.20784313725490197 0.20784313725490197 0.20784313725490197
            specularColor 0.01568627450980392 0.01568627450980392 0.01568627450980392
            ambientIntensity 0.298
            transparency 0.0
            shininess 0.5
        }
    }
    geometry IndexedFaceSet {
        ccw TRUE
        solid FALSE
        coord DEF co Coordinate {
            point [
                1.5945 1.8374 0.1181, 1.5945 1.7488 0.1181, 1.2402 1.7488 0.1181, -1.475 1.0405 0.1181, -1.4764 1.0303 0.1181, -1.5945 1.0992 0.1181, -1.2402 1.4339 0.1181, -1.2411 1.364 0.1181, -1.2697 1.3859 0.1181, -1.4717 1.2309 0.1181, -1.4764 1.2665 0.1181, -1.5945 1.4339 0.1181, -1.4075 1.3859 0.1181, -1.436 1.364 0.1181, -1.4579 1.1976 0.1181, -1.436 1.1691 0.1181, -1.4075 1.1472 0.1181, -1.3029 1.3996 0.1181, -1.3386 1.4043 0.1181, -1.3742 1.3996 0.1181, -1.4579 1.3354 0.1181, -1.4717 1.3022 0.1181, -1.3742 1.1334 0.1181, -1.3386 1.1287 0.1181, -1.2402 1.0992 0.1181, -1.3029 1.1334 0.1181, -1.2697 1.1472 0.1181, -1.2411 1.1691 0.1181, -1.2402 1.1704 0.1181, 0.0 1.0992 0.1181, -1.2192 1.1976 0.1181, -1.2055 1.2309 0.1181, -1.2008 1.2665 0.1181, -1.2055 1.3022 0.1181, 0.0 1.4339 0.1181, -1.2192 1.3354 0.1181, -1.2402 1.3627 0.1181, 1.2055 1.3022 0.1181, 1.2008 1.2665 0.1181, 1.2055 1.2309 0.1181, 1.2192 1.1976 0.1181, 1.2402 1.0992 0.1181, 1.2402 1.1704 0.1181, 1.2411 1.1691 0.1181, 1.2697 1.1472 0.1181, 1.4075 1.1472 0.1181, 1.436 1.1691 0.1181, 1.5945 1.0992 0.1181, 1.4579 1.1976 0.1181, 1.4717 1.3022 0.1181, 1.5945 1.4339 0.1181, 1.4764 1.2665 0.1181, 1.4717 1.2309 0.1181, 1.4579 1.3354 0.1181, 1.436 1.364 0.1181, 1.4075 1.3859 0.1181, 1.3742 1.3996 0.1181, 1.3386 1.4043 0.1181, 1.2402 1.4339 0.1181, 1.3029 1.3996 0.1181, 1.2697 1.3859 0.1181, 1.2411 1.364 0.1181, 1.2402 1.3627 0.1181, 1.2192 1.3354 0.1181, 1.3029 1.1334 0.1181, 1.3386 1.1287 0.1181, 1.3742 1.1334 0.1181, 1.2795 0.9122 0.1181, 1.2809 0.902 0.1181, 1.2402 0.6957 0.1181, 1.2848 0.8925 0.1181, 1.2911 0.8844 0.1181, 1.2992 0.8781 0.1181, 1.2809 1.0405 0.1181, 1.2795 1.0303 0.1181, 1.4472 0.8742 0.1181, 1.4567 0.8781 0.1181, 1.5945 0.6957 0.1181, 1.4648 0.8844 0.1181, 1.4711 0.8925 0.1181, 1.3087 1.0683 0.1181, 1.2992 1.0644 0.1181, 1.3087 0.8742 0.1181, 1.3189 0.8728 0.1181, 1.437 0.8728 0.1181, 1.475 1.0405 0.1181, 1.4711 1.05 0.1181, 1.4648 1.0582 0.1181, 1.4567 1.0644 0.1181, 1.2911 1.0582 0.1181, 1.2848 1.05 0.1181, 1.4472 1.0683 0.1181, 1.437 1.0697 0.1181, 1.3189 1.0697 0.1181, 1.475 0.902 0.1181, 1.4764 0.9122 0.1181, 1.4764 1.0303 0.1181, -1.2809 1.0405 0.1181, -1.2848 1.05 0.1181, -1.5945 0.6957 0.1181, -1.4764 0.9122 0.1181, -1.475 0.902 0.1181, -1.2911 0.8844 0.1181, -1.2402 0.6957 0.1181, -1.2992 0.8781 0.1181, -1.3087 0.8742 0.1181, -1.4567 1.0644 0.1181, -1.4648 1.0582 0.1181, -1.4711 1.05 0.1181, -1.4711 0.8925 0.1181, -1.4648 0.8844 0.1181, -1.4567 0.8781 0.1181, -1.2795 1.0303 0.1181, -1.2911 1.0582 0.1181, -1.2992 1.0644 0.1181, -1.3087 1.0683 0.1181, -1.2848 0.8925 0.1181, -1.2809 0.902 0.1181, -1.2795 0.9122 0.1181, -1.4472 0.8742 0.1181, -1.437 0.8728 0.1181, -1.3189 0.8728 0.1181, 0.0 0.6957 0.1181, -1.3189 1.0697 0.1181, -1.437 1.0697 0.1181, -1.4472 1.0683 0.1181, 1.2795 1.6209 0.1181, 1.2795 1.5028 0.1181, 1.2809 1.4926 0.1181, 1.2848 1.4831 0.1181, 1.2911 1.6487 0.1181, 1.2992 1.655 0.1181, 1.3087 1.6589 0.1181, 1.2848 1.6406 0.1181, 1.2809 1.6311 0.1181, 1.2911 1.4749 0.1181, 1.2992 1.4687 0.1181, 1.3087 1.4647 0.1181, 1.4567 1.4687 0.1181, 1.4648 1.4749 0.1181, 1.4711 1.4831 0.1181, 1.475 1.6311 0.1181, 1.4711 1.6406 0.1181, 1.4648 1.6487 0.1181, 1.4567 1.655 0.1181, 1.4472 1.6589 0.1181, 1.437 1.6602 0.1181, 1.3189 1.6602 0.1181, 1.3189 1.4634 0.1181, 1.437 1.4634 0.1181, 1.4472 1.4647 0.1181, 1.475 1.4926 0.1181, 1.4764 1.5028 0.1181, 1.4764 1.6209 0.1181, 0.0 1.7488 0.1181, -1.2402 1.7488 0.1181, -1.2992 1.655 0.1181, -1.2911 1.6487 0.1181, -1.2848 1.6406 0.1181, -1.475 1.4926 0.1181, -1.4711 1.4831 0.1181, -1.4648 1.4749 0.1181, -1.4567 1.4687 0.1181, -1.3087 1.4647 0.1181, -1.2992 1.4687 0.1181, -1.4472 1.6589 0.1181, -1.4567 1.655 0.1181, -1.5945 1.7488 0.1181, -1.4648 1.6487 0.1181, -1.4711 1.6406 0.1181, -1.475 1.6311 0.1181, -1.4764 1.6209 0.1181, -1.4764 1.5028 0.1181, -1.2911 1.4749 0.1181, -1.2848 1.4831 0.1181, -1.2809 1.4926 0.1181, -1.3087 1.6589 0.1181, -1.3189 1.6602 0.1181, -1.437 1.6602 0.1181, -1.4472 1.4647 0.1181, -1.437 1.4634 0.1181, -1.3189 1.4634 0.1181, -1.2795 1.5028 0.1181, -1.2795 1.6209 0.1181, -1.2809 1.6311 0.1181, 1.2402 1.8374 0.1181, 0.0 1.8374 0.1181, -1.2402 1.8374 0.1181, -1.5945 1.8374 0.1181, -1.2795 0.9122 0.0394, -1.2795 1.0303 0.0394, -1.437 0.8728 0.0394, -1.3189 0.8728 0.0394, -1.4764 0.9122 0.0394, -1.4764 1.0303 0.0394, -1.3189 1.0697 0.0394, -1.437 1.0697 0.0394, -1.3189 1.0303 0.0, -1.3189 0.9122 0.0, -1.437 1.0303 0.0, -1.437 0.9122 0.0, -1.2795 1.6209 0.0394, -1.2795 1.5028 0.0394, -1.3189 1.4634 0.0394, -1.437 1.4634 0.0394, -1.4764 1.6209 0.0394, -1.4764 1.5028 0.0394, -1.3189 1.6602 0.0394, -1.437 1.6602 0.0394, -1.3189 1.6209 0.0, -1.3189 1.5028 0.0, -1.437 1.6209 0.0, -1.437 1.5028 0.0, 1.2795 1.5028 0.0394, 1.2795 1.6209 0.0394, 1.3189 1.6602 0.0394, 1.437 1.6602 0.0394, 1.4764 1.5028 0.0394, 1.4764 1.6209 0.0394, 1.3189 1.4634 0.0394, 1.437 1.4634 0.0394, 1.3189 1.5028 0.0, 1.3189 1.6209 0.0, 1.437 1.5028 0.0, 1.437 1.6209 0.0, 1.2795 0.9122 0.0394, 1.2795 1.0303 0.0394, 1.3189 1.0697 0.0394, 1.437 1.0697 0.0394, 1.4764 0.9122 0.0394, 1.4764 1.0303 0.0394, 1.3189 0.8728 0.0394, 1.437 0.8728 0.0394, 1.3189 0.9122 0.0, 1.3189 1.0303 0.0, 1.437 0.9122 0.0, 1.437 1.0303 0.0, 1.5945 1.8374 0.3504, 1.7126 1.9555 0.3504, 1.5945 0.6957 0.3504, 1.7126 0.5776 0.3504, -1.5945 0.6957 0.3504, -1.7126 0.5776 0.3504, -1.5945 1.8374 0.3504, -1.7126 1.9555 0.3504, -0.0984 1.9949 0.9055, -0.0984 1.9949 1.1417, -0.689 1.9949 0.9055, -0.689 1.9949 1.1417, -0.0984 2.1917 0.7087, -0.689 2.1917 0.7087, -0.689 2.7429 0.7087, -0.0984 2.7429 0.7087
            ]
        }
        coordIndex [
            0,1,2,-1,3,4,5,-1,6,7,8,-1,9,5,10,-1,10,5,11,-1,11,12,13,-1,9,14,5,-1,5,14,15,-1,5,15,16,-1,8,17,6,-1,6,17,18,-1,6,18,11,-1,11,18,19,-1,11,19,12,-1,13,20,11,-1,11,20,21,-1,11,21,10,-1,16,22,5,-1,5,22,23,-1,5,23,24,-1,24,23,25,-1,24,25,26,-1,26,27,24,-1,24,27,28,-1,24,28,29,-1,28,30,29,-1,29,30,31,-1,29,31,32,-1,32,33,34,-1,34,33,35,-1,34,35,6,-1,6,35,36,-1,6,36,7,-1,32,34,29,-1,29,34,37,-1,29,37,38,-1,38,39,29,-1,29,39,40,-1,29,40,41,-1,40,42,41,-1,41,42,43,-1,41,43,44,-1,45,46,47,-1,47,46,48,-1,49,50,51,-1,51,50,47,-1,51,47,52,-1,52,47,48,-1,49,53,50,-1,50,53,54,-1,50,54,55,-1,55,56,50,-1,50,56,57,-1,50,57,58,-1,58,57,59,-1,58,59,60,-1,60,61,58,-1,58,61,62,-1,58,62,34,-1,34,62,63,-1,34,63,37,-1,44,64,41,-1,41,64,65,-1,41,65,47,-1,47,65,66,-1,47,66,45,-1,67,68,69,-1,68,70,69,-1,69,70,71,-1,69,71,72,-1,73,74,41,-1,41,74,67,-1,75,76,77,-1,77,76,78,-1,77,78,79,-1,80,81,41,-1,72,82,69,-1,69,82,83,-1,69,83,77,-1,77,83,84,-1,77,84,75,-1,85,86,47,-1,47,86,87,-1,47,87,88,-1,81,89,41,-1,41,89,90,-1,41,90,73,-1,88,91,47,-1,47,91,92,-1,47,92,41,-1,41,92,93,-1,41,93,80,-1,79,94,77,-1,77,94,95,-1,77,95,47,-1,47,95,96,-1,47,96,85,-1,97,98,24,-1,5,4,99,-1,99,4,100,-1,99,100,101,-1,102,103,104,-1,104,103,105,-1,106,107,5,-1,5,107,108,-1,5,108,3,-1,101,109,99,-1,99,109,110,-1,99,110,111,-1,97,24,112,-1,98,113,24,-1,24,113,114,-1,24,114,115,-1,102,116,103,-1,103,116,117,-1,103,117,118,-1,111,119,99,-1,99,119,120,-1,99,120,103,-1,103,120,121,-1,103,121,105,-1,67,69,41,-1,41,69,122,-1,41,122,29,-1,29,122,103,-1,29,103,24,-1,24,103,118,-1,24,118,112,-1,115,123,24,-1,24,123,124,-1,24,124,5,-1,5,124,125,-1,5,125,106,-1,126,127,58,-1,58,127,128,-1,58,128,129,-1,130,2,131,-1,131,2,132,-1,130,133,2,-1,2,133,134,-1,2,134,126,-1,129,135,58,-1,58,135,136,-1,58,136,137,-1,138,139,50,-1,50,139,140,-1,141,142,1,-1,1,142,143,-1,1,143,144,-1,144,145,1,-1,1,145,146,-1,1,146,2,-1,2,146,147,-1,2,147,132,-1,137,148,58,-1,58,148,149,-1,58,149,50,-1,50,149,150,-1,50,150,138,-1,140,151,50,-1,50,151,152,-1,50,152,1,-1,1,152,153,-1,1,153,141,-1,126,58,2,-1,2,58,34,-1,2,34,154,-1,154,34,6,-1,154,6,155,-1,156,155,157,-1,157,155,158,-1,159,160,11,-1,11,160,161,-1,11,161,162,-1,163,164,6,-1,165,166,167,-1,167,166,168,-1,167,168,169,-1,169,170,167,-1,167,170,171,-1,167,171,11,-1,11,171,172,-1,11,172,159,-1,164,173,6,-1,6,173,174,-1,6,174,175,-1,156,176,155,-1,155,176,177,-1,155,177,167,-1,167,177,178,-1,167,178,165,-1,162,179,11,-1,11,179,180,-1,11,180,6,-1,6,180,181,-1,6,181,163,-1,175,182,6,-1,6,182,183,-1,6,183,155,-1,155,183,184,-1,155,184,158,-1,0,2,185,-1,185,2,154,-1,185,154,186,-1,186,154,155,-1,186,155,187,-1,187,155,167,-1,187,167,188,-1,189,190,118,-1,118,190,112,-1,191,192,120,-1,120,192,121,-1,100,4,193,-1,193,4,194,-1,195,196,123,-1,123,196,124,-1,197,198,199,-1,199,198,200,-1,183,182,201,-1,201,182,202,-1,181,180,203,-1,203,180,204,-1,205,206,171,-1,171,206,172,-1,207,208,177,-1,177,208,178,-1,209,210,211,-1,211,210,212,-1,127,126,213,-1,213,126,214,-1,147,146,215,-1,215,146,216,-1,217,218,152,-1,152,218,153,-1,219,220,148,-1,148,220,149,-1,221,222,223,-1,223,222,224,-1,67,74,225,-1,225,74,226,-1,93,92,227,-1,227,92,228,-1,229,230,95,-1,95,230,96,-1,231,232,83,-1,83,232,84,-1,233,234,235,-1,235,234,236,-1,237,238,239,-1,239,238,240,-1,239,240,241,-1,241,240,242,-1,241,242,243,-1,243,242,244,-1,243,244,237,-1,237,244,238,-1,1,0,237,-1,239,77,47,-1,239,47,237,-1,237,47,50,-1,237,50,1,-1,0,185,237,-1,237,185,186,-1,237,186,243,-1,243,186,187,-1,243,187,188,-1,188,167,243,-1,243,167,11,-1,243,11,241,-1,241,11,5,-1,241,5,99,-1,99,103,241,-1,241,103,122,-1,241,122,239,-1,239,122,69,-1,239,69,77,-1,245,246,247,-1,247,246,248,-1,249,245,250,-1,250,245,247,-1,250,251,249,-1,249,251,252,-1,
        ]
    }
}
Shape{
    appearance Appearance {
        material  Material 	{
            diffuseColor 0.6666666666666666 0.6666666666666666 0.6666666666666666
            specularColor 0.4666666666666667 0.4666666666666667 0.4666666666666667
            ambientIntensity 0.6667
            transparency 0.0
            shininess 0.5
        }
    }
    geometry IndexedFaceSet {
        ccw TRUE
        solid FALSE
        coord DEF co Coordinate {
            point [
                0.8661 0.4106 0.1036, 1.1024 0.4106 0.1036, 1.1024 0.3932 0.0694, 0.8661 0.3932 0.0694, 1.1024 0.368 0.0405, 0.8661 0.368 0.0405, 1.1024 0.3365 0.0184, 0.8661 0.3365 0.0184, 1.1024 0.3007 0.0047, 0.8661 0.3007 0.0047, 1.1024 0.2626 0.0, 0.8661 0.2626 0.0, 0.8661 0.4924 0.3284, 1.1024 0.4924 0.3284, 0.8661 0.3814 0.3688, 1.1024 0.3814 0.3688, 1.1024 0.3988 0.403, 0.8661 0.3988 0.403, 1.1024 0.424 0.432, 0.8661 0.424 0.432, 1.1024 0.4555 0.454, 0.8661 0.4555 0.454, 1.1024 0.4913 0.4678, 0.8661 0.4913 0.4678, 1.1024 0.5294 0.4724, 0.8661 0.5294 0.4724, 0.8661 0.2996 0.144, 1.1024 0.2996 0.144, 0.8661 0.2626 0.1181, 1.1024 0.2626 0.1181, 0.8661 0.2721 0.1193, 1.1024 0.2721 0.1193, 0.8661 0.2811 0.1227, 1.1024 0.2811 0.1227, 0.8661 0.2889 0.1282, 1.1024 0.2889 0.1282, 0.8661 0.2952 0.1355, 1.1024 0.2952 0.1355, 0.8661 -0.0917 0.1181, 1.1024 -0.0917 0.1181, 0.8661 -0.0917 0.0, 1.1024 -0.0917 0.0, 0.8661 0.5294 0.3543, 1.1024 0.5294 0.3543, 0.8661 0.5199 0.3532, 1.1024 0.5199 0.3532, 0.8661 0.5109 0.3497, 1.1024 0.5109 0.3497, 0.8661 0.5031 0.3442, 1.1024 0.5031 0.3442, 0.8661 0.4968 0.337, 1.1024 0.4968 0.337, -0.1181 0.4106 0.1036, 0.1181 0.4106 0.1036, 0.1181 0.3932 0.0694, -0.1181 0.3932 0.0694, 0.1181 0.368 0.0405, -0.1181 0.368 0.0405, 0.1181 0.3365 0.0184, -0.1181 0.3365 0.0184, 0.1181 0.3007 0.0047, -0.1181 0.3007 0.0047, 0.1181 0.2626 0.0, -0.1181 0.2626 0.0, -0.1181 0.4924 0.3284, 0.1181 0.4924 0.3284, -0.1181 0.3814 0.3688, 0.1181 0.3814 0.3688, 0.1181 0.3988 0.403, -0.1181 0.3988 0.403, 0.1181 0.424 0.432, -0.1181 0.424 0.432, 0.1181 0.4555 0.454, -0.1181 0.4555 0.454, 0.1181 0.4913 0.4678, -0.1181 0.4913 0.4678, 0.1181 0.5294 0.4724, -0.1181 0.5294 0.4724, -0.1181 0.2996 0.144, 0.1181 0.2996 0.144, -0.1181 0.2626 0.1181, 0.1181 0.2626 0.1181, -0.1181 0.2721 0.1193, 0.1181 0.2721 0.1193, -0.1181 0.2811 0.1227, 0.1181 0.2811 0.1227, -0.1181 0.2889 0.1282, 0.1181 0.2889 0.1282, -0.1181 0.2952 0.1355, 0.1181 0.2952 0.1355, -0.1181 -0.0917 0.1181, 0.1181 -0.0917 0.1181, -0.1181 -0.0917 0.0, 0.1181 -0.0917 0.0, -0.1181 0.5294 0.3543, 0.1181 0.5294 0.3543, -0.1181 0.5199 0.3532, 0.1181 0.5199 0.3532, -0.1181 0.5109 0.3497, 0.1181 0.5109 0.3497, -0.1181 0.5031 0.3442, 0.1181 0.5031 0.3442, -0.1181 0.4968 0.337, 0.1181 0.4968 0.337, -1.1024 0.4106 0.1036, -0.8661 0.4106 0.1036, -0.8661 0.3932 0.0694, -1.1024 0.3932 0.0694, -0.8661 0.368 0.0405, -1.1024 0.368 0.0405, -0.8661 0.3365 0.0184, -1.1024 0.3365 0.0184, -0.8661 0.3007 0.0047, -1.1024 0.3007 0.0047, -0.8661 0.2626 0.0, -1.1024 0.2626 0.0, -1.1024 0.4924 0.3284, -0.8661 0.4924 0.3284, -1.1024 0.3814 0.3688, -0.8661 0.3814 0.3688, -0.8661 0.3988 0.403, -1.1024 0.3988 0.403, -0.8661 0.424 0.432, -1.1024 0.424 0.432, -0.8661 0.4555 0.454, -1.1024 0.4555 0.454, -0.8661 0.4913 0.4678, -1.1024 0.4913 0.4678, -0.8661 0.5294 0.4724, -1.1024 0.5294 0.4724, -1.1024 0.2996 0.144, -0.8661 0.2996 0.144, -1.1024 0.2626 0.1181, -0.8661 0.2626 0.1181, -1.1024 0.2721 0.1193, -0.8661 0.2721 0.1193, -1.1024 0.2811 0.1227, -0.8661 0.2811 0.1227, -1.1024 0.2889 0.1282, -0.8661 0.2889 0.1282, -1.1024 0.2952 0.1355, -0.8661 0.2952 0.1355, -1.1024 -0.0917 0.1181, -0.8661 -0.0917 0.1181, -1.1024 -0.0917 0.0, -0.8661 -0.0917 0.0, -1.1024 0.5294 0.3543, -0.8661 0.5294 0.3543, -1.1024 0.5199 0.3532, -0.8661 0.5199 0.3532, -1.1024 0.5109 0.3497, -0.8661 0.5109 0.3497, -1.1024 0.5031 0.3442, -0.8661 0.5031 0.3442, -1.1024 0.4968 0.337, -0.8661 0.4968 0.337
            ]
        }
        coordIndex [
            0,1,2,-1,0,2,3,-1,3,2,4,-1,3,4,5,-1,5,4,6,-1,5,6,7,-1,7,6,8,-1,7,8,9,-1,9,8,10,-1,9,10,11,-1,0,12,1,-1,1,12,13,-1,14,15,16,-1,14,16,17,-1,17,16,18,-1,17,18,19,-1,19,18,20,-1,19,20,21,-1,21,20,22,-1,21,22,23,-1,23,22,24,-1,23,24,25,-1,14,26,15,-1,15,26,27,-1,28,29,30,-1,30,29,31,-1,30,31,32,-1,32,31,33,-1,32,33,34,-1,34,33,35,-1,34,35,36,-1,36,35,37,-1,36,37,26,-1,26,37,27,-1,28,38,29,-1,29,38,39,-1,38,40,39,-1,39,40,41,-1,40,11,41,-1,41,11,10,-1,42,43,44,-1,44,43,45,-1,44,45,46,-1,46,45,47,-1,46,47,48,-1,48,47,49,-1,48,49,50,-1,50,49,51,-1,50,51,12,-1,12,51,13,-1,52,53,54,-1,52,54,55,-1,55,54,56,-1,55,56,57,-1,57,56,58,-1,57,58,59,-1,59,58,60,-1,59,60,61,-1,61,60,62,-1,61,62,63,-1,52,64,53,-1,53,64,65,-1,66,67,68,-1,66,68,69,-1,69,68,70,-1,69,70,71,-1,71,70,72,-1,71,72,73,-1,73,72,74,-1,73,74,75,-1,75,74,76,-1,75,76,77,-1,66,78,67,-1,67,78,79,-1,80,81,82,-1,82,81,83,-1,82,83,84,-1,84,83,85,-1,84,85,86,-1,86,85,87,-1,86,87,88,-1,88,87,89,-1,88,89,78,-1,78,89,79,-1,80,90,81,-1,81,90,91,-1,90,92,91,-1,91,92,93,-1,92,63,93,-1,93,63,62,-1,94,95,96,-1,96,95,97,-1,96,97,98,-1,98,97,99,-1,98,99,100,-1,100,99,101,-1,100,101,102,-1,102,101,103,-1,102,103,64,-1,64,103,65,-1,104,105,106,-1,104,106,107,-1,107,106,108,-1,107,108,109,-1,109,108,110,-1,109,110,111,-1,111,110,112,-1,111,112,113,-1,113,112,114,-1,113,114,115,-1,104,116,105,-1,105,116,117,-1,118,119,120,-1,118,120,121,-1,121,120,122,-1,121,122,123,-1,123,122,124,-1,123,124,125,-1,125,124,126,-1,125,126,127,-1,127,126,128,-1,127,128,129,-1,118,130,119,-1,119,130,131,-1,132,133,134,-1,134,133,135,-1,134,135,136,-1,136,135,137,-1,136,137,138,-1,138,137,139,-1,138,139,140,-1,140,139,141,-1,140,141,130,-1,130,141,131,-1,132,142,133,-1,133,142,143,-1,142,144,143,-1,143,144,145,-1,144,115,145,-1,145,115,114,-1,146,147,148,-1,148,147,149,-1,148,149,150,-1,150,149,151,-1,150,151,152,-1,152,151,153,-1,152,153,154,-1,154,153,155,-1,154,155,116,-1,116,155,117,-1,
        ]
    }
}
Shape{
    appearance Appearance {
        material  Material 	{
            diffuseColor 0.20784313725490197 0.20784313725490197 0.20784313725490197
            specularColor 0.01568627450980392 0.01568627450980392 0.01568627450980392
            ambientIntensity 0.298
            transparency 0.0
            shininess 0.5
        }
    }
    geometry IndexedFaceSet {
        ccw TRUE
        solid FALSE
        coord DEF co Coordinate {
            point [
                -0.689 2.7429 0.7087, -0.689 2.7429 1.2992, -0.0984 2.7429 0.7087, -0.0984 2.7429 1.2992, -0.0984 2.1917 0.7087, -0.0984 1.365 1.1417, -0.0984 1.9555 1.1417, -0.0984 1.365 1.2992, -0.0984 1.9949 1.1417, -0.0984 1.9949 0.9055, 0.689 1.365 1.2992, 0.689 1.365 1.1417, 1.7913 1.7193 1.122, 1.7913 1.9555 1.122, 1.7913 1.7193 1.2992, 1.7913 1.9555 1.2992, 1.7887 1.9555 1.3196, 1.7887 1.7193 1.3196, 1.7808 1.9555 1.3386, 1.7808 1.7193 1.3386, 1.7683 1.9555 1.3549, 1.7683 1.7193 1.3549, 1.752 1.9555 1.3674, 1.752 1.7193 1.3674, 1.733 1.9555 1.3753, 1.733 1.7193 1.3753, 1.7126 1.9555 1.378, 1.7126 1.7193 1.378, 1.5551 1.9555 1.378, 1.5551 1.7193 1.378, 1.5551 1.9555 1.2992, 1.5551 1.7193 1.2992, 0.689 1.9555 1.1417, 0.689 1.9555 1.2992, -0.689 1.9555 1.1417, -0.689 1.9949 1.1417, -0.689 2.1917 0.7087, -0.689 1.9949 0.9055, -0.689 1.9555 1.2992, -1.5551 1.7193 1.2992, -1.5551 1.9555 1.2992, -1.5551 1.7193 1.378, -1.5551 1.9555 1.378, -1.7126 1.7193 1.378, -1.7126 1.9555 1.378, -1.7913 1.9555 1.2992, -1.7913 1.7193 1.2992, -1.7887 1.7193 1.3196, -1.7887 1.9555 1.3196, -1.7808 1.7193 1.3386, -1.7808 1.9555 1.3386, -1.7683 1.7193 1.3549, -1.7683 1.9555 1.3549, -1.752 1.7193 1.3674, -1.752 1.9555 1.3674, -1.733 1.7193 1.3753, -1.733 1.9555 1.3753, -1.7913 1.9555 1.122, -1.7913 1.7193 1.122, -1.7913 0.5776 1.122, -1.7913 0.5776 1.2992, -1.7913 0.8138 1.122, -1.7913 0.8138 1.2992, -1.7887 0.5776 1.3196, -1.7887 0.8138 1.3196, -1.7808 0.5776 1.3386, -1.7808 0.8138 1.3386, -1.7683 0.5776 1.3549, -1.7683 0.8138 1.3549, -1.752 0.5776 1.3674, -1.752 0.8138 1.3674, -1.733 0.5776 1.3753, -1.733 0.8138 1.3753, -1.7126 0.5776 1.378, -1.7126 0.8138 1.378, -1.5551 0.5776 1.378, -1.5551 0.8138 1.378, -1.5551 0.5776 1.2992, -1.5551 0.8138 1.2992, 1.5551 0.8138 1.2992, 1.5551 0.5776 1.2992, 1.5551 0.8138 1.378, 1.5551 0.5776 1.378, 1.7126 0.8138 1.378, 1.7126 0.5776 1.378, 1.7913 0.5776 1.2992, 1.7913 0.8138 1.2992, 1.7887 0.8138 1.3196, 1.7887 0.5776 1.3196, 1.7808 0.8138 1.3386, 1.7808 0.5776 1.3386, 1.7683 0.8138 1.3549, 1.7683 0.5776 1.3549, 1.752 0.8138 1.3674, 1.752 0.5776 1.3674, 1.733 0.8138 1.3753, 1.733 0.5776 1.3753, 1.7913 0.8138 1.122, 1.7913 0.5776 1.122
            ]
        }
        coordIndex [
            0,1,2,-1,2,1,3,-1,4,2,3,-1,5,6,7,-1,7,6,8,-1,7,8,3,-1,3,8,9,-1,3,9,4,-1,10,11,7,-1,7,11,5,-1,12,13,14,-1,14,13,15,-1,14,15,16,-1,14,16,17,-1,17,16,18,-1,17,18,19,-1,19,18,20,-1,19,20,21,-1,21,20,22,-1,21,22,23,-1,23,22,24,-1,23,24,25,-1,25,24,26,-1,25,26,27,-1,26,28,27,-1,27,28,29,-1,30,31,28,-1,28,31,29,-1,11,10,32,-1,32,10,33,-1,5,11,6,-1,6,11,32,-1,34,35,6,-1,6,35,8,-1,36,37,35,-1,0,36,1,-1,1,36,35,-1,1,35,38,-1,38,35,34,-1,39,40,41,-1,41,40,42,-1,43,41,44,-1,44,41,42,-1,45,46,47,-1,45,47,48,-1,48,47,49,-1,48,49,50,-1,50,49,51,-1,50,51,52,-1,52,51,53,-1,52,53,54,-1,54,53,55,-1,54,55,56,-1,56,55,43,-1,56,43,44,-1,45,57,46,-1,46,57,58,-1,59,60,61,-1,61,60,62,-1,62,60,63,-1,62,63,64,-1,64,63,65,-1,64,65,66,-1,66,65,67,-1,66,67,68,-1,68,67,69,-1,68,69,70,-1,70,69,71,-1,70,71,72,-1,72,71,73,-1,72,73,74,-1,73,75,74,-1,74,75,76,-1,77,78,75,-1,75,78,76,-1,79,80,81,-1,81,80,82,-1,83,81,84,-1,84,81,82,-1,85,86,87,-1,85,87,88,-1,88,87,89,-1,88,89,90,-1,90,89,91,-1,90,91,92,-1,92,91,93,-1,92,93,94,-1,94,93,95,-1,94,95,96,-1,96,95,83,-1,96,83,84,-1,86,85,97,-1,97,85,98,-1,
        ]
    }
}
Shape{
    appearance Appearance {
        material  Material 	{
            diffuseColor 0.6666666666666666 0.6666666666666666 0.6666666666666666
            specularColor 0.4666666666666667 0.4666666666666667 0.4666666666666667
            ambientIntensity 0.6667
            transparency 0.0
            shininess 0.5
        }
    }
    geometry IndexedFaceSet {
        ccw TRUE
        solid FALSE
        coord DEF co Coordinate {
            point [
                1.1024 -0.0917 0.1181, 1.1024 -0.0917 0.0, 1.1024 0.2626 0.1181, 1.1024 0.2626 0.0, 1.1024 0.2721 0.1193, 1.1024 0.3007 0.0047, 1.1024 0.2811 0.1227, 1.1024 0.3365 0.0184, 1.1024 0.2889 0.1282, 1.1024 0.368 0.0405, 1.1024 0.2952 0.1355, 1.1024 0.3932 0.0694, 1.1024 0.2996 0.144, 1.1024 0.4106 0.1036, 1.1024 0.3814 0.3688, 1.1024 0.4924 0.3284, 1.1024 0.3988 0.403, 1.1024 0.4968 0.337, 1.1024 0.424 0.432, 1.1024 0.5031 0.3442, 1.1024 0.4555 0.454, 1.1024 0.5109 0.3497, 1.1024 0.4913 0.4678, 1.1024 0.5199 0.3532, 1.1024 0.5294 0.4724, 1.1024 0.5294 0.3543, 1.1024 0.5776 0.4724, 1.1024 0.5776 0.3543, 0.8661 0.5776 0.4724, 0.8661 0.5294 0.4724, 0.8661 0.5776 0.3543, 0.8661 0.5294 0.3543, 0.8661 0.4913 0.4678, 0.8661 0.5199 0.3532, 0.8661 0.4555 0.454, 0.8661 0.5109 0.3497, 0.8661 0.424 0.432, 0.8661 0.5031 0.3442, 0.8661 0.3988 0.403, 0.8661 0.4968 0.337, 0.8661 0.3814 0.3688, 0.8661 0.4924 0.3284, 0.8661 0.2996 0.144, 0.8661 0.4106 0.1036, 0.8661 0.2952 0.1355, 0.8661 0.3932 0.0694, 0.8661 0.2889 0.1282, 0.8661 0.368 0.0405, 0.8661 0.2811 0.1227, 0.8661 0.3365 0.0184, 0.8661 0.2721 0.1193, 0.8661 0.3007 0.0047, 0.8661 0.2626 0.1181, 0.8661 0.2626 0.0, 0.8661 -0.0917 0.1181, 0.8661 -0.0917 0.0, 0.1181 0.5776 0.3543, 0.1181 0.5776 0.4724, 0.1181 0.5294 0.3543, 0.1181 0.5294 0.4724, 0.1181 0.5199 0.3532, 0.1181 0.4913 0.4678, 0.1181 0.5109 0.3497, 0.1181 0.4555 0.454, 0.1181 0.5031 0.3442, 0.1181 0.424 0.432, 0.1181 0.4968 0.337, 0.1181 0.3988 0.403, 0.1181 0.4924 0.3284, 0.1181 0.3814 0.3688, 0.1181 0.4106 0.1036, 0.1181 0.2996 0.144, 0.1181 0.3932 0.0694, 0.1181 0.2952 0.1355, 0.1181 0.368 0.0405, 0.1181 0.2889 0.1282, 0.1181 0.3365 0.0184, 0.1181 0.2811 0.1227, 0.1181 0.3007 0.0047, 0.1181 0.2721 0.1193, 0.1181 0.2626 0.0, 0.1181 0.2626 0.1181, 0.1181 -0.0917 0.0, 0.1181 -0.0917 0.1181, -0.1181 0.5776 0.4724, -0.1181 0.5294 0.4724, -0.1181 0.5776 0.3543, -0.1181 0.5294 0.3543, -0.1181 0.4913 0.4678, -0.1181 0.5199 0.3532, -0.1181 0.4555 0.454, -0.1181 0.5109 0.3497, -0.1181 0.424 0.432, -0.1181 0.5031 0.3442, -0.1181 0.3988 0.403, -0.1181 0.4968 0.337, -0.1181 0.3814 0.3688, -0.1181 0.4924 0.3284, -0.1181 0.2996 0.144, -0.1181 0.4106 0.1036, -0.1181 0.2952 0.1355, -0.1181 0.3932 0.0694, -0.1181 0.2889 0.1282, -0.1181 0.368 0.0405, -0.1181 0.2811 0.1227, -0.1181 0.3365 0.0184, -0.1181 0.2721 0.1193, -0.1181 0.3007 0.0047, -0.1181 0.2626 0.1181, -0.1181 0.2626 0.0, -0.1181 -0.0917 0.1181, -0.1181 -0.0917 0.0, -0.8661 0.5776 0.3543, -0.8661 0.5776 0.4724, -0.8661 0.5294 0.3543, -0.8661 0.5294 0.4724, -0.8661 0.5199 0.3532, -0.8661 0.4913 0.4678, -0.8661 0.5109 0.3497, -0.8661 0.4555 0.454, -0.8661 0.5031 0.3442, -0.8661 0.424 0.432, -0.8661 0.4968 0.337, -0.8661 0.3988 0.403, -0.8661 0.4924 0.3284, -0.8661 0.3814 0.3688, -0.8661 0.4106 0.1036, -0.8661 0.2996 0.144, -0.8661 0.3932 0.0694, -0.8661 0.2952 0.1355, -0.8661 0.368 0.0405, -0.8661 0.2889 0.1282, -0.8661 0.3365 0.0184, -0.8661 0.2811 0.1227, -0.8661 0.3007 0.0047, -0.8661 0.2721 0.1193, -0.8661 0.2626 0.0, -0.8661 0.2626 0.1181, -0.8661 -0.0917 0.0, -0.8661 -0.0917 0.1181, -1.1024 0.5776 0.4724, -1.1024 0.5294 0.4724, -1.1024 0.5776 0.3543, -1.1024 0.5294 0.3543, -1.1024 0.4913 0.4678, -1.1024 0.5199 0.3532, -1.1024 0.4555 0.454, -1.1024 0.5109 0.3497, -1.1024 0.424 0.432, -1.1024 0.5031 0.3442, -1.1024 0.3988 0.403, -1.1024 0.4968 0.337, -1.1024 0.3814 0.3688, -1.1024 0.4924 0.3284, -1.1024 0.2996 0.144, -1.1024 0.4106 0.1036, -1.1024 0.2952 0.1355, -1.1024 0.3932 0.0694, -1.1024 0.2889 0.1282, -1.1024 0.368 0.0405, -1.1024 0.2811 0.1227, -1.1024 0.3365 0.0184, -1.1024 0.2721 0.1193, -1.1024 0.3007 0.0047, -1.1024 0.2626 0.1181, -1.1024 0.2626 0.0, -1.1024 -0.0917 0.1181, -1.1024 -0.0917 0.0
            ]
        }
        coordIndex [
            0,1,2,-1,2,1,3,-1,2,3,4,-1,4,3,5,-1,4,5,6,-1,6,5,7,-1,6,7,8,-1,8,7,9,-1,8,9,10,-1,10,9,11,-1,10,11,12,-1,12,11,13,-1,12,13,14,-1,14,13,15,-1,14,15,16,-1,16,15,17,-1,16,17,18,-1,18,17,19,-1,18,19,20,-1,20,19,21,-1,20,21,22,-1,22,21,23,-1,22,23,24,-1,24,23,25,-1,24,25,26,-1,26,25,27,-1,28,29,26,-1,26,29,24,-1,28,30,29,-1,29,30,31,-1,29,31,32,-1,32,31,33,-1,32,33,34,-1,34,33,35,-1,34,35,36,-1,36,35,37,-1,36,37,38,-1,38,37,39,-1,38,39,40,-1,40,39,41,-1,40,41,42,-1,42,41,43,-1,42,43,44,-1,44,43,45,-1,44,45,46,-1,46,45,47,-1,46,47,48,-1,48,47,49,-1,48,49,50,-1,50,49,51,-1,50,51,52,-1,52,51,53,-1,52,53,54,-1,54,53,55,-1,31,30,25,-1,25,30,27,-1,56,57,58,-1,58,57,59,-1,58,59,60,-1,60,59,61,-1,60,61,62,-1,62,61,63,-1,62,63,64,-1,64,63,65,-1,64,65,66,-1,66,65,67,-1,66,67,68,-1,68,67,69,-1,68,69,70,-1,70,69,71,-1,70,71,72,-1,72,71,73,-1,72,73,74,-1,74,73,75,-1,74,75,76,-1,76,75,77,-1,76,77,78,-1,78,77,79,-1,78,79,80,-1,80,79,81,-1,80,81,82,-1,82,81,83,-1,84,85,57,-1,57,85,59,-1,84,86,85,-1,85,86,87,-1,85,87,88,-1,88,87,89,-1,88,89,90,-1,90,89,91,-1,90,91,92,-1,92,91,93,-1,92,93,94,-1,94,93,95,-1,94,95,96,-1,96,95,97,-1,96,97,98,-1,98,97,99,-1,98,99,100,-1,100,99,101,-1,100,101,102,-1,102,101,103,-1,102,103,104,-1,104,103,105,-1,104,105,106,-1,106,105,107,-1,106,107,108,-1,108,107,109,-1,108,109,110,-1,110,109,111,-1,87,86,58,-1,58,86,56,-1,112,113,114,-1,114,113,115,-1,114,115,116,-1,116,115,117,-1,116,117,118,-1,118,117,119,-1,118,119,120,-1,120,119,121,-1,120,121,122,-1,122,121,123,-1,122,123,124,-1,124,123,125,-1,124,125,126,-1,126,125,127,-1,126,127,128,-1,128,127,129,-1,128,129,130,-1,130,129,131,-1,130,131,132,-1,132,131,133,-1,132,133,134,-1,134,133,135,-1,134,135,136,-1,136,135,137,-1,136,137,138,-1,138,137,139,-1,140,141,113,-1,113,141,115,-1,140,142,141,-1,141,142,143,-1,141,143,144,-1,144,143,145,-1,144,145,146,-1,146,145,147,-1,146,147,148,-1,148,147,149,-1,148,149,150,-1,150,149,151,-1,150,151,152,-1,152,151,153,-1,152,153,154,-1,154,153,155,-1,154,155,156,-1,156,155,157,-1,156,157,158,-1,158,157,159,-1,158,159,160,-1,160,159,161,-1,160,161,162,-1,162,161,163,-1,162,163,164,-1,164,163,165,-1,164,165,166,-1,166,165,167,-1,143,142,114,-1,114,142,112,-1,
        ]
    }
}
Shape{
    appearance Appearance {
        material  Material 	{
            diffuseColor 0.20784313725490197 0.20784313725490197 0.20784313725490197
            specularColor 0.01568627450980392 0.01568627450980392 0.01568627450980392
            ambientIntensity 0.298
            transparency 0.0
            shininess 0.5
        }
    }
    geometry IndexedFaceSet {
        ccw TRUE
        solid FALSE
        coord DEF co Coordinate {
            point [
                1.7913 0.8138 1.122, 1.7913 0.5776 1.122, 1.7126 0.8138 1.122, 1.7126 0.5776 1.122, 1.5551 0.8138 1.2992, 1.5551 0.8138 1.378, 1.7126 0.8138 1.2992, 1.7126 0.8138 1.378, 1.733 0.8138 1.3753, 1.7913 0.8138 1.2992, 1.7887 0.8138 1.3196, 1.7808 0.8138 1.3386, 1.752 0.8138 1.3674, 1.7683 0.8138 1.3549, 1.7126 1.7193 1.2992, 1.7683 1.7193 1.3549, 1.752 1.7193 1.3674, 1.7126 1.7193 1.122, 1.7913 1.7193 1.122, 1.7913 1.7193 1.2992, 1.5551 1.7193 1.378, 1.5551 1.7193 1.2992, 1.7126 1.7193 1.378, 1.733 1.7193 1.3753, 1.7887 1.7193 1.3196, 1.7808 1.7193 1.3386, 1.7126 1.9555 1.122, 1.7913 1.9555 1.122, -1.7913 1.7193 1.122, -1.7913 1.9555 1.122, -1.7126 1.7193 1.122, -1.7126 1.9555 1.122, -1.5551 1.7193 1.2992, -1.5551 1.7193 1.378, -1.7126 1.7193 1.2992, -1.7126 1.7193 1.378, -1.733 1.7193 1.3753, -1.7913 1.7193 1.2992, -1.7887 1.7193 1.3196, -1.7808 1.7193 1.3386, -1.752 1.7193 1.3674, -1.7683 1.7193 1.3549, 1.2493 0.6563 1.2992, 1.2493 0.5776 1.2992, 1.5551 0.5776 1.2992, -1.5551 0.8138 1.2992, -1.5551 0.5776 1.2992, -0.315 0.5776 1.2992, -1.7126 0.8138 1.2992, 1.5551 1.9555 1.2992, 0.689 1.9555 1.2992, 0.689 1.365 1.2992, -0.315 0.6563 1.2992, -0.0984 1.365 1.2992, -1.5551 1.9555 1.2992, -0.689 1.9555 1.2992, -0.689 2.7429 1.2992, -0.0984 2.7429 1.2992, -1.7683 0.8138 1.3549, -1.752 0.8138 1.3674, -1.7126 0.8138 1.122, -1.7913 0.8138 1.122, -1.7913 0.8138 1.2992, -1.5551 0.8138 1.378, -1.7126 0.8138 1.378, -1.733 0.8138 1.3753, -1.7887 0.8138 1.3196, -1.7808 0.8138 1.3386, -1.7126 0.5776 1.122, -1.7913 0.5776 1.122, -1.7126 0.5776 0.3504, -1.7126 1.9555 0.3504, 1.7126 1.9555 0.3504, 1.7126 0.5776 0.3504, -1.7913 0.5776 1.2992, -1.7887 0.5776 1.3196, -1.7126 0.5776 1.378, 1.7126 0.5776 1.378, 1.5551 0.5776 1.378, -1.5551 0.5776 1.378, -1.752 0.5776 1.3674, -1.7683 0.5776 1.3549, -1.7808 0.5776 1.3386, 1.063 0.5776 0.7874, -1.1024 0.5776 0.3543, 0.1181 0.5776 0.4724, -0.1181 0.5776 0.4724, -0.315 0.5776 0.7874, -0.1181 0.5776 0.3543, -1.733 0.5776 1.3753, 1.7913 0.5776 1.2992, 1.1024 0.5776 0.4724, 1.1024 0.5776 0.3543, 0.8661 0.5776 0.3543, 1.7683 0.5776 1.3549, 1.752 0.5776 1.3674, 1.7808 0.5776 1.3386, 1.733 0.5776 1.3753, -0.8661 0.5776 0.3543, -1.1024 0.5776 0.4724, -0.8661 0.5776 0.4724, 0.1181 0.5776 0.3543, 0.8661 0.5776 0.4724, 1.7887 0.5776 1.3196, 1.7913 1.9555 1.2992, -1.7913 1.9555 1.2992, -1.7126 1.9555 1.378, -1.5551 1.9555 1.378, -1.7808 1.9555 1.3386, -1.7683 1.9555 1.3549, -1.752 1.9555 1.3674, 0.689 1.9555 1.1417, 1.7887 1.9555 1.3196, 1.7126 1.9555 1.378, -1.7887 1.9555 1.3196, -1.733 1.9555 1.3753, -0.689 1.9555 1.1417, -0.0984 1.9555 1.1417, 1.5551 1.9555 1.378, 1.733 1.9555 1.3753, 1.752 1.9555 1.3674, 1.7683 1.9555 1.3549, 1.7808 1.9555 1.3386, 1.2795 1.0303 0.0394, 1.2795 1.0303 0.1181, 1.2809 1.0405 0.1181, 1.2809 1.0405 0.0394, 1.2848 1.05 0.1181, 1.2848 1.05 0.0394, 1.2911 1.0582 0.1181, 1.2911 1.0582 0.0394, 1.2992 1.0644 0.1181, 1.2992 1.0644 0.0394, 1.3087 1.0683 0.1181, 1.3087 1.0683 0.0394, 1.3189 1.0697 0.1181, 1.3189 1.0697 0.0394, 1.437 1.0697 0.0394, 1.437 1.0697 0.1181, 1.4472 1.0683 0.1181, 1.4472 1.0683 0.0394, 1.4567 1.0644 0.1181, 1.4567 1.0644 0.0394, 1.4648 1.0582 0.1181, 1.4648 1.0582 0.0394, 1.4711 1.05 0.1181, 1.4711 1.05 0.0394, 1.475 1.0405 0.1181, 1.475 1.0405 0.0394, 1.4764 1.0303 0.1181, 1.4764 1.0303 0.0394, 1.437 1.0683 0.0292, 1.3189 1.0683 0.0292, 1.437 1.0644 0.0197, 1.3189 1.0644 0.0197, 1.437 1.0582 0.0115, 1.3189 1.0582 0.0115, 1.437 1.05 0.0053, 1.3189 1.05 0.0053, 1.437 1.0405 0.0013, 1.3189 1.0405 0.0013, 1.437 1.0303 0.0, 1.3189 1.0303 0.0, 1.2822 1.0402 0.0292, 1.286 1.0493 0.0292, 1.286 1.0391 0.0197, 1.2894 1.0474 0.0197, 1.292 1.0375 0.0115, 1.2948 1.0442 0.0115, 1.2999 1.0354 0.0053, 1.3018 1.0402 0.0053, 1.3091 1.033 0.0013, 1.3101 1.0354 0.0013, 1.292 1.0572 0.0292, 1.2948 1.0544 0.0197, 1.2992 1.05 0.0115, 1.305 1.0442 0.0053, 1.3117 1.0375 0.0013, 1.2809 1.0303 0.0292, 1.2848 1.0303 0.0197, 1.2911 1.0303 0.0115, 1.2992 1.0303 0.0053, 1.3087 1.0303 0.0013, 1.2999 1.0632 0.0292, 1.3091 1.067 0.0292, 1.3018 1.0598 0.0197, 1.3101 1.0632 0.0197, 1.305 1.0544 0.0115, 1.3117 1.0572 0.0115, 1.3091 1.0474 0.0053, 1.3138 1.0493 0.0053, 1.3138 1.0391 0.0013, 1.3163 1.0402 0.0013, 1.4469 1.067 0.0292, 1.456 1.0632 0.0292, 1.4458 1.0632 0.0197, 1.4541 1.0598 0.0197, 1.4442 1.0572 0.0115, 1.4509 1.0544 0.0115, 1.4421 1.0493 0.0053, 1.4469 1.0474 0.0053, 1.4396 1.0402 0.0013, 1.4421 1.0391 0.0013, 1.4639 1.0572 0.0292, 1.4611 1.0544 0.0197, 1.4567 1.05 0.0115, 1.4509 1.0442 0.0053, 1.4442 1.0375 0.0013, 1.4699 1.0493 0.0292, 1.4737 1.0402 0.0292, 1.4665 1.0474 0.0197, 1.4699 1.0391 0.0197, 1.4611 1.0442 0.0115, 1.4639 1.0375 0.0115, 1.4541 1.0402 0.0053, 1.456 1.0354 0.0053, 1.4458 1.0354 0.0013, 1.4469 1.033 0.0013, 1.475 1.0303 0.0292, 1.4711 1.0303 0.0197, 1.4648 1.0303 0.0115, 1.4567 1.0303 0.0053, 1.4472 1.0303 0.0013, 1.2795 0.9122 0.0394, 1.2809 0.9122 0.0292, 1.2848 0.9122 0.0197, 1.2911 0.9122 0.0115, 1.2992 0.9122 0.0053, 1.3087 0.9122 0.0013, 1.3189 0.9122 0.0, 1.3189 0.8728 0.0394, 1.3189 0.8728 0.1181, 1.3087 0.8742 0.1181, 1.3087 0.8742 0.0394, 1.2992 0.8781 0.1181, 1.2992 0.8781 0.0394, 1.2911 0.8844 0.1181, 1.2911 0.8844 0.0394, 1.2848 0.8925 0.1181, 1.2848 0.8925 0.0394, 1.2809 0.902 0.1181, 1.2809 0.902 0.0394, 1.2795 0.9122 0.1181, 1.4764 0.9122 0.0394, 1.4764 0.9122 0.1181, 1.475 0.902 0.1181, 1.475 0.902 0.0394, 1.4711 0.8925 0.1181, 1.4711 0.8925 0.0394, 1.4648 0.8844 0.1181, 1.4648 0.8844 0.0394, 1.4567 0.8781 0.1181, 1.4567 0.8781 0.0394, 1.4472 0.8742 0.1181, 1.4472 0.8742 0.0394, 1.437 0.8728 0.1181, 1.437 0.8728 0.0394, 1.475 0.9122 0.0292, 1.4711 0.9122 0.0197, 1.4648 0.9122 0.0115, 1.4567 0.9122 0.0053, 1.4472 0.9122 0.0013, 1.437 0.9122 0.0, 1.3091 0.8755 0.0292, 1.2999 0.8793 0.0292, 1.3101 0.8793 0.0197, 1.3018 0.8827 0.0197, 1.3117 0.8853 0.0115, 1.305 0.8881 0.0115, 1.3138 0.8932 0.0053, 1.3091 0.8952 0.0053, 1.3163 0.9024 0.0013, 1.3138 0.9034 0.0013, 1.292 0.8853 0.0292, 1.2948 0.8881 0.0197, 1.2992 0.8925 0.0115, 1.305 0.8983 0.0053, 1.3117 0.905 0.0013, 1.3189 0.8742 0.0292, 1.3189 0.8781 0.0197, 1.3189 0.8844 0.0115, 1.3189 0.8925 0.0053, 1.3189 0.902 0.0013, 1.286 0.8932 0.0292, 1.2822 0.9024 0.0292, 1.2894 0.8952 0.0197, 1.286 0.9034 0.0197, 1.2948 0.8983 0.0115, 1.292 0.905 0.0115, 1.3018 0.9024 0.0053, 1.2999 0.9071 0.0053, 1.3101 0.9071 0.0013, 1.3091 0.9096 0.0013, 1.4737 0.9024 0.0292, 1.4699 0.8932 0.0292, 1.4699 0.9034 0.0197, 1.4665 0.8952 0.0197, 1.4639 0.905 0.0115, 1.4611 0.8983 0.0115, 1.456 0.9071 0.0053, 1.4541 0.9024 0.0053, 1.4469 0.9096 0.0013, 1.4458 0.9071 0.0013, 1.4639 0.8853 0.0292, 1.4611 0.8881 0.0197, 1.4567 0.8925 0.0115, 1.4509 0.8983 0.0053, 1.4442 0.905 0.0013, 1.456 0.8793 0.0292, 1.4469 0.8755 0.0292, 1.4541 0.8827 0.0197, 1.4458 0.8793 0.0197, 1.4509 0.8881 0.0115, 1.4442 0.8853 0.0115, 1.4469 0.8952 0.0053, 1.4421 0.8932 0.0053, 1.4421 0.9034 0.0013, 1.4396 0.9024 0.0013, 1.437 0.8742 0.0292, 1.437 0.8781 0.0197, 1.437 0.8844 0.0115, 1.437 0.8925 0.0053, 1.437 0.902 0.0013, 1.437 1.6602 0.0394, 1.437 1.6602 0.1181, 1.4472 1.6589 0.1181, 1.4472 1.6589 0.0394, 1.4567 1.655 0.1181, 1.4567 1.655 0.0394, 1.4648 1.6487 0.1181, 1.4648 1.6487 0.0394, 1.4711 1.6406 0.1181, 1.4711 1.6406 0.0394, 1.475 1.6311 0.1181, 1.475 1.6311 0.0394, 1.4764 1.6209 0.1181, 1.4764 1.6209 0.0394, 1.3189 1.6602 0.0394, 1.437 1.6589 0.0292, 1.3189 1.6589 0.0292, 1.437 1.655 0.0197, 1.3189 1.655 0.0197, 1.437 1.6487 0.0115, 1.3189 1.6487 0.0115, 1.437 1.6406 0.0053, 1.3189 1.6406 0.0053, 1.437 1.6311 0.0013, 1.3189 1.6311 0.0013, 1.437 1.6209 0.0, 1.3189 1.6209 0.0, 1.2795 1.6209 0.0394, 1.2795 1.6209 0.1181, 1.2809 1.6311 0.1181, 1.2809 1.6311 0.0394, 1.2848 1.6406 0.1181, 1.2848 1.6406 0.0394, 1.2911 1.6487 0.1181, 1.2911 1.6487 0.0394, 1.2992 1.655 0.1181, 1.2992 1.655 0.0394, 1.3087 1.6589 0.1181, 1.3087 1.6589 0.0394, 1.3189 1.6602 0.1181, 1.4469 1.6576 0.0292, 1.456 1.6538 0.0292, 1.4458 1.6538 0.0197, 1.4541 1.6504 0.0197, 1.4442 1.6478 0.0115, 1.4509 1.645 0.0115, 1.4421 1.6399 0.0053, 1.4469 1.6379 0.0053, 1.4396 1.6307 0.0013, 1.4421 1.6297 0.0013, 1.4639 1.6478 0.0292, 1.4611 1.645 0.0197, 1.4567 1.6406 0.0115, 1.4509 1.6348 0.0053, 1.4442 1.6281 0.0013, 1.4699 1.6399 0.0292, 1.4737 1.6307 0.0292, 1.4665 1.6379 0.0197, 1.4699 1.6297 0.0197, 1.4611 1.6348 0.0115, 1.4639 1.6281 0.0115, 1.4541 1.6307 0.0053, 1.456 1.626 0.0053, 1.4458 1.626 0.0013, 1.4469 1.6235 0.0013, 1.475 1.6209 0.0292, 1.4711 1.6209 0.0197, 1.4648 1.6209 0.0115, 1.4567 1.6209 0.0053, 1.4472 1.6209 0.0013, 1.2822 1.6307 0.0292, 1.286 1.6399 0.0292, 1.286 1.6297 0.0197, 1.2894 1.6379 0.0197, 1.292 1.6281 0.0115, 1.2948 1.6348 0.0115, 1.2999 1.626 0.0053, 1.3018 1.6307 0.0053, 1.3091 1.6235 0.0013, 1.3101 1.626 0.0013, 1.292 1.6478 0.0292, 1.2948 1.645 0.0197, 1.2992 1.6406 0.0115, 1.305 1.6348 0.0053, 1.3117 1.6281 0.0013, 1.2809 1.6209 0.0292, 1.2848 1.6209 0.0197, 1.2911 1.6209 0.0115, 1.2992 1.6209 0.0053, 1.3087 1.6209 0.0013, 1.2999 1.6538 0.0292, 1.3091 1.6576 0.0292, 1.3018 1.6504 0.0197, 1.3101 1.6538 0.0197, 1.305 1.645 0.0115, 1.3117 1.6478 0.0115, 1.3091 1.6379 0.0053, 1.3138 1.6399 0.0053, 1.3138 1.6297 0.0013, 1.3163 1.6307 0.0013, 1.4764 1.5028 0.0394, 1.4764 1.5028 0.1181, 1.475 1.4926 0.1181, 1.475 1.4926 0.0394, 1.4711 1.4831 0.1181, 1.4711 1.4831 0.0394, 1.4648 1.4749 0.1181, 1.4648 1.4749 0.0394, 1.4567 1.4687 0.1181, 1.4567 1.4687 0.0394, 1.4472 1.4647 0.1181, 1.4472 1.4647 0.0394, 1.437 1.4634 0.1181, 1.437 1.4634 0.0394, 1.475 1.5028 0.0292, 1.4711 1.5028 0.0197, 1.4648 1.5028 0.0115, 1.4567 1.5028 0.0053, 1.4472 1.5028 0.0013, 1.437 1.5028 0.0, 1.2795 1.5028 0.0394, 1.2809 1.5028 0.0292, 1.2848 1.5028 0.0197, 1.2911 1.5028 0.0115, 1.2992 1.5028 0.0053, 1.3087 1.5028 0.0013, 1.3189 1.5028 0.0, 1.3189 1.4634 0.0394, 1.3189 1.4634 0.1181, 1.3087 1.4647 0.1181, 1.3087 1.4647 0.0394, 1.2992 1.4687 0.1181, 1.2992 1.4687 0.0394, 1.2911 1.4749 0.1181, 1.2911 1.4749 0.0394, 1.2848 1.4831 0.1181, 1.2848 1.4831 0.0394, 1.2809 1.4926 0.1181, 1.2809 1.4926 0.0394, 1.2795 1.5028 0.1181, 1.4737 1.4929 0.0292, 1.4699 1.4837 0.0292, 1.4699 1.4939 0.0197, 1.4665 1.4857 0.0197, 1.4639 1.4956 0.0115, 1.4611 1.4888 0.0115, 1.456 1.4977 0.0053, 1.4541 1.4929 0.0053, 1.4469 1.5001 0.0013, 1.4458 1.4977 0.0013, 1.4639 1.4759 0.0292, 1.4611 1.4786 0.0197, 1.4567 1.4831 0.0115, 1.4509 1.4888 0.0053, 1.4442 1.4956 0.0013, 1.456 1.4698 0.0292, 1.4469 1.466 0.0292, 1.4541 1.4732 0.0197, 1.4458 1.4698 0.0197, 1.4509 1.4786 0.0115, 1.4442 1.4759 0.0115, 1.4469 1.4857 0.0053, 1.4421 1.4837 0.0053, 1.4421 1.4939 0.0013, 1.4396 1.4929 0.0013, 1.437 1.4647 0.0292, 1.437 1.4687 0.0197, 1.437 1.4749 0.0115, 1.437 1.4831 0.0053, 1.437 1.4926 0.0013, 1.3091 1.466 0.0292, 1.2999 1.4698 0.0292, 1.3101 1.4698 0.0197, 1.3018 1.4732 0.0197, 1.3117 1.4759 0.0115, 1.305 1.4786 0.0115, 1.3138 1.4837 0.0053, 1.3091 1.4857 0.0053, 1.3163 1.4929 0.0013, 1.3138 1.4939 0.0013, 1.292 1.4759 0.0292, 1.2948 1.4786 0.0197, 1.2992 1.4831 0.0115, 1.305 1.4888 0.0053, 1.3117 1.4956 0.0013, 1.3189 1.4647 0.0292, 1.3189 1.4687 0.0197, 1.3189 1.4749 0.0115, 1.3189 1.4831 0.0053, 1.3189 1.4926 0.0013, 1.286 1.4837 0.0292, 1.2822 1.4929 0.0292, 1.2894 1.4857 0.0197, 1.286 1.4939 0.0197, 1.2948 1.4888 0.0115, 1.292 1.4956 0.0115, 1.3018 1.4929 0.0053, 1.2999 1.4977 0.0053, 1.3101 1.4977 0.0013, 1.3091 1.5001 0.0013, -1.2795 1.5028 0.0394, -1.2795 1.5028 0.1181, -1.2809 1.4926 0.1181, -1.2809 1.4926 0.0394, -1.2848 1.4831 0.1181, -1.2848 1.4831 0.0394, -1.2911 1.4749 0.1181, -1.2911 1.4749 0.0394, -1.2992 1.4687 0.1181, -1.2992 1.4687 0.0394, -1.3087 1.4647 0.1181, -1.3087 1.4647 0.0394, -1.3189 1.4634 0.1181, -1.3189 1.4634 0.0394, -1.437 1.4634 0.0394, -1.437 1.4634 0.1181, -1.4472 1.4647 0.1181, -1.4472 1.4647 0.0394, -1.4567 1.4687 0.1181, -1.4567 1.4687 0.0394, -1.4648 1.4749 0.1181, -1.4648 1.4749 0.0394, -1.4711 1.4831 0.1181, -1.4711 1.4831 0.0394, -1.475 1.4926 0.1181, -1.475 1.4926 0.0394, -1.4764 1.5028 0.1181, -1.4764 1.5028 0.0394, -1.437 1.4647 0.0292, -1.3189 1.4647 0.0292, -1.437 1.4687 0.0197, -1.3189 1.4687 0.0197, -1.437 1.4749 0.0115, -1.3189 1.4749 0.0115, -1.437 1.4831 0.0053, -1.3189 1.4831 0.0053, -1.437 1.4926 0.0013, -1.3189 1.4926 0.0013, -1.437 1.5028 0.0, -1.3189 1.5028 0.0, -1.2822 1.4929 0.0292, -1.286 1.4837 0.0292, -1.286 1.4939 0.0197, -1.2894 1.4857 0.0197, -1.292 1.4956 0.0115, -1.2948 1.4888 0.0115, -1.2999 1.4977 0.0053, -1.3018 1.4929 0.0053, -1.3091 1.5001 0.0013, -1.3101 1.4977 0.0013, -1.292 1.4759 0.0292, -1.2948 1.4786 0.0197, -1.2992 1.4831 0.0115, -1.305 1.4888 0.0053, -1.3117 1.4956 0.0013, -1.2809 1.5028 0.0292, -1.2848 1.5028 0.0197, -1.2911 1.5028 0.0115, -1.2992 1.5028 0.0053, -1.3087 1.5028 0.0013, -1.2999 1.4698 0.0292, -1.3091 1.466 0.0292, -1.3018 1.4732 0.0197, -1.3101 1.4698 0.0197, -1.305 1.4786 0.0115, -1.3117 1.4759 0.0115, -1.3091 1.4857 0.0053, -1.3138 1.4837 0.0053, -1.3138 1.4939 0.0013, -1.3163 1.4929 0.0013, -1.4469 1.466 0.0292, -1.456 1.4698 0.0292, -1.4458 1.4698 0.0197, -1.4541 1.4732 0.0197, -1.4442 1.4759 0.0115, -1.4509 1.4786 0.0115, -1.4421 1.4837 0.0053, -1.4469 1.4857 0.0053, -1.4396 1.4929 0.0013, -1.4421 1.4939 0.0013, -1.4639 1.4759 0.0292, -1.4611 1.4786 0.0197, -1.4567 1.4831 0.0115, -1.4509 1.4888 0.0053, -1.4442 1.4956 0.0013, -1.4699 1.4837 0.0292, -1.4737 1.4929 0.0292, -1.4665 1.4857 0.0197, -1.4699 1.4939 0.0197, -1.4611 1.4888 0.0115, -1.4639 1.4956 0.0115, -1.4541 1.4929 0.0053, -1.456 1.4977 0.0053, -1.4458 1.4977 0.0013, -1.4469 1.5001 0.0013, -1.475 1.5028 0.0292, -1.4711 1.5028 0.0197, -1.4648 1.5028 0.0115, -1.4567 1.5028 0.0053, -1.4472 1.5028 0.0013, -1.2795 1.6209 0.0394, -1.2809 1.6209 0.0292, -1.2848 1.6209 0.0197, -1.2911 1.6209 0.0115, -1.2992 1.6209 0.0053, -1.3087 1.6209 0.0013, -1.3189 1.6209 0.0, -1.3189 1.6602 0.0394, -1.3189 1.6602 0.1181, -1.3087 1.6589 0.1181, -1.3087 1.6589 0.0394, -1.2992 1.655 0.1181, -1.2992 1.655 0.0394, -1.2911 1.6487 0.1181, -1.2911 1.6487 0.0394, -1.2848 1.6406 0.1181, -1.2848 1.6406 0.0394, -1.2809 1.6311 0.1181, -1.2809 1.6311 0.0394, -1.2795 1.6209 0.1181, -1.4764 1.6209 0.0394, -1.4764 1.6209 0.1181, -1.475 1.6311 0.1181, -1.475 1.6311 0.0394, -1.4711 1.6406 0.1181, -1.4711 1.6406 0.0394, -1.4648 1.6487 0.1181, -1.4648 1.6487 0.0394, -1.4567 1.655 0.1181, -1.4567 1.655 0.0394, -1.4472 1.6589 0.1181, -1.4472 1.6589 0.0394, -1.437 1.6602 0.1181, -1.437 1.6602 0.0394, -1.475 1.6209 0.0292, -1.4711 1.6209 0.0197, -1.4648 1.6209 0.0115, -1.4567 1.6209 0.0053, -1.4472 1.6209 0.0013, -1.437 1.6209 0.0, -1.3091 1.6576 0.0292, -1.2999 1.6538 0.0292, -1.3101 1.6538 0.0197, -1.3018 1.6504 0.0197, -1.3117 1.6478 0.0115, -1.305 1.645 0.0115, -1.3138 1.6399 0.0053, -1.3091 1.6379 0.0053, -1.3163 1.6307 0.0013, -1.3138 1.6297 0.0013, -1.292 1.6478 0.0292, -1.2948 1.645 0.0197, -1.2992 1.6406 0.0115, -1.305 1.6348 0.0053, -1.3117 1.6281 0.0013, -1.3189 1.6589 0.0292, -1.3189 1.655 0.0197, -1.3189 1.6487 0.0115, -1.3189 1.6406 0.0053, -1.3189 1.6311 0.0013, -1.286 1.6399 0.0292, -1.2822 1.6307 0.0292, -1.2894 1.6379 0.0197, -1.286 1.6297 0.0197, -1.2948 1.6348 0.0115, -1.292 1.6281 0.0115, -1.3018 1.6307 0.0053, -1.2999 1.626 0.0053, -1.3101 1.626 0.0013, -1.3091 1.6235 0.0013, -1.4737 1.6307 0.0292, -1.4699 1.6399 0.0292, -1.4699 1.6297 0.0197, -1.4665 1.6379 0.0197, -1.4639 1.6281 0.0115, -1.4611 1.6348 0.0115, -1.456 1.626 0.0053, -1.4541 1.6307 0.0053, -1.4469 1.6235 0.0013, -1.4458 1.626 0.0013, -1.4639 1.6478 0.0292, -1.4611 1.645 0.0197, -1.4567 1.6406 0.0115, -1.4509 1.6348 0.0053, -1.4442 1.6281 0.0013, -1.456 1.6538 0.0292, -1.4469 1.6576 0.0292, -1.4541 1.6504 0.0197, -1.4458 1.6538 0.0197, -1.4509 1.645 0.0115, -1.4442 1.6478 0.0115, -1.4469 1.6379 0.0053, -1.4421 1.6399 0.0053, -1.4421 1.6297 0.0013, -1.4396 1.6307 0.0013, -1.437 1.6589 0.0292, -1.437 1.655 0.0197, -1.437 1.6487 0.0115, -1.437 1.6406 0.0053, -1.437 1.6311 0.0013, -1.437 0.8728 0.0394, -1.437 0.8728 0.1181, -1.4472 0.8742 0.1181, -1.4472 0.8742 0.0394, -1.4567 0.8781 0.1181, -1.4567 0.8781 0.0394, -1.4648 0.8844 0.1181, -1.4648 0.8844 0.0394, -1.4711 0.8925 0.1181, -1.4711 0.8925 0.0394, -1.475 0.902 0.1181, -1.475 0.902 0.0394, -1.4764 0.9122 0.1181, -1.4764 0.9122 0.0394, -1.3189 0.8728 0.0394, -1.437 0.8742 0.0292, -1.3189 0.8742 0.0292, -1.437 0.8781 0.0197, -1.3189 0.8781 0.0197, -1.437 0.8844 0.0115, -1.3189 0.8844 0.0115, -1.437 0.8925 0.0053, -1.3189 0.8925 0.0053, -1.437 0.902 0.0013, -1.3189 0.902 0.0013, -1.437 0.9122 0.0, -1.3189 0.9122 0.0, -1.2795 0.9122 0.0394, -1.2795 0.9122 0.1181, -1.2809 0.902 0.1181, -1.2809 0.902 0.0394, -1.2848 0.8925 0.1181, -1.2848 0.8925 0.0394, -1.2911 0.8844 0.1181, -1.2911 0.8844 0.0394, -1.2992 0.8781 0.1181, -1.2992 0.8781 0.0394, -1.3087 0.8742 0.1181, -1.3087 0.8742 0.0394, -1.3189 0.8728 0.1181, -1.4469 0.8755 0.0292, -1.456 0.8793 0.0292, -1.4458 0.8793 0.0197, -1.4541 0.8827 0.0197, -1.4442 0.8853 0.0115, -1.4509 0.8881 0.0115, -1.4421 0.8932 0.0053, -1.4469 0.8952 0.0053, -1.4396 0.9024 0.0013, -1.4421 0.9034 0.0013, -1.4639 0.8853 0.0292, -1.4611 0.8881 0.0197, -1.4567 0.8925 0.0115, -1.4509 0.8983 0.0053, -1.4442 0.905 0.0013, -1.4699 0.8932 0.0292, -1.4737 0.9024 0.0292, -1.4665 0.8952 0.0197, -1.4699 0.9034 0.0197, -1.4611 0.8983 0.0115, -1.4639 0.905 0.0115, -1.4541 0.9024 0.0053, -1.456 0.9071 0.0053, -1.4458 0.9071 0.0013, -1.4469 0.9096 0.0013, -1.475 0.9122 0.0292, -1.4711 0.9122 0.0197, -1.4648 0.9122 0.0115, -1.4567 0.9122 0.0053, -1.4472 0.9122 0.0013, -1.2822 0.9024 0.0292, -1.286 0.8932 0.0292, -1.286 0.9034 0.0197, -1.2894 0.8952 0.0197, -1.292 0.905 0.0115, -1.2948 0.8983 0.0115, -1.2999 0.9071 0.0053, -1.3018 0.9024 0.0053, -1.3091 0.9096 0.0013, -1.3101 0.9071 0.0013, -1.292 0.8853 0.0292, -1.2948 0.8881 0.0197, -1.2992 0.8925 0.0115, -1.305 0.8983 0.0053, -1.3117 0.905 0.0013, -1.2809 0.9122 0.0292, -1.2848 0.9122 0.0197, -1.2911 0.9122 0.0115, -1.2992 0.9122 0.0053, -1.3087 0.9122 0.0013, -1.2999 0.8793 0.0292, -1.3091 0.8755 0.0292, -1.3018 0.8827 0.0197, -1.3101 0.8793 0.0197, -1.305 0.8881 0.0115, -1.3117 0.8853 0.0115, -1.3091 0.8952 0.0053, -1.3138 0.8932 0.0053, -1.3138 0.9034 0.0013, -1.3163 0.9024 0.0013, -1.4764 1.0303 0.0394, -1.4764 1.0303 0.1181, -1.475 1.0405 0.1181, -1.475 1.0405 0.0394, -1.4711 1.05 0.1181, -1.4711 1.05 0.0394, -1.4648 1.0582 0.1181, -1.4648 1.0582 0.0394, -1.4567 1.0644 0.1181, -1.4567 1.0644 0.0394, -1.4472 1.0683 0.1181, -1.4472 1.0683 0.0394, -1.437 1.0697 0.1181, -1.437 1.0697 0.0394, -1.475 1.0303 0.0292, -1.4711 1.0303 0.0197, -1.4648 1.0303 0.0115, -1.4567 1.0303 0.0053, -1.4472 1.0303 0.0013, -1.437 1.0303 0.0, -1.2795 1.0303 0.0394, -1.2809 1.0303 0.0292, -1.2848 1.0303 0.0197, -1.2911 1.0303 0.0115, -1.2992 1.0303 0.0053, -1.3087 1.0303 0.0013, -1.3189 1.0303 0.0, -1.3189 1.0697 0.0394, -1.3189 1.0697 0.1181, -1.3087 1.0683 0.1181, -1.3087 1.0683 0.0394, -1.2992 1.0644 0.1181, -1.2992 1.0644 0.0394, -1.2911 1.0582 0.1181, -1.2911 1.0582 0.0394, -1.2848 1.05 0.1181, -1.2848 1.05 0.0394, -1.2809 1.0405 0.1181, -1.2809 1.0405 0.0394, -1.2795 1.0303 0.1181, -1.4737 1.0402 0.0292, -1.4699 1.0493 0.0292, -1.4699 1.0391 0.0197, -1.4665 1.0474 0.0197, -1.4639 1.0375 0.0115, -1.4611 1.0442 0.0115, -1.456 1.0354 0.0053, -1.4541 1.0402 0.0053, -1.4469 1.033 0.0013, -1.4458 1.0354 0.0013, -1.4639 1.0572 0.0292, -1.4611 1.0544 0.0197, -1.4567 1.05 0.0115, -1.4509 1.0442 0.0053, -1.4442 1.0375 0.0013, -1.456 1.0632 0.0292, -1.4469 1.067 0.0292, -1.4541 1.0598 0.0197, -1.4458 1.0632 0.0197, -1.4509 1.0544 0.0115, -1.4442 1.0572 0.0115, -1.4469 1.0474 0.0053, -1.4421 1.0493 0.0053, -1.4421 1.0391 0.0013, -1.4396 1.0402 0.0013, -1.437 1.0683 0.0292, -1.437 1.0644 0.0197, -1.437 1.0582 0.0115, -1.437 1.05 0.0053, -1.437 1.0405 0.0013, -1.3091 1.067 0.0292, -1.2999 1.0632 0.0292, -1.3101 1.0632 0.0197, -1.3018 1.0598 0.0197, -1.3117 1.0572 0.0115, -1.305 1.0544 0.0115, -1.3138 1.0493 0.0053, -1.3091 1.0474 0.0053, -1.3163 1.0402 0.0013, -1.3138 1.0391 0.0013, -1.292 1.0572 0.0292, -1.2948 1.0544 0.0197, -1.2992 1.05 0.0115, -1.305 1.0442 0.0053, -1.3117 1.0375 0.0013, -1.3189 1.0683 0.0292, -1.3189 1.0644 0.0197, -1.3189 1.0582 0.0115, -1.3189 1.05 0.0053, -1.3189 1.0405 0.0013, -1.286 1.0493 0.0292, -1.2822 1.0402 0.0292, -1.2894 1.0474 0.0197, -1.286 1.0391 0.0197, -1.2948 1.0442 0.0115, -1.292 1.0375 0.0115, -1.3018 1.0402 0.0053, -1.2999 1.0354 0.0053, -1.3101 1.0354 0.0013, -1.3091 1.033 0.0013, 1.063 0.6563 0.7874, -0.315 0.6563 0.7874, -1.2411 1.1691 -0.1575, -1.2697 1.1472 0.1181, -1.2697 1.1472 -0.1575, -1.3029 1.1334 0.1181, -1.3029 1.1334 -0.1575, -1.3386 1.1287 0.1181, -1.3386 1.1287 -0.1575, -1.3742 1.1334 0.1181, -1.3742 1.1334 -0.1575, -1.4075 1.1472 0.1181, -1.4075 1.1472 -0.1575, -1.436 1.1691 0.1181, -1.436 1.1691 -0.1575, -1.4579 1.1976 0.1181, -1.4579 1.1976 -0.1575, -1.4717 1.2309 0.1181, -1.4717 1.2309 -0.1575, -1.4764 1.2665 0.1181, -1.4764 1.2665 -0.1575, -1.4717 1.3022 0.1181, -1.4717 1.3022 -0.1575, -1.4579 1.3354 0.1181, -1.4579 1.3354 -0.1575, -1.436 1.364 0.1181, -1.436 1.364 -0.1575, -1.4075 1.3859 0.1181, -1.4075 1.3859 -0.1575, -1.3742 1.3996 0.1181, -1.3742 1.3996 -0.1575, -1.3386 1.4043 0.1181, -1.3386 1.4043 -0.1575, -1.3029 1.3996 0.1181, -1.3029 1.3996 -0.1575, -1.2697 1.3859 0.1181, -1.2697 1.3859 -0.1575, -1.2411 1.364 0.1181, -1.2411 1.364 -0.1575, -1.2402 1.3627 0.1181, -1.2192 1.3354 -0.1575, -1.2192 1.3354 0.1181, -1.2055 1.3022 0.1181, -1.2055 1.3022 -0.1575, -1.2008 1.2665 0.1181, -1.2008 1.2665 -0.1575, -1.2055 1.2309 0.1181, -1.2055 1.2309 -0.1575, -1.2192 1.1976 0.1181, -1.2192 1.1976 -0.1575, -1.2402 1.1704 0.1181, -1.2411 1.1691 0.1181, -1.4238 1.2173 -0.1968, -1.4337 1.2411 -0.1968, -1.3386 1.2665 -0.1968, -1.437 1.2665 -0.1968, -1.4337 1.292 -0.1968, -1.3641 1.1715 -0.1968, -1.3878 1.1813 -0.1968, -1.4082 1.1969 -0.1968, -1.2894 1.1813 -0.1968, -1.3131 1.1715 -0.1968, -1.3386 1.1681 -0.1968, -1.2435 1.2411 -0.1968, -1.2533 1.2173 -0.1968, -1.269 1.1969 -0.1968, -1.2533 1.3157 -0.1968, -1.2435 1.292 -0.1968, -1.2402 1.2665 -0.1968, -1.3131 1.3616 -0.1968, -1.2894 1.3518 -0.1968, -1.269 1.3361 -0.1968, -1.3878 1.3518 -0.1968, -1.3641 1.3616 -0.1968, -1.3386 1.365 -0.1968, -1.4238 1.3157 -0.1968, -1.4082 1.3361 -0.1968, -1.4435 1.2946 -0.1955, -1.4326 1.3208 -0.1955, -1.4154 1.3433 -0.1955, -1.3929 1.3606 -0.1955, -1.3667 1.3714 -0.1955, -1.3386 1.3751 -0.1955, -1.3105 1.3714 -0.1955, -1.2843 1.3606 -0.1955, -1.2618 1.3433 -0.1955, -1.2445 1.3208 -0.1955, -1.2337 1.2946 -0.1955, -1.23 1.2665 -0.1955, -1.2337 1.2384 -0.1955, -1.2445 1.2122 -0.1955, -1.2618 1.1897 -0.1955, -1.2843 1.1725 -0.1955, -1.3105 1.1616 -0.1955, -1.3386 1.1579 -0.1955, -1.3667 1.1616 -0.1955, -1.3929 1.1725 -0.1955, -1.4154 1.1897 -0.1955, -1.4326 1.2122 -0.1955, -1.4435 1.2384 -0.1955, -1.4472 1.2665 -0.1955, -1.4527 1.2971 -0.1916, -1.4409 1.3256 -0.1916, -1.4221 1.3501 -0.1916, -1.3976 1.3688 -0.1916, -1.3692 1.3806 -0.1916, -1.3386 1.3846 -0.1916, -1.308 1.3806 -0.1916, -1.2795 1.3688 -0.1916, -1.2551 1.3501 -0.1916, -1.2363 1.3256 -0.1916, -1.2245 1.2971 -0.1916, -1.2205 1.2665 -0.1916, -1.2245 1.236 -0.1916, -1.2363 1.2075 -0.1916, -1.2551 1.183 -0.1916, -1.2795 1.1642 -0.1916, -1.308 1.1524 -0.1916, -1.3386 1.1484 -0.1916, -1.3692 1.1524 -0.1916, -1.3976 1.1642 -0.1916, -1.4221 1.183 -0.1916, -1.4409 1.2075 -0.1916, -1.4527 1.236 -0.1916, -1.4567 1.2665 -0.1916, -1.4605 1.2992 -0.1853, -1.4479 1.3297 -0.1853, -1.4279 1.3558 -0.1853, -1.4017 1.3759 -0.1853, -1.3713 1.3885 -0.1853, -1.3386 1.3928 -0.1853, -1.3059 1.3885 -0.1853, -1.2755 1.3759 -0.1853, -1.2493 1.3558 -0.1853, -1.2292 1.3297 -0.1853, -1.2166 1.2992 -0.1853, -1.2123 1.2665 -0.1853, -1.2166 1.2339 -0.1853, -1.2292 1.2034 -0.1853, -1.2493 1.1773 -0.1853, -1.2755 1.1572 -0.1853, -1.3059 1.1446 -0.1853, -1.3386 1.1403 -0.1853, -1.3713 1.1446 -0.1853, -1.4017 1.1572 -0.1853, -1.4279 1.1773 -0.1853, -1.4479 1.2034 -0.1853, -1.4605 1.2339 -0.1853, -1.4648 1.2665 -0.1853, -1.4666 1.3008 -0.1772, -1.4533 1.3328 -0.1772, -1.4323 1.3602 -0.1772, -1.4048 1.3813 -0.1772, -1.3729 1.3945 -0.1772, -1.3386 1.3991 -0.1772, -1.3043 1.3945 -0.1772, -1.2723 1.3813 -0.1772, -1.2449 1.3602 -0.1772, -1.2238 1.3328 -0.1772, -1.2106 1.3008 -0.1772, -1.2061 1.2665 -0.1772, -1.2106 1.2322 -0.1772, -1.2238 1.2003 -0.1772, -1.2449 1.1728 -0.1772, -1.2723 1.1518 -0.1772, -1.3043 1.1385 -0.1772, -1.3386 1.134 -0.1772, -1.3729 1.1385 -0.1772, -1.4048 1.1518 -0.1772, -1.4323 1.1728 -0.1772, -1.4533 1.2003 -0.1772, -1.4666 1.2322 -0.1772, -1.4711 1.2665 -0.1772, -1.4704 1.3019 -0.1677, -1.4568 1.3348 -0.1677, -1.4351 1.363 -0.1677, -1.4068 1.3847 -0.1677, -1.3739 1.3983 -0.1677, -1.3386 1.403 -0.1677, -1.3033 1.3983 -0.1677, -1.2704 1.3847 -0.1677, -1.2421 1.363 -0.1677, -1.2204 1.3348 -0.1677, -1.2068 1.3019 -0.1677, -1.2021 1.2665 -0.1677, -1.2068 1.2312 -0.1677, -1.2204 1.1983 -0.1677, -1.2421 1.17 -0.1677, -1.2704 1.1484 -0.1677, -1.3033 1.1347 -0.1677, -1.3386 1.1301 -0.1677, -1.3739 1.1347 -0.1677, -1.4068 1.1484 -0.1677, -1.4351 1.17 -0.1677, -1.4568 1.1983 -0.1677, -1.4704 1.2312 -0.1677, -1.475 1.2665 -0.1677, 1.2192 1.1976 -0.1575, 1.2055 1.2309 0.1181, 1.2055 1.2309 -0.1575, 1.2008 1.2665 0.1181, 1.2008 1.2665 -0.1575, 1.2055 1.3022 0.1181, 1.2055 1.3022 -0.1575, 1.2192 1.3354 0.1181, 1.2192 1.3354 -0.1575, 1.2402 1.3627 0.1181, 1.2411 1.364 -0.1575, 1.2411 1.364 0.1181, 1.2697 1.3859 0.1181, 1.2697 1.3859 -0.1575, 1.3029 1.3996 0.1181, 1.3029 1.3996 -0.1575, 1.3386 1.4043 0.1181, 1.3386 1.4043 -0.1575, 1.3742 1.3996 0.1181, 1.3742 1.3996 -0.1575, 1.4075 1.3859 0.1181, 1.4075 1.3859 -0.1575, 1.436 1.364 0.1181, 1.436 1.364 -0.1575, 1.4579 1.3354 0.1181, 1.4579 1.3354 -0.1575, 1.4717 1.3022 0.1181, 1.4717 1.3022 -0.1575, 1.4764 1.2665 0.1181, 1.4764 1.2665 -0.1575, 1.4717 1.2309 0.1181, 1.4717 1.2309 -0.1575, 1.4579 1.1976 0.1181, 1.4579 1.1976 -0.1575, 1.436 1.1691 0.1181, 1.436 1.1691 -0.1575, 1.4075 1.1472 0.1181, 1.4075 1.1472 -0.1575, 1.3742 1.1334 0.1181, 1.3742 1.1334 -0.1575, 1.3386 1.1287 0.1181, 1.3386 1.1287 -0.1575, 1.3029 1.1334 0.1181, 1.3029 1.1334 -0.1575, 1.2697 1.1472 0.1181, 1.2697 1.1472 -0.1575, 1.2411 1.1691 0.1181, 1.2411 1.1691 -0.1575, 1.2402 1.1704 0.1181, 1.2192 1.1976 0.1181, 1.2533 1.2173 -0.1968, 1.2435 1.2411 -0.1968, 1.3386 1.2665 -0.1968, 1.2402 1.2665 -0.1968, 1.2435 1.292 -0.1968, 1.3131 1.1715 -0.1968, 1.2894 1.1813 -0.1968, 1.269 1.1969 -0.1968, 1.3878 1.1813 -0.1968, 1.3641 1.1715 -0.1968, 1.3386 1.1681 -0.1968, 1.4337 1.2411 -0.1968, 1.4238 1.2173 -0.1968, 1.4082 1.1969 -0.1968, 1.4238 1.3157 -0.1968, 1.4337 1.292 -0.1968, 1.437 1.2665 -0.1968, 1.3641 1.3616 -0.1968, 1.3878 1.3518 -0.1968, 1.4082 1.3361 -0.1968, 1.2894 1.3518 -0.1968, 1.3131 1.3616 -0.1968, 1.3386 1.365 -0.1968, 1.2533 1.3157 -0.1968, 1.269 1.3361 -0.1968, 1.2337 1.2946 -0.1955, 1.2445 1.3208 -0.1955, 1.2618 1.3433 -0.1955, 1.2843 1.3606 -0.1955, 1.3105 1.3714 -0.1955, 1.3386 1.3751 -0.1955, 1.3667 1.3714 -0.1955, 1.3929 1.3606 -0.1955, 1.4154 1.3433 -0.1955, 1.4326 1.3208 -0.1955, 1.4435 1.2946 -0.1955, 1.4472 1.2665 -0.1955, 1.4435 1.2384 -0.1955, 1.4326 1.2122 -0.1955, 1.4154 1.1897 -0.1955, 1.3929 1.1725 -0.1955, 1.3667 1.1616 -0.1955, 1.3386 1.1579 -0.1955, 1.3105 1.1616 -0.1955, 1.2843 1.1725 -0.1955, 1.2618 1.1897 -0.1955, 1.2445 1.2122 -0.1955, 1.2337 1.2384 -0.1955, 1.23 1.2665 -0.1955, 1.2245 1.2971 -0.1916, 1.2363 1.3256 -0.1916, 1.2551 1.3501 -0.1916, 1.2795 1.3688 -0.1916, 1.308 1.3806 -0.1916, 1.3386 1.3846 -0.1916, 1.3692 1.3806 -0.1916, 1.3976 1.3688 -0.1916, 1.4221 1.3501 -0.1916, 1.4409 1.3256 -0.1916, 1.4527 1.2971 -0.1916, 1.4567 1.2665 -0.1916, 1.4527 1.236 -0.1916, 1.4409 1.2075 -0.1916, 1.4221 1.183 -0.1916, 1.3976 1.1642 -0.1916, 1.3692 1.1524 -0.1916, 1.3386 1.1484 -0.1916, 1.308 1.1524 -0.1916, 1.2795 1.1642 -0.1916, 1.2551 1.183 -0.1916, 1.2363 1.2075 -0.1916, 1.2245 1.236 -0.1916, 1.2205 1.2665 -0.1916, 1.2166 1.2992 -0.1853, 1.2292 1.3297 -0.1853, 1.2493 1.3558 -0.1853, 1.2755 1.3759 -0.1853, 1.3059 1.3885 -0.1853, 1.3386 1.3928 -0.1853, 1.3713 1.3885 -0.1853, 1.4017 1.3759 -0.1853, 1.4279 1.3558 -0.1853, 1.4479 1.3297 -0.1853, 1.4605 1.2992 -0.1853, 1.4648 1.2665 -0.1853, 1.4605 1.2339 -0.1853, 1.4479 1.2034 -0.1853, 1.4279 1.1773 -0.1853, 1.4017 1.1572 -0.1853, 1.3713 1.1446 -0.1853, 1.3386 1.1403 -0.1853, 1.3059 1.1446 -0.1853, 1.2755 1.1572 -0.1853, 1.2493 1.1773 -0.1853, 1.2292 1.2034 -0.1853, 1.2166 1.2339 -0.1853, 1.2123 1.2665 -0.1853, 1.2106 1.3008 -0.1772, 1.2238 1.3328 -0.1772, 1.2449 1.3602 -0.1772, 1.2723 1.3813 -0.1772, 1.3043 1.3945 -0.1772, 1.3386 1.3991 -0.1772, 1.3729 1.3945 -0.1772, 1.4048 1.3813 -0.1772, 1.4323 1.3602 -0.1772, 1.4533 1.3328 -0.1772, 1.4666 1.3008 -0.1772, 1.4711 1.2665 -0.1772, 1.4666 1.2322 -0.1772, 1.4533 1.2003 -0.1772, 1.4323 1.1728 -0.1772, 1.4048 1.1518 -0.1772, 1.3729 1.1385 -0.1772, 1.3386 1.134 -0.1772, 1.3043 1.1385 -0.1772, 1.2723 1.1518 -0.1772, 1.2449 1.1728 -0.1772, 1.2238 1.2003 -0.1772, 1.2106 1.2322 -0.1772, 1.2061 1.2665 -0.1772, 1.2068 1.3019 -0.1677, 1.2204 1.3348 -0.1677, 1.2421 1.363 -0.1677, 1.2704 1.3847 -0.1677, 1.3033 1.3983 -0.1677, 1.3386 1.403 -0.1677, 1.3739 1.3983 -0.1677, 1.4068 1.3847 -0.1677, 1.4351 1.363 -0.1677, 1.4568 1.3348 -0.1677, 1.4704 1.3019 -0.1677, 1.475 1.2665 -0.1677, 1.4704 1.2312 -0.1677, 1.4568 1.1983 -0.1677, 1.4351 1.17 -0.1677, 1.4068 1.1484 -0.1677, 1.3739 1.1347 -0.1677, 1.3386 1.1301 -0.1677, 1.3033 1.1347 -0.1677, 1.2704 1.1484 -0.1677, 1.2421 1.17 -0.1677, 1.2204 1.1983 -0.1677, 1.2068 1.2312 -0.1677, 1.2021 1.2665 -0.1677
            ]
        }
        coordIndex [
            0,1,2,-1,2,1,3,-1,4,5,6,-1,6,5,7,-1,6,7,8,-1,0,2,9,-1,9,2,6,-1,9,6,10,-1,10,6,11,-1,8,12,6,-1,6,12,13,-1,6,13,11,-1,14,15,16,-1,17,18,14,-1,14,18,19,-1,20,21,22,-1,22,21,14,-1,22,14,23,-1,23,14,16,-1,19,24,14,-1,14,24,25,-1,14,25,15,-1,17,26,18,-1,18,26,27,-1,28,29,30,-1,30,29,31,-1,32,33,34,-1,34,33,35,-1,34,35,36,-1,28,30,37,-1,37,30,34,-1,37,34,38,-1,38,34,39,-1,36,40,34,-1,34,40,41,-1,34,41,39,-1,42,43,44,-1,45,46,47,-1,32,34,48,-1,6,14,4,-1,4,14,21,-1,49,50,21,-1,21,50,51,-1,44,4,42,-1,42,4,21,-1,42,21,52,-1,52,21,51,-1,52,51,53,-1,48,45,32,-1,32,45,47,-1,32,47,54,-1,54,47,52,-1,54,52,55,-1,55,52,53,-1,55,53,56,-1,56,53,57,-1,48,58,59,-1,60,61,48,-1,48,61,62,-1,63,45,64,-1,64,45,48,-1,64,48,65,-1,65,48,59,-1,62,66,48,-1,48,66,67,-1,48,67,58,-1,60,68,61,-1,61,68,69,-1,70,68,71,-1,71,68,60,-1,31,71,30,-1,30,71,60,-1,30,60,34,-1,34,60,48,-1,72,26,73,-1,73,26,17,-1,3,73,2,-1,2,73,17,-1,2,17,6,-1,6,17,14,-1,74,69,68,-1,47,46,68,-1,75,74,76,-1,77,78,44,-1,68,46,74,-1,74,46,79,-1,74,79,76,-1,80,81,82,-1,44,43,83,-1,84,70,73,-1,85,83,86,-1,86,83,87,-1,86,87,88,-1,75,76,82,-1,82,76,89,-1,82,89,80,-1,1,90,3,-1,3,90,91,-1,3,91,73,-1,73,91,92,-1,73,92,93,-1,94,95,96,-1,96,95,97,-1,96,97,77,-1,84,73,98,-1,70,84,68,-1,68,84,99,-1,68,99,47,-1,47,99,100,-1,47,100,87,-1,87,100,98,-1,87,98,88,-1,88,98,73,-1,88,73,101,-1,101,73,93,-1,101,93,85,-1,85,93,102,-1,85,102,83,-1,83,102,91,-1,83,91,44,-1,44,91,90,-1,44,90,77,-1,77,90,103,-1,77,103,96,-1,104,27,26,-1,54,31,29,-1,29,105,54,-1,54,105,106,-1,54,106,107,-1,108,109,110,-1,111,50,49,-1,112,104,113,-1,105,114,106,-1,106,114,108,-1,106,108,115,-1,115,108,110,-1,54,55,31,-1,31,55,116,-1,31,116,71,-1,71,116,117,-1,71,117,72,-1,72,117,111,-1,72,111,26,-1,26,111,49,-1,26,49,104,-1,104,49,118,-1,104,118,113,-1,113,119,120,-1,120,121,113,-1,113,121,122,-1,113,122,112,-1,123,124,125,-1,123,125,126,-1,126,125,127,-1,126,127,128,-1,128,127,129,-1,128,129,130,-1,130,129,131,-1,130,131,132,-1,132,131,133,-1,132,133,134,-1,134,133,135,-1,134,135,136,-1,137,138,139,-1,137,139,140,-1,140,139,141,-1,140,141,142,-1,142,141,143,-1,142,143,144,-1,144,143,145,-1,144,145,146,-1,146,145,147,-1,146,147,148,-1,148,147,149,-1,148,149,150,-1,136,137,151,-1,136,151,152,-1,152,151,153,-1,152,153,154,-1,154,153,155,-1,154,155,156,-1,156,155,157,-1,156,157,158,-1,158,157,159,-1,158,159,160,-1,160,159,161,-1,160,161,162,-1,126,128,163,-1,163,128,164,-1,163,164,165,-1,165,164,166,-1,165,166,167,-1,167,166,168,-1,167,168,169,-1,169,168,170,-1,169,170,171,-1,171,170,172,-1,171,172,162,-1,128,130,164,-1,164,130,173,-1,164,173,166,-1,166,173,174,-1,166,174,168,-1,168,174,175,-1,168,175,170,-1,170,175,176,-1,170,176,172,-1,172,176,177,-1,172,177,162,-1,123,126,178,-1,178,126,163,-1,178,163,179,-1,179,163,165,-1,179,165,180,-1,180,165,167,-1,180,167,181,-1,181,167,169,-1,181,169,182,-1,182,169,171,-1,182,171,162,-1,132,134,183,-1,183,134,184,-1,183,184,185,-1,185,184,186,-1,185,186,187,-1,187,186,188,-1,187,188,189,-1,189,188,190,-1,189,190,191,-1,191,190,192,-1,191,192,162,-1,134,136,184,-1,184,136,152,-1,184,152,186,-1,186,152,154,-1,186,154,188,-1,188,154,156,-1,188,156,190,-1,190,156,158,-1,190,158,192,-1,192,158,160,-1,192,160,162,-1,130,132,173,-1,173,132,183,-1,173,183,174,-1,174,183,185,-1,174,185,175,-1,175,185,187,-1,175,187,176,-1,176,187,189,-1,176,189,177,-1,177,189,191,-1,177,191,162,-1,140,142,193,-1,193,142,194,-1,193,194,195,-1,195,194,196,-1,195,196,197,-1,197,196,198,-1,197,198,199,-1,199,198,200,-1,199,200,201,-1,201,200,202,-1,201,202,161,-1,142,144,194,-1,194,144,203,-1,194,203,196,-1,196,203,204,-1,196,204,198,-1,198,204,205,-1,198,205,200,-1,200,205,206,-1,200,206,202,-1,202,206,207,-1,202,207,161,-1,137,140,151,-1,151,140,193,-1,151,193,153,-1,153,193,195,-1,153,195,155,-1,155,195,197,-1,155,197,157,-1,157,197,199,-1,157,199,159,-1,159,199,201,-1,159,201,161,-1,146,148,208,-1,208,148,209,-1,208,209,210,-1,210,209,211,-1,210,211,212,-1,212,211,213,-1,212,213,214,-1,214,213,215,-1,214,215,216,-1,216,215,217,-1,216,217,161,-1,148,150,209,-1,209,150,218,-1,209,218,211,-1,211,218,219,-1,211,219,213,-1,213,219,220,-1,213,220,215,-1,215,220,221,-1,215,221,217,-1,217,221,222,-1,217,222,161,-1,144,146,203,-1,203,146,208,-1,203,208,204,-1,204,208,210,-1,204,210,205,-1,205,210,212,-1,205,212,206,-1,206,212,214,-1,206,214,207,-1,207,214,216,-1,207,216,161,-1,223,123,178,-1,223,178,224,-1,224,178,179,-1,224,179,225,-1,225,179,180,-1,225,180,226,-1,226,180,181,-1,226,181,227,-1,227,181,182,-1,227,182,228,-1,228,182,162,-1,228,162,229,-1,230,231,232,-1,230,232,233,-1,233,232,234,-1,233,234,235,-1,235,234,236,-1,235,236,237,-1,237,236,238,-1,237,238,239,-1,239,238,240,-1,239,240,241,-1,241,240,242,-1,241,242,223,-1,243,244,245,-1,243,245,246,-1,246,245,247,-1,246,247,248,-1,248,247,249,-1,248,249,250,-1,250,249,251,-1,250,251,252,-1,252,251,253,-1,252,253,254,-1,254,253,255,-1,254,255,256,-1,150,243,257,-1,150,257,218,-1,218,257,258,-1,218,258,219,-1,219,258,259,-1,219,259,220,-1,220,259,260,-1,220,260,221,-1,221,260,261,-1,221,261,222,-1,222,261,262,-1,222,262,161,-1,233,235,263,-1,263,235,264,-1,263,264,265,-1,265,264,266,-1,265,266,267,-1,267,266,268,-1,267,268,269,-1,269,268,270,-1,269,270,271,-1,271,270,272,-1,271,272,229,-1,235,237,264,-1,264,237,273,-1,264,273,266,-1,266,273,274,-1,266,274,268,-1,268,274,275,-1,268,275,270,-1,270,275,276,-1,270,276,272,-1,272,276,277,-1,272,277,229,-1,230,233,278,-1,278,233,263,-1,278,263,279,-1,279,263,265,-1,279,265,280,-1,280,265,267,-1,280,267,281,-1,281,267,269,-1,281,269,282,-1,282,269,271,-1,282,271,229,-1,239,241,283,-1,283,241,284,-1,283,284,285,-1,285,284,286,-1,285,286,287,-1,287,286,288,-1,287,288,289,-1,289,288,290,-1,289,290,291,-1,291,290,292,-1,291,292,229,-1,241,223,284,-1,284,223,224,-1,284,224,286,-1,286,224,225,-1,286,225,288,-1,288,225,226,-1,288,226,290,-1,290,226,227,-1,290,227,292,-1,292,227,228,-1,292,228,229,-1,237,239,273,-1,273,239,283,-1,273,283,274,-1,274,283,285,-1,274,285,275,-1,275,285,287,-1,275,287,276,-1,276,287,289,-1,276,289,277,-1,277,289,291,-1,277,291,229,-1,246,248,293,-1,293,248,294,-1,293,294,295,-1,295,294,296,-1,295,296,297,-1,297,296,298,-1,297,298,299,-1,299,298,300,-1,299,300,301,-1,301,300,302,-1,301,302,262,-1,248,250,294,-1,294,250,303,-1,294,303,296,-1,296,303,304,-1,296,304,298,-1,298,304,305,-1,298,305,300,-1,300,305,306,-1,300,306,302,-1,302,306,307,-1,302,307,262,-1,243,246,257,-1,257,246,293,-1,257,293,258,-1,258,293,295,-1,258,295,259,-1,259,295,297,-1,259,297,260,-1,260,297,299,-1,260,299,261,-1,261,299,301,-1,261,301,262,-1,252,254,308,-1,308,254,309,-1,308,309,310,-1,310,309,311,-1,310,311,312,-1,312,311,313,-1,312,313,314,-1,314,313,315,-1,314,315,316,-1,316,315,317,-1,316,317,262,-1,254,256,309,-1,309,256,318,-1,309,318,311,-1,311,318,319,-1,311,319,313,-1,313,319,320,-1,313,320,315,-1,315,320,321,-1,315,321,317,-1,317,321,322,-1,317,322,262,-1,250,252,303,-1,303,252,308,-1,303,308,304,-1,304,308,310,-1,304,310,305,-1,305,310,312,-1,305,312,306,-1,306,312,314,-1,306,314,307,-1,307,314,316,-1,307,316,262,-1,256,230,278,-1,256,278,318,-1,318,278,279,-1,318,279,319,-1,319,279,280,-1,319,280,320,-1,320,280,281,-1,320,281,321,-1,321,281,282,-1,321,282,322,-1,322,282,229,-1,322,229,262,-1,323,324,325,-1,323,325,326,-1,326,325,327,-1,326,327,328,-1,328,327,329,-1,328,329,330,-1,330,329,331,-1,330,331,332,-1,332,331,333,-1,332,333,334,-1,334,333,335,-1,334,335,336,-1,337,323,338,-1,337,338,339,-1,339,338,340,-1,339,340,341,-1,341,340,342,-1,341,342,343,-1,343,342,344,-1,343,344,345,-1,345,344,346,-1,345,346,347,-1,347,346,348,-1,347,348,349,-1,350,351,352,-1,350,352,353,-1,353,352,354,-1,353,354,355,-1,355,354,356,-1,355,356,357,-1,357,356,358,-1,357,358,359,-1,359,358,360,-1,359,360,361,-1,361,360,362,-1,361,362,337,-1,326,328,363,-1,363,328,364,-1,363,364,365,-1,365,364,366,-1,365,366,367,-1,367,366,368,-1,367,368,369,-1,369,368,370,-1,369,370,371,-1,371,370,372,-1,371,372,348,-1,328,330,364,-1,364,330,373,-1,364,373,366,-1,366,373,374,-1,366,374,368,-1,368,374,375,-1,368,375,370,-1,370,375,376,-1,370,376,372,-1,372,376,377,-1,372,377,348,-1,323,326,338,-1,338,326,363,-1,338,363,340,-1,340,363,365,-1,340,365,342,-1,342,365,367,-1,342,367,344,-1,344,367,369,-1,344,369,346,-1,346,369,371,-1,346,371,348,-1,332,334,378,-1,378,334,379,-1,378,379,380,-1,380,379,381,-1,380,381,382,-1,382,381,383,-1,382,383,384,-1,384,383,385,-1,384,385,386,-1,386,385,387,-1,386,387,348,-1,334,336,379,-1,379,336,388,-1,379,388,381,-1,381,388,389,-1,381,389,383,-1,383,389,390,-1,383,390,385,-1,385,390,391,-1,385,391,387,-1,387,391,392,-1,387,392,348,-1,330,332,373,-1,373,332,378,-1,373,378,374,-1,374,378,380,-1,374,380,375,-1,375,380,382,-1,375,382,376,-1,376,382,384,-1,376,384,377,-1,377,384,386,-1,377,386,348,-1,353,355,393,-1,393,355,394,-1,393,394,395,-1,395,394,396,-1,395,396,397,-1,397,396,398,-1,397,398,399,-1,399,398,400,-1,399,400,401,-1,401,400,402,-1,401,402,349,-1,355,357,394,-1,394,357,403,-1,394,403,396,-1,396,403,404,-1,396,404,398,-1,398,404,405,-1,398,405,400,-1,400,405,406,-1,400,406,402,-1,402,406,407,-1,402,407,349,-1,350,353,408,-1,408,353,393,-1,408,393,409,-1,409,393,395,-1,409,395,410,-1,410,395,397,-1,410,397,411,-1,411,397,399,-1,411,399,412,-1,412,399,401,-1,412,401,349,-1,359,361,413,-1,413,361,414,-1,413,414,415,-1,415,414,416,-1,415,416,417,-1,417,416,418,-1,417,418,419,-1,419,418,420,-1,419,420,421,-1,421,420,422,-1,421,422,349,-1,361,337,414,-1,414,337,339,-1,414,339,416,-1,416,339,341,-1,416,341,418,-1,418,341,343,-1,418,343,420,-1,420,343,345,-1,420,345,422,-1,422,345,347,-1,422,347,349,-1,357,359,403,-1,403,359,413,-1,403,413,404,-1,404,413,415,-1,404,415,405,-1,405,415,417,-1,405,417,406,-1,406,417,419,-1,406,419,407,-1,407,419,421,-1,407,421,349,-1,423,424,425,-1,423,425,426,-1,426,425,427,-1,426,427,428,-1,428,427,429,-1,428,429,430,-1,430,429,431,-1,430,431,432,-1,432,431,433,-1,432,433,434,-1,434,433,435,-1,434,435,436,-1,336,423,437,-1,336,437,388,-1,388,437,438,-1,388,438,389,-1,389,438,439,-1,389,439,390,-1,390,439,440,-1,390,440,391,-1,391,440,441,-1,391,441,392,-1,392,441,442,-1,392,442,348,-1,443,350,408,-1,443,408,444,-1,444,408,409,-1,444,409,445,-1,445,409,410,-1,445,410,446,-1,446,410,411,-1,446,411,447,-1,447,411,412,-1,447,412,448,-1,448,412,349,-1,448,349,449,-1,450,451,452,-1,450,452,453,-1,453,452,454,-1,453,454,455,-1,455,454,456,-1,455,456,457,-1,457,456,458,-1,457,458,459,-1,459,458,460,-1,459,460,461,-1,461,460,462,-1,461,462,443,-1,426,428,463,-1,463,428,464,-1,463,464,465,-1,465,464,466,-1,465,466,467,-1,467,466,468,-1,467,468,469,-1,469,468,470,-1,469,470,471,-1,471,470,472,-1,471,472,442,-1,428,430,464,-1,464,430,473,-1,464,473,466,-1,466,473,474,-1,466,474,468,-1,468,474,475,-1,468,475,470,-1,470,475,476,-1,470,476,472,-1,472,476,477,-1,472,477,442,-1,423,426,437,-1,437,426,463,-1,437,463,438,-1,438,463,465,-1,438,465,439,-1,439,465,467,-1,439,467,440,-1,440,467,469,-1,440,469,441,-1,441,469,471,-1,441,471,442,-1,432,434,478,-1,478,434,479,-1,478,479,480,-1,480,479,481,-1,480,481,482,-1,482,481,483,-1,482,483,484,-1,484,483,485,-1,484,485,486,-1,486,485,487,-1,486,487,442,-1,434,436,479,-1,479,436,488,-1,479,488,481,-1,481,488,489,-1,481,489,483,-1,483,489,490,-1,483,490,485,-1,485,490,491,-1,485,491,487,-1,487,491,492,-1,487,492,442,-1,430,432,473,-1,473,432,478,-1,473,478,474,-1,474,478,480,-1,474,480,475,-1,475,480,482,-1,475,482,476,-1,476,482,484,-1,476,484,477,-1,477,484,486,-1,477,486,442,-1,453,455,493,-1,493,455,494,-1,493,494,495,-1,495,494,496,-1,495,496,497,-1,497,496,498,-1,497,498,499,-1,499,498,500,-1,499,500,501,-1,501,500,502,-1,501,502,449,-1,455,457,494,-1,494,457,503,-1,494,503,496,-1,496,503,504,-1,496,504,498,-1,498,504,505,-1,498,505,500,-1,500,505,506,-1,500,506,502,-1,502,506,507,-1,502,507,449,-1,450,453,508,-1,508,453,493,-1,508,493,509,-1,509,493,495,-1,509,495,510,-1,510,495,497,-1,510,497,511,-1,511,497,499,-1,511,499,512,-1,512,499,501,-1,512,501,449,-1,459,461,513,-1,513,461,514,-1,513,514,515,-1,515,514,516,-1,515,516,517,-1,517,516,518,-1,517,518,519,-1,519,518,520,-1,519,520,521,-1,521,520,522,-1,521,522,449,-1,461,443,514,-1,514,443,444,-1,514,444,516,-1,516,444,445,-1,516,445,518,-1,518,445,446,-1,518,446,520,-1,520,446,447,-1,520,447,522,-1,522,447,448,-1,522,448,449,-1,457,459,503,-1,503,459,513,-1,503,513,504,-1,504,513,515,-1,504,515,505,-1,505,515,517,-1,505,517,506,-1,506,517,519,-1,506,519,507,-1,507,519,521,-1,507,521,449,-1,436,450,508,-1,436,508,488,-1,488,508,509,-1,488,509,489,-1,489,509,510,-1,489,510,490,-1,490,510,511,-1,490,511,491,-1,491,511,512,-1,491,512,492,-1,492,512,449,-1,492,449,442,-1,523,524,525,-1,523,525,526,-1,526,525,527,-1,526,527,528,-1,528,527,529,-1,528,529,530,-1,530,529,531,-1,530,531,532,-1,532,531,533,-1,532,533,534,-1,534,533,535,-1,534,535,536,-1,537,538,539,-1,537,539,540,-1,540,539,541,-1,540,541,542,-1,542,541,543,-1,542,543,544,-1,544,543,545,-1,544,545,546,-1,546,545,547,-1,546,547,548,-1,548,547,549,-1,548,549,550,-1,536,537,551,-1,536,551,552,-1,552,551,553,-1,552,553,554,-1,554,553,555,-1,554,555,556,-1,556,555,557,-1,556,557,558,-1,558,557,559,-1,558,559,560,-1,560,559,561,-1,560,561,562,-1,526,528,563,-1,563,528,564,-1,563,564,565,-1,565,564,566,-1,565,566,567,-1,567,566,568,-1,567,568,569,-1,569,568,570,-1,569,570,571,-1,571,570,572,-1,571,572,562,-1,528,530,564,-1,564,530,573,-1,564,573,566,-1,566,573,574,-1,566,574,568,-1,568,574,575,-1,568,575,570,-1,570,575,576,-1,570,576,572,-1,572,576,577,-1,572,577,562,-1,523,526,578,-1,578,526,563,-1,578,563,579,-1,579,563,565,-1,579,565,580,-1,580,565,567,-1,580,567,581,-1,581,567,569,-1,581,569,582,-1,582,569,571,-1,582,571,562,-1,532,534,583,-1,583,534,584,-1,583,584,585,-1,585,584,586,-1,585,586,587,-1,587,586,588,-1,587,588,589,-1,589,588,590,-1,589,590,591,-1,591,590,592,-1,591,592,562,-1,534,536,584,-1,584,536,552,-1,584,552,586,-1,586,552,554,-1,586,554,588,-1,588,554,556,-1,588,556,590,-1,590,556,558,-1,590,558,592,-1,592,558,560,-1,592,560,562,-1,530,532,573,-1,573,532,583,-1,573,583,574,-1,574,583,585,-1,574,585,575,-1,575,585,587,-1,575,587,576,-1,576,587,589,-1,576,589,577,-1,577,589,591,-1,577,591,562,-1,540,542,593,-1,593,542,594,-1,593,594,595,-1,595,594,596,-1,595,596,597,-1,597,596,598,-1,597,598,599,-1,599,598,600,-1,599,600,601,-1,601,600,602,-1,601,602,561,-1,542,544,594,-1,594,544,603,-1,594,603,596,-1,596,603,604,-1,596,604,598,-1,598,604,605,-1,598,605,600,-1,600,605,606,-1,600,606,602,-1,602,606,607,-1,602,607,561,-1,537,540,551,-1,551,540,593,-1,551,593,553,-1,553,593,595,-1,553,595,555,-1,555,595,597,-1,555,597,557,-1,557,597,599,-1,557,599,559,-1,559,599,601,-1,559,601,561,-1,546,548,608,-1,608,548,609,-1,608,609,610,-1,610,609,611,-1,610,611,612,-1,612,611,613,-1,612,613,614,-1,614,613,615,-1,614,615,616,-1,616,615,617,-1,616,617,561,-1,548,550,609,-1,609,550,618,-1,609,618,611,-1,611,618,619,-1,611,619,613,-1,613,619,620,-1,613,620,615,-1,615,620,621,-1,615,621,617,-1,617,621,622,-1,617,622,561,-1,544,546,603,-1,603,546,608,-1,603,608,604,-1,604,608,610,-1,604,610,605,-1,605,610,612,-1,605,612,606,-1,606,612,614,-1,606,614,607,-1,607,614,616,-1,607,616,561,-1,623,523,578,-1,623,578,624,-1,624,578,579,-1,624,579,625,-1,625,579,580,-1,625,580,626,-1,626,580,581,-1,626,581,627,-1,627,581,582,-1,627,582,628,-1,628,582,562,-1,628,562,629,-1,630,631,632,-1,630,632,633,-1,633,632,634,-1,633,634,635,-1,635,634,636,-1,635,636,637,-1,637,636,638,-1,637,638,639,-1,639,638,640,-1,639,640,641,-1,641,640,642,-1,641,642,623,-1,643,644,645,-1,643,645,646,-1,646,645,647,-1,646,647,648,-1,648,647,649,-1,648,649,650,-1,650,649,651,-1,650,651,652,-1,652,651,653,-1,652,653,654,-1,654,653,655,-1,654,655,656,-1,550,643,657,-1,550,657,618,-1,618,657,658,-1,618,658,619,-1,619,658,659,-1,619,659,620,-1,620,659,660,-1,620,660,621,-1,621,660,661,-1,621,661,622,-1,622,661,662,-1,622,662,561,-1,633,635,663,-1,663,635,664,-1,663,664,665,-1,665,664,666,-1,665,666,667,-1,667,666,668,-1,667,668,669,-1,669,668,670,-1,669,670,671,-1,671,670,672,-1,671,672,629,-1,635,637,664,-1,664,637,673,-1,664,673,666,-1,666,673,674,-1,666,674,668,-1,668,674,675,-1,668,675,670,-1,670,675,676,-1,670,676,672,-1,672,676,677,-1,672,677,629,-1,630,633,678,-1,678,633,663,-1,678,663,679,-1,679,663,665,-1,679,665,680,-1,680,665,667,-1,680,667,681,-1,681,667,669,-1,681,669,682,-1,682,669,671,-1,682,671,629,-1,639,641,683,-1,683,641,684,-1,683,684,685,-1,685,684,686,-1,685,686,687,-1,687,686,688,-1,687,688,689,-1,689,688,690,-1,689,690,691,-1,691,690,692,-1,691,692,629,-1,641,623,684,-1,684,623,624,-1,684,624,686,-1,686,624,625,-1,686,625,688,-1,688,625,626,-1,688,626,690,-1,690,626,627,-1,690,627,692,-1,692,627,628,-1,692,628,629,-1,637,639,673,-1,673,639,683,-1,673,683,674,-1,674,683,685,-1,674,685,675,-1,675,685,687,-1,675,687,676,-1,676,687,689,-1,676,689,677,-1,677,689,691,-1,677,691,629,-1,646,648,693,-1,693,648,694,-1,693,694,695,-1,695,694,696,-1,695,696,697,-1,697,696,698,-1,697,698,699,-1,699,698,700,-1,699,700,701,-1,701,700,702,-1,701,702,662,-1,648,650,694,-1,694,650,703,-1,694,703,696,-1,696,703,704,-1,696,704,698,-1,698,704,705,-1,698,705,700,-1,700,705,706,-1,700,706,702,-1,702,706,707,-1,702,707,662,-1,643,646,657,-1,657,646,693,-1,657,693,658,-1,658,693,695,-1,658,695,659,-1,659,695,697,-1,659,697,660,-1,660,697,699,-1,660,699,661,-1,661,699,701,-1,661,701,662,-1,652,654,708,-1,708,654,709,-1,708,709,710,-1,710,709,711,-1,710,711,712,-1,712,711,713,-1,712,713,714,-1,714,713,715,-1,714,715,716,-1,716,715,717,-1,716,717,662,-1,654,656,709,-1,709,656,718,-1,709,718,711,-1,711,718,719,-1,711,719,713,-1,713,719,720,-1,713,720,715,-1,715,720,721,-1,715,721,717,-1,717,721,722,-1,717,722,662,-1,650,652,703,-1,703,652,708,-1,703,708,704,-1,704,708,710,-1,704,710,705,-1,705,710,712,-1,705,712,706,-1,706,712,714,-1,706,714,707,-1,707,714,716,-1,707,716,662,-1,656,630,678,-1,656,678,718,-1,718,678,679,-1,718,679,719,-1,719,679,680,-1,719,680,720,-1,720,680,681,-1,720,681,721,-1,721,681,682,-1,721,682,722,-1,722,682,629,-1,722,629,662,-1,723,724,725,-1,723,725,726,-1,726,725,727,-1,726,727,728,-1,728,727,729,-1,728,729,730,-1,730,729,731,-1,730,731,732,-1,732,731,733,-1,732,733,734,-1,734,733,735,-1,734,735,736,-1,737,723,738,-1,737,738,739,-1,739,738,740,-1,739,740,741,-1,741,740,742,-1,741,742,743,-1,743,742,744,-1,743,744,745,-1,745,744,746,-1,745,746,747,-1,747,746,748,-1,747,748,749,-1,750,751,752,-1,750,752,753,-1,753,752,754,-1,753,754,755,-1,755,754,756,-1,755,756,757,-1,757,756,758,-1,757,758,759,-1,759,758,760,-1,759,760,761,-1,761,760,762,-1,761,762,737,-1,726,728,763,-1,763,728,764,-1,763,764,765,-1,765,764,766,-1,765,766,767,-1,767,766,768,-1,767,768,769,-1,769,768,770,-1,769,770,771,-1,771,770,772,-1,771,772,748,-1,728,730,764,-1,764,730,773,-1,764,773,766,-1,766,773,774,-1,766,774,768,-1,768,774,775,-1,768,775,770,-1,770,775,776,-1,770,776,772,-1,772,776,777,-1,772,777,748,-1,723,726,738,-1,738,726,763,-1,738,763,740,-1,740,763,765,-1,740,765,742,-1,742,765,767,-1,742,767,744,-1,744,767,769,-1,744,769,746,-1,746,769,771,-1,746,771,748,-1,732,734,778,-1,778,734,779,-1,778,779,780,-1,780,779,781,-1,780,781,782,-1,782,781,783,-1,782,783,784,-1,784,783,785,-1,784,785,786,-1,786,785,787,-1,786,787,748,-1,734,736,779,-1,779,736,788,-1,779,788,781,-1,781,788,789,-1,781,789,783,-1,783,789,790,-1,783,790,785,-1,785,790,791,-1,785,791,787,-1,787,791,792,-1,787,792,748,-1,730,732,773,-1,773,732,778,-1,773,778,774,-1,774,778,780,-1,774,780,775,-1,775,780,782,-1,775,782,776,-1,776,782,784,-1,776,784,777,-1,777,784,786,-1,777,786,748,-1,753,755,793,-1,793,755,794,-1,793,794,795,-1,795,794,796,-1,795,796,797,-1,797,796,798,-1,797,798,799,-1,799,798,800,-1,799,800,801,-1,801,800,802,-1,801,802,749,-1,755,757,794,-1,794,757,803,-1,794,803,796,-1,796,803,804,-1,796,804,798,-1,798,804,805,-1,798,805,800,-1,800,805,806,-1,800,806,802,-1,802,806,807,-1,802,807,749,-1,750,753,808,-1,808,753,793,-1,808,793,809,-1,809,793,795,-1,809,795,810,-1,810,795,797,-1,810,797,811,-1,811,797,799,-1,811,799,812,-1,812,799,801,-1,812,801,749,-1,759,761,813,-1,813,761,814,-1,813,814,815,-1,815,814,816,-1,815,816,817,-1,817,816,818,-1,817,818,819,-1,819,818,820,-1,819,820,821,-1,821,820,822,-1,821,822,749,-1,761,737,814,-1,814,737,739,-1,814,739,816,-1,816,739,741,-1,816,741,818,-1,818,741,743,-1,818,743,820,-1,820,743,745,-1,820,745,822,-1,822,745,747,-1,822,747,749,-1,757,759,803,-1,803,759,813,-1,803,813,804,-1,804,813,815,-1,804,815,805,-1,805,815,817,-1,805,817,806,-1,806,817,819,-1,806,819,807,-1,807,819,821,-1,807,821,749,-1,823,824,825,-1,823,825,826,-1,826,825,827,-1,826,827,828,-1,828,827,829,-1,828,829,830,-1,830,829,831,-1,830,831,832,-1,832,831,833,-1,832,833,834,-1,834,833,835,-1,834,835,836,-1,736,823,837,-1,736,837,788,-1,788,837,838,-1,788,838,789,-1,789,838,839,-1,789,839,790,-1,790,839,840,-1,790,840,791,-1,791,840,841,-1,791,841,792,-1,792,841,842,-1,792,842,748,-1,843,750,808,-1,843,808,844,-1,844,808,809,-1,844,809,845,-1,845,809,810,-1,845,810,846,-1,846,810,811,-1,846,811,847,-1,847,811,812,-1,847,812,848,-1,848,812,749,-1,848,749,849,-1,850,851,852,-1,850,852,853,-1,853,852,854,-1,853,854,855,-1,855,854,856,-1,855,856,857,-1,857,856,858,-1,857,858,859,-1,859,858,860,-1,859,860,861,-1,861,860,862,-1,861,862,843,-1,826,828,863,-1,863,828,864,-1,863,864,865,-1,865,864,866,-1,865,866,867,-1,867,866,868,-1,867,868,869,-1,869,868,870,-1,869,870,871,-1,871,870,872,-1,871,872,842,-1,828,830,864,-1,864,830,873,-1,864,873,866,-1,866,873,874,-1,866,874,868,-1,868,874,875,-1,868,875,870,-1,870,875,876,-1,870,876,872,-1,872,876,877,-1,872,877,842,-1,823,826,837,-1,837,826,863,-1,837,863,838,-1,838,863,865,-1,838,865,839,-1,839,865,867,-1,839,867,840,-1,840,867,869,-1,840,869,841,-1,841,869,871,-1,841,871,842,-1,832,834,878,-1,878,834,879,-1,878,879,880,-1,880,879,881,-1,880,881,882,-1,882,881,883,-1,882,883,884,-1,884,883,885,-1,884,885,886,-1,886,885,887,-1,886,887,842,-1,834,836,879,-1,879,836,888,-1,879,888,881,-1,881,888,889,-1,881,889,883,-1,883,889,890,-1,883,890,885,-1,885,890,891,-1,885,891,887,-1,887,891,892,-1,887,892,842,-1,830,832,873,-1,873,832,878,-1,873,878,874,-1,874,878,880,-1,874,880,875,-1,875,880,882,-1,875,882,876,-1,876,882,884,-1,876,884,877,-1,877,884,886,-1,877,886,842,-1,853,855,893,-1,893,855,894,-1,893,894,895,-1,895,894,896,-1,895,896,897,-1,897,896,898,-1,897,898,899,-1,899,898,900,-1,899,900,901,-1,901,900,902,-1,901,902,849,-1,855,857,894,-1,894,857,903,-1,894,903,896,-1,896,903,904,-1,896,904,898,-1,898,904,905,-1,898,905,900,-1,900,905,906,-1,900,906,902,-1,902,906,907,-1,902,907,849,-1,850,853,908,-1,908,853,893,-1,908,893,909,-1,909,893,895,-1,909,895,910,-1,910,895,897,-1,910,897,911,-1,911,897,899,-1,911,899,912,-1,912,899,901,-1,912,901,849,-1,859,861,913,-1,913,861,914,-1,913,914,915,-1,915,914,916,-1,915,916,917,-1,917,916,918,-1,917,918,919,-1,919,918,920,-1,919,920,921,-1,921,920,922,-1,921,922,849,-1,861,843,914,-1,914,843,844,-1,914,844,916,-1,916,844,845,-1,916,845,918,-1,918,845,846,-1,918,846,920,-1,920,846,847,-1,920,847,922,-1,922,847,848,-1,922,848,849,-1,857,859,903,-1,903,859,913,-1,903,913,904,-1,904,913,915,-1,904,915,905,-1,905,915,917,-1,905,917,906,-1,906,917,919,-1,906,919,907,-1,907,919,921,-1,907,921,849,-1,836,850,908,-1,836,908,888,-1,888,908,909,-1,888,909,889,-1,889,909,910,-1,889,910,890,-1,890,910,911,-1,890,911,891,-1,891,911,912,-1,891,912,892,-1,892,912,849,-1,892,849,842,-1,42,923,43,-1,43,923,83,-1,923,924,83,-1,83,924,87,-1,924,52,87,-1,87,52,47,-1,924,923,52,-1,52,923,42,-1,925,926,927,-1,927,926,928,-1,927,928,929,-1,929,928,930,-1,929,930,931,-1,931,930,932,-1,931,932,933,-1,933,932,934,-1,933,934,935,-1,935,934,936,-1,935,936,937,-1,937,936,938,-1,937,938,939,-1,939,938,940,-1,939,940,941,-1,941,940,942,-1,941,942,943,-1,943,942,944,-1,943,944,945,-1,945,944,946,-1,945,946,947,-1,947,946,948,-1,947,948,949,-1,949,948,950,-1,949,950,951,-1,951,950,952,-1,951,952,953,-1,953,952,954,-1,953,954,955,-1,955,954,956,-1,955,956,957,-1,957,956,958,-1,957,958,959,-1,959,958,960,-1,959,960,961,-1,961,960,962,-1,961,962,963,-1,962,964,963,-1,963,964,965,-1,963,965,966,-1,966,965,967,-1,966,967,968,-1,968,967,969,-1,968,969,970,-1,970,969,971,-1,970,971,972,-1,972,971,973,-1,972,973,925,-1,925,973,974,-1,925,974,926,-1,975,976,977,-1,977,976,978,-1,977,978,979,-1,980,981,977,-1,977,981,982,-1,977,982,975,-1,983,984,977,-1,977,984,985,-1,977,985,980,-1,986,987,977,-1,977,987,988,-1,977,988,983,-1,989,990,977,-1,977,990,991,-1,977,991,986,-1,992,993,977,-1,977,993,994,-1,977,994,989,-1,995,996,977,-1,977,996,997,-1,977,997,992,-1,979,998,977,-1,977,998,999,-1,977,999,995,-1,978,1000,979,-1,979,1000,1001,-1,979,1001,998,-1,998,1001,1002,-1,998,1002,999,-1,999,1002,1003,-1,999,1003,995,-1,995,1003,1004,-1,995,1004,996,-1,996,1004,1005,-1,996,1005,997,-1,997,1005,1006,-1,997,1006,992,-1,992,1006,1007,-1,992,1007,993,-1,993,1007,1008,-1,993,1008,994,-1,994,1008,1009,-1,994,1009,989,-1,989,1009,1010,-1,989,1010,990,-1,990,1010,1011,-1,990,1011,991,-1,991,1011,1012,-1,991,1012,986,-1,986,1012,1013,-1,986,1013,987,-1,987,1013,1014,-1,987,1014,988,-1,988,1014,1015,-1,988,1015,983,-1,983,1015,1016,-1,983,1016,984,-1,984,1016,1017,-1,984,1017,985,-1,985,1017,1018,-1,985,1018,980,-1,980,1018,1019,-1,980,1019,981,-1,981,1019,1020,-1,981,1020,982,-1,982,1020,1021,-1,982,1021,975,-1,975,1021,1022,-1,975,1022,976,-1,976,1022,1023,-1,976,1023,978,-1,978,1023,1000,-1,1023,1024,1000,-1,1000,1024,1025,-1,1000,1025,1001,-1,1001,1025,1026,-1,1001,1026,1002,-1,1002,1026,1027,-1,1002,1027,1003,-1,1003,1027,1028,-1,1003,1028,1004,-1,1004,1028,1029,-1,1004,1029,1005,-1,1005,1029,1030,-1,1005,1030,1006,-1,1006,1030,1031,-1,1006,1031,1007,-1,1007,1031,1032,-1,1007,1032,1008,-1,1008,1032,1033,-1,1008,1033,1009,-1,1009,1033,1034,-1,1009,1034,1010,-1,1010,1034,1035,-1,1010,1035,1011,-1,1011,1035,1036,-1,1011,1036,1012,-1,1012,1036,1037,-1,1012,1037,1013,-1,1013,1037,1038,-1,1013,1038,1014,-1,1014,1038,1039,-1,1014,1039,1015,-1,1015,1039,1040,-1,1015,1040,1016,-1,1016,1040,1041,-1,1016,1041,1017,-1,1017,1041,1042,-1,1017,1042,1018,-1,1018,1042,1043,-1,1018,1043,1019,-1,1019,1043,1044,-1,1019,1044,1020,-1,1020,1044,1045,-1,1020,1045,1021,-1,1021,1045,1046,-1,1021,1046,1022,-1,1022,1046,1047,-1,1022,1047,1023,-1,1023,1047,1024,-1,1047,1048,1024,-1,1024,1048,1049,-1,1024,1049,1025,-1,1025,1049,1050,-1,1025,1050,1026,-1,1026,1050,1051,-1,1026,1051,1027,-1,1027,1051,1052,-1,1027,1052,1028,-1,1028,1052,1053,-1,1028,1053,1029,-1,1029,1053,1054,-1,1029,1054,1030,-1,1030,1054,1055,-1,1030,1055,1031,-1,1031,1055,1056,-1,1031,1056,1032,-1,1032,1056,1057,-1,1032,1057,1033,-1,1033,1057,1058,-1,1033,1058,1034,-1,1034,1058,1059,-1,1034,1059,1035,-1,1035,1059,1060,-1,1035,1060,1036,-1,1036,1060,1061,-1,1036,1061,1037,-1,1037,1061,1062,-1,1037,1062,1038,-1,1038,1062,1063,-1,1038,1063,1039,-1,1039,1063,1064,-1,1039,1064,1040,-1,1040,1064,1065,-1,1040,1065,1041,-1,1041,1065,1066,-1,1041,1066,1042,-1,1042,1066,1067,-1,1042,1067,1043,-1,1043,1067,1068,-1,1043,1068,1044,-1,1044,1068,1069,-1,1044,1069,1045,-1,1045,1069,1070,-1,1045,1070,1046,-1,1046,1070,1071,-1,1046,1071,1047,-1,1047,1071,1048,-1,1071,1072,1048,-1,1048,1072,1073,-1,1048,1073,1049,-1,1049,1073,1074,-1,1049,1074,1050,-1,1050,1074,1075,-1,1050,1075,1051,-1,1051,1075,1076,-1,1051,1076,1052,-1,1052,1076,1077,-1,1052,1077,1053,-1,1053,1077,1078,-1,1053,1078,1054,-1,1054,1078,1079,-1,1054,1079,1055,-1,1055,1079,1080,-1,1055,1080,1056,-1,1056,1080,1081,-1,1056,1081,1057,-1,1057,1081,1082,-1,1057,1082,1058,-1,1058,1082,1083,-1,1058,1083,1059,-1,1059,1083,1084,-1,1059,1084,1060,-1,1060,1084,1085,-1,1060,1085,1061,-1,1061,1085,1086,-1,1061,1086,1062,-1,1062,1086,1087,-1,1062,1087,1063,-1,1063,1087,1088,-1,1063,1088,1064,-1,1064,1088,1089,-1,1064,1089,1065,-1,1065,1089,1090,-1,1065,1090,1066,-1,1066,1090,1091,-1,1066,1091,1067,-1,1067,1091,1092,-1,1067,1092,1068,-1,1068,1092,1093,-1,1068,1093,1069,-1,1069,1093,1094,-1,1069,1094,1070,-1,1070,1094,1095,-1,1070,1095,1071,-1,1071,1095,1072,-1,1095,1096,1072,-1,1072,1096,1097,-1,1072,1097,1073,-1,1073,1097,1098,-1,1073,1098,1074,-1,1074,1098,1099,-1,1074,1099,1075,-1,1075,1099,1100,-1,1075,1100,1076,-1,1076,1100,1101,-1,1076,1101,1077,-1,1077,1101,1102,-1,1077,1102,1078,-1,1078,1102,1103,-1,1078,1103,1079,-1,1079,1103,1104,-1,1079,1104,1080,-1,1080,1104,1105,-1,1080,1105,1081,-1,1081,1105,1106,-1,1081,1106,1082,-1,1082,1106,1107,-1,1082,1107,1083,-1,1083,1107,1108,-1,1083,1108,1084,-1,1084,1108,1109,-1,1084,1109,1085,-1,1085,1109,1110,-1,1085,1110,1086,-1,1086,1110,1111,-1,1086,1111,1087,-1,1087,1111,1112,-1,1087,1112,1088,-1,1088,1112,1113,-1,1088,1113,1089,-1,1089,1113,1114,-1,1089,1114,1090,-1,1090,1114,1115,-1,1090,1115,1091,-1,1091,1115,1116,-1,1091,1116,1092,-1,1092,1116,1117,-1,1092,1117,1093,-1,1093,1117,1118,-1,1093,1118,1094,-1,1094,1118,1119,-1,1094,1119,1095,-1,1095,1119,1096,-1,1119,945,1096,-1,1096,945,947,-1,1096,947,1097,-1,1097,947,949,-1,1097,949,1098,-1,1098,949,951,-1,1098,951,1099,-1,1099,951,953,-1,1099,953,1100,-1,1100,953,955,-1,1100,955,1101,-1,1101,955,957,-1,1101,957,1102,-1,1102,957,959,-1,1102,959,1103,-1,1103,959,961,-1,1103,961,1104,-1,1104,961,963,-1,1104,963,1105,-1,1105,963,966,-1,1105,966,1106,-1,1106,966,968,-1,1106,968,1107,-1,1107,968,970,-1,1107,970,1108,-1,1108,970,972,-1,1108,972,1109,-1,1109,972,925,-1,1109,925,1110,-1,1110,925,927,-1,1110,927,1111,-1,1111,927,929,-1,1111,929,1112,-1,1112,929,931,-1,1112,931,1113,-1,1113,931,933,-1,1113,933,1114,-1,1114,933,935,-1,1114,935,1115,-1,1115,935,937,-1,1115,937,1116,-1,1116,937,939,-1,1116,939,1117,-1,1117,939,941,-1,1117,941,1118,-1,1118,941,943,-1,1118,943,1119,-1,1119,943,945,-1,1120,1121,1122,-1,1122,1121,1123,-1,1122,1123,1124,-1,1124,1123,1125,-1,1124,1125,1126,-1,1126,1125,1127,-1,1126,1127,1128,-1,1128,1127,1129,-1,1128,1129,1130,-1,1129,1131,1130,-1,1130,1131,1132,-1,1130,1132,1133,-1,1133,1132,1134,-1,1133,1134,1135,-1,1135,1134,1136,-1,1135,1136,1137,-1,1137,1136,1138,-1,1137,1138,1139,-1,1139,1138,1140,-1,1139,1140,1141,-1,1141,1140,1142,-1,1141,1142,1143,-1,1143,1142,1144,-1,1143,1144,1145,-1,1145,1144,1146,-1,1145,1146,1147,-1,1147,1146,1148,-1,1147,1148,1149,-1,1149,1148,1150,-1,1149,1150,1151,-1,1151,1150,1152,-1,1151,1152,1153,-1,1153,1152,1154,-1,1153,1154,1155,-1,1155,1154,1156,-1,1155,1156,1157,-1,1157,1156,1158,-1,1157,1158,1159,-1,1159,1158,1160,-1,1159,1160,1161,-1,1161,1160,1162,-1,1161,1162,1163,-1,1163,1162,1164,-1,1163,1164,1165,-1,1165,1164,1166,-1,1165,1166,1167,-1,1167,1166,1168,-1,1167,1168,1120,-1,1120,1168,1169,-1,1120,1169,1121,-1,1170,1171,1172,-1,1172,1171,1173,-1,1172,1173,1174,-1,1175,1176,1172,-1,1172,1176,1177,-1,1172,1177,1170,-1,1178,1179,1172,-1,1172,1179,1180,-1,1172,1180,1175,-1,1181,1182,1172,-1,1172,1182,1183,-1,1172,1183,1178,-1,1184,1185,1172,-1,1172,1185,1186,-1,1172,1186,1181,-1,1187,1188,1172,-1,1172,1188,1189,-1,1172,1189,1184,-1,1190,1191,1172,-1,1172,1191,1192,-1,1172,1192,1187,-1,1174,1193,1172,-1,1172,1193,1194,-1,1172,1194,1190,-1,1173,1195,1174,-1,1174,1195,1196,-1,1174,1196,1193,-1,1193,1196,1197,-1,1193,1197,1194,-1,1194,1197,1198,-1,1194,1198,1190,-1,1190,1198,1199,-1,1190,1199,1191,-1,1191,1199,1200,-1,1191,1200,1192,-1,1192,1200,1201,-1,1192,1201,1187,-1,1187,1201,1202,-1,1187,1202,1188,-1,1188,1202,1203,-1,1188,1203,1189,-1,1189,1203,1204,-1,1189,1204,1184,-1,1184,1204,1205,-1,1184,1205,1185,-1,1185,1205,1206,-1,1185,1206,1186,-1,1186,1206,1207,-1,1186,1207,1181,-1,1181,1207,1208,-1,1181,1208,1182,-1,1182,1208,1209,-1,1182,1209,1183,-1,1183,1209,1210,-1,1183,1210,1178,-1,1178,1210,1211,-1,1178,1211,1179,-1,1179,1211,1212,-1,1179,1212,1180,-1,1180,1212,1213,-1,1180,1213,1175,-1,1175,1213,1214,-1,1175,1214,1176,-1,1176,1214,1215,-1,1176,1215,1177,-1,1177,1215,1216,-1,1177,1216,1170,-1,1170,1216,1217,-1,1170,1217,1171,-1,1171,1217,1218,-1,1171,1218,1173,-1,1173,1218,1195,-1,1218,1219,1195,-1,1195,1219,1220,-1,1195,1220,1196,-1,1196,1220,1221,-1,1196,1221,1197,-1,1197,1221,1222,-1,1197,1222,1198,-1,1198,1222,1223,-1,1198,1223,1199,-1,1199,1223,1224,-1,1199,1224,1200,-1,1200,1224,1225,-1,1200,1225,1201,-1,1201,1225,1226,-1,1201,1226,1202,-1,1202,1226,1227,-1,1202,1227,1203,-1,1203,1227,1228,-1,1203,1228,1204,-1,1204,1228,1229,-1,1204,1229,1205,-1,1205,1229,1230,-1,1205,1230,1206,-1,1206,1230,1231,-1,1206,1231,1207,-1,1207,1231,1232,-1,1207,1232,1208,-1,1208,1232,1233,-1,1208,1233,1209,-1,1209,1233,1234,-1,1209,1234,1210,-1,1210,1234,1235,-1,1210,1235,1211,-1,1211,1235,1236,-1,1211,1236,1212,-1,1212,1236,1237,-1,1212,1237,1213,-1,1213,1237,1238,-1,1213,1238,1214,-1,1214,1238,1239,-1,1214,1239,1215,-1,1215,1239,1240,-1,1215,1240,1216,-1,1216,1240,1241,-1,1216,1241,1217,-1,1217,1241,1242,-1,1217,1242,1218,-1,1218,1242,1219,-1,1242,1243,1219,-1,1219,1243,1244,-1,1219,1244,1220,-1,1220,1244,1245,-1,1220,1245,1221,-1,1221,1245,1246,-1,1221,1246,1222,-1,1222,1246,1247,-1,1222,1247,1223,-1,1223,1247,1248,-1,1223,1248,1224,-1,1224,1248,1249,-1,1224,1249,1225,-1,1225,1249,1250,-1,1225,1250,1226,-1,1226,1250,1251,-1,1226,1251,1227,-1,1227,1251,1252,-1,1227,1252,1228,-1,1228,1252,1253,-1,1228,1253,1229,-1,1229,1253,1254,-1,1229,1254,1230,-1,1230,1254,1255,-1,1230,1255,1231,-1,1231,1255,1256,-1,1231,1256,1232,-1,1232,1256,1257,-1,1232,1257,1233,-1,1233,1257,1258,-1,1233,1258,1234,-1,1234,1258,1259,-1,1234,1259,1235,-1,1235,1259,1260,-1,1235,1260,1236,-1,1236,1260,1261,-1,1236,1261,1237,-1,1237,1261,1262,-1,1237,1262,1238,-1,1238,1262,1263,-1,1238,1263,1239,-1,1239,1263,1264,-1,1239,1264,1240,-1,1240,1264,1265,-1,1240,1265,1241,-1,1241,1265,1266,-1,1241,1266,1242,-1,1242,1266,1243,-1,1266,1267,1243,-1,1243,1267,1268,-1,1243,1268,1244,-1,1244,1268,1269,-1,1244,1269,1245,-1,1245,1269,1270,-1,1245,1270,1246,-1,1246,1270,1271,-1,1246,1271,1247,-1,1247,1271,1272,-1,1247,1272,1248,-1,1248,1272,1273,-1,1248,1273,1249,-1,1249,1273,1274,-1,1249,1274,1250,-1,1250,1274,1275,-1,1250,1275,1251,-1,1251,1275,1276,-1,1251,1276,1252,-1,1252,1276,1277,-1,1252,1277,1253,-1,1253,1277,1278,-1,1253,1278,1254,-1,1254,1278,1279,-1,1254,1279,1255,-1,1255,1279,1280,-1,1255,1280,1256,-1,1256,1280,1281,-1,1256,1281,1257,-1,1257,1281,1282,-1,1257,1282,1258,-1,1258,1282,1283,-1,1258,1283,1259,-1,1259,1283,1284,-1,1259,1284,1260,-1,1260,1284,1285,-1,1260,1285,1261,-1,1261,1285,1286,-1,1261,1286,1262,-1,1262,1286,1287,-1,1262,1287,1263,-1,1263,1287,1288,-1,1263,1288,1264,-1,1264,1288,1289,-1,1264,1289,1265,-1,1265,1289,1290,-1,1265,1290,1266,-1,1266,1290,1267,-1,1290,1291,1267,-1,1267,1291,1292,-1,1267,1292,1268,-1,1268,1292,1293,-1,1268,1293,1269,-1,1269,1293,1294,-1,1269,1294,1270,-1,1270,1294,1295,-1,1270,1295,1271,-1,1271,1295,1296,-1,1271,1296,1272,-1,1272,1296,1297,-1,1272,1297,1273,-1,1273,1297,1298,-1,1273,1298,1274,-1,1274,1298,1299,-1,1274,1299,1275,-1,1275,1299,1300,-1,1275,1300,1276,-1,1276,1300,1301,-1,1276,1301,1277,-1,1277,1301,1302,-1,1277,1302,1278,-1,1278,1302,1303,-1,1278,1303,1279,-1,1279,1303,1304,-1,1279,1304,1280,-1,1280,1304,1305,-1,1280,1305,1281,-1,1281,1305,1306,-1,1281,1306,1282,-1,1282,1306,1307,-1,1282,1307,1283,-1,1283,1307,1308,-1,1283,1308,1284,-1,1284,1308,1309,-1,1284,1309,1285,-1,1285,1309,1310,-1,1285,1310,1286,-1,1286,1310,1311,-1,1286,1311,1287,-1,1287,1311,1312,-1,1287,1312,1288,-1,1288,1312,1313,-1,1288,1313,1289,-1,1289,1313,1314,-1,1289,1314,1290,-1,1290,1314,1291,-1,1314,1126,1291,-1,1291,1126,1128,-1,1291,1128,1292,-1,1292,1128,1130,-1,1292,1130,1293,-1,1293,1130,1133,-1,1293,1133,1294,-1,1294,1133,1135,-1,1294,1135,1295,-1,1295,1135,1137,-1,1295,1137,1296,-1,1296,1137,1139,-1,1296,1139,1297,-1,1297,1139,1141,-1,1297,1141,1298,-1,1298,1141,1143,-1,1298,1143,1299,-1,1299,1143,1145,-1,1299,1145,1300,-1,1300,1145,1147,-1,1300,1147,1301,-1,1301,1147,1149,-1,1301,1149,1302,-1,1302,1149,1151,-1,1302,1151,1303,-1,1303,1151,1153,-1,1303,1153,1304,-1,1304,1153,1155,-1,1304,1155,1305,-1,1305,1155,1157,-1,1305,1157,1306,-1,1306,1157,1159,-1,1306,1159,1307,-1,1307,1159,1161,-1,1307,1161,1308,-1,1308,1161,1163,-1,1308,1163,1309,-1,1309,1163,1165,-1,1309,1165,1310,-1,1310,1165,1167,-1,1310,1167,1311,-1,1311,1167,1120,-1,1311,1120,1312,-1,1312,1120,1122,-1,1312,1122,1313,-1,1313,1122,1124,-1,1313,1124,1314,-1,1314,1124,1126,-1,
        ]
    }
}