#VRML V2.0 utf8
# 3D model generated by easyeda2kicad.py (https://github.com/uPesy/easyeda2kicad.py)

Shape{
    appearance Appearance {
        material  Material 	{
            diffuseColor 1.0 1.0 1.0
            specularColor 0.5019607843137255 0.5019607843137255 0.5019607843137255
            ambientIntensity 1.0
            transparency 0.0
            shininess 0.5
        }
    }
    geometry IndexedFaceSet {
        ccw TRUE
        solid FALSE
        coord DEF co Coordinate {
            point [
                0.5399 0.036 0.2616, 0.5399 0.038 0.2616, 0.5341 0.038 0.3026, 0.5398 0.073 0.2618, 0.5399 0.0717 0.2616, 0.5399 0.0797 0.2616, 0.5512 -0.3744 0.1811, 0.5512 -0.2638 0.1811, 0.5416 -0.2638 0.249, 0.5393 0.1243 0.2655, 0.5398 0.1243 0.2619, 0.5399 0.1273 0.2616, 0.5399 0.1172 0.2616, 0.5378 0.1112 0.2762, 0.5393 0.1112 0.2655, 0.5378 0.1172 0.2762, 0.5393 0.1172 0.2655, 0.5378 0.1226 0.2762, 0.5373 0.1226 0.2798, 0.5359 0.1112 0.2899, 0.5373 0.1112 0.2798, 0.5359 0.1172 0.2899, 0.5373 0.1172 0.2798, 0.5359 0.1235 0.2899, 0.5398 0.1172 0.2619, 0.5398 0.107 0.2619, 0.5399 0.1049 0.2616, 0.5354 0.107 0.2936, 0.5416 -0.3649 0.249, 0.5399 -0.2638 0.2616, 0.5399 -0.3631 0.2616, 0.5341 -0.2638 0.3026, 0.5341 -0.3573 0.3026, 0.5283 -0.2638 0.3442, 0.5283 -0.3515 0.3442, 0.5235 -0.2638 0.3778, 0.5235 -0.3468 0.3778, 0.5315 0.139 0.3209, 0.5315 0.1273 0.3209, 0.5328 0.1423 0.3122, 0.5341 0.1273 0.3026, 0.5328 0.1469 0.3122, 0.5283 0.1347 0.3439, 0.5341 0.3573 0.3026, 0.5283 0.3515 0.3442, 0.5283 0.1273 0.3442, 0.5283 0.1303 0.3439, 0.5294 0.1273 0.3362, 0.5398 0.1303 0.2619, 0.5354 0.1303 0.2936, 0.5378 0.1563 0.2761, 0.5383 0.1555 0.2724, 0.5398 0.1582 0.2619, 0.5388 0.1539 0.2691, 0.5399 0.3631 0.2616, 0.5398 0.1391 0.2619, 0.5354 0.1704 0.2936, 0.5354 0.1748 0.2936, 0.5375 0.1564 0.2781, 0.5369 0.1559 0.2825, 0.5392 0.1516 0.2663, 0.5395 0.1482 0.2639, 0.5397 0.1446 0.2625, 0.536 0.1516 0.2894, 0.5361 0.1527 0.2883, 0.5365 0.1547 0.2855, 0.5354 0.1394 0.2936, 0.5354 0.1443 0.2931, 0.5356 0.1482 0.2917, 0.5398 0.187 0.2619, 0.5398 0.1824 0.2619, 0.5398 0.1627 0.2619, 0.5386 0.1658 0.2705, 0.5386 0.1791 0.2705, 0.5283 0.0651 0.3442, 0.5283 0.0564 0.3442, 0.5283 0.0571 0.3441, 0.5284 0.0605 0.3431, 0.529 0.0605 0.3389, 0.5341 0.0651 0.3026, 0.5327 0.0462 0.3124, 0.5325 0.0432 0.3139, 0.529 0.0602 0.339, 0.532 0.0605 0.3174, 0.5288 0.0569 0.3403, 0.5287 0.053 0.3407, 0.5288 0.0513 0.3407, 0.5288 0.0486 0.34, 0.529 0.0461 0.3388, 0.5292 0.0442 0.3372, 0.5293 0.044 0.337, 0.5296 0.0425 0.3348, 0.5326 0.0605 0.3135, 0.5326 0.06 0.3132, 0.5322 0.0406 0.316, 0.5322 0.0404 0.3163, 0.5318 0.0385 0.319, 0.53 0.0414 0.3321, 0.5306 0.0409 0.3277, 0.5308 0.0409 0.3261, 0.5312 0.0415 0.323, 0.5323 0.0537 0.3154, 0.5322 0.0574 0.316, 0.5321 0.0468 0.3166, 0.5323 0.049 0.3157, 0.5323 0.0522 0.3153, 0.5328 0.0565 0.3121, 0.5328 0.0516 0.3117, 0.5328 0.0497 0.3117, 0.5316 0.0426 0.3205, 0.5319 0.044 0.3186, 0.5319 0.0447 0.318, 0.5282 0.0529 0.3444, 0.5235 0.0651 0.3778, 0.5283 0.0507 0.3442, 0.5235 0.038 0.3778, 0.5283 0.038 0.3442, 0.5293 0.0388 0.3368, 0.5289 0.0412 0.3398, 0.5288 0.0419 0.3405, 0.5285 0.0449 0.3426, 0.5283 0.0483 0.3439, 0.5283 0.036 0.3442, 0.5298 0.0373 0.3332, 0.5296 0.038 0.3347, 0.5316 0.038 0.3202, 0.5313 0.0372 0.3223, 0.5341 0.036 0.3026, 0.5306 0.0365 0.3274, 0.5304 0.0366 0.3291, 0.5283 0.0834 0.3439, 0.5283 0.0872 0.3442, 0.5283 0.0797 0.3442, 0.5308 0.0711 0.3265, 0.5323 0.0711 0.3158, 0.5308 0.0797 0.3265, 0.5323 0.0797 0.3158, 0.5308 0.0825 0.3265, 0.5323 0.0842 0.3158, 0.5302 0.0825 0.3301, 0.5288 0.0834 0.3403, 0.5302 0.0797 0.3301, 0.5288 0.0797 0.3403, 0.5302 0.0711 0.3301, 0.5288 0.0711 0.3403, 0.5341 0.0872 0.3026, 0.5328 0.0842 0.3122, 0.5341 0.0797 0.3026, 0.5328 0.0797 0.3122, 0.5328 0.0669 0.3122, 0.5283 0.0669 0.3439, 0.5283 0.0797 0.3439, 0.5328 0.099 0.3122, 0.5328 0.0902 0.3122, 0.5283 0.0993 0.3439, 0.5283 0.1049 0.3442, 0.5283 0.0902 0.3439, 0.5313 0.1154 0.3227, 0.5317 0.1138 0.3194, 0.5341 0.1172 0.3026, 0.5308 0.1162 0.3264, 0.5283 0.1172 0.3442, 0.5299 0.1157 0.3328, 0.5305 0.1163 0.3284, 0.5321 0.1114 0.3166, 0.5325 0.1081 0.3143, 0.5341 0.1049 0.3026, 0.5326 0.1049 0.313, 0.5327 0.1045 0.3128, 0.5289 0.1114 0.3397, 0.529 0.1126 0.3386, 0.5294 0.1146 0.3358, 0.5284 0.1042 0.3434, 0.5284 0.1049 0.3431, 0.5286 0.1081 0.342, 0.5328 0.1181 0.3122, 0.5328 0.1226 0.3122, 0.5315 0.1257 0.3209, 0.5398 0.0505 0.2622, 0.5399 0.0489 0.2616, 0.5398 0.0538 0.2619, 0.5383 0.0409 0.2725, 0.5374 0.0416 0.2791, 0.5385 0.0401 0.2712, 0.5387 0.0396 0.2698, 0.537 0.0505 0.2817, 0.537 0.0491 0.2818, 0.5379 0.047 0.2753, 0.5397 0.0515 0.2629, 0.5382 0.0421 0.2736, 0.5381 0.0437 0.2745, 0.5372 0.0444 0.2808, 0.5371 0.0469 0.2816, 0.5398 0.0427 0.2622, 0.5399 0.0443 0.2616, 0.5399 0.0443 0.2616, 0.5369 0.0416 0.2829, 0.5368 0.0425 0.2834, 0.5397 0.0414 0.2631, 0.5396 0.0409 0.2636, 0.5394 0.0401 0.2648, 0.5393 0.0538 0.2654, 0.5393 0.0537 0.2654, 0.5395 0.0528 0.2641, 0.5392 0.0396 0.2661, 0.539 0.0394 0.2679, 0.538 0.0644 0.2748, 0.5379 0.0639 0.2757, 0.5378 0.0578 0.2764, 0.5377 0.0634 0.2769, 0.5373 0.0574 0.2798, 0.5375 0.0632 0.2784, 0.5378 0.0538 0.2763, 0.5376 0.0536 0.278, 0.5374 0.0532 0.2794, 0.5372 0.0527 0.2803, 0.5367 0.0539 0.2842, 0.5368 0.0551 0.2834, 0.537 0.0646 0.2822, 0.5381 0.065 0.2741, 0.5391 0.0632 0.2668, 0.5381 0.0651 0.2741, 0.5393 0.0649 0.2657, 0.5393 0.0651 0.2657, 0.5366 0.0454 0.2846, 0.5366 0.0495 0.285, 0.5366 0.0522 0.2848, 0.5373 0.0634 0.2798, 0.5371 0.0639 0.2811, 0.5371 0.0567 0.2815, 0.5369 0.0559 0.2827, 0.5372 0.0521 0.2809, 0.5371 0.0514 0.2814, 0.5399 0.0467 0.2613, 0.5416 0.038 0.249, 0.5399 0.0488 0.2616, 0.5416 0.0651 0.249, 0.5397 0.0632 0.2627, 0.5398 0.0578 0.2619, 0.5398 0.0651 0.262, 0.5399 0.0651 0.2616, 0.5399 0.066 0.2617, 0.5399 0.0668 0.2616, 0.5399 0.0694 0.2613, 0.5367 0.0776 0.284, 0.5373 0.0776 0.2802, 0.5368 0.0658 0.2832, 0.5367 0.0668 0.2838, 0.5369 0.0651 0.2826, 0.5392 0.0785 0.2664, 0.5394 0.078 0.2652, 0.5395 0.0772 0.2641, 0.5366 0.069 0.2847, 0.5366 0.0721 0.285, 0.5366 0.075 0.2848, 0.5384 0.0773 0.2718, 0.5386 0.0781 0.2707, 0.5388 0.0785 0.2695, 0.539 0.0787 0.268, 0.5397 0.0761 0.2631, 0.5397 0.0751 0.2626, 0.537 0.0718 0.2818, 0.537 0.0706 0.2817, 0.5375 0.0674 0.2788, 0.5371 0.0695 0.2814, 0.5371 0.0686 0.281, 0.5375 0.0674 0.2782, 0.5376 0.0676 0.2776, 0.5377 0.0679 0.2771, 0.5378 0.0683 0.2767, 0.5379 0.0697 0.2758, 0.5371 0.0742 0.2816, 0.538 0.0721 0.2747, 0.5372 0.0765 0.2808, 0.5381 0.0737 0.2741, 0.5383 0.0764 0.2726, 0.5372 0.068 0.2804, 0.5373 0.0676 0.2799, 0.5374 0.0674 0.2794, 0.5394 0.0675 0.2648, 0.5384 0.0693 0.2718, 0.5383 0.0669 0.2729, 0.5394 0.0698 0.2646, 0.5394 0.07 0.2646, 0.5386 0.072 0.2707, 0.5394 0.0721 0.2648, 0.539 0.0745 0.2676, 0.5389 0.0745 0.2681, 0.5394 0.0731 0.2652, 0.5393 0.0735 0.2654, 0.5393 0.0739 0.2658, 0.5392 0.0743 0.2663, 0.5391 0.0745 0.2669, 0.5389 0.0743 0.2688, 0.5388 0.074 0.2693, 0.5387 0.0735 0.2698, 0.5366 0.0986 0.2845, 0.5366 0.1027 0.2845, 0.5354 0.1172 0.2936, 0.5354 0.1235 0.2936, 0.539 0.0912 0.2675, 0.5393 0.0917 0.2656, 0.5393 0.0918 0.2656, 0.5374 0.0872 0.279, 0.539 0.0923 0.2675, 0.5392 0.092 0.2664, 0.5399 0.0872 0.2616, 0.5389 0.0872 0.2683, 0.5366 0.0808 0.2845, 0.5366 0.0852 0.2845, 0.5398 0.0897 0.2619, 0.5399 0.0896 0.2616, 0.5404 0.088 0.2578, 0.5416 0.0797 0.249, 0.5413 0.0816 0.2515, 0.5408 0.0816 0.2551, 0.5407 0.0864 0.2555, 0.5406 0.0872 0.2563, 0.5406 0.0872 0.2564, 0.5408 0.0824 0.2548, 0.5409 0.0839 0.2546, 0.5412 0.0872 0.2519, 0.5413 0.0858 0.2514, 0.5416 0.0872 0.249, 0.5413 0.0842 0.2512, 0.5413 0.0833 0.2512, 0.5408 0.0849 0.2547, 0.5408 0.0858 0.2551, 0.5403 0.0923 0.2584, 0.5408 0.0905 0.2549, 0.5416 0.1049 0.249, 0.5399 0.0936 0.2616, 0.541 0.089 0.2532, 0.5411 0.0888 0.253, 0.5412 0.0874 0.252, 0.5278 -0.0529 0.3474, 0.5283 -0.048 0.3442, 0.5283 0.0052 0.3442, 0.5288 -0.0427 0.3407, 0.5301 -0.0346 0.3312, 0.5313 -0.0304 0.3229, 0.5313 -0.0293 0.3225, 0.5318 -0.0225 0.3192, 0.5278 -0.0941 0.3477, 0.5273 -0.0835 0.3514, 0.5271 -0.0737 0.3524, 0.5235 0.0052 0.3778, 0.5272 -0.0643 0.3514, 0.5283 -0.1001 0.3442, 0.5283 -0.101 0.3436, 0.5322 -0.1479 0.3165, 0.5312 -0.1425 0.3233, 0.5298 -0.125 0.3331, 0.5297 -0.1163 0.3341, 0.529 -0.1064 0.3391, 0.5297 -0.1137 0.334, 0.5297 -0.111 0.3337, 0.531 -0.1408 0.3249, 0.5303 -0.1335 0.3299, 0.5391 -0.1368 0.2672, 0.5383 -0.1436 0.273, 0.5396 -0.1286 0.2632, 0.5372 -0.1489 0.2806, 0.536 -0.1521 0.289, 0.5348 -0.1532 0.2976, 0.5345 -0.1531 0.2999, 0.5341 -0.1526 0.3026, 0.5333 -0.1515 0.3084, 0.5398 -0.1254 0.2622, 0.5399 -0.1251 0.2616, 0.5405 -0.1231 0.2574, 0.541 -0.1197 0.2532, 0.5415 -0.1153 0.2499, 0.5418 -0.11 0.2477, 0.5416 -0.1132 0.249, 0.5416 -0.0943 0.249, 0.5418 -0.0983 0.2475, 0.5512 0.0052 0.1811, 0.5419 -0.1038 0.2469, 0.5419 -0.1046 0.2469, 0.5399 -0.0824 0.2616, 0.5399 -0.0824 0.2615, 0.5416 0.0052 0.249, 0.5406 -0.0851 0.2565, 0.5411 -0.0886 0.2526, 0.5416 -0.0932 0.2495, 0.5325 -0.0164 0.314, 0.5334 -0.0117 0.3076, 0.5341 0.0052 0.3026, 0.5341 -0.0097 0.3026, 0.5344 -0.0089 0.3007, 0.538 -0.0533 0.2749, 0.5379 -0.0518 0.2755, 0.5361 -0.0491 0.2884, 0.5366 -0.0867 0.2845, 0.5344 -0.0562 0.3003, 0.5361 -0.0907 0.2881, 0.5358 -0.0955 0.2907, 0.5381 -0.0547 0.2739, 0.5352 -0.0221 0.2951, 0.5346 -0.0232 0.2994, 0.5341 -0.0249 0.3026, 0.5341 -0.1383 0.3026, 0.5354 -0.0079 0.2933, 0.5365 -0.0089 0.2853, 0.5399 0.0052 0.2616, 0.5375 -0.0118 0.2781, 0.5384 -0.0163 0.2719, 0.5379 -0.05 0.2757, 0.5379 -0.0498 0.2757, 0.5379 -0.0491 0.2756, 0.536 -0.1369 0.2891, 0.5366 -0.1342 0.2845, 0.537 -0.1226 0.2822, 0.5372 -0.1301 0.2803, 0.5377 -0.1252 0.2773, 0.5359 -0.1142 0.2896, 0.5364 -0.1189 0.2864, 0.5347 -0.1388 0.2981, 0.5352 -0.1386 0.2946, 0.5357 -0.1092 0.2915, 0.5356 -0.1038 0.2922, 0.5356 -0.101 0.292, 0.5391 -0.0225 0.2667, 0.5396 -0.0295 0.2633, 0.5398 -0.037 0.2618, 0.5389 -0.0571 0.2688, 0.5387 -0.057 0.2696, 0.5385 -0.081 0.2717, 0.5385 -0.0566 0.2714, 0.5383 -0.0557 0.2729, 0.5371 -0.0266 0.2812, 0.5366 -0.0241 0.2847, 0.5361 -0.0226 0.2887, 0.5354 -0.022 0.2931, 0.5398 -0.0505 0.2618, 0.5398 -0.0518 0.262, 0.5397 -0.0533 0.2626, 0.5396 -0.0547 0.2636, 0.5395 -0.0553 0.2641, 0.5393 -0.0563 0.2655, 0.5391 -0.0569 0.2671, 0.5391 -0.0811 0.2671, 0.5388 -0.081 0.2694, 0.5379 -0.0487 0.2755, 0.5379 -0.0384 0.2755, 0.5378 -0.0343 0.2763, 0.5375 -0.0303 0.2781, 0.5372 -0.0269 0.2809, 0.5311 -0.0465 0.3242, 0.5302 -0.0516 0.3303, 0.532 -0.104 0.3172, 0.5301 -0.0522 0.3308, 0.5295 -0.0586 0.3352, 0.531 -0.1005 0.3244, 0.5319 -0.1056 0.3181, 0.5317 -0.1107 0.32, 0.534 -0.0253 0.3033, 0.5336 -0.0279 0.3062, 0.533 -0.0398 0.3107, 0.5333 -0.0315 0.3087, 0.533 -0.0354 0.3102, 0.533 -0.0416 0.3107, 0.5321 -0.043 0.317, 0.5318 -0.124 0.3192, 0.5322 -0.1291 0.3165, 0.5316 -0.1184 0.3205, 0.5326 -0.133 0.313, 0.5333 -0.1362 0.3085, 0.5302 -0.0954 0.3304, 0.5291 -0.0658 0.3379, 0.5296 -0.0893 0.3348, 0.529 -0.0735 0.3389, 0.5292 -0.0819 0.3378, 0.5316 -0.1161 0.3206, 0.534 -0.1382 0.3035, 0.5416 0.3649 0.249, 0.5416 0.1273 0.249, 0.5416 0.1172 0.249, 0.5235 0.3468 0.3778, 0.5235 0.1273 0.3778, 0.5235 0.1172 0.3778, 0.5235 0.1049 0.3778, 0.5235 0.0872 0.3778, 0.5235 0.0797 0.3778, 0.5512 0.3744 0.1811, 0.5512 0.1273 0.1811, 0.5512 0.1172 0.1811, 0.5512 0.1049 0.1811, 0.5512 0.0872 0.1811, 0.5512 0.0797 0.1811, 0.5512 0.0651 0.1811, 0.5512 0.038 0.1811, 0.5512 0.036 0.1811, 0.5416 0.036 0.249, 0.5398 0.0183 0.2619, 0.5354 0.0183 0.2936, 0.5354 0.0348 0.2936, 0.5359 0.0348 0.2899, 0.5359 0.0225 0.2899, 0.5373 0.0225 0.2798, 0.5373 0.0339 0.2798, 0.5398 0.0356 0.2619, 0.5393 0.0356 0.2655, 0.5378 0.0225 0.2762, 0.5393 0.0225 0.2655, 0.5378 0.0339 0.2762, 0.5283 0.0225 0.3439, 0.5323 0.0225 0.3158, 0.5323 0.0352 0.3158, 0.5328 0.0183 0.3122, 0.5283 0.0183 0.3439, 0.5328 0.0352 0.3122, 0.5235 0.036 0.3778, 0.52 0.3432 0.4031, 0.52 0.1273 0.4031, 0.52 0.1172 0.4031, 0.52 0.1049 0.4031, 0.52 0.0872 0.4031, 0.52 0.0797 0.4031, 0.52 0.0651 0.4031, 0.52 0.038 0.4031, 0.52 0.036 0.4031, 0.52 0.0052 0.4031, 0.52 -0.2638 0.4031, 0.52 -0.3432 0.4031, 0.5512 0.6496 0.1811, 0.4528 0.6496 0.1811, 0.4528 0.6476 0.1811, 0.5492 0.6476 0.1811, 0.5492 0.4528 0.1811, 0.2565 0.4528 0.1811, 0.2565 0.4134 0.1811, 0.5122 0.4134 0.1811, 0.5223 0.4121 0.1811, 0.536 0.4054 0.1811, 0.5398 0.402 0.1811, 0.5432 0.3982 0.1811, 0.546 0.394 0.1811, 0.5272 0.4104 0.1811, 0.5317 0.4082 0.1811, 0.5482 0.3894 0.1811, 0.5499 0.3845 0.1811, -0.4528 0.6476 0.1811, -0.4528 0.6496 0.1811, -0.5492 0.6476 0.1811, -0.5512 0.6496 0.1811, -0.5492 0.4528 0.1811, -0.5512 0.3744 0.1811, -0.5499 0.3845 0.1811, 0.0981 0.4134 0.1811, 0.0981 0.4528 0.1811, -0.5122 0.4134 0.1811, -0.5432 0.3982 0.1811, -0.5398 0.402 0.1811, -0.536 0.4054 0.1811, -0.5317 0.4082 0.1811, -0.5482 0.3894 0.1811, -0.546 0.394 0.1811, -0.5272 0.4104 0.1811, -0.5223 0.4121 0.1811, -0.5512 -0.6496 0.1811, -0.4528 -0.6496 0.1811, -0.4528 -0.6476 0.1811, -0.5492 -0.6476 0.1811, -0.5492 -0.4528 0.1811, -0.5512 -0.3744 0.1811, 0.3684 -0.4528 0.1811, 0.3684 -0.4134 0.1811, -0.5122 -0.4134 0.1811, -0.5223 -0.4121 0.1811, -0.536 -0.4054 0.1811, -0.5398 -0.402 0.1811, -0.5432 -0.3982 0.1811, -0.546 -0.394 0.1811, -0.5272 -0.4104 0.1811, -0.5317 -0.4082 0.1811, -0.5482 -0.3894 0.1811, -0.5499 -0.3845 0.1811, 0.4528 -0.6476 0.1811, 0.4528 -0.6496 0.1811, 0.5492 -0.6476 0.1811, 0.5512 -0.6496 0.1811, 0.5492 -0.4528 0.1811, 0.5499 -0.3845 0.1811, 0.4591 -0.4134 0.1811, 0.4591 -0.4528 0.1811, 0.5122 -0.4134 0.1811, 0.5432 -0.3982 0.1811, 0.5398 -0.402 0.1811, 0.536 -0.4054 0.1811, 0.5317 -0.4082 0.1811, 0.5482 -0.3894 0.1811, 0.546 -0.394 0.1811, 0.5272 -0.4104 0.1811, 0.5223 -0.4121 0.1811
            ]
        }
        coordIndex [
            0,1,2,-1,3,4,5,-1,6,7,8,-1,9,10,11,-1,11,10,12,-1,13,14,15,-1,15,14,16,-1,15,16,17,-1,17,16,9,-1,17,9,18,-1,19,20,21,-1,21,20,22,-1,21,22,23,-1,10,24,12,-1,12,24,25,-1,12,25,26,-1,26,25,27,-1,6,8,28,-1,28,8,29,-1,28,29,30,-1,30,29,31,-1,30,31,32,-1,32,31,33,-1,32,33,34,-1,34,33,35,-1,34,35,36,-1,37,38,39,-1,39,38,40,-1,39,40,41,-1,42,41,43,-1,43,44,42,-1,42,44,45,-1,42,45,46,-1,46,45,47,-1,48,49,40,-1,50,51,52,-1,52,51,53,-1,11,54,55,-1,55,48,11,-1,11,48,40,-1,11,40,9,-1,9,40,23,-1,9,23,18,-1,18,23,22,-1,40,56,57,-1,50,52,58,-1,58,52,56,-1,58,56,59,-1,53,60,52,-1,52,60,61,-1,52,61,62,-1,63,64,56,-1,56,64,65,-1,56,65,59,-1,49,66,40,-1,40,66,67,-1,40,67,56,-1,56,67,68,-1,56,68,63,-1,41,40,43,-1,43,40,57,-1,43,57,54,-1,54,57,69,-1,54,69,70,-1,62,55,52,-1,52,55,54,-1,52,54,71,-1,71,54,70,-1,71,70,72,-1,72,70,73,-1,74,75,76,-1,76,77,74,-1,74,77,78,-1,74,78,79,-1,80,81,2,-1,78,82,83,-1,83,82,84,-1,83,84,85,-1,85,86,83,-1,83,86,87,-1,83,87,88,-1,88,89,83,-1,83,89,90,-1,83,90,91,-1,78,83,79,-1,79,83,92,-1,79,92,93,-1,81,94,2,-1,2,94,95,-1,2,95,96,-1,91,97,83,-1,83,97,98,-1,83,98,99,-1,100,101,99,-1,99,101,102,-1,99,102,83,-1,103,104,105,-1,93,106,79,-1,79,106,107,-1,79,107,2,-1,2,107,108,-1,2,108,80,-1,100,109,101,-1,101,109,110,-1,101,110,105,-1,105,110,111,-1,105,111,103,-1,112,113,114,-1,114,113,115,-1,116,117,118,-1,118,119,116,-1,116,119,120,-1,116,120,121,-1,122,123,116,-1,116,123,124,-1,116,124,117,-1,125,126,127,-1,127,126,128,-1,127,128,122,-1,122,128,129,-1,122,129,123,-1,130,131,132,-1,133,134,135,-1,135,134,136,-1,135,136,137,-1,137,136,138,-1,137,138,139,-1,139,138,140,-1,139,140,141,-1,141,140,142,-1,141,142,143,-1,143,142,144,-1,130,140,131,-1,131,140,138,-1,131,138,145,-1,145,138,146,-1,145,146,147,-1,147,146,148,-1,147,148,79,-1,79,148,149,-1,79,149,74,-1,74,149,150,-1,74,150,132,-1,132,150,151,-1,132,151,130,-1,152,153,145,-1,154,155,131,-1,145,153,131,-1,131,153,156,-1,131,156,154,-1,157,158,159,-1,157,159,160,-1,161,162,163,-1,158,164,159,-1,159,164,165,-1,159,165,166,-1,166,165,167,-1,166,167,168,-1,169,170,161,-1,161,170,171,-1,161,171,162,-1,154,172,155,-1,155,172,173,-1,155,173,161,-1,161,173,174,-1,161,174,169,-1,175,159,176,-1,176,159,40,-1,176,40,177,-1,177,40,38,-1,47,45,175,-1,175,45,161,-1,175,161,159,-1,159,161,163,-1,159,163,160,-1,178,179,180,-1,181,182,183,-1,183,182,184,-1,185,186,187,-1,178,180,188,-1,181,189,182,-1,182,189,190,-1,182,190,191,-1,191,190,187,-1,191,187,192,-1,192,187,186,-1,193,1,194,-1,194,1,195,-1,2,196,197,-1,193,198,1,-1,1,198,199,-1,1,199,200,-1,201,202,180,-1,180,202,203,-1,180,203,188,-1,200,204,1,-1,1,204,205,-1,1,205,2,-1,2,205,184,-1,2,184,196,-1,196,184,182,-1,206,207,208,-1,208,207,209,-1,208,209,210,-1,210,209,211,-1,212,213,187,-1,187,213,214,-1,187,214,215,-1,216,217,218,-1,219,220,221,-1,221,220,222,-1,221,222,223,-1,197,224,2,-1,2,224,225,-1,2,225,226,-1,211,227,210,-1,210,227,228,-1,210,228,229,-1,229,228,218,-1,229,218,230,-1,230,218,217,-1,215,231,187,-1,187,231,232,-1,187,232,185,-1,233,234,235,-1,235,234,236,-1,235,236,179,-1,219,206,220,-1,220,206,208,-1,220,208,237,-1,237,208,238,-1,237,238,239,-1,239,238,240,-1,239,240,241,-1,241,240,242,-1,243,242,236,-1,236,242,240,-1,236,240,179,-1,179,240,238,-1,179,238,180,-1,244,245,5,-1,246,247,79,-1,226,216,2,-1,2,216,218,-1,2,218,79,-1,79,218,248,-1,79,248,246,-1,249,250,5,-1,5,250,251,-1,247,252,79,-1,79,252,253,-1,79,253,147,-1,147,253,254,-1,147,254,244,-1,255,256,245,-1,245,256,257,-1,245,257,5,-1,5,257,258,-1,5,258,249,-1,251,259,5,-1,5,259,260,-1,5,260,3,-1,261,262,263,-1,263,262,264,-1,263,264,265,-1,263,266,261,-1,261,266,267,-1,261,267,268,-1,268,269,261,-1,261,269,270,-1,261,270,271,-1,271,270,272,-1,271,272,273,-1,273,272,274,-1,273,274,245,-1,245,274,275,-1,245,275,255,-1,276,277,265,-1,265,277,278,-1,265,278,263,-1,279,280,223,-1,223,280,281,-1,223,281,221,-1,279,282,280,-1,280,282,283,-1,280,283,284,-1,284,283,285,-1,284,286,287,-1,285,288,284,-1,284,288,289,-1,284,289,290,-1,290,291,284,-1,284,291,292,-1,284,292,286,-1,287,293,284,-1,284,293,294,-1,284,294,295,-1,296,297,166,-1,297,26,166,-1,166,26,27,-1,166,27,159,-1,159,27,298,-1,159,298,40,-1,40,298,299,-1,40,299,23,-1,300,301,302,-1,168,152,166,-1,166,152,145,-1,166,145,296,-1,296,145,303,-1,296,303,304,-1,304,303,300,-1,304,300,305,-1,305,300,302,-1,306,307,5,-1,5,307,308,-1,244,5,147,-1,147,5,308,-1,147,308,145,-1,145,308,309,-1,145,309,303,-1,310,307,311,-1,311,307,306,-1,311,306,312,-1,313,314,315,-1,316,317,306,-1,306,317,318,-1,306,318,312,-1,243,236,4,-1,4,236,313,-1,4,313,5,-1,5,313,315,-1,5,315,306,-1,306,315,319,-1,306,319,320,-1,321,322,323,-1,323,322,324,-1,323,324,313,-1,313,324,325,-1,313,325,314,-1,320,326,306,-1,306,326,327,-1,306,327,316,-1,328,329,330,-1,328,330,331,-1,329,332,330,-1,330,332,333,-1,330,333,323,-1,323,333,334,-1,323,334,321,-1,335,336,337,-1,337,336,338,-1,337,338,339,-1,339,340,337,-1,337,340,341,-1,337,341,342,-1,343,344,35,-1,35,344,345,-1,35,345,346,-1,346,345,347,-1,343,35,348,-1,348,35,33,-1,348,33,349,-1,33,350,351,-1,33,352,349,-1,349,352,353,-1,349,353,354,-1,354,353,355,-1,354,355,356,-1,351,357,33,-1,33,357,358,-1,33,358,352,-1,359,360,29,-1,359,29,361,-1,360,362,29,-1,29,362,363,-1,29,363,31,-1,31,363,364,-1,364,365,31,-1,31,365,366,-1,31,366,33,-1,33,366,367,-1,33,367,350,-1,368,361,369,-1,369,361,29,-1,369,29,370,-1,370,29,8,-1,370,8,371,-1,371,8,372,-1,7,373,8,-1,8,373,374,-1,8,374,372,-1,375,376,377,-1,377,376,378,-1,377,378,7,-1,7,378,379,-1,7,379,373,-1,380,381,382,-1,381,383,382,-1,382,383,384,-1,382,384,385,-1,342,386,337,-1,337,386,387,-1,337,387,388,-1,388,387,389,-1,388,389,390,-1,391,392,393,-1,394,395,396,-1,396,395,397,-1,391,393,398,-1,399,400,395,-1,395,400,401,-1,395,401,402,-1,403,404,405,-1,405,404,406,-1,405,406,407,-1,392,408,393,-1,393,408,409,-1,393,409,410,-1,411,412,413,-1,413,412,414,-1,413,414,415,-1,416,402,417,-1,417,402,418,-1,417,418,413,-1,413,418,419,-1,413,419,411,-1,416,420,402,-1,402,420,421,-1,402,421,395,-1,395,421,422,-1,395,422,397,-1,407,423,405,-1,405,423,424,-1,405,424,425,-1,426,427,428,-1,428,427,429,-1,428,429,393,-1,393,429,430,-1,393,430,398,-1,431,432,393,-1,393,432,433,-1,393,433,395,-1,395,433,434,-1,395,434,399,-1,435,436,380,-1,436,437,380,-1,380,437,438,-1,380,438,439,-1,439,440,380,-1,380,440,441,-1,380,441,442,-1,442,441,426,-1,442,426,443,-1,443,426,428,-1,410,444,393,-1,393,444,445,-1,393,445,446,-1,446,447,393,-1,393,447,448,-1,393,448,431,-1,449,450,451,-1,450,452,451,-1,451,452,453,-1,451,453,454,-1,401,451,402,-1,402,451,455,-1,402,455,456,-1,457,458,459,-1,459,458,460,-1,459,460,461,-1,457,459,401,-1,401,459,462,-1,401,462,451,-1,451,462,463,-1,451,463,449,-1,464,465,466,-1,466,465,467,-1,466,467,468,-1,454,453,469,-1,469,453,470,-1,469,470,471,-1,471,470,472,-1,471,472,473,-1,456,474,402,-1,402,474,466,-1,402,466,475,-1,475,466,468,-1,476,54,477,-1,477,54,11,-1,477,11,478,-1,478,11,12,-1,478,12,330,-1,330,12,26,-1,330,26,331,-1,331,26,297,-1,44,479,45,-1,45,479,480,-1,45,480,161,-1,161,480,481,-1,161,481,155,-1,155,481,482,-1,155,482,131,-1,131,482,483,-1,131,483,132,-1,132,483,484,-1,132,484,74,-1,74,484,113,-1,74,113,75,-1,75,113,112,-1,485,476,486,-1,486,476,477,-1,486,477,487,-1,487,477,478,-1,487,478,488,-1,488,478,330,-1,488,330,489,-1,489,330,323,-1,489,323,490,-1,490,323,313,-1,490,313,491,-1,491,313,236,-1,491,236,492,-1,492,236,234,-1,492,234,493,-1,493,234,494,-1,493,494,377,-1,377,494,382,-1,377,382,375,-1,375,382,385,-1,233,195,234,-1,234,195,1,-1,234,1,494,-1,494,1,0,-1,494,0,382,-1,382,0,405,-1,382,405,380,-1,380,405,425,-1,380,425,435,-1,495,496,388,-1,388,496,127,-1,127,496,497,-1,127,497,498,-1,499,500,498,-1,498,500,501,-1,390,403,388,-1,388,403,405,-1,388,405,495,-1,495,405,0,-1,495,0,502,-1,502,0,503,-1,504,505,506,-1,506,505,503,-1,96,125,2,-1,2,125,127,-1,2,127,0,-1,0,127,498,-1,0,498,503,-1,503,498,501,-1,503,501,506,-1,507,508,509,-1,510,511,337,-1,337,511,507,-1,337,507,122,-1,122,507,509,-1,122,509,127,-1,127,509,512,-1,127,512,388,-1,388,512,510,-1,388,510,337,-1,121,114,116,-1,116,114,115,-1,116,115,122,-1,122,115,513,-1,122,513,337,-1,337,513,346,-1,337,346,335,-1,335,346,347,-1,479,514,480,-1,480,514,515,-1,480,515,481,-1,481,515,516,-1,481,516,482,-1,482,516,517,-1,482,517,483,-1,483,517,518,-1,483,518,484,-1,484,518,519,-1,484,519,113,-1,113,519,520,-1,113,520,115,-1,115,520,521,-1,115,521,513,-1,513,521,522,-1,513,522,346,-1,346,522,523,-1,346,523,35,-1,35,523,524,-1,35,524,36,-1,36,524,525,-1,526,527,528,-1,528,529,526,-1,526,529,530,-1,526,530,485,-1,531,532,530,-1,530,532,533,-1,530,533,534,-1,535,536,530,-1,530,536,537,-1,530,537,538,-1,534,539,530,-1,530,539,540,-1,530,540,535,-1,538,541,530,-1,530,541,542,-1,530,542,485,-1,543,544,545,-1,545,544,546,-1,545,546,547,-1,547,546,548,-1,547,548,549,-1,550,551,552,-1,552,551,547,-1,553,554,547,-1,547,554,555,-1,547,555,556,-1,549,557,547,-1,547,557,558,-1,547,558,553,-1,556,559,547,-1,547,559,560,-1,547,560,552,-1,561,562,563,-1,563,564,561,-1,561,564,565,-1,561,565,566,-1,567,568,565,-1,565,568,569,-1,565,569,570,-1,571,572,565,-1,565,572,573,-1,565,573,574,-1,570,575,565,-1,565,575,576,-1,565,576,571,-1,574,577,565,-1,565,577,578,-1,565,578,566,-1,579,580,581,-1,581,580,582,-1,581,582,583,-1,583,582,6,-1,583,6,584,-1,585,586,587,-1,587,586,583,-1,588,589,583,-1,583,589,590,-1,583,590,591,-1,584,592,583,-1,583,592,593,-1,583,593,588,-1,591,594,583,-1,583,594,595,-1,583,595,587,-1,
        ]
    }
}
Shape{
    appearance Appearance {
        material  Material 	{
            diffuseColor 0.9686274509803922 0.8784313725490196 0.6
            specularColor 0.6784313725490196 0.615686274509804 0.4196078431372549
            ambientIntensity 0.8737
            transparency 0.0
            shininess 0.5
        }
    }
    geometry IndexedFaceSet {
        ccw TRUE
        solid FALSE
        coord DEF co Coordinate {
            point [
                -0.4528 0.6476 0.185, -0.3327 0.5695 0.185, -0.3507 0.5859 0.185, -0.3739 0.6535 0.185, -0.4528 0.6535 0.185, -0.3719 0.6293 0.185, -0.364 0.6063 0.185, -0.0984 0.6535 0.185, -0.1772 0.6535 0.185, -0.0984 0.6476 0.185, -0.1793 0.6293 0.185, -0.1872 0.6063 0.185, 0.0984 0.6476 0.185, 0.2184 0.5695 0.185, 0.2005 0.5859 0.185, 0.0981 0.4128 0.185, 0.2565 0.4128 0.185, 0.2565 0.4528 0.185, 0.0981 0.4528 0.185, 0.5492 0.4528 0.185, 0.5492 0.6476 0.185, 0.4528 0.6476 0.185, 0.3113 0.5579 0.185, 0.2878 0.5519 0.185, 0.2634 0.5519 0.185, 0.1772 0.6535 0.185, 0.0984 0.6535 0.185, 0.1793 0.6293 0.185, 0.1872 0.6063 0.185, -0.2878 0.5519 0.185, -0.5492 0.4528 0.185, -0.2634 0.5519 0.185, -0.2398 0.5579 0.185, -0.2184 0.5695 0.185, -0.5492 0.6476 0.185, -0.3113 0.5579 0.185, 0.4528 0.6535 0.185, 0.3739 0.6535 0.185, 0.3719 0.6293 0.185, -0.2005 0.5859 0.185, 0.2398 0.5579 0.185, 0.364 0.6063 0.185, 0.3507 0.5859 0.185, 0.3327 0.5695 0.185, 0.4528 -0.6476 0.185, 0.3327 -0.5695 0.185, 0.3507 -0.5859 0.185, 0.3739 -0.6535 0.185, 0.4528 -0.6535 0.185, 0.3719 -0.6293 0.185, 0.364 -0.6063 0.185, 0.4591 -0.4128 0.185, 0.3684 -0.4128 0.185, 0.4591 -0.4528 0.185, 0.3684 -0.4528 0.185, -0.1772 -0.6535 0.185, -0.0984 -0.6535 0.185, -0.1793 -0.6293 0.185, -0.0984 -0.6476 0.185, -0.1872 -0.6063 0.185, -0.2005 -0.5859 0.185, 0.2184 -0.5695 0.185, 0.0984 -0.6476 0.185, 0.2005 -0.5859 0.185, 0.1872 -0.6063 0.185, 0.2398 -0.5579 0.185, 0.2634 -0.5519 0.185, -0.5492 -0.4528 0.185, -0.5492 -0.6476 0.185, -0.4528 -0.6476 0.185, -0.4528 -0.6535 0.185, -0.3739 -0.6535 0.185, -0.3719 -0.6293 0.185, -0.364 -0.6063 0.185, 0.0984 -0.6535 0.185, 0.1772 -0.6535 0.185, 0.1793 -0.6293 0.185, 0.2878 -0.5519 0.185, 0.3113 -0.5579 0.185, 0.5492 -0.4528 0.185, 0.5492 -0.6476 0.185, -0.3113 -0.5579 0.185, -0.3327 -0.5695 0.185, -0.3507 -0.5859 0.185, -0.2878 -0.5519 0.185, -0.2634 -0.5519 0.185, -0.2398 -0.5579 0.185, -0.2184 -0.5695 0.185, 0.4591 -0.4134 0.1811, 0.4591 -0.4528 0.1811, 0.3684 -0.4134 0.1811, 0.3684 -0.4528 0.1811, 0.0981 0.4134 0.1811, 0.0981 0.4528 0.1811, 0.2565 0.4134 0.1811, 0.2565 0.4528 0.1811, -0.5492 0.4528 0.1811, 0.5492 -0.4528 0.1811
            ]
        }
        coordIndex [
            0,1,2,-1,3,4,5,-1,5,4,0,-1,5,0,6,-1,6,0,2,-1,7,8,9,-1,9,8,10,-1,9,10,11,-1,12,13,14,-1,15,16,17,-1,15,17,18,-1,19,20,17,-1,17,20,21,-1,22,23,17,-1,17,23,24,-1,25,26,27,-1,27,26,12,-1,27,12,28,-1,28,12,14,-1,29,30,31,-1,31,30,18,-1,31,18,32,-1,32,18,33,-1,0,34,1,-1,1,34,30,-1,1,30,35,-1,35,30,29,-1,36,37,21,-1,21,37,38,-1,11,39,9,-1,9,39,33,-1,9,33,12,-1,12,33,18,-1,12,18,13,-1,13,18,17,-1,13,17,40,-1,40,17,24,-1,38,41,21,-1,21,41,42,-1,21,42,17,-1,17,42,43,-1,17,43,22,-1,44,45,46,-1,47,48,49,-1,49,48,44,-1,49,44,50,-1,50,44,46,-1,51,52,53,-1,53,52,54,-1,55,56,57,-1,57,56,58,-1,57,58,59,-1,59,58,60,-1,61,62,63,-1,63,62,64,-1,65,66,54,-1,67,68,69,-1,70,71,69,-1,69,71,72,-1,69,72,73,-1,74,75,62,-1,62,75,76,-1,62,76,64,-1,66,77,54,-1,54,77,78,-1,54,78,53,-1,53,78,45,-1,53,45,79,-1,79,45,44,-1,79,44,80,-1,81,67,82,-1,82,67,69,-1,82,69,83,-1,83,69,73,-1,81,84,67,-1,67,84,85,-1,67,85,54,-1,54,85,86,-1,54,86,87,-1,60,58,87,-1,87,58,62,-1,87,62,54,-1,54,62,61,-1,54,61,65,-1,51,53,88,-1,88,53,89,-1,90,91,52,-1,52,91,54,-1,15,18,92,-1,92,18,93,-1,94,95,16,-1,16,95,17,-1,30,96,18,-1,18,96,93,-1,53,79,89,-1,89,79,97,-1,
        ]
    }
}
Shape{
    appearance Appearance {
        material  Material 	{
            diffuseColor 1.0 1.0 1.0
            specularColor 0.5019607843137255 0.5019607843137255 0.5019607843137255
            ambientIntensity 1.0
            transparency 0.0
            shininess 0.5
        }
    }
    geometry IndexedFaceSet {
        ccw TRUE
        solid FALSE
        coord DEF co Coordinate {
            point [
                -0.0984 -0.6476 0.1811, -0.0984 -0.6496 0.1811, 0.0984 -0.6476 0.1811, 0.0984 -0.6496 0.1811
            ]
        }
        coordIndex [
            0,1,2,-1,2,1,3,-1,
        ]
    }
}
Shape{
    appearance Appearance {
        material  Material 	{
            diffuseColor 0.9686274509803922 0.8784313725490196 0.6
            specularColor 0.6784313725490196 0.615686274509804 0.4196078431372549
            ambientIntensity 0.8737
            transparency 0.0
            shininess 0.5
        }
    }
    geometry IndexedFaceSet {
        ccw TRUE
        solid FALSE
        coord DEF co Coordinate {
            point [
                -0.4528 0.6476 0.1811, -0.4528 0.6476 0.185, -0.4528 0.6496 0.1811, -0.4528 0.6535 0.185, -0.4528 0.6496 0.0039, -0.4528 0.6535 0.0, -0.4528 0.4134 0.0039, -0.4528 0.4134 0.0, -0.0984 0.4134 0.0039, -0.0984 0.4134 0.0, -0.0984 0.6496 0.0039, -0.0984 0.6535 0.0, -0.0984 0.6496 0.1811, -0.0984 0.6535 0.185, -0.0984 0.6476 0.1811, -0.0984 0.6476 0.185, 0.0984 0.6476 0.1811, 0.0984 0.6476 0.185, 0.0984 0.6496 0.1811, 0.0984 0.6535 0.185, 0.0984 0.6496 0.0039, 0.0984 0.6535 0.0, 0.0984 0.4134 0.0039, 0.0984 0.4134 0.0, 0.4528 0.4134 0.0039, 0.4528 0.4134 0.0, 0.4528 0.6496 0.0039, 0.4528 0.6535 0.0, 0.4528 0.6496 0.1811, 0.4528 0.6535 0.185, 0.4528 0.6476 0.1811, 0.4528 0.6476 0.185
            ]
        }
        coordIndex [
            0,1,2,-1,2,1,3,-1,2,3,4,-1,4,3,5,-1,4,5,6,-1,6,5,7,-1,8,9,10,-1,10,9,11,-1,10,11,12,-1,12,11,13,-1,12,13,14,-1,14,13,15,-1,16,17,18,-1,18,17,19,-1,18,19,20,-1,20,19,21,-1,20,21,22,-1,22,21,23,-1,24,25,26,-1,26,25,27,-1,26,27,28,-1,28,27,29,-1,28,29,30,-1,30,29,31,-1,
        ]
    }
}
Shape{
    appearance Appearance {
        material  Material 	{
            diffuseColor 1.0 1.0 1.0
            specularColor 0.5019607843137255 0.5019607843137255 0.5019607843137255
            ambientIntensity 1.0
            transparency 0.0
            shininess 0.5
        }
    }
    geometry IndexedFaceSet {
        ccw TRUE
        solid FALSE
        coord DEF co Coordinate {
            point [
                -0.0984 -0.6496 0.1811, -0.0984 -0.6496 0.0039, 0.0984 -0.6496 0.1811, 0.0984 -0.6496 0.0039, 0.0984 0.6476 0.1811, 0.0984 0.6496 0.1811, -0.0984 0.6476 0.1811, -0.0984 0.6496 0.1811, -0.4528 -0.4134 0.0039, -0.4528 -0.6496 0.0039, -0.5512 -0.6496 0.0039, 0.5512 -0.6496 0.0039, 0.4528 -0.6496 0.0039, 0.4528 -0.4134 0.0039, 0.0984 -0.4134 0.0039, -0.0984 -0.4134 0.0039, -0.5512 0.6496 0.0039, -0.4528 0.6496 0.0039, -0.4528 0.4134 0.0039, 0.5512 0.6496 0.0039, 0.4528 0.4134 0.0039, 0.4528 0.6496 0.0039, -0.0984 0.4134 0.0039, -0.0984 0.6496 0.0039, 0.0984 0.6496 0.0039, 0.0984 0.4134 0.0039, 0.5512 -0.6496 0.1811, 0.4528 -0.6496 0.1811
            ]
        }
        coordIndex [
            0,1,2,-1,2,1,3,-1,4,5,6,-1,6,5,7,-1,8,9,10,-1,11,12,13,-1,3,1,14,-1,14,1,15,-1,16,17,18,-1,11,13,19,-1,19,13,20,-1,19,20,21,-1,10,16,8,-1,8,16,18,-1,8,18,15,-1,15,18,22,-1,23,24,22,-1,22,24,25,-1,22,25,15,-1,15,25,20,-1,15,20,14,-1,14,20,13,-1,11,26,12,-1,12,26,27,-1,
        ]
    }
}
Shape{
    appearance Appearance {
        material  Material 	{
            diffuseColor 0.9686274509803922 0.8784313725490196 0.6
            specularColor 0.6784313725490196 0.615686274509804 0.4196078431372549
            ambientIntensity 0.8737
            transparency 0.0
            shininess 0.5
        }
    }
    geometry IndexedFaceSet {
        ccw TRUE
        solid FALSE
        coord DEF co Coordinate {
            point [
                -0.4528 -0.4134 0.0039, -0.4528 -0.4134 0.0, -0.4528 -0.6496 0.0039, -0.4528 -0.6535 0.0, -0.4528 -0.6496 0.1811, -0.4528 -0.6535 0.185, -0.4528 -0.6476 0.1811, -0.4528 -0.6476 0.185, -0.0984 -0.6476 0.1811, -0.0984 -0.6476 0.185, -0.0984 -0.6496 0.1811, -0.0984 -0.6535 0.185, -0.0984 -0.6496 0.0039, -0.0984 -0.6535 0.0, -0.0984 -0.4134 0.0039, -0.0984 -0.4134 0.0, -0.3739 -0.6535 0.185, -0.3739 -0.6535 0.0, -0.3719 -0.6293 0.185, -0.3719 -0.6293 0.0, -0.364 -0.6063 0.185, -0.364 -0.6063 0.0, -0.3507 -0.5859 0.185, -0.3507 -0.5859 0.0, -0.3327 -0.5695 0.185, -0.3327 -0.5695 0.0, -0.3113 -0.5579 0.185, -0.3113 -0.5579 0.0, -0.2878 -0.5519 0.185, -0.2878 -0.5519 0.0, -0.2634 -0.5519 0.185, -0.2634 -0.5519 0.0, -0.2398 -0.5579 0.185, -0.2398 -0.5579 0.0, -0.2184 -0.5695 0.185, -0.2184 -0.5695 0.0, -0.2005 -0.5859 0.185, -0.2005 -0.5859 0.0, -0.1872 -0.6063 0.185, -0.1872 -0.6063 0.0, -0.1793 -0.6293 0.185, -0.1793 -0.6293 0.0, -0.1772 -0.6535 0.185, -0.1772 -0.6535 0.0
            ]
        }
        coordIndex [
            0,1,2,-1,2,1,3,-1,2,3,4,-1,4,3,5,-1,4,5,6,-1,6,5,7,-1,8,9,10,-1,10,9,11,-1,10,11,12,-1,12,11,13,-1,12,13,14,-1,14,13,15,-1,15,1,14,-1,14,1,0,-1,16,5,17,-1,17,5,3,-1,16,17,18,-1,18,17,19,-1,18,19,20,-1,20,19,21,-1,20,21,22,-1,22,21,23,-1,22,23,24,-1,24,23,25,-1,24,25,26,-1,26,25,27,-1,26,27,28,-1,28,27,29,-1,28,29,30,-1,30,29,31,-1,30,31,32,-1,32,31,33,-1,32,33,34,-1,34,33,35,-1,34,35,36,-1,36,35,37,-1,36,37,38,-1,38,37,39,-1,38,39,40,-1,40,39,41,-1,40,41,42,-1,42,41,43,-1,11,42,13,-1,13,42,43,-1,13,43,41,-1,15,37,35,-1,1,27,25,-1,13,41,15,-1,15,41,39,-1,15,39,37,-1,25,23,1,-1,1,23,21,-1,1,21,3,-1,3,21,19,-1,3,19,17,-1,35,33,15,-1,15,33,31,-1,15,31,1,-1,1,31,29,-1,1,29,27,-1,
        ]
    }
}
Shape{
    appearance Appearance {
        material  Material 	{
            diffuseColor 1.0 1.0 1.0
            specularColor 0.5019607843137255 0.5019607843137255 0.5019607843137255
            ambientIntensity 1.0
            transparency 0.0
            shininess 0.5
        }
    }
    geometry IndexedFaceSet {
        ccw TRUE
        solid FALSE
        coord DEF co Coordinate {
            point [
                -0.5512 -0.6496 0.1811, -0.5512 -0.6496 0.0039, -0.4528 -0.6496 0.1811, -0.4528 -0.6496 0.0039, -0.4528 0.6496 0.0039, -0.5512 0.6496 0.0039, -0.4528 0.6496 0.1811, -0.5512 0.6496 0.1811, 0.0984 0.6496 0.0039, -0.0984 0.6496 0.0039, 0.0984 0.6496 0.1811, -0.0984 0.6496 0.1811, 0.4528 0.6496 0.1811, 0.5512 0.6496 0.1811, 0.4528 0.6496 0.0039, 0.5512 0.6496 0.0039, -0.5512 -0.3744 0.1811, -0.5512 0.3744 0.1811, 0.5512 0.3744 0.1811, 0.5512 0.1273 0.1811, 0.5512 0.1172 0.1811, 0.5512 0.1049 0.1811, 0.5512 0.0872 0.1811, 0.5512 0.0797 0.1811, 0.5512 -0.6496 0.0039, 0.5512 0.0651 0.1811, 0.5512 0.038 0.1811, 0.5512 0.036 0.1811, 0.5512 0.0052 0.1811, 0.5512 -0.2638 0.1811, 0.5512 -0.3744 0.1811, 0.5512 -0.6496 0.1811
            ]
        }
        coordIndex [
            0,1,2,-1,2,1,3,-1,4,5,6,-1,6,5,7,-1,8,9,10,-1,10,9,11,-1,12,13,14,-1,14,13,15,-1,1,0,16,-1,1,16,5,-1,5,16,17,-1,5,17,7,-1,15,13,18,-1,18,19,15,-1,15,19,20,-1,15,20,21,-1,21,22,15,-1,15,22,23,-1,15,23,24,-1,24,23,25,-1,25,26,24,-1,24,26,27,-1,24,27,28,-1,28,29,24,-1,24,29,30,-1,24,30,31,-1,
        ]
    }
}
Shape{
    appearance Appearance {
        material  Material 	{
            diffuseColor 0.9686274509803922 0.8784313725490196 0.6
            specularColor 0.6784313725490196 0.615686274509804 0.4196078431372549
            ambientIntensity 0.8737
            transparency 0.0
            shininess 0.5
        }
    }
    geometry IndexedFaceSet {
        ccw TRUE
        solid FALSE
        coord DEF co Coordinate {
            point [
                0.3684 -0.4528 0.1811, -0.5492 -0.4528 0.1811, 0.3684 -0.4528 0.185, -0.5492 -0.4528 0.185, 0.0984 -0.4134 0.0039, 0.0984 -0.4134 0.0, 0.0984 -0.6496 0.0039, 0.0984 -0.6535 0.0, 0.0984 -0.6496 0.1811, 0.0984 -0.6535 0.185, 0.0984 -0.6476 0.1811, 0.0984 -0.6476 0.185, 0.4528 -0.6476 0.1811, 0.4528 -0.6476 0.185, 0.4528 -0.6496 0.1811, 0.4528 -0.6535 0.185, 0.4528 -0.6496 0.0039, 0.4528 -0.6535 0.0, 0.4528 -0.4134 0.0039, 0.4528 -0.4134 0.0, 0.1772 -0.6535 0.185, 0.1772 -0.6535 0.0, 0.1793 -0.6293 0.185, 0.1793 -0.6293 0.0, 0.1872 -0.6063 0.185, 0.1872 -0.6063 0.0, 0.2005 -0.5859 0.185, 0.2005 -0.5859 0.0, 0.2184 -0.5695 0.185, 0.2184 -0.5695 0.0, 0.2398 -0.5579 0.185, 0.2398 -0.5579 0.0, 0.2634 -0.5519 0.185, 0.2634 -0.5519 0.0, 0.2878 -0.5519 0.185, 0.2878 -0.5519 0.0, 0.3113 -0.5579 0.185, 0.3113 -0.5579 0.0, 0.3327 -0.5695 0.185, 0.3327 -0.5695 0.0, 0.3507 -0.5859 0.185, 0.3507 -0.5859 0.0, 0.364 -0.6063 0.185, 0.364 -0.6063 0.0, 0.3719 -0.6293 0.185, 0.3719 -0.6293 0.0, 0.3739 -0.6535 0.185, 0.3739 -0.6535 0.0
            ]
        }
        coordIndex [
            0,1,2,-1,2,1,3,-1,4,5,6,-1,6,5,7,-1,6,7,8,-1,8,7,9,-1,8,9,10,-1,10,9,11,-1,12,13,14,-1,14,13,15,-1,14,15,16,-1,16,15,17,-1,16,17,18,-1,18,17,19,-1,19,5,18,-1,18,5,4,-1,20,9,21,-1,21,9,7,-1,20,21,22,-1,22,21,23,-1,22,23,24,-1,24,23,25,-1,24,25,26,-1,26,25,27,-1,26,27,28,-1,28,27,29,-1,28,29,30,-1,30,29,31,-1,30,31,32,-1,32,31,33,-1,32,33,34,-1,34,33,35,-1,34,35,36,-1,36,35,37,-1,36,37,38,-1,38,37,39,-1,38,39,40,-1,40,39,41,-1,40,41,42,-1,42,41,43,-1,42,43,44,-1,44,43,45,-1,44,45,46,-1,46,45,47,-1,15,46,17,-1,17,46,47,-1,17,47,45,-1,19,41,39,-1,5,31,29,-1,17,45,19,-1,19,45,43,-1,19,43,41,-1,29,27,5,-1,5,27,25,-1,5,25,7,-1,7,25,23,-1,7,23,21,-1,39,37,19,-1,19,37,35,-1,19,35,5,-1,5,35,33,-1,5,33,31,-1,
        ]
    }
}
Shape{
    appearance Appearance {
        material  Material 	{
            diffuseColor 1.0 1.0 0.0
            specularColor 0.5019607843137255 0.5019607843137255 0.0
            ambientIntensity 0.886
            transparency 0.0
            shininess 0.5
        }
    }
    geometry IndexedFaceSet {
        ccw TRUE
        solid FALSE
        coord DEF co Coordinate {
            point [
                -0.4528 0.4134 0.0039, -0.4528 0.4134 0.0, -0.0984 0.4134 0.0039, -0.0984 0.4134 0.0
            ]
        }
        coordIndex [
            0,1,2,-1,2,1,3,-1,
        ]
    }
}
Shape{
    appearance Appearance {
        material  Material 	{
            diffuseColor 0.9686274509803922 0.8784313725490196 0.6
            specularColor 0.6784313725490196 0.615686274509804 0.4196078431372549
            ambientIntensity 0.8737
            transparency 0.0
            shininess 0.5
        }
    }
    geometry IndexedFaceSet {
        ccw TRUE
        solid FALSE
        coord DEF co Coordinate {
            point [
                -0.1772 0.6535 0.185, -0.0984 0.6535 0.185, -0.1772 0.6535 0.0, -0.0984 0.6535 0.0, -0.1793 0.6293 0.185, -0.1793 0.6293 0.0, -0.1872 0.6063 0.185, -0.1872 0.6063 0.0, -0.2005 0.5859 0.185, -0.2005 0.5859 0.0, -0.2184 0.5695 0.185, -0.2184 0.5695 0.0, -0.2398 0.5579 0.185, -0.2398 0.5579 0.0, -0.2634 0.5519 0.185, -0.2634 0.5519 0.0, -0.2878 0.5519 0.185, -0.2878 0.5519 0.0, -0.3113 0.5579 0.185, -0.3113 0.5579 0.0, -0.3327 0.5695 0.185, -0.3327 0.5695 0.0, -0.3507 0.5859 0.185, -0.3507 0.5859 0.0, -0.364 0.6063 0.185, -0.364 0.6063 0.0, -0.3719 0.6293 0.185, -0.3719 0.6293 0.0, -0.3739 0.6535 0.185, -0.3739 0.6535 0.0, -0.4528 0.6535 0.185, -0.4528 0.6535 0.0, -0.4528 0.4134 0.0, -0.0984 0.4134 0.0
            ]
        }
        coordIndex [
            0,1,2,-1,2,1,3,-1,0,2,4,-1,4,2,5,-1,4,5,6,-1,6,5,7,-1,6,7,8,-1,8,7,9,-1,8,9,10,-1,10,9,11,-1,10,11,12,-1,12,11,13,-1,12,13,14,-1,14,13,15,-1,14,15,16,-1,16,15,17,-1,16,17,18,-1,18,17,19,-1,18,19,20,-1,20,19,21,-1,20,21,22,-1,22,21,23,-1,22,23,24,-1,24,23,25,-1,24,25,26,-1,26,25,27,-1,26,27,28,-1,28,27,29,-1,30,28,31,-1,31,28,29,-1,31,29,27,-1,32,23,21,-1,33,13,11,-1,31,27,32,-1,32,27,25,-1,32,25,23,-1,11,9,33,-1,33,9,7,-1,33,7,3,-1,3,7,5,-1,3,5,2,-1,21,19,32,-1,32,19,17,-1,32,17,33,-1,33,17,15,-1,33,15,13,-1,
        ]
    }
}
Shape{
    appearance Appearance {
        material  Material 	{
            diffuseColor 1.0 1.0 0.0
            specularColor 0.5019607843137255 0.5019607843137255 0.0
            ambientIntensity 0.886
            transparency 0.0
            shininess 0.5
        }
    }
    geometry IndexedFaceSet {
        ccw TRUE
        solid FALSE
        coord DEF co Coordinate {
            point [
                0.0984 0.4134 0.0039, 0.0984 0.4134 0.0, 0.4528 0.4134 0.0039, 0.4528 0.4134 0.0
            ]
        }
        coordIndex [
            0,1,2,-1,2,1,3,-1,
        ]
    }
}
Shape{
    appearance Appearance {
        material  Material 	{
            diffuseColor 0.9686274509803922 0.8784313725490196 0.6
            specularColor 0.6784313725490196 0.615686274509804 0.4196078431372549
            ambientIntensity 0.8737
            transparency 0.0
            shininess 0.5
        }
    }
    geometry IndexedFaceSet {
        ccw TRUE
        solid FALSE
        coord DEF co Coordinate {
            point [
                0.3739 0.6535 0.185, 0.4528 0.6535 0.185, 0.3739 0.6535 0.0, 0.4528 0.6535 0.0, 0.3719 0.6293 0.185, 0.3719 0.6293 0.0, 0.364 0.6063 0.185, 0.364 0.6063 0.0, 0.3507 0.5859 0.185, 0.3507 0.5859 0.0, 0.3327 0.5695 0.185, 0.3327 0.5695 0.0, 0.3113 0.5579 0.185, 0.3113 0.5579 0.0, 0.2878 0.5519 0.185, 0.2878 0.5519 0.0, 0.2634 0.5519 0.185, 0.2634 0.5519 0.0, 0.2398 0.5579 0.185, 0.2398 0.5579 0.0, 0.2184 0.5695 0.185, 0.2184 0.5695 0.0, 0.2005 0.5859 0.185, 0.2005 0.5859 0.0, 0.1872 0.6063 0.185, 0.1872 0.6063 0.0, 0.1793 0.6293 0.185, 0.1793 0.6293 0.0, 0.1772 0.6535 0.185, 0.1772 0.6535 0.0, 0.0984 0.6535 0.185, 0.0984 0.6535 0.0, 0.0984 0.4134 0.0, 0.4528 0.4134 0.0, 0.5492 0.4528 0.1811, 0.5492 0.4528 0.185, 0.2565 0.4528 0.1811, 0.2565 0.4528 0.185, -0.5492 -0.6476 0.1811, -0.5492 -0.6476 0.185, -0.5492 -0.4528 0.1811, -0.5492 -0.4528 0.185, -0.4528 -0.6476 0.1811, -0.4528 -0.6476 0.185, 0.5492 -0.6476 0.1811, 0.5492 -0.6476 0.185, 0.4528 -0.6476 0.1811, 0.4528 -0.6476 0.185, 0.5492 -0.4528 0.1811, 0.5492 -0.4528 0.185, 0.0984 -0.6476 0.1811, 0.0984 -0.6476 0.185, -0.0984 -0.6476 0.1811, -0.0984 -0.6476 0.185, -0.0984 0.6476 0.1811, -0.0984 0.6476 0.185, 0.0984 0.6476 0.1811, 0.0984 0.6476 0.185, 0.5492 0.6476 0.1811, 0.5492 0.6476 0.185, 0.4528 0.6476 0.1811, 0.4528 0.6476 0.185, -0.5492 0.6476 0.1811, -0.5492 0.6476 0.185, -0.4528 0.6476 0.1811, -0.4528 0.6476 0.185, -0.5492 0.4528 0.1811, -0.5492 0.4528 0.185
            ]
        }
        coordIndex [
            0,1,2,-1,2,1,3,-1,0,2,4,-1,4,2,5,-1,4,5,6,-1,6,5,7,-1,6,7,8,-1,8,7,9,-1,8,9,10,-1,10,9,11,-1,10,11,12,-1,12,11,13,-1,12,13,14,-1,14,13,15,-1,14,15,16,-1,16,15,17,-1,16,17,18,-1,18,17,19,-1,18,19,20,-1,20,19,21,-1,20,21,22,-1,22,21,23,-1,22,23,24,-1,24,23,25,-1,24,25,26,-1,26,25,27,-1,26,27,28,-1,28,27,29,-1,30,28,31,-1,31,28,29,-1,31,29,27,-1,32,23,21,-1,33,13,11,-1,31,27,32,-1,32,27,25,-1,32,25,23,-1,21,19,32,-1,32,19,17,-1,32,17,33,-1,33,17,15,-1,33,15,13,-1,11,9,33,-1,33,9,7,-1,33,7,3,-1,3,7,5,-1,3,5,2,-1,34,35,36,-1,36,35,37,-1,38,39,40,-1,40,39,41,-1,42,43,38,-1,38,43,39,-1,44,45,46,-1,46,45,47,-1,48,49,44,-1,44,49,45,-1,50,51,52,-1,52,51,53,-1,54,55,56,-1,56,55,57,-1,58,59,34,-1,34,59,35,-1,60,61,58,-1,58,61,59,-1,62,63,64,-1,64,63,65,-1,66,67,62,-1,62,67,63,-1,
        ]
    }
}
Shape{
    appearance Appearance {
        material  Material 	{
            diffuseColor 1.0 1.0 1.0
            specularColor 0.5019607843137255 0.5019607843137255 0.5019607843137255
            ambientIntensity 1.0
            transparency 0.0
            shininess 0.5
        }
    }
    geometry IndexedFaceSet {
        ccw TRUE
        solid FALSE
        coord DEF co Coordinate {
            point [
                0.0981 0.4134 0.1811, -0.5122 0.4134 0.1811, 0.0981 0.4128 0.185, -0.481 0.3822 0.4031, 0.2565 0.4128 0.185, 0.481 0.3822 0.4031, 0.2565 0.4134 0.1811, 0.5122 0.4134 0.1811, -0.5512 0.3744 0.1811, -0.5512 -0.3744 0.1811, -0.52 0.3432 0.4031, -0.52 -0.3432 0.4031, 0.4591 -0.4134 0.1811, 0.5122 -0.4134 0.1811, 0.4591 -0.4128 0.185, 0.481 -0.3822 0.4031, 0.3684 -0.4128 0.185, -0.481 -0.3822 0.4031, 0.3684 -0.4134 0.1811, -0.5122 -0.4134 0.1811, 0.481 0.3432 0.437, -0.481 0.3432 0.437, 0.481 -0.3432 0.437, -0.481 -0.3432 0.437, -0.491 -0.3807 0.4043, -0.5223 -0.4121 0.1811, -0.5272 -0.4104 0.1811, -0.491 -0.3807 0.4043, -0.5317 -0.4082 0.1811, -0.5003 -0.3767 0.4051, -0.536 -0.4054 0.1811, -0.5003 -0.3767 0.4051, -0.5398 -0.402 0.1811, -0.5083 -0.3705 0.4053, -0.5432 -0.3982 0.1811, -0.5145 -0.3625 0.4051, -0.546 -0.394 0.1811, -0.5145 -0.3625 0.4051, -0.5482 -0.3894 0.1811, -0.5185 -0.3532 0.4043, -0.5499 -0.3845 0.1811, -0.5185 -0.3532 0.4043, -0.5177 0.3432 0.4119, -0.5177 -0.3432 0.4119, -0.5176 0.3432 0.4122, -0.5176 -0.3432 0.4122, -0.5132 0.3432 0.4202, -0.5132 -0.3432 0.4202, -0.5131 0.3432 0.4204, -0.5131 -0.3432 0.4204, -0.5069 0.3432 0.4272, -0.5069 -0.3432 0.4272, -0.5068 0.3432 0.4273, -0.5068 -0.3432 0.4273, -0.4992 0.3432 0.4326, -0.4992 -0.3432 0.4326, -0.4991 0.3432 0.4326, -0.4991 -0.3432 0.4326, -0.4903 0.3432 0.4359, -0.4903 -0.3432 0.4359, -0.4903 0.3432 0.4359, -0.4903 -0.3432 0.4359, -0.5187 0.3518 0.4041, -0.5499 0.3845 0.1811, -0.5185 0.3532 0.4043, -0.5482 0.3894 0.1811, -0.5156 0.3599 0.4048, -0.546 0.394 0.1811, -0.5145 0.3625 0.4051, -0.5432 0.3982 0.1811, -0.5109 0.3671 0.4052, -0.5398 0.402 0.1811, -0.5083 0.3705 0.4053, -0.536 0.4054 0.1811, -0.5049 0.3731 0.4052, -0.5317 0.4082 0.1811, -0.5003 0.3767 0.4051, -0.5272 0.4104 0.1811, -0.4977 0.3778 0.4048, -0.5223 0.4121 0.1811, -0.4896 0.3809 0.4041, -0.491 0.3807 0.4043, -0.481 -0.3753 0.4204, -0.481 -0.3692 0.4272, -0.4877 -0.3683 0.4272, -0.4857 -0.3608 0.4326, -0.4834 -0.3522 0.4359, -0.4857 -0.3513 0.4359, -0.4891 -0.3479 0.4359, -0.4876 -0.3498 0.4359, -0.49 -0.3456 0.4359, -0.481 -0.3525 0.4359, -0.4905 -0.3786 0.4119, -0.4993 -0.375 0.4119, -0.5069 -0.3691 0.4119, -0.5128 -0.3615 0.4119, -0.5164 -0.3527 0.4119, -0.481 -0.369 0.4273, -0.481 -0.3614 0.4326, -0.481 -0.3613 0.4326, -0.481 -0.3526 0.4359, -0.4901 -0.3589 0.4326, -0.4938 -0.3561 0.4326, -0.4967 -0.3523 0.4326, -0.4985 -0.3479 0.4326, -0.494 -0.3657 0.4272, -0.4993 -0.3616 0.4272, -0.5035 -0.3562 0.4272, -0.5061 -0.3499 0.4272, -0.481 -0.3798 0.4122, -0.481 -0.3754 0.4202, -0.4893 -0.3743 0.4202, -0.4971 -0.3711 0.4202, -0.5038 -0.366 0.4202, -0.5089 -0.3593 0.4202, -0.5121 -0.3515 0.4202, -0.481 -0.3799 0.4119, -0.5124 0.3504 0.4202, -0.5063 0.349 0.4272, -0.4987 0.3472 0.4326, -0.4901 0.3453 0.4359, -0.4894 0.3473 0.4359, -0.4851 0.3516 0.4359, -0.4868 0.3505 0.4359, -0.4831 0.3523 0.4359, -0.5168 0.3514 0.4119, -0.5141 0.3591 0.4119, -0.5097 0.3661 0.4119, -0.5039 0.3719 0.4119, -0.4969 0.3763 0.4119, -0.4892 0.379 0.4119, -0.481 0.3799 0.4119, -0.481 0.3525 0.4359, -0.4952 0.3545 0.4326, -0.4923 0.3574 0.4326, -0.4889 0.3596 0.4326, -0.485 0.3609 0.4326, -0.4974 0.3511 0.4326, -0.4883 0.349 0.4359, -0.481 0.3526 0.4359, -0.481 0.3613 0.4326, -0.481 0.3614 0.4326, -0.481 0.369 0.4273, -0.5044 0.3545 0.4272, -0.5013 0.3594 0.4272, -0.4972 0.3635 0.4272, -0.4923 0.3666 0.4272, -0.4868 0.3685 0.4272, -0.51 0.3572 0.4202, -0.5062 0.3633 0.4202, -0.5011 0.3684 0.4202, -0.495 0.3723 0.4202, -0.4882 0.3746 0.4202, -0.481 0.3692 0.4272, -0.481 0.3753 0.4204, -0.481 0.3754 0.4202, -0.481 0.3798 0.4122, 0.5399 -0.3631 0.2616, 0.5499 -0.3845 0.1811, 0.5416 -0.3649 0.249, 0.5512 -0.3744 0.1811, 0.5341 -0.3573 0.3026, 0.5283 -0.3515 0.3442, 0.5185 -0.3532 0.4043, 0.5235 -0.3468 0.3778, 0.52 -0.3432 0.4031, 0.5482 -0.3894 0.1811, 0.5185 -0.3532 0.4043, 0.546 -0.394 0.1811, 0.5145 -0.3625 0.4051, 0.5432 -0.3982 0.1811, 0.5145 -0.3625 0.4051, 0.5398 -0.402 0.1811, 0.5083 -0.3705 0.4053, 0.536 -0.4054 0.1811, 0.5003 -0.3767 0.4051, 0.5317 -0.4082 0.1811, 0.5003 -0.3767 0.4051, 0.5272 -0.4104 0.1811, 0.491 -0.3807 0.4043, 0.5223 -0.4121 0.1811, 0.491 -0.3807 0.4043, 0.481 -0.3799 0.4119, 0.481 -0.3798 0.4122, 0.481 -0.3754 0.4202, 0.481 -0.3753 0.4204, 0.481 -0.3692 0.4272, 0.481 -0.369 0.4273, 0.481 -0.3614 0.4326, 0.481 -0.3613 0.4326, 0.481 -0.3526 0.4359, 0.481 -0.3525 0.4359, 0.481 0.3799 0.4119, 0.481 0.3798 0.4122, 0.481 0.3754 0.4202, 0.481 0.3753 0.4204, 0.481 0.3692 0.4272, 0.481 0.369 0.4273, 0.481 0.3614 0.4326, 0.481 0.3613 0.4326, 0.481 0.3526 0.4359, 0.481 0.3525 0.4359, 0.491 0.3807 0.4043, 0.52 0.3432 0.4031, 0.5235 0.3468 0.3778, 0.5185 0.3532 0.4043, 0.5283 0.3515 0.3442, 0.5341 0.3573 0.3026, 0.5399 0.3631 0.2616, 0.5499 0.3845 0.1811, 0.5416 0.3649 0.249, 0.5512 0.3744 0.1811, 0.5185 0.3532 0.4043, 0.5482 0.3894 0.1811, 0.5145 0.3625 0.4051, 0.546 0.394 0.1811, 0.5145 0.3625 0.4051, 0.5432 0.3982 0.1811, 0.5083 0.3705 0.4053, 0.5398 0.402 0.1811, 0.5003 0.3767 0.4051, 0.536 0.4054 0.1811, 0.5003 0.3767 0.4051, 0.5317 0.4082 0.1811, 0.491 0.3807 0.4043, 0.5272 0.4104 0.1811, 0.5223 0.4121 0.1811, 0.5131 -0.3432 0.4204, 0.5069 -0.3432 0.4272, 0.5061 -0.3499 0.4272, 0.4985 -0.3479 0.4326, 0.49 -0.3456 0.4359, 0.4891 -0.3479 0.4359, 0.4857 -0.3513 0.4359, 0.4876 -0.3498 0.4359, 0.4834 -0.3522 0.4359, 0.4903 -0.3432 0.4359, 0.5164 -0.3527 0.4119, 0.5128 -0.3615 0.4119, 0.5069 -0.3691 0.4119, 0.4993 -0.375 0.4119, 0.4905 -0.3786 0.4119, 0.5068 -0.3432 0.4273, 0.4992 -0.3432 0.4326, 0.4991 -0.3432 0.4326, 0.4903 -0.3432 0.4359, 0.4967 -0.3523 0.4326, 0.4938 -0.3561 0.4326, 0.4901 -0.3589 0.4326, 0.4857 -0.3608 0.4326, 0.5035 -0.3562 0.4272, 0.4993 -0.3616 0.4272, 0.494 -0.3657 0.4272, 0.4877 -0.3683 0.4272, 0.5176 -0.3432 0.4122, 0.5132 -0.3432 0.4202, 0.5121 -0.3515 0.4202, 0.5089 -0.3593 0.4202, 0.5038 -0.366 0.4202, 0.4971 -0.3711 0.4202, 0.4893 -0.3743 0.4202, 0.5177 -0.3432 0.4119, 0.4877 0.3683 0.4272, 0.4857 0.3608 0.4326, 0.4834 0.3522 0.4359, 0.4857 0.3513 0.4359, 0.4891 0.3479 0.4359, 0.4876 0.3498 0.4359, 0.49 0.3456 0.4359, 0.4905 0.3786 0.4119, 0.4993 0.375 0.4119, 0.5069 0.3691 0.4119, 0.5128 0.3615 0.4119, 0.5164 0.3527 0.4119, 0.5177 0.3432 0.4119, 0.4903 0.3432 0.4359, 0.4901 0.3589 0.4326, 0.4938 0.3561 0.4326, 0.4967 0.3523 0.4326, 0.4985 0.3479 0.4326, 0.4903 0.3432 0.4359, 0.4991 0.3432 0.4326, 0.4992 0.3432 0.4326, 0.5068 0.3432 0.4273, 0.494 0.3657 0.4272, 0.4993 0.3616 0.4272, 0.5035 0.3562 0.4272, 0.5061 0.3499 0.4272, 0.4893 0.3743 0.4202, 0.4971 0.3711 0.4202, 0.5038 0.366 0.4202, 0.5089 0.3593 0.4202, 0.5121 0.3515 0.4202, 0.5069 0.3432 0.4272, 0.5131 0.3432 0.4204, 0.5132 0.3432 0.4202, 0.5176 0.3432 0.4122, 0.52 -0.2638 0.4031, 0.52 0.0052 0.4031, 0.52 0.036 0.4031, 0.52 0.038 0.4031, 0.52 0.0651 0.4031, 0.52 0.0797 0.4031, 0.52 0.1273 0.4031, 0.52 0.0872 0.4031, 0.52 0.1049 0.4031, 0.52 0.1172 0.4031
            ]
        }
        coordIndex [
            0,1,2,-1,2,1,3,-1,2,3,4,-1,4,3,5,-1,4,5,6,-1,6,5,7,-1,8,9,10,-1,10,9,11,-1,12,13,14,-1,14,13,15,-1,14,15,16,-1,16,15,17,-1,16,17,18,-1,18,17,19,-1,20,21,22,-1,22,21,23,-1,17,24,19,-1,19,24,25,-1,25,24,26,-1,26,24,27,-1,26,27,28,-1,28,27,29,-1,28,29,30,-1,30,29,31,-1,30,31,32,-1,32,31,33,-1,32,33,34,-1,34,33,35,-1,34,35,36,-1,36,35,37,-1,36,37,38,-1,38,37,39,-1,38,39,40,-1,39,41,40,-1,40,41,11,-1,40,11,9,-1,10,11,42,-1,42,11,43,-1,42,43,44,-1,44,43,45,-1,44,45,46,-1,46,45,47,-1,46,47,48,-1,48,47,49,-1,48,49,50,-1,50,49,51,-1,50,51,52,-1,52,51,53,-1,52,53,54,-1,54,53,55,-1,54,55,56,-1,56,55,57,-1,56,57,58,-1,58,57,59,-1,58,59,60,-1,59,61,60,-1,60,61,23,-1,60,23,21,-1,8,10,62,-1,8,62,63,-1,63,62,64,-1,63,64,65,-1,65,64,66,-1,65,66,67,-1,67,66,68,-1,67,68,69,-1,69,68,70,-1,69,70,71,-1,71,70,72,-1,71,72,73,-1,73,72,74,-1,73,74,75,-1,75,74,76,-1,75,76,77,-1,77,76,78,-1,77,78,79,-1,3,1,80,-1,80,1,79,-1,80,79,81,-1,81,79,78,-1,82,83,84,-1,85,86,87,-1,23,88,89,-1,90,88,23,-1,87,86,23,-1,91,23,86,-1,92,27,24,-1,27,92,29,-1,29,92,93,-1,29,93,31,-1,31,93,94,-1,31,94,33,-1,33,94,95,-1,33,95,35,-1,35,95,37,-1,37,95,96,-1,37,96,39,-1,39,96,41,-1,41,96,43,-1,41,43,11,-1,61,90,23,-1,97,98,85,-1,85,98,99,-1,85,99,86,-1,86,99,100,-1,86,100,91,-1,101,89,102,-1,102,89,88,-1,102,88,103,-1,103,88,90,-1,103,90,104,-1,61,59,90,-1,90,59,57,-1,90,57,104,-1,104,57,55,-1,104,55,53,-1,84,101,105,-1,105,101,102,-1,105,102,106,-1,106,102,103,-1,106,103,107,-1,107,103,104,-1,107,104,108,-1,108,104,53,-1,109,110,111,-1,111,110,82,-1,82,84,111,-1,111,84,105,-1,111,105,112,-1,112,105,106,-1,112,106,113,-1,113,106,107,-1,113,107,114,-1,114,107,108,-1,114,108,115,-1,83,97,84,-1,84,97,85,-1,84,85,101,-1,101,85,87,-1,101,87,89,-1,89,87,23,-1,109,92,116,-1,116,92,24,-1,116,24,17,-1,53,51,108,-1,108,51,49,-1,108,49,115,-1,115,49,47,-1,115,47,45,-1,109,111,92,-1,92,111,112,-1,92,112,93,-1,93,112,113,-1,93,113,94,-1,94,113,114,-1,94,114,95,-1,95,114,115,-1,95,115,96,-1,96,115,45,-1,96,45,43,-1,44,46,117,-1,48,50,118,-1,119,120,121,-1,21,122,123,-1,124,122,21,-1,121,120,21,-1,60,21,120,-1,62,125,64,-1,64,125,126,-1,64,126,66,-1,66,126,68,-1,68,126,127,-1,68,127,70,-1,70,127,72,-1,72,127,128,-1,72,128,74,-1,74,128,76,-1,76,128,129,-1,76,129,78,-1,78,129,81,-1,81,129,130,-1,81,130,80,-1,80,130,131,-1,80,131,3,-1,132,124,21,-1,52,54,119,-1,119,54,56,-1,119,56,120,-1,120,56,58,-1,120,58,60,-1,133,123,134,-1,134,123,122,-1,134,122,135,-1,135,122,124,-1,135,124,136,-1,50,52,118,-1,118,52,119,-1,118,119,137,-1,137,119,121,-1,137,121,138,-1,138,121,21,-1,132,139,124,-1,124,139,140,-1,124,140,136,-1,136,140,141,-1,136,141,142,-1,143,133,144,-1,144,133,134,-1,144,134,145,-1,145,134,135,-1,145,135,146,-1,146,135,136,-1,146,136,147,-1,147,136,142,-1,117,143,148,-1,148,143,144,-1,148,144,149,-1,149,144,145,-1,149,145,150,-1,150,145,146,-1,150,146,151,-1,151,146,147,-1,151,147,152,-1,46,48,117,-1,117,48,118,-1,117,118,143,-1,143,118,137,-1,143,137,133,-1,133,137,138,-1,133,138,123,-1,123,138,21,-1,62,10,125,-1,125,10,42,-1,125,42,44,-1,142,153,147,-1,147,153,154,-1,147,154,152,-1,152,154,155,-1,152,155,156,-1,44,117,125,-1,125,117,148,-1,125,148,126,-1,126,148,149,-1,126,149,127,-1,127,149,150,-1,127,150,128,-1,128,150,151,-1,128,151,129,-1,129,151,152,-1,129,152,130,-1,130,152,156,-1,130,156,131,-1,157,158,159,-1,159,158,160,-1,161,162,163,-1,163,162,164,-1,163,164,165,-1,157,161,158,-1,158,161,163,-1,158,163,166,-1,166,163,167,-1,166,167,168,-1,168,167,169,-1,168,169,170,-1,170,169,171,-1,170,171,172,-1,172,171,173,-1,172,173,174,-1,174,173,175,-1,174,175,176,-1,176,175,177,-1,176,177,178,-1,178,177,179,-1,178,179,180,-1,179,181,180,-1,180,181,15,-1,180,15,13,-1,17,15,116,-1,116,15,182,-1,116,182,109,-1,109,182,183,-1,109,183,110,-1,110,183,184,-1,110,184,82,-1,82,184,185,-1,82,185,83,-1,83,185,186,-1,83,186,97,-1,97,186,187,-1,97,187,98,-1,98,187,188,-1,98,188,99,-1,99,188,189,-1,99,189,100,-1,100,189,190,-1,100,190,91,-1,190,191,91,-1,91,191,22,-1,91,22,23,-1,5,3,192,-1,192,3,131,-1,192,131,193,-1,193,131,156,-1,193,156,194,-1,194,156,155,-1,194,155,195,-1,195,155,154,-1,195,154,196,-1,196,154,153,-1,196,153,197,-1,197,153,142,-1,197,142,198,-1,198,142,141,-1,198,141,199,-1,199,141,140,-1,199,140,200,-1,200,140,139,-1,200,139,201,-1,139,132,201,-1,201,132,21,-1,201,21,20,-1,7,5,202,-1,203,204,205,-1,205,204,206,-1,207,208,209,-1,209,208,210,-1,209,210,211,-1,206,207,205,-1,205,207,209,-1,205,209,212,-1,212,209,213,-1,212,213,214,-1,214,213,215,-1,214,215,216,-1,216,215,217,-1,216,217,218,-1,218,217,219,-1,218,219,220,-1,220,219,221,-1,220,221,222,-1,222,221,223,-1,222,223,224,-1,224,223,225,-1,224,225,202,-1,202,225,226,-1,202,226,7,-1,227,228,229,-1,230,231,232,-1,22,233,234,-1,235,233,22,-1,232,231,22,-1,236,22,231,-1,237,167,163,-1,167,237,169,-1,169,237,238,-1,169,238,171,-1,171,238,239,-1,171,239,173,-1,173,239,240,-1,173,240,175,-1,175,240,177,-1,177,240,241,-1,177,241,179,-1,179,241,181,-1,181,241,182,-1,181,182,15,-1,191,235,22,-1,242,243,230,-1,230,243,244,-1,230,244,231,-1,231,244,245,-1,231,245,236,-1,246,234,247,-1,247,234,233,-1,247,233,248,-1,248,233,235,-1,248,235,249,-1,191,190,235,-1,235,190,189,-1,235,189,249,-1,249,189,188,-1,249,188,187,-1,229,246,250,-1,250,246,247,-1,250,247,251,-1,251,247,248,-1,251,248,252,-1,252,248,249,-1,252,249,253,-1,253,249,187,-1,254,255,256,-1,256,255,227,-1,227,229,256,-1,256,229,250,-1,256,250,257,-1,257,250,251,-1,257,251,258,-1,258,251,252,-1,258,252,259,-1,259,252,253,-1,259,253,260,-1,228,242,229,-1,229,242,230,-1,229,230,246,-1,246,230,232,-1,246,232,234,-1,234,232,22,-1,254,237,261,-1,261,237,163,-1,261,163,165,-1,187,186,253,-1,253,186,185,-1,253,185,260,-1,260,185,184,-1,260,184,183,-1,254,256,237,-1,237,256,257,-1,237,257,238,-1,238,257,258,-1,238,258,239,-1,239,258,259,-1,239,259,240,-1,240,259,260,-1,240,260,241,-1,241,260,183,-1,241,183,182,-1,195,196,262,-1,263,264,265,-1,20,266,267,-1,268,266,20,-1,265,264,20,-1,201,20,264,-1,269,224,202,-1,224,269,222,-1,222,269,270,-1,222,270,220,-1,220,270,271,-1,220,271,218,-1,218,271,272,-1,218,272,216,-1,216,272,214,-1,214,272,273,-1,214,273,212,-1,212,273,205,-1,205,273,274,-1,205,274,203,-1,275,268,20,-1,197,198,263,-1,263,198,199,-1,263,199,264,-1,264,199,200,-1,264,200,201,-1,276,267,277,-1,277,267,266,-1,277,266,278,-1,278,266,268,-1,278,268,279,-1,275,280,268,-1,268,280,281,-1,268,281,279,-1,279,281,282,-1,279,282,283,-1,262,276,284,-1,284,276,277,-1,284,277,285,-1,285,277,278,-1,285,278,286,-1,286,278,279,-1,286,279,287,-1,287,279,283,-1,193,194,288,-1,288,194,195,-1,195,262,288,-1,288,262,284,-1,288,284,289,-1,289,284,285,-1,289,285,290,-1,290,285,286,-1,290,286,291,-1,291,286,287,-1,291,287,292,-1,196,197,262,-1,262,197,263,-1,262,263,276,-1,276,263,265,-1,276,265,267,-1,267,265,20,-1,193,269,192,-1,192,269,202,-1,192,202,5,-1,283,293,287,-1,287,293,294,-1,287,294,292,-1,292,294,295,-1,292,295,296,-1,193,288,269,-1,269,288,289,-1,269,289,270,-1,270,289,290,-1,270,290,271,-1,271,290,291,-1,271,291,272,-1,272,291,292,-1,272,292,273,-1,273,292,296,-1,273,296,274,-1,165,297,261,-1,261,297,254,-1,296,298,299,-1,299,300,296,-1,296,300,301,-1,296,301,302,-1,303,203,274,-1,302,304,296,-1,296,304,305,-1,296,305,274,-1,274,305,306,-1,274,306,303,-1,297,298,254,-1,254,298,296,-1,254,296,255,-1,255,296,295,-1,255,295,227,-1,227,295,294,-1,227,294,228,-1,228,294,293,-1,228,293,242,-1,242,293,283,-1,242,283,243,-1,243,283,282,-1,243,282,244,-1,244,282,281,-1,244,281,245,-1,245,281,280,-1,245,280,236,-1,280,275,236,-1,236,275,20,-1,236,20,22,-1,
        ]
    }
}
Shape{
    appearance Appearance {
        material  Material 	{
            diffuseColor 0.0 0.0 0.0
            specularColor 0.0 0.0 0.0
            ambientIntensity 0.0
            transparency 0.0
            shininess 0.5
        }
    }
    geometry IndexedFaceSet {
        ccw TRUE
        solid FALSE
        coord DEF co Coordinate {
            point [
                0.5326 0.0352 0.3159, 0.5331 0.0352 0.3122, 0.5323 0.0352 0.3158, 0.5328 0.0352 0.3122, 0.5326 0.0225 0.3159, 0.5323 0.0225 0.3158, 0.5287 0.0225 0.344, 0.5283 0.0225 0.3439, 0.5287 0.0183 0.344, 0.5283 0.0183 0.3439, 0.5331 0.0183 0.3122, 0.5328 0.0183 0.3122, 0.5332 0.0516 0.3117, 0.5328 0.0516 0.3117, 0.5328 0.0565 0.3121, 0.5332 0.0565 0.3122, 0.5326 0.06 0.3132, 0.533 0.06 0.3133, 0.5326 0.0605 0.3135, 0.533 0.0605 0.3136, 0.5324 0.0605 0.3175, 0.532 0.0605 0.3174, 0.5322 0.0574 0.316, 0.5326 0.0574 0.3161, 0.5323 0.0537 0.3154, 0.5327 0.0537 0.3154, 0.5323 0.0522 0.3153, 0.5327 0.0522 0.3154, 0.5323 0.049 0.3157, 0.5327 0.049 0.3157, 0.5321 0.0468 0.3166, 0.5325 0.0468 0.3166, 0.5319 0.0447 0.318, 0.5323 0.0447 0.3181, 0.5319 0.044 0.3186, 0.5322 0.044 0.3187, 0.5316 0.0426 0.3205, 0.532 0.0426 0.3206, 0.5312 0.0415 0.323, 0.5316 0.0415 0.3231, 0.5308 0.0409 0.3261, 0.5312 0.0409 0.3262, 0.5306 0.0409 0.3277, 0.531 0.0409 0.3277, 0.53 0.0414 0.3321, 0.5304 0.0414 0.3321, 0.5296 0.0425 0.3348, 0.53 0.0425 0.3348, 0.5293 0.044 0.337, 0.5297 0.044 0.337, 0.5292 0.0442 0.3372, 0.5296 0.0442 0.3373, 0.529 0.0461 0.3388, 0.5294 0.0461 0.3389, 0.5288 0.0486 0.34, 0.5292 0.0486 0.3401, 0.5288 0.0513 0.3407, 0.5291 0.0513 0.3407, 0.5287 0.053 0.3407, 0.5291 0.053 0.3408, 0.5288 0.0569 0.3403, 0.5292 0.0569 0.3403, 0.529 0.0602 0.339, 0.5294 0.0602 0.3391, 0.529 0.0605 0.3389, 0.5294 0.0605 0.3389, 0.5288 0.0605 0.3432, 0.5284 0.0605 0.3431, 0.5282 0.0529 0.3444, 0.5286 0.0529 0.3445, 0.5283 0.0564 0.3442, 0.5287 0.0571 0.3442, 0.5283 0.0571 0.3441, 0.5283 0.0507 0.3442, 0.5287 0.0483 0.3439, 0.5283 0.0483 0.3439, 0.5285 0.0449 0.3426, 0.5289 0.0449 0.3426, 0.5288 0.0419 0.3405, 0.5292 0.0419 0.3406, 0.5289 0.0412 0.3398, 0.5293 0.0412 0.3398, 0.5293 0.0388 0.3368, 0.5297 0.0388 0.3368, 0.5296 0.038 0.3347, 0.5302 0.0373 0.3333, 0.5298 0.0373 0.3332, 0.5304 0.0366 0.3291, 0.5308 0.0366 0.3292, 0.5306 0.0365 0.3274, 0.531 0.0365 0.3275, 0.5313 0.0372 0.3223, 0.5317 0.0372 0.3223, 0.5316 0.038 0.3202, 0.5322 0.0385 0.319, 0.5318 0.0385 0.319, 0.5322 0.0404 0.3163, 0.5326 0.0404 0.3163, 0.5322 0.0406 0.316, 0.5326 0.0406 0.316, 0.5325 0.0432 0.3139, 0.5329 0.0432 0.3139, 0.5327 0.0462 0.3124, 0.5331 0.0462 0.3125, 0.5328 0.0497 0.3117, 0.5332 0.0497 0.3118, 0.5326 0.0842 0.3159, 0.5331 0.0842 0.3122, 0.5323 0.0842 0.3158, 0.5328 0.0842 0.3122, 0.5323 0.0711 0.3158, 0.5326 0.0711 0.3159, 0.5323 0.0797 0.3158, 0.5311 0.0711 0.3265, 0.5308 0.0711 0.3265, 0.5308 0.0825 0.3265, 0.5311 0.0825 0.3265, 0.5308 0.0797 0.3265, 0.5306 0.0825 0.3302, 0.5302 0.0825 0.3301, 0.5302 0.0711 0.3301, 0.5306 0.0711 0.3302, 0.5302 0.0797 0.3301, 0.5292 0.0711 0.3403, 0.5288 0.0711 0.3403, 0.5288 0.0834 0.3403, 0.5292 0.0834 0.3403, 0.5288 0.0797 0.3403, 0.5287 0.0834 0.344, 0.5283 0.0834 0.3439, 0.5283 0.0669 0.3439, 0.5287 0.0669 0.344, 0.5283 0.0797 0.3439, 0.5331 0.0669 0.3122, 0.5328 0.0669 0.3122, 0.5328 0.0797 0.3122, 0.5325 0.1114 0.3167, 0.5322 0.1081 0.3188, 0.5329 0.1081 0.3143, 0.5324 0.1061 0.3174, 0.5331 0.1045 0.3129, 0.5326 0.1034 0.3164, 0.5331 0.099 0.3122, 0.5326 0.099 0.3159, 0.5331 0.0902 0.3122, 0.5326 0.0943 0.3159, 0.5287 0.0902 0.344, 0.5292 0.0943 0.3403, 0.5287 0.0993 0.344, 0.5292 0.0992 0.3403, 0.5292 0.1004 0.3403, 0.5288 0.1042 0.3434, 0.5293 0.1037 0.3398, 0.529 0.1081 0.342, 0.5294 0.1064 0.3387, 0.5293 0.1114 0.3398, 0.5296 0.1084 0.3373, 0.5294 0.1126 0.3387, 0.5297 0.1093 0.3365, 0.5298 0.1146 0.3359, 0.53 0.1105 0.3347, 0.5302 0.1157 0.3329, 0.5303 0.1115 0.3324, 0.5309 0.1163 0.3285, 0.5309 0.1119 0.3284, 0.5311 0.1162 0.3265, 0.5312 0.1118 0.3261, 0.5317 0.1154 0.3228, 0.5316 0.1111 0.3232, 0.5321 0.1138 0.3195, 0.5319 0.11 0.3209, 0.5322 0.1085 0.3192, 0.5328 0.099 0.3122, 0.5328 0.0902 0.3122, 0.5321 0.1114 0.3166, 0.5327 0.1045 0.3128, 0.5326 0.1049 0.313, 0.5325 0.1081 0.3143, 0.5317 0.1138 0.3194, 0.5313 0.1154 0.3227, 0.5308 0.1162 0.3264, 0.5305 0.1163 0.3284, 0.5299 0.1157 0.3328, 0.5294 0.1146 0.3358, 0.529 0.1126 0.3386, 0.5289 0.1114 0.3397, 0.5286 0.1081 0.342, 0.5284 0.1049 0.3431, 0.5284 0.1042 0.3434, 0.5283 0.0993 0.3439, 0.5283 0.0902 0.3439, 0.5288 0.0992 0.3403, 0.5288 0.0943 0.3403, 0.5323 0.0943 0.3158, 0.5323 0.099 0.3158, 0.5318 0.1085 0.3191, 0.5318 0.1081 0.3188, 0.532 0.1061 0.3173, 0.5322 0.1034 0.3163, 0.5305 0.1119 0.3283, 0.5308 0.1118 0.326, 0.5312 0.1111 0.3232, 0.5315 0.11 0.3209, 0.5292 0.1084 0.3373, 0.5294 0.1093 0.3364, 0.5296 0.1105 0.3346, 0.5299 0.1115 0.3323, 0.5288 0.1004 0.3402, 0.5289 0.1037 0.3397, 0.529 0.1064 0.3386
            ]
        }
        coordIndex [
            0,1,2,-1,2,1,3,-1,4,0,5,-1,5,0,2,-1,6,4,7,-1,7,4,5,-1,8,6,9,-1,9,6,7,-1,10,8,11,-1,11,8,9,-1,1,10,3,-1,3,10,11,-1,6,8,4,-1,4,8,10,-1,4,10,0,-1,0,10,1,-1,12,13,14,-1,12,14,15,-1,15,14,16,-1,15,16,17,-1,17,16,18,-1,17,18,19,-1,20,19,21,-1,21,19,18,-1,20,21,22,-1,20,22,23,-1,23,22,24,-1,23,24,25,-1,25,24,26,-1,25,26,27,-1,27,26,28,-1,27,28,29,-1,29,28,30,-1,29,30,31,-1,31,30,32,-1,31,32,33,-1,33,32,34,-1,33,34,35,-1,35,34,36,-1,35,36,37,-1,37,36,38,-1,37,38,39,-1,39,38,40,-1,39,40,41,-1,41,40,42,-1,41,42,43,-1,43,42,44,-1,43,44,45,-1,45,44,46,-1,45,46,47,-1,47,46,48,-1,47,48,49,-1,49,48,50,-1,49,50,51,-1,51,50,52,-1,51,52,53,-1,53,52,54,-1,53,54,55,-1,55,54,56,-1,55,56,57,-1,57,56,58,-1,57,58,59,-1,59,58,60,-1,59,60,61,-1,61,60,62,-1,61,62,63,-1,63,62,64,-1,63,64,65,-1,66,65,67,-1,67,65,64,-1,68,69,70,-1,70,69,71,-1,70,71,72,-1,72,71,66,-1,72,66,67,-1,69,68,73,-1,69,73,74,-1,73,75,74,-1,74,75,76,-1,74,76,77,-1,77,76,78,-1,77,78,79,-1,79,78,80,-1,79,80,81,-1,81,80,82,-1,81,82,83,-1,83,82,84,-1,83,84,85,-1,84,86,85,-1,85,86,87,-1,85,87,88,-1,88,87,89,-1,88,89,90,-1,90,89,91,-1,90,91,92,-1,92,91,93,-1,92,93,94,-1,93,95,94,-1,94,95,96,-1,94,96,97,-1,97,96,98,-1,97,98,99,-1,99,98,100,-1,99,100,101,-1,101,100,102,-1,101,102,103,-1,103,102,104,-1,103,104,105,-1,105,104,13,-1,105,13,12,-1,53,55,74,-1,45,47,83,-1,83,47,81,-1,74,55,69,-1,55,57,69,-1,69,57,59,-1,69,59,71,-1,71,59,61,-1,71,61,66,-1,66,61,63,-1,66,63,65,-1,19,20,17,-1,17,20,23,-1,17,23,15,-1,15,23,25,-1,15,25,12,-1,12,25,27,-1,12,27,105,-1,105,27,29,-1,105,29,103,-1,103,29,31,-1,103,31,101,-1,101,31,33,-1,101,33,99,-1,99,33,35,-1,99,35,97,-1,97,35,37,-1,97,37,94,-1,90,43,88,-1,88,43,45,-1,88,45,85,-1,85,45,83,-1,47,49,81,-1,81,49,51,-1,81,51,79,-1,79,51,53,-1,79,53,77,-1,77,53,74,-1,94,37,92,-1,92,37,39,-1,92,39,90,-1,90,39,41,-1,90,41,43,-1,106,107,108,-1,108,107,109,-1,110,111,112,-1,112,111,106,-1,112,106,108,-1,113,111,114,-1,114,111,110,-1,115,116,117,-1,117,116,113,-1,117,113,114,-1,118,116,119,-1,119,116,115,-1,120,121,122,-1,122,121,118,-1,122,118,119,-1,123,121,124,-1,124,121,120,-1,125,126,127,-1,127,126,123,-1,127,123,124,-1,128,126,129,-1,129,126,125,-1,130,131,132,-1,132,131,128,-1,132,128,129,-1,133,131,134,-1,134,131,130,-1,109,107,135,-1,135,107,133,-1,135,133,134,-1,133,107,106,-1,106,111,133,-1,133,111,113,-1,133,113,131,-1,126,128,123,-1,123,128,131,-1,123,131,121,-1,121,131,113,-1,121,113,118,-1,118,113,116,-1,136,137,138,-1,138,137,139,-1,138,139,140,-1,140,139,141,-1,140,141,142,-1,142,141,143,-1,142,143,144,-1,144,143,145,-1,144,145,146,-1,146,145,147,-1,146,147,148,-1,147,149,148,-1,148,149,150,-1,148,150,151,-1,151,150,152,-1,151,152,153,-1,153,152,154,-1,153,154,155,-1,155,154,156,-1,155,156,157,-1,157,156,158,-1,157,158,159,-1,159,158,160,-1,159,160,161,-1,161,160,162,-1,161,162,163,-1,163,162,164,-1,163,164,165,-1,165,164,166,-1,165,166,167,-1,167,166,168,-1,167,168,169,-1,169,168,170,-1,169,170,136,-1,136,170,171,-1,136,171,137,-1,142,144,172,-1,172,144,173,-1,174,136,138,-1,142,172,175,-1,142,175,140,-1,140,175,176,-1,140,176,138,-1,138,176,177,-1,138,177,174,-1,136,174,178,-1,136,178,169,-1,169,178,179,-1,169,179,167,-1,167,179,180,-1,167,180,165,-1,165,180,181,-1,165,181,163,-1,163,181,182,-1,163,182,161,-1,161,182,183,-1,161,183,159,-1,159,183,184,-1,159,184,157,-1,157,184,185,-1,157,185,155,-1,155,185,186,-1,187,151,186,-1,186,151,153,-1,186,153,155,-1,187,188,151,-1,151,188,189,-1,151,189,148,-1,146,148,190,-1,190,148,189,-1,144,146,173,-1,173,146,190,-1,149,147,191,-1,191,147,192,-1,147,145,192,-1,192,145,193,-1,145,143,193,-1,193,143,194,-1,171,195,196,-1,171,196,137,-1,137,196,197,-1,137,197,139,-1,139,197,198,-1,139,198,141,-1,141,198,194,-1,141,194,143,-1,164,199,200,-1,164,200,166,-1,166,200,201,-1,166,201,168,-1,168,201,202,-1,168,202,170,-1,170,202,195,-1,170,195,171,-1,156,203,204,-1,156,204,158,-1,158,204,205,-1,158,205,160,-1,160,205,206,-1,160,206,162,-1,162,206,199,-1,162,199,164,-1,149,191,207,-1,149,207,150,-1,150,207,208,-1,150,208,152,-1,152,208,209,-1,152,209,154,-1,154,209,203,-1,154,203,156,-1,
        ]
    }
}
Shape{
    appearance Appearance {
        material  Material 	{
            diffuseColor 1.0 1.0 1.0
            specularColor 0.5019607843137255 0.5019607843137255 0.5019607843137255
            ambientIntensity 1.0
            transparency 0.0
            shininess 0.5
        }
    }
    geometry IndexedFaceSet {
        ccw TRUE
        solid FALSE
        coord DEF co Coordinate {
            point [
                0.5318 0.1081 0.3188, 0.5318 0.1085 0.3191, 0.5288 0.1004 0.3402, 0.532 0.1061 0.3173, 0.5288 0.0943 0.3403, 0.5323 0.0943 0.3158, 0.5288 0.0992 0.3403, 0.5323 0.099 0.3158, 0.5322 0.1034 0.3163, 0.5315 0.11 0.3209, 0.5312 0.1111 0.3232, 0.5308 0.1118 0.326, 0.5292 0.1084 0.3373, 0.5305 0.1119 0.3283, 0.529 0.1064 0.3386, 0.5289 0.1037 0.3397, 0.5299 0.1115 0.3323, 0.5296 0.1105 0.3346, 0.5294 0.1093 0.3364
            ]
        }
        coordIndex [
            0,1,2,-1,0,2,3,-1,4,5,6,-1,6,5,7,-1,6,7,2,-1,2,7,8,-1,2,8,3,-1,1,9,2,-1,2,9,10,-1,2,10,11,-1,12,11,13,-1,12,14,11,-1,11,14,15,-1,11,15,2,-1,16,17,13,-1,13,17,18,-1,13,18,12,-1,
        ]
    }
}
Shape{
    appearance Appearance {
        material  Material 	{
            diffuseColor 0.0 0.0 0.0
            specularColor 0.0 0.0 0.0
            ambientIntensity 0.0
            transparency 0.0
            shininess 0.5
        }
    }
    geometry IndexedFaceSet {
        ccw TRUE
        solid FALSE
        coord DEF co Coordinate {
            point [
                0.5314 0.127 0.3245, 0.5319 0.1257 0.3209, 0.5314 0.1378 0.3245, 0.5319 0.139 0.3209, 0.5296 0.1318 0.3377, 0.5287 0.1303 0.344, 0.5331 0.1181 0.3122, 0.5331 0.1226 0.3122, 0.5294 0.1321 0.3386, 0.5293 0.1323 0.3399, 0.5287 0.1347 0.344, 0.5293 0.1324 0.3399, 0.5294 0.1327 0.3386, 0.5296 0.1329 0.3377, 0.5331 0.1469 0.3122, 0.5331 0.1423 0.3122, 0.5283 0.1347 0.3439, 0.5328 0.1469 0.3122, 0.5283 0.1303 0.3439, 0.5328 0.1181 0.3122, 0.5294 0.1273 0.3362, 0.5328 0.1226 0.3122, 0.5315 0.1257 0.3209, 0.5315 0.139 0.3209, 0.5315 0.1273 0.3209, 0.5328 0.1423 0.3122, 0.531 0.127 0.3244, 0.531 0.1378 0.3244, 0.5292 0.1329 0.3376, 0.5289 0.1324 0.3398, 0.5291 0.1327 0.3385, 0.5289 0.1323 0.3398, 0.5292 0.1318 0.3376, 0.5291 0.1321 0.3386
            ]
        }
        coordIndex [
            0,1,2,-1,2,1,3,-1,4,5,0,-1,0,5,6,-1,0,6,1,-1,1,6,7,-1,4,8,5,-1,5,8,9,-1,5,9,10,-1,10,9,11,-1,10,11,12,-1,12,13,10,-1,10,13,2,-1,10,2,14,-1,14,2,3,-1,14,3,15,-1,10,14,16,-1,16,14,17,-1,5,10,18,-1,18,10,16,-1,19,6,20,-1,20,6,5,-1,20,5,18,-1,7,6,21,-1,21,6,19,-1,1,7,22,-1,22,7,21,-1,23,3,24,-1,24,3,1,-1,24,1,22,-1,15,3,25,-1,25,3,23,-1,14,15,17,-1,17,15,25,-1,0,2,26,-1,26,2,27,-1,2,13,27,-1,27,13,28,-1,11,29,30,-1,11,30,12,-1,12,30,28,-1,12,28,13,-1,11,9,29,-1,29,9,31,-1,4,32,33,-1,4,33,8,-1,8,33,31,-1,8,31,9,-1,4,0,32,-1,32,0,26,-1,
        ]
    }
}
Shape{
    appearance Appearance {
        material  Material 	{
            diffuseColor 1.0 1.0 1.0
            specularColor 0.5019607843137255 0.5019607843137255 0.5019607843137255
            ambientIntensity 1.0
            transparency 0.0
            shininess 0.5
        }
    }
    geometry IndexedFaceSet {
        ccw TRUE
        solid FALSE
        coord DEF co Coordinate {
            point [
                0.5289 0.1324 0.3398, 0.5289 0.1323 0.3398, 0.5291 0.1327 0.3385, 0.5291 0.1321 0.3386, 0.5292 0.1329 0.3376, 0.5292 0.1318 0.3376, 0.531 0.1378 0.3244, 0.531 0.127 0.3244
            ]
        }
        coordIndex [
            0,1,2,-1,2,1,3,-1,2,3,4,-1,4,3,5,-1,4,5,6,-1,6,5,7,-1,
        ]
    }
}
Shape{
    appearance Appearance {
        material  Material 	{
            diffuseColor 0.0 0.0 0.0
            specularColor 0.0 0.0 0.0
            ambientIntensity 0.0
            transparency 0.0
            shininess 0.5
        }
    }
    geometry IndexedFaceSet {
        ccw TRUE
        solid FALSE
        coord DEF co Coordinate {
            point [
                0.5397 0.0356 0.2655, 0.5402 0.0356 0.2619, 0.5393 0.0356 0.2655, 0.5398 0.0356 0.2619, 0.5397 0.0225 0.2655, 0.5393 0.0225 0.2655, 0.5382 0.0225 0.2762, 0.5378 0.0225 0.2762, 0.5382 0.0339 0.2762, 0.5378 0.0339 0.2762, 0.5377 0.0339 0.2798, 0.5373 0.0339 0.2798, 0.5377 0.0225 0.2798, 0.5373 0.0225 0.2798, 0.5363 0.0225 0.29, 0.5359 0.0225 0.2899, 0.5363 0.0348 0.29, 0.5359 0.0348 0.2899, 0.5358 0.0348 0.2936, 0.5354 0.0348 0.2936, 0.5358 0.0183 0.2936, 0.5354 0.0183 0.2936, 0.5402 0.0183 0.2619, 0.5398 0.0183 0.2619, 0.5389 0.0449 0.2715, 0.5388 0.0458 0.2719, 0.5384 0.0437 0.2745, 0.5397 0.0537 0.2654, 0.5397 0.0538 0.2654, 0.5392 0.0535 0.2691, 0.539 0.0538 0.2709, 0.5382 0.0578 0.2765, 0.5389 0.0538 0.2711, 0.5386 0.0538 0.2733, 0.5402 0.0538 0.2619, 0.5402 0.0578 0.2619, 0.537 0.0522 0.2848, 0.5375 0.0514 0.2814, 0.5371 0.0539 0.2843, 0.5375 0.0521 0.281, 0.5383 0.047 0.2754, 0.5387 0.0484 0.2726, 0.5382 0.0538 0.2763, 0.5394 0.0529 0.2677, 0.5396 0.0521 0.2665, 0.5399 0.0528 0.2642, 0.5396 0.0515 0.266, 0.5401 0.0515 0.2629, 0.5398 0.0504 0.2653, 0.5402 0.0505 0.2622, 0.5398 0.0492 0.2648, 0.5403 0.0488 0.2616, 0.5398 0.0477 0.2646, 0.5403 0.0467 0.2614, 0.5398 0.0463 0.2648, 0.5403 0.0443 0.2617, 0.5398 0.0454 0.2651, 0.5402 0.0427 0.2622, 0.5397 0.0446 0.2657, 0.54 0.0414 0.2632, 0.5396 0.0443 0.266, 0.5379 0.0536 0.2781, 0.5377 0.0574 0.2798, 0.5378 0.0532 0.2795, 0.5375 0.0567 0.2815, 0.5376 0.0527 0.2803, 0.5373 0.0559 0.2828, 0.5372 0.0551 0.2835, 0.5373 0.0416 0.283, 0.5378 0.0416 0.2791, 0.5372 0.0425 0.2835, 0.5376 0.0444 0.2809, 0.537 0.0454 0.2846, 0.5374 0.0469 0.2817, 0.537 0.0495 0.2851, 0.5374 0.0491 0.2819, 0.5374 0.0505 0.2817, 0.5389 0.0445 0.2712, 0.5386 0.0421 0.2737, 0.539 0.0441 0.2706, 0.5387 0.0409 0.2726, 0.5391 0.0437 0.2699, 0.5389 0.0401 0.2713, 0.5392 0.0435 0.2689, 0.5391 0.0396 0.2698, 0.5393 0.0435 0.2683, 0.5394 0.0394 0.268, 0.5394 0.0436 0.2674, 0.5396 0.0396 0.2662, 0.5396 0.0438 0.2667, 0.5398 0.0401 0.2648, 0.54 0.0409 0.2636, 0.5366 0.0495 0.285, 0.5366 0.0454 0.2846, 0.5368 0.0425 0.2834, 0.5369 0.0416 0.2829, 0.5374 0.0416 0.2791, 0.5372 0.0444 0.2808, 0.5371 0.0469 0.2816, 0.537 0.0491 0.2818, 0.537 0.0505 0.2817, 0.5371 0.0514 0.2814, 0.5372 0.0521 0.2809, 0.5372 0.0527 0.2803, 0.5374 0.0532 0.2794, 0.5376 0.0536 0.278, 0.5378 0.0538 0.2763, 0.5379 0.047 0.2753, 0.5381 0.0437 0.2745, 0.5382 0.0421 0.2736, 0.5383 0.0409 0.2725, 0.5385 0.0401 0.2712, 0.5387 0.0396 0.2698, 0.539 0.0394 0.2679, 0.5392 0.0396 0.2661, 0.5394 0.0401 0.2648, 0.5396 0.0409 0.2636, 0.5397 0.0414 0.2631, 0.5399 0.0467 0.2613, 0.5399 0.0443 0.2616, 0.5399 0.0443 0.2616, 0.5398 0.0427 0.2622, 0.5399 0.0488 0.2616, 0.5399 0.0489 0.2616, 0.5398 0.0505 0.2622, 0.5397 0.0515 0.2629, 0.5395 0.0528 0.2641, 0.5393 0.0537 0.2654, 0.5393 0.0538 0.2654, 0.5398 0.0538 0.2619, 0.5398 0.0578 0.2619, 0.5378 0.0578 0.2764, 0.5373 0.0574 0.2798, 0.5371 0.0567 0.2815, 0.5369 0.0559 0.2827, 0.5368 0.0551 0.2834, 0.5367 0.0539 0.2842, 0.5366 0.0522 0.2848, 0.5385 0.0445 0.2711, 0.5385 0.0449 0.2714, 0.5384 0.0458 0.2719, 0.5383 0.0484 0.2725, 0.5389 0.0435 0.2683, 0.5388 0.0435 0.2689, 0.5387 0.0437 0.2698, 0.5386 0.0441 0.2705, 0.5393 0.0446 0.2656, 0.5393 0.0443 0.266, 0.5392 0.0438 0.2666, 0.5391 0.0436 0.2673, 0.5394 0.0477 0.2646, 0.5394 0.0463 0.2647, 0.5394 0.0454 0.2651, 0.5392 0.0521 0.2664, 0.5393 0.0515 0.266, 0.5394 0.0504 0.2652, 0.5394 0.0492 0.2648, 0.5385 0.0538 0.2711, 0.5386 0.0538 0.2708, 0.5388 0.0535 0.269, 0.539 0.0529 0.2676, 0.5382 0.0538 0.2732
            ]
        }
        coordIndex [
            0,1,2,-1,2,1,3,-1,4,0,5,-1,5,0,2,-1,6,4,7,-1,7,4,5,-1,8,6,9,-1,9,6,7,-1,10,8,11,-1,11,8,9,-1,12,10,13,-1,13,10,11,-1,14,12,15,-1,15,12,13,-1,16,14,17,-1,17,14,15,-1,18,16,19,-1,19,16,17,-1,20,18,21,-1,21,18,19,-1,22,20,23,-1,23,20,21,-1,1,22,3,-1,3,22,23,-1,22,1,0,-1,0,4,22,-1,22,4,6,-1,22,6,20,-1,16,18,14,-1,14,18,20,-1,14,20,12,-1,12,20,6,-1,12,6,10,-1,10,6,8,-1,24,25,26,-1,27,28,29,-1,30,31,32,-1,32,31,33,-1,34,35,28,-1,28,35,31,-1,28,31,29,-1,29,31,30,-1,36,37,38,-1,38,37,39,-1,26,25,40,-1,40,25,41,-1,40,41,42,-1,29,43,27,-1,27,43,44,-1,27,44,45,-1,45,44,46,-1,45,46,47,-1,47,46,48,-1,47,48,49,-1,49,48,50,-1,49,50,51,-1,51,50,52,-1,51,52,53,-1,53,52,54,-1,53,54,55,-1,55,54,56,-1,55,56,57,-1,57,56,58,-1,57,58,59,-1,59,58,60,-1,41,33,42,-1,42,33,31,-1,42,31,61,-1,61,31,62,-1,61,62,63,-1,63,62,64,-1,63,64,65,-1,65,64,66,-1,65,66,39,-1,39,66,67,-1,39,67,38,-1,68,69,70,-1,70,69,71,-1,70,71,72,-1,72,71,73,-1,72,73,74,-1,74,73,75,-1,74,75,36,-1,36,75,76,-1,36,76,37,-1,24,26,77,-1,77,26,78,-1,77,78,79,-1,79,78,80,-1,79,80,81,-1,81,80,82,-1,81,82,83,-1,83,82,84,-1,83,84,85,-1,85,84,86,-1,85,86,87,-1,87,86,88,-1,87,88,89,-1,89,88,90,-1,89,90,60,-1,60,90,91,-1,60,91,59,-1,74,92,93,-1,74,93,72,-1,72,93,94,-1,72,94,70,-1,70,94,95,-1,70,95,68,-1,69,68,96,-1,96,68,95,-1,69,96,97,-1,69,97,71,-1,71,97,98,-1,71,98,73,-1,73,98,99,-1,73,99,75,-1,75,99,100,-1,75,100,76,-1,76,100,101,-1,76,101,37,-1,37,101,102,-1,37,102,39,-1,39,102,103,-1,39,103,65,-1,65,103,104,-1,65,104,63,-1,63,104,105,-1,63,105,61,-1,61,105,106,-1,61,106,42,-1,40,42,107,-1,107,42,106,-1,40,107,108,-1,40,108,26,-1,26,108,109,-1,26,109,78,-1,78,109,110,-1,78,110,80,-1,80,110,111,-1,80,111,82,-1,82,111,112,-1,82,112,84,-1,84,112,113,-1,84,113,86,-1,86,113,114,-1,86,114,88,-1,88,114,115,-1,88,115,90,-1,90,115,116,-1,90,116,91,-1,91,116,117,-1,91,117,59,-1,118,53,119,-1,119,53,55,-1,119,55,120,-1,120,55,57,-1,120,57,121,-1,121,57,59,-1,121,59,117,-1,53,118,122,-1,53,122,51,-1,51,122,123,-1,51,123,49,-1,123,124,49,-1,49,124,125,-1,49,125,47,-1,47,125,126,-1,47,126,45,-1,45,126,127,-1,45,127,27,-1,28,27,128,-1,128,27,127,-1,34,28,129,-1,129,28,128,-1,35,34,130,-1,130,34,129,-1,31,35,131,-1,131,35,130,-1,31,131,132,-1,31,132,62,-1,62,132,133,-1,62,133,64,-1,64,133,134,-1,64,134,66,-1,66,134,135,-1,66,135,67,-1,67,135,136,-1,67,136,38,-1,38,136,137,-1,38,137,36,-1,36,137,92,-1,36,92,74,-1,77,138,139,-1,77,139,24,-1,24,139,140,-1,24,140,25,-1,25,140,141,-1,25,141,41,-1,85,142,143,-1,85,143,83,-1,83,143,144,-1,83,144,81,-1,81,144,145,-1,81,145,79,-1,79,145,138,-1,79,138,77,-1,58,146,147,-1,58,147,60,-1,60,147,148,-1,60,148,89,-1,89,148,149,-1,89,149,87,-1,87,149,142,-1,87,142,85,-1,52,150,151,-1,52,151,54,-1,54,151,152,-1,54,152,56,-1,56,152,146,-1,56,146,58,-1,44,153,154,-1,44,154,46,-1,46,154,155,-1,46,155,48,-1,48,155,156,-1,48,156,50,-1,50,156,150,-1,50,150,52,-1,32,157,158,-1,32,158,30,-1,30,158,159,-1,30,159,29,-1,29,159,160,-1,29,160,43,-1,43,160,153,-1,43,153,44,-1,32,33,157,-1,157,33,161,-1,33,41,161,-1,161,41,141,-1,
        ]
    }
}
Shape{
    appearance Appearance {
        material  Material 	{
            diffuseColor 1.0 1.0 1.0
            specularColor 0.5019607843137255 0.5019607843137255 0.5019607843137255
            ambientIntensity 1.0
            transparency 0.0
            shininess 0.5
        }
    }
    geometry IndexedFaceSet {
        ccw TRUE
        solid FALSE
        coord DEF co Coordinate {
            point [
                0.5386 0.0538 0.2708, 0.5385 0.0538 0.2711, 0.5385 0.0445 0.2711, 0.5382 0.0538 0.2732, 0.5383 0.0484 0.2725, 0.5384 0.0458 0.2719, 0.5385 0.0449 0.2714, 0.5388 0.0535 0.269, 0.5386 0.0441 0.2705, 0.539 0.0529 0.2676, 0.5393 0.0443 0.266, 0.5393 0.0446 0.2656, 0.5393 0.0515 0.266, 0.5392 0.0438 0.2666, 0.5394 0.0504 0.2652, 0.5394 0.0492 0.2648, 0.5394 0.0477 0.2646, 0.5387 0.0437 0.2698, 0.5388 0.0435 0.2689, 0.5392 0.0521 0.2664, 0.5389 0.0435 0.2683, 0.5391 0.0436 0.2673, 0.5394 0.0454 0.2651, 0.5394 0.0463 0.2647
            ]
        }
        coordIndex [
            0,1,2,-1,1,3,4,-1,4,5,1,-1,1,5,6,-1,1,6,2,-1,0,2,7,-1,7,2,8,-1,7,8,9,-1,10,11,12,-1,10,12,13,-1,14,12,15,-1,15,12,16,-1,8,17,9,-1,9,17,18,-1,9,18,19,-1,19,18,20,-1,19,20,12,-1,12,20,21,-1,12,21,13,-1,11,22,12,-1,12,22,23,-1,12,23,16,-1,
        ]
    }
}
Shape{
    appearance Appearance {
        material  Material 	{
            diffuseColor 0.0 0.0 0.0
            specularColor 0.0 0.0 0.0
            ambientIntensity 0.0
            transparency 0.0
            shininess 0.5
        }
    }
    geometry IndexedFaceSet {
        ccw TRUE
        solid FALSE
        coord DEF co Coordinate {
            point [
                0.5391 0.0632 0.2668, 0.5395 0.0632 0.2668, 0.5397 0.0649 0.2658, 0.5398 0.0698 0.2646, 0.5394 0.0698 0.2646, 0.5394 0.0675 0.2648, 0.5398 0.0675 0.2649, 0.5393 0.0651 0.2657, 0.5393 0.0649 0.2657, 0.5401 0.0632 0.2627, 0.5397 0.0632 0.2627, 0.5402 0.066 0.2617, 0.5398 0.0651 0.262, 0.5399 0.0694 0.2613, 0.5403 0.0694 0.2614, 0.5399 0.0668 0.2616, 0.5399 0.066 0.2617, 0.5402 0.073 0.2618, 0.5399 0.0717 0.2616, 0.5398 0.073 0.2618, 0.5397 0.0751 0.2626, 0.5401 0.0751 0.2626, 0.5397 0.0761 0.2631, 0.54 0.0761 0.2632, 0.5395 0.0772 0.2641, 0.5399 0.0772 0.2642, 0.5394 0.078 0.2652, 0.5398 0.078 0.2652, 0.5392 0.0785 0.2664, 0.5396 0.0785 0.2665, 0.539 0.0787 0.268, 0.5394 0.0787 0.2681, 0.5388 0.0785 0.2695, 0.5391 0.0785 0.2696, 0.5386 0.0781 0.2707, 0.539 0.0781 0.2707, 0.5384 0.0773 0.2718, 0.5388 0.0773 0.2718, 0.5383 0.0764 0.2726, 0.5387 0.0764 0.2727, 0.5381 0.0737 0.2741, 0.5385 0.0737 0.2741, 0.538 0.0721 0.2747, 0.5384 0.0721 0.2748, 0.5379 0.0697 0.2758, 0.5383 0.0697 0.2758, 0.5378 0.0683 0.2767, 0.5381 0.0683 0.2767, 0.5377 0.0679 0.2771, 0.5381 0.0679 0.2771, 0.5376 0.0676 0.2776, 0.538 0.0676 0.2777, 0.5375 0.0674 0.2782, 0.5379 0.0674 0.2783, 0.5375 0.0674 0.2788, 0.5378 0.0674 0.2788, 0.5374 0.0674 0.2794, 0.5378 0.0674 0.2795, 0.5373 0.0676 0.2799, 0.5377 0.0676 0.28, 0.5372 0.068 0.2804, 0.5376 0.068 0.2805, 0.5371 0.0686 0.281, 0.5375 0.0686 0.281, 0.5371 0.0695 0.2814, 0.5375 0.0695 0.2815, 0.537 0.0706 0.2817, 0.5374 0.0706 0.2818, 0.537 0.0718 0.2818, 0.5374 0.0718 0.2819, 0.5371 0.0742 0.2816, 0.5375 0.0742 0.2816, 0.5372 0.0765 0.2808, 0.5376 0.0765 0.2808, 0.5373 0.0776 0.2802, 0.5376 0.0776 0.2802, 0.5371 0.0776 0.2841, 0.5367 0.0776 0.284, 0.5366 0.075 0.2848, 0.537 0.075 0.2848, 0.5366 0.0721 0.285, 0.537 0.0721 0.2851, 0.5366 0.069 0.2847, 0.537 0.069 0.2847, 0.5367 0.0668 0.2838, 0.5371 0.0668 0.2839, 0.5368 0.0658 0.2832, 0.5372 0.0658 0.2833, 0.5374 0.0646 0.2822, 0.5369 0.0651 0.2826, 0.537 0.0646 0.2822, 0.5371 0.0639 0.2811, 0.5375 0.0639 0.2812, 0.5373 0.0634 0.2798, 0.5377 0.0634 0.2799, 0.5375 0.0632 0.2784, 0.5379 0.0632 0.2785, 0.5377 0.0634 0.2769, 0.5381 0.0634 0.2769, 0.5379 0.0639 0.2757, 0.5383 0.0639 0.2757, 0.538 0.0644 0.2748, 0.5384 0.0644 0.2749, 0.5384 0.0693 0.2718, 0.5388 0.0693 0.2719, 0.5387 0.0669 0.273, 0.5381 0.065 0.2741, 0.5385 0.065 0.2742, 0.5381 0.0651 0.2741, 0.5383 0.0669 0.2729, 0.5386 0.072 0.2707, 0.539 0.072 0.2708, 0.5387 0.0735 0.2698, 0.5391 0.0735 0.2699, 0.5388 0.074 0.2693, 0.5392 0.074 0.2693, 0.5389 0.0743 0.2688, 0.5393 0.0743 0.2688, 0.5389 0.0745 0.2681, 0.5393 0.0745 0.2682, 0.539 0.0745 0.2676, 0.5394 0.0745 0.2677, 0.5391 0.0745 0.2669, 0.5395 0.0745 0.2669, 0.5392 0.0743 0.2663, 0.5396 0.0743 0.2664, 0.5393 0.0739 0.2658, 0.5397 0.0739 0.2659, 0.5393 0.0735 0.2654, 0.5397 0.0735 0.2655, 0.5394 0.0731 0.2652, 0.5398 0.0731 0.2652, 0.5394 0.0721 0.2648, 0.5398 0.0721 0.2649, 0.5394 0.07 0.2646, 0.5398 0.07 0.2646, 0.537 0.0986 0.2846, 0.537 0.1027 0.2846, 0.5366 0.0986 0.2845, 0.5366 0.1027 0.2845, 0.5394 0.0923 0.2675, 0.539 0.0923 0.2675, 0.5392 0.092 0.2664, 0.5396 0.092 0.2665, 0.5393 0.0918 0.2656, 0.5397 0.0918 0.2657, 0.5397 0.0917 0.2657, 0.5393 0.0917 0.2656, 0.5394 0.0912 0.2676, 0.539 0.0912 0.2675, 0.5366 0.0852 0.2845, 0.537 0.0852 0.2846, 0.5374 0.0872 0.279, 0.537 0.0808 0.2846, 0.5366 0.0808 0.2845, 0.5398 0.0897 0.2619, 0.5402 0.0897 0.262, 0.5389 0.0872 0.2683, 0.5404 0.088 0.2578, 0.5408 0.088 0.2579, 0.5399 0.0896 0.2616, 0.5406 0.0872 0.2564, 0.541 0.0872 0.2564, 0.5406 0.0872 0.2563, 0.5407 0.0864 0.2555, 0.5411 0.0864 0.2556, 0.5408 0.0858 0.2551, 0.5412 0.0858 0.2551, 0.5408 0.0849 0.2547, 0.5412 0.0849 0.2548, 0.5409 0.0839 0.2546, 0.5412 0.0839 0.2547, 0.5408 0.0824 0.2548, 0.5412 0.0824 0.2548, 0.5408 0.0816 0.2551, 0.5412 0.0816 0.2551, 0.5417 0.0816 0.2516, 0.5413 0.0816 0.2515, 0.5413 0.0833 0.2512, 0.5417 0.0833 0.2513, 0.5413 0.0842 0.2512, 0.5417 0.0842 0.2513, 0.5413 0.0858 0.2514, 0.5417 0.0858 0.2514, 0.5412 0.0872 0.2519, 0.5416 0.0874 0.252, 0.5412 0.0874 0.252, 0.5411 0.0888 0.253, 0.5415 0.0888 0.253, 0.541 0.089 0.2532, 0.5414 0.089 0.2533, 0.5408 0.0905 0.2549, 0.5412 0.0905 0.255, 0.5403 0.0923 0.2584, 0.5407 0.0923 0.2585, 0.5399 0.0936 0.2616, 0.5397 0.1243 0.2655, 0.5402 0.1243 0.2619, 0.5393 0.1243 0.2655, 0.5398 0.1243 0.2619, 0.5393 0.1112 0.2655, 0.5397 0.1112 0.2655, 0.5393 0.1172 0.2655, 0.5382 0.1112 0.2762, 0.5378 0.1112 0.2762, 0.5378 0.1226 0.2762, 0.5382 0.1226 0.2762, 0.5378 0.1172 0.2762, 0.5377 0.1226 0.2798, 0.5373 0.1226 0.2798, 0.5373 0.1112 0.2798, 0.5377 0.1112 0.2798, 0.5373 0.1172 0.2798, 0.5363 0.1112 0.29, 0.5359 0.1112 0.2899, 0.5359 0.1235 0.2899, 0.5363 0.1235 0.29, 0.5359 0.1172 0.2899, 0.5358 0.1235 0.2936, 0.5354 0.1235 0.2936, 0.5354 0.107 0.2936, 0.5358 0.107 0.2936, 0.5354 0.1172 0.2936, 0.5402 0.107 0.2619, 0.5398 0.107 0.2619, 0.5398 0.1172 0.2619, 0.5396 0.1516 0.2664, 0.5393 0.1483 0.2685, 0.5399 0.1482 0.264, 0.5395 0.1462 0.2671, 0.5401 0.1446 0.2626, 0.5396 0.1435 0.2661, 0.5402 0.1391 0.2619, 0.5397 0.1391 0.2655, 0.5402 0.1303 0.2619, 0.5397 0.1344 0.2655, 0.5358 0.1303 0.2936, 0.5363 0.1344 0.29, 0.5358 0.1394 0.2936, 0.5363 0.1393 0.29, 0.5363 0.1405 0.29, 0.5358 0.1443 0.2931, 0.5364 0.1438 0.2894, 0.536 0.1482 0.2917, 0.5365 0.1465 0.2884, 0.5364 0.1516 0.2894, 0.5367 0.1485 0.287, 0.5365 0.1527 0.2884, 0.5368 0.1494 0.2861, 0.5369 0.1547 0.2856, 0.5371 0.1507 0.2844, 0.5373 0.1559 0.2826, 0.5374 0.1516 0.2821, 0.5379 0.1564 0.2782, 0.5379 0.152 0.2781, 0.5382 0.1563 0.2762, 0.5383 0.1519 0.2758, 0.5387 0.1555 0.2725, 0.5387 0.1512 0.2729, 0.5392 0.1539 0.2692, 0.539 0.1501 0.2706, 0.5392 0.1486 0.2688, 0.5398 0.1391 0.2619, 0.5398 0.1303 0.2619, 0.5397 0.1446 0.2625, 0.5395 0.1482 0.2639, 0.5392 0.1516 0.2663, 0.5388 0.1539 0.2691, 0.5383 0.1555 0.2724, 0.5378 0.1563 0.2761, 0.5375 0.1564 0.2781, 0.5369 0.1559 0.2825, 0.5365 0.1547 0.2855, 0.5361 0.1527 0.2883, 0.536 0.1516 0.2894, 0.5356 0.1482 0.2917, 0.5354 0.1443 0.2931, 0.5354 0.1394 0.2936, 0.5354 0.1303 0.2936, 0.5359 0.1393 0.2899, 0.5359 0.1344 0.2899, 0.5393 0.1344 0.2655, 0.5393 0.1391 0.2655, 0.5389 0.1486 0.2688, 0.5389 0.1483 0.2685, 0.5391 0.1462 0.267, 0.5392 0.1435 0.266, 0.5376 0.152 0.278, 0.5379 0.1519 0.2757, 0.5383 0.1512 0.2729, 0.5386 0.1501 0.2706, 0.5363 0.1485 0.287, 0.5364 0.1494 0.2861, 0.5367 0.1507 0.2843, 0.537 0.1516 0.282, 0.5359 0.1405 0.2899, 0.536 0.1438 0.2894, 0.5361 0.1465 0.2883
            ]
        }
        coordIndex [
            0,1,2,-1,3,4,5,-1,3,5,6,-1,6,5,7,-1,6,7,2,-1,2,7,8,-1,2,8,0,-1,9,1,10,-1,10,1,0,-1,9,10,11,-1,11,10,12,-1,13,14,15,-1,15,14,11,-1,15,11,16,-1,16,11,12,-1,17,14,18,-1,18,14,13,-1,18,19,17,-1,17,19,20,-1,17,20,21,-1,21,20,22,-1,21,22,23,-1,23,22,24,-1,23,24,25,-1,25,24,26,-1,25,26,27,-1,27,26,28,-1,27,28,29,-1,29,28,30,-1,29,30,31,-1,31,30,32,-1,31,32,33,-1,33,32,34,-1,33,34,35,-1,35,34,36,-1,35,36,37,-1,37,36,38,-1,37,38,39,-1,39,38,40,-1,39,40,41,-1,41,40,42,-1,41,42,43,-1,43,42,44,-1,43,44,45,-1,45,44,46,-1,45,46,47,-1,47,46,48,-1,47,48,49,-1,49,48,50,-1,49,50,51,-1,51,50,52,-1,51,52,53,-1,53,52,54,-1,53,54,55,-1,55,54,56,-1,55,56,57,-1,57,56,58,-1,57,58,59,-1,59,58,60,-1,59,60,61,-1,61,60,62,-1,61,62,63,-1,63,62,64,-1,63,64,65,-1,65,64,66,-1,65,66,67,-1,67,66,68,-1,67,68,69,-1,69,68,70,-1,69,70,71,-1,71,70,72,-1,71,72,73,-1,73,72,74,-1,73,74,75,-1,76,75,77,-1,77,75,74,-1,76,77,78,-1,76,78,79,-1,79,78,80,-1,79,80,81,-1,81,80,82,-1,81,82,83,-1,83,82,84,-1,83,84,85,-1,85,84,86,-1,85,86,87,-1,87,86,88,-1,88,86,89,-1,89,90,88,-1,88,90,91,-1,88,91,92,-1,92,91,93,-1,92,93,94,-1,94,93,95,-1,94,95,96,-1,96,95,97,-1,96,97,98,-1,98,97,99,-1,98,99,100,-1,100,99,101,-1,100,101,102,-1,103,104,105,-1,102,101,106,-1,102,106,107,-1,107,106,108,-1,107,108,105,-1,105,108,109,-1,105,109,103,-1,104,103,110,-1,104,110,111,-1,111,110,112,-1,111,112,113,-1,113,112,114,-1,113,114,115,-1,115,114,116,-1,115,116,117,-1,117,116,118,-1,117,118,119,-1,119,118,120,-1,119,120,121,-1,121,120,122,-1,121,122,123,-1,123,122,124,-1,123,124,125,-1,125,124,126,-1,125,126,127,-1,127,126,128,-1,127,128,129,-1,129,128,130,-1,129,130,131,-1,131,130,132,-1,131,132,133,-1,133,132,134,-1,133,134,135,-1,135,134,4,-1,135,4,3,-1,61,63,85,-1,85,63,83,-1,111,43,104,-1,104,43,45,-1,21,23,127,-1,127,23,25,-1,127,25,125,-1,125,25,27,-1,125,27,123,-1,123,27,29,-1,123,29,121,-1,121,29,31,-1,121,31,119,-1,119,31,33,-1,119,33,117,-1,117,33,35,-1,117,35,115,-1,115,35,37,-1,115,37,113,-1,113,37,39,-1,113,39,111,-1,111,39,41,-1,111,41,43,-1,14,3,11,-1,11,3,6,-1,11,6,9,-1,9,6,2,-1,9,2,1,-1,63,65,83,-1,83,65,67,-1,83,67,81,-1,81,67,69,-1,81,69,79,-1,79,69,71,-1,79,71,76,-1,76,71,73,-1,76,73,75,-1,127,129,21,-1,21,129,131,-1,21,131,17,-1,17,131,133,-1,17,133,14,-1,14,133,135,-1,14,135,3,-1,85,87,61,-1,61,87,88,-1,61,88,59,-1,59,88,92,-1,59,92,57,-1,57,92,94,-1,57,94,55,-1,55,94,96,-1,55,96,53,-1,53,96,98,-1,53,98,51,-1,51,98,100,-1,51,100,49,-1,49,100,102,-1,49,102,47,-1,47,102,107,-1,47,107,45,-1,45,107,105,-1,45,105,104,-1,136,137,138,-1,138,137,139,-1,140,136,141,-1,141,136,138,-1,140,141,142,-1,140,142,143,-1,143,142,144,-1,143,144,145,-1,146,145,147,-1,147,145,144,-1,148,146,149,-1,149,146,147,-1,150,151,152,-1,152,151,148,-1,152,148,149,-1,153,151,154,-1,154,151,150,-1,155,156,157,-1,157,156,153,-1,157,153,154,-1,158,159,160,-1,160,159,156,-1,160,156,155,-1,158,161,159,-1,159,161,162,-1,161,163,162,-1,162,163,164,-1,162,164,165,-1,165,164,166,-1,165,166,167,-1,167,166,168,-1,167,168,169,-1,169,168,170,-1,169,170,171,-1,171,170,172,-1,171,172,173,-1,173,172,174,-1,173,174,175,-1,176,175,177,-1,177,175,174,-1,176,177,178,-1,176,178,179,-1,179,178,180,-1,179,180,181,-1,181,180,182,-1,181,182,183,-1,183,182,184,-1,183,184,185,-1,184,186,185,-1,185,186,187,-1,185,187,188,-1,188,187,189,-1,188,189,190,-1,190,189,191,-1,190,191,192,-1,192,191,193,-1,192,193,194,-1,139,137,195,-1,195,137,194,-1,195,194,193,-1,143,145,194,-1,137,136,194,-1,194,136,140,-1,194,140,143,-1,151,153,148,-1,148,153,156,-1,148,156,146,-1,175,176,173,-1,173,176,179,-1,173,179,171,-1,171,179,181,-1,171,181,169,-1,169,181,183,-1,169,183,167,-1,167,183,185,-1,167,185,165,-1,145,146,194,-1,194,146,156,-1,194,156,192,-1,156,159,192,-1,192,159,162,-1,192,162,190,-1,190,162,165,-1,190,165,188,-1,188,165,185,-1,196,197,198,-1,198,197,199,-1,200,201,202,-1,202,201,196,-1,202,196,198,-1,203,201,204,-1,204,201,200,-1,205,206,207,-1,207,206,203,-1,207,203,204,-1,208,206,209,-1,209,206,205,-1,210,211,212,-1,212,211,208,-1,212,208,209,-1,213,211,214,-1,214,211,210,-1,215,216,217,-1,217,216,213,-1,217,213,214,-1,218,216,219,-1,219,216,215,-1,220,221,222,-1,222,221,218,-1,222,218,219,-1,223,221,224,-1,224,221,220,-1,199,197,225,-1,225,197,223,-1,225,223,224,-1,197,196,223,-1,223,196,201,-1,206,208,203,-1,203,208,211,-1,216,218,213,-1,213,218,221,-1,213,221,211,-1,211,221,223,-1,211,223,203,-1,203,223,201,-1,226,227,228,-1,228,227,229,-1,228,229,230,-1,230,229,231,-1,230,231,232,-1,232,231,233,-1,232,233,234,-1,234,233,235,-1,234,235,236,-1,236,235,237,-1,236,237,238,-1,237,239,238,-1,238,239,240,-1,238,240,241,-1,241,240,242,-1,241,242,243,-1,243,242,244,-1,243,244,245,-1,245,244,246,-1,245,246,247,-1,247,246,248,-1,247,248,249,-1,249,248,250,-1,249,250,251,-1,251,250,252,-1,251,252,253,-1,253,252,254,-1,253,254,255,-1,255,254,256,-1,255,256,257,-1,257,256,258,-1,257,258,259,-1,259,258,260,-1,259,260,226,-1,226,260,261,-1,226,261,227,-1,232,234,262,-1,262,234,263,-1,232,262,264,-1,232,264,230,-1,230,264,265,-1,230,265,228,-1,228,265,266,-1,228,266,226,-1,226,266,267,-1,226,267,259,-1,259,267,268,-1,259,268,257,-1,257,268,269,-1,257,269,255,-1,255,269,270,-1,255,270,253,-1,253,270,271,-1,253,271,251,-1,251,271,272,-1,251,272,249,-1,249,272,273,-1,249,273,247,-1,247,273,274,-1,247,274,245,-1,245,274,275,-1,245,275,243,-1,243,275,276,-1,243,276,241,-1,241,276,277,-1,241,277,238,-1,236,238,278,-1,278,238,277,-1,234,236,263,-1,263,236,278,-1,239,237,279,-1,279,237,280,-1,237,235,280,-1,280,235,281,-1,235,233,281,-1,281,233,282,-1,261,283,284,-1,261,284,227,-1,227,284,285,-1,227,285,229,-1,229,285,286,-1,229,286,231,-1,231,286,282,-1,231,282,233,-1,254,287,288,-1,254,288,256,-1,256,288,289,-1,256,289,258,-1,258,289,290,-1,258,290,260,-1,260,290,283,-1,260,283,261,-1,246,291,292,-1,246,292,248,-1,248,292,293,-1,248,293,250,-1,250,293,294,-1,250,294,252,-1,252,294,287,-1,252,287,254,-1,239,279,295,-1,239,295,240,-1,240,295,296,-1,240,296,242,-1,242,296,297,-1,242,297,244,-1,244,297,291,-1,244,291,246,-1,
        ]
    }
}
Shape{
    appearance Appearance {
        material  Material 	{
            diffuseColor 1.0 1.0 1.0
            specularColor 0.5019607843137255 0.5019607843137255 0.5019607843137255
            ambientIntensity 1.0
            transparency 0.0
            shininess 0.5
        }
    }
    geometry IndexedFaceSet {
        ccw TRUE
        solid FALSE
        coord DEF co Coordinate {
            point [
                0.5389 0.1483 0.2685, 0.5389 0.1486 0.2688, 0.5359 0.1405 0.2899, 0.5391 0.1462 0.267, 0.5359 0.1344 0.2899, 0.5393 0.1344 0.2655, 0.5359 0.1393 0.2899, 0.5393 0.1391 0.2655, 0.5392 0.1435 0.266, 0.5386 0.1501 0.2706, 0.5383 0.1512 0.2729, 0.5379 0.1519 0.2757, 0.5363 0.1485 0.287, 0.5376 0.152 0.278, 0.5361 0.1465 0.2883, 0.536 0.1438 0.2894, 0.537 0.1516 0.282, 0.5367 0.1507 0.2843, 0.5364 0.1494 0.2861
            ]
        }
        coordIndex [
            0,1,2,-1,0,2,3,-1,4,5,6,-1,6,5,7,-1,6,7,2,-1,2,7,8,-1,2,8,3,-1,1,9,2,-1,2,9,10,-1,2,10,11,-1,12,11,13,-1,12,14,11,-1,11,14,15,-1,11,15,2,-1,16,17,13,-1,13,17,18,-1,13,18,12,-1,
        ]
    }
}
Shape{
    appearance Appearance {
        material  Material 	{
            diffuseColor 0.0 0.0 0.0
            specularColor 0.0 0.0 0.0
            ambientIntensity 0.0
            transparency 0.0
            shininess 0.5
        }
    }
    geometry IndexedFaceSet {
        ccw TRUE
        solid FALSE
        coord DEF co Coordinate {
            point [
                0.5385 0.1671 0.2742, 0.539 0.1658 0.2706, 0.5385 0.1779 0.2742, 0.539 0.1791 0.2706, 0.5366 0.1719 0.2874, 0.5358 0.1704 0.2936, 0.5402 0.1582 0.2619, 0.5402 0.1627 0.2619, 0.5365 0.1722 0.2883, 0.5363 0.1724 0.2896, 0.5358 0.1748 0.2936, 0.5363 0.1725 0.2896, 0.5365 0.1728 0.2882, 0.5366 0.173 0.2874, 0.5402 0.187 0.2619, 0.5402 0.1824 0.2619, 0.5354 0.1748 0.2936, 0.5398 0.187 0.2619, 0.5354 0.1704 0.2936, 0.5398 0.1582 0.2619, 0.5398 0.1627 0.2619, 0.5386 0.1658 0.2705, 0.5386 0.1791 0.2705, 0.5398 0.1824 0.2619, 0.5381 0.1671 0.2741, 0.5381 0.1779 0.2741, 0.5363 0.173 0.2873, 0.5359 0.1725 0.2895, 0.5361 0.1728 0.2882, 0.5359 0.1724 0.2895, 0.5363 0.1719 0.2873, 0.5361 0.1722 0.2883
            ]
        }
        coordIndex [
            0,1,2,-1,2,1,3,-1,4,5,0,-1,0,5,6,-1,0,6,1,-1,1,6,7,-1,4,8,5,-1,5,8,9,-1,5,9,10,-1,10,9,11,-1,10,11,12,-1,12,13,10,-1,10,13,2,-1,10,2,14,-1,14,2,3,-1,14,3,15,-1,10,14,16,-1,16,14,17,-1,5,10,18,-1,18,10,16,-1,6,5,19,-1,19,5,18,-1,7,6,20,-1,20,6,19,-1,1,7,21,-1,21,7,20,-1,3,1,22,-1,22,1,21,-1,15,3,23,-1,23,3,22,-1,14,15,17,-1,17,15,23,-1,0,2,24,-1,24,2,25,-1,2,13,25,-1,25,13,26,-1,11,27,28,-1,11,28,12,-1,12,28,26,-1,12,26,13,-1,11,9,27,-1,27,9,29,-1,4,30,31,-1,4,31,8,-1,8,31,29,-1,8,29,9,-1,4,0,30,-1,30,0,24,-1,
        ]
    }
}
Shape{
    appearance Appearance {
        material  Material 	{
            diffuseColor 1.0 1.0 1.0
            specularColor 0.5019607843137255 0.5019607843137255 0.5019607843137255
            ambientIntensity 1.0
            transparency 0.0
            shininess 0.5
        }
    }
    geometry IndexedFaceSet {
        ccw TRUE
        solid FALSE
        coord DEF co Coordinate {
            point [
                0.5359 0.1725 0.2895, 0.5359 0.1724 0.2895, 0.5361 0.1728 0.2882, 0.5361 0.1722 0.2883, 0.5363 0.173 0.2873, 0.5363 0.1719 0.2873, 0.5381 0.1779 0.2741, 0.5381 0.1671 0.2741
            ]
        }
        coordIndex [
            0,1,2,-1,2,1,3,-1,2,3,4,-1,4,3,5,-1,4,5,6,-1,6,5,7,-1,
        ]
    }
}
Shape{
    appearance Appearance {
        material  Material 	{
            diffuseColor 0.0 0.0 0.0
            specularColor 0.0 0.0 0.0
            ambientIntensity 0.0
            transparency 0.0
            shininess 0.5
        }
    }
    geometry IndexedFaceSet {
        ccw TRUE
        solid FALSE
        coord DEF co Coordinate {
            point [
                0.5409 -0.1231 0.2574, 0.5414 -0.1197 0.2533, 0.538 -0.1252 0.2774, 0.5325 -0.1291 0.3166, 0.5322 -0.124 0.3192, 0.5302 -0.125 0.3332, 0.541 -0.0851 0.2566, 0.5403 -0.0824 0.2616, 0.5395 -0.0811 0.2672, 0.5301 -0.111 0.3337, 0.5324 -0.104 0.3173, 0.5314 -0.1005 0.3244, 0.5401 -0.1099 0.2627, 0.5403 -0.108 0.2614, 0.5419 -0.1153 0.25, 0.5404 -0.1059 0.2607, 0.5376 -0.1301 0.2804, 0.54 -0.1286 0.2632, 0.5402 -0.1254 0.2623, 0.5301 -0.1163 0.3342, 0.5365 -0.0491 0.2884, 0.5348 -0.0562 0.3004, 0.5388 -0.081 0.2717, 0.537 -0.0867 0.2846, 0.5392 -0.081 0.2695, 0.542 -0.0932 0.2495, 0.5415 -0.0886 0.2527, 0.5387 -0.0958 0.2726, 0.539 -0.0952 0.2706, 0.5393 -0.0952 0.2684, 0.5396 -0.0957 0.2662, 0.5399 -0.0967 0.2643, 0.5334 -0.0416 0.3107, 0.5334 -0.0398 0.3107, 0.5316 -0.0304 0.3229, 0.5334 -0.0354 0.3102, 0.5317 -0.0293 0.3226, 0.5336 -0.0315 0.3087, 0.5322 -0.0225 0.3192, 0.5329 -0.0164 0.314, 0.5294 -0.1064 0.3391, 0.5306 -0.0954 0.3305, 0.5287 -0.101 0.3437, 0.53 -0.0893 0.3349, 0.5282 -0.0941 0.3478, 0.532 -0.1184 0.3206, 0.532 -0.1161 0.3207, 0.5301 -0.1137 0.3341, 0.5321 -0.1107 0.32, 0.5323 -0.1056 0.3182, 0.5399 -0.1113 0.2643, 0.5396 -0.1123 0.2661, 0.5393 -0.1128 0.2682, 0.5422 -0.11 0.2478, 0.5423 -0.1046 0.2469, 0.5404 -0.104 0.2605, 0.5423 -0.1038 0.2469, 0.5404 -0.1019 0.2607, 0.5422 -0.0983 0.2476, 0.5403 -0.0999 0.2614, 0.5401 -0.0982 0.2626, 0.5388 -0.0163 0.272, 0.5376 -0.0269 0.2809, 0.5395 -0.0225 0.2668, 0.5379 -0.0303 0.2782, 0.54 -0.0295 0.2634, 0.5382 -0.0343 0.2763, 0.5402 -0.037 0.2618, 0.5383 -0.0384 0.2756, 0.5402 -0.0505 0.2618, 0.5383 -0.0487 0.2756, 0.5402 -0.0518 0.262, 0.534 -0.0279 0.3063, 0.5344 -0.0253 0.3033, 0.5338 -0.0117 0.3076, 0.5349 -0.0232 0.2995, 0.5348 -0.0089 0.3007, 0.5356 -0.0221 0.2951, 0.5358 -0.0079 0.2934, 0.5358 -0.022 0.2932, 0.5369 -0.0089 0.2853, 0.5364 -0.0226 0.2888, 0.5379 -0.0118 0.2782, 0.537 -0.0241 0.2848, 0.5375 -0.0266 0.2812, 0.5291 -0.0427 0.3407, 0.5306 -0.0516 0.3304, 0.5305 -0.0346 0.3312, 0.5315 -0.0465 0.3243, 0.5325 -0.043 0.317, 0.5344 -0.1382 0.3036, 0.5349 -0.1531 0.3, 0.5351 -0.1388 0.2981, 0.5352 -0.1532 0.2977, 0.5356 -0.1386 0.2947, 0.5364 -0.1521 0.289, 0.5364 -0.1369 0.2891, 0.5376 -0.1489 0.2806, 0.537 -0.1342 0.2846, 0.5387 -0.1436 0.2731, 0.5395 -0.1368 0.2673, 0.539 -0.1128 0.2703, 0.5387 -0.1123 0.2725, 0.5374 -0.1226 0.2822, 0.5385 -0.1112 0.2744, 0.5368 -0.1189 0.2865, 0.5383 -0.1099 0.2758, 0.5363 -0.1142 0.2897, 0.5381 -0.1081 0.2771, 0.5361 -0.1092 0.2916, 0.538 -0.1061 0.2778, 0.536 -0.1038 0.2923, 0.538 -0.104 0.2781, 0.536 -0.101 0.2921, 0.538 -0.1024 0.2779, 0.5362 -0.0955 0.2907, 0.5381 -0.1002 0.2772, 0.5365 -0.0907 0.2882, 0.5382 -0.0983 0.276, 0.5385 -0.0968 0.2745, 0.5276 -0.0835 0.3514, 0.5295 -0.0819 0.3379, 0.5275 -0.0737 0.3525, 0.5294 -0.0735 0.3389, 0.5276 -0.0643 0.3515, 0.5295 -0.0658 0.338, 0.5282 -0.0529 0.3475, 0.5299 -0.0586 0.3353, 0.5305 -0.0522 0.3309, 0.5307 -0.1335 0.33, 0.5314 -0.1408 0.325, 0.533 -0.133 0.3131, 0.5316 -0.1425 0.3234, 0.5337 -0.1362 0.3086, 0.5325 -0.1479 0.3166, 0.5337 -0.1515 0.3085, 0.5383 -0.0498 0.2758, 0.5399 -0.0553 0.2642, 0.54 -0.0547 0.2636, 0.5383 -0.0491 0.2756, 0.5401 -0.0533 0.2626, 0.5393 -0.0571 0.2688, 0.5395 -0.0569 0.2671, 0.5397 -0.0563 0.2656, 0.5383 -0.0518 0.2756, 0.5384 -0.0533 0.275, 0.5391 -0.057 0.2697, 0.5385 -0.0547 0.274, 0.5387 -0.0557 0.273, 0.5389 -0.0566 0.2714, 0.5383 -0.05 0.2758, 0.5354 -0.0079 0.2933, 0.5344 -0.0089 0.3007, 0.5341 -0.0097 0.3026, 0.5334 -0.0117 0.3076, 0.5325 -0.0164 0.314, 0.5318 -0.0225 0.3192, 0.5313 -0.0293 0.3225, 0.5313 -0.0304 0.3229, 0.5301 -0.0346 0.3312, 0.5288 -0.0427 0.3407, 0.5283 -0.048 0.3442, 0.5278 -0.0529 0.3474, 0.5272 -0.0643 0.3514, 0.5271 -0.0737 0.3524, 0.5273 -0.0835 0.3514, 0.5278 -0.0941 0.3477, 0.5283 -0.1001 0.3442, 0.5283 -0.101 0.3436, 0.529 -0.1064 0.3391, 0.5297 -0.111 0.3337, 0.5297 -0.1137 0.334, 0.5297 -0.1163 0.3341, 0.5298 -0.125 0.3331, 0.5303 -0.1335 0.3299, 0.531 -0.1408 0.3249, 0.5312 -0.1425 0.3233, 0.5348 -0.1532 0.2976, 0.5322 -0.1479 0.3165, 0.5333 -0.1515 0.3084, 0.5341 -0.1526 0.3026, 0.5345 -0.1531 0.2999, 0.536 -0.1521 0.289, 0.5372 -0.1489 0.2806, 0.5383 -0.1436 0.273, 0.5391 -0.1368 0.2672, 0.5396 -0.1286 0.2632, 0.5398 -0.1254 0.2622, 0.5399 -0.1251 0.2616, 0.5405 -0.1231 0.2574, 0.541 -0.1197 0.2532, 0.5415 -0.1153 0.2499, 0.5416 -0.1132 0.249, 0.5418 -0.11 0.2477, 0.5419 -0.1046 0.2469, 0.5419 -0.1038 0.2469, 0.5388 -0.081 0.2694, 0.5418 -0.0983 0.2475, 0.5416 -0.0943 0.249, 0.5416 -0.0932 0.2495, 0.5411 -0.0886 0.2526, 0.5406 -0.0851 0.2565, 0.5399 -0.0824 0.2615, 0.5399 -0.0824 0.2616, 0.5391 -0.0811 0.2671, 0.5385 -0.081 0.2717, 0.5361 -0.0491 0.2884, 0.5344 -0.0562 0.3003, 0.5366 -0.0867 0.2845, 0.5361 -0.0907 0.2881, 0.5358 -0.0955 0.2907, 0.5356 -0.101 0.292, 0.5356 -0.1038 0.2922, 0.5357 -0.1092 0.2915, 0.5359 -0.1142 0.2896, 0.5364 -0.1189 0.2864, 0.537 -0.1226 0.2822, 0.5377 -0.1252 0.2773, 0.5372 -0.1301 0.2803, 0.5366 -0.1342 0.2845, 0.536 -0.1369 0.2891, 0.5352 -0.1386 0.2946, 0.5347 -0.1388 0.2981, 0.5341 -0.1383 0.3026, 0.534 -0.1382 0.3035, 0.5333 -0.1362 0.3085, 0.5326 -0.133 0.313, 0.5322 -0.1291 0.3165, 0.5318 -0.124 0.3192, 0.5316 -0.1184 0.3205, 0.5316 -0.1161 0.3206, 0.5317 -0.1107 0.32, 0.5319 -0.1056 0.3181, 0.532 -0.104 0.3172, 0.531 -0.1005 0.3244, 0.5302 -0.0954 0.3304, 0.5296 -0.0893 0.3348, 0.5292 -0.0819 0.3378, 0.529 -0.0735 0.3389, 0.5291 -0.0658 0.3379, 0.5295 -0.0586 0.3352, 0.5301 -0.0522 0.3308, 0.5302 -0.0516 0.3303, 0.5311 -0.0465 0.3242, 0.5321 -0.043 0.317, 0.533 -0.0416 0.3107, 0.533 -0.0398 0.3107, 0.533 -0.0354 0.3102, 0.5333 -0.0315 0.3087, 0.5336 -0.0279 0.3062, 0.534 -0.0253 0.3033, 0.5341 -0.0249 0.3026, 0.5346 -0.0232 0.2994, 0.5352 -0.0221 0.2951, 0.5354 -0.022 0.2931, 0.5361 -0.0226 0.2887, 0.5366 -0.0241 0.2847, 0.5371 -0.0266 0.2812, 0.5372 -0.0269 0.2809, 0.5375 -0.0303 0.2781, 0.5378 -0.0343 0.2763, 0.5379 -0.0384 0.2755, 0.5379 -0.0487 0.2755, 0.5379 -0.0491 0.2756, 0.5379 -0.0498 0.2757, 0.5379 -0.05 0.2757, 0.5379 -0.0518 0.2755, 0.538 -0.0533 0.2749, 0.5381 -0.0547 0.2739, 0.5383 -0.0557 0.2729, 0.5385 -0.0566 0.2714, 0.5387 -0.057 0.2696, 0.5389 -0.0571 0.2688, 0.5391 -0.0569 0.2671, 0.5393 -0.0563 0.2655, 0.5395 -0.0553 0.2641, 0.5396 -0.0547 0.2636, 0.5397 -0.0533 0.2626, 0.5398 -0.0518 0.262, 0.5398 -0.0505 0.2618, 0.5398 -0.037 0.2618, 0.5396 -0.0295 0.2633, 0.5391 -0.0225 0.2667, 0.5384 -0.0163 0.2719, 0.5375 -0.0118 0.2781, 0.5365 -0.0089 0.2853, 0.5376 -0.104 0.278, 0.5376 -0.1024 0.2778, 0.5377 -0.1002 0.2772, 0.5378 -0.0983 0.276, 0.5381 -0.0968 0.2744, 0.5383 -0.0958 0.2726, 0.5386 -0.0952 0.2705, 0.5389 -0.0952 0.2683, 0.5392 -0.0957 0.2662, 0.5395 -0.0967 0.2642, 0.5397 -0.0982 0.2626, 0.5399 -0.0999 0.2614, 0.54 -0.1019 0.2607, 0.54 -0.104 0.2604, 0.54 -0.1059 0.2606, 0.5399 -0.108 0.2614, 0.5397 -0.1099 0.2626, 0.5395 -0.1113 0.2642, 0.5392 -0.1123 0.2661, 0.5389 -0.1128 0.2682, 0.5387 -0.1128 0.2702, 0.5383 -0.1123 0.2724, 0.5381 -0.1112 0.2743, 0.5379 -0.1099 0.2758, 0.5377 -0.1081 0.277, 0.5376 -0.1061 0.2778
            ]
        }
        coordIndex [
            0,1,2,-1,3,4,5,-1,6,7,8,-1,9,10,11,-1,12,1,13,-1,13,1,14,-1,13,14,15,-1,16,17,2,-1,2,17,18,-1,2,18,0,-1,5,4,19,-1,20,21,22,-1,22,21,23,-1,22,23,24,-1,24,23,25,-1,24,25,8,-1,8,25,26,-1,8,26,6,-1,27,28,23,-1,23,28,29,-1,23,29,25,-1,25,29,30,-1,25,30,31,-1,32,33,34,-1,34,33,35,-1,34,35,36,-1,36,35,37,-1,36,37,38,-1,38,37,39,-1,9,11,40,-1,40,11,41,-1,40,41,42,-1,42,41,43,-1,42,43,44,-1,4,45,19,-1,19,45,46,-1,19,46,47,-1,47,46,48,-1,47,48,9,-1,9,48,49,-1,9,49,10,-1,12,50,1,-1,1,50,51,-1,1,51,2,-1,2,51,52,-1,14,53,15,-1,15,53,54,-1,15,54,55,-1,55,54,56,-1,55,56,57,-1,57,56,58,-1,57,58,59,-1,59,58,25,-1,59,25,60,-1,60,25,31,-1,61,62,63,-1,63,62,64,-1,63,64,65,-1,65,64,66,-1,65,66,67,-1,67,66,68,-1,67,68,69,-1,69,68,70,-1,69,70,71,-1,37,72,39,-1,39,72,73,-1,39,73,74,-1,74,73,75,-1,74,75,76,-1,76,75,77,-1,76,77,78,-1,78,77,79,-1,78,79,80,-1,80,79,81,-1,80,81,82,-1,82,81,83,-1,82,83,61,-1,61,83,84,-1,61,84,62,-1,85,86,87,-1,87,86,88,-1,87,88,34,-1,34,88,89,-1,34,89,32,-1,90,91,92,-1,92,91,93,-1,92,93,94,-1,94,93,95,-1,94,95,96,-1,96,95,97,-1,96,97,98,-1,98,97,99,-1,98,99,16,-1,16,99,100,-1,16,100,17,-1,52,101,2,-1,2,101,102,-1,2,102,103,-1,103,102,104,-1,103,104,105,-1,105,104,106,-1,105,106,107,-1,107,106,108,-1,107,108,109,-1,109,108,110,-1,109,110,111,-1,111,110,112,-1,111,112,113,-1,113,112,114,-1,113,114,115,-1,115,114,116,-1,115,116,117,-1,117,116,118,-1,117,118,23,-1,23,118,119,-1,23,119,27,-1,44,43,120,-1,120,43,121,-1,120,121,122,-1,122,121,123,-1,122,123,124,-1,124,123,125,-1,124,125,126,-1,126,125,127,-1,126,127,85,-1,85,127,128,-1,85,128,86,-1,5,129,3,-1,3,129,130,-1,3,130,131,-1,131,130,132,-1,131,132,133,-1,133,132,134,-1,133,134,90,-1,90,134,135,-1,90,135,91,-1,136,137,138,-1,70,139,71,-1,71,139,136,-1,71,136,140,-1,140,136,138,-1,141,142,136,-1,136,142,143,-1,136,143,137,-1,144,145,146,-1,145,147,146,-1,146,147,148,-1,146,148,149,-1,141,136,146,-1,146,136,150,-1,146,150,144,-1,78,151,152,-1,78,152,76,-1,76,152,153,-1,76,153,74,-1,153,154,74,-1,74,154,155,-1,74,155,39,-1,39,155,156,-1,39,156,38,-1,38,156,157,-1,38,157,36,-1,36,157,158,-1,36,158,34,-1,34,158,159,-1,34,159,87,-1,87,159,160,-1,87,160,85,-1,126,85,161,-1,161,85,160,-1,161,162,126,-1,126,162,163,-1,126,163,124,-1,124,163,164,-1,124,164,122,-1,122,164,165,-1,122,165,120,-1,120,165,166,-1,120,166,44,-1,44,166,42,-1,42,166,167,-1,42,167,168,-1,42,168,169,-1,42,169,40,-1,40,169,170,-1,40,170,9,-1,9,170,171,-1,9,171,47,-1,47,171,172,-1,47,172,19,-1,19,172,173,-1,19,173,5,-1,5,173,174,-1,5,174,129,-1,129,174,175,-1,129,175,130,-1,130,175,176,-1,130,176,132,-1,177,93,91,-1,132,176,178,-1,132,178,134,-1,134,178,179,-1,134,179,135,-1,135,179,180,-1,135,180,91,-1,91,180,181,-1,91,181,177,-1,93,177,182,-1,93,182,95,-1,95,182,183,-1,95,183,97,-1,97,183,184,-1,97,184,99,-1,99,184,185,-1,99,185,100,-1,100,185,186,-1,100,186,17,-1,17,186,187,-1,17,187,18,-1,18,187,188,-1,18,188,0,-1,188,189,0,-1,0,189,190,-1,0,190,1,-1,1,190,191,-1,1,191,14,-1,14,191,192,-1,14,192,53,-1,192,193,53,-1,53,193,194,-1,53,194,54,-1,54,194,195,-1,54,195,56,-1,196,24,8,-1,56,195,197,-1,56,197,58,-1,58,197,198,-1,58,198,25,-1,198,199,25,-1,25,199,200,-1,25,200,26,-1,26,200,201,-1,26,201,6,-1,6,201,202,-1,6,202,7,-1,7,202,203,-1,7,203,8,-1,8,203,204,-1,8,204,196,-1,22,24,205,-1,205,24,196,-1,20,22,206,-1,206,22,205,-1,21,20,207,-1,207,20,206,-1,23,21,208,-1,208,21,207,-1,23,208,209,-1,23,209,117,-1,117,209,210,-1,117,210,115,-1,115,210,211,-1,115,211,113,-1,113,211,212,-1,113,212,111,-1,111,212,213,-1,111,213,109,-1,109,213,214,-1,109,214,107,-1,107,214,215,-1,107,215,105,-1,105,215,216,-1,105,216,103,-1,103,216,217,-1,103,217,2,-1,2,217,218,-1,2,218,16,-1,16,218,219,-1,16,219,98,-1,98,219,220,-1,98,220,96,-1,96,220,221,-1,96,221,94,-1,94,221,222,-1,94,222,92,-1,92,222,90,-1,90,222,223,-1,223,224,90,-1,90,224,225,-1,90,225,133,-1,133,225,226,-1,133,226,131,-1,131,226,227,-1,131,227,3,-1,3,227,228,-1,3,228,4,-1,4,228,229,-1,4,229,45,-1,45,229,230,-1,45,230,46,-1,46,230,231,-1,46,231,48,-1,48,231,232,-1,48,232,49,-1,49,232,233,-1,49,233,10,-1,10,233,234,-1,10,234,11,-1,11,234,235,-1,11,235,41,-1,41,235,236,-1,41,236,43,-1,43,236,237,-1,43,237,121,-1,121,237,238,-1,121,238,123,-1,123,238,239,-1,123,239,125,-1,125,239,240,-1,125,240,127,-1,127,240,241,-1,127,241,128,-1,128,241,242,-1,128,242,86,-1,86,242,243,-1,86,243,88,-1,88,243,244,-1,88,244,89,-1,89,244,245,-1,89,245,32,-1,33,32,246,-1,246,32,245,-1,33,246,247,-1,33,247,35,-1,35,247,248,-1,35,248,37,-1,37,248,249,-1,37,249,72,-1,72,249,250,-1,72,250,73,-1,73,250,251,-1,73,251,75,-1,251,252,75,-1,75,252,253,-1,75,253,77,-1,77,253,254,-1,77,254,79,-1,79,254,255,-1,79,255,81,-1,81,255,256,-1,81,256,83,-1,83,256,257,-1,83,257,84,-1,84,257,258,-1,84,258,62,-1,62,258,259,-1,62,259,64,-1,64,259,260,-1,64,260,66,-1,66,260,261,-1,66,261,68,-1,70,68,262,-1,262,68,261,-1,70,262,263,-1,70,263,139,-1,139,263,264,-1,139,264,136,-1,136,264,265,-1,136,265,150,-1,150,265,266,-1,150,266,144,-1,144,266,267,-1,144,267,145,-1,145,267,268,-1,145,268,147,-1,147,268,269,-1,147,269,148,-1,148,269,270,-1,148,270,149,-1,149,270,271,-1,149,271,146,-1,146,271,272,-1,146,272,141,-1,141,272,273,-1,141,273,142,-1,142,273,274,-1,142,274,143,-1,143,274,275,-1,143,275,137,-1,137,275,276,-1,137,276,138,-1,138,276,277,-1,138,277,140,-1,140,277,278,-1,140,278,71,-1,71,278,279,-1,71,279,69,-1,67,69,280,-1,280,69,279,-1,67,280,281,-1,67,281,65,-1,65,281,282,-1,65,282,63,-1,63,282,283,-1,63,283,61,-1,61,283,284,-1,61,284,82,-1,82,284,285,-1,82,285,80,-1,80,285,151,-1,80,151,78,-1,112,286,287,-1,112,287,114,-1,114,287,288,-1,114,288,116,-1,116,288,289,-1,116,289,118,-1,118,289,290,-1,118,290,119,-1,119,290,291,-1,119,291,27,-1,27,291,292,-1,27,292,28,-1,28,292,293,-1,28,293,29,-1,29,293,294,-1,29,294,30,-1,30,294,295,-1,30,295,31,-1,31,295,296,-1,31,296,60,-1,60,296,297,-1,60,297,59,-1,59,297,298,-1,59,298,57,-1,57,298,299,-1,57,299,55,-1,55,299,300,-1,55,300,15,-1,15,300,301,-1,15,301,13,-1,13,301,302,-1,13,302,12,-1,12,302,303,-1,12,303,50,-1,50,303,304,-1,50,304,51,-1,51,304,305,-1,51,305,52,-1,52,305,306,-1,52,306,101,-1,101,306,307,-1,101,307,102,-1,102,307,308,-1,102,308,104,-1,104,308,309,-1,104,309,106,-1,106,309,310,-1,106,310,108,-1,108,310,311,-1,108,311,110,-1,110,311,286,-1,110,286,112,-1,
        ]
    }
}
Shape{
    appearance Appearance {
        material  Material 	{
            diffuseColor 1.0 1.0 1.0
            specularColor 0.5019607843137255 0.5019607843137255 0.5019607843137255
            ambientIntensity 1.0
            transparency 0.0
            shininess 0.5
        }
    }
    geometry IndexedFaceSet {
        ccw TRUE
        solid FALSE
        coord DEF co Coordinate {
            point [
                0.54 -0.1019 0.2607, 0.5376 -0.1024 0.2778, 0.54 -0.104 0.2604, 0.5376 -0.104 0.278, 0.5376 -0.1061 0.2778, 0.5397 -0.0982 0.2626, 0.5381 -0.0968 0.2744, 0.5378 -0.0983 0.276, 0.5377 -0.1081 0.277, 0.5379 -0.1099 0.2758, 0.54 -0.1059 0.2606, 0.5381 -0.1112 0.2743, 0.5383 -0.1123 0.2724, 0.5387 -0.1128 0.2702, 0.5389 -0.1128 0.2682, 0.5392 -0.1123 0.2661, 0.5395 -0.1113 0.2642, 0.5397 -0.1099 0.2626, 0.5399 -0.108 0.2614, 0.5399 -0.0999 0.2614, 0.5377 -0.1002 0.2772, 0.5392 -0.0957 0.2662, 0.5389 -0.0952 0.2683, 0.5395 -0.0967 0.2642, 0.5386 -0.0952 0.2705, 0.5383 -0.0958 0.2726
            ]
        }
        coordIndex [
            0,1,2,-1,2,1,3,-1,2,3,4,-1,5,6,7,-1,4,8,2,-1,2,8,9,-1,2,9,10,-1,10,9,11,-1,10,11,12,-1,12,13,10,-1,10,13,14,-1,10,14,15,-1,15,16,10,-1,10,16,17,-1,10,17,18,-1,0,19,1,-1,1,19,5,-1,1,5,20,-1,20,5,7,-1,21,22,23,-1,23,22,24,-1,23,24,5,-1,5,24,25,-1,5,25,6,-1,
        ]
    }
}