#VRML V2.0 utf8
# 3D model generated by easyeda2kicad.py (https://github.com/uPesy/easyeda2kicad.py)

Shape{
    appearance Appearance {
        material  Material 	{
            diffuseColor 0.17647058823529413 0.17647058823529413 0.17647058823529413
            specularColor 0.050980392156862744 0.050980392156862744 0.050980392156862744
            ambientIntensity 0.251
            transparency 0.0
            shininess 0.5
        }
    }
    geometry IndexedFaceSet {
        ccw TRUE
        solid FALSE
        coord DEF co Coordinate {
            point [
                -20.0 -0.2244 0.1969, -20.0 -0.1516 0.1969, -18.0 -0.1516 0.1969, -18.9331 -0.0787 0.1969, -19.0669 -0.0787 0.1969, -18.9331 0.0787 0.1969, -19.0669 0.0787 0.1969, -18.0669 0.0787 0.1969, -18.0 0.2244 0.1969, -18.0669 -0.0787 0.1969, -20.0 0.2244 0.1969, -19.9331 0.0787 0.1969, -19.9331 -0.0787 0.1969, -17.9331 0.0787 0.1969, -17.0669 0.0787 0.1969, -17.0 0.2244 0.1969, -17.0669 -0.0787 0.1969, -17.0 -0.1516 0.1969, -17.9331 -0.0787 0.1969, -16.9331 0.0787 0.1969, -16.0669 0.0787 0.1969, -16.0 0.2244 0.1969, -16.0669 -0.0787 0.1969, -16.0 -0.1516 0.1969, -16.9331 -0.0787 0.1969, -15.9331 0.0787 0.1969, -15.0669 0.0787 0.1969, -15.0 0.2244 0.1969, -15.0669 -0.0787 0.1969, -15.0 -0.1516 0.1969, -15.9331 -0.0787 0.1969, -13.9331 -0.0787 0.1969, -14.0669 -0.0787 0.1969, -13.9331 0.0787 0.1969, -14.0669 0.0787 0.1969, -13.0669 0.0787 0.1969, -13.0 0.2244 0.1969, -13.0669 -0.0787 0.1969, -13.0 -0.1516 0.1969, -14.9331 0.0787 0.1969, -14.9331 -0.0787 0.1969, -12.9331 0.0787 0.1969, -12.0669 0.0787 0.1969, -12.0 0.2244 0.1969, -12.0669 -0.0787 0.1969, -12.0 -0.1516 0.1969, -12.9331 -0.0787 0.1969, -11.9331 0.0787 0.1969, -11.0669 0.0787 0.1969, -11.0 0.2244 0.1969, -11.0669 -0.0787 0.1969, -11.0 -0.1516 0.1969, -11.9331 -0.0787 0.1969, -10.9331 0.0787 0.1969, -10.0669 0.0787 0.1969, -10.0 0.2244 0.1969, -10.0669 -0.0787 0.1969, -10.0 -0.1516 0.1969, -10.9331 -0.0787 0.1969, -8.9331 -0.0787 0.1969, -9.0669 -0.0787 0.1969, -8.9331 0.0787 0.1969, -9.0669 0.0787 0.1969, -8.0669 0.0787 0.1969, -8.0 0.2244 0.1969, -8.0669 -0.0787 0.1969, -8.0 -0.1516 0.1969, -9.9331 0.0787 0.1969, -9.9331 -0.0787 0.1969, -7.9331 0.0787 0.1969, -7.0669 0.0787 0.1969, -7.0 0.2244 0.1969, -7.0669 -0.0787 0.1969, -7.0 -0.1516 0.1969, -7.9331 -0.0787 0.1969, -6.9331 0.0787 0.1969, -6.0669 0.0787 0.1969, -6.0 0.2244 0.1969, -6.0669 -0.0787 0.1969, -6.0 -0.1516 0.1969, -6.9331 -0.0787 0.1969, -5.9331 0.0787 0.1969, -5.0669 0.0787 0.1969, -5.0 0.2244 0.1969, -5.0669 -0.0787 0.1969, -5.0 -0.1516 0.1969, -5.9331 -0.0787 0.1969, -3.9331 -0.0787 0.1969, -4.0669 -0.0787 0.1969, -3.9331 0.0787 0.1969, -4.0669 0.0787 0.1969, -3.0669 0.0787 0.1969, -3.0 0.2244 0.1969, -3.0669 -0.0787 0.1969, -3.0 -0.1516 0.1969, -4.9331 0.0787 0.1969, -4.9331 -0.0787 0.1969, -2.9331 0.0787 0.1969, -2.0669 0.0787 0.1969, -2.0 0.2244 0.1969, -2.0669 -0.0787 0.1969, -2.0 -0.1516 0.1969, -2.9331 -0.0787 0.1969, -1.9331 0.0787 0.1969, -1.0669 0.0787 0.1969, -1.0 0.2244 0.1969, -1.0669 -0.0787 0.1969, -1.0 -0.1516 0.1969, -1.9331 -0.0787 0.1969, -0.9331 0.0787 0.1969, -0.0669 0.0787 0.1969, 0.0 0.2244 0.1969, -0.0669 -0.0787 0.1969, 0.0 -0.1516 0.1969, -0.9331 -0.0787 0.1969, 1.0669 -0.0787 0.1969, 0.9331 -0.0787 0.1969, 1.0669 0.0787 0.1969, 0.9331 0.0787 0.1969, 1.9331 0.0787 0.1969, 2.0 0.2244 0.1969, 1.9331 -0.0787 0.1969, 2.0 -0.1516 0.1969, 0.0669 0.0787 0.1969, 0.0669 -0.0787 0.1969, 2.0669 0.0787 0.1969, 2.9331 0.0787 0.1969, 3.0 0.2244 0.1969, 2.9331 -0.0787 0.1969, 3.0 -0.1516 0.1969, 2.0669 -0.0787 0.1969, 3.0669 0.0787 0.1969, 3.9331 0.0787 0.1969, 4.0 0.2244 0.1969, 3.9331 -0.0787 0.1969, 4.0 -0.1516 0.1969, 3.0669 -0.0787 0.1969, 4.0669 0.0787 0.1969, 4.9331 0.0787 0.1969, 5.0 0.2244 0.1969, 4.9331 -0.0787 0.1969, 5.0 -0.1516 0.1969, 4.0669 -0.0787 0.1969, 6.0669 -0.0787 0.1969, 5.9331 -0.0787 0.1969, 6.0669 0.0787 0.1969, 5.9331 0.0787 0.1969, 6.9331 0.0787 0.1969, 7.0 0.2244 0.1969, 6.9331 -0.0787 0.1969, 7.0 -0.1516 0.1969, 5.0669 0.0787 0.1969, 5.0669 -0.0787 0.1969, 7.0669 0.0787 0.1969, 7.9331 0.0787 0.1969, 8.0 0.2244 0.1969, 7.9331 -0.0787 0.1969, 8.0 -0.1516 0.1969, 7.0669 -0.0787 0.1969, 8.0669 0.0787 0.1969, 8.9331 0.0787 0.1969, 9.0 0.2244 0.1969, 8.9331 -0.0787 0.1969, 9.0 -0.1516 0.1969, 8.0669 -0.0787 0.1969, 9.0669 0.0787 0.1969, 9.9331 0.0787 0.1969, 10.0 0.2244 0.1969, 9.9331 -0.0787 0.1969, 10.0 -0.1516 0.1969, 9.0669 -0.0787 0.1969, 11.0669 -0.0787 0.1969, 10.9331 -0.0787 0.1969, 11.0669 0.0787 0.1969, 10.9331 0.0787 0.1969, 11.9331 0.0787 0.1969, 12.0 0.2244 0.1969, 11.9331 -0.0787 0.1969, 12.0 -0.1516 0.1969, 10.0669 0.0787 0.1969, 10.0669 -0.0787 0.1969, 12.0669 0.0787 0.1969, 12.9331 0.0787 0.1969, 13.0 0.2244 0.1969, 12.9331 -0.0787 0.1969, 13.0 -0.1516 0.1969, 12.0669 -0.0787 0.1969, 13.0669 0.0787 0.1969, 13.9331 0.0787 0.1969, 14.0 0.2244 0.1969, 13.9331 -0.0787 0.1969, 14.0 -0.1516 0.1969, 13.0669 -0.0787 0.1969, 14.0669 0.0787 0.1969, 14.9331 0.0787 0.1969, 15.0 0.2244 0.1969, 14.9331 -0.0787 0.1969, 15.0 -0.1516 0.1969, 14.0669 -0.0787 0.1969, 16.0669 -0.0787 0.1969, 15.9331 -0.0787 0.1969, 16.0669 0.0787 0.1969, 15.9331 0.0787 0.1969, 16.9331 0.0787 0.1969, 17.0 0.2244 0.1969, 16.9331 -0.0787 0.1969, 17.0 -0.1516 0.1969, 15.0669 0.0787 0.1969, 15.0669 -0.0787 0.1969, 17.0669 0.0787 0.1969, 17.9331 0.0787 0.1969, 18.0 0.2244 0.1969, 17.9331 -0.0787 0.1969, 18.0 -0.1516 0.1969, 17.0669 -0.0787 0.1969, 18.0669 0.0787 0.1969, 18.9331 0.0787 0.1969, 19.0 0.2244 0.1969, 18.9331 -0.0787 0.1969, 19.0 -0.1516 0.1969, 18.0669 -0.0787 0.1969, 19.9665 -0.1516 0.1969, 19.9331 -0.0787 0.1969, 19.9331 0.0787 0.1969, 19.0669 -0.0787 0.1969, 19.0669 0.0787 0.1969, 19.9665 0.2244 0.1969, 20.0 0.2244 0.1969, 20.0 -0.1516 0.1969, -18.0 -0.2244 0.1969, -17.0 -0.2244 0.1969, -16.0 -0.2244 0.1969, -15.0 -0.2244 0.1969, -13.0 -0.2244 0.1969, -12.0 -0.2244 0.1969, -11.0 -0.2244 0.1969, -10.0 -0.2244 0.1969, -8.0 -0.2244 0.1969, -7.0 -0.2244 0.1969, -6.0 -0.2244 0.1969, -5.0 -0.2244 0.1969, -3.0 -0.2244 0.1969, -2.0 -0.2244 0.1969, -1.0 -0.2244 0.1969, 0.0 -0.2244 0.1969, 2.0 -0.2244 0.1969, 3.0 -0.2244 0.1969, 4.0 -0.2244 0.1969, 5.0 -0.2244 0.1969, 7.0 -0.2244 0.1969, 8.0 -0.2244 0.1969, 9.0 -0.2244 0.1969, 10.0 -0.2244 0.1969, 12.0 -0.2244 0.1969, 13.0 -0.2244 0.1969, 14.0 -0.2244 0.1969, 15.0 -0.2244 0.1969, 17.0 -0.2244 0.1969, 18.0 -0.2244 0.1969, 19.0 -0.2244 0.1969, 19.9665 -0.2244 0.1969, 20.0 -0.2244 0.1969, 19.9409 0.5 3.3346, 19.9409 0.5 0.0118, 19.0591 0.5 3.3346, 19.0591 0.5 0.0118, 19.0 0.4409 3.3346, 19.0 0.4409 0.0118, 19.0 -0.4409 3.3346, 19.0 -0.4409 0.0118, 19.0591 -0.5 3.3346, 19.0591 -0.5 0.0118, 19.9409 -0.5 3.3346, 19.9409 -0.5 0.0118, 20.0 -0.4409 3.3346, 20.0 -0.4409 0.0118, 20.0 -0.2244 0.0118, 20.0 0.2244 0.0118, 20.0 0.4409 0.0118, 20.0 0.4409 3.3346, 19.9331 -0.1969 2.3622, 19.9331 0.1969 2.3622, 19.9331 -0.0787 1.1811, 19.9331 0.0787 1.1811, 19.0669 0.0787 1.1811, 19.0669 0.1969 2.3622, 19.0669 -0.1969 2.3622, 19.0669 -0.0787 1.1811, 19.3031 0.1969 2.3622, 19.6969 0.1969 2.3622, 19.6969 -0.1969 2.3622, 19.3031 -0.1969 2.3622, 19.8998 -0.3998 3.3465, 19.1002 -0.3998 3.3465, 19.0639 -0.4882 3.3465, 19.9882 0.4361 3.3465, 19.8998 0.3998 3.3465, 19.9882 -0.4361 3.3465, 19.9361 -0.4882 3.3465, 19.9361 0.4882 3.3465, 19.0639 0.4882 3.3465, 19.1002 0.3998 3.3465, 19.0118 0.4361 3.3465, 19.0118 -0.4361 3.3465, 19.6969 0.1969 3.0671, 19.6969 -0.1969 3.0671, 19.3031 0.1969 3.0671, 19.3031 -0.1969 3.0671, -20.0 0.2244 0.0118, -5.0 0.4409 0.0118, -4.9409 0.5 0.0118, -4.0591 0.5 0.0118, -3.9409 0.5 0.0118, -3.0591 0.5 0.0118, -4.0 0.4409 0.0118, -3.0 0.4409 0.0118, -2.9409 0.5 0.0118, -2.0591 0.5 0.0118, -2.0 0.4409 0.0118, -1.9409 0.5 0.0118, -1.0591 0.5 0.0118, -19.9409 0.5 0.0118, -19.0591 0.5 0.0118, -20.0 0.4409 0.0118, -19.0 0.4409 0.0118, -17.0 0.4409 0.0118, -16.9409 0.5 0.0118, -16.0591 0.5 0.0118, -17.9409 0.5 0.0118, -17.0591 0.5 0.0118, -18.0 0.4409 0.0118, 0.0591 0.5 0.0118, 0.9409 0.5 0.0118, 0.0 0.4409 0.0118, 1.0 0.4409 0.0118, 1.0591 0.5 0.0118, 1.9409 0.5 0.0118, -18.9409 0.5 0.0118, -18.0591 0.5 0.0118, -16.0 0.4409 0.0118, -1.0 0.4409 0.0118, -14.0 0.4409 0.0118, -13.9409 0.5 0.0118, -13.0591 0.5 0.0118, -14.9409 0.5 0.0118, -14.0591 0.5 0.0118, -15.0 0.4409 0.0118, 3.0591 0.5 0.0118, 3.9409 0.5 0.0118, 3.0 0.4409 0.0118, 4.0 0.4409 0.0118, 4.0591 0.5 0.0118, 4.9409 0.5 0.0118, -15.9409 0.5 0.0118, -15.0591 0.5 0.0118, -13.0 0.4409 0.0118, -11.0 0.4409 0.0118, -10.9409 0.5 0.0118, -10.0591 0.5 0.0118, -11.9409 0.5 0.0118, -11.0591 0.5 0.0118, -12.0 0.4409 0.0118, 7.0 0.4409 0.0118, 7.0591 0.5 0.0118, 7.9409 0.5 0.0118, 6.0591 0.5 0.0118, 6.9409 0.5 0.0118, 6.0 0.4409 0.0118, -8.0 0.4409 0.0118, -7.9409 0.5 0.0118, -7.0591 0.5 0.0118, -10.0 0.4409 0.0118, -12.0591 0.5 0.0118, -12.9409 0.5 0.0118, -8.9409 0.5 0.0118, -8.0591 0.5 0.0118, -9.0 0.4409 0.0118, 2.0 0.4409 0.0118, -0.0591 0.5 0.0118, -0.9409 0.5 0.0118, 9.0591 0.5 0.0118, 9.9409 0.5 0.0118, 9.0 0.4409 0.0118, 10.0 0.4409 0.0118, -7.0 0.4409 0.0118, -9.0591 0.5 0.0118, -9.9409 0.5 0.0118, -5.9409 0.5 0.0118, -5.0591 0.5 0.0118, -6.0 0.4409 0.0118, 10.0591 0.5 0.0118, 10.9409 0.5 0.0118, 18.0591 0.5 0.0118, 18.9409 0.5 0.0118, 18.0 0.4409 0.0118, -6.0591 0.5 0.0118, -6.9409 0.5 0.0118, 5.0 0.4409 0.0118, 2.9409 0.5 0.0118, 2.0591 0.5 0.0118, 15.0591 0.5 0.0118, 15.9409 0.5 0.0118, 15.0 0.4409 0.0118, 16.0 0.4409 0.0118, 16.0591 0.5 0.0118, 16.9409 0.5 0.0118, 8.0 0.4409 0.0118, 5.9409 0.5 0.0118, 5.0591 0.5 0.0118, 13.0 0.4409 0.0118, 13.0591 0.5 0.0118, 13.9409 0.5 0.0118, 14.0591 0.5 0.0118, 14.9409 0.5 0.0118, 14.0 0.4409 0.0118, 17.0 0.4409 0.0118, 17.0591 0.5 0.0118, 17.9409 0.5 0.0118, 12.0591 0.5 0.0118, 12.9409 0.5 0.0118, 12.0 0.4409 0.0118, 8.0591 0.5 0.0118, 8.9409 0.5 0.0118, 11.0 0.4409 0.0118, 11.9409 0.5 0.0118, 11.0591 0.5 0.0118, -20.0 -0.2244 0.0118, 8.0 -0.4409 0.0118, 7.9409 -0.5 0.0118, 7.0591 -0.5 0.0118, -4.0 -0.4409 0.0118, -4.0591 -0.5 0.0118, -4.9409 -0.5 0.0118, 18.0 -0.4409 0.0118, 17.9409 -0.5 0.0118, 17.0591 -0.5 0.0118, 15.0 -0.4409 0.0118, 14.9409 -0.5 0.0118, 14.0591 -0.5 0.0118, 5.9409 -0.5 0.0118, 5.0591 -0.5 0.0118, 6.0 -0.4409 0.0118, 5.0 -0.4409 0.0118, -6.0591 -0.5 0.0118, -6.9409 -0.5 0.0118, -6.0 -0.4409 0.0118, -7.0 -0.4409 0.0118, -7.0591 -0.5 0.0118, -7.9409 -0.5 0.0118, 3.9409 -0.5 0.0118, 3.0591 -0.5 0.0118, 4.0 -0.4409 0.0118, 3.0 -0.4409 0.0118, 2.9409 -0.5 0.0118, 2.0591 -0.5 0.0118, 18.9409 -0.5 0.0118, 18.0591 -0.5 0.0118, 17.0 -0.4409 0.0118, 13.9409 -0.5 0.0118, 13.0591 -0.5 0.0118, 14.0 -0.4409 0.0118, 13.0 -0.4409 0.0118, -9.0591 -0.5 0.0118, -9.9409 -0.5 0.0118, -9.0 -0.4409 0.0118, -10.0 -0.4409 0.0118, -10.0591 -0.5 0.0118, -10.9409 -0.5 0.0118, 15.9409 -0.5 0.0118, 15.0591 -0.5 0.0118, 16.0 -0.4409 0.0118, 16.9409 -0.5 0.0118, 16.0591 -0.5 0.0118, 11.0 -0.4409 0.0118, 10.9409 -0.5 0.0118, 10.0591 -0.5 0.0118, 11.9409 -0.5 0.0118, 11.0591 -0.5 0.0118, 12.0 -0.4409 0.0118, 6.9409 -0.5 0.0118, 6.0591 -0.5 0.0118, 7.0 -0.4409 0.0118, 0.9409 -0.5 0.0118, 0.0591 -0.5 0.0118, 1.0 -0.4409 0.0118, 0.0 -0.4409 0.0118, -0.0591 -0.5 0.0118, -0.9409 -0.5 0.0118, -1.0 -0.4409 0.0118, -1.0591 -0.5 0.0118, -1.9409 -0.5 0.0118, -12.0591 -0.5 0.0118, -12.9409 -0.5 0.0118, -12.0 -0.4409 0.0118, -13.0 -0.4409 0.0118, 10.0 -0.4409 0.0118, 12.0591 -0.5 0.0118, 12.9409 -0.5 0.0118, 8.9409 -0.5 0.0118, 8.0591 -0.5 0.0118, 9.0 -0.4409 0.0118, -8.0 -0.4409 0.0118, -5.0 -0.4409 0.0118, -5.9409 -0.5 0.0118, -5.0591 -0.5 0.0118, -13.0591 -0.5 0.0118, -13.9409 -0.5 0.0118, 9.0591 -0.5 0.0118, 9.9409 -0.5 0.0118, -11.0 -0.4409 0.0118, -8.9409 -0.5 0.0118, -8.0591 -0.5 0.0118, 2.0 -0.4409 0.0118, 4.0591 -0.5 0.0118, 4.9409 -0.5 0.0118, -3.0591 -0.5 0.0118, -3.9409 -0.5 0.0118, -3.0 -0.4409 0.0118, -11.0591 -0.5 0.0118, -11.9409 -0.5 0.0118, -14.0 -0.4409 0.0118, -15.0591 -0.5 0.0118, -15.9409 -0.5 0.0118, -15.0 -0.4409 0.0118, -16.0 -0.4409 0.0118, -16.0591 -0.5 0.0118, -16.9409 -0.5 0.0118, -2.0 -0.4409 0.0118, 1.0591 -0.5 0.0118, 1.9409 -0.5 0.0118, -14.0591 -0.5 0.0118, -14.9409 -0.5 0.0118, -17.0 -0.4409 0.0118, -2.9409 -0.5 0.0118, -2.0591 -0.5 0.0118, -19.0 -0.4409 0.0118, -19.0591 -0.5 0.0118, -19.9409 -0.5 0.0118, -18.0591 -0.5 0.0118, -18.9409 -0.5 0.0118, -18.0 -0.4409 0.0118, -17.0591 -0.5 0.0118, -17.9409 -0.5 0.0118, -20.0 -0.4409 0.0118, 19.1098 -0.3902 3.3415, 19.3009 -0.1991 3.0739, 19.1098 0.3902 3.3415, 19.3009 0.1991 3.0739, 19.8902 -0.3902 3.3415, 19.6991 -0.1991 3.0739, 19.8902 0.3902 3.3415, 19.6991 0.1991 3.0739, 19.0088 0.4373 3.3461, 19.0088 -0.4373 3.3461, 19.0059 0.4385 3.3449, 19.0059 -0.4385 3.3449, 19.0035 0.4395 3.343, 19.0035 -0.4395 3.343, 19.0024 -0.4399 3.3418, 19.0024 0.4399 3.3418, 19.0016 -0.4403 3.3406, 19.0016 0.4403 3.3406, 19.0009 -0.4406 3.3392, 19.0009 0.4406 3.3392, 19.0004 -0.4408 3.3377, 19.0004 0.4408 3.3377, 19.0001 0.4409 3.3362, 19.0001 -0.4409 3.3362, 19.0597 -0.4984 3.3406, 19.0601 -0.4976 3.3418, 19.0605 -0.4965 3.343, 19.0615 -0.4941 3.3449, 19.0627 -0.4912 3.3461, 19.0594 -0.4991 3.3392, 19.0592 -0.4996 3.3377, 19.0591 -0.4999 3.3362, 19.0591 0.4999 3.3362, 19.0592 0.4996 3.3377, 19.0594 0.4991 3.3392, 19.0597 0.4984 3.3406, 19.0601 0.4976 3.3418, 19.0605 0.4965 3.343, 19.0615 0.4941 3.3449, 19.0627 0.4912 3.3461, 19.9409 -0.4999 3.3362, 19.9408 -0.4996 3.3377, 19.9406 -0.4991 3.3392, 19.9403 -0.4984 3.3406, 19.9399 -0.4976 3.3418, 19.9395 -0.4965 3.343, 19.9385 -0.4941 3.3449, 19.9373 -0.4912 3.3461, 19.9409 0.4999 3.3362, 19.9408 0.4996 3.3377, 19.9406 0.4991 3.3392, 19.9403 0.4984 3.3406, 19.9399 0.4976 3.3418, 19.9395 0.4965 3.343, 19.9385 0.4941 3.3449, 19.9373 0.4912 3.3461, 19.9908 -0.4371 3.3461, 19.9933 -0.4382 3.3452, 19.9912 -0.4373 3.3461, 19.9955 -0.4391 3.3438, 19.9941 -0.4385 3.3449, 19.9997 -0.4408 3.3373, 19.9996 -0.4408 3.3377, 19.9988 -0.4405 3.3398, 19.9984 -0.4403 3.3405, 19.9974 -0.4399 3.342, 19.9965 -0.4395 3.343, 19.9997 0.4408 3.3373, 19.9996 0.4408 3.3377, 19.9988 0.4405 3.3398, 19.9984 0.4403 3.3405, 19.9974 0.4399 3.342, 19.9965 0.4395 3.3429, 19.9956 0.4391 3.3439, 19.9941 0.4385 3.3448, 19.9933 0.4382 3.3453, 19.9912 0.4373 3.346, 19.9908 0.4371 3.3462, 19.897 0.397 3.3461, 19.897 -0.397 3.3461, 19.8944 0.3944 3.3451, 19.8944 -0.3944 3.3451, 19.8921 0.3921 3.3436, 19.8921 -0.3921 3.3436, 19.103 -0.397 3.3461, 19.1056 -0.3944 3.3451, 19.1079 -0.3921 3.3436, 19.1079 0.3921 3.3436, 19.1056 0.3944 3.3451, 19.103 0.397 3.3461, 19.3031 -0.1969 3.0683, 19.3029 -0.1971 3.0695, 19.3029 0.1971 3.0695, 19.3026 0.1974 3.0707, 19.3022 -0.1978 3.0718, 19.3031 0.1969 3.0683, 19.3026 -0.1974 3.0707, 19.3022 0.1978 3.0718, 19.6969 -0.1969 3.0683, 19.6971 -0.1971 3.0695, 19.6978 -0.1978 3.0718, 19.6974 -0.1974 3.0707, 19.6978 0.1978 3.0718, 19.6971 0.1971 3.0695, 19.6974 0.1974 3.0707, 19.6969 0.1969 3.0683, 18.9409 0.5 3.3346, 18.0591 0.5 3.3346, 18.0 0.4409 3.3346, 18.0 -0.4409 3.3346, 18.0591 -0.5 3.3346, 18.9409 -0.5 3.3346, 18.9331 -0.1969 2.3622, 18.9331 0.1969 2.3622, 18.9331 -0.0787 1.1811, 18.9331 0.0787 1.1811, 18.0669 0.0787 1.1811, 18.0669 0.1969 2.3622, 18.0669 -0.1969 2.3622, 18.0669 -0.0787 1.1811, 17.9409 0.5 3.3346, 17.0591 0.5 3.3346, 17.0 0.4409 3.3346, 17.0 -0.4409 3.3346, 17.0591 -0.5 3.3346, 17.9409 -0.5 3.3346, 17.9331 -0.1969 2.3622, 17.9331 0.1969 2.3622, 17.9331 -0.0787 1.1811, 17.9331 0.0787 1.1811, 17.0669 0.0787 1.1811, 17.0669 0.1969 2.3622, 17.0669 -0.1969 2.3622, 17.0669 -0.0787 1.1811, 16.9409 0.5 3.3346, 16.0591 0.5 3.3346, 16.0 0.4409 3.3346, 16.0 -0.4409 3.3346, 16.0591 -0.5 3.3346, 16.9409 -0.5 3.3346, 16.9331 -0.1969 2.3622, 16.9331 0.1969 2.3622, 16.9331 -0.0787 1.1811, 16.9331 0.0787 1.1811, 16.0669 0.0787 1.1811, 16.0669 0.1969 2.3622, 16.0669 -0.1969 2.3622, 16.0669 -0.0787 1.1811, 15.9409 0.5 3.3346, 15.0591 0.5 3.3346, 15.0 0.4409 3.3346, 15.0 -0.4409 3.3346, 15.0591 -0.5 3.3346, 15.9409 -0.5 3.3346, 15.9331 -0.1969 2.3622, 15.9331 0.1969 2.3622, 15.9331 -0.0787 1.1811, 15.9331 0.0787 1.1811, 15.0669 0.0787 1.1811, 15.0669 0.1969 2.3622, 15.0669 -0.1969 2.3622, 15.0669 -0.0787 1.1811, 14.9409 0.5 3.3346, 14.0591 0.5 3.3346, 14.0 0.4409 3.3346, 14.0 -0.4409 3.3346, 14.0591 -0.5 3.3346, 14.9409 -0.5 3.3346, 14.9331 -0.1969 2.3622, 14.9331 0.1969 2.3622, 14.9331 -0.0787 1.1811, 14.9331 0.0787 1.1811, 14.0669 0.0787 1.1811, 14.0669 0.1969 2.3622, 14.0669 -0.1969 2.3622, 14.0669 -0.0787 1.1811, 13.9409 0.5 3.3346, 13.0591 0.5 3.3346, 13.0 0.4409 3.3346, 13.0 -0.4409 3.3346, 13.0591 -0.5 3.3346, 13.9409 -0.5 3.3346, 13.9331 -0.1969 2.3622, 13.9331 0.1969 2.3622, 13.9331 -0.0787 1.1811, 13.9331 0.0787 1.1811, 13.0669 0.0787 1.1811, 13.0669 0.1969 2.3622, 13.0669 -0.1969 2.3622, 13.0669 -0.0787 1.1811, 12.9409 0.5 3.3346, 12.0591 0.5 3.3346, 12.0 0.4409 3.3346, 12.0 -0.4409 3.3346, 12.0591 -0.5 3.3346, 12.9409 -0.5 3.3346, 12.9331 -0.1969 2.3622, 12.9331 0.1969 2.3622, 12.9331 -0.0787 1.1811, 12.9331 0.0787 1.1811, 12.0669 0.0787 1.1811, 12.0669 0.1969 2.3622, 12.0669 -0.1969 2.3622, 12.0669 -0.0787 1.1811, 11.9409 0.5 3.3346, 11.0591 0.5 3.3346, 11.0 0.4409 3.3346, 11.0 -0.4409 3.3346, 11.0591 -0.5 3.3346, 11.9409 -0.5 3.3346, 11.9331 -0.1969 2.3622, 11.9331 0.1969 2.3622, 11.9331 -0.0787 1.1811, 11.9331 0.0787 1.1811, 11.0669 0.0787 1.1811, 11.0669 0.1969 2.3622, 11.0669 -0.1969 2.3622, 11.0669 -0.0787 1.1811, 10.9409 0.5 3.3346, 10.0591 0.5 3.3346, 10.0 0.4409 3.3346, 10.0 -0.4409 3.3346, 10.0591 -0.5 3.3346, 10.9409 -0.5 3.3346, 10.9331 -0.1969 2.3622, 10.9331 0.1969 2.3622, 10.9331 -0.0787 1.1811, 10.9331 0.0787 1.1811, 10.0669 0.0787 1.1811, 10.0669 0.1969 2.3622, 10.0669 -0.1969 2.3622, 10.0669 -0.0787 1.1811, 9.9409 0.5 3.3346, 9.0591 0.5 3.3346, 9.0 0.4409 3.3346, 9.0 -0.4409 3.3346, 9.0591 -0.5 3.3346, 9.9409 -0.5 3.3346, 9.9331 -0.1969 2.3622, 9.9331 0.1969 2.3622, 9.9331 -0.0787 1.1811, 9.9331 0.0787 1.1811, 9.0669 0.0787 1.1811, 9.0669 0.1969 2.3622, 9.0669 -0.1969 2.3622, 9.0669 -0.0787 1.1811, 8.9409 0.5 3.3346, 8.0591 0.5 3.3346, 8.0 0.4409 3.3346, 8.0 -0.4409 3.3346, 8.0591 -0.5 3.3346, 8.9409 -0.5 3.3346, 8.9331 -0.1969 2.3622, 8.9331 0.1969 2.3622, 8.9331 -0.0787 1.1811, 8.9331 0.0787 1.1811, 8.0669 0.0787 1.1811, 8.0669 0.1969 2.3622, 8.0669 -0.1969 2.3622, 8.0669 -0.0787 1.1811, 7.9409 0.5 3.3346, 7.0591 0.5 3.3346, 7.0 0.4409 3.3346, 7.0 -0.4409 3.3346, 7.0591 -0.5 3.3346, 7.9409 -0.5 3.3346, 7.9331 -0.1969 2.3622, 7.9331 0.1969 2.3622, 7.9331 -0.0787 1.1811, 7.9331 0.0787 1.1811, 7.0669 0.0787 1.1811, 7.0669 0.1969 2.3622, 7.0669 -0.1969 2.3622, 7.0669 -0.0787 1.1811, 6.9409 0.5 3.3346, 6.0591 0.5 3.3346, 6.0 0.4409 3.3346, 6.0 -0.4409 3.3346, 6.0591 -0.5 3.3346, 6.9409 -0.5 3.3346, 6.9331 -0.1969 2.3622, 6.9331 0.1969 2.3622, 6.9331 -0.0787 1.1811, 6.9331 0.0787 1.1811, 6.0669 0.0787 1.1811, 6.0669 0.1969 2.3622, 6.0669 -0.1969 2.3622, 6.0669 -0.0787 1.1811, 5.9409 0.5 3.3346, 5.0591 0.5 3.3346, 5.0 0.4409 3.3346, 5.0 -0.4409 3.3346, 5.0591 -0.5 3.3346, 5.9409 -0.5 3.3346, 5.9331 -0.1969 2.3622, 5.9331 0.1969 2.3622, 5.9331 -0.0787 1.1811, 5.9331 0.0787 1.1811, 5.0669 0.0787 1.1811, 5.0669 0.1969 2.3622, 5.0669 -0.1969 2.3622, 5.0669 -0.0787 1.1811, 4.9409 0.5 3.3346, 4.0591 0.5 3.3346, 4.0 0.4409 3.3346, 4.0 -0.4409 3.3346, 4.0591 -0.5 3.3346, 4.9409 -0.5 3.3346, 4.9331 -0.1969 2.3622, 4.9331 0.1969 2.3622, 4.9331 -0.0787 1.1811, 4.9331 0.0787 1.1811, 4.0669 0.0787 1.1811, 4.0669 0.1969 2.3622, 4.0669 -0.1969 2.3622, 4.0669 -0.0787 1.1811, 3.9409 0.5 3.3346, 3.0591 0.5 3.3346, 3.0 0.4409 3.3346, 3.0 -0.4409 3.3346, 3.0591 -0.5 3.3346, 3.9409 -0.5 3.3346, 3.9331 -0.1969 2.3622, 3.9331 0.1969 2.3622, 3.9331 -0.0787 1.1811, 3.9331 0.0787 1.1811, 3.0669 0.0787 1.1811, 3.0669 0.1969 2.3622, 3.0669 -0.1969 2.3622, 3.0669 -0.0787 1.1811, 2.9409 0.5 3.3346, 2.0591 0.5 3.3346, 2.0 0.4409 3.3346, 2.0 -0.4409 3.3346, 2.0591 -0.5 3.3346, 2.9409 -0.5 3.3346, 2.9331 -0.1969 2.3622, 2.9331 0.1969 2.3622, 2.9331 -0.0787 1.1811, 2.9331 0.0787 1.1811, 2.0669 0.0787 1.1811, 2.0669 0.1969 2.3622, 2.0669 -0.1969 2.3622, 2.0669 -0.0787 1.1811, 1.9409 0.5 3.3346, 1.0591 0.5 3.3346, 1.0 0.4409 3.3346, 1.0 -0.4409 3.3346, 1.0591 -0.5 3.3346, 1.9409 -0.5 3.3346, 1.9331 -0.1969 2.3622, 1.9331 0.1969 2.3622, 1.9331 -0.0787 1.1811, 1.9331 0.0787 1.1811, 1.0669 0.0787 1.1811, 1.0669 0.1969 2.3622, 1.0669 -0.1969 2.3622, 1.0669 -0.0787 1.1811, 0.9409 0.5 3.3346, 0.0591 0.5 3.3346, 0.0 0.4409 3.3346, 0.0 -0.4409 3.3346, 0.0591 -0.5 3.3346, 0.9409 -0.5 3.3346, 0.9331 -0.1969 2.3622, 0.9331 0.1969 2.3622, 0.9331 -0.0787 1.1811, 0.9331 0.0787 1.1811, 0.0669 0.0787 1.1811, 0.0669 0.1969 2.3622, 0.0669 -0.1969 2.3622, 0.0669 -0.0787 1.1811, -0.0591 0.5 3.3346, -0.9409 0.5 3.3346, -1.0 0.4409 3.3346, -1.0 -0.4409 3.3346, -0.9409 -0.5 3.3346, -0.0591 -0.5 3.3346, -0.0669 -0.1969 2.3622, -0.0669 0.1969 2.3622, -0.0669 -0.0787 1.1811, -0.0669 0.0787 1.1811, -0.9331 0.0787 1.1811, -0.9331 0.1969 2.3622, -0.9331 -0.1969 2.3622, -0.9331 -0.0787 1.1811, -1.0591 0.5 3.3346, -1.9409 0.5 3.3346, -2.0 0.4409 3.3346, -2.0 -0.4409 3.3346, -1.9409 -0.5 3.3346, -1.0591 -0.5 3.3346, -1.0669 -0.1969 2.3622, -1.0669 0.1969 2.3622, -1.0669 -0.0787 1.1811, -1.0669 0.0787 1.1811, -1.9331 0.0787 1.1811, -1.9331 0.1969 2.3622, -1.9331 -0.1969 2.3622, -1.9331 -0.0787 1.1811, -2.0591 0.5 3.3346, -2.9409 0.5 3.3346, -3.0 0.4409 3.3346, -3.0 -0.4409 3.3346, -2.9409 -0.5 3.3346, -2.0591 -0.5 3.3346, -2.0669 -0.1969 2.3622, -2.0669 0.1969 2.3622, -2.0669 -0.0787 1.1811, -2.0669 0.0787 1.1811, -2.9331 0.0787 1.1811, -2.9331 0.1969 2.3622, -2.9331 -0.1969 2.3622, -2.9331 -0.0787 1.1811, -3.0591 0.5 3.3346, -3.9409 0.5 3.3346, -4.0 0.4409 3.3346, -4.0 -0.4409 3.3346, -3.9409 -0.5 3.3346, -3.0591 -0.5 3.3346, -3.0669 -0.1969 2.3622, -3.0669 0.1969 2.3622, -3.0669 -0.0787 1.1811, -3.0669 0.0787 1.1811, -3.9331 0.0787 1.1811, -3.9331 0.1969 2.3622, -3.9331 -0.1969 2.3622, -3.9331 -0.0787 1.1811, -4.0591 0.5 3.3346, -4.9409 0.5 3.3346, -5.0 0.4409 3.3346, -5.0 -0.4409 3.3346, -4.9409 -0.5 3.3346, -4.0591 -0.5 3.3346, -4.0669 -0.1969 2.3622, -4.0669 0.1969 2.3622, -4.0669 -0.0787 1.1811, -4.0669 0.0787 1.1811, -4.9331 0.0787 1.1811, -4.9331 0.1969 2.3622, -4.9331 -0.1969 2.3622, -4.9331 -0.0787 1.1811, -5.0591 0.5 3.3346, -5.9409 0.5 3.3346, -6.0 0.4409 3.3346, -6.0 -0.4409 3.3346, -5.9409 -0.5 3.3346, -5.0591 -0.5 3.3346, -5.0669 -0.1969 2.3622, -5.0669 0.1969 2.3622, -5.0669 -0.0787 1.1811, -5.0669 0.0787 1.1811, -5.9331 0.0787 1.1811, -5.9331 0.1969 2.3622, -5.9331 -0.1969 2.3622, -5.9331 -0.0787 1.1811, -6.0591 0.5 3.3346, -6.9409 0.5 3.3346, -7.0 0.4409 3.3346, -7.0 -0.4409 3.3346, -6.9409 -0.5 3.3346, -6.0591 -0.5 3.3346, -6.0669 -0.1969 2.3622, -6.0669 0.1969 2.3622, -6.0669 -0.0787 1.1811, -6.0669 0.0787 1.1811, -6.9331 0.0787 1.1811, -6.9331 0.1969 2.3622, -6.9331 -0.1969 2.3622, -6.9331 -0.0787 1.1811, -7.0591 0.5 3.3346, -7.9409 0.5 3.3346, -8.0 0.4409 3.3346, -8.0 -0.4409 3.3346, -7.9409 -0.5 3.3346, -7.0591 -0.5 3.3346, -7.0669 -0.1969 2.3622, -7.0669 0.1969 2.3622, -7.0669 -0.0787 1.1811, -7.0669 0.0787 1.1811, -7.9331 0.0787 1.1811, -7.9331 0.1969 2.3622, -7.9331 -0.1969 2.3622, -7.9331 -0.0787 1.1811, -8.0591 0.5 3.3346, -8.9409 0.5 3.3346, -9.0 0.4409 3.3346, -9.0 -0.4409 3.3346, -8.9409 -0.5 3.3346, -8.0591 -0.5 3.3346, -8.0669 -0.1969 2.3622, -8.0669 0.1969 2.3622, -8.0669 -0.0787 1.1811, -8.0669 0.0787 1.1811, -8.9331 0.0787 1.1811, -8.9331 0.1969 2.3622, -8.9331 -0.1969 2.3622, -8.9331 -0.0787 1.1811, -9.0591 0.5 3.3346, -9.9409 0.5 3.3346, -10.0 0.4409 3.3346, -10.0 -0.4409 3.3346, -9.9409 -0.5 3.3346, -9.0591 -0.5 3.3346, -9.0669 -0.1969 2.3622, -9.0669 0.1969 2.3622, -9.0669 -0.0787 1.1811, -9.0669 0.0787 1.1811, -9.9331 0.0787 1.1811, -9.9331 0.1969 2.3622, -9.9331 -0.1969 2.3622, -9.9331 -0.0787 1.1811, -10.0591 0.5 3.3346, -10.9409 0.5 3.3346, -11.0 0.4409 3.3346, -11.0 -0.4409 3.3346, -10.9409 -0.5 3.3346, -10.0591 -0.5 3.3346, -10.0669 -0.1969 2.3622, -10.0669 0.1969 2.3622, -10.0669 -0.0787 1.1811, -10.0669 0.0787 1.1811, -10.9331 0.0787 1.1811, -10.9331 0.1969 2.3622, -10.9331 -0.1969 2.3622, -10.9331 -0.0787 1.1811, -11.0591 0.5 3.3346, -11.9409 0.5 3.3346, -12.0 0.4409 3.3346, -12.0 -0.4409 3.3346, -11.9409 -0.5 3.3346, -11.0591 -0.5 3.3346, -11.0669 -0.1969 2.3622, -11.0669 0.1969 2.3622, -11.0669 -0.0787 1.1811, -11.0669 0.0787 1.1811, -11.9331 0.0787 1.1811, -11.9331 0.1969 2.3622, -11.9331 -0.1969 2.3622, -11.9331 -0.0787 1.1811, -12.0591 0.5 3.3346, -12.9409 0.5 3.3346, -13.0 0.4409 3.3346, -13.0 -0.4409 3.3346, -12.9409 -0.5 3.3346, -12.0591 -0.5 3.3346, -12.0669 -0.1969 2.3622, -12.0669 0.1969 2.3622, -12.0669 -0.0787 1.1811, -12.0669 0.0787 1.1811, -12.9331 0.0787 1.1811, -12.9331 0.1969 2.3622, -12.9331 -0.1969 2.3622, -12.9331 -0.0787 1.1811, -13.0591 0.5 3.3346, -13.9409 0.5 3.3346, -14.0 0.4409 3.3346, -14.0 -0.4409 3.3346, -13.9409 -0.5 3.3346, -13.0591 -0.5 3.3346, -13.0669 -0.1969 2.3622, -13.0669 0.1969 2.3622, -13.0669 -0.0787 1.1811, -13.0669 0.0787 1.1811, -13.9331 0.0787 1.1811, -13.9331 0.1969 2.3622, -13.9331 -0.1969 2.3622, -13.9331 -0.0787 1.1811, -14.0591 0.5 3.3346, -14.9409 0.5 3.3346, -15.0 0.4409 3.3346, -15.0 -0.4409 3.3346, -14.9409 -0.5 3.3346, -14.0591 -0.5 3.3346, -14.0669 -0.1969 2.3622, -14.0669 0.1969 2.3622, -14.0669 -0.0787 1.1811, -14.0669 0.0787 1.1811, -14.9331 0.0787 1.1811, -14.9331 0.1969 2.3622, -14.9331 -0.1969 2.3622, -14.9331 -0.0787 1.1811, -15.0591 0.5 3.3346, -15.9409 0.5 3.3346, -16.0 0.4409 3.3346, -16.0 -0.4409 3.3346, -15.9409 -0.5 3.3346, -15.0591 -0.5 3.3346, -15.0669 -0.1969 2.3622, -15.0669 0.1969 2.3622, -15.0669 -0.0787 1.1811, -15.0669 0.0787 1.1811, -15.9331 0.0787 1.1811, -15.9331 0.1969 2.3622, -15.9331 -0.1969 2.3622, -15.9331 -0.0787 1.1811, -16.0591 0.5 3.3346, -16.9409 0.5 3.3346, -17.0 0.4409 3.3346, -17.0 -0.4409 3.3346, -16.9409 -0.5 3.3346, -16.0591 -0.5 3.3346, -16.0669 -0.1969 2.3622, -16.0669 0.1969 2.3622, -16.0669 -0.0787 1.1811, -16.0669 0.0787 1.1811, -16.9331 0.0787 1.1811, -16.9331 0.1969 2.3622, -16.9331 -0.1969 2.3622, -16.9331 -0.0787 1.1811, -17.0591 0.5 3.3346, -17.9409 0.5 3.3346, -18.0 0.4409 3.3346, -18.0 -0.4409 3.3346, -17.9409 -0.5 3.3346, -17.0591 -0.5 3.3346, -17.0669 -0.1969 2.3622, -17.0669 0.1969 2.3622, -17.0669 -0.0787 1.1811, -17.0669 0.0787 1.1811, -17.9331 0.0787 1.1811, -17.9331 0.1969 2.3622, -17.9331 -0.1969 2.3622, -17.9331 -0.0787 1.1811, -18.0591 0.5 3.3346, -18.9409 0.5 3.3346, -19.0 0.4409 3.3346, -19.0 -0.4409 3.3346, -18.9409 -0.5 3.3346, -18.0591 -0.5 3.3346, -18.0669 -0.1969 2.3622, -18.0669 0.1969 2.3622, -18.0669 -0.0787 1.1811, -18.0669 0.0787 1.1811, -18.9331 0.0787 1.1811, -18.9331 0.1969 2.3622, -18.9331 -0.1969 2.3622, -18.9331 -0.0787 1.1811, -19.0591 0.5 3.3346, -19.9409 0.5 3.3346, -20.0 0.4409 3.3346, -20.0 -0.4409 3.3346, -19.9409 -0.5 3.3346, -19.0591 -0.5 3.3346, -19.0669 -0.1969 2.3622, -19.0669 0.1969 2.3622, -19.0669 -0.0787 1.1811, -19.0669 0.0787 1.1811, -19.9331 0.0787 1.1811, -19.9331 0.1969 2.3622, -19.9331 -0.1969 2.3622, -19.9331 -0.0787 1.1811, 18.3031 0.1969 2.3622, 18.6969 0.1969 2.3622, 17.3031 0.1969 2.3622, 17.6969 0.1969 2.3622, 16.3031 0.1969 2.3622, 16.6969 0.1969 2.3622, 15.3032 0.1969 2.3622, 15.6969 0.1969 2.3622, 14.3031 0.1969 2.3622, 14.6969 0.1969 2.3622, 13.3031 0.1969 2.3622, 13.6969 0.1969 2.3622, 12.3032 0.1969 2.3622, 12.6969 0.1969 2.3622, 11.3031 0.1969 2.3622, 11.6969 0.1969 2.3622, 10.3031 0.1969 2.3622, 10.6969 0.1969 2.3622, 9.3031 0.1969 2.3622, 9.6969 0.1969 2.3622, 8.3031 0.1969 2.3622, 8.6969 0.1969 2.3622, 7.3031 0.1969 2.3622, 7.6969 0.1969 2.3622, 6.3032 0.1969 2.3622, 6.6969 0.1969 2.3622, 5.3031 0.1969 2.3622, 5.6969 0.1969 2.3622, 4.3031 0.1969 2.3622, 4.6969 0.1969 2.3622, 3.3032 0.1969 2.3622, 3.6969 0.1969 2.3622, 2.3031 0.1969 2.3622, 2.6969 0.1969 2.3622, 1.3031 0.1969 2.3622, 1.6969 0.1969 2.3622, 0.3031 0.1969 2.3622, 0.6969 0.1969 2.3622, -0.6968 0.1969 2.3622, -0.3031 0.1969 2.3622, -1.6969 0.1969 2.3622, -1.3031 0.1969 2.3622, -2.6969 0.1969 2.3622, -2.3031 0.1969 2.3622, -3.6968 0.1969 2.3622, -3.3031 0.1969 2.3622, -4.6968 0.1969 2.3622, -4.3032 0.1969 2.3622, -5.6969 0.1969 2.3622, -5.3031 0.1969 2.3622, -6.6969 0.1969 2.3622, -6.3031 0.1969 2.3622, -7.6969 0.1969 2.3622, -7.3031 0.1969 2.3622, -8.6969 0.1969 2.3622, -8.3032 0.1969 2.3622, -9.6969 0.1969 2.3622, -9.3032 0.1969 2.3622, -10.6969 0.1969 2.3622, -10.3031 0.1969 2.3622, -11.6969 0.1969 2.3622, -11.3031 0.1969 2.3622, -12.6968 0.1969 2.3622, -12.3031 0.1969 2.3622, -13.6968 0.1969 2.3622, -13.3031 0.1969 2.3622, -14.6969 0.1969 2.3622, -14.3031 0.1969 2.3622, -15.6969 0.1969 2.3622, -15.3032 0.1969 2.3622, -16.6969 0.1969 2.3622, -16.3032 0.1969 2.3622, -17.6969 0.1969 2.3622, -17.3031 0.1969 2.3622, -18.6968 0.1969 2.3622, -18.3031 0.1969 2.3622, -19.6968 0.1969 2.3622, -19.3031 0.1969 2.3622, 18.6969 -0.1969 2.3622, 18.3031 -0.1969 2.3622, 17.6969 -0.1969 2.3622, 17.3031 -0.1969 2.3622, 16.6969 -0.1969 2.3622, 16.3031 -0.1969 2.3622, 15.6969 -0.1969 2.3622, 15.3032 -0.1969 2.3622, 14.6969 -0.1969 2.3622, 14.3031 -0.1969 2.3622, 13.6969 -0.1969 2.3622, 13.3031 -0.1969 2.3622, 12.6969 -0.1969 2.3622, 12.3032 -0.1969 2.3622, 11.6969 -0.1969 2.3622, 11.3031 -0.1969 2.3622, 10.6969 -0.1969 2.3622, 10.3031 -0.1969 2.3622, 9.6969 -0.1969 2.3622, 9.3031 -0.1969 2.3622, 8.6969 -0.1969 2.3622, 8.3031 -0.1969 2.3622, 7.6969 -0.1969 2.3622, 7.3031 -0.1969 2.3622, 6.6969 -0.1969 2.3622, 6.3032 -0.1969 2.3622, 5.6969 -0.1969 2.3622, 5.3031 -0.1969 2.3622, 4.6969 -0.1969 2.3622, 4.3031 -0.1969 2.3622, 3.6969 -0.1969 2.3622, 3.3032 -0.1969 2.3622, 2.6969 -0.1969 2.3622, 2.3031 -0.1969 2.3622, 1.6969 -0.1969 2.3622, 1.3031 -0.1969 2.3622, 0.6969 -0.1969 2.3622, 0.3031 -0.1969 2.3622, -0.3031 -0.1969 2.3622, -0.6968 -0.1969 2.3622, -1.3031 -0.1969 2.3622, -1.6969 -0.1969 2.3622, -2.3031 -0.1969 2.3622, -2.6969 -0.1969 2.3622, -3.3031 -0.1969 2.3622, -3.6968 -0.1969 2.3622, -4.3032 -0.1969 2.3622, -4.6968 -0.1969 2.3622, -5.3031 -0.1969 2.3622, -5.6969 -0.1969 2.3622, -6.3031 -0.1969 2.3622, -6.6969 -0.1969 2.3622, -7.3031 -0.1969 2.3622, -7.6969 -0.1969 2.3622, -8.3032 -0.1969 2.3622, -8.6969 -0.1969 2.3622, -9.3032 -0.1969 2.3622, -9.6969 -0.1969 2.3622, -10.3031 -0.1969 2.3622, -10.6969 -0.1969 2.3622, -11.3031 -0.1969 2.3622, -11.6969 -0.1969 2.3622, -12.3031 -0.1969 2.3622, -12.6968 -0.1969 2.3622, -13.3031 -0.1969 2.3622, -13.6968 -0.1969 2.3622, -14.3031 -0.1969 2.3622, -14.6969 -0.1969 2.3622, -15.3032 -0.1969 2.3622, -15.6969 -0.1969 2.3622, -16.3032 -0.1969 2.3622, -16.6969 -0.1969 2.3622, -17.3031 -0.1969 2.3622, -17.6969 -0.1969 2.3622, -18.3031 -0.1969 2.3622, -18.6968 -0.1969 2.3622, -19.3031 -0.1969 2.3622, -19.6968 -0.1969 2.3622, 18.0639 -0.4882 3.3465, 18.9361 -0.4882 3.3465, 18.9803 -0.444 3.3465, 17.1002 0.3998 3.3465, 17.0 -0.4242 3.3465, 17.1002 -0.3998 3.3465, 17.0197 -0.444 3.3465, 17.8998 -0.3998 3.3465, 17.8998 0.3998 3.3465, 17.9361 0.4882 3.3465, 18.0 0.4242 3.3465, 18.1002 0.3998 3.3465, 18.0 -0.4242 3.3465, 18.1002 -0.3998 3.3465, 18.0197 -0.444 3.3465, 18.8998 -0.3998 3.3465, 17.9803 -0.444 3.3465, 18.9882 0.4361 3.3465, 18.8998 0.3998 3.3465, 18.9882 -0.4361 3.3465, 18.9361 0.4882 3.3465, 18.0639 0.4882 3.3465, 17.0639 -0.4882 3.3465, 17.9361 -0.4882 3.3465, 16.1002 0.3998 3.3465, 16.0 -0.4242 3.3465, 16.1002 -0.3998 3.3465, 16.0197 -0.444 3.3465, 16.8998 -0.3998 3.3465, 16.8998 0.3998 3.3465, 16.9361 0.4882 3.3465, 17.0 0.4242 3.3465, 16.9803 -0.444 3.3465, 17.0639 0.4882 3.3465, 16.0639 -0.4882 3.3465, 16.9361 -0.4882 3.3465, 15.1002 0.3998 3.3465, 15.0 -0.4242 3.3465, 15.1002 -0.3998 3.3465, 15.0197 -0.444 3.3465, 15.8998 -0.3998 3.3465, 15.8998 0.3998 3.3465, 15.9361 0.4882 3.3465, 16.0 0.4242 3.3465, 15.9803 -0.444 3.3465, 16.0639 0.4882 3.3465, 15.0639 -0.4882 3.3465, 15.9361 -0.4882 3.3465, 14.1002 0.3998 3.3465, 14.0 -0.4242 3.3465, 14.1002 -0.3998 3.3465, 14.0197 -0.444 3.3465, 14.8998 -0.3998 3.3465, 14.8998 0.3998 3.3465, 14.9361 0.4882 3.3465, 15.0 0.4242 3.3465, 14.9803 -0.444 3.3465, 15.0639 0.4882 3.3465, 14.0639 -0.4882 3.3465, 14.9361 -0.4882 3.3465, 12.1002 0.3998 3.3465, 12.0 -0.4242 3.3465, 12.1002 -0.3998 3.3465, 12.0197 -0.444 3.3465, 12.8998 -0.3998 3.3465, 12.8998 0.3998 3.3465, 12.9361 0.4882 3.3465, 13.0 0.4242 3.3465, 13.1002 0.3998 3.3465, 13.0 -0.4242 3.3465, 13.1002 -0.3998 3.3465, 13.0197 -0.444 3.3465, 13.8998 -0.3998 3.3465, 13.8998 0.3998 3.3465, 13.9361 0.4882 3.3465, 14.0 0.4242 3.3465, 12.9803 -0.444 3.3465, 13.9803 -0.444 3.3465, 13.0639 0.4882 3.3465, 14.0639 0.4882 3.3465, 13.0639 -0.4882 3.3465, 13.9361 -0.4882 3.3465, 12.0639 -0.4882 3.3465, 12.9361 -0.4882 3.3465, 11.1002 0.3998 3.3465, 11.0 -0.4242 3.3465, 11.1002 -0.3998 3.3465, 11.0197 -0.444 3.3465, 11.8998 -0.3998 3.3465, 11.8998 0.3998 3.3465, 11.9361 0.4882 3.3465, 12.0 0.4242 3.3465, 11.9803 -0.444 3.3465, 12.0639 0.4882 3.3465, 11.0639 -0.4882 3.3465, 11.9361 -0.4882 3.3465, 10.1002 0.3998 3.3465, 10.0 -0.4242 3.3465, 10.1002 -0.3998 3.3465, 10.0197 -0.444 3.3465, 10.8998 -0.3998 3.3465, 10.8998 0.3998 3.3465, 10.9361 0.4882 3.3465, 11.0 0.4242 3.3465, 10.9803 -0.444 3.3465, 11.0639 0.4882 3.3465, 10.0639 -0.4882 3.3465, 10.9361 -0.4882 3.3465, 9.1002 0.3998 3.3465, 9.0 -0.4242 3.3465, 9.1002 -0.3998 3.3465, 9.0197 -0.444 3.3465, 9.8998 -0.3998 3.3465, 9.8998 0.3998 3.3465, 9.9361 0.4882 3.3465, 10.0 0.4242 3.3465, 9.9803 -0.444 3.3465, 10.0639 0.4882 3.3465, 9.0639 -0.4882 3.3465, 9.9361 -0.4882 3.3465, 7.1002 0.3998 3.3465, 7.0 -0.4242 3.3465, 7.1002 -0.3998 3.3465, 7.0197 -0.444 3.3465, 7.8998 -0.3998 3.3465, 8.0639 0.4882 3.3465, 8.1002 0.3998 3.3465, 8.9361 0.4882 3.3465, 8.8998 0.3998 3.3465, 9.0 0.4242 3.3465, 8.0 0.4242 3.3465, 7.8998 0.3998 3.3465, 8.0 -0.4242 3.3465, 7.9803 -0.444 3.3465, 8.1002 -0.3998 3.3465, 8.0197 -0.444 3.3465, 8.8998 -0.3998 3.3465, 8.9803 -0.444 3.3465, 9.0639 0.4882 3.3465, 8.0639 -0.4882 3.3465, 8.9361 -0.4882 3.3465, 7.0639 -0.4882 3.3465, 7.9361 -0.4882 3.3465, 6.1002 0.3998 3.3465, 6.0 -0.4242 3.3465, 6.1002 -0.3998 3.3465, 6.0197 -0.444 3.3465, 6.8998 -0.3998 3.3465, 6.8998 0.3998 3.3465, 6.9361 0.4882 3.3465, 7.0 0.4242 3.3465, 6.9803 -0.444 3.3465, 7.9361 0.4882 3.3465, 7.0639 0.4882 3.3465, 6.0639 -0.4882 3.3465, 6.9361 -0.4882 3.3465, 5.1002 0.3998 3.3465, 5.0 -0.4242 3.3465, 5.1002 -0.3998 3.3465, 5.0197 -0.444 3.3465, 5.8998 -0.3998 3.3465, 5.8998 0.3998 3.3465, 5.9361 0.4882 3.3465, 6.0 0.4242 3.3465, 5.9803 -0.444 3.3465, 6.0639 0.4882 3.3465, 5.0639 -0.4882 3.3465, 5.9361 -0.4882 3.3465, 4.1002 0.3998 3.3465, 4.0 -0.4242 3.3465, 4.1002 -0.3998 3.3465, 4.0197 -0.444 3.3465, 4.8998 -0.3998 3.3465, 4.8998 0.3998 3.3465, 4.9361 0.4882 3.3465, 5.0 0.4242 3.3465, 4.9803 -0.444 3.3465, 5.0639 0.4882 3.3465, 4.0639 -0.4882 3.3465, 4.9361 -0.4882 3.3465, 2.1002 0.3998 3.3465, 2.0 -0.4242 3.3465, 2.1002 -0.3998 3.3465, 2.0197 -0.444 3.3465, 2.8998 -0.3998 3.3465, 2.8998 0.3998 3.3465, 2.9361 0.4882 3.3465, 3.0 0.4242 3.3465, 3.1002 0.3998 3.3465, 3.0 -0.4242 3.3465, 3.1002 -0.3998 3.3465, 3.0197 -0.444 3.3465, 3.8998 -0.3998 3.3465, 3.8998 0.3998 3.3465, 3.9361 0.4882 3.3465, 4.0 0.4242 3.3465, 2.9803 -0.444 3.3465, 3.9803 -0.444 3.3465, 3.0639 0.4882 3.3465, 4.0639 0.4882 3.3465, 3.0639 -0.4882 3.3465, 3.9361 -0.4882 3.3465, 2.0639 -0.4882 3.3465, 2.9361 -0.4882 3.3465, 1.1002 0.3998 3.3465, 1.0 -0.4242 3.3465, 1.1002 -0.3998 3.3465, 1.0197 -0.444 3.3465, 1.8998 -0.3998 3.3465, 1.8998 0.3998 3.3465, 1.9361 0.4882 3.3465, 2.0 0.4242 3.3465, 1.9803 -0.444 3.3465, 2.0639 0.4882 3.3465, 1.0639 -0.4882 3.3465, 1.9361 -0.4882 3.3465, 0.1002 0.3998 3.3465, 0.0 -0.4242 3.3465, 0.1002 -0.3998 3.3465, 0.0197 -0.444 3.3465, 0.8998 -0.3998 3.3465, 0.8998 0.3998 3.3465, 0.9361 0.4882 3.3465, 1.0 0.4242 3.3465, 0.9803 -0.444 3.3465, 1.0639 0.4882 3.3465, 0.0639 -0.4882 3.3465, 0.9361 -0.4882 3.3465, -0.8998 0.3998 3.3465, -1.0 -0.4242 3.3465, -0.8998 -0.3998 3.3465, -0.9803 -0.444 3.3465, -0.1002 -0.3998 3.3465, -0.1002 0.3998 3.3465, -0.0639 0.4882 3.3465, 0.0 0.4242 3.3465, -0.0197 -0.444 3.3465, 0.0639 0.4882 3.3465, -0.9361 -0.4882 3.3465, -0.0639 -0.4882 3.3465, -2.8998 0.3998 3.3465, -3.0 -0.4242 3.3465, -2.8998 -0.3998 3.3465, -2.9803 -0.444 3.3465, -2.1002 -0.3998 3.3465, -1.9361 0.4882 3.3465, -1.8998 0.3998 3.3465, -1.0639 0.4882 3.3465, -1.1002 0.3998 3.3465, -1.0 0.4242 3.3465, -2.0 0.4242 3.3465, -2.1002 0.3998 3.3465, -2.0 -0.4242 3.3465, -2.0197 -0.444 3.3465, -1.8998 -0.3998 3.3465, -1.9803 -0.444 3.3465, -1.1002 -0.3998 3.3465, -1.0197 -0.444 3.3465, -0.9361 0.4882 3.3465, -1.9361 -0.4882 3.3465, -1.0639 -0.4882 3.3465, -2.9361 -0.4882 3.3465, -2.0639 -0.4882 3.3465, -3.8998 0.3998 3.3465, -4.0 -0.4242 3.3465, -3.8998 -0.3998 3.3465, -3.9803 -0.444 3.3465, -3.1002 -0.3998 3.3465, -3.1002 0.3998 3.3465, -3.0639 0.4882 3.3465, -3.0 0.4242 3.3465, -3.0197 -0.444 3.3465, -2.0639 0.4882 3.3465, -2.9361 0.4882 3.3465, -3.9361 -0.4882 3.3465, -3.0639 -0.4882 3.3465, -4.8998 0.3998 3.3465, -5.0 -0.4242 3.3465, -4.8998 -0.3998 3.3465, -4.9803 -0.444 3.3465, -4.1002 -0.3998 3.3465, -4.1002 0.3998 3.3465, -4.0639 0.4882 3.3465, -4.0 0.4242 3.3465, -4.0197 -0.444 3.3465, -3.9361 0.4882 3.3465, -4.9361 -0.4882 3.3465, -4.0639 -0.4882 3.3465, -5.8998 0.3998 3.3465, -6.0 -0.4242 3.3465, -5.8998 -0.3998 3.3465, -5.9803 -0.444 3.3465, -5.1002 -0.3998 3.3465, -5.1002 0.3998 3.3465, -5.0639 0.4882 3.3465, -5.0 0.4242 3.3465, -5.0197 -0.444 3.3465, -4.9361 0.4882 3.3465, -5.9361 -0.4882 3.3465, -5.0639 -0.4882 3.3465, -7.8998 0.3998 3.3465, -8.0 -0.4242 3.3465, -7.8998 -0.3998 3.3465, -7.9803 -0.444 3.3465, -7.1002 -0.3998 3.3465, -7.1002 0.3998 3.3465, -7.0639 0.4882 3.3465, -7.0 0.4242 3.3465, -6.8998 0.3998 3.3465, -7.0 -0.4242 3.3465, -6.8998 -0.3998 3.3465, -6.9803 -0.444 3.3465, -6.1002 -0.3998 3.3465, -6.1002 0.3998 3.3465, -6.0639 0.4882 3.3465, -6.0 0.4242 3.3465, -7.0197 -0.444 3.3465, -6.0197 -0.444 3.3465, -6.9361 0.4882 3.3465, -5.9361 0.4882 3.3465, -6.9361 -0.4882 3.3465, -6.0639 -0.4882 3.3465, -7.9361 -0.4882 3.3465, -7.0639 -0.4882 3.3465, -8.8998 0.3998 3.3465, -9.0 -0.4242 3.3465, -8.8998 -0.3998 3.3465, -8.9803 -0.444 3.3465, -8.1002 -0.3998 3.3465, -8.1002 0.3998 3.3465, -8.0639 0.4882 3.3465, -8.0 0.4242 3.3465, -8.0197 -0.444 3.3465, -7.9361 0.4882 3.3465, -8.9361 -0.4882 3.3465, -8.0639 -0.4882 3.3465, -9.8998 0.3998 3.3465, -10.0 -0.4242 3.3465, -9.8998 -0.3998 3.3465, -9.9803 -0.444 3.3465, -9.1002 -0.3998 3.3465, -9.1002 0.3998 3.3465, -9.0639 0.4882 3.3465, -9.0 0.4242 3.3465, -9.0197 -0.444 3.3465, -8.9361 0.4882 3.3465, -9.9361 -0.4882 3.3465, -9.0639 -0.4882 3.3465, -10.8998 0.3998 3.3465, -11.0 -0.4242 3.3465, -10.8998 -0.3998 3.3465, -10.9803 -0.444 3.3465, -10.1002 -0.3998 3.3465, -10.1002 0.3998 3.3465, -10.0639 0.4882 3.3465, -10.0 0.4242 3.3465, -10.0197 -0.444 3.3465, -9.9361 0.4882 3.3465, -10.9361 -0.4882 3.3465, -10.0639 -0.4882 3.3465, -12.8998 0.3998 3.3465, -13.0 -0.4242 3.3465, -12.8998 -0.3998 3.3465, -12.9803 -0.444 3.3465, -12.1002 -0.3998 3.3465, -12.1002 0.3998 3.3465, -12.0639 0.4882 3.3465, -12.0 0.4242 3.3465, -11.8998 0.3998 3.3465, -12.0 -0.4242 3.3465, -11.8998 -0.3998 3.3465, -11.9803 -0.444 3.3465, -11.1002 -0.3998 3.3465, -11.1002 0.3998 3.3465, -11.0639 0.4882 3.3465, -11.0 0.4242 3.3465, -12.0197 -0.444 3.3465, -11.0197 -0.444 3.3465, -11.9361 0.4882 3.3465, -10.9361 0.4882 3.3465, -11.9361 -0.4882 3.3465, -11.0639 -0.4882 3.3465, -12.9361 -0.4882 3.3465, -12.0639 -0.4882 3.3465, -13.8998 0.3998 3.3465, -14.0 -0.4242 3.3465, -13.8998 -0.3998 3.3465, -13.9803 -0.444 3.3465, -13.1002 -0.3998 3.3465, -13.1002 0.3998 3.3465, -13.0639 0.4882 3.3465, -13.0 0.4242 3.3465, -13.0197 -0.444 3.3465, -12.9361 0.4882 3.3465, -13.9361 -0.4882 3.3465, -13.0639 -0.4882 3.3465, -14.8998 0.3998 3.3465, -15.0 -0.4242 3.3465, -14.8998 -0.3998 3.3465, -14.9803 -0.444 3.3465, -14.1002 -0.3998 3.3465, -14.1002 0.3998 3.3465, -14.0639 0.4882 3.3465, -14.0 0.4242 3.3465, -14.0197 -0.444 3.3465, -13.9361 0.4882 3.3465, -14.9361 -0.4882 3.3465, -14.0639 -0.4882 3.3465, -15.8998 0.3998 3.3465, -16.0 -0.4242 3.3465, -15.8998 -0.3998 3.3465, -15.9803 -0.444 3.3465, -15.1002 -0.3998 3.3465, -15.1002 0.3998 3.3465, -15.0639 0.4882 3.3465, -15.0 0.4242 3.3465, -15.0197 -0.444 3.3465, -14.9361 0.4882 3.3465, -15.9361 -0.4882 3.3465, -15.0639 -0.4882 3.3465, -16.8998 0.3998 3.3465, -17.0 -0.4242 3.3465, -16.8998 -0.3998 3.3465, -16.9803 -0.444 3.3465, -16.1002 -0.3998 3.3465, -16.1002 0.3998 3.3465, -16.0639 0.4882 3.3465, -16.0 0.4242 3.3465, -16.0197 -0.444 3.3465, -15.9361 0.4882 3.3465, -16.9361 -0.4882 3.3465, -16.0639 -0.4882 3.3465, -17.8998 0.3998 3.3465, -18.0 -0.4242 3.3465, -17.8998 -0.3998 3.3465, -17.9803 -0.444 3.3465, -17.1002 -0.3998 3.3465, -17.1002 0.3998 3.3465, -17.0639 0.4882 3.3465, -17.0 0.4242 3.3465, -17.0197 -0.444 3.3465, -16.9361 0.4882 3.3465, -17.9361 -0.4882 3.3465, -17.0639 -0.4882 3.3465, -18.9361 0.4882 3.3465, -19.0 0.4242 3.3465, -18.8998 0.3998 3.3465, -19.0 -0.4242 3.3465, -18.8998 -0.3998 3.3465, -18.9803 -0.444 3.3465, -18.1002 -0.3998 3.3465, -18.0639 0.4882 3.3465, -18.1002 0.3998 3.3465, -18.0 0.4242 3.3465, -18.0197 -0.444 3.3465, -17.9361 0.4882 3.3465, -18.9361 -0.4882 3.3465, -18.0639 -0.4882 3.3465, -19.1002 -0.3998 3.3465, -19.8998 -0.3998 3.3465, -19.944 -0.444 3.3465, -19.8998 0.3998 3.3465, -19.944 0.4803 3.3465, -19.9361 0.4882 3.3465, -19.1002 0.3998 3.3465, -19.0639 0.4882 3.3465, -19.9882 -0.4361 3.3465, -19.9803 -0.444 3.3465, -19.944 -0.4803 3.3465, -19.9361 -0.4882 3.3465, -19.0639 -0.4882 3.3465, -19.0197 -0.444 3.3465, -19.9882 0.4361 3.3465, 18.6969 0.1969 3.0671, 18.6969 -0.1969 3.0671, 18.3031 0.1969 3.0671, 18.3031 -0.1969 3.0671, 17.6969 0.1969 3.0671, 17.6969 -0.1969 3.0671, 17.3031 0.1969 3.0671, 17.3031 -0.1969 3.0671, 16.6969 0.1969 3.0671, 16.6969 -0.1969 3.0671, 16.3031 0.1969 3.0671, 16.3031 -0.1969 3.0671, 15.6969 0.1969 3.0671, 15.6969 -0.1969 3.0671, 15.3032 0.1969 3.0671, 15.3032 -0.1969 3.0671, 14.6969 0.1969 3.0671, 14.6969 -0.1969 3.0671, 14.3031 0.1969 3.0671, 14.3031 -0.1969 3.0671, 13.6969 0.1969 3.0671, 13.6969 -0.1969 3.0671, 13.3031 0.1969 3.0671, 13.3031 -0.1969 3.0671, 12.6969 0.1969 3.0671, 12.6969 -0.1969 3.0671, 12.3032 0.1969 3.0671, 12.3032 -0.1969 3.0671, 11.6969 0.1969 3.0671, 11.6969 -0.1969 3.0671, 11.3031 0.1969 3.0671, 11.3031 -0.1969 3.0671, 10.6969 0.1969 3.0671, 10.6969 -0.1969 3.0671, 10.3031 0.1969 3.0671, 10.3031 -0.1969 3.0671, 9.6969 0.1969 3.0671, 9.6969 -0.1969 3.0671, 9.3031 0.1969 3.0671, 9.3031 -0.1969 3.0671, 8.6969 0.1969 3.0671, 8.6969 -0.1969 3.0671, 8.3031 0.1969 3.0671, 8.3031 -0.1969 3.0671, 7.6969 0.1969 3.0671, 7.6969 -0.1969 3.0671, 7.3031 0.1969 3.0671, 7.3031 -0.1969 3.0671, 6.6969 0.1969 3.0671, 6.6969 -0.1969 3.0671, 6.3032 0.1969 3.0671, 6.3032 -0.1969 3.0671, 5.6969 0.1969 3.0671, 5.6969 -0.1969 3.0671, 5.3031 0.1969 3.0671, 5.3031 -0.1969 3.0671, 4.6969 0.1969 3.0671, 4.6969 -0.1969 3.0671, 4.3031 0.1969 3.0671, 4.3031 -0.1969 3.0671, 3.6969 0.1969 3.0671, 3.6969 -0.1969 3.0671, 3.3032 0.1969 3.0671, 3.3032 -0.1969 3.0671, 2.6969 0.1969 3.0671, 2.6969 -0.1969 3.0671, 2.3031 0.1969 3.0671, 2.3031 -0.1969 3.0671, 1.6969 0.1969 3.0671, 1.6969 -0.1969 3.0671, 1.3031 0.1969 3.0671, 1.3031 -0.1969 3.0671, 0.6969 0.1969 3.0671, 0.6969 -0.1969 3.0671, 0.3031 0.1969 3.0671, 0.3031 -0.1969 3.0671, -0.3031 0.1969 3.0671, -0.3031 -0.1969 3.0671, -0.6968 0.1969 3.0671, -0.6968 -0.1969 3.0671, -1.3031 0.1969 3.0671, -1.3031 -0.1969 3.0671, -1.6969 0.1969 3.0671, -1.6969 -0.1969 3.0671, -2.3031 0.1969 3.0671, -2.3031 -0.1969 3.0671, -2.6969 0.1969 3.0671, -2.6969 -0.1969 3.0671, -3.3031 0.1969 3.0671, -3.3031 -0.1969 3.0671, -3.6968 0.1969 3.0671, -3.6968 -0.1969 3.0671, -4.3032 0.1969 3.0671, -4.3032 -0.1969 3.0671, -4.6968 0.1969 3.0671, -4.6968 -0.1969 3.0671, -5.3031 0.1969 3.0671, -5.3031 -0.1969 3.0671, -5.6969 0.1969 3.0671, -5.6969 -0.1969 3.0671, -6.3031 0.1969 3.0671, -6.3031 -0.1969 3.0671, -6.6969 0.1969 3.0671, -6.6969 -0.1969 3.0671, -7.3031 0.1969 3.0671, -7.3031 -0.1969 3.0671, -7.6969 0.1969 3.0671, -7.6969 -0.1969 3.0671, -8.3032 0.1969 3.0671, -8.3032 -0.1969 3.0671, -8.6969 0.1969 3.0671, -8.6969 -0.1969 3.0671, -9.3032 0.1969 3.0671, -9.3032 -0.1969 3.0671, -9.6969 0.1969 3.0671, -9.6969 -0.1969 3.0671, -10.3031 0.1969 3.0671, -10.3031 -0.1969 3.0671, -10.6969 0.1969 3.0671, -10.6969 -0.1969 3.0671, -11.3031 0.1969 3.0671, -11.3031 -0.1969 3.0671, -11.6969 0.1969 3.0671, -11.6969 -0.1969 3.0671, -12.3031 0.1969 3.0671, -12.3031 -0.1969 3.0671, -12.6968 0.1969 3.0671, -12.6968 -0.1969 3.0671, -13.3031 0.1969 3.0671, -13.3031 -0.1969 3.0671, -13.6968 0.1969 3.0671, -13.6968 -0.1969 3.0671, -14.3031 0.1969 3.0671, -14.3031 -0.1969 3.0671, -14.6969 0.1969 3.0671, -14.6969 -0.1969 3.0671, -15.3032 0.1969 3.0671, -15.3032 -0.1969 3.0671, -15.6969 0.1969 3.0671, -15.6969 -0.1969 3.0671, -16.3032 0.1969 3.0671, -16.3032 -0.1969 3.0671, -16.6969 0.1969 3.0671, -16.6969 -0.1969 3.0671, -17.3031 0.1969 3.0671, -17.3031 -0.1969 3.0671, -17.6969 0.1969 3.0671, -17.6969 -0.1969 3.0671, -18.3031 0.1969 3.0671, -18.3031 -0.1969 3.0671, -18.6968 0.1969 3.0671, -18.6968 -0.1969 3.0671, -19.3031 0.1969 3.0671, -19.3031 -0.1969 3.0671, -19.6968 0.1969 3.0671, -19.6968 -0.1969 3.0671, 18.1098 -0.3902 3.3415, 18.3009 -0.1991 3.0739, 18.1098 0.3902 3.3415, 18.3009 0.1991 3.0739, 18.8902 -0.3902 3.3415, 18.6991 -0.1991 3.0739, 18.8902 0.3902 3.3415, 18.6991 0.1991 3.0739, 17.301 0.1991 3.0739, 17.1098 0.3902 3.3415, 17.301 -0.1991 3.0739, 17.1098 -0.3902 3.3415, 17.6991 -0.1991 3.0739, 17.8902 -0.3902 3.3415, 17.6991 0.1991 3.0739, 17.8902 0.3902 3.3415, 16.301 0.1991 3.0739, 16.1098 0.3902 3.3415, 16.301 -0.1991 3.0739, 16.1098 -0.3902 3.3415, 16.6991 -0.1991 3.0739, 16.8902 -0.3902 3.3415, 16.6991 0.1991 3.0739, 16.8902 0.3902 3.3415, 15.301 0.1991 3.0739, 15.1098 0.3902 3.3415, 15.301 -0.1991 3.0739, 15.1098 -0.3902 3.3415, 15.6991 -0.1991 3.0739, 15.8902 -0.3902 3.3415, 15.6991 0.1991 3.0739, 15.8902 0.3902 3.3415, 14.301 0.1991 3.0739, 14.1098 0.3902 3.3415, 14.301 -0.1991 3.0739, 14.1098 -0.3902 3.3415, 14.6991 -0.1991 3.0739, 14.8902 -0.3902 3.3415, 14.6991 0.1991 3.0739, 14.8902 0.3902 3.3415, 13.301 0.1991 3.0739, 13.1098 0.3902 3.3415, 13.301 -0.1991 3.0739, 13.1098 -0.3902 3.3415, 13.6991 -0.1991 3.0739, 13.8902 -0.3902 3.3415, 13.6991 0.1991 3.0739, 13.8902 0.3902 3.3415, 12.301 0.1991 3.0739, 12.1098 0.3902 3.3415, 12.301 -0.1991 3.0739, 12.1098 -0.3902 3.3415, 12.6991 -0.1991 3.0739, 12.8902 -0.3902 3.3415, 12.6991 0.1991 3.0739, 12.8902 0.3902 3.3415, 11.301 0.1991 3.0739, 11.1098 0.3902 3.3415, 11.301 -0.1991 3.0739, 11.1098 -0.3902 3.3415, 11.6991 -0.1991 3.0739, 11.8902 -0.3902 3.3415, 11.6991 0.1991 3.0739, 11.8902 0.3902 3.3415, 10.3009 0.1991 3.0739, 10.1098 0.3902 3.3415, 10.3009 -0.1991 3.0739, 10.1098 -0.3902 3.3415, 10.6991 -0.1991 3.0739, 10.8902 -0.3902 3.3415, 10.6991 0.1991 3.0739, 10.8902 0.3902 3.3415, 9.3009 0.1991 3.0739, 9.1098 0.3902 3.3415, 9.3009 -0.1991 3.0739, 9.1098 -0.3902 3.3415, 9.6991 -0.1991 3.0739, 9.8902 -0.3902 3.3415, 9.6991 0.1991 3.0739, 9.8902 0.3902 3.3415, 8.3009 0.1991 3.0739, 8.1098 0.3902 3.3415, 8.3009 -0.1991 3.0739, 8.1098 -0.3902 3.3415, 8.6991 -0.1991 3.0739, 8.8902 -0.3902 3.3415, 8.6991 0.1991 3.0739, 8.8902 0.3902 3.3415, 7.3009 0.1991 3.0739, 7.1098 0.3902 3.3415, 7.3009 -0.1991 3.0739, 7.1098 -0.3902 3.3415, 7.6991 -0.1991 3.0739, 7.8902 -0.3902 3.3415, 7.6991 0.1991 3.0739, 7.8902 0.3902 3.3415, 6.3009 0.1991 3.0739, 6.1098 0.3902 3.3415, 6.3009 -0.1991 3.0739, 6.1098 -0.3902 3.3415, 6.6991 -0.1991 3.0739, 6.8902 -0.3902 3.3415, 6.6991 0.1991 3.0739, 6.8902 0.3902 3.3415, 5.3009 0.1991 3.0739, 5.1098 0.3902 3.3415, 5.3009 -0.1991 3.0739, 5.1098 -0.3902 3.3415, 5.6991 -0.1991 3.0739, 5.8902 -0.3902 3.3415, 5.6991 0.1991 3.0739, 5.8902 0.3902 3.3415, 4.3009 0.1991 3.0739, 4.1098 0.3902 3.3415, 4.3009 -0.1991 3.0739, 4.1098 -0.3902 3.3415, 4.6991 -0.1991 3.0739, 4.8902 -0.3902 3.3415, 4.6991 0.1991 3.0739, 4.8902 0.3902 3.3415, 3.301 0.1991 3.0739, 3.1098 0.3902 3.3415, 3.301 -0.1991 3.0739, 3.1098 -0.3902 3.3415, 3.6991 -0.1991 3.0739, 3.8902 -0.3902 3.3415, 3.6991 0.1991 3.0739, 3.8902 0.3902 3.3415, 2.3009 0.1991 3.0739, 2.1098 0.3902 3.3415, 2.3009 -0.1991 3.0739, 2.1098 -0.3902 3.3415, 2.6991 -0.1991 3.0739, 2.8902 -0.3902 3.3415, 2.6991 0.1991 3.0739, 2.8902 0.3902 3.3415, 1.3009 0.1991 3.0739, 1.1098 0.3902 3.3415, 1.3009 -0.1991 3.0739, 1.1098 -0.3902 3.3415, 1.6991 -0.1991 3.0739, 1.8902 -0.3902 3.3415, 1.6991 0.1991 3.0739, 1.8902 0.3902 3.3415, 0.301 0.1991 3.0739, 0.1098 0.3902 3.3415, 0.301 -0.1991 3.0739, 0.1098 -0.3902 3.3415, 0.6991 -0.1991 3.0739, 0.8902 -0.3902 3.3415, 0.6991 0.1991 3.0739, 0.8902 0.3902 3.3415, -0.6991 0.1991 3.0739, -0.8902 0.3902 3.3415, -0.6991 -0.1991 3.0739, -0.8902 -0.3902 3.3415, -0.3009 -0.1991 3.0739, -0.1098 -0.3902 3.3415, -0.3009 0.1991 3.0739, -0.1098 0.3902 3.3415, -1.6991 0.1991 3.0739, -1.8902 0.3902 3.3415, -1.6991 -0.1991 3.0739, -1.8902 -0.3902 3.3415, -1.3009 -0.1991 3.0739, -1.1098 -0.3902 3.3415, -1.3009 0.1991 3.0739, -1.1098 0.3902 3.3415, -2.6991 0.1991 3.0739, -2.8902 0.3902 3.3415, -2.6991 -0.1991 3.0739, -2.8902 -0.3902 3.3415, -2.3009 -0.1991 3.0739, -2.1098 -0.3902 3.3415, -2.3009 0.1991 3.0739, -2.1098 0.3902 3.3415, -3.699 0.1991 3.0739, -3.8902 0.3902 3.3415, -3.699 -0.1991 3.0739, -3.8902 -0.3902 3.3415, -3.3009 -0.1991 3.0739, -3.1098 -0.3902 3.3415, -3.3009 0.1991 3.0739, -3.1098 0.3902 3.3415, -4.699 0.1991 3.0739, -4.8902 0.3902 3.3415, -4.699 -0.1991 3.0739, -4.8902 -0.3902 3.3415, -4.301 -0.1991 3.0739, -4.1098 -0.3902 3.3415, -4.301 0.1991 3.0739, -4.1098 0.3902 3.3415, -5.6991 0.1991 3.0739, -5.8902 0.3902 3.3415, -5.6991 -0.1991 3.0739, -5.8902 -0.3902 3.3415, -5.3009 -0.1991 3.0739, -5.1098 -0.3902 3.3415, -5.3009 0.1991 3.0739, -5.1098 0.3902 3.3415, -6.6991 0.1991 3.0739, -6.8902 0.3902 3.3415, -6.6991 -0.1991 3.0739, -6.8902 -0.3902 3.3415, -6.301 -0.1991 3.0739, -6.1098 -0.3902 3.3415, -6.301 0.1991 3.0739, -6.1098 0.3902 3.3415, -7.6991 0.1991 3.0739, -7.8902 0.3902 3.3415, -7.6991 -0.1991 3.0739, -7.8902 -0.3902 3.3415, -7.3009 -0.1991 3.0739, -7.1098 -0.3902 3.3415, -7.3009 0.1991 3.0739, -7.1098 0.3902 3.3415, -8.699 0.1991 3.0739, -8.8902 0.3902 3.3415, -8.699 -0.1991 3.0739, -8.8902 -0.3902 3.3415, -8.3009 -0.1991 3.0739, -8.1098 -0.3902 3.3415, -8.3009 0.1991 3.0739, -8.1098 0.3902 3.3415, -9.699 0.1991 3.0739, -9.8902 0.3902 3.3415, -9.699 -0.1991 3.0739, -9.8902 -0.3902 3.3415, -9.3009 -0.1991 3.0739, -9.1098 -0.3902 3.3415, -9.3009 0.1991 3.0739, -9.1098 0.3902 3.3415, -10.6991 0.1991 3.0739, -10.8902 0.3902 3.3415, -10.6991 -0.1991 3.0739, -10.8902 -0.3902 3.3415, -10.3009 -0.1991 3.0739, -10.1098 -0.3902 3.3415, -10.3009 0.1991 3.0739, -10.1098 0.3902 3.3415, -11.6991 0.1991 3.0739, -11.8902 0.3902 3.3415, -11.6991 -0.1991 3.0739, -11.8902 -0.3902 3.3415, -11.3009 -0.1991 3.0739, -11.1098 -0.3902 3.3415, -11.3009 0.1991 3.0739, -11.1098 0.3902 3.3415, -12.6991 0.1991 3.0739, -12.8902 0.3902 3.3415, -12.6991 -0.1991 3.0739, -12.8902 -0.3902 3.3415, -12.3009 -0.1991 3.0739, -12.1098 -0.3902 3.3415, -12.3009 0.1991 3.0739, -12.1098 0.3902 3.3415, -13.6991 0.1991 3.0739, -13.8902 0.3902 3.3415, -13.6991 -0.1991 3.0739, -13.8902 -0.3902 3.3415, -13.301 -0.1991 3.0739, -13.1098 -0.3902 3.3415, -13.301 0.1991 3.0739, -13.1098 0.3902 3.3415, -14.699 0.1991 3.0739, -14.8902 0.3902 3.3415, -14.699 -0.1991 3.0739, -14.8902 -0.3902 3.3415, -14.3009 -0.1991 3.0739, -14.1098 -0.3902 3.3415, -14.3009 0.1991 3.0739, -14.1098 0.3902 3.3415, -15.699 0.1991 3.0739, -15.8902 0.3902 3.3415, -15.699 -0.1991 3.0739, -15.8902 -0.3902 3.3415, -15.3009 -0.1991 3.0739, -15.1098 -0.3902 3.3415, -15.3009 0.1991 3.0739, -15.1098 0.3902 3.3415, -16.699 0.1991 3.0739, -16.8902 0.3902 3.3415, -16.699 -0.1991 3.0739, -16.8902 -0.3902 3.3415, -16.3009 -0.1991 3.0739, -16.1098 -0.3902 3.3415, -16.3009 0.1991 3.0739, -16.1098 0.3902 3.3415, -17.6991 0.1991 3.0739, -17.8902 0.3902 3.3415, -17.6991 -0.1991 3.0739, -17.8902 -0.3902 3.3415, -17.3009 -0.1991 3.0739, -17.1098 -0.3902 3.3415, -17.3009 0.1991 3.0739, -17.1098 0.3902 3.3415, -18.6991 0.1991 3.0739, -18.8902 0.3902 3.3415, -18.6991 -0.1991 3.0739, -18.8902 -0.3902 3.3415, -18.3009 -0.1991 3.0739, -18.1098 -0.3902 3.3415, -18.3009 0.1991 3.0739, -18.1098 0.3902 3.3415, -19.6991 0.1991 3.0739, -19.8902 0.3902 3.3415, -19.6991 -0.1991 3.0739, -19.8902 -0.3902 3.3415, -19.3009 -0.1991 3.0739, -19.1098 -0.3902 3.3415, -19.3009 0.1991 3.0739, -19.1098 0.3902 3.3415, -19.9908 -0.4371 3.3461, -19.9908 0.4371 3.3462, -19.9912 -0.4373 3.3461, -19.9912 0.4373 3.346, -19.9933 -0.4382 3.3452, -19.9933 0.4382 3.3453, -19.9941 -0.4385 3.3449, -19.9941 0.4385 3.3448, -19.9955 -0.4391 3.3438, -19.9956 0.4391 3.3439, -19.9965 -0.4395 3.343, -19.9965 0.4395 3.3429, -19.9974 0.4399 3.342, -19.9974 -0.4399 3.342, -19.9984 0.4403 3.3405, -19.9984 -0.4403 3.3405, -19.9988 -0.4405 3.3398, -19.9988 0.4405 3.3398, -19.9996 -0.4408 3.3377, -19.9996 0.4408 3.3377, -19.9997 0.4408 3.3373, -19.9997 -0.4408 3.3373, -19.9371 -0.4908 3.3461, -19.9391 -0.4955 3.3438, -19.9385 -0.4941 3.3449, -19.9382 -0.4933 3.3452, -19.9373 -0.4912 3.3461, -19.9395 -0.4965 3.343, -19.9399 -0.4974 3.342, -19.9403 -0.4984 3.3405, -19.9405 -0.4988 3.3398, -19.9408 -0.4996 3.3377, -19.9408 -0.4997 3.3373, -19.9371 0.4908 3.3462, -19.9373 0.4912 3.346, -19.9382 0.4933 3.3453, -19.9385 0.4941 3.3448, -19.9391 0.4956 3.3439, -19.9395 0.4965 3.3429, -19.9399 0.4974 3.342, -19.9403 0.4984 3.3405, -19.9405 0.4988 3.3398, -19.9408 0.4996 3.3377, -19.9408 0.4997 3.3373, -19.0627 -0.4912 3.3461, -19.0615 -0.4941 3.3449, -19.0605 -0.4965 3.343, -19.0601 -0.4976 3.3418, -19.0597 -0.4984 3.3406, -19.0594 -0.4991 3.3392, -19.0592 -0.4996 3.3377, -19.0591 -0.4999 3.3362, -19.0591 0.4999 3.3362, -19.0592 0.4996 3.3377, -19.0594 0.4991 3.3392, -19.0597 0.4984 3.3406, -19.0601 0.4976 3.3418, -19.0605 0.4965 3.343, -19.0615 0.4941 3.3449, -19.0627 0.4912 3.3461, -19.0 -0.4326 3.3449, -19.0 -0.4314 3.3452, -19.0 -0.4286 3.3461, -19.0 -0.4279 3.3461, -19.0 -0.4408 3.336, -19.0 -0.4405 3.3373, -19.0 -0.4404 3.3377, -19.0 -0.4393 3.3398, -19.0 -0.4386 3.3405, -19.0 -0.4373 3.342, -19.0 -0.4361 3.343, -19.0 -0.4346 3.3438, -19.0 0.4408 3.336, -19.0 0.436 3.3429, -19.0 0.4373 3.342, -19.0 0.4386 3.3405, -19.0 0.4393 3.3398, -19.0 0.4404 3.3377, -19.0 0.4405 3.3373, -19.0 0.4347 3.3439, -19.0 0.4325 3.3448, -19.0 0.4315 3.3453, -19.0 0.4285 3.346, -19.0 0.428 3.3462, -18.9371 -0.4908 3.3461, -18.9373 -0.4912 3.3461, -18.9382 -0.4933 3.3452, -18.9408 -0.4997 3.3373, -18.9408 -0.4996 3.3377, -18.9405 -0.4988 3.3398, -18.9403 -0.4984 3.3405, -18.9399 -0.4974 3.342, -18.9395 -0.4965 3.343, -18.9391 -0.4955 3.3438, -18.9385 -0.4941 3.3449, -18.9408 0.4997 3.3373, -18.9391 0.4956 3.3439, -18.9385 0.4941 3.3448, -18.9408 0.4996 3.3377, -18.9405 0.4988 3.3398, -18.9403 0.4984 3.3405, -18.9399 0.4974 3.342, -18.9395 0.4965 3.3429, -18.9382 0.4933 3.3453, -18.9371 0.4908 3.3462, -18.9373 0.4912 3.346, -18.0629 -0.4908 3.3461, -18.0627 -0.4912 3.3461, -18.0618 -0.4933 3.3452, -18.0615 -0.4941 3.3449, -18.0609 -0.4955 3.3438, -18.0605 -0.4965 3.343, -18.0601 -0.4974 3.342, -18.0597 -0.4984 3.3405, -18.0595 -0.4988 3.3398, -18.0592 -0.4996 3.3377, -18.0592 -0.4997 3.3373, -18.0591 0.4999 3.3362, -18.0592 0.4996 3.3377, -18.0594 0.4991 3.3392, -18.0597 0.4984 3.3406, -18.0601 0.4976 3.3418, -18.0605 0.4965 3.343, -18.0615 0.4941 3.3449, -18.0627 0.4912 3.3461, -18.0 -0.428 3.3462, -18.0 -0.4315 3.3453, -18.0 -0.4347 3.3439, -18.0 -0.4373 3.342, -18.0 -0.4393 3.3398, -18.0 -0.44 3.3385, -18.0 -0.4405 3.3373, -18.0 -0.4408 3.336, -18.0 0.4408 3.336, -18.0 0.436 3.3429, -18.0 0.4373 3.342, -18.0 0.4386 3.3405, -18.0 0.4393 3.3398, -18.0 0.4404 3.3377, -18.0 0.4405 3.3373, -18.0 0.4347 3.3439, -18.0 0.4325 3.3448, -18.0 0.4315 3.3453, -18.0 0.4285 3.346, -18.0 0.428 3.3462, -17.9371 -0.4908 3.3461, -17.9373 -0.4912 3.3461, -17.9385 -0.4941 3.3449, -17.9382 -0.4933 3.3452, -17.9395 -0.4965 3.343, -17.9391 -0.4955 3.3438, -17.9408 -0.4997 3.3373, -17.9408 -0.4996 3.3377, -17.9405 -0.4988 3.3398, -17.9403 -0.4984 3.3405, -17.9399 -0.4974 3.342, -17.9408 0.4997 3.3373, -17.9408 0.4996 3.3377, -17.9405 0.4988 3.3398, -17.9403 0.4984 3.3405, -17.9399 0.4974 3.342, -17.9395 0.4965 3.3429, -17.9391 0.4956 3.3439, -17.9385 0.4941 3.3448, -17.9382 0.4933 3.3453, -17.9371 0.4908 3.3462, -17.9373 0.4912 3.346, -17.0627 -0.4912 3.3461, -17.0615 -0.4941 3.3449, -17.0605 -0.4965 3.343, -17.0601 -0.4976 3.3418, -17.0597 -0.4984 3.3406, -17.0594 -0.4991 3.3392, -17.0592 -0.4996 3.3377, -17.0591 -0.4999 3.3362, -17.0618 0.4933 3.3453, -17.0615 0.4941 3.3448, -17.0609 0.4956 3.3439, -17.0605 0.4965 3.3429, -17.0601 0.4974 3.342, -17.0597 0.4984 3.3405, -17.0595 0.4988 3.3398, -17.0592 0.4996 3.3377, -17.0592 0.4997 3.3373, -17.0629 0.4908 3.3462, -17.0627 0.4912 3.346, -17.0 -0.4326 3.3449, -17.0 -0.4314 3.3452, -17.0 -0.4286 3.3461, -17.0 -0.4279 3.3461, -17.0 -0.4408 3.336, -17.0 -0.4405 3.3373, -17.0 -0.4404 3.3377, -17.0 -0.4393 3.3398, -17.0 -0.4386 3.3405, -17.0 -0.4373 3.342, -17.0 -0.4361 3.343, -17.0 -0.4346 3.3438, -17.0 0.4408 3.336, -17.0 0.4405 3.3373, -17.0 0.4404 3.3377, -17.0 0.4393 3.3398, -17.0 0.4386 3.3405, -17.0 0.4373 3.342, -17.0 0.436 3.3429, -17.0 0.4347 3.3439, -17.0 0.4325 3.3448, -17.0 0.4315 3.3453, -17.0 0.4285 3.346, -17.0 0.428 3.3462, -16.9371 -0.4908 3.3461, -16.9373 -0.4912 3.3461, -16.9382 -0.4933 3.3452, -16.9408 -0.4997 3.3373, -16.9408 -0.4996 3.3377, -16.9405 -0.4988 3.3398, -16.9403 -0.4984 3.3405, -16.9399 -0.4974 3.342, -16.9395 -0.4965 3.343, -16.9391 -0.4955 3.3438, -16.9385 -0.4941 3.3449, -16.9409 0.4999 3.3362, -16.9408 0.4996 3.3377, -16.9406 0.4991 3.3392, -16.9403 0.4984 3.3406, -16.9399 0.4976 3.3418, -16.9395 0.4965 3.343, -16.9385 0.4941 3.3449, -16.9373 0.4912 3.3461, -16.0627 -0.4912 3.3461, -16.0615 -0.4941 3.3449, -16.0605 -0.4965 3.343, -16.0601 -0.4976 3.3418, -16.0597 -0.4984 3.3406, -16.0594 -0.4991 3.3392, -16.0592 -0.4996 3.3377, -16.0591 -0.4999 3.3362, -16.0592 0.4997 3.3373, -16.0592 0.4996 3.3377, -16.0595 0.4988 3.3398, -16.0597 0.4984 3.3405, -16.0601 0.4974 3.342, -16.0605 0.4965 3.3429, -16.0609 0.4956 3.3439, -16.0615 0.4941 3.3448, -16.0618 0.4933 3.3453, -16.0627 0.4912 3.346, -16.0629 0.4908 3.3462, -16.0 -0.4286 3.3461, -16.0 -0.4326 3.3449, -16.0 -0.4408 3.3362, -16.0 -0.4404 3.3377, -16.0 -0.4397 3.3392, -16.0 -0.4387 3.3406, -16.0 -0.4375 3.3418, -16.0 -0.4361 3.343, -16.0 0.4408 3.336, -16.0 0.4405 3.3373, -16.0 0.44 3.3385, -16.0 0.4393 3.3398, -16.0 0.4373 3.342, -16.0 0.4347 3.3439, -16.0 0.4315 3.3453, -16.0 0.428 3.3462, -15.9371 -0.4908 3.3461, -15.9373 -0.4912 3.3461, -15.9382 -0.4933 3.3452, -15.9385 -0.4941 3.3449, -15.9391 -0.4955 3.3438, -15.9395 -0.4965 3.343, -15.9399 -0.4974 3.342, -15.9403 -0.4984 3.3405, -15.9405 -0.4988 3.3398, -15.9408 -0.4996 3.3377, -15.9408 -0.4997 3.3373, -15.9408 0.4997 3.3373, -15.9408 0.4996 3.3377, -15.9405 0.4988 3.3398, -15.9403 0.4984 3.3405, -15.9399 0.4974 3.342, -15.9391 0.4956 3.3439, -15.9395 0.4965 3.3429, -15.9371 0.4908 3.3462, -15.9373 0.4912 3.346, -15.9382 0.4933 3.3453, -15.9385 0.4941 3.3448, -15.0629 -0.4908 3.3462, -15.0618 -0.4933 3.3453, -15.0609 -0.4956 3.3439, -15.0601 -0.4974 3.342, -15.0595 -0.4988 3.3398, -15.0592 -0.4997 3.3373, -15.0591 0.4999 3.3362, -15.0592 0.4996 3.3377, -15.0594 0.4991 3.3392, -15.0597 0.4984 3.3406, -15.0601 0.4976 3.3418, -15.0605 0.4965 3.343, -15.0615 0.4941 3.3449, -15.0627 0.4912 3.3461, -15.0 -0.428 3.3462, -15.0 -0.4315 3.3453, -15.0 -0.4347 3.3439, -15.0 -0.4373 3.342, -15.0 -0.4393 3.3398, -15.0 -0.4408 3.336, -15.0 -0.4405 3.3373, -15.0 -0.44 3.3385, -15.0 0.4408 3.336, -15.0 0.436 3.3429, -15.0 0.4373 3.342, -15.0 0.4386 3.3405, -15.0 0.4393 3.3398, -15.0 0.4404 3.3377, -15.0 0.4405 3.3373, -15.0 0.4347 3.3439, -15.0 0.4325 3.3448, -15.0 0.4315 3.3453, -15.0 0.4285 3.346, -15.0 0.428 3.3462, -14.9371 -0.4908 3.3461, -14.9373 -0.4912 3.3461, -14.9385 -0.4941 3.3449, -14.9382 -0.4933 3.3452, -14.9395 -0.4965 3.343, -14.9391 -0.4955 3.3438, -14.9408 -0.4997 3.3373, -14.9408 -0.4996 3.3377, -14.9405 -0.4988 3.3398, -14.9403 -0.4984 3.3405, -14.9399 -0.4974 3.342, -14.9408 0.4997 3.3373, -14.9405 0.4988 3.3398, -14.9399 0.4974 3.342, -14.9391 0.4956 3.3439, -14.9382 0.4933 3.3453, -14.9371 0.4908 3.3462, -14.0627 -0.4912 3.3461, -14.0615 -0.4941 3.3449, -14.0605 -0.4965 3.343, -14.0601 -0.4976 3.3418, -14.0597 -0.4984 3.3406, -14.0594 -0.4991 3.3392, -14.0592 -0.4996 3.3377, -14.0591 -0.4999 3.3362, -14.0592 0.4997 3.3373, -14.0592 0.4996 3.3377, -14.0595 0.4988 3.3398, -14.0597 0.4984 3.3405, -14.0601 0.4974 3.342, -14.0605 0.4965 3.3429, -14.0609 0.4956 3.3439, -14.0615 0.4941 3.3448, -14.0618 0.4933 3.3453, -14.0627 0.4912 3.346, -14.0629 0.4908 3.3462, -14.0 -0.4326 3.3449, -14.0 -0.4314 3.3452, -14.0 -0.4286 3.3461, -14.0 -0.4279 3.3461, -14.0 -0.4408 3.336, -14.0 -0.4405 3.3373, -14.0 -0.4404 3.3377, -14.0 -0.4393 3.3398, -14.0 -0.4386 3.3405, -14.0 -0.4373 3.342, -14.0 -0.4361 3.343, -14.0 -0.4346 3.3438, -14.0 0.4408 3.3362, -14.0 0.4404 3.3377, -14.0 0.4397 3.3392, -14.0 0.4387 3.3406, -14.0 0.4375 3.3418, -14.0 0.4361 3.343, -14.0 0.4326 3.3449, -14.0 0.4286 3.3461, -13.9371 -0.4908 3.3461, -13.9373 -0.4912 3.3461, -13.9382 -0.4933 3.3452, -13.9408 -0.4997 3.3373, -13.9408 -0.4996 3.3377, -13.9405 -0.4988 3.3398, -13.9403 -0.4984 3.3405, -13.9399 -0.4974 3.342, -13.9395 -0.4965 3.343, -13.9391 -0.4955 3.3438, -13.9385 -0.4941 3.3449, -13.9409 0.4999 3.3362, -13.9408 0.4996 3.3377, -13.9406 0.4991 3.3392, -13.9403 0.4984 3.3406, -13.9399 0.4976 3.3418, -13.9395 0.4965 3.343, -13.9385 0.4941 3.3449, -13.9373 0.4912 3.3461, -13.0629 -0.4908 3.3461, -13.0627 -0.4912 3.3461, -13.0618 -0.4933 3.3452, -13.0615 -0.4941 3.3449, -13.0609 -0.4955 3.3438, -13.0605 -0.4965 3.343, -13.0601 -0.4974 3.342, -13.0597 -0.4984 3.3405, -13.0595 -0.4988 3.3398, -13.0592 -0.4997 3.3373, -13.0592 -0.4996 3.3377, -13.0591 0.4999 3.3362, -13.0592 0.4996 3.3377, -13.0594 0.4991 3.3392, -13.0597 0.4984 3.3406, -13.0601 0.4976 3.3418, -13.0605 0.4965 3.343, -13.0615 0.4941 3.3449, -13.0627 0.4912 3.3461, -13.0 -0.428 3.3462, -13.0 -0.4315 3.3453, -13.0 -0.4347 3.3439, -13.0 -0.4373 3.342, -13.0 -0.4393 3.3398, -13.0 -0.44 3.3385, -13.0 -0.4405 3.3373, -13.0 -0.4408 3.336, -13.0 0.4408 3.3362, -13.0 0.4404 3.3377, -13.0 0.4397 3.3392, -13.0 0.4387 3.3406, -13.0 0.4375 3.3418, -13.0 0.4361 3.343, -13.0 0.4326 3.3449, -13.0 0.4286 3.3461, -12.9371 -0.4908 3.3462, -12.9382 -0.4933 3.3453, -12.9391 -0.4956 3.3439, -12.9399 -0.4974 3.342, -12.9405 -0.4988 3.3398, -12.9408 -0.4997 3.3373, -12.9409 0.4999 3.3362, -12.9408 0.4996 3.3377, -12.9406 0.4991 3.3392, -12.9403 0.4984 3.3406, -12.9399 0.4976 3.3418, -12.9395 0.4965 3.343, -12.9385 0.4941 3.3449, -12.9373 0.4912 3.3461, -12.0629 -0.4908 3.3461, -12.0627 -0.4912 3.3461, -12.0618 -0.4933 3.3452, -12.0615 -0.4941 3.3449, -12.0609 -0.4955 3.3438, -12.0605 -0.4965 3.343, -12.0601 -0.4974 3.342, -12.0592 -0.4997 3.3373, -12.0592 -0.4996 3.3377, -12.0595 -0.4988 3.3398, -12.0597 -0.4984 3.3405, -12.0592 0.4997 3.3373, -12.0592 0.4996 3.3377, -12.0595 0.4988 3.3398, -12.0597 0.4984 3.3405, -12.0601 0.4974 3.342, -12.0605 0.4965 3.3429, -12.0609 0.4956 3.3439, -12.0615 0.4941 3.3448, -12.0618 0.4933 3.3453, -12.0627 0.4912 3.346, -12.0629 0.4908 3.3462, -12.0 -0.4279 3.3461, -12.0 -0.4286 3.3461, -12.0 -0.4326 3.3449, -12.0 -0.4314 3.3452, -12.0 -0.4346 3.3438, -12.0 -0.4361 3.343, -12.0 -0.4408 3.336, -12.0 -0.4373 3.342, -12.0 -0.4386 3.3405, -12.0 -0.4393 3.3398, -12.0 -0.4404 3.3377, -12.0 -0.4405 3.3373, -12.0 0.4408 3.336, -12.0 0.4405 3.3373, -12.0 0.4404 3.3377, -12.0 0.4393 3.3398, -12.0 0.4386 3.3405, -12.0 0.4373 3.342, -12.0 0.436 3.3429, -12.0 0.4347 3.3439, -12.0 0.4325 3.3448, -12.0 0.4315 3.3453, -12.0 0.4285 3.346, -12.0 0.428 3.3462, -11.9371 -0.4908 3.3462, -11.9382 -0.4933 3.3453, -11.9391 -0.4956 3.3439, -11.9399 -0.4974 3.342, -11.9405 -0.4988 3.3398, -11.9408 -0.4997 3.3373, -11.9373 0.4912 3.346, -11.9385 0.4941 3.3448, -11.9408 0.4997 3.3373, -11.9408 0.4996 3.3377, -11.9405 0.4988 3.3398, -11.9403 0.4984 3.3405, -11.9399 0.4974 3.342, -11.9395 0.4965 3.3429, -11.9391 0.4956 3.3439, -11.9382 0.4933 3.3453, -11.9371 0.4908 3.3462, -11.0629 -0.4908 3.3462, -11.0618 -0.4933 3.3453, -11.0609 -0.4956 3.3439, -11.0601 -0.4974 3.342, -11.0595 -0.4988 3.3398, -11.0592 -0.4997 3.3373, -11.0601 0.4974 3.342, -11.0595 0.4988 3.3398, -11.0592 0.4997 3.3373, -11.0609 0.4956 3.3439, -11.0618 0.4933 3.3453, -11.0629 0.4908 3.3462, -11.0 -0.428 3.3462, -11.0 -0.4315 3.3453, -11.0 -0.4347 3.3439, -11.0 -0.4373 3.342, -11.0 -0.4393 3.3398, -11.0 -0.4408 3.336, -11.0 -0.4405 3.3373, -11.0 -0.44 3.3385, -11.0 0.4408 3.336, -11.0 0.4404 3.3377, -11.0 0.4405 3.3373, -11.0 0.4386 3.3405, -11.0 0.4393 3.3398, -11.0 0.436 3.3429, -11.0 0.4373 3.342, -11.0 0.4325 3.3448, -11.0 0.4347 3.3439, -11.0 0.428 3.3462, -11.0 0.4285 3.346, -11.0 0.4315 3.3453, -10.9371 -0.4908 3.3461, -10.9373 -0.4912 3.3461, -10.9385 -0.4941 3.3449, -10.9382 -0.4933 3.3452, -10.9395 -0.4965 3.343, -10.9391 -0.4955 3.3438, -10.9408 -0.4997 3.3373, -10.9408 -0.4996 3.3377, -10.9405 -0.4988 3.3398, -10.9403 -0.4984 3.3405, -10.9399 -0.4974 3.342, -10.9409 0.4999 3.3362, -10.9408 0.4996 3.3377, -10.9406 0.4991 3.3392, -10.9403 0.4984 3.3406, -10.9399 0.4976 3.3418, -10.9395 0.4965 3.343, -10.9385 0.4941 3.3449, -10.9373 0.4912 3.3461, -10.0627 -0.4912 3.3461, -10.0615 -0.4941 3.3449, -10.0605 -0.4965 3.343, -10.0601 -0.4976 3.3418, -10.0597 -0.4984 3.3406, -10.0594 -0.4991 3.3392, -10.0592 -0.4996 3.3377, -10.0591 -0.4999 3.3362, -10.0592 0.4997 3.3373, -10.0592 0.4996 3.3377, -10.0595 0.4988 3.3398, -10.0597 0.4984 3.3405, -10.0601 0.4974 3.342, -10.0605 0.4965 3.3429, -10.0609 0.4956 3.3439, -10.0615 0.4941 3.3448, -10.0618 0.4933 3.3453, -10.0627 0.4912 3.346, -10.0629 0.4908 3.3462, -10.0 -0.4286 3.3461, -10.0 -0.4326 3.3449, -10.0 -0.4408 3.3362, -10.0 -0.4404 3.3377, -10.0 -0.4397 3.3392, -10.0 -0.4387 3.3406, -10.0 -0.4375 3.3418, -10.0 -0.4361 3.343, -10.0 0.4408 3.336, -10.0 0.4405 3.3373, -10.0 0.4404 3.3377, -10.0 0.4393 3.3398, -10.0 0.4386 3.3405, -10.0 0.4373 3.342, -10.0 0.436 3.3429, -10.0 0.4347 3.3439, -10.0 0.4325 3.3448, -10.0 0.4315 3.3453, -10.0 0.4285 3.346, -10.0 0.428 3.3462, -9.9371 -0.4908 3.3461, -9.9373 -0.4912 3.3461, -9.9382 -0.4933 3.3452, -9.9385 -0.4941 3.3449, -9.9391 -0.4955 3.3438, -9.9395 -0.4965 3.343, -9.9399 -0.4974 3.342, -9.9403 -0.4984 3.3405, -9.9405 -0.4988 3.3398, -9.9408 -0.4996 3.3377, -9.9408 -0.4997 3.3373, -9.9409 0.4999 3.3362, -9.9408 0.4996 3.3377, -9.9406 0.4991 3.3392, -9.9403 0.4984 3.3406, -9.9399 0.4976 3.3418, -9.9395 0.4965 3.343, -9.9385 0.4941 3.3449, -9.9373 0.4912 3.3461, -9.0629 -0.4908 3.3462, -9.0618 -0.4933 3.3453, -9.0609 -0.4956 3.3439, -9.0601 -0.4974 3.342, -9.0595 -0.4988 3.3398, -9.0592 -0.4997 3.3373, -9.0591 0.4999 3.3362, -9.0592 0.4996 3.3377, -9.0594 0.4991 3.3392, -9.0597 0.4984 3.3406, -9.0601 0.4976 3.3418, -9.0605 0.4965 3.343, -9.0615 0.4941 3.3449, -9.0627 0.4912 3.3461, -9.0 -0.428 3.3462, -9.0 -0.4315 3.3453, -9.0 -0.4347 3.3439, -9.0 -0.4373 3.342, -9.0 -0.4393 3.3398, -9.0 -0.4408 3.336, -9.0 -0.4405 3.3373, -9.0 -0.44 3.3385, -9.0 0.4408 3.3362, -9.0 0.4404 3.3377, -9.0 0.4397 3.3392, -9.0 0.4387 3.3406, -9.0 0.4375 3.3418, -9.0 0.4361 3.343, -9.0 0.4326 3.3449, -9.0 0.4286 3.3461, -8.9371 -0.4908 3.3462, -8.9382 -0.4933 3.3453, -8.9391 -0.4956 3.3439, -8.9399 -0.4974 3.342, -8.9405 -0.4988 3.3398, -8.9408 -0.4997 3.3373, -8.9385 0.4941 3.3448, -8.9408 0.4997 3.3373, -8.9408 0.4996 3.3377, -8.9405 0.4988 3.3398, -8.9403 0.4984 3.3405, -8.9399 0.4974 3.342, -8.9395 0.4965 3.3429, -8.9391 0.4956 3.3439, -8.9371 0.4908 3.3462, -8.9373 0.4912 3.346, -8.9382 0.4933 3.3453, -8.0629 -0.4908 3.3462, -8.0618 -0.4933 3.3453, -8.0609 -0.4956 3.3439, -8.0601 -0.4974 3.342, -8.0595 -0.4988 3.3398, -8.0592 -0.4997 3.3373, -8.0601 0.4974 3.342, -8.0597 0.4984 3.3405, -8.0595 0.4988 3.3398, -8.0592 0.4996 3.3377, -8.0592 0.4997 3.3373, -8.0605 0.4965 3.3429, -8.0609 0.4956 3.3439, -8.0615 0.4941 3.3448, -8.0618 0.4933 3.3453, -8.0629 0.4908 3.3462, -8.0627 0.4912 3.346, -8.0 -0.4361 3.343, -8.0 -0.4346 3.3438, -8.0 -0.4279 3.3461, -8.0 -0.4326 3.3449, -8.0 -0.4314 3.3452, -8.0 -0.4286 3.3461, -8.0 -0.4373 3.342, -8.0 -0.4386 3.3405, -8.0 -0.4393 3.3398, -8.0 -0.4408 3.336, -8.0 -0.4405 3.3373, -8.0 -0.4404 3.3377, -8.0 0.4408 3.3362, -8.0 0.4404 3.3377, -8.0 0.4397 3.3392, -8.0 0.4387 3.3406, -8.0 0.4375 3.3418, -8.0 0.4361 3.343, -8.0 0.4326 3.3449, -8.0 0.4286 3.3461, -7.9371 -0.4908 3.3461, -7.9373 -0.4912 3.3461, -7.9382 -0.4933 3.3452, -7.9385 -0.4941 3.3449, -7.9391 -0.4955 3.3438, -7.9395 -0.4965 3.343, -7.9399 -0.4974 3.342, -7.9403 -0.4984 3.3405, -7.9405 -0.4988 3.3398, -7.9408 -0.4996 3.3377, -7.9408 -0.4997 3.3373, -7.9385 0.4941 3.3448, -7.9408 0.4997 3.3373, -7.9408 0.4996 3.3377, -7.9405 0.4988 3.3398, -7.9403 0.4984 3.3405, -7.9399 0.4974 3.342, -7.9395 0.4965 3.3429, -7.9391 0.4956 3.3439, -7.9371 0.4908 3.3462, -7.9373 0.4912 3.346, -7.9382 0.4933 3.3453, -7.0629 -0.4908 3.3462, -7.0618 -0.4933 3.3453, -7.0609 -0.4956 3.3439, -7.0601 -0.4974 3.342, -7.0595 -0.4988 3.3398, -7.0592 -0.4997 3.3373, -7.0595 0.4988 3.3398, -7.0592 0.4997 3.3373, -7.0601 0.4974 3.342, -7.0609 0.4956 3.3439, -7.0618 0.4933 3.3453, -7.0629 0.4908 3.3462, -7.0 -0.428 3.3462, -7.0 -0.4315 3.3453, -7.0 -0.4347 3.3439, -7.0 -0.4373 3.342, -7.0 -0.4393 3.3398, -7.0 -0.4408 3.336, -7.0 -0.4405 3.3373, -7.0 -0.44 3.3385, -7.0 0.4408 3.336, -7.0 0.4405 3.3373, -7.0 0.44 3.3385, -7.0 0.4393 3.3398, -7.0 0.4373 3.342, -7.0 0.4347 3.3439, -7.0 0.4315 3.3453, -7.0 0.428 3.3462, -6.9371 -0.4908 3.3462, -6.9382 -0.4933 3.3453, -6.9391 -0.4956 3.3439, -6.9399 -0.4974 3.342, -6.9405 -0.4988 3.3398, -6.9408 -0.4997 3.3373, -6.9408 0.4997 3.3373, -6.9405 0.4988 3.3398, -6.9399 0.4974 3.342, -6.9391 0.4956 3.3439, -6.9382 0.4933 3.3453, -6.9371 0.4908 3.3462, -6.0629 -0.4908 3.3462, -6.0618 -0.4933 3.3453, -6.0609 -0.4956 3.3439, -6.0601 -0.4974 3.342, -6.0595 -0.4988 3.3398, -6.0592 -0.4997 3.3373, -6.0592 0.4997 3.3373, -6.0592 0.4996 3.3377, -6.0595 0.4988 3.3398, -6.0597 0.4984 3.3405, -6.0601 0.4974 3.342, -6.0605 0.4965 3.3429, -6.0609 0.4956 3.3439, -6.0615 0.4941 3.3448, -6.0618 0.4933 3.3453, -6.0627 0.4912 3.346, -6.0629 0.4908 3.3462, -6.0 -0.4361 3.343, -6.0 -0.4346 3.3438, -6.0 -0.4279 3.3461, -6.0 -0.4326 3.3449, -6.0 -0.4314 3.3452, -6.0 -0.4286 3.3461, -6.0 -0.4373 3.342, -6.0 -0.4386 3.3405, -6.0 -0.4393 3.3398, -6.0 -0.4408 3.336, -6.0 -0.4405 3.3373, -6.0 -0.4404 3.3377, -6.0 0.4408 3.336, -6.0 0.428 3.3462, -6.0 0.4285 3.346, -6.0 0.4315 3.3453, -6.0 0.4325 3.3448, -6.0 0.4347 3.3439, -6.0 0.436 3.3429, -6.0 0.4373 3.342, -6.0 0.4386 3.3405, -6.0 0.4393 3.3398, -6.0 0.4404 3.3377, -6.0 0.4405 3.3373, -5.9371 -0.4908 3.3461, -5.9373 -0.4912 3.3461, -5.9382 -0.4933 3.3452, -5.9385 -0.4941 3.3449, -5.9391 -0.4955 3.3438, -5.9395 -0.4965 3.343, -5.9399 -0.4974 3.342, -5.9403 -0.4984 3.3405, -5.9405 -0.4988 3.3398, -5.9408 -0.4996 3.3377, -5.9408 -0.4997 3.3373, -5.9408 0.4997 3.3373, -5.9408 0.4996 3.3377, -5.9405 0.4988 3.3398, -5.9403 0.4984 3.3405, -5.9399 0.4974 3.342, -5.9395 0.4965 3.3429, -5.9391 0.4956 3.3439, -5.9385 0.4941 3.3448, -5.9382 0.4933 3.3453, -5.9371 0.4908 3.3462, -5.9373 0.4912 3.346, -5.0618 -0.4933 3.3452, -5.0627 -0.4912 3.3461, -5.0629 -0.4908 3.3461, -5.0615 -0.4941 3.3449, -5.0609 -0.4955 3.3438, -5.0605 -0.4965 3.343, -5.0601 -0.4974 3.342, -5.0597 -0.4984 3.3405, -5.0595 -0.4988 3.3398, -5.0592 -0.4996 3.3377, -5.0592 -0.4997 3.3373, -5.0591 0.4999 3.3362, -5.0592 0.4996 3.3377, -5.0594 0.4991 3.3392, -5.0597 0.4984 3.3406, -5.0601 0.4976 3.3418, -5.0605 0.4965 3.343, -5.0615 0.4941 3.3449, -5.0627 0.4912 3.3461, -5.0 -0.4279 3.3461, -5.0 -0.4286 3.3461, -5.0 -0.4326 3.3449, -5.0 -0.4314 3.3452, -5.0 -0.4346 3.3438, -5.0 -0.4361 3.343, -5.0 -0.4408 3.336, -5.0 -0.4373 3.342, -5.0 -0.4386 3.3405, -5.0 -0.4393 3.3398, -5.0 -0.4404 3.3377, -5.0 -0.4405 3.3373, -5.0 0.4408 3.3362, -5.0 0.4404 3.3377, -5.0 0.4397 3.3392, -5.0 0.4387 3.3406, -5.0 0.4375 3.3418, -5.0 0.4361 3.343, -5.0 0.4326 3.3449, -5.0 0.4286 3.3461, -4.9371 -0.4908 3.3461, -4.9373 -0.4912 3.3461, -4.9382 -0.4933 3.3452, -4.9408 -0.4997 3.3373, -4.9408 -0.4996 3.3377, -4.9405 -0.4988 3.3398, -4.9403 -0.4984 3.3405, -4.9399 -0.4974 3.342, -4.9395 -0.4965 3.343, -4.9391 -0.4955 3.3438, -4.9385 -0.4941 3.3449, -4.9409 0.4999 3.3362, -4.9408 0.4996 3.3377, -4.9406 0.4991 3.3392, -4.9403 0.4984 3.3406, -4.9399 0.4976 3.3418, -4.9395 0.4965 3.343, -4.9385 0.4941 3.3449, -4.9373 0.4912 3.3461, -4.0629 -0.4908 3.3461, -4.0627 -0.4912 3.3461, -4.0618 -0.4933 3.3452, -4.0615 -0.4941 3.3449, -4.0609 -0.4955 3.3438, -4.0605 -0.4965 3.343, -4.0601 -0.4974 3.342, -4.0592 -0.4997 3.3373, -4.0592 -0.4996 3.3377, -4.0595 -0.4988 3.3398, -4.0597 -0.4984 3.3405, -4.0592 0.4997 3.3373, -4.0592 0.4996 3.3377, -4.0595 0.4988 3.3398, -4.0597 0.4984 3.3405, -4.0601 0.4974 3.342, -4.0605 0.4965 3.3429, -4.0609 0.4956 3.3439, -4.0615 0.4941 3.3448, -4.0618 0.4933 3.3453, -4.0627 0.4912 3.346, -4.0629 0.4908 3.3462, -4.0 -0.4279 3.3461, -4.0 -0.4286 3.3461, -4.0 -0.4314 3.3452, -4.0 -0.4326 3.3449, -4.0 -0.4346 3.3438, -4.0 -0.4361 3.343, -4.0 -0.4373 3.342, -4.0 -0.4386 3.3405, -4.0 -0.4393 3.3398, -4.0 -0.4404 3.3377, -4.0 -0.4405 3.3373, -4.0 -0.4408 3.336, -4.0 0.4408 3.336, -4.0 0.4405 3.3373, -4.0 0.44 3.3385, -4.0 0.4393 3.3398, -4.0 0.4373 3.342, -4.0 0.4347 3.3439, -4.0 0.4315 3.3453, -4.0 0.428 3.3462, -3.9373 -0.4912 3.3461, -3.9385 -0.4941 3.3449, -3.9395 -0.4965 3.343, -3.9399 -0.4976 3.3418, -3.9403 -0.4984 3.3406, -3.9406 -0.4991 3.3392, -3.9408 -0.4996 3.3377, -3.9409 -0.4999 3.3362, -3.9408 0.4997 3.3373, -3.9408 0.4996 3.3377, -3.9405 0.4988 3.3398, -3.9403 0.4984 3.3405, -3.9399 0.4974 3.342, -3.9391 0.4956 3.3439, -3.9395 0.4965 3.3429, -3.9371 0.4908 3.3462, -3.9373 0.4912 3.346, -3.9382 0.4933 3.3453, -3.9385 0.4941 3.3448, -3.0594 -0.4991 3.3392, -3.0597 -0.4984 3.3406, -3.0601 -0.4976 3.3418, -3.0605 -0.4965 3.343, -3.0615 -0.4941 3.3449, -3.0627 -0.4912 3.3461, -3.0591 -0.4999 3.3362, -3.0592 -0.4996 3.3377, -3.0591 0.4999 3.3362, -3.0592 0.4996 3.3377, -3.0594 0.4991 3.3392, -3.0597 0.4984 3.3406, -3.0601 0.4976 3.3418, -3.0605 0.4965 3.343, -3.0615 0.4941 3.3449, -3.0627 0.4912 3.3461, -3.0 -0.4326 3.3449, -3.0 -0.4314 3.3452, -3.0 -0.4286 3.3461, -3.0 -0.4279 3.3461, -3.0 -0.4408 3.336, -3.0 -0.4405 3.3373, -3.0 -0.4404 3.3377, -3.0 -0.4393 3.3398, -3.0 -0.4386 3.3405, -3.0 -0.4373 3.342, -3.0 -0.4361 3.343, -3.0 -0.4346 3.3438, -3.0 0.4408 3.3362, -3.0 0.4404 3.3377, -3.0 0.4397 3.3392, -3.0 0.4387 3.3406, -3.0 0.4375 3.3418, -3.0 0.4361 3.343, -3.0 0.4326 3.3449, -3.0 0.4286 3.3461, -2.9371 -0.4908 3.3462, -2.9382 -0.4933 3.3453, -2.9391 -0.4956 3.3439, -2.9399 -0.4974 3.342, -2.9405 -0.4988 3.3398, -2.9408 -0.4997 3.3373, -2.9409 0.4999 3.3362, -2.9408 0.4996 3.3377, -2.9406 0.4991 3.3392, -2.9403 0.4984 3.3406, -2.9399 0.4976 3.3418, -2.9395 0.4965 3.343, -2.9385 0.4941 3.3449, -2.9373 0.4912 3.3461, -2.0629 -0.4908 3.3462, -2.0618 -0.4933 3.3453, -2.0609 -0.4956 3.3439, -2.0601 -0.4974 3.342, -2.0595 -0.4988 3.3398, -2.0592 -0.4997 3.3373, -2.0591 0.4999 3.3362, -2.0592 0.4996 3.3377, -2.0594 0.4991 3.3392, -2.0597 0.4984 3.3406, -2.0601 0.4976 3.3418, -2.0605 0.4965 3.343, -2.0615 0.4941 3.3449, -2.0627 0.4912 3.3461, -2.0 -0.428 3.3462, -2.0 -0.4315 3.3453, -2.0 -0.4347 3.3439, -2.0 -0.4373 3.342, -2.0 -0.4393 3.3398, -2.0 -0.4408 3.336, -2.0 -0.4405 3.3373, -2.0 -0.44 3.3385, -2.0 0.4408 3.3362, -2.0 0.4404 3.3377, -2.0 0.4397 3.3392, -2.0 0.4387 3.3406, -2.0 0.4375 3.3418, -2.0 0.4361 3.343, -2.0 0.4326 3.3449, -2.0 0.4286 3.3461, -1.9371 -0.4908 3.3461, -1.9373 -0.4912 3.3461, -1.9385 -0.4941 3.3449, -1.9382 -0.4933 3.3452, -1.9395 -0.4965 3.343, -1.9391 -0.4955 3.3438, -1.9408 -0.4997 3.3373, -1.9408 -0.4996 3.3377, -1.9405 -0.4988 3.3398, -1.9403 -0.4984 3.3405, -1.9399 -0.4974 3.342, -1.9409 0.4999 3.3362, -1.9408 0.4996 3.3377, -1.9406 0.4991 3.3392, -1.9403 0.4984 3.3406, -1.9399 0.4976 3.3418, -1.9395 0.4965 3.343, -1.9385 0.4941 3.3449, -1.9373 0.4912 3.3461, -1.0627 -0.4912 3.3461, -1.0615 -0.4941 3.3449, -1.0605 -0.4965 3.343, -1.0601 -0.4976 3.3418, -1.0597 -0.4984 3.3406, -1.0594 -0.4991 3.3392, -1.0592 -0.4996 3.3377, -1.0591 -0.4999 3.3362, -1.0592 0.4997 3.3373, -1.0592 0.4996 3.3377, -1.0595 0.4988 3.3398, -1.0597 0.4984 3.3405, -1.0601 0.4974 3.342, -1.0605 0.4965 3.3429, -1.0609 0.4956 3.3439, -1.0615 0.4941 3.3448, -1.0618 0.4933 3.3453, -1.0627 0.4912 3.346, -1.0629 0.4908 3.3462, -1.0 -0.4326 3.3449, -1.0 -0.4314 3.3452, -1.0 -0.4286 3.3461, -1.0 -0.4279 3.3461, -1.0 -0.4408 3.336, -1.0 -0.4405 3.3373, -1.0 -0.4404 3.3377, -1.0 -0.4393 3.3398, -1.0 -0.4386 3.3405, -1.0 -0.4373 3.342, -1.0 -0.4361 3.343, -1.0 -0.4346 3.3438, -1.0 0.4408 3.336, -1.0 0.4405 3.3373, -1.0 0.4404 3.3377, -1.0 0.4393 3.3398, -1.0 0.4386 3.3405, -1.0 0.4373 3.342, -1.0 0.436 3.3429, -1.0 0.4347 3.3439, -1.0 0.4325 3.3448, -1.0 0.4315 3.3453, -1.0 0.4285 3.346, -1.0 0.428 3.3462, -0.9371 -0.4908 3.3462, -0.9382 -0.4933 3.3453, -0.9391 -0.4956 3.3439, -0.9399 -0.4974 3.342, -0.9405 -0.4988 3.3398, -0.9408 -0.4997 3.3373, -0.9409 0.4999 3.3362, -0.9408 0.4996 3.3377, -0.9406 0.4991 3.3392, -0.9403 0.4984 3.3406, -0.9399 0.4976 3.3418, -0.9395 0.4965 3.343, -0.9385 0.4941 3.3449, -0.9373 0.4912 3.3461, -0.0629 -0.4908 3.3461, -0.0627 -0.4912 3.3461, -0.0618 -0.4933 3.3452, -0.0615 -0.4941 3.3449, -0.0609 -0.4955 3.3438, -0.0605 -0.4965 3.343, -0.0601 -0.4974 3.342, -0.0592 -0.4997 3.3373, -0.0592 -0.4996 3.3377, -0.0595 -0.4988 3.3398, -0.0597 -0.4984 3.3405, -0.0591 0.4999 3.3362, -0.0592 0.4996 3.3377, -0.0594 0.4991 3.3392, -0.0597 0.4984 3.3406, -0.0601 0.4976 3.3418, -0.0605 0.4965 3.343, -0.0615 0.4941 3.3449, -0.0627 0.4912 3.3461, 0.0 -0.4286 3.3461, 0.0 -0.4326 3.3449, 0.0 -0.4361 3.343, 0.0 -0.4408 3.3362, 0.0 -0.4404 3.3377, 0.0 -0.4397 3.3392, 0.0 -0.4387 3.3406, 0.0 -0.4375 3.3418, 0.0 0.4408 3.336, 0.0 0.436 3.3429, 0.0 0.4373 3.342, 0.0 0.4386 3.3405, 0.0 0.4393 3.3398, 0.0 0.4404 3.3377, 0.0 0.4405 3.3373, 0.0 0.4347 3.3439, 0.0 0.4325 3.3448, 0.0 0.4315 3.3453, 0.0 0.4285 3.346, 0.0 0.428 3.3462, 0.0627 -0.4912 3.3461, 0.0615 -0.4941 3.3449, 0.0605 -0.4965 3.343, 0.0601 -0.4976 3.3418, 0.0597 -0.4984 3.3406, 0.0594 -0.4991 3.3392, 0.0592 -0.4996 3.3377, 0.0591 -0.4999 3.3362, 0.0618 0.4933 3.3453, 0.0609 0.4956 3.3439, 0.0592 0.4997 3.3373, 0.0592 0.4996 3.3377, 0.0595 0.4988 3.3398, 0.0597 0.4984 3.3405, 0.0601 0.4974 3.342, 0.0605 0.4965 3.3429, 0.0615 0.4941 3.3448, 0.0629 0.4908 3.3462, 0.0627 0.4912 3.346, 0.9385 -0.4941 3.3449, 0.9373 -0.4912 3.3461, 0.9409 -0.4999 3.3362, 0.9408 -0.4996 3.3377, 0.9406 -0.4991 3.3392, 0.9403 -0.4984 3.3406, 0.9399 -0.4976 3.3418, 0.9395 -0.4965 3.343, 0.9409 0.4999 3.3362, 0.9408 0.4996 3.3377, 0.9406 0.4991 3.3392, 0.9403 0.4984 3.3406, 0.9399 0.4976 3.3418, 0.9395 0.4965 3.343, 0.9385 0.4941 3.3449, 0.9373 0.4912 3.3461, 1.0 -0.4286 3.3461, 1.0 -0.4326 3.3449, 1.0 -0.4408 3.3362, 1.0 -0.4404 3.3377, 1.0 -0.4397 3.3392, 1.0 -0.4387 3.3406, 1.0 -0.4375 3.3418, 1.0 -0.4361 3.343, 1.0 0.4408 3.336, 1.0 0.436 3.3429, 1.0 0.4373 3.342, 1.0 0.4386 3.3405, 1.0 0.4393 3.3398, 1.0 0.4404 3.3377, 1.0 0.4405 3.3373, 1.0 0.4347 3.3439, 1.0 0.4325 3.3448, 1.0 0.4315 3.3453, 1.0 0.4285 3.346, 1.0 0.428 3.3462, 1.0629 -0.4908 3.3461, 1.0627 -0.4912 3.3461, 1.0618 -0.4933 3.3452, 1.0615 -0.4941 3.3449, 1.0609 -0.4955 3.3438, 1.0605 -0.4965 3.343, 1.0601 -0.4974 3.342, 1.0597 -0.4984 3.3405, 1.0595 -0.4988 3.3398, 1.0592 -0.4996 3.3377, 1.0592 -0.4997 3.3373, 1.0618 0.4933 3.3453, 1.0609 0.4956 3.3439, 1.0592 0.4997 3.3373, 1.0592 0.4996 3.3377, 1.0595 0.4988 3.3398, 1.0597 0.4984 3.3405, 1.0601 0.4974 3.342, 1.0605 0.4965 3.3429, 1.0615 0.4941 3.3448, 1.0629 0.4908 3.3462, 1.0627 0.4912 3.346, 1.9371 -0.4908 3.3462, 1.9382 -0.4933 3.3453, 1.9391 -0.4956 3.3439, 1.9399 -0.4974 3.342, 1.9405 -0.4988 3.3398, 1.9408 -0.4997 3.3373, 1.9409 0.4999 3.3362, 1.9408 0.4996 3.3377, 1.9406 0.4991 3.3392, 1.9403 0.4984 3.3406, 1.9399 0.4976 3.3418, 1.9395 0.4965 3.343, 1.9385 0.4941 3.3449, 1.9373 0.4912 3.3461, 2.0 -0.428 3.3462, 2.0 -0.4315 3.3453, 2.0 -0.4347 3.3439, 2.0 -0.4373 3.342, 2.0 -0.4393 3.3398, 2.0 -0.4408 3.336, 2.0 -0.4405 3.3373, 2.0 -0.44 3.3385, 2.0 0.4408 3.336, 2.0 0.436 3.3429, 2.0 0.4373 3.342, 2.0 0.4386 3.3405, 2.0 0.4393 3.3398, 2.0 0.4404 3.3377, 2.0 0.4405 3.3373, 2.0 0.4347 3.3439, 2.0 0.4325 3.3448, 2.0 0.4315 3.3453, 2.0 0.4285 3.346, 2.0 0.428 3.3462, 2.0629 -0.4908 3.3461, 2.0627 -0.4912 3.3461, 2.0615 -0.4941 3.3449, 2.0618 -0.4933 3.3452, 2.0605 -0.4965 3.343, 2.0609 -0.4955 3.3438, 2.0592 -0.4997 3.3373, 2.0592 -0.4996 3.3377, 2.0595 -0.4988 3.3398, 2.0597 -0.4984 3.3405, 2.0601 -0.4974 3.342, 2.0592 0.4997 3.3373, 2.0609 0.4956 3.3439, 2.0615 0.4941 3.3448, 2.0592 0.4996 3.3377, 2.0595 0.4988 3.3398, 2.0597 0.4984 3.3405, 2.0601 0.4974 3.342, 2.0605 0.4965 3.3429, 2.0618 0.4933 3.3453, 2.0629 0.4908 3.3462, 2.0627 0.4912 3.346, 2.9371 -0.4908 3.3461, 2.9373 -0.4912 3.3461, 2.9382 -0.4933 3.3452, 2.9385 -0.4941 3.3449, 2.9391 -0.4955 3.3438, 2.9395 -0.4965 3.343, 2.9405 -0.4988 3.3398, 2.9403 -0.4984 3.3405, 2.9399 -0.4974 3.342, 2.9408 -0.4997 3.3373, 2.9408 -0.4996 3.3377, 2.9409 0.4999 3.3362, 2.9408 0.4996 3.3377, 2.9406 0.4991 3.3392, 2.9403 0.4984 3.3406, 2.9399 0.4976 3.3418, 2.9395 0.4965 3.343, 2.9385 0.4941 3.3449, 2.9373 0.4912 3.3461, 3.0 -0.428 3.3462, 3.0 -0.4315 3.3453, 3.0 -0.4347 3.3439, 3.0 -0.4373 3.342, 3.0 -0.4393 3.3398, 3.0 -0.44 3.3385, 3.0 -0.4405 3.3373, 3.0 -0.4408 3.336, 3.0 0.4408 3.3362, 3.0 0.4404 3.3377, 3.0 0.4397 3.3392, 3.0 0.4387 3.3406, 3.0 0.4375 3.3418, 3.0 0.4361 3.343, 3.0 0.4326 3.3449, 3.0 0.4286 3.3461, 3.0629 -0.4908 3.3462, 3.0618 -0.4933 3.3453, 3.0609 -0.4956 3.3439, 3.0601 -0.4974 3.342, 3.0595 -0.4988 3.3398, 3.0592 -0.4997 3.3373, 3.0591 0.4999 3.3362, 3.0592 0.4996 3.3377, 3.0594 0.4991 3.3392, 3.0597 0.4984 3.3406, 3.0601 0.4976 3.3418, 3.0605 0.4965 3.343, 3.0615 0.4941 3.3449, 3.0627 0.4912 3.3461, 3.9371 -0.4908 3.3462, 3.9382 -0.4933 3.3453, 3.9391 -0.4956 3.3439, 3.9399 -0.4974 3.342, 3.9405 -0.4988 3.3398, 3.9408 -0.4997 3.3373, 3.9409 0.4999 3.3362, 3.9408 0.4996 3.3377, 3.9406 0.4991 3.3392, 3.9403 0.4984 3.3406, 3.9399 0.4976 3.3418, 3.9395 0.4965 3.343, 3.9385 0.4941 3.3449, 3.9373 0.4912 3.3461, 4.0 -0.428 3.3462, 4.0 -0.4315 3.3453, 4.0 -0.4347 3.3439, 4.0 -0.4373 3.342, 4.0 -0.4393 3.3398, 4.0 -0.4408 3.336, 4.0 -0.4405 3.3373, 4.0 -0.44 3.3385, 4.0 0.4408 3.3362, 4.0 0.4404 3.3377, 4.0 0.4397 3.3392, 4.0 0.4387 3.3406, 4.0 0.4375 3.3418, 4.0 0.4361 3.343, 4.0 0.4326 3.3449, 4.0 0.4286 3.3461, 4.0629 -0.4908 3.3462, 4.0618 -0.4933 3.3453, 4.0609 -0.4956 3.3439, 4.0601 -0.4974 3.342, 4.0595 -0.4988 3.3398, 4.0592 -0.4997 3.3373, 4.0591 0.4999 3.3362, 4.0592 0.4996 3.3377, 4.0594 0.4991 3.3392, 4.0597 0.4984 3.3406, 4.0601 0.4976 3.3418, 4.0605 0.4965 3.343, 4.0615 0.4941 3.3449, 4.0627 0.4912 3.3461, 4.9371 -0.4908 3.3462, 4.9382 -0.4933 3.3453, 4.9391 -0.4956 3.3439, 4.9399 -0.4974 3.342, 4.9405 -0.4988 3.3398, 4.9408 -0.4997 3.3373, 4.9409 0.4999 3.3362, 4.9408 0.4996 3.3377, 4.9406 0.4991 3.3392, 4.9403 0.4984 3.3406, 4.9399 0.4976 3.3418, 4.9395 0.4965 3.343, 4.9385 0.4941 3.3449, 4.9373 0.4912 3.3461, 5.0 -0.4361 3.343, 5.0 -0.4346 3.3438, 5.0 -0.4279 3.3461, 5.0 -0.4326 3.3449, 5.0 -0.4314 3.3452, 5.0 -0.4286 3.3461, 5.0 -0.4373 3.342, 5.0 -0.4386 3.3405, 5.0 -0.4393 3.3398, 5.0 -0.4408 3.336, 5.0 -0.4405 3.3373, 5.0 -0.4404 3.3377, 5.0 0.4408 3.3362, 5.0 0.4404 3.3377, 5.0 0.4397 3.3392, 5.0 0.4387 3.3406, 5.0 0.4375 3.3418, 5.0 0.4361 3.343, 5.0 0.4326 3.3449, 5.0 0.4286 3.3461, 5.0629 -0.4908 3.3461, 5.0627 -0.4912 3.3461, 5.0618 -0.4933 3.3452, 5.0615 -0.4941 3.3449, 5.0609 -0.4955 3.3438, 5.0605 -0.4965 3.343, 5.0601 -0.4974 3.342, 5.0597 -0.4984 3.3405, 5.0595 -0.4988 3.3398, 5.0592 -0.4996 3.3377, 5.0592 -0.4997 3.3373, 5.0615 0.4941 3.3448, 5.0592 0.4997 3.3373, 5.0592 0.4996 3.3377, 5.0595 0.4988 3.3398, 5.0597 0.4984 3.3405, 5.0601 0.4974 3.342, 5.0605 0.4965 3.3429, 5.0609 0.4956 3.3439, 5.0629 0.4908 3.3462, 5.0627 0.4912 3.346, 5.0618 0.4933 3.3453, 5.9399 -0.4974 3.342, 5.9395 -0.4965 3.343, 5.9391 -0.4955 3.3438, 5.9385 -0.4941 3.3449, 5.9382 -0.4933 3.3452, 5.9373 -0.4912 3.3461, 5.9371 -0.4908 3.3461, 5.9403 -0.4984 3.3405, 5.9405 -0.4988 3.3398, 5.9408 -0.4996 3.3377, 5.9408 -0.4997 3.3373, 5.9385 0.4941 3.3448, 5.9391 0.4956 3.3439, 5.9395 0.4965 3.3429, 5.9399 0.4974 3.342, 5.9403 0.4984 3.3405, 5.9405 0.4988 3.3398, 5.9408 0.4996 3.3377, 5.9408 0.4997 3.3373, 5.9382 0.4933 3.3453, 5.9371 0.4908 3.3462, 5.9373 0.4912 3.346, 6.0 -0.4279 3.3461, 6.0 -0.4286 3.3461, 6.0 -0.4326 3.3449, 6.0 -0.4314 3.3452, 6.0 -0.4346 3.3438, 6.0 -0.4361 3.343, 6.0 -0.4408 3.336, 6.0 -0.4373 3.342, 6.0 -0.4386 3.3405, 6.0 -0.4393 3.3398, 6.0 -0.4404 3.3377, 6.0 -0.4405 3.3373, 6.0 0.4408 3.336, 6.0 0.428 3.3462, 6.0 0.4285 3.346, 6.0 0.4315 3.3453, 6.0 0.4325 3.3448, 6.0 0.4347 3.3439, 6.0 0.436 3.3429, 6.0 0.4373 3.342, 6.0 0.4386 3.3405, 6.0 0.4393 3.3398, 6.0 0.4404 3.3377, 6.0 0.4405 3.3373, 6.0629 -0.4908 3.3462, 6.0618 -0.4933 3.3453, 6.0609 -0.4956 3.3439, 6.0601 -0.4974 3.342, 6.0595 -0.4988 3.3398, 6.0592 -0.4997 3.3373, 6.0592 0.4997 3.3373, 6.0595 0.4988 3.3398, 6.0601 0.4974 3.342, 6.0609 0.4956 3.3439, 6.0618 0.4933 3.3453, 6.0629 0.4908 3.3462, 6.9371 -0.4908 3.3462, 6.9382 -0.4933 3.3453, 6.9391 -0.4956 3.3439, 6.9399 -0.4974 3.342, 6.9405 -0.4988 3.3398, 6.9408 -0.4997 3.3373, 6.9408 0.4997 3.3373, 6.9408 0.4996 3.3377, 6.9405 0.4988 3.3398, 6.9403 0.4984 3.3405, 6.9399 0.4974 3.342, 6.9395 0.4965 3.3429, 6.9391 0.4956 3.3439, 6.9385 0.4941 3.3448, 6.9382 0.4933 3.3453, 6.9373 0.4912 3.346, 6.9371 0.4908 3.3462, 7.0 -0.428 3.3462, 7.0 -0.4315 3.3453, 7.0 -0.4347 3.3439, 7.0 -0.4373 3.342, 7.0 -0.4393 3.3398, 7.0 -0.4408 3.336, 7.0 -0.4405 3.3373, 7.0 -0.44 3.3385, 7.0 0.4408 3.336, 7.0 0.428 3.3462, 7.0 0.4285 3.346, 7.0 0.4315 3.3453, 7.0 0.4325 3.3448, 7.0 0.4347 3.3439, 7.0 0.436 3.3429, 7.0 0.4373 3.342, 7.0 0.4386 3.3405, 7.0 0.4393 3.3398, 7.0 0.4404 3.3377, 7.0 0.4405 3.3373, 7.0629 -0.4908 3.3461, 7.0627 -0.4912 3.3461, 7.0615 -0.4941 3.3449, 7.0618 -0.4933 3.3452, 7.0605 -0.4965 3.343, 7.0609 -0.4955 3.3438, 7.0592 -0.4997 3.3373, 7.0592 -0.4996 3.3377, 7.0595 -0.4988 3.3398, 7.0597 -0.4984 3.3405, 7.0601 -0.4974 3.342, 7.0592 0.4997 3.3373, 7.0592 0.4996 3.3377, 7.0595 0.4988 3.3398, 7.0597 0.4984 3.3405, 7.0601 0.4974 3.342, 7.0605 0.4965 3.3429, 7.0609 0.4956 3.3439, 7.0615 0.4941 3.3448, 7.0618 0.4933 3.3453, 7.0629 0.4908 3.3462, 7.0627 0.4912 3.346, 7.9371 -0.4908 3.3461, 7.9373 -0.4912 3.3461, 7.9382 -0.4933 3.3452, 7.9385 -0.4941 3.3449, 7.9391 -0.4955 3.3438, 7.9395 -0.4965 3.343, 7.9399 -0.4974 3.342, 7.9408 -0.4997 3.3373, 7.9408 -0.4996 3.3377, 7.9405 -0.4988 3.3398, 7.9403 -0.4984 3.3405, 7.9408 0.4997 3.3373, 7.9408 0.4996 3.3377, 7.9405 0.4988 3.3398, 7.9403 0.4984 3.3405, 7.9399 0.4974 3.342, 7.9395 0.4965 3.3429, 7.9391 0.4956 3.3439, 7.9385 0.4941 3.3448, 7.9382 0.4933 3.3453, 7.9373 0.4912 3.346, 7.9371 0.4908 3.3462, 8.0 -0.428 3.3462, 8.0 -0.4315 3.3453, 8.0 -0.4347 3.3439, 8.0 -0.4373 3.342, 8.0 -0.4393 3.3398, 8.0 -0.44 3.3385, 8.0 -0.4405 3.3373, 8.0 -0.4408 3.336, 8.0 0.4408 3.336, 8.0 0.4405 3.3373, 8.0 0.4404 3.3377, 8.0 0.4393 3.3398, 8.0 0.4386 3.3405, 8.0 0.4373 3.342, 8.0 0.436 3.3429, 8.0 0.4347 3.3439, 8.0 0.4325 3.3448, 8.0 0.4315 3.3453, 8.0 0.4285 3.346, 8.0 0.428 3.3462, 8.0629 -0.4908 3.3461, 8.0627 -0.4912 3.3461, 8.0615 -0.4941 3.3449, 8.0618 -0.4933 3.3452, 8.0605 -0.4965 3.343, 8.0609 -0.4955 3.3438, 8.0592 -0.4997 3.3373, 8.0592 -0.4996 3.3377, 8.0595 -0.4988 3.3398, 8.0597 -0.4984 3.3405, 8.0601 -0.4974 3.342, 8.0591 0.4999 3.3362, 8.0592 0.4996 3.3377, 8.0594 0.4991 3.3392, 8.0597 0.4984 3.3406, 8.0601 0.4976 3.3418, 8.0605 0.4965 3.343, 8.0615 0.4941 3.3449, 8.0627 0.4912 3.3461, 8.9373 -0.4912 3.3461, 8.9385 -0.4941 3.3449, 8.9395 -0.4965 3.343, 8.9399 -0.4976 3.3418, 8.9403 -0.4984 3.3406, 8.9406 -0.4991 3.3392, 8.9408 -0.4996 3.3377, 8.9409 -0.4999 3.3362, 8.9409 0.4999 3.3362, 8.9408 0.4996 3.3377, 8.9406 0.4991 3.3392, 8.9403 0.4984 3.3406, 8.9399 0.4976 3.3418, 8.9395 0.4965 3.343, 8.9385 0.4941 3.3449, 8.9373 0.4912 3.3461, 9.0 -0.4286 3.3461, 9.0 -0.4326 3.3449, 9.0 -0.4408 3.3362, 9.0 -0.4404 3.3377, 9.0 -0.4397 3.3392, 9.0 -0.4387 3.3406, 9.0 -0.4375 3.3418, 9.0 -0.4361 3.343, 9.0 0.4408 3.3362, 9.0 0.4404 3.3377, 9.0 0.4397 3.3392, 9.0 0.4387 3.3406, 9.0 0.4375 3.3418, 9.0 0.4361 3.343, 9.0 0.4326 3.3449, 9.0 0.4286 3.3461, 9.0629 -0.4908 3.3461, 9.0627 -0.4912 3.3461, 9.0618 -0.4933 3.3452, 9.0615 -0.4941 3.3449, 9.0609 -0.4955 3.3438, 9.0605 -0.4965 3.343, 9.0601 -0.4974 3.342, 9.0597 -0.4984 3.3405, 9.0595 -0.4988 3.3398, 9.0592 -0.4996 3.3377, 9.0592 -0.4997 3.3373, 9.0591 0.4999 3.3362, 9.0592 0.4996 3.3377, 9.0594 0.4991 3.3392, 9.0597 0.4984 3.3406, 9.0601 0.4976 3.3418, 9.0605 0.4965 3.343, 9.0615 0.4941 3.3449, 9.0627 0.4912 3.3461, 9.9371 -0.4908 3.3462, 9.9382 -0.4933 3.3453, 9.9391 -0.4956 3.3439, 9.9399 -0.4974 3.342, 9.9405 -0.4988 3.3398, 9.9408 -0.4997 3.3373, 9.9408 0.4997 3.3373, 9.9408 0.4996 3.3377, 9.9405 0.4988 3.3398, 9.9403 0.4984 3.3405, 9.9399 0.4974 3.342, 9.9395 0.4965 3.3429, 9.9391 0.4956 3.3439, 9.9385 0.4941 3.3448, 9.9382 0.4933 3.3453, 9.9373 0.4912 3.346, 9.9371 0.4908 3.3462, 10.0 -0.428 3.3462, 10.0 -0.4315 3.3453, 10.0 -0.4347 3.3439, 10.0 -0.4373 3.342, 10.0 -0.4393 3.3398, 10.0 -0.4408 3.336, 10.0 -0.4405 3.3373, 10.0 -0.44 3.3385, 10.0 0.4408 3.336, 10.0 0.4405 3.3373, 10.0 0.44 3.3385, 10.0 0.4393 3.3398, 10.0 0.4373 3.342, 10.0 0.4347 3.3439, 10.0 0.4315 3.3453, 10.0 0.428 3.3462, 10.0629 -0.4908 3.3461, 10.0627 -0.4912 3.3461, 10.0615 -0.4941 3.3449, 10.0618 -0.4933 3.3452, 10.0605 -0.4965 3.343, 10.0609 -0.4955 3.3438, 10.0592 -0.4997 3.3373, 10.0592 -0.4996 3.3377, 10.0595 -0.4988 3.3398, 10.0597 -0.4984 3.3405, 10.0601 -0.4974 3.342, 10.0592 0.4997 3.3373, 10.0592 0.4996 3.3377, 10.0595 0.4988 3.3398, 10.0597 0.4984 3.3405, 10.0601 0.4974 3.342, 10.0609 0.4956 3.3439, 10.0605 0.4965 3.3429, 10.0629 0.4908 3.3462, 10.0627 0.4912 3.346, 10.0618 0.4933 3.3453, 10.0615 0.4941 3.3448, 10.9371 -0.4908 3.3461, 10.9373 -0.4912 3.3461, 10.9382 -0.4933 3.3452, 10.9385 -0.4941 3.3449, 10.9391 -0.4955 3.3438, 10.9395 -0.4965 3.343, 10.9399 -0.4974 3.342, 10.9408 -0.4997 3.3373, 10.9408 -0.4996 3.3377, 10.9405 -0.4988 3.3398, 10.9403 -0.4984 3.3405, 10.9409 0.4999 3.3362, 10.9408 0.4996 3.3377, 10.9406 0.4991 3.3392, 10.9403 0.4984 3.3406, 10.9399 0.4976 3.3418, 10.9395 0.4965 3.343, 10.9385 0.4941 3.3449, 10.9373 0.4912 3.3461, 11.0 -0.428 3.3462, 11.0 -0.4315 3.3453, 11.0 -0.4347 3.3439, 11.0 -0.4373 3.342, 11.0 -0.4393 3.3398, 11.0 -0.44 3.3385, 11.0 -0.4405 3.3373, 11.0 -0.4408 3.336, 11.0 0.4408 3.336, 11.0 0.436 3.3429, 11.0 0.4373 3.342, 11.0 0.4386 3.3405, 11.0 0.4393 3.3398, 11.0 0.4404 3.3377, 11.0 0.4405 3.3373, 11.0 0.4347 3.3439, 11.0 0.4325 3.3448, 11.0 0.4315 3.3453, 11.0 0.4285 3.346, 11.0 0.428 3.3462, 11.0629 -0.4908 3.3461, 11.0627 -0.4912 3.3461, 11.0615 -0.4941 3.3449, 11.0618 -0.4933 3.3452, 11.0605 -0.4965 3.343, 11.0609 -0.4955 3.3438, 11.0592 -0.4997 3.3373, 11.0592 -0.4996 3.3377, 11.0595 -0.4988 3.3398, 11.0597 -0.4984 3.3405, 11.0601 -0.4974 3.342, 11.0592 0.4997 3.3373, 11.0592 0.4996 3.3377, 11.0595 0.4988 3.3398, 11.0597 0.4984 3.3405, 11.0601 0.4974 3.342, 11.0605 0.4965 3.3429, 11.0609 0.4956 3.3439, 11.0615 0.4941 3.3448, 11.0618 0.4933 3.3453, 11.0629 0.4908 3.3462, 11.0627 0.4912 3.346, 11.9373 -0.4912 3.3461, 11.9385 -0.4941 3.3449, 11.9395 -0.4965 3.343, 11.9399 -0.4976 3.3418, 11.9403 -0.4984 3.3406, 11.9406 -0.4991 3.3392, 11.9408 -0.4996 3.3377, 11.9409 -0.4999 3.3362, 11.9409 0.4999 3.3362, 11.9408 0.4996 3.3377, 11.9406 0.4991 3.3392, 11.9403 0.4984 3.3406, 11.9399 0.4976 3.3418, 11.9395 0.4965 3.343, 11.9385 0.4941 3.3449, 11.9373 0.4912 3.3461, 12.0 -0.4326 3.3449, 12.0 -0.4314 3.3452, 12.0 -0.4286 3.3461, 12.0 -0.4279 3.3461, 12.0 -0.4408 3.336, 12.0 -0.4405 3.3373, 12.0 -0.4404 3.3377, 12.0 -0.4393 3.3398, 12.0 -0.4386 3.3405, 12.0 -0.4373 3.342, 12.0 -0.4361 3.343, 12.0 -0.4346 3.3438, 12.0 0.4408 3.336, 12.0 0.436 3.3429, 12.0 0.4373 3.342, 12.0 0.4386 3.3405, 12.0 0.4393 3.3398, 12.0 0.4404 3.3377, 12.0 0.4405 3.3373, 12.0 0.4347 3.3439, 12.0 0.4325 3.3448, 12.0 0.4315 3.3453, 12.0 0.4285 3.346, 12.0 0.428 3.3462, 12.0629 -0.4908 3.3462, 12.0618 -0.4933 3.3453, 12.0609 -0.4956 3.3439, 12.0601 -0.4974 3.342, 12.0595 -0.4988 3.3398, 12.0592 -0.4997 3.3373, 12.0592 0.4997 3.3373, 12.0592 0.4996 3.3377, 12.0595 0.4988 3.3398, 12.0597 0.4984 3.3405, 12.0601 0.4974 3.342, 12.0605 0.4965 3.3429, 12.0609 0.4956 3.3439, 12.0615 0.4941 3.3448, 12.0618 0.4933 3.3453, 12.0629 0.4908 3.3462, 12.0627 0.4912 3.346, 12.9371 -0.4908 3.3461, 12.9373 -0.4912 3.3461, 12.9382 -0.4933 3.3452, 12.9385 -0.4941 3.3449, 12.9391 -0.4955 3.3438, 12.9395 -0.4965 3.343, 12.9399 -0.4974 3.342, 12.9408 -0.4997 3.3373, 12.9408 -0.4996 3.3377, 12.9405 -0.4988 3.3398, 12.9403 -0.4984 3.3405, 12.9408 0.4997 3.3373, 12.9408 0.4996 3.3377, 12.9405 0.4988 3.3398, 12.9403 0.4984 3.3405, 12.9399 0.4974 3.342, 12.9395 0.4965 3.3429, 12.9391 0.4956 3.3439, 12.9385 0.4941 3.3448, 12.9382 0.4933 3.3453, 12.9373 0.4912 3.346, 12.9371 0.4908 3.3462, 13.0 -0.4279 3.3461, 13.0 -0.4286 3.3461, 13.0 -0.4326 3.3449, 13.0 -0.4314 3.3452, 13.0 -0.4346 3.3438, 13.0 -0.4361 3.343, 13.0 -0.4408 3.336, 13.0 -0.4373 3.342, 13.0 -0.4386 3.3405, 13.0 -0.4393 3.3398, 13.0 -0.4404 3.3377, 13.0 -0.4405 3.3373, 13.0 0.4408 3.336, 13.0 0.4405 3.3373, 13.0 0.44 3.3385, 13.0 0.4393 3.3398, 13.0 0.4373 3.342, 13.0 0.4347 3.3439, 13.0 0.4315 3.3453, 13.0 0.428 3.3462, 13.0629 -0.4908 3.3461, 13.0627 -0.4912 3.3461, 13.0618 -0.4933 3.3452, 13.0592 -0.4997 3.3373, 13.0592 -0.4996 3.3377, 13.0595 -0.4988 3.3398, 13.0597 -0.4984 3.3405, 13.0601 -0.4974 3.342, 13.0605 -0.4965 3.343, 13.0609 -0.4955 3.3438, 13.0615 -0.4941 3.3449, 13.0592 0.4997 3.3373, 13.0592 0.4996 3.3377, 13.0595 0.4988 3.3398, 13.0597 0.4984 3.3405, 13.0601 0.4974 3.342, 13.0609 0.4956 3.3439, 13.0605 0.4965 3.3429, 13.0629 0.4908 3.3462, 13.0627 0.4912 3.346, 13.0618 0.4933 3.3453, 13.0615 0.4941 3.3448, 13.9373 -0.4912 3.3461, 13.9385 -0.4941 3.3449, 13.9395 -0.4965 3.343, 13.9399 -0.4976 3.3418, 13.9403 -0.4984 3.3406, 13.9406 -0.4991 3.3392, 13.9408 -0.4996 3.3377, 13.9409 -0.4999 3.3362, 13.9408 0.4997 3.3373, 13.9408 0.4996 3.3377, 13.9405 0.4988 3.3398, 13.9403 0.4984 3.3405, 13.9399 0.4974 3.342, 13.9395 0.4965 3.3429, 13.9391 0.4956 3.3439, 13.9385 0.4941 3.3448, 13.9382 0.4933 3.3453, 13.9373 0.4912 3.346, 13.9371 0.4908 3.3462, 14.0 -0.4286 3.3461, 14.0 -0.4326 3.3449, 14.0 -0.4408 3.3362, 14.0 -0.4404 3.3377, 14.0 -0.4397 3.3392, 14.0 -0.4387 3.3406, 14.0 -0.4375 3.3418, 14.0 -0.4361 3.343, 14.0 0.4408 3.336, 14.0 0.4405 3.3373, 14.0 0.44 3.3385, 14.0 0.4393 3.3398, 14.0 0.4373 3.342, 14.0 0.4347 3.3439, 14.0 0.4315 3.3453, 14.0 0.428 3.3462, 14.0629 -0.4908 3.3461, 14.0627 -0.4912 3.3461, 14.0618 -0.4933 3.3452, 14.0615 -0.4941 3.3449, 14.0609 -0.4955 3.3438, 14.0605 -0.4965 3.343, 14.0601 -0.4974 3.342, 14.0597 -0.4984 3.3405, 14.0595 -0.4988 3.3398, 14.0592 -0.4996 3.3377, 14.0592 -0.4997 3.3373, 14.0592 0.4997 3.3373, 14.0592 0.4996 3.3377, 14.0595 0.4988 3.3398, 14.0597 0.4984 3.3405, 14.0601 0.4974 3.342, 14.0609 0.4956 3.3439, 14.0605 0.4965 3.3429, 14.0629 0.4908 3.3462, 14.0627 0.4912 3.346, 14.0618 0.4933 3.3453, 14.0615 0.4941 3.3448, 14.9399 -0.4974 3.342, 14.9395 -0.4965 3.343, 14.9391 -0.4955 3.3438, 14.9385 -0.4941 3.3449, 14.9382 -0.4933 3.3452, 14.9373 -0.4912 3.3461, 14.9371 -0.4908 3.3461, 14.9403 -0.4984 3.3405, 14.9405 -0.4988 3.3398, 14.9408 -0.4996 3.3377, 14.9408 -0.4997 3.3373, 14.9409 0.4999 3.3362, 14.9408 0.4996 3.3377, 14.9406 0.4991 3.3392, 14.9403 0.4984 3.3406, 14.9399 0.4976 3.3418, 14.9395 0.4965 3.343, 14.9385 0.4941 3.3449, 14.9373 0.4912 3.3461, 15.0 -0.4279 3.3461, 15.0 -0.4286 3.3461, 15.0 -0.4326 3.3449, 15.0 -0.4314 3.3452, 15.0 -0.4346 3.3438, 15.0 -0.4361 3.343, 15.0 -0.4408 3.336, 15.0 -0.4373 3.342, 15.0 -0.4386 3.3405, 15.0 -0.4393 3.3398, 15.0 -0.4404 3.3377, 15.0 -0.4405 3.3373, 15.0 0.4408 3.3362, 15.0 0.4404 3.3377, 15.0 0.4397 3.3392, 15.0 0.4387 3.3406, 15.0 0.4375 3.3418, 15.0 0.4361 3.343, 15.0 0.4326 3.3449, 15.0 0.4286 3.3461, 15.0629 -0.4908 3.3461, 15.0627 -0.4912 3.3461, 15.0618 -0.4933 3.3452, 15.0592 -0.4997 3.3373, 15.0592 -0.4996 3.3377, 15.0595 -0.4988 3.3398, 15.0597 -0.4984 3.3405, 15.0601 -0.4974 3.342, 15.0605 -0.4965 3.343, 15.0609 -0.4955 3.3438, 15.0615 -0.4941 3.3449, 15.0591 0.4999 3.3362, 15.0592 0.4996 3.3377, 15.0594 0.4991 3.3392, 15.0597 0.4984 3.3406, 15.0601 0.4976 3.3418, 15.0605 0.4965 3.343, 15.0615 0.4941 3.3449, 15.0627 0.4912 3.3461, 15.9373 -0.4912 3.3461, 15.9385 -0.4941 3.3449, 15.9395 -0.4965 3.343, 15.9399 -0.4976 3.3418, 15.9403 -0.4984 3.3406, 15.9406 -0.4991 3.3392, 15.9408 -0.4996 3.3377, 15.9409 -0.4999 3.3362, 15.9409 0.4999 3.3362, 15.9408 0.4996 3.3377, 15.9406 0.4991 3.3392, 15.9403 0.4984 3.3406, 15.9399 0.4976 3.3418, 15.9395 0.4965 3.343, 15.9385 0.4941 3.3449, 15.9373 0.4912 3.3461, 16.0 -0.4326 3.3449, 16.0 -0.4314 3.3452, 16.0 -0.4286 3.3461, 16.0 -0.4279 3.3461, 16.0 -0.4408 3.336, 16.0 -0.4405 3.3373, 16.0 -0.4404 3.3377, 16.0 -0.4393 3.3398, 16.0 -0.4386 3.3405, 16.0 -0.4373 3.342, 16.0 -0.4361 3.343, 16.0 -0.4346 3.3438, 16.0 0.4408 3.3362, 16.0 0.4404 3.3377, 16.0 0.4397 3.3392, 16.0 0.4387 3.3406, 16.0 0.4375 3.3418, 16.0 0.4361 3.343, 16.0 0.4326 3.3449, 16.0 0.4286 3.3461, 16.0629 -0.4908 3.3461, 16.0627 -0.4912 3.3461, 16.0618 -0.4933 3.3452, 16.0592 -0.4997 3.3373, 16.0592 -0.4996 3.3377, 16.0595 -0.4988 3.3398, 16.0597 -0.4984 3.3405, 16.0601 -0.4974 3.342, 16.0605 -0.4965 3.343, 16.0609 -0.4955 3.3438, 16.0615 -0.4941 3.3449, 16.0591 0.4999 3.3362, 16.0592 0.4996 3.3377, 16.0594 0.4991 3.3392, 16.0597 0.4984 3.3406, 16.0601 0.4976 3.3418, 16.0605 0.4965 3.343, 16.0615 0.4941 3.3449, 16.0627 0.4912 3.3461, 16.9371 -0.4908 3.3461, 16.9373 -0.4912 3.3461, 16.9382 -0.4933 3.3452, 16.9385 -0.4941 3.3449, 16.9391 -0.4955 3.3438, 16.9395 -0.4965 3.343, 16.9399 -0.4974 3.342, 16.9403 -0.4984 3.3405, 16.9405 -0.4988 3.3398, 16.9408 -0.4996 3.3377, 16.9408 -0.4997 3.3373, 16.9408 0.4997 3.3373, 16.9408 0.4996 3.3377, 16.9405 0.4988 3.3398, 16.9403 0.4984 3.3405, 16.9399 0.4974 3.342, 16.9395 0.4965 3.3429, 16.9391 0.4956 3.3439, 16.9385 0.4941 3.3448, 16.9382 0.4933 3.3453, 16.9373 0.4912 3.346, 16.9371 0.4908 3.3462, 17.0 -0.428 3.3462, 17.0 -0.4315 3.3453, 17.0 -0.4347 3.3439, 17.0 -0.4373 3.342, 17.0 -0.4393 3.3398, 17.0 -0.44 3.3385, 17.0 -0.4405 3.3373, 17.0 -0.4408 3.336, 17.0 0.4408 3.336, 17.0 0.4405 3.3373, 17.0 0.4404 3.3377, 17.0 0.4393 3.3398, 17.0 0.4386 3.3405, 17.0 0.4373 3.342, 17.0 0.436 3.3429, 17.0 0.4347 3.3439, 17.0 0.4325 3.3448, 17.0 0.4315 3.3453, 17.0 0.4285 3.346, 17.0 0.428 3.3462, 17.0629 -0.4908 3.3461, 17.0627 -0.4912 3.3461, 17.0615 -0.4941 3.3449, 17.0618 -0.4933 3.3452, 17.0605 -0.4965 3.343, 17.0609 -0.4955 3.3438, 17.0592 -0.4997 3.3373, 17.0592 -0.4996 3.3377, 17.0595 -0.4988 3.3398, 17.0597 -0.4984 3.3405, 17.0601 -0.4974 3.342, 17.0591 0.4999 3.3362, 17.0592 0.4996 3.3377, 17.0594 0.4991 3.3392, 17.0597 0.4984 3.3406, 17.0601 0.4976 3.3418, 17.0605 0.4965 3.343, 17.0615 0.4941 3.3449, 17.0627 0.4912 3.3461, 17.9373 -0.4912 3.3461, 17.9385 -0.4941 3.3449, 17.9395 -0.4965 3.343, 17.9399 -0.4976 3.3418, 17.9403 -0.4984 3.3406, 17.9406 -0.4991 3.3392, 17.9408 -0.4996 3.3377, 17.9409 -0.4999 3.3362, 17.9409 0.4999 3.3362, 17.9408 0.4996 3.3377, 17.9406 0.4991 3.3392, 17.9403 0.4984 3.3406, 17.9399 0.4976 3.3418, 17.9395 0.4965 3.343, 17.9385 0.4941 3.3449, 17.9373 0.4912 3.3461, 18.0 -0.4286 3.3461, 18.0 -0.4326 3.3449, 18.0 -0.4408 3.3362, 18.0 -0.4404 3.3377, 18.0 -0.4397 3.3392, 18.0 -0.4387 3.3406, 18.0 -0.4375 3.3418, 18.0 -0.4361 3.343, 18.0 0.4408 3.3362, 18.0 0.4404 3.3377, 18.0 0.4397 3.3392, 18.0 0.4387 3.3406, 18.0 0.4375 3.3418, 18.0 0.4361 3.343, 18.0 0.4326 3.3449, 18.0 0.4286 3.3461, 18.0627 -0.4912 3.3461, 18.0615 -0.4941 3.3449, 18.0605 -0.4965 3.343, 18.0601 -0.4976 3.3418, 18.0597 -0.4984 3.3406, 18.0594 -0.4991 3.3392, 18.0592 -0.4996 3.3377, 18.0591 -0.4999 3.3362, 18.0591 0.4999 3.3362, 18.0592 0.4996 3.3377, 18.0594 0.4991 3.3392, 18.0597 0.4984 3.3406, 18.0601 0.4976 3.3418, 18.0605 0.4965 3.343, 18.0615 0.4941 3.3449, 18.0627 0.4912 3.3461, 18.9403 -0.4984 3.3406, 18.9399 -0.4976 3.3418, 18.9395 -0.4965 3.343, 18.9385 -0.4941 3.3449, 18.9373 -0.4912 3.3461, 18.9406 -0.4991 3.3392, 18.9408 -0.4996 3.3377, 18.9409 -0.4999 3.3362, 18.9409 0.4999 3.3362, 18.9408 0.4996 3.3377, 18.9406 0.4991 3.3392, 18.9403 0.4984 3.3406, 18.9399 0.4976 3.3418, 18.9395 0.4965 3.343, 18.9385 0.4941 3.3449, 18.9373 0.4912 3.3461, 18.9908 -0.4371 3.3461, 18.9933 -0.4382 3.3452, 18.9912 -0.4373 3.3461, 18.9955 -0.4391 3.3438, 18.9941 -0.4385 3.3449, 18.9997 -0.4408 3.3373, 18.9996 -0.4408 3.3377, 18.9988 -0.4405 3.3398, 18.9984 -0.4403 3.3405, 18.9974 -0.4399 3.342, 18.9965 -0.4395 3.343, 18.9997 0.4408 3.3373, 18.9996 0.4408 3.3377, 18.9988 0.4405 3.3398, 18.9984 0.4403 3.3405, 18.9974 0.4399 3.342, 18.9965 0.4395 3.3429, 18.9956 0.4391 3.3439, 18.9941 0.4385 3.3448, 18.9933 0.4382 3.3453, 18.9912 0.4373 3.346, 18.9908 0.4371 3.3462, 18.897 0.397 3.3461, 18.897 -0.397 3.3461, 18.8944 0.3944 3.3451, 18.8944 -0.3944 3.3451, 18.8921 0.3921 3.3436, 18.8921 -0.3921 3.3436, 18.103 -0.397 3.3461, 18.1056 -0.3944 3.3451, 18.1079 -0.3921 3.3436, 18.1079 0.3921 3.3436, 18.1056 0.3944 3.3451, 18.103 0.397 3.3461, 17.897 0.397 3.3461, 17.897 -0.397 3.3461, 17.8944 0.3944 3.3451, 17.8944 -0.3944 3.3451, 17.8921 0.3921 3.3436, 17.8921 -0.3921 3.3436, 17.103 -0.397 3.3461, 17.1056 -0.3944 3.3451, 17.1079 -0.3921 3.3436, 17.1079 0.3921 3.3436, 17.1056 0.3944 3.3451, 17.103 0.397 3.3461, 16.897 0.397 3.3461, 16.897 -0.397 3.3461, 16.8944 0.3944 3.3451, 16.8944 -0.3944 3.3451, 16.8921 0.3921 3.3436, 16.8921 -0.3921 3.3436, 16.103 -0.397 3.3461, 16.1056 -0.3944 3.3451, 16.1079 -0.3921 3.3436, 16.1079 0.3921 3.3436, 16.1056 0.3944 3.3451, 16.103 0.397 3.3461, 15.897 0.397 3.3461, 15.897 -0.397 3.3461, 15.8944 0.3944 3.3451, 15.8944 -0.3944 3.3451, 15.8921 0.3921 3.3436, 15.8921 -0.3921 3.3436, 15.103 -0.397 3.3461, 15.1056 -0.3944 3.3451, 15.1079 -0.3921 3.3436, 15.1079 0.3921 3.3436, 15.1056 0.3944 3.3451, 15.103 0.397 3.3461, 14.897 0.397 3.3461, 14.897 -0.397 3.3461, 14.8944 0.3944 3.3451, 14.8944 -0.3944 3.3451, 14.8921 0.3921 3.3436, 14.8921 -0.3921 3.3436, 14.103 -0.397 3.3461, 14.1056 -0.3944 3.3451, 14.1079 -0.3921 3.3436, 14.1079 0.3921 3.3436, 14.1056 0.3944 3.3451, 14.103 0.397 3.3461, 13.897 0.397 3.3461, 13.897 -0.397 3.3461, 13.8944 0.3944 3.3451, 13.8944 -0.3944 3.3451, 13.8921 0.3921 3.3436, 13.8921 -0.3921 3.3436, 13.103 -0.397 3.3461, 13.1056 -0.3944 3.3451, 13.1079 -0.3921 3.3436, 13.1079 0.3921 3.3436, 13.1056 0.3944 3.3451, 13.103 0.397 3.3461, 12.897 0.397 3.3461, 12.897 -0.397 3.3461, 12.8944 0.3944 3.3451, 12.8944 -0.3944 3.3451, 12.8921 0.3921 3.3436, 12.8921 -0.3921 3.3436, 12.103 -0.397 3.3461, 12.1056 -0.3944 3.3451, 12.1079 -0.3921 3.3436, 12.1079 0.3921 3.3436, 12.1056 0.3944 3.3451, 12.103 0.397 3.3461, 11.897 0.397 3.3461, 11.897 -0.397 3.3461, 11.8944 0.3944 3.3451, 11.8944 -0.3944 3.3451, 11.8921 0.3921 3.3436, 11.8921 -0.3921 3.3436, 11.103 -0.397 3.3461, 11.1056 -0.3944 3.3451, 11.1079 -0.3921 3.3436, 11.1079 0.3921 3.3436, 11.1056 0.3944 3.3451, 11.103 0.397 3.3461, 10.897 0.397 3.3461, 10.897 -0.397 3.3461, 10.8944 0.3944 3.3451, 10.8944 -0.3944 3.3451, 10.8921 0.3921 3.3436, 10.8921 -0.3921 3.3436, 10.103 -0.397 3.3461, 10.1056 -0.3944 3.3451, 10.1079 -0.3921 3.3436, 10.1079 0.3921 3.3436, 10.1056 0.3944 3.3451, 10.103 0.397 3.3461, 9.897 0.397 3.3461, 9.897 -0.397 3.3461, 9.8944 0.3944 3.3451, 9.8944 -0.3944 3.3451, 9.8921 0.3921 3.3436, 9.8921 -0.3921 3.3436, 9.103 -0.397 3.3461, 9.1056 -0.3944 3.3451, 9.1079 -0.3921 3.3436, 9.1079 0.3921 3.3436, 9.1056 0.3944 3.3451, 9.103 0.397 3.3461, 8.897 0.397 3.3461, 8.897 -0.397 3.3461, 8.8944 0.3944 3.3451, 8.8944 -0.3944 3.3451, 8.8921 0.3921 3.3436, 8.8921 -0.3921 3.3436, 8.103 -0.397 3.3461, 8.1056 -0.3944 3.3451, 8.1079 -0.3921 3.3436, 8.1079 0.3921 3.3436, 8.1056 0.3944 3.3451, 8.103 0.397 3.3461, 7.897 0.397 3.3461, 7.897 -0.397 3.3461, 7.8944 0.3944 3.3451, 7.8944 -0.3944 3.3451, 7.8921 0.3921 3.3436, 7.8921 -0.3921 3.3436, 7.103 -0.397 3.3461, 7.1056 -0.3944 3.3451, 7.1079 -0.3921 3.3436, 7.1079 0.3921 3.3436, 7.1056 0.3944 3.3451, 7.103 0.397 3.3461, 6.897 0.397 3.3461, 6.897 -0.397 3.3461, 6.8944 0.3944 3.3451, 6.8944 -0.3944 3.3451, 6.8921 0.3921 3.3436, 6.8921 -0.3921 3.3436, 6.103 -0.397 3.3461, 6.1056 -0.3944 3.3451, 6.1079 -0.3921 3.3436, 6.1079 0.3921 3.3436, 6.1056 0.3944 3.3451, 6.103 0.397 3.3461, 5.897 0.397 3.3461, 5.897 -0.397 3.3461, 5.8944 0.3944 3.3451, 5.8944 -0.3944 3.3451, 5.8921 0.3921 3.3436, 5.8921 -0.3921 3.3436, 5.103 -0.397 3.3461, 5.1056 -0.3944 3.3451, 5.1079 -0.3921 3.3436, 5.1079 0.3921 3.3436, 5.1056 0.3944 3.3451, 5.103 0.397 3.3461, 4.897 0.397 3.3461, 4.897 -0.397 3.3461, 4.8944 0.3944 3.3451, 4.8944 -0.3944 3.3451, 4.8921 0.3921 3.3436, 4.8921 -0.3921 3.3436, 4.103 -0.397 3.3461, 4.1056 -0.3944 3.3451, 4.1079 -0.3921 3.3436, 4.1079 0.3921 3.3436, 4.1056 0.3944 3.3451, 4.103 0.397 3.3461, 3.897 0.397 3.3461, 3.897 -0.397 3.3461, 3.8944 0.3944 3.3451, 3.8944 -0.3944 3.3451, 3.8921 0.3921 3.3436, 3.8921 -0.3921 3.3436, 3.103 -0.397 3.3461, 3.1056 -0.3944 3.3451, 3.1079 -0.3921 3.3436, 3.1079 0.3921 3.3436, 3.1056 0.3944 3.3451, 3.103 0.397 3.3461, 2.897 0.397 3.3461, 2.897 -0.397 3.3461, 2.8944 0.3944 3.3451, 2.8944 -0.3944 3.3451, 2.8921 0.3921 3.3436, 2.8921 -0.3921 3.3436, 2.103 -0.397 3.3461, 2.1056 -0.3944 3.3451, 2.1079 -0.3921 3.3436, 2.1079 0.3921 3.3436, 2.1056 0.3944 3.3451, 2.103 0.397 3.3461, 1.897 0.397 3.3461, 1.897 -0.397 3.3461, 1.8944 0.3944 3.3451, 1.8944 -0.3944 3.3451, 1.8921 0.3921 3.3436, 1.8921 -0.3921 3.3436, 1.103 -0.397 3.3461, 1.1056 -0.3944 3.3451, 1.1079 -0.3921 3.3436, 1.1079 0.3921 3.3436, 1.1056 0.3944 3.3451, 1.103 0.397 3.3461, 0.897 0.397 3.3461, 0.897 -0.397 3.3461, 0.8944 0.3944 3.3451, 0.8944 -0.3944 3.3451, 0.8921 0.3921 3.3436, 0.8921 -0.3921 3.3436, 0.103 -0.397 3.3461, 0.1056 -0.3944 3.3451, 0.1079 -0.3921 3.3436, 0.1079 0.3921 3.3436, 0.1056 0.3944 3.3451, 0.103 0.397 3.3461, -0.103 0.397 3.3461, -0.103 -0.397 3.3461, -0.1056 0.3944 3.3451, -0.1056 -0.3944 3.3451, -0.1079 0.3921 3.3436, -0.1079 -0.3921 3.3436, -0.897 -0.397 3.3461, -0.8944 -0.3944 3.3451, -0.8921 -0.3921 3.3436, -0.8921 0.3921 3.3436, -0.8944 0.3944 3.3451, -0.897 0.397 3.3461, -1.103 0.397 3.3461, -1.103 -0.397 3.3461, -1.1056 0.3944 3.3451, -1.1056 -0.3944 3.3451, -1.1079 0.3921 3.3436, -1.1079 -0.3921 3.3436, -1.897 -0.397 3.3461, -1.8944 -0.3944 3.3451, -1.8921 -0.3921 3.3436, -1.8921 0.3921 3.3436, -1.8944 0.3944 3.3451, -1.897 0.397 3.3461, -2.103 0.397 3.3461, -2.103 -0.397 3.3461, -2.1056 0.3944 3.3451, -2.1056 -0.3944 3.3451, -2.1079 0.3921 3.3436, -2.1079 -0.3921 3.3436, -2.897 -0.397 3.3461, -2.8944 -0.3944 3.3451, -2.8921 -0.3921 3.3436, -2.8921 0.3921 3.3436, -2.8944 0.3944 3.3451, -2.897 0.397 3.3461, -3.103 0.397 3.3461, -3.103 -0.397 3.3461, -3.1056 0.3944 3.3451, -3.1056 -0.3944 3.3451, -3.1079 0.3921 3.3436, -3.1079 -0.3921 3.3436, -3.897 -0.397 3.3461, -3.8944 -0.3944 3.3451, -3.8921 -0.3921 3.3436, -3.8921 0.3921 3.3436, -3.8944 0.3944 3.3451, -3.897 0.397 3.3461, -4.103 0.397 3.3461, -4.103 -0.397 3.3461, -4.1056 0.3944 3.3451, -4.1056 -0.3944 3.3451, -4.1079 0.3921 3.3436, -4.1079 -0.3921 3.3436, -4.897 -0.397 3.3461, -4.8944 -0.3944 3.3451, -4.8921 -0.3921 3.3436, -4.8921 0.3921 3.3436, -4.8944 0.3944 3.3451, -4.897 0.397 3.3461, -5.103 0.397 3.3461, -5.103 -0.397 3.3461, -5.1056 0.3944 3.3451, -5.1056 -0.3944 3.3451, -5.1079 0.3921 3.3436, -5.1079 -0.3921 3.3436, -5.897 -0.397 3.3461, -5.8944 -0.3944 3.3451, -5.8921 -0.3921 3.3436, -5.8921 0.3921 3.3436, -5.8944 0.3944 3.3451, -5.897 0.397 3.3461, -6.103 0.397 3.3461, -6.103 -0.397 3.3461, -6.1056 0.3944 3.3451, -6.1056 -0.3944 3.3451, -6.1079 0.3921 3.3436, -6.1079 -0.3921 3.3436, -6.897 -0.397 3.3461, -6.8944 -0.3944 3.3451, -6.8921 -0.3921 3.3436, -6.8921 0.3921 3.3436, -6.8944 0.3944 3.3451, -6.897 0.397 3.3461, -7.103 0.397 3.3461, -7.103 -0.397 3.3461, -7.1056 0.3944 3.3451, -7.1056 -0.3944 3.3451, -7.1079 0.3921 3.3436, -7.1079 -0.3921 3.3436, -7.897 -0.397 3.3461, -7.8944 -0.3944 3.3451, -7.8921 -0.3921 3.3436, -7.8921 0.3921 3.3436, -7.8944 0.3944 3.3451, -7.897 0.397 3.3461, -8.103 0.397 3.3461, -8.103 -0.397 3.3461, -8.1056 0.3944 3.3451, -8.1056 -0.3944 3.3451, -8.1079 0.3921 3.3436, -8.1079 -0.3921 3.3436, -8.897 -0.397 3.3461, -8.8944 -0.3944 3.3451, -8.8921 -0.3921 3.3436, -8.8921 0.3921 3.3436, -8.8944 0.3944 3.3451, -8.897 0.397 3.3461, -9.103 0.397 3.3461, -9.103 -0.397 3.3461, -9.1056 0.3944 3.3451, -9.1056 -0.3944 3.3451, -9.1079 0.3921 3.3436, -9.1079 -0.3921 3.3436, -9.897 -0.397 3.3461, -9.8944 -0.3944 3.3451, -9.8921 -0.3921 3.3436, -9.8921 0.3921 3.3436, -9.8944 0.3944 3.3451, -9.897 0.397 3.3461, -10.103 0.397 3.3461, -10.103 -0.397 3.3461, -10.1056 0.3944 3.3451, -10.1056 -0.3944 3.3451, -10.1079 0.3921 3.3436, -10.1079 -0.3921 3.3436, -10.897 -0.397 3.3461, -10.8944 -0.3944 3.3451, -10.8921 -0.3921 3.3436, -10.8921 0.3921 3.3436, -10.8944 0.3944 3.3451, -10.897 0.397 3.3461, -11.103 0.397 3.3461, -11.103 -0.397 3.3461, -11.1056 0.3944 3.3451, -11.1056 -0.3944 3.3451, -11.1079 0.3921 3.3436, -11.1079 -0.3921 3.3436, -11.897 -0.397 3.3461, -11.8944 -0.3944 3.3451, -11.8921 -0.3921 3.3436, -11.8921 0.3921 3.3436, -11.8944 0.3944 3.3451, -11.897 0.397 3.3461, -12.103 0.397 3.3461, -12.103 -0.397 3.3461, -12.1056 0.3944 3.3451, -12.1056 -0.3944 3.3451, -12.1079 0.3921 3.3436, -12.1079 -0.3921 3.3436, -12.897 -0.397 3.3461, -12.8944 -0.3944 3.3451, -12.8921 -0.3921 3.3436, -12.8921 0.3921 3.3436, -12.8944 0.3944 3.3451, -12.897 0.397 3.3461, -13.103 0.397 3.3461, -13.103 -0.397 3.3461, -13.1056 0.3944 3.3451, -13.1056 -0.3944 3.3451, -13.1079 0.3921 3.3436, -13.1079 -0.3921 3.3436, -13.897 -0.397 3.3461, -13.8944 -0.3944 3.3451, -13.8921 -0.3921 3.3436, -13.8921 0.3921 3.3436, -13.8944 0.3944 3.3451, -13.897 0.397 3.3461, -14.103 0.397 3.3461, -14.103 -0.397 3.3461, -14.1056 0.3944 3.3451, -14.1056 -0.3944 3.3451, -14.1079 0.3921 3.3436, -14.1079 -0.3921 3.3436, -14.897 -0.397 3.3461, -14.8944 -0.3944 3.3451, -14.8921 -0.3921 3.3436, -14.8921 0.3921 3.3436, -14.8944 0.3944 3.3451, -14.897 0.397 3.3461, -15.103 0.397 3.3461, -15.103 -0.397 3.3461, -15.1056 0.3944 3.3451, -15.1056 -0.3944 3.3451, -15.1079 0.3921 3.3436, -15.1079 -0.3921 3.3436, -15.897 -0.397 3.3461, -15.8944 -0.3944 3.3451, -15.8921 -0.3921 3.3436, -15.8921 0.3921 3.3436, -15.8944 0.3944 3.3451, -15.897 0.397 3.3461, -16.103 0.397 3.3461, -16.103 -0.397 3.3461, -16.1056 0.3944 3.3451, -16.1056 -0.3944 3.3451, -16.1079 0.3921 3.3436, -16.1079 -0.3921 3.3436, -16.897 -0.397 3.3461, -16.8944 -0.3944 3.3451, -16.8921 -0.3921 3.3436, -16.8921 0.3921 3.3436, -16.8944 0.3944 3.3451, -16.897 0.397 3.3461, -17.103 0.397 3.3461, -17.103 -0.397 3.3461, -17.1056 0.3944 3.3451, -17.1056 -0.3944 3.3451, -17.1079 0.3921 3.3436, -17.1079 -0.3921 3.3436, -17.897 -0.397 3.3461, -17.8944 -0.3944 3.3451, -17.8921 -0.3921 3.3436, -17.8921 0.3921 3.3436, -17.8944 0.3944 3.3451, -17.897 0.397 3.3461, -18.103 0.397 3.3461, -18.103 -0.397 3.3461, -18.1056 0.3944 3.3451, -18.1056 -0.3944 3.3451, -18.1079 0.3921 3.3436, -18.1079 -0.3921 3.3436, -18.897 -0.397 3.3461, -18.8944 -0.3944 3.3451, -18.8921 -0.3921 3.3436, -18.8921 0.3921 3.3436, -18.8944 0.3944 3.3451, -18.897 0.397 3.3461, -19.103 0.397 3.3461, -19.103 -0.397 3.3461, -19.1056 0.3944 3.3451, -19.1056 -0.3944 3.3451, -19.1079 0.3921 3.3436, -19.1079 -0.3921 3.3436, -19.897 -0.397 3.3461, -19.8944 -0.3944 3.3451, -19.8921 -0.3921 3.3436, -19.8921 0.3921 3.3436, -19.8944 0.3944 3.3451, -19.897 0.397 3.3461, 18.3031 -0.1969 3.0683, 18.3029 -0.1971 3.0695, 18.3031 0.1969 3.0683, 18.3029 0.1971 3.0695, 18.3026 0.1974 3.0707, 18.3022 -0.1978 3.0718, 18.3026 -0.1974 3.0707, 18.3022 0.1978 3.0718, 18.6969 -0.1969 3.0683, 18.6971 -0.1971 3.0695, 18.6978 -0.1978 3.0718, 18.6974 -0.1974 3.0707, 18.6978 0.1978 3.0718, 18.6971 0.1971 3.0695, 18.6974 0.1974 3.0707, 18.6969 0.1969 3.0683, 17.3031 -0.1969 3.0683, 17.3029 -0.1971 3.0695, 17.3029 0.1971 3.0695, 17.3026 0.1974 3.0707, 17.3022 -0.1978 3.0718, 17.3031 0.1969 3.0683, 17.3026 -0.1974 3.0707, 17.3022 0.1978 3.0718, 17.6969 -0.1969 3.0683, 17.6971 -0.1971 3.0695, 17.6978 -0.1978 3.0718, 17.6974 -0.1974 3.0707, 17.6978 0.1978 3.0718, 17.6971 0.1971 3.0695, 17.6974 0.1974 3.0707, 17.6969 0.1969 3.0683, 16.3031 -0.1969 3.0683, 16.3029 -0.1971 3.0695, 16.3031 0.1969 3.0683, 16.3029 0.1971 3.0695, 16.3026 0.1974 3.0707, 16.3022 -0.1978 3.0718, 16.3026 -0.1974 3.0707, 16.3022 0.1978 3.0718, 16.6969 -0.1969 3.0683, 16.6971 -0.1971 3.0695, 16.6978 -0.1978 3.0718, 16.6974 -0.1974 3.0707, 16.6969 0.1969 3.0683, 16.6971 0.1971 3.0695, 16.6974 0.1974 3.0707, 16.6978 0.1978 3.0718, 15.3031 -0.1969 3.0683, 15.3029 -0.1971 3.0695, 15.3031 0.1969 3.0683, 15.3029 0.1971 3.0695, 15.3026 0.1974 3.0707, 15.3022 -0.1978 3.0718, 15.3026 -0.1974 3.0707, 15.3022 0.1978 3.0718, 15.6969 -0.1969 3.0683, 15.6971 -0.1971 3.0695, 15.6978 -0.1978 3.0718, 15.6974 -0.1974 3.0707, 15.6969 0.1969 3.0683, 15.6971 0.1971 3.0695, 15.6978 0.1978 3.0718, 15.6974 0.1974 3.0707, 14.3031 -0.1969 3.0683, 14.3029 -0.1971 3.0695, 14.3031 0.1969 3.0683, 14.3029 0.1971 3.0695, 14.3026 0.1974 3.0707, 14.3022 -0.1978 3.0718, 14.3026 -0.1974 3.0707, 14.3022 0.1978 3.0718, 14.6969 -0.1969 3.0683, 14.6971 -0.1971 3.0695, 14.6978 -0.1978 3.0718, 14.6974 -0.1974 3.0707, 14.6969 0.1969 3.0683, 14.6971 0.1971 3.0695, 14.6978 0.1978 3.0718, 14.6974 0.1974 3.0707, 13.3031 -0.1969 3.0683, 13.3029 -0.1971 3.0695, 13.3029 0.1971 3.0695, 13.3026 0.1974 3.0707, 13.3022 -0.1978 3.0718, 13.3031 0.1969 3.0683, 13.3026 -0.1974 3.0707, 13.3022 0.1978 3.0718, 13.6971 -0.1971 3.0695, 13.6969 -0.1969 3.0683, 13.6978 -0.1978 3.0718, 13.6974 -0.1974 3.0707, 13.6974 0.1974 3.0707, 13.6978 0.1978 3.0718, 13.6971 0.1971 3.0695, 13.6969 0.1969 3.0683, 12.3031 -0.1969 3.0683, 12.3029 -0.1971 3.0695, 12.3029 0.1971 3.0695, 12.3026 0.1974 3.0707, 12.3022 -0.1978 3.0718, 12.3031 0.1969 3.0683, 12.3026 -0.1974 3.0707, 12.3022 0.1978 3.0718, 12.6969 -0.1969 3.0683, 12.6971 -0.1971 3.0695, 12.6978 -0.1978 3.0718, 12.6974 -0.1974 3.0707, 12.6978 0.1978 3.0718, 12.6971 0.1971 3.0695, 12.6974 0.1974 3.0707, 12.6969 0.1969 3.0683, 11.3031 -0.1969 3.0683, 11.3029 -0.1971 3.0695, 11.3029 0.1971 3.0695, 11.3026 0.1974 3.0707, 11.3022 -0.1978 3.0718, 11.3031 0.1969 3.0683, 11.3026 -0.1974 3.0707, 11.3022 0.1978 3.0718, 11.6969 -0.1969 3.0683, 11.6971 -0.1971 3.0695, 11.6978 -0.1978 3.0718, 11.6974 -0.1974 3.0707, 11.6978 0.1978 3.0718, 11.6971 0.1971 3.0695, 11.6974 0.1974 3.0707, 11.6969 0.1969 3.0683, 10.3031 -0.1969 3.0683, 10.3029 -0.1971 3.0695, 10.3029 0.1971 3.0695, 10.3026 0.1974 3.0707, 10.3022 -0.1978 3.0718, 10.3031 0.1969 3.0683, 10.3026 -0.1974 3.0707, 10.3022 0.1978 3.0718, 10.6969 -0.1969 3.0683, 10.6971 -0.1971 3.0695, 10.6978 -0.1978 3.0718, 10.6974 -0.1974 3.0707, 10.6978 0.1978 3.0718, 10.6971 0.1971 3.0695, 10.6974 0.1974 3.0707, 10.6969 0.1969 3.0683, 9.3031 -0.1969 3.0683, 9.3029 -0.1971 3.0695, 9.3029 0.1971 3.0695, 9.3026 0.1974 3.0707, 9.3022 -0.1978 3.0718, 9.3031 0.1969 3.0683, 9.3026 -0.1974 3.0707, 9.3022 0.1978 3.0718, 9.6969 -0.1969 3.0683, 9.6971 -0.1971 3.0695, 9.6978 -0.1978 3.0718, 9.6974 -0.1974 3.0707, 9.6978 0.1978 3.0718, 9.6971 0.1971 3.0695, 9.6974 0.1974 3.0707, 9.6969 0.1969 3.0683, 8.3031 -0.1969 3.0683, 8.3029 -0.1971 3.0695, 8.3029 0.1971 3.0695, 8.3026 0.1974 3.0707, 8.3022 -0.1978 3.0718, 8.3031 0.1969 3.0683, 8.3026 -0.1974 3.0707, 8.3022 0.1978 3.0718, 8.6969 -0.1969 3.0683, 8.6971 -0.1971 3.0695, 8.6978 -0.1978 3.0718, 8.6974 -0.1974 3.0707, 8.6978 0.1978 3.0718, 8.6971 0.1971 3.0695, 8.6974 0.1974 3.0707, 8.6969 0.1969 3.0683, 7.3031 -0.1969 3.0683, 7.3029 -0.1971 3.0695, 7.3029 0.1971 3.0695, 7.3026 0.1974 3.0707, 7.3022 -0.1978 3.0718, 7.3031 0.1969 3.0683, 7.3026 -0.1974 3.0707, 7.3022 0.1978 3.0718, 7.6969 -0.1969 3.0683, 7.6971 -0.1971 3.0695, 7.6978 -0.1978 3.0718, 7.6974 -0.1974 3.0707, 7.6978 0.1978 3.0718, 7.6971 0.1971 3.0695, 7.6974 0.1974 3.0707, 7.6969 0.1969 3.0683, 6.3031 -0.1969 3.0683, 6.3029 -0.1971 3.0695, 6.3029 0.1971 3.0695, 6.3026 0.1974 3.0707, 6.3022 -0.1978 3.0718, 6.3031 0.1969 3.0683, 6.3026 -0.1974 3.0707, 6.3022 0.1978 3.0718, 6.6969 -0.1969 3.0683, 6.6971 -0.1971 3.0695, 6.6978 -0.1978 3.0718, 6.6974 -0.1974 3.0707, 6.6969 0.1969 3.0683, 6.6971 0.1971 3.0695, 6.6978 0.1978 3.0718, 6.6974 0.1974 3.0707, 5.3031 -0.1969 3.0683, 5.3029 -0.1971 3.0695, 5.3029 0.1971 3.0695, 5.3026 0.1974 3.0707, 5.3022 -0.1978 3.0718, 5.3031 0.1969 3.0683, 5.3026 -0.1974 3.0707, 5.3022 0.1978 3.0718, 5.6969 -0.1969 3.0683, 5.6971 -0.1971 3.0695, 5.6978 -0.1978 3.0718, 5.6974 -0.1974 3.0707, 5.6969 0.1969 3.0683, 5.6971 0.1971 3.0695, 5.6978 0.1978 3.0718, 5.6974 0.1974 3.0707, 4.3031 -0.1969 3.0683, 4.3029 -0.1971 3.0695, 4.3029 0.1971 3.0695, 4.3026 0.1974 3.0707, 4.3022 -0.1978 3.0718, 4.3031 0.1969 3.0683, 4.3026 -0.1974 3.0707, 4.3022 0.1978 3.0718, 4.6969 -0.1969 3.0683, 4.6971 -0.1971 3.0695, 4.6978 -0.1978 3.0718, 4.6974 -0.1974 3.0707, 4.6969 0.1969 3.0683, 4.6971 0.1971 3.0695, 4.6978 0.1978 3.0718, 4.6974 0.1974 3.0707, 3.3031 -0.1969 3.0683, 3.3029 -0.1971 3.0695, 3.3029 0.1971 3.0695, 3.3026 0.1974 3.0707, 3.3022 -0.1978 3.0718, 3.3031 0.1969 3.0683, 3.3026 -0.1974 3.0707, 3.3022 0.1978 3.0718, 3.6969 -0.1969 3.0683, 3.6971 -0.1971 3.0695, 3.6978 -0.1978 3.0718, 3.6974 -0.1974 3.0707, 3.6969 0.1969 3.0683, 3.6971 0.1971 3.0695, 3.6978 0.1978 3.0718, 3.6974 0.1974 3.0707, 2.3031 -0.1969 3.0683, 2.3029 -0.1971 3.0695, 2.3029 0.1971 3.0695, 2.3026 0.1974 3.0707, 2.3022 -0.1978 3.0718, 2.3031 0.1969 3.0683, 2.3026 -0.1974 3.0707, 2.3022 0.1978 3.0718, 2.6969 -0.1969 3.0683, 2.6971 -0.1971 3.0695, 2.6978 -0.1978 3.0718, 2.6974 -0.1974 3.0707, 2.6969 0.1969 3.0683, 2.6971 0.1971 3.0695, 2.6978 0.1978 3.0718, 2.6974 0.1974 3.0707, 1.3031 -0.1969 3.0683, 1.3029 -0.1971 3.0695, 1.3029 0.1971 3.0695, 1.3026 0.1974 3.0707, 1.3022 -0.1978 3.0718, 1.3031 0.1969 3.0683, 1.3026 -0.1974 3.0707, 1.3022 0.1978 3.0718, 1.6969 -0.1969 3.0683, 1.6971 -0.1971 3.0695, 1.6978 -0.1978 3.0718, 1.6974 -0.1974 3.0707, 1.6969 0.1969 3.0683, 1.6971 0.1971 3.0695, 1.6978 0.1978 3.0718, 1.6974 0.1974 3.0707, 0.3031 -0.1969 3.0683, 0.3029 -0.1971 3.0695, 0.3029 0.1971 3.0695, 0.3026 0.1974 3.0707, 0.3022 -0.1978 3.0718, 0.3031 0.1969 3.0683, 0.3026 -0.1974 3.0707, 0.3022 0.1978 3.0718, 0.6969 -0.1969 3.0683, 0.6971 -0.1971 3.0695, 0.6978 -0.1978 3.0718, 0.6974 -0.1974 3.0707, 0.6969 0.1969 3.0683, 0.6971 0.1971 3.0695, 0.6978 0.1978 3.0718, 0.6974 0.1974 3.0707, -0.6969 -0.1969 3.0683, -0.6971 -0.1971 3.0695, -0.6971 0.1971 3.0695, -0.6974 0.1974 3.0707, -0.6978 -0.1978 3.0718, -0.6969 0.1969 3.0683, -0.6974 -0.1974 3.0707, -0.6978 0.1978 3.0718, -0.3031 -0.1969 3.0683, -0.3029 -0.1971 3.0695, -0.3022 -0.1978 3.0718, -0.3026 -0.1974 3.0707, -0.3031 0.1969 3.0683, -0.3029 0.1971 3.0695, -0.3022 0.1978 3.0718, -0.3026 0.1974 3.0707, -1.6969 -0.1969 3.0683, -1.6971 -0.1971 3.0695, -1.6971 0.1971 3.0695, -1.6974 0.1974 3.0707, -1.6978 -0.1978 3.0718, -1.6969 0.1969 3.0683, -1.6974 -0.1974 3.0707, -1.6978 0.1978 3.0718, -1.3031 -0.1969 3.0683, -1.3029 -0.1971 3.0695, -1.3022 -0.1978 3.0718, -1.3026 -0.1974 3.0707, -1.3031 0.1969 3.0683, -1.3029 0.1971 3.0695, -1.3022 0.1978 3.0718, -1.3026 0.1974 3.0707, -2.6969 -0.1969 3.0683, -2.6971 -0.1971 3.0695, -2.6971 0.1971 3.0695, -2.6974 0.1974 3.0707, -2.6978 -0.1978 3.0718, -2.6969 0.1969 3.0683, -2.6974 -0.1974 3.0707, -2.6978 0.1978 3.0718, -2.3031 -0.1969 3.0683, -2.3029 -0.1971 3.0695, -2.3022 -0.1978 3.0718, -2.3026 -0.1974 3.0707, -2.3031 0.1969 3.0683, -2.3029 0.1971 3.0695, -2.3022 0.1978 3.0718, -2.3026 0.1974 3.0707, -3.6969 -0.1969 3.0683, -3.6971 -0.1971 3.0695, -3.6971 0.1971 3.0695, -3.6974 0.1974 3.0707, -3.6978 -0.1978 3.0718, -3.6969 0.1969 3.0683, -3.6974 -0.1974 3.0707, -3.6978 0.1978 3.0718, -3.3031 -0.1969 3.0683, -3.3029 -0.1971 3.0695, -3.3022 -0.1978 3.0718, -3.3026 -0.1974 3.0707, -3.3031 0.1969 3.0683, -3.3029 0.1971 3.0695, -3.3022 0.1978 3.0718, -3.3026 0.1974 3.0707, -4.6969 -0.1969 3.0683, -4.6971 -0.1971 3.0695, -4.6971 0.1971 3.0695, -4.6974 0.1974 3.0707, -4.6978 -0.1978 3.0718, -4.6969 0.1969 3.0683, -4.6974 -0.1974 3.0707, -4.6978 0.1978 3.0718, -4.3031 -0.1969 3.0683, -4.3029 -0.1971 3.0695, -4.3022 -0.1978 3.0718, -4.3026 -0.1974 3.0707, -4.3031 0.1969 3.0683, -4.3029 0.1971 3.0695, -4.3022 0.1978 3.0718, -4.3026 0.1974 3.0707, -5.6969 -0.1969 3.0683, -5.6971 -0.1971 3.0695, -5.6969 0.1969 3.0683, -5.6971 0.1971 3.0695, -5.6974 0.1974 3.0707, -5.6978 -0.1978 3.0718, -5.6974 -0.1974 3.0707, -5.6978 0.1978 3.0718, -5.3031 -0.1969 3.0683, -5.3029 -0.1971 3.0695, -5.3022 -0.1978 3.0718, -5.3026 -0.1974 3.0707, -5.3022 0.1978 3.0718, -5.3029 0.1971 3.0695, -5.3026 0.1974 3.0707, -5.3031 0.1969 3.0683, -6.6969 -0.1969 3.0683, -6.6971 -0.1971 3.0695, -6.6969 0.1969 3.0683, -6.6971 0.1971 3.0695, -6.6974 0.1974 3.0707, -6.6978 -0.1978 3.0718, -6.6974 -0.1974 3.0707, -6.6978 0.1978 3.0718, -6.3031 -0.1969 3.0683, -6.3029 -0.1971 3.0695, -6.3022 -0.1978 3.0718, -6.3026 -0.1974 3.0707, -6.3022 0.1978 3.0718, -6.3029 0.1971 3.0695, -6.3026 0.1974 3.0707, -6.3031 0.1969 3.0683, -7.6969 -0.1969 3.0683, -7.6971 -0.1971 3.0695, -7.6969 0.1969 3.0683, -7.6971 0.1971 3.0695, -7.6974 0.1974 3.0707, -7.6978 -0.1978 3.0718, -7.6974 -0.1974 3.0707, -7.6978 0.1978 3.0718, -7.3031 -0.1969 3.0683, -7.3029 -0.1971 3.0695, -7.3022 -0.1978 3.0718, -7.3026 -0.1974 3.0707, -7.3022 0.1978 3.0718, -7.3029 0.1971 3.0695, -7.3026 0.1974 3.0707, -7.3031 0.1969 3.0683, -8.6969 -0.1969 3.0683, -8.6971 -0.1971 3.0695, -8.6969 0.1969 3.0683, -8.6971 0.1971 3.0695, -8.6974 0.1974 3.0707, -8.6978 -0.1978 3.0718, -8.6974 -0.1974 3.0707, -8.6978 0.1978 3.0718, -8.3031 -0.1969 3.0683, -8.3029 -0.1971 3.0695, -8.3022 -0.1978 3.0718, -8.3026 -0.1974 3.0707, -8.3022 0.1978 3.0718, -8.3029 0.1971 3.0695, -8.3026 0.1974 3.0707, -8.3031 0.1969 3.0683, -9.6969 -0.1969 3.0683, -9.6971 -0.1971 3.0695, -9.6969 0.1969 3.0683, -9.6971 0.1971 3.0695, -9.6974 0.1974 3.0707, -9.6978 -0.1978 3.0718, -9.6974 -0.1974 3.0707, -9.6978 0.1978 3.0718, -9.3031 -0.1969 3.0683, -9.3029 -0.1971 3.0695, -9.3022 -0.1978 3.0718, -9.3026 -0.1974 3.0707, -9.3022 0.1978 3.0718, -9.3029 0.1971 3.0695, -9.3026 0.1974 3.0707, -9.3031 0.1969 3.0683, -10.6969 -0.1969 3.0683, -10.6971 -0.1971 3.0695, -10.6969 0.1969 3.0683, -10.6971 0.1971 3.0695, -10.6974 0.1974 3.0707, -10.6978 -0.1978 3.0718, -10.6974 -0.1974 3.0707, -10.6978 0.1978 3.0718, -10.3031 -0.1969 3.0683, -10.3029 -0.1971 3.0695, -10.3022 -0.1978 3.0718, -10.3026 -0.1974 3.0707, -10.3022 0.1978 3.0718, -10.3029 0.1971 3.0695, -10.3026 0.1974 3.0707, -10.3031 0.1969 3.0683, -11.6969 -0.1969 3.0683, -11.6971 -0.1971 3.0695, -11.6969 0.1969 3.0683, -11.6971 0.1971 3.0695, -11.6974 0.1974 3.0707, -11.6978 -0.1978 3.0718, -11.6974 -0.1974 3.0707, -11.6978 0.1978 3.0718, -11.3031 -0.1969 3.0683, -11.3029 -0.1971 3.0695, -11.3022 -0.1978 3.0718, -11.3026 -0.1974 3.0707, -11.3022 0.1978 3.0718, -11.3029 0.1971 3.0695, -11.3026 0.1974 3.0707, -11.3031 0.1969 3.0683, -12.6969 -0.1969 3.0683, -12.6971 -0.1971 3.0695, -12.6969 0.1969 3.0683, -12.6971 0.1971 3.0695, -12.6974 0.1974 3.0707, -12.6978 -0.1978 3.0718, -12.6974 -0.1974 3.0707, -12.6978 0.1978 3.0718, -12.3031 -0.1969 3.0683, -12.3029 -0.1971 3.0695, -12.3022 -0.1978 3.0718, -12.3026 -0.1974 3.0707, -12.3022 0.1978 3.0718, -12.3029 0.1971 3.0695, -12.3026 0.1974 3.0707, -12.3031 0.1969 3.0683, -13.6969 -0.1969 3.0683, -13.6971 -0.1971 3.0695, -13.6969 0.1969 3.0683, -13.6971 0.1971 3.0695, -13.6974 0.1974 3.0707, -13.6978 -0.1978 3.0718, -13.6974 -0.1974 3.0707, -13.6978 0.1978 3.0718, -13.3031 -0.1969 3.0683, -13.3029 -0.1971 3.0695, -13.3022 -0.1978 3.0718, -13.3026 -0.1974 3.0707, -13.3022 0.1978 3.0718, -13.3029 0.1971 3.0695, -13.3026 0.1974 3.0707, -13.3031 0.1969 3.0683, -14.6969 -0.1969 3.0683, -14.6971 -0.1971 3.0695, -14.6969 0.1969 3.0683, -14.6971 0.1971 3.0695, -14.6974 0.1974 3.0707, -14.6978 -0.1978 3.0718, -14.6974 -0.1974 3.0707, -14.6978 0.1978 3.0718, -14.3031 -0.1969 3.0683, -14.3029 -0.1971 3.0695, -14.3022 -0.1978 3.0718, -14.3026 -0.1974 3.0707, -14.3022 0.1978 3.0718, -14.3029 0.1971 3.0695, -14.3026 0.1974 3.0707, -14.3031 0.1969 3.0683, -15.6969 -0.1969 3.0683, -15.6971 -0.1971 3.0695, -15.6969 0.1969 3.0683, -15.6971 0.1971 3.0695, -15.6974 0.1974 3.0707, -15.6978 -0.1978 3.0718, -15.6974 -0.1974 3.0707, -15.6978 0.1978 3.0718, -15.3031 -0.1969 3.0683, -15.3029 -0.1971 3.0695, -15.3022 -0.1978 3.0718, -15.3026 -0.1974 3.0707, -15.3022 0.1978 3.0718, -15.3029 0.1971 3.0695, -15.3026 0.1974 3.0707, -15.3031 0.1969 3.0683, -16.6969 -0.1969 3.0683, -16.6971 -0.1971 3.0695, -16.6969 0.1969 3.0683, -16.6971 0.1971 3.0695, -16.6974 0.1974 3.0707, -16.6978 -0.1978 3.0718, -16.6974 -0.1974 3.0707, -16.6978 0.1978 3.0718, -16.3031 -0.1969 3.0683, -16.3029 -0.1971 3.0695, -16.3022 -0.1978 3.0718, -16.3026 -0.1974 3.0707, -16.3022 0.1978 3.0718, -16.3029 0.1971 3.0695, -16.3026 0.1974 3.0707, -16.3031 0.1969 3.0683, -17.6969 -0.1969 3.0683, -17.6971 -0.1971 3.0695, -17.6969 0.1969 3.0683, -17.6971 0.1971 3.0695, -17.6974 0.1974 3.0707, -17.6978 -0.1978 3.0718, -17.6974 -0.1974 3.0707, -17.6978 0.1978 3.0718, -17.3031 -0.1969 3.0683, -17.3029 -0.1971 3.0695, -17.3022 -0.1978 3.0718, -17.3026 -0.1974 3.0707, -17.3022 0.1978 3.0718, -17.3029 0.1971 3.0695, -17.3026 0.1974 3.0707, -17.3031 0.1969 3.0683, -18.6969 -0.1969 3.0683, -18.6971 -0.1971 3.0695, -18.6969 0.1969 3.0683, -18.6971 0.1971 3.0695, -18.6974 0.1974 3.0707, -18.6978 -0.1978 3.0718, -18.6974 -0.1974 3.0707, -18.6978 0.1978 3.0718, -18.3031 -0.1969 3.0683, -18.3029 -0.1971 3.0695, -18.3022 -0.1978 3.0718, -18.3026 -0.1974 3.0707, -18.3022 0.1978 3.0718, -18.3029 0.1971 3.0695, -18.3026 0.1974 3.0707, -18.3031 0.1969 3.0683, -19.6969 -0.1969 3.0683, -19.6971 -0.1971 3.0695, -19.6969 0.1969 3.0683, -19.6971 0.1971 3.0695, -19.6974 0.1974 3.0707, -19.6978 -0.1978 3.0718, -19.6974 -0.1974 3.0707, -19.6978 0.1978 3.0718, -19.3031 -0.1969 3.0683, -19.3029 -0.1971 3.0695, -19.3022 -0.1978 3.0718, -19.3026 -0.1974 3.0707, -19.3022 0.1978 3.0718, -19.3029 0.1971 3.0695, -19.3026 0.1974 3.0707, -19.3031 0.1969 3.0683
            ]
        }
        coordIndex [
            0,1,2,-1,3,4,5,-1,5,4,6,-1,7,8,9,-1,9,8,2,-1,9,2,3,-1,3,2,1,-1,3,1,4,-1,7,5,8,-1,8,5,6,-1,8,6,10,-1,10,6,11,-1,10,11,1,-1,1,11,12,-1,1,12,4,-1,13,8,14,-1,14,8,15,-1,14,15,16,-1,16,15,17,-1,16,17,18,-1,18,17,2,-1,18,2,13,-1,13,2,8,-1,19,15,20,-1,20,15,21,-1,20,21,22,-1,22,21,23,-1,22,23,24,-1,24,23,17,-1,24,17,19,-1,19,17,15,-1,25,21,26,-1,26,21,27,-1,26,27,28,-1,28,27,29,-1,28,29,30,-1,30,29,23,-1,30,23,25,-1,25,23,21,-1,31,32,33,-1,33,32,34,-1,35,36,37,-1,37,36,38,-1,37,38,31,-1,31,38,29,-1,31,29,32,-1,35,33,36,-1,36,33,34,-1,36,34,27,-1,27,34,39,-1,27,39,29,-1,29,39,40,-1,29,40,32,-1,41,36,42,-1,42,36,43,-1,42,43,44,-1,44,43,45,-1,44,45,46,-1,46,45,38,-1,46,38,41,-1,41,38,36,-1,47,43,48,-1,48,43,49,-1,48,49,50,-1,50,49,51,-1,50,51,52,-1,52,51,45,-1,52,45,47,-1,47,45,43,-1,53,49,54,-1,54,49,55,-1,54,55,56,-1,56,55,57,-1,56,57,58,-1,58,57,51,-1,58,51,53,-1,53,51,49,-1,59,60,61,-1,61,60,62,-1,63,64,65,-1,65,64,66,-1,65,66,59,-1,59,66,57,-1,59,57,60,-1,63,61,64,-1,64,61,62,-1,64,62,55,-1,55,62,67,-1,55,67,57,-1,57,67,68,-1,57,68,60,-1,69,64,70,-1,70,64,71,-1,70,71,72,-1,72,71,73,-1,72,73,74,-1,74,73,66,-1,74,66,69,-1,69,66,64,-1,75,71,76,-1,76,71,77,-1,76,77,78,-1,78,77,79,-1,78,79,80,-1,80,79,73,-1,80,73,75,-1,75,73,71,-1,81,77,82,-1,82,77,83,-1,82,83,84,-1,84,83,85,-1,84,85,86,-1,86,85,79,-1,86,79,81,-1,81,79,77,-1,87,88,89,-1,89,88,90,-1,91,92,93,-1,93,92,94,-1,93,94,87,-1,87,94,85,-1,87,85,88,-1,91,89,92,-1,92,89,90,-1,92,90,83,-1,83,90,95,-1,83,95,85,-1,85,95,96,-1,85,96,88,-1,97,92,98,-1,98,92,99,-1,98,99,100,-1,100,99,101,-1,100,101,102,-1,102,101,94,-1,102,94,97,-1,97,94,92,-1,103,99,104,-1,104,99,105,-1,104,105,106,-1,106,105,107,-1,106,107,108,-1,108,107,101,-1,108,101,103,-1,103,101,99,-1,109,105,110,-1,110,105,111,-1,110,111,112,-1,112,111,113,-1,112,113,114,-1,114,113,107,-1,114,107,109,-1,109,107,105,-1,115,116,117,-1,117,116,118,-1,119,120,121,-1,121,120,122,-1,121,122,115,-1,115,122,113,-1,115,113,116,-1,119,117,120,-1,120,117,118,-1,120,118,111,-1,111,118,123,-1,111,123,113,-1,113,123,124,-1,113,124,116,-1,125,120,126,-1,126,120,127,-1,126,127,128,-1,128,127,129,-1,128,129,130,-1,130,129,122,-1,130,122,125,-1,125,122,120,-1,131,127,132,-1,132,127,133,-1,132,133,134,-1,134,133,135,-1,134,135,136,-1,136,135,129,-1,136,129,131,-1,131,129,127,-1,137,133,138,-1,138,133,139,-1,138,139,140,-1,140,139,141,-1,140,141,142,-1,142,141,135,-1,142,135,137,-1,137,135,133,-1,143,144,145,-1,145,144,146,-1,147,148,149,-1,149,148,150,-1,149,150,143,-1,143,150,141,-1,143,141,144,-1,147,145,148,-1,148,145,146,-1,148,146,139,-1,139,146,151,-1,139,151,141,-1,141,151,152,-1,141,152,144,-1,153,148,154,-1,154,148,155,-1,154,155,156,-1,156,155,157,-1,156,157,158,-1,158,157,150,-1,158,150,153,-1,153,150,148,-1,159,155,160,-1,160,155,161,-1,160,161,162,-1,162,161,163,-1,162,163,164,-1,164,163,157,-1,164,157,159,-1,159,157,155,-1,165,161,166,-1,166,161,167,-1,166,167,168,-1,168,167,169,-1,168,169,170,-1,170,169,163,-1,170,163,165,-1,165,163,161,-1,171,172,173,-1,173,172,174,-1,175,176,177,-1,177,176,178,-1,177,178,171,-1,171,178,169,-1,171,169,172,-1,175,173,176,-1,176,173,174,-1,176,174,167,-1,167,174,179,-1,167,179,169,-1,169,179,180,-1,169,180,172,-1,181,176,182,-1,182,176,183,-1,182,183,184,-1,184,183,185,-1,184,185,186,-1,186,185,178,-1,186,178,181,-1,181,178,176,-1,187,183,188,-1,188,183,189,-1,188,189,190,-1,190,189,191,-1,190,191,192,-1,192,191,185,-1,192,185,187,-1,187,185,183,-1,193,189,194,-1,194,189,195,-1,194,195,196,-1,196,195,197,-1,196,197,198,-1,198,197,191,-1,198,191,193,-1,193,191,189,-1,199,200,201,-1,201,200,202,-1,203,204,205,-1,205,204,206,-1,205,206,199,-1,199,206,197,-1,199,197,200,-1,203,201,204,-1,204,201,202,-1,204,202,195,-1,195,202,207,-1,195,207,197,-1,197,207,208,-1,197,208,200,-1,209,204,210,-1,210,204,211,-1,210,211,212,-1,212,211,213,-1,212,213,214,-1,214,213,206,-1,214,206,209,-1,209,206,204,-1,215,211,216,-1,216,211,217,-1,216,217,218,-1,218,217,219,-1,218,219,220,-1,220,219,213,-1,220,213,215,-1,215,213,211,-1,221,222,223,-1,222,221,224,-1,224,221,219,-1,224,219,225,-1,225,219,217,-1,225,217,223,-1,223,217,226,-1,223,226,221,-1,221,226,227,-1,221,227,228,-1,0,2,229,-1,229,2,17,-1,229,17,230,-1,230,17,23,-1,230,23,231,-1,231,23,29,-1,231,29,232,-1,232,29,38,-1,232,38,233,-1,233,38,45,-1,233,45,234,-1,234,45,51,-1,234,51,235,-1,235,51,57,-1,235,57,236,-1,236,57,66,-1,236,66,237,-1,237,66,73,-1,237,73,238,-1,238,73,79,-1,238,79,239,-1,239,79,85,-1,239,85,240,-1,240,85,94,-1,240,94,241,-1,241,94,101,-1,241,101,242,-1,242,101,107,-1,242,107,243,-1,243,107,113,-1,243,113,244,-1,244,113,122,-1,244,122,245,-1,245,122,129,-1,245,129,246,-1,246,129,135,-1,246,135,247,-1,247,135,141,-1,247,141,248,-1,248,141,150,-1,248,150,249,-1,249,150,157,-1,249,157,250,-1,250,157,163,-1,250,163,251,-1,251,163,169,-1,251,169,252,-1,252,169,178,-1,252,178,253,-1,253,178,185,-1,253,185,254,-1,254,185,191,-1,254,191,255,-1,255,191,197,-1,255,197,256,-1,256,197,206,-1,256,206,257,-1,257,206,213,-1,257,213,258,-1,258,213,219,-1,258,219,259,-1,259,219,221,-1,259,221,260,-1,260,221,228,-1,260,228,261,-1,262,263,264,-1,264,263,265,-1,264,265,266,-1,266,265,267,-1,268,269,270,-1,270,269,271,-1,270,271,272,-1,272,271,273,-1,272,273,274,-1,274,273,275,-1,275,276,261,-1,277,278,227,-1,227,278,279,-1,227,279,261,-1,261,279,274,-1,261,274,275,-1,279,278,262,-1,262,278,263,-1,280,281,282,-1,282,281,283,-1,282,283,222,-1,222,283,223,-1,284,225,283,-1,283,225,223,-1,285,286,284,-1,284,286,287,-1,284,287,225,-1,225,287,224,-1,282,222,287,-1,287,222,224,-1,285,284,288,-1,288,284,283,-1,288,283,289,-1,289,283,281,-1,280,282,290,-1,290,282,287,-1,290,287,291,-1,291,287,286,-1,286,285,291,-1,291,285,288,-1,290,289,280,-1,280,289,281,-1,292,293,294,-1,295,296,297,-1,297,296,292,-1,297,292,298,-1,298,292,294,-1,295,299,296,-1,296,299,300,-1,296,300,301,-1,301,300,302,-1,301,302,293,-1,293,302,303,-1,293,303,294,-1,304,289,305,-1,305,289,290,-1,306,288,304,-1,304,288,289,-1,307,291,306,-1,306,291,288,-1,305,290,307,-1,307,290,291,-1,227,226,277,-1,277,226,217,-1,217,211,277,-1,277,211,204,-1,277,204,195,-1,195,189,277,-1,277,189,183,-1,277,183,308,-1,308,183,176,-1,308,176,167,-1,83,77,308,-1,308,77,71,-1,308,49,43,-1,43,36,308,-1,308,36,27,-1,308,27,21,-1,167,161,308,-1,308,161,155,-1,308,155,148,-1,71,64,308,-1,308,64,55,-1,308,55,49,-1,21,15,308,-1,308,15,8,-1,308,8,10,-1,148,139,308,-1,308,139,133,-1,308,133,127,-1,127,120,308,-1,308,120,111,-1,308,111,105,-1,105,99,308,-1,308,99,92,-1,308,92,83,-1,309,310,311,-1,312,313,314,-1,314,313,315,-1,316,317,315,-1,315,317,318,-1,318,319,320,-1,321,322,323,-1,323,322,324,-1,323,324,308,-1,325,326,327,-1,328,329,330,-1,330,329,325,-1,331,332,333,-1,333,332,334,-1,334,335,336,-1,337,338,324,-1,324,338,330,-1,324,330,308,-1,308,330,325,-1,308,325,339,-1,339,325,327,-1,320,340,318,-1,318,340,277,-1,318,277,315,-1,315,277,308,-1,315,308,314,-1,341,342,343,-1,344,345,346,-1,346,345,341,-1,347,348,349,-1,349,348,350,-1,350,351,352,-1,353,354,339,-1,339,354,346,-1,339,346,308,-1,308,346,341,-1,308,341,355,-1,355,341,343,-1,356,357,358,-1,359,360,361,-1,361,360,356,-1,362,363,364,-1,365,366,367,-1,367,366,362,-1,368,369,370,-1,358,371,356,-1,356,371,308,-1,356,308,361,-1,361,308,355,-1,361,355,372,-1,372,355,373,-1,374,375,376,-1,376,375,368,-1,336,377,334,-1,334,377,277,-1,334,277,333,-1,333,277,340,-1,333,340,378,-1,378,340,379,-1,380,381,382,-1,382,381,383,-1,267,265,263,-1,370,384,368,-1,368,384,308,-1,368,308,376,-1,376,308,371,-1,376,371,385,-1,385,371,386,-1,387,388,389,-1,389,388,309,-1,383,390,391,-1,392,393,394,-1,394,393,267,-1,311,314,309,-1,309,314,308,-1,309,308,389,-1,389,308,384,-1,389,384,395,-1,395,384,396,-1,352,397,350,-1,350,397,277,-1,350,277,349,-1,349,277,377,-1,349,377,398,-1,398,377,399,-1,400,401,402,-1,402,401,403,-1,403,404,405,-1,364,406,362,-1,362,406,277,-1,362,277,367,-1,367,277,397,-1,367,397,407,-1,407,397,408,-1,409,410,411,-1,412,413,414,-1,414,413,402,-1,414,402,277,-1,277,402,403,-1,277,403,415,-1,415,403,405,-1,416,417,415,-1,415,417,394,-1,415,394,277,-1,277,394,267,-1,277,267,278,-1,278,267,263,-1,418,419,420,-1,420,419,409,-1,421,422,406,-1,406,422,382,-1,406,382,277,-1,277,382,383,-1,277,383,423,-1,423,383,391,-1,411,414,409,-1,409,414,277,-1,409,277,420,-1,420,277,423,-1,420,423,424,-1,424,423,425,-1,426,0,229,-1,229,230,426,-1,426,230,231,-1,426,231,232,-1,232,233,426,-1,426,233,234,-1,426,234,276,-1,276,234,235,-1,235,236,276,-1,276,236,237,-1,276,237,238,-1,247,248,276,-1,276,248,249,-1,252,253,276,-1,276,253,254,-1,276,254,255,-1,249,250,276,-1,276,250,251,-1,276,251,252,-1,255,256,276,-1,276,256,257,-1,276,257,258,-1,238,239,276,-1,276,239,240,-1,276,240,241,-1,258,259,276,-1,276,259,260,-1,276,260,261,-1,241,242,276,-1,276,242,243,-1,276,243,244,-1,244,245,276,-1,276,245,246,-1,276,246,247,-1,427,428,429,-1,430,431,432,-1,433,434,435,-1,436,437,438,-1,439,440,441,-1,441,440,442,-1,443,444,445,-1,445,444,446,-1,446,447,448,-1,449,450,451,-1,451,450,452,-1,452,453,454,-1,455,456,269,-1,269,456,433,-1,273,271,275,-1,275,271,269,-1,275,269,276,-1,276,269,433,-1,276,433,457,-1,457,433,435,-1,458,459,460,-1,460,459,461,-1,460,461,276,-1,462,463,464,-1,464,463,465,-1,465,466,467,-1,468,469,470,-1,470,469,436,-1,471,472,457,-1,457,472,470,-1,457,470,276,-1,276,470,436,-1,276,436,460,-1,460,436,438,-1,473,474,475,-1,476,477,478,-1,478,477,473,-1,479,480,481,-1,481,480,441,-1,481,441,276,-1,276,441,442,-1,482,483,484,-1,484,483,485,-1,486,487,485,-1,485,487,488,-1,488,489,490,-1,491,492,493,-1,493,492,494,-1,475,495,473,-1,473,495,276,-1,473,276,478,-1,478,276,461,-1,478,461,496,-1,496,461,497,-1,498,499,500,-1,500,499,427,-1,448,501,446,-1,446,501,426,-1,446,426,445,-1,445,426,502,-1,445,502,503,-1,503,502,504,-1,494,505,506,-1,429,481,427,-1,427,481,276,-1,427,276,500,-1,500,276,495,-1,500,495,507,-1,507,495,508,-1,467,509,465,-1,465,509,426,-1,465,426,464,-1,464,426,501,-1,464,501,510,-1,510,501,511,-1,454,512,452,-1,452,512,276,-1,452,276,451,-1,451,276,442,-1,451,442,513,-1,513,442,514,-1,515,516,517,-1,517,516,430,-1,518,519,509,-1,509,519,493,-1,509,493,426,-1,426,493,494,-1,426,494,520,-1,520,494,506,-1,521,522,523,-1,523,522,524,-1,524,525,526,-1,490,527,488,-1,488,527,426,-1,488,426,485,-1,485,426,276,-1,485,276,484,-1,484,276,512,-1,484,512,528,-1,528,512,529,-1,530,531,520,-1,520,531,523,-1,520,523,426,-1,426,523,524,-1,426,524,532,-1,532,524,526,-1,432,502,430,-1,430,502,426,-1,430,426,517,-1,517,426,527,-1,517,527,533,-1,533,527,534,-1,535,536,537,-1,538,539,540,-1,540,539,535,-1,541,542,532,-1,532,542,540,-1,532,540,426,-1,426,540,535,-1,426,535,543,-1,543,535,537,-1,544,545,546,-1,546,545,547,-1,548,549,544,-1,544,549,545,-1,546,547,550,-1,550,547,551,-1,550,551,548,-1,548,551,549,-1,303,302,552,-1,303,552,553,-1,553,552,554,-1,553,554,555,-1,555,554,556,-1,555,556,557,-1,557,556,558,-1,558,556,559,-1,558,559,560,-1,560,559,561,-1,560,561,562,-1,562,561,563,-1,562,563,564,-1,563,565,564,-1,564,565,566,-1,564,566,567,-1,567,566,266,-1,567,266,268,-1,560,568,569,-1,560,569,558,-1,558,569,570,-1,558,570,557,-1,557,570,571,-1,557,571,555,-1,555,571,572,-1,555,572,553,-1,553,572,294,-1,553,294,303,-1,568,560,573,-1,573,560,562,-1,573,562,574,-1,562,564,574,-1,574,564,567,-1,574,567,575,-1,575,567,268,-1,575,268,270,-1,264,266,566,-1,264,566,576,-1,576,566,565,-1,576,565,577,-1,577,565,578,-1,578,565,563,-1,578,563,579,-1,579,563,561,-1,579,561,580,-1,580,561,559,-1,580,559,581,-1,559,556,581,-1,581,556,554,-1,581,554,582,-1,582,554,552,-1,582,552,583,-1,583,552,302,-1,583,302,300,-1,270,272,584,-1,270,584,575,-1,575,584,585,-1,575,585,574,-1,574,585,586,-1,574,586,573,-1,573,586,587,-1,573,587,568,-1,568,587,588,-1,568,588,569,-1,569,588,589,-1,569,589,570,-1,570,589,590,-1,570,590,571,-1,571,590,591,-1,571,591,572,-1,572,591,298,-1,572,298,294,-1,262,264,576,-1,262,576,592,-1,592,576,577,-1,592,577,593,-1,593,577,594,-1,594,577,578,-1,594,578,595,-1,595,578,579,-1,595,579,596,-1,596,579,580,-1,596,580,597,-1,580,581,597,-1,597,581,582,-1,597,582,598,-1,598,582,583,-1,598,583,599,-1,599,583,300,-1,599,300,299,-1,297,298,600,-1,600,298,591,-1,590,601,591,-1,591,601,602,-1,591,602,600,-1,589,603,590,-1,590,603,604,-1,590,604,601,-1,272,274,584,-1,584,274,605,-1,584,605,585,-1,585,605,606,-1,585,606,586,-1,586,606,607,-1,586,607,587,-1,587,607,608,-1,587,608,588,-1,588,608,609,-1,588,609,589,-1,589,609,610,-1,589,610,603,-1,279,262,592,-1,279,592,611,-1,611,592,593,-1,611,593,612,-1,612,593,594,-1,612,594,613,-1,613,594,595,-1,613,595,614,-1,614,595,596,-1,614,596,615,-1,615,596,597,-1,615,597,616,-1,616,597,617,-1,617,597,598,-1,617,598,618,-1,618,598,619,-1,619,598,599,-1,619,599,620,-1,620,599,621,-1,621,599,299,-1,621,299,295,-1,295,297,600,-1,613,614,609,-1,609,614,615,-1,609,615,610,-1,610,615,616,-1,610,616,603,-1,603,616,617,-1,603,617,604,-1,604,617,618,-1,604,618,601,-1,601,618,619,-1,601,619,602,-1,602,619,620,-1,602,620,600,-1,600,620,621,-1,600,621,295,-1,607,606,611,-1,609,608,613,-1,613,608,607,-1,613,607,612,-1,612,607,611,-1,606,605,611,-1,611,605,274,-1,611,274,279,-1,292,296,622,-1,292,622,623,-1,623,622,624,-1,623,624,625,-1,625,624,626,-1,625,626,627,-1,627,626,550,-1,627,550,548,-1,293,292,623,-1,293,623,628,-1,628,623,625,-1,628,625,629,-1,629,625,627,-1,629,627,630,-1,630,627,548,-1,630,548,544,-1,546,550,626,-1,546,626,631,-1,631,626,624,-1,631,624,632,-1,632,624,622,-1,632,622,633,-1,633,622,296,-1,633,296,301,-1,301,293,628,-1,301,628,633,-1,633,628,629,-1,633,629,632,-1,632,629,630,-1,632,630,631,-1,631,630,544,-1,631,544,546,-1,634,307,306,-1,634,306,635,-1,636,637,638,-1,306,639,635,-1,635,639,636,-1,635,636,640,-1,640,636,638,-1,637,641,638,-1,638,641,547,-1,638,547,545,-1,642,305,307,-1,642,307,643,-1,635,640,644,-1,307,634,643,-1,643,634,635,-1,643,635,645,-1,645,635,644,-1,640,638,644,-1,644,638,545,-1,644,545,549,-1,547,641,551,-1,551,641,646,-1,637,636,647,-1,637,647,641,-1,641,647,648,-1,641,648,646,-1,639,306,304,-1,639,304,636,-1,636,304,649,-1,636,649,647,-1,649,304,305,-1,649,305,647,-1,647,305,642,-1,647,642,643,-1,645,646,643,-1,643,646,648,-1,643,648,647,-1,645,644,646,-1,646,644,549,-1,646,549,551,-1,650,393,651,-1,651,393,392,-1,651,392,652,-1,652,392,394,-1,653,433,654,-1,654,433,456,-1,654,456,655,-1,655,456,455,-1,655,455,268,-1,268,455,269,-1,266,267,650,-1,650,267,393,-1,656,657,658,-1,658,657,659,-1,658,659,218,-1,218,659,216,-1,660,215,659,-1,659,215,216,-1,661,662,660,-1,660,662,663,-1,660,663,215,-1,215,663,220,-1,658,218,663,-1,663,218,220,-1,664,417,665,-1,665,417,416,-1,665,416,666,-1,666,416,415,-1,667,457,668,-1,668,457,435,-1,668,435,669,-1,669,435,434,-1,669,434,653,-1,653,434,433,-1,652,394,664,-1,664,394,417,-1,670,671,672,-1,672,671,673,-1,672,673,212,-1,212,673,210,-1,674,209,673,-1,673,209,210,-1,675,676,674,-1,674,676,677,-1,674,677,209,-1,209,677,214,-1,672,212,677,-1,677,212,214,-1,678,405,679,-1,679,405,404,-1,679,404,680,-1,680,404,403,-1,681,470,682,-1,682,470,472,-1,682,472,683,-1,683,472,471,-1,683,471,667,-1,667,471,457,-1,666,415,678,-1,678,415,405,-1,684,685,686,-1,686,685,687,-1,686,687,205,-1,205,687,203,-1,688,201,687,-1,687,201,203,-1,689,690,688,-1,688,690,691,-1,688,691,201,-1,201,691,199,-1,686,205,691,-1,691,205,199,-1,692,401,693,-1,693,401,400,-1,693,400,694,-1,694,400,402,-1,695,436,696,-1,696,436,469,-1,696,469,697,-1,697,469,468,-1,697,468,681,-1,681,468,470,-1,680,403,692,-1,692,403,401,-1,698,699,700,-1,700,699,701,-1,700,701,200,-1,200,701,202,-1,702,207,701,-1,701,207,202,-1,703,704,702,-1,702,704,705,-1,702,705,207,-1,207,705,208,-1,700,200,705,-1,705,200,208,-1,706,413,707,-1,707,413,412,-1,707,412,708,-1,708,412,414,-1,709,460,710,-1,710,460,438,-1,710,438,711,-1,711,438,437,-1,711,437,695,-1,695,437,436,-1,694,402,706,-1,706,402,413,-1,712,713,714,-1,714,713,715,-1,714,715,196,-1,196,715,194,-1,716,193,715,-1,715,193,194,-1,717,718,716,-1,716,718,719,-1,716,719,193,-1,193,719,198,-1,714,196,719,-1,719,196,198,-1,720,411,721,-1,721,411,410,-1,721,410,722,-1,722,410,409,-1,723,461,724,-1,724,461,459,-1,724,459,725,-1,725,459,458,-1,725,458,709,-1,709,458,460,-1,708,414,720,-1,720,414,411,-1,726,727,728,-1,728,727,729,-1,728,729,190,-1,190,729,188,-1,730,187,729,-1,729,187,188,-1,731,732,730,-1,730,732,733,-1,730,733,187,-1,187,733,192,-1,728,190,733,-1,733,190,192,-1,734,419,735,-1,735,419,418,-1,735,418,736,-1,736,418,420,-1,737,478,738,-1,738,478,496,-1,738,496,739,-1,739,496,497,-1,739,497,723,-1,723,497,461,-1,722,409,734,-1,734,409,419,-1,740,741,742,-1,742,741,743,-1,742,743,184,-1,184,743,182,-1,744,181,743,-1,743,181,182,-1,745,746,744,-1,744,746,747,-1,744,747,181,-1,181,747,186,-1,742,184,747,-1,747,184,186,-1,748,424,749,-1,749,424,425,-1,749,425,750,-1,750,425,423,-1,751,473,752,-1,752,473,477,-1,752,477,753,-1,753,477,476,-1,753,476,737,-1,737,476,478,-1,736,420,748,-1,748,420,424,-1,754,755,756,-1,756,755,757,-1,756,757,177,-1,177,757,175,-1,758,173,757,-1,757,173,175,-1,759,760,758,-1,758,760,761,-1,758,761,173,-1,173,761,171,-1,756,177,761,-1,761,177,171,-1,762,391,763,-1,763,391,390,-1,763,390,764,-1,764,390,383,-1,765,495,766,-1,766,495,475,-1,766,475,767,-1,767,475,474,-1,767,474,751,-1,751,474,473,-1,750,423,762,-1,762,423,391,-1,768,769,770,-1,770,769,771,-1,770,771,172,-1,172,771,174,-1,772,179,771,-1,771,179,174,-1,773,774,772,-1,772,774,775,-1,772,775,179,-1,179,775,180,-1,770,172,775,-1,775,172,180,-1,776,381,777,-1,777,381,380,-1,777,380,778,-1,778,380,382,-1,779,500,780,-1,780,500,507,-1,780,507,781,-1,781,507,508,-1,781,508,765,-1,765,508,495,-1,764,383,776,-1,776,383,381,-1,782,783,784,-1,784,783,785,-1,784,785,168,-1,168,785,166,-1,786,165,785,-1,785,165,166,-1,787,788,786,-1,786,788,789,-1,786,789,165,-1,165,789,170,-1,784,168,789,-1,789,168,170,-1,790,422,791,-1,791,422,421,-1,791,421,792,-1,792,421,406,-1,793,427,794,-1,794,427,499,-1,794,499,795,-1,795,499,498,-1,795,498,779,-1,779,498,500,-1,778,382,790,-1,790,382,422,-1,796,797,798,-1,798,797,799,-1,798,799,162,-1,162,799,160,-1,800,159,799,-1,799,159,160,-1,801,802,800,-1,800,802,803,-1,800,803,159,-1,159,803,164,-1,798,162,803,-1,803,162,164,-1,804,364,805,-1,805,364,363,-1,805,363,806,-1,806,363,362,-1,807,481,808,-1,808,481,429,-1,808,429,809,-1,809,429,428,-1,809,428,793,-1,793,428,427,-1,792,406,804,-1,804,406,364,-1,810,811,812,-1,812,811,813,-1,812,813,156,-1,156,813,154,-1,814,153,813,-1,813,153,154,-1,815,816,814,-1,814,816,817,-1,814,817,153,-1,153,817,158,-1,812,156,817,-1,817,156,158,-1,818,366,819,-1,819,366,365,-1,819,365,820,-1,820,365,367,-1,821,441,822,-1,822,441,480,-1,822,480,823,-1,823,480,479,-1,823,479,807,-1,807,479,481,-1,806,362,818,-1,818,362,366,-1,824,825,826,-1,826,825,827,-1,826,827,149,-1,149,827,147,-1,828,145,827,-1,827,145,147,-1,829,830,828,-1,828,830,831,-1,828,831,145,-1,145,831,143,-1,826,149,831,-1,831,149,143,-1,832,407,833,-1,833,407,408,-1,833,408,834,-1,834,408,397,-1,835,442,836,-1,836,442,440,-1,836,440,837,-1,837,440,439,-1,837,439,821,-1,821,439,441,-1,820,367,832,-1,832,367,407,-1,838,839,840,-1,840,839,841,-1,840,841,144,-1,144,841,146,-1,842,151,841,-1,841,151,146,-1,843,844,842,-1,842,844,845,-1,842,845,151,-1,151,845,152,-1,840,144,845,-1,845,144,152,-1,846,352,847,-1,847,352,351,-1,847,351,848,-1,848,351,350,-1,849,451,850,-1,850,451,513,-1,850,513,851,-1,851,513,514,-1,851,514,835,-1,835,514,442,-1,834,397,846,-1,846,397,352,-1,852,853,854,-1,854,853,855,-1,854,855,140,-1,140,855,138,-1,856,137,855,-1,855,137,138,-1,857,858,856,-1,856,858,859,-1,856,859,137,-1,137,859,142,-1,854,140,859,-1,859,140,142,-1,860,348,861,-1,861,348,347,-1,861,347,862,-1,862,347,349,-1,863,452,864,-1,864,452,450,-1,864,450,865,-1,865,450,449,-1,865,449,849,-1,849,449,451,-1,848,350,860,-1,860,350,348,-1,866,867,868,-1,868,867,869,-1,868,869,134,-1,134,869,132,-1,870,131,869,-1,869,131,132,-1,871,872,870,-1,870,872,873,-1,870,873,131,-1,131,873,136,-1,868,134,873,-1,873,134,136,-1,874,398,875,-1,875,398,399,-1,875,399,876,-1,876,399,377,-1,877,512,878,-1,878,512,454,-1,878,454,879,-1,879,454,453,-1,879,453,863,-1,863,453,452,-1,862,349,874,-1,874,349,398,-1,880,881,882,-1,882,881,883,-1,882,883,128,-1,128,883,126,-1,884,125,883,-1,883,125,126,-1,885,886,884,-1,884,886,887,-1,884,887,125,-1,125,887,130,-1,882,128,887,-1,887,128,130,-1,888,336,889,-1,889,336,335,-1,889,335,890,-1,890,335,334,-1,891,484,892,-1,892,484,528,-1,892,528,893,-1,893,528,529,-1,893,529,877,-1,877,529,512,-1,876,377,888,-1,888,377,336,-1,894,895,896,-1,896,895,897,-1,896,897,121,-1,121,897,119,-1,898,117,897,-1,897,117,119,-1,899,900,898,-1,898,900,901,-1,898,901,117,-1,117,901,115,-1,896,121,901,-1,901,121,115,-1,902,332,903,-1,903,332,331,-1,903,331,904,-1,904,331,333,-1,905,485,906,-1,906,485,483,-1,906,483,907,-1,907,483,482,-1,907,482,891,-1,891,482,484,-1,890,334,902,-1,902,334,332,-1,908,909,910,-1,910,909,911,-1,910,911,116,-1,116,911,118,-1,912,123,911,-1,911,123,118,-1,913,914,912,-1,912,914,915,-1,912,915,123,-1,123,915,124,-1,910,116,915,-1,915,116,124,-1,916,378,917,-1,917,378,379,-1,917,379,918,-1,918,379,340,-1,919,488,920,-1,920,488,487,-1,920,487,921,-1,921,487,486,-1,921,486,905,-1,905,486,485,-1,904,333,916,-1,916,333,378,-1,922,923,924,-1,924,923,925,-1,924,925,112,-1,112,925,110,-1,926,109,925,-1,925,109,110,-1,927,928,926,-1,926,928,929,-1,926,929,109,-1,109,929,114,-1,924,112,929,-1,929,112,114,-1,930,320,931,-1,931,320,319,-1,931,319,932,-1,932,319,318,-1,933,527,934,-1,934,527,490,-1,934,490,935,-1,935,490,489,-1,935,489,919,-1,919,489,488,-1,918,340,930,-1,930,340,320,-1,936,937,938,-1,938,937,939,-1,938,939,106,-1,106,939,104,-1,940,103,939,-1,939,103,104,-1,941,942,940,-1,940,942,943,-1,940,943,103,-1,103,943,108,-1,938,106,943,-1,943,106,108,-1,944,317,945,-1,945,317,316,-1,945,316,946,-1,946,316,315,-1,947,517,948,-1,948,517,533,-1,948,533,949,-1,949,533,534,-1,949,534,933,-1,933,534,527,-1,932,318,944,-1,944,318,317,-1,950,951,952,-1,952,951,953,-1,952,953,100,-1,100,953,98,-1,954,97,953,-1,953,97,98,-1,955,956,954,-1,954,956,957,-1,954,957,97,-1,97,957,102,-1,952,100,957,-1,957,100,102,-1,958,313,959,-1,959,313,312,-1,959,312,960,-1,960,312,314,-1,961,430,962,-1,962,430,516,-1,962,516,963,-1,963,516,515,-1,963,515,947,-1,947,515,517,-1,946,315,958,-1,958,315,313,-1,964,965,966,-1,966,965,967,-1,966,967,93,-1,93,967,91,-1,968,89,967,-1,967,89,91,-1,969,970,968,-1,968,970,971,-1,968,971,89,-1,89,971,87,-1,966,93,971,-1,971,93,87,-1,972,311,973,-1,973,311,310,-1,973,310,974,-1,974,310,309,-1,975,502,976,-1,976,502,432,-1,976,432,977,-1,977,432,431,-1,977,431,961,-1,961,431,430,-1,960,314,972,-1,972,314,311,-1,978,979,980,-1,980,979,981,-1,980,981,88,-1,88,981,90,-1,982,95,981,-1,981,95,90,-1,983,984,982,-1,982,984,985,-1,982,985,95,-1,95,985,96,-1,980,88,985,-1,985,88,96,-1,986,388,987,-1,987,388,387,-1,987,387,988,-1,988,387,389,-1,989,445,990,-1,990,445,503,-1,990,503,991,-1,991,503,504,-1,991,504,975,-1,975,504,502,-1,974,309,986,-1,986,309,388,-1,992,993,994,-1,994,993,995,-1,994,995,84,-1,84,995,82,-1,996,81,995,-1,995,81,82,-1,997,998,996,-1,996,998,999,-1,996,999,81,-1,81,999,86,-1,994,84,999,-1,999,84,86,-1,1000,395,1001,-1,1001,395,396,-1,1001,396,1002,-1,1002,396,384,-1,1003,446,1004,-1,1004,446,444,-1,1004,444,1005,-1,1005,444,443,-1,1005,443,989,-1,989,443,445,-1,988,389,1000,-1,1000,389,395,-1,1006,1007,1008,-1,1008,1007,1009,-1,1008,1009,78,-1,78,1009,76,-1,1010,75,1009,-1,1009,75,76,-1,1011,1012,1010,-1,1010,1012,1013,-1,1010,1013,75,-1,75,1013,80,-1,1008,78,1013,-1,1013,78,80,-1,1014,370,1015,-1,1015,370,369,-1,1015,369,1016,-1,1016,369,368,-1,1017,501,1018,-1,1018,501,448,-1,1018,448,1019,-1,1019,448,447,-1,1019,447,1003,-1,1003,447,446,-1,1002,384,1014,-1,1014,384,370,-1,1020,1021,1022,-1,1022,1021,1023,-1,1022,1023,72,-1,72,1023,70,-1,1024,69,1023,-1,1023,69,70,-1,1025,1026,1024,-1,1024,1026,1027,-1,1024,1027,69,-1,69,1027,74,-1,1022,72,1027,-1,1027,72,74,-1,1028,375,1029,-1,1029,375,374,-1,1029,374,1030,-1,1030,374,376,-1,1031,464,1032,-1,1032,464,510,-1,1032,510,1033,-1,1033,510,511,-1,1033,511,1017,-1,1017,511,501,-1,1016,368,1028,-1,1028,368,375,-1,1034,1035,1036,-1,1036,1035,1037,-1,1036,1037,65,-1,65,1037,63,-1,1038,61,1037,-1,1037,61,63,-1,1039,1040,1038,-1,1038,1040,1041,-1,1038,1041,61,-1,61,1041,59,-1,1036,65,1041,-1,1041,65,59,-1,1042,385,1043,-1,1043,385,386,-1,1043,386,1044,-1,1044,386,371,-1,1045,465,1046,-1,1046,465,463,-1,1046,463,1047,-1,1047,463,462,-1,1047,462,1031,-1,1031,462,464,-1,1030,376,1042,-1,1042,376,385,-1,1048,1049,1050,-1,1050,1049,1051,-1,1050,1051,60,-1,60,1051,62,-1,1052,67,1051,-1,1051,67,62,-1,1053,1054,1052,-1,1052,1054,1055,-1,1052,1055,67,-1,67,1055,68,-1,1050,60,1055,-1,1055,60,68,-1,1056,358,1057,-1,1057,358,357,-1,1057,357,1058,-1,1058,357,356,-1,1059,509,1060,-1,1060,509,467,-1,1060,467,1061,-1,1061,467,466,-1,1061,466,1045,-1,1045,466,465,-1,1044,371,1056,-1,1056,371,358,-1,1062,1063,1064,-1,1064,1063,1065,-1,1064,1065,56,-1,56,1065,54,-1,1066,53,1065,-1,1065,53,54,-1,1067,1068,1066,-1,1066,1068,1069,-1,1066,1069,53,-1,53,1069,58,-1,1064,56,1069,-1,1069,56,58,-1,1070,360,1071,-1,1071,360,359,-1,1071,359,1072,-1,1072,359,361,-1,1073,493,1074,-1,1074,493,519,-1,1074,519,1075,-1,1075,519,518,-1,1075,518,1059,-1,1059,518,509,-1,1058,356,1070,-1,1070,356,360,-1,1076,1077,1078,-1,1078,1077,1079,-1,1078,1079,50,-1,50,1079,48,-1,1080,47,1079,-1,1079,47,48,-1,1081,1082,1080,-1,1080,1082,1083,-1,1080,1083,47,-1,47,1083,52,-1,1078,50,1083,-1,1083,50,52,-1,1084,372,1085,-1,1085,372,373,-1,1085,373,1086,-1,1086,373,355,-1,1087,494,1088,-1,1088,494,492,-1,1088,492,1089,-1,1089,492,491,-1,1089,491,1073,-1,1073,491,493,-1,1072,361,1084,-1,1084,361,372,-1,1090,1091,1092,-1,1092,1091,1093,-1,1092,1093,44,-1,44,1093,42,-1,1094,41,1093,-1,1093,41,42,-1,1095,1096,1094,-1,1094,1096,1097,-1,1094,1097,41,-1,41,1097,46,-1,1092,44,1097,-1,1097,44,46,-1,1098,343,1099,-1,1099,343,342,-1,1099,342,1100,-1,1100,342,341,-1,1101,520,1102,-1,1102,520,506,-1,1102,506,1103,-1,1103,506,505,-1,1103,505,1087,-1,1087,505,494,-1,1086,355,1098,-1,1098,355,343,-1,1104,1105,1106,-1,1106,1105,1107,-1,1106,1107,37,-1,37,1107,35,-1,1108,33,1107,-1,1107,33,35,-1,1109,1110,1108,-1,1108,1110,1111,-1,1108,1111,33,-1,33,1111,31,-1,1106,37,1111,-1,1111,37,31,-1,1112,345,1113,-1,1113,345,344,-1,1113,344,1114,-1,1114,344,346,-1,1115,523,1116,-1,1116,523,531,-1,1116,531,1117,-1,1117,531,530,-1,1117,530,1101,-1,1101,530,520,-1,1100,341,1112,-1,1112,341,345,-1,1118,1119,1120,-1,1120,1119,1121,-1,1120,1121,32,-1,32,1121,34,-1,1122,39,1121,-1,1121,39,34,-1,1123,1124,1122,-1,1122,1124,1125,-1,1122,1125,39,-1,39,1125,40,-1,1120,32,1125,-1,1125,32,40,-1,1126,354,1127,-1,1127,354,353,-1,1127,353,1128,-1,1128,353,339,-1,1129,524,1130,-1,1130,524,522,-1,1130,522,1131,-1,1131,522,521,-1,1131,521,1115,-1,1115,521,523,-1,1114,346,1126,-1,1126,346,354,-1,1132,1133,1134,-1,1134,1133,1135,-1,1134,1135,28,-1,28,1135,26,-1,1136,25,1135,-1,1135,25,26,-1,1137,1138,1136,-1,1136,1138,1139,-1,1136,1139,25,-1,25,1139,30,-1,1134,28,1139,-1,1139,28,30,-1,1140,327,1141,-1,1141,327,326,-1,1141,326,1142,-1,1142,326,325,-1,1143,532,1144,-1,1144,532,526,-1,1144,526,1145,-1,1145,526,525,-1,1145,525,1129,-1,1129,525,524,-1,1128,339,1140,-1,1140,339,327,-1,1146,1147,1148,-1,1148,1147,1149,-1,1148,1149,22,-1,22,1149,20,-1,1150,19,1149,-1,1149,19,20,-1,1151,1152,1150,-1,1150,1152,1153,-1,1150,1153,19,-1,19,1153,24,-1,1148,22,1153,-1,1153,22,24,-1,1154,329,1155,-1,1155,329,328,-1,1155,328,1156,-1,1156,328,330,-1,1157,540,1158,-1,1158,540,542,-1,1158,542,1159,-1,1159,542,541,-1,1159,541,1143,-1,1143,541,532,-1,1142,325,1154,-1,1154,325,329,-1,1160,1161,1162,-1,1162,1161,1163,-1,1162,1163,16,-1,16,1163,14,-1,1164,13,1163,-1,1163,13,14,-1,1165,1166,1164,-1,1164,1166,1167,-1,1164,1167,13,-1,13,1167,18,-1,1162,16,1167,-1,1167,16,18,-1,1168,338,1169,-1,1169,338,337,-1,1169,337,1170,-1,1170,337,324,-1,1171,535,1172,-1,1172,535,539,-1,1172,539,1173,-1,1173,539,538,-1,1173,538,1157,-1,1157,538,540,-1,1156,330,1168,-1,1168,330,338,-1,1174,1175,1176,-1,1176,1175,1177,-1,1176,1177,9,-1,9,1177,7,-1,1178,5,1177,-1,1177,5,7,-1,1179,1180,1178,-1,1178,1180,1181,-1,1178,1181,5,-1,5,1181,3,-1,1176,9,1181,-1,1181,9,3,-1,1182,322,1183,-1,1183,322,321,-1,1183,321,1184,-1,1184,321,323,-1,426,543,0,-1,0,543,1185,-1,0,1185,1,-1,1,1185,1184,-1,1,1184,10,-1,10,1184,323,-1,10,323,308,-1,1185,543,1186,-1,1186,543,537,-1,1186,537,1187,-1,1187,537,536,-1,1187,536,1171,-1,1171,536,535,-1,1170,324,1182,-1,1182,324,322,-1,1188,1189,1190,-1,1190,1189,1191,-1,1190,1191,4,-1,4,1191,6,-1,1192,11,1191,-1,1191,11,6,-1,1193,1194,1192,-1,1192,1194,1195,-1,1192,1195,11,-1,11,1195,12,-1,1190,4,1195,-1,1195,4,12,-1,661,660,1196,-1,1196,660,659,-1,1196,659,1197,-1,1197,659,657,-1,675,674,1198,-1,1198,674,673,-1,1198,673,1199,-1,1199,673,671,-1,689,688,1200,-1,1200,688,687,-1,1200,687,1201,-1,1201,687,685,-1,703,702,1202,-1,1202,702,701,-1,1202,701,1203,-1,1203,701,699,-1,717,716,1204,-1,1204,716,715,-1,1204,715,1205,-1,1205,715,713,-1,731,730,1206,-1,1206,730,729,-1,1206,729,1207,-1,1207,729,727,-1,745,744,1208,-1,1208,744,743,-1,1208,743,1209,-1,1209,743,741,-1,759,758,1210,-1,1210,758,757,-1,1210,757,1211,-1,1211,757,755,-1,773,772,1212,-1,1212,772,771,-1,1212,771,1213,-1,1213,771,769,-1,787,786,1214,-1,1214,786,785,-1,1214,785,1215,-1,1215,785,783,-1,801,800,1216,-1,1216,800,799,-1,1216,799,1217,-1,1217,799,797,-1,815,814,1218,-1,1218,814,813,-1,1218,813,1219,-1,1219,813,811,-1,829,828,1220,-1,1220,828,827,-1,1220,827,1221,-1,1221,827,825,-1,843,842,1222,-1,1222,842,841,-1,1222,841,1223,-1,1223,841,839,-1,857,856,1224,-1,1224,856,855,-1,1224,855,1225,-1,1225,855,853,-1,871,870,1226,-1,1226,870,869,-1,1226,869,1227,-1,1227,869,867,-1,885,884,1228,-1,1228,884,883,-1,1228,883,1229,-1,1229,883,881,-1,899,898,1230,-1,1230,898,897,-1,1230,897,1231,-1,1231,897,895,-1,913,912,1232,-1,1232,912,911,-1,1232,911,1233,-1,1233,911,909,-1,927,926,1234,-1,1234,926,925,-1,1234,925,1235,-1,1235,925,923,-1,941,940,1236,-1,1236,940,939,-1,1236,939,1237,-1,1237,939,937,-1,955,954,1238,-1,1238,954,953,-1,1238,953,1239,-1,1239,953,951,-1,969,968,1240,-1,1240,968,967,-1,1240,967,1241,-1,1241,967,965,-1,983,982,1242,-1,1242,982,981,-1,1242,981,1243,-1,1243,981,979,-1,997,996,1244,-1,1244,996,995,-1,1244,995,1245,-1,1245,995,993,-1,1011,1010,1246,-1,1246,1010,1009,-1,1246,1009,1247,-1,1247,1009,1007,-1,1025,1024,1248,-1,1248,1024,1023,-1,1248,1023,1249,-1,1249,1023,1021,-1,1039,1038,1250,-1,1250,1038,1037,-1,1250,1037,1251,-1,1251,1037,1035,-1,1053,1052,1252,-1,1252,1052,1051,-1,1252,1051,1253,-1,1253,1051,1049,-1,1067,1066,1254,-1,1254,1066,1065,-1,1254,1065,1255,-1,1255,1065,1063,-1,1081,1080,1256,-1,1256,1080,1079,-1,1256,1079,1257,-1,1257,1079,1077,-1,1095,1094,1258,-1,1258,1094,1093,-1,1258,1093,1259,-1,1259,1093,1091,-1,1109,1108,1260,-1,1260,1108,1107,-1,1260,1107,1261,-1,1261,1107,1105,-1,1123,1122,1262,-1,1262,1122,1121,-1,1262,1121,1263,-1,1263,1121,1119,-1,1137,1136,1264,-1,1264,1136,1135,-1,1264,1135,1265,-1,1265,1135,1133,-1,1151,1150,1266,-1,1266,1150,1149,-1,1266,1149,1267,-1,1267,1149,1147,-1,1165,1164,1268,-1,1268,1164,1163,-1,1268,1163,1269,-1,1269,1163,1161,-1,1179,1178,1270,-1,1270,1178,1177,-1,1270,1177,1271,-1,1271,1177,1175,-1,1193,1192,1272,-1,1272,1192,1191,-1,1272,1191,1273,-1,1273,1191,1189,-1,656,658,1274,-1,1274,658,663,-1,1274,663,1275,-1,1275,663,662,-1,670,672,1276,-1,1276,672,677,-1,1276,677,1277,-1,1277,677,676,-1,684,686,1278,-1,1278,686,691,-1,1278,691,1279,-1,1279,691,690,-1,698,700,1280,-1,1280,700,705,-1,1280,705,1281,-1,1281,705,704,-1,712,714,1282,-1,1282,714,719,-1,1282,719,1283,-1,1283,719,718,-1,726,728,1284,-1,1284,728,733,-1,1284,733,1285,-1,1285,733,732,-1,740,742,1286,-1,1286,742,747,-1,1286,747,1287,-1,1287,747,746,-1,754,756,1288,-1,1288,756,761,-1,1288,761,1289,-1,1289,761,760,-1,768,770,1290,-1,1290,770,775,-1,1290,775,1291,-1,1291,775,774,-1,782,784,1292,-1,1292,784,789,-1,1292,789,1293,-1,1293,789,788,-1,796,798,1294,-1,1294,798,803,-1,1294,803,1295,-1,1295,803,802,-1,810,812,1296,-1,1296,812,817,-1,1296,817,1297,-1,1297,817,816,-1,824,826,1298,-1,1298,826,831,-1,1298,831,1299,-1,1299,831,830,-1,838,840,1300,-1,1300,840,845,-1,1300,845,1301,-1,1301,845,844,-1,852,854,1302,-1,1302,854,859,-1,1302,859,1303,-1,1303,859,858,-1,866,868,1304,-1,1304,868,873,-1,1304,873,1305,-1,1305,873,872,-1,880,882,1306,-1,1306,882,887,-1,1306,887,1307,-1,1307,887,886,-1,894,896,1308,-1,1308,896,901,-1,1308,901,1309,-1,1309,901,900,-1,908,910,1310,-1,1310,910,915,-1,1310,915,1311,-1,1311,915,914,-1,922,924,1312,-1,1312,924,929,-1,1312,929,1313,-1,1313,929,928,-1,936,938,1314,-1,1314,938,943,-1,1314,943,1315,-1,1315,943,942,-1,950,952,1316,-1,1316,952,957,-1,1316,957,1317,-1,1317,957,956,-1,964,966,1318,-1,1318,966,971,-1,1318,971,1319,-1,1319,971,970,-1,978,980,1320,-1,1320,980,985,-1,1320,985,1321,-1,1321,985,984,-1,992,994,1322,-1,1322,994,999,-1,1322,999,1323,-1,1323,999,998,-1,1006,1008,1324,-1,1324,1008,1013,-1,1324,1013,1325,-1,1325,1013,1012,-1,1020,1022,1326,-1,1326,1022,1027,-1,1326,1027,1327,-1,1327,1027,1026,-1,1034,1036,1328,-1,1328,1036,1041,-1,1328,1041,1329,-1,1329,1041,1040,-1,1048,1050,1330,-1,1330,1050,1055,-1,1330,1055,1331,-1,1331,1055,1054,-1,1062,1064,1332,-1,1332,1064,1069,-1,1332,1069,1333,-1,1333,1069,1068,-1,1076,1078,1334,-1,1334,1078,1083,-1,1334,1083,1335,-1,1335,1083,1082,-1,1090,1092,1336,-1,1336,1092,1097,-1,1336,1097,1337,-1,1337,1097,1096,-1,1104,1106,1338,-1,1338,1106,1111,-1,1338,1111,1339,-1,1339,1111,1110,-1,1118,1120,1340,-1,1340,1120,1125,-1,1340,1125,1341,-1,1341,1125,1124,-1,1132,1134,1342,-1,1342,1134,1139,-1,1342,1139,1343,-1,1343,1139,1138,-1,1146,1148,1344,-1,1344,1148,1153,-1,1344,1153,1345,-1,1345,1153,1152,-1,1160,1162,1346,-1,1346,1162,1167,-1,1346,1167,1347,-1,1347,1167,1166,-1,1174,1176,1348,-1,1348,1176,1181,-1,1348,1181,1349,-1,1349,1181,1180,-1,1188,1190,1350,-1,1350,1190,1195,-1,1350,1195,1351,-1,1351,1195,1194,-1,1275,662,1196,-1,1196,662,661,-1,656,1274,657,-1,657,1274,1197,-1,1277,676,1198,-1,1198,676,675,-1,670,1276,671,-1,671,1276,1199,-1,1279,690,1200,-1,1200,690,689,-1,684,1278,685,-1,685,1278,1201,-1,1281,704,1202,-1,1202,704,703,-1,698,1280,699,-1,699,1280,1203,-1,1283,718,1204,-1,1204,718,717,-1,712,1282,713,-1,713,1282,1205,-1,1285,732,1206,-1,1206,732,731,-1,726,1284,727,-1,727,1284,1207,-1,1287,746,1208,-1,1208,746,745,-1,740,1286,741,-1,741,1286,1209,-1,1289,760,1210,-1,1210,760,759,-1,754,1288,755,-1,755,1288,1211,-1,1291,774,1212,-1,1212,774,773,-1,768,1290,769,-1,769,1290,1213,-1,1293,788,1214,-1,1214,788,787,-1,782,1292,783,-1,783,1292,1215,-1,1295,802,1216,-1,1216,802,801,-1,796,1294,797,-1,797,1294,1217,-1,1297,816,1218,-1,1218,816,815,-1,810,1296,811,-1,811,1296,1219,-1,1299,830,1220,-1,1220,830,829,-1,824,1298,825,-1,825,1298,1221,-1,1301,844,1222,-1,1222,844,843,-1,838,1300,839,-1,839,1300,1223,-1,1303,858,1224,-1,1224,858,857,-1,852,1302,853,-1,853,1302,1225,-1,1305,872,1226,-1,1226,872,871,-1,866,1304,867,-1,867,1304,1227,-1,1307,886,1228,-1,1228,886,885,-1,880,1306,881,-1,881,1306,1229,-1,1309,900,1230,-1,1230,900,899,-1,894,1308,895,-1,895,1308,1231,-1,1311,914,1232,-1,1232,914,913,-1,908,1310,909,-1,909,1310,1233,-1,1313,928,1234,-1,1234,928,927,-1,922,1312,923,-1,923,1312,1235,-1,1315,942,1236,-1,1236,942,941,-1,936,1314,937,-1,937,1314,1237,-1,1317,956,1238,-1,1238,956,955,-1,950,1316,951,-1,951,1316,1239,-1,1319,970,1240,-1,1240,970,969,-1,964,1318,965,-1,965,1318,1241,-1,1321,984,1242,-1,1242,984,983,-1,978,1320,979,-1,979,1320,1243,-1,1323,998,1244,-1,1244,998,997,-1,992,1322,993,-1,993,1322,1245,-1,1325,1012,1246,-1,1246,1012,1011,-1,1006,1324,1007,-1,1007,1324,1247,-1,1327,1026,1248,-1,1248,1026,1025,-1,1020,1326,1021,-1,1021,1326,1249,-1,1329,1040,1250,-1,1250,1040,1039,-1,1034,1328,1035,-1,1035,1328,1251,-1,1331,1054,1252,-1,1252,1054,1053,-1,1048,1330,1049,-1,1049,1330,1253,-1,1333,1068,1254,-1,1254,1068,1067,-1,1062,1332,1063,-1,1063,1332,1255,-1,1335,1082,1256,-1,1256,1082,1081,-1,1076,1334,1077,-1,1077,1334,1257,-1,1337,1096,1258,-1,1258,1096,1095,-1,1090,1336,1091,-1,1091,1336,1259,-1,1339,1110,1260,-1,1260,1110,1109,-1,1104,1338,1105,-1,1105,1338,1261,-1,1341,1124,1262,-1,1262,1124,1123,-1,1118,1340,1119,-1,1119,1340,1263,-1,1343,1138,1264,-1,1264,1138,1137,-1,1132,1342,1133,-1,1133,1342,1265,-1,1345,1152,1266,-1,1266,1152,1151,-1,1146,1344,1147,-1,1147,1344,1267,-1,1347,1166,1268,-1,1268,1166,1165,-1,1160,1346,1161,-1,1161,1346,1269,-1,1349,1180,1270,-1,1270,1180,1179,-1,1174,1348,1175,-1,1175,1348,1271,-1,1351,1194,1272,-1,1272,1194,1193,-1,1352,1353,1354,-1,1355,1356,1357,-1,1357,1356,1358,-1,1357,1358,1359,-1,1355,1360,1361,-1,1361,1360,1362,-1,1363,1364,1365,-1,1365,1364,1366,-1,1365,1366,1367,-1,1359,1368,1364,-1,1369,1370,1371,-1,1371,1370,1367,-1,1371,1367,1354,-1,1354,1367,1366,-1,1354,1366,1352,-1,1369,1372,1370,-1,1370,1372,1373,-1,1370,1373,1363,-1,1363,1373,1362,-1,1363,1362,1364,-1,1364,1362,1360,-1,1364,1360,1359,-1,1359,1358,1368,-1,1368,1358,1374,-1,1368,1374,1375,-1,1376,1377,1378,-1,1378,1377,1379,-1,1378,1379,1380,-1,1376,1381,1382,-1,1382,1381,1383,-1,1380,1384,1356,-1,1361,1385,1355,-1,1355,1385,1383,-1,1355,1383,1356,-1,1356,1383,1381,-1,1356,1381,1380,-1,1380,1379,1384,-1,1384,1379,1386,-1,1384,1386,1387,-1,1388,1389,1390,-1,1390,1389,1391,-1,1390,1391,1392,-1,1388,1393,1394,-1,1394,1393,1395,-1,1392,1396,1377,-1,1382,1397,1376,-1,1376,1397,1395,-1,1376,1395,1377,-1,1377,1395,1393,-1,1377,1393,1392,-1,1392,1391,1396,-1,1396,1391,1398,-1,1396,1398,1399,-1,1400,1401,1402,-1,1402,1401,1403,-1,1402,1403,1404,-1,1400,1405,1406,-1,1406,1405,1407,-1,1404,1408,1389,-1,1394,1409,1388,-1,1388,1409,1407,-1,1388,1407,1389,-1,1389,1407,1405,-1,1389,1405,1404,-1,1404,1403,1408,-1,1408,1403,1410,-1,1408,1410,1411,-1,1412,1413,1414,-1,1414,1413,1415,-1,1414,1415,1416,-1,1412,1417,1418,-1,1418,1417,1419,-1,1420,1421,1422,-1,1422,1421,1423,-1,1422,1423,1424,-1,1420,1425,1426,-1,1426,1425,1427,-1,1416,1428,1421,-1,1424,1429,1401,-1,1426,1430,1420,-1,1420,1430,1419,-1,1420,1419,1421,-1,1421,1419,1417,-1,1421,1417,1416,-1,1406,1431,1400,-1,1400,1431,1427,-1,1400,1427,1401,-1,1401,1427,1425,-1,1401,1425,1424,-1,1424,1423,1429,-1,1429,1423,1432,-1,1429,1432,1433,-1,1416,1415,1428,-1,1428,1415,1434,-1,1428,1434,1435,-1,1436,1437,1438,-1,1438,1437,1439,-1,1438,1439,1440,-1,1436,1441,1442,-1,1442,1441,1443,-1,1440,1444,1413,-1,1418,1445,1412,-1,1412,1445,1443,-1,1412,1443,1413,-1,1413,1443,1441,-1,1413,1441,1440,-1,1440,1439,1444,-1,1444,1439,1446,-1,1444,1446,1447,-1,1448,1449,1450,-1,1450,1449,1451,-1,1450,1451,1452,-1,1448,1453,1454,-1,1454,1453,1455,-1,1452,1456,1437,-1,1442,1457,1436,-1,1436,1457,1455,-1,1436,1455,1437,-1,1437,1455,1453,-1,1437,1453,1452,-1,1452,1451,1456,-1,1456,1451,1458,-1,1456,1458,1459,-1,1460,1461,1462,-1,1462,1461,1463,-1,1462,1463,1464,-1,1460,1465,1466,-1,1466,1465,1467,-1,1464,1468,1449,-1,1454,1469,1448,-1,1448,1469,1467,-1,1448,1467,1449,-1,1449,1467,1465,-1,1449,1465,1464,-1,1464,1463,1468,-1,1468,1463,1470,-1,1468,1470,1471,-1,1472,1473,1474,-1,1474,1473,1475,-1,1474,1475,1476,-1,1477,1478,1479,-1,1479,1478,1480,-1,1479,1480,1481,-1,1482,1483,1484,-1,1484,1483,1476,-1,1484,1476,1485,-1,1477,1482,1478,-1,1478,1482,1484,-1,1478,1484,1486,-1,1486,1484,1487,-1,1486,1487,1488,-1,1488,1489,1461,-1,1466,1490,1460,-1,1460,1490,1481,-1,1460,1481,1461,-1,1461,1481,1480,-1,1461,1480,1488,-1,1488,1487,1489,-1,1489,1487,1491,-1,1489,1491,1492,-1,1476,1475,1485,-1,1485,1475,1493,-1,1485,1493,1494,-1,1495,1496,1497,-1,1497,1496,1498,-1,1497,1498,1499,-1,1495,1500,1501,-1,1501,1500,1502,-1,1499,1503,1473,-1,1482,1504,1483,-1,1483,1504,1505,-1,1483,1505,1472,-1,1472,1505,1502,-1,1472,1502,1473,-1,1473,1502,1500,-1,1473,1500,1499,-1,1499,1498,1503,-1,1503,1498,1506,-1,1503,1506,1507,-1,1508,1509,1510,-1,1510,1509,1511,-1,1510,1511,1512,-1,1508,1513,1514,-1,1514,1513,1515,-1,1512,1516,1496,-1,1501,1517,1495,-1,1495,1517,1515,-1,1495,1515,1496,-1,1496,1515,1513,-1,1496,1513,1512,-1,1512,1511,1516,-1,1516,1511,1518,-1,1516,1518,1519,-1,1520,1521,1522,-1,1522,1521,1523,-1,1522,1523,1524,-1,1520,1525,1526,-1,1526,1525,1527,-1,1524,1528,1509,-1,1514,1529,1508,-1,1508,1529,1527,-1,1508,1527,1509,-1,1509,1527,1525,-1,1509,1525,1524,-1,1524,1523,1528,-1,1528,1523,1530,-1,1528,1530,1531,-1,1532,1533,1534,-1,1534,1533,1535,-1,1534,1535,1536,-1,1532,1537,1538,-1,1538,1537,1539,-1,1540,1541,1542,-1,1542,1541,1543,-1,1542,1543,1544,-1,1540,1545,1546,-1,1546,1545,1547,-1,1536,1548,1541,-1,1544,1549,1521,-1,1546,1550,1540,-1,1540,1550,1539,-1,1540,1539,1541,-1,1541,1539,1537,-1,1541,1537,1536,-1,1526,1551,1520,-1,1520,1551,1547,-1,1520,1547,1521,-1,1521,1547,1545,-1,1521,1545,1544,-1,1544,1543,1549,-1,1549,1543,1552,-1,1549,1552,1553,-1,1536,1535,1548,-1,1548,1535,1554,-1,1548,1554,1555,-1,1556,1557,1558,-1,1558,1557,1559,-1,1558,1559,1560,-1,1556,1561,1562,-1,1562,1561,1563,-1,1560,1564,1533,-1,1538,1565,1532,-1,1532,1565,1563,-1,1532,1563,1533,-1,1533,1563,1561,-1,1533,1561,1560,-1,1560,1559,1564,-1,1564,1559,1566,-1,1564,1566,1567,-1,1568,1569,1570,-1,1570,1569,1571,-1,1570,1571,1572,-1,1568,1573,1574,-1,1574,1573,1575,-1,1572,1576,1557,-1,1562,1577,1556,-1,1556,1577,1575,-1,1556,1575,1557,-1,1557,1575,1573,-1,1557,1573,1572,-1,1572,1571,1576,-1,1576,1571,1578,-1,1576,1578,1579,-1,1580,1581,1582,-1,1582,1581,1583,-1,1582,1583,1584,-1,1580,1585,1586,-1,1586,1585,1587,-1,1584,1588,1569,-1,1574,1589,1568,-1,1568,1589,1587,-1,1568,1587,1569,-1,1569,1587,1585,-1,1569,1585,1584,-1,1584,1583,1588,-1,1588,1583,1590,-1,1588,1590,1591,-1,1592,1593,1594,-1,1594,1593,1595,-1,1594,1595,1596,-1,1597,1598,1599,-1,1599,1598,1600,-1,1599,1600,1601,-1,1602,1603,1604,-1,1604,1603,1596,-1,1604,1596,1605,-1,1597,1602,1598,-1,1598,1602,1604,-1,1598,1604,1606,-1,1606,1604,1607,-1,1606,1607,1608,-1,1608,1609,1581,-1,1586,1610,1580,-1,1580,1610,1601,-1,1580,1601,1581,-1,1581,1601,1600,-1,1581,1600,1608,-1,1608,1607,1609,-1,1609,1607,1611,-1,1609,1611,1612,-1,1596,1595,1605,-1,1605,1595,1613,-1,1605,1613,1614,-1,1615,1616,1617,-1,1617,1616,1618,-1,1617,1618,1619,-1,1615,1620,1621,-1,1621,1620,1622,-1,1619,1623,1593,-1,1602,1624,1603,-1,1603,1624,1625,-1,1603,1625,1592,-1,1592,1625,1622,-1,1592,1622,1593,-1,1593,1622,1620,-1,1593,1620,1619,-1,1619,1618,1623,-1,1623,1618,1626,-1,1623,1626,1627,-1,1628,1629,1630,-1,1630,1629,1631,-1,1630,1631,1632,-1,1628,1633,1634,-1,1634,1633,1635,-1,1632,1636,1616,-1,1621,1637,1615,-1,1615,1637,1635,-1,1615,1635,1616,-1,1616,1635,1633,-1,1616,1633,1632,-1,1632,1631,1636,-1,1636,1631,1638,-1,1636,1638,1639,-1,1640,1641,1642,-1,1642,1641,1643,-1,1642,1643,1644,-1,1640,1645,1646,-1,1646,1645,1647,-1,1644,1648,1629,-1,1634,1649,1628,-1,1628,1649,1647,-1,1628,1647,1629,-1,1629,1647,1645,-1,1629,1645,1644,-1,1644,1643,1648,-1,1648,1643,1650,-1,1648,1650,1651,-1,1652,1653,1654,-1,1654,1653,1655,-1,1654,1655,1656,-1,1652,1657,1658,-1,1658,1657,1659,-1,1660,1661,1662,-1,1662,1661,1663,-1,1662,1663,1664,-1,1660,1665,1666,-1,1666,1665,1667,-1,1656,1668,1661,-1,1664,1669,1641,-1,1666,1670,1660,-1,1660,1670,1659,-1,1660,1659,1661,-1,1661,1659,1657,-1,1661,1657,1656,-1,1646,1671,1640,-1,1640,1671,1667,-1,1640,1667,1641,-1,1641,1667,1665,-1,1641,1665,1664,-1,1664,1663,1669,-1,1669,1663,1672,-1,1669,1672,1673,-1,1656,1655,1668,-1,1668,1655,1674,-1,1668,1674,1675,-1,1676,1677,1678,-1,1678,1677,1679,-1,1678,1679,1680,-1,1676,1681,1682,-1,1682,1681,1683,-1,1680,1684,1653,-1,1658,1685,1652,-1,1652,1685,1683,-1,1652,1683,1653,-1,1653,1683,1681,-1,1653,1681,1680,-1,1680,1679,1684,-1,1684,1679,1686,-1,1684,1686,1687,-1,1688,1689,1690,-1,1690,1689,1691,-1,1690,1691,1692,-1,1688,1693,1694,-1,1694,1693,1695,-1,1692,1696,1677,-1,1682,1697,1676,-1,1676,1697,1695,-1,1676,1695,1677,-1,1677,1695,1693,-1,1677,1693,1692,-1,1692,1691,1696,-1,1696,1691,1698,-1,1696,1698,1699,-1,1700,1701,1702,-1,1702,1701,1703,-1,1702,1703,1704,-1,1700,1705,1706,-1,1706,1705,1707,-1,1704,1708,1689,-1,1694,1709,1688,-1,1688,1709,1707,-1,1688,1707,1689,-1,1689,1707,1705,-1,1689,1705,1704,-1,1704,1703,1708,-1,1708,1703,1710,-1,1708,1710,1711,-1,1712,1713,1714,-1,1714,1713,1715,-1,1714,1715,1716,-1,1712,1717,1718,-1,1718,1717,1719,-1,1720,1721,1722,-1,1722,1721,1723,-1,1722,1723,1724,-1,1720,1725,1726,-1,1726,1725,1727,-1,1716,1728,1721,-1,1724,1729,1701,-1,1726,1730,1720,-1,1720,1730,1719,-1,1720,1719,1721,-1,1721,1719,1717,-1,1721,1717,1716,-1,1706,1731,1700,-1,1700,1731,1727,-1,1700,1727,1701,-1,1701,1727,1725,-1,1701,1725,1724,-1,1724,1723,1729,-1,1729,1723,1732,-1,1729,1732,1733,-1,1716,1715,1728,-1,1728,1715,1734,-1,1728,1734,1735,-1,1736,1737,1738,-1,1738,1737,1739,-1,1738,1739,1740,-1,1736,1741,1742,-1,1742,1741,1743,-1,1740,1744,1713,-1,1718,1745,1712,-1,1712,1745,1743,-1,1712,1743,1713,-1,1713,1743,1741,-1,1713,1741,1740,-1,1740,1739,1744,-1,1744,1739,1746,-1,1744,1746,1747,-1,1748,1749,1750,-1,1750,1749,1751,-1,1750,1751,1752,-1,1748,1753,1754,-1,1754,1753,1755,-1,1752,1756,1737,-1,1742,1757,1736,-1,1736,1757,1755,-1,1736,1755,1737,-1,1737,1755,1753,-1,1737,1753,1752,-1,1752,1751,1756,-1,1756,1751,1758,-1,1756,1758,1759,-1,1760,1761,1762,-1,1762,1761,1763,-1,1762,1763,1764,-1,1760,1765,1766,-1,1766,1765,1767,-1,1764,1768,1749,-1,1754,1769,1748,-1,1748,1769,1767,-1,1748,1767,1749,-1,1749,1767,1765,-1,1749,1765,1764,-1,1764,1763,1768,-1,1768,1763,1770,-1,1768,1770,1771,-1,1772,1773,1774,-1,1774,1773,1775,-1,1774,1775,1776,-1,1772,1777,1778,-1,1778,1777,1779,-1,1776,1780,1761,-1,1766,1781,1760,-1,1760,1781,1779,-1,1760,1779,1761,-1,1761,1779,1777,-1,1761,1777,1776,-1,1776,1775,1780,-1,1780,1775,1782,-1,1780,1782,1783,-1,1784,1785,1786,-1,1786,1785,1787,-1,1786,1787,1788,-1,1784,1789,1790,-1,1790,1789,1791,-1,1788,1792,1773,-1,1778,1793,1772,-1,1772,1793,1791,-1,1772,1791,1773,-1,1773,1791,1789,-1,1773,1789,1788,-1,1788,1787,1792,-1,1792,1787,1794,-1,1792,1794,1795,-1,1796,1797,1798,-1,1798,1797,1799,-1,1798,1799,1800,-1,1800,1799,1801,-1,1800,1801,1802,-1,1796,1798,1803,-1,1803,1798,1804,-1,1803,1804,1805,-1,1802,1806,1785,-1,1790,1807,1784,-1,1784,1807,1805,-1,1784,1805,1785,-1,1785,1805,1804,-1,1785,1804,1802,-1,1802,1801,1806,-1,1806,1801,1808,-1,1806,1808,1809,-1,1810,1811,1812,-1,1811,1813,1814,-1,1814,1813,1815,-1,1815,1813,1816,-1,1815,1816,1817,-1,1818,1819,1812,-1,1812,1819,1820,-1,1812,1820,1821,-1,1821,1822,1812,-1,1812,1822,1823,-1,1812,1823,1810,-1,1810,1823,1799,-1,1810,1799,1816,-1,1816,1799,1797,-1,1816,1797,1817,-1,1811,1814,1812,-1,1812,1814,1824,-1,1812,1824,1818,-1,1188,1350,1189,-1,1189,1350,1273,-1,1825,1197,1826,-1,1826,1197,1274,-1,1827,1196,1825,-1,1825,1196,1197,-1,1828,1275,1827,-1,1827,1275,1196,-1,1826,1274,1828,-1,1828,1274,1275,-1,1829,1199,1830,-1,1830,1199,1276,-1,1831,1198,1829,-1,1829,1198,1199,-1,1832,1277,1831,-1,1831,1277,1198,-1,1830,1276,1832,-1,1832,1276,1277,-1,1833,1201,1834,-1,1834,1201,1278,-1,1835,1200,1833,-1,1833,1200,1201,-1,1836,1279,1835,-1,1835,1279,1200,-1,1834,1278,1836,-1,1836,1278,1279,-1,1837,1203,1838,-1,1838,1203,1280,-1,1839,1202,1837,-1,1837,1202,1203,-1,1840,1281,1839,-1,1839,1281,1202,-1,1838,1280,1840,-1,1840,1280,1281,-1,1841,1205,1842,-1,1842,1205,1282,-1,1843,1204,1841,-1,1841,1204,1205,-1,1844,1283,1843,-1,1843,1283,1204,-1,1842,1282,1844,-1,1844,1282,1283,-1,1845,1207,1846,-1,1846,1207,1284,-1,1847,1206,1845,-1,1845,1206,1207,-1,1848,1285,1847,-1,1847,1285,1206,-1,1846,1284,1848,-1,1848,1284,1285,-1,1849,1209,1850,-1,1850,1209,1286,-1,1851,1208,1849,-1,1849,1208,1209,-1,1852,1287,1851,-1,1851,1287,1208,-1,1850,1286,1852,-1,1852,1286,1287,-1,1853,1211,1854,-1,1854,1211,1288,-1,1855,1210,1853,-1,1853,1210,1211,-1,1856,1289,1855,-1,1855,1289,1210,-1,1854,1288,1856,-1,1856,1288,1289,-1,1857,1213,1858,-1,1858,1213,1290,-1,1859,1212,1857,-1,1857,1212,1213,-1,1860,1291,1859,-1,1859,1291,1212,-1,1858,1290,1860,-1,1860,1290,1291,-1,1861,1215,1862,-1,1862,1215,1292,-1,1863,1214,1861,-1,1861,1214,1215,-1,1864,1293,1863,-1,1863,1293,1214,-1,1862,1292,1864,-1,1864,1292,1293,-1,1865,1217,1866,-1,1866,1217,1294,-1,1867,1216,1865,-1,1865,1216,1217,-1,1868,1295,1867,-1,1867,1295,1216,-1,1866,1294,1868,-1,1868,1294,1295,-1,1869,1219,1870,-1,1870,1219,1296,-1,1871,1218,1869,-1,1869,1218,1219,-1,1872,1297,1871,-1,1871,1297,1218,-1,1870,1296,1872,-1,1872,1296,1297,-1,1873,1221,1874,-1,1874,1221,1298,-1,1875,1220,1873,-1,1873,1220,1221,-1,1876,1299,1875,-1,1875,1299,1220,-1,1874,1298,1876,-1,1876,1298,1299,-1,1877,1223,1878,-1,1878,1223,1300,-1,1879,1222,1877,-1,1877,1222,1223,-1,1880,1301,1879,-1,1879,1301,1222,-1,1878,1300,1880,-1,1880,1300,1301,-1,1881,1225,1882,-1,1882,1225,1302,-1,1883,1224,1881,-1,1881,1224,1225,-1,1884,1303,1883,-1,1883,1303,1224,-1,1882,1302,1884,-1,1884,1302,1303,-1,1885,1227,1886,-1,1886,1227,1304,-1,1887,1226,1885,-1,1885,1226,1227,-1,1888,1305,1887,-1,1887,1305,1226,-1,1886,1304,1888,-1,1888,1304,1305,-1,1889,1229,1890,-1,1890,1229,1306,-1,1891,1228,1889,-1,1889,1228,1229,-1,1892,1307,1891,-1,1891,1307,1228,-1,1890,1306,1892,-1,1892,1306,1307,-1,1893,1231,1894,-1,1894,1231,1308,-1,1895,1230,1893,-1,1893,1230,1231,-1,1896,1309,1895,-1,1895,1309,1230,-1,1894,1308,1896,-1,1896,1308,1309,-1,1897,1233,1898,-1,1898,1233,1310,-1,1899,1232,1897,-1,1897,1232,1233,-1,1900,1311,1899,-1,1899,1311,1232,-1,1898,1310,1900,-1,1900,1310,1311,-1,1901,1235,1902,-1,1902,1235,1312,-1,1903,1234,1901,-1,1901,1234,1235,-1,1904,1313,1903,-1,1903,1313,1234,-1,1902,1312,1904,-1,1904,1312,1313,-1,1905,1237,1906,-1,1906,1237,1314,-1,1907,1236,1905,-1,1905,1236,1237,-1,1908,1315,1907,-1,1907,1315,1236,-1,1906,1314,1908,-1,1908,1314,1315,-1,1909,1239,1910,-1,1910,1239,1316,-1,1911,1238,1909,-1,1909,1238,1239,-1,1912,1317,1911,-1,1911,1317,1238,-1,1910,1316,1912,-1,1912,1316,1317,-1,1913,1241,1914,-1,1914,1241,1318,-1,1915,1240,1913,-1,1913,1240,1241,-1,1916,1319,1915,-1,1915,1319,1240,-1,1914,1318,1916,-1,1916,1318,1319,-1,1917,1243,1918,-1,1918,1243,1320,-1,1919,1242,1917,-1,1917,1242,1243,-1,1920,1321,1919,-1,1919,1321,1242,-1,1918,1320,1920,-1,1920,1320,1321,-1,1921,1245,1922,-1,1922,1245,1322,-1,1923,1244,1921,-1,1921,1244,1245,-1,1924,1323,1923,-1,1923,1323,1244,-1,1922,1322,1924,-1,1924,1322,1323,-1,1925,1247,1926,-1,1926,1247,1324,-1,1927,1246,1925,-1,1925,1246,1247,-1,1928,1325,1927,-1,1927,1325,1246,-1,1926,1324,1928,-1,1928,1324,1325,-1,1929,1249,1930,-1,1930,1249,1326,-1,1931,1248,1929,-1,1929,1248,1249,-1,1932,1327,1931,-1,1931,1327,1248,-1,1930,1326,1932,-1,1932,1326,1327,-1,1933,1251,1934,-1,1934,1251,1328,-1,1935,1250,1933,-1,1933,1250,1251,-1,1936,1329,1935,-1,1935,1329,1250,-1,1934,1328,1936,-1,1936,1328,1329,-1,1937,1253,1938,-1,1938,1253,1330,-1,1939,1252,1937,-1,1937,1252,1253,-1,1940,1331,1939,-1,1939,1331,1252,-1,1938,1330,1940,-1,1940,1330,1331,-1,1941,1255,1942,-1,1942,1255,1332,-1,1943,1254,1941,-1,1941,1254,1255,-1,1944,1333,1943,-1,1943,1333,1254,-1,1942,1332,1944,-1,1944,1332,1333,-1,1945,1257,1946,-1,1946,1257,1334,-1,1947,1256,1945,-1,1945,1256,1257,-1,1948,1335,1947,-1,1947,1335,1256,-1,1946,1334,1948,-1,1948,1334,1335,-1,1949,1259,1950,-1,1950,1259,1336,-1,1951,1258,1949,-1,1949,1258,1259,-1,1952,1337,1951,-1,1951,1337,1258,-1,1950,1336,1952,-1,1952,1336,1337,-1,1953,1261,1954,-1,1954,1261,1338,-1,1955,1260,1953,-1,1953,1260,1261,-1,1956,1339,1955,-1,1955,1339,1260,-1,1954,1338,1956,-1,1956,1338,1339,-1,1957,1263,1958,-1,1958,1263,1340,-1,1959,1262,1957,-1,1957,1262,1263,-1,1960,1341,1959,-1,1959,1341,1262,-1,1958,1340,1960,-1,1960,1340,1341,-1,1961,1265,1962,-1,1962,1265,1342,-1,1963,1264,1961,-1,1961,1264,1265,-1,1964,1343,1963,-1,1963,1343,1264,-1,1962,1342,1964,-1,1964,1342,1343,-1,1965,1267,1966,-1,1966,1267,1344,-1,1967,1266,1965,-1,1965,1266,1267,-1,1968,1345,1967,-1,1967,1345,1266,-1,1966,1344,1968,-1,1968,1344,1345,-1,1969,1269,1970,-1,1970,1269,1346,-1,1971,1268,1969,-1,1969,1268,1269,-1,1972,1347,1971,-1,1971,1347,1268,-1,1970,1346,1972,-1,1972,1346,1347,-1,1973,1271,1974,-1,1974,1271,1348,-1,1975,1270,1973,-1,1973,1270,1271,-1,1976,1349,1975,-1,1975,1349,1270,-1,1974,1348,1976,-1,1976,1348,1349,-1,1977,1273,1978,-1,1978,1273,1350,-1,1979,1272,1977,-1,1977,1272,1273,-1,1980,1351,1979,-1,1979,1351,1272,-1,1978,1350,1980,-1,1980,1350,1351,-1,1981,1982,1983,-1,1983,1982,1984,-1,1985,1986,1981,-1,1981,1986,1982,-1,1983,1984,1987,-1,1987,1984,1988,-1,1987,1988,1985,-1,1985,1988,1986,-1,1989,1990,1991,-1,1991,1990,1992,-1,1991,1992,1993,-1,1993,1992,1994,-1,1995,1996,1989,-1,1989,1996,1990,-1,1993,1994,1995,-1,1995,1994,1996,-1,1997,1998,1999,-1,1999,1998,2000,-1,1999,2000,2001,-1,2001,2000,2002,-1,2003,2004,1997,-1,1997,2004,1998,-1,2001,2002,2003,-1,2003,2002,2004,-1,2005,2006,2007,-1,2007,2006,2008,-1,2007,2008,2009,-1,2009,2008,2010,-1,2011,2012,2005,-1,2005,2012,2006,-1,2009,2010,2011,-1,2011,2010,2012,-1,2013,2014,2015,-1,2015,2014,2016,-1,2015,2016,2017,-1,2017,2016,2018,-1,2019,2020,2013,-1,2013,2020,2014,-1,2017,2018,2019,-1,2019,2018,2020,-1,2021,2022,2023,-1,2023,2022,2024,-1,2023,2024,2025,-1,2025,2024,2026,-1,2027,2028,2021,-1,2021,2028,2022,-1,2025,2026,2027,-1,2027,2026,2028,-1,2029,2030,2031,-1,2031,2030,2032,-1,2031,2032,2033,-1,2033,2032,2034,-1,2035,2036,2029,-1,2029,2036,2030,-1,2033,2034,2035,-1,2035,2034,2036,-1,2037,2038,2039,-1,2039,2038,2040,-1,2039,2040,2041,-1,2041,2040,2042,-1,2043,2044,2037,-1,2037,2044,2038,-1,2041,2042,2043,-1,2043,2042,2044,-1,2045,2046,2047,-1,2047,2046,2048,-1,2047,2048,2049,-1,2049,2048,2050,-1,2051,2052,2045,-1,2045,2052,2046,-1,2049,2050,2051,-1,2051,2050,2052,-1,2053,2054,2055,-1,2055,2054,2056,-1,2055,2056,2057,-1,2057,2056,2058,-1,2059,2060,2053,-1,2053,2060,2054,-1,2057,2058,2059,-1,2059,2058,2060,-1,2061,2062,2063,-1,2063,2062,2064,-1,2063,2064,2065,-1,2065,2064,2066,-1,2067,2068,2061,-1,2061,2068,2062,-1,2065,2066,2067,-1,2067,2066,2068,-1,2069,2070,2071,-1,2071,2070,2072,-1,2071,2072,2073,-1,2073,2072,2074,-1,2075,2076,2069,-1,2069,2076,2070,-1,2073,2074,2075,-1,2075,2074,2076,-1,2077,2078,2079,-1,2079,2078,2080,-1,2079,2080,2081,-1,2081,2080,2082,-1,2083,2084,2077,-1,2077,2084,2078,-1,2081,2082,2083,-1,2083,2082,2084,-1,2085,2086,2087,-1,2087,2086,2088,-1,2087,2088,2089,-1,2089,2088,2090,-1,2091,2092,2085,-1,2085,2092,2086,-1,2089,2090,2091,-1,2091,2090,2092,-1,2093,2094,2095,-1,2095,2094,2096,-1,2095,2096,2097,-1,2097,2096,2098,-1,2099,2100,2093,-1,2093,2100,2094,-1,2097,2098,2099,-1,2099,2098,2100,-1,2101,2102,2103,-1,2103,2102,2104,-1,2103,2104,2105,-1,2105,2104,2106,-1,2107,2108,2101,-1,2101,2108,2102,-1,2105,2106,2107,-1,2107,2106,2108,-1,2109,2110,2111,-1,2111,2110,2112,-1,2111,2112,2113,-1,2113,2112,2114,-1,2115,2116,2109,-1,2109,2116,2110,-1,2113,2114,2115,-1,2115,2114,2116,-1,2117,2118,2119,-1,2119,2118,2120,-1,2119,2120,2121,-1,2121,2120,2122,-1,2123,2124,2117,-1,2117,2124,2118,-1,2121,2122,2123,-1,2123,2122,2124,-1,2125,2126,2127,-1,2127,2126,2128,-1,2127,2128,2129,-1,2129,2128,2130,-1,2131,2132,2125,-1,2125,2132,2126,-1,2129,2130,2131,-1,2131,2130,2132,-1,2133,2134,2135,-1,2135,2134,2136,-1,2135,2136,2137,-1,2137,2136,2138,-1,2139,2140,2133,-1,2133,2140,2134,-1,2137,2138,2139,-1,2139,2138,2140,-1,2141,2142,2143,-1,2143,2142,2144,-1,2143,2144,2145,-1,2145,2144,2146,-1,2147,2148,2141,-1,2141,2148,2142,-1,2145,2146,2147,-1,2147,2146,2148,-1,2149,2150,2151,-1,2151,2150,2152,-1,2151,2152,2153,-1,2153,2152,2154,-1,2155,2156,2149,-1,2149,2156,2150,-1,2153,2154,2155,-1,2155,2154,2156,-1,2157,2158,2159,-1,2159,2158,2160,-1,2159,2160,2161,-1,2161,2160,2162,-1,2163,2164,2157,-1,2157,2164,2158,-1,2161,2162,2163,-1,2163,2162,2164,-1,2165,2166,2167,-1,2167,2166,2168,-1,2167,2168,2169,-1,2169,2168,2170,-1,2171,2172,2165,-1,2165,2172,2166,-1,2169,2170,2171,-1,2171,2170,2172,-1,2173,2174,2175,-1,2175,2174,2176,-1,2175,2176,2177,-1,2177,2176,2178,-1,2179,2180,2173,-1,2173,2180,2174,-1,2177,2178,2179,-1,2179,2178,2180,-1,2181,2182,2183,-1,2183,2182,2184,-1,2183,2184,2185,-1,2185,2184,2186,-1,2187,2188,2181,-1,2181,2188,2182,-1,2185,2186,2187,-1,2187,2186,2188,-1,2189,2190,2191,-1,2191,2190,2192,-1,2191,2192,2193,-1,2193,2192,2194,-1,2195,2196,2189,-1,2189,2196,2190,-1,2193,2194,2195,-1,2195,2194,2196,-1,2197,2198,2199,-1,2199,2198,2200,-1,2199,2200,2201,-1,2201,2200,2202,-1,2203,2204,2197,-1,2197,2204,2198,-1,2201,2202,2203,-1,2203,2202,2204,-1,2205,2206,2207,-1,2207,2206,2208,-1,2207,2208,2209,-1,2209,2208,2210,-1,2211,2212,2205,-1,2205,2212,2206,-1,2209,2210,2211,-1,2211,2210,2212,-1,2213,2214,2215,-1,2215,2214,2216,-1,2215,2216,2217,-1,2217,2216,2218,-1,2219,2220,2213,-1,2213,2220,2214,-1,2217,2218,2219,-1,2219,2218,2220,-1,2221,2222,2223,-1,2223,2222,2224,-1,2223,2224,2225,-1,2225,2224,2226,-1,2227,2228,2221,-1,2221,2228,2222,-1,2225,2226,2227,-1,2227,2226,2228,-1,2229,2230,2231,-1,2231,2230,2232,-1,2231,2232,2233,-1,2233,2232,2234,-1,2235,2236,2229,-1,2229,2236,2230,-1,2233,2234,2235,-1,2235,2234,2236,-1,2237,2238,2239,-1,2239,2238,2240,-1,2239,2240,2241,-1,2241,2240,2242,-1,2243,2244,2237,-1,2237,2244,2238,-1,2241,2242,2243,-1,2243,2242,2244,-1,2245,2246,2247,-1,2247,2246,2248,-1,2247,2248,2249,-1,2249,2248,2250,-1,2251,2252,2245,-1,2245,2252,2246,-1,2249,2250,2251,-1,2251,2250,2252,-1,2253,2254,2255,-1,2255,2254,2256,-1,2255,2256,2257,-1,2257,2256,2258,-1,2259,2260,2253,-1,2253,2260,2254,-1,2257,2258,2259,-1,2259,2258,2260,-1,2261,2262,2263,-1,2263,2262,2264,-1,2263,2264,2265,-1,2265,2264,2266,-1,2267,2268,2261,-1,2261,2268,2262,-1,2265,2266,2267,-1,2267,2266,2268,-1,2269,2270,2271,-1,2271,2270,2272,-1,2271,2272,2273,-1,2273,2272,2274,-1,2275,2276,2269,-1,2269,2276,2270,-1,2273,2274,2275,-1,2275,2274,2276,-1,2277,2278,2279,-1,2279,2278,2280,-1,2279,2280,2281,-1,2281,2280,2282,-1,2283,2284,2277,-1,2277,2284,2278,-1,2281,2282,2283,-1,2283,2282,2284,-1,2285,2286,2287,-1,2287,2286,2288,-1,2287,2288,2289,-1,2289,2288,2290,-1,2291,2292,2285,-1,2285,2292,2286,-1,2289,2290,2291,-1,2291,2290,2292,-1,1818,1824,2293,-1,2293,1824,2294,-1,2293,2294,2295,-1,2295,2294,2296,-1,2295,2296,2297,-1,2297,2296,2298,-1,2297,2298,2299,-1,2299,2298,2300,-1,2299,2300,2301,-1,2301,2300,2302,-1,2301,2302,2303,-1,2302,2304,2303,-1,2303,2304,2305,-1,2303,2305,2306,-1,2306,2305,2307,-1,2306,2307,2308,-1,2308,2307,2309,-1,2309,2307,2310,-1,2309,2310,2311,-1,2310,2312,2311,-1,2311,2312,2313,-1,2311,2313,2314,-1,2314,2313,1184,-1,2314,1184,1185,-1,1819,1818,2293,-1,2315,1821,1820,-1,2301,2316,2317,-1,2301,2317,2299,-1,2299,2317,2318,-1,2299,2318,2297,-1,2297,2318,2319,-1,2297,2319,2295,-1,2295,2319,2315,-1,2295,2315,2293,-1,2293,2315,1820,-1,2293,1820,1819,-1,2316,2301,2320,-1,2320,2301,2303,-1,2320,2303,2321,-1,2321,2303,2306,-1,2321,2306,2322,-1,2322,2306,2308,-1,2322,2308,2323,-1,2323,2308,2309,-1,2323,2309,2324,-1,2324,2309,2311,-1,2324,2311,2325,-1,2311,2314,2325,-1,2325,2314,1185,-1,2325,1185,1186,-1,1814,1815,2326,-1,2294,2327,2296,-1,2296,2327,2328,-1,2296,2328,2298,-1,2298,2328,2329,-1,2298,2329,2300,-1,2300,2329,2330,-1,2300,2330,2302,-1,2302,2330,2331,-1,2302,2331,2304,-1,2304,2331,2332,-1,2304,2332,2305,-1,2305,2332,2333,-1,2305,2333,2307,-1,2307,2333,2334,-1,2307,2334,2310,-1,2310,2334,2335,-1,2310,2335,2312,-1,2312,2335,2336,-1,2312,2336,2313,-1,2313,2336,1183,-1,2313,1183,1184,-1,1824,1814,2294,-1,2294,1814,2326,-1,2294,2326,2327,-1,1821,2315,1822,-1,1822,2315,2337,-1,2315,2319,2337,-1,2337,2319,2318,-1,2337,2318,2338,-1,2318,2317,2338,-1,2338,2317,2316,-1,2338,2316,2339,-1,2316,2320,2339,-1,2339,2320,2321,-1,2339,2321,2340,-1,2340,2321,2322,-1,2340,2322,2341,-1,2341,2322,2323,-1,2341,2323,2342,-1,2342,2323,2324,-1,2342,2324,2343,-1,2343,2324,2325,-1,2343,2325,2344,-1,2344,2325,1186,-1,2344,1186,1187,-1,1182,1183,2345,-1,2345,1183,2336,-1,2345,2336,2346,-1,2346,2336,2335,-1,2346,2335,2347,-1,2347,2335,2334,-1,2347,2334,2348,-1,2348,2334,2333,-1,2348,2333,2349,-1,2349,2333,2332,-1,2349,2332,2350,-1,2332,2331,2350,-1,2350,2331,2330,-1,2350,2330,2351,-1,2330,2329,2351,-1,2351,2329,2328,-1,2351,2328,2352,-1,1815,1817,2326,-1,2326,1817,2352,-1,2326,2352,2327,-1,2327,2352,2328,-1,1823,1822,2337,-1,2337,2338,2353,-1,2353,2354,2337,-1,2337,2354,2355,-1,2337,2355,1823,-1,1823,2355,2356,-1,1823,2356,1799,-1,1187,1171,2344,-1,2344,1171,2357,-1,2344,2357,2343,-1,2357,2358,2343,-1,2343,2358,2359,-1,2343,2359,2342,-1,2342,2359,2360,-1,2342,2360,2341,-1,2341,2360,2361,-1,2341,2361,2340,-1,2340,2361,2362,-1,2340,2362,2339,-1,2339,2362,2363,-1,2339,2363,2338,-1,2338,2363,2364,-1,2338,2364,2353,-1,2346,2365,2345,-1,2345,2365,1170,-1,2345,1170,1182,-1,2350,2366,2367,-1,2350,2367,2349,-1,2349,2367,2368,-1,2349,2368,2348,-1,2348,2368,2369,-1,2348,2369,2347,-1,2347,2369,2370,-1,2347,2370,2346,-1,2346,2370,2371,-1,2346,2371,2365,-1,2366,2350,2372,-1,2372,2350,2351,-1,2372,2351,2373,-1,2373,2351,2374,-1,2374,2351,2352,-1,2374,2352,2375,-1,2375,2352,2376,-1,2376,2352,1817,-1,2376,1817,1797,-1,1801,1799,2356,-1,1808,1801,2377,-1,2377,1801,2356,-1,2377,2356,2378,-1,2378,2356,2355,-1,2378,2355,2379,-1,1171,1172,2357,-1,2357,1172,2380,-1,2357,2380,2358,-1,2358,2380,2381,-1,2358,2381,2359,-1,2359,2381,2382,-1,2359,2382,2360,-1,2360,2382,2383,-1,2360,2383,2361,-1,2361,2383,2384,-1,2361,2384,2362,-1,2362,2384,2385,-1,2362,2385,2363,-1,2363,2385,2386,-1,2363,2386,2364,-1,2364,2386,2387,-1,2364,2387,2353,-1,2353,2387,2379,-1,2353,2379,2354,-1,2354,2379,2355,-1,2388,1169,1170,-1,2367,2366,2389,-1,2389,2366,2372,-1,2389,2372,2390,-1,1170,2365,2388,-1,2388,2365,2371,-1,2388,2371,2391,-1,2391,2371,2370,-1,2391,2370,2392,-1,2392,2370,2369,-1,2392,2369,2393,-1,2393,2369,2368,-1,2393,2368,2394,-1,2394,2368,2367,-1,2394,2367,2395,-1,2395,2367,2389,-1,2390,2372,2396,-1,2396,2372,2373,-1,2396,2373,2374,-1,2375,2397,2374,-1,2374,2397,2398,-1,2374,2398,2396,-1,2375,2376,2397,-1,2397,2376,1797,-1,2397,1797,1796,-1,1809,1808,2399,-1,2399,1808,2377,-1,2399,2377,2400,-1,2400,2377,2378,-1,2400,2378,2401,-1,2401,2378,2379,-1,2401,2379,2402,-1,2402,2379,2387,-1,2402,2387,2403,-1,2403,2387,2386,-1,2403,2386,2404,-1,2404,2386,2385,-1,2404,2385,2405,-1,2405,2385,2384,-1,2405,2384,2406,-1,2406,2384,2383,-1,2406,2383,2407,-1,2407,2383,2382,-1,2407,2382,2408,-1,2408,2382,2381,-1,2408,2381,2409,-1,2409,2381,2380,-1,2409,2380,1173,-1,1173,2380,1172,-1,1168,1169,2410,-1,2410,1169,2388,-1,2410,2388,2411,-1,2411,2388,2391,-1,2411,2391,2412,-1,2412,2391,2392,-1,2412,2392,2413,-1,2413,2392,2393,-1,2413,2393,2414,-1,2414,2393,2394,-1,2414,2394,2415,-1,2394,2395,2415,-1,2415,2395,2389,-1,2415,2389,2416,-1,2389,2390,2416,-1,2416,2390,2396,-1,2416,2396,2417,-1,1796,1803,2397,-1,2397,1803,2417,-1,2397,2417,2398,-1,2398,2417,2396,-1,1806,1809,2399,-1,1785,1806,2418,-1,2418,1806,2399,-1,2418,2399,2419,-1,2399,2400,2419,-1,2419,2400,2401,-1,2419,2401,2420,-1,2401,2402,2420,-1,2420,2402,2403,-1,2420,2403,2421,-1,2421,2403,2404,-1,2409,1173,1157,-1,2404,2405,2421,-1,2421,2405,2406,-1,2421,2406,2422,-1,2422,2406,2407,-1,2422,2407,2423,-1,2423,2407,2408,-1,2423,2408,2424,-1,2424,2408,2409,-1,2424,2409,2425,-1,2425,2409,1157,-1,2411,2426,2410,-1,2410,2426,1156,-1,2410,1156,1168,-1,2415,2427,2428,-1,2415,2428,2414,-1,2414,2428,2429,-1,2414,2429,2413,-1,2413,2429,2430,-1,2413,2430,2412,-1,2412,2430,2431,-1,2412,2431,2411,-1,2411,2431,2432,-1,2411,2432,2426,-1,2427,2415,2433,-1,2433,2415,2416,-1,2433,2416,2434,-1,2434,2416,2435,-1,2435,2416,2417,-1,2435,2417,2436,-1,2436,2417,2437,-1,2437,2417,1803,-1,2437,1803,1805,-1,1787,1785,2418,-1,1794,1787,2438,-1,2438,1787,2418,-1,2438,2418,2439,-1,2439,2418,2419,-1,2420,2440,2419,-1,2419,2440,2441,-1,2419,2441,2439,-1,2421,2442,2420,-1,2420,2442,2443,-1,2420,2443,2440,-1,1157,1158,2425,-1,2425,1158,2444,-1,2425,2444,2424,-1,2424,2444,2445,-1,2424,2445,2423,-1,2423,2445,2446,-1,2423,2446,2422,-1,2422,2446,2447,-1,2422,2447,2421,-1,2421,2447,2448,-1,2421,2448,2442,-1,2449,1155,1156,-1,1156,2426,2449,-1,2449,2426,2432,-1,2449,2432,2450,-1,2450,2432,2431,-1,2450,2431,2451,-1,2451,2431,2430,-1,2451,2430,2452,-1,2452,2430,2429,-1,2452,2429,2453,-1,2453,2429,2428,-1,2453,2428,2454,-1,2454,2428,2455,-1,2428,2427,2455,-1,2455,2427,2433,-1,2455,2433,2456,-1,2456,2433,2457,-1,2435,2436,2458,-1,2433,2434,2457,-1,2457,2434,2435,-1,2457,2435,2459,-1,2459,2435,2458,-1,2436,2437,2458,-1,2458,2437,1805,-1,2458,1805,1807,-1,1794,2438,1795,-1,1795,2438,2460,-1,2438,2439,2460,-1,2460,2439,2441,-1,2460,2441,2461,-1,2441,2440,2461,-1,2461,2440,2443,-1,2461,2443,2462,-1,2443,2442,2462,-1,2462,2442,2448,-1,2462,2448,2463,-1,2463,2448,2447,-1,2463,2447,2464,-1,2464,2447,2446,-1,2464,2446,2465,-1,2465,2446,2445,-1,2465,2445,2466,-1,2466,2445,2444,-1,2466,2444,2467,-1,2467,2444,1158,-1,2467,1158,1159,-1,2459,2468,2457,-1,2457,2468,2469,-1,2457,2469,2456,-1,2456,2469,2470,-1,2456,2470,2455,-1,2455,2470,2471,-1,2455,2471,2454,-1,2454,2471,2472,-1,2454,2472,2453,-1,2453,2472,2473,-1,2453,2473,2452,-1,2452,2473,2474,-1,2452,2474,2451,-1,2451,2474,2475,-1,2451,2475,2450,-1,2450,2475,2476,-1,2450,2476,2449,-1,2449,2476,1154,-1,2449,1154,1155,-1,1807,1790,2458,-1,2458,1790,2477,-1,2458,2477,2459,-1,2459,2477,2478,-1,2459,2478,2468,-1,1792,1795,2460,-1,2460,2461,2479,-1,2479,2480,2460,-1,2460,2480,2481,-1,2460,2481,1792,-1,1792,2481,2482,-1,1792,2482,1773,-1,1159,1143,2467,-1,2467,1143,2483,-1,2467,2483,2466,-1,2483,2484,2466,-1,2466,2484,2485,-1,2466,2485,2465,-1,2465,2485,2486,-1,2465,2486,2464,-1,2464,2486,2487,-1,2464,2487,2463,-1,2463,2487,2488,-1,2463,2488,2462,-1,2462,2488,2489,-1,2462,2489,2461,-1,2461,2489,2490,-1,2461,2490,2479,-1,1142,1154,2491,-1,2491,1154,2476,-1,2491,2476,2492,-1,2492,2476,2475,-1,2492,2475,2493,-1,2493,2475,2474,-1,2493,2474,2494,-1,2494,2474,2473,-1,2494,2473,2495,-1,2495,2473,2472,-1,2495,2472,2496,-1,2496,2472,2471,-1,2496,2471,2497,-1,2497,2471,2470,-1,2497,2470,2498,-1,2498,2470,2469,-1,2498,2469,2499,-1,2499,2469,2468,-1,2499,2468,2500,-1,2500,2468,2478,-1,2500,2478,2501,-1,2501,2478,2502,-1,2478,2477,2502,-1,2502,2477,1790,-1,2502,1790,1791,-1,1775,1773,2482,-1,1782,1775,2503,-1,2503,1775,2482,-1,2503,2482,2504,-1,2504,2482,2481,-1,2504,2481,2505,-1,1143,1144,2483,-1,2483,1144,2506,-1,2483,2506,2484,-1,2484,2506,2507,-1,2484,2507,2485,-1,2485,2507,2508,-1,2485,2508,2486,-1,2486,2508,2509,-1,2486,2509,2487,-1,2487,2509,2510,-1,2487,2510,2488,-1,2488,2510,2511,-1,2488,2511,2489,-1,2489,2511,2512,-1,2489,2512,2490,-1,2490,2512,2513,-1,2490,2513,2479,-1,2479,2513,2505,-1,2479,2505,2480,-1,2480,2505,2481,-1,1141,1142,2514,-1,2514,1142,2491,-1,2514,2491,2515,-1,2491,2492,2515,-1,2515,2492,2493,-1,2515,2493,2516,-1,2516,2493,2494,-1,2516,2494,2517,-1,2517,2494,2495,-1,2517,2495,2518,-1,2518,2495,2496,-1,2518,2496,2519,-1,2519,2496,2497,-1,2519,2497,2520,-1,2497,2498,2520,-1,2520,2498,2499,-1,2520,2499,2521,-1,2499,2500,2521,-1,2521,2500,2501,-1,2521,2501,1793,-1,1793,2501,2502,-1,1793,2502,1791,-1,1782,2503,1783,-1,1783,2503,2522,-1,2503,2504,2522,-1,2522,2504,2505,-1,2522,2505,2523,-1,2505,2513,2523,-1,2523,2513,2512,-1,2523,2512,2524,-1,2512,2511,2524,-1,2524,2511,2510,-1,2524,2510,2525,-1,2525,2510,2509,-1,2525,2509,2526,-1,2526,2509,2508,-1,2526,2508,2527,-1,2527,2508,2507,-1,2527,2507,2528,-1,2528,2507,2506,-1,2528,2506,2529,-1,2529,2506,1144,-1,2529,1144,1145,-1,1140,1141,2514,-1,1140,2514,2530,-1,2530,2514,2515,-1,2530,2515,2531,-1,2531,2515,2516,-1,2531,2516,2532,-1,2532,2516,2517,-1,2532,2517,2533,-1,2533,2517,2518,-1,2533,2518,2534,-1,2534,2518,2519,-1,2534,2519,2535,-1,2535,2519,2536,-1,2536,2519,2520,-1,2536,2520,2537,-1,2537,2520,2538,-1,2538,2520,2521,-1,2538,2521,2539,-1,2539,2521,2540,-1,2540,2521,1793,-1,2540,1793,1778,-1,2541,1761,1780,-1,2524,2542,2523,-1,2523,2542,2541,-1,2523,2541,2522,-1,2522,2541,1780,-1,2522,1780,1783,-1,1145,1129,2529,-1,2529,1129,2543,-1,2529,2543,2528,-1,2528,2543,2544,-1,2528,2544,2527,-1,2527,2544,2545,-1,2527,2545,2526,-1,2526,2545,2546,-1,2526,2546,2525,-1,2525,2546,2547,-1,2525,2547,2524,-1,2524,2547,2548,-1,2524,2548,2542,-1,1128,1140,2549,-1,2549,1140,2530,-1,2549,2530,2550,-1,2550,2530,2531,-1,2550,2531,2551,-1,2551,2531,2532,-1,2551,2532,2552,-1,2552,2532,2533,-1,2552,2533,2553,-1,2533,2534,2553,-1,2553,2534,2535,-1,2553,2535,2554,-1,2535,2536,2554,-1,2554,2536,2537,-1,2554,2537,2555,-1,2537,2538,2555,-1,2555,2538,2539,-1,2555,2539,2556,-1,2539,2540,2556,-1,2556,2540,1778,-1,2556,1778,1779,-1,1763,1761,2541,-1,1770,1763,2557,-1,2557,1763,2541,-1,2557,2541,2558,-1,2558,2541,2559,-1,2559,2541,2542,-1,2559,2542,2560,-1,2560,2542,2561,-1,2561,2542,2548,-1,2561,2548,2562,-1,2562,2548,2547,-1,2562,2547,2563,-1,2563,2547,2546,-1,2563,2546,2564,-1,2564,2546,2545,-1,2564,2545,2565,-1,2565,2545,2544,-1,2565,2544,2566,-1,2566,2544,2543,-1,2566,2543,2567,-1,2567,2543,1129,-1,2567,1129,1130,-1,2568,1127,1128,-1,1128,2549,2568,-1,2568,2549,2550,-1,2568,2550,2569,-1,2569,2550,2551,-1,2569,2551,2570,-1,2570,2551,2552,-1,2570,2552,2571,-1,2571,2552,2553,-1,2571,2553,2572,-1,2554,2573,2553,-1,2553,2573,2574,-1,2553,2574,2572,-1,2575,2576,2555,-1,2555,2576,2577,-1,2555,2577,2554,-1,2554,2577,2578,-1,2554,2578,2573,-1,2555,2556,2575,-1,2575,2556,1779,-1,2575,1779,1781,-1,1771,1770,2557,-1,1771,2557,2579,-1,2579,2557,2558,-1,2579,2558,2580,-1,2558,2559,2580,-1,2580,2559,2560,-1,2580,2560,2581,-1,2560,2561,2581,-1,2581,2561,2562,-1,2581,2562,2582,-1,2562,2563,2582,-1,2582,2563,2564,-1,2582,2564,2583,-1,2564,2565,2583,-1,2583,2565,2566,-1,2583,2566,2584,-1,2566,2567,2584,-1,2584,2567,1130,-1,2584,1130,1131,-1,1126,1127,2585,-1,2585,1127,2568,-1,2585,2568,2586,-1,2586,2568,2569,-1,2586,2569,2587,-1,2587,2569,2570,-1,2587,2570,2588,-1,2588,2570,2571,-1,2588,2571,2589,-1,2589,2571,2572,-1,2589,2572,2590,-1,2572,2574,2590,-1,2590,2574,2573,-1,2590,2573,2591,-1,2573,2578,2591,-1,2591,2578,2577,-1,2591,2577,2592,-1,1781,1766,2575,-1,2575,1766,2592,-1,2575,2592,2576,-1,2576,2592,2577,-1,1768,1771,2579,-1,2593,1749,1768,-1,1768,2579,2593,-1,2593,2579,2580,-1,2593,2580,2594,-1,2594,2580,2581,-1,2594,2581,2595,-1,2595,2581,2582,-1,2595,2582,2596,-1,2596,2582,2583,-1,2596,2583,2597,-1,2584,1131,1115,-1,1115,2598,2584,-1,2584,2598,2599,-1,2584,2599,2583,-1,2583,2599,2600,-1,2583,2600,2597,-1,2586,2601,2585,-1,2585,2601,1114,-1,2585,1114,1126,-1,2590,2602,2603,-1,2590,2603,2589,-1,2589,2603,2604,-1,2589,2604,2588,-1,2588,2604,2605,-1,2588,2605,2587,-1,2587,2605,2606,-1,2587,2606,2586,-1,2586,2606,2607,-1,2586,2607,2601,-1,2602,2590,2608,-1,2608,2590,2591,-1,2608,2591,2609,-1,2609,2591,2610,-1,2610,2591,2592,-1,2610,2592,2611,-1,2611,2592,2612,-1,2612,2592,1766,-1,2612,1766,1767,-1,1751,1749,2593,-1,1758,1751,2613,-1,2613,1751,2593,-1,2613,2593,2614,-1,2614,2593,2594,-1,2595,2615,2594,-1,2594,2615,2616,-1,2594,2616,2614,-1,2596,2617,2595,-1,2595,2617,2618,-1,2595,2618,2615,-1,1115,1116,2598,-1,2598,1116,2619,-1,2598,2619,2599,-1,2599,2619,2620,-1,2599,2620,2600,-1,2600,2620,2621,-1,2600,2621,2597,-1,2597,2621,2622,-1,2597,2622,2596,-1,2596,2622,2623,-1,2596,2623,2617,-1,2624,1113,1114,-1,1114,2601,2624,-1,2624,2601,2607,-1,2624,2607,2625,-1,2625,2607,2606,-1,2606,2605,2625,-1,2625,2605,2604,-1,2625,2604,2626,-1,2626,2604,2603,-1,2626,2603,2627,-1,2603,2602,2627,-1,2627,2602,2608,-1,2627,2608,2628,-1,2608,2609,2628,-1,2628,2609,2610,-1,2628,2610,2629,-1,2629,2610,2611,-1,2611,2612,2629,-1,2629,2612,1767,-1,2629,1767,1769,-1,1758,2613,1759,-1,1759,2613,2630,-1,2613,2614,2630,-1,2630,2614,2616,-1,2630,2616,2631,-1,2616,2615,2631,-1,2631,2615,2618,-1,2631,2618,2632,-1,2618,2617,2632,-1,2632,2617,2623,-1,2632,2623,2633,-1,2633,2623,2622,-1,2633,2622,2634,-1,2634,2622,2621,-1,2634,2621,2635,-1,2635,2621,2620,-1,2635,2620,2636,-1,2636,2620,2619,-1,2636,2619,2637,-1,2637,2619,1116,-1,2637,1116,1117,-1,1113,2624,1112,-1,1112,2624,2638,-1,2638,2624,2639,-1,2639,2624,2625,-1,2639,2625,2640,-1,2640,2625,2641,-1,2641,2625,2626,-1,2641,2626,2642,-1,2642,2626,2643,-1,2643,2626,2627,-1,2643,2627,2644,-1,2644,2627,2645,-1,2645,2627,2628,-1,2645,2628,2646,-1,2646,2628,2647,-1,2647,2628,2629,-1,2647,2629,2648,-1,2648,2629,1769,-1,2648,1769,1754,-1,1756,1759,2630,-1,2630,2631,2649,-1,2649,2650,2630,-1,2630,2650,2651,-1,2630,2651,1756,-1,1756,2651,2652,-1,1756,2652,1737,-1,1117,1101,2637,-1,2637,1101,2653,-1,2637,2653,2636,-1,2653,2654,2636,-1,2636,2654,2655,-1,2636,2655,2635,-1,2635,2655,2656,-1,2635,2656,2634,-1,2634,2656,2657,-1,2634,2657,2633,-1,2633,2657,2658,-1,2633,2658,2632,-1,2632,2658,2659,-1,2632,2659,2631,-1,2631,2659,2660,-1,2631,2660,2649,-1,1100,1112,2638,-1,1100,2638,2661,-1,2661,2638,2639,-1,2661,2639,2662,-1,2662,2639,2640,-1,2662,2640,2663,-1,2663,2640,2641,-1,2663,2641,2664,-1,2664,2641,2642,-1,2664,2642,2665,-1,2665,2642,2643,-1,2665,2643,2666,-1,2666,2643,2644,-1,2666,2644,2667,-1,2644,2645,2667,-1,2667,2645,2646,-1,2667,2646,2668,-1,1754,1755,2648,-1,2648,1755,2668,-1,2648,2668,2647,-1,2647,2668,2646,-1,1739,1737,2652,-1,1746,1739,2669,-1,2669,1739,2652,-1,2669,2652,2670,-1,2670,2652,2651,-1,2670,2651,2671,-1,1101,1102,2653,-1,2653,1102,2672,-1,2653,2672,2654,-1,2654,2672,2673,-1,2654,2673,2655,-1,2655,2673,2674,-1,2655,2674,2656,-1,2656,2674,2675,-1,2656,2675,2657,-1,2657,2675,2676,-1,2657,2676,2658,-1,2658,2676,2677,-1,2658,2677,2659,-1,2659,2677,2678,-1,2659,2678,2660,-1,2660,2678,2679,-1,2660,2679,2649,-1,2649,2679,2671,-1,2649,2671,2650,-1,2650,2671,2651,-1,1099,1100,2680,-1,2680,1100,2661,-1,2680,2661,2681,-1,2681,2661,2662,-1,2681,2662,2682,-1,2682,2662,2663,-1,2682,2663,2683,-1,2683,2663,2664,-1,2683,2664,2684,-1,2684,2664,2665,-1,2684,2665,2685,-1,2665,2666,2685,-1,2685,2666,2667,-1,2685,2667,2686,-1,2686,2667,2668,-1,2686,2668,2687,-1,2687,2668,1755,-1,2687,1755,1757,-1,1747,1746,2688,-1,2688,1746,2669,-1,2688,2669,2689,-1,2689,2669,2670,-1,2689,2670,2690,-1,2690,2670,2671,-1,2690,2671,2691,-1,2691,2671,2679,-1,2691,2679,2692,-1,2692,2679,2678,-1,2692,2678,2693,-1,2693,2678,2677,-1,2693,2677,2694,-1,2694,2677,2676,-1,2694,2676,2695,-1,2673,2696,2674,-1,2674,2696,2695,-1,2674,2695,2675,-1,2675,2695,2676,-1,1102,1103,2672,-1,2672,1103,2697,-1,2672,2697,2673,-1,2673,2697,2698,-1,2673,2698,2696,-1,1098,1099,2680,-1,1098,2680,2699,-1,2699,2680,2681,-1,2699,2681,2700,-1,2700,2681,2701,-1,2701,2681,2682,-1,2701,2682,2702,-1,2682,2683,2702,-1,2702,2683,2684,-1,2702,2684,2703,-1,2703,2684,2685,-1,2703,2685,2704,-1,2704,2685,2686,-1,2704,2686,2705,-1,2705,2686,2687,-1,2705,2687,2706,-1,2706,2687,1757,-1,2706,1757,1742,-1,1744,1747,2688,-1,1713,1744,2707,-1,2707,1744,2688,-1,2707,2688,2708,-1,2688,2689,2708,-1,2708,2689,2690,-1,2708,2690,2709,-1,2690,2691,2709,-1,2709,2691,2692,-1,2709,2692,2710,-1,2710,2692,2693,-1,2697,1103,1087,-1,2693,2694,2710,-1,2710,2694,2695,-1,2710,2695,2711,-1,2711,2695,2696,-1,2711,2696,2712,-1,2712,2696,2698,-1,2712,2698,2713,-1,2713,2698,2697,-1,2713,2697,2714,-1,2714,2697,1087,-1,1086,1098,2699,-1,1086,2699,2715,-1,2715,2699,2700,-1,2715,2700,2716,-1,2716,2700,2701,-1,2716,2701,2717,-1,2717,2701,2702,-1,2717,2702,2718,-1,2718,2702,2703,-1,2718,2703,2719,-1,2719,2703,2704,-1,2719,2704,2720,-1,2720,2704,2705,-1,2720,2705,2721,-1,2721,2705,2706,-1,2721,2706,2722,-1,2722,2706,1742,-1,2722,1742,1743,-1,1715,1713,2707,-1,2723,1734,1715,-1,1715,2707,2723,-1,2723,2707,2708,-1,2723,2708,2724,-1,2724,2708,2709,-1,2724,2709,2725,-1,2725,2709,2710,-1,2725,2710,2726,-1,2726,2710,2711,-1,2726,2711,2727,-1,2727,2711,2712,-1,2727,2712,2728,-1,1087,1088,2714,-1,2714,1088,2728,-1,2714,2728,2713,-1,2713,2728,2712,-1,1085,1086,2729,-1,2729,1086,2715,-1,2729,2715,2730,-1,2730,2715,2716,-1,2730,2716,2731,-1,2731,2716,2717,-1,2731,2717,2732,-1,2732,2717,2718,-1,2732,2718,2733,-1,2733,2718,2719,-1,2733,2719,2734,-1,2719,2720,2734,-1,2734,2720,2721,-1,2734,2721,2735,-1,2735,2721,2722,-1,2735,2722,2736,-1,2736,2722,1743,-1,2736,1743,1745,-1,1734,2723,1735,-1,1735,2723,2737,-1,2737,2723,2738,-1,2738,2723,2724,-1,2738,2724,2739,-1,2739,2724,2740,-1,2740,2724,2725,-1,2740,2725,2741,-1,2741,2725,2742,-1,2742,2725,2726,-1,2742,2726,2743,-1,2744,2745,2727,-1,2727,2745,2746,-1,2727,2746,2726,-1,2726,2746,2747,-1,2726,2747,2743,-1,2727,2728,2744,-1,2744,2728,1088,-1,2744,1088,1089,-1,1084,1085,2729,-1,1084,2729,2748,-1,2748,2729,2730,-1,2748,2730,2749,-1,2749,2730,2731,-1,2749,2731,2750,-1,2750,2731,2732,-1,2750,2732,2751,-1,2751,2732,2733,-1,2751,2733,2752,-1,2752,2733,2734,-1,2752,2734,2753,-1,2753,2734,2754,-1,2754,2734,2735,-1,2754,2735,2755,-1,2755,2735,2756,-1,2756,2735,2736,-1,2756,2736,2757,-1,2757,2736,2758,-1,2758,2736,1745,-1,2758,1745,1718,-1,2759,1721,1728,-1,2759,1728,2760,-1,2761,2762,2738,-1,2738,2762,2760,-1,2738,2760,2737,-1,2737,2760,1728,-1,2737,1728,1735,-1,2738,2739,2761,-1,2761,2739,2740,-1,2761,2740,2763,-1,2763,2740,2764,-1,1089,1073,2744,-1,2744,1073,2765,-1,2744,2765,2745,-1,2740,2741,2764,-1,2764,2741,2742,-1,2764,2742,2766,-1,2766,2742,2743,-1,2766,2743,2767,-1,2767,2743,2747,-1,2767,2747,2768,-1,2768,2747,2746,-1,2768,2746,2769,-1,2769,2746,2745,-1,2769,2745,2770,-1,2770,2745,2765,-1,1072,1084,2771,-1,2771,1084,2748,-1,2771,2748,2772,-1,2772,2748,2749,-1,2772,2749,2773,-1,2773,2749,2750,-1,2773,2750,2774,-1,2774,2750,2751,-1,2774,2751,2775,-1,2775,2751,2752,-1,2775,2752,2776,-1,2776,2752,2753,-1,2776,2753,2777,-1,2777,2753,2754,-1,2777,2754,2778,-1,2778,2754,2755,-1,2778,2755,2779,-1,2779,2755,2756,-1,2779,2756,2780,-1,2780,2756,2757,-1,2780,2757,2781,-1,2781,2757,2782,-1,2757,2758,2782,-1,2782,2758,1718,-1,2782,1718,1719,-1,1723,1721,2759,-1,1732,1723,2783,-1,2783,1723,2759,-1,2783,2759,2784,-1,2784,2759,2760,-1,2760,2762,2784,-1,2784,2762,2761,-1,2784,2761,2785,-1,2761,2763,2785,-1,2785,2763,2764,-1,2785,2764,2786,-1,2764,2766,2786,-1,2786,2766,2767,-1,2786,2767,2787,-1,2767,2768,2787,-1,2787,2768,2769,-1,2787,2769,2788,-1,1073,1074,2765,-1,2765,1074,2788,-1,2765,2788,2770,-1,2770,2788,2769,-1,2782,1719,1730,-1,2780,2781,2789,-1,2778,2779,2790,-1,1071,1072,2791,-1,2791,1072,2771,-1,2791,2771,2792,-1,2778,2790,2777,-1,2771,2772,2792,-1,2792,2772,2773,-1,2792,2773,2793,-1,2793,2773,2774,-1,2793,2774,2794,-1,2794,2774,2775,-1,2794,2775,2795,-1,2795,2775,2776,-1,2795,2776,2796,-1,2796,2776,2777,-1,2796,2777,2797,-1,2797,2777,2790,-1,2780,2789,2779,-1,2779,2789,2798,-1,2779,2798,2790,-1,2782,1730,2781,-1,2781,1730,2799,-1,2781,2799,2789,-1,1733,1732,2783,-1,1733,2783,2800,-1,2800,2783,2784,-1,2800,2784,2801,-1,2801,2784,2785,-1,2801,2785,2802,-1,2802,2785,2786,-1,2802,2786,2803,-1,2803,2786,2787,-1,2803,2787,2804,-1,2804,2787,2788,-1,2804,2788,2805,-1,2805,2788,1074,-1,2805,1074,1075,-1,2794,2806,2793,-1,2793,2806,2807,-1,2793,2807,2792,-1,2792,2807,2808,-1,2792,2808,2791,-1,2791,2808,1070,-1,2791,1070,1071,-1,2794,2795,2806,-1,2806,2795,2796,-1,2806,2796,2809,-1,2809,2796,2797,-1,2809,2797,2810,-1,2797,2790,2810,-1,2810,2790,2798,-1,2810,2798,2811,-1,2811,2798,2789,-1,2789,2799,2811,-1,2811,2799,1730,-1,2811,1730,1726,-1,1729,1733,2800,-1,2812,1701,1729,-1,1729,2800,2812,-1,2812,2800,2801,-1,2812,2801,2813,-1,2813,2801,2802,-1,2813,2802,2814,-1,2814,2802,2803,-1,2814,2803,2815,-1,2815,2803,2804,-1,2815,2804,2816,-1,2805,1075,1059,-1,1059,2817,2805,-1,2805,2817,2818,-1,2805,2818,2804,-1,2804,2818,2819,-1,2804,2819,2816,-1,1058,1070,2820,-1,2820,1070,2808,-1,2807,2821,2808,-1,2808,2821,2822,-1,2808,2822,2820,-1,2806,2823,2807,-1,2807,2823,2824,-1,2807,2824,2821,-1,2809,2825,2806,-1,2806,2825,2826,-1,2806,2826,2823,-1,2810,2827,2809,-1,2809,2827,2828,-1,2809,2828,2825,-1,2829,2830,2810,-1,2810,2830,2831,-1,2810,2831,2827,-1,2810,2811,2829,-1,2829,2811,1726,-1,2829,1726,1727,-1,1703,1701,2812,-1,1710,1703,2832,-1,2832,1703,2812,-1,2832,2812,2833,-1,2833,2812,2813,-1,2814,2834,2813,-1,2813,2834,2835,-1,2813,2835,2833,-1,2815,2836,2814,-1,2814,2836,2837,-1,2814,2837,2834,-1,1059,1060,2817,-1,2817,1060,2838,-1,2817,2838,2818,-1,2818,2838,2839,-1,2818,2839,2819,-1,2819,2839,2840,-1,2819,2840,2816,-1,2816,2840,2841,-1,2816,2841,2815,-1,2815,2841,2842,-1,2815,2842,2836,-1,1057,1058,2843,-1,2843,1058,2820,-1,2843,2820,2844,-1,2820,2822,2844,-1,2844,2822,2821,-1,2844,2821,2845,-1,2845,2821,2824,-1,2845,2824,2846,-1,2846,2824,2823,-1,2846,2823,2847,-1,2847,2823,2826,-1,2847,2826,2848,-1,2848,2826,2825,-1,2848,2825,2849,-1,2825,2828,2849,-1,2849,2828,2827,-1,2849,2827,2850,-1,2827,2831,2850,-1,2850,2831,2830,-1,2850,2830,1731,-1,1731,2830,2829,-1,1731,2829,1727,-1,1710,2832,1711,-1,1711,2832,2851,-1,2832,2833,2851,-1,2851,2833,2835,-1,2851,2835,2852,-1,2835,2834,2852,-1,2852,2834,2837,-1,2852,2837,2853,-1,2837,2836,2853,-1,2853,2836,2842,-1,2853,2842,2854,-1,2854,2842,2841,-1,2854,2841,2855,-1,2855,2841,2840,-1,2855,2840,2856,-1,2856,2840,2839,-1,2856,2839,2857,-1,2857,2839,2838,-1,2857,2838,2858,-1,2858,2838,1060,-1,2858,1060,1061,-1,1056,1057,2843,-1,1056,2843,2859,-1,2859,2843,2844,-1,2859,2844,2860,-1,2860,2844,2845,-1,2860,2845,2861,-1,2861,2845,2846,-1,2861,2846,2862,-1,2862,2846,2847,-1,2862,2847,2863,-1,2863,2847,2848,-1,2863,2848,2864,-1,2864,2848,2865,-1,2865,2848,2849,-1,2865,2849,2866,-1,2866,2849,2867,-1,2867,2849,2850,-1,2867,2850,2868,-1,2868,2850,2869,-1,2869,2850,1731,-1,2869,1731,1706,-1,2870,1689,1708,-1,2853,2871,2852,-1,2852,2871,2870,-1,2852,2870,2851,-1,2851,2870,1708,-1,2851,1708,1711,-1,1061,1045,2858,-1,2858,1045,2872,-1,2858,2872,2857,-1,2857,2872,2873,-1,2857,2873,2856,-1,2856,2873,2874,-1,2856,2874,2855,-1,2855,2874,2875,-1,2855,2875,2854,-1,2854,2875,2876,-1,2854,2876,2853,-1,2853,2876,2877,-1,2853,2877,2871,-1,1044,1056,2878,-1,2878,1056,2859,-1,2878,2859,2879,-1,2879,2859,2860,-1,2879,2860,2880,-1,2880,2860,2861,-1,2880,2861,2881,-1,2881,2861,2862,-1,2881,2862,2882,-1,2882,2862,2863,-1,2882,2863,2883,-1,2883,2863,2864,-1,2883,2864,2884,-1,2884,2864,2865,-1,2884,2865,2885,-1,2885,2865,2866,-1,2885,2866,2886,-1,2886,2866,2867,-1,2886,2867,2887,-1,2887,2867,2868,-1,2887,2868,2888,-1,2888,2868,2889,-1,2868,2869,2889,-1,2889,2869,1706,-1,2889,1706,1707,-1,1691,1689,2870,-1,1698,1691,2890,-1,2890,1691,2870,-1,2890,2870,2891,-1,2891,2870,2892,-1,2892,2870,2871,-1,2892,2871,2893,-1,2893,2871,2894,-1,2894,2871,2877,-1,2894,2877,2895,-1,2895,2877,2876,-1,2895,2876,2896,-1,2896,2876,2875,-1,2896,2875,2897,-1,2897,2875,2874,-1,2897,2874,2898,-1,2898,2874,2873,-1,2898,2873,2899,-1,2899,2873,2872,-1,2899,2872,2900,-1,2900,2872,1045,-1,2900,1045,1046,-1,1043,1044,2901,-1,2901,1044,2878,-1,2901,2878,2902,-1,2878,2879,2902,-1,2902,2879,2880,-1,2902,2880,2903,-1,2903,2880,2881,-1,2903,2881,2904,-1,2904,2881,2882,-1,2904,2882,2905,-1,2905,2882,2883,-1,2905,2883,2906,-1,2906,2883,2884,-1,2906,2884,2907,-1,2884,2885,2907,-1,2907,2885,2886,-1,2907,2886,2908,-1,2886,2887,2908,-1,2908,2887,2888,-1,2908,2888,1709,-1,1709,2888,2889,-1,1709,2889,1707,-1,1699,1698,2890,-1,1699,2890,2909,-1,2909,2890,2891,-1,2909,2891,2910,-1,2891,2892,2910,-1,2910,2892,2893,-1,2910,2893,2911,-1,2893,2894,2911,-1,2911,2894,2895,-1,2911,2895,2912,-1,2895,2896,2912,-1,2912,2896,2897,-1,2912,2897,2913,-1,2897,2898,2913,-1,2913,2898,2899,-1,2913,2899,2914,-1,2899,2900,2914,-1,2914,2900,1046,-1,2914,1046,1047,-1,1042,1043,2901,-1,1042,2901,2915,-1,2915,2901,2902,-1,2915,2902,2916,-1,2916,2902,2917,-1,2917,2902,2903,-1,2917,2903,2918,-1,2918,2903,2904,-1,2918,2904,2919,-1,2919,2904,2905,-1,2919,2905,2920,-1,2905,2906,2920,-1,2920,2906,2907,-1,2920,2907,2921,-1,2921,2907,2908,-1,2921,2908,2922,-1,2922,2908,1709,-1,2922,1709,1694,-1,1696,1699,2909,-1,2923,1677,1696,-1,1696,2909,2923,-1,2923,2909,2910,-1,2923,2910,2924,-1,2924,2910,2911,-1,2924,2911,2925,-1,2925,2911,2912,-1,2925,2912,2926,-1,2926,2912,2913,-1,2926,2913,2927,-1,2914,1047,1031,-1,1031,2928,2914,-1,2914,2928,2929,-1,2914,2929,2913,-1,2913,2929,2930,-1,2913,2930,2927,-1,1030,1042,2915,-1,1030,2915,2931,-1,2931,2915,2916,-1,2931,2916,2932,-1,2932,2916,2917,-1,2932,2917,2933,-1,2933,2917,2918,-1,2933,2918,2934,-1,2934,2918,2919,-1,2934,2919,2935,-1,2935,2919,2920,-1,2935,2920,2936,-1,2936,2920,2921,-1,2936,2921,2937,-1,2937,2921,2922,-1,2937,2922,2938,-1,2938,2922,1694,-1,2938,1694,1695,-1,1679,1677,2923,-1,2939,1686,1679,-1,1679,2923,2939,-1,2939,2923,2924,-1,2939,2924,2940,-1,2940,2924,2925,-1,2940,2925,2941,-1,2941,2925,2926,-1,2941,2926,2942,-1,2942,2926,2927,-1,2942,2927,2943,-1,2943,2927,2930,-1,2943,2930,2944,-1,1031,1032,2928,-1,2928,1032,2944,-1,2928,2944,2929,-1,2929,2944,2930,-1,2936,2937,2945,-1,1029,1030,2946,-1,2946,1030,2931,-1,2946,2931,2947,-1,2947,2931,2932,-1,2947,2932,2948,-1,2948,2932,2933,-1,2948,2933,2949,-1,2949,2933,2934,-1,2949,2934,2950,-1,2950,2934,2935,-1,2950,2935,2951,-1,2951,2935,2936,-1,2951,2936,2952,-1,2952,2936,2945,-1,2938,1695,1697,-1,1697,2953,2938,-1,2938,2953,2954,-1,2938,2954,2937,-1,2937,2954,2955,-1,2937,2955,2945,-1,1687,1686,2939,-1,1687,2939,2956,-1,2956,2939,2940,-1,2956,2940,2957,-1,2957,2940,2941,-1,2957,2941,2958,-1,2958,2941,2942,-1,2958,2942,2959,-1,2959,2942,2943,-1,2959,2943,2960,-1,2960,2943,2944,-1,2960,2944,2961,-1,2961,2944,1032,-1,2961,1032,1033,-1,1028,1029,2946,-1,2962,2963,2948,-1,2948,2963,2964,-1,2948,2964,2947,-1,2947,2964,2965,-1,2947,2965,2946,-1,2946,2965,2966,-1,2946,2966,1028,-1,2948,2949,2962,-1,2962,2949,2950,-1,2962,2950,2967,-1,2967,2950,2968,-1,2950,2951,2968,-1,2968,2951,2952,-1,2968,2952,2969,-1,2969,2952,2945,-1,2969,2945,2970,-1,2970,2945,2955,-1,2954,2971,2955,-1,2955,2971,2972,-1,2955,2972,2970,-1,2954,2953,2971,-1,2971,2953,1697,-1,2971,1697,1682,-1,2973,2974,2958,-1,1687,2956,1684,-1,1684,2956,2975,-1,1684,2975,1653,-1,2958,2974,2957,-1,2974,2976,2957,-1,2957,2976,2977,-1,2957,2977,2956,-1,2956,2977,2978,-1,2956,2978,2975,-1,2973,2958,2979,-1,2979,2958,2959,-1,2979,2959,2980,-1,2980,2959,2960,-1,2980,2960,2981,-1,2961,1033,1017,-1,1017,2982,2961,-1,2961,2982,2983,-1,2961,2983,2960,-1,2960,2983,2984,-1,2960,2984,2981,-1,1016,1028,2966,-1,1016,2966,2985,-1,2985,2966,2965,-1,2985,2965,2986,-1,2986,2965,2964,-1,2986,2964,2987,-1,2987,2964,2963,-1,2987,2963,2988,-1,2988,2963,2962,-1,2988,2962,2989,-1,2989,2962,2967,-1,2989,2967,2990,-1,2990,2967,2968,-1,2990,2968,2991,-1,2968,2969,2991,-1,2991,2969,2970,-1,2991,2970,2992,-1,1682,1683,2971,-1,2971,1683,2992,-1,2971,2992,2972,-1,2972,2992,2970,-1,2978,1655,2975,-1,2975,1655,1653,-1,1674,1655,2993,-1,2993,1655,2978,-1,2993,2978,2994,-1,2994,2978,2977,-1,2994,2977,2995,-1,2995,2977,2976,-1,2995,2976,2996,-1,2996,2976,2974,-1,2996,2974,2997,-1,2997,2974,2973,-1,2997,2973,2998,-1,2998,2973,2979,-1,2998,2979,2999,-1,2999,2979,2980,-1,2999,2980,3000,-1,3000,2980,2981,-1,3000,2981,3001,-1,3001,2981,2984,-1,3001,2984,3002,-1,2984,2983,3002,-1,3002,2983,2982,-1,3002,2982,3003,-1,3003,2982,1017,-1,3003,1017,1018,-1,2990,2991,3004,-1,1015,1016,3005,-1,3005,1016,2985,-1,3005,2985,3006,-1,3006,2985,2986,-1,3006,2986,3007,-1,3007,2986,2987,-1,3007,2987,3008,-1,3008,2987,2988,-1,3008,2988,3009,-1,3009,2988,2989,-1,3009,2989,3010,-1,3010,2989,2990,-1,3010,2990,3011,-1,3011,2990,3004,-1,2992,1683,1685,-1,1685,3012,2992,-1,2992,3012,3013,-1,2992,3013,2991,-1,2991,3013,3014,-1,2991,3014,3004,-1,1675,1674,2993,-1,1675,2993,3015,-1,3015,2993,2994,-1,3015,2994,3016,-1,2994,2995,3016,-1,3016,2995,2996,-1,3016,2996,3017,-1,2996,2997,3017,-1,3017,2997,2998,-1,3017,2998,3018,-1,2998,2999,3018,-1,3018,2999,3000,-1,3018,3000,3019,-1,3000,3001,3019,-1,3019,3001,3002,-1,3019,3002,3020,-1,3002,3003,3020,-1,3020,3003,1018,-1,3020,1018,1019,-1,3021,3022,3005,-1,3005,3022,1014,-1,3005,1014,1015,-1,3005,3006,3021,-1,3021,3006,3007,-1,3021,3007,3023,-1,3007,3008,3023,-1,3023,3008,3009,-1,3023,3009,3024,-1,3009,3010,3024,-1,3024,3010,3011,-1,3024,3011,3025,-1,3011,3004,3025,-1,3025,3004,3014,-1,3025,3014,3026,-1,3026,3014,3013,-1,3013,3012,3026,-1,3026,3012,1685,-1,3026,1685,1658,-1,1668,1675,3015,-1,3027,1661,1668,-1,1668,3015,3027,-1,3027,3015,3016,-1,3027,3016,3028,-1,3028,3016,3017,-1,3028,3017,3029,-1,3029,3017,3018,-1,3029,3018,3030,-1,3030,3018,3019,-1,3030,3019,3031,-1,3020,1019,1003,-1,1003,3032,3020,-1,3020,3032,3033,-1,3020,3033,3019,-1,3019,3033,3034,-1,3019,3034,3031,-1,1002,1014,3035,-1,3035,1014,3022,-1,3035,3022,3036,-1,3036,3022,3037,-1,3037,3022,3021,-1,3037,3021,3038,-1,3038,3021,3023,-1,3038,3023,3039,-1,3039,3023,3024,-1,3039,3024,3040,-1,3040,3024,3025,-1,3040,3025,3041,-1,3041,3025,3026,-1,3041,3026,3042,-1,3042,3026,1658,-1,3042,1658,1659,-1,1663,1661,3027,-1,3043,1672,1663,-1,1663,3027,3043,-1,3043,3027,3028,-1,3043,3028,3044,-1,3044,3028,3029,-1,3044,3029,3045,-1,3045,3029,3030,-1,3045,3030,3046,-1,3046,3030,3031,-1,3046,3031,3047,-1,3047,3031,3034,-1,3047,3034,3048,-1,1003,1004,3032,-1,3032,1004,3048,-1,3032,3048,3033,-1,3033,3048,3034,-1,3049,1001,1002,-1,1002,3035,3049,-1,3049,3035,3036,-1,3049,3036,3050,-1,3050,3036,3037,-1,3037,3038,3050,-1,3050,3038,3039,-1,3050,3039,3051,-1,3051,3039,3040,-1,3051,3040,3052,-1,3052,3040,3041,-1,3052,3041,3053,-1,3053,3041,3042,-1,3053,3042,3054,-1,3054,3042,1659,-1,3054,1659,1670,-1,1673,1672,3043,-1,1673,3043,3055,-1,3055,3043,3044,-1,3055,3044,3056,-1,3056,3044,3045,-1,3056,3045,3057,-1,3057,3045,3046,-1,3057,3046,3058,-1,3058,3046,3047,-1,3058,3047,3059,-1,3059,3047,3048,-1,3059,3048,3060,-1,3060,3048,1004,-1,3060,1004,1005,-1,1001,3049,1000,-1,1000,3049,3061,-1,3061,3049,3062,-1,3062,3049,3050,-1,3062,3050,3063,-1,3063,3050,3064,-1,3064,3050,3051,-1,3064,3051,3065,-1,3065,3051,3066,-1,3066,3051,3052,-1,3066,3052,3067,-1,3067,3052,3068,-1,3068,3052,3053,-1,3068,3053,3069,-1,3069,3053,3070,-1,3070,3053,3054,-1,3070,3054,3071,-1,3071,3054,1670,-1,3071,1670,1666,-1,3072,3073,3057,-1,1673,3055,1669,-1,1669,3055,3074,-1,1669,3074,1641,-1,3057,3073,3056,-1,3073,3075,3056,-1,3056,3075,3076,-1,3056,3076,3055,-1,3055,3076,3077,-1,3055,3077,3074,-1,3072,3057,3078,-1,3078,3057,3058,-1,3078,3058,3079,-1,3079,3058,3059,-1,3079,3059,3080,-1,3060,1005,989,-1,989,3081,3060,-1,3060,3081,3082,-1,3060,3082,3059,-1,3059,3082,3083,-1,3059,3083,3080,-1,3062,3084,3061,-1,3061,3084,988,-1,3061,988,1000,-1,1666,1667,3085,-1,1666,3085,3071,-1,3071,3085,3086,-1,3071,3086,3070,-1,3070,3086,3087,-1,3070,3087,3069,-1,3069,3087,3088,-1,3069,3088,3068,-1,3068,3088,3089,-1,3068,3089,3067,-1,3067,3089,3090,-1,3067,3090,3066,-1,3066,3090,3091,-1,3066,3091,3065,-1,3065,3091,3092,-1,3065,3092,3064,-1,3064,3092,3093,-1,3064,3093,3063,-1,3063,3093,3094,-1,3063,3094,3062,-1,3062,3094,3095,-1,3062,3095,3084,-1,3096,1650,1643,-1,3096,1643,3097,-1,1641,3074,1643,-1,1643,3074,3077,-1,1643,3077,3097,-1,3097,3077,3076,-1,3097,3076,3098,-1,3098,3076,3075,-1,3098,3075,3099,-1,3099,3075,3073,-1,3099,3073,3100,-1,3100,3073,3072,-1,3100,3072,3101,-1,3101,3072,3078,-1,3101,3078,3102,-1,3102,3078,3079,-1,3102,3079,3103,-1,3103,3079,3080,-1,3103,3080,3104,-1,3104,3080,3083,-1,3104,3083,3105,-1,3083,3082,3105,-1,3105,3082,3081,-1,3105,3081,3106,-1,3106,3081,989,-1,3106,989,990,-1,3107,987,988,-1,988,3084,3107,-1,3107,3084,3095,-1,3107,3095,3108,-1,3108,3095,3094,-1,3108,3094,3109,-1,3109,3094,3093,-1,3109,3093,3110,-1,3110,3093,3092,-1,3110,3092,3111,-1,3111,3092,3091,-1,3111,3091,3112,-1,3112,3091,3113,-1,3091,3090,3113,-1,3113,3090,3089,-1,3113,3089,3114,-1,3114,3089,3115,-1,3087,3086,3116,-1,3089,3088,3115,-1,3115,3088,3087,-1,3115,3087,3117,-1,3117,3087,3116,-1,3086,3085,3116,-1,3116,3085,1667,-1,3116,1667,1671,-1,3098,3118,3119,-1,3098,3119,3097,-1,3097,3119,3120,-1,3097,3120,3096,-1,3096,3120,1651,-1,3096,1651,1650,-1,3118,3098,3121,-1,3121,3098,3099,-1,3121,3099,3122,-1,3099,3100,3122,-1,3122,3100,3101,-1,3122,3101,3123,-1,3123,3101,3102,-1,3123,3102,3124,-1,3124,3102,3125,-1,3125,3102,3103,-1,3125,3103,3126,-1,3126,3103,3104,-1,3126,3104,3127,-1,3127,3104,3105,-1,3127,3105,3128,-1,3105,3106,3128,-1,3128,3106,990,-1,3128,990,991,-1,986,987,3129,-1,3129,987,3107,-1,3129,3107,3130,-1,3130,3107,3108,-1,3130,3108,3131,-1,3131,3108,3109,-1,3131,3109,3132,-1,3132,3109,3110,-1,3132,3110,3133,-1,3133,3110,3111,-1,3133,3111,3134,-1,3111,3112,3134,-1,3134,3112,3113,-1,3134,3113,3135,-1,3113,3114,3135,-1,3135,3114,3115,-1,3135,3115,3136,-1,1671,1646,3116,-1,3116,1646,3136,-1,3116,3136,3117,-1,3117,3136,3115,-1,3137,1629,1648,-1,3137,1648,3138,-1,3139,3140,3119,-1,3119,3140,3138,-1,3119,3138,3120,-1,3120,3138,1648,-1,3120,1648,1651,-1,3119,3118,3139,-1,3139,3118,3121,-1,3139,3121,3141,-1,3141,3121,3142,-1,991,975,3128,-1,3128,975,3143,-1,3128,3143,3127,-1,3121,3122,3142,-1,3142,3122,3123,-1,3142,3123,3144,-1,3144,3123,3124,-1,3144,3124,3145,-1,3145,3124,3125,-1,3145,3125,3146,-1,3146,3125,3126,-1,3146,3126,3147,-1,3147,3126,3127,-1,3147,3127,3148,-1,3148,3127,3143,-1,974,986,3129,-1,974,3129,3149,-1,3149,3129,3130,-1,3149,3130,3150,-1,3150,3130,3131,-1,3150,3131,3151,-1,3151,3131,3132,-1,3151,3132,3152,-1,3152,3132,3133,-1,3152,3133,3153,-1,3153,3133,3134,-1,3153,3134,3154,-1,3154,3134,3135,-1,3154,3135,3155,-1,3155,3135,3136,-1,3155,3136,3156,-1,3156,3136,1646,-1,3156,1646,1647,-1,1631,1629,3137,-1,1638,1631,3157,-1,3157,1631,3137,-1,3157,3137,3158,-1,3158,3137,3138,-1,3158,3138,3159,-1,975,976,3143,-1,3143,976,3160,-1,3143,3160,3148,-1,3148,3160,3161,-1,3148,3161,3147,-1,3147,3161,3162,-1,3147,3162,3146,-1,3146,3162,3163,-1,3146,3163,3145,-1,3145,3163,3164,-1,3145,3164,3144,-1,3144,3164,3165,-1,3144,3165,3142,-1,3142,3165,3166,-1,3142,3166,3141,-1,3141,3166,3167,-1,3141,3167,3139,-1,3139,3167,3159,-1,3139,3159,3140,-1,3140,3159,3138,-1,973,974,3168,-1,3168,974,3149,-1,3168,3149,3169,-1,3169,3149,3150,-1,3169,3150,3170,-1,3170,3150,3151,-1,3170,3151,3171,-1,3171,3151,3152,-1,3171,3152,3172,-1,3172,3152,3153,-1,3172,3153,3173,-1,3153,3154,3173,-1,3173,3154,3155,-1,3173,3155,3174,-1,3174,3155,3156,-1,3174,3156,3175,-1,3175,3156,1647,-1,3175,1647,1649,-1,1639,1638,3176,-1,3176,1638,3157,-1,3176,3157,3177,-1,3177,3157,3158,-1,3177,3158,3178,-1,3178,3158,3159,-1,3178,3159,3179,-1,3179,3159,3167,-1,3179,3167,3180,-1,3180,3167,3166,-1,3180,3166,3181,-1,3163,3182,3164,-1,3164,3182,3181,-1,3164,3181,3165,-1,3165,3181,3166,-1,976,977,3160,-1,3160,977,3183,-1,3160,3183,3161,-1,3161,3183,3184,-1,3161,3184,3162,-1,3162,3184,3185,-1,3162,3185,3163,-1,3163,3185,3186,-1,3163,3186,3182,-1,972,973,3168,-1,972,3168,3187,-1,3187,3168,3169,-1,3187,3169,3188,-1,3188,3169,3170,-1,3188,3170,3189,-1,3189,3170,3171,-1,3189,3171,3190,-1,3190,3171,3172,-1,3190,3172,3191,-1,3191,3172,3173,-1,3191,3173,3192,-1,3192,3173,3193,-1,3193,3173,3174,-1,3193,3174,3194,-1,3194,3174,3195,-1,3195,3174,3175,-1,3195,3175,3196,-1,3196,3175,3197,-1,3197,3175,1649,-1,3197,1649,1634,-1,1636,1639,3176,-1,1616,1636,3198,-1,3198,1636,3176,-1,3198,3176,3199,-1,3199,3176,3200,-1,3176,3177,3200,-1,3200,3177,3178,-1,3200,3178,3201,-1,3201,3178,3202,-1,3178,3179,3202,-1,3202,3179,3180,-1,3202,3180,3203,-1,3203,3180,3204,-1,3183,977,961,-1,3180,3181,3204,-1,3204,3181,3182,-1,3204,3182,3205,-1,3205,3182,3186,-1,3205,3186,3206,-1,3206,3186,3185,-1,3206,3185,3207,-1,3207,3185,3184,-1,3207,3184,3208,-1,3208,3184,3183,-1,3208,3183,3209,-1,3209,3183,961,-1,960,972,3210,-1,3210,972,3187,-1,3210,3187,3211,-1,3211,3187,3188,-1,3211,3188,3212,-1,3212,3188,3189,-1,3212,3189,3213,-1,3213,3189,3190,-1,3213,3190,3214,-1,3190,3191,3214,-1,3214,3191,3192,-1,3214,3192,3215,-1,3192,3193,3215,-1,3215,3193,3194,-1,3215,3194,3216,-1,3194,3195,3216,-1,3216,3195,3196,-1,3216,3196,3217,-1,3196,3197,3217,-1,3217,3197,1634,-1,3217,1634,1635,-1,3218,1626,1618,-1,1616,3198,1618,-1,1618,3198,3199,-1,1618,3199,3218,-1,3218,3199,3200,-1,3218,3200,3219,-1,3200,3201,3219,-1,3219,3201,3202,-1,3219,3202,3220,-1,3202,3203,3220,-1,3220,3203,3204,-1,3220,3204,3221,-1,3221,3204,3205,-1,3221,3205,3222,-1,3222,3205,3206,-1,3222,3206,3223,-1,3223,3206,3207,-1,3223,3207,3224,-1,3207,3208,3224,-1,3224,3208,3209,-1,3224,3209,3225,-1,3225,3209,961,-1,3225,961,962,-1,3226,959,960,-1,960,3210,3226,-1,3226,3210,3211,-1,3226,3211,3227,-1,3227,3211,3212,-1,3227,3212,3228,-1,3228,3212,3213,-1,3228,3213,3229,-1,3229,3213,3214,-1,3229,3214,3230,-1,3215,3231,3214,-1,3214,3231,3232,-1,3214,3232,3230,-1,3233,3234,3216,-1,3216,3234,3235,-1,3216,3235,3215,-1,3215,3235,3236,-1,3215,3236,3231,-1,3216,3217,3233,-1,3233,3217,1635,-1,3233,1635,1637,-1,3224,3237,3223,-1,3223,3237,3238,-1,3223,3238,3222,-1,3222,3238,3239,-1,3222,3239,3221,-1,3221,3239,3240,-1,3221,3240,3220,-1,3220,3240,3241,-1,3220,3241,3219,-1,3219,3241,3242,-1,3219,3242,3218,-1,3218,3242,1627,-1,3218,1627,1626,-1,962,963,3225,-1,3225,963,3243,-1,3225,3243,3224,-1,3224,3243,3244,-1,3224,3244,3237,-1,958,959,3245,-1,3245,959,3226,-1,3245,3226,3246,-1,3246,3226,3227,-1,3246,3227,3247,-1,3247,3227,3228,-1,3247,3228,3248,-1,3248,3228,3229,-1,3248,3229,3249,-1,3249,3229,3230,-1,3249,3230,3250,-1,3230,3232,3250,-1,3250,3232,3231,-1,3250,3231,3251,-1,3231,3236,3251,-1,3251,3236,3235,-1,3251,3235,3252,-1,1637,1621,3233,-1,3233,1621,3252,-1,3233,3252,3234,-1,3234,3252,3235,-1,1623,1627,3242,-1,3242,3241,3253,-1,3253,3254,3242,-1,3242,3254,3255,-1,3242,3255,1623,-1,1623,3255,3256,-1,1623,3256,1593,-1,963,947,3243,-1,3243,947,3257,-1,3243,3257,3244,-1,3257,3258,3244,-1,3244,3258,3259,-1,3244,3259,3237,-1,3237,3259,3260,-1,3237,3260,3238,-1,3238,3260,3261,-1,3238,3261,3239,-1,3239,3261,3262,-1,3239,3262,3240,-1,3240,3262,3263,-1,3240,3263,3241,-1,3241,3263,3264,-1,3241,3264,3253,-1,946,958,3245,-1,946,3245,3265,-1,3265,3245,3246,-1,3265,3246,3266,-1,3266,3246,3247,-1,3266,3247,3267,-1,3267,3247,3248,-1,3267,3248,3268,-1,3268,3248,3249,-1,3268,3249,3269,-1,3269,3249,3250,-1,3269,3250,3270,-1,3270,3250,3251,-1,3270,3251,3271,-1,3271,3251,3252,-1,3271,3252,3272,-1,3272,3252,1621,-1,3272,1621,1622,-1,1595,1593,3256,-1,1613,1595,3273,-1,3273,1595,3256,-1,3273,3256,3274,-1,3274,3256,3255,-1,3255,3254,3274,-1,3274,3254,3253,-1,3274,3253,3275,-1,3253,3264,3275,-1,3275,3264,3263,-1,3275,3263,3276,-1,3263,3262,3276,-1,3276,3262,3261,-1,3276,3261,3277,-1,3261,3260,3277,-1,3277,3260,3259,-1,3277,3259,3278,-1,947,948,3257,-1,3257,948,3278,-1,3257,3278,3258,-1,3258,3278,3259,-1,945,946,3279,-1,3279,946,3265,-1,3279,3265,3280,-1,3280,3265,3266,-1,3280,3266,3281,-1,3281,3266,3267,-1,3281,3267,3282,-1,3282,3267,3268,-1,3282,3268,3283,-1,3283,3268,3269,-1,3283,3269,3284,-1,3269,3270,3284,-1,3284,3270,3271,-1,3284,3271,3285,-1,3285,3271,3272,-1,3285,3272,3286,-1,3286,3272,1622,-1,3286,1622,1625,-1,1614,1613,3273,-1,1614,3273,3287,-1,3287,3273,3274,-1,3287,3274,3288,-1,3288,3274,3275,-1,3288,3275,3289,-1,3289,3275,3276,-1,3289,3276,3290,-1,3290,3276,3277,-1,3290,3277,3291,-1,3291,3277,3278,-1,3291,3278,3292,-1,3292,3278,948,-1,3292,948,949,-1,944,945,3279,-1,944,3279,3293,-1,3293,3279,3280,-1,3293,3280,3294,-1,3294,3280,3281,-1,3294,3281,3295,-1,3295,3281,3282,-1,3295,3282,3296,-1,3296,3282,3283,-1,3296,3283,3297,-1,3297,3283,3284,-1,3297,3284,3298,-1,3298,3284,3285,-1,3298,3285,3299,-1,3299,3285,3286,-1,3299,3286,3300,-1,3300,3286,1625,-1,3300,1625,1624,-1,1605,1614,3287,-1,3301,1604,1605,-1,1605,3287,3301,-1,3301,3287,3288,-1,3301,3288,3302,-1,3302,3288,3289,-1,3302,3289,3303,-1,3303,3289,3290,-1,3303,3290,3304,-1,3304,3290,3291,-1,3304,3291,3305,-1,3292,949,933,-1,933,3306,3292,-1,3292,3306,3307,-1,3292,3307,3291,-1,3291,3307,3308,-1,3291,3308,3305,-1,932,944,3293,-1,932,3293,3309,-1,3309,3293,3294,-1,3309,3294,3310,-1,3310,3294,3295,-1,3310,3295,3311,-1,3311,3295,3296,-1,3311,3296,3312,-1,3312,3296,3297,-1,3312,3297,3313,-1,3313,3297,3298,-1,3313,3298,3314,-1,3314,3298,3299,-1,3314,3299,3315,-1,3315,3299,3300,-1,3315,3300,3316,-1,3316,3300,1624,-1,3316,1624,1602,-1,1607,1604,3301,-1,1611,1607,3317,-1,3317,1607,3301,-1,3317,3301,3318,-1,3318,3301,3302,-1,3303,3319,3302,-1,3302,3319,3320,-1,3302,3320,3318,-1,3304,3321,3303,-1,3303,3321,3322,-1,3303,3322,3319,-1,933,934,3306,-1,3306,934,3323,-1,3306,3323,3307,-1,3307,3323,3324,-1,3307,3324,3308,-1,3308,3324,3325,-1,3308,3325,3305,-1,3305,3325,3326,-1,3305,3326,3304,-1,3304,3326,3327,-1,3304,3327,3321,-1,931,932,3328,-1,3328,932,3309,-1,3328,3309,3329,-1,3329,3309,3310,-1,3329,3310,3330,-1,3330,3310,3311,-1,3330,3311,3331,-1,3331,3311,3312,-1,3331,3312,3332,-1,3332,3312,3313,-1,3332,3313,3333,-1,3313,3314,3333,-1,3333,3314,3315,-1,3333,3315,3334,-1,3334,3315,3316,-1,3334,3316,3335,-1,3335,3316,1602,-1,3335,1602,1597,-1,1611,3317,1612,-1,1612,3317,3336,-1,3317,3318,3336,-1,3336,3318,3320,-1,3336,3320,3337,-1,3320,3319,3337,-1,3337,3319,3322,-1,3337,3322,3338,-1,3322,3321,3338,-1,3338,3321,3327,-1,3338,3327,3339,-1,3339,3327,3326,-1,3339,3326,3340,-1,3340,3326,3325,-1,3340,3325,3341,-1,3341,3325,3324,-1,3341,3324,3342,-1,3342,3324,3323,-1,3342,3323,3343,-1,3343,3323,934,-1,3343,934,935,-1,930,931,3328,-1,930,3328,3344,-1,3344,3328,3329,-1,3344,3329,3345,-1,3345,3329,3330,-1,3345,3330,3346,-1,3346,3330,3331,-1,3346,3331,3347,-1,3347,3331,3332,-1,3347,3332,3348,-1,3348,3332,3333,-1,3348,3333,3349,-1,3349,3333,3350,-1,3350,3333,3334,-1,3350,3334,3351,-1,3351,3334,3352,-1,3352,3334,3335,-1,3352,3335,3353,-1,3353,3335,3354,-1,3354,3335,1597,-1,3354,1597,1599,-1,1609,1612,3336,-1,3336,3337,3355,-1,3355,3356,3336,-1,3336,3356,3357,-1,3336,3357,1609,-1,1609,3357,3358,-1,1609,3358,1581,-1,935,919,3343,-1,3343,919,3359,-1,3343,3359,3342,-1,3359,3360,3342,-1,3342,3360,3361,-1,3342,3361,3341,-1,3341,3361,3362,-1,3341,3362,3340,-1,3340,3362,3363,-1,3340,3363,3339,-1,3339,3363,3364,-1,3339,3364,3338,-1,3338,3364,3365,-1,3338,3365,3337,-1,3337,3365,3366,-1,3337,3366,3355,-1,918,930,3367,-1,3367,930,3344,-1,3367,3344,3368,-1,3368,3344,3345,-1,3368,3345,3369,-1,3369,3345,3346,-1,3369,3346,3370,-1,3370,3346,3347,-1,3370,3347,3371,-1,3371,3347,3348,-1,3371,3348,3372,-1,3372,3348,3349,-1,3372,3349,3373,-1,3373,3349,3350,-1,3373,3350,3374,-1,3374,3350,3351,-1,3374,3351,3375,-1,3375,3351,3352,-1,3375,3352,3376,-1,3376,3352,3353,-1,3376,3353,3377,-1,3377,3353,3378,-1,3353,3354,3378,-1,3378,3354,1599,-1,3378,1599,1601,-1,1583,1581,3358,-1,1590,1583,3379,-1,3379,1583,3358,-1,3379,3358,3380,-1,3380,3358,3357,-1,3357,3356,3380,-1,3380,3356,3355,-1,3380,3355,3381,-1,3355,3366,3381,-1,3381,3366,3365,-1,3381,3365,3382,-1,3365,3364,3382,-1,3382,3364,3363,-1,3382,3363,3383,-1,3363,3362,3383,-1,3383,3362,3361,-1,3383,3361,3384,-1,919,920,3359,-1,3359,920,3384,-1,3359,3384,3360,-1,3360,3384,3361,-1,917,918,3385,-1,3385,918,3367,-1,3385,3367,3386,-1,3367,3368,3386,-1,3386,3368,3369,-1,3386,3369,3387,-1,3387,3369,3370,-1,3387,3370,3388,-1,3388,3370,3371,-1,3388,3371,3389,-1,3389,3371,3372,-1,3389,3372,3390,-1,3390,3372,3373,-1,3390,3373,3391,-1,3373,3374,3391,-1,3391,3374,3375,-1,3391,3375,3392,-1,3375,3376,3392,-1,3392,3376,3377,-1,3392,3377,1610,-1,1610,3377,3378,-1,1610,3378,1601,-1,1590,3379,1591,-1,1591,3379,3393,-1,3393,3379,3394,-1,3394,3379,3380,-1,3394,3380,3395,-1,3395,3380,3396,-1,3396,3380,3381,-1,3396,3381,3397,-1,3397,3381,3398,-1,3398,3381,3382,-1,3398,3382,3399,-1,3400,3401,3383,-1,3383,3401,3402,-1,3383,3402,3382,-1,3382,3402,3403,-1,3382,3403,3399,-1,3383,3384,3400,-1,3400,3384,920,-1,3400,920,921,-1,916,917,3385,-1,916,3385,3404,-1,3404,3385,3386,-1,3404,3386,3405,-1,3405,3386,3387,-1,3405,3387,3406,-1,3406,3387,3388,-1,3406,3388,3407,-1,3407,3388,3389,-1,3407,3389,3408,-1,3408,3389,3390,-1,3408,3390,3409,-1,3409,3390,3391,-1,3409,3391,3410,-1,3410,3391,3392,-1,3410,3392,3411,-1,3411,3392,1610,-1,3411,1610,1586,-1,1588,1591,3393,-1,3412,1569,1588,-1,1588,3393,3412,-1,3412,3393,3394,-1,3412,3394,3413,-1,3394,3395,3413,-1,3413,3395,3396,-1,3413,3396,3414,-1,921,905,3400,-1,3400,905,3415,-1,3400,3415,3401,-1,3401,3415,3416,-1,3401,3416,3402,-1,3402,3416,3417,-1,3402,3417,3403,-1,3403,3417,3418,-1,3403,3418,3399,-1,3399,3418,3419,-1,3399,3419,3398,-1,3398,3419,3414,-1,3398,3414,3397,-1,3397,3414,3396,-1,3405,3420,3404,-1,3404,3420,904,-1,3404,904,916,-1,3409,3421,3422,-1,3409,3422,3408,-1,3408,3422,3423,-1,3408,3423,3407,-1,3407,3423,3424,-1,3407,3424,3406,-1,3406,3424,3425,-1,3406,3425,3405,-1,3405,3425,3426,-1,3405,3426,3420,-1,3421,3409,3427,-1,3427,3409,3410,-1,3427,3410,3428,-1,3428,3410,3429,-1,3429,3410,3411,-1,3429,3411,3430,-1,3430,3411,3431,-1,3431,3411,1586,-1,3431,1586,1587,-1,1571,1569,3412,-1,3432,1578,1571,-1,1571,3412,3432,-1,3432,3412,3413,-1,3432,3413,3433,-1,3433,3413,3414,-1,3433,3414,3434,-1,3434,3414,3419,-1,3434,3419,3435,-1,3435,3419,3418,-1,3435,3418,3436,-1,3436,3418,3417,-1,3436,3417,3437,-1,3437,3417,3416,-1,3437,3416,3438,-1,3438,3416,3415,-1,3438,3415,3439,-1,3439,3415,905,-1,3439,905,906,-1,3428,3429,3440,-1,3421,3427,3441,-1,3442,903,904,-1,3421,3441,3422,-1,904,3420,3442,-1,3442,3420,3426,-1,3442,3426,3443,-1,3443,3426,3425,-1,3443,3425,3444,-1,3444,3425,3424,-1,3444,3424,3445,-1,3445,3424,3423,-1,3445,3423,3446,-1,3446,3423,3422,-1,3446,3422,3447,-1,3447,3422,3441,-1,3428,3440,3427,-1,3427,3440,3448,-1,3427,3448,3441,-1,3430,3449,3429,-1,3429,3449,3450,-1,3429,3450,3440,-1,3430,3431,3449,-1,3449,3431,1587,-1,3449,1587,1589,-1,3434,3451,3433,-1,3433,3451,3452,-1,3433,3452,3432,-1,3432,3452,1579,-1,3432,1579,1578,-1,906,907,3439,-1,3439,907,3453,-1,3439,3453,3438,-1,3438,3453,3454,-1,3438,3454,3437,-1,3437,3454,3455,-1,3437,3455,3436,-1,3436,3455,3456,-1,3436,3456,3435,-1,3435,3456,3457,-1,3435,3457,3434,-1,3434,3457,3458,-1,3434,3458,3451,-1,902,903,3459,-1,3459,903,3442,-1,3459,3442,3460,-1,3460,3442,3443,-1,3460,3443,3461,-1,3461,3443,3444,-1,3461,3444,3462,-1,3462,3444,3445,-1,3462,3445,3463,-1,3463,3445,3446,-1,3463,3446,3464,-1,3446,3447,3464,-1,3464,3447,3441,-1,3464,3441,3465,-1,3441,3448,3465,-1,3465,3448,3440,-1,3465,3440,3466,-1,1589,1574,3449,-1,3449,1574,3466,-1,3449,3466,3450,-1,3450,3466,3440,-1,3467,1557,1576,-1,3458,3468,3451,-1,3451,3468,3467,-1,3451,3467,3452,-1,3452,3467,1576,-1,3452,1576,1579,-1,907,891,3453,-1,3453,891,3469,-1,3453,3469,3454,-1,3454,3469,3470,-1,3454,3470,3455,-1,3455,3470,3471,-1,3455,3471,3456,-1,3456,3471,3472,-1,3456,3472,3457,-1,3457,3472,3473,-1,3457,3473,3458,-1,3458,3473,3474,-1,3458,3474,3468,-1,3460,3475,3459,-1,3459,3475,890,-1,3459,890,902,-1,3464,3476,3477,-1,3464,3477,3463,-1,3463,3477,3478,-1,3463,3478,3462,-1,3462,3478,3479,-1,3462,3479,3461,-1,3461,3479,3480,-1,3461,3480,3460,-1,3460,3480,3481,-1,3460,3481,3475,-1,3476,3464,3482,-1,3482,3464,3465,-1,3482,3465,3483,-1,3483,3465,3484,-1,3484,3465,3466,-1,3484,3466,3485,-1,3485,3466,3486,-1,3486,3466,1574,-1,3486,1574,1575,-1,1559,1557,3467,-1,3487,1566,1559,-1,3487,1559,3488,-1,3488,1559,3467,-1,3488,3467,3489,-1,3489,3467,3468,-1,3489,3468,3490,-1,3490,3468,3491,-1,3491,3468,3474,-1,3491,3474,3492,-1,3492,3474,3473,-1,3492,3473,3493,-1,3493,3473,3472,-1,3493,3472,3494,-1,3494,3472,3471,-1,3494,3471,3495,-1,3495,3471,3470,-1,3495,3470,3496,-1,3496,3470,3469,-1,3496,3469,3497,-1,3497,3469,891,-1,3497,891,892,-1,3483,3484,3498,-1,3476,3482,3499,-1,3500,889,890,-1,3476,3499,3477,-1,890,3475,3500,-1,3500,3475,3481,-1,3500,3481,3501,-1,3501,3481,3480,-1,3501,3480,3502,-1,3502,3480,3479,-1,3502,3479,3503,-1,3503,3479,3478,-1,3503,3478,3504,-1,3504,3478,3477,-1,3504,3477,3505,-1,3505,3477,3499,-1,3483,3498,3482,-1,3482,3498,3506,-1,3482,3506,3499,-1,3485,3507,3484,-1,3484,3507,3508,-1,3484,3508,3498,-1,3485,3486,3507,-1,3507,3486,1575,-1,3507,1575,1577,-1,1567,1566,3487,-1,1567,3487,3509,-1,3509,3487,3488,-1,3509,3488,3510,-1,3488,3489,3510,-1,3510,3489,3490,-1,3510,3490,3511,-1,3490,3491,3511,-1,3511,3491,3492,-1,3511,3492,3512,-1,3492,3493,3512,-1,3512,3493,3494,-1,3512,3494,3513,-1,3494,3495,3513,-1,3513,3495,3496,-1,3513,3496,3514,-1,3496,3497,3514,-1,3514,3497,892,-1,3514,892,893,-1,888,889,3515,-1,3515,889,3500,-1,3515,3500,3516,-1,3516,3500,3501,-1,3516,3501,3517,-1,3517,3501,3502,-1,3517,3502,3518,-1,3518,3502,3503,-1,3518,3503,3519,-1,3519,3503,3504,-1,3519,3504,3520,-1,3504,3505,3520,-1,3520,3505,3499,-1,3520,3499,3521,-1,3499,3506,3521,-1,3521,3506,3498,-1,3521,3498,3522,-1,1577,1562,3507,-1,3507,1562,3522,-1,3507,3522,3508,-1,3508,3522,3498,-1,1564,1567,3509,-1,3523,1533,1564,-1,1564,3509,3523,-1,3523,3509,3510,-1,3523,3510,3524,-1,3524,3510,3511,-1,3524,3511,3525,-1,3525,3511,3512,-1,3525,3512,3526,-1,3526,3512,3513,-1,3526,3513,3527,-1,3514,893,877,-1,877,3528,3514,-1,3514,3528,3529,-1,3514,3529,3513,-1,3513,3529,3530,-1,3513,3530,3527,-1,3516,3531,3515,-1,3515,3531,876,-1,3515,876,888,-1,3520,3532,3533,-1,3520,3533,3519,-1,3519,3533,3534,-1,3519,3534,3518,-1,3518,3534,3535,-1,3518,3535,3517,-1,3517,3535,3536,-1,3517,3536,3516,-1,3516,3536,3537,-1,3516,3537,3531,-1,3532,3520,3538,-1,3538,3520,3521,-1,3538,3521,3539,-1,3539,3521,3540,-1,3540,3521,3522,-1,3540,3522,3541,-1,3541,3522,3542,-1,3542,3522,1562,-1,3542,1562,1563,-1,1535,1533,3523,-1,1554,1535,3543,-1,3543,1535,3523,-1,3543,3523,3544,-1,3544,3523,3524,-1,3525,3545,3524,-1,3524,3545,3546,-1,3524,3546,3544,-1,3526,3547,3525,-1,3525,3547,3548,-1,3525,3548,3545,-1,877,878,3528,-1,3528,878,3549,-1,3528,3549,3529,-1,3529,3549,3550,-1,3529,3550,3530,-1,3530,3550,3551,-1,3530,3551,3527,-1,3527,3551,3552,-1,3527,3552,3526,-1,3526,3552,3553,-1,3526,3553,3547,-1,3554,875,876,-1,3533,3532,3555,-1,3555,3532,3538,-1,3555,3538,3556,-1,876,3531,3554,-1,3554,3531,3537,-1,3554,3537,3557,-1,3557,3537,3536,-1,3557,3536,3558,-1,3558,3536,3535,-1,3558,3535,3559,-1,3559,3535,3534,-1,3559,3534,3560,-1,3560,3534,3533,-1,3560,3533,3561,-1,3561,3533,3555,-1,3556,3538,3562,-1,3562,3538,3539,-1,3562,3539,3540,-1,3541,3563,3540,-1,3540,3563,3564,-1,3540,3564,3562,-1,3541,3542,3563,-1,3563,3542,1563,-1,3563,1563,1565,-1,1555,1554,3565,-1,3565,1554,3543,-1,3565,3543,3566,-1,3566,3543,3544,-1,3566,3544,3567,-1,3567,3544,3546,-1,3567,3546,3568,-1,3568,3546,3545,-1,3568,3545,3569,-1,3569,3545,3548,-1,3569,3548,3570,-1,3550,3571,3551,-1,3551,3571,3572,-1,3551,3572,3552,-1,3552,3572,3573,-1,3552,3573,3553,-1,3553,3573,3570,-1,3553,3570,3547,-1,3547,3570,3548,-1,878,879,3549,-1,3549,879,3574,-1,3549,3574,3550,-1,3550,3574,3575,-1,3550,3575,3571,-1,874,875,3576,-1,3576,875,3554,-1,3576,3554,3577,-1,3577,3554,3557,-1,3577,3557,3578,-1,3578,3557,3558,-1,3578,3558,3579,-1,3579,3558,3559,-1,3579,3559,3580,-1,3580,3559,3560,-1,3580,3560,3581,-1,3560,3561,3581,-1,3581,3561,3555,-1,3581,3555,3582,-1,3555,3556,3582,-1,3582,3556,3562,-1,3582,3562,3583,-1,1565,1538,3563,-1,3563,1538,3583,-1,3563,3583,3564,-1,3564,3583,3562,-1,1548,1555,3565,-1,1541,1548,3584,-1,3584,1548,3565,-1,3584,3565,3585,-1,3565,3566,3585,-1,3585,3566,3567,-1,3585,3567,3586,-1,3567,3568,3586,-1,3586,3568,3569,-1,3586,3569,3587,-1,3587,3569,3570,-1,3574,879,863,-1,3570,3573,3587,-1,3587,3573,3572,-1,3587,3572,3588,-1,3588,3572,3571,-1,3588,3571,3589,-1,3589,3571,3575,-1,3589,3575,3590,-1,3590,3575,3574,-1,3590,3574,3591,-1,3591,3574,863,-1,862,874,3576,-1,862,3576,3592,-1,3592,3576,3577,-1,3592,3577,3593,-1,3593,3577,3578,-1,3593,3578,3594,-1,3594,3578,3579,-1,3594,3579,3595,-1,3595,3579,3580,-1,3595,3580,3596,-1,3596,3580,3581,-1,3596,3581,3597,-1,3597,3581,3582,-1,3597,3582,3598,-1,3598,3582,3583,-1,3598,3583,3599,-1,3599,3583,1538,-1,3599,1538,1539,-1,1543,1541,3584,-1,3600,1552,1543,-1,1543,3584,3600,-1,3600,3584,3585,-1,3600,3585,3601,-1,3601,3585,3586,-1,3601,3586,3602,-1,3602,3586,3587,-1,3602,3587,3603,-1,3603,3587,3588,-1,3603,3588,3604,-1,3604,3588,3589,-1,3604,3589,3605,-1,863,864,3591,-1,3591,864,3605,-1,3591,3605,3590,-1,3590,3605,3589,-1,861,862,3606,-1,3606,862,3592,-1,3606,3592,3607,-1,3607,3592,3593,-1,3607,3593,3608,-1,3608,3593,3594,-1,3608,3594,3609,-1,3609,3594,3595,-1,3609,3595,3610,-1,3610,3595,3596,-1,3610,3596,3611,-1,3596,3597,3611,-1,3611,3597,3598,-1,3611,3598,3612,-1,3612,3598,3599,-1,3612,3599,3613,-1,3613,3599,1539,-1,3613,1539,1550,-1,1553,1552,3600,-1,1553,3600,3614,-1,3614,3600,3601,-1,3614,3601,3615,-1,3615,3601,3602,-1,3615,3602,3616,-1,3616,3602,3603,-1,3616,3603,3617,-1,3617,3603,3604,-1,3617,3604,3618,-1,3618,3604,3605,-1,3618,3605,3619,-1,3619,3605,864,-1,3619,864,865,-1,860,861,3606,-1,860,3606,3620,-1,3620,3606,3607,-1,3620,3607,3621,-1,3621,3607,3622,-1,3622,3607,3608,-1,3622,3608,3623,-1,3608,3609,3623,-1,3623,3609,3610,-1,3623,3610,3624,-1,3624,3610,3611,-1,3624,3611,3625,-1,3625,3611,3612,-1,3625,3612,3626,-1,3626,3612,3613,-1,3626,3613,3627,-1,3627,3613,1550,-1,3627,1550,1546,-1,1549,1553,3614,-1,3628,1521,1549,-1,1549,3614,3628,-1,3628,3614,3615,-1,3628,3615,3629,-1,3629,3615,3616,-1,3629,3616,3630,-1,3630,3616,3617,-1,3630,3617,3631,-1,3631,3617,3618,-1,3631,3618,3632,-1,3619,865,849,-1,849,3633,3619,-1,3619,3633,3634,-1,3619,3634,3618,-1,3618,3634,3635,-1,3618,3635,3632,-1,848,860,3620,-1,848,3620,3636,-1,3636,3620,3621,-1,3636,3621,3637,-1,3637,3621,3622,-1,3637,3622,3638,-1,3638,3622,3623,-1,3638,3623,3639,-1,3639,3623,3624,-1,3639,3624,3640,-1,3640,3624,3625,-1,3640,3625,3641,-1,3641,3625,3626,-1,3641,3626,3642,-1,3642,3626,3627,-1,3642,3627,3643,-1,3643,3627,1546,-1,3643,1546,1547,-1,1523,1521,3628,-1,3644,1530,1523,-1,1523,3628,3644,-1,3644,3628,3629,-1,3644,3629,3645,-1,3645,3629,3630,-1,3645,3630,3646,-1,3646,3630,3631,-1,3646,3631,3647,-1,3647,3631,3632,-1,3647,3632,3648,-1,3648,3632,3635,-1,3648,3635,3649,-1,849,850,3633,-1,3633,850,3649,-1,3633,3649,3634,-1,3634,3649,3635,-1,847,848,3650,-1,3650,848,3636,-1,3650,3636,3651,-1,3651,3636,3637,-1,3651,3637,3652,-1,3652,3637,3638,-1,3652,3638,3653,-1,3653,3638,3639,-1,3653,3639,3654,-1,3654,3639,3640,-1,3654,3640,3655,-1,3640,3641,3655,-1,3655,3641,3642,-1,3655,3642,3656,-1,3656,3642,3643,-1,3656,3643,3657,-1,3657,3643,1547,-1,3657,1547,1551,-1,1531,1530,3644,-1,1531,3644,3658,-1,3658,3644,3645,-1,3658,3645,3659,-1,3659,3645,3646,-1,3659,3646,3660,-1,3660,3646,3647,-1,3660,3647,3661,-1,3661,3647,3648,-1,3661,3648,3662,-1,3662,3648,3649,-1,3662,3649,3663,-1,3663,3649,850,-1,3663,850,851,-1,846,847,3650,-1,846,3650,3664,-1,3664,3650,3651,-1,3664,3651,3665,-1,3665,3651,3652,-1,3665,3652,3666,-1,3666,3652,3653,-1,3666,3653,3667,-1,3667,3653,3654,-1,3667,3654,3668,-1,3668,3654,3655,-1,3668,3655,3669,-1,3669,3655,3656,-1,3669,3656,3670,-1,3670,3656,3657,-1,3670,3657,3671,-1,3671,3657,1551,-1,3671,1551,1526,-1,3672,3673,3660,-1,1531,3658,1528,-1,1528,3658,3674,-1,1528,3674,1509,-1,3660,3673,3659,-1,3673,3675,3659,-1,3659,3675,3676,-1,3659,3676,3658,-1,3658,3676,3677,-1,3658,3677,3674,-1,3672,3660,3678,-1,3678,3660,3661,-1,3678,3661,3679,-1,3679,3661,3662,-1,3679,3662,3680,-1,3663,851,835,-1,835,3681,3663,-1,3663,3681,3682,-1,3663,3682,3662,-1,3662,3682,3683,-1,3662,3683,3680,-1,834,846,3664,-1,834,3664,3684,-1,3684,3664,3665,-1,3684,3665,3685,-1,3685,3665,3666,-1,3685,3666,3686,-1,3686,3666,3667,-1,3686,3667,3687,-1,3687,3667,3668,-1,3687,3668,3688,-1,3688,3668,3669,-1,3688,3669,3689,-1,3689,3669,3670,-1,3689,3670,3690,-1,3690,3670,3671,-1,3690,3671,3691,-1,3691,3671,1526,-1,3691,1526,1527,-1,3692,1518,1511,-1,3692,1511,3693,-1,1509,3674,1511,-1,1511,3674,3677,-1,1511,3677,3693,-1,3693,3677,3676,-1,3693,3676,3694,-1,3694,3676,3675,-1,3694,3675,3695,-1,3695,3675,3673,-1,3695,3673,3696,-1,3696,3673,3672,-1,3696,3672,3697,-1,3697,3672,3678,-1,3697,3678,3698,-1,3698,3678,3679,-1,3698,3679,3699,-1,3699,3679,3680,-1,3699,3680,3700,-1,3700,3680,3683,-1,3700,3683,3701,-1,3683,3682,3701,-1,3701,3682,3681,-1,3701,3681,3702,-1,3702,3681,835,-1,3702,835,836,-1,3689,3690,3703,-1,833,834,3704,-1,3704,834,3684,-1,3704,3684,3705,-1,3705,3684,3685,-1,3705,3685,3706,-1,3706,3685,3686,-1,3706,3686,3707,-1,3707,3686,3687,-1,3707,3687,3708,-1,3708,3687,3688,-1,3708,3688,3709,-1,3709,3688,3689,-1,3709,3689,3710,-1,3710,3689,3703,-1,3691,1527,1529,-1,1529,3711,3691,-1,3691,3711,3712,-1,3691,3712,3690,-1,3690,3712,3713,-1,3690,3713,3703,-1,3698,3714,3715,-1,3698,3715,3697,-1,3697,3715,3716,-1,3697,3716,3696,-1,3696,3716,3717,-1,3696,3717,3695,-1,3695,3717,3718,-1,3695,3718,3694,-1,3694,3718,3719,-1,3694,3719,3693,-1,3693,3719,3720,-1,3693,3720,3692,-1,3692,3720,1519,-1,3692,1519,1518,-1,3714,3698,3721,-1,3721,3698,3699,-1,3721,3699,3722,-1,3722,3699,3700,-1,3722,3700,3723,-1,3723,3700,3701,-1,3723,3701,3724,-1,3701,3702,3724,-1,3724,3702,836,-1,3724,836,837,-1,3725,3726,3710,-1,3727,3728,3708,-1,3729,3730,3706,-1,3731,3732,3704,-1,3704,3732,832,-1,3704,832,833,-1,3731,3704,3730,-1,3730,3704,3705,-1,3730,3705,3706,-1,3729,3706,3728,-1,3728,3706,3707,-1,3728,3707,3708,-1,3727,3708,3726,-1,3726,3708,3709,-1,3726,3709,3710,-1,3725,3710,3733,-1,3733,3710,3703,-1,3733,3703,3713,-1,3712,3734,3713,-1,3713,3734,3735,-1,3713,3735,3733,-1,3712,3711,3734,-1,3734,3711,1529,-1,3734,1529,1514,-1,3736,1496,1516,-1,3736,1516,3737,-1,3738,3739,3719,-1,3719,3739,3737,-1,3719,3737,3720,-1,3720,3737,1516,-1,3720,1516,1519,-1,3719,3718,3738,-1,3738,3718,3717,-1,3738,3717,3740,-1,3740,3717,3741,-1,837,821,3724,-1,3724,821,3742,-1,3724,3742,3723,-1,3717,3716,3741,-1,3741,3716,3715,-1,3741,3715,3743,-1,3743,3715,3714,-1,3743,3714,3744,-1,3744,3714,3721,-1,3744,3721,3745,-1,3745,3721,3722,-1,3745,3722,3746,-1,3746,3722,3723,-1,3746,3723,3747,-1,3747,3723,3742,-1,3731,3748,3732,-1,3732,3748,820,-1,3732,820,832,-1,1514,1515,3749,-1,1514,3749,3734,-1,3734,3749,3750,-1,3734,3750,3735,-1,3735,3750,3751,-1,3735,3751,3733,-1,3733,3751,3752,-1,3733,3752,3725,-1,3725,3752,3753,-1,3725,3753,3726,-1,3726,3753,3754,-1,3726,3754,3727,-1,3727,3754,3755,-1,3727,3755,3728,-1,3728,3755,3756,-1,3728,3756,3729,-1,3729,3756,3757,-1,3729,3757,3730,-1,3730,3757,3758,-1,3730,3758,3731,-1,3731,3758,3759,-1,3731,3759,3748,-1,1498,1496,3736,-1,1506,1498,3760,-1,3760,1498,3736,-1,3760,3736,3761,-1,3761,3736,3737,-1,3737,3739,3761,-1,3761,3739,3738,-1,3761,3738,3762,-1,3738,3740,3762,-1,3762,3740,3741,-1,3762,3741,3763,-1,3741,3743,3763,-1,3763,3743,3744,-1,3763,3744,3764,-1,3744,3745,3764,-1,3764,3745,3746,-1,3764,3746,3765,-1,821,822,3742,-1,3742,822,3765,-1,3742,3765,3747,-1,3747,3765,3746,-1,3766,819,820,-1,820,3748,3766,-1,3766,3748,3759,-1,3766,3759,3767,-1,3767,3759,3758,-1,3758,3757,3767,-1,3767,3757,3756,-1,3767,3756,3768,-1,3768,3756,3755,-1,3768,3755,3769,-1,3755,3754,3769,-1,3769,3754,3753,-1,3769,3753,3770,-1,3753,3752,3770,-1,3770,3752,3751,-1,3770,3751,3771,-1,3771,3751,3750,-1,3750,3749,3771,-1,3771,3749,1515,-1,3771,1515,1517,-1,1507,1506,3760,-1,1507,3760,3772,-1,3772,3760,3761,-1,3772,3761,3773,-1,3773,3761,3762,-1,3773,3762,3774,-1,3774,3762,3763,-1,3774,3763,3775,-1,3775,3763,3764,-1,3775,3764,3776,-1,3776,3764,3765,-1,3776,3765,3777,-1,3777,3765,822,-1,3777,822,823,-1,819,3766,818,-1,818,3766,3778,-1,3778,3766,3779,-1,3779,3766,3767,-1,3779,3767,3780,-1,3780,3767,3781,-1,3781,3767,3768,-1,3781,3768,3782,-1,3782,3768,3783,-1,3783,3768,3769,-1,3783,3769,3784,-1,3784,3769,3785,-1,3785,3769,3770,-1,3785,3770,3786,-1,3786,3770,3787,-1,3787,3770,3771,-1,3787,3771,3788,-1,3788,3771,1517,-1,3788,1517,1501,-1,1503,1507,3772,-1,3789,1473,1503,-1,1503,3772,3789,-1,3789,3772,3773,-1,3789,3773,3790,-1,3790,3773,3774,-1,3790,3774,3791,-1,3791,3774,3775,-1,3791,3775,3792,-1,3792,3775,3776,-1,3792,3776,3793,-1,3777,823,807,-1,807,3794,3777,-1,3777,3794,3795,-1,3777,3795,3776,-1,3776,3795,3796,-1,3776,3796,3793,-1,3779,3797,3778,-1,3778,3797,806,-1,3778,806,818,-1,1501,1502,3798,-1,1501,3798,3788,-1,3788,3798,3799,-1,3788,3799,3787,-1,3787,3799,3800,-1,3787,3800,3786,-1,3786,3800,3801,-1,3786,3801,3785,-1,3785,3801,3802,-1,3785,3802,3784,-1,3784,3802,3803,-1,3784,3803,3783,-1,3783,3803,3804,-1,3783,3804,3782,-1,3782,3804,3805,-1,3782,3805,3781,-1,3781,3805,3806,-1,3781,3806,3780,-1,3780,3806,3807,-1,3780,3807,3779,-1,3779,3807,3808,-1,3779,3808,3797,-1,1475,1473,3789,-1,1493,1475,3809,-1,3809,1475,3789,-1,3809,3789,3810,-1,3810,3789,3790,-1,3791,3811,3790,-1,3790,3811,3812,-1,3790,3812,3810,-1,3792,3813,3791,-1,3791,3813,3814,-1,3791,3814,3811,-1,807,808,3794,-1,3794,808,3815,-1,3794,3815,3795,-1,3795,3815,3816,-1,3795,3816,3796,-1,3796,3816,3817,-1,3796,3817,3793,-1,3793,3817,3818,-1,3793,3818,3792,-1,3792,3818,3819,-1,3792,3819,3813,-1,3820,805,806,-1,806,3797,3820,-1,3820,3797,3808,-1,3820,3808,3821,-1,3821,3808,3807,-1,3821,3807,3822,-1,3822,3807,3806,-1,3822,3806,3823,-1,3823,3806,3805,-1,3823,3805,3824,-1,3824,3805,3804,-1,3824,3804,3825,-1,3825,3804,3826,-1,3804,3803,3826,-1,3826,3803,3802,-1,3826,3802,3827,-1,3827,3802,3828,-1,3800,3799,3829,-1,3802,3801,3828,-1,3828,3801,3800,-1,3828,3800,3830,-1,3830,3800,3829,-1,3799,3798,3829,-1,3829,3798,1502,-1,3829,1502,1505,-1,1494,1493,3831,-1,3831,1493,3809,-1,3831,3809,3832,-1,3832,3809,3810,-1,3832,3810,3833,-1,3833,3810,3812,-1,3833,3812,3834,-1,3834,3812,3811,-1,3834,3811,3835,-1,3835,3811,3814,-1,3835,3814,3836,-1,3818,3837,3819,-1,3819,3837,3836,-1,3819,3836,3813,-1,3813,3836,3814,-1,808,809,3815,-1,3815,809,3838,-1,3815,3838,3816,-1,3816,3838,3839,-1,3816,3839,3817,-1,3817,3839,3840,-1,3817,3840,3818,-1,3818,3840,3841,-1,3818,3841,3837,-1,804,805,3820,-1,804,3820,3842,-1,3842,3820,3821,-1,3842,3821,3843,-1,3843,3821,3822,-1,3843,3822,3844,-1,3844,3822,3823,-1,3844,3823,3845,-1,3845,3823,3824,-1,3845,3824,3846,-1,3846,3824,3825,-1,3846,3825,3847,-1,3847,3825,3848,-1,3848,3825,3826,-1,3848,3826,3849,-1,3826,3827,3849,-1,3849,3827,3828,-1,3849,3828,3850,-1,3850,3828,3830,-1,3850,3830,3851,-1,3851,3830,3829,-1,3851,3829,3852,-1,3852,3829,1505,-1,3852,1505,1504,-1,1485,1494,3831,-1,1484,1485,3853,-1,3853,1485,3831,-1,3853,3831,3854,-1,3831,3832,3854,-1,3854,3832,3833,-1,3854,3833,3855,-1,3833,3834,3855,-1,3855,3834,3835,-1,3855,3835,3856,-1,3856,3835,3836,-1,3838,809,793,-1,3836,3837,3856,-1,3856,3837,3841,-1,3856,3841,3857,-1,3857,3841,3840,-1,3857,3840,3858,-1,3858,3840,3839,-1,3858,3839,3859,-1,3859,3839,3838,-1,3859,3838,3860,-1,3860,3838,793,-1,792,804,3861,-1,3861,804,3842,-1,3861,3842,3862,-1,3862,3842,3843,-1,3862,3843,3863,-1,3863,3843,3844,-1,3863,3844,3864,-1,3864,3844,3845,-1,3864,3845,3865,-1,3865,3845,3846,-1,3865,3846,3866,-1,3866,3846,3847,-1,3866,3847,3867,-1,3867,3847,3848,-1,3867,3848,3868,-1,3868,3848,3849,-1,3868,3849,3869,-1,3869,3849,3850,-1,3869,3850,3870,-1,3870,3850,3871,-1,3871,3850,3851,-1,3871,3851,3872,-1,3851,3852,3872,-1,3872,3852,1504,-1,3872,1504,1482,-1,1487,1484,3853,-1,1491,1487,3873,-1,3873,1487,3853,-1,3873,3853,3874,-1,3874,3853,3854,-1,3855,3875,3854,-1,3854,3875,3876,-1,3854,3876,3874,-1,3856,3877,3855,-1,3855,3877,3878,-1,3855,3878,3875,-1,793,794,3860,-1,3860,794,3879,-1,3860,3879,3859,-1,3859,3879,3880,-1,3859,3880,3858,-1,3858,3880,3881,-1,3858,3881,3857,-1,3857,3881,3882,-1,3857,3882,3856,-1,3856,3882,3883,-1,3856,3883,3877,-1,791,792,3884,-1,3884,792,3861,-1,3884,3861,3885,-1,3861,3862,3885,-1,3885,3862,3863,-1,3885,3863,3886,-1,3886,3863,3864,-1,3886,3864,3887,-1,3887,3864,3865,-1,3887,3865,3888,-1,3888,3865,3866,-1,3888,3866,3889,-1,3889,3866,3867,-1,3889,3867,3890,-1,3867,3868,3890,-1,3890,3868,3869,-1,3890,3869,3891,-1,3869,3870,3891,-1,3891,3870,3871,-1,3891,3871,1477,-1,1477,3871,3872,-1,1477,3872,1482,-1,1491,3873,1492,-1,1492,3873,3892,-1,3873,3874,3892,-1,3892,3874,3876,-1,3892,3876,3893,-1,3876,3875,3893,-1,3893,3875,3878,-1,3893,3878,3894,-1,3878,3877,3894,-1,3894,3877,3883,-1,3894,3883,3895,-1,3895,3883,3882,-1,3895,3882,3896,-1,3896,3882,3881,-1,3896,3881,3897,-1,3897,3881,3880,-1,3897,3880,3898,-1,3898,3880,3879,-1,3898,3879,3899,-1,3899,3879,794,-1,3899,794,795,-1,790,791,3884,-1,790,3884,3900,-1,3900,3884,3885,-1,3900,3885,3901,-1,3901,3885,3902,-1,3902,3885,3886,-1,3902,3886,3903,-1,3886,3887,3903,-1,3903,3887,3888,-1,3903,3888,3904,-1,3904,3888,3889,-1,3904,3889,3905,-1,3905,3889,3890,-1,3905,3890,3906,-1,3906,3890,3891,-1,3906,3891,3907,-1,3907,3891,1477,-1,3907,1477,1479,-1,3908,1461,1489,-1,3894,3909,3893,-1,3893,3909,3908,-1,3893,3908,3892,-1,3892,3908,1489,-1,3892,1489,1492,-1,795,779,3899,-1,3899,779,3910,-1,3899,3910,3898,-1,3898,3910,3911,-1,3898,3911,3897,-1,3897,3911,3912,-1,3897,3912,3896,-1,3896,3912,3913,-1,3896,3913,3895,-1,3895,3913,3914,-1,3895,3914,3894,-1,3894,3914,3915,-1,3894,3915,3909,-1,778,790,3900,-1,778,3900,3916,-1,3916,3900,3901,-1,3916,3901,3917,-1,3917,3901,3902,-1,3917,3902,3918,-1,3918,3902,3903,-1,3918,3903,3919,-1,3919,3903,3904,-1,3919,3904,3920,-1,3920,3904,3905,-1,3920,3905,3921,-1,3921,3905,3906,-1,3921,3906,3922,-1,3922,3906,3907,-1,3922,3907,3923,-1,3923,3907,1479,-1,3923,1479,1481,-1,3924,1470,1463,-1,1463,1461,3908,-1,3924,1463,3925,-1,3925,1463,3908,-1,3925,3908,3926,-1,3926,3908,3909,-1,3926,3909,3927,-1,3927,3909,3928,-1,3928,3909,3915,-1,3928,3915,3929,-1,3929,3915,3914,-1,3929,3914,3930,-1,3930,3914,3913,-1,3930,3913,3931,-1,3931,3913,3912,-1,3931,3912,3932,-1,3932,3912,3911,-1,3932,3911,3933,-1,3933,3911,3910,-1,3933,3910,3934,-1,3934,3910,779,-1,3934,779,780,-1,777,778,3935,-1,3935,778,3916,-1,3935,3916,3936,-1,3936,3916,3917,-1,3936,3917,3937,-1,3937,3917,3918,-1,3937,3918,3938,-1,3938,3918,3919,-1,3938,3919,3939,-1,3939,3919,3920,-1,3939,3920,3940,-1,3920,3921,3940,-1,3940,3921,3922,-1,3940,3922,3941,-1,3941,3922,3923,-1,3941,3923,3942,-1,3942,3923,1481,-1,3942,1481,1490,-1,1471,1470,3924,-1,1471,3924,3943,-1,3943,3924,3925,-1,3943,3925,3944,-1,3925,3926,3944,-1,3944,3926,3927,-1,3944,3927,3945,-1,3927,3928,3945,-1,3945,3928,3929,-1,3945,3929,3946,-1,3929,3930,3946,-1,3946,3930,3931,-1,3946,3931,3947,-1,3931,3932,3947,-1,3947,3932,3933,-1,3947,3933,3948,-1,3933,3934,3948,-1,3948,3934,780,-1,3948,780,781,-1,776,777,3935,-1,776,3935,3949,-1,3949,3935,3936,-1,3949,3936,3950,-1,3950,3936,3937,-1,3950,3937,3951,-1,3951,3937,3938,-1,3951,3938,3952,-1,3952,3938,3939,-1,3952,3939,3953,-1,3953,3939,3940,-1,3953,3940,3954,-1,3954,3940,3955,-1,3955,3940,3941,-1,3955,3941,3956,-1,3956,3941,3957,-1,3957,3941,3942,-1,3957,3942,3958,-1,3958,3942,3959,-1,3959,3942,1490,-1,3959,1490,1466,-1,1468,1471,3943,-1,3960,1449,1468,-1,1468,3943,3960,-1,3960,3943,3944,-1,3960,3944,3961,-1,3961,3944,3945,-1,3961,3945,3962,-1,3962,3945,3946,-1,3962,3946,3963,-1,3963,3946,3947,-1,3963,3947,3964,-1,3948,781,765,-1,765,3965,3948,-1,3948,3965,3966,-1,3948,3966,3947,-1,3947,3966,3967,-1,3947,3967,3964,-1,764,776,3968,-1,3968,776,3949,-1,3968,3949,3969,-1,3969,3949,3950,-1,3969,3950,3970,-1,3970,3950,3951,-1,3970,3951,3971,-1,3971,3951,3952,-1,3971,3952,3972,-1,3952,3953,3972,-1,3972,3953,3954,-1,3972,3954,3973,-1,3954,3955,3973,-1,3973,3955,3956,-1,3973,3956,3974,-1,3956,3957,3974,-1,3974,3957,3958,-1,3974,3958,3975,-1,3958,3959,3975,-1,3975,3959,1466,-1,3975,1466,1467,-1,1451,1449,3960,-1,1458,1451,3976,-1,3976,1451,3960,-1,3976,3960,3977,-1,3977,3960,3961,-1,3962,3978,3961,-1,3961,3978,3979,-1,3961,3979,3977,-1,3963,3980,3962,-1,3962,3980,3981,-1,3962,3981,3978,-1,765,766,3965,-1,3965,766,3982,-1,3965,3982,3966,-1,3966,3982,3983,-1,3966,3983,3967,-1,3967,3983,3984,-1,3967,3984,3964,-1,3964,3984,3985,-1,3964,3985,3963,-1,3963,3985,3986,-1,3963,3986,3980,-1,3987,763,764,-1,764,3968,3987,-1,3987,3968,3969,-1,3987,3969,3988,-1,3988,3969,3970,-1,3988,3970,3989,-1,3989,3970,3971,-1,3989,3971,3990,-1,3990,3971,3972,-1,3990,3972,3991,-1,3973,3992,3972,-1,3972,3992,3993,-1,3972,3993,3991,-1,3994,3995,3974,-1,3974,3995,3996,-1,3974,3996,3973,-1,3973,3996,3997,-1,3973,3997,3992,-1,3974,3975,3994,-1,3994,3975,1467,-1,3994,1467,1469,-1,3998,1459,1458,-1,3998,1458,3999,-1,1458,3976,3999,-1,3999,3976,3977,-1,3999,3977,4000,-1,4000,3977,3979,-1,4000,3979,4001,-1,4001,3979,3978,-1,4001,3978,4002,-1,4002,3978,3981,-1,4002,3981,4003,-1,3985,4004,3986,-1,3986,4004,4003,-1,3986,4003,3980,-1,3980,4003,3981,-1,766,767,3982,-1,3982,767,4005,-1,3982,4005,3983,-1,3983,4005,4006,-1,3983,4006,3984,-1,3984,4006,4007,-1,3984,4007,3985,-1,3985,4007,4008,-1,3985,4008,4004,-1,762,763,4009,-1,4009,763,3987,-1,4009,3987,4010,-1,4010,3987,3988,-1,4010,3988,4011,-1,4011,3988,3989,-1,4011,3989,4012,-1,4012,3989,3990,-1,4012,3990,4013,-1,4013,3990,3991,-1,4013,3991,4014,-1,3991,3993,4014,-1,4014,3993,3992,-1,4014,3992,4015,-1,3992,3997,4015,-1,4015,3997,3996,-1,4015,3996,4016,-1,1469,1454,3994,-1,3994,1454,4016,-1,3994,4016,3995,-1,3995,4016,3996,-1,1456,1459,3998,-1,1437,1456,4017,-1,4017,1456,3998,-1,4017,3998,4018,-1,3998,3999,4018,-1,4018,3999,4000,-1,4018,4000,4019,-1,4000,4001,4019,-1,4019,4001,4002,-1,4019,4002,4020,-1,4020,4002,4003,-1,4005,767,751,-1,4003,4004,4020,-1,4020,4004,4008,-1,4020,4008,4021,-1,4021,4008,4007,-1,4021,4007,4022,-1,4022,4007,4006,-1,4022,4006,4023,-1,4023,4006,4005,-1,4023,4005,4024,-1,4024,4005,751,-1,4010,4025,4009,-1,4009,4025,750,-1,4009,750,762,-1,4014,4026,4027,-1,4014,4027,4013,-1,4013,4027,4028,-1,4013,4028,4012,-1,4012,4028,4029,-1,4012,4029,4011,-1,4011,4029,4030,-1,4011,4030,4010,-1,4010,4030,4031,-1,4010,4031,4025,-1,4026,4014,4032,-1,4032,4014,4015,-1,4032,4015,4033,-1,4033,4015,4034,-1,4034,4015,4016,-1,4034,4016,4035,-1,4035,4016,4036,-1,4036,4016,1454,-1,4036,1454,1455,-1,1439,1437,4017,-1,1446,1439,4037,-1,4037,1439,4017,-1,4037,4017,4038,-1,4038,4017,4018,-1,4019,4039,4018,-1,4018,4039,4040,-1,4018,4040,4038,-1,4020,4041,4019,-1,4019,4041,4042,-1,4019,4042,4039,-1,751,752,4024,-1,4024,752,4043,-1,4024,4043,4023,-1,4023,4043,4044,-1,4023,4044,4022,-1,4022,4044,4045,-1,4022,4045,4021,-1,4021,4045,4046,-1,4021,4046,4020,-1,4020,4046,4047,-1,4020,4047,4041,-1,4048,749,750,-1,750,4025,4048,-1,4048,4025,4031,-1,4048,4031,4049,-1,4049,4031,4030,-1,4049,4030,4050,-1,4050,4030,4029,-1,4050,4029,4051,-1,4051,4029,4028,-1,4051,4028,4052,-1,4052,4028,4027,-1,4052,4027,4053,-1,4053,4027,4054,-1,4027,4026,4054,-1,4054,4026,4032,-1,4054,4032,4055,-1,4055,4032,4056,-1,4034,4035,4057,-1,4032,4033,4056,-1,4056,4033,4034,-1,4056,4034,4058,-1,4058,4034,4057,-1,4035,4036,4057,-1,4057,4036,1455,-1,4057,1455,1457,-1,1446,4037,1447,-1,1447,4037,4059,-1,4037,4038,4059,-1,4059,4038,4040,-1,4059,4040,4060,-1,4040,4039,4060,-1,4060,4039,4042,-1,4060,4042,4061,-1,4042,4041,4061,-1,4061,4041,4047,-1,4061,4047,4062,-1,4062,4047,4046,-1,4062,4046,4063,-1,4063,4046,4045,-1,4063,4045,4064,-1,4064,4045,4044,-1,4064,4044,4065,-1,4065,4044,4043,-1,4065,4043,4066,-1,4066,4043,752,-1,4066,752,753,-1,748,749,4067,-1,4067,749,4048,-1,4067,4048,4068,-1,4068,4048,4049,-1,4068,4049,4069,-1,4069,4049,4050,-1,4069,4050,4070,-1,4070,4050,4051,-1,4070,4051,4071,-1,4071,4051,4052,-1,4071,4052,4072,-1,4052,4053,4072,-1,4072,4053,4054,-1,4072,4054,4073,-1,4054,4055,4073,-1,4073,4055,4056,-1,4073,4056,4074,-1,1457,1442,4057,-1,4057,1442,4074,-1,4057,4074,4058,-1,4058,4074,4056,-1,1444,1447,4059,-1,4059,4060,4075,-1,4075,4076,4059,-1,4059,4076,4077,-1,4059,4077,1444,-1,1444,4077,4078,-1,1444,4078,1413,-1,753,737,4066,-1,4066,737,4079,-1,4066,4079,4065,-1,4079,4080,4065,-1,4065,4080,4081,-1,4065,4081,4064,-1,4064,4081,4082,-1,4064,4082,4063,-1,4063,4082,4083,-1,4063,4083,4062,-1,4062,4083,4084,-1,4062,4084,4061,-1,4061,4084,4085,-1,4061,4085,4060,-1,4060,4085,4086,-1,4060,4086,4075,-1,4068,4087,4067,-1,4067,4087,736,-1,4067,736,748,-1,4072,4088,4089,-1,4072,4089,4071,-1,4071,4089,4090,-1,4071,4090,4070,-1,4070,4090,4091,-1,4070,4091,4069,-1,4069,4091,4092,-1,4069,4092,4068,-1,4068,4092,4093,-1,4068,4093,4087,-1,4088,4072,4094,-1,4094,4072,4073,-1,4094,4073,4095,-1,4095,4073,4096,-1,4096,4073,4074,-1,4096,4074,4097,-1,4097,4074,4098,-1,4098,4074,1442,-1,4098,1442,1443,-1,1415,1413,4078,-1,1434,1415,4099,-1,4099,1415,4078,-1,4099,4078,4100,-1,4100,4078,4077,-1,4077,4076,4100,-1,4100,4076,4075,-1,4100,4075,4101,-1,4075,4086,4101,-1,4101,4086,4085,-1,4101,4085,4102,-1,4085,4084,4102,-1,4102,4084,4083,-1,4102,4083,4103,-1,4083,4082,4103,-1,4103,4082,4081,-1,4103,4081,4104,-1,737,738,4079,-1,4079,738,4104,-1,4079,4104,4080,-1,4080,4104,4081,-1,4105,735,736,-1,736,4087,4105,-1,4105,4087,4093,-1,4105,4093,4106,-1,4106,4093,4092,-1,4106,4092,4107,-1,4107,4092,4091,-1,4107,4091,4108,-1,4108,4091,4090,-1,4108,4090,4109,-1,4109,4090,4089,-1,4109,4089,4110,-1,4110,4089,4111,-1,4089,4088,4111,-1,4111,4088,4094,-1,4111,4094,4112,-1,4112,4094,4113,-1,4096,4097,4114,-1,4094,4095,4113,-1,4113,4095,4096,-1,4113,4096,4115,-1,4115,4096,4114,-1,4097,4098,4114,-1,4114,4098,1443,-1,4114,1443,1445,-1,1434,4099,1435,-1,1435,4099,4116,-1,4116,4099,4117,-1,4117,4099,4100,-1,4117,4100,4118,-1,4118,4100,4119,-1,4119,4100,4101,-1,4119,4101,4120,-1,4120,4101,4121,-1,4121,4101,4102,-1,4121,4102,4122,-1,4123,4124,4103,-1,4103,4124,4125,-1,4103,4125,4102,-1,4102,4125,4126,-1,4102,4126,4122,-1,4103,4104,4123,-1,4123,4104,738,-1,4123,738,739,-1,734,735,4105,-1,734,4105,4127,-1,4127,4105,4106,-1,4127,4106,4128,-1,4128,4106,4107,-1,4128,4107,4129,-1,4129,4107,4108,-1,4129,4108,4130,-1,4130,4108,4109,-1,4130,4109,4131,-1,4131,4109,4110,-1,4131,4110,4132,-1,4132,4110,4111,-1,4132,4111,4133,-1,4133,4111,4112,-1,4133,4112,4134,-1,4134,4112,4113,-1,4134,4113,4135,-1,4135,4113,4115,-1,4135,4115,4136,-1,4136,4115,4114,-1,4136,4114,4137,-1,4137,4114,1445,-1,4137,1445,1418,-1,4138,1421,1428,-1,4138,1428,4139,-1,4140,4141,4117,-1,4117,4141,4139,-1,4117,4139,4116,-1,4116,4139,1428,-1,4116,1428,1435,-1,4117,4118,4140,-1,4140,4118,4119,-1,4140,4119,4142,-1,4142,4119,4143,-1,739,723,4123,-1,4123,723,4144,-1,4123,4144,4124,-1,4119,4120,4143,-1,4143,4120,4121,-1,4143,4121,4145,-1,4145,4121,4122,-1,4145,4122,4146,-1,4146,4122,4126,-1,4146,4126,4147,-1,4147,4126,4125,-1,4147,4125,4148,-1,4148,4125,4124,-1,4148,4124,4149,-1,4149,4124,4144,-1,722,734,4150,-1,4150,734,4127,-1,4150,4127,4151,-1,4151,4127,4128,-1,4151,4128,4152,-1,4152,4128,4129,-1,4152,4129,4153,-1,4153,4129,4130,-1,4153,4130,4154,-1,4130,4131,4154,-1,4154,4131,4132,-1,4154,4132,4155,-1,4132,4133,4155,-1,4155,4133,4134,-1,4155,4134,4156,-1,4134,4135,4156,-1,4156,4135,4136,-1,4156,4136,4157,-1,4136,4137,4157,-1,4157,4137,1418,-1,4157,1418,1419,-1,1423,1421,4138,-1,1432,1423,4158,-1,4158,1423,4138,-1,4158,4138,4159,-1,4159,4138,4139,-1,4159,4139,4160,-1,723,724,4144,-1,4144,724,4161,-1,4144,4161,4149,-1,4149,4161,4162,-1,4149,4162,4148,-1,4148,4162,4163,-1,4148,4163,4147,-1,4147,4163,4164,-1,4147,4164,4146,-1,4146,4164,4165,-1,4146,4165,4145,-1,4145,4165,4166,-1,4145,4166,4143,-1,4143,4166,4167,-1,4143,4167,4142,-1,4142,4167,4168,-1,4142,4168,4140,-1,4140,4168,4160,-1,4140,4160,4141,-1,4141,4160,4139,-1,4169,721,722,-1,722,4150,4169,-1,4169,4150,4151,-1,4169,4151,4170,-1,4170,4151,4152,-1,4170,4152,4171,-1,4171,4152,4153,-1,4171,4153,4172,-1,4172,4153,4154,-1,4172,4154,4173,-1,4155,4174,4154,-1,4154,4174,4175,-1,4154,4175,4173,-1,4176,4177,4156,-1,4156,4177,4178,-1,4156,4178,4155,-1,4155,4178,4179,-1,4155,4179,4174,-1,4156,4157,4176,-1,4176,4157,1419,-1,4176,1419,1430,-1,1432,4158,1433,-1,1433,4158,4180,-1,4158,4159,4180,-1,4180,4159,4160,-1,4180,4160,4181,-1,4160,4168,4181,-1,4181,4168,4167,-1,4181,4167,4182,-1,4167,4166,4182,-1,4182,4166,4165,-1,4182,4165,4183,-1,4183,4165,4164,-1,4183,4164,4184,-1,4184,4164,4163,-1,4184,4163,4185,-1,4185,4163,4162,-1,4185,4162,4186,-1,4186,4162,4161,-1,4186,4161,4187,-1,4187,4161,724,-1,4187,724,725,-1,720,721,4169,-1,720,4169,4188,-1,4188,4169,4170,-1,4188,4170,4189,-1,4189,4170,4190,-1,4190,4170,4171,-1,4190,4171,4191,-1,4171,4172,4191,-1,4191,4172,4173,-1,4191,4173,4192,-1,4192,4173,4175,-1,4192,4175,4193,-1,4193,4175,4174,-1,4193,4174,4194,-1,4194,4174,4179,-1,4194,4179,4195,-1,4195,4179,4178,-1,4195,4178,4196,-1,4196,4178,4177,-1,4196,4177,4197,-1,4197,4177,4176,-1,4197,4176,4198,-1,4198,4176,1430,-1,4198,1430,1426,-1,4199,1401,1429,-1,4182,4200,4181,-1,4181,4200,4199,-1,4181,4199,4180,-1,4180,4199,1429,-1,4180,1429,1433,-1,725,709,4187,-1,4187,709,4201,-1,4187,4201,4186,-1,4186,4201,4202,-1,4186,4202,4185,-1,4185,4202,4203,-1,4185,4203,4184,-1,4184,4203,4204,-1,4184,4204,4183,-1,4183,4204,4205,-1,4183,4205,4182,-1,4182,4205,4206,-1,4182,4206,4200,-1,708,720,4207,-1,4207,720,4188,-1,4207,4188,4208,-1,4208,4188,4189,-1,4208,4189,4209,-1,4209,4189,4190,-1,4209,4190,4210,-1,4210,4190,4191,-1,4210,4191,4211,-1,4191,4192,4211,-1,4211,4192,4193,-1,4211,4193,4212,-1,4193,4194,4212,-1,4212,4194,4195,-1,4212,4195,4213,-1,4195,4196,4213,-1,4213,4196,4197,-1,4213,4197,4214,-1,4197,4198,4214,-1,4214,4198,1426,-1,4214,1426,1427,-1,4215,1410,1403,-1,1403,1401,4199,-1,4215,1403,4216,-1,4216,1403,4199,-1,4216,4199,4217,-1,4217,4199,4200,-1,4217,4200,4218,-1,4218,4200,4219,-1,4219,4200,4206,-1,4219,4206,4220,-1,4220,4206,4205,-1,4220,4205,4221,-1,4221,4205,4204,-1,4221,4204,4222,-1,4222,4204,4203,-1,4222,4203,4223,-1,4223,4203,4202,-1,4223,4202,4224,-1,4224,4202,4201,-1,4224,4201,4225,-1,4225,4201,709,-1,4225,709,710,-1,4226,707,708,-1,708,4207,4226,-1,4226,4207,4208,-1,4226,4208,4227,-1,4227,4208,4209,-1,4227,4209,4228,-1,4228,4209,4210,-1,4228,4210,4229,-1,4229,4210,4211,-1,4229,4211,4230,-1,4212,4231,4211,-1,4211,4231,4232,-1,4211,4232,4230,-1,4233,4234,4213,-1,4213,4234,4235,-1,4213,4235,4212,-1,4212,4235,4236,-1,4212,4236,4231,-1,4213,4214,4233,-1,4233,4214,1427,-1,4233,1427,1431,-1,4221,4237,4238,-1,4221,4238,4220,-1,4220,4238,4239,-1,4220,4239,4219,-1,4219,4239,4240,-1,4219,4240,4218,-1,4218,4240,4241,-1,4218,4241,4217,-1,4217,4241,4242,-1,4217,4242,4216,-1,4216,4242,4243,-1,4216,4243,4215,-1,4215,4243,1411,-1,4215,1411,1410,-1,4237,4221,4244,-1,4244,4221,4222,-1,4244,4222,4245,-1,4245,4222,4223,-1,4245,4223,4246,-1,4246,4223,4224,-1,4246,4224,4247,-1,4224,4225,4247,-1,4247,4225,710,-1,4247,710,711,-1,706,707,4248,-1,4248,707,4226,-1,4248,4226,4249,-1,4249,4226,4227,-1,4249,4227,4250,-1,4250,4227,4228,-1,4250,4228,4251,-1,4251,4228,4229,-1,4251,4229,4252,-1,4252,4229,4230,-1,4252,4230,4253,-1,4230,4232,4253,-1,4253,4232,4231,-1,4253,4231,4254,-1,4231,4236,4254,-1,4254,4236,4235,-1,4254,4235,4255,-1,1431,1406,4233,-1,4233,1406,4255,-1,4233,4255,4234,-1,4234,4255,4235,-1,1389,1408,4256,-1,4256,1408,4257,-1,4258,4259,4242,-1,4242,4259,4257,-1,4242,4257,4243,-1,4243,4257,1408,-1,4243,1408,1411,-1,4242,4241,4258,-1,4258,4241,4240,-1,4258,4240,4260,-1,4260,4240,4261,-1,711,695,4247,-1,4247,695,4262,-1,4247,4262,4246,-1,4240,4239,4261,-1,4261,4239,4238,-1,4261,4238,4263,-1,4263,4238,4237,-1,4263,4237,4264,-1,4264,4237,4244,-1,4264,4244,4265,-1,4265,4244,4245,-1,4265,4245,4266,-1,4266,4245,4246,-1,4266,4246,4267,-1,4267,4246,4262,-1,694,706,4248,-1,694,4248,4268,-1,4268,4248,4249,-1,4268,4249,4269,-1,4269,4249,4250,-1,4269,4250,4270,-1,4270,4250,4251,-1,4270,4251,4271,-1,4271,4251,4252,-1,4271,4252,4272,-1,4272,4252,4253,-1,4272,4253,4273,-1,4273,4253,4254,-1,4273,4254,4274,-1,4274,4254,4255,-1,4274,4255,4275,-1,4275,4255,1406,-1,4275,1406,1407,-1,1391,1389,4256,-1,1398,1391,4276,-1,4276,1391,4256,-1,4276,4256,4277,-1,4277,4256,4257,-1,4277,4257,4278,-1,695,696,4262,-1,4262,696,4279,-1,4262,4279,4267,-1,4267,4279,4280,-1,4267,4280,4266,-1,4266,4280,4281,-1,4266,4281,4265,-1,4265,4281,4282,-1,4265,4282,4264,-1,4264,4282,4283,-1,4264,4283,4263,-1,4263,4283,4284,-1,4263,4284,4261,-1,4261,4284,4285,-1,4261,4285,4260,-1,4260,4285,4286,-1,4260,4286,4258,-1,4258,4286,4278,-1,4258,4278,4259,-1,4259,4278,4257,-1,693,694,4287,-1,4287,694,4268,-1,4287,4268,4288,-1,4288,4268,4269,-1,4288,4269,4289,-1,4289,4269,4270,-1,4289,4270,4290,-1,4290,4270,4271,-1,4290,4271,4291,-1,4291,4271,4272,-1,4291,4272,4292,-1,4272,4273,4292,-1,4292,4273,4274,-1,4292,4274,4293,-1,4293,4274,4275,-1,4293,4275,4294,-1,4294,4275,1407,-1,4294,1407,1409,-1,1398,4276,1399,-1,1399,4276,4295,-1,4276,4277,4295,-1,4295,4277,4278,-1,4295,4278,4296,-1,4278,4286,4296,-1,4296,4286,4285,-1,4296,4285,4297,-1,4285,4284,4297,-1,4297,4284,4283,-1,4297,4283,4298,-1,4298,4283,4282,-1,4298,4282,4299,-1,4299,4282,4281,-1,4299,4281,4300,-1,4300,4281,4280,-1,4300,4280,4301,-1,4301,4280,4279,-1,4301,4279,4302,-1,4302,4279,696,-1,4302,696,697,-1,692,693,4287,-1,692,4287,4303,-1,4303,4287,4288,-1,4303,4288,4304,-1,4304,4288,4289,-1,4304,4289,4305,-1,4305,4289,4290,-1,4305,4290,4306,-1,4306,4290,4307,-1,4307,4290,4291,-1,4307,4291,4308,-1,4291,4292,4308,-1,4308,4292,4293,-1,4308,4293,4309,-1,4309,4293,4294,-1,4309,4294,4310,-1,4310,4294,1409,-1,4310,1409,1394,-1,1396,1399,4295,-1,4295,4296,4311,-1,4311,4312,4295,-1,4295,4312,4313,-1,4295,4313,1396,-1,1396,4313,4314,-1,1396,4314,1377,-1,697,681,4302,-1,4302,681,4315,-1,4302,4315,4301,-1,4315,4316,4301,-1,4301,4316,4317,-1,4301,4317,4300,-1,4300,4317,4318,-1,4300,4318,4299,-1,4299,4318,4319,-1,4299,4319,4298,-1,4298,4319,4320,-1,4298,4320,4297,-1,4297,4320,4321,-1,4297,4321,4296,-1,4296,4321,4322,-1,4296,4322,4311,-1,680,692,4303,-1,680,4303,4323,-1,4323,4303,4304,-1,4323,4304,4324,-1,4324,4304,4305,-1,4324,4305,4325,-1,4325,4305,4306,-1,4325,4306,4326,-1,4326,4306,4307,-1,4326,4307,4327,-1,4327,4307,4308,-1,4327,4308,4328,-1,4328,4308,4309,-1,4328,4309,4329,-1,4329,4309,4310,-1,4329,4310,4330,-1,4330,4310,1394,-1,4330,1394,1395,-1,1379,1377,4314,-1,1386,1379,4331,-1,4331,1379,4314,-1,4331,4314,4332,-1,4332,4314,4313,-1,4332,4313,4333,-1,681,682,4315,-1,4315,682,4334,-1,4315,4334,4316,-1,4316,4334,4335,-1,4316,4335,4317,-1,4317,4335,4336,-1,4317,4336,4318,-1,4318,4336,4337,-1,4318,4337,4319,-1,4319,4337,4338,-1,4319,4338,4320,-1,4320,4338,4339,-1,4320,4339,4321,-1,4321,4339,4340,-1,4321,4340,4322,-1,4322,4340,4341,-1,4322,4341,4311,-1,4311,4341,4333,-1,4311,4333,4312,-1,4312,4333,4313,-1,679,680,4342,-1,4342,680,4323,-1,4342,4323,4343,-1,4343,4323,4324,-1,4343,4324,4344,-1,4344,4324,4325,-1,4344,4325,4345,-1,4345,4325,4326,-1,4345,4326,4346,-1,4346,4326,4327,-1,4346,4327,4347,-1,4327,4328,4347,-1,4347,4328,4329,-1,4347,4329,4348,-1,4348,4329,4330,-1,4348,4330,4349,-1,4349,4330,1395,-1,4349,1395,1397,-1,1387,1386,4350,-1,4350,1386,4331,-1,4350,4331,4351,-1,4351,4331,4332,-1,4351,4332,4352,-1,4352,4332,4333,-1,4352,4333,4353,-1,4353,4333,4341,-1,4353,4341,4354,-1,4354,4341,4340,-1,4354,4340,4355,-1,4355,4340,4339,-1,4355,4339,4356,-1,4356,4339,4338,-1,4356,4338,4357,-1,4357,4338,4337,-1,4357,4337,4358,-1,4358,4337,4336,-1,4358,4336,4359,-1,4359,4336,4335,-1,4359,4335,4360,-1,4360,4335,4334,-1,4360,4334,683,-1,683,4334,682,-1,678,679,4342,-1,678,4342,4361,-1,4361,4342,4343,-1,4361,4343,4362,-1,4362,4343,4344,-1,4362,4344,4363,-1,4363,4344,4345,-1,4363,4345,4364,-1,4364,4345,4346,-1,4364,4346,4365,-1,4365,4346,4347,-1,4365,4347,4366,-1,4366,4347,4367,-1,4367,4347,4348,-1,4367,4348,4368,-1,4368,4348,4369,-1,4369,4348,4349,-1,4369,4349,4370,-1,4370,4349,4371,-1,4371,4349,1397,-1,4371,1397,1382,-1,1384,1387,4350,-1,1356,1384,4372,-1,4372,1384,4350,-1,4372,4350,4373,-1,4350,4351,4373,-1,4373,4351,4352,-1,4373,4352,4374,-1,4352,4353,4374,-1,4374,4353,4354,-1,4374,4354,4375,-1,4375,4354,4355,-1,4360,683,667,-1,4355,4356,4375,-1,4375,4356,4357,-1,4375,4357,4376,-1,4376,4357,4358,-1,4376,4358,4377,-1,4377,4358,4359,-1,4377,4359,4378,-1,4378,4359,4360,-1,4378,4360,4379,-1,4379,4360,667,-1,666,678,4380,-1,4380,678,4361,-1,4380,4361,4381,-1,4381,4361,4362,-1,4381,4362,4382,-1,4382,4362,4363,-1,4382,4363,4383,-1,4383,4363,4364,-1,4383,4364,4384,-1,4384,4364,4365,-1,4384,4365,4385,-1,4385,4365,4366,-1,4385,4366,4386,-1,4386,4366,4367,-1,4386,4367,4387,-1,4387,4367,4368,-1,4387,4368,4388,-1,4388,4368,4369,-1,4388,4369,4389,-1,4389,4369,4370,-1,4389,4370,4390,-1,4390,4370,4391,-1,4370,4371,4391,-1,4391,4371,1382,-1,4391,1382,1383,-1,1358,1356,4372,-1,1374,1358,4392,-1,4392,1358,4372,-1,4392,4372,4393,-1,4393,4372,4373,-1,4374,4394,4373,-1,4373,4394,4395,-1,4373,4395,4393,-1,4375,4396,4374,-1,4374,4396,4397,-1,4374,4397,4394,-1,667,668,4379,-1,4379,668,4398,-1,4379,4398,4378,-1,4378,4398,4399,-1,4378,4399,4377,-1,4377,4399,4400,-1,4377,4400,4376,-1,4376,4400,4401,-1,4376,4401,4375,-1,4375,4401,4402,-1,4375,4402,4396,-1,665,666,4403,-1,4403,666,4380,-1,4403,4380,4404,-1,4380,4381,4404,-1,4404,4381,4382,-1,4404,4382,4405,-1,4405,4382,4383,-1,4405,4383,4406,-1,4406,4383,4384,-1,4406,4384,4407,-1,4407,4384,4385,-1,4407,4385,4408,-1,4408,4385,4386,-1,4408,4386,4409,-1,4386,4387,4409,-1,4409,4387,4388,-1,4409,4388,4410,-1,4388,4389,4410,-1,4410,4389,4390,-1,4410,4390,1385,-1,1385,4390,4391,-1,1385,4391,1383,-1,1374,4392,1375,-1,1375,4392,4411,-1,4392,4393,4411,-1,4411,4393,4395,-1,4411,4395,4412,-1,4395,4394,4412,-1,4412,4394,4397,-1,4412,4397,4413,-1,4397,4396,4413,-1,4413,4396,4402,-1,4413,4402,4414,-1,4414,4402,4401,-1,4414,4401,4415,-1,4415,4401,4400,-1,4415,4400,4416,-1,4416,4400,4399,-1,4416,4399,4417,-1,4417,4399,4398,-1,4417,4398,4418,-1,4418,4398,668,-1,4418,668,669,-1,664,665,4403,-1,664,4403,4419,-1,4419,4403,4404,-1,4419,4404,4420,-1,4420,4404,4421,-1,4421,4404,4405,-1,4421,4405,4422,-1,4422,4405,4406,-1,4422,4406,4423,-1,4423,4406,4407,-1,4423,4407,4424,-1,4407,4408,4424,-1,4424,4408,4409,-1,4424,4409,4425,-1,4425,4409,4410,-1,4425,4410,4426,-1,4426,4410,1385,-1,4426,1385,1361,-1,4427,1364,1368,-1,4413,4428,4412,-1,4412,4428,4427,-1,4412,4427,4411,-1,4411,4427,1368,-1,4411,1368,1375,-1,669,653,4418,-1,4418,653,4429,-1,4418,4429,4417,-1,4417,4429,4430,-1,4417,4430,4416,-1,4416,4430,4431,-1,4416,4431,4415,-1,4415,4431,4432,-1,4415,4432,4414,-1,4414,4432,4433,-1,4414,4433,4413,-1,4413,4433,4434,-1,4413,4434,4428,-1,652,664,4419,-1,652,4419,4435,-1,4435,4419,4420,-1,4435,4420,4436,-1,4436,4420,4421,-1,4436,4421,4437,-1,4437,4421,4422,-1,4437,4422,4438,-1,4438,4422,4423,-1,4438,4423,4439,-1,4439,4423,4424,-1,4439,4424,4440,-1,4440,4424,4425,-1,4440,4425,4441,-1,4441,4425,4426,-1,4441,4426,4442,-1,4442,4426,1361,-1,4442,1361,1362,-1,1366,1364,4427,-1,4443,1352,1366,-1,1366,4427,4443,-1,4443,4427,4428,-1,4443,4428,4444,-1,4444,4428,4434,-1,4444,4434,4445,-1,4445,4434,4433,-1,4445,4433,4446,-1,4446,4433,4432,-1,4446,4432,4447,-1,4447,4432,4431,-1,4447,4431,4448,-1,4448,4431,4430,-1,4448,4430,4449,-1,4449,4430,4429,-1,4449,4429,4450,-1,4450,4429,653,-1,4450,653,654,-1,651,652,4451,-1,4451,652,4435,-1,4451,4435,4452,-1,4452,4435,4436,-1,4452,4436,4453,-1,4453,4436,4437,-1,4453,4437,4454,-1,4454,4437,4438,-1,4454,4438,4455,-1,4455,4438,4439,-1,4455,4439,4456,-1,4439,4440,4456,-1,4456,4440,4441,-1,4456,4441,4457,-1,4457,4441,4442,-1,4457,4442,4458,-1,4458,4442,1362,-1,4458,1362,1373,-1,4447,4459,4460,-1,4447,4460,4446,-1,4446,4460,4461,-1,4446,4461,4445,-1,4445,4461,4462,-1,4445,4462,4444,-1,4444,4462,4463,-1,4444,4463,4443,-1,4443,4463,1353,-1,4443,1353,1352,-1,4459,4447,4464,-1,4464,4447,4448,-1,4464,4448,4465,-1,4448,4449,4465,-1,4465,4449,4450,-1,4465,4450,4466,-1,4466,4450,654,-1,4466,654,655,-1,650,651,4451,-1,650,4451,4467,-1,4467,4451,4452,-1,4467,4452,4468,-1,4468,4452,4453,-1,4468,4453,4469,-1,4469,4453,4454,-1,4469,4454,4470,-1,4470,4454,4455,-1,4470,4455,4471,-1,4471,4455,4456,-1,4471,4456,4472,-1,4472,4456,4457,-1,4472,4457,4473,-1,4473,4457,4458,-1,4473,4458,4474,-1,4474,4458,1373,-1,4474,1373,1372,-1,1353,4463,1354,-1,1354,4463,4475,-1,1354,4475,1371,-1,4462,4476,4463,-1,4463,4476,4477,-1,4463,4477,4475,-1,4461,4478,4462,-1,4462,4478,4479,-1,4462,4479,4476,-1,655,268,4466,-1,4466,268,4480,-1,4466,4480,4465,-1,4465,4480,4481,-1,4465,4481,4464,-1,4464,4481,4482,-1,4464,4482,4459,-1,4459,4482,4483,-1,4459,4483,4460,-1,4460,4483,4484,-1,4460,4484,4461,-1,4461,4484,4485,-1,4461,4485,4478,-1,266,650,4467,-1,266,4467,4486,-1,4486,4467,4468,-1,4486,4468,4487,-1,4487,4468,4469,-1,4487,4469,4488,-1,4488,4469,4470,-1,4488,4470,4489,-1,4489,4470,4471,-1,4489,4471,4490,-1,4490,4471,4472,-1,4490,4472,4491,-1,4491,4472,4492,-1,4492,4472,4473,-1,4492,4473,4493,-1,4493,4473,4494,-1,4494,4473,4474,-1,4494,4474,4495,-1,4495,4474,4496,-1,4496,4474,1372,-1,4496,1372,1369,-1,1369,1371,4475,-1,4488,4489,4484,-1,4484,4489,4490,-1,4484,4490,4485,-1,4485,4490,4491,-1,4485,4491,4478,-1,4478,4491,4492,-1,4478,4492,4479,-1,4479,4492,4493,-1,4479,4493,4476,-1,4476,4493,4494,-1,4476,4494,4477,-1,4477,4494,4495,-1,4477,4495,4475,-1,4475,4495,4496,-1,4475,4496,1369,-1,4484,4483,4488,-1,4488,4483,4482,-1,4488,4482,4487,-1,4487,4482,4481,-1,4487,4481,4486,-1,4481,4480,4486,-1,4486,4480,268,-1,4486,268,266,-1,1367,1370,4497,-1,1367,4497,4498,-1,4498,4497,4499,-1,4498,4499,4500,-1,4500,4499,4501,-1,4500,4501,4502,-1,4502,4501,1987,-1,4502,1987,1985,-1,1365,1367,4498,-1,1365,4498,4503,-1,4503,4498,4500,-1,4503,4500,4504,-1,4504,4500,4502,-1,4504,4502,4505,-1,4505,4502,1985,-1,4505,1985,1981,-1,1983,1987,4501,-1,1983,4501,4506,-1,4506,4501,4499,-1,4506,4499,4507,-1,4507,4499,4497,-1,4507,4497,4508,-1,4508,4497,1370,-1,4508,1370,1363,-1,1363,1365,4503,-1,1363,4503,4508,-1,4508,4503,4504,-1,4508,4504,4507,-1,4507,4504,4505,-1,4507,4505,4506,-1,4506,4505,1981,-1,4506,1981,1983,-1,1359,1360,4509,-1,1359,4509,4510,-1,4510,4509,4511,-1,4510,4511,4512,-1,4512,4511,4513,-1,4512,4513,4514,-1,4514,4513,1996,-1,4514,1996,1994,-1,1357,1359,4510,-1,1357,4510,4515,-1,4515,4510,4512,-1,4515,4512,4516,-1,4516,4512,4514,-1,4516,4514,4517,-1,4517,4514,1994,-1,4517,1994,1992,-1,1990,1996,4513,-1,1990,4513,4518,-1,4518,4513,4511,-1,4518,4511,4519,-1,4519,4511,4509,-1,4519,4509,4520,-1,4520,4509,1360,-1,4520,1360,1355,-1,1355,1357,4515,-1,1355,4515,4520,-1,4520,4515,4516,-1,4520,4516,4519,-1,4519,4516,4517,-1,4519,4517,4518,-1,4518,4517,1992,-1,4518,1992,1990,-1,1380,1381,4521,-1,1380,4521,4522,-1,4522,4521,4523,-1,4522,4523,4524,-1,4524,4523,4525,-1,4524,4525,4526,-1,4526,4525,2004,-1,4526,2004,2002,-1,1378,1380,4522,-1,1378,4522,4527,-1,4527,4522,4524,-1,4527,4524,4528,-1,4528,4524,4526,-1,4528,4526,4529,-1,4529,4526,2002,-1,4529,2002,2000,-1,1998,2004,4525,-1,1998,4525,4530,-1,4530,4525,4523,-1,4530,4523,4531,-1,4531,4523,4521,-1,4531,4521,4532,-1,4532,4521,1381,-1,4532,1381,1376,-1,1376,1378,4527,-1,1376,4527,4532,-1,4532,4527,4528,-1,4532,4528,4531,-1,4531,4528,4529,-1,4531,4529,4530,-1,4530,4529,2000,-1,4530,2000,1998,-1,1392,1393,4533,-1,1392,4533,4534,-1,4534,4533,4535,-1,4534,4535,4536,-1,4536,4535,4537,-1,4536,4537,4538,-1,4538,4537,2012,-1,4538,2012,2010,-1,1390,1392,4534,-1,1390,4534,4539,-1,4539,4534,4536,-1,4539,4536,4540,-1,4540,4536,4538,-1,4540,4538,4541,-1,4541,4538,2010,-1,4541,2010,2008,-1,2006,2012,4537,-1,2006,4537,4542,-1,4542,4537,4535,-1,4542,4535,4543,-1,4543,4535,4533,-1,4543,4533,4544,-1,4544,4533,1393,-1,4544,1393,1388,-1,1388,1390,4539,-1,1388,4539,4544,-1,4544,4539,4540,-1,4544,4540,4543,-1,4543,4540,4541,-1,4543,4541,4542,-1,4542,4541,2008,-1,4542,2008,2006,-1,1404,1405,4545,-1,1404,4545,4546,-1,4546,4545,4547,-1,4546,4547,4548,-1,4548,4547,4549,-1,4548,4549,4550,-1,4550,4549,2020,-1,4550,2020,2018,-1,1402,1404,4546,-1,1402,4546,4551,-1,4551,4546,4548,-1,4551,4548,4552,-1,4552,4548,4550,-1,4552,4550,4553,-1,4553,4550,2018,-1,4553,2018,2016,-1,2014,2020,4549,-1,2014,4549,4554,-1,4554,4549,4547,-1,4554,4547,4555,-1,4555,4547,4545,-1,4555,4545,4556,-1,4556,4545,1405,-1,4556,1405,1400,-1,1400,1402,4551,-1,1400,4551,4556,-1,4556,4551,4552,-1,4556,4552,4555,-1,4555,4552,4553,-1,4555,4553,4554,-1,4554,4553,2016,-1,4554,2016,2014,-1,1424,1425,4557,-1,1424,4557,4558,-1,4558,4557,4559,-1,4558,4559,4560,-1,4560,4559,4561,-1,4560,4561,4562,-1,4562,4561,2028,-1,4562,2028,2026,-1,1422,1424,4558,-1,1422,4558,4563,-1,4563,4558,4560,-1,4563,4560,4564,-1,4564,4560,4562,-1,4564,4562,4565,-1,4565,4562,2026,-1,4565,2026,2024,-1,2022,2028,4561,-1,2022,4561,4566,-1,4566,4561,4559,-1,4566,4559,4567,-1,4567,4559,4557,-1,4567,4557,4568,-1,4568,4557,1425,-1,4568,1425,1420,-1,1420,1422,4563,-1,1420,4563,4568,-1,4568,4563,4564,-1,4568,4564,4567,-1,4567,4564,4565,-1,4567,4565,4566,-1,4566,4565,2024,-1,4566,2024,2022,-1,1416,1417,4569,-1,1416,4569,4570,-1,4570,4569,4571,-1,4570,4571,4572,-1,4572,4571,4573,-1,4572,4573,4574,-1,4574,4573,2036,-1,4574,2036,2034,-1,1414,1416,4570,-1,1414,4570,4575,-1,4575,4570,4572,-1,4575,4572,4576,-1,4576,4572,4574,-1,4576,4574,4577,-1,4577,4574,2034,-1,4577,2034,2032,-1,2030,2036,4573,-1,2030,4573,4578,-1,4578,4573,4571,-1,4578,4571,4579,-1,4579,4571,4569,-1,4579,4569,4580,-1,4580,4569,1417,-1,4580,1417,1412,-1,1412,1414,4575,-1,1412,4575,4580,-1,4580,4575,4576,-1,4580,4576,4579,-1,4579,4576,4577,-1,4579,4577,4578,-1,4578,4577,2032,-1,4578,2032,2030,-1,1440,1441,4581,-1,1440,4581,4582,-1,4582,4581,4583,-1,4582,4583,4584,-1,4584,4583,4585,-1,4584,4585,4586,-1,4586,4585,2044,-1,4586,2044,2042,-1,1438,1440,4582,-1,1438,4582,4587,-1,4587,4582,4584,-1,4587,4584,4588,-1,4588,4584,4586,-1,4588,4586,4589,-1,4589,4586,2042,-1,4589,2042,2040,-1,2038,2044,4585,-1,2038,4585,4590,-1,4590,4585,4583,-1,4590,4583,4591,-1,4591,4583,4581,-1,4591,4581,4592,-1,4592,4581,1441,-1,4592,1441,1436,-1,1436,1438,4587,-1,1436,4587,4592,-1,4592,4587,4588,-1,4592,4588,4591,-1,4591,4588,4589,-1,4591,4589,4590,-1,4590,4589,2040,-1,4590,2040,2038,-1,1452,1453,4593,-1,1452,4593,4594,-1,4594,4593,4595,-1,4594,4595,4596,-1,4596,4595,4597,-1,4596,4597,4598,-1,4598,4597,2052,-1,4598,2052,2050,-1,1450,1452,4594,-1,1450,4594,4599,-1,4599,4594,4596,-1,4599,4596,4600,-1,4600,4596,4598,-1,4600,4598,4601,-1,4601,4598,2050,-1,4601,2050,2048,-1,2046,2052,4597,-1,2046,4597,4602,-1,4602,4597,4595,-1,4602,4595,4603,-1,4603,4595,4593,-1,4603,4593,4604,-1,4604,4593,1453,-1,4604,1453,1448,-1,1448,1450,4599,-1,1448,4599,4604,-1,4604,4599,4600,-1,4604,4600,4603,-1,4603,4600,4601,-1,4603,4601,4602,-1,4602,4601,2048,-1,4602,2048,2046,-1,1464,1465,4605,-1,1464,4605,4606,-1,4606,4605,4607,-1,4606,4607,4608,-1,4608,4607,4609,-1,4608,4609,4610,-1,4610,4609,2060,-1,4610,2060,2058,-1,1462,1464,4606,-1,1462,4606,4611,-1,4611,4606,4608,-1,4611,4608,4612,-1,4612,4608,4610,-1,4612,4610,4613,-1,4613,4610,2058,-1,4613,2058,2056,-1,2054,2060,4609,-1,2054,4609,4614,-1,4614,4609,4607,-1,4614,4607,4615,-1,4615,4607,4605,-1,4615,4605,4616,-1,4616,4605,1465,-1,4616,1465,1460,-1,1460,1462,4611,-1,1460,4611,4616,-1,4616,4611,4612,-1,4616,4612,4615,-1,4615,4612,4613,-1,4615,4613,4614,-1,4614,4613,2056,-1,4614,2056,2054,-1,1488,1480,4617,-1,1488,4617,4618,-1,4618,4617,4619,-1,4618,4619,4620,-1,4620,4619,4621,-1,4620,4621,4622,-1,4622,4621,2068,-1,4622,2068,2066,-1,1486,1488,4618,-1,1486,4618,4623,-1,4623,4618,4620,-1,4623,4620,4624,-1,4624,4620,4622,-1,4624,4622,4625,-1,4625,4622,2066,-1,4625,2066,2064,-1,2062,2068,4621,-1,2062,4621,4626,-1,4626,4621,4619,-1,4626,4619,4627,-1,4627,4619,4617,-1,4627,4617,4628,-1,4628,4617,1480,-1,4628,1480,1478,-1,1478,1486,4623,-1,1478,4623,4628,-1,4628,4623,4624,-1,4628,4624,4627,-1,4627,4624,4625,-1,4627,4625,4626,-1,4626,4625,2064,-1,4626,2064,2062,-1,1476,1483,4629,-1,1476,4629,4630,-1,4630,4629,4631,-1,4630,4631,4632,-1,4632,4631,4633,-1,4632,4633,4634,-1,4634,4633,2076,-1,4634,2076,2074,-1,1474,1476,4630,-1,1474,4630,4635,-1,4635,4630,4632,-1,4635,4632,4636,-1,4636,4632,4634,-1,4636,4634,4637,-1,4637,4634,2074,-1,4637,2074,2072,-1,2070,2076,4633,-1,2070,4633,4638,-1,4638,4633,4631,-1,4638,4631,4639,-1,4639,4631,4629,-1,4639,4629,4640,-1,4640,4629,1483,-1,4640,1483,1472,-1,1472,1474,4635,-1,1472,4635,4640,-1,4640,4635,4636,-1,4640,4636,4639,-1,4639,4636,4637,-1,4639,4637,4638,-1,4638,4637,2072,-1,4638,2072,2070,-1,1499,1500,4641,-1,1499,4641,4642,-1,4642,4641,4643,-1,4642,4643,4644,-1,4644,4643,4645,-1,4644,4645,4646,-1,4646,4645,2084,-1,4646,2084,2082,-1,1497,1499,4642,-1,1497,4642,4647,-1,4647,4642,4644,-1,4647,4644,4648,-1,4648,4644,4646,-1,4648,4646,4649,-1,4649,4646,2082,-1,4649,2082,2080,-1,2078,2084,4645,-1,2078,4645,4650,-1,4650,4645,4643,-1,4650,4643,4651,-1,4651,4643,4641,-1,4651,4641,4652,-1,4652,4641,1500,-1,4652,1500,1495,-1,1495,1497,4647,-1,1495,4647,4652,-1,4652,4647,4648,-1,4652,4648,4651,-1,4651,4648,4649,-1,4651,4649,4650,-1,4650,4649,2080,-1,4650,2080,2078,-1,1512,1513,4653,-1,1512,4653,4654,-1,4654,4653,4655,-1,4654,4655,4656,-1,4656,4655,4657,-1,4656,4657,4658,-1,4658,4657,2092,-1,4658,2092,2090,-1,1510,1512,4654,-1,1510,4654,4659,-1,4659,4654,4656,-1,4659,4656,4660,-1,4660,4656,4658,-1,4660,4658,4661,-1,4661,4658,2090,-1,4661,2090,2088,-1,2086,2092,4657,-1,2086,4657,4662,-1,4662,4657,4655,-1,4662,4655,4663,-1,4663,4655,4653,-1,4663,4653,4664,-1,4664,4653,1513,-1,4664,1513,1508,-1,1508,1510,4659,-1,1508,4659,4664,-1,4664,4659,4660,-1,4664,4660,4663,-1,4663,4660,4661,-1,4663,4661,4662,-1,4662,4661,2088,-1,4662,2088,2086,-1,1524,1525,4665,-1,1524,4665,4666,-1,4666,4665,4667,-1,4666,4667,4668,-1,4668,4667,4669,-1,4668,4669,4670,-1,4670,4669,2100,-1,4670,2100,2098,-1,1522,1524,4666,-1,1522,4666,4671,-1,4671,4666,4668,-1,4671,4668,4672,-1,4672,4668,4670,-1,4672,4670,4673,-1,4673,4670,2098,-1,4673,2098,2096,-1,2094,2100,4669,-1,2094,4669,4674,-1,4674,4669,4667,-1,4674,4667,4675,-1,4675,4667,4665,-1,4675,4665,4676,-1,4676,4665,1525,-1,4676,1525,1520,-1,1520,1522,4671,-1,1520,4671,4676,-1,4676,4671,4672,-1,4676,4672,4675,-1,4675,4672,4673,-1,4675,4673,4674,-1,4674,4673,2096,-1,4674,2096,2094,-1,1544,1545,4677,-1,1544,4677,4678,-1,4678,4677,4679,-1,4678,4679,4680,-1,4680,4679,4681,-1,4680,4681,4682,-1,4682,4681,2108,-1,4682,2108,2106,-1,1542,1544,4678,-1,1542,4678,4683,-1,4683,4678,4680,-1,4683,4680,4684,-1,4684,4680,4682,-1,4684,4682,4685,-1,4685,4682,2106,-1,4685,2106,2104,-1,2102,2108,4681,-1,2102,4681,4686,-1,4686,4681,4679,-1,4686,4679,4687,-1,4687,4679,4677,-1,4687,4677,4688,-1,4688,4677,1545,-1,4688,1545,1540,-1,1540,1542,4683,-1,1540,4683,4688,-1,4688,4683,4684,-1,4688,4684,4687,-1,4687,4684,4685,-1,4687,4685,4686,-1,4686,4685,2104,-1,4686,2104,2102,-1,1536,1537,4689,-1,1536,4689,4690,-1,4690,4689,4691,-1,4690,4691,4692,-1,4692,4691,4693,-1,4692,4693,4694,-1,4694,4693,2116,-1,4694,2116,2114,-1,1534,1536,4690,-1,1534,4690,4695,-1,4695,4690,4692,-1,4695,4692,4696,-1,4696,4692,4694,-1,4696,4694,4697,-1,4697,4694,2114,-1,4697,2114,2112,-1,2110,2116,4693,-1,2110,4693,4698,-1,4698,4693,4691,-1,4698,4691,4699,-1,4699,4691,4689,-1,4699,4689,4700,-1,4700,4689,1537,-1,4700,1537,1532,-1,1532,1534,4695,-1,1532,4695,4700,-1,4700,4695,4696,-1,4700,4696,4699,-1,4699,4696,4697,-1,4699,4697,4698,-1,4698,4697,2112,-1,4698,2112,2110,-1,1560,1561,4701,-1,1560,4701,4702,-1,4702,4701,4703,-1,4702,4703,4704,-1,4704,4703,4705,-1,4704,4705,4706,-1,4706,4705,2124,-1,4706,2124,2122,-1,1558,1560,4702,-1,1558,4702,4707,-1,4707,4702,4704,-1,4707,4704,4708,-1,4708,4704,4706,-1,4708,4706,4709,-1,4709,4706,2122,-1,4709,2122,2120,-1,2118,2124,4705,-1,2118,4705,4710,-1,4710,4705,4703,-1,4710,4703,4711,-1,4711,4703,4701,-1,4711,4701,4712,-1,4712,4701,1561,-1,4712,1561,1556,-1,1556,1558,4707,-1,1556,4707,4712,-1,4712,4707,4708,-1,4712,4708,4711,-1,4711,4708,4709,-1,4711,4709,4710,-1,4710,4709,2120,-1,4710,2120,2118,-1,1572,1573,4713,-1,1572,4713,4714,-1,4714,4713,4715,-1,4714,4715,4716,-1,4716,4715,4717,-1,4716,4717,4718,-1,4718,4717,2132,-1,4718,2132,2130,-1,1570,1572,4714,-1,1570,4714,4719,-1,4719,4714,4716,-1,4719,4716,4720,-1,4720,4716,4718,-1,4720,4718,4721,-1,4721,4718,2130,-1,4721,2130,2128,-1,2126,2132,4717,-1,2126,4717,4722,-1,4722,4717,4715,-1,4722,4715,4723,-1,4723,4715,4713,-1,4723,4713,4724,-1,4724,4713,1573,-1,4724,1573,1568,-1,1568,1570,4719,-1,1568,4719,4724,-1,4724,4719,4720,-1,4724,4720,4723,-1,4723,4720,4721,-1,4723,4721,4722,-1,4722,4721,2128,-1,4722,2128,2126,-1,1584,1585,4725,-1,1584,4725,4726,-1,4726,4725,4727,-1,4726,4727,4728,-1,4728,4727,4729,-1,4728,4729,4730,-1,4730,4729,2140,-1,4730,2140,2138,-1,1582,1584,4726,-1,1582,4726,4731,-1,4731,4726,4728,-1,4731,4728,4732,-1,4732,4728,4730,-1,4732,4730,4733,-1,4733,4730,2138,-1,4733,2138,2136,-1,2134,2140,4729,-1,2134,4729,4734,-1,4734,4729,4727,-1,4734,4727,4735,-1,4735,4727,4725,-1,4735,4725,4736,-1,4736,4725,1585,-1,4736,1585,1580,-1,1580,1582,4731,-1,1580,4731,4736,-1,4736,4731,4732,-1,4736,4732,4735,-1,4735,4732,4733,-1,4735,4733,4734,-1,4734,4733,2136,-1,4734,2136,2134,-1,1608,1600,4737,-1,1608,4737,4738,-1,4738,4737,4739,-1,4738,4739,4740,-1,4740,4739,4741,-1,4740,4741,4742,-1,4742,4741,2148,-1,4742,2148,2146,-1,1606,1608,4738,-1,1606,4738,4743,-1,4743,4738,4740,-1,4743,4740,4744,-1,4744,4740,4742,-1,4744,4742,4745,-1,4745,4742,2146,-1,4745,2146,2144,-1,2142,2148,4741,-1,2142,4741,4746,-1,4746,4741,4739,-1,4746,4739,4747,-1,4747,4739,4737,-1,4747,4737,4748,-1,4748,4737,1600,-1,4748,1600,1598,-1,1598,1606,4743,-1,1598,4743,4748,-1,4748,4743,4744,-1,4748,4744,4747,-1,4747,4744,4745,-1,4747,4745,4746,-1,4746,4745,2144,-1,4746,2144,2142,-1,1596,1603,4749,-1,1596,4749,4750,-1,4750,4749,4751,-1,4750,4751,4752,-1,4752,4751,4753,-1,4752,4753,4754,-1,4754,4753,2156,-1,4754,2156,2154,-1,1594,1596,4750,-1,1594,4750,4755,-1,4755,4750,4752,-1,4755,4752,4756,-1,4756,4752,4754,-1,4756,4754,4757,-1,4757,4754,2154,-1,4757,2154,2152,-1,2150,2156,4753,-1,2150,4753,4758,-1,4758,4753,4751,-1,4758,4751,4759,-1,4759,4751,4749,-1,4759,4749,4760,-1,4760,4749,1603,-1,4760,1603,1592,-1,1592,1594,4755,-1,1592,4755,4760,-1,4760,4755,4756,-1,4760,4756,4759,-1,4759,4756,4757,-1,4759,4757,4758,-1,4758,4757,2152,-1,4758,2152,2150,-1,1619,1620,4761,-1,1619,4761,4762,-1,4762,4761,4763,-1,4762,4763,4764,-1,4764,4763,4765,-1,4764,4765,4766,-1,4766,4765,2164,-1,4766,2164,2162,-1,1617,1619,4762,-1,1617,4762,4767,-1,4767,4762,4764,-1,4767,4764,4768,-1,4768,4764,4766,-1,4768,4766,4769,-1,4769,4766,2162,-1,4769,2162,2160,-1,2158,2164,4765,-1,2158,4765,4770,-1,4770,4765,4763,-1,4770,4763,4771,-1,4771,4763,4761,-1,4771,4761,4772,-1,4772,4761,1620,-1,4772,1620,1615,-1,1615,1617,4767,-1,1615,4767,4772,-1,4772,4767,4768,-1,4772,4768,4771,-1,4771,4768,4769,-1,4771,4769,4770,-1,4770,4769,2160,-1,4770,2160,2158,-1,1632,1633,4773,-1,1632,4773,4774,-1,4774,4773,4775,-1,4774,4775,4776,-1,4776,4775,4777,-1,4776,4777,4778,-1,4778,4777,2172,-1,4778,2172,2170,-1,1630,1632,4774,-1,1630,4774,4779,-1,4779,4774,4776,-1,4779,4776,4780,-1,4780,4776,4778,-1,4780,4778,4781,-1,4781,4778,2170,-1,4781,2170,2168,-1,2166,2172,4777,-1,2166,4777,4782,-1,4782,4777,4775,-1,4782,4775,4783,-1,4783,4775,4773,-1,4783,4773,4784,-1,4784,4773,1633,-1,4784,1633,1628,-1,1628,1630,4779,-1,1628,4779,4784,-1,4784,4779,4780,-1,4784,4780,4783,-1,4783,4780,4781,-1,4783,4781,4782,-1,4782,4781,2168,-1,4782,2168,2166,-1,1644,1645,4785,-1,1644,4785,4786,-1,4786,4785,4787,-1,4786,4787,4788,-1,4788,4787,4789,-1,4788,4789,4790,-1,4790,4789,2180,-1,4790,2180,2178,-1,1642,1644,4786,-1,1642,4786,4791,-1,4791,4786,4788,-1,4791,4788,4792,-1,4792,4788,4790,-1,4792,4790,4793,-1,4793,4790,2178,-1,4793,2178,2176,-1,2174,2180,4789,-1,2174,4789,4794,-1,4794,4789,4787,-1,4794,4787,4795,-1,4795,4787,4785,-1,4795,4785,4796,-1,4796,4785,1645,-1,4796,1645,1640,-1,1640,1642,4791,-1,1640,4791,4796,-1,4796,4791,4792,-1,4796,4792,4795,-1,4795,4792,4793,-1,4795,4793,4794,-1,4794,4793,2176,-1,4794,2176,2174,-1,1664,1665,4797,-1,1664,4797,4798,-1,4798,4797,4799,-1,4798,4799,4800,-1,4800,4799,4801,-1,4800,4801,4802,-1,4802,4801,2188,-1,4802,2188,2186,-1,1662,1664,4798,-1,1662,4798,4803,-1,4803,4798,4800,-1,4803,4800,4804,-1,4804,4800,4802,-1,4804,4802,4805,-1,4805,4802,2186,-1,4805,2186,2184,-1,2182,2188,4801,-1,2182,4801,4806,-1,4806,4801,4799,-1,4806,4799,4807,-1,4807,4799,4797,-1,4807,4797,4808,-1,4808,4797,1665,-1,4808,1665,1660,-1,1660,1662,4803,-1,1660,4803,4808,-1,4808,4803,4804,-1,4808,4804,4807,-1,4807,4804,4805,-1,4807,4805,4806,-1,4806,4805,2184,-1,4806,2184,2182,-1,1656,1657,4809,-1,1656,4809,4810,-1,4810,4809,4811,-1,4810,4811,4812,-1,4812,4811,4813,-1,4812,4813,4814,-1,4814,4813,2196,-1,4814,2196,2194,-1,1654,1656,4810,-1,1654,4810,4815,-1,4815,4810,4812,-1,4815,4812,4816,-1,4816,4812,4814,-1,4816,4814,4817,-1,4817,4814,2194,-1,4817,2194,2192,-1,2190,2196,4813,-1,2190,4813,4818,-1,4818,4813,4811,-1,4818,4811,4819,-1,4819,4811,4809,-1,4819,4809,4820,-1,4820,4809,1657,-1,4820,1657,1652,-1,1652,1654,4815,-1,1652,4815,4820,-1,4820,4815,4816,-1,4820,4816,4819,-1,4819,4816,4817,-1,4819,4817,4818,-1,4818,4817,2192,-1,4818,2192,2190,-1,1680,1681,4821,-1,1680,4821,4822,-1,4822,4821,4823,-1,4822,4823,4824,-1,4824,4823,4825,-1,4824,4825,4826,-1,4826,4825,2204,-1,4826,2204,2202,-1,1678,1680,4822,-1,1678,4822,4827,-1,4827,4822,4824,-1,4827,4824,4828,-1,4828,4824,4826,-1,4828,4826,4829,-1,4829,4826,2202,-1,4829,2202,2200,-1,2198,2204,4825,-1,2198,4825,4830,-1,4830,4825,4823,-1,4830,4823,4831,-1,4831,4823,4821,-1,4831,4821,4832,-1,4832,4821,1681,-1,4832,1681,1676,-1,1676,1678,4827,-1,1676,4827,4832,-1,4832,4827,4828,-1,4832,4828,4831,-1,4831,4828,4829,-1,4831,4829,4830,-1,4830,4829,2200,-1,4830,2200,2198,-1,1692,1693,4833,-1,1692,4833,4834,-1,4834,4833,4835,-1,4834,4835,4836,-1,4836,4835,4837,-1,4836,4837,4838,-1,4838,4837,2212,-1,4838,2212,2210,-1,1690,1692,4834,-1,1690,4834,4839,-1,4839,4834,4836,-1,4839,4836,4840,-1,4840,4836,4838,-1,4840,4838,4841,-1,4841,4838,2210,-1,4841,2210,2208,-1,2206,2212,4837,-1,2206,4837,4842,-1,4842,4837,4835,-1,4842,4835,4843,-1,4843,4835,4833,-1,4843,4833,4844,-1,4844,4833,1693,-1,4844,1693,1688,-1,1688,1690,4839,-1,1688,4839,4844,-1,4844,4839,4840,-1,4844,4840,4843,-1,4843,4840,4841,-1,4843,4841,4842,-1,4842,4841,2208,-1,4842,2208,2206,-1,1704,1705,4845,-1,1704,4845,4846,-1,4846,4845,4847,-1,4846,4847,4848,-1,4848,4847,4849,-1,4848,4849,4850,-1,4850,4849,2220,-1,4850,2220,2218,-1,1702,1704,4846,-1,1702,4846,4851,-1,4851,4846,4848,-1,4851,4848,4852,-1,4852,4848,4850,-1,4852,4850,4853,-1,4853,4850,2218,-1,4853,2218,2216,-1,2214,2220,4849,-1,2214,4849,4854,-1,4854,4849,4847,-1,4854,4847,4855,-1,4855,4847,4845,-1,4855,4845,4856,-1,4856,4845,1705,-1,4856,1705,1700,-1,1700,1702,4851,-1,1700,4851,4856,-1,4856,4851,4852,-1,4856,4852,4855,-1,4855,4852,4853,-1,4855,4853,4854,-1,4854,4853,2216,-1,4854,2216,2214,-1,1724,1725,4857,-1,1724,4857,4858,-1,4858,4857,4859,-1,4858,4859,4860,-1,4860,4859,4861,-1,4860,4861,4862,-1,4862,4861,2228,-1,4862,2228,2226,-1,1722,1724,4858,-1,1722,4858,4863,-1,4863,4858,4860,-1,4863,4860,4864,-1,4864,4860,4862,-1,4864,4862,4865,-1,4865,4862,2226,-1,4865,2226,2224,-1,2222,2228,4861,-1,2222,4861,4866,-1,4866,4861,4859,-1,4866,4859,4867,-1,4867,4859,4857,-1,4867,4857,4868,-1,4868,4857,1725,-1,4868,1725,1720,-1,1720,1722,4863,-1,1720,4863,4868,-1,4868,4863,4864,-1,4868,4864,4867,-1,4867,4864,4865,-1,4867,4865,4866,-1,4866,4865,2224,-1,4866,2224,2222,-1,1716,1717,4869,-1,1716,4869,4870,-1,4870,4869,4871,-1,4870,4871,4872,-1,4872,4871,4873,-1,4872,4873,4874,-1,4874,4873,2236,-1,4874,2236,2234,-1,1714,1716,4870,-1,1714,4870,4875,-1,4875,4870,4872,-1,4875,4872,4876,-1,4876,4872,4874,-1,4876,4874,4877,-1,4877,4874,2234,-1,4877,2234,2232,-1,2230,2236,4873,-1,2230,4873,4878,-1,4878,4873,4871,-1,4878,4871,4879,-1,4879,4871,4869,-1,4879,4869,4880,-1,4880,4869,1717,-1,4880,1717,1712,-1,1712,1714,4875,-1,1712,4875,4880,-1,4880,4875,4876,-1,4880,4876,4879,-1,4879,4876,4877,-1,4879,4877,4878,-1,4878,4877,2232,-1,4878,2232,2230,-1,1740,1741,4881,-1,1740,4881,4882,-1,4882,4881,4883,-1,4882,4883,4884,-1,4884,4883,4885,-1,4884,4885,4886,-1,4886,4885,2244,-1,4886,2244,2242,-1,1738,1740,4882,-1,1738,4882,4887,-1,4887,4882,4884,-1,4887,4884,4888,-1,4888,4884,4886,-1,4888,4886,4889,-1,4889,4886,2242,-1,4889,2242,2240,-1,2238,2244,4885,-1,2238,4885,4890,-1,4890,4885,4883,-1,4890,4883,4891,-1,4891,4883,4881,-1,4891,4881,4892,-1,4892,4881,1741,-1,4892,1741,1736,-1,1736,1738,4887,-1,1736,4887,4892,-1,4892,4887,4888,-1,4892,4888,4891,-1,4891,4888,4889,-1,4891,4889,4890,-1,4890,4889,2240,-1,4890,2240,2238,-1,1752,1753,4893,-1,1752,4893,4894,-1,4894,4893,4895,-1,4894,4895,4896,-1,4896,4895,4897,-1,4896,4897,4898,-1,4898,4897,2252,-1,4898,2252,2250,-1,1750,1752,4894,-1,1750,4894,4899,-1,4899,4894,4896,-1,4899,4896,4900,-1,4900,4896,4898,-1,4900,4898,4901,-1,4901,4898,2250,-1,4901,2250,2248,-1,2246,2252,4897,-1,2246,4897,4902,-1,4902,4897,4895,-1,4902,4895,4903,-1,4903,4895,4893,-1,4903,4893,4904,-1,4904,4893,1753,-1,4904,1753,1748,-1,1748,1750,4899,-1,1748,4899,4904,-1,4904,4899,4900,-1,4904,4900,4903,-1,4903,4900,4901,-1,4903,4901,4902,-1,4902,4901,2248,-1,4902,2248,2246,-1,1764,1765,4905,-1,1764,4905,4906,-1,4906,4905,4907,-1,4906,4907,4908,-1,4908,4907,4909,-1,4908,4909,4910,-1,4910,4909,2260,-1,4910,2260,2258,-1,1762,1764,4906,-1,1762,4906,4911,-1,4911,4906,4908,-1,4911,4908,4912,-1,4912,4908,4910,-1,4912,4910,4913,-1,4913,4910,2258,-1,4913,2258,2256,-1,2254,2260,4909,-1,2254,4909,4914,-1,4914,4909,4907,-1,4914,4907,4915,-1,4915,4907,4905,-1,4915,4905,4916,-1,4916,4905,1765,-1,4916,1765,1760,-1,1760,1762,4911,-1,1760,4911,4916,-1,4916,4911,4912,-1,4916,4912,4915,-1,4915,4912,4913,-1,4915,4913,4914,-1,4914,4913,2256,-1,4914,2256,2254,-1,1776,1777,4917,-1,1776,4917,4918,-1,4918,4917,4919,-1,4918,4919,4920,-1,4920,4919,4921,-1,4920,4921,4922,-1,4922,4921,2268,-1,4922,2268,2266,-1,1774,1776,4918,-1,1774,4918,4923,-1,4923,4918,4920,-1,4923,4920,4924,-1,4924,4920,4922,-1,4924,4922,4925,-1,4925,4922,2266,-1,4925,2266,2264,-1,2262,2268,4921,-1,2262,4921,4926,-1,4926,4921,4919,-1,4926,4919,4927,-1,4927,4919,4917,-1,4927,4917,4928,-1,4928,4917,1777,-1,4928,1777,1772,-1,1772,1774,4923,-1,1772,4923,4928,-1,4928,4923,4924,-1,4928,4924,4927,-1,4927,4924,4925,-1,4927,4925,4926,-1,4926,4925,2264,-1,4926,2264,2262,-1,1788,1789,4929,-1,1788,4929,4930,-1,4930,4929,4931,-1,4930,4931,4932,-1,4932,4931,4933,-1,4932,4933,4934,-1,4934,4933,2276,-1,4934,2276,2274,-1,1786,1788,4930,-1,1786,4930,4935,-1,4935,4930,4932,-1,4935,4932,4936,-1,4936,4932,4934,-1,4936,4934,4937,-1,4937,4934,2274,-1,4937,2274,2272,-1,2270,2276,4933,-1,2270,4933,4938,-1,4938,4933,4931,-1,4938,4931,4939,-1,4939,4931,4929,-1,4939,4929,4940,-1,4940,4929,1789,-1,4940,1789,1784,-1,1784,1786,4935,-1,1784,4935,4940,-1,4940,4935,4936,-1,4940,4936,4939,-1,4939,4936,4937,-1,4939,4937,4938,-1,4938,4937,2272,-1,4938,2272,2270,-1,1802,1804,4941,-1,1802,4941,4942,-1,4942,4941,4943,-1,4942,4943,4944,-1,4944,4943,4945,-1,4944,4945,4946,-1,4946,4945,2284,-1,4946,2284,2282,-1,1800,1802,4942,-1,1800,4942,4947,-1,4947,4942,4944,-1,4947,4944,4948,-1,4948,4944,4946,-1,4948,4946,4949,-1,4949,4946,2282,-1,4949,2282,2280,-1,2278,2284,4945,-1,2278,4945,4950,-1,4950,4945,4943,-1,4950,4943,4951,-1,4951,4943,4941,-1,4951,4941,4952,-1,4952,4941,1804,-1,4952,1804,1798,-1,1798,1800,4947,-1,1798,4947,4952,-1,4952,4947,4948,-1,4952,4948,4951,-1,4951,4948,4949,-1,4951,4949,4950,-1,4950,4949,2280,-1,4950,2280,2278,-1,1810,1816,4953,-1,1810,4953,4954,-1,4954,4953,4955,-1,4954,4955,4956,-1,4956,4955,4957,-1,4956,4957,4958,-1,4958,4957,2292,-1,4958,2292,2290,-1,1811,1810,4954,-1,1811,4954,4959,-1,4959,4954,4956,-1,4959,4956,4960,-1,4960,4956,4958,-1,4960,4958,4961,-1,4961,4958,2290,-1,4961,2290,2288,-1,2286,2292,4957,-1,2286,4957,4962,-1,4962,4957,4955,-1,4962,4955,4963,-1,4963,4955,4953,-1,4963,4953,4964,-1,4964,4953,1816,-1,4964,1816,1813,-1,1813,1811,4959,-1,1813,4959,4964,-1,4964,4959,4960,-1,4964,4960,4963,-1,4963,4960,4961,-1,4963,4961,4962,-1,4962,4961,2288,-1,4962,2288,2286,-1,4965,1828,1827,-1,4965,1827,4966,-1,4966,1827,4967,-1,4966,4967,4968,-1,4969,4970,4968,-1,4968,4970,4971,-1,4968,4971,4966,-1,4969,4972,4970,-1,4970,4972,1984,-1,4970,1984,1982,-1,4973,1826,1828,-1,4973,1828,4974,-1,4966,4971,4975,-1,1828,4965,4974,-1,4974,4965,4966,-1,4974,4966,4976,-1,4976,4966,4975,-1,4971,4970,4975,-1,4975,4970,1982,-1,4975,1982,1986,-1,1984,4972,1988,-1,1988,4972,4977,-1,4969,4968,4978,-1,4969,4978,4972,-1,4972,4978,4979,-1,4972,4979,4977,-1,4967,1827,1825,-1,4967,1825,4968,-1,4968,1825,4980,-1,4968,4980,4978,-1,4980,1825,1826,-1,4980,1826,4978,-1,4974,4976,4977,-1,1826,4973,4978,-1,4978,4973,4974,-1,4978,4974,4979,-1,4979,4974,4977,-1,4976,4975,4977,-1,4977,4975,1986,-1,4977,1986,1988,-1,4981,1832,1831,-1,4981,1831,4982,-1,4983,4984,4985,-1,1831,4986,4982,-1,4982,4986,4983,-1,4982,4983,4987,-1,4987,4983,4985,-1,4984,4988,4985,-1,4985,4988,1989,-1,4985,1989,1991,-1,4989,1830,1832,-1,4989,1832,4990,-1,4982,4987,4991,-1,1832,4981,4990,-1,4990,4981,4982,-1,4990,4982,4992,-1,4992,4982,4991,-1,4987,4985,4991,-1,4991,4985,1991,-1,4991,1991,1993,-1,1989,4988,1995,-1,1995,4988,4993,-1,4984,4983,4994,-1,4984,4994,4988,-1,4988,4994,4995,-1,4988,4995,4993,-1,4986,1831,1829,-1,4986,1829,4983,-1,4983,1829,4996,-1,4983,4996,4994,-1,4996,1829,1830,-1,4996,1830,4994,-1,4994,1830,4989,-1,4994,4989,4990,-1,4992,4993,4990,-1,4990,4993,4995,-1,4990,4995,4994,-1,4992,4991,4993,-1,4993,4991,1993,-1,4993,1993,1995,-1,4997,1836,1835,-1,4997,1835,4998,-1,4998,1835,4999,-1,4998,4999,5000,-1,5001,5002,5000,-1,5000,5002,5003,-1,5000,5003,4998,-1,5001,5004,5002,-1,5002,5004,1997,-1,5002,1997,1999,-1,5005,1834,1836,-1,5005,1836,5006,-1,4998,5003,5007,-1,1836,4997,5006,-1,5006,4997,4998,-1,5006,4998,5008,-1,5008,4998,5007,-1,5003,5002,5007,-1,5007,5002,1999,-1,5007,1999,2001,-1,5009,5010,5000,-1,5011,5012,5004,-1,5004,5012,2003,-1,5004,2003,1997,-1,5011,5004,5010,-1,5010,5004,5001,-1,5010,5001,5000,-1,5009,5000,1833,-1,1833,5000,4999,-1,1833,4999,1835,-1,5009,1833,1834,-1,5009,1834,5010,-1,5006,5008,5012,-1,1834,5005,5010,-1,5010,5005,5006,-1,5010,5006,5011,-1,5011,5006,5012,-1,5008,5007,5012,-1,5012,5007,2001,-1,5012,2001,2003,-1,5013,1840,1839,-1,5013,1839,5014,-1,5014,1839,5015,-1,5014,5015,5016,-1,5017,5018,5016,-1,5016,5018,5019,-1,5016,5019,5014,-1,5017,5020,5018,-1,5018,5020,2005,-1,5018,2005,2007,-1,5021,1838,1840,-1,5021,1840,5022,-1,5014,5019,5023,-1,1840,5013,5022,-1,5022,5013,5014,-1,5022,5014,5024,-1,5024,5014,5023,-1,5019,5018,5023,-1,5023,5018,2007,-1,5023,2007,2009,-1,5025,5026,5016,-1,2005,5020,2011,-1,2011,5020,5027,-1,5016,5026,5017,-1,5017,5026,5020,-1,5020,5026,5028,-1,5020,5028,5027,-1,5025,5016,1837,-1,1837,5016,5015,-1,1837,5015,1839,-1,5025,1837,1838,-1,5025,1838,5026,-1,5026,1838,5021,-1,5026,5021,5022,-1,5024,5027,5022,-1,5022,5027,5028,-1,5022,5028,5026,-1,5024,5023,5027,-1,5027,5023,2009,-1,5027,2009,2011,-1,5029,1844,1843,-1,5029,1843,5030,-1,5030,1843,5031,-1,5030,5031,5032,-1,5033,5034,5032,-1,5032,5034,5035,-1,5032,5035,5030,-1,5033,5036,5034,-1,5034,5036,2013,-1,5034,2013,2015,-1,5037,1842,1844,-1,5037,1844,5038,-1,5030,5035,5039,-1,1844,5029,5038,-1,5038,5029,5030,-1,5038,5030,5040,-1,5040,5030,5039,-1,5035,5034,5039,-1,5039,5034,2015,-1,5039,2015,2017,-1,5041,5042,5032,-1,2013,5036,2019,-1,2019,5036,5043,-1,5032,5042,5033,-1,5033,5042,5036,-1,5036,5042,5044,-1,5036,5044,5043,-1,5041,5032,1841,-1,1841,5032,5031,-1,1841,5031,1843,-1,5041,1841,1842,-1,5041,1842,5042,-1,5042,1842,5037,-1,5042,5037,5038,-1,5040,5043,5038,-1,5038,5043,5044,-1,5038,5044,5042,-1,5040,5039,5043,-1,5043,5039,2017,-1,5043,2017,2019,-1,5045,1848,1847,-1,5045,1847,5046,-1,5047,5048,5049,-1,1847,5050,5046,-1,5046,5050,5047,-1,5046,5047,5051,-1,5051,5047,5049,-1,5048,5052,5049,-1,5049,5052,2021,-1,5049,2021,2023,-1,5045,5046,5053,-1,5045,5053,1848,-1,1848,5053,5054,-1,1848,5054,1846,-1,5051,5055,5046,-1,5046,5055,5056,-1,5046,5056,5053,-1,5051,5049,5055,-1,5055,5049,2023,-1,5055,2023,2025,-1,5057,5058,5052,-1,5052,5058,2027,-1,5052,2027,2021,-1,5057,5052,5059,-1,5059,5052,5048,-1,5059,5048,5047,-1,5050,1847,1845,-1,5050,1845,5047,-1,5047,1845,5060,-1,5047,5060,5059,-1,5060,1845,1846,-1,5060,1846,5059,-1,5059,1846,5054,-1,5059,5054,5053,-1,5056,5058,5053,-1,5053,5058,5057,-1,5053,5057,5059,-1,5056,5055,5058,-1,5058,5055,2025,-1,5058,2025,2027,-1,5061,1852,1851,-1,5061,1851,5062,-1,5063,5064,5065,-1,1851,5066,5062,-1,5062,5066,5063,-1,5062,5063,5067,-1,5067,5063,5065,-1,5064,5068,5065,-1,5065,5068,2029,-1,5065,2029,2031,-1,5069,1850,1852,-1,5069,1852,5070,-1,5062,5067,5071,-1,1852,5061,5070,-1,5070,5061,5062,-1,5070,5062,5072,-1,5072,5062,5071,-1,5067,5065,5071,-1,5071,5065,2031,-1,5071,2031,2033,-1,2029,5068,2035,-1,2035,5068,5073,-1,5064,5063,5074,-1,5064,5074,5068,-1,5068,5074,5075,-1,5068,5075,5073,-1,5066,1851,1849,-1,5066,1849,5063,-1,5063,1849,5076,-1,5063,5076,5074,-1,5076,1849,1850,-1,5076,1850,5074,-1,5070,5072,5073,-1,1850,5069,5074,-1,5074,5069,5070,-1,5074,5070,5075,-1,5075,5070,5073,-1,5072,5071,5073,-1,5073,5071,2033,-1,5073,2033,2035,-1,5077,1856,1855,-1,5077,1855,5078,-1,5079,5080,5081,-1,1855,5082,5078,-1,5078,5082,5079,-1,5078,5079,5083,-1,5083,5079,5081,-1,5080,5084,5081,-1,5081,5084,2037,-1,5081,2037,2039,-1,5085,1854,1856,-1,5085,1856,5086,-1,5078,5083,5087,-1,1856,5077,5086,-1,5086,5077,5078,-1,5086,5078,5088,-1,5088,5078,5087,-1,5083,5081,5087,-1,5087,5081,2039,-1,5087,2039,2041,-1,2037,5084,2043,-1,2043,5084,5089,-1,5080,5079,5090,-1,5080,5090,5084,-1,5084,5090,5091,-1,5084,5091,5089,-1,5082,1855,1853,-1,5082,1853,5079,-1,5079,1853,5092,-1,5079,5092,5090,-1,5092,1853,1854,-1,5092,1854,5090,-1,5086,5088,5089,-1,1854,5085,5090,-1,5090,5085,5086,-1,5090,5086,5091,-1,5091,5086,5089,-1,5088,5087,5089,-1,5089,5087,2041,-1,5089,2041,2043,-1,5093,1860,1859,-1,5093,1859,5094,-1,5095,5096,5097,-1,1859,5098,5094,-1,5094,5098,5095,-1,5094,5095,5099,-1,5099,5095,5097,-1,5096,5100,5097,-1,5097,5100,2045,-1,5097,2045,2047,-1,5101,1858,1860,-1,5101,1860,5102,-1,5094,5099,5103,-1,1860,5093,5102,-1,5102,5093,5094,-1,5102,5094,5104,-1,5104,5094,5103,-1,5099,5097,5103,-1,5103,5097,2047,-1,5103,2047,2049,-1,2045,5100,2051,-1,2051,5100,5105,-1,5096,5095,5106,-1,5096,5106,5100,-1,5100,5106,5107,-1,5100,5107,5105,-1,5098,1859,1857,-1,5098,1857,5095,-1,5095,1857,5108,-1,5095,5108,5106,-1,5108,1857,1858,-1,5108,1858,5106,-1,5102,5104,5105,-1,1858,5101,5106,-1,5106,5101,5102,-1,5106,5102,5107,-1,5107,5102,5105,-1,5104,5103,5105,-1,5105,5103,2049,-1,5105,2049,2051,-1,5109,1864,1863,-1,5109,1863,5110,-1,5111,5112,5113,-1,1863,5114,5110,-1,5110,5114,5111,-1,5110,5111,5115,-1,5115,5111,5113,-1,5112,5116,5113,-1,5113,5116,2053,-1,5113,2053,2055,-1,5117,1862,1864,-1,5117,1864,5118,-1,5110,5115,5119,-1,1864,5109,5118,-1,5118,5109,5110,-1,5118,5110,5120,-1,5120,5110,5119,-1,5115,5113,5119,-1,5119,5113,2055,-1,5119,2055,2057,-1,2053,5116,2059,-1,2059,5116,5121,-1,5112,5111,5122,-1,5112,5122,5116,-1,5116,5122,5123,-1,5116,5123,5121,-1,5114,1863,1861,-1,5114,1861,5111,-1,5111,1861,5124,-1,5111,5124,5122,-1,5124,1861,1862,-1,5124,1862,5122,-1,5118,5120,5121,-1,1862,5117,5122,-1,5122,5117,5118,-1,5122,5118,5123,-1,5123,5118,5121,-1,5120,5119,5121,-1,5121,5119,2057,-1,5121,2057,2059,-1,5125,1868,1867,-1,5125,1867,5126,-1,5127,5128,5129,-1,1867,5130,5126,-1,5126,5130,5127,-1,5126,5127,5131,-1,5131,5127,5129,-1,5128,5132,5129,-1,5129,5132,2061,-1,5129,2061,2063,-1,5133,1866,1868,-1,5133,1868,5134,-1,5126,5131,5135,-1,1868,5125,5134,-1,5134,5125,5126,-1,5134,5126,5136,-1,5136,5126,5135,-1,5131,5129,5135,-1,5135,5129,2063,-1,5135,2063,2065,-1,2061,5132,2067,-1,2067,5132,5137,-1,5128,5127,5138,-1,5128,5138,5132,-1,5132,5138,5139,-1,5132,5139,5137,-1,5130,1867,1865,-1,5130,1865,5127,-1,5127,1865,5140,-1,5127,5140,5138,-1,5140,1865,1866,-1,5140,1866,5138,-1,5134,5136,5137,-1,1866,5133,5138,-1,5138,5133,5134,-1,5138,5134,5139,-1,5139,5134,5137,-1,5136,5135,5137,-1,5137,5135,2065,-1,5137,2065,2067,-1,5141,1872,1871,-1,5141,1871,5142,-1,5143,5144,5145,-1,1871,5146,5142,-1,5142,5146,5143,-1,5142,5143,5147,-1,5147,5143,5145,-1,5144,5148,5145,-1,5145,5148,2069,-1,5145,2069,2071,-1,5149,1870,1872,-1,5149,1872,5150,-1,5142,5147,5151,-1,1872,5141,5150,-1,5150,5141,5142,-1,5150,5142,5152,-1,5152,5142,5151,-1,5147,5145,5151,-1,5151,5145,2071,-1,5151,2071,2073,-1,2069,5148,2075,-1,2075,5148,5153,-1,5144,5143,5154,-1,5144,5154,5148,-1,5148,5154,5155,-1,5148,5155,5153,-1,5146,1871,1869,-1,5146,1869,5143,-1,5143,1869,5156,-1,5143,5156,5154,-1,5156,1869,1870,-1,5156,1870,5154,-1,5150,5152,5153,-1,1870,5149,5154,-1,5154,5149,5150,-1,5154,5150,5155,-1,5155,5150,5153,-1,5152,5151,5153,-1,5153,5151,2073,-1,5153,2073,2075,-1,5157,1876,1875,-1,5157,1875,5158,-1,5159,5160,5161,-1,1875,5162,5158,-1,5158,5162,5159,-1,5158,5159,5163,-1,5163,5159,5161,-1,5160,5164,5161,-1,5161,5164,2077,-1,5161,2077,2079,-1,5165,1874,1876,-1,5165,1876,5166,-1,5158,5163,5167,-1,1876,5157,5166,-1,5166,5157,5158,-1,5166,5158,5168,-1,5168,5158,5167,-1,5163,5161,5167,-1,5167,5161,2079,-1,5167,2079,2081,-1,5169,5170,5159,-1,2077,5164,2083,-1,2083,5164,5171,-1,5159,5170,5160,-1,5160,5170,5164,-1,5164,5170,5172,-1,5164,5172,5171,-1,5169,5159,1873,-1,1873,5159,5162,-1,1873,5162,1875,-1,5165,5166,5170,-1,5165,5170,1874,-1,1874,5170,5169,-1,1874,5169,1873,-1,5168,5171,5166,-1,5166,5171,5172,-1,5166,5172,5170,-1,5168,5167,5171,-1,5171,5167,2081,-1,5171,2081,2083,-1,5173,1880,1879,-1,5173,1879,5174,-1,5175,5176,5177,-1,1879,5178,5174,-1,5174,5178,5175,-1,5174,5175,5179,-1,5179,5175,5177,-1,5176,5180,5177,-1,5177,5180,2085,-1,5177,2085,2087,-1,5181,1878,1880,-1,5181,1880,5182,-1,5174,5179,5183,-1,1880,5173,5182,-1,5182,5173,5174,-1,5182,5174,5184,-1,5184,5174,5183,-1,5179,5177,5183,-1,5183,5177,2087,-1,5183,2087,2089,-1,5185,5186,5175,-1,2085,5180,2091,-1,2091,5180,5187,-1,5175,5186,5176,-1,5176,5186,5180,-1,5180,5186,5188,-1,5180,5188,5187,-1,5185,5175,1877,-1,1877,5175,5178,-1,1877,5178,1879,-1,5181,5182,5186,-1,5181,5186,1878,-1,1878,5186,5185,-1,1878,5185,1877,-1,5184,5187,5182,-1,5182,5187,5188,-1,5182,5188,5186,-1,5184,5183,5187,-1,5187,5183,2089,-1,5187,2089,2091,-1,5189,1884,1883,-1,5189,1883,5190,-1,5191,5192,5193,-1,1883,5194,5190,-1,5190,5194,5191,-1,5190,5191,5195,-1,5195,5191,5193,-1,5192,5196,5193,-1,5193,5196,2093,-1,5193,2093,2095,-1,5197,1882,1884,-1,5197,1884,5198,-1,5190,5195,5199,-1,1884,5189,5198,-1,5198,5189,5190,-1,5198,5190,5200,-1,5200,5190,5199,-1,5195,5193,5199,-1,5199,5193,2095,-1,5199,2095,2097,-1,5201,5202,5191,-1,2093,5196,2099,-1,2099,5196,5203,-1,5191,5202,5192,-1,5192,5202,5196,-1,5196,5202,5204,-1,5196,5204,5203,-1,5201,5191,1881,-1,1881,5191,5194,-1,1881,5194,1883,-1,5197,5198,5202,-1,5197,5202,1882,-1,1882,5202,5201,-1,1882,5201,1881,-1,5200,5203,5198,-1,5198,5203,5204,-1,5198,5204,5202,-1,5200,5199,5203,-1,5203,5199,2097,-1,5203,2097,2099,-1,5205,1888,1887,-1,5205,1887,5206,-1,5207,5208,5209,-1,1887,5210,5206,-1,5206,5210,5207,-1,5206,5207,5211,-1,5211,5207,5209,-1,5208,5212,5209,-1,5209,5212,2101,-1,5209,2101,2103,-1,5213,1886,1888,-1,5213,1888,5214,-1,5206,5211,5215,-1,1888,5205,5214,-1,5214,5205,5206,-1,5214,5206,5216,-1,5216,5206,5215,-1,5211,5209,5215,-1,5215,5209,2103,-1,5215,2103,2105,-1,5217,5218,5207,-1,2101,5212,2107,-1,2107,5212,5219,-1,5207,5218,5208,-1,5208,5218,5212,-1,5212,5218,5220,-1,5212,5220,5219,-1,5217,5207,1885,-1,1885,5207,5210,-1,1885,5210,1887,-1,5213,5214,5218,-1,5213,5218,1886,-1,1886,5218,5217,-1,1886,5217,1885,-1,5216,5219,5214,-1,5214,5219,5220,-1,5214,5220,5218,-1,5216,5215,5219,-1,5219,5215,2105,-1,5219,2105,2107,-1,5221,1892,1891,-1,5221,1891,5222,-1,5223,5224,5225,-1,1891,5226,5222,-1,5222,5226,5223,-1,5222,5223,5227,-1,5227,5223,5225,-1,5224,5228,5225,-1,5225,5228,2109,-1,5225,2109,2111,-1,5229,1890,1892,-1,5229,1892,5230,-1,5222,5227,5231,-1,1892,5221,5230,-1,5230,5221,5222,-1,5230,5222,5232,-1,5232,5222,5231,-1,5227,5225,5231,-1,5231,5225,2111,-1,5231,2111,2113,-1,5233,5234,5223,-1,2109,5228,2115,-1,2115,5228,5235,-1,5223,5234,5224,-1,5224,5234,5228,-1,5228,5234,5236,-1,5228,5236,5235,-1,5233,5223,1889,-1,1889,5223,5226,-1,1889,5226,1891,-1,5229,5230,5234,-1,5229,5234,1890,-1,1890,5234,5233,-1,1890,5233,1889,-1,5232,5235,5230,-1,5230,5235,5236,-1,5230,5236,5234,-1,5232,5231,5235,-1,5235,5231,2113,-1,5235,2113,2115,-1,5237,1896,1895,-1,5237,1895,5238,-1,5239,5240,5241,-1,1895,5242,5238,-1,5238,5242,5239,-1,5238,5239,5243,-1,5243,5239,5241,-1,5240,5244,5241,-1,5241,5244,2117,-1,5241,2117,2119,-1,5245,1894,1896,-1,5245,1896,5246,-1,5238,5243,5247,-1,1896,5237,5246,-1,5246,5237,5238,-1,5246,5238,5248,-1,5248,5238,5247,-1,5243,5241,5247,-1,5247,5241,2119,-1,5247,2119,2121,-1,5249,5250,5239,-1,2117,5244,2123,-1,2123,5244,5251,-1,5239,5250,5240,-1,5240,5250,5244,-1,5244,5250,5252,-1,5244,5252,5251,-1,5249,5239,1893,-1,1893,5239,5242,-1,1893,5242,1895,-1,5245,5246,5250,-1,5245,5250,1894,-1,1894,5250,5249,-1,1894,5249,1893,-1,5248,5251,5246,-1,5246,5251,5252,-1,5246,5252,5250,-1,5248,5247,5251,-1,5251,5247,2121,-1,5251,2121,2123,-1,5253,1900,1899,-1,5253,1899,5254,-1,5255,5256,5257,-1,1899,5258,5254,-1,5254,5258,5255,-1,5254,5255,5259,-1,5259,5255,5257,-1,5256,5260,5257,-1,5257,5260,2125,-1,5257,2125,2127,-1,5261,1898,1900,-1,5261,1900,5262,-1,5254,5259,5263,-1,1900,5253,5262,-1,5262,5253,5254,-1,5262,5254,5264,-1,5264,5254,5263,-1,5259,5257,5263,-1,5263,5257,2127,-1,5263,2127,2129,-1,5265,5266,5255,-1,2125,5260,2131,-1,2131,5260,5267,-1,5255,5266,5256,-1,5256,5266,5260,-1,5260,5266,5268,-1,5260,5268,5267,-1,5265,5255,1897,-1,1897,5255,5258,-1,1897,5258,1899,-1,5261,5262,5266,-1,5261,5266,1898,-1,1898,5266,5265,-1,1898,5265,1897,-1,5264,5267,5262,-1,5262,5267,5268,-1,5262,5268,5266,-1,5264,5263,5267,-1,5267,5263,2129,-1,5267,2129,2131,-1,5269,1904,1903,-1,5269,1903,5270,-1,5271,5272,5273,-1,1903,5274,5270,-1,5270,5274,5271,-1,5270,5271,5275,-1,5275,5271,5273,-1,5272,5276,5273,-1,5273,5276,2133,-1,5273,2133,2135,-1,5277,1902,1904,-1,5277,1904,5278,-1,5270,5275,5279,-1,1904,5269,5278,-1,5278,5269,5270,-1,5278,5270,5280,-1,5280,5270,5279,-1,5275,5273,5279,-1,5279,5273,2135,-1,5279,2135,2137,-1,5281,5282,5271,-1,2133,5276,2139,-1,2139,5276,5283,-1,5271,5282,5272,-1,5272,5282,5276,-1,5276,5282,5284,-1,5276,5284,5283,-1,5281,5271,1901,-1,1901,5271,5274,-1,1901,5274,1903,-1,5277,5278,5282,-1,5277,5282,1902,-1,1902,5282,5281,-1,1902,5281,1901,-1,5280,5283,5278,-1,5278,5283,5284,-1,5278,5284,5282,-1,5280,5279,5283,-1,5283,5279,2137,-1,5283,2137,2139,-1,5285,1908,1907,-1,5285,1907,5286,-1,5287,5288,5289,-1,1907,5290,5286,-1,5286,5290,5287,-1,5286,5287,5291,-1,5291,5287,5289,-1,5288,5292,5289,-1,5289,5292,2141,-1,5289,2141,2143,-1,5293,1906,1908,-1,5293,1908,5294,-1,5286,5291,5295,-1,1908,5285,5294,-1,5294,5285,5286,-1,5294,5286,5296,-1,5296,5286,5295,-1,5291,5289,5295,-1,5295,5289,2143,-1,5295,2143,2145,-1,5297,5298,5287,-1,2141,5292,2147,-1,2147,5292,5299,-1,5287,5298,5288,-1,5288,5298,5292,-1,5292,5298,5300,-1,5292,5300,5299,-1,5297,5287,1905,-1,1905,5287,5290,-1,1905,5290,1907,-1,5293,5294,5298,-1,5293,5298,1906,-1,1906,5298,5297,-1,1906,5297,1905,-1,5296,5299,5294,-1,5294,5299,5300,-1,5294,5300,5298,-1,5296,5295,5299,-1,5299,5295,2145,-1,5299,2145,2147,-1,5301,1912,1911,-1,5301,1911,5302,-1,5303,5304,5305,-1,1911,5306,5302,-1,5302,5306,5303,-1,5302,5303,5307,-1,5307,5303,5305,-1,5304,5308,5305,-1,5305,5308,2149,-1,5305,2149,2151,-1,5309,1910,1912,-1,5309,1912,5310,-1,5302,5307,5311,-1,1912,5301,5310,-1,5310,5301,5302,-1,5310,5302,5312,-1,5312,5302,5311,-1,5307,5305,5311,-1,5311,5305,2151,-1,5311,2151,2153,-1,5313,5314,5303,-1,2149,5308,2155,-1,2155,5308,5315,-1,5303,5314,5304,-1,5304,5314,5308,-1,5308,5314,5316,-1,5308,5316,5315,-1,5313,5303,1909,-1,1909,5303,5306,-1,1909,5306,1911,-1,5309,5310,5314,-1,5309,5314,1910,-1,1910,5314,5313,-1,1910,5313,1909,-1,5312,5315,5310,-1,5310,5315,5316,-1,5310,5316,5314,-1,5312,5311,5315,-1,5315,5311,2153,-1,5315,2153,2155,-1,5317,1916,1915,-1,5317,1915,5318,-1,5319,5320,5321,-1,1915,5322,5318,-1,5318,5322,5319,-1,5318,5319,5323,-1,5323,5319,5321,-1,5320,5324,5321,-1,5321,5324,2157,-1,5321,2157,2159,-1,5325,1914,1916,-1,5325,1916,5326,-1,5318,5323,5327,-1,1916,5317,5326,-1,5326,5317,5318,-1,5326,5318,5328,-1,5328,5318,5327,-1,5323,5321,5327,-1,5327,5321,2159,-1,5327,2159,2161,-1,5329,5330,5319,-1,2157,5324,2163,-1,2163,5324,5331,-1,5319,5330,5320,-1,5320,5330,5324,-1,5324,5330,5332,-1,5324,5332,5331,-1,5329,5319,1913,-1,1913,5319,5322,-1,1913,5322,1915,-1,5325,5326,5330,-1,5325,5330,1914,-1,1914,5330,5329,-1,1914,5329,1913,-1,5328,5331,5326,-1,5326,5331,5332,-1,5326,5332,5330,-1,5328,5327,5331,-1,5331,5327,2161,-1,5331,2161,2163,-1,5333,1920,1919,-1,5333,1919,5334,-1,5335,5336,5337,-1,1919,5338,5334,-1,5334,5338,5335,-1,5334,5335,5339,-1,5339,5335,5337,-1,5336,5340,5337,-1,5337,5340,2165,-1,5337,2165,2167,-1,5341,1918,1920,-1,5341,1920,5342,-1,5334,5339,5343,-1,1920,5333,5342,-1,5342,5333,5334,-1,5342,5334,5344,-1,5344,5334,5343,-1,5339,5337,5343,-1,5343,5337,2167,-1,5343,2167,2169,-1,5345,5346,5335,-1,2165,5340,2171,-1,2171,5340,5347,-1,5335,5346,5336,-1,5336,5346,5340,-1,5340,5346,5348,-1,5340,5348,5347,-1,5345,5335,1917,-1,1917,5335,5338,-1,1917,5338,1919,-1,5341,5342,5346,-1,5341,5346,1918,-1,1918,5346,5345,-1,1918,5345,1917,-1,5344,5347,5342,-1,5342,5347,5348,-1,5342,5348,5346,-1,5344,5343,5347,-1,5347,5343,2169,-1,5347,2169,2171,-1,5349,1924,1923,-1,5349,1923,5350,-1,5350,1923,5351,-1,5350,5351,5352,-1,5353,5354,5352,-1,5352,5354,5355,-1,5352,5355,5350,-1,5353,5356,5354,-1,5354,5356,2173,-1,5354,2173,2175,-1,5357,1922,1924,-1,5357,1924,5358,-1,5350,5355,5359,-1,1924,5349,5358,-1,5358,5349,5350,-1,5358,5350,5360,-1,5360,5350,5359,-1,5355,5354,5359,-1,5359,5354,2175,-1,5359,2175,2177,-1,2173,5356,2179,-1,2179,5356,5361,-1,5353,5352,5362,-1,5353,5362,5356,-1,5356,5362,5363,-1,5356,5363,5361,-1,5351,1923,1921,-1,5351,1921,5352,-1,5352,1921,5364,-1,5352,5364,5362,-1,5364,1921,1922,-1,5364,1922,5362,-1,5362,1922,5357,-1,5362,5357,5358,-1,5360,5361,5358,-1,5358,5361,5363,-1,5358,5363,5362,-1,5360,5359,5361,-1,5361,5359,2177,-1,5361,2177,2179,-1,5365,1928,1927,-1,5365,1927,5366,-1,5366,1927,5367,-1,5366,5367,5368,-1,5369,5370,5368,-1,5368,5370,5371,-1,5368,5371,5366,-1,5369,5372,5370,-1,5370,5372,2181,-1,5370,2181,2183,-1,5373,1926,1928,-1,5373,1928,5374,-1,5366,5371,5375,-1,1928,5365,5374,-1,5374,5365,5366,-1,5374,5366,5376,-1,5376,5366,5375,-1,5371,5370,5375,-1,5375,5370,2183,-1,5375,2183,2185,-1,2181,5372,2187,-1,2187,5372,5377,-1,5369,5368,5378,-1,5369,5378,5372,-1,5372,5378,5379,-1,5372,5379,5377,-1,5367,1927,1925,-1,5367,1925,5368,-1,5368,1925,5380,-1,5368,5380,5378,-1,5380,1925,1926,-1,5380,1926,5378,-1,5378,1926,5373,-1,5378,5373,5374,-1,5376,5377,5374,-1,5374,5377,5379,-1,5374,5379,5378,-1,5376,5375,5377,-1,5377,5375,2185,-1,5377,2185,2187,-1,5381,1932,1931,-1,5381,1931,5382,-1,5382,1931,5383,-1,5382,5383,5384,-1,5385,5386,5384,-1,5384,5386,5387,-1,5384,5387,5382,-1,5385,5388,5386,-1,5386,5388,2189,-1,5386,2189,2191,-1,5389,1930,1932,-1,5389,1932,5390,-1,5382,5387,5391,-1,1932,5381,5390,-1,5390,5381,5382,-1,5390,5382,5392,-1,5392,5382,5391,-1,5387,5386,5391,-1,5391,5386,2191,-1,5391,2191,2193,-1,2189,5388,2195,-1,2195,5388,5393,-1,5385,5384,5394,-1,5385,5394,5388,-1,5388,5394,5395,-1,5388,5395,5393,-1,5383,1931,1929,-1,5383,1929,5384,-1,5384,1929,5396,-1,5384,5396,5394,-1,5396,1929,1930,-1,5396,1930,5394,-1,5394,1930,5389,-1,5394,5389,5390,-1,5392,5393,5390,-1,5390,5393,5395,-1,5390,5395,5394,-1,5392,5391,5393,-1,5393,5391,2193,-1,5393,2193,2195,-1,5397,1936,1935,-1,5397,1935,5398,-1,5398,1935,5399,-1,5398,5399,5400,-1,5401,5402,5400,-1,5400,5402,5403,-1,5400,5403,5398,-1,5401,5404,5402,-1,5402,5404,2197,-1,5402,2197,2199,-1,5405,1934,1936,-1,5405,1936,5406,-1,5398,5403,5407,-1,1936,5397,5406,-1,5406,5397,5398,-1,5406,5398,5408,-1,5408,5398,5407,-1,5403,5402,5407,-1,5407,5402,2199,-1,5407,2199,2201,-1,2197,5404,2203,-1,2203,5404,5409,-1,5401,5400,5410,-1,5401,5410,5404,-1,5404,5410,5411,-1,5404,5411,5409,-1,5399,1935,1933,-1,5399,1933,5400,-1,5400,1933,5412,-1,5400,5412,5410,-1,5412,1933,1934,-1,5412,1934,5410,-1,5410,1934,5405,-1,5410,5405,5406,-1,5408,5409,5406,-1,5406,5409,5411,-1,5406,5411,5410,-1,5408,5407,5409,-1,5409,5407,2201,-1,5409,2201,2203,-1,5413,1940,1939,-1,5413,1939,5414,-1,5414,1939,5415,-1,5414,5415,5416,-1,5417,5418,5416,-1,5416,5418,5419,-1,5416,5419,5414,-1,5417,5420,5418,-1,5418,5420,2205,-1,5418,2205,2207,-1,5421,1938,1940,-1,5421,1940,5422,-1,5414,5419,5423,-1,1940,5413,5422,-1,5422,5413,5414,-1,5422,5414,5424,-1,5424,5414,5423,-1,5419,5418,5423,-1,5423,5418,2207,-1,5423,2207,2209,-1,2205,5420,2211,-1,2211,5420,5425,-1,5417,5416,5426,-1,5417,5426,5420,-1,5420,5426,5427,-1,5420,5427,5425,-1,5415,1939,1937,-1,5415,1937,5416,-1,5416,1937,5428,-1,5416,5428,5426,-1,5428,1937,1938,-1,5428,1938,5426,-1,5426,1938,5421,-1,5426,5421,5422,-1,5424,5425,5422,-1,5422,5425,5427,-1,5422,5427,5426,-1,5424,5423,5425,-1,5425,5423,2209,-1,5425,2209,2211,-1,5429,1944,1943,-1,5429,1943,5430,-1,5430,1943,5431,-1,5430,5431,5432,-1,5433,5434,5432,-1,5432,5434,5435,-1,5432,5435,5430,-1,5433,5436,5434,-1,5434,5436,2213,-1,5434,2213,2215,-1,5437,1942,1944,-1,5437,1944,5438,-1,5430,5435,5439,-1,1944,5429,5438,-1,5438,5429,5430,-1,5438,5430,5440,-1,5440,5430,5439,-1,5435,5434,5439,-1,5439,5434,2215,-1,5439,2215,2217,-1,2213,5436,2219,-1,2219,5436,5441,-1,5433,5432,5442,-1,5433,5442,5436,-1,5436,5442,5443,-1,5436,5443,5441,-1,5431,1943,1941,-1,5431,1941,5432,-1,5432,1941,5444,-1,5432,5444,5442,-1,5444,1941,1942,-1,5444,1942,5442,-1,5442,1942,5437,-1,5442,5437,5438,-1,5440,5441,5438,-1,5438,5441,5443,-1,5438,5443,5442,-1,5440,5439,5441,-1,5441,5439,2217,-1,5441,2217,2219,-1,5445,1948,1947,-1,5445,1947,5446,-1,5446,1947,5447,-1,5446,5447,5448,-1,5449,5450,5448,-1,5448,5450,5451,-1,5448,5451,5446,-1,5449,5452,5450,-1,5450,5452,2221,-1,5450,2221,2223,-1,5453,1946,1948,-1,5453,1948,5454,-1,5446,5451,5455,-1,1948,5445,5454,-1,5454,5445,5446,-1,5454,5446,5456,-1,5456,5446,5455,-1,5451,5450,5455,-1,5455,5450,2223,-1,5455,2223,2225,-1,2221,5452,2227,-1,2227,5452,5457,-1,5449,5448,5458,-1,5449,5458,5452,-1,5452,5458,5459,-1,5452,5459,5457,-1,5447,1947,1945,-1,5447,1945,5448,-1,5448,1945,5460,-1,5448,5460,5458,-1,5460,1945,1946,-1,5460,1946,5458,-1,5458,1946,5453,-1,5458,5453,5454,-1,5456,5457,5454,-1,5454,5457,5459,-1,5454,5459,5458,-1,5456,5455,5457,-1,5457,5455,2225,-1,5457,2225,2227,-1,5461,1952,1951,-1,5461,1951,5462,-1,5462,1951,5463,-1,5462,5463,5464,-1,5465,5466,5464,-1,5464,5466,5467,-1,5464,5467,5462,-1,5465,5468,5466,-1,5466,5468,2229,-1,5466,2229,2231,-1,5469,1950,1952,-1,5469,1952,5470,-1,5462,5467,5471,-1,1952,5461,5470,-1,5470,5461,5462,-1,5470,5462,5472,-1,5472,5462,5471,-1,5467,5466,5471,-1,5471,5466,2231,-1,5471,2231,2233,-1,2229,5468,2235,-1,2235,5468,5473,-1,5465,5464,5474,-1,5465,5474,5468,-1,5468,5474,5475,-1,5468,5475,5473,-1,5463,1951,1949,-1,5463,1949,5464,-1,5464,1949,5476,-1,5464,5476,5474,-1,5476,1949,1950,-1,5476,1950,5474,-1,5474,1950,5469,-1,5474,5469,5470,-1,5472,5473,5470,-1,5470,5473,5475,-1,5470,5475,5474,-1,5472,5471,5473,-1,5473,5471,2233,-1,5473,2233,2235,-1,5477,1956,1955,-1,5477,1955,5478,-1,5478,1955,5479,-1,5478,5479,5480,-1,5481,5482,5480,-1,5480,5482,5483,-1,5480,5483,5478,-1,5481,5484,5482,-1,5482,5484,2237,-1,5482,2237,2239,-1,5485,1954,1956,-1,5485,1956,5486,-1,5478,5483,5487,-1,1956,5477,5486,-1,5486,5477,5478,-1,5486,5478,5488,-1,5488,5478,5487,-1,5483,5482,5487,-1,5487,5482,2239,-1,5487,2239,2241,-1,2237,5484,2243,-1,2243,5484,5489,-1,5481,5480,5490,-1,5481,5490,5484,-1,5484,5490,5491,-1,5484,5491,5489,-1,5479,1955,1953,-1,5479,1953,5480,-1,5480,1953,5492,-1,5480,5492,5490,-1,5492,1953,1954,-1,5492,1954,5490,-1,5490,1954,5485,-1,5490,5485,5486,-1,5488,5489,5486,-1,5486,5489,5491,-1,5486,5491,5490,-1,5488,5487,5489,-1,5489,5487,2241,-1,5489,2241,2243,-1,5493,1960,1959,-1,5493,1959,5494,-1,5494,1959,5495,-1,5494,5495,5496,-1,5497,5498,5496,-1,5496,5498,5499,-1,5496,5499,5494,-1,5497,5500,5498,-1,5498,5500,2245,-1,5498,2245,2247,-1,5501,1958,1960,-1,5501,1960,5502,-1,5494,5499,5503,-1,1960,5493,5502,-1,5502,5493,5494,-1,5502,5494,5504,-1,5504,5494,5503,-1,5499,5498,5503,-1,5503,5498,2247,-1,5503,2247,2249,-1,2245,5500,2251,-1,2251,5500,5505,-1,5497,5496,5506,-1,5497,5506,5500,-1,5500,5506,5507,-1,5500,5507,5505,-1,5495,1959,1957,-1,5495,1957,5496,-1,5496,1957,5508,-1,5496,5508,5506,-1,5508,1957,1958,-1,5508,1958,5506,-1,5506,1958,5501,-1,5506,5501,5502,-1,5504,5505,5502,-1,5502,5505,5507,-1,5502,5507,5506,-1,5504,5503,5505,-1,5505,5503,2249,-1,5505,2249,2251,-1,5509,1964,1963,-1,5509,1963,5510,-1,5510,1963,5511,-1,5510,5511,5512,-1,5513,5514,5512,-1,5512,5514,5515,-1,5512,5515,5510,-1,5513,5516,5514,-1,5514,5516,2253,-1,5514,2253,2255,-1,5517,1962,1964,-1,5517,1964,5518,-1,5510,5515,5519,-1,1964,5509,5518,-1,5518,5509,5510,-1,5518,5510,5520,-1,5520,5510,5519,-1,5515,5514,5519,-1,5519,5514,2255,-1,5519,2255,2257,-1,2253,5516,2259,-1,2259,5516,5521,-1,5513,5512,5522,-1,5513,5522,5516,-1,5516,5522,5523,-1,5516,5523,5521,-1,5511,1963,1961,-1,5511,1961,5512,-1,5512,1961,5524,-1,5512,5524,5522,-1,5524,1961,1962,-1,5524,1962,5522,-1,5522,1962,5517,-1,5522,5517,5518,-1,5520,5521,5518,-1,5518,5521,5523,-1,5518,5523,5522,-1,5520,5519,5521,-1,5521,5519,2257,-1,5521,2257,2259,-1,5525,1968,1967,-1,5525,1967,5526,-1,5526,1967,5527,-1,5526,5527,5528,-1,5529,5530,5528,-1,5528,5530,5531,-1,5528,5531,5526,-1,5529,5532,5530,-1,5530,5532,2261,-1,5530,2261,2263,-1,5533,1966,1968,-1,5533,1968,5534,-1,5526,5531,5535,-1,1968,5525,5534,-1,5534,5525,5526,-1,5534,5526,5536,-1,5536,5526,5535,-1,5531,5530,5535,-1,5535,5530,2263,-1,5535,2263,2265,-1,2261,5532,2267,-1,2267,5532,5537,-1,5529,5528,5538,-1,5529,5538,5532,-1,5532,5538,5539,-1,5532,5539,5537,-1,5527,1967,1965,-1,5527,1965,5528,-1,5528,1965,5540,-1,5528,5540,5538,-1,5540,1965,1966,-1,5540,1966,5538,-1,5538,1966,5533,-1,5538,5533,5534,-1,5536,5537,5534,-1,5534,5537,5539,-1,5534,5539,5538,-1,5536,5535,5537,-1,5537,5535,2265,-1,5537,2265,2267,-1,5541,1972,1971,-1,5541,1971,5542,-1,5542,1971,5543,-1,5542,5543,5544,-1,5545,5546,5544,-1,5544,5546,5547,-1,5544,5547,5542,-1,5545,5548,5546,-1,5546,5548,2269,-1,5546,2269,2271,-1,5549,1970,1972,-1,5549,1972,5550,-1,5542,5547,5551,-1,1972,5541,5550,-1,5550,5541,5542,-1,5550,5542,5552,-1,5552,5542,5551,-1,5547,5546,5551,-1,5551,5546,2271,-1,5551,2271,2273,-1,2269,5548,2275,-1,2275,5548,5553,-1,5545,5544,5554,-1,5545,5554,5548,-1,5548,5554,5555,-1,5548,5555,5553,-1,5543,1971,1969,-1,5543,1969,5544,-1,5544,1969,5556,-1,5544,5556,5554,-1,5556,1969,1970,-1,5556,1970,5554,-1,5554,1970,5549,-1,5554,5549,5550,-1,5552,5553,5550,-1,5550,5553,5555,-1,5550,5555,5554,-1,5552,5551,5553,-1,5553,5551,2273,-1,5553,2273,2275,-1,5557,1976,1975,-1,5557,1975,5558,-1,5558,1975,5559,-1,5558,5559,5560,-1,5561,5562,5560,-1,5560,5562,5563,-1,5560,5563,5558,-1,5561,5564,5562,-1,5562,5564,2277,-1,5562,2277,2279,-1,5565,1974,1976,-1,5565,1976,5566,-1,5558,5563,5567,-1,1976,5557,5566,-1,5566,5557,5558,-1,5566,5558,5568,-1,5568,5558,5567,-1,5563,5562,5567,-1,5567,5562,2279,-1,5567,2279,2281,-1,2277,5564,2283,-1,2283,5564,5569,-1,5561,5560,5570,-1,5561,5570,5564,-1,5564,5570,5571,-1,5564,5571,5569,-1,5559,1975,1973,-1,5559,1973,5560,-1,5560,1973,5572,-1,5560,5572,5570,-1,5572,1973,1974,-1,5572,1974,5570,-1,5570,1974,5565,-1,5570,5565,5566,-1,5568,5569,5566,-1,5566,5569,5571,-1,5566,5571,5570,-1,5568,5567,5569,-1,5569,5567,2281,-1,5569,2281,2283,-1,5573,1980,1979,-1,5573,1979,5574,-1,5574,1979,5575,-1,5574,5575,5576,-1,5577,5578,5576,-1,5576,5578,5579,-1,5576,5579,5574,-1,5577,5580,5578,-1,5578,5580,2285,-1,5578,2285,2287,-1,5581,1978,1980,-1,5581,1980,5582,-1,5574,5579,5583,-1,1980,5573,5582,-1,5582,5573,5574,-1,5582,5574,5584,-1,5584,5574,5583,-1,5579,5578,5583,-1,5583,5578,2287,-1,5583,2287,2289,-1,2285,5580,2291,-1,2291,5580,5585,-1,5577,5576,5586,-1,5577,5586,5580,-1,5580,5586,5587,-1,5580,5587,5585,-1,5575,1979,1977,-1,5575,1977,5576,-1,5576,1977,5588,-1,5576,5588,5586,-1,5588,1977,1978,-1,5588,1978,5586,-1,5586,1978,5581,-1,5586,5581,5582,-1,5584,5585,5582,-1,5582,5585,5587,-1,5582,5587,5586,-1,5584,5583,5585,-1,5585,5583,2289,-1,5585,2289,2291,-1,
        ]
    }
}
Shape{
    appearance Appearance {
        material  Material 	{
            diffuseColor 0.9490196078431372 0.7607843137254902 0.1803921568627451
            specularColor 0.7607843137254902 0.6078431372549019 0.1450980392156863
            ambientIntensity 0.7509
            transparency 0.0
            shininess 0.5
        }
    }
    geometry IndexedFaceSet {
        ccw TRUE
        solid FALSE
        coord DEF co Coordinate {
            point [
                18.628 0.0351 -0.3219, 18.628 0.034 -0.3122, 18.628 -0.0388 -0.3432, 18.628 -0.0378 -0.345, 18.628 -0.0486 -0.345, 18.628 -0.0543 -0.3546, 18.628 -0.0537 -0.213, 18.628 -0.0543 -0.3121, 18.628 -0.0537 -0.2634, 18.628 -0.0537 -0.3058, 18.628 -0.0504 -0.2962, 18.628 0.0336 -0.3339, 18.628 0.0288 -0.345, 18.628 0.0787 -0.3546, 18.628 0.042 -0.345, 18.628 0.0314 -0.3049, 18.628 0.0268 -0.2981, 18.628 0.0202 -0.2921, 18.628 -0.0056 -0.285, 18.628 -0.0162 -0.286, 18.628 -0.0247 -0.2886, 18.628 -0.0431 -0.3105, 18.628 -0.0441 -0.3197, 18.628 -0.0404 -0.3034, 18.628 -0.0364 -0.2973, 18.628 -0.0315 -0.2927, 18.628 -0.0427 -0.3328, 18.628 0.0188 -0.277, 18.628 0.028 -0.2827, 18.628 0.0447 -0.2262, 18.628 0.0365 -0.2916, 18.628 0.0126 -0.2881, 18.628 0.0021 -0.2854, 18.628 -0.0453 -0.2883, 18.628 -0.0375 -0.2809, 18.628 -0.0429 -0.2634, 18.628 -0.0282 -0.2757, 18.628 -0.0429 -0.2262, 18.628 0.0419 -0.301, 18.628 0.0451 -0.3119, 18.628 -0.0178 -0.2727, 18.628 -0.0064 -0.2718, 18.628 0.0076 -0.2732, 18.628 0.0459 -0.3218, 18.628 0.0451 -0.3336, 18.628 -0.0529 -0.3345, 18.628 -0.0543 -0.3246, 18.628 -0.0787 -0.3546, 18.628 -0.0549 -0.3206, 18.628 -0.0549 -0.3179, 18.628 0.0447 -0.213, 18.628 0.0787 0.0472, 18.628 -0.0543 0.0472, 18.628 -0.0787 0.0472, 18.628 0.0447 -0.4146, 18.628 0.0787 -0.8171, 18.628 0.0447 -0.3642, 18.628 -0.0537 -0.5226, 18.628 -0.0267 -0.5105, 18.628 -0.0355 -0.5049, 18.628 0.0339 -0.3774, 18.628 0.0015 -0.3774, 18.628 0.0339 -0.4146, 18.628 0.0015 -0.4122, 18.628 -0.0093 -0.4122, 18.628 -0.0537 -0.4362, 18.628 0.0447 -0.4362, 18.628 -0.0433 -0.4968, 18.628 -0.0493 -0.4865, 18.628 -0.0527 -0.4752, 18.628 0.0432 -0.4782, 18.628 0.0391 -0.4897, 18.628 0.0447 -0.5598, 18.628 0.032 -0.5004, 18.628 -0.0537 -0.6115, 18.628 -0.0543 -0.8171, 18.628 0.0447 -0.573, 18.628 0.0319 -0.5005, 18.628 0.0242 -0.5075, 18.628 0.0157 -0.5121, 18.628 0.0447 -0.464, 18.628 0.006 -0.5147, 18.628 -0.0033 -0.5154, 18.628 -0.0164 -0.5141, 18.628 -0.0537 -0.463, 18.628 -0.0093 -0.3774, 18.628 -0.0429 -0.3774, 18.628 -0.0429 -0.417, 18.628 -0.0537 -0.417, 18.628 -0.0537 -0.3642, 18.628 -0.0261 -0.5871, 18.628 -0.0261 -0.5464, 18.628 -0.0537 -0.5971, 18.628 -0.0537 -0.537, 18.628 -0.0787 -0.8171, 18.7835 -0.0787 0.1969, 18.7835 0.0787 0.1969, 18.8168 0.0787 0.2006, 18.8168 -0.0787 0.2006, 18.8484 0.0787 0.2117, 18.8484 -0.0787 0.2117, 18.8767 0.0787 0.2295, 18.8767 -0.0787 0.2295, 18.9004 0.0787 0.2532, 18.9004 -0.0787 0.2532, 18.9183 0.0787 0.2815, 18.9183 -0.0787 0.2815, 18.9293 0.0787 0.3132, 18.9293 -0.0787 0.3132, 18.9331 0.0787 0.3465, 18.9331 -0.0787 0.3465, 18.9331 0.0787 2.3032, 18.9331 -0.0787 2.3032, 18.9311 0.0787 2.3184, 18.9311 -0.0787 2.3184, 18.9252 0.0787 2.3327, 18.9252 -0.0787 2.3327, 18.9158 0.0787 2.3449, 18.9158 -0.0787 2.3449, 18.9035 0.0787 2.3543, 18.9035 -0.0787 2.3543, 18.8893 0.0787 2.3602, 18.8893 -0.0787 2.3602, 18.874 0.0787 2.3622, 18.874 -0.0787 2.3622, 18.7953 0.0787 2.3622, 18.7953 -0.0787 2.3622, 18.78 0.0787 2.3602, 18.78 -0.0787 2.3602, 18.7657 0.0787 2.3543, 18.7657 -0.0787 2.3543, 18.7535 0.0787 2.3449, 18.7535 -0.0787 2.3449, 18.7441 0.0787 2.3327, 18.7441 -0.0787 2.3327, 18.7382 0.0787 2.3184, 18.7382 -0.0787 2.3184, 18.7362 0.0787 2.3032, 18.7362 -0.0787 2.3032, 18.7362 0.0787 0.709, 18.7362 -0.0787 0.709, 18.7326 -0.0787 0.6752, 18.7326 0.0787 0.6752, 18.7217 -0.0787 0.643, 18.7217 0.0787 0.643, 18.7042 -0.0787 0.6138, 18.7042 0.0787 0.6138, 18.6809 -0.0787 0.5891, 18.6809 0.0787 0.5891, 18.6264 -0.0787 0.5528, 18.6264 0.0787 0.5528, 18.565 -0.0787 0.5302, 18.565 0.0787 0.5302, 18.5 -0.0787 0.5225, 18.5 0.0787 0.5225, 18.435 -0.0787 0.5302, 18.435 0.0787 0.5302, 18.3736 -0.0787 0.5528, 18.3736 0.0787 0.5528, 18.3191 -0.0787 0.5891, 18.3191 0.0787 0.5891, 18.2958 -0.0787 0.6138, 18.2958 0.0787 0.6138, 18.2783 -0.0787 0.643, 18.2783 0.0787 0.643, 18.2674 -0.0787 0.6752, 18.2674 0.0787 0.6752, 18.2638 -0.0787 0.709, 18.2638 0.0787 0.709, 18.2638 0.0787 2.3032, 18.2638 -0.0787 2.3032, 18.2618 0.0787 2.3184, 18.2618 -0.0787 2.3184, 18.2559 0.0787 2.3327, 18.2559 -0.0787 2.3327, 18.2465 0.0787 2.3449, 18.2465 -0.0787 2.3449, 18.2343 0.0787 2.3543, 18.2343 -0.0787 2.3543, 18.22 0.0787 2.3602, 18.22 -0.0787 2.3602, 18.2047 0.0787 2.3622, 18.2047 -0.0787 2.3622, 18.126 0.0787 2.3622, 18.126 -0.0787 2.3622, 18.1107 0.0787 2.3602, 18.1107 -0.0787 2.3602, 18.0965 0.0787 2.3543, 18.0965 -0.0787 2.3543, 18.0842 0.0787 2.3449, 18.0842 -0.0787 2.3449, 18.0748 0.0787 2.3327, 18.0748 -0.0787 2.3327, 18.0689 0.0787 2.3184, 18.0689 -0.0787 2.3184, 18.0669 0.0787 2.3032, 18.0669 -0.0787 2.3032, 18.0669 0.0787 0.3465, 18.0669 -0.0787 0.3465, 18.0707 0.0787 0.3132, 18.0707 -0.0787 0.3132, 18.0817 0.0787 0.2815, 18.0817 -0.0787 0.2815, 18.0996 0.0787 0.2532, 18.0996 -0.0787 0.2532, 18.1233 0.0787 0.2295, 18.1233 -0.0787 0.2295, 18.1516 0.0787 0.2117, 18.1516 -0.0787 0.2117, 18.1832 0.0787 0.2006, 18.1832 -0.0787 0.2006, 18.2165 0.0787 0.1969, 18.2165 -0.0787 0.1969, 18.2224 0.0787 0.1969, 18.2224 -0.0787 0.1969, 18.2557 -0.0787 0.1931, 18.2557 0.0787 0.1931, 18.2874 -0.0787 0.182, 18.2874 0.0787 0.182, 18.3157 -0.0787 0.1642, 18.3157 0.0787 0.1642, 18.3394 -0.0787 0.1405, 18.3394 0.0787 0.1405, 18.3572 -0.0787 0.1122, 18.3572 0.0787 0.1122, 18.3683 -0.0787 0.0805, 18.3683 0.0787 0.0805, 18.372 -0.0787 0.0472, 18.372 0.0787 0.0472, 18.372 0.0787 -0.8171, 18.372 -0.0787 -0.8171, 18.3781 0.0787 -0.9148, 18.3781 -0.0787 -0.9148, 18.4071 0.0787 -1.1466, 18.4071 -0.0787 -1.1466, 18.4094 0.0787 -1.1558, 18.4094 -0.0787 -1.1558, 18.4138 0.0787 -1.1642, 18.4138 -0.0787 -1.1642, 18.4201 0.0787 -1.1712, 18.4201 -0.0787 -1.1712, 18.4279 0.0787 -1.1766, 18.4279 -0.0787 -1.1766, 18.4368 0.0787 -1.18, 18.4368 -0.0787 -1.18, 18.4462 0.0787 -1.1811, 18.4462 -0.0787 -1.1811, 18.5538 0.0787 -1.1811, 18.5538 -0.0787 -1.1811, 18.5632 0.0787 -1.18, 18.5632 -0.0787 -1.18, 18.5721 0.0787 -1.1766, 18.5721 -0.0787 -1.1766, 18.5799 0.0787 -1.1712, 18.5799 -0.0787 -1.1712, 18.5862 0.0787 -1.1642, 18.5862 -0.0787 -1.1642, 18.5906 0.0787 -1.1558, 18.5906 -0.0787 -1.1558, 18.5929 0.0787 -1.1466, 18.5929 -0.0787 -1.1466, 18.6219 0.0787 -0.9148, 18.6219 -0.0787 -0.9148, 18.6317 0.0787 0.0805, 18.6317 -0.0787 0.0805, 18.6428 -0.0787 0.1122, 18.6428 0.0787 0.1122, 18.6606 -0.0787 0.1405, 18.6606 0.0787 0.1405, 18.6843 -0.0787 0.1642, 18.6843 0.0787 0.1642, 18.7126 -0.0787 0.182, 18.7126 0.0787 0.182, 18.7443 -0.0787 0.1931, 18.7443 0.0787 0.1931, 18.7776 -0.0787 0.1969, 18.7776 0.0787 0.1969
            ]
        }
        coordIndex [
            0,1,2,-1,3,4,5,-1,6,7,8,-1,8,7,9,-1,8,9,10,-1,0,2,11,-1,11,2,3,-1,11,3,12,-1,12,3,13,-1,12,13,14,-1,1,15,2,-1,2,15,16,-1,2,16,17,-1,18,19,2,-1,2,19,20,-1,21,22,23,-1,23,22,24,-1,20,25,2,-1,2,25,24,-1,2,24,26,-1,26,24,22,-1,27,28,29,-1,29,28,30,-1,17,31,2,-1,2,31,32,-1,2,32,18,-1,10,33,8,-1,8,33,34,-1,8,34,35,-1,35,34,36,-1,35,36,37,-1,38,39,13,-1,36,40,37,-1,37,40,41,-1,37,41,29,-1,29,41,42,-1,29,42,27,-1,39,43,13,-1,13,43,44,-1,13,44,14,-1,4,45,5,-1,5,45,46,-1,5,46,47,-1,46,48,47,-1,47,48,49,-1,47,49,7,-1,30,38,29,-1,29,38,13,-1,29,13,50,-1,50,13,51,-1,50,51,6,-1,6,51,52,-1,6,52,7,-1,7,52,53,-1,7,53,47,-1,54,55,13,-1,3,5,13,-1,13,5,56,-1,13,56,54,-1,57,58,59,-1,60,61,62,-1,62,61,63,-1,64,65,63,-1,63,65,66,-1,63,66,62,-1,59,67,57,-1,57,67,68,-1,57,68,69,-1,70,71,72,-1,72,71,73,-1,74,75,76,-1,76,75,55,-1,76,55,72,-1,73,77,72,-1,72,77,78,-1,72,78,79,-1,70,72,80,-1,80,72,55,-1,80,55,66,-1,66,55,54,-1,66,54,62,-1,79,81,72,-1,72,81,82,-1,72,82,57,-1,57,82,83,-1,57,83,58,-1,5,84,65,-1,85,86,64,-1,64,86,87,-1,64,87,65,-1,65,87,88,-1,65,88,5,-1,5,88,89,-1,5,89,56,-1,90,91,92,-1,92,91,93,-1,92,93,5,-1,5,93,57,-1,5,57,84,-1,84,57,69,-1,74,92,75,-1,75,92,5,-1,75,5,94,-1,94,5,47,-1,95,96,97,-1,95,97,98,-1,98,97,99,-1,98,99,100,-1,100,99,101,-1,100,101,102,-1,102,101,103,-1,102,103,104,-1,104,103,105,-1,104,105,106,-1,106,105,107,-1,106,107,108,-1,108,107,109,-1,108,109,110,-1,111,112,109,-1,109,112,110,-1,112,111,113,-1,112,113,114,-1,114,113,115,-1,114,115,116,-1,116,115,117,-1,116,117,118,-1,118,117,119,-1,118,119,120,-1,120,119,121,-1,120,121,122,-1,122,121,123,-1,122,123,124,-1,125,126,123,-1,123,126,124,-1,126,125,127,-1,126,127,128,-1,128,127,129,-1,128,129,130,-1,130,129,131,-1,130,131,132,-1,132,131,133,-1,132,133,134,-1,134,133,135,-1,134,135,136,-1,136,135,137,-1,136,137,138,-1,139,140,137,-1,137,140,138,-1,140,139,141,-1,141,139,142,-1,141,142,143,-1,143,142,144,-1,143,144,145,-1,145,144,146,-1,145,146,147,-1,147,146,148,-1,147,148,149,-1,149,148,150,-1,149,150,151,-1,151,150,152,-1,151,152,153,-1,153,152,154,-1,153,154,155,-1,155,154,156,-1,155,156,157,-1,157,156,158,-1,157,158,159,-1,159,158,160,-1,159,160,161,-1,161,160,162,-1,161,162,163,-1,163,162,164,-1,163,164,165,-1,165,164,166,-1,165,166,167,-1,167,166,168,-1,169,170,168,-1,168,170,167,-1,170,169,171,-1,170,171,172,-1,172,171,173,-1,172,173,174,-1,174,173,175,-1,174,175,176,-1,176,175,177,-1,176,177,178,-1,178,177,179,-1,178,179,180,-1,180,179,181,-1,180,181,182,-1,183,184,181,-1,181,184,182,-1,184,183,185,-1,184,185,186,-1,186,185,187,-1,186,187,188,-1,188,187,189,-1,188,189,190,-1,190,189,191,-1,190,191,192,-1,192,191,193,-1,192,193,194,-1,194,193,195,-1,194,195,196,-1,197,198,195,-1,195,198,196,-1,198,197,199,-1,198,199,200,-1,200,199,201,-1,200,201,202,-1,202,201,203,-1,202,203,204,-1,204,203,205,-1,204,205,206,-1,206,205,207,-1,206,207,208,-1,208,207,209,-1,208,209,210,-1,210,209,211,-1,210,211,212,-1,213,214,211,-1,211,214,212,-1,214,213,215,-1,215,213,216,-1,215,216,217,-1,217,216,218,-1,217,218,219,-1,219,218,220,-1,219,220,221,-1,221,220,222,-1,221,222,223,-1,223,222,224,-1,223,224,225,-1,225,224,226,-1,225,226,227,-1,227,226,228,-1,229,230,228,-1,228,230,227,-1,229,231,230,-1,230,231,232,-1,233,234,231,-1,231,234,232,-1,234,233,235,-1,234,235,236,-1,236,235,237,-1,236,237,238,-1,238,237,239,-1,238,239,240,-1,240,239,241,-1,240,241,242,-1,242,241,243,-1,242,243,244,-1,244,243,245,-1,244,245,246,-1,247,248,245,-1,245,248,246,-1,248,247,249,-1,248,249,250,-1,250,249,251,-1,250,251,252,-1,252,251,253,-1,252,253,254,-1,254,253,255,-1,254,255,256,-1,256,255,257,-1,256,257,258,-1,258,257,259,-1,258,259,260,-1,261,262,259,-1,259,262,260,-1,94,262,75,-1,75,262,261,-1,75,261,55,-1,52,51,263,-1,53,52,264,-1,264,52,263,-1,264,263,265,-1,265,263,266,-1,265,266,267,-1,267,266,268,-1,267,268,269,-1,269,268,270,-1,269,270,271,-1,271,270,272,-1,271,272,273,-1,273,272,274,-1,273,274,275,-1,275,274,276,-1,96,95,276,-1,276,95,275,-1,267,151,265,-1,265,151,153,-1,265,153,264,-1,204,206,157,-1,157,206,208,-1,157,208,210,-1,140,141,110,-1,102,104,147,-1,223,153,221,-1,221,153,155,-1,221,155,219,-1,157,215,155,-1,155,215,217,-1,155,217,219,-1,204,157,202,-1,202,157,159,-1,202,159,200,-1,200,159,198,-1,198,159,161,-1,198,161,163,-1,140,110,138,-1,141,143,110,-1,110,143,145,-1,110,145,108,-1,108,145,147,-1,108,147,106,-1,106,147,104,-1,267,269,151,-1,151,269,271,-1,151,271,149,-1,149,271,273,-1,149,273,275,-1,275,95,149,-1,149,95,98,-1,149,98,147,-1,147,98,100,-1,147,100,102,-1,230,248,227,-1,227,248,153,-1,227,153,225,-1,225,153,223,-1,210,212,157,-1,157,212,214,-1,157,214,215,-1,196,198,184,-1,184,198,182,-1,163,165,198,-1,198,165,167,-1,198,167,182,-1,182,167,170,-1,122,124,112,-1,262,94,248,-1,248,94,47,-1,248,47,153,-1,153,47,53,-1,153,53,264,-1,230,232,248,-1,248,232,234,-1,248,234,246,-1,246,234,244,-1,174,176,178,-1,112,124,110,-1,110,124,126,-1,110,126,138,-1,170,172,182,-1,182,172,174,-1,182,174,180,-1,180,174,178,-1,188,190,192,-1,130,132,134,-1,184,186,196,-1,196,186,188,-1,196,188,194,-1,194,188,192,-1,112,114,116,-1,126,128,138,-1,138,128,130,-1,138,130,136,-1,136,130,134,-1,234,236,244,-1,244,236,238,-1,244,238,242,-1,242,238,240,-1,116,118,112,-1,112,118,120,-1,112,120,122,-1,250,258,248,-1,248,258,260,-1,248,260,262,-1,250,252,258,-1,258,252,254,-1,258,254,256,-1,270,268,152,-1,207,205,158,-1,156,220,218,-1,228,154,247,-1,152,268,154,-1,154,268,266,-1,154,266,263,-1,156,218,158,-1,158,218,216,-1,158,216,213,-1,228,226,154,-1,154,226,224,-1,154,224,156,-1,156,224,222,-1,156,222,220,-1,148,107,105,-1,144,142,109,-1,109,142,139,-1,195,169,197,-1,197,169,168,-1,197,168,166,-1,185,183,195,-1,166,164,197,-1,197,164,162,-1,197,162,199,-1,199,162,160,-1,199,160,201,-1,201,160,158,-1,201,158,203,-1,203,158,205,-1,213,211,158,-1,158,211,209,-1,158,209,207,-1,101,99,150,-1,150,99,97,-1,150,97,96,-1,96,276,150,-1,150,276,274,-1,150,274,152,-1,152,274,272,-1,152,272,270,-1,148,105,150,-1,150,105,103,-1,150,103,101,-1,127,125,137,-1,107,148,109,-1,109,148,146,-1,109,146,144,-1,195,193,191,-1,195,183,169,-1,169,183,181,-1,169,181,171,-1,177,175,173,-1,235,233,245,-1,245,233,231,-1,245,231,247,-1,247,231,229,-1,247,229,228,-1,263,51,154,-1,154,51,13,-1,154,13,247,-1,247,13,55,-1,247,55,261,-1,137,125,139,-1,133,131,129,-1,191,189,195,-1,195,189,187,-1,195,187,185,-1,241,239,237,-1,171,181,173,-1,173,181,179,-1,173,179,177,-1,127,137,129,-1,129,137,135,-1,129,135,133,-1,139,125,109,-1,109,125,123,-1,109,123,111,-1,111,123,121,-1,111,121,119,-1,235,245,237,-1,237,245,243,-1,237,243,241,-1,119,117,111,-1,111,117,115,-1,111,115,113,-1,251,257,253,-1,253,257,255,-1,261,259,247,-1,247,259,257,-1,247,257,249,-1,249,257,251,-1,
        ]
    }
}
Shape{
    appearance Appearance {
        material  Material 	{
            diffuseColor 0.0 0.0 0.0
            specularColor 0.0 0.0 0.0
            ambientIntensity 0.0
            transparency 0.0
            shininess 0.5
        }
    }
    geometry IndexedFaceSet {
        ccw TRUE
        solid FALSE
        coord DEF co Coordinate {
            point [
                18.624 -0.0429 -0.2634, 18.624 -0.0537 -0.2634, 18.628 -0.0429 -0.2634, 18.628 -0.0537 -0.2634, 18.624 -0.0537 -0.213, 18.628 -0.0537 -0.213, 18.624 0.0447 -0.213, 18.628 0.0447 -0.213, 18.624 0.0447 -0.2262, 18.628 0.0447 -0.2262, 18.624 -0.0429 -0.2262, 18.628 -0.0429 -0.2262, 18.624 -0.0378 -0.345, 18.624 -0.0486 -0.345, 18.628 -0.0378 -0.345, 18.628 -0.0486 -0.345, 18.624 -0.0529 -0.3345, 18.624 -0.0549 -0.3179, 18.628 -0.0549 -0.3179, 18.628 -0.0549 -0.3206, 18.624 -0.0549 -0.3206, 18.628 -0.0543 -0.3246, 18.628 -0.0529 -0.3345, 18.624 -0.0064 -0.2718, 18.628 -0.0064 -0.2718, 18.628 -0.0178 -0.2727, 18.624 -0.0178 -0.2727, 18.628 -0.0282 -0.2757, 18.624 -0.0282 -0.2757, 18.628 -0.0375 -0.2809, 18.624 -0.0375 -0.2809, 18.628 -0.0453 -0.2883, 18.624 -0.0453 -0.2883, 18.628 -0.0504 -0.2962, 18.624 -0.0504 -0.2962, 18.628 -0.0537 -0.3058, 18.624 -0.0537 -0.3058, 18.628 -0.0543 -0.3121, 18.624 0.0459 -0.3218, 18.628 0.0459 -0.3218, 18.628 0.0451 -0.3119, 18.624 0.0451 -0.3119, 18.628 0.0419 -0.301, 18.624 0.0419 -0.301, 18.628 0.0365 -0.2916, 18.624 0.0365 -0.2916, 18.628 0.028 -0.2827, 18.624 0.028 -0.2827, 18.628 0.0188 -0.277, 18.624 0.0188 -0.277, 18.628 0.0076 -0.2732, 18.624 0.0076 -0.2732, 18.624 0.042 -0.345, 18.628 0.042 -0.345, 18.628 0.0451 -0.3336, 18.624 0.0451 -0.3336, 18.624 0.0288 -0.345, 18.628 0.0288 -0.345, 18.624 0.0351 -0.3219, 18.628 0.0351 -0.3219, 18.628 0.0336 -0.3339, 18.624 0.0336 -0.3339, 18.624 -0.0056 -0.285, 18.628 -0.0056 -0.285, 18.628 0.0021 -0.2854, 18.624 0.0021 -0.2854, 18.628 0.0126 -0.2881, 18.624 0.0126 -0.2881, 18.628 0.0202 -0.2921, 18.624 0.0202 -0.2921, 18.628 0.0268 -0.2981, 18.624 0.0268 -0.2981, 18.628 0.0314 -0.3049, 18.624 0.0314 -0.3049, 18.628 0.034 -0.3122, 18.624 0.034 -0.3122, 18.624 -0.0441 -0.3197, 18.628 -0.0441 -0.3197, 18.628 -0.0431 -0.3105, 18.624 -0.0431 -0.3105, 18.628 -0.0404 -0.3034, 18.624 -0.0404 -0.3034, 18.628 -0.0364 -0.2973, 18.624 -0.0364 -0.2973, 18.628 -0.0315 -0.2927, 18.624 -0.0315 -0.2927, 18.628 -0.0247 -0.2886, 18.624 -0.0247 -0.2886, 18.628 -0.0162 -0.286, 18.624 -0.0162 -0.286, 18.628 -0.0388 -0.3432, 18.624 -0.0388 -0.3432, 18.628 -0.0427 -0.3328, 18.624 -0.0427 -0.3328, 18.624 -0.0429 -0.417, 18.624 -0.0537 -0.417, 18.628 -0.0429 -0.417, 18.628 -0.0537 -0.417, 18.624 -0.0537 -0.3642, 18.628 -0.0537 -0.3642, 18.624 0.0447 -0.3642, 18.628 0.0447 -0.3642, 18.624 0.0447 -0.4146, 18.628 0.0447 -0.4146, 18.624 0.0339 -0.4146, 18.628 0.0339 -0.4146, 18.624 0.0339 -0.3774, 18.628 0.0339 -0.3774, 18.624 0.0015 -0.3774, 18.628 0.0015 -0.3774, 18.624 0.0015 -0.4122, 18.628 0.0015 -0.4122, 18.624 -0.0093 -0.4122, 18.628 -0.0093 -0.4122, 18.624 -0.0093 -0.3774, 18.628 -0.0093 -0.3774, 18.624 -0.0429 -0.3774, 18.628 -0.0429 -0.3774, 18.624 -0.0537 -0.463, 18.624 -0.0537 -0.4362, 18.628 -0.0537 -0.463, 18.628 -0.0537 -0.4362, 18.624 0.0447 -0.4362, 18.628 0.0447 -0.4362, 18.624 0.0447 -0.464, 18.628 0.0447 -0.464, 18.624 -0.0033 -0.5154, 18.628 -0.0033 -0.5154, 18.628 0.006 -0.5147, 18.624 0.006 -0.5147, 18.628 0.0157 -0.5121, 18.624 0.0157 -0.5121, 18.628 0.0242 -0.5075, 18.624 0.0242 -0.5075, 18.628 0.0319 -0.5005, 18.624 0.0319 -0.5005, 18.628 0.032 -0.5004, 18.624 0.032 -0.5004, 18.628 0.0391 -0.4897, 18.624 0.0391 -0.4897, 18.628 0.0432 -0.4782, 18.624 0.0432 -0.4782, 18.628 -0.0527 -0.4752, 18.624 -0.0527 -0.4752, 18.628 -0.0493 -0.4865, 18.624 -0.0493 -0.4865, 18.628 -0.0433 -0.4968, 18.624 -0.0433 -0.4968, 18.628 -0.0355 -0.5049, 18.624 -0.0355 -0.5049, 18.628 -0.0267 -0.5105, 18.624 -0.0267 -0.5105, 18.628 -0.0164 -0.5141, 18.624 -0.0164 -0.5141, 18.624 0.0201 -0.4957, 18.624 0.0252 -0.4909, 18.624 0.0298 -0.4837, 18.624 0.0327 -0.4756, 18.624 0.0339 -0.4639, 18.624 0.0339 -0.4494, 18.624 -0.0429 -0.4494, 18.624 -0.0429 -0.4634, 18.624 -0.0419 -0.4738, 18.624 -0.0394 -0.4821, 18.624 -0.0354 -0.4888, 18.624 -0.0299 -0.4943, 18.624 -0.0231 -0.4984, 18.624 -0.0139 -0.5013, 18.624 -0.0035 -0.5022, 18.624 0.0063 -0.5014, 18.624 0.014 -0.4991, 18.628 0.0339 -0.4639, 18.628 0.0339 -0.4494, 18.628 0.0327 -0.4756, 18.628 0.0298 -0.4837, 18.628 0.0252 -0.4909, 18.628 0.0201 -0.4957, 18.628 0.014 -0.4991, 18.628 0.0063 -0.5014, 18.628 -0.0035 -0.5022, 18.628 -0.0139 -0.5013, 18.628 -0.0231 -0.4984, 18.628 -0.0299 -0.4943, 18.628 -0.0354 -0.4888, 18.628 -0.0394 -0.4821, 18.628 -0.0419 -0.4738, 18.628 -0.0429 -0.4634, 18.628 -0.0429 -0.4494
            ]
        }
        coordIndex [
            0,1,2,-1,2,1,3,-1,1,4,3,-1,3,4,5,-1,4,6,5,-1,5,6,7,-1,6,8,7,-1,7,8,9,-1,8,10,9,-1,9,10,11,-1,10,0,11,-1,11,0,2,-1,8,6,10,-1,10,6,4,-1,10,4,0,-1,0,4,1,-1,12,13,14,-1,14,13,15,-1,15,13,16,-1,17,18,19,-1,17,19,20,-1,20,19,21,-1,20,21,16,-1,16,21,22,-1,16,22,15,-1,23,24,25,-1,23,25,26,-1,26,25,27,-1,26,27,28,-1,28,27,29,-1,28,29,30,-1,30,29,31,-1,30,31,32,-1,32,31,33,-1,32,33,34,-1,34,33,35,-1,34,35,36,-1,36,35,17,-1,17,35,37,-1,17,37,18,-1,38,39,40,-1,38,40,41,-1,41,40,42,-1,41,42,43,-1,43,42,44,-1,43,44,45,-1,45,44,46,-1,45,46,47,-1,47,46,48,-1,47,48,49,-1,49,48,50,-1,49,50,51,-1,51,50,24,-1,51,24,23,-1,52,53,54,-1,52,54,55,-1,55,54,39,-1,55,39,38,-1,52,56,53,-1,53,56,57,-1,58,59,60,-1,58,60,61,-1,61,60,57,-1,61,57,56,-1,62,63,64,-1,62,64,65,-1,65,64,66,-1,65,66,67,-1,67,66,68,-1,67,68,69,-1,69,68,70,-1,69,70,71,-1,71,70,72,-1,71,72,73,-1,73,72,74,-1,73,74,75,-1,75,74,59,-1,75,59,58,-1,76,77,78,-1,76,78,79,-1,79,78,80,-1,79,80,81,-1,81,80,82,-1,81,82,83,-1,83,82,84,-1,83,84,85,-1,85,84,86,-1,85,86,87,-1,87,86,88,-1,87,88,89,-1,89,88,63,-1,89,63,62,-1,12,14,90,-1,12,90,91,-1,91,90,92,-1,91,92,93,-1,93,92,77,-1,93,77,76,-1,79,17,76,-1,76,17,20,-1,76,20,93,-1,93,20,16,-1,93,16,91,-1,91,16,13,-1,91,13,12,-1,56,52,61,-1,61,52,55,-1,61,55,58,-1,58,55,38,-1,58,38,75,-1,75,38,41,-1,75,41,73,-1,73,41,43,-1,73,43,71,-1,71,43,45,-1,71,45,69,-1,69,45,47,-1,69,47,67,-1,67,47,49,-1,67,49,65,-1,65,49,51,-1,65,51,62,-1,62,51,23,-1,62,23,89,-1,89,23,26,-1,89,26,87,-1,87,26,28,-1,87,28,85,-1,85,28,30,-1,85,30,83,-1,83,30,32,-1,83,32,81,-1,81,32,34,-1,81,34,79,-1,79,34,36,-1,79,36,17,-1,94,95,96,-1,96,95,97,-1,95,98,97,-1,97,98,99,-1,98,100,99,-1,99,100,101,-1,100,102,101,-1,101,102,103,-1,102,104,103,-1,103,104,105,-1,104,106,105,-1,105,106,107,-1,106,108,107,-1,107,108,109,-1,108,110,109,-1,109,110,111,-1,110,112,111,-1,111,112,113,-1,112,114,113,-1,113,114,115,-1,114,116,115,-1,115,116,117,-1,116,94,117,-1,117,94,96,-1,98,95,94,-1,94,116,98,-1,98,116,114,-1,98,114,100,-1,104,102,106,-1,106,102,100,-1,106,100,108,-1,108,100,114,-1,108,114,110,-1,110,114,112,-1,118,119,120,-1,120,119,121,-1,119,122,121,-1,121,122,123,-1,122,124,123,-1,123,124,125,-1,126,127,128,-1,126,128,129,-1,129,128,130,-1,129,130,131,-1,131,130,132,-1,131,132,133,-1,133,132,134,-1,133,134,135,-1,135,134,136,-1,135,136,137,-1,137,136,138,-1,137,138,139,-1,139,138,140,-1,139,140,141,-1,141,140,125,-1,141,125,124,-1,118,120,142,-1,118,142,143,-1,143,142,144,-1,143,144,145,-1,145,144,146,-1,145,146,147,-1,147,146,148,-1,147,148,149,-1,149,148,150,-1,149,150,151,-1,151,150,152,-1,151,152,153,-1,153,152,127,-1,153,127,126,-1,131,133,154,-1,154,133,135,-1,154,135,155,-1,155,135,137,-1,155,137,156,-1,156,137,139,-1,156,139,157,-1,157,139,141,-1,157,141,158,-1,158,141,124,-1,158,124,159,-1,159,124,122,-1,159,122,160,-1,160,122,119,-1,160,119,161,-1,161,119,118,-1,161,118,162,-1,162,118,143,-1,162,143,163,-1,163,143,145,-1,163,145,164,-1,164,145,147,-1,164,147,165,-1,165,147,149,-1,165,149,166,-1,166,149,151,-1,166,151,167,-1,167,151,153,-1,167,153,168,-1,168,153,126,-1,168,126,169,-1,169,126,129,-1,169,129,170,-1,170,129,131,-1,170,131,154,-1,158,159,171,-1,171,159,172,-1,158,171,173,-1,158,173,157,-1,157,173,174,-1,157,174,156,-1,156,174,175,-1,156,175,155,-1,155,175,176,-1,155,176,154,-1,154,176,177,-1,154,177,170,-1,170,177,178,-1,170,178,169,-1,169,178,179,-1,169,179,168,-1,168,179,180,-1,168,180,167,-1,167,180,181,-1,167,181,166,-1,166,181,182,-1,166,182,165,-1,165,182,183,-1,165,183,164,-1,164,183,184,-1,164,184,163,-1,163,184,185,-1,163,185,162,-1,162,185,186,-1,162,186,161,-1,160,161,187,-1,187,161,186,-1,159,160,172,-1,172,160,187,-1,
        ]
    }
}
Shape{
    appearance Appearance {
        material  Material 	{
            diffuseColor 0.9490196078431372 0.7607843137254902 0.1803921568627451
            specularColor 0.7607843137254902 0.6078431372549019 0.1450980392156863
            ambientIntensity 0.7509
            transparency 0.0
            shininess 0.5
        }
    }
    geometry IndexedFaceSet {
        ccw TRUE
        solid FALSE
        coord DEF co Coordinate {
            point [
                18.628 0.0339 -0.4494, 18.628 -0.0429 -0.4494, 18.628 0.0339 -0.4639, 18.628 -0.0429 -0.4634, 18.628 -0.0419 -0.4738, 18.628 -0.0035 -0.5022, 18.628 0.0063 -0.5014, 18.628 0.014 -0.4991, 18.628 0.0327 -0.4756, 18.628 -0.0394 -0.4821, 18.628 -0.0354 -0.4888, 18.628 -0.0299 -0.4943, 18.628 -0.0231 -0.4984, 18.628 -0.0139 -0.5013, 18.628 0.0201 -0.4957, 18.628 0.0252 -0.4909, 18.628 0.0298 -0.4837
            ]
        }
        coordIndex [
            0,1,2,-1,2,1,3,-1,2,3,4,-1,5,6,2,-1,2,6,7,-1,2,7,8,-1,4,9,2,-1,2,9,10,-1,2,10,11,-1,11,12,2,-1,2,12,13,-1,2,13,5,-1,14,15,7,-1,7,15,16,-1,7,16,8,-1,
        ]
    }
}
Shape{
    appearance Appearance {
        material  Material 	{
            diffuseColor 0.0 0.0 0.0
            specularColor 0.0 0.0 0.0
            ambientIntensity 0.0
            transparency 0.0
            shininess 0.5
        }
    }
    geometry IndexedFaceSet {
        ccw TRUE
        solid FALSE
        coord DEF co Coordinate {
            point [
                18.624 0.0447 -0.573, 18.624 -0.0537 -0.6115, 18.628 0.0447 -0.573, 18.628 -0.0537 -0.6115, 18.624 -0.0537 -0.5971, 18.628 -0.0537 -0.5971, 18.624 -0.0261 -0.5871, 18.628 -0.0261 -0.5871, 18.624 -0.0261 -0.5464, 18.628 -0.0261 -0.5464, 18.624 -0.0537 -0.537, 18.628 -0.0537 -0.537, 18.624 -0.0537 -0.5226, 18.628 -0.0537 -0.5226, 18.624 0.0447 -0.5598, 18.628 0.0447 -0.5598, 18.624 -0.0153 -0.5498, 18.624 -0.0153 -0.5827, 18.624 0.0258 -0.5644, 18.624 0.0292 -0.5654, 18.624 0.0327 -0.566, 18.624 0.0327 -0.5663, 18.624 0.0292 -0.567, 18.624 0.0258 -0.5679, 18.628 -0.0153 -0.5498, 18.628 -0.0153 -0.5827, 18.628 0.0258 -0.5644, 18.628 0.0292 -0.5654, 18.628 0.0327 -0.566, 18.628 0.0327 -0.5663, 18.628 0.0292 -0.567, 18.628 0.0258 -0.5679
            ]
        }
        coordIndex [
            0,1,2,-1,2,1,3,-1,1,4,3,-1,3,4,5,-1,4,6,5,-1,5,6,7,-1,6,8,7,-1,7,8,9,-1,8,10,9,-1,9,10,11,-1,10,12,11,-1,11,12,13,-1,12,14,13,-1,13,14,15,-1,14,0,15,-1,15,0,2,-1,16,8,17,-1,17,8,6,-1,18,14,16,-1,16,14,12,-1,16,12,8,-1,8,12,10,-1,18,19,14,-1,14,19,20,-1,14,20,0,-1,0,20,21,-1,0,21,22,-1,22,23,0,-1,0,23,17,-1,0,17,1,-1,1,17,6,-1,1,6,4,-1,16,17,24,-1,24,17,25,-1,18,16,26,-1,26,16,24,-1,18,26,27,-1,18,27,19,-1,19,27,28,-1,19,28,20,-1,21,20,29,-1,29,20,28,-1,21,29,30,-1,21,30,22,-1,22,30,31,-1,22,31,23,-1,17,23,25,-1,25,23,31,-1,
        ]
    }
}
Shape{
    appearance Appearance {
        material  Material 	{
            diffuseColor 0.9490196078431372 0.7607843137254902 0.1803921568627451
            specularColor 0.7607843137254902 0.6078431372549019 0.1450980392156863
            ambientIntensity 0.7509
            transparency 0.0
            shininess 0.5
        }
    }
    geometry IndexedFaceSet {
        ccw TRUE
        solid FALSE
        coord DEF co Coordinate {
            point [
                18.628 -0.0153 -0.5498, 18.628 -0.0153 -0.5827, 18.628 0.0258 -0.5644, 18.628 0.0258 -0.5679, 18.628 0.0292 -0.5654, 18.628 0.0292 -0.567, 18.628 0.0327 -0.566, 18.628 0.0327 -0.5663, 17.628 0.0351 -0.3219, 17.628 0.034 -0.3122, 17.628 -0.0388 -0.3432, 17.628 -0.0378 -0.345, 17.628 -0.0486 -0.345, 17.628 -0.0543 -0.3546, 17.628 -0.0537 -0.213, 17.628 -0.0543 -0.3121, 17.628 -0.0537 -0.2634, 17.628 -0.0537 -0.3058, 17.628 -0.0504 -0.2962, 17.628 0.0336 -0.3339, 17.628 0.0288 -0.345, 17.628 0.0787 -0.3546, 17.628 0.042 -0.345, 17.628 0.0314 -0.3049, 17.628 0.0268 -0.2981, 17.628 0.0202 -0.2921, 17.628 -0.0056 -0.285, 17.628 -0.0162 -0.286, 17.628 -0.0247 -0.2886, 17.628 -0.0431 -0.3105, 17.628 -0.0441 -0.3197, 17.628 -0.0404 -0.3034, 17.628 -0.0364 -0.2973, 17.628 -0.0315 -0.2927, 17.628 -0.0427 -0.3328, 17.628 0.0188 -0.277, 17.628 0.028 -0.2827, 17.628 0.0447 -0.2262, 17.628 0.0365 -0.2916, 17.628 0.0126 -0.2881, 17.628 0.0021 -0.2854, 17.628 -0.0453 -0.2883, 17.628 -0.0375 -0.2809, 17.628 -0.0429 -0.2634, 17.628 -0.0282 -0.2757, 17.628 -0.0429 -0.2262, 17.628 0.0419 -0.301, 17.628 0.0451 -0.3119, 17.628 -0.0178 -0.2727, 17.628 -0.0064 -0.2718, 17.628 0.0076 -0.2732, 17.628 0.0459 -0.3218, 17.628 0.0451 -0.3336, 17.628 -0.0529 -0.3345, 17.628 -0.0543 -0.3246, 17.628 -0.0787 -0.3546, 17.628 -0.0549 -0.3206, 17.628 -0.0549 -0.3179, 17.628 0.0447 -0.213, 17.628 0.0787 0.0472, 17.628 -0.0543 0.0472, 17.628 -0.0787 0.0472, 17.628 0.0447 -0.4146, 17.628 0.0787 -0.8171, 17.628 0.0447 -0.3642, 17.628 -0.0537 -0.5226, 17.628 -0.0267 -0.5105, 17.628 -0.0355 -0.5049, 17.628 0.0339 -0.3774, 17.628 0.0015 -0.3774, 17.628 0.0339 -0.4146, 17.628 0.0015 -0.4122, 17.628 -0.0093 -0.4122, 17.628 -0.0537 -0.4362, 17.628 0.0447 -0.4362, 17.628 -0.0433 -0.4968, 17.628 -0.0493 -0.4865, 17.628 -0.0527 -0.4752, 17.628 0.0432 -0.4782, 17.628 0.0391 -0.4897, 17.628 0.0447 -0.5598, 17.628 0.032 -0.5004, 17.628 -0.0537 -0.6115, 17.628 -0.0543 -0.8171, 17.628 0.0447 -0.573, 17.628 0.0319 -0.5005, 17.628 0.0242 -0.5075, 17.628 0.0157 -0.5121, 17.628 0.0447 -0.464, 17.628 0.006 -0.5147, 17.628 -0.0033 -0.5154, 17.628 -0.0164 -0.5141, 17.628 -0.0537 -0.463, 17.628 -0.0093 -0.3774, 17.628 -0.0429 -0.3774, 17.628 -0.0429 -0.417, 17.628 -0.0537 -0.417, 17.628 -0.0537 -0.3642, 17.628 -0.0261 -0.5871, 17.628 -0.0261 -0.5464, 17.628 -0.0537 -0.5971, 17.628 -0.0537 -0.537, 17.628 -0.0787 -0.8171, 17.7835 -0.0787 0.1969, 17.7835 0.0787 0.1969, 17.8168 0.0787 0.2006, 17.8168 -0.0787 0.2006, 17.8484 0.0787 0.2117, 17.8484 -0.0787 0.2117, 17.8767 0.0787 0.2295, 17.8767 -0.0787 0.2295, 17.9004 0.0787 0.2532, 17.9004 -0.0787 0.2532, 17.9183 0.0787 0.2815, 17.9183 -0.0787 0.2815, 17.9293 0.0787 0.3132, 17.9293 -0.0787 0.3132, 17.9331 0.0787 0.3465, 17.9331 -0.0787 0.3465, 17.9331 0.0787 2.3032, 17.9331 -0.0787 2.3032, 17.9311 0.0787 2.3184, 17.9311 -0.0787 2.3184, 17.9252 0.0787 2.3327, 17.9252 -0.0787 2.3327, 17.9158 0.0787 2.3449, 17.9158 -0.0787 2.3449, 17.9035 0.0787 2.3543, 17.9035 -0.0787 2.3543, 17.8893 0.0787 2.3602, 17.8893 -0.0787 2.3602, 17.874 0.0787 2.3622, 17.874 -0.0787 2.3622, 17.7953 0.0787 2.3622, 17.7953 -0.0787 2.3622, 17.78 0.0787 2.3602, 17.78 -0.0787 2.3602, 17.7657 0.0787 2.3543, 17.7657 -0.0787 2.3543, 17.7535 0.0787 2.3449, 17.7535 -0.0787 2.3449, 17.7441 0.0787 2.3327, 17.7441 -0.0787 2.3327, 17.7382 0.0787 2.3184, 17.7382 -0.0787 2.3184, 17.7362 0.0787 2.3032, 17.7362 -0.0787 2.3032, 17.7362 0.0787 0.709, 17.7362 -0.0787 0.709, 17.7326 -0.0787 0.6752, 17.7326 0.0787 0.6752, 17.7217 -0.0787 0.643, 17.7217 0.0787 0.643, 17.7042 -0.0787 0.6138, 17.7042 0.0787 0.6138, 17.6809 -0.0787 0.5891, 17.6809 0.0787 0.5891, 17.6264 -0.0787 0.5528, 17.6264 0.0787 0.5528, 17.565 -0.0787 0.5302, 17.565 0.0787 0.5302, 17.5 -0.0787 0.5225, 17.5 0.0787 0.5225, 17.435 -0.0787 0.5302, 17.435 0.0787 0.5302, 17.3736 -0.0787 0.5528, 17.3736 0.0787 0.5528, 17.3191 -0.0787 0.5891, 17.3191 0.0787 0.5891, 17.2958 -0.0787 0.6138, 17.2958 0.0787 0.6138, 17.2783 -0.0787 0.643, 17.2783 0.0787 0.643, 17.2674 -0.0787 0.6752, 17.2674 0.0787 0.6752, 17.2638 -0.0787 0.709, 17.2638 0.0787 0.709, 17.2638 0.0787 2.3032, 17.2638 -0.0787 2.3032, 17.2618 0.0787 2.3184, 17.2618 -0.0787 2.3184, 17.2559 0.0787 2.3327, 17.2559 -0.0787 2.3327, 17.2465 0.0787 2.3449, 17.2465 -0.0787 2.3449, 17.2343 0.0787 2.3543, 17.2343 -0.0787 2.3543, 17.22 0.0787 2.3602, 17.22 -0.0787 2.3602, 17.2047 0.0787 2.3622, 17.2047 -0.0787 2.3622, 17.126 0.0787 2.3622, 17.126 -0.0787 2.3622, 17.1107 0.0787 2.3602, 17.1107 -0.0787 2.3602, 17.0965 0.0787 2.3543, 17.0965 -0.0787 2.3543, 17.0842 0.0787 2.3449, 17.0842 -0.0787 2.3449, 17.0748 0.0787 2.3327, 17.0748 -0.0787 2.3327, 17.0689 0.0787 2.3184, 17.0689 -0.0787 2.3184, 17.0669 0.0787 2.3032, 17.0669 -0.0787 2.3032, 17.0669 0.0787 0.3465, 17.0669 -0.0787 0.3465, 17.0707 0.0787 0.3132, 17.0707 -0.0787 0.3132, 17.0817 0.0787 0.2815, 17.0817 -0.0787 0.2815, 17.0996 0.0787 0.2532, 17.0996 -0.0787 0.2532, 17.1233 0.0787 0.2295, 17.1233 -0.0787 0.2295, 17.1516 0.0787 0.2117, 17.1516 -0.0787 0.2117, 17.1832 0.0787 0.2006, 17.1832 -0.0787 0.2006, 17.2165 0.0787 0.1969, 17.2165 -0.0787 0.1969, 17.2224 0.0787 0.1969, 17.2224 -0.0787 0.1969, 17.2557 -0.0787 0.1931, 17.2557 0.0787 0.1931, 17.2874 -0.0787 0.182, 17.2874 0.0787 0.182, 17.3157 -0.0787 0.1642, 17.3157 0.0787 0.1642, 17.3394 -0.0787 0.1405, 17.3394 0.0787 0.1405, 17.3572 -0.0787 0.1122, 17.3572 0.0787 0.1122, 17.3683 -0.0787 0.0805, 17.3683 0.0787 0.0805, 17.372 -0.0787 0.0472, 17.372 0.0787 0.0472, 17.372 0.0787 -0.8171, 17.372 -0.0787 -0.8171, 17.3781 0.0787 -0.9148, 17.3781 -0.0787 -0.9148, 17.4071 0.0787 -1.1466, 17.4071 -0.0787 -1.1466, 17.4094 0.0787 -1.1558, 17.4094 -0.0787 -1.1558, 17.4138 0.0787 -1.1642, 17.4138 -0.0787 -1.1642, 17.4201 0.0787 -1.1712, 17.4201 -0.0787 -1.1712, 17.4279 0.0787 -1.1766, 17.4279 -0.0787 -1.1766, 17.4368 0.0787 -1.18, 17.4368 -0.0787 -1.18, 17.4462 0.0787 -1.1811, 17.4462 -0.0787 -1.1811, 17.5538 0.0787 -1.1811, 17.5538 -0.0787 -1.1811, 17.5632 0.0787 -1.18, 17.5632 -0.0787 -1.18, 17.5721 0.0787 -1.1766, 17.5721 -0.0787 -1.1766, 17.5799 0.0787 -1.1712, 17.5799 -0.0787 -1.1712, 17.5862 0.0787 -1.1642, 17.5862 -0.0787 -1.1642, 17.5906 0.0787 -1.1558, 17.5906 -0.0787 -1.1558, 17.5929 0.0787 -1.1466, 17.5929 -0.0787 -1.1466, 17.6219 0.0787 -0.9148, 17.6219 -0.0787 -0.9148, 17.6317 0.0787 0.0805, 17.6317 -0.0787 0.0805, 17.6428 -0.0787 0.1122, 17.6428 0.0787 0.1122, 17.6606 -0.0787 0.1405, 17.6606 0.0787 0.1405, 17.6843 -0.0787 0.1642, 17.6843 0.0787 0.1642, 17.7126 -0.0787 0.182, 17.7126 0.0787 0.182, 17.7443 -0.0787 0.1931, 17.7443 0.0787 0.1931, 17.7776 -0.0787 0.1969, 17.7776 0.0787 0.1969
            ]
        }
        coordIndex [
            0,1,2,-1,2,1,3,-1,2,3,4,-1,4,3,5,-1,4,5,6,-1,6,5,7,-1,8,9,10,-1,11,12,13,-1,14,15,16,-1,16,15,17,-1,16,17,18,-1,8,10,19,-1,19,10,11,-1,19,11,20,-1,20,11,21,-1,20,21,22,-1,9,23,10,-1,10,23,24,-1,10,24,25,-1,26,27,10,-1,10,27,28,-1,29,30,31,-1,31,30,32,-1,28,33,10,-1,10,33,32,-1,10,32,34,-1,34,32,30,-1,35,36,37,-1,37,36,38,-1,25,39,10,-1,10,39,40,-1,10,40,26,-1,18,41,16,-1,16,41,42,-1,16,42,43,-1,43,42,44,-1,43,44,45,-1,46,47,21,-1,44,48,45,-1,45,48,49,-1,45,49,37,-1,37,49,50,-1,37,50,35,-1,47,51,21,-1,21,51,52,-1,21,52,22,-1,12,53,13,-1,13,53,54,-1,13,54,55,-1,54,56,55,-1,55,56,57,-1,55,57,15,-1,38,46,37,-1,37,46,21,-1,37,21,58,-1,58,21,59,-1,58,59,14,-1,14,59,60,-1,14,60,15,-1,15,60,61,-1,15,61,55,-1,62,63,21,-1,11,13,21,-1,21,13,64,-1,21,64,62,-1,65,66,67,-1,68,69,70,-1,70,69,71,-1,72,73,71,-1,71,73,74,-1,71,74,70,-1,67,75,65,-1,65,75,76,-1,65,76,77,-1,78,79,80,-1,80,79,81,-1,82,83,84,-1,84,83,63,-1,84,63,80,-1,81,85,80,-1,80,85,86,-1,80,86,87,-1,78,80,88,-1,88,80,63,-1,88,63,74,-1,74,63,62,-1,74,62,70,-1,87,89,80,-1,80,89,90,-1,80,90,65,-1,65,90,91,-1,65,91,66,-1,13,92,73,-1,93,94,72,-1,72,94,95,-1,72,95,73,-1,73,95,96,-1,73,96,13,-1,13,96,97,-1,13,97,64,-1,98,99,100,-1,100,99,101,-1,100,101,13,-1,13,101,65,-1,13,65,92,-1,92,65,77,-1,82,100,83,-1,83,100,13,-1,83,13,102,-1,102,13,55,-1,103,104,105,-1,103,105,106,-1,106,105,107,-1,106,107,108,-1,108,107,109,-1,108,109,110,-1,110,109,111,-1,110,111,112,-1,112,111,113,-1,112,113,114,-1,114,113,115,-1,114,115,116,-1,116,115,117,-1,116,117,118,-1,119,120,117,-1,117,120,118,-1,120,119,121,-1,120,121,122,-1,122,121,123,-1,122,123,124,-1,124,123,125,-1,124,125,126,-1,126,125,127,-1,126,127,128,-1,128,127,129,-1,128,129,130,-1,130,129,131,-1,130,131,132,-1,133,134,131,-1,131,134,132,-1,134,133,135,-1,134,135,136,-1,136,135,137,-1,136,137,138,-1,138,137,139,-1,138,139,140,-1,140,139,141,-1,140,141,142,-1,142,141,143,-1,142,143,144,-1,144,143,145,-1,144,145,146,-1,147,148,145,-1,145,148,146,-1,148,147,149,-1,149,147,150,-1,149,150,151,-1,151,150,152,-1,151,152,153,-1,153,152,154,-1,153,154,155,-1,155,154,156,-1,155,156,157,-1,157,156,158,-1,157,158,159,-1,159,158,160,-1,159,160,161,-1,161,160,162,-1,161,162,163,-1,163,162,164,-1,163,164,165,-1,165,164,166,-1,165,166,167,-1,167,166,168,-1,167,168,169,-1,169,168,170,-1,169,170,171,-1,171,170,172,-1,171,172,173,-1,173,172,174,-1,173,174,175,-1,175,174,176,-1,177,178,176,-1,176,178,175,-1,178,177,179,-1,178,179,180,-1,180,179,181,-1,180,181,182,-1,182,181,183,-1,182,183,184,-1,184,183,185,-1,184,185,186,-1,186,185,187,-1,186,187,188,-1,188,187,189,-1,188,189,190,-1,191,192,189,-1,189,192,190,-1,192,191,193,-1,192,193,194,-1,194,193,195,-1,194,195,196,-1,196,195,197,-1,196,197,198,-1,198,197,199,-1,198,199,200,-1,200,199,201,-1,200,201,202,-1,202,201,203,-1,202,203,204,-1,205,206,203,-1,203,206,204,-1,206,205,207,-1,206,207,208,-1,208,207,209,-1,208,209,210,-1,210,209,211,-1,210,211,212,-1,212,211,213,-1,212,213,214,-1,214,213,215,-1,214,215,216,-1,216,215,217,-1,216,217,218,-1,218,217,219,-1,218,219,220,-1,221,222,219,-1,219,222,220,-1,222,221,223,-1,223,221,224,-1,223,224,225,-1,225,224,226,-1,225,226,227,-1,227,226,228,-1,227,228,229,-1,229,228,230,-1,229,230,231,-1,231,230,232,-1,231,232,233,-1,233,232,234,-1,233,234,235,-1,235,234,236,-1,237,238,236,-1,236,238,235,-1,237,239,238,-1,238,239,240,-1,241,242,239,-1,239,242,240,-1,242,241,243,-1,242,243,244,-1,244,243,245,-1,244,245,246,-1,246,245,247,-1,246,247,248,-1,248,247,249,-1,248,249,250,-1,250,249,251,-1,250,251,252,-1,252,251,253,-1,252,253,254,-1,255,256,253,-1,253,256,254,-1,256,255,257,-1,256,257,258,-1,258,257,259,-1,258,259,260,-1,260,259,261,-1,260,261,262,-1,262,261,263,-1,262,263,264,-1,264,263,265,-1,264,265,266,-1,266,265,267,-1,266,267,268,-1,269,270,267,-1,267,270,268,-1,102,270,83,-1,83,270,269,-1,83,269,63,-1,60,59,271,-1,61,60,272,-1,272,60,271,-1,272,271,273,-1,273,271,274,-1,273,274,275,-1,275,274,276,-1,275,276,277,-1,277,276,278,-1,277,278,279,-1,279,278,280,-1,279,280,281,-1,281,280,282,-1,281,282,283,-1,283,282,284,-1,104,103,284,-1,284,103,283,-1,227,229,163,-1,55,61,161,-1,163,229,161,-1,161,229,231,-1,161,231,233,-1,108,110,157,-1,275,159,273,-1,273,159,161,-1,273,161,272,-1,272,161,61,-1,220,222,165,-1,165,222,223,-1,165,223,163,-1,163,223,225,-1,163,225,227,-1,210,212,165,-1,165,212,214,-1,110,112,157,-1,157,112,114,-1,157,114,155,-1,155,114,116,-1,155,116,153,-1,153,116,118,-1,153,118,151,-1,275,277,159,-1,159,277,279,-1,159,279,157,-1,157,279,281,-1,157,281,283,-1,214,216,165,-1,165,216,218,-1,165,218,220,-1,210,165,208,-1,208,165,167,-1,208,167,206,-1,206,167,169,-1,206,169,171,-1,171,173,206,-1,206,173,175,-1,206,175,204,-1,204,175,178,-1,146,148,118,-1,118,148,149,-1,118,149,151,-1,283,103,157,-1,157,103,106,-1,157,106,108,-1,252,254,244,-1,132,134,118,-1,266,268,256,-1,256,268,270,-1,256,270,102,-1,233,235,161,-1,161,235,256,-1,161,256,55,-1,55,256,102,-1,182,184,186,-1,194,196,204,-1,235,238,256,-1,256,238,240,-1,256,240,254,-1,254,240,242,-1,254,242,244,-1,178,180,190,-1,190,180,182,-1,190,182,188,-1,188,182,186,-1,178,190,204,-1,204,190,192,-1,204,192,194,-1,258,260,262,-1,196,198,204,-1,204,198,200,-1,204,200,202,-1,118,134,146,-1,146,134,136,-1,146,136,138,-1,258,262,256,-1,256,262,264,-1,256,264,266,-1,138,140,146,-1,146,140,142,-1,146,142,144,-1,246,248,244,-1,244,248,250,-1,244,250,252,-1,118,120,132,-1,132,120,122,-1,132,122,130,-1,130,122,124,-1,130,124,128,-1,128,124,126,-1,230,164,232,-1,232,164,162,-1,255,236,162,-1,162,236,234,-1,162,234,232,-1,215,213,166,-1,230,228,164,-1,164,228,226,-1,164,226,166,-1,166,226,224,-1,166,224,221,-1,274,162,276,-1,276,162,160,-1,276,160,278,-1,274,271,162,-1,162,271,59,-1,162,59,21,-1,203,177,205,-1,205,177,176,-1,205,176,174,-1,213,211,166,-1,166,211,209,-1,166,209,168,-1,168,209,207,-1,168,207,170,-1,170,207,205,-1,170,205,172,-1,172,205,174,-1,221,219,166,-1,166,219,217,-1,166,217,215,-1,111,158,113,-1,113,158,156,-1,113,156,115,-1,115,156,117,-1,117,156,154,-1,117,154,152,-1,253,239,255,-1,255,239,237,-1,255,237,236,-1,158,282,160,-1,160,282,280,-1,160,280,278,-1,111,109,158,-1,158,109,107,-1,158,107,105,-1,199,191,201,-1,201,191,203,-1,187,185,177,-1,105,104,158,-1,158,104,284,-1,158,284,282,-1,199,197,191,-1,191,197,195,-1,191,195,193,-1,203,191,177,-1,177,191,189,-1,177,189,187,-1,21,63,162,-1,162,63,269,-1,162,269,255,-1,255,269,267,-1,255,267,265,-1,185,183,177,-1,177,183,181,-1,177,181,179,-1,259,257,261,-1,261,257,255,-1,261,255,263,-1,263,255,265,-1,152,150,117,-1,117,150,147,-1,117,147,119,-1,119,147,145,-1,251,243,253,-1,253,243,241,-1,253,241,239,-1,251,249,243,-1,243,249,247,-1,243,247,245,-1,143,141,133,-1,131,119,133,-1,133,119,145,-1,133,145,143,-1,141,139,133,-1,133,139,137,-1,133,137,135,-1,127,125,123,-1,131,129,119,-1,119,129,127,-1,119,127,121,-1,121,127,123,-1,
        ]
    }
}
Shape{
    appearance Appearance {
        material  Material 	{
            diffuseColor 0.0 0.0 0.0
            specularColor 0.0 0.0 0.0
            ambientIntensity 0.0
            transparency 0.0
            shininess 0.5
        }
    }
    geometry IndexedFaceSet {
        ccw TRUE
        solid FALSE
        coord DEF co Coordinate {
            point [
                17.624 -0.0429 -0.2634, 17.624 -0.0537 -0.2634, 17.628 -0.0429 -0.2634, 17.628 -0.0537 -0.2634, 17.624 -0.0537 -0.213, 17.628 -0.0537 -0.213, 17.624 0.0447 -0.213, 17.628 0.0447 -0.213, 17.624 0.0447 -0.2262, 17.628 0.0447 -0.2262, 17.624 -0.0429 -0.2262, 17.628 -0.0429 -0.2262, 17.624 -0.0378 -0.345, 17.624 -0.0486 -0.345, 17.628 -0.0378 -0.345, 17.628 -0.0486 -0.345, 17.624 -0.0529 -0.3345, 17.624 -0.0549 -0.3179, 17.628 -0.0549 -0.3179, 17.628 -0.0549 -0.3206, 17.624 -0.0549 -0.3206, 17.628 -0.0543 -0.3246, 17.628 -0.0529 -0.3345, 17.624 -0.0064 -0.2718, 17.628 -0.0064 -0.2718, 17.628 -0.0178 -0.2727, 17.624 -0.0178 -0.2727, 17.628 -0.0282 -0.2757, 17.624 -0.0282 -0.2757, 17.628 -0.0375 -0.2809, 17.624 -0.0375 -0.2809, 17.628 -0.0453 -0.2883, 17.624 -0.0453 -0.2883, 17.628 -0.0504 -0.2962, 17.624 -0.0504 -0.2962, 17.628 -0.0537 -0.3058, 17.624 -0.0537 -0.3058, 17.628 -0.0543 -0.3121, 17.624 0.0459 -0.3218, 17.628 0.0459 -0.3218, 17.628 0.0451 -0.3119, 17.624 0.0451 -0.3119, 17.628 0.0419 -0.301, 17.624 0.0419 -0.301, 17.628 0.0365 -0.2916, 17.624 0.0365 -0.2916, 17.628 0.028 -0.2827, 17.624 0.028 -0.2827, 17.628 0.0188 -0.277, 17.624 0.0188 -0.277, 17.628 0.0076 -0.2732, 17.624 0.0076 -0.2732, 17.624 0.042 -0.345, 17.628 0.042 -0.345, 17.628 0.0451 -0.3336, 17.624 0.0451 -0.3336, 17.624 0.0288 -0.345, 17.628 0.0288 -0.345, 17.624 0.0351 -0.3219, 17.628 0.0351 -0.3219, 17.628 0.0336 -0.3339, 17.624 0.0336 -0.3339, 17.624 -0.0056 -0.285, 17.628 -0.0056 -0.285, 17.628 0.0021 -0.2854, 17.624 0.0021 -0.2854, 17.628 0.0126 -0.2881, 17.624 0.0126 -0.2881, 17.628 0.0202 -0.2921, 17.624 0.0202 -0.2921, 17.628 0.0268 -0.2981, 17.624 0.0268 -0.2981, 17.628 0.0314 -0.3049, 17.624 0.0314 -0.3049, 17.628 0.034 -0.3122, 17.624 0.034 -0.3122, 17.624 -0.0441 -0.3197, 17.628 -0.0441 -0.3197, 17.628 -0.0431 -0.3105, 17.624 -0.0431 -0.3105, 17.628 -0.0404 -0.3034, 17.624 -0.0404 -0.3034, 17.628 -0.0364 -0.2973, 17.624 -0.0364 -0.2973, 17.628 -0.0315 -0.2927, 17.624 -0.0315 -0.2927, 17.628 -0.0247 -0.2886, 17.624 -0.0247 -0.2886, 17.628 -0.0162 -0.286, 17.624 -0.0162 -0.286, 17.628 -0.0388 -0.3432, 17.624 -0.0388 -0.3432, 17.628 -0.0427 -0.3328, 17.624 -0.0427 -0.3328, 17.624 -0.0429 -0.417, 17.624 -0.0537 -0.417, 17.628 -0.0429 -0.417, 17.628 -0.0537 -0.417, 17.624 -0.0537 -0.3642, 17.628 -0.0537 -0.3642, 17.624 0.0447 -0.3642, 17.628 0.0447 -0.3642, 17.624 0.0447 -0.4146, 17.628 0.0447 -0.4146, 17.624 0.0339 -0.4146, 17.628 0.0339 -0.4146, 17.624 0.0339 -0.3774, 17.628 0.0339 -0.3774, 17.624 0.0015 -0.3774, 17.628 0.0015 -0.3774, 17.624 0.0015 -0.4122, 17.628 0.0015 -0.4122, 17.624 -0.0093 -0.4122, 17.628 -0.0093 -0.4122, 17.624 -0.0093 -0.3774, 17.628 -0.0093 -0.3774, 17.624 -0.0429 -0.3774, 17.628 -0.0429 -0.3774, 17.624 -0.0537 -0.463, 17.624 -0.0537 -0.4362, 17.628 -0.0537 -0.463, 17.628 -0.0537 -0.4362, 17.624 0.0447 -0.4362, 17.628 0.0447 -0.4362, 17.624 0.0447 -0.464, 17.628 0.0447 -0.464, 17.624 -0.0033 -0.5154, 17.628 -0.0033 -0.5154, 17.628 0.006 -0.5147, 17.624 0.006 -0.5147, 17.628 0.0157 -0.5121, 17.624 0.0157 -0.5121, 17.628 0.0242 -0.5075, 17.624 0.0242 -0.5075, 17.628 0.0319 -0.5005, 17.624 0.0319 -0.5005, 17.628 0.032 -0.5004, 17.624 0.032 -0.5004, 17.628 0.0391 -0.4897, 17.624 0.0391 -0.4897, 17.628 0.0432 -0.4782, 17.624 0.0432 -0.4782, 17.628 -0.0527 -0.4752, 17.624 -0.0527 -0.4752, 17.628 -0.0493 -0.4865, 17.624 -0.0493 -0.4865, 17.628 -0.0433 -0.4968, 17.624 -0.0433 -0.4968, 17.628 -0.0355 -0.5049, 17.624 -0.0355 -0.5049, 17.628 -0.0267 -0.5105, 17.624 -0.0267 -0.5105, 17.628 -0.0164 -0.5141, 17.624 -0.0164 -0.5141, 17.624 0.0201 -0.4957, 17.624 0.0252 -0.4909, 17.624 0.0298 -0.4837, 17.624 0.0327 -0.4756, 17.624 0.0339 -0.4639, 17.624 0.0339 -0.4494, 17.624 -0.0429 -0.4494, 17.624 -0.0429 -0.4634, 17.624 -0.0419 -0.4738, 17.624 -0.0394 -0.4821, 17.624 -0.0354 -0.4888, 17.624 -0.0299 -0.4943, 17.624 -0.0231 -0.4984, 17.624 -0.0139 -0.5013, 17.624 -0.0035 -0.5022, 17.624 0.0063 -0.5014, 17.624 0.014 -0.4991, 17.628 0.0339 -0.4639, 17.628 0.0339 -0.4494, 17.628 0.0327 -0.4756, 17.628 0.0298 -0.4837, 17.628 0.0252 -0.4909, 17.628 0.0201 -0.4957, 17.628 0.014 -0.4991, 17.628 0.0063 -0.5014, 17.628 -0.0035 -0.5022, 17.628 -0.0139 -0.5013, 17.628 -0.0231 -0.4984, 17.628 -0.0299 -0.4943, 17.628 -0.0354 -0.4888, 17.628 -0.0394 -0.4821, 17.628 -0.0419 -0.4738, 17.628 -0.0429 -0.4634, 17.628 -0.0429 -0.4494
            ]
        }
        coordIndex [
            0,1,2,-1,2,1,3,-1,1,4,3,-1,3,4,5,-1,4,6,5,-1,5,6,7,-1,6,8,7,-1,7,8,9,-1,8,10,9,-1,9,10,11,-1,10,0,11,-1,11,0,2,-1,8,6,10,-1,10,6,4,-1,10,4,0,-1,0,4,1,-1,12,13,14,-1,14,13,15,-1,15,13,16,-1,17,18,19,-1,17,19,20,-1,20,19,21,-1,20,21,16,-1,16,21,22,-1,16,22,15,-1,23,24,25,-1,23,25,26,-1,26,25,27,-1,26,27,28,-1,28,27,29,-1,28,29,30,-1,30,29,31,-1,30,31,32,-1,32,31,33,-1,32,33,34,-1,34,33,35,-1,34,35,36,-1,36,35,17,-1,17,35,37,-1,17,37,18,-1,38,39,40,-1,38,40,41,-1,41,40,42,-1,41,42,43,-1,43,42,44,-1,43,44,45,-1,45,44,46,-1,45,46,47,-1,47,46,48,-1,47,48,49,-1,49,48,50,-1,49,50,51,-1,51,50,24,-1,51,24,23,-1,52,53,54,-1,52,54,55,-1,55,54,39,-1,55,39,38,-1,52,56,53,-1,53,56,57,-1,58,59,60,-1,58,60,61,-1,61,60,57,-1,61,57,56,-1,62,63,64,-1,62,64,65,-1,65,64,66,-1,65,66,67,-1,67,66,68,-1,67,68,69,-1,69,68,70,-1,69,70,71,-1,71,70,72,-1,71,72,73,-1,73,72,74,-1,73,74,75,-1,75,74,59,-1,75,59,58,-1,76,77,78,-1,76,78,79,-1,79,78,80,-1,79,80,81,-1,81,80,82,-1,81,82,83,-1,83,82,84,-1,83,84,85,-1,85,84,86,-1,85,86,87,-1,87,86,88,-1,87,88,89,-1,89,88,63,-1,89,63,62,-1,12,14,90,-1,12,90,91,-1,91,90,92,-1,91,92,93,-1,93,92,77,-1,93,77,76,-1,79,17,76,-1,76,17,20,-1,76,20,93,-1,93,20,16,-1,93,16,91,-1,91,16,13,-1,91,13,12,-1,56,52,61,-1,61,52,55,-1,61,55,58,-1,58,55,38,-1,58,38,75,-1,75,38,41,-1,75,41,73,-1,73,41,43,-1,73,43,71,-1,71,43,45,-1,71,45,69,-1,69,45,47,-1,69,47,67,-1,67,47,49,-1,67,49,65,-1,65,49,51,-1,65,51,62,-1,62,51,23,-1,62,23,89,-1,89,23,26,-1,89,26,87,-1,87,26,28,-1,87,28,85,-1,85,28,30,-1,85,30,83,-1,83,30,32,-1,83,32,81,-1,81,32,34,-1,81,34,79,-1,79,34,36,-1,79,36,17,-1,94,95,96,-1,96,95,97,-1,95,98,97,-1,97,98,99,-1,98,100,99,-1,99,100,101,-1,100,102,101,-1,101,102,103,-1,102,104,103,-1,103,104,105,-1,104,106,105,-1,105,106,107,-1,106,108,107,-1,107,108,109,-1,108,110,109,-1,109,110,111,-1,110,112,111,-1,111,112,113,-1,112,114,113,-1,113,114,115,-1,114,116,115,-1,115,116,117,-1,116,94,117,-1,117,94,96,-1,98,95,94,-1,94,116,98,-1,98,116,114,-1,98,114,100,-1,104,102,106,-1,106,102,100,-1,106,100,108,-1,108,100,114,-1,108,114,110,-1,110,114,112,-1,118,119,120,-1,120,119,121,-1,119,122,121,-1,121,122,123,-1,122,124,123,-1,123,124,125,-1,126,127,128,-1,126,128,129,-1,129,128,130,-1,129,130,131,-1,131,130,132,-1,131,132,133,-1,133,132,134,-1,133,134,135,-1,135,134,136,-1,135,136,137,-1,137,136,138,-1,137,138,139,-1,139,138,140,-1,139,140,141,-1,141,140,125,-1,141,125,124,-1,118,120,142,-1,118,142,143,-1,143,142,144,-1,143,144,145,-1,145,144,146,-1,145,146,147,-1,147,146,148,-1,147,148,149,-1,149,148,150,-1,149,150,151,-1,151,150,152,-1,151,152,153,-1,153,152,127,-1,153,127,126,-1,131,133,154,-1,154,133,135,-1,154,135,155,-1,155,135,137,-1,155,137,156,-1,156,137,139,-1,156,139,157,-1,157,139,141,-1,157,141,158,-1,158,141,124,-1,158,124,159,-1,159,124,122,-1,159,122,160,-1,160,122,119,-1,160,119,161,-1,161,119,118,-1,161,118,162,-1,162,118,143,-1,162,143,163,-1,163,143,145,-1,163,145,164,-1,164,145,147,-1,164,147,165,-1,165,147,149,-1,165,149,166,-1,166,149,151,-1,166,151,167,-1,167,151,153,-1,167,153,168,-1,168,153,126,-1,168,126,169,-1,169,126,129,-1,169,129,170,-1,170,129,131,-1,170,131,154,-1,158,159,171,-1,171,159,172,-1,158,171,173,-1,158,173,157,-1,157,173,174,-1,157,174,156,-1,156,174,175,-1,156,175,155,-1,155,175,176,-1,155,176,154,-1,154,176,177,-1,154,177,170,-1,170,177,178,-1,170,178,169,-1,169,178,179,-1,169,179,168,-1,168,179,180,-1,168,180,167,-1,167,180,181,-1,167,181,166,-1,166,181,182,-1,166,182,165,-1,165,182,183,-1,165,183,164,-1,164,183,184,-1,164,184,163,-1,163,184,185,-1,163,185,162,-1,162,185,186,-1,162,186,161,-1,160,161,187,-1,187,161,186,-1,159,160,172,-1,172,160,187,-1,
        ]
    }
}
Shape{
    appearance Appearance {
        material  Material 	{
            diffuseColor 0.9490196078431372 0.7607843137254902 0.1803921568627451
            specularColor 0.7607843137254902 0.6078431372549019 0.1450980392156863
            ambientIntensity 0.7509
            transparency 0.0
            shininess 0.5
        }
    }
    geometry IndexedFaceSet {
        ccw TRUE
        solid FALSE
        coord DEF co Coordinate {
            point [
                17.628 0.0339 -0.4494, 17.628 -0.0429 -0.4494, 17.628 0.0339 -0.4639, 17.628 -0.0429 -0.4634, 17.628 -0.0419 -0.4738, 17.628 -0.0035 -0.5022, 17.628 0.0063 -0.5014, 17.628 0.014 -0.4991, 17.628 0.0327 -0.4756, 17.628 -0.0394 -0.4821, 17.628 -0.0354 -0.4888, 17.628 -0.0299 -0.4943, 17.628 -0.0231 -0.4984, 17.628 -0.0139 -0.5013, 17.628 0.0201 -0.4957, 17.628 0.0252 -0.4909, 17.628 0.0298 -0.4837
            ]
        }
        coordIndex [
            0,1,2,-1,2,1,3,-1,2,3,4,-1,5,6,2,-1,2,6,7,-1,2,7,8,-1,4,9,2,-1,2,9,10,-1,2,10,11,-1,11,12,2,-1,2,12,13,-1,2,13,5,-1,14,15,7,-1,7,15,16,-1,7,16,8,-1,
        ]
    }
}
Shape{
    appearance Appearance {
        material  Material 	{
            diffuseColor 0.0 0.0 0.0
            specularColor 0.0 0.0 0.0
            ambientIntensity 0.0
            transparency 0.0
            shininess 0.5
        }
    }
    geometry IndexedFaceSet {
        ccw TRUE
        solid FALSE
        coord DEF co Coordinate {
            point [
                17.624 0.0447 -0.573, 17.624 -0.0537 -0.6115, 17.628 0.0447 -0.573, 17.628 -0.0537 -0.6115, 17.624 -0.0537 -0.5971, 17.628 -0.0537 -0.5971, 17.624 -0.0261 -0.5871, 17.628 -0.0261 -0.5871, 17.624 -0.0261 -0.5464, 17.628 -0.0261 -0.5464, 17.624 -0.0537 -0.537, 17.628 -0.0537 -0.537, 17.624 -0.0537 -0.5226, 17.628 -0.0537 -0.5226, 17.624 0.0447 -0.5598, 17.628 0.0447 -0.5598, 17.624 -0.0153 -0.5498, 17.624 -0.0153 -0.5827, 17.624 0.0258 -0.5644, 17.624 0.0292 -0.5654, 17.624 0.0327 -0.566, 17.624 0.0327 -0.5663, 17.624 0.0292 -0.567, 17.624 0.0258 -0.5679, 17.628 -0.0153 -0.5498, 17.628 -0.0153 -0.5827, 17.628 0.0258 -0.5644, 17.628 0.0292 -0.5654, 17.628 0.0327 -0.566, 17.628 0.0327 -0.5663, 17.628 0.0292 -0.567, 17.628 0.0258 -0.5679
            ]
        }
        coordIndex [
            0,1,2,-1,2,1,3,-1,1,4,3,-1,3,4,5,-1,4,6,5,-1,5,6,7,-1,6,8,7,-1,7,8,9,-1,8,10,9,-1,9,10,11,-1,10,12,11,-1,11,12,13,-1,12,14,13,-1,13,14,15,-1,14,0,15,-1,15,0,2,-1,16,8,17,-1,17,8,6,-1,18,14,16,-1,16,14,12,-1,16,12,8,-1,8,12,10,-1,18,19,14,-1,14,19,20,-1,14,20,0,-1,0,20,21,-1,0,21,22,-1,22,23,0,-1,0,23,17,-1,0,17,1,-1,1,17,6,-1,1,6,4,-1,16,17,24,-1,24,17,25,-1,18,16,26,-1,26,16,24,-1,18,26,27,-1,18,27,19,-1,19,27,28,-1,19,28,20,-1,21,20,29,-1,29,20,28,-1,21,29,30,-1,21,30,22,-1,22,30,31,-1,22,31,23,-1,17,23,25,-1,25,23,31,-1,
        ]
    }
}
Shape{
    appearance Appearance {
        material  Material 	{
            diffuseColor 0.9490196078431372 0.7607843137254902 0.1803921568627451
            specularColor 0.7607843137254902 0.6078431372549019 0.1450980392156863
            ambientIntensity 0.7509
            transparency 0.0
            shininess 0.5
        }
    }
    geometry IndexedFaceSet {
        ccw TRUE
        solid FALSE
        coord DEF co Coordinate {
            point [
                17.628 -0.0153 -0.5498, 17.628 -0.0153 -0.5827, 17.628 0.0258 -0.5644, 17.628 0.0258 -0.5679, 17.628 0.0292 -0.5654, 17.628 0.0292 -0.567, 17.628 0.0327 -0.566, 17.628 0.0327 -0.5663, 16.628 0.0351 -0.3219, 16.628 0.034 -0.3122, 16.628 -0.0388 -0.3432, 16.628 -0.0378 -0.345, 16.628 -0.0486 -0.345, 16.628 -0.0543 -0.3546, 16.628 -0.0537 -0.213, 16.628 -0.0543 -0.3121, 16.628 -0.0537 -0.2634, 16.628 -0.0537 -0.3058, 16.628 -0.0504 -0.2962, 16.628 0.0336 -0.3339, 16.628 0.0288 -0.345, 16.628 0.0787 -0.3546, 16.628 0.042 -0.345, 16.628 0.0314 -0.3049, 16.628 0.0268 -0.2981, 16.628 0.0202 -0.2921, 16.628 -0.0056 -0.285, 16.628 -0.0162 -0.286, 16.628 -0.0247 -0.2886, 16.628 -0.0431 -0.3105, 16.628 -0.0441 -0.3197, 16.628 -0.0404 -0.3034, 16.628 -0.0364 -0.2973, 16.628 -0.0315 -0.2927, 16.628 -0.0427 -0.3328, 16.628 0.0188 -0.277, 16.628 0.028 -0.2827, 16.628 0.0447 -0.2262, 16.628 0.0365 -0.2916, 16.628 0.0126 -0.2881, 16.628 0.0021 -0.2854, 16.628 -0.0453 -0.2883, 16.628 -0.0375 -0.2809, 16.628 -0.0429 -0.2634, 16.628 -0.0282 -0.2757, 16.628 -0.0429 -0.2262, 16.628 0.0419 -0.301, 16.628 0.0451 -0.3119, 16.628 -0.0178 -0.2727, 16.628 -0.0064 -0.2718, 16.628 0.0076 -0.2732, 16.628 0.0459 -0.3218, 16.628 0.0451 -0.3336, 16.628 -0.0529 -0.3345, 16.628 -0.0543 -0.3246, 16.628 -0.0787 -0.3546, 16.628 -0.0549 -0.3206, 16.628 -0.0549 -0.3179, 16.628 0.0447 -0.213, 16.628 0.0787 0.0472, 16.628 -0.0543 0.0472, 16.628 -0.0787 0.0472, 16.628 0.0447 -0.4146, 16.628 0.0787 -0.8171, 16.628 0.0447 -0.3642, 16.628 -0.0537 -0.5226, 16.628 -0.0267 -0.5105, 16.628 -0.0355 -0.5049, 16.628 0.0339 -0.3774, 16.628 0.0015 -0.3774, 16.628 0.0339 -0.4146, 16.628 0.0015 -0.4122, 16.628 -0.0093 -0.4122, 16.628 -0.0537 -0.4362, 16.628 0.0447 -0.4362, 16.628 -0.0433 -0.4968, 16.628 -0.0493 -0.4865, 16.628 -0.0527 -0.4752, 16.628 0.0432 -0.4782, 16.628 0.0391 -0.4897, 16.628 0.0447 -0.5598, 16.628 0.032 -0.5004, 16.628 -0.0537 -0.6115, 16.628 -0.0543 -0.8171, 16.628 0.0447 -0.573, 16.628 0.0319 -0.5005, 16.628 0.0242 -0.5075, 16.628 0.0157 -0.5121, 16.628 0.0447 -0.464, 16.628 0.006 -0.5147, 16.628 -0.0033 -0.5154, 16.628 -0.0164 -0.5141, 16.628 -0.0537 -0.463, 16.628 -0.0093 -0.3774, 16.628 -0.0429 -0.3774, 16.628 -0.0429 -0.417, 16.628 -0.0537 -0.417, 16.628 -0.0537 -0.3642, 16.628 -0.0261 -0.5871, 16.628 -0.0261 -0.5464, 16.628 -0.0537 -0.5971, 16.628 -0.0537 -0.537, 16.628 -0.0787 -0.8171, 16.7835 -0.0787 0.1969, 16.7835 0.0787 0.1969, 16.8168 0.0787 0.2006, 16.8168 -0.0787 0.2006, 16.8484 0.0787 0.2117, 16.8484 -0.0787 0.2117, 16.8767 0.0787 0.2295, 16.8767 -0.0787 0.2295, 16.9004 0.0787 0.2532, 16.9004 -0.0787 0.2532, 16.9183 0.0787 0.2815, 16.9183 -0.0787 0.2815, 16.9293 0.0787 0.3132, 16.9293 -0.0787 0.3132, 16.9331 0.0787 0.3465, 16.9331 -0.0787 0.3465, 16.9331 0.0787 2.3032, 16.9331 -0.0787 2.3032, 16.9311 0.0787 2.3184, 16.9311 -0.0787 2.3184, 16.9252 0.0787 2.3327, 16.9252 -0.0787 2.3327, 16.9158 0.0787 2.3449, 16.9158 -0.0787 2.3449, 16.9035 0.0787 2.3543, 16.9035 -0.0787 2.3543, 16.8893 0.0787 2.3602, 16.8893 -0.0787 2.3602, 16.874 0.0787 2.3622, 16.874 -0.0787 2.3622, 16.7953 0.0787 2.3622, 16.7953 -0.0787 2.3622, 16.78 0.0787 2.3602, 16.78 -0.0787 2.3602, 16.7657 0.0787 2.3543, 16.7657 -0.0787 2.3543, 16.7535 0.0787 2.3449, 16.7535 -0.0787 2.3449, 16.7441 0.0787 2.3327, 16.7441 -0.0787 2.3327, 16.7382 0.0787 2.3184, 16.7382 -0.0787 2.3184, 16.7362 0.0787 2.3032, 16.7362 -0.0787 2.3032, 16.7362 0.0787 0.709, 16.7362 -0.0787 0.709, 16.7326 -0.0787 0.6752, 16.7326 0.0787 0.6752, 16.7217 -0.0787 0.643, 16.7217 0.0787 0.643, 16.7042 -0.0787 0.6138, 16.7042 0.0787 0.6138, 16.6809 -0.0787 0.5891, 16.6809 0.0787 0.5891, 16.6264 -0.0787 0.5528, 16.6264 0.0787 0.5528, 16.565 -0.0787 0.5302, 16.565 0.0787 0.5302, 16.5 -0.0787 0.5225, 16.5 0.0787 0.5225, 16.435 -0.0787 0.5302, 16.435 0.0787 0.5302, 16.3736 -0.0787 0.5528, 16.3736 0.0787 0.5528, 16.3191 -0.0787 0.5891, 16.3191 0.0787 0.5891, 16.2958 -0.0787 0.6138, 16.2958 0.0787 0.6138, 16.2783 -0.0787 0.643, 16.2783 0.0787 0.643, 16.2674 -0.0787 0.6752, 16.2674 0.0787 0.6752, 16.2638 -0.0787 0.709, 16.2638 0.0787 0.709, 16.2638 0.0787 2.3032, 16.2638 -0.0787 2.3032, 16.2618 0.0787 2.3184, 16.2618 -0.0787 2.3184, 16.2559 0.0787 2.3327, 16.2559 -0.0787 2.3327, 16.2465 0.0787 2.3449, 16.2465 -0.0787 2.3449, 16.2343 0.0787 2.3543, 16.2343 -0.0787 2.3543, 16.22 0.0787 2.3602, 16.22 -0.0787 2.3602, 16.2047 0.0787 2.3622, 16.2047 -0.0787 2.3622, 16.126 0.0787 2.3622, 16.126 -0.0787 2.3622, 16.1107 0.0787 2.3602, 16.1107 -0.0787 2.3602, 16.0965 0.0787 2.3543, 16.0965 -0.0787 2.3543, 16.0842 0.0787 2.3449, 16.0842 -0.0787 2.3449, 16.0748 0.0787 2.3327, 16.0748 -0.0787 2.3327, 16.0689 0.0787 2.3184, 16.0689 -0.0787 2.3184, 16.0669 0.0787 2.3032, 16.0669 -0.0787 2.3032, 16.0669 0.0787 0.3465, 16.0669 -0.0787 0.3465, 16.0707 0.0787 0.3132, 16.0707 -0.0787 0.3132, 16.0817 0.0787 0.2815, 16.0817 -0.0787 0.2815, 16.0996 0.0787 0.2532, 16.0996 -0.0787 0.2532, 16.1233 0.0787 0.2295, 16.1233 -0.0787 0.2295, 16.1516 0.0787 0.2117, 16.1516 -0.0787 0.2117, 16.1832 0.0787 0.2006, 16.1832 -0.0787 0.2006, 16.2165 0.0787 0.1969, 16.2165 -0.0787 0.1969, 16.2224 0.0787 0.1969, 16.2224 -0.0787 0.1969, 16.2557 -0.0787 0.1931, 16.2557 0.0787 0.1931, 16.2874 -0.0787 0.182, 16.2874 0.0787 0.182, 16.3157 -0.0787 0.1642, 16.3157 0.0787 0.1642, 16.3394 -0.0787 0.1405, 16.3394 0.0787 0.1405, 16.3572 -0.0787 0.1122, 16.3572 0.0787 0.1122, 16.3683 -0.0787 0.0805, 16.3683 0.0787 0.0805, 16.372 -0.0787 0.0472, 16.372 0.0787 0.0472, 16.372 0.0787 -0.8171, 16.372 -0.0787 -0.8171, 16.3781 0.0787 -0.9148, 16.3781 -0.0787 -0.9148, 16.4071 0.0787 -1.1466, 16.4071 -0.0787 -1.1466, 16.4094 0.0787 -1.1558, 16.4094 -0.0787 -1.1558, 16.4138 0.0787 -1.1642, 16.4138 -0.0787 -1.1642, 16.4201 0.0787 -1.1712, 16.4201 -0.0787 -1.1712, 16.4279 0.0787 -1.1766, 16.4279 -0.0787 -1.1766, 16.4368 0.0787 -1.18, 16.4368 -0.0787 -1.18, 16.4462 0.0787 -1.1811, 16.4462 -0.0787 -1.1811, 16.5538 0.0787 -1.1811, 16.5538 -0.0787 -1.1811, 16.5632 0.0787 -1.18, 16.5632 -0.0787 -1.18, 16.5721 0.0787 -1.1766, 16.5721 -0.0787 -1.1766, 16.5799 0.0787 -1.1712, 16.5799 -0.0787 -1.1712, 16.5862 0.0787 -1.1642, 16.5862 -0.0787 -1.1642, 16.5906 0.0787 -1.1558, 16.5906 -0.0787 -1.1558, 16.5929 0.0787 -1.1466, 16.5929 -0.0787 -1.1466, 16.6219 0.0787 -0.9148, 16.6219 -0.0787 -0.9148, 16.6317 0.0787 0.0805, 16.6317 -0.0787 0.0805, 16.6428 -0.0787 0.1122, 16.6428 0.0787 0.1122, 16.6606 -0.0787 0.1405, 16.6606 0.0787 0.1405, 16.6843 -0.0787 0.1642, 16.6843 0.0787 0.1642, 16.7126 -0.0787 0.182, 16.7126 0.0787 0.182, 16.7443 -0.0787 0.1931, 16.7443 0.0787 0.1931, 16.7776 -0.0787 0.1969, 16.7776 0.0787 0.1969
            ]
        }
        coordIndex [
            0,1,2,-1,2,1,3,-1,2,3,4,-1,4,3,5,-1,4,5,6,-1,6,5,7,-1,8,9,10,-1,11,12,13,-1,14,15,16,-1,16,15,17,-1,16,17,18,-1,8,10,19,-1,19,10,11,-1,19,11,20,-1,20,11,21,-1,20,21,22,-1,9,23,10,-1,10,23,24,-1,10,24,25,-1,26,27,10,-1,10,27,28,-1,29,30,31,-1,31,30,32,-1,28,33,10,-1,10,33,32,-1,10,32,34,-1,34,32,30,-1,35,36,37,-1,37,36,38,-1,25,39,10,-1,10,39,40,-1,10,40,26,-1,18,41,16,-1,16,41,42,-1,16,42,43,-1,43,42,44,-1,43,44,45,-1,46,47,21,-1,44,48,45,-1,45,48,49,-1,45,49,37,-1,37,49,50,-1,37,50,35,-1,47,51,21,-1,21,51,52,-1,21,52,22,-1,12,53,13,-1,13,53,54,-1,13,54,55,-1,54,56,55,-1,55,56,57,-1,55,57,15,-1,38,46,37,-1,37,46,21,-1,37,21,58,-1,58,21,59,-1,58,59,14,-1,14,59,60,-1,14,60,15,-1,15,60,61,-1,15,61,55,-1,62,63,21,-1,11,13,21,-1,21,13,64,-1,21,64,62,-1,65,66,67,-1,68,69,70,-1,70,69,71,-1,72,73,71,-1,71,73,74,-1,71,74,70,-1,67,75,65,-1,65,75,76,-1,65,76,77,-1,78,79,80,-1,80,79,81,-1,82,83,84,-1,84,83,63,-1,84,63,80,-1,81,85,80,-1,80,85,86,-1,80,86,87,-1,78,80,88,-1,88,80,63,-1,88,63,74,-1,74,63,62,-1,74,62,70,-1,87,89,80,-1,80,89,90,-1,80,90,65,-1,65,90,91,-1,65,91,66,-1,13,92,73,-1,93,94,72,-1,72,94,95,-1,72,95,73,-1,73,95,96,-1,73,96,13,-1,13,96,97,-1,13,97,64,-1,98,99,100,-1,100,99,101,-1,100,101,13,-1,13,101,65,-1,13,65,92,-1,92,65,77,-1,82,100,83,-1,83,100,13,-1,83,13,102,-1,102,13,55,-1,103,104,105,-1,103,105,106,-1,106,105,107,-1,106,107,108,-1,108,107,109,-1,108,109,110,-1,110,109,111,-1,110,111,112,-1,112,111,113,-1,112,113,114,-1,114,113,115,-1,114,115,116,-1,116,115,117,-1,116,117,118,-1,119,120,117,-1,117,120,118,-1,120,119,121,-1,120,121,122,-1,122,121,123,-1,122,123,124,-1,124,123,125,-1,124,125,126,-1,126,125,127,-1,126,127,128,-1,128,127,129,-1,128,129,130,-1,130,129,131,-1,130,131,132,-1,133,134,131,-1,131,134,132,-1,134,133,135,-1,134,135,136,-1,136,135,137,-1,136,137,138,-1,138,137,139,-1,138,139,140,-1,140,139,141,-1,140,141,142,-1,142,141,143,-1,142,143,144,-1,144,143,145,-1,144,145,146,-1,147,148,145,-1,145,148,146,-1,148,147,149,-1,149,147,150,-1,149,150,151,-1,151,150,152,-1,151,152,153,-1,153,152,154,-1,153,154,155,-1,155,154,156,-1,155,156,157,-1,157,156,158,-1,157,158,159,-1,159,158,160,-1,159,160,161,-1,161,160,162,-1,161,162,163,-1,163,162,164,-1,163,164,165,-1,165,164,166,-1,165,166,167,-1,167,166,168,-1,167,168,169,-1,169,168,170,-1,169,170,171,-1,171,170,172,-1,171,172,173,-1,173,172,174,-1,173,174,175,-1,175,174,176,-1,177,178,176,-1,176,178,175,-1,178,177,179,-1,178,179,180,-1,180,179,181,-1,180,181,182,-1,182,181,183,-1,182,183,184,-1,184,183,185,-1,184,185,186,-1,186,185,187,-1,186,187,188,-1,188,187,189,-1,188,189,190,-1,191,192,189,-1,189,192,190,-1,192,191,193,-1,192,193,194,-1,194,193,195,-1,194,195,196,-1,196,195,197,-1,196,197,198,-1,198,197,199,-1,198,199,200,-1,200,199,201,-1,200,201,202,-1,202,201,203,-1,202,203,204,-1,205,206,203,-1,203,206,204,-1,206,205,207,-1,206,207,208,-1,208,207,209,-1,208,209,210,-1,210,209,211,-1,210,211,212,-1,212,211,213,-1,212,213,214,-1,214,213,215,-1,214,215,216,-1,216,215,217,-1,216,217,218,-1,218,217,219,-1,218,219,220,-1,221,222,219,-1,219,222,220,-1,222,221,223,-1,223,221,224,-1,223,224,225,-1,225,224,226,-1,225,226,227,-1,227,226,228,-1,227,228,229,-1,229,228,230,-1,229,230,231,-1,231,230,232,-1,231,232,233,-1,233,232,234,-1,233,234,235,-1,235,234,236,-1,237,238,236,-1,236,238,235,-1,237,239,238,-1,238,239,240,-1,241,242,239,-1,239,242,240,-1,242,241,243,-1,242,243,244,-1,244,243,245,-1,244,245,246,-1,246,245,247,-1,246,247,248,-1,248,247,249,-1,248,249,250,-1,250,249,251,-1,250,251,252,-1,252,251,253,-1,252,253,254,-1,255,256,253,-1,253,256,254,-1,256,255,257,-1,256,257,258,-1,258,257,259,-1,258,259,260,-1,260,259,261,-1,260,261,262,-1,262,261,263,-1,262,263,264,-1,264,263,265,-1,264,265,266,-1,266,265,267,-1,266,267,268,-1,269,270,267,-1,267,270,268,-1,102,270,83,-1,83,270,269,-1,83,269,63,-1,60,59,271,-1,61,60,272,-1,272,60,271,-1,272,271,273,-1,273,271,274,-1,273,274,275,-1,275,274,276,-1,275,276,277,-1,277,276,278,-1,277,278,279,-1,279,278,280,-1,279,280,281,-1,281,280,282,-1,281,282,283,-1,283,282,284,-1,104,103,284,-1,284,103,283,-1,227,229,163,-1,275,159,273,-1,273,159,161,-1,108,110,157,-1,275,277,159,-1,159,277,279,-1,159,279,157,-1,157,279,281,-1,157,281,283,-1,55,61,161,-1,161,61,272,-1,161,272,273,-1,163,229,161,-1,161,229,231,-1,161,231,233,-1,220,222,165,-1,165,222,223,-1,165,223,163,-1,163,223,225,-1,163,225,227,-1,212,167,210,-1,210,167,208,-1,148,149,118,-1,149,151,118,-1,118,151,153,-1,118,153,116,-1,116,153,155,-1,116,155,114,-1,114,155,157,-1,114,157,112,-1,112,157,110,-1,283,103,157,-1,157,103,106,-1,157,106,108,-1,235,238,256,-1,238,240,256,-1,256,240,242,-1,256,242,254,-1,212,214,167,-1,167,214,216,-1,167,216,165,-1,165,216,218,-1,165,218,220,-1,208,167,206,-1,206,167,169,-1,206,169,171,-1,233,235,161,-1,161,235,256,-1,161,256,55,-1,55,256,102,-1,182,184,190,-1,190,184,186,-1,190,186,188,-1,190,192,204,-1,266,268,256,-1,256,268,270,-1,256,270,102,-1,171,173,206,-1,206,173,175,-1,206,175,204,-1,204,175,178,-1,204,178,190,-1,190,178,180,-1,190,180,182,-1,242,244,254,-1,254,244,246,-1,254,246,252,-1,252,246,248,-1,252,248,250,-1,198,192,196,-1,196,192,194,-1,198,200,192,-1,192,200,202,-1,192,202,204,-1,132,134,146,-1,146,134,136,-1,146,136,138,-1,258,260,262,-1,148,118,146,-1,146,118,120,-1,146,120,132,-1,132,120,122,-1,132,122,124,-1,138,140,146,-1,146,140,142,-1,146,142,144,-1,258,262,256,-1,256,262,264,-1,256,264,266,-1,126,128,124,-1,124,128,130,-1,124,130,132,-1,278,276,160,-1,213,211,168,-1,230,164,232,-1,232,164,162,-1,232,162,234,-1,177,176,189,-1,174,172,205,-1,205,172,170,-1,205,170,207,-1,207,170,168,-1,207,168,209,-1,209,168,211,-1,230,228,164,-1,164,228,226,-1,164,226,166,-1,166,226,224,-1,166,224,221,-1,221,219,166,-1,166,219,217,-1,166,217,168,-1,168,217,215,-1,168,215,213,-1,234,162,236,-1,236,162,255,-1,236,255,237,-1,160,276,162,-1,162,276,274,-1,162,274,271,-1,104,284,158,-1,158,284,282,-1,158,282,160,-1,160,282,280,-1,160,280,278,-1,156,115,113,-1,156,113,158,-1,158,113,111,-1,158,111,109,-1,115,156,117,-1,117,156,154,-1,117,154,152,-1,174,205,176,-1,176,205,191,-1,176,191,189,-1,63,255,21,-1,21,255,162,-1,21,162,59,-1,59,162,271,-1,109,107,158,-1,158,107,105,-1,158,105,104,-1,245,243,253,-1,253,243,241,-1,253,241,255,-1,255,241,239,-1,255,239,237,-1,205,203,191,-1,191,203,201,-1,191,201,199,-1,199,197,191,-1,191,197,195,-1,191,195,193,-1,251,249,253,-1,253,249,247,-1,253,247,245,-1,63,269,255,-1,255,269,267,-1,255,267,265,-1,152,150,117,-1,117,150,147,-1,117,147,119,-1,119,147,145,-1,183,189,185,-1,185,189,187,-1,183,181,189,-1,189,181,179,-1,189,179,177,-1,259,257,261,-1,261,257,255,-1,261,255,263,-1,263,255,265,-1,141,133,143,-1,143,133,145,-1,145,133,119,-1,119,133,131,-1,119,131,121,-1,127,125,123,-1,141,139,133,-1,133,139,137,-1,133,137,135,-1,121,131,123,-1,123,131,129,-1,123,129,127,-1,
        ]
    }
}
Shape{
    appearance Appearance {
        material  Material 	{
            diffuseColor 0.0 0.0 0.0
            specularColor 0.0 0.0 0.0
            ambientIntensity 0.0
            transparency 0.0
            shininess 0.5
        }
    }
    geometry IndexedFaceSet {
        ccw TRUE
        solid FALSE
        coord DEF co Coordinate {
            point [
                16.624 -0.0429 -0.2634, 16.624 -0.0537 -0.2634, 16.628 -0.0429 -0.2634, 16.628 -0.0537 -0.2634, 16.624 -0.0537 -0.213, 16.628 -0.0537 -0.213, 16.624 0.0447 -0.213, 16.628 0.0447 -0.213, 16.624 0.0447 -0.2262, 16.628 0.0447 -0.2262, 16.624 -0.0429 -0.2262, 16.628 -0.0429 -0.2262, 16.624 -0.0378 -0.345, 16.624 -0.0486 -0.345, 16.628 -0.0378 -0.345, 16.628 -0.0486 -0.345, 16.624 -0.0529 -0.3345, 16.624 -0.0549 -0.3179, 16.628 -0.0549 -0.3179, 16.628 -0.0549 -0.3206, 16.624 -0.0549 -0.3206, 16.628 -0.0543 -0.3246, 16.628 -0.0529 -0.3345, 16.624 -0.0064 -0.2718, 16.628 -0.0064 -0.2718, 16.628 -0.0178 -0.2727, 16.624 -0.0178 -0.2727, 16.628 -0.0282 -0.2757, 16.624 -0.0282 -0.2757, 16.628 -0.0375 -0.2809, 16.624 -0.0375 -0.2809, 16.628 -0.0453 -0.2883, 16.624 -0.0453 -0.2883, 16.628 -0.0504 -0.2962, 16.624 -0.0504 -0.2962, 16.628 -0.0537 -0.3058, 16.624 -0.0537 -0.3058, 16.628 -0.0543 -0.3121, 16.624 0.0459 -0.3218, 16.628 0.0459 -0.3218, 16.628 0.0451 -0.3119, 16.624 0.0451 -0.3119, 16.628 0.0419 -0.301, 16.624 0.0419 -0.301, 16.628 0.0365 -0.2916, 16.624 0.0365 -0.2916, 16.628 0.028 -0.2827, 16.624 0.028 -0.2827, 16.628 0.0188 -0.277, 16.624 0.0188 -0.277, 16.628 0.0076 -0.2732, 16.624 0.0076 -0.2732, 16.624 0.042 -0.345, 16.628 0.042 -0.345, 16.628 0.0451 -0.3336, 16.624 0.0451 -0.3336, 16.624 0.0288 -0.345, 16.628 0.0288 -0.345, 16.624 0.0351 -0.3219, 16.628 0.0351 -0.3219, 16.628 0.0336 -0.3339, 16.624 0.0336 -0.3339, 16.624 -0.0056 -0.285, 16.628 -0.0056 -0.285, 16.628 0.0021 -0.2854, 16.624 0.0021 -0.2854, 16.628 0.0126 -0.2881, 16.624 0.0126 -0.2881, 16.628 0.0202 -0.2921, 16.624 0.0202 -0.2921, 16.628 0.0268 -0.2981, 16.624 0.0268 -0.2981, 16.628 0.0314 -0.3049, 16.624 0.0314 -0.3049, 16.628 0.034 -0.3122, 16.624 0.034 -0.3122, 16.624 -0.0441 -0.3197, 16.628 -0.0441 -0.3197, 16.628 -0.0431 -0.3105, 16.624 -0.0431 -0.3105, 16.628 -0.0404 -0.3034, 16.624 -0.0404 -0.3034, 16.628 -0.0364 -0.2973, 16.624 -0.0364 -0.2973, 16.628 -0.0315 -0.2927, 16.624 -0.0315 -0.2927, 16.628 -0.0247 -0.2886, 16.624 -0.0247 -0.2886, 16.628 -0.0162 -0.286, 16.624 -0.0162 -0.286, 16.628 -0.0388 -0.3432, 16.624 -0.0388 -0.3432, 16.628 -0.0427 -0.3328, 16.624 -0.0427 -0.3328, 16.624 -0.0429 -0.417, 16.624 -0.0537 -0.417, 16.628 -0.0429 -0.417, 16.628 -0.0537 -0.417, 16.624 -0.0537 -0.3642, 16.628 -0.0537 -0.3642, 16.624 0.0447 -0.3642, 16.628 0.0447 -0.3642, 16.624 0.0447 -0.4146, 16.628 0.0447 -0.4146, 16.624 0.0339 -0.4146, 16.628 0.0339 -0.4146, 16.624 0.0339 -0.3774, 16.628 0.0339 -0.3774, 16.624 0.0015 -0.3774, 16.628 0.0015 -0.3774, 16.624 0.0015 -0.4122, 16.628 0.0015 -0.4122, 16.624 -0.0093 -0.4122, 16.628 -0.0093 -0.4122, 16.624 -0.0093 -0.3774, 16.628 -0.0093 -0.3774, 16.624 -0.0429 -0.3774, 16.628 -0.0429 -0.3774, 16.624 -0.0537 -0.463, 16.624 -0.0537 -0.4362, 16.628 -0.0537 -0.463, 16.628 -0.0537 -0.4362, 16.624 0.0447 -0.4362, 16.628 0.0447 -0.4362, 16.624 0.0447 -0.464, 16.628 0.0447 -0.464, 16.624 -0.0033 -0.5154, 16.628 -0.0033 -0.5154, 16.628 0.006 -0.5147, 16.624 0.006 -0.5147, 16.628 0.0157 -0.5121, 16.624 0.0157 -0.5121, 16.628 0.0242 -0.5075, 16.624 0.0242 -0.5075, 16.628 0.0319 -0.5005, 16.624 0.0319 -0.5005, 16.628 0.032 -0.5004, 16.624 0.032 -0.5004, 16.628 0.0391 -0.4897, 16.624 0.0391 -0.4897, 16.628 0.0432 -0.4782, 16.624 0.0432 -0.4782, 16.628 -0.0527 -0.4752, 16.624 -0.0527 -0.4752, 16.628 -0.0493 -0.4865, 16.624 -0.0493 -0.4865, 16.628 -0.0433 -0.4968, 16.624 -0.0433 -0.4968, 16.628 -0.0355 -0.5049, 16.624 -0.0355 -0.5049, 16.628 -0.0267 -0.5105, 16.624 -0.0267 -0.5105, 16.628 -0.0164 -0.5141, 16.624 -0.0164 -0.5141, 16.624 0.0201 -0.4957, 16.624 0.0252 -0.4909, 16.624 0.0298 -0.4837, 16.624 0.0327 -0.4756, 16.624 0.0339 -0.4639, 16.624 0.0339 -0.4494, 16.624 -0.0429 -0.4494, 16.624 -0.0429 -0.4634, 16.624 -0.0419 -0.4738, 16.624 -0.0394 -0.4821, 16.624 -0.0354 -0.4888, 16.624 -0.0299 -0.4943, 16.624 -0.0231 -0.4984, 16.624 -0.0139 -0.5013, 16.624 -0.0035 -0.5022, 16.624 0.0063 -0.5014, 16.624 0.014 -0.4991, 16.628 0.0339 -0.4639, 16.628 0.0339 -0.4494, 16.628 0.0327 -0.4756, 16.628 0.0298 -0.4837, 16.628 0.0252 -0.4909, 16.628 0.0201 -0.4957, 16.628 0.014 -0.4991, 16.628 0.0063 -0.5014, 16.628 -0.0035 -0.5022, 16.628 -0.0139 -0.5013, 16.628 -0.0231 -0.4984, 16.628 -0.0299 -0.4943, 16.628 -0.0354 -0.4888, 16.628 -0.0394 -0.4821, 16.628 -0.0419 -0.4738, 16.628 -0.0429 -0.4634, 16.628 -0.0429 -0.4494
            ]
        }
        coordIndex [
            0,1,2,-1,2,1,3,-1,1,4,3,-1,3,4,5,-1,4,6,5,-1,5,6,7,-1,6,8,7,-1,7,8,9,-1,8,10,9,-1,9,10,11,-1,10,0,11,-1,11,0,2,-1,8,6,10,-1,10,6,4,-1,10,4,0,-1,0,4,1,-1,12,13,14,-1,14,13,15,-1,15,13,16,-1,17,18,19,-1,17,19,20,-1,20,19,21,-1,20,21,16,-1,16,21,22,-1,16,22,15,-1,23,24,25,-1,23,25,26,-1,26,25,27,-1,26,27,28,-1,28,27,29,-1,28,29,30,-1,30,29,31,-1,30,31,32,-1,32,31,33,-1,32,33,34,-1,34,33,35,-1,34,35,36,-1,36,35,17,-1,17,35,37,-1,17,37,18,-1,38,39,40,-1,38,40,41,-1,41,40,42,-1,41,42,43,-1,43,42,44,-1,43,44,45,-1,45,44,46,-1,45,46,47,-1,47,46,48,-1,47,48,49,-1,49,48,50,-1,49,50,51,-1,51,50,24,-1,51,24,23,-1,52,53,54,-1,52,54,55,-1,55,54,39,-1,55,39,38,-1,52,56,53,-1,53,56,57,-1,58,59,60,-1,58,60,61,-1,61,60,57,-1,61,57,56,-1,62,63,64,-1,62,64,65,-1,65,64,66,-1,65,66,67,-1,67,66,68,-1,67,68,69,-1,69,68,70,-1,69,70,71,-1,71,70,72,-1,71,72,73,-1,73,72,74,-1,73,74,75,-1,75,74,59,-1,75,59,58,-1,76,77,78,-1,76,78,79,-1,79,78,80,-1,79,80,81,-1,81,80,82,-1,81,82,83,-1,83,82,84,-1,83,84,85,-1,85,84,86,-1,85,86,87,-1,87,86,88,-1,87,88,89,-1,89,88,63,-1,89,63,62,-1,12,14,90,-1,12,90,91,-1,91,90,92,-1,91,92,93,-1,93,92,77,-1,93,77,76,-1,79,17,76,-1,76,17,20,-1,76,20,93,-1,93,20,16,-1,93,16,91,-1,91,16,13,-1,91,13,12,-1,56,52,61,-1,61,52,55,-1,61,55,58,-1,58,55,38,-1,58,38,75,-1,75,38,41,-1,75,41,73,-1,73,41,43,-1,73,43,71,-1,71,43,45,-1,71,45,69,-1,69,45,47,-1,69,47,67,-1,67,47,49,-1,67,49,65,-1,65,49,51,-1,65,51,62,-1,62,51,23,-1,62,23,89,-1,89,23,26,-1,89,26,87,-1,87,26,28,-1,87,28,85,-1,85,28,30,-1,85,30,83,-1,83,30,32,-1,83,32,81,-1,81,32,34,-1,81,34,79,-1,79,34,36,-1,79,36,17,-1,94,95,96,-1,96,95,97,-1,95,98,97,-1,97,98,99,-1,98,100,99,-1,99,100,101,-1,100,102,101,-1,101,102,103,-1,102,104,103,-1,103,104,105,-1,104,106,105,-1,105,106,107,-1,106,108,107,-1,107,108,109,-1,108,110,109,-1,109,110,111,-1,110,112,111,-1,111,112,113,-1,112,114,113,-1,113,114,115,-1,114,116,115,-1,115,116,117,-1,116,94,117,-1,117,94,96,-1,98,95,94,-1,94,116,98,-1,98,116,114,-1,98,114,100,-1,104,102,106,-1,106,102,100,-1,106,100,108,-1,108,100,114,-1,108,114,110,-1,110,114,112,-1,118,119,120,-1,120,119,121,-1,119,122,121,-1,121,122,123,-1,122,124,123,-1,123,124,125,-1,126,127,128,-1,126,128,129,-1,129,128,130,-1,129,130,131,-1,131,130,132,-1,131,132,133,-1,133,132,134,-1,133,134,135,-1,135,134,136,-1,135,136,137,-1,137,136,138,-1,137,138,139,-1,139,138,140,-1,139,140,141,-1,141,140,125,-1,141,125,124,-1,118,120,142,-1,118,142,143,-1,143,142,144,-1,143,144,145,-1,145,144,146,-1,145,146,147,-1,147,146,148,-1,147,148,149,-1,149,148,150,-1,149,150,151,-1,151,150,152,-1,151,152,153,-1,153,152,127,-1,153,127,126,-1,131,133,154,-1,154,133,135,-1,154,135,155,-1,155,135,137,-1,155,137,156,-1,156,137,139,-1,156,139,157,-1,157,139,141,-1,157,141,158,-1,158,141,124,-1,158,124,159,-1,159,124,122,-1,159,122,160,-1,160,122,119,-1,160,119,161,-1,161,119,118,-1,161,118,162,-1,162,118,143,-1,162,143,163,-1,163,143,145,-1,163,145,164,-1,164,145,147,-1,164,147,165,-1,165,147,149,-1,165,149,166,-1,166,149,151,-1,166,151,167,-1,167,151,153,-1,167,153,168,-1,168,153,126,-1,168,126,169,-1,169,126,129,-1,169,129,170,-1,170,129,131,-1,170,131,154,-1,158,159,171,-1,171,159,172,-1,158,171,173,-1,158,173,157,-1,157,173,174,-1,157,174,156,-1,156,174,175,-1,156,175,155,-1,155,175,176,-1,155,176,154,-1,154,176,177,-1,154,177,170,-1,170,177,178,-1,170,178,169,-1,169,178,179,-1,169,179,168,-1,168,179,180,-1,168,180,167,-1,167,180,181,-1,167,181,166,-1,166,181,182,-1,166,182,165,-1,165,182,183,-1,165,183,164,-1,164,183,184,-1,164,184,163,-1,163,184,185,-1,163,185,162,-1,162,185,186,-1,162,186,161,-1,160,161,187,-1,187,161,186,-1,159,160,172,-1,172,160,187,-1,
        ]
    }
}
Shape{
    appearance Appearance {
        material  Material 	{
            diffuseColor 0.9490196078431372 0.7607843137254902 0.1803921568627451
            specularColor 0.7607843137254902 0.6078431372549019 0.1450980392156863
            ambientIntensity 0.7509
            transparency 0.0
            shininess 0.5
        }
    }
    geometry IndexedFaceSet {
        ccw TRUE
        solid FALSE
        coord DEF co Coordinate {
            point [
                16.628 0.0339 -0.4494, 16.628 -0.0429 -0.4494, 16.628 0.0339 -0.4639, 16.628 -0.0429 -0.4634, 16.628 -0.0419 -0.4738, 16.628 -0.0035 -0.5022, 16.628 0.0063 -0.5014, 16.628 0.014 -0.4991, 16.628 0.0327 -0.4756, 16.628 -0.0394 -0.4821, 16.628 -0.0354 -0.4888, 16.628 -0.0299 -0.4943, 16.628 -0.0231 -0.4984, 16.628 -0.0139 -0.5013, 16.628 0.0201 -0.4957, 16.628 0.0252 -0.4909, 16.628 0.0298 -0.4837
            ]
        }
        coordIndex [
            0,1,2,-1,2,1,3,-1,2,3,4,-1,5,6,2,-1,2,6,7,-1,2,7,8,-1,4,9,2,-1,2,9,10,-1,2,10,11,-1,11,12,2,-1,2,12,13,-1,2,13,5,-1,14,15,7,-1,7,15,16,-1,7,16,8,-1,
        ]
    }
}
Shape{
    appearance Appearance {
        material  Material 	{
            diffuseColor 0.0 0.0 0.0
            specularColor 0.0 0.0 0.0
            ambientIntensity 0.0
            transparency 0.0
            shininess 0.5
        }
    }
    geometry IndexedFaceSet {
        ccw TRUE
        solid FALSE
        coord DEF co Coordinate {
            point [
                16.624 0.0447 -0.573, 16.624 -0.0537 -0.6115, 16.628 0.0447 -0.573, 16.628 -0.0537 -0.6115, 16.624 -0.0537 -0.5971, 16.628 -0.0537 -0.5971, 16.624 -0.0261 -0.5871, 16.628 -0.0261 -0.5871, 16.624 -0.0261 -0.5464, 16.628 -0.0261 -0.5464, 16.624 -0.0537 -0.537, 16.628 -0.0537 -0.537, 16.624 -0.0537 -0.5226, 16.628 -0.0537 -0.5226, 16.624 0.0447 -0.5598, 16.628 0.0447 -0.5598, 16.624 -0.0153 -0.5498, 16.624 -0.0153 -0.5827, 16.624 0.0258 -0.5644, 16.624 0.0292 -0.5654, 16.624 0.0327 -0.566, 16.624 0.0327 -0.5663, 16.624 0.0292 -0.567, 16.624 0.0258 -0.5679, 16.628 -0.0153 -0.5498, 16.628 -0.0153 -0.5827, 16.628 0.0258 -0.5644, 16.628 0.0292 -0.5654, 16.628 0.0327 -0.566, 16.628 0.0327 -0.5663, 16.628 0.0292 -0.567, 16.628 0.0258 -0.5679
            ]
        }
        coordIndex [
            0,1,2,-1,2,1,3,-1,1,4,3,-1,3,4,5,-1,4,6,5,-1,5,6,7,-1,6,8,7,-1,7,8,9,-1,8,10,9,-1,9,10,11,-1,10,12,11,-1,11,12,13,-1,12,14,13,-1,13,14,15,-1,14,0,15,-1,15,0,2,-1,16,8,17,-1,17,8,6,-1,18,14,16,-1,16,14,12,-1,16,12,8,-1,8,12,10,-1,18,19,14,-1,14,19,20,-1,14,20,0,-1,0,20,21,-1,0,21,22,-1,22,23,0,-1,0,23,17,-1,0,17,1,-1,1,17,6,-1,1,6,4,-1,16,17,24,-1,24,17,25,-1,18,16,26,-1,26,16,24,-1,18,26,27,-1,18,27,19,-1,19,27,28,-1,19,28,20,-1,21,20,29,-1,29,20,28,-1,21,29,30,-1,21,30,22,-1,22,30,31,-1,22,31,23,-1,17,23,25,-1,25,23,31,-1,
        ]
    }
}
Shape{
    appearance Appearance {
        material  Material 	{
            diffuseColor 0.9490196078431372 0.7607843137254902 0.1803921568627451
            specularColor 0.7607843137254902 0.6078431372549019 0.1450980392156863
            ambientIntensity 0.7509
            transparency 0.0
            shininess 0.5
        }
    }
    geometry IndexedFaceSet {
        ccw TRUE
        solid FALSE
        coord DEF co Coordinate {
            point [
                16.628 -0.0153 -0.5498, 16.628 -0.0153 -0.5827, 16.628 0.0258 -0.5644, 16.628 0.0258 -0.5679, 16.628 0.0292 -0.5654, 16.628 0.0292 -0.567, 16.628 0.0327 -0.566, 16.628 0.0327 -0.5663, 15.628 0.0351 -0.3219, 15.628 0.034 -0.3122, 15.628 -0.0388 -0.3432, 15.628 -0.0378 -0.345, 15.628 -0.0486 -0.345, 15.628 -0.0543 -0.3546, 15.628 -0.0537 -0.213, 15.628 -0.0543 -0.3121, 15.628 -0.0537 -0.2634, 15.628 -0.0537 -0.3058, 15.628 -0.0504 -0.2962, 15.628 0.0336 -0.3339, 15.628 0.0288 -0.345, 15.628 0.0787 -0.3546, 15.628 0.042 -0.345, 15.628 0.0314 -0.3049, 15.628 0.0268 -0.2981, 15.628 0.0202 -0.2921, 15.628 -0.0056 -0.285, 15.628 -0.0162 -0.286, 15.628 -0.0247 -0.2886, 15.628 -0.0431 -0.3105, 15.628 -0.0441 -0.3197, 15.628 -0.0404 -0.3034, 15.628 -0.0364 -0.2973, 15.628 -0.0315 -0.2927, 15.628 -0.0427 -0.3328, 15.628 0.0188 -0.277, 15.628 0.028 -0.2827, 15.628 0.0447 -0.2262, 15.628 0.0365 -0.2916, 15.628 0.0126 -0.2881, 15.628 0.0021 -0.2854, 15.628 -0.0453 -0.2883, 15.628 -0.0375 -0.2809, 15.628 -0.0429 -0.2634, 15.628 -0.0282 -0.2757, 15.628 -0.0429 -0.2262, 15.628 0.0419 -0.301, 15.628 0.0451 -0.3119, 15.628 -0.0178 -0.2727, 15.628 -0.0064 -0.2718, 15.628 0.0076 -0.2732, 15.628 0.0459 -0.3218, 15.628 0.0451 -0.3336, 15.628 -0.0529 -0.3345, 15.628 -0.0543 -0.3246, 15.628 -0.0787 -0.3546, 15.628 -0.0549 -0.3206, 15.628 -0.0549 -0.3179, 15.628 0.0447 -0.213, 15.628 0.0787 0.0472, 15.628 -0.0543 0.0472, 15.628 -0.0787 0.0472, 15.628 0.0447 -0.4146, 15.628 0.0787 -0.8171, 15.628 0.0447 -0.3642, 15.628 -0.0537 -0.5226, 15.628 -0.0267 -0.5105, 15.628 -0.0355 -0.5049, 15.628 0.0339 -0.3774, 15.628 0.0015 -0.3774, 15.628 0.0339 -0.4146, 15.628 0.0015 -0.4122, 15.628 -0.0093 -0.4122, 15.628 -0.0537 -0.4362, 15.628 0.0447 -0.4362, 15.628 -0.0433 -0.4968, 15.628 -0.0493 -0.4865, 15.628 -0.0527 -0.4752, 15.628 0.0432 -0.4782, 15.628 0.0391 -0.4897, 15.628 0.0447 -0.5598, 15.628 0.032 -0.5004, 15.628 -0.0537 -0.6115, 15.628 -0.0543 -0.8171, 15.628 0.0447 -0.573, 15.628 0.0319 -0.5005, 15.628 0.0242 -0.5075, 15.628 0.0157 -0.5121, 15.628 0.0447 -0.464, 15.628 0.006 -0.5147, 15.628 -0.0033 -0.5154, 15.628 -0.0164 -0.5141, 15.628 -0.0537 -0.463, 15.628 -0.0093 -0.3774, 15.628 -0.0429 -0.3774, 15.628 -0.0429 -0.417, 15.628 -0.0537 -0.417, 15.628 -0.0537 -0.3642, 15.628 -0.0261 -0.5871, 15.628 -0.0261 -0.5464, 15.628 -0.0537 -0.5971, 15.628 -0.0537 -0.537, 15.628 -0.0787 -0.8171, 15.7835 -0.0787 0.1969, 15.7835 0.0787 0.1969, 15.8168 0.0787 0.2006, 15.8168 -0.0787 0.2006, 15.8484 0.0787 0.2117, 15.8484 -0.0787 0.2117, 15.8767 0.0787 0.2295, 15.8767 -0.0787 0.2295, 15.9004 0.0787 0.2532, 15.9004 -0.0787 0.2532, 15.9183 0.0787 0.2815, 15.9183 -0.0787 0.2815, 15.9293 0.0787 0.3132, 15.9293 -0.0787 0.3132, 15.9331 0.0787 0.3465, 15.9331 -0.0787 0.3465, 15.9331 0.0787 2.3032, 15.9331 -0.0787 2.3032, 15.9311 0.0787 2.3184, 15.9311 -0.0787 2.3184, 15.9252 0.0787 2.3327, 15.9252 -0.0787 2.3327, 15.9158 0.0787 2.3449, 15.9158 -0.0787 2.3449, 15.9035 0.0787 2.3543, 15.9035 -0.0787 2.3543, 15.8893 0.0787 2.3602, 15.8893 -0.0787 2.3602, 15.874 0.0787 2.3622, 15.874 -0.0787 2.3622, 15.7953 0.0787 2.3622, 15.7953 -0.0787 2.3622, 15.78 0.0787 2.3602, 15.78 -0.0787 2.3602, 15.7657 0.0787 2.3543, 15.7657 -0.0787 2.3543, 15.7535 0.0787 2.3449, 15.7535 -0.0787 2.3449, 15.7441 0.0787 2.3327, 15.7441 -0.0787 2.3327, 15.7382 0.0787 2.3184, 15.7382 -0.0787 2.3184, 15.7362 0.0787 2.3032, 15.7362 -0.0787 2.3032, 15.7362 0.0787 0.709, 15.7362 -0.0787 0.709, 15.7326 -0.0787 0.6752, 15.7326 0.0787 0.6752, 15.7217 -0.0787 0.643, 15.7217 0.0787 0.643, 15.7042 -0.0787 0.6138, 15.7042 0.0787 0.6138, 15.6809 -0.0787 0.5891, 15.6809 0.0787 0.5891, 15.6264 -0.0787 0.5528, 15.6264 0.0787 0.5528, 15.565 -0.0787 0.5302, 15.565 0.0787 0.5302, 15.5 -0.0787 0.5225, 15.5 0.0787 0.5225, 15.435 -0.0787 0.5302, 15.435 0.0787 0.5302, 15.3736 -0.0787 0.5528, 15.3736 0.0787 0.5528, 15.3191 -0.0787 0.5891, 15.3191 0.0787 0.5891, 15.2958 -0.0787 0.6138, 15.2958 0.0787 0.6138, 15.2783 -0.0787 0.643, 15.2783 0.0787 0.643, 15.2674 -0.0787 0.6752, 15.2674 0.0787 0.6752, 15.2638 -0.0787 0.709, 15.2638 0.0787 0.709, 15.2638 0.0787 2.3032, 15.2638 -0.0787 2.3032, 15.2618 0.0787 2.3184, 15.2618 -0.0787 2.3184, 15.2559 0.0787 2.3327, 15.2559 -0.0787 2.3327, 15.2465 0.0787 2.3449, 15.2465 -0.0787 2.3449, 15.2343 0.0787 2.3543, 15.2343 -0.0787 2.3543, 15.22 0.0787 2.3602, 15.22 -0.0787 2.3602, 15.2047 0.0787 2.3622, 15.2047 -0.0787 2.3622, 15.126 0.0787 2.3622, 15.126 -0.0787 2.3622, 15.1107 0.0787 2.3602, 15.1107 -0.0787 2.3602, 15.0965 0.0787 2.3543, 15.0965 -0.0787 2.3543, 15.0842 0.0787 2.3449, 15.0842 -0.0787 2.3449, 15.0748 0.0787 2.3327, 15.0748 -0.0787 2.3327, 15.0689 0.0787 2.3184, 15.0689 -0.0787 2.3184, 15.0669 0.0787 2.3032, 15.0669 -0.0787 2.3032, 15.0669 0.0787 0.3465, 15.0669 -0.0787 0.3465, 15.0707 0.0787 0.3132, 15.0707 -0.0787 0.3132, 15.0817 0.0787 0.2815, 15.0817 -0.0787 0.2815, 15.0996 0.0787 0.2532, 15.0996 -0.0787 0.2532, 15.1233 0.0787 0.2295, 15.1233 -0.0787 0.2295, 15.1516 0.0787 0.2117, 15.1516 -0.0787 0.2117, 15.1832 0.0787 0.2006, 15.1832 -0.0787 0.2006, 15.2165 0.0787 0.1969, 15.2165 -0.0787 0.1969, 15.2224 0.0787 0.1969, 15.2224 -0.0787 0.1969, 15.2557 -0.0787 0.1931, 15.2557 0.0787 0.1931, 15.2874 -0.0787 0.182, 15.2874 0.0787 0.182, 15.3157 -0.0787 0.1642, 15.3157 0.0787 0.1642, 15.3394 -0.0787 0.1405, 15.3394 0.0787 0.1405, 15.3572 -0.0787 0.1122, 15.3572 0.0787 0.1122, 15.3683 -0.0787 0.0805, 15.3683 0.0787 0.0805, 15.372 -0.0787 0.0472, 15.372 0.0787 0.0472, 15.372 0.0787 -0.8171, 15.372 -0.0787 -0.8171, 15.3781 0.0787 -0.9148, 15.3781 -0.0787 -0.9148, 15.4071 0.0787 -1.1466, 15.4071 -0.0787 -1.1466, 15.4094 0.0787 -1.1558, 15.4094 -0.0787 -1.1558, 15.4138 0.0787 -1.1642, 15.4138 -0.0787 -1.1642, 15.4201 0.0787 -1.1712, 15.4201 -0.0787 -1.1712, 15.4279 0.0787 -1.1766, 15.4279 -0.0787 -1.1766, 15.4368 0.0787 -1.18, 15.4368 -0.0787 -1.18, 15.4462 0.0787 -1.1811, 15.4462 -0.0787 -1.1811, 15.5538 0.0787 -1.1811, 15.5538 -0.0787 -1.1811, 15.5632 0.0787 -1.18, 15.5632 -0.0787 -1.18, 15.5721 0.0787 -1.1766, 15.5721 -0.0787 -1.1766, 15.5799 0.0787 -1.1712, 15.5799 -0.0787 -1.1712, 15.5862 0.0787 -1.1642, 15.5862 -0.0787 -1.1642, 15.5906 0.0787 -1.1558, 15.5906 -0.0787 -1.1558, 15.5929 0.0787 -1.1466, 15.5929 -0.0787 -1.1466, 15.6219 0.0787 -0.9148, 15.6219 -0.0787 -0.9148, 15.6317 0.0787 0.0805, 15.6317 -0.0787 0.0805, 15.6428 -0.0787 0.1122, 15.6428 0.0787 0.1122, 15.6606 -0.0787 0.1405, 15.6606 0.0787 0.1405, 15.6843 -0.0787 0.1642, 15.6843 0.0787 0.1642, 15.7126 -0.0787 0.182, 15.7126 0.0787 0.182, 15.7443 -0.0787 0.1931, 15.7443 0.0787 0.1931, 15.7776 -0.0787 0.1969, 15.7776 0.0787 0.1969
            ]
        }
        coordIndex [
            0,1,2,-1,2,1,3,-1,2,3,4,-1,4,3,5,-1,4,5,6,-1,6,5,7,-1,8,9,10,-1,11,12,13,-1,14,15,16,-1,16,15,17,-1,16,17,18,-1,8,10,19,-1,19,10,11,-1,19,11,20,-1,20,11,21,-1,20,21,22,-1,9,23,10,-1,10,23,24,-1,10,24,25,-1,26,27,10,-1,10,27,28,-1,29,30,31,-1,31,30,32,-1,28,33,10,-1,10,33,32,-1,10,32,34,-1,34,32,30,-1,35,36,37,-1,37,36,38,-1,25,39,10,-1,10,39,40,-1,10,40,26,-1,18,41,16,-1,16,41,42,-1,16,42,43,-1,43,42,44,-1,43,44,45,-1,46,47,21,-1,44,48,45,-1,45,48,49,-1,45,49,37,-1,37,49,50,-1,37,50,35,-1,47,51,21,-1,21,51,52,-1,21,52,22,-1,12,53,13,-1,13,53,54,-1,13,54,55,-1,54,56,55,-1,55,56,57,-1,55,57,15,-1,38,46,37,-1,37,46,21,-1,37,21,58,-1,58,21,59,-1,58,59,14,-1,14,59,60,-1,14,60,15,-1,15,60,61,-1,15,61,55,-1,62,63,21,-1,11,13,21,-1,21,13,64,-1,21,64,62,-1,65,66,67,-1,68,69,70,-1,70,69,71,-1,72,73,71,-1,71,73,74,-1,71,74,70,-1,67,75,65,-1,65,75,76,-1,65,76,77,-1,78,79,80,-1,80,79,81,-1,82,83,84,-1,84,83,63,-1,84,63,80,-1,81,85,80,-1,80,85,86,-1,80,86,87,-1,78,80,88,-1,88,80,63,-1,88,63,74,-1,74,63,62,-1,74,62,70,-1,87,89,80,-1,80,89,90,-1,80,90,65,-1,65,90,91,-1,65,91,66,-1,13,92,73,-1,93,94,72,-1,72,94,95,-1,72,95,73,-1,73,95,96,-1,73,96,13,-1,13,96,97,-1,13,97,64,-1,98,99,100,-1,100,99,101,-1,100,101,13,-1,13,101,65,-1,13,65,92,-1,92,65,77,-1,82,100,83,-1,83,100,13,-1,83,13,102,-1,102,13,55,-1,103,104,105,-1,103,105,106,-1,106,105,107,-1,106,107,108,-1,108,107,109,-1,108,109,110,-1,110,109,111,-1,110,111,112,-1,112,111,113,-1,112,113,114,-1,114,113,115,-1,114,115,116,-1,116,115,117,-1,116,117,118,-1,119,120,117,-1,117,120,118,-1,120,119,121,-1,120,121,122,-1,122,121,123,-1,122,123,124,-1,124,123,125,-1,124,125,126,-1,126,125,127,-1,126,127,128,-1,128,127,129,-1,128,129,130,-1,130,129,131,-1,130,131,132,-1,133,134,131,-1,131,134,132,-1,134,133,135,-1,134,135,136,-1,136,135,137,-1,136,137,138,-1,138,137,139,-1,138,139,140,-1,140,139,141,-1,140,141,142,-1,142,141,143,-1,142,143,144,-1,144,143,145,-1,144,145,146,-1,147,148,145,-1,145,148,146,-1,148,147,149,-1,149,147,150,-1,149,150,151,-1,151,150,152,-1,151,152,153,-1,153,152,154,-1,153,154,155,-1,155,154,156,-1,155,156,157,-1,157,156,158,-1,157,158,159,-1,159,158,160,-1,159,160,161,-1,161,160,162,-1,161,162,163,-1,163,162,164,-1,163,164,165,-1,165,164,166,-1,165,166,167,-1,167,166,168,-1,167,168,169,-1,169,168,170,-1,169,170,171,-1,171,170,172,-1,171,172,173,-1,173,172,174,-1,173,174,175,-1,175,174,176,-1,177,178,176,-1,176,178,175,-1,178,177,179,-1,178,179,180,-1,180,179,181,-1,180,181,182,-1,182,181,183,-1,182,183,184,-1,184,183,185,-1,184,185,186,-1,186,185,187,-1,186,187,188,-1,188,187,189,-1,188,189,190,-1,191,192,189,-1,189,192,190,-1,192,191,193,-1,192,193,194,-1,194,193,195,-1,194,195,196,-1,196,195,197,-1,196,197,198,-1,198,197,199,-1,198,199,200,-1,200,199,201,-1,200,201,202,-1,202,201,203,-1,202,203,204,-1,205,206,203,-1,203,206,204,-1,206,205,207,-1,206,207,208,-1,208,207,209,-1,208,209,210,-1,210,209,211,-1,210,211,212,-1,212,211,213,-1,212,213,214,-1,214,213,215,-1,214,215,216,-1,216,215,217,-1,216,217,218,-1,218,217,219,-1,218,219,220,-1,221,222,219,-1,219,222,220,-1,222,221,223,-1,223,221,224,-1,223,224,225,-1,225,224,226,-1,225,226,227,-1,227,226,228,-1,227,228,229,-1,229,228,230,-1,229,230,231,-1,231,230,232,-1,231,232,233,-1,233,232,234,-1,233,234,235,-1,235,234,236,-1,237,238,236,-1,236,238,235,-1,237,239,238,-1,238,239,240,-1,241,242,239,-1,239,242,240,-1,242,241,243,-1,242,243,244,-1,244,243,245,-1,244,245,246,-1,246,245,247,-1,246,247,248,-1,248,247,249,-1,248,249,250,-1,250,249,251,-1,250,251,252,-1,252,251,253,-1,252,253,254,-1,255,256,253,-1,253,256,254,-1,256,255,257,-1,256,257,258,-1,258,257,259,-1,258,259,260,-1,260,259,261,-1,260,261,262,-1,262,261,263,-1,262,263,264,-1,264,263,265,-1,264,265,266,-1,266,265,267,-1,266,267,268,-1,269,270,267,-1,267,270,268,-1,102,270,83,-1,83,270,269,-1,83,269,63,-1,60,59,271,-1,61,60,272,-1,272,60,271,-1,272,271,273,-1,273,271,274,-1,273,274,275,-1,275,274,276,-1,275,276,277,-1,277,276,278,-1,277,278,279,-1,279,278,280,-1,279,280,281,-1,281,280,282,-1,281,282,283,-1,283,282,284,-1,104,103,284,-1,284,103,283,-1,227,229,163,-1,275,159,273,-1,273,159,161,-1,55,61,161,-1,161,61,272,-1,161,272,273,-1,163,229,161,-1,161,229,231,-1,161,231,233,-1,220,222,165,-1,165,222,223,-1,165,223,163,-1,163,223,225,-1,163,225,227,-1,212,167,210,-1,210,167,208,-1,155,116,153,-1,153,116,118,-1,153,118,151,-1,151,118,149,-1,110,112,155,-1,155,112,114,-1,155,114,116,-1,275,277,159,-1,159,277,279,-1,159,279,157,-1,157,279,281,-1,157,281,283,-1,212,214,167,-1,167,214,216,-1,167,216,165,-1,165,216,218,-1,165,218,220,-1,208,167,206,-1,206,167,169,-1,206,169,171,-1,132,134,146,-1,283,103,157,-1,157,103,106,-1,157,106,155,-1,155,106,108,-1,155,108,110,-1,233,235,161,-1,161,235,256,-1,161,256,55,-1,55,256,102,-1,235,238,256,-1,256,238,240,-1,256,240,254,-1,254,240,242,-1,254,242,252,-1,182,184,190,-1,190,184,186,-1,190,186,188,-1,190,192,204,-1,130,132,120,-1,120,132,146,-1,120,146,118,-1,118,146,148,-1,118,148,149,-1,266,268,256,-1,256,268,270,-1,256,270,102,-1,171,173,206,-1,206,173,175,-1,206,175,204,-1,204,175,178,-1,204,178,190,-1,190,178,180,-1,190,180,182,-1,122,124,126,-1,140,134,138,-1,138,134,136,-1,140,142,134,-1,134,142,144,-1,134,144,146,-1,198,192,196,-1,196,192,194,-1,198,200,192,-1,192,200,202,-1,192,202,204,-1,122,126,120,-1,120,126,128,-1,120,128,130,-1,256,258,266,-1,266,258,260,-1,266,260,264,-1,264,260,262,-1,242,244,252,-1,252,244,246,-1,252,246,250,-1,250,246,248,-1,278,276,160,-1,152,150,117,-1,158,113,111,-1,113,158,115,-1,115,158,156,-1,115,156,117,-1,117,156,154,-1,117,154,152,-1,213,211,168,-1,160,276,162,-1,162,276,274,-1,162,274,271,-1,111,109,158,-1,158,109,107,-1,158,107,105,-1,150,147,117,-1,117,147,133,-1,117,133,131,-1,177,176,189,-1,174,172,205,-1,205,172,170,-1,205,170,207,-1,207,170,168,-1,207,168,209,-1,209,168,211,-1,230,228,164,-1,164,228,226,-1,164,226,166,-1,166,226,224,-1,166,224,221,-1,221,219,166,-1,166,219,217,-1,166,217,168,-1,168,217,215,-1,168,215,213,-1,230,164,232,-1,232,164,162,-1,232,162,234,-1,158,282,160,-1,160,282,280,-1,160,280,278,-1,234,162,236,-1,236,162,255,-1,236,255,237,-1,105,104,158,-1,158,104,284,-1,158,284,282,-1,174,205,176,-1,176,205,191,-1,176,191,189,-1,237,255,239,-1,239,255,253,-1,239,253,241,-1,147,145,133,-1,133,145,143,-1,133,143,141,-1,141,139,133,-1,133,139,137,-1,133,137,135,-1,271,59,162,-1,162,59,21,-1,162,21,255,-1,255,21,63,-1,255,63,269,-1,129,127,125,-1,125,123,129,-1,129,123,121,-1,129,121,131,-1,131,121,119,-1,131,119,117,-1,205,203,191,-1,191,203,201,-1,191,201,199,-1,199,197,191,-1,191,197,195,-1,191,195,193,-1,183,189,185,-1,185,189,187,-1,183,181,189,-1,189,181,179,-1,189,179,177,-1,241,253,243,-1,243,253,251,-1,243,251,245,-1,245,251,249,-1,245,249,247,-1,261,259,263,-1,263,259,265,-1,269,267,255,-1,255,267,265,-1,255,265,257,-1,257,265,259,-1,
        ]
    }
}
Shape{
    appearance Appearance {
        material  Material 	{
            diffuseColor 0.0 0.0 0.0
            specularColor 0.0 0.0 0.0
            ambientIntensity 0.0
            transparency 0.0
            shininess 0.5
        }
    }
    geometry IndexedFaceSet {
        ccw TRUE
        solid FALSE
        coord DEF co Coordinate {
            point [
                15.624 -0.0429 -0.2634, 15.624 -0.0537 -0.2634, 15.628 -0.0429 -0.2634, 15.628 -0.0537 -0.2634, 15.624 -0.0537 -0.213, 15.628 -0.0537 -0.213, 15.624 0.0447 -0.213, 15.628 0.0447 -0.213, 15.624 0.0447 -0.2262, 15.628 0.0447 -0.2262, 15.624 -0.0429 -0.2262, 15.628 -0.0429 -0.2262, 15.624 -0.0378 -0.345, 15.624 -0.0486 -0.345, 15.628 -0.0378 -0.345, 15.628 -0.0486 -0.345, 15.624 -0.0529 -0.3345, 15.624 -0.0549 -0.3179, 15.628 -0.0549 -0.3179, 15.628 -0.0549 -0.3206, 15.624 -0.0549 -0.3206, 15.628 -0.0543 -0.3246, 15.628 -0.0529 -0.3345, 15.624 -0.0064 -0.2718, 15.628 -0.0064 -0.2718, 15.628 -0.0178 -0.2727, 15.624 -0.0178 -0.2727, 15.628 -0.0282 -0.2757, 15.624 -0.0282 -0.2757, 15.628 -0.0375 -0.2809, 15.624 -0.0375 -0.2809, 15.628 -0.0453 -0.2883, 15.624 -0.0453 -0.2883, 15.628 -0.0504 -0.2962, 15.624 -0.0504 -0.2962, 15.628 -0.0537 -0.3058, 15.624 -0.0537 -0.3058, 15.628 -0.0543 -0.3121, 15.624 0.0459 -0.3218, 15.628 0.0459 -0.3218, 15.628 0.0451 -0.3119, 15.624 0.0451 -0.3119, 15.628 0.0419 -0.301, 15.624 0.0419 -0.301, 15.628 0.0365 -0.2916, 15.624 0.0365 -0.2916, 15.628 0.028 -0.2827, 15.624 0.028 -0.2827, 15.628 0.0188 -0.277, 15.624 0.0188 -0.277, 15.628 0.0076 -0.2732, 15.624 0.0076 -0.2732, 15.624 0.042 -0.345, 15.628 0.042 -0.345, 15.628 0.0451 -0.3336, 15.624 0.0451 -0.3336, 15.624 0.0288 -0.345, 15.628 0.0288 -0.345, 15.624 0.0351 -0.3219, 15.628 0.0351 -0.3219, 15.628 0.0336 -0.3339, 15.624 0.0336 -0.3339, 15.624 -0.0056 -0.285, 15.628 -0.0056 -0.285, 15.628 0.0021 -0.2854, 15.624 0.0021 -0.2854, 15.628 0.0126 -0.2881, 15.624 0.0126 -0.2881, 15.628 0.0202 -0.2921, 15.624 0.0202 -0.2921, 15.628 0.0268 -0.2981, 15.624 0.0268 -0.2981, 15.628 0.0314 -0.3049, 15.624 0.0314 -0.3049, 15.628 0.034 -0.3122, 15.624 0.034 -0.3122, 15.624 -0.0441 -0.3197, 15.628 -0.0441 -0.3197, 15.628 -0.0431 -0.3105, 15.624 -0.0431 -0.3105, 15.628 -0.0404 -0.3034, 15.624 -0.0404 -0.3034, 15.628 -0.0364 -0.2973, 15.624 -0.0364 -0.2973, 15.628 -0.0315 -0.2927, 15.624 -0.0315 -0.2927, 15.628 -0.0247 -0.2886, 15.624 -0.0247 -0.2886, 15.628 -0.0162 -0.286, 15.624 -0.0162 -0.286, 15.628 -0.0388 -0.3432, 15.624 -0.0388 -0.3432, 15.628 -0.0427 -0.3328, 15.624 -0.0427 -0.3328, 15.624 -0.0429 -0.417, 15.624 -0.0537 -0.417, 15.628 -0.0429 -0.417, 15.628 -0.0537 -0.417, 15.624 -0.0537 -0.3642, 15.628 -0.0537 -0.3642, 15.624 0.0447 -0.3642, 15.628 0.0447 -0.3642, 15.624 0.0447 -0.4146, 15.628 0.0447 -0.4146, 15.624 0.0339 -0.4146, 15.628 0.0339 -0.4146, 15.624 0.0339 -0.3774, 15.628 0.0339 -0.3774, 15.624 0.0015 -0.3774, 15.628 0.0015 -0.3774, 15.624 0.0015 -0.4122, 15.628 0.0015 -0.4122, 15.624 -0.0093 -0.4122, 15.628 -0.0093 -0.4122, 15.624 -0.0093 -0.3774, 15.628 -0.0093 -0.3774, 15.624 -0.0429 -0.3774, 15.628 -0.0429 -0.3774, 15.624 -0.0537 -0.463, 15.624 -0.0537 -0.4362, 15.628 -0.0537 -0.463, 15.628 -0.0537 -0.4362, 15.624 0.0447 -0.4362, 15.628 0.0447 -0.4362, 15.624 0.0447 -0.464, 15.628 0.0447 -0.464, 15.624 -0.0033 -0.5154, 15.628 -0.0033 -0.5154, 15.628 0.006 -0.5147, 15.624 0.006 -0.5147, 15.628 0.0157 -0.5121, 15.624 0.0157 -0.5121, 15.628 0.0242 -0.5075, 15.624 0.0242 -0.5075, 15.628 0.0319 -0.5005, 15.624 0.0319 -0.5005, 15.628 0.032 -0.5004, 15.624 0.032 -0.5004, 15.628 0.0391 -0.4897, 15.624 0.0391 -0.4897, 15.628 0.0432 -0.4782, 15.624 0.0432 -0.4782, 15.628 -0.0527 -0.4752, 15.624 -0.0527 -0.4752, 15.628 -0.0493 -0.4865, 15.624 -0.0493 -0.4865, 15.628 -0.0433 -0.4968, 15.624 -0.0433 -0.4968, 15.628 -0.0355 -0.5049, 15.624 -0.0355 -0.5049, 15.628 -0.0267 -0.5105, 15.624 -0.0267 -0.5105, 15.628 -0.0164 -0.5141, 15.624 -0.0164 -0.5141, 15.624 0.0201 -0.4957, 15.624 0.0252 -0.4909, 15.624 0.0298 -0.4837, 15.624 0.0327 -0.4756, 15.624 0.0339 -0.4639, 15.624 0.0339 -0.4494, 15.624 -0.0429 -0.4494, 15.624 -0.0429 -0.4634, 15.624 -0.0419 -0.4738, 15.624 -0.0394 -0.4821, 15.624 -0.0354 -0.4888, 15.624 -0.0299 -0.4943, 15.624 -0.0231 -0.4984, 15.624 -0.0139 -0.5013, 15.624 -0.0035 -0.5022, 15.624 0.0063 -0.5014, 15.624 0.014 -0.4991, 15.628 0.0339 -0.4639, 15.628 0.0339 -0.4494, 15.628 0.0327 -0.4756, 15.628 0.0298 -0.4837, 15.628 0.0252 -0.4909, 15.628 0.0201 -0.4957, 15.628 0.014 -0.4991, 15.628 0.0063 -0.5014, 15.628 -0.0035 -0.5022, 15.628 -0.0139 -0.5013, 15.628 -0.0231 -0.4984, 15.628 -0.0299 -0.4943, 15.628 -0.0354 -0.4888, 15.628 -0.0394 -0.4821, 15.628 -0.0419 -0.4738, 15.628 -0.0429 -0.4634, 15.628 -0.0429 -0.4494
            ]
        }
        coordIndex [
            0,1,2,-1,2,1,3,-1,1,4,3,-1,3,4,5,-1,4,6,5,-1,5,6,7,-1,6,8,7,-1,7,8,9,-1,8,10,9,-1,9,10,11,-1,10,0,11,-1,11,0,2,-1,8,6,10,-1,10,6,4,-1,10,4,0,-1,0,4,1,-1,12,13,14,-1,14,13,15,-1,15,13,16,-1,17,18,19,-1,17,19,20,-1,20,19,21,-1,20,21,16,-1,16,21,22,-1,16,22,15,-1,23,24,25,-1,23,25,26,-1,26,25,27,-1,26,27,28,-1,28,27,29,-1,28,29,30,-1,30,29,31,-1,30,31,32,-1,32,31,33,-1,32,33,34,-1,34,33,35,-1,34,35,36,-1,36,35,17,-1,17,35,37,-1,17,37,18,-1,38,39,40,-1,38,40,41,-1,41,40,42,-1,41,42,43,-1,43,42,44,-1,43,44,45,-1,45,44,46,-1,45,46,47,-1,47,46,48,-1,47,48,49,-1,49,48,50,-1,49,50,51,-1,51,50,24,-1,51,24,23,-1,52,53,54,-1,52,54,55,-1,55,54,39,-1,55,39,38,-1,52,56,53,-1,53,56,57,-1,58,59,60,-1,58,60,61,-1,61,60,57,-1,61,57,56,-1,62,63,64,-1,62,64,65,-1,65,64,66,-1,65,66,67,-1,67,66,68,-1,67,68,69,-1,69,68,70,-1,69,70,71,-1,71,70,72,-1,71,72,73,-1,73,72,74,-1,73,74,75,-1,75,74,59,-1,75,59,58,-1,76,77,78,-1,76,78,79,-1,79,78,80,-1,79,80,81,-1,81,80,82,-1,81,82,83,-1,83,82,84,-1,83,84,85,-1,85,84,86,-1,85,86,87,-1,87,86,88,-1,87,88,89,-1,89,88,63,-1,89,63,62,-1,12,14,90,-1,12,90,91,-1,91,90,92,-1,91,92,93,-1,93,92,77,-1,93,77,76,-1,79,17,76,-1,76,17,20,-1,76,20,93,-1,93,20,16,-1,93,16,91,-1,91,16,13,-1,91,13,12,-1,56,52,61,-1,61,52,55,-1,61,55,58,-1,58,55,38,-1,58,38,75,-1,75,38,41,-1,75,41,73,-1,73,41,43,-1,73,43,71,-1,71,43,45,-1,71,45,69,-1,69,45,47,-1,69,47,67,-1,67,47,49,-1,67,49,65,-1,65,49,51,-1,65,51,62,-1,62,51,23,-1,62,23,89,-1,89,23,26,-1,89,26,87,-1,87,26,28,-1,87,28,85,-1,85,28,30,-1,85,30,83,-1,83,30,32,-1,83,32,81,-1,81,32,34,-1,81,34,79,-1,79,34,36,-1,79,36,17,-1,94,95,96,-1,96,95,97,-1,95,98,97,-1,97,98,99,-1,98,100,99,-1,99,100,101,-1,100,102,101,-1,101,102,103,-1,102,104,103,-1,103,104,105,-1,104,106,105,-1,105,106,107,-1,106,108,107,-1,107,108,109,-1,108,110,109,-1,109,110,111,-1,110,112,111,-1,111,112,113,-1,112,114,113,-1,113,114,115,-1,114,116,115,-1,115,116,117,-1,116,94,117,-1,117,94,96,-1,98,95,94,-1,94,116,98,-1,98,116,114,-1,98,114,100,-1,104,102,106,-1,106,102,100,-1,106,100,108,-1,108,100,114,-1,108,114,110,-1,110,114,112,-1,118,119,120,-1,120,119,121,-1,119,122,121,-1,121,122,123,-1,122,124,123,-1,123,124,125,-1,126,127,128,-1,126,128,129,-1,129,128,130,-1,129,130,131,-1,131,130,132,-1,131,132,133,-1,133,132,134,-1,133,134,135,-1,135,134,136,-1,135,136,137,-1,137,136,138,-1,137,138,139,-1,139,138,140,-1,139,140,141,-1,141,140,125,-1,141,125,124,-1,118,120,142,-1,118,142,143,-1,143,142,144,-1,143,144,145,-1,145,144,146,-1,145,146,147,-1,147,146,148,-1,147,148,149,-1,149,148,150,-1,149,150,151,-1,151,150,152,-1,151,152,153,-1,153,152,127,-1,153,127,126,-1,131,133,154,-1,154,133,135,-1,154,135,155,-1,155,135,137,-1,155,137,156,-1,156,137,139,-1,156,139,157,-1,157,139,141,-1,157,141,158,-1,158,141,124,-1,158,124,159,-1,159,124,122,-1,159,122,160,-1,160,122,119,-1,160,119,161,-1,161,119,118,-1,161,118,162,-1,162,118,143,-1,162,143,163,-1,163,143,145,-1,163,145,164,-1,164,145,147,-1,164,147,165,-1,165,147,149,-1,165,149,166,-1,166,149,151,-1,166,151,167,-1,167,151,153,-1,167,153,168,-1,168,153,126,-1,168,126,169,-1,169,126,129,-1,169,129,170,-1,170,129,131,-1,170,131,154,-1,158,159,171,-1,171,159,172,-1,158,171,173,-1,158,173,157,-1,157,173,174,-1,157,174,156,-1,156,174,175,-1,156,175,155,-1,155,175,176,-1,155,176,154,-1,154,176,177,-1,154,177,170,-1,170,177,178,-1,170,178,169,-1,169,178,179,-1,169,179,168,-1,168,179,180,-1,168,180,167,-1,167,180,181,-1,167,181,166,-1,166,181,182,-1,166,182,165,-1,165,182,183,-1,165,183,164,-1,164,183,184,-1,164,184,163,-1,163,184,185,-1,163,185,162,-1,162,185,186,-1,162,186,161,-1,160,161,187,-1,187,161,186,-1,159,160,172,-1,172,160,187,-1,
        ]
    }
}
Shape{
    appearance Appearance {
        material  Material 	{
            diffuseColor 0.9490196078431372 0.7607843137254902 0.1803921568627451
            specularColor 0.7607843137254902 0.6078431372549019 0.1450980392156863
            ambientIntensity 0.7509
            transparency 0.0
            shininess 0.5
        }
    }
    geometry IndexedFaceSet {
        ccw TRUE
        solid FALSE
        coord DEF co Coordinate {
            point [
                15.628 0.0339 -0.4494, 15.628 -0.0429 -0.4494, 15.628 0.0339 -0.4639, 15.628 -0.0429 -0.4634, 15.628 -0.0419 -0.4738, 15.628 -0.0035 -0.5022, 15.628 0.0063 -0.5014, 15.628 0.014 -0.4991, 15.628 0.0327 -0.4756, 15.628 -0.0394 -0.4821, 15.628 -0.0354 -0.4888, 15.628 -0.0299 -0.4943, 15.628 -0.0231 -0.4984, 15.628 -0.0139 -0.5013, 15.628 0.0201 -0.4957, 15.628 0.0252 -0.4909, 15.628 0.0298 -0.4837
            ]
        }
        coordIndex [
            0,1,2,-1,2,1,3,-1,2,3,4,-1,5,6,2,-1,2,6,7,-1,2,7,8,-1,4,9,2,-1,2,9,10,-1,2,10,11,-1,11,12,2,-1,2,12,13,-1,2,13,5,-1,14,15,7,-1,7,15,16,-1,7,16,8,-1,
        ]
    }
}
Shape{
    appearance Appearance {
        material  Material 	{
            diffuseColor 0.0 0.0 0.0
            specularColor 0.0 0.0 0.0
            ambientIntensity 0.0
            transparency 0.0
            shininess 0.5
        }
    }
    geometry IndexedFaceSet {
        ccw TRUE
        solid FALSE
        coord DEF co Coordinate {
            point [
                15.624 0.0447 -0.573, 15.624 -0.0537 -0.6115, 15.628 0.0447 -0.573, 15.628 -0.0537 -0.6115, 15.624 -0.0537 -0.5971, 15.628 -0.0537 -0.5971, 15.624 -0.0261 -0.5871, 15.628 -0.0261 -0.5871, 15.624 -0.0261 -0.5464, 15.628 -0.0261 -0.5464, 15.624 -0.0537 -0.537, 15.628 -0.0537 -0.537, 15.624 -0.0537 -0.5226, 15.628 -0.0537 -0.5226, 15.624 0.0447 -0.5598, 15.628 0.0447 -0.5598, 15.624 -0.0153 -0.5498, 15.624 -0.0153 -0.5827, 15.624 0.0258 -0.5644, 15.624 0.0292 -0.5654, 15.624 0.0327 -0.566, 15.624 0.0327 -0.5663, 15.624 0.0292 -0.567, 15.624 0.0258 -0.5679, 15.628 -0.0153 -0.5498, 15.628 -0.0153 -0.5827, 15.628 0.0258 -0.5644, 15.628 0.0292 -0.5654, 15.628 0.0327 -0.566, 15.628 0.0327 -0.5663, 15.628 0.0292 -0.567, 15.628 0.0258 -0.5679
            ]
        }
        coordIndex [
            0,1,2,-1,2,1,3,-1,1,4,3,-1,3,4,5,-1,4,6,5,-1,5,6,7,-1,6,8,7,-1,7,8,9,-1,8,10,9,-1,9,10,11,-1,10,12,11,-1,11,12,13,-1,12,14,13,-1,13,14,15,-1,14,0,15,-1,15,0,2,-1,16,8,17,-1,17,8,6,-1,18,14,16,-1,16,14,12,-1,16,12,8,-1,8,12,10,-1,18,19,14,-1,14,19,20,-1,14,20,0,-1,0,20,21,-1,0,21,22,-1,22,23,0,-1,0,23,17,-1,0,17,1,-1,1,17,6,-1,1,6,4,-1,16,17,24,-1,24,17,25,-1,18,16,26,-1,26,16,24,-1,18,26,27,-1,18,27,19,-1,19,27,28,-1,19,28,20,-1,21,20,29,-1,29,20,28,-1,21,29,30,-1,21,30,22,-1,22,30,31,-1,22,31,23,-1,17,23,25,-1,25,23,31,-1,
        ]
    }
}
Shape{
    appearance Appearance {
        material  Material 	{
            diffuseColor 0.9490196078431372 0.7607843137254902 0.1803921568627451
            specularColor 0.7607843137254902 0.6078431372549019 0.1450980392156863
            ambientIntensity 0.7509
            transparency 0.0
            shininess 0.5
        }
    }
    geometry IndexedFaceSet {
        ccw TRUE
        solid FALSE
        coord DEF co Coordinate {
            point [
                15.628 -0.0153 -0.5498, 15.628 -0.0153 -0.5827, 15.628 0.0258 -0.5644, 15.628 0.0258 -0.5679, 15.628 0.0292 -0.5654, 15.628 0.0292 -0.567, 15.628 0.0327 -0.566, 15.628 0.0327 -0.5663, 14.628 0.0351 -0.3219, 14.628 0.034 -0.3122, 14.628 -0.0388 -0.3432, 14.628 -0.0378 -0.345, 14.628 -0.0486 -0.345, 14.628 -0.0543 -0.3546, 14.628 -0.0537 -0.213, 14.628 -0.0543 -0.3121, 14.628 -0.0537 -0.2634, 14.628 -0.0537 -0.3058, 14.628 -0.0504 -0.2962, 14.628 0.0336 -0.3339, 14.628 0.0288 -0.345, 14.628 0.0787 -0.3546, 14.628 0.042 -0.345, 14.628 0.0314 -0.3049, 14.628 0.0268 -0.2981, 14.628 0.0202 -0.2921, 14.628 -0.0056 -0.285, 14.628 -0.0162 -0.286, 14.628 -0.0247 -0.2886, 14.628 -0.0431 -0.3105, 14.628 -0.0441 -0.3197, 14.628 -0.0404 -0.3034, 14.628 -0.0364 -0.2973, 14.628 -0.0315 -0.2927, 14.628 -0.0427 -0.3328, 14.628 0.0188 -0.277, 14.628 0.028 -0.2827, 14.628 0.0447 -0.2262, 14.628 0.0365 -0.2916, 14.628 0.0126 -0.2881, 14.628 0.0021 -0.2854, 14.628 -0.0453 -0.2883, 14.628 -0.0375 -0.2809, 14.628 -0.0429 -0.2634, 14.628 -0.0282 -0.2757, 14.628 -0.0429 -0.2262, 14.628 0.0419 -0.301, 14.628 0.0451 -0.3119, 14.628 -0.0178 -0.2727, 14.628 -0.0064 -0.2718, 14.628 0.0076 -0.2732, 14.628 0.0459 -0.3218, 14.628 0.0451 -0.3336, 14.628 -0.0529 -0.3345, 14.628 -0.0543 -0.3246, 14.628 -0.0787 -0.3546, 14.628 -0.0549 -0.3206, 14.628 -0.0549 -0.3179, 14.628 0.0447 -0.213, 14.628 0.0787 0.0472, 14.628 -0.0543 0.0472, 14.628 -0.0787 0.0472, 14.628 0.0447 -0.4146, 14.628 0.0787 -0.8171, 14.628 0.0447 -0.3642, 14.628 -0.0537 -0.5226, 14.628 -0.0267 -0.5105, 14.628 -0.0355 -0.5049, 14.628 0.0339 -0.3774, 14.628 0.0015 -0.3774, 14.628 0.0339 -0.4146, 14.628 0.0015 -0.4122, 14.628 -0.0093 -0.4122, 14.628 -0.0537 -0.4362, 14.628 0.0447 -0.4362, 14.628 -0.0433 -0.4968, 14.628 -0.0493 -0.4865, 14.628 -0.0527 -0.4752, 14.628 0.0432 -0.4782, 14.628 0.0391 -0.4897, 14.628 0.0447 -0.5598, 14.628 0.032 -0.5004, 14.628 -0.0537 -0.6115, 14.628 -0.0543 -0.8171, 14.628 0.0447 -0.573, 14.628 0.0319 -0.5005, 14.628 0.0242 -0.5075, 14.628 0.0157 -0.5121, 14.628 0.0447 -0.464, 14.628 0.006 -0.5147, 14.628 -0.0033 -0.5154, 14.628 -0.0164 -0.5141, 14.628 -0.0537 -0.463, 14.628 -0.0093 -0.3774, 14.628 -0.0429 -0.3774, 14.628 -0.0429 -0.417, 14.628 -0.0537 -0.417, 14.628 -0.0537 -0.3642, 14.628 -0.0261 -0.5871, 14.628 -0.0261 -0.5464, 14.628 -0.0537 -0.5971, 14.628 -0.0537 -0.537, 14.628 -0.0787 -0.8171, 14.7835 -0.0787 0.1969, 14.7835 0.0787 0.1969, 14.8168 0.0787 0.2006, 14.8168 -0.0787 0.2006, 14.8484 0.0787 0.2117, 14.8484 -0.0787 0.2117, 14.8767 0.0787 0.2295, 14.8767 -0.0787 0.2295, 14.9004 0.0787 0.2532, 14.9004 -0.0787 0.2532, 14.9183 0.0787 0.2815, 14.9183 -0.0787 0.2815, 14.9293 0.0787 0.3132, 14.9293 -0.0787 0.3132, 14.9331 0.0787 0.3465, 14.9331 -0.0787 0.3465, 14.9331 0.0787 2.3032, 14.9331 -0.0787 2.3032, 14.9311 0.0787 2.3184, 14.9311 -0.0787 2.3184, 14.9252 0.0787 2.3327, 14.9252 -0.0787 2.3327, 14.9158 0.0787 2.3449, 14.9158 -0.0787 2.3449, 14.9035 0.0787 2.3543, 14.9035 -0.0787 2.3543, 14.8893 0.0787 2.3602, 14.8893 -0.0787 2.3602, 14.874 0.0787 2.3622, 14.874 -0.0787 2.3622, 14.7953 0.0787 2.3622, 14.7953 -0.0787 2.3622, 14.78 0.0787 2.3602, 14.78 -0.0787 2.3602, 14.7657 0.0787 2.3543, 14.7657 -0.0787 2.3543, 14.7535 0.0787 2.3449, 14.7535 -0.0787 2.3449, 14.7441 0.0787 2.3327, 14.7441 -0.0787 2.3327, 14.7382 0.0787 2.3184, 14.7382 -0.0787 2.3184, 14.7362 0.0787 2.3032, 14.7362 -0.0787 2.3032, 14.7362 0.0787 0.709, 14.7362 -0.0787 0.709, 14.7326 -0.0787 0.6752, 14.7326 0.0787 0.6752, 14.7217 -0.0787 0.643, 14.7217 0.0787 0.643, 14.7042 -0.0787 0.6138, 14.7042 0.0787 0.6138, 14.6809 -0.0787 0.5891, 14.6809 0.0787 0.5891, 14.6264 -0.0787 0.5528, 14.6264 0.0787 0.5528, 14.565 -0.0787 0.5302, 14.565 0.0787 0.5302, 14.5 -0.0787 0.5225, 14.5 0.0787 0.5225, 14.435 -0.0787 0.5302, 14.435 0.0787 0.5302, 14.3736 -0.0787 0.5528, 14.3736 0.0787 0.5528, 14.3191 -0.0787 0.5891, 14.3191 0.0787 0.5891, 14.2958 -0.0787 0.6138, 14.2958 0.0787 0.6138, 14.2783 -0.0787 0.643, 14.2783 0.0787 0.643, 14.2674 -0.0787 0.6752, 14.2674 0.0787 0.6752, 14.2638 -0.0787 0.709, 14.2638 0.0787 0.709, 14.2638 0.0787 2.3032, 14.2638 -0.0787 2.3032, 14.2618 0.0787 2.3184, 14.2618 -0.0787 2.3184, 14.2559 0.0787 2.3327, 14.2559 -0.0787 2.3327, 14.2465 0.0787 2.3449, 14.2465 -0.0787 2.3449, 14.2343 0.0787 2.3543, 14.2343 -0.0787 2.3543, 14.22 0.0787 2.3602, 14.22 -0.0787 2.3602, 14.2047 0.0787 2.3622, 14.2047 -0.0787 2.3622, 14.126 0.0787 2.3622, 14.126 -0.0787 2.3622, 14.1107 0.0787 2.3602, 14.1107 -0.0787 2.3602, 14.0965 0.0787 2.3543, 14.0965 -0.0787 2.3543, 14.0842 0.0787 2.3449, 14.0842 -0.0787 2.3449, 14.0748 0.0787 2.3327, 14.0748 -0.0787 2.3327, 14.0689 0.0787 2.3184, 14.0689 -0.0787 2.3184, 14.0669 0.0787 2.3032, 14.0669 -0.0787 2.3032, 14.0669 0.0787 0.3465, 14.0669 -0.0787 0.3465, 14.0707 0.0787 0.3132, 14.0707 -0.0787 0.3132, 14.0817 0.0787 0.2815, 14.0817 -0.0787 0.2815, 14.0996 0.0787 0.2532, 14.0996 -0.0787 0.2532, 14.1233 0.0787 0.2295, 14.1233 -0.0787 0.2295, 14.1516 0.0787 0.2117, 14.1516 -0.0787 0.2117, 14.1832 0.0787 0.2006, 14.1832 -0.0787 0.2006, 14.2165 0.0787 0.1969, 14.2165 -0.0787 0.1969, 14.2224 0.0787 0.1969, 14.2224 -0.0787 0.1969, 14.2557 -0.0787 0.1931, 14.2557 0.0787 0.1931, 14.2874 -0.0787 0.182, 14.2874 0.0787 0.182, 14.3157 -0.0787 0.1642, 14.3157 0.0787 0.1642, 14.3394 -0.0787 0.1405, 14.3394 0.0787 0.1405, 14.3572 -0.0787 0.1122, 14.3572 0.0787 0.1122, 14.3683 -0.0787 0.0805, 14.3683 0.0787 0.0805, 14.372 -0.0787 0.0472, 14.372 0.0787 0.0472, 14.372 0.0787 -0.8171, 14.372 -0.0787 -0.8171, 14.3781 0.0787 -0.9148, 14.3781 -0.0787 -0.9148, 14.4071 0.0787 -1.1466, 14.4071 -0.0787 -1.1466, 14.4094 0.0787 -1.1558, 14.4094 -0.0787 -1.1558, 14.4138 0.0787 -1.1642, 14.4138 -0.0787 -1.1642, 14.4201 0.0787 -1.1712, 14.4201 -0.0787 -1.1712, 14.4279 0.0787 -1.1766, 14.4279 -0.0787 -1.1766, 14.4368 0.0787 -1.18, 14.4368 -0.0787 -1.18, 14.4462 0.0787 -1.1811, 14.4462 -0.0787 -1.1811, 14.5538 0.0787 -1.1811, 14.5538 -0.0787 -1.1811, 14.5632 0.0787 -1.18, 14.5632 -0.0787 -1.18, 14.5721 0.0787 -1.1766, 14.5721 -0.0787 -1.1766, 14.5799 0.0787 -1.1712, 14.5799 -0.0787 -1.1712, 14.5862 0.0787 -1.1642, 14.5862 -0.0787 -1.1642, 14.5906 0.0787 -1.1558, 14.5906 -0.0787 -1.1558, 14.5929 0.0787 -1.1466, 14.5929 -0.0787 -1.1466, 14.6219 0.0787 -0.9148, 14.6219 -0.0787 -0.9148, 14.6317 0.0787 0.0805, 14.6317 -0.0787 0.0805, 14.6428 -0.0787 0.1122, 14.6428 0.0787 0.1122, 14.6606 -0.0787 0.1405, 14.6606 0.0787 0.1405, 14.6843 -0.0787 0.1642, 14.6843 0.0787 0.1642, 14.7126 -0.0787 0.182, 14.7126 0.0787 0.182, 14.7443 -0.0787 0.1931, 14.7443 0.0787 0.1931, 14.7776 -0.0787 0.1969, 14.7776 0.0787 0.1969
            ]
        }
        coordIndex [
            0,1,2,-1,2,1,3,-1,2,3,4,-1,4,3,5,-1,4,5,6,-1,6,5,7,-1,8,9,10,-1,11,12,13,-1,14,15,16,-1,16,15,17,-1,16,17,18,-1,8,10,19,-1,19,10,11,-1,19,11,20,-1,20,11,21,-1,20,21,22,-1,9,23,10,-1,10,23,24,-1,10,24,25,-1,26,27,10,-1,10,27,28,-1,29,30,31,-1,31,30,32,-1,28,33,10,-1,10,33,32,-1,10,32,34,-1,34,32,30,-1,35,36,37,-1,37,36,38,-1,25,39,10,-1,10,39,40,-1,10,40,26,-1,18,41,16,-1,16,41,42,-1,16,42,43,-1,43,42,44,-1,43,44,45,-1,46,47,21,-1,44,48,45,-1,45,48,49,-1,45,49,37,-1,37,49,50,-1,37,50,35,-1,47,51,21,-1,21,51,52,-1,21,52,22,-1,12,53,13,-1,13,53,54,-1,13,54,55,-1,54,56,55,-1,55,56,57,-1,55,57,15,-1,38,46,37,-1,37,46,21,-1,37,21,58,-1,58,21,59,-1,58,59,14,-1,14,59,60,-1,14,60,15,-1,15,60,61,-1,15,61,55,-1,62,63,21,-1,11,13,21,-1,21,13,64,-1,21,64,62,-1,65,66,67,-1,68,69,70,-1,70,69,71,-1,72,73,71,-1,71,73,74,-1,71,74,70,-1,67,75,65,-1,65,75,76,-1,65,76,77,-1,78,79,80,-1,80,79,81,-1,82,83,84,-1,84,83,63,-1,84,63,80,-1,81,85,80,-1,80,85,86,-1,80,86,87,-1,78,80,88,-1,88,80,63,-1,88,63,74,-1,74,63,62,-1,74,62,70,-1,87,89,80,-1,80,89,90,-1,80,90,65,-1,65,90,91,-1,65,91,66,-1,13,92,73,-1,93,94,72,-1,72,94,95,-1,72,95,73,-1,73,95,96,-1,73,96,13,-1,13,96,97,-1,13,97,64,-1,98,99,100,-1,100,99,101,-1,100,101,13,-1,13,101,65,-1,13,65,92,-1,92,65,77,-1,82,100,83,-1,83,100,13,-1,83,13,102,-1,102,13,55,-1,103,104,105,-1,103,105,106,-1,106,105,107,-1,106,107,108,-1,108,107,109,-1,108,109,110,-1,110,109,111,-1,110,111,112,-1,112,111,113,-1,112,113,114,-1,114,113,115,-1,114,115,116,-1,116,115,117,-1,116,117,118,-1,119,120,117,-1,117,120,118,-1,120,119,121,-1,120,121,122,-1,122,121,123,-1,122,123,124,-1,124,123,125,-1,124,125,126,-1,126,125,127,-1,126,127,128,-1,128,127,129,-1,128,129,130,-1,130,129,131,-1,130,131,132,-1,133,134,131,-1,131,134,132,-1,134,133,135,-1,134,135,136,-1,136,135,137,-1,136,137,138,-1,138,137,139,-1,138,139,140,-1,140,139,141,-1,140,141,142,-1,142,141,143,-1,142,143,144,-1,144,143,145,-1,144,145,146,-1,147,148,145,-1,145,148,146,-1,148,147,149,-1,149,147,150,-1,149,150,151,-1,151,150,152,-1,151,152,153,-1,153,152,154,-1,153,154,155,-1,155,154,156,-1,155,156,157,-1,157,156,158,-1,157,158,159,-1,159,158,160,-1,159,160,161,-1,161,160,162,-1,161,162,163,-1,163,162,164,-1,163,164,165,-1,165,164,166,-1,165,166,167,-1,167,166,168,-1,167,168,169,-1,169,168,170,-1,169,170,171,-1,171,170,172,-1,171,172,173,-1,173,172,174,-1,173,174,175,-1,175,174,176,-1,177,178,176,-1,176,178,175,-1,178,177,179,-1,178,179,180,-1,180,179,181,-1,180,181,182,-1,182,181,183,-1,182,183,184,-1,184,183,185,-1,184,185,186,-1,186,185,187,-1,186,187,188,-1,188,187,189,-1,188,189,190,-1,191,192,189,-1,189,192,190,-1,192,191,193,-1,192,193,194,-1,194,193,195,-1,194,195,196,-1,196,195,197,-1,196,197,198,-1,198,197,199,-1,198,199,200,-1,200,199,201,-1,200,201,202,-1,202,201,203,-1,202,203,204,-1,205,206,203,-1,203,206,204,-1,206,205,207,-1,206,207,208,-1,208,207,209,-1,208,209,210,-1,210,209,211,-1,210,211,212,-1,212,211,213,-1,212,213,214,-1,214,213,215,-1,214,215,216,-1,216,215,217,-1,216,217,218,-1,218,217,219,-1,218,219,220,-1,221,222,219,-1,219,222,220,-1,222,221,223,-1,223,221,224,-1,223,224,225,-1,225,224,226,-1,225,226,227,-1,227,226,228,-1,227,228,229,-1,229,228,230,-1,229,230,231,-1,231,230,232,-1,231,232,233,-1,233,232,234,-1,233,234,235,-1,235,234,236,-1,237,238,236,-1,236,238,235,-1,237,239,238,-1,238,239,240,-1,241,242,239,-1,239,242,240,-1,242,241,243,-1,242,243,244,-1,244,243,245,-1,244,245,246,-1,246,245,247,-1,246,247,248,-1,248,247,249,-1,248,249,250,-1,250,249,251,-1,250,251,252,-1,252,251,253,-1,252,253,254,-1,255,256,253,-1,253,256,254,-1,256,255,257,-1,256,257,258,-1,258,257,259,-1,258,259,260,-1,260,259,261,-1,260,261,262,-1,262,261,263,-1,262,263,264,-1,264,263,265,-1,264,265,266,-1,266,265,267,-1,266,267,268,-1,269,270,267,-1,267,270,268,-1,102,270,83,-1,83,270,269,-1,83,269,63,-1,60,59,271,-1,61,60,272,-1,272,60,271,-1,272,271,273,-1,273,271,274,-1,273,274,275,-1,275,274,276,-1,275,276,277,-1,277,276,278,-1,277,278,279,-1,279,278,280,-1,279,280,281,-1,281,280,282,-1,281,282,283,-1,283,282,284,-1,104,103,284,-1,284,103,283,-1,227,229,163,-1,275,159,273,-1,273,159,161,-1,55,61,161,-1,161,61,272,-1,161,272,273,-1,163,229,161,-1,161,229,231,-1,161,231,233,-1,220,222,165,-1,165,222,223,-1,165,223,163,-1,163,223,225,-1,163,225,227,-1,212,167,210,-1,210,167,208,-1,155,116,153,-1,153,116,118,-1,153,118,151,-1,151,118,149,-1,110,112,155,-1,155,112,114,-1,155,114,116,-1,275,277,159,-1,159,277,279,-1,159,279,157,-1,157,279,281,-1,157,281,283,-1,212,214,167,-1,167,214,216,-1,167,216,165,-1,165,216,218,-1,165,218,220,-1,208,167,206,-1,206,167,169,-1,206,169,171,-1,132,134,146,-1,283,103,157,-1,157,103,106,-1,157,106,155,-1,155,106,108,-1,155,108,110,-1,233,235,161,-1,161,235,256,-1,161,256,55,-1,55,256,102,-1,235,238,256,-1,256,238,240,-1,256,240,254,-1,254,240,242,-1,254,242,252,-1,182,184,190,-1,190,184,186,-1,190,186,188,-1,190,192,204,-1,130,132,120,-1,120,132,146,-1,120,146,118,-1,118,146,148,-1,118,148,149,-1,266,268,256,-1,256,268,270,-1,256,270,102,-1,171,173,206,-1,206,173,175,-1,206,175,204,-1,204,175,178,-1,204,178,190,-1,190,178,180,-1,190,180,182,-1,122,124,126,-1,140,134,138,-1,138,134,136,-1,140,142,134,-1,134,142,144,-1,134,144,146,-1,198,192,196,-1,196,192,194,-1,198,200,192,-1,192,200,202,-1,192,202,204,-1,122,126,120,-1,120,126,128,-1,120,128,130,-1,256,258,266,-1,266,258,260,-1,266,260,264,-1,264,260,262,-1,242,244,252,-1,252,244,246,-1,252,246,250,-1,250,246,248,-1,278,276,160,-1,152,150,117,-1,158,113,111,-1,113,158,115,-1,115,158,156,-1,115,156,117,-1,117,156,154,-1,117,154,152,-1,213,211,168,-1,160,276,162,-1,162,276,274,-1,162,274,271,-1,111,109,158,-1,158,109,107,-1,158,107,105,-1,150,147,117,-1,117,147,133,-1,117,133,131,-1,177,176,189,-1,174,172,205,-1,205,172,170,-1,205,170,207,-1,207,170,168,-1,207,168,209,-1,209,168,211,-1,230,228,164,-1,164,228,226,-1,164,226,166,-1,166,226,224,-1,166,224,221,-1,221,219,166,-1,166,219,217,-1,166,217,168,-1,168,217,215,-1,168,215,213,-1,230,164,232,-1,232,164,162,-1,232,162,234,-1,158,282,160,-1,160,282,280,-1,160,280,278,-1,234,162,236,-1,236,162,255,-1,236,255,237,-1,105,104,158,-1,158,104,284,-1,158,284,282,-1,174,205,176,-1,176,205,191,-1,176,191,189,-1,237,255,239,-1,239,255,253,-1,239,253,241,-1,147,145,133,-1,133,145,143,-1,133,143,141,-1,141,139,133,-1,133,139,137,-1,133,137,135,-1,271,59,162,-1,162,59,21,-1,162,21,255,-1,255,21,63,-1,255,63,269,-1,129,127,125,-1,125,123,129,-1,129,123,121,-1,129,121,131,-1,131,121,119,-1,131,119,117,-1,205,203,191,-1,191,203,201,-1,191,201,199,-1,199,197,191,-1,191,197,195,-1,191,195,193,-1,183,189,185,-1,185,189,187,-1,183,181,189,-1,189,181,179,-1,189,179,177,-1,241,253,243,-1,243,253,251,-1,243,251,245,-1,245,251,249,-1,245,249,247,-1,261,259,263,-1,263,259,265,-1,269,267,255,-1,255,267,265,-1,255,265,257,-1,257,265,259,-1,
        ]
    }
}
Shape{
    appearance Appearance {
        material  Material 	{
            diffuseColor 0.0 0.0 0.0
            specularColor 0.0 0.0 0.0
            ambientIntensity 0.0
            transparency 0.0
            shininess 0.5
        }
    }
    geometry IndexedFaceSet {
        ccw TRUE
        solid FALSE
        coord DEF co Coordinate {
            point [
                14.624 -0.0429 -0.2634, 14.624 -0.0537 -0.2634, 14.628 -0.0429 -0.2634, 14.628 -0.0537 -0.2634, 14.624 -0.0537 -0.213, 14.628 -0.0537 -0.213, 14.624 0.0447 -0.213, 14.628 0.0447 -0.213, 14.624 0.0447 -0.2262, 14.628 0.0447 -0.2262, 14.624 -0.0429 -0.2262, 14.628 -0.0429 -0.2262, 14.624 -0.0378 -0.345, 14.624 -0.0486 -0.345, 14.628 -0.0378 -0.345, 14.628 -0.0486 -0.345, 14.624 -0.0529 -0.3345, 14.624 -0.0549 -0.3179, 14.628 -0.0549 -0.3179, 14.628 -0.0549 -0.3206, 14.624 -0.0549 -0.3206, 14.628 -0.0543 -0.3246, 14.628 -0.0529 -0.3345, 14.624 -0.0064 -0.2718, 14.628 -0.0064 -0.2718, 14.628 -0.0178 -0.2727, 14.624 -0.0178 -0.2727, 14.628 -0.0282 -0.2757, 14.624 -0.0282 -0.2757, 14.628 -0.0375 -0.2809, 14.624 -0.0375 -0.2809, 14.628 -0.0453 -0.2883, 14.624 -0.0453 -0.2883, 14.628 -0.0504 -0.2962, 14.624 -0.0504 -0.2962, 14.628 -0.0537 -0.3058, 14.624 -0.0537 -0.3058, 14.628 -0.0543 -0.3121, 14.624 0.0459 -0.3218, 14.628 0.0459 -0.3218, 14.628 0.0451 -0.3119, 14.624 0.0451 -0.3119, 14.628 0.0419 -0.301, 14.624 0.0419 -0.301, 14.628 0.0365 -0.2916, 14.624 0.0365 -0.2916, 14.628 0.028 -0.2827, 14.624 0.028 -0.2827, 14.628 0.0188 -0.277, 14.624 0.0188 -0.277, 14.628 0.0076 -0.2732, 14.624 0.0076 -0.2732, 14.624 0.042 -0.345, 14.628 0.042 -0.345, 14.628 0.0451 -0.3336, 14.624 0.0451 -0.3336, 14.624 0.0288 -0.345, 14.628 0.0288 -0.345, 14.624 0.0351 -0.3219, 14.628 0.0351 -0.3219, 14.628 0.0336 -0.3339, 14.624 0.0336 -0.3339, 14.624 -0.0056 -0.285, 14.628 -0.0056 -0.285, 14.628 0.0021 -0.2854, 14.624 0.0021 -0.2854, 14.628 0.0126 -0.2881, 14.624 0.0126 -0.2881, 14.628 0.0202 -0.2921, 14.624 0.0202 -0.2921, 14.628 0.0268 -0.2981, 14.624 0.0268 -0.2981, 14.628 0.0314 -0.3049, 14.624 0.0314 -0.3049, 14.628 0.034 -0.3122, 14.624 0.034 -0.3122, 14.624 -0.0441 -0.3197, 14.628 -0.0441 -0.3197, 14.628 -0.0431 -0.3105, 14.624 -0.0431 -0.3105, 14.628 -0.0404 -0.3034, 14.624 -0.0404 -0.3034, 14.628 -0.0364 -0.2973, 14.624 -0.0364 -0.2973, 14.628 -0.0315 -0.2927, 14.624 -0.0315 -0.2927, 14.628 -0.0247 -0.2886, 14.624 -0.0247 -0.2886, 14.628 -0.0162 -0.286, 14.624 -0.0162 -0.286, 14.628 -0.0388 -0.3432, 14.624 -0.0388 -0.3432, 14.628 -0.0427 -0.3328, 14.624 -0.0427 -0.3328, 14.624 -0.0429 -0.417, 14.624 -0.0537 -0.417, 14.628 -0.0429 -0.417, 14.628 -0.0537 -0.417, 14.624 -0.0537 -0.3642, 14.628 -0.0537 -0.3642, 14.624 0.0447 -0.3642, 14.628 0.0447 -0.3642, 14.624 0.0447 -0.4146, 14.628 0.0447 -0.4146, 14.624 0.0339 -0.4146, 14.628 0.0339 -0.4146, 14.624 0.0339 -0.3774, 14.628 0.0339 -0.3774, 14.624 0.0015 -0.3774, 14.628 0.0015 -0.3774, 14.624 0.0015 -0.4122, 14.628 0.0015 -0.4122, 14.624 -0.0093 -0.4122, 14.628 -0.0093 -0.4122, 14.624 -0.0093 -0.3774, 14.628 -0.0093 -0.3774, 14.624 -0.0429 -0.3774, 14.628 -0.0429 -0.3774, 14.624 -0.0537 -0.463, 14.624 -0.0537 -0.4362, 14.628 -0.0537 -0.463, 14.628 -0.0537 -0.4362, 14.624 0.0447 -0.4362, 14.628 0.0447 -0.4362, 14.624 0.0447 -0.464, 14.628 0.0447 -0.464, 14.624 -0.0033 -0.5154, 14.628 -0.0033 -0.5154, 14.628 0.006 -0.5147, 14.624 0.006 -0.5147, 14.628 0.0157 -0.5121, 14.624 0.0157 -0.5121, 14.628 0.0242 -0.5075, 14.624 0.0242 -0.5075, 14.628 0.0319 -0.5005, 14.624 0.0319 -0.5005, 14.628 0.032 -0.5004, 14.624 0.032 -0.5004, 14.628 0.0391 -0.4897, 14.624 0.0391 -0.4897, 14.628 0.0432 -0.4782, 14.624 0.0432 -0.4782, 14.628 -0.0527 -0.4752, 14.624 -0.0527 -0.4752, 14.628 -0.0493 -0.4865, 14.624 -0.0493 -0.4865, 14.628 -0.0433 -0.4968, 14.624 -0.0433 -0.4968, 14.628 -0.0355 -0.5049, 14.624 -0.0355 -0.5049, 14.628 -0.0267 -0.5105, 14.624 -0.0267 -0.5105, 14.628 -0.0164 -0.5141, 14.624 -0.0164 -0.5141, 14.624 0.0201 -0.4957, 14.624 0.0252 -0.4909, 14.624 0.0298 -0.4837, 14.624 0.0327 -0.4756, 14.624 0.0339 -0.4639, 14.624 0.0339 -0.4494, 14.624 -0.0429 -0.4494, 14.624 -0.0429 -0.4634, 14.624 -0.0419 -0.4738, 14.624 -0.0394 -0.4821, 14.624 -0.0354 -0.4888, 14.624 -0.0299 -0.4943, 14.624 -0.0231 -0.4984, 14.624 -0.0139 -0.5013, 14.624 -0.0035 -0.5022, 14.624 0.0063 -0.5014, 14.624 0.014 -0.4991, 14.628 0.0339 -0.4639, 14.628 0.0339 -0.4494, 14.628 0.0327 -0.4756, 14.628 0.0298 -0.4837, 14.628 0.0252 -0.4909, 14.628 0.0201 -0.4957, 14.628 0.014 -0.4991, 14.628 0.0063 -0.5014, 14.628 -0.0035 -0.5022, 14.628 -0.0139 -0.5013, 14.628 -0.0231 -0.4984, 14.628 -0.0299 -0.4943, 14.628 -0.0354 -0.4888, 14.628 -0.0394 -0.4821, 14.628 -0.0419 -0.4738, 14.628 -0.0429 -0.4634, 14.628 -0.0429 -0.4494
            ]
        }
        coordIndex [
            0,1,2,-1,2,1,3,-1,1,4,3,-1,3,4,5,-1,4,6,5,-1,5,6,7,-1,6,8,7,-1,7,8,9,-1,8,10,9,-1,9,10,11,-1,10,0,11,-1,11,0,2,-1,8,6,10,-1,10,6,4,-1,10,4,0,-1,0,4,1,-1,12,13,14,-1,14,13,15,-1,15,13,16,-1,17,18,19,-1,17,19,20,-1,20,19,21,-1,20,21,16,-1,16,21,22,-1,16,22,15,-1,23,24,25,-1,23,25,26,-1,26,25,27,-1,26,27,28,-1,28,27,29,-1,28,29,30,-1,30,29,31,-1,30,31,32,-1,32,31,33,-1,32,33,34,-1,34,33,35,-1,34,35,36,-1,36,35,17,-1,17,35,37,-1,17,37,18,-1,38,39,40,-1,38,40,41,-1,41,40,42,-1,41,42,43,-1,43,42,44,-1,43,44,45,-1,45,44,46,-1,45,46,47,-1,47,46,48,-1,47,48,49,-1,49,48,50,-1,49,50,51,-1,51,50,24,-1,51,24,23,-1,52,53,54,-1,52,54,55,-1,55,54,39,-1,55,39,38,-1,52,56,53,-1,53,56,57,-1,58,59,60,-1,58,60,61,-1,61,60,57,-1,61,57,56,-1,62,63,64,-1,62,64,65,-1,65,64,66,-1,65,66,67,-1,67,66,68,-1,67,68,69,-1,69,68,70,-1,69,70,71,-1,71,70,72,-1,71,72,73,-1,73,72,74,-1,73,74,75,-1,75,74,59,-1,75,59,58,-1,76,77,78,-1,76,78,79,-1,79,78,80,-1,79,80,81,-1,81,80,82,-1,81,82,83,-1,83,82,84,-1,83,84,85,-1,85,84,86,-1,85,86,87,-1,87,86,88,-1,87,88,89,-1,89,88,63,-1,89,63,62,-1,12,14,90,-1,12,90,91,-1,91,90,92,-1,91,92,93,-1,93,92,77,-1,93,77,76,-1,79,17,76,-1,76,17,20,-1,76,20,93,-1,93,20,16,-1,93,16,91,-1,91,16,13,-1,91,13,12,-1,56,52,61,-1,61,52,55,-1,61,55,58,-1,58,55,38,-1,58,38,75,-1,75,38,41,-1,75,41,73,-1,73,41,43,-1,73,43,71,-1,71,43,45,-1,71,45,69,-1,69,45,47,-1,69,47,67,-1,67,47,49,-1,67,49,65,-1,65,49,51,-1,65,51,62,-1,62,51,23,-1,62,23,89,-1,89,23,26,-1,89,26,87,-1,87,26,28,-1,87,28,85,-1,85,28,30,-1,85,30,83,-1,83,30,32,-1,83,32,81,-1,81,32,34,-1,81,34,79,-1,79,34,36,-1,79,36,17,-1,94,95,96,-1,96,95,97,-1,95,98,97,-1,97,98,99,-1,98,100,99,-1,99,100,101,-1,100,102,101,-1,101,102,103,-1,102,104,103,-1,103,104,105,-1,104,106,105,-1,105,106,107,-1,106,108,107,-1,107,108,109,-1,108,110,109,-1,109,110,111,-1,110,112,111,-1,111,112,113,-1,112,114,113,-1,113,114,115,-1,114,116,115,-1,115,116,117,-1,116,94,117,-1,117,94,96,-1,98,95,94,-1,94,116,98,-1,98,116,114,-1,98,114,100,-1,104,102,106,-1,106,102,100,-1,106,100,108,-1,108,100,114,-1,108,114,110,-1,110,114,112,-1,118,119,120,-1,120,119,121,-1,119,122,121,-1,121,122,123,-1,122,124,123,-1,123,124,125,-1,126,127,128,-1,126,128,129,-1,129,128,130,-1,129,130,131,-1,131,130,132,-1,131,132,133,-1,133,132,134,-1,133,134,135,-1,135,134,136,-1,135,136,137,-1,137,136,138,-1,137,138,139,-1,139,138,140,-1,139,140,141,-1,141,140,125,-1,141,125,124,-1,118,120,142,-1,118,142,143,-1,143,142,144,-1,143,144,145,-1,145,144,146,-1,145,146,147,-1,147,146,148,-1,147,148,149,-1,149,148,150,-1,149,150,151,-1,151,150,152,-1,151,152,153,-1,153,152,127,-1,153,127,126,-1,131,133,154,-1,154,133,135,-1,154,135,155,-1,155,135,137,-1,155,137,156,-1,156,137,139,-1,156,139,157,-1,157,139,141,-1,157,141,158,-1,158,141,124,-1,158,124,159,-1,159,124,122,-1,159,122,160,-1,160,122,119,-1,160,119,161,-1,161,119,118,-1,161,118,162,-1,162,118,143,-1,162,143,163,-1,163,143,145,-1,163,145,164,-1,164,145,147,-1,164,147,165,-1,165,147,149,-1,165,149,166,-1,166,149,151,-1,166,151,167,-1,167,151,153,-1,167,153,168,-1,168,153,126,-1,168,126,169,-1,169,126,129,-1,169,129,170,-1,170,129,131,-1,170,131,154,-1,158,159,171,-1,171,159,172,-1,158,171,173,-1,158,173,157,-1,157,173,174,-1,157,174,156,-1,156,174,175,-1,156,175,155,-1,155,175,176,-1,155,176,154,-1,154,176,177,-1,154,177,170,-1,170,177,178,-1,170,178,169,-1,169,178,179,-1,169,179,168,-1,168,179,180,-1,168,180,167,-1,167,180,181,-1,167,181,166,-1,166,181,182,-1,166,182,165,-1,165,182,183,-1,165,183,164,-1,164,183,184,-1,164,184,163,-1,163,184,185,-1,163,185,162,-1,162,185,186,-1,162,186,161,-1,160,161,187,-1,187,161,186,-1,159,160,172,-1,172,160,187,-1,
        ]
    }
}
Shape{
    appearance Appearance {
        material  Material 	{
            diffuseColor 0.9490196078431372 0.7607843137254902 0.1803921568627451
            specularColor 0.7607843137254902 0.6078431372549019 0.1450980392156863
            ambientIntensity 0.7509
            transparency 0.0
            shininess 0.5
        }
    }
    geometry IndexedFaceSet {
        ccw TRUE
        solid FALSE
        coord DEF co Coordinate {
            point [
                14.628 0.0339 -0.4494, 14.628 -0.0429 -0.4494, 14.628 0.0339 -0.4639, 14.628 -0.0429 -0.4634, 14.628 -0.0419 -0.4738, 14.628 -0.0035 -0.5022, 14.628 0.0063 -0.5014, 14.628 0.014 -0.4991, 14.628 0.0327 -0.4756, 14.628 -0.0394 -0.4821, 14.628 -0.0354 -0.4888, 14.628 -0.0299 -0.4943, 14.628 -0.0231 -0.4984, 14.628 -0.0139 -0.5013, 14.628 0.0201 -0.4957, 14.628 0.0252 -0.4909, 14.628 0.0298 -0.4837
            ]
        }
        coordIndex [
            0,1,2,-1,2,1,3,-1,2,3,4,-1,5,6,2,-1,2,6,7,-1,2,7,8,-1,4,9,2,-1,2,9,10,-1,2,10,11,-1,11,12,2,-1,2,12,13,-1,2,13,5,-1,14,15,7,-1,7,15,16,-1,7,16,8,-1,
        ]
    }
}
Shape{
    appearance Appearance {
        material  Material 	{
            diffuseColor 0.0 0.0 0.0
            specularColor 0.0 0.0 0.0
            ambientIntensity 0.0
            transparency 0.0
            shininess 0.5
        }
    }
    geometry IndexedFaceSet {
        ccw TRUE
        solid FALSE
        coord DEF co Coordinate {
            point [
                14.624 0.0447 -0.573, 14.624 -0.0537 -0.6115, 14.628 0.0447 -0.573, 14.628 -0.0537 -0.6115, 14.624 -0.0537 -0.5971, 14.628 -0.0537 -0.5971, 14.624 -0.0261 -0.5871, 14.628 -0.0261 -0.5871, 14.624 -0.0261 -0.5464, 14.628 -0.0261 -0.5464, 14.624 -0.0537 -0.537, 14.628 -0.0537 -0.537, 14.624 -0.0537 -0.5226, 14.628 -0.0537 -0.5226, 14.624 0.0447 -0.5598, 14.628 0.0447 -0.5598, 14.624 -0.0153 -0.5498, 14.624 -0.0153 -0.5827, 14.624 0.0258 -0.5644, 14.624 0.0292 -0.5654, 14.624 0.0327 -0.566, 14.624 0.0327 -0.5663, 14.624 0.0292 -0.567, 14.624 0.0258 -0.5679, 14.628 -0.0153 -0.5498, 14.628 -0.0153 -0.5827, 14.628 0.0258 -0.5644, 14.628 0.0292 -0.5654, 14.628 0.0327 -0.566, 14.628 0.0327 -0.5663, 14.628 0.0292 -0.567, 14.628 0.0258 -0.5679
            ]
        }
        coordIndex [
            0,1,2,-1,2,1,3,-1,1,4,3,-1,3,4,5,-1,4,6,5,-1,5,6,7,-1,6,8,7,-1,7,8,9,-1,8,10,9,-1,9,10,11,-1,10,12,11,-1,11,12,13,-1,12,14,13,-1,13,14,15,-1,14,0,15,-1,15,0,2,-1,16,8,17,-1,17,8,6,-1,18,14,16,-1,16,14,12,-1,16,12,8,-1,8,12,10,-1,18,19,14,-1,14,19,20,-1,14,20,0,-1,0,20,21,-1,0,21,22,-1,22,23,0,-1,0,23,17,-1,0,17,1,-1,1,17,6,-1,1,6,4,-1,16,17,24,-1,24,17,25,-1,18,16,26,-1,26,16,24,-1,18,26,27,-1,18,27,19,-1,19,27,28,-1,19,28,20,-1,21,20,29,-1,29,20,28,-1,21,29,30,-1,21,30,22,-1,22,30,31,-1,22,31,23,-1,17,23,25,-1,25,23,31,-1,
        ]
    }
}
Shape{
    appearance Appearance {
        material  Material 	{
            diffuseColor 0.9490196078431372 0.7607843137254902 0.1803921568627451
            specularColor 0.7607843137254902 0.6078431372549019 0.1450980392156863
            ambientIntensity 0.7509
            transparency 0.0
            shininess 0.5
        }
    }
    geometry IndexedFaceSet {
        ccw TRUE
        solid FALSE
        coord DEF co Coordinate {
            point [
                14.628 -0.0153 -0.5498, 14.628 -0.0153 -0.5827, 14.628 0.0258 -0.5644, 14.628 0.0258 -0.5679, 14.628 0.0292 -0.5654, 14.628 0.0292 -0.567, 14.628 0.0327 -0.566, 14.628 0.0327 -0.5663, 13.628 0.0351 -0.3219, 13.628 0.034 -0.3122, 13.628 -0.0388 -0.3432, 13.628 -0.0378 -0.345, 13.628 -0.0486 -0.345, 13.628 -0.0543 -0.3546, 13.628 -0.0537 -0.213, 13.628 -0.0543 -0.3121, 13.628 -0.0537 -0.2634, 13.628 -0.0537 -0.3058, 13.628 -0.0504 -0.2962, 13.628 0.0336 -0.3339, 13.628 0.0288 -0.345, 13.628 0.0787 -0.3546, 13.628 0.042 -0.345, 13.628 0.0314 -0.3049, 13.628 0.0268 -0.2981, 13.628 0.0202 -0.2921, 13.628 -0.0056 -0.285, 13.628 -0.0162 -0.286, 13.628 -0.0247 -0.2886, 13.628 -0.0431 -0.3105, 13.628 -0.0441 -0.3197, 13.628 -0.0404 -0.3034, 13.628 -0.0364 -0.2973, 13.628 -0.0315 -0.2927, 13.628 -0.0427 -0.3328, 13.628 0.0188 -0.277, 13.628 0.028 -0.2827, 13.628 0.0447 -0.2262, 13.628 0.0365 -0.2916, 13.628 0.0126 -0.2881, 13.628 0.0021 -0.2854, 13.628 -0.0453 -0.2883, 13.628 -0.0375 -0.2809, 13.628 -0.0429 -0.2634, 13.628 -0.0282 -0.2757, 13.628 -0.0429 -0.2262, 13.628 0.0419 -0.301, 13.628 0.0451 -0.3119, 13.628 -0.0178 -0.2727, 13.628 -0.0064 -0.2718, 13.628 0.0076 -0.2732, 13.628 0.0459 -0.3218, 13.628 0.0451 -0.3336, 13.628 -0.0529 -0.3345, 13.628 -0.0543 -0.3246, 13.628 -0.0787 -0.3546, 13.628 -0.0549 -0.3206, 13.628 -0.0549 -0.3179, 13.628 0.0447 -0.213, 13.628 0.0787 0.0472, 13.628 -0.0543 0.0472, 13.628 -0.0787 0.0472, 13.628 0.0447 -0.4146, 13.628 0.0787 -0.8171, 13.628 0.0447 -0.3642, 13.628 -0.0537 -0.5226, 13.628 -0.0267 -0.5105, 13.628 -0.0355 -0.5049, 13.628 0.0339 -0.3774, 13.628 0.0015 -0.3774, 13.628 0.0339 -0.4146, 13.628 0.0015 -0.4122, 13.628 -0.0093 -0.4122, 13.628 -0.0537 -0.4362, 13.628 0.0447 -0.4362, 13.628 -0.0433 -0.4968, 13.628 -0.0493 -0.4865, 13.628 -0.0527 -0.4752, 13.628 0.0432 -0.4782, 13.628 0.0391 -0.4897, 13.628 0.0447 -0.5598, 13.628 0.032 -0.5004, 13.628 -0.0537 -0.6115, 13.628 -0.0543 -0.8171, 13.628 0.0447 -0.573, 13.628 0.0319 -0.5005, 13.628 0.0242 -0.5075, 13.628 0.0157 -0.5121, 13.628 0.0447 -0.464, 13.628 0.006 -0.5147, 13.628 -0.0033 -0.5154, 13.628 -0.0164 -0.5141, 13.628 -0.0537 -0.463, 13.628 -0.0093 -0.3774, 13.628 -0.0429 -0.3774, 13.628 -0.0429 -0.417, 13.628 -0.0537 -0.417, 13.628 -0.0537 -0.3642, 13.628 -0.0261 -0.5871, 13.628 -0.0261 -0.5464, 13.628 -0.0537 -0.5971, 13.628 -0.0537 -0.537, 13.628 -0.0787 -0.8171, 13.7835 -0.0787 0.1969, 13.7835 0.0787 0.1969, 13.8168 0.0787 0.2006, 13.8168 -0.0787 0.2006, 13.8484 0.0787 0.2117, 13.8484 -0.0787 0.2117, 13.8767 0.0787 0.2295, 13.8767 -0.0787 0.2295, 13.9004 0.0787 0.2532, 13.9004 -0.0787 0.2532, 13.9183 0.0787 0.2815, 13.9183 -0.0787 0.2815, 13.9293 0.0787 0.3132, 13.9293 -0.0787 0.3132, 13.9331 0.0787 0.3465, 13.9331 -0.0787 0.3465, 13.9331 0.0787 2.3032, 13.9331 -0.0787 2.3032, 13.9311 0.0787 2.3184, 13.9311 -0.0787 2.3184, 13.9252 0.0787 2.3327, 13.9252 -0.0787 2.3327, 13.9158 0.0787 2.3449, 13.9158 -0.0787 2.3449, 13.9035 0.0787 2.3543, 13.9035 -0.0787 2.3543, 13.8893 0.0787 2.3602, 13.8893 -0.0787 2.3602, 13.874 0.0787 2.3622, 13.874 -0.0787 2.3622, 13.7953 0.0787 2.3622, 13.7953 -0.0787 2.3622, 13.78 0.0787 2.3602, 13.78 -0.0787 2.3602, 13.7657 0.0787 2.3543, 13.7657 -0.0787 2.3543, 13.7535 0.0787 2.3449, 13.7535 -0.0787 2.3449, 13.7441 0.0787 2.3327, 13.7441 -0.0787 2.3327, 13.7382 0.0787 2.3184, 13.7382 -0.0787 2.3184, 13.7362 0.0787 2.3032, 13.7362 -0.0787 2.3032, 13.7362 0.0787 0.709, 13.7362 -0.0787 0.709, 13.7326 -0.0787 0.6752, 13.7326 0.0787 0.6752, 13.7217 -0.0787 0.643, 13.7217 0.0787 0.643, 13.7042 -0.0787 0.6138, 13.7042 0.0787 0.6138, 13.6809 -0.0787 0.5891, 13.6809 0.0787 0.5891, 13.6264 -0.0787 0.5528, 13.6264 0.0787 0.5528, 13.565 -0.0787 0.5302, 13.565 0.0787 0.5302, 13.5 -0.0787 0.5225, 13.5 0.0787 0.5225, 13.435 -0.0787 0.5302, 13.435 0.0787 0.5302, 13.3736 -0.0787 0.5528, 13.3736 0.0787 0.5528, 13.3191 -0.0787 0.5891, 13.3191 0.0787 0.5891, 13.2958 -0.0787 0.6138, 13.2958 0.0787 0.6138, 13.2783 -0.0787 0.643, 13.2783 0.0787 0.643, 13.2674 -0.0787 0.6752, 13.2674 0.0787 0.6752, 13.2638 -0.0787 0.709, 13.2638 0.0787 0.709, 13.2638 0.0787 2.3032, 13.2638 -0.0787 2.3032, 13.2618 0.0787 2.3184, 13.2618 -0.0787 2.3184, 13.2559 0.0787 2.3327, 13.2559 -0.0787 2.3327, 13.2465 0.0787 2.3449, 13.2465 -0.0787 2.3449, 13.2343 0.0787 2.3543, 13.2343 -0.0787 2.3543, 13.22 0.0787 2.3602, 13.22 -0.0787 2.3602, 13.2047 0.0787 2.3622, 13.2047 -0.0787 2.3622, 13.126 0.0787 2.3622, 13.126 -0.0787 2.3622, 13.1107 0.0787 2.3602, 13.1107 -0.0787 2.3602, 13.0965 0.0787 2.3543, 13.0965 -0.0787 2.3543, 13.0842 0.0787 2.3449, 13.0842 -0.0787 2.3449, 13.0748 0.0787 2.3327, 13.0748 -0.0787 2.3327, 13.0689 0.0787 2.3184, 13.0689 -0.0787 2.3184, 13.0669 0.0787 2.3032, 13.0669 -0.0787 2.3032, 13.0669 0.0787 0.3465, 13.0669 -0.0787 0.3465, 13.0707 0.0787 0.3132, 13.0707 -0.0787 0.3132, 13.0817 0.0787 0.2815, 13.0817 -0.0787 0.2815, 13.0996 0.0787 0.2532, 13.0996 -0.0787 0.2532, 13.1233 0.0787 0.2295, 13.1233 -0.0787 0.2295, 13.1516 0.0787 0.2117, 13.1516 -0.0787 0.2117, 13.1832 0.0787 0.2006, 13.1832 -0.0787 0.2006, 13.2165 0.0787 0.1969, 13.2165 -0.0787 0.1969, 13.2224 0.0787 0.1969, 13.2224 -0.0787 0.1969, 13.2557 -0.0787 0.1931, 13.2557 0.0787 0.1931, 13.2874 -0.0787 0.182, 13.2874 0.0787 0.182, 13.3157 -0.0787 0.1642, 13.3157 0.0787 0.1642, 13.3394 -0.0787 0.1405, 13.3394 0.0787 0.1405, 13.3572 -0.0787 0.1122, 13.3572 0.0787 0.1122, 13.3683 -0.0787 0.0805, 13.3683 0.0787 0.0805, 13.372 -0.0787 0.0472, 13.372 0.0787 0.0472, 13.372 0.0787 -0.8171, 13.372 -0.0787 -0.8171, 13.3781 0.0787 -0.9148, 13.3781 -0.0787 -0.9148, 13.4071 0.0787 -1.1466, 13.4071 -0.0787 -1.1466, 13.4094 0.0787 -1.1558, 13.4094 -0.0787 -1.1558, 13.4138 0.0787 -1.1642, 13.4138 -0.0787 -1.1642, 13.4201 0.0787 -1.1712, 13.4201 -0.0787 -1.1712, 13.4279 0.0787 -1.1766, 13.4279 -0.0787 -1.1766, 13.4368 0.0787 -1.18, 13.4368 -0.0787 -1.18, 13.4462 0.0787 -1.1811, 13.4462 -0.0787 -1.1811, 13.5538 0.0787 -1.1811, 13.5538 -0.0787 -1.1811, 13.5632 0.0787 -1.18, 13.5632 -0.0787 -1.18, 13.5721 0.0787 -1.1766, 13.5721 -0.0787 -1.1766, 13.5799 0.0787 -1.1712, 13.5799 -0.0787 -1.1712, 13.5862 0.0787 -1.1642, 13.5862 -0.0787 -1.1642, 13.5906 0.0787 -1.1558, 13.5906 -0.0787 -1.1558, 13.5929 0.0787 -1.1466, 13.5929 -0.0787 -1.1466, 13.6219 0.0787 -0.9148, 13.6219 -0.0787 -0.9148, 13.6317 0.0787 0.0805, 13.6317 -0.0787 0.0805, 13.6428 -0.0787 0.1122, 13.6428 0.0787 0.1122, 13.6606 -0.0787 0.1405, 13.6606 0.0787 0.1405, 13.6843 -0.0787 0.1642, 13.6843 0.0787 0.1642, 13.7126 -0.0787 0.182, 13.7126 0.0787 0.182, 13.7443 -0.0787 0.1931, 13.7443 0.0787 0.1931, 13.7776 -0.0787 0.1969, 13.7776 0.0787 0.1969
            ]
        }
        coordIndex [
            0,1,2,-1,2,1,3,-1,2,3,4,-1,4,3,5,-1,4,5,6,-1,6,5,7,-1,8,9,10,-1,11,12,13,-1,14,15,16,-1,16,15,17,-1,16,17,18,-1,8,10,19,-1,19,10,11,-1,19,11,20,-1,20,11,21,-1,20,21,22,-1,9,23,10,-1,10,23,24,-1,10,24,25,-1,26,27,10,-1,10,27,28,-1,29,30,31,-1,31,30,32,-1,28,33,10,-1,10,33,32,-1,10,32,34,-1,34,32,30,-1,35,36,37,-1,37,36,38,-1,25,39,10,-1,10,39,40,-1,10,40,26,-1,18,41,16,-1,16,41,42,-1,16,42,43,-1,43,42,44,-1,43,44,45,-1,46,47,21,-1,44,48,45,-1,45,48,49,-1,45,49,37,-1,37,49,50,-1,37,50,35,-1,47,51,21,-1,21,51,52,-1,21,52,22,-1,12,53,13,-1,13,53,54,-1,13,54,55,-1,54,56,55,-1,55,56,57,-1,55,57,15,-1,38,46,37,-1,37,46,21,-1,37,21,58,-1,58,21,59,-1,58,59,14,-1,14,59,60,-1,14,60,15,-1,15,60,61,-1,15,61,55,-1,62,63,21,-1,11,13,21,-1,21,13,64,-1,21,64,62,-1,65,66,67,-1,68,69,70,-1,70,69,71,-1,72,73,71,-1,71,73,74,-1,71,74,70,-1,67,75,65,-1,65,75,76,-1,65,76,77,-1,78,79,80,-1,80,79,81,-1,82,83,84,-1,84,83,63,-1,84,63,80,-1,81,85,80,-1,80,85,86,-1,80,86,87,-1,78,80,88,-1,88,80,63,-1,88,63,74,-1,74,63,62,-1,74,62,70,-1,87,89,80,-1,80,89,90,-1,80,90,65,-1,65,90,91,-1,65,91,66,-1,13,92,73,-1,93,94,72,-1,72,94,95,-1,72,95,73,-1,73,95,96,-1,73,96,13,-1,13,96,97,-1,13,97,64,-1,98,99,100,-1,100,99,101,-1,100,101,13,-1,13,101,65,-1,13,65,92,-1,92,65,77,-1,82,100,83,-1,83,100,13,-1,83,13,102,-1,102,13,55,-1,103,104,105,-1,103,105,106,-1,106,105,107,-1,106,107,108,-1,108,107,109,-1,108,109,110,-1,110,109,111,-1,110,111,112,-1,112,111,113,-1,112,113,114,-1,114,113,115,-1,114,115,116,-1,116,115,117,-1,116,117,118,-1,119,120,117,-1,117,120,118,-1,120,119,121,-1,120,121,122,-1,122,121,123,-1,122,123,124,-1,124,123,125,-1,124,125,126,-1,126,125,127,-1,126,127,128,-1,128,127,129,-1,128,129,130,-1,130,129,131,-1,130,131,132,-1,133,134,131,-1,131,134,132,-1,134,133,135,-1,134,135,136,-1,136,135,137,-1,136,137,138,-1,138,137,139,-1,138,139,140,-1,140,139,141,-1,140,141,142,-1,142,141,143,-1,142,143,144,-1,144,143,145,-1,144,145,146,-1,147,148,145,-1,145,148,146,-1,148,147,149,-1,149,147,150,-1,149,150,151,-1,151,150,152,-1,151,152,153,-1,153,152,154,-1,153,154,155,-1,155,154,156,-1,155,156,157,-1,157,156,158,-1,157,158,159,-1,159,158,160,-1,159,160,161,-1,161,160,162,-1,161,162,163,-1,163,162,164,-1,163,164,165,-1,165,164,166,-1,165,166,167,-1,167,166,168,-1,167,168,169,-1,169,168,170,-1,169,170,171,-1,171,170,172,-1,171,172,173,-1,173,172,174,-1,173,174,175,-1,175,174,176,-1,177,178,176,-1,176,178,175,-1,178,177,179,-1,178,179,180,-1,180,179,181,-1,180,181,182,-1,182,181,183,-1,182,183,184,-1,184,183,185,-1,184,185,186,-1,186,185,187,-1,186,187,188,-1,188,187,189,-1,188,189,190,-1,191,192,189,-1,189,192,190,-1,192,191,193,-1,192,193,194,-1,194,193,195,-1,194,195,196,-1,196,195,197,-1,196,197,198,-1,198,197,199,-1,198,199,200,-1,200,199,201,-1,200,201,202,-1,202,201,203,-1,202,203,204,-1,205,206,203,-1,203,206,204,-1,206,205,207,-1,206,207,208,-1,208,207,209,-1,208,209,210,-1,210,209,211,-1,210,211,212,-1,212,211,213,-1,212,213,214,-1,214,213,215,-1,214,215,216,-1,216,215,217,-1,216,217,218,-1,218,217,219,-1,218,219,220,-1,221,222,219,-1,219,222,220,-1,222,221,223,-1,223,221,224,-1,223,224,225,-1,225,224,226,-1,225,226,227,-1,227,226,228,-1,227,228,229,-1,229,228,230,-1,229,230,231,-1,231,230,232,-1,231,232,233,-1,233,232,234,-1,233,234,235,-1,235,234,236,-1,237,238,236,-1,236,238,235,-1,237,239,238,-1,238,239,240,-1,241,242,239,-1,239,242,240,-1,242,241,243,-1,242,243,244,-1,244,243,245,-1,244,245,246,-1,246,245,247,-1,246,247,248,-1,248,247,249,-1,248,249,250,-1,250,249,251,-1,250,251,252,-1,252,251,253,-1,252,253,254,-1,255,256,253,-1,253,256,254,-1,256,255,257,-1,256,257,258,-1,258,257,259,-1,258,259,260,-1,260,259,261,-1,260,261,262,-1,262,261,263,-1,262,263,264,-1,264,263,265,-1,264,265,266,-1,266,265,267,-1,266,267,268,-1,269,270,267,-1,267,270,268,-1,102,270,83,-1,83,270,269,-1,83,269,63,-1,60,59,271,-1,61,60,272,-1,272,60,271,-1,272,271,273,-1,273,271,274,-1,273,274,275,-1,275,274,276,-1,275,276,277,-1,277,276,278,-1,277,278,279,-1,279,278,280,-1,279,280,281,-1,281,280,282,-1,281,282,283,-1,283,282,284,-1,104,103,284,-1,284,103,283,-1,275,159,273,-1,273,159,161,-1,227,229,163,-1,55,61,161,-1,161,61,272,-1,161,272,273,-1,155,116,153,-1,153,116,118,-1,153,118,151,-1,151,118,149,-1,110,112,155,-1,155,112,114,-1,155,114,116,-1,275,277,159,-1,159,277,279,-1,159,279,157,-1,157,279,281,-1,157,281,283,-1,163,229,161,-1,161,229,231,-1,161,231,233,-1,132,134,146,-1,283,103,157,-1,157,103,106,-1,157,106,155,-1,155,106,108,-1,155,108,110,-1,220,222,165,-1,165,222,223,-1,165,223,163,-1,163,223,225,-1,163,225,227,-1,167,208,210,-1,167,210,165,-1,165,210,212,-1,165,212,214,-1,233,235,161,-1,161,235,256,-1,161,256,55,-1,55,256,102,-1,214,216,165,-1,165,216,218,-1,165,218,220,-1,208,167,206,-1,206,167,169,-1,206,169,171,-1,130,132,120,-1,120,132,146,-1,120,146,118,-1,118,146,148,-1,118,148,149,-1,266,268,256,-1,256,268,270,-1,256,270,102,-1,235,238,256,-1,256,238,240,-1,256,240,254,-1,254,240,242,-1,254,242,252,-1,122,124,126,-1,140,134,138,-1,138,134,136,-1,140,142,134,-1,134,142,144,-1,134,144,146,-1,122,126,120,-1,120,126,128,-1,120,128,130,-1,180,182,190,-1,202,204,192,-1,192,204,206,-1,192,206,190,-1,256,258,266,-1,266,258,260,-1,266,260,264,-1,264,260,262,-1,171,173,206,-1,206,173,175,-1,206,175,190,-1,190,175,178,-1,190,178,180,-1,242,244,252,-1,252,244,246,-1,252,246,250,-1,250,246,248,-1,182,184,190,-1,190,184,186,-1,190,186,188,-1,192,194,196,-1,196,198,192,-1,192,198,200,-1,192,200,202,-1,278,276,160,-1,152,150,117,-1,158,113,111,-1,113,158,115,-1,115,158,156,-1,115,156,117,-1,117,156,154,-1,117,154,152,-1,230,164,232,-1,232,164,162,-1,232,162,234,-1,160,276,162,-1,162,276,274,-1,162,274,271,-1,158,282,160,-1,160,282,280,-1,160,280,278,-1,111,109,158,-1,158,109,107,-1,158,107,105,-1,150,147,117,-1,117,147,133,-1,117,133,131,-1,230,228,164,-1,164,228,226,-1,164,226,166,-1,226,224,166,-1,166,224,221,-1,166,221,219,-1,105,104,158,-1,158,104,284,-1,158,284,282,-1,219,217,166,-1,166,217,215,-1,166,215,213,-1,174,172,205,-1,205,172,170,-1,205,170,207,-1,207,170,168,-1,207,168,209,-1,209,168,166,-1,209,166,211,-1,211,166,213,-1,234,162,236,-1,236,162,255,-1,236,255,237,-1,147,145,133,-1,133,145,143,-1,133,143,141,-1,141,139,133,-1,133,139,137,-1,133,137,135,-1,203,177,205,-1,205,177,176,-1,205,176,174,-1,237,255,239,-1,239,255,253,-1,239,253,241,-1,271,59,162,-1,162,59,21,-1,162,21,255,-1,255,21,63,-1,255,63,269,-1,129,127,125,-1,125,123,129,-1,129,123,121,-1,129,121,131,-1,131,121,119,-1,131,119,117,-1,199,191,201,-1,201,191,203,-1,203,191,177,-1,177,191,189,-1,177,189,179,-1,199,197,191,-1,191,197,195,-1,191,195,193,-1,189,187,185,-1,185,183,189,-1,189,183,181,-1,189,181,179,-1,261,259,263,-1,263,259,265,-1,269,267,255,-1,255,267,265,-1,255,265,257,-1,257,265,259,-1,241,253,243,-1,243,253,251,-1,243,251,245,-1,245,251,249,-1,245,249,247,-1,
        ]
    }
}
Shape{
    appearance Appearance {
        material  Material 	{
            diffuseColor 0.0 0.0 0.0
            specularColor 0.0 0.0 0.0
            ambientIntensity 0.0
            transparency 0.0
            shininess 0.5
        }
    }
    geometry IndexedFaceSet {
        ccw TRUE
        solid FALSE
        coord DEF co Coordinate {
            point [
                13.624 -0.0429 -0.2634, 13.624 -0.0537 -0.2634, 13.628 -0.0429 -0.2634, 13.628 -0.0537 -0.2634, 13.624 -0.0537 -0.213, 13.628 -0.0537 -0.213, 13.624 0.0447 -0.213, 13.628 0.0447 -0.213, 13.624 0.0447 -0.2262, 13.628 0.0447 -0.2262, 13.624 -0.0429 -0.2262, 13.628 -0.0429 -0.2262, 13.624 -0.0378 -0.345, 13.624 -0.0486 -0.345, 13.628 -0.0378 -0.345, 13.628 -0.0486 -0.345, 13.624 -0.0529 -0.3345, 13.624 -0.0549 -0.3179, 13.628 -0.0549 -0.3179, 13.628 -0.0549 -0.3206, 13.624 -0.0549 -0.3206, 13.628 -0.0543 -0.3246, 13.628 -0.0529 -0.3345, 13.624 -0.0064 -0.2718, 13.628 -0.0064 -0.2718, 13.628 -0.0178 -0.2727, 13.624 -0.0178 -0.2727, 13.628 -0.0282 -0.2757, 13.624 -0.0282 -0.2757, 13.628 -0.0375 -0.2809, 13.624 -0.0375 -0.2809, 13.628 -0.0453 -0.2883, 13.624 -0.0453 -0.2883, 13.628 -0.0504 -0.2962, 13.624 -0.0504 -0.2962, 13.628 -0.0537 -0.3058, 13.624 -0.0537 -0.3058, 13.628 -0.0543 -0.3121, 13.624 0.0459 -0.3218, 13.628 0.0459 -0.3218, 13.628 0.0451 -0.3119, 13.624 0.0451 -0.3119, 13.628 0.0419 -0.301, 13.624 0.0419 -0.301, 13.628 0.0365 -0.2916, 13.624 0.0365 -0.2916, 13.628 0.028 -0.2827, 13.624 0.028 -0.2827, 13.628 0.0188 -0.277, 13.624 0.0188 -0.277, 13.628 0.0076 -0.2732, 13.624 0.0076 -0.2732, 13.624 0.042 -0.345, 13.628 0.042 -0.345, 13.628 0.0451 -0.3336, 13.624 0.0451 -0.3336, 13.624 0.0288 -0.345, 13.628 0.0288 -0.345, 13.624 0.0351 -0.3219, 13.628 0.0351 -0.3219, 13.628 0.0336 -0.3339, 13.624 0.0336 -0.3339, 13.624 -0.0056 -0.285, 13.628 -0.0056 -0.285, 13.628 0.0021 -0.2854, 13.624 0.0021 -0.2854, 13.628 0.0126 -0.2881, 13.624 0.0126 -0.2881, 13.628 0.0202 -0.2921, 13.624 0.0202 -0.2921, 13.628 0.0268 -0.2981, 13.624 0.0268 -0.2981, 13.628 0.0314 -0.3049, 13.624 0.0314 -0.3049, 13.628 0.034 -0.3122, 13.624 0.034 -0.3122, 13.624 -0.0441 -0.3197, 13.628 -0.0441 -0.3197, 13.628 -0.0431 -0.3105, 13.624 -0.0431 -0.3105, 13.628 -0.0404 -0.3034, 13.624 -0.0404 -0.3034, 13.628 -0.0364 -0.2973, 13.624 -0.0364 -0.2973, 13.628 -0.0315 -0.2927, 13.624 -0.0315 -0.2927, 13.628 -0.0247 -0.2886, 13.624 -0.0247 -0.2886, 13.628 -0.0162 -0.286, 13.624 -0.0162 -0.286, 13.628 -0.0388 -0.3432, 13.624 -0.0388 -0.3432, 13.628 -0.0427 -0.3328, 13.624 -0.0427 -0.3328, 13.624 -0.0429 -0.417, 13.624 -0.0537 -0.417, 13.628 -0.0429 -0.417, 13.628 -0.0537 -0.417, 13.624 -0.0537 -0.3642, 13.628 -0.0537 -0.3642, 13.624 0.0447 -0.3642, 13.628 0.0447 -0.3642, 13.624 0.0447 -0.4146, 13.628 0.0447 -0.4146, 13.624 0.0339 -0.4146, 13.628 0.0339 -0.4146, 13.624 0.0339 -0.3774, 13.628 0.0339 -0.3774, 13.624 0.0015 -0.3774, 13.628 0.0015 -0.3774, 13.624 0.0015 -0.4122, 13.628 0.0015 -0.4122, 13.624 -0.0093 -0.4122, 13.628 -0.0093 -0.4122, 13.624 -0.0093 -0.3774, 13.628 -0.0093 -0.3774, 13.624 -0.0429 -0.3774, 13.628 -0.0429 -0.3774, 13.624 -0.0537 -0.463, 13.624 -0.0537 -0.4362, 13.628 -0.0537 -0.463, 13.628 -0.0537 -0.4362, 13.624 0.0447 -0.4362, 13.628 0.0447 -0.4362, 13.624 0.0447 -0.464, 13.628 0.0447 -0.464, 13.624 -0.0033 -0.5154, 13.628 -0.0033 -0.5154, 13.628 0.006 -0.5147, 13.624 0.006 -0.5147, 13.628 0.0157 -0.5121, 13.624 0.0157 -0.5121, 13.628 0.0242 -0.5075, 13.624 0.0242 -0.5075, 13.628 0.0319 -0.5005, 13.624 0.0319 -0.5005, 13.628 0.032 -0.5004, 13.624 0.032 -0.5004, 13.628 0.0391 -0.4897, 13.624 0.0391 -0.4897, 13.628 0.0432 -0.4782, 13.624 0.0432 -0.4782, 13.628 -0.0527 -0.4752, 13.624 -0.0527 -0.4752, 13.628 -0.0493 -0.4865, 13.624 -0.0493 -0.4865, 13.628 -0.0433 -0.4968, 13.624 -0.0433 -0.4968, 13.628 -0.0355 -0.5049, 13.624 -0.0355 -0.5049, 13.628 -0.0267 -0.5105, 13.624 -0.0267 -0.5105, 13.628 -0.0164 -0.5141, 13.624 -0.0164 -0.5141, 13.624 0.0201 -0.4957, 13.624 0.0252 -0.4909, 13.624 0.0298 -0.4837, 13.624 0.0327 -0.4756, 13.624 0.0339 -0.4639, 13.624 0.0339 -0.4494, 13.624 -0.0429 -0.4494, 13.624 -0.0429 -0.4634, 13.624 -0.0419 -0.4738, 13.624 -0.0394 -0.4821, 13.624 -0.0354 -0.4888, 13.624 -0.0299 -0.4943, 13.624 -0.0231 -0.4984, 13.624 -0.0139 -0.5013, 13.624 -0.0035 -0.5022, 13.624 0.0063 -0.5014, 13.624 0.014 -0.4991, 13.628 0.0339 -0.4639, 13.628 0.0339 -0.4494, 13.628 0.0327 -0.4756, 13.628 0.0298 -0.4837, 13.628 0.0252 -0.4909, 13.628 0.0201 -0.4957, 13.628 0.014 -0.4991, 13.628 0.0063 -0.5014, 13.628 -0.0035 -0.5022, 13.628 -0.0139 -0.5013, 13.628 -0.0231 -0.4984, 13.628 -0.0299 -0.4943, 13.628 -0.0354 -0.4888, 13.628 -0.0394 -0.4821, 13.628 -0.0419 -0.4738, 13.628 -0.0429 -0.4634, 13.628 -0.0429 -0.4494
            ]
        }
        coordIndex [
            0,1,2,-1,2,1,3,-1,1,4,3,-1,3,4,5,-1,4,6,5,-1,5,6,7,-1,6,8,7,-1,7,8,9,-1,8,10,9,-1,9,10,11,-1,10,0,11,-1,11,0,2,-1,8,6,10,-1,10,6,4,-1,10,4,0,-1,0,4,1,-1,12,13,14,-1,14,13,15,-1,15,13,16,-1,17,18,19,-1,17,19,20,-1,20,19,21,-1,20,21,16,-1,16,21,22,-1,16,22,15,-1,23,24,25,-1,23,25,26,-1,26,25,27,-1,26,27,28,-1,28,27,29,-1,28,29,30,-1,30,29,31,-1,30,31,32,-1,32,31,33,-1,32,33,34,-1,34,33,35,-1,34,35,36,-1,36,35,17,-1,17,35,37,-1,17,37,18,-1,38,39,40,-1,38,40,41,-1,41,40,42,-1,41,42,43,-1,43,42,44,-1,43,44,45,-1,45,44,46,-1,45,46,47,-1,47,46,48,-1,47,48,49,-1,49,48,50,-1,49,50,51,-1,51,50,24,-1,51,24,23,-1,52,53,54,-1,52,54,55,-1,55,54,39,-1,55,39,38,-1,52,56,53,-1,53,56,57,-1,58,59,60,-1,58,60,61,-1,61,60,57,-1,61,57,56,-1,62,63,64,-1,62,64,65,-1,65,64,66,-1,65,66,67,-1,67,66,68,-1,67,68,69,-1,69,68,70,-1,69,70,71,-1,71,70,72,-1,71,72,73,-1,73,72,74,-1,73,74,75,-1,75,74,59,-1,75,59,58,-1,76,77,78,-1,76,78,79,-1,79,78,80,-1,79,80,81,-1,81,80,82,-1,81,82,83,-1,83,82,84,-1,83,84,85,-1,85,84,86,-1,85,86,87,-1,87,86,88,-1,87,88,89,-1,89,88,63,-1,89,63,62,-1,12,14,90,-1,12,90,91,-1,91,90,92,-1,91,92,93,-1,93,92,77,-1,93,77,76,-1,79,17,76,-1,76,17,20,-1,76,20,93,-1,93,20,16,-1,93,16,91,-1,91,16,13,-1,91,13,12,-1,56,52,61,-1,61,52,55,-1,61,55,58,-1,58,55,38,-1,58,38,75,-1,75,38,41,-1,75,41,73,-1,73,41,43,-1,73,43,71,-1,71,43,45,-1,71,45,69,-1,69,45,47,-1,69,47,67,-1,67,47,49,-1,67,49,65,-1,65,49,51,-1,65,51,62,-1,62,51,23,-1,62,23,89,-1,89,23,26,-1,89,26,87,-1,87,26,28,-1,87,28,85,-1,85,28,30,-1,85,30,83,-1,83,30,32,-1,83,32,81,-1,81,32,34,-1,81,34,79,-1,79,34,36,-1,79,36,17,-1,94,95,96,-1,96,95,97,-1,95,98,97,-1,97,98,99,-1,98,100,99,-1,99,100,101,-1,100,102,101,-1,101,102,103,-1,102,104,103,-1,103,104,105,-1,104,106,105,-1,105,106,107,-1,106,108,107,-1,107,108,109,-1,108,110,109,-1,109,110,111,-1,110,112,111,-1,111,112,113,-1,112,114,113,-1,113,114,115,-1,114,116,115,-1,115,116,117,-1,116,94,117,-1,117,94,96,-1,98,95,94,-1,94,116,98,-1,98,116,114,-1,98,114,100,-1,104,102,106,-1,106,102,100,-1,106,100,108,-1,108,100,114,-1,108,114,110,-1,110,114,112,-1,118,119,120,-1,120,119,121,-1,119,122,121,-1,121,122,123,-1,122,124,123,-1,123,124,125,-1,126,127,128,-1,126,128,129,-1,129,128,130,-1,129,130,131,-1,131,130,132,-1,131,132,133,-1,133,132,134,-1,133,134,135,-1,135,134,136,-1,135,136,137,-1,137,136,138,-1,137,138,139,-1,139,138,140,-1,139,140,141,-1,141,140,125,-1,141,125,124,-1,118,120,142,-1,118,142,143,-1,143,142,144,-1,143,144,145,-1,145,144,146,-1,145,146,147,-1,147,146,148,-1,147,148,149,-1,149,148,150,-1,149,150,151,-1,151,150,152,-1,151,152,153,-1,153,152,127,-1,153,127,126,-1,131,133,154,-1,154,133,135,-1,154,135,155,-1,155,135,137,-1,155,137,156,-1,156,137,139,-1,156,139,157,-1,157,139,141,-1,157,141,158,-1,158,141,124,-1,158,124,159,-1,159,124,122,-1,159,122,160,-1,160,122,119,-1,160,119,161,-1,161,119,118,-1,161,118,162,-1,162,118,143,-1,162,143,163,-1,163,143,145,-1,163,145,164,-1,164,145,147,-1,164,147,165,-1,165,147,149,-1,165,149,166,-1,166,149,151,-1,166,151,167,-1,167,151,153,-1,167,153,168,-1,168,153,126,-1,168,126,169,-1,169,126,129,-1,169,129,170,-1,170,129,131,-1,170,131,154,-1,158,159,171,-1,171,159,172,-1,158,171,173,-1,158,173,157,-1,157,173,174,-1,157,174,156,-1,156,174,175,-1,156,175,155,-1,155,175,176,-1,155,176,154,-1,154,176,177,-1,154,177,170,-1,170,177,178,-1,170,178,169,-1,169,178,179,-1,169,179,168,-1,168,179,180,-1,168,180,167,-1,167,180,181,-1,167,181,166,-1,166,181,182,-1,166,182,165,-1,165,182,183,-1,165,183,164,-1,164,183,184,-1,164,184,163,-1,163,184,185,-1,163,185,162,-1,162,185,186,-1,162,186,161,-1,160,161,187,-1,187,161,186,-1,159,160,172,-1,172,160,187,-1,
        ]
    }
}
Shape{
    appearance Appearance {
        material  Material 	{
            diffuseColor 0.9490196078431372 0.7607843137254902 0.1803921568627451
            specularColor 0.7607843137254902 0.6078431372549019 0.1450980392156863
            ambientIntensity 0.7509
            transparency 0.0
            shininess 0.5
        }
    }
    geometry IndexedFaceSet {
        ccw TRUE
        solid FALSE
        coord DEF co Coordinate {
            point [
                13.628 0.0339 -0.4494, 13.628 -0.0429 -0.4494, 13.628 0.0339 -0.4639, 13.628 -0.0429 -0.4634, 13.628 -0.0419 -0.4738, 13.628 -0.0035 -0.5022, 13.628 0.0063 -0.5014, 13.628 0.014 -0.4991, 13.628 0.0327 -0.4756, 13.628 -0.0394 -0.4821, 13.628 -0.0354 -0.4888, 13.628 -0.0299 -0.4943, 13.628 -0.0231 -0.4984, 13.628 -0.0139 -0.5013, 13.628 0.0201 -0.4957, 13.628 0.0252 -0.4909, 13.628 0.0298 -0.4837
            ]
        }
        coordIndex [
            0,1,2,-1,2,1,3,-1,2,3,4,-1,5,6,2,-1,2,6,7,-1,2,7,8,-1,4,9,2,-1,2,9,10,-1,2,10,11,-1,11,12,2,-1,2,12,13,-1,2,13,5,-1,14,15,7,-1,7,15,16,-1,7,16,8,-1,
        ]
    }
}
Shape{
    appearance Appearance {
        material  Material 	{
            diffuseColor 0.0 0.0 0.0
            specularColor 0.0 0.0 0.0
            ambientIntensity 0.0
            transparency 0.0
            shininess 0.5
        }
    }
    geometry IndexedFaceSet {
        ccw TRUE
        solid FALSE
        coord DEF co Coordinate {
            point [
                13.624 0.0447 -0.573, 13.624 -0.0537 -0.6115, 13.628 0.0447 -0.573, 13.628 -0.0537 -0.6115, 13.624 -0.0537 -0.5971, 13.628 -0.0537 -0.5971, 13.624 -0.0261 -0.5871, 13.628 -0.0261 -0.5871, 13.624 -0.0261 -0.5464, 13.628 -0.0261 -0.5464, 13.624 -0.0537 -0.537, 13.628 -0.0537 -0.537, 13.624 -0.0537 -0.5226, 13.628 -0.0537 -0.5226, 13.624 0.0447 -0.5598, 13.628 0.0447 -0.5598, 13.624 -0.0153 -0.5498, 13.624 -0.0153 -0.5827, 13.624 0.0258 -0.5644, 13.624 0.0292 -0.5654, 13.624 0.0327 -0.566, 13.624 0.0327 -0.5663, 13.624 0.0292 -0.567, 13.624 0.0258 -0.5679, 13.628 -0.0153 -0.5498, 13.628 -0.0153 -0.5827, 13.628 0.0258 -0.5644, 13.628 0.0292 -0.5654, 13.628 0.0327 -0.566, 13.628 0.0327 -0.5663, 13.628 0.0292 -0.567, 13.628 0.0258 -0.5679
            ]
        }
        coordIndex [
            0,1,2,-1,2,1,3,-1,1,4,3,-1,3,4,5,-1,4,6,5,-1,5,6,7,-1,6,8,7,-1,7,8,9,-1,8,10,9,-1,9,10,11,-1,10,12,11,-1,11,12,13,-1,12,14,13,-1,13,14,15,-1,14,0,15,-1,15,0,2,-1,16,8,17,-1,17,8,6,-1,18,14,16,-1,16,14,12,-1,16,12,8,-1,8,12,10,-1,18,19,14,-1,14,19,20,-1,14,20,0,-1,0,20,21,-1,0,21,22,-1,22,23,0,-1,0,23,17,-1,0,17,1,-1,1,17,6,-1,1,6,4,-1,16,17,24,-1,24,17,25,-1,18,16,26,-1,26,16,24,-1,18,26,27,-1,18,27,19,-1,19,27,28,-1,19,28,20,-1,21,20,29,-1,29,20,28,-1,21,29,30,-1,21,30,22,-1,22,30,31,-1,22,31,23,-1,17,23,25,-1,25,23,31,-1,
        ]
    }
}
Shape{
    appearance Appearance {
        material  Material 	{
            diffuseColor 0.9490196078431372 0.7607843137254902 0.1803921568627451
            specularColor 0.7607843137254902 0.6078431372549019 0.1450980392156863
            ambientIntensity 0.7509
            transparency 0.0
            shininess 0.5
        }
    }
    geometry IndexedFaceSet {
        ccw TRUE
        solid FALSE
        coord DEF co Coordinate {
            point [
                13.628 -0.0153 -0.5498, 13.628 -0.0153 -0.5827, 13.628 0.0258 -0.5644, 13.628 0.0258 -0.5679, 13.628 0.0292 -0.5654, 13.628 0.0292 -0.567, 13.628 0.0327 -0.566, 13.628 0.0327 -0.5663, 12.628 0.0351 -0.3219, 12.628 0.034 -0.3122, 12.628 -0.0388 -0.3432, 12.628 -0.0378 -0.345, 12.628 -0.0486 -0.345, 12.628 -0.0543 -0.3546, 12.628 -0.0537 -0.213, 12.628 -0.0543 -0.3121, 12.628 -0.0537 -0.2634, 12.628 -0.0537 -0.3058, 12.628 -0.0504 -0.2962, 12.628 0.0336 -0.3339, 12.628 0.0288 -0.345, 12.628 0.0787 -0.3546, 12.628 0.042 -0.345, 12.628 0.0314 -0.3049, 12.628 0.0268 -0.2981, 12.628 0.0202 -0.2921, 12.628 -0.0056 -0.285, 12.628 -0.0162 -0.286, 12.628 -0.0247 -0.2886, 12.628 -0.0431 -0.3105, 12.628 -0.0441 -0.3197, 12.628 -0.0404 -0.3034, 12.628 -0.0364 -0.2973, 12.628 -0.0315 -0.2927, 12.628 -0.0427 -0.3328, 12.628 0.0188 -0.277, 12.628 0.028 -0.2827, 12.628 0.0447 -0.2262, 12.628 0.0365 -0.2916, 12.628 0.0126 -0.2881, 12.628 0.0021 -0.2854, 12.628 -0.0453 -0.2883, 12.628 -0.0375 -0.2809, 12.628 -0.0429 -0.2634, 12.628 -0.0282 -0.2757, 12.628 -0.0429 -0.2262, 12.628 0.0419 -0.301, 12.628 0.0451 -0.3119, 12.628 -0.0178 -0.2727, 12.628 -0.0064 -0.2718, 12.628 0.0076 -0.2732, 12.628 0.0459 -0.3218, 12.628 0.0451 -0.3336, 12.628 -0.0529 -0.3345, 12.628 -0.0543 -0.3246, 12.628 -0.0787 -0.3546, 12.628 -0.0549 -0.3206, 12.628 -0.0549 -0.3179, 12.628 0.0447 -0.213, 12.628 0.0787 0.0472, 12.628 -0.0543 0.0472, 12.628 -0.0787 0.0472, 12.628 0.0447 -0.4146, 12.628 0.0787 -0.8171, 12.628 0.0447 -0.3642, 12.628 -0.0537 -0.5226, 12.628 -0.0267 -0.5105, 12.628 -0.0355 -0.5049, 12.628 0.0339 -0.3774, 12.628 0.0015 -0.3774, 12.628 0.0339 -0.4146, 12.628 0.0015 -0.4122, 12.628 -0.0093 -0.4122, 12.628 -0.0537 -0.4362, 12.628 0.0447 -0.4362, 12.628 -0.0433 -0.4968, 12.628 -0.0493 -0.4865, 12.628 -0.0527 -0.4752, 12.628 0.0432 -0.4782, 12.628 0.0391 -0.4897, 12.628 0.0447 -0.5598, 12.628 0.032 -0.5004, 12.628 -0.0537 -0.6115, 12.628 -0.0543 -0.8171, 12.628 0.0447 -0.573, 12.628 0.0319 -0.5005, 12.628 0.0242 -0.5075, 12.628 0.0157 -0.5121, 12.628 0.0447 -0.464, 12.628 0.006 -0.5147, 12.628 -0.0033 -0.5154, 12.628 -0.0164 -0.5141, 12.628 -0.0537 -0.463, 12.628 -0.0093 -0.3774, 12.628 -0.0429 -0.3774, 12.628 -0.0429 -0.417, 12.628 -0.0537 -0.417, 12.628 -0.0537 -0.3642, 12.628 -0.0261 -0.5871, 12.628 -0.0261 -0.5464, 12.628 -0.0537 -0.5971, 12.628 -0.0537 -0.537, 12.628 -0.0787 -0.8171, 12.7835 -0.0787 0.1969, 12.7835 0.0787 0.1969, 12.8168 0.0787 0.2006, 12.8168 -0.0787 0.2006, 12.8484 0.0787 0.2117, 12.8484 -0.0787 0.2117, 12.8767 0.0787 0.2295, 12.8767 -0.0787 0.2295, 12.9004 0.0787 0.2532, 12.9004 -0.0787 0.2532, 12.9183 0.0787 0.2815, 12.9183 -0.0787 0.2815, 12.9293 0.0787 0.3132, 12.9293 -0.0787 0.3132, 12.9331 0.0787 0.3465, 12.9331 -0.0787 0.3465, 12.9331 0.0787 2.3032, 12.9331 -0.0787 2.3032, 12.9311 0.0787 2.3184, 12.9311 -0.0787 2.3184, 12.9252 0.0787 2.3327, 12.9252 -0.0787 2.3327, 12.9158 0.0787 2.3449, 12.9158 -0.0787 2.3449, 12.9035 0.0787 2.3543, 12.9035 -0.0787 2.3543, 12.8893 0.0787 2.3602, 12.8893 -0.0787 2.3602, 12.874 0.0787 2.3622, 12.874 -0.0787 2.3622, 12.7953 0.0787 2.3622, 12.7953 -0.0787 2.3622, 12.78 0.0787 2.3602, 12.78 -0.0787 2.3602, 12.7657 0.0787 2.3543, 12.7657 -0.0787 2.3543, 12.7535 0.0787 2.3449, 12.7535 -0.0787 2.3449, 12.7441 0.0787 2.3327, 12.7441 -0.0787 2.3327, 12.7382 0.0787 2.3184, 12.7382 -0.0787 2.3184, 12.7362 0.0787 2.3032, 12.7362 -0.0787 2.3032, 12.7362 0.0787 0.709, 12.7362 -0.0787 0.709, 12.7326 -0.0787 0.6752, 12.7326 0.0787 0.6752, 12.7217 -0.0787 0.643, 12.7217 0.0787 0.643, 12.7042 -0.0787 0.6138, 12.7042 0.0787 0.6138, 12.6809 -0.0787 0.5891, 12.6809 0.0787 0.5891, 12.6264 -0.0787 0.5528, 12.6264 0.0787 0.5528, 12.565 -0.0787 0.5302, 12.565 0.0787 0.5302, 12.5 -0.0787 0.5225, 12.5 0.0787 0.5225, 12.435 -0.0787 0.5302, 12.435 0.0787 0.5302, 12.3736 -0.0787 0.5528, 12.3736 0.0787 0.5528, 12.3191 -0.0787 0.5891, 12.3191 0.0787 0.5891, 12.2958 -0.0787 0.6138, 12.2958 0.0787 0.6138, 12.2783 -0.0787 0.643, 12.2783 0.0787 0.643, 12.2674 -0.0787 0.6752, 12.2674 0.0787 0.6752, 12.2638 -0.0787 0.709, 12.2638 0.0787 0.709, 12.2638 0.0787 2.3032, 12.2638 -0.0787 2.3032, 12.2618 0.0787 2.3184, 12.2618 -0.0787 2.3184, 12.2559 0.0787 2.3327, 12.2559 -0.0787 2.3327, 12.2465 0.0787 2.3449, 12.2465 -0.0787 2.3449, 12.2343 0.0787 2.3543, 12.2343 -0.0787 2.3543, 12.22 0.0787 2.3602, 12.22 -0.0787 2.3602, 12.2047 0.0787 2.3622, 12.2047 -0.0787 2.3622, 12.126 0.0787 2.3622, 12.126 -0.0787 2.3622, 12.1107 0.0787 2.3602, 12.1107 -0.0787 2.3602, 12.0965 0.0787 2.3543, 12.0965 -0.0787 2.3543, 12.0842 0.0787 2.3449, 12.0842 -0.0787 2.3449, 12.0748 0.0787 2.3327, 12.0748 -0.0787 2.3327, 12.0689 0.0787 2.3184, 12.0689 -0.0787 2.3184, 12.0669 0.0787 2.3032, 12.0669 -0.0787 2.3032, 12.0669 0.0787 0.3465, 12.0669 -0.0787 0.3465, 12.0707 0.0787 0.3132, 12.0707 -0.0787 0.3132, 12.0817 0.0787 0.2815, 12.0817 -0.0787 0.2815, 12.0996 0.0787 0.2532, 12.0996 -0.0787 0.2532, 12.1233 0.0787 0.2295, 12.1233 -0.0787 0.2295, 12.1516 0.0787 0.2117, 12.1516 -0.0787 0.2117, 12.1832 0.0787 0.2006, 12.1832 -0.0787 0.2006, 12.2165 0.0787 0.1969, 12.2165 -0.0787 0.1969, 12.2224 0.0787 0.1969, 12.2224 -0.0787 0.1969, 12.2557 -0.0787 0.1931, 12.2557 0.0787 0.1931, 12.2874 -0.0787 0.182, 12.2874 0.0787 0.182, 12.3157 -0.0787 0.1642, 12.3157 0.0787 0.1642, 12.3394 -0.0787 0.1405, 12.3394 0.0787 0.1405, 12.3572 -0.0787 0.1122, 12.3572 0.0787 0.1122, 12.3683 -0.0787 0.0805, 12.3683 0.0787 0.0805, 12.372 -0.0787 0.0472, 12.372 0.0787 0.0472, 12.372 0.0787 -0.8171, 12.372 -0.0787 -0.8171, 12.3781 0.0787 -0.9148, 12.3781 -0.0787 -0.9148, 12.4071 0.0787 -1.1466, 12.4071 -0.0787 -1.1466, 12.4094 0.0787 -1.1558, 12.4094 -0.0787 -1.1558, 12.4138 0.0787 -1.1642, 12.4138 -0.0787 -1.1642, 12.4201 0.0787 -1.1712, 12.4201 -0.0787 -1.1712, 12.4279 0.0787 -1.1766, 12.4279 -0.0787 -1.1766, 12.4368 0.0787 -1.18, 12.4368 -0.0787 -1.18, 12.4462 0.0787 -1.1811, 12.4462 -0.0787 -1.1811, 12.5538 0.0787 -1.1811, 12.5538 -0.0787 -1.1811, 12.5632 0.0787 -1.18, 12.5632 -0.0787 -1.18, 12.5721 0.0787 -1.1766, 12.5721 -0.0787 -1.1766, 12.5799 0.0787 -1.1712, 12.5799 -0.0787 -1.1712, 12.5862 0.0787 -1.1642, 12.5862 -0.0787 -1.1642, 12.5906 0.0787 -1.1558, 12.5906 -0.0787 -1.1558, 12.5929 0.0787 -1.1466, 12.5929 -0.0787 -1.1466, 12.6219 0.0787 -0.9148, 12.6219 -0.0787 -0.9148, 12.6317 0.0787 0.0805, 12.6317 -0.0787 0.0805, 12.6428 -0.0787 0.1122, 12.6428 0.0787 0.1122, 12.6606 -0.0787 0.1405, 12.6606 0.0787 0.1405, 12.6843 -0.0787 0.1642, 12.6843 0.0787 0.1642, 12.7126 -0.0787 0.182, 12.7126 0.0787 0.182, 12.7443 -0.0787 0.1931, 12.7443 0.0787 0.1931, 12.7776 -0.0787 0.1969, 12.7776 0.0787 0.1969
            ]
        }
        coordIndex [
            0,1,2,-1,2,1,3,-1,2,3,4,-1,4,3,5,-1,4,5,6,-1,6,5,7,-1,8,9,10,-1,11,12,13,-1,14,15,16,-1,16,15,17,-1,16,17,18,-1,8,10,19,-1,19,10,11,-1,19,11,20,-1,20,11,21,-1,20,21,22,-1,9,23,10,-1,10,23,24,-1,10,24,25,-1,26,27,10,-1,10,27,28,-1,29,30,31,-1,31,30,32,-1,28,33,10,-1,10,33,32,-1,10,32,34,-1,34,32,30,-1,35,36,37,-1,37,36,38,-1,25,39,10,-1,10,39,40,-1,10,40,26,-1,18,41,16,-1,16,41,42,-1,16,42,43,-1,43,42,44,-1,43,44,45,-1,46,47,21,-1,44,48,45,-1,45,48,49,-1,45,49,37,-1,37,49,50,-1,37,50,35,-1,47,51,21,-1,21,51,52,-1,21,52,22,-1,12,53,13,-1,13,53,54,-1,13,54,55,-1,54,56,55,-1,55,56,57,-1,55,57,15,-1,38,46,37,-1,37,46,21,-1,37,21,58,-1,58,21,59,-1,58,59,14,-1,14,59,60,-1,14,60,15,-1,15,60,61,-1,15,61,55,-1,62,63,21,-1,11,13,21,-1,21,13,64,-1,21,64,62,-1,65,66,67,-1,68,69,70,-1,70,69,71,-1,72,73,71,-1,71,73,74,-1,71,74,70,-1,67,75,65,-1,65,75,76,-1,65,76,77,-1,78,79,80,-1,80,79,81,-1,82,83,84,-1,84,83,63,-1,84,63,80,-1,81,85,80,-1,80,85,86,-1,80,86,87,-1,78,80,88,-1,88,80,63,-1,88,63,74,-1,74,63,62,-1,74,62,70,-1,87,89,80,-1,80,89,90,-1,80,90,65,-1,65,90,91,-1,65,91,66,-1,13,92,73,-1,93,94,72,-1,72,94,95,-1,72,95,73,-1,73,95,96,-1,73,96,13,-1,13,96,97,-1,13,97,64,-1,98,99,100,-1,100,99,101,-1,100,101,13,-1,13,101,65,-1,13,65,92,-1,92,65,77,-1,82,100,83,-1,83,100,13,-1,83,13,102,-1,102,13,55,-1,103,104,105,-1,103,105,106,-1,106,105,107,-1,106,107,108,-1,108,107,109,-1,108,109,110,-1,110,109,111,-1,110,111,112,-1,112,111,113,-1,112,113,114,-1,114,113,115,-1,114,115,116,-1,116,115,117,-1,116,117,118,-1,119,120,117,-1,117,120,118,-1,120,119,121,-1,120,121,122,-1,122,121,123,-1,122,123,124,-1,124,123,125,-1,124,125,126,-1,126,125,127,-1,126,127,128,-1,128,127,129,-1,128,129,130,-1,130,129,131,-1,130,131,132,-1,133,134,131,-1,131,134,132,-1,134,133,135,-1,134,135,136,-1,136,135,137,-1,136,137,138,-1,138,137,139,-1,138,139,140,-1,140,139,141,-1,140,141,142,-1,142,141,143,-1,142,143,144,-1,144,143,145,-1,144,145,146,-1,147,148,145,-1,145,148,146,-1,148,147,149,-1,149,147,150,-1,149,150,151,-1,151,150,152,-1,151,152,153,-1,153,152,154,-1,153,154,155,-1,155,154,156,-1,155,156,157,-1,157,156,158,-1,157,158,159,-1,159,158,160,-1,159,160,161,-1,161,160,162,-1,161,162,163,-1,163,162,164,-1,163,164,165,-1,165,164,166,-1,165,166,167,-1,167,166,168,-1,167,168,169,-1,169,168,170,-1,169,170,171,-1,171,170,172,-1,171,172,173,-1,173,172,174,-1,173,174,175,-1,175,174,176,-1,177,178,176,-1,176,178,175,-1,178,177,179,-1,178,179,180,-1,180,179,181,-1,180,181,182,-1,182,181,183,-1,182,183,184,-1,184,183,185,-1,184,185,186,-1,186,185,187,-1,186,187,188,-1,188,187,189,-1,188,189,190,-1,191,192,189,-1,189,192,190,-1,192,191,193,-1,192,193,194,-1,194,193,195,-1,194,195,196,-1,196,195,197,-1,196,197,198,-1,198,197,199,-1,198,199,200,-1,200,199,201,-1,200,201,202,-1,202,201,203,-1,202,203,204,-1,205,206,203,-1,203,206,204,-1,206,205,207,-1,206,207,208,-1,208,207,209,-1,208,209,210,-1,210,209,211,-1,210,211,212,-1,212,211,213,-1,212,213,214,-1,214,213,215,-1,214,215,216,-1,216,215,217,-1,216,217,218,-1,218,217,219,-1,218,219,220,-1,221,222,219,-1,219,222,220,-1,222,221,223,-1,223,221,224,-1,223,224,225,-1,225,224,226,-1,225,226,227,-1,227,226,228,-1,227,228,229,-1,229,228,230,-1,229,230,231,-1,231,230,232,-1,231,232,233,-1,233,232,234,-1,233,234,235,-1,235,234,236,-1,237,238,236,-1,236,238,235,-1,237,239,238,-1,238,239,240,-1,241,242,239,-1,239,242,240,-1,242,241,243,-1,242,243,244,-1,244,243,245,-1,244,245,246,-1,246,245,247,-1,246,247,248,-1,248,247,249,-1,248,249,250,-1,250,249,251,-1,250,251,252,-1,252,251,253,-1,252,253,254,-1,255,256,253,-1,253,256,254,-1,256,255,257,-1,256,257,258,-1,258,257,259,-1,258,259,260,-1,260,259,261,-1,260,261,262,-1,262,261,263,-1,262,263,264,-1,264,263,265,-1,264,265,266,-1,266,265,267,-1,266,267,268,-1,269,270,267,-1,267,270,268,-1,102,270,83,-1,83,270,269,-1,83,269,63,-1,60,59,271,-1,61,60,272,-1,272,60,271,-1,272,271,273,-1,273,271,274,-1,273,274,275,-1,275,274,276,-1,275,276,277,-1,277,276,278,-1,277,278,279,-1,279,278,280,-1,279,280,281,-1,281,280,282,-1,281,282,283,-1,283,282,284,-1,104,103,284,-1,284,103,283,-1,108,110,157,-1,275,277,159,-1,159,277,279,-1,159,279,157,-1,157,279,281,-1,157,281,283,-1,283,103,157,-1,157,103,106,-1,157,106,108,-1,275,159,273,-1,273,159,161,-1,273,161,272,-1,148,149,118,-1,231,161,229,-1,229,161,163,-1,229,163,227,-1,149,151,118,-1,118,151,153,-1,118,153,116,-1,116,153,155,-1,116,155,114,-1,114,155,157,-1,114,157,112,-1,112,157,110,-1,270,102,256,-1,256,102,55,-1,256,55,161,-1,161,55,61,-1,161,61,272,-1,220,222,165,-1,165,222,223,-1,165,223,163,-1,163,223,225,-1,163,225,227,-1,167,208,210,-1,167,210,165,-1,165,210,212,-1,165,212,214,-1,144,146,134,-1,238,256,235,-1,235,256,161,-1,235,161,233,-1,233,161,231,-1,238,240,256,-1,256,240,242,-1,256,242,254,-1,254,242,252,-1,214,216,165,-1,165,216,218,-1,165,218,220,-1,208,167,206,-1,206,167,169,-1,206,169,171,-1,134,146,132,-1,264,266,256,-1,256,266,268,-1,256,268,270,-1,244,246,248,-1,134,136,138,-1,244,248,242,-1,242,248,250,-1,242,250,252,-1,180,182,190,-1,202,204,192,-1,192,204,206,-1,192,206,190,-1,148,118,146,-1,146,118,120,-1,146,120,132,-1,132,120,122,-1,132,122,124,-1,138,140,134,-1,134,140,142,-1,134,142,144,-1,264,256,262,-1,262,256,258,-1,262,258,260,-1,171,173,206,-1,206,173,175,-1,206,175,190,-1,190,175,178,-1,190,178,180,-1,126,128,124,-1,124,128,130,-1,124,130,132,-1,182,184,190,-1,190,184,186,-1,190,186,188,-1,192,194,196,-1,196,198,192,-1,192,198,200,-1,192,200,202,-1,111,109,158,-1,228,226,164,-1,274,162,276,-1,276,162,160,-1,276,160,278,-1,104,284,158,-1,158,284,282,-1,158,282,160,-1,160,282,280,-1,160,280,278,-1,109,107,158,-1,158,107,105,-1,158,105,104,-1,164,226,166,-1,226,224,166,-1,166,224,221,-1,166,221,219,-1,162,232,164,-1,164,232,230,-1,164,230,228,-1,111,158,113,-1,113,158,156,-1,113,156,115,-1,115,156,117,-1,117,156,154,-1,117,154,152,-1,219,217,166,-1,166,217,215,-1,166,215,213,-1,174,172,205,-1,205,172,170,-1,205,170,207,-1,207,170,168,-1,207,168,209,-1,209,168,166,-1,209,166,211,-1,211,166,213,-1,239,237,255,-1,255,237,236,-1,255,236,162,-1,162,236,234,-1,162,234,232,-1,274,271,162,-1,162,271,59,-1,162,59,21,-1,152,150,117,-1,117,150,147,-1,117,147,119,-1,119,147,145,-1,203,177,205,-1,205,177,176,-1,205,176,174,-1,141,133,143,-1,143,133,145,-1,145,133,119,-1,119,133,131,-1,119,131,121,-1,127,125,123,-1,199,191,201,-1,201,191,203,-1,203,191,177,-1,177,191,189,-1,177,189,179,-1,239,255,241,-1,241,255,253,-1,241,253,251,-1,21,63,162,-1,162,63,269,-1,162,269,255,-1,255,269,267,-1,255,267,265,-1,141,139,133,-1,133,139,137,-1,133,137,135,-1,199,197,191,-1,191,197,195,-1,191,195,193,-1,189,187,185,-1,245,243,247,-1,247,243,241,-1,247,241,249,-1,249,241,251,-1,265,263,255,-1,255,263,261,-1,255,261,257,-1,257,261,259,-1,121,131,123,-1,123,131,129,-1,123,129,127,-1,185,183,189,-1,189,183,181,-1,189,181,179,-1,
        ]
    }
}
Shape{
    appearance Appearance {
        material  Material 	{
            diffuseColor 0.0 0.0 0.0
            specularColor 0.0 0.0 0.0
            ambientIntensity 0.0
            transparency 0.0
            shininess 0.5
        }
    }
    geometry IndexedFaceSet {
        ccw TRUE
        solid FALSE
        coord DEF co Coordinate {
            point [
                12.624 -0.0429 -0.2634, 12.624 -0.0537 -0.2634, 12.628 -0.0429 -0.2634, 12.628 -0.0537 -0.2634, 12.624 -0.0537 -0.213, 12.628 -0.0537 -0.213, 12.624 0.0447 -0.213, 12.628 0.0447 -0.213, 12.624 0.0447 -0.2262, 12.628 0.0447 -0.2262, 12.624 -0.0429 -0.2262, 12.628 -0.0429 -0.2262, 12.624 -0.0378 -0.345, 12.624 -0.0486 -0.345, 12.628 -0.0378 -0.345, 12.628 -0.0486 -0.345, 12.624 -0.0529 -0.3345, 12.624 -0.0549 -0.3179, 12.628 -0.0549 -0.3179, 12.628 -0.0549 -0.3206, 12.624 -0.0549 -0.3206, 12.628 -0.0543 -0.3246, 12.628 -0.0529 -0.3345, 12.624 -0.0064 -0.2718, 12.628 -0.0064 -0.2718, 12.628 -0.0178 -0.2727, 12.624 -0.0178 -0.2727, 12.628 -0.0282 -0.2757, 12.624 -0.0282 -0.2757, 12.628 -0.0375 -0.2809, 12.624 -0.0375 -0.2809, 12.628 -0.0453 -0.2883, 12.624 -0.0453 -0.2883, 12.628 -0.0504 -0.2962, 12.624 -0.0504 -0.2962, 12.628 -0.0537 -0.3058, 12.624 -0.0537 -0.3058, 12.628 -0.0543 -0.3121, 12.624 0.0459 -0.3218, 12.628 0.0459 -0.3218, 12.628 0.0451 -0.3119, 12.624 0.0451 -0.3119, 12.628 0.0419 -0.301, 12.624 0.0419 -0.301, 12.628 0.0365 -0.2916, 12.624 0.0365 -0.2916, 12.628 0.028 -0.2827, 12.624 0.028 -0.2827, 12.628 0.0188 -0.277, 12.624 0.0188 -0.277, 12.628 0.0076 -0.2732, 12.624 0.0076 -0.2732, 12.624 0.042 -0.345, 12.628 0.042 -0.345, 12.628 0.0451 -0.3336, 12.624 0.0451 -0.3336, 12.624 0.0288 -0.345, 12.628 0.0288 -0.345, 12.624 0.0351 -0.3219, 12.628 0.0351 -0.3219, 12.628 0.0336 -0.3339, 12.624 0.0336 -0.3339, 12.624 -0.0056 -0.285, 12.628 -0.0056 -0.285, 12.628 0.0021 -0.2854, 12.624 0.0021 -0.2854, 12.628 0.0126 -0.2881, 12.624 0.0126 -0.2881, 12.628 0.0202 -0.2921, 12.624 0.0202 -0.2921, 12.628 0.0268 -0.2981, 12.624 0.0268 -0.2981, 12.628 0.0314 -0.3049, 12.624 0.0314 -0.3049, 12.628 0.034 -0.3122, 12.624 0.034 -0.3122, 12.624 -0.0441 -0.3197, 12.628 -0.0441 -0.3197, 12.628 -0.0431 -0.3105, 12.624 -0.0431 -0.3105, 12.628 -0.0404 -0.3034, 12.624 -0.0404 -0.3034, 12.628 -0.0364 -0.2973, 12.624 -0.0364 -0.2973, 12.628 -0.0315 -0.2927, 12.624 -0.0315 -0.2927, 12.628 -0.0247 -0.2886, 12.624 -0.0247 -0.2886, 12.628 -0.0162 -0.286, 12.624 -0.0162 -0.286, 12.628 -0.0388 -0.3432, 12.624 -0.0388 -0.3432, 12.628 -0.0427 -0.3328, 12.624 -0.0427 -0.3328, 12.624 -0.0429 -0.417, 12.624 -0.0537 -0.417, 12.628 -0.0429 -0.417, 12.628 -0.0537 -0.417, 12.624 -0.0537 -0.3642, 12.628 -0.0537 -0.3642, 12.624 0.0447 -0.3642, 12.628 0.0447 -0.3642, 12.624 0.0447 -0.4146, 12.628 0.0447 -0.4146, 12.624 0.0339 -0.4146, 12.628 0.0339 -0.4146, 12.624 0.0339 -0.3774, 12.628 0.0339 -0.3774, 12.624 0.0015 -0.3774, 12.628 0.0015 -0.3774, 12.624 0.0015 -0.4122, 12.628 0.0015 -0.4122, 12.624 -0.0093 -0.4122, 12.628 -0.0093 -0.4122, 12.624 -0.0093 -0.3774, 12.628 -0.0093 -0.3774, 12.624 -0.0429 -0.3774, 12.628 -0.0429 -0.3774, 12.624 -0.0537 -0.463, 12.624 -0.0537 -0.4362, 12.628 -0.0537 -0.463, 12.628 -0.0537 -0.4362, 12.624 0.0447 -0.4362, 12.628 0.0447 -0.4362, 12.624 0.0447 -0.464, 12.628 0.0447 -0.464, 12.624 -0.0033 -0.5154, 12.628 -0.0033 -0.5154, 12.628 0.006 -0.5147, 12.624 0.006 -0.5147, 12.628 0.0157 -0.5121, 12.624 0.0157 -0.5121, 12.628 0.0242 -0.5075, 12.624 0.0242 -0.5075, 12.628 0.0319 -0.5005, 12.624 0.0319 -0.5005, 12.628 0.032 -0.5004, 12.624 0.032 -0.5004, 12.628 0.0391 -0.4897, 12.624 0.0391 -0.4897, 12.628 0.0432 -0.4782, 12.624 0.0432 -0.4782, 12.628 -0.0527 -0.4752, 12.624 -0.0527 -0.4752, 12.628 -0.0493 -0.4865, 12.624 -0.0493 -0.4865, 12.628 -0.0433 -0.4968, 12.624 -0.0433 -0.4968, 12.628 -0.0355 -0.5049, 12.624 -0.0355 -0.5049, 12.628 -0.0267 -0.5105, 12.624 -0.0267 -0.5105, 12.628 -0.0164 -0.5141, 12.624 -0.0164 -0.5141, 12.624 0.0201 -0.4957, 12.624 0.0252 -0.4909, 12.624 0.0298 -0.4837, 12.624 0.0327 -0.4756, 12.624 0.0339 -0.4639, 12.624 0.0339 -0.4494, 12.624 -0.0429 -0.4494, 12.624 -0.0429 -0.4634, 12.624 -0.0419 -0.4738, 12.624 -0.0394 -0.4821, 12.624 -0.0354 -0.4888, 12.624 -0.0299 -0.4943, 12.624 -0.0231 -0.4984, 12.624 -0.0139 -0.5013, 12.624 -0.0035 -0.5022, 12.624 0.0063 -0.5014, 12.624 0.014 -0.4991, 12.628 0.0339 -0.4639, 12.628 0.0339 -0.4494, 12.628 0.0327 -0.4756, 12.628 0.0298 -0.4837, 12.628 0.0252 -0.4909, 12.628 0.0201 -0.4957, 12.628 0.014 -0.4991, 12.628 0.0063 -0.5014, 12.628 -0.0035 -0.5022, 12.628 -0.0139 -0.5013, 12.628 -0.0231 -0.4984, 12.628 -0.0299 -0.4943, 12.628 -0.0354 -0.4888, 12.628 -0.0394 -0.4821, 12.628 -0.0419 -0.4738, 12.628 -0.0429 -0.4634, 12.628 -0.0429 -0.4494
            ]
        }
        coordIndex [
            0,1,2,-1,2,1,3,-1,1,4,3,-1,3,4,5,-1,4,6,5,-1,5,6,7,-1,6,8,7,-1,7,8,9,-1,8,10,9,-1,9,10,11,-1,10,0,11,-1,11,0,2,-1,8,6,10,-1,10,6,4,-1,10,4,0,-1,0,4,1,-1,12,13,14,-1,14,13,15,-1,15,13,16,-1,17,18,19,-1,17,19,20,-1,20,19,21,-1,20,21,16,-1,16,21,22,-1,16,22,15,-1,23,24,25,-1,23,25,26,-1,26,25,27,-1,26,27,28,-1,28,27,29,-1,28,29,30,-1,30,29,31,-1,30,31,32,-1,32,31,33,-1,32,33,34,-1,34,33,35,-1,34,35,36,-1,36,35,17,-1,17,35,37,-1,17,37,18,-1,38,39,40,-1,38,40,41,-1,41,40,42,-1,41,42,43,-1,43,42,44,-1,43,44,45,-1,45,44,46,-1,45,46,47,-1,47,46,48,-1,47,48,49,-1,49,48,50,-1,49,50,51,-1,51,50,24,-1,51,24,23,-1,52,53,54,-1,52,54,55,-1,55,54,39,-1,55,39,38,-1,52,56,53,-1,53,56,57,-1,58,59,60,-1,58,60,61,-1,61,60,57,-1,61,57,56,-1,62,63,64,-1,62,64,65,-1,65,64,66,-1,65,66,67,-1,67,66,68,-1,67,68,69,-1,69,68,70,-1,69,70,71,-1,71,70,72,-1,71,72,73,-1,73,72,74,-1,73,74,75,-1,75,74,59,-1,75,59,58,-1,76,77,78,-1,76,78,79,-1,79,78,80,-1,79,80,81,-1,81,80,82,-1,81,82,83,-1,83,82,84,-1,83,84,85,-1,85,84,86,-1,85,86,87,-1,87,86,88,-1,87,88,89,-1,89,88,63,-1,89,63,62,-1,12,14,90,-1,12,90,91,-1,91,90,92,-1,91,92,93,-1,93,92,77,-1,93,77,76,-1,79,17,76,-1,76,17,20,-1,76,20,93,-1,93,20,16,-1,93,16,91,-1,91,16,13,-1,91,13,12,-1,56,52,61,-1,61,52,55,-1,61,55,58,-1,58,55,38,-1,58,38,75,-1,75,38,41,-1,75,41,73,-1,73,41,43,-1,73,43,71,-1,71,43,45,-1,71,45,69,-1,69,45,47,-1,69,47,67,-1,67,47,49,-1,67,49,65,-1,65,49,51,-1,65,51,62,-1,62,51,23,-1,62,23,89,-1,89,23,26,-1,89,26,87,-1,87,26,28,-1,87,28,85,-1,85,28,30,-1,85,30,83,-1,83,30,32,-1,83,32,81,-1,81,32,34,-1,81,34,79,-1,79,34,36,-1,79,36,17,-1,94,95,96,-1,96,95,97,-1,95,98,97,-1,97,98,99,-1,98,100,99,-1,99,100,101,-1,100,102,101,-1,101,102,103,-1,102,104,103,-1,103,104,105,-1,104,106,105,-1,105,106,107,-1,106,108,107,-1,107,108,109,-1,108,110,109,-1,109,110,111,-1,110,112,111,-1,111,112,113,-1,112,114,113,-1,113,114,115,-1,114,116,115,-1,115,116,117,-1,116,94,117,-1,117,94,96,-1,98,95,94,-1,94,116,98,-1,98,116,114,-1,98,114,100,-1,104,102,106,-1,106,102,100,-1,106,100,108,-1,108,100,114,-1,108,114,110,-1,110,114,112,-1,118,119,120,-1,120,119,121,-1,119,122,121,-1,121,122,123,-1,122,124,123,-1,123,124,125,-1,126,127,128,-1,126,128,129,-1,129,128,130,-1,129,130,131,-1,131,130,132,-1,131,132,133,-1,133,132,134,-1,133,134,135,-1,135,134,136,-1,135,136,137,-1,137,136,138,-1,137,138,139,-1,139,138,140,-1,139,140,141,-1,141,140,125,-1,141,125,124,-1,118,120,142,-1,118,142,143,-1,143,142,144,-1,143,144,145,-1,145,144,146,-1,145,146,147,-1,147,146,148,-1,147,148,149,-1,149,148,150,-1,149,150,151,-1,151,150,152,-1,151,152,153,-1,153,152,127,-1,153,127,126,-1,131,133,154,-1,154,133,135,-1,154,135,155,-1,155,135,137,-1,155,137,156,-1,156,137,139,-1,156,139,157,-1,157,139,141,-1,157,141,158,-1,158,141,124,-1,158,124,159,-1,159,124,122,-1,159,122,160,-1,160,122,119,-1,160,119,161,-1,161,119,118,-1,161,118,162,-1,162,118,143,-1,162,143,163,-1,163,143,145,-1,163,145,164,-1,164,145,147,-1,164,147,165,-1,165,147,149,-1,165,149,166,-1,166,149,151,-1,166,151,167,-1,167,151,153,-1,167,153,168,-1,168,153,126,-1,168,126,169,-1,169,126,129,-1,169,129,170,-1,170,129,131,-1,170,131,154,-1,158,159,171,-1,171,159,172,-1,158,171,173,-1,158,173,157,-1,157,173,174,-1,157,174,156,-1,156,174,175,-1,156,175,155,-1,155,175,176,-1,155,176,154,-1,154,176,177,-1,154,177,170,-1,170,177,178,-1,170,178,169,-1,169,178,179,-1,169,179,168,-1,168,179,180,-1,168,180,167,-1,167,180,181,-1,167,181,166,-1,166,181,182,-1,166,182,165,-1,165,182,183,-1,165,183,164,-1,164,183,184,-1,164,184,163,-1,163,184,185,-1,163,185,162,-1,162,185,186,-1,162,186,161,-1,160,161,187,-1,187,161,186,-1,159,160,172,-1,172,160,187,-1,
        ]
    }
}
Shape{
    appearance Appearance {
        material  Material 	{
            diffuseColor 0.9490196078431372 0.7607843137254902 0.1803921568627451
            specularColor 0.7607843137254902 0.6078431372549019 0.1450980392156863
            ambientIntensity 0.7509
            transparency 0.0
            shininess 0.5
        }
    }
    geometry IndexedFaceSet {
        ccw TRUE
        solid FALSE
        coord DEF co Coordinate {
            point [
                12.628 0.0339 -0.4494, 12.628 -0.0429 -0.4494, 12.628 0.0339 -0.4639, 12.628 -0.0429 -0.4634, 12.628 -0.0419 -0.4738, 12.628 -0.0035 -0.5022, 12.628 0.0063 -0.5014, 12.628 0.014 -0.4991, 12.628 0.0327 -0.4756, 12.628 -0.0394 -0.4821, 12.628 -0.0354 -0.4888, 12.628 -0.0299 -0.4943, 12.628 -0.0231 -0.4984, 12.628 -0.0139 -0.5013, 12.628 0.0201 -0.4957, 12.628 0.0252 -0.4909, 12.628 0.0298 -0.4837
            ]
        }
        coordIndex [
            0,1,2,-1,2,1,3,-1,2,3,4,-1,5,6,2,-1,2,6,7,-1,2,7,8,-1,4,9,2,-1,2,9,10,-1,2,10,11,-1,11,12,2,-1,2,12,13,-1,2,13,5,-1,14,15,7,-1,7,15,16,-1,7,16,8,-1,
        ]
    }
}
Shape{
    appearance Appearance {
        material  Material 	{
            diffuseColor 0.0 0.0 0.0
            specularColor 0.0 0.0 0.0
            ambientIntensity 0.0
            transparency 0.0
            shininess 0.5
        }
    }
    geometry IndexedFaceSet {
        ccw TRUE
        solid FALSE
        coord DEF co Coordinate {
            point [
                12.624 0.0447 -0.573, 12.624 -0.0537 -0.6115, 12.628 0.0447 -0.573, 12.628 -0.0537 -0.6115, 12.624 -0.0537 -0.5971, 12.628 -0.0537 -0.5971, 12.624 -0.0261 -0.5871, 12.628 -0.0261 -0.5871, 12.624 -0.0261 -0.5464, 12.628 -0.0261 -0.5464, 12.624 -0.0537 -0.537, 12.628 -0.0537 -0.537, 12.624 -0.0537 -0.5226, 12.628 -0.0537 -0.5226, 12.624 0.0447 -0.5598, 12.628 0.0447 -0.5598, 12.624 -0.0153 -0.5498, 12.624 -0.0153 -0.5827, 12.624 0.0258 -0.5644, 12.624 0.0292 -0.5654, 12.624 0.0327 -0.566, 12.624 0.0327 -0.5663, 12.624 0.0292 -0.567, 12.624 0.0258 -0.5679, 12.628 -0.0153 -0.5498, 12.628 -0.0153 -0.5827, 12.628 0.0258 -0.5644, 12.628 0.0292 -0.5654, 12.628 0.0327 -0.566, 12.628 0.0327 -0.5663, 12.628 0.0292 -0.567, 12.628 0.0258 -0.5679
            ]
        }
        coordIndex [
            0,1,2,-1,2,1,3,-1,1,4,3,-1,3,4,5,-1,4,6,5,-1,5,6,7,-1,6,8,7,-1,7,8,9,-1,8,10,9,-1,9,10,11,-1,10,12,11,-1,11,12,13,-1,12,14,13,-1,13,14,15,-1,14,0,15,-1,15,0,2,-1,16,8,17,-1,17,8,6,-1,18,14,16,-1,16,14,12,-1,16,12,8,-1,8,12,10,-1,18,19,14,-1,14,19,20,-1,14,20,0,-1,0,20,21,-1,0,21,22,-1,22,23,0,-1,0,23,17,-1,0,17,1,-1,1,17,6,-1,1,6,4,-1,16,17,24,-1,24,17,25,-1,18,16,26,-1,26,16,24,-1,18,26,27,-1,18,27,19,-1,19,27,28,-1,19,28,20,-1,21,20,29,-1,29,20,28,-1,21,29,30,-1,21,30,22,-1,22,30,31,-1,22,31,23,-1,17,23,25,-1,25,23,31,-1,
        ]
    }
}
Shape{
    appearance Appearance {
        material  Material 	{
            diffuseColor 0.9490196078431372 0.7607843137254902 0.1803921568627451
            specularColor 0.7607843137254902 0.6078431372549019 0.1450980392156863
            ambientIntensity 0.7509
            transparency 0.0
            shininess 0.5
        }
    }
    geometry IndexedFaceSet {
        ccw TRUE
        solid FALSE
        coord DEF co Coordinate {
            point [
                12.628 -0.0153 -0.5498, 12.628 -0.0153 -0.5827, 12.628 0.0258 -0.5644, 12.628 0.0258 -0.5679, 12.628 0.0292 -0.5654, 12.628 0.0292 -0.567, 12.628 0.0327 -0.566, 12.628 0.0327 -0.5663, 11.628 0.0351 -0.3219, 11.628 0.034 -0.3122, 11.628 -0.0388 -0.3432, 11.628 -0.0378 -0.345, 11.628 -0.0486 -0.345, 11.628 -0.0543 -0.3546, 11.628 -0.0537 -0.213, 11.628 -0.0543 -0.3121, 11.628 -0.0537 -0.2634, 11.628 -0.0537 -0.3058, 11.628 -0.0504 -0.2962, 11.628 0.0336 -0.3339, 11.628 0.0288 -0.345, 11.628 0.0787 -0.3546, 11.628 0.042 -0.345, 11.628 0.0314 -0.3049, 11.628 0.0268 -0.2981, 11.628 0.0202 -0.2921, 11.628 -0.0056 -0.285, 11.628 -0.0162 -0.286, 11.628 -0.0247 -0.2886, 11.628 -0.0431 -0.3105, 11.628 -0.0441 -0.3197, 11.628 -0.0404 -0.3034, 11.628 -0.0364 -0.2973, 11.628 -0.0315 -0.2927, 11.628 -0.0427 -0.3328, 11.628 0.0188 -0.277, 11.628 0.028 -0.2827, 11.628 0.0447 -0.2262, 11.628 0.0365 -0.2916, 11.628 0.0126 -0.2881, 11.628 0.0021 -0.2854, 11.628 -0.0453 -0.2883, 11.628 -0.0375 -0.2809, 11.628 -0.0429 -0.2634, 11.628 -0.0282 -0.2757, 11.628 -0.0429 -0.2262, 11.628 0.0419 -0.301, 11.628 0.0451 -0.3119, 11.628 -0.0178 -0.2727, 11.628 -0.0064 -0.2718, 11.628 0.0076 -0.2732, 11.628 0.0459 -0.3218, 11.628 0.0451 -0.3336, 11.628 -0.0529 -0.3345, 11.628 -0.0543 -0.3246, 11.628 -0.0787 -0.3546, 11.628 -0.0549 -0.3206, 11.628 -0.0549 -0.3179, 11.628 0.0447 -0.213, 11.628 0.0787 0.0472, 11.628 -0.0543 0.0472, 11.628 -0.0787 0.0472, 11.628 0.0447 -0.4146, 11.628 0.0787 -0.8171, 11.628 0.0447 -0.3642, 11.628 -0.0537 -0.5226, 11.628 -0.0267 -0.5105, 11.628 -0.0355 -0.5049, 11.628 0.0339 -0.3774, 11.628 0.0015 -0.3774, 11.628 0.0339 -0.4146, 11.628 0.0015 -0.4122, 11.628 -0.0093 -0.4122, 11.628 -0.0537 -0.4362, 11.628 0.0447 -0.4362, 11.628 -0.0433 -0.4968, 11.628 -0.0493 -0.4865, 11.628 -0.0527 -0.4752, 11.628 0.0432 -0.4782, 11.628 0.0391 -0.4897, 11.628 0.0447 -0.5598, 11.628 0.032 -0.5004, 11.628 -0.0537 -0.6115, 11.628 -0.0543 -0.8171, 11.628 0.0447 -0.573, 11.628 0.0319 -0.5005, 11.628 0.0242 -0.5075, 11.628 0.0157 -0.5121, 11.628 0.0447 -0.464, 11.628 0.006 -0.5147, 11.628 -0.0033 -0.5154, 11.628 -0.0164 -0.5141, 11.628 -0.0537 -0.463, 11.628 -0.0093 -0.3774, 11.628 -0.0429 -0.3774, 11.628 -0.0429 -0.417, 11.628 -0.0537 -0.417, 11.628 -0.0537 -0.3642, 11.628 -0.0261 -0.5871, 11.628 -0.0261 -0.5464, 11.628 -0.0537 -0.5971, 11.628 -0.0537 -0.537, 11.628 -0.0787 -0.8171, 11.7835 -0.0787 0.1969, 11.7835 0.0787 0.1969, 11.8168 0.0787 0.2006, 11.8168 -0.0787 0.2006, 11.8484 0.0787 0.2117, 11.8484 -0.0787 0.2117, 11.8767 0.0787 0.2295, 11.8767 -0.0787 0.2295, 11.9004 0.0787 0.2532, 11.9004 -0.0787 0.2532, 11.9183 0.0787 0.2815, 11.9183 -0.0787 0.2815, 11.9293 0.0787 0.3132, 11.9293 -0.0787 0.3132, 11.9331 0.0787 0.3465, 11.9331 -0.0787 0.3465, 11.9331 0.0787 2.3032, 11.9331 -0.0787 2.3032, 11.9311 0.0787 2.3184, 11.9311 -0.0787 2.3184, 11.9252 0.0787 2.3327, 11.9252 -0.0787 2.3327, 11.9158 0.0787 2.3449, 11.9158 -0.0787 2.3449, 11.9035 0.0787 2.3543, 11.9035 -0.0787 2.3543, 11.8893 0.0787 2.3602, 11.8893 -0.0787 2.3602, 11.874 0.0787 2.3622, 11.874 -0.0787 2.3622, 11.7953 0.0787 2.3622, 11.7953 -0.0787 2.3622, 11.78 0.0787 2.3602, 11.78 -0.0787 2.3602, 11.7657 0.0787 2.3543, 11.7657 -0.0787 2.3543, 11.7535 0.0787 2.3449, 11.7535 -0.0787 2.3449, 11.7441 0.0787 2.3327, 11.7441 -0.0787 2.3327, 11.7382 0.0787 2.3184, 11.7382 -0.0787 2.3184, 11.7362 0.0787 2.3032, 11.7362 -0.0787 2.3032, 11.7362 0.0787 0.709, 11.7362 -0.0787 0.709, 11.7326 -0.0787 0.6752, 11.7326 0.0787 0.6752, 11.7217 -0.0787 0.643, 11.7217 0.0787 0.643, 11.7042 -0.0787 0.6138, 11.7042 0.0787 0.6138, 11.6809 -0.0787 0.5891, 11.6809 0.0787 0.5891, 11.6264 -0.0787 0.5528, 11.6264 0.0787 0.5528, 11.565 -0.0787 0.5302, 11.565 0.0787 0.5302, 11.5 -0.0787 0.5225, 11.5 0.0787 0.5225, 11.435 -0.0787 0.5302, 11.435 0.0787 0.5302, 11.3736 -0.0787 0.5528, 11.3736 0.0787 0.5528, 11.3191 -0.0787 0.5891, 11.3191 0.0787 0.5891, 11.2958 -0.0787 0.6138, 11.2958 0.0787 0.6138, 11.2783 -0.0787 0.643, 11.2783 0.0787 0.643, 11.2674 -0.0787 0.6752, 11.2674 0.0787 0.6752, 11.2638 -0.0787 0.709, 11.2638 0.0787 0.709, 11.2638 0.0787 2.3032, 11.2638 -0.0787 2.3032, 11.2618 0.0787 2.3184, 11.2618 -0.0787 2.3184, 11.2559 0.0787 2.3327, 11.2559 -0.0787 2.3327, 11.2465 0.0787 2.3449, 11.2465 -0.0787 2.3449, 11.2343 0.0787 2.3543, 11.2343 -0.0787 2.3543, 11.22 0.0787 2.3602, 11.22 -0.0787 2.3602, 11.2047 0.0787 2.3622, 11.2047 -0.0787 2.3622, 11.126 0.0787 2.3622, 11.126 -0.0787 2.3622, 11.1107 0.0787 2.3602, 11.1107 -0.0787 2.3602, 11.0965 0.0787 2.3543, 11.0965 -0.0787 2.3543, 11.0842 0.0787 2.3449, 11.0842 -0.0787 2.3449, 11.0748 0.0787 2.3327, 11.0748 -0.0787 2.3327, 11.0689 0.0787 2.3184, 11.0689 -0.0787 2.3184, 11.0669 0.0787 2.3032, 11.0669 -0.0787 2.3032, 11.0669 0.0787 0.3465, 11.0669 -0.0787 0.3465, 11.0707 0.0787 0.3132, 11.0707 -0.0787 0.3132, 11.0817 0.0787 0.2815, 11.0817 -0.0787 0.2815, 11.0996 0.0787 0.2532, 11.0996 -0.0787 0.2532, 11.1233 0.0787 0.2295, 11.1233 -0.0787 0.2295, 11.1516 0.0787 0.2117, 11.1516 -0.0787 0.2117, 11.1832 0.0787 0.2006, 11.1832 -0.0787 0.2006, 11.2165 0.0787 0.1969, 11.2165 -0.0787 0.1969, 11.2224 0.0787 0.1969, 11.2224 -0.0787 0.1969, 11.2557 -0.0787 0.1931, 11.2557 0.0787 0.1931, 11.2874 -0.0787 0.182, 11.2874 0.0787 0.182, 11.3157 -0.0787 0.1642, 11.3157 0.0787 0.1642, 11.3394 -0.0787 0.1405, 11.3394 0.0787 0.1405, 11.3572 -0.0787 0.1122, 11.3572 0.0787 0.1122, 11.3683 -0.0787 0.0805, 11.3683 0.0787 0.0805, 11.372 -0.0787 0.0472, 11.372 0.0787 0.0472, 11.372 0.0787 -0.8171, 11.372 -0.0787 -0.8171, 11.3781 0.0787 -0.9148, 11.3781 -0.0787 -0.9148, 11.4071 0.0787 -1.1466, 11.4071 -0.0787 -1.1466, 11.4094 0.0787 -1.1558, 11.4094 -0.0787 -1.1558, 11.4138 0.0787 -1.1642, 11.4138 -0.0787 -1.1642, 11.4201 0.0787 -1.1712, 11.4201 -0.0787 -1.1712, 11.4279 0.0787 -1.1766, 11.4279 -0.0787 -1.1766, 11.4368 0.0787 -1.18, 11.4368 -0.0787 -1.18, 11.4462 0.0787 -1.1811, 11.4462 -0.0787 -1.1811, 11.5538 0.0787 -1.1811, 11.5538 -0.0787 -1.1811, 11.5632 0.0787 -1.18, 11.5632 -0.0787 -1.18, 11.5721 0.0787 -1.1766, 11.5721 -0.0787 -1.1766, 11.5799 0.0787 -1.1712, 11.5799 -0.0787 -1.1712, 11.5862 0.0787 -1.1642, 11.5862 -0.0787 -1.1642, 11.5906 0.0787 -1.1558, 11.5906 -0.0787 -1.1558, 11.5929 0.0787 -1.1466, 11.5929 -0.0787 -1.1466, 11.6219 0.0787 -0.9148, 11.6219 -0.0787 -0.9148, 11.6317 0.0787 0.0805, 11.6317 -0.0787 0.0805, 11.6428 -0.0787 0.1122, 11.6428 0.0787 0.1122, 11.6606 -0.0787 0.1405, 11.6606 0.0787 0.1405, 11.6843 -0.0787 0.1642, 11.6843 0.0787 0.1642, 11.7126 -0.0787 0.182, 11.7126 0.0787 0.182, 11.7443 -0.0787 0.1931, 11.7443 0.0787 0.1931, 11.7776 -0.0787 0.1969, 11.7776 0.0787 0.1969
            ]
        }
        coordIndex [
            0,1,2,-1,2,1,3,-1,2,3,4,-1,4,3,5,-1,4,5,6,-1,6,5,7,-1,8,9,10,-1,11,12,13,-1,14,15,16,-1,16,15,17,-1,16,17,18,-1,8,10,19,-1,19,10,11,-1,19,11,20,-1,20,11,21,-1,20,21,22,-1,9,23,10,-1,10,23,24,-1,10,24,25,-1,26,27,10,-1,10,27,28,-1,29,30,31,-1,31,30,32,-1,28,33,10,-1,10,33,32,-1,10,32,34,-1,34,32,30,-1,35,36,37,-1,37,36,38,-1,25,39,10,-1,10,39,40,-1,10,40,26,-1,18,41,16,-1,16,41,42,-1,16,42,43,-1,43,42,44,-1,43,44,45,-1,46,47,21,-1,44,48,45,-1,45,48,49,-1,45,49,37,-1,37,49,50,-1,37,50,35,-1,47,51,21,-1,21,51,52,-1,21,52,22,-1,12,53,13,-1,13,53,54,-1,13,54,55,-1,54,56,55,-1,55,56,57,-1,55,57,15,-1,38,46,37,-1,37,46,21,-1,37,21,58,-1,58,21,59,-1,58,59,14,-1,14,59,60,-1,14,60,15,-1,15,60,61,-1,15,61,55,-1,62,63,21,-1,11,13,21,-1,21,13,64,-1,21,64,62,-1,65,66,67,-1,68,69,70,-1,70,69,71,-1,72,73,71,-1,71,73,74,-1,71,74,70,-1,67,75,65,-1,65,75,76,-1,65,76,77,-1,78,79,80,-1,80,79,81,-1,82,83,84,-1,84,83,63,-1,84,63,80,-1,81,85,80,-1,80,85,86,-1,80,86,87,-1,78,80,88,-1,88,80,63,-1,88,63,74,-1,74,63,62,-1,74,62,70,-1,87,89,80,-1,80,89,90,-1,80,90,65,-1,65,90,91,-1,65,91,66,-1,13,92,73,-1,93,94,72,-1,72,94,95,-1,72,95,73,-1,73,95,96,-1,73,96,13,-1,13,96,97,-1,13,97,64,-1,98,99,100,-1,100,99,101,-1,100,101,13,-1,13,101,65,-1,13,65,92,-1,92,65,77,-1,82,100,83,-1,83,100,13,-1,83,13,102,-1,102,13,55,-1,103,104,105,-1,103,105,106,-1,106,105,107,-1,106,107,108,-1,108,107,109,-1,108,109,110,-1,110,109,111,-1,110,111,112,-1,112,111,113,-1,112,113,114,-1,114,113,115,-1,114,115,116,-1,116,115,117,-1,116,117,118,-1,119,120,117,-1,117,120,118,-1,120,119,121,-1,120,121,122,-1,122,121,123,-1,122,123,124,-1,124,123,125,-1,124,125,126,-1,126,125,127,-1,126,127,128,-1,128,127,129,-1,128,129,130,-1,130,129,131,-1,130,131,132,-1,133,134,131,-1,131,134,132,-1,134,133,135,-1,134,135,136,-1,136,135,137,-1,136,137,138,-1,138,137,139,-1,138,139,140,-1,140,139,141,-1,140,141,142,-1,142,141,143,-1,142,143,144,-1,144,143,145,-1,144,145,146,-1,147,148,145,-1,145,148,146,-1,148,147,149,-1,149,147,150,-1,149,150,151,-1,151,150,152,-1,151,152,153,-1,153,152,154,-1,153,154,155,-1,155,154,156,-1,155,156,157,-1,157,156,158,-1,157,158,159,-1,159,158,160,-1,159,160,161,-1,161,160,162,-1,161,162,163,-1,163,162,164,-1,163,164,165,-1,165,164,166,-1,165,166,167,-1,167,166,168,-1,167,168,169,-1,169,168,170,-1,169,170,171,-1,171,170,172,-1,171,172,173,-1,173,172,174,-1,173,174,175,-1,175,174,176,-1,177,178,176,-1,176,178,175,-1,178,177,179,-1,178,179,180,-1,180,179,181,-1,180,181,182,-1,182,181,183,-1,182,183,184,-1,184,183,185,-1,184,185,186,-1,186,185,187,-1,186,187,188,-1,188,187,189,-1,188,189,190,-1,191,192,189,-1,189,192,190,-1,192,191,193,-1,192,193,194,-1,194,193,195,-1,194,195,196,-1,196,195,197,-1,196,197,198,-1,198,197,199,-1,198,199,200,-1,200,199,201,-1,200,201,202,-1,202,201,203,-1,202,203,204,-1,205,206,203,-1,203,206,204,-1,206,205,207,-1,206,207,208,-1,208,207,209,-1,208,209,210,-1,210,209,211,-1,210,211,212,-1,212,211,213,-1,212,213,214,-1,214,213,215,-1,214,215,216,-1,216,215,217,-1,216,217,218,-1,218,217,219,-1,218,219,220,-1,221,222,219,-1,219,222,220,-1,222,221,223,-1,223,221,224,-1,223,224,225,-1,225,224,226,-1,225,226,227,-1,227,226,228,-1,227,228,229,-1,229,228,230,-1,229,230,231,-1,231,230,232,-1,231,232,233,-1,233,232,234,-1,233,234,235,-1,235,234,236,-1,237,238,236,-1,236,238,235,-1,237,239,238,-1,238,239,240,-1,241,242,239,-1,239,242,240,-1,242,241,243,-1,242,243,244,-1,244,243,245,-1,244,245,246,-1,246,245,247,-1,246,247,248,-1,248,247,249,-1,248,249,250,-1,250,249,251,-1,250,251,252,-1,252,251,253,-1,252,253,254,-1,255,256,253,-1,253,256,254,-1,256,255,257,-1,256,257,258,-1,258,257,259,-1,258,259,260,-1,260,259,261,-1,260,261,262,-1,262,261,263,-1,262,263,264,-1,264,263,265,-1,264,265,266,-1,266,265,267,-1,266,267,268,-1,269,270,267,-1,267,270,268,-1,102,270,83,-1,83,270,269,-1,83,269,63,-1,60,59,271,-1,61,60,272,-1,272,60,271,-1,272,271,273,-1,273,271,274,-1,273,274,275,-1,275,274,276,-1,275,276,277,-1,277,276,278,-1,277,278,279,-1,279,278,280,-1,279,280,281,-1,281,280,282,-1,281,282,283,-1,283,282,284,-1,104,103,284,-1,284,103,283,-1,108,110,157,-1,275,277,159,-1,159,277,279,-1,159,279,157,-1,157,279,281,-1,157,281,283,-1,283,103,157,-1,157,103,106,-1,157,106,108,-1,275,159,273,-1,273,159,161,-1,273,161,272,-1,148,149,118,-1,231,161,229,-1,229,161,163,-1,229,163,227,-1,149,151,118,-1,118,151,153,-1,118,153,116,-1,116,153,155,-1,116,155,114,-1,114,155,157,-1,114,157,112,-1,112,157,110,-1,270,102,256,-1,256,102,55,-1,256,55,161,-1,161,55,61,-1,161,61,272,-1,220,222,165,-1,165,222,223,-1,165,223,163,-1,163,223,225,-1,163,225,227,-1,167,208,210,-1,167,210,165,-1,165,210,212,-1,165,212,214,-1,144,146,134,-1,238,256,235,-1,235,256,161,-1,235,161,233,-1,233,161,231,-1,238,240,256,-1,256,240,242,-1,256,242,254,-1,254,242,252,-1,214,216,165,-1,165,216,218,-1,165,218,220,-1,208,167,206,-1,206,167,169,-1,206,169,171,-1,134,146,132,-1,264,266,256,-1,256,266,268,-1,256,268,270,-1,244,246,248,-1,134,136,138,-1,244,248,242,-1,242,248,250,-1,242,250,252,-1,180,182,190,-1,202,204,192,-1,192,204,206,-1,192,206,190,-1,148,118,146,-1,146,118,120,-1,146,120,132,-1,132,120,122,-1,132,122,124,-1,138,140,134,-1,134,140,142,-1,134,142,144,-1,264,256,262,-1,262,256,258,-1,262,258,260,-1,171,173,206,-1,206,173,175,-1,206,175,190,-1,190,175,178,-1,190,178,180,-1,126,128,124,-1,124,128,130,-1,124,130,132,-1,182,184,190,-1,190,184,186,-1,190,186,188,-1,192,194,196,-1,196,198,192,-1,192,198,200,-1,192,200,202,-1,111,109,158,-1,228,226,164,-1,274,162,276,-1,276,162,160,-1,276,160,278,-1,104,284,158,-1,158,284,282,-1,158,282,160,-1,160,282,280,-1,160,280,278,-1,109,107,158,-1,158,107,105,-1,158,105,104,-1,164,226,166,-1,226,224,166,-1,166,224,221,-1,166,221,219,-1,162,232,164,-1,164,232,230,-1,164,230,228,-1,111,158,113,-1,113,158,156,-1,113,156,115,-1,115,156,117,-1,117,156,154,-1,117,154,152,-1,219,217,166,-1,166,217,215,-1,166,215,213,-1,174,172,205,-1,205,172,170,-1,205,170,207,-1,207,170,168,-1,207,168,209,-1,209,168,166,-1,209,166,211,-1,211,166,213,-1,239,237,255,-1,255,237,236,-1,255,236,162,-1,162,236,234,-1,162,234,232,-1,274,271,162,-1,162,271,59,-1,162,59,21,-1,152,150,117,-1,117,150,147,-1,117,147,119,-1,119,147,145,-1,203,177,205,-1,205,177,176,-1,205,176,174,-1,141,133,143,-1,143,133,145,-1,145,133,119,-1,119,133,131,-1,119,131,121,-1,127,125,123,-1,199,191,201,-1,201,191,203,-1,203,191,177,-1,177,191,189,-1,177,189,179,-1,239,255,241,-1,241,255,253,-1,241,253,251,-1,21,63,162,-1,162,63,269,-1,162,269,255,-1,255,269,267,-1,255,267,265,-1,141,139,133,-1,133,139,137,-1,133,137,135,-1,199,197,191,-1,191,197,195,-1,191,195,193,-1,189,187,185,-1,245,243,247,-1,247,243,241,-1,247,241,249,-1,249,241,251,-1,265,263,255,-1,255,263,261,-1,255,261,257,-1,257,261,259,-1,121,131,123,-1,123,131,129,-1,123,129,127,-1,185,183,189,-1,189,183,181,-1,189,181,179,-1,
        ]
    }
}
Shape{
    appearance Appearance {
        material  Material 	{
            diffuseColor 0.0 0.0 0.0
            specularColor 0.0 0.0 0.0
            ambientIntensity 0.0
            transparency 0.0
            shininess 0.5
        }
    }
    geometry IndexedFaceSet {
        ccw TRUE
        solid FALSE
        coord DEF co Coordinate {
            point [
                11.624 -0.0429 -0.2634, 11.624 -0.0537 -0.2634, 11.628 -0.0429 -0.2634, 11.628 -0.0537 -0.2634, 11.624 -0.0537 -0.213, 11.628 -0.0537 -0.213, 11.624 0.0447 -0.213, 11.628 0.0447 -0.213, 11.624 0.0447 -0.2262, 11.628 0.0447 -0.2262, 11.624 -0.0429 -0.2262, 11.628 -0.0429 -0.2262, 11.624 -0.0378 -0.345, 11.624 -0.0486 -0.345, 11.628 -0.0378 -0.345, 11.628 -0.0486 -0.345, 11.624 -0.0529 -0.3345, 11.624 -0.0549 -0.3179, 11.628 -0.0549 -0.3179, 11.628 -0.0549 -0.3206, 11.624 -0.0549 -0.3206, 11.628 -0.0543 -0.3246, 11.628 -0.0529 -0.3345, 11.624 -0.0064 -0.2718, 11.628 -0.0064 -0.2718, 11.628 -0.0178 -0.2727, 11.624 -0.0178 -0.2727, 11.628 -0.0282 -0.2757, 11.624 -0.0282 -0.2757, 11.628 -0.0375 -0.2809, 11.624 -0.0375 -0.2809, 11.628 -0.0453 -0.2883, 11.624 -0.0453 -0.2883, 11.628 -0.0504 -0.2962, 11.624 -0.0504 -0.2962, 11.628 -0.0537 -0.3058, 11.624 -0.0537 -0.3058, 11.628 -0.0543 -0.3121, 11.624 0.0459 -0.3218, 11.628 0.0459 -0.3218, 11.628 0.0451 -0.3119, 11.624 0.0451 -0.3119, 11.628 0.0419 -0.301, 11.624 0.0419 -0.301, 11.628 0.0365 -0.2916, 11.624 0.0365 -0.2916, 11.628 0.028 -0.2827, 11.624 0.028 -0.2827, 11.628 0.0188 -0.277, 11.624 0.0188 -0.277, 11.628 0.0076 -0.2732, 11.624 0.0076 -0.2732, 11.624 0.042 -0.345, 11.628 0.042 -0.345, 11.628 0.0451 -0.3336, 11.624 0.0451 -0.3336, 11.624 0.0288 -0.345, 11.628 0.0288 -0.345, 11.624 0.0351 -0.3219, 11.628 0.0351 -0.3219, 11.628 0.0336 -0.3339, 11.624 0.0336 -0.3339, 11.624 -0.0056 -0.285, 11.628 -0.0056 -0.285, 11.628 0.0021 -0.2854, 11.624 0.0021 -0.2854, 11.628 0.0126 -0.2881, 11.624 0.0126 -0.2881, 11.628 0.0202 -0.2921, 11.624 0.0202 -0.2921, 11.628 0.0268 -0.2981, 11.624 0.0268 -0.2981, 11.628 0.0314 -0.3049, 11.624 0.0314 -0.3049, 11.628 0.034 -0.3122, 11.624 0.034 -0.3122, 11.624 -0.0441 -0.3197, 11.628 -0.0441 -0.3197, 11.628 -0.0431 -0.3105, 11.624 -0.0431 -0.3105, 11.628 -0.0404 -0.3034, 11.624 -0.0404 -0.3034, 11.628 -0.0364 -0.2973, 11.624 -0.0364 -0.2973, 11.628 -0.0315 -0.2927, 11.624 -0.0315 -0.2927, 11.628 -0.0247 -0.2886, 11.624 -0.0247 -0.2886, 11.628 -0.0162 -0.286, 11.624 -0.0162 -0.286, 11.628 -0.0388 -0.3432, 11.624 -0.0388 -0.3432, 11.628 -0.0427 -0.3328, 11.624 -0.0427 -0.3328, 11.624 -0.0429 -0.417, 11.624 -0.0537 -0.417, 11.628 -0.0429 -0.417, 11.628 -0.0537 -0.417, 11.624 -0.0537 -0.3642, 11.628 -0.0537 -0.3642, 11.624 0.0447 -0.3642, 11.628 0.0447 -0.3642, 11.624 0.0447 -0.4146, 11.628 0.0447 -0.4146, 11.624 0.0339 -0.4146, 11.628 0.0339 -0.4146, 11.624 0.0339 -0.3774, 11.628 0.0339 -0.3774, 11.624 0.0015 -0.3774, 11.628 0.0015 -0.3774, 11.624 0.0015 -0.4122, 11.628 0.0015 -0.4122, 11.624 -0.0093 -0.4122, 11.628 -0.0093 -0.4122, 11.624 -0.0093 -0.3774, 11.628 -0.0093 -0.3774, 11.624 -0.0429 -0.3774, 11.628 -0.0429 -0.3774, 11.624 -0.0537 -0.463, 11.624 -0.0537 -0.4362, 11.628 -0.0537 -0.463, 11.628 -0.0537 -0.4362, 11.624 0.0447 -0.4362, 11.628 0.0447 -0.4362, 11.624 0.0447 -0.464, 11.628 0.0447 -0.464, 11.624 -0.0033 -0.5154, 11.628 -0.0033 -0.5154, 11.628 0.006 -0.5147, 11.624 0.006 -0.5147, 11.628 0.0157 -0.5121, 11.624 0.0157 -0.5121, 11.628 0.0242 -0.5075, 11.624 0.0242 -0.5075, 11.628 0.0319 -0.5005, 11.624 0.0319 -0.5005, 11.628 0.032 -0.5004, 11.624 0.032 -0.5004, 11.628 0.0391 -0.4897, 11.624 0.0391 -0.4897, 11.628 0.0432 -0.4782, 11.624 0.0432 -0.4782, 11.628 -0.0527 -0.4752, 11.624 -0.0527 -0.4752, 11.628 -0.0493 -0.4865, 11.624 -0.0493 -0.4865, 11.628 -0.0433 -0.4968, 11.624 -0.0433 -0.4968, 11.628 -0.0355 -0.5049, 11.624 -0.0355 -0.5049, 11.628 -0.0267 -0.5105, 11.624 -0.0267 -0.5105, 11.628 -0.0164 -0.5141, 11.624 -0.0164 -0.5141, 11.624 0.0201 -0.4957, 11.624 0.0252 -0.4909, 11.624 0.0298 -0.4837, 11.624 0.0327 -0.4756, 11.624 0.0339 -0.4639, 11.624 0.0339 -0.4494, 11.624 -0.0429 -0.4494, 11.624 -0.0429 -0.4634, 11.624 -0.0419 -0.4738, 11.624 -0.0394 -0.4821, 11.624 -0.0354 -0.4888, 11.624 -0.0299 -0.4943, 11.624 -0.0231 -0.4984, 11.624 -0.0139 -0.5013, 11.624 -0.0035 -0.5022, 11.624 0.0063 -0.5014, 11.624 0.014 -0.4991, 11.628 0.0339 -0.4639, 11.628 0.0339 -0.4494, 11.628 0.0327 -0.4756, 11.628 0.0298 -0.4837, 11.628 0.0252 -0.4909, 11.628 0.0201 -0.4957, 11.628 0.014 -0.4991, 11.628 0.0063 -0.5014, 11.628 -0.0035 -0.5022, 11.628 -0.0139 -0.5013, 11.628 -0.0231 -0.4984, 11.628 -0.0299 -0.4943, 11.628 -0.0354 -0.4888, 11.628 -0.0394 -0.4821, 11.628 -0.0419 -0.4738, 11.628 -0.0429 -0.4634, 11.628 -0.0429 -0.4494
            ]
        }
        coordIndex [
            0,1,2,-1,2,1,3,-1,1,4,3,-1,3,4,5,-1,4,6,5,-1,5,6,7,-1,6,8,7,-1,7,8,9,-1,8,10,9,-1,9,10,11,-1,10,0,11,-1,11,0,2,-1,8,6,10,-1,10,6,4,-1,10,4,0,-1,0,4,1,-1,12,13,14,-1,14,13,15,-1,15,13,16,-1,17,18,19,-1,17,19,20,-1,20,19,21,-1,20,21,16,-1,16,21,22,-1,16,22,15,-1,23,24,25,-1,23,25,26,-1,26,25,27,-1,26,27,28,-1,28,27,29,-1,28,29,30,-1,30,29,31,-1,30,31,32,-1,32,31,33,-1,32,33,34,-1,34,33,35,-1,34,35,36,-1,36,35,17,-1,17,35,37,-1,17,37,18,-1,38,39,40,-1,38,40,41,-1,41,40,42,-1,41,42,43,-1,43,42,44,-1,43,44,45,-1,45,44,46,-1,45,46,47,-1,47,46,48,-1,47,48,49,-1,49,48,50,-1,49,50,51,-1,51,50,24,-1,51,24,23,-1,52,53,54,-1,52,54,55,-1,55,54,39,-1,55,39,38,-1,52,56,53,-1,53,56,57,-1,58,59,60,-1,58,60,61,-1,61,60,57,-1,61,57,56,-1,62,63,64,-1,62,64,65,-1,65,64,66,-1,65,66,67,-1,67,66,68,-1,67,68,69,-1,69,68,70,-1,69,70,71,-1,71,70,72,-1,71,72,73,-1,73,72,74,-1,73,74,75,-1,75,74,59,-1,75,59,58,-1,76,77,78,-1,76,78,79,-1,79,78,80,-1,79,80,81,-1,81,80,82,-1,81,82,83,-1,83,82,84,-1,83,84,85,-1,85,84,86,-1,85,86,87,-1,87,86,88,-1,87,88,89,-1,89,88,63,-1,89,63,62,-1,12,14,90,-1,12,90,91,-1,91,90,92,-1,91,92,93,-1,93,92,77,-1,93,77,76,-1,79,17,76,-1,76,17,20,-1,76,20,93,-1,93,20,16,-1,93,16,91,-1,91,16,13,-1,91,13,12,-1,56,52,61,-1,61,52,55,-1,61,55,58,-1,58,55,38,-1,58,38,75,-1,75,38,41,-1,75,41,73,-1,73,41,43,-1,73,43,71,-1,71,43,45,-1,71,45,69,-1,69,45,47,-1,69,47,67,-1,67,47,49,-1,67,49,65,-1,65,49,51,-1,65,51,62,-1,62,51,23,-1,62,23,89,-1,89,23,26,-1,89,26,87,-1,87,26,28,-1,87,28,85,-1,85,28,30,-1,85,30,83,-1,83,30,32,-1,83,32,81,-1,81,32,34,-1,81,34,79,-1,79,34,36,-1,79,36,17,-1,94,95,96,-1,96,95,97,-1,95,98,97,-1,97,98,99,-1,98,100,99,-1,99,100,101,-1,100,102,101,-1,101,102,103,-1,102,104,103,-1,103,104,105,-1,104,106,105,-1,105,106,107,-1,106,108,107,-1,107,108,109,-1,108,110,109,-1,109,110,111,-1,110,112,111,-1,111,112,113,-1,112,114,113,-1,113,114,115,-1,114,116,115,-1,115,116,117,-1,116,94,117,-1,117,94,96,-1,98,95,94,-1,94,116,98,-1,98,116,114,-1,98,114,100,-1,104,102,106,-1,106,102,100,-1,106,100,108,-1,108,100,114,-1,108,114,110,-1,110,114,112,-1,118,119,120,-1,120,119,121,-1,119,122,121,-1,121,122,123,-1,122,124,123,-1,123,124,125,-1,126,127,128,-1,126,128,129,-1,129,128,130,-1,129,130,131,-1,131,130,132,-1,131,132,133,-1,133,132,134,-1,133,134,135,-1,135,134,136,-1,135,136,137,-1,137,136,138,-1,137,138,139,-1,139,138,140,-1,139,140,141,-1,141,140,125,-1,141,125,124,-1,118,120,142,-1,118,142,143,-1,143,142,144,-1,143,144,145,-1,145,144,146,-1,145,146,147,-1,147,146,148,-1,147,148,149,-1,149,148,150,-1,149,150,151,-1,151,150,152,-1,151,152,153,-1,153,152,127,-1,153,127,126,-1,131,133,154,-1,154,133,135,-1,154,135,155,-1,155,135,137,-1,155,137,156,-1,156,137,139,-1,156,139,157,-1,157,139,141,-1,157,141,158,-1,158,141,124,-1,158,124,159,-1,159,124,122,-1,159,122,160,-1,160,122,119,-1,160,119,161,-1,161,119,118,-1,161,118,162,-1,162,118,143,-1,162,143,163,-1,163,143,145,-1,163,145,164,-1,164,145,147,-1,164,147,165,-1,165,147,149,-1,165,149,166,-1,166,149,151,-1,166,151,167,-1,167,151,153,-1,167,153,168,-1,168,153,126,-1,168,126,169,-1,169,126,129,-1,169,129,170,-1,170,129,131,-1,170,131,154,-1,158,159,171,-1,171,159,172,-1,158,171,173,-1,158,173,157,-1,157,173,174,-1,157,174,156,-1,156,174,175,-1,156,175,155,-1,155,175,176,-1,155,176,154,-1,154,176,177,-1,154,177,170,-1,170,177,178,-1,170,178,169,-1,169,178,179,-1,169,179,168,-1,168,179,180,-1,168,180,167,-1,167,180,181,-1,167,181,166,-1,166,181,182,-1,166,182,165,-1,165,182,183,-1,165,183,164,-1,164,183,184,-1,164,184,163,-1,163,184,185,-1,163,185,162,-1,162,185,186,-1,162,186,161,-1,160,161,187,-1,187,161,186,-1,159,160,172,-1,172,160,187,-1,
        ]
    }
}
Shape{
    appearance Appearance {
        material  Material 	{
            diffuseColor 0.9490196078431372 0.7607843137254902 0.1803921568627451
            specularColor 0.7607843137254902 0.6078431372549019 0.1450980392156863
            ambientIntensity 0.7509
            transparency 0.0
            shininess 0.5
        }
    }
    geometry IndexedFaceSet {
        ccw TRUE
        solid FALSE
        coord DEF co Coordinate {
            point [
                11.628 0.0339 -0.4494, 11.628 -0.0429 -0.4494, 11.628 0.0339 -0.4639, 11.628 -0.0429 -0.4634, 11.628 -0.0419 -0.4738, 11.628 -0.0035 -0.5022, 11.628 0.0063 -0.5014, 11.628 0.014 -0.4991, 11.628 0.0327 -0.4756, 11.628 -0.0394 -0.4821, 11.628 -0.0354 -0.4888, 11.628 -0.0299 -0.4943, 11.628 -0.0231 -0.4984, 11.628 -0.0139 -0.5013, 11.628 0.0201 -0.4957, 11.628 0.0252 -0.4909, 11.628 0.0298 -0.4837
            ]
        }
        coordIndex [
            0,1,2,-1,2,1,3,-1,2,3,4,-1,5,6,2,-1,2,6,7,-1,2,7,8,-1,4,9,2,-1,2,9,10,-1,2,10,11,-1,11,12,2,-1,2,12,13,-1,2,13,5,-1,14,15,7,-1,7,15,16,-1,7,16,8,-1,
        ]
    }
}
Shape{
    appearance Appearance {
        material  Material 	{
            diffuseColor 0.0 0.0 0.0
            specularColor 0.0 0.0 0.0
            ambientIntensity 0.0
            transparency 0.0
            shininess 0.5
        }
    }
    geometry IndexedFaceSet {
        ccw TRUE
        solid FALSE
        coord DEF co Coordinate {
            point [
                11.624 0.0447 -0.573, 11.624 -0.0537 -0.6115, 11.628 0.0447 -0.573, 11.628 -0.0537 -0.6115, 11.624 -0.0537 -0.5971, 11.628 -0.0537 -0.5971, 11.624 -0.0261 -0.5871, 11.628 -0.0261 -0.5871, 11.624 -0.0261 -0.5464, 11.628 -0.0261 -0.5464, 11.624 -0.0537 -0.537, 11.628 -0.0537 -0.537, 11.624 -0.0537 -0.5226, 11.628 -0.0537 -0.5226, 11.624 0.0447 -0.5598, 11.628 0.0447 -0.5598, 11.624 -0.0153 -0.5498, 11.624 -0.0153 -0.5827, 11.624 0.0258 -0.5644, 11.624 0.0292 -0.5654, 11.624 0.0327 -0.566, 11.624 0.0327 -0.5663, 11.624 0.0292 -0.567, 11.624 0.0258 -0.5679, 11.628 -0.0153 -0.5498, 11.628 -0.0153 -0.5827, 11.628 0.0258 -0.5644, 11.628 0.0292 -0.5654, 11.628 0.0327 -0.566, 11.628 0.0327 -0.5663, 11.628 0.0292 -0.567, 11.628 0.0258 -0.5679
            ]
        }
        coordIndex [
            0,1,2,-1,2,1,3,-1,1,4,3,-1,3,4,5,-1,4,6,5,-1,5,6,7,-1,6,8,7,-1,7,8,9,-1,8,10,9,-1,9,10,11,-1,10,12,11,-1,11,12,13,-1,12,14,13,-1,13,14,15,-1,14,0,15,-1,15,0,2,-1,16,8,17,-1,17,8,6,-1,18,14,16,-1,16,14,12,-1,16,12,8,-1,8,12,10,-1,18,19,14,-1,14,19,20,-1,14,20,0,-1,0,20,21,-1,0,21,22,-1,22,23,0,-1,0,23,17,-1,0,17,1,-1,1,17,6,-1,1,6,4,-1,16,17,24,-1,24,17,25,-1,18,16,26,-1,26,16,24,-1,18,26,27,-1,18,27,19,-1,19,27,28,-1,19,28,20,-1,21,20,29,-1,29,20,28,-1,21,29,30,-1,21,30,22,-1,22,30,31,-1,22,31,23,-1,17,23,25,-1,25,23,31,-1,
        ]
    }
}
Shape{
    appearance Appearance {
        material  Material 	{
            diffuseColor 0.9490196078431372 0.7607843137254902 0.1803921568627451
            specularColor 0.7607843137254902 0.6078431372549019 0.1450980392156863
            ambientIntensity 0.7509
            transparency 0.0
            shininess 0.5
        }
    }
    geometry IndexedFaceSet {
        ccw TRUE
        solid FALSE
        coord DEF co Coordinate {
            point [
                11.628 -0.0153 -0.5498, 11.628 -0.0153 -0.5827, 11.628 0.0258 -0.5644, 11.628 0.0258 -0.5679, 11.628 0.0292 -0.5654, 11.628 0.0292 -0.567, 11.628 0.0327 -0.566, 11.628 0.0327 -0.5663, 10.628 0.0351 -0.3219, 10.628 0.034 -0.3122, 10.628 -0.0388 -0.3432, 10.628 -0.0378 -0.345, 10.628 -0.0486 -0.345, 10.628 -0.0543 -0.3546, 10.628 -0.0537 -0.213, 10.628 -0.0543 -0.3121, 10.628 -0.0537 -0.2634, 10.628 -0.0537 -0.3058, 10.628 -0.0504 -0.2962, 10.628 0.0336 -0.3339, 10.628 0.0288 -0.345, 10.628 0.0787 -0.3546, 10.628 0.042 -0.345, 10.628 0.0314 -0.3049, 10.628 0.0268 -0.2981, 10.628 0.0202 -0.2921, 10.628 -0.0056 -0.285, 10.628 -0.0162 -0.286, 10.628 -0.0247 -0.2886, 10.628 -0.0431 -0.3105, 10.628 -0.0441 -0.3197, 10.628 -0.0404 -0.3034, 10.628 -0.0364 -0.2973, 10.628 -0.0315 -0.2927, 10.628 -0.0427 -0.3328, 10.628 0.0188 -0.277, 10.628 0.028 -0.2827, 10.628 0.0447 -0.2262, 10.628 0.0365 -0.2916, 10.628 0.0126 -0.2881, 10.628 0.0021 -0.2854, 10.628 -0.0453 -0.2883, 10.628 -0.0375 -0.2809, 10.628 -0.0429 -0.2634, 10.628 -0.0282 -0.2757, 10.628 -0.0429 -0.2262, 10.628 0.0419 -0.301, 10.628 0.0451 -0.3119, 10.628 -0.0178 -0.2727, 10.628 -0.0064 -0.2718, 10.628 0.0076 -0.2732, 10.628 0.0459 -0.3218, 10.628 0.0451 -0.3336, 10.628 -0.0529 -0.3345, 10.628 -0.0543 -0.3246, 10.628 -0.0787 -0.3546, 10.628 -0.0549 -0.3206, 10.628 -0.0549 -0.3179, 10.628 0.0447 -0.213, 10.628 0.0787 0.0472, 10.628 -0.0543 0.0472, 10.628 -0.0787 0.0472, 10.628 0.0447 -0.4146, 10.628 0.0787 -0.8171, 10.628 0.0447 -0.3642, 10.628 -0.0537 -0.5226, 10.628 -0.0267 -0.5105, 10.628 -0.0355 -0.5049, 10.628 0.0339 -0.3774, 10.628 0.0015 -0.3774, 10.628 0.0339 -0.4146, 10.628 0.0015 -0.4122, 10.628 -0.0093 -0.4122, 10.628 -0.0537 -0.4362, 10.628 0.0447 -0.4362, 10.628 -0.0433 -0.4968, 10.628 -0.0493 -0.4865, 10.628 -0.0527 -0.4752, 10.628 0.0432 -0.4782, 10.628 0.0391 -0.4897, 10.628 0.0447 -0.5598, 10.628 0.032 -0.5004, 10.628 -0.0537 -0.6115, 10.628 -0.0543 -0.8171, 10.628 0.0447 -0.573, 10.628 0.0319 -0.5005, 10.628 0.0242 -0.5075, 10.628 0.0157 -0.5121, 10.628 0.0447 -0.464, 10.628 0.006 -0.5147, 10.628 -0.0033 -0.5154, 10.628 -0.0164 -0.5141, 10.628 -0.0537 -0.463, 10.628 -0.0093 -0.3774, 10.628 -0.0429 -0.3774, 10.628 -0.0429 -0.417, 10.628 -0.0537 -0.417, 10.628 -0.0537 -0.3642, 10.628 -0.0261 -0.5871, 10.628 -0.0261 -0.5464, 10.628 -0.0537 -0.5971, 10.628 -0.0537 -0.537, 10.628 -0.0787 -0.8171, 10.7835 -0.0787 0.1969, 10.7835 0.0787 0.1969, 10.8168 0.0787 0.2006, 10.8168 -0.0787 0.2006, 10.8484 0.0787 0.2117, 10.8484 -0.0787 0.2117, 10.8767 0.0787 0.2295, 10.8767 -0.0787 0.2295, 10.9004 0.0787 0.2532, 10.9004 -0.0787 0.2532, 10.9183 0.0787 0.2815, 10.9183 -0.0787 0.2815, 10.9293 0.0787 0.3132, 10.9293 -0.0787 0.3132, 10.9331 0.0787 0.3465, 10.9331 -0.0787 0.3465, 10.9331 0.0787 2.3032, 10.9331 -0.0787 2.3032, 10.9311 0.0787 2.3184, 10.9311 -0.0787 2.3184, 10.9252 0.0787 2.3327, 10.9252 -0.0787 2.3327, 10.9158 0.0787 2.3449, 10.9158 -0.0787 2.3449, 10.9035 0.0787 2.3543, 10.9035 -0.0787 2.3543, 10.8893 0.0787 2.3602, 10.8893 -0.0787 2.3602, 10.874 0.0787 2.3622, 10.874 -0.0787 2.3622, 10.7953 0.0787 2.3622, 10.7953 -0.0787 2.3622, 10.78 0.0787 2.3602, 10.78 -0.0787 2.3602, 10.7657 0.0787 2.3543, 10.7657 -0.0787 2.3543, 10.7535 0.0787 2.3449, 10.7535 -0.0787 2.3449, 10.7441 0.0787 2.3327, 10.7441 -0.0787 2.3327, 10.7382 0.0787 2.3184, 10.7382 -0.0787 2.3184, 10.7362 0.0787 2.3032, 10.7362 -0.0787 2.3032, 10.7362 0.0787 0.709, 10.7362 -0.0787 0.709, 10.7326 -0.0787 0.6752, 10.7326 0.0787 0.6752, 10.7217 -0.0787 0.643, 10.7217 0.0787 0.643, 10.7042 -0.0787 0.6138, 10.7042 0.0787 0.6138, 10.6809 -0.0787 0.5891, 10.6809 0.0787 0.5891, 10.6264 -0.0787 0.5528, 10.6264 0.0787 0.5528, 10.565 -0.0787 0.5302, 10.565 0.0787 0.5302, 10.5 -0.0787 0.5225, 10.5 0.0787 0.5225, 10.435 -0.0787 0.5302, 10.435 0.0787 0.5302, 10.3736 -0.0787 0.5528, 10.3736 0.0787 0.5528, 10.3191 -0.0787 0.5891, 10.3191 0.0787 0.5891, 10.2958 -0.0787 0.6138, 10.2958 0.0787 0.6138, 10.2783 -0.0787 0.643, 10.2783 0.0787 0.643, 10.2674 -0.0787 0.6752, 10.2674 0.0787 0.6752, 10.2638 -0.0787 0.709, 10.2638 0.0787 0.709, 10.2638 0.0787 2.3032, 10.2638 -0.0787 2.3032, 10.2618 0.0787 2.3184, 10.2618 -0.0787 2.3184, 10.2559 0.0787 2.3327, 10.2559 -0.0787 2.3327, 10.2465 0.0787 2.3449, 10.2465 -0.0787 2.3449, 10.2343 0.0787 2.3543, 10.2343 -0.0787 2.3543, 10.22 0.0787 2.3602, 10.22 -0.0787 2.3602, 10.2047 0.0787 2.3622, 10.2047 -0.0787 2.3622, 10.126 0.0787 2.3622, 10.126 -0.0787 2.3622, 10.1107 0.0787 2.3602, 10.1107 -0.0787 2.3602, 10.0965 0.0787 2.3543, 10.0965 -0.0787 2.3543, 10.0842 0.0787 2.3449, 10.0842 -0.0787 2.3449, 10.0748 0.0787 2.3327, 10.0748 -0.0787 2.3327, 10.0689 0.0787 2.3184, 10.0689 -0.0787 2.3184, 10.0669 0.0787 2.3032, 10.0669 -0.0787 2.3032, 10.0669 0.0787 0.3465, 10.0669 -0.0787 0.3465, 10.0707 0.0787 0.3132, 10.0707 -0.0787 0.3132, 10.0817 0.0787 0.2815, 10.0817 -0.0787 0.2815, 10.0996 0.0787 0.2532, 10.0996 -0.0787 0.2532, 10.1233 0.0787 0.2295, 10.1233 -0.0787 0.2295, 10.1516 0.0787 0.2117, 10.1516 -0.0787 0.2117, 10.1832 0.0787 0.2006, 10.1832 -0.0787 0.2006, 10.2165 0.0787 0.1969, 10.2165 -0.0787 0.1969, 10.2224 0.0787 0.1969, 10.2224 -0.0787 0.1969, 10.2557 -0.0787 0.1931, 10.2557 0.0787 0.1931, 10.2874 -0.0787 0.182, 10.2874 0.0787 0.182, 10.3157 -0.0787 0.1642, 10.3157 0.0787 0.1642, 10.3394 -0.0787 0.1405, 10.3394 0.0787 0.1405, 10.3572 -0.0787 0.1122, 10.3572 0.0787 0.1122, 10.3683 -0.0787 0.0805, 10.3683 0.0787 0.0805, 10.372 -0.0787 0.0472, 10.372 0.0787 0.0472, 10.372 0.0787 -0.8171, 10.372 -0.0787 -0.8171, 10.3781 0.0787 -0.9148, 10.3781 -0.0787 -0.9148, 10.4071 0.0787 -1.1466, 10.4071 -0.0787 -1.1466, 10.4094 0.0787 -1.1558, 10.4094 -0.0787 -1.1558, 10.4138 0.0787 -1.1642, 10.4138 -0.0787 -1.1642, 10.4201 0.0787 -1.1712, 10.4201 -0.0787 -1.1712, 10.4279 0.0787 -1.1766, 10.4279 -0.0787 -1.1766, 10.4368 0.0787 -1.18, 10.4368 -0.0787 -1.18, 10.4462 0.0787 -1.1811, 10.4462 -0.0787 -1.1811, 10.5538 0.0787 -1.1811, 10.5538 -0.0787 -1.1811, 10.5632 0.0787 -1.18, 10.5632 -0.0787 -1.18, 10.5721 0.0787 -1.1766, 10.5721 -0.0787 -1.1766, 10.5799 0.0787 -1.1712, 10.5799 -0.0787 -1.1712, 10.5862 0.0787 -1.1642, 10.5862 -0.0787 -1.1642, 10.5906 0.0787 -1.1558, 10.5906 -0.0787 -1.1558, 10.5929 0.0787 -1.1466, 10.5929 -0.0787 -1.1466, 10.6219 0.0787 -0.9148, 10.6219 -0.0787 -0.9148, 10.6317 0.0787 0.0805, 10.6317 -0.0787 0.0805, 10.6428 -0.0787 0.1122, 10.6428 0.0787 0.1122, 10.6606 -0.0787 0.1405, 10.6606 0.0787 0.1405, 10.6843 -0.0787 0.1642, 10.6843 0.0787 0.1642, 10.7126 -0.0787 0.182, 10.7126 0.0787 0.182, 10.7443 -0.0787 0.1931, 10.7443 0.0787 0.1931, 10.7776 -0.0787 0.1969, 10.7776 0.0787 0.1969
            ]
        }
        coordIndex [
            0,1,2,-1,2,1,3,-1,2,3,4,-1,4,3,5,-1,4,5,6,-1,6,5,7,-1,8,9,10,-1,11,12,13,-1,14,15,16,-1,16,15,17,-1,16,17,18,-1,8,10,19,-1,19,10,11,-1,19,11,20,-1,20,11,21,-1,20,21,22,-1,9,23,10,-1,10,23,24,-1,10,24,25,-1,26,27,10,-1,10,27,28,-1,29,30,31,-1,31,30,32,-1,28,33,10,-1,10,33,32,-1,10,32,34,-1,34,32,30,-1,35,36,37,-1,37,36,38,-1,25,39,10,-1,10,39,40,-1,10,40,26,-1,18,41,16,-1,16,41,42,-1,16,42,43,-1,43,42,44,-1,43,44,45,-1,46,47,21,-1,44,48,45,-1,45,48,49,-1,45,49,37,-1,37,49,50,-1,37,50,35,-1,47,51,21,-1,21,51,52,-1,21,52,22,-1,12,53,13,-1,13,53,54,-1,13,54,55,-1,54,56,55,-1,55,56,57,-1,55,57,15,-1,38,46,37,-1,37,46,21,-1,37,21,58,-1,58,21,59,-1,58,59,14,-1,14,59,60,-1,14,60,15,-1,15,60,61,-1,15,61,55,-1,62,63,21,-1,11,13,21,-1,21,13,64,-1,21,64,62,-1,65,66,67,-1,68,69,70,-1,70,69,71,-1,72,73,71,-1,71,73,74,-1,71,74,70,-1,67,75,65,-1,65,75,76,-1,65,76,77,-1,78,79,80,-1,80,79,81,-1,82,83,84,-1,84,83,63,-1,84,63,80,-1,81,85,80,-1,80,85,86,-1,80,86,87,-1,78,80,88,-1,88,80,63,-1,88,63,74,-1,74,63,62,-1,74,62,70,-1,87,89,80,-1,80,89,90,-1,80,90,65,-1,65,90,91,-1,65,91,66,-1,13,92,73,-1,93,94,72,-1,72,94,95,-1,72,95,73,-1,73,95,96,-1,73,96,13,-1,13,96,97,-1,13,97,64,-1,98,99,100,-1,100,99,101,-1,100,101,13,-1,13,101,65,-1,13,65,92,-1,92,65,77,-1,82,100,83,-1,83,100,13,-1,83,13,102,-1,102,13,55,-1,103,104,105,-1,103,105,106,-1,106,105,107,-1,106,107,108,-1,108,107,109,-1,108,109,110,-1,110,109,111,-1,110,111,112,-1,112,111,113,-1,112,113,114,-1,114,113,115,-1,114,115,116,-1,116,115,117,-1,116,117,118,-1,119,120,117,-1,117,120,118,-1,120,119,121,-1,120,121,122,-1,122,121,123,-1,122,123,124,-1,124,123,125,-1,124,125,126,-1,126,125,127,-1,126,127,128,-1,128,127,129,-1,128,129,130,-1,130,129,131,-1,130,131,132,-1,133,134,131,-1,131,134,132,-1,134,133,135,-1,134,135,136,-1,136,135,137,-1,136,137,138,-1,138,137,139,-1,138,139,140,-1,140,139,141,-1,140,141,142,-1,142,141,143,-1,142,143,144,-1,144,143,145,-1,144,145,146,-1,147,148,145,-1,145,148,146,-1,148,147,149,-1,149,147,150,-1,149,150,151,-1,151,150,152,-1,151,152,153,-1,153,152,154,-1,153,154,155,-1,155,154,156,-1,155,156,157,-1,157,156,158,-1,157,158,159,-1,159,158,160,-1,159,160,161,-1,161,160,162,-1,161,162,163,-1,163,162,164,-1,163,164,165,-1,165,164,166,-1,165,166,167,-1,167,166,168,-1,167,168,169,-1,169,168,170,-1,169,170,171,-1,171,170,172,-1,171,172,173,-1,173,172,174,-1,173,174,175,-1,175,174,176,-1,177,178,176,-1,176,178,175,-1,178,177,179,-1,178,179,180,-1,180,179,181,-1,180,181,182,-1,182,181,183,-1,182,183,184,-1,184,183,185,-1,184,185,186,-1,186,185,187,-1,186,187,188,-1,188,187,189,-1,188,189,190,-1,191,192,189,-1,189,192,190,-1,192,191,193,-1,192,193,194,-1,194,193,195,-1,194,195,196,-1,196,195,197,-1,196,197,198,-1,198,197,199,-1,198,199,200,-1,200,199,201,-1,200,201,202,-1,202,201,203,-1,202,203,204,-1,205,206,203,-1,203,206,204,-1,206,205,207,-1,206,207,208,-1,208,207,209,-1,208,209,210,-1,210,209,211,-1,210,211,212,-1,212,211,213,-1,212,213,214,-1,214,213,215,-1,214,215,216,-1,216,215,217,-1,216,217,218,-1,218,217,219,-1,218,219,220,-1,221,222,219,-1,219,222,220,-1,222,221,223,-1,223,221,224,-1,223,224,225,-1,225,224,226,-1,225,226,227,-1,227,226,228,-1,227,228,229,-1,229,228,230,-1,229,230,231,-1,231,230,232,-1,231,232,233,-1,233,232,234,-1,233,234,235,-1,235,234,236,-1,237,238,236,-1,236,238,235,-1,237,239,238,-1,238,239,240,-1,241,242,239,-1,239,242,240,-1,242,241,243,-1,242,243,244,-1,244,243,245,-1,244,245,246,-1,246,245,247,-1,246,247,248,-1,248,247,249,-1,248,249,250,-1,250,249,251,-1,250,251,252,-1,252,251,253,-1,252,253,254,-1,255,256,253,-1,253,256,254,-1,256,255,257,-1,256,257,258,-1,258,257,259,-1,258,259,260,-1,260,259,261,-1,260,261,262,-1,262,261,263,-1,262,263,264,-1,264,263,265,-1,264,265,266,-1,266,265,267,-1,266,267,268,-1,269,270,267,-1,267,270,268,-1,102,270,83,-1,83,270,269,-1,83,269,63,-1,60,59,271,-1,61,60,272,-1,272,60,271,-1,272,271,273,-1,273,271,274,-1,273,274,275,-1,275,274,276,-1,275,276,277,-1,277,276,278,-1,277,278,279,-1,279,278,280,-1,279,280,281,-1,281,280,282,-1,281,282,283,-1,283,282,284,-1,104,103,284,-1,284,103,283,-1,108,110,157,-1,275,277,159,-1,159,277,279,-1,159,279,157,-1,157,279,281,-1,157,281,283,-1,283,103,157,-1,157,103,106,-1,157,106,108,-1,275,159,273,-1,273,159,161,-1,273,161,272,-1,148,149,118,-1,231,161,229,-1,229,161,163,-1,229,163,227,-1,149,151,118,-1,118,151,153,-1,118,153,116,-1,116,153,155,-1,116,155,114,-1,114,155,157,-1,114,157,112,-1,112,157,110,-1,270,102,256,-1,256,102,55,-1,256,55,161,-1,161,55,61,-1,161,61,272,-1,220,222,165,-1,165,222,223,-1,165,223,163,-1,163,223,225,-1,163,225,227,-1,167,208,210,-1,167,210,165,-1,165,210,212,-1,165,212,214,-1,144,146,134,-1,238,256,235,-1,235,256,161,-1,235,161,233,-1,233,161,231,-1,238,240,256,-1,256,240,242,-1,256,242,254,-1,254,242,252,-1,214,216,165,-1,165,216,218,-1,165,218,220,-1,208,167,206,-1,206,167,169,-1,206,169,171,-1,134,146,132,-1,264,266,256,-1,256,266,268,-1,256,268,270,-1,244,246,248,-1,134,136,138,-1,244,248,242,-1,242,248,250,-1,242,250,252,-1,180,182,190,-1,202,204,192,-1,192,204,206,-1,192,206,190,-1,148,118,146,-1,146,118,120,-1,146,120,132,-1,132,120,122,-1,132,122,124,-1,138,140,134,-1,134,140,142,-1,134,142,144,-1,264,256,262,-1,262,256,258,-1,262,258,260,-1,171,173,206,-1,206,173,175,-1,206,175,190,-1,190,175,178,-1,190,178,180,-1,126,128,124,-1,124,128,130,-1,124,130,132,-1,182,184,190,-1,190,184,186,-1,190,186,188,-1,192,194,196,-1,196,198,192,-1,192,198,200,-1,192,200,202,-1,111,109,158,-1,228,226,164,-1,274,162,276,-1,276,162,160,-1,276,160,278,-1,104,284,158,-1,158,284,282,-1,158,282,160,-1,160,282,280,-1,160,280,278,-1,109,107,158,-1,158,107,105,-1,158,105,104,-1,164,226,166,-1,226,224,166,-1,166,224,221,-1,166,221,219,-1,162,232,164,-1,164,232,230,-1,164,230,228,-1,111,158,113,-1,113,158,156,-1,113,156,115,-1,115,156,117,-1,117,156,154,-1,117,154,152,-1,219,217,166,-1,166,217,215,-1,166,215,213,-1,174,172,205,-1,205,172,170,-1,205,170,207,-1,207,170,168,-1,207,168,209,-1,209,168,166,-1,209,166,211,-1,211,166,213,-1,239,237,255,-1,255,237,236,-1,255,236,162,-1,162,236,234,-1,162,234,232,-1,274,271,162,-1,162,271,59,-1,162,59,21,-1,152,150,117,-1,117,150,147,-1,117,147,119,-1,119,147,145,-1,203,177,205,-1,205,177,176,-1,205,176,174,-1,141,133,143,-1,143,133,145,-1,145,133,119,-1,119,133,131,-1,119,131,121,-1,127,125,123,-1,199,191,201,-1,201,191,203,-1,203,191,177,-1,177,191,189,-1,177,189,179,-1,239,255,241,-1,241,255,253,-1,241,253,251,-1,21,63,162,-1,162,63,269,-1,162,269,255,-1,255,269,267,-1,255,267,265,-1,141,139,133,-1,133,139,137,-1,133,137,135,-1,199,197,191,-1,191,197,195,-1,191,195,193,-1,189,187,185,-1,245,243,247,-1,247,243,241,-1,247,241,249,-1,249,241,251,-1,265,263,255,-1,255,263,261,-1,255,261,257,-1,257,261,259,-1,121,131,123,-1,123,131,129,-1,123,129,127,-1,185,183,189,-1,189,183,181,-1,189,181,179,-1,
        ]
    }
}
Shape{
    appearance Appearance {
        material  Material 	{
            diffuseColor 0.0 0.0 0.0
            specularColor 0.0 0.0 0.0
            ambientIntensity 0.0
            transparency 0.0
            shininess 0.5
        }
    }
    geometry IndexedFaceSet {
        ccw TRUE
        solid FALSE
        coord DEF co Coordinate {
            point [
                10.624 -0.0429 -0.2634, 10.624 -0.0537 -0.2634, 10.628 -0.0429 -0.2634, 10.628 -0.0537 -0.2634, 10.624 -0.0537 -0.213, 10.628 -0.0537 -0.213, 10.624 0.0447 -0.213, 10.628 0.0447 -0.213, 10.624 0.0447 -0.2262, 10.628 0.0447 -0.2262, 10.624 -0.0429 -0.2262, 10.628 -0.0429 -0.2262, 10.624 -0.0378 -0.345, 10.624 -0.0486 -0.345, 10.628 -0.0378 -0.345, 10.628 -0.0486 -0.345, 10.624 -0.0529 -0.3345, 10.624 -0.0549 -0.3179, 10.628 -0.0549 -0.3179, 10.628 -0.0549 -0.3206, 10.624 -0.0549 -0.3206, 10.628 -0.0543 -0.3246, 10.628 -0.0529 -0.3345, 10.624 -0.0064 -0.2718, 10.628 -0.0064 -0.2718, 10.628 -0.0178 -0.2727, 10.624 -0.0178 -0.2727, 10.628 -0.0282 -0.2757, 10.624 -0.0282 -0.2757, 10.628 -0.0375 -0.2809, 10.624 -0.0375 -0.2809, 10.628 -0.0453 -0.2883, 10.624 -0.0453 -0.2883, 10.628 -0.0504 -0.2962, 10.624 -0.0504 -0.2962, 10.628 -0.0537 -0.3058, 10.624 -0.0537 -0.3058, 10.628 -0.0543 -0.3121, 10.624 0.0459 -0.3218, 10.628 0.0459 -0.3218, 10.628 0.0451 -0.3119, 10.624 0.0451 -0.3119, 10.628 0.0419 -0.301, 10.624 0.0419 -0.301, 10.628 0.0365 -0.2916, 10.624 0.0365 -0.2916, 10.628 0.028 -0.2827, 10.624 0.028 -0.2827, 10.628 0.0188 -0.277, 10.624 0.0188 -0.277, 10.628 0.0076 -0.2732, 10.624 0.0076 -0.2732, 10.624 0.042 -0.345, 10.628 0.042 -0.345, 10.628 0.0451 -0.3336, 10.624 0.0451 -0.3336, 10.624 0.0288 -0.345, 10.628 0.0288 -0.345, 10.624 0.0351 -0.3219, 10.628 0.0351 -0.3219, 10.628 0.0336 -0.3339, 10.624 0.0336 -0.3339, 10.624 -0.0056 -0.285, 10.628 -0.0056 -0.285, 10.628 0.0021 -0.2854, 10.624 0.0021 -0.2854, 10.628 0.0126 -0.2881, 10.624 0.0126 -0.2881, 10.628 0.0202 -0.2921, 10.624 0.0202 -0.2921, 10.628 0.0268 -0.2981, 10.624 0.0268 -0.2981, 10.628 0.0314 -0.3049, 10.624 0.0314 -0.3049, 10.628 0.034 -0.3122, 10.624 0.034 -0.3122, 10.624 -0.0441 -0.3197, 10.628 -0.0441 -0.3197, 10.628 -0.0431 -0.3105, 10.624 -0.0431 -0.3105, 10.628 -0.0404 -0.3034, 10.624 -0.0404 -0.3034, 10.628 -0.0364 -0.2973, 10.624 -0.0364 -0.2973, 10.628 -0.0315 -0.2927, 10.624 -0.0315 -0.2927, 10.628 -0.0247 -0.2886, 10.624 -0.0247 -0.2886, 10.628 -0.0162 -0.286, 10.624 -0.0162 -0.286, 10.628 -0.0388 -0.3432, 10.624 -0.0388 -0.3432, 10.628 -0.0427 -0.3328, 10.624 -0.0427 -0.3328, 10.624 -0.0429 -0.417, 10.624 -0.0537 -0.417, 10.628 -0.0429 -0.417, 10.628 -0.0537 -0.417, 10.624 -0.0537 -0.3642, 10.628 -0.0537 -0.3642, 10.624 0.0447 -0.3642, 10.628 0.0447 -0.3642, 10.624 0.0447 -0.4146, 10.628 0.0447 -0.4146, 10.624 0.0339 -0.4146, 10.628 0.0339 -0.4146, 10.624 0.0339 -0.3774, 10.628 0.0339 -0.3774, 10.624 0.0015 -0.3774, 10.628 0.0015 -0.3774, 10.624 0.0015 -0.4122, 10.628 0.0015 -0.4122, 10.624 -0.0093 -0.4122, 10.628 -0.0093 -0.4122, 10.624 -0.0093 -0.3774, 10.628 -0.0093 -0.3774, 10.624 -0.0429 -0.3774, 10.628 -0.0429 -0.3774, 10.624 -0.0537 -0.463, 10.624 -0.0537 -0.4362, 10.628 -0.0537 -0.463, 10.628 -0.0537 -0.4362, 10.624 0.0447 -0.4362, 10.628 0.0447 -0.4362, 10.624 0.0447 -0.464, 10.628 0.0447 -0.464, 10.624 -0.0033 -0.5154, 10.628 -0.0033 -0.5154, 10.628 0.006 -0.5147, 10.624 0.006 -0.5147, 10.628 0.0157 -0.5121, 10.624 0.0157 -0.5121, 10.628 0.0242 -0.5075, 10.624 0.0242 -0.5075, 10.628 0.0319 -0.5005, 10.624 0.0319 -0.5005, 10.628 0.032 -0.5004, 10.624 0.032 -0.5004, 10.628 0.0391 -0.4897, 10.624 0.0391 -0.4897, 10.628 0.0432 -0.4782, 10.624 0.0432 -0.4782, 10.628 -0.0527 -0.4752, 10.624 -0.0527 -0.4752, 10.628 -0.0493 -0.4865, 10.624 -0.0493 -0.4865, 10.628 -0.0433 -0.4968, 10.624 -0.0433 -0.4968, 10.628 -0.0355 -0.5049, 10.624 -0.0355 -0.5049, 10.628 -0.0267 -0.5105, 10.624 -0.0267 -0.5105, 10.628 -0.0164 -0.5141, 10.624 -0.0164 -0.5141, 10.624 0.0201 -0.4957, 10.624 0.0252 -0.4909, 10.624 0.0298 -0.4837, 10.624 0.0327 -0.4756, 10.624 0.0339 -0.4639, 10.624 0.0339 -0.4494, 10.624 -0.0429 -0.4494, 10.624 -0.0429 -0.4634, 10.624 -0.0419 -0.4738, 10.624 -0.0394 -0.4821, 10.624 -0.0354 -0.4888, 10.624 -0.0299 -0.4943, 10.624 -0.0231 -0.4984, 10.624 -0.0139 -0.5013, 10.624 -0.0035 -0.5022, 10.624 0.0063 -0.5014, 10.624 0.014 -0.4991, 10.628 0.0339 -0.4639, 10.628 0.0339 -0.4494, 10.628 0.0327 -0.4756, 10.628 0.0298 -0.4837, 10.628 0.0252 -0.4909, 10.628 0.0201 -0.4957, 10.628 0.014 -0.4991, 10.628 0.0063 -0.5014, 10.628 -0.0035 -0.5022, 10.628 -0.0139 -0.5013, 10.628 -0.0231 -0.4984, 10.628 -0.0299 -0.4943, 10.628 -0.0354 -0.4888, 10.628 -0.0394 -0.4821, 10.628 -0.0419 -0.4738, 10.628 -0.0429 -0.4634, 10.628 -0.0429 -0.4494
            ]
        }
        coordIndex [
            0,1,2,-1,2,1,3,-1,1,4,3,-1,3,4,5,-1,4,6,5,-1,5,6,7,-1,6,8,7,-1,7,8,9,-1,8,10,9,-1,9,10,11,-1,10,0,11,-1,11,0,2,-1,8,6,10,-1,10,6,4,-1,10,4,0,-1,0,4,1,-1,12,13,14,-1,14,13,15,-1,15,13,16,-1,17,18,19,-1,17,19,20,-1,20,19,21,-1,20,21,16,-1,16,21,22,-1,16,22,15,-1,23,24,25,-1,23,25,26,-1,26,25,27,-1,26,27,28,-1,28,27,29,-1,28,29,30,-1,30,29,31,-1,30,31,32,-1,32,31,33,-1,32,33,34,-1,34,33,35,-1,34,35,36,-1,36,35,17,-1,17,35,37,-1,17,37,18,-1,38,39,40,-1,38,40,41,-1,41,40,42,-1,41,42,43,-1,43,42,44,-1,43,44,45,-1,45,44,46,-1,45,46,47,-1,47,46,48,-1,47,48,49,-1,49,48,50,-1,49,50,51,-1,51,50,24,-1,51,24,23,-1,52,53,54,-1,52,54,55,-1,55,54,39,-1,55,39,38,-1,52,56,53,-1,53,56,57,-1,58,59,60,-1,58,60,61,-1,61,60,57,-1,61,57,56,-1,62,63,64,-1,62,64,65,-1,65,64,66,-1,65,66,67,-1,67,66,68,-1,67,68,69,-1,69,68,70,-1,69,70,71,-1,71,70,72,-1,71,72,73,-1,73,72,74,-1,73,74,75,-1,75,74,59,-1,75,59,58,-1,76,77,78,-1,76,78,79,-1,79,78,80,-1,79,80,81,-1,81,80,82,-1,81,82,83,-1,83,82,84,-1,83,84,85,-1,85,84,86,-1,85,86,87,-1,87,86,88,-1,87,88,89,-1,89,88,63,-1,89,63,62,-1,12,14,90,-1,12,90,91,-1,91,90,92,-1,91,92,93,-1,93,92,77,-1,93,77,76,-1,79,17,76,-1,76,17,20,-1,76,20,93,-1,93,20,16,-1,93,16,91,-1,91,16,13,-1,91,13,12,-1,56,52,61,-1,61,52,55,-1,61,55,58,-1,58,55,38,-1,58,38,75,-1,75,38,41,-1,75,41,73,-1,73,41,43,-1,73,43,71,-1,71,43,45,-1,71,45,69,-1,69,45,47,-1,69,47,67,-1,67,47,49,-1,67,49,65,-1,65,49,51,-1,65,51,62,-1,62,51,23,-1,62,23,89,-1,89,23,26,-1,89,26,87,-1,87,26,28,-1,87,28,85,-1,85,28,30,-1,85,30,83,-1,83,30,32,-1,83,32,81,-1,81,32,34,-1,81,34,79,-1,79,34,36,-1,79,36,17,-1,94,95,96,-1,96,95,97,-1,95,98,97,-1,97,98,99,-1,98,100,99,-1,99,100,101,-1,100,102,101,-1,101,102,103,-1,102,104,103,-1,103,104,105,-1,104,106,105,-1,105,106,107,-1,106,108,107,-1,107,108,109,-1,108,110,109,-1,109,110,111,-1,110,112,111,-1,111,112,113,-1,112,114,113,-1,113,114,115,-1,114,116,115,-1,115,116,117,-1,116,94,117,-1,117,94,96,-1,98,95,94,-1,94,116,98,-1,98,116,114,-1,98,114,100,-1,104,102,106,-1,106,102,100,-1,106,100,108,-1,108,100,114,-1,108,114,110,-1,110,114,112,-1,118,119,120,-1,120,119,121,-1,119,122,121,-1,121,122,123,-1,122,124,123,-1,123,124,125,-1,126,127,128,-1,126,128,129,-1,129,128,130,-1,129,130,131,-1,131,130,132,-1,131,132,133,-1,133,132,134,-1,133,134,135,-1,135,134,136,-1,135,136,137,-1,137,136,138,-1,137,138,139,-1,139,138,140,-1,139,140,141,-1,141,140,125,-1,141,125,124,-1,118,120,142,-1,118,142,143,-1,143,142,144,-1,143,144,145,-1,145,144,146,-1,145,146,147,-1,147,146,148,-1,147,148,149,-1,149,148,150,-1,149,150,151,-1,151,150,152,-1,151,152,153,-1,153,152,127,-1,153,127,126,-1,131,133,154,-1,154,133,135,-1,154,135,155,-1,155,135,137,-1,155,137,156,-1,156,137,139,-1,156,139,157,-1,157,139,141,-1,157,141,158,-1,158,141,124,-1,158,124,159,-1,159,124,122,-1,159,122,160,-1,160,122,119,-1,160,119,161,-1,161,119,118,-1,161,118,162,-1,162,118,143,-1,162,143,163,-1,163,143,145,-1,163,145,164,-1,164,145,147,-1,164,147,165,-1,165,147,149,-1,165,149,166,-1,166,149,151,-1,166,151,167,-1,167,151,153,-1,167,153,168,-1,168,153,126,-1,168,126,169,-1,169,126,129,-1,169,129,170,-1,170,129,131,-1,170,131,154,-1,158,159,171,-1,171,159,172,-1,158,171,173,-1,158,173,157,-1,157,173,174,-1,157,174,156,-1,156,174,175,-1,156,175,155,-1,155,175,176,-1,155,176,154,-1,154,176,177,-1,154,177,170,-1,170,177,178,-1,170,178,169,-1,169,178,179,-1,169,179,168,-1,168,179,180,-1,168,180,167,-1,167,180,181,-1,167,181,166,-1,166,181,182,-1,166,182,165,-1,165,182,183,-1,165,183,164,-1,164,183,184,-1,164,184,163,-1,163,184,185,-1,163,185,162,-1,162,185,186,-1,162,186,161,-1,160,161,187,-1,187,161,186,-1,159,160,172,-1,172,160,187,-1,
        ]
    }
}
Shape{
    appearance Appearance {
        material  Material 	{
            diffuseColor 0.9490196078431372 0.7607843137254902 0.1803921568627451
            specularColor 0.7607843137254902 0.6078431372549019 0.1450980392156863
            ambientIntensity 0.7509
            transparency 0.0
            shininess 0.5
        }
    }
    geometry IndexedFaceSet {
        ccw TRUE
        solid FALSE
        coord DEF co Coordinate {
            point [
                10.628 0.0339 -0.4494, 10.628 -0.0429 -0.4494, 10.628 0.0339 -0.4639, 10.628 -0.0429 -0.4634, 10.628 -0.0419 -0.4738, 10.628 -0.0035 -0.5022, 10.628 0.0063 -0.5014, 10.628 0.014 -0.4991, 10.628 0.0327 -0.4756, 10.628 -0.0394 -0.4821, 10.628 -0.0354 -0.4888, 10.628 -0.0299 -0.4943, 10.628 -0.0231 -0.4984, 10.628 -0.0139 -0.5013, 10.628 0.0201 -0.4957, 10.628 0.0252 -0.4909, 10.628 0.0298 -0.4837
            ]
        }
        coordIndex [
            0,1,2,-1,2,1,3,-1,2,3,4,-1,5,6,2,-1,2,6,7,-1,2,7,8,-1,4,9,2,-1,2,9,10,-1,2,10,11,-1,11,12,2,-1,2,12,13,-1,2,13,5,-1,14,15,7,-1,7,15,16,-1,7,16,8,-1,
        ]
    }
}
Shape{
    appearance Appearance {
        material  Material 	{
            diffuseColor 0.0 0.0 0.0
            specularColor 0.0 0.0 0.0
            ambientIntensity 0.0
            transparency 0.0
            shininess 0.5
        }
    }
    geometry IndexedFaceSet {
        ccw TRUE
        solid FALSE
        coord DEF co Coordinate {
            point [
                10.624 0.0447 -0.573, 10.624 -0.0537 -0.6115, 10.628 0.0447 -0.573, 10.628 -0.0537 -0.6115, 10.624 -0.0537 -0.5971, 10.628 -0.0537 -0.5971, 10.624 -0.0261 -0.5871, 10.628 -0.0261 -0.5871, 10.624 -0.0261 -0.5464, 10.628 -0.0261 -0.5464, 10.624 -0.0537 -0.537, 10.628 -0.0537 -0.537, 10.624 -0.0537 -0.5226, 10.628 -0.0537 -0.5226, 10.624 0.0447 -0.5598, 10.628 0.0447 -0.5598, 10.624 -0.0153 -0.5498, 10.624 -0.0153 -0.5827, 10.624 0.0258 -0.5644, 10.624 0.0292 -0.5654, 10.624 0.0327 -0.566, 10.624 0.0327 -0.5663, 10.624 0.0292 -0.567, 10.624 0.0258 -0.5679, 10.628 -0.0153 -0.5498, 10.628 -0.0153 -0.5827, 10.628 0.0258 -0.5644, 10.628 0.0292 -0.5654, 10.628 0.0327 -0.566, 10.628 0.0327 -0.5663, 10.628 0.0292 -0.567, 10.628 0.0258 -0.5679
            ]
        }
        coordIndex [
            0,1,2,-1,2,1,3,-1,1,4,3,-1,3,4,5,-1,4,6,5,-1,5,6,7,-1,6,8,7,-1,7,8,9,-1,8,10,9,-1,9,10,11,-1,10,12,11,-1,11,12,13,-1,12,14,13,-1,13,14,15,-1,14,0,15,-1,15,0,2,-1,16,8,17,-1,17,8,6,-1,18,14,16,-1,16,14,12,-1,16,12,8,-1,8,12,10,-1,18,19,14,-1,14,19,20,-1,14,20,0,-1,0,20,21,-1,0,21,22,-1,22,23,0,-1,0,23,17,-1,0,17,1,-1,1,17,6,-1,1,6,4,-1,16,17,24,-1,24,17,25,-1,18,16,26,-1,26,16,24,-1,18,26,27,-1,18,27,19,-1,19,27,28,-1,19,28,20,-1,21,20,29,-1,29,20,28,-1,21,29,30,-1,21,30,22,-1,22,30,31,-1,22,31,23,-1,17,23,25,-1,25,23,31,-1,
        ]
    }
}
Shape{
    appearance Appearance {
        material  Material 	{
            diffuseColor 0.9490196078431372 0.7607843137254902 0.1803921568627451
            specularColor 0.7607843137254902 0.6078431372549019 0.1450980392156863
            ambientIntensity 0.7509
            transparency 0.0
            shininess 0.5
        }
    }
    geometry IndexedFaceSet {
        ccw TRUE
        solid FALSE
        coord DEF co Coordinate {
            point [
                10.628 -0.0153 -0.5498, 10.628 -0.0153 -0.5827, 10.628 0.0258 -0.5644, 10.628 0.0258 -0.5679, 10.628 0.0292 -0.5654, 10.628 0.0292 -0.567, 10.628 0.0327 -0.566, 10.628 0.0327 -0.5663, 19.628 0.0351 -0.3219, 19.628 0.034 -0.3122, 19.628 -0.0388 -0.3432, 19.628 -0.0378 -0.345, 19.628 -0.0486 -0.345, 19.628 -0.0543 -0.3546, 19.628 -0.0537 -0.213, 19.628 -0.0543 -0.3121, 19.628 -0.0537 -0.2634, 19.628 -0.0537 -0.3058, 19.628 -0.0504 -0.2962, 19.628 0.0336 -0.3339, 19.628 0.0288 -0.345, 19.628 0.0787 -0.3546, 19.628 0.042 -0.345, 19.628 0.0314 -0.3049, 19.628 0.0268 -0.2981, 19.628 0.0202 -0.2921, 19.628 -0.0056 -0.285, 19.628 -0.0162 -0.286, 19.628 -0.0247 -0.2886, 19.628 -0.0431 -0.3105, 19.628 -0.0441 -0.3197, 19.628 -0.0404 -0.3034, 19.628 -0.0364 -0.2973, 19.628 -0.0315 -0.2927, 19.628 -0.0427 -0.3328, 19.628 0.0188 -0.277, 19.628 0.028 -0.2827, 19.628 0.0447 -0.2262, 19.628 0.0365 -0.2916, 19.628 0.0126 -0.2881, 19.628 0.0021 -0.2854, 19.628 -0.0453 -0.2883, 19.628 -0.0375 -0.2809, 19.628 -0.0429 -0.2634, 19.628 -0.0282 -0.2757, 19.628 -0.0429 -0.2262, 19.628 0.0419 -0.301, 19.628 0.0451 -0.3119, 19.628 -0.0178 -0.2727, 19.628 -0.0064 -0.2718, 19.628 0.0076 -0.2732, 19.628 0.0459 -0.3218, 19.628 0.0451 -0.3336, 19.628 -0.0529 -0.3345, 19.628 -0.0543 -0.3246, 19.628 -0.0787 -0.3546, 19.628 -0.0549 -0.3206, 19.628 -0.0549 -0.3179, 19.628 0.0447 -0.213, 19.628 0.0787 0.0472, 19.628 -0.0543 0.0472, 19.628 -0.0787 0.0472, 19.628 0.0447 -0.4146, 19.628 0.0787 -0.8171, 19.628 0.0447 -0.3642, 19.628 -0.0537 -0.5226, 19.628 -0.0267 -0.5105, 19.628 -0.0355 -0.5049, 19.628 0.0339 -0.3774, 19.628 0.0015 -0.3774, 19.628 0.0339 -0.4146, 19.628 0.0015 -0.4122, 19.628 -0.0093 -0.4122, 19.628 -0.0537 -0.4362, 19.628 0.0447 -0.4362, 19.628 -0.0433 -0.4968, 19.628 -0.0493 -0.4865, 19.628 -0.0527 -0.4752, 19.628 -0.0537 -0.6115, 19.628 -0.0543 -0.8171, 19.628 0.0447 -0.573, 19.628 0.0447 -0.5598, 19.628 0.0432 -0.4782, 19.628 0.0391 -0.4897, 19.628 0.032 -0.5004, 19.628 0.0447 -0.464, 19.628 0.0319 -0.5005, 19.628 0.0242 -0.5075, 19.628 0.0157 -0.5121, 19.628 0.006 -0.5147, 19.628 -0.0033 -0.5154, 19.628 -0.0164 -0.5141, 19.628 -0.0537 -0.463, 19.628 -0.0093 -0.3774, 19.628 -0.0429 -0.3774, 19.628 -0.0429 -0.417, 19.628 -0.0537 -0.417, 19.628 -0.0537 -0.3642, 19.628 -0.0261 -0.5871, 19.628 -0.0261 -0.5464, 19.628 -0.0537 -0.5971, 19.628 -0.0537 -0.537, 19.628 -0.0787 -0.8171, 19.7835 -0.0787 0.1969, 19.7835 0.0787 0.1969, 19.8168 0.0787 0.2006, 19.8168 -0.0787 0.2006, 19.8484 0.0787 0.2117, 19.8484 -0.0787 0.2117, 19.8767 0.0787 0.2295, 19.8767 -0.0787 0.2295, 19.9004 0.0787 0.2532, 19.9004 -0.0787 0.2532, 19.9183 0.0787 0.2815, 19.9183 -0.0787 0.2815, 19.9293 0.0787 0.3132, 19.9293 -0.0787 0.3132, 19.9331 0.0787 0.3465, 19.9331 -0.0787 0.3465, 19.9331 0.0787 2.3032, 19.9331 -0.0787 2.3032, 19.9311 0.0787 2.3184, 19.9311 -0.0787 2.3184, 19.9252 0.0787 2.3327, 19.9252 -0.0787 2.3327, 19.9158 0.0787 2.3449, 19.9158 -0.0787 2.3449, 19.9035 0.0787 2.3543, 19.9035 -0.0787 2.3543, 19.8893 0.0787 2.3602, 19.8893 -0.0787 2.3602, 19.874 0.0787 2.3622, 19.874 -0.0787 2.3622, 19.7953 0.0787 2.3622, 19.7953 -0.0787 2.3622, 19.78 0.0787 2.3602, 19.78 -0.0787 2.3602, 19.7657 0.0787 2.3543, 19.7657 -0.0787 2.3543, 19.7535 0.0787 2.3449, 19.7535 -0.0787 2.3449, 19.7441 0.0787 2.3327, 19.7441 -0.0787 2.3327, 19.7382 0.0787 2.3184, 19.7382 -0.0787 2.3184, 19.7362 0.0787 2.3032, 19.7362 -0.0787 2.3032, 19.7362 0.0787 0.709, 19.7362 -0.0787 0.709, 19.7326 -0.0787 0.6752, 19.7326 0.0787 0.6752, 19.7217 -0.0787 0.643, 19.7217 0.0787 0.643, 19.7042 -0.0787 0.6138, 19.7042 0.0787 0.6138, 19.6809 -0.0787 0.5891, 19.6809 0.0787 0.5891, 19.6264 -0.0787 0.5528, 19.6264 0.0787 0.5528, 19.565 -0.0787 0.5302, 19.565 0.0787 0.5302, 19.5 -0.0787 0.5225, 19.5 0.0787 0.5225, 19.435 -0.0787 0.5302, 19.435 0.0787 0.5302, 19.3736 -0.0787 0.5528, 19.3736 0.0787 0.5528, 19.3191 -0.0787 0.5891, 19.3191 0.0787 0.5891, 19.2958 -0.0787 0.6138, 19.2958 0.0787 0.6138, 19.2783 -0.0787 0.643, 19.2783 0.0787 0.643, 19.2674 -0.0787 0.6752, 19.2674 0.0787 0.6752, 19.2638 -0.0787 0.709, 19.2638 0.0787 0.709, 19.2638 0.0787 2.3032, 19.2638 -0.0787 2.3032, 19.2618 0.0787 2.3184, 19.2618 -0.0787 2.3184, 19.2559 0.0787 2.3327, 19.2559 -0.0787 2.3327, 19.2465 0.0787 2.3449, 19.2465 -0.0787 2.3449, 19.2343 0.0787 2.3543, 19.2343 -0.0787 2.3543, 19.22 0.0787 2.3602, 19.22 -0.0787 2.3602, 19.2047 0.0787 2.3622, 19.2047 -0.0787 2.3622, 19.126 0.0787 2.3622, 19.126 -0.0787 2.3622, 19.1107 0.0787 2.3602, 19.1107 -0.0787 2.3602, 19.0965 0.0787 2.3543, 19.0965 -0.0787 2.3543, 19.0842 0.0787 2.3449, 19.0842 -0.0787 2.3449, 19.0748 0.0787 2.3327, 19.0748 -0.0787 2.3327, 19.0689 0.0787 2.3184, 19.0689 -0.0787 2.3184, 19.0669 0.0787 2.3032, 19.0669 -0.0787 2.3032, 19.0669 0.0787 0.3465, 19.0669 -0.0787 0.3465, 19.0707 0.0787 0.3132, 19.0707 -0.0787 0.3132, 19.0817 0.0787 0.2815, 19.0817 -0.0787 0.2815, 19.0996 0.0787 0.2532, 19.0996 -0.0787 0.2532, 19.1233 0.0787 0.2295, 19.1233 -0.0787 0.2295, 19.1516 0.0787 0.2117, 19.1516 -0.0787 0.2117, 19.1832 0.0787 0.2006, 19.1832 -0.0787 0.2006, 19.2165 0.0787 0.1969, 19.2165 -0.0787 0.1969, 19.2224 0.0787 0.1969, 19.2224 -0.0787 0.1969, 19.2557 -0.0787 0.1931, 19.2557 0.0787 0.1931, 19.2874 -0.0787 0.182, 19.2874 0.0787 0.182, 19.3157 -0.0787 0.1642, 19.3157 0.0787 0.1642, 19.3394 -0.0787 0.1405, 19.3394 0.0787 0.1405, 19.3572 -0.0787 0.1122, 19.3572 0.0787 0.1122, 19.3683 -0.0787 0.0805, 19.3683 0.0787 0.0805, 19.372 -0.0787 0.0472, 19.372 0.0787 0.0472, 19.372 0.0787 -0.8171, 19.372 -0.0787 -0.8171, 19.3781 0.0787 -0.9148, 19.3781 -0.0787 -0.9148, 19.4071 0.0787 -1.1466, 19.4071 -0.0787 -1.1466, 19.4094 0.0787 -1.1558, 19.4094 -0.0787 -1.1558, 19.4138 0.0787 -1.1642, 19.4138 -0.0787 -1.1642, 19.4201 0.0787 -1.1712, 19.4201 -0.0787 -1.1712, 19.4279 0.0787 -1.1766, 19.4279 -0.0787 -1.1766, 19.4368 0.0787 -1.18, 19.4368 -0.0787 -1.18, 19.4462 0.0787 -1.1811, 19.4462 -0.0787 -1.1811, 19.5538 0.0787 -1.1811, 19.5538 -0.0787 -1.1811, 19.5632 0.0787 -1.18, 19.5632 -0.0787 -1.18, 19.5721 0.0787 -1.1766, 19.5721 -0.0787 -1.1766, 19.5799 0.0787 -1.1712, 19.5799 -0.0787 -1.1712, 19.5862 0.0787 -1.1642, 19.5862 -0.0787 -1.1642, 19.5906 0.0787 -1.1558, 19.5906 -0.0787 -1.1558, 19.5929 0.0787 -1.1466, 19.5929 -0.0787 -1.1466, 19.6219 0.0787 -0.9148, 19.6219 -0.0787 -0.9148, 19.6317 0.0787 0.0805, 19.6317 -0.0787 0.0805, 19.6428 -0.0787 0.1122, 19.6428 0.0787 0.1122, 19.6606 -0.0787 0.1405, 19.6606 0.0787 0.1405, 19.6843 -0.0787 0.1642, 19.6843 0.0787 0.1642, 19.7126 -0.0787 0.182, 19.7126 0.0787 0.182, 19.7443 -0.0787 0.1931, 19.7443 0.0787 0.1931, 19.7776 -0.0787 0.1969, 19.7776 0.0787 0.1969
            ]
        }
        coordIndex [
            0,1,2,-1,2,1,3,-1,2,3,4,-1,4,3,5,-1,4,5,6,-1,6,5,7,-1,8,9,10,-1,11,12,13,-1,14,15,16,-1,16,15,17,-1,16,17,18,-1,8,10,19,-1,19,10,11,-1,19,11,20,-1,20,11,21,-1,20,21,22,-1,9,23,10,-1,10,23,24,-1,10,24,25,-1,26,27,10,-1,10,27,28,-1,29,30,31,-1,31,30,32,-1,28,33,10,-1,10,33,32,-1,10,32,34,-1,34,32,30,-1,35,36,37,-1,37,36,38,-1,25,39,10,-1,10,39,40,-1,10,40,26,-1,18,41,16,-1,16,41,42,-1,16,42,43,-1,43,42,44,-1,43,44,45,-1,46,47,21,-1,44,48,45,-1,45,48,49,-1,45,49,37,-1,37,49,50,-1,37,50,35,-1,47,51,21,-1,21,51,52,-1,21,52,22,-1,12,53,13,-1,13,53,54,-1,13,54,55,-1,54,56,55,-1,55,56,57,-1,55,57,15,-1,38,46,37,-1,37,46,21,-1,37,21,58,-1,58,21,59,-1,58,59,14,-1,14,59,60,-1,14,60,15,-1,15,60,61,-1,15,61,55,-1,62,63,21,-1,11,13,21,-1,21,13,64,-1,21,64,62,-1,65,66,67,-1,68,69,70,-1,70,69,71,-1,72,73,71,-1,71,73,74,-1,71,74,70,-1,67,75,65,-1,65,75,76,-1,65,76,77,-1,78,79,80,-1,80,79,63,-1,80,63,81,-1,82,83,81,-1,81,83,84,-1,82,81,85,-1,85,81,63,-1,85,63,74,-1,74,63,62,-1,74,62,70,-1,84,86,81,-1,81,86,87,-1,81,87,88,-1,88,89,81,-1,81,89,90,-1,81,90,65,-1,65,90,91,-1,65,91,66,-1,13,92,73,-1,93,94,72,-1,72,94,95,-1,72,95,73,-1,73,95,96,-1,73,96,13,-1,13,96,97,-1,13,97,64,-1,98,99,100,-1,100,99,101,-1,100,101,13,-1,13,101,65,-1,13,65,92,-1,92,65,77,-1,78,100,79,-1,79,100,13,-1,79,13,102,-1,102,13,55,-1,103,104,105,-1,103,105,106,-1,106,105,107,-1,106,107,108,-1,108,107,109,-1,108,109,110,-1,110,109,111,-1,110,111,112,-1,112,111,113,-1,112,113,114,-1,114,113,115,-1,114,115,116,-1,116,115,117,-1,116,117,118,-1,119,120,117,-1,117,120,118,-1,120,119,121,-1,120,121,122,-1,122,121,123,-1,122,123,124,-1,124,123,125,-1,124,125,126,-1,126,125,127,-1,126,127,128,-1,128,127,129,-1,128,129,130,-1,130,129,131,-1,130,131,132,-1,133,134,131,-1,131,134,132,-1,134,133,135,-1,134,135,136,-1,136,135,137,-1,136,137,138,-1,138,137,139,-1,138,139,140,-1,140,139,141,-1,140,141,142,-1,142,141,143,-1,142,143,144,-1,144,143,145,-1,144,145,146,-1,147,148,145,-1,145,148,146,-1,148,147,149,-1,149,147,150,-1,149,150,151,-1,151,150,152,-1,151,152,153,-1,153,152,154,-1,153,154,155,-1,155,154,156,-1,155,156,157,-1,157,156,158,-1,157,158,159,-1,159,158,160,-1,159,160,161,-1,161,160,162,-1,161,162,163,-1,163,162,164,-1,163,164,165,-1,165,164,166,-1,165,166,167,-1,167,166,168,-1,167,168,169,-1,169,168,170,-1,169,170,171,-1,171,170,172,-1,171,172,173,-1,173,172,174,-1,173,174,175,-1,175,174,176,-1,177,178,176,-1,176,178,175,-1,178,177,179,-1,178,179,180,-1,180,179,181,-1,180,181,182,-1,182,181,183,-1,182,183,184,-1,184,183,185,-1,184,185,186,-1,186,185,187,-1,186,187,188,-1,188,187,189,-1,188,189,190,-1,191,192,189,-1,189,192,190,-1,192,191,193,-1,192,193,194,-1,194,193,195,-1,194,195,196,-1,196,195,197,-1,196,197,198,-1,198,197,199,-1,198,199,200,-1,200,199,201,-1,200,201,202,-1,202,201,203,-1,202,203,204,-1,205,206,203,-1,203,206,204,-1,206,205,207,-1,206,207,208,-1,208,207,209,-1,208,209,210,-1,210,209,211,-1,210,211,212,-1,212,211,213,-1,212,213,214,-1,214,213,215,-1,214,215,216,-1,216,215,217,-1,216,217,218,-1,218,217,219,-1,218,219,220,-1,221,222,219,-1,219,222,220,-1,222,221,223,-1,223,221,224,-1,223,224,225,-1,225,224,226,-1,225,226,227,-1,227,226,228,-1,227,228,229,-1,229,228,230,-1,229,230,231,-1,231,230,232,-1,231,232,233,-1,233,232,234,-1,233,234,235,-1,235,234,236,-1,237,238,236,-1,236,238,235,-1,237,239,238,-1,238,239,240,-1,241,242,239,-1,239,242,240,-1,242,241,243,-1,242,243,244,-1,244,243,245,-1,244,245,246,-1,246,245,247,-1,246,247,248,-1,248,247,249,-1,248,249,250,-1,250,249,251,-1,250,251,252,-1,252,251,253,-1,252,253,254,-1,255,256,253,-1,253,256,254,-1,256,255,257,-1,256,257,258,-1,258,257,259,-1,258,259,260,-1,260,259,261,-1,260,261,262,-1,262,261,263,-1,262,263,264,-1,264,263,265,-1,264,265,266,-1,266,265,267,-1,266,267,268,-1,269,270,267,-1,267,270,268,-1,102,270,79,-1,79,270,269,-1,79,269,63,-1,60,59,271,-1,61,60,272,-1,272,60,271,-1,272,271,273,-1,273,271,274,-1,273,274,275,-1,275,274,276,-1,275,276,277,-1,277,276,278,-1,277,278,279,-1,279,278,280,-1,279,280,281,-1,281,280,282,-1,281,282,283,-1,283,282,284,-1,104,103,284,-1,284,103,283,-1,216,218,165,-1,275,159,273,-1,273,159,161,-1,225,163,223,-1,223,163,165,-1,216,165,214,-1,167,169,206,-1,206,169,171,-1,148,149,118,-1,55,61,161,-1,161,61,272,-1,161,272,273,-1,225,227,163,-1,163,227,229,-1,163,229,161,-1,161,229,231,-1,161,231,233,-1,235,238,256,-1,218,220,165,-1,165,220,222,-1,165,222,223,-1,206,208,167,-1,167,208,210,-1,167,210,165,-1,165,210,212,-1,165,212,214,-1,157,108,110,-1,149,151,118,-1,118,151,153,-1,118,153,116,-1,116,153,155,-1,116,155,114,-1,114,155,157,-1,114,157,112,-1,112,157,110,-1,275,277,159,-1,159,277,279,-1,159,279,157,-1,157,279,281,-1,157,281,283,-1,171,173,206,-1,206,173,175,-1,206,175,204,-1,130,132,120,-1,283,103,157,-1,157,103,106,-1,157,106,108,-1,233,235,161,-1,161,235,256,-1,161,256,55,-1,55,256,102,-1,238,240,256,-1,256,240,242,-1,256,242,254,-1,254,242,252,-1,266,268,256,-1,256,268,270,-1,256,270,102,-1,194,196,204,-1,120,122,124,-1,180,182,190,-1,124,126,120,-1,120,126,128,-1,120,128,130,-1,136,146,134,-1,134,146,148,-1,134,148,132,-1,132,148,118,-1,132,118,120,-1,242,244,252,-1,252,244,246,-1,252,246,250,-1,250,246,248,-1,194,204,192,-1,192,204,175,-1,192,175,190,-1,190,175,178,-1,190,178,180,-1,198,200,196,-1,196,200,202,-1,196,202,204,-1,136,138,146,-1,146,138,140,-1,146,140,144,-1,144,140,142,-1,256,258,266,-1,266,258,260,-1,266,260,264,-1,264,260,262,-1,182,184,190,-1,190,184,186,-1,190,186,188,-1,228,226,164,-1,278,276,160,-1,107,105,158,-1,164,226,166,-1,166,226,224,-1,166,224,221,-1,236,162,255,-1,160,276,162,-1,162,276,274,-1,162,274,271,-1,176,174,205,-1,166,215,213,-1,174,172,205,-1,205,172,170,-1,205,170,207,-1,207,170,168,-1,207,168,209,-1,209,168,166,-1,209,166,211,-1,211,166,213,-1,221,219,166,-1,166,219,217,-1,166,217,215,-1,236,234,162,-1,162,234,232,-1,162,232,164,-1,164,232,230,-1,164,230,228,-1,158,282,160,-1,160,282,280,-1,160,280,278,-1,156,115,113,-1,107,158,109,-1,152,150,117,-1,117,150,147,-1,105,104,158,-1,158,104,284,-1,158,284,282,-1,156,113,158,-1,158,113,111,-1,158,111,109,-1,115,156,117,-1,117,156,154,-1,117,154,152,-1,193,191,203,-1,243,241,253,-1,253,241,239,-1,253,239,255,-1,255,239,237,-1,255,237,236,-1,271,59,162,-1,162,59,21,-1,162,21,255,-1,255,21,63,-1,255,63,269,-1,147,145,133,-1,199,197,195,-1,179,177,189,-1,189,177,176,-1,189,176,191,-1,191,176,205,-1,191,205,203,-1,249,247,245,-1,141,139,143,-1,143,139,137,-1,143,137,145,-1,145,137,135,-1,145,135,133,-1,147,133,117,-1,117,133,131,-1,117,131,119,-1,119,131,129,-1,119,129,127,-1,193,203,195,-1,195,203,201,-1,195,201,199,-1,189,187,185,-1,243,253,245,-1,245,253,251,-1,245,251,249,-1,127,125,119,-1,119,125,123,-1,119,123,121,-1,185,183,189,-1,189,183,181,-1,189,181,179,-1,261,259,263,-1,263,259,265,-1,269,267,255,-1,255,267,265,-1,255,265,257,-1,257,265,259,-1,
        ]
    }
}
Shape{
    appearance Appearance {
        material  Material 	{
            diffuseColor 0.0 0.0 0.0
            specularColor 0.0 0.0 0.0
            ambientIntensity 0.0
            transparency 0.0
            shininess 0.5
        }
    }
    geometry IndexedFaceSet {
        ccw TRUE
        solid FALSE
        coord DEF co Coordinate {
            point [
                19.624 0.0447 -0.573, 19.624 -0.0537 -0.6115, 19.628 0.0447 -0.573, 19.628 -0.0537 -0.6115, 19.624 -0.0537 -0.5971, 19.628 -0.0537 -0.5971, 19.624 -0.0261 -0.5871, 19.628 -0.0261 -0.5871, 19.624 -0.0261 -0.5464, 19.628 -0.0261 -0.5464, 19.624 -0.0537 -0.537, 19.628 -0.0537 -0.537, 19.624 -0.0537 -0.5226, 19.628 -0.0537 -0.5226, 19.624 0.0447 -0.5598, 19.628 0.0447 -0.5598, 19.624 -0.0153 -0.5498, 19.624 -0.0153 -0.5827, 19.624 0.0258 -0.5644, 19.624 0.0292 -0.5654, 19.624 0.0327 -0.566, 19.624 0.0327 -0.5663, 19.624 0.0292 -0.567, 19.624 0.0258 -0.5679, 19.628 -0.0153 -0.5498, 19.628 -0.0153 -0.5827, 19.628 0.0258 -0.5644, 19.628 0.0292 -0.5654, 19.628 0.0327 -0.566, 19.628 0.0327 -0.5663, 19.628 0.0292 -0.567, 19.628 0.0258 -0.5679, 19.624 -0.0537 -0.463, 19.624 -0.0537 -0.4362, 19.628 -0.0537 -0.463, 19.628 -0.0537 -0.4362, 19.624 0.0447 -0.4362, 19.628 0.0447 -0.4362, 19.624 0.0447 -0.464, 19.628 0.0447 -0.464, 19.624 -0.0033 -0.5154, 19.628 -0.0033 -0.5154, 19.628 0.006 -0.5147, 19.624 0.006 -0.5147, 19.628 0.0157 -0.5121, 19.624 0.0157 -0.5121, 19.628 0.0242 -0.5075, 19.624 0.0242 -0.5075, 19.628 0.0319 -0.5005, 19.624 0.0319 -0.5005, 19.628 0.032 -0.5004, 19.624 0.032 -0.5004, 19.628 0.0391 -0.4897, 19.624 0.0391 -0.4897, 19.628 0.0432 -0.4782, 19.624 0.0432 -0.4782, 19.628 -0.0527 -0.4752, 19.624 -0.0527 -0.4752, 19.628 -0.0493 -0.4865, 19.624 -0.0493 -0.4865, 19.628 -0.0433 -0.4968, 19.624 -0.0433 -0.4968, 19.628 -0.0355 -0.5049, 19.624 -0.0355 -0.5049, 19.628 -0.0267 -0.5105, 19.624 -0.0267 -0.5105, 19.628 -0.0164 -0.5141, 19.624 -0.0164 -0.5141, 19.624 0.0201 -0.4957, 19.624 0.0252 -0.4909, 19.624 0.0298 -0.4837, 19.624 0.0327 -0.4756, 19.624 0.0339 -0.4639, 19.624 0.0339 -0.4494, 19.624 -0.0429 -0.4494, 19.624 -0.0429 -0.4634, 19.624 -0.0419 -0.4738, 19.624 -0.0394 -0.4821, 19.624 -0.0354 -0.4888, 19.624 -0.0299 -0.4943, 19.624 -0.0231 -0.4984, 19.624 -0.0139 -0.5013, 19.624 -0.0035 -0.5022, 19.624 0.0063 -0.5014, 19.624 0.014 -0.4991, 19.628 0.0339 -0.4639, 19.628 0.0339 -0.4494, 19.628 0.0327 -0.4756, 19.628 0.0298 -0.4837, 19.628 0.0252 -0.4909, 19.628 0.0201 -0.4957, 19.628 0.014 -0.4991, 19.628 0.0063 -0.5014, 19.628 -0.0035 -0.5022, 19.628 -0.0139 -0.5013, 19.628 -0.0231 -0.4984, 19.628 -0.0299 -0.4943, 19.628 -0.0354 -0.4888, 19.628 -0.0394 -0.4821, 19.628 -0.0419 -0.4738, 19.628 -0.0429 -0.4634, 19.628 -0.0429 -0.4494, 19.624 -0.0429 -0.417, 19.624 -0.0537 -0.417, 19.628 -0.0429 -0.417, 19.628 -0.0537 -0.417, 19.624 -0.0537 -0.3642, 19.628 -0.0537 -0.3642, 19.624 0.0447 -0.3642, 19.628 0.0447 -0.3642, 19.624 0.0447 -0.4146, 19.628 0.0447 -0.4146, 19.624 0.0339 -0.4146, 19.628 0.0339 -0.4146, 19.624 0.0339 -0.3774, 19.628 0.0339 -0.3774, 19.624 0.0015 -0.3774, 19.628 0.0015 -0.3774, 19.624 0.0015 -0.4122, 19.628 0.0015 -0.4122, 19.624 -0.0093 -0.4122, 19.628 -0.0093 -0.4122, 19.624 -0.0093 -0.3774, 19.628 -0.0093 -0.3774, 19.624 -0.0429 -0.3774, 19.628 -0.0429 -0.3774, 19.624 -0.0378 -0.345, 19.624 -0.0486 -0.345, 19.628 -0.0378 -0.345, 19.628 -0.0486 -0.345, 19.624 -0.0529 -0.3345, 19.624 -0.0549 -0.3179, 19.628 -0.0549 -0.3179, 19.628 -0.0549 -0.3206, 19.624 -0.0549 -0.3206, 19.628 -0.0543 -0.3246, 19.628 -0.0529 -0.3345, 19.624 -0.0064 -0.2718, 19.628 -0.0064 -0.2718, 19.628 -0.0178 -0.2727, 19.624 -0.0178 -0.2727, 19.628 -0.0282 -0.2757, 19.624 -0.0282 -0.2757, 19.628 -0.0375 -0.2809, 19.624 -0.0375 -0.2809, 19.628 -0.0453 -0.2883, 19.624 -0.0453 -0.2883, 19.628 -0.0504 -0.2962, 19.624 -0.0504 -0.2962, 19.628 -0.0537 -0.3058, 19.624 -0.0537 -0.3058, 19.628 -0.0543 -0.3121, 19.624 0.0459 -0.3218, 19.628 0.0459 -0.3218, 19.628 0.0451 -0.3119, 19.624 0.0451 -0.3119, 19.628 0.0419 -0.301, 19.624 0.0419 -0.301, 19.628 0.0365 -0.2916, 19.624 0.0365 -0.2916, 19.628 0.028 -0.2827, 19.624 0.028 -0.2827, 19.628 0.0188 -0.277, 19.624 0.0188 -0.277, 19.628 0.0076 -0.2732, 19.624 0.0076 -0.2732, 19.624 0.042 -0.345, 19.628 0.042 -0.345, 19.628 0.0451 -0.3336, 19.624 0.0451 -0.3336, 19.624 0.0288 -0.345, 19.628 0.0288 -0.345, 19.624 0.0351 -0.3219, 19.628 0.0351 -0.3219, 19.628 0.0336 -0.3339, 19.624 0.0336 -0.3339, 19.624 -0.0056 -0.285, 19.628 -0.0056 -0.285, 19.628 0.0021 -0.2854, 19.624 0.0021 -0.2854, 19.628 0.0126 -0.2881, 19.624 0.0126 -0.2881, 19.628 0.0202 -0.2921, 19.624 0.0202 -0.2921, 19.628 0.0268 -0.2981, 19.624 0.0268 -0.2981, 19.628 0.0314 -0.3049, 19.624 0.0314 -0.3049, 19.628 0.034 -0.3122, 19.624 0.034 -0.3122, 19.624 -0.0441 -0.3197, 19.628 -0.0441 -0.3197, 19.628 -0.0431 -0.3105, 19.624 -0.0431 -0.3105, 19.628 -0.0404 -0.3034, 19.624 -0.0404 -0.3034, 19.628 -0.0364 -0.2973, 19.624 -0.0364 -0.2973, 19.628 -0.0315 -0.2927, 19.624 -0.0315 -0.2927, 19.628 -0.0247 -0.2886, 19.624 -0.0247 -0.2886, 19.628 -0.0162 -0.286, 19.624 -0.0162 -0.286, 19.628 -0.0388 -0.3432, 19.624 -0.0388 -0.3432, 19.628 -0.0427 -0.3328, 19.624 -0.0427 -0.3328, 19.624 -0.0429 -0.2634, 19.624 -0.0537 -0.2634, 19.628 -0.0429 -0.2634, 19.628 -0.0537 -0.2634, 19.624 -0.0537 -0.213, 19.628 -0.0537 -0.213, 19.624 0.0447 -0.213, 19.628 0.0447 -0.213, 19.624 0.0447 -0.2262, 19.628 0.0447 -0.2262, 19.624 -0.0429 -0.2262, 19.628 -0.0429 -0.2262
            ]
        }
        coordIndex [
            0,1,2,-1,2,1,3,-1,1,4,3,-1,3,4,5,-1,4,6,5,-1,5,6,7,-1,6,8,7,-1,7,8,9,-1,8,10,9,-1,9,10,11,-1,10,12,11,-1,11,12,13,-1,12,14,13,-1,13,14,15,-1,14,0,15,-1,15,0,2,-1,16,8,17,-1,17,8,6,-1,18,14,16,-1,16,14,12,-1,16,12,8,-1,8,12,10,-1,18,19,14,-1,14,19,20,-1,14,20,0,-1,0,20,21,-1,0,21,22,-1,22,23,0,-1,0,23,17,-1,0,17,1,-1,1,17,6,-1,1,6,4,-1,16,17,24,-1,24,17,25,-1,18,16,26,-1,26,16,24,-1,18,26,27,-1,18,27,19,-1,19,27,28,-1,19,28,20,-1,21,20,29,-1,29,20,28,-1,21,29,30,-1,21,30,22,-1,22,30,31,-1,22,31,23,-1,17,23,25,-1,25,23,31,-1,32,33,34,-1,34,33,35,-1,33,36,35,-1,35,36,37,-1,36,38,37,-1,37,38,39,-1,40,41,42,-1,40,42,43,-1,43,42,44,-1,43,44,45,-1,45,44,46,-1,45,46,47,-1,47,46,48,-1,47,48,49,-1,49,48,50,-1,49,50,51,-1,51,50,52,-1,51,52,53,-1,53,52,54,-1,53,54,55,-1,55,54,39,-1,55,39,38,-1,32,34,56,-1,32,56,57,-1,57,56,58,-1,57,58,59,-1,59,58,60,-1,59,60,61,-1,61,60,62,-1,61,62,63,-1,63,62,64,-1,63,64,65,-1,65,64,66,-1,65,66,67,-1,67,66,41,-1,67,41,40,-1,45,47,68,-1,68,47,49,-1,68,49,69,-1,69,49,51,-1,69,51,70,-1,70,51,53,-1,70,53,71,-1,71,53,55,-1,71,55,72,-1,72,55,38,-1,72,38,73,-1,73,38,36,-1,73,36,74,-1,74,36,33,-1,74,33,75,-1,75,33,32,-1,75,32,76,-1,76,32,57,-1,76,57,77,-1,77,57,59,-1,77,59,78,-1,78,59,61,-1,78,61,79,-1,79,61,63,-1,79,63,80,-1,80,63,65,-1,80,65,81,-1,81,65,67,-1,81,67,82,-1,82,67,40,-1,82,40,83,-1,83,40,43,-1,83,43,84,-1,84,43,45,-1,84,45,68,-1,72,73,85,-1,85,73,86,-1,72,85,87,-1,72,87,71,-1,71,87,88,-1,71,88,70,-1,70,88,89,-1,70,89,69,-1,69,89,90,-1,69,90,68,-1,68,90,91,-1,68,91,84,-1,84,91,92,-1,84,92,83,-1,83,92,93,-1,83,93,82,-1,82,93,94,-1,82,94,81,-1,81,94,95,-1,81,95,80,-1,80,95,96,-1,80,96,79,-1,79,96,97,-1,79,97,78,-1,78,97,98,-1,78,98,77,-1,77,98,99,-1,77,99,76,-1,76,99,100,-1,76,100,75,-1,74,75,101,-1,101,75,100,-1,73,74,86,-1,86,74,101,-1,102,103,104,-1,104,103,105,-1,103,106,105,-1,105,106,107,-1,106,108,107,-1,107,108,109,-1,108,110,109,-1,109,110,111,-1,110,112,111,-1,111,112,113,-1,112,114,113,-1,113,114,115,-1,114,116,115,-1,115,116,117,-1,116,118,117,-1,117,118,119,-1,118,120,119,-1,119,120,121,-1,120,122,121,-1,121,122,123,-1,122,124,123,-1,123,124,125,-1,124,102,125,-1,125,102,104,-1,106,103,102,-1,102,124,106,-1,106,124,122,-1,106,122,108,-1,112,110,114,-1,114,110,108,-1,114,108,116,-1,116,108,122,-1,116,122,118,-1,118,122,120,-1,126,127,128,-1,128,127,129,-1,129,127,130,-1,131,132,133,-1,131,133,134,-1,134,133,135,-1,134,135,130,-1,130,135,136,-1,130,136,129,-1,137,138,139,-1,137,139,140,-1,140,139,141,-1,140,141,142,-1,142,141,143,-1,142,143,144,-1,144,143,145,-1,144,145,146,-1,146,145,147,-1,146,147,148,-1,148,147,149,-1,148,149,150,-1,150,149,131,-1,131,149,151,-1,131,151,132,-1,152,153,154,-1,152,154,155,-1,155,154,156,-1,155,156,157,-1,157,156,158,-1,157,158,159,-1,159,158,160,-1,159,160,161,-1,161,160,162,-1,161,162,163,-1,163,162,164,-1,163,164,165,-1,165,164,138,-1,165,138,137,-1,166,167,168,-1,166,168,169,-1,169,168,153,-1,169,153,152,-1,166,170,167,-1,167,170,171,-1,172,173,174,-1,172,174,175,-1,175,174,171,-1,175,171,170,-1,176,177,178,-1,176,178,179,-1,179,178,180,-1,179,180,181,-1,181,180,182,-1,181,182,183,-1,183,182,184,-1,183,184,185,-1,185,184,186,-1,185,186,187,-1,187,186,188,-1,187,188,189,-1,189,188,173,-1,189,173,172,-1,190,191,192,-1,190,192,193,-1,193,192,194,-1,193,194,195,-1,195,194,196,-1,195,196,197,-1,197,196,198,-1,197,198,199,-1,199,198,200,-1,199,200,201,-1,201,200,202,-1,201,202,203,-1,203,202,177,-1,203,177,176,-1,126,128,204,-1,126,204,205,-1,205,204,206,-1,205,206,207,-1,207,206,191,-1,207,191,190,-1,193,131,190,-1,190,131,134,-1,190,134,207,-1,207,134,130,-1,207,130,205,-1,205,130,127,-1,205,127,126,-1,170,166,175,-1,175,166,169,-1,175,169,172,-1,172,169,152,-1,172,152,189,-1,189,152,155,-1,189,155,187,-1,187,155,157,-1,187,157,185,-1,185,157,159,-1,185,159,183,-1,183,159,161,-1,183,161,181,-1,181,161,163,-1,181,163,179,-1,179,163,165,-1,179,165,176,-1,176,165,137,-1,176,137,203,-1,203,137,140,-1,203,140,201,-1,201,140,142,-1,201,142,199,-1,199,142,144,-1,199,144,197,-1,197,144,146,-1,197,146,195,-1,195,146,148,-1,195,148,193,-1,193,148,150,-1,193,150,131,-1,208,209,210,-1,210,209,211,-1,209,212,211,-1,211,212,213,-1,212,214,213,-1,213,214,215,-1,214,216,215,-1,215,216,217,-1,216,218,217,-1,217,218,219,-1,218,208,219,-1,219,208,210,-1,216,214,218,-1,218,214,212,-1,218,212,208,-1,208,212,209,-1,
        ]
    }
}
Shape{
    appearance Appearance {
        material  Material 	{
            diffuseColor 0.9490196078431372 0.7607843137254902 0.1803921568627451
            specularColor 0.7607843137254902 0.6078431372549019 0.1450980392156863
            ambientIntensity 0.7509
            transparency 0.0
            shininess 0.5
        }
    }
    geometry IndexedFaceSet {
        ccw TRUE
        solid FALSE
        coord DEF co Coordinate {
            point [
                19.628 -0.0153 -0.5498, 19.628 -0.0153 -0.5827, 19.628 0.0258 -0.5644, 19.628 0.0258 -0.5679, 19.628 0.0292 -0.5654, 19.628 0.0292 -0.567, 19.628 0.0327 -0.566, 19.628 0.0327 -0.5663, 19.628 0.0339 -0.4494, 19.628 -0.0429 -0.4494, 19.628 0.0339 -0.4639, 19.628 -0.0429 -0.4634, 19.628 -0.0419 -0.4738, 19.628 -0.0035 -0.5022, 19.628 0.0063 -0.5014, 19.628 0.014 -0.4991, 19.628 0.0327 -0.4756, 19.628 -0.0394 -0.4821, 19.628 -0.0354 -0.4888, 19.628 -0.0299 -0.4943, 19.628 -0.0231 -0.4984, 19.628 -0.0139 -0.5013, 19.628 0.0201 -0.4957, 19.628 0.0252 -0.4909, 19.628 0.0298 -0.4837, 9.628 0.0351 -0.3219, 9.628 0.034 -0.3122, 9.628 -0.0388 -0.3432, 9.628 -0.0378 -0.345, 9.628 -0.0486 -0.345, 9.628 -0.0543 -0.3546, 9.628 -0.0537 -0.213, 9.628 -0.0543 -0.3121, 9.628 -0.0537 -0.2634, 9.628 -0.0537 -0.3058, 9.628 -0.0504 -0.2962, 9.628 0.0336 -0.3339, 9.628 0.0288 -0.345, 9.628 0.0787 -0.3546, 9.628 0.042 -0.345, 9.628 0.0314 -0.3049, 9.628 0.0268 -0.2981, 9.628 0.0202 -0.2921, 9.628 -0.0056 -0.285, 9.628 -0.0162 -0.286, 9.628 -0.0247 -0.2886, 9.628 -0.0431 -0.3105, 9.628 -0.0441 -0.3197, 9.628 -0.0404 -0.3034, 9.628 -0.0364 -0.2973, 9.628 -0.0315 -0.2927, 9.628 -0.0427 -0.3328, 9.628 0.0188 -0.277, 9.628 0.028 -0.2827, 9.628 0.0447 -0.2262, 9.628 0.0365 -0.2916, 9.628 0.0126 -0.2881, 9.628 0.0021 -0.2854, 9.628 -0.0453 -0.2883, 9.628 -0.0375 -0.2809, 9.628 -0.0429 -0.2634, 9.628 -0.0282 -0.2757, 9.628 -0.0429 -0.2262, 9.628 0.0419 -0.301, 9.628 0.0451 -0.3119, 9.628 -0.0178 -0.2727, 9.628 -0.0064 -0.2718, 9.628 0.0076 -0.2732, 9.628 0.0459 -0.3218, 9.628 0.0451 -0.3336, 9.628 -0.0529 -0.3345, 9.628 -0.0543 -0.3246, 9.628 -0.0787 -0.3546, 9.628 -0.0549 -0.3206, 9.628 -0.0549 -0.3179, 9.628 0.0447 -0.213, 9.628 0.0787 0.0472, 9.628 -0.0543 0.0472, 9.628 -0.0787 0.0472, 9.628 0.0447 -0.4146, 9.628 0.0787 -0.8171, 9.628 0.0447 -0.3642, 9.628 -0.0537 -0.5226, 9.628 -0.0267 -0.5105, 9.628 -0.0355 -0.5049, 9.628 0.0339 -0.3774, 9.628 0.0015 -0.3774, 9.628 0.0339 -0.4146, 9.628 0.0015 -0.4122, 9.628 -0.0093 -0.4122, 9.628 -0.0537 -0.4362, 9.628 0.0447 -0.4362, 9.628 -0.0433 -0.4968, 9.628 -0.0493 -0.4865, 9.628 -0.0527 -0.4752, 9.628 0.0432 -0.4782, 9.628 0.0391 -0.4897, 9.628 0.0447 -0.5598, 9.628 0.032 -0.5004, 9.628 -0.0537 -0.6115, 9.628 -0.0543 -0.8171, 9.628 0.0447 -0.573, 9.628 0.0319 -0.5005, 9.628 0.0242 -0.5075, 9.628 0.0157 -0.5121, 9.628 0.0447 -0.464, 9.628 0.006 -0.5147, 9.628 -0.0033 -0.5154, 9.628 -0.0164 -0.5141, 9.628 -0.0537 -0.463, 9.628 -0.0093 -0.3774, 9.628 -0.0429 -0.3774, 9.628 -0.0429 -0.417, 9.628 -0.0537 -0.417, 9.628 -0.0537 -0.3642, 9.628 -0.0261 -0.5871, 9.628 -0.0261 -0.5464, 9.628 -0.0537 -0.5971, 9.628 -0.0537 -0.537, 9.628 -0.0787 -0.8171, 9.7835 -0.0787 0.1969, 9.7835 0.0787 0.1969, 9.8168 0.0787 0.2006, 9.8168 -0.0787 0.2006, 9.8484 0.0787 0.2117, 9.8484 -0.0787 0.2117, 9.8767 0.0787 0.2295, 9.8767 -0.0787 0.2295, 9.9004 0.0787 0.2532, 9.9004 -0.0787 0.2532, 9.9183 0.0787 0.2815, 9.9183 -0.0787 0.2815, 9.9293 0.0787 0.3132, 9.9293 -0.0787 0.3132, 9.9331 0.0787 0.3465, 9.9331 -0.0787 0.3465, 9.9331 0.0787 2.3032, 9.9331 -0.0787 2.3032, 9.9311 0.0787 2.3184, 9.9311 -0.0787 2.3184, 9.9252 0.0787 2.3327, 9.9252 -0.0787 2.3327, 9.9158 0.0787 2.3449, 9.9158 -0.0787 2.3449, 9.9035 0.0787 2.3543, 9.9035 -0.0787 2.3543, 9.8893 0.0787 2.3602, 9.8893 -0.0787 2.3602, 9.874 0.0787 2.3622, 9.874 -0.0787 2.3622, 9.7953 0.0787 2.3622, 9.7953 -0.0787 2.3622, 9.78 0.0787 2.3602, 9.78 -0.0787 2.3602, 9.7657 0.0787 2.3543, 9.7657 -0.0787 2.3543, 9.7535 0.0787 2.3449, 9.7535 -0.0787 2.3449, 9.7441 0.0787 2.3327, 9.7441 -0.0787 2.3327, 9.7382 0.0787 2.3184, 9.7382 -0.0787 2.3184, 9.7362 0.0787 2.3032, 9.7362 -0.0787 2.3032, 9.7362 0.0787 0.709, 9.7362 -0.0787 0.709, 9.7326 -0.0787 0.6752, 9.7326 0.0787 0.6752, 9.7217 -0.0787 0.643, 9.7217 0.0787 0.643, 9.7042 -0.0787 0.6138, 9.7042 0.0787 0.6138, 9.6809 -0.0787 0.5891, 9.6809 0.0787 0.5891, 9.6264 -0.0787 0.5528, 9.6264 0.0787 0.5528, 9.565 -0.0787 0.5302, 9.565 0.0787 0.5302, 9.5 -0.0787 0.5225, 9.5 0.0787 0.5225, 9.435 -0.0787 0.5302, 9.435 0.0787 0.5302, 9.3736 -0.0787 0.5528, 9.3736 0.0787 0.5528, 9.3191 -0.0787 0.5891, 9.3191 0.0787 0.5891, 9.2958 -0.0787 0.6138, 9.2958 0.0787 0.6138, 9.2783 -0.0787 0.643, 9.2783 0.0787 0.643, 9.2674 -0.0787 0.6752, 9.2674 0.0787 0.6752, 9.2638 -0.0787 0.709, 9.2638 0.0787 0.709, 9.2638 0.0787 2.3032, 9.2638 -0.0787 2.3032, 9.2618 0.0787 2.3184, 9.2618 -0.0787 2.3184, 9.2559 0.0787 2.3327, 9.2559 -0.0787 2.3327, 9.2465 0.0787 2.3449, 9.2465 -0.0787 2.3449, 9.2343 0.0787 2.3543, 9.2343 -0.0787 2.3543, 9.22 0.0787 2.3602, 9.22 -0.0787 2.3602, 9.2047 0.0787 2.3622, 9.2047 -0.0787 2.3622, 9.126 0.0787 2.3622, 9.126 -0.0787 2.3622, 9.1107 0.0787 2.3602, 9.1107 -0.0787 2.3602, 9.0965 0.0787 2.3543, 9.0965 -0.0787 2.3543, 9.0842 0.0787 2.3449, 9.0842 -0.0787 2.3449, 9.0748 0.0787 2.3327, 9.0748 -0.0787 2.3327, 9.0689 0.0787 2.3184, 9.0689 -0.0787 2.3184, 9.0669 0.0787 2.3032, 9.0669 -0.0787 2.3032, 9.0669 0.0787 0.3465, 9.0669 -0.0787 0.3465, 9.0707 0.0787 0.3132, 9.0707 -0.0787 0.3132, 9.0817 0.0787 0.2815, 9.0817 -0.0787 0.2815, 9.0996 0.0787 0.2532, 9.0996 -0.0787 0.2532, 9.1233 0.0787 0.2295, 9.1233 -0.0787 0.2295, 9.1516 0.0787 0.2117, 9.1516 -0.0787 0.2117, 9.1832 0.0787 0.2006, 9.1832 -0.0787 0.2006, 9.2165 0.0787 0.1969, 9.2165 -0.0787 0.1969, 9.2224 0.0787 0.1969, 9.2224 -0.0787 0.1969, 9.2557 -0.0787 0.1931, 9.2557 0.0787 0.1931, 9.2874 -0.0787 0.182, 9.2874 0.0787 0.182, 9.3157 -0.0787 0.1642, 9.3157 0.0787 0.1642, 9.3394 -0.0787 0.1405, 9.3394 0.0787 0.1405, 9.3572 -0.0787 0.1122, 9.3572 0.0787 0.1122, 9.3683 -0.0787 0.0805, 9.3683 0.0787 0.0805, 9.372 -0.0787 0.0472, 9.372 0.0787 0.0472, 9.372 0.0787 -0.8171, 9.372 -0.0787 -0.8171, 9.3781 0.0787 -0.9148, 9.3781 -0.0787 -0.9148, 9.4071 0.0787 -1.1466, 9.4071 -0.0787 -1.1466, 9.4094 0.0787 -1.1558, 9.4094 -0.0787 -1.1558, 9.4138 0.0787 -1.1642, 9.4138 -0.0787 -1.1642, 9.4201 0.0787 -1.1712, 9.4201 -0.0787 -1.1712, 9.4279 0.0787 -1.1766, 9.4279 -0.0787 -1.1766, 9.4368 0.0787 -1.18, 9.4368 -0.0787 -1.18, 9.4462 0.0787 -1.1811, 9.4462 -0.0787 -1.1811, 9.5538 0.0787 -1.1811, 9.5538 -0.0787 -1.1811, 9.5632 0.0787 -1.18, 9.5632 -0.0787 -1.18, 9.5721 0.0787 -1.1766, 9.5721 -0.0787 -1.1766, 9.5799 0.0787 -1.1712, 9.5799 -0.0787 -1.1712, 9.5862 0.0787 -1.1642, 9.5862 -0.0787 -1.1642, 9.5906 0.0787 -1.1558, 9.5906 -0.0787 -1.1558, 9.5929 0.0787 -1.1466, 9.5929 -0.0787 -1.1466, 9.6219 0.0787 -0.9148, 9.6219 -0.0787 -0.9148, 9.6317 0.0787 0.0805, 9.6317 -0.0787 0.0805, 9.6428 -0.0787 0.1122, 9.6428 0.0787 0.1122, 9.6606 -0.0787 0.1405, 9.6606 0.0787 0.1405, 9.6843 -0.0787 0.1642, 9.6843 0.0787 0.1642, 9.7126 -0.0787 0.182, 9.7126 0.0787 0.182, 9.7443 -0.0787 0.1931, 9.7443 0.0787 0.1931, 9.7776 -0.0787 0.1969, 9.7776 0.0787 0.1969
            ]
        }
        coordIndex [
            0,1,2,-1,2,1,3,-1,2,3,4,-1,4,3,5,-1,4,5,6,-1,6,5,7,-1,8,9,10,-1,10,9,11,-1,10,11,12,-1,13,14,10,-1,10,14,15,-1,10,15,16,-1,12,17,10,-1,10,17,18,-1,10,18,19,-1,19,20,10,-1,10,20,21,-1,10,21,13,-1,22,23,15,-1,15,23,24,-1,15,24,16,-1,25,26,27,-1,28,29,30,-1,31,32,33,-1,33,32,34,-1,33,34,35,-1,25,27,36,-1,36,27,28,-1,36,28,37,-1,37,28,38,-1,37,38,39,-1,26,40,27,-1,27,40,41,-1,27,41,42,-1,43,44,27,-1,27,44,45,-1,46,47,48,-1,48,47,49,-1,45,50,27,-1,27,50,49,-1,27,49,51,-1,51,49,47,-1,52,53,54,-1,54,53,55,-1,42,56,27,-1,27,56,57,-1,27,57,43,-1,35,58,33,-1,33,58,59,-1,33,59,60,-1,60,59,61,-1,60,61,62,-1,63,64,38,-1,61,65,62,-1,62,65,66,-1,62,66,54,-1,54,66,67,-1,54,67,52,-1,64,68,38,-1,38,68,69,-1,38,69,39,-1,29,70,30,-1,30,70,71,-1,30,71,72,-1,71,73,72,-1,72,73,74,-1,72,74,32,-1,55,63,54,-1,54,63,38,-1,54,38,75,-1,75,38,76,-1,75,76,31,-1,31,76,77,-1,31,77,32,-1,32,77,78,-1,32,78,72,-1,79,80,38,-1,28,30,38,-1,38,30,81,-1,38,81,79,-1,82,83,84,-1,85,86,87,-1,87,86,88,-1,89,90,88,-1,88,90,91,-1,88,91,87,-1,84,92,82,-1,82,92,93,-1,82,93,94,-1,95,96,97,-1,97,96,98,-1,99,100,101,-1,101,100,80,-1,101,80,97,-1,98,102,97,-1,97,102,103,-1,97,103,104,-1,95,97,105,-1,105,97,80,-1,105,80,91,-1,91,80,79,-1,91,79,87,-1,104,106,97,-1,97,106,107,-1,97,107,82,-1,82,107,108,-1,82,108,83,-1,30,109,90,-1,110,111,89,-1,89,111,112,-1,89,112,90,-1,90,112,113,-1,90,113,30,-1,30,113,114,-1,30,114,81,-1,115,116,117,-1,117,116,118,-1,117,118,30,-1,30,118,82,-1,30,82,109,-1,109,82,94,-1,99,117,100,-1,100,117,30,-1,100,30,119,-1,119,30,72,-1,120,121,122,-1,120,122,123,-1,123,122,124,-1,123,124,125,-1,125,124,126,-1,125,126,127,-1,127,126,128,-1,127,128,129,-1,129,128,130,-1,129,130,131,-1,131,130,132,-1,131,132,133,-1,133,132,134,-1,133,134,135,-1,136,137,134,-1,134,137,135,-1,137,136,138,-1,137,138,139,-1,139,138,140,-1,139,140,141,-1,141,140,142,-1,141,142,143,-1,143,142,144,-1,143,144,145,-1,145,144,146,-1,145,146,147,-1,147,146,148,-1,147,148,149,-1,150,151,148,-1,148,151,149,-1,151,150,152,-1,151,152,153,-1,153,152,154,-1,153,154,155,-1,155,154,156,-1,155,156,157,-1,157,156,158,-1,157,158,159,-1,159,158,160,-1,159,160,161,-1,161,160,162,-1,161,162,163,-1,164,165,162,-1,162,165,163,-1,165,164,166,-1,166,164,167,-1,166,167,168,-1,168,167,169,-1,168,169,170,-1,170,169,171,-1,170,171,172,-1,172,171,173,-1,172,173,174,-1,174,173,175,-1,174,175,176,-1,176,175,177,-1,176,177,178,-1,178,177,179,-1,178,179,180,-1,180,179,181,-1,180,181,182,-1,182,181,183,-1,182,183,184,-1,184,183,185,-1,184,185,186,-1,186,185,187,-1,186,187,188,-1,188,187,189,-1,188,189,190,-1,190,189,191,-1,190,191,192,-1,192,191,193,-1,194,195,193,-1,193,195,192,-1,195,194,196,-1,195,196,197,-1,197,196,198,-1,197,198,199,-1,199,198,200,-1,199,200,201,-1,201,200,202,-1,201,202,203,-1,203,202,204,-1,203,204,205,-1,205,204,206,-1,205,206,207,-1,208,209,206,-1,206,209,207,-1,209,208,210,-1,209,210,211,-1,211,210,212,-1,211,212,213,-1,213,212,214,-1,213,214,215,-1,215,214,216,-1,215,216,217,-1,217,216,218,-1,217,218,219,-1,219,218,220,-1,219,220,221,-1,222,223,220,-1,220,223,221,-1,223,222,224,-1,223,224,225,-1,225,224,226,-1,225,226,227,-1,227,226,228,-1,227,228,229,-1,229,228,230,-1,229,230,231,-1,231,230,232,-1,231,232,233,-1,233,232,234,-1,233,234,235,-1,235,234,236,-1,235,236,237,-1,238,239,236,-1,236,239,237,-1,239,238,240,-1,240,238,241,-1,240,241,242,-1,242,241,243,-1,242,243,244,-1,244,243,245,-1,244,245,246,-1,246,245,247,-1,246,247,248,-1,248,247,249,-1,248,249,250,-1,250,249,251,-1,250,251,252,-1,252,251,253,-1,254,255,253,-1,253,255,252,-1,254,256,255,-1,255,256,257,-1,258,259,256,-1,256,259,257,-1,259,258,260,-1,259,260,261,-1,261,260,262,-1,261,262,263,-1,263,262,264,-1,263,264,265,-1,265,264,266,-1,265,266,267,-1,267,266,268,-1,267,268,269,-1,269,268,270,-1,269,270,271,-1,272,273,270,-1,270,273,271,-1,273,272,274,-1,273,274,275,-1,275,274,276,-1,275,276,277,-1,277,276,278,-1,277,278,279,-1,279,278,280,-1,279,280,281,-1,281,280,282,-1,281,282,283,-1,283,282,284,-1,283,284,285,-1,286,287,284,-1,284,287,285,-1,119,287,100,-1,100,287,286,-1,100,286,80,-1,77,76,288,-1,78,77,289,-1,289,77,288,-1,289,288,290,-1,290,288,291,-1,290,291,292,-1,292,291,293,-1,292,293,294,-1,294,293,295,-1,294,295,296,-1,296,295,297,-1,296,297,298,-1,298,297,299,-1,298,299,300,-1,300,299,301,-1,121,120,301,-1,301,120,300,-1,125,127,174,-1,292,294,176,-1,176,294,296,-1,176,296,174,-1,174,296,298,-1,174,298,300,-1,300,120,174,-1,174,120,123,-1,174,123,125,-1,292,176,290,-1,290,176,178,-1,290,178,289,-1,165,166,135,-1,248,178,246,-1,246,178,180,-1,246,180,244,-1,166,168,135,-1,135,168,170,-1,135,170,133,-1,133,170,172,-1,133,172,131,-1,131,172,174,-1,131,174,129,-1,129,174,127,-1,287,119,273,-1,273,119,72,-1,273,72,178,-1,178,72,78,-1,178,78,289,-1,237,239,182,-1,182,239,240,-1,182,240,180,-1,180,240,242,-1,180,242,244,-1,184,225,227,-1,184,227,182,-1,182,227,229,-1,182,229,231,-1,161,163,151,-1,255,273,252,-1,252,273,178,-1,252,178,250,-1,250,178,248,-1,255,257,273,-1,273,257,259,-1,273,259,271,-1,271,259,269,-1,231,233,182,-1,182,233,235,-1,182,235,237,-1,225,184,223,-1,223,184,186,-1,223,186,188,-1,151,163,149,-1,281,283,273,-1,273,283,285,-1,273,285,287,-1,261,263,265,-1,151,153,155,-1,261,265,259,-1,259,265,267,-1,259,267,269,-1,197,199,207,-1,219,221,209,-1,209,221,223,-1,209,223,207,-1,165,135,163,-1,163,135,137,-1,163,137,149,-1,149,137,139,-1,149,139,141,-1,155,157,151,-1,151,157,159,-1,151,159,161,-1,281,273,279,-1,279,273,275,-1,279,275,277,-1,188,190,223,-1,223,190,192,-1,223,192,207,-1,207,192,195,-1,207,195,197,-1,143,145,141,-1,141,145,147,-1,141,147,149,-1,199,201,207,-1,207,201,203,-1,207,203,205,-1,209,211,213,-1,213,215,209,-1,209,215,217,-1,209,217,219,-1,128,126,175,-1,245,243,181,-1,291,179,293,-1,293,179,177,-1,293,177,295,-1,121,301,175,-1,175,301,299,-1,175,299,177,-1,177,299,297,-1,177,297,295,-1,126,124,175,-1,175,124,122,-1,175,122,121,-1,181,243,183,-1,243,241,183,-1,183,241,238,-1,183,238,236,-1,179,249,181,-1,181,249,247,-1,181,247,245,-1,128,175,130,-1,130,175,173,-1,130,173,132,-1,132,173,134,-1,134,173,171,-1,134,171,169,-1,236,234,183,-1,183,234,232,-1,183,232,230,-1,191,189,222,-1,222,189,187,-1,222,187,224,-1,224,187,185,-1,224,185,226,-1,226,185,183,-1,226,183,228,-1,228,183,230,-1,256,254,272,-1,272,254,253,-1,272,253,179,-1,179,253,251,-1,179,251,249,-1,291,288,179,-1,179,288,76,-1,179,76,38,-1,169,167,134,-1,134,167,164,-1,134,164,136,-1,136,164,162,-1,220,194,222,-1,222,194,193,-1,222,193,191,-1,158,150,160,-1,160,150,162,-1,162,150,136,-1,136,150,148,-1,136,148,138,-1,144,142,140,-1,216,208,218,-1,218,208,220,-1,220,208,194,-1,194,208,206,-1,194,206,196,-1,256,272,258,-1,258,272,270,-1,258,270,268,-1,38,80,179,-1,179,80,286,-1,179,286,272,-1,272,286,284,-1,272,284,282,-1,158,156,150,-1,150,156,154,-1,150,154,152,-1,216,214,208,-1,208,214,212,-1,208,212,210,-1,206,204,202,-1,262,260,264,-1,264,260,258,-1,264,258,266,-1,266,258,268,-1,282,280,272,-1,272,280,278,-1,272,278,274,-1,274,278,276,-1,138,148,140,-1,140,148,146,-1,140,146,144,-1,202,200,206,-1,206,200,198,-1,206,198,196,-1,
        ]
    }
}
Shape{
    appearance Appearance {
        material  Material 	{
            diffuseColor 0.0 0.0 0.0
            specularColor 0.0 0.0 0.0
            ambientIntensity 0.0
            transparency 0.0
            shininess 0.5
        }
    }
    geometry IndexedFaceSet {
        ccw TRUE
        solid FALSE
        coord DEF co Coordinate {
            point [
                9.624 -0.0429 -0.2634, 9.624 -0.0537 -0.2634, 9.628 -0.0429 -0.2634, 9.628 -0.0537 -0.2634, 9.624 -0.0537 -0.213, 9.628 -0.0537 -0.213, 9.624 0.0447 -0.213, 9.628 0.0447 -0.213, 9.624 0.0447 -0.2262, 9.628 0.0447 -0.2262, 9.624 -0.0429 -0.2262, 9.628 -0.0429 -0.2262, 9.624 -0.0378 -0.345, 9.624 -0.0486 -0.345, 9.628 -0.0378 -0.345, 9.628 -0.0486 -0.345, 9.624 -0.0529 -0.3345, 9.624 -0.0549 -0.3179, 9.628 -0.0549 -0.3179, 9.628 -0.0549 -0.3206, 9.624 -0.0549 -0.3206, 9.628 -0.0543 -0.3246, 9.628 -0.0529 -0.3345, 9.624 -0.0064 -0.2718, 9.628 -0.0064 -0.2718, 9.628 -0.0178 -0.2727, 9.624 -0.0178 -0.2727, 9.628 -0.0282 -0.2757, 9.624 -0.0282 -0.2757, 9.628 -0.0375 -0.2809, 9.624 -0.0375 -0.2809, 9.628 -0.0453 -0.2883, 9.624 -0.0453 -0.2883, 9.628 -0.0504 -0.2962, 9.624 -0.0504 -0.2962, 9.628 -0.0537 -0.3058, 9.624 -0.0537 -0.3058, 9.628 -0.0543 -0.3121, 9.624 0.0459 -0.3218, 9.628 0.0459 -0.3218, 9.628 0.0451 -0.3119, 9.624 0.0451 -0.3119, 9.628 0.0419 -0.301, 9.624 0.0419 -0.301, 9.628 0.0365 -0.2916, 9.624 0.0365 -0.2916, 9.628 0.028 -0.2827, 9.624 0.028 -0.2827, 9.628 0.0188 -0.277, 9.624 0.0188 -0.277, 9.628 0.0076 -0.2732, 9.624 0.0076 -0.2732, 9.624 0.042 -0.345, 9.628 0.042 -0.345, 9.628 0.0451 -0.3336, 9.624 0.0451 -0.3336, 9.624 0.0288 -0.345, 9.628 0.0288 -0.345, 9.624 0.0351 -0.3219, 9.628 0.0351 -0.3219, 9.628 0.0336 -0.3339, 9.624 0.0336 -0.3339, 9.624 -0.0056 -0.285, 9.628 -0.0056 -0.285, 9.628 0.0021 -0.2854, 9.624 0.0021 -0.2854, 9.628 0.0126 -0.2881, 9.624 0.0126 -0.2881, 9.628 0.0202 -0.2921, 9.624 0.0202 -0.2921, 9.628 0.0268 -0.2981, 9.624 0.0268 -0.2981, 9.628 0.0314 -0.3049, 9.624 0.0314 -0.3049, 9.628 0.034 -0.3122, 9.624 0.034 -0.3122, 9.624 -0.0441 -0.3197, 9.628 -0.0441 -0.3197, 9.628 -0.0431 -0.3105, 9.624 -0.0431 -0.3105, 9.628 -0.0404 -0.3034, 9.624 -0.0404 -0.3034, 9.628 -0.0364 -0.2973, 9.624 -0.0364 -0.2973, 9.628 -0.0315 -0.2927, 9.624 -0.0315 -0.2927, 9.628 -0.0247 -0.2886, 9.624 -0.0247 -0.2886, 9.628 -0.0162 -0.286, 9.624 -0.0162 -0.286, 9.628 -0.0388 -0.3432, 9.624 -0.0388 -0.3432, 9.628 -0.0427 -0.3328, 9.624 -0.0427 -0.3328, 9.624 -0.0429 -0.417, 9.624 -0.0537 -0.417, 9.628 -0.0429 -0.417, 9.628 -0.0537 -0.417, 9.624 -0.0537 -0.3642, 9.628 -0.0537 -0.3642, 9.624 0.0447 -0.3642, 9.628 0.0447 -0.3642, 9.624 0.0447 -0.4146, 9.628 0.0447 -0.4146, 9.624 0.0339 -0.4146, 9.628 0.0339 -0.4146, 9.624 0.0339 -0.3774, 9.628 0.0339 -0.3774, 9.624 0.0015 -0.3774, 9.628 0.0015 -0.3774, 9.624 0.0015 -0.4122, 9.628 0.0015 -0.4122, 9.624 -0.0093 -0.4122, 9.628 -0.0093 -0.4122, 9.624 -0.0093 -0.3774, 9.628 -0.0093 -0.3774, 9.624 -0.0429 -0.3774, 9.628 -0.0429 -0.3774, 9.624 -0.0537 -0.463, 9.624 -0.0537 -0.4362, 9.628 -0.0537 -0.463, 9.628 -0.0537 -0.4362, 9.624 0.0447 -0.4362, 9.628 0.0447 -0.4362, 9.624 0.0447 -0.464, 9.628 0.0447 -0.464, 9.624 -0.0033 -0.5154, 9.628 -0.0033 -0.5154, 9.628 0.006 -0.5147, 9.624 0.006 -0.5147, 9.628 0.0157 -0.5121, 9.624 0.0157 -0.5121, 9.628 0.0242 -0.5075, 9.624 0.0242 -0.5075, 9.628 0.0319 -0.5005, 9.624 0.0319 -0.5005, 9.628 0.032 -0.5004, 9.624 0.032 -0.5004, 9.628 0.0391 -0.4897, 9.624 0.0391 -0.4897, 9.628 0.0432 -0.4782, 9.624 0.0432 -0.4782, 9.628 -0.0527 -0.4752, 9.624 -0.0527 -0.4752, 9.628 -0.0493 -0.4865, 9.624 -0.0493 -0.4865, 9.628 -0.0433 -0.4968, 9.624 -0.0433 -0.4968, 9.628 -0.0355 -0.5049, 9.624 -0.0355 -0.5049, 9.628 -0.0267 -0.5105, 9.624 -0.0267 -0.5105, 9.628 -0.0164 -0.5141, 9.624 -0.0164 -0.5141, 9.624 0.0201 -0.4957, 9.624 0.0252 -0.4909, 9.624 0.0298 -0.4837, 9.624 0.0327 -0.4756, 9.624 0.0339 -0.4639, 9.624 0.0339 -0.4494, 9.624 -0.0429 -0.4494, 9.624 -0.0429 -0.4634, 9.624 -0.0419 -0.4738, 9.624 -0.0394 -0.4821, 9.624 -0.0354 -0.4888, 9.624 -0.0299 -0.4943, 9.624 -0.0231 -0.4984, 9.624 -0.0139 -0.5013, 9.624 -0.0035 -0.5022, 9.624 0.0063 -0.5014, 9.624 0.014 -0.4991, 9.628 0.0339 -0.4639, 9.628 0.0339 -0.4494, 9.628 0.0327 -0.4756, 9.628 0.0298 -0.4837, 9.628 0.0252 -0.4909, 9.628 0.0201 -0.4957, 9.628 0.014 -0.4991, 9.628 0.0063 -0.5014, 9.628 -0.0035 -0.5022, 9.628 -0.0139 -0.5013, 9.628 -0.0231 -0.4984, 9.628 -0.0299 -0.4943, 9.628 -0.0354 -0.4888, 9.628 -0.0394 -0.4821, 9.628 -0.0419 -0.4738, 9.628 -0.0429 -0.4634, 9.628 -0.0429 -0.4494
            ]
        }
        coordIndex [
            0,1,2,-1,2,1,3,-1,1,4,3,-1,3,4,5,-1,4,6,5,-1,5,6,7,-1,6,8,7,-1,7,8,9,-1,8,10,9,-1,9,10,11,-1,10,0,11,-1,11,0,2,-1,8,6,10,-1,10,6,4,-1,10,4,0,-1,0,4,1,-1,12,13,14,-1,14,13,15,-1,15,13,16,-1,17,18,19,-1,17,19,20,-1,20,19,21,-1,20,21,16,-1,16,21,22,-1,16,22,15,-1,23,24,25,-1,23,25,26,-1,26,25,27,-1,26,27,28,-1,28,27,29,-1,28,29,30,-1,30,29,31,-1,30,31,32,-1,32,31,33,-1,32,33,34,-1,34,33,35,-1,34,35,36,-1,36,35,17,-1,17,35,37,-1,17,37,18,-1,38,39,40,-1,38,40,41,-1,41,40,42,-1,41,42,43,-1,43,42,44,-1,43,44,45,-1,45,44,46,-1,45,46,47,-1,47,46,48,-1,47,48,49,-1,49,48,50,-1,49,50,51,-1,51,50,24,-1,51,24,23,-1,52,53,54,-1,52,54,55,-1,55,54,39,-1,55,39,38,-1,52,56,53,-1,53,56,57,-1,58,59,60,-1,58,60,61,-1,61,60,57,-1,61,57,56,-1,62,63,64,-1,62,64,65,-1,65,64,66,-1,65,66,67,-1,67,66,68,-1,67,68,69,-1,69,68,70,-1,69,70,71,-1,71,70,72,-1,71,72,73,-1,73,72,74,-1,73,74,75,-1,75,74,59,-1,75,59,58,-1,76,77,78,-1,76,78,79,-1,79,78,80,-1,79,80,81,-1,81,80,82,-1,81,82,83,-1,83,82,84,-1,83,84,85,-1,85,84,86,-1,85,86,87,-1,87,86,88,-1,87,88,89,-1,89,88,63,-1,89,63,62,-1,12,14,90,-1,12,90,91,-1,91,90,92,-1,91,92,93,-1,93,92,77,-1,93,77,76,-1,79,17,76,-1,76,17,20,-1,76,20,93,-1,93,20,16,-1,93,16,91,-1,91,16,13,-1,91,13,12,-1,56,52,61,-1,61,52,55,-1,61,55,58,-1,58,55,38,-1,58,38,75,-1,75,38,41,-1,75,41,73,-1,73,41,43,-1,73,43,71,-1,71,43,45,-1,71,45,69,-1,69,45,47,-1,69,47,67,-1,67,47,49,-1,67,49,65,-1,65,49,51,-1,65,51,62,-1,62,51,23,-1,62,23,89,-1,89,23,26,-1,89,26,87,-1,87,26,28,-1,87,28,85,-1,85,28,30,-1,85,30,83,-1,83,30,32,-1,83,32,81,-1,81,32,34,-1,81,34,79,-1,79,34,36,-1,79,36,17,-1,94,95,96,-1,96,95,97,-1,95,98,97,-1,97,98,99,-1,98,100,99,-1,99,100,101,-1,100,102,101,-1,101,102,103,-1,102,104,103,-1,103,104,105,-1,104,106,105,-1,105,106,107,-1,106,108,107,-1,107,108,109,-1,108,110,109,-1,109,110,111,-1,110,112,111,-1,111,112,113,-1,112,114,113,-1,113,114,115,-1,114,116,115,-1,115,116,117,-1,116,94,117,-1,117,94,96,-1,98,95,94,-1,94,116,98,-1,98,116,114,-1,98,114,100,-1,104,102,106,-1,106,102,100,-1,106,100,108,-1,108,100,114,-1,108,114,110,-1,110,114,112,-1,118,119,120,-1,120,119,121,-1,119,122,121,-1,121,122,123,-1,122,124,123,-1,123,124,125,-1,126,127,128,-1,126,128,129,-1,129,128,130,-1,129,130,131,-1,131,130,132,-1,131,132,133,-1,133,132,134,-1,133,134,135,-1,135,134,136,-1,135,136,137,-1,137,136,138,-1,137,138,139,-1,139,138,140,-1,139,140,141,-1,141,140,125,-1,141,125,124,-1,118,120,142,-1,118,142,143,-1,143,142,144,-1,143,144,145,-1,145,144,146,-1,145,146,147,-1,147,146,148,-1,147,148,149,-1,149,148,150,-1,149,150,151,-1,151,150,152,-1,151,152,153,-1,153,152,127,-1,153,127,126,-1,131,133,154,-1,154,133,135,-1,154,135,155,-1,155,135,137,-1,155,137,156,-1,156,137,139,-1,156,139,157,-1,157,139,141,-1,157,141,158,-1,158,141,124,-1,158,124,159,-1,159,124,122,-1,159,122,160,-1,160,122,119,-1,160,119,161,-1,161,119,118,-1,161,118,162,-1,162,118,143,-1,162,143,163,-1,163,143,145,-1,163,145,164,-1,164,145,147,-1,164,147,165,-1,165,147,149,-1,165,149,166,-1,166,149,151,-1,166,151,167,-1,167,151,153,-1,167,153,168,-1,168,153,126,-1,168,126,169,-1,169,126,129,-1,169,129,170,-1,170,129,131,-1,170,131,154,-1,158,159,171,-1,171,159,172,-1,158,171,173,-1,158,173,157,-1,157,173,174,-1,157,174,156,-1,156,174,175,-1,156,175,155,-1,155,175,176,-1,155,176,154,-1,154,176,177,-1,154,177,170,-1,170,177,178,-1,170,178,169,-1,169,178,179,-1,169,179,168,-1,168,179,180,-1,168,180,167,-1,167,180,181,-1,167,181,166,-1,166,181,182,-1,166,182,165,-1,165,182,183,-1,165,183,164,-1,164,183,184,-1,164,184,163,-1,163,184,185,-1,163,185,162,-1,162,185,186,-1,162,186,161,-1,160,161,187,-1,187,161,186,-1,159,160,172,-1,172,160,187,-1,
        ]
    }
}
Shape{
    appearance Appearance {
        material  Material 	{
            diffuseColor 0.9490196078431372 0.7607843137254902 0.1803921568627451
            specularColor 0.7607843137254902 0.6078431372549019 0.1450980392156863
            ambientIntensity 0.7509
            transparency 0.0
            shininess 0.5
        }
    }
    geometry IndexedFaceSet {
        ccw TRUE
        solid FALSE
        coord DEF co Coordinate {
            point [
                9.628 0.0339 -0.4494, 9.628 -0.0429 -0.4494, 9.628 0.0339 -0.4639, 9.628 -0.0429 -0.4634, 9.628 -0.0419 -0.4738, 9.628 -0.0035 -0.5022, 9.628 0.0063 -0.5014, 9.628 0.014 -0.4991, 9.628 0.0327 -0.4756, 9.628 -0.0394 -0.4821, 9.628 -0.0354 -0.4888, 9.628 -0.0299 -0.4943, 9.628 -0.0231 -0.4984, 9.628 -0.0139 -0.5013, 9.628 0.0201 -0.4957, 9.628 0.0252 -0.4909, 9.628 0.0298 -0.4837
            ]
        }
        coordIndex [
            0,1,2,-1,2,1,3,-1,2,3,4,-1,5,6,2,-1,2,6,7,-1,2,7,8,-1,4,9,2,-1,2,9,10,-1,2,10,11,-1,11,12,2,-1,2,12,13,-1,2,13,5,-1,14,15,7,-1,7,15,16,-1,7,16,8,-1,
        ]
    }
}
Shape{
    appearance Appearance {
        material  Material 	{
            diffuseColor 0.0 0.0 0.0
            specularColor 0.0 0.0 0.0
            ambientIntensity 0.0
            transparency 0.0
            shininess 0.5
        }
    }
    geometry IndexedFaceSet {
        ccw TRUE
        solid FALSE
        coord DEF co Coordinate {
            point [
                9.624 0.0447 -0.573, 9.624 -0.0537 -0.6115, 9.628 0.0447 -0.573, 9.628 -0.0537 -0.6115, 9.624 -0.0537 -0.5971, 9.628 -0.0537 -0.5971, 9.624 -0.0261 -0.5871, 9.628 -0.0261 -0.5871, 9.624 -0.0261 -0.5464, 9.628 -0.0261 -0.5464, 9.624 -0.0537 -0.537, 9.628 -0.0537 -0.537, 9.624 -0.0537 -0.5226, 9.628 -0.0537 -0.5226, 9.624 0.0447 -0.5598, 9.628 0.0447 -0.5598, 9.624 -0.0153 -0.5498, 9.624 -0.0153 -0.5827, 9.624 0.0258 -0.5644, 9.624 0.0292 -0.5654, 9.624 0.0327 -0.566, 9.624 0.0327 -0.5663, 9.624 0.0292 -0.567, 9.624 0.0258 -0.5679, 9.628 -0.0153 -0.5498, 9.628 -0.0153 -0.5827, 9.628 0.0258 -0.5644, 9.628 0.0292 -0.5654, 9.628 0.0327 -0.566, 9.628 0.0327 -0.5663, 9.628 0.0292 -0.567, 9.628 0.0258 -0.5679
            ]
        }
        coordIndex [
            0,1,2,-1,2,1,3,-1,1,4,3,-1,3,4,5,-1,4,6,5,-1,5,6,7,-1,6,8,7,-1,7,8,9,-1,8,10,9,-1,9,10,11,-1,10,12,11,-1,11,12,13,-1,12,14,13,-1,13,14,15,-1,14,0,15,-1,15,0,2,-1,16,8,17,-1,17,8,6,-1,18,14,16,-1,16,14,12,-1,16,12,8,-1,8,12,10,-1,18,19,14,-1,14,19,20,-1,14,20,0,-1,0,20,21,-1,0,21,22,-1,22,23,0,-1,0,23,17,-1,0,17,1,-1,1,17,6,-1,1,6,4,-1,16,17,24,-1,24,17,25,-1,18,16,26,-1,26,16,24,-1,18,26,27,-1,18,27,19,-1,19,27,28,-1,19,28,20,-1,21,20,29,-1,29,20,28,-1,21,29,30,-1,21,30,22,-1,22,30,31,-1,22,31,23,-1,17,23,25,-1,25,23,31,-1,
        ]
    }
}
Shape{
    appearance Appearance {
        material  Material 	{
            diffuseColor 0.9490196078431372 0.7607843137254902 0.1803921568627451
            specularColor 0.7607843137254902 0.6078431372549019 0.1450980392156863
            ambientIntensity 0.7509
            transparency 0.0
            shininess 0.5
        }
    }
    geometry IndexedFaceSet {
        ccw TRUE
        solid FALSE
        coord DEF co Coordinate {
            point [
                9.628 -0.0153 -0.5498, 9.628 -0.0153 -0.5827, 9.628 0.0258 -0.5644, 9.628 0.0258 -0.5679, 9.628 0.0292 -0.5654, 9.628 0.0292 -0.567, 9.628 0.0327 -0.566, 9.628 0.0327 -0.5663, 8.628 0.0351 -0.3219, 8.628 0.034 -0.3122, 8.628 -0.0388 -0.3432, 8.628 -0.0378 -0.345, 8.628 -0.0486 -0.345, 8.628 -0.0543 -0.3546, 8.628 -0.0537 -0.213, 8.628 -0.0543 -0.3121, 8.628 -0.0537 -0.2634, 8.628 -0.0537 -0.3058, 8.628 -0.0504 -0.2962, 8.628 0.0336 -0.3339, 8.628 0.0288 -0.345, 8.628 0.0787 -0.3546, 8.628 0.042 -0.345, 8.628 0.0314 -0.3049, 8.628 0.0268 -0.2981, 8.628 0.0202 -0.2921, 8.628 -0.0056 -0.285, 8.628 -0.0162 -0.286, 8.628 -0.0247 -0.2886, 8.628 -0.0431 -0.3105, 8.628 -0.0441 -0.3197, 8.628 -0.0404 -0.3034, 8.628 -0.0364 -0.2973, 8.628 -0.0315 -0.2927, 8.628 -0.0427 -0.3328, 8.628 0.0188 -0.277, 8.628 0.028 -0.2827, 8.628 0.0447 -0.2262, 8.628 0.0365 -0.2916, 8.628 0.0126 -0.2881, 8.628 0.0021 -0.2854, 8.628 -0.0453 -0.2883, 8.628 -0.0375 -0.2809, 8.628 -0.0429 -0.2634, 8.628 -0.0282 -0.2757, 8.628 -0.0429 -0.2262, 8.628 0.0419 -0.301, 8.628 0.0451 -0.3119, 8.628 -0.0178 -0.2727, 8.628 -0.0064 -0.2718, 8.628 0.0076 -0.2732, 8.628 0.0459 -0.3218, 8.628 0.0451 -0.3336, 8.628 -0.0529 -0.3345, 8.628 -0.0543 -0.3246, 8.628 -0.0787 -0.3546, 8.628 -0.0549 -0.3206, 8.628 -0.0549 -0.3179, 8.628 0.0447 -0.213, 8.628 0.0787 0.0472, 8.628 -0.0543 0.0472, 8.628 -0.0787 0.0472, 8.628 0.0447 -0.4146, 8.628 0.0787 -0.8171, 8.628 0.0447 -0.3642, 8.628 -0.0537 -0.5226, 8.628 -0.0267 -0.5105, 8.628 -0.0355 -0.5049, 8.628 0.0339 -0.3774, 8.628 0.0015 -0.3774, 8.628 0.0339 -0.4146, 8.628 0.0015 -0.4122, 8.628 -0.0093 -0.4122, 8.628 -0.0537 -0.4362, 8.628 0.0447 -0.4362, 8.628 -0.0433 -0.4968, 8.628 -0.0493 -0.4865, 8.628 -0.0527 -0.4752, 8.628 0.0432 -0.4782, 8.628 0.0391 -0.4897, 8.628 0.0447 -0.5598, 8.628 0.032 -0.5004, 8.628 -0.0537 -0.6115, 8.628 -0.0543 -0.8171, 8.628 0.0447 -0.573, 8.628 0.0319 -0.5005, 8.628 0.0242 -0.5075, 8.628 0.0157 -0.5121, 8.628 0.0447 -0.464, 8.628 0.006 -0.5147, 8.628 -0.0033 -0.5154, 8.628 -0.0164 -0.5141, 8.628 -0.0537 -0.463, 8.628 -0.0093 -0.3774, 8.628 -0.0429 -0.3774, 8.628 -0.0429 -0.417, 8.628 -0.0537 -0.417, 8.628 -0.0537 -0.3642, 8.628 -0.0261 -0.5871, 8.628 -0.0261 -0.5464, 8.628 -0.0537 -0.5971, 8.628 -0.0537 -0.537, 8.628 -0.0787 -0.8171, 8.7835 -0.0787 0.1969, 8.7835 0.0787 0.1969, 8.8168 0.0787 0.2006, 8.8168 -0.0787 0.2006, 8.8484 0.0787 0.2117, 8.8484 -0.0787 0.2117, 8.8767 0.0787 0.2295, 8.8767 -0.0787 0.2295, 8.9004 0.0787 0.2532, 8.9004 -0.0787 0.2532, 8.9183 0.0787 0.2815, 8.9183 -0.0787 0.2815, 8.9293 0.0787 0.3132, 8.9293 -0.0787 0.3132, 8.9331 0.0787 0.3465, 8.9331 -0.0787 0.3465, 8.9331 0.0787 2.3032, 8.9331 -0.0787 2.3032, 8.9311 0.0787 2.3184, 8.9311 -0.0787 2.3184, 8.9252 0.0787 2.3327, 8.9252 -0.0787 2.3327, 8.9158 0.0787 2.3449, 8.9158 -0.0787 2.3449, 8.9035 0.0787 2.3543, 8.9035 -0.0787 2.3543, 8.8893 0.0787 2.3602, 8.8893 -0.0787 2.3602, 8.874 0.0787 2.3622, 8.874 -0.0787 2.3622, 8.7953 0.0787 2.3622, 8.7953 -0.0787 2.3622, 8.78 0.0787 2.3602, 8.78 -0.0787 2.3602, 8.7657 0.0787 2.3543, 8.7657 -0.0787 2.3543, 8.7535 0.0787 2.3449, 8.7535 -0.0787 2.3449, 8.7441 0.0787 2.3327, 8.7441 -0.0787 2.3327, 8.7382 0.0787 2.3184, 8.7382 -0.0787 2.3184, 8.7362 0.0787 2.3032, 8.7362 -0.0787 2.3032, 8.7362 0.0787 0.709, 8.7362 -0.0787 0.709, 8.7326 -0.0787 0.6752, 8.7326 0.0787 0.6752, 8.7217 -0.0787 0.643, 8.7217 0.0787 0.643, 8.7042 -0.0787 0.6138, 8.7042 0.0787 0.6138, 8.6809 -0.0787 0.5891, 8.6809 0.0787 0.5891, 8.6264 -0.0787 0.5528, 8.6264 0.0787 0.5528, 8.565 -0.0787 0.5302, 8.565 0.0787 0.5302, 8.5 -0.0787 0.5225, 8.5 0.0787 0.5225, 8.435 -0.0787 0.5302, 8.435 0.0787 0.5302, 8.3736 -0.0787 0.5528, 8.3736 0.0787 0.5528, 8.3191 -0.0787 0.5891, 8.3191 0.0787 0.5891, 8.2958 -0.0787 0.6138, 8.2958 0.0787 0.6138, 8.2783 -0.0787 0.643, 8.2783 0.0787 0.643, 8.2674 -0.0787 0.6752, 8.2674 0.0787 0.6752, 8.2638 -0.0787 0.709, 8.2638 0.0787 0.709, 8.2638 0.0787 2.3032, 8.2638 -0.0787 2.3032, 8.2618 0.0787 2.3184, 8.2618 -0.0787 2.3184, 8.2559 0.0787 2.3327, 8.2559 -0.0787 2.3327, 8.2465 0.0787 2.3449, 8.2465 -0.0787 2.3449, 8.2343 0.0787 2.3543, 8.2343 -0.0787 2.3543, 8.22 0.0787 2.3602, 8.22 -0.0787 2.3602, 8.2047 0.0787 2.3622, 8.2047 -0.0787 2.3622, 8.126 0.0787 2.3622, 8.126 -0.0787 2.3622, 8.1107 0.0787 2.3602, 8.1107 -0.0787 2.3602, 8.0965 0.0787 2.3543, 8.0965 -0.0787 2.3543, 8.0842 0.0787 2.3449, 8.0842 -0.0787 2.3449, 8.0748 0.0787 2.3327, 8.0748 -0.0787 2.3327, 8.0689 0.0787 2.3184, 8.0689 -0.0787 2.3184, 8.0669 0.0787 2.3032, 8.0669 -0.0787 2.3032, 8.0669 0.0787 0.3465, 8.0669 -0.0787 0.3465, 8.0707 0.0787 0.3132, 8.0707 -0.0787 0.3132, 8.0817 0.0787 0.2815, 8.0817 -0.0787 0.2815, 8.0996 0.0787 0.2532, 8.0996 -0.0787 0.2532, 8.1233 0.0787 0.2295, 8.1233 -0.0787 0.2295, 8.1516 0.0787 0.2117, 8.1516 -0.0787 0.2117, 8.1832 0.0787 0.2006, 8.1832 -0.0787 0.2006, 8.2165 0.0787 0.1969, 8.2165 -0.0787 0.1969, 8.2224 0.0787 0.1969, 8.2224 -0.0787 0.1969, 8.2557 -0.0787 0.1931, 8.2557 0.0787 0.1931, 8.2874 -0.0787 0.182, 8.2874 0.0787 0.182, 8.3157 -0.0787 0.1642, 8.3157 0.0787 0.1642, 8.3394 -0.0787 0.1405, 8.3394 0.0787 0.1405, 8.3572 -0.0787 0.1122, 8.3572 0.0787 0.1122, 8.3683 -0.0787 0.0805, 8.3683 0.0787 0.0805, 8.372 -0.0787 0.0472, 8.372 0.0787 0.0472, 8.372 0.0787 -0.8171, 8.372 -0.0787 -0.8171, 8.3781 0.0787 -0.9148, 8.3781 -0.0787 -0.9148, 8.4071 0.0787 -1.1466, 8.4071 -0.0787 -1.1466, 8.4094 0.0787 -1.1558, 8.4094 -0.0787 -1.1558, 8.4138 0.0787 -1.1642, 8.4138 -0.0787 -1.1642, 8.4201 0.0787 -1.1712, 8.4201 -0.0787 -1.1712, 8.4279 0.0787 -1.1766, 8.4279 -0.0787 -1.1766, 8.4368 0.0787 -1.18, 8.4368 -0.0787 -1.18, 8.4462 0.0787 -1.1811, 8.4462 -0.0787 -1.1811, 8.5538 0.0787 -1.1811, 8.5538 -0.0787 -1.1811, 8.5632 0.0787 -1.18, 8.5632 -0.0787 -1.18, 8.5721 0.0787 -1.1766, 8.5721 -0.0787 -1.1766, 8.5799 0.0787 -1.1712, 8.5799 -0.0787 -1.1712, 8.5862 0.0787 -1.1642, 8.5862 -0.0787 -1.1642, 8.5906 0.0787 -1.1558, 8.5906 -0.0787 -1.1558, 8.5929 0.0787 -1.1466, 8.5929 -0.0787 -1.1466, 8.6219 0.0787 -0.9148, 8.6219 -0.0787 -0.9148, 8.6317 0.0787 0.0805, 8.6317 -0.0787 0.0805, 8.6428 -0.0787 0.1122, 8.6428 0.0787 0.1122, 8.6606 -0.0787 0.1405, 8.6606 0.0787 0.1405, 8.6843 -0.0787 0.1642, 8.6843 0.0787 0.1642, 8.7126 -0.0787 0.182, 8.7126 0.0787 0.182, 8.7443 -0.0787 0.1931, 8.7443 0.0787 0.1931, 8.7776 -0.0787 0.1969, 8.7776 0.0787 0.1969
            ]
        }
        coordIndex [
            0,1,2,-1,2,1,3,-1,2,3,4,-1,4,3,5,-1,4,5,6,-1,6,5,7,-1,8,9,10,-1,11,12,13,-1,14,15,16,-1,16,15,17,-1,16,17,18,-1,8,10,19,-1,19,10,11,-1,19,11,20,-1,20,11,21,-1,20,21,22,-1,9,23,10,-1,10,23,24,-1,10,24,25,-1,26,27,10,-1,10,27,28,-1,29,30,31,-1,31,30,32,-1,28,33,10,-1,10,33,32,-1,10,32,34,-1,34,32,30,-1,35,36,37,-1,37,36,38,-1,25,39,10,-1,10,39,40,-1,10,40,26,-1,18,41,16,-1,16,41,42,-1,16,42,43,-1,43,42,44,-1,43,44,45,-1,46,47,21,-1,44,48,45,-1,45,48,49,-1,45,49,37,-1,37,49,50,-1,37,50,35,-1,47,51,21,-1,21,51,52,-1,21,52,22,-1,12,53,13,-1,13,53,54,-1,13,54,55,-1,54,56,55,-1,55,56,57,-1,55,57,15,-1,38,46,37,-1,37,46,21,-1,37,21,58,-1,58,21,59,-1,58,59,14,-1,14,59,60,-1,14,60,15,-1,15,60,61,-1,15,61,55,-1,62,63,21,-1,11,13,21,-1,21,13,64,-1,21,64,62,-1,65,66,67,-1,68,69,70,-1,70,69,71,-1,72,73,71,-1,71,73,74,-1,71,74,70,-1,67,75,65,-1,65,75,76,-1,65,76,77,-1,78,79,80,-1,80,79,81,-1,82,83,84,-1,84,83,63,-1,84,63,80,-1,81,85,80,-1,80,85,86,-1,80,86,87,-1,78,80,88,-1,88,80,63,-1,88,63,74,-1,74,63,62,-1,74,62,70,-1,87,89,80,-1,80,89,90,-1,80,90,65,-1,65,90,91,-1,65,91,66,-1,13,92,73,-1,93,94,72,-1,72,94,95,-1,72,95,73,-1,73,95,96,-1,73,96,13,-1,13,96,97,-1,13,97,64,-1,98,99,100,-1,100,99,101,-1,100,101,13,-1,13,101,65,-1,13,65,92,-1,92,65,77,-1,82,100,83,-1,83,100,13,-1,83,13,102,-1,102,13,55,-1,103,104,105,-1,103,105,106,-1,106,105,107,-1,106,107,108,-1,108,107,109,-1,108,109,110,-1,110,109,111,-1,110,111,112,-1,112,111,113,-1,112,113,114,-1,114,113,115,-1,114,115,116,-1,116,115,117,-1,116,117,118,-1,119,120,117,-1,117,120,118,-1,120,119,121,-1,120,121,122,-1,122,121,123,-1,122,123,124,-1,124,123,125,-1,124,125,126,-1,126,125,127,-1,126,127,128,-1,128,127,129,-1,128,129,130,-1,130,129,131,-1,130,131,132,-1,133,134,131,-1,131,134,132,-1,134,133,135,-1,134,135,136,-1,136,135,137,-1,136,137,138,-1,138,137,139,-1,138,139,140,-1,140,139,141,-1,140,141,142,-1,142,141,143,-1,142,143,144,-1,144,143,145,-1,144,145,146,-1,147,148,145,-1,145,148,146,-1,148,147,149,-1,149,147,150,-1,149,150,151,-1,151,150,152,-1,151,152,153,-1,153,152,154,-1,153,154,155,-1,155,154,156,-1,155,156,157,-1,157,156,158,-1,157,158,159,-1,159,158,160,-1,159,160,161,-1,161,160,162,-1,161,162,163,-1,163,162,164,-1,163,164,165,-1,165,164,166,-1,165,166,167,-1,167,166,168,-1,167,168,169,-1,169,168,170,-1,169,170,171,-1,171,170,172,-1,171,172,173,-1,173,172,174,-1,173,174,175,-1,175,174,176,-1,177,178,176,-1,176,178,175,-1,178,177,179,-1,178,179,180,-1,180,179,181,-1,180,181,182,-1,182,181,183,-1,182,183,184,-1,184,183,185,-1,184,185,186,-1,186,185,187,-1,186,187,188,-1,188,187,189,-1,188,189,190,-1,191,192,189,-1,189,192,190,-1,192,191,193,-1,192,193,194,-1,194,193,195,-1,194,195,196,-1,196,195,197,-1,196,197,198,-1,198,197,199,-1,198,199,200,-1,200,199,201,-1,200,201,202,-1,202,201,203,-1,202,203,204,-1,205,206,203,-1,203,206,204,-1,206,205,207,-1,206,207,208,-1,208,207,209,-1,208,209,210,-1,210,209,211,-1,210,211,212,-1,212,211,213,-1,212,213,214,-1,214,213,215,-1,214,215,216,-1,216,215,217,-1,216,217,218,-1,218,217,219,-1,218,219,220,-1,221,222,219,-1,219,222,220,-1,222,221,223,-1,223,221,224,-1,223,224,225,-1,225,224,226,-1,225,226,227,-1,227,226,228,-1,227,228,229,-1,229,228,230,-1,229,230,231,-1,231,230,232,-1,231,232,233,-1,233,232,234,-1,233,234,235,-1,235,234,236,-1,237,238,236,-1,236,238,235,-1,237,239,238,-1,238,239,240,-1,241,242,239,-1,239,242,240,-1,242,241,243,-1,242,243,244,-1,244,243,245,-1,244,245,246,-1,246,245,247,-1,246,247,248,-1,248,247,249,-1,248,249,250,-1,250,249,251,-1,250,251,252,-1,252,251,253,-1,252,253,254,-1,255,256,253,-1,253,256,254,-1,256,255,257,-1,256,257,258,-1,258,257,259,-1,258,259,260,-1,260,259,261,-1,260,261,262,-1,262,261,263,-1,262,263,264,-1,264,263,265,-1,264,265,266,-1,266,265,267,-1,266,267,268,-1,269,270,267,-1,267,270,268,-1,102,270,83,-1,83,270,269,-1,83,269,63,-1,60,59,271,-1,61,60,272,-1,272,60,271,-1,272,271,273,-1,273,271,274,-1,273,274,275,-1,275,274,276,-1,275,276,277,-1,277,276,278,-1,277,278,279,-1,279,278,280,-1,279,280,281,-1,281,280,282,-1,281,282,283,-1,283,282,284,-1,104,103,284,-1,284,103,283,-1,108,110,157,-1,275,277,159,-1,159,277,279,-1,159,279,157,-1,157,279,281,-1,157,281,283,-1,283,103,157,-1,157,103,106,-1,157,106,108,-1,275,159,273,-1,273,159,161,-1,273,161,272,-1,148,149,118,-1,231,161,229,-1,229,161,163,-1,229,163,227,-1,149,151,118,-1,118,151,153,-1,118,153,116,-1,116,153,155,-1,116,155,114,-1,114,155,157,-1,114,157,112,-1,112,157,110,-1,270,102,256,-1,256,102,55,-1,256,55,161,-1,161,55,61,-1,161,61,272,-1,220,222,165,-1,165,222,223,-1,165,223,163,-1,163,223,225,-1,163,225,227,-1,167,208,210,-1,167,210,165,-1,165,210,212,-1,165,212,214,-1,144,146,134,-1,238,256,235,-1,235,256,161,-1,235,161,233,-1,233,161,231,-1,238,240,256,-1,256,240,242,-1,256,242,254,-1,254,242,252,-1,214,216,165,-1,165,216,218,-1,165,218,220,-1,208,167,206,-1,206,167,169,-1,206,169,171,-1,134,146,132,-1,264,266,256,-1,256,266,268,-1,256,268,270,-1,244,246,248,-1,134,136,138,-1,244,248,242,-1,242,248,250,-1,242,250,252,-1,180,182,190,-1,202,204,192,-1,192,204,206,-1,192,206,190,-1,148,118,146,-1,146,118,120,-1,146,120,132,-1,132,120,122,-1,132,122,124,-1,138,140,134,-1,134,140,142,-1,134,142,144,-1,264,256,262,-1,262,256,258,-1,262,258,260,-1,171,173,206,-1,206,173,175,-1,206,175,190,-1,190,175,178,-1,190,178,180,-1,126,128,124,-1,124,128,130,-1,124,130,132,-1,182,184,190,-1,190,184,186,-1,190,186,188,-1,192,194,196,-1,196,198,192,-1,192,198,200,-1,192,200,202,-1,111,109,158,-1,228,226,164,-1,274,162,276,-1,276,162,160,-1,276,160,278,-1,104,284,158,-1,158,284,282,-1,158,282,160,-1,160,282,280,-1,160,280,278,-1,109,107,158,-1,158,107,105,-1,158,105,104,-1,164,226,166,-1,226,224,166,-1,166,224,221,-1,166,221,219,-1,162,232,164,-1,164,232,230,-1,164,230,228,-1,111,158,113,-1,113,158,156,-1,113,156,115,-1,115,156,117,-1,117,156,154,-1,117,154,152,-1,219,217,166,-1,166,217,215,-1,166,215,213,-1,174,172,205,-1,205,172,170,-1,205,170,207,-1,207,170,168,-1,207,168,209,-1,209,168,166,-1,209,166,211,-1,211,166,213,-1,239,237,255,-1,255,237,236,-1,255,236,162,-1,162,236,234,-1,162,234,232,-1,274,271,162,-1,162,271,59,-1,162,59,21,-1,152,150,117,-1,117,150,147,-1,117,147,119,-1,119,147,145,-1,203,177,205,-1,205,177,176,-1,205,176,174,-1,141,133,143,-1,143,133,145,-1,145,133,119,-1,119,133,131,-1,119,131,121,-1,127,125,123,-1,199,191,201,-1,201,191,203,-1,203,191,177,-1,177,191,189,-1,177,189,179,-1,239,255,241,-1,241,255,253,-1,241,253,251,-1,21,63,162,-1,162,63,269,-1,162,269,255,-1,255,269,267,-1,255,267,265,-1,141,139,133,-1,133,139,137,-1,133,137,135,-1,199,197,191,-1,191,197,195,-1,191,195,193,-1,189,187,185,-1,245,243,247,-1,247,243,241,-1,247,241,249,-1,249,241,251,-1,265,263,255,-1,255,263,261,-1,255,261,257,-1,257,261,259,-1,121,131,123,-1,123,131,129,-1,123,129,127,-1,185,183,189,-1,189,183,181,-1,189,181,179,-1,
        ]
    }
}
Shape{
    appearance Appearance {
        material  Material 	{
            diffuseColor 0.0 0.0 0.0
            specularColor 0.0 0.0 0.0
            ambientIntensity 0.0
            transparency 0.0
            shininess 0.5
        }
    }
    geometry IndexedFaceSet {
        ccw TRUE
        solid FALSE
        coord DEF co Coordinate {
            point [
                8.624 -0.0429 -0.2634, 8.624 -0.0537 -0.2634, 8.628 -0.0429 -0.2634, 8.628 -0.0537 -0.2634, 8.624 -0.0537 -0.213, 8.628 -0.0537 -0.213, 8.624 0.0447 -0.213, 8.628 0.0447 -0.213, 8.624 0.0447 -0.2262, 8.628 0.0447 -0.2262, 8.624 -0.0429 -0.2262, 8.628 -0.0429 -0.2262, 8.624 -0.0378 -0.345, 8.624 -0.0486 -0.345, 8.628 -0.0378 -0.345, 8.628 -0.0486 -0.345, 8.624 -0.0529 -0.3345, 8.624 -0.0549 -0.3179, 8.628 -0.0549 -0.3179, 8.628 -0.0549 -0.3206, 8.624 -0.0549 -0.3206, 8.628 -0.0543 -0.3246, 8.628 -0.0529 -0.3345, 8.624 -0.0064 -0.2718, 8.628 -0.0064 -0.2718, 8.628 -0.0178 -0.2727, 8.624 -0.0178 -0.2727, 8.628 -0.0282 -0.2757, 8.624 -0.0282 -0.2757, 8.628 -0.0375 -0.2809, 8.624 -0.0375 -0.2809, 8.628 -0.0453 -0.2883, 8.624 -0.0453 -0.2883, 8.628 -0.0504 -0.2962, 8.624 -0.0504 -0.2962, 8.628 -0.0537 -0.3058, 8.624 -0.0537 -0.3058, 8.628 -0.0543 -0.3121, 8.624 0.0459 -0.3218, 8.628 0.0459 -0.3218, 8.628 0.0451 -0.3119, 8.624 0.0451 -0.3119, 8.628 0.0419 -0.301, 8.624 0.0419 -0.301, 8.628 0.0365 -0.2916, 8.624 0.0365 -0.2916, 8.628 0.028 -0.2827, 8.624 0.028 -0.2827, 8.628 0.0188 -0.277, 8.624 0.0188 -0.277, 8.628 0.0076 -0.2732, 8.624 0.0076 -0.2732, 8.624 0.042 -0.345, 8.628 0.042 -0.345, 8.628 0.0451 -0.3336, 8.624 0.0451 -0.3336, 8.624 0.0288 -0.345, 8.628 0.0288 -0.345, 8.624 0.0351 -0.3219, 8.628 0.0351 -0.3219, 8.628 0.0336 -0.3339, 8.624 0.0336 -0.3339, 8.624 -0.0056 -0.285, 8.628 -0.0056 -0.285, 8.628 0.0021 -0.2854, 8.624 0.0021 -0.2854, 8.628 0.0126 -0.2881, 8.624 0.0126 -0.2881, 8.628 0.0202 -0.2921, 8.624 0.0202 -0.2921, 8.628 0.0268 -0.2981, 8.624 0.0268 -0.2981, 8.628 0.0314 -0.3049, 8.624 0.0314 -0.3049, 8.628 0.034 -0.3122, 8.624 0.034 -0.3122, 8.624 -0.0441 -0.3197, 8.628 -0.0441 -0.3197, 8.628 -0.0431 -0.3105, 8.624 -0.0431 -0.3105, 8.628 -0.0404 -0.3034, 8.624 -0.0404 -0.3034, 8.628 -0.0364 -0.2973, 8.624 -0.0364 -0.2973, 8.628 -0.0315 -0.2927, 8.624 -0.0315 -0.2927, 8.628 -0.0247 -0.2886, 8.624 -0.0247 -0.2886, 8.628 -0.0162 -0.286, 8.624 -0.0162 -0.286, 8.628 -0.0388 -0.3432, 8.624 -0.0388 -0.3432, 8.628 -0.0427 -0.3328, 8.624 -0.0427 -0.3328, 8.624 -0.0429 -0.417, 8.624 -0.0537 -0.417, 8.628 -0.0429 -0.417, 8.628 -0.0537 -0.417, 8.624 -0.0537 -0.3642, 8.628 -0.0537 -0.3642, 8.624 0.0447 -0.3642, 8.628 0.0447 -0.3642, 8.624 0.0447 -0.4146, 8.628 0.0447 -0.4146, 8.624 0.0339 -0.4146, 8.628 0.0339 -0.4146, 8.624 0.0339 -0.3774, 8.628 0.0339 -0.3774, 8.624 0.0015 -0.3774, 8.628 0.0015 -0.3774, 8.624 0.0015 -0.4122, 8.628 0.0015 -0.4122, 8.624 -0.0093 -0.4122, 8.628 -0.0093 -0.4122, 8.624 -0.0093 -0.3774, 8.628 -0.0093 -0.3774, 8.624 -0.0429 -0.3774, 8.628 -0.0429 -0.3774, 8.624 -0.0537 -0.463, 8.624 -0.0537 -0.4362, 8.628 -0.0537 -0.463, 8.628 -0.0537 -0.4362, 8.624 0.0447 -0.4362, 8.628 0.0447 -0.4362, 8.624 0.0447 -0.464, 8.628 0.0447 -0.464, 8.624 -0.0033 -0.5154, 8.628 -0.0033 -0.5154, 8.628 0.006 -0.5147, 8.624 0.006 -0.5147, 8.628 0.0157 -0.5121, 8.624 0.0157 -0.5121, 8.628 0.0242 -0.5075, 8.624 0.0242 -0.5075, 8.628 0.0319 -0.5005, 8.624 0.0319 -0.5005, 8.628 0.032 -0.5004, 8.624 0.032 -0.5004, 8.628 0.0391 -0.4897, 8.624 0.0391 -0.4897, 8.628 0.0432 -0.4782, 8.624 0.0432 -0.4782, 8.628 -0.0527 -0.4752, 8.624 -0.0527 -0.4752, 8.628 -0.0493 -0.4865, 8.624 -0.0493 -0.4865, 8.628 -0.0433 -0.4968, 8.624 -0.0433 -0.4968, 8.628 -0.0355 -0.5049, 8.624 -0.0355 -0.5049, 8.628 -0.0267 -0.5105, 8.624 -0.0267 -0.5105, 8.628 -0.0164 -0.5141, 8.624 -0.0164 -0.5141, 8.624 0.0201 -0.4957, 8.624 0.0252 -0.4909, 8.624 0.0298 -0.4837, 8.624 0.0327 -0.4756, 8.624 0.0339 -0.4639, 8.624 0.0339 -0.4494, 8.624 -0.0429 -0.4494, 8.624 -0.0429 -0.4634, 8.624 -0.0419 -0.4738, 8.624 -0.0394 -0.4821, 8.624 -0.0354 -0.4888, 8.624 -0.0299 -0.4943, 8.624 -0.0231 -0.4984, 8.624 -0.0139 -0.5013, 8.624 -0.0035 -0.5022, 8.624 0.0063 -0.5014, 8.624 0.014 -0.4991, 8.628 0.0339 -0.4639, 8.628 0.0339 -0.4494, 8.628 0.0327 -0.4756, 8.628 0.0298 -0.4837, 8.628 0.0252 -0.4909, 8.628 0.0201 -0.4957, 8.628 0.014 -0.4991, 8.628 0.0063 -0.5014, 8.628 -0.0035 -0.5022, 8.628 -0.0139 -0.5013, 8.628 -0.0231 -0.4984, 8.628 -0.0299 -0.4943, 8.628 -0.0354 -0.4888, 8.628 -0.0394 -0.4821, 8.628 -0.0419 -0.4738, 8.628 -0.0429 -0.4634, 8.628 -0.0429 -0.4494
            ]
        }
        coordIndex [
            0,1,2,-1,2,1,3,-1,1,4,3,-1,3,4,5,-1,4,6,5,-1,5,6,7,-1,6,8,7,-1,7,8,9,-1,8,10,9,-1,9,10,11,-1,10,0,11,-1,11,0,2,-1,8,6,10,-1,10,6,4,-1,10,4,0,-1,0,4,1,-1,12,13,14,-1,14,13,15,-1,15,13,16,-1,17,18,19,-1,17,19,20,-1,20,19,21,-1,20,21,16,-1,16,21,22,-1,16,22,15,-1,23,24,25,-1,23,25,26,-1,26,25,27,-1,26,27,28,-1,28,27,29,-1,28,29,30,-1,30,29,31,-1,30,31,32,-1,32,31,33,-1,32,33,34,-1,34,33,35,-1,34,35,36,-1,36,35,17,-1,17,35,37,-1,17,37,18,-1,38,39,40,-1,38,40,41,-1,41,40,42,-1,41,42,43,-1,43,42,44,-1,43,44,45,-1,45,44,46,-1,45,46,47,-1,47,46,48,-1,47,48,49,-1,49,48,50,-1,49,50,51,-1,51,50,24,-1,51,24,23,-1,52,53,54,-1,52,54,55,-1,55,54,39,-1,55,39,38,-1,52,56,53,-1,53,56,57,-1,58,59,60,-1,58,60,61,-1,61,60,57,-1,61,57,56,-1,62,63,64,-1,62,64,65,-1,65,64,66,-1,65,66,67,-1,67,66,68,-1,67,68,69,-1,69,68,70,-1,69,70,71,-1,71,70,72,-1,71,72,73,-1,73,72,74,-1,73,74,75,-1,75,74,59,-1,75,59,58,-1,76,77,78,-1,76,78,79,-1,79,78,80,-1,79,80,81,-1,81,80,82,-1,81,82,83,-1,83,82,84,-1,83,84,85,-1,85,84,86,-1,85,86,87,-1,87,86,88,-1,87,88,89,-1,89,88,63,-1,89,63,62,-1,12,14,90,-1,12,90,91,-1,91,90,92,-1,91,92,93,-1,93,92,77,-1,93,77,76,-1,79,17,76,-1,76,17,20,-1,76,20,93,-1,93,20,16,-1,93,16,91,-1,91,16,13,-1,91,13,12,-1,56,52,61,-1,61,52,55,-1,61,55,58,-1,58,55,38,-1,58,38,75,-1,75,38,41,-1,75,41,73,-1,73,41,43,-1,73,43,71,-1,71,43,45,-1,71,45,69,-1,69,45,47,-1,69,47,67,-1,67,47,49,-1,67,49,65,-1,65,49,51,-1,65,51,62,-1,62,51,23,-1,62,23,89,-1,89,23,26,-1,89,26,87,-1,87,26,28,-1,87,28,85,-1,85,28,30,-1,85,30,83,-1,83,30,32,-1,83,32,81,-1,81,32,34,-1,81,34,79,-1,79,34,36,-1,79,36,17,-1,94,95,96,-1,96,95,97,-1,95,98,97,-1,97,98,99,-1,98,100,99,-1,99,100,101,-1,100,102,101,-1,101,102,103,-1,102,104,103,-1,103,104,105,-1,104,106,105,-1,105,106,107,-1,106,108,107,-1,107,108,109,-1,108,110,109,-1,109,110,111,-1,110,112,111,-1,111,112,113,-1,112,114,113,-1,113,114,115,-1,114,116,115,-1,115,116,117,-1,116,94,117,-1,117,94,96,-1,98,95,94,-1,94,116,98,-1,98,116,114,-1,98,114,100,-1,104,102,106,-1,106,102,100,-1,106,100,108,-1,108,100,114,-1,108,114,110,-1,110,114,112,-1,118,119,120,-1,120,119,121,-1,119,122,121,-1,121,122,123,-1,122,124,123,-1,123,124,125,-1,126,127,128,-1,126,128,129,-1,129,128,130,-1,129,130,131,-1,131,130,132,-1,131,132,133,-1,133,132,134,-1,133,134,135,-1,135,134,136,-1,135,136,137,-1,137,136,138,-1,137,138,139,-1,139,138,140,-1,139,140,141,-1,141,140,125,-1,141,125,124,-1,118,120,142,-1,118,142,143,-1,143,142,144,-1,143,144,145,-1,145,144,146,-1,145,146,147,-1,147,146,148,-1,147,148,149,-1,149,148,150,-1,149,150,151,-1,151,150,152,-1,151,152,153,-1,153,152,127,-1,153,127,126,-1,131,133,154,-1,154,133,135,-1,154,135,155,-1,155,135,137,-1,155,137,156,-1,156,137,139,-1,156,139,157,-1,157,139,141,-1,157,141,158,-1,158,141,124,-1,158,124,159,-1,159,124,122,-1,159,122,160,-1,160,122,119,-1,160,119,161,-1,161,119,118,-1,161,118,162,-1,162,118,143,-1,162,143,163,-1,163,143,145,-1,163,145,164,-1,164,145,147,-1,164,147,165,-1,165,147,149,-1,165,149,166,-1,166,149,151,-1,166,151,167,-1,167,151,153,-1,167,153,168,-1,168,153,126,-1,168,126,169,-1,169,126,129,-1,169,129,170,-1,170,129,131,-1,170,131,154,-1,158,159,171,-1,171,159,172,-1,158,171,173,-1,158,173,157,-1,157,173,174,-1,157,174,156,-1,156,174,175,-1,156,175,155,-1,155,175,176,-1,155,176,154,-1,154,176,177,-1,154,177,170,-1,170,177,178,-1,170,178,169,-1,169,178,179,-1,169,179,168,-1,168,179,180,-1,168,180,167,-1,167,180,181,-1,167,181,166,-1,166,181,182,-1,166,182,165,-1,165,182,183,-1,165,183,164,-1,164,183,184,-1,164,184,163,-1,163,184,185,-1,163,185,162,-1,162,185,186,-1,162,186,161,-1,160,161,187,-1,187,161,186,-1,159,160,172,-1,172,160,187,-1,
        ]
    }
}
Shape{
    appearance Appearance {
        material  Material 	{
            diffuseColor 0.9490196078431372 0.7607843137254902 0.1803921568627451
            specularColor 0.7607843137254902 0.6078431372549019 0.1450980392156863
            ambientIntensity 0.7509
            transparency 0.0
            shininess 0.5
        }
    }
    geometry IndexedFaceSet {
        ccw TRUE
        solid FALSE
        coord DEF co Coordinate {
            point [
                8.628 0.0339 -0.4494, 8.628 -0.0429 -0.4494, 8.628 0.0339 -0.4639, 8.628 -0.0429 -0.4634, 8.628 -0.0419 -0.4738, 8.628 -0.0035 -0.5022, 8.628 0.0063 -0.5014, 8.628 0.014 -0.4991, 8.628 0.0327 -0.4756, 8.628 -0.0394 -0.4821, 8.628 -0.0354 -0.4888, 8.628 -0.0299 -0.4943, 8.628 -0.0231 -0.4984, 8.628 -0.0139 -0.5013, 8.628 0.0201 -0.4957, 8.628 0.0252 -0.4909, 8.628 0.0298 -0.4837
            ]
        }
        coordIndex [
            0,1,2,-1,2,1,3,-1,2,3,4,-1,5,6,2,-1,2,6,7,-1,2,7,8,-1,4,9,2,-1,2,9,10,-1,2,10,11,-1,11,12,2,-1,2,12,13,-1,2,13,5,-1,14,15,7,-1,7,15,16,-1,7,16,8,-1,
        ]
    }
}
Shape{
    appearance Appearance {
        material  Material 	{
            diffuseColor 0.0 0.0 0.0
            specularColor 0.0 0.0 0.0
            ambientIntensity 0.0
            transparency 0.0
            shininess 0.5
        }
    }
    geometry IndexedFaceSet {
        ccw TRUE
        solid FALSE
        coord DEF co Coordinate {
            point [
                8.624 0.0447 -0.573, 8.624 -0.0537 -0.6115, 8.628 0.0447 -0.573, 8.628 -0.0537 -0.6115, 8.624 -0.0537 -0.5971, 8.628 -0.0537 -0.5971, 8.624 -0.0261 -0.5871, 8.628 -0.0261 -0.5871, 8.624 -0.0261 -0.5464, 8.628 -0.0261 -0.5464, 8.624 -0.0537 -0.537, 8.628 -0.0537 -0.537, 8.624 -0.0537 -0.5226, 8.628 -0.0537 -0.5226, 8.624 0.0447 -0.5598, 8.628 0.0447 -0.5598, 8.624 -0.0153 -0.5498, 8.624 -0.0153 -0.5827, 8.624 0.0258 -0.5644, 8.624 0.0292 -0.5654, 8.624 0.0327 -0.566, 8.624 0.0327 -0.5663, 8.624 0.0292 -0.567, 8.624 0.0258 -0.5679, 8.628 -0.0153 -0.5498, 8.628 -0.0153 -0.5827, 8.628 0.0258 -0.5644, 8.628 0.0292 -0.5654, 8.628 0.0327 -0.566, 8.628 0.0327 -0.5663, 8.628 0.0292 -0.567, 8.628 0.0258 -0.5679
            ]
        }
        coordIndex [
            0,1,2,-1,2,1,3,-1,1,4,3,-1,3,4,5,-1,4,6,5,-1,5,6,7,-1,6,8,7,-1,7,8,9,-1,8,10,9,-1,9,10,11,-1,10,12,11,-1,11,12,13,-1,12,14,13,-1,13,14,15,-1,14,0,15,-1,15,0,2,-1,16,8,17,-1,17,8,6,-1,18,14,16,-1,16,14,12,-1,16,12,8,-1,8,12,10,-1,18,19,14,-1,14,19,20,-1,14,20,0,-1,0,20,21,-1,0,21,22,-1,22,23,0,-1,0,23,17,-1,0,17,1,-1,1,17,6,-1,1,6,4,-1,16,17,24,-1,24,17,25,-1,18,16,26,-1,26,16,24,-1,18,26,27,-1,18,27,19,-1,19,27,28,-1,19,28,20,-1,21,20,29,-1,29,20,28,-1,21,29,30,-1,21,30,22,-1,22,30,31,-1,22,31,23,-1,17,23,25,-1,25,23,31,-1,
        ]
    }
}
Shape{
    appearance Appearance {
        material  Material 	{
            diffuseColor 0.9490196078431372 0.7607843137254902 0.1803921568627451
            specularColor 0.7607843137254902 0.6078431372549019 0.1450980392156863
            ambientIntensity 0.7509
            transparency 0.0
            shininess 0.5
        }
    }
    geometry IndexedFaceSet {
        ccw TRUE
        solid FALSE
        coord DEF co Coordinate {
            point [
                8.628 -0.0153 -0.5498, 8.628 -0.0153 -0.5827, 8.628 0.0258 -0.5644, 8.628 0.0258 -0.5679, 8.628 0.0292 -0.5654, 8.628 0.0292 -0.567, 8.628 0.0327 -0.566, 8.628 0.0327 -0.5663, 7.7835 -0.0787 0.1969, 7.7835 0.0787 0.1969, 7.8168 0.0787 0.2006, 7.8168 -0.0787 0.2006, 7.8484 0.0787 0.2117, 7.8484 -0.0787 0.2117, 7.8767 0.0787 0.2295, 7.8767 -0.0787 0.2295, 7.9004 0.0787 0.2532, 7.9004 -0.0787 0.2532, 7.9183 0.0787 0.2815, 7.9183 -0.0787 0.2815, 7.9293 0.0787 0.3132, 7.9293 -0.0787 0.3132, 7.9331 0.0787 0.3465, 7.9331 -0.0787 0.3465, 7.9331 0.0787 2.3032, 7.9331 -0.0787 2.3032, 7.9311 0.0787 2.3184, 7.9311 -0.0787 2.3184, 7.9252 0.0787 2.3327, 7.9252 -0.0787 2.3327, 7.9158 0.0787 2.3449, 7.9158 -0.0787 2.3449, 7.9035 0.0787 2.3543, 7.9035 -0.0787 2.3543, 7.8893 0.0787 2.3602, 7.8893 -0.0787 2.3602, 7.874 0.0787 2.3622, 7.874 -0.0787 2.3622, 7.7953 0.0787 2.3622, 7.7953 -0.0787 2.3622, 7.78 0.0787 2.3602, 7.78 -0.0787 2.3602, 7.7657 0.0787 2.3543, 7.7657 -0.0787 2.3543, 7.7535 0.0787 2.3449, 7.7535 -0.0787 2.3449, 7.7441 0.0787 2.3327, 7.7441 -0.0787 2.3327, 7.7382 0.0787 2.3184, 7.7382 -0.0787 2.3184, 7.7362 0.0787 2.3032, 7.7362 -0.0787 2.3032, 7.7362 0.0787 0.709, 7.7362 -0.0787 0.709, 7.7326 -0.0787 0.6752, 7.7326 0.0787 0.6752, 7.7217 -0.0787 0.643, 7.7217 0.0787 0.643, 7.7042 -0.0787 0.6138, 7.7042 0.0787 0.6138, 7.6809 -0.0787 0.5891, 7.6809 0.0787 0.5891, 7.6264 -0.0787 0.5528, 7.6264 0.0787 0.5528, 7.565 -0.0787 0.5302, 7.565 0.0787 0.5302, 7.5 -0.0787 0.5225, 7.5 0.0787 0.5225, 7.435 -0.0787 0.5302, 7.435 0.0787 0.5302, 7.3736 -0.0787 0.5528, 7.3736 0.0787 0.5528, 7.3191 -0.0787 0.5891, 7.3191 0.0787 0.5891, 7.2958 -0.0787 0.6138, 7.2958 0.0787 0.6138, 7.2783 -0.0787 0.643, 7.2783 0.0787 0.643, 7.2674 -0.0787 0.6752, 7.2674 0.0787 0.6752, 7.2638 -0.0787 0.709, 7.2638 0.0787 0.709, 7.2638 0.0787 2.3032, 7.2638 -0.0787 2.3032, 7.2618 0.0787 2.3184, 7.2618 -0.0787 2.3184, 7.2559 0.0787 2.3327, 7.2559 -0.0787 2.3327, 7.2465 0.0787 2.3449, 7.2465 -0.0787 2.3449, 7.2343 0.0787 2.3543, 7.2343 -0.0787 2.3543, 7.22 0.0787 2.3602, 7.22 -0.0787 2.3602, 7.2047 0.0787 2.3622, 7.2047 -0.0787 2.3622, 7.126 0.0787 2.3622, 7.126 -0.0787 2.3622, 7.1107 0.0787 2.3602, 7.1107 -0.0787 2.3602, 7.0965 0.0787 2.3543, 7.0965 -0.0787 2.3543, 7.0842 0.0787 2.3449, 7.0842 -0.0787 2.3449, 7.0748 0.0787 2.3327, 7.0748 -0.0787 2.3327, 7.0689 0.0787 2.3184, 7.0689 -0.0787 2.3184, 7.0669 0.0787 2.3032, 7.0669 -0.0787 2.3032, 7.0669 0.0787 0.3465, 7.0669 -0.0787 0.3465, 7.0707 0.0787 0.3132, 7.0707 -0.0787 0.3132, 7.0817 0.0787 0.2815, 7.0817 -0.0787 0.2815, 7.0996 0.0787 0.2532, 7.0996 -0.0787 0.2532, 7.1233 0.0787 0.2295, 7.1233 -0.0787 0.2295, 7.1516 0.0787 0.2117, 7.1516 -0.0787 0.2117, 7.1832 0.0787 0.2006, 7.1832 -0.0787 0.2006, 7.2165 0.0787 0.1969, 7.2165 -0.0787 0.1969, 7.2224 0.0787 0.1969, 7.2224 -0.0787 0.1969, 7.2557 -0.0787 0.1931, 7.2557 0.0787 0.1931, 7.2874 -0.0787 0.182, 7.2874 0.0787 0.182, 7.3157 -0.0787 0.1642, 7.3157 0.0787 0.1642, 7.3394 -0.0787 0.1405, 7.3394 0.0787 0.1405, 7.3572 -0.0787 0.1122, 7.3572 0.0787 0.1122, 7.3683 -0.0787 0.0805, 7.3683 0.0787 0.0805, 7.372 -0.0787 0.0472, 7.372 0.0787 0.0472, 7.372 0.0787 -0.8171, 7.372 -0.0787 -0.8171, 7.3781 0.0787 -0.9148, 7.3781 -0.0787 -0.9148, 7.4071 0.0787 -1.1466, 7.4071 -0.0787 -1.1466, 7.4094 0.0787 -1.1558, 7.4094 -0.0787 -1.1558, 7.4138 0.0787 -1.1642, 7.4138 -0.0787 -1.1642, 7.4201 0.0787 -1.1712, 7.4201 -0.0787 -1.1712, 7.4279 0.0787 -1.1766, 7.4279 -0.0787 -1.1766, 7.4368 0.0787 -1.18, 7.4368 -0.0787 -1.18, 7.4462 0.0787 -1.1811, 7.4462 -0.0787 -1.1811, 7.5538 0.0787 -1.1811, 7.5538 -0.0787 -1.1811, 7.5632 0.0787 -1.18, 7.5632 -0.0787 -1.18, 7.5721 0.0787 -1.1766, 7.5721 -0.0787 -1.1766, 7.5799 0.0787 -1.1712, 7.5799 -0.0787 -1.1712, 7.5862 0.0787 -1.1642, 7.5862 -0.0787 -1.1642, 7.5906 0.0787 -1.1558, 7.5906 -0.0787 -1.1558, 7.5929 0.0787 -1.1466, 7.5929 -0.0787 -1.1466, 7.6219 0.0787 -0.9148, 7.6219 -0.0787 -0.9148, 7.628 0.0787 -0.8171, 7.628 -0.0787 -0.8171, 7.628 0.0787 0.0472, 7.628 -0.0787 0.0472, 7.6317 -0.0787 0.0805, 7.6317 0.0787 0.0805, 7.6428 -0.0787 0.1122, 7.6428 0.0787 0.1122, 7.6606 -0.0787 0.1405, 7.6606 0.0787 0.1405, 7.6843 -0.0787 0.1642, 7.6843 0.0787 0.1642, 7.7126 -0.0787 0.182, 7.7126 0.0787 0.182, 7.7443 -0.0787 0.1931, 7.7443 0.0787 0.1931, 7.7776 -0.0787 0.1969, 7.7776 0.0787 0.1969, 6.7835 -0.0787 0.1969, 6.7835 0.0787 0.1969, 6.8168 0.0787 0.2006, 6.8168 -0.0787 0.2006, 6.8484 0.0787 0.2117, 6.8484 -0.0787 0.2117, 6.8767 0.0787 0.2295, 6.8767 -0.0787 0.2295, 6.9004 0.0787 0.2532, 6.9004 -0.0787 0.2532, 6.9183 0.0787 0.2815, 6.9183 -0.0787 0.2815, 6.9293 0.0787 0.3132, 6.9293 -0.0787 0.3132, 6.9331 0.0787 0.3465, 6.9331 -0.0787 0.3465, 6.9331 0.0787 2.3032, 6.9331 -0.0787 2.3032, 6.9311 0.0787 2.3184, 6.9311 -0.0787 2.3184, 6.9252 0.0787 2.3327, 6.9252 -0.0787 2.3327, 6.9158 0.0787 2.3449, 6.9158 -0.0787 2.3449, 6.9035 0.0787 2.3543, 6.9035 -0.0787 2.3543, 6.8893 0.0787 2.3602, 6.8893 -0.0787 2.3602, 6.874 0.0787 2.3622, 6.874 -0.0787 2.3622, 6.7953 0.0787 2.3622, 6.7953 -0.0787 2.3622, 6.78 0.0787 2.3602, 6.78 -0.0787 2.3602, 6.7657 0.0787 2.3543, 6.7657 -0.0787 2.3543, 6.7535 0.0787 2.3449, 6.7535 -0.0787 2.3449, 6.7441 0.0787 2.3327, 6.7441 -0.0787 2.3327, 6.7382 0.0787 2.3184, 6.7382 -0.0787 2.3184, 6.7362 0.0787 2.3032, 6.7362 -0.0787 2.3032, 6.7362 0.0787 0.709, 6.7362 -0.0787 0.709, 6.7326 -0.0787 0.6752, 6.7326 0.0787 0.6752, 6.7217 -0.0787 0.643, 6.7217 0.0787 0.643, 6.7042 -0.0787 0.6138, 6.7042 0.0787 0.6138, 6.6809 -0.0787 0.5891, 6.6809 0.0787 0.5891, 6.6264 -0.0787 0.5528, 6.6264 0.0787 0.5528, 6.565 -0.0787 0.5302, 6.565 0.0787 0.5302, 6.5 -0.0787 0.5225, 6.5 0.0787 0.5225, 6.435 -0.0787 0.5302, 6.435 0.0787 0.5302, 6.3736 -0.0787 0.5528, 6.3736 0.0787 0.5528, 6.3191 -0.0787 0.5891, 6.3191 0.0787 0.5891, 6.2958 -0.0787 0.6138, 6.2958 0.0787 0.6138, 6.2783 -0.0787 0.643, 6.2783 0.0787 0.643, 6.2674 -0.0787 0.6752, 6.2674 0.0787 0.6752, 6.2638 -0.0787 0.709, 6.2638 0.0787 0.709, 6.2638 0.0787 2.3032, 6.2638 -0.0787 2.3032, 6.2618 0.0787 2.3184, 6.2618 -0.0787 2.3184, 6.2559 0.0787 2.3327, 6.2559 -0.0787 2.3327, 6.2465 0.0787 2.3449, 6.2465 -0.0787 2.3449, 6.2343 0.0787 2.3543, 6.2343 -0.0787 2.3543, 6.22 0.0787 2.3602, 6.22 -0.0787 2.3602, 6.2047 0.0787 2.3622, 6.2047 -0.0787 2.3622, 6.126 0.0787 2.3622, 6.126 -0.0787 2.3622, 6.1107 0.0787 2.3602, 6.1107 -0.0787 2.3602, 6.0965 0.0787 2.3543, 6.0965 -0.0787 2.3543, 6.0842 0.0787 2.3449, 6.0842 -0.0787 2.3449, 6.0748 0.0787 2.3327, 6.0748 -0.0787 2.3327, 6.0689 0.0787 2.3184, 6.0689 -0.0787 2.3184, 6.0669 0.0787 2.3032, 6.0669 -0.0787 2.3032, 6.0669 0.0787 0.3465, 6.0669 -0.0787 0.3465, 6.0707 0.0787 0.3132, 6.0707 -0.0787 0.3132, 6.0817 0.0787 0.2815, 6.0817 -0.0787 0.2815, 6.0996 0.0787 0.2532, 6.0996 -0.0787 0.2532, 6.1233 0.0787 0.2295, 6.1233 -0.0787 0.2295, 6.1516 0.0787 0.2117, 6.1516 -0.0787 0.2117, 6.1832 0.0787 0.2006, 6.1832 -0.0787 0.2006, 6.2165 0.0787 0.1969, 6.2165 -0.0787 0.1969, 6.2224 0.0787 0.1969, 6.2224 -0.0787 0.1969, 6.2557 -0.0787 0.1931, 6.2557 0.0787 0.1931, 6.2874 -0.0787 0.182, 6.2874 0.0787 0.182, 6.3157 -0.0787 0.1642, 6.3157 0.0787 0.1642, 6.3394 -0.0787 0.1405, 6.3394 0.0787 0.1405, 6.3572 -0.0787 0.1122, 6.3572 0.0787 0.1122, 6.3683 -0.0787 0.0805, 6.3683 0.0787 0.0805, 6.372 -0.0787 0.0472, 6.372 0.0787 0.0472, 6.372 0.0787 -0.8171, 6.372 -0.0787 -0.8171, 6.3781 0.0787 -0.9148, 6.3781 -0.0787 -0.9148, 6.4071 0.0787 -1.1466, 6.4071 -0.0787 -1.1466, 6.4094 0.0787 -1.1558, 6.4094 -0.0787 -1.1558, 6.4138 0.0787 -1.1642, 6.4138 -0.0787 -1.1642, 6.4201 0.0787 -1.1712, 6.4201 -0.0787 -1.1712, 6.4279 0.0787 -1.1766, 6.4279 -0.0787 -1.1766, 6.4368 0.0787 -1.18, 6.4368 -0.0787 -1.18, 6.4462 0.0787 -1.1811, 6.4462 -0.0787 -1.1811, 6.5538 0.0787 -1.1811, 6.5538 -0.0787 -1.1811, 6.5632 0.0787 -1.18, 6.5632 -0.0787 -1.18, 6.5721 0.0787 -1.1766, 6.5721 -0.0787 -1.1766, 6.5799 0.0787 -1.1712, 6.5799 -0.0787 -1.1712, 6.5862 0.0787 -1.1642, 6.5862 -0.0787 -1.1642, 6.5906 0.0787 -1.1558, 6.5906 -0.0787 -1.1558, 6.5929 0.0787 -1.1466, 6.5929 -0.0787 -1.1466, 6.6219 0.0787 -0.9148, 6.6219 -0.0787 -0.9148, 6.628 0.0787 -0.8171, 6.628 -0.0787 -0.8171, 6.628 0.0787 0.0472, 6.628 -0.0787 0.0472, 6.6317 -0.0787 0.0805, 6.6317 0.0787 0.0805, 6.6428 -0.0787 0.1122, 6.6428 0.0787 0.1122, 6.6606 -0.0787 0.1405, 6.6606 0.0787 0.1405, 6.6843 -0.0787 0.1642, 6.6843 0.0787 0.1642, 6.7126 -0.0787 0.182, 6.7126 0.0787 0.182, 6.7443 -0.0787 0.1931, 6.7443 0.0787 0.1931, 6.7776 -0.0787 0.1969, 6.7776 0.0787 0.1969, 5.7835 -0.0787 0.1969, 5.7835 0.0787 0.1969, 5.8168 0.0787 0.2006, 5.8168 -0.0787 0.2006, 5.8484 0.0787 0.2117, 5.8484 -0.0787 0.2117, 5.8767 0.0787 0.2295, 5.8767 -0.0787 0.2295, 5.9004 0.0787 0.2532, 5.9004 -0.0787 0.2532, 5.9183 0.0787 0.2815, 5.9183 -0.0787 0.2815, 5.9293 0.0787 0.3132, 5.9293 -0.0787 0.3132, 5.9331 0.0787 0.3465, 5.9331 -0.0787 0.3465, 5.9331 0.0787 2.3032, 5.9331 -0.0787 2.3032, 5.9311 0.0787 2.3184, 5.9311 -0.0787 2.3184, 5.9252 0.0787 2.3327, 5.9252 -0.0787 2.3327, 5.9158 0.0787 2.3449, 5.9158 -0.0787 2.3449, 5.9035 0.0787 2.3543, 5.9035 -0.0787 2.3543, 5.8893 0.0787 2.3602, 5.8893 -0.0787 2.3602, 5.874 0.0787 2.3622, 5.874 -0.0787 2.3622, 5.7953 0.0787 2.3622, 5.7953 -0.0787 2.3622, 5.78 0.0787 2.3602, 5.78 -0.0787 2.3602, 5.7657 0.0787 2.3543, 5.7657 -0.0787 2.3543, 5.7535 0.0787 2.3449, 5.7535 -0.0787 2.3449, 5.7441 0.0787 2.3327, 5.7441 -0.0787 2.3327, 5.7382 0.0787 2.3184, 5.7382 -0.0787 2.3184, 5.7362 0.0787 2.3032, 5.7362 -0.0787 2.3032, 5.7362 0.0787 0.709, 5.7362 -0.0787 0.709, 5.7326 -0.0787 0.6752, 5.7326 0.0787 0.6752, 5.7217 -0.0787 0.643, 5.7217 0.0787 0.643, 5.7042 -0.0787 0.6138, 5.7042 0.0787 0.6138, 5.6809 -0.0787 0.5891, 5.6809 0.0787 0.5891, 5.6264 -0.0787 0.5528, 5.6264 0.0787 0.5528, 5.565 -0.0787 0.5302, 5.565 0.0787 0.5302, 5.5 -0.0787 0.5225, 5.5 0.0787 0.5225, 5.435 -0.0787 0.5302, 5.435 0.0787 0.5302, 5.3736 -0.0787 0.5528, 5.3736 0.0787 0.5528, 5.3191 -0.0787 0.5891, 5.3191 0.0787 0.5891, 5.2958 -0.0787 0.6138, 5.2958 0.0787 0.6138, 5.2783 -0.0787 0.643, 5.2783 0.0787 0.643, 5.2674 -0.0787 0.6752, 5.2674 0.0787 0.6752, 5.2638 -0.0787 0.709, 5.2638 0.0787 0.709, 5.2638 0.0787 2.3032, 5.2638 -0.0787 2.3032, 5.2618 0.0787 2.3184, 5.2618 -0.0787 2.3184, 5.2559 0.0787 2.3327, 5.2559 -0.0787 2.3327, 5.2465 0.0787 2.3449, 5.2465 -0.0787 2.3449, 5.2343 0.0787 2.3543, 5.2343 -0.0787 2.3543, 5.22 0.0787 2.3602, 5.22 -0.0787 2.3602, 5.2047 0.0787 2.3622, 5.2047 -0.0787 2.3622, 5.126 0.0787 2.3622, 5.126 -0.0787 2.3622, 5.1107 0.0787 2.3602, 5.1107 -0.0787 2.3602, 5.0965 0.0787 2.3543, 5.0965 -0.0787 2.3543, 5.0842 0.0787 2.3449, 5.0842 -0.0787 2.3449, 5.0748 0.0787 2.3327, 5.0748 -0.0787 2.3327, 5.0689 0.0787 2.3184, 5.0689 -0.0787 2.3184, 5.0669 0.0787 2.3032, 5.0669 -0.0787 2.3032, 5.0669 0.0787 0.3465, 5.0669 -0.0787 0.3465, 5.0707 0.0787 0.3132, 5.0707 -0.0787 0.3132, 5.0817 0.0787 0.2815, 5.0817 -0.0787 0.2815, 5.0996 0.0787 0.2532, 5.0996 -0.0787 0.2532, 5.1233 0.0787 0.2295, 5.1233 -0.0787 0.2295, 5.1516 0.0787 0.2117, 5.1516 -0.0787 0.2117, 5.1832 0.0787 0.2006, 5.1832 -0.0787 0.2006, 5.2165 0.0787 0.1969, 5.2165 -0.0787 0.1969, 5.2224 0.0787 0.1969, 5.2224 -0.0787 0.1969, 5.2557 -0.0787 0.1931, 5.2557 0.0787 0.1931, 5.2874 -0.0787 0.182, 5.2874 0.0787 0.182, 5.3157 -0.0787 0.1642, 5.3157 0.0787 0.1642, 5.3394 -0.0787 0.1405, 5.3394 0.0787 0.1405, 5.3572 -0.0787 0.1122, 5.3572 0.0787 0.1122, 5.3683 -0.0787 0.0805, 5.3683 0.0787 0.0805, 5.372 -0.0787 0.0472, 5.372 0.0787 0.0472, 5.372 0.0787 -0.8171, 5.372 -0.0787 -0.8171, 5.3781 0.0787 -0.9148, 5.3781 -0.0787 -0.9148, 5.4071 0.0787 -1.1466, 5.4071 -0.0787 -1.1466, 5.4094 0.0787 -1.1558, 5.4094 -0.0787 -1.1558, 5.4138 0.0787 -1.1642, 5.4138 -0.0787 -1.1642, 5.4201 0.0787 -1.1712, 5.4201 -0.0787 -1.1712, 5.4279 0.0787 -1.1766, 5.4279 -0.0787 -1.1766, 5.4368 0.0787 -1.18, 5.4368 -0.0787 -1.18, 5.4462 0.0787 -1.1811, 5.4462 -0.0787 -1.1811, 5.5538 0.0787 -1.1811, 5.5538 -0.0787 -1.1811, 5.5632 0.0787 -1.18, 5.5632 -0.0787 -1.18, 5.5721 0.0787 -1.1766, 5.5721 -0.0787 -1.1766, 5.5799 0.0787 -1.1712, 5.5799 -0.0787 -1.1712, 5.5862 0.0787 -1.1642, 5.5862 -0.0787 -1.1642, 5.5906 0.0787 -1.1558, 5.5906 -0.0787 -1.1558, 5.5929 0.0787 -1.1466, 5.5929 -0.0787 -1.1466, 5.6219 0.0787 -0.9148, 5.6219 -0.0787 -0.9148, 5.628 0.0787 -0.8171, 5.628 -0.0787 -0.8171, 5.628 0.0787 0.0472, 5.628 -0.0787 0.0472, 5.6317 -0.0787 0.0805, 5.6317 0.0787 0.0805, 5.6428 -0.0787 0.1122, 5.6428 0.0787 0.1122, 5.6606 -0.0787 0.1405, 5.6606 0.0787 0.1405, 5.6843 -0.0787 0.1642, 5.6843 0.0787 0.1642, 5.7126 -0.0787 0.182, 5.7126 0.0787 0.182, 5.7443 -0.0787 0.1931, 5.7443 0.0787 0.1931, 5.7776 -0.0787 0.1969, 5.7776 0.0787 0.1969, 4.7835 -0.0787 0.1969, 4.7835 0.0787 0.1969, 4.8168 0.0787 0.2006, 4.8168 -0.0787 0.2006, 4.8484 0.0787 0.2117, 4.8484 -0.0787 0.2117, 4.8767 0.0787 0.2295, 4.8767 -0.0787 0.2295, 4.9004 0.0787 0.2532, 4.9004 -0.0787 0.2532, 4.9183 0.0787 0.2815, 4.9183 -0.0787 0.2815, 4.9293 0.0787 0.3132, 4.9293 -0.0787 0.3132, 4.9331 0.0787 0.3465, 4.9331 -0.0787 0.3465, 4.9331 0.0787 2.3032, 4.9331 -0.0787 2.3032, 4.9311 0.0787 2.3184, 4.9311 -0.0787 2.3184, 4.9252 0.0787 2.3327, 4.9252 -0.0787 2.3327, 4.9158 0.0787 2.3449, 4.9158 -0.0787 2.3449, 4.9035 0.0787 2.3543, 4.9035 -0.0787 2.3543, 4.8893 0.0787 2.3602, 4.8893 -0.0787 2.3602, 4.874 0.0787 2.3622, 4.874 -0.0787 2.3622, 4.7953 0.0787 2.3622, 4.7953 -0.0787 2.3622, 4.78 0.0787 2.3602, 4.78 -0.0787 2.3602, 4.7657 0.0787 2.3543, 4.7657 -0.0787 2.3543, 4.7535 0.0787 2.3449, 4.7535 -0.0787 2.3449, 4.7441 0.0787 2.3327, 4.7441 -0.0787 2.3327, 4.7382 0.0787 2.3184, 4.7382 -0.0787 2.3184, 4.7362 0.0787 2.3032, 4.7362 -0.0787 2.3032, 4.7362 0.0787 0.709, 4.7362 -0.0787 0.709, 4.7326 -0.0787 0.6752, 4.7326 0.0787 0.6752, 4.7217 -0.0787 0.643, 4.7217 0.0787 0.643, 4.7042 -0.0787 0.6138, 4.7042 0.0787 0.6138, 4.6809 -0.0787 0.5891, 4.6809 0.0787 0.5891, 4.6264 -0.0787 0.5528, 4.6264 0.0787 0.5528, 4.565 -0.0787 0.5302, 4.565 0.0787 0.5302, 4.5 -0.0787 0.5225, 4.5 0.0787 0.5225, 4.435 -0.0787 0.5302, 4.435 0.0787 0.5302, 4.3736 -0.0787 0.5528, 4.3736 0.0787 0.5528, 4.3191 -0.0787 0.5891, 4.3191 0.0787 0.5891, 4.2958 -0.0787 0.6138, 4.2958 0.0787 0.6138, 4.2783 -0.0787 0.643, 4.2783 0.0787 0.643, 4.2674 -0.0787 0.6752, 4.2674 0.0787 0.6752, 4.2638 -0.0787 0.709, 4.2638 0.0787 0.709, 4.2638 0.0787 2.3032, 4.2638 -0.0787 2.3032, 4.2618 0.0787 2.3184, 4.2618 -0.0787 2.3184, 4.2559 0.0787 2.3327, 4.2559 -0.0787 2.3327, 4.2465 0.0787 2.3449, 4.2465 -0.0787 2.3449, 4.2343 0.0787 2.3543, 4.2343 -0.0787 2.3543, 4.22 0.0787 2.3602, 4.22 -0.0787 2.3602, 4.2047 0.0787 2.3622, 4.2047 -0.0787 2.3622, 4.126 0.0787 2.3622, 4.126 -0.0787 2.3622, 4.1107 0.0787 2.3602, 4.1107 -0.0787 2.3602, 4.0965 0.0787 2.3543, 4.0965 -0.0787 2.3543, 4.0842 0.0787 2.3449, 4.0842 -0.0787 2.3449, 4.0748 0.0787 2.3327, 4.0748 -0.0787 2.3327, 4.0689 0.0787 2.3184, 4.0689 -0.0787 2.3184, 4.0669 0.0787 2.3032, 4.0669 -0.0787 2.3032, 4.0669 0.0787 0.3465, 4.0669 -0.0787 0.3465, 4.0707 0.0787 0.3132, 4.0707 -0.0787 0.3132, 4.0817 0.0787 0.2815, 4.0817 -0.0787 0.2815, 4.0996 0.0787 0.2532, 4.0996 -0.0787 0.2532, 4.1233 0.0787 0.2295, 4.1233 -0.0787 0.2295, 4.1516 0.0787 0.2117, 4.1516 -0.0787 0.2117, 4.1832 0.0787 0.2006, 4.1832 -0.0787 0.2006, 4.2165 0.0787 0.1969, 4.2165 -0.0787 0.1969, 4.2224 0.0787 0.1969, 4.2224 -0.0787 0.1969, 4.2557 -0.0787 0.1931, 4.2557 0.0787 0.1931, 4.2874 -0.0787 0.182, 4.2874 0.0787 0.182, 4.3157 -0.0787 0.1642, 4.3157 0.0787 0.1642, 4.3394 -0.0787 0.1405, 4.3394 0.0787 0.1405, 4.3572 -0.0787 0.1122, 4.3572 0.0787 0.1122, 4.3683 -0.0787 0.0805, 4.3683 0.0787 0.0805, 4.372 -0.0787 0.0472, 4.372 0.0787 0.0472, 4.372 0.0787 -0.8171, 4.372 -0.0787 -0.8171, 4.3781 0.0787 -0.9148, 4.3781 -0.0787 -0.9148, 4.4071 0.0787 -1.1466, 4.4071 -0.0787 -1.1466, 4.4094 0.0787 -1.1558, 4.4094 -0.0787 -1.1558, 4.4138 0.0787 -1.1642, 4.4138 -0.0787 -1.1642, 4.4201 0.0787 -1.1712, 4.4201 -0.0787 -1.1712, 4.4279 0.0787 -1.1766, 4.4279 -0.0787 -1.1766, 4.4368 0.0787 -1.18, 4.4368 -0.0787 -1.18, 4.4462 0.0787 -1.1811, 4.4462 -0.0787 -1.1811, 4.5538 0.0787 -1.1811, 4.5538 -0.0787 -1.1811, 4.5632 0.0787 -1.18, 4.5632 -0.0787 -1.18, 4.5721 0.0787 -1.1766, 4.5721 -0.0787 -1.1766, 4.5799 0.0787 -1.1712, 4.5799 -0.0787 -1.1712, 4.5862 0.0787 -1.1642, 4.5862 -0.0787 -1.1642, 4.5906 0.0787 -1.1558, 4.5906 -0.0787 -1.1558, 4.5929 0.0787 -1.1466, 4.5929 -0.0787 -1.1466, 4.6219 0.0787 -0.9148, 4.6219 -0.0787 -0.9148, 4.628 0.0787 -0.8171, 4.628 -0.0787 -0.8171, 4.628 0.0787 0.0472, 4.628 -0.0787 0.0472, 4.6317 -0.0787 0.0805, 4.6317 0.0787 0.0805, 4.6428 -0.0787 0.1122, 4.6428 0.0787 0.1122, 4.6606 -0.0787 0.1405, 4.6606 0.0787 0.1405, 4.6843 -0.0787 0.1642, 4.6843 0.0787 0.1642, 4.7126 -0.0787 0.182, 4.7126 0.0787 0.182, 4.7443 -0.0787 0.1931, 4.7443 0.0787 0.1931, 4.7776 -0.0787 0.1969, 4.7776 0.0787 0.1969, 3.7835 -0.0787 0.1969, 3.7835 0.0787 0.1969, 3.8168 0.0787 0.2006, 3.8168 -0.0787 0.2006, 3.8484 0.0787 0.2117, 3.8484 -0.0787 0.2117, 3.8767 0.0787 0.2295, 3.8767 -0.0787 0.2295, 3.9004 0.0787 0.2532, 3.9004 -0.0787 0.2532, 3.9183 0.0787 0.2815, 3.9183 -0.0787 0.2815, 3.9293 0.0787 0.3132, 3.9293 -0.0787 0.3132, 3.9331 0.0787 0.3465, 3.9331 -0.0787 0.3465, 3.9331 0.0787 2.3032, 3.9331 -0.0787 2.3032, 3.9311 0.0787 2.3184, 3.9311 -0.0787 2.3184, 3.9252 0.0787 2.3327, 3.9252 -0.0787 2.3327, 3.9158 0.0787 2.3449, 3.9158 -0.0787 2.3449, 3.9035 0.0787 2.3543, 3.9035 -0.0787 2.3543, 3.8893 0.0787 2.3602, 3.8893 -0.0787 2.3602, 3.874 0.0787 2.3622, 3.874 -0.0787 2.3622, 3.7953 0.0787 2.3622, 3.7953 -0.0787 2.3622, 3.78 0.0787 2.3602, 3.78 -0.0787 2.3602, 3.7657 0.0787 2.3543, 3.7657 -0.0787 2.3543, 3.7535 0.0787 2.3449, 3.7535 -0.0787 2.3449, 3.7441 0.0787 2.3327, 3.7441 -0.0787 2.3327, 3.7382 0.0787 2.3184, 3.7382 -0.0787 2.3184, 3.7362 0.0787 2.3032, 3.7362 -0.0787 2.3032, 3.7362 0.0787 0.709, 3.7362 -0.0787 0.709, 3.7326 -0.0787 0.6752, 3.7326 0.0787 0.6752, 3.7217 -0.0787 0.643, 3.7217 0.0787 0.643, 3.7042 -0.0787 0.6138, 3.7042 0.0787 0.6138, 3.6809 -0.0787 0.5891, 3.6809 0.0787 0.5891, 3.6264 -0.0787 0.5528, 3.6264 0.0787 0.5528, 3.565 -0.0787 0.5302, 3.565 0.0787 0.5302, 3.5 -0.0787 0.5225, 3.5 0.0787 0.5225, 3.435 -0.0787 0.5302, 3.435 0.0787 0.5302, 3.3736 -0.0787 0.5528, 3.3736 0.0787 0.5528, 3.3191 -0.0787 0.5891, 3.3191 0.0787 0.5891, 3.2958 -0.0787 0.6138, 3.2958 0.0787 0.6138, 3.2783 -0.0787 0.643, 3.2783 0.0787 0.643, 3.2674 -0.0787 0.6752, 3.2674 0.0787 0.6752, 3.2638 -0.0787 0.709, 3.2638 0.0787 0.709, 3.2638 0.0787 2.3032, 3.2638 -0.0787 2.3032, 3.2618 0.0787 2.3184, 3.2618 -0.0787 2.3184, 3.2559 0.0787 2.3327, 3.2559 -0.0787 2.3327, 3.2465 0.0787 2.3449, 3.2465 -0.0787 2.3449, 3.2343 0.0787 2.3543, 3.2343 -0.0787 2.3543, 3.22 0.0787 2.3602, 3.22 -0.0787 2.3602, 3.2047 0.0787 2.3622, 3.2047 -0.0787 2.3622, 3.126 0.0787 2.3622, 3.126 -0.0787 2.3622, 3.1107 0.0787 2.3602, 3.1107 -0.0787 2.3602, 3.0965 0.0787 2.3543, 3.0965 -0.0787 2.3543, 3.0842 0.0787 2.3449, 3.0842 -0.0787 2.3449, 3.0748 0.0787 2.3327, 3.0748 -0.0787 2.3327, 3.0689 0.0787 2.3184, 3.0689 -0.0787 2.3184, 3.0669 0.0787 2.3032, 3.0669 -0.0787 2.3032, 3.0669 0.0787 0.3465, 3.0669 -0.0787 0.3465, 3.0707 0.0787 0.3132, 3.0707 -0.0787 0.3132, 3.0817 0.0787 0.2815, 3.0817 -0.0787 0.2815, 3.0996 0.0787 0.2532, 3.0996 -0.0787 0.2532, 3.1233 0.0787 0.2295, 3.1233 -0.0787 0.2295, 3.1516 0.0787 0.2117, 3.1516 -0.0787 0.2117, 3.1832 0.0787 0.2006, 3.1832 -0.0787 0.2006, 3.2165 0.0787 0.1969, 3.2165 -0.0787 0.1969, 3.2224 0.0787 0.1969, 3.2224 -0.0787 0.1969, 3.2557 -0.0787 0.1931, 3.2557 0.0787 0.1931, 3.2874 -0.0787 0.182, 3.2874 0.0787 0.182, 3.3157 -0.0787 0.1642, 3.3157 0.0787 0.1642, 3.3394 -0.0787 0.1405, 3.3394 0.0787 0.1405, 3.3572 -0.0787 0.1122, 3.3572 0.0787 0.1122, 3.3683 -0.0787 0.0805, 3.3683 0.0787 0.0805, 3.372 -0.0787 0.0472, 3.372 0.0787 0.0472, 3.372 0.0787 -0.8171, 3.372 -0.0787 -0.8171, 3.3781 0.0787 -0.9148, 3.3781 -0.0787 -0.9148, 3.4071 0.0787 -1.1466, 3.4071 -0.0787 -1.1466, 3.4094 0.0787 -1.1558, 3.4094 -0.0787 -1.1558, 3.4138 0.0787 -1.1642, 3.4138 -0.0787 -1.1642, 3.4201 0.0787 -1.1712, 3.4201 -0.0787 -1.1712, 3.4279 0.0787 -1.1766, 3.4279 -0.0787 -1.1766, 3.4368 0.0787 -1.18, 3.4368 -0.0787 -1.18, 3.4462 0.0787 -1.1811, 3.4462 -0.0787 -1.1811, 3.5538 0.0787 -1.1811, 3.5538 -0.0787 -1.1811, 3.5632 0.0787 -1.18, 3.5632 -0.0787 -1.18, 3.5721 0.0787 -1.1766, 3.5721 -0.0787 -1.1766, 3.5799 0.0787 -1.1712, 3.5799 -0.0787 -1.1712, 3.5862 0.0787 -1.1642, 3.5862 -0.0787 -1.1642, 3.5906 0.0787 -1.1558, 3.5906 -0.0787 -1.1558, 3.5929 0.0787 -1.1466, 3.5929 -0.0787 -1.1466, 3.6219 0.0787 -0.9148, 3.6219 -0.0787 -0.9148, 3.628 0.0787 -0.8171, 3.628 -0.0787 -0.8171, 3.628 0.0787 0.0472, 3.628 -0.0787 0.0472, 3.6317 -0.0787 0.0805, 3.6317 0.0787 0.0805, 3.6428 -0.0787 0.1122, 3.6428 0.0787 0.1122, 3.6606 -0.0787 0.1405, 3.6606 0.0787 0.1405, 3.6843 -0.0787 0.1642, 3.6843 0.0787 0.1642, 3.7126 -0.0787 0.182, 3.7126 0.0787 0.182, 3.7443 -0.0787 0.1931, 3.7443 0.0787 0.1931, 3.7776 -0.0787 0.1969, 3.7776 0.0787 0.1969, 2.7835 -0.0787 0.1969, 2.7835 0.0787 0.1969, 2.8168 0.0787 0.2006, 2.8168 -0.0787 0.2006, 2.8484 0.0787 0.2117, 2.8484 -0.0787 0.2117, 2.8767 0.0787 0.2295, 2.8767 -0.0787 0.2295, 2.9004 0.0787 0.2532, 2.9004 -0.0787 0.2532, 2.9183 0.0787 0.2815, 2.9183 -0.0787 0.2815, 2.9293 0.0787 0.3132, 2.9293 -0.0787 0.3132, 2.9331 0.0787 0.3465, 2.9331 -0.0787 0.3465, 2.9331 0.0787 2.3032, 2.9331 -0.0787 2.3032, 2.9311 0.0787 2.3184, 2.9311 -0.0787 2.3184, 2.9252 0.0787 2.3327, 2.9252 -0.0787 2.3327, 2.9158 0.0787 2.3449, 2.9158 -0.0787 2.3449, 2.9035 0.0787 2.3543, 2.9035 -0.0787 2.3543, 2.8893 0.0787 2.3602, 2.8893 -0.0787 2.3602, 2.874 0.0787 2.3622, 2.874 -0.0787 2.3622, 2.7953 0.0787 2.3622, 2.7953 -0.0787 2.3622, 2.78 0.0787 2.3602, 2.78 -0.0787 2.3602, 2.7657 0.0787 2.3543, 2.7657 -0.0787 2.3543, 2.7535 0.0787 2.3449, 2.7535 -0.0787 2.3449, 2.7441 0.0787 2.3327, 2.7441 -0.0787 2.3327, 2.7382 0.0787 2.3184, 2.7382 -0.0787 2.3184, 2.7362 0.0787 2.3032, 2.7362 -0.0787 2.3032, 2.7362 0.0787 0.709, 2.7362 -0.0787 0.709, 2.7326 -0.0787 0.6752, 2.7326 0.0787 0.6752, 2.7217 -0.0787 0.643, 2.7217 0.0787 0.643, 2.7042 -0.0787 0.6138, 2.7042 0.0787 0.6138, 2.6809 -0.0787 0.5891, 2.6809 0.0787 0.5891, 2.6264 -0.0787 0.5528, 2.6264 0.0787 0.5528, 2.565 -0.0787 0.5302, 2.565 0.0787 0.5302, 2.5 -0.0787 0.5225, 2.5 0.0787 0.5225, 2.435 -0.0787 0.5302, 2.435 0.0787 0.5302, 2.3736 -0.0787 0.5528, 2.3736 0.0787 0.5528, 2.3191 -0.0787 0.5891, 2.3191 0.0787 0.5891, 2.2958 -0.0787 0.6138, 2.2958 0.0787 0.6138, 2.2783 -0.0787 0.643, 2.2783 0.0787 0.643, 2.2674 -0.0787 0.6752, 2.2674 0.0787 0.6752, 2.2638 -0.0787 0.709, 2.2638 0.0787 0.709, 2.2638 0.0787 2.3032, 2.2638 -0.0787 2.3032, 2.2618 0.0787 2.3184, 2.2618 -0.0787 2.3184, 2.2559 0.0787 2.3327, 2.2559 -0.0787 2.3327, 2.2465 0.0787 2.3449, 2.2465 -0.0787 2.3449, 2.2343 0.0787 2.3543, 2.2343 -0.0787 2.3543, 2.22 0.0787 2.3602, 2.22 -0.0787 2.3602, 2.2047 0.0787 2.3622, 2.2047 -0.0787 2.3622, 2.126 0.0787 2.3622, 2.126 -0.0787 2.3622, 2.1107 0.0787 2.3602, 2.1107 -0.0787 2.3602, 2.0965 0.0787 2.3543, 2.0965 -0.0787 2.3543, 2.0842 0.0787 2.3449, 2.0842 -0.0787 2.3449, 2.0748 0.0787 2.3327, 2.0748 -0.0787 2.3327, 2.0689 0.0787 2.3184, 2.0689 -0.0787 2.3184, 2.0669 0.0787 2.3032, 2.0669 -0.0787 2.3032, 2.0669 0.0787 0.3465, 2.0669 -0.0787 0.3465, 2.0707 0.0787 0.3132, 2.0707 -0.0787 0.3132, 2.0817 0.0787 0.2815, 2.0817 -0.0787 0.2815, 2.0996 0.0787 0.2532, 2.0996 -0.0787 0.2532, 2.1233 0.0787 0.2295, 2.1233 -0.0787 0.2295, 2.1516 0.0787 0.2117, 2.1516 -0.0787 0.2117, 2.1832 0.0787 0.2006, 2.1832 -0.0787 0.2006, 2.2165 0.0787 0.1969, 2.2165 -0.0787 0.1969, 2.2224 0.0787 0.1969, 2.2224 -0.0787 0.1969, 2.2557 -0.0787 0.1931, 2.2557 0.0787 0.1931, 2.2874 -0.0787 0.182, 2.2874 0.0787 0.182, 2.3157 -0.0787 0.1642, 2.3157 0.0787 0.1642, 2.3394 -0.0787 0.1405, 2.3394 0.0787 0.1405, 2.3572 -0.0787 0.1122, 2.3572 0.0787 0.1122, 2.3683 -0.0787 0.0805, 2.3683 0.0787 0.0805, 2.372 -0.0787 0.0472, 2.372 0.0787 0.0472, 2.372 0.0787 -0.8171, 2.372 -0.0787 -0.8171, 2.3781 0.0787 -0.9148, 2.3781 -0.0787 -0.9148, 2.4071 0.0787 -1.1466, 2.4071 -0.0787 -1.1466, 2.4094 0.0787 -1.1558, 2.4094 -0.0787 -1.1558, 2.4138 0.0787 -1.1642, 2.4138 -0.0787 -1.1642, 2.4201 0.0787 -1.1712, 2.4201 -0.0787 -1.1712, 2.4279 0.0787 -1.1766, 2.4279 -0.0787 -1.1766, 2.4368 0.0787 -1.18, 2.4368 -0.0787 -1.18, 2.4462 0.0787 -1.1811, 2.4462 -0.0787 -1.1811, 2.5538 0.0787 -1.1811, 2.5538 -0.0787 -1.1811, 2.5632 0.0787 -1.18, 2.5632 -0.0787 -1.18, 2.5721 0.0787 -1.1766, 2.5721 -0.0787 -1.1766, 2.5799 0.0787 -1.1712, 2.5799 -0.0787 -1.1712, 2.5862 0.0787 -1.1642, 2.5862 -0.0787 -1.1642, 2.5906 0.0787 -1.1558, 2.5906 -0.0787 -1.1558, 2.5929 0.0787 -1.1466, 2.5929 -0.0787 -1.1466, 2.6219 0.0787 -0.9148, 2.6219 -0.0787 -0.9148, 2.628 0.0787 -0.8171, 2.628 -0.0787 -0.8171, 2.628 0.0787 0.0472, 2.628 -0.0787 0.0472, 2.6317 -0.0787 0.0805, 2.6317 0.0787 0.0805, 2.6428 -0.0787 0.1122, 2.6428 0.0787 0.1122, 2.6606 -0.0787 0.1405, 2.6606 0.0787 0.1405, 2.6843 -0.0787 0.1642, 2.6843 0.0787 0.1642, 2.7126 -0.0787 0.182, 2.7126 0.0787 0.182, 2.7443 -0.0787 0.1931, 2.7443 0.0787 0.1931, 2.7776 -0.0787 0.1969, 2.7776 0.0787 0.1969, 1.7835 -0.0787 0.1969, 1.7835 0.0787 0.1969, 1.8168 0.0787 0.2006, 1.8168 -0.0787 0.2006, 1.8484 0.0787 0.2117, 1.8484 -0.0787 0.2117, 1.8767 0.0787 0.2295, 1.8767 -0.0787 0.2295, 1.9004 0.0787 0.2532, 1.9004 -0.0787 0.2532, 1.9183 0.0787 0.2815, 1.9183 -0.0787 0.2815, 1.9293 0.0787 0.3132, 1.9293 -0.0787 0.3132, 1.9331 0.0787 0.3465, 1.9331 -0.0787 0.3465, 1.9331 0.0787 2.3032, 1.9331 -0.0787 2.3032, 1.9311 0.0787 2.3184, 1.9311 -0.0787 2.3184, 1.9252 0.0787 2.3327, 1.9252 -0.0787 2.3327, 1.9158 0.0787 2.3449, 1.9158 -0.0787 2.3449, 1.9035 0.0787 2.3543, 1.9035 -0.0787 2.3543, 1.8893 0.0787 2.3602, 1.8893 -0.0787 2.3602, 1.874 0.0787 2.3622, 1.874 -0.0787 2.3622, 1.7953 0.0787 2.3622, 1.7953 -0.0787 2.3622, 1.78 0.0787 2.3602, 1.78 -0.0787 2.3602, 1.7657 0.0787 2.3543, 1.7657 -0.0787 2.3543, 1.7535 0.0787 2.3449, 1.7535 -0.0787 2.3449, 1.7441 0.0787 2.3327, 1.7441 -0.0787 2.3327, 1.7382 0.0787 2.3184, 1.7382 -0.0787 2.3184, 1.7362 0.0787 2.3032, 1.7362 -0.0787 2.3032, 1.7362 0.0787 0.709, 1.7362 -0.0787 0.709, 1.7326 -0.0787 0.6752, 1.7326 0.0787 0.6752, 1.7217 -0.0787 0.643, 1.7217 0.0787 0.643, 1.7042 -0.0787 0.6138, 1.7042 0.0787 0.6138, 1.6809 -0.0787 0.5891, 1.6809 0.0787 0.5891, 1.6264 -0.0787 0.5528, 1.6264 0.0787 0.5528, 1.565 -0.0787 0.5302, 1.565 0.0787 0.5302, 1.5 -0.0787 0.5225, 1.5 0.0787 0.5225, 1.435 -0.0787 0.5302, 1.435 0.0787 0.5302, 1.3736 -0.0787 0.5528, 1.3736 0.0787 0.5528, 1.3191 -0.0787 0.5891, 1.3191 0.0787 0.5891, 1.2958 -0.0787 0.6138, 1.2958 0.0787 0.6138, 1.2783 -0.0787 0.643, 1.2783 0.0787 0.643, 1.2674 -0.0787 0.6752, 1.2674 0.0787 0.6752, 1.2638 -0.0787 0.709, 1.2638 0.0787 0.709, 1.2638 0.0787 2.3032, 1.2638 -0.0787 2.3032, 1.2618 0.0787 2.3184, 1.2618 -0.0787 2.3184, 1.2559 0.0787 2.3327, 1.2559 -0.0787 2.3327, 1.2465 0.0787 2.3449, 1.2465 -0.0787 2.3449, 1.2343 0.0787 2.3543, 1.2343 -0.0787 2.3543, 1.22 0.0787 2.3602, 1.22 -0.0787 2.3602, 1.2047 0.0787 2.3622, 1.2047 -0.0787 2.3622, 1.126 0.0787 2.3622, 1.126 -0.0787 2.3622, 1.1107 0.0787 2.3602, 1.1107 -0.0787 2.3602, 1.0965 0.0787 2.3543, 1.0965 -0.0787 2.3543, 1.0842 0.0787 2.3449, 1.0842 -0.0787 2.3449, 1.0748 0.0787 2.3327, 1.0748 -0.0787 2.3327, 1.0689 0.0787 2.3184, 1.0689 -0.0787 2.3184, 1.0669 0.0787 2.3032, 1.0669 -0.0787 2.3032, 1.0669 0.0787 0.3465, 1.0669 -0.0787 0.3465, 1.0707 0.0787 0.3132, 1.0707 -0.0787 0.3132, 1.0817 0.0787 0.2815, 1.0817 -0.0787 0.2815, 1.0996 0.0787 0.2532, 1.0996 -0.0787 0.2532, 1.1233 0.0787 0.2295, 1.1233 -0.0787 0.2295, 1.1516 0.0787 0.2117, 1.1516 -0.0787 0.2117, 1.1832 0.0787 0.2006, 1.1832 -0.0787 0.2006, 1.2165 0.0787 0.1969, 1.2165 -0.0787 0.1969, 1.2224 0.0787 0.1969, 1.2224 -0.0787 0.1969, 1.2557 -0.0787 0.1931, 1.2557 0.0787 0.1931, 1.2874 -0.0787 0.182, 1.2874 0.0787 0.182, 1.3157 -0.0787 0.1642, 1.3157 0.0787 0.1642, 1.3394 -0.0787 0.1405, 1.3394 0.0787 0.1405, 1.3572 -0.0787 0.1122, 1.3572 0.0787 0.1122, 1.3683 -0.0787 0.0805, 1.3683 0.0787 0.0805, 1.372 -0.0787 0.0472, 1.372 0.0787 0.0472, 1.372 0.0787 -0.8171, 1.372 -0.0787 -0.8171, 1.3781 0.0787 -0.9148, 1.3781 -0.0787 -0.9148, 1.4071 0.0787 -1.1466, 1.4071 -0.0787 -1.1466, 1.4094 0.0787 -1.1558, 1.4094 -0.0787 -1.1558, 1.4138 0.0787 -1.1642, 1.4138 -0.0787 -1.1642, 1.4201 0.0787 -1.1712, 1.4201 -0.0787 -1.1712, 1.4279 0.0787 -1.1766, 1.4279 -0.0787 -1.1766, 1.4368 0.0787 -1.18, 1.4368 -0.0787 -1.18, 1.4462 0.0787 -1.1811, 1.4462 -0.0787 -1.1811, 1.5538 0.0787 -1.1811, 1.5538 -0.0787 -1.1811, 1.5632 0.0787 -1.18, 1.5632 -0.0787 -1.18, 1.5721 0.0787 -1.1766, 1.5721 -0.0787 -1.1766, 1.5799 0.0787 -1.1712, 1.5799 -0.0787 -1.1712, 1.5862 0.0787 -1.1642, 1.5862 -0.0787 -1.1642, 1.5906 0.0787 -1.1558, 1.5906 -0.0787 -1.1558, 1.5929 0.0787 -1.1466, 1.5929 -0.0787 -1.1466, 1.6219 0.0787 -0.9148, 1.6219 -0.0787 -0.9148, 1.628 0.0787 -0.8171, 1.628 -0.0787 -0.8171, 1.628 0.0787 0.0472, 1.628 -0.0787 0.0472, 1.6317 -0.0787 0.0805, 1.6317 0.0787 0.0805, 1.6428 -0.0787 0.1122, 1.6428 0.0787 0.1122, 1.6606 -0.0787 0.1405, 1.6606 0.0787 0.1405, 1.6843 -0.0787 0.1642, 1.6843 0.0787 0.1642, 1.7126 -0.0787 0.182, 1.7126 0.0787 0.182, 1.7443 -0.0787 0.1931, 1.7443 0.0787 0.1931, 1.7776 -0.0787 0.1969, 1.7776 0.0787 0.1969, 0.7835 -0.0787 0.1969, 0.7835 0.0787 0.1969, 0.8168 0.0787 0.2006, 0.8168 -0.0787 0.2006, 0.8484 0.0787 0.2117, 0.8484 -0.0787 0.2117, 0.8767 0.0787 0.2295, 0.8767 -0.0787 0.2295, 0.9004 0.0787 0.2532, 0.9004 -0.0787 0.2532, 0.9183 0.0787 0.2815, 0.9183 -0.0787 0.2815, 0.9293 0.0787 0.3132, 0.9293 -0.0787 0.3132, 0.9331 0.0787 0.3465, 0.9331 -0.0787 0.3465, 0.9331 0.0787 2.3032, 0.9331 -0.0787 2.3032, 0.9311 0.0787 2.3184, 0.9311 -0.0787 2.3184, 0.9252 0.0787 2.3327, 0.9252 -0.0787 2.3327, 0.9158 0.0787 2.3449, 0.9158 -0.0787 2.3449, 0.9035 0.0787 2.3543, 0.9035 -0.0787 2.3543, 0.8893 0.0787 2.3602, 0.8893 -0.0787 2.3602, 0.874 0.0787 2.3622, 0.874 -0.0787 2.3622, 0.7953 0.0787 2.3622, 0.7953 -0.0787 2.3622, 0.78 0.0787 2.3602, 0.78 -0.0787 2.3602, 0.7657 0.0787 2.3543, 0.7657 -0.0787 2.3543, 0.7535 0.0787 2.3449, 0.7535 -0.0787 2.3449, 0.7441 0.0787 2.3327, 0.7441 -0.0787 2.3327, 0.7382 0.0787 2.3184, 0.7382 -0.0787 2.3184, 0.7362 0.0787 2.3032, 0.7362 -0.0787 2.3032, 0.7362 0.0787 0.709, 0.7362 -0.0787 0.709, 0.7326 -0.0787 0.6752, 0.7326 0.0787 0.6752, 0.7217 -0.0787 0.643, 0.7217 0.0787 0.643, 0.7042 -0.0787 0.6138, 0.7042 0.0787 0.6138, 0.6809 -0.0787 0.5891, 0.6809 0.0787 0.5891, 0.6264 -0.0787 0.5528, 0.6264 0.0787 0.5528, 0.565 -0.0787 0.5302, 0.565 0.0787 0.5302, 0.5 -0.0787 0.5225, 0.5 0.0787 0.5225, 0.435 -0.0787 0.5302, 0.435 0.0787 0.5302, 0.3736 -0.0787 0.5528, 0.3736 0.0787 0.5528, 0.3191 -0.0787 0.5891, 0.3191 0.0787 0.5891, 0.2958 -0.0787 0.6138, 0.2958 0.0787 0.6138, 0.2783 -0.0787 0.643, 0.2783 0.0787 0.643, 0.2674 -0.0787 0.6752, 0.2674 0.0787 0.6752, 0.2638 -0.0787 0.709, 0.2638 0.0787 0.709, 0.2638 0.0787 2.3032, 0.2638 -0.0787 2.3032, 0.2618 0.0787 2.3184, 0.2618 -0.0787 2.3184, 0.2559 0.0787 2.3327, 0.2559 -0.0787 2.3327, 0.2465 0.0787 2.3449, 0.2465 -0.0787 2.3449, 0.2343 0.0787 2.3543, 0.2343 -0.0787 2.3543, 0.22 0.0787 2.3602, 0.22 -0.0787 2.3602, 0.2047 0.0787 2.3622, 0.2047 -0.0787 2.3622, 0.126 0.0787 2.3622, 0.126 -0.0787 2.3622, 0.1107 0.0787 2.3602, 0.1107 -0.0787 2.3602, 0.0965 0.0787 2.3543, 0.0965 -0.0787 2.3543, 0.0842 0.0787 2.3449, 0.0842 -0.0787 2.3449, 0.0748 0.0787 2.3327, 0.0748 -0.0787 2.3327, 0.0689 0.0787 2.3184, 0.0689 -0.0787 2.3184, 0.0669 0.0787 2.3032, 0.0669 -0.0787 2.3032, 0.0669 0.0787 0.3465, 0.0669 -0.0787 0.3465, 0.0707 0.0787 0.3132, 0.0707 -0.0787 0.3132, 0.0817 0.0787 0.2815, 0.0817 -0.0787 0.2815, 0.0996 0.0787 0.2532, 0.0996 -0.0787 0.2532, 0.1233 0.0787 0.2295, 0.1233 -0.0787 0.2295, 0.1516 0.0787 0.2117, 0.1516 -0.0787 0.2117, 0.1832 0.0787 0.2006, 0.1832 -0.0787 0.2006, 0.2165 0.0787 0.1969, 0.2165 -0.0787 0.1969, 0.2224 0.0787 0.1969, 0.2224 -0.0787 0.1969, 0.2557 -0.0787 0.1931, 0.2557 0.0787 0.1931, 0.2874 -0.0787 0.182, 0.2874 0.0787 0.182, 0.3157 -0.0787 0.1642, 0.3157 0.0787 0.1642, 0.3394 -0.0787 0.1405, 0.3394 0.0787 0.1405, 0.3572 -0.0787 0.1122, 0.3572 0.0787 0.1122, 0.3683 -0.0787 0.0805, 0.3683 0.0787 0.0805, 0.372 -0.0787 0.0472, 0.372 0.0787 0.0472, 0.372 0.0787 -0.8171, 0.372 -0.0787 -0.8171, 0.3781 0.0787 -0.9148, 0.3781 -0.0787 -0.9148, 0.4071 0.0787 -1.1466, 0.4071 -0.0787 -1.1466, 0.4094 0.0787 -1.1558, 0.4094 -0.0787 -1.1558, 0.4138 0.0787 -1.1642, 0.4138 -0.0787 -1.1642, 0.4201 0.0787 -1.1712, 0.4201 -0.0787 -1.1712, 0.4279 0.0787 -1.1766, 0.4279 -0.0787 -1.1766, 0.4368 0.0787 -1.18, 0.4368 -0.0787 -1.18, 0.4462 0.0787 -1.1811, 0.4462 -0.0787 -1.1811, 0.5538 0.0787 -1.1811, 0.5538 -0.0787 -1.1811, 0.5632 0.0787 -1.18, 0.5632 -0.0787 -1.18, 0.5721 0.0787 -1.1766, 0.5721 -0.0787 -1.1766, 0.5799 0.0787 -1.1712, 0.5799 -0.0787 -1.1712, 0.5862 0.0787 -1.1642, 0.5862 -0.0787 -1.1642, 0.5906 0.0787 -1.1558, 0.5906 -0.0787 -1.1558, 0.5929 0.0787 -1.1466, 0.5929 -0.0787 -1.1466, 0.6219 0.0787 -0.9148, 0.6219 -0.0787 -0.9148, 0.628 0.0787 -0.8171, 0.628 -0.0787 -0.8171, 0.628 0.0787 0.0472, 0.628 -0.0787 0.0472, 0.6317 -0.0787 0.0805, 0.6317 0.0787 0.0805, 0.6428 -0.0787 0.1122, 0.6428 0.0787 0.1122, 0.6606 -0.0787 0.1405, 0.6606 0.0787 0.1405, 0.6843 -0.0787 0.1642, 0.6843 0.0787 0.1642, 0.7126 -0.0787 0.182, 0.7126 0.0787 0.182, 0.7443 -0.0787 0.1931, 0.7443 0.0787 0.1931, 0.7776 -0.0787 0.1969, 0.7776 0.0787 0.1969, -0.2165 -0.0787 0.1969, -0.2165 0.0787 0.1969, -0.1832 0.0787 0.2006, -0.1832 -0.0787 0.2006, -0.1516 0.0787 0.2117, -0.1516 -0.0787 0.2117, -0.1233 0.0787 0.2295, -0.1233 -0.0787 0.2295, -0.0996 0.0787 0.2532, -0.0996 -0.0787 0.2532, -0.0817 0.0787 0.2815, -0.0817 -0.0787 0.2815, -0.0707 0.0787 0.3132, -0.0707 -0.0787 0.3132, -0.0669 0.0787 0.3465, -0.0669 -0.0787 0.3465, -0.0669 0.0787 2.3032, -0.0669 -0.0787 2.3032, -0.0689 0.0787 2.3184, -0.0689 -0.0787 2.3184, -0.0748 0.0787 2.3327, -0.0748 -0.0787 2.3327, -0.0842 0.0787 2.3449, -0.0842 -0.0787 2.3449, -0.0965 0.0787 2.3543, -0.0965 -0.0787 2.3543, -0.1107 0.0787 2.3602, -0.1107 -0.0787 2.3602, -0.126 0.0787 2.3622, -0.126 -0.0787 2.3622, -0.2047 0.0787 2.3622, -0.2047 -0.0787 2.3622, -0.22 0.0787 2.3602, -0.22 -0.0787 2.3602, -0.2343 0.0787 2.3543, -0.2343 -0.0787 2.3543, -0.2465 0.0787 2.3449, -0.2465 -0.0787 2.3449, -0.2559 0.0787 2.3327, -0.2559 -0.0787 2.3327, -0.2618 0.0787 2.3184, -0.2618 -0.0787 2.3184, -0.2638 0.0787 2.3032, -0.2638 -0.0787 2.3032, -0.2638 0.0787 0.709, -0.2638 -0.0787 0.709, -0.2674 -0.0787 0.6752, -0.2674 0.0787 0.6752, -0.2783 -0.0787 0.643, -0.2783 0.0787 0.643, -0.2958 -0.0787 0.6138, -0.2958 0.0787 0.6138, -0.3191 -0.0787 0.5891, -0.3191 0.0787 0.5891, -0.3736 -0.0787 0.5528, -0.3736 0.0787 0.5528, -0.435 -0.0787 0.5302, -0.435 0.0787 0.5302, -0.5 -0.0787 0.5225, -0.5 0.0787 0.5225, -0.565 -0.0787 0.5302, -0.565 0.0787 0.5302, -0.6264 -0.0787 0.5528, -0.6264 0.0787 0.5528, -0.6809 -0.0787 0.5891, -0.6809 0.0787 0.5891, -0.7042 -0.0787 0.6138, -0.7042 0.0787 0.6138, -0.7217 -0.0787 0.643, -0.7217 0.0787 0.643, -0.7326 -0.0787 0.6752, -0.7326 0.0787 0.6752, -0.7362 -0.0787 0.709, -0.7362 0.0787 0.709, -0.7362 0.0787 2.3032, -0.7362 -0.0787 2.3032, -0.7382 0.0787 2.3184, -0.7382 -0.0787 2.3184, -0.7441 0.0787 2.3327, -0.7441 -0.0787 2.3327, -0.7535 0.0787 2.3449, -0.7535 -0.0787 2.3449, -0.7657 0.0787 2.3543, -0.7657 -0.0787 2.3543, -0.78 0.0787 2.3602, -0.78 -0.0787 2.3602, -0.7953 0.0787 2.3622, -0.7953 -0.0787 2.3622, -0.874 0.0787 2.3622, -0.874 -0.0787 2.3622, -0.8893 0.0787 2.3602, -0.8893 -0.0787 2.3602, -0.9035 0.0787 2.3543, -0.9035 -0.0787 2.3543, -0.9158 0.0787 2.3449, -0.9158 -0.0787 2.3449, -0.9252 0.0787 2.3327, -0.9252 -0.0787 2.3327, -0.9311 0.0787 2.3184, -0.9311 -0.0787 2.3184, -0.9331 0.0787 2.3032, -0.9331 -0.0787 2.3032, -0.9331 0.0787 0.3465, -0.9331 -0.0787 0.3465, -0.9293 0.0787 0.3132, -0.9293 -0.0787 0.3132, -0.9183 0.0787 0.2815, -0.9183 -0.0787 0.2815, -0.9004 0.0787 0.2532, -0.9004 -0.0787 0.2532, -0.8767 0.0787 0.2295, -0.8767 -0.0787 0.2295, -0.8484 0.0787 0.2117, -0.8484 -0.0787 0.2117, -0.8168 0.0787 0.2006, -0.8168 -0.0787 0.2006, -0.7835 0.0787 0.1969, -0.7835 -0.0787 0.1969, -0.7776 0.0787 0.1969, -0.7776 -0.0787 0.1969, -0.7443 -0.0787 0.1931, -0.7443 0.0787 0.1931, -0.7126 -0.0787 0.182, -0.7126 0.0787 0.182, -0.6843 -0.0787 0.1642, -0.6843 0.0787 0.1642, -0.6606 -0.0787 0.1405, -0.6606 0.0787 0.1405, -0.6428 -0.0787 0.1122, -0.6428 0.0787 0.1122, -0.6317 -0.0787 0.0805, -0.6317 0.0787 0.0805, -0.628 -0.0787 0.0472, -0.628 0.0787 0.0472, -0.628 0.0787 -0.8171, -0.628 -0.0787 -0.8171, -0.6219 0.0787 -0.9148, -0.6219 -0.0787 -0.9148, -0.5929 0.0787 -1.1466, -0.5929 -0.0787 -1.1466, -0.5906 0.0787 -1.1558, -0.5906 -0.0787 -1.1558, -0.5862 0.0787 -1.1642, -0.5862 -0.0787 -1.1642, -0.5799 0.0787 -1.1712, -0.5799 -0.0787 -1.1712, -0.5721 0.0787 -1.1766, -0.5721 -0.0787 -1.1766, -0.5632 0.0787 -1.18, -0.5632 -0.0787 -1.18, -0.5538 0.0787 -1.1811, -0.5538 -0.0787 -1.1811, -0.4462 0.0787 -1.1811, -0.4462 -0.0787 -1.1811, -0.4368 0.0787 -1.18, -0.4368 -0.0787 -1.18, -0.4279 0.0787 -1.1766, -0.4279 -0.0787 -1.1766, -0.4201 0.0787 -1.1712, -0.4201 -0.0787 -1.1712, -0.4138 0.0787 -1.1642, -0.4138 -0.0787 -1.1642, -0.4094 0.0787 -1.1558, -0.4094 -0.0787 -1.1558, -0.4071 0.0787 -1.1466, -0.4071 -0.0787 -1.1466, -0.3781 0.0787 -0.9148, -0.3781 -0.0787 -0.9148, -0.372 0.0787 -0.8171, -0.372 -0.0787 -0.8171, -0.372 0.0787 0.0472, -0.372 -0.0787 0.0472, -0.3683 -0.0787 0.0805, -0.3683 0.0787 0.0805, -0.3572 -0.0787 0.1122, -0.3572 0.0787 0.1122, -0.3394 -0.0787 0.1405, -0.3394 0.0787 0.1405, -0.3157 -0.0787 0.1642, -0.3157 0.0787 0.1642, -0.2874 -0.0787 0.182, -0.2874 0.0787 0.182, -0.2557 -0.0787 0.1931, -0.2557 0.0787 0.1931, -0.2224 -0.0787 0.1969, -0.2224 0.0787 0.1969, -1.2165 -0.0787 0.1969, -1.2165 0.0787 0.1969, -1.1832 0.0787 0.2006, -1.1832 -0.0787 0.2006, -1.1516 0.0787 0.2117, -1.1516 -0.0787 0.2117, -1.1233 0.0787 0.2295, -1.1233 -0.0787 0.2295, -1.0996 0.0787 0.2532, -1.0996 -0.0787 0.2532, -1.0817 0.0787 0.2815, -1.0817 -0.0787 0.2815, -1.0707 0.0787 0.3132, -1.0707 -0.0787 0.3132, -1.0669 0.0787 0.3465, -1.0669 -0.0787 0.3465, -1.0669 0.0787 2.3032, -1.0669 -0.0787 2.3032, -1.0689 0.0787 2.3184, -1.0689 -0.0787 2.3184, -1.0748 0.0787 2.3327, -1.0748 -0.0787 2.3327, -1.0842 0.0787 2.3449, -1.0842 -0.0787 2.3449, -1.0965 0.0787 2.3543, -1.0965 -0.0787 2.3543, -1.1107 0.0787 2.3602, -1.1107 -0.0787 2.3602, -1.126 0.0787 2.3622, -1.126 -0.0787 2.3622, -1.2047 0.0787 2.3622, -1.2047 -0.0787 2.3622, -1.22 0.0787 2.3602, -1.22 -0.0787 2.3602, -1.2343 0.0787 2.3543, -1.2343 -0.0787 2.3543, -1.2465 0.0787 2.3449, -1.2465 -0.0787 2.3449, -1.2559 0.0787 2.3327, -1.2559 -0.0787 2.3327, -1.2618 0.0787 2.3184, -1.2618 -0.0787 2.3184, -1.2638 0.0787 2.3032, -1.2638 -0.0787 2.3032, -1.2638 0.0787 0.709, -1.2638 -0.0787 0.709, -1.2674 -0.0787 0.6752, -1.2674 0.0787 0.6752, -1.2783 -0.0787 0.643, -1.2783 0.0787 0.643, -1.2958 -0.0787 0.6138, -1.2958 0.0787 0.6138, -1.3191 -0.0787 0.5891, -1.3191 0.0787 0.5891, -1.3736 -0.0787 0.5528, -1.3736 0.0787 0.5528, -1.435 -0.0787 0.5302, -1.435 0.0787 0.5302, -1.5 -0.0787 0.5225, -1.5 0.0787 0.5225, -1.565 -0.0787 0.5302, -1.565 0.0787 0.5302, -1.6264 -0.0787 0.5528, -1.6264 0.0787 0.5528, -1.6809 -0.0787 0.5891, -1.6809 0.0787 0.5891, -1.7042 -0.0787 0.6138, -1.7042 0.0787 0.6138, -1.7217 -0.0787 0.643, -1.7217 0.0787 0.643, -1.7326 -0.0787 0.6752, -1.7326 0.0787 0.6752, -1.7362 -0.0787 0.709, -1.7362 0.0787 0.709, -1.7362 0.0787 2.3032, -1.7362 -0.0787 2.3032, -1.7382 0.0787 2.3184, -1.7382 -0.0787 2.3184, -1.7441 0.0787 2.3327, -1.7441 -0.0787 2.3327, -1.7535 0.0787 2.3449, -1.7535 -0.0787 2.3449, -1.7657 0.0787 2.3543, -1.7657 -0.0787 2.3543, -1.78 0.0787 2.3602, -1.78 -0.0787 2.3602, -1.7953 0.0787 2.3622, -1.7953 -0.0787 2.3622, -1.874 0.0787 2.3622, -1.874 -0.0787 2.3622, -1.8893 0.0787 2.3602, -1.8893 -0.0787 2.3602, -1.9035 0.0787 2.3543, -1.9035 -0.0787 2.3543, -1.9158 0.0787 2.3449, -1.9158 -0.0787 2.3449, -1.9252 0.0787 2.3327, -1.9252 -0.0787 2.3327, -1.9311 0.0787 2.3184, -1.9311 -0.0787 2.3184, -1.9331 0.0787 2.3032, -1.9331 -0.0787 2.3032, -1.9331 0.0787 0.3465, -1.9331 -0.0787 0.3465, -1.9293 0.0787 0.3132, -1.9293 -0.0787 0.3132, -1.9183 0.0787 0.2815, -1.9183 -0.0787 0.2815, -1.9004 0.0787 0.2532, -1.9004 -0.0787 0.2532, -1.8767 0.0787 0.2295, -1.8767 -0.0787 0.2295, -1.8484 0.0787 0.2117, -1.8484 -0.0787 0.2117, -1.8168 0.0787 0.2006, -1.8168 -0.0787 0.2006, -1.7835 0.0787 0.1969, -1.7835 -0.0787 0.1969, -1.7776 0.0787 0.1969, -1.7776 -0.0787 0.1969, -1.7443 -0.0787 0.1931, -1.7443 0.0787 0.1931, -1.7126 -0.0787 0.182, -1.7126 0.0787 0.182, -1.6843 -0.0787 0.1642, -1.6843 0.0787 0.1642, -1.6606 -0.0787 0.1405, -1.6606 0.0787 0.1405, -1.6428 -0.0787 0.1122, -1.6428 0.0787 0.1122, -1.6317 -0.0787 0.0805, -1.6317 0.0787 0.0805, -1.628 -0.0787 0.0472, -1.628 0.0787 0.0472, -1.628 0.0787 -0.8171, -1.628 -0.0787 -0.8171, -1.6219 0.0787 -0.9148, -1.6219 -0.0787 -0.9148, -1.5929 0.0787 -1.1466, -1.5929 -0.0787 -1.1466, -1.5906 0.0787 -1.1558, -1.5906 -0.0787 -1.1558, -1.5862 0.0787 -1.1642, -1.5862 -0.0787 -1.1642, -1.5799 0.0787 -1.1712, -1.5799 -0.0787 -1.1712, -1.5721 0.0787 -1.1766, -1.5721 -0.0787 -1.1766, -1.5632 0.0787 -1.18, -1.5632 -0.0787 -1.18, -1.5538 0.0787 -1.1811, -1.5538 -0.0787 -1.1811, -1.4462 0.0787 -1.1811, -1.4462 -0.0787 -1.1811, -1.4368 0.0787 -1.18, -1.4368 -0.0787 -1.18, -1.4279 0.0787 -1.1766, -1.4279 -0.0787 -1.1766, -1.4201 0.0787 -1.1712, -1.4201 -0.0787 -1.1712, -1.4138 0.0787 -1.1642, -1.4138 -0.0787 -1.1642, -1.4094 0.0787 -1.1558, -1.4094 -0.0787 -1.1558, -1.4071 0.0787 -1.1466, -1.4071 -0.0787 -1.1466, -1.3781 0.0787 -0.9148, -1.3781 -0.0787 -0.9148, -1.372 0.0787 -0.8171, -1.372 -0.0787 -0.8171, -1.372 0.0787 0.0472, -1.372 -0.0787 0.0472, -1.3683 -0.0787 0.0805, -1.3683 0.0787 0.0805, -1.3572 -0.0787 0.1122, -1.3572 0.0787 0.1122, -1.3394 -0.0787 0.1405, -1.3394 0.0787 0.1405, -1.3157 -0.0787 0.1642, -1.3157 0.0787 0.1642, -1.2874 -0.0787 0.182, -1.2874 0.0787 0.182, -1.2557 -0.0787 0.1931, -1.2557 0.0787 0.1931, -1.2224 -0.0787 0.1969, -1.2224 0.0787 0.1969, -2.2165 -0.0787 0.1969, -2.2165 0.0787 0.1969, -2.1832 0.0787 0.2006, -2.1832 -0.0787 0.2006, -2.1516 0.0787 0.2117, -2.1516 -0.0787 0.2117, -2.1233 0.0787 0.2295, -2.1233 -0.0787 0.2295, -2.0996 0.0787 0.2532, -2.0996 -0.0787 0.2532, -2.0817 0.0787 0.2815, -2.0817 -0.0787 0.2815, -2.0707 0.0787 0.3132, -2.0707 -0.0787 0.3132, -2.0669 0.0787 0.3465, -2.0669 -0.0787 0.3465, -2.0669 0.0787 2.3032, -2.0669 -0.0787 2.3032, -2.0689 0.0787 2.3184, -2.0689 -0.0787 2.3184, -2.0748 0.0787 2.3327, -2.0748 -0.0787 2.3327, -2.0842 0.0787 2.3449, -2.0842 -0.0787 2.3449, -2.0965 0.0787 2.3543, -2.0965 -0.0787 2.3543, -2.1107 0.0787 2.3602, -2.1107 -0.0787 2.3602, -2.126 0.0787 2.3622, -2.126 -0.0787 2.3622, -2.2047 0.0787 2.3622, -2.2047 -0.0787 2.3622, -2.22 0.0787 2.3602, -2.22 -0.0787 2.3602, -2.2343 0.0787 2.3543, -2.2343 -0.0787 2.3543, -2.2465 0.0787 2.3449, -2.2465 -0.0787 2.3449, -2.2559 0.0787 2.3327, -2.2559 -0.0787 2.3327, -2.2618 0.0787 2.3184, -2.2618 -0.0787 2.3184, -2.2638 0.0787 2.3032, -2.2638 -0.0787 2.3032, -2.2638 0.0787 0.709, -2.2638 -0.0787 0.709, -2.2674 -0.0787 0.6752, -2.2674 0.0787 0.6752, -2.2783 -0.0787 0.643, -2.2783 0.0787 0.643, -2.2958 -0.0787 0.6138, -2.2958 0.0787 0.6138, -2.3191 -0.0787 0.5891, -2.3191 0.0787 0.5891, -2.3736 -0.0787 0.5528, -2.3736 0.0787 0.5528, -2.435 -0.0787 0.5302, -2.435 0.0787 0.5302, -2.5 -0.0787 0.5225, -2.5 0.0787 0.5225, -2.565 -0.0787 0.5302, -2.565 0.0787 0.5302, -2.6264 -0.0787 0.5528, -2.6264 0.0787 0.5528, -2.6809 -0.0787 0.5891, -2.6809 0.0787 0.5891, -2.7042 -0.0787 0.6138, -2.7042 0.0787 0.6138, -2.7217 -0.0787 0.643, -2.7217 0.0787 0.643, -2.7326 -0.0787 0.6752, -2.7326 0.0787 0.6752, -2.7362 -0.0787 0.709, -2.7362 0.0787 0.709, -2.7362 0.0787 2.3032, -2.7362 -0.0787 2.3032, -2.7382 0.0787 2.3184, -2.7382 -0.0787 2.3184, -2.7441 0.0787 2.3327, -2.7441 -0.0787 2.3327, -2.7535 0.0787 2.3449, -2.7535 -0.0787 2.3449, -2.7657 0.0787 2.3543, -2.7657 -0.0787 2.3543, -2.78 0.0787 2.3602, -2.78 -0.0787 2.3602, -2.7953 0.0787 2.3622, -2.7953 -0.0787 2.3622, -2.874 0.0787 2.3622, -2.874 -0.0787 2.3622, -2.8893 0.0787 2.3602, -2.8893 -0.0787 2.3602, -2.9035 0.0787 2.3543, -2.9035 -0.0787 2.3543, -2.9158 0.0787 2.3449, -2.9158 -0.0787 2.3449, -2.9252 0.0787 2.3327, -2.9252 -0.0787 2.3327, -2.9311 0.0787 2.3184, -2.9311 -0.0787 2.3184, -2.9331 0.0787 2.3032, -2.9331 -0.0787 2.3032, -2.9331 0.0787 0.3465, -2.9331 -0.0787 0.3465, -2.9293 0.0787 0.3132, -2.9293 -0.0787 0.3132, -2.9183 0.0787 0.2815, -2.9183 -0.0787 0.2815, -2.9004 0.0787 0.2532, -2.9004 -0.0787 0.2532, -2.8767 0.0787 0.2295, -2.8767 -0.0787 0.2295, -2.8484 0.0787 0.2117, -2.8484 -0.0787 0.2117, -2.8168 0.0787 0.2006, -2.8168 -0.0787 0.2006, -2.7835 0.0787 0.1969, -2.7835 -0.0787 0.1969, -2.7776 0.0787 0.1969, -2.7776 -0.0787 0.1969, -2.7443 -0.0787 0.1931, -2.7443 0.0787 0.1931, -2.7126 -0.0787 0.182, -2.7126 0.0787 0.182, -2.6843 -0.0787 0.1642, -2.6843 0.0787 0.1642, -2.6606 -0.0787 0.1405, -2.6606 0.0787 0.1405, -2.6428 -0.0787 0.1122, -2.6428 0.0787 0.1122, -2.6317 -0.0787 0.0805, -2.6317 0.0787 0.0805, -2.628 -0.0787 0.0472, -2.628 0.0787 0.0472, -2.628 0.0787 -0.8171, -2.628 -0.0787 -0.8171, -2.6219 0.0787 -0.9148, -2.6219 -0.0787 -0.9148, -2.5929 0.0787 -1.1466, -2.5929 -0.0787 -1.1466, -2.5906 0.0787 -1.1558, -2.5906 -0.0787 -1.1558, -2.5862 0.0787 -1.1642, -2.5862 -0.0787 -1.1642, -2.5799 0.0787 -1.1712, -2.5799 -0.0787 -1.1712, -2.5721 0.0787 -1.1766, -2.5721 -0.0787 -1.1766, -2.5632 0.0787 -1.18, -2.5632 -0.0787 -1.18, -2.5538 0.0787 -1.1811, -2.5538 -0.0787 -1.1811, -2.4462 0.0787 -1.1811, -2.4462 -0.0787 -1.1811, -2.4368 0.0787 -1.18, -2.4368 -0.0787 -1.18, -2.4279 0.0787 -1.1766, -2.4279 -0.0787 -1.1766, -2.4201 0.0787 -1.1712, -2.4201 -0.0787 -1.1712, -2.4138 0.0787 -1.1642, -2.4138 -0.0787 -1.1642, -2.4094 0.0787 -1.1558, -2.4094 -0.0787 -1.1558, -2.4071 0.0787 -1.1466, -2.4071 -0.0787 -1.1466, -2.3781 0.0787 -0.9148, -2.3781 -0.0787 -0.9148, -2.372 0.0787 -0.8171, -2.372 -0.0787 -0.8171, -2.372 0.0787 0.0472, -2.372 -0.0787 0.0472, -2.3683 -0.0787 0.0805, -2.3683 0.0787 0.0805, -2.3572 -0.0787 0.1122, -2.3572 0.0787 0.1122, -2.3394 -0.0787 0.1405, -2.3394 0.0787 0.1405, -2.3157 -0.0787 0.1642, -2.3157 0.0787 0.1642, -2.2874 -0.0787 0.182, -2.2874 0.0787 0.182, -2.2557 -0.0787 0.1931, -2.2557 0.0787 0.1931, -2.2224 -0.0787 0.1969, -2.2224 0.0787 0.1969, -3.2165 -0.0787 0.1969, -3.2165 0.0787 0.1969, -3.1832 0.0787 0.2006, -3.1832 -0.0787 0.2006, -3.1516 0.0787 0.2117, -3.1516 -0.0787 0.2117, -3.1233 0.0787 0.2295, -3.1233 -0.0787 0.2295, -3.0996 0.0787 0.2532, -3.0996 -0.0787 0.2532, -3.0817 0.0787 0.2815, -3.0817 -0.0787 0.2815, -3.0707 0.0787 0.3132, -3.0707 -0.0787 0.3132, -3.0669 0.0787 0.3465, -3.0669 -0.0787 0.3465, -3.0669 0.0787 2.3032, -3.0669 -0.0787 2.3032, -3.0689 0.0787 2.3184, -3.0689 -0.0787 2.3184, -3.0748 0.0787 2.3327, -3.0748 -0.0787 2.3327, -3.0842 0.0787 2.3449, -3.0842 -0.0787 2.3449, -3.0965 0.0787 2.3543, -3.0965 -0.0787 2.3543, -3.1107 0.0787 2.3602, -3.1107 -0.0787 2.3602, -3.126 0.0787 2.3622, -3.126 -0.0787 2.3622, -3.2047 0.0787 2.3622, -3.2047 -0.0787 2.3622, -3.22 0.0787 2.3602, -3.22 -0.0787 2.3602, -3.2343 0.0787 2.3543, -3.2343 -0.0787 2.3543, -3.2465 0.0787 2.3449, -3.2465 -0.0787 2.3449, -3.2559 0.0787 2.3327, -3.2559 -0.0787 2.3327, -3.2618 0.0787 2.3184, -3.2618 -0.0787 2.3184, -3.2638 0.0787 2.3032, -3.2638 -0.0787 2.3032, -3.2638 0.0787 0.709, -3.2638 -0.0787 0.709, -3.2674 -0.0787 0.6752, -3.2674 0.0787 0.6752, -3.2783 -0.0787 0.643, -3.2783 0.0787 0.643, -3.2958 -0.0787 0.6138, -3.2958 0.0787 0.6138, -3.3191 -0.0787 0.5891, -3.3191 0.0787 0.5891, -3.3736 -0.0787 0.5528, -3.3736 0.0787 0.5528, -3.435 -0.0787 0.5302, -3.435 0.0787 0.5302, -3.5 -0.0787 0.5225, -3.5 0.0787 0.5225, -3.565 -0.0787 0.5302, -3.565 0.0787 0.5302, -3.6264 -0.0787 0.5528, -3.6264 0.0787 0.5528, -3.6809 -0.0787 0.5891, -3.6809 0.0787 0.5891, -3.7042 -0.0787 0.6138, -3.7042 0.0787 0.6138, -3.7217 -0.0787 0.643, -3.7217 0.0787 0.643, -3.7326 -0.0787 0.6752, -3.7326 0.0787 0.6752, -3.7362 -0.0787 0.709, -3.7362 0.0787 0.709, -3.7362 0.0787 2.3032, -3.7362 -0.0787 2.3032, -3.7382 0.0787 2.3184, -3.7382 -0.0787 2.3184, -3.7441 0.0787 2.3327, -3.7441 -0.0787 2.3327, -3.7535 0.0787 2.3449, -3.7535 -0.0787 2.3449, -3.7657 0.0787 2.3543, -3.7657 -0.0787 2.3543, -3.78 0.0787 2.3602, -3.78 -0.0787 2.3602, -3.7953 0.0787 2.3622, -3.7953 -0.0787 2.3622, -3.874 0.0787 2.3622, -3.874 -0.0787 2.3622, -3.8893 0.0787 2.3602, -3.8893 -0.0787 2.3602, -3.9035 0.0787 2.3543, -3.9035 -0.0787 2.3543, -3.9158 0.0787 2.3449, -3.9158 -0.0787 2.3449, -3.9252 0.0787 2.3327, -3.9252 -0.0787 2.3327, -3.9311 0.0787 2.3184, -3.9311 -0.0787 2.3184, -3.9331 0.0787 2.3032, -3.9331 -0.0787 2.3032, -3.9331 0.0787 0.3465, -3.9331 -0.0787 0.3465, -3.9293 0.0787 0.3132, -3.9293 -0.0787 0.3132, -3.9183 0.0787 0.2815, -3.9183 -0.0787 0.2815, -3.9004 0.0787 0.2532, -3.9004 -0.0787 0.2532, -3.8767 0.0787 0.2295, -3.8767 -0.0787 0.2295, -3.8484 0.0787 0.2117, -3.8484 -0.0787 0.2117, -3.8168 0.0787 0.2006, -3.8168 -0.0787 0.2006, -3.7835 0.0787 0.1969, -3.7835 -0.0787 0.1969, -3.7776 0.0787 0.1969, -3.7776 -0.0787 0.1969, -3.7443 -0.0787 0.1931, -3.7443 0.0787 0.1931, -3.7126 -0.0787 0.182, -3.7126 0.0787 0.182, -3.6843 -0.0787 0.1642, -3.6843 0.0787 0.1642, -3.6606 -0.0787 0.1405, -3.6606 0.0787 0.1405, -3.6428 -0.0787 0.1122, -3.6428 0.0787 0.1122, -3.6317 -0.0787 0.0805, -3.6317 0.0787 0.0805, -3.628 -0.0787 0.0472, -3.628 0.0787 0.0472, -3.628 0.0787 -0.8171, -3.628 -0.0787 -0.8171, -3.6219 0.0787 -0.9148, -3.6219 -0.0787 -0.9148, -3.5929 0.0787 -1.1466, -3.5929 -0.0787 -1.1466, -3.5906 0.0787 -1.1558, -3.5906 -0.0787 -1.1558, -3.5862 0.0787 -1.1642, -3.5862 -0.0787 -1.1642, -3.5799 0.0787 -1.1712, -3.5799 -0.0787 -1.1712, -3.5721 0.0787 -1.1766, -3.5721 -0.0787 -1.1766, -3.5632 0.0787 -1.18, -3.5632 -0.0787 -1.18, -3.5538 0.0787 -1.1811, -3.5538 -0.0787 -1.1811, -3.4462 0.0787 -1.1811, -3.4462 -0.0787 -1.1811, -3.4368 0.0787 -1.18, -3.4368 -0.0787 -1.18, -3.4279 0.0787 -1.1766, -3.4279 -0.0787 -1.1766, -3.4201 0.0787 -1.1712, -3.4201 -0.0787 -1.1712, -3.4138 0.0787 -1.1642, -3.4138 -0.0787 -1.1642, -3.4094 0.0787 -1.1558, -3.4094 -0.0787 -1.1558, -3.4071 0.0787 -1.1466, -3.4071 -0.0787 -1.1466, -3.3781 0.0787 -0.9148, -3.3781 -0.0787 -0.9148, -3.372 0.0787 -0.8171, -3.372 -0.0787 -0.8171, -3.372 0.0787 0.0472, -3.372 -0.0787 0.0472, -3.3683 -0.0787 0.0805, -3.3683 0.0787 0.0805, -3.3572 -0.0787 0.1122, -3.3572 0.0787 0.1122, -3.3394 -0.0787 0.1405, -3.3394 0.0787 0.1405, -3.3157 -0.0787 0.1642, -3.3157 0.0787 0.1642, -3.2874 -0.0787 0.182, -3.2874 0.0787 0.182, -3.2557 -0.0787 0.1931, -3.2557 0.0787 0.1931, -3.2224 -0.0787 0.1969, -3.2224 0.0787 0.1969, -4.2165 -0.0787 0.1969, -4.2165 0.0787 0.1969, -4.1832 0.0787 0.2006, -4.1832 -0.0787 0.2006, -4.1516 0.0787 0.2117, -4.1516 -0.0787 0.2117, -4.1233 0.0787 0.2295, -4.1233 -0.0787 0.2295, -4.0996 0.0787 0.2532, -4.0996 -0.0787 0.2532, -4.0817 0.0787 0.2815, -4.0817 -0.0787 0.2815, -4.0707 0.0787 0.3132, -4.0707 -0.0787 0.3132, -4.0669 0.0787 0.3465, -4.0669 -0.0787 0.3465, -4.0669 0.0787 2.3032, -4.0669 -0.0787 2.3032, -4.0689 0.0787 2.3184, -4.0689 -0.0787 2.3184, -4.0748 0.0787 2.3327, -4.0748 -0.0787 2.3327, -4.0842 0.0787 2.3449, -4.0842 -0.0787 2.3449, -4.0965 0.0787 2.3543, -4.0965 -0.0787 2.3543, -4.1107 0.0787 2.3602, -4.1107 -0.0787 2.3602, -4.126 0.0787 2.3622, -4.126 -0.0787 2.3622, -4.2047 0.0787 2.3622, -4.2047 -0.0787 2.3622, -4.22 0.0787 2.3602, -4.22 -0.0787 2.3602, -4.2343 0.0787 2.3543, -4.2343 -0.0787 2.3543, -4.2465 0.0787 2.3449, -4.2465 -0.0787 2.3449, -4.2559 0.0787 2.3327, -4.2559 -0.0787 2.3327, -4.2618 0.0787 2.3184, -4.2618 -0.0787 2.3184, -4.2638 0.0787 2.3032, -4.2638 -0.0787 2.3032, -4.2638 0.0787 0.709, -4.2638 -0.0787 0.709, -4.2674 -0.0787 0.6752, -4.2674 0.0787 0.6752, -4.2783 -0.0787 0.643, -4.2783 0.0787 0.643, -4.2958 -0.0787 0.6138, -4.2958 0.0787 0.6138, -4.3191 -0.0787 0.5891, -4.3191 0.0787 0.5891, -4.3736 -0.0787 0.5528, -4.3736 0.0787 0.5528, -4.435 -0.0787 0.5302, -4.435 0.0787 0.5302, -4.5 -0.0787 0.5225, -4.5 0.0787 0.5225, -4.565 -0.0787 0.5302, -4.565 0.0787 0.5302, -4.6264 -0.0787 0.5528, -4.6264 0.0787 0.5528, -4.6809 -0.0787 0.5891, -4.6809 0.0787 0.5891, -4.7042 -0.0787 0.6138, -4.7042 0.0787 0.6138, -4.7217 -0.0787 0.643, -4.7217 0.0787 0.643, -4.7326 -0.0787 0.6752, -4.7326 0.0787 0.6752, -4.7362 -0.0787 0.709, -4.7362 0.0787 0.709, -4.7362 0.0787 2.3032, -4.7362 -0.0787 2.3032, -4.7382 0.0787 2.3184, -4.7382 -0.0787 2.3184, -4.7441 0.0787 2.3327, -4.7441 -0.0787 2.3327, -4.7535 0.0787 2.3449, -4.7535 -0.0787 2.3449, -4.7657 0.0787 2.3543, -4.7657 -0.0787 2.3543, -4.78 0.0787 2.3602, -4.78 -0.0787 2.3602, -4.7953 0.0787 2.3622, -4.7953 -0.0787 2.3622, -4.874 0.0787 2.3622, -4.874 -0.0787 2.3622, -4.8893 0.0787 2.3602, -4.8893 -0.0787 2.3602, -4.9035 0.0787 2.3543, -4.9035 -0.0787 2.3543, -4.9158 0.0787 2.3449, -4.9158 -0.0787 2.3449, -4.9252 0.0787 2.3327, -4.9252 -0.0787 2.3327, -4.9311 0.0787 2.3184, -4.9311 -0.0787 2.3184, -4.9331 0.0787 2.3032, -4.9331 -0.0787 2.3032, -4.9331 0.0787 0.3465, -4.9331 -0.0787 0.3465, -4.9293 0.0787 0.3132, -4.9293 -0.0787 0.3132, -4.9183 0.0787 0.2815, -4.9183 -0.0787 0.2815, -4.9004 0.0787 0.2532, -4.9004 -0.0787 0.2532, -4.8767 0.0787 0.2295, -4.8767 -0.0787 0.2295, -4.8484 0.0787 0.2117, -4.8484 -0.0787 0.2117, -4.8168 0.0787 0.2006, -4.8168 -0.0787 0.2006, -4.7835 0.0787 0.1969, -4.7835 -0.0787 0.1969, -4.7776 0.0787 0.1969, -4.7776 -0.0787 0.1969, -4.7443 -0.0787 0.1931, -4.7443 0.0787 0.1931, -4.7126 -0.0787 0.182, -4.7126 0.0787 0.182, -4.6843 -0.0787 0.1642, -4.6843 0.0787 0.1642, -4.6606 -0.0787 0.1405, -4.6606 0.0787 0.1405, -4.6428 -0.0787 0.1122, -4.6428 0.0787 0.1122, -4.6317 -0.0787 0.0805, -4.6317 0.0787 0.0805, -4.628 -0.0787 0.0472, -4.628 0.0787 0.0472, -4.628 0.0787 -0.8171, -4.628 -0.0787 -0.8171, -4.6219 0.0787 -0.9148, -4.6219 -0.0787 -0.9148, -4.5929 0.0787 -1.1466, -4.5929 -0.0787 -1.1466, -4.5906 0.0787 -1.1558, -4.5906 -0.0787 -1.1558, -4.5862 0.0787 -1.1642, -4.5862 -0.0787 -1.1642, -4.5799 0.0787 -1.1712, -4.5799 -0.0787 -1.1712, -4.5721 0.0787 -1.1766, -4.5721 -0.0787 -1.1766, -4.5632 0.0787 -1.18, -4.5632 -0.0787 -1.18, -4.5538 0.0787 -1.1811, -4.5538 -0.0787 -1.1811, -4.4462 0.0787 -1.1811, -4.4462 -0.0787 -1.1811, -4.4368 0.0787 -1.18, -4.4368 -0.0787 -1.18, -4.4279 0.0787 -1.1766, -4.4279 -0.0787 -1.1766, -4.4201 0.0787 -1.1712, -4.4201 -0.0787 -1.1712, -4.4138 0.0787 -1.1642, -4.4138 -0.0787 -1.1642, -4.4094 0.0787 -1.1558, -4.4094 -0.0787 -1.1558, -4.4071 0.0787 -1.1466, -4.4071 -0.0787 -1.1466, -4.3781 0.0787 -0.9148, -4.3781 -0.0787 -0.9148, -4.372 0.0787 -0.8171, -4.372 -0.0787 -0.8171, -4.372 0.0787 0.0472, -4.372 -0.0787 0.0472, -4.3683 -0.0787 0.0805, -4.3683 0.0787 0.0805, -4.3572 -0.0787 0.1122, -4.3572 0.0787 0.1122, -4.3394 -0.0787 0.1405, -4.3394 0.0787 0.1405, -4.3157 -0.0787 0.1642, -4.3157 0.0787 0.1642, -4.2874 -0.0787 0.182, -4.2874 0.0787 0.182, -4.2557 -0.0787 0.1931, -4.2557 0.0787 0.1931, -4.2224 -0.0787 0.1969, -4.2224 0.0787 0.1969, -5.2165 -0.0787 0.1969, -5.2165 0.0787 0.1969, -5.1832 0.0787 0.2006, -5.1832 -0.0787 0.2006, -5.1516 0.0787 0.2117, -5.1516 -0.0787 0.2117, -5.1233 0.0787 0.2295, -5.1233 -0.0787 0.2295, -5.0996 0.0787 0.2532, -5.0996 -0.0787 0.2532, -5.0817 0.0787 0.2815, -5.0817 -0.0787 0.2815, -5.0707 0.0787 0.3132, -5.0707 -0.0787 0.3132, -5.0669 0.0787 0.3465, -5.0669 -0.0787 0.3465, -5.0669 0.0787 2.3032, -5.0669 -0.0787 2.3032, -5.0689 0.0787 2.3184, -5.0689 -0.0787 2.3184, -5.0748 0.0787 2.3327, -5.0748 -0.0787 2.3327, -5.0842 0.0787 2.3449, -5.0842 -0.0787 2.3449, -5.0965 0.0787 2.3543, -5.0965 -0.0787 2.3543, -5.1107 0.0787 2.3602, -5.1107 -0.0787 2.3602, -5.126 0.0787 2.3622, -5.126 -0.0787 2.3622, -5.2047 0.0787 2.3622, -5.2047 -0.0787 2.3622, -5.22 0.0787 2.3602, -5.22 -0.0787 2.3602, -5.2343 0.0787 2.3543, -5.2343 -0.0787 2.3543, -5.2465 0.0787 2.3449, -5.2465 -0.0787 2.3449, -5.2559 0.0787 2.3327, -5.2559 -0.0787 2.3327, -5.2618 0.0787 2.3184, -5.2618 -0.0787 2.3184, -5.2638 0.0787 2.3032, -5.2638 -0.0787 2.3032, -5.2638 0.0787 0.709, -5.2638 -0.0787 0.709, -5.2674 -0.0787 0.6752, -5.2674 0.0787 0.6752, -5.2783 -0.0787 0.643, -5.2783 0.0787 0.643, -5.2958 -0.0787 0.6138, -5.2958 0.0787 0.6138, -5.3191 -0.0787 0.5891, -5.3191 0.0787 0.5891, -5.3736 -0.0787 0.5528, -5.3736 0.0787 0.5528, -5.435 -0.0787 0.5302, -5.435 0.0787 0.5302, -5.5 -0.0787 0.5225, -5.5 0.0787 0.5225, -5.565 -0.0787 0.5302, -5.565 0.0787 0.5302, -5.6264 -0.0787 0.5528, -5.6264 0.0787 0.5528, -5.6809 -0.0787 0.5891, -5.6809 0.0787 0.5891, -5.7042 -0.0787 0.6138, -5.7042 0.0787 0.6138, -5.7217 -0.0787 0.643, -5.7217 0.0787 0.643, -5.7326 -0.0787 0.6752, -5.7326 0.0787 0.6752, -5.7362 -0.0787 0.709, -5.7362 0.0787 0.709, -5.7362 0.0787 2.3032, -5.7362 -0.0787 2.3032, -5.7382 0.0787 2.3184, -5.7382 -0.0787 2.3184, -5.7441 0.0787 2.3327, -5.7441 -0.0787 2.3327, -5.7535 0.0787 2.3449, -5.7535 -0.0787 2.3449, -5.7657 0.0787 2.3543, -5.7657 -0.0787 2.3543, -5.78 0.0787 2.3602, -5.78 -0.0787 2.3602, -5.7953 0.0787 2.3622, -5.7953 -0.0787 2.3622, -5.874 0.0787 2.3622, -5.874 -0.0787 2.3622, -5.8893 0.0787 2.3602, -5.8893 -0.0787 2.3602, -5.9035 0.0787 2.3543, -5.9035 -0.0787 2.3543, -5.9158 0.0787 2.3449, -5.9158 -0.0787 2.3449, -5.9252 0.0787 2.3327, -5.9252 -0.0787 2.3327, -5.9311 0.0787 2.3184, -5.9311 -0.0787 2.3184, -5.9331 0.0787 2.3032, -5.9331 -0.0787 2.3032, -5.9331 0.0787 0.3465, -5.9331 -0.0787 0.3465, -5.9293 0.0787 0.3132, -5.9293 -0.0787 0.3132, -5.9183 0.0787 0.2815, -5.9183 -0.0787 0.2815, -5.9004 0.0787 0.2532, -5.9004 -0.0787 0.2532, -5.8767 0.0787 0.2295, -5.8767 -0.0787 0.2295, -5.8484 0.0787 0.2117, -5.8484 -0.0787 0.2117, -5.8168 0.0787 0.2006, -5.8168 -0.0787 0.2006, -5.7835 0.0787 0.1969, -5.7835 -0.0787 0.1969, -5.7776 0.0787 0.1969, -5.7776 -0.0787 0.1969, -5.7443 -0.0787 0.1931, -5.7443 0.0787 0.1931, -5.7126 -0.0787 0.182, -5.7126 0.0787 0.182, -5.6843 -0.0787 0.1642, -5.6843 0.0787 0.1642, -5.6606 -0.0787 0.1405, -5.6606 0.0787 0.1405, -5.6428 -0.0787 0.1122, -5.6428 0.0787 0.1122, -5.6317 -0.0787 0.0805, -5.6317 0.0787 0.0805, -5.628 -0.0787 0.0472, -5.628 0.0787 0.0472, -5.628 0.0787 -0.8171, -5.628 -0.0787 -0.8171, -5.6219 0.0787 -0.9148, -5.6219 -0.0787 -0.9148, -5.5929 0.0787 -1.1466, -5.5929 -0.0787 -1.1466, -5.5906 0.0787 -1.1558, -5.5906 -0.0787 -1.1558, -5.5862 0.0787 -1.1642, -5.5862 -0.0787 -1.1642, -5.5799 0.0787 -1.1712, -5.5799 -0.0787 -1.1712, -5.5721 0.0787 -1.1766, -5.5721 -0.0787 -1.1766, -5.5632 0.0787 -1.18, -5.5632 -0.0787 -1.18, -5.5538 0.0787 -1.1811, -5.5538 -0.0787 -1.1811, -5.4462 0.0787 -1.1811, -5.4462 -0.0787 -1.1811, -5.4368 0.0787 -1.18, -5.4368 -0.0787 -1.18, -5.4279 0.0787 -1.1766, -5.4279 -0.0787 -1.1766, -5.4201 0.0787 -1.1712, -5.4201 -0.0787 -1.1712, -5.4138 0.0787 -1.1642, -5.4138 -0.0787 -1.1642, -5.4094 0.0787 -1.1558, -5.4094 -0.0787 -1.1558, -5.4071 0.0787 -1.1466, -5.4071 -0.0787 -1.1466, -5.3781 0.0787 -0.9148, -5.3781 -0.0787 -0.9148, -5.372 0.0787 -0.8171, -5.372 -0.0787 -0.8171, -5.372 0.0787 0.0472, -5.372 -0.0787 0.0472, -5.3683 -0.0787 0.0805, -5.3683 0.0787 0.0805, -5.3572 -0.0787 0.1122, -5.3572 0.0787 0.1122, -5.3394 -0.0787 0.1405, -5.3394 0.0787 0.1405, -5.3157 -0.0787 0.1642, -5.3157 0.0787 0.1642, -5.2874 -0.0787 0.182, -5.2874 0.0787 0.182, -5.2557 -0.0787 0.1931, -5.2557 0.0787 0.1931, -5.2224 -0.0787 0.1969, -5.2224 0.0787 0.1969, -6.2165 -0.0787 0.1969, -6.2165 0.0787 0.1969, -6.1832 0.0787 0.2006, -6.1832 -0.0787 0.2006, -6.1516 0.0787 0.2117, -6.1516 -0.0787 0.2117, -6.1233 0.0787 0.2295, -6.1233 -0.0787 0.2295, -6.0996 0.0787 0.2532, -6.0996 -0.0787 0.2532, -6.0817 0.0787 0.2815, -6.0817 -0.0787 0.2815, -6.0707 0.0787 0.3132, -6.0707 -0.0787 0.3132, -6.0669 0.0787 0.3465, -6.0669 -0.0787 0.3465, -6.0669 0.0787 2.3032, -6.0669 -0.0787 2.3032, -6.0689 0.0787 2.3184, -6.0689 -0.0787 2.3184, -6.0748 0.0787 2.3327, -6.0748 -0.0787 2.3327, -6.0842 0.0787 2.3449, -6.0842 -0.0787 2.3449, -6.0965 0.0787 2.3543, -6.0965 -0.0787 2.3543, -6.1107 0.0787 2.3602, -6.1107 -0.0787 2.3602, -6.126 0.0787 2.3622, -6.126 -0.0787 2.3622, -6.2047 0.0787 2.3622, -6.2047 -0.0787 2.3622, -6.22 0.0787 2.3602, -6.22 -0.0787 2.3602, -6.2343 0.0787 2.3543, -6.2343 -0.0787 2.3543, -6.2465 0.0787 2.3449, -6.2465 -0.0787 2.3449, -6.2559 0.0787 2.3327, -6.2559 -0.0787 2.3327, -6.2618 0.0787 2.3184, -6.2618 -0.0787 2.3184, -6.2638 0.0787 2.3032, -6.2638 -0.0787 2.3032, -6.2638 0.0787 0.709, -6.2638 -0.0787 0.709, -6.2674 -0.0787 0.6752, -6.2674 0.0787 0.6752, -6.2783 -0.0787 0.643, -6.2783 0.0787 0.643, -6.2958 -0.0787 0.6138, -6.2958 0.0787 0.6138, -6.3191 -0.0787 0.5891, -6.3191 0.0787 0.5891, -6.3736 -0.0787 0.5528, -6.3736 0.0787 0.5528, -6.435 -0.0787 0.5302, -6.435 0.0787 0.5302, -6.5 -0.0787 0.5225, -6.5 0.0787 0.5225, -6.565 -0.0787 0.5302, -6.565 0.0787 0.5302, -6.6264 -0.0787 0.5528, -6.6264 0.0787 0.5528, -6.6809 -0.0787 0.5891, -6.6809 0.0787 0.5891, -6.7042 -0.0787 0.6138, -6.7042 0.0787 0.6138, -6.7217 -0.0787 0.643, -6.7217 0.0787 0.643, -6.7326 -0.0787 0.6752, -6.7326 0.0787 0.6752, -6.7362 -0.0787 0.709, -6.7362 0.0787 0.709, -6.7362 0.0787 2.3032, -6.7362 -0.0787 2.3032, -6.7382 0.0787 2.3184, -6.7382 -0.0787 2.3184, -6.7441 0.0787 2.3327, -6.7441 -0.0787 2.3327, -6.7535 0.0787 2.3449, -6.7535 -0.0787 2.3449, -6.7657 0.0787 2.3543, -6.7657 -0.0787 2.3543, -6.78 0.0787 2.3602, -6.78 -0.0787 2.3602, -6.7953 0.0787 2.3622, -6.7953 -0.0787 2.3622, -6.874 0.0787 2.3622, -6.874 -0.0787 2.3622, -6.8893 0.0787 2.3602, -6.8893 -0.0787 2.3602, -6.9035 0.0787 2.3543, -6.9035 -0.0787 2.3543, -6.9158 0.0787 2.3449, -6.9158 -0.0787 2.3449, -6.9252 0.0787 2.3327, -6.9252 -0.0787 2.3327, -6.9311 0.0787 2.3184, -6.9311 -0.0787 2.3184, -6.9331 0.0787 2.3032, -6.9331 -0.0787 2.3032, -6.9331 0.0787 0.3465, -6.9331 -0.0787 0.3465, -6.9293 0.0787 0.3132, -6.9293 -0.0787 0.3132, -6.9183 0.0787 0.2815, -6.9183 -0.0787 0.2815, -6.9004 0.0787 0.2532, -6.9004 -0.0787 0.2532, -6.8767 0.0787 0.2295, -6.8767 -0.0787 0.2295, -6.8484 0.0787 0.2117, -6.8484 -0.0787 0.2117, -6.8168 0.0787 0.2006, -6.8168 -0.0787 0.2006, -6.7835 0.0787 0.1969, -6.7835 -0.0787 0.1969, -6.7776 0.0787 0.1969, -6.7776 -0.0787 0.1969, -6.7443 -0.0787 0.1931, -6.7443 0.0787 0.1931, -6.7126 -0.0787 0.182, -6.7126 0.0787 0.182, -6.6843 -0.0787 0.1642, -6.6843 0.0787 0.1642, -6.6606 -0.0787 0.1405, -6.6606 0.0787 0.1405, -6.6428 -0.0787 0.1122, -6.6428 0.0787 0.1122, -6.6317 -0.0787 0.0805, -6.6317 0.0787 0.0805, -6.628 -0.0787 0.0472, -6.628 0.0787 0.0472, -6.628 0.0787 -0.8171, -6.628 -0.0787 -0.8171, -6.6219 0.0787 -0.9148, -6.6219 -0.0787 -0.9148, -6.5929 0.0787 -1.1466, -6.5929 -0.0787 -1.1466, -6.5906 0.0787 -1.1558, -6.5906 -0.0787 -1.1558, -6.5862 0.0787 -1.1642, -6.5862 -0.0787 -1.1642, -6.5799 0.0787 -1.1712, -6.5799 -0.0787 -1.1712, -6.5721 0.0787 -1.1766, -6.5721 -0.0787 -1.1766, -6.5632 0.0787 -1.18, -6.5632 -0.0787 -1.18, -6.5538 0.0787 -1.1811, -6.5538 -0.0787 -1.1811, -6.4462 0.0787 -1.1811, -6.4462 -0.0787 -1.1811, -6.4368 0.0787 -1.18, -6.4368 -0.0787 -1.18, -6.4279 0.0787 -1.1766, -6.4279 -0.0787 -1.1766, -6.4201 0.0787 -1.1712, -6.4201 -0.0787 -1.1712, -6.4138 0.0787 -1.1642, -6.4138 -0.0787 -1.1642, -6.4094 0.0787 -1.1558, -6.4094 -0.0787 -1.1558, -6.4071 0.0787 -1.1466, -6.4071 -0.0787 -1.1466, -6.3781 0.0787 -0.9148, -6.3781 -0.0787 -0.9148, -6.372 0.0787 -0.8171, -6.372 -0.0787 -0.8171, -6.372 0.0787 0.0472, -6.372 -0.0787 0.0472, -6.3683 -0.0787 0.0805, -6.3683 0.0787 0.0805, -6.3572 -0.0787 0.1122, -6.3572 0.0787 0.1122, -6.3394 -0.0787 0.1405, -6.3394 0.0787 0.1405, -6.3157 -0.0787 0.1642, -6.3157 0.0787 0.1642, -6.2874 -0.0787 0.182, -6.2874 0.0787 0.182, -6.2557 -0.0787 0.1931, -6.2557 0.0787 0.1931, -6.2224 -0.0787 0.1969, -6.2224 0.0787 0.1969, -7.2165 -0.0787 0.1969, -7.2165 0.0787 0.1969, -7.1832 0.0787 0.2006, -7.1832 -0.0787 0.2006, -7.1516 0.0787 0.2117, -7.1516 -0.0787 0.2117, -7.1233 0.0787 0.2295, -7.1233 -0.0787 0.2295, -7.0996 0.0787 0.2532, -7.0996 -0.0787 0.2532, -7.0817 0.0787 0.2815, -7.0817 -0.0787 0.2815, -7.0707 0.0787 0.3132, -7.0707 -0.0787 0.3132, -7.0669 0.0787 0.3465, -7.0669 -0.0787 0.3465, -7.0669 0.0787 2.3032, -7.0669 -0.0787 2.3032, -7.0689 0.0787 2.3184, -7.0689 -0.0787 2.3184, -7.0748 0.0787 2.3327, -7.0748 -0.0787 2.3327, -7.0842 0.0787 2.3449, -7.0842 -0.0787 2.3449, -7.0965 0.0787 2.3543, -7.0965 -0.0787 2.3543, -7.1107 0.0787 2.3602, -7.1107 -0.0787 2.3602, -7.126 0.0787 2.3622, -7.126 -0.0787 2.3622, -7.2047 0.0787 2.3622, -7.2047 -0.0787 2.3622, -7.22 0.0787 2.3602, -7.22 -0.0787 2.3602, -7.2343 0.0787 2.3543, -7.2343 -0.0787 2.3543, -7.2465 0.0787 2.3449, -7.2465 -0.0787 2.3449, -7.2559 0.0787 2.3327, -7.2559 -0.0787 2.3327, -7.2618 0.0787 2.3184, -7.2618 -0.0787 2.3184, -7.2638 0.0787 2.3032, -7.2638 -0.0787 2.3032, -7.2638 0.0787 0.709, -7.2638 -0.0787 0.709, -7.2674 -0.0787 0.6752, -7.2674 0.0787 0.6752, -7.2783 -0.0787 0.643, -7.2783 0.0787 0.643, -7.2958 -0.0787 0.6138, -7.2958 0.0787 0.6138, -7.3191 -0.0787 0.5891, -7.3191 0.0787 0.5891, -7.3736 -0.0787 0.5528, -7.3736 0.0787 0.5528, -7.435 -0.0787 0.5302, -7.435 0.0787 0.5302, -7.5 -0.0787 0.5225, -7.5 0.0787 0.5225, -7.565 -0.0787 0.5302, -7.565 0.0787 0.5302, -7.6264 -0.0787 0.5528, -7.6264 0.0787 0.5528, -7.6809 -0.0787 0.5891, -7.6809 0.0787 0.5891, -7.7042 -0.0787 0.6138, -7.7042 0.0787 0.6138, -7.7217 -0.0787 0.643, -7.7217 0.0787 0.643, -7.7326 -0.0787 0.6752, -7.7326 0.0787 0.6752, -7.7362 -0.0787 0.709, -7.7362 0.0787 0.709, -7.7362 0.0787 2.3032, -7.7362 -0.0787 2.3032, -7.7382 0.0787 2.3184, -7.7382 -0.0787 2.3184, -7.7441 0.0787 2.3327, -7.7441 -0.0787 2.3327, -7.7535 0.0787 2.3449, -7.7535 -0.0787 2.3449, -7.7657 0.0787 2.3543, -7.7657 -0.0787 2.3543, -7.78 0.0787 2.3602, -7.78 -0.0787 2.3602, -7.7953 0.0787 2.3622, -7.7953 -0.0787 2.3622, -7.874 0.0787 2.3622, -7.874 -0.0787 2.3622, -7.8893 0.0787 2.3602, -7.8893 -0.0787 2.3602, -7.9035 0.0787 2.3543, -7.9035 -0.0787 2.3543, -7.9158 0.0787 2.3449, -7.9158 -0.0787 2.3449, -7.9252 0.0787 2.3327, -7.9252 -0.0787 2.3327, -7.9311 0.0787 2.3184, -7.9311 -0.0787 2.3184, -7.9331 0.0787 2.3032, -7.9331 -0.0787 2.3032, -7.9331 0.0787 0.3465, -7.9331 -0.0787 0.3465, -7.9293 0.0787 0.3132, -7.9293 -0.0787 0.3132, -7.9183 0.0787 0.2815, -7.9183 -0.0787 0.2815, -7.9004 0.0787 0.2532, -7.9004 -0.0787 0.2532, -7.8767 0.0787 0.2295, -7.8767 -0.0787 0.2295, -7.8484 0.0787 0.2117, -7.8484 -0.0787 0.2117, -7.8168 0.0787 0.2006, -7.8168 -0.0787 0.2006, -7.7835 0.0787 0.1969, -7.7835 -0.0787 0.1969, -7.7776 0.0787 0.1969, -7.7776 -0.0787 0.1969, -7.7443 -0.0787 0.1931, -7.7443 0.0787 0.1931, -7.7126 -0.0787 0.182, -7.7126 0.0787 0.182, -7.6843 -0.0787 0.1642, -7.6843 0.0787 0.1642, -7.6606 -0.0787 0.1405, -7.6606 0.0787 0.1405, -7.6428 -0.0787 0.1122, -7.6428 0.0787 0.1122, -7.6317 -0.0787 0.0805, -7.6317 0.0787 0.0805, -7.628 -0.0787 0.0472, -7.628 0.0787 0.0472, -7.628 0.0787 -0.8171, -7.628 -0.0787 -0.8171, -7.6219 0.0787 -0.9148, -7.6219 -0.0787 -0.9148, -7.5929 0.0787 -1.1466, -7.5929 -0.0787 -1.1466, -7.5906 0.0787 -1.1558, -7.5906 -0.0787 -1.1558, -7.5862 0.0787 -1.1642, -7.5862 -0.0787 -1.1642, -7.5799 0.0787 -1.1712, -7.5799 -0.0787 -1.1712, -7.5721 0.0787 -1.1766, -7.5721 -0.0787 -1.1766, -7.5632 0.0787 -1.18, -7.5632 -0.0787 -1.18, -7.5538 0.0787 -1.1811, -7.5538 -0.0787 -1.1811, -7.4462 0.0787 -1.1811, -7.4462 -0.0787 -1.1811, -7.4368 0.0787 -1.18, -7.4368 -0.0787 -1.18, -7.4279 0.0787 -1.1766, -7.4279 -0.0787 -1.1766, -7.4201 0.0787 -1.1712, -7.4201 -0.0787 -1.1712, -7.4138 0.0787 -1.1642, -7.4138 -0.0787 -1.1642, -7.4094 0.0787 -1.1558, -7.4094 -0.0787 -1.1558, -7.4071 0.0787 -1.1466, -7.4071 -0.0787 -1.1466, -7.3781 0.0787 -0.9148, -7.3781 -0.0787 -0.9148, -7.372 0.0787 -0.8171, -7.372 -0.0787 -0.8171, -7.372 0.0787 0.0472, -7.372 -0.0787 0.0472, -7.3683 -0.0787 0.0805, -7.3683 0.0787 0.0805, -7.3572 -0.0787 0.1122, -7.3572 0.0787 0.1122, -7.3394 -0.0787 0.1405, -7.3394 0.0787 0.1405, -7.3157 -0.0787 0.1642, -7.3157 0.0787 0.1642, -7.2874 -0.0787 0.182, -7.2874 0.0787 0.182, -7.2557 -0.0787 0.1931, -7.2557 0.0787 0.1931, -7.2224 -0.0787 0.1969, -7.2224 0.0787 0.1969, -8.2165 -0.0787 0.1969, -8.2165 0.0787 0.1969, -8.1832 0.0787 0.2006, -8.1832 -0.0787 0.2006, -8.1516 0.0787 0.2117, -8.1516 -0.0787 0.2117, -8.1233 0.0787 0.2295, -8.1233 -0.0787 0.2295, -8.0996 0.0787 0.2532, -8.0996 -0.0787 0.2532, -8.0817 0.0787 0.2815, -8.0817 -0.0787 0.2815, -8.0707 0.0787 0.3132, -8.0707 -0.0787 0.3132, -8.0669 0.0787 0.3465, -8.0669 -0.0787 0.3465, -8.0669 0.0787 2.3032, -8.0669 -0.0787 2.3032, -8.0689 0.0787 2.3184, -8.0689 -0.0787 2.3184, -8.0748 0.0787 2.3327, -8.0748 -0.0787 2.3327, -8.0842 0.0787 2.3449, -8.0842 -0.0787 2.3449, -8.0965 0.0787 2.3543, -8.0965 -0.0787 2.3543, -8.1107 0.0787 2.3602, -8.1107 -0.0787 2.3602, -8.126 0.0787 2.3622, -8.126 -0.0787 2.3622, -8.2047 0.0787 2.3622, -8.2047 -0.0787 2.3622, -8.22 0.0787 2.3602, -8.22 -0.0787 2.3602, -8.2343 0.0787 2.3543, -8.2343 -0.0787 2.3543, -8.2465 0.0787 2.3449, -8.2465 -0.0787 2.3449, -8.2559 0.0787 2.3327, -8.2559 -0.0787 2.3327, -8.2618 0.0787 2.3184, -8.2618 -0.0787 2.3184, -8.2638 0.0787 2.3032, -8.2638 -0.0787 2.3032, -8.2638 0.0787 0.709, -8.2638 -0.0787 0.709, -8.2674 -0.0787 0.6752, -8.2674 0.0787 0.6752, -8.2783 -0.0787 0.643, -8.2783 0.0787 0.643, -8.2958 -0.0787 0.6138, -8.2958 0.0787 0.6138, -8.3191 -0.0787 0.5891, -8.3191 0.0787 0.5891, -8.3736 -0.0787 0.5528, -8.3736 0.0787 0.5528, -8.435 -0.0787 0.5302, -8.435 0.0787 0.5302, -8.5 -0.0787 0.5225, -8.5 0.0787 0.5225, -8.565 -0.0787 0.5302, -8.565 0.0787 0.5302, -8.6264 -0.0787 0.5528, -8.6264 0.0787 0.5528, -8.6809 -0.0787 0.5891, -8.6809 0.0787 0.5891, -8.7042 -0.0787 0.6138, -8.7042 0.0787 0.6138, -8.7217 -0.0787 0.643, -8.7217 0.0787 0.643, -8.7326 -0.0787 0.6752, -8.7326 0.0787 0.6752, -8.7362 -0.0787 0.709, -8.7362 0.0787 0.709, -8.7362 0.0787 2.3032, -8.7362 -0.0787 2.3032, -8.7382 0.0787 2.3184, -8.7382 -0.0787 2.3184, -8.7441 0.0787 2.3327, -8.7441 -0.0787 2.3327, -8.7535 0.0787 2.3449, -8.7535 -0.0787 2.3449, -8.7657 0.0787 2.3543, -8.7657 -0.0787 2.3543, -8.78 0.0787 2.3602, -8.78 -0.0787 2.3602, -8.7953 0.0787 2.3622, -8.7953 -0.0787 2.3622, -8.874 0.0787 2.3622, -8.874 -0.0787 2.3622, -8.8893 0.0787 2.3602, -8.8893 -0.0787 2.3602, -8.9035 0.0787 2.3543, -8.9035 -0.0787 2.3543, -8.9158 0.0787 2.3449, -8.9158 -0.0787 2.3449, -8.9252 0.0787 2.3327, -8.9252 -0.0787 2.3327, -8.9311 0.0787 2.3184, -8.9311 -0.0787 2.3184, -8.9331 0.0787 2.3032, -8.9331 -0.0787 2.3032, -8.9331 0.0787 0.3465, -8.9331 -0.0787 0.3465, -8.9293 0.0787 0.3132, -8.9293 -0.0787 0.3132, -8.9183 0.0787 0.2815, -8.9183 -0.0787 0.2815, -8.9004 0.0787 0.2532, -8.9004 -0.0787 0.2532, -8.8767 0.0787 0.2295, -8.8767 -0.0787 0.2295, -8.8484 0.0787 0.2117, -8.8484 -0.0787 0.2117, -8.8168 0.0787 0.2006, -8.8168 -0.0787 0.2006, -8.7835 0.0787 0.1969, -8.7835 -0.0787 0.1969, -8.7776 0.0787 0.1969, -8.7776 -0.0787 0.1969, -8.7443 -0.0787 0.1931, -8.7443 0.0787 0.1931, -8.7126 -0.0787 0.182, -8.7126 0.0787 0.182, -8.6843 -0.0787 0.1642, -8.6843 0.0787 0.1642, -8.6606 -0.0787 0.1405, -8.6606 0.0787 0.1405, -8.6428 -0.0787 0.1122, -8.6428 0.0787 0.1122, -8.6317 -0.0787 0.0805, -8.6317 0.0787 0.0805, -8.628 -0.0787 0.0472, -8.628 0.0787 0.0472, -8.628 0.0787 -0.8171, -8.628 -0.0787 -0.8171, -8.6219 0.0787 -0.9148, -8.6219 -0.0787 -0.9148, -8.5929 0.0787 -1.1466, -8.5929 -0.0787 -1.1466, -8.5906 0.0787 -1.1558, -8.5906 -0.0787 -1.1558, -8.5862 0.0787 -1.1642, -8.5862 -0.0787 -1.1642, -8.5799 0.0787 -1.1712, -8.5799 -0.0787 -1.1712, -8.5721 0.0787 -1.1766, -8.5721 -0.0787 -1.1766, -8.5632 0.0787 -1.18, -8.5632 -0.0787 -1.18, -8.5538 0.0787 -1.1811, -8.5538 -0.0787 -1.1811, -8.4462 0.0787 -1.1811, -8.4462 -0.0787 -1.1811, -8.4368 0.0787 -1.18, -8.4368 -0.0787 -1.18, -8.4279 0.0787 -1.1766, -8.4279 -0.0787 -1.1766, -8.4201 0.0787 -1.1712, -8.4201 -0.0787 -1.1712, -8.4138 0.0787 -1.1642, -8.4138 -0.0787 -1.1642, -8.4094 0.0787 -1.1558, -8.4094 -0.0787 -1.1558, -8.4071 0.0787 -1.1466, -8.4071 -0.0787 -1.1466, -8.3781 0.0787 -0.9148, -8.3781 -0.0787 -0.9148, -8.372 0.0787 -0.8171, -8.372 -0.0787 -0.8171, -8.372 0.0787 0.0472, -8.372 -0.0787 0.0472, -8.3683 -0.0787 0.0805, -8.3683 0.0787 0.0805, -8.3572 -0.0787 0.1122, -8.3572 0.0787 0.1122, -8.3394 -0.0787 0.1405, -8.3394 0.0787 0.1405, -8.3157 -0.0787 0.1642, -8.3157 0.0787 0.1642, -8.2874 -0.0787 0.182, -8.2874 0.0787 0.182, -8.2557 -0.0787 0.1931, -8.2557 0.0787 0.1931, -8.2224 -0.0787 0.1969, -8.2224 0.0787 0.1969, -9.2165 -0.0787 0.1969, -9.2165 0.0787 0.1969, -9.1832 0.0787 0.2006, -9.1832 -0.0787 0.2006, -9.1516 0.0787 0.2117, -9.1516 -0.0787 0.2117, -9.1233 0.0787 0.2295, -9.1233 -0.0787 0.2295, -9.0996 0.0787 0.2532, -9.0996 -0.0787 0.2532, -9.0817 0.0787 0.2815, -9.0817 -0.0787 0.2815, -9.0707 0.0787 0.3132, -9.0707 -0.0787 0.3132, -9.0669 0.0787 0.3465, -9.0669 -0.0787 0.3465, -9.0669 0.0787 2.3032, -9.0669 -0.0787 2.3032, -9.0689 0.0787 2.3184, -9.0689 -0.0787 2.3184, -9.0748 0.0787 2.3327, -9.0748 -0.0787 2.3327, -9.0842 0.0787 2.3449, -9.0842 -0.0787 2.3449, -9.0965 0.0787 2.3543, -9.0965 -0.0787 2.3543, -9.1107 0.0787 2.3602, -9.1107 -0.0787 2.3602, -9.126 0.0787 2.3622, -9.126 -0.0787 2.3622, -9.2047 0.0787 2.3622, -9.2047 -0.0787 2.3622, -9.22 0.0787 2.3602, -9.22 -0.0787 2.3602, -9.2343 0.0787 2.3543, -9.2343 -0.0787 2.3543, -9.2465 0.0787 2.3449, -9.2465 -0.0787 2.3449, -9.2559 0.0787 2.3327, -9.2559 -0.0787 2.3327, -9.2618 0.0787 2.3184, -9.2618 -0.0787 2.3184, -9.2638 0.0787 2.3032, -9.2638 -0.0787 2.3032, -9.2638 0.0787 0.709, -9.2638 -0.0787 0.709, -9.2674 -0.0787 0.6752, -9.2674 0.0787 0.6752, -9.2783 -0.0787 0.643, -9.2783 0.0787 0.643, -9.2958 -0.0787 0.6138, -9.2958 0.0787 0.6138, -9.3191 -0.0787 0.5891, -9.3191 0.0787 0.5891, -9.3736 -0.0787 0.5528, -9.3736 0.0787 0.5528, -9.435 -0.0787 0.5302, -9.435 0.0787 0.5302, -9.5 -0.0787 0.5225, -9.5 0.0787 0.5225, -9.565 -0.0787 0.5302, -9.565 0.0787 0.5302, -9.6264 -0.0787 0.5528, -9.6264 0.0787 0.5528, -9.6809 -0.0787 0.5891, -9.6809 0.0787 0.5891, -9.7042 -0.0787 0.6138, -9.7042 0.0787 0.6138, -9.7217 -0.0787 0.643, -9.7217 0.0787 0.643, -9.7326 -0.0787 0.6752, -9.7326 0.0787 0.6752, -9.7362 -0.0787 0.709, -9.7362 0.0787 0.709, -9.7362 0.0787 2.3032, -9.7362 -0.0787 2.3032, -9.7382 0.0787 2.3184, -9.7382 -0.0787 2.3184, -9.7441 0.0787 2.3327, -9.7441 -0.0787 2.3327, -9.7535 0.0787 2.3449, -9.7535 -0.0787 2.3449, -9.7657 0.0787 2.3543, -9.7657 -0.0787 2.3543, -9.78 0.0787 2.3602, -9.78 -0.0787 2.3602, -9.7953 0.0787 2.3622, -9.7953 -0.0787 2.3622, -9.874 0.0787 2.3622, -9.874 -0.0787 2.3622, -9.8893 0.0787 2.3602, -9.8893 -0.0787 2.3602, -9.9035 0.0787 2.3543, -9.9035 -0.0787 2.3543, -9.9158 0.0787 2.3449, -9.9158 -0.0787 2.3449, -9.9252 0.0787 2.3327, -9.9252 -0.0787 2.3327, -9.9311 0.0787 2.3184, -9.9311 -0.0787 2.3184, -9.9331 0.0787 2.3032, -9.9331 -0.0787 2.3032, -9.9331 0.0787 0.3465, -9.9331 -0.0787 0.3465, -9.9293 0.0787 0.3132, -9.9293 -0.0787 0.3132, -9.9183 0.0787 0.2815, -9.9183 -0.0787 0.2815, -9.9004 0.0787 0.2532, -9.9004 -0.0787 0.2532, -9.8767 0.0787 0.2295, -9.8767 -0.0787 0.2295, -9.8484 0.0787 0.2117, -9.8484 -0.0787 0.2117, -9.8168 0.0787 0.2006, -9.8168 -0.0787 0.2006, -9.7835 0.0787 0.1969, -9.7835 -0.0787 0.1969, -9.7776 0.0787 0.1969, -9.7776 -0.0787 0.1969, -9.7443 -0.0787 0.1931, -9.7443 0.0787 0.1931, -9.7126 -0.0787 0.182, -9.7126 0.0787 0.182, -9.6843 -0.0787 0.1642, -9.6843 0.0787 0.1642, -9.6606 -0.0787 0.1405, -9.6606 0.0787 0.1405, -9.6428 -0.0787 0.1122, -9.6428 0.0787 0.1122, -9.6317 -0.0787 0.0805, -9.6317 0.0787 0.0805, -9.628 -0.0787 0.0472, -9.628 0.0787 0.0472, -9.628 0.0787 -0.8171, -9.628 -0.0787 -0.8171, -9.6219 0.0787 -0.9148, -9.6219 -0.0787 -0.9148, -9.5929 0.0787 -1.1466, -9.5929 -0.0787 -1.1466, -9.5906 0.0787 -1.1558, -9.5906 -0.0787 -1.1558, -9.5862 0.0787 -1.1642, -9.5862 -0.0787 -1.1642, -9.5799 0.0787 -1.1712, -9.5799 -0.0787 -1.1712, -9.5721 0.0787 -1.1766, -9.5721 -0.0787 -1.1766, -9.5632 0.0787 -1.18, -9.5632 -0.0787 -1.18, -9.5538 0.0787 -1.1811, -9.5538 -0.0787 -1.1811, -9.4462 0.0787 -1.1811, -9.4462 -0.0787 -1.1811, -9.4368 0.0787 -1.18, -9.4368 -0.0787 -1.18, -9.4279 0.0787 -1.1766, -9.4279 -0.0787 -1.1766, -9.4201 0.0787 -1.1712, -9.4201 -0.0787 -1.1712, -9.4138 0.0787 -1.1642, -9.4138 -0.0787 -1.1642, -9.4094 0.0787 -1.1558, -9.4094 -0.0787 -1.1558, -9.4071 0.0787 -1.1466, -9.4071 -0.0787 -1.1466, -9.3781 0.0787 -0.9148, -9.3781 -0.0787 -0.9148, -9.372 0.0787 -0.8171, -9.372 -0.0787 -0.8171, -9.372 0.0787 0.0472, -9.372 -0.0787 0.0472, -9.3683 -0.0787 0.0805, -9.3683 0.0787 0.0805, -9.3572 -0.0787 0.1122, -9.3572 0.0787 0.1122, -9.3394 -0.0787 0.1405, -9.3394 0.0787 0.1405, -9.3157 -0.0787 0.1642, -9.3157 0.0787 0.1642, -9.2874 -0.0787 0.182, -9.2874 0.0787 0.182, -9.2557 -0.0787 0.1931, -9.2557 0.0787 0.1931, -9.2224 -0.0787 0.1969, -9.2224 0.0787 0.1969, -10.2165 -0.0787 0.1969, -10.2165 0.0787 0.1969, -10.1832 0.0787 0.2006, -10.1832 -0.0787 0.2006, -10.1516 0.0787 0.2117, -10.1516 -0.0787 0.2117, -10.1233 0.0787 0.2295, -10.1233 -0.0787 0.2295, -10.0996 0.0787 0.2532, -10.0996 -0.0787 0.2532, -10.0817 0.0787 0.2815, -10.0817 -0.0787 0.2815, -10.0707 0.0787 0.3132, -10.0707 -0.0787 0.3132, -10.0669 0.0787 0.3465, -10.0669 -0.0787 0.3465, -10.0669 0.0787 2.3032, -10.0669 -0.0787 2.3032, -10.0689 0.0787 2.3184, -10.0689 -0.0787 2.3184, -10.0748 0.0787 2.3327, -10.0748 -0.0787 2.3327, -10.0842 0.0787 2.3449, -10.0842 -0.0787 2.3449, -10.0965 0.0787 2.3543, -10.0965 -0.0787 2.3543, -10.1107 0.0787 2.3602, -10.1107 -0.0787 2.3602, -10.126 0.0787 2.3622, -10.126 -0.0787 2.3622, -10.2047 0.0787 2.3622, -10.2047 -0.0787 2.3622, -10.22 0.0787 2.3602, -10.22 -0.0787 2.3602, -10.2343 0.0787 2.3543, -10.2343 -0.0787 2.3543, -10.2465 0.0787 2.3449, -10.2465 -0.0787 2.3449, -10.2559 0.0787 2.3327, -10.2559 -0.0787 2.3327, -10.2618 0.0787 2.3184, -10.2618 -0.0787 2.3184, -10.2638 0.0787 2.3032, -10.2638 -0.0787 2.3032, -10.2638 0.0787 0.709, -10.2638 -0.0787 0.709, -10.2674 -0.0787 0.6752, -10.2674 0.0787 0.6752, -10.2783 -0.0787 0.643, -10.2783 0.0787 0.643, -10.2958 -0.0787 0.6138, -10.2958 0.0787 0.6138, -10.3191 -0.0787 0.5891, -10.3191 0.0787 0.5891, -10.3736 -0.0787 0.5528, -10.3736 0.0787 0.5528, -10.435 -0.0787 0.5302, -10.435 0.0787 0.5302, -10.5 -0.0787 0.5225, -10.5 0.0787 0.5225, -10.565 -0.0787 0.5302, -10.565 0.0787 0.5302, -10.6264 -0.0787 0.5528, -10.6264 0.0787 0.5528, -10.6809 -0.0787 0.5891, -10.6809 0.0787 0.5891, -10.7042 -0.0787 0.6138, -10.7042 0.0787 0.6138, -10.7217 -0.0787 0.643, -10.7217 0.0787 0.643, -10.7326 -0.0787 0.6752, -10.7326 0.0787 0.6752, -10.7362 -0.0787 0.709, -10.7362 0.0787 0.709, -10.7362 0.0787 2.3032, -10.7362 -0.0787 2.3032, -10.7382 0.0787 2.3184, -10.7382 -0.0787 2.3184, -10.7441 0.0787 2.3327, -10.7441 -0.0787 2.3327, -10.7535 0.0787 2.3449, -10.7535 -0.0787 2.3449, -10.7657 0.0787 2.3543, -10.7657 -0.0787 2.3543, -10.78 0.0787 2.3602, -10.78 -0.0787 2.3602, -10.7953 0.0787 2.3622, -10.7953 -0.0787 2.3622, -10.874 0.0787 2.3622, -10.874 -0.0787 2.3622, -10.8893 0.0787 2.3602, -10.8893 -0.0787 2.3602, -10.9035 0.0787 2.3543, -10.9035 -0.0787 2.3543, -10.9158 0.0787 2.3449, -10.9158 -0.0787 2.3449, -10.9252 0.0787 2.3327, -10.9252 -0.0787 2.3327, -10.9311 0.0787 2.3184, -10.9311 -0.0787 2.3184, -10.9331 0.0787 2.3032, -10.9331 -0.0787 2.3032, -10.9331 0.0787 0.3465, -10.9331 -0.0787 0.3465, -10.9293 0.0787 0.3132, -10.9293 -0.0787 0.3132, -10.9183 0.0787 0.2815, -10.9183 -0.0787 0.2815, -10.9004 0.0787 0.2532, -10.9004 -0.0787 0.2532, -10.8767 0.0787 0.2295, -10.8767 -0.0787 0.2295, -10.8484 0.0787 0.2117, -10.8484 -0.0787 0.2117, -10.8168 0.0787 0.2006, -10.8168 -0.0787 0.2006, -10.7835 0.0787 0.1969, -10.7835 -0.0787 0.1969, -10.7776 0.0787 0.1969, -10.7776 -0.0787 0.1969, -10.7443 -0.0787 0.1931, -10.7443 0.0787 0.1931, -10.7126 -0.0787 0.182, -10.7126 0.0787 0.182, -10.6843 -0.0787 0.1642, -10.6843 0.0787 0.1642, -10.6606 -0.0787 0.1405, -10.6606 0.0787 0.1405, -10.6428 -0.0787 0.1122, -10.6428 0.0787 0.1122, -10.6317 -0.0787 0.0805, -10.6317 0.0787 0.0805, -10.628 -0.0787 0.0472, -10.628 0.0787 0.0472, -10.628 0.0787 -0.8171, -10.628 -0.0787 -0.8171, -10.6219 0.0787 -0.9148, -10.6219 -0.0787 -0.9148, -10.5929 0.0787 -1.1466, -10.5929 -0.0787 -1.1466, -10.5906 0.0787 -1.1558, -10.5906 -0.0787 -1.1558, -10.5862 0.0787 -1.1642, -10.5862 -0.0787 -1.1642, -10.5799 0.0787 -1.1712, -10.5799 -0.0787 -1.1712, -10.5721 0.0787 -1.1766, -10.5721 -0.0787 -1.1766, -10.5632 0.0787 -1.18, -10.5632 -0.0787 -1.18, -10.5538 0.0787 -1.1811, -10.5538 -0.0787 -1.1811, -10.4462 0.0787 -1.1811, -10.4462 -0.0787 -1.1811, -10.4368 0.0787 -1.18, -10.4368 -0.0787 -1.18, -10.4279 0.0787 -1.1766, -10.4279 -0.0787 -1.1766, -10.4201 0.0787 -1.1712, -10.4201 -0.0787 -1.1712, -10.4138 0.0787 -1.1642, -10.4138 -0.0787 -1.1642, -10.4094 0.0787 -1.1558, -10.4094 -0.0787 -1.1558, -10.4071 0.0787 -1.1466, -10.4071 -0.0787 -1.1466, -10.3781 0.0787 -0.9148, -10.3781 -0.0787 -0.9148, -10.372 0.0787 -0.8171, -10.372 -0.0787 -0.8171, -10.372 0.0787 0.0472, -10.372 -0.0787 0.0472, -10.3683 -0.0787 0.0805, -10.3683 0.0787 0.0805, -10.3572 -0.0787 0.1122, -10.3572 0.0787 0.1122, -10.3394 -0.0787 0.1405, -10.3394 0.0787 0.1405, -10.3157 -0.0787 0.1642, -10.3157 0.0787 0.1642, -10.2874 -0.0787 0.182, -10.2874 0.0787 0.182, -10.2557 -0.0787 0.1931, -10.2557 0.0787 0.1931, -10.2224 -0.0787 0.1969, -10.2224 0.0787 0.1969, -11.2165 -0.0787 0.1969, -11.2165 0.0787 0.1969, -11.1832 0.0787 0.2006, -11.1832 -0.0787 0.2006, -11.1516 0.0787 0.2117, -11.1516 -0.0787 0.2117, -11.1233 0.0787 0.2295, -11.1233 -0.0787 0.2295, -11.0996 0.0787 0.2532, -11.0996 -0.0787 0.2532, -11.0817 0.0787 0.2815, -11.0817 -0.0787 0.2815, -11.0707 0.0787 0.3132, -11.0707 -0.0787 0.3132, -11.0669 0.0787 0.3465, -11.0669 -0.0787 0.3465, -11.0669 0.0787 2.3032, -11.0669 -0.0787 2.3032, -11.0689 0.0787 2.3184, -11.0689 -0.0787 2.3184, -11.0748 0.0787 2.3327, -11.0748 -0.0787 2.3327, -11.0842 0.0787 2.3449, -11.0842 -0.0787 2.3449, -11.0965 0.0787 2.3543, -11.0965 -0.0787 2.3543, -11.1107 0.0787 2.3602, -11.1107 -0.0787 2.3602, -11.126 0.0787 2.3622, -11.126 -0.0787 2.3622, -11.2047 0.0787 2.3622, -11.2047 -0.0787 2.3622, -11.22 0.0787 2.3602, -11.22 -0.0787 2.3602, -11.2343 0.0787 2.3543, -11.2343 -0.0787 2.3543, -11.2465 0.0787 2.3449, -11.2465 -0.0787 2.3449, -11.2559 0.0787 2.3327, -11.2559 -0.0787 2.3327, -11.2618 0.0787 2.3184, -11.2618 -0.0787 2.3184, -11.2638 0.0787 2.3032, -11.2638 -0.0787 2.3032, -11.2638 0.0787 0.709, -11.2638 -0.0787 0.709, -11.2674 -0.0787 0.6752, -11.2674 0.0787 0.6752, -11.2783 -0.0787 0.643, -11.2783 0.0787 0.643, -11.2958 -0.0787 0.6138, -11.2958 0.0787 0.6138, -11.3191 -0.0787 0.5891, -11.3191 0.0787 0.5891, -11.3736 -0.0787 0.5528, -11.3736 0.0787 0.5528, -11.435 -0.0787 0.5302, -11.435 0.0787 0.5302, -11.5 -0.0787 0.5225, -11.5 0.0787 0.5225, -11.565 -0.0787 0.5302, -11.565 0.0787 0.5302, -11.6264 -0.0787 0.5528, -11.6264 0.0787 0.5528, -11.6809 -0.0787 0.5891, -11.6809 0.0787 0.5891, -11.7042 -0.0787 0.6138, -11.7042 0.0787 0.6138, -11.7217 -0.0787 0.643, -11.7217 0.0787 0.643, -11.7326 -0.0787 0.6752, -11.7326 0.0787 0.6752, -11.7362 -0.0787 0.709, -11.7362 0.0787 0.709, -11.7362 0.0787 2.3032, -11.7362 -0.0787 2.3032, -11.7382 0.0787 2.3184, -11.7382 -0.0787 2.3184, -11.7441 0.0787 2.3327, -11.7441 -0.0787 2.3327, -11.7535 0.0787 2.3449, -11.7535 -0.0787 2.3449, -11.7657 0.0787 2.3543, -11.7657 -0.0787 2.3543, -11.78 0.0787 2.3602, -11.78 -0.0787 2.3602, -11.7953 0.0787 2.3622, -11.7953 -0.0787 2.3622, -11.874 0.0787 2.3622, -11.874 -0.0787 2.3622, -11.8893 0.0787 2.3602, -11.8893 -0.0787 2.3602, -11.9035 0.0787 2.3543, -11.9035 -0.0787 2.3543, -11.9158 0.0787 2.3449, -11.9158 -0.0787 2.3449, -11.9252 0.0787 2.3327, -11.9252 -0.0787 2.3327, -11.9311 0.0787 2.3184, -11.9311 -0.0787 2.3184, -11.9331 0.0787 2.3032, -11.9331 -0.0787 2.3032, -11.9331 0.0787 0.3465, -11.9331 -0.0787 0.3465, -11.9293 0.0787 0.3132, -11.9293 -0.0787 0.3132, -11.9183 0.0787 0.2815, -11.9183 -0.0787 0.2815, -11.9004 0.0787 0.2532, -11.9004 -0.0787 0.2532, -11.8767 0.0787 0.2295, -11.8767 -0.0787 0.2295, -11.8484 0.0787 0.2117, -11.8484 -0.0787 0.2117, -11.8168 0.0787 0.2006, -11.8168 -0.0787 0.2006, -11.7835 0.0787 0.1969, -11.7835 -0.0787 0.1969, -11.7776 0.0787 0.1969, -11.7776 -0.0787 0.1969, -11.7443 -0.0787 0.1931, -11.7443 0.0787 0.1931, -11.7126 -0.0787 0.182, -11.7126 0.0787 0.182, -11.6843 -0.0787 0.1642, -11.6843 0.0787 0.1642, -11.6606 -0.0787 0.1405, -11.6606 0.0787 0.1405, -11.6428 -0.0787 0.1122, -11.6428 0.0787 0.1122, -11.6317 -0.0787 0.0805, -11.6317 0.0787 0.0805, -11.628 -0.0787 0.0472, -11.628 0.0787 0.0472, -11.628 0.0787 -0.8171, -11.628 -0.0787 -0.8171, -11.6219 0.0787 -0.9148, -11.6219 -0.0787 -0.9148, -11.5929 0.0787 -1.1466, -11.5929 -0.0787 -1.1466, -11.5906 0.0787 -1.1558, -11.5906 -0.0787 -1.1558, -11.5862 0.0787 -1.1642, -11.5862 -0.0787 -1.1642, -11.5799 0.0787 -1.1712, -11.5799 -0.0787 -1.1712, -11.5721 0.0787 -1.1766, -11.5721 -0.0787 -1.1766, -11.5632 0.0787 -1.18, -11.5632 -0.0787 -1.18, -11.5538 0.0787 -1.1811, -11.5538 -0.0787 -1.1811, -11.4462 0.0787 -1.1811, -11.4462 -0.0787 -1.1811, -11.4368 0.0787 -1.18, -11.4368 -0.0787 -1.18, -11.4279 0.0787 -1.1766, -11.4279 -0.0787 -1.1766, -11.4201 0.0787 -1.1712, -11.4201 -0.0787 -1.1712, -11.4138 0.0787 -1.1642, -11.4138 -0.0787 -1.1642, -11.4094 0.0787 -1.1558, -11.4094 -0.0787 -1.1558, -11.4071 0.0787 -1.1466, -11.4071 -0.0787 -1.1466, -11.3781 0.0787 -0.9148, -11.3781 -0.0787 -0.9148, -11.372 0.0787 -0.8171, -11.372 -0.0787 -0.8171, -11.372 0.0787 0.0472, -11.372 -0.0787 0.0472, -11.3683 -0.0787 0.0805, -11.3683 0.0787 0.0805, -11.3572 -0.0787 0.1122, -11.3572 0.0787 0.1122, -11.3394 -0.0787 0.1405, -11.3394 0.0787 0.1405, -11.3157 -0.0787 0.1642, -11.3157 0.0787 0.1642, -11.2874 -0.0787 0.182, -11.2874 0.0787 0.182, -11.2557 -0.0787 0.1931, -11.2557 0.0787 0.1931, -11.2224 -0.0787 0.1969, -11.2224 0.0787 0.1969, -12.2165 -0.0787 0.1969, -12.2165 0.0787 0.1969, -12.1832 0.0787 0.2006, -12.1832 -0.0787 0.2006, -12.1516 0.0787 0.2117, -12.1516 -0.0787 0.2117, -12.1233 0.0787 0.2295, -12.1233 -0.0787 0.2295, -12.0996 0.0787 0.2532, -12.0996 -0.0787 0.2532, -12.0817 0.0787 0.2815, -12.0817 -0.0787 0.2815, -12.0707 0.0787 0.3132, -12.0707 -0.0787 0.3132, -12.0669 0.0787 0.3465, -12.0669 -0.0787 0.3465, -12.0669 0.0787 2.3032, -12.0669 -0.0787 2.3032, -12.0689 0.0787 2.3184, -12.0689 -0.0787 2.3184, -12.0748 0.0787 2.3327, -12.0748 -0.0787 2.3327, -12.0842 0.0787 2.3449, -12.0842 -0.0787 2.3449, -12.0965 0.0787 2.3543, -12.0965 -0.0787 2.3543, -12.1107 0.0787 2.3602, -12.1107 -0.0787 2.3602, -12.126 0.0787 2.3622, -12.126 -0.0787 2.3622, -12.2047 0.0787 2.3622, -12.2047 -0.0787 2.3622, -12.22 0.0787 2.3602, -12.22 -0.0787 2.3602, -12.2343 0.0787 2.3543, -12.2343 -0.0787 2.3543, -12.2465 0.0787 2.3449, -12.2465 -0.0787 2.3449, -12.2559 0.0787 2.3327, -12.2559 -0.0787 2.3327, -12.2618 0.0787 2.3184, -12.2618 -0.0787 2.3184, -12.2638 0.0787 2.3032, -12.2638 -0.0787 2.3032, -12.2638 0.0787 0.709, -12.2638 -0.0787 0.709, -12.2674 -0.0787 0.6752, -12.2674 0.0787 0.6752, -12.2783 -0.0787 0.643, -12.2783 0.0787 0.643, -12.2958 -0.0787 0.6138, -12.2958 0.0787 0.6138, -12.3191 -0.0787 0.5891, -12.3191 0.0787 0.5891, -12.3736 -0.0787 0.5528, -12.3736 0.0787 0.5528, -12.435 -0.0787 0.5302, -12.435 0.0787 0.5302, -12.5 -0.0787 0.5225, -12.5 0.0787 0.5225, -12.565 -0.0787 0.5302, -12.565 0.0787 0.5302, -12.6264 -0.0787 0.5528, -12.6264 0.0787 0.5528, -12.6809 -0.0787 0.5891, -12.6809 0.0787 0.5891, -12.7042 -0.0787 0.6138, -12.7042 0.0787 0.6138, -12.7217 -0.0787 0.643, -12.7217 0.0787 0.643, -12.7326 -0.0787 0.6752, -12.7326 0.0787 0.6752, -12.7362 -0.0787 0.709, -12.7362 0.0787 0.709, -12.7362 0.0787 2.3032, -12.7362 -0.0787 2.3032, -12.7382 0.0787 2.3184, -12.7382 -0.0787 2.3184, -12.7441 0.0787 2.3327, -12.7441 -0.0787 2.3327, -12.7535 0.0787 2.3449, -12.7535 -0.0787 2.3449, -12.7657 0.0787 2.3543, -12.7657 -0.0787 2.3543, -12.78 0.0787 2.3602, -12.78 -0.0787 2.3602, -12.7953 0.0787 2.3622, -12.7953 -0.0787 2.3622, -12.874 0.0787 2.3622, -12.874 -0.0787 2.3622, -12.8893 0.0787 2.3602, -12.8893 -0.0787 2.3602, -12.9035 0.0787 2.3543, -12.9035 -0.0787 2.3543, -12.9158 0.0787 2.3449, -12.9158 -0.0787 2.3449, -12.9252 0.0787 2.3327, -12.9252 -0.0787 2.3327, -12.9311 0.0787 2.3184, -12.9311 -0.0787 2.3184, -12.9331 0.0787 2.3032, -12.9331 -0.0787 2.3032, -12.9331 0.0787 0.3465, -12.9331 -0.0787 0.3465, -12.9293 0.0787 0.3132, -12.9293 -0.0787 0.3132, -12.9183 0.0787 0.2815, -12.9183 -0.0787 0.2815, -12.9004 0.0787 0.2532, -12.9004 -0.0787 0.2532, -12.8767 0.0787 0.2295, -12.8767 -0.0787 0.2295, -12.8484 0.0787 0.2117, -12.8484 -0.0787 0.2117, -12.8168 0.0787 0.2006, -12.8168 -0.0787 0.2006, -12.7835 0.0787 0.1969, -12.7835 -0.0787 0.1969, -12.7776 0.0787 0.1969, -12.7776 -0.0787 0.1969, -12.7443 -0.0787 0.1931, -12.7443 0.0787 0.1931, -12.7126 -0.0787 0.182, -12.7126 0.0787 0.182, -12.6843 -0.0787 0.1642, -12.6843 0.0787 0.1642, -12.6606 -0.0787 0.1405, -12.6606 0.0787 0.1405, -12.6428 -0.0787 0.1122, -12.6428 0.0787 0.1122, -12.6317 -0.0787 0.0805, -12.6317 0.0787 0.0805, -12.628 -0.0787 0.0472, -12.628 0.0787 0.0472, -12.628 0.0787 -0.8171, -12.628 -0.0787 -0.8171, -12.6219 0.0787 -0.9148, -12.6219 -0.0787 -0.9148, -12.5929 0.0787 -1.1466, -12.5929 -0.0787 -1.1466, -12.5906 0.0787 -1.1558, -12.5906 -0.0787 -1.1558, -12.5862 0.0787 -1.1642, -12.5862 -0.0787 -1.1642, -12.5799 0.0787 -1.1712, -12.5799 -0.0787 -1.1712, -12.5721 0.0787 -1.1766, -12.5721 -0.0787 -1.1766, -12.5632 0.0787 -1.18, -12.5632 -0.0787 -1.18, -12.5538 0.0787 -1.1811, -12.5538 -0.0787 -1.1811, -12.4462 0.0787 -1.1811, -12.4462 -0.0787 -1.1811, -12.4368 0.0787 -1.18, -12.4368 -0.0787 -1.18, -12.4279 0.0787 -1.1766, -12.4279 -0.0787 -1.1766, -12.4201 0.0787 -1.1712, -12.4201 -0.0787 -1.1712, -12.4138 0.0787 -1.1642, -12.4138 -0.0787 -1.1642, -12.4094 0.0787 -1.1558, -12.4094 -0.0787 -1.1558, -12.4071 0.0787 -1.1466, -12.4071 -0.0787 -1.1466, -12.3781 0.0787 -0.9148, -12.3781 -0.0787 -0.9148, -12.372 0.0787 -0.8171, -12.372 -0.0787 -0.8171, -12.372 0.0787 0.0472, -12.372 -0.0787 0.0472, -12.3683 -0.0787 0.0805, -12.3683 0.0787 0.0805, -12.3572 -0.0787 0.1122, -12.3572 0.0787 0.1122, -12.3394 -0.0787 0.1405, -12.3394 0.0787 0.1405, -12.3157 -0.0787 0.1642, -12.3157 0.0787 0.1642, -12.2874 -0.0787 0.182, -12.2874 0.0787 0.182, -12.2557 -0.0787 0.1931, -12.2557 0.0787 0.1931, -12.2224 -0.0787 0.1969, -12.2224 0.0787 0.1969, -13.2165 -0.0787 0.1969, -13.2165 0.0787 0.1969, -13.1832 0.0787 0.2006, -13.1832 -0.0787 0.2006, -13.1516 0.0787 0.2117, -13.1516 -0.0787 0.2117, -13.1233 0.0787 0.2295, -13.1233 -0.0787 0.2295, -13.0996 0.0787 0.2532, -13.0996 -0.0787 0.2532, -13.0817 0.0787 0.2815, -13.0817 -0.0787 0.2815, -13.0707 0.0787 0.3132, -13.0707 -0.0787 0.3132, -13.0669 0.0787 0.3465, -13.0669 -0.0787 0.3465, -13.0669 0.0787 2.3032, -13.0669 -0.0787 2.3032, -13.0689 0.0787 2.3184, -13.0689 -0.0787 2.3184, -13.0748 0.0787 2.3327, -13.0748 -0.0787 2.3327, -13.0842 0.0787 2.3449, -13.0842 -0.0787 2.3449, -13.0965 0.0787 2.3543, -13.0965 -0.0787 2.3543, -13.1107 0.0787 2.3602, -13.1107 -0.0787 2.3602, -13.126 0.0787 2.3622, -13.126 -0.0787 2.3622, -13.2047 0.0787 2.3622, -13.2047 -0.0787 2.3622, -13.22 0.0787 2.3602, -13.22 -0.0787 2.3602, -13.2343 0.0787 2.3543, -13.2343 -0.0787 2.3543, -13.2465 0.0787 2.3449, -13.2465 -0.0787 2.3449, -13.2559 0.0787 2.3327, -13.2559 -0.0787 2.3327, -13.2618 0.0787 2.3184, -13.2618 -0.0787 2.3184, -13.2638 0.0787 2.3032, -13.2638 -0.0787 2.3032, -13.2638 0.0787 0.709, -13.2638 -0.0787 0.709, -13.2674 -0.0787 0.6752, -13.2674 0.0787 0.6752, -13.2783 -0.0787 0.643, -13.2783 0.0787 0.643, -13.2958 -0.0787 0.6138, -13.2958 0.0787 0.6138, -13.3191 -0.0787 0.5891, -13.3191 0.0787 0.5891, -13.3736 -0.0787 0.5528, -13.3736 0.0787 0.5528, -13.435 -0.0787 0.5302, -13.435 0.0787 0.5302, -13.5 -0.0787 0.5225, -13.5 0.0787 0.5225, -13.565 -0.0787 0.5302, -13.565 0.0787 0.5302, -13.6264 -0.0787 0.5528, -13.6264 0.0787 0.5528, -13.6809 -0.0787 0.5891, -13.6809 0.0787 0.5891, -13.7042 -0.0787 0.6138, -13.7042 0.0787 0.6138, -13.7217 -0.0787 0.643, -13.7217 0.0787 0.643, -13.7326 -0.0787 0.6752, -13.7326 0.0787 0.6752, -13.7362 -0.0787 0.709, -13.7362 0.0787 0.709, -13.7362 0.0787 2.3032, -13.7362 -0.0787 2.3032, -13.7382 0.0787 2.3184, -13.7382 -0.0787 2.3184, -13.7441 0.0787 2.3327, -13.7441 -0.0787 2.3327, -13.7535 0.0787 2.3449, -13.7535 -0.0787 2.3449, -13.7657 0.0787 2.3543, -13.7657 -0.0787 2.3543, -13.78 0.0787 2.3602, -13.78 -0.0787 2.3602, -13.7953 0.0787 2.3622, -13.7953 -0.0787 2.3622, -13.874 0.0787 2.3622, -13.874 -0.0787 2.3622, -13.8893 0.0787 2.3602, -13.8893 -0.0787 2.3602, -13.9035 0.0787 2.3543, -13.9035 -0.0787 2.3543, -13.9158 0.0787 2.3449, -13.9158 -0.0787 2.3449, -13.9252 0.0787 2.3327, -13.9252 -0.0787 2.3327, -13.9311 0.0787 2.3184, -13.9311 -0.0787 2.3184, -13.9331 0.0787 2.3032, -13.9331 -0.0787 2.3032, -13.9331 0.0787 0.3465, -13.9331 -0.0787 0.3465, -13.9293 0.0787 0.3132, -13.9293 -0.0787 0.3132, -13.9183 0.0787 0.2815, -13.9183 -0.0787 0.2815, -13.9004 0.0787 0.2532, -13.9004 -0.0787 0.2532, -13.8767 0.0787 0.2295, -13.8767 -0.0787 0.2295, -13.8484 0.0787 0.2117, -13.8484 -0.0787 0.2117, -13.8168 0.0787 0.2006, -13.8168 -0.0787 0.2006, -13.7835 0.0787 0.1969, -13.7835 -0.0787 0.1969, -13.7776 0.0787 0.1969, -13.7776 -0.0787 0.1969, -13.7443 -0.0787 0.1931, -13.7443 0.0787 0.1931, -13.7126 -0.0787 0.182, -13.7126 0.0787 0.182, -13.6843 -0.0787 0.1642, -13.6843 0.0787 0.1642, -13.6606 -0.0787 0.1405, -13.6606 0.0787 0.1405, -13.6428 -0.0787 0.1122, -13.6428 0.0787 0.1122, -13.6317 -0.0787 0.0805, -13.6317 0.0787 0.0805, -13.628 -0.0787 0.0472, -13.628 0.0787 0.0472, -13.628 0.0787 -0.8171, -13.628 -0.0787 -0.8171, -13.6219 0.0787 -0.9148, -13.6219 -0.0787 -0.9148, -13.5929 0.0787 -1.1466, -13.5929 -0.0787 -1.1466, -13.5906 0.0787 -1.1558, -13.5906 -0.0787 -1.1558, -13.5862 0.0787 -1.1642, -13.5862 -0.0787 -1.1642, -13.5799 0.0787 -1.1712, -13.5799 -0.0787 -1.1712, -13.5721 0.0787 -1.1766, -13.5721 -0.0787 -1.1766, -13.5632 0.0787 -1.18, -13.5632 -0.0787 -1.18, -13.5538 0.0787 -1.1811, -13.5538 -0.0787 -1.1811, -13.4462 0.0787 -1.1811, -13.4462 -0.0787 -1.1811, -13.4368 0.0787 -1.18, -13.4368 -0.0787 -1.18, -13.4279 0.0787 -1.1766, -13.4279 -0.0787 -1.1766, -13.4201 0.0787 -1.1712, -13.4201 -0.0787 -1.1712, -13.4138 0.0787 -1.1642, -13.4138 -0.0787 -1.1642, -13.4094 0.0787 -1.1558, -13.4094 -0.0787 -1.1558, -13.4071 0.0787 -1.1466, -13.4071 -0.0787 -1.1466, -13.3781 0.0787 -0.9148, -13.3781 -0.0787 -0.9148, -13.372 0.0787 -0.8171, -13.372 -0.0787 -0.8171, -13.372 0.0787 0.0472, -13.372 -0.0787 0.0472, -13.3683 -0.0787 0.0805, -13.3683 0.0787 0.0805, -13.3572 -0.0787 0.1122, -13.3572 0.0787 0.1122, -13.3394 -0.0787 0.1405, -13.3394 0.0787 0.1405, -13.3157 -0.0787 0.1642, -13.3157 0.0787 0.1642, -13.2874 -0.0787 0.182, -13.2874 0.0787 0.182, -13.2557 -0.0787 0.1931, -13.2557 0.0787 0.1931, -13.2224 -0.0787 0.1969, -13.2224 0.0787 0.1969, -14.2165 -0.0787 0.1969, -14.2165 0.0787 0.1969, -14.1832 0.0787 0.2006, -14.1832 -0.0787 0.2006, -14.1516 0.0787 0.2117, -14.1516 -0.0787 0.2117, -14.1233 0.0787 0.2295, -14.1233 -0.0787 0.2295, -14.0996 0.0787 0.2532, -14.0996 -0.0787 0.2532, -14.0817 0.0787 0.2815, -14.0817 -0.0787 0.2815, -14.0707 0.0787 0.3132, -14.0707 -0.0787 0.3132, -14.0669 0.0787 0.3465, -14.0669 -0.0787 0.3465, -14.0669 0.0787 2.3032, -14.0669 -0.0787 2.3032, -14.0689 0.0787 2.3184, -14.0689 -0.0787 2.3184, -14.0748 0.0787 2.3327, -14.0748 -0.0787 2.3327, -14.0842 0.0787 2.3449, -14.0842 -0.0787 2.3449, -14.0965 0.0787 2.3543, -14.0965 -0.0787 2.3543, -14.1107 0.0787 2.3602, -14.1107 -0.0787 2.3602, -14.126 0.0787 2.3622, -14.126 -0.0787 2.3622, -14.2047 0.0787 2.3622, -14.2047 -0.0787 2.3622, -14.22 0.0787 2.3602, -14.22 -0.0787 2.3602, -14.2343 0.0787 2.3543, -14.2343 -0.0787 2.3543, -14.2465 0.0787 2.3449, -14.2465 -0.0787 2.3449, -14.2559 0.0787 2.3327, -14.2559 -0.0787 2.3327, -14.2618 0.0787 2.3184, -14.2618 -0.0787 2.3184, -14.2638 0.0787 2.3032, -14.2638 -0.0787 2.3032, -14.2638 0.0787 0.709, -14.2638 -0.0787 0.709, -14.2674 -0.0787 0.6752, -14.2674 0.0787 0.6752, -14.2783 -0.0787 0.643, -14.2783 0.0787 0.643, -14.2958 -0.0787 0.6138, -14.2958 0.0787 0.6138, -14.3191 -0.0787 0.5891, -14.3191 0.0787 0.5891, -14.3736 -0.0787 0.5528, -14.3736 0.0787 0.5528, -14.435 -0.0787 0.5302, -14.435 0.0787 0.5302, -14.5 -0.0787 0.5225, -14.5 0.0787 0.5225, -14.565 -0.0787 0.5302, -14.565 0.0787 0.5302, -14.6264 -0.0787 0.5528, -14.6264 0.0787 0.5528, -14.6809 -0.0787 0.5891, -14.6809 0.0787 0.5891, -14.7042 -0.0787 0.6138, -14.7042 0.0787 0.6138, -14.7217 -0.0787 0.643, -14.7217 0.0787 0.643, -14.7326 -0.0787 0.6752, -14.7326 0.0787 0.6752, -14.7362 -0.0787 0.709, -14.7362 0.0787 0.709, -14.7362 0.0787 2.3032, -14.7362 -0.0787 2.3032, -14.7382 0.0787 2.3184, -14.7382 -0.0787 2.3184, -14.7441 0.0787 2.3327, -14.7441 -0.0787 2.3327, -14.7535 0.0787 2.3449, -14.7535 -0.0787 2.3449, -14.7657 0.0787 2.3543, -14.7657 -0.0787 2.3543, -14.78 0.0787 2.3602, -14.78 -0.0787 2.3602, -14.7953 0.0787 2.3622, -14.7953 -0.0787 2.3622, -14.874 0.0787 2.3622, -14.874 -0.0787 2.3622, -14.8893 0.0787 2.3602, -14.8893 -0.0787 2.3602, -14.9035 0.0787 2.3543, -14.9035 -0.0787 2.3543, -14.9158 0.0787 2.3449, -14.9158 -0.0787 2.3449, -14.9252 0.0787 2.3327, -14.9252 -0.0787 2.3327, -14.9311 0.0787 2.3184, -14.9311 -0.0787 2.3184, -14.9331 0.0787 2.3032, -14.9331 -0.0787 2.3032, -14.9331 0.0787 0.3465, -14.9331 -0.0787 0.3465, -14.9293 0.0787 0.3132, -14.9293 -0.0787 0.3132, -14.9183 0.0787 0.2815, -14.9183 -0.0787 0.2815, -14.9004 0.0787 0.2532, -14.9004 -0.0787 0.2532, -14.8767 0.0787 0.2295, -14.8767 -0.0787 0.2295, -14.8484 0.0787 0.2117, -14.8484 -0.0787 0.2117, -14.8168 0.0787 0.2006, -14.8168 -0.0787 0.2006, -14.7835 0.0787 0.1969, -14.7835 -0.0787 0.1969, -14.7776 0.0787 0.1969, -14.7776 -0.0787 0.1969, -14.7443 -0.0787 0.1931, -14.7443 0.0787 0.1931, -14.7126 -0.0787 0.182, -14.7126 0.0787 0.182, -14.6843 -0.0787 0.1642, -14.6843 0.0787 0.1642, -14.6606 -0.0787 0.1405, -14.6606 0.0787 0.1405, -14.6428 -0.0787 0.1122, -14.6428 0.0787 0.1122, -14.6317 -0.0787 0.0805, -14.6317 0.0787 0.0805, -14.628 -0.0787 0.0472, -14.628 0.0787 0.0472, -14.628 0.0787 -0.8171, -14.628 -0.0787 -0.8171, -14.6219 0.0787 -0.9148, -14.6219 -0.0787 -0.9148, -14.5929 0.0787 -1.1466, -14.5929 -0.0787 -1.1466, -14.5906 0.0787 -1.1558, -14.5906 -0.0787 -1.1558, -14.5862 0.0787 -1.1642, -14.5862 -0.0787 -1.1642, -14.5799 0.0787 -1.1712, -14.5799 -0.0787 -1.1712, -14.5721 0.0787 -1.1766, -14.5721 -0.0787 -1.1766, -14.5632 0.0787 -1.18, -14.5632 -0.0787 -1.18, -14.5538 0.0787 -1.1811, -14.5538 -0.0787 -1.1811, -14.4462 0.0787 -1.1811, -14.4462 -0.0787 -1.1811, -14.4368 0.0787 -1.18, -14.4368 -0.0787 -1.18, -14.4279 0.0787 -1.1766, -14.4279 -0.0787 -1.1766, -14.4201 0.0787 -1.1712, -14.4201 -0.0787 -1.1712, -14.4138 0.0787 -1.1642, -14.4138 -0.0787 -1.1642, -14.4094 0.0787 -1.1558, -14.4094 -0.0787 -1.1558, -14.4071 0.0787 -1.1466, -14.4071 -0.0787 -1.1466, -14.3781 0.0787 -0.9148, -14.3781 -0.0787 -0.9148, -14.372 0.0787 -0.8171, -14.372 -0.0787 -0.8171, -14.372 0.0787 0.0472, -14.372 -0.0787 0.0472, -14.3683 -0.0787 0.0805, -14.3683 0.0787 0.0805, -14.3572 -0.0787 0.1122, -14.3572 0.0787 0.1122, -14.3394 -0.0787 0.1405, -14.3394 0.0787 0.1405, -14.3157 -0.0787 0.1642, -14.3157 0.0787 0.1642, -14.2874 -0.0787 0.182, -14.2874 0.0787 0.182, -14.2557 -0.0787 0.1931, -14.2557 0.0787 0.1931, -14.2224 -0.0787 0.1969, -14.2224 0.0787 0.1969, -15.2165 -0.0787 0.1969, -15.2165 0.0787 0.1969, -15.1832 0.0787 0.2006, -15.1832 -0.0787 0.2006, -15.1516 0.0787 0.2117, -15.1516 -0.0787 0.2117, -15.1233 0.0787 0.2295, -15.1233 -0.0787 0.2295, -15.0996 0.0787 0.2532, -15.0996 -0.0787 0.2532, -15.0817 0.0787 0.2815, -15.0817 -0.0787 0.2815, -15.0707 0.0787 0.3132, -15.0707 -0.0787 0.3132, -15.0669 0.0787 0.3465, -15.0669 -0.0787 0.3465, -15.0669 0.0787 2.3032, -15.0669 -0.0787 2.3032, -15.0689 0.0787 2.3184, -15.0689 -0.0787 2.3184, -15.0748 0.0787 2.3327, -15.0748 -0.0787 2.3327, -15.0842 0.0787 2.3449, -15.0842 -0.0787 2.3449, -15.0965 0.0787 2.3543, -15.0965 -0.0787 2.3543, -15.1107 0.0787 2.3602, -15.1107 -0.0787 2.3602, -15.126 0.0787 2.3622, -15.126 -0.0787 2.3622, -15.2047 0.0787 2.3622, -15.2047 -0.0787 2.3622, -15.22 0.0787 2.3602, -15.22 -0.0787 2.3602, -15.2343 0.0787 2.3543, -15.2343 -0.0787 2.3543, -15.2465 0.0787 2.3449, -15.2465 -0.0787 2.3449, -15.2559 0.0787 2.3327, -15.2559 -0.0787 2.3327, -15.2618 0.0787 2.3184, -15.2618 -0.0787 2.3184, -15.2638 0.0787 2.3032, -15.2638 -0.0787 2.3032, -15.2638 0.0787 0.709, -15.2638 -0.0787 0.709, -15.2674 -0.0787 0.6752, -15.2674 0.0787 0.6752, -15.2783 -0.0787 0.643, -15.2783 0.0787 0.643, -15.2958 -0.0787 0.6138, -15.2958 0.0787 0.6138, -15.3191 -0.0787 0.5891, -15.3191 0.0787 0.5891, -15.3736 -0.0787 0.5528, -15.3736 0.0787 0.5528, -15.435 -0.0787 0.5302, -15.435 0.0787 0.5302, -15.5 -0.0787 0.5225, -15.5 0.0787 0.5225, -15.565 -0.0787 0.5302, -15.565 0.0787 0.5302, -15.6264 -0.0787 0.5528, -15.6264 0.0787 0.5528, -15.6809 -0.0787 0.5891, -15.6809 0.0787 0.5891, -15.7042 -0.0787 0.6138, -15.7042 0.0787 0.6138, -15.7217 -0.0787 0.643, -15.7217 0.0787 0.643, -15.7326 -0.0787 0.6752, -15.7326 0.0787 0.6752, -15.7362 -0.0787 0.709, -15.7362 0.0787 0.709, -15.7362 0.0787 2.3032, -15.7362 -0.0787 2.3032, -15.7382 0.0787 2.3184, -15.7382 -0.0787 2.3184, -15.7441 0.0787 2.3327, -15.7441 -0.0787 2.3327, -15.7535 0.0787 2.3449, -15.7535 -0.0787 2.3449, -15.7657 0.0787 2.3543, -15.7657 -0.0787 2.3543, -15.78 0.0787 2.3602, -15.78 -0.0787 2.3602, -15.7953 0.0787 2.3622, -15.7953 -0.0787 2.3622, -15.874 0.0787 2.3622, -15.874 -0.0787 2.3622, -15.8893 0.0787 2.3602, -15.8893 -0.0787 2.3602, -15.9035 0.0787 2.3543, -15.9035 -0.0787 2.3543, -15.9158 0.0787 2.3449, -15.9158 -0.0787 2.3449, -15.9252 0.0787 2.3327, -15.9252 -0.0787 2.3327, -15.9311 0.0787 2.3184, -15.9311 -0.0787 2.3184, -15.9331 0.0787 2.3032, -15.9331 -0.0787 2.3032, -15.9331 0.0787 0.3465, -15.9331 -0.0787 0.3465, -15.9293 0.0787 0.3132, -15.9293 -0.0787 0.3132, -15.9183 0.0787 0.2815, -15.9183 -0.0787 0.2815, -15.9004 0.0787 0.2532, -15.9004 -0.0787 0.2532, -15.8767 0.0787 0.2295, -15.8767 -0.0787 0.2295, -15.8484 0.0787 0.2117, -15.8484 -0.0787 0.2117, -15.8168 0.0787 0.2006, -15.8168 -0.0787 0.2006, -15.7835 0.0787 0.1969, -15.7835 -0.0787 0.1969, -15.7776 0.0787 0.1969, -15.7776 -0.0787 0.1969, -15.7443 -0.0787 0.1931, -15.7443 0.0787 0.1931, -15.7126 -0.0787 0.182, -15.7126 0.0787 0.182, -15.6843 -0.0787 0.1642, -15.6843 0.0787 0.1642, -15.6606 -0.0787 0.1405, -15.6606 0.0787 0.1405, -15.6428 -0.0787 0.1122, -15.6428 0.0787 0.1122, -15.6317 -0.0787 0.0805, -15.6317 0.0787 0.0805, -15.628 -0.0787 0.0472, -15.628 0.0787 0.0472, -15.628 0.0787 -0.8171, -15.628 -0.0787 -0.8171, -15.6219 0.0787 -0.9148, -15.6219 -0.0787 -0.9148, -15.5929 0.0787 -1.1466, -15.5929 -0.0787 -1.1466, -15.5906 0.0787 -1.1558, -15.5906 -0.0787 -1.1558, -15.5862 0.0787 -1.1642, -15.5862 -0.0787 -1.1642, -15.5799 0.0787 -1.1712, -15.5799 -0.0787 -1.1712, -15.5721 0.0787 -1.1766, -15.5721 -0.0787 -1.1766, -15.5632 0.0787 -1.18, -15.5632 -0.0787 -1.18, -15.5538 0.0787 -1.1811, -15.5538 -0.0787 -1.1811, -15.4462 0.0787 -1.1811, -15.4462 -0.0787 -1.1811, -15.4368 0.0787 -1.18, -15.4368 -0.0787 -1.18, -15.4279 0.0787 -1.1766, -15.4279 -0.0787 -1.1766, -15.4201 0.0787 -1.1712, -15.4201 -0.0787 -1.1712, -15.4138 0.0787 -1.1642, -15.4138 -0.0787 -1.1642, -15.4094 0.0787 -1.1558, -15.4094 -0.0787 -1.1558, -15.4071 0.0787 -1.1466, -15.4071 -0.0787 -1.1466, -15.3781 0.0787 -0.9148, -15.3781 -0.0787 -0.9148, -15.372 0.0787 -0.8171, -15.372 -0.0787 -0.8171, -15.372 0.0787 0.0472, -15.372 -0.0787 0.0472, -15.3683 -0.0787 0.0805, -15.3683 0.0787 0.0805, -15.3572 -0.0787 0.1122, -15.3572 0.0787 0.1122, -15.3394 -0.0787 0.1405, -15.3394 0.0787 0.1405, -15.3157 -0.0787 0.1642, -15.3157 0.0787 0.1642, -15.2874 -0.0787 0.182, -15.2874 0.0787 0.182, -15.2557 -0.0787 0.1931, -15.2557 0.0787 0.1931, -15.2224 -0.0787 0.1969, -15.2224 0.0787 0.1969, -16.2165 -0.0787 0.1969, -16.2165 0.0787 0.1969, -16.1832 0.0787 0.2006, -16.1832 -0.0787 0.2006, -16.1516 0.0787 0.2117, -16.1516 -0.0787 0.2117, -16.1233 0.0787 0.2295, -16.1233 -0.0787 0.2295, -16.0996 0.0787 0.2532, -16.0996 -0.0787 0.2532, -16.0817 0.0787 0.2815, -16.0817 -0.0787 0.2815, -16.0707 0.0787 0.3132, -16.0707 -0.0787 0.3132, -16.0669 0.0787 0.3465, -16.0669 -0.0787 0.3465, -16.0669 0.0787 2.3032, -16.0669 -0.0787 2.3032, -16.0689 0.0787 2.3184, -16.0689 -0.0787 2.3184, -16.0748 0.0787 2.3327, -16.0748 -0.0787 2.3327, -16.0842 0.0787 2.3449, -16.0842 -0.0787 2.3449, -16.0965 0.0787 2.3543, -16.0965 -0.0787 2.3543, -16.1107 0.0787 2.3602, -16.1107 -0.0787 2.3602, -16.126 0.0787 2.3622, -16.126 -0.0787 2.3622, -16.2047 0.0787 2.3622, -16.2047 -0.0787 2.3622, -16.22 0.0787 2.3602, -16.22 -0.0787 2.3602, -16.2343 0.0787 2.3543, -16.2343 -0.0787 2.3543, -16.2465 0.0787 2.3449, -16.2465 -0.0787 2.3449, -16.2559 0.0787 2.3327, -16.2559 -0.0787 2.3327, -16.2618 0.0787 2.3184, -16.2618 -0.0787 2.3184, -16.2638 0.0787 2.3032, -16.2638 -0.0787 2.3032, -16.2638 0.0787 0.709, -16.2638 -0.0787 0.709, -16.2674 -0.0787 0.6752, -16.2674 0.0787 0.6752, -16.2783 -0.0787 0.643, -16.2783 0.0787 0.643, -16.2958 -0.0787 0.6138, -16.2958 0.0787 0.6138, -16.3191 -0.0787 0.5891, -16.3191 0.0787 0.5891, -16.3736 -0.0787 0.5528, -16.3736 0.0787 0.5528, -16.435 -0.0787 0.5302, -16.435 0.0787 0.5302, -16.5 -0.0787 0.5225, -16.5 0.0787 0.5225, -16.565 -0.0787 0.5302, -16.565 0.0787 0.5302, -16.6264 -0.0787 0.5528, -16.6264 0.0787 0.5528, -16.6809 -0.0787 0.5891, -16.6809 0.0787 0.5891, -16.7042 -0.0787 0.6138, -16.7042 0.0787 0.6138, -16.7217 -0.0787 0.643, -16.7217 0.0787 0.643, -16.7326 -0.0787 0.6752, -16.7326 0.0787 0.6752, -16.7362 -0.0787 0.709, -16.7362 0.0787 0.709, -16.7362 0.0787 2.3032, -16.7362 -0.0787 2.3032, -16.7382 0.0787 2.3184, -16.7382 -0.0787 2.3184, -16.7441 0.0787 2.3327, -16.7441 -0.0787 2.3327, -16.7535 0.0787 2.3449, -16.7535 -0.0787 2.3449, -16.7657 0.0787 2.3543, -16.7657 -0.0787 2.3543, -16.78 0.0787 2.3602, -16.78 -0.0787 2.3602, -16.7953 0.0787 2.3622, -16.7953 -0.0787 2.3622, -16.874 0.0787 2.3622, -16.874 -0.0787 2.3622, -16.8893 0.0787 2.3602, -16.8893 -0.0787 2.3602, -16.9035 0.0787 2.3543, -16.9035 -0.0787 2.3543, -16.9158 0.0787 2.3449, -16.9158 -0.0787 2.3449, -16.9252 0.0787 2.3327, -16.9252 -0.0787 2.3327, -16.9311 0.0787 2.3184, -16.9311 -0.0787 2.3184, -16.9331 0.0787 2.3032, -16.9331 -0.0787 2.3032, -16.9331 0.0787 0.3465, -16.9331 -0.0787 0.3465, -16.9293 0.0787 0.3132, -16.9293 -0.0787 0.3132, -16.9183 0.0787 0.2815, -16.9183 -0.0787 0.2815, -16.9004 0.0787 0.2532, -16.9004 -0.0787 0.2532, -16.8767 0.0787 0.2295, -16.8767 -0.0787 0.2295, -16.8484 0.0787 0.2117, -16.8484 -0.0787 0.2117, -16.8168 0.0787 0.2006, -16.8168 -0.0787 0.2006, -16.7835 0.0787 0.1969, -16.7835 -0.0787 0.1969, -16.7776 0.0787 0.1969, -16.7776 -0.0787 0.1969, -16.7443 -0.0787 0.1931, -16.7443 0.0787 0.1931, -16.7126 -0.0787 0.182, -16.7126 0.0787 0.182, -16.6843 -0.0787 0.1642, -16.6843 0.0787 0.1642, -16.6606 -0.0787 0.1405, -16.6606 0.0787 0.1405, -16.6428 -0.0787 0.1122, -16.6428 0.0787 0.1122, -16.6317 -0.0787 0.0805, -16.6317 0.0787 0.0805, -16.628 -0.0787 0.0472, -16.628 0.0787 0.0472, -16.628 0.0787 -0.8171, -16.628 -0.0787 -0.8171, -16.6219 0.0787 -0.9148, -16.6219 -0.0787 -0.9148, -16.5929 0.0787 -1.1466, -16.5929 -0.0787 -1.1466, -16.5906 0.0787 -1.1558, -16.5906 -0.0787 -1.1558, -16.5862 0.0787 -1.1642, -16.5862 -0.0787 -1.1642, -16.5799 0.0787 -1.1712, -16.5799 -0.0787 -1.1712, -16.5721 0.0787 -1.1766, -16.5721 -0.0787 -1.1766, -16.5632 0.0787 -1.18, -16.5632 -0.0787 -1.18, -16.5538 0.0787 -1.1811, -16.5538 -0.0787 -1.1811, -16.4462 0.0787 -1.1811, -16.4462 -0.0787 -1.1811, -16.4368 0.0787 -1.18, -16.4368 -0.0787 -1.18, -16.4279 0.0787 -1.1766, -16.4279 -0.0787 -1.1766, -16.4201 0.0787 -1.1712, -16.4201 -0.0787 -1.1712, -16.4138 0.0787 -1.1642, -16.4138 -0.0787 -1.1642, -16.4094 0.0787 -1.1558, -16.4094 -0.0787 -1.1558, -16.4071 0.0787 -1.1466, -16.4071 -0.0787 -1.1466, -16.3781 0.0787 -0.9148, -16.3781 -0.0787 -0.9148, -16.372 0.0787 -0.8171, -16.372 -0.0787 -0.8171, -16.372 0.0787 0.0472, -16.372 -0.0787 0.0472, -16.3683 -0.0787 0.0805, -16.3683 0.0787 0.0805, -16.3572 -0.0787 0.1122, -16.3572 0.0787 0.1122, -16.3394 -0.0787 0.1405, -16.3394 0.0787 0.1405, -16.3157 -0.0787 0.1642, -16.3157 0.0787 0.1642, -16.2874 -0.0787 0.182, -16.2874 0.0787 0.182, -16.2557 -0.0787 0.1931, -16.2557 0.0787 0.1931, -16.2224 -0.0787 0.1969, -16.2224 0.0787 0.1969, -17.2165 -0.0787 0.1969, -17.2165 0.0787 0.1969, -17.1832 0.0787 0.2006, -17.1832 -0.0787 0.2006, -17.1516 0.0787 0.2117, -17.1516 -0.0787 0.2117, -17.1233 0.0787 0.2295, -17.1233 -0.0787 0.2295, -17.0996 0.0787 0.2532, -17.0996 -0.0787 0.2532, -17.0817 0.0787 0.2815, -17.0817 -0.0787 0.2815, -17.0707 0.0787 0.3132, -17.0707 -0.0787 0.3132, -17.0669 0.0787 0.3465, -17.0669 -0.0787 0.3465, -17.0669 0.0787 2.3032, -17.0669 -0.0787 2.3032, -17.0689 0.0787 2.3184, -17.0689 -0.0787 2.3184, -17.0748 0.0787 2.3327, -17.0748 -0.0787 2.3327, -17.0842 0.0787 2.3449, -17.0842 -0.0787 2.3449, -17.0965 0.0787 2.3543, -17.0965 -0.0787 2.3543, -17.1107 0.0787 2.3602, -17.1107 -0.0787 2.3602, -17.126 0.0787 2.3622, -17.126 -0.0787 2.3622, -17.2047 0.0787 2.3622, -17.2047 -0.0787 2.3622, -17.22 0.0787 2.3602, -17.22 -0.0787 2.3602, -17.2343 0.0787 2.3543, -17.2343 -0.0787 2.3543, -17.2465 0.0787 2.3449, -17.2465 -0.0787 2.3449, -17.2559 0.0787 2.3327, -17.2559 -0.0787 2.3327, -17.2618 0.0787 2.3184, -17.2618 -0.0787 2.3184, -17.2638 0.0787 2.3032, -17.2638 -0.0787 2.3032, -17.2638 0.0787 0.709, -17.2638 -0.0787 0.709, -17.2674 -0.0787 0.6752, -17.2674 0.0787 0.6752, -17.2783 -0.0787 0.643, -17.2783 0.0787 0.643, -17.2958 -0.0787 0.6138, -17.2958 0.0787 0.6138, -17.3191 -0.0787 0.5891, -17.3191 0.0787 0.5891, -17.3736 -0.0787 0.5528, -17.3736 0.0787 0.5528, -17.435 -0.0787 0.5302, -17.435 0.0787 0.5302, -17.5 -0.0787 0.5225, -17.5 0.0787 0.5225, -17.565 -0.0787 0.5302, -17.565 0.0787 0.5302, -17.6264 -0.0787 0.5528, -17.6264 0.0787 0.5528, -17.6809 -0.0787 0.5891, -17.6809 0.0787 0.5891, -17.7042 -0.0787 0.6138, -17.7042 0.0787 0.6138, -17.7217 -0.0787 0.643, -17.7217 0.0787 0.643, -17.7326 -0.0787 0.6752, -17.7326 0.0787 0.6752, -17.7362 -0.0787 0.709, -17.7362 0.0787 0.709, -17.7362 0.0787 2.3032, -17.7362 -0.0787 2.3032, -17.7382 0.0787 2.3184, -17.7382 -0.0787 2.3184, -17.7441 0.0787 2.3327, -17.7441 -0.0787 2.3327, -17.7535 0.0787 2.3449, -17.7535 -0.0787 2.3449, -17.7657 0.0787 2.3543, -17.7657 -0.0787 2.3543, -17.78 0.0787 2.3602, -17.78 -0.0787 2.3602, -17.7953 0.0787 2.3622, -17.7953 -0.0787 2.3622, -17.874 0.0787 2.3622, -17.874 -0.0787 2.3622, -17.8893 0.0787 2.3602, -17.8893 -0.0787 2.3602, -17.9035 0.0787 2.3543, -17.9035 -0.0787 2.3543, -17.9158 0.0787 2.3449, -17.9158 -0.0787 2.3449, -17.9252 0.0787 2.3327, -17.9252 -0.0787 2.3327, -17.9311 0.0787 2.3184, -17.9311 -0.0787 2.3184, -17.9331 0.0787 2.3032, -17.9331 -0.0787 2.3032, -17.9331 0.0787 0.3465, -17.9331 -0.0787 0.3465, -17.9293 0.0787 0.3132, -17.9293 -0.0787 0.3132, -17.9183 0.0787 0.2815, -17.9183 -0.0787 0.2815, -17.9004 0.0787 0.2532, -17.9004 -0.0787 0.2532, -17.8767 0.0787 0.2295, -17.8767 -0.0787 0.2295, -17.8484 0.0787 0.2117, -17.8484 -0.0787 0.2117, -17.8168 0.0787 0.2006, -17.8168 -0.0787 0.2006, -17.7835 0.0787 0.1969, -17.7835 -0.0787 0.1969, -17.7776 0.0787 0.1969, -17.7776 -0.0787 0.1969, -17.7443 -0.0787 0.1931, -17.7443 0.0787 0.1931, -17.7126 -0.0787 0.182, -17.7126 0.0787 0.182, -17.6843 -0.0787 0.1642, -17.6843 0.0787 0.1642, -17.6606 -0.0787 0.1405, -17.6606 0.0787 0.1405, -17.6428 -0.0787 0.1122, -17.6428 0.0787 0.1122, -17.6317 -0.0787 0.0805, -17.6317 0.0787 0.0805, -17.628 -0.0787 0.0472, -17.628 0.0787 0.0472, -17.628 0.0787 -0.8171, -17.628 -0.0787 -0.8171, -17.6219 0.0787 -0.9148, -17.6219 -0.0787 -0.9148, -17.5929 0.0787 -1.1466, -17.5929 -0.0787 -1.1466, -17.5906 0.0787 -1.1558, -17.5906 -0.0787 -1.1558, -17.5862 0.0787 -1.1642, -17.5862 -0.0787 -1.1642, -17.5799 0.0787 -1.1712, -17.5799 -0.0787 -1.1712, -17.5721 0.0787 -1.1766, -17.5721 -0.0787 -1.1766, -17.5632 0.0787 -1.18, -17.5632 -0.0787 -1.18, -17.5538 0.0787 -1.1811, -17.5538 -0.0787 -1.1811, -17.4462 0.0787 -1.1811, -17.4462 -0.0787 -1.1811, -17.4368 0.0787 -1.18, -17.4368 -0.0787 -1.18, -17.4279 0.0787 -1.1766, -17.4279 -0.0787 -1.1766, -17.4201 0.0787 -1.1712, -17.4201 -0.0787 -1.1712, -17.4138 0.0787 -1.1642, -17.4138 -0.0787 -1.1642, -17.4094 0.0787 -1.1558, -17.4094 -0.0787 -1.1558, -17.4071 0.0787 -1.1466, -17.4071 -0.0787 -1.1466, -17.3781 0.0787 -0.9148, -17.3781 -0.0787 -0.9148, -17.372 0.0787 -0.8171, -17.372 -0.0787 -0.8171, -17.372 0.0787 0.0472, -17.372 -0.0787 0.0472, -17.3683 -0.0787 0.0805, -17.3683 0.0787 0.0805, -17.3572 -0.0787 0.1122, -17.3572 0.0787 0.1122, -17.3394 -0.0787 0.1405, -17.3394 0.0787 0.1405, -17.3157 -0.0787 0.1642, -17.3157 0.0787 0.1642, -17.2874 -0.0787 0.182, -17.2874 0.0787 0.182, -17.2557 -0.0787 0.1931, -17.2557 0.0787 0.1931, -17.2224 -0.0787 0.1969, -17.2224 0.0787 0.1969, -18.2165 -0.0787 0.1969, -18.2165 0.0787 0.1969, -18.1832 0.0787 0.2006, -18.1832 -0.0787 0.2006, -18.1516 0.0787 0.2117, -18.1516 -0.0787 0.2117, -18.1233 0.0787 0.2295, -18.1233 -0.0787 0.2295, -18.0996 0.0787 0.2532, -18.0996 -0.0787 0.2532, -18.0817 0.0787 0.2815, -18.0817 -0.0787 0.2815, -18.0707 0.0787 0.3132, -18.0707 -0.0787 0.3132, -18.0669 0.0787 0.3465, -18.0669 -0.0787 0.3465, -18.0669 0.0787 2.3032, -18.0669 -0.0787 2.3032, -18.0689 0.0787 2.3184, -18.0689 -0.0787 2.3184, -18.0748 0.0787 2.3327, -18.0748 -0.0787 2.3327, -18.0842 0.0787 2.3449, -18.0842 -0.0787 2.3449, -18.0965 0.0787 2.3543, -18.0965 -0.0787 2.3543, -18.1107 0.0787 2.3602, -18.1107 -0.0787 2.3602, -18.126 0.0787 2.3622, -18.126 -0.0787 2.3622, -18.2047 0.0787 2.3622, -18.2047 -0.0787 2.3622, -18.22 0.0787 2.3602, -18.22 -0.0787 2.3602, -18.2343 0.0787 2.3543, -18.2343 -0.0787 2.3543, -18.2465 0.0787 2.3449, -18.2465 -0.0787 2.3449, -18.2559 0.0787 2.3327, -18.2559 -0.0787 2.3327, -18.2618 0.0787 2.3184, -18.2618 -0.0787 2.3184, -18.2638 0.0787 2.3032, -18.2638 -0.0787 2.3032, -18.2638 0.0787 0.709, -18.2638 -0.0787 0.709, -18.2674 -0.0787 0.6752, -18.2674 0.0787 0.6752, -18.2783 -0.0787 0.643, -18.2783 0.0787 0.643, -18.2958 -0.0787 0.6138, -18.2958 0.0787 0.6138, -18.3191 -0.0787 0.5891, -18.3191 0.0787 0.5891, -18.3736 -0.0787 0.5528, -18.3736 0.0787 0.5528, -18.435 -0.0787 0.5302, -18.435 0.0787 0.5302, -18.5 -0.0787 0.5225, -18.5 0.0787 0.5225, -18.565 -0.0787 0.5302, -18.565 0.0787 0.5302, -18.6264 -0.0787 0.5528, -18.6264 0.0787 0.5528, -18.6809 -0.0787 0.5891, -18.6809 0.0787 0.5891, -18.7042 -0.0787 0.6138, -18.7042 0.0787 0.6138, -18.7217 -0.0787 0.643, -18.7217 0.0787 0.643, -18.7326 -0.0787 0.6752, -18.7326 0.0787 0.6752, -18.7362 -0.0787 0.709, -18.7362 0.0787 0.709, -18.7362 0.0787 2.3032, -18.7362 -0.0787 2.3032, -18.7382 0.0787 2.3184, -18.7382 -0.0787 2.3184, -18.7441 0.0787 2.3327, -18.7441 -0.0787 2.3327, -18.7535 0.0787 2.3449, -18.7535 -0.0787 2.3449, -18.7657 0.0787 2.3543, -18.7657 -0.0787 2.3543, -18.78 0.0787 2.3602, -18.78 -0.0787 2.3602, -18.7953 0.0787 2.3622, -18.7953 -0.0787 2.3622, -18.874 0.0787 2.3622, -18.874 -0.0787 2.3622, -18.8893 0.0787 2.3602, -18.8893 -0.0787 2.3602, -18.9035 0.0787 2.3543, -18.9035 -0.0787 2.3543, -18.9158 0.0787 2.3449, -18.9158 -0.0787 2.3449, -18.9252 0.0787 2.3327, -18.9252 -0.0787 2.3327, -18.9311 0.0787 2.3184, -18.9311 -0.0787 2.3184, -18.9331 0.0787 2.3032, -18.9331 -0.0787 2.3032, -18.9331 0.0787 0.3465, -18.9331 -0.0787 0.3465, -18.9293 0.0787 0.3132, -18.9293 -0.0787 0.3132, -18.9183 0.0787 0.2815, -18.9183 -0.0787 0.2815, -18.9004 0.0787 0.2532, -18.9004 -0.0787 0.2532, -18.8767 0.0787 0.2295, -18.8767 -0.0787 0.2295, -18.8484 0.0787 0.2117, -18.8484 -0.0787 0.2117, -18.8168 0.0787 0.2006, -18.8168 -0.0787 0.2006, -18.7835 0.0787 0.1969, -18.7835 -0.0787 0.1969, -18.7776 0.0787 0.1969, -18.7776 -0.0787 0.1969, -18.7443 -0.0787 0.1931, -18.7443 0.0787 0.1931, -18.7126 -0.0787 0.182, -18.7126 0.0787 0.182, -18.6843 -0.0787 0.1642, -18.6843 0.0787 0.1642, -18.6606 -0.0787 0.1405, -18.6606 0.0787 0.1405, -18.6428 -0.0787 0.1122, -18.6428 0.0787 0.1122, -18.6317 -0.0787 0.0805, -18.6317 0.0787 0.0805, -18.628 -0.0787 0.0472, -18.628 0.0787 0.0472, -18.628 0.0787 -0.8171, -18.628 -0.0787 -0.8171, -18.6219 0.0787 -0.9148, -18.6219 -0.0787 -0.9148, -18.5929 0.0787 -1.1466, -18.5929 -0.0787 -1.1466, -18.5906 0.0787 -1.1558, -18.5906 -0.0787 -1.1558, -18.5862 0.0787 -1.1642, -18.5862 -0.0787 -1.1642, -18.5799 0.0787 -1.1712, -18.5799 -0.0787 -1.1712, -18.5721 0.0787 -1.1766, -18.5721 -0.0787 -1.1766, -18.5632 0.0787 -1.18, -18.5632 -0.0787 -1.18, -18.5538 0.0787 -1.1811, -18.5538 -0.0787 -1.1811, -18.4462 0.0787 -1.1811, -18.4462 -0.0787 -1.1811, -18.4368 0.0787 -1.18, -18.4368 -0.0787 -1.18, -18.4279 0.0787 -1.1766, -18.4279 -0.0787 -1.1766, -18.4201 0.0787 -1.1712, -18.4201 -0.0787 -1.1712, -18.4138 0.0787 -1.1642, -18.4138 -0.0787 -1.1642, -18.4094 0.0787 -1.1558, -18.4094 -0.0787 -1.1558, -18.4071 0.0787 -1.1466, -18.4071 -0.0787 -1.1466, -18.3781 0.0787 -0.9148, -18.3781 -0.0787 -0.9148, -18.372 0.0787 -0.8171, -18.372 -0.0787 -0.8171, -18.372 0.0787 0.0472, -18.372 -0.0787 0.0472, -18.3683 -0.0787 0.0805, -18.3683 0.0787 0.0805, -18.3572 -0.0787 0.1122, -18.3572 0.0787 0.1122, -18.3394 -0.0787 0.1405, -18.3394 0.0787 0.1405, -18.3157 -0.0787 0.1642, -18.3157 0.0787 0.1642, -18.2874 -0.0787 0.182, -18.2874 0.0787 0.182, -18.2557 -0.0787 0.1931, -18.2557 0.0787 0.1931, -18.2224 -0.0787 0.1969, -18.2224 0.0787 0.1969, -19.2165 -0.0787 0.1969, -19.2165 0.0787 0.1969, -19.1832 0.0787 0.2006, -19.1832 -0.0787 0.2006, -19.1516 0.0787 0.2117, -19.1516 -0.0787 0.2117, -19.1233 0.0787 0.2295, -19.1233 -0.0787 0.2295, -19.0996 0.0787 0.2532, -19.0996 -0.0787 0.2532, -19.0817 0.0787 0.2815, -19.0817 -0.0787 0.2815, -19.0707 0.0787 0.3132, -19.0707 -0.0787 0.3132, -19.0669 0.0787 0.3465, -19.0669 -0.0787 0.3465, -19.0669 0.0787 2.3032, -19.0669 -0.0787 2.3032, -19.0689 0.0787 2.3184, -19.0689 -0.0787 2.3184, -19.0748 0.0787 2.3327, -19.0748 -0.0787 2.3327, -19.0842 0.0787 2.3449, -19.0842 -0.0787 2.3449, -19.0965 0.0787 2.3543, -19.0965 -0.0787 2.3543, -19.1107 0.0787 2.3602, -19.1107 -0.0787 2.3602, -19.126 0.0787 2.3622, -19.126 -0.0787 2.3622, -19.2047 0.0787 2.3622, -19.2047 -0.0787 2.3622, -19.22 0.0787 2.3602, -19.22 -0.0787 2.3602, -19.2343 0.0787 2.3543, -19.2343 -0.0787 2.3543, -19.2465 0.0787 2.3449, -19.2465 -0.0787 2.3449, -19.2559 0.0787 2.3327, -19.2559 -0.0787 2.3327, -19.2618 0.0787 2.3184, -19.2618 -0.0787 2.3184, -19.2638 0.0787 2.3032, -19.2638 -0.0787 2.3032, -19.2638 0.0787 0.709, -19.2638 -0.0787 0.709, -19.2674 -0.0787 0.6752, -19.2674 0.0787 0.6752, -19.2783 -0.0787 0.643, -19.2783 0.0787 0.643, -19.2958 -0.0787 0.6138, -19.2958 0.0787 0.6138, -19.3191 -0.0787 0.5891, -19.3191 0.0787 0.5891, -19.3736 -0.0787 0.5528, -19.3736 0.0787 0.5528, -19.435 -0.0787 0.5302, -19.435 0.0787 0.5302, -19.5 -0.0787 0.5225, -19.5 0.0787 0.5225, -19.565 -0.0787 0.5302, -19.565 0.0787 0.5302, -19.6264 -0.0787 0.5528, -19.6264 0.0787 0.5528, -19.6809 -0.0787 0.5891, -19.6809 0.0787 0.5891, -19.7042 -0.0787 0.6138, -19.7042 0.0787 0.6138, -19.7217 -0.0787 0.643, -19.7217 0.0787 0.643, -19.7326 -0.0787 0.6752, -19.7326 0.0787 0.6752, -19.7362 -0.0787 0.709, -19.7362 0.0787 0.709, -19.7362 0.0787 2.3032, -19.7362 -0.0787 2.3032, -19.7382 0.0787 2.3184, -19.7382 -0.0787 2.3184, -19.7441 0.0787 2.3327, -19.7441 -0.0787 2.3327, -19.7535 0.0787 2.3449, -19.7535 -0.0787 2.3449, -19.7657 0.0787 2.3543, -19.7657 -0.0787 2.3543, -19.78 0.0787 2.3602, -19.78 -0.0787 2.3602, -19.7953 0.0787 2.3622, -19.7953 -0.0787 2.3622, -19.874 0.0787 2.3622, -19.874 -0.0787 2.3622, -19.8893 0.0787 2.3602, -19.8893 -0.0787 2.3602, -19.9035 0.0787 2.3543, -19.9035 -0.0787 2.3543, -19.9158 0.0787 2.3449, -19.9158 -0.0787 2.3449, -19.9252 0.0787 2.3327, -19.9252 -0.0787 2.3327, -19.9311 0.0787 2.3184, -19.9311 -0.0787 2.3184, -19.9331 0.0787 2.3032, -19.9331 -0.0787 2.3032, -19.9331 0.0787 0.3465, -19.9331 -0.0787 0.3465, -19.9293 0.0787 0.3132, -19.9293 -0.0787 0.3132, -19.9183 0.0787 0.2815, -19.9183 -0.0787 0.2815, -19.9004 0.0787 0.2532, -19.9004 -0.0787 0.2532, -19.8767 0.0787 0.2295, -19.8767 -0.0787 0.2295, -19.8484 0.0787 0.2117, -19.8484 -0.0787 0.2117, -19.8168 0.0787 0.2006, -19.8168 -0.0787 0.2006, -19.7835 0.0787 0.1969, -19.7835 -0.0787 0.1969, -19.7776 0.0787 0.1969, -19.7776 -0.0787 0.1969, -19.7443 -0.0787 0.1931, -19.7443 0.0787 0.1931, -19.7126 -0.0787 0.182, -19.7126 0.0787 0.182, -19.6843 -0.0787 0.1642, -19.6843 0.0787 0.1642, -19.6606 -0.0787 0.1405, -19.6606 0.0787 0.1405, -19.6428 -0.0787 0.1122, -19.6428 0.0787 0.1122, -19.6317 -0.0787 0.0805, -19.6317 0.0787 0.0805, -19.628 -0.0787 0.0472, -19.628 0.0787 0.0472, -19.628 0.0787 -0.8171, -19.628 -0.0787 -0.8171, -19.6219 0.0787 -0.9148, -19.6219 -0.0787 -0.9148, -19.5929 0.0787 -1.1466, -19.5929 -0.0787 -1.1466, -19.5906 0.0787 -1.1558, -19.5906 -0.0787 -1.1558, -19.5862 0.0787 -1.1642, -19.5862 -0.0787 -1.1642, -19.5799 0.0787 -1.1712, -19.5799 -0.0787 -1.1712, -19.5721 0.0787 -1.1766, -19.5721 -0.0787 -1.1766, -19.5632 0.0787 -1.18, -19.5632 -0.0787 -1.18, -19.5538 0.0787 -1.1811, -19.5538 -0.0787 -1.1811, -19.4462 0.0787 -1.1811, -19.4462 -0.0787 -1.1811, -19.4368 0.0787 -1.18, -19.4368 -0.0787 -1.18, -19.4279 0.0787 -1.1766, -19.4279 -0.0787 -1.1766, -19.4201 0.0787 -1.1712, -19.4201 -0.0787 -1.1712, -19.4138 0.0787 -1.1642, -19.4138 -0.0787 -1.1642, -19.4094 0.0787 -1.1558, -19.4094 -0.0787 -1.1558, -19.4071 0.0787 -1.1466, -19.4071 -0.0787 -1.1466, -19.3781 0.0787 -0.9148, -19.3781 -0.0787 -0.9148, -19.372 0.0787 -0.8171, -19.372 -0.0787 -0.8171, -19.372 0.0787 0.0472, -19.372 -0.0787 0.0472, -19.3683 -0.0787 0.0805, -19.3683 0.0787 0.0805, -19.3572 -0.0787 0.1122, -19.3572 0.0787 0.1122, -19.3394 -0.0787 0.1405, -19.3394 0.0787 0.1405, -19.3157 -0.0787 0.1642, -19.3157 0.0787 0.1642, -19.2874 -0.0787 0.182, -19.2874 0.0787 0.182, -19.2557 -0.0787 0.1931, -19.2557 0.0787 0.1931, -19.2224 -0.0787 0.1969, -19.2224 0.0787 0.1969
            ]
        }
        coordIndex [
            0,1,2,-1,2,1,3,-1,2,3,4,-1,4,3,5,-1,4,5,6,-1,6,5,7,-1,8,9,10,-1,8,10,11,-1,11,10,12,-1,11,12,13,-1,13,12,14,-1,13,14,15,-1,15,14,16,-1,15,16,17,-1,17,16,18,-1,17,18,19,-1,19,18,20,-1,19,20,21,-1,21,20,22,-1,21,22,23,-1,24,25,22,-1,22,25,23,-1,25,24,26,-1,25,26,27,-1,27,26,28,-1,27,28,29,-1,29,28,30,-1,29,30,31,-1,31,30,32,-1,31,32,33,-1,33,32,34,-1,33,34,35,-1,35,34,36,-1,35,36,37,-1,38,39,36,-1,36,39,37,-1,39,38,40,-1,39,40,41,-1,41,40,42,-1,41,42,43,-1,43,42,44,-1,43,44,45,-1,45,44,46,-1,45,46,47,-1,47,46,48,-1,47,48,49,-1,49,48,50,-1,49,50,51,-1,52,53,50,-1,50,53,51,-1,53,52,54,-1,54,52,55,-1,54,55,56,-1,56,55,57,-1,56,57,58,-1,58,57,59,-1,58,59,60,-1,60,59,61,-1,60,61,62,-1,62,61,63,-1,62,63,64,-1,64,63,65,-1,64,65,66,-1,66,65,67,-1,66,67,68,-1,68,67,69,-1,68,69,70,-1,70,69,71,-1,70,71,72,-1,72,71,73,-1,72,73,74,-1,74,73,75,-1,74,75,76,-1,76,75,77,-1,76,77,78,-1,78,77,79,-1,78,79,80,-1,80,79,81,-1,82,83,81,-1,81,83,80,-1,83,82,84,-1,83,84,85,-1,85,84,86,-1,85,86,87,-1,87,86,88,-1,87,88,89,-1,89,88,90,-1,89,90,91,-1,91,90,92,-1,91,92,93,-1,93,92,94,-1,93,94,95,-1,96,97,94,-1,94,97,95,-1,97,96,98,-1,97,98,99,-1,99,98,100,-1,99,100,101,-1,101,100,102,-1,101,102,103,-1,103,102,104,-1,103,104,105,-1,105,104,106,-1,105,106,107,-1,107,106,108,-1,107,108,109,-1,110,111,108,-1,108,111,109,-1,111,110,112,-1,111,112,113,-1,113,112,114,-1,113,114,115,-1,115,114,116,-1,115,116,117,-1,117,116,118,-1,117,118,119,-1,119,118,120,-1,119,120,121,-1,121,120,122,-1,121,122,123,-1,123,122,124,-1,123,124,125,-1,126,127,124,-1,124,127,125,-1,127,126,128,-1,128,126,129,-1,128,129,130,-1,130,129,131,-1,130,131,132,-1,132,131,133,-1,132,133,134,-1,134,133,135,-1,134,135,136,-1,136,135,137,-1,136,137,138,-1,138,137,139,-1,138,139,140,-1,140,139,141,-1,142,143,141,-1,141,143,140,-1,142,144,143,-1,143,144,145,-1,146,147,144,-1,144,147,145,-1,147,146,148,-1,147,148,149,-1,149,148,150,-1,149,150,151,-1,151,150,152,-1,151,152,153,-1,153,152,154,-1,153,154,155,-1,155,154,156,-1,155,156,157,-1,157,156,158,-1,157,158,159,-1,160,161,158,-1,158,161,159,-1,161,160,162,-1,161,162,163,-1,163,162,164,-1,163,164,165,-1,165,164,166,-1,165,166,167,-1,167,166,168,-1,167,168,169,-1,169,168,170,-1,169,170,171,-1,171,170,172,-1,171,172,173,-1,174,175,172,-1,172,175,173,-1,174,176,175,-1,175,176,177,-1,178,179,176,-1,176,179,177,-1,179,178,180,-1,180,178,181,-1,180,181,182,-1,182,181,183,-1,182,183,184,-1,184,183,185,-1,184,185,186,-1,186,185,187,-1,186,187,188,-1,188,187,189,-1,188,189,190,-1,190,189,191,-1,190,191,192,-1,192,191,193,-1,9,8,193,-1,193,8,192,-1,13,15,62,-1,62,190,192,-1,190,62,188,-1,188,62,64,-1,188,64,186,-1,192,8,62,-1,62,8,11,-1,62,11,13,-1,179,180,66,-1,66,180,182,-1,66,182,64,-1,64,182,184,-1,64,184,186,-1,53,54,23,-1,54,56,23,-1,23,56,58,-1,23,58,21,-1,21,58,60,-1,21,60,19,-1,19,60,62,-1,19,62,17,-1,17,62,15,-1,169,171,161,-1,171,173,161,-1,161,173,175,-1,161,175,66,-1,66,175,177,-1,66,177,179,-1,136,66,134,-1,134,66,68,-1,134,68,132,-1,70,128,68,-1,68,128,130,-1,68,130,132,-1,70,115,117,-1,115,70,113,-1,113,70,72,-1,113,72,111,-1,111,72,74,-1,111,74,76,-1,49,51,39,-1,143,161,140,-1,140,161,66,-1,140,66,138,-1,138,66,136,-1,123,125,70,-1,70,125,127,-1,70,127,128,-1,117,119,70,-1,70,119,121,-1,70,121,123,-1,39,51,37,-1,169,161,167,-1,167,161,163,-1,167,163,165,-1,143,145,161,-1,161,145,147,-1,161,147,159,-1,159,147,157,-1,76,78,111,-1,111,78,80,-1,111,80,109,-1,109,80,97,-1,39,41,43,-1,85,87,95,-1,53,23,51,-1,51,23,25,-1,51,25,37,-1,37,25,27,-1,37,27,29,-1,43,45,39,-1,39,45,47,-1,39,47,49,-1,149,151,153,-1,97,80,95,-1,95,80,83,-1,95,83,85,-1,103,97,101,-1,101,97,99,-1,103,105,97,-1,97,105,107,-1,97,107,109,-1,31,33,29,-1,29,33,35,-1,29,35,37,-1,149,153,147,-1,147,153,155,-1,147,155,157,-1,87,89,95,-1,95,89,91,-1,95,91,93,-1,9,193,63,-1,63,193,191,-1,63,191,65,-1,65,191,189,-1,189,187,65,-1,65,187,185,-1,65,185,67,-1,67,185,183,-1,67,183,181,-1,14,12,63,-1,63,12,10,-1,63,10,9,-1,61,59,22,-1,22,59,57,-1,81,79,110,-1,71,129,126,-1,22,20,61,-1,61,20,18,-1,61,18,63,-1,63,18,16,-1,63,16,14,-1,71,114,73,-1,73,114,112,-1,73,112,75,-1,75,112,110,-1,75,110,77,-1,77,110,79,-1,129,71,131,-1,131,71,69,-1,131,69,133,-1,126,124,71,-1,71,124,122,-1,71,122,120,-1,67,137,69,-1,69,137,135,-1,69,135,133,-1,181,178,67,-1,67,178,176,-1,67,176,160,-1,84,82,94,-1,120,118,71,-1,71,118,116,-1,71,116,114,-1,144,142,160,-1,160,142,141,-1,160,141,67,-1,67,141,139,-1,67,139,137,-1,57,55,22,-1,22,55,52,-1,22,52,24,-1,24,52,50,-1,176,174,160,-1,160,174,172,-1,160,172,170,-1,94,82,96,-1,170,168,160,-1,160,168,166,-1,160,166,162,-1,162,166,164,-1,46,38,48,-1,48,38,50,-1,50,38,24,-1,24,38,36,-1,24,36,26,-1,32,30,28,-1,81,110,82,-1,82,110,108,-1,82,108,96,-1,96,108,106,-1,96,106,104,-1,104,102,96,-1,96,102,100,-1,96,100,98,-1,94,92,90,-1,144,160,146,-1,146,160,158,-1,146,158,156,-1,46,44,38,-1,38,44,42,-1,38,42,40,-1,90,88,94,-1,94,88,86,-1,94,86,84,-1,150,148,152,-1,152,148,146,-1,152,146,154,-1,154,146,156,-1,26,36,28,-1,28,36,34,-1,28,34,32,-1,194,195,196,-1,194,196,197,-1,197,196,198,-1,197,198,199,-1,199,198,200,-1,199,200,201,-1,201,200,202,-1,201,202,203,-1,203,202,204,-1,203,204,205,-1,205,204,206,-1,205,206,207,-1,207,206,208,-1,207,208,209,-1,210,211,208,-1,208,211,209,-1,211,210,212,-1,211,212,213,-1,213,212,214,-1,213,214,215,-1,215,214,216,-1,215,216,217,-1,217,216,218,-1,217,218,219,-1,219,218,220,-1,219,220,221,-1,221,220,222,-1,221,222,223,-1,224,225,222,-1,222,225,223,-1,225,224,226,-1,225,226,227,-1,227,226,228,-1,227,228,229,-1,229,228,230,-1,229,230,231,-1,231,230,232,-1,231,232,233,-1,233,232,234,-1,233,234,235,-1,235,234,236,-1,235,236,237,-1,238,239,236,-1,236,239,237,-1,239,238,240,-1,240,238,241,-1,240,241,242,-1,242,241,243,-1,242,243,244,-1,244,243,245,-1,244,245,246,-1,246,245,247,-1,246,247,248,-1,248,247,249,-1,248,249,250,-1,250,249,251,-1,250,251,252,-1,252,251,253,-1,252,253,254,-1,254,253,255,-1,254,255,256,-1,256,255,257,-1,256,257,258,-1,258,257,259,-1,258,259,260,-1,260,259,261,-1,260,261,262,-1,262,261,263,-1,262,263,264,-1,264,263,265,-1,264,265,266,-1,266,265,267,-1,268,269,267,-1,267,269,266,-1,269,268,270,-1,269,270,271,-1,271,270,272,-1,271,272,273,-1,273,272,274,-1,273,274,275,-1,275,274,276,-1,275,276,277,-1,277,276,278,-1,277,278,279,-1,279,278,280,-1,279,280,281,-1,282,283,280,-1,280,283,281,-1,283,282,284,-1,283,284,285,-1,285,284,286,-1,285,286,287,-1,287,286,288,-1,287,288,289,-1,289,288,290,-1,289,290,291,-1,291,290,292,-1,291,292,293,-1,293,292,294,-1,293,294,295,-1,296,297,294,-1,294,297,295,-1,297,296,298,-1,297,298,299,-1,299,298,300,-1,299,300,301,-1,301,300,302,-1,301,302,303,-1,303,302,304,-1,303,304,305,-1,305,304,306,-1,305,306,307,-1,307,306,308,-1,307,308,309,-1,309,308,310,-1,309,310,311,-1,312,313,310,-1,310,313,311,-1,313,312,314,-1,314,312,315,-1,314,315,316,-1,316,315,317,-1,316,317,318,-1,318,317,319,-1,318,319,320,-1,320,319,321,-1,320,321,322,-1,322,321,323,-1,322,323,324,-1,324,323,325,-1,324,325,326,-1,326,325,327,-1,328,329,327,-1,327,329,326,-1,328,330,329,-1,329,330,331,-1,332,333,330,-1,330,333,331,-1,333,332,334,-1,333,334,335,-1,335,334,336,-1,335,336,337,-1,337,336,338,-1,337,338,339,-1,339,338,340,-1,339,340,341,-1,341,340,342,-1,341,342,343,-1,343,342,344,-1,343,344,345,-1,346,347,344,-1,344,347,345,-1,347,346,348,-1,347,348,349,-1,349,348,350,-1,349,350,351,-1,351,350,352,-1,351,352,353,-1,353,352,354,-1,353,354,355,-1,355,354,356,-1,355,356,357,-1,357,356,358,-1,357,358,359,-1,360,361,358,-1,358,361,359,-1,360,362,361,-1,361,362,363,-1,364,365,362,-1,362,365,363,-1,365,364,366,-1,366,364,367,-1,366,367,368,-1,368,367,369,-1,368,369,370,-1,370,369,371,-1,370,371,372,-1,372,371,373,-1,372,373,374,-1,374,373,375,-1,374,375,376,-1,376,375,377,-1,376,377,378,-1,378,377,379,-1,195,194,379,-1,379,194,378,-1,239,240,209,-1,237,239,225,-1,256,301,303,-1,301,256,299,-1,299,256,258,-1,299,258,297,-1,297,258,260,-1,297,260,262,-1,322,252,320,-1,320,252,254,-1,320,254,318,-1,303,305,256,-1,256,305,307,-1,256,307,309,-1,295,297,283,-1,283,297,281,-1,248,205,246,-1,246,205,207,-1,246,207,244,-1,244,207,209,-1,244,209,242,-1,242,209,240,-1,199,201,248,-1,248,201,203,-1,248,203,205,-1,370,250,368,-1,368,250,252,-1,368,252,366,-1,256,314,254,-1,254,314,316,-1,254,316,318,-1,262,264,297,-1,297,264,266,-1,297,266,281,-1,281,266,269,-1,225,239,223,-1,223,239,209,-1,223,209,211,-1,370,372,250,-1,250,372,374,-1,250,374,248,-1,248,374,376,-1,248,376,378,-1,309,311,256,-1,256,311,313,-1,256,313,314,-1,273,275,277,-1,215,217,219,-1,378,194,248,-1,248,194,197,-1,248,197,199,-1,361,252,347,-1,322,324,252,-1,252,324,326,-1,252,326,347,-1,269,271,281,-1,281,271,273,-1,281,273,279,-1,279,273,277,-1,211,213,223,-1,223,213,215,-1,223,215,221,-1,221,215,219,-1,361,363,252,-1,252,363,365,-1,252,365,366,-1,289,283,287,-1,287,283,285,-1,289,291,283,-1,283,291,293,-1,283,293,295,-1,231,225,229,-1,229,225,227,-1,231,233,225,-1,225,233,235,-1,225,235,237,-1,355,357,347,-1,347,357,359,-1,347,359,361,-1,326,329,347,-1,347,329,331,-1,347,331,345,-1,345,331,333,-1,345,333,335,-1,349,351,347,-1,347,351,353,-1,347,353,355,-1,335,337,339,-1,339,341,335,-1,335,341,343,-1,335,343,345,-1,373,371,251,-1,267,265,296,-1,243,241,208,-1,208,241,238,-1,249,204,202,-1,257,300,259,-1,259,300,298,-1,259,298,261,-1,261,298,296,-1,261,296,263,-1,263,296,265,-1,321,255,323,-1,323,255,253,-1,202,200,249,-1,249,200,198,-1,249,198,196,-1,204,249,206,-1,206,249,247,-1,206,247,208,-1,208,247,245,-1,208,245,243,-1,306,304,257,-1,257,304,302,-1,257,302,300,-1,321,319,255,-1,255,319,317,-1,255,317,257,-1,257,317,315,-1,257,315,312,-1,251,371,253,-1,253,371,369,-1,253,369,367,-1,238,224,208,-1,208,224,222,-1,208,222,210,-1,210,222,212,-1,296,282,267,-1,267,282,280,-1,267,280,268,-1,268,280,270,-1,312,310,257,-1,257,310,308,-1,257,308,306,-1,249,377,251,-1,251,377,375,-1,251,375,373,-1,196,195,249,-1,249,195,379,-1,249,379,377,-1,238,236,224,-1,224,236,234,-1,224,234,232,-1,232,230,224,-1,224,230,228,-1,224,228,226,-1,218,216,214,-1,296,294,282,-1,282,294,292,-1,282,292,290,-1,290,288,282,-1,282,288,286,-1,282,286,284,-1,276,274,272,-1,334,332,344,-1,344,332,330,-1,344,330,346,-1,330,328,346,-1,346,328,327,-1,346,327,253,-1,253,327,325,-1,253,325,323,-1,367,364,253,-1,253,364,362,-1,253,362,346,-1,346,362,360,-1,212,222,214,-1,214,222,220,-1,214,220,218,-1,270,280,272,-1,272,280,278,-1,272,278,276,-1,342,340,338,-1,342,338,344,-1,344,338,336,-1,344,336,334,-1,360,358,346,-1,346,358,356,-1,346,356,354,-1,354,352,346,-1,346,352,350,-1,346,350,348,-1,380,381,382,-1,380,382,383,-1,383,382,384,-1,383,384,385,-1,385,384,386,-1,385,386,387,-1,387,386,388,-1,387,388,389,-1,389,388,390,-1,389,390,391,-1,391,390,392,-1,391,392,393,-1,393,392,394,-1,393,394,395,-1,396,397,394,-1,394,397,395,-1,397,396,398,-1,397,398,399,-1,399,398,400,-1,399,400,401,-1,401,400,402,-1,401,402,403,-1,403,402,404,-1,403,404,405,-1,405,404,406,-1,405,406,407,-1,407,406,408,-1,407,408,409,-1,410,411,408,-1,408,411,409,-1,411,410,412,-1,411,412,413,-1,413,412,414,-1,413,414,415,-1,415,414,416,-1,415,416,417,-1,417,416,418,-1,417,418,419,-1,419,418,420,-1,419,420,421,-1,421,420,422,-1,421,422,423,-1,424,425,422,-1,422,425,423,-1,425,424,426,-1,426,424,427,-1,426,427,428,-1,428,427,429,-1,428,429,430,-1,430,429,431,-1,430,431,432,-1,432,431,433,-1,432,433,434,-1,434,433,435,-1,434,435,436,-1,436,435,437,-1,436,437,438,-1,438,437,439,-1,438,439,440,-1,440,439,441,-1,440,441,442,-1,442,441,443,-1,442,443,444,-1,444,443,445,-1,444,445,446,-1,446,445,447,-1,446,447,448,-1,448,447,449,-1,448,449,450,-1,450,449,451,-1,450,451,452,-1,452,451,453,-1,454,455,453,-1,453,455,452,-1,455,454,456,-1,455,456,457,-1,457,456,458,-1,457,458,459,-1,459,458,460,-1,459,460,461,-1,461,460,462,-1,461,462,463,-1,463,462,464,-1,463,464,465,-1,465,464,466,-1,465,466,467,-1,468,469,466,-1,466,469,467,-1,469,468,470,-1,469,470,471,-1,471,470,472,-1,471,472,473,-1,473,472,474,-1,473,474,475,-1,475,474,476,-1,475,476,477,-1,477,476,478,-1,477,478,479,-1,479,478,480,-1,479,480,481,-1,482,483,480,-1,480,483,481,-1,483,482,484,-1,483,484,485,-1,485,484,486,-1,485,486,487,-1,487,486,488,-1,487,488,489,-1,489,488,490,-1,489,490,491,-1,491,490,492,-1,491,492,493,-1,493,492,494,-1,493,494,495,-1,495,494,496,-1,495,496,497,-1,498,499,496,-1,496,499,497,-1,499,498,500,-1,500,498,501,-1,500,501,502,-1,502,501,503,-1,502,503,504,-1,504,503,505,-1,504,505,506,-1,506,505,507,-1,506,507,508,-1,508,507,509,-1,508,509,510,-1,510,509,511,-1,510,511,512,-1,512,511,513,-1,514,515,513,-1,513,515,512,-1,514,516,515,-1,515,516,517,-1,518,519,516,-1,516,519,517,-1,519,518,520,-1,519,520,521,-1,521,520,522,-1,521,522,523,-1,523,522,524,-1,523,524,525,-1,525,524,526,-1,525,526,527,-1,527,526,528,-1,527,528,529,-1,529,528,530,-1,529,530,531,-1,532,533,530,-1,530,533,531,-1,533,532,534,-1,533,534,535,-1,535,534,536,-1,535,536,537,-1,537,536,538,-1,537,538,539,-1,539,538,540,-1,539,540,541,-1,541,540,542,-1,541,542,543,-1,543,542,544,-1,543,544,545,-1,546,547,544,-1,544,547,545,-1,546,548,547,-1,547,548,549,-1,550,551,548,-1,548,551,549,-1,551,550,552,-1,552,550,553,-1,552,553,554,-1,554,553,555,-1,554,555,556,-1,556,555,557,-1,556,557,558,-1,558,557,559,-1,558,559,560,-1,560,559,561,-1,560,561,562,-1,562,561,563,-1,562,563,564,-1,564,563,565,-1,381,380,565,-1,565,380,564,-1,425,426,395,-1,423,425,411,-1,442,487,489,-1,487,442,485,-1,485,442,444,-1,485,444,483,-1,483,444,446,-1,483,446,448,-1,508,438,506,-1,506,438,440,-1,506,440,504,-1,489,491,442,-1,442,491,493,-1,442,493,495,-1,481,483,469,-1,469,483,467,-1,434,391,432,-1,432,391,393,-1,432,393,430,-1,430,393,395,-1,430,395,428,-1,428,395,426,-1,385,387,434,-1,434,387,389,-1,434,389,391,-1,556,436,554,-1,554,436,438,-1,554,438,552,-1,442,500,440,-1,440,500,502,-1,440,502,504,-1,448,450,483,-1,483,450,452,-1,483,452,467,-1,467,452,455,-1,411,425,409,-1,409,425,395,-1,409,395,397,-1,556,558,436,-1,436,558,560,-1,436,560,434,-1,434,560,562,-1,434,562,564,-1,495,497,442,-1,442,497,499,-1,442,499,500,-1,459,461,463,-1,401,403,405,-1,564,380,434,-1,434,380,383,-1,434,383,385,-1,547,438,533,-1,508,510,438,-1,438,510,512,-1,438,512,533,-1,455,457,467,-1,467,457,459,-1,467,459,465,-1,465,459,463,-1,397,399,409,-1,409,399,401,-1,409,401,407,-1,407,401,405,-1,547,549,438,-1,438,549,551,-1,438,551,552,-1,475,469,473,-1,473,469,471,-1,475,477,469,-1,469,477,479,-1,469,479,481,-1,417,411,415,-1,415,411,413,-1,417,419,411,-1,411,419,421,-1,411,421,423,-1,541,543,533,-1,533,543,545,-1,533,545,547,-1,512,515,533,-1,533,515,517,-1,533,517,531,-1,531,517,519,-1,531,519,521,-1,535,537,533,-1,533,537,539,-1,533,539,541,-1,521,523,525,-1,525,527,521,-1,521,527,529,-1,521,529,531,-1,559,557,437,-1,453,451,482,-1,429,427,394,-1,394,427,424,-1,435,390,388,-1,443,486,445,-1,445,486,484,-1,445,484,447,-1,447,484,482,-1,447,482,449,-1,449,482,451,-1,507,441,509,-1,509,441,439,-1,388,386,435,-1,435,386,384,-1,435,384,382,-1,390,435,392,-1,392,435,433,-1,392,433,394,-1,394,433,431,-1,394,431,429,-1,492,490,443,-1,443,490,488,-1,443,488,486,-1,507,505,441,-1,441,505,503,-1,441,503,443,-1,443,503,501,-1,443,501,498,-1,437,557,439,-1,439,557,555,-1,439,555,553,-1,424,410,394,-1,394,410,408,-1,394,408,396,-1,396,408,398,-1,482,468,453,-1,453,468,466,-1,453,466,454,-1,454,466,456,-1,498,496,443,-1,443,496,494,-1,443,494,492,-1,435,563,437,-1,437,563,561,-1,437,561,559,-1,382,381,435,-1,435,381,565,-1,435,565,563,-1,424,422,410,-1,410,422,420,-1,410,420,418,-1,418,416,410,-1,410,416,414,-1,410,414,412,-1,404,402,400,-1,482,480,468,-1,468,480,478,-1,468,478,476,-1,476,474,468,-1,468,474,472,-1,468,472,470,-1,462,460,458,-1,520,518,530,-1,530,518,516,-1,530,516,532,-1,516,514,532,-1,532,514,513,-1,532,513,439,-1,439,513,511,-1,439,511,509,-1,553,550,439,-1,439,550,548,-1,439,548,532,-1,532,548,546,-1,398,408,400,-1,400,408,406,-1,400,406,404,-1,456,466,458,-1,458,466,464,-1,458,464,462,-1,528,526,524,-1,528,524,530,-1,530,524,522,-1,530,522,520,-1,546,544,532,-1,532,544,542,-1,532,542,540,-1,540,538,532,-1,532,538,536,-1,532,536,534,-1,566,567,568,-1,566,568,569,-1,569,568,570,-1,569,570,571,-1,571,570,572,-1,571,572,573,-1,573,572,574,-1,573,574,575,-1,575,574,576,-1,575,576,577,-1,577,576,578,-1,577,578,579,-1,579,578,580,-1,579,580,581,-1,582,583,580,-1,580,583,581,-1,583,582,584,-1,583,584,585,-1,585,584,586,-1,585,586,587,-1,587,586,588,-1,587,588,589,-1,589,588,590,-1,589,590,591,-1,591,590,592,-1,591,592,593,-1,593,592,594,-1,593,594,595,-1,596,597,594,-1,594,597,595,-1,597,596,598,-1,597,598,599,-1,599,598,600,-1,599,600,601,-1,601,600,602,-1,601,602,603,-1,603,602,604,-1,603,604,605,-1,605,604,606,-1,605,606,607,-1,607,606,608,-1,607,608,609,-1,610,611,608,-1,608,611,609,-1,611,610,612,-1,612,610,613,-1,612,613,614,-1,614,613,615,-1,614,615,616,-1,616,615,617,-1,616,617,618,-1,618,617,619,-1,618,619,620,-1,620,619,621,-1,620,621,622,-1,622,621,623,-1,622,623,624,-1,624,623,625,-1,624,625,626,-1,626,625,627,-1,626,627,628,-1,628,627,629,-1,628,629,630,-1,630,629,631,-1,630,631,632,-1,632,631,633,-1,632,633,634,-1,634,633,635,-1,634,635,636,-1,636,635,637,-1,636,637,638,-1,638,637,639,-1,640,641,639,-1,639,641,638,-1,641,640,642,-1,641,642,643,-1,643,642,644,-1,643,644,645,-1,645,644,646,-1,645,646,647,-1,647,646,648,-1,647,648,649,-1,649,648,650,-1,649,650,651,-1,651,650,652,-1,651,652,653,-1,654,655,652,-1,652,655,653,-1,655,654,656,-1,655,656,657,-1,657,656,658,-1,657,658,659,-1,659,658,660,-1,659,660,661,-1,661,660,662,-1,661,662,663,-1,663,662,664,-1,663,664,665,-1,665,664,666,-1,665,666,667,-1,668,669,666,-1,666,669,667,-1,669,668,670,-1,669,670,671,-1,671,670,672,-1,671,672,673,-1,673,672,674,-1,673,674,675,-1,675,674,676,-1,675,676,677,-1,677,676,678,-1,677,678,679,-1,679,678,680,-1,679,680,681,-1,681,680,682,-1,681,682,683,-1,684,685,682,-1,682,685,683,-1,685,684,686,-1,686,684,687,-1,686,687,688,-1,688,687,689,-1,688,689,690,-1,690,689,691,-1,690,691,692,-1,692,691,693,-1,692,693,694,-1,694,693,695,-1,694,695,696,-1,696,695,697,-1,696,697,698,-1,698,697,699,-1,700,701,699,-1,699,701,698,-1,700,702,701,-1,701,702,703,-1,704,705,702,-1,702,705,703,-1,705,704,706,-1,705,706,707,-1,707,706,708,-1,707,708,709,-1,709,708,710,-1,709,710,711,-1,711,710,712,-1,711,712,713,-1,713,712,714,-1,713,714,715,-1,715,714,716,-1,715,716,717,-1,718,719,716,-1,716,719,717,-1,719,718,720,-1,719,720,721,-1,721,720,722,-1,721,722,723,-1,723,722,724,-1,723,724,725,-1,725,724,726,-1,725,726,727,-1,727,726,728,-1,727,728,729,-1,729,728,730,-1,729,730,731,-1,732,733,730,-1,730,733,731,-1,732,734,733,-1,733,734,735,-1,736,737,734,-1,734,737,735,-1,737,736,738,-1,738,736,739,-1,738,739,740,-1,740,739,741,-1,740,741,742,-1,742,741,743,-1,742,743,744,-1,744,743,745,-1,744,745,746,-1,746,745,747,-1,746,747,748,-1,748,747,749,-1,748,749,750,-1,750,749,751,-1,567,566,751,-1,751,566,750,-1,611,612,581,-1,609,611,597,-1,628,673,675,-1,673,628,671,-1,671,628,630,-1,671,630,669,-1,669,630,632,-1,669,632,634,-1,694,624,692,-1,692,624,626,-1,692,626,690,-1,675,677,628,-1,628,677,679,-1,628,679,681,-1,667,669,655,-1,655,669,653,-1,620,577,618,-1,618,577,579,-1,618,579,616,-1,616,579,581,-1,616,581,614,-1,614,581,612,-1,571,573,620,-1,620,573,575,-1,620,575,577,-1,742,622,740,-1,740,622,624,-1,740,624,738,-1,628,686,626,-1,626,686,688,-1,626,688,690,-1,634,636,669,-1,669,636,638,-1,669,638,653,-1,653,638,641,-1,597,611,595,-1,595,611,581,-1,595,581,583,-1,742,744,622,-1,622,744,746,-1,622,746,620,-1,620,746,748,-1,620,748,750,-1,681,683,628,-1,628,683,685,-1,628,685,686,-1,645,647,649,-1,587,589,591,-1,750,566,620,-1,620,566,569,-1,620,569,571,-1,733,624,719,-1,694,696,624,-1,624,696,698,-1,624,698,719,-1,641,643,653,-1,653,643,645,-1,653,645,651,-1,651,645,649,-1,583,585,595,-1,595,585,587,-1,595,587,593,-1,593,587,591,-1,733,735,624,-1,624,735,737,-1,624,737,738,-1,661,655,659,-1,659,655,657,-1,661,663,655,-1,655,663,665,-1,655,665,667,-1,603,597,601,-1,601,597,599,-1,603,605,597,-1,597,605,607,-1,597,607,609,-1,727,729,719,-1,719,729,731,-1,719,731,733,-1,698,701,719,-1,719,701,703,-1,719,703,717,-1,717,703,705,-1,717,705,707,-1,721,723,719,-1,719,723,725,-1,719,725,727,-1,707,709,711,-1,711,713,707,-1,707,713,715,-1,707,715,717,-1,745,743,623,-1,639,637,668,-1,615,613,580,-1,580,613,610,-1,621,576,574,-1,629,672,631,-1,631,672,670,-1,631,670,633,-1,633,670,668,-1,633,668,635,-1,635,668,637,-1,693,627,695,-1,695,627,625,-1,574,572,621,-1,621,572,570,-1,621,570,568,-1,576,621,578,-1,578,621,619,-1,578,619,580,-1,580,619,617,-1,580,617,615,-1,678,676,629,-1,629,676,674,-1,629,674,672,-1,693,691,627,-1,627,691,689,-1,627,689,629,-1,629,689,687,-1,629,687,684,-1,623,743,625,-1,625,743,741,-1,625,741,739,-1,610,596,580,-1,580,596,594,-1,580,594,582,-1,582,594,584,-1,668,654,639,-1,639,654,652,-1,639,652,640,-1,640,652,642,-1,684,682,629,-1,629,682,680,-1,629,680,678,-1,621,749,623,-1,623,749,747,-1,623,747,745,-1,568,567,621,-1,621,567,751,-1,621,751,749,-1,610,608,596,-1,596,608,606,-1,596,606,604,-1,604,602,596,-1,596,602,600,-1,596,600,598,-1,590,588,586,-1,668,666,654,-1,654,666,664,-1,654,664,662,-1,662,660,654,-1,654,660,658,-1,654,658,656,-1,648,646,644,-1,706,704,716,-1,716,704,702,-1,716,702,718,-1,702,700,718,-1,718,700,699,-1,718,699,625,-1,625,699,697,-1,625,697,695,-1,739,736,625,-1,625,736,734,-1,625,734,718,-1,718,734,732,-1,584,594,586,-1,586,594,592,-1,586,592,590,-1,642,652,644,-1,644,652,650,-1,644,650,648,-1,714,712,710,-1,714,710,716,-1,716,710,708,-1,716,708,706,-1,732,730,718,-1,718,730,728,-1,718,728,726,-1,726,724,718,-1,718,724,722,-1,718,722,720,-1,752,753,754,-1,752,754,755,-1,755,754,756,-1,755,756,757,-1,757,756,758,-1,757,758,759,-1,759,758,760,-1,759,760,761,-1,761,760,762,-1,761,762,763,-1,763,762,764,-1,763,764,765,-1,765,764,766,-1,765,766,767,-1,768,769,766,-1,766,769,767,-1,769,768,770,-1,769,770,771,-1,771,770,772,-1,771,772,773,-1,773,772,774,-1,773,774,775,-1,775,774,776,-1,775,776,777,-1,777,776,778,-1,777,778,779,-1,779,778,780,-1,779,780,781,-1,782,783,780,-1,780,783,781,-1,783,782,784,-1,783,784,785,-1,785,784,786,-1,785,786,787,-1,787,786,788,-1,787,788,789,-1,789,788,790,-1,789,790,791,-1,791,790,792,-1,791,792,793,-1,793,792,794,-1,793,794,795,-1,796,797,794,-1,794,797,795,-1,797,796,798,-1,798,796,799,-1,798,799,800,-1,800,799,801,-1,800,801,802,-1,802,801,803,-1,802,803,804,-1,804,803,805,-1,804,805,806,-1,806,805,807,-1,806,807,808,-1,808,807,809,-1,808,809,810,-1,810,809,811,-1,810,811,812,-1,812,811,813,-1,812,813,814,-1,814,813,815,-1,814,815,816,-1,816,815,817,-1,816,817,818,-1,818,817,819,-1,818,819,820,-1,820,819,821,-1,820,821,822,-1,822,821,823,-1,822,823,824,-1,824,823,825,-1,826,827,825,-1,825,827,824,-1,827,826,828,-1,827,828,829,-1,829,828,830,-1,829,830,831,-1,831,830,832,-1,831,832,833,-1,833,832,834,-1,833,834,835,-1,835,834,836,-1,835,836,837,-1,837,836,838,-1,837,838,839,-1,840,841,838,-1,838,841,839,-1,841,840,842,-1,841,842,843,-1,843,842,844,-1,843,844,845,-1,845,844,846,-1,845,846,847,-1,847,846,848,-1,847,848,849,-1,849,848,850,-1,849,850,851,-1,851,850,852,-1,851,852,853,-1,854,855,852,-1,852,855,853,-1,855,854,856,-1,855,856,857,-1,857,856,858,-1,857,858,859,-1,859,858,860,-1,859,860,861,-1,861,860,862,-1,861,862,863,-1,863,862,864,-1,863,864,865,-1,865,864,866,-1,865,866,867,-1,867,866,868,-1,867,868,869,-1,870,871,868,-1,868,871,869,-1,871,870,872,-1,872,870,873,-1,872,873,874,-1,874,873,875,-1,874,875,876,-1,876,875,877,-1,876,877,878,-1,878,877,879,-1,878,879,880,-1,880,879,881,-1,880,881,882,-1,882,881,883,-1,882,883,884,-1,884,883,885,-1,886,887,885,-1,885,887,884,-1,886,888,887,-1,887,888,889,-1,890,891,888,-1,888,891,889,-1,891,890,892,-1,891,892,893,-1,893,892,894,-1,893,894,895,-1,895,894,896,-1,895,896,897,-1,897,896,898,-1,897,898,899,-1,899,898,900,-1,899,900,901,-1,901,900,902,-1,901,902,903,-1,904,905,902,-1,902,905,903,-1,905,904,906,-1,905,906,907,-1,907,906,908,-1,907,908,909,-1,909,908,910,-1,909,910,911,-1,911,910,912,-1,911,912,913,-1,913,912,914,-1,913,914,915,-1,915,914,916,-1,915,916,917,-1,918,919,916,-1,916,919,917,-1,918,920,919,-1,919,920,921,-1,922,923,920,-1,920,923,921,-1,923,922,924,-1,924,922,925,-1,924,925,926,-1,926,925,927,-1,926,927,928,-1,928,927,929,-1,928,929,930,-1,930,929,931,-1,930,931,932,-1,932,931,933,-1,932,933,934,-1,934,933,935,-1,934,935,936,-1,936,935,937,-1,753,752,937,-1,937,752,936,-1,797,798,767,-1,795,797,783,-1,814,859,861,-1,859,814,857,-1,857,814,816,-1,857,816,855,-1,855,816,818,-1,855,818,820,-1,880,810,878,-1,878,810,812,-1,878,812,876,-1,861,863,814,-1,814,863,865,-1,814,865,867,-1,853,855,841,-1,841,855,839,-1,806,763,804,-1,804,763,765,-1,804,765,802,-1,802,765,767,-1,802,767,800,-1,800,767,798,-1,757,759,806,-1,806,759,761,-1,806,761,763,-1,928,808,926,-1,926,808,810,-1,926,810,924,-1,814,872,812,-1,812,872,874,-1,812,874,876,-1,820,822,855,-1,855,822,824,-1,855,824,839,-1,839,824,827,-1,783,797,781,-1,781,797,767,-1,781,767,769,-1,928,930,808,-1,808,930,932,-1,808,932,806,-1,806,932,934,-1,806,934,936,-1,867,869,814,-1,814,869,871,-1,814,871,872,-1,831,833,835,-1,773,775,777,-1,936,752,806,-1,806,752,755,-1,806,755,757,-1,919,810,905,-1,880,882,810,-1,810,882,884,-1,810,884,905,-1,827,829,839,-1,839,829,831,-1,839,831,837,-1,837,831,835,-1,769,771,781,-1,781,771,773,-1,781,773,779,-1,779,773,777,-1,919,921,810,-1,810,921,923,-1,810,923,924,-1,847,841,845,-1,845,841,843,-1,847,849,841,-1,841,849,851,-1,841,851,853,-1,789,783,787,-1,787,783,785,-1,789,791,783,-1,783,791,793,-1,783,793,795,-1,913,915,905,-1,905,915,917,-1,905,917,919,-1,884,887,905,-1,905,887,889,-1,905,889,903,-1,903,889,891,-1,903,891,893,-1,907,909,905,-1,905,909,911,-1,905,911,913,-1,893,895,897,-1,897,899,893,-1,893,899,901,-1,893,901,903,-1,931,929,809,-1,825,823,854,-1,801,799,766,-1,766,799,796,-1,807,762,760,-1,815,858,817,-1,817,858,856,-1,817,856,819,-1,819,856,854,-1,819,854,821,-1,821,854,823,-1,879,813,881,-1,881,813,811,-1,760,758,807,-1,807,758,756,-1,807,756,754,-1,762,807,764,-1,764,807,805,-1,764,805,766,-1,766,805,803,-1,766,803,801,-1,864,862,815,-1,815,862,860,-1,815,860,858,-1,879,877,813,-1,813,877,875,-1,813,875,815,-1,815,875,873,-1,815,873,870,-1,809,929,811,-1,811,929,927,-1,811,927,925,-1,796,782,766,-1,766,782,780,-1,766,780,768,-1,768,780,770,-1,854,840,825,-1,825,840,838,-1,825,838,826,-1,826,838,828,-1,870,868,815,-1,815,868,866,-1,815,866,864,-1,807,935,809,-1,809,935,933,-1,809,933,931,-1,754,753,807,-1,807,753,937,-1,807,937,935,-1,796,794,782,-1,782,794,792,-1,782,792,790,-1,790,788,782,-1,782,788,786,-1,782,786,784,-1,776,774,772,-1,854,852,840,-1,840,852,850,-1,840,850,848,-1,848,846,840,-1,840,846,844,-1,840,844,842,-1,834,832,830,-1,892,890,902,-1,902,890,888,-1,902,888,904,-1,888,886,904,-1,904,886,885,-1,904,885,811,-1,811,885,883,-1,811,883,881,-1,925,922,811,-1,811,922,920,-1,811,920,904,-1,904,920,918,-1,770,780,772,-1,772,780,778,-1,772,778,776,-1,828,838,830,-1,830,838,836,-1,830,836,834,-1,900,898,896,-1,900,896,902,-1,902,896,894,-1,902,894,892,-1,918,916,904,-1,904,916,914,-1,904,914,912,-1,912,910,904,-1,904,910,908,-1,904,908,906,-1,938,939,940,-1,938,940,941,-1,941,940,942,-1,941,942,943,-1,943,942,944,-1,943,944,945,-1,945,944,946,-1,945,946,947,-1,947,946,948,-1,947,948,949,-1,949,948,950,-1,949,950,951,-1,951,950,952,-1,951,952,953,-1,954,955,952,-1,952,955,953,-1,955,954,956,-1,955,956,957,-1,957,956,958,-1,957,958,959,-1,959,958,960,-1,959,960,961,-1,961,960,962,-1,961,962,963,-1,963,962,964,-1,963,964,965,-1,965,964,966,-1,965,966,967,-1,968,969,966,-1,966,969,967,-1,969,968,970,-1,969,970,971,-1,971,970,972,-1,971,972,973,-1,973,972,974,-1,973,974,975,-1,975,974,976,-1,975,976,977,-1,977,976,978,-1,977,978,979,-1,979,978,980,-1,979,980,981,-1,982,983,980,-1,980,983,981,-1,983,982,984,-1,984,982,985,-1,984,985,986,-1,986,985,987,-1,986,987,988,-1,988,987,989,-1,988,989,990,-1,990,989,991,-1,990,991,992,-1,992,991,993,-1,992,993,994,-1,994,993,995,-1,994,995,996,-1,996,995,997,-1,996,997,998,-1,998,997,999,-1,998,999,1000,-1,1000,999,1001,-1,1000,1001,1002,-1,1002,1001,1003,-1,1002,1003,1004,-1,1004,1003,1005,-1,1004,1005,1006,-1,1006,1005,1007,-1,1006,1007,1008,-1,1008,1007,1009,-1,1008,1009,1010,-1,1010,1009,1011,-1,1012,1013,1011,-1,1011,1013,1010,-1,1013,1012,1014,-1,1013,1014,1015,-1,1015,1014,1016,-1,1015,1016,1017,-1,1017,1016,1018,-1,1017,1018,1019,-1,1019,1018,1020,-1,1019,1020,1021,-1,1021,1020,1022,-1,1021,1022,1023,-1,1023,1022,1024,-1,1023,1024,1025,-1,1026,1027,1024,-1,1024,1027,1025,-1,1027,1026,1028,-1,1027,1028,1029,-1,1029,1028,1030,-1,1029,1030,1031,-1,1031,1030,1032,-1,1031,1032,1033,-1,1033,1032,1034,-1,1033,1034,1035,-1,1035,1034,1036,-1,1035,1036,1037,-1,1037,1036,1038,-1,1037,1038,1039,-1,1040,1041,1038,-1,1038,1041,1039,-1,1041,1040,1042,-1,1041,1042,1043,-1,1043,1042,1044,-1,1043,1044,1045,-1,1045,1044,1046,-1,1045,1046,1047,-1,1047,1046,1048,-1,1047,1048,1049,-1,1049,1048,1050,-1,1049,1050,1051,-1,1051,1050,1052,-1,1051,1052,1053,-1,1053,1052,1054,-1,1053,1054,1055,-1,1056,1057,1054,-1,1054,1057,1055,-1,1057,1056,1058,-1,1058,1056,1059,-1,1058,1059,1060,-1,1060,1059,1061,-1,1060,1061,1062,-1,1062,1061,1063,-1,1062,1063,1064,-1,1064,1063,1065,-1,1064,1065,1066,-1,1066,1065,1067,-1,1066,1067,1068,-1,1068,1067,1069,-1,1068,1069,1070,-1,1070,1069,1071,-1,1072,1073,1071,-1,1071,1073,1070,-1,1072,1074,1073,-1,1073,1074,1075,-1,1076,1077,1074,-1,1074,1077,1075,-1,1077,1076,1078,-1,1077,1078,1079,-1,1079,1078,1080,-1,1079,1080,1081,-1,1081,1080,1082,-1,1081,1082,1083,-1,1083,1082,1084,-1,1083,1084,1085,-1,1085,1084,1086,-1,1085,1086,1087,-1,1087,1086,1088,-1,1087,1088,1089,-1,1090,1091,1088,-1,1088,1091,1089,-1,1091,1090,1092,-1,1091,1092,1093,-1,1093,1092,1094,-1,1093,1094,1095,-1,1095,1094,1096,-1,1095,1096,1097,-1,1097,1096,1098,-1,1097,1098,1099,-1,1099,1098,1100,-1,1099,1100,1101,-1,1101,1100,1102,-1,1101,1102,1103,-1,1104,1105,1102,-1,1102,1105,1103,-1,1104,1106,1105,-1,1105,1106,1107,-1,1108,1109,1106,-1,1106,1109,1107,-1,1109,1108,1110,-1,1110,1108,1111,-1,1110,1111,1112,-1,1112,1111,1113,-1,1112,1113,1114,-1,1114,1113,1115,-1,1114,1115,1116,-1,1116,1115,1117,-1,1116,1117,1118,-1,1118,1117,1119,-1,1118,1119,1120,-1,1120,1119,1121,-1,1120,1121,1122,-1,1122,1121,1123,-1,939,938,1123,-1,1123,938,1122,-1,983,984,953,-1,981,983,969,-1,1000,1045,1047,-1,1045,1000,1043,-1,1043,1000,1002,-1,1043,1002,1041,-1,1041,1002,1004,-1,1041,1004,1006,-1,1066,996,1064,-1,1064,996,998,-1,1064,998,1062,-1,1047,1049,1000,-1,1000,1049,1051,-1,1000,1051,1053,-1,1039,1041,1027,-1,1027,1041,1025,-1,992,949,990,-1,990,949,951,-1,990,951,988,-1,988,951,953,-1,988,953,986,-1,986,953,984,-1,943,945,992,-1,992,945,947,-1,992,947,949,-1,1114,994,1112,-1,1112,994,996,-1,1112,996,1110,-1,1000,1058,998,-1,998,1058,1060,-1,998,1060,1062,-1,1006,1008,1041,-1,1041,1008,1010,-1,1041,1010,1025,-1,1025,1010,1013,-1,969,983,967,-1,967,983,953,-1,967,953,955,-1,1114,1116,994,-1,994,1116,1118,-1,994,1118,992,-1,992,1118,1120,-1,992,1120,1122,-1,1053,1055,1000,-1,1000,1055,1057,-1,1000,1057,1058,-1,1017,1019,1021,-1,959,961,963,-1,1122,938,992,-1,992,938,941,-1,992,941,943,-1,1105,996,1091,-1,1066,1068,996,-1,996,1068,1070,-1,996,1070,1091,-1,1013,1015,1025,-1,1025,1015,1017,-1,1025,1017,1023,-1,1023,1017,1021,-1,955,957,967,-1,967,957,959,-1,967,959,965,-1,965,959,963,-1,1105,1107,996,-1,996,1107,1109,-1,996,1109,1110,-1,1033,1027,1031,-1,1031,1027,1029,-1,1033,1035,1027,-1,1027,1035,1037,-1,1027,1037,1039,-1,975,969,973,-1,973,969,971,-1,975,977,969,-1,969,977,979,-1,969,979,981,-1,1099,1101,1091,-1,1091,1101,1103,-1,1091,1103,1105,-1,1070,1073,1091,-1,1091,1073,1075,-1,1091,1075,1089,-1,1089,1075,1077,-1,1089,1077,1079,-1,1093,1095,1091,-1,1091,1095,1097,-1,1091,1097,1099,-1,1079,1081,1083,-1,1083,1085,1079,-1,1079,1085,1087,-1,1079,1087,1089,-1,1117,1115,995,-1,1011,1009,1040,-1,987,985,952,-1,952,985,982,-1,993,948,946,-1,1001,1044,1003,-1,1003,1044,1042,-1,1003,1042,1005,-1,1005,1042,1040,-1,1005,1040,1007,-1,1007,1040,1009,-1,1065,999,1067,-1,1067,999,997,-1,946,944,993,-1,993,944,942,-1,993,942,940,-1,948,993,950,-1,950,993,991,-1,950,991,952,-1,952,991,989,-1,952,989,987,-1,1050,1048,1001,-1,1001,1048,1046,-1,1001,1046,1044,-1,1065,1063,999,-1,999,1063,1061,-1,999,1061,1001,-1,1001,1061,1059,-1,1001,1059,1056,-1,995,1115,997,-1,997,1115,1113,-1,997,1113,1111,-1,982,968,952,-1,952,968,966,-1,952,966,954,-1,954,966,956,-1,1040,1026,1011,-1,1011,1026,1024,-1,1011,1024,1012,-1,1012,1024,1014,-1,1056,1054,1001,-1,1001,1054,1052,-1,1001,1052,1050,-1,993,1121,995,-1,995,1121,1119,-1,995,1119,1117,-1,940,939,993,-1,993,939,1123,-1,993,1123,1121,-1,982,980,968,-1,968,980,978,-1,968,978,976,-1,976,974,968,-1,968,974,972,-1,968,972,970,-1,962,960,958,-1,1040,1038,1026,-1,1026,1038,1036,-1,1026,1036,1034,-1,1034,1032,1026,-1,1026,1032,1030,-1,1026,1030,1028,-1,1020,1018,1016,-1,1078,1076,1088,-1,1088,1076,1074,-1,1088,1074,1090,-1,1074,1072,1090,-1,1090,1072,1071,-1,1090,1071,997,-1,997,1071,1069,-1,997,1069,1067,-1,1111,1108,997,-1,997,1108,1106,-1,997,1106,1090,-1,1090,1106,1104,-1,956,966,958,-1,958,966,964,-1,958,964,962,-1,1014,1024,1016,-1,1016,1024,1022,-1,1016,1022,1020,-1,1086,1084,1082,-1,1086,1082,1088,-1,1088,1082,1080,-1,1088,1080,1078,-1,1104,1102,1090,-1,1090,1102,1100,-1,1090,1100,1098,-1,1098,1096,1090,-1,1090,1096,1094,-1,1090,1094,1092,-1,1124,1125,1126,-1,1124,1126,1127,-1,1127,1126,1128,-1,1127,1128,1129,-1,1129,1128,1130,-1,1129,1130,1131,-1,1131,1130,1132,-1,1131,1132,1133,-1,1133,1132,1134,-1,1133,1134,1135,-1,1135,1134,1136,-1,1135,1136,1137,-1,1137,1136,1138,-1,1137,1138,1139,-1,1140,1141,1138,-1,1138,1141,1139,-1,1141,1140,1142,-1,1141,1142,1143,-1,1143,1142,1144,-1,1143,1144,1145,-1,1145,1144,1146,-1,1145,1146,1147,-1,1147,1146,1148,-1,1147,1148,1149,-1,1149,1148,1150,-1,1149,1150,1151,-1,1151,1150,1152,-1,1151,1152,1153,-1,1154,1155,1152,-1,1152,1155,1153,-1,1155,1154,1156,-1,1155,1156,1157,-1,1157,1156,1158,-1,1157,1158,1159,-1,1159,1158,1160,-1,1159,1160,1161,-1,1161,1160,1162,-1,1161,1162,1163,-1,1163,1162,1164,-1,1163,1164,1165,-1,1165,1164,1166,-1,1165,1166,1167,-1,1168,1169,1166,-1,1166,1169,1167,-1,1169,1168,1170,-1,1170,1168,1171,-1,1170,1171,1172,-1,1172,1171,1173,-1,1172,1173,1174,-1,1174,1173,1175,-1,1174,1175,1176,-1,1176,1175,1177,-1,1176,1177,1178,-1,1178,1177,1179,-1,1178,1179,1180,-1,1180,1179,1181,-1,1180,1181,1182,-1,1182,1181,1183,-1,1182,1183,1184,-1,1184,1183,1185,-1,1184,1185,1186,-1,1186,1185,1187,-1,1186,1187,1188,-1,1188,1187,1189,-1,1188,1189,1190,-1,1190,1189,1191,-1,1190,1191,1192,-1,1192,1191,1193,-1,1192,1193,1194,-1,1194,1193,1195,-1,1194,1195,1196,-1,1196,1195,1197,-1,1198,1199,1197,-1,1197,1199,1196,-1,1199,1198,1200,-1,1199,1200,1201,-1,1201,1200,1202,-1,1201,1202,1203,-1,1203,1202,1204,-1,1203,1204,1205,-1,1205,1204,1206,-1,1205,1206,1207,-1,1207,1206,1208,-1,1207,1208,1209,-1,1209,1208,1210,-1,1209,1210,1211,-1,1212,1213,1210,-1,1210,1213,1211,-1,1213,1212,1214,-1,1213,1214,1215,-1,1215,1214,1216,-1,1215,1216,1217,-1,1217,1216,1218,-1,1217,1218,1219,-1,1219,1218,1220,-1,1219,1220,1221,-1,1221,1220,1222,-1,1221,1222,1223,-1,1223,1222,1224,-1,1223,1224,1225,-1,1226,1227,1224,-1,1224,1227,1225,-1,1227,1226,1228,-1,1227,1228,1229,-1,1229,1228,1230,-1,1229,1230,1231,-1,1231,1230,1232,-1,1231,1232,1233,-1,1233,1232,1234,-1,1233,1234,1235,-1,1235,1234,1236,-1,1235,1236,1237,-1,1237,1236,1238,-1,1237,1238,1239,-1,1239,1238,1240,-1,1239,1240,1241,-1,1242,1243,1240,-1,1240,1243,1241,-1,1243,1242,1244,-1,1244,1242,1245,-1,1244,1245,1246,-1,1246,1245,1247,-1,1246,1247,1248,-1,1248,1247,1249,-1,1248,1249,1250,-1,1250,1249,1251,-1,1250,1251,1252,-1,1252,1251,1253,-1,1252,1253,1254,-1,1254,1253,1255,-1,1254,1255,1256,-1,1256,1255,1257,-1,1258,1259,1257,-1,1257,1259,1256,-1,1258,1260,1259,-1,1259,1260,1261,-1,1262,1263,1260,-1,1260,1263,1261,-1,1263,1262,1264,-1,1263,1264,1265,-1,1265,1264,1266,-1,1265,1266,1267,-1,1267,1266,1268,-1,1267,1268,1269,-1,1269,1268,1270,-1,1269,1270,1271,-1,1271,1270,1272,-1,1271,1272,1273,-1,1273,1272,1274,-1,1273,1274,1275,-1,1276,1277,1274,-1,1274,1277,1275,-1,1277,1276,1278,-1,1277,1278,1279,-1,1279,1278,1280,-1,1279,1280,1281,-1,1281,1280,1282,-1,1281,1282,1283,-1,1283,1282,1284,-1,1283,1284,1285,-1,1285,1284,1286,-1,1285,1286,1287,-1,1287,1286,1288,-1,1287,1288,1289,-1,1290,1291,1288,-1,1288,1291,1289,-1,1290,1292,1291,-1,1291,1292,1293,-1,1294,1295,1292,-1,1292,1295,1293,-1,1295,1294,1296,-1,1296,1294,1297,-1,1296,1297,1298,-1,1298,1297,1299,-1,1298,1299,1300,-1,1300,1299,1301,-1,1300,1301,1302,-1,1302,1301,1303,-1,1302,1303,1304,-1,1304,1303,1305,-1,1304,1305,1306,-1,1306,1305,1307,-1,1306,1307,1308,-1,1308,1307,1309,-1,1125,1124,1309,-1,1309,1124,1308,-1,1169,1170,1139,-1,1167,1169,1155,-1,1186,1231,1233,-1,1231,1186,1229,-1,1229,1186,1188,-1,1229,1188,1227,-1,1227,1188,1190,-1,1227,1190,1192,-1,1252,1182,1250,-1,1250,1182,1184,-1,1250,1184,1248,-1,1233,1235,1186,-1,1186,1235,1237,-1,1186,1237,1239,-1,1225,1227,1213,-1,1213,1227,1211,-1,1178,1135,1176,-1,1176,1135,1137,-1,1176,1137,1174,-1,1174,1137,1139,-1,1174,1139,1172,-1,1172,1139,1170,-1,1129,1131,1178,-1,1178,1131,1133,-1,1178,1133,1135,-1,1300,1180,1298,-1,1298,1180,1182,-1,1298,1182,1296,-1,1186,1244,1184,-1,1184,1244,1246,-1,1184,1246,1248,-1,1192,1194,1227,-1,1227,1194,1196,-1,1227,1196,1211,-1,1211,1196,1199,-1,1155,1169,1153,-1,1153,1169,1139,-1,1153,1139,1141,-1,1300,1302,1180,-1,1180,1302,1304,-1,1180,1304,1178,-1,1178,1304,1306,-1,1178,1306,1308,-1,1239,1241,1186,-1,1186,1241,1243,-1,1186,1243,1244,-1,1203,1205,1207,-1,1145,1147,1149,-1,1308,1124,1178,-1,1178,1124,1127,-1,1178,1127,1129,-1,1291,1182,1277,-1,1252,1254,1182,-1,1182,1254,1256,-1,1182,1256,1277,-1,1199,1201,1211,-1,1211,1201,1203,-1,1211,1203,1209,-1,1209,1203,1207,-1,1141,1143,1153,-1,1153,1143,1145,-1,1153,1145,1151,-1,1151,1145,1149,-1,1291,1293,1182,-1,1182,1293,1295,-1,1182,1295,1296,-1,1219,1213,1217,-1,1217,1213,1215,-1,1219,1221,1213,-1,1213,1221,1223,-1,1213,1223,1225,-1,1161,1155,1159,-1,1159,1155,1157,-1,1161,1163,1155,-1,1155,1163,1165,-1,1155,1165,1167,-1,1285,1287,1277,-1,1277,1287,1289,-1,1277,1289,1291,-1,1256,1259,1277,-1,1277,1259,1261,-1,1277,1261,1275,-1,1275,1261,1263,-1,1275,1263,1265,-1,1279,1281,1277,-1,1277,1281,1283,-1,1277,1283,1285,-1,1265,1267,1269,-1,1269,1271,1265,-1,1265,1271,1273,-1,1265,1273,1275,-1,1303,1301,1181,-1,1197,1195,1226,-1,1173,1171,1138,-1,1138,1171,1168,-1,1179,1134,1132,-1,1187,1230,1189,-1,1189,1230,1228,-1,1189,1228,1191,-1,1191,1228,1226,-1,1191,1226,1193,-1,1193,1226,1195,-1,1251,1185,1253,-1,1253,1185,1183,-1,1132,1130,1179,-1,1179,1130,1128,-1,1179,1128,1126,-1,1134,1179,1136,-1,1136,1179,1177,-1,1136,1177,1138,-1,1138,1177,1175,-1,1138,1175,1173,-1,1236,1234,1187,-1,1187,1234,1232,-1,1187,1232,1230,-1,1251,1249,1185,-1,1185,1249,1247,-1,1185,1247,1187,-1,1187,1247,1245,-1,1187,1245,1242,-1,1181,1301,1183,-1,1183,1301,1299,-1,1183,1299,1297,-1,1168,1154,1138,-1,1138,1154,1152,-1,1138,1152,1140,-1,1140,1152,1142,-1,1226,1212,1197,-1,1197,1212,1210,-1,1197,1210,1198,-1,1198,1210,1200,-1,1242,1240,1187,-1,1187,1240,1238,-1,1187,1238,1236,-1,1179,1307,1181,-1,1181,1307,1305,-1,1181,1305,1303,-1,1126,1125,1179,-1,1179,1125,1309,-1,1179,1309,1307,-1,1168,1166,1154,-1,1154,1166,1164,-1,1154,1164,1162,-1,1162,1160,1154,-1,1154,1160,1158,-1,1154,1158,1156,-1,1148,1146,1144,-1,1226,1224,1212,-1,1212,1224,1222,-1,1212,1222,1220,-1,1220,1218,1212,-1,1212,1218,1216,-1,1212,1216,1214,-1,1206,1204,1202,-1,1264,1262,1274,-1,1274,1262,1260,-1,1274,1260,1276,-1,1260,1258,1276,-1,1276,1258,1257,-1,1276,1257,1183,-1,1183,1257,1255,-1,1183,1255,1253,-1,1297,1294,1183,-1,1183,1294,1292,-1,1183,1292,1276,-1,1276,1292,1290,-1,1142,1152,1144,-1,1144,1152,1150,-1,1144,1150,1148,-1,1200,1210,1202,-1,1202,1210,1208,-1,1202,1208,1206,-1,1272,1270,1268,-1,1272,1268,1274,-1,1274,1268,1266,-1,1274,1266,1264,-1,1290,1288,1276,-1,1276,1288,1286,-1,1276,1286,1284,-1,1284,1282,1276,-1,1276,1282,1280,-1,1276,1280,1278,-1,1310,1311,1312,-1,1310,1312,1313,-1,1313,1312,1314,-1,1313,1314,1315,-1,1315,1314,1316,-1,1315,1316,1317,-1,1317,1316,1318,-1,1317,1318,1319,-1,1319,1318,1320,-1,1319,1320,1321,-1,1321,1320,1322,-1,1321,1322,1323,-1,1323,1322,1324,-1,1323,1324,1325,-1,1326,1327,1324,-1,1324,1327,1325,-1,1327,1326,1328,-1,1327,1328,1329,-1,1329,1328,1330,-1,1329,1330,1331,-1,1331,1330,1332,-1,1331,1332,1333,-1,1333,1332,1334,-1,1333,1334,1335,-1,1335,1334,1336,-1,1335,1336,1337,-1,1337,1336,1338,-1,1337,1338,1339,-1,1340,1341,1338,-1,1338,1341,1339,-1,1341,1340,1342,-1,1341,1342,1343,-1,1343,1342,1344,-1,1343,1344,1345,-1,1345,1344,1346,-1,1345,1346,1347,-1,1347,1346,1348,-1,1347,1348,1349,-1,1349,1348,1350,-1,1349,1350,1351,-1,1351,1350,1352,-1,1351,1352,1353,-1,1354,1355,1352,-1,1352,1355,1353,-1,1355,1354,1356,-1,1356,1354,1357,-1,1356,1357,1358,-1,1358,1357,1359,-1,1358,1359,1360,-1,1360,1359,1361,-1,1360,1361,1362,-1,1362,1361,1363,-1,1362,1363,1364,-1,1364,1363,1365,-1,1364,1365,1366,-1,1366,1365,1367,-1,1366,1367,1368,-1,1368,1367,1369,-1,1368,1369,1370,-1,1370,1369,1371,-1,1370,1371,1372,-1,1372,1371,1373,-1,1372,1373,1374,-1,1374,1373,1375,-1,1374,1375,1376,-1,1376,1375,1377,-1,1376,1377,1378,-1,1378,1377,1379,-1,1378,1379,1380,-1,1380,1379,1381,-1,1380,1381,1382,-1,1382,1381,1383,-1,1384,1385,1383,-1,1383,1385,1382,-1,1385,1384,1386,-1,1385,1386,1387,-1,1387,1386,1388,-1,1387,1388,1389,-1,1389,1388,1390,-1,1389,1390,1391,-1,1391,1390,1392,-1,1391,1392,1393,-1,1393,1392,1394,-1,1393,1394,1395,-1,1395,1394,1396,-1,1395,1396,1397,-1,1398,1399,1396,-1,1396,1399,1397,-1,1399,1398,1400,-1,1399,1400,1401,-1,1401,1400,1402,-1,1401,1402,1403,-1,1403,1402,1404,-1,1403,1404,1405,-1,1405,1404,1406,-1,1405,1406,1407,-1,1407,1406,1408,-1,1407,1408,1409,-1,1409,1408,1410,-1,1409,1410,1411,-1,1412,1413,1410,-1,1410,1413,1411,-1,1413,1412,1414,-1,1413,1414,1415,-1,1415,1414,1416,-1,1415,1416,1417,-1,1417,1416,1418,-1,1417,1418,1419,-1,1419,1418,1420,-1,1419,1420,1421,-1,1421,1420,1422,-1,1421,1422,1423,-1,1423,1422,1424,-1,1423,1424,1425,-1,1425,1424,1426,-1,1425,1426,1427,-1,1428,1429,1426,-1,1426,1429,1427,-1,1429,1428,1430,-1,1430,1428,1431,-1,1430,1431,1432,-1,1432,1431,1433,-1,1432,1433,1434,-1,1434,1433,1435,-1,1434,1435,1436,-1,1436,1435,1437,-1,1436,1437,1438,-1,1438,1437,1439,-1,1438,1439,1440,-1,1440,1439,1441,-1,1440,1441,1442,-1,1442,1441,1443,-1,1444,1445,1443,-1,1443,1445,1442,-1,1444,1446,1445,-1,1445,1446,1447,-1,1448,1449,1446,-1,1446,1449,1447,-1,1449,1448,1450,-1,1449,1450,1451,-1,1451,1450,1452,-1,1451,1452,1453,-1,1453,1452,1454,-1,1453,1454,1455,-1,1455,1454,1456,-1,1455,1456,1457,-1,1457,1456,1458,-1,1457,1458,1459,-1,1459,1458,1460,-1,1459,1460,1461,-1,1462,1463,1460,-1,1460,1463,1461,-1,1463,1462,1464,-1,1463,1464,1465,-1,1465,1464,1466,-1,1465,1466,1467,-1,1467,1466,1468,-1,1467,1468,1469,-1,1469,1468,1470,-1,1469,1470,1471,-1,1471,1470,1472,-1,1471,1472,1473,-1,1473,1472,1474,-1,1473,1474,1475,-1,1476,1477,1474,-1,1474,1477,1475,-1,1476,1478,1477,-1,1477,1478,1479,-1,1480,1481,1478,-1,1478,1481,1479,-1,1481,1480,1482,-1,1482,1480,1483,-1,1482,1483,1484,-1,1484,1483,1485,-1,1484,1485,1486,-1,1486,1485,1487,-1,1486,1487,1488,-1,1488,1487,1489,-1,1488,1489,1490,-1,1490,1489,1491,-1,1490,1491,1492,-1,1492,1491,1493,-1,1492,1493,1494,-1,1494,1493,1495,-1,1311,1310,1495,-1,1495,1310,1494,-1,1355,1356,1325,-1,1353,1355,1341,-1,1372,1417,1419,-1,1417,1372,1415,-1,1415,1372,1374,-1,1415,1374,1413,-1,1413,1374,1376,-1,1413,1376,1378,-1,1438,1368,1436,-1,1436,1368,1370,-1,1436,1370,1434,-1,1419,1421,1372,-1,1372,1421,1423,-1,1372,1423,1425,-1,1411,1413,1399,-1,1399,1413,1397,-1,1364,1321,1362,-1,1362,1321,1323,-1,1362,1323,1360,-1,1360,1323,1325,-1,1360,1325,1358,-1,1358,1325,1356,-1,1315,1317,1364,-1,1364,1317,1319,-1,1364,1319,1321,-1,1486,1366,1484,-1,1484,1366,1368,-1,1484,1368,1482,-1,1372,1430,1370,-1,1370,1430,1432,-1,1370,1432,1434,-1,1378,1380,1413,-1,1413,1380,1382,-1,1413,1382,1397,-1,1397,1382,1385,-1,1341,1355,1339,-1,1339,1355,1325,-1,1339,1325,1327,-1,1486,1488,1366,-1,1366,1488,1490,-1,1366,1490,1364,-1,1364,1490,1492,-1,1364,1492,1494,-1,1425,1427,1372,-1,1372,1427,1429,-1,1372,1429,1430,-1,1389,1391,1393,-1,1331,1333,1335,-1,1494,1310,1364,-1,1364,1310,1313,-1,1364,1313,1315,-1,1477,1368,1463,-1,1438,1440,1368,-1,1368,1440,1442,-1,1368,1442,1463,-1,1385,1387,1397,-1,1397,1387,1389,-1,1397,1389,1395,-1,1395,1389,1393,-1,1327,1329,1339,-1,1339,1329,1331,-1,1339,1331,1337,-1,1337,1331,1335,-1,1477,1479,1368,-1,1368,1479,1481,-1,1368,1481,1482,-1,1405,1399,1403,-1,1403,1399,1401,-1,1405,1407,1399,-1,1399,1407,1409,-1,1399,1409,1411,-1,1347,1341,1345,-1,1345,1341,1343,-1,1347,1349,1341,-1,1341,1349,1351,-1,1341,1351,1353,-1,1471,1473,1463,-1,1463,1473,1475,-1,1463,1475,1477,-1,1442,1445,1463,-1,1463,1445,1447,-1,1463,1447,1461,-1,1461,1447,1449,-1,1461,1449,1451,-1,1465,1467,1463,-1,1463,1467,1469,-1,1463,1469,1471,-1,1451,1453,1455,-1,1455,1457,1451,-1,1451,1457,1459,-1,1451,1459,1461,-1,1489,1487,1367,-1,1383,1381,1412,-1,1359,1357,1324,-1,1324,1357,1354,-1,1365,1320,1318,-1,1373,1416,1375,-1,1375,1416,1414,-1,1375,1414,1377,-1,1377,1414,1412,-1,1377,1412,1379,-1,1379,1412,1381,-1,1437,1371,1439,-1,1439,1371,1369,-1,1318,1316,1365,-1,1365,1316,1314,-1,1365,1314,1312,-1,1320,1365,1322,-1,1322,1365,1363,-1,1322,1363,1324,-1,1324,1363,1361,-1,1324,1361,1359,-1,1422,1420,1373,-1,1373,1420,1418,-1,1373,1418,1416,-1,1437,1435,1371,-1,1371,1435,1433,-1,1371,1433,1373,-1,1373,1433,1431,-1,1373,1431,1428,-1,1367,1487,1369,-1,1369,1487,1485,-1,1369,1485,1483,-1,1354,1340,1324,-1,1324,1340,1338,-1,1324,1338,1326,-1,1326,1338,1328,-1,1412,1398,1383,-1,1383,1398,1396,-1,1383,1396,1384,-1,1384,1396,1386,-1,1428,1426,1373,-1,1373,1426,1424,-1,1373,1424,1422,-1,1365,1493,1367,-1,1367,1493,1491,-1,1367,1491,1489,-1,1312,1311,1365,-1,1365,1311,1495,-1,1365,1495,1493,-1,1354,1352,1340,-1,1340,1352,1350,-1,1340,1350,1348,-1,1348,1346,1340,-1,1340,1346,1344,-1,1340,1344,1342,-1,1334,1332,1330,-1,1412,1410,1398,-1,1398,1410,1408,-1,1398,1408,1406,-1,1406,1404,1398,-1,1398,1404,1402,-1,1398,1402,1400,-1,1392,1390,1388,-1,1450,1448,1460,-1,1460,1448,1446,-1,1460,1446,1462,-1,1446,1444,1462,-1,1462,1444,1443,-1,1462,1443,1369,-1,1369,1443,1441,-1,1369,1441,1439,-1,1483,1480,1369,-1,1369,1480,1478,-1,1369,1478,1462,-1,1462,1478,1476,-1,1328,1338,1330,-1,1330,1338,1336,-1,1330,1336,1334,-1,1386,1396,1388,-1,1388,1396,1394,-1,1388,1394,1392,-1,1458,1456,1454,-1,1458,1454,1460,-1,1460,1454,1452,-1,1460,1452,1450,-1,1476,1474,1462,-1,1462,1474,1472,-1,1462,1472,1470,-1,1470,1468,1462,-1,1462,1468,1466,-1,1462,1466,1464,-1,1496,1497,1498,-1,1496,1498,1499,-1,1499,1498,1500,-1,1499,1500,1501,-1,1501,1500,1502,-1,1501,1502,1503,-1,1503,1502,1504,-1,1503,1504,1505,-1,1505,1504,1506,-1,1505,1506,1507,-1,1507,1506,1508,-1,1507,1508,1509,-1,1509,1508,1510,-1,1509,1510,1511,-1,1512,1513,1510,-1,1510,1513,1511,-1,1513,1512,1514,-1,1513,1514,1515,-1,1515,1514,1516,-1,1515,1516,1517,-1,1517,1516,1518,-1,1517,1518,1519,-1,1519,1518,1520,-1,1519,1520,1521,-1,1521,1520,1522,-1,1521,1522,1523,-1,1523,1522,1524,-1,1523,1524,1525,-1,1526,1527,1524,-1,1524,1527,1525,-1,1527,1526,1528,-1,1527,1528,1529,-1,1529,1528,1530,-1,1529,1530,1531,-1,1531,1530,1532,-1,1531,1532,1533,-1,1533,1532,1534,-1,1533,1534,1535,-1,1535,1534,1536,-1,1535,1536,1537,-1,1537,1536,1538,-1,1537,1538,1539,-1,1540,1541,1538,-1,1538,1541,1539,-1,1541,1540,1542,-1,1542,1540,1543,-1,1542,1543,1544,-1,1544,1543,1545,-1,1544,1545,1546,-1,1546,1545,1547,-1,1546,1547,1548,-1,1548,1547,1549,-1,1548,1549,1550,-1,1550,1549,1551,-1,1550,1551,1552,-1,1552,1551,1553,-1,1552,1553,1554,-1,1554,1553,1555,-1,1554,1555,1556,-1,1556,1555,1557,-1,1556,1557,1558,-1,1558,1557,1559,-1,1558,1559,1560,-1,1560,1559,1561,-1,1560,1561,1562,-1,1562,1561,1563,-1,1562,1563,1564,-1,1564,1563,1565,-1,1564,1565,1566,-1,1566,1565,1567,-1,1566,1567,1568,-1,1568,1567,1569,-1,1570,1571,1569,-1,1569,1571,1568,-1,1571,1570,1572,-1,1571,1572,1573,-1,1573,1572,1574,-1,1573,1574,1575,-1,1575,1574,1576,-1,1575,1576,1577,-1,1577,1576,1578,-1,1577,1578,1579,-1,1579,1578,1580,-1,1579,1580,1581,-1,1581,1580,1582,-1,1581,1582,1583,-1,1584,1585,1582,-1,1582,1585,1583,-1,1585,1584,1586,-1,1585,1586,1587,-1,1587,1586,1588,-1,1587,1588,1589,-1,1589,1588,1590,-1,1589,1590,1591,-1,1591,1590,1592,-1,1591,1592,1593,-1,1593,1592,1594,-1,1593,1594,1595,-1,1595,1594,1596,-1,1595,1596,1597,-1,1598,1599,1596,-1,1596,1599,1597,-1,1599,1598,1600,-1,1599,1600,1601,-1,1601,1600,1602,-1,1601,1602,1603,-1,1603,1602,1604,-1,1603,1604,1605,-1,1605,1604,1606,-1,1605,1606,1607,-1,1607,1606,1608,-1,1607,1608,1609,-1,1609,1608,1610,-1,1609,1610,1611,-1,1611,1610,1612,-1,1611,1612,1613,-1,1614,1615,1612,-1,1612,1615,1613,-1,1615,1614,1616,-1,1616,1614,1617,-1,1616,1617,1618,-1,1618,1617,1619,-1,1618,1619,1620,-1,1620,1619,1621,-1,1620,1621,1622,-1,1622,1621,1623,-1,1622,1623,1624,-1,1624,1623,1625,-1,1624,1625,1626,-1,1626,1625,1627,-1,1626,1627,1628,-1,1628,1627,1629,-1,1630,1631,1629,-1,1629,1631,1628,-1,1630,1632,1631,-1,1631,1632,1633,-1,1634,1635,1632,-1,1632,1635,1633,-1,1635,1634,1636,-1,1635,1636,1637,-1,1637,1636,1638,-1,1637,1638,1639,-1,1639,1638,1640,-1,1639,1640,1641,-1,1641,1640,1642,-1,1641,1642,1643,-1,1643,1642,1644,-1,1643,1644,1645,-1,1645,1644,1646,-1,1645,1646,1647,-1,1648,1649,1646,-1,1646,1649,1647,-1,1649,1648,1650,-1,1649,1650,1651,-1,1651,1650,1652,-1,1651,1652,1653,-1,1653,1652,1654,-1,1653,1654,1655,-1,1655,1654,1656,-1,1655,1656,1657,-1,1657,1656,1658,-1,1657,1658,1659,-1,1659,1658,1660,-1,1659,1660,1661,-1,1662,1663,1660,-1,1660,1663,1661,-1,1662,1664,1663,-1,1663,1664,1665,-1,1666,1667,1664,-1,1664,1667,1665,-1,1667,1666,1668,-1,1668,1666,1669,-1,1668,1669,1670,-1,1670,1669,1671,-1,1670,1671,1672,-1,1672,1671,1673,-1,1672,1673,1674,-1,1674,1673,1675,-1,1674,1675,1676,-1,1676,1675,1677,-1,1676,1677,1678,-1,1678,1677,1679,-1,1678,1679,1680,-1,1680,1679,1681,-1,1497,1496,1681,-1,1681,1496,1680,-1,1541,1542,1511,-1,1539,1541,1527,-1,1558,1603,1605,-1,1603,1558,1601,-1,1601,1558,1560,-1,1601,1560,1599,-1,1599,1560,1562,-1,1599,1562,1564,-1,1624,1554,1622,-1,1622,1554,1556,-1,1622,1556,1620,-1,1605,1607,1558,-1,1558,1607,1609,-1,1558,1609,1611,-1,1597,1599,1585,-1,1585,1599,1583,-1,1550,1507,1548,-1,1548,1507,1509,-1,1548,1509,1546,-1,1546,1509,1511,-1,1546,1511,1544,-1,1544,1511,1542,-1,1501,1503,1550,-1,1550,1503,1505,-1,1550,1505,1507,-1,1672,1552,1670,-1,1670,1552,1554,-1,1670,1554,1668,-1,1558,1616,1556,-1,1556,1616,1618,-1,1556,1618,1620,-1,1564,1566,1599,-1,1599,1566,1568,-1,1599,1568,1583,-1,1583,1568,1571,-1,1527,1541,1525,-1,1525,1541,1511,-1,1525,1511,1513,-1,1672,1674,1552,-1,1552,1674,1676,-1,1552,1676,1550,-1,1550,1676,1678,-1,1550,1678,1680,-1,1611,1613,1558,-1,1558,1613,1615,-1,1558,1615,1616,-1,1575,1577,1579,-1,1517,1519,1521,-1,1680,1496,1550,-1,1550,1496,1499,-1,1550,1499,1501,-1,1663,1554,1649,-1,1624,1626,1554,-1,1554,1626,1628,-1,1554,1628,1649,-1,1571,1573,1583,-1,1583,1573,1575,-1,1583,1575,1581,-1,1581,1575,1579,-1,1513,1515,1525,-1,1525,1515,1517,-1,1525,1517,1523,-1,1523,1517,1521,-1,1663,1665,1554,-1,1554,1665,1667,-1,1554,1667,1668,-1,1591,1585,1589,-1,1589,1585,1587,-1,1591,1593,1585,-1,1585,1593,1595,-1,1585,1595,1597,-1,1533,1527,1531,-1,1531,1527,1529,-1,1533,1535,1527,-1,1527,1535,1537,-1,1527,1537,1539,-1,1657,1659,1649,-1,1649,1659,1661,-1,1649,1661,1663,-1,1628,1631,1649,-1,1649,1631,1633,-1,1649,1633,1647,-1,1647,1633,1635,-1,1647,1635,1637,-1,1651,1653,1649,-1,1649,1653,1655,-1,1649,1655,1657,-1,1637,1639,1641,-1,1641,1643,1637,-1,1637,1643,1645,-1,1637,1645,1647,-1,1675,1673,1553,-1,1569,1567,1598,-1,1545,1543,1510,-1,1510,1543,1540,-1,1551,1506,1504,-1,1559,1602,1561,-1,1561,1602,1600,-1,1561,1600,1563,-1,1563,1600,1598,-1,1563,1598,1565,-1,1565,1598,1567,-1,1623,1557,1625,-1,1625,1557,1555,-1,1504,1502,1551,-1,1551,1502,1500,-1,1551,1500,1498,-1,1506,1551,1508,-1,1508,1551,1549,-1,1508,1549,1510,-1,1510,1549,1547,-1,1510,1547,1545,-1,1608,1606,1559,-1,1559,1606,1604,-1,1559,1604,1602,-1,1623,1621,1557,-1,1557,1621,1619,-1,1557,1619,1559,-1,1559,1619,1617,-1,1559,1617,1614,-1,1553,1673,1555,-1,1555,1673,1671,-1,1555,1671,1669,-1,1540,1526,1510,-1,1510,1526,1524,-1,1510,1524,1512,-1,1512,1524,1514,-1,1598,1584,1569,-1,1569,1584,1582,-1,1569,1582,1570,-1,1570,1582,1572,-1,1614,1612,1559,-1,1559,1612,1610,-1,1559,1610,1608,-1,1551,1679,1553,-1,1553,1679,1677,-1,1553,1677,1675,-1,1498,1497,1551,-1,1551,1497,1681,-1,1551,1681,1679,-1,1540,1538,1526,-1,1526,1538,1536,-1,1526,1536,1534,-1,1534,1532,1526,-1,1526,1532,1530,-1,1526,1530,1528,-1,1520,1518,1516,-1,1598,1596,1584,-1,1584,1596,1594,-1,1584,1594,1592,-1,1592,1590,1584,-1,1584,1590,1588,-1,1584,1588,1586,-1,1578,1576,1574,-1,1636,1634,1646,-1,1646,1634,1632,-1,1646,1632,1648,-1,1632,1630,1648,-1,1648,1630,1629,-1,1648,1629,1555,-1,1555,1629,1627,-1,1555,1627,1625,-1,1669,1666,1555,-1,1555,1666,1664,-1,1555,1664,1648,-1,1648,1664,1662,-1,1514,1524,1516,-1,1516,1524,1522,-1,1516,1522,1520,-1,1572,1582,1574,-1,1574,1582,1580,-1,1574,1580,1578,-1,1644,1642,1640,-1,1644,1640,1646,-1,1646,1640,1638,-1,1646,1638,1636,-1,1662,1660,1648,-1,1648,1660,1658,-1,1648,1658,1656,-1,1656,1654,1648,-1,1648,1654,1652,-1,1648,1652,1650,-1,1682,1683,1684,-1,1682,1684,1685,-1,1685,1684,1686,-1,1685,1686,1687,-1,1687,1686,1688,-1,1687,1688,1689,-1,1689,1688,1690,-1,1689,1690,1691,-1,1691,1690,1692,-1,1691,1692,1693,-1,1693,1692,1694,-1,1693,1694,1695,-1,1695,1694,1696,-1,1695,1696,1697,-1,1698,1699,1696,-1,1696,1699,1697,-1,1699,1698,1700,-1,1699,1700,1701,-1,1701,1700,1702,-1,1701,1702,1703,-1,1703,1702,1704,-1,1703,1704,1705,-1,1705,1704,1706,-1,1705,1706,1707,-1,1707,1706,1708,-1,1707,1708,1709,-1,1709,1708,1710,-1,1709,1710,1711,-1,1712,1713,1710,-1,1710,1713,1711,-1,1713,1712,1714,-1,1713,1714,1715,-1,1715,1714,1716,-1,1715,1716,1717,-1,1717,1716,1718,-1,1717,1718,1719,-1,1719,1718,1720,-1,1719,1720,1721,-1,1721,1720,1722,-1,1721,1722,1723,-1,1723,1722,1724,-1,1723,1724,1725,-1,1726,1727,1724,-1,1724,1727,1725,-1,1727,1726,1728,-1,1728,1726,1729,-1,1728,1729,1730,-1,1730,1729,1731,-1,1730,1731,1732,-1,1732,1731,1733,-1,1732,1733,1734,-1,1734,1733,1735,-1,1734,1735,1736,-1,1736,1735,1737,-1,1736,1737,1738,-1,1738,1737,1739,-1,1738,1739,1740,-1,1740,1739,1741,-1,1740,1741,1742,-1,1742,1741,1743,-1,1742,1743,1744,-1,1744,1743,1745,-1,1744,1745,1746,-1,1746,1745,1747,-1,1746,1747,1748,-1,1748,1747,1749,-1,1748,1749,1750,-1,1750,1749,1751,-1,1750,1751,1752,-1,1752,1751,1753,-1,1752,1753,1754,-1,1754,1753,1755,-1,1756,1757,1755,-1,1755,1757,1754,-1,1757,1756,1758,-1,1757,1758,1759,-1,1759,1758,1760,-1,1759,1760,1761,-1,1761,1760,1762,-1,1761,1762,1763,-1,1763,1762,1764,-1,1763,1764,1765,-1,1765,1764,1766,-1,1765,1766,1767,-1,1767,1766,1768,-1,1767,1768,1769,-1,1770,1771,1768,-1,1768,1771,1769,-1,1771,1770,1772,-1,1771,1772,1773,-1,1773,1772,1774,-1,1773,1774,1775,-1,1775,1774,1776,-1,1775,1776,1777,-1,1777,1776,1778,-1,1777,1778,1779,-1,1779,1778,1780,-1,1779,1780,1781,-1,1781,1780,1782,-1,1781,1782,1783,-1,1784,1785,1782,-1,1782,1785,1783,-1,1785,1784,1786,-1,1785,1786,1787,-1,1787,1786,1788,-1,1787,1788,1789,-1,1789,1788,1790,-1,1789,1790,1791,-1,1791,1790,1792,-1,1791,1792,1793,-1,1793,1792,1794,-1,1793,1794,1795,-1,1795,1794,1796,-1,1795,1796,1797,-1,1797,1796,1798,-1,1797,1798,1799,-1,1800,1801,1798,-1,1798,1801,1799,-1,1801,1800,1802,-1,1802,1800,1803,-1,1802,1803,1804,-1,1804,1803,1805,-1,1804,1805,1806,-1,1806,1805,1807,-1,1806,1807,1808,-1,1808,1807,1809,-1,1808,1809,1810,-1,1810,1809,1811,-1,1810,1811,1812,-1,1812,1811,1813,-1,1812,1813,1814,-1,1814,1813,1815,-1,1816,1817,1815,-1,1815,1817,1814,-1,1816,1818,1817,-1,1817,1818,1819,-1,1820,1821,1818,-1,1818,1821,1819,-1,1821,1820,1822,-1,1821,1822,1823,-1,1823,1822,1824,-1,1823,1824,1825,-1,1825,1824,1826,-1,1825,1826,1827,-1,1827,1826,1828,-1,1827,1828,1829,-1,1829,1828,1830,-1,1829,1830,1831,-1,1831,1830,1832,-1,1831,1832,1833,-1,1834,1835,1832,-1,1832,1835,1833,-1,1835,1834,1836,-1,1835,1836,1837,-1,1837,1836,1838,-1,1837,1838,1839,-1,1839,1838,1840,-1,1839,1840,1841,-1,1841,1840,1842,-1,1841,1842,1843,-1,1843,1842,1844,-1,1843,1844,1845,-1,1845,1844,1846,-1,1845,1846,1847,-1,1848,1849,1846,-1,1846,1849,1847,-1,1848,1850,1849,-1,1849,1850,1851,-1,1852,1853,1850,-1,1850,1853,1851,-1,1853,1852,1854,-1,1854,1852,1855,-1,1854,1855,1856,-1,1856,1855,1857,-1,1856,1857,1858,-1,1858,1857,1859,-1,1858,1859,1860,-1,1860,1859,1861,-1,1860,1861,1862,-1,1862,1861,1863,-1,1862,1863,1864,-1,1864,1863,1865,-1,1864,1865,1866,-1,1866,1865,1867,-1,1683,1682,1867,-1,1867,1682,1866,-1,1727,1728,1697,-1,1725,1727,1713,-1,1744,1789,1791,-1,1789,1744,1787,-1,1787,1744,1746,-1,1787,1746,1785,-1,1785,1746,1748,-1,1785,1748,1750,-1,1810,1740,1808,-1,1808,1740,1742,-1,1808,1742,1806,-1,1791,1793,1744,-1,1744,1793,1795,-1,1744,1795,1797,-1,1783,1785,1771,-1,1771,1785,1769,-1,1736,1693,1734,-1,1734,1693,1695,-1,1734,1695,1732,-1,1732,1695,1697,-1,1732,1697,1730,-1,1730,1697,1728,-1,1687,1689,1736,-1,1736,1689,1691,-1,1736,1691,1693,-1,1858,1738,1856,-1,1856,1738,1740,-1,1856,1740,1854,-1,1744,1802,1742,-1,1742,1802,1804,-1,1742,1804,1806,-1,1750,1752,1785,-1,1785,1752,1754,-1,1785,1754,1769,-1,1769,1754,1757,-1,1713,1727,1711,-1,1711,1727,1697,-1,1711,1697,1699,-1,1858,1860,1738,-1,1738,1860,1862,-1,1738,1862,1736,-1,1736,1862,1864,-1,1736,1864,1866,-1,1797,1799,1744,-1,1744,1799,1801,-1,1744,1801,1802,-1,1761,1763,1765,-1,1703,1705,1707,-1,1866,1682,1736,-1,1736,1682,1685,-1,1736,1685,1687,-1,1849,1740,1835,-1,1810,1812,1740,-1,1740,1812,1814,-1,1740,1814,1835,-1,1757,1759,1769,-1,1769,1759,1761,-1,1769,1761,1767,-1,1767,1761,1765,-1,1699,1701,1711,-1,1711,1701,1703,-1,1711,1703,1709,-1,1709,1703,1707,-1,1849,1851,1740,-1,1740,1851,1853,-1,1740,1853,1854,-1,1777,1771,1775,-1,1775,1771,1773,-1,1777,1779,1771,-1,1771,1779,1781,-1,1771,1781,1783,-1,1719,1713,1717,-1,1717,1713,1715,-1,1719,1721,1713,-1,1713,1721,1723,-1,1713,1723,1725,-1,1843,1845,1835,-1,1835,1845,1847,-1,1835,1847,1849,-1,1814,1817,1835,-1,1835,1817,1819,-1,1835,1819,1833,-1,1833,1819,1821,-1,1833,1821,1823,-1,1837,1839,1835,-1,1835,1839,1841,-1,1835,1841,1843,-1,1823,1825,1827,-1,1827,1829,1823,-1,1823,1829,1831,-1,1823,1831,1833,-1,1861,1859,1739,-1,1755,1753,1784,-1,1731,1729,1696,-1,1696,1729,1726,-1,1737,1692,1690,-1,1745,1788,1747,-1,1747,1788,1786,-1,1747,1786,1749,-1,1749,1786,1784,-1,1749,1784,1751,-1,1751,1784,1753,-1,1809,1743,1811,-1,1811,1743,1741,-1,1690,1688,1737,-1,1737,1688,1686,-1,1737,1686,1684,-1,1692,1737,1694,-1,1694,1737,1735,-1,1694,1735,1696,-1,1696,1735,1733,-1,1696,1733,1731,-1,1794,1792,1745,-1,1745,1792,1790,-1,1745,1790,1788,-1,1809,1807,1743,-1,1743,1807,1805,-1,1743,1805,1745,-1,1745,1805,1803,-1,1745,1803,1800,-1,1739,1859,1741,-1,1741,1859,1857,-1,1741,1857,1855,-1,1726,1712,1696,-1,1696,1712,1710,-1,1696,1710,1698,-1,1698,1710,1700,-1,1784,1770,1755,-1,1755,1770,1768,-1,1755,1768,1756,-1,1756,1768,1758,-1,1800,1798,1745,-1,1745,1798,1796,-1,1745,1796,1794,-1,1737,1865,1739,-1,1739,1865,1863,-1,1739,1863,1861,-1,1684,1683,1737,-1,1737,1683,1867,-1,1737,1867,1865,-1,1726,1724,1712,-1,1712,1724,1722,-1,1712,1722,1720,-1,1720,1718,1712,-1,1712,1718,1716,-1,1712,1716,1714,-1,1706,1704,1702,-1,1784,1782,1770,-1,1770,1782,1780,-1,1770,1780,1778,-1,1778,1776,1770,-1,1770,1776,1774,-1,1770,1774,1772,-1,1764,1762,1760,-1,1822,1820,1832,-1,1832,1820,1818,-1,1832,1818,1834,-1,1818,1816,1834,-1,1834,1816,1815,-1,1834,1815,1741,-1,1741,1815,1813,-1,1741,1813,1811,-1,1855,1852,1741,-1,1741,1852,1850,-1,1741,1850,1834,-1,1834,1850,1848,-1,1700,1710,1702,-1,1702,1710,1708,-1,1702,1708,1706,-1,1758,1768,1760,-1,1760,1768,1766,-1,1760,1766,1764,-1,1830,1828,1826,-1,1830,1826,1832,-1,1832,1826,1824,-1,1832,1824,1822,-1,1848,1846,1834,-1,1834,1846,1844,-1,1834,1844,1842,-1,1842,1840,1834,-1,1834,1840,1838,-1,1834,1838,1836,-1,1868,1869,1870,-1,1868,1870,1871,-1,1871,1870,1872,-1,1871,1872,1873,-1,1873,1872,1874,-1,1873,1874,1875,-1,1875,1874,1876,-1,1875,1876,1877,-1,1877,1876,1878,-1,1877,1878,1879,-1,1879,1878,1880,-1,1879,1880,1881,-1,1881,1880,1882,-1,1881,1882,1883,-1,1884,1885,1882,-1,1882,1885,1883,-1,1885,1884,1886,-1,1885,1886,1887,-1,1887,1886,1888,-1,1887,1888,1889,-1,1889,1888,1890,-1,1889,1890,1891,-1,1891,1890,1892,-1,1891,1892,1893,-1,1893,1892,1894,-1,1893,1894,1895,-1,1895,1894,1896,-1,1895,1896,1897,-1,1898,1899,1896,-1,1896,1899,1897,-1,1899,1898,1900,-1,1899,1900,1901,-1,1901,1900,1902,-1,1901,1902,1903,-1,1903,1902,1904,-1,1903,1904,1905,-1,1905,1904,1906,-1,1905,1906,1907,-1,1907,1906,1908,-1,1907,1908,1909,-1,1909,1908,1910,-1,1909,1910,1911,-1,1912,1913,1910,-1,1910,1913,1911,-1,1913,1912,1914,-1,1914,1912,1915,-1,1914,1915,1916,-1,1916,1915,1917,-1,1916,1917,1918,-1,1918,1917,1919,-1,1918,1919,1920,-1,1920,1919,1921,-1,1920,1921,1922,-1,1922,1921,1923,-1,1922,1923,1924,-1,1924,1923,1925,-1,1924,1925,1926,-1,1926,1925,1927,-1,1926,1927,1928,-1,1928,1927,1929,-1,1928,1929,1930,-1,1930,1929,1931,-1,1930,1931,1932,-1,1932,1931,1933,-1,1932,1933,1934,-1,1934,1933,1935,-1,1934,1935,1936,-1,1936,1935,1937,-1,1936,1937,1938,-1,1938,1937,1939,-1,1938,1939,1940,-1,1940,1939,1941,-1,1942,1943,1941,-1,1941,1943,1940,-1,1943,1942,1944,-1,1943,1944,1945,-1,1945,1944,1946,-1,1945,1946,1947,-1,1947,1946,1948,-1,1947,1948,1949,-1,1949,1948,1950,-1,1949,1950,1951,-1,1951,1950,1952,-1,1951,1952,1953,-1,1953,1952,1954,-1,1953,1954,1955,-1,1956,1957,1954,-1,1954,1957,1955,-1,1957,1956,1958,-1,1957,1958,1959,-1,1959,1958,1960,-1,1959,1960,1961,-1,1961,1960,1962,-1,1961,1962,1963,-1,1963,1962,1964,-1,1963,1964,1965,-1,1965,1964,1966,-1,1965,1966,1967,-1,1967,1966,1968,-1,1967,1968,1969,-1,1970,1971,1968,-1,1968,1971,1969,-1,1971,1970,1972,-1,1971,1972,1973,-1,1973,1972,1974,-1,1973,1974,1975,-1,1975,1974,1976,-1,1975,1976,1977,-1,1977,1976,1978,-1,1977,1978,1979,-1,1979,1978,1980,-1,1979,1980,1981,-1,1981,1980,1982,-1,1981,1982,1983,-1,1983,1982,1984,-1,1983,1984,1985,-1,1986,1987,1984,-1,1984,1987,1985,-1,1987,1986,1988,-1,1988,1986,1989,-1,1988,1989,1990,-1,1990,1989,1991,-1,1990,1991,1992,-1,1992,1991,1993,-1,1992,1993,1994,-1,1994,1993,1995,-1,1994,1995,1996,-1,1996,1995,1997,-1,1996,1997,1998,-1,1998,1997,1999,-1,1998,1999,2000,-1,2000,1999,2001,-1,2002,2003,2001,-1,2001,2003,2000,-1,2002,2004,2003,-1,2003,2004,2005,-1,2006,2007,2004,-1,2004,2007,2005,-1,2007,2006,2008,-1,2007,2008,2009,-1,2009,2008,2010,-1,2009,2010,2011,-1,2011,2010,2012,-1,2011,2012,2013,-1,2013,2012,2014,-1,2013,2014,2015,-1,2015,2014,2016,-1,2015,2016,2017,-1,2017,2016,2018,-1,2017,2018,2019,-1,2020,2021,2018,-1,2018,2021,2019,-1,2021,2020,2022,-1,2021,2022,2023,-1,2023,2022,2024,-1,2023,2024,2025,-1,2025,2024,2026,-1,2025,2026,2027,-1,2027,2026,2028,-1,2027,2028,2029,-1,2029,2028,2030,-1,2029,2030,2031,-1,2031,2030,2032,-1,2031,2032,2033,-1,2034,2035,2032,-1,2032,2035,2033,-1,2034,2036,2035,-1,2035,2036,2037,-1,2038,2039,2036,-1,2036,2039,2037,-1,2039,2038,2040,-1,2040,2038,2041,-1,2040,2041,2042,-1,2042,2041,2043,-1,2042,2043,2044,-1,2044,2043,2045,-1,2044,2045,2046,-1,2046,2045,2047,-1,2046,2047,2048,-1,2048,2047,2049,-1,2048,2049,2050,-1,2050,2049,2051,-1,2050,2051,2052,-1,2052,2051,2053,-1,1869,1868,2053,-1,2053,1868,2052,-1,1913,1914,1883,-1,1911,1913,1899,-1,1930,1975,1977,-1,1975,1930,1973,-1,1973,1930,1932,-1,1973,1932,1971,-1,1971,1932,1934,-1,1971,1934,1936,-1,1996,1926,1994,-1,1994,1926,1928,-1,1994,1928,1992,-1,1977,1979,1930,-1,1930,1979,1981,-1,1930,1981,1983,-1,1969,1971,1957,-1,1957,1971,1955,-1,1922,1879,1920,-1,1920,1879,1881,-1,1920,1881,1918,-1,1918,1881,1883,-1,1918,1883,1916,-1,1916,1883,1914,-1,1873,1875,1922,-1,1922,1875,1877,-1,1922,1877,1879,-1,2044,1924,2042,-1,2042,1924,1926,-1,2042,1926,2040,-1,1930,1988,1928,-1,1928,1988,1990,-1,1928,1990,1992,-1,1936,1938,1971,-1,1971,1938,1940,-1,1971,1940,1955,-1,1955,1940,1943,-1,1899,1913,1897,-1,1897,1913,1883,-1,1897,1883,1885,-1,2044,2046,1924,-1,1924,2046,2048,-1,1924,2048,1922,-1,1922,2048,2050,-1,1922,2050,2052,-1,1983,1985,1930,-1,1930,1985,1987,-1,1930,1987,1988,-1,1947,1949,1951,-1,1889,1891,1893,-1,2052,1868,1922,-1,1922,1868,1871,-1,1922,1871,1873,-1,2035,1926,2021,-1,1996,1998,1926,-1,1926,1998,2000,-1,1926,2000,2021,-1,1943,1945,1955,-1,1955,1945,1947,-1,1955,1947,1953,-1,1953,1947,1951,-1,1885,1887,1897,-1,1897,1887,1889,-1,1897,1889,1895,-1,1895,1889,1893,-1,2035,2037,1926,-1,1926,2037,2039,-1,1926,2039,2040,-1,1963,1957,1961,-1,1961,1957,1959,-1,1963,1965,1957,-1,1957,1965,1967,-1,1957,1967,1969,-1,1905,1899,1903,-1,1903,1899,1901,-1,1905,1907,1899,-1,1899,1907,1909,-1,1899,1909,1911,-1,2029,2031,2021,-1,2021,2031,2033,-1,2021,2033,2035,-1,2000,2003,2021,-1,2021,2003,2005,-1,2021,2005,2019,-1,2019,2005,2007,-1,2019,2007,2009,-1,2023,2025,2021,-1,2021,2025,2027,-1,2021,2027,2029,-1,2009,2011,2013,-1,2013,2015,2009,-1,2009,2015,2017,-1,2009,2017,2019,-1,2047,2045,1925,-1,1941,1939,1970,-1,1917,1915,1882,-1,1882,1915,1912,-1,1923,1878,1876,-1,1931,1974,1933,-1,1933,1974,1972,-1,1933,1972,1935,-1,1935,1972,1970,-1,1935,1970,1937,-1,1937,1970,1939,-1,1995,1929,1997,-1,1997,1929,1927,-1,1876,1874,1923,-1,1923,1874,1872,-1,1923,1872,1870,-1,1878,1923,1880,-1,1880,1923,1921,-1,1880,1921,1882,-1,1882,1921,1919,-1,1882,1919,1917,-1,1980,1978,1931,-1,1931,1978,1976,-1,1931,1976,1974,-1,1995,1993,1929,-1,1929,1993,1991,-1,1929,1991,1931,-1,1931,1991,1989,-1,1931,1989,1986,-1,1925,2045,1927,-1,1927,2045,2043,-1,1927,2043,2041,-1,1912,1898,1882,-1,1882,1898,1896,-1,1882,1896,1884,-1,1884,1896,1886,-1,1970,1956,1941,-1,1941,1956,1954,-1,1941,1954,1942,-1,1942,1954,1944,-1,1986,1984,1931,-1,1931,1984,1982,-1,1931,1982,1980,-1,1923,2051,1925,-1,1925,2051,2049,-1,1925,2049,2047,-1,1870,1869,1923,-1,1923,1869,2053,-1,1923,2053,2051,-1,1912,1910,1898,-1,1898,1910,1908,-1,1898,1908,1906,-1,1906,1904,1898,-1,1898,1904,1902,-1,1898,1902,1900,-1,1892,1890,1888,-1,1970,1968,1956,-1,1956,1968,1966,-1,1956,1966,1964,-1,1964,1962,1956,-1,1956,1962,1960,-1,1956,1960,1958,-1,1950,1948,1946,-1,2008,2006,2018,-1,2018,2006,2004,-1,2018,2004,2020,-1,2004,2002,2020,-1,2020,2002,2001,-1,2020,2001,1927,-1,1927,2001,1999,-1,1927,1999,1997,-1,2041,2038,1927,-1,1927,2038,2036,-1,1927,2036,2020,-1,2020,2036,2034,-1,1886,1896,1888,-1,1888,1896,1894,-1,1888,1894,1892,-1,1944,1954,1946,-1,1946,1954,1952,-1,1946,1952,1950,-1,2016,2014,2012,-1,2016,2012,2018,-1,2018,2012,2010,-1,2018,2010,2008,-1,2034,2032,2020,-1,2020,2032,2030,-1,2020,2030,2028,-1,2028,2026,2020,-1,2020,2026,2024,-1,2020,2024,2022,-1,2054,2055,2056,-1,2054,2056,2057,-1,2057,2056,2058,-1,2057,2058,2059,-1,2059,2058,2060,-1,2059,2060,2061,-1,2061,2060,2062,-1,2061,2062,2063,-1,2063,2062,2064,-1,2063,2064,2065,-1,2065,2064,2066,-1,2065,2066,2067,-1,2067,2066,2068,-1,2067,2068,2069,-1,2070,2071,2068,-1,2068,2071,2069,-1,2071,2070,2072,-1,2071,2072,2073,-1,2073,2072,2074,-1,2073,2074,2075,-1,2075,2074,2076,-1,2075,2076,2077,-1,2077,2076,2078,-1,2077,2078,2079,-1,2079,2078,2080,-1,2079,2080,2081,-1,2081,2080,2082,-1,2081,2082,2083,-1,2084,2085,2082,-1,2082,2085,2083,-1,2085,2084,2086,-1,2085,2086,2087,-1,2087,2086,2088,-1,2087,2088,2089,-1,2089,2088,2090,-1,2089,2090,2091,-1,2091,2090,2092,-1,2091,2092,2093,-1,2093,2092,2094,-1,2093,2094,2095,-1,2095,2094,2096,-1,2095,2096,2097,-1,2098,2099,2096,-1,2096,2099,2097,-1,2099,2098,2100,-1,2100,2098,2101,-1,2100,2101,2102,-1,2102,2101,2103,-1,2102,2103,2104,-1,2104,2103,2105,-1,2104,2105,2106,-1,2106,2105,2107,-1,2106,2107,2108,-1,2108,2107,2109,-1,2108,2109,2110,-1,2110,2109,2111,-1,2110,2111,2112,-1,2112,2111,2113,-1,2112,2113,2114,-1,2114,2113,2115,-1,2114,2115,2116,-1,2116,2115,2117,-1,2116,2117,2118,-1,2118,2117,2119,-1,2118,2119,2120,-1,2120,2119,2121,-1,2120,2121,2122,-1,2122,2121,2123,-1,2122,2123,2124,-1,2124,2123,2125,-1,2124,2125,2126,-1,2126,2125,2127,-1,2128,2129,2127,-1,2127,2129,2126,-1,2129,2128,2130,-1,2129,2130,2131,-1,2131,2130,2132,-1,2131,2132,2133,-1,2133,2132,2134,-1,2133,2134,2135,-1,2135,2134,2136,-1,2135,2136,2137,-1,2137,2136,2138,-1,2137,2138,2139,-1,2139,2138,2140,-1,2139,2140,2141,-1,2142,2143,2140,-1,2140,2143,2141,-1,2143,2142,2144,-1,2143,2144,2145,-1,2145,2144,2146,-1,2145,2146,2147,-1,2147,2146,2148,-1,2147,2148,2149,-1,2149,2148,2150,-1,2149,2150,2151,-1,2151,2150,2152,-1,2151,2152,2153,-1,2153,2152,2154,-1,2153,2154,2155,-1,2156,2157,2154,-1,2154,2157,2155,-1,2157,2156,2158,-1,2157,2158,2159,-1,2159,2158,2160,-1,2159,2160,2161,-1,2161,2160,2162,-1,2161,2162,2163,-1,2163,2162,2164,-1,2163,2164,2165,-1,2165,2164,2166,-1,2165,2166,2167,-1,2167,2166,2168,-1,2167,2168,2169,-1,2169,2168,2170,-1,2169,2170,2171,-1,2172,2173,2170,-1,2170,2173,2171,-1,2173,2172,2174,-1,2174,2172,2175,-1,2174,2175,2176,-1,2176,2175,2177,-1,2176,2177,2178,-1,2178,2177,2179,-1,2178,2179,2180,-1,2180,2179,2181,-1,2180,2181,2182,-1,2182,2181,2183,-1,2182,2183,2184,-1,2184,2183,2185,-1,2184,2185,2186,-1,2186,2185,2187,-1,2188,2189,2187,-1,2187,2189,2186,-1,2188,2190,2189,-1,2189,2190,2191,-1,2192,2193,2190,-1,2190,2193,2191,-1,2193,2192,2194,-1,2193,2194,2195,-1,2195,2194,2196,-1,2195,2196,2197,-1,2197,2196,2198,-1,2197,2198,2199,-1,2199,2198,2200,-1,2199,2200,2201,-1,2201,2200,2202,-1,2201,2202,2203,-1,2203,2202,2204,-1,2203,2204,2205,-1,2206,2207,2204,-1,2204,2207,2205,-1,2207,2206,2208,-1,2207,2208,2209,-1,2209,2208,2210,-1,2209,2210,2211,-1,2211,2210,2212,-1,2211,2212,2213,-1,2213,2212,2214,-1,2213,2214,2215,-1,2215,2214,2216,-1,2215,2216,2217,-1,2217,2216,2218,-1,2217,2218,2219,-1,2220,2221,2218,-1,2218,2221,2219,-1,2220,2222,2221,-1,2221,2222,2223,-1,2224,2225,2222,-1,2222,2225,2223,-1,2225,2224,2226,-1,2226,2224,2227,-1,2226,2227,2228,-1,2228,2227,2229,-1,2228,2229,2230,-1,2230,2229,2231,-1,2230,2231,2232,-1,2232,2231,2233,-1,2232,2233,2234,-1,2234,2233,2235,-1,2234,2235,2236,-1,2236,2235,2237,-1,2236,2237,2238,-1,2238,2237,2239,-1,2055,2054,2239,-1,2239,2054,2238,-1,2099,2100,2069,-1,2097,2099,2085,-1,2116,2161,2163,-1,2161,2116,2159,-1,2159,2116,2118,-1,2159,2118,2157,-1,2157,2118,2120,-1,2157,2120,2122,-1,2182,2112,2180,-1,2180,2112,2114,-1,2180,2114,2178,-1,2163,2165,2116,-1,2116,2165,2167,-1,2116,2167,2169,-1,2155,2157,2143,-1,2143,2157,2141,-1,2108,2065,2106,-1,2106,2065,2067,-1,2106,2067,2104,-1,2104,2067,2069,-1,2104,2069,2102,-1,2102,2069,2100,-1,2059,2061,2108,-1,2108,2061,2063,-1,2108,2063,2065,-1,2230,2110,2228,-1,2228,2110,2112,-1,2228,2112,2226,-1,2116,2174,2114,-1,2114,2174,2176,-1,2114,2176,2178,-1,2122,2124,2157,-1,2157,2124,2126,-1,2157,2126,2141,-1,2141,2126,2129,-1,2085,2099,2083,-1,2083,2099,2069,-1,2083,2069,2071,-1,2230,2232,2110,-1,2110,2232,2234,-1,2110,2234,2108,-1,2108,2234,2236,-1,2108,2236,2238,-1,2169,2171,2116,-1,2116,2171,2173,-1,2116,2173,2174,-1,2133,2135,2137,-1,2075,2077,2079,-1,2238,2054,2108,-1,2108,2054,2057,-1,2108,2057,2059,-1,2221,2112,2207,-1,2182,2184,2112,-1,2112,2184,2186,-1,2112,2186,2207,-1,2129,2131,2141,-1,2141,2131,2133,-1,2141,2133,2139,-1,2139,2133,2137,-1,2071,2073,2083,-1,2083,2073,2075,-1,2083,2075,2081,-1,2081,2075,2079,-1,2221,2223,2112,-1,2112,2223,2225,-1,2112,2225,2226,-1,2149,2143,2147,-1,2147,2143,2145,-1,2149,2151,2143,-1,2143,2151,2153,-1,2143,2153,2155,-1,2091,2085,2089,-1,2089,2085,2087,-1,2091,2093,2085,-1,2085,2093,2095,-1,2085,2095,2097,-1,2215,2217,2207,-1,2207,2217,2219,-1,2207,2219,2221,-1,2186,2189,2207,-1,2207,2189,2191,-1,2207,2191,2205,-1,2205,2191,2193,-1,2205,2193,2195,-1,2209,2211,2207,-1,2207,2211,2213,-1,2207,2213,2215,-1,2195,2197,2199,-1,2199,2201,2195,-1,2195,2201,2203,-1,2195,2203,2205,-1,2233,2231,2111,-1,2127,2125,2156,-1,2103,2101,2068,-1,2068,2101,2098,-1,2109,2064,2062,-1,2117,2160,2119,-1,2119,2160,2158,-1,2119,2158,2121,-1,2121,2158,2156,-1,2121,2156,2123,-1,2123,2156,2125,-1,2181,2115,2183,-1,2183,2115,2113,-1,2062,2060,2109,-1,2109,2060,2058,-1,2109,2058,2056,-1,2064,2109,2066,-1,2066,2109,2107,-1,2066,2107,2068,-1,2068,2107,2105,-1,2068,2105,2103,-1,2166,2164,2117,-1,2117,2164,2162,-1,2117,2162,2160,-1,2181,2179,2115,-1,2115,2179,2177,-1,2115,2177,2117,-1,2117,2177,2175,-1,2117,2175,2172,-1,2111,2231,2113,-1,2113,2231,2229,-1,2113,2229,2227,-1,2098,2084,2068,-1,2068,2084,2082,-1,2068,2082,2070,-1,2070,2082,2072,-1,2156,2142,2127,-1,2127,2142,2140,-1,2127,2140,2128,-1,2128,2140,2130,-1,2172,2170,2117,-1,2117,2170,2168,-1,2117,2168,2166,-1,2109,2237,2111,-1,2111,2237,2235,-1,2111,2235,2233,-1,2056,2055,2109,-1,2109,2055,2239,-1,2109,2239,2237,-1,2098,2096,2084,-1,2084,2096,2094,-1,2084,2094,2092,-1,2092,2090,2084,-1,2084,2090,2088,-1,2084,2088,2086,-1,2078,2076,2074,-1,2156,2154,2142,-1,2142,2154,2152,-1,2142,2152,2150,-1,2150,2148,2142,-1,2142,2148,2146,-1,2142,2146,2144,-1,2136,2134,2132,-1,2194,2192,2204,-1,2204,2192,2190,-1,2204,2190,2206,-1,2190,2188,2206,-1,2206,2188,2187,-1,2206,2187,2113,-1,2113,2187,2185,-1,2113,2185,2183,-1,2227,2224,2113,-1,2113,2224,2222,-1,2113,2222,2206,-1,2206,2222,2220,-1,2072,2082,2074,-1,2074,2082,2080,-1,2074,2080,2078,-1,2130,2140,2132,-1,2132,2140,2138,-1,2132,2138,2136,-1,2202,2200,2198,-1,2202,2198,2204,-1,2204,2198,2196,-1,2204,2196,2194,-1,2220,2218,2206,-1,2206,2218,2216,-1,2206,2216,2214,-1,2214,2212,2206,-1,2206,2212,2210,-1,2206,2210,2208,-1,2240,2241,2242,-1,2240,2242,2243,-1,2243,2242,2244,-1,2243,2244,2245,-1,2245,2244,2246,-1,2245,2246,2247,-1,2247,2246,2248,-1,2247,2248,2249,-1,2249,2248,2250,-1,2249,2250,2251,-1,2251,2250,2252,-1,2251,2252,2253,-1,2253,2252,2254,-1,2253,2254,2255,-1,2256,2257,2254,-1,2254,2257,2255,-1,2257,2256,2258,-1,2257,2258,2259,-1,2259,2258,2260,-1,2259,2260,2261,-1,2261,2260,2262,-1,2261,2262,2263,-1,2263,2262,2264,-1,2263,2264,2265,-1,2265,2264,2266,-1,2265,2266,2267,-1,2267,2266,2268,-1,2267,2268,2269,-1,2270,2271,2268,-1,2268,2271,2269,-1,2271,2270,2272,-1,2271,2272,2273,-1,2273,2272,2274,-1,2273,2274,2275,-1,2275,2274,2276,-1,2275,2276,2277,-1,2277,2276,2278,-1,2277,2278,2279,-1,2279,2278,2280,-1,2279,2280,2281,-1,2281,2280,2282,-1,2281,2282,2283,-1,2284,2285,2282,-1,2282,2285,2283,-1,2285,2284,2286,-1,2286,2284,2287,-1,2286,2287,2288,-1,2288,2287,2289,-1,2288,2289,2290,-1,2290,2289,2291,-1,2290,2291,2292,-1,2292,2291,2293,-1,2292,2293,2294,-1,2294,2293,2295,-1,2294,2295,2296,-1,2296,2295,2297,-1,2296,2297,2298,-1,2298,2297,2299,-1,2298,2299,2300,-1,2300,2299,2301,-1,2300,2301,2302,-1,2302,2301,2303,-1,2302,2303,2304,-1,2304,2303,2305,-1,2304,2305,2306,-1,2306,2305,2307,-1,2306,2307,2308,-1,2308,2307,2309,-1,2308,2309,2310,-1,2310,2309,2311,-1,2310,2311,2312,-1,2312,2311,2313,-1,2314,2315,2313,-1,2313,2315,2312,-1,2315,2314,2316,-1,2315,2316,2317,-1,2317,2316,2318,-1,2317,2318,2319,-1,2319,2318,2320,-1,2319,2320,2321,-1,2321,2320,2322,-1,2321,2322,2323,-1,2323,2322,2324,-1,2323,2324,2325,-1,2325,2324,2326,-1,2325,2326,2327,-1,2328,2329,2326,-1,2326,2329,2327,-1,2329,2328,2330,-1,2329,2330,2331,-1,2331,2330,2332,-1,2331,2332,2333,-1,2333,2332,2334,-1,2333,2334,2335,-1,2335,2334,2336,-1,2335,2336,2337,-1,2337,2336,2338,-1,2337,2338,2339,-1,2339,2338,2340,-1,2339,2340,2341,-1,2342,2343,2340,-1,2340,2343,2341,-1,2343,2342,2344,-1,2343,2344,2345,-1,2345,2344,2346,-1,2345,2346,2347,-1,2347,2346,2348,-1,2347,2348,2349,-1,2349,2348,2350,-1,2349,2350,2351,-1,2351,2350,2352,-1,2351,2352,2353,-1,2353,2352,2354,-1,2353,2354,2355,-1,2355,2354,2356,-1,2355,2356,2357,-1,2358,2359,2356,-1,2356,2359,2357,-1,2359,2358,2360,-1,2360,2358,2361,-1,2360,2361,2362,-1,2362,2361,2363,-1,2362,2363,2364,-1,2364,2363,2365,-1,2364,2365,2366,-1,2366,2365,2367,-1,2366,2367,2368,-1,2368,2367,2369,-1,2368,2369,2370,-1,2370,2369,2371,-1,2370,2371,2372,-1,2372,2371,2373,-1,2374,2375,2373,-1,2373,2375,2372,-1,2374,2376,2375,-1,2375,2376,2377,-1,2378,2379,2376,-1,2376,2379,2377,-1,2379,2378,2380,-1,2379,2380,2381,-1,2381,2380,2382,-1,2381,2382,2383,-1,2383,2382,2384,-1,2383,2384,2385,-1,2385,2384,2386,-1,2385,2386,2387,-1,2387,2386,2388,-1,2387,2388,2389,-1,2389,2388,2390,-1,2389,2390,2391,-1,2392,2393,2390,-1,2390,2393,2391,-1,2393,2392,2394,-1,2393,2394,2395,-1,2395,2394,2396,-1,2395,2396,2397,-1,2397,2396,2398,-1,2397,2398,2399,-1,2399,2398,2400,-1,2399,2400,2401,-1,2401,2400,2402,-1,2401,2402,2403,-1,2403,2402,2404,-1,2403,2404,2405,-1,2406,2407,2404,-1,2404,2407,2405,-1,2406,2408,2407,-1,2407,2408,2409,-1,2410,2411,2408,-1,2408,2411,2409,-1,2411,2410,2412,-1,2412,2410,2413,-1,2412,2413,2414,-1,2414,2413,2415,-1,2414,2415,2416,-1,2416,2415,2417,-1,2416,2417,2418,-1,2418,2417,2419,-1,2418,2419,2420,-1,2420,2419,2421,-1,2420,2421,2422,-1,2422,2421,2423,-1,2422,2423,2424,-1,2424,2423,2425,-1,2241,2240,2425,-1,2425,2240,2424,-1,2285,2286,2255,-1,2283,2285,2271,-1,2302,2347,2349,-1,2347,2302,2345,-1,2345,2302,2304,-1,2345,2304,2343,-1,2343,2304,2306,-1,2343,2306,2308,-1,2368,2298,2366,-1,2366,2298,2300,-1,2366,2300,2364,-1,2349,2351,2302,-1,2302,2351,2353,-1,2302,2353,2355,-1,2341,2343,2329,-1,2329,2343,2327,-1,2294,2251,2292,-1,2292,2251,2253,-1,2292,2253,2290,-1,2290,2253,2255,-1,2290,2255,2288,-1,2288,2255,2286,-1,2245,2247,2294,-1,2294,2247,2249,-1,2294,2249,2251,-1,2416,2296,2414,-1,2414,2296,2298,-1,2414,2298,2412,-1,2412,2298,2411,-1,2302,2360,2300,-1,2300,2360,2362,-1,2300,2362,2364,-1,2308,2310,2343,-1,2343,2310,2312,-1,2343,2312,2327,-1,2327,2312,2315,-1,2271,2285,2269,-1,2269,2285,2255,-1,2269,2255,2257,-1,2416,2418,2296,-1,2296,2418,2420,-1,2296,2420,2294,-1,2294,2420,2422,-1,2294,2422,2424,-1,2355,2357,2302,-1,2302,2357,2359,-1,2302,2359,2360,-1,2319,2321,2323,-1,2261,2263,2265,-1,2424,2240,2294,-1,2294,2240,2243,-1,2294,2243,2245,-1,2368,2370,2298,-1,2298,2370,2372,-1,2298,2372,2393,-1,2315,2317,2327,-1,2327,2317,2319,-1,2327,2319,2325,-1,2325,2319,2323,-1,2257,2259,2269,-1,2269,2259,2261,-1,2269,2261,2267,-1,2267,2261,2265,-1,2411,2298,2409,-1,2409,2298,2393,-1,2409,2393,2407,-1,2335,2329,2333,-1,2333,2329,2331,-1,2335,2337,2329,-1,2329,2337,2339,-1,2329,2339,2341,-1,2277,2271,2275,-1,2275,2271,2273,-1,2277,2279,2271,-1,2271,2279,2281,-1,2271,2281,2283,-1,2372,2375,2393,-1,2393,2375,2377,-1,2393,2377,2391,-1,2391,2377,2379,-1,2391,2379,2381,-1,2401,2403,2393,-1,2393,2403,2405,-1,2393,2405,2407,-1,2395,2397,2393,-1,2393,2397,2399,-1,2393,2399,2401,-1,2381,2383,2385,-1,2385,2387,2381,-1,2381,2387,2389,-1,2381,2389,2391,-1,2419,2417,2297,-1,2313,2311,2342,-1,2289,2287,2254,-1,2254,2287,2284,-1,2295,2250,2248,-1,2303,2346,2305,-1,2305,2346,2344,-1,2305,2344,2307,-1,2307,2344,2342,-1,2307,2342,2309,-1,2309,2342,2311,-1,2367,2301,2369,-1,2369,2301,2299,-1,2297,2417,2299,-1,2248,2246,2295,-1,2295,2246,2244,-1,2295,2244,2242,-1,2250,2295,2252,-1,2252,2295,2293,-1,2252,2293,2254,-1,2254,2293,2291,-1,2254,2291,2289,-1,2352,2350,2303,-1,2303,2350,2348,-1,2303,2348,2346,-1,2367,2365,2301,-1,2301,2365,2363,-1,2301,2363,2303,-1,2303,2363,2361,-1,2303,2361,2358,-1,2284,2270,2254,-1,2254,2270,2268,-1,2254,2268,2256,-1,2256,2268,2258,-1,2342,2328,2313,-1,2313,2328,2326,-1,2313,2326,2314,-1,2314,2326,2316,-1,2358,2356,2303,-1,2303,2356,2354,-1,2303,2354,2352,-1,2417,2415,2299,-1,2299,2415,2413,-1,2299,2413,2410,-1,2295,2423,2297,-1,2297,2423,2421,-1,2297,2421,2419,-1,2242,2241,2295,-1,2295,2241,2425,-1,2295,2425,2423,-1,2284,2282,2270,-1,2270,2282,2280,-1,2270,2280,2278,-1,2278,2276,2270,-1,2270,2276,2274,-1,2270,2274,2272,-1,2264,2262,2260,-1,2342,2340,2328,-1,2328,2340,2338,-1,2328,2338,2336,-1,2336,2334,2328,-1,2328,2334,2332,-1,2328,2332,2330,-1,2322,2320,2318,-1,2380,2378,2390,-1,2390,2378,2376,-1,2390,2376,2392,-1,2376,2374,2392,-1,2392,2374,2373,-1,2392,2373,2299,-1,2299,2373,2371,-1,2299,2371,2369,-1,2402,2400,2392,-1,2258,2268,2260,-1,2260,2268,2266,-1,2260,2266,2264,-1,2316,2326,2318,-1,2318,2326,2324,-1,2318,2324,2322,-1,2388,2386,2384,-1,2410,2408,2299,-1,2299,2408,2406,-1,2299,2406,2392,-1,2392,2406,2404,-1,2392,2404,2402,-1,2388,2384,2390,-1,2390,2384,2382,-1,2390,2382,2380,-1,2400,2398,2392,-1,2392,2398,2396,-1,2392,2396,2394,-1,2426,2427,2428,-1,2426,2428,2429,-1,2429,2428,2430,-1,2429,2430,2431,-1,2431,2430,2432,-1,2431,2432,2433,-1,2433,2432,2434,-1,2433,2434,2435,-1,2435,2434,2436,-1,2435,2436,2437,-1,2437,2436,2438,-1,2437,2438,2439,-1,2439,2438,2440,-1,2439,2440,2441,-1,2442,2443,2440,-1,2440,2443,2441,-1,2443,2442,2444,-1,2443,2444,2445,-1,2445,2444,2446,-1,2445,2446,2447,-1,2447,2446,2448,-1,2447,2448,2449,-1,2449,2448,2450,-1,2449,2450,2451,-1,2451,2450,2452,-1,2451,2452,2453,-1,2453,2452,2454,-1,2453,2454,2455,-1,2456,2457,2454,-1,2454,2457,2455,-1,2457,2456,2458,-1,2457,2458,2459,-1,2459,2458,2460,-1,2459,2460,2461,-1,2461,2460,2462,-1,2461,2462,2463,-1,2463,2462,2464,-1,2463,2464,2465,-1,2465,2464,2466,-1,2465,2466,2467,-1,2467,2466,2468,-1,2467,2468,2469,-1,2470,2471,2468,-1,2468,2471,2469,-1,2471,2470,2472,-1,2472,2470,2473,-1,2472,2473,2474,-1,2474,2473,2475,-1,2474,2475,2476,-1,2476,2475,2477,-1,2476,2477,2478,-1,2478,2477,2479,-1,2478,2479,2480,-1,2480,2479,2481,-1,2480,2481,2482,-1,2482,2481,2483,-1,2482,2483,2484,-1,2484,2483,2485,-1,2484,2485,2486,-1,2486,2485,2487,-1,2486,2487,2488,-1,2488,2487,2489,-1,2488,2489,2490,-1,2490,2489,2491,-1,2490,2491,2492,-1,2492,2491,2493,-1,2492,2493,2494,-1,2494,2493,2495,-1,2494,2495,2496,-1,2496,2495,2497,-1,2496,2497,2498,-1,2498,2497,2499,-1,2500,2501,2499,-1,2499,2501,2498,-1,2501,2500,2502,-1,2501,2502,2503,-1,2503,2502,2504,-1,2503,2504,2505,-1,2505,2504,2506,-1,2505,2506,2507,-1,2507,2506,2508,-1,2507,2508,2509,-1,2509,2508,2510,-1,2509,2510,2511,-1,2511,2510,2512,-1,2511,2512,2513,-1,2514,2515,2512,-1,2512,2515,2513,-1,2515,2514,2516,-1,2515,2516,2517,-1,2517,2516,2518,-1,2517,2518,2519,-1,2519,2518,2520,-1,2519,2520,2521,-1,2521,2520,2522,-1,2521,2522,2523,-1,2523,2522,2524,-1,2523,2524,2525,-1,2525,2524,2526,-1,2525,2526,2527,-1,2528,2529,2526,-1,2526,2529,2527,-1,2529,2528,2530,-1,2529,2530,2531,-1,2531,2530,2532,-1,2531,2532,2533,-1,2533,2532,2534,-1,2533,2534,2535,-1,2535,2534,2536,-1,2535,2536,2537,-1,2537,2536,2538,-1,2537,2538,2539,-1,2539,2538,2540,-1,2539,2540,2541,-1,2541,2540,2542,-1,2541,2542,2543,-1,2544,2545,2542,-1,2542,2545,2543,-1,2545,2544,2546,-1,2546,2544,2547,-1,2546,2547,2548,-1,2548,2547,2549,-1,2548,2549,2550,-1,2550,2549,2551,-1,2550,2551,2552,-1,2552,2551,2553,-1,2552,2553,2554,-1,2554,2553,2555,-1,2554,2555,2556,-1,2556,2555,2557,-1,2556,2557,2558,-1,2558,2557,2559,-1,2560,2561,2559,-1,2559,2561,2558,-1,2560,2562,2561,-1,2561,2562,2563,-1,2564,2565,2562,-1,2562,2565,2563,-1,2565,2564,2566,-1,2565,2566,2567,-1,2567,2566,2568,-1,2567,2568,2569,-1,2569,2568,2570,-1,2569,2570,2571,-1,2571,2570,2572,-1,2571,2572,2573,-1,2573,2572,2574,-1,2573,2574,2575,-1,2575,2574,2576,-1,2575,2576,2577,-1,2578,2579,2576,-1,2576,2579,2577,-1,2579,2578,2580,-1,2579,2580,2581,-1,2581,2580,2582,-1,2581,2582,2583,-1,2583,2582,2584,-1,2583,2584,2585,-1,2585,2584,2586,-1,2585,2586,2587,-1,2587,2586,2588,-1,2587,2588,2589,-1,2589,2588,2590,-1,2589,2590,2591,-1,2592,2593,2590,-1,2590,2593,2591,-1,2592,2594,2593,-1,2593,2594,2595,-1,2596,2597,2594,-1,2594,2597,2595,-1,2597,2596,2598,-1,2598,2596,2599,-1,2598,2599,2600,-1,2600,2599,2601,-1,2600,2601,2602,-1,2602,2601,2603,-1,2602,2603,2604,-1,2604,2603,2605,-1,2604,2605,2606,-1,2606,2605,2607,-1,2606,2607,2608,-1,2608,2607,2609,-1,2608,2609,2610,-1,2610,2609,2611,-1,2427,2426,2611,-1,2611,2426,2610,-1,2535,2537,2488,-1,2488,2537,2539,-1,2488,2539,2541,-1,2471,2472,2441,-1,2431,2433,2480,-1,2602,2482,2600,-1,2600,2482,2484,-1,2600,2484,2598,-1,2598,2484,2597,-1,2492,2529,2490,-1,2490,2529,2531,-1,2490,2531,2488,-1,2488,2531,2533,-1,2488,2533,2535,-1,2492,2494,2529,-1,2529,2494,2496,-1,2529,2496,2498,-1,2602,2604,2482,-1,2482,2604,2606,-1,2482,2606,2480,-1,2480,2606,2608,-1,2480,2608,2610,-1,2472,2474,2441,-1,2441,2474,2476,-1,2441,2476,2439,-1,2439,2476,2478,-1,2439,2478,2437,-1,2437,2478,2480,-1,2437,2480,2435,-1,2435,2480,2433,-1,2610,2426,2480,-1,2480,2426,2429,-1,2480,2429,2431,-1,2554,2484,2552,-1,2552,2484,2486,-1,2552,2486,2550,-1,2488,2546,2486,-1,2486,2546,2548,-1,2486,2548,2550,-1,2554,2556,2484,-1,2484,2556,2558,-1,2484,2558,2579,-1,2541,2543,2488,-1,2488,2543,2545,-1,2488,2545,2546,-1,2513,2501,2503,-1,2525,2527,2515,-1,2515,2527,2529,-1,2515,2529,2513,-1,2513,2529,2498,-1,2513,2498,2501,-1,2467,2469,2457,-1,2457,2469,2471,-1,2457,2471,2455,-1,2455,2471,2441,-1,2455,2441,2443,-1,2589,2591,2579,-1,2579,2591,2593,-1,2579,2593,2484,-1,2484,2593,2595,-1,2484,2595,2597,-1,2575,2577,2567,-1,2447,2449,2451,-1,2581,2583,2585,-1,2503,2505,2513,-1,2513,2505,2507,-1,2513,2507,2511,-1,2511,2507,2509,-1,2517,2519,2521,-1,2443,2445,2455,-1,2455,2445,2447,-1,2455,2447,2453,-1,2453,2447,2451,-1,2459,2461,2463,-1,2581,2585,2579,-1,2579,2585,2587,-1,2579,2587,2589,-1,2558,2561,2579,-1,2579,2561,2563,-1,2579,2563,2577,-1,2577,2563,2565,-1,2577,2565,2567,-1,2517,2521,2515,-1,2515,2521,2523,-1,2515,2523,2525,-1,2459,2463,2457,-1,2457,2463,2465,-1,2457,2465,2467,-1,2569,2571,2567,-1,2567,2571,2573,-1,2567,2573,2575,-1,2605,2603,2483,-1,2430,2428,2481,-1,2485,2599,2596,-1,2553,2487,2555,-1,2555,2487,2485,-1,2483,2603,2485,-1,2485,2603,2601,-1,2485,2601,2599,-1,2481,2609,2483,-1,2483,2609,2607,-1,2483,2607,2605,-1,2475,2473,2440,-1,2440,2473,2470,-1,2538,2536,2489,-1,2428,2427,2481,-1,2481,2427,2611,-1,2481,2611,2609,-1,2436,2434,2481,-1,2481,2434,2432,-1,2481,2432,2430,-1,2436,2481,2438,-1,2438,2481,2479,-1,2438,2479,2440,-1,2440,2479,2477,-1,2440,2477,2475,-1,2499,2497,2528,-1,2553,2551,2487,-1,2487,2551,2549,-1,2487,2549,2489,-1,2489,2549,2547,-1,2489,2547,2544,-1,2544,2542,2489,-1,2489,2542,2540,-1,2489,2540,2538,-1,2596,2594,2485,-1,2485,2594,2592,-1,2485,2592,2578,-1,2578,2592,2590,-1,2578,2590,2588,-1,2497,2495,2528,-1,2528,2495,2493,-1,2528,2493,2530,-1,2530,2493,2491,-1,2530,2491,2532,-1,2532,2491,2489,-1,2532,2489,2534,-1,2534,2489,2536,-1,2562,2578,2576,-1,2456,2468,2466,-1,2444,2442,2454,-1,2454,2442,2440,-1,2454,2440,2456,-1,2456,2440,2470,-1,2456,2470,2468,-1,2562,2560,2578,-1,2578,2560,2559,-1,2578,2559,2485,-1,2485,2559,2557,-1,2485,2557,2555,-1,2588,2586,2578,-1,2578,2586,2584,-1,2578,2584,2580,-1,2580,2584,2582,-1,2450,2448,2446,-1,2466,2464,2456,-1,2456,2464,2462,-1,2456,2462,2458,-1,2458,2462,2460,-1,2514,2526,2524,-1,2502,2500,2512,-1,2512,2500,2499,-1,2512,2499,2514,-1,2514,2499,2528,-1,2514,2528,2526,-1,2574,2566,2576,-1,2576,2566,2564,-1,2576,2564,2562,-1,2444,2454,2446,-1,2446,2454,2452,-1,2446,2452,2450,-1,2524,2522,2514,-1,2514,2522,2520,-1,2514,2520,2516,-1,2516,2520,2518,-1,2510,2508,2506,-1,2574,2572,2566,-1,2566,2572,2570,-1,2566,2570,2568,-1,2510,2506,2512,-1,2512,2506,2504,-1,2512,2504,2502,-1,2612,2613,2614,-1,2612,2614,2615,-1,2615,2614,2616,-1,2615,2616,2617,-1,2617,2616,2618,-1,2617,2618,2619,-1,2619,2618,2620,-1,2619,2620,2621,-1,2621,2620,2622,-1,2621,2622,2623,-1,2623,2622,2624,-1,2623,2624,2625,-1,2625,2624,2626,-1,2625,2626,2627,-1,2628,2629,2626,-1,2626,2629,2627,-1,2629,2628,2630,-1,2629,2630,2631,-1,2631,2630,2632,-1,2631,2632,2633,-1,2633,2632,2634,-1,2633,2634,2635,-1,2635,2634,2636,-1,2635,2636,2637,-1,2637,2636,2638,-1,2637,2638,2639,-1,2639,2638,2640,-1,2639,2640,2641,-1,2642,2643,2640,-1,2640,2643,2641,-1,2643,2642,2644,-1,2643,2644,2645,-1,2645,2644,2646,-1,2645,2646,2647,-1,2647,2646,2648,-1,2647,2648,2649,-1,2649,2648,2650,-1,2649,2650,2651,-1,2651,2650,2652,-1,2651,2652,2653,-1,2653,2652,2654,-1,2653,2654,2655,-1,2656,2657,2654,-1,2654,2657,2655,-1,2657,2656,2658,-1,2658,2656,2659,-1,2658,2659,2660,-1,2660,2659,2661,-1,2660,2661,2662,-1,2662,2661,2663,-1,2662,2663,2664,-1,2664,2663,2665,-1,2664,2665,2666,-1,2666,2665,2667,-1,2666,2667,2668,-1,2668,2667,2669,-1,2668,2669,2670,-1,2670,2669,2671,-1,2670,2671,2672,-1,2672,2671,2673,-1,2672,2673,2674,-1,2674,2673,2675,-1,2674,2675,2676,-1,2676,2675,2677,-1,2676,2677,2678,-1,2678,2677,2679,-1,2678,2679,2680,-1,2680,2679,2681,-1,2680,2681,2682,-1,2682,2681,2683,-1,2682,2683,2684,-1,2684,2683,2685,-1,2686,2687,2685,-1,2685,2687,2684,-1,2687,2686,2688,-1,2687,2688,2689,-1,2689,2688,2690,-1,2689,2690,2691,-1,2691,2690,2692,-1,2691,2692,2693,-1,2693,2692,2694,-1,2693,2694,2695,-1,2695,2694,2696,-1,2695,2696,2697,-1,2697,2696,2698,-1,2697,2698,2699,-1,2700,2701,2698,-1,2698,2701,2699,-1,2701,2700,2702,-1,2701,2702,2703,-1,2703,2702,2704,-1,2703,2704,2705,-1,2705,2704,2706,-1,2705,2706,2707,-1,2707,2706,2708,-1,2707,2708,2709,-1,2709,2708,2710,-1,2709,2710,2711,-1,2711,2710,2712,-1,2711,2712,2713,-1,2714,2715,2712,-1,2712,2715,2713,-1,2715,2714,2716,-1,2715,2716,2717,-1,2717,2716,2718,-1,2717,2718,2719,-1,2719,2718,2720,-1,2719,2720,2721,-1,2721,2720,2722,-1,2721,2722,2723,-1,2723,2722,2724,-1,2723,2724,2725,-1,2725,2724,2726,-1,2725,2726,2727,-1,2727,2726,2728,-1,2727,2728,2729,-1,2730,2731,2728,-1,2728,2731,2729,-1,2731,2730,2732,-1,2732,2730,2733,-1,2732,2733,2734,-1,2734,2733,2735,-1,2734,2735,2736,-1,2736,2735,2737,-1,2736,2737,2738,-1,2738,2737,2739,-1,2738,2739,2740,-1,2740,2739,2741,-1,2740,2741,2742,-1,2742,2741,2743,-1,2742,2743,2744,-1,2744,2743,2745,-1,2746,2747,2745,-1,2745,2747,2744,-1,2746,2748,2747,-1,2747,2748,2749,-1,2750,2751,2748,-1,2748,2751,2749,-1,2751,2750,2752,-1,2751,2752,2753,-1,2753,2752,2754,-1,2753,2754,2755,-1,2755,2754,2756,-1,2755,2756,2757,-1,2757,2756,2758,-1,2757,2758,2759,-1,2759,2758,2760,-1,2759,2760,2761,-1,2761,2760,2762,-1,2761,2762,2763,-1,2764,2765,2762,-1,2762,2765,2763,-1,2765,2764,2766,-1,2765,2766,2767,-1,2767,2766,2768,-1,2767,2768,2769,-1,2769,2768,2770,-1,2769,2770,2771,-1,2771,2770,2772,-1,2771,2772,2773,-1,2773,2772,2774,-1,2773,2774,2775,-1,2775,2774,2776,-1,2775,2776,2777,-1,2778,2779,2776,-1,2776,2779,2777,-1,2778,2780,2779,-1,2779,2780,2781,-1,2782,2783,2780,-1,2780,2783,2781,-1,2783,2782,2784,-1,2784,2782,2785,-1,2784,2785,2786,-1,2786,2785,2787,-1,2786,2787,2788,-1,2788,2787,2789,-1,2788,2789,2790,-1,2790,2789,2791,-1,2790,2791,2792,-1,2792,2791,2793,-1,2792,2793,2794,-1,2794,2793,2795,-1,2794,2795,2796,-1,2796,2795,2797,-1,2613,2612,2797,-1,2797,2612,2796,-1,2736,2738,2672,-1,2721,2723,2674,-1,2674,2723,2725,-1,2674,2725,2727,-1,2657,2658,2627,-1,2617,2619,2666,-1,2788,2668,2786,-1,2786,2668,2670,-1,2786,2670,2784,-1,2678,2715,2676,-1,2676,2715,2717,-1,2676,2717,2674,-1,2674,2717,2719,-1,2674,2719,2721,-1,2678,2680,2715,-1,2715,2680,2682,-1,2715,2682,2684,-1,2788,2790,2668,-1,2668,2790,2792,-1,2668,2792,2666,-1,2666,2792,2794,-1,2666,2794,2796,-1,2658,2660,2627,-1,2627,2660,2662,-1,2627,2662,2625,-1,2625,2662,2664,-1,2625,2664,2623,-1,2623,2664,2666,-1,2623,2666,2621,-1,2621,2666,2619,-1,2796,2612,2666,-1,2666,2612,2615,-1,2666,2615,2617,-1,2672,2738,2670,-1,2670,2738,2740,-1,2670,2740,2742,-1,2674,2732,2672,-1,2672,2732,2734,-1,2672,2734,2736,-1,2775,2777,2765,-1,2779,2781,2670,-1,2670,2781,2783,-1,2670,2783,2784,-1,2761,2763,2753,-1,2727,2729,2674,-1,2674,2729,2731,-1,2674,2731,2732,-1,2699,2687,2689,-1,2711,2713,2701,-1,2701,2713,2715,-1,2701,2715,2699,-1,2699,2715,2684,-1,2699,2684,2687,-1,2641,2629,2631,-1,2653,2655,2643,-1,2643,2655,2657,-1,2643,2657,2641,-1,2641,2657,2627,-1,2641,2627,2629,-1,2742,2744,2670,-1,2670,2744,2765,-1,2670,2765,2779,-1,2779,2765,2777,-1,2767,2769,2771,-1,2744,2747,2765,-1,2765,2747,2749,-1,2765,2749,2763,-1,2763,2749,2751,-1,2763,2751,2753,-1,2689,2691,2699,-1,2699,2691,2693,-1,2699,2693,2697,-1,2697,2693,2695,-1,2703,2705,2707,-1,2631,2633,2641,-1,2641,2633,2635,-1,2641,2635,2639,-1,2639,2635,2637,-1,2645,2647,2649,-1,2767,2771,2765,-1,2765,2771,2773,-1,2765,2773,2775,-1,2703,2707,2701,-1,2701,2707,2709,-1,2701,2709,2711,-1,2645,2649,2643,-1,2643,2649,2651,-1,2643,2651,2653,-1,2755,2757,2753,-1,2753,2757,2759,-1,2753,2759,2761,-1,2791,2789,2669,-1,2616,2614,2667,-1,2671,2785,2782,-1,2739,2673,2741,-1,2741,2673,2671,-1,2669,2789,2671,-1,2671,2789,2787,-1,2671,2787,2785,-1,2667,2795,2669,-1,2669,2795,2793,-1,2669,2793,2791,-1,2661,2659,2626,-1,2626,2659,2656,-1,2724,2722,2675,-1,2614,2613,2667,-1,2667,2613,2797,-1,2667,2797,2795,-1,2622,2620,2667,-1,2667,2620,2618,-1,2667,2618,2616,-1,2622,2667,2624,-1,2624,2667,2665,-1,2624,2665,2626,-1,2626,2665,2663,-1,2626,2663,2661,-1,2685,2683,2714,-1,2739,2737,2673,-1,2673,2737,2735,-1,2673,2735,2675,-1,2675,2735,2733,-1,2675,2733,2730,-1,2730,2728,2675,-1,2675,2728,2726,-1,2675,2726,2724,-1,2782,2780,2671,-1,2671,2780,2778,-1,2671,2778,2764,-1,2764,2778,2776,-1,2764,2776,2774,-1,2683,2681,2714,-1,2714,2681,2679,-1,2714,2679,2716,-1,2716,2679,2677,-1,2716,2677,2718,-1,2718,2677,2675,-1,2718,2675,2720,-1,2720,2675,2722,-1,2748,2764,2762,-1,2642,2654,2652,-1,2630,2628,2640,-1,2640,2628,2626,-1,2640,2626,2642,-1,2642,2626,2656,-1,2642,2656,2654,-1,2748,2746,2764,-1,2764,2746,2745,-1,2764,2745,2671,-1,2671,2745,2743,-1,2671,2743,2741,-1,2774,2772,2764,-1,2764,2772,2770,-1,2764,2770,2766,-1,2766,2770,2768,-1,2652,2650,2642,-1,2642,2650,2648,-1,2642,2648,2644,-1,2644,2648,2646,-1,2638,2636,2634,-1,2700,2712,2710,-1,2688,2686,2698,-1,2698,2686,2685,-1,2698,2685,2700,-1,2700,2685,2714,-1,2700,2714,2712,-1,2760,2752,2762,-1,2762,2752,2750,-1,2762,2750,2748,-1,2638,2634,2640,-1,2640,2634,2632,-1,2640,2632,2630,-1,2710,2708,2700,-1,2700,2708,2706,-1,2700,2706,2702,-1,2702,2706,2704,-1,2696,2694,2692,-1,2760,2758,2752,-1,2752,2758,2756,-1,2752,2756,2754,-1,2696,2692,2698,-1,2698,2692,2690,-1,2698,2690,2688,-1,2798,2799,2800,-1,2798,2800,2801,-1,2801,2800,2802,-1,2801,2802,2803,-1,2803,2802,2804,-1,2803,2804,2805,-1,2805,2804,2806,-1,2805,2806,2807,-1,2807,2806,2808,-1,2807,2808,2809,-1,2809,2808,2810,-1,2809,2810,2811,-1,2811,2810,2812,-1,2811,2812,2813,-1,2814,2815,2812,-1,2812,2815,2813,-1,2815,2814,2816,-1,2815,2816,2817,-1,2817,2816,2818,-1,2817,2818,2819,-1,2819,2818,2820,-1,2819,2820,2821,-1,2821,2820,2822,-1,2821,2822,2823,-1,2823,2822,2824,-1,2823,2824,2825,-1,2825,2824,2826,-1,2825,2826,2827,-1,2828,2829,2826,-1,2826,2829,2827,-1,2829,2828,2830,-1,2829,2830,2831,-1,2831,2830,2832,-1,2831,2832,2833,-1,2833,2832,2834,-1,2833,2834,2835,-1,2835,2834,2836,-1,2835,2836,2837,-1,2837,2836,2838,-1,2837,2838,2839,-1,2839,2838,2840,-1,2839,2840,2841,-1,2842,2843,2840,-1,2840,2843,2841,-1,2843,2842,2844,-1,2844,2842,2845,-1,2844,2845,2846,-1,2846,2845,2847,-1,2846,2847,2848,-1,2848,2847,2849,-1,2848,2849,2850,-1,2850,2849,2851,-1,2850,2851,2852,-1,2852,2851,2853,-1,2852,2853,2854,-1,2854,2853,2855,-1,2854,2855,2856,-1,2856,2855,2857,-1,2856,2857,2858,-1,2858,2857,2859,-1,2858,2859,2860,-1,2860,2859,2861,-1,2860,2861,2862,-1,2862,2861,2863,-1,2862,2863,2864,-1,2864,2863,2865,-1,2864,2865,2866,-1,2866,2865,2867,-1,2866,2867,2868,-1,2868,2867,2869,-1,2868,2869,2870,-1,2870,2869,2871,-1,2872,2873,2871,-1,2871,2873,2870,-1,2873,2872,2874,-1,2873,2874,2875,-1,2875,2874,2876,-1,2875,2876,2877,-1,2877,2876,2878,-1,2877,2878,2879,-1,2879,2878,2880,-1,2879,2880,2881,-1,2881,2880,2882,-1,2881,2882,2883,-1,2883,2882,2884,-1,2883,2884,2885,-1,2886,2887,2884,-1,2884,2887,2885,-1,2887,2886,2888,-1,2887,2888,2889,-1,2889,2888,2890,-1,2889,2890,2891,-1,2891,2890,2892,-1,2891,2892,2893,-1,2893,2892,2894,-1,2893,2894,2895,-1,2895,2894,2896,-1,2895,2896,2897,-1,2897,2896,2898,-1,2897,2898,2899,-1,2900,2901,2898,-1,2898,2901,2899,-1,2901,2900,2902,-1,2901,2902,2903,-1,2903,2902,2904,-1,2903,2904,2905,-1,2905,2904,2906,-1,2905,2906,2907,-1,2907,2906,2908,-1,2907,2908,2909,-1,2909,2908,2910,-1,2909,2910,2911,-1,2911,2910,2912,-1,2911,2912,2913,-1,2913,2912,2914,-1,2913,2914,2915,-1,2916,2917,2914,-1,2914,2917,2915,-1,2917,2916,2918,-1,2918,2916,2919,-1,2918,2919,2920,-1,2920,2919,2921,-1,2920,2921,2922,-1,2922,2921,2923,-1,2922,2923,2924,-1,2924,2923,2925,-1,2924,2925,2926,-1,2926,2925,2927,-1,2926,2927,2928,-1,2928,2927,2929,-1,2928,2929,2930,-1,2930,2929,2931,-1,2932,2933,2931,-1,2931,2933,2930,-1,2932,2934,2933,-1,2933,2934,2935,-1,2936,2937,2934,-1,2934,2937,2935,-1,2937,2936,2938,-1,2937,2938,2939,-1,2939,2938,2940,-1,2939,2940,2941,-1,2941,2940,2942,-1,2941,2942,2943,-1,2943,2942,2944,-1,2943,2944,2945,-1,2945,2944,2946,-1,2945,2946,2947,-1,2947,2946,2948,-1,2947,2948,2949,-1,2950,2951,2948,-1,2948,2951,2949,-1,2951,2950,2952,-1,2951,2952,2953,-1,2953,2952,2954,-1,2953,2954,2955,-1,2955,2954,2956,-1,2955,2956,2957,-1,2957,2956,2958,-1,2957,2958,2959,-1,2959,2958,2960,-1,2959,2960,2961,-1,2961,2960,2962,-1,2961,2962,2963,-1,2964,2965,2962,-1,2962,2965,2963,-1,2964,2966,2965,-1,2965,2966,2967,-1,2968,2969,2966,-1,2966,2969,2967,-1,2969,2968,2970,-1,2970,2968,2971,-1,2970,2971,2972,-1,2972,2971,2973,-1,2972,2973,2974,-1,2974,2973,2975,-1,2974,2975,2976,-1,2976,2975,2977,-1,2976,2977,2978,-1,2978,2977,2979,-1,2978,2979,2980,-1,2980,2979,2981,-1,2980,2981,2982,-1,2982,2981,2983,-1,2799,2798,2983,-1,2983,2798,2982,-1,2922,2924,2858,-1,2907,2909,2860,-1,2860,2909,2911,-1,2860,2911,2913,-1,2843,2844,2813,-1,2803,2805,2852,-1,2974,2854,2972,-1,2972,2854,2856,-1,2972,2856,2970,-1,2864,2901,2862,-1,2862,2901,2903,-1,2862,2903,2860,-1,2860,2903,2905,-1,2860,2905,2907,-1,2864,2866,2901,-1,2901,2866,2868,-1,2901,2868,2870,-1,2974,2976,2854,-1,2854,2976,2978,-1,2854,2978,2852,-1,2852,2978,2980,-1,2852,2980,2982,-1,2844,2846,2813,-1,2813,2846,2848,-1,2813,2848,2811,-1,2811,2848,2850,-1,2811,2850,2809,-1,2809,2850,2852,-1,2809,2852,2807,-1,2807,2852,2805,-1,2982,2798,2852,-1,2852,2798,2801,-1,2852,2801,2803,-1,2858,2924,2856,-1,2856,2924,2926,-1,2856,2926,2928,-1,2860,2918,2858,-1,2858,2918,2920,-1,2858,2920,2922,-1,2961,2963,2951,-1,2965,2967,2856,-1,2856,2967,2969,-1,2856,2969,2970,-1,2947,2949,2939,-1,2913,2915,2860,-1,2860,2915,2917,-1,2860,2917,2918,-1,2885,2873,2875,-1,2897,2899,2887,-1,2887,2899,2901,-1,2887,2901,2885,-1,2885,2901,2870,-1,2885,2870,2873,-1,2827,2815,2817,-1,2839,2841,2829,-1,2829,2841,2843,-1,2829,2843,2827,-1,2827,2843,2813,-1,2827,2813,2815,-1,2928,2930,2856,-1,2856,2930,2951,-1,2856,2951,2965,-1,2965,2951,2963,-1,2953,2955,2957,-1,2930,2933,2951,-1,2951,2933,2935,-1,2951,2935,2949,-1,2949,2935,2937,-1,2949,2937,2939,-1,2875,2877,2885,-1,2885,2877,2879,-1,2885,2879,2883,-1,2883,2879,2881,-1,2889,2891,2893,-1,2817,2819,2827,-1,2827,2819,2821,-1,2827,2821,2825,-1,2825,2821,2823,-1,2831,2833,2835,-1,2953,2957,2951,-1,2951,2957,2959,-1,2951,2959,2961,-1,2889,2893,2887,-1,2887,2893,2895,-1,2887,2895,2897,-1,2831,2835,2829,-1,2829,2835,2837,-1,2829,2837,2839,-1,2941,2943,2939,-1,2939,2943,2945,-1,2939,2945,2947,-1,2977,2975,2855,-1,2802,2800,2853,-1,2857,2971,2968,-1,2925,2859,2927,-1,2927,2859,2857,-1,2855,2975,2857,-1,2857,2975,2973,-1,2857,2973,2971,-1,2853,2981,2855,-1,2855,2981,2979,-1,2855,2979,2977,-1,2847,2845,2812,-1,2812,2845,2842,-1,2910,2908,2861,-1,2800,2799,2853,-1,2853,2799,2983,-1,2853,2983,2981,-1,2808,2806,2853,-1,2853,2806,2804,-1,2853,2804,2802,-1,2808,2853,2810,-1,2810,2853,2851,-1,2810,2851,2812,-1,2812,2851,2849,-1,2812,2849,2847,-1,2871,2869,2900,-1,2925,2923,2859,-1,2859,2923,2921,-1,2859,2921,2861,-1,2861,2921,2919,-1,2861,2919,2916,-1,2916,2914,2861,-1,2861,2914,2912,-1,2861,2912,2910,-1,2968,2966,2857,-1,2857,2966,2964,-1,2857,2964,2950,-1,2950,2964,2962,-1,2950,2962,2960,-1,2869,2867,2900,-1,2900,2867,2865,-1,2900,2865,2902,-1,2902,2865,2863,-1,2902,2863,2904,-1,2904,2863,2861,-1,2904,2861,2906,-1,2906,2861,2908,-1,2934,2950,2948,-1,2828,2840,2838,-1,2816,2814,2826,-1,2826,2814,2812,-1,2826,2812,2828,-1,2828,2812,2842,-1,2828,2842,2840,-1,2934,2932,2950,-1,2950,2932,2931,-1,2950,2931,2857,-1,2857,2931,2929,-1,2857,2929,2927,-1,2960,2958,2950,-1,2950,2958,2956,-1,2950,2956,2952,-1,2952,2956,2954,-1,2838,2836,2828,-1,2828,2836,2834,-1,2828,2834,2830,-1,2830,2834,2832,-1,2824,2822,2820,-1,2886,2898,2896,-1,2874,2872,2884,-1,2884,2872,2871,-1,2884,2871,2886,-1,2886,2871,2900,-1,2886,2900,2898,-1,2946,2938,2948,-1,2948,2938,2936,-1,2948,2936,2934,-1,2824,2820,2826,-1,2826,2820,2818,-1,2826,2818,2816,-1,2896,2894,2886,-1,2886,2894,2892,-1,2886,2892,2888,-1,2888,2892,2890,-1,2882,2880,2878,-1,2946,2944,2938,-1,2938,2944,2942,-1,2938,2942,2940,-1,2882,2878,2884,-1,2884,2878,2876,-1,2884,2876,2874,-1,2984,2985,2986,-1,2984,2986,2987,-1,2987,2986,2988,-1,2987,2988,2989,-1,2989,2988,2990,-1,2989,2990,2991,-1,2991,2990,2992,-1,2991,2992,2993,-1,2993,2992,2994,-1,2993,2994,2995,-1,2995,2994,2996,-1,2995,2996,2997,-1,2997,2996,2998,-1,2997,2998,2999,-1,3000,3001,2998,-1,2998,3001,2999,-1,3001,3000,3002,-1,3001,3002,3003,-1,3003,3002,3004,-1,3003,3004,3005,-1,3005,3004,3006,-1,3005,3006,3007,-1,3007,3006,3008,-1,3007,3008,3009,-1,3009,3008,3010,-1,3009,3010,3011,-1,3011,3010,3012,-1,3011,3012,3013,-1,3014,3015,3012,-1,3012,3015,3013,-1,3015,3014,3016,-1,3015,3016,3017,-1,3017,3016,3018,-1,3017,3018,3019,-1,3019,3018,3020,-1,3019,3020,3021,-1,3021,3020,3022,-1,3021,3022,3023,-1,3023,3022,3024,-1,3023,3024,3025,-1,3025,3024,3026,-1,3025,3026,3027,-1,3028,3029,3026,-1,3026,3029,3027,-1,3029,3028,3030,-1,3030,3028,3031,-1,3030,3031,3032,-1,3032,3031,3033,-1,3032,3033,3034,-1,3034,3033,3035,-1,3034,3035,3036,-1,3036,3035,3037,-1,3036,3037,3038,-1,3038,3037,3039,-1,3038,3039,3040,-1,3040,3039,3041,-1,3040,3041,3042,-1,3042,3041,3043,-1,3042,3043,3044,-1,3044,3043,3045,-1,3044,3045,3046,-1,3046,3045,3047,-1,3046,3047,3048,-1,3048,3047,3049,-1,3048,3049,3050,-1,3050,3049,3051,-1,3050,3051,3052,-1,3052,3051,3053,-1,3052,3053,3054,-1,3054,3053,3055,-1,3054,3055,3056,-1,3056,3055,3057,-1,3058,3059,3057,-1,3057,3059,3056,-1,3059,3058,3060,-1,3059,3060,3061,-1,3061,3060,3062,-1,3061,3062,3063,-1,3063,3062,3064,-1,3063,3064,3065,-1,3065,3064,3066,-1,3065,3066,3067,-1,3067,3066,3068,-1,3067,3068,3069,-1,3069,3068,3070,-1,3069,3070,3071,-1,3072,3073,3070,-1,3070,3073,3071,-1,3073,3072,3074,-1,3073,3074,3075,-1,3075,3074,3076,-1,3075,3076,3077,-1,3077,3076,3078,-1,3077,3078,3079,-1,3079,3078,3080,-1,3079,3080,3081,-1,3081,3080,3082,-1,3081,3082,3083,-1,3083,3082,3084,-1,3083,3084,3085,-1,3086,3087,3084,-1,3084,3087,3085,-1,3087,3086,3088,-1,3087,3088,3089,-1,3089,3088,3090,-1,3089,3090,3091,-1,3091,3090,3092,-1,3091,3092,3093,-1,3093,3092,3094,-1,3093,3094,3095,-1,3095,3094,3096,-1,3095,3096,3097,-1,3097,3096,3098,-1,3097,3098,3099,-1,3099,3098,3100,-1,3099,3100,3101,-1,3102,3103,3100,-1,3100,3103,3101,-1,3103,3102,3104,-1,3104,3102,3105,-1,3104,3105,3106,-1,3106,3105,3107,-1,3106,3107,3108,-1,3108,3107,3109,-1,3108,3109,3110,-1,3110,3109,3111,-1,3110,3111,3112,-1,3112,3111,3113,-1,3112,3113,3114,-1,3114,3113,3115,-1,3114,3115,3116,-1,3116,3115,3117,-1,3118,3119,3117,-1,3117,3119,3116,-1,3118,3120,3119,-1,3119,3120,3121,-1,3122,3123,3120,-1,3120,3123,3121,-1,3123,3122,3124,-1,3123,3124,3125,-1,3125,3124,3126,-1,3125,3126,3127,-1,3127,3126,3128,-1,3127,3128,3129,-1,3129,3128,3130,-1,3129,3130,3131,-1,3131,3130,3132,-1,3131,3132,3133,-1,3133,3132,3134,-1,3133,3134,3135,-1,3136,3137,3134,-1,3134,3137,3135,-1,3137,3136,3138,-1,3137,3138,3139,-1,3139,3138,3140,-1,3139,3140,3141,-1,3141,3140,3142,-1,3141,3142,3143,-1,3143,3142,3144,-1,3143,3144,3145,-1,3145,3144,3146,-1,3145,3146,3147,-1,3147,3146,3148,-1,3147,3148,3149,-1,3150,3151,3148,-1,3148,3151,3149,-1,3150,3152,3151,-1,3151,3152,3153,-1,3154,3155,3152,-1,3152,3155,3153,-1,3155,3154,3156,-1,3156,3154,3157,-1,3156,3157,3158,-1,3158,3157,3159,-1,3158,3159,3160,-1,3160,3159,3161,-1,3160,3161,3162,-1,3162,3161,3163,-1,3162,3163,3164,-1,3164,3163,3165,-1,3164,3165,3166,-1,3166,3165,3167,-1,3166,3167,3168,-1,3168,3167,3169,-1,2985,2984,3169,-1,3169,2984,3168,-1,3108,3110,3044,-1,3093,3095,3046,-1,3046,3095,3097,-1,3046,3097,3099,-1,3029,3030,2999,-1,2989,2991,3038,-1,3160,3040,3158,-1,3158,3040,3042,-1,3158,3042,3156,-1,3050,3087,3048,-1,3048,3087,3089,-1,3048,3089,3046,-1,3046,3089,3091,-1,3046,3091,3093,-1,3050,3052,3087,-1,3087,3052,3054,-1,3087,3054,3056,-1,3160,3162,3040,-1,3040,3162,3164,-1,3040,3164,3038,-1,3038,3164,3166,-1,3038,3166,3168,-1,3030,3032,2999,-1,2999,3032,3034,-1,2999,3034,2997,-1,2997,3034,3036,-1,2997,3036,2995,-1,2995,3036,3038,-1,2995,3038,2993,-1,2993,3038,2991,-1,3168,2984,3038,-1,3038,2984,2987,-1,3038,2987,2989,-1,3044,3110,3042,-1,3042,3110,3112,-1,3042,3112,3114,-1,3046,3104,3044,-1,3044,3104,3106,-1,3044,3106,3108,-1,3147,3149,3137,-1,3151,3153,3042,-1,3042,3153,3155,-1,3042,3155,3156,-1,3133,3135,3125,-1,3099,3101,3046,-1,3046,3101,3103,-1,3046,3103,3104,-1,3071,3059,3061,-1,3083,3085,3073,-1,3073,3085,3087,-1,3073,3087,3071,-1,3071,3087,3056,-1,3071,3056,3059,-1,3013,3001,3003,-1,3025,3027,3015,-1,3015,3027,3029,-1,3015,3029,3013,-1,3013,3029,2999,-1,3013,2999,3001,-1,3114,3116,3042,-1,3042,3116,3137,-1,3042,3137,3151,-1,3151,3137,3149,-1,3139,3141,3143,-1,3116,3119,3137,-1,3137,3119,3121,-1,3137,3121,3135,-1,3135,3121,3123,-1,3135,3123,3125,-1,3061,3063,3071,-1,3071,3063,3065,-1,3071,3065,3069,-1,3069,3065,3067,-1,3075,3077,3079,-1,3003,3005,3013,-1,3013,3005,3007,-1,3013,3007,3011,-1,3011,3007,3009,-1,3017,3019,3021,-1,3139,3143,3137,-1,3137,3143,3145,-1,3137,3145,3147,-1,3075,3079,3073,-1,3073,3079,3081,-1,3073,3081,3083,-1,3017,3021,3015,-1,3015,3021,3023,-1,3015,3023,3025,-1,3127,3129,3125,-1,3125,3129,3131,-1,3125,3131,3133,-1,3163,3161,3041,-1,2988,2986,3039,-1,3043,3157,3154,-1,3111,3045,3113,-1,3113,3045,3043,-1,3041,3161,3043,-1,3043,3161,3159,-1,3043,3159,3157,-1,3039,3167,3041,-1,3041,3167,3165,-1,3041,3165,3163,-1,3033,3031,2998,-1,2998,3031,3028,-1,3096,3094,3047,-1,2986,2985,3039,-1,3039,2985,3169,-1,3039,3169,3167,-1,2994,2992,3039,-1,3039,2992,2990,-1,3039,2990,2988,-1,2994,3039,2996,-1,2996,3039,3037,-1,2996,3037,2998,-1,2998,3037,3035,-1,2998,3035,3033,-1,3057,3055,3086,-1,3111,3109,3045,-1,3045,3109,3107,-1,3045,3107,3047,-1,3047,3107,3105,-1,3047,3105,3102,-1,3102,3100,3047,-1,3047,3100,3098,-1,3047,3098,3096,-1,3154,3152,3043,-1,3043,3152,3150,-1,3043,3150,3136,-1,3136,3150,3148,-1,3136,3148,3146,-1,3055,3053,3086,-1,3086,3053,3051,-1,3086,3051,3088,-1,3088,3051,3049,-1,3088,3049,3090,-1,3090,3049,3047,-1,3090,3047,3092,-1,3092,3047,3094,-1,3120,3136,3134,-1,3014,3026,3024,-1,3002,3000,3012,-1,3012,3000,2998,-1,3012,2998,3014,-1,3014,2998,3028,-1,3014,3028,3026,-1,3120,3118,3136,-1,3136,3118,3117,-1,3136,3117,3043,-1,3043,3117,3115,-1,3043,3115,3113,-1,3146,3144,3136,-1,3136,3144,3142,-1,3136,3142,3138,-1,3138,3142,3140,-1,3024,3022,3014,-1,3014,3022,3020,-1,3014,3020,3016,-1,3016,3020,3018,-1,3010,3008,3006,-1,3072,3084,3082,-1,3060,3058,3070,-1,3070,3058,3057,-1,3070,3057,3072,-1,3072,3057,3086,-1,3072,3086,3084,-1,3132,3124,3134,-1,3134,3124,3122,-1,3134,3122,3120,-1,3010,3006,3012,-1,3012,3006,3004,-1,3012,3004,3002,-1,3082,3080,3072,-1,3072,3080,3078,-1,3072,3078,3074,-1,3074,3078,3076,-1,3068,3066,3064,-1,3132,3130,3124,-1,3124,3130,3128,-1,3124,3128,3126,-1,3068,3064,3070,-1,3070,3064,3062,-1,3070,3062,3060,-1,3170,3171,3172,-1,3170,3172,3173,-1,3173,3172,3174,-1,3173,3174,3175,-1,3175,3174,3176,-1,3175,3176,3177,-1,3177,3176,3178,-1,3177,3178,3179,-1,3179,3178,3180,-1,3179,3180,3181,-1,3181,3180,3182,-1,3181,3182,3183,-1,3183,3182,3184,-1,3183,3184,3185,-1,3186,3187,3184,-1,3184,3187,3185,-1,3187,3186,3188,-1,3187,3188,3189,-1,3189,3188,3190,-1,3189,3190,3191,-1,3191,3190,3192,-1,3191,3192,3193,-1,3193,3192,3194,-1,3193,3194,3195,-1,3195,3194,3196,-1,3195,3196,3197,-1,3197,3196,3198,-1,3197,3198,3199,-1,3200,3201,3198,-1,3198,3201,3199,-1,3201,3200,3202,-1,3201,3202,3203,-1,3203,3202,3204,-1,3203,3204,3205,-1,3205,3204,3206,-1,3205,3206,3207,-1,3207,3206,3208,-1,3207,3208,3209,-1,3209,3208,3210,-1,3209,3210,3211,-1,3211,3210,3212,-1,3211,3212,3213,-1,3214,3215,3212,-1,3212,3215,3213,-1,3215,3214,3216,-1,3216,3214,3217,-1,3216,3217,3218,-1,3218,3217,3219,-1,3218,3219,3220,-1,3220,3219,3221,-1,3220,3221,3222,-1,3222,3221,3223,-1,3222,3223,3224,-1,3224,3223,3225,-1,3224,3225,3226,-1,3226,3225,3227,-1,3226,3227,3228,-1,3228,3227,3229,-1,3228,3229,3230,-1,3230,3229,3231,-1,3230,3231,3232,-1,3232,3231,3233,-1,3232,3233,3234,-1,3234,3233,3235,-1,3234,3235,3236,-1,3236,3235,3237,-1,3236,3237,3238,-1,3238,3237,3239,-1,3238,3239,3240,-1,3240,3239,3241,-1,3240,3241,3242,-1,3242,3241,3243,-1,3244,3245,3243,-1,3243,3245,3242,-1,3245,3244,3246,-1,3245,3246,3247,-1,3247,3246,3248,-1,3247,3248,3249,-1,3249,3248,3250,-1,3249,3250,3251,-1,3251,3250,3252,-1,3251,3252,3253,-1,3253,3252,3254,-1,3253,3254,3255,-1,3255,3254,3256,-1,3255,3256,3257,-1,3258,3259,3256,-1,3256,3259,3257,-1,3259,3258,3260,-1,3259,3260,3261,-1,3261,3260,3262,-1,3261,3262,3263,-1,3263,3262,3264,-1,3263,3264,3265,-1,3265,3264,3266,-1,3265,3266,3267,-1,3267,3266,3268,-1,3267,3268,3269,-1,3269,3268,3270,-1,3269,3270,3271,-1,3272,3273,3270,-1,3270,3273,3271,-1,3273,3272,3274,-1,3273,3274,3275,-1,3275,3274,3276,-1,3275,3276,3277,-1,3277,3276,3278,-1,3277,3278,3279,-1,3279,3278,3280,-1,3279,3280,3281,-1,3281,3280,3282,-1,3281,3282,3283,-1,3283,3282,3284,-1,3283,3284,3285,-1,3285,3284,3286,-1,3285,3286,3287,-1,3288,3289,3286,-1,3286,3289,3287,-1,3289,3288,3290,-1,3290,3288,3291,-1,3290,3291,3292,-1,3292,3291,3293,-1,3292,3293,3294,-1,3294,3293,3295,-1,3294,3295,3296,-1,3296,3295,3297,-1,3296,3297,3298,-1,3298,3297,3299,-1,3298,3299,3300,-1,3300,3299,3301,-1,3300,3301,3302,-1,3302,3301,3303,-1,3304,3305,3303,-1,3303,3305,3302,-1,3304,3306,3305,-1,3305,3306,3307,-1,3308,3309,3306,-1,3306,3309,3307,-1,3309,3308,3310,-1,3309,3310,3311,-1,3311,3310,3312,-1,3311,3312,3313,-1,3313,3312,3314,-1,3313,3314,3315,-1,3315,3314,3316,-1,3315,3316,3317,-1,3317,3316,3318,-1,3317,3318,3319,-1,3319,3318,3320,-1,3319,3320,3321,-1,3322,3323,3320,-1,3320,3323,3321,-1,3323,3322,3324,-1,3323,3324,3325,-1,3325,3324,3326,-1,3325,3326,3327,-1,3327,3326,3328,-1,3327,3328,3329,-1,3329,3328,3330,-1,3329,3330,3331,-1,3331,3330,3332,-1,3331,3332,3333,-1,3333,3332,3334,-1,3333,3334,3335,-1,3336,3337,3334,-1,3334,3337,3335,-1,3336,3338,3337,-1,3337,3338,3339,-1,3340,3341,3338,-1,3338,3341,3339,-1,3341,3340,3342,-1,3342,3340,3343,-1,3342,3343,3344,-1,3344,3343,3345,-1,3344,3345,3346,-1,3346,3345,3347,-1,3346,3347,3348,-1,3348,3347,3349,-1,3348,3349,3350,-1,3350,3349,3351,-1,3350,3351,3352,-1,3352,3351,3353,-1,3352,3353,3354,-1,3354,3353,3355,-1,3171,3170,3355,-1,3355,3170,3354,-1,3294,3296,3230,-1,3279,3281,3232,-1,3232,3281,3283,-1,3232,3283,3285,-1,3215,3216,3185,-1,3175,3177,3224,-1,3346,3226,3344,-1,3344,3226,3228,-1,3344,3228,3342,-1,3236,3273,3234,-1,3234,3273,3275,-1,3234,3275,3232,-1,3232,3275,3277,-1,3232,3277,3279,-1,3236,3238,3273,-1,3273,3238,3240,-1,3273,3240,3242,-1,3346,3348,3226,-1,3226,3348,3350,-1,3226,3350,3224,-1,3224,3350,3352,-1,3224,3352,3354,-1,3216,3218,3185,-1,3185,3218,3220,-1,3185,3220,3183,-1,3183,3220,3222,-1,3183,3222,3181,-1,3181,3222,3224,-1,3181,3224,3179,-1,3179,3224,3177,-1,3354,3170,3224,-1,3224,3170,3173,-1,3224,3173,3175,-1,3230,3296,3228,-1,3228,3296,3298,-1,3228,3298,3300,-1,3232,3290,3230,-1,3230,3290,3292,-1,3230,3292,3294,-1,3333,3335,3323,-1,3337,3339,3228,-1,3228,3339,3341,-1,3228,3341,3342,-1,3319,3321,3311,-1,3285,3287,3232,-1,3232,3287,3289,-1,3232,3289,3290,-1,3257,3245,3247,-1,3269,3271,3259,-1,3259,3271,3273,-1,3259,3273,3257,-1,3257,3273,3242,-1,3257,3242,3245,-1,3199,3187,3189,-1,3211,3213,3201,-1,3201,3213,3215,-1,3201,3215,3199,-1,3199,3215,3185,-1,3199,3185,3187,-1,3300,3302,3228,-1,3228,3302,3323,-1,3228,3323,3337,-1,3337,3323,3335,-1,3325,3327,3329,-1,3302,3305,3323,-1,3323,3305,3307,-1,3323,3307,3321,-1,3321,3307,3309,-1,3321,3309,3311,-1,3247,3249,3257,-1,3257,3249,3251,-1,3257,3251,3255,-1,3255,3251,3253,-1,3261,3263,3265,-1,3189,3191,3199,-1,3199,3191,3193,-1,3199,3193,3197,-1,3197,3193,3195,-1,3203,3205,3207,-1,3325,3329,3323,-1,3323,3329,3331,-1,3323,3331,3333,-1,3261,3265,3259,-1,3259,3265,3267,-1,3259,3267,3269,-1,3203,3207,3201,-1,3201,3207,3209,-1,3201,3209,3211,-1,3313,3315,3311,-1,3311,3315,3317,-1,3311,3317,3319,-1,3349,3347,3227,-1,3174,3172,3225,-1,3229,3343,3340,-1,3297,3231,3299,-1,3299,3231,3229,-1,3227,3347,3229,-1,3229,3347,3345,-1,3229,3345,3343,-1,3225,3353,3227,-1,3227,3353,3351,-1,3227,3351,3349,-1,3219,3217,3184,-1,3184,3217,3214,-1,3282,3280,3233,-1,3172,3171,3225,-1,3225,3171,3355,-1,3225,3355,3353,-1,3180,3178,3225,-1,3225,3178,3176,-1,3225,3176,3174,-1,3180,3225,3182,-1,3182,3225,3223,-1,3182,3223,3184,-1,3184,3223,3221,-1,3184,3221,3219,-1,3243,3241,3272,-1,3297,3295,3231,-1,3231,3295,3293,-1,3231,3293,3233,-1,3233,3293,3291,-1,3233,3291,3288,-1,3288,3286,3233,-1,3233,3286,3284,-1,3233,3284,3282,-1,3340,3338,3229,-1,3229,3338,3336,-1,3229,3336,3322,-1,3322,3336,3334,-1,3322,3334,3332,-1,3241,3239,3272,-1,3272,3239,3237,-1,3272,3237,3274,-1,3274,3237,3235,-1,3274,3235,3276,-1,3276,3235,3233,-1,3276,3233,3278,-1,3278,3233,3280,-1,3306,3322,3320,-1,3200,3212,3210,-1,3188,3186,3198,-1,3198,3186,3184,-1,3198,3184,3200,-1,3200,3184,3214,-1,3200,3214,3212,-1,3306,3304,3322,-1,3322,3304,3303,-1,3322,3303,3229,-1,3229,3303,3301,-1,3229,3301,3299,-1,3332,3330,3322,-1,3322,3330,3328,-1,3322,3328,3324,-1,3324,3328,3326,-1,3210,3208,3200,-1,3200,3208,3206,-1,3200,3206,3202,-1,3202,3206,3204,-1,3196,3194,3192,-1,3258,3270,3268,-1,3246,3244,3256,-1,3256,3244,3243,-1,3256,3243,3258,-1,3258,3243,3272,-1,3258,3272,3270,-1,3318,3310,3320,-1,3320,3310,3308,-1,3320,3308,3306,-1,3196,3192,3198,-1,3198,3192,3190,-1,3198,3190,3188,-1,3268,3266,3258,-1,3258,3266,3264,-1,3258,3264,3260,-1,3260,3264,3262,-1,3254,3252,3250,-1,3318,3316,3310,-1,3310,3316,3314,-1,3310,3314,3312,-1,3254,3250,3256,-1,3256,3250,3248,-1,3256,3248,3246,-1,3356,3357,3358,-1,3356,3358,3359,-1,3359,3358,3360,-1,3359,3360,3361,-1,3361,3360,3362,-1,3361,3362,3363,-1,3363,3362,3364,-1,3363,3364,3365,-1,3365,3364,3366,-1,3365,3366,3367,-1,3367,3366,3368,-1,3367,3368,3369,-1,3369,3368,3370,-1,3369,3370,3371,-1,3372,3373,3370,-1,3370,3373,3371,-1,3373,3372,3374,-1,3373,3374,3375,-1,3375,3374,3376,-1,3375,3376,3377,-1,3377,3376,3378,-1,3377,3378,3379,-1,3379,3378,3380,-1,3379,3380,3381,-1,3381,3380,3382,-1,3381,3382,3383,-1,3383,3382,3384,-1,3383,3384,3385,-1,3386,3387,3384,-1,3384,3387,3385,-1,3387,3386,3388,-1,3387,3388,3389,-1,3389,3388,3390,-1,3389,3390,3391,-1,3391,3390,3392,-1,3391,3392,3393,-1,3393,3392,3394,-1,3393,3394,3395,-1,3395,3394,3396,-1,3395,3396,3397,-1,3397,3396,3398,-1,3397,3398,3399,-1,3400,3401,3398,-1,3398,3401,3399,-1,3401,3400,3402,-1,3402,3400,3403,-1,3402,3403,3404,-1,3404,3403,3405,-1,3404,3405,3406,-1,3406,3405,3407,-1,3406,3407,3408,-1,3408,3407,3409,-1,3408,3409,3410,-1,3410,3409,3411,-1,3410,3411,3412,-1,3412,3411,3413,-1,3412,3413,3414,-1,3414,3413,3415,-1,3414,3415,3416,-1,3416,3415,3417,-1,3416,3417,3418,-1,3418,3417,3419,-1,3418,3419,3420,-1,3420,3419,3421,-1,3420,3421,3422,-1,3422,3421,3423,-1,3422,3423,3424,-1,3424,3423,3425,-1,3424,3425,3426,-1,3426,3425,3427,-1,3426,3427,3428,-1,3428,3427,3429,-1,3430,3431,3429,-1,3429,3431,3428,-1,3431,3430,3432,-1,3431,3432,3433,-1,3433,3432,3434,-1,3433,3434,3435,-1,3435,3434,3436,-1,3435,3436,3437,-1,3437,3436,3438,-1,3437,3438,3439,-1,3439,3438,3440,-1,3439,3440,3441,-1,3441,3440,3442,-1,3441,3442,3443,-1,3444,3445,3442,-1,3442,3445,3443,-1,3445,3444,3446,-1,3445,3446,3447,-1,3447,3446,3448,-1,3447,3448,3449,-1,3449,3448,3450,-1,3449,3450,3451,-1,3451,3450,3452,-1,3451,3452,3453,-1,3453,3452,3454,-1,3453,3454,3455,-1,3455,3454,3456,-1,3455,3456,3457,-1,3458,3459,3456,-1,3456,3459,3457,-1,3459,3458,3460,-1,3459,3460,3461,-1,3461,3460,3462,-1,3461,3462,3463,-1,3463,3462,3464,-1,3463,3464,3465,-1,3465,3464,3466,-1,3465,3466,3467,-1,3467,3466,3468,-1,3467,3468,3469,-1,3469,3468,3470,-1,3469,3470,3471,-1,3471,3470,3472,-1,3471,3472,3473,-1,3474,3475,3472,-1,3472,3475,3473,-1,3475,3474,3476,-1,3476,3474,3477,-1,3476,3477,3478,-1,3478,3477,3479,-1,3478,3479,3480,-1,3480,3479,3481,-1,3480,3481,3482,-1,3482,3481,3483,-1,3482,3483,3484,-1,3484,3483,3485,-1,3484,3485,3486,-1,3486,3485,3487,-1,3486,3487,3488,-1,3488,3487,3489,-1,3490,3491,3489,-1,3489,3491,3488,-1,3490,3492,3491,-1,3491,3492,3493,-1,3494,3495,3492,-1,3492,3495,3493,-1,3495,3494,3496,-1,3495,3496,3497,-1,3497,3496,3498,-1,3497,3498,3499,-1,3499,3498,3500,-1,3499,3500,3501,-1,3501,3500,3502,-1,3501,3502,3503,-1,3503,3502,3504,-1,3503,3504,3505,-1,3505,3504,3506,-1,3505,3506,3507,-1,3508,3509,3506,-1,3506,3509,3507,-1,3509,3508,3510,-1,3509,3510,3511,-1,3511,3510,3512,-1,3511,3512,3513,-1,3513,3512,3514,-1,3513,3514,3515,-1,3515,3514,3516,-1,3515,3516,3517,-1,3517,3516,3518,-1,3517,3518,3519,-1,3519,3518,3520,-1,3519,3520,3521,-1,3522,3523,3520,-1,3520,3523,3521,-1,3522,3524,3523,-1,3523,3524,3525,-1,3526,3527,3524,-1,3524,3527,3525,-1,3527,3526,3528,-1,3528,3526,3529,-1,3528,3529,3530,-1,3530,3529,3531,-1,3530,3531,3532,-1,3532,3531,3533,-1,3532,3533,3534,-1,3534,3533,3535,-1,3534,3535,3536,-1,3536,3535,3537,-1,3536,3537,3538,-1,3538,3537,3539,-1,3538,3539,3540,-1,3540,3539,3541,-1,3357,3356,3541,-1,3541,3356,3540,-1,3480,3482,3416,-1,3465,3467,3418,-1,3418,3467,3469,-1,3418,3469,3471,-1,3401,3402,3371,-1,3361,3363,3410,-1,3532,3412,3530,-1,3530,3412,3414,-1,3530,3414,3528,-1,3422,3459,3420,-1,3420,3459,3461,-1,3420,3461,3418,-1,3418,3461,3463,-1,3418,3463,3465,-1,3422,3424,3459,-1,3459,3424,3426,-1,3459,3426,3428,-1,3532,3534,3412,-1,3412,3534,3536,-1,3412,3536,3410,-1,3410,3536,3538,-1,3410,3538,3540,-1,3402,3404,3371,-1,3371,3404,3406,-1,3371,3406,3369,-1,3369,3406,3408,-1,3369,3408,3367,-1,3367,3408,3410,-1,3367,3410,3365,-1,3365,3410,3363,-1,3540,3356,3410,-1,3410,3356,3359,-1,3410,3359,3361,-1,3416,3482,3414,-1,3414,3482,3484,-1,3414,3484,3486,-1,3418,3476,3416,-1,3416,3476,3478,-1,3416,3478,3480,-1,3519,3521,3509,-1,3523,3525,3414,-1,3414,3525,3527,-1,3414,3527,3528,-1,3505,3507,3497,-1,3471,3473,3418,-1,3418,3473,3475,-1,3418,3475,3476,-1,3443,3431,3433,-1,3455,3457,3445,-1,3445,3457,3459,-1,3445,3459,3443,-1,3443,3459,3428,-1,3443,3428,3431,-1,3385,3373,3375,-1,3397,3399,3387,-1,3387,3399,3401,-1,3387,3401,3385,-1,3385,3401,3371,-1,3385,3371,3373,-1,3486,3488,3414,-1,3414,3488,3509,-1,3414,3509,3523,-1,3523,3509,3521,-1,3511,3513,3515,-1,3488,3491,3509,-1,3509,3491,3493,-1,3509,3493,3507,-1,3507,3493,3495,-1,3507,3495,3497,-1,3433,3435,3443,-1,3443,3435,3437,-1,3443,3437,3441,-1,3441,3437,3439,-1,3447,3449,3451,-1,3375,3377,3385,-1,3385,3377,3379,-1,3385,3379,3383,-1,3383,3379,3381,-1,3389,3391,3393,-1,3511,3515,3509,-1,3509,3515,3517,-1,3509,3517,3519,-1,3447,3451,3445,-1,3445,3451,3453,-1,3445,3453,3455,-1,3389,3393,3387,-1,3387,3393,3395,-1,3387,3395,3397,-1,3499,3501,3497,-1,3497,3501,3503,-1,3497,3503,3505,-1,3535,3533,3413,-1,3360,3358,3411,-1,3415,3529,3526,-1,3483,3417,3485,-1,3485,3417,3415,-1,3413,3533,3415,-1,3415,3533,3531,-1,3415,3531,3529,-1,3411,3539,3413,-1,3413,3539,3537,-1,3413,3537,3535,-1,3405,3403,3370,-1,3370,3403,3400,-1,3468,3466,3419,-1,3358,3357,3411,-1,3411,3357,3541,-1,3411,3541,3539,-1,3366,3364,3411,-1,3411,3364,3362,-1,3411,3362,3360,-1,3366,3411,3368,-1,3368,3411,3409,-1,3368,3409,3370,-1,3370,3409,3407,-1,3370,3407,3405,-1,3429,3427,3458,-1,3483,3481,3417,-1,3417,3481,3479,-1,3417,3479,3419,-1,3419,3479,3477,-1,3419,3477,3474,-1,3474,3472,3419,-1,3419,3472,3470,-1,3419,3470,3468,-1,3526,3524,3415,-1,3415,3524,3522,-1,3415,3522,3508,-1,3508,3522,3520,-1,3508,3520,3518,-1,3427,3425,3458,-1,3458,3425,3423,-1,3458,3423,3460,-1,3460,3423,3421,-1,3460,3421,3462,-1,3462,3421,3419,-1,3462,3419,3464,-1,3464,3419,3466,-1,3492,3508,3506,-1,3386,3398,3396,-1,3374,3372,3384,-1,3384,3372,3370,-1,3384,3370,3386,-1,3386,3370,3400,-1,3386,3400,3398,-1,3492,3490,3508,-1,3508,3490,3489,-1,3508,3489,3415,-1,3415,3489,3487,-1,3415,3487,3485,-1,3518,3516,3508,-1,3508,3516,3514,-1,3508,3514,3510,-1,3510,3514,3512,-1,3396,3394,3386,-1,3386,3394,3392,-1,3386,3392,3388,-1,3388,3392,3390,-1,3382,3380,3378,-1,3444,3456,3454,-1,3432,3430,3442,-1,3442,3430,3429,-1,3442,3429,3444,-1,3444,3429,3458,-1,3444,3458,3456,-1,3504,3496,3506,-1,3506,3496,3494,-1,3506,3494,3492,-1,3382,3378,3384,-1,3384,3378,3376,-1,3384,3376,3374,-1,3454,3452,3444,-1,3444,3452,3450,-1,3444,3450,3446,-1,3446,3450,3448,-1,3440,3438,3436,-1,3504,3502,3496,-1,3496,3502,3500,-1,3496,3500,3498,-1,3440,3436,3442,-1,3442,3436,3434,-1,3442,3434,3432,-1,3542,3543,3544,-1,3542,3544,3545,-1,3545,3544,3546,-1,3545,3546,3547,-1,3547,3546,3548,-1,3547,3548,3549,-1,3549,3548,3550,-1,3549,3550,3551,-1,3551,3550,3552,-1,3551,3552,3553,-1,3553,3552,3554,-1,3553,3554,3555,-1,3555,3554,3556,-1,3555,3556,3557,-1,3558,3559,3556,-1,3556,3559,3557,-1,3559,3558,3560,-1,3559,3560,3561,-1,3561,3560,3562,-1,3561,3562,3563,-1,3563,3562,3564,-1,3563,3564,3565,-1,3565,3564,3566,-1,3565,3566,3567,-1,3567,3566,3568,-1,3567,3568,3569,-1,3569,3568,3570,-1,3569,3570,3571,-1,3572,3573,3570,-1,3570,3573,3571,-1,3573,3572,3574,-1,3573,3574,3575,-1,3575,3574,3576,-1,3575,3576,3577,-1,3577,3576,3578,-1,3577,3578,3579,-1,3579,3578,3580,-1,3579,3580,3581,-1,3581,3580,3582,-1,3581,3582,3583,-1,3583,3582,3584,-1,3583,3584,3585,-1,3586,3587,3584,-1,3584,3587,3585,-1,3587,3586,3588,-1,3588,3586,3589,-1,3588,3589,3590,-1,3590,3589,3591,-1,3590,3591,3592,-1,3592,3591,3593,-1,3592,3593,3594,-1,3594,3593,3595,-1,3594,3595,3596,-1,3596,3595,3597,-1,3596,3597,3598,-1,3598,3597,3599,-1,3598,3599,3600,-1,3600,3599,3601,-1,3600,3601,3602,-1,3602,3601,3603,-1,3602,3603,3604,-1,3604,3603,3605,-1,3604,3605,3606,-1,3606,3605,3607,-1,3606,3607,3608,-1,3608,3607,3609,-1,3608,3609,3610,-1,3610,3609,3611,-1,3610,3611,3612,-1,3612,3611,3613,-1,3612,3613,3614,-1,3614,3613,3615,-1,3616,3617,3615,-1,3615,3617,3614,-1,3617,3616,3618,-1,3617,3618,3619,-1,3619,3618,3620,-1,3619,3620,3621,-1,3621,3620,3622,-1,3621,3622,3623,-1,3623,3622,3624,-1,3623,3624,3625,-1,3625,3624,3626,-1,3625,3626,3627,-1,3627,3626,3628,-1,3627,3628,3629,-1,3630,3631,3628,-1,3628,3631,3629,-1,3631,3630,3632,-1,3631,3632,3633,-1,3633,3632,3634,-1,3633,3634,3635,-1,3635,3634,3636,-1,3635,3636,3637,-1,3637,3636,3638,-1,3637,3638,3639,-1,3639,3638,3640,-1,3639,3640,3641,-1,3641,3640,3642,-1,3641,3642,3643,-1,3644,3645,3642,-1,3642,3645,3643,-1,3645,3644,3646,-1,3645,3646,3647,-1,3647,3646,3648,-1,3647,3648,3649,-1,3649,3648,3650,-1,3649,3650,3651,-1,3651,3650,3652,-1,3651,3652,3653,-1,3653,3652,3654,-1,3653,3654,3655,-1,3655,3654,3656,-1,3655,3656,3657,-1,3657,3656,3658,-1,3657,3658,3659,-1,3660,3661,3658,-1,3658,3661,3659,-1,3661,3660,3662,-1,3662,3660,3663,-1,3662,3663,3664,-1,3664,3663,3665,-1,3664,3665,3666,-1,3666,3665,3667,-1,3666,3667,3668,-1,3668,3667,3669,-1,3668,3669,3670,-1,3670,3669,3671,-1,3670,3671,3672,-1,3672,3671,3673,-1,3672,3673,3674,-1,3674,3673,3675,-1,3676,3677,3675,-1,3675,3677,3674,-1,3676,3678,3677,-1,3677,3678,3679,-1,3680,3681,3678,-1,3678,3681,3679,-1,3681,3680,3682,-1,3681,3682,3683,-1,3683,3682,3684,-1,3683,3684,3685,-1,3685,3684,3686,-1,3685,3686,3687,-1,3687,3686,3688,-1,3687,3688,3689,-1,3689,3688,3690,-1,3689,3690,3691,-1,3691,3690,3692,-1,3691,3692,3693,-1,3694,3695,3692,-1,3692,3695,3693,-1,3695,3694,3696,-1,3695,3696,3697,-1,3697,3696,3698,-1,3697,3698,3699,-1,3699,3698,3700,-1,3699,3700,3701,-1,3701,3700,3702,-1,3701,3702,3703,-1,3703,3702,3704,-1,3703,3704,3705,-1,3705,3704,3706,-1,3705,3706,3707,-1,3708,3709,3706,-1,3706,3709,3707,-1,3708,3710,3709,-1,3709,3710,3711,-1,3712,3713,3710,-1,3710,3713,3711,-1,3713,3712,3714,-1,3714,3712,3715,-1,3714,3715,3716,-1,3716,3715,3717,-1,3716,3717,3718,-1,3718,3717,3719,-1,3718,3719,3720,-1,3720,3719,3721,-1,3720,3721,3722,-1,3722,3721,3723,-1,3722,3723,3724,-1,3724,3723,3725,-1,3724,3725,3726,-1,3726,3725,3727,-1,3543,3542,3727,-1,3727,3542,3726,-1,3666,3668,3602,-1,3651,3653,3604,-1,3604,3653,3655,-1,3604,3655,3657,-1,3587,3588,3557,-1,3547,3549,3596,-1,3718,3598,3716,-1,3716,3598,3600,-1,3716,3600,3714,-1,3608,3645,3606,-1,3606,3645,3647,-1,3606,3647,3604,-1,3604,3647,3649,-1,3604,3649,3651,-1,3608,3610,3645,-1,3645,3610,3612,-1,3645,3612,3614,-1,3718,3720,3598,-1,3598,3720,3722,-1,3598,3722,3596,-1,3596,3722,3724,-1,3596,3724,3726,-1,3588,3590,3557,-1,3557,3590,3592,-1,3557,3592,3555,-1,3555,3592,3594,-1,3555,3594,3553,-1,3553,3594,3596,-1,3553,3596,3551,-1,3551,3596,3549,-1,3726,3542,3596,-1,3596,3542,3545,-1,3596,3545,3547,-1,3602,3668,3600,-1,3600,3668,3670,-1,3600,3670,3672,-1,3604,3662,3602,-1,3602,3662,3664,-1,3602,3664,3666,-1,3705,3707,3695,-1,3709,3711,3600,-1,3600,3711,3713,-1,3600,3713,3714,-1,3691,3693,3683,-1,3657,3659,3604,-1,3604,3659,3661,-1,3604,3661,3662,-1,3629,3617,3619,-1,3641,3643,3631,-1,3631,3643,3645,-1,3631,3645,3629,-1,3629,3645,3614,-1,3629,3614,3617,-1,3571,3559,3561,-1,3583,3585,3573,-1,3573,3585,3587,-1,3573,3587,3571,-1,3571,3587,3557,-1,3571,3557,3559,-1,3672,3674,3600,-1,3600,3674,3695,-1,3600,3695,3709,-1,3709,3695,3707,-1,3697,3699,3701,-1,3674,3677,3695,-1,3695,3677,3679,-1,3695,3679,3693,-1,3693,3679,3681,-1,3693,3681,3683,-1,3619,3621,3629,-1,3629,3621,3623,-1,3629,3623,3627,-1,3627,3623,3625,-1,3633,3635,3637,-1,3561,3563,3571,-1,3571,3563,3565,-1,3571,3565,3569,-1,3569,3565,3567,-1,3575,3577,3579,-1,3697,3701,3695,-1,3695,3701,3703,-1,3695,3703,3705,-1,3633,3637,3631,-1,3631,3637,3639,-1,3631,3639,3641,-1,3575,3579,3573,-1,3573,3579,3581,-1,3573,3581,3583,-1,3685,3687,3683,-1,3683,3687,3689,-1,3683,3689,3691,-1,3721,3719,3599,-1,3546,3544,3597,-1,3601,3715,3712,-1,3669,3603,3671,-1,3671,3603,3601,-1,3599,3719,3601,-1,3601,3719,3717,-1,3601,3717,3715,-1,3597,3725,3599,-1,3599,3725,3723,-1,3599,3723,3721,-1,3591,3589,3556,-1,3556,3589,3586,-1,3654,3652,3605,-1,3544,3543,3597,-1,3597,3543,3727,-1,3597,3727,3725,-1,3552,3550,3597,-1,3597,3550,3548,-1,3597,3548,3546,-1,3552,3597,3554,-1,3554,3597,3595,-1,3554,3595,3556,-1,3556,3595,3593,-1,3556,3593,3591,-1,3615,3613,3644,-1,3669,3667,3603,-1,3603,3667,3665,-1,3603,3665,3605,-1,3605,3665,3663,-1,3605,3663,3660,-1,3660,3658,3605,-1,3605,3658,3656,-1,3605,3656,3654,-1,3712,3710,3601,-1,3601,3710,3708,-1,3601,3708,3694,-1,3694,3708,3706,-1,3694,3706,3704,-1,3613,3611,3644,-1,3644,3611,3609,-1,3644,3609,3646,-1,3646,3609,3607,-1,3646,3607,3648,-1,3648,3607,3605,-1,3648,3605,3650,-1,3650,3605,3652,-1,3678,3694,3692,-1,3572,3584,3582,-1,3560,3558,3570,-1,3570,3558,3556,-1,3570,3556,3572,-1,3572,3556,3586,-1,3572,3586,3584,-1,3678,3676,3694,-1,3694,3676,3675,-1,3694,3675,3601,-1,3601,3675,3673,-1,3601,3673,3671,-1,3704,3702,3694,-1,3694,3702,3700,-1,3694,3700,3696,-1,3696,3700,3698,-1,3582,3580,3572,-1,3572,3580,3578,-1,3572,3578,3574,-1,3574,3578,3576,-1,3568,3566,3564,-1,3630,3642,3640,-1,3618,3616,3628,-1,3628,3616,3615,-1,3628,3615,3630,-1,3630,3615,3644,-1,3630,3644,3642,-1,3690,3682,3692,-1,3692,3682,3680,-1,3692,3680,3678,-1,3568,3564,3570,-1,3570,3564,3562,-1,3570,3562,3560,-1,3640,3638,3630,-1,3630,3638,3636,-1,3630,3636,3632,-1,3632,3636,3634,-1,3626,3624,3622,-1,3690,3688,3682,-1,3682,3688,3686,-1,3682,3686,3684,-1,3626,3622,3628,-1,3628,3622,3620,-1,3628,3620,3618,-1,3728,3729,3730,-1,3728,3730,3731,-1,3731,3730,3732,-1,3731,3732,3733,-1,3733,3732,3734,-1,3733,3734,3735,-1,3735,3734,3736,-1,3735,3736,3737,-1,3737,3736,3738,-1,3737,3738,3739,-1,3739,3738,3740,-1,3739,3740,3741,-1,3741,3740,3742,-1,3741,3742,3743,-1,3744,3745,3742,-1,3742,3745,3743,-1,3745,3744,3746,-1,3745,3746,3747,-1,3747,3746,3748,-1,3747,3748,3749,-1,3749,3748,3750,-1,3749,3750,3751,-1,3751,3750,3752,-1,3751,3752,3753,-1,3753,3752,3754,-1,3753,3754,3755,-1,3755,3754,3756,-1,3755,3756,3757,-1,3758,3759,3756,-1,3756,3759,3757,-1,3759,3758,3760,-1,3759,3760,3761,-1,3761,3760,3762,-1,3761,3762,3763,-1,3763,3762,3764,-1,3763,3764,3765,-1,3765,3764,3766,-1,3765,3766,3767,-1,3767,3766,3768,-1,3767,3768,3769,-1,3769,3768,3770,-1,3769,3770,3771,-1,3772,3773,3770,-1,3770,3773,3771,-1,3773,3772,3774,-1,3774,3772,3775,-1,3774,3775,3776,-1,3776,3775,3777,-1,3776,3777,3778,-1,3778,3777,3779,-1,3778,3779,3780,-1,3780,3779,3781,-1,3780,3781,3782,-1,3782,3781,3783,-1,3782,3783,3784,-1,3784,3783,3785,-1,3784,3785,3786,-1,3786,3785,3787,-1,3786,3787,3788,-1,3788,3787,3789,-1,3788,3789,3790,-1,3790,3789,3791,-1,3790,3791,3792,-1,3792,3791,3793,-1,3792,3793,3794,-1,3794,3793,3795,-1,3794,3795,3796,-1,3796,3795,3797,-1,3796,3797,3798,-1,3798,3797,3799,-1,3798,3799,3800,-1,3800,3799,3801,-1,3802,3803,3801,-1,3801,3803,3800,-1,3803,3802,3804,-1,3803,3804,3805,-1,3805,3804,3806,-1,3805,3806,3807,-1,3807,3806,3808,-1,3807,3808,3809,-1,3809,3808,3810,-1,3809,3810,3811,-1,3811,3810,3812,-1,3811,3812,3813,-1,3813,3812,3814,-1,3813,3814,3815,-1,3816,3817,3814,-1,3814,3817,3815,-1,3817,3816,3818,-1,3817,3818,3819,-1,3819,3818,3820,-1,3819,3820,3821,-1,3821,3820,3822,-1,3821,3822,3823,-1,3823,3822,3824,-1,3823,3824,3825,-1,3825,3824,3826,-1,3825,3826,3827,-1,3827,3826,3828,-1,3827,3828,3829,-1,3830,3831,3828,-1,3828,3831,3829,-1,3831,3830,3832,-1,3831,3832,3833,-1,3833,3832,3834,-1,3833,3834,3835,-1,3835,3834,3836,-1,3835,3836,3837,-1,3837,3836,3838,-1,3837,3838,3839,-1,3839,3838,3840,-1,3839,3840,3841,-1,3841,3840,3842,-1,3841,3842,3843,-1,3843,3842,3844,-1,3843,3844,3845,-1,3846,3847,3844,-1,3844,3847,3845,-1,3847,3846,3848,-1,3848,3846,3849,-1,3848,3849,3850,-1,3850,3849,3851,-1,3850,3851,3852,-1,3852,3851,3853,-1,3852,3853,3854,-1,3854,3853,3855,-1,3854,3855,3856,-1,3856,3855,3857,-1,3856,3857,3858,-1,3858,3857,3859,-1,3858,3859,3860,-1,3860,3859,3861,-1,3862,3863,3861,-1,3861,3863,3860,-1,3862,3864,3863,-1,3863,3864,3865,-1,3866,3867,3864,-1,3864,3867,3865,-1,3867,3866,3868,-1,3867,3868,3869,-1,3869,3868,3870,-1,3869,3870,3871,-1,3871,3870,3872,-1,3871,3872,3873,-1,3873,3872,3874,-1,3873,3874,3875,-1,3875,3874,3876,-1,3875,3876,3877,-1,3877,3876,3878,-1,3877,3878,3879,-1,3880,3881,3878,-1,3878,3881,3879,-1,3881,3880,3882,-1,3881,3882,3883,-1,3883,3882,3884,-1,3883,3884,3885,-1,3885,3884,3886,-1,3885,3886,3887,-1,3887,3886,3888,-1,3887,3888,3889,-1,3889,3888,3890,-1,3889,3890,3891,-1,3891,3890,3892,-1,3891,3892,3893,-1,3894,3895,3892,-1,3892,3895,3893,-1,3894,3896,3895,-1,3895,3896,3897,-1,3898,3899,3896,-1,3896,3899,3897,-1,3899,3898,3900,-1,3900,3898,3901,-1,3900,3901,3902,-1,3902,3901,3903,-1,3902,3903,3904,-1,3904,3903,3905,-1,3904,3905,3906,-1,3906,3905,3907,-1,3906,3907,3908,-1,3908,3907,3909,-1,3908,3909,3910,-1,3910,3909,3911,-1,3910,3911,3912,-1,3912,3911,3913,-1,3729,3728,3913,-1,3913,3728,3912,-1,3852,3854,3788,-1,3837,3839,3790,-1,3790,3839,3841,-1,3790,3841,3843,-1,3773,3774,3743,-1,3733,3735,3782,-1,3904,3784,3902,-1,3902,3784,3786,-1,3902,3786,3900,-1,3794,3831,3792,-1,3792,3831,3833,-1,3792,3833,3790,-1,3790,3833,3835,-1,3790,3835,3837,-1,3794,3796,3831,-1,3831,3796,3798,-1,3831,3798,3800,-1,3904,3906,3784,-1,3784,3906,3908,-1,3784,3908,3782,-1,3782,3908,3910,-1,3782,3910,3912,-1,3774,3776,3743,-1,3743,3776,3778,-1,3743,3778,3741,-1,3741,3778,3780,-1,3741,3780,3739,-1,3739,3780,3782,-1,3739,3782,3737,-1,3737,3782,3735,-1,3912,3728,3782,-1,3782,3728,3731,-1,3782,3731,3733,-1,3788,3854,3786,-1,3786,3854,3856,-1,3786,3856,3858,-1,3790,3848,3788,-1,3788,3848,3850,-1,3788,3850,3852,-1,3891,3893,3881,-1,3895,3897,3786,-1,3786,3897,3899,-1,3786,3899,3900,-1,3877,3879,3869,-1,3843,3845,3790,-1,3790,3845,3847,-1,3790,3847,3848,-1,3815,3803,3805,-1,3827,3829,3817,-1,3817,3829,3831,-1,3817,3831,3815,-1,3815,3831,3800,-1,3815,3800,3803,-1,3757,3745,3747,-1,3769,3771,3759,-1,3759,3771,3773,-1,3759,3773,3757,-1,3757,3773,3743,-1,3757,3743,3745,-1,3858,3860,3786,-1,3786,3860,3881,-1,3786,3881,3895,-1,3895,3881,3893,-1,3883,3885,3887,-1,3860,3863,3881,-1,3881,3863,3865,-1,3881,3865,3879,-1,3879,3865,3867,-1,3879,3867,3869,-1,3805,3807,3815,-1,3815,3807,3809,-1,3815,3809,3813,-1,3813,3809,3811,-1,3819,3821,3823,-1,3747,3749,3757,-1,3757,3749,3751,-1,3757,3751,3755,-1,3755,3751,3753,-1,3761,3763,3765,-1,3883,3887,3881,-1,3881,3887,3889,-1,3881,3889,3891,-1,3819,3823,3817,-1,3817,3823,3825,-1,3817,3825,3827,-1,3761,3765,3759,-1,3759,3765,3767,-1,3759,3767,3769,-1,3871,3873,3869,-1,3869,3873,3875,-1,3869,3875,3877,-1,3907,3905,3785,-1,3732,3730,3783,-1,3787,3901,3898,-1,3855,3789,3857,-1,3857,3789,3787,-1,3785,3905,3787,-1,3787,3905,3903,-1,3787,3903,3901,-1,3783,3911,3785,-1,3785,3911,3909,-1,3785,3909,3907,-1,3777,3775,3742,-1,3742,3775,3772,-1,3840,3838,3791,-1,3730,3729,3783,-1,3783,3729,3913,-1,3783,3913,3911,-1,3738,3736,3783,-1,3783,3736,3734,-1,3783,3734,3732,-1,3738,3783,3740,-1,3740,3783,3781,-1,3740,3781,3742,-1,3742,3781,3779,-1,3742,3779,3777,-1,3801,3799,3830,-1,3855,3853,3789,-1,3789,3853,3851,-1,3789,3851,3791,-1,3791,3851,3849,-1,3791,3849,3846,-1,3846,3844,3791,-1,3791,3844,3842,-1,3791,3842,3840,-1,3898,3896,3787,-1,3787,3896,3894,-1,3787,3894,3880,-1,3880,3894,3892,-1,3880,3892,3890,-1,3799,3797,3830,-1,3830,3797,3795,-1,3830,3795,3832,-1,3832,3795,3793,-1,3832,3793,3834,-1,3834,3793,3791,-1,3834,3791,3836,-1,3836,3791,3838,-1,3864,3880,3878,-1,3758,3770,3768,-1,3746,3744,3756,-1,3756,3744,3742,-1,3756,3742,3758,-1,3758,3742,3772,-1,3758,3772,3770,-1,3864,3862,3880,-1,3880,3862,3861,-1,3880,3861,3787,-1,3787,3861,3859,-1,3787,3859,3857,-1,3890,3888,3880,-1,3880,3888,3886,-1,3880,3886,3882,-1,3882,3886,3884,-1,3768,3766,3758,-1,3758,3766,3764,-1,3758,3764,3760,-1,3760,3764,3762,-1,3754,3752,3750,-1,3816,3828,3826,-1,3804,3802,3814,-1,3814,3802,3801,-1,3814,3801,3816,-1,3816,3801,3830,-1,3816,3830,3828,-1,3876,3868,3878,-1,3878,3868,3866,-1,3878,3866,3864,-1,3754,3750,3756,-1,3756,3750,3748,-1,3756,3748,3746,-1,3826,3824,3816,-1,3816,3824,3822,-1,3816,3822,3818,-1,3818,3822,3820,-1,3812,3810,3808,-1,3876,3874,3868,-1,3868,3874,3872,-1,3868,3872,3870,-1,3812,3808,3814,-1,3814,3808,3806,-1,3814,3806,3804,-1,3914,3915,3916,-1,3914,3916,3917,-1,3917,3916,3918,-1,3917,3918,3919,-1,3919,3918,3920,-1,3919,3920,3921,-1,3921,3920,3922,-1,3921,3922,3923,-1,3923,3922,3924,-1,3923,3924,3925,-1,3925,3924,3926,-1,3925,3926,3927,-1,3927,3926,3928,-1,3927,3928,3929,-1,3930,3931,3928,-1,3928,3931,3929,-1,3931,3930,3932,-1,3931,3932,3933,-1,3933,3932,3934,-1,3933,3934,3935,-1,3935,3934,3936,-1,3935,3936,3937,-1,3937,3936,3938,-1,3937,3938,3939,-1,3939,3938,3940,-1,3939,3940,3941,-1,3941,3940,3942,-1,3941,3942,3943,-1,3944,3945,3942,-1,3942,3945,3943,-1,3945,3944,3946,-1,3945,3946,3947,-1,3947,3946,3948,-1,3947,3948,3949,-1,3949,3948,3950,-1,3949,3950,3951,-1,3951,3950,3952,-1,3951,3952,3953,-1,3953,3952,3954,-1,3953,3954,3955,-1,3955,3954,3956,-1,3955,3956,3957,-1,3958,3959,3956,-1,3956,3959,3957,-1,3959,3958,3960,-1,3960,3958,3961,-1,3960,3961,3962,-1,3962,3961,3963,-1,3962,3963,3964,-1,3964,3963,3965,-1,3964,3965,3966,-1,3966,3965,3967,-1,3966,3967,3968,-1,3968,3967,3969,-1,3968,3969,3970,-1,3970,3969,3971,-1,3970,3971,3972,-1,3972,3971,3973,-1,3972,3973,3974,-1,3974,3973,3975,-1,3974,3975,3976,-1,3976,3975,3977,-1,3976,3977,3978,-1,3978,3977,3979,-1,3978,3979,3980,-1,3980,3979,3981,-1,3980,3981,3982,-1,3982,3981,3983,-1,3982,3983,3984,-1,3984,3983,3985,-1,3984,3985,3986,-1,3986,3985,3987,-1,3988,3989,3987,-1,3987,3989,3986,-1,3989,3988,3990,-1,3989,3990,3991,-1,3991,3990,3992,-1,3991,3992,3993,-1,3993,3992,3994,-1,3993,3994,3995,-1,3995,3994,3996,-1,3995,3996,3997,-1,3997,3996,3998,-1,3997,3998,3999,-1,3999,3998,4000,-1,3999,4000,4001,-1,4002,4003,4000,-1,4000,4003,4001,-1,4003,4002,4004,-1,4003,4004,4005,-1,4005,4004,4006,-1,4005,4006,4007,-1,4007,4006,4008,-1,4007,4008,4009,-1,4009,4008,4010,-1,4009,4010,4011,-1,4011,4010,4012,-1,4011,4012,4013,-1,4013,4012,4014,-1,4013,4014,4015,-1,4016,4017,4014,-1,4014,4017,4015,-1,4017,4016,4018,-1,4017,4018,4019,-1,4019,4018,4020,-1,4019,4020,4021,-1,4021,4020,4022,-1,4021,4022,4023,-1,4023,4022,4024,-1,4023,4024,4025,-1,4025,4024,4026,-1,4025,4026,4027,-1,4027,4026,4028,-1,4027,4028,4029,-1,4029,4028,4030,-1,4029,4030,4031,-1,4032,4033,4030,-1,4030,4033,4031,-1,4033,4032,4034,-1,4034,4032,4035,-1,4034,4035,4036,-1,4036,4035,4037,-1,4036,4037,4038,-1,4038,4037,4039,-1,4038,4039,4040,-1,4040,4039,4041,-1,4040,4041,4042,-1,4042,4041,4043,-1,4042,4043,4044,-1,4044,4043,4045,-1,4044,4045,4046,-1,4046,4045,4047,-1,4048,4049,4047,-1,4047,4049,4046,-1,4048,4050,4049,-1,4049,4050,4051,-1,4052,4053,4050,-1,4050,4053,4051,-1,4053,4052,4054,-1,4053,4054,4055,-1,4055,4054,4056,-1,4055,4056,4057,-1,4057,4056,4058,-1,4057,4058,4059,-1,4059,4058,4060,-1,4059,4060,4061,-1,4061,4060,4062,-1,4061,4062,4063,-1,4063,4062,4064,-1,4063,4064,4065,-1,4066,4067,4064,-1,4064,4067,4065,-1,4067,4066,4068,-1,4067,4068,4069,-1,4069,4068,4070,-1,4069,4070,4071,-1,4071,4070,4072,-1,4071,4072,4073,-1,4073,4072,4074,-1,4073,4074,4075,-1,4075,4074,4076,-1,4075,4076,4077,-1,4077,4076,4078,-1,4077,4078,4079,-1,4080,4081,4078,-1,4078,4081,4079,-1,4080,4082,4081,-1,4081,4082,4083,-1,4084,4085,4082,-1,4082,4085,4083,-1,4085,4084,4086,-1,4086,4084,4087,-1,4086,4087,4088,-1,4088,4087,4089,-1,4088,4089,4090,-1,4090,4089,4091,-1,4090,4091,4092,-1,4092,4091,4093,-1,4092,4093,4094,-1,4094,4093,4095,-1,4094,4095,4096,-1,4096,4095,4097,-1,4096,4097,4098,-1,4098,4097,4099,-1,3915,3914,4099,-1,4099,3914,4098,-1,4038,4040,3974,-1,4023,4025,3976,-1,3976,4025,4027,-1,3976,4027,4029,-1,3959,3960,3929,-1,3919,3921,3968,-1,4090,3970,4088,-1,4088,3970,3972,-1,4088,3972,4086,-1,3980,4017,3978,-1,3978,4017,4019,-1,3978,4019,3976,-1,3976,4019,4021,-1,3976,4021,4023,-1,3980,3982,4017,-1,4017,3982,3984,-1,4017,3984,3986,-1,4090,4092,3970,-1,3970,4092,4094,-1,3970,4094,3968,-1,3968,4094,4096,-1,3968,4096,4098,-1,3960,3962,3929,-1,3929,3962,3964,-1,3929,3964,3927,-1,3927,3964,3966,-1,3927,3966,3925,-1,3925,3966,3968,-1,3925,3968,3923,-1,3923,3968,3921,-1,4098,3914,3968,-1,3968,3914,3917,-1,3968,3917,3919,-1,3974,4040,3972,-1,3972,4040,4042,-1,3972,4042,4044,-1,3976,4034,3974,-1,3974,4034,4036,-1,3974,4036,4038,-1,4077,4079,4067,-1,4081,4083,3972,-1,3972,4083,4085,-1,3972,4085,4086,-1,4063,4065,4055,-1,4029,4031,3976,-1,3976,4031,4033,-1,3976,4033,4034,-1,4001,3989,3991,-1,4013,4015,4003,-1,4003,4015,4017,-1,4003,4017,4001,-1,4001,4017,3986,-1,4001,3986,3989,-1,3943,3931,3933,-1,3955,3957,3945,-1,3945,3957,3959,-1,3945,3959,3943,-1,3943,3959,3929,-1,3943,3929,3931,-1,4044,4046,3972,-1,3972,4046,4067,-1,3972,4067,4081,-1,4081,4067,4079,-1,4069,4071,4073,-1,4046,4049,4067,-1,4067,4049,4051,-1,4067,4051,4065,-1,4065,4051,4053,-1,4065,4053,4055,-1,3991,3993,4001,-1,4001,3993,3995,-1,4001,3995,3999,-1,3999,3995,3997,-1,4005,4007,4009,-1,3933,3935,3943,-1,3943,3935,3937,-1,3943,3937,3941,-1,3941,3937,3939,-1,3947,3949,3951,-1,4069,4073,4067,-1,4067,4073,4075,-1,4067,4075,4077,-1,4005,4009,4003,-1,4003,4009,4011,-1,4003,4011,4013,-1,3947,3951,3945,-1,3945,3951,3953,-1,3945,3953,3955,-1,4057,4059,4055,-1,4055,4059,4061,-1,4055,4061,4063,-1,4093,4091,3971,-1,3918,3916,3969,-1,3973,4087,4084,-1,4041,3975,4043,-1,4043,3975,3973,-1,3971,4091,3973,-1,3973,4091,4089,-1,3973,4089,4087,-1,3969,4097,3971,-1,3971,4097,4095,-1,3971,4095,4093,-1,3963,3961,3928,-1,3928,3961,3958,-1,4026,4024,3977,-1,3916,3915,3969,-1,3969,3915,4099,-1,3969,4099,4097,-1,3924,3922,3969,-1,3969,3922,3920,-1,3969,3920,3918,-1,3924,3969,3926,-1,3926,3969,3967,-1,3926,3967,3928,-1,3928,3967,3965,-1,3928,3965,3963,-1,3987,3985,4016,-1,4041,4039,3975,-1,3975,4039,4037,-1,3975,4037,3977,-1,3977,4037,4035,-1,3977,4035,4032,-1,4032,4030,3977,-1,3977,4030,4028,-1,3977,4028,4026,-1,4084,4082,3973,-1,3973,4082,4080,-1,3973,4080,4066,-1,4066,4080,4078,-1,4066,4078,4076,-1,3985,3983,4016,-1,4016,3983,3981,-1,4016,3981,4018,-1,4018,3981,3979,-1,4018,3979,4020,-1,4020,3979,3977,-1,4020,3977,4022,-1,4022,3977,4024,-1,4050,4066,4064,-1,3944,3956,3954,-1,3932,3930,3942,-1,3942,3930,3928,-1,3942,3928,3944,-1,3944,3928,3958,-1,3944,3958,3956,-1,4050,4048,4066,-1,4066,4048,4047,-1,4066,4047,3973,-1,3973,4047,4045,-1,3973,4045,4043,-1,4076,4074,4066,-1,4066,4074,4072,-1,4066,4072,4068,-1,4068,4072,4070,-1,3954,3952,3944,-1,3944,3952,3950,-1,3944,3950,3946,-1,3946,3950,3948,-1,3940,3938,3936,-1,4002,4014,4012,-1,3990,3988,4000,-1,4000,3988,3987,-1,4000,3987,4002,-1,4002,3987,4016,-1,4002,4016,4014,-1,4062,4054,4064,-1,4064,4054,4052,-1,4064,4052,4050,-1,3940,3936,3942,-1,3942,3936,3934,-1,3942,3934,3932,-1,4012,4010,4002,-1,4002,4010,4008,-1,4002,4008,4004,-1,4004,4008,4006,-1,3998,3996,3994,-1,4062,4060,4054,-1,4054,4060,4058,-1,4054,4058,4056,-1,3998,3994,4000,-1,4000,3994,3992,-1,4000,3992,3990,-1,4100,4101,4102,-1,4100,4102,4103,-1,4103,4102,4104,-1,4103,4104,4105,-1,4105,4104,4106,-1,4105,4106,4107,-1,4107,4106,4108,-1,4107,4108,4109,-1,4109,4108,4110,-1,4109,4110,4111,-1,4111,4110,4112,-1,4111,4112,4113,-1,4113,4112,4114,-1,4113,4114,4115,-1,4116,4117,4114,-1,4114,4117,4115,-1,4117,4116,4118,-1,4117,4118,4119,-1,4119,4118,4120,-1,4119,4120,4121,-1,4121,4120,4122,-1,4121,4122,4123,-1,4123,4122,4124,-1,4123,4124,4125,-1,4125,4124,4126,-1,4125,4126,4127,-1,4127,4126,4128,-1,4127,4128,4129,-1,4130,4131,4128,-1,4128,4131,4129,-1,4131,4130,4132,-1,4131,4132,4133,-1,4133,4132,4134,-1,4133,4134,4135,-1,4135,4134,4136,-1,4135,4136,4137,-1,4137,4136,4138,-1,4137,4138,4139,-1,4139,4138,4140,-1,4139,4140,4141,-1,4141,4140,4142,-1,4141,4142,4143,-1,4144,4145,4142,-1,4142,4145,4143,-1,4145,4144,4146,-1,4146,4144,4147,-1,4146,4147,4148,-1,4148,4147,4149,-1,4148,4149,4150,-1,4150,4149,4151,-1,4150,4151,4152,-1,4152,4151,4153,-1,4152,4153,4154,-1,4154,4153,4155,-1,4154,4155,4156,-1,4156,4155,4157,-1,4156,4157,4158,-1,4158,4157,4159,-1,4158,4159,4160,-1,4160,4159,4161,-1,4160,4161,4162,-1,4162,4161,4163,-1,4162,4163,4164,-1,4164,4163,4165,-1,4164,4165,4166,-1,4166,4165,4167,-1,4166,4167,4168,-1,4168,4167,4169,-1,4168,4169,4170,-1,4170,4169,4171,-1,4170,4171,4172,-1,4172,4171,4173,-1,4174,4175,4173,-1,4173,4175,4172,-1,4175,4174,4176,-1,4175,4176,4177,-1,4177,4176,4178,-1,4177,4178,4179,-1,4179,4178,4180,-1,4179,4180,4181,-1,4181,4180,4182,-1,4181,4182,4183,-1,4183,4182,4184,-1,4183,4184,4185,-1,4185,4184,4186,-1,4185,4186,4187,-1,4188,4189,4186,-1,4186,4189,4187,-1,4189,4188,4190,-1,4189,4190,4191,-1,4191,4190,4192,-1,4191,4192,4193,-1,4193,4192,4194,-1,4193,4194,4195,-1,4195,4194,4196,-1,4195,4196,4197,-1,4197,4196,4198,-1,4197,4198,4199,-1,4199,4198,4200,-1,4199,4200,4201,-1,4202,4203,4200,-1,4200,4203,4201,-1,4203,4202,4204,-1,4203,4204,4205,-1,4205,4204,4206,-1,4205,4206,4207,-1,4207,4206,4208,-1,4207,4208,4209,-1,4209,4208,4210,-1,4209,4210,4211,-1,4211,4210,4212,-1,4211,4212,4213,-1,4213,4212,4214,-1,4213,4214,4215,-1,4215,4214,4216,-1,4215,4216,4217,-1,4218,4219,4216,-1,4216,4219,4217,-1,4219,4218,4220,-1,4220,4218,4221,-1,4220,4221,4222,-1,4222,4221,4223,-1,4222,4223,4224,-1,4224,4223,4225,-1,4224,4225,4226,-1,4226,4225,4227,-1,4226,4227,4228,-1,4228,4227,4229,-1,4228,4229,4230,-1,4230,4229,4231,-1,4230,4231,4232,-1,4232,4231,4233,-1,4234,4235,4233,-1,4233,4235,4232,-1,4234,4236,4235,-1,4235,4236,4237,-1,4238,4239,4236,-1,4236,4239,4237,-1,4239,4238,4240,-1,4239,4240,4241,-1,4241,4240,4242,-1,4241,4242,4243,-1,4243,4242,4244,-1,4243,4244,4245,-1,4245,4244,4246,-1,4245,4246,4247,-1,4247,4246,4248,-1,4247,4248,4249,-1,4249,4248,4250,-1,4249,4250,4251,-1,4252,4253,4250,-1,4250,4253,4251,-1,4253,4252,4254,-1,4253,4254,4255,-1,4255,4254,4256,-1,4255,4256,4257,-1,4257,4256,4258,-1,4257,4258,4259,-1,4259,4258,4260,-1,4259,4260,4261,-1,4261,4260,4262,-1,4261,4262,4263,-1,4263,4262,4264,-1,4263,4264,4265,-1,4266,4267,4264,-1,4264,4267,4265,-1,4266,4268,4267,-1,4267,4268,4269,-1,4270,4271,4268,-1,4268,4271,4269,-1,4271,4270,4272,-1,4272,4270,4273,-1,4272,4273,4274,-1,4274,4273,4275,-1,4274,4275,4276,-1,4276,4275,4277,-1,4276,4277,4278,-1,4278,4277,4279,-1,4278,4279,4280,-1,4280,4279,4281,-1,4280,4281,4282,-1,4282,4281,4283,-1,4282,4283,4284,-1,4284,4283,4285,-1,4101,4100,4285,-1,4285,4100,4284,-1,4224,4226,4160,-1,4209,4211,4162,-1,4162,4211,4213,-1,4162,4213,4215,-1,4145,4146,4115,-1,4105,4107,4154,-1,4276,4156,4274,-1,4274,4156,4158,-1,4274,4158,4272,-1,4166,4203,4164,-1,4164,4203,4205,-1,4164,4205,4162,-1,4162,4205,4207,-1,4162,4207,4209,-1,4166,4168,4203,-1,4203,4168,4170,-1,4203,4170,4172,-1,4276,4278,4156,-1,4156,4278,4280,-1,4156,4280,4154,-1,4154,4280,4282,-1,4154,4282,4284,-1,4146,4148,4115,-1,4115,4148,4150,-1,4115,4150,4113,-1,4113,4150,4152,-1,4113,4152,4111,-1,4111,4152,4154,-1,4111,4154,4109,-1,4109,4154,4107,-1,4284,4100,4154,-1,4154,4100,4103,-1,4154,4103,4105,-1,4160,4226,4158,-1,4158,4226,4228,-1,4158,4228,4230,-1,4162,4220,4160,-1,4160,4220,4222,-1,4160,4222,4224,-1,4263,4265,4253,-1,4267,4269,4158,-1,4158,4269,4271,-1,4158,4271,4272,-1,4249,4251,4241,-1,4215,4217,4162,-1,4162,4217,4219,-1,4162,4219,4220,-1,4187,4175,4177,-1,4199,4201,4189,-1,4189,4201,4203,-1,4189,4203,4187,-1,4187,4203,4172,-1,4187,4172,4175,-1,4129,4117,4119,-1,4141,4143,4131,-1,4131,4143,4145,-1,4131,4145,4129,-1,4129,4145,4115,-1,4129,4115,4117,-1,4230,4232,4158,-1,4158,4232,4253,-1,4158,4253,4267,-1,4267,4253,4265,-1,4255,4257,4259,-1,4232,4235,4253,-1,4253,4235,4237,-1,4253,4237,4251,-1,4251,4237,4239,-1,4251,4239,4241,-1,4177,4179,4187,-1,4187,4179,4181,-1,4187,4181,4185,-1,4185,4181,4183,-1,4191,4193,4195,-1,4119,4121,4129,-1,4129,4121,4123,-1,4129,4123,4127,-1,4127,4123,4125,-1,4133,4135,4137,-1,4255,4259,4253,-1,4253,4259,4261,-1,4253,4261,4263,-1,4191,4195,4189,-1,4189,4195,4197,-1,4189,4197,4199,-1,4133,4137,4131,-1,4131,4137,4139,-1,4131,4139,4141,-1,4243,4245,4241,-1,4241,4245,4247,-1,4241,4247,4249,-1,4279,4277,4157,-1,4104,4102,4155,-1,4159,4273,4270,-1,4227,4161,4229,-1,4229,4161,4159,-1,4157,4277,4159,-1,4159,4277,4275,-1,4159,4275,4273,-1,4155,4283,4157,-1,4157,4283,4281,-1,4157,4281,4279,-1,4149,4147,4114,-1,4114,4147,4144,-1,4212,4210,4163,-1,4102,4101,4155,-1,4155,4101,4285,-1,4155,4285,4283,-1,4110,4108,4155,-1,4155,4108,4106,-1,4155,4106,4104,-1,4110,4155,4112,-1,4112,4155,4153,-1,4112,4153,4114,-1,4114,4153,4151,-1,4114,4151,4149,-1,4173,4171,4202,-1,4227,4225,4161,-1,4161,4225,4223,-1,4161,4223,4163,-1,4163,4223,4221,-1,4163,4221,4218,-1,4218,4216,4163,-1,4163,4216,4214,-1,4163,4214,4212,-1,4270,4268,4159,-1,4159,4268,4266,-1,4159,4266,4252,-1,4252,4266,4264,-1,4252,4264,4262,-1,4171,4169,4202,-1,4202,4169,4167,-1,4202,4167,4204,-1,4204,4167,4165,-1,4204,4165,4206,-1,4206,4165,4163,-1,4206,4163,4208,-1,4208,4163,4210,-1,4236,4252,4250,-1,4130,4142,4140,-1,4118,4116,4128,-1,4128,4116,4114,-1,4128,4114,4130,-1,4130,4114,4144,-1,4130,4144,4142,-1,4236,4234,4252,-1,4252,4234,4233,-1,4252,4233,4159,-1,4159,4233,4231,-1,4159,4231,4229,-1,4262,4260,4252,-1,4252,4260,4258,-1,4252,4258,4254,-1,4254,4258,4256,-1,4140,4138,4130,-1,4130,4138,4136,-1,4130,4136,4132,-1,4132,4136,4134,-1,4126,4124,4122,-1,4188,4200,4198,-1,4176,4174,4186,-1,4186,4174,4173,-1,4186,4173,4188,-1,4188,4173,4202,-1,4188,4202,4200,-1,4248,4240,4250,-1,4250,4240,4238,-1,4250,4238,4236,-1,4126,4122,4128,-1,4128,4122,4120,-1,4128,4120,4118,-1,4198,4196,4188,-1,4188,4196,4194,-1,4188,4194,4190,-1,4190,4194,4192,-1,4184,4182,4180,-1,4248,4246,4240,-1,4240,4246,4244,-1,4240,4244,4242,-1,4184,4180,4186,-1,4186,4180,4178,-1,4186,4178,4176,-1,4286,4287,4288,-1,4286,4288,4289,-1,4289,4288,4290,-1,4289,4290,4291,-1,4291,4290,4292,-1,4291,4292,4293,-1,4293,4292,4294,-1,4293,4294,4295,-1,4295,4294,4296,-1,4295,4296,4297,-1,4297,4296,4298,-1,4297,4298,4299,-1,4299,4298,4300,-1,4299,4300,4301,-1,4302,4303,4300,-1,4300,4303,4301,-1,4303,4302,4304,-1,4303,4304,4305,-1,4305,4304,4306,-1,4305,4306,4307,-1,4307,4306,4308,-1,4307,4308,4309,-1,4309,4308,4310,-1,4309,4310,4311,-1,4311,4310,4312,-1,4311,4312,4313,-1,4313,4312,4314,-1,4313,4314,4315,-1,4316,4317,4314,-1,4314,4317,4315,-1,4317,4316,4318,-1,4317,4318,4319,-1,4319,4318,4320,-1,4319,4320,4321,-1,4321,4320,4322,-1,4321,4322,4323,-1,4323,4322,4324,-1,4323,4324,4325,-1,4325,4324,4326,-1,4325,4326,4327,-1,4327,4326,4328,-1,4327,4328,4329,-1,4330,4331,4328,-1,4328,4331,4329,-1,4331,4330,4332,-1,4332,4330,4333,-1,4332,4333,4334,-1,4334,4333,4335,-1,4334,4335,4336,-1,4336,4335,4337,-1,4336,4337,4338,-1,4338,4337,4339,-1,4338,4339,4340,-1,4340,4339,4341,-1,4340,4341,4342,-1,4342,4341,4343,-1,4342,4343,4344,-1,4344,4343,4345,-1,4344,4345,4346,-1,4346,4345,4347,-1,4346,4347,4348,-1,4348,4347,4349,-1,4348,4349,4350,-1,4350,4349,4351,-1,4350,4351,4352,-1,4352,4351,4353,-1,4352,4353,4354,-1,4354,4353,4355,-1,4354,4355,4356,-1,4356,4355,4357,-1,4356,4357,4358,-1,4358,4357,4359,-1,4360,4361,4359,-1,4359,4361,4358,-1,4361,4360,4362,-1,4361,4362,4363,-1,4363,4362,4364,-1,4363,4364,4365,-1,4365,4364,4366,-1,4365,4366,4367,-1,4367,4366,4368,-1,4367,4368,4369,-1,4369,4368,4370,-1,4369,4370,4371,-1,4371,4370,4372,-1,4371,4372,4373,-1,4374,4375,4372,-1,4372,4375,4373,-1,4375,4374,4376,-1,4375,4376,4377,-1,4377,4376,4378,-1,4377,4378,4379,-1,4379,4378,4380,-1,4379,4380,4381,-1,4381,4380,4382,-1,4381,4382,4383,-1,4383,4382,4384,-1,4383,4384,4385,-1,4385,4384,4386,-1,4385,4386,4387,-1,4388,4389,4386,-1,4386,4389,4387,-1,4389,4388,4390,-1,4389,4390,4391,-1,4391,4390,4392,-1,4391,4392,4393,-1,4393,4392,4394,-1,4393,4394,4395,-1,4395,4394,4396,-1,4395,4396,4397,-1,4397,4396,4398,-1,4397,4398,4399,-1,4399,4398,4400,-1,4399,4400,4401,-1,4401,4400,4402,-1,4401,4402,4403,-1,4404,4405,4402,-1,4402,4405,4403,-1,4405,4404,4406,-1,4406,4404,4407,-1,4406,4407,4408,-1,4408,4407,4409,-1,4408,4409,4410,-1,4410,4409,4411,-1,4410,4411,4412,-1,4412,4411,4413,-1,4412,4413,4414,-1,4414,4413,4415,-1,4414,4415,4416,-1,4416,4415,4417,-1,4416,4417,4418,-1,4418,4417,4419,-1,4420,4421,4419,-1,4419,4421,4418,-1,4420,4422,4421,-1,4421,4422,4423,-1,4424,4425,4422,-1,4422,4425,4423,-1,4425,4424,4426,-1,4425,4426,4427,-1,4427,4426,4428,-1,4427,4428,4429,-1,4429,4428,4430,-1,4429,4430,4431,-1,4431,4430,4432,-1,4431,4432,4433,-1,4433,4432,4434,-1,4433,4434,4435,-1,4435,4434,4436,-1,4435,4436,4437,-1,4438,4439,4436,-1,4436,4439,4437,-1,4439,4438,4440,-1,4439,4440,4441,-1,4441,4440,4442,-1,4441,4442,4443,-1,4443,4442,4444,-1,4443,4444,4445,-1,4445,4444,4446,-1,4445,4446,4447,-1,4447,4446,4448,-1,4447,4448,4449,-1,4449,4448,4450,-1,4449,4450,4451,-1,4452,4453,4450,-1,4450,4453,4451,-1,4452,4454,4453,-1,4453,4454,4455,-1,4456,4457,4454,-1,4454,4457,4455,-1,4457,4456,4458,-1,4458,4456,4459,-1,4458,4459,4460,-1,4460,4459,4461,-1,4460,4461,4462,-1,4462,4461,4463,-1,4462,4463,4464,-1,4464,4463,4465,-1,4464,4465,4466,-1,4466,4465,4467,-1,4466,4467,4468,-1,4468,4467,4469,-1,4468,4469,4470,-1,4470,4469,4471,-1,4287,4286,4471,-1,4471,4286,4470,-1,4410,4412,4346,-1,4395,4397,4348,-1,4348,4397,4399,-1,4348,4399,4401,-1,4331,4332,4301,-1,4291,4293,4340,-1,4462,4342,4460,-1,4460,4342,4344,-1,4460,4344,4458,-1,4352,4389,4350,-1,4350,4389,4391,-1,4350,4391,4348,-1,4348,4391,4393,-1,4348,4393,4395,-1,4352,4354,4389,-1,4389,4354,4356,-1,4389,4356,4358,-1,4462,4464,4342,-1,4342,4464,4466,-1,4342,4466,4340,-1,4340,4466,4468,-1,4340,4468,4470,-1,4332,4334,4301,-1,4301,4334,4336,-1,4301,4336,4299,-1,4299,4336,4338,-1,4299,4338,4297,-1,4297,4338,4340,-1,4297,4340,4295,-1,4295,4340,4293,-1,4470,4286,4340,-1,4340,4286,4289,-1,4340,4289,4291,-1,4346,4412,4344,-1,4344,4412,4414,-1,4344,4414,4416,-1,4348,4406,4346,-1,4346,4406,4408,-1,4346,4408,4410,-1,4449,4451,4439,-1,4453,4455,4344,-1,4344,4455,4457,-1,4344,4457,4458,-1,4435,4437,4427,-1,4401,4403,4348,-1,4348,4403,4405,-1,4348,4405,4406,-1,4373,4361,4363,-1,4385,4387,4375,-1,4375,4387,4389,-1,4375,4389,4373,-1,4373,4389,4358,-1,4373,4358,4361,-1,4315,4303,4305,-1,4327,4329,4317,-1,4317,4329,4331,-1,4317,4331,4315,-1,4315,4331,4301,-1,4315,4301,4303,-1,4416,4418,4344,-1,4344,4418,4439,-1,4344,4439,4453,-1,4453,4439,4451,-1,4441,4443,4445,-1,4418,4421,4439,-1,4439,4421,4423,-1,4439,4423,4437,-1,4437,4423,4425,-1,4437,4425,4427,-1,4363,4365,4373,-1,4373,4365,4367,-1,4373,4367,4371,-1,4371,4367,4369,-1,4377,4379,4381,-1,4305,4307,4315,-1,4315,4307,4309,-1,4315,4309,4313,-1,4313,4309,4311,-1,4319,4321,4323,-1,4441,4445,4439,-1,4439,4445,4447,-1,4439,4447,4449,-1,4377,4381,4375,-1,4375,4381,4383,-1,4375,4383,4385,-1,4319,4323,4317,-1,4317,4323,4325,-1,4317,4325,4327,-1,4429,4431,4427,-1,4427,4431,4433,-1,4427,4433,4435,-1,4465,4463,4343,-1,4290,4288,4341,-1,4345,4459,4456,-1,4413,4347,4415,-1,4415,4347,4345,-1,4343,4463,4345,-1,4345,4463,4461,-1,4345,4461,4459,-1,4341,4469,4343,-1,4343,4469,4467,-1,4343,4467,4465,-1,4335,4333,4300,-1,4300,4333,4330,-1,4398,4396,4349,-1,4288,4287,4341,-1,4341,4287,4471,-1,4341,4471,4469,-1,4296,4294,4341,-1,4341,4294,4292,-1,4341,4292,4290,-1,4296,4341,4298,-1,4298,4341,4339,-1,4298,4339,4300,-1,4300,4339,4337,-1,4300,4337,4335,-1,4359,4357,4388,-1,4413,4411,4347,-1,4347,4411,4409,-1,4347,4409,4349,-1,4349,4409,4407,-1,4349,4407,4404,-1,4404,4402,4349,-1,4349,4402,4400,-1,4349,4400,4398,-1,4456,4454,4345,-1,4345,4454,4452,-1,4345,4452,4438,-1,4438,4452,4450,-1,4438,4450,4448,-1,4357,4355,4388,-1,4388,4355,4353,-1,4388,4353,4390,-1,4390,4353,4351,-1,4390,4351,4392,-1,4392,4351,4349,-1,4392,4349,4394,-1,4394,4349,4396,-1,4422,4438,4436,-1,4316,4328,4326,-1,4304,4302,4314,-1,4314,4302,4300,-1,4314,4300,4316,-1,4316,4300,4330,-1,4316,4330,4328,-1,4422,4420,4438,-1,4438,4420,4419,-1,4438,4419,4345,-1,4345,4419,4417,-1,4345,4417,4415,-1,4448,4446,4438,-1,4438,4446,4444,-1,4438,4444,4440,-1,4440,4444,4442,-1,4326,4324,4316,-1,4316,4324,4322,-1,4316,4322,4318,-1,4318,4322,4320,-1,4312,4310,4308,-1,4374,4386,4384,-1,4362,4360,4372,-1,4372,4360,4359,-1,4372,4359,4374,-1,4374,4359,4388,-1,4374,4388,4386,-1,4434,4426,4436,-1,4436,4426,4424,-1,4436,4424,4422,-1,4312,4308,4314,-1,4314,4308,4306,-1,4314,4306,4304,-1,4384,4382,4374,-1,4374,4382,4380,-1,4374,4380,4376,-1,4376,4380,4378,-1,4370,4368,4366,-1,4434,4432,4426,-1,4426,4432,4430,-1,4426,4430,4428,-1,4370,4366,4372,-1,4372,4366,4364,-1,4372,4364,4362,-1,4472,4473,4474,-1,4472,4474,4475,-1,4475,4474,4476,-1,4475,4476,4477,-1,4477,4476,4478,-1,4477,4478,4479,-1,4479,4478,4480,-1,4479,4480,4481,-1,4481,4480,4482,-1,4481,4482,4483,-1,4483,4482,4484,-1,4483,4484,4485,-1,4485,4484,4486,-1,4485,4486,4487,-1,4488,4489,4486,-1,4486,4489,4487,-1,4489,4488,4490,-1,4489,4490,4491,-1,4491,4490,4492,-1,4491,4492,4493,-1,4493,4492,4494,-1,4493,4494,4495,-1,4495,4494,4496,-1,4495,4496,4497,-1,4497,4496,4498,-1,4497,4498,4499,-1,4499,4498,4500,-1,4499,4500,4501,-1,4502,4503,4500,-1,4500,4503,4501,-1,4503,4502,4504,-1,4503,4504,4505,-1,4505,4504,4506,-1,4505,4506,4507,-1,4507,4506,4508,-1,4507,4508,4509,-1,4509,4508,4510,-1,4509,4510,4511,-1,4511,4510,4512,-1,4511,4512,4513,-1,4513,4512,4514,-1,4513,4514,4515,-1,4516,4517,4514,-1,4514,4517,4515,-1,4517,4516,4518,-1,4518,4516,4519,-1,4518,4519,4520,-1,4520,4519,4521,-1,4520,4521,4522,-1,4522,4521,4523,-1,4522,4523,4524,-1,4524,4523,4525,-1,4524,4525,4526,-1,4526,4525,4527,-1,4526,4527,4528,-1,4528,4527,4529,-1,4528,4529,4530,-1,4530,4529,4531,-1,4530,4531,4532,-1,4532,4531,4533,-1,4532,4533,4534,-1,4534,4533,4535,-1,4534,4535,4536,-1,4536,4535,4537,-1,4536,4537,4538,-1,4538,4537,4539,-1,4538,4539,4540,-1,4540,4539,4541,-1,4540,4541,4542,-1,4542,4541,4543,-1,4542,4543,4544,-1,4544,4543,4545,-1,4546,4547,4545,-1,4545,4547,4544,-1,4547,4546,4548,-1,4547,4548,4549,-1,4549,4548,4550,-1,4549,4550,4551,-1,4551,4550,4552,-1,4551,4552,4553,-1,4553,4552,4554,-1,4553,4554,4555,-1,4555,4554,4556,-1,4555,4556,4557,-1,4557,4556,4558,-1,4557,4558,4559,-1,4560,4561,4558,-1,4558,4561,4559,-1,4561,4560,4562,-1,4561,4562,4563,-1,4563,4562,4564,-1,4563,4564,4565,-1,4565,4564,4566,-1,4565,4566,4567,-1,4567,4566,4568,-1,4567,4568,4569,-1,4569,4568,4570,-1,4569,4570,4571,-1,4571,4570,4572,-1,4571,4572,4573,-1,4574,4575,4572,-1,4572,4575,4573,-1,4575,4574,4576,-1,4575,4576,4577,-1,4577,4576,4578,-1,4577,4578,4579,-1,4579,4578,4580,-1,4579,4580,4581,-1,4581,4580,4582,-1,4581,4582,4583,-1,4583,4582,4584,-1,4583,4584,4585,-1,4585,4584,4586,-1,4585,4586,4587,-1,4587,4586,4588,-1,4587,4588,4589,-1,4590,4591,4588,-1,4588,4591,4589,-1,4591,4590,4592,-1,4592,4590,4593,-1,4592,4593,4594,-1,4594,4593,4595,-1,4594,4595,4596,-1,4596,4595,4597,-1,4596,4597,4598,-1,4598,4597,4599,-1,4598,4599,4600,-1,4600,4599,4601,-1,4600,4601,4602,-1,4602,4601,4603,-1,4602,4603,4604,-1,4604,4603,4605,-1,4606,4607,4605,-1,4605,4607,4604,-1,4606,4608,4607,-1,4607,4608,4609,-1,4610,4611,4608,-1,4608,4611,4609,-1,4611,4610,4612,-1,4611,4612,4613,-1,4613,4612,4614,-1,4613,4614,4615,-1,4615,4614,4616,-1,4615,4616,4617,-1,4617,4616,4618,-1,4617,4618,4619,-1,4619,4618,4620,-1,4619,4620,4621,-1,4621,4620,4622,-1,4621,4622,4623,-1,4624,4625,4622,-1,4622,4625,4623,-1,4625,4624,4626,-1,4625,4626,4627,-1,4627,4626,4628,-1,4627,4628,4629,-1,4629,4628,4630,-1,4629,4630,4631,-1,4631,4630,4632,-1,4631,4632,4633,-1,4633,4632,4634,-1,4633,4634,4635,-1,4635,4634,4636,-1,4635,4636,4637,-1,4638,4639,4636,-1,4636,4639,4637,-1,4638,4640,4639,-1,4639,4640,4641,-1,4642,4643,4640,-1,4640,4643,4641,-1,4643,4642,4644,-1,4644,4642,4645,-1,4644,4645,4646,-1,4646,4645,4647,-1,4646,4647,4648,-1,4648,4647,4649,-1,4648,4649,4650,-1,4650,4649,4651,-1,4650,4651,4652,-1,4652,4651,4653,-1,4652,4653,4654,-1,4654,4653,4655,-1,4654,4655,4656,-1,4656,4655,4657,-1,4473,4472,4657,-1,4657,4472,4656,-1,4596,4598,4532,-1,4581,4583,4534,-1,4534,4583,4585,-1,4534,4585,4587,-1,4517,4518,4487,-1,4477,4479,4526,-1,4648,4528,4646,-1,4646,4528,4530,-1,4646,4530,4644,-1,4538,4575,4536,-1,4536,4575,4577,-1,4536,4577,4534,-1,4534,4577,4579,-1,4534,4579,4581,-1,4538,4540,4575,-1,4575,4540,4542,-1,4575,4542,4544,-1,4648,4650,4528,-1,4528,4650,4652,-1,4528,4652,4526,-1,4526,4652,4654,-1,4526,4654,4656,-1,4518,4520,4487,-1,4487,4520,4522,-1,4487,4522,4485,-1,4485,4522,4524,-1,4485,4524,4483,-1,4483,4524,4526,-1,4483,4526,4481,-1,4481,4526,4479,-1,4656,4472,4526,-1,4526,4472,4475,-1,4526,4475,4477,-1,4532,4598,4530,-1,4530,4598,4600,-1,4530,4600,4602,-1,4534,4592,4532,-1,4532,4592,4594,-1,4532,4594,4596,-1,4635,4637,4625,-1,4639,4641,4530,-1,4530,4641,4643,-1,4530,4643,4644,-1,4621,4623,4613,-1,4587,4589,4534,-1,4534,4589,4591,-1,4534,4591,4592,-1,4559,4547,4549,-1,4571,4573,4561,-1,4561,4573,4575,-1,4561,4575,4559,-1,4559,4575,4544,-1,4559,4544,4547,-1,4501,4489,4491,-1,4513,4515,4503,-1,4503,4515,4517,-1,4503,4517,4501,-1,4501,4517,4487,-1,4501,4487,4489,-1,4602,4604,4530,-1,4530,4604,4625,-1,4530,4625,4639,-1,4639,4625,4637,-1,4627,4629,4631,-1,4604,4607,4625,-1,4625,4607,4609,-1,4625,4609,4623,-1,4623,4609,4611,-1,4623,4611,4613,-1,4549,4551,4559,-1,4559,4551,4553,-1,4559,4553,4557,-1,4557,4553,4555,-1,4563,4565,4567,-1,4491,4493,4501,-1,4501,4493,4495,-1,4501,4495,4499,-1,4499,4495,4497,-1,4505,4507,4509,-1,4627,4631,4625,-1,4625,4631,4633,-1,4625,4633,4635,-1,4563,4567,4561,-1,4561,4567,4569,-1,4561,4569,4571,-1,4505,4509,4503,-1,4503,4509,4511,-1,4503,4511,4513,-1,4615,4617,4613,-1,4613,4617,4619,-1,4613,4619,4621,-1,4651,4649,4529,-1,4476,4474,4527,-1,4531,4645,4642,-1,4599,4533,4601,-1,4601,4533,4531,-1,4529,4649,4531,-1,4531,4649,4647,-1,4531,4647,4645,-1,4527,4655,4529,-1,4529,4655,4653,-1,4529,4653,4651,-1,4521,4519,4486,-1,4486,4519,4516,-1,4584,4582,4535,-1,4474,4473,4527,-1,4527,4473,4657,-1,4527,4657,4655,-1,4482,4480,4527,-1,4527,4480,4478,-1,4527,4478,4476,-1,4482,4527,4484,-1,4484,4527,4525,-1,4484,4525,4486,-1,4486,4525,4523,-1,4486,4523,4521,-1,4545,4543,4574,-1,4599,4597,4533,-1,4533,4597,4595,-1,4533,4595,4535,-1,4535,4595,4593,-1,4535,4593,4590,-1,4590,4588,4535,-1,4535,4588,4586,-1,4535,4586,4584,-1,4642,4640,4531,-1,4531,4640,4638,-1,4531,4638,4624,-1,4624,4638,4636,-1,4624,4636,4634,-1,4543,4541,4574,-1,4574,4541,4539,-1,4574,4539,4576,-1,4576,4539,4537,-1,4576,4537,4578,-1,4578,4537,4535,-1,4578,4535,4580,-1,4580,4535,4582,-1,4608,4624,4622,-1,4502,4514,4512,-1,4490,4488,4500,-1,4500,4488,4486,-1,4500,4486,4502,-1,4502,4486,4516,-1,4502,4516,4514,-1,4608,4606,4624,-1,4624,4606,4605,-1,4624,4605,4531,-1,4531,4605,4603,-1,4531,4603,4601,-1,4634,4632,4624,-1,4624,4632,4630,-1,4624,4630,4626,-1,4626,4630,4628,-1,4512,4510,4502,-1,4502,4510,4508,-1,4502,4508,4504,-1,4504,4508,4506,-1,4498,4496,4494,-1,4560,4572,4570,-1,4548,4546,4558,-1,4558,4546,4545,-1,4558,4545,4560,-1,4560,4545,4574,-1,4560,4574,4572,-1,4620,4612,4622,-1,4622,4612,4610,-1,4622,4610,4608,-1,4498,4494,4500,-1,4500,4494,4492,-1,4500,4492,4490,-1,4570,4568,4560,-1,4560,4568,4566,-1,4560,4566,4562,-1,4562,4566,4564,-1,4556,4554,4552,-1,4620,4618,4612,-1,4612,4618,4616,-1,4612,4616,4614,-1,4556,4552,4558,-1,4558,4552,4550,-1,4558,4550,4548,-1,4658,4659,4660,-1,4658,4660,4661,-1,4661,4660,4662,-1,4661,4662,4663,-1,4663,4662,4664,-1,4663,4664,4665,-1,4665,4664,4666,-1,4665,4666,4667,-1,4667,4666,4668,-1,4667,4668,4669,-1,4669,4668,4670,-1,4669,4670,4671,-1,4671,4670,4672,-1,4671,4672,4673,-1,4674,4675,4672,-1,4672,4675,4673,-1,4675,4674,4676,-1,4675,4676,4677,-1,4677,4676,4678,-1,4677,4678,4679,-1,4679,4678,4680,-1,4679,4680,4681,-1,4681,4680,4682,-1,4681,4682,4683,-1,4683,4682,4684,-1,4683,4684,4685,-1,4685,4684,4686,-1,4685,4686,4687,-1,4688,4689,4686,-1,4686,4689,4687,-1,4689,4688,4690,-1,4689,4690,4691,-1,4691,4690,4692,-1,4691,4692,4693,-1,4693,4692,4694,-1,4693,4694,4695,-1,4695,4694,4696,-1,4695,4696,4697,-1,4697,4696,4698,-1,4697,4698,4699,-1,4699,4698,4700,-1,4699,4700,4701,-1,4702,4703,4700,-1,4700,4703,4701,-1,4703,4702,4704,-1,4704,4702,4705,-1,4704,4705,4706,-1,4706,4705,4707,-1,4706,4707,4708,-1,4708,4707,4709,-1,4708,4709,4710,-1,4710,4709,4711,-1,4710,4711,4712,-1,4712,4711,4713,-1,4712,4713,4714,-1,4714,4713,4715,-1,4714,4715,4716,-1,4716,4715,4717,-1,4716,4717,4718,-1,4718,4717,4719,-1,4718,4719,4720,-1,4720,4719,4721,-1,4720,4721,4722,-1,4722,4721,4723,-1,4722,4723,4724,-1,4724,4723,4725,-1,4724,4725,4726,-1,4726,4725,4727,-1,4726,4727,4728,-1,4728,4727,4729,-1,4728,4729,4730,-1,4730,4729,4731,-1,4732,4733,4731,-1,4731,4733,4730,-1,4733,4732,4734,-1,4733,4734,4735,-1,4735,4734,4736,-1,4735,4736,4737,-1,4737,4736,4738,-1,4737,4738,4739,-1,4739,4738,4740,-1,4739,4740,4741,-1,4741,4740,4742,-1,4741,4742,4743,-1,4743,4742,4744,-1,4743,4744,4745,-1,4746,4747,4744,-1,4744,4747,4745,-1,4747,4746,4748,-1,4747,4748,4749,-1,4749,4748,4750,-1,4749,4750,4751,-1,4751,4750,4752,-1,4751,4752,4753,-1,4753,4752,4754,-1,4753,4754,4755,-1,4755,4754,4756,-1,4755,4756,4757,-1,4757,4756,4758,-1,4757,4758,4759,-1,4760,4761,4758,-1,4758,4761,4759,-1,4761,4760,4762,-1,4761,4762,4763,-1,4763,4762,4764,-1,4763,4764,4765,-1,4765,4764,4766,-1,4765,4766,4767,-1,4767,4766,4768,-1,4767,4768,4769,-1,4769,4768,4770,-1,4769,4770,4771,-1,4771,4770,4772,-1,4771,4772,4773,-1,4773,4772,4774,-1,4773,4774,4775,-1,4776,4777,4774,-1,4774,4777,4775,-1,4777,4776,4778,-1,4778,4776,4779,-1,4778,4779,4780,-1,4780,4779,4781,-1,4780,4781,4782,-1,4782,4781,4783,-1,4782,4783,4784,-1,4784,4783,4785,-1,4784,4785,4786,-1,4786,4785,4787,-1,4786,4787,4788,-1,4788,4787,4789,-1,4788,4789,4790,-1,4790,4789,4791,-1,4792,4793,4791,-1,4791,4793,4790,-1,4792,4794,4793,-1,4793,4794,4795,-1,4796,4797,4794,-1,4794,4797,4795,-1,4797,4796,4798,-1,4797,4798,4799,-1,4799,4798,4800,-1,4799,4800,4801,-1,4801,4800,4802,-1,4801,4802,4803,-1,4803,4802,4804,-1,4803,4804,4805,-1,4805,4804,4806,-1,4805,4806,4807,-1,4807,4806,4808,-1,4807,4808,4809,-1,4810,4811,4808,-1,4808,4811,4809,-1,4811,4810,4812,-1,4811,4812,4813,-1,4813,4812,4814,-1,4813,4814,4815,-1,4815,4814,4816,-1,4815,4816,4817,-1,4817,4816,4818,-1,4817,4818,4819,-1,4819,4818,4820,-1,4819,4820,4821,-1,4821,4820,4822,-1,4821,4822,4823,-1,4824,4825,4822,-1,4822,4825,4823,-1,4824,4826,4825,-1,4825,4826,4827,-1,4828,4829,4826,-1,4826,4829,4827,-1,4829,4828,4830,-1,4830,4828,4831,-1,4830,4831,4832,-1,4832,4831,4833,-1,4832,4833,4834,-1,4834,4833,4835,-1,4834,4835,4836,-1,4836,4835,4837,-1,4836,4837,4838,-1,4838,4837,4839,-1,4838,4839,4840,-1,4840,4839,4841,-1,4840,4841,4842,-1,4842,4841,4843,-1,4659,4658,4843,-1,4843,4658,4842,-1,4782,4784,4718,-1,4767,4769,4720,-1,4720,4769,4771,-1,4720,4771,4773,-1,4703,4704,4673,-1,4663,4665,4712,-1,4834,4714,4832,-1,4832,4714,4716,-1,4832,4716,4830,-1,4724,4761,4722,-1,4722,4761,4763,-1,4722,4763,4720,-1,4720,4763,4765,-1,4720,4765,4767,-1,4724,4726,4761,-1,4761,4726,4728,-1,4761,4728,4730,-1,4834,4836,4714,-1,4714,4836,4838,-1,4714,4838,4712,-1,4712,4838,4840,-1,4712,4840,4842,-1,4704,4706,4673,-1,4673,4706,4708,-1,4673,4708,4671,-1,4671,4708,4710,-1,4671,4710,4669,-1,4669,4710,4712,-1,4669,4712,4667,-1,4667,4712,4665,-1,4842,4658,4712,-1,4712,4658,4661,-1,4712,4661,4663,-1,4718,4784,4716,-1,4716,4784,4786,-1,4716,4786,4788,-1,4720,4778,4718,-1,4718,4778,4780,-1,4718,4780,4782,-1,4821,4823,4811,-1,4825,4827,4716,-1,4716,4827,4829,-1,4716,4829,4830,-1,4807,4809,4799,-1,4773,4775,4720,-1,4720,4775,4777,-1,4720,4777,4778,-1,4745,4733,4735,-1,4757,4759,4747,-1,4747,4759,4761,-1,4747,4761,4745,-1,4745,4761,4730,-1,4745,4730,4733,-1,4687,4675,4677,-1,4699,4701,4689,-1,4689,4701,4703,-1,4689,4703,4687,-1,4687,4703,4673,-1,4687,4673,4675,-1,4788,4790,4716,-1,4716,4790,4811,-1,4716,4811,4825,-1,4825,4811,4823,-1,4813,4815,4817,-1,4790,4793,4811,-1,4811,4793,4795,-1,4811,4795,4809,-1,4809,4795,4797,-1,4809,4797,4799,-1,4735,4737,4745,-1,4745,4737,4739,-1,4745,4739,4743,-1,4743,4739,4741,-1,4749,4751,4753,-1,4677,4679,4687,-1,4687,4679,4681,-1,4687,4681,4685,-1,4685,4681,4683,-1,4691,4693,4695,-1,4813,4817,4811,-1,4811,4817,4819,-1,4811,4819,4821,-1,4749,4753,4747,-1,4747,4753,4755,-1,4747,4755,4757,-1,4691,4695,4689,-1,4689,4695,4697,-1,4689,4697,4699,-1,4801,4803,4799,-1,4799,4803,4805,-1,4799,4805,4807,-1,4837,4835,4715,-1,4662,4660,4713,-1,4717,4831,4828,-1,4785,4719,4787,-1,4787,4719,4717,-1,4715,4835,4717,-1,4717,4835,4833,-1,4717,4833,4831,-1,4713,4841,4715,-1,4715,4841,4839,-1,4715,4839,4837,-1,4707,4705,4672,-1,4672,4705,4702,-1,4770,4768,4721,-1,4660,4659,4713,-1,4713,4659,4843,-1,4713,4843,4841,-1,4668,4666,4713,-1,4713,4666,4664,-1,4713,4664,4662,-1,4668,4713,4670,-1,4670,4713,4711,-1,4670,4711,4672,-1,4672,4711,4709,-1,4672,4709,4707,-1,4731,4729,4760,-1,4785,4783,4719,-1,4719,4783,4781,-1,4719,4781,4721,-1,4721,4781,4779,-1,4721,4779,4776,-1,4776,4774,4721,-1,4721,4774,4772,-1,4721,4772,4770,-1,4828,4826,4717,-1,4717,4826,4824,-1,4717,4824,4810,-1,4810,4824,4822,-1,4810,4822,4820,-1,4729,4727,4760,-1,4760,4727,4725,-1,4760,4725,4762,-1,4762,4725,4723,-1,4762,4723,4764,-1,4764,4723,4721,-1,4764,4721,4766,-1,4766,4721,4768,-1,4794,4810,4808,-1,4688,4700,4698,-1,4676,4674,4686,-1,4686,4674,4672,-1,4686,4672,4688,-1,4688,4672,4702,-1,4688,4702,4700,-1,4794,4792,4810,-1,4810,4792,4791,-1,4810,4791,4717,-1,4717,4791,4789,-1,4717,4789,4787,-1,4820,4818,4810,-1,4810,4818,4816,-1,4810,4816,4812,-1,4812,4816,4814,-1,4698,4696,4688,-1,4688,4696,4694,-1,4688,4694,4690,-1,4690,4694,4692,-1,4684,4682,4680,-1,4746,4758,4756,-1,4734,4732,4744,-1,4744,4732,4731,-1,4744,4731,4746,-1,4746,4731,4760,-1,4746,4760,4758,-1,4806,4798,4808,-1,4808,4798,4796,-1,4808,4796,4794,-1,4684,4680,4686,-1,4686,4680,4678,-1,4686,4678,4676,-1,4756,4754,4746,-1,4746,4754,4752,-1,4746,4752,4748,-1,4748,4752,4750,-1,4742,4740,4738,-1,4806,4804,4798,-1,4798,4804,4802,-1,4798,4802,4800,-1,4742,4738,4744,-1,4744,4738,4736,-1,4744,4736,4734,-1,4844,4845,4846,-1,4844,4846,4847,-1,4847,4846,4848,-1,4847,4848,4849,-1,4849,4848,4850,-1,4849,4850,4851,-1,4851,4850,4852,-1,4851,4852,4853,-1,4853,4852,4854,-1,4853,4854,4855,-1,4855,4854,4856,-1,4855,4856,4857,-1,4857,4856,4858,-1,4857,4858,4859,-1,4860,4861,4858,-1,4858,4861,4859,-1,4861,4860,4862,-1,4861,4862,4863,-1,4863,4862,4864,-1,4863,4864,4865,-1,4865,4864,4866,-1,4865,4866,4867,-1,4867,4866,4868,-1,4867,4868,4869,-1,4869,4868,4870,-1,4869,4870,4871,-1,4871,4870,4872,-1,4871,4872,4873,-1,4874,4875,4872,-1,4872,4875,4873,-1,4875,4874,4876,-1,4875,4876,4877,-1,4877,4876,4878,-1,4877,4878,4879,-1,4879,4878,4880,-1,4879,4880,4881,-1,4881,4880,4882,-1,4881,4882,4883,-1,4883,4882,4884,-1,4883,4884,4885,-1,4885,4884,4886,-1,4885,4886,4887,-1,4888,4889,4886,-1,4886,4889,4887,-1,4889,4888,4890,-1,4890,4888,4891,-1,4890,4891,4892,-1,4892,4891,4893,-1,4892,4893,4894,-1,4894,4893,4895,-1,4894,4895,4896,-1,4896,4895,4897,-1,4896,4897,4898,-1,4898,4897,4899,-1,4898,4899,4900,-1,4900,4899,4901,-1,4900,4901,4902,-1,4902,4901,4903,-1,4902,4903,4904,-1,4904,4903,4905,-1,4904,4905,4906,-1,4906,4905,4907,-1,4906,4907,4908,-1,4908,4907,4909,-1,4908,4909,4910,-1,4910,4909,4911,-1,4910,4911,4912,-1,4912,4911,4913,-1,4912,4913,4914,-1,4914,4913,4915,-1,4914,4915,4916,-1,4916,4915,4917,-1,4918,4919,4917,-1,4917,4919,4916,-1,4919,4918,4920,-1,4919,4920,4921,-1,4921,4920,4922,-1,4921,4922,4923,-1,4923,4922,4924,-1,4923,4924,4925,-1,4925,4924,4926,-1,4925,4926,4927,-1,4927,4926,4928,-1,4927,4928,4929,-1,4929,4928,4930,-1,4929,4930,4931,-1,4932,4933,4930,-1,4930,4933,4931,-1,4933,4932,4934,-1,4933,4934,4935,-1,4935,4934,4936,-1,4935,4936,4937,-1,4937,4936,4938,-1,4937,4938,4939,-1,4939,4938,4940,-1,4939,4940,4941,-1,4941,4940,4942,-1,4941,4942,4943,-1,4943,4942,4944,-1,4943,4944,4945,-1,4946,4947,4944,-1,4944,4947,4945,-1,4947,4946,4948,-1,4947,4948,4949,-1,4949,4948,4950,-1,4949,4950,4951,-1,4951,4950,4952,-1,4951,4952,4953,-1,4953,4952,4954,-1,4953,4954,4955,-1,4955,4954,4956,-1,4955,4956,4957,-1,4957,4956,4958,-1,4957,4958,4959,-1,4959,4958,4960,-1,4959,4960,4961,-1,4962,4963,4960,-1,4960,4963,4961,-1,4963,4962,4964,-1,4964,4962,4965,-1,4964,4965,4966,-1,4966,4965,4967,-1,4966,4967,4968,-1,4968,4967,4969,-1,4968,4969,4970,-1,4970,4969,4971,-1,4970,4971,4972,-1,4972,4971,4973,-1,4972,4973,4974,-1,4974,4973,4975,-1,4974,4975,4976,-1,4976,4975,4977,-1,4978,4979,4977,-1,4977,4979,4976,-1,4978,4980,4979,-1,4979,4980,4981,-1,4982,4983,4980,-1,4980,4983,4981,-1,4983,4982,4984,-1,4983,4984,4985,-1,4985,4984,4986,-1,4985,4986,4987,-1,4987,4986,4988,-1,4987,4988,4989,-1,4989,4988,4990,-1,4989,4990,4991,-1,4991,4990,4992,-1,4991,4992,4993,-1,4993,4992,4994,-1,4993,4994,4995,-1,4996,4997,4994,-1,4994,4997,4995,-1,4997,4996,4998,-1,4997,4998,4999,-1,4999,4998,5000,-1,4999,5000,5001,-1,5001,5000,5002,-1,5001,5002,5003,-1,5003,5002,5004,-1,5003,5004,5005,-1,5005,5004,5006,-1,5005,5006,5007,-1,5007,5006,5008,-1,5007,5008,5009,-1,5010,5011,5008,-1,5008,5011,5009,-1,5010,5012,5011,-1,5011,5012,5013,-1,5014,5015,5012,-1,5012,5015,5013,-1,5015,5014,5016,-1,5016,5014,5017,-1,5016,5017,5018,-1,5018,5017,5019,-1,5018,5019,5020,-1,5020,5019,5021,-1,5020,5021,5022,-1,5022,5021,5023,-1,5022,5023,5024,-1,5024,5023,5025,-1,5024,5025,5026,-1,5026,5025,5027,-1,5026,5027,5028,-1,5028,5027,5029,-1,4845,4844,5029,-1,5029,4844,5028,-1,4968,4970,4904,-1,4953,4955,4906,-1,4906,4955,4957,-1,4906,4957,4959,-1,4889,4890,4859,-1,4849,4851,4898,-1,5020,4900,5018,-1,5018,4900,4902,-1,5018,4902,5016,-1,4910,4947,4908,-1,4908,4947,4949,-1,4908,4949,4906,-1,4906,4949,4951,-1,4906,4951,4953,-1,4910,4912,4947,-1,4947,4912,4914,-1,4947,4914,4916,-1,5020,5022,4900,-1,4900,5022,5024,-1,4900,5024,4898,-1,4898,5024,5026,-1,4898,5026,5028,-1,4890,4892,4859,-1,4859,4892,4894,-1,4859,4894,4857,-1,4857,4894,4896,-1,4857,4896,4855,-1,4855,4896,4898,-1,4855,4898,4853,-1,4853,4898,4851,-1,5028,4844,4898,-1,4898,4844,4847,-1,4898,4847,4849,-1,4904,4970,4902,-1,4902,4970,4972,-1,4902,4972,4974,-1,4906,4964,4904,-1,4904,4964,4966,-1,4904,4966,4968,-1,5007,5009,4997,-1,5011,5013,4902,-1,4902,5013,5015,-1,4902,5015,5016,-1,4993,4995,4985,-1,4959,4961,4906,-1,4906,4961,4963,-1,4906,4963,4964,-1,4931,4919,4921,-1,4943,4945,4933,-1,4933,4945,4947,-1,4933,4947,4931,-1,4931,4947,4916,-1,4931,4916,4919,-1,4873,4861,4863,-1,4885,4887,4875,-1,4875,4887,4889,-1,4875,4889,4873,-1,4873,4889,4859,-1,4873,4859,4861,-1,4974,4976,4902,-1,4902,4976,4997,-1,4902,4997,5011,-1,5011,4997,5009,-1,4999,5001,5003,-1,4976,4979,4997,-1,4997,4979,4981,-1,4997,4981,4995,-1,4995,4981,4983,-1,4995,4983,4985,-1,4921,4923,4931,-1,4931,4923,4925,-1,4931,4925,4929,-1,4929,4925,4927,-1,4935,4937,4939,-1,4863,4865,4873,-1,4873,4865,4867,-1,4873,4867,4871,-1,4871,4867,4869,-1,4877,4879,4881,-1,4999,5003,4997,-1,4997,5003,5005,-1,4997,5005,5007,-1,4935,4939,4933,-1,4933,4939,4941,-1,4933,4941,4943,-1,4877,4881,4875,-1,4875,4881,4883,-1,4875,4883,4885,-1,4987,4989,4985,-1,4985,4989,4991,-1,4985,4991,4993,-1,5023,5021,4901,-1,4848,4846,4899,-1,4903,5017,5014,-1,4971,4905,4973,-1,4973,4905,4903,-1,4901,5021,4903,-1,4903,5021,5019,-1,4903,5019,5017,-1,4899,5027,4901,-1,4901,5027,5025,-1,4901,5025,5023,-1,4893,4891,4858,-1,4858,4891,4888,-1,4956,4954,4907,-1,4846,4845,4899,-1,4899,4845,5029,-1,4899,5029,5027,-1,4854,4852,4899,-1,4899,4852,4850,-1,4899,4850,4848,-1,4854,4899,4856,-1,4856,4899,4897,-1,4856,4897,4858,-1,4858,4897,4895,-1,4858,4895,4893,-1,4917,4915,4946,-1,4971,4969,4905,-1,4905,4969,4967,-1,4905,4967,4907,-1,4907,4967,4965,-1,4907,4965,4962,-1,4962,4960,4907,-1,4907,4960,4958,-1,4907,4958,4956,-1,5014,5012,4903,-1,4903,5012,5010,-1,4903,5010,4996,-1,4996,5010,5008,-1,4996,5008,5006,-1,4915,4913,4946,-1,4946,4913,4911,-1,4946,4911,4948,-1,4948,4911,4909,-1,4948,4909,4950,-1,4950,4909,4907,-1,4950,4907,4952,-1,4952,4907,4954,-1,4980,4996,4994,-1,4874,4886,4884,-1,4862,4860,4872,-1,4872,4860,4858,-1,4872,4858,4874,-1,4874,4858,4888,-1,4874,4888,4886,-1,4980,4978,4996,-1,4996,4978,4977,-1,4996,4977,4903,-1,4903,4977,4975,-1,4903,4975,4973,-1,5006,5004,4996,-1,4996,5004,5002,-1,4996,5002,4998,-1,4998,5002,5000,-1,4884,4882,4874,-1,4874,4882,4880,-1,4874,4880,4876,-1,4876,4880,4878,-1,4870,4868,4866,-1,4932,4944,4942,-1,4920,4918,4930,-1,4930,4918,4917,-1,4930,4917,4932,-1,4932,4917,4946,-1,4932,4946,4944,-1,4992,4984,4994,-1,4994,4984,4982,-1,4994,4982,4980,-1,4870,4866,4872,-1,4872,4866,4864,-1,4872,4864,4862,-1,4942,4940,4932,-1,4932,4940,4938,-1,4932,4938,4934,-1,4934,4938,4936,-1,4928,4926,4924,-1,4992,4990,4984,-1,4984,4990,4988,-1,4984,4988,4986,-1,4928,4924,4930,-1,4930,4924,4922,-1,4930,4922,4920,-1,5030,5031,5032,-1,5030,5032,5033,-1,5033,5032,5034,-1,5033,5034,5035,-1,5035,5034,5036,-1,5035,5036,5037,-1,5037,5036,5038,-1,5037,5038,5039,-1,5039,5038,5040,-1,5039,5040,5041,-1,5041,5040,5042,-1,5041,5042,5043,-1,5043,5042,5044,-1,5043,5044,5045,-1,5046,5047,5044,-1,5044,5047,5045,-1,5047,5046,5048,-1,5047,5048,5049,-1,5049,5048,5050,-1,5049,5050,5051,-1,5051,5050,5052,-1,5051,5052,5053,-1,5053,5052,5054,-1,5053,5054,5055,-1,5055,5054,5056,-1,5055,5056,5057,-1,5057,5056,5058,-1,5057,5058,5059,-1,5060,5061,5058,-1,5058,5061,5059,-1,5061,5060,5062,-1,5061,5062,5063,-1,5063,5062,5064,-1,5063,5064,5065,-1,5065,5064,5066,-1,5065,5066,5067,-1,5067,5066,5068,-1,5067,5068,5069,-1,5069,5068,5070,-1,5069,5070,5071,-1,5071,5070,5072,-1,5071,5072,5073,-1,5074,5075,5072,-1,5072,5075,5073,-1,5075,5074,5076,-1,5076,5074,5077,-1,5076,5077,5078,-1,5078,5077,5079,-1,5078,5079,5080,-1,5080,5079,5081,-1,5080,5081,5082,-1,5082,5081,5083,-1,5082,5083,5084,-1,5084,5083,5085,-1,5084,5085,5086,-1,5086,5085,5087,-1,5086,5087,5088,-1,5088,5087,5089,-1,5088,5089,5090,-1,5090,5089,5091,-1,5090,5091,5092,-1,5092,5091,5093,-1,5092,5093,5094,-1,5094,5093,5095,-1,5094,5095,5096,-1,5096,5095,5097,-1,5096,5097,5098,-1,5098,5097,5099,-1,5098,5099,5100,-1,5100,5099,5101,-1,5100,5101,5102,-1,5102,5101,5103,-1,5104,5105,5103,-1,5103,5105,5102,-1,5105,5104,5106,-1,5105,5106,5107,-1,5107,5106,5108,-1,5107,5108,5109,-1,5109,5108,5110,-1,5109,5110,5111,-1,5111,5110,5112,-1,5111,5112,5113,-1,5113,5112,5114,-1,5113,5114,5115,-1,5115,5114,5116,-1,5115,5116,5117,-1,5118,5119,5116,-1,5116,5119,5117,-1,5119,5118,5120,-1,5119,5120,5121,-1,5121,5120,5122,-1,5121,5122,5123,-1,5123,5122,5124,-1,5123,5124,5125,-1,5125,5124,5126,-1,5125,5126,5127,-1,5127,5126,5128,-1,5127,5128,5129,-1,5129,5128,5130,-1,5129,5130,5131,-1,5132,5133,5130,-1,5130,5133,5131,-1,5133,5132,5134,-1,5133,5134,5135,-1,5135,5134,5136,-1,5135,5136,5137,-1,5137,5136,5138,-1,5137,5138,5139,-1,5139,5138,5140,-1,5139,5140,5141,-1,5141,5140,5142,-1,5141,5142,5143,-1,5143,5142,5144,-1,5143,5144,5145,-1,5145,5144,5146,-1,5145,5146,5147,-1,5148,5149,5146,-1,5146,5149,5147,-1,5149,5148,5150,-1,5150,5148,5151,-1,5150,5151,5152,-1,5152,5151,5153,-1,5152,5153,5154,-1,5154,5153,5155,-1,5154,5155,5156,-1,5156,5155,5157,-1,5156,5157,5158,-1,5158,5157,5159,-1,5158,5159,5160,-1,5160,5159,5161,-1,5160,5161,5162,-1,5162,5161,5163,-1,5164,5165,5163,-1,5163,5165,5162,-1,5164,5166,5165,-1,5165,5166,5167,-1,5168,5169,5166,-1,5166,5169,5167,-1,5169,5168,5170,-1,5169,5170,5171,-1,5171,5170,5172,-1,5171,5172,5173,-1,5173,5172,5174,-1,5173,5174,5175,-1,5175,5174,5176,-1,5175,5176,5177,-1,5177,5176,5178,-1,5177,5178,5179,-1,5179,5178,5180,-1,5179,5180,5181,-1,5182,5183,5180,-1,5180,5183,5181,-1,5183,5182,5184,-1,5183,5184,5185,-1,5185,5184,5186,-1,5185,5186,5187,-1,5187,5186,5188,-1,5187,5188,5189,-1,5189,5188,5190,-1,5189,5190,5191,-1,5191,5190,5192,-1,5191,5192,5193,-1,5193,5192,5194,-1,5193,5194,5195,-1,5196,5197,5194,-1,5194,5197,5195,-1,5196,5198,5197,-1,5197,5198,5199,-1,5200,5201,5198,-1,5198,5201,5199,-1,5201,5200,5202,-1,5202,5200,5203,-1,5202,5203,5204,-1,5204,5203,5205,-1,5204,5205,5206,-1,5206,5205,5207,-1,5206,5207,5208,-1,5208,5207,5209,-1,5208,5209,5210,-1,5210,5209,5211,-1,5210,5211,5212,-1,5212,5211,5213,-1,5212,5213,5214,-1,5214,5213,5215,-1,5031,5030,5215,-1,5215,5030,5214,-1,5154,5156,5090,-1,5139,5141,5092,-1,5092,5141,5143,-1,5092,5143,5145,-1,5075,5076,5045,-1,5035,5037,5084,-1,5206,5086,5204,-1,5204,5086,5088,-1,5204,5088,5202,-1,5096,5133,5094,-1,5094,5133,5135,-1,5094,5135,5092,-1,5092,5135,5137,-1,5092,5137,5139,-1,5096,5098,5133,-1,5133,5098,5100,-1,5133,5100,5102,-1,5206,5208,5086,-1,5086,5208,5210,-1,5086,5210,5084,-1,5084,5210,5212,-1,5084,5212,5214,-1,5076,5078,5045,-1,5045,5078,5080,-1,5045,5080,5043,-1,5043,5080,5082,-1,5043,5082,5041,-1,5041,5082,5084,-1,5041,5084,5039,-1,5039,5084,5037,-1,5214,5030,5084,-1,5084,5030,5033,-1,5084,5033,5035,-1,5090,5156,5088,-1,5088,5156,5158,-1,5088,5158,5160,-1,5092,5150,5090,-1,5090,5150,5152,-1,5090,5152,5154,-1,5193,5195,5183,-1,5197,5199,5088,-1,5088,5199,5201,-1,5088,5201,5202,-1,5179,5181,5171,-1,5145,5147,5092,-1,5092,5147,5149,-1,5092,5149,5150,-1,5117,5105,5107,-1,5129,5131,5119,-1,5119,5131,5133,-1,5119,5133,5117,-1,5117,5133,5102,-1,5117,5102,5105,-1,5059,5047,5049,-1,5071,5073,5061,-1,5061,5073,5075,-1,5061,5075,5059,-1,5059,5075,5045,-1,5059,5045,5047,-1,5160,5162,5088,-1,5088,5162,5183,-1,5088,5183,5197,-1,5197,5183,5195,-1,5185,5187,5189,-1,5162,5165,5183,-1,5183,5165,5167,-1,5183,5167,5181,-1,5181,5167,5169,-1,5181,5169,5171,-1,5107,5109,5117,-1,5117,5109,5111,-1,5117,5111,5115,-1,5115,5111,5113,-1,5121,5123,5125,-1,5049,5051,5059,-1,5059,5051,5053,-1,5059,5053,5057,-1,5057,5053,5055,-1,5063,5065,5067,-1,5185,5189,5183,-1,5183,5189,5191,-1,5183,5191,5193,-1,5121,5125,5119,-1,5119,5125,5127,-1,5119,5127,5129,-1,5063,5067,5061,-1,5061,5067,5069,-1,5061,5069,5071,-1,5173,5175,5171,-1,5171,5175,5177,-1,5171,5177,5179,-1,5209,5207,5087,-1,5034,5032,5085,-1,5089,5203,5200,-1,5157,5091,5159,-1,5159,5091,5089,-1,5087,5207,5089,-1,5089,5207,5205,-1,5089,5205,5203,-1,5085,5213,5087,-1,5087,5213,5211,-1,5087,5211,5209,-1,5079,5077,5044,-1,5044,5077,5074,-1,5142,5140,5093,-1,5032,5031,5085,-1,5085,5031,5215,-1,5085,5215,5213,-1,5040,5038,5085,-1,5085,5038,5036,-1,5085,5036,5034,-1,5040,5085,5042,-1,5042,5085,5083,-1,5042,5083,5044,-1,5044,5083,5081,-1,5044,5081,5079,-1,5103,5101,5132,-1,5157,5155,5091,-1,5091,5155,5153,-1,5091,5153,5093,-1,5093,5153,5151,-1,5093,5151,5148,-1,5148,5146,5093,-1,5093,5146,5144,-1,5093,5144,5142,-1,5200,5198,5089,-1,5089,5198,5196,-1,5089,5196,5182,-1,5182,5196,5194,-1,5182,5194,5192,-1,5101,5099,5132,-1,5132,5099,5097,-1,5132,5097,5134,-1,5134,5097,5095,-1,5134,5095,5136,-1,5136,5095,5093,-1,5136,5093,5138,-1,5138,5093,5140,-1,5166,5182,5180,-1,5060,5072,5070,-1,5048,5046,5058,-1,5058,5046,5044,-1,5058,5044,5060,-1,5060,5044,5074,-1,5060,5074,5072,-1,5166,5164,5182,-1,5182,5164,5163,-1,5182,5163,5089,-1,5089,5163,5161,-1,5089,5161,5159,-1,5192,5190,5182,-1,5182,5190,5188,-1,5182,5188,5184,-1,5184,5188,5186,-1,5070,5068,5060,-1,5060,5068,5066,-1,5060,5066,5062,-1,5062,5066,5064,-1,5056,5054,5052,-1,5118,5130,5128,-1,5106,5104,5116,-1,5116,5104,5103,-1,5116,5103,5118,-1,5118,5103,5132,-1,5118,5132,5130,-1,5178,5170,5180,-1,5180,5170,5168,-1,5180,5168,5166,-1,5056,5052,5058,-1,5058,5052,5050,-1,5058,5050,5048,-1,5128,5126,5118,-1,5118,5126,5124,-1,5118,5124,5120,-1,5120,5124,5122,-1,5114,5112,5110,-1,5178,5176,5170,-1,5170,5176,5174,-1,5170,5174,5172,-1,5114,5110,5116,-1,5116,5110,5108,-1,5116,5108,5106,-1,
        ]
    }
}